﻿<?xml version="1.0" encoding="utf-8"?>
<CatapultGlobalSkinCache SavedSource="file:///P:/Doc Projects/Dartware/Flare-InterMapper/InterMapper Developer Guide/Output/Bob Merrill/Temporary/GlobalSkinSet v.1.xml">
    <Map>
        <Tag Name="ToolbarItem">
            <Class Name="Logo" />
            <Class Name="AccordionTitle" />
            <Class Name="QuickSearch" />
            <Class Name="ExpandAll" />
            <Class Name="CollapseAll" />
            <Class Name="RemoveHighlight" />
            <Class Name="Print" />
            <Class Name="ToggleNavigationPane" />
            <Class Name="Back" />
            <Class Name="Forward" />
            <Class Name="Home" />
            <Class Name="Stop" />
            <Class Name="Refresh" />
            <Class Name="SelectTOC" />
            <Class Name="SelectIndex" />
            <Class Name="SelectSearch" />
            <Class Name="SelectFavorites" />
            <Class Name="SelectGlossary" />
            <Class Name="SelectBrowseSequence" />
            <Class Name="SelectTopicComments" />
            <Class Name="SelectRecentComments" />
            <Class Name="AddTopicToFavorites" />
            <Class Name="TopicRatings" />
            <Class Name="EditUserProfile" />
            <Class Name="PreviousTopic" />
            <Class Name="NextTopic" />
            <Class Name="CurrentTopicIndex" />
            <Class Name="Separator" />
        </Tag>
        <Tag Name="Formats" />
        <Tag Name="Relationships">
            <Class Name="concept" />
            <Class Name="task" />
            <Class Name="reference" />
        </Tag>
        <Tag Name="TocEntry" />
        <Tag Name="IndexEntry" />
        <Tag Name="IndexEntryPopup" />
        <Tag Name="AccordionItem">
            <Class Name="IconTray" />
            <Class Name="TOC" />
            <Class Name="Index" />
            <Class Name="Favorites" />
            <Class Name="Glossary" />
            <Class Name="BrowseSequence" />
            <Class Name="Search" />
            <Class Name="TopicComments" />
            <Class Name="RecentComments" />
        </Tag>
        <Tag Name="FeedbackUserProfileItem">
            <Class Name="Username" />
            <Class Name="EmailAddress" />
            <Class Name="FirstName" />
            <Class Name="MiddleName" />
            <Class Name="LastName" />
            <Class Name="Address1" />
            <Class Name="Address2" />
            <Class Name="Address3" />
            <Class Name="Address4" />
            <Class Name="City" />
            <Class Name="State" />
            <Class Name="PostalCode" />
            <Class Name="Country" />
            <Class Name="Gender" />
            <Class Name="Phone1" />
            <Class Name="Phone2" />
            <Class Name="Phone3" />
            <Class Name="Fax" />
            <Class Name="Birthdate" />
            <Class Name="Date" />
            <Class Name="Employer" />
            <Class Name="Occupation" />
            <Class Name="Department" />
            <Class Name="Custom1" />
            <Class Name="Custom2" />
            <Class Name="Custom3" />
            <Class Name="Custom4" />
            <Class Name="Custom5" />
            <Class Name="Custom6" />
            <Class Name="Custom7" />
            <Class Name="Custom8" />
            <Class Name="Custom9" />
            <Class Name="Custom10" />
        </Tag>
        <Tag Name="Frame">
            <Class Name="Toolbar" />
            <Class Name="TopicToolbar" />
            <Class Name="NavigationTopDivider" />
            <Class Name="NavigationDragHandle" />
            <Class Name="AccordionTOC" />
            <Class Name="AccordionIndex" />
            <Class Name="AccordionSearch" />
            <Class Name="AccordionGlossary" />
            <Class Name="AccordionFavorites" />
            <Class Name="AccordionBrowseSequence" />
            <Class Name="AccordionTopicComments" />
            <Class Name="AccordionRecentComments" />
            <Class Name="BodyComments" />
            <Class Name="RecentComments" />
        </Tag>
        <Tag Name="Control">
            <Class Name="SearchButton" />
            <Class Name="SearchBox" />
            <Class Name="SearchFiltersLabel" />
            <Class Name="SearchUnfilteredLabel" />
            <Class Name="SearchFavoritesLabel" />
            <Class Name="TopicFavoritesLabel" />
            <Class Name="SearchFavoritesDeleteButton" />
            <Class Name="TopicFavoritesDeleteButton" />
            <Class Name="EmptySearchFavoritesLabel" />
            <Class Name="EmptyTopicFavoritesLabel" />
            <Class Name="AddSearchToFavoritesButton" />
            <Class Name="IndexSearchBox" />
            <Class Name="SearchResults" />
            <Class Name="Messages" />
            <Class Name="CommentsAddButton" />
            <Class Name="CommentsReplyButton" />
            <Class Name="CommentsRefreshButton" />
            <Class Name="CommentNode" />
            <Class Name="CommentReplyNode" />
            <Class Name="NavigationLinkTop" />
            <Class Name="NavigationLinkBottom" />
        </Tag>
        <Tag Name="Dialog">
            <Class Name="Rating" />
            <Class Name="AddComment" />
            <Class Name="ReplyComment" />
            <Class Name="RegisterUser" />
        </Tag>
    </Map>
    <SourceUrls>
        <Url Source="../Project/Skins/NewWindow.flskn" />
        <Url Source="file:///C:/Program Files/MadCap Software/MadCap Flare V5/Flare.app/Resources/Stylesheets/MasterSkin.xmlstylesdef" />
    </SourceUrls>
</CatapultGlobalSkinCache>