﻿<?xml version="1.0" encoding="utf-8"?>
<CatapultGlobalStyleCache SavedSource="file:///N:/Projects/Doc Projects/Dartware/Flare-InterMapper/InterMapper Developer Guide/Output/Bob Merrill/Temporary/GlobalStyleSet v.2.xml">
    <Media>
        <Medium Name="print" />
        <Medium Name="non-print" />
    </Media>
    <Map>
        <Tag Name="body" />
        <Tag Name="LI">
            <Class Name="kadov-Cpagewidth" />
            <Class Name="kadov-p" />
            <Class Name="kadov-h1" />
            <Class Name="kadov-h2" />
            <Class Name="kadov-h3" />
            <Class Name="kadov-h4" />
            <Class Name="kadov-Cnewstext" />
            <Class Name="kadov-Cnav" />
            <Class Name="kadov-p-Ccode" />
            <Class Name="kadov-Cfloatright" />
            <Class Name="kadov-Cfloatleft" />
            <Class Name="kadov-p-Cdd" />
            <Class Name="kadov-P-Cdt" />
            <Class Name="pagebreakbefore" />
        </Tag>
        <Tag Name="td">
            <Class Name="yellow" />
            <Class Name="priceform" />
            <Class Name="code" />
            <Class Name="fieldname" />
            <Class Name="p" />
            <Class Name="pagebreakbefore" />
        </Tag>
        <Tag Name="p">
            <Class Name="h1" />
            <Class Name="h2" />
            <Class Name="h3" />
            <Class Name="code" />
            <Class Name="dd" />
            <Class Name="dt" />
            <Class Name="licensetext" />
            <Class Name="TOC1" />
            <Class Name="TOC2" />
            <Class Name="pagebreakafter" />
            <Class Name="td" />
            <Class Name="indent" />
            <Class Name="pagebreakbefore" />
            <Class Name="codeindent" />
            <Class Name="IndexHeading" />
            <Class Name="titlepagetext" />
            <Class Name="TableofContentsPageTitle" />
            <Class Name="p_1" />
            <Class Name="p_2" />
            <Class Name="p_3" />
            <Class Name="MiniTOC1" />
            <Class Name="MiniTOC2" />
            <Class Name="MiniTOC3" />
            <Class Name="MiniTOC4" />
            <Class Name="MiniTOC5" />
            <Class Name="MiniTOC6" />
            <Class Name="MiniTOC7" />
            <Class Name="MiniTOC8" />
            <Class Name="MiniTOC9" />
            <Class Name="TOC3" />
            <Class Name="TOC4" />
            <Class Name="TOC5" />
            <Class Name="TOC6" />
            <Class Name="TOC7" />
            <Class Name="TOC8" />
            <Class Name="TOC9" />
            <Class Name="Index1" />
            <Class Name="Index2" />
            <Class Name="Index3" />
            <Class Name="Index4" />
            <Class Name="Index5" />
            <Class Name="Index6" />
            <Class Name="Index7" />
            <Class Name="Index8" />
            <Class Name="Index9" />
            <Class Name="Concept" />
            <Class Name="ConceptContext" />
            <Class Name="ListOf" />
        </Tag>
        <Tag Name="h1">
            <Class Name="PageBreakBefore" />
            <Class Name="Heading1" />
            <Class Name="L2nopagebreak" />
            <Class Name="L2" />
            <Class Name="L3" />
            <Class Name="L2pagebreakbefore" />
            <Class Name="L2pagebreak" />
        </Tag>
        <Tag Name="h2">
            <Class Name="pagebreakbefore" />
            <Class Name="L2" />
        </Tag>
        <Tag Name="h3">
            <Class Name="pagebreakbefore" />
        </Tag>
        <Tag Name="dl" />
        <Tag Name="h4">
            <Class Name="clearnone" />
        </Tag>
        <Tag Name="h5" />
        <Tag Name="a">
            <Class Name="header" />
            <Class Name="dt" />
            <Class Name="GlossaryPageTerm" />
            <Class Name="MCBreadcrumbsLink" />
            <Class Name="Popup" />
        </Tag>
        <Tag Name="th" />
        <Tag Name="dd">
            <Class Name="logmsg" />
        </Tag>
        <Tag Name="SPAN">
            <Class Name="Keyboard" />
        </Tag>
        <Tag Name="ol" />
        <Tag Name="ul" />
        <Tag Name="table">
            <Class Name="fieldtable" />
        </Tag>
        <Tag Name="h6" />
        <Tag Name="bodyProxy" />
        <Tag Name="tr">
            <Class Name="pagebreakbefore" />
        </Tag>
        <Tag Name="o" />
        <Tag Name="breadcrumbsProxy">
            <Class Name="dartware" />
        </Tag>
        <Tag Name="div">
            <Class Name="dartware_toclink" />
            <Class Name="dartware_toclink_visible" />
            <Class Name="GlossaryPageEntry" />
            <Class Name="GlossaryPageTerm" />
            <Class Name="GlossaryPageDefinition" />
            <Class Name="GlossaryPageHeading" />
        </Tag>
        <Tag Name="pre">
            <Class Name="code" />
        </Tag>
        <Tag Name="code" />
        <Tag Name="li">
            <Class Name="pagebreakbefore" />
        </Tag>
        <Tag Name="MadCap|bodyProxy" />
        <Tag Name="MadCap|xref">
            <Class Name="TOCPageNumber" />
            <Class Name="ConceptPageNumber" />
            <Class Name="IndexPageNumber" />
            <Class Name="ListOfPageNumber" />
        </Tag>
        <Tag Name="dt" />
        <Tag Name="MadCap|indexProxy" />
        <Tag Name="MadCap|breadcrumbsProxy">
            <Class Name="dartware" />
        </Tag>
        <Tag Name="span">
            <Class Name="span_1" />
            <Class Name="SeeAlsoIndex" />
            <Class Name="SeeAlsoIndexTerms" />
            <Class Name="SeeIndex" />
            <Class Name="SeeIndexTerms" />
            <Class Name="boolean" />
            <Class Name="state" />
            <Class Name="code" />
            <Class Name="Keyboard" />
        </Tag>
        <Tag Name="madcapEditorBehavior" />
        <Tag Name="select" />
        <Tag Name="input" />
        <Tag Name="textarea" />
        <Tag Name="img" />
        <Tag Name="object" />
        <Tag Name="script" />
        <Tag Name="hr" />
        <Tag Name="html">
            <Class Name="task" />
            <Class Name="concept" />
            <Class Name="reference" />
            <Class Name="topic" />
        </Tag>
        <Tag Name="thead" />
        <Tag Name="tbody" />
        <Tag Name="tfoot" />
        <Tag Name="caption" />
        <Tag Name="address" />
        <Tag Name="blockquote" />
        <Tag Name="center" />
        <Tag Name="menu" />
        <Tag Name="dir" />
        <Tag Name="abbr" />
        <Tag Name="acronym" />
        <Tag Name="b" />
        <Tag Name="big" />
        <Tag Name="cite" />
        <Tag Name="del" />
        <Tag Name="em" />
        <Tag Name="i" />
        <Tag Name="ins" />
        <Tag Name="kbd" />
        <Tag Name="small" />
        <Tag Name="u" />
        <Tag Name="samp" />
        <Tag Name="strike" />
        <Tag Name="strong" />
        <Tag Name="sup" />
        <Tag Name="sub" />
        <Tag Name="tt" />
        <Tag Name="var" />
        <Tag Name="col" />
        <Tag Name="map" />
        <Tag Name="area" />
        <Tag Name="head" />
        <Tag Name="style" />
        <Tag Name="fieldset" />
        <Tag Name="form" />
        <Tag Name="frame" />
        <Tag Name="frameset" />
        <Tag Name="noframes" />
        <Tag Name="colgroup" />
        <Tag Name="button" />
        <Tag Name="s" />
        <Tag Name="br" />
        <Tag Name="MadCap|keyword" />
        <Tag Name="MadCap|concept" />
        <Tag Name="MadCap|variable" />
        <Tag Name="MadCap|topicToolbarProxy" />
        <Tag Name="MadCap|miniTocProxy" />
        <Tag Name="MadCap|tocProxy" />
        <Tag Name="MadCap|listOfProxy" />
        <Tag Name="MadCap|conceptsProxy" />
        <Tag Name="MadCap|glossaryProxy" />
        <Tag Name="MadCap|relationshipsProxy" />
        <Tag Name="MadCap|relationshipsHeading">
            <Class Name="concept" />
            <Class Name="task" />
            <Class Name="reference" />
        </Tag>
        <Tag Name="MadCap|relationshipsItem" />
        <Tag Name="MadCap|endnotesProxy" />
        <Tag Name="MadCap|snippetText" />
        <Tag Name="MadCap|snippetBlock" />
        <Tag Name="MadCap|conditionalText" />
        <Tag Name="MadCap|section" />
        <Tag Name="MadCap|footnotesBlock" />
        <Tag Name="MadCap|footnoteBlock" />
        <Tag Name="MadCap|endnotesBlock" />
        <Tag Name="MadCap|endnoteBlock" />
        <Tag Name="MadCap|footnote" />
        <Tag Name="MadCap|conceptLink" />
        <Tag Name="MadCap|keywordLink" />
        <Tag Name="MadCap|relatedTopics" />
        <Tag Name="MadCap|glossaryTerm">
            <Class Name="Expanding" />
            <Class Name="Popup" />
            <Class Name="Hyperlink" />
        </Tag>
        <Tag Name="MadCap|annotation" />
        <Tag Name="MadCap|dropDown" />
        <Tag Name="MadCap|dropDownHead" />
        <Tag Name="MadCap|dropDownHotspot" />
        <Tag Name="MadCap|dropDownBody" />
        <Tag Name="MadCap|expanding" />
        <Tag Name="MadCap|expandingHead" />
        <Tag Name="MadCap|expandingBody" />
        <Tag Name="MadCap|toggler" />
        <Tag Name="MadCap|popup" />
        <Tag Name="MadCap|popupHead" />
        <Tag Name="MadCap|popupBody" />
        <Tag Name="MadCap|shortcut" />
        <Tag Name="MadCap|helpControlMenu" />
        <Tag Name="MadCap|helpControlMenuItem">
            <Class Name="Highlighted" />
        </Tag>
        <Tag Name="MadCap|pageHeader">
            <Class Name="OddPage" />
            <Class Name="EvenPage" />
            <Class Name="FirstPage" />
        </Tag>
        <Tag Name="MadCap|pageFooter">
            <Class Name="OddPage" />
            <Class Name="EvenPage" />
            <Class Name="FirstPage" />
        </Tag>
    </Map>
    <SourceUrls>
        <Url Source="OLDdefault.css" />
        <Url Source="Resources/default.css" />
        <Url Source="Resources/Stylesheets/NewImport.css" />
        <Url Source="file:///C:/Program Files/MadCap Software/MadCap Flare V5/Flare.app/Resources/Schemas/xhtml.css" />
        <Url Source="file:///C:/Program Files/MadCap Software/MadCap Flare V5/Flare.app/Resources/Schemas/MadCapEditor.css" />
        <Url Source="file:///C:/Program Files/MadCap Software/MadCap Flare V5/Flare.app/Resources/Schemas/MadCapEditorFlare.css" />
    </SourceUrls>
</CatapultGlobalStyleCache>