<?xml version="1.0" encoding="utf-8"?><CatapultTargetIndex><IndexEntry><Entries><IndexEntry Term="${bodytext}"><Entries /><Links><IndexLink Title="Macro Reference" Link="/Content/03-CustomWebPages/macros.htm#kanchor718" UsedConditions="" LocalConditions="" /></Links><SeeAlsoLinks /><IndexControlLinks /><SortAsLinks /></IndexEntry><IndexEntry Term="Abs"><Entries /><Links><IndexLink Title="Probe Calculations" Link="/Content/02-CustomProbes/probecalculations.htm#kanchor235" UsedConditions="" LocalConditions="" /></Links><SeeAlsoLinks /><IndexControlLinks /><SortAsLinks /></IndexEntry><IndexEntry Term="Acknowledgements"><Entries /><Links><IndexLink Title="Software License Agreement" Link="/Content/01-Preface/warranty.html#kanchor2" UsedConditions="" LocalConditions="" /></Links><SeeAlsoLinks /><IndexControlLinks /><SortAsLinks /></IndexEntry><IndexEntry Term="Add"><Entries><IndexEntry Term="Comments"><Entries /><Links><IndexLink Title="The &lt;script&gt; Section" Link="/Content/02-CustomProbes/language.html#kanchor307" UsedConditions="" LocalConditions="" /></Links><SeeAlsoLinks /><IndexControlLinks /><SortAsLinks /></IndexEntry></Entries><Links><IndexLink Title="The &lt;script&gt; Section" Link="/Content/02-CustomProbes/language.html#kanchor307" UsedConditions="" LocalConditions="" /></Links><SeeAlsoLinks /><IndexControlLinks /><SortAsLinks /></IndexEntry><IndexEntry Term="Addition, Subtraction"><Entries /><Links><IndexLink Title="Probe Calculations" Link="/Content/02-CustomProbes/probecalculations.htm#kanchor230" UsedConditions="" LocalConditions="" /></Links><SeeAlsoLinks /><IndexControlLinks /><SortAsLinks /></IndexEntry><IndexEntry Term="ADDRESS"><Entries /><Links><IndexLink Title="Nagios Plugins" Link="/Content/02-CustomProbes/nagios.htm#kanchor576" UsedConditions="" LocalConditions="" /></Links><SeeAlsoLinks /><IndexControlLinks /><SortAsLinks /></IndexEntry><IndexEntry Term="Address_type"><Entries /><Links><IndexLink Title="The &lt;header&gt; Section" Link="/Content/02-CustomProbes/header.html#kanchor53" UsedConditions="" LocalConditions="" /><IndexLink Title="Example TCP Probe File" Link="/Content/02-CustomProbes/tcpexample.html#kanchor505" UsedConditions="" LocalConditions="" /></Links><SeeAlsoLinks /><IndexControlLinks /><SortAsLinks /></IndexEntry><IndexEntry Term="Admin"><Entries /><Links><IndexLink Title="Macro Reference" Link="/Content/03-CustomWebPages/macros.htm#kanchor719" UsedConditions="" LocalConditions="" /></Links><SeeAlsoLinks /><IndexControlLinks /><SortAsLinks /></IndexEntry><IndexEntry Term="Admin/!index.html"><Entries /><Links><IndexLink Title="Folder Structure" Link="/Content/03-CustomWebPages/folders.html#kanchor787" UsedConditions="" LocalConditions="" /></Links><SeeAlsoLinks /><IndexControlLinks /><SortAsLinks /></IndexEntry><IndexEntry Term="AdminHTML"><Entries /><Links><IndexLink Title="Folder Structure" Link="/Content/03-CustomWebPages/folders.html#kanchor777" UsedConditions="" LocalConditions="" /></Links><SeeAlsoLinks /><IndexControlLinks /><SortAsLinks /></IndexEntry><IndexEntry Term="Administrators"><Entries /><Links><IndexLink Title="Customizing Web Pages" Link="/Content/03-CustomWebPages/customizingwebpages.html#kanchor658" UsedConditions="" LocalConditions="" /></Links><SeeAlsoLinks /><IndexControlLinks /><SortAsLinks /></IndexEntry><IndexEntry Term="Agreement"><Entries /><Links><IndexLink Title="Software License Agreement" Link="/Content/01-Preface/warranty.html#kanchor4" UsedConditions="" LocalConditions="" /></Links><SeeAlsoLinks /><IndexControlLinks /><SortAsLinks /></IndexEntry><IndexEntry Term="ALARM"><Entries /><Links><IndexLink Title="The &lt;script&gt; Section" Link="/Content/02-CustomProbes/language.html#kanchor314" UsedConditions="" LocalConditions="" /><IndexLink Title="TCP Probe Command Reference" Link="/Content/02-CustomProbes/commandref.html#kanchor446" UsedConditions="" LocalConditions="" /></Links><SeeAlsoLinks /><IndexControlLinks /><SortAsLinks /></IndexEntry><IndexEntry Term="Alarm Point"><Entries /><Links><IndexLink Title="The &lt;snmp-device-alarmpoints&gt; Section" Link="/Content/02-CustomProbes/snmp-device-alarmpoints.htm#kanchor191" UsedConditions="" LocalConditions="" /><IndexLink Title="Alarm Point File Format" Link="/Content/02-CustomProbes/alarmpointformat.htm#kanchor193" UsedConditions="" LocalConditions="" /><IndexLink Title="Alarm Point Notifier List" Link="/Content/02-CustomProbes/alarmpointnotifiers.htm#kanchor194" UsedConditions="" LocalConditions="" /></Links><SeeAlsoLinks /><IndexControlLinks /><SortAsLinks /></IndexEntry><IndexEntry Term="Alarm/warning"><Entries /><Links><IndexLink Title="The &lt;parameters&gt; Section" Link="/Content/02-CustomProbes/parameters.html#kanchor95" UsedConditions="" LocalConditions="" /></Links><SeeAlsoLinks /><IndexControlLinks /><SortAsLinks /></IndexEntry><IndexEntry Term="Alert"><Entries /><Links><IndexLink Title="Anatomy of a Probe" Link="/Content/02-CustomProbes/Anatomy_of_a_Probe.htm#kanchor35" UsedConditions="" LocalConditions="" /></Links><SeeAlsoLinks /><IndexControlLinks /><SortAsLinks /></IndexEntry><IndexEntry Term="ALRM"><Entries /><Links><IndexLink Title="TCP Probe Command Reference" Link="/Content/02-CustomProbes/commandref.html#kanchor438" UsedConditions="" LocalConditions="" /></Links><SeeAlsoLinks /><IndexControlLinks /><SortAsLinks /></IndexEntry><IndexEntry Term="ALRM Response"><Entries /><Links><IndexLink Title="Example TCP Probe File" Link="/Content/02-CustomProbes/tcpexample.html#kanchor520" UsedConditions="" LocalConditions="" /></Links><SeeAlsoLinks /><IndexControlLinks /><SortAsLinks /></IndexEntry><IndexEntry Term="Alt_title"><Entries /><Links><IndexLink Title="Directives" Link="/Content/03-CustomWebPages/directives.html#kanchor700" UsedConditions="" LocalConditions="" /><IndexLink Title="Quoted Links" Link="/Content/03-CustomWebPages/quotedlinks.html#kanchor709" UsedConditions="" LocalConditions="" /></Links><SeeAlsoLinks /><IndexControlLinks /><SortAsLinks /></IndexEntry><IndexEntry Term="anchor"><Entries /><Links><IndexLink Title="Macro Reference" Link="/Content/03-CustomWebPages/macros.htm#kanchor769" UsedConditions="" LocalConditions="" /></Links><SeeAlsoLinks /><IndexControlLinks /><SortAsLinks /></IndexEntry><IndexEntry Term="Annotated Example"><Entries><IndexEntry Term="FTP"><Entries /><Links><IndexLink Title="TCP Probe Command Reference" Link="/Content/02-CustomProbes/commandref.html#kanchor366" UsedConditions="" LocalConditions="" /></Links><SeeAlsoLinks /><IndexControlLinks /><SortAsLinks /></IndexEntry></Entries><Links><IndexLink Title="TCP Probe Command Reference" Link="/Content/02-CustomProbes/commandref.html#kanchor468" UsedConditions="" LocalConditions="" /></Links><SeeAlsoLinks /><IndexControlLinks /><SortAsLinks /></IndexEntry><IndexEntry Term="APC-UPS MIB"><Entries /><Links><IndexLink Title="The &lt;snmp-device-properties&gt; &#xA;  Section" Link="/Content/02-CustomProbes/snmp-device-properties.htm#kanchor181" UsedConditions="" LocalConditions="" /><IndexLink Title="Probe Properties" Link="/Content/02-CustomProbes/probeproperties.htm#kanchor280" UsedConditions="" LocalConditions="" /></Links><SeeAlsoLinks /><IndexControlLinks /><SortAsLinks /></IndexEntry><IndexEntry Term="AppleTalk"><Entries /><Links><IndexLink Title="Measuring TCP&#160;Response Times" Link="/Content/02-CustomProbes/timing.html#kanchor496" UsedConditions="" LocalConditions="" /><IndexLink Title="Macro Reference" Link="/Content/03-CustomWebPages/macros.htm#kanchor744" UsedConditions="" LocalConditions="" /></Links><SeeAlsoLinks /><IndexControlLinks /><SortAsLinks /></IndexEntry><IndexEntry Term="AppleTalk datagrams"><Entries /><Links><IndexLink Title="Overview" Link="/Content/02-CustomProbes/customprobes.html#kanchor20" UsedConditions="" LocalConditions="" /></Links><SeeAlsoLinks /><IndexControlLinks /><SortAsLinks /></IndexEntry><IndexEntry Term="AppleTalk NBP"><Entries /><Links><IndexLink Title="Macro Reference" Link="/Content/03-CustomWebPages/macros.htm#kanchor749" UsedConditions="" LocalConditions="" /></Links><SeeAlsoLinks /><IndexControlLinks /><SortAsLinks /></IndexEntry><IndexEntry Term="Argument Format"><Entries /><Links><IndexLink Title="The &lt;script&gt; Section" Link="/Content/02-CustomProbes/language.html#kanchor291" UsedConditions="" LocalConditions="" /></Links><SeeAlsoLinks /><IndexControlLinks /><SortAsLinks /></IndexEntry><IndexEntry Term="ASN.1"><Entries /><Links><IndexLink Title="The Dartware MIB" Link="/Content/02-CustomProbes/dartwaremib.html#kanchor286" UsedConditions="" LocalConditions="" /></Links><SeeAlsoLinks /><IndexControlLinks /><SortAsLinks /></IndexEntry><IndexEntry Term="Auth"><Entries /><Links><IndexLink Title="Debugging with the SNMPWalk Command" Link="/Content/02-CustomProbes/Debugging_with_SNMPWalk.htm#kanchor631" UsedConditions="" LocalConditions="" /></Links><SeeAlsoLinks /><IndexControlLinks /><SortAsLinks /></IndexEntry><IndexEntry Term="Authpassword"><Entries /><Links><IndexLink Title="Debugging with the SNMPWalk Command" Link="/Content/02-CustomProbes/Debugging_with_SNMPWalk.htm#kanchor636" UsedConditions="" LocalConditions="" /></Links><SeeAlsoLinks /><IndexControlLinks /><SortAsLinks /></IndexEntry><IndexEntry Term="autorecord"><Entries /><Links><IndexLink Title="The &lt;datasets&gt; section" Link="/Content/02-CustomProbes/recordingdata.htm#kanchor103" UsedConditions="" LocalConditions="" /></Links><SeeAlsoLinks /><IndexControlLinks /><SortAsLinks /></IndexEntry><IndexEntry Term="B/Bold"><Entries /><Links><IndexLink Title="IMML - InterMapper Markup Language" Link="/Content/02-CustomProbes/IMML - InterMapper Markup Language.htm#kanchor129" UsedConditions="" LocalConditions="" /></Links><SeeAlsoLinks /><IndexControlLinks /><SortAsLinks /></IndexEntry><IndexEntry Term="B5/Custom TCP Information/0P"><Entries /><Links><IndexLink Title="Example TCP Probe File" Link="/Content/02-CustomProbes/tcpexample.html#kanchor497" UsedConditions="" LocalConditions="" /></Links><SeeAlsoLinks /><IndexControlLinks /><SortAsLinks /></IndexEntry><IndexEntry Term="Base-64"><Entries /><Links><IndexLink Title="The &lt;script&gt; Section" Link="/Content/02-CustomProbes/language.html#kanchor356" UsedConditions="" LocalConditions="" /></Links><SeeAlsoLinks /><IndexControlLinks /><SortAsLinks /></IndexEntry><IndexEntry Term="Base64"><Entries /><Links><IndexLink Title="Probe Calculations" Link="/Content/02-CustomProbes/probecalculations.htm#kanchor264" UsedConditions="" LocalConditions="" /><IndexLink Title="The &lt;script&gt; Section" Link="/Content/02-CustomProbes/language.html#kanchor355" UsedConditions="" LocalConditions="" /></Links><SeeAlsoLinks /><IndexControlLinks /><SortAsLinks /></IndexEntry><IndexEntry Term="Big-endian"><Entries /><Links><IndexLink Title="Probe Calculations" Link="/Content/02-CustomProbes/probecalculations.htm#kanchor265" UsedConditions="" LocalConditions="" /></Links><SeeAlsoLinks /><IndexControlLinks /><SortAsLinks /></IndexEntry><IndexEntry Term="Bitand"><Entries /><Links><IndexLink Title="Probe Calculations" Link="/Content/02-CustomProbes/probecalculations.htm#kanchor239" UsedConditions="" LocalConditions="" /></Links><SeeAlsoLinks /><IndexControlLinks /><SortAsLinks /></IndexEntry><IndexEntry Term="Bitlshift"><Entries /><Links><IndexLink Title="Probe Calculations" Link="/Content/02-CustomProbes/probecalculations.htm#kanchor241" UsedConditions="" LocalConditions="" /></Links><SeeAlsoLinks /><IndexControlLinks /><SortAsLinks /></IndexEntry><IndexEntry Term="Bitor"><Entries /><Links><IndexLink Title="Probe Calculations" Link="/Content/02-CustomProbes/probecalculations.htm#kanchor240" UsedConditions="" LocalConditions="" /></Links><SeeAlsoLinks /><IndexControlLinks /><SortAsLinks /></IndexEntry><IndexEntry Term="Bitrshift"><Entries /><Links><IndexLink Title="Probe Calculations" Link="/Content/02-CustomProbes/probecalculations.htm#kanchor242" UsedConditions="" LocalConditions="" /></Links><SeeAlsoLinks /><IndexControlLinks /><SortAsLinks /></IndexEntry><IndexEntry Term="Bitwise"><Entries><IndexEntry Term="functions"><Entries /><Links><IndexLink Title="Probe Calculations" Link="/Content/02-CustomProbes/probecalculations.htm#kanchor214" UsedConditions="" LocalConditions="" /></Links><SeeAlsoLinks /><IndexControlLinks /><SortAsLinks /></IndexEntry></Entries><Links><IndexLink Title="Probe Calculations" Link="/Content/02-CustomProbes/probecalculations.htm#kanchor216" UsedConditions="" LocalConditions="" /></Links><SeeAlsoLinks /><IndexControlLinks /><SortAsLinks /></IndexEntry><IndexEntry Term="Bitxor"><Entries /><Links><IndexLink Title="Probe Calculations" Link="/Content/02-CustomProbes/probecalculations.htm#kanchor243" UsedConditions="" LocalConditions="" /></Links><SeeAlsoLinks /><IndexControlLinks /><SortAsLinks /></IndexEntry><IndexEntry Term="BODY"><Entries /><Links><IndexLink Title="Template Files" Link="/Content/03-CustomWebPages/templatefiles.html#kanchor687" UsedConditions="" LocalConditions="" /></Links><SeeAlsoLinks /><IndexControlLinks /><SortAsLinks /></IndexEntry><IndexEntry Term="BODY BGCOLOR"><Entries /><Links><IndexLink Title="Template Files" Link="/Content/03-CustomWebPages/templatefiles.html#kanchor688" UsedConditions="" LocalConditions="" /></Links><SeeAlsoLinks /><IndexControlLinks /><SortAsLinks /></IndexEntry><IndexEntry Term="Bodytext"><Entries /><Links><IndexLink Title="Template Files" Link="/Content/03-CustomWebPages/templatefiles.html#kanchor690" UsedConditions="" LocalConditions="" /></Links><SeeAlsoLinks /><IndexControlLinks /><SortAsLinks /></IndexEntry><IndexEntry Term="Branch Not Equal"><Entries /><Links><IndexLink Title="TCP Probe Command Reference" Link="/Content/02-CustomProbes/commandref.html#kanchor360" UsedConditions="" LocalConditions="" /></Links><SeeAlsoLinks /><IndexControlLinks /><SortAsLinks /></IndexEntry><IndexEntry Term="Buffer"><Entries /><Links><IndexLink Title="TCP Probe Command Reference" Link="/Content/02-CustomProbes/commandref.html#kanchor400" UsedConditions="" LocalConditions="" /></Links><SeeAlsoLinks /><IndexControlLinks /><SortAsLinks /></IndexEntry><IndexEntry Term="Build/compile"><Entries /><Links><IndexLink Title="Command Line Probes" Link="/Content/02-CustomProbes/commandlineprobes.htm#kanchor555" UsedConditions="" LocalConditions="" /><IndexLink Title="Nagios Plugins" Link="/Content/02-CustomProbes/nagios.htm#kanchor567" UsedConditions="" LocalConditions="" /></Links><SeeAlsoLinks /><IndexControlLinks /><SortAsLinks /></IndexEntry><IndexEntry Term="Built-in Macros"><Entries /><Links><IndexLink Title="The &lt;script&gt; Section" Link="/Content/02-CustomProbes/language.html#kanchor354" UsedConditions="" LocalConditions="" /></Links><SeeAlsoLinks /><IndexControlLinks /><SortAsLinks /></IndexEntry><IndexEntry Term="Built-in Numeric Functions"><Entries /><Links><IndexLink Title="Probe Calculations" Link="/Content/02-CustomProbes/probecalculations.htm#kanchor234" UsedConditions="" LocalConditions="" /></Links><SeeAlsoLinks /><IndexControlLinks /><SortAsLinks /></IndexEntry><IndexEntry Term="Built-in String Functions"><Entries /><Links><IndexLink Title="Probe Calculations" Link="/Content/02-CustomProbes/probecalculations.htm#kanchor248" UsedConditions="" LocalConditions="" /></Links><SeeAlsoLinks /><IndexControlLinks /><SortAsLinks /></IndexEntry><IndexEntry Term="Built-in Target Files"><Entries /><Links><IndexLink Title="Target Files" Link="/Content/03-CustomWebPages/targetfiles.html#kanchor673" UsedConditions="" LocalConditions="" /></Links><SeeAlsoLinks /><IndexControlLinks /><SortAsLinks /></IndexEntry><IndexEntry Term="Builtin"><Entries /><Links><IndexLink Title="The &lt;header&gt; Section" Link="/Content/02-CustomProbes/header.html#kanchor39" UsedConditions="" LocalConditions="" /></Links><SeeAlsoLinks /><IndexControlLinks /><SortAsLinks /></IndexEntry><IndexEntry Term="Calling Charts"><Entries /><Links><IndexLink Title="Tip for Calling Charts" Link="/Content/03-CustomWebPages/charts.html#kanchor804" UsedConditions="" LocalConditions="" /></Links><SeeAlsoLinks /><IndexControlLinks /><SortAsLinks /></IndexEntry><IndexEntry Term="Carriage-return"><Entries /><Links><IndexLink Title="TCP Probe Command Reference" Link="/Content/02-CustomProbes/commandref.html#kanchor480" UsedConditions="" LocalConditions="" /></Links><SeeAlsoLinks /><IndexControlLinks /><SortAsLinks /></IndexEntry><IndexEntry Term="Carriage Return"><Entries /><Links><IndexLink Title="The &lt;script&gt; Section" Link="/Content/02-CustomProbes/language.html#kanchor323" UsedConditions="" LocalConditions="" /></Links><SeeAlsoLinks /><IndexControlLinks /><SortAsLinks /></IndexEntry><IndexEntry Term="Case-insensitive"><Entries /><Links><IndexLink Title="The &lt;script&gt; Section" Link="/Content/02-CustomProbes/language.html#kanchor337" UsedConditions="" LocalConditions="" /></Links><SeeAlsoLinks /><IndexControlLinks /><SortAsLinks /></IndexEntry><IndexEntry Term="Case-Sensitivity"><Entries><IndexEntry Term="Controlling"><Entries /><Links><IndexLink Title="The &lt;script&gt; Section" Link="/Content/02-CustomProbes/language.html#kanchor336" UsedConditions="" LocalConditions="" /></Links><SeeAlsoLinks /><IndexControlLinks /><SortAsLinks /></IndexEntry></Entries><Links><IndexLink Title="The &lt;script&gt; Section" Link="/Content/02-CustomProbes/language.html#kanchor335" UsedConditions="" LocalConditions="" /></Links><SeeAlsoLinks /><IndexControlLinks /><SortAsLinks /></IndexEntry><IndexEntry Term="Changed Web Page Files"><Entries><IndexEntry Term="Reloading"><Entries /><Links><IndexLink Title="Customizing Web Pages" Link="/Content/03-CustomWebPages/customizingwebpages.html#kanchor662" UsedConditions="" LocalConditions="" /></Links><SeeAlsoLinks /><IndexControlLinks /><SortAsLinks /></IndexEntry></Entries><Links><IndexLink Title="Customizing Web Pages" Link="/Content/03-CustomWebPages/customizingwebpages.html#kanchor661" UsedConditions="" LocalConditions="" /></Links><SeeAlsoLinks /><IndexControlLinks /><SortAsLinks /></IndexEntry><IndexEntry Term="Chart.html"><Entries /><Links><IndexLink Title="Target Files" Link="/Content/03-CustomWebPages/targetfiles.html#kanchor679" UsedConditions="" LocalConditions="" /></Links><SeeAlsoLinks /><IndexControlLinks /><SortAsLinks /></IndexEntry><IndexEntry Term="Chart.html?height"><Entries /><Links><IndexLink Title="Tip for Calling Charts" Link="/Content/03-CustomWebPages/charts.html#kanchor806" UsedConditions="" LocalConditions="" /></Links><SeeAlsoLinks /><IndexControlLinks /><SortAsLinks /></IndexEntry><IndexEntry Term="Chart.html?time"><Entries /><Links><IndexLink Title="Tip for Calling Charts" Link="/Content/03-CustomWebPages/charts.html#kanchor807" UsedConditions="" LocalConditions="" /></Links><SeeAlsoLinks /><IndexControlLinks /><SortAsLinks /></IndexEntry><IndexEntry Term="Chartlist"><Entries /><Links><IndexLink Title="Macro Reference" Link="/Content/03-CustomWebPages/macros.htm#kanchor729" UsedConditions="" LocalConditions="" /></Links><SeeAlsoLinks /><IndexControlLinks /><SortAsLinks /></IndexEntry><IndexEntry Term="chartname"><Entries /><Links><IndexLink Title="Macro Reference" Link="/Content/03-CustomWebPages/macros.htm#kanchor730" UsedConditions="" LocalConditions="" /></Links><SeeAlsoLinks /><IndexControlLinks /><SortAsLinks /></IndexEntry><IndexEntry Term="CHCK"><Entries /><Links><IndexLink Title="TCP Probe Command Reference" Link="/Content/02-CustomProbes/commandref.html#kanchor401" UsedConditions="" LocalConditions="" /></Links><SeeAlsoLinks /><IndexControlLinks /><SortAsLinks /></IndexEntry><IndexEntry Term="Com.dartware"><Entries /><Links><IndexLink Title="The &lt;header&gt; Section" Link="/Content/02-CustomProbes/header.html#kanchor48" UsedConditions="" LocalConditions="" /><IndexLink Title="The &lt;header&gt; Section" Link="/Content/02-CustomProbes/header.html#kanchor80" UsedConditions="" LocalConditions="" /><IndexLink Title="Example TCP Probe File" Link="/Content/02-CustomProbes/tcpexample.html#kanchor499" UsedConditions="" LocalConditions="" /><IndexLink Title="Probe Files and File Names" Link="/Content/02-CustomProbes/filenames.html#kanchor816" UsedConditions="" LocalConditions="" /></Links><SeeAlsoLinks /><IndexControlLinks /><SortAsLinks /></IndexEntry><IndexEntry Term="Com.dartware.tcp.custom"><Entries /><Links><IndexLink Title="The &lt;header&gt; Section" Link="/Content/02-CustomProbes/header.html#kanchor50" UsedConditions="" LocalConditions="" /><IndexLink Title="The &lt;header&gt; Section" Link="/Content/02-CustomProbes/header.html#kanchor87" UsedConditions="" LocalConditions="" /><IndexLink Title="Example TCP Probe File" Link="/Content/02-CustomProbes/tcpexample.html#kanchor501" UsedConditions="" LocalConditions="" /><IndexLink Title="Probe Files and File Names" Link="/Content/02-CustomProbes/filenames.html#kanchor823" UsedConditions="" LocalConditions="" /></Links><SeeAlsoLinks /><IndexControlLinks /><SortAsLinks /></IndexEntry><IndexEntry Term="Comma-separated"><Entries /><Links><IndexLink Title="The &lt;snmp-device-variables&gt; Section" Link="/Content/02-CustomProbes/snmp-device-variables.htm#kanchor150" UsedConditions="" LocalConditions="" /></Links><SeeAlsoLinks /><IndexControlLinks /><SortAsLinks /></IndexEntry><IndexEntry Term="Comma-separated list"><Entries /><Links><IndexLink Title="The &lt;header&gt; Section" Link="/Content/02-CustomProbes/header.html#kanchor54" UsedConditions="" LocalConditions="" /></Links><SeeAlsoLinks /><IndexControlLinks /><SortAsLinks /></IndexEntry><IndexEntry Term="Command-line"><Entries><IndexEntry Term="Create"><Entries /><Links><IndexLink Title="Command Line Probes" Link="/Content/02-CustomProbes/commandlineprobes.htm#kanchor541" UsedConditions="" LocalConditions="" /></Links><SeeAlsoLinks /><IndexControlLinks /><SortAsLinks /></IndexEntry></Entries><Links><IndexLink Title="The &lt;header&gt; Section" Link="/Content/02-CustomProbes/header.html#kanchor44" UsedConditions="" LocalConditions="" /><IndexLink Title="Command Line Probes" Link="/Content/02-CustomProbes/commandlineprobes.htm#kanchor538" UsedConditions="" LocalConditions="" /></Links><SeeAlsoLinks /><IndexControlLinks /><SortAsLinks /></IndexEntry><IndexEntry Term="Command-line Probe"><Entries><IndexEntry Term="Installing"><Entries /><Links><IndexLink Title="Command Line Probes" Link="/Content/02-CustomProbes/commandlineprobes.htm#kanchor558" UsedConditions="" LocalConditions="" /></Links><SeeAlsoLinks /><IndexControlLinks /><SortAsLinks /></IndexEntry></Entries><Links><IndexLink Title="Command Line Probes" Link="/Content/02-CustomProbes/commandlineprobes.htm#kanchor552" UsedConditions="" LocalConditions="" /></Links><SeeAlsoLinks /><IndexControlLinks /><SortAsLinks /></IndexEntry><IndexEntry Term="Command Line Interface"><Entries /><Links><IndexLink Title="Command-line Options for InterMapper" Link="/Content/02-CustomProbes/Using_the_Command_Line_Interface.htm#kanchor808" UsedConditions="" LocalConditions="" /></Links><SeeAlsoLinks /><IndexControlLinks /><SortAsLinks /></IndexEntry><IndexEntry Term="Command Line Nagios Plug-in Example"><Entries /><Links><IndexLink Title="Command Line Probe Example" Link="/Content/02-CustomProbes/cmdlineprobeexample.htm#kanchor565" UsedConditions="" LocalConditions="" /></Links><SeeAlsoLinks /><IndexControlLinks /><SortAsLinks /></IndexEntry><IndexEntry Term="Command Line Probes"><Entries /><Links><IndexLink Title="Command Line Probes" Link="/Content/02-CustomProbes/commandlineprobes.htm#kanchor535" UsedConditions="" LocalConditions="" /></Links><SeeAlsoLinks /><IndexControlLinks /><SortAsLinks /></IndexEntry><IndexEntry Term="Command List"><Entries /><Links><IndexLink Title="TCP Probe Command Reference" Link="/Content/02-CustomProbes/commandref.html#kanchor430" UsedConditions="" LocalConditions="" /></Links><SeeAlsoLinks /><IndexControlLinks /><SortAsLinks /></IndexEntry><IndexEntry Term="Comments"><Entries><IndexEntry Term="Adding"><Entries /><Links><IndexLink Title="The &lt;script&gt; Section" Link="/Content/02-CustomProbes/language.html#kanchor307" UsedConditions="" LocalConditions="" /></Links><SeeAlsoLinks /><IndexControlLinks /><SortAsLinks /></IndexEntry></Entries><Links><IndexLink Title="The &lt;script&gt; Section" Link="/Content/02-CustomProbes/language.html#kanchor307" UsedConditions="" LocalConditions="" /></Links><SeeAlsoLinks /><IndexControlLinks /><SortAsLinks /></IndexEntry><IndexEntry Term="Comparisons"><Entries><IndexEntry Term="Creating"><Entries /><Links><IndexLink Title="The &lt;snmp-device-thresholds&gt; Section" Link="/Content/02-CustomProbes/Thresholds.htm#kanchor166" UsedConditions="" LocalConditions="" /></Links><SeeAlsoLinks /><IndexControlLinks /><SortAsLinks /></IndexEntry></Entries><Links><IndexLink Title="The &lt;snmp-device-thresholds&gt; Section" Link="/Content/02-CustomProbes/Thresholds.htm#kanchor163" UsedConditions="" LocalConditions="" /></Links><SeeAlsoLinks /><IndexControlLinks /><SortAsLinks /></IndexEntry></Entries></IndexEntry></CatapultTargetIndex>