<?xml version="1.0" encoding="utf-8"?><index><stem n="head&gt;"><phr n="HEAD&gt;"><ent r="3" t="67" w="126" /></phr></stem><stem n="bgcolor"><phr n="BGCOLOR"><ent r="100" t="67" w="131" /><ent r="3" t="67" w="134" /></phr></stem><stem n="&lt;bodi"><phr n="&lt;BODY"><ent r="3" t="67" w="133" /></phr></stem><stem n="ffffff"><phr n="FFFFFF"><ent r="3" t="67" w="135" /></phr></stem><stem n="=&quot;#ffffff&quot;&gt;"><phr n="=&quot;#FFFFFF&quot;&gt;"><ent r="3" t="67" w="136" /></phr></stem><stem n="imageref"><phr n="Imageref"><ent r="100" t="67" w="138" /><ent r="100" t="70" w="1157" /><ent r="100" t="71" w="243" /></phr><phr n="imageref"><ent r="3" t="67" w="141" /><ent r="5" t="67" w="213" /><ent r="7" t="70" w="1162" /><ent r="7" t="70" w="1186" /><ent r="4" t="71" w="246" /></phr></stem><stem n="logo.gif"><phr n="logo.gif"><ent r="3" t="67" w="143" /><ent r="3" t="67" w="142" /><ent r="5" t="67" w="215" /><ent r="5" t="67" w="214" /><ent r="4" t="67" w="238" /><ent r="4" t="67" w="237" /></phr><phr n="Logo.gif"><ent r="100" t="67" w="229" /><ent r="100" t="67" w="228" /></phr></stem><stem n="gif"><phr n="gif"><ent r="3" t="67" w="143" /><ent r="5" t="67" w="215" /><ent r="100" t="67" w="229" /><ent r="4" t="67" w="238" /><ent r="7" t="70" w="1197" /><ent r="6" t="70" w="1246" /><ent r="6" t="70" w="1251" /></phr></stem><stem n="{imageref:logo.gif}"><phr n="{imageref:logo.gif}"><ent r="3" t="67" w="144" /><ent r="5" t="67" w="216" /></phr></stem><stem n="bodytext"><phr n="Bodytext"><ent r="100" t="67" w="145" /></phr><phr n="bodytext"><ent r="3" t="67" w="148" /><ent r="5" t="67" w="188" /><ent r="100" t="70" w="186" /><ent r="4" t="70" w="189" /></phr></stem><stem n="{bodytext}"><phr n="{bodytext}"><ent r="3" t="67" w="149" /><ent r="5" t="67" w="189" /><ent r="100" t="70" w="187" /><ent r="4" t="70" w="190" /></phr></stem><stem n="footer"><phr n="Footer"><ent r="100" t="67" w="150" /></phr><phr n="footer"><ent r="3" t="67" w="155" /><ent r="5" t="67" w="251" /><ent r="4" t="67" w="262" /></phr></stem><stem n=".incl"><phr n=".incl"><ent r="100" t="67" w="151" /></phr></stem><stem n="footer.incl"><phr n="Footer.incl"><ent r="100" t="67" w="151" /><ent r="100" t="67" w="150" /></phr><phr n="footer.incl"><ent r="3" t="67" w="156" /><ent r="3" t="67" w="155" /><ent r="5" t="67" w="252" /><ent r="5" t="67" w="251" /><ent r="4" t="67" w="263" /><ent r="4" t="67" w="262" /></phr></stem><stem n="incl"><phr n="incl"><ent r="100" t="67" w="151" /><ent r="3" t="67" w="156" /><ent r="5" t="67" w="252" /><ent r="4" t="67" w="263" /></phr></stem><stem n="{include:footer.incl}"><phr n="{include:footer.incl}"><ent r="3" t="67" w="157" /><ent r="5" t="67" w="253" /></phr></stem><stem n="/body&gt;"><phr n="/BODY&gt;"><ent r="3" t="67" w="159" /></phr></stem><stem n="/html&gt;"><phr n="/HTML&gt;"><ent r="3" t="67" w="162" /></phr></stem><stem n="&lt;/html&gt;"><phr n="&lt;/HTML&gt;"><ent r="3" t="67" w="162" /><ent r="3" t="67" w="161" /></phr></stem><stem n="html&gt;"><phr n="HTML&gt;"><ent r="3" t="67" w="162" /></phr></stem><stem n="{pagetitle}"><phr n="{pagetitle}"><ent r="5" t="67" w="173" /><ent r="7" t="70" w="1093" /></phr></stem><stem n="img"><phr n="Img"><ent r="100" t="67" w="221" /><ent r="100" t="70" w="1169" /></phr></stem><stem n="&lt;img"><phr n="&lt;img"><ent r="5" t="67" w="223" /><ent r="7" t="70" w="1171" /><ent r="7" t="70" w="1282" /><ent r="7" t="70" w="1456" /><ent r="7" t="70" w="1510" /></phr><phr n="&lt;IMG"><ent r="7" t="70" w="1193" /><ent r="7" t="70" w="1342" /><ent r="7" t="70" w="1355" /></phr></stem><stem n="guestimag"><phr n="GuestImages"><ent r="100" t="67" w="226" /><ent r="100" t="71" w="213" /></phr></stem><stem n=".gif"><phr n=".gif"><ent r="100" t="67" w="229" /><ent r="4" t="67" w="238" /><ent r="6" t="70" w="1251" /></phr></stem><stem n="~guestimag"><phr n="~GuestImages"><ent r="4" t="67" w="242" /><ent r="3" t="71" w="215" /></phr></stem><stem n="footer.incl'"><phr n="footer.incl'"><ent r="4" t="67" w="263" /><ent r="4" t="67" w="262" /></phr></stem><stem n="'footer.incl'."><phr n="'footer.incl'."><ent r="4" t="67" w="264" /></phr></stem><stem n="&quot;#&quot;"><phr n="&quot;#&quot;"><ent r="4" t="68" w="34" /></phr></stem><stem n="#templat"><phr n="#template"><ent r="7" t="68" w="60" /><ent r="7" t="68" w="67" /><ent r="7" t="68" w="82" /><ent r="7" t="68" w="87" /><ent r="3" t="71" w="398" /></phr></stem><stem n="template.html"><phr n="Template.html"><ent r="100" t="68" w="63" /><ent r="100" t="68" w="62" /><ent r="100" t="71" w="363" /><ent r="100" t="71" w="362" /></phr><phr n="template.html"><ent r="7" t="68" w="106" /><ent r="7" t="68" w="105" /><ent r="3" t="71" w="375" /><ent r="3" t="71" w="374" /></phr></stem><stem n="othertempl"><phr n="othertemplate"><ent r="7" t="68" w="68" /></phr></stem><stem n="othertemplate.html"><phr n="othertemplate.html"><ent r="7" t="68" w="69" /><ent r="7" t="68" w="68" /></phr></stem><stem n="&quot;othertemplate.html&quot;"><phr n="&quot;othertemplate.html&quot;"><ent r="7" t="68" w="70" /></phr></stem><stem n="!template.html"><phr n="!template.html"><ent r="7" t="68" w="106" /></phr></stem><stem n="alt"><phr n="Alt"><ent r="100" t="68" w="212" /><ent r="100" t="69" w="61" /></phr><phr n="alt"><ent r="7" t="68" w="215" /><ent r="7" t="68" w="218" /><ent r="7" t="68" w="226" /><ent r="4" t="69" w="50" /><ent r="4" t="69" w="81" /><ent r="4" t="69" w="144" /><ent r="4" t="69" w="176" /><ent r="4" t="69" w="195" /></phr></stem><stem n="_titl"><phr n="_title"><ent r="100" t="68" w="213" /><ent r="100" t="69" w="62" /></phr></stem><stem n="alt_titl"><phr n="Alt_title"><ent r="100" t="68" w="213" /><ent r="100" t="68" w="212" /><ent r="100" t="69" w="62" /><ent r="100" t="69" w="61" /></phr><phr n="alt_title"><ent r="7" t="68" w="216" /><ent r="7" t="68" w="215" /><ent r="7" t="68" w="219" /><ent r="7" t="68" w="218" /><ent r="7" t="68" w="227" /><ent r="7" t="68" w="226" /><ent r="4" t="69" w="51" /><ent r="4" t="69" w="50" /><ent r="4" t="69" w="82" /><ent r="4" t="69" w="81" /><ent r="4" t="69" w="145" /><ent r="4" t="69" w="144" /><ent r="4" t="69" w="177" /><ent r="4" t="69" w="176" /><ent r="4" t="69" w="196" /><ent r="4" t="69" w="195" /></phr></stem><stem n="#alt_titl"><phr n="#alt_title"><ent r="7" t="68" w="216" /><ent r="7" t="68" w="219" /><ent r="7" t="68" w="227" /><ent r="4" t="69" w="51" /><ent r="4" t="69" w="82" /><ent r="4" t="69" w="145" /><ent r="4" t="69" w="177" /><ent r="4" t="69" w="196" /></phr></stem><stem n="#filenam"><phr n="#filename"><ent r="7" t="68" w="249" /><ent r="7" t="68" w="251" /><ent r="7" t="68" w="258" /><ent r="7" t="68" w="292" /><ent r="7" t="68" w="368" /><ent r="8" t="68" w="536" /><ent r="8" t="68" w="571" /></phr></stem><stem n="otherpag"><phr n="otherpage"><ent r="7" t="68" w="252" /><ent r="7" t="68" w="655" /><ent r="7" t="68" w="669" /></phr></stem><stem n="otherpage.html"><phr n="otherpage.html"><ent r="7" t="68" w="253" /><ent r="7" t="68" w="252" /><ent r="7" t="68" w="656" /><ent r="7" t="68" w="655" /><ent r="7" t="68" w="670" /><ent r="7" t="68" w="669" /></phr></stem><stem n="&quot;otherpage.html&quot;"><phr n="&quot;otherpage.html&quot;"><ent r="7" t="68" w="254" /><ent r="7" t="68" w="657" /></phr></stem><stem n="xindex"><phr n="xindex"><ent r="6" t="68" w="284" /></phr></stem><stem n="xindex.html"><phr n="xindex.html"><ent r="6" t="68" w="285" /><ent r="6" t="68" w="284" /></phr></stem><stem n="&quot;xindex.html&quot;"><phr n="&quot;xindex.html&quot;"><ent r="6" t="68" w="286" /></phr></stem><stem n="&quot;!index.html&quot;"><phr n="&quot;!index.html&quot;"><ent r="7" t="68" w="295" /><ent r="6" t="68" w="312" /></phr></stem><stem n="higher"><phr n="higher"><ent r="7" t="68" w="318" /></phr></stem><stem n="#version"><phr n="#version"><ent r="7" t="68" w="334" /><ent r="7" t="68" w="336" /><ent r="7" t="68" w="343" /><ent r="7" t="68" w="375" /><ent r="7" t="68" w="441" /><ent r="8" t="68" w="463" /><ent r="8" t="68" w="502" /><ent r="8" t="68" w="588" /><ent r="7" t="68" w="635" /></phr></stem><stem n="&quot;2.1&quot;"><phr n="&quot;2.1&quot;"><ent r="7" t="68" w="339" /></phr></stem><stem n="ti"><phr n="ties"><ent r="6" t="68" w="382" /></phr></stem><stem n="&quot;ties&quot;"><phr n="&quot;ties&quot;"><ent r="6" t="68" w="383" /></phr></stem><stem n="plai"><phr n="play"><ent r="6" t="68" w="399" /></phr></stem><stem n="disk"><phr n="disk"><ent r="7" t="68" w="424" /><ent r="7" t="68" w="547" /><ent r="6" t="68" w="724" /></phr></stem><stem n="-last-modifi"><phr n="-last-modified"><ent r="100" t="68" w="465" /><ent r="100" t="68" w="466" /><ent r="7" t="68" w="470" /><ent r="7" t="68" w="471" /></phr></stem><stem n="date-last"><phr n="Date-last"><ent r="100" t="68" w="465" /></phr><phr n="date-last"><ent r="7" t="68" w="470" /></phr></stem><stem n="date-last-modifi"><phr n="Date-last-modified"><ent r="100" t="68" w="465" /></phr><phr n="date-last-modified"><ent r="7" t="68" w="470" /></phr></stem><stem n="user-edit"><phr n="user-edited"><ent r="7" t="68" w="517" /></phr></stem><stem n="-disk"><phr n="-disk"><ent r="7" t="68" w="546" /><ent r="7" t="68" w="546" /></phr></stem><stem n="on-disk"><phr n="on-disk"><ent r="7" t="68" w="546" /></phr></stem><stem n="&quot;essentially&quot;"><phr n="&quot;essentially&quot;"><ent r="7" t="68" w="551" /></phr></stem><stem n="foo.html"><phr n="foo.html"><ent r="7" t="68" w="560" /><ent r="7" t="68" w="559" /><ent r="7" t="68" w="581" /><ent r="7" t="68" w="580" /></phr></stem><stem n="&quot;foo.html&quot;,"><phr n="&quot;foo.html&quot;,"><ent r="7" t="68" w="561" /></phr></stem><stem n="(name"><phr n="(named"><ent r="7" t="68" w="564" /></phr></stem><stem n="&quot;virtual"><phr n="&quot;virtual"><ent r="7" t="68" w="577" /></phr></stem><stem n="&quot;foo.html&quot;."><phr n="&quot;foo.html&quot;."><ent r="7" t="68" w="582" /></phr></stem><stem n=".digit"><phr n=".digit"><ent r="100" t="68" w="600" /></phr></stem><stem n="digit.digit"><phr n="Digit.digit"><ent r="100" t="68" w="600" /><ent r="100" t="68" w="599" /></phr><phr n="digit.digit"><ent r="6" t="68" w="609" /><ent r="6" t="68" w="608" /></phr></stem><stem n="digit.digit'"><phr n="digit.digit'"><ent r="6" t="68" w="609" /><ent r="6" t="68" w="608" /></phr></stem><stem n="'digit.digit'"><phr n="'digit.digit'"><ent r="6" t="68" w="610" /></phr></stem><stem n="highest"><phr n="highest"><ent r="6" t="68" w="617" /></phr></stem><stem n="experi"><phr n="experimenting"><ent r="6" t="68" w="628" /></phr><phr n="experience"><ent r="3" t="75" w="16" /></phr></stem><stem n="#redirect"><phr n="#redirect"><ent r="7" t="68" w="652" /><ent r="7" t="68" w="654" /><ent r="7" t="68" w="660" /></phr></stem><stem n="-known"><phr n="-known"><ent r="6" t="68" w="690" /><ent r="6" t="68" w="690" /></phr></stem><stem n="well-known"><phr n="well-known"><ent r="6" t="68" w="690" /></phr></stem><stem n="!index.html)"><phr n="!index.html)"><ent r="6" t="68" w="697" /></phr></stem><stem n="-select"><phr n="-selected"><ent r="6" t="68" w="700" /><ent r="6" t="68" w="700" /><ent r="6" t="70" w="1486" /><ent r="6" t="70" w="1486" /></phr></stem><stem n="user-select"><phr n="user-selected"><ent r="6" t="68" w="700" /></phr></stem><stem n="meta"><phr n="Meta"><ent r="100" t="68" w="706" /><ent r="100" t="70" w="1667" /></phr><phr n="meta"><ent r="6" t="68" w="751" /></phr></stem><stem n="dynam"><phr n="dynamically"><ent r="6" t="68" w="739" /></phr></stem><stem n="#target"><phr n="#target"><ent r="7" t="68" w="755" /><ent r="7" t="68" w="760" /><ent r="7" t="68" w="766" /></phr></stem><stem n="window_nam"><phr n="Window_name"><ent r="100" t="68" w="758" /><ent r="100" t="68" w="757" /></phr><phr n="window_name"><ent r="7" t="68" w="762" /><ent r="7" t="68" w="761" /><ent r="6" t="68" w="781" /><ent r="6" t="68" w="780" /><ent r="6" t="68" w="799" /><ent r="6" t="68" w="798" /></phr></stem><stem n="&quot;window_name&quot;"><phr n="&quot;window_name&quot;"><ent r="7" t="68" w="763" /><ent r="6" t="68" w="800" /></phr></stem><stem n="&quot;window_name&quot;."><phr n="&quot;window_name&quot;."><ent r="6" t="68" w="782" /></phr></stem><stem n="...target"><phr n="...target"><ent r="6" t="68" w="797" /></phr></stem><stem n="predict"><phr n="predict"><ent r="3" t="69" w="97" /></phr></stem><stem n="chosen"><phr n="chosen"><ent r="3" t="69" w="101" /></phr></stem><stem n="prevent"><phr n="Preventing"><ent r="92" t="69" w="103" /><ent r="100" t="69" w="112" /><ent r="100" t="69" w="114" /></phr><phr n="prevent"><ent r="4" t="69" w="215" /></phr></stem><stem n=":quot"><phr n=":Quoted"><ent r="100" t="69" w="115" /></phr></stem><stem n="-is."><phr n="-is."><ent r="3" t="69" w="154" /><ent r="3" t="69" w="154" /></phr></stem><stem n="(remember,"><phr n="(Remember,"><ent r="3" t="69" w="180" /></phr></stem><stem n="front"><phr n="front"><ent r="4" t="69" w="231" /></phr></stem><stem n="macronam"><phr n="Macroname"><ent r="100" t="70" w="20" /></phr><phr n="macroname"><ent r="4" t="70" w="23" /><ent r="4" t="70" w="29" /></phr></stem><stem n="other-inform"><phr n="other-information"><ent r="4" t="70" w="24" /><ent r="4" t="70" w="40" /></phr></stem><stem n="{macroname:other-information}"><phr n="{macroname:other-information}"><ent r="4" t="70" w="26" /></phr></stem><stem n="-inform"><phr n="-information"><ent r="4" t="70" w="40" /><ent r="4" t="70" w="40" /></phr></stem><stem n="&quot;content&quot;"><phr n="&quot;content&quot;"><ent r="65" t="70" w="76" /><ent r="93" t="70" w="170" /></phr></stem><stem n="onto"><phr n="onto"><ent r="65" t="70" w="94" /><ent r="93" t="70" w="1153" /></phr></stem><stem n="file-to"><phr n="File-to"><ent r="100" t="70" w="133" /></phr><phr n="file-to"><ent r="7" t="70" w="141" /><ent r="7" t="70" w="631" /></phr></stem><stem n="file-to-b"><phr n="File-to-be"><ent r="100" t="70" w="133" /></phr><phr n="file-to-be"><ent r="7" t="70" w="141" /><ent r="7" t="70" w="631" /></phr></stem><stem n="file-to-be-includ"><phr n="File-to-be-included"><ent r="100" t="70" w="133" /></phr><phr n="file-to-be-included"><ent r="7" t="70" w="141" /><ent r="7" t="70" w="631" /></phr></stem><stem n="to-b"><phr n="to-be"><ent r="100" t="70" w="134" /><ent r="7" t="70" w="142" /><ent r="7" t="70" w="632" /></phr></stem><stem n="to-be-includ"><phr n="to-be-included"><ent r="100" t="70" w="134" /><ent r="7" t="70" w="142" /><ent r="7" t="70" w="632" /></phr></stem><stem n="be-includ"><phr n="be-included"><ent r="100" t="70" w="135" /><ent r="7" t="70" w="143" /><ent r="7" t="70" w="633" /></phr></stem><stem n="-to-be-included.html"><phr n="-to-be-included.html"><ent r="100" t="70" w="137" /><ent r="100" t="70" w="139" /></phr></stem><stem n="file-to-be-included.html"><phr n="File-to-be-included.html"><ent r="100" t="70" w="137" /><ent r="100" t="70" w="136" /></phr><phr n="file-to-be-included.html"><ent r="7" t="70" w="145" /><ent r="7" t="70" w="144" /><ent r="7" t="70" w="635" /><ent r="7" t="70" w="634" /></phr></stem><stem n="{include:file-to-be-included.html}"><phr n="{include:file-to-be-included.html}"><ent r="7" t="70" w="146" /><ent r="7" t="70" w="636" /></phr></stem><stem n="~admin"><phr n="~admin"><ent r="3" t="70" w="228" /><ent r="3" t="71" w="151" /><ent r="3" t="71" w="320" /><ent r="3" t="71" w="350" /><ent r="3" t="71" w="446" /></phr></stem><stem n="fullstatu"><phr n="Fullstatus"><ent r="100" t="70" w="240" /></phr><phr n="fullstatus"><ent r="7" t="70" w="243" /></phr></stem><stem n="{fullstatus}"><phr n="{fullstatus}"><ent r="7" t="70" w="244" /></phr></stem><stem n=":show"><phr n=":shows"><ent r="100" t="70" w="246" /></phr></stem><stem n="errorstatu"><phr n="Errorstatus"><ent r="100" t="70" w="265" /><ent r="100" t="70" w="290" /></phr><phr n="errorstatus"><ent r="7" t="70" w="268" /><ent r="7" t="70" w="294" /><ent r="7" t="70" w="307" /><ent r="8" t="70" w="311" /><ent r="8" t="70" w="321" /><ent r="8" t="70" w="335" /></phr></stem><stem n="{errorstatus}"><phr n="{errorstatus}"><ent r="7" t="70" w="269" /><ent r="7" t="70" w="308" /><ent r="8" t="70" w="322" /><ent r="8" t="70" w="336" /></phr></stem><stem n="_orig"><phr n="_orig"><ent r="100" t="70" w="291" /></phr></stem><stem n="errorstatus_orig"><phr n="Errorstatus_orig"><ent r="100" t="70" w="291" /><ent r="100" t="70" w="290" /></phr><phr n="errorstatus_orig"><ent r="7" t="70" w="295" /><ent r="7" t="70" w="294" /><ent r="8" t="70" w="312" /><ent r="8" t="70" w="311" /></phr></stem><stem n="orig"><phr n="orig"><ent r="100" t="70" w="291" /><ent r="7" t="70" w="295" /><ent r="8" t="70" w="312" /></phr></stem><stem n="{errorstatus_orig}"><phr n="{errorstatus_orig}"><ent r="7" t="70" w="296" /><ent r="8" t="70" w="313" /></phr></stem><stem n="&quot;errors&quot;"><phr n="&quot;errors&quot;"><ent r="6" t="70" w="301" /></phr></stem><stem n="currentoutag"><phr n="Currentoutages"><ent r="100" t="70" w="343" /></phr><phr n="currentoutages"><ent r="7" t="70" w="346" /></phr></stem><stem n="{currentoutages}"><phr n="{currentoutages}"><ent r="7" t="70" w="347" /></phr></stem><stem n="outag"><phr n="outages"><ent r="6" t="70" w="353" /><ent r="6" t="70" w="382" /><ent r="6" t="70" w="418" /><ent r="6" t="70" w="436" /><ent r="6" t="70" w="458" /></phr></stem><stem n="currentlinkoutag"><phr n="Currentlinkoutages"><ent r="100" t="70" w="371" /></phr><phr n="currentlinkoutages"><ent r="7" t="70" w="374" /></phr></stem><stem n="{currentlinkoutages}"><phr n="{currentlinkoutages}"><ent r="7" t="70" w="375" /></phr></stem><stem n="previousoutag"><phr n="Previousoutages"><ent r="100" t="70" w="403" /></phr><phr n="previousoutages"><ent r="7" t="70" w="406" /><ent r="7" t="70" w="427" /><ent r="7" t="70" w="446" /></phr></stem><stem n="{previousoutages}"><phr n="{previousoutages}"><ent r="7" t="70" w="407" /></phr></stem><stem n="xx"><phr n="xx"><ent r="7" t="70" w="429" /><ent r="6" t="70" w="440" /><ent r="7" t="70" w="1109" /><ent r="6" t="70" w="1124" /></phr></stem><stem n="{previousoutages:hours=xx}"><phr n="{previousoutages:hours=xx}"><ent r="7" t="70" w="430" /></phr></stem><stem n="maxrow"><phr n="Maxrows"><ent r="100" t="70" w="443" /></phr><phr n="maxrows"><ent r="7" t="70" w="447" /></phr></stem><stem n="{previousoutages:maxrows=x}"><phr n="{previousoutages:maxrows=x}"><ent r="7" t="70" w="449" /></phr></stem><stem n="maplist"><phr n="Maplist"><ent r="100" t="70" w="460" /></phr><phr n="maplist"><ent r="7" t="70" w="463" /><ent r="6" t="70" w="2407" /></phr></stem><stem n="{maplist}"><phr n="{maplist}"><ent r="7" t="70" w="464" /></phr></stem><stem n="&lt;ul&gt;"><phr n="&lt;UL&gt;"><ent r="7" t="70" w="471" /><ent r="7" t="70" w="514" /></phr></stem><stem n="chartlist"><phr n="Chartlist"><ent r="100" t="70" w="478" /></phr><phr n="chartlist"><ent r="7" t="70" w="481" /><ent r="7" t="70" w="540" /><ent r="7" t="70" w="555" /></phr></stem><stem n="{chartlist}"><phr n="{chartlist}"><ent r="7" t="70" w="482" /><ent r="7" t="70" w="541" /><ent r="7" t="70" w="556" /></phr></stem><stem n="&lt;li&gt;"><phr n="&lt;LI&gt;"><ent r="7" t="70" w="503" /></phr></stem><stem n="&lt;ol&gt;"><phr n="&lt;OL&gt;"><ent r="7" t="70" w="518" /></phr></stem><stem n="per-map"><phr n="per-map"><ent r="6" t="70" w="550" /><ent r="6" t="70" w="1000" /></phr></stem><stem n="&quot;per-map&quot;"><phr n="&quot;per-map&quot;"><ent r="6" t="70" w="552" /><ent r="6" t="70" w="1002" /></phr></stem><stem n="chartnam"><phr n="chartname"><ent r="100" t="70" w="567" /><ent r="7" t="70" w="570" /></phr></stem><stem n="{chartname}"><phr n="{chartname}"><ent r="7" t="70" w="571" /></phr></stem><stem n="chart-rel"><phr n="chart-related"><ent r="6" t="70" w="590" /></phr></stem><stem n="&quot;&quot;."><phr n="&quot;&quot;."><ent r="6" t="70" w="596" /><ent r="6" t="70" w="939" /><ent r="6" t="70" w="2046" /><ent r="6" t="70" w="2114" /><ent r="6" t="70" w="2376" /></phr></stem><stem n="{mapname}"><phr n="{mapname}"><ent r="7" t="70" w="604" /><ent r="7" t="70" w="870" /><ent r="7" t="70" w="1912" /></phr></stem><stem n="maplistwithchart"><phr n="Maplistwithcharts"><ent r="100" t="70" w="605" /></phr><phr n="maplistwithcharts"><ent r="7" t="70" w="608" /></phr></stem><stem n="{maplistwithcharts}"><phr n="{maplistwithcharts}"><ent r="7" t="70" w="609" /></phr></stem><stem n="sub-list"><phr n="sub-lists"><ent r="6" t="70" w="620" /></phr></stem><stem n="abouthtml"><phr n="abouthtml"><ent r="7" t="70" w="656" /></phr></stem><stem n="{abouthtml}"><phr n="{abouthtml}"><ent r="7" t="70" w="657" /></phr></stem><stem n="&quot;about&quot;"><phr n="&quot;About&quot;"><ent r="6" t="70" w="661" /></phr></stem><stem n="statshtml"><phr n="Statshtml"><ent r="100" t="70" w="669" /></phr><phr n="statshtml"><ent r="7" t="70" w="672" /></phr></stem><stem n="{statshtml}"><phr n="{statshtml}"><ent r="7" t="70" w="673" /></phr></stem><stem n="uptim"><phr n="Uptime"><ent r="100" t="70" w="674" /></phr><phr n="uptime"><ent r="6" t="70" w="680" /></phr></stem><stem n="httpuserid"><phr n="httpuserid"><ent r="7" t="70" w="686" /></phr></stem><stem n="{httpuserid}"><phr n="{httpuserid}"><ent r="7" t="70" w="687" /></phr></stem><stem n="ask"><phr n="asked"><ent r="6" t="70" w="694" /></phr></stem><stem n="httplocaladdress"><phr n="httplocaladdress"><ent r="7" t="70" w="699" /></phr></stem><stem n="{httplocaladdress}"><phr n="{httplocaladdress}"><ent r="7" t="70" w="700" /></phr></stem><stem n="side"><phr n="side"><ent r="6" t="70" w="710" /><ent r="6" t="70" w="726" /></phr></stem><stem n="multi"><phr n="multi"><ent r="6" t="70" w="719" /></phr></stem><stem n="multi-hom"><phr n="multi-homed"><ent r="6" t="70" w="719" /></phr></stem><stem n="home"><phr n="homed"><ent r="6" t="70" w="720" /></phr></stem><stem n="-homed,"><phr n="-homed,"><ent r="6" t="70" w="721" /><ent r="6" t="70" w="721" /></phr></stem><stem n="caution"><phr n="caution"><ent r="6" t="70" w="738" /></phr></stem><stem n="url'"><phr n="URL's"><ent r="6" t="70" w="743" /><ent r="6" t="70" w="742" /></phr></stem><stem n="httpremoteaddress"><phr n="httpremoteaddress"><ent r="7" t="70" w="755" /></phr></stem><stem n="{httpremoteaddress}"><phr n="{httpremoteaddress}"><ent r="7" t="70" w="756" /></phr></stem><stem n="intermapperaddress"><phr n="Intermapperaddress"><ent r="100" t="70" w="767" /></phr><phr n="intermapperaddress"><ent r="7" t="70" w="770" /></phr></stem><stem n="{intermapperaddress}"><phr n="{intermapperaddress}"><ent r="7" t="70" w="771" /></phr></stem><stem n="{version}"><phr n="{version}"><ent r="7" t="70" w="782" /></phr></stem><stem n="{time}"><phr n="{time}"><ent r="7" t="70" w="800" /></phr></stem><stem n="imagesuffix"><phr n="Imagesuffix"><ent r="100" t="70" w="805" /></phr><phr n="imagesuffix"><ent r="7" t="70" w="808" /><ent r="7" t="70" w="1257" /><ent r="7" t="70" w="1311" /><ent r="7" t="70" w="1346" /><ent r="7" t="70" w="1359" /><ent r="7" t="70" w="1464" /></phr></stem><stem n="{imagesuffix}"><phr n="{imagesuffix}"><ent r="7" t="70" w="809" /><ent r="7" t="70" w="1258" /></phr></stem><stem n="&quot;.png&quot;"><phr n="&quot;.png&quot;"><ent r="6" t="70" w="817" /><ent r="6" t="70" w="1262" /></phr></stem><stem n="&quot;.jpeg&quot;"><phr n="&quot;.jpeg&quot;"><ent r="6" t="70" w="827" /><ent r="6" t="70" w="1272" /></phr></stem><stem n="telnetserverurl"><phr n="Telnetserverurl"><ent r="100" t="70" w="831" /></phr><phr n="telnetserverurl"><ent r="7" t="70" w="834" /></phr><phr n="TelnetServerURL"><ent r="6" t="70" w="2417" /></phr></stem><stem n="{telnetserverurl}"><phr n="{telnetserverurl}"><ent r="7" t="70" w="835" /></phr></stem><stem n="webserverurl"><phr n="Webserverurl"><ent r="100" t="70" w="849" /></phr><phr n="webserverurl"><ent r="7" t="70" w="852" /></phr><phr n="WebServerURL"><ent r="6" t="70" w="2425" /></phr></stem><stem n="{webserverurl}"><phr n="{webserverurl}"><ent r="7" t="70" w="853" /></phr></stem><stem n="deviceid"><phr n="Deviceid"><ent r="100" t="70" w="906" /></phr><phr n="deviceid"><ent r="7" t="70" w="909" /></phr></stem><stem n="{deviceid}"><phr n="{deviceid}"><ent r="7" t="70" w="910" /></phr></stem><stem n="gmmmm"><phr n="gMMMM"><ent r="7" t="70" w="927" /></phr></stem><stem n="gmmmm-rnn"><phr n="gMMMM-rNN"><ent r="7" t="70" w="927" /></phr></stem><stem n="rnn"><phr n="rNN"><ent r="7" t="70" w="928" /></phr></stem><stem n="&quot;gmmmm-rnn&quot;"><phr n="&quot;gMMMM-rNN&quot;"><ent r="7" t="70" w="929" /></phr></stem><stem n="device-rel"><phr n="device-related"><ent r="6" t="70" w="936" /></phr></stem><stem n="-related,"><phr n="-related,"><ent r="6" t="70" w="938" /><ent r="6" t="70" w="938" /></phr></stem><stem n="devicelist"><phr n="Devicelist"><ent r="100" t="70" w="940" /></phr><phr n="devicelist"><ent r="7" t="70" w="943" /><ent r="7" t="70" w="990" /><ent r="7" t="70" w="1005" /><ent r="7" t="70" w="1018" /></phr></stem><stem n="{devicelist}"><phr n="{devicelist}"><ent r="7" t="70" w="944" /><ent r="7" t="70" w="991" /><ent r="7" t="70" w="1006" /></phr></stem><stem n="devicelist_kml"><phr n="devicelist_kml"><ent r="7" t="70" w="1019" /><ent r="7" t="70" w="1018" /></phr></stem><stem n="kml"><phr n="kml"><ent r="7" t="70" w="1019" /></phr><phr n="KML"><ent r="67" t="70" w="1027" /></phr></stem><stem n="{devicelist_kml}"><phr n="{devicelist_kml}"><ent r="7" t="70" w="1020" /></phr></stem><stem n="googl"><phr n="Google"><ent r="6" t="70" w="1033" /></phr></stem><stem n="earth"><phr n="Earth"><ent r="6" t="70" w="1034" /></phr></stem><stem n="nbp"><phr n="NBP"><ent r="100" t="70" w="1044" /><ent r="6" t="70" w="1051" /></phr></stem><stem n="ifadmin"><phr n="Ifadmin"><ent r="100" t="70" w="1070" /></phr><phr n="ifadmin"><ent r="7" t="70" w="1073" /></phr></stem><stem n="{ifadmin:"><phr n="{ifadmin:"><ent r="7" t="70" w="1074" /></phr></stem><stem n="nonadmin"><phr n="NONADMIN"><ent r="7" t="70" w="1075" /><ent r="6" t="70" w="1087" /></phr></stem><stem n="privileg"><phr n="privileges"><ent r="6" t="70" w="1084" /></phr></stem><stem n="setnamefieldwidth"><phr n="SetNameFieldWidth"><ent r="100" t="70" w="1105" /><ent r="7" t="70" w="1108" /></phr></stem><stem n="{setnamefieldwidth:xx}"><phr n="{SetNameFieldWidth:xx}"><ent r="7" t="70" w="1110" /></phr></stem><stem n="wide"><phr n="wide"><ent r="6" t="70" w="1126" /></phr></stem><stem n="imagefil"><phr n="Imagefile"><ent r="100" t="70" w="1159" /></phr><phr n="IMAGEFILE"><ent r="7" t="70" w="1163" /><ent r="6" t="70" w="1238" /></phr></stem><stem n="{imageref:imagefil"><phr n="{imageref:IMAGEFILE"><ent r="7" t="70" w="1163" /></phr></stem><stem n="[,tags]}"><phr n="[,tags]}"><ent r="7" t="70" w="1165" /></phr></stem><stem n="{imageref:"><phr n="{imageref:"><ent r="7" t="70" w="1187" /><ent r="4" t="71" w="247" /></phr></stem><stem n="photo"><phr n="photo"><ent r="7" t="70" w="1187" /><ent r="7" t="70" w="1196" /><ent r="6" t="70" w="1245" /><ent r="6" t="70" w="1248" /><ent r="6" t="70" w="1250" /></phr></stem><stem n="grade4"><phr n="grade4"><ent r="7" t="70" w="1189" /><ent r="7" t="70" w="1199" /></phr></stem><stem n="='grade4'}"><phr n="='grade4'}"><ent r="7" t="70" w="1190" /></phr></stem><stem n="src"><phr n="SRC"><ent r="7" t="70" w="1194" /><ent r="7" t="70" w="1343" /><ent r="7" t="70" w="1356" /></phr><phr n="src"><ent r="7" t="70" w="1457" /><ent r="7" t="70" w="1511" /></phr></stem><stem n="images/photo"><phr n="images/photo"><ent r="7" t="70" w="1196" /><ent r="7" t="70" w="1195" /></phr></stem><stem n="images/photo.gif"><phr n="images/photo.gif"><ent r="7" t="70" w="1197" /><ent r="7" t="70" w="1195" /></phr></stem><stem n="=&quot;/images/photo.gif&quot;"><phr n="=&quot;/images/photo.gif&quot;"><ent r="7" t="70" w="1198" /></phr></stem><stem n="='grade4'&gt;"><phr n="='grade4'&gt;"><ent r="7" t="70" w="1200" /></phr></stem><stem n="grade4'&gt;"><phr n="grade4'&gt;"><ent r="7" t="70" w="1200" /><ent r="7" t="70" w="1199" /></phr></stem><stem n="photo.gif"><phr n="photo.gif"><ent r="6" t="70" w="1246" /><ent r="6" t="70" w="1245" /><ent r="6" t="70" w="1251" /><ent r="6" t="70" w="1250" /></phr></stem><stem n="&quot;photo.gif&quot;"><phr n="&quot;photo.gif&quot;"><ent r="6" t="70" w="1247" /></phr></stem><stem n="photo.png"><phr n="photo.png"><ent r="6" t="70" w="1249" /><ent r="6" t="70" w="1248" /></phr></stem><stem n="&quot;photo.png&quot;,"><phr n="&quot;photo.png&quot;,"><ent r="6" t="70" w="1250" /></phr></stem><stem n="intermapperlogo"><phr n="Intermapperlogo"><ent r="100" t="70" w="1274" /></phr><phr n="intermapperlogo"><ent r="7" t="70" w="1277" /></phr></stem><stem n="{intermapperlogo}"><phr n="{intermapperlogo}"><ent r="7" t="70" w="1278" /></phr></stem></index>