<?xml version="1.0" encoding="utf-8"?><index><stem n="nagiosplug.sourceforge.net/developer-guidelines.html"><phr n="nagiosplug.sourceforge.net/developer-guidelines.html"><ent r="64" t="47" w="408" /><ent r="64" t="47" w="403" /></phr></stem><stem n="posix"><phr n="POSIX"><ent r="5" t="47" w="439" /></phr></stem><stem n="2.4"><phr n="2.4"><ent r="65" t="47" w="449" /><ent r="65" t="47" w="448" /></phr></stem><stem n="(yellow);"><phr n="(yellow);"><ent r="6" t="47" w="470" /></phr></stem><stem n="(red);"><phr n="(red);"><ent r="6" t="47" w="474" /></phr></stem><stem n="&lt;descript"><phr n="&lt;description"><ent r="3" t="47" w="490" /><ent r="4" t="47" w="498" /></phr></stem><stem n="status&gt;|perfdata"><phr n="status&gt;|Perfdata"><ent r="3" t="47" w="494" /></phr></stem><stem n="status&gt;"><phr n="status&gt;"><ent r="4" t="47" w="502" /></phr></stem><stem n="pipe"><phr n="pipe"><ent r="4" t="47" w="542" /></phr></stem><stem n="&quot;pipe&quot;"><phr n="&quot;pipe&quot;"><ent r="4" t="47" w="543" /></phr></stem><stem n="perfdata"><phr n="Perfdata"><ent r="4" t="47" w="550" /><ent r="4" t="47" w="552" /></phr><phr n="PERFDATA"><ent r="4" t="47" w="808" /></phr></stem><stem n="&quot;perfdata&quot;"><phr n="&quot;Perfdata&quot;"><ent r="4" t="47" w="551" /></phr></stem><stem n="(perform"><phr n="(Performance"><ent r="4" t="47" w="553" /></phr></stem><stem n="space-separ"><phr n="space-separated"><ent r="4" t="47" w="578" /></phr></stem><stem n="label'valu"><phr n="label'value"><ent r="3" t="47" w="586" /><ent r="3" t="47" w="585" /></phr></stem><stem n="uom"><phr n="UOM"><ent r="3" t="47" w="587" /></phr></stem><stem n="'label'=value[uom];[warn];[crit];[min];[max]"><phr n="'label'=value[UOM];[warn];[crit];[min];[max]"><ent r="3" t="47" w="592" /></phr></stem><stem n="_load"><phr n="_load"><ent r="3" t="47" w="600" /></phr></stem><stem n="check_load"><phr n="check_load"><ent r="3" t="47" w="600" /><ent r="3" t="47" w="599" /><ent r="3" t="47" w="627" /><ent r="3" t="47" w="626" /></phr></stem><stem n="./check_load"><phr n="./check_load"><ent r="3" t="47" w="627" /></phr></stem><stem n="15,10"><phr n="15,10"><ent r="3" t="47" w="630" /><ent r="3" t="47" w="629" /></phr></stem><stem n=",10,5"><phr n=",10,5"><ent r="3" t="47" w="631" /></phr></stem><stem n="15,10,5"><phr n="15,10,5"><ent r="3" t="47" w="631" /><ent r="3" t="47" w="629" /></phr></stem><stem n="30,25"><phr n="30,25"><ent r="3" t="47" w="634" /><ent r="3" t="47" w="633" /></phr></stem><stem n=",25,20"><phr n=",25,20"><ent r="3" t="47" w="635" /></phr></stem><stem n="30,25,20"><phr n="30,25,20"><ent r="3" t="47" w="635" /><ent r="3" t="47" w="633" /></phr></stem><stem n="0.95"><phr n="0.95"><ent r="3" t="47" w="640" /><ent r="3" t="47" w="639" /></phr></stem><stem n="95"><phr n="95"><ent r="3" t="47" w="640" /></phr></stem><stem n="0.95,"><phr n="0.95,"><ent r="3" t="47" w="640" /><ent r="3" t="47" w="639" /></phr></stem><stem n=".95,"><phr n=".95,"><ent r="3" t="47" w="641" /></phr></stem><stem n="0.72"><phr n="0.72"><ent r="3" t="47" w="642" /><ent r="3" t="47" w="641" /></phr></stem><stem n="0.72,"><phr n="0.72,"><ent r="3" t="47" w="642" /><ent r="3" t="47" w="641" /></phr></stem><stem n=".72,"><phr n=".72,"><ent r="3" t="47" w="643" /></phr></stem><stem n="0.64|load1"><phr n="0.64|load1"><ent r="3" t="47" w="644" /><ent r="3" t="47" w="643" /></phr></stem><stem n="64|load1"><phr n="64|load1"><ent r="3" t="47" w="644" /></phr></stem><stem n="0.0.954"><phr n="0.0.954"><ent r="3" t="47" w="646" /><ent r="3" t="47" w="643" /></phr></stem><stem n="954"><phr n="954"><ent r="3" t="47" w="646" /></phr></stem><stem n="15.000"><phr n="15.000"><ent r="3" t="47" w="648" /><ent r="3" t="47" w="647" /></phr></stem><stem n="000"><phr n="000"><ent r="3" t="47" w="648" /><ent r="3" t="47" w="650" /><ent r="3" t="47" w="656" /><ent r="3" t="47" w="658" /><ent r="3" t="47" w="664" /><ent r="3" t="47" w="666" /><ent r="3" t="55" w="652" /></phr></stem><stem n="30.000"><phr n="30.000"><ent r="3" t="47" w="650" /><ent r="3" t="47" w="649" /></phr></stem><stem n=".64|load1=0.954;15.000;30.000;0;"><phr n=".64|load1=0.954;15.000;30.000;0;"><ent r="3" t="47" w="652" /></phr></stem><stem n="load5"><phr n="load5"><ent r="3" t="47" w="652" /></phr></stem><stem n="0.718"><phr n="0.718"><ent r="3" t="47" w="654" /><ent r="3" t="47" w="653" /></phr></stem><stem n="718"><phr n="718"><ent r="3" t="47" w="654" /></phr></stem><stem n="10.000"><phr n="10.000"><ent r="3" t="47" w="656" /><ent r="3" t="47" w="655" /></phr></stem><stem n="25.000"><phr n="25.000"><ent r="3" t="47" w="658" /><ent r="3" t="47" w="657" /></phr></stem><stem n="=0.718;10.000;25.000;0;"><phr n="=0.718;10.000;25.000;0;"><ent r="3" t="47" w="660" /></phr></stem><stem n="load15"><phr n="load15"><ent r="3" t="47" w="660" /></phr></stem><stem n="0.635"><phr n="0.635"><ent r="3" t="47" w="662" /><ent r="3" t="47" w="661" /></phr></stem><stem n="635"><phr n="635"><ent r="3" t="47" w="662" /></phr></stem><stem n="5.000"><phr n="5.000"><ent r="3" t="47" w="664" /><ent r="3" t="47" w="663" /></phr></stem><stem n="20.000"><phr n="20.000"><ent r="3" t="47" w="666" /><ent r="3" t="47" w="665" /></phr></stem><stem n="=0.635;5.000;20.000;0;"><phr n="=0.635;5.000;20.000;0;"><ent r="3" t="47" w="668" /></phr></stem><stem n="5.0"><phr n="5.0"><ent r="82" t="47" w="727" /><ent r="82" t="47" w="726" /></phr></stem><stem n="familiar"><phr n="familiar"><ent r="3" t="47" w="731" /></phr></stem><stem n="took"><phr n="took"><ent r="4" t="47" w="785" /></phr></stem><stem n="&quot;condition&quot;"><phr n="&quot;condition&quot;"><ent r="4" t="47" w="793" /></phr></stem><stem n="&quot;reason&quot;"><phr n="&quot;reason&quot;"><ent r="4" t="47" w="795" /></phr></stem><stem n="presenc"><phr n="presence"><ent r="4" t="47" w="804" /></phr></stem><stem n="('perfdata')"><phr n="('PERFDATA')"><ent r="4" t="47" w="809" /></phr></stem><stem n="com.dartware.nagiosx"><phr n="com.dartware.nagiosx"><ent r="3" t="48" w="18" /><ent r="3" t="48" w="16" /></phr></stem><stem n="nagiosx"><phr n="nagiosx"><ent r="3" t="48" w="18" /></phr></stem><stem n="com.dartware.nagiosx.templ"><phr n="com.dartware.nagiosx.template"><ent r="3" t="48" w="19" /><ent r="3" t="48" w="16" /></phr></stem><stem n="(com.dartware.nagiosx.template)"><phr n="(com.dartware.nagiosx.template)"><ent r="3" t="48" w="20" /></phr></stem><stem n="nagios.templ"><phr n="nagios.template"><ent r="3" t="48" w="39" /><ent r="3" t="48" w="38" /></phr></stem><stem n="&quot;nagios.template&quot;"><phr n="&quot;nagios.template&quot;"><ent r="3" t="48" w="40" /></phr></stem><stem n="&quot;nagio"><phr n="&quot;Nagios"><ent r="3" t="48" w="42" /></phr></stem><stem n="1.6"><phr n="1.6"><ent r="3" t="48" w="46" /><ent r="3" t="48" w="45" /></phr></stem><stem n="&quot;1.6&quot;"><phr n="&quot;1.6&quot;"><ent r="3" t="48" w="47" /></phr></stem><stem n="miscellaneous/nagio"><phr n="Miscellaneous/Nagios"><ent r="3" t="48" w="53" /><ent r="3" t="48" w="52" /></phr></stem><stem n="&quot;miscellaneous/nagios/nagio"><phr n="&quot;Miscellaneous/Nagios/Nagios"><ent r="3" t="48" w="54" /></phr></stem><stem n="miscellaneous/nagios/nagio"><phr n="Miscellaneous/Nagios/Nagios"><ent r="3" t="48" w="54" /><ent r="3" t="48" w="52" /></phr></stem><stem n="\gb\nagio"><phr n="\GB\Nagios"><ent r="3" t="48" w="62" /></phr></stem><stem n="\i\plugin\p\"><phr n="\i\Plugin\p\"><ent r="3" t="48" w="109" /></phr></stem><stem n="\${address}"><phr n="\${ADDRESS}"><ent r="3" t="48" w="127" /></phr></stem><stem n="\${port}"><phr n="\${PORT}"><ent r="3" t="48" w="138" /></phr></stem><stem n="\u2\http://www.nagios.org\p0\"><phr n="\U2\http://www.nagios.org\P0\"><ent r="3" t="48" w="185" /></phr></stem><stem n="&quot;check_p"><phr n="&quot;check_ping"><ent r="3" t="48" w="190" /></phr></stem><stem n="-h"><phr n="-H"><ent r="3" t="48" w="191" /><ent r="3" t="48" w="191" /></phr></stem><stem n="{plugin}"><phr n="{Plugin}"><ent r="3" t="48" w="216" /></phr></stem><stem n="\b5\nagio"><phr n="\B5\NAGIOS"><ent r="3" t="48" w="256" /></phr></stem><stem n="{plugin}\p0\"><phr n="{Plugin}\P0\"><ent r="3" t="48" w="263" /></phr></stem><stem n="noaa"><phr n="NOAA"><ent r="1000" t="49" w="1" /><ent r="102" t="49" w="6" /><ent r="64" t="49" w="35" /><ent r="4" t="49" w="423" /><ent r="92" t="49" w="443" /><ent r="3" t="49" w="484" /><ent r="3" t="49" w="559" /><ent r="3" t="49" w="683" /></phr><phr n="noaa"><ent r="4" t="49" w="320" /><ent r="3" t="49" w="490" /><ent r="3" t="49" w="521" /><ent r="3" t="49" w="602" /><ent r="3" t="49" w="671" /><ent r="3" t="49" w="675" /><ent r="3" t="49" w="941" /></phr></stem><stem n="weather"><phr n="Weather"><ent r="1000" t="49" w="2" /><ent r="102" t="49" w="7" /><ent r="5" t="49" w="63" /><ent r="3" t="49" w="155" /><ent r="3" t="49" w="476" /><ent r="3" t="49" w="524" /><ent r="3" t="49" w="537" /><ent r="3" t="49" w="590" /><ent r="3" t="49" w="607" /></phr><phr n="weather"><ent r="64" t="49" w="36" /><ent r="4" t="49" w="81" /><ent r="4" t="49" w="106" /><ent r="3" t="49" w="128" /><ent r="4" t="49" w="321" /><ent r="3" t="49" w="485" /><ent r="3" t="49" w="560" /><ent r="3" t="49" w="573" /><ent r="3" t="49" w="580" /><ent r="3" t="49" w="603" /><ent r="3" t="49" w="672" /><ent r="3" t="49" w="676" /><ent r="3" t="49" w="691" /><ent r="3" t="49" w="700" /><ent r="3" t="49" w="791" /><ent r="3" t="49" w="942" /></phr></stem><stem n="fun"><phr n="fun"><ent r="3" t="49" w="25" /></phr></stem><stem n="citi"><phr n="city"><ent r="3" t="49" w="42" /><ent r="4" t="49" w="76" /><ent r="3" t="49" w="137" /><ent r="3" t="49" w="566" /></phr></stem><stem n="right-click"><phr n="Right-click"><ent r="4" t="49" w="50" /><ent r="4" t="50" w="170" /></phr></stem><stem n="-temp"><phr n="-Temp"><ent r="5" t="49" w="64" /><ent r="5" t="49" w="64" /></phr></stem><stem n="service-temp"><phr n="Service-Temp"><ent r="5" t="49" w="64" /><ent r="3" t="49" w="538" /></phr></stem><stem n="/test"><phr n="/Test"><ent r="4" t="49" w="71" /></phr></stem><stem n="categori"><phr n="category"><ent r="4" t="49" w="72" /><ent r="4" t="65" w="368" /></phr><phr n="categories"><ent r="3" t="70" w="66" /></phr></stem><stem n="closest"><phr n="closest"><ent r="4" t="49" w="80" /></phr></stem><stem n="station"><phr n="station"><ent r="4" t="49" w="82" /><ent r="4" t="49" w="107" /><ent r="3" t="49" w="736" /><ent r="3" t="49" w="756" /><ent r="3" t="49" w="803" /></phr><phr n="Station"><ent r="3" t="49" w="591" /><ent r="3" t="49" w="608" /></phr></stem><stem n="(kleb"><phr n="(KLEB"><ent r="4" t="49" w="83" /></phr></stem><stem n="kleb"><phr n="KLEB"><ent r="4" t="49" w="83" /><ent r="3" t="49" w="592" /><ent r="3" t="49" w="696" /></phr></stem><stem n="municip"><phr n="Municipal"><ent r="4" t="49" w="87" /></phr></stem><stem n="airport"><phr n="Airport"><ent r="4" t="49" w="88" /></phr></stem><stem n="half"><phr n="half"><ent r="4" t="49" w="91" /></phr></stem><stem n="south"><phr n="south"><ent r="4" t="49" w="95" /></phr></stem><stem n="launch"><phr n="launches"><ent r="3" t="49" w="121" /></phr></stem><stem n="meteorolog"><phr n="meteorological"><ent r="3" t="49" w="132" /></phr></stem><stem n="xml"><phr n="XML"><ent r="3" t="49" w="142" /><ent r="4" t="49" w="418" /><ent r="3" t="49" w="486" /><ent r="3" t="49" w="680" /><ent r="3" t="49" w="685" /><ent r="3" t="49" w="1013" /><ent r="4" t="59" w="146" /></phr><phr n="xml"><ent r="5" t="49" w="410" /><ent r="3" t="49" w="575" /><ent r="3" t="49" w="582" /><ent r="3" t="49" w="693" /><ent r="3" t="49" w="697" /><ent r="3" t="49" w="722" /><ent r="3" t="49" w="793" /><ent r="3" t="49" w="797" /><ent r="3" t="49" w="989" /><ent r="64" t="49" w="998" /><ent r="64" t="49" w="1022" /><ent r="4" t="59" w="142" /></phr></stem><stem n="(there'"><phr n="(There's"><ent r="3" t="49" w="149" /></phr></stem><stem n="there'"><phr n="There's"><ent r="3" t="49" w="149" /><ent r="3" t="49" w="148" /></phr></stem><stem n="you'r"><phr n="you're"><ent r="4" t="49" w="200" /><ent r="4" t="49" w="199" /></phr></stem><stem n="&quot;${python}"><phr n="&quot;${PYTHON}"><ent r="5" t="49" w="213" /></phr></stem><stem n="program.pi"><phr n="program.py"><ent r="5" t="49" w="214" /><ent r="5" t="49" w="213" /></phr></stem><stem n="linux/unix"><phr n="Linux/Unix"><ent r="4" t="49" w="231" /><ent r="4" t="49" w="230" /></phr></stem><stem n="linux/unix."><phr n="Linux/Unix."><ent r="4" t="49" w="231" /><ent r="4" t="49" w="230" /></phr></stem><stem n="/unix."><phr n="/Unix."><ent r="4" t="49" w="232" /></phr></stem><stem n="(imdc)"><phr n="(IMDC)"><ent r="4" t="49" w="243" /></phr></stem><stem n=".2"><phr n=".2"><ent r="4" t="49" w="254" /></phr></stem><stem n="5.2"><phr n="5.2"><ent r="4" t="49" w="254" /><ent r="4" t="49" w="253" /></phr></stem><stem n="sync"><phr n="sync"><ent r="4" t="49" w="297" /></phr></stem><stem n=":program-name&gt;"><phr n=":program-name&gt;"><ent r="5" t="49" w="305" /></phr></stem><stem n="program-name&gt;"><phr n="program-name&gt;"><ent r="5" t="49" w="305" /></phr></stem><stem n="noaa-weath"><phr n="noaa-weather"><ent r="4" t="49" w="320" /><ent r="3" t="49" w="602" /><ent r="3" t="49" w="671" /><ent r="3" t="49" w="675" /><ent r="3" t="49" w="941" /></phr></stem><stem n="noaa-weather.pi"><phr n="noaa-weather.py"><ent r="4" t="49" w="322" /><ent r="4" t="49" w="321" /><ent r="3" t="49" w="604" /><ent r="3" t="49" w="603" /><ent r="3" t="49" w="677" /><ent r="3" t="49" w="676" /></phr></stem><stem n="noaa-weather.py."><phr n="noaa-weather.py."><ent r="4" t="49" w="322" /><ent r="4" t="49" w="321" /></phr></stem><stem n="-weather.py."><phr n="-weather.py."><ent r="4" t="49" w="323" /><ent r="4" t="49" w="323" /></phr></stem><stem n="&lt;tools&gt;"><phr n="&lt;tools&gt;"><ent r="5" t="49" w="350" /></phr></stem><stem n="privat"><phr n="private"><ent r="4" t="49" w="356" /></phr></stem><stem n="coupl"><phr n="couple"><ent r="4" t="49" w="368" /></phr></stem><stem n="urllib2"><phr n="urllib2"><ent r="5" t="49" w="375" /><ent r="3" t="49" w="718" /><ent r="3" t="49" w="811" /><ent r="3" t="49" w="815" /><ent r="3" t="49" w="979" /><ent r="64" t="49" w="986" /></phr></stem><stem n="few"><phr n="few"><ent r="4" t="49" w="390" /></phr></stem><stem n="xml.dom"><phr n="xml.dom"><ent r="5" t="49" w="411" /><ent r="5" t="49" w="410" /><ent r="3" t="49" w="723" /><ent r="3" t="49" w="722" /><ent r="3" t="49" w="990" /><ent r="3" t="49" w="989" /></phr></stem><stem n="dom"><phr n="dom"><ent r="5" t="49" w="411" /><ent r="3" t="49" w="723" /><ent r="3" t="49" w="990" /><ent r="64" t="49" w="999" /></phr></stem><stem n=".dom.minidom"><phr n=".dom.minidom"><ent r="5" t="49" w="412" /><ent r="3" t="49" w="991" /></phr></stem><stem n="xml.dom.minidom"><phr n="xml.dom.minidom"><ent r="5" t="49" w="412" /><ent r="5" t="49" w="410" /><ent r="3" t="49" w="991" /><ent r="3" t="49" w="989" /></phr></stem><stem n="minidom"><phr n="minidom"><ent r="5" t="49" w="412" /><ent r="3" t="49" w="725" /><ent r="3" t="49" w="898" /><ent r="3" t="49" w="991" /><ent r="64" t="49" w="1000" /></phr></stem><stem n="particularli"><phr n="particularly"><ent r="4" t="49" w="429" /></phr></stem><stem n="-explain"><phr n="-explained"><ent r="4" t="49" w="430" /><ent r="4" t="49" w="430" /></phr></stem><stem n="well-explain"><phr n="well-explained"><ent r="4" t="49" w="430" /></phr></stem><stem n="chapter"><phr n="Chapter"><ent r="4" t="49" w="433" /></phr><phr n="chapter"><ent r="3" t="49" w="1011" /></phr></stem><stem n="dive"><phr n="Dive"><ent r="5" t="49" w="437" /><ent r="4" t="49" w="1004" /></phr></stem><stem n="editor"><phr n="editor"><ent r="3" t="49" w="460" /><ent r="3" t="65" w="280" /></phr></stem><stem n="file-&gt;import"><phr n="File-&gt;Import"><ent r="3" t="49" w="469" /></phr></stem><stem n="file-&gt;import-&gt;prob"><phr n="File-&gt;Import-&gt;Probe"><ent r="3" t="49" w="469" /></phr></stem><stem n="&gt;import"><phr n="&gt;Import"><ent r="3" t="49" w="470" /></phr></stem><stem n="&gt;import-&gt;prob"><phr n="&gt;Import-&gt;Probe"><ent r="3" t="49" w="470" /></phr></stem><stem n="&gt;probe"><phr n="&gt;Probe"><ent r="3" t="49" w="471" /></phr></stem><stem n="-&gt;import-&gt;probe..."><phr n="-&gt;Import-&gt;Probe..."><ent r="3" t="49" w="472" /><ent r="3" t="49" w="473" /></phr></stem><stem n="com.dartware.tool.noaa"><phr n="com.dartware.tool.noaa"><ent r="3" t="49" w="490" /><ent r="3" t="49" w="487" /></phr></stem><stem n="com.dartware.tool.noaa.txt"><phr n="com.dartware.tool.noaa.txt"><ent r="3" t="49" w="491" /><ent r="3" t="49" w="487" /></phr></stem><stem n="(com.dartware.tool.noaa.txt)"><phr n="(com.dartware.tool.noaa.txt)"><ent r="3" t="49" w="492" /></phr></stem><stem n="tool.noaa"><phr n="tool.noaa"><ent r="3" t="49" w="521" /><ent r="3" t="49" w="520" /></phr></stem><stem n="&quot;tool.noaa&quot;"><phr n="&quot;tool.noaa&quot;"><ent r="3" t="49" w="522" /></phr></stem><stem n="&quot;weather"><phr n="&quot;Weather"><ent r="3" t="49" w="524" /><ent r="3" t="49" w="590" /></phr></stem><stem n="service-temperatur"><phr n="Service-Temperature"><ent r="3" t="49" w="525" /></phr></stem><stem n="-temperature&quot;"><phr n="-Temperature&quot;"><ent r="3" t="49" w="527" /><ent r="3" t="49" w="527" /></phr></stem><stem n="&quot;miscellaneous/test/weath"><phr n="&quot;Miscellaneous/Test/Weather"><ent r="3" t="49" w="537" /></phr></stem><stem n="miscellaneous/test/weath"><phr n="Miscellaneous/Test/Weather"><ent r="3" t="49" w="537" /><ent r="3" t="49" w="535" /></phr></stem><stem n="-temp&quot;"><phr n="-Temp&quot;"><ent r="3" t="49" w="540" /><ent r="3" t="49" w="540" /></phr></stem><stem n="\gb\retriev"><phr n="\GB\Retrieve"><ent r="3" t="49" w="545" /></phr></stem><stem n="u4"><phr n="u4"><ent r="3" t="49" w="570" /></phr></stem><stem n="www.weather"><phr n="www.weather"><ent r="3" t="49" w="573" /><ent r="3" t="49" w="572" /><ent r="3" t="49" w="580" /><ent r="3" t="49" w="579" /><ent r="3" t="49" w="691" /><ent r="3" t="49" w="690" /><ent r="3" t="49" w="791" /><ent r="3" t="49" w="790" /></phr></stem><stem n="www.weather.gov"><phr n="www.weather.gov"><ent r="3" t="49" w="574" /><ent r="3" t="49" w="572" /><ent r="3" t="49" w="581" /><ent r="3" t="49" w="579" /><ent r="3" t="49" w="692" /><ent r="3" t="49" w="690" /><ent r="3" t="49" w="792" /><ent r="3" t="49" w="790" /></phr></stem><stem n="gov"><phr n="gov"><ent r="3" t="49" w="574" /><ent r="3" t="49" w="581" /><ent r="3" t="49" w="692" /><ent r="3" t="49" w="792" /></phr></stem><stem n="www.weather.gov/xml"><phr n="www.weather.gov/xml"><ent r="3" t="49" w="575" /><ent r="3" t="49" w="572" /><ent r="3" t="49" w="582" /><ent r="3" t="49" w="579" /><ent r="3" t="49" w="693" /><ent r="3" t="49" w="690" /><ent r="3" t="49" w="793" /><ent r="3" t="49" w="790" /></phr></stem><stem n="www.weather.gov/xml/curr"><phr n="www.weather.gov/xml/current"><ent r="3" t="49" w="576" /><ent r="3" t="49" w="572" /><ent r="3" t="49" w="583" /><ent r="3" t="49" w="579" /><ent r="3" t="49" w="694" /><ent r="3" t="49" w="690" /><ent r="3" t="49" w="794" /><ent r="3" t="49" w="790" /></phr></stem><stem n="www.weather.gov/xml/current_ob"><phr n="www.weather.gov/xml/current_obs"><ent r="3" t="49" w="577" /><ent r="3" t="49" w="572" /><ent r="3" t="49" w="584" /><ent r="3" t="49" w="579" /><ent r="3" t="49" w="695" /><ent r="3" t="49" w="690" /><ent r="3" t="49" w="795" /><ent r="3" t="49" w="790" /></phr></stem><stem n="ob"><phr n="obs"><ent r="3" t="49" w="577" /><ent r="3" t="49" w="584" /><ent r="3" t="49" w="695" /><ent r="3" t="49" w="795" /></phr></stem><stem n="www.weather.gov/xml/current_obs/"><phr n="www.weather.gov/xml/current_obs/"><ent r="3" t="49" w="577" /><ent r="3" t="49" w="572" /><ent r="3" t="49" w="584" /><ent r="3" t="49" w="579" /><ent r="3" t="49" w="795" /><ent r="3" t="49" w="790" /></phr></stem><stem n="\u4=http://www.weather.gov/xml/current_obs/\http://www.weather.gov/xml/current_obs/\p0\"><phr n="\u4=http://www.weather.gov/xml/current_obs/\http://www.weather.gov/xml/current_obs/\p0\"><ent r="3" t="49" w="586" /></phr></stem><stem n="&quot;kleb&quot;"><phr n="&quot;KLEB&quot;"><ent r="3" t="49" w="593" /></phr></stem><stem n="-weather.py&quot;"><phr n="-weather.py&quot;"><ent r="3" t="49" w="605" /><ent r="3" t="49" w="605" /></phr></stem><stem n="=&quot;${weather"><phr n="=&quot;${Weather"><ent r="3" t="49" w="607" /></phr></stem><stem n="$loc"><phr n="$loc"><ent r="3" t="49" w="658" /><ent r="3" t="49" w="875" /><ent r="3" t="49" w="925" /></phr></stem><stem n="\3g\degre"><phr n="\3g\degrees"><ent r="3" t="49" w="663" /></phr></stem><stem n=":noaa-weather.py&gt;"><phr n=":noaa-weather.py&gt;"><ent r="3" t="49" w="673" /></phr></stem><stem n="noaa-weather.py&gt;"><phr n="noaa-weather.py&gt;"><ent r="3" t="49" w="673" /><ent r="3" t="49" w="672" /><ent r="3" t="49" w="943" /><ent r="3" t="49" w="942" /></phr></stem><stem n="-weather.pi"><phr n="-weather.py"><ent r="3" t="49" w="677" /><ent r="3" t="49" w="677" /></phr></stem><stem n="noaa'"><phr n="NOAA's"><ent r="3" t="49" w="684" /><ent r="3" t="49" w="683" /></phr></stem><stem n=".g.,"><phr n=".g.,"><ent r="3" t="49" w="689" /></phr></stem><stem n="www.weather.gov/xml/current_obs/kleb"><phr n="www.weather.gov/xml/current_obs/KLEB"><ent r="3" t="49" w="696" /><ent r="3" t="49" w="690" /></phr></stem><stem n="://www.weather.gov/xml/current_obs/kleb.xml"><phr n="://www.weather.gov/xml/current_obs/KLEB.xml"><ent r="3" t="49" w="697" /></phr></stem><stem n="www.weather.gov/xml/current_obs/kleb.xml"><phr n="www.weather.gov/xml/current_obs/KLEB.xml"><ent r="3" t="49" w="697" /><ent r="3" t="49" w="690" /></phr></stem><stem n="-relat"><phr n="-related"><ent r="3" t="49" w="700" /><ent r="3" t="49" w="700" /><ent r="6" t="70" w="590" /><ent r="6" t="70" w="590" /></phr></stem><stem n="weather-rel"><phr n="weather-related"><ent r="3" t="49" w="700" /></phr></stem><stem n="urllib"><phr n="urllib"><ent r="3" t="49" w="716" /><ent r="3" t="49" w="800" /><ent r="3" t="60" w="226" /></phr></stem><stem n="htmllib"><phr n="htmllib"><ent r="3" t="49" w="720" /></phr></stem><stem n=".dom"><phr n=".dom"><ent r="3" t="49" w="723" /></phr></stem><stem n="httplib"><phr n="httplib"><ent r="3" t="49" w="727" /></phr></stem><stem n="httplib.httpconnect"><phr n="httplib.HTTPConnection"><ent r="3" t="49" w="728" /><ent r="3" t="49" w="727" /></phr></stem><stem n="httpconnect"><phr n="HTTPConnection"><ent r="3" t="49" w="728" /></phr></stem><stem n=".httpconnection.debuglevel"><phr n=".HTTPConnection.debuglevel"><ent r="3" t="49" w="729" /></phr></stem><stem n="httplib.httpconnection.debuglevel"><phr n="httplib.HTTPConnection.debuglevel"><ent r="3" t="49" w="729" /><ent r="3" t="49" w="727" /></phr></stem><stem n="debuglevel"><phr n="debuglevel"><ent r="3" t="49" w="729" /></phr></stem><stem n="...."><phr n="...."><ent r="3" t="49" w="733" /></phr></stem><stem n="[0]"><phr n="[0]"><ent r="3" t="49" w="759" /><ent r="3" t="49" w="909" /></phr></stem><stem n="userag"><phr n="userAgent"><ent r="3" t="49" w="759" /><ent r="3" t="49" w="823" /></phr></stem><stem n="mozilla"><phr n="Mozilla"><ent r="3" t="49" w="760" /></phr></stem><stem n="mozilla/5"><phr n="Mozilla/5"><ent r="3" t="49" w="761" /><ent r="3" t="49" w="760" /></phr></stem><stem n="&quot;mozilla/5.0"><phr n="&quot;Mozilla/5.0"><ent r="3" t="49" w="762" /></phr></stem><stem n="mozilla/5.0"><phr n="Mozilla/5.0"><ent r="3" t="49" w="762" /><ent r="3" t="49" w="760" /></phr></stem><stem n="(macintosh;"><phr n="(Macintosh;"><ent r="3" t="49" w="764" /></phr></stem><stem n="intel"><phr n="Intel"><ent r="3" t="49" w="765" /></phr></stem><stem n="10_5"><phr n="10_5"><ent r="3" t="49" w="770" /><ent r="3" t="49" w="769" /></phr></stem><stem n="10_5_5"><phr n="10_5_5"><ent r="3" t="49" w="771" /><ent r="3" t="49" w="769" /></phr></stem><stem n="_5_5;"><phr n="_5_5;"><ent r="3" t="49" w="772" /></phr></stem><stem n="en"><phr n="en"><ent r="3" t="49" w="772" /></phr><phr n="EN"><ent r="3" t="67" w="107" /></phr></stem><stem n="en-u"><phr n="en-us"><ent r="3" t="49" w="772" /></phr></stem><stem n="-us)"><phr n="-us)"><ent r="3" t="49" w="774" /><ent r="3" t="49" w="774" /></phr></stem><stem n="applewebkit"><phr n="AppleWebKit"><ent r="3" t="49" w="774" /></phr></stem><stem n="applewebkit/525"><phr n="AppleWebKit/525"><ent r="3" t="49" w="775" /><ent r="3" t="49" w="774" /></phr></stem><stem n="525"><phr n="525"><ent r="3" t="49" w="775" /><ent r="3" t="49" w="785" /></phr></stem><stem n="/525.18"><phr n="/525.18"><ent r="3" t="49" w="776" /></phr></stem><stem n="applewebkit/525.18"><phr n="AppleWebKit/525.18"><ent r="3" t="49" w="776" /><ent r="3" t="49" w="774" /></phr></stem><stem n="khtml"><phr n="KHTML"><ent r="3" t="49" w="777" /></phr></stem><stem n="(khtml,"><phr n="(KHTML,"><ent r="3" t="49" w="778" /></phr></stem><stem n="gecko"><phr n="Gecko"><ent r="3" t="49" w="779" /></phr></stem><stem n="version/3"><phr n="Version/3"><ent r="3" t="49" w="781" /><ent r="3" t="49" w="780" /></phr></stem><stem n="version/3.1"><phr n="Version/3.1"><ent r="3" t="49" w="782" /><ent r="3" t="49" w="780" /></phr></stem><stem n="/3.1.2"><phr n="/3.1.2"><ent r="3" t="49" w="783" /></phr></stem><stem n="version/3.1.2"><phr n="Version/3.1.2"><ent r="3" t="49" w="783" /><ent r="3" t="49" w="780" /></phr></stem><stem n="safari"><phr n="Safari"><ent r="3" t="49" w="784" /></phr></stem><stem n="safari/525"><phr n="Safari/525"><ent r="3" t="49" w="785" /><ent r="3" t="49" w="784" /></phr></stem><stem n="safari/525.20"><phr n="Safari/525.20"><ent r="3" t="49" w="786" /><ent r="3" t="49" w="784" /></phr></stem><stem n="safari/525.20.1"><phr n="Safari/525.20.1"><ent r="3" t="49" w="787" /><ent r="3" t="49" w="784" /></phr></stem><stem n="/525.20.1&quot;"><phr n="/525.20.1&quot;"><ent r="3" t="49" w="788" /></phr></stem><stem n="noaastr"><phr n="noaaString"><ent r="3" t="49" w="788" /><ent r="3" t="49" w="798" /><ent r="3" t="49" w="799" /><ent r="3" t="49" w="806" /><ent r="3" t="49" w="813" /></phr></stem><stem n="s.xml"><phr n="s.xml"><ent r="3" t="49" w="797" /><ent r="3" t="49" w="796" /></phr></stem><stem n="&quot;http://www.weather.gov/xml/current_obs/%s.xml&quot;"><phr n="&quot;http://www.weather.gov/xml/current_obs/%s.xml&quot;"><ent r="3" t="49" w="798" /></phr></stem><stem n="urllib.quot"><phr n="urllib.quote"><ent r="3" t="49" w="801" /><ent r="3" t="49" w="800" /></phr></stem><stem n="urllib.quote_plu"><phr n="urllib.quote_plus"><ent r="3" t="49" w="802" /><ent r="3" t="49" w="800" /></phr></stem><stem n="(urllib.quote_plus(station))"><phr n="(urllib.quote_plus(station))"><ent r="3" t="49" w="804" /></phr></stem><stem n="urllib2.request"><phr n="urllib2.Request"><ent r="3" t="49" w="812" /><ent r="3" t="49" w="811" /></phr></stem><stem n=".request(noaastring)"><phr n=".Request(noaaString)"><ent r="3" t="49" w="814" /></phr></stem><stem n="urllib2.build"><phr n="urllib2.build"><ent r="3" t="49" w="816" /><ent r="3" t="49" w="815" /></phr></stem><stem n="urllib2.build_open"><phr n="urllib2.build_opener"><ent r="3" t="49" w="817" /><ent r="3" t="49" w="815" /></phr></stem><stem n=".build_opener()"><phr n=".build_opener()"><ent r="3" t="49" w="818" /></phr></stem><stem n="request.add"><phr n="request.add"><ent r="3" t="49" w="819" /><ent r="3" t="49" w="818" /></phr></stem><stem n="request.add_head"><phr n="request.add_header"><ent r="3" t="49" w="820" /><ent r="3" t="49" w="818" /></phr></stem><stem n="user-ag"><phr n="User-Agent"><ent r="3" t="49" w="821" /></phr></stem><stem n=".add_header('user-agent',"><phr n=".add_header('User-Agent',"><ent r="3" t="49" w="823" /></phr></stem><stem n="usock"><phr n="usock"><ent r="3" t="49" w="824" /><ent r="3" t="49" w="900" /></phr></stem><stem n="opener.open"><phr n="opener.open"><ent r="3" t="49" w="826" /><ent r="3" t="49" w="825" /></phr></stem><stem n=".open(request)"><phr n=".open(request)"><ent r="3" t="49" w="828" /></phr></stem><stem n="buf"><phr n="buf"><ent r="3" t="49" w="829" /></phr></stem><stem n="resp"><phr n="resp"><ent r="3" t="49" w="837" /><ent r="3" t="49" w="857" /><ent r="3" t="49" w="879" /></phr></stem><stem n="'we"><phr n="'We"><ent r="3" t="49" w="838" /></phr></stem><stem n="'wrong"><phr n="'Wrong"><ent r="3" t="49" w="847" /></phr></stem><stem n="?'"><phr n="?'"><ent r="3" t="49" w="850" /></phr></stem><stem n=".reason[1]"><phr n=".reason[1]"><ent r="3" t="49" w="853" /></phr></stem><stem n="'the"><phr n="'The"><ent r="3" t="49" w="858" /></phr></stem></index>