<?xml version="1.0" encoding="utf-8"?><index><stem n=".exit(retcode)"><phr n=".exit(retcode)"><ent r="3" t="14" w="1326" /><ent r="3" t="44" w="688" /><ent r="3" t="49" w="885" /><ent r="3" t="49" w="939" /></phr></stem><stem n="/tool&gt;"><phr n="/tool&gt;"><ent r="3" t="14" w="1327" /></phr></stem><stem n="&lt;/tool&gt;"><phr n="&lt;/tool&gt;"><ent r="3" t="14" w="1327" /><ent r="3" t="14" w="1326" /></phr></stem><stem n="tool&gt;"><phr n="tool&gt;"><ent r="3" t="14" w="1327" /></phr></stem><stem n="=&quot;custom-snmp&quot;"><phr n="=&quot;custom-snmp&quot;"><ent r="3" t="15" w="10" /></phr></stem><stem n="&lt;snmp-device-vari"><phr n="&lt;snmp-device-variables"><ent r="100" t="15" w="12" /><ent r="66" t="15" w="495" /><ent r="1000" t="19" w="2" /><ent r="103" t="19" w="10" /><ent r="3" t="19" w="568" /><ent r="4" t="19" w="730" /><ent r="3" t="19" w="1041" /><ent r="3" t="19" w="1325" /><ent r="3" t="19" w="1635" /><ent r="4" t="19" w="1935" /><ent r="4" t="26" w="1081" /></phr></stem><stem n="&lt;snmp-device-threshold"><phr n="&lt;snmp-device-threshold"><ent r="100" t="15" w="17" /></phr></stem><stem n="-name"><phr n="-name"><ent r="100" t="15" w="24" /><ent r="100" t="15" w="24" /><ent r="100" t="16" w="15" /><ent r="100" t="16" w="15" /><ent r="4" t="34" w="916" /><ent r="4" t="34" w="916" /></phr></stem><stem n="variable-nam"><phr n="Variable-name"><ent r="100" t="15" w="24" /><ent r="100" t="16" w="15" /><ent r="3" t="16" w="99" /><ent r="3" t="16" w="118" /><ent r="3" t="16" w="1171" /></phr><phr n="variable-name"><ent r="4" t="34" w="916" /></phr></stem><stem n=":cpu"><phr n=":CPU"><ent r="100" t="15" w="39" /></phr></stem><stem n="aren"><phr n="aren"><ent r="3" t="15" w="57" /></phr></stem><stem n="aren't"><phr n="aren't"><ent r="3" t="15" w="58" /><ent r="3" t="15" w="57" /></phr></stem><stem n="insid"><phr n="inside"><ent r="3" t="15" w="78" /><ent r="4" t="35" w="805" /><ent r="3" t="61" w="237" /></phr></stem><stem n="switch"><phr n="switch"><ent r="3" t="15" w="81" /><ent r="4" t="19" w="208" /><ent r="3" t="56" w="107" /><ent r="3" t="56" w="176" /><ent r="3" t="56" w="192" /><ent r="4" t="61" w="413" /></phr><phr n="Switch"><ent r="3" t="56" w="630" /><ent r="3" t="56" w="694" /></phr></stem><stem n="closur"><phr n="closures"><ent r="3" t="15" w="82" /></phr></stem><stem n=":string"><phr n=":String"><ent r="100" t="15" w="88" /><ent r="100" t="24" w="225" /><ent r="100" t="35" w="160" /></phr><phr n=":STRING"><ent r="3" t="24" w="1006" /><ent r="3" t="24" w="1065" /></phr></stem><stem n="here'"><phr n="Here's"><ent r="3" t="15" w="110" /><ent r="3" t="15" w="109" /><ent r="3" t="19" w="330" /><ent r="3" t="19" w="329" /><ent r="3" t="26" w="739" /><ent r="3" t="26" w="738" /><ent r="3" t="29" w="632" /><ent r="3" t="29" w="631" /></phr></stem><stem n="(call"><phr n="(called"><ent r="4" t="15" w="129" /><ent r="3" t="65" w="96" /></phr></stem><stem n="seri"><phr n="series"><ent r="4" t="15" w="174" /><ent r="6" t="16" w="650" /><ent r="4" t="47" w="557" /></phr></stem><stem n="trigger"><phr n="triggered"><ent r="4" t="15" w="192" /><ent r="4" t="17" w="73" /><ent r="4" t="17" w="238" /><ent r="3" t="17" w="295" /><ent r="3" t="17" w="301" /></phr><phr n="triggers"><ent r="3" t="22" w="298" /><ent r="3" t="22" w="302" /><ent r="3" t="23" w="234" /></phr></stem><stem n="(generally,"><phr n="(generally,"><ent r="4" t="15" w="194" /></phr></stem><stem n="wors"><phr n="worse"><ent r="4" t="15" w="219" /><ent r="3" t="21" w="341" /></phr></stem><stem n="&quot;worse&quot;"><phr n="&quot;worse&quot;"><ent r="4" t="15" w="220" /><ent r="3" t="21" w="342" /></phr></stem><stem n="fundament"><phr n="fundamental"><ent r="4" t="15" w="292" /><ent r="4" t="34" w="202" /><ent r="4" t="40" w="138" /></phr></stem><stem n="handl"><phr n="handle"><ent r="3" t="15" w="375" /><ent r="4" t="47" w="864" /></phr><phr n="handling"><ent r="3" t="32" w="16" /></phr><phr n="Handling"><ent r="100" t="35" w="214" /><ent r="100" t="35" w="216" /><ent r="100" t="35" w="218" /><ent r="65" t="35" w="222" /><ent r="92" t="35" w="1464" /></phr><phr n="handled"><ent r="4" t="40" w="686" /><ent r="4" t="40" w="741" /></phr></stem><stem n="-device-variables-ondemand&gt;"><phr n="-device-variables-ondemand&gt;"><ent r="66" t="15" w="495" /><ent r="66" t="15" w="497" /><ent r="1000" t="19" w="2" /><ent r="1000" t="19" w="4" /><ent r="103" t="19" w="10" /><ent r="103" t="19" w="12" /><ent r="3" t="19" w="568" /><ent r="3" t="19" w="570" /><ent r="4" t="19" w="730" /><ent r="4" t="19" w="732" /><ent r="3" t="19" w="1041" /><ent r="3" t="19" w="1043" /><ent r="3" t="19" w="1325" /><ent r="3" t="19" w="1327" /><ent r="3" t="19" w="1635" /><ent r="3" t="19" w="1637" /><ent r="4" t="19" w="1935" /><ent r="4" t="19" w="1937" /><ent r="4" t="26" w="1081" /><ent r="4" t="26" w="1083" /></phr></stem><stem n="&lt;snmp-device-variables-ondemand&gt;"><phr n="&lt;snmp-device-variables-ondemand&gt;"><ent r="66" t="15" w="495" /><ent r="1000" t="19" w="2" /><ent r="103" t="19" w="10" /><ent r="3" t="19" w="568" /><ent r="4" t="19" w="730" /><ent r="3" t="19" w="1041" /><ent r="3" t="19" w="1325" /><ent r="3" t="19" w="1635" /><ent r="4" t="19" w="1935" /><ent r="4" t="26" w="1081" /></phr></stem><stem n="device-variables-ondemand&gt;"><phr n="device-variables-ondemand&gt;"><ent r="66" t="15" w="496" /><ent r="1000" t="19" w="3" /><ent r="103" t="19" w="11" /><ent r="3" t="19" w="569" /><ent r="3" t="19" w="712" /><ent r="4" t="19" w="731" /><ent r="3" t="19" w="1042" /><ent r="3" t="19" w="1138" /><ent r="3" t="19" w="1326" /><ent r="3" t="19" w="1370" /><ent r="3" t="19" w="1636" /><ent r="3" t="19" w="1725" /><ent r="4" t="19" w="1936" /><ent r="4" t="26" w="1082" /></phr></stem><stem n="variables-ondemand&gt;"><phr n="variables-ondemand&gt;"><ent r="66" t="15" w="497" /><ent r="1000" t="19" w="4" /><ent r="103" t="19" w="12" /><ent r="3" t="19" w="570" /><ent r="3" t="19" w="713" /><ent r="4" t="19" w="732" /><ent r="3" t="19" w="1043" /><ent r="3" t="19" w="1139" /><ent r="3" t="19" w="1327" /><ent r="3" t="19" w="1371" /><ent r="3" t="19" w="1637" /><ent r="3" t="19" w="1726" /><ent r="4" t="19" w="1937" /><ent r="4" t="26" w="1083" /></phr></stem><stem n="ondemand&gt;"><phr n="ondemand&gt;"><ent r="66" t="15" w="498" /><ent r="1000" t="19" w="5" /><ent r="103" t="19" w="13" /><ent r="3" t="19" w="571" /><ent r="3" t="19" w="714" /><ent r="4" t="19" w="733" /><ent r="3" t="19" w="1044" /><ent r="3" t="19" w="1140" /><ent r="3" t="19" w="1328" /><ent r="3" t="19" w="1372" /><ent r="3" t="19" w="1638" /><ent r="3" t="19" w="1727" /><ent r="4" t="19" w="1938" /><ent r="4" t="26" w="1084" /></phr></stem><stem n="tabular"><phr n="tabular"><ent r="4" t="15" w="513" /><ent r="4" t="16" w="1098" /><ent r="3" t="19" w="28" /></phr></stem><stem n="&quot;on"><phr n="&quot;on"><ent r="4" t="15" w="519" /><ent r="3" t="19" w="34" /></phr></stem><stem n="demand"><phr n="demand"><ent r="4" t="15" w="520" /><ent r="3" t="19" w="35" /><ent r="3" t="19" w="68" /><ent r="3" t="19" w="94" /><ent r="3" t="19" w="98" /><ent r="3" t="19" w="120" /><ent r="3" t="19" w="399" /><ent r="3" t="19" w="536" /><ent r="3" t="19" w="721" /><ent r="4" t="19" w="816" /><ent r="3" t="19" w="1169" /><ent r="92" t="19" w="1512" /><ent r="3" t="19" w="1524" /><ent r="92" t="19" w="1731" /><ent r="3" t="19" w="1807" /><ent r="4" t="19" w="1862" /><ent r="4" t="19" w="1892" /></phr><phr n="Demand"><ent r="65" t="16" w="1085" /></phr></stem><stem n="var"><phr n="Var"><ent r="100" t="16" w="19" /><ent r="100" t="24" w="20" /></phr><phr n="var"><ent r="4" t="24" w="200" /></phr></stem><stem n="[variable-name],"><phr n="[Variable-name],"><ent r="3" t="16" w="101" /></phr></stem><stem n="[oid],"><phr n="[OID],"><ent r="3" t="16" w="102" /><ent r="3" t="16" w="403" /></phr></stem><stem n="[type],"><phr n="[Type],"><ent r="3" t="16" w="103" /><ent r="3" t="16" w="404" /></phr></stem><stem n="chart-legend"><phr n="Chart-legend"><ent r="3" t="16" w="103" /><ent r="5" t="16" w="982" /></phr></stem><stem n="[chart-legend]"><phr n="[Chart-legend]"><ent r="3" t="16" w="105" /></phr></stem><stem n="--variable-nam"><phr n="--Variable-name"><ent r="3" t="16" w="118" /><ent r="3" t="16" w="120" /><ent r="3" t="16" w="1171" /><ent r="3" t="16" w="1173" /></phr></stem><stem n="---"><phr n="---"><ent r="3" t="16" w="121" /><ent r="3" t="16" w="123" /><ent r="3" t="16" w="1174" /><ent r="3" t="16" w="1176" /></phr></stem><stem n="------"><phr n="------"><ent r="3" t="16" w="124" /><ent r="3" t="16" w="129" /><ent r="3" t="16" w="1177" /><ent r="3" t="16" w="1182" /></phr></stem><stem n="1.3.6.1.2.1.4.4"><phr n="1.3.6.1.2.1.4.4"><ent r="3" t="16" w="148" /><ent r="3" t="16" w="141" /><ent r="3" t="16" w="1200" /><ent r="3" t="16" w="1193" /><ent r="4" t="16" w="1341" /><ent r="4" t="16" w="1334" /></phr></stem><stem n="1.3.6.1.2.1.4.4.0"><phr n="1.3.6.1.2.1.4.4.0"><ent r="3" t="16" w="149" /><ent r="3" t="16" w="141" /><ent r="3" t="16" w="1201" /><ent r="3" t="16" w="1193" /><ent r="4" t="16" w="1342" /><ent r="4" t="16" w="1334" /></phr></stem><stem n="1.3.6.1.2.1.4.4.0,"><phr n="1.3.6.1.2.1.4.4.0,"><ent r="3" t="16" w="149" /><ent r="3" t="16" w="141" /><ent r="3" t="16" w="1201" /><ent r="3" t="16" w="1193" /><ent r="4" t="16" w="1342" /><ent r="4" t="16" w="1334" /></phr></stem><stem n=".3.6.1.2.1.4.4.0,"><phr n=".3.6.1.2.1.4.4.0,"><ent r="3" t="16" w="150" /><ent r="3" t="16" w="1202" /><ent r="4" t="16" w="1343" /></phr></stem><stem n="per-minut"><phr n="PER-MINUTE"><ent r="3" t="16" w="150" /><ent r="3" t="16" w="1202" /><ent r="4" t="29" w="795" /></phr><phr n="Per-minute"><ent r="100" t="16" w="525" /><ent r="7" t="16" w="760" /></phr></stem><stem n="-minute,"><phr n="-MINUTE,"><ent r="3" t="16" w="152" /><ent r="3" t="16" w="152" /><ent r="3" t="16" w="1204" /><ent r="3" t="16" w="1204" /></phr><phr n="-minute,"><ent r="3" t="64" w="31" /><ent r="3" t="64" w="31" /></phr></stem><stem n="&quot;ip"><phr n="&quot;IP"><ent r="3" t="16" w="152" /><ent r="3" t="16" w="1204" /><ent r="3" t="19" w="1354" /></phr></stem><stem n="1.3.6.1.2.1.6"><phr n="1.3.6.1.2.1.6"><ent r="3" t="16" w="164" /><ent r="3" t="16" w="158" /></phr></stem><stem n="1.3.6.1.2.1.6.9"><phr n="1.3.6.1.2.1.6.9"><ent r="3" t="16" w="165" /><ent r="3" t="16" w="158" /></phr></stem><stem n="1.3.6.1.2.1.6.9.0"><phr n="1.3.6.1.2.1.6.9.0"><ent r="3" t="16" w="166" /><ent r="3" t="16" w="158" /></phr></stem><stem n="1.3.6.1.2.1.6.9.0,"><phr n="1.3.6.1.2.1.6.9.0,"><ent r="3" t="16" w="166" /><ent r="3" t="16" w="158" /></phr></stem><stem n=".3.6.1.2.1.6.9.0,"><phr n=".3.6.1.2.1.6.9.0,"><ent r="3" t="16" w="167" /></phr></stem><stem n="&quot;number"><phr n="&quot;Number"><ent r="3" t="16" w="168" /></phr></stem><stem n="conn"><phr n="conn"><ent r="3" t="16" w="171" /></phr><phr n="CONN"><ent r="100" t="37" w="144" /><ent r="65" t="37" w="331" /><ent r="4" t="37" w="564" /><ent r="83" t="37" w="1197" /><ent r="5" t="37" w="1205" /><ent r="5" t="37" w="1235" /><ent r="5" t="37" w="1258" /><ent r="5" t="37" w="1298" /><ent r="3" t="37" w="2075" /><ent r="100" t="39" w="178" /><ent r="3" t="39" w="451" /></phr></stem><stem n="conn'"><phr n="conn's"><ent r="3" t="16" w="172" /><ent r="3" t="16" w="171" /></phr></stem><stem n="'s&quot;"><phr n="'s&quot;"><ent r="3" t="16" w="173" /></phr></stem><stem n="sysdescr"><phr n="sysDescr"><ent r="3" t="16" w="174" /><ent r="3" t="16" w="1177" /><ent r="4" t="16" w="1657" /><ent r="5" t="16" w="1675" /><ent r="3" t="24" w="2754" /><ent r="3" t="24" w="2775" /><ent r="3" t="24" w="2801" /><ent r="4" t="24" w="2845" /></phr><phr n="SysDescr"><ent r="100" t="16" w="225" /><ent r="100" t="16" w="1155" /></phr></stem><stem n="1.3.6.1.2.1.1"><phr n="1.3.6.1.2.1.1"><ent r="3" t="16" w="181" /><ent r="3" t="16" w="175" /><ent r="3" t="16" w="1184" /><ent r="3" t="16" w="1178" /><ent r="4" t="16" w="1256" /><ent r="4" t="16" w="1250" /><ent r="4" t="16" w="1298" /><ent r="4" t="16" w="1292" /><ent r="5" t="16" w="1669" /><ent r="5" t="16" w="1663" /><ent r="3" t="24" w="2808" /><ent r="3" t="24" w="2802" /><ent r="4" t="24" w="2855" /><ent r="4" t="24" w="2849" /><ent r="3" t="54" w="353" /><ent r="3" t="54" w="347" /><ent r="3" t="54" w="364" /><ent r="3" t="54" w="358" /><ent r="3" t="54" w="386" /><ent r="3" t="54" w="380" /><ent r="3" t="55" w="867" /><ent r="3" t="55" w="861" /><ent r="3" t="55" w="884" /><ent r="3" t="55" w="878" /><ent r="3" t="55" w="908" /><ent r="3" t="55" w="902" /><ent r="3" t="55" w="924" /><ent r="3" t="55" w="918" /><ent r="3" t="55" w="942" /><ent r="3" t="55" w="936" /><ent r="3" t="55" w="961" /><ent r="3" t="55" w="955" /><ent r="3" t="55" w="980" /><ent r="3" t="55" w="974" /><ent r="3" t="55" w="996" /><ent r="3" t="55" w="990" /><ent r="3" t="55" w="1012" /><ent r="3" t="55" w="1006" /><ent r="3" t="55" w="1024" /><ent r="3" t="55" w="1018" /><ent r="3" t="55" w="1038" /><ent r="3" t="55" w="1032" /><ent r="3" t="55" w="1057" /><ent r="3" t="55" w="1051" /><ent r="3" t="56" w="623" /><ent r="3" t="56" w="617" /><ent r="3" t="56" w="639" /><ent r="3" t="56" w="633" /><ent r="3" t="56" w="661" /><ent r="3" t="56" w="655" /><ent r="3" t="56" w="675" /><ent r="3" t="56" w="669" /><ent r="3" t="56" w="688" /><ent r="3" t="56" w="682" /></phr></stem><stem n="1.3.6.1.2.1.1.1"><phr n="1.3.6.1.2.1.1.1"><ent r="3" t="16" w="182" /><ent r="3" t="16" w="175" /><ent r="3" t="16" w="1185" /><ent r="3" t="16" w="1178" /><ent r="4" t="16" w="1257" /><ent r="4" t="16" w="1250" /><ent r="5" t="16" w="1670" /><ent r="5" t="16" w="1663" /><ent r="3" t="24" w="2809" /><ent r="3" t="24" w="2802" /><ent r="4" t="24" w="2856" /><ent r="4" t="24" w="2849" /><ent r="3" t="54" w="365" /><ent r="3" t="54" w="358" /><ent r="3" t="55" w="868" /><ent r="3" t="55" w="861" /><ent r="3" t="56" w="624" /><ent r="3" t="56" w="617" /></phr></stem><stem n="1.3.6.1.2.1.1.1.0"><phr n="1.3.6.1.2.1.1.1.0"><ent r="3" t="16" w="183" /><ent r="3" t="16" w="175" /><ent r="3" t="16" w="1186" /><ent r="3" t="16" w="1178" /><ent r="4" t="16" w="1258" /><ent r="4" t="16" w="1250" /><ent r="5" t="16" w="1671" /><ent r="5" t="16" w="1663" /><ent r="3" t="24" w="2810" /><ent r="3" t="24" w="2802" /><ent r="4" t="24" w="2857" /><ent r="4" t="24" w="2849" /><ent r="3" t="55" w="869" /><ent r="3" t="55" w="861" /><ent r="3" t="56" w="625" /><ent r="3" t="56" w="617" /></phr></stem><stem n="1.3.6.1.2.1.1.1.0,"><phr n="1.3.6.1.2.1.1.1.0,"><ent r="3" t="16" w="183" /><ent r="3" t="16" w="175" /><ent r="3" t="16" w="1186" /><ent r="3" t="16" w="1178" /><ent r="3" t="24" w="2810" /><ent r="3" t="24" w="2802" /></phr></stem><stem n=".3.6.1.2.1.1.1.0,"><phr n=".3.6.1.2.1.1.1.0,"><ent r="3" t="16" w="184" /><ent r="3" t="16" w="1187" /><ent r="3" t="24" w="2811" /></phr></stem><stem n="&quot;.0&quot;"><phr n="&quot;.0&quot;"><ent r="3" t="16" w="200" /><ent r="4" t="16" w="1063" /><ent r="4" t="16" w="1644" /></phr></stem><stem n=":tcp"><phr n=":TCP"><ent r="100" t="16" w="216" /><ent r="100" t="16" w="1139" /></phr></stem><stem n=":number"><phr n=":Number"><ent r="100" t="16" w="221" /><ent r="100" t="16" w="1144" /></phr><phr n=":number"><ent r="100" t="37" w="304" /><ent r="100" t="55" w="224" /></phr></stem><stem n="gather"><phr n="gathered"><ent r="3" t="16" w="254" /></phr></stem><stem n=":defin"><phr n=":defines"><ent r="100" t="16" w="319" /></phr></stem><stem n=":oid"><phr n=":OID"><ent r="100" t="16" w="324" /></phr><phr n=":OIDs"><ent r="100" t="16" w="329" /><ent r="100" t="55" w="112" /></phr></stem><stem n="[variablename],"><phr n="[VariableName],"><ent r="3" t="16" w="402" /></phr></stem><stem n="[chart"><phr n="[Chart"><ent r="3" t="16" w="404" /></phr></stem><stem n="repres"><phr n="represent"><ent r="4" t="16" w="423" /><ent r="3" t="16" w="1913" /><ent r="4" t="19" w="166" /><ent r="3" t="19" w="501" /><ent r="4" t="19" w="777" /><ent r="3" t="77" w="22" /></phr><phr n="represented"><ent r="6" t="16" w="647" /><ent r="4" t="16" w="1660" /><ent r="4" t="19" w="227" /><ent r="3" t="19" w="472" /><ent r="4" t="24" w="812" /><ent r="3" t="24" w="1897" /><ent r="3" t="37" w="2833" /></phr><phr n="represents"><ent r="3" t="16" w="1955" /><ent r="3" t="16" w="1960" /><ent r="3" t="16" w="1964" /><ent r="3" t="19" w="462" /><ent r="4" t="19" w="882" /><ent r="3" t="40" w="1234" /><ent r="4" t="41" w="209" /><ent r="3" t="41" w="471" /></phr><phr n="representing"><ent r="3" t="24" w="1016" /><ent r="3" t="24" w="1075" /><ent r="3" t="24" w="2368" /></phr><phr n="Represents"><ent r="4" t="29" w="381" /></phr></stem><stem n="topic"><phr n="topic"><ent r="4" t="16" w="442" /><ent r="3" t="16" w="1844" /><ent r="3" t="16" w="1897" /><ent r="4" t="22" w="188" /><ent r="3" t="26" w="1087" /><ent r="3" t="30" w="59" /><ent r="3" t="34" w="1101" /><ent r="4" t="35" w="1358" /></phr><phr n="topics"><ent r="3" t="57" w="165" /></phr></stem><stem n=":request"><phr n=":request"><ent r="100" t="16" w="447" /></phr></stem><stem n="-next-request"><phr n="-Next-Request"><ent r="100" t="16" w="452" /><ent r="100" t="16" w="453" /><ent r="4" t="16" w="1115" /><ent r="4" t="16" w="1116" /><ent r="100" t="18" w="94" /><ent r="100" t="18" w="95" /><ent r="4" t="18" w="105" /><ent r="4" t="18" w="106" /><ent r="100" t="25" w="129" /><ent r="100" t="25" w="130" /><ent r="4" t="25" w="140" /><ent r="4" t="25" w="141" /></phr></stem><stem n="get-next"><phr n="Get-Next"><ent r="100" t="16" w="452" /><ent r="4" t="16" w="1115" /><ent r="100" t="18" w="94" /><ent r="4" t="18" w="105" /><ent r="100" t="25" w="129" /><ent r="4" t="25" w="140" /><ent r="3" t="26" w="50" /><ent r="92" t="26" w="620" /><ent r="3" t="26" w="800" /></phr><phr n="get-next"><ent r="3" t="26" w="631" /></phr></stem><stem n="get-next-request"><phr n="Get-Next-Request"><ent r="100" t="16" w="452" /><ent r="4" t="16" w="1115" /><ent r="100" t="18" w="94" /><ent r="4" t="18" w="105" /><ent r="100" t="25" w="129" /><ent r="4" t="25" w="140" /></phr></stem><stem n="next-request"><phr n="Next-Request"><ent r="100" t="16" w="453" /><ent r="4" t="16" w="1116" /><ent r="100" t="18" w="95" /><ent r="4" t="18" w="106" /><ent r="100" t="25" w="130" /><ent r="4" t="25" w="141" /></phr></stem><stem n="object"><phr n="Object"><ent r="100" t="16" w="456" /><ent r="4" t="16" w="462" /><ent r="9" t="16" w="969" /></phr><phr n="OBJECT"><ent r="3" t="33" w="73" /><ent r="3" t="33" w="163" /><ent r="3" t="33" w="168" /><ent r="3" t="33" w="173" /><ent r="3" t="33" w="206" /><ent r="3" t="33" w="238" /><ent r="3" t="33" w="273" /><ent r="3" t="33" w="304" /><ent r="3" t="33" w="329" /><ent r="3" t="33" w="393" /></phr><phr n="objects"><ent r="3" t="33" w="124" /><ent r="6" t="70" w="1432" /></phr><phr n="OBJECTS"><ent r="3" t="33" w="400" /></phr></stem><stem n="id"><phr n="ID"><ent r="100" t="16" w="457" /><ent r="4" t="16" w="463" /><ent r="9" t="16" w="970" /><ent r="3" t="29" w="985" /><ent r="3" t="29" w="1092" /><ent r="5" t="31" w="186" /><ent r="4" t="31" w="199" /><ent r="100" t="37" w="724" /><ent r="100" t="37" w="3900" /><ent r="3" t="37" w="3907" /><ent r="3" t="37" w="4071" /><ent r="3" t="37" w="4328" /><ent r="3" t="37" w="4361" /><ent r="3" t="59" w="266" /><ent r="6" t="70" w="914" /></phr><phr n="id"><ent r="3" t="56" w="222" /><ent r="3" t="56" w="254" /><ent r="3" t="56" w="284" /><ent r="3" t="56" w="291" /><ent r="3" t="56" w="446" /><ent r="3" t="56" w="455" /><ent r="3" t="56" w="458" /><ent r="3" t="56" w="464" /><ent r="3" t="56" w="590" /><ent r="3" t="56" w="600" /><ent r="3" t="56" w="609" /><ent r="3" t="59" w="248" /><ent r="3" t="64" w="153" /><ent r="3" t="64" w="255" /><ent r="4" t="64" w="269" /><ent r="3" t="64" w="432" /><ent r="3" t="64" w="455" /><ent r="3" t="64" w="478" /><ent r="3" t="64" w="499" /></phr></stem><stem n="dot"><phr n="dotted"><ent r="4" t="16" w="478" /></phr></stem><stem n="&quot;calculation&quot;"><phr n="&quot;CALCULATION&quot;"><ent r="4" t="16" w="506" /></phr><phr n="&quot;calculation&quot;"><ent r="4" t="16" w="1512" /></phr></stem><stem n="-valu"><phr n="-value"><ent r="100" t="16" w="522" /><ent r="100" t="16" w="522" /><ent r="7" t="16" w="703" /><ent r="7" t="16" w="703" /><ent r="7" t="16" w="727" /><ent r="7" t="16" w="727" /><ent r="5" t="40" w="758" /><ent r="5" t="40" w="758" /><ent r="4" t="64" w="333" /><ent r="4" t="64" w="333" /></phr><phr n="-Value"><ent r="9" t="16" w="947" /><ent r="9" t="16" w="947" /></phr></stem><stem n="total"><phr n="Total"><ent r="100" t="16" w="522" /><ent r="7" t="16" w="703" /><ent r="9" t="16" w="947" /></phr><phr n="TOTAL"><ent r="4" t="29" w="787" /></phr><phr n="total"><ent r="3" t="32" w="1584" /><ent r="3" t="40" w="338" /></phr></stem><stem n="total-valu"><phr n="Total-value"><ent r="100" t="16" w="522" /><ent r="7" t="16" w="703" /></phr><phr n="Total-Value"><ent r="9" t="16" w="947" /></phr><phr n="TOTAL-VALUE"><ent r="4" t="29" w="787" /></phr></stem><stem n="-minut"><phr n="-minute"><ent r="100" t="16" w="525" /><ent r="100" t="16" w="525" /><ent r="7" t="16" w="760" /><ent r="7" t="16" w="760" /></phr></stem><stem n="deduc"><phr n="deduces"><ent r="6" t="16" w="549" /></phr></stem><stem n="applic"><phr n="applicable"><ent r="6" t="16" w="551" /></phr><phr n="application"><ent r="3" t="58" w="101" /><ent r="3" t="58" w="339" /><ent r="3" t="72" w="118" /><ent r="3" t="72" w="123" /><ent r="3" t="72" w="128" /></phr></stem><stem n="&quot;format"><phr n="&quot;Format"><ent r="6" t="16" w="566" /></phr></stem><stem n="coerc"><phr n="coerced"><ent r="6" t="16" w="577" /><ent r="6" t="16" w="601" /></phr></stem><stem n="78fred"><phr n="78Fred"><ent r="6" t="16" w="589" /><ent r="6" t="16" w="617" /></phr></stem><stem n="&quot;78fred&quot;,"><phr n="&quot;78Fred&quot;,"><ent r="6" t="16" w="590" /><ent r="6" t="16" w="618" /></phr></stem><stem n="78"><phr n="78"><ent r="6" t="16" w="595" /><ent r="6" t="16" w="623" /><ent r="3" t="32" w="408" /><ent r="3" t="32" w="450" /><ent r="3" t="32" w="611" /><ent r="3" t="32" w="734" /><ent r="3" t="32" w="844" /></phr></stem><stem n="integer64"><phr n="Integer64"><ent r="7" t="16" w="597" /></phr></stem><stem n="(up"><phr n="(up"><ent r="6" t="16" w="606" /><ent r="6" t="16" w="750" /><ent r="6" t="24" w="2626" /></phr></stem><stem n="64"><phr n="64"><ent r="6" t="16" w="608" /><ent r="6" t="16" w="752" /><ent r="100" t="35" w="1429" /><ent r="5" t="35" w="1433" /></phr></stem><stem n="64-bit"><phr n="64-bits"><ent r="6" t="16" w="608" /><ent r="6" t="16" w="752" /></phr></stem><stem n="-bits)."><phr n="-bits)."><ent r="6" t="16" w="610" /><ent r="6" t="16" w="610" /><ent r="6" t="16" w="754" /><ent r="6" t="16" w="754" /></phr></stem><stem n="hex"><phr n="hex"><ent r="6" t="16" w="638" /><ent r="6" t="16" w="652" /></phr></stem><stem n="preced"><phr n="preceded"><ent r="6" t="16" w="640" /><ent r="3" t="35" w="604" /><ent r="4" t="35" w="1330" /><ent r="6" t="70" w="499" /></phr><phr n="Precedence"><ent r="100" t="24" w="316" /><ent r="92" t="24" w="319" /></phr><phr n="Preceding"><ent r="3" t="26" w="71" /></phr><phr n="preceding"><ent r="3" t="26" w="212" /><ent r="3" t="26" w="708" /></phr><phr n="precedence"><ent r="7" t="68" w="446" /><ent r="7" t="68" w="480" /><ent r="7" t="68" w="514" /><ent r="7" t="68" w="597" /></phr></stem><stem n="0x"><phr n="0x"><ent r="6" t="16" w="642" /><ent r="3" t="61" w="743" /><ent r="3" t="61" w="796" /></phr></stem><stem n="&quot;0x&quot;"><phr n="&quot;0x&quot;"><ent r="6" t="16" w="643" /></phr></stem><stem n="0xffffffff"><phr n="0xFFFFFFFF"><ent r="6" t="16" w="643" /></phr></stem><stem n="(0xffffffff)."><phr n="(0xFFFFFFFF)."><ent r="6" t="16" w="644" /></phr></stem><stem n="(44"><phr n="(44"><ent r="6" t="16" w="657" /></phr></stem><stem n="44"><phr n="44"><ent r="6" t="16" w="657" /><ent r="3" t="24" w="1603" /></phr></stem><stem n="61"><phr n="61"><ent r="6" t="16" w="658" /><ent r="6" t="16" w="668" /><ent r="3" t="24" w="1604" /><ent r="3" t="24" w="1608" /><ent r="4" t="24" w="1757" /><ent r="3" t="37" w="1058" /></phr></stem><stem n="72"><phr n="72"><ent r="6" t="16" w="659" /><ent r="6" t="16" w="669" /><ent r="3" t="24" w="1605" /><ent r="3" t="24" w="1609" /><ent r="3" t="47" w="642" /><ent r="3" t="55" w="984" /></phr></stem><stem n="77"><phr n="77"><ent r="6" t="16" w="660" /><ent r="3" t="24" w="1607" /></phr></stem><stem n="69"><phr n="69"><ent r="6" t="16" w="661" /><ent r="6" t="16" w="665" /></phr></stem><stem n="6e"><phr n="6E"><ent r="6" t="16" w="662" /></phr></stem><stem n="63"><phr n="63"><ent r="6" t="16" w="666" /></phr></stem><stem n="68"><phr n="68"><ent r="6" t="16" w="667" /></phr></stem><stem n="hexnumb"><phr n="Hexnumber"><ent r="7" t="16" w="678" /></phr><phr n="HEXNUMBER"><ent r="4" t="29" w="808" /></phr></stem><stem n="fe"><phr n="FE"><ent r="6" t="16" w="695" /></phr></stem><stem n="&quot;fe&quot;"><phr n="&quot;FE&quot;"><ent r="6" t="16" w="696" /></phr></stem><stem n="254"><phr n="254"><ent r="6" t="16" w="701" /></phr></stem><stem n="counter"><phr n="counter"><ent r="6" t="16" w="712" /><ent r="6" t="16" w="736" /><ent r="4" t="16" w="1416" /></phr><phr n="counters"><ent r="4" t="19" w="176" /></phr></stem><stem n="gaug"><phr n="gauge"><ent r="6" t="16" w="714" /><ent r="6" t="16" w="738" /></phr><phr n="Gauge"><ent r="9" t="16" w="945" /></phr><phr n="gauges"><ent r="4" t="19" w="180" /></phr></stem><stem n="unsign"><phr n="unsigned"><ent r="6" t="16" w="724" /><ent r="6" t="16" w="748" /><ent r="4" t="24" w="1247" /><ent r="6" t="24" w="2541" /><ent r="6" t="24" w="2559" /><ent r="6" t="24" w="2577" /><ent r="3" t="58" w="451" /></phr></stem><stem n="total64"><phr n="Total64"><ent r="7" t="16" w="727" /></phr></stem><stem n="total64-valu"><phr n="Total64-value"><ent r="7" t="16" w="727" /></phr></stem><stem n="success"><phr n="successive"><ent r="6" t="16" w="779" /></phr><phr n="success"><ent r="4" t="40" w="680" /></phr></stem><stem n="divid"><phr n="dividing"><ent r="6" t="16" w="782" /></phr><phr n="divide"><ent r="3" t="24" w="2725" /></phr></stem><stem n="elaps"><phr n="elapsed"><ent r="6" t="16" w="785" /><ent r="4" t="37" w="876" /><ent r="3" t="37" w="3581" /><ent r="5" t="38" w="192" /></phr></stem><stem n="oid'"><phr n="OID's"><ent r="6" t="16" w="802" /><ent r="6" t="16" w="801" /><ent r="3" t="26" w="23" /><ent r="3" t="26" w="22" /><ent r="92" t="26" w="60" /><ent r="92" t="26" w="59" /><ent r="3" t="26" w="64" /><ent r="3" t="26" w="63" /><ent r="3" t="26" w="143" /><ent r="3" t="26" w="142" /><ent r="3" t="26" w="152" /><ent r="3" t="26" w="151" /><ent r="3" t="26" w="161" /><ent r="3" t="26" w="160" /><ent r="92" t="26" w="200" /><ent r="92" t="26" w="199" /><ent r="3" t="26" w="235" /><ent r="3" t="26" w="234" /><ent r="3" t="26" w="416" /><ent r="3" t="26" w="415" /><ent r="82" t="26" w="525" /><ent r="82" t="26" w="524" /><ent r="4" t="26" w="529" /><ent r="4" t="26" w="528" /><ent r="3" t="26" w="635" /><ent r="3" t="26" w="634" /><ent r="3" t="26" w="964" /><ent r="3" t="26" w="963" /><ent r="4" t="31" w="299" /><ent r="4" t="31" w="298" /><ent r="3" t="56" w="359" /><ent r="3" t="56" w="358" /></phr></stem><stem n="enumer"><phr n="enumerated"><ent r="6" t="16" w="803" /><ent r="3" t="77" w="52" /></phr><phr n="Enumerated"><ent r="67" t="16" w="812" /><ent r="92" t="16" w="1904" /><ent r="92" t="16" w="2116" /><ent r="1000" t="77" w="1" /><ent r="102" t="77" w="7" /></phr><phr n="enumeration"><ent r="3" t="77" w="14" /></phr><phr n="enumerations"><ent r="4" t="77" w="71" /></phr></stem></index>