<?xml version="1.0" encoding="utf-8"?><index><stem n="automat"><phr n="automatically"><ent r="3" t="1" w="242" /><ent r="4" t="4" w="452" /><ent r="3" t="8" w="33" /><ent r="3" t="8" w="274" /><ent r="3" t="8" w="351" /><ent r="5" t="13" w="226" /><ent r="5" t="13" w="265" /><ent r="4" t="29" w="75" /><ent r="4" t="29" w="93" /><ent r="3" t="37" w="1323" /><ent r="3" t="37" w="1641" /><ent r="4" t="46" w="150" /><ent r="3" t="46" w="210" /><ent r="4" t="47" w="853" /><ent r="4" t="47" w="863" /><ent r="4" t="49" w="250" /><ent r="6" t="70" w="1544" /><ent r="3" t="70" w="1623" /><ent r="4" t="77" w="68" /></phr><phr n="Automatically"><ent r="65" t="8" w="130" /><ent r="64" t="8" w="357" /><ent r="65" t="8" w="692" /><ent r="1000" t="9" w="1" /><ent r="102" t="9" w="6" /></phr></stem><stem n="disclaim"><phr n="Disclaimer"><ent r="92" t="1" w="257" /></phr><phr n="disclaims"><ent r="3" t="1" w="334" /></phr></stem><stem n="warranti"><phr n="Warranty"><ent r="92" t="1" w="259" /></phr><phr n="warranty"><ent r="3" t="1" w="275" /></phr><phr n="warranties"><ent r="3" t="1" w="336" /><ent r="3" t="1" w="350" /></phr></stem><stem n="merchant"><phr n="Merchantability"><ent r="100" t="1" w="261" /></phr><phr n="merchantability"><ent r="3" t="1" w="352" /></phr></stem><stem n="relat"><phr n="related"><ent r="3" t="1" w="267" /><ent r="6" t="5" w="960" /><ent r="6" t="5" w="1050" /><ent r="3" t="49" w="701" /><ent r="4" t="64" w="145" /><ent r="65" t="70" w="110" /><ent r="6" t="70" w="529" /><ent r="6" t="70" w="578" /><ent r="6" t="70" w="591" /><ent r="6" t="70" w="918" /><ent r="6" t="70" w="937" /><ent r="93" t="70" w="1771" /><ent r="6" t="70" w="2384" /></phr><phr n="relating"><ent r="3" t="1" w="337" /><ent r="3" t="1" w="716" /></phr><phr n="relational"><ent r="3" t="13" w="1837" /><ent r="4" t="24" w="142" /><ent r="3" t="37" w="1692" /></phr><phr n="Relational"><ent r="100" t="24" w="354" /><ent r="4" t="24" w="357" /></phr></stem><stem n="provid"><phr n="provided"><ent r="3" t="1" w="270" /><ent r="3" t="8" w="622" /><ent r="4" t="24" w="190" /><ent r="3" t="24" w="1642" /><ent r="3" t="24" w="1656" /><ent r="100" t="39" w="39" /><ent r="100" t="39" w="43" /><ent r="100" t="39" w="57" /><ent r="3" t="39" w="74" /><ent r="3" t="47" w="187" /><ent r="3" t="57" w="142" /><ent r="3" t="58" w="214" /></phr><phr n="Provides"><ent r="5" t="5" w="459" /></phr><phr n="provides"><ent r="3" t="8" w="604" /><ent r="4" t="16" w="992" /><ent r="3" t="16" w="1828" /><ent r="3" t="19" w="147" /><ent r="3" t="19" w="1516" /><ent r="3" t="22" w="456" /><ent r="3" t="22" w="950" /><ent r="3" t="40" w="25" /><ent r="3" t="40" w="530" /><ent r="3" t="41" w="493" /><ent r="3" t="44" w="39" /><ent r="3" t="55" w="46" /><ent r="3" t="57" w="12" /><ent r="3" t="58" w="233" /><ent r="3" t="59" w="188" /><ent r="3" t="59" w="224" /><ent r="3" t="59" w="253" /><ent r="3" t="66" w="515" /><ent r="6" t="68" w="155" /><ent r="6" t="68" w="230" /><ent r="6" t="70" w="1484" /></phr><phr n="provide"><ent r="4" t="17" w="422" /><ent r="3" t="37" w="1524" /><ent r="3" t="40" w="566" /><ent r="3" t="44" w="330" /><ent r="3" t="44" w="393" /><ent r="3" t="61" w="19" /><ent r="3" t="67" w="44" /><ent r="6" t="70" w="1449" /><ent r="6" t="70" w="1503" /></phr><phr n="providing"><ent r="3" t="19" w="1014" /><ent r="3" t="44" w="369" /></phr><phr n="Provide"><ent r="4" t="66" w="92" /></phr></stem><stem n="&quot;a"><phr n="&quot;AS"><ent r="3" t="1" w="271" /></phr></stem><stem n="&quot;"><phr n="&quot;"><ent r="3" t="1" w="273" /><ent r="3" t="1" w="477" /><ent r="3" t="1" w="485" /><ent r="3" t="5" w="763" /><ent r="3" t="5" w="770" /><ent r="3" t="7" w="236" /><ent r="3" t="7" w="596" /><ent r="3" t="8" w="238" /><ent r="3" t="8" w="246" /><ent r="3" t="8" w="640" /><ent r="3" t="8" w="645" /><ent r="4" t="11" w="515" /><ent r="3" t="12" w="56" /><ent r="3" t="12" w="62" /><ent r="3" t="12" w="69" /><ent r="3" t="12" w="71" /><ent r="5" t="13" w="1394" /><ent r="3" t="13" w="2086" /><ent r="3" t="14" w="169" /><ent r="3" t="14" w="190" /><ent r="3" t="14" w="300" /><ent r="3" t="14" w="501" /><ent r="3" t="14" w="508" /><ent r="3" t="14" w="520" /><ent r="3" t="14" w="561" /><ent r="3" t="14" w="570" /><ent r="3" t="14" w="579" /><ent r="3" t="14" w="796" /><ent r="3" t="14" w="810" /><ent r="3" t="14" w="1074" /><ent r="3" t="16" w="139" /><ent r="3" t="16" w="156" /><ent r="6" t="16" w="570" /><ent r="3" t="16" w="1208" /><ent r="3" t="16" w="1218" /><ent r="3" t="16" w="1237" /><ent r="4" t="16" w="1632" /><ent r="3" t="16" w="1779" /><ent r="3" t="16" w="2197" /><ent r="3" t="16" w="2292" /><ent r="3" t="17" w="157" /><ent r="3" t="17" w="164" /><ent r="3" t="17" w="173" /><ent r="3" t="17" w="186" /><ent r="3" t="17" w="208" /><ent r="5" t="17" w="402" /><ent r="4" t="17" w="433" /><ent r="3" t="19" w="307" /><ent r="3" t="19" w="313" /><ent r="3" t="19" w="316" /><ent r="3" t="19" w="319" /><ent r="3" t="19" w="322" /><ent r="3" t="19" w="325" /><ent r="3" t="19" w="513" /><ent r="3" t="19" w="581" /><ent r="3" t="19" w="597" /><ent r="3" t="19" w="640" /><ent r="3" t="19" w="662" /><ent r="3" t="19" w="675" /><ent r="3" t="19" w="1050" /><ent r="3" t="19" w="1058" /><ent r="3" t="19" w="1094" /><ent r="3" t="19" w="1102" /><ent r="3" t="19" w="1119" /><ent r="3" t="19" w="1348" /><ent r="3" t="19" w="1356" /><ent r="3" t="19" w="1362" /><ent r="3" t="19" w="1838" /><ent r="4" t="19" w="1915" /><ent r="3" t="20" w="342" /><ent r="3" t="20" w="359" /><ent r="4" t="22" w="266" /><ent r="3" t="22" w="562" /><ent r="3" t="22" w="584" /><ent r="3" t="22" w="919" /><ent r="3" t="22" w="962" /><ent r="3" t="22" w="1300" /><ent r="3" t="22" w="1340" /><ent r="3" t="22" w="1357" /><ent r="3" t="22" w="1374" /><ent r="3" t="22" w="1423" /><ent r="3" t="22" w="1431" /><ent r="3" t="22" w="1440" /><ent r="3" t="22" w="1449" /><ent r="3" t="22" w="1457" /><ent r="3" t="22" w="1467" /><ent r="3" t="22" w="1480" /><ent r="3" t="22" w="1488" /><ent r="3" t="22" w="1496" /><ent r="3" t="22" w="1506" /><ent r="3" t="22" w="1515" /><ent r="3" t="22" w="1523" /><ent r="3" t="22" w="1531" /><ent r="3" t="22" w="1541" /><ent r="3" t="23" w="261" /><ent r="3" t="24" w="941" /><ent r="3" t="24" w="944" /><ent r="3" t="24" w="1375" /><ent r="3" t="24" w="1376" /><ent r="3" t="24" w="1424" /><ent r="3" t="24" w="1432" /><ent r="3" t="24" w="1468" /><ent r="3" t="24" w="1469" /><ent r="3" t="24" w="1476" /><ent r="3" t="24" w="1482" /><ent r="3" t="24" w="1483" /><ent r="3" t="24" w="1490" /><ent r="4" t="24" w="1707" /><ent r="3" t="24" w="1869" /><ent r="3" t="24" w="2695" /><ent r="3" t="24" w="2814" /><ent r="3" t="24" w="2824" /><ent r="4" t="25" w="224" /><ent r="4" t="25" w="291" /><ent r="3" t="26" w="935" /><ent r="3" t="27" w="108" /><ent r="3" t="27" w="124" /><ent r="3" t="29" w="650" /><ent r="3" t="29" w="655" /><ent r="3" t="29" w="671" /><ent r="3" t="29" w="677" /><ent r="3" t="29" w="683" /><ent r="3" t="29" w="689" /><ent r="3" t="29" w="695" /><ent r="3" t="29" w="701" /><ent r="3" t="29" w="720" /><ent r="3" t="29" w="727" /><ent r="3" t="29" w="986" /><ent r="3" t="29" w="994" /><ent r="3" t="29" w="1002" /><ent r="3" t="29" w="1054" /><ent r="3" t="29" w="1093" /><ent r="3" t="29" w="1101" /><ent r="3" t="29" w="1109" /><ent r="3" t="32" w="135" /><ent r="3" t="32" w="150" /><ent r="3" t="32" w="498" /><ent r="3" t="32" w="513" /><ent r="3" t="32" w="544" /><ent r="3" t="32" w="659" /><ent r="3" t="32" w="674" /><ent r="3" t="32" w="705" /><ent r="3" t="32" w="782" /><ent r="3" t="32" w="797" /><ent r="3" t="32" w="828" /><ent r="3" t="32" w="892" /><ent r="3" t="32" w="907" /><ent r="3" t="32" w="938" /><ent r="3" t="32" w="1074" /><ent r="3" t="32" w="1089" /><ent r="3" t="32" w="1120" /><ent r="3" t="32" w="1221" /><ent r="3" t="32" w="1236" /><ent r="3" t="32" w="1252" /><ent r="3" t="32" w="1269" /><ent r="3" t="32" w="1280" /><ent r="3" t="32" w="1285" /><ent r="3" t="32" w="1298" /><ent r="3" t="32" w="1303" /><ent r="3" t="32" w="1312" /><ent r="3" t="32" w="1317" /><ent r="3" t="32" w="1322" /><ent r="3" t="32" w="1334" /><ent r="3" t="32" w="1340" /><ent r="3" t="32" w="1346" /><ent r="3" t="32" w="1352" /><ent r="3" t="32" w="1358" /><ent r="3" t="32" w="1364" /><ent r="3" t="32" w="1370" /><ent r="3" t="32" w="1376" /><ent r="3" t="32" w="1382" /><ent r="3" t="32" w="1388" /><ent r="3" t="32" w="1394" /><ent r="3" t="32" w="1400" /><ent r="3" t="32" w="1406" /><ent r="3" t="32" w="1412" /><ent r="3" t="32" w="1418" /><ent r="3" t="32" w="1424" /><ent r="3" t="32" w="1430" /><ent r="3" t="32" w="1436" /><ent r="3" t="32" w="1442" /><ent r="3" t="32" w="1448" /><ent r="3" t="32" w="1454" /><ent r="3" t="32" w="1460" /><ent r="3" t="32" w="1466" /><ent r="3" t="32" w="1472" /><ent r="3" t="32" w="1478" /><ent r="3" t="32" w="1484" /><ent r="3" t="32" w="1490" /><ent r="3" t="32" w="1496" /><ent r="3" t="32" w="1502" /><ent r="3" t="32" w="1508" /><ent r="3" t="33" w="94" /><ent r="3" t="35" w="444" /><ent r="3" t="35" w="496" /><ent r="3" t="35" w="1698" /><ent r="3" t="35" w="1701" /><ent r="3" t="35" w="1705" /><ent r="4" t="35" w="1760" /><ent r="4" t="35" w="1766" /><ent r="4" t="35" w="1773" /><ent r="4" t="35" w="1775" /><ent r="3" t="37" w="961" /><ent r="4" t="37" w="1021" /><ent r="3" t="37" w="1047" /><ent r="3" t="37" w="1049" /><ent r="3" t="37" w="1083" /><ent r="3" t="37" w="1649" /><ent r="3" t="37" w="1860" /><ent r="3" t="37" w="1979" /><ent r="3" t="37" w="2357" /><ent r="3" t="37" w="3893" /><ent r="3" t="37" w="4166" /><ent r="3" t="37" w="4245" /><ent r="3" t="37" w="4305" /><ent r="3" t="39" w="431" /><ent r="3" t="39" w="434" /><ent r="3" t="39" w="437" /><ent r="3" t="39" w="439" /><ent r="3" t="39" w="441" /><ent r="3" t="39" w="443" /><ent r="3" t="40" w="841" /><ent r="3" t="44" w="466" /><ent r="3" t="44" w="478" /><ent r="3" t="44" w="625" /><ent r="3" t="44" w="676" /><ent r="3" t="44" w="725" /><ent r="3" t="44" w="737" /><ent r="3" t="44" w="866" /><ent r="3" t="44" w="929" /><ent r="3" t="45" w="118" /><ent r="3" t="46" w="314" /><ent r="3" t="46" w="326" /><ent r="3" t="48" w="44" /><ent r="3" t="48" w="56" /><ent r="3" t="49" w="592" /><ent r="92" t="54" w="39" /><ent r="3" t="54" w="180" /><ent r="3" t="56" w="563" /><ent r="3" t="56" w="681" /><ent r="3" t="56" w="696" /><ent r="3" t="56" w="706" /><ent r="4" t="56" w="767" /><ent r="3" t="60" w="162" /><ent r="3" t="61" w="609" /><ent r="3" t="61" w="633" /><ent r="3" t="61" w="640" /><ent r="3" t="61" w="823" /><ent r="3" t="61" w="823" /><ent r="3" t="61" w="933" /><ent r="3" t="61" w="1062" /><ent r="3" t="61" w="1071" /><ent r="3" t="61" w="1084" /><ent r="3" t="61" w="1185" /><ent r="3" t="66" w="205" /><ent r="4" t="66" w="359" /><ent r="7" t="68" w="125" /><ent r="7" t="68" w="222" /><ent r="7" t="68" w="579" /><ent r="4" t="69" w="36" /><ent r="6" t="70" w="1292" /><ent r="4" t="77" w="136" /><ent r="5" t="77" w="172" /><ent r="5" t="77" w="273" /></phr></stem><stem n="without"><phr n="without"><ent r="3" t="1" w="274" /><ent r="3" t="1" w="346" /><ent r="6" t="5" w="301" /><ent r="4" t="37" w="2246" /><ent r="7" t="68" w="459" /><ent r="3" t="71" w="336" /></phr></stem><stem n="kind"><phr n="kind"><ent r="3" t="1" w="278" /><ent r="4" t="16" w="1631" /></phr><phr n="kinds"><ent r="3" t="3" w="75" /><ent r="3" t="3" w="321" /><ent r="4" t="8" w="742" /><ent r="3" t="16" w="1543" /><ent r="3" t="26" w="20" /><ent r="3" t="26" w="46" /><ent r="3" t="29" w="52" /><ent r="3" t="40" w="658" /></phr></stem><stem n="person"><phr n="person"><ent r="3" t="1" w="280" /></phr></stem><stem n="bear"><phr n="bears"><ent r="3" t="1" w="284" /></phr></stem><stem n="risk"><phr n="risk"><ent r="3" t="1" w="286" /></phr></stem><stem n="qualiti"><phr n="quality"><ent r="3" t="1" w="290" /></phr></stem><stem n="perform"><phr n="performance"><ent r="3" t="1" w="292" /><ent r="3" t="47" w="176" /><ent r="4" t="47" w="806" /><ent r="3" t="48" w="91" /></phr><phr n="perform"><ent r="3" t="13" w="1832" /><ent r="3" t="13" w="1849" /><ent r="3" t="13" w="1858" /><ent r="4" t="17" w="427" /><ent r="3" t="34" w="611" /><ent r="3" t="37" w="1687" /><ent r="3" t="37" w="1704" /><ent r="3" t="37" w="1713" /><ent r="3" t="55" w="60" /><ent r="3" t="60" w="11" /></phr><phr n="performs"><ent r="3" t="17" w="370" /><ent r="4" t="17" w="403" /></phr><phr n="Performance"><ent r="4" t="47" w="553" /><ent r="3" t="48" w="258" /></phr></stem><stem n="paid"><phr n="paid"><ent r="3" t="1" w="298" /></phr></stem><stem n="within"><phr n="within"><ent r="3" t="1" w="303" /><ent r="5" t="5" w="591" /><ent r="3" t="12" w="71" /><ent r="3" t="19" w="136" /><ent r="4" t="19" w="196" /><ent r="92" t="19" w="1510" /><ent r="3" t="19" w="1534" /><ent r="3" t="20" w="512" /><ent r="3" t="21" w="23" /><ent r="3" t="34" w="613" /><ent r="3" t="34" w="954" /><ent r="4" t="35" w="817" /><ent r="82" t="35" w="1660" /><ent r="4" t="35" w="1775" /><ent r="3" t="37" w="4157" /><ent r="3" t="37" w="4250" /><ent r="3" t="39" w="297" /><ent r="3" t="39" w="576" /><ent r="4" t="49" w="339" /><ent r="4" t="56" w="795" /><ent r="3" t="58" w="243" /><ent r="4" t="65" w="184" /><ent r="6" t="68" w="186" /><ent r="6" t="70" w="437" /><ent r="6" t="70" w="2329" /><ent r="3" t="71" w="31" /></phr><phr n="Within"><ent r="6" t="70" w="534" /><ent r="6" t="70" w="984" /></phr></stem><stem n="30"><phr n="30"><ent r="3" t="1" w="304" /><ent r="5" t="9" w="41" /><ent r="3" t="13" w="2222" /><ent r="3" t="13" w="2232" /><ent r="3" t="13" w="2275" /><ent r="3" t="35" w="1010" /><ent r="3" t="35" w="1209" /><ent r="3" t="37" w="3887" /><ent r="3" t="37" w="4115" /><ent r="3" t="37" w="4158" /><ent r="3" t="37" w="4251" /><ent r="3" t="39" w="434" /><ent r="3" t="47" w="633" /><ent r="3" t="47" w="649" /></phr></stem><stem n="dai"><phr n="days"><ent r="3" t="1" w="305" /></phr><phr n="Day"><ent r="4" t="24" w="1709" /><ent r="4" t="24" w="1728" /></phr><phr n="day"><ent r="4" t="24" w="1770" /><ent r="4" t="24" w="1796" /></phr></stem><stem n="find"><phr n="find"><ent r="3" t="1" w="306" /><ent r="4" t="16" w="2015" /><ent r="3" t="24" w="1054" /><ent r="3" t="37" w="4243" /><ent r="3" t="52" w="60" /><ent r="3" t="54" w="409" /><ent r="3" t="61" w="688" /><ent r="6" t="68" w="667" /></phr><phr n="finds"><ent r="3" t="1" w="608" /><ent r="4" t="37" w="1946" /><ent r="3" t="37" w="2416" /><ent r="3" t="65" w="92" /></phr><phr n="finding"><ent r="3" t="60" w="77" /></phr></stem><stem n="doesn"><phr n="doesn"><ent r="3" t="1" w="309" /><ent r="6" t="5" w="997" /><ent r="4" t="17" w="430" /><ent r="3" t="37" w="4152" /><ent r="3" t="37" w="4444" /><ent r="3" t="44" w="294" /><ent r="4" t="54" w="228" /><ent r="4" t="55" w="297" /><ent r="3" t="56" w="144" /><ent r="3" t="61" w="101" /><ent r="7" t="70" w="314" /><ent r="6" t="70" w="2082" /></phr></stem><stem n="'t"><phr n="'t"><ent r="3" t="1" w="310" /><ent r="6" t="5" w="998" /><ent r="4" t="8" w="156" /><ent r="4" t="8" w="718" /><ent r="3" t="15" w="58" /><ent r="3" t="16" w="2092" /><ent r="3" t="16" w="2099" /><ent r="3" t="22" w="912" /><ent r="6" t="24" w="2922" /><ent r="3" t="26" w="387" /><ent r="3" t="26" w="728" /><ent r="3" t="26" w="878" /><ent r="3" t="28" w="321" /><ent r="3" t="29" w="609" /><ent r="4" t="29" w="821" /><ent r="3" t="37" w="1038" /><ent r="3" t="37" w="2322" /><ent r="3" t="37" w="3241" /><ent r="3" t="37" w="3247" /><ent r="3" t="37" w="3969" /><ent r="3" t="37" w="4153" /><ent r="3" t="37" w="4207" /><ent r="3" t="37" w="4445" /><ent r="3" t="37" w="4534" /><ent r="3" t="44" w="295" /><ent r="3" t="54" w="28" /><ent r="4" t="54" w="229" /><ent r="4" t="54" w="235" /><ent r="4" t="55" w="298" /><ent r="3" t="56" w="145" /><ent r="3" t="56" w="379" /><ent r="3" t="61" w="102" /><ent r="3" t="64" w="354" /><ent r="7" t="70" w="315" /><ent r="6" t="70" w="897" /><ent r="6" t="70" w="1066" /><ent r="6" t="70" w="2083" /></phr></stem><stem n="doesn't"><phr n="doesn't"><ent r="3" t="1" w="310" /><ent r="3" t="1" w="309" /><ent r="6" t="5" w="998" /><ent r="6" t="5" w="997" /><ent r="4" t="17" w="431" /><ent r="4" t="17" w="430" /><ent r="3" t="37" w="4153" /><ent r="3" t="37" w="4152" /><ent r="3" t="37" w="4445" /><ent r="3" t="37" w="4444" /><ent r="3" t="44" w="295" /><ent r="3" t="44" w="294" /><ent r="4" t="54" w="229" /><ent r="4" t="54" w="228" /><ent r="4" t="55" w="298" /><ent r="4" t="55" w="297" /><ent r="3" t="56" w="145" /><ent r="3" t="56" w="144" /><ent r="3" t="61" w="102" /><ent r="3" t="61" w="101" /><ent r="7" t="70" w="315" /><ent r="7" t="70" w="314" /><ent r="6" t="70" w="2083" /><ent r="6" t="70" w="2082" /></phr></stem><stem n="t"><phr n="t"><ent r="3" t="1" w="310" /><ent r="6" t="5" w="998" /><ent r="4" t="8" w="156" /><ent r="4" t="8" w="718" /><ent r="3" t="15" w="58" /><ent r="3" t="16" w="2092" /><ent r="3" t="16" w="2099" /><ent r="4" t="17" w="431" /><ent r="3" t="22" w="912" /><ent r="6" t="24" w="2922" /><ent r="3" t="26" w="387" /><ent r="3" t="26" w="728" /><ent r="3" t="26" w="878" /><ent r="3" t="28" w="321" /><ent r="3" t="29" w="609" /><ent r="4" t="29" w="821" /><ent r="6" t="35" w="535" /><ent r="3" t="37" w="1038" /><ent r="3" t="37" w="2322" /><ent r="3" t="37" w="3241" /><ent r="3" t="37" w="3247" /><ent r="3" t="37" w="3969" /><ent r="3" t="37" w="4153" /><ent r="3" t="37" w="4207" /><ent r="3" t="37" w="4445" /><ent r="3" t="37" w="4534" /><ent r="3" t="44" w="295" /><ent r="3" t="49" w="861" /><ent r="3" t="54" w="28" /><ent r="4" t="54" w="229" /><ent r="4" t="54" w="235" /><ent r="3" t="55" w="145" /><ent r="4" t="55" w="298" /><ent r="5" t="55" w="304" /><ent r="3" t="56" w="145" /><ent r="3" t="56" w="379" /><ent r="3" t="61" w="102" /><ent r="3" t="61" w="275" /><ent r="3" t="61" w="313" /><ent r="3" t="61" w="493" /><ent r="3" t="61" w="504" /><ent r="3" t="64" w="354" /><ent r="7" t="70" w="315" /><ent r="6" t="70" w="897" /><ent r="6" t="70" w="1066" /><ent r="6" t="70" w="2083" /></phr><phr n="T"><ent r="3" t="13" w="2293" /><ent r="6" t="37" w="603" /><ent r="5" t="37" w="1865" /><ent r="5" t="37" w="2665" /></phr></stem><stem n="what"><phr n="what"><ent r="3" t="1" w="312" /><ent r="3" t="4" w="203" /><ent r="4" t="4" w="328" /><ent r="4" t="4" w="644" /><ent r="4" t="4" w="682" /><ent r="3" t="14" w="232" /><ent r="4" t="15" w="453" /><ent r="4" t="37" w="1937" /><ent r="4" t="37" w="1954" /><ent r="3" t="37" w="2407" /><ent r="3" t="37" w="2424" /><ent r="3" t="39" w="244" /><ent r="4" t="40" w="262" /><ent r="3" t="42" w="65" /><ent r="3" t="42" w="71" /><ent r="4" t="49" w="197" /><ent r="3" t="59" w="354" /></phr><phr n="What"><ent r="92" t="3" w="155" /><ent r="92" t="21" w="275" /><ent r="92" t="44" w="90" /><ent r="92" t="66" w="441" /></phr></stem><stem n="want"><phr n="want"><ent r="3" t="1" w="314" /><ent r="3" t="3" w="79" /><ent r="3" t="4" w="56" /><ent r="3" t="8" w="281" /><ent r="3" t="16" w="42" /><ent r="3" t="19" w="1820" /><ent r="3" t="26" w="701" /><ent r="3" t="26" w="714" /><ent r="3" t="26" w="848" /><ent r="3" t="26" w="879" /><ent r="4" t="35" w="684" /><ent r="3" t="37" w="4208" /><ent r="3" t="37" w="4230" /><ent r="3" t="40" w="1187" /><ent r="3" t="44" w="71" /><ent r="4" t="50" w="102" /><ent r="4" t="50" w="163" /><ent r="3" t="58" w="222" /><ent r="3" t="62" w="136" /><ent r="3" t="69" w="157" /><ent r="3" t="72" w="38" /></phr></stem><stem n="notifi"><phr n="notify"><ent r="3" t="1" w="318" /><ent r="3" t="33" w="162" /><ent r="3" t="33" w="170" /></phr><phr n="notifiers"><ent r="3" t="13" w="28" /><ent r="4" t="21" w="260" /><ent r="3" t="46" w="31" /></phr><phr n="Notifier"><ent r="65" t="13" w="61" /><ent r="64" t="21" w="767" /><ent r="3" t="22" w="40" /><ent r="5" t="22" w="242" /><ent r="4" t="22" w="264" /><ent r="3" t="22" w="998" /><ent r="3" t="22" w="1037" /><ent r="3" t="22" w="1092" /><ent r="3" t="22" w="1099" /><ent r="1000" t="23" w="3" /><ent r="102" t="23" w="8" /></phr><phr n="Notifiers"><ent r="92" t="13" w="1341" /><ent r="4" t="59" w="73" /></phr><phr n="notifier"><ent r="3" t="13" w="1354" /><ent r="5" t="13" w="1385" /><ent r="5" t="13" w="1403" /><ent r="5" t="13" w="1425" /><ent r="4" t="22" w="252" /><ent r="4" t="22" w="255" /><ent r="3" t="23" w="29" /><ent r="3" t="23" w="31" /><ent r="3" t="23" w="48" /><ent r="4" t="23" w="59" /><ent r="4" t="23" w="73" /><ent r="3" t="23" w="83" /><ent r="3" t="23" w="237" /></phr></stem><stem n="monei"><phr n="money"><ent r="3" t="1" w="323" /></phr></stem><stem n="will"><phr n="will"><ent r="3" t="1" w="324" /><ent r="3" t="1" w="361" /><ent r="3" t="1" w="536" /><ent r="6" t="5" w="307" /><ent r="6" t="5" w="704" /><ent r="6" t="5" w="852" /><ent r="6" t="5" w="864" /><ent r="6" t="5" w="886" /><ent r="6" t="5" w="980" /><ent r="6" t="5" w="1032" /><ent r="6" t="5" w="1040" /><ent r="4" t="5" w="1321" /><ent r="3" t="6" w="31" /><ent r="3" t="7" w="149" /><ent r="3" t="11" w="118" /><ent r="3" t="14" w="211" /><ent r="3" t="14" w="230" /><ent r="3" t="14" w="339" /><ent r="3" t="14" w="437" /><ent r="3" t="14" w="615" /><ent r="3" t="14" w="934" /><ent r="3" t="14" w="953" /><ent r="4" t="16" w="1264" /><ent r="4" t="16" w="1303" /><ent r="4" t="16" w="1344" /><ent r="4" t="16" w="1397" /><ent r="4" t="19" w="1943" /><ent r="3" t="20" w="425" /><ent r="3" t="21" w="112" /><ent r="3" t="21" w="132" /><ent r="3" t="21" w="536" /><ent r="4" t="21" w="555" /><ent r="3" t="21" w="791" /><ent r="3" t="21" w="813" /><ent r="4" t="22" w="115" /><ent r="4" t="22" w="752" /><ent r="3" t="22" w="1017" /><ent r="3" t="22" w="1032" /><ent r="3" t="22" w="1048" /><ent r="3" t="22" w="1054" /><ent r="3" t="22" w="1075" /><ent r="3" t="22" w="1115" /><ent r="3" t="23" w="143" /><ent r="4" t="24" w="250" /><ent r="3" t="24" w="1978" /><ent r="4" t="24" w="2308" /><ent r="4" t="24" w="2470" /><ent r="4" t="24" w="2495" /><ent r="4" t="25" w="165" /><ent r="3" t="26" w="182" /><ent r="3" t="26" w="437" /><ent r="4" t="26" w="530" /><ent r="3" t="26" w="804" /><ent r="3" t="26" w="1051" /><ent r="3" t="27" w="230" /><ent r="3" t="27" w="241" /><ent r="3" t="27" w="281" /><ent r="3" t="27" w="327" /><ent r="3" t="27" w="405" /><ent r="3" t="28" w="134" /><ent r="3" t="28" w="271" /><ent r="3" t="29" w="155" /><ent r="3" t="32" w="316" /><ent r="3" t="34" w="537" /><ent r="3" t="34" w="568" /><ent r="3" t="34" w="633" /><ent r="3" t="34" w="664" /><ent r="3" t="34" w="744" /><ent r="3" t="34" w="751" /><ent r="3" t="34" w="994" /><ent r="3" t="34" w="1005" /><ent r="3" t="34" w="1016" /><ent r="3" t="35" w="1550" /><ent r="3" t="35" w="1790" /><ent r="3" t="37" w="223" /><ent r="4" t="37" w="430" /><ent r="4" t="37" w="2596" /><ent r="4" t="37" w="2607" /><ent r="3" t="37" w="2848" /><ent r="3" t="37" w="3167" /><ent r="4" t="37" w="3666" /><ent r="3" t="40" w="428" /><ent r="3" t="40" w="463" /><ent r="4" t="40" w="684" /><ent r="4" t="40" w="780" /><ent r="4" t="41" w="124" /><ent r="3" t="47" w="68" /><ent r="3" t="47" w="125" /><ent r="4" t="47" w="347" /><ent r="3" t="47" w="414" /><ent r="4" t="47" w="851" /><ent r="4" t="47" w="862" /><ent r="4" t="49" w="247" /><ent r="3" t="54" w="48" /><ent r="3" t="54" w="64" /><ent r="3" t="54" w="117" /><ent r="4" t="55" w="292" /><ent r="3" t="55" w="352" /><ent r="3" t="55" w="371" /><ent r="3" t="55" w="384" /><ent r="3" t="55" w="418" /><ent r="4" t="55" w="812" /><ent r="3" t="55" w="1286" /><ent r="3" t="56" w="280" /><ent r="3" t="58" w="384" /><ent r="3" t="61" w="152" /><ent r="4" t="66" w="333" /><ent r="3" t="66" w="360" /><ent r="6" t="70" w="722" /><ent r="3" t="70" w="1790" /><ent r="3" t="71" w="461" /><ent r="4" t="77" w="157" /><ent r="4" t="78" w="133" /></phr></stem><stem n="refund"><phr n="refunded"><ent r="3" t="1" w="326" /></phr></stem><stem n="cancel"><phr n="canceled"><ent r="3" t="1" w="330" /></phr></stem><stem n="herebi"><phr n="hereby"><ent r="3" t="1" w="333" /><ent r="3" t="2" w="29" /></phr></stem><stem n="whether"><phr n="whether"><ent r="3" t="1" w="341" /><ent r="3" t="3" w="30" /><ent r="3" t="3" w="53" /><ent r="4" t="8" w="187" /><ent r="3" t="22" w="471" /><ent r="4" t="37" w="346" /><ent r="4" t="37" w="401" /><ent r="4" t="37" w="510" /><ent r="3" t="37" w="1150" /><ent r="3" t="37" w="1182" /><ent r="3" t="37" w="1221" /><ent r="3" t="37" w="2163" /><ent r="4" t="49" w="225" /></phr></stem><stem n="express"><phr n="express"><ent r="3" t="1" w="342" /><ent r="3" t="35" w="1052" /><ent r="4" t="35" w="1067" /></phr><phr n="expressions"><ent r="3" t="7" w="427" /><ent r="3" t="7" w="526" /><ent r="3" t="13" w="1867" /><ent r="4" t="15" w="176" /><ent r="4" t="16" w="1054" /><ent r="4" t="22" w="199" /><ent r="3" t="22" w="278" /><ent r="4" t="24" w="96" /><ent r="100" t="24" w="104" /><ent r="4" t="24" w="114" /><ent r="3" t="24" w="3049" /><ent r="3" t="26" w="49" /><ent r="3" t="26" w="803" /><ent r="3" t="26" w="825" /><ent r="3" t="26" w="1012" /><ent r="3" t="28" w="172" /><ent r="3" t="28" w="194" /><ent r="4" t="34" w="406" /><ent r="3" t="35" w="641" /><ent r="3" t="35" w="736" /><ent r="3" t="35" w="749" /><ent r="3" t="37" w="1719" /><ent r="4" t="37" w="1965" /><ent r="3" t="37" w="2435" /></phr><phr n="expression"><ent r="4" t="13" w="1630" /><ent r="4" t="13" w="1638" /><ent r="3" t="13" w="1816" /><ent r="4" t="16" w="500" /><ent r="4" t="16" w="1519" /><ent r="3" t="16" w="1745" /><ent r="3" t="16" w="1755" /><ent r="3" t="16" w="1792" /><ent r="3" t="16" w="2155" /><ent r="3" t="16" w="2207" /><ent r="3" t="17" w="77" /><ent r="4" t="19" w="1923" /><ent r="4" t="22" w="155" /><ent r="4" t="22" w="183" /><ent r="3" t="22" w="296" /><ent r="3" t="22" w="301" /><ent r="3" t="22" w="1068" /><ent r="4" t="24" w="243" /><ent r="3" t="24" w="2723" /><ent r="6" t="24" w="2899" /><ent r="6" t="24" w="2906" /><ent r="4" t="25" w="223" /><ent r="4" t="25" w="258" /><ent r="4" t="25" w="290" /><ent r="3" t="26" w="796" /><ent r="3" t="34" w="501" /><ent r="3" t="34" w="545" /><ent r="3" t="34" w="629" /><ent r="3" t="34" w="653" /><ent r="4" t="35" w="779" /><ent r="4" t="35" w="804" /><ent r="3" t="35" w="1392" /><ent r="65" t="37" w="761" /><ent r="5" t="37" w="769" /><ent r="82" t="37" w="1653" /><ent r="4" t="37" w="1669" /><ent r="3" t="37" w="1673" /><ent r="3" t="37" w="1753" /><ent r="3" t="54" w="52" /><ent r="3" t="54" w="136" /><ent r="3" t="54" w="170" /><ent r="3" t="60" w="204" /><ent r="4" t="77" w="136" /><ent r="4" t="77" w="184" /></phr><phr n="Expression"><ent r="3" t="13" w="2000" /><ent r="65" t="22" w="191" /><ent r="92" t="24" w="74" /><ent r="3" t="24" w="83" /><ent r="100" t="24" w="328" /><ent r="4" t="24" w="331" /><ent r="64" t="24" w="3067" /></phr><phr n="expressed"><ent r="4" t="16" w="473" /><ent r="3" t="34" w="912" /></phr><phr n="Expressions"><ent r="65" t="24" w="288" /><ent r="4" t="24" w="868" /><ent r="65" t="24" w="878" /><ent r="92" t="24" w="2712" /><ent r="92" t="26" w="623" /><ent r="92" t="26" w="820" /><ent r="92" t="26" w="1024" /><ent r="92" t="34" w="477" /><ent r="64" t="34" w="599" /></phr></stem></index>