<?xml version="1.0" encoding="utf-8"?><index><stem n="victron"><phr n="Victron"><ent r="6" t="9" w="716" /></phr><phr n="victron"><ent r="5" t="9" w="723" /></phr></stem><stem n="de"><phr n="de"><ent r="5" t="9" w="719" /></phr><phr n="DES"><ent r="100" t="55" w="277" /><ent r="3" t="55" w="550" /></phr><phr n="des"><ent r="3" t="55" w="563" /></phr></stem><stem n="de.medianet"><phr n="de.medianet"><ent r="5" t="9" w="720" /><ent r="5" t="9" w="719" /></phr></stem><stem n="medianet"><phr n="medianet"><ent r="5" t="9" w="720" /></phr></stem><stem n="de.medianet.freinet"><phr n="de.medianet.freinet"><ent r="5" t="9" w="721" /><ent r="5" t="9" w="719" /></phr></stem><stem n="freinet"><phr n="freinet"><ent r="5" t="9" w="721" /></phr></stem><stem n="de.medianet.freinet.up"><phr n="de.medianet.freinet.ups"><ent r="5" t="9" w="722" /><ent r="5" t="9" w="719" /></phr></stem><stem n="de.medianet.freinet.ups.victron"><phr n="de.medianet.freinet.ups.victron"><ent r="5" t="9" w="723" /><ent r="5" t="9" w="719" /></phr></stem><stem n=".medianet.freinet.ups.victron.txt"><phr n=".medianet.freinet.ups.victron.txt"><ent r="5" t="9" w="724" /></phr></stem><stem n="de.medianet.freinet.ups.victron.txt"><phr n="de.medianet.freinet.ups.victron.txt"><ent r="5" t="9" w="724" /><ent r="5" t="9" w="719" /></phr></stem><stem n="$batt"><phr n="$batt"><ent r="5" t="9" w="726" /></phr></stem><stem n=".rem"><phr n=".rem"><ent r="5" t="9" w="727" /></phr></stem><stem n="$batt.rem"><phr n="$batt.rem"><ent r="5" t="9" w="727" /><ent r="5" t="9" w="726" /></phr></stem><stem n="rem"><phr n="rem"><ent r="5" t="9" w="727" /></phr><phr n="Rem"><ent r="3" t="61" w="877" /></phr></stem><stem n="$input"><phr n="$input"><ent r="5" t="9" w="738" /></phr></stem><stem n=".volt1"><phr n=".volt1"><ent r="5" t="9" w="739" /></phr></stem><stem n="$input.volt1"><phr n="$input.volt1"><ent r="5" t="9" w="739" /><ent r="5" t="9" w="738" /></phr></stem><stem n="volt1"><phr n="volt1"><ent r="5" t="9" w="739" /></phr></stem><stem n="phase"><phr n="Phase"><ent r="5" t="9" w="747" /></phr></stem><stem n="servers-proprietari"><phr n="Servers-Proprietary"><ent r="6" t="9" w="750" /><ent r="6" t="9" w="781" /><ent r="6" t="9" w="811" /><ent r="6" t="9" w="835" /><ent r="6" t="9" w="873" /><ent r="6" t="9" w="903" /><ent r="6" t="9" w="934" /><ent r="6" t="9" w="992" /><ent r="6" t="9" w="1036" /><ent r="6" t="9" w="1080" /></phr></stem><stem n="proprietari"><phr n="Proprietary"><ent r="6" t="9" w="751" /><ent r="6" t="9" w="782" /><ent r="6" t="9" w="812" /><ent r="6" t="9" w="836" /><ent r="6" t="9" w="874" /><ent r="6" t="9" w="904" /><ent r="6" t="9" w="935" /><ent r="6" t="9" w="993" /><ent r="6" t="9" w="1037" /><ent r="6" t="9" w="1081" /></phr></stem><stem n="servers-proprietary/appl"><phr n="Servers-Proprietary/Apple"><ent r="6" t="9" w="752" /><ent r="6" t="9" w="751" /><ent r="6" t="9" w="783" /><ent r="6" t="9" w="782" /><ent r="6" t="9" w="813" /><ent r="6" t="9" w="812" /><ent r="6" t="9" w="837" /><ent r="6" t="9" w="836" /><ent r="6" t="9" w="875" /><ent r="6" t="9" w="874" /><ent r="6" t="9" w="905" /><ent r="6" t="9" w="904" /><ent r="6" t="9" w="936" /><ent r="6" t="9" w="935" /></phr></stem><stem n="appl"><phr n="Apple"><ent r="6" t="9" w="752" /><ent r="6" t="9" w="783" /><ent r="6" t="9" w="813" /><ent r="6" t="9" w="837" /><ent r="6" t="9" w="875" /><ent r="6" t="9" w="905" /><ent r="6" t="9" w="936" /></phr></stem><stem n="-proprietary/apple/o"><phr n="-Proprietary/Apple/OS"><ent r="6" t="9" w="753" /><ent r="6" t="9" w="753" /><ent r="6" t="9" w="784" /><ent r="6" t="9" w="784" /><ent r="6" t="9" w="814" /><ent r="6" t="9" w="814" /><ent r="6" t="9" w="838" /><ent r="6" t="9" w="838" /><ent r="6" t="9" w="876" /><ent r="6" t="9" w="876" /><ent r="6" t="9" w="906" /><ent r="6" t="9" w="906" /><ent r="6" t="9" w="937" /><ent r="6" t="9" w="937" /></phr></stem><stem n="servers-proprietary/apple/o"><phr n="Servers-Proprietary/Apple/OS"><ent r="6" t="9" w="753" /><ent r="6" t="9" w="751" /><ent r="6" t="9" w="784" /><ent r="6" t="9" w="782" /><ent r="6" t="9" w="814" /><ent r="6" t="9" w="812" /><ent r="6" t="9" w="838" /><ent r="6" t="9" w="836" /><ent r="6" t="9" w="876" /><ent r="6" t="9" w="874" /><ent r="6" t="9" w="906" /><ent r="6" t="9" w="904" /><ent r="6" t="9" w="937" /><ent r="6" t="9" w="935" /></phr></stem><stem n="os"><phr n="OS"><ent r="6" t="9" w="753" /><ent r="6" t="9" w="784" /><ent r="6" t="9" w="814" /><ent r="6" t="9" w="838" /><ent r="6" t="9" w="876" /><ent r="6" t="9" w="906" /><ent r="6" t="9" w="937" /><ent r="100" t="40" w="89" /><ent r="4" t="41" w="159" /><ent r="3" t="49" w="767" /><ent r="3" t="56" w="510" /></phr><phr n="os"><ent r="3" t="14" w="1178" /><ent r="3" t="49" w="708" /></phr></stem><stem n="/afp"><phr n="/AFP"><ent r="6" t="9" w="756" /></phr></stem><stem n="server/afp"><phr n="Server/AFP"><ent r="6" t="9" w="756" /><ent r="6" t="9" w="755" /></phr></stem><stem n="afp"><phr n="AFP"><ent r="6" t="9" w="756" /></phr><phr n="afp"><ent r="5" t="9" w="762" /></phr></stem><stem n="com.dartware.tcp.osxserv"><phr n="com.dartware.tcp.osxserver"><ent r="5" t="9" w="761" /><ent r="5" t="9" w="758" /><ent r="5" t="9" w="792" /><ent r="5" t="9" w="789" /><ent r="5" t="9" w="822" /><ent r="5" t="9" w="819" /><ent r="5" t="9" w="846" /><ent r="5" t="9" w="843" /><ent r="5" t="9" w="884" /><ent r="5" t="9" w="881" /><ent r="5" t="9" w="914" /><ent r="5" t="9" w="911" /><ent r="5" t="9" w="945" /><ent r="5" t="9" w="942" /></phr></stem><stem n="osxserv"><phr n="osxserver"><ent r="5" t="9" w="761" /><ent r="5" t="9" w="792" /><ent r="5" t="9" w="822" /><ent r="5" t="9" w="846" /><ent r="5" t="9" w="884" /><ent r="5" t="9" w="914" /><ent r="5" t="9" w="945" /></phr></stem><stem n="com.dartware.tcp.osxserver.afp"><phr n="com.dartware.tcp.osxserver.afp"><ent r="5" t="9" w="762" /><ent r="5" t="9" w="758" /></phr></stem><stem n=".dartware.tcp.osxserver.afp.txt"><phr n=".dartware.tcp.osxserver.afp.txt"><ent r="5" t="9" w="763" /></phr></stem><stem n="com.dartware.tcp.osxserver.afp.txt"><phr n="com.dartware.tcp.osxserver.afp.txt"><ent r="5" t="9" w="763" /><ent r="5" t="9" w="758" /></phr></stem><stem n="$currentconnect"><phr n="$currentConnections"><ent r="5" t="9" w="765" /><ent r="5" t="9" w="918" /></phr></stem><stem n="$currentthroughput"><phr n="$currentThroughput"><ent r="5" t="9" w="772" /><ent r="5" t="9" w="925" /><ent r="5" t="9" w="972" /></phr></stem><stem n="throughput"><phr n="throughput"><ent r="5" t="9" w="774" /><ent r="5" t="9" w="927" /><ent r="5" t="9" w="974" /></phr><phr n="Throughput"><ent r="5" t="9" w="779" /><ent r="5" t="9" w="932" /><ent r="5" t="9" w="979" /><ent r="5" t="9" w="990" /></phr></stem><stem n="/ftp"><phr n="/FTP"><ent r="6" t="9" w="787" /></phr></stem><stem n="server/ftp"><phr n="Server/FTP"><ent r="6" t="9" w="787" /><ent r="6" t="9" w="786" /></phr></stem><stem n="ftp"><phr n="FTP"><ent r="6" t="9" w="787" /><ent r="3" t="34" w="428" /><ent r="3" t="34" w="453" /><ent r="100" t="37" w="105" /><ent r="100" t="37" w="109" /><ent r="100" t="37" w="113" /><ent r="64" t="37" w="119" /><ent r="100" t="37" w="138" /><ent r="100" t="37" w="303" /><ent r="100" t="37" w="3863" /><ent r="92" t="37" w="3874" /><ent r="3" t="37" w="3989" /><ent r="3" t="37" w="4021" /><ent r="3" t="37" w="4035" /><ent r="3" t="37" w="4065" /><ent r="3" t="37" w="4076" /><ent r="3" t="37" w="4091" /><ent r="3" t="37" w="4137" /><ent r="3" t="37" w="4175" /><ent r="3" t="37" w="4187" /><ent r="100" t="37" w="4342" /><ent r="100" t="37" w="4346" /><ent r="3" t="37" w="4351" /><ent r="3" t="37" w="4469" /><ent r="3" t="37" w="4483" /><ent r="3" t="37" w="4554" /></phr><phr n="ftp"><ent r="5" t="9" w="793" /></phr></stem><stem n="com.dartware.tcp.osxserver.ftp"><phr n="com.dartware.tcp.osxserver.ftp"><ent r="5" t="9" w="793" /><ent r="5" t="9" w="789" /></phr></stem><stem n=".dartware.tcp.osxserver.ftp.txt"><phr n=".dartware.tcp.osxserver.ftp.txt"><ent r="5" t="9" w="794" /></phr></stem><stem n="com.dartware.tcp.osxserver.ftp.txt"><phr n="com.dartware.tcp.osxserver.ftp.txt"><ent r="5" t="9" w="794" /><ent r="5" t="9" w="789" /></phr></stem><stem n="$realconnectioncount"><phr n="$realConnectionCount"><ent r="5" t="9" w="796" /></phr></stem><stem n="authconn"><phr n="authconns"><ent r="5" t="9" w="798" /></phr></stem><stem n="authent"><phr n="Authenticated"><ent r="5" t="9" w="800" /></phr><phr n="authentication"><ent r="3" t="55" w="542" /><ent r="3" t="55" w="545" /><ent r="3" t="55" w="602" /><ent r="3" t="55" w="605" /><ent r="6" t="70" w="696" /></phr></stem><stem n="$anonymousconnectioncount"><phr n="$anonymousConnectionCount"><ent r="5" t="9" w="804" /></phr></stem><stem n="anonconn"><phr n="anonconns"><ent r="5" t="9" w="806" /></phr></stem><stem n="anonym"><phr n="Anonymous"><ent r="5" t="9" w="808" /></phr><phr n="anonymous"><ent r="3" t="37" w="1379" /><ent r="3" t="37" w="4368" /></phr></stem><stem n="/info"><phr n="/Info"><ent r="6" t="9" w="817" /></phr></stem><stem n="server/info"><phr n="Server/Info"><ent r="6" t="9" w="817" /><ent r="6" t="9" w="816" /></phr></stem><stem n="com.dartware.tcp.osxserver.info"><phr n="com.dartware.tcp.osxserver.info"><ent r="5" t="9" w="823" /><ent r="5" t="9" w="819" /></phr></stem><stem n=".dartware.tcp.osxserver.info.txt"><phr n=".dartware.tcp.osxserver.info.txt"><ent r="5" t="9" w="824" /></phr></stem><stem n="com.dartware.tcp.osxserver.info.txt"><phr n="com.dartware.tcp.osxserver.info.txt"><ent r="5" t="9" w="824" /><ent r="5" t="9" w="819" /></phr></stem><stem n="$cpu"><phr n="$cpu"><ent r="5" t="9" w="826" /></phr><phr n="$CPU"><ent r="3" t="13" w="2556" /></phr></stem><stem n="usag"><phr n="Usage"><ent r="5" t="9" w="833" /><ent r="72" t="13" w="1521" /><ent r="72" t="13" w="1798" /><ent r="72" t="13" w="2202" /><ent r="3" t="22" w="989" /><ent r="3" t="22" w="1083" /><ent r="3" t="44" w="620" /><ent r="3" t="44" w="862" /><ent r="3" t="46" w="448" /><ent r="3" t="61" w="514" /><ent r="6" t="70" w="1340" /><ent r="6" t="70" w="1392" /><ent r="6" t="70" w="1454" /><ent r="6" t="70" w="1508" /><ent r="6" t="70" w="1549" /></phr><phr n="usage"><ent r="3" t="24" w="930" /><ent r="4" t="35" w="1364" /><ent r="6" t="70" w="682" /></phr></stem><stem n="/nat"><phr n="/NAT"><ent r="6" t="9" w="841" /></phr></stem><stem n="server/nat"><phr n="Server/NAT"><ent r="6" t="9" w="841" /><ent r="6" t="9" w="840" /></phr></stem><stem n="nat"><phr n="NAT"><ent r="6" t="9" w="841" /><ent r="6" t="70" w="751" /></phr><phr n="nat"><ent r="5" t="9" w="847" /></phr></stem><stem n="com.dartware.tcp.osxserver.nat"><phr n="com.dartware.tcp.osxserver.nat"><ent r="5" t="9" w="847" /><ent r="5" t="9" w="843" /></phr></stem><stem n=".dartware.tcp.osxserver.nat.txt"><phr n=".dartware.tcp.osxserver.nat.txt"><ent r="5" t="9" w="848" /></phr></stem><stem n="com.dartware.tcp.osxserver.nat.txt"><phr n="com.dartware.tcp.osxserver.nat.txt"><ent r="5" t="9" w="848" /><ent r="5" t="9" w="843" /></phr></stem><stem n="$activetcp"><phr n="$activeTCP"><ent r="5" t="9" w="850" /></phr></stem><stem n="tcpconn"><phr n="tcpconns"><ent r="5" t="9" w="852" /></phr></stem><stem n="$activeudp"><phr n="$activeUDP"><ent r="5" t="9" w="858" /></phr></stem><stem n="udpconn"><phr n="udpconns"><ent r="5" t="9" w="860" /></phr></stem><stem n="$activeicmp"><phr n="$activeICMP"><ent r="5" t="9" w="866" /></phr></stem><stem n="icmpconn"><phr n="icmpconns"><ent r="5" t="9" w="868" /></phr></stem><stem n="/print"><phr n="/Print"><ent r="6" t="9" w="879" /></phr></stem><stem n="server/print"><phr n="Server/Print"><ent r="6" t="9" w="879" /><ent r="6" t="9" w="878" /></phr></stem><stem n="print"><phr n="Print"><ent r="6" t="9" w="879" /></phr><phr n="print"><ent r="5" t="9" w="885" /><ent r="3" t="14" w="1314" /><ent r="3" t="44" w="263" /><ent r="3" t="44" w="619" /><ent r="3" t="44" w="683" /><ent r="3" t="46" w="447" /><ent r="3" t="46" w="476" /><ent r="3" t="49" w="805" /><ent r="3" t="49" w="828" /><ent r="3" t="49" w="872" /><ent r="3" t="49" w="922" /><ent r="3" t="61" w="751" /><ent r="3" t="61" w="804" /></phr><phr n="printed"><ent r="5" t="13" w="1228" /><ent r="3" t="33" w="296" /></phr><phr n="Prints"><ent r="4" t="24" w="1302" /><ent r="4" t="24" w="1828" /></phr></stem><stem n="com.dartware.tcp.osxserver.print"><phr n="com.dartware.tcp.osxserver.print"><ent r="5" t="9" w="885" /><ent r="5" t="9" w="881" /></phr></stem><stem n=".dartware.tcp.osxserver.print.txt"><phr n=".dartware.tcp.osxserver.print.txt"><ent r="5" t="9" w="886" /></phr></stem><stem n="com.dartware.tcp.osxserver.print.txt"><phr n="com.dartware.tcp.osxserver.print.txt"><ent r="5" t="9" w="886" /><ent r="5" t="9" w="881" /></phr></stem><stem n="$currentqueu"><phr n="$currentQueues"><ent r="5" t="9" w="888" /></phr></stem><stem n="queue"><phr n="queues"><ent r="5" t="9" w="890" /></phr><phr n="Queues"><ent r="5" t="9" w="893" /></phr><phr n="queue"><ent r="5" t="9" w="1006" /><ent r="5" t="9" w="1016" /><ent r="5" t="9" w="1050" /><ent r="5" t="9" w="1060" /></phr><phr n="Queue"><ent r="5" t="9" w="1012" /><ent r="5" t="9" w="1022" /><ent r="5" t="9" w="1056" /><ent r="5" t="9" w="1066" /></phr></stem><stem n="$currentjob"><phr n="$currentJobs"><ent r="5" t="9" w="896" /></phr></stem><stem n="numjob"><phr n="numjobs"><ent r="5" t="9" w="898" /></phr></stem><stem n="spool"><phr n="Spooled"><ent r="5" t="9" w="900" /></phr></stem><stem n="job"><phr n="Jobs"><ent r="5" t="9" w="901" /></phr></stem><stem n="/qtss"><phr n="/QTSS"><ent r="6" t="9" w="909" /></phr></stem><stem n="server/qtss"><phr n="Server/QTSS"><ent r="6" t="9" w="909" /><ent r="6" t="9" w="908" /></phr></stem><stem n="qtss"><phr n="QTSS"><ent r="6" t="9" w="909" /></phr><phr n="qtss"><ent r="5" t="9" w="915" /></phr></stem><stem n="com.dartware.tcp.osxserver.qtss"><phr n="com.dartware.tcp.osxserver.qtss"><ent r="5" t="9" w="915" /><ent r="5" t="9" w="911" /></phr></stem><stem n=".dartware.tcp.osxserver.qtss.txt"><phr n=".dartware.tcp.osxserver.qtss.txt"><ent r="5" t="9" w="916" /></phr></stem><stem n="com.dartware.tcp.osxserver.qtss.txt"><phr n="com.dartware.tcp.osxserver.qtss.txt"><ent r="5" t="9" w="916" /><ent r="5" t="9" w="911" /></phr></stem><stem n="/web"><phr n="/Web"><ent r="6" t="9" w="940" /><ent r="4" t="70" w="1599" /></phr></stem><stem n="server/web"><phr n="Server/Web"><ent r="6" t="9" w="940" /><ent r="6" t="9" w="939" /></phr></stem><stem n="com.dartware.tcp.osxserver.web"><phr n="com.dartware.tcp.osxserver.web"><ent r="5" t="9" w="946" /><ent r="5" t="9" w="942" /></phr></stem><stem n=".dartware.tcp.osxserver.web.txt"><phr n=".dartware.tcp.osxserver.web.txt"><ent r="5" t="9" w="947" /></phr></stem><stem n="com.dartware.tcp.osxserver.web.txt"><phr n="com.dartware.tcp.osxserver.web.txt"><ent r="5" t="9" w="947" /><ent r="5" t="9" w="942" /></phr></stem><stem n="$currentrequestsby10"><phr n="$currentRequestsBy10"><ent r="5" t="9" w="949" /></phr></stem><stem n="requestr"><phr n="requestrate"><ent r="5" t="9" w="951" /></phr></stem><stem n="$cachecurrentrequestsby10"><phr n="$cacheCurrentRequestsBy10"><ent r="5" t="9" w="960" /></phr></stem><stem n="requestratecach"><phr n="requestratecache"><ent r="5" t="9" w="962" /></phr></stem><stem n="cach"><phr n="Cache"><ent r="5" t="9" w="967" /><ent r="5" t="9" w="989" /></phr></stem><stem n="$cachecurrentthroughput"><phr n="$cacheCurrentThroughput"><ent r="5" t="9" w="982" /></phr></stem><stem n="throughputcach"><phr n="throughputcache"><ent r="5" t="9" w="984" /></phr></stem><stem n="servers-proprietary/barracuda"><phr n="Servers-Proprietary/Barracuda"><ent r="6" t="9" w="994" /><ent r="6" t="9" w="993" /><ent r="6" t="9" w="1038" /><ent r="6" t="9" w="1037" /></phr></stem><stem n="barracuda"><phr n="Barracuda"><ent r="6" t="9" w="994" /><ent r="6" t="9" w="995" /><ent r="6" t="9" w="1038" /><ent r="6" t="9" w="1039" /><ent r="3" t="37" w="2985" /></phr><phr n="barracuda"><ent r="5" t="9" w="1001" /><ent r="5" t="9" w="1045" /></phr></stem><stem n="-proprietary/barracuda/barracuda"><phr n="-Proprietary/Barracuda/Barracuda"><ent r="6" t="9" w="995" /><ent r="6" t="9" w="995" /><ent r="6" t="9" w="1039" /><ent r="6" t="9" w="1039" /></phr></stem><stem n="servers-proprietary/barracuda/barracuda"><phr n="Servers-Proprietary/Barracuda/Barracuda"><ent r="6" t="9" w="995" /><ent r="6" t="9" w="993" /><ent r="6" t="9" w="1039" /><ent r="6" t="9" w="1037" /></phr></stem><stem n="com.dartware.tcp.barracuda"><phr n="com.dartware.tcp.barracuda"><ent r="5" t="9" w="1001" /><ent r="5" t="9" w="998" /><ent r="5" t="9" w="1045" /><ent r="5" t="9" w="1042" /></phr></stem><stem n="com.dartware.tcp.barracuda.http"><phr n="com.dartware.tcp.barracuda.http"><ent r="5" t="9" w="1002" /><ent r="5" t="9" w="998" /></phr><phr n="com.dartware.tcp.barracuda.https"><ent r="5" t="9" w="1046" /><ent r="5" t="9" w="1042" /></phr></stem><stem n=".dartware.tcp.barracuda.http.txt"><phr n=".dartware.tcp.barracuda.http.txt"><ent r="5" t="9" w="1003" /></phr></stem><stem n="com.dartware.tcp.barracuda.http.txt"><phr n="com.dartware.tcp.barracuda.http.txt"><ent r="5" t="9" w="1003" /><ent r="5" t="9" w="998" /></phr></stem><stem n="$in"><phr n="$in"><ent r="5" t="9" w="1005" /><ent r="5" t="9" w="1049" /></phr></stem><stem n="$in_queu"><phr n="$in_queue"><ent r="5" t="9" w="1006" /><ent r="5" t="9" w="1005" /><ent r="5" t="9" w="1050" /><ent r="5" t="9" w="1049" /></phr></stem><stem n="_queue_siz"><phr n="_queue_size"><ent r="5" t="9" w="1007" /><ent r="5" t="9" w="1017" /><ent r="5" t="9" w="1051" /><ent r="5" t="9" w="1061" /></phr></stem><stem n="$in_queue_s"><phr n="$in_queue_size"><ent r="5" t="9" w="1007" /><ent r="5" t="9" w="1005" /><ent r="5" t="9" w="1051" /><ent r="5" t="9" w="1049" /></phr></stem><stem n="size"><phr n="size"><ent r="5" t="9" w="1007" /><ent r="5" t="9" w="1017" /><ent r="5" t="9" w="1051" /><ent r="5" t="9" w="1061" /><ent r="5" t="11" w="211" /><ent r="5" t="11" w="219" /><ent r="5" t="11" w="230" /></phr><phr n="SIZE"><ent r="3" t="33" w="177" /><ent r="3" t="33" w="210" /><ent r="3" t="33" w="242" /><ent r="3" t="33" w="277" /><ent r="3" t="33" w="308" /><ent r="3" t="33" w="333" /></phr></stem><stem n="inqueu"><phr n="inqueue"><ent r="5" t="9" w="1009" /><ent r="5" t="9" w="1053" /></phr></stem><stem n="$out"><phr n="$out"><ent r="5" t="9" w="1015" /><ent r="5" t="9" w="1059" /></phr></stem><stem n="$out_queu"><phr n="$out_queue"><ent r="5" t="9" w="1016" /><ent r="5" t="9" w="1015" /><ent r="5" t="9" w="1060" /><ent r="5" t="9" w="1059" /></phr></stem><stem n="$out_queue_s"><phr n="$out_queue_size"><ent r="5" t="9" w="1017" /><ent r="5" t="9" w="1015" /><ent r="5" t="9" w="1061" /><ent r="5" t="9" w="1059" /></phr></stem><stem n="outqueu"><phr n="outqueue"><ent r="5" t="9" w="1019" /><ent r="5" t="9" w="1063" /></phr></stem><stem n="$avg"><phr n="$avg"><ent r="5" t="9" w="1025" /><ent r="5" t="9" w="1069" /></phr></stem><stem n="_latenc"><phr n="_latency"><ent r="5" t="9" w="1026" /><ent r="5" t="9" w="1070" /></phr></stem><stem n="$avg_lat"><phr n="$avg_latency"><ent r="5" t="9" w="1026" /><ent r="5" t="9" w="1025" /><ent r="5" t="9" w="1070" /><ent r="5" t="9" w="1069" /></phr></stem><stem n="latencysec"><phr n="latencysec"><ent r="5" t="9" w="1028" /><ent r="5" t="9" w="1072" /></phr></stem><stem n="messag"><phr n="Message"><ent r="5" t="9" w="1033" /><ent r="5" t="9" w="1077" /></phr><phr n="message"><ent r="5" t="13" w="1248" /><ent r="5" t="13" w="1382" /><ent r="5" t="13" w="1387" /><ent r="5" t="13" w="1400" /><ent r="5" t="13" w="1405" /><ent r="5" t="13" w="1422" /><ent r="5" t="13" w="1427" /><ent r="3" t="21" w="739" /><ent r="3" t="22" w="1114" /><ent r="3" t="26" w="181" /><ent r="3" t="26" w="436" /><ent r="3" t="31" w="15" /><ent r="65" t="37" w="525" /><ent r="65" t="37" w="702" /><ent r="83" t="37" w="1475" /><ent r="3" t="37" w="1520" /><ent r="83" t="37" w="3358" /><ent r="3" t="37" w="4580" /><ent r="3" t="37" w="4638" /><ent r="3" t="54" w="121" /><ent r="4" t="55" w="1194" /><ent r="4" t="55" w="1216" /><ent r="4" t="55" w="1245" /><ent r="3" t="60" w="37" /><ent r="5" t="60" w="63" /><ent r="4" t="60" w="107" /><ent r="3" t="60" w="156" /><ent r="3" t="60" w="222" /><ent r="3" t="60" w="228" /></phr><phr n="messages"><ent r="3" t="13" w="1361" /><ent r="3" t="21" w="778" /><ent r="3" t="53" w="29" /><ent r="3" t="54" w="148" /></phr><phr n="Messages"><ent r="92" t="21" w="774" /><ent r="64" t="53" w="45" /></phr></stem><stem n=".dartware.tcp.barracuda.https.txt"><phr n=".dartware.tcp.barracuda.https.txt"><ent r="5" t="9" w="1047" /></phr></stem><stem n="com.dartware.tcp.barracuda.https.txt"><phr n="com.dartware.tcp.barracuda.https.txt"><ent r="5" t="9" w="1047" /><ent r="5" t="9" w="1042" /></phr></stem><stem n="servers-proprietary/microsoft"><phr n="Servers-Proprietary/Microsoft"><ent r="6" t="9" w="1082" /><ent r="6" t="9" w="1081" /></phr></stem><stem n="microsoft"><phr n="Microsoft"><ent r="6" t="9" w="1082" /></phr></stem><stem n="-proprietary/microsoft/dhcp"><phr n="-Proprietary/Microsoft/DHCP"><ent r="6" t="9" w="1083" /><ent r="6" t="9" w="1083" /></phr></stem><stem n="servers-proprietary/microsoft/dhcp"><phr n="Servers-Proprietary/Microsoft/DHCP"><ent r="6" t="9" w="1083" /><ent r="6" t="9" w="1081" /></phr></stem><stem n="dhcp"><phr n="DHCP"><ent r="6" t="9" w="1083" /><ent r="5" t="9" w="1099" /><ent r="5" t="9" w="1110" /></phr></stem><stem n="com.dartware.snmp.dhcpcheck"><phr n="com.dartware.snmp.dhcpcheck"><ent r="5" t="9" w="1090" /><ent r="5" t="9" w="1087" /></phr></stem><stem n="dhcpcheck"><phr n="dhcpcheck"><ent r="5" t="9" w="1090" /></phr></stem><stem n=".dartware.snmp.dhcpcheck.txt"><phr n=".dartware.snmp.dhcpcheck.txt"><ent r="5" t="9" w="1091" /></phr></stem><stem n="com.dartware.snmp.dhcpcheck.txt"><phr n="com.dartware.snmp.dhcpcheck.txt"><ent r="5" t="9" w="1091" /><ent r="5" t="9" w="1087" /></phr></stem><stem n="$noaddfre"><phr n="$noAddFree"><ent r="5" t="9" w="1093" /></phr></stem><stem n="dhcpfree"><phr n="dhcpfree"><ent r="5" t="9" w="1095" /></phr></stem><stem n="$noaddinus"><phr n="$noAddInUse"><ent r="5" t="9" w="1104" /></phr></stem><stem n="dhcpinus"><phr n="dhcpinuse"><ent r="5" t="9" w="1106" /></phr></stem><stem n="$nopend"><phr n="$noPending"><ent r="5" t="9" w="1116" /></phr></stem><stem n="dhcppend"><phr n="dhcppending"><ent r="5" t="9" w="1118" /></phr></stem><stem n="pend"><phr n="Pending"><ent r="5" t="9" w="1122" /></phr></stem><stem n="offer"><phr n="Offers"><ent r="5" t="9" w="1123" /></phr></stem><stem n="servers-standard"><phr n="Servers-Standard"><ent r="6" t="9" w="1125" /><ent r="6" t="9" w="1161" /><ent r="6" t="9" w="1182" /><ent r="6" t="9" w="1222" /><ent r="6" t="9" w="1262" /><ent r="6" t="9" w="1301" /><ent r="6" t="9" w="1340" /><ent r="6" t="9" w="1377" /><ent r="6" t="9" w="1417" /><ent r="6" t="9" w="1457" /><ent r="6" t="9" w="1497" /></phr></stem><stem n="-standard/custom"><phr n="-Standard/Custom"><ent r="6" t="9" w="1127" /><ent r="6" t="9" w="1127" /></phr></stem><stem n="servers-standard/custom"><phr n="Servers-Standard/Custom"><ent r="6" t="9" w="1127" /><ent r="6" t="9" w="1126" /></phr></stem><stem n="_connect"><phr n="_connect"><ent r="5" t="9" w="1136" /><ent r="5" t="9" w="1197" /><ent r="5" t="9" w="1237" /><ent r="5" t="9" w="1276" /><ent r="5" t="9" w="1315" /><ent r="5" t="9" w="1352" /><ent r="5" t="9" w="1392" /><ent r="5" t="9" w="1432" /><ent r="5" t="9" w="1472" /><ent r="5" t="9" w="1509" /><ent r="3" t="44" w="434" /><ent r="3" t="44" w="622" /></phr></stem><stem n="$_connect"><phr n="$_connect"><ent r="5" t="9" w="1136" /><ent r="5" t="9" w="1135" /><ent r="5" t="9" w="1197" /><ent r="5" t="9" w="1196" /><ent r="5" t="9" w="1237" /><ent r="5" t="9" w="1236" /><ent r="5" t="9" w="1276" /><ent r="5" t="9" w="1275" /><ent r="5" t="9" w="1315" /><ent r="5" t="9" w="1314" /><ent r="5" t="9" w="1352" /><ent r="5" t="9" w="1351" /><ent r="5" t="9" w="1392" /><ent r="5" t="9" w="1391" /><ent r="5" t="9" w="1432" /><ent r="5" t="9" w="1431" /><ent r="5" t="9" w="1472" /><ent r="5" t="9" w="1471" /><ent r="5" t="9" w="1509" /><ent r="5" t="9" w="1508" /></phr></stem><stem n="conntim"><phr n="conntime"><ent r="5" t="9" w="1138" /><ent r="5" t="9" w="1199" /><ent r="5" t="9" w="1239" /><ent r="5" t="9" w="1278" /><ent r="5" t="9" w="1317" /><ent r="5" t="9" w="1354" /><ent r="5" t="9" w="1394" /><ent r="5" t="9" w="1434" /><ent r="5" t="9" w="1474" /><ent r="5" t="9" w="1511" /></phr></stem><stem n="_activ"><phr n="_active"><ent r="5" t="9" w="1149" /><ent r="5" t="9" w="1210" /><ent r="5" t="9" w="1250" /><ent r="5" t="9" w="1289" /><ent r="5" t="9" w="1328" /><ent r="5" t="9" w="1365" /><ent r="5" t="9" w="1405" /><ent r="5" t="9" w="1445" /><ent r="5" t="9" w="1485" /><ent r="5" t="9" w="1522" /></phr></stem><stem n="$_activ"><phr n="$_active"><ent r="5" t="9" w="1149" /><ent r="5" t="9" w="1148" /><ent r="5" t="9" w="1210" /><ent r="5" t="9" w="1209" /><ent r="5" t="9" w="1250" /><ent r="5" t="9" w="1249" /><ent r="5" t="9" w="1289" /><ent r="5" t="9" w="1288" /><ent r="5" t="9" w="1328" /><ent r="5" t="9" w="1327" /><ent r="5" t="9" w="1365" /><ent r="5" t="9" w="1364" /><ent r="5" t="9" w="1405" /><ent r="5" t="9" w="1404" /><ent r="5" t="9" w="1445" /><ent r="5" t="9" w="1444" /><ent r="5" t="9" w="1485" /><ent r="5" t="9" w="1484" /><ent r="5" t="9" w="1522" /><ent r="5" t="9" w="1521" /></phr></stem><stem n="activ"><phr n="active"><ent r="5" t="9" w="1149" /><ent r="5" t="9" w="1210" /><ent r="5" t="9" w="1250" /><ent r="5" t="9" w="1289" /><ent r="5" t="9" w="1328" /><ent r="5" t="9" w="1365" /><ent r="5" t="9" w="1405" /><ent r="5" t="9" w="1445" /><ent r="5" t="9" w="1485" /><ent r="5" t="9" w="1522" /><ent r="6" t="38" w="122" /><ent r="4" t="38" w="274" /><ent r="3" t="39" w="626" /><ent r="3" t="50" w="247" /><ent r="3" t="59" w="231" /><ent r="3" t="59" w="260" /><ent r="3" t="61" w="137" /></phr><phr n="actively"><ent r="3" t="32" w="180" /></phr><phr n="activate"><ent r="4" t="50" w="300" /></phr></stem><stem n="connact"><phr n="connactive"><ent r="5" t="9" w="1151" /><ent r="5" t="9" w="1212" /><ent r="5" t="9" w="1252" /><ent r="5" t="9" w="1291" /><ent r="5" t="9" w="1330" /><ent r="5" t="9" w="1367" /><ent r="5" t="9" w="1407" /><ent r="5" t="9" w="1447" /><ent r="5" t="9" w="1487" /><ent r="5" t="9" w="1524" /></phr></stem><stem n="spent"><phr n="spent"><ent r="5" t="9" w="1156" /><ent r="5" t="9" w="1217" /><ent r="5" t="9" w="1257" /><ent r="5" t="9" w="1296" /><ent r="5" t="9" w="1335" /><ent r="5" t="9" w="1372" /><ent r="5" t="9" w="1412" /><ent r="5" t="9" w="1452" /><ent r="5" t="9" w="1492" /><ent r="5" t="9" w="1529" /><ent r="5" t="13" w="1190" /><ent r="3" t="39" w="620" /></phr></stem><stem n="host"><phr n="host"><ent r="5" t="9" w="1159" /><ent r="5" t="9" w="1220" /><ent r="5" t="9" w="1260" /><ent r="5" t="9" w="1299" /><ent r="5" t="9" w="1338" /><ent r="5" t="9" w="1375" /><ent r="5" t="9" w="1415" /><ent r="5" t="9" w="1455" /><ent r="5" t="9" w="1495" /><ent r="5" t="9" w="1532" /><ent r="3" t="39" w="623" /><ent r="3" t="44" w="604" /><ent r="3" t="44" w="610" /><ent r="3" t="44" w="640" /><ent r="3" t="44" w="678" /><ent r="3" t="49" w="848" /><ent r="3" t="61" w="273" /><ent r="3" t="61" w="286" /><ent r="3" t="61" w="345" /><ent r="3" t="61" w="359" /><ent r="3" t="61" w="388" /><ent r="3" t="61" w="472" /><ent r="3" t="61" w="913" /><ent r="3" t="61" w="920" /><ent r="3" t="61" w="929" /><ent r="3" t="61" w="1325" /><ent r="3" t="61" w="1346" /><ent r="3" t="61" w="1350" /></phr><phr n="Host"><ent r="6" t="9" w="1163" /></phr><phr n="Hosting"><ent r="100" t="40" w="68" /></phr><phr n="hosting"><ent r="4" t="41" w="149" /></phr><phr n="HOST"><ent r="3" t="44" w="623" /></phr></stem></index>