<?xml version="1.0" encoding="utf-8"?><index><stem n="menu"><phr n="menu"><ent r="3" t="4" w="112" /><ent r="4" t="7" w="198" /><ent r="3" t="7" w="363" /><ent r="4" t="50" w="68" /><ent r="3" t="55" w="55" /><ent r="3" t="55" w="706" /><ent r="3" t="55" w="709" /><ent r="3" t="59" w="45" /><ent r="3" t="59" w="384" /><ent r="100" t="65" w="346" /><ent r="4" t="65" w="351" /></phr></stem><stem n="version"><phr n="version"><ent r="3" t="4" w="115" /><ent r="6" t="5" w="457" /><ent r="5" t="5" w="475" /><ent r="3" t="5" w="771" /><ent r="5" t="13" w="875" /><ent r="5" t="13" w="1067" /><ent r="5" t="13" w="1070" /><ent r="3" t="14" w="85" /><ent r="3" t="14" w="170" /><ent r="3" t="14" w="796" /><ent r="4" t="19" w="171" /><ent r="3" t="20" w="319" /><ent r="3" t="20" w="342" /><ent r="3" t="22" w="1300" /><ent r="3" t="27" w="108" /><ent r="4" t="29" w="383" /><ent r="3" t="32" w="58" /><ent r="3" t="32" w="135" /><ent r="3" t="33" w="155" /><ent r="3" t="39" w="147" /><ent r="3" t="40" w="554" /><ent r="3" t="40" w="560" /><ent r="3" t="44" w="466" /><ent r="3" t="44" w="725" /><ent r="3" t="45" w="118" /><ent r="3" t="46" w="53" /><ent r="3" t="46" w="251" /><ent r="3" t="46" w="314" /><ent r="3" t="48" w="44" /><ent r="3" t="49" w="527" /><ent r="3" t="51" w="79" /><ent r="3" t="51" w="85" /><ent r="5" t="51" w="95" /><ent r="3" t="51" w="123" /><ent r="3" t="51" w="133" /><ent r="4" t="55" w="164" /><ent r="3" t="56" w="188" /><ent r="3" t="56" w="334" /><ent r="4" t="61" w="406" /><ent r="4" t="61" w="417" /><ent r="4" t="61" w="437" /><ent r="3" t="61" w="753" /><ent r="7" t="68" w="315" /><ent r="7" t="68" w="334" /><ent r="7" t="68" w="336" /><ent r="7" t="68" w="343" /><ent r="7" t="68" w="375" /><ent r="7" t="68" w="441" /><ent r="8" t="68" w="463" /><ent r="7" t="68" w="493" /><ent r="8" t="68" w="502" /><ent r="8" t="68" w="588" /><ent r="6" t="68" w="618" /><ent r="7" t="68" w="635" /><ent r="6" t="68" w="646" /><ent r="6" t="70" w="665" /><ent r="7" t="70" w="781" /><ent r="6" t="70" w="784" /><ent r="3" t="75" w="26" /></phr><phr n="Version"><ent r="3" t="29" w="694" /><ent r="3" t="32" w="1316" /><ent r="3" t="49" w="780" /><ent r="6" t="68" w="602" /><ent r="3" t="75" w="43" /><ent r="3" t="75" w="49" /></phr><phr n="versions"><ent r="3" t="66" w="683" /><ent r="6" t="68" w="330" /></phr></stem><stem n="system"><phr n="system"><ent r="3" t="4" w="117" /><ent r="4" t="19" w="167" /><ent r="3" t="24" w="1846" /><ent r="3" t="24" w="2812" /><ent r="3" t="26" w="127" /><ent r="3" t="26" w="166" /><ent r="3" t="26" w="339" /><ent r="3" t="26" w="342" /><ent r="3" t="26" w="353" /><ent r="3" t="26" w="382" /><ent r="3" t="26" w="389" /><ent r="3" t="26" w="421" /><ent r="3" t="34" w="377" /><ent r="4" t="40" w="666" /><ent r="4" t="41" w="148" /><ent r="3" t="46" w="65" /><ent r="3" t="57" w="180" /></phr><phr n="systems"><ent r="3" t="11" w="124" /><ent r="3" t="40" w="1211" /><ent r="3" t="40" w="1223" /><ent r="4" t="41" w="193" /><ent r="3" t="41" w="448" /><ent r="3" t="41" w="460" /><ent r="3" t="46" w="44" /><ent r="4" t="49" w="262" /></phr><phr n="System"><ent r="3" t="29" w="917" /></phr></stem><stem n="&lt;description&gt;"><phr n="&lt;description&gt;"><ent r="64" t="4" w="120" /><ent r="4" t="4" w="125" /><ent r="1000" t="6" w="2" /><ent r="103" t="6" w="13" /><ent r="3" t="6" w="61" /><ent r="3" t="14" w="207" /><ent r="3" t="14" w="240" /><ent r="3" t="14" w="812" /><ent r="66" t="15" w="302" /><ent r="3" t="20" w="370" /><ent r="3" t="22" w="1315" /><ent r="3" t="27" w="140" /><ent r="3" t="32" w="152" /><ent r="66" t="34" w="212" /><ent r="3" t="39" w="166" /><ent r="66" t="40" w="148" /><ent r="3" t="44" w="480" /><ent r="3" t="44" w="742" /><ent r="3" t="45" w="126" /><ent r="3" t="46" w="328" /><ent r="3" t="48" w="60" /><ent r="3" t="49" w="543" /></phr></stem><stem n="help"><phr n="help"><ent r="3" t="4" w="130" /><ent r="4" t="15" w="307" /><ent r="3" t="16" w="1855" /><ent r="4" t="34" w="217" /><ent r="4" t="40" w="153" /><ent r="3" t="53" w="48" /><ent r="3" t="55" w="1278" /><ent r="3" t="55" w="1280" /></phr><phr n="helps"><ent r="5" t="5" w="443" /></phr><phr n="Help"><ent r="3" t="55" w="705" /><ent r="5" t="55" w="717" /><ent r="72" t="55" w="1259" /></phr></stem><stem n="typic"><phr n="typically"><ent r="3" t="4" w="140" /></phr><phr n="Typically"><ent r="6" t="5" w="247" /></phr></stem><stem n="paramet"><phr n="parameters"><ent r="3" t="4" w="152" /><ent r="3" t="4" w="178" /><ent r="4" t="5" w="846" /><ent r="3" t="7" w="25" /><ent r="3" t="7" w="27" /><ent r="3" t="7" w="112" /><ent r="3" t="7" w="259" /><ent r="4" t="7" w="271" /><ent r="3" t="13" w="482" /><ent r="3" t="13" w="1571" /><ent r="3" t="14" w="1052" /><ent r="3" t="19" w="1551" /><ent r="4" t="22" w="216" /><ent r="3" t="32" w="1122" /><ent r="3" t="37" w="1254" /><ent r="3" t="37" w="2981" /><ent r="3" t="37" w="3855" /><ent r="3" t="39" w="209" /><ent r="3" t="40" w="601" /><ent r="92" t="40" w="1101" /><ent r="3" t="40" w="1181" /><ent r="3" t="40" w="1191" /><ent r="3" t="47" w="97" /><ent r="4" t="66" w="184" /><ent r="6" t="70" w="1324" /><ent r="6" t="70" w="1335" /><ent r="6" t="70" w="2093" /><ent r="6" t="70" w="2107" /><ent r="3" t="73" w="35" /></phr><phr n="Parameters"><ent r="100" t="7" w="6" /><ent r="7" t="7" w="611" /><ent r="3" t="14" w="412" /><ent r="3" t="27" w="303" /></phr><phr n="parameter"><ent r="4" t="7" w="61" /><ent r="3" t="7" w="82" /><ent r="3" t="7" w="84" /><ent r="3" t="7" w="91" /><ent r="3" t="7" w="139" /><ent r="3" t="7" w="292" /><ent r="3" t="7" w="339" /><ent r="3" t="7" w="357" /><ent r="3" t="7" w="425" /><ent r="3" t="7" w="524" /><ent r="3" t="7" w="568" /><ent r="3" t="14" w="1215" /><ent r="3" t="14" w="1278" /><ent r="3" t="34" w="970" /><ent r="4" t="37" w="387" /><ent r="3" t="37" w="1185" /><ent r="3" t="37" w="1294" /><ent r="3" t="37" w="1465" /><ent r="3" t="37" w="1521" /><ent r="4" t="37" w="1914" /><ent r="3" t="37" w="2921" /><ent r="3" t="37" w="2942" /><ent r="3" t="37" w="2958" /><ent r="3" t="37" w="3794" /><ent r="3" t="40" w="1120" /><ent r="3" t="40" w="1145" /><ent r="3" t="44" w="404" /><ent r="3" t="48" w="109" /><ent r="6" t="70" w="1216" /><ent r="6" t="70" w="1239" /><ent r="6" t="70" w="2012" /><ent r="6" t="70" w="2018" /><ent r="6" t="70" w="2040" /><ent r="6" t="70" w="2081" /><ent r="6" t="70" w="2185" /><ent r="6" t="70" w="2211" /><ent r="6" t="70" w="2238" /><ent r="6" t="70" w="2265" /><ent r="6" t="70" w="2292" /><ent r="6" t="70" w="2357" /></phr><phr n="Parameter"><ent r="100" t="7" w="551" /><ent r="92" t="7" w="555" /><ent r="4" t="37" w="3701" /><ent r="4" t="37" w="3743" /><ent r="4" t="37" w="3811" /></phr></stem><stem n="descript"><phr n="description"><ent r="3" t="4" w="155" /><ent r="3" t="5" w="25" /><ent r="3" t="6" w="36" /><ent r="3" t="6" w="51" /><ent r="3" t="6" w="66" /><ent r="3" t="6" w="87" /><ent r="4" t="6" w="98" /><ent r="3" t="11" w="23" /><ent r="3" t="11" w="70" /><ent r="3" t="11" w="351" /><ent r="5" t="13" w="778" /><ent r="3" t="14" w="475" /><ent r="4" t="15" w="318" /><ent r="4" t="16" w="1044" /><ent r="4" t="16" w="1075" /><ent r="4" t="16" w="1091" /><ent r="4" t="19" w="168" /><ent r="4" t="19" w="809" /><ent r="4" t="21" w="888" /><ent r="3" t="24" w="2813" /><ent r="3" t="27" w="365" /><ent r="3" t="32" w="100" /><ent r="3" t="32" w="112" /><ent r="4" t="34" w="228" /><ent r="3" t="35" w="312" /><ent r="4" t="40" w="164" /><ent r="4" t="47" w="547" /></phr><phr n="Description"><ent r="100" t="6" w="7" /><ent r="100" t="6" w="9" /><ent r="3" t="6" w="22" /><ent r="7" t="8" w="421" /><ent r="5" t="13" w="132" /><ent r="5" t="13" w="305" /><ent r="5" t="13" w="631" /><ent r="5" t="13" w="757" /><ent r="5" t="13" w="803" /><ent r="5" t="13" w="995" /><ent r="5" t="13" w="1277" /><ent r="5" t="13" w="1379" /><ent r="3" t="19" w="308" /><ent r="3" t="19" w="617" /><ent r="3" t="19" w="1064" /><ent r="5" t="21" w="168" /><ent r="65" t="22" w="448" /><ent r="6" t="24" w="2527" /></phr><phr n="Descriptions"><ent r="100" t="24" w="882" /><ent r="92" t="24" w="885" /></phr><phr n="descriptions"><ent r="3" t="29" w="774" /><ent r="3" t="33" w="135" /><ent r="3" t="46" w="280" /><ent r="3" t="59" w="83" /></phr><phr n="DESCRIPTION"><ent r="3" t="33" w="119" /><ent r="3" t="33" w="133" /><ent r="3" t="33" w="146" /><ent r="3" t="33" w="153" /><ent r="3" t="33" w="186" /><ent r="3" t="33" w="219" /><ent r="3" t="33" w="251" /><ent r="3" t="33" w="286" /><ent r="3" t="33" w="317" /><ent r="3" t="33" w="342" /><ent r="3" t="33" w="378" /><ent r="3" t="33" w="409" /></phr></stem><stem n="imml"><phr n="IMML"><ent r="3" t="4" w="157" /><ent r="3" t="4" w="222" /><ent r="4" t="4" w="579" /><ent r="3" t="6" w="71" /><ent r="3" t="10" w="124" /><ent r="3" t="10" w="234" /><ent r="3" t="10" w="271" /><ent r="1000" t="11" w="1" /><ent r="102" t="11" w="6" /><ent r="3" t="11" w="34" /><ent r="3" t="11" w="39" /><ent r="4" t="15" w="320" /><ent r="3" t="20" w="109" /><ent r="3" t="20" w="146" /><ent r="4" t="34" w="230" /><ent r="4" t="34" w="359" /><ent r="3" t="36" w="45" /><ent r="4" t="40" w="166" /><ent r="3" t="43" w="77" /></phr></stem><stem n="markup"><phr n="Markup"><ent r="64" t="4" w="161" /><ent r="64" t="4" w="226" /><ent r="65" t="4" w="583" /><ent r="64" t="6" w="75" /><ent r="64" t="10" w="128" /><ent r="64" t="10" w="238" /><ent r="1000" t="11" w="3" /><ent r="102" t="11" w="8" /><ent r="100" t="11" w="11" /><ent r="82" t="11" w="127" /><ent r="100" t="11" w="158" /><ent r="82" t="11" w="162" /><ent r="65" t="15" w="324" /><ent r="64" t="20" w="113" /><ent r="65" t="34" w="234" /><ent r="65" t="34" w="363" /><ent r="64" t="36" w="49" /><ent r="65" t="40" w="170" /></phr><phr n="markup"><ent r="3" t="11" w="37" /><ent r="3" t="11" w="52" /><ent r="3" t="11" w="82" /><ent r="4" t="11" w="133" /><ent r="4" t="11" w="144" /><ent r="4" t="11" w="155" /><ent r="4" t="22" w="440" /><ent r="64" t="43" w="81" /><ent r="3" t="66" w="51" /></phr></stem><stem n="&lt;parameters&gt;"><phr n="&lt;parameters&gt;"><ent r="64" t="4" w="166" /><ent r="4" t="4" w="171" /><ent r="1000" t="7" w="2" /><ent r="103" t="7" w="10" /><ent r="3" t="7" w="80" /><ent r="3" t="7" w="592" /><ent r="3" t="14" w="444" /><ent r="3" t="14" w="1048" /><ent r="66" t="15" w="330" /><ent r="4" t="16" w="1440" /><ent r="3" t="20" w="393" /><ent r="4" t="22" w="179" /><ent r="3" t="27" w="333" /><ent r="3" t="32" w="1138" /><ent r="66" t="34" w="240" /><ent r="3" t="39" w="427" /><ent r="66" t="40" w="176" /><ent r="3" t="40" w="1149" /><ent r="3" t="44" w="503" /><ent r="3" t="44" w="761" /><ent r="3" t="45" w="167" /><ent r="3" t="46" w="371" /><ent r="3" t="48" w="187" /><ent r="3" t="49" w="589" /></phr></stem><stem n="probe'"><phr n="probe's"><ent r="3" t="4" w="177" /><ent r="3" t="4" w="176" /><ent r="4" t="4" w="515" /><ent r="4" t="4" w="514" /><ent r="4" t="4" w="565" /><ent r="4" t="4" w="564" /><ent r="6" t="5" w="244" /><ent r="6" t="5" w="243" /><ent r="6" t="5" w="333" /><ent r="6" t="5" w="332" /><ent r="6" t="5" w="366" /><ent r="6" t="5" w="365" /><ent r="5" t="5" w="406" /><ent r="5" t="5" w="405" /><ent r="3" t="5" w="1365" /><ent r="3" t="5" w="1364" /><ent r="3" t="10" w="182" /><ent r="3" t="10" w="181" /><ent r="3" t="10" w="353" /><ent r="3" t="10" w="352" /><ent r="3" t="10" w="411" /><ent r="3" t="10" w="410" /><ent r="3" t="11" w="22" /><ent r="3" t="11" w="21" /><ent r="3" t="20" w="57" /><ent r="3" t="20" w="56" /><ent r="3" t="26" w="856" /><ent r="3" t="26" w="855" /><ent r="5" t="38" w="169" /><ent r="5" t="38" w="168" /><ent r="3" t="40" w="278" /><ent r="3" t="40" w="277" /><ent r="4" t="40" w="747" /><ent r="4" t="40" w="746" /><ent r="3" t="51" w="74" /><ent r="3" t="51" w="73" /><ent r="4" t="51" w="93" /><ent r="4" t="51" w="92" /><ent r="4" t="51" w="102" /><ent r="4" t="51" w="101" /><ent r="3" t="78" w="177" /><ent r="3" t="78" w="176" /></phr><phr n="Probe's"><ent r="3" t="30" w="52" /><ent r="3" t="30" w="51" /></phr></stem><stem n="present"><phr n="presented"><ent r="3" t="4" w="183" /><ent r="4" t="15" w="336" /><ent r="3" t="17" w="121" /><ent r="4" t="34" w="246" /><ent r="4" t="40" w="182" /></phr><phr n="presents"><ent r="3" t="7" w="223" /></phr><phr n="present"><ent r="3" t="7" w="360" /><ent r="3" t="17" w="328" /><ent r="3" t="28" w="124" /><ent r="4" t="31" w="318" /><ent r="3" t="32" w="320" /><ent r="3" t="37" w="2928" /><ent r="3" t="37" w="3748" /><ent r="3" t="37" w="3816" /><ent r="3" t="54" w="581" /><ent r="4" t="55" w="208" /><ent r="4" t="55" w="229" /><ent r="4" t="55" w="338" /><ent r="6" t="68" w="98" /><ent r="6" t="68" w="640" /></phr></stem><stem n="output"><phr n="output"><ent r="3" t="4" w="199" /><ent r="4" t="4" w="566" /><ent r="4" t="8" w="330" /><ent r="5" t="13" w="385" /><ent r="5" t="13" w="390" /><ent r="5" t="13" w="418" /><ent r="5" t="13" w="425" /><ent r="3" t="13" w="1530" /><ent r="3" t="13" w="1754" /><ent r="3" t="13" w="1962" /><ent r="3" t="13" w="2268" /><ent r="3" t="13" w="2372" /><ent r="4" t="13" w="2389" /><ent r="3" t="13" w="2422" /><ent r="3" t="13" w="2495" /><ent r="3" t="13" w="2523" /><ent r="3" t="16" w="1858" /><ent r="3" t="16" w="2046" /><ent r="3" t="16" w="2066" /><ent r="3" t="24" w="1336" /><ent r="3" t="24" w="1347" /><ent r="3" t="24" w="1352" /><ent r="3" t="24" w="1362" /><ent r="3" t="24" w="1405" /><ent r="64" t="26" w="479" /><ent r="4" t="34" w="357" /><ent r="3" t="36" w="43" /><ent r="3" t="37" w="1808" /><ent r="3" t="40" w="321" /><ent r="3" t="40" w="816" /><ent r="3" t="43" w="33" /><ent r="3" t="43" w="75" /><ent r="3" t="44" w="602" /><ent r="3" t="44" w="669" /><ent r="3" t="44" w="684" /><ent r="3" t="45" w="136" /><ent r="5" t="47" w="480" /><ent r="4" t="47" w="527" /><ent r="3" t="47" w="681" /><ent r="4" t="47" w="819" /><ent r="4" t="47" w="894" /><ent r="3" t="48" w="265" /><ent r="3" t="53" w="84" /><ent r="4" t="55" w="744" /><ent r="4" t="55" w="788" /><ent r="4" t="55" w="808" /><ent r="3" t="56" w="58" /><ent r="3" t="56" w="114" /><ent r="6" t="70" w="594" /><ent r="6" t="70" w="938" /><ent r="6" t="70" w="2113" /><ent r="6" t="70" w="2325" /><ent r="6" t="70" w="2374" /></phr><phr n="Output"><ent r="5" t="9" w="1021" /><ent r="5" t="9" w="1065" /><ent r="3" t="45" w="116" /><ent r="3" t="45" w="208" /><ent r="6" t="70" w="297" /><ent r="6" t="70" w="376" /><ent r="6" t="70" w="701" /></phr><phr n="outputs"><ent r="3" t="24" w="1580" /><ent r="7" t="70" w="324" /><ent r="6" t="70" w="1086" /><ent r="6" t="70" w="1191" /><ent r="6" t="70" w="2045" /><ent r="6" t="70" w="2066" /><ent r="6" t="70" w="2072" /><ent r="6" t="70" w="2078" /><ent r="6" t="70" w="2134" /></phr><phr n="Outputs"><ent r="6" t="70" w="483" /><ent r="6" t="70" w="572" /><ent r="6" t="70" w="911" /><ent r="6" t="70" w="945" /><ent r="6" t="70" w="1077" /><ent r="6" t="70" w="2006" /><ent r="6" t="70" w="2089" /><ent r="6" t="70" w="2353" /></phr></stem><stem n="control"><phr n="controls"><ent r="3" t="4" w="202" /><ent r="3" t="13" w="1559" /><ent r="4" t="18" w="152" /><ent r="3" t="20" w="285" /><ent r="4" t="25" w="185" /><ent r="4" t="40" w="239" /><ent r="4" t="40" w="261" /></phr><phr n="control"><ent r="4" t="4" w="636" /><ent r="4" t="4" w="681" /><ent r="3" t="8" w="606" /><ent r="3" t="13" w="1479" /><ent r="3" t="16" w="250" /><ent r="3" t="16" w="1856" /><ent r="3" t="20" w="204" /><ent r="3" t="20" w="229" /><ent r="3" t="20" w="336" /><ent r="3" t="20" w="386" /><ent r="3" t="22" w="470" /><ent r="92" t="37" w="487" /><ent r="3" t="37" w="494" /><ent r="3" t="37" w="1178" /><ent r="3" t="37" w="4188" /><ent r="3" t="39" w="211" /><ent r="3" t="65" w="140" /><ent r="4" t="65" w="187" /><ent r="3" t="67" w="30" /><ent r="3" t="68" w="21" /><ent r="65" t="70" w="100" /><ent r="93" t="70" w="1611" /><ent r="3" t="73" w="25" /><ent r="3" t="73" w="42" /><ent r="4" t="73" w="48" /><ent r="3" t="74" w="36" /></phr><phr n="Controlling"><ent r="92" t="10" w="145" /><ent r="92" t="10" w="321" /><ent r="92" t="10" w="377" /><ent r="92" t="20" w="19" /><ent r="100" t="35" w="647" /><ent r="100" t="35" w="649" /><ent r="100" t="35" w="658" /><ent r="82" t="35" w="660" /></phr><phr n="controlled"><ent r="3" t="10" w="269" /><ent r="3" t="16" w="1426" /><ent r="3" t="20" w="144" /><ent r="3" t="20" w="541" /><ent r="3" t="31" w="40" /></phr><phr n="Control"><ent r="3" t="20" w="341" /><ent r="100" t="35" w="189" /><ent r="100" t="35" w="192" /><ent r="65" t="35" w="202" /><ent r="92" t="35" w="1140" /><ent r="100" t="35" w="1218" /><ent r="100" t="35" w="1221" /><ent r="100" t="35" w="1224" /><ent r="82" t="35" w="1234" /><ent r="4" t="65" w="172" /></phr><phr n="Controls"><ent r="3" t="20" w="358" /><ent r="3" t="20" w="437" /><ent r="4" t="65" w="237" /></phr></stem><stem n="-specif"><phr n="-Specific"><ent r="92" t="4" w="230" /><ent r="92" t="4" w="230" /></phr><phr n="-specific"><ent r="4" t="29" w="240" /><ent r="4" t="29" w="240" /><ent r="4" t="37" w="983" /><ent r="4" t="37" w="983" /><ent r="64" t="37" w="1107" /><ent r="64" t="37" w="1107" /></phr></stem><stem n="type-specif"><phr n="Type-Specific"><ent r="92" t="4" w="230" /></phr></stem><stem n="-device-vari"><phr n="-device-variables"><ent r="100" t="4" w="262" /><ent r="100" t="4" w="263" /><ent r="100" t="4" w="436" /><ent r="100" t="4" w="437" /><ent r="100" t="15" w="12" /><ent r="100" t="15" w="13" /><ent r="100" t="15" w="387" /><ent r="100" t="15" w="388" /><ent r="100" t="16" w="308" /><ent r="100" t="16" w="309" /></phr></stem><stem n="snmp-devic"><phr n="Snmp-device"><ent r="100" t="4" w="262" /><ent r="100" t="4" w="284" /><ent r="100" t="4" w="288" /><ent r="100" t="4" w="317" /><ent r="100" t="4" w="346" /><ent r="100" t="4" w="436" /><ent r="100" t="4" w="461" /><ent r="100" t="4" w="465" /><ent r="100" t="10" w="158" /><ent r="100" t="15" w="387" /><ent r="100" t="15" w="409" /><ent r="100" t="15" w="413" /><ent r="100" t="15" w="442" /><ent r="100" t="15" w="471" /><ent r="100" t="16" w="308" /><ent r="100" t="20" w="33" /><ent r="100" t="25" w="14" /><ent r="100" t="38" w="249" /></phr><phr n="snmp-device"><ent r="3" t="7" w="494" /><ent r="3" t="10" w="314" /><ent r="3" t="13" w="2087" /><ent r="3" t="14" w="202" /><ent r="3" t="14" w="581" /><ent r="3" t="14" w="602" /><ent r="3" t="14" w="707" /><ent r="3" t="16" w="187" /><ent r="3" t="16" w="1238" /><ent r="3" t="17" w="209" /><ent r="3" t="18" w="48" /><ent r="3" t="18" w="200" /><ent r="3" t="19" w="711" /><ent r="3" t="19" w="1137" /><ent r="3" t="19" w="1369" /><ent r="3" t="19" w="1724" /><ent r="3" t="19" w="1786" /><ent r="3" t="19" w="1855" /><ent r="3" t="20" w="189" /><ent r="3" t="20" w="367" /><ent r="3" t="20" w="402" /><ent r="3" t="20" w="410" /><ent r="3" t="20" w="572" /><ent r="3" t="22" w="83" /><ent r="3" t="22" w="1376" /><ent r="3" t="22" w="1389" /><ent r="3" t="22" w="1544" /><ent r="3" t="22" w="1583" /><ent r="3" t="23" w="205" /><ent r="3" t="23" w="222" /><ent r="3" t="24" w="2840" /><ent r="3" t="25" w="43" /><ent r="3" t="25" w="85" /><ent r="3" t="27" w="137" /><ent r="3" t="27" w="393" /><ent r="3" t="27" w="425" /><ent r="3" t="29" w="570" /><ent r="3" t="29" w="728" /><ent r="3" t="29" w="1004" /><ent r="3" t="29" w="1064" /><ent r="3" t="29" w="1111" /><ent r="3" t="32" w="1509" /><ent r="3" t="32" w="1725" /></phr></stem><stem n="snmp-device-vari"><phr n="Snmp-device-variables"><ent r="100" t="4" w="262" /><ent r="100" t="4" w="436" /><ent r="100" t="15" w="387" /><ent r="100" t="16" w="308" /></phr><phr n="snmp-device-variables"><ent r="3" t="19" w="711" /><ent r="3" t="19" w="1137" /><ent r="3" t="19" w="1369" /><ent r="3" t="19" w="1724" /></phr></stem><stem n="device-vari"><phr n="device-variables"><ent r="100" t="4" w="263" /><ent r="100" t="4" w="437" /><ent r="100" t="15" w="13" /><ent r="100" t="15" w="388" /><ent r="66" t="15" w="496" /><ent r="100" t="16" w="309" /><ent r="1000" t="19" w="3" /><ent r="103" t="19" w="11" /><ent r="3" t="19" w="569" /><ent r="3" t="19" w="712" /><ent r="4" t="19" w="731" /><ent r="3" t="19" w="1042" /><ent r="3" t="19" w="1138" /><ent r="3" t="19" w="1326" /><ent r="3" t="19" w="1370" /><ent r="3" t="19" w="1636" /><ent r="3" t="19" w="1725" /><ent r="4" t="19" w="1936" /><ent r="4" t="26" w="1082" /></phr></stem><stem n="-device-variables&gt;"><phr n="-device-variables&gt;"><ent r="67" t="4" w="266" /><ent r="67" t="4" w="267" /><ent r="67" t="4" w="429" /><ent r="67" t="4" w="430" /><ent r="3" t="7" w="478" /><ent r="3" t="7" w="479" /><ent r="5" t="13" w="732" /><ent r="5" t="13" w="733" /><ent r="82" t="13" w="794" /><ent r="82" t="13" w="795" /><ent r="4" t="13" w="2058" /><ent r="4" t="13" w="2059" /><ent r="3" t="13" w="2069" /><ent r="3" t="13" w="2070" /><ent r="3" t="14" w="490" /><ent r="3" t="14" w="491" /><ent r="67" t="15" w="391" /><ent r="67" t="15" w="392" /><ent r="1000" t="16" w="2" /><ent r="1000" t="16" w="3" /><ent r="103" t="16" w="9" /><ent r="103" t="16" w="10" /><ent r="4" t="16" w="27" /><ent r="4" t="16" w="28" /><ent r="4" t="16" w="74" /><ent r="4" t="16" w="75" /><ent r="83" t="16" w="108" /><ent r="83" t="16" w="109" /><ent r="3" t="16" w="114" /><ent r="3" t="16" w="115" /><ent r="4" t="16" w="312" /><ent r="4" t="16" w="313" /><ent r="4" t="16" w="379" /><ent r="4" t="16" w="380" /><ent r="4" t="16" w="1162" /><ent r="4" t="16" w="1163" /><ent r="3" t="16" w="1168" /><ent r="3" t="16" w="1169" /><ent r="5" t="19" w="827" /><ent r="5" t="19" w="828" /><ent r="4" t="19" w="1883" /><ent r="4" t="19" w="1884" /><ent r="3" t="20" w="397" /><ent r="3" t="20" w="398" /><ent r="4" t="22" w="173" /><ent r="4" t="22" w="174" /><ent r="3" t="22" w="1319" /><ent r="3" t="22" w="1320" /><ent r="3" t="24" w="2789" /><ent r="3" t="24" w="2790" /><ent r="3" t="24" w="2797" /><ent r="3" t="24" w="2798" /><ent r="3" t="27" w="378" /><ent r="3" t="27" w="379" /><ent r="64" t="28" w="207" /><ent r="64" t="28" w="208" /><ent r="1000" t="29" w="2" /><ent r="1000" t="29" w="3" /><ent r="103" t="29" w="11" /><ent r="103" t="29" w="12" /><ent r="3" t="29" w="552" /><ent r="3" t="29" w="553" /><ent r="3" t="29" w="642" /><ent r="3" t="29" w="643" /><ent r="3" t="29" w="974" /><ent r="3" t="29" w="975" /><ent r="3" t="29" w="1081" /><ent r="3" t="29" w="1082" /><ent r="3" t="32" w="1145" /><ent r="3" t="32" w="1146" /></phr></stem><stem n="&lt;snmp"><phr n="&lt;snmp"><ent r="67" t="4" w="266" /><ent r="67" t="4" w="292" /><ent r="67" t="4" w="321" /><ent r="67" t="4" w="350" /><ent r="67" t="4" w="370" /><ent r="67" t="4" w="429" /><ent r="67" t="4" w="469" /><ent r="3" t="7" w="478" /><ent r="5" t="8" w="221" /><ent r="5" t="8" w="771" /><ent r="67" t="10" w="58" /><ent r="67" t="10" w="73" /><ent r="4" t="10" w="134" /><ent r="93" t="10" w="154" /><ent r="4" t="10" w="166" /><ent r="4" t="10" w="247" /><ent r="3" t="10" w="285" /><ent r="4" t="10" w="446" /><ent r="4" t="13" w="509" /><ent r="82" t="13" w="622" /><ent r="5" t="13" w="732" /><ent r="82" t="13" w="748" /><ent r="82" t="13" w="794" /><ent r="5" t="13" w="1779" /><ent r="4" t="13" w="2029" /><ent r="4" t="13" w="2058" /><ent r="3" t="13" w="2069" /><ent r="3" t="13" w="2096" /><ent r="3" t="14" w="194" /><ent r="3" t="14" w="490" /><ent r="3" t="14" w="597" /><ent r="3" t="14" w="607" /><ent r="3" t="14" w="626" /><ent r="100" t="15" w="12" /><ent r="100" t="15" w="17" /><ent r="67" t="15" w="391" /><ent r="67" t="15" w="417" /><ent r="67" t="15" w="446" /><ent r="67" t="15" w="475" /><ent r="66" t="15" w="495" /><ent r="1000" t="16" w="2" /><ent r="103" t="16" w="9" /><ent r="4" t="16" w="27" /><ent r="4" t="16" w="74" /><ent r="83" t="16" w="108" /><ent r="3" t="16" w="114" /><ent r="93" t="16" w="236" /><ent r="4" t="16" w="245" /><ent r="4" t="16" w="265" /><ent r="4" t="16" w="312" /><ent r="4" t="16" w="379" /><ent r="4" t="16" w="1162" /><ent r="3" t="16" w="1168" /><ent r="1000" t="17" w="2" /><ent r="103" t="17" w="9" /><ent r="4" t="17" w="18" /><ent r="83" t="17" w="138" /><ent r="3" t="17" w="144" /><ent r="1000" t="18" w="2" /><ent r="103" t="18" w="9" /><ent r="4" t="18" w="23" /><ent r="3" t="18" w="183" /><ent r="1000" t="19" w="2" /><ent r="103" t="19" w="10" /><ent r="3" t="19" w="568" /><ent r="4" t="19" w="730" /><ent r="5" t="19" w="827" /><ent r="3" t="19" w="1041" /><ent r="3" t="19" w="1325" /><ent r="3" t="19" w="1635" /><ent r="3" t="19" w="1770" /><ent r="3" t="19" w="1778" /><ent r="3" t="19" w="1844" /><ent r="4" t="19" w="1883" /><ent r="4" t="19" w="1935" /><ent r="1000" t="20" w="2" /><ent r="103" t="20" w="9" /><ent r="93" t="20" w="28" /><ent r="4" t="20" w="41" /><ent r="4" t="20" w="122" /><ent r="3" t="20" w="160" /><ent r="3" t="20" w="361" /><ent r="3" t="20" w="397" /><ent r="3" t="20" w="405" /><ent r="3" t="20" w="413" /><ent r="3" t="20" w="417" /><ent r="1000" t="21" w="2" /><ent r="103" t="21" w="12" /><ent r="3" t="22" w="20" /><ent r="3" t="22" w="48" /><ent r="4" t="22" w="173" /><ent r="4" t="22" w="268" /><ent r="4" t="22" w="405" /><ent r="3" t="22" w="1319" /><ent r="3" t="22" w="1380" /><ent r="3" t="22" w="1393" /><ent r="3" t="22" w="1548" /><ent r="4" t="23" w="16" /><ent r="3" t="23" w="168" /><ent r="3" t="23" w="209" /><ent r="4" t="23" w="244" /><ent r="3" t="24" w="2789" /><ent r="3" t="24" w="2797" /><ent r="4" t="25" w="18" /><ent r="3" t="25" w="56" /><ent r="4" t="26" w="1081" /><ent r="3" t="27" w="128" /><ent r="3" t="27" w="378" /><ent r="3" t="27" w="397" /><ent r="3" t="27" w="414" /><ent r="64" t="28" w="207" /><ent r="1000" t="29" w="2" /><ent r="103" t="29" w="11" /><ent r="3" t="29" w="552" /><ent r="3" t="29" w="642" /><ent r="3" t="29" w="974" /><ent r="3" t="29" w="1040" /><ent r="3" t="29" w="1081" /><ent r="1000" t="30" w="2" /><ent r="103" t="30" w="11" /><ent r="4" t="30" w="22" /><ent r="64" t="30" w="54" /><ent r="3" t="32" w="1145" /><ent r="3" t="32" w="1512" /><ent r="4" t="38" w="253" /></phr></stem><stem n="&lt;snmp-devic"><phr n="&lt;snmp-device"><ent r="67" t="4" w="266" /><ent r="67" t="4" w="292" /><ent r="67" t="4" w="321" /><ent r="67" t="4" w="350" /><ent r="67" t="4" w="370" /><ent r="67" t="4" w="429" /><ent r="67" t="4" w="469" /><ent r="3" t="7" w="478" /><ent r="5" t="8" w="221" /><ent r="5" t="8" w="771" /><ent r="67" t="10" w="58" /><ent r="67" t="10" w="73" /><ent r="4" t="10" w="134" /><ent r="93" t="10" w="154" /><ent r="4" t="10" w="166" /><ent r="4" t="10" w="247" /><ent r="3" t="10" w="285" /><ent r="4" t="10" w="446" /><ent r="4" t="13" w="509" /><ent r="82" t="13" w="622" /><ent r="5" t="13" w="732" /><ent r="82" t="13" w="748" /><ent r="82" t="13" w="794" /><ent r="5" t="13" w="1779" /><ent r="4" t="13" w="2029" /><ent r="4" t="13" w="2058" /><ent r="3" t="13" w="2069" /><ent r="3" t="13" w="2096" /><ent r="3" t="14" w="194" /><ent r="3" t="14" w="490" /><ent r="3" t="14" w="597" /><ent r="3" t="14" w="607" /><ent r="3" t="14" w="626" /><ent r="100" t="15" w="12" /><ent r="100" t="15" w="17" /><ent r="67" t="15" w="391" /><ent r="67" t="15" w="417" /><ent r="67" t="15" w="446" /><ent r="67" t="15" w="475" /><ent r="66" t="15" w="495" /><ent r="1000" t="16" w="2" /><ent r="103" t="16" w="9" /><ent r="4" t="16" w="27" /><ent r="4" t="16" w="74" /><ent r="83" t="16" w="108" /><ent r="3" t="16" w="114" /><ent r="93" t="16" w="236" /><ent r="4" t="16" w="245" /><ent r="4" t="16" w="265" /><ent r="4" t="16" w="312" /><ent r="4" t="16" w="379" /><ent r="4" t="16" w="1162" /><ent r="3" t="16" w="1168" /><ent r="1000" t="17" w="2" /><ent r="103" t="17" w="9" /><ent r="4" t="17" w="18" /><ent r="83" t="17" w="138" /><ent r="3" t="17" w="144" /><ent r="1000" t="18" w="2" /><ent r="103" t="18" w="9" /><ent r="4" t="18" w="23" /><ent r="3" t="18" w="183" /><ent r="1000" t="19" w="2" /><ent r="103" t="19" w="10" /><ent r="3" t="19" w="568" /><ent r="4" t="19" w="730" /><ent r="5" t="19" w="827" /><ent r="3" t="19" w="1041" /><ent r="3" t="19" w="1325" /><ent r="3" t="19" w="1635" /><ent r="3" t="19" w="1770" /><ent r="3" t="19" w="1778" /><ent r="3" t="19" w="1844" /><ent r="4" t="19" w="1883" /><ent r="4" t="19" w="1935" /><ent r="1000" t="20" w="2" /><ent r="103" t="20" w="9" /><ent r="93" t="20" w="28" /><ent r="4" t="20" w="41" /><ent r="4" t="20" w="122" /><ent r="3" t="20" w="160" /><ent r="3" t="20" w="361" /><ent r="3" t="20" w="397" /><ent r="3" t="20" w="405" /><ent r="3" t="20" w="413" /><ent r="3" t="20" w="417" /><ent r="1000" t="21" w="2" /><ent r="103" t="21" w="12" /><ent r="3" t="22" w="20" /><ent r="3" t="22" w="48" /><ent r="4" t="22" w="173" /><ent r="4" t="22" w="268" /><ent r="4" t="22" w="405" /><ent r="3" t="22" w="1319" /><ent r="3" t="22" w="1380" /><ent r="3" t="22" w="1393" /><ent r="3" t="22" w="1548" /><ent r="4" t="23" w="16" /><ent r="3" t="23" w="168" /><ent r="3" t="23" w="209" /><ent r="4" t="23" w="244" /><ent r="3" t="24" w="2789" /><ent r="3" t="24" w="2797" /><ent r="4" t="25" w="18" /><ent r="3" t="25" w="56" /><ent r="4" t="26" w="1081" /><ent r="3" t="27" w="128" /><ent r="3" t="27" w="378" /><ent r="3" t="27" w="397" /><ent r="3" t="27" w="414" /><ent r="64" t="28" w="207" /><ent r="1000" t="29" w="2" /><ent r="103" t="29" w="11" /><ent r="3" t="29" w="552" /><ent r="3" t="29" w="642" /><ent r="3" t="29" w="974" /><ent r="3" t="29" w="1040" /><ent r="3" t="29" w="1081" /><ent r="1000" t="30" w="2" /><ent r="103" t="30" w="11" /><ent r="4" t="30" w="22" /><ent r="64" t="30" w="54" /><ent r="3" t="32" w="1145" /><ent r="3" t="32" w="1512" /><ent r="4" t="38" w="253" /></phr></stem></index>