<?xml version="1.0" encoding="utf-8"?><index><stem n=".g."><phr n=".g."><ent r="4" t="22" w="164" /><ent r="4" t="24" w="438" /><ent r="4" t="24" w="637" /><ent r="3" t="37" w="4368" /></phr></stem><stem n="&quot;($temp"><phr n="&quot;($Temp"><ent r="4" t="22" w="164" /></phr></stem><stem n=")&quot;"><phr n=")&quot;"><ent r="4" t="22" w="167" /><ent r="4" t="55" w="1194" /><ent r="4" t="55" w="1216" /><ent r="3" t="56" w="583" /></phr></stem><stem n="valid"><phr n="valid"><ent r="4" t="22" w="198" /><ent r="3" t="58" w="377" /><ent r="3" t="59" w="168" /></phr></stem><stem n="comma-delimit"><phr n="comma-delimited"><ent r="4" t="22" w="248" /><ent r="4" t="59" w="137" /></phr><phr n="comma-delimiter"><ent r="6" t="70" w="1212" /></phr></stem><stem n="&quot;intermapp"><phr n="&quot;InterMapper"><ent r="4" t="22" w="263" /></phr></stem><stem n="-device-notifiers&gt;"><phr n="-device-notifiers&gt;"><ent r="4" t="22" w="268" /><ent r="4" t="22" w="269" /><ent r="3" t="22" w="1380" /><ent r="3" t="22" w="1381" /><ent r="4" t="23" w="16" /><ent r="4" t="23" w="17" /><ent r="3" t="23" w="209" /><ent r="3" t="23" w="210" /><ent r="4" t="23" w="244" /><ent r="4" t="23" w="245" /></phr></stem><stem n="&lt;snmp-device-notifiers&gt;"><phr n="&lt;snmp-device-notifiers&gt;"><ent r="4" t="22" w="268" /><ent r="3" t="22" w="1380" /><ent r="4" t="23" w="16" /><ent r="3" t="23" w="209" /><ent r="4" t="23" w="244" /></phr></stem><stem n="device-notifiers&gt;"><phr n="device-notifiers&gt;"><ent r="4" t="22" w="269" /><ent r="3" t="22" w="1381" /><ent r="3" t="22" w="1390" /><ent r="4" t="23" w="17" /><ent r="3" t="23" w="210" /><ent r="3" t="23" w="223" /><ent r="4" t="23" w="245" /></phr></stem><stem n="notifiers&gt;"><phr n="notifiers&gt;"><ent r="4" t="22" w="270" /><ent r="3" t="22" w="1382" /><ent r="3" t="22" w="1391" /><ent r="4" t="23" w="18" /><ent r="3" t="23" w="211" /><ent r="3" t="23" w="224" /><ent r="4" t="23" w="246" /></phr></stem><stem n="scan"><phr n="scans"><ent r="3" t="22" w="280" /><ent r="3" t="37" w="4192" /><ent r="3" t="51" w="56" /></phr><phr n="Scanning"><ent r="100" t="37" w="55" /><ent r="100" t="37" w="2252" /></phr><phr n="scanning"><ent r="100" t="37" w="2257" /><ent r="4" t="37" w="2265" /></phr><phr n="Scan"><ent r="3" t="49" w="678" /></phr></stem><stem n="&quot;triggers&quot;."><phr n="&quot;triggers&quot;."><ent r="3" t="22" w="299" /></phr></stem><stem n="alarmpointnam"><phr n="alarmpointname"><ent r="5" t="22" w="328" /><ent r="5" t="22" w="392" /></phr></stem><stem n="{alarmpointname}"><phr n="{alarmpointname}"><ent r="5" t="22" w="329" /></phr></stem><stem n="alarmpoint"><phr n="alarmpoint"><ent r="4" t="22" w="332" /><ent r="4" t="22" w="354" /><ent r="4" t="22" w="397" /></phr><phr n="AlarmPoint"><ent r="92" t="22" w="452" /></phr></stem><stem n="alarmpoint'"><phr n="alarmpoint's"><ent r="4" t="22" w="333" /><ent r="4" t="22" w="332" /><ent r="4" t="22" w="398" /><ent r="4" t="22" w="397" /></phr></stem><stem n="{...}."><phr n="{...}."><ent r="4" t="22" w="359" /></phr></stem><stem n="(above),"><phr n="(above),"><ent r="4" t="22" w="370" /></phr></stem><stem n="{sitetemp}"><phr n="{SiteTemp}"><ent r="5" t="22" w="374" /></phr></stem><stem n="&quot;crit"><phr n="&quot;CRIT"><ent r="4" t="22" w="381" /></phr></stem><stem n="&quot;major&quot;,"><phr n="&quot;MAJOR&quot;,"><ent r="4" t="22" w="383" /></phr></stem><stem n="&quot;minor&quot;,"><phr n="&quot;MINOR&quot;,"><ent r="4" t="22" w="384" /></phr></stem><stem n="&quot;clear&quot;,"><phr n="&quot;CLEAR&quot;,"><ent r="4" t="22" w="386" /></phr></stem><stem n="{alarmpointname:condition}"><phr n="{alarmpointname:condition}"><ent r="5" t="22" w="394" /></phr></stem><stem n="{sitetemp:condition}"><phr n="{SiteTemp:condition}"><ent r="5" t="22" w="425" /></phr></stem><stem n="&quot;very_high_temp&quot;."><phr n="&quot;VERY_HIGH_TEMP&quot;."><ent r="4" t="22" w="435" /></phr></stem><stem n="perman"><phr n="permanently"><ent r="3" t="22" w="477" /></phr><phr n="permanent"><ent r="4" t="22" w="820" /></phr></stem><stem n="temporarili"><phr n="temporarily"><ent r="3" t="22" w="479" /><ent r="4" t="22" w="832" /></phr></stem><stem n="reset"><phr n="reset"><ent r="3" t="22" w="482" /><ent r="3" t="22" w="579" /><ent r="3" t="22" w="952" /><ent r="3" t="22" w="992" /><ent r="3" t="22" w="993" /><ent r="3" t="22" w="1002" /><ent r="3" t="22" w="1402" /><ent r="3" t="22" w="1426" /><ent r="3" t="22" w="1430" /><ent r="3" t="22" w="1483" /><ent r="3" t="22" w="1487" /><ent r="3" t="22" w="1518" /></phr><phr n="Resetting"><ent r="5" t="22" w="759" /><ent r="83" t="22" w="859" /></phr><phr n="Reset"><ent r="5" t="22" w="771" /><ent r="5" t="22" w="808" /></phr><phr n="resets"><ent r="3" t="22" w="955" /><ent r="4" t="35" w="842" /></phr><phr n="resetting"><ent r="3" t="22" w="1409" /></phr></stem><stem n="i."><phr n="i.e"><ent r="4" t="22" w="506" /><ent r="4" t="22" w="505" /><ent r="3" t="26" w="295" /><ent r="3" t="26" w="294" /><ent r="3" t="37" w="3967" /><ent r="3" t="37" w="3966" /><ent r="3" t="56" w="377" /><ent r="3" t="56" w="376" /></phr></stem><stem n="i.e."><phr n="i.e."><ent r="4" t="22" w="506" /><ent r="4" t="22" w="505" /><ent r="3" t="26" w="295" /><ent r="3" t="26" w="294" /><ent r="3" t="37" w="3967" /><ent r="3" t="37" w="3966" /><ent r="3" t="56" w="377" /><ent r="3" t="56" w="376" /></phr></stem><stem n="(i.e.,"><phr n="(i.e.,"><ent r="4" t="22" w="507" /></phr></stem><stem n="recent"><phr n="recently"><ent r="5" t="22" w="517" /><ent r="3" t="22" w="559" /><ent r="3" t="37" w="200" /></phr><phr n="recent"><ent r="4" t="37" w="898" /><ent r="3" t="37" w="3625" /><ent r="4" t="37" w="3650" /><ent r="3" t="51" w="84" /></phr></stem><stem n="clutter"><phr n="clutter"><ent r="3" t="22" w="529" /></phr></stem><stem n="interest"><phr n="interesting"><ent r="3" t="22" w="540" /><ent r="4" t="49" w="369" /></phr></stem><stem n="(all"><phr n="(All"><ent r="3" t="22" w="542" /></phr><phr n="(all"><ent r="6" t="24" w="2591" /></phr></stem><stem n="assum"><phr n="assumed"><ent r="3" t="22" w="548" /></phr><phr n="assume"><ent r="3" t="26" w="729" /><ent r="3" t="61" w="59" /></phr><phr n="assumes"><ent r="3" t="61" w="145" /><ent r="3" t="61" w="227" /><ent r="3" t="61" w="326" /></phr></stem><stem n="&quot;recent"><phr n="&quot;recently"><ent r="3" t="22" w="559" /></phr></stem><stem n="qualifi"><phr n="qualifier"><ent r="3" t="22" w="562" /></phr></stem><stem n="deserv"><phr n="deserves"><ent r="3" t="22" w="563" /></phr></stem><stem n="explan"><phr n="explanation"><ent r="3" t="22" w="564" /></phr><phr n="Explanation"><ent r="82" t="37" w="4101" /></phr></stem><stem n="&quot;reset"><phr n="&quot;reset"><ent r="3" t="22" w="579" /></phr></stem><stem n="(&quot;_&quot;)"><phr n="(&quot;_&quot;)"><ent r="3" t="22" w="599" /></phr></stem><stem n="(henc"><phr n="(hence"><ent r="3" t="22" w="604" /></phr></stem><stem n="henc"><phr n="hence"><ent r="3" t="22" w="604" /></phr></stem><stem n="swo"><phr n="SWO"><ent r="3" t="22" w="612" /><ent r="3" t="22" w="614" /><ent r="3" t="22" w="622" /><ent r="3" t="22" w="624" /></phr></stem><stem n="swo_proc"><phr n="SWO_PROC"><ent r="3" t="22" w="613" /><ent r="3" t="22" w="612" /><ent r="3" t="22" w="623" /><ent r="3" t="22" w="622" /></phr></stem><stem n="proc"><phr n="PROC"><ent r="3" t="22" w="613" /><ent r="3" t="22" w="615" /><ent r="3" t="22" w="623" /><ent r="3" t="22" w="625" /></phr></stem><stem n="swo_proc_swo"><phr n="SWO_PROC_SWO"><ent r="3" t="22" w="614" /><ent r="3" t="22" w="612" /><ent r="3" t="22" w="624" /><ent r="3" t="22" w="622" /></phr></stem><stem n="_swo_proc_swo_proc"><phr n="_SWO_PROC_SWO_PROC"><ent r="3" t="22" w="615" /></phr></stem><stem n="swo_proc_swo_proc"><phr n="SWO_PROC_SWO_PROC"><ent r="3" t="22" w="615" /><ent r="3" t="22" w="612" /><ent r="3" t="22" w="625" /><ent r="3" t="22" w="622" /></phr></stem><stem n="wherea"><phr n="whereas"><ent r="3" t="22" w="621" /></phr></stem><stem n="_proc_swo_proc"><phr n="_PROC_SWO_PROC"><ent r="3" t="22" w="625" /></phr></stem><stem n="unknown"><phr n="Unknown"><ent r="4" t="22" w="651" /><ent r="3" t="22" w="976" /><ent r="3" t="49" w="876" /></phr><phr n="unknown"><ent r="3" t="35" w="1712" /><ent r="3" t="42" w="160" /><ent r="3" t="44" w="668" /></phr></stem><stem n="grei"><phr n="grey"><ent r="4" t="22" w="652" /><ent r="3" t="22" w="947" /></phr></stem><stem n="(grey)"><phr n="(grey)"><ent r="4" t="22" w="653" /></phr></stem><stem n="-underscor"><phr n="-underscore"><ent r="4" t="22" w="693" /><ent r="4" t="22" w="693" /><ent r="4" t="22" w="826" /><ent r="4" t="22" w="826" /><ent r="4" t="22" w="835" /><ent r="4" t="22" w="835" /></phr></stem><stem n="non-underscor"><phr n="non-underscore"><ent r="4" t="22" w="693" /><ent r="4" t="22" w="826" /><ent r="4" t="22" w="835" /></phr></stem><stem n="proper"><phr n="proper"><ent r="4" t="22" w="712" /><ent r="4" t="46" w="158" /><ent r="4" t="49" w="220" /><ent r="3" t="49" w="565" /><ent r="4" t="54" w="238" /><ent r="3" t="54" w="422" /><ent r="3" t="60" w="137" /><ent r="3" t="61" w="673" /></phr></stem><stem n="color/sever"><phr n="color/severity"><ent r="4" t="22" w="714" /><ent r="4" t="22" w="713" /></phr></stem><stem n="color/severity."><phr n="color/severity."><ent r="4" t="22" w="714" /><ent r="4" t="22" w="713" /></phr></stem><stem n="/severity."><phr n="/severity."><ent r="4" t="22" w="715" /></phr></stem><stem n="alarmpointlist'"><phr n="AlarmPointList's"><ent r="4" t="22" w="769" /><ent r="4" t="22" w="768" /></phr></stem><stem n="(not"><phr n="(not"><ent r="4" t="22" w="797" /><ent r="3" t="26" w="118" /><ent r="3" t="26" w="130" /></phr></stem><stem n="&quot;underscore&quot;"><phr n="&quot;underscore&quot;"><ent r="4" t="22" w="824" /><ent r="3" t="22" w="1229" /></phr></stem><stem n="reappear"><phr n="reappear"><ent r="4" t="22" w="839" /></phr></stem><stem n="(unless"><phr n="(unless"><ent r="4" t="22" w="848" /></phr></stem><stem n="neutral"><phr n="Neutral"><ent r="83" t="22" w="861" /></phr></stem><stem n="&quot;startup&quot;"><phr n="&quot;Startup&quot;"><ent r="3" t="22" w="881" /></phr></stem><stem n="-synchron"><phr n="-synchronizing"><ent r="3" t="22" w="891" /><ent r="3" t="22" w="891" /></phr></stem><stem n="re-synchron"><phr n="re-synchronizing"><ent r="3" t="22" w="891" /></phr></stem><stem n="synchron"><phr n="synchronizing"><ent r="3" t="22" w="892" /></phr><phr n="synchronization"><ent r="3" t="61" w="95" /></phr><phr n="Synchronize"><ent r="3" t="61" w="465" /><ent r="3" t="61" w="878" /></phr><phr n="synchronize"><ent r="3" t="61" w="931" /></phr></stem><stem n="notion"><phr n="notion"><ent r="3" t="22" w="895" /></phr></stem><stem n="&quot;i"><phr n="&quot;I"><ent r="3" t="22" w="910" /></phr></stem><stem n="(perhap"><phr n="(perhaps"><ent r="3" t="22" w="919" /></phr></stem><stem n="gone"><phr n="gone"><ent r="3" t="22" w="923" /></phr></stem><stem n="came"><phr n="came"><ent r="3" t="22" w="927" /></phr></stem><stem n="lack"><phr n="lack"><ent r="3" t="22" w="934" /></phr></stem><stem n="certainti"><phr n="certainty"><ent r="3" t="22" w="936" /></phr></stem><stem n="&quot;reset&quot;"><phr n="&quot;reset&quot;"><ent r="3" t="22" w="953" /></phr></stem><stem n="&quot;power"><phr n="&quot;power"><ent r="3" t="22" w="960" /></phr></stem><stem n="never"><phr n="never"><ent r="3" t="22" w="983" /><ent r="3" t="22" w="1076" /><ent r="3" t="22" w="1256" /><ent r="3" t="29" w="156" /><ent r="3" t="29" w="162" /></phr></stem><stem n="deviceresetrul"><phr n="DeviceResetRule"><ent r="3" t="22" w="991" /></phr></stem><stem n="-condit"><phr n="-condition"><ent r="3" t="22" w="993" /><ent r="3" t="22" w="993" /><ent r="3" t="22" w="1002" /><ent r="3" t="22" w="1002" /><ent r="3" t="22" w="1087" /><ent r="3" t="22" w="1087" /></phr><phr n="-Conditional"><ent r="92" t="26" w="817" /><ent r="92" t="26" w="817" /></phr><phr n="-conditional"><ent r="3" t="26" w="822" /><ent r="3" t="26" w="822" /><ent r="3" t="26" w="1009" /><ent r="3" t="26" w="1009" /></phr></stem><stem n="reset-condit"><phr n="reset-condition"><ent r="3" t="22" w="993" /><ent r="3" t="22" w="1002" /></phr></stem><stem n="-list."><phr n="-List."><ent r="3" t="22" w="1039" /><ent r="3" t="22" w="1039" /></phr></stem><stem n="break"><phr n="Break"><ent r="3" t="22" w="1051" /></phr><phr n="break"><ent r="3" t="22" w="1086" /><ent r="3" t="22" w="1087" /><ent r="3" t="22" w="1097" /><ent r="3" t="22" w="1268" /><ent r="3" t="22" w="1452" /><ent r="3" t="22" w="1456" /><ent r="3" t="22" w="1491" /><ent r="3" t="22" w="1495" /><ent r="3" t="22" w="1526" /><ent r="6" t="68" w="381" /><ent r="6" t="70" w="749" /></phr><phr n="breaks"><ent r="6" t="24" w="2907" /></phr></stem><stem n="&quot;break&quot;"><phr n="&quot;Break&quot;"><ent r="3" t="22" w="1052" /></phr></stem><stem n="abort"><phr n="abort"><ent r="3" t="22" w="1055" /></phr></stem><stem n="ever"><phr n="ever"><ent r="3" t="22" w="1066" /><ent r="3" t="49" w="16" /></phr></stem><stem n="breakrul"><phr n="BreakRule"><ent r="3" t="22" w="1085" /></phr></stem><stem n="break-condit"><phr n="break-condition"><ent r="3" t="22" w="1087" /></phr></stem><stem n="everytim"><phr n="everytime"><ent r="3" t="22" w="1118" /></phr></stem><stem n="fire"><phr n="fires"><ent r="3" t="22" w="1121" /></phr></stem><stem n="debug"><phr n="debugging"><ent r="3" t="22" w="1126" /><ent r="3" t="49" w="732" /><ent r="6" t="68" w="325" /><ent r="6" t="68" w="624" /></phr><phr n="Debug"><ent r="3" t="53" w="87" /><ent r="92" t="54" w="40" /><ent r="3" t="54" w="124" /><ent r="100" t="54" w="307" /><ent r="100" t="54" w="310" /><ent r="3" t="54" w="316" /><ent r="3" t="54" w="473" /><ent r="100" t="55" w="7" /><ent r="100" t="55" w="177" /><ent r="5" t="55" w="753" /><ent r="4" t="55" w="771" /><ent r="4" t="55" w="817" /><ent r="3" t="56" w="24" /><ent r="3" t="56" w="162" /></phr><phr n="Debugging"><ent r="1000" t="55" w="1" /><ent r="102" t="55" w="39" /></phr><phr n="debug"><ent r="3" t="55" w="106" /></phr></stem><stem n="decrib"><phr n="decribed"><ent r="3" t="22" w="1141" /></phr></stem><stem n="net"><phr n="net"><ent r="3" t="22" w="1149" /><ent r="3" t="26" w="464" /><ent r="64" t="26" w="472" /><ent r="3" t="32" w="305" /><ent r="3" t="32" w="337" /><ent r="3" t="32" w="345" /><ent r="3" t="32" w="362" /><ent r="64" t="47" w="405" /><ent r="3" t="54" w="335" /></phr><phr n="Net"><ent r="3" t="26" w="134" /></phr><phr n="NET"><ent r="3" t="26" w="495" /><ent r="3" t="26" w="513" /></phr></stem><stem n="net-snmp"><phr n="net-snmp"><ent r="3" t="22" w="1149" /><ent r="3" t="26" w="464" /><ent r="64" t="26" w="472" /><ent r="3" t="32" w="305" /><ent r="3" t="32" w="337" /><ent r="3" t="32" w="345" /><ent r="3" t="32" w="362" /></phr><phr n="Net-SNMP"><ent r="3" t="26" w="134" /></phr><phr n="NET-SNMP"><ent r="3" t="26" w="495" /><ent r="3" t="26" w="513" /></phr></stem><stem n="snmptrap"><phr n="snmptrap"><ent r="4" t="22" w="1152" /><ent r="3" t="22" w="1174" /><ent r="3" t="32" w="308" /><ent r="3" t="32" w="332" /><ent r="3" t="32" w="352" /><ent r="3" t="32" w="369" /><ent r="3" t="32" w="420" /><ent r="3" t="32" w="434" /><ent r="3" t="32" w="573" /><ent r="3" t="32" w="587" /><ent r="3" t="32" w="718" /><ent r="3" t="32" w="828" /><ent r="3" t="32" w="1016" /></phr></stem><stem n="$trapvar"><phr n="$trapVar"><ent r="3" t="22" w="1165" /><ent r="3" t="22" w="1252" /><ent r="3" t="22" w="1419" /><ent r="3" t="22" w="1427" /><ent r="3" t="22" w="1453" /><ent r="3" t="22" w="1559" /></phr></stem><stem n="snmptrap.ex"><phr n="snmptrap.exe"><ent r="3" t="22" w="1175" /><ent r="3" t="22" w="1174" /></phr></stem><stem n="-v2c"><phr n="-v2c"><ent r="3" t="22" w="1176" /><ent r="3" t="22" w="1176" /></phr></stem><stem n="-c"><phr n="-c"><ent r="3" t="22" w="1177" /><ent r="3" t="22" w="1177" /><ent r="3" t="32" w="437" /><ent r="3" t="32" w="437" /><ent r="3" t="32" w="590" /><ent r="3" t="32" w="590" /><ent r="3" t="32" w="721" /><ent r="3" t="32" w="721" /><ent r="3" t="32" w="831" /><ent r="3" t="32" w="831" /><ent r="3" t="32" w="1019" /><ent r="3" t="32" w="1019" /><ent r="5" t="41" w="366" /><ent r="5" t="41" w="366" /><ent r="3" t="47" w="632" /><ent r="3" t="47" w="632" /><ent r="3" t="48" w="197" /><ent r="3" t="48" w="197" /><ent r="3" t="55" w="133" /><ent r="3" t="55" w="133" /><ent r="5" t="55" w="174" /><ent r="5" t="55" w="174" /><ent r="3" t="55" w="502" /><ent r="3" t="55" w="502" /><ent r="3" t="55" w="559" /><ent r="3" t="55" w="559" /><ent r="3" t="55" w="616" /><ent r="3" t="55" w="616" /><ent r="3" t="55" w="661" /><ent r="3" t="55" w="661" /><ent r="3" t="56" w="103" /><ent r="3" t="56" w="103" /><ent r="3" t="56" w="170" /><ent r="3" t="56" w="170" /></phr></stem><stem n="computernam"><phr n="computername"><ent r="3" t="22" w="1179" /></phr></stem><stem n="''"><phr n="''"><ent r="3" t="22" w="1180" /></phr></stem><stem n="1.3.6.1.4"><phr n="1.3.6.1.4"><ent r="3" t="22" w="1184" /><ent r="3" t="22" w="1180" /><ent r="3" t="22" w="1193" /><ent r="3" t="22" w="1189" /><ent r="3" t="22" w="1328" /><ent r="3" t="22" w="1324" /><ent r="3" t="22" w="1345" /><ent r="3" t="22" w="1341" /><ent r="3" t="22" w="1362" /><ent r="3" t="22" w="1358" /><ent r="3" t="29" w="560" /><ent r="3" t="29" w="556" /><ent r="3" t="29" w="594" /><ent r="3" t="29" w="590" /><ent r="3" t="31" w="79" /><ent r="3" t="31" w="75" /><ent r="3" t="31" w="112" /><ent r="3" t="31" w="108" /><ent r="3" t="31" w="121" /><ent r="3" t="31" w="117" /><ent r="3" t="31" w="131" /><ent r="3" t="31" w="127" /><ent r="4" t="31" w="215" /><ent r="4" t="31" w="211" /><ent r="4" t="31" w="274" /><ent r="4" t="31" w="270" /><ent r="4" t="31" w="284" /><ent r="4" t="31" w="280" /><ent r="3" t="32" w="444" /><ent r="3" t="32" w="440" /><ent r="3" t="32" w="458" /><ent r="3" t="32" w="454" /><ent r="3" t="32" w="475" /><ent r="3" t="32" w="471" /><ent r="3" t="32" w="488" /><ent r="3" t="32" w="484" /><ent r="3" t="32" w="502" /><ent r="3" t="32" w="498" /><ent r="3" t="32" w="517" /><ent r="3" t="32" w="513" /><ent r="3" t="32" w="533" /><ent r="3" t="32" w="529" /><ent r="3" t="32" w="598" /><ent r="3" t="32" w="594" /><ent r="3" t="32" w="605" /><ent r="3" t="32" w="601" /><ent r="3" t="32" w="619" /><ent r="3" t="32" w="615" /><ent r="3" t="32" w="636" /><ent r="3" t="32" w="632" /><ent r="3" t="32" w="649" /><ent r="3" t="32" w="645" /><ent r="3" t="32" w="663" /><ent r="3" t="32" w="659" /><ent r="3" t="32" w="678" /><ent r="3" t="32" w="674" /><ent r="3" t="32" w="694" /><ent r="3" t="32" w="690" /><ent r="3" t="32" w="728" /><ent r="3" t="32" w="724" /><ent r="3" t="32" w="742" /><ent r="3" t="32" w="738" /><ent r="3" t="32" w="759" /><ent r="3" t="32" w="755" /><ent r="3" t="32" w="772" /><ent r="3" t="32" w="768" /><ent r="3" t="32" w="786" /><ent r="3" t="32" w="782" /><ent r="3" t="32" w="801" /><ent r="3" t="32" w="797" /><ent r="3" t="32" w="817" /><ent r="3" t="32" w="813" /><ent r="3" t="32" w="838" /><ent r="3" t="32" w="834" /><ent r="3" t="32" w="852" /><ent r="3" t="32" w="848" /><ent r="3" t="32" w="869" /><ent r="3" t="32" w="865" /><ent r="3" t="32" w="882" /><ent r="3" t="32" w="878" /><ent r="3" t="32" w="896" /><ent r="3" t="32" w="892" /><ent r="3" t="32" w="911" /><ent r="3" t="32" w="907" /><ent r="3" t="32" w="927" /><ent r="3" t="32" w="923" /><ent r="3" t="32" w="942" /><ent r="3" t="32" w="938" /><ent r="3" t="32" w="955" /><ent r="3" t="32" w="951" /><ent r="3" t="32" w="968" /><ent r="3" t="32" w="964" /><ent r="3" t="32" w="981" /><ent r="3" t="32" w="977" /><ent r="3" t="32" w="994" /><ent r="3" t="32" w="990" /><ent r="3" t="32" w="1007" /><ent r="3" t="32" w="1003" /><ent r="3" t="32" w="1027" /><ent r="3" t="32" w="1023" /><ent r="3" t="32" w="1034" /><ent r="3" t="32" w="1030" /><ent r="3" t="32" w="1051" /><ent r="3" t="32" w="1047" /><ent r="3" t="32" w="1064" /><ent r="3" t="32" w="1060" /><ent r="3" t="32" w="1078" /><ent r="3" t="32" w="1074" /><ent r="3" t="32" w="1093" /><ent r="3" t="32" w="1089" /><ent r="3" t="32" w="1109" /><ent r="3" t="32" w="1105" /><ent r="3" t="32" w="1181" /><ent r="3" t="32" w="1177" /><ent r="3" t="32" w="1195" /><ent r="3" t="32" w="1191" /><ent r="3" t="32" w="1209" /><ent r="3" t="32" w="1205" /><ent r="3" t="32" w="1226" /><ent r="3" t="32" w="1222" /><ent r="3" t="32" w="1241" /><ent r="3" t="32" w="1237" /><ent r="3" t="32" w="1257" /><ent r="3" t="32" w="1253" /><ent r="3" t="55" w="892" /><ent r="3" t="55" w="888" /></phr></stem><stem n="1.3.6.1.4.1"><phr n="1.3.6.1.4.1"><ent r="3" t="22" w="1185" /><ent r="3" t="22" w="1180" /><ent r="3" t="22" w="1194" /><ent r="3" t="22" w="1189" /><ent r="3" t="22" w="1329" /><ent r="3" t="22" w="1324" /><ent r="3" t="22" w="1346" /><ent r="3" t="22" w="1341" /><ent r="3" t="22" w="1363" /><ent r="3" t="22" w="1358" /><ent r="3" t="29" w="561" /><ent r="3" t="29" w="556" /><ent r="3" t="29" w="595" /><ent r="3" t="29" w="590" /><ent r="3" t="31" w="80" /><ent r="3" t="31" w="75" /><ent r="3" t="31" w="113" /><ent r="3" t="31" w="108" /><ent r="3" t="31" w="122" /><ent r="3" t="31" w="117" /><ent r="3" t="31" w="132" /><ent r="3" t="31" w="127" /><ent r="4" t="31" w="216" /><ent r="4" t="31" w="211" /><ent r="4" t="31" w="275" /><ent r="4" t="31" w="270" /><ent r="4" t="31" w="285" /><ent r="4" t="31" w="280" /><ent r="3" t="32" w="445" /><ent r="3" t="32" w="440" /><ent r="3" t="32" w="459" /><ent r="3" t="32" w="454" /><ent r="3" t="32" w="476" /><ent r="3" t="32" w="471" /><ent r="3" t="32" w="489" /><ent r="3" t="32" w="484" /><ent r="3" t="32" w="503" /><ent r="3" t="32" w="498" /><ent r="3" t="32" w="518" /><ent r="3" t="32" w="513" /><ent r="3" t="32" w="534" /><ent r="3" t="32" w="529" /><ent r="3" t="32" w="599" /><ent r="3" t="32" w="594" /><ent r="3" t="32" w="606" /><ent r="3" t="32" w="601" /><ent r="3" t="32" w="620" /><ent r="3" t="32" w="615" /><ent r="3" t="32" w="637" /><ent r="3" t="32" w="632" /><ent r="3" t="32" w="650" /><ent r="3" t="32" w="645" /><ent r="3" t="32" w="664" /><ent r="3" t="32" w="659" /><ent r="3" t="32" w="679" /><ent r="3" t="32" w="674" /><ent r="3" t="32" w="695" /><ent r="3" t="32" w="690" /><ent r="3" t="32" w="729" /><ent r="3" t="32" w="724" /><ent r="3" t="32" w="743" /><ent r="3" t="32" w="738" /><ent r="3" t="32" w="760" /><ent r="3" t="32" w="755" /><ent r="3" t="32" w="773" /><ent r="3" t="32" w="768" /><ent r="3" t="32" w="787" /><ent r="3" t="32" w="782" /><ent r="3" t="32" w="802" /><ent r="3" t="32" w="797" /><ent r="3" t="32" w="818" /><ent r="3" t="32" w="813" /><ent r="3" t="32" w="839" /><ent r="3" t="32" w="834" /><ent r="3" t="32" w="853" /><ent r="3" t="32" w="848" /><ent r="3" t="32" w="870" /><ent r="3" t="32" w="865" /><ent r="3" t="32" w="883" /><ent r="3" t="32" w="878" /><ent r="3" t="32" w="897" /><ent r="3" t="32" w="892" /><ent r="3" t="32" w="912" /><ent r="3" t="32" w="907" /><ent r="3" t="32" w="928" /><ent r="3" t="32" w="923" /><ent r="3" t="32" w="943" /><ent r="3" t="32" w="938" /><ent r="3" t="32" w="956" /><ent r="3" t="32" w="951" /><ent r="3" t="32" w="969" /><ent r="3" t="32" w="964" /><ent r="3" t="32" w="982" /><ent r="3" t="32" w="977" /><ent r="3" t="32" w="995" /><ent r="3" t="32" w="990" /><ent r="3" t="32" w="1008" /><ent r="3" t="32" w="1003" /><ent r="3" t="32" w="1028" /><ent r="3" t="32" w="1023" /><ent r="3" t="32" w="1035" /><ent r="3" t="32" w="1030" /><ent r="3" t="32" w="1052" /><ent r="3" t="32" w="1047" /><ent r="3" t="32" w="1065" /><ent r="3" t="32" w="1060" /><ent r="3" t="32" w="1079" /><ent r="3" t="32" w="1074" /><ent r="3" t="32" w="1094" /><ent r="3" t="32" w="1089" /><ent r="3" t="32" w="1110" /><ent r="3" t="32" w="1105" /><ent r="3" t="32" w="1182" /><ent r="3" t="32" w="1177" /><ent r="3" t="32" w="1196" /><ent r="3" t="32" w="1191" /><ent r="3" t="32" w="1210" /><ent r="3" t="32" w="1205" /><ent r="3" t="32" w="1227" /><ent r="3" t="32" w="1222" /><ent r="3" t="32" w="1242" /><ent r="3" t="32" w="1237" /><ent r="3" t="32" w="1258" /><ent r="3" t="32" w="1253" /><ent r="3" t="55" w="893" /><ent r="3" t="55" w="888" /></phr></stem><stem n="1.3.6.1.4.1.11898"><phr n="1.3.6.1.4.1.11898"><ent r="3" t="22" w="1186" /><ent r="3" t="22" w="1180" /><ent r="3" t="22" w="1195" /><ent r="3" t="22" w="1189" /><ent r="3" t="22" w="1330" /><ent r="3" t="22" w="1324" /><ent r="3" t="22" w="1347" /><ent r="3" t="22" w="1341" /><ent r="3" t="22" w="1364" /><ent r="3" t="22" w="1358" /></phr></stem><stem n="11898"><phr n="11898"><ent r="3" t="22" w="1186" /><ent r="3" t="22" w="1195" /><ent r="3" t="22" w="1330" /><ent r="3" t="22" w="1347" /><ent r="3" t="22" w="1364" /></phr></stem><stem n="1.3.6.1.4.1.11898.2"><phr n="1.3.6.1.4.1.11898.2"><ent r="3" t="22" w="1187" /><ent r="3" t="22" w="1180" /><ent r="3" t="22" w="1196" /><ent r="3" t="22" w="1189" /><ent r="3" t="22" w="1331" /><ent r="3" t="22" w="1324" /><ent r="3" t="22" w="1348" /><ent r="3" t="22" w="1341" /><ent r="3" t="22" w="1365" /><ent r="3" t="22" w="1358" /></phr></stem><stem n=".3.6.1.4.1.11898.2.1"><phr n=".3.6.1.4.1.11898.2.1"><ent r="3" t="22" w="1188" /></phr></stem><stem n="1.3.6.1.4.1.11898.2.1"><phr n="1.3.6.1.4.1.11898.2.1"><ent r="3" t="22" w="1188" /><ent r="3" t="22" w="1180" /><ent r="3" t="22" w="1197" /><ent r="3" t="22" w="1189" /><ent r="3" t="22" w="1332" /><ent r="3" t="22" w="1324" /><ent r="3" t="22" w="1349" /><ent r="3" t="22" w="1341" /><ent r="3" t="22" w="1366" /><ent r="3" t="22" w="1358" /></phr></stem><stem n="1.3.6.1.4.1.11898.2.1.18"><phr n="1.3.6.1.4.1.11898.2.1.18"><ent r="3" t="22" w="1198" /><ent r="3" t="22" w="1189" /><ent r="3" t="22" w="1333" /><ent r="3" t="22" w="1324" /><ent r="3" t="22" w="1350" /><ent r="3" t="22" w="1341" /><ent r="3" t="22" w="1367" /><ent r="3" t="22" w="1358" /></phr></stem><stem n="1.3.6.1.4.1.11898.2.1.18.1"><phr n="1.3.6.1.4.1.11898.2.1.18.1"><ent r="3" t="22" w="1199" /><ent r="3" t="22" w="1189" /><ent r="3" t="22" w="1334" /><ent r="3" t="22" w="1324" /><ent r="3" t="22" w="1351" /><ent r="3" t="22" w="1341" /><ent r="3" t="22" w="1368" /><ent r="3" t="22" w="1358" /></phr></stem><stem n=".3.6.1.4.1.11898.2.1.18.1.18"><phr n=".3.6.1.4.1.11898.2.1.18.1.18"><ent r="3" t="22" w="1200" /></phr></stem><stem n="1.3.6.1.4.1.11898.2.1.18.1.18"><phr n="1.3.6.1.4.1.11898.2.1.18.1.18"><ent r="3" t="22" w="1200" /><ent r="3" t="22" w="1189" /><ent r="3" t="22" w="1335" /><ent r="3" t="22" w="1324" /></phr></stem><stem n="group"><phr n="group"><ent r="3" t="22" w="1221" /><ent r="4" t="24" w="112" /><ent r="4" t="35" w="812" /></phr><phr n="groups"><ent r="3" t="34" w="581" /><ent r="3" t="35" w="974" /></phr></stem><stem n="trapvarap"><phr n="trapVarAP"><ent r="3" t="22" w="1225" /><ent r="3" t="22" w="1417" /><ent r="3" t="22" w="1425" /><ent r="3" t="22" w="1433" /><ent r="3" t="22" w="1442" /><ent r="3" t="22" w="1451" /><ent r="3" t="22" w="1459" /><ent r="3" t="22" w="1561" /></phr></stem><stem n="(_trapvarap)"><phr n="(_trapVarAP)"><ent r="3" t="22" w="1226" /></phr></stem><stem n="reach"><phr n="reaches"><ent r="3" t="22" w="1240" /></phr><phr n="reach"><ent r="3" t="49" w="841" /></phr><phr n="reached"><ent r="3" t="55" w="648" /><ent r="3" t="55" w="1125" /><ent r="4" t="55" w="1193" /></phr></stem><stem n="-clear"><phr n="-clear"><ent r="3" t="22" w="1242" /><ent r="3" t="22" w="1242" /></phr></stem><stem n="non-clear"><phr n="non-clear"><ent r="3" t="22" w="1242" /></phr></stem><stem n="(minor,"><phr n="(minor,"><ent r="3" t="22" w="1246" /></phr></stem></index>