<?xml version="1.0" encoding="utf-8"?><index><stem n="imserver_address"><phr n="imserver_address"><ent r="3" t="58" w="184" /><ent r="3" t="58" w="183" /></phr></stem><stem n="://imserver_address:webport/~fil"><phr n="://imserver_address:webport/~files"><ent r="3" t="58" w="186" /></phr></stem><stem n="webport/~fil"><phr n="webport/~files"><ent r="3" t="58" w="186" /><ent r="3" t="58" w="185" /></phr></stem><stem n="/~files/icon"><phr n="/~files/icons"><ent r="6" t="58" w="264" /><ent r="6" t="61" w="175" /></phr></stem><stem n="~files/icon"><phr n="~files/icons"><ent r="6" t="58" w="264" /><ent r="6" t="58" w="263" /><ent r="6" t="61" w="175" /><ent r="6" t="61" w="174" /></phr></stem><stem n="/~files/extens"><phr n="/~files/extensions"><ent r="6" t="58" w="269" /><ent r="6" t="61" w="180" /></phr></stem><stem n="~files/extens"><phr n="~files/extensions"><ent r="6" t="58" w="269" /><ent r="6" t="58" w="268" /><ent r="6" t="61" w="180" /><ent r="6" t="61" w="179" /></phr></stem><stem n="/~files/font"><phr n="/~files/fonts"><ent r="6" t="58" w="274" /><ent r="6" t="61" w="185" /></phr></stem><stem n="~files/font"><phr n="~files/fonts"><ent r="6" t="58" w="274" /><ent r="6" t="58" w="273" /><ent r="6" t="61" w="185" /><ent r="6" t="61" w="184" /></phr></stem><stem n="/~files/map"><phr n="/~files/maps"><ent r="6" t="58" w="279" /><ent r="6" t="61" w="190" /></phr></stem><stem n="~files/map"><phr n="~files/maps"><ent r="6" t="58" w="279" /><ent r="6" t="58" w="278" /><ent r="6" t="61" w="190" /><ent r="6" t="61" w="189" /></phr></stem><stem n="/~files/mib"><phr n="/~files/mibs"><ent r="6" t="58" w="285" /><ent r="6" t="61" w="196" /></phr></stem><stem n="~files/mib"><phr n="~files/mibs"><ent r="6" t="58" w="285" /><ent r="6" t="58" w="284" /><ent r="6" t="61" w="196" /><ent r="6" t="61" w="195" /></phr></stem><stem n="/~files/prob"><phr n="/~files/probes"><ent r="6" t="58" w="290" /><ent r="6" t="61" w="201" /></phr></stem><stem n="~files/prob"><phr n="~files/probes"><ent r="6" t="58" w="290" /><ent r="6" t="58" w="289" /><ent r="6" t="61" w="201" /><ent r="6" t="61" w="200" /></phr></stem><stem n="/~files/sound"><phr n="/~files/sounds"><ent r="6" t="58" w="295" /><ent r="6" t="61" w="206" /></phr></stem><stem n="~files/sound"><phr n="~files/sounds"><ent r="6" t="58" w="295" /><ent r="6" t="58" w="294" /><ent r="6" t="61" w="206" /><ent r="6" t="61" w="205" /></phr></stem><stem n="/~files/tool"><phr n="/~files/tools"><ent r="6" t="58" w="300" /><ent r="6" t="61" w="211" /></phr></stem><stem n="~files/tool"><phr n="~files/tools"><ent r="6" t="58" w="300" /><ent r="6" t="58" w="299" /><ent r="6" t="61" w="211" /><ent r="6" t="61" w="210" /></phr></stem><stem n="/~files/webpag"><phr n="/~files/webpages"><ent r="6" t="58" w="306" /><ent r="6" t="61" w="217" /></phr></stem><stem n="~files/webpag"><phr n="~files/webpages"><ent r="6" t="58" w="306" /><ent r="6" t="58" w="305" /><ent r="6" t="61" w="217" /><ent r="6" t="61" w="216" /></phr></stem><stem n="webpag"><phr n="webpages"><ent r="6" t="58" w="306" /><ent r="6" t="61" w="217" /><ent r="3" t="61" w="646" /><ent r="3" t="61" w="1080" /></phr></stem><stem n="payload"><phr n="payload"><ent r="3" t="58" w="333" /><ent r="3" t="59" w="298" /></phr></stem><stem n="port/~fil"><phr n="port/~files"><ent r="3" t="58" w="365" /><ent r="3" t="58" w="364" /><ent r="3" t="58" w="498" /><ent r="3" t="58" w="497" /></phr></stem><stem n="port/~files/icon"><phr n="port/~files/icons"><ent r="3" t="58" w="366" /><ent r="3" t="58" w="364" /></phr></stem><stem n="port/~files/icons/fold"><phr n="port/~files/icons/Folder"><ent r="3" t="58" w="367" /><ent r="3" t="58" w="364" /></phr></stem><stem n="port/~files/icons/folder/filenam"><phr n="port/~files/icons/Folder/Filename"><ent r="3" t="58" w="368" /><ent r="3" t="58" w="364" /></phr></stem><stem n="://imserver:port/~files/icons/folder/filename.typ"><phr n="://imserver:port/~files/icons/Folder/Filename.type"><ent r="3" t="58" w="369" /></phr></stem><stem n="port/~files/icons/folder/filename.typ"><phr n="port/~files/icons/Folder/Filename.type"><ent r="3" t="58" w="369" /><ent r="3" t="58" w="364" /></phr></stem><stem n="(jpeg"><phr n="(jpeg"><ent r="3" t="58" w="380" /></phr></stem><stem n="jpeg"><phr n="jpeg"><ent r="3" t="58" w="380" /><ent r="6" t="70" w="826" /><ent r="6" t="70" w="1271" /></phr><phr n="Jpeg"><ent r="100" t="70" w="812" /></phr></stem><stem n="png"><phr n="png"><ent r="3" t="58" w="382" /><ent r="3" t="58" w="416" /><ent r="3" t="58" w="424" /><ent r="3" t="58" w="431" /><ent r="3" t="58" w="438" /><ent r="6" t="70" w="816" /><ent r="6" t="70" w="1249" /><ent r="6" t="70" w="1261" /></phr><phr n="Png"><ent r="100" t="70" w="810" /></phr><phr n="PNG"><ent r="6" t="70" w="823" /><ent r="6" t="70" w="1268" /></phr></stem><stem n="curl"><phr n="curl"><ent r="3" t="58" w="392" /><ent r="3" t="58" w="412" /><ent r="3" t="58" w="426" /><ent r="3" t="58" w="470" /><ent r="3" t="58" w="484" /><ent r="3" t="59" w="388" /><ent r="3" t="59" w="401" /><ent r="3" t="60" w="130" /><ent r="3" t="60" w="144" /><ent r="3" t="60" w="165" /><ent r="3" t="60" w="182" /><ent r="3" t="61" w="253" /><ent r="3" t="61" w="477" /><ent r="3" t="61" w="561" /><ent r="3" t="61" w="586" /><ent r="3" t="61" w="675" /><ent r="3" t="61" w="854" /></phr></stem><stem n="(command-line)"><phr n="(command-line)"><ent r="3" t="58" w="396" /></phr></stem><stem n="(should"><phr n="(should"><ent r="3" t="58" w="404" /></phr></stem><stem n="--data-binari"><phr n="--data-binary"><ent r="3" t="58" w="413" /><ent r="3" t="58" w="415" /><ent r="3" t="58" w="428" /><ent r="3" t="58" w="430" /><ent r="3" t="58" w="488" /><ent r="3" t="58" w="490" /><ent r="3" t="59" w="405" /><ent r="3" t="59" w="407" /></phr></stem><stem n="data-binari"><phr n="data-binary"><ent r="3" t="58" w="413" /><ent r="3" t="58" w="428" /><ent r="3" t="58" w="488" /><ent r="3" t="59" w="405" /></phr></stem><stem n="sample.png"><phr n="sample.png"><ent r="3" t="58" w="416" /><ent r="3" t="58" w="415" /><ent r="3" t="58" w="431" /><ent r="3" t="58" w="430" /></phr></stem><stem n="&quot;@sample.png&quot;"><phr n="&quot;@sample.png&quot;"><ent r="3" t="58" w="417" /><ent r="3" t="58" w="432" /></phr></stem><stem n="8080"><phr n="8080"><ent r="3" t="58" w="419" /><ent r="3" t="61" w="291" /><ent r="3" t="61" w="314" /><ent r="3" t="61" w="393" /><ent r="3" t="61" w="484" /></phr></stem><stem n="8080/~file"><phr n="8080/~files"><ent r="3" t="58" w="420" /><ent r="3" t="58" w="419" /></phr></stem><stem n="8080/~files/icon"><phr n="8080/~files/icons"><ent r="3" t="58" w="421" /><ent r="3" t="58" w="419" /></phr></stem><stem n="8080/~files/icons/default"><phr n="8080/~files/icons/Default"><ent r="3" t="58" w="422" /><ent r="3" t="58" w="419" /></phr></stem><stem n="8080/~files/icons/default/sampl"><phr n="8080/~files/icons/Default/sample"><ent r="3" t="58" w="423" /><ent r="3" t="58" w="419" /></phr></stem><stem n="://localhost:8080/~files/icons/default/sample.png"><phr n="://localhost:8080/~files/icons/Default/sample.png"><ent r="3" t="58" w="424" /></phr></stem><stem n="8080/~files/icons/default/sample.png"><phr n="8080/~files/icons/Default/sample.png"><ent r="3" t="58" w="424" /><ent r="3" t="58" w="419" /></phr></stem><stem n="-k"><phr n="-k"><ent r="3" t="58" w="427" /><ent r="3" t="58" w="427" /><ent r="4" t="58" w="444" /><ent r="4" t="58" w="444" /></phr></stem><stem n="localhost/~fil"><phr n="localhost/~files"><ent r="3" t="58" w="434" /><ent r="3" t="58" w="433" /></phr></stem><stem n="localhost/~files/icon"><phr n="localhost/~files/icons"><ent r="3" t="58" w="435" /><ent r="3" t="58" w="433" /></phr></stem><stem n="localhost/~files/icons/default"><phr n="localhost/~files/icons/Default"><ent r="3" t="58" w="436" /><ent r="3" t="58" w="433" /></phr></stem><stem n="localhost/~files/icons/default/sampl"><phr n="localhost/~files/icons/Default/sample"><ent r="3" t="58" w="437" /><ent r="3" t="58" w="433" /></phr></stem><stem n="://localhost/~files/icons/default/sample.png"><phr n="://localhost/~files/icons/Default/sample.png"><ent r="3" t="58" w="438" /></phr></stem><stem n="localhost/~files/icons/default/sample.png"><phr n="localhost/~files/icons/Default/sample.png"><ent r="3" t="58" w="438" /><ent r="3" t="58" w="433" /></phr></stem><stem n="--user"><phr n="--user"><ent r="3" t="58" w="485" /><ent r="3" t="58" w="486" /><ent r="3" t="59" w="402" /><ent r="3" t="59" w="403" /><ent r="3" t="60" w="145" /><ent r="3" t="60" w="146" /><ent r="3" t="60" w="183" /><ent r="3" t="60" w="184" /></phr></stem><stem n=":pa55w0rd"><phr n=":Pa55w0rd"><ent r="3" t="58" w="487" /><ent r="3" t="59" w="404" /><ent r="3" t="60" w="147" /><ent r="3" t="60" w="185" /></phr></stem><stem n="pa55w0rd"><phr n="Pa55w0rd"><ent r="3" t="58" w="487" /><ent r="3" t="59" w="404" /><ent r="3" t="60" w="147" /><ent r="3" t="60" w="185" /></phr></stem><stem n="path/to"><phr n="path/to"><ent r="3" t="58" w="491" /><ent r="3" t="58" w="490" /><ent r="3" t="59" w="408" /><ent r="3" t="59" w="407" /></phr></stem><stem n="path/to/loc"><phr n="path/to/local"><ent r="3" t="58" w="492" /><ent r="3" t="58" w="490" /></phr></stem><stem n="path/to/local/map"><phr n="path/to/local/map"><ent r="3" t="58" w="493" /><ent r="3" t="58" w="490" /></phr></stem><stem n="@/path/to/local/map_fil"><phr n="@/path/to/local/map_file"><ent r="3" t="58" w="494" /></phr></stem><stem n="path/to/local/map_fil"><phr n="path/to/local/map_file"><ent r="3" t="58" w="494" /><ent r="3" t="58" w="490" /></phr></stem><stem n="port/~files/map"><phr n="port/~files/maps"><ent r="3" t="58" w="499" /><ent r="3" t="58" w="497" /></phr></stem><stem n="port/~files/maps/map"><phr n="port/~files/maps/map"><ent r="3" t="58" w="500" /><ent r="3" t="58" w="497" /></phr></stem><stem n="://imserver:port/~files/maps/map_fil"><phr n="://imserver:port/~files/maps/map_file"><ent r="3" t="58" w="501" /></phr></stem><stem n="port/~files/maps/map_fil"><phr n="port/~files/maps/map_file"><ent r="3" t="58" w="501" /><ent r="3" t="58" w="497" /></phr></stem><stem n="table-bas"><phr n="Table-based"><ent r="3" t="59" w="9" /><ent r="82" t="59" w="274" /></phr><phr n="table-based"><ent r="3" t="59" w="15" /></phr></stem><stem n="&quot;tables&quot;"><phr n="&quot;tables&quot;"><ent r="3" t="59" w="54" /></phr></stem><stem n="port/~export"><phr n="port/~export"><ent r="3" t="59" w="114" /><ent r="3" t="59" w="113" /><ent r="3" t="59" w="184" /><ent r="3" t="59" w="183" /><ent r="3" t="59" w="220" /><ent r="3" t="59" w="219" /><ent r="3" t="59" w="244" /><ent r="3" t="59" w="243" /><ent r="3" t="60" w="189" /><ent r="3" t="60" w="188" /></phr></stem><stem n="~export"><phr n="~export"><ent r="3" t="59" w="114" /><ent r="3" t="59" w="184" /><ent r="3" t="59" w="220" /><ent r="3" t="59" w="244" /><ent r="3" t="60" w="189" /></phr></stem><stem n="port/~export/tablenam"><phr n="port/~export/tablename"><ent r="3" t="59" w="115" /><ent r="3" t="59" w="113" /></phr></stem><stem n="tablenam"><phr n="tablename"><ent r="3" t="59" w="115" /></phr></stem><stem n="port/~export/tablename.format"><phr n="port/~export/tablename.format"><ent r="3" t="59" w="116" /><ent r="3" t="59" w="113" /></phr></stem><stem n="://imserver:port/~export/tablename.format?"><phr n="://imserver:port/~export/tablename.format?"><ent r="3" t="59" w="117" /></phr></stem><stem n="(options)"><phr n="(options)"><ent r="4" t="59" w="119" /></phr></stem><stem n=".tab"><phr n=".tab"><ent r="4" t="59" w="124" /></phr></stem><stem n=".csv"><phr n=".csv"><ent r="4" t="59" w="133" /></phr></stem><stem n=".xml"><phr n=".xml"><ent r="4" t="59" w="142" /></phr></stem><stem n=".html-"><phr n=".html-"><ent r="4" t="59" w="150" /></phr></stem><stem n="html-"><phr n="html-"><ent r="4" t="59" w="150" /></phr></stem><stem n="&quot;fields=....&quot;"><phr n="&quot;fields=....&quot;"><ent r="3" t="59" w="165" /></phr></stem><stem n="&quot;schema&quot;"><phr n="&quot;schema&quot;"><ent r="3" t="59" w="175" /></phr></stem><stem n="port/~export/schema"><phr n="port/~export/schema"><ent r="3" t="59" w="185" /><ent r="3" t="59" w="183" /></phr></stem><stem n="://imserver:port/~export/schema.html"><phr n="://imserver:port/~export/schema.html"><ent r="3" t="59" w="186" /></phr></stem><stem n="port/~export/schema.html"><phr n="port/~export/schema.html"><ent r="3" t="59" w="186" /><ent r="3" t="59" w="183" /></phr></stem><stem n="port/~export/devic"><phr n="port/~export/devices"><ent r="3" t="59" w="221" /><ent r="3" t="59" w="219" /><ent r="3" t="59" w="245" /><ent r="3" t="59" w="243" /><ent r="3" t="60" w="190" /><ent r="3" t="60" w="188" /></phr></stem><stem n="://imserver:port/~export/devices.tab"><phr n="://imserver:port/~export/devices.tab"><ent r="3" t="59" w="222" /></phr></stem><stem n="port/~export/devices.tab"><phr n="port/~export/devices.tab"><ent r="3" t="59" w="222" /><ent r="3" t="59" w="219" /><ent r="3" t="59" w="246" /><ent r="3" t="59" w="243" /><ent r="3" t="60" w="191" /><ent r="3" t="60" w="188" /></phr></stem><stem n="id,nam"><phr n="id,name"><ent r="3" t="59" w="249" /><ent r="3" t="59" w="248" /></phr></stem><stem n="id,name,macadress"><phr n="id,name,macadress"><ent r="3" t="59" w="250" /><ent r="3" t="59" w="248" /></phr></stem><stem n="macadress"><phr n="macadress"><ent r="3" t="59" w="250" /></phr></stem><stem n="://imserver:port/~export/devices.tab?fields=id,name,macadress,address"><phr n="://imserver:port/~export/devices.tab?fields=id,name,macadress,address"><ent r="3" t="59" w="251" /></phr></stem><stem n="id,name,macadress,address"><phr n="id,name,macadress,address"><ent r="3" t="59" w="251" /><ent r="3" t="59" w="248" /></phr></stem><stem n="macaddress"><phr n="MACAddress"><ent r="3" t="59" w="268" /></phr></stem><stem n="port/~import"><phr n="port/~import"><ent r="3" t="59" w="303" /><ent r="3" t="59" w="302" /><ent r="3" t="59" w="414" /><ent r="3" t="59" w="413" /></phr></stem><stem n="~import"><phr n="~import"><ent r="3" t="59" w="303" /><ent r="3" t="59" w="414" /></phr></stem><stem n="://imserver:port/~import/filenam"><phr n="://imserver:port/~import/filename"><ent r="3" t="59" w="304" /></phr></stem><stem n="port/~import/filenam"><phr n="port/~import/filename"><ent r="3" t="59" w="304" /><ent r="3" t="59" w="302" /></phr></stem><stem n="-&gt;data"><phr n="-&gt;Data"><ent r="3" t="59" w="374" /><ent r="3" t="59" w="374" /></phr></stem><stem n="import-&gt;data"><phr n="Import-&gt;Data"><ent r="3" t="59" w="374" /></phr></stem><stem n="&gt;data"><phr n="&gt;Data"><ent r="3" t="59" w="375" /></phr></stem><stem n="remoteaccess'"><phr n="RemoteAccess's"><ent r="3" t="59" w="382" /><ent r="3" t="59" w="381" /></phr></stem><stem n="path/to/import"><phr n="path/to/import"><ent r="3" t="59" w="409" /><ent r="3" t="59" w="407" /></phr></stem><stem n="@/path/to/import/fil"><phr n="@/path/to/import/file"><ent r="3" t="59" w="410" /></phr></stem><stem n="path/to/import/fil"><phr n="path/to/import/file"><ent r="3" t="59" w="410" /><ent r="3" t="59" w="407" /></phr></stem><stem n="://imserver:port/~import/fil"><phr n="://imserver:port/~import/file"><ent r="3" t="59" w="415" /></phr></stem><stem n="port/~import/fil"><phr n="port/~import/file"><ent r="3" t="59" w="415" /><ent r="3" t="59" w="413" /></phr></stem><stem n="port/mapid"><phr n="port/mapid"><ent r="3" t="60" w="32" /><ent r="3" t="60" w="31" /><ent r="3" t="60" w="151" /><ent r="3" t="60" w="150" /></phr></stem><stem n="mapid"><phr n="mapid"><ent r="3" t="60" w="32" /><ent r="5" t="60" w="42" /><ent r="4" t="60" w="45" /><ent r="3" t="60" w="151" /></phr><phr n="MapId"><ent r="4" t="60" w="124" /><ent r="3" t="60" w="193" /></phr><phr n="MapID"><ent r="3" t="60" w="178" /></phr><phr n="mapId"><ent r="3" t="60" w="224" /></phr></stem><stem n="port/mapid/devic"><phr n="port/mapid/device"><ent r="3" t="60" w="33" /><ent r="3" t="60" w="31" /><ent r="3" t="60" w="152" /><ent r="3" t="60" w="150" /></phr></stem><stem n="port/mapid/device/deviceimid"><phr n="port/mapid/device/deviceIMID"><ent r="3" t="60" w="34" /><ent r="3" t="60" w="31" /><ent r="3" t="60" w="153" /><ent r="3" t="60" w="150" /></phr></stem><stem n="deviceimid"><phr n="deviceIMID"><ent r="3" t="60" w="34" /><ent r="5" t="60" w="51" /><ent r="3" t="60" w="153" /></phr></stem><stem n="port/mapid/device/deviceimid/"><phr n="port/mapid/device/deviceIMID/"><ent r="3" t="60" w="34" /><ent r="3" t="60" w="31" /><ent r="3" t="60" w="153" /><ent r="3" t="60" w="150" /></phr></stem><stem n="acknowledge.cgi"><phr n="acknowledge.cgi"><ent r="3" t="60" w="36" /><ent r="3" t="60" w="35" /><ent r="4" t="60" w="106" /><ent r="4" t="60" w="105" /><ent r="3" t="60" w="155" /><ent r="3" t="60" w="154" /><ent r="3" t="60" w="221" /><ent r="3" t="60" w="220" /></phr></stem><stem n="://imserver:port/mapid/device/deviceimid/*acknowledge.cgi?message=url+encoded+str"><phr n="://imserver:port/mapid/device/deviceIMID/*acknowledge.cgi?message=URL+encoded+string"><ent r="3" t="60" w="38" /></phr></stem><stem n="url+encoded+str"><phr n="URL+encoded+string"><ent r="3" t="60" w="38" /></phr></stem><stem n="imid"><phr n="IMID"><ent r="4" t="60" w="54" /><ent r="4" t="60" w="126" /><ent r="3" t="60" w="180" /><ent r="3" t="60" w="194" /><ent r="3" t="60" w="225" /></phr></stem><stem n="-encod"><phr n="-encoded"><ent r="4" t="60" w="67" /><ent r="4" t="60" w="67" /></phr></stem><stem n="url-encod"><phr n="URL-encoded"><ent r="4" t="60" w="67" /></phr></stem><stem n="device.html"><phr n="device.html"><ent r="4" t="60" w="97" /><ent r="4" t="60" w="96" /><ent r="5" t="66" w="598" /><ent r="5" t="66" w="597" /><ent r="3" t="66" w="640" /><ent r="3" t="66" w="639" /><ent r="100" t="70" w="1836" /><ent r="100" t="70" w="1835" /><ent r="4" t="70" w="1848" /><ent r="4" t="70" w="1847" /><ent r="6" t="70" w="1892" /><ent r="6" t="70" w="1891" /><ent r="6" t="70" w="1970" /><ent r="6" t="70" w="1969" /></phr><phr n="Device.html"><ent r="100" t="66" w="595" /><ent r="100" t="66" w="594" /><ent r="100" t="70" w="1825" /><ent r="100" t="70" w="1824" /></phr></stem><stem n="&quot;!device.html&quot;"><phr n="&quot;!device.html&quot;"><ent r="4" t="60" w="98" /></phr></stem><stem n="&quot;*acknowledge.cgi?message=....&quot;."><phr n="&quot;*acknowledge.cgi?message=....&quot;."><ent r="4" t="60" w="108" /></phr></stem><stem n="review"><phr n="Review"><ent r="4" t="60" w="109" /></phr></stem><stem n="(you"><phr n="(you"><ent r="4" t="60" w="113" /></phr></stem><stem n="://imserver:port/mapid/device/deviceimid/*acknowledge.cgi?message=url+encoded+text+str"><phr n="://imserver:port/mapid/device/deviceIMID/*acknowledge.cgi?message=URL+encoded+text+string"><ent r="3" t="60" w="157" /></phr></stem><stem n="url+encoded+text+str"><phr n="URL+encoded+text+string"><ent r="3" t="60" w="157" /></phr></stem><stem n="-d"><phr n="-d"><ent r="3" t="60" w="158" /><ent r="3" t="60" w="158" /></phr></stem><stem n="&quot;dummi"><phr n="&quot;dummy"><ent r="3" t="60" w="159" /></phr></stem><stem n="dummi"><phr n="dummy"><ent r="3" t="60" w="159" /><ent r="3" t="61" w="87" /></phr></stem><stem n="mapid,imid"><phr n="MapId,IMID"><ent r="3" t="60" w="194" /><ent r="3" t="60" w="193" /></phr></stem><stem n="mapid,imid,address"><phr n="MapId,IMID,address"><ent r="3" t="60" w="195" /><ent r="3" t="60" w="193" /></phr></stem><stem n="://imserver:port/~export/devices.tab?fields=mapid,imid,address,nam"><phr n="://imserver:port/~export/devices.tab?fields=MapId,IMID,address,name"><ent r="3" t="60" w="196" /></phr></stem><stem n="mapid,imid,address,nam"><phr n="MapId,IMID,address,name"><ent r="3" t="60" w="196" /><ent r="3" t="60" w="193" /></phr></stem><stem n="s/devic"><phr n="s/device"><ent r="3" t="60" w="218" /><ent r="3" t="60" w="217" /></phr></stem><stem n="s/device/"><phr n="s/device/"><ent r="3" t="60" w="218" /><ent r="3" t="60" w="217" /></phr></stem><stem n="&quot;http://imserver:port/%s/device/%s/*acknowledge.cgi?message=%s&quot;"><phr n="&quot;http://imserver:port/%s/device/%s/*acknowledge.cgi?message=%s&quot;"><ent r="3" t="60" w="224" /></phr></stem><stem n="(mapid,"><phr n="(mapId,"><ent r="3" t="60" w="225" /></phr></stem><stem n="imid,urllib"><phr n="IMID,urllib"><ent r="3" t="60" w="226" /><ent r="3" t="60" w="225" /></phr></stem><stem n="imid,urllib.urlencod"><phr n="IMID,urllib.urlencode"><ent r="3" t="60" w="227" /><ent r="3" t="60" w="225" /></phr></stem><stem n=",urllib.urlencode([('message',"><phr n=",urllib.urlencode([('message',"><ent r="3" t="60" w="229" /></phr></stem><stem n="messagestr"><phr n="messageStr"><ent r="3" t="60" w="229" /></phr></stem><stem n=")]))"><phr n=")]))"><ent r="3" t="60" w="230" /></phr></stem><stem n="/linux"><phr n="/Linux"><ent r="4" t="61" w="37" /></phr></stem><stem n="unix/linux"><phr n="Unix/Linux"><ent r="4" t="61" w="37" /><ent r="4" t="61" w="36" /></phr></stem><stem n="vbscript"><phr n="vbscript"><ent r="5" t="61" w="41" /><ent r="82" t="61" w="321" /><ent r="3" t="61" w="325" /></phr></stem><stem n="intend"><phr n="intended"><ent r="3" t="61" w="76" /><ent r="3" t="66" w="649" /></phr></stem><stem n="someplac"><phr n="someplace"><ent r="3" t="61" w="91" /></phr></stem><stem n="&quot;temporary&quot;"><phr n="&quot;Temporary&quot;"><ent r="3" t="61" w="236" /><ent r="4" t="61" w="457" /></phr></stem><stem n="bash"><phr n="bash"><ent r="3" t="61" w="252" /><ent r="3" t="61" w="464" /></phr></stem><stem n="tr"><phr n="tr"><ent r="3" t="61" w="254" /><ent r="3" t="61" w="569" /><ent r="3" t="61" w="591" /></phr></stem><stem n="grep"><phr n="grep"><ent r="3" t="61" w="255" /><ent r="3" t="61" w="605" /></phr></stem><stem n="sed"><phr n="sed"><ent r="3" t="61" w="256" /><ent r="3" t="61" w="711" /><ent r="3" t="61" w="716" /><ent r="3" t="61" w="764" /><ent r="3" t="61" w="769" /></phr></stem><stem n="awk"><phr n="awk"><ent r="3" t="61" w="258" /><ent r="3" t="61" w="480" /><ent r="3" t="61" w="704" /><ent r="3" t="61" w="722" /><ent r="3" t="61" w="757" /><ent r="3" t="61" w="775" /></phr></stem><stem n="clone_im"><phr n="clone_im"><ent r="3" t="61" w="268" /><ent r="3" t="61" w="267" /><ent r="3" t="61" w="307" /><ent r="3" t="61" w="306" /><ent r="3" t="61" w="343" /><ent r="3" t="61" w="342" /><ent r="3" t="61" w="386" /><ent r="3" t="61" w="385" /><ent r="82" t="61" w="460" /><ent r="82" t="61" w="459" /><ent r="82" t="61" w="874" /><ent r="82" t="61" w="873" /></phr></stem><stem n="_im.sh"><phr n="_im.sh"><ent r="3" t="61" w="269" /><ent r="3" t="61" w="308" /><ent r="82" t="61" w="461" /></phr></stem><stem n="clone_im.sh"><phr n="clone_im.sh"><ent r="3" t="61" w="269" /><ent r="3" t="61" w="267" /><ent r="3" t="61" w="308" /><ent r="3" t="61" w="306" /><ent r="82" t="61" w="461" /><ent r="82" t="61" w="459" /></phr></stem><stem n="[options]"><phr n="[options]"><ent r="3" t="61" w="271" /></phr></stem><stem n="remote_host"><phr n="remote_host"><ent r="3" t="61" w="273" /><ent r="3" t="61" w="272" /><ent r="3" t="61" w="286" /><ent r="3" t="61" w="285" /><ent r="3" t="61" w="359" /><ent r="3" t="61" w="358" /></phr></stem><stem n="[remote_host_nam"><phr n="[remote_host_name"><ent r="3" t="61" w="274" /></phr></stem><stem n="remote_host_nam"><phr n="remote_host_name"><ent r="3" t="61" w="274" /><ent r="3" t="61" w="272" /><ent r="3" t="61" w="287" /><ent r="3" t="61" w="285" /><ent r="3" t="61" w="360" /><ent r="3" t="61" w="358" /></phr></stem><stem n="[remote_port"><phr n="[remote_port"><ent r="3" t="61" w="277" /></phr></stem><stem n="remote_port"><phr n="remote_port"><ent r="3" t="61" w="277" /><ent r="3" t="61" w="276" /><ent r="3" t="61" w="290" /><ent r="3" t="61" w="289" /><ent r="3" t="61" w="350" /><ent r="3" t="61" w="349" /><ent r="3" t="61" w="366" /><ent r="3" t="61" w="365" /></phr></stem><stem n="-u"><phr n="-u"><ent r="3" t="61" w="278" /><ent r="3" t="61" w="278" /><ent r="3" t="61" w="315" /><ent r="3" t="61" w="315" /></phr></stem><stem n="[remote_us"><phr n="[remote_user"><ent r="3" t="61" w="280" /></phr></stem><stem n="remote_us"><phr n="remote_user"><ent r="3" t="61" w="280" /><ent r="3" t="61" w="279" /><ent r="3" t="61" w="300" /><ent r="3" t="61" w="299" /><ent r="3" t="61" w="353" /><ent r="3" t="61" w="352" /></phr></stem><stem n="remote_password"><phr n="remote_password"><ent r="3" t="61" w="283" /><ent r="3" t="61" w="282" /><ent r="3" t="61" w="303" /><ent r="3" t="61" w="302" /><ent r="3" t="61" w="356" /><ent r="3" t="61" w="355" /></phr></stem><stem n="[remote_password]"><phr n="[remote_password]"><ent r="3" t="61" w="284" /></phr></stem><stem n="_host_nam"><phr n="_host_name"><ent r="3" t="61" w="287" /><ent r="3" t="61" w="360" /></phr></stem><stem n="&quot;localhost&quot;"><phr n="&quot;localhost&quot;"><ent r="3" t="61" w="289" /></phr></stem><stem n="_port"><phr n="_port"><ent r="3" t="61" w="290" /><ent r="3" t="61" w="366" /></phr></stem><stem n="_user"><phr n="_user"><ent r="3" t="61" w="300" /></phr></stem><stem n="_password"><phr n="_password"><ent r="3" t="61" w="303" /></phr></stem><stem n="nitro"><phr n="nitro"><ent r="3" t="61" w="310" /><ent r="3" t="61" w="389" /></phr></stem><stem n="nitro.dartwar"><phr n="nitro.dartware"><ent r="3" t="61" w="311" /><ent r="3" t="61" w="310" /><ent r="3" t="61" w="390" /><ent r="3" t="61" w="389" /></phr></stem><stem n=".dartware.com"><phr n=".dartware.com"><ent r="3" t="61" w="312" /></phr></stem><stem n="nitro.dartware.com"><phr n="nitro.dartware.com"><ent r="3" t="61" w="312" /><ent r="3" t="61" w="310" /><ent r="3" t="61" w="391" /><ent r="3" t="61" w="389" /></phr></stem><stem n="imus"><phr n="IMuser"><ent r="3" t="61" w="316" /><ent r="3" t="61" w="395" /></phr></stem><stem n="userpass"><phr n="UsErpaSS"><ent r="3" t="61" w="318" /><ent r="3" t="61" w="397" /></phr></stem><stem n="_im.vb"><phr n="_im.vbs"><ent r="3" t="61" w="344" /><ent r="3" t="61" w="387" /><ent r="82" t="61" w="875" /></phr></stem><stem n="clone_im.vb"><phr n="clone_im.vbs"><ent r="3" t="61" w="344" /><ent r="3" t="61" w="342" /><ent r="3" t="61" w="387" /><ent r="3" t="61" w="385" /><ent r="82" t="61" w="875" /><ent r="82" t="61" w="873" /></phr></stem><stem n="remote_hostnam"><phr n="remote_hostname"><ent r="3" t="61" w="347" /><ent r="3" t="61" w="346" /></phr></stem><stem n="/host:[remote_hostname]"><phr n="/host:[remote_hostname]"><ent r="3" t="61" w="348" /></phr></stem><stem n="/port:[remote_port]"><phr n="/port:[remote_port]"><ent r="3" t="61" w="351" /></phr></stem><stem n="/user:[remote_user]"><phr n="/user:[remote_user]"><ent r="3" t="61" w="354" /></phr></stem><stem n="/password:[remote_password]"><phr n="/password:[remote_password]"><ent r="3" t="61" w="357" /></phr></stem><stem n="(none,"><phr n="(none,"><ent r="3" t="61" w="362" /><ent r="3" t="61" w="370" /><ent r="3" t="61" w="377" /></phr></stem><stem n="-login"><phr n="-login"><ent r="3" t="61" w="371" /><ent r="3" t="61" w="371" /><ent r="3" t="61" w="378" /><ent r="3" t="61" w="378" /><ent r="4" t="61" w="428" /><ent r="4" t="61" w="428" /></phr></stem><stem n="auto-login"><phr n="auto-login"><ent r="3" t="61" w="371" /><ent r="3" t="61" w="378" /><ent r="4" t="61" w="428" /></phr></stem><stem n="/host:nitro.dartware.com"><phr n="/host:nitro.dartware.com"><ent r="3" t="61" w="391" /></phr></stem><stem n="/port:8080"><phr n="/port:8080"><ent r="3" t="61" w="393" /></phr></stem><stem n="/user:imus"><phr n="/user:IMuser"><ent r="3" t="61" w="395" /></phr></stem><stem n="/password:userpass"><phr n="/password:UsErpaSS"><ent r="3" t="61" w="397" /></phr></stem><stem n="/secure:tru"><phr n="/secure:true"><ent r="3" t="61" w="399" /></phr></stem><stem n="&quot;secure&quot;"><phr n="&quot;secure&quot;"><ent r="4" t="61" w="413" /></phr></stem><stem n="-level"><phr n="-level"><ent r="4" t="61" w="446" /><ent r="4" t="61" w="446" /><ent r="3" t="61" w="553" /><ent r="3" t="61" w="553" /><ent r="3" t="61" w="1035" /><ent r="3" t="61" w="1035" /><ent r="6" t="70" w="1960" /><ent r="6" t="70" w="1960" /></phr></stem><stem n="top-level"><phr n="top-level"><ent r="4" t="61" w="446" /><ent r="3" t="61" w="553" /><ent r="3" t="61" w="1035" /></phr></stem><stem n="/bin/bash"><phr n="/bin/bash"><ent r="3" t="61" w="464" /></phr></stem></index>