<?xml version="1.0" encoding="utf-8"?><index><stem n="strptime"><phr n="Strptime"><ent r="100" t="24" w="798" /></phr><phr n="strptime"><ent r="65" t="24" w="800" /><ent r="82" t="24" w="1882" /><ent r="3" t="24" w="1885" /><ent r="3" t="24" w="1936" /></phr></stem><stem n="(oid,"><phr n="(oid,"><ent r="4" t="24" w="830" /><ent r="3" t="24" w="1948" /></phr></stem><stem n="-oid"><phr n="-OIDs"><ent r="4" t="24" w="836" /><ent r="4" t="24" w="836" /><ent r="3" t="24" w="1955" /><ent r="3" t="24" w="1955" /><ent r="100" t="55" w="116" /><ent r="100" t="55" w="116" /><ent r="5" t="55" w="220" /><ent r="5" t="55" w="220" /></phr></stem><stem n="sub-oid"><phr n="sub-OIDs"><ent r="4" t="24" w="836" /><ent r="3" t="24" w="1955" /></phr></stem><stem n="offset"><phr n="offset"><ent r="4" t="24" w="858" /><ent r="4" t="24" w="2161" /><ent r="4" t="24" w="2176" /><ent r="4" t="24" w="2214" /><ent r="5" t="24" w="2226" /><ent r="5" t="24" w="2263" /><ent r="5" t="24" w="2298" /><ent r="4" t="35" w="1070" /><ent r="3" t="35" w="1240" /><ent r="3" t="35" w="1250" /></phr><phr n="Offsets"><ent r="100" t="35" w="1024" /><ent r="100" t="35" w="1216" /><ent r="100" t="35" w="1227" /><ent r="82" t="35" w="1231" /></phr><phr n="offsets"><ent r="3" t="35" w="1057" /></phr></stem><stem n="unpack"><phr n="unpack"><ent r="65" t="24" w="861" /><ent r="82" t="24" w="2348" /><ent r="3" t="24" w="2351" /><ent r="4" t="24" w="2393" /><ent r="5" t="24" w="2427" /><ent r="5" t="24" w="2438" /><ent r="3" t="24" w="2646" /><ent r="3" t="24" w="2651" /><ent r="3" t="24" w="2659" /><ent r="3" t="24" w="2667" /><ent r="3" t="24" w="2676" /><ent r="3" t="24" w="2683" /><ent r="3" t="24" w="2688" /><ent r="3" t="24" w="2699" /></phr><phr n="unpacked"><ent r="3" t="24" w="2389" /><ent r="4" t="24" w="2410" /></phr></stem><stem n="binari"><phr n="binary"><ent r="4" t="24" w="863" /><ent r="4" t="40" w="997" /><ent r="3" t="56" w="495" /><ent r="3" t="58" w="94" /><ent r="3" t="58" w="414" /><ent r="3" t="58" w="429" /><ent r="3" t="58" w="489" /><ent r="3" t="59" w="406" /></phr></stem><stem n="(variable:string):integer;"><phr n="(variable:STRING):INTEGER;"><ent r="3" t="24" w="894" /></phr></stem><stem n="(it"><phr n="(it"><ent r="3" t="24" w="912" /><ent r="3" t="32" w="427" /><ent r="3" t="32" w="580" /></phr><phr n="(its"><ent r="3" t="66" w="387" /></phr></stem><stem n="var2"><phr n="var2"><ent r="3" t="24" w="936" /><ent r="3" t="29" w="722" /><ent r="3" t="35" w="902" /><ent r="3" t="35" w="942" /><ent r="3" t="35" w="952" /></phr></stem><stem n="(&quot;var2&quot;)"><phr n="(&quot;var2&quot;)"><ent r="3" t="24" w="937" /></phr></stem><stem n="&quot;$var2"><phr n="&quot;$var2"><ent r="3" t="24" w="938" /><ent r="3" t="24" w="941" /></phr></stem><stem n="undefin"><phr n="undefined"><ent r="3" t="24" w="943" /><ent r="3" t="29" w="619" /><ent r="3" t="54" w="66" /><ent r="3" t="54" w="161" /></phr><phr n="Undefined"><ent r="92" t="54" w="37" /><ent r="3" t="54" w="139" /></phr></stem><stem n="(x:double,"><phr n="(x:DOUBLE,"><ent r="3" t="24" w="951" /></phr></stem><stem n=":integer):double;"><phr n=":INTEGER):DOUBLE;"><ent r="3" t="24" w="954" /></phr></stem><stem n="(x:double):integer;"><phr n="(x:DOUBLE):INTEGER;"><ent r="3" t="24" w="960" /></phr></stem><stem n="8.6"><phr n="8.6"><ent r="3" t="24" w="989" /><ent r="3" t="24" w="988" /></phr></stem><stem n="(8.6)"><phr n="(8.6)"><ent r="3" t="24" w="990" /></phr></stem><stem n="3.14159,"><phr n="3.14159,"><ent r="3" t="24" w="994" /><ent r="3" t="24" w="993" /></phr></stem><stem n="(3.14159,"><phr n="(3.14159,"><ent r="3" t="24" w="995" /></phr></stem><stem n=".142"><phr n=".142"><ent r="3" t="24" w="997" /></phr></stem><stem n="3.142"><phr n="3.142"><ent r="3" t="24" w="997" /><ent r="3" t="24" w="996" /></phr></stem><stem n="142"><phr n="142"><ent r="3" t="24" w="997" /></phr></stem><stem n=":string,"><phr n=":STRING,"><ent r="3" t="24" w="1005" /><ent r="3" t="24" w="1064" /><ent r="3" t="24" w="1167" /><ent r="3" t="24" w="2160" /><ent r="3" t="24" w="2175" /><ent r="3" t="24" w="2356" /></phr></stem><stem n="):integ"><phr n="):INTEGER"><ent r="3" t="24" w="1007" /></phr></stem><stem n="-sensit"><phr n="-sensitive"><ent r="3" t="24" w="1009" /><ent r="3" t="24" w="1009" /></phr><phr n="-Sensitivity"><ent r="100" t="35" w="653" /><ent r="100" t="35" w="653" /><ent r="82" t="35" w="661" /><ent r="82" t="35" w="661" /></phr></stem><stem n="-1."><phr n="-1."><ent r="3" t="24" w="1042" /><ent r="3" t="24" w="1042" /><ent r="3" t="24" w="1101" /><ent r="3" t="24" w="1101" /></phr></stem><stem n="&quot;ethernet"><phr n="&quot;Ethernet"><ent r="3" t="24" w="1046" /><ent r="3" t="24" w="1105" /></phr></stem><stem n="ethernet"><phr n="Ethernet"><ent r="3" t="24" w="1046" /><ent r="3" t="24" w="1105" /></phr></stem><stem n="&quot;int&quot;)"><phr n="&quot;int&quot;)"><ent r="3" t="24" w="1049" /><ent r="3" t="24" w="1108" /></phr></stem><stem n="-1"><phr n="-1"><ent r="3" t="24" w="1051" /><ent r="3" t="24" w="1051" /><ent r="3" t="61" w="1301" /><ent r="3" t="61" w="1301" /><ent r="6" t="70" w="1128" /><ent r="6" t="70" w="1128" /></phr></stem><stem n="(did"><phr n="(did"><ent r="3" t="24" w="1052" /></phr></stem><stem n="did"><phr n="did"><ent r="3" t="24" w="1052" /><ent r="3" t="37" w="4025" /><ent r="3" t="37" w="4473" /><ent r="3" t="37" w="4585" /><ent r="3" t="56" w="426" /></phr><phr n="Did"><ent r="3" t="39" w="569" /></phr></stem><stem n="-insensit"><phr n="-insensitive"><ent r="3" t="24" w="1068" /><ent r="3" t="24" w="1068" /><ent r="100" t="35" w="672" /><ent r="100" t="35" w="672" /></phr></stem><stem n="case-insensit"><phr n="Case-insensitive"><ent r="3" t="24" w="1068" /><ent r="100" t="35" w="672" /></phr><phr n="case-insensitive"><ent r="4" t="35" w="689" /><ent r="4" t="35" w="800" /><ent r="4" t="35" w="1346" /></phr></stem><stem n="(found"><phr n="(found"><ent r="3" t="24" w="1111" /><ent r="3" t="47" w="399" /></phr></stem><stem n="(str[,"><phr n="(str[,"><ent r="3" t="24" w="1123" /></phr></stem><stem n="...]:string):integ"><phr n="...]:STRING):INTEGER"><ent r="3" t="24" w="1124" /></phr></stem><stem n="&quot;dartware&quot;"><phr n="&quot;Dartware&quot;"><ent r="3" t="24" w="1153" /><ent r="3" t="24" w="1373" /><ent r="3" t="24" w="1379" /><ent r="3" t="24" w="1383" /><ent r="3" t="24" w="1420" /><ent r="3" t="24" w="1428" /><ent r="3" t="24" w="1600" /></phr></stem><stem n="&quot;dartware&quot;,"><phr n="&quot;Dartware&quot;,"><ent r="3" t="24" w="1157" /></phr></stem><stem n="2000"><phr n="2000"><ent r="3" t="24" w="1157" /><ent r="3" t="33" w="58" /><ent r="3" t="39" w="103" /><ent r="3" t="55" w="839" /><ent r="3" t="56" w="555" /><ent r="3" t="56" w="574" /><ent r="3" t="56" w="578" /><ent r="3" t="56" w="580" /><ent r="3" t="56" w="602" /></phr></stem><stem n="&quot;2000&quot;"><phr n="&quot;2000&quot;"><ent r="3" t="24" w="1158" /></phr></stem><stem n="):string"><phr n="):STRING"><ent r="3" t="24" w="1167" /></phr></stem><stem n="ascii"><phr n="ascii"><ent r="4" t="24" w="1201" /><ent r="4" t="24" w="1254" /></phr></stem><stem n="octal"><phr n="octal"><ent r="4" t="24" w="1217" /></phr><phr n="Octal"><ent r="100" t="35" w="579" /><ent r="5" t="35" w="582" /></phr></stem><stem n="(lower"><phr n="(lower"><ent r="4" t="24" w="1227" /></phr></stem><stem n="hexadcim"><phr n="hexadcimal"><ent r="4" t="24" w="1235" /></phr></stem><stem n="(upper"><phr n="(upper"><ent r="4" t="24" w="1237" /></phr></stem><stem n="upper"><phr n="upper"><ent r="4" t="24" w="1237" /></phr><phr n="UPPER"><ent r="100" t="35" w="343" /><ent r="4" t="35" w="353" /></phr></stem><stem n="(unsigned)"><phr n="(unsigned)"><ent r="4" t="24" w="1248" /></phr></stem><stem n="(nul"><phr n="(NUL"><ent r="4" t="24" w="1256" /></phr></stem><stem n="nul"><phr n="NUL"><ent r="4" t="24" w="1256" /></phr></stem><stem n="':'"><phr n="':'"><ent r="4" t="24" w="1270" /></phr></stem><stem n="(fix"><phr n="(fixed"><ent r="4" t="24" w="1278" /></phr></stem><stem n="fix"><phr n="fixed"><ent r="4" t="24" w="1278" /></phr></stem><stem n="(scientif"><phr n="(scientific"><ent r="4" t="24" w="1288" /></phr></stem><stem n="scientif"><phr n="scientific"><ent r="4" t="24" w="1288" /></phr></stem><stem n="(easi"><phr n="(easy"><ent r="4" t="24" w="1298" /></phr></stem><stem n="sign"><phr n="sign"><ent r="4" t="24" w="1305" /><ent r="4" t="24" w="1831" /><ent r="3" t="26" w="774" /><ent r="3" t="34" w="967" /><ent r="4" t="35" w="1000" /><ent r="4" t="35" w="1061" /><ent r="4" t="35" w="1334" /></phr><phr n="signed"><ent r="6" t="24" w="2532" /><ent r="6" t="24" w="2550" /><ent r="6" t="24" w="2568" /></phr></stem><stem n="[-]"><phr n="[-]"><ent r="3" t="24" w="1316" /></phr></stem><stem n="&lt;width&gt;"><phr n="&lt;width&gt;"><ent r="3" t="24" w="1316" /></phr></stem><stem n="[&lt;width&gt;]"><phr n="[&lt;width&gt;]"><ent r="3" t="24" w="1317" /></phr></stem><stem n="[."><phr n="[."><ent r="3" t="24" w="1317" /></phr></stem><stem n="&lt;precision&gt;"><phr n="&lt;precision&gt;"><ent r="3" t="24" w="1317" /><ent r="3" t="24" w="1443" /><ent r="3" t="24" w="1510" /></phr></stem><stem n="&lt;code&gt;"><phr n="&lt;code&gt;"><ent r="3" t="24" w="1318" /></phr></stem><stem n="%s,"><phr n="%s,"><ent r="3" t="24" w="1328" /><ent r="3" t="24" w="1408" /></phr></stem><stem n="less"><phr n="less"><ent r="3" t="24" w="1355" /><ent r="6" t="34" w="781" /><ent r="3" t="41" w="495" /></phr></stem><stem n="pad"><phr n="padded"><ent r="3" t="24" w="1364" /><ent r="4" t="24" w="2419" /></phr><phr n="padding"><ent r="3" t="24" w="1392" /><ent r="3" t="24" w="1455" /><ent r="3" t="24" w="2515" /><ent r="3" t="24" w="2521" /></phr><phr n="pads"><ent r="6" t="70" w="1119" /></phr></stem><stem n="&quot;%10s&quot;,"><phr n="&quot;%10s&quot;,"><ent r="3" t="24" w="1372" /></phr></stem><stem n="&quot;%s&quot;,"><phr n="&quot;%s&quot;,"><ent r="3" t="24" w="1378" /></phr></stem><stem n="'-'"><phr n="'-'"><ent r="3" t="24" w="1413" /></phr></stem><stem n="'%':"><phr n="'%':"><ent r="3" t="24" w="1416" /></phr></stem><stem n="&quot;%-10s&quot;,"><phr n="&quot;%-10s&quot;,"><ent r="3" t="24" w="1419" /></phr></stem><stem n="&quot;dartwar"><phr n="&quot;Dartware"><ent r="3" t="24" w="1423" /></phr></stem><stem n="10.4"><phr n="10.4s"><ent r="3" t="24" w="1426" /><ent r="3" t="24" w="1425" /></phr><phr n="10.4"><ent r="3" t="56" w="513" /><ent r="3" t="56" w="512" /></phr></stem><stem n="4s"><phr n="4s"><ent r="3" t="24" w="1426" /></phr></stem><stem n="&quot;%-10.4s&quot;,"><phr n="&quot;%-10.4s&quot;,"><ent r="3" t="24" w="1427" /></phr></stem><stem n="&quot;dart"><phr n="&quot;Dart"><ent r="3" t="24" w="1431" /></phr></stem><stem n="dart"><phr n="Dart"><ent r="3" t="24" w="1431" /></phr></stem><stem n="0'"><phr n="0's"><ent r="3" t="24" w="1458" /><ent r="3" t="24" w="1457" /></phr></stem><stem n="5d"><phr n="5d"><ent r="3" t="24" w="1463" /><ent r="3" t="24" w="1470" /><ent r="3" t="24" w="1478" /></phr></stem><stem n="&quot;%5d&quot;,"><phr n="&quot;%5d&quot;,"><ent r="3" t="24" w="1464" /></phr></stem><stem n="&quot;%-5d&quot;,"><phr n="&quot;%-5d&quot;,"><ent r="3" t="24" w="1471" /></phr></stem><stem n="&quot;12"><phr n="&quot;12"><ent r="3" t="24" w="1475" /></phr></stem><stem n="6.5d"><phr n="6.5d"><ent r="3" t="24" w="1478" /><ent r="3" t="24" w="1477" /></phr></stem><stem n="&quot;%6.5d&quot;,"><phr n="&quot;%6.5d&quot;,"><ent r="3" t="24" w="1479" /></phr></stem><stem n="00012"><phr n="00012"><ent r="3" t="24" w="1482" /></phr></stem><stem n="2x"><phr n="2X"><ent r="3" t="24" w="1484" /></phr><phr n="2x"><ent r="3" t="24" w="1492" /></phr></stem><stem n="&quot;%-2x&quot;,"><phr n="&quot;%-2X&quot;,"><ent r="3" t="24" w="1485" /></phr></stem><stem n="&quot;f"><phr n="&quot;F"><ent r="3" t="24" w="1489" /></phr></stem><stem n="2.2x"><phr n="2.2x"><ent r="3" t="24" w="1492" /><ent r="3" t="24" w="1491" /></phr></stem><stem n="&quot;%-2.2x&quot;,"><phr n="&quot;%-2.2x&quot;,"><ent r="3" t="24" w="1493" /></phr></stem><stem n="0f"><phr n="0f"><ent r="3" t="24" w="1497" /></phr></stem><stem n="&quot;0f&quot;"><phr n="&quot;0f&quot;"><ent r="3" t="24" w="1498" /></phr></stem><stem n="%f"><phr n="%f"><ent r="3" t="24" w="1523" /></phr></stem><stem n="ddd"><phr n="ddd"><ent r="3" t="24" w="1527" /><ent r="3" t="24" w="1528" /></phr></stem><stem n="ddd.ddd"><phr n="ddd.ddd"><ent r="3" t="24" w="1528" /><ent r="3" t="24" w="1527" /></phr></stem><stem n="ddd.ddd'"><phr n="ddd.ddd'"><ent r="3" t="24" w="1528" /><ent r="3" t="24" w="1527" /></phr></stem><stem n="'[-]ddd.ddd',"><phr n="'[-]ddd.ddd',"><ent r="3" t="24" w="1529" /></phr></stem><stem n="%e"><phr n="%e"><ent r="3" t="24" w="1530" /></phr></stem><stem n="ddde+"><phr n="ddde+"><ent r="3" t="24" w="1535" /></phr></stem><stem n="ddde+-dd"><phr n="ddde+-dd"><ent r="3" t="24" w="1535" /></phr></stem><stem n="dd"><phr n="dd"><ent r="3" t="24" w="1536" /><ent r="3" t="33" w="199" /></phr><phr n="dD"><ent r="3" t="61" w="719" /><ent r="3" t="61" w="772" /></phr></stem><stem n="d.ddde+-dd'"><phr n="d.ddde+-dd'"><ent r="3" t="24" w="1536" /><ent r="3" t="24" w="1534" /></phr></stem><stem n="'[-]d.ddde+-dd'."><phr n="'[-]d.ddde+-dd'."><ent r="3" t="24" w="1537" /></phr></stem><stem n="&quot;%f&quot;,"><phr n="&quot;%f&quot;,"><ent r="3" t="24" w="1540" /></phr></stem><stem n="/2"><phr n="/2"><ent r="3" t="24" w="1541" /><ent r="3" t="24" w="1550" /><ent r="3" t="24" w="1558" /><ent r="3" t="24" w="1567" /></phr></stem><stem n="1/2"><phr n="1/2"><ent r="3" t="24" w="1541" /><ent r="3" t="24" w="1540" /><ent r="3" t="24" w="1550" /><ent r="3" t="24" w="1549" /><ent r="3" t="24" w="1558" /><ent r="3" t="24" w="1557" /><ent r="3" t="24" w="1567" /><ent r="3" t="24" w="1566" /></phr></stem><stem n="0.500000"><phr n="0.500000"><ent r="3" t="24" w="1545" /><ent r="3" t="24" w="1544" /></phr></stem><stem n="500000"><phr n="500000"><ent r="3" t="24" w="1545" /></phr></stem><stem n="&quot;0.500000&quot;"><phr n="&quot;0.500000&quot;"><ent r="3" t="24" w="1546" /></phr></stem><stem n="5.3f"><phr n="5.3f"><ent r="3" t="24" w="1548" /><ent r="3" t="24" w="1547" /></phr></stem><stem n="3f"><phr n="3f"><ent r="3" t="24" w="1548" /></phr><phr n="3F"><ent r="4" t="70" w="1801" /></phr></stem><stem n="&quot;%5.3f&quot;,"><phr n="&quot;%5.3f&quot;,"><ent r="3" t="24" w="1549" /></phr></stem><stem n="0.500"><phr n="0.500"><ent r="3" t="24" w="1554" /><ent r="3" t="24" w="1553" /></phr></stem><stem n="500"><phr n="500"><ent r="3" t="24" w="1554" /><ent r="3" t="37" w="1556" /><ent r="3" t="37" w="1602" /><ent r="3" t="37" w="3423" /><ent r="3" t="37" w="4006" /><ent r="3" t="37" w="4459" /><ent r="3" t="37" w="4526" /><ent r="3" t="37" w="4562" /><ent r="3" t="37" w="4600" /></phr></stem><stem n="&quot;0.500&quot;"><phr n="&quot;0.500&quot;"><ent r="3" t="24" w="1555" /></phr></stem><stem n="&quot;%e&quot;,"><phr n="&quot;%e&quot;,"><ent r="3" t="24" w="1557" /></phr></stem><stem n="000000e"><phr n="000000e"><ent r="3" t="24" w="1562" /></phr></stem><stem n="000000e-01"><phr n="000000e-01"><ent r="3" t="24" w="1562" /></phr></stem><stem n="&quot;5.000000e-01&quot;"><phr n="&quot;5.000000e-01&quot;"><ent r="3" t="24" w="1564" /></phr></stem><stem n="5.sprintf"><phr n="5.sprintf"><ent r="3" t="24" w="1564" /><ent r="3" t="24" w="1561" /></phr></stem><stem n="&quot;%g&quot;,"><phr n="&quot;%g&quot;,"><ent r="3" t="24" w="1566" /></phr></stem><stem n="0.5"><phr n="0.5"><ent r="3" t="24" w="1571" /><ent r="3" t="24" w="1570" /></phr></stem><stem n="&quot;0.5&quot;"><phr n="&quot;0.5&quot;"><ent r="3" t="24" w="1572" /></phr></stem><stem n="%a"><phr n="%a"><ent r="3" t="24" w="1577" /></phr></stem><stem n="&quot;%a&quot;,"><phr n="&quot;%a&quot;,"><ent r="3" t="24" w="1588" /><ent r="3" t="24" w="1599" /></phr></stem><stem n="x01"><phr n="x01"><ent r="3" t="24" w="1588" /></phr></stem><stem n="x02"><phr n="x02"><ent r="3" t="24" w="1589" /></phr></stem><stem n="x03"><phr n="x03"><ent r="3" t="24" w="1590" /></phr></stem><stem n="&quot;\x01\x02\x03&quot;"><phr n="&quot;\x01\x02\x03&quot;"><ent r="3" t="24" w="1591" /></phr></stem><stem n="&quot;01:02:03&quot;"><phr n="&quot;01:02:03&quot;"><ent r="3" t="24" w="1597" /></phr></stem><stem n="74"><phr n="74"><ent r="3" t="24" w="1606" /></phr></stem><stem n="65"><phr n="65"><ent r="3" t="24" w="1610" /><ent r="3" t="37" w="3161" /><ent r="3" t="37" w="3554" /></phr></stem><stem n="&quot;44:61:72:74:77:61:72:65&quot;"><phr n="&quot;44:61:72:74:77:61:72:65&quot;"><ent r="3" t="24" w="1611" /></phr></stem><stem n="[,"><phr n="[,"><ent r="3" t="24" w="1617" /></phr></stem><stem n="abbrevi"><phr n="Abbreviated"><ent r="4" t="24" w="1674" /><ent r="4" t="24" w="1684" /></phr></stem><stem n="weekdai"><phr n="weekday"><ent r="4" t="24" w="1675" /><ent r="4" t="24" w="1680" /></phr><phr n="Weekday"><ent r="4" t="24" w="1777" /></phr></stem><stem n="month"><phr n="month"><ent r="4" t="24" w="1685" /><ent r="4" t="24" w="1690" /><ent r="4" t="24" w="1711" /></phr><phr n="Month"><ent r="4" t="24" w="1737" /></phr></stem><stem n="someth"><phr n="something"><ent r="4" t="24" w="1698" /><ent r="3" t="28" w="299" /><ent r="3" t="34" w="547" /><ent r="3" t="37" w="2339" /><ent r="3" t="37" w="4418" /><ent r="7" t="68" w="565" /></phr></stem><stem n="&quot;tue"><phr n="&quot;Tue"><ent r="4" t="24" w="1700" /><ent r="3" t="24" w="1862" /></phr></stem><stem n="tue"><phr n="Tue"><ent r="4" t="24" w="1700" /><ent r="3" t="24" w="1862" /></phr></stem><stem n="feb"><phr n="Feb"><ent r="4" t="24" w="1701" /><ent r="3" t="24" w="1863" /></phr></stem><stem n="06"><phr n="06"><ent r="4" t="24" w="1702" /><ent r="3" t="24" w="1880" /><ent r="3" t="31" w="64" /><ent r="3" t="31" w="97" /><ent r="4" t="31" w="165" /><ent r="3" t="37" w="3922" /></phr></stem><stem n="25"><phr n="25"><ent r="4" t="24" w="1704" /><ent r="3" t="32" w="54" /><ent r="3" t="47" w="634" /><ent r="3" t="47" w="657" /><ent r="3" t="49" w="703" /></phr></stem><stem n=":25:22"><phr n=":25:22"><ent r="4" t="24" w="1705" /></phr></stem><stem n="2007"><phr n="2007"><ent r="4" t="24" w="1706" /><ent r="4" t="24" w="1822" /><ent r="3" t="24" w="1868" /><ent r="3" t="24" w="1878" /><ent r="3" t="27" w="41" /><ent r="3" t="27" w="50" /><ent r="3" t="32" w="39" /><ent r="3" t="32" w="79" /><ent r="3" t="32" w="92" /><ent r="3" t="32" w="104" /><ent r="3" t="33" w="55" /><ent r="3" t="33" w="59" /><ent r="3" t="45" w="93" /><ent r="3" t="46" w="264" /><ent r="3" t="46" w="276" /></phr></stem><stem n="01-31"><phr n="01-31"><ent r="4" t="24" w="1712" /></phr></stem><stem n="31"><phr n="31"><ent r="4" t="24" w="1713" /><ent r="3" t="24" w="2687" /><ent r="3" t="46" w="252" /><ent r="3" t="55" w="575" /></phr></stem><stem n="(01-31)"><phr n="(01-31)"><ent r="4" t="24" w="1714" /></phr></stem><stem n="h"><phr n="H"><ent r="4" t="24" w="1715" /><ent r="7" t="24" w="2614" /><ent r="6" t="24" w="2631" /><ent r="3" t="24" w="2685" /><ent r="3" t="24" w="2690" /><ent r="3" t="40" w="1169" /><ent r="5" t="41" w="360" /><ent r="3" t="48" w="191" /></phr></stem><stem n="hour"><phr n="Hour"><ent r="4" t="24" w="1716" /><ent r="4" t="24" w="1722" /></phr><phr n="hours"><ent r="7" t="70" w="428" /><ent r="6" t="70" w="441" /></phr></stem><stem n="00-23"><phr n="00-23"><ent r="4" t="24" w="1718" /></phr></stem><stem n="(00-23)"><phr n="(00-23)"><ent r="4" t="24" w="1720" /></phr></stem><stem n="01-12"><phr n="01-12"><ent r="4" t="24" w="1724" /><ent r="4" t="24" w="1739" /></phr></stem><stem n="(01-12)"><phr n="(01-12)"><ent r="4" t="24" w="1726" /><ent r="4" t="24" w="1741" /></phr></stem><stem n="j"><phr n="j"><ent r="4" t="24" w="1727" /></phr></stem><stem n="year"><phr n="year"><ent r="4" t="24" w="1731" /><ent r="4" t="24" w="1763" /><ent r="4" t="24" w="1789" /><ent r="4" t="24" w="1811" /></phr><phr n="Year"><ent r="4" t="24" w="1817" /></phr></stem><stem n="001"><phr n="001"><ent r="4" t="24" w="1733" /><ent r="3" t="56" w="645" /><ent r="3" t="56" w="647" /></phr></stem><stem n="001-366"><phr n="001-366"><ent r="4" t="24" w="1733" /></phr></stem><stem n="366"><phr n="366"><ent r="4" t="24" w="1734" /></phr></stem><stem n="(001-366)"><phr n="(001-366)"><ent r="4" t="24" w="1735" /></phr></stem><stem n="00-59"><phr n="00-59"><ent r="4" t="24" w="1745" /></phr></stem><stem n="59"><phr n="59"><ent r="4" t="24" w="1746" /><ent r="3" t="54" w="490" /></phr></stem><stem n="(00-59)"><phr n="(00-59)"><ent r="4" t="24" w="1747" /></phr></stem><stem n="am"><phr n="AM"><ent r="4" t="24" w="1749" /></phr></stem><stem n="&quot;am&quot;"><phr n="&quot;AM&quot;"><ent r="4" t="24" w="1750" /></phr></stem><stem n="&quot;pm&quot;"><phr n="&quot;PM&quot;"><ent r="4" t="24" w="1752" /></phr></stem><stem n="00-61"><phr n="00-61"><ent r="4" t="24" w="1756" /></phr></stem><stem n="(00-61)"><phr n="(00-61)"><ent r="4" t="24" w="1758" /></phr></stem><stem n="week"><phr n="Week"><ent r="4" t="24" w="1760" /><ent r="4" t="24" w="1786" /></phr><phr n="week"><ent r="4" t="24" w="1773" /><ent r="4" t="24" w="1799" /></phr></stem><stem n="00-53"><phr n="00-53"><ent r="4" t="24" w="1765" /><ent r="4" t="24" w="1791" /></phr></stem><stem n="53"><phr n="53"><ent r="4" t="24" w="1766" /><ent r="4" t="24" w="1792" /></phr></stem><stem n="(00-53)."><phr n="(00-53)."><ent r="4" t="24" w="1767" /><ent r="4" t="24" w="1793" /></phr></stem><stem n="sundai"><phr n="Sunday"><ent r="4" t="24" w="1768" /><ent r="4" t="24" w="1781" /></phr></stem><stem n="w"><phr n="w"><ent r="4" t="24" w="1776" /><ent r="5" t="41" w="363" /><ent r="3" t="47" w="628" /><ent r="3" t="48" w="194" /></phr><phr n="W"><ent r="4" t="24" w="1785" /></phr></stem><stem n="0-6"><phr n="0-6"><ent r="4" t="24" w="1779" /></phr></stem><stem n="(0-6)."><phr n="(0-6)."><ent r="4" t="24" w="1781" /></phr></stem><stem n="mondai"><phr n="Monday"><ent r="4" t="24" w="1794" /></phr></stem><stem n="-digit"><phr n="-digit"><ent r="4" t="24" w="1809" /><ent r="4" t="24" w="1809" /><ent r="3" t="34" w="1052" /><ent r="3" t="34" w="1052" /></phr></stem><stem n="two-digit"><phr n="Two-digit"><ent r="4" t="24" w="1809" /></phr></stem><stem n="00-99"><phr n="00-99"><ent r="4" t="24" w="1813" /></phr></stem><stem n="99"><phr n="99"><ent r="4" t="24" w="1814" /><ent r="3" t="31" w="124" /><ent r="3" t="31" w="134" /><ent r="4" t="31" w="277" /><ent r="4" t="31" w="287" /></phr></stem><stem n="(00-99)"><phr n="(00-99)"><ent r="4" t="24" w="1815" /></phr></stem><stem n="centuri"><phr n="century"><ent r="4" t="24" w="1819" /></phr></stem><stem n="z"><phr n="z"><ent r="4" t="24" w="1824" /></phr></stem><stem n="zone"><phr n="zone"><ent r="4" t="24" w="1826" /></phr></stem><stem n="underli"><phr n="underlying"><ent r="3" t="24" w="1845" /><ent r="3" t="24" w="1926" /></phr></stem><stem n="portabl"><phr n="portable"><ent r="3" t="24" w="1856" /></phr></stem><stem n="&quot;%c&quot;)"><phr n="&quot;%c&quot;)"><ent r="3" t="24" w="1860" /></phr></stem><stem n=":19:24"><phr n=":19:24"><ent r="3" t="24" w="1867" /></phr></stem><stem n="y-"><phr n="Y-"><ent r="3" t="24" w="1870" /></phr></stem><stem n="m-"><phr n="m-"><ent r="3" t="24" w="1872" /></phr></stem><stem n="&quot;%y-%m-%d&quot;,"><phr n="&quot;%Y-%m-%d&quot;,"><ent r="3" t="24" w="1875" /></phr></stem><stem n="1170778895"><phr n="1170778895"><ent r="3" t="24" w="1875" /></phr></stem><stem n="2007-02"><phr n="2007-02"><ent r="3" t="24" w="1878" /></phr></stem><stem n="2007-02-06"><phr n="2007-02-06"><ent r="3" t="24" w="1878" /></phr></stem><stem n="02-06"><phr n="02-06"><ent r="3" t="24" w="1879" /></phr></stem><stem n="&quot;2007-02-06&quot;"><phr n="&quot;2007-02-06&quot;"><ent r="3" t="24" w="1881" /></phr></stem><stem n="&quot;%y&quot;,"><phr n="&quot;%Y&quot;,"><ent r="3" t="24" w="1936" /></phr></stem><stem n="1990"><phr n="1990"><ent r="3" t="24" w="1937" /><ent r="3" t="24" w="1941" /></phr></stem><stem n="&quot;1990&quot;,"><phr n="&quot;1990&quot;,"><ent r="3" t="24" w="1938" /></phr></stem><stem n="&quot;%y&quot;))"><phr n="&quot;%Y&quot;))"><ent r="3" t="24" w="1939" /></phr></stem><stem n="&quot;1990&quot;"><phr n="&quot;1990&quot;"><ent r="3" t="24" w="1942" /></phr></stem><stem n="neg"><phr n="negative"><ent r="3" t="24" w="1976" /><ent r="4" t="24" w="2229" /><ent r="4" t="24" w="2279" /></phr><phr n="negatively"><ent r="3" t="37" w="1326" /></phr></stem><stem n="(&quot;1.3.6.1.2.1.4.20.1.1.10.10.2.20&quot;,"><phr n="(&quot;1.3.6.1.2.1.4.20.1.1.10.10.2.20&quot;,"><ent r="3" t="24" w="2006" /><ent r="3" t="24" w="2026" /></phr></stem><stem n="&quot;1.3&quot;"><phr n="&quot;1.3&quot;"><ent r="3" t="24" w="2011" /></phr></stem><stem n="&quot;10.10.2.20&quot;"><phr n="&quot;10.10.2.20&quot;"><ent r="3" t="24" w="2033" /></phr></stem><stem n="(\&quot;1.3.6.1.2.1.4.20.1.1.10.10.2.20\&quot;,"><phr n="(\&quot;1.3.6.1.2.1.4.20.1.1.10.10.2.20\&quot;,"><ent r="3" t="24" w="2048" /><ent r="3" t="24" w="2068" /><ent r="3" t="24" w="2090" /><ent r="3" t="24" w="2112" /></phr></stem><stem n="\&quot;1.3\&quot;"><phr n="\&quot;1.3\&quot;"><ent r="3" t="24" w="2053" /></phr></stem><stem n="\&quot;10.10.2.20\&quot;"><phr n="\&quot;10.10.2.20\&quot;"><ent r="3" t="24" w="2075" /></phr></stem><stem n="2.1"><phr n="2.1"><ent r="3" t="24" w="2094" /><ent r="3" t="24" w="2093" /><ent r="65" t="47" w="521" /><ent r="65" t="47" w="520" /><ent r="7" t="68" w="338" /><ent r="7" t="68" w="337" /></phr></stem><stem n="2.1.4"><phr n="2.1.4"><ent r="3" t="24" w="2095" /><ent r="3" t="24" w="2093" /></phr></stem><stem n="2.1.4.20"><phr n="2.1.4.20"><ent r="3" t="24" w="2096" /><ent r="3" t="24" w="2093" /></phr></stem><stem n="\&quot;2.1.4.20\&quot;"><phr n="\&quot;2.1.4.20\&quot;"><ent r="3" t="24" w="2097" /></phr></stem><stem n="-2,"><phr n="-2,"><ent r="3" t="24" w="2113" /><ent r="3" t="24" w="2113" /><ent r="3" t="24" w="2147" /><ent r="3" t="24" w="2147" /><ent r="3" t="24" w="2344" /><ent r="3" t="24" w="2344" /></phr></stem><stem n="2.20"><phr n="2.20"><ent r="3" t="24" w="2116" /><ent r="3" t="24" w="2115" /></phr></stem><stem n="\&quot;2.20\&quot;"><phr n="\&quot;2.20\&quot;"><ent r="3" t="24" w="2117" /></phr></stem><stem n="(\&quot;1.3.6\&quot;,"><phr n="(\&quot;1.3.6\&quot;,"><ent r="3" t="24" w="2121" /><ent r="3" t="24" w="2128" /><ent r="3" t="24" w="2136" /><ent r="3" t="24" w="2146" /></phr></stem><stem n="\&quot;\&quot;"><phr n="\&quot;\&quot;"><ent r="3" t="24" w="2124" /></phr></stem><stem n="\&quot;6\&quot;"><phr n="\&quot;6\&quot;"><ent r="3" t="24" w="2132" /></phr></stem><stem n="\&quot;1.3.6\&quot;"><phr n="\&quot;1.3.6\&quot;"><ent r="3" t="24" w="2142" /></phr></stem><stem n="3.6"><phr n="3.6"><ent r="3" t="24" w="2150" /><ent r="3" t="24" w="2149" /></phr></stem><stem n="\&quot;3.6\&quot;"><phr n="\&quot;3.6\&quot;"><ent r="3" t="24" w="2151" /></phr></stem><stem n=":integer):string;"><phr n=":INTEGER):STRING;"><ent r="3" t="24" w="2165" /><ent r="3" t="24" w="2184" /></phr></stem><stem n=":integer,"><phr n=":INTEGER,"><ent r="3" t="24" w="2179" /></phr></stem><stem n=":extract"><phr n=":Extract"><ent r="100" t="24" w="2189" /></phr></stem><stem n="extract"><phr n="Extract"><ent r="100" t="24" w="2189" /><ent r="100" t="24" w="2191" /><ent r="100" t="24" w="2193" /><ent r="3" t="24" w="2196" /></phr><phr n="extracted"><ent r="3" t="24" w="2210" /></phr><phr n="extract"><ent r="4" t="24" w="2252" /></phr></stem><stem n=":substr"><phr n=":substring"><ent r="100" t="24" w="2194" /></phr></stem><stem n="neither"><phr n="neither"><ent r="4" t="24" w="2296" /></phr></stem><stem n="0123456789"><phr n="0123456789"><ent r="3" t="24" w="2322" /><ent r="3" t="24" w="2328" /><ent r="3" t="24" w="2335" /><ent r="3" t="24" w="2342" /></phr></stem><stem n="&quot;0123456789&quot;,"><phr n="&quot;0123456789&quot;,"><ent r="3" t="24" w="2323" /><ent r="3" t="24" w="2329" /><ent r="3" t="24" w="2336" /><ent r="3" t="24" w="2343" /></phr></stem><stem n="789"><phr n="789"><ent r="3" t="24" w="2325" /></phr></stem><stem n="&quot;789&quot;"><phr n="&quot;789&quot;"><ent r="3" t="24" w="2326" /></phr></stem><stem n="45"><phr n="45"><ent r="3" t="24" w="2332" /><ent r="3" t="35" w="906" /></phr></stem><stem n="&quot;45&quot;"><phr n="&quot;45&quot;"><ent r="3" t="24" w="2333" /></phr></stem><stem n="-2)"><phr n="-2)"><ent r="3" t="24" w="2338" /><ent r="3" t="24" w="2338" /></phr></stem><stem n="4567"><phr n="4567"><ent r="3" t="24" w="2339" /></phr></stem><stem n="&quot;4567&quot;"><phr n="&quot;4567&quot;"><ent r="3" t="24" w="2340" /></phr></stem><stem n="&quot;8&quot;"><phr n="&quot;8&quot;"><ent r="3" t="24" w="2347" /></phr></stem><stem n=":string):valu"><phr n=":STRING):VALUE"><ent r="3" t="24" w="2360" /></phr></stem><stem n="shorter"><phr n="shorter"><ent r="4" t="24" w="2401" /></phr></stem><stem n="(&quot;\1\2\3&quot;,"><phr n="(&quot;\1\2\3&quot;,"><ent r="5" t="24" w="2431" /></phr></stem><stem n="&gt;l"><phr n="&gt;L"><ent r="5" t="24" w="2431" /><ent r="5" t="24" w="2443" /><ent r="3" t="24" w="2656" /><ent r="3" t="24" w="2680" /></phr></stem><stem n="&quot;&gt;l&quot;)"><phr n="&quot;&gt;L&quot;)"><ent r="5" t="24" w="2432" /><ent r="5" t="24" w="2444" /><ent r="3" t="24" w="2657" /><ent r="3" t="24" w="2681" /></phr></stem></index>