<?xml version="1.0" encoding="utf-8"?><index><stem n="hmac-md5"><phr n="HMAC-MD5"><ent r="5" t="13" w="1244" /></phr></stem><stem n="urlencod"><phr n="urlencode"><ent r="5" t="13" w="1255" /><ent r="3" t="60" w="227" /></phr></stem><stem n="{_urlencode:str}"><phr n="{_urlencode:str}"><ent r="5" t="13" w="1257" /></phr></stem><stem n="platform"><phr n="platform"><ent r="3" t="13" w="1372" /><ent r="4" t="24" w="2474" /><ent r="4" t="46" w="153" /><ent r="4" t="49" w="198" /><ent r="3" t="56" w="718" /><ent r="3" t="61" w="122" /></phr><phr n="platforms"><ent r="3" t="24" w="1671" /><ent r="4" t="61" w="38" /><ent r="4" t="61" w="45" /><ent r="3" t="65" w="283" /></phr></stem><stem n="platform-friendli"><phr n="platform-friendly"><ent r="3" t="13" w="1372" /></phr></stem><stem n="friendli"><phr n="friendly"><ent r="3" t="13" w="1373" /></phr></stem><stem n="-friendly."><phr n="-friendly."><ent r="3" t="13" w="1374" /><ent r="3" t="13" w="1374" /></phr></stem><stem n="{message}"><phr n="{message}"><ent r="5" t="13" w="1383" /></phr></stem><stem n="notifier'"><phr n="notifier's"><ent r="5" t="13" w="1386" /><ent r="5" t="13" w="1385" /><ent r="5" t="13" w="1404" /><ent r="5" t="13" w="1403" /><ent r="5" t="13" w="1426" /><ent r="5" t="13" w="1425" /></phr></stem><stem n="(on"><phr n="(On"><ent r="5" t="13" w="1389" /></phr></stem><stem n="-quot"><phr n="-quote"><ent r="5" t="13" w="1392" /><ent r="5" t="13" w="1392" /></phr><phr n="-quotes"><ent r="4" t="17" w="388" /><ent r="4" t="17" w="388" /><ent r="4" t="24" w="248" /><ent r="4" t="24" w="248" /><ent r="4" t="66" w="118" /><ent r="4" t="66" w="118" /><ent r="4" t="66" w="293" /><ent r="4" t="66" w="293" /></phr><phr n="-quoted"><ent r="4" t="24" w="257" /><ent r="4" t="24" w="257" /></phr></stem><stem n="double-quot"><phr n="double-quote"><ent r="5" t="13" w="1392" /></phr><phr n="double-quotes"><ent r="4" t="17" w="388" /><ent r="4" t="24" w="248" /><ent r="4" t="35" w="487" /><ent r="4" t="66" w="118" /><ent r="4" t="66" w="293" /><ent r="3" t="69" w="27" /></phr><phr n="double-quoted"><ent r="4" t="24" w="257" /></phr></stem><stem n="escap"><phr n="escaped"><ent r="5" t="13" w="1395" /><ent r="5" t="13" w="1421" /><ent r="5" t="13" w="1429" /><ent r="3" t="70" w="1783" /></phr><phr n="Escapes"><ent r="5" t="13" w="1444" /></phr><phr n="escaping"><ent r="5" t="13" w="1468" /></phr><phr n="escape"><ent r="3" t="35" w="514" /></phr></stem><stem n="\&quot;.)"><phr n="\&quot;.)"><ent r="5" t="13" w="1397" /></phr></stem><stem n="strip"><phr n="stripped"><ent r="5" t="13" w="1399" /><ent r="3" t="46" w="95" /></phr><phr n="strip"><ent r="3" t="14" w="1256" /><ent r="4" t="16" w="1001" /><ent r="3" t="27" w="219" /><ent r="4" t="66" w="631" /><ent r="6" t="70" w="1300" /></phr></stem><stem n="stripped_messag"><phr n="stripped_message"><ent r="5" t="13" w="1400" /><ent r="5" t="13" w="1399" /></phr></stem><stem n="{stripped_message}"><phr n="{stripped_message}"><ent r="5" t="13" w="1401" /></phr></stem><stem n="('"><phr n="('"><ent r="5" t="13" w="1409" /></phr></stem><stem n="&quot;)"><phr n="&quot;)"><ent r="5" t="13" w="1410" /><ent r="3" t="20" w="387" /><ent r="3" t="34" w="889" /><ent r="3" t="34" w="926" /><ent r="3" t="34" w="932" /><ent r="3" t="44" w="674" /><ent r="6" t="70" w="1389" /><ent r="3" t="70" w="1790" /></phr></stem><stem n="newlin"><phr n="newlines"><ent r="5" t="13" w="1412" /></phr></stem><stem n="(\r"><phr n="(\r"><ent r="5" t="13" w="1413" /></phr></stem><stem n="r"><phr n="r"><ent r="5" t="13" w="1413" /><ent r="3" t="34" w="518" /><ent r="6" t="35" w="517" /><ent r="3" t="35" w="616" /><ent r="5" t="35" w="758" /><ent r="3" t="35" w="869" /><ent r="100" t="37" w="12" /><ent r="100" t="37" w="19" /><ent r="100" t="37" w="35" /><ent r="4" t="37" w="3222" /><ent r="3" t="37" w="3908" /><ent r="3" t="37" w="3927" /><ent r="3" t="37" w="3944" /><ent r="3" t="37" w="3959" /><ent r="3" t="37" w="4329" /><ent r="3" t="39" w="462" /><ent r="3" t="39" w="483" /><ent r="3" t="55" w="143" /><ent r="5" t="55" w="285" /><ent r="3" t="61" w="271" /><ent r="3" t="61" w="309" /><ent r="3" t="61" w="492" /><ent r="3" t="61" w="501" /><ent r="3" t="61" w="516" /><ent r="3" t="61" w="570" /><ent r="3" t="61" w="592" /></phr></stem><stem n="\n)"><phr n="\n)"><ent r="5" t="13" w="1416" /></phr></stem><stem n="escaped_messag"><phr n="escaped_message"><ent r="5" t="13" w="1422" /><ent r="5" t="13" w="1421" /></phr></stem><stem n="{escaped_message}"><phr n="{escaped_message}"><ent r="5" t="13" w="1423" /></phr></stem><stem n="(e.g."><phr n="(e.g."><ent r="5" t="13" w="1435" /><ent r="4" t="16" w="1571" /><ent r="4" t="24" w="579" /><ent r="4" t="24" w="1822" /><ent r="4" t="35" w="374" /></phr></stem><stem n="%20"><phr n="%20"><ent r="5" t="13" w="1435" /><ent r="4" t="70" w="1796" /></phr></stem><stem n="20"><phr n="20"><ent r="5" t="13" w="1435" /><ent r="3" t="13" w="1982" /><ent r="3" t="13" w="1988" /><ent r="3" t="13" w="1996" /><ent r="3" t="13" w="2339" /><ent r="3" t="14" w="128" /><ent r="3" t="14" w="768" /><ent r="3" t="14" w="1173" /><ent r="6" t="16" w="663" /><ent r="3" t="22" w="1369" /><ent r="3" t="24" w="1999" /><ent r="3" t="24" w="2005" /><ent r="3" t="24" w="2019" /><ent r="3" t="24" w="2025" /><ent r="3" t="24" w="2032" /><ent r="3" t="24" w="2041" /><ent r="3" t="24" w="2047" /><ent r="3" t="24" w="2061" /><ent r="3" t="24" w="2067" /><ent r="3" t="24" w="2074" /><ent r="3" t="24" w="2083" /><ent r="3" t="24" w="2089" /><ent r="3" t="24" w="2096" /><ent r="3" t="24" w="2105" /><ent r="3" t="24" w="2111" /><ent r="3" t="24" w="2116" /><ent r="3" t="31" w="66" /><ent r="3" t="31" w="99" /><ent r="4" t="31" w="167" /><ent r="3" t="37" w="3937" /><ent r="3" t="37" w="4047" /><ent r="3" t="47" w="635" /><ent r="3" t="47" w="665" /><ent r="3" t="49" w="786" /><ent r="3" t="55" w="535" /><ent r="3" t="55" w="568" /><ent r="6" t="70" w="1146" /><ent r="4" t="70" w="1796" /></phr></stem><stem n="urlescap"><phr n="urlescape"><ent r="5" t="13" w="1441" /></phr></stem><stem n="{urlescape:str}"><phr n="{urlescape:str}"><ent r="5" t="13" w="1443" /></phr></stem><stem n="expand"><phr n="expanded"><ent r="5" t="13" w="1465" /><ent r="3" t="19" w="1840" /></phr><phr n="expand"><ent r="3" t="20" w="215" /></phr><phr n="expander"><ent r="3" t="20" w="297" /><ent r="3" t="20" w="335" /><ent r="3" t="20" w="385" /><ent r="3" t="20" w="440" /><ent r="3" t="20" w="449" /><ent r="3" t="20" w="472" /><ent r="3" t="20" w="475" /><ent r="3" t="20" w="484" /><ent r="3" t="20" w="507" /><ent r="3" t="20" w="516" /><ent r="3" t="20" w="529" /><ent r="3" t="20" w="532" /><ent r="3" t="20" w="535" /><ent r="3" t="20" w="546" /><ent r="3" t="20" w="569" /></phr><phr n="Expander"><ent r="3" t="20" w="340" /><ent r="3" t="20" w="357" /><ent r="3" t="20" w="436" /><ent r="3" t="20" w="444" /><ent r="3" t="20" w="454" /><ent r="3" t="20" w="459" /><ent r="3" t="20" w="464" /><ent r="3" t="20" w="469" /><ent r="3" t="20" w="479" /><ent r="3" t="20" w="489" /><ent r="3" t="20" w="494" /><ent r="3" t="20" w="499" /><ent r="3" t="20" w="504" /><ent r="3" t="20" w="509" /><ent r="3" t="20" w="513" /><ent r="3" t="20" w="521" /><ent r="3" t="20" w="526" /><ent r="3" t="20" w="539" /><ent r="3" t="20" w="543" /><ent r="3" t="20" w="551" /><ent r="3" t="20" w="556" /><ent r="3" t="20" w="561" /><ent r="3" t="20" w="566" /></phr><phr n="expands"><ent r="4" t="46" w="155" /><ent r="3" t="66" w="462" /></phr></stem><stem n="manipul"><phr n="manipulate"><ent r="3" t="13" w="1481" /><ent r="3" t="37" w="754" /></phr></stem><stem n="{chartable:"><phr n="{chartable:"><ent r="4" t="13" w="1540" /><ent r="3" t="13" w="1665" /><ent r="3" t="13" w="1671" /><ent r="3" t="13" w="1677" /><ent r="3" t="13" w="1687" /><ent r="3" t="13" w="1695" /><ent r="3" t="13" w="1708" /><ent r="3" t="13" w="1715" /><ent r="3" t="13" w="1724" /></phr></stem><stem n="...}"><phr n="...}"><ent r="4" t="13" w="1540" /></phr></stem><stem n="width"><phr n="width"><ent r="3" t="13" w="1562" /><ent r="3" t="24" w="1329" /><ent r="3" t="24" w="1333" /><ent r="3" t="24" w="1360" /><ent r="3" t="24" w="1449" /><ent r="3" t="24" w="2505" /><ent r="6" t="70" w="1113" /><ent r="6" t="70" w="1132" /><ent r="6" t="70" w="1138" /><ent r="6" t="70" w="1144" /><ent r="6" t="70" w="1326" /><ent r="7" t="70" w="1360" /><ent r="3" t="73" w="29" /><ent r="4" t="73" w="52" /><ent r="4" t="73" w="59" /><ent r="5" t="73" w="74" /></phr></stem><stem n="decim"><phr n="decimal"><ent r="3" t="13" w="1566" /><ent r="4" t="13" w="1589" /><ent r="4" t="24" w="434" /><ent r="3" t="24" w="979" /><ent r="4" t="24" w="1209" /><ent r="4" t="24" w="1245" /><ent r="3" t="24" w="1517" /><ent r="3" t="24" w="1521" /><ent r="3" t="43" w="62" /></phr></stem><stem n="placement"><phr n="placement"><ent r="4" t="13" w="1583" /></phr></stem><stem n="either"><phr n="either"><ent r="4" t="13" w="1602" /><ent r="4" t="22" w="672" /><ent r="3" t="23" w="229" /><ent r="3" t="29" w="840" /><ent r="3" t="34" w="705" /><ent r="3" t="34" w="709" /><ent r="3" t="35" w="1475" /><ent r="3" t="37" w="2480" /><ent r="3" t="58" w="177" /><ent r="3" t="70" w="181" /></phr><phr n="Either"><ent r="3" t="32" w="311" /><ent r="6" t="70" w="1651" /></phr></stem><stem n="mask"><phr n="mask"><ent r="4" t="13" w="1604" /></phr></stem><stem n="'#'"><phr n="'#'"><ent r="4" t="13" w="1608" /></phr></stem><stem n="sprintf"><phr n="sprintf"><ent r="65" t="13" w="1620" /><ent r="3" t="13" w="1863" /><ent r="3" t="14" w="678" /><ent r="65" t="24" w="760" /><ent r="82" t="24" w="1161" /><ent r="3" t="24" w="1164" /><ent r="3" t="24" w="1370" /><ent r="3" t="24" w="1376" /><ent r="3" t="24" w="1417" /><ent r="3" t="24" w="1424" /><ent r="3" t="24" w="1462" /><ent r="3" t="24" w="1469" /><ent r="3" t="24" w="1476" /><ent r="3" t="24" w="1483" /><ent r="3" t="24" w="1490" /><ent r="3" t="24" w="1538" /><ent r="3" t="24" w="1546" /><ent r="3" t="24" w="1555" /><ent r="3" t="24" w="1564" /><ent r="3" t="24" w="1586" /><ent r="3" t="24" w="1597" /><ent r="3" t="61" w="740" /><ent r="3" t="61" w="793" /></phr><phr n="Sprintf"><ent r="100" t="24" w="758" /></phr></stem><stem n="(but"><phr n="(but"><ent r="4" t="13" w="1631" /></phr></stem><stem n="accord"><phr n="according"><ent r="4" t="13" w="1643" /><ent r="6" t="16" w="563" /><ent r="6" t="16" w="928" /><ent r="4" t="16" w="1063" /><ent r="3" t="21" w="299" /><ent r="3" t="65" w="113" /></phr></stem><stem n="$pi"><phr n="$pi"><ent r="4" t="13" w="1655" /><ent r="3" t="13" w="1665" /><ent r="3" t="13" w="1671" /><ent r="3" t="13" w="1678" /><ent r="3" t="13" w="1689" /><ent r="3" t="13" w="1697" /><ent r="3" t="13" w="1708" /><ent r="3" t="13" w="1717" /><ent r="3" t="13" w="1726" /></phr></stem><stem n="#.##"><phr n="#.##"><ent r="3" t="13" w="1665" /><ent r="3" t="13" w="2218" /><ent r="3" t="13" w="2236" /></phr></stem><stem n="}:"><phr n="}:"><ent r="3" t="13" w="1666" /><ent r="3" t="13" w="1672" /><ent r="3" t="13" w="1679" /><ent r="3" t="13" w="1690" /><ent r="3" t="13" w="1698" /></phr></stem><stem n=".14"><phr n=".14"><ent r="3" t="13" w="1668" /></phr></stem><stem n="3.14"><phr n="3.14"><ent r="3" t="13" w="1668" /><ent r="3" t="13" w="1667" /></phr></stem><stem n="14"><phr n="14"><ent r="3" t="13" w="1668" /><ent r="3" t="35" w="1698" /><ent r="3" t="35" w="1702" /><ent r="3" t="35" w="1709" /><ent r="3" t="37" w="1979" /><ent r="3" t="37" w="3897" /><ent r="3" t="37" w="3986" /><ent r="3" t="37" w="4170" /><ent r="3" t="37" w="4258" /><ent r="3" t="37" w="4305" /><ent r="3" t="37" w="4309" /><ent r="3" t="64" w="475" /><ent r="3" t="64" w="487" /></phr></stem><stem n="#.#######"><phr n="#.#######"><ent r="3" t="13" w="1671" /><ent r="3" t="13" w="1708" /></phr></stem><stem n=".1415927"><phr n=".1415927"><ent r="3" t="13" w="1674" /><ent r="3" t="13" w="1692" /><ent r="3" t="13" w="1700" /></phr></stem><stem n="3.1415927"><phr n="3.1415927"><ent r="3" t="13" w="1674" /><ent r="3" t="13" w="1673" /><ent r="3" t="13" w="1692" /><ent r="3" t="13" w="1691" /><ent r="3" t="13" w="1700" /><ent r="3" t="13" w="1699" /></phr></stem><stem n="1415927"><phr n="1415927"><ent r="3" t="13" w="1674" /><ent r="3" t="13" w="1692" /><ent r="3" t="13" w="1700" /></phr></stem><stem n="3d"><phr n="3d"><ent r="3" t="13" w="1677" /></phr></stem><stem n="&quot;%3d&quot;"><phr n="&quot;%3d&quot;"><ent r="3" t="13" w="1678" /></phr></stem><stem n="(with"><phr n="(with"><ent r="3" t="13" w="1681" /><ent r="3" t="34" w="641" /><ent r="3" t="34" w="1040" /></phr></stem><stem n="lead"><phr n="leading"><ent r="3" t="13" w="1683" /><ent r="3" t="13" w="1704" /><ent r="3" t="13" w="1732" /><ent r="3" t="14" w="1261" /><ent r="3" t="37" w="2721" /></phr></stem><stem n="9"><phr n="9"><ent r="3" t="13" w="1687" /><ent r="3" t="13" w="1715" /><ent r="3" t="13" w="1889" /><ent r="3" t="13" w="2008" /><ent r="3" t="13" w="2333" /><ent r="3" t="16" w="165" /><ent r="3" t="24" w="991" /><ent r="3" t="24" w="1110" /><ent r="3" t="24" w="1116" /><ent r="3" t="26" w="332" /><ent r="3" t="32" w="973" /><ent r="3" t="32" w="1712" /><ent r="3" t="34" w="662" /><ent r="3" t="35" w="924" /><ent r="3" t="35" w="944" /><ent r="3" t="35" w="959" /><ent r="4" t="49" w="434" /><ent r="3" t="55" w="841" /><ent r="3" t="55" w="894" /><ent r="3" t="55" w="1013" /><ent r="3" t="55" w="1025" /><ent r="3" t="55" w="1039" /><ent r="3" t="55" w="1058" /><ent r="3" t="55" w="1126" /></phr></stem><stem n="9.7f"><phr n="9.7f"><ent r="3" t="13" w="1688" /><ent r="3" t="13" w="1687" /><ent r="3" t="13" w="1716" /><ent r="3" t="13" w="1715" /></phr></stem><stem n="7f"><phr n="7f"><ent r="3" t="13" w="1688" /><ent r="3" t="13" w="1696" /><ent r="3" t="13" w="1716" /><ent r="3" t="13" w="1725" /></phr></stem><stem n="&quot;%9.7f&quot;"><phr n="&quot;%9.7f&quot;"><ent r="3" t="13" w="1689" /><ent r="3" t="13" w="1717" /></phr></stem><stem n="11"><phr n="11"><ent r="3" t="13" w="1695" /><ent r="3" t="13" w="1724" /><ent r="3" t="24" w="1865" /><ent r="3" t="29" w="911" /><ent r="3" t="32" w="999" /><ent r="3" t="37" w="3962" /><ent r="3" t="64" w="405" /><ent r="3" t="64" w="443" /><ent r="3" t="64" w="466" /><ent r="3" t="64" w="489" /></phr></stem><stem n="11.7f"><phr n="11.7f"><ent r="3" t="13" w="1696" /><ent r="3" t="13" w="1695" /><ent r="3" t="13" w="1725" /><ent r="3" t="13" w="1724" /></phr></stem><stem n="&quot;%11.7f&quot;"><phr n="&quot;%11.7f&quot;"><ent r="3" t="13" w="1697" /><ent r="3" t="13" w="1726" /></phr></stem><stem n="(also"><phr n="(also"><ent r="3" t="13" w="1701" /></phr></stem><stem n="100"><phr n="100"><ent r="3" t="13" w="1709" /><ent r="3" t="13" w="2351" /><ent r="3" t="13" w="2536" /><ent r="3" t="14" w="682" /><ent r="4" t="24" w="638" /><ent r="3" t="34" w="976" /><ent r="3" t="34" w="1001" /><ent r="3" t="34" w="1020" /><ent r="5" t="41" w="364" /><ent r="3" t="48" w="195" /></phr></stem><stem n="*100}:"><phr n="*100}:"><ent r="3" t="13" w="1710" /></phr></stem><stem n="314"><phr n="314"><ent r="3" t="13" w="1711" /></phr></stem><stem n=".1592650"><phr n=".1592650"><ent r="3" t="13" w="1712" /></phr></stem><stem n="314.1592650"><phr n="314.1592650"><ent r="3" t="13" w="1712" /><ent r="3" t="13" w="1711" /></phr></stem><stem n="1592650"><phr n="1592650"><ent r="3" t="13" w="1712" /></phr></stem><stem n="1000"><phr n="1000"><ent r="3" t="13" w="1718" /><ent r="3" t="13" w="2141" /><ent r="3" t="13" w="2151" /><ent r="4" t="13" w="2163" /><ent r="3" t="13" w="2270" /><ent r="3" t="13" w="2313" /><ent r="5" t="41" w="367" /><ent r="3" t="48" w="198" /></phr></stem><stem n="*1000}:"><phr n="*1000}:"><ent r="3" t="13" w="1719" /></phr></stem><stem n="3141"><phr n="3141"><ent r="3" t="13" w="1720" /></phr></stem><stem n=".5926500"><phr n=".5926500"><ent r="3" t="13" w="1721" /></phr></stem><stem n="3141.5926500"><phr n="3141.5926500"><ent r="3" t="13" w="1721" /><ent r="3" t="13" w="1720" /></phr></stem><stem n="5926500"><phr n="5926500"><ent r="3" t="13" w="1721" /></phr></stem><stem n="10000"><phr n="10000"><ent r="3" t="13" w="1727" /><ent r="3" t="56" w="553" /><ent r="3" t="56" w="572" /></phr></stem><stem n="*10000}:"><phr n="*10000}:"><ent r="3" t="13" w="1728" /></phr></stem><stem n="31415"><phr n="31415"><ent r="3" t="13" w="1729" /></phr></stem><stem n=".9265000"><phr n=".9265000"><ent r="3" t="13" w="1730" /></phr></stem><stem n="31415.9265000"><phr n="31415.9265000"><ent r="3" t="13" w="1730" /><ent r="3" t="13" w="1729" /></phr></stem><stem n="9265000"><phr n="9265000"><ent r="3" t="13" w="1730" /></phr></stem><stem n="(no"><phr n="(no"><ent r="3" t="13" w="1731" /><ent r="3" t="26" w="101" /></phr><phr n="(No"><ent r="4" t="55" w="1213" /></phr></stem><stem n="{eval}"><phr n="{eval}"><ent r="82" t="13" w="1739" /><ent r="4" t="13" w="1746" /><ent r="3" t="13" w="1806" /><ent r="66" t="37" w="1800" /></phr></stem><stem n="{eval:[expr]}"><phr n="{eval:[expr]}"><ent r="3" t="13" w="1814" /></phr></stem><stem n="arithmet"><phr n="arithmetic"><ent r="3" t="13" w="1835" /><ent r="3" t="16" w="1744" /><ent r="4" t="24" w="95" /><ent r="3" t="37" w="1690" /></phr><phr n="Arithmetic"><ent r="3" t="13" w="1881" /></phr></stem><stem n="bitwis"><phr n="bitwise"><ent r="3" t="13" w="1850" /><ent r="100" t="24" w="204" /><ent r="4" t="24" w="213" /><ent r="3" t="37" w="1705" /></phr><phr n="Bitwise"><ent r="100" t="24" w="181" /><ent r="100" t="24" w="206" /><ent r="4" t="24" w="473" /><ent r="4" t="24" w="485" /><ent r="4" t="24" w="525" /></phr></stem><stem n="mathemat"><phr n="mathematical"><ent r="3" t="13" w="1853" /><ent r="4" t="24" w="219" /><ent r="3" t="37" w="1708" /></phr></stem><stem n="regular"><phr n="regular"><ent r="3" t="13" w="1866" /><ent r="3" t="19" w="75" /><ent r="4" t="19" w="1882" /><ent r="3" t="21" w="291" /><ent r="4" t="24" w="242" /><ent r="3" t="24" w="2722" /><ent r="6" t="24" w="2898" /><ent r="6" t="24" w="2905" /><ent r="3" t="24" w="3048" /><ent r="3" t="28" w="341" /><ent r="4" t="34" w="405" /><ent r="3" t="34" w="500" /><ent r="3" t="34" w="544" /><ent r="3" t="35" w="640" /><ent r="3" t="35" w="735" /><ent r="3" t="35" w="748" /><ent r="4" t="35" w="778" /><ent r="3" t="37" w="1718" /><ent r="3" t="37" w="1752" /><ent r="4" t="37" w="1964" /><ent r="3" t="37" w="2434" /><ent r="3" t="64" w="364" /></phr><phr n="Regular"><ent r="3" t="13" w="1999" /><ent r="65" t="24" w="287" /><ent r="4" t="24" w="867" /><ent r="65" t="24" w="877" /><ent r="92" t="24" w="2711" /><ent r="64" t="24" w="3066" /><ent r="92" t="34" w="476" /><ent r="64" t="34" w="598" /></phr></stem><stem n="{eval:${test}"><phr n="{eval:${test}"><ent r="3" t="13" w="1886" /></phr></stem><stem n=":="><phr n=":="><ent r="3" t="13" w="1886" /><ent r="3" t="13" w="1943" /><ent r="3" t="13" w="1945" /><ent r="3" t="14" w="1316" /><ent r="3" t="14" w="1318" /><ent r="4" t="24" w="326" /><ent r="3" t="34" w="659" /><ent r="6" t="34" w="771" /><ent r="6" t="34" w="801" /><ent r="65" t="37" w="761" /><ent r="82" t="37" w="1653" /><ent r="3" t="37" w="1727" /><ent r="3" t="37" w="1735" /><ent r="3" t="37" w="1745" /><ent r="3" t="37" w="1757" /><ent r="3" t="40" w="767" /><ent r="3" t="40" w="851" /><ent r="3" t="40" w="853" /><ent r="3" t="45" w="58" /><ent r="3" t="49" w="874" /><ent r="3" t="49" w="876" /><ent r="3" t="49" w="924" /><ent r="3" t="49" w="926" /></phr></stem><stem n="4-1"><phr n="4-1"><ent r="3" t="13" w="1886" /></phr></stem><stem n="2+1"><phr n="2+1"><ent r="3" t="13" w="1888" /></phr></stem><stem n="9/3"><phr n="9/3"><ent r="3" t="13" w="1890" /><ent r="3" t="13" w="1889" /></phr></stem><stem n="(4-1)*(2+1)/(9/3)}"><phr n="(4-1)*(2+1)/(9/3)}"><ent r="3" t="13" w="1891" /></phr></stem><stem n="{test}"><phr n="{test}"><ent r="3" t="13" w="1900" /><ent r="3" t="13" w="1915" /><ent r="3" t="13" w="1952" /></phr></stem><stem n="modulo"><phr n="Modulo"><ent r="3" t="13" w="1902" /><ent r="100" t="24" w="372" /><ent r="4" t="24" w="379" /></phr></stem><stem n="{eval:${test}%2}"><phr n="{eval:${test}%2}"><ent r="3" t="13" w="1908" /></phr></stem><stem n="ye"><phr n="yes"><ent r="3" t="13" w="1923" /></phr><phr n="Yes"><ent r="3" t="13" w="1924" /><ent r="3" t="13" w="1943" /><ent r="3" t="13" w="1948" /></phr></stem><stem n="{eval:${yes}:=&quot;yes&quot;}"><phr n="{eval:${yes}:=&quot;Yes&quot;}"><ent r="3" t="13" w="1925" /></phr></stem><stem n="{eval:${no}:=&quot;no&quot;}"><phr n="{eval:${no}:=&quot;No&quot;}"><ent r="3" t="13" w="1930" /></phr></stem><stem n="{eval:${test}:=5}"><phr n="{eval:${test}:=5}"><ent r="3" t="13" w="1937" /></phr></stem><stem n="{eval:"><phr n="{eval:"><ent r="3" t="13" w="1940" /><ent r="3" t="13" w="2003" /><ent r="4" t="16" w="1880" /></phr></stem><stem n="$test"><phr n="$test"><ent r="3" t="13" w="1940" /><ent r="3" t="37" w="1748" /></phr></stem><stem n="==5"><phr n="==5"><ent r="3" t="13" w="1941" /></phr></stem><stem n="($respons"><phr n="($response"><ent r="3" t="13" w="1942" /><ent r="3" t="13" w="1944" /></phr></stem><stem n="$respons"><phr n="$response"><ent r="3" t="13" w="1942" /><ent r="3" t="13" w="1944" /></phr></stem><stem n="&quot;yes&quot;)"><phr n="&quot;Yes&quot;)"><ent r="3" t="13" w="1944" /></phr></stem><stem n="&quot;no&quot;)"><phr n="&quot;No&quot;)"><ent r="3" t="13" w="1946" /></phr></stem><stem n="}"><phr n="}"><ent r="3" t="13" w="1946" /><ent r="3" t="14" w="683" /><ent r="3" t="14" w="695" /><ent r="3" t="14" w="1319" /><ent r="4" t="16" w="1873" /><ent r="4" t="16" w="1881" /><ent r="3" t="16" w="1948" /><ent r="3" t="19" w="1854" /><ent r="3" t="29" w="942" /><ent r="3" t="31" w="86" /><ent r="3" t="31" w="137" /><ent r="4" t="31" w="255" /><ent r="4" t="31" w="290" /><ent r="3" t="33" w="162" /><ent r="3" t="33" w="167" /><ent r="3" t="33" w="172" /><ent r="3" t="33" w="205" /><ent r="3" t="33" w="237" /><ent r="3" t="33" w="272" /><ent r="3" t="33" w="303" /><ent r="3" t="33" w="328" /><ent r="3" t="33" w="355" /><ent r="3" t="33" w="378" /><ent r="3" t="33" w="397" /><ent r="3" t="33" w="407" /><ent r="3" t="33" w="424" /><ent r="65" t="37" w="452" /><ent r="65" t="37" w="469" /><ent r="3" t="37" w="934" /><ent r="4" t="37" w="1001" /><ent r="3" t="37" w="1061" /><ent r="3" t="37" w="1061" /><ent r="3" t="37" w="1068" /><ent r="3" t="37" w="1137" /><ent r="3" t="37" w="4625" /><ent r="5" t="38" w="189" /><ent r="3" t="39" w="474" /><ent r="3" t="39" w="581" /><ent r="3" t="40" w="854" /><ent r="3" t="45" w="62" /><ent r="3" t="49" w="877" /><ent r="7" t="70" w="1076" /><ent r="7" t="70" w="2005" /><ent r="6" t="70" w="2066" /><ent r="6" t="70" w="2072" /><ent r="6" t="70" w="2078" /><ent r="7" t="70" w="2285" /><ent r="7" t="70" w="2343" /><ent r="7" t="70" w="2366" /><ent r="4" t="71" w="247" /></phr></stem><stem n="=&quot;yes&quot;,"><phr n="=&quot;Yes&quot;,"><ent r="3" t="13" w="1949" /></phr></stem><stem n="{response}"><phr n="{response}"><ent r="3" t="13" w="1961" /><ent r="3" t="13" w="1970" /></phr></stem><stem n="subid"><phr n="subid"><ent r="3" t="13" w="1971" /><ent r="3" t="13" w="1974" /><ent r="3" t="19" w="1262" /><ent r="3" t="19" w="1272" /><ent r="3" t="19" w="1281" /><ent r="3" t="19" w="1291" /><ent r="3" t="19" w="1442" /><ent r="3" t="19" w="1451" /><ent r="3" t="19" w="1482" /><ent r="3" t="19" w="1499" /><ent r="65" t="24" w="827" /><ent r="82" t="24" w="1943" /><ent r="3" t="24" w="1946" /><ent r="3" t="24" w="1991" /><ent r="3" t="24" w="2011" /><ent r="3" t="24" w="2033" /><ent r="3" t="24" w="2053" /><ent r="3" t="24" w="2075" /><ent r="3" t="24" w="2097" /><ent r="3" t="24" w="2117" /><ent r="3" t="24" w="2124" /><ent r="3" t="24" w="2132" /><ent r="3" t="24" w="2142" /><ent r="3" t="26" w="85" /><ent r="4" t="26" w="248" /><ent r="4" t="26" w="261" /></phr><phr n="subids"><ent r="3" t="19" w="1276" /><ent r="3" t="19" w="1296" /><ent r="3" t="26" w="112" /></phr></stem><stem n="():"><phr n="():"><ent r="3" t="13" w="1972" /></phr></stem><stem n="1.3"><phr n="1.3"><ent r="3" t="13" w="1976" /><ent r="3" t="13" w="1975" /><ent r="3" t="13" w="2074" /><ent r="3" t="13" w="2073" /><ent r="3" t="16" w="127" /><ent r="3" t="16" w="126" /><ent r="3" t="16" w="142" /><ent r="3" t="16" w="141" /><ent r="3" t="16" w="159" /><ent r="3" t="16" w="158" /><ent r="3" t="16" w="176" /><ent r="3" t="16" w="175" /><ent r="3" t="16" w="1179" /><ent r="3" t="16" w="1178" /><ent r="3" t="16" w="1194" /><ent r="3" t="16" w="1193" /><ent r="4" t="16" w="1251" /><ent r="4" t="16" w="1250" /><ent r="4" t="16" w="1293" /><ent r="4" t="16" w="1292" /><ent r="4" t="16" w="1335" /><ent r="4" t="16" w="1334" /><ent r="4" t="16" w="1366" /><ent r="4" t="16" w="1365" /><ent r="5" t="16" w="1664" /><ent r="5" t="16" w="1663" /><ent r="3" t="16" w="1924" /><ent r="3" t="16" w="1923" /><ent r="3" t="19" w="490" /><ent r="3" t="19" w="489" /><ent r="3" t="19" w="516" /><ent r="3" t="19" w="515" /><ent r="3" t="19" w="585" /><ent r="3" t="19" w="584" /><ent r="3" t="19" w="607" /><ent r="3" t="19" w="606" /><ent r="3" t="19" w="628" /><ent r="3" t="19" w="627" /><ent r="3" t="19" w="650" /><ent r="3" t="19" w="649" /><ent r="4" t="19" w="1428" /><ent r="4" t="19" w="1427" /><ent r="3" t="22" w="1181" /><ent r="3" t="22" w="1180" /><ent r="3" t="22" w="1190" /><ent r="3" t="22" w="1189" /><ent r="3" t="22" w="1325" /><ent r="3" t="22" w="1324" /><ent r="3" t="22" w="1342" /><ent r="3" t="22" w="1341" /><ent r="3" t="22" w="1359" /><ent r="3" t="22" w="1358" /><ent r="3" t="24" w="1993" /><ent r="3" t="24" w="1992" /><ent r="3" t="24" w="2010" /><ent r="3" t="24" w="2009" /><ent r="3" t="24" w="2013" /><ent r="3" t="24" w="2012" /><ent r="3" t="24" w="2035" /><ent r="3" t="24" w="2034" /><ent r="3" t="24" w="2052" /><ent r="3" t="24" w="2051" /><ent r="3" t="24" w="2055" /><ent r="3" t="24" w="2054" /><ent r="3" t="24" w="2077" /><ent r="3" t="24" w="2076" /><ent r="3" t="24" w="2099" /><ent r="3" t="24" w="2098" /><ent r="3" t="24" w="2119" /><ent r="3" t="24" w="2118" /><ent r="3" t="24" w="2126" /><ent r="3" t="24" w="2125" /><ent r="3" t="24" w="2134" /><ent r="3" t="24" w="2133" /><ent r="3" t="24" w="2140" /><ent r="3" t="24" w="2139" /><ent r="3" t="24" w="2144" /><ent r="3" t="24" w="2143" /><ent r="3" t="24" w="2803" /><ent r="3" t="24" w="2802" /><ent r="4" t="24" w="2850" /><ent r="4" t="24" w="2849" /><ent r="3" t="26" w="94" /><ent r="3" t="26" w="93" /><ent r="3" t="26" w="105" /><ent r="3" t="26" w="104" /><ent r="3" t="26" w="115" /><ent r="3" t="26" w="114" /><ent r="3" t="26" w="122" /><ent r="3" t="26" w="121" /><ent r="3" t="26" w="192" /><ent r="3" t="26" w="191" /><ent r="3" t="26" w="975" /><ent r="3" t="26" w="974" /><ent r="3" t="29" w="557" /><ent r="3" t="29" w="556" /><ent r="3" t="29" w="591" /><ent r="3" t="29" w="590" /><ent r="3" t="31" w="76" /><ent r="3" t="31" w="75" /><ent r="3" t="31" w="109" /><ent r="3" t="31" w="108" /><ent r="3" t="31" w="118" /><ent r="3" t="31" w="117" /><ent r="3" t="31" w="128" /><ent r="3" t="31" w="127" /><ent r="4" t="31" w="212" /><ent r="4" t="31" w="211" /><ent r="4" t="31" w="271" /><ent r="4" t="31" w="270" /><ent r="4" t="31" w="281" /><ent r="4" t="31" w="280" /><ent r="3" t="32" w="441" /><ent r="3" t="32" w="440" /><ent r="3" t="32" w="455" /><ent r="3" t="32" w="454" /><ent r="3" t="32" w="472" /><ent r="3" t="32" w="471" /><ent r="3" t="32" w="485" /><ent r="3" t="32" w="484" /><ent r="3" t="32" w="499" /><ent r="3" t="32" w="498" /><ent r="3" t="32" w="514" /><ent r="3" t="32" w="513" /><ent r="3" t="32" w="530" /><ent r="3" t="32" w="529" /><ent r="3" t="32" w="595" /><ent r="3" t="32" w="594" /><ent r="3" t="32" w="602" /><ent r="3" t="32" w="601" /><ent r="3" t="32" w="616" /><ent r="3" t="32" w="615" /><ent r="3" t="32" w="633" /><ent r="3" t="32" w="632" /><ent r="3" t="32" w="646" /><ent r="3" t="32" w="645" /><ent r="3" t="32" w="660" /><ent r="3" t="32" w="659" /><ent r="3" t="32" w="675" /><ent r="3" t="32" w="674" /><ent r="3" t="32" w="691" /><ent r="3" t="32" w="690" /><ent r="3" t="32" w="725" /><ent r="3" t="32" w="724" /><ent r="3" t="32" w="739" /><ent r="3" t="32" w="738" /><ent r="3" t="32" w="756" /><ent r="3" t="32" w="755" /><ent r="3" t="32" w="769" /><ent r="3" t="32" w="768" /><ent r="3" t="32" w="783" /><ent r="3" t="32" w="782" /><ent r="3" t="32" w="798" /><ent r="3" t="32" w="797" /><ent r="3" t="32" w="814" /><ent r="3" t="32" w="813" /><ent r="3" t="32" w="835" /><ent r="3" t="32" w="834" /><ent r="3" t="32" w="849" /><ent r="3" t="32" w="848" /><ent r="3" t="32" w="866" /><ent r="3" t="32" w="865" /><ent r="3" t="32" w="879" /><ent r="3" t="32" w="878" /><ent r="3" t="32" w="893" /><ent r="3" t="32" w="892" /><ent r="3" t="32" w="908" /><ent r="3" t="32" w="907" /><ent r="3" t="32" w="924" /><ent r="3" t="32" w="923" /><ent r="3" t="32" w="939" /><ent r="3" t="32" w="938" /><ent r="3" t="32" w="952" /><ent r="3" t="32" w="951" /><ent r="3" t="32" w="965" /><ent r="3" t="32" w="964" /><ent r="3" t="32" w="978" /><ent r="3" t="32" w="977" /><ent r="3" t="32" w="991" /><ent r="3" t="32" w="990" /><ent r="3" t="32" w="1004" /><ent r="3" t="32" w="1003" /><ent r="3" t="32" w="1024" /><ent r="3" t="32" w="1023" /><ent r="3" t="32" w="1031" /><ent r="3" t="32" w="1030" /><ent r="3" t="32" w="1048" /><ent r="3" t="32" w="1047" /><ent r="3" t="32" w="1061" /><ent r="3" t="32" w="1060" /><ent r="3" t="32" w="1075" /><ent r="3" t="32" w="1074" /><ent r="3" t="32" w="1090" /><ent r="3" t="32" w="1089" /><ent r="3" t="32" w="1106" /><ent r="3" t="32" w="1105" /><ent r="3" t="32" w="1178" /><ent r="3" t="32" w="1177" /><ent r="3" t="32" w="1192" /><ent r="3" t="32" w="1191" /><ent r="3" t="32" w="1206" /><ent r="3" t="32" w="1205" /><ent r="3" t="32" w="1223" /><ent r="3" t="32" w="1222" /><ent r="3" t="32" w="1238" /><ent r="3" t="32" w="1237" /><ent r="3" t="32" w="1254" /><ent r="3" t="32" w="1253" /><ent r="3" t="54" w="348" /><ent r="3" t="54" w="347" /><ent r="3" t="54" w="359" /><ent r="3" t="54" w="358" /><ent r="3" t="54" w="370" /><ent r="3" t="54" w="369" /><ent r="3" t="54" w="381" /><ent r="3" t="54" w="380" /><ent r="3" t="54" w="501" /><ent r="3" t="54" w="500" /><ent r="3" t="54" w="513" /><ent r="3" t="54" w="512" /><ent r="3" t="54" w="544" /><ent r="3" t="54" w="543" /><ent r="3" t="55" w="509" /><ent r="3" t="55" w="508" /><ent r="3" t="55" w="570" /><ent r="3" t="55" w="569" /><ent r="3" t="55" w="626" /><ent r="3" t="55" w="625" /><ent r="3" t="55" w="670" /><ent r="3" t="55" w="669" /><ent r="3" t="55" w="834" /><ent r="3" t="55" w="833" /><ent r="3" t="55" w="862" /><ent r="3" t="55" w="861" /><ent r="3" t="55" w="879" /><ent r="3" t="55" w="878" /><ent r="3" t="55" w="889" /><ent r="3" t="55" w="888" /><ent r="3" t="55" w="903" /><ent r="3" t="55" w="902" /><ent r="3" t="55" w="919" /><ent r="3" t="55" w="918" /><ent r="3" t="55" w="937" /><ent r="3" t="55" w="936" /><ent r="3" t="55" w="956" /><ent r="3" t="55" w="955" /><ent r="3" t="55" w="975" /><ent r="3" t="55" w="974" /><ent r="3" t="55" w="991" /><ent r="3" t="55" w="990" /><ent r="3" t="55" w="1007" /><ent r="3" t="55" w="1006" /><ent r="3" t="55" w="1019" /><ent r="3" t="55" w="1018" /><ent r="3" t="55" w="1033" /><ent r="3" t="55" w="1032" /><ent r="3" t="55" w="1052" /><ent r="3" t="55" w="1051" /><ent r="3" t="55" w="1070" /><ent r="3" t="55" w="1069" /><ent r="3" t="55" w="1086" /><ent r="3" t="55" w="1085" /><ent r="3" t="55" w="1104" /><ent r="3" t="55" w="1103" /><ent r="3" t="56" w="109" /><ent r="3" t="56" w="108" /><ent r="3" t="56" w="178" /><ent r="3" t="56" w="177" /><ent r="3" t="56" w="187" /><ent r="3" t="56" w="186" /><ent r="3" t="56" w="618" /><ent r="3" t="56" w="617" /><ent r="3" t="56" w="634" /><ent r="3" t="56" w="633" /><ent r="3" t="56" w="656" /><ent r="3" t="56" w="655" /><ent r="3" t="56" w="670" /><ent r="3" t="56" w="669" /><ent r="3" t="56" w="683" /><ent r="3" t="56" w="682" /></phr></stem></index>