<?xml version="1.0" encoding="utf-8"?><index><stem n="dirstack"><phr n="dirstack"><ent r="3" t="61" w="1259" /><ent r="3" t="61" w="1266" /><ent r="3" t="61" w="1272" /><ent r="3" t="61" w="1274" /><ent r="3" t="61" w="1278" /><ent r="3" t="61" w="1280" /><ent r="3" t="61" w="1283" /><ent r="3" t="61" w="1285" /><ent r="3" t="61" w="1288" /><ent r="3" t="61" w="1290" /><ent r="3" t="61" w="1296" /><ent r="3" t="61" w="1306" /><ent r="3" t="61" w="1311" /></phr></stem><stem n="(0)"><phr n="(0)"><ent r="3" t="61" w="1261" /><ent r="3" t="61" w="1268" /></phr></stem><stem n="scripting.filesystemobject"><phr n="Scripting.FileSystemObject"><ent r="3" t="61" w="1265" /><ent r="3" t="61" w="1264" /></phr></stem><stem n="filesystemobject"><phr n="FileSystemObject"><ent r="3" t="61" w="1265" /></phr></stem><stem n="=createobject(&quot;scripting.filesystemobject&quot;)"><phr n="=CreateObject(&quot;Scripting.FileSystemObject&quot;)"><ent r="3" t="61" w="1266" /></phr></stem><stem n="fso.getparentfoldernam"><phr n="fso.GetParentFolderName"><ent r="3" t="61" w="1269" /><ent r="3" t="61" w="1268" /><ent r="3" t="61" w="1287" /><ent r="3" t="61" w="1286" /></phr></stem><stem n="getparentfoldernam"><phr n="GetParentFolderName"><ent r="3" t="61" w="1269" /><ent r="3" t="61" w="1287" /></phr></stem><stem n=".getparentfoldername(filename)"><phr n=".GetParentFolderName(filename)"><ent r="3" t="61" w="1271" /></phr></stem><stem n="ubound"><phr n="ubound"><ent r="3" t="61" w="1273" /><ent r="3" t="61" w="1279" /><ent r="3" t="61" w="1284" /><ent r="3" t="61" w="1289" /><ent r="3" t="61" w="1295" /></phr></stem><stem n="(dirstack(ubound(dirstack))"><phr n="(dirstack(ubound(dirstack))"><ent r="3" t="61" w="1275" /></phr></stem><stem n="(ubound(dirstack)"><phr n="(ubound(dirstack)"><ent r="3" t="61" w="1281" /></phr></stem><stem n="(ubound(dirstack))"><phr n="(ubound(dirstack))"><ent r="3" t="61" w="1286" /></phr></stem><stem n=".getparentfoldername(dirstack(ubound(dirstack)"><phr n=".GetParentFolderName(dirstack(ubound(dirstack)"><ent r="3" t="61" w="1291" /></phr></stem><stem n="wend"><phr n="WEnd"><ent r="3" t="61" w="1292" /></phr></stem><stem n="(dirstack)-1"><phr n="(dirstack)-1"><ent r="3" t="61" w="1297" /></phr></stem><stem n="fso.folderexist"><phr n="fso.FolderExists"><ent r="3" t="61" w="1305" /><ent r="3" t="61" w="1304" /></phr></stem><stem n="folderexist"><phr n="FolderExists"><ent r="3" t="61" w="1305" /></phr></stem><stem n=".folderexists(dirstack(i))"><phr n=".FolderExists(dirstack(i))"><ent r="3" t="61" w="1308" /></phr></stem><stem n="fso.createfold"><phr n="fso.CreateFolder"><ent r="3" t="61" w="1310" /><ent r="3" t="61" w="1309" /></phr></stem><stem n="createfold"><phr n="CreateFolder"><ent r="3" t="61" w="1310" /></phr></stem><stem n=".createfolder(dirstack(i))"><phr n=".CreateFolder(dirstack(i))"><ent r="3" t="61" w="1313" /></phr></stem><stem n="=noth"><phr n="=Nothing"><ent r="3" t="61" w="1318" /></phr></stem><stem n="(user,"><phr n="(user,"><ent r="3" t="61" w="1324" /></phr></stem><stem n="fullhost"><phr n="fullhost"><ent r="3" t="61" w="1330" /><ent r="3" t="61" w="1345" /><ent r="3" t="61" w="1349" /><ent r="3" t="61" w="1355" /></phr></stem><stem n="&quot;https://&quot;"><phr n="&quot;https://&quot;"><ent r="3" t="61" w="1336" /></phr></stem><stem n="(port"><phr n="(port"><ent r="3" t="61" w="1342" /></phr></stem><stem n="&quot;/~files&quot;"><phr n="&quot;/~files&quot;"><ent r="3" t="61" w="1357" /></phr></stem><stem n="arrbytearrai"><phr n="arrByteArray"><ent r="3" t="61" w="1361" /><ent r="3" t="61" w="1377" /></phr></stem><stem n="(arrbytearray,"><phr n="(arrByteArray,"><ent r="3" t="61" w="1362" /></phr></stem><stem n="strfilenam"><phr n="strFileName"><ent r="3" t="61" w="1362" /><ent r="3" t="61" w="1380" /></phr></stem><stem n="objbinarystream"><phr n="objBinaryStream"><ent r="3" t="61" w="1364" /><ent r="3" t="61" w="1366" /><ent r="3" t="61" w="1370" /><ent r="3" t="61" w="1373" /><ent r="3" t="61" w="1375" /><ent r="3" t="61" w="1378" /></phr></stem><stem n="adodb"><phr n="ADODB"><ent r="3" t="61" w="1368" /></phr></stem><stem n="adodb.stream"><phr n="ADODB.Stream"><ent r="3" t="61" w="1369" /><ent r="3" t="61" w="1368" /></phr></stem><stem n="(&quot;adodb.stream&quot;)"><phr n="(&quot;ADODB.Stream&quot;)"><ent r="3" t="61" w="1370" /></phr></stem><stem n=".type"><phr n=".Type"><ent r="3" t="61" w="1371" /></phr></stem><stem n="objbinarystream.typ"><phr n="objBinaryStream.Type"><ent r="3" t="61" w="1371" /><ent r="3" t="61" w="1370" /></phr></stem><stem n="objbinarystream.open"><phr n="objBinaryStream.Open"><ent r="3" t="61" w="1374" /><ent r="3" t="61" w="1373" /></phr></stem><stem n=".open()"><phr n=".Open()"><ent r="3" t="61" w="1375" /></phr></stem><stem n="objbinarystream.writ"><phr n="objBinaryStream.Write"><ent r="3" t="61" w="1376" /><ent r="3" t="61" w="1375" /></phr></stem><stem n=".write(arrbytearray)"><phr n=".Write(arrByteArray)"><ent r="3" t="61" w="1378" /></phr></stem><stem n=".savetofil"><phr n=".SaveToFile"><ent r="3" t="61" w="1379" /></phr></stem><stem n="objbinarystream.savetofil"><phr n="objBinaryStream.SaveToFile"><ent r="3" t="61" w="1379" /><ent r="3" t="61" w="1378" /></phr></stem><stem n="savetofil"><phr n="SaveToFile"><ent r="3" t="61" w="1379" /></phr></stem><stem n="postgresql"><phr n="PostgreSQL"><ent r="3" t="62" w="22" /></phr></stem><stem n="ui"><phr n="UI"><ent r="3" t="62" w="44" /></phr></stem><stem n="easiest"><phr n="easiest"><ent r="3" t="62" w="47" /><ent r="3" t="66" w="678" /></phr></stem><stem n="crystal"><phr n="Crystal"><ent r="3" t="62" w="73" /></phr></stem><stem n="openrpt"><phr n="OpenRPT"><ent r="3" t="62" w="76" /></phr></stem><stem n="dbi"><phr n="DBI"><ent r="3" t="62" w="90" /></phr></stem><stem n="dbd"><phr n="DBD"><ent r="3" t="62" w="92" /></phr></stem><stem n="::pg."><phr n="::pg."><ent r="3" t="62" w="94" /></phr></stem><stem n="download.dartwar"><phr n="download.dartware"><ent r="64" t="62" w="116" /><ent r="64" t="62" w="115" /><ent r="64" t="63" w="44" /><ent r="64" t="63" w="43" /><ent r="64" t="75" w="31" /><ent r="64" t="75" w="30" /></phr></stem><stem n="download.dartware.com"><phr n="download.dartware.com"><ent r="64" t="62" w="117" /><ent r="64" t="62" w="115" /><ent r="64" t="63" w="45" /><ent r="64" t="63" w="43" /><ent r="64" t="75" w="32" /><ent r="64" t="75" w="30" /></phr></stem><stem n="download.dartware.com/sql"><phr n="download.dartware.com/sql"><ent r="64" t="62" w="118" /><ent r="64" t="62" w="115" /></phr></stem><stem n="sql"><phr n="sql"><ent r="64" t="62" w="118" /><ent r="64" t="62" w="119" /><ent r="64" t="63" w="48" /></phr><phr n="SQL"><ent r="64" t="62" w="148" /><ent r="1000" t="64" w="2" /><ent r="102" t="64" w="6" /><ent r="3" t="64" w="14" /></phr></stem><stem n="download.dartware.com/sql/sql"><phr n="download.dartware.com/sql/sql"><ent r="64" t="62" w="119" /><ent r="64" t="62" w="115" /></phr></stem><stem n="download.dartware.com/sql/sql_exampl"><phr n="download.dartware.com/sql/sql_examples"><ent r="64" t="62" w="120" /><ent r="64" t="62" w="115" /></phr></stem><stem n="download.dartware.com/sql/sql_examples.tar"><phr n="download.dartware.com/sql/sql_examples.tar"><ent r="64" t="62" w="121" /><ent r="64" t="62" w="115" /></phr></stem><stem n="tar"><phr n="tar"><ent r="64" t="62" w="121" /></phr></stem><stem n="://download.dartware.com/sql/sql_examples.tar.gz"><phr n="://download.dartware.com/sql/sql_examples.tar.gz"><ent r="64" t="62" w="122" /></phr></stem><stem n="download.dartware.com/sql/sql_examples.tar.gz"><phr n="download.dartware.com/sql/sql_examples.tar.gz"><ent r="64" t="62" w="122" /><ent r="64" t="62" w="115" /></phr></stem><stem n="gz"><phr n="gz"><ent r="64" t="62" w="122" /></phr></stem><stem n="://[your"><phr n="://[Your"><ent r="64" t="63" w="25" /></phr></stem><stem n="8182"><phr n="8182"><ent r="64" t="63" w="30" /></phr></stem><stem n="8182/~imdatabas"><phr n="8182/~imdatabase"><ent r="64" t="63" w="31" /><ent r="64" t="63" w="30" /></phr></stem><stem n="~imdatabas"><phr n="~imdatabase"><ent r="64" t="63" w="31" /></phr></stem><stem n="8182/~imdatabase/schemaddl"><phr n="8182/~imdatabase/schemaddl"><ent r="64" t="63" w="32" /><ent r="64" t="63" w="30" /></phr></stem><stem n="schemaddl"><phr n="schemaddl"><ent r="64" t="63" w="32" /></phr></stem><stem n="]:8182/~imdatabase/schemaddl.html"><phr n="]:8182/~imdatabase/schemaddl.html"><ent r="64" t="63" w="33" /></phr></stem><stem n="8182/~imdatabase/schemaddl.html"><phr n="8182/~imdatabase/schemaddl.html"><ent r="64" t="63" w="33" /><ent r="64" t="63" w="30" /></phr></stem><stem n="download.dartware.com/schema"><phr n="download.dartware.com/schema"><ent r="64" t="63" w="46" /><ent r="64" t="63" w="43" /></phr></stem><stem n="download.dartware.com/schema/imdatabaseschema"><phr n="download.dartware.com/schema/imdatabaseschema"><ent r="64" t="63" w="47" /><ent r="64" t="63" w="43" /></phr></stem><stem n="imdatabaseschema"><phr n="imdatabaseschema"><ent r="64" t="63" w="47" /></phr></stem><stem n="://download.dartware.com/schema/imdatabaseschema.sql"><phr n="://download.dartware.com/schema/imdatabaseschema.sql"><ent r="64" t="63" w="48" /></phr></stem><stem n="download.dartware.com/schema/imdatabaseschema.sql"><phr n="download.dartware.com/schema/imdatabaseschema.sql"><ent r="64" t="63" w="48" /><ent r="64" t="63" w="43" /></phr></stem><stem n="datasampl"><phr n="datasample"><ent r="4" t="64" w="24" /><ent r="4" t="64" w="83" /><ent r="4" t="64" w="226" /></phr></stem><stem n="5-minut"><phr n="5-minute"><ent r="3" t="64" w="29" /></phr></stem><stem n="hourli"><phr n="hourly"><ent r="3" t="64" w="31" /></phr></stem><stem n="daili"><phr n="daily"><ent r="3" t="64" w="33" /></phr></stem><stem n="approach"><phr n="approach"><ent r="3" t="64" w="43" /></phr></stem><stem n="slower"><phr n="slower"><ent r="3" t="64" w="78" /></phr></stem><stem n="5.4"><phr n="5.4"><ent r="3" t="64" w="89" /><ent r="3" t="64" w="88" /></phr></stem><stem n="datapoint"><phr n="datapoints"><ent r="4" t="64" w="100" /><ent r="4" t="64" w="118" /></phr><phr n="datapoint"><ent r="3" t="64" w="150" /><ent r="4" t="64" w="203" /></phr></stem><stem n="datastor"><phr n="datastore"><ent r="4" t="64" w="110" /><ent r="4" t="64" w="128" /><ent r="4" t="64" w="169" /></phr></stem><stem n="rewritten"><phr n="rewritten"><ent r="3" t="64" w="123" /></phr></stem><stem n="dataset_id"><phr n="dataset_id"><ent r="3" t="64" w="153" /><ent r="3" t="64" w="152" /><ent r="4" t="64" w="269" /><ent r="4" t="64" w="268" /><ent r="3" t="64" w="432" /><ent r="3" t="64" w="431" /><ent r="3" t="64" w="455" /><ent r="3" t="64" w="454" /><ent r="3" t="64" w="478" /><ent r="3" t="64" w="477" /><ent r="3" t="64" w="499" /><ent r="3" t="64" w="498" /></phr></stem><stem n="_time"><phr n="_time"><ent r="3" t="64" w="157" /><ent r="3" t="64" w="415" /><ent r="3" t="64" w="501" /></phr><phr n="_times"><ent r="4" t="64" w="275" /></phr></stem><stem n="data_tim"><phr n="data_time"><ent r="3" t="64" w="157" /><ent r="3" t="64" w="156" /><ent r="3" t="64" w="289" /><ent r="3" t="64" w="288" /><ent r="3" t="64" w="396" /><ent r="3" t="64" w="395" /><ent r="3" t="64" w="415" /><ent r="3" t="64" w="414" /><ent r="3" t="64" w="434" /><ent r="3" t="64" w="433" /><ent r="3" t="64" w="457" /><ent r="3" t="64" w="456" /><ent r="3" t="64" w="480" /><ent r="3" t="64" w="479" /><ent r="3" t="64" w="501" /><ent r="3" t="64" w="500" /></phr><phr n="data_times"><ent r="4" t="64" w="275" /><ent r="4" t="64" w="274" /></phr></stem><stem n="load_data"><phr n="load_data"><ent r="4" t="64" w="176" /><ent r="4" t="64" w="175" /><ent r="92" t="64" w="185" /><ent r="92" t="64" w="184" /><ent r="3" t="64" w="246" /><ent r="3" t="64" w="245" /><ent r="3" t="64" w="253" /><ent r="3" t="64" w="252" /><ent r="3" t="64" w="294" /><ent r="3" t="64" w="293" /><ent r="4" t="64" w="371" /><ent r="4" t="64" w="370" /><ent r="3" t="64" w="402" /><ent r="3" t="64" w="401" /><ent r="3" t="64" w="440" /><ent r="3" t="64" w="439" /><ent r="3" t="64" w="463" /><ent r="3" t="64" w="462" /><ent r="3" t="64" w="486" /><ent r="3" t="64" w="485" /></phr></stem><stem n="_data()"><phr n="_data()"><ent r="4" t="64" w="177" /><ent r="92" t="64" w="186" /><ent r="3" t="64" w="247" /><ent r="4" t="64" w="372" /></phr></stem><stem n="overwhelm"><phr n="overwhelming"><ent r="3" t="64" w="217" /></phr></stem><stem n="faster"><phr n="faster"><ent r="3" t="64" w="235" /></phr></stem><stem n="_data([dataset"><phr n="_data([dataset"><ent r="3" t="64" w="254" /></phr></stem><stem n="],[datatim"><phr n="],[datatime"><ent r="3" t="64" w="256" /><ent r="3" t="64" w="258" /></phr></stem><stem n="datatim"><phr n="datatime"><ent r="3" t="64" w="256" /><ent r="3" t="64" w="258" /></phr></stem><stem n="])"><phr n="])"><ent r="3" t="64" w="260" /></phr></stem><stem n="data_time,"><phr n="data_time,"><ent r="3" t="64" w="289" /><ent r="3" t="64" w="288" /><ent r="3" t="64" w="396" /><ent r="3" t="64" w="395" /><ent r="3" t="64" w="434" /><ent r="3" t="64" w="433" /><ent r="3" t="64" w="480" /><ent r="3" t="64" w="479" /></phr></stem><stem n="_time,"><phr n="_time,"><ent r="3" t="64" w="290" /><ent r="3" t="64" w="397" /><ent r="3" t="64" w="435" /><ent r="3" t="64" w="481" /></phr></stem><stem n="_valu"><phr n="_value"><ent r="3" t="64" w="291" /><ent r="3" t="64" w="398" /><ent r="3" t="64" w="436" /><ent r="3" t="64" w="482" /></phr></stem><stem n="data_valu"><phr n="data_value"><ent r="3" t="64" w="291" /><ent r="3" t="64" w="290" /><ent r="3" t="64" w="398" /><ent r="3" t="64" w="397" /><ent r="3" t="64" w="436" /><ent r="3" t="64" w="435" /><ent r="3" t="64" w="482" /><ent r="3" t="64" w="481" /></phr></stem><stem n="_data(5,"><phr n="_data(5,"><ent r="3" t="64" w="296" /><ent r="3" t="64" w="442" /></phr></stem><stem n="composit"><phr n="composite"><ent r="4" t="64" w="333" /><ent r="3" t="64" w="348" /></phr></stem><stem n="composite-valu"><phr n="composite-value"><ent r="4" t="64" w="333" /></phr></stem><stem n="won"><phr n="won"><ent r="3" t="64" w="353" /></phr></stem><stem n="won't"><phr n="won't"><ent r="3" t="64" w="354" /><ent r="3" t="64" w="353" /></phr></stem><stem n="postgr"><phr n="Postgres"><ent r="3" t="64" w="365" /><ent r="3" t="64" w="384" /></phr></stem><stem n="act"><phr n="acts"><ent r="3" t="64" w="374" /></phr></stem><stem n="infin"><phr n="infinity"><ent r="4" t="64" w="386" /><ent r="4" t="64" w="390" /><ent r="3" t="64" w="410" /><ent r="3" t="64" w="448" /><ent r="3" t="64" w="471" /><ent r="3" t="64" w="494" /></phr></stem><stem n="-infin"><phr n="-infinity"><ent r="4" t="64" w="390" /><ent r="4" t="64" w="390" /></phr></stem><stem n=".:"><phr n=".:"><ent r="3" t="64" w="393" /></phr></stem><stem n="_data(1,"><phr n="_data(1,"><ent r="3" t="64" w="404" /></phr></stem><stem n="'2011-11-09"><phr n="'2011-11-09"><ent r="3" t="64" w="404" /><ent r="3" t="64" w="442" /><ent r="3" t="64" w="465" /></phr></stem><stem n="2011-11"><phr n="2011-11"><ent r="3" t="64" w="404" /><ent r="3" t="64" w="442" /><ent r="3" t="64" w="465" /><ent r="3" t="64" w="488" /></phr></stem><stem n="2011-11-09"><phr n="2011-11-09"><ent r="3" t="64" w="404" /><ent r="3" t="64" w="442" /><ent r="3" t="64" w="465" /><ent r="3" t="64" w="488" /></phr></stem><stem n="11-09"><phr n="11-09"><ent r="3" t="64" w="405" /><ent r="3" t="64" w="443" /><ent r="3" t="64" w="466" /><ent r="3" t="64" w="489" /></phr></stem><stem n=":00:00',"><phr n=":00:00',"><ent r="3" t="64" w="410" /><ent r="3" t="64" w="448" /><ent r="3" t="64" w="471" /><ent r="3" t="64" w="494" /></phr></stem><stem n="'infinity')"><phr n="'infinity')"><ent r="3" t="64" w="411" /><ent r="3" t="64" w="449" /><ent r="3" t="64" w="472" /><ent r="3" t="64" w="495" /></phr></stem><stem n="union"><phr n="UNION"><ent r="4" t="64" w="422" /><ent r="3" t="64" w="450" /><ent r="3" t="64" w="473" /></phr></stem><stem n="dataset_id,"><phr n="dataset_id,"><ent r="3" t="64" w="432" /><ent r="3" t="64" w="431" /><ent r="3" t="64" w="455" /><ent r="3" t="64" w="454" /><ent r="3" t="64" w="478" /><ent r="3" t="64" w="477" /><ent r="3" t="64" w="499" /><ent r="3" t="64" w="498" /></phr></stem><stem n="_id,"><phr n="_id,"><ent r="3" t="64" w="433" /><ent r="3" t="64" w="456" /><ent r="3" t="64" w="479" /><ent r="3" t="64" w="500" /></phr></stem><stem n="data_time,data"><phr n="data_time,data"><ent r="3" t="64" w="458" /><ent r="3" t="64" w="456" /></phr></stem><stem n="_time,data_valu"><phr n="_time,data_value"><ent r="3" t="64" w="459" /></phr></stem><stem n="data_time,data_valu"><phr n="data_time,data_value"><ent r="3" t="64" w="459" /><ent r="3" t="64" w="456" /></phr></stem><stem n="_data(6,"><phr n="_data(6,"><ent r="3" t="64" w="465" /></phr></stem><stem n="_data(14,'2011-11-09"><phr n="_data(14,'2011-11-09"><ent r="3" t="64" w="488" /></phr></stem><stem n=":web"><phr n=":Web"><ent r="100" t="65" w="15" /><ent r="100" t="71" w="21" /><ent r="100" t="72" w="62" /></phr></stem><stem n="layout"><phr n="layouts"><ent r="3" t="65" w="34" /></phr></stem><stem n="user'"><phr n="user's"><ent r="3" t="65" w="130" /><ent r="3" t="65" w="129" /></phr></stem><stem n="main"><phr n="main"><ent r="4" t="65" w="158" /><ent r="7" t="70" w="1461" /><ent r="7" t="70" w="1515" /><ent r="7" t="70" w="1556" /><ent r="3" t="71" w="315" /><ent r="3" t="71" w="475" /></phr><phr n="Main"><ent r="100" t="71" w="299" /><ent r="3" t="71" w="303" /><ent r="100" t="71" w="354" /><ent r="3" t="71" w="358" /></phr></stem><stem n="insert"><phr n="insert"><ent r="4" t="65" w="214" /><ent r="3" t="66" w="487" /></phr><phr n="inserting"><ent r="6" t="68" w="197" /></phr><phr n="inserted"><ent r="6" t="70" w="151" /></phr><phr n="Inserts"><ent r="6" t="70" w="637" /><ent r="6" t="70" w="1664" /></phr></stem><stem n="guest"><phr n="Guests"><ent r="100" t="65" w="233" /><ent r="4" t="65" w="246" /></phr></stem><stem n=":chang"><phr n=":Changed"><ent r="100" t="65" w="297" /></phr></stem><stem n=":reload"><phr n=":Reloading"><ent r="100" t="65" w="311" /></phr></stem><stem n=":server"><phr n=":Server"><ent r="100" t="65" w="355" /></phr></stem><stem n="page'"><phr n="page's"><ent r="3" t="66" w="60" /><ent r="3" t="66" w="59" /><ent r="3" t="66" w="219" /><ent r="3" t="66" w="218" /><ent r="6" t="68" w="111" /><ent r="6" t="68" w="110" /><ent r="3" t="69" w="24" /><ent r="3" t="69" w="23" /><ent r="3" t="69" w="138" /><ent r="3" t="69" w="137" /><ent r="3" t="69" w="170" /><ent r="3" t="69" w="169" /><ent r="3" t="70" w="204" /><ent r="3" t="70" w="203" /></phr></stem><stem n="(&quot;)"><phr n="(&quot;)"><ent r="4" t="66" w="120" /></phr></stem><stem n="static"><phr n="static"><ent r="4" t="66" w="160" /><ent r="6" t="68" w="712" /></phr></stem><stem n="&quot;${...}&quot;."><phr n="&quot;${...}&quot;."><ent r="4" t="66" w="190" /></phr></stem><stem n="#titl"><phr n="#title"><ent r="3" t="66" w="199" /><ent r="4" t="66" w="381" /><ent r="4" t="67" w="180" /><ent r="7" t="68" w="114" /><ent r="7" t="68" w="119" /><ent r="7" t="68" w="151" /><ent r="7" t="68" w="172" /><ent r="4" t="69" w="46" /><ent r="4" t="69" w="77" /><ent r="4" t="69" w="140" /><ent r="4" t="69" w="172" /><ent r="4" t="69" w="191" /><ent r="7" t="70" w="1101" /></phr></stem><stem n="bodi"><phr n="body"><ent r="3" t="66" w="236" /><ent r="3" t="66" w="394" /><ent r="3" t="66" w="406" /><ent r="4" t="67" w="193" /></phr><phr n="BODY"><ent r="100" t="67" w="128" /><ent r="100" t="67" w="130" /></phr></stem><stem n="&quot;body&quot;"><phr n="&quot;body&quot;"><ent r="3" t="66" w="237" /><ent r="3" t="66" w="395" /></phr></stem><stem n="&lt;b&gt;bold&lt;"><phr n="&lt;b&gt;bold&lt;"><ent r="3" t="66" w="253" /></phr></stem><stem n="/b&gt;"><phr n="/b&gt;"><ent r="3" t="66" w="254" /></phr></stem><stem n="&lt;b&gt;bold&lt;/b&gt;"><phr n="&lt;b&gt;bold&lt;/b&gt;"><ent r="3" t="66" w="254" /><ent r="3" t="66" w="253" /></phr></stem><stem n="b&gt;"><phr n="b&gt;"><ent r="3" t="66" w="254" /></phr></stem><stem n="&lt;i&gt;italic&lt;"><phr n="&lt;i&gt;italic&lt;"><ent r="3" t="66" w="256" /></phr></stem><stem n="&lt;i&gt;italic&lt;/i&gt;"><phr n="&lt;i&gt;italic&lt;/i&gt;"><ent r="3" t="66" w="257" /><ent r="3" t="66" w="256" /></phr></stem><stem n="i&gt;"><phr n="i&gt;"><ent r="3" t="66" w="257" /></phr></stem><stem n="&lt;i&gt;italic&lt;/i&gt;,"><phr n="&lt;i&gt;italic&lt;/i&gt;,"><ent r="3" t="66" w="257" /><ent r="3" t="66" w="256" /></phr></stem><stem n="/i&gt;,"><phr n="/i&gt;,"><ent r="3" t="66" w="258" /></phr></stem><stem n="{date}"><phr n="{date}"><ent r="3" t="66" w="266" /><ent r="4" t="66" w="333" /><ent r="7" t="70" w="793" /></phr></stem><stem n="todai"><phr n="today"><ent r="3" t="66" w="269" /></phr></stem><stem n="today'"><phr n="today's"><ent r="3" t="66" w="270" /><ent r="3" t="66" w="269" /></phr></stem><stem n="&lt;title&gt;"><phr n="&lt;title&gt;"><ent r="5" t="66" w="299" /><ent r="7" t="68" w="140" /></phr></stem><stem n="...&lt;/title&gt;"><phr n="...&lt;/title&gt;"><ent r="5" t="66" w="301" /><ent r="7" t="68" w="142" /></phr></stem><stem n="&lt;/title&gt;"><phr n="&lt;/title&gt;"><ent r="5" t="66" w="301" /><ent r="5" t="66" w="300" /><ent r="7" t="68" w="142" /><ent r="7" t="68" w="141" /></phr><phr n="&lt;/TITLE&gt;"><ent r="3" t="67" w="123" /><ent r="3" t="67" w="122" /></phr></stem><stem n="title&gt;"><phr n="title&gt;"><ent r="5" t="66" w="301" /><ent r="7" t="68" w="142" /></phr><phr n="TITLE&gt;"><ent r="3" t="67" w="123" /></phr></stem><stem n="&lt;body&gt;"><phr n="&lt;body&gt;"><ent r="5" t="66" w="320" /></phr></stem><stem n="...&lt;/body&gt;"><phr n="...&lt;/body&gt;"><ent r="5" t="66" w="322" /></phr></stem><stem n="&lt;/body&gt;"><phr n="&lt;/body&gt;"><ent r="5" t="66" w="322" /><ent r="5" t="66" w="321" /></phr><phr n="&lt;/BODY&gt;"><ent r="3" t="67" w="159" /><ent r="3" t="67" w="158" /></phr></stem><stem n="body&gt;"><phr n="body&gt;"><ent r="5" t="66" w="322" /></phr><phr n="BODY&gt;"><ent r="3" t="67" w="159" /></phr></stem><stem n="&quot;body&quot;."><phr n="&quot;body&quot;."><ent r="3" t="66" w="407" /></phr></stem><stem n="href"><phr n="HREF"><ent r="100" t="66" w="469" /><ent r="4" t="66" w="472" /><ent r="100" t="68" w="783" /><ent r="6" t="68" w="793" /><ent r="6" t="70" w="2406" /><ent r="6" t="70" w="2415" /><ent r="6" t="70" w="2423" /></phr></stem><stem n="&lt;a"><phr n="&lt;A"><ent r="4" t="66" w="471" /><ent r="6" t="70" w="2405" /><ent r="6" t="70" w="2414" /><ent r="6" t="70" w="2422" /></phr></stem><stem n="=...&gt;"><phr n="=...&gt;"><ent r="4" t="66" w="473" /></phr></stem><stem n="encount"><phr n="encounters"><ent r="3" t="66" w="481" /><ent r="3" t="66" w="499" /></phr></stem><stem n="paragraph"><phr n="paragraph"><ent r="3" t="66" w="492" /></phr></stem><stem n="mark"><phr n="marks"><ent r="3" t="66" w="493" /></phr><phr n="mark"><ent r="6" t="70" w="2034" /></phr></stem><stem n="(such"><phr n="(such"><ent r="3" t="66" w="494" /><ent r="6" t="68" w="693" /><ent r="6" t="68" w="742" /></phr></stem><stem n="&quot;!&quot;,"><phr n="&quot;!&quot;,"><ent r="3" t="66" w="529" /></phr></stem><stem n=".html"><phr n=".html"><ent r="100" t="66" w="548" /><ent r="100" t="66" w="566" /><ent r="100" t="66" w="581" /><ent r="100" t="66" w="595" /><ent r="100" t="66" w="609" /><ent r="100" t="66" w="623" /><ent r="100" t="68" w="63" /><ent r="100" t="68" w="276" /><ent r="7" t="68" w="670" /><ent r="100" t="70" w="1825" /><ent r="100" t="71" w="308" /><ent r="100" t="71" w="363" /></phr></stem><stem n="index.html"><phr n="Index.html"><ent r="100" t="66" w="548" /><ent r="100" t="66" w="547" /><ent r="100" t="68" w="276" /><ent r="100" t="68" w="275" /><ent r="100" t="71" w="308" /><ent r="100" t="71" w="307" /></phr><phr n="index.html"><ent r="5" t="66" w="551" /><ent r="5" t="66" w="550" /><ent r="7" t="68" w="294" /><ent r="7" t="68" w="293" /><ent r="6" t="68" w="311" /><ent r="6" t="68" w="310" /><ent r="6" t="68" w="696" /><ent r="6" t="68" w="695" /><ent r="100" t="71" w="312" /><ent r="100" t="71" w="311" /><ent r="3" t="71" w="322" /><ent r="3" t="71" w="321" /><ent r="3" t="71" w="352" /><ent r="3" t="71" w="351" /><ent r="3" t="71" w="421" /><ent r="3" t="71" w="420" /><ent r="3" t="71" w="448" /><ent r="3" t="71" w="447" /><ent r="3" t="71" w="477" /><ent r="3" t="71" w="476" /></phr></stem><stem n="!index.html"><phr n="!index.html"><ent r="5" t="66" w="551" /></phr></stem><stem n="document.html"><phr n="Document.html"><ent r="100" t="66" w="566" /><ent r="100" t="66" w="565" /></phr><phr n="document.html"><ent r="5" t="66" w="569" /><ent r="5" t="66" w="568" /></phr></stem><stem n="!document.html"><phr n="!document.html"><ent r="5" t="66" w="569" /></phr></stem><stem n="graphic"><phr n="graphical"><ent r="4" t="66" w="573" /></phr></stem><stem n="network.html"><phr n="Network.html"><ent r="100" t="66" w="581" /><ent r="100" t="66" w="580" /></phr><phr n="network.html"><ent r="5" t="66" w="584" /><ent r="5" t="66" w="583" /><ent r="3" t="66" w="638" /><ent r="3" t="66" w="637" /></phr></stem><stem n="!network.html"><phr n="!network.html"><ent r="5" t="66" w="584" /></phr></stem><stem n="!device.html"><phr n="!device.html"><ent r="5" t="66" w="598" /></phr></stem><stem n="link.html"><phr n="Link.html"><ent r="100" t="66" w="609" /><ent r="100" t="66" w="608" /></phr><phr n="link.html"><ent r="5" t="66" w="612" /><ent r="5" t="66" w="611" /><ent r="3" t="66" w="642" /><ent r="3" t="66" w="641" /></phr></stem><stem n="!link.html"><phr n="!link.html"><ent r="5" t="66" w="612" /></phr></stem><stem n="chart.html"><phr n="Chart.html"><ent r="100" t="66" w="623" /><ent r="100" t="66" w="622" /><ent r="100" t="73" w="66" /><ent r="100" t="73" w="65" /><ent r="100" t="73" w="85" /><ent r="100" t="73" w="84" /></phr><phr n="chart.html"><ent r="5" t="66" w="626" /><ent r="5" t="66" w="625" /><ent r="3" t="66" w="645" /><ent r="3" t="66" w="644" /><ent r="5" t="73" w="71" /><ent r="5" t="73" w="70" /><ent r="5" t="73" w="90" /><ent r="5" t="73" w="89" /></phr></stem><stem n="!chart.html"><phr n="!chart.html"><ent r="5" t="66" w="626" /><ent r="3" t="66" w="645" /></phr></stem><stem n="network.html,"><phr n="network.html,"><ent r="3" t="66" w="638" /><ent r="3" t="66" w="637" /></phr></stem><stem n="!network.html,"><phr n="!network.html,"><ent r="3" t="66" w="639" /></phr></stem><stem n="device.html,"><phr n="device.html,"><ent r="3" t="66" w="640" /><ent r="3" t="66" w="639" /></phr></stem><stem n="!device.html,"><phr n="!device.html,"><ent r="3" t="66" w="641" /></phr></stem><stem n="link.html,"><phr n="link.html,"><ent r="3" t="66" w="642" /><ent r="3" t="66" w="641" /></phr></stem><stem n="!link.html,"><phr n="!link.html,"><ent r="3" t="66" w="643" /></phr></stem><stem n="skeleton"><phr n="skeleton"><ent r="3" t="67" w="46" /></phr></stem><stem n="doctyp"><phr n="DOCTYPE"><ent r="100" t="67" w="94" /><ent r="3" t="67" w="99" /></phr></stem><stem n="!doctyp"><phr n="!DOCTYPE"><ent r="3" t="67" w="99" /></phr></stem><stem n="ietf"><phr n="IETF"><ent r="3" t="67" w="102" /></phr></stem><stem n="&quot;-//ietf//dtd"><phr n="&quot;-//IETF//DTD"><ent r="3" t="67" w="103" /></phr></stem><stem n="dtd"><phr n="DTD"><ent r="3" t="67" w="103" /></phr></stem><stem n="3.2"><phr n="3.2"><ent r="3" t="67" w="106" /><ent r="3" t="67" w="105" /></phr></stem><stem n="3.2/"><phr n="3.2/"><ent r="3" t="67" w="106" /><ent r="3" t="67" w="105" /></phr></stem><stem n=".2//en&quot;&gt;"><phr n=".2//EN&quot;&gt;"><ent r="3" t="67" w="108" /></phr></stem><stem n="&lt;html&gt;"><phr n="&lt;HTML&gt;"><ent r="3" t="67" w="110" /></phr></stem><stem n="head"><phr n="HEAD"><ent r="100" t="67" w="112" /></phr></stem><stem n="&lt;head&gt;"><phr n="&lt;HEAD&gt;"><ent r="3" t="67" w="114" /></phr></stem><stem n="pagetitl"><phr n="Pagetitle"><ent r="100" t="67" w="118" /><ent r="100" t="70" w="1089" /></phr><phr n="pagetitle"><ent r="3" t="67" w="121" /><ent r="5" t="67" w="172" /><ent r="7" t="70" w="1092" /></phr></stem><stem n="&lt;title&gt;$"><phr n="&lt;TITLE&gt;$"><ent r="3" t="67" w="120" /></phr></stem><stem n="{pagetitle}&lt;/title&gt;"><phr n="{pagetitle}&lt;/TITLE&gt;"><ent r="3" t="67" w="123" /></phr></stem><stem n="/head&gt;"><phr n="/HEAD&gt;"><ent r="3" t="67" w="126" /></phr></stem><stem n="&lt;/head&gt;"><phr n="&lt;/HEAD&gt;"><ent r="3" t="67" w="126" /><ent r="3" t="67" w="125" /></phr></stem></index>