<?xml version="1.0" encoding="utf-8"?><index><stem n="&quot;blah&quot;"><phr n="&quot;blah&quot;"><ent r="3" t="35" w="420" /><ent r="3" t="35" w="433" /></phr></stem><stem n="&quot;els"><phr n="&quot;else"><ent r="3" t="35" w="442" /><ent r="3" t="37" w="4280" /></phr></stem><stem n="behavior"><phr n="behavior"><ent r="3" t="35" w="454" /><ent r="3" t="47" w="748" /></phr></stem><stem n="obviou"><phr n="obvious"><ent r="3" t="35" w="459" /></phr></stem><stem n="extran"><phr n="extraneous"><ent r="3" t="35" w="461" /></phr></stem><stem n="uppercas"><phr n="uppercase"><ent r="3" t="35" w="469" /></phr><phr n="UPPERCASE"><ent r="100" t="37" w="1543" /><ent r="4" t="37" w="1545" /></phr></stem><stem n="-quotes."><phr n="-quotes."><ent r="4" t="35" w="489" /><ent r="4" t="35" w="489" /><ent r="3" t="69" w="29" /><ent r="3" t="69" w="29" /></phr></stem><stem n="\r"><phr n="\r"><ent r="6" t="35" w="517" /></phr></stem><stem n="carriag"><phr n="Carriage"><ent r="100" t="35" w="519" /><ent r="5" t="35" w="522" /><ent r="100" t="37" w="4339" /></phr><phr n="carriage"><ent r="3" t="35" w="612" /><ent r="100" t="37" w="4336" /><ent r="3" t="37" w="4375" /><ent r="3" t="66" w="500" /></phr></stem><stem n="\n"><phr n="\n"><ent r="6" t="35" w="525" /></phr></stem><stem n="linefe"><phr n="Linefeed"><ent r="100" t="35" w="530" /><ent r="5" t="35" w="533" /></phr><phr n="linefeed"><ent r="3" t="35" w="615" /></phr></stem><stem n="\t"><phr n="\t"><ent r="6" t="35" w="535" /></phr></stem><stem n="horizont"><phr n="Horizontal"><ent r="100" t="35" w="537" /><ent r="5" t="35" w="540" /></phr></stem><stem n="\f"><phr n="\f"><ent r="6" t="35" w="543" /></phr></stem><stem n="formfe"><phr n="Formfeed"><ent r="100" t="35" w="545" /><ent r="5" t="35" w="547" /></phr></stem><stem n="\b"><phr n="\b"><ent r="6" t="35" w="549" /></phr></stem><stem n="backspac"><phr n="Backspace"><ent r="5" t="35" w="551" /></phr></stem><stem n="\v"><phr n="\v"><ent r="6" t="35" w="553" /></phr></stem><stem n="vertic"><phr n="Vertical"><ent r="100" t="35" w="555" /><ent r="5" t="35" w="558" /></phr><phr n="Vertices"><ent r="4" t="59" w="69" /></phr></stem><stem n="\a"><phr n="\a"><ent r="6" t="35" w="561" /></phr></stem><stem n="bell"><phr n="bell"><ent r="5" t="35" w="564" /></phr></stem><stem n="(bell)"><phr n="(bell)"><ent r="5" t="35" w="565" /></phr></stem><stem n="\&quot;"><phr n="\&quot;"><ent r="6" t="35" w="567" /></phr></stem><stem n="\\"><phr n="\\"><ent r="6" t="35" w="574" /></phr></stem><stem n="\ooo"><phr n="\ooo"><ent r="6" t="35" w="577" /></phr></stem><stem n="ooo"><phr n="ooo"><ent r="6" t="35" w="577" /></phr></stem><stem n="\xhh"><phr n="\xhh"><ent r="6" t="35" w="585" /></phr></stem><stem n="xhh"><phr n="xhh"><ent r="6" t="35" w="585" /></phr></stem><stem n="&quot;\tthi"><phr n="&quot;\tThis"><ent r="3" t="35" w="601" /></phr></stem><stem n="tthi"><phr n="tThis"><ent r="3" t="35" w="601" /></phr></stem><stem n="sentenc"><phr n="sentence"><ent r="3" t="35" w="602" /></phr></stem><stem n=".\r\n&quot;"><phr n=".\r\n&quot;"><ent r="3" t="35" w="618" /></phr></stem><stem n="wildcard"><phr n="Wildcard"><ent r="3" t="35" w="643" /></phr></stem><stem n=":case-sensit"><phr n=":Case-Sensitivity"><ent r="100" t="35" w="650" /></phr></stem><stem n="-sensitivity:control"><phr n="-Sensitivity:Controlling"><ent r="100" t="35" w="658" /><ent r="100" t="35" w="658" /></phr></stem><stem n="-match"><phr n="-matching"><ent r="4" t="35" w="666" /><ent r="4" t="35" w="666" /></phr></stem><stem n="string-match"><phr n="string-matching"><ent r="4" t="35" w="666" /></phr></stem><stem n="'i'"><phr n="'i'"><ent r="4" t="35" w="678" /></phr></stem><stem n="-insensitive."><phr n="-insensitive."><ent r="4" t="35" w="691" /><ent r="4" t="35" w="691" /><ent r="4" t="35" w="802" /><ent r="4" t="35" w="802" /><ent r="4" t="35" w="1348" /><ent r="4" t="35" w="1348" /></phr></stem><stem n="&quot;fred&quot;"><phr n="&quot;fred&quot;"><ent r="3" t="35" w="697" /><ent r="5" t="37" w="2575" /><ent r="5" t="37" w="3503" /><ent r="5" t="37" w="3532" /></phr><phr n="&quot;freD&quot;"><ent r="3" t="35" w="881" /></phr><phr n="&quot;Fred&quot;"><ent r="5" t="37" w="3114" /><ent r="4" t="37" w="3126" /></phr></stem><stem n="&quot;fred&quot;."><phr n="&quot;fred&quot;."><ent r="3" t="35" w="700" /></phr><phr n="&quot;FrEd&quot;."><ent r="3" t="35" w="708" /></phr></stem><stem n="&quot;fred&quot;i"><phr n="&quot;fred&quot;i"><ent r="3" t="35" w="702" /></phr></stem><stem n="&quot;fred&quot;,"><phr n="&quot;fred&quot;,"><ent r="3" t="35" w="705" /><ent r="3" t="35" w="872" /></phr><phr n="&quot;FRED&quot;,"><ent r="3" t="35" w="706" /></phr><phr n="&quot;Fred&quot;,"><ent r="3" t="35" w="873" /></phr></stem><stem n="-card"><phr n="-card"><ent r="100" t="35" w="709" /><ent r="100" t="35" w="709" /><ent r="82" t="35" w="714" /><ent r="82" t="35" w="714" /></phr></stem><stem n="wild"><phr n="Wild"><ent r="100" t="35" w="709" /><ent r="82" t="35" w="714" /></phr></stem><stem n="wild-card"><phr n="Wild-card"><ent r="100" t="35" w="709" /><ent r="82" t="35" w="714" /></phr></stem><stem n="card"><phr n="card"><ent r="100" t="35" w="710" /><ent r="82" t="35" w="715" /></phr></stem><stem n="'"><phr n="'"><ent r="4" t="35" w="757" /><ent r="4" t="35" w="760" /><ent r="4" t="35" w="783" /><ent r="4" t="35" w="786" /><ent r="3" t="44" w="655" /><ent r="3" t="49" w="844" /><ent r="3" t="49" w="846" /><ent r="3" t="49" w="865" /><ent r="3" t="49" w="932" /><ent r="3" t="49" w="934" /><ent r="3" t="55" w="1282" /><ent r="3" t="61" w="904" /><ent r="3" t="61" w="1002" /><ent r="3" t="61" w="1033" /><ent r="3" t="61" w="1098" /><ent r="3" t="61" w="1155" /></phr></stem><stem n="(parentheses)"><phr n="(parentheses)"><ent r="4" t="35" w="809" /></phr></stem><stem n="&quot;red&quot;r"><phr n="&quot;red&quot;r"><ent r="3" t="35" w="869" /></phr></stem><stem n="tred"><phr n="tred"><ent r="3" t="35" w="873" /></phr></stem><stem n="&quot;tred&quot;,"><phr n="&quot;tred&quot;,"><ent r="3" t="35" w="874" /></phr></stem><stem n="bred"><phr n="bred"><ent r="3" t="35" w="874" /></phr></stem><stem n="&quot;bred&quot;,"><phr n="&quot;bred&quot;,"><ent r="3" t="35" w="875" /></phr></stem><stem n="&quot;i&quot;"><phr n="&quot;i&quot;"><ent r="3" t="35" w="886" /></phr></stem><stem n="complex"><phr n="Complex"><ent r="4" t="35" w="891" /></phr></stem><stem n="&quot;var1=12"><phr n="&quot;var1=12"><ent r="3" t="35" w="901" /></phr></stem><stem n="1234"><phr n="1234"><ent r="3" t="35" w="903" /></phr></stem><stem n="=1234.00"><phr n="=1234.00"><ent r="3" t="35" w="904" /></phr></stem><stem n="1234.00"><phr n="1234.00"><ent r="3" t="35" w="904" /><ent r="3" t="35" w="903" /></phr></stem><stem n="var3"><phr n="var3"><ent r="3" t="35" w="905" /><ent r="3" t="35" w="957" /><ent r="3" t="35" w="967" /></phr></stem><stem n="=45&quot;"><phr n="=45&quot;"><ent r="3" t="35" w="907" /></phr></stem><stem n="&quot;var1=([0-9]+)&quot;i"><phr n="&quot;var1=([0-9]+)&quot;i"><ent r="3" t="35" w="926" /></phr></stem><stem n="(skip"><phr n="(skip"><ent r="3" t="35" w="930" /></phr><phr n="(Skipping"><ent r="3" t="37" w="4451" /></phr></stem><stem n="skip"><phr n="skip"><ent r="3" t="35" w="930" /></phr><phr n="SKIP"><ent r="100" t="37" w="273" /><ent r="65" t="37" w="275" /><ent r="83" t="37" w="3274" /><ent r="5" t="37" w="3281" /><ent r="5" t="37" w="3782" /></phr><phr n="Skipping"><ent r="3" t="37" w="4451" /></phr><phr n="skips"><ent r="3" t="37" w="4603" /></phr></stem><stem n="&quot;var1&quot;"><phr n="&quot;var1&quot;"><ent r="3" t="35" w="938" /></phr></stem><stem n="&quot;var2=([0-9]+)&quot;i"><phr n="&quot;var2=([0-9]+)&quot;i"><ent r="3" t="35" w="946" /></phr></stem><stem n="@blah"><phr n="@BLAH"><ent r="3" t="35" w="949" /><ent r="3" t="35" w="964" /></phr></stem><stem n="&quot;var2&quot;"><phr n="&quot;var2&quot;"><ent r="3" t="35" w="953" /></phr></stem><stem n="&quot;var3=([0-9]+)&quot;i"><phr n="&quot;var3=([0-9]+)&quot;i"><ent r="3" t="35" w="961" /></phr></stem><stem n="&quot;var3&quot;"><phr n="&quot;var3&quot;"><ent r="3" t="35" w="968" /></phr></stem><stem n="regex"><phr n="Regex"><ent r="3" t="35" w="973" /></phr></stem><stem n="|"><phr n="|"><ent r="3" t="35" w="979" /><ent r="65" t="37" w="397" /><ent r="3" t="37" w="1506" /><ent r="3" t="37" w="1508" /><ent r="3" t="37" w="1510" /><ent r="3" t="37" w="1759" /><ent r="83" t="37" w="2152" /><ent r="3" t="37" w="3406" /><ent r="3" t="37" w="3408" /><ent r="3" t="37" w="3410" /><ent r="3" t="37" w="3412" /><ent r="4" t="47" w="539" /><ent r="3" t="61" w="568" /><ent r="3" t="61" w="590" /><ent r="3" t="61" w="604" /><ent r="3" t="61" w="710" /><ent r="3" t="61" w="715" /><ent r="3" t="61" w="721" /><ent r="3" t="61" w="763" /><ent r="3" t="61" w="768" /><ent r="3" t="61" w="774" /></phr></stem><stem n="#30"><phr n="#30"><ent r="3" t="35" w="1010" /><ent r="3" t="35" w="1209" /><ent r="3" t="37" w="3887" /><ent r="3" t="37" w="4115" /></phr></stem><stem n="('+'"><phr n="('+'"><ent r="4" t="35" w="1063" /></phr></stem><stem n="'-')"><phr n="'-')"><ent r="4" t="35" w="1064" /></phr></stem><stem n="#+2"><phr n="#+2"><ent r="3" t="35" w="1079" /><ent r="3" t="35" w="1277" /><ent r="3" t="37" w="4009" /><ent r="3" t="37" w="4052" /><ent r="3" t="37" w="4462" /><ent r="3" t="39" w="495" /><ent r="3" t="39" w="513" /><ent r="3" t="39" w="531" /><ent r="3" t="39" w="549" /></phr></stem><stem n="+2"><phr n="+2"><ent r="3" t="35" w="1079" /><ent r="3" t="35" w="1277" /><ent r="3" t="37" w="4009" /><ent r="3" t="37" w="4052" /><ent r="3" t="37" w="4462" /><ent r="3" t="39" w="495" /><ent r="3" t="39" w="513" /><ent r="3" t="39" w="531" /><ent r="3" t="39" w="549" /></phr></stem><stem n="marker"><phr n="marker"><ent r="3" t="35" w="1147" /></phr></stem><stem n="label_nam"><phr n="Label_name"><ent r="100" t="35" w="1165" /><ent r="100" t="35" w="1164" /></phr><phr n="label_name"><ent r="3" t="35" w="1168" /><ent r="3" t="35" w="1167" /></phr></stem><stem n="@label_nam"><phr n="@label_name"><ent r="3" t="35" w="1168" /></phr></stem><stem n="@idl"><phr n="@IDLE"><ent r="3" t="35" w="1182" /><ent r="3" t="35" w="1213" /><ent r="3" t="39" w="476" /></phr></stem><stem n=":jump"><phr n=":Jumping"><ent r="100" t="35" w="1187" /></phr></stem><stem n=":transfer"><phr n=":Transfer"><ent r="100" t="35" w="1217" /></phr></stem><stem n="transfer"><phr n="Transfer"><ent r="100" t="35" w="1217" /><ent r="100" t="35" w="1220" /><ent r="100" t="35" w="1223" /><ent r="82" t="35" w="1233" /></phr><phr n="transfer"><ent r="3" t="37" w="3170" /></phr></stem><stem n="+n"><phr n="+n"><ent r="3" t="35" w="1253" /></phr></stem><stem n="&quot;#+n&quot;"><phr n="&quot;#+n&quot;"><ent r="3" t="35" w="1254" /></phr></stem><stem n="&quot;#-n&quot;"><phr n="&quot;#-n&quot;"><ent r="3" t="35" w="1256" /></phr></stem><stem n="(respectively)."><phr n="(respectively)."><ent r="3" t="35" w="1266" /></phr></stem><stem n="&quot;${warn"><phr n="&quot;${WARN"><ent r="3" t="35" w="1274" /><ent r="3" t="39" w="510" /></phr></stem><stem n="}&quot;"><phr n="}&quot;"><ent r="3" t="35" w="1276" /><ent r="3" t="39" w="494" /><ent r="3" t="39" w="512" /><ent r="3" t="39" w="530" /><ent r="3" t="39" w="548" /><ent r="3" t="49" w="609" /></phr></stem><stem n="param"><phr n="Param"><ent r="100" t="35" w="1308" /></phr></stem><stem n="nadd"><phr n="NADD"><ent r="4" t="35" w="1322" /><ent r="100" t="37" w="814" /><ent r="65" t="37" w="816" /><ent r="83" t="37" w="2518" /><ent r="5" t="37" w="2524" /><ent r="5" t="37" w="2573" /></phr></stem><stem n="dollar"><phr n="dollar"><ent r="4" t="35" w="1333" /></phr></stem><stem n="($),"><phr n="($),"><ent r="4" t="35" w="1336" /></phr></stem><stem n="{password}"><phr n="{Password}"><ent r="3" t="35" w="1370" /></phr><phr n="{password}"><ent r="3" t="35" w="1373" /></phr></stem><stem n="&lt;line&gt;"><phr n="&lt;line&gt;"><ent r="6" t="35" w="1410" /></phr></stem><stem n="{_line:&lt;line&gt;}"><phr n="{_LINE:&lt;line&gt;}"><ent r="6" t="35" w="1411" /></phr></stem><stem n="&lt;num&gt;"><phr n="&lt;num&gt;"><ent r="5" t="35" w="1414" /></phr></stem><stem n="&lt;param&gt;"><phr n="&lt;param&gt;"><ent r="6" t="35" w="1426" /><ent r="6" t="35" w="1446" /><ent r="5" t="35" w="1451" /></phr></stem><stem n="{_base64:&lt;param&gt;}"><phr n="{_BASE64:&lt;param&gt;}"><ent r="6" t="35" w="1427" /></phr></stem><stem n="-64"><phr n="-64"><ent r="100" t="35" w="1428" /><ent r="100" t="35" w="1428" /><ent r="5" t="35" w="1432" /><ent r="5" t="35" w="1432" /></phr></stem><stem n="base-64"><phr n="Base-64"><ent r="100" t="35" w="1428" /><ent r="5" t="35" w="1432" /></phr></stem><stem n="&quot;:&quot;."><phr n="&quot;:&quot;."><ent r="5" t="35" w="1441" /><ent r="4" t="41" w="172" /><ent r="3" t="70" w="46" /></phr></stem><stem n="{_cvspassword:&lt;param&gt;}"><phr n="{_CVSPASSWORD:&lt;param&gt;}"><ent r="6" t="35" w="1447" /></phr></stem><stem n="pserver"><phr n="pserver"><ent r="5" t="35" w="1461" /></phr></stem><stem n="unexpect"><phr n="Unexpected"><ent r="100" t="35" w="1468" /><ent r="3" t="35" w="1710" /><ent r="3" t="37" w="3990" /><ent r="3" t="37" w="4036" /><ent r="3" t="37" w="4077" /><ent r="3" t="37" w="4092" /><ent r="3" t="37" w="4484" /></phr><phr n="unexpected"><ent r="3" t="35" w="1483" /><ent r="3" t="35" w="1508" /><ent r="3" t="37" w="4509" /></phr></stem><stem n="malform"><phr n="malformed"><ent r="3" t="35" w="1479" /></phr></stem><stem n="-exist"><phr n="-existent"><ent r="3" t="35" w="1494" /><ent r="3" t="35" w="1494" /><ent r="3" t="54" w="537" /><ent r="3" t="54" w="537" /></phr></stem><stem n="non-exist"><phr n="non-existent"><ent r="3" t="35" w="1494" /><ent r="3" t="54" w="537" /></phr></stem><stem n="&quot;down&quot;"><phr n="&quot;DOWN&quot;"><ent r="3" t="35" w="1555" /></phr></stem><stem n="succe"><phr n="succeeds"><ent r="3" t="35" w="1566" /></phr><phr n="succeed"><ent r="3" t="49" w="896" /></phr></stem><stem n="220"><phr n="220"><ent r="3" t="35" w="1574" /><ent r="3" t="35" w="1587" /><ent r="3" t="37" w="1978" /><ent r="3" t="37" w="3892" /><ent r="3" t="37" w="4165" /><ent r="3" t="37" w="4182" /><ent r="3" t="37" w="4197" /><ent r="3" t="37" w="4204" /><ent r="3" t="37" w="4213" /><ent r="3" t="37" w="4223" /><ent r="3" t="37" w="4235" /><ent r="3" t="37" w="4244" /><ent r="3" t="37" w="4304" /></phr></stem><stem n="&quot;220&quot;."><phr n="&quot;220&quot;."><ent r="3" t="35" w="1575" /></phr></stem><stem n="&quot;220&quot;"><phr n="&quot;220&quot;"><ent r="3" t="35" w="1588" /><ent r="3" t="37" w="4183" /></phr></stem><stem n="&quot;idle&quot;"><phr n="&quot;idle&quot;"><ent r="3" t="35" w="1608" /></phr></stem><stem n="&quot;331"><phr n="&quot;331"><ent r="3" t="35" w="1697" /><ent r="3" t="35" w="1700" /><ent r="3" t="35" w="1704" /></phr></stem><stem n="331"><phr n="331"><ent r="3" t="35" w="1697" /><ent r="3" t="35" w="1700" /><ent r="3" t="35" w="1704" /><ent r="3" t="37" w="2447" /><ent r="3" t="37" w="3913" /><ent r="3" t="37" w="4395" /><ent r="3" t="37" w="4410" /></phr></stem><stem n="#14"><phr n="#14"><ent r="3" t="35" w="1698" /><ent r="3" t="35" w="1702" /><ent r="3" t="35" w="1709" /><ent r="3" t="37" w="1979" /><ent r="3" t="37" w="3897" /><ent r="3" t="37" w="4170" /><ent r="3" t="37" w="4305" /><ent r="3" t="37" w="4309" /></phr></stem><stem n="-1-"><phr n="-1-"><ent r="3" t="35" w="1707" /><ent r="3" t="35" w="1708" /><ent r="3" t="37" w="3895" /><ent r="3" t="37" w="3896" /><ent r="3" t="37" w="3999" /><ent r="3" t="37" w="4000" /><ent r="3" t="37" w="4168" /><ent r="3" t="37" w="4169" /></phr></stem><stem n="1-"><phr n="1-"><ent r="3" t="35" w="1707" /><ent r="3" t="37" w="3895" /><ent r="3" t="37" w="3999" /><ent r="3" t="37" w="4168" /><ent r="3" t="37" w="4260" /><ent r="3" t="37" w="4282" /><ent r="3" t="37" w="4314" /></phr></stem><stem n="noop"><phr n="NOOP"><ent r="100" t="37" w="11" /><ent r="100" t="37" w="3939" /><ent r="3" t="37" w="3943" /><ent r="3" t="37" w="4095" /></phr></stem><stem n="noop/r"><phr n="NOOP/r"><ent r="100" t="37" w="12" /><ent r="100" t="37" w="11" /></phr></stem><stem n="/r/n"><phr n="/r/n"><ent r="100" t="37" w="13" /><ent r="100" t="37" w="20" /></phr></stem><stem n="noop/r/n"><phr n="NOOP/r/n"><ent r="100" t="37" w="13" /><ent r="100" t="37" w="11" /></phr></stem><stem n="quit/r"><phr n="QUIT/r"><ent r="100" t="37" w="19" /><ent r="100" t="37" w="18" /></phr></stem><stem n="quit/r/n"><phr n="QUIT/r/n"><ent r="100" t="37" w="20" /><ent r="100" t="37" w="18" /></phr></stem><stem n=":line"><phr n=":LINE"><ent r="100" t="37" w="23" /></phr></stem><stem n="strt"><phr n="STRT"><ent r="100" t="37" w="31" /><ent r="100" t="37" w="840" /><ent r="65" t="37" w="842" /><ent r="4" t="37" w="899" /><ent r="83" t="37" w="3563" /><ent r="5" t="37" w="3567" /><ent r="5" t="37" w="3593" /><ent r="3" t="37" w="3626" /><ent r="6" t="37" w="3652" /><ent r="6" t="37" w="3661" /><ent r="100" t="38" w="162" /><ent r="6" t="38" w="164" /></phr></stem><stem n="greet"><phr n="Greetings"><ent r="100" t="37" w="34" /><ent r="100" t="37" w="3218" /><ent r="4" t="37" w="3221" /><ent r="3" t="37" w="3228" /></phr><phr n="greeting"><ent r="3" t="37" w="3991" /></phr><phr n="greet"><ent r="3" t="37" w="4185" /></phr></stem><stem n="!/r/n"><phr n="!/r/n"><ent r="100" t="37" w="36" /></phr></stem><stem n="r/n"><phr n="r/n"><ent r="100" t="37" w="36" /><ent r="100" t="37" w="35" /></phr></stem><stem n=":branch"><phr n=":Branch"><ent r="100" t="37" w="51" /></phr></stem><stem n=":probe"><phr n=":Probe"><ent r="100" t="37" w="56" /></phr><phr n=":probes"><ent r="100" t="40" w="10" /></phr></stem><stem n=":ftp"><phr n=":FTP"><ent r="100" t="37" w="105" /><ent r="100" t="37" w="113" /><ent r="100" t="37" w="4346" /></phr></stem><stem n="login"><phr n="Login"><ent r="100" t="37" w="107" /><ent r="64" t="37" w="120" /><ent r="92" t="37" w="3875" /></phr><phr n="login"><ent r="100" t="37" w="4057" /><ent r="3" t="37" w="4067" /><ent r="3" t="61" w="372" /><ent r="3" t="61" w="379" /><ent r="4" t="61" w="429" /></phr></stem><stem n="(login)"><phr n="(Login)"><ent r="64" t="37" w="121" /><ent r="92" t="37" w="3876" /></phr></stem><stem n="/o"><phr n="/O"><ent r="100" t="37" w="126" /><ent r="92" t="37" w="131" /></phr></stem><stem n="i/o"><phr n="I/O"><ent r="100" t="37" w="126" /><ent r="100" t="37" w="125" /><ent r="92" t="37" w="131" /><ent r="92" t="37" w="130" /></phr></stem><stem n="(from"><phr n="(from"><ent r="3" t="37" w="171" /><ent r="4" t="40" w="1074" /></phr></stem><stem n="stat"><phr n="STAT"><ent r="100" t="37" w="194" /><ent r="6" t="37" w="549" /><ent r="65" t="37" w="700" /><ent r="7" t="37" w="1845" /><ent r="83" t="37" w="3354" /><ent r="5" t="37" w="3363" /><ent r="100" t="37" w="3417" /><ent r="3" t="37" w="3420" /><ent r="5" t="37" w="3432" /></phr></stem><stem n="-read"><phr n="-read"><ent r="3" t="37" w="200" /><ent r="3" t="37" w="200" /></phr></stem><stem n="recently-read"><phr n="recently-read"><ent r="3" t="37" w="200" /></phr></stem><stem n="telnet"><phr n="Telnet"><ent r="100" t="37" w="241" /><ent r="100" t="37" w="279" /><ent r="100" t="37" w="321" /><ent r="100" t="37" w="324" /><ent r="4" t="37" w="349" /><ent r="3" t="37" w="1224" /><ent r="100" t="37" w="1300" /><ent r="3" t="37" w="1330" /><ent r="3" t="37" w="1335" /><ent r="100" t="55" w="1257" /><ent r="100" t="55" w="1266" /><ent r="100" t="70" w="829" /><ent r="6" t="70" w="846" /></phr><phr n="telnet"><ent r="100" t="37" w="327" /><ent r="3" t="37" w="1340" /><ent r="72" t="55" w="1262" /><ent r="3" t="55" w="1277" /><ent r="3" t="55" w="1284" /><ent r="7" t="70" w="838" /></phr><phr n="TELNET"><ent r="65" t="37" w="333" /><ent r="83" t="37" w="1199" /><ent r="4" t="37" w="1289" /><ent r="3" t="37" w="1307" /></phr></stem><stem n=":incom"><phr n=":incoming"><ent r="100" t="37" w="242" /></phr></stem><stem n=":ignor"><phr n=":ignore"><ent r="100" t="37" w="280" /></phr></stem><stem n="disc"><phr n="DISC"><ent r="100" t="37" w="294" /><ent r="65" t="37" w="298" /><ent r="83" t="37" w="1411" /><ent r="5" t="37" w="1417" /></phr></stem><stem n="discfail"><phr n="Discfail"><ent r="100" t="37" w="296" /></phr><phr n="discfail"><ent r="65" t="37" w="299" /><ent r="65" t="37" w="729" /><ent r="65" t="37" w="905" /><ent r="83" t="37" w="1412" /><ent r="83" t="37" w="3680" /><ent r="4" t="37" w="3813" /></phr></stem><stem n="#discfail"><phr n="#discfail"><ent r="65" t="37" w="299" /><ent r="65" t="37" w="729" /><ent r="65" t="37" w="905" /><ent r="83" t="37" w="1412" /><ent r="83" t="37" w="3680" /></phr></stem><stem n="suddenli"><phr n="suddenly"><ent r="4" t="37" w="316" /><ent r="3" t="37" w="1435" /></phr></stem><stem n=":telnet"><phr n=":Telnet"><ent r="100" t="37" w="324" /></phr><phr n=":telnet"><ent r="100" t="37" w="327" /></phr></stem><stem n="#timeout"><phr n="#timeout"><ent r="65" t="37" w="332" /><ent r="83" t="37" w="1198" /></phr></stem><stem n="secur"><phr n="SECURE"><ent r="65" t="37" w="334" /><ent r="83" t="37" w="1200" /><ent r="4" t="37" w="1357" /><ent r="3" t="37" w="1367" /><ent r="4" t="37" w="1375" /><ent r="4" t="37" w="1385" /></phr><phr n="secure"><ent r="3" t="37" w="1396" /><ent r="3" t="61" w="382" /><ent r="3" t="61" w="398" /><ent r="4" t="61" w="412" /><ent r="3" t="61" w="999" /><ent r="3" t="61" w="1327" /><ent r="3" t="61" w="1332" /></phr><phr n="security"><ent r="3" t="40" w="1236" /><ent r="4" t="41" w="211" /><ent r="3" t="41" w="473" /></phr></stem><stem n="[&quot;telnet&quot;][&quot;secure&quot;]"><phr n="[&quot;TELNET&quot;][&quot;SECURE&quot;]"><ent r="65" t="37" w="335" /><ent r="83" t="37" w="1201" /></phr></stem><stem n="rcon"><phr n="RCON"><ent r="65" t="37" w="352" /><ent r="82" t="37" w="2977" /></phr></stem><stem n="reconnect"><phr n="reconnects"><ent r="4" t="37" w="354" /></phr></stem><stem n="_timeout"><phr n="_timeout"><ent r="100" t="37" w="365" /></phr></stem><stem n="connect_timeout"><phr n="Connect_timeout"><ent r="100" t="37" w="365" /><ent r="100" t="37" w="364" /></phr><phr n="connect_timeout"><ent r="65" t="37" w="374" /><ent r="65" t="37" w="373" /><ent r="83" t="37" w="2897" /><ent r="83" t="37" w="2896" /><ent r="3" t="37" w="2957" /><ent r="3" t="37" w="2956" /></phr></stem><stem n="_num"><phr n="_num"><ent r="100" t="37" w="368" /></phr></stem><stem n="port_num"><phr n="Port_num"><ent r="100" t="37" w="368" /><ent r="100" t="37" w="367" /></phr><phr n="port_num"><ent r="65" t="37" w="372" /><ent r="65" t="37" w="371" /><ent r="83" t="37" w="2895" /><ent r="83" t="37" w="2894" /></phr></stem><stem n="#port_num"><phr n="#port_num"><ent r="65" t="37" w="372" /><ent r="83" t="37" w="2895" /></phr></stem><stem n="#connect_timeout"><phr n="#connect_timeout"><ent r="65" t="37" w="374" /><ent r="83" t="37" w="2897" /><ent r="3" t="37" w="2957" /></phr></stem><stem n="dialog"><phr n="dialog"><ent r="4" t="37" w="391" /><ent r="3" t="37" w="2925" /><ent r="4" t="50" w="95" /></phr></stem><stem n="[on"><phr n="[ON"><ent r="65" t="37" w="396" /><ent r="83" t="37" w="2151" /></phr></stem><stem n="raw"><phr n="raw"><ent r="4" t="37" w="412" /><ent r="3" t="37" w="2174" /><ent r="4" t="37" w="2260" /><ent r="3" t="64" w="213" /></phr></stem><stem n="buffer"><phr n="Buffer"><ent r="100" t="37" w="417" /></phr><phr n="buffer"><ent r="4" t="37" w="422" /><ent r="4" t="37" w="2285" /><ent r="3" t="37" w="2331" /><ent r="3" t="37" w="2832" /></phr></stem><stem n="-receiv"><phr n="-received"><ent r="4" t="37" w="433" /><ent r="4" t="37" w="433" /><ent r="3" t="37" w="2851" /><ent r="3" t="37" w="2851" /></phr></stem><stem n="newli"><phr n="newly"><ent r="4" t="37" w="433" /><ent r="3" t="37" w="2851" /></phr></stem><stem n="newly-receiv"><phr n="newly-received"><ent r="4" t="37" w="433" /><ent r="3" t="37" w="2851" /></phr></stem><stem n="brcv"><phr n="BRCV"><ent r="65" t="37" w="449" /><ent r="3" t="37" w="931" /><ent r="3" t="37" w="1056" /></phr></stem><stem n="{ber"><phr n="{BER"><ent r="65" t="37" w="450" /><ent r="65" t="37" w="467" /><ent r="3" t="37" w="932" /><ent r="3" t="37" w="1066" /></phr></stem><stem n="ber"><phr n="BER"><ent r="65" t="37" w="450" /><ent r="4" t="37" w="459" /><ent r="65" t="37" w="467" /><ent r="4" t="37" w="474" /><ent r="3" t="37" w="932" /><ent r="3" t="37" w="941" /><ent r="3" t="37" w="955" /><ent r="3" t="37" w="973" /><ent r="4" t="37" w="985" /><ent r="3" t="37" w="1066" /><ent r="3" t="37" w="1073" /><ent r="3" t="37" w="1077" /><ent r="3" t="37" w="1096" /><ent r="64" t="37" w="1109" /></phr></stem><stem n="bsnd"><phr n="BSND"><ent r="65" t="37" w="466" /><ent r="3" t="37" w="1065" /><ent r="4" t="37" w="1121" /><ent r="3" t="37" w="1126" /></phr></stem><stem n="chck"><phr n="CHCK"><ent r="100" t="37" w="503" /><ent r="65" t="37" w="505" /><ent r="4" t="37" w="1138" /><ent r="5" t="37" w="1145" /></phr></stem><stem n="non-empti"><phr n="non-empty"><ent r="4" t="37" w="513" /><ent r="3" t="37" w="1153" /></phr></stem><stem n="-empty."><phr n="-empty."><ent r="4" t="37" w="515" /><ent r="4" t="37" w="515" /><ent r="3" t="37" w="1155" /><ent r="3" t="37" w="1155" /></phr></stem><stem n=":done"><phr n=":DONE"><ent r="100" t="37" w="517" /></phr></stem><stem n="[&quot;message&quot;]"><phr n="[&quot;message&quot;]"><ent r="65" t="37" w="526" /><ent r="65" t="37" w="703" /><ent r="83" t="37" w="1476" /><ent r="83" t="37" w="3359" /></phr></stem><stem n="previous"><phr n="previously"><ent r="4" t="37" w="546" /></phr></stem><stem n="#statement"><phr n="#statement"><ent r="65" t="37" w="573" /><ent r="4" t="37" w="2107" /></phr></stem><stem n="#arg1"><phr n="#arg1"><ent r="65" t="37" w="586" /><ent r="65" t="37" w="625" /><ent r="83" t="37" w="2741" /></phr></stem><stem n="arg1"><phr n="arg1"><ent r="65" t="37" w="586" /><ent r="5" t="37" w="613" /><ent r="65" t="37" w="625" /><ent r="65" t="37" w="664" /><ent r="84" t="37" w="2642" /><ent r="4" t="37" w="2677" /><ent r="5" t="37" w="2690" /><ent r="5" t="37" w="2707" /><ent r="83" t="37" w="2741" /><ent r="3" t="37" w="2789" /><ent r="4" t="37" w="2806" /><ent r="83" t="37" w="2998" /><ent r="5" t="37" w="3045" /><ent r="5" t="37" w="3062" /></phr></stem><stem n="#arg2"><phr n="#arg2"><ent r="65" t="37" w="587" /><ent r="5" t="37" w="619" /><ent r="65" t="37" w="626" /><ent r="84" t="37" w="2643" /><ent r="4" t="37" w="2683" /><ent r="83" t="37" w="2742" /></phr></stem><stem n="arg2"><phr n="arg2"><ent r="65" t="37" w="587" /><ent r="5" t="37" w="619" /><ent r="65" t="37" w="626" /><ent r="65" t="37" w="665" /><ent r="84" t="37" w="2643" /><ent r="4" t="37" w="2683" /><ent r="5" t="37" w="2692" /><ent r="5" t="37" w="2714" /><ent r="83" t="37" w="2742" /><ent r="3" t="37" w="2791" /><ent r="4" t="37" w="2814" /><ent r="83" t="37" w="2999" /><ent r="5" t="37" w="3047" /><ent r="5" t="37" w="3070" /></phr></stem><stem n="#line"><phr n="#line"><ent r="65" t="37" w="588" /><ent r="5" t="37" w="609" /><ent r="65" t="37" w="627" /><ent r="4" t="37" w="654" /><ent r="65" t="37" w="666" /><ent r="4" t="37" w="693" /><ent r="83" t="37" w="2645" /><ent r="4" t="37" w="2673" /><ent r="83" t="37" w="2743" /><ent r="3" t="37" w="2777" /><ent r="83" t="37" w="3000" /><ent r="3" t="37" w="3033" /></phr></stem><stem n="umer"><phr n="umeric"><ent r="4" t="37" w="593" /><ent r="4" t="37" w="632" /><ent r="4" t="37" w="823" /><ent r="3" t="37" w="2529" /><ent r="3" t="37" w="2655" /><ent r="3" t="37" w="2753" /></phr></stem><stem n="ranch"><phr n="ranch"><ent r="4" t="37" w="597" /><ent r="4" t="37" w="636" /><ent r="4" t="37" w="675" /><ent r="3" t="37" w="2659" /><ent r="3" t="37" w="2757" /><ent r="3" t="37" w="3013" /></phr></stem><stem n="reater"><phr n="reater"><ent r="4" t="37" w="601" /><ent r="3" t="37" w="2663" /></phr></stem><stem n="han"><phr n="han"><ent r="4" t="37" w="605" /><ent r="3" t="37" w="2667" /></phr></stem><stem n="ot"><phr n="ot"><ent r="4" t="37" w="640" /><ent r="4" t="37" w="679" /><ent r="3" t="37" w="2761" /><ent r="3" t="37" w="3017" /></phr></stem><stem n="qual"><phr n="qual"><ent r="4" t="37" w="644" /><ent r="4" t="37" w="683" /><ent r="3" t="37" w="2765" /><ent r="3" t="37" w="3021" /></phr></stem><stem n="&quot;arg1&quot;"><phr n="&quot;arg1&quot;"><ent r="65" t="37" w="665" /><ent r="83" t="37" w="2999" /></phr></stem><stem n="&quot;arg2&quot;"><phr n="&quot;arg2&quot;"><ent r="65" t="37" w="666" /><ent r="83" t="37" w="3000" /></phr></stem></index>