<?xml version="1.0" encoding="utf-8"?><index><stem n="(interfaces)"><phr n="(interfaces)"><ent r="6" t="5" w="857" /></phr></stem><stem n="snmpv2c"><phr n="SNMPV2C"><ent r="100" t="5" w="860" /><ent r="6" t="5" w="862" /><ent r="100" t="55" w="156" /></phr><phr n="SNMPv2c"><ent r="6" t="5" w="866" /><ent r="5" t="13" w="866" /><ent r="3" t="22" w="1308" /><ent r="4" t="29" w="318" /><ent r="4" t="29" w="331" /><ent r="3" t="32" w="545" /><ent r="3" t="32" w="1577" /><ent r="4" t="55" w="170" /><ent r="3" t="55" w="493" /></phr><phr n="snmpv2c"><ent r="5" t="9" w="55" /></phr></stem><stem n=":icmp"><phr n=":ICMP"><ent r="100" t="5" w="875" /></phr></stem><stem n="icmp"><phr n="ICMP"><ent r="100" t="5" w="875" /><ent r="100" t="5" w="879" /><ent r="100" t="5" w="881" /><ent r="6" t="5" w="890" /><ent r="5" t="9" w="870" /><ent r="100" t="38" w="321" /><ent r="5" t="38" w="326" /></phr></stem><stem n="noicmpfallback"><phr n="NOICMPFALLBACK"><ent r="100" t="5" w="877" /><ent r="6" t="5" w="884" /></phr></stem><stem n=":send"><phr n=":send"><ent r="100" t="5" w="882" /></phr><phr n=":Send"><ent r="100" t="37" w="140" /></phr></stem><stem n="minim"><phr n="MINIMAL"><ent r="100" t="5" w="901" /><ent r="6" t="5" w="903" /></phr><phr n="minimizes"><ent r="3" t="22" w="527" /></phr><phr n="Minimal"><ent r="3" t="27" w="125" /></phr></stem><stem n="(specified)"><phr n="(specified)"><ent r="6" t="5" w="911" /></phr></stem><stem n="ntcredenti"><phr n="NTCREDENTIALS"><ent r="100" t="5" w="913" /><ent r="6" t="5" w="915" /></phr></stem><stem n="tell"><phr n="tells"><ent r="6" t="5" w="916" /></phr></stem><stem n="elev"><phr n="elevate"><ent r="6" t="5" w="919" /></phr></stem><stem n="credenti"><phr n="credentials"><ent r="6" t="5" w="921" /></phr></stem><stem n="usernam"><phr n="username"><ent r="6" t="5" w="924" /><ent r="3" t="55" w="465" /><ent r="4" t="61" w="422" /></phr><phr n="Usernames"><ent r="3" t="41" w="505" /></phr><phr n="Username"><ent r="100" t="55" w="457" /></phr></stem><stem n="password"><phr n="password"><ent r="6" t="5" w="926" /><ent r="4" t="7" w="270" /><ent r="3" t="7" w="287" /><ent r="3" t="7" w="291" /><ent r="3" t="7" w="338" /><ent r="5" t="13" w="1145" /><ent r="3" t="35" w="1372" /><ent r="5" t="35" w="1457" /><ent r="3" t="39" w="255" /><ent r="3" t="55" w="546" /><ent r="3" t="55" w="553" /><ent r="3" t="55" w="606" /><ent r="3" t="61" w="283" /><ent r="3" t="61" w="303" /><ent r="3" t="61" w="354" /><ent r="3" t="61" w="356" /><ent r="3" t="61" w="375" /><ent r="3" t="61" w="396" /><ent r="4" t="61" w="424" /><ent r="3" t="61" w="487" /><ent r="3" t="61" w="511" /><ent r="3" t="61" w="975" /><ent r="3" t="61" w="982" /><ent r="3" t="61" w="1192" /><ent r="3" t="61" w="1215" /><ent r="3" t="61" w="1324" /></phr><phr n="Password"><ent r="5" t="7" w="182" /><ent r="100" t="7" w="249" /><ent r="82" t="7" w="252" /><ent r="3" t="7" w="306" /><ent r="3" t="7" w="315" /><ent r="3" t="7" w="343" /><ent r="3" t="7" w="596" /><ent r="3" t="35" w="1369" /><ent r="3" t="37" w="1136" /><ent r="3" t="37" w="3926" /><ent r="3" t="41" w="529" /></phr><phr n="PASSWORD"><ent r="100" t="7" w="247" /></phr><phr n="passwords"><ent r="3" t="41" w="506" /></phr></stem><stem n="nt"><phr n="NT"><ent r="6" t="5" w="930" /></phr></stem><stem n="panel"><phr n="panel"><ent r="6" t="5" w="934" /><ent r="4" t="65" w="380" /></phr></stem><stem n="long"><phr n="long"><ent r="6" t="5" w="935" /><ent r="4" t="8" w="152" /><ent r="4" t="8" w="714" /><ent r="6" t="24" w="2551" /><ent r="6" t="24" w="2560" /><ent r="4" t="35" w="335" /><ent r="4" t="35" w="380" /><ent r="3" t="35" w="1600" /><ent r="4" t="38" w="409" /><ent r="3" t="44" w="612" /></phr><phr n="LONG"><ent r="100" t="37" w="3128" /><ent r="5" t="37" w="3134" /><ent r="4" t="37" w="3175" /></phr></stem><stem n="enough"><phr n="enough"><ent r="6" t="5" w="936" /></phr></stem><stem n="(window"><phr n="(Windows"><ent r="6" t="5" w="945" /></phr></stem><stem n=".)"><phr n=".)"><ent r="6" t="5" w="947" /><ent r="3" t="7" w="273" /><ent r="5" t="13" w="1439" /><ent r="4" t="13" w="2184" /><ent r="3" t="14" w="894" /><ent r="6" t="16" w="917" /><ent r="4" t="16" w="1135" /><ent r="3" t="17" w="105" /><ent r="3" t="21" w="735" /><ent r="3" t="22" w="557" /><ent r="3" t="22" w="610" /><ent r="3" t="23" w="270" /><ent r="3" t="27" w="265" /><ent r="3" t="29" w="964" /><ent r="3" t="31" w="59" /><ent r="4" t="37" w="392" /><ent r="4" t="37" w="484" /><ent r="3" t="40" w="49" /><ent r="4" t="40" w="1009" /><ent r="4" t="40" w="1047" /><ent r="4" t="49" w="98" /><ent r="3" t="49" w="168" /><ent r="3" t="54" w="582" /><ent r="6" t="68" w="371" /><ent r="3" t="69" w="213" /><ent r="6" t="70" w="1682" /></phr></stem><stem n="-loop"><phr n="-LOOPS"><ent r="6" t="5" w="948" /><ent r="6" t="5" w="948" /></phr></stem><stem n="allow-loop"><phr n="ALLOW-LOOPS"><ent r="6" t="5" w="948" /></phr></stem><stem n="loop"><phr n="LOOPS"><ent r="6" t="5" w="949" /></phr><phr n="loop"><ent r="6" t="5" w="1018" /><ent r="4" t="55" w="1250" /></phr></stem><stem n="equip"><phr n="equipment"><ent r="6" t="5" w="953" /><ent r="6" t="5" w="1039" /><ent r="3" t="15" w="80" /><ent r="3" t="19" w="1178" /><ent r="3" t="24" w="2747" /><ent r="3" t="32" w="296" /></phr></stem><stem n="iftabl"><phr n="ifTable"><ent r="6" t="5" w="958" /><ent r="6" t="5" w="1048" /><ent r="6" t="5" w="1061" /><ent r="3" t="19" w="281" /><ent r="3" t="19" w="293" /><ent r="3" t="19" w="299" /><ent r="4" t="19" w="338" /><ent r="3" t="19" w="402" /><ent r="3" t="19" w="455" /><ent r="3" t="19" w="573" /><ent r="3" t="19" w="582" /><ent r="3" t="19" w="604" /><ent r="3" t="19" w="625" /><ent r="3" t="19" w="647" /><ent r="3" t="19" w="669" /><ent r="3" t="19" w="683" /><ent r="3" t="19" w="697" /><ent r="3" t="19" w="724" /><ent r="3" t="19" w="1013" /><ent r="3" t="19" w="1049" /><ent r="3" t="19" w="1158" /><ent r="3" t="55" w="481" /><ent r="3" t="55" w="585" /><ent r="3" t="55" w="640" /></phr><phr n="IfTable"><ent r="100" t="55" w="475" /></phr></stem><stem n="proce"><phr n="proceed"><ent r="6" t="5" w="964" /><ent r="4" t="55" w="211" /><ent r="3" t="56" w="372" /></phr></stem><stem n="usual"><phr n="usual"><ent r="6" t="5" w="967" /><ent r="3" t="45" w="160" /><ent r="3" t="71" w="192" /></phr><phr n="usually"><ent r="3" t="14" w="470" /><ent r="4" t="15" w="149" /><ent r="3" t="27" w="360" /><ent r="3" t="34" w="637" /></phr></stem><stem n="strictli"><phr n="strictly"><ent r="6" t="5" w="968" /></phr></stem><stem n="increas"><phr n="increasing"><ent r="6" t="5" w="969" /><ent r="4" t="55" w="1226" /></phr><phr n="Increase"><ent r="5" t="11" w="208" /></phr><phr n="increase"><ent r="5" t="11" w="216" /></phr></stem><stem n="fashion"><phr n="fashion"><ent r="6" t="5" w="970" /><ent r="4" t="24" w="268" /></phr></stem><stem n="jump"><phr n="jumping"><ent r="6" t="5" w="971" /></phr><phr n="Jumping"><ent r="100" t="35" w="185" /><ent r="100" t="35" w="1184" /><ent r="100" t="35" w="1187" /><ent r="82" t="35" w="1189" /></phr><phr n="jumps"><ent r="3" t="35" w="1054" /><ent r="3" t="37" w="1162" /><ent r="4" t="37" w="1904" /><ent r="3" t="37" w="2007" /><ent r="3" t="37" w="2034" /><ent r="3" t="37" w="2484" /><ent r="3" t="37" w="2502" /><ent r="3" t="37" w="3327" /><ent r="3" t="37" w="3348" /><ent r="3" t="37" w="3751" /><ent r="3" t="37" w="3819" /><ent r="3" t="37" w="4423" /></phr><phr n="jump"><ent r="3" t="35" w="1152" /><ent r="3" t="35" w="1201" /><ent r="3" t="35" w="1257" /><ent r="3" t="35" w="1491" /><ent r="4" t="37" w="560" /><ent r="3" t="37" w="1425" /><ent r="3" t="37" w="2059" /></phr><phr n="Jump"><ent r="4" t="37" w="306" /></phr></stem><stem n="around"><phr n="around"><ent r="6" t="5" w="972" /><ent r="6" t="5" w="1083" /><ent r="6" t="24" w="2939" /></phr></stem><stem n="instead"><phr n="instead"><ent r="6" t="5" w="973" /><ent r="4" t="16" w="1320" /><ent r="4" t="18" w="103" /><ent r="4" t="24" w="2241" /><ent r="4" t="25" w="138" /><ent r="3" t="37" w="2048" /><ent r="3" t="37" w="2499" /><ent r="4" t="41" w="167" /><ent r="4" t="41" w="170" /><ent r="4" t="41" w="315" /><ent r="3" t="45" w="43" /><ent r="3" t="64" w="131" /><ent r="6" t="68" w="753" /><ent r="6" t="70" w="1218" /><ent r="4" t="77" w="90" /></phr><phr n="Instead"><ent r="4" t="19" w="1910" /><ent r="3" t="56" w="13" /></phr></stem><stem n="ad"><phr n="Adding"><ent r="6" t="5" w="974" /><ent r="100" t="35" w="234" /><ent r="65" t="35" w="236" /><ent r="92" t="35" w="1619" /><ent r="82" t="35" w="1658" /><ent r="82" t="35" w="1718" /></phr><phr n="added"><ent r="4" t="5" w="1176" /><ent r="3" t="17" w="313" /><ent r="4" t="22" w="706" /><ent r="4" t="22" w="726" /><ent r="3" t="24" w="1394" /><ent r="3" t="37" w="2555" /><ent r="3" t="40" w="1130" /></phr><phr n="adding"><ent r="3" t="19" w="997" /><ent r="6" t="24" w="2925" /><ent r="3" t="35" w="1678" /></phr><phr n="Added"><ent r="3" t="27" w="62" /><ent r="3" t="32" w="80" /><ent r="3" t="33" w="147" /></phr></stem><stem n="instruct"><phr n="instruct"><ent r="6" t="5" w="981" /><ent r="6" t="5" w="1015" /><ent r="6" t="5" w="1079" /></phr><phr n="instructions"><ent r="4" t="47" w="266" /></phr><phr n="instructed"><ent r="4" t="56" w="774" /></phr></stem><stem n="situat"><phr n="situation"><ent r="6" t="5" w="986" /><ent r="6" t="5" w="1085" /><ent r="3" t="35" w="1484" /></phr><phr n="situations"><ent r="6" t="70" w="752" /></phr></stem><stem n="n"><phr n="N"><ent r="6" t="5" w="987" /><ent r="4" t="29" w="442" /><ent r="4" t="29" w="458" /><ent r="4" t="29" w="474" /><ent r="3" t="29" w="486" /><ent r="6" t="37" w="591" /><ent r="6" t="37" w="630" /><ent r="6" t="37" w="638" /><ent r="6" t="37" w="677" /><ent r="6" t="37" w="821" /><ent r="5" t="37" w="2527" /><ent r="5" t="37" w="2653" /><ent r="5" t="37" w="2751" /><ent r="5" t="37" w="2759" /><ent r="5" t="37" w="3015" /><ent r="100" t="54" w="267" /><ent r="93" t="54" w="281" /></phr><phr n="n"><ent r="5" t="13" w="1415" /><ent r="3" t="13" w="2331" /><ent r="6" t="35" w="525" /><ent r="3" t="35" w="617" /><ent r="3" t="35" w="1255" /><ent r="4" t="35" w="1262" /><ent r="100" t="37" w="13" /><ent r="100" t="37" w="20" /><ent r="100" t="37" w="36" /><ent r="4" t="37" w="3223" /><ent r="3" t="37" w="3909" /><ent r="3" t="37" w="3928" /><ent r="3" t="37" w="3945" /><ent r="3" t="37" w="3960" /><ent r="3" t="37" w="4330" /><ent r="3" t="39" w="463" /><ent r="3" t="55" w="138" /><ent r="5" t="55" w="219" /><ent r="4" t="55" w="239" /><ent r="3" t="56" w="174" /><ent r="3" t="61" w="518" /><ent r="3" t="61" w="571" /><ent r="3" t="61" w="593" /></phr></stem><stem n="n.b"><phr n="N.B"><ent r="6" t="5" w="988" /><ent r="6" t="5" w="987" /></phr></stem><stem n="b"><phr n="B"><ent r="6" t="5" w="988" /><ent r="6" t="11" w="237" /><ent r="100" t="11" w="361" /><ent r="4" t="24" w="1688" /><ent r="7" t="24" w="2583" /><ent r="3" t="24" w="2669" /><ent r="3" t="32" w="229" /><ent r="6" t="37" w="595" /><ent r="6" t="37" w="634" /><ent r="6" t="37" w="673" /><ent r="5" t="37" w="2657" /><ent r="5" t="37" w="2755" /><ent r="5" t="37" w="3011" /></phr><phr n="b"><ent r="7" t="11" w="368" /><ent r="7" t="11" w="373" /><ent r="3" t="14" w="346" /><ent r="3" t="14" w="857" /><ent r="3" t="14" w="861" /><ent r="4" t="19" w="1239" /><ent r="3" t="19" w="1259" /><ent r="3" t="19" w="1275" /><ent r="4" t="24" w="1683" /><ent r="3" t="32" w="307" /><ent r="3" t="32" w="331" /><ent r="3" t="32" w="410" /><ent r="3" t="32" w="563" /><ent r="6" t="35" w="549" /><ent r="3" t="64" w="161" /><ent r="4" t="64" w="280" /><ent r="3" t="64" w="297" /></phr></stem><stem n="n.b."><phr n="N.B."><ent r="6" t="5" w="988" /><ent r="6" t="5" w="987" /></phr></stem><stem n=".b."><phr n=".B."><ent r="6" t="5" w="989" /></phr></stem><stem n="stop"><phr n="stop"><ent r="6" t="5" w="999" /><ent r="6" t="5" w="1033" /><ent r="3" t="55" w="1143" /><ent r="3" t="61" w="549" /></phr><phr n="stopped"><ent r="3" t="56" w="423" /><ent r="3" t="61" w="542" /></phr><phr n="Stop"><ent r="4" t="65" w="383" /></phr></stem><stem n="everi"><phr n="every"><ent r="6" t="5" w="1003" /><ent r="3" t="29" w="582" /><ent r="6" t="70" w="1205" /></phr><phr n="Every"><ent r="3" t="21" w="229" /><ent r="6" t="68" w="165" /></phr></stem><stem n="5000"><phr n="5000"><ent r="6" t="5" w="1024" /></phr></stem><stem n="occur"><phr n="occurred"><ent r="6" t="5" w="1027" /></phr><phr n="occurs"><ent r="3" t="26" w="835" /><ent r="3" t="35" w="1045" /><ent r="3" t="35" w="1485" /></phr><phr n="occur"><ent r="3" t="35" w="1511" /></phr></stem><stem n="point"><phr n="point"><ent r="6" t="5" w="1030" /><ent r="5" t="13" w="1232" /><ent r="4" t="13" w="1590" /><ent r="3" t="17" w="265" /><ent r="4" t="19" w="215" /><ent r="3" t="21" w="71" /><ent r="3" t="21" w="106" /><ent r="3" t="21" w="111" /><ent r="3" t="21" w="124" /><ent r="3" t="21" w="233" /><ent r="3" t="21" w="363" /><ent r="3" t="21" w="487" /><ent r="3" t="21" w="500" /><ent r="3" t="21" w="514" /><ent r="4" t="21" w="619" /><ent r="3" t="21" w="675" /><ent r="3" t="21" w="742" /><ent r="3" t="21" w="787" /><ent r="4" t="21" w="861" /><ent r="4" t="21" w="869" /><ent r="4" t="21" w="892" /><ent r="4" t="22" w="102" /><ent r="4" t="22" w="126" /><ent r="4" t="22" w="146" /><ent r="3" t="22" w="277" /><ent r="3" t="22" w="287" /><ent r="3" t="22" w="308" /><ent r="3" t="22" w="325" /><ent r="4" t="22" w="366" /><ent r="4" t="22" w="416" /><ent r="3" t="22" w="459" /><ent r="3" t="22" w="474" /><ent r="3" t="22" w="582" /><ent r="3" t="22" w="592" /><ent r="3" t="22" w="620" /><ent r="3" t="22" w="632" /><ent r="4" t="22" w="696" /><ent r="4" t="22" w="723" /><ent r="4" t="22" w="746" /><ent r="4" t="22" w="749" /><ent r="3" t="22" w="941" /><ent r="3" t="22" w="981" /><ent r="3" t="22" w="1074" /><ent r="3" t="22" w="1230" /><ent r="3" t="22" w="1239" /><ent r="3" t="22" w="1260" /><ent r="3" t="22" w="1297" /><ent r="3" t="22" w="1399" /><ent r="3" t="22" w="1404" /><ent r="4" t="24" w="132" /><ent r="4" t="24" w="435" /><ent r="4" t="24" w="1277" /><ent r="4" t="24" w="1287" /><ent r="4" t="24" w="1297" /><ent r="3" t="24" w="1505" /><ent r="3" t="24" w="1522" /><ent r="3" t="34" w="713" /><ent r="3" t="34" w="1078" /><ent r="3" t="43" w="63" /><ent r="3" t="71" w="379" /></phr><phr n="points"><ent r="5" t="13" w="676" /><ent r="3" t="21" w="84" /><ent r="3" t="21" w="144" /><ent r="3" t="21" w="147" /><ent r="3" t="21" w="285" /><ent r="3" t="21" w="309" /><ent r="3" t="21" w="371" /><ent r="3" t="21" w="477" /><ent r="3" t="21" w="496" /><ent r="3" t="21" w="518" /><ent r="3" t="21" w="535" /><ent r="4" t="21" w="562" /><ent r="4" t="21" w="578" /><ent r="4" t="21" w="596" /><ent r="3" t="21" w="655" /><ent r="3" t="21" w="702" /><ent r="3" t="21" w="899" /><ent r="3" t="22" w="15" /><ent r="4" t="22" w="497" /><ent r="4" t="22" w="513" /><ent r="3" t="22" w="546" /><ent r="3" t="22" w="589" /><ent r="4" t="22" w="647" /><ent r="4" t="22" w="782" /><ent r="4" t="22" w="792" /><ent r="4" t="22" w="815" /><ent r="4" t="22" w="825" /><ent r="4" t="22" w="829" /><ent r="4" t="22" w="838" /><ent r="3" t="22" w="971" /><ent r="3" t="22" w="1218" /><ent r="3" t="22" w="1224" /><ent r="3" t="22" w="1473" /><ent r="3" t="23" w="54" /></phr><phr n="Point"><ent r="100" t="21" w="8" /><ent r="64" t="21" w="766" /><ent r="64" t="21" w="915" /><ent r="1000" t="22" w="2" /><ent r="102" t="22" w="7" /><ent r="100" t="22" w="12" /><ent r="1000" t="23" w="2" /><ent r="102" t="23" w="7" /><ent r="100" t="23" w="12" /><ent r="72" t="24" w="1500" /></phr><phr n="Points"><ent r="92" t="21" w="274" /><ent r="92" t="21" w="896" /></phr></stem><stem n="-bug"><phr n="-BUG"><ent r="6" t="5" w="1035" /><ent r="6" t="5" w="1035" /></phr></stem><stem n="ifindex"><phr n="IFINDEX"><ent r="6" t="5" w="1035" /></phr><phr n="ifIndex"><ent r="5" t="13" w="760" /><ent r="3" t="19" w="302" /><ent r="3" t="19" w="304" /><ent r="3" t="19" w="376" /><ent r="3" t="19" w="583" /><ent r="4" t="19" w="861" /><ent r="3" t="19" w="1051" /><ent r="3" t="19" w="1054" /><ent r="4" t="19" w="1564" /><ent r="4" t="19" w="1572" /><ent r="4" t="19" w="1587" /><ent r="3" t="19" w="1645" /><ent r="3" t="19" w="1648" /><ent r="3" t="26" w="383" /><ent r="3" t="26" w="385" /><ent r="3" t="26" w="693" /><ent r="3" t="26" w="731" /><ent r="3" t="26" w="759" /></phr></stem><stem n="ifindex-bug"><phr n="IFINDEX-BUG"><ent r="6" t="5" w="1035" /></phr></stem><stem n="bug"><phr n="BUG"><ent r="6" t="5" w="1036" /></phr><phr n="bugs"><ent r="82" t="61" w="402" /></phr></stem><stem n="incorrectli"><phr n="incorrectly"><ent r="6" t="5" w="1042" /></phr></stem><stem n="entri"><phr n="entries"><ent r="6" t="5" w="1057" /><ent r="3" t="21" w="790" /><ent r="3" t="29" w="835" /><ent r="3" t="29" w="869" /><ent r="3" t="29" w="891" /><ent r="3" t="54" w="321" /><ent r="3" t="54" w="478" /></phr><phr n="entry"><ent r="3" t="7" w="98" /><ent r="3" t="13" w="2093" /><ent r="4" t="19" w="251" /><ent r="4" t="21" w="829" /><ent r="3" t="22" w="91" /><ent r="3" t="22" w="1016" /><ent r="3" t="29" w="907" /><ent r="3" t="31" w="149" /><ent r="3" t="56" w="439" /></phr></stem><stem n="spars"><phr n="sparse"><ent r="6" t="5" w="1060" /></phr></stem><stem n="rather"><phr n="rather"><ent r="6" t="5" w="1062" /><ent r="6" t="5" w="1086" /><ent r="3" t="45" w="151" /><ent r="3" t="61" w="67" /><ent r="3" t="64" w="316" /><ent r="4" t="66" w="106" /></phr></stem><stem n="try"><phr n="trying"><ent r="6" t="5" w="1064" /><ent r="3" t="37" w="1282" /><ent r="3" t="61" w="69" /></phr><phr n="try"><ent r="3" t="14" w="1183" /><ent r="3" t="37" w="4542" /><ent r="3" t="44" w="603" /><ent r="3" t="44" w="628" /><ent r="3" t="49" w="738" /><ent r="3" t="49" w="809" /><ent r="3" t="61" w="93" /></phr></stem><stem n="index"><phr n="index"><ent r="6" t="5" w="1069" /><ent r="5" t="13" w="764" /><ent r="4" t="16" w="1587" /><ent r="3" t="16" w="1710" /><ent r="4" t="19" w="266" /><ent r="3" t="19" w="451" /><ent r="3" t="19" w="453" /><ent r="3" t="19" w="459" /><ent r="3" t="19" w="480" /><ent r="3" t="19" w="526" /><ent r="3" t="19" w="980" /><ent r="3" t="19" w="987" /><ent r="3" t="19" w="1057" /><ent r="3" t="19" w="1192" /><ent r="3" t="19" w="1225" /><ent r="3" t="19" w="1255" /><ent r="3" t="19" w="1347" /><ent r="3" t="19" w="1383" /><ent r="4" t="19" w="1920" /><ent r="4" t="24" w="845" /><ent r="4" t="24" w="848" /><ent r="3" t="24" w="1964" /><ent r="3" t="24" w="1967" /><ent r="3" t="24" w="1974" /><ent r="3" t="26" w="1048" /><ent r="3" t="26" w="1059" /><ent r="3" t="54" w="343" /><ent r="3" t="54" w="401" /><ent r="3" t="54" w="563" /><ent r="5" t="66" w="550" /><ent r="7" t="68" w="293" /><ent r="6" t="68" w="310" /><ent r="6" t="68" w="695" /><ent r="100" t="71" w="311" /><ent r="3" t="71" w="321" /><ent r="3" t="71" w="351" /><ent r="3" t="71" w="420" /><ent r="3" t="71" w="447" /><ent r="3" t="71" w="476" /></phr><phr n="Index"><ent r="3" t="19" w="306" /><ent r="3" t="19" w="596" /><ent r="92" t="19" w="1172" /><ent r="3" t="26" w="55" /><ent r="92" t="26" w="1021" /><ent r="64" t="26" w="1074" /><ent r="100" t="66" w="547" /><ent r="100" t="68" w="275" /><ent r="100" t="71" w="307" /></phr><phr n="Indexes"><ent r="82" t="19" w="440" /></phr><phr n="indexed"><ent r="82" t="26" w="450" /><ent r="3" t="26" w="460" /></phr></stem><stem n="turn"><phr n="turn"><ent r="6" t="5" w="1071" /></phr><phr n="Turn"><ent r="5" t="11" w="298" /></phr><phr n="turns"><ent r="3" t="21" w="525" /><ent r="3" t="34" w="550" /></phr><phr n="turning"><ent r="3" t="22" w="944" /></phr><phr n="turned"><ent r="3" t="37" w="1391" /></phr></stem><stem n="attempt"><phr n="attempting"><ent r="6" t="5" w="1088" /></phr><phr n="attempted"><ent r="5" t="13" w="1112" /></phr><phr n="attempts"><ent r="3" t="44" w="752" /></phr><phr n="attempt"><ent r="4" t="55" w="293" /></phr></stem><stem n="effici"><phr n="efficient"><ent r="6" t="5" w="1091" /><ent r="3" t="77" w="36" /></phr></stem><stem n="linkcrit"><phr n="LINKCRITICAL"><ent r="6" t="5" w="1093" /></phr></stem><stem n="goe"><phr n="goes"><ent r="6" t="5" w="1100" /><ent r="3" t="59" w="342" /></phr></stem><stem n="critic"><phr n="critical"><ent r="6" t="5" w="1112" /><ent r="3" t="14" w="1097" /><ent r="4" t="17" w="128" /><ent r="3" t="17" w="157" /><ent r="3" t="17" w="163" /><ent r="3" t="22" w="63" /><ent r="4" t="22" w="133" /><ent r="3" t="22" w="1247" /><ent r="3" t="22" w="1263" /><ent r="3" t="22" w="1279" /><ent r="3" t="22" w="1443" /><ent r="3" t="22" w="1460" /><ent r="3" t="22" w="1466" /><ent r="3" t="22" w="1499" /><ent r="3" t="22" w="1505" /><ent r="3" t="22" w="1534" /><ent r="3" t="23" w="184" /><ent r="3" t="29" w="1044" /><ent r="4" t="42" w="50" /><ent r="3" t="44" w="549" /><ent r="3" t="44" w="805" /><ent r="4" t="47" w="771" /><ent r="3" t="48" w="235" /><ent r="3" t="49" w="629" /></phr><phr n="Critical"><ent r="4" t="17" w="252" /><ent r="5" t="21" w="203" /><ent r="3" t="21" w="326" /><ent r="3" t="21" w="374" /><ent r="3" t="32" w="483" /><ent r="3" t="32" w="510" /><ent r="3" t="32" w="644" /><ent r="3" t="32" w="671" /><ent r="3" t="32" w="767" /><ent r="3" t="32" w="794" /><ent r="3" t="32" w="877" /><ent r="3" t="32" w="904" /><ent r="3" t="32" w="1059" /><ent r="3" t="32" w="1086" /><ent r="3" t="33" w="226" /><ent r="3" t="47" w="147" /><ent r="6" t="47" w="472" /></phr><phr n="CRITICAL"><ent r="4" t="35" w="295" /><ent r="3" t="44" w="596" /></phr></stem><stem n="alarm"><phr n="alarm"><ent r="6" t="5" w="1116" /><ent r="3" t="7" w="126" /><ent r="3" t="7" w="481" /><ent r="5" t="13" w="675" /><ent r="3" t="14" w="1102" /><ent r="4" t="17" w="130" /><ent r="3" t="17" w="164" /><ent r="3" t="17" w="173" /><ent r="3" t="17" w="178" /><ent r="3" t="21" w="51" /><ent r="3" t="21" w="70" /><ent r="3" t="21" w="83" /><ent r="3" t="21" w="105" /><ent r="3" t="21" w="123" /><ent r="3" t="21" w="143" /><ent r="3" t="21" w="232" /><ent r="3" t="21" w="284" /><ent r="3" t="21" w="308" /><ent r="3" t="21" w="362" /><ent r="3" t="21" w="370" /><ent r="3" t="21" w="390" /><ent r="3" t="21" w="415" /><ent r="3" t="21" w="459" /><ent r="3" t="21" w="466" /><ent r="3" t="21" w="486" /><ent r="3" t="21" w="495" /><ent r="3" t="21" w="499" /><ent r="3" t="21" w="513" /><ent r="3" t="21" w="517" /><ent r="3" t="21" w="534" /><ent r="4" t="21" w="561" /><ent r="4" t="21" w="577" /><ent r="4" t="21" w="595" /><ent r="4" t="21" w="618" /><ent r="4" t="21" w="648" /><ent r="3" t="21" w="674" /><ent r="3" t="21" w="701" /><ent r="3" t="21" w="786" /><ent r="4" t="21" w="860" /><ent r="4" t="21" w="868" /><ent r="4" t="21" w="891" /><ent r="4" t="22" w="101" /><ent r="4" t="22" w="125" /><ent r="3" t="22" w="276" /><ent r="3" t="22" w="286" /><ent r="3" t="22" w="307" /><ent r="3" t="22" w="324" /><ent r="4" t="22" w="365" /><ent r="4" t="22" w="415" /><ent r="3" t="22" w="458" /><ent r="3" t="22" w="473" /><ent r="4" t="22" w="496" /><ent r="5" t="22" w="503" /><ent r="4" t="22" w="512" /><ent r="5" t="22" w="519" /><ent r="3" t="22" w="545" /><ent r="3" t="22" w="561" /><ent r="3" t="22" w="581" /><ent r="3" t="22" w="588" /><ent r="3" t="22" w="619" /><ent r="3" t="22" w="631" /><ent r="4" t="22" w="646" /><ent r="4" t="22" w="695" /><ent r="4" t="22" w="722" /><ent r="4" t="22" w="745" /><ent r="4" t="22" w="781" /><ent r="4" t="22" w="791" /><ent r="4" t="22" w="796" /><ent r="4" t="22" w="814" /><ent r="4" t="22" w="824" /><ent r="4" t="22" w="828" /><ent r="4" t="22" w="837" /><ent r="3" t="22" w="940" /><ent r="3" t="22" w="970" /><ent r="3" t="22" w="980" /><ent r="3" t="22" w="1073" /><ent r="3" t="22" w="1217" /><ent r="3" t="22" w="1223" /><ent r="3" t="22" w="1229" /><ent r="3" t="22" w="1238" /><ent r="3" t="22" w="1259" /><ent r="3" t="22" w="1398" /><ent r="3" t="22" w="1403" /><ent r="3" t="22" w="1472" /><ent r="3" t="22" w="1514" /><ent r="3" t="22" w="1522" /><ent r="3" t="22" w="1530" /><ent r="3" t="22" w="1540" /><ent r="3" t="23" w="53" /><ent r="3" t="34" w="97" /><ent r="3" t="37" w="1616" /><ent r="3" t="39" w="387" /><ent r="4" t="42" w="52" /><ent r="3" t="44" w="554" /><ent r="3" t="44" w="810" /><ent r="3" t="45" w="188" /><ent r="3" t="46" w="395" /><ent r="3" t="48" w="240" /><ent r="3" t="49" w="634" /><ent r="6" t="70" w="281" /><ent r="6" t="70" w="362" /></phr><phr n="Alarm"><ent r="100" t="7" w="106" /><ent r="3" t="14" w="592" /><ent r="4" t="17" w="257" /><ent r="100" t="21" w="7" /><ent r="3" t="21" w="146" /><ent r="92" t="21" w="273" /><ent r="3" t="21" w="322" /><ent r="3" t="21" w="345" /><ent r="3" t="21" w="476" /><ent r="3" t="21" w="654" /><ent r="3" t="21" w="741" /><ent r="64" t="21" w="765" /><ent r="92" t="21" w="895" /><ent r="3" t="21" w="898" /><ent r="64" t="21" w="914" /><ent r="1000" t="22" w="1" /><ent r="102" t="22" w="6" /><ent r="100" t="22" w="11" /><ent r="3" t="22" w="14" /><ent r="3" t="22" w="591" /><ent r="83" t="22" w="862" /><ent r="3" t="22" w="1296" /><ent r="1000" t="23" w="1" /><ent r="102" t="23" w="6" /><ent r="100" t="23" w="11" /><ent r="3" t="33" w="227" /><ent r="3" t="46" w="366" /><ent r="3" t="47" w="145" /></phr><phr n="alarms"><ent r="3" t="16" w="65" /><ent r="3" t="16" w="360" /><ent r="3" t="22" w="1009" /><ent r="3" t="23" w="233" /><ent r="3" t="32" w="1137" /><ent r="7" t="70" w="318" /></phr><phr n="Alarms"><ent r="3" t="21" w="108" /></phr><phr n="ALARM"><ent r="100" t="35" w="287" /><ent r="4" t="35" w="296" /><ent r="100" t="37" w="1577" /><ent r="4" t="37" w="4573" /><ent r="4" t="37" w="4617" /><ent r="3" t="44" w="594" /></phr></stem><stem n="nagios3"><phr n="NAGIOS3"><ent r="6" t="5" w="1122" /><ent r="6" t="5" w="1125" /><ent r="4" t="47" w="875" /><ent r="3" t="48" w="57" /></phr></stem><stem n="&quot;nagios3&quot;"><phr n="&quot;NAGIOS3&quot;"><ent r="6" t="5" w="1126" /><ent r="4" t="47" w="876" /><ent r="3" t="48" w="58" /></phr></stem><stem n="nagio"><phr n="Nagios"><ent r="6" t="5" w="1147" /><ent r="67" t="5" w="1152" /><ent r="5" t="13" w="422" /><ent r="3" t="14" w="1090" /><ent r="100" t="40" w="366" /><ent r="100" t="40" w="394" /><ent r="100" t="40" w="405" /><ent r="64" t="40" w="411" /><ent r="3" t="40" w="425" /><ent r="3" t="40" w="433" /><ent r="64" t="40" w="460" /><ent r="3" t="40" w="474" /><ent r="3" t="40" w="485" /><ent r="64" t="40" w="490" /><ent r="3" t="44" w="542" /><ent r="100" t="45" w="78" /><ent r="3" t="45" w="224" /><ent r="3" t="45" w="239" /><ent r="1000" t="47" w="1" /><ent r="100" t="47" w="6" /><ent r="100" t="47" w="8" /><ent r="102" t="47" w="11" /><ent r="64" t="47" w="40" /><ent r="3" t="47" w="51" /><ent r="3" t="47" w="73" /><ent r="3" t="47" w="82" /><ent r="3" t="47" w="89" /><ent r="3" t="47" w="190" /><ent r="3" t="47" w="195" /><ent r="3" t="47" w="209" /><ent r="3" t="47" w="212" /><ent r="100" t="47" w="246" /><ent r="4" t="47" w="254" /><ent r="5" t="47" w="310" /><ent r="100" t="47" w="365" /><ent r="100" t="47" w="368" /><ent r="100" t="47" w="375" /><ent r="72" t="47" w="379" /><ent r="3" t="47" w="389" /><ent r="3" t="47" w="398" /><ent r="3" t="47" w="425" /><ent r="3" t="47" w="431" /><ent r="3" t="47" w="434" /><ent r="3" t="47" w="598" /><ent r="3" t="47" w="699" /><ent r="3" t="47" w="714" /><ent r="3" t="47" w="735" /><ent r="3" t="47" w="740" /><ent r="4" t="47" w="751" /><ent r="4" t="47" w="762" /><ent r="4" t="47" w="782" /><ent r="4" t="47" w="799" /><ent r="4" t="47" w="840" /><ent r="4" t="47" w="848" /><ent r="4" t="47" w="856" /><ent r="4" t="47" w="866" /><ent r="1000" t="48" w="1" /><ent r="102" t="48" w="5" /><ent r="3" t="48" w="12" /><ent r="3" t="48" w="42" /><ent r="3" t="48" w="53" /><ent r="3" t="48" w="54" /><ent r="3" t="48" w="62" /><ent r="3" t="48" w="71" /><ent r="3" t="48" w="164" /><ent r="3" t="48" w="167" /><ent r="3" t="48" w="228" /><ent r="3" t="49" w="622" /></phr><phr n="nagios"><ent r="5" t="13" w="417" /><ent r="64" t="45" w="233" /><ent r="64" t="47" w="29" /><ent r="64" t="47" w="227" /><ent r="3" t="47" w="680" /><ent r="64" t="47" w="708" /><ent r="4" t="47" w="893" /><ent r="3" t="48" w="38" /><ent r="3" t="48" w="182" /><ent r="3" t="48" w="264" /></phr><phr n="NAGIOS"><ent r="3" t="48" w="256" /></phr></stem></index>