<?xml version="1.0" encoding="utf-8"?><index><stem n="-standard/host"><phr n="-Standard/Host"><ent r="6" t="9" w="1163" /><ent r="6" t="9" w="1163" /></phr></stem><stem n="servers-standard/host"><phr n="Servers-Standard/Host"><ent r="6" t="9" w="1163" /><ent r="6" t="9" w="1162" /></phr></stem><stem n=".dartware.snmp.hrmib"><phr n=".dartware.snmp.hrmib"><ent r="5" t="9" w="1169" /></phr></stem><stem n="com.dartware.snmp.hrmib"><phr n="com.dartware.snmp.hrmib"><ent r="5" t="9" w="1169" /><ent r="5" t="9" w="1166" /></phr></stem><stem n="hrmib"><phr n="hrmib"><ent r="5" t="9" w="1169" /></phr></stem><stem n="_cpuutil"><phr n="_CPUUtilization"><ent r="5" t="9" w="1172" /></phr></stem><stem n="$_cpuutil"><phr n="$_CPUUtilization"><ent r="5" t="9" w="1172" /><ent r="5" t="9" w="1171" /></phr></stem><stem n="cpuutil"><phr n="CPUUtilization"><ent r="5" t="9" w="1172" /></phr></stem><stem n="-standard/http"><phr n="-Standard/HTTP"><ent r="6" t="9" w="1184" /><ent r="6" t="9" w="1184" /><ent r="6" t="9" w="1224" /><ent r="6" t="9" w="1224" /><ent r="6" t="9" w="1264" /><ent r="6" t="9" w="1264" /><ent r="6" t="9" w="1303" /><ent r="6" t="9" w="1303" /><ent r="6" t="9" w="1342" /><ent r="6" t="9" w="1342" /><ent r="6" t="9" w="1379" /><ent r="6" t="9" w="1379" /><ent r="6" t="9" w="1419" /><ent r="6" t="9" w="1419" /><ent r="6" t="9" w="1459" /><ent r="6" t="9" w="1459" /><ent r="6" t="9" w="1499" /><ent r="6" t="9" w="1499" /></phr></stem><stem n="servers-standard/http"><phr n="Servers-Standard/HTTP"><ent r="6" t="9" w="1184" /><ent r="6" t="9" w="1183" /><ent r="6" t="9" w="1224" /><ent r="6" t="9" w="1223" /><ent r="6" t="9" w="1264" /><ent r="6" t="9" w="1263" /><ent r="6" t="9" w="1303" /><ent r="6" t="9" w="1302" /><ent r="6" t="9" w="1342" /><ent r="6" t="9" w="1341" /><ent r="6" t="9" w="1379" /><ent r="6" t="9" w="1378" /><ent r="6" t="9" w="1419" /><ent r="6" t="9" w="1418" /><ent r="6" t="9" w="1459" /><ent r="6" t="9" w="1458" /><ent r="6" t="9" w="1499" /><ent r="6" t="9" w="1498" /></phr></stem><stem n="&amp;"><phr n="&amp;"><ent r="6" t="9" w="1185" /><ent r="6" t="9" w="1225" /><ent r="6" t="9" w="1265" /><ent r="6" t="9" w="1304" /><ent r="6" t="9" w="1343" /><ent r="6" t="9" w="1380" /><ent r="6" t="9" w="1420" /><ent r="6" t="9" w="1460" /><ent r="6" t="9" w="1500" /><ent r="3" t="14" w="1260" /><ent r="3" t="14" w="1262" /><ent r="64" t="57" w="168" /><ent r="64" t="57" w="183" /><ent r="1000" t="58" w="2" /><ent r="102" t="58" w="6" /><ent r="1000" t="59" w="2" /><ent r="102" t="59" w="6" /><ent r="3" t="61" w="610" /><ent r="3" t="61" w="1136" /><ent r="3" t="61" w="1136" /><ent r="3" t="61" w="1169" /><ent r="3" t="61" w="1347" /><ent r="3" t="61" w="1347" /><ent r="3" t="61" w="1355" /><ent r="3" t="61" w="1356" /><ent r="4" t="73" w="59" /></phr></stem><stem n="/http"><phr n="/HTTP"><ent r="6" t="9" w="1186" /><ent r="6" t="9" w="1226" /><ent r="6" t="9" w="1266" /><ent r="6" t="9" w="1305" /><ent r="6" t="9" w="1344" /></phr><phr n="/HTTPS"><ent r="6" t="9" w="1381" /><ent r="6" t="9" w="1421" /><ent r="6" t="9" w="1461" /><ent r="6" t="9" w="1501" /></phr></stem><stem n="https/http"><phr n="HTTPS/HTTP"><ent r="6" t="9" w="1186" /><ent r="6" t="9" w="1185" /><ent r="6" t="9" w="1226" /><ent r="6" t="9" w="1225" /><ent r="6" t="9" w="1266" /><ent r="6" t="9" w="1265" /><ent r="6" t="9" w="1305" /><ent r="6" t="9" w="1304" /><ent r="6" t="9" w="1344" /><ent r="6" t="9" w="1343" /></phr><phr n="HTTPS/HTTPS"><ent r="6" t="9" w="1381" /><ent r="6" t="9" w="1380" /><ent r="6" t="9" w="1421" /><ent r="6" t="9" w="1420" /><ent r="6" t="9" w="1461" /><ent r="6" t="9" w="1460" /><ent r="6" t="9" w="1501" /><ent r="6" t="9" w="1500" /></phr></stem><stem n="(follow"><phr n="(Follow"><ent r="6" t="9" w="1187" /><ent r="6" t="9" w="1382" /></phr></stem><stem n="redirect"><phr n="Redirects"><ent r="6" t="9" w="1188" /><ent r="6" t="9" w="1383" /></phr><phr n="Redirect"><ent r="6" t="9" w="1306" /></phr><phr n="redirect"><ent r="5" t="9" w="1312" /><ent r="3" t="53" w="82" /><ent r="7" t="68" w="652" /><ent r="7" t="68" w="654" /><ent r="7" t="68" w="660" /><ent r="6" t="68" w="732" /></phr><phr n="redirection"><ent r="6" t="68" w="713" /></phr></stem><stem n="com.dartware.tcp.http"><phr n="com.dartware.tcp.http"><ent r="5" t="9" w="1193" /><ent r="5" t="9" w="1190" /><ent r="5" t="9" w="1232" /><ent r="5" t="9" w="1229" /><ent r="5" t="9" w="1272" /><ent r="5" t="9" w="1269" /><ent r="5" t="9" w="1311" /><ent r="5" t="9" w="1308" /><ent r="5" t="9" w="1349" /><ent r="5" t="9" w="1346" /></phr><phr n="com.dartware.tcp.https"><ent r="5" t="9" w="1388" /><ent r="5" t="9" w="1385" /><ent r="5" t="9" w="1427" /><ent r="5" t="9" w="1424" /><ent r="5" t="9" w="1467" /><ent r="5" t="9" w="1464" /><ent r="5" t="9" w="1506" /><ent r="5" t="9" w="1503" /></phr></stem><stem n=".dartware.tcp.http.follow"><phr n=".dartware.tcp.http.follow"><ent r="5" t="9" w="1194" /></phr></stem><stem n="com.dartware.tcp.http.follow"><phr n="com.dartware.tcp.http.follow"><ent r="5" t="9" w="1194" /><ent r="5" t="9" w="1190" /></phr></stem><stem n="post"><phr n="Post"><ent r="6" t="9" w="1227" /><ent r="6" t="9" w="1422" /></phr><phr n="post"><ent r="5" t="9" w="1234" /><ent r="5" t="9" w="1429" /><ent r="3" t="14" w="764" /><ent r="3" t="52" w="90" /><ent r="3" t="60" w="160" /></phr><phr n="POST"><ent r="3" t="57" w="43" /><ent r="3" t="58" w="321" /><ent r="3" t="59" w="289" /><ent r="3" t="60" w="21" /><ent r="3" t="60" w="134" /><ent r="3" t="60" w="212" /></phr></stem><stem n="(post)"><phr n="(Post)"><ent r="6" t="9" w="1228" /><ent r="6" t="9" w="1423" /></phr></stem><stem n="com.dartware.tcp.http.cgi"><phr n="com.dartware.tcp.http.cgi"><ent r="5" t="9" w="1233" /><ent r="5" t="9" w="1229" /></phr></stem><stem n="cgi"><phr n="cgi"><ent r="5" t="9" w="1233" /><ent r="5" t="9" w="1428" /><ent r="3" t="60" w="36" /><ent r="4" t="60" w="106" /><ent r="3" t="60" w="155" /><ent r="3" t="60" w="221" /></phr></stem><stem n=".dartware.tcp.http.cgi.post"><phr n=".dartware.tcp.http.cgi.post"><ent r="5" t="9" w="1234" /></phr></stem><stem n="com.dartware.tcp.http.cgi.post"><phr n="com.dartware.tcp.http.cgi.post"><ent r="5" t="9" w="1234" /><ent r="5" t="9" w="1229" /></phr></stem><stem n="proxi"><phr n="Proxy"><ent r="6" t="9" w="1267" /></phr><phr n="proxy"><ent r="5" t="9" w="1273" /></phr></stem><stem n="(proxy)"><phr n="(Proxy)"><ent r="6" t="9" w="1268" /></phr></stem><stem n=".dartware.tcp.http.proxi"><phr n=".dartware.tcp.http.proxy"><ent r="5" t="9" w="1273" /></phr></stem><stem n="com.dartware.tcp.http.proxi"><phr n="com.dartware.tcp.http.proxy"><ent r="5" t="9" w="1273" /><ent r="5" t="9" w="1269" /></phr></stem><stem n="(redirect)"><phr n="(Redirect)"><ent r="6" t="9" w="1307" /></phr></stem><stem n=".dartware.tcp.http.redirect"><phr n=".dartware.tcp.http.redirect"><ent r="5" t="9" w="1312" /></phr></stem><stem n="com.dartware.tcp.http.redirect"><phr n="com.dartware.tcp.http.redirect"><ent r="5" t="9" w="1312" /><ent r="5" t="9" w="1308" /></phr></stem><stem n=".dartware.tcp.http"><phr n=".dartware.tcp.http"><ent r="5" t="9" w="1349" /></phr><phr n=".dartware.tcp.https"><ent r="5" t="9" w="1506" /></phr></stem><stem n=".dartware.tcp.https.follow"><phr n=".dartware.tcp.https.follow"><ent r="5" t="9" w="1389" /></phr></stem><stem n="com.dartware.tcp.https.follow"><phr n="com.dartware.tcp.https.follow"><ent r="5" t="9" w="1389" /><ent r="5" t="9" w="1385" /></phr></stem><stem n="com.dartware.tcp.https.cgi"><phr n="com.dartware.tcp.https.cgi"><ent r="5" t="9" w="1428" /><ent r="5" t="9" w="1424" /></phr></stem><stem n=".dartware.tcp.https.cgi.post"><phr n=".dartware.tcp.https.cgi.post"><ent r="5" t="9" w="1429" /></phr></stem><stem n="com.dartware.tcp.https.cgi.post"><phr n="com.dartware.tcp.https.cgi.post"><ent r="5" t="9" w="1429" /><ent r="5" t="9" w="1424" /></phr></stem><stem n="sslv3"><phr n="SSLv3"><ent r="6" t="9" w="1462" /><ent r="3" t="37" w="1400" /></phr></stem><stem n="(sslv3)"><phr n="(SSLv3)"><ent r="6" t="9" w="1463" /><ent r="3" t="37" w="1401" /></phr></stem><stem n="com.dartware.tcp.https.notl"><phr n="com.dartware.tcp.https.notls"><ent r="5" t="9" w="1468" /><ent r="5" t="9" w="1464" /></phr></stem><stem n="notl"><phr n="notls"><ent r="5" t="9" w="1468" /></phr></stem><stem n=".dartware.tcp.https.notls.txt"><phr n=".dartware.tcp.https.notls.txt"><ent r="5" t="9" w="1469" /></phr></stem><stem n="com.dartware.tcp.https.notls.txt"><phr n="com.dartware.tcp.https.notls.txt"><ent r="5" t="9" w="1469" /><ent r="5" t="9" w="1464" /></phr></stem><stem n="/comparison"><phr n="/Comparison"><ent r="6" t="9" w="1535" /></phr></stem><stem n="snmp/comparison"><phr n="SNMP/Comparison"><ent r="6" t="9" w="1535" /><ent r="6" t="9" w="1534" /></phr></stem><stem n="comparison"><phr n="Comparison"><ent r="6" t="9" w="1535" /><ent r="6" t="9" w="1626" /></phr><phr n="comparisons"><ent r="3" t="13" w="1840" /><ent r="3" t="14" w="423" /><ent r="3" t="17" w="31" /><ent r="3" t="17" w="224" /><ent r="4" t="17" w="253" /><ent r="3" t="17" w="289" /><ent r="3" t="17" w="372" /><ent r="4" t="17" w="433" /><ent r="4" t="24" w="239" /><ent r="3" t="27" w="314" /><ent r="4" t="34" w="410" /><ent r="3" t="34" w="703" /><ent r="3" t="37" w="1695" /></phr><phr n="comparison"><ent r="3" t="14" w="394" /><ent r="4" t="15" w="190" /><ent r="4" t="17" w="56" /><ent r="3" t="17" w="70" /><ent r="4" t="17" w="236" /><ent r="3" t="17" w="299" /><ent r="3" t="17" w="336" /><ent r="3" t="17" w="348" /><ent r="4" t="17" w="393" /><ent r="4" t="17" w="406" /><ent r="3" t="34" w="737" /></phr><phr n="Comparisons"><ent r="100" t="17" w="23" /><ent r="100" t="17" w="25" /><ent r="100" t="17" w="215" /><ent r="92" t="17" w="219" /><ent r="100" t="17" w="340" /><ent r="82" t="17" w="343" /><ent r="92" t="34" w="691" /><ent r="92" t="34" w="842" /></phr></stem><stem n="com.dartware.snmp.oidcomparison"><phr n="com.dartware.snmp.oidcomparison"><ent r="5" t="9" w="1540" /><ent r="5" t="9" w="1537" /></phr></stem><stem n="oidcomparison"><phr n="oidcomparison"><ent r="5" t="9" w="1540" /></phr></stem><stem n=".dartware.snmp.oidcomparison.txt"><phr n=".dartware.snmp.oidcomparison.txt"><ent r="5" t="9" w="1541" /></phr></stem><stem n="com.dartware.snmp.oidcomparison.txt"><phr n="com.dartware.snmp.oidcomparison.txt"><ent r="5" t="9" w="1541" /><ent r="5" t="9" w="1537" /></phr></stem><stem n="$theoid"><phr n="$theOID"><ent r="5" t="9" w="1543" /><ent r="5" t="9" w="1561" /><ent r="5" t="9" w="1579" /><ent r="5" t="9" w="1597" /><ent r="5" t="9" w="1616" /><ent r="5" t="9" w="1634" /><ent r="3" t="27" w="420" /><ent r="3" t="27" w="429" /></phr></stem><stem n="$tag"><phr n="$Tag"><ent r="5" t="9" w="1545" /><ent r="5" t="9" w="1563" /><ent r="5" t="9" w="1581" /><ent r="5" t="9" w="1599" /><ent r="5" t="9" w="1618" /><ent r="5" t="9" w="1636" /><ent r="3" t="27" w="430" /></phr></stem><stem n="$unit"><phr n="$Units"><ent r="5" t="9" w="1547" /><ent r="5" t="9" w="1565" /><ent r="5" t="9" w="1583" /><ent r="5" t="9" w="1601" /><ent r="5" t="9" w="1620" /><ent r="5" t="9" w="1638" /><ent r="3" t="27" w="422" /><ent r="3" t="27" w="431" /></phr></stem><stem n="$legend"><phr n="$Legend"><ent r="5" t="9" w="1549" /><ent r="5" t="9" w="1567" /><ent r="5" t="9" w="1585" /><ent r="5" t="9" w="1603" /><ent r="5" t="9" w="1622" /><ent r="5" t="9" w="1640" /><ent r="3" t="27" w="382" /><ent r="3" t="27" w="383" /><ent r="3" t="27" w="433" /></phr></stem><stem n="/high"><phr n="/High"><ent r="6" t="9" w="1552" /></phr></stem><stem n="snmp/high"><phr n="SNMP/High"><ent r="6" t="9" w="1552" /><ent r="6" t="9" w="1551" /></phr></stem><stem n="high"><phr n="High"><ent r="6" t="9" w="1552" /><ent r="3" t="27" w="44" /><ent r="3" t="32" w="511" /><ent r="3" t="32" w="672" /><ent r="3" t="32" w="795" /><ent r="3" t="32" w="905" /><ent r="3" t="32" w="1087" /></phr><phr n="high"><ent r="3" t="17" w="172" /><ent r="3" t="17" w="185" /><ent r="3" t="21" w="49" /><ent r="4" t="40" w="847" /><ent r="3" t="40" w="859" /><ent r="7" t="70" w="331" /></phr><phr n="HIGH"><ent r="3" t="22" w="68" /><ent r="3" t="22" w="77" /><ent r="4" t="22" w="433" /><ent r="3" t="23" w="189" /><ent r="3" t="23" w="199" /></phr></stem><stem n="com.dartware.snmp.oidhigh"><phr n="com.dartware.snmp.oidhigh"><ent r="5" t="9" w="1558" /><ent r="5" t="9" w="1555" /></phr></stem><stem n="oidhigh"><phr n="oidhigh"><ent r="5" t="9" w="1558" /></phr></stem><stem n=".dartware.snmp.oidhigh.txt"><phr n=".dartware.snmp.oidhigh.txt"><ent r="5" t="9" w="1559" /></phr></stem><stem n="com.dartware.snmp.oidhigh.txt"><phr n="com.dartware.snmp.oidhigh.txt"><ent r="5" t="9" w="1559" /><ent r="5" t="9" w="1555" /></phr></stem><stem n="/low"><phr n="/Low"><ent r="6" t="9" w="1570" /></phr></stem><stem n="snmp/low"><phr n="SNMP/Low"><ent r="6" t="9" w="1570" /><ent r="6" t="9" w="1569" /></phr></stem><stem n="low"><phr n="Low"><ent r="6" t="9" w="1570" /></phr><phr n="low"><ent r="3" t="21" w="55" /></phr></stem><stem n="com.dartware.snmp.oidlow"><phr n="com.dartware.snmp.oidlow"><ent r="5" t="9" w="1576" /><ent r="5" t="9" w="1573" /></phr></stem><stem n="oidlow"><phr n="oidlow"><ent r="5" t="9" w="1576" /></phr></stem><stem n=".dartware.snmp.oidlow.txt"><phr n=".dartware.snmp.oidlow.txt"><ent r="5" t="9" w="1577" /></phr></stem><stem n="com.dartware.snmp.oidlow.txt"><phr n="com.dartware.snmp.oidlow.txt"><ent r="5" t="9" w="1577" /><ent r="5" t="9" w="1573" /></phr></stem><stem n="/rang"><phr n="/Range"><ent r="6" t="9" w="1588" /></phr></stem><stem n="snmp/rang"><phr n="SNMP/Range"><ent r="6" t="9" w="1588" /><ent r="6" t="9" w="1587" /></phr></stem><stem n="com.dartware.snmp.oidrang"><phr n="com.dartware.snmp.oidrange"><ent r="5" t="9" w="1594" /><ent r="5" t="9" w="1591" /></phr></stem><stem n="oidrang"><phr n="oidrange"><ent r="5" t="9" w="1594" /></phr></stem><stem n=".dartware.snmp.oidrange.txt"><phr n=".dartware.snmp.oidrange.txt"><ent r="5" t="9" w="1595" /></phr></stem><stem n="com.dartware.snmp.oidrange.txt"><phr n="com.dartware.snmp.oidrange.txt"><ent r="5" t="9" w="1595" /><ent r="5" t="9" w="1591" /></phr></stem><stem n="/singl"><phr n="/Single"><ent r="6" t="9" w="1606" /></phr></stem><stem n="snmp/singl"><phr n="SNMP/Single"><ent r="6" t="9" w="1606" /><ent r="6" t="9" w="1605" /><ent r="3" t="27" w="121" /><ent r="3" t="27" w="120" /></phr></stem><stem n="oid"><phr n="OID"><ent r="6" t="9" w="1607" /><ent r="82" t="13" w="790" /><ent r="5" t="13" w="865" /><ent r="5" t="13" w="943" /><ent r="3" t="14" w="467" /><ent r="100" t="15" w="26" /><ent r="100" t="16" w="17" /><ent r="100" t="16" w="31" /><ent r="100" t="16" w="34" /><ent r="3" t="16" w="49" /><ent r="3" t="16" w="101" /><ent r="3" t="16" w="120" /><ent r="3" t="16" w="204" /><ent r="100" t="16" w="316" /><ent r="100" t="16" w="318" /><ent r="100" t="16" w="324" /><ent r="3" t="16" w="402" /><ent r="5" t="16" w="444" /><ent r="100" t="16" w="446" /><ent r="4" t="16" w="470" /><ent r="4" t="16" w="483" /><ent r="4" t="16" w="495" /><ent r="6" t="16" w="801" /><ent r="6" t="16" w="838" /><ent r="4" t="16" w="1058" /><ent r="4" t="16" w="1121" /><ent r="3" t="16" w="1173" /><ent r="4" t="16" w="1249" /><ent r="4" t="16" w="1283" /><ent r="4" t="16" w="1324" /><ent r="4" t="16" w="1333" /><ent r="4" t="16" w="1362" /><ent r="4" t="16" w="1465" /><ent r="4" t="16" w="1607" /><ent r="3" t="16" w="1709" /><ent r="3" t="16" w="2087" /><ent r="4" t="19" w="261" /><ent r="3" t="19" w="488" /><ent r="3" t="19" w="599" /><ent r="3" t="19" w="620" /><ent r="3" t="19" w="642" /><ent r="3" t="19" w="664" /><ent r="4" t="19" w="880" /><ent r="4" t="19" w="920" /><ent r="3" t="19" w="1245" /><ent r="3" t="19" w="1321" /><ent r="3" t="19" w="1408" /><ent r="4" t="19" w="1909" /><ent r="4" t="19" w="1922" /><ent r="4" t="24" w="841" /><ent r="3" t="24" w="1960" /><ent r="3" t="24" w="1986" /><ent r="4" t="24" w="2847" /><ent r="3" t="26" w="22" /><ent r="3" t="26" w="48" /><ent r="92" t="26" w="59" /><ent r="3" t="26" w="63" /><ent r="3" t="26" w="142" /><ent r="3" t="26" w="151" /><ent r="3" t="26" w="160" /><ent r="3" t="26" w="190" /><ent r="92" t="26" w="199" /><ent r="3" t="26" w="204" /><ent r="3" t="26" w="234" /><ent r="3" t="26" w="313" /><ent r="3" t="26" w="400" /><ent r="3" t="26" w="415" /><ent r="3" t="26" w="445" /><ent r="82" t="26" w="524" /><ent r="4" t="26" w="528" /><ent r="4" t="26" w="548" /><ent r="4" t="26" w="562" /><ent r="4" t="26" w="617" /><ent r="92" t="26" w="622" /><ent r="3" t="26" w="634" /><ent r="3" t="26" w="644" /><ent r="3" t="26" w="663" /><ent r="3" t="26" w="709" /><ent r="3" t="26" w="745" /><ent r="3" t="26" w="764" /><ent r="3" t="26" w="779" /><ent r="3" t="26" w="787" /><ent r="3" t="26" w="795" /><ent r="3" t="26" w="802" /><ent r="92" t="26" w="819" /><ent r="3" t="26" w="824" /><ent r="3" t="26" w="915" /><ent r="3" t="26" w="920" /><ent r="3" t="26" w="931" /><ent r="3" t="26" w="934" /><ent r="3" t="26" w="963" /><ent r="3" t="26" w="968" /><ent r="3" t="26" w="972" /><ent r="3" t="26" w="997" /><ent r="3" t="26" w="1011" /><ent r="92" t="26" w="1023" /><ent r="3" t="26" w="1047" /><ent r="3" t="27" w="11" /><ent r="3" t="27" w="56" /><ent r="3" t="27" w="106" /><ent r="3" t="27" w="122" /><ent r="3" t="27" w="143" /><ent r="3" t="27" w="171" /><ent r="3" t="27" w="199" /><ent r="3" t="27" w="229" /><ent r="3" t="27" w="357" /><ent r="3" t="27" w="387" /><ent r="4" t="29" w="127" /><ent r="4" t="29" w="133" /><ent r="4" t="29" w="471" /><ent r="3" t="29" w="516" /><ent r="3" t="29" w="589" /><ent r="3" t="29" w="676" /><ent r="5" t="31" w="206" /><ent r="4" t="31" w="222" /><ent r="4" t="31" w="293" /><ent r="4" t="31" w="298" /><ent r="3" t="32" w="1302" /><ent r="3" t="32" w="1343" /><ent r="3" t="32" w="1361" /><ent r="3" t="32" w="1379" /><ent r="3" t="32" w="1397" /><ent r="3" t="32" w="1415" /><ent r="3" t="32" w="1433" /><ent r="3" t="32" w="1451" /><ent r="3" t="32" w="1469" /><ent r="3" t="32" w="1487" /><ent r="3" t="32" w="1505" /><ent r="3" t="32" w="1595" /><ent r="3" t="32" w="1652" /><ent r="100" t="54" w="287" /><ent r="3" t="54" w="299" /><ent r="3" t="54" w="415" /><ent r="3" t="54" w="423" /><ent r="3" t="54" w="463" /><ent r="100" t="54" w="483" /><ent r="3" t="54" w="491" /><ent r="3" t="54" w="542" /><ent r="3" t="55" w="66" /><ent r="100" t="55" w="109" /><ent r="100" t="55" w="223" /><ent r="4" t="55" w="346" /><ent r="3" t="55" w="389" /><ent r="3" t="55" w="400" /><ent r="3" t="55" w="887" /><ent r="3" t="55" w="1017" /><ent r="4" t="55" w="1231" /><ent r="3" t="56" w="323" /><ent r="3" t="56" w="358" /><ent r="3" t="56" w="411" /><ent r="3" t="56" w="472" /></phr><phr n="OIDs"><ent r="3" t="16" w="194" /><ent r="100" t="16" w="329" /><ent r="3" t="16" w="334" /><ent r="65" t="16" w="1071" /><ent r="4" t="16" w="1080" /><ent r="4" t="16" w="1679" /><ent r="92" t="16" w="1687" /><ent r="3" t="16" w="1697" /><ent r="4" t="24" w="837" /><ent r="3" t="24" w="1956" /><ent r="1000" t="26" w="3" /><ent r="102" t="26" w="10" /><ent r="3" t="26" w="29" /><ent r="82" t="26" w="449" /><ent r="3" t="26" w="492" /><ent r="3" t="29" w="963" /><ent r="100" t="55" w="112" /><ent r="100" t="55" w="117" /><ent r="3" t="55" w="140" /><ent r="5" t="55" w="221" /><ent r="4" t="55" w="234" /><ent r="3" t="55" w="378" /><ent r="3" t="55" w="430" /><ent r="3" t="55" w="653" /><ent r="3" t="55" w="838" /><ent r="4" t="55" w="1223" /><ent r="3" t="56" w="202" /><ent r="3" t="56" w="581" /></phr><phr n="oid"><ent r="4" t="19" w="1237" /><ent r="4" t="19" w="1247" /><ent r="3" t="19" w="1257" /><ent r="3" t="19" w="1265" /><ent r="3" t="19" w="1277" /><ent r="3" t="19" w="1284" /><ent r="4" t="24" w="829" /><ent r="3" t="24" w="1947" /><ent r="3" t="54" w="174" /><ent r="3" t="56" w="258" /><ent r="3" t="56" w="466" /><ent r="3" t="56" w="613" /></phr></stem><stem n="viewer"><phr n="Viewer"><ent r="6" t="9" w="1608" /><ent r="4" t="19" w="933" /><ent r="3" t="19" w="951" /><ent r="3" t="27" w="57" /><ent r="3" t="27" w="107" /><ent r="3" t="27" w="123" /><ent r="3" t="27" w="144" /><ent r="1000" t="32" w="3" /><ent r="102" t="32" w="8" /><ent r="3" t="32" w="23" /><ent r="3" t="32" w="110" /><ent r="3" t="32" w="134" /><ent r="3" t="32" w="149" /><ent r="3" t="32" w="155" /><ent r="3" t="32" w="233" /></phr></stem><stem n="com.dartware.snmp.oidsingl"><phr n="com.dartware.snmp.oidsingle"><ent r="5" t="9" w="1613" /><ent r="5" t="9" w="1610" /><ent r="3" t="27" w="17" /><ent r="3" t="27" w="14" /></phr></stem><stem n="oidsingl"><phr n="oidsingle"><ent r="5" t="9" w="1613" /><ent r="3" t="27" w="17" /><ent r="3" t="27" w="101" /></phr></stem><stem n=".dartware.snmp.oidsingle.txt"><phr n=".dartware.snmp.oidsingle.txt"><ent r="5" t="9" w="1614" /></phr></stem><stem n="com.dartware.snmp.oidsingle.txt"><phr n="com.dartware.snmp.oidsingle.txt"><ent r="5" t="9" w="1614" /><ent r="5" t="9" w="1610" /><ent r="3" t="27" w="18" /><ent r="3" t="27" w="14" /></phr></stem><stem n="/string"><phr n="/String"><ent r="6" t="9" w="1625" /></phr></stem><stem n="snmp/string"><phr n="SNMP/String"><ent r="6" t="9" w="1625" /><ent r="6" t="9" w="1624" /></phr></stem><stem n="com.dartware.snmp.oidstrcomparison"><phr n="com.dartware.snmp.oidstrcomparison"><ent r="5" t="9" w="1631" /><ent r="5" t="9" w="1628" /></phr></stem><stem n="oidstrcomparison"><phr n="oidstrcomparison"><ent r="5" t="9" w="1631" /></phr></stem><stem n=".dartware.snmp.oidstrcomparison.txt"><phr n=".dartware.snmp.oidstrcomparison.txt"><ent r="5" t="9" w="1632" /></phr></stem><stem n="com.dartware.snmp.oidstrcomparison.txt"><phr n="com.dartware.snmp.oidstrcomparison.txt"><ent r="5" t="9" w="1632" /><ent r="5" t="9" w="1628" /></phr></stem><stem n=":statu"><phr n=":Status"><ent r="100" t="10" w="15" /></phr></stem><stem n="(pg"><phr n="(Pg"><ent r="128" t="10" w="62" /><ent r="128" t="10" w="77" /><ent r="128" t="10" w="92" /><ent r="128" t="10" w="106" /><ent r="126" t="24" w="690" /><ent r="126" t="24" w="711" /><ent r="125" t="28" w="350" /><ent r="126" t="37" w="1803" /><ent r="125" t="40" w="1269" /><ent r="126" t="41" w="237" /><ent r="125" t="49" w="953" /><ent r="125" t="62" w="151" /><ent r="125" t="64" w="63" /></phr></stem><stem n="pg"><phr n="Pg"><ent r="128" t="10" w="62" /><ent r="128" t="10" w="77" /><ent r="128" t="10" w="92" /><ent r="128" t="10" w="106" /><ent r="126" t="24" w="690" /><ent r="126" t="24" w="711" /><ent r="125" t="28" w="350" /><ent r="126" t="37" w="1803" /><ent r="125" t="40" w="1269" /><ent r="126" t="41" w="237" /><ent r="125" t="49" w="953" /><ent r="125" t="62" w="151" /><ent r="125" t="64" w="63" /></phr><phr n="pg"><ent r="3" t="62" w="93" /></phr></stem><stem n="window'"><phr n="window's"><ent r="3" t="10" w="196" /><ent r="3" t="10" w="195" /><ent r="3" t="10" w="208" /><ent r="3" t="10" w="207" /><ent r="3" t="20" w="71" /><ent r="3" t="20" w="70" /><ent r="3" t="20" w="83" /><ent r="3" t="20" w="82" /></phr></stem><stem n="monospac"><phr n="Monospaced"><ent r="100" t="10" w="199" /><ent r="100" t="11" w="174" /><ent r="100" t="20" w="74" /></phr><phr n="Monospace"><ent r="100" t="11" w="176" /></phr><phr n="monospace"><ent r="7" t="11" w="390" /><ent r="8" t="11" w="395" /></phr></stem><stem n="font"><phr n="font"><ent r="3" t="10" w="203" /><ent r="3" t="10" w="214" /><ent r="5" t="11" w="182" /><ent r="5" t="11" w="187" /><ent r="5" t="11" w="196" /><ent r="5" t="11" w="203" /><ent r="5" t="11" w="210" /><ent r="5" t="11" w="218" /><ent r="5" t="11" w="229" /><ent r="3" t="20" w="78" /><ent r="3" t="20" w="89" /><ent r="6" t="70" w="2077" /></phr><phr n="Fonts"><ent r="4" t="58" w="31" /><ent r="6" t="58" w="271" /><ent r="6" t="61" w="182" /><ent r="3" t="61" w="652" /><ent r="3" t="61" w="1087" /></phr><phr n="fonts"><ent r="6" t="58" w="274" /><ent r="6" t="61" w="185" /><ent r="3" t="61" w="650" /><ent r="3" t="61" w="1085" /></phr></stem><stem n="-space"><phr n="-spaced"><ent r="3" t="10" w="212" /><ent r="3" t="10" w="212" /><ent r="5" t="11" w="185" /><ent r="5" t="11" w="185" /><ent r="5" t="11" w="201" /><ent r="5" t="11" w="201" /><ent r="3" t="20" w="87" /><ent r="3" t="20" w="87" /></phr></stem><stem n="mono"><phr n="mono"><ent r="3" t="10" w="212" /><ent r="5" t="11" w="185" /><ent r="3" t="20" w="87" /></phr></stem><stem n="mono-spac"><phr n="mono-spaced"><ent r="3" t="10" w="212" /><ent r="5" t="11" w="185" /><ent r="3" t="20" w="87" /></phr></stem><stem n="align"><phr n="alignment"><ent r="3" t="10" w="216" /><ent r="3" t="20" w="91" /><ent r="3" t="24" w="1386" /></phr><phr n="align"><ent r="3" t="24" w="1403" /></phr></stem><stem n="ipinhdrerror"><phr n="IpInHdrErrors"><ent r="100" t="10" w="273" /><ent r="100" t="16" w="211" /><ent r="100" t="16" w="1146" /><ent r="100" t="20" w="148" /></phr><phr n="ipInHdrErrors"><ent r="3" t="10" w="301" /><ent r="3" t="10" w="304" /><ent r="3" t="16" w="140" /><ent r="3" t="16" w="1192" /><ent r="3" t="17" w="159" /><ent r="3" t="17" w="162" /><ent r="3" t="17" w="180" /><ent r="3" t="17" w="183" /><ent r="3" t="17" w="198" /><ent r="3" t="20" w="176" /><ent r="3" t="20" w="179" /></phr></stem><stem n="ipforwdatagram"><phr n="IpForwDatagrams"><ent r="100" t="10" w="275" /><ent r="100" t="16" w="206" /><ent r="100" t="16" w="1148" /><ent r="100" t="20" w="150" /></phr><phr n="ipForwDatagrams"><ent r="3" t="10" w="294" /><ent r="3" t="10" w="297" /><ent r="3" t="13" w="2072" /><ent r="3" t="13" w="2105" /><ent r="3" t="16" w="125" /><ent r="3" t="17" w="166" /><ent r="3" t="17" w="188" /><ent r="3" t="17" w="193" /><ent r="3" t="20" w="169" /><ent r="3" t="20" w="172" /></phr></stem><stem n="/minut"><phr n="/minute"><ent r="100" t="10" w="278" /><ent r="3" t="10" w="306" /><ent r="100" t="20" w="153" /><ent r="3" t="20" w="181" /></phr></stem><stem n="errors/minut"><phr n="Errors/minute"><ent r="100" t="10" w="278" /><ent r="100" t="10" w="277" /><ent r="100" t="20" w="153" /><ent r="100" t="20" w="152" /></phr><phr n="errors/minute"><ent r="3" t="10" w="306" /><ent r="3" t="10" w="305" /><ent r="3" t="20" w="181" /><ent r="3" t="20" w="180" /></phr></stem><stem n="datagrams/sec"><phr n="Datagrams/sec"><ent r="100" t="10" w="281" /><ent r="100" t="10" w="280" /><ent r="100" t="20" w="156" /><ent r="100" t="20" w="155" /></phr><phr n="datagrams/sec"><ent r="3" t="10" w="299" /><ent r="3" t="10" w="298" /><ent r="3" t="20" w="174" /><ent r="3" t="20" w="173" /></phr></stem><stem n="tcpcurrestab"><phr n="TcpCurrEstab"><ent r="100" t="10" w="283" /><ent r="100" t="16" w="223" /><ent r="100" t="16" w="1150" /><ent r="100" t="20" w="158" /></phr><phr n="tcpCurrEstab"><ent r="3" t="10" w="308" /><ent r="3" t="10" w="311" /><ent r="3" t="16" w="157" /><ent r="3" t="17" w="175" /><ent r="3" t="20" w="183" /><ent r="3" t="20" w="186" /></phr></stem><stem n="b5"><phr n="B5"><ent r="3" t="10" w="288" /><ent r="3" t="13" w="2547" /><ent r="3" t="14" w="630" /><ent r="3" t="20" w="163" /><ent r="3" t="20" w="434" /><ent r="3" t="22" w="1551" /><ent r="3" t="27" w="417" /><ent r="3" t="32" w="1515" /><ent r="3" t="32" w="1589" /><ent r="3" t="32" w="1639" /><ent r="100" t="39" w="17" /><ent r="3" t="39" w="601" /><ent r="3" t="45" w="203" /><ent r="3" t="48" w="255" /></phr><phr n="b5"><ent r="3" t="14" w="1122" /><ent r="3" t="49" w="655" /></phr></stem></index>