<?xml version="1.0" encoding="utf-8"?><index><stem n=".227-19(c)(2)"><phr n=".227-19(c)(2)"><ent r="3" t="1" w="547" /></phr></stem><stem n="far"><phr n="FAR"><ent r="3" t="1" w="549" /><ent r="3" t="1" w="569" /></phr><phr n="far"><ent r="4" t="24" w="2234" /></phr></stem><stem n="case"><phr n="case"><ent r="3" t="1" w="553" /><ent r="3" t="3" w="97" /><ent r="3" t="13" w="454" /><ent r="4" t="16" w="2025" /><ent r="3" t="17" w="116" /><ent r="4" t="24" w="1228" /><ent r="4" t="24" w="1238" /><ent r="3" t="26" w="321" /><ent r="3" t="26" w="368" /><ent r="4" t="35" w="340" /><ent r="4" t="35" w="669" /><ent r="4" t="35" w="689" /><ent r="4" t="35" w="800" /><ent r="4" t="35" w="1346" /><ent r="3" t="35" w="1514" /><ent r="3" t="37" w="2481" /><ent r="3" t="44" w="300" /><ent r="3" t="54" w="115" /><ent r="3" t="54" w="155" /><ent r="3" t="54" w="530" /><ent r="3" t="61" w="498" /><ent r="3" t="61" w="626" /><ent r="3" t="66" w="419" /><ent r="7" t="68" w="585" /></phr><phr n="Cases"><ent r="4" t="11" w="454" /></phr><phr n="cases"><ent r="4" t="11" w="526" /><ent r="5" t="13" w="158" /><ent r="3" t="19" w="1195" /><ent r="3" t="29" w="876" /><ent r="3" t="35" w="721" /><ent r="3" t="35" w="1028" /><ent r="3" t="55" w="69" /><ent r="3" t="64" w="220" /><ent r="6" t="68" w="402" /></phr><phr n="Case"><ent r="4" t="24" w="697" /><ent r="4" t="24" w="719" /><ent r="3" t="24" w="1009" /><ent r="3" t="24" w="1068" /><ent r="100" t="35" w="650" /><ent r="100" t="35" w="653" /><ent r="100" t="35" w="656" /><ent r="82" t="35" w="661" /><ent r="100" t="35" w="672" /><ent r="3" t="61" w="1055" /><ent r="3" t="61" w="1057" /><ent r="3" t="61" w="1062" /><ent r="3" t="61" w="1066" /><ent r="3" t="61" w="1071" /><ent r="3" t="61" w="1075" /><ent r="3" t="61" w="1079" /><ent r="3" t="61" w="1084" /><ent r="3" t="61" w="1088" /><ent r="3" t="61" w="1092" /></phr><phr n="CASE"><ent r="100" t="35" w="344" /><ent r="4" t="35" w="354" /></phr></stem><stem n="nasa"><phr n="NASA"><ent r="3" t="1" w="555" /><ent r="3" t="1" w="565" /></phr></stem><stem n="18"><phr n="18"><ent r="3" t="1" w="558" /><ent r="3" t="14" w="139" /><ent r="3" t="14" w="772" /><ent r="3" t="22" w="1198" /><ent r="3" t="22" w="1200" /><ent r="3" t="22" w="1333" /><ent r="3" t="22" w="1335" /><ent r="3" t="22" w="1350" /><ent r="3" t="22" w="1367" /><ent r="3" t="37" w="4032" /><ent r="3" t="37" w="4480" /><ent r="3" t="37" w="4608" /><ent r="3" t="49" w="776" /></phr></stem><stem n="18-52"><phr n="18-52"><ent r="3" t="1" w="558" /></phr></stem><stem n="227-86"><phr n="227-86"><ent r="3" t="1" w="560" /></phr></stem><stem n="86"><phr n="86"><ent r="3" t="1" w="561" /></phr></stem><stem n="18-52.d"><phr n="18-52.d"><ent r="3" t="1" w="562" /><ent r="3" t="1" w="559" /></phr></stem><stem n="d"><phr n="d"><ent r="3" t="1" w="562" /><ent r="3" t="14" w="679" /><ent r="3" t="14" w="1198" /><ent r="3" t="14" w="1318" /><ent r="4" t="24" w="1204" /><ent r="3" t="24" w="1534" /><ent r="4" t="24" w="1708" /><ent r="3" t="24" w="1874" /><ent r="4" t="41" w="297" /><ent r="3" t="46" w="481" /><ent r="3" t="49" w="753" /><ent r="3" t="60" w="158" /><ent r="3" t="61" w="547" /><ent r="3" t="61" w="869" /></phr></stem><stem n="-52.227-86(d)"><phr n="-52.227-86(d)"><ent r="3" t="1" w="563" /><ent r="3" t="1" w="564" /></phr></stem><stem n="supplement"><phr n="Supplement"><ent r="3" t="1" w="566" /></phr></stem><stem n="manufactur"><phr n="manufacturer"><ent r="3" t="1" w="571" /></phr></stem><stem n="-7"><phr n="-7"><ent r="3" t="1" w="575" /><ent r="3" t="1" w="575" /><ent r="3" t="1" w="728" /><ent r="3" t="1" w="728" /></phr></stem><stem n="66"><phr n="66"><ent r="3" t="1" w="575" /><ent r="3" t="1" w="728" /></phr></stem><stem n="66-7"><phr n="66-7"><ent r="3" t="1" w="575" /><ent r="3" t="1" w="728" /></phr></stem><stem n="7"><phr n="7"><ent r="3" t="1" w="576" /><ent r="3" t="1" w="729" /><ent r="8" t="11" w="344" /><ent r="4" t="19" w="1611" /><ent r="3" t="19" w="1710" /><ent r="3" t="24" w="2323" /><ent r="3" t="32" w="947" /><ent r="3" t="32" w="1698" /><ent r="3" t="35" w="422" /><ent r="3" t="35" w="433" /><ent r="3" t="40" w="1152" /><ent r="3" t="54" w="373" /><ent r="3" t="54" w="432" /><ent r="3" t="55" w="981" /></phr></stem><stem n="ben"><phr n="Benning"><ent r="3" t="1" w="577" /><ent r="3" t="1" w="730" /></phr></stem><stem n="street"><phr n="Street"><ent r="3" t="1" w="578" /><ent r="3" t="1" w="731" /></phr></stem><stem n="west"><phr n="West"><ent r="3" t="1" w="579" /><ent r="3" t="1" w="733" /></phr></stem><stem n="lebanon"><phr n="Lebanon"><ent r="3" t="1" w="580" /><ent r="3" t="1" w="734" /><ent r="4" t="49" w="86" /></phr></stem><stem n="nh"><phr n="NH"><ent r="3" t="1" w="581" /><ent r="3" t="1" w="735" /><ent r="3" t="33" w="105" /></phr></stem><stem n="03784"><phr n="03784"><ent r="3" t="1" w="582" /><ent r="3" t="1" w="736" /></phr></stem><stem n="usa"><phr n="USA"><ent r="3" t="1" w="583" /><ent r="3" t="1" w="737" /><ent r="3" t="33" w="108" /></phr></stem><stem n="new"><phr n="New"><ent r="3" t="1" w="597" /></phr><phr n="new"><ent r="3" t="3" w="553" /><ent r="3" t="3" w="559" /><ent r="3" t="11" w="108" /><ent r="3" t="13" w="585" /><ent r="3" t="14" w="310" /><ent r="3" t="14" w="959" /><ent r="4" t="19" w="800" /><ent r="4" t="21" w="243" /><ent r="3" t="21" w="329" /><ent r="3" t="21" w="444" /><ent r="3" t="21" w="465" /><ent r="3" t="21" w="691" /><ent r="4" t="22" w="692" /><ent r="4" t="22" w="720" /><ent r="4" t="22" w="740" /><ent r="3" t="28" w="266" /><ent r="3" t="28" w="285" /><ent r="3" t="32" w="52" /><ent r="3" t="34" w="733" /><ent r="3" t="37" w="4186" /><ent r="3" t="39" w="117" /><ent r="3" t="47" w="739" /><ent r="4" t="50" w="150" /><ent r="4" t="50" w="188" /><ent r="4" t="50" w="217" /><ent r="3" t="52" w="65" /><ent r="7" t="68" w="492" /><ent r="6" t="68" w="777" /><ent r="6" t="70" w="2214" /><ent r="6" t="70" w="2241" /></phr></stem><stem n="hampshir"><phr n="Hampshire"><ent r="3" t="1" w="598" /></phr></stem><stem n="court"><phr n="court"><ent r="3" t="1" w="604" /></phr></stem><stem n="compet"><phr n="competent"><ent r="3" t="1" w="606" /></phr></stem><stem n="jurisdict"><phr n="jurisdiction"><ent r="3" t="1" w="607" /></phr></stem><stem n="portion"><phr n="portion"><ent r="3" t="1" w="615" /></phr><phr n="Portions"><ent r="3" t="2" w="9" /></phr><phr n="portions"><ent r="4" t="38" w="71" /></phr></stem><stem n="thereof"><phr n="thereof"><ent r="3" t="1" w="616" /></phr></stem><stem n="unenforc"><phr n="unenforceable"><ent r="3" t="1" w="619" /></phr></stem><stem n="enforc"><phr n="enforced"><ent r="3" t="1" w="627" /><ent r="3" t="24" w="1453" /></phr></stem><stem n="maximum"><phr n="maximum"><ent r="3" t="1" w="630" /><ent r="4" t="18" w="154" /><ent r="3" t="24" w="1447" /><ent r="4" t="25" w="187" /><ent r="4" t="37" w="2283" /><ent r="3" t="46" w="41" /><ent r="3" t="55" w="429" /><ent r="3" t="55" w="835" /><ent r="3" t="56" w="355" /></phr><phr n="Maximum"><ent r="4" t="24" w="461" /></phr></stem><stem n="extent"><phr n="extent"><ent r="3" t="1" w="631" /></phr></stem><stem n="permiss"><phr n="permissible"><ent r="3" t="1" w="632" /></phr><phr n="permissions"><ent r="4" t="40" w="967" /><ent r="4" t="40" w="1026" /><ent r="3" t="65" w="289" /></phr></stem><stem n="so"><phr n="so"><ent r="3" t="1" w="633" /><ent r="3" t="7" w="267" /><ent r="3" t="7" w="335" /><ent r="3" t="10" w="215" /><ent r="3" t="14" w="104" /><ent r="3" t="14" w="227" /><ent r="3" t="14" w="1219" /><ent r="3" t="14" w="1281" /><ent r="4" t="16" w="1638" /><ent r="3" t="19" w="326" /><ent r="3" t="20" w="90" /><ent r="3" t="22" w="533" /><ent r="3" t="24" w="1391" /><ent r="4" t="35" w="833" /><ent r="4" t="35" w="845" /><ent r="4" t="37" w="423" /><ent r="4" t="37" w="2289" /><ent r="3" t="37" w="2841" /><ent r="4" t="40" w="968" /><ent r="3" t="46" w="98" /><ent r="3" t="52" w="67" /></phr><phr n="So"><ent r="3" t="42" w="104" /></phr></stem><stem n="effect"><phr n="effect"><ent r="3" t="1" w="636" /><ent r="3" t="1" w="654" /><ent r="5" t="13" w="403" /><ent r="4" t="22" w="818" /><ent r="3" t="22" w="1408" /><ent r="3" t="35" w="1694" /><ent r="4" t="37" w="2877" /><ent r="3" t="65" w="329" /></phr><phr n="effective"><ent r="3" t="4" w="752" /></phr><phr n="effectively"><ent r="6" t="70" w="2218" /><ent r="6" t="70" w="2245" /></phr></stem><stem n="intent"><phr n="intent"><ent r="3" t="1" w="638" /></phr></stem><stem n="parti"><phr n="parties"><ent r="3" t="1" w="641" /></phr><phr n="party"><ent r="1000" t="2" w="2" /><ent r="102" t="2" w="6" /><ent r="64" t="2" w="39" /></phr></stem><stem n="remaind"><phr n="remainder"><ent r="3" t="1" w="644" /><ent r="3" t="12" w="125" /><ent r="3" t="19" w="744" /><ent r="3" t="19" w="1478" /><ent r="3" t="28" w="163" /><ent r="3" t="32" w="373" /><ent r="3" t="33" w="33" /><ent r="3" t="37" w="1352" /><ent r="4" t="66" w="311" /></phr></stem><stem n="full"><phr n="full"><ent r="3" t="1" w="651" /><ent r="6" t="5" w="245" /><ent r="6" t="5" w="334" /><ent r="6" t="5" w="341" /><ent r="6" t="5" w="367" /><ent r="5" t="5" w="407" /><ent r="3" t="7" w="429" /><ent r="3" t="7" w="465" /><ent r="3" t="7" w="528" /><ent r="5" t="13" w="216" /><ent r="5" t="13" w="251" /><ent r="3" t="16" w="203" /><ent r="4" t="16" w="1606" /><ent r="4" t="19" w="918" /><ent r="3" t="19" w="1407" /><ent r="3" t="24" w="3045" /><ent r="3" t="29" w="622" /><ent r="3" t="34" w="145" /><ent r="3" t="39" w="593" /><ent r="3" t="49" w="957" /><ent r="3" t="58" w="175" /><ent r="3" t="60" w="169" /><ent r="4" t="66" w="110" /><ent r="6" t="70" w="1856" /><ent r="6" t="70" w="1866" /><ent r="6" t="70" w="1876" /></phr><phr n="Full"><ent r="4" t="24" w="1679" /><ent r="4" t="24" w="1689" /></phr></stem><stem n="forc"><phr n="force"><ent r="3" t="1" w="652" /><ent r="6" t="16" w="763" /><ent r="3" t="29" w="756" /><ent r="3" t="37" w="2725" /><ent r="3" t="49" w="731" /><ent r="4" t="65" w="336" /><ent r="6" t="68" w="688" /></phr><phr n="forces"><ent r="3" t="14" w="1061" /><ent r="3" t="44" w="768" /><ent r="3" t="48" w="206" /><ent r="6" t="68" w="769" /></phr></stem><stem n="understand"><phr n="understand"><ent r="3" t="1" w="666" /><ent r="3" t="14" w="231" /><ent r="3" t="29" w="855" /></phr></stem><stem n="condit"><phr n="conditions"><ent r="3" t="1" w="677" /><ent r="4" t="3" w="483" /><ent r="4" t="4" w="380" /><ent r="3" t="21" w="22" /><ent r="3" t="21" w="66" /><ent r="3" t="34" w="462" /><ent r="3" t="34" w="474" /><ent r="3" t="49" w="133" /><ent r="3" t="55" w="1175" /></phr><phr n="Conditional"><ent r="3" t="13" w="1937" /><ent r="100" t="24" w="327" /><ent r="4" t="24" w="330" /><ent r="3" t="26" w="53" /><ent r="92" t="26" w="818" /><ent r="3" t="26" w="930" /></phr><phr n="condition"><ent r="3" t="14" w="125" /><ent r="3" t="14" w="913" /><ent r="3" t="15" w="102" /><ent r="3" t="16" w="1958" /><ent r="4" t="17" w="62" /><ent r="3" t="17" w="286" /><ent r="3" t="17" w="325" /><ent r="3" t="21" w="57" /><ent r="3" t="21" w="137" /><ent r="4" t="21" w="244" /><ent r="3" t="21" w="304" /><ent r="4" t="21" w="884" /><ent r="3" t="22" w="34" /><ent r="5" t="22" w="393" /><ent r="4" t="22" w="399" /><ent r="4" t="22" w="418" /><ent r="5" t="22" w="424" /><ent r="4" t="22" w="850" /><ent r="3" t="22" w="994" /><ent r="3" t="22" w="995" /><ent r="3" t="22" w="1003" /><ent r="3" t="22" w="1025" /><ent r="3" t="22" w="1088" /><ent r="3" t="22" w="1089" /><ent r="3" t="22" w="1106" /><ent r="3" t="22" w="1562" /><ent r="3" t="22" w="1570" /><ent r="3" t="22" w="1578" /><ent r="3" t="33" w="288" /><ent r="3" t="34" w="48" /><ent r="4" t="35" w="305" /><ent r="4" t="35" w="1134" /><ent r="4" t="37" w="533" /><ent r="4" t="37" w="544" /><ent r="4" t="37" w="707" /><ent r="3" t="37" w="1490" /><ent r="3" t="37" w="1529" /><ent r="3" t="37" w="1580" /><ent r="5" t="37" w="1835" /><ent r="3" t="37" w="3391" /><ent r="4" t="40" w="788" /><ent r="3" t="47" w="137" /><ent r="3" t="47" w="186" /><ent r="4" t="47" w="792" /><ent r="3" t="48" w="85" /><ent r="3" t="54" w="178" /></phr><phr n="conditional"><ent r="3" t="16" w="2154" /><ent r="3" t="26" w="823" /><ent r="3" t="26" w="1010" /><ent r="3" t="37" w="1741" /></phr><phr n="Condition"><ent r="3" t="22" w="37" /><ent r="3" t="22" w="54" /><ent r="3" t="22" w="57" /><ent r="5" t="22" w="149" /><ent r="5" t="22" w="222" /><ent r="4" t="22" w="235" /><ent r="3" t="23" w="174" /><ent r="3" t="23" w="177" /><ent r="3" t="32" w="1234" /><ent r="3" t="32" w="1618" /><ent r="4" t="47" w="512" /><ent r="8" t="70" w="968" /></phr><phr n="Conditions"><ent r="100" t="55" w="1165" /><ent r="72" t="55" w="1168" /></phr></stem><stem n="further"><phr n="further"><ent r="3" t="1" w="679" /><ent r="3" t="14" w="81" /><ent r="3" t="17" w="288" /><ent r="3" t="20" w="316" /><ent r="3" t="21" w="411" /><ent r="3" t="27" w="37" /><ent r="3" t="46" w="248" /><ent r="3" t="49" w="507" /></phr></stem><stem n="complet"><phr n="complete"><ent r="3" t="1" w="685" /><ent r="6" t="16" w="856" /><ent r="3" t="26" w="662" /><ent r="3" t="28" w="272" /><ent r="3" t="29" w="773" /></phr><phr n="completely"><ent r="3" t="28" w="323" /></phr><phr n="completed"><ent r="3" t="56" w="404" /></phr></stem><stem n="exclus"><phr n="exclusive"><ent r="3" t="1" w="687" /><ent r="4" t="24" w="526" /><ent r="4" t="55" w="242" /></phr></stem><stem n="statement"><phr n="statement"><ent r="3" t="1" w="688" /><ent r="6" t="5" w="279" /><ent r="3" t="7" w="411" /><ent r="3" t="34" w="700" /><ent r="3" t="34" w="721" /><ent r="3" t="34" w="873" /><ent r="3" t="34" w="1083" /><ent r="3" t="35" w="412" /><ent r="3" t="35" w="438" /><ent r="3" t="35" w="1037" /><ent r="4" t="35" w="1074" /><ent r="4" t="35" w="1118" /><ent r="3" t="35" w="1289" /><ent r="3" t="35" w="1292" /><ent r="3" t="35" w="1533" /><ent r="3" t="35" w="1538" /><ent r="3" t="35" w="1583" /><ent r="65" t="37" w="573" /><ent r="4" t="37" w="580" /><ent r="4" t="37" w="1244" /><ent r="3" t="37" w="1260" /><ent r="3" t="37" w="1628" /><ent r="4" t="37" w="1894" /><ent r="4" t="37" w="1907" /><ent r="3" t="37" w="2010" /><ent r="3" t="37" w="2085" /><ent r="4" t="37" w="2107" /><ent r="3" t="37" w="2121" /><ent r="3" t="37" w="2129" /><ent r="3" t="37" w="2384" /><ent r="3" t="37" w="2487" /><ent r="3" t="37" w="2936" /><ent r="3" t="37" w="3302" /><ent r="3" t="37" w="4257" /><ent r="3" t="37" w="4295" /><ent r="3" t="37" w="4308" /><ent r="3" t="37" w="4425" /><ent r="3" t="37" w="4454" /><ent r="3" t="37" w="4502" /><ent r="3" t="37" w="4577" /><ent r="3" t="37" w="4607" /><ent r="3" t="37" w="4610" /></phr><phr n="statements"><ent r="3" t="34" w="689" /><ent r="3" t="35" w="96" /><ent r="3" t="35" w="1252" /><ent r="3" t="35" w="1264" /><ent r="3" t="35" w="1688" /><ent r="3" t="37" w="222" /></phr><phr n="Statement"><ent r="3" t="37" w="4496" /></phr></stem><stem n="superced"><phr n="supercedes"><ent r="3" t="1" w="698" /><ent r="3" t="37" w="3770" /></phr></stem><stem n="propos"><phr n="proposals"><ent r="3" t="1" w="700" /></phr></stem><stem n="prior"><phr n="prior"><ent r="3" t="1" w="702" /><ent r="5" t="13" w="1466" /></phr><phr n="Prior"><ent r="3" t="11" w="76" /></phr></stem><stem n="oral"><phr n="oral"><ent r="3" t="1" w="704" /></phr></stem><stem n="written"><phr n="written"><ent r="3" t="1" w="706" /><ent r="4" t="4" w="519" /><ent r="5" t="13" w="386" /><ent r="4" t="13" w="2386" /><ent r="3" t="13" w="2419" /><ent r="3" t="17" w="304" /><ent r="3" t="21" w="793" /><ent r="3" t="37" w="4299" /><ent r="3" t="40" w="40" /><ent r="3" t="40" w="315" /><ent r="4" t="40" w="980" /><ent r="4" t="41" w="335" /><ent r="3" t="44" w="170" /><ent r="3" t="44" w="307" /><ent r="3" t="47" w="156" /><ent r="4" t="47" w="787" /><ent r="4" t="55" w="749" /><ent r="3" t="56" w="159" /><ent r="3" t="59" w="314" /><ent r="4" t="64" w="139" /></phr></stem><stem n="commun"><phr n="communications"><ent r="3" t="1" w="710" /></phr><phr n="community"><ent r="5" t="13" w="854" /><ent r="3" t="22" w="1178" /><ent r="4" t="54" w="242" /><ent r="3" t="55" w="134" /><ent r="5" t="55" w="175" /><ent r="4" t="55" w="188" /><ent r="4" t="55" w="440" /><ent r="3" t="55" w="495" /></phr><phr n="Community"><ent r="3" t="29" w="669" /><ent r="3" t="32" w="1296" /></phr><phr n="communication"><ent r="3" t="41" w="500" /></phr></stem><stem n="subject"><phr n="subject"><ent r="3" t="1" w="719" /></phr></stem><stem n="matter"><phr n="matter"><ent r="3" t="1" w="720" /><ent r="4" t="49" w="196" /></phr></stem><stem n="voic"><phr n="Voice"><ent r="3" t="1" w="739" /></phr></stem><stem n="603"><phr n="603"><ent r="3" t="1" w="740" /><ent r="3" t="1" w="744" /><ent r="3" t="33" w="111" /></phr></stem><stem n="603-643"><phr n="603-643"><ent r="3" t="1" w="740" /><ent r="3" t="1" w="744" /></phr></stem><stem n="603-643-2268"><phr n="603-643-2268"><ent r="3" t="1" w="740" /></phr></stem><stem n="643"><phr n="643"><ent r="3" t="1" w="741" /><ent r="3" t="1" w="745" /><ent r="3" t="33" w="112" /></phr></stem><stem n="643-2268"><phr n="643-2268"><ent r="3" t="1" w="741" /></phr></stem><stem n="2268"><phr n="2268"><ent r="3" t="1" w="742" /></phr></stem><stem n="-643-2268;"><phr n="-643-2268;"><ent r="3" t="1" w="743" /><ent r="3" t="1" w="744" /></phr></stem><stem n="fax"><phr n="Fax"><ent r="3" t="1" w="743" /></phr></stem><stem n="-643-2289"><phr n="-643-2289"><ent r="3" t="1" w="744" /><ent r="3" t="1" w="745" /></phr></stem><stem n="603-643-2289"><phr n="603-643-2289"><ent r="3" t="1" w="744" /></phr></stem><stem n="643-2289"><phr n="643-2289"><ent r="3" t="1" w="745" /></phr></stem><stem n="2289"><phr n="2289"><ent r="3" t="1" w="746" /></phr></stem><stem n="www"><phr n="www"><ent r="64" t="1" w="751" /><ent r="7" t="11" w="399" /><ent r="7" t="11" w="405" /><ent r="7" t="11" w="411" /><ent r="4" t="11" w="482" /><ent r="3" t="14" w="67" /><ent r="3" t="20" w="303" /><ent r="64" t="26" w="471" /><ent r="3" t="27" w="24" /><ent r="3" t="32" w="34" /><ent r="3" t="32" w="344" /><ent r="3" t="32" w="361" /><ent r="64" t="45" w="232" /><ent r="3" t="46" w="235" /><ent r="64" t="47" w="28" /><ent r="64" t="47" w="226" /><ent r="64" t="47" w="707" /><ent r="3" t="48" w="181" /><ent r="3" t="49" w="572" /><ent r="3" t="49" w="579" /><ent r="3" t="49" w="690" /><ent r="3" t="49" w="790" /><ent r="3" t="55" w="966" /><ent r="7" t="70" w="2054" /><ent r="7" t="70" w="2122" /></phr></stem><stem n="www.intermapp"><phr n="www.intermapper"><ent r="64" t="1" w="752" /><ent r="64" t="1" w="751" /><ent r="3" t="14" w="68" /><ent r="3" t="14" w="67" /><ent r="3" t="20" w="304" /><ent r="3" t="20" w="303" /><ent r="3" t="27" w="25" /><ent r="3" t="27" w="24" /><ent r="3" t="32" w="35" /><ent r="3" t="32" w="34" /><ent r="3" t="46" w="236" /><ent r="3" t="46" w="235" /></phr></stem><stem n="://www.intermapper.com"><phr n="://www.intermapper.com"><ent r="64" t="1" w="753" /></phr></stem><stem n="www.intermapper.com"><phr n="www.intermapper.com"><ent r="64" t="1" w="753" /><ent r="64" t="1" w="751" /><ent r="3" t="14" w="69" /><ent r="3" t="14" w="67" /><ent r="3" t="20" w="305" /><ent r="3" t="20" w="303" /><ent r="3" t="27" w="26" /><ent r="3" t="27" w="24" /><ent r="3" t="32" w="36" /><ent r="3" t="32" w="34" /><ent r="3" t="46" w="237" /><ent r="3" t="46" w="235" /></phr></stem><stem n="com"><phr n="com"><ent r="64" t="1" w="753" /><ent r="6" t="5" w="288" /><ent r="6" t="5" w="344" /><ent r="3" t="5" w="750" /><ent r="4" t="5" w="1306" /><ent r="5" t="5" w="1358" /><ent r="3" t="5" w="1418" /><ent r="5" t="9" w="53" /><ent r="5" t="9" w="114" /><ent r="5" t="9" w="136" /><ent r="5" t="9" w="195" /><ent r="5" t="9" w="261" /><ent r="5" t="9" w="336" /><ent r="5" t="9" w="392" /><ent r="5" t="9" w="447" /><ent r="5" t="9" w="540" /><ent r="5" t="9" w="598" /><ent r="5" t="9" w="653" /><ent r="5" t="9" w="758" /><ent r="5" t="9" w="789" /><ent r="5" t="9" w="819" /><ent r="5" t="9" w="843" /><ent r="5" t="9" w="881" /><ent r="5" t="9" w="911" /><ent r="5" t="9" w="942" /><ent r="5" t="9" w="998" /><ent r="5" t="9" w="1042" /><ent r="5" t="9" w="1087" /><ent r="5" t="9" w="1130" /><ent r="5" t="9" w="1166" /><ent r="5" t="9" w="1190" /><ent r="5" t="9" w="1229" /><ent r="5" t="9" w="1269" /><ent r="5" t="9" w="1308" /><ent r="5" t="9" w="1346" /><ent r="5" t="9" w="1385" /><ent r="5" t="9" w="1424" /><ent r="5" t="9" w="1464" /><ent r="5" t="9" w="1503" /><ent r="5" t="9" w="1537" /><ent r="5" t="9" w="1555" /><ent r="5" t="9" w="1573" /><ent r="5" t="9" w="1591" /><ent r="5" t="9" w="1610" /><ent r="5" t="9" w="1628" /><ent r="7" t="11" w="401" /><ent r="7" t="11" w="407" /><ent r="7" t="11" w="413" /><ent r="4" t="11" w="484" /><ent r="3" t="14" w="57" /><ent r="3" t="14" w="69" /><ent r="3" t="14" w="156" /><ent r="3" t="14" w="735" /><ent r="3" t="14" w="784" /><ent r="3" t="20" w="294" /><ent r="3" t="20" w="305" /><ent r="3" t="20" w="330" /><ent r="3" t="22" w="1288" /><ent r="3" t="27" w="14" /><ent r="3" t="27" w="26" /><ent r="3" t="27" w="84" /><ent r="3" t="27" w="96" /><ent r="3" t="32" w="25" /><ent r="3" t="32" w="36" /><ent r="3" t="32" w="125" /><ent r="3" t="33" w="118" /><ent r="3" t="39" w="97" /><ent r="3" t="39" w="129" /><ent r="4" t="44" w="214" /><ent r="4" t="44" w="285" /><ent r="3" t="44" w="435" /><ent r="3" t="44" w="455" /><ent r="3" t="44" w="714" /><ent r="3" t="45" w="87" /><ent r="3" t="45" w="105" /><ent r="3" t="46" w="225" /><ent r="3" t="46" w="237" /><ent r="3" t="46" w="304" /><ent r="3" t="48" w="16" /><ent r="3" t="48" w="34" /><ent r="3" t="49" w="487" /><ent r="3" t="49" w="516" /><ent r="64" t="52" w="83" /><ent r="65" t="52" w="130" /><ent r="3" t="54" w="133" /><ent r="3" t="55" w="930" /><ent r="3" t="55" w="947" /><ent r="3" t="55" w="968" /><ent r="3" t="61" w="312" /><ent r="3" t="61" w="391" /><ent r="64" t="62" w="117" /><ent r="64" t="63" w="45" /><ent r="7" t="70" w="2056" /><ent r="7" t="70" w="2124" /><ent r="3" t="71" w="150" /><ent r="3" t="71" w="208" /><ent r="3" t="71" w="284" /><ent r="100" t="71" w="428" /><ent r="4" t="71" w="433" /><ent r="3" t="71" w="445" /><ent r="3" t="71" w="458" /><ent r="3" t="71" w="472" /><ent r="64" t="75" w="32" /><ent r="4" t="78" w="118" /><ent r="5" t="78" w="170" /><ent r="3" t="78" w="230" /></phr><phr n="Com"><ent r="100" t="5" w="284" /><ent r="100" t="5" w="315" /><ent r="100" t="5" w="1261" /><ent r="100" t="5" w="1353" /><ent r="100" t="39" w="84" /><ent r="100" t="39" w="90" /><ent r="100" t="78" w="73" /><ent r="100" t="78" w="165" /></phr></stem><stem n="-parti"><phr n="-party"><ent r="1000" t="2" w="1" /><ent r="1000" t="2" w="1" /><ent r="102" t="2" w="5" /><ent r="102" t="2" w="5" /><ent r="64" t="2" w="38" /><ent r="64" t="2" w="38" /></phr></stem><stem n="third"><phr n="Third"><ent r="1000" t="2" w="1" /><ent r="102" t="2" w="5" /><ent r="64" t="2" w="38" /><ent r="3" t="20" w="254" /><ent r="3" t="20" w="461" /><ent r="3" t="20" w="496" /><ent r="3" t="20" w="558" /></phr><phr n="third"><ent r="4" t="19" w="792" /><ent r="4" t="24" w="3027" /><ent r="3" t="37" w="1464" /><ent r="6" t="70" w="1941" /></phr></stem><stem n="third-parti"><phr n="Third-party"><ent r="1000" t="2" w="1" /><ent r="102" t="2" w="5" /><ent r="64" t="2" w="38" /></phr></stem><stem n="util"><phr n="utilize"><ent r="3" t="2" w="16" /></phr><phr n="utility"><ent r="3" t="3" w="128" /><ent r="5" t="13" w="223" /><ent r="3" t="40" w="1219" /><ent r="3" t="41" w="456" /></phr><phr n="utilization"><ent r="3" t="13" w="2543" /><ent r="3" t="15" w="73" /><ent r="4" t="19" w="185" /><ent r="7" t="70" w="332" /></phr><phr n="Utilization"><ent r="3" t="13" w="2554" /></phr></stem><stem n="open"><phr n="open"><ent r="3" t="2" w="20" /><ent r="4" t="3" w="521" /><ent r="3" t="4" w="58" /><ent r="3" t="14" w="1251" /><ent r="3" t="49" w="826" /><ent r="4" t="56" w="786" /><ent r="4" t="56" w="799" /></phr><phr n="opening"><ent r="4" t="11" w="472" /></phr><phr n="opens"><ent r="4" t="11" w="530" /><ent r="3" t="19" w="1804" /><ent r="3" t="56" w="707" /></phr><phr n="opened"><ent r="4" t="22" w="643" /><ent r="6" t="68" w="774" /></phr><phr n="Open"><ent r="3" t="44" w="882" /><ent r="5" t="50" w="108" /><ent r="4" t="50" w="139" /><ent r="100" t="54" w="312" /><ent r="3" t="54" w="314" /><ent r="3" t="54" w="471" /><ent r="3" t="61" w="1205" /><ent r="3" t="61" w="1374" /></phr><phr n="opener"><ent r="3" t="49" w="814" /><ent r="3" t="49" w="817" /><ent r="3" t="49" w="825" /></phr></stem><stem n="sourc"><phr n="source"><ent r="3" t="2" w="21" /><ent r="4" t="3" w="522" /><ent r="4" t="40" w="991" /><ent r="3" t="64" w="378" /></phr><phr n="Source"><ent r="3" t="28" w="86" /><ent r="3" t="32" w="1249" /><ent r="3" t="32" w="1626" /></phr><phr n="sources"><ent r="3" t="64" w="426" /></phr></stem><stem n="oss"><phr n="OSS"><ent r="3" t="2" w="23" /></phr></stem><stem n="(oss),"><phr n="(OSS),"><ent r="3" t="2" w="24" /></phr></stem><stem n="inform"><phr n="information"><ent r="3" t="2" w="34" /><ent r="3" t="3" w="579" /><ent r="4" t="4" w="329" /><ent r="6" t="5" w="394" /><ent r="5" t="13" w="400" /><ent r="5" t="13" w="738" /><ent r="3" t="15" w="370" /><ent r="4" t="15" w="454" /><ent r="4" t="15" w="505" /><ent r="4" t="15" w="514" /><ent r="3" t="16" w="253" /><ent r="3" t="16" w="278" /><ent r="4" t="16" w="433" /><ent r="4" t="16" w="1099" /><ent r="3" t="19" w="20" /><ent r="3" t="19" w="29" /><ent r="3" t="19" w="51" /><ent r="3" t="19" w="64" /><ent r="4" t="19" w="192" /><ent r="4" t="19" w="225" /><ent r="4" t="19" w="241" /><ent r="3" t="19" w="284" /><ent r="3" t="19" w="335" /><ent r="4" t="19" w="836" /><ent r="3" t="22" w="321" /><ent r="3" t="22" w="494" /><ent r="3" t="22" w="541" /><ent r="4" t="22" w="666" /><ent r="4" t="22" w="689" /><ent r="4" t="22" w="741" /><ent r="3" t="24" w="2752" /><ent r="3" t="26" w="1071" /><ent r="3" t="28" w="49" /><ent r="3" t="28" w="72" /><ent r="3" t="28" w="250" /><ent r="3" t="30" w="47" /><ent r="3" t="31" w="326" /><ent r="3" t="32" w="328" /><ent r="4" t="34" w="340" /><ent r="3" t="34" w="415" /><ent r="3" t="34" w="594" /><ent r="3" t="34" w="826" /><ent r="4" t="35" w="1361" /><ent r="3" t="36" w="26" /><ent r="4" t="37" w="435" /><ent r="3" t="37" w="988" /><ent r="3" t="37" w="1115" /><ent r="4" t="37" w="1968" /><ent r="3" t="37" w="2438" /><ent r="3" t="37" w="2853" /><ent r="3" t="40" w="274" /><ent r="3" t="40" w="481" /><ent r="3" t="40" w="577" /><ent r="3" t="40" w="660" /><ent r="3" t="40" w="878" /><ent r="3" t="41" w="24" /><ent r="4" t="41" w="75" /><ent r="4" t="41" w="229" /><ent r="4" t="41" w="382" /><ent r="3" t="45" w="222" /><ent r="3" t="47" w="155" /><ent r="3" t="47" w="222" /><ent r="3" t="47" w="536" /><ent r="3" t="47" w="697" /><ent r="3" t="48" w="177" /><ent r="3" t="49" w="152" /><ent r="3" t="49" w="167" /><ent r="3" t="49" w="702" /><ent r="3" t="53" w="101" /><ent r="3" t="54" w="216" /><ent r="4" t="55" w="265" /><ent r="4" t="55" w="797" /><ent r="3" t="59" w="55" /><ent r="3" t="59" w="285" /><ent r="3" t="59" w="355" /><ent r="3" t="64" w="56" /><ent r="3" t="65" w="115" /><ent r="4" t="65" w="227" /><ent r="4" t="66" w="176" /><ent r="3" t="66" w="429" /><ent r="4" t="66" w="588" /><ent r="4" t="66" w="602" /><ent r="4" t="66" w="616" /><ent r="3" t="66" w="652" /><ent r="6" t="68" w="203" /><ent r="6" t="68" w="805" /><ent r="4" t="70" w="25" /><ent r="4" t="70" w="41" /><ent r="3" t="70" w="232" /><ent r="3" t="71" w="267" /><ent r="3" t="71" w="275" /><ent r="3" t="71" w="342" /><ent r="3" t="72" w="36" /><ent r="3" t="74" w="60" /></phr><phr n="Information"><ent r="82" t="4" w="692" /><ent r="3" t="5" w="57" /><ent r="3" t="19" w="576" /><ent r="3" t="32" w="1516" /><ent r="100" t="39" w="20" /><ent r="3" t="39" w="604" /><ent r="3" t="45" w="206" /></phr></stem></index>