<?xml version="1.0" encoding="utf-8"?><index><stem n="exit_cod"><phr n="exit_code"><ent r="5" t="13" w="185" /><ent r="5" t="13" w="184" /><ent r="5" t="13" w="201" /><ent r="5" t="13" w="200" /></phr><phr n="EXIT_CODE"><ent r="3" t="14" w="1095" /><ent r="3" t="14" w="1094" /><ent r="3" t="14" w="1100" /><ent r="3" t="14" w="1099" /><ent r="3" t="14" w="1105" /><ent r="3" t="14" w="1104" /><ent r="3" t="14" w="1110" /><ent r="3" t="14" w="1109" /><ent r="3" t="14" w="1115" /><ent r="3" t="14" w="1114" /><ent r="100" t="42" w="46" /><ent r="100" t="42" w="45" /><ent r="3" t="42" w="103" /><ent r="3" t="42" w="102" /><ent r="4" t="42" w="115" /><ent r="4" t="42" w="114" /><ent r="3" t="44" w="547" /><ent r="3" t="44" w="546" /><ent r="3" t="44" w="552" /><ent r="3" t="44" w="551" /><ent r="3" t="44" w="557" /><ent r="3" t="44" w="556" /><ent r="3" t="44" w="562" /><ent r="3" t="44" w="561" /><ent r="3" t="44" w="567" /><ent r="3" t="44" w="566" /><ent r="3" t="44" w="803" /><ent r="3" t="44" w="802" /><ent r="3" t="44" w="808" /><ent r="3" t="44" w="807" /><ent r="3" t="44" w="813" /><ent r="3" t="44" w="812" /><ent r="3" t="44" w="818" /><ent r="3" t="44" w="817" /><ent r="3" t="44" w="823" /><ent r="3" t="44" w="822" /><ent r="3" t="45" w="186" /><ent r="3" t="45" w="185" /><ent r="3" t="45" w="191" /><ent r="3" t="45" w="190" /><ent r="3" t="45" w="196" /><ent r="3" t="45" w="195" /><ent r="3" t="46" w="393" /><ent r="3" t="46" w="392" /><ent r="3" t="46" w="398" /><ent r="3" t="46" w="397" /><ent r="3" t="46" w="403" /><ent r="3" t="46" w="402" /><ent r="3" t="46" w="408" /><ent r="3" t="46" w="407" /><ent r="3" t="48" w="233" /><ent r="3" t="48" w="232" /><ent r="3" t="48" w="238" /><ent r="3" t="48" w="237" /><ent r="3" t="48" w="243" /><ent r="3" t="48" w="242" /><ent r="3" t="48" w="248" /><ent r="3" t="48" w="247" /><ent r="3" t="49" w="627" /><ent r="3" t="49" w="626" /><ent r="3" t="49" w="632" /><ent r="3" t="49" w="631" /><ent r="3" t="49" w="637" /><ent r="3" t="49" w="636" /><ent r="3" t="49" w="642" /><ent r="3" t="49" w="641" /><ent r="3" t="49" w="647" /><ent r="3" t="49" w="646" /></phr></stem><stem n="{exit_code}"><phr n="{exit_code}"><ent r="5" t="13" w="186" /><ent r="5" t="13" w="202" /></phr><phr n="{EXIT_CODE}"><ent r="4" t="42" w="116" /><ent r="3" t="44" w="819" /><ent r="3" t="45" w="187" /><ent r="3" t="45" w="192" /><ent r="3" t="45" w="197" /></phr></stem><stem n="cscript"><phr n="cscript"><ent r="5" t="13" w="211" /><ent r="5" t="13" w="221" /></phr><phr n="Cscript"><ent r="92" t="44" w="694" /></phr><phr n="CSCRIPT"><ent r="3" t="44" w="777" /></phr></stem><stem n="{cscript}"><phr n="{cscript}"><ent r="5" t="13" w="212" /></phr></stem><stem n=".ex"><phr n=".exe"><ent r="5" t="13" w="222" /><ent r="3" t="22" w="1175" /><ent r="4" t="41" w="279" /></phr></stem><stem n="cscript.ex"><phr n="cscript.exe"><ent r="5" t="13" w="222" /><ent r="5" t="13" w="221" /></phr></stem><stem n="ex"><phr n="exe"><ent r="5" t="13" w="222" /><ent r="3" t="22" w="1175" /><ent r="4" t="41" w="279" /><ent r="5" t="46" w="133" /></phr></stem><stem n="/nologo"><phr n="/nologo"><ent r="5" t="13" w="228" /></phr></stem><stem n="nologo"><phr n="nologo"><ent r="5" t="13" w="228" /></phr></stem><stem n="python"><phr n="python"><ent r="5" t="13" w="246" /><ent r="5" t="13" w="255" /><ent r="3" t="14" w="1145" /><ent r="3" t="44" w="235" /><ent r="64" t="46" w="80" /><ent r="5" t="46" w="116" /><ent r="5" t="46" w="131" /><ent r="3" t="46" w="227" /><ent r="3" t="46" w="308" /><ent r="3" t="46" w="427" /><ent r="4" t="49" w="190" /><ent r="64" t="49" w="983" /><ent r="64" t="49" w="995" /></phr><phr n="Python"><ent r="3" t="14" w="834" /><ent r="3" t="14" w="977" /><ent r="100" t="40" w="935" /><ent r="4" t="40" w="961" /><ent r="92" t="44" w="429" /><ent r="1000" t="46" w="2" /><ent r="102" t="46" w="6" /><ent r="3" t="46" w="15" /><ent r="3" t="46" w="33" /><ent r="3" t="46" w="55" /><ent r="3" t="46" w="73" /><ent r="3" t="46" w="87" /><ent r="4" t="46" w="183" /><ent r="3" t="46" w="202" /><ent r="3" t="46" w="223" /><ent r="3" t="46" w="272" /><ent r="3" t="46" w="312" /><ent r="3" t="46" w="324" /><ent r="3" t="46" w="330" /><ent r="3" t="46" w="344" /><ent r="3" t="46" w="347" /><ent r="3" t="46" w="432" /><ent r="3" t="46" w="437" /><ent r="3" t="49" w="123" /><ent r="4" t="49" w="224" /><ent r="4" t="49" w="370" /><ent r="5" t="49" w="439" /><ent r="3" t="49" w="962" /><ent r="4" t="49" w="975" /><ent r="4" t="49" w="1006" /><ent r="3" t="49" w="1016" /><ent r="3" t="60" w="206" /><ent r="3" t="75" w="48" /></phr><phr n="PYTHON"><ent r="3" t="14" w="1070" /><ent r="3" t="44" w="243" /><ent r="3" t="44" w="248" /><ent r="3" t="44" w="513" /><ent r="4" t="46" w="144" /><ent r="3" t="46" w="295" /><ent r="3" t="46" w="379" /><ent r="4" t="49" w="181" /><ent r="5" t="49" w="212" /><ent r="3" t="49" w="601" /><ent r="64" t="49" w="950" /></phr></stem><stem n="{python}"><phr n="{python}"><ent r="5" t="13" w="247" /></phr><phr n="{PYTHON}"><ent r="3" t="44" w="244" /><ent r="4" t="46" w="145" /><ent r="3" t="46" w="296" /><ent r="4" t="49" w="182" /><ent r="64" t="49" w="951" /></phr></stem><stem n="interpret"><phr n="interpreter"><ent r="5" t="13" w="256" /><ent r="3" t="46" w="16" /><ent r="3" t="46" w="21" /><ent r="3" t="46" w="34" /><ent r="3" t="46" w="88" /><ent r="3" t="46" w="100" /><ent r="4" t="46" w="162" /><ent r="3" t="46" w="438" /><ent r="4" t="49" w="191" /><ent r="3" t="49" w="963" /></phr><phr n="interpret"><ent r="3" t="19" w="333" /><ent r="4" t="34" w="296" /><ent r="3" t="35" w="39" /></phr><phr n="interpreted"><ent r="4" t="24" w="820" /><ent r="3" t="24" w="1905" /><ent r="100" t="40" w="933" /><ent r="4" t="40" w="987" /><ent r="3" t="68" w="15" /><ent r="4" t="69" w="222" /></phr><phr n="interprets"><ent r="3" t="47" w="153" /></phr><phr n="interpretation"><ent r="3" t="77" w="56" /></phr></stem><stem n="datacent"><phr n="DataCenter"><ent r="5" t="13" w="262" /><ent r="3" t="46" w="10" /><ent r="3" t="46" w="47" /><ent r="4" t="49" w="194" /><ent r="4" t="49" w="241" /></phr></stem><stem n="necessari"><phr n="necessary"><ent r="5" t="13" w="268" /><ent r="3" t="14" w="226" /><ent r="3" t="24" w="1460" /><ent r="4" t="26" w="535" /><ent r="4" t="50" w="63" /></phr></stem><stem n="normal"><phr n="normal"><ent r="5" t="13" w="273" /><ent r="5" t="21" w="188" /><ent r="3" t="22" w="630" /><ent r="3" t="22" w="1471" /><ent r="4" t="38" w="379" /><ent r="6" t="70" w="424" /></phr><phr n="Normally"><ent r="3" t="13" w="2382" /><ent r="3" t="26" w="646" /></phr><phr n="Normal"><ent r="5" t="22" w="660" /></phr><phr n="normally"><ent r="3" t="29" w="1061" /><ent r="3" t="37" w="4177" /></phr></stem><stem n="taken"><phr n="taken"><ent r="5" t="13" w="314" /><ent r="5" t="13" w="640" /><ent r="5" t="13" w="1286" /><ent r="3" t="21" w="430" /><ent r="3" t="34" w="1018" /></phr></stem><stem n="deviceaddress"><phr n="deviceaddress"><ent r="5" t="13" w="323" /><ent r="5" t="13" w="649" /><ent r="5" t="13" w="1295" /><ent r="7" t="70" w="880" /></phr><phr n="Deviceaddress"><ent r="100" t="70" w="877" /></phr></stem><stem n="{deviceaddress}"><phr n="{deviceaddress}"><ent r="5" t="13" w="324" /><ent r="5" t="13" w="650" /><ent r="5" t="13" w="1296" /><ent r="7" t="70" w="881" /></phr></stem><stem n="{eval:}"><phr n="{eval:}"><ent r="66" t="13" w="334" /><ent r="66" t="13" w="1306" /></phr></stem><stem n="fmt"><phr n="fmt"><ent r="66" t="13" w="341" /><ent r="66" t="13" w="359" /><ent r="66" t="13" w="364" /><ent r="67" t="13" w="688" /><ent r="68" t="13" w="697" /><ent r="68" t="13" w="702" /><ent r="68" t="13" w="1313" /><ent r="68" t="13" w="1318" /><ent r="3" t="13" w="1525" /><ent r="5" t="13" w="1573" /><ent r="3" t="13" w="2206" /><ent r="3" t="13" w="2211" /><ent r="4" t="16" w="1871" /><ent r="4" t="24" w="762" /><ent r="4" t="24" w="769" /><ent r="4" t="24" w="772" /><ent r="4" t="24" w="786" /><ent r="4" t="24" w="796" /><ent r="4" t="24" w="803" /><ent r="4" t="24" w="865" /><ent r="3" t="24" w="1165" /><ent r="4" t="24" w="1176" /><ent r="4" t="24" w="1181" /><ent r="3" t="24" w="1616" /><ent r="3" t="24" w="1627" /><ent r="3" t="24" w="1630" /><ent r="3" t="24" w="1887" /></phr><phr n="Fmt"><ent r="100" t="24" w="756" /></phr></stem><stem n="expr"><phr n="expr"><ent r="66" t="13" w="342" /><ent r="6" t="13" w="346" /><ent r="66" t="13" w="360" /><ent r="66" t="13" w="365" /><ent r="66" t="13" w="680" /><ent r="67" t="13" w="689" /><ent r="68" t="13" w="698" /><ent r="68" t="13" w="703" /><ent r="68" t="13" w="1314" /><ent r="68" t="13" w="1319" /><ent r="4" t="13" w="1509" /><ent r="3" t="13" w="1526" /><ent r="5" t="13" w="1624" /><ent r="3" t="13" w="1813" /><ent r="3" t="13" w="2207" /><ent r="3" t="13" w="2212" /><ent r="4" t="16" w="1872" /><ent r="4" t="16" w="1880" /><ent r="3" t="24" w="304" /></phr><phr n="Expr"><ent r="100" t="24" w="77" /></phr></stem><stem n="{chartable[:fmt]:expr}"><phr n="{chartable[:fmt]:expr}"><ent r="66" t="13" w="343" /><ent r="67" t="13" w="690" /><ent r="3" t="13" w="1527" /></phr></stem><stem n="{scalable2:fmt:expr}"><phr n="{scalable2:fmt:expr}"><ent r="66" t="13" w="361" /><ent r="68" t="13" w="699" /><ent r="68" t="13" w="1315" /></phr></stem><stem n="{scalable10:fmt:expr}"><phr n="{scalable10:fmt:expr}"><ent r="66" t="13" w="366" /><ent r="68" t="13" w="704" /><ent r="68" t="13" w="1320" /></phr></stem><stem n="scale"><phr n="Scales"><ent r="5" t="13" w="367" /><ent r="5" t="13" w="706" /><ent r="5" t="13" w="1321" /></phr><phr n="scaled"><ent r="3" t="13" w="2131" /><ent r="3" t="13" w="2146" /></phr><phr n="scales"><ent r="4" t="13" w="2159" /><ent r="4" t="13" w="2173" /></phr><phr n="scale"><ent r="3" t="13" w="2190" /><ent r="3" t="13" w="2260" /><ent r="3" t="73" w="45" /><ent r="4" t="73" w="82" /></phr><phr n="scaling"><ent r="6" t="70" w="2318" /></phr></stem><stem n="larg"><phr n="large"><ent r="5" t="13" w="368" /><ent r="5" t="13" w="707" /><ent r="5" t="13" w="1322" /></phr></stem><stem n="smaller"><phr n="smaller"><ent r="5" t="13" w="371" /><ent r="5" t="13" w="710" /><ent r="5" t="13" w="1325" /></phr></stem><stem n="better"><phr n="better"><ent r="5" t="13" w="374" /><ent r="5" t="13" w="713" /><ent r="5" t="13" w="1328" /></phr></stem><stem n="^stdout"><phr n="^stdout"><ent r="66" t="13" w="382" /><ent r="6" t="13" w="407" /><ent r="82" t="13" w="2358" /><ent r="4" t="13" w="2404" /><ent r="4" t="13" w="2436" /><ent r="4" t="13" w="2464" /><ent r="3" t="40" w="874" /><ent r="65" t="40" w="884" /><ent r="3" t="44" w="831" /></phr></stem><stem n="{^stdout}"><phr n="{^stdout}"><ent r="66" t="13" w="383" /><ent r="6" t="13" w="408" /><ent r="82" t="13" w="2359" /><ent r="4" t="13" w="2405" /><ent r="4" t="13" w="2437" /><ent r="4" t="13" w="2465" /><ent r="3" t="40" w="875" /><ent r="65" t="40" w="885" /><ent r="3" t="44" w="832" /></phr></stem><stem n="nagios_output"><phr n="nagios_output"><ent r="5" t="13" w="418" /><ent r="5" t="13" w="417" /><ent r="3" t="47" w="681" /><ent r="3" t="47" w="680" /><ent r="4" t="47" w="894" /><ent r="4" t="47" w="893" /><ent r="3" t="48" w="265" /><ent r="3" t="48" w="264" /></phr></stem><stem n="{nagios_output}"><phr n="{nagios_output}"><ent r="5" t="13" w="419" /><ent r="3" t="47" w="682" /><ent r="4" t="47" w="895" /><ent r="3" t="48" w="266" /></phr></stem><stem n="pars"><phr n="Parses"><ent r="5" t="13" w="420" /></phr><phr n="parse"><ent r="3" t="24" w="1918" /><ent r="3" t="34" w="413" /><ent r="4" t="49" w="416" /><ent r="3" t="49" w="899" /></phr><phr n="parsed"><ent r="3" t="24" w="2779" /><ent r="6" t="24" w="2895" /><ent r="3" t="32" w="204" /><ent r="3" t="32" w="1593" /><ent r="3" t="66" w="22" /></phr><phr n="parses"><ent r="3" t="28" w="144" /><ent r="3" t="32" w="243" /><ent r="3" t="34" w="1047" /><ent r="3" t="47" w="670" /><ent r="3" t="49" w="139" /><ent r="4" t="49" w="329" /></phr><phr n="parsing"><ent r="3" t="35" w="436" /><ent r="3" t="40" w="649" /></phr><phr n="PARSE"><ent r="3" t="37" w="1062" /></phr><phr n="Parse"><ent r="3" t="61" w="904" /></phr></stem><stem n="plugin'"><phr n="plugin's"><ent r="5" t="13" w="424" /><ent r="5" t="13" w="423" /><ent r="3" t="47" w="673" /><ent r="3" t="47" w="672" /></phr></stem><stem n="letter"><phr n="letters"><ent r="3" t="13" w="439" /><ent r="4" t="35" w="334" /></phr><phr n="letter"><ent r="3" t="13" w="449" /><ent r="3" t="26" w="208" /></phr></stem><stem n="underscor"><phr n="underscore"><ent r="3" t="13" w="443" /><ent r="3" t="22" w="598" /><ent r="3" t="22" w="618" /><ent r="4" t="22" w="694" /><ent r="4" t="22" w="721" /><ent r="4" t="22" w="823" /><ent r="4" t="22" w="827" /><ent r="4" t="22" w="836" /><ent r="3" t="22" w="1228" /><ent r="3" t="22" w="1397" /></phr><phr n="Underscore"><ent r="83" t="22" w="462" /><ent r="3" t="22" w="467" /></phr></stem><stem n="case-sensit"><phr n="case-sensitive"><ent r="3" t="13" w="454" /><ent r="3" t="17" w="116" /><ent r="3" t="26" w="321" /><ent r="4" t="35" w="340" /><ent r="4" t="35" w="669" /></phr><phr n="Case-sensitive"><ent r="3" t="24" w="1009" /></phr><phr n="Case-Sensitivity"><ent r="100" t="35" w="650" /><ent r="100" t="35" w="653" /><ent r="100" t="35" w="656" /><ent r="82" t="35" w="661" /></phr></stem><stem n="sensit"><phr n="sensitive"><ent r="3" t="13" w="455" /><ent r="3" t="17" w="117" /><ent r="4" t="24" w="698" /><ent r="3" t="24" w="1010" /><ent r="3" t="26" w="322" /><ent r="4" t="35" w="341" /><ent r="4" t="35" w="670" /><ent r="3" t="40" w="1253" /><ent r="3" t="41" w="483" /><ent r="3" t="41" w="499" /></phr><phr n="Sensitivity"><ent r="100" t="35" w="651" /><ent r="100" t="35" w="654" /><ent r="100" t="35" w="657" /><ent r="82" t="35" w="662" /></phr></stem><stem n="-sensitive."><phr n="-sensitive."><ent r="3" t="13" w="456" /><ent r="3" t="13" w="456" /><ent r="3" t="26" w="323" /><ent r="3" t="26" w="323" /><ent r="4" t="35" w="342" /><ent r="4" t="35" w="342" /><ent r="4" t="35" w="671" /><ent r="4" t="35" w="671" /></phr></stem><stem n="variablenam"><phr n="VariableName"><ent r="4" t="13" w="473" /><ent r="3" t="16" w="401" /><ent r="100" t="16" w="414" /><ent r="5" t="16" w="416" /></phr><phr n="variablename"><ent r="6" t="13" w="721" /><ent r="82" t="13" w="2022" /><ent r="4" t="13" w="2041" /><ent r="4" t="16" w="1875" /></phr></stem><stem n="{variablename}"><phr n="{VariableName}"><ent r="4" t="13" w="474" /></phr></stem><stem n="(probe-typ"><phr n="(probe-type"><ent r="3" t="13" w="502" /><ent r="3" t="13" w="981" /></phr></stem><stem n="customsnmp"><phr n="customsnmp"><ent r="3" t="13" w="504" /></phr></stem><stem n="occurr"><phr n="occurrence"><ent r="3" t="13" w="519" /><ent r="3" t="24" w="1022" /><ent r="3" t="24" w="1081" /></phr></stem><stem n="round"><phr n="rounded"><ent r="3" t="13" w="529" /></phr><phr n="rounding"><ent r="3" t="13" w="1851" /><ent r="4" t="24" w="215" /><ent r="3" t="37" w="1706" /></phr><phr n="round"><ent r="3" t="14" w="754" /><ent r="3" t="24" w="49" /><ent r="65" t="24" w="413" /><ent r="4" t="24" w="416" /><ent r="82" t="24" w="945" /><ent r="3" t="24" w="948" /><ent r="3" t="24" w="956" /><ent r="3" t="24" w="987" /><ent r="3" t="24" w="992" /><ent r="3" t="28" w="279" /><ent r="4" t="35" w="806" /><ent r="3" t="38" w="314" /><ent r="4" t="38" w="417" /></phr><phr n="Round"><ent r="3" t="14" w="1162" /><ent r="4" t="24" w="419" /><ent r="4" t="40" w="842" /><ent r="3" t="40" w="854" /></phr><phr n="Rounds"><ent r="3" t="24" w="961" /></phr></stem><stem n="nearest"><phr n="nearest"><ent r="3" t="13" w="532" /><ent r="4" t="24" w="422" /><ent r="3" t="24" w="971" /></phr></stem><stem n="integ"><phr n="integer"><ent r="3" t="13" w="533" /><ent r="3" t="13" w="603" /><ent r="3" t="14" w="1238" /><ent r="3" t="16" w="1911" /><ent r="3" t="16" w="2059" /><ent r="3" t="16" w="2111" /><ent r="4" t="24" w="423" /><ent r="3" t="24" w="972" /><ent r="3" t="24" w="1015" /><ent r="3" t="24" w="1074" /><ent r="4" t="24" w="1210" /><ent r="4" t="24" w="1218" /><ent r="4" t="24" w="1246" /><ent r="6" t="24" w="2625" /><ent r="3" t="34" w="710" /><ent r="3" t="34" w="854" /><ent r="3" t="34" w="1037" /><ent r="3" t="43" w="45" /><ent r="3" t="56" w="484" /></phr><phr n="INTEGER"><ent r="3" t="14" w="505" /><ent r="3" t="14" w="517" /><ent r="6" t="16" w="593" /><ent r="6" t="16" w="621" /><ent r="3" t="16" w="1941" /><ent r="4" t="16" w="1990" /><ent r="3" t="16" w="2075" /><ent r="3" t="16" w="2083" /><ent r="3" t="24" w="893" /><ent r="3" t="24" w="952" /><ent r="3" t="24" w="959" /><ent r="3" t="24" w="1007" /><ent r="3" t="24" w="1066" /><ent r="3" t="24" w="1124" /><ent r="3" t="24" w="2163" /><ent r="3" t="24" w="2178" /><ent r="3" t="24" w="2182" /><ent r="4" t="29" w="802" /><ent r="3" t="56" w="223" /><ent r="3" t="56" w="229" /><ent r="3" t="56" w="233" /><ent r="3" t="56" w="235" /><ent r="3" t="56" w="237" /><ent r="3" t="56" w="239" /><ent r="3" t="56" w="241" /><ent r="3" t="56" w="243" /><ent r="3" t="56" w="245" /><ent r="3" t="56" w="247" /><ent r="3" t="56" w="255" /><ent r="3" t="56" w="261" /></phr><phr n="Integer"><ent r="7" t="16" w="573" /><ent r="9" t="16" w="950" /><ent r="9" t="16" w="952" /><ent r="100" t="24" w="411" /><ent r="72" t="24" w="1433" /><ent r="3" t="55" w="983" /><ent r="3" t="55" w="1078" /><ent r="3" t="55" w="1096" /><ent r="3" t="55" w="1114" /></phr><phr n="integers"><ent r="4" t="19" w="172" /></phr><phr n="Integers"><ent r="3" t="24" w="1436" /></phr></stem><stem n="3.14159265"><phr n="3.14159265"><ent r="3" t="13" w="546" /><ent r="3" t="13" w="545" /><ent r="3" t="13" w="1661" /><ent r="3" t="13" w="1660" /></phr></stem><stem n="14159265"><phr n="14159265"><ent r="3" t="13" w="546" /><ent r="3" t="13" w="1661" /></phr></stem><stem n="3.14159265,"><phr n="3.14159265,"><ent r="3" t="13" w="546" /><ent r="3" t="13" w="545" /><ent r="3" t="13" w="1661" /><ent r="3" t="13" w="1660" /></phr></stem><stem n=".14159265,"><phr n=".14159265,"><ent r="3" t="13" w="547" /><ent r="3" t="13" w="1662" /></phr></stem><stem n="&lt;displai"><phr n="&lt;display"><ent r="4" t="13" w="552" /></phr></stem><stem n="&lt;display-output&gt;"><phr n="&lt;display-output&gt;"><ent r="4" t="13" w="552" /></phr></stem><stem n="&quot;3&quot;;"><phr n="&quot;3&quot;;"><ent r="3" t="13" w="562" /></phr></stem><stem n=".75"><phr n=".75"><ent r="3" t="13" w="569" /></phr></stem><stem n="4.75"><phr n="4.75"><ent r="3" t="13" w="569" /><ent r="3" t="13" w="568" /></phr></stem><stem n="75"><phr n="75"><ent r="3" t="13" w="569" /></phr></stem><stem n="&quot;5&quot;."><phr n="&quot;5&quot;."><ent r="3" t="13" w="576" /></phr></stem><stem n="chart"><phr n="chart"><ent r="3" t="13" w="586" /><ent r="3" t="13" w="595" /><ent r="3" t="13" w="1555" /><ent r="5" t="66" w="625" /><ent r="4" t="66" w="632" /><ent r="3" t="66" w="644" /><ent r="3" t="66" w="660" /><ent r="6" t="70" w="522" /><ent r="6" t="70" w="530" /><ent r="6" t="70" w="577" /><ent r="6" t="70" w="590" /><ent r="7" t="70" w="1295" /><ent r="6" t="70" w="1301" /><ent r="7" t="70" w="1309" /><ent r="6" t="70" w="1329" /><ent r="7" t="70" w="1344" /><ent r="7" t="70" w="1357" /><ent r="6" t="70" w="1929" /><ent r="6" t="70" w="2188" /><ent r="6" t="70" w="2199" /><ent r="6" t="70" w="2221" /><ent r="6" t="70" w="2248" /><ent r="6" t="70" w="2268" /><ent r="6" t="70" w="2279" /><ent r="6" t="70" w="2315" /><ent r="6" t="70" w="2336" /><ent r="3" t="73" w="32" /><ent r="4" t="73" w="55" /><ent r="5" t="73" w="70" /><ent r="5" t="73" w="89" /></phr><phr n="charts"><ent r="3" t="13" w="1493" /><ent r="4" t="16" w="1002" /><ent r="3" t="16" w="1867" /><ent r="3" t="27" w="220" /><ent r="3" t="66" w="671" /><ent r="6" t="70" w="488" /><ent r="6" t="70" w="547" /><ent r="6" t="70" w="561" /><ent r="6" t="70" w="624" /><ent r="3" t="73" w="18" /><ent r="4" t="73" w="62" /></phr><phr n="Chart"><ent r="3" t="16" w="103" /><ent r="100" t="16" w="372" /><ent r="3" t="16" w="404" /><ent r="5" t="16" w="982" /><ent r="4" t="16" w="1007" /><ent r="4" t="58" w="73" /><ent r="100" t="66" w="622" /><ent r="100" t="73" w="65" /><ent r="100" t="73" w="84" /></phr><phr n="CHART"><ent r="3" t="16" w="122" /><ent r="100" t="16" w="364" /><ent r="3" t="16" w="1175" /></phr><phr n="charted"><ent r="4" t="29" w="823" /><ent r="3" t="38" w="80" /></phr><phr n="charting"><ent r="3" t="53" w="126" /></phr><phr n="Charts"><ent r="1000" t="73" w="4" /><ent r="100" t="73" w="7" /><ent r="102" t="73" w="12" /></phr></stem><stem n="drag"><phr n="dragging"><ent r="3" t="13" w="588" /></phr></stem><stem n="-integ"><phr n="-integer"><ent r="3" t="13" w="602" /><ent r="3" t="13" w="602" /><ent r="3" t="43" w="44" /><ent r="3" t="43" w="44" /></phr><phr n="-INTEGER"><ent r="4" t="29" w="801" /><ent r="4" t="29" w="801" /></phr></stem><stem n="non-integ"><phr n="non-integer"><ent r="3" t="13" w="602" /><ent r="3" t="43" w="44" /></phr></stem><stem n="{chartable}"><phr n="{chartable}"><ent r="65" t="13" w="614" /><ent r="82" t="13" w="1499" /><ent r="3" t="13" w="1505" /><ent r="3" t="13" w="2200" /></phr></stem><stem n="imserveraddress"><phr n="imserveraddress"><ent r="5" t="13" w="659" /></phr></stem><stem n="{imserveraddress}"><phr n="{imserveraddress}"><ent r="5" t="13" w="660" /></phr></stem><stem n="alarmpointlist"><phr n="alarmpointlist"><ent r="5" t="13" w="670" /></phr><phr n="AlarmPointList"><ent r="3" t="22" w="484" /><ent r="3" t="22" w="489" /><ent r="3" t="22" w="532" /><ent r="4" t="22" w="656" /><ent r="4" t="22" w="709" /><ent r="4" t="22" w="729" /><ent r="4" t="22" w="757" /><ent r="5" t="22" w="761" /><ent r="4" t="22" w="768" /><ent r="4" t="22" w="789" /><ent r="3" t="22" w="987" /><ent r="3" t="22" w="1081" /></phr></stem><stem n="{alarmpointlist}"><phr n="{alarmpointlist}"><ent r="5" t="13" w="671" /></phr></stem><stem n="{eval:expr}"><phr n="{eval:expr}"><ent r="66" t="13" w="681" /></phr></stem><stem n="{[variablename]:legend}"><phr n="{[variablename]:legend}"><ent r="6" t="13" w="723" /></phr></stem><stem n="variable'"><phr n="variable's"><ent r="5" t="13" w="726" /><ent r="5" t="13" w="725" /><ent r="3" t="14" w="926" /><ent r="3" t="14" w="925" /><ent r="4" t="16" w="1504" /><ent r="4" t="16" w="1503" /><ent r="3" t="27" w="226" /><ent r="3" t="27" w="225" /></phr></stem><stem n="{ifindex}"><phr n="{ifIndex}"><ent r="5" t="13" w="761" /></phr></stem><stem n="iftyp"><phr n="ifType"><ent r="5" t="13" w="767" /><ent r="3" t="19" w="310" /><ent r="3" t="19" w="626" /><ent r="4" t="19" w="863" /><ent r="3" t="19" w="1087" /><ent r="3" t="19" w="1090" /></phr></stem><stem n="{iftype}"><phr n="{ifType}"><ent r="5" t="13" w="768" /></phr></stem><stem n="ifdescr"><phr n="ifDescr"><ent r="5" t="13" w="774" /><ent r="3" t="19" w="307" /><ent r="3" t="19" w="605" /><ent r="4" t="19" w="862" /><ent r="3" t="19" w="1059" /><ent r="3" t="19" w="1062" /><ent r="3" t="54" w="555" /></phr><phr n="IfDescr"><ent r="100" t="54" w="524" /></phr></stem><stem n="{ifdescr}"><phr n="{ifDescr}"><ent r="5" t="13" w="775" /></phr></stem><stem n="ifalia"><phr n="ifAlias"><ent r="5" t="13" w="781" /><ent r="3" t="19" w="1077" /><ent r="3" t="19" w="1080" /><ent r="3" t="19" w="1147" /></phr></stem><stem n="{ifalias}"><phr n="{ifAlias}"><ent r="5" t="13" w="782" /></phr></stem><stem n="interface'"><phr n="interface's"><ent r="5" t="13" w="785" /><ent r="5" t="13" w="784" /></phr></stem><stem n="alia"><phr n="alias"><ent r="5" t="13" w="786" /><ent r="100" t="47" w="235" /><ent r="4" t="47" w="278" /><ent r="6" t="70" w="1907" /></phr><phr n="Alias"><ent r="3" t="19" w="1082" /></phr></stem><stem n="specifictrap"><phr n="SpecificTrap"><ent r="5" t="13" w="806" /><ent r="4" t="29" w="250" /><ent r="3" t="32" w="1546" /></phr></stem><stem n="{specifictrap}"><phr n="{SpecificTrap}"><ent r="5" t="13" w="807" /></phr></stem><stem n="-trap"><phr n="-trap"><ent r="5" t="13" w="810" /><ent r="5" t="13" w="810" /><ent r="5" t="13" w="814" /><ent r="5" t="13" w="814" /><ent r="5" t="13" w="824" /><ent r="5" t="13" w="824" /></phr></stem><stem n="specific-trap"><phr n="specific-trap"><ent r="5" t="13" w="810" /></phr></stem><stem n="(snmp"><phr n="(SNMP"><ent r="5" t="13" w="812" /><ent r="5" t="13" w="826" /><ent r="5" t="13" w="836" /><ent r="5" t="13" w="846" /><ent r="5" t="13" w="855" /></phr></stem><stem n="v1"><phr n="v1"><ent r="5" t="13" w="813" /><ent r="5" t="13" w="827" /><ent r="5" t="13" w="837" /><ent r="5" t="13" w="847" /><ent r="5" t="13" w="856" /><ent r="4" t="29" w="391" /><ent r="3" t="32" w="1542" /><ent r="3" t="32" w="1550" /><ent r="3" t="32" w="1558" /><ent r="3" t="56" w="102" /><ent r="3" t="56" w="169" /></phr></stem><stem n="gener"><phr n="generic"><ent r="5" t="13" w="814" /><ent r="5" t="13" w="824" /></phr><phr n="generally"><ent r="3" t="14" w="1041" /><ent r="4" t="15" w="193" /><ent r="3" t="28" w="40" /><ent r="4" t="47" w="576" /><ent r="6" t="70" w="1302" /><ent r="6" t="70" w="1399" /></phr><phr n="general"><ent r="3" t="15" w="264" /><ent r="3" t="24" w="1308" /><ent r="3" t="34" w="174" /><ent r="3" t="35" w="729" /><ent r="3" t="40" w="106" /><ent r="3" t="70" w="65" /></phr><phr n="Generally"><ent r="3" t="16" w="2248" /><ent r="4" t="77" w="229" /></phr><phr n="generate"><ent r="4" t="22" w="378" /><ent r="4" t="22" w="429" /><ent r="3" t="65" w="39" /><ent r="65" t="70" w="74" /><ent r="93" t="70" w="167" /><ent r="6" t="70" w="2324" /></phr><phr n="generated"><ent r="4" t="29" w="344" /><ent r="3" t="32" w="1267" /><ent r="3" t="33" w="384" /><ent r="3" t="33" w="415" /><ent r="3" t="67" w="71" /><ent r="6" t="68" w="147" /><ent r="6" t="68" w="738" /><ent r="3" t="70" w="59" /><ent r="6" t="70" w="1545" /><ent r="5" t="70" w="1744" /></phr><phr n="Generic"><ent r="3" t="29" w="648" /><ent r="3" t="32" w="1278" /></phr><phr n="generates"><ent r="3" t="46" w="349" /><ent r="3" t="65" w="75" /><ent r="6" t="68" w="791" /><ent r="6" t="70" w="542" /><ent r="6" t="70" w="557" /><ent r="6" t="70" w="992" /><ent r="6" t="70" w="1007" /></phr><phr n="generating"><ent r="6" t="68" w="786" /></phr><phr n="Generates"><ent r="6" t="70" w="1021" /></phr></stem><stem n="generic-trap"><phr n="generic-trap"><ent r="5" t="13" w="814" /><ent r="5" t="13" w="824" /></phr></stem><stem n="enterprisespecif"><phr n="enterpriseSpecific"><ent r="5" t="13" w="817" /></phr></stem><stem n="generictrap"><phr n="GenericTrap"><ent r="5" t="13" w="820" /><ent r="4" t="29" w="206" /><ent r="3" t="32" w="1538" /></phr></stem><stem n="{generictrap}"><phr n="{GenericTrap}"><ent r="5" t="13" w="821" /></phr></stem><stem n="timestamp"><phr n="TimeStamp"><ent r="5" t="13" w="830" /><ent r="4" t="29" w="284" /><ent r="3" t="32" w="1526" /><ent r="3" t="32" w="1598" /></phr><phr n="timestamp"><ent r="5" t="13" w="835" /><ent r="3" t="33" w="138" /><ent r="3" t="56" w="388" /><ent r="3" t="56" w="399" /><ent r="6" t="70" w="1447" /><ent r="7" t="70" w="1466" /><ent r="6" t="70" w="1501" /><ent r="7" t="70" w="1518" /></phr><phr n="Timestamp"><ent r="3" t="29" w="568" /><ent r="3" t="29" w="659" /><ent r="3" t="32" w="1189" /><ent r="3" t="32" w="1288" /></phr><phr n="timestamps"><ent r="3" t="64" w="392" /></phr></stem></index>