<?xml version="1.0" encoding="utf-8"?><index><stem n="veri"><phr n="very"><ent r="3" t="14" w="904" /><ent r="4" t="40" w="846" /><ent r="3" t="40" w="858" /><ent r="3" t="49" w="1009" /><ent r="3" t="54" w="416" /></phr><phr n="VERY"><ent r="3" t="22" w="67" /><ent r="4" t="22" w="432" /><ent r="3" t="23" w="188" /></phr></stem><stem n="startup"><phr n="startup"><ent r="3" t="14" w="912" /></phr><phr n="Startup"><ent r="5" t="22" w="637" /><ent r="3" t="22" w="880" /></phr></stem><stem n="&quot;$searchstring&quot;."><phr n="&quot;$SearchString&quot;."><ent r="3" t="14" w="941" /></phr></stem><stem n="passed-in"><phr n="passed-in"><ent r="3" t="14" w="981" /><ent r="3" t="14" w="1165" /></phr></stem><stem n="expect"><phr n="expected"><ent r="3" t="14" w="990" /><ent r="4" t="24" w="2404" /><ent r="3" t="34" w="90" /><ent r="3" t="34" w="493" /><ent r="3" t="34" w="951" /><ent r="3" t="37" w="949" /><ent r="3" t="37" w="1993" /><ent r="3" t="54" w="499" /></phr><phr n="expect"><ent r="3" t="34" w="1036" /><ent r="3" t="54" w="29" /></phr><phr n="expects"><ent r="3" t="35" w="1505" /><ent r="3" t="47" w="193" /><ent r="4" t="55" w="1220" /></phr><phr n="EXPecT"><ent r="100" t="37" w="1984" /></phr><phr n="Expects"><ent r="3" t="45" w="25" /></phr></stem><stem n="\i\note:\p\"><phr n="\i\Note:\p\"><ent r="3" t="14" w="999" /><ent r="3" t="14" w="1013" /></phr></stem><stem n="localhost"><phr n="localhost"><ent r="3" t="14" w="1008" /><ent r="3" t="32" w="439" /><ent r="3" t="32" w="561" /><ent r="3" t="32" w="592" /><ent r="3" t="32" w="723" /><ent r="3" t="32" w="833" /><ent r="3" t="32" w="1021" /><ent r="3" t="58" w="418" /><ent r="3" t="58" w="433" /><ent r="3" t="61" w="288" /><ent r="3" t="61" w="482" /><ent r="4" t="70" w="1839" /></phr><phr n="Localhost"><ent r="100" t="70" w="1827" /></phr></stem><stem n="\i\localhost\p\."><phr n="\i\localhost\p\."><ent r="3" t="14" w="1010" /></phr></stem><stem n="could"><phr n="could"><ent r="3" t="14" w="1015" /><ent r="4" t="19" w="165" /><ent r="4" t="19" w="201" /><ent r="3" t="22" w="908" /><ent r="3" t="26" w="506" /><ent r="4" t="29" w="363" /><ent r="3" t="29" w="1033" /><ent r="3" t="32" w="1129" /><ent r="3" t="35" w="1490" /><ent r="3" t="35" w="1498" /><ent r="3" t="35" w="1510" /><ent r="3" t="37" w="4296" /><ent r="3" t="39" w="238" /><ent r="3" t="40" w="1162" /><ent r="4" t="41" w="330" /><ent r="3" t="49" w="160" /><ent r="3" t="54" w="76" /><ent r="3" t="66" w="395" /><ent r="3" t="67" w="88" /><ent r="6" t="68" w="286" /><ent r="7" t="68" w="437" /><ent r="7" t="68" w="556" /></phr></stem><stem n="&lt;parameter&gt;"><phr n="&lt;parameter&gt;"><ent r="3" t="14" w="1023" /><ent r="5" t="35" w="1310" /></phr></stem><stem n="expos"><phr n="exposes"><ent r="3" t="14" w="1027" /></phr></stem><stem n="lot"><phr n="lot"><ent r="3" t="14" w="1029" /><ent r="3" t="53" w="99" /></phr><phr n="lots"><ent r="3" t="49" w="150" /></phr></stem><stem n="script'"><phr n="script's"><ent r="3" t="14" w="1033" /><ent r="3" t="14" w="1032" /><ent r="3" t="37" w="1455" /><ent r="3" t="37" w="1454" /><ent r="3" t="40" w="319" /><ent r="3" t="40" w="318" /><ent r="4" t="40" w="720" /><ent r="4" t="40" w="719" /><ent r="4" t="40" w="799" /><ent r="4" t="40" w="798" /><ent r="3" t="44" w="26" /><ent r="3" t="44" w="25" /></phr></stem><stem n="design"><phr n="design"><ent r="3" t="14" w="1045" /></phr><phr n="designer"><ent r="3" t="77" w="20" /></phr></stem><stem n="-edit"><phr n="-editable"><ent r="3" t="14" w="1050" /><ent r="3" t="14" w="1050" /></phr><phr n="-edited"><ent r="7" t="68" w="517" /><ent r="7" t="68" w="517" /></phr></stem><stem n="human-edit"><phr n="human-editable"><ent r="3" t="14" w="1050" /></phr></stem><stem n="unix"><phr n="Unix"><ent r="3" t="14" w="1057" /><ent r="100" t="35" w="529" /><ent r="5" t="35" w="532" /><ent r="100" t="40" w="74" /><ent r="3" t="40" w="1210" /><ent r="4" t="41" w="156" /><ent r="4" t="41" w="192" /><ent r="3" t="41" w="447" /><ent r="6" t="46" w="110" /><ent r="4" t="49" w="231" /><ent r="4" t="49" w="261" /><ent r="5" t="61" w="31" /><ent r="4" t="61" w="36" /><ent r="82" t="61" w="219" /><ent r="3" t="61" w="224" /><ent r="72" t="61" w="263" /><ent r="4" t="61" w="405" /><ent r="4" t="61" w="416" /><ent r="4" t="61" w="436" /></phr></stem><stem n="unix/osx"><phr n="Unix/OSX"><ent r="3" t="14" w="1058" /><ent r="3" t="14" w="1057" /></phr></stem><stem n="osx"><phr n="OSX"><ent r="3" t="14" w="1058" /><ent r="4" t="49" w="228" /><ent r="4" t="49" w="258" /></phr></stem><stem n="/osx:"><phr n="/OSX:"><ent r="3" t="14" w="1059" /></phr></stem><stem n="empti"><phr n="Empty"><ent r="3" t="14" w="1059" /><ent r="3" t="44" w="766" /><ent r="3" t="48" w="204" /></phr><phr n="empty"><ent r="4" t="22" w="658" /><ent r="3" t="22" w="1029" /><ent r="3" t="22" w="1110" /><ent r="4" t="37" w="514" /><ent r="3" t="37" w="1154" /><ent r="3" t="37" w="1159" /><ent r="6" t="70" w="901" /><ent r="6" t="70" w="1060" /><ent r="6" t="70" w="1653" /><ent r="6" t="70" w="2466" /></phr></stem><stem n=":tool"><phr n=":Tools"><ent r="3" t="14" w="1065" /><ent r="3" t="44" w="772" /><ent r="3" t="48" w="210" /></phr></stem><stem n="directori"><phr n="directory"><ent r="3" t="14" w="1066" /><ent r="4" t="40" w="1001" /><ent r="4" t="40" w="1039" /><ent r="3" t="44" w="187" /><ent r="3" t="44" w="773" /><ent r="3" t="46" w="218" /><ent r="3" t="47" w="203" /><ent r="3" t="47" w="208" /><ent r="4" t="47" w="288" /><ent r="4" t="47" w="295" /><ent r="3" t="48" w="154" /><ent r="3" t="48" w="160" /><ent r="3" t="48" w="211" /><ent r="4" t="49" w="342" /><ent r="4" t="49" w="360" /><ent r="4" t="50" w="120" /><ent r="4" t="50" w="286" /><ent r="3" t="51" w="31" /><ent r="4" t="55" w="262" /><ent r="3" t="56" w="127" /><ent r="3" t="57" w="150" /><ent r="3" t="57" w="177" /><ent r="3" t="61" w="56" /><ent r="3" t="61" w="66" /><ent r="3" t="61" w="100" /><ent r="3" t="61" w="130" /><ent r="3" t="61" w="232" /><ent r="3" t="61" w="331" /><ent r="4" t="61" w="442" /><ent r="4" t="61" w="453" /><ent r="3" t="61" w="583" /><ent r="3" t="61" w="809" /><ent r="3" t="61" w="853" /><ent r="3" t="65" w="84" /><ent r="3" t="70" w="229" /><ent r="6" t="70" w="1900" /><ent r="6" t="70" w="1923" /><ent r="6" t="70" w="1943" /></phr><phr n="directories"><ent r="4" t="41" w="104" /><ent r="3" t="44" w="398" /><ent r="3" t="44" w="410" /><ent r="3" t="61" w="556" /></phr></stem><stem n="=&quot;&quot;"><phr n="=&quot;&quot;"><ent r="3" t="14" w="1068" /><ent r="3" t="46" w="377" /><ent r="3" t="46" w="385" /><ent r="3" t="49" w="599" /><ent r="3" t="61" w="602" /></phr></stem><stem n="=&quot;${python}"><phr n="=&quot;${PYTHON}"><ent r="3" t="14" w="1071" /><ent r="3" t="44" w="249" /><ent r="3" t="46" w="380" /><ent r="3" t="49" w="602" /></phr></stem><stem n=".py"><phr n=".py"><ent r="3" t="14" w="1072" /><ent r="3" t="14" w="1161" /><ent r="3" t="46" w="381" /></phr></stem><stem n="persistent.pi"><phr n="persistent.py"><ent r="3" t="14" w="1072" /><ent r="3" t="14" w="1071" /><ent r="3" t="14" w="1161" /><ent r="3" t="14" w="1160" /></phr></stem><stem n="py"><phr n="py"><ent r="3" t="14" w="1072" /><ent r="3" t="14" w="1161" /><ent r="3" t="44" w="237" /><ent r="3" t="44" w="250" /><ent r="3" t="44" w="305" /><ent r="3" t="44" w="517" /><ent r="3" t="46" w="381" /><ent r="5" t="49" w="214" /><ent r="4" t="49" w="322" /><ent r="3" t="49" w="604" /><ent r="3" t="49" w="677" /></phr></stem><stem n="arg"><phr n="arg"><ent r="3" t="14" w="1074" /><ent r="4" t="40" w="616" /><ent r="4" t="40" w="1159" /><ent r="3" t="40" w="1168" /><ent r="5" t="41" w="59" /><ent r="5" t="41" w="303" /><ent r="5" t="41" w="359" /><ent r="3" t="44" w="514" /><ent r="3" t="44" w="781" /><ent r="3" t="46" w="384" /><ent r="3" t="49" w="605" /></phr><phr n="args"><ent r="3" t="14" w="1185" /><ent r="3" t="14" w="1201" /><ent r="3" t="14" w="1230" /><ent r="3" t="49" w="740" /><ent r="3" t="49" w="757" /></phr></stem><stem n="=''"><phr n="=''"><ent r="3" t="14" w="1075" /></phr></stem><stem n="searchstr"><phr n="SearchString"><ent r="3" t="14" w="1077" /><ent r="3" t="14" w="1126" /></phr><phr n="searchString"><ent r="3" t="14" w="1195" /><ent r="3" t="14" w="1253" /><ent r="3" t="14" w="1265" /><ent r="3" t="14" w="1279" /><ent r="3" t="14" w="1291" /><ent r="3" t="14" w="1292" /><ent r="3" t="14" w="1320" /><ent r="3" t="49" w="750" /></phr></stem><stem n="=&quot;${searchstring}&quot;"><phr n="=&quot;${SearchString}&quot;"><ent r="3" t="14" w="1078" /></phr></stem><stem n="/command-line&gt;"><phr n="/command-line&gt;"><ent r="3" t="14" w="1079" /><ent r="5" t="41" w="371" /><ent r="3" t="41" w="532" /><ent r="3" t="44" w="524" /><ent r="3" t="44" w="789" /><ent r="3" t="45" w="179" /><ent r="3" t="46" w="386" /><ent r="3" t="48" w="217" /><ent r="3" t="49" w="610" /></phr></stem><stem n="command-line&gt;"><phr n="command-line&gt;"><ent r="3" t="14" w="1079" /><ent r="5" t="41" w="371" /><ent r="3" t="41" w="532" /><ent r="3" t="44" w="524" /><ent r="3" t="44" w="789" /><ent r="3" t="45" w="179" /><ent r="3" t="46" w="386" /><ent r="3" t="48" w="217" /><ent r="3" t="49" w="610" /></phr></stem><stem n="&lt;/these"><phr n="&lt;/These"><ent r="3" t="14" w="1083" /><ent r="3" t="14" w="1078" /><ent r="3" t="44" w="535" /><ent r="3" t="44" w="530" /><ent r="3" t="48" w="221" /><ent r="3" t="48" w="216" /></phr></stem><stem n="{exit_code}=4"><phr n="{EXIT_CODE}=4"><ent r="3" t="14" w="1096" /><ent r="3" t="44" w="548" /><ent r="3" t="49" w="628" /></phr></stem><stem n="{exit_code}=3"><phr n="{EXIT_CODE}=3"><ent r="3" t="14" w="1101" /><ent r="3" t="44" w="553" /><ent r="3" t="48" w="234" /><ent r="3" t="49" w="633" /></phr></stem><stem n="{exit_code}=2"><phr n="{EXIT_CODE}=2"><ent r="3" t="14" w="1106" /><ent r="3" t="44" w="558" /><ent r="3" t="48" w="239" /><ent r="3" t="49" w="638" /></phr></stem><stem n="{exit_code}=1"><phr n="{EXIT_CODE}=1"><ent r="3" t="14" w="1111" /><ent r="3" t="44" w="563" /><ent r="3" t="48" w="244" /><ent r="3" t="49" w="643" /></phr></stem><stem n="okai"><phr n="okay"><ent r="3" t="14" w="1112" /><ent r="4" t="17" w="134" /><ent r="3" t="17" w="202" /><ent r="3" t="29" w="1055" /><ent r="4" t="42" w="56" /><ent r="3" t="44" w="264" /><ent r="3" t="44" w="564" /><ent r="3" t="44" w="820" /><ent r="3" t="45" w="193" /><ent r="3" t="46" w="405" /><ent r="3" t="48" w="245" /><ent r="3" t="49" w="644" /></phr><phr n="OKAY"><ent r="100" t="37" w="1499" /><ent r="3" t="37" w="1505" /><ent r="4" t="37" w="1647" /><ent r="3" t="37" w="3405" /><ent r="100" t="37" w="3973" /><ent r="3" t="37" w="3977" /><ent r="100" t="39" w="498" /><ent r="3" t="39" w="501" /><ent r="3" t="44" w="590" /><ent r="3" t="44" w="601" /></phr><phr n="Okay"><ent r="3" t="47" w="143" /></phr></stem><stem n="{exit_code}=0"><phr n="{EXIT_CODE}=0"><ent r="3" t="14" w="1116" /><ent r="3" t="44" w="568" /><ent r="3" t="48" w="249" /><ent r="3" t="49" w="648" /></phr></stem><stem n="/command-exit&gt;"><phr n="/command-exit&gt;"><ent r="3" t="14" w="1118" /><ent r="3" t="44" w="570" /><ent r="3" t="44" w="826" /><ent r="3" t="45" w="199" /><ent r="3" t="46" w="411" /><ent r="3" t="48" w="251" /><ent r="3" t="49" w="650" /></phr></stem><stem n="command-exit&gt;"><phr n="command-exit&gt;"><ent r="3" t="14" w="1118" /><ent r="3" t="44" w="570" /><ent r="3" t="44" w="826" /><ent r="3" t="45" w="199" /><ent r="3" t="46" w="411" /><ent r="3" t="48" w="251" /><ent r="3" t="49" w="650" /></phr></stem><stem n="&lt;/b5"><phr n="&lt;/b5"><ent r="3" t="14" w="1122" /><ent r="3" t="14" w="1117" /></phr><phr n="&lt;/B5"><ent r="3" t="32" w="1515" /><ent r="3" t="32" w="1508" /><ent r="3" t="45" w="203" /><ent r="3" t="45" w="198" /><ent r="3" t="48" w="255" /><ent r="3" t="48" w="250" /></phr></stem><stem n="\b5\"><phr n="\b5\"><ent r="3" t="14" w="1123" /><ent r="3" t="49" w="656" /></phr><phr n="\B5\"><ent r="3" t="27" w="418" /></phr></stem><stem n="numericparam"><phr n="numericParam"><ent r="3" t="14" w="1128" /></phr></stem><stem n="search"><phr n="Search"><ent r="3" t="14" w="1130" /><ent r="4" t="56" w="756" /></phr><phr n="search"><ent r="3" t="14" w="1246" /><ent r="4" t="25" w="289" /><ent r="3" t="37" w="1868" /><ent r="3" t="37" w="2365" /></phr><phr n="Searches"><ent r="4" t="37" w="246" /><ent r="4" t="37" w="263" /></phr><phr n="searches"><ent r="6" t="70" w="1225" /></phr></stem><stem n="/command-display&gt;"><phr n="/command-display&gt;"><ent r="3" t="14" w="1136" /><ent r="3" t="44" w="575" /><ent r="3" t="44" w="833" /><ent r="3" t="45" w="217" /><ent r="3" t="46" w="416" /><ent r="3" t="48" w="267" /><ent r="3" t="49" w="667" /></phr></stem><stem n="command-display&gt;"><phr n="command-display&gt;"><ent r="3" t="14" w="1136" /><ent r="3" t="44" w="575" /><ent r="3" t="44" w="833" /><ent r="3" t="45" w="217" /><ent r="3" t="46" w="416" /><ent r="3" t="48" w="267" /><ent r="3" t="49" w="667" /></phr></stem><stem n="&lt;/&lt;tool"><phr n="&lt;/&lt;tool"><ent r="3" t="14" w="1138" /><ent r="3" t="14" w="1135" /><ent r="3" t="44" w="835" /><ent r="3" t="44" w="832" /></phr></stem><stem n="&lt;tool"><phr n="&lt;tool"><ent r="3" t="14" w="1138" /><ent r="3" t="44" w="55" /><ent r="3" t="44" w="258" /><ent r="4" t="44" w="315" /><ent r="3" t="44" w="577" /><ent r="3" t="44" w="835" /><ent r="3" t="46" w="419" /><ent r="5" t="49" w="304" /><ent r="3" t="49" w="670" /></phr><phr n="&lt;tools"><ent r="4" t="46" w="173" /></phr></stem><stem n=":persistent.py&gt;"><phr n=":persistent.py&gt;"><ent r="3" t="14" w="1140" /></phr></stem><stem n="persistent.py&gt;"><phr n="persistent.py&gt;"><ent r="3" t="14" w="1140" /><ent r="3" t="14" w="1139" /></phr></stem><stem n="py&gt;"><phr n="py&gt;"><ent r="3" t="14" w="1140" /><ent r="3" t="44" w="260" /><ent r="3" t="44" w="271" /><ent r="4" t="44" w="317" /><ent r="4" t="44" w="324" /><ent r="3" t="44" w="580" /><ent r="3" t="44" w="692" /><ent r="4" t="46" w="175" /><ent r="3" t="46" w="421" /><ent r="3" t="46" w="496" /><ent r="3" t="49" w="673" /><ent r="3" t="49" w="943" /></phr></stem><stem n="usr"><phr n="usr"><ent r="3" t="14" w="1141" /><ent r="5" t="46" w="112" /><ent r="3" t="46" w="423" /></phr></stem><stem n="usr/loc"><phr n="usr/local"><ent r="3" t="14" w="1142" /><ent r="3" t="14" w="1141" /><ent r="5" t="46" w="113" /><ent r="5" t="46" w="112" /><ent r="3" t="46" w="424" /><ent r="3" t="46" w="423" /></phr></stem><stem n="usr/local/imdc"><phr n="usr/local/imdc"><ent r="3" t="14" w="1143" /><ent r="3" t="14" w="1141" /><ent r="5" t="46" w="114" /><ent r="5" t="46" w="112" /><ent r="3" t="46" w="425" /><ent r="3" t="46" w="423" /></phr></stem><stem n="imdc"><phr n="imdc"><ent r="3" t="14" w="1143" /><ent r="3" t="14" w="1147" /><ent r="5" t="46" w="114" /><ent r="5" t="46" w="118" /><ent r="5" t="46" w="132" /><ent r="3" t="46" w="425" /><ent r="3" t="46" w="429" /></phr><phr n="IMDC"><ent r="3" t="14" w="1158" /><ent r="4" t="49" w="242" /><ent r="4" t="49" w="246" /><ent r="4" t="49" w="268" /></phr></stem><stem n="usr/local/imdc/cor"><phr n="usr/local/imdc/core"><ent r="3" t="14" w="1144" /><ent r="3" t="14" w="1141" /><ent r="5" t="46" w="115" /><ent r="5" t="46" w="112" /><ent r="3" t="46" w="426" /><ent r="3" t="46" w="423" /></phr></stem><stem n="core"><phr n="core"><ent r="3" t="14" w="1144" /><ent r="5" t="46" w="115" /><ent r="5" t="46" w="130" /><ent r="3" t="46" w="426" /></phr></stem><stem n="usr/local/imdc/core/python"><phr n="usr/local/imdc/core/python"><ent r="3" t="14" w="1145" /><ent r="3" t="14" w="1141" /><ent r="5" t="46" w="116" /><ent r="5" t="46" w="112" /><ent r="3" t="46" w="427" /><ent r="3" t="46" w="423" /></phr></stem><stem n="usr/local/imdc/core/python/bin"><phr n="usr/local/imdc/core/python/bin"><ent r="3" t="14" w="1146" /><ent r="3" t="14" w="1141" /><ent r="5" t="46" w="117" /><ent r="5" t="46" w="112" /><ent r="3" t="46" w="428" /><ent r="3" t="46" w="423" /></phr></stem><stem n="bin"><phr n="bin"><ent r="3" t="14" w="1146" /><ent r="3" t="45" w="23" /><ent r="5" t="46" w="117" /><ent r="3" t="46" w="428" /><ent r="3" t="61" w="463" /></phr></stem><stem n="#!/usr/local/imdc/core/python/bin/imdc"><phr n="#!/usr/local/imdc/core/python/bin/imdc"><ent r="3" t="14" w="1147" /></phr></stem><stem n="usr/local/imdc/core/python/bin/imdc"><phr n="usr/local/imdc/core/python/bin/imdc"><ent r="3" t="14" w="1147" /><ent r="3" t="14" w="1141" /><ent r="5" t="46" w="118" /><ent r="5" t="46" w="112" /><ent r="3" t="46" w="429" /><ent r="3" t="46" w="423" /></phr></stem><stem n="-oo"><phr n="-OO"><ent r="3" t="14" w="1148" /><ent r="3" t="14" w="1148" /><ent r="5" t="46" w="119" /><ent r="5" t="46" w="119" /><ent r="5" t="46" w="134" /><ent r="5" t="46" w="134" /><ent r="5" t="46" w="166" /><ent r="5" t="46" w="166" /><ent r="3" t="46" w="430" /><ent r="3" t="46" w="430" /></phr></stem><stem n="oo"><phr n="OO"><ent r="3" t="14" w="1148" /><ent r="3" t="46" w="97" /><ent r="5" t="46" w="119" /><ent r="5" t="46" w="134" /><ent r="5" t="46" w="166" /><ent r="3" t="46" w="430" /></phr></stem><stem n="#"><phr n="#"><ent r="3" t="14" w="1149" /><ent r="3" t="14" w="1160" /><ent r="3" t="14" w="1162" /><ent r="3" t="14" w="1173" /><ent r="3" t="14" w="1204" /><ent r="3" t="14" w="1218" /><ent r="3" t="14" w="1232" /><ent r="3" t="14" w="1239" /><ent r="3" t="14" w="1251" /><ent r="3" t="14" w="1257" /><ent r="3" t="14" w="1267" /><ent r="3" t="14" w="1280" /><ent r="3" t="14" w="1295" /><ent r="3" t="14" w="1306" /><ent r="4" t="35" w="1000" /><ent r="4" t="35" w="1066" /><ent r="4" t="37" w="559" /><ent r="4" t="37" w="612" /><ent r="4" t="37" w="1015" /><ent r="82" t="37" w="2053" /><ent r="83" t="37" w="2641" /><ent r="3" t="37" w="2676" /><ent r="4" t="37" w="2723" /><ent r="3" t="44" w="261" /><ent r="3" t="44" w="585" /><ent r="3" t="44" w="608" /><ent r="3" t="44" w="616" /><ent r="3" t="45" w="25" /><ent r="3" t="45" w="38" /><ent r="3" t="45" w="52" /><ent r="3" t="46" w="431" /><ent r="3" t="46" w="461" /><ent r="3" t="49" w="675" /><ent r="3" t="49" w="678" /><ent r="3" t="49" w="687" /><ent r="3" t="49" w="698" /><ent r="3" t="49" w="703" /><ent r="3" t="49" w="727" /><ent r="3" t="49" w="731" /><ent r="3" t="49" w="734" /><ent r="3" t="49" w="805" /><ent r="3" t="49" w="828" /><ent r="3" t="49" w="850" /><ent r="3" t="49" w="885" /><ent r="3" t="49" w="892" /><ent r="3" t="61" w="465" /><ent r="3" t="61" w="476" /><ent r="3" t="61" w="476" /><ent r="3" t="61" w="536" /><ent r="3" t="61" w="550" /><ent r="3" t="61" w="577" /><ent r="3" t="61" w="616" /><ent r="3" t="61" w="665" /><ent r="3" t="61" w="684" /><ent r="3" t="61" w="692" /><ent r="3" t="61" w="752" /><ent r="3" t="61" w="758" /><ent r="3" t="61" w="764" /><ent r="3" t="61" w="769" /><ent r="3" t="61" w="775" /><ent r="3" t="61" w="805" /><ent r="3" t="61" w="837" /><ent r="3" t="61" w="865" /><ent r="3" t="72" w="92" /><ent r="3" t="72" w="95" /></phr></stem><stem n="sy"><phr n="sys"><ent r="3" t="14" w="1180" /><ent r="3" t="14" w="1188" /><ent r="3" t="14" w="1249" /><ent r="3" t="14" w="1323" /><ent r="3" t="26" w="370" /><ent r="3" t="26" w="446" /><ent r="3" t="44" w="582" /><ent r="3" t="44" w="605" /><ent r="3" t="44" w="613" /><ent r="3" t="44" w="625" /><ent r="3" t="44" w="685" /><ent r="3" t="46" w="440" /><ent r="3" t="46" w="443" /><ent r="3" t="46" w="451" /><ent r="3" t="46" w="454" /><ent r="3" t="46" w="458" /><ent r="3" t="46" w="489" /><ent r="3" t="49" w="712" /><ent r="3" t="49" w="743" /><ent r="3" t="49" w="882" /><ent r="3" t="49" w="936" /></phr></stem><stem n="getopt"><phr n="getopt"><ent r="3" t="14" w="1182" /><ent r="3" t="14" w="1186" /><ent r="3" t="14" w="1187" /><ent r="3" t="14" w="1192" /><ent r="3" t="14" w="1196" /><ent r="3" t="49" w="714" /><ent r="3" t="49" w="741" /><ent r="3" t="49" w="742" /><ent r="3" t="49" w="747" /><ent r="3" t="49" w="751" /></phr><phr n="getopts"><ent r="3" t="61" w="491" /></phr></stem><stem n="opt"><phr n="opts"><ent r="3" t="14" w="1184" /><ent r="3" t="49" w="739" /></phr></stem><stem n="getopt.getopt"><phr n="getopt.getopt"><ent r="3" t="14" w="1187" /><ent r="3" t="14" w="1186" /><ent r="3" t="49" w="742" /><ent r="3" t="49" w="741" /></phr></stem><stem n="sys.argv"><phr n="sys.argv"><ent r="3" t="14" w="1189" /><ent r="3" t="14" w="1188" /><ent r="3" t="44" w="606" /><ent r="3" t="44" w="605" /><ent r="3" t="44" w="614" /><ent r="3" t="44" w="613" /><ent r="3" t="46" w="444" /><ent r="3" t="46" w="443" /><ent r="3" t="46" w="452" /><ent r="3" t="46" w="451" /><ent r="3" t="46" w="459" /><ent r="3" t="46" w="458" /><ent r="3" t="49" w="744" /><ent r="3" t="49" w="743" /></phr></stem><stem n="argv"><phr n="argv"><ent r="3" t="14" w="1189" /><ent r="3" t="44" w="606" /><ent r="3" t="44" w="614" /><ent r="3" t="46" w="444" /><ent r="3" t="46" w="452" /><ent r="3" t="46" w="459" /><ent r="3" t="49" w="744" /></phr></stem><stem n=".getopt(sys.argv[1:],"><phr n=".getopt(sys.argv[1:],"><ent r="3" t="14" w="1191" /><ent r="3" t="49" w="746" /></phr></stem><stem n="&quot;&quot;)"><phr n="&quot;&quot;)"><ent r="3" t="14" w="1191" /><ent r="3" t="49" w="746" /><ent r="3" t="61" w="1344" /></phr></stem><stem n="getopt.getopterror"><phr n="getopt.GetoptError"><ent r="3" t="14" w="1193" /><ent r="3" t="14" w="1192" /><ent r="3" t="49" w="748" /><ent r="3" t="49" w="747" /></phr></stem><stem n="getopterror"><phr n="GetoptError"><ent r="3" t="14" w="1193" /><ent r="3" t="49" w="748" /></phr></stem><stem n="getopt.getopterror,"><phr n="getopt.GetoptError,"><ent r="3" t="14" w="1193" /><ent r="3" t="14" w="1192" /><ent r="3" t="49" w="748" /><ent r="3" t="49" w="747" /></phr></stem><stem n=".getopterror,"><phr n=".GetoptError,"><ent r="3" t="14" w="1194" /><ent r="3" t="49" w="749" /></phr></stem><stem n="err"><phr n="err"><ent r="3" t="14" w="1194" /><ent r="3" t="14" w="1199" /><ent r="3" t="16" w="155" /><ent r="3" t="16" w="1207" /><ent r="3" t="44" w="893" /><ent r="3" t="44" w="902" /><ent r="3" t="49" w="749" /><ent r="3" t="49" w="754" /></phr></stem><stem n="&quot;getopt"><phr n="&quot;getopt"><ent r="3" t="14" w="1196" /><ent r="3" t="49" w="751" /></phr></stem><stem n="%d&quot;"><phr n="%d&quot;"><ent r="3" t="14" w="1199" /><ent r="3" t="49" w="754" /></phr></stem><stem n="(err)"><phr n="(err)"><ent r="3" t="14" w="1200" /><ent r="3" t="49" w="755" /></phr></stem><stem n="(args[0]"><phr n="(args[0]"><ent r="3" t="14" w="1203" /></phr></stem><stem n="=="><phr n="=="><ent r="3" t="14" w="1203" /><ent r="3" t="14" w="1266" /><ent r="3" t="16" w="2189" /><ent r="3" t="22" w="1420" /><ent r="3" t="22" w="1428" /><ent r="3" t="22" w="1437" /><ent r="3" t="22" w="1446" /><ent r="3" t="22" w="1454" /><ent r="3" t="22" w="1477" /><ent r="3" t="22" w="1485" /><ent r="3" t="22" w="1493" /><ent r="3" t="22" w="1512" /><ent r="3" t="22" w="1520" /><ent r="3" t="22" w="1528" /><ent r="3" t="24" w="937" /><ent r="3" t="25" w="71" /><ent r="3" t="25" w="79" /><ent r="3" t="29" w="1046" /><ent r="3" t="29" w="1057" /><ent r="3" t="37" w="1747" /><ent r="5" t="77" w="164" /></phr></stem><stem n="&quot;$numericparam&quot;):"><phr n="&quot;$numericParam&quot;):"><ent r="3" t="14" w="1204" /></phr></stem><stem n="int"><phr n="int"><ent r="3" t="14" w="1229" /><ent r="3" t="24" w="1048" /><ent r="3" t="24" w="1107" /></phr></stem><stem n="(args[0])"><phr n="(args[0])"><ent r="3" t="14" w="1232" /></phr></stem><stem n="convert"><phr n="convert"><ent r="3" t="14" w="1233" /><ent r="3" t="24" w="2373" /><ent r="3" t="34" w="957" /></phr><phr n="converts"><ent r="6" t="16" w="680" /></phr><phr n="converted"><ent r="6" t="16" w="697" /><ent r="3" t="34" w="996" /><ent r="3" t="34" w="1007" /><ent r="3" t="37" w="2547" /><ent r="3" t="37" w="2560" /></phr><phr n="Convert"><ent r="3" t="61" w="616" /><ent r="3" t="61" w="1033" /></phr></stem><stem n="stdin"><phr n="stdin"><ent r="3" t="14" w="1241" /><ent r="3" t="14" w="1250" /><ent r="3" t="14" w="1252" /><ent r="4" t="41" w="223" /><ent r="3" t="41" w="486" /></phr><phr n="STDIN"><ent r="3" t="40" w="1193" /><ent r="92" t="40" w="1201" /><ent r="4" t="40" w="1257" /><ent r="64" t="40" w="1267" /><ent r="4" t="41" w="79" /><ent r="65" t="41" w="235" /><ent r="4" t="41" w="384" /><ent r="65" t="41" w="390" /><ent r="92" t="41" w="438" /></phr></stem><stem n=".stdin"><phr n=".stdin"><ent r="3" t="14" w="1250" /></phr></stem><stem n="sys.stdin"><phr n="sys.stdin"><ent r="3" t="14" w="1250" /><ent r="3" t="14" w="1249" /></phr></stem><stem n="f.readlin"><phr n="f.readline"><ent r="3" t="14" w="1255" /><ent r="3" t="14" w="1254" /></phr></stem><stem n="readlin"><phr n="readline"><ent r="3" t="14" w="1255" /></phr></stem><stem n=".readline().strip()"><phr n=".readline().strip()"><ent r="3" t="14" w="1257" /></phr></stem><stem n="trail"><phr n="trailing"><ent r="3" t="14" w="1262" /><ent r="3" t="16" w="198" /><ent r="3" t="26" w="76" /><ent r="3" t="26" w="107" /><ent r="4" t="26" w="247" /><ent r="3" t="26" w="378" /><ent r="4" t="60" w="95" /></phr></stem><stem n="whitespac"><phr n="whitespace"><ent r="3" t="14" w="1263" /></phr><phr n="Whitespace"><ent r="100" t="72" w="90" /></phr></stem><stem n="(searchstr"><phr n="(searchString"><ent r="3" t="14" w="1265" /></phr></stem><stem n="&quot;$searchstring&quot;):"><phr n="&quot;$SearchString&quot;):"><ent r="3" t="14" w="1267" /></phr></stem><stem n="retcod"><phr n="retcode"><ent r="3" t="14" w="1289" /><ent r="3" t="14" w="1325" /><ent r="3" t="44" w="600" /><ent r="3" t="44" w="647" /><ent r="3" t="44" w="687" /><ent r="3" t="49" w="807" /><ent r="3" t="49" w="884" /><ent r="3" t="49" w="890" /><ent r="3" t="49" w="938" /></phr></stem><stem n="=0"><phr n="=0"><ent r="3" t="14" w="1290" /></phr></stem><stem n="anoth"><phr n="another"><ent r="3" t="14" w="1296" /><ent r="3" t="19" w="968" /><ent r="3" t="19" w="983" /><ent r="3" t="21" w="239" /><ent r="3" t="28" w="257" /><ent r="3" t="28" w="278" /><ent r="3" t="32" w="1172" /><ent r="3" t="34" w="102" /><ent r="3" t="34" w="110" /><ent r="4" t="35" w="855" /><ent r="3" t="35" w="1400" /><ent r="4" t="66" w="101" /><ent r="4" t="66" w="127" /><ent r="4" t="66" w="172" /><ent r="3" t="69" w="18" /><ent r="3" t="69" w="136" /><ent r="3" t="69" w="168" /></phr></stem><stem n="number+1"><phr n="number+1"><ent r="3" t="14" w="1305" /></phr></stem><stem n="increment"><phr n="increment"><ent r="3" t="14" w="1306" /></phr><phr n="incremented"><ent r="7" t="68" w="506" /></phr></stem><stem n="retstr"><phr n="retstring"><ent r="3" t="14" w="1311" /><ent r="3" t="14" w="1322" /></phr></stem><stem n="&quot;hunki"><phr n="&quot;Hunky"><ent r="3" t="14" w="1312" /></phr></stem><stem n="hunki"><phr n="Hunky"><ent r="3" t="14" w="1312" /></phr></stem><stem n="dori"><phr n="Dory"><ent r="3" t="14" w="1313" /></phr></stem><stem n="&quot;\{"><phr n="&quot;\{"><ent r="3" t="14" w="1315" /><ent r="3" t="45" w="57" /><ent r="3" t="49" w="873" /><ent r="3" t="49" w="923" /></phr></stem><stem n="'%s',"><phr n="'%s',"><ent r="3" t="14" w="1317" /><ent r="3" t="49" w="875" /><ent r="3" t="49" w="925" /></phr></stem><stem n="'%d'"><phr n="'%d'"><ent r="3" t="14" w="1319" /></phr></stem><stem n="%s&quot;"><phr n="%s&quot;"><ent r="3" t="14" w="1320" /><ent r="3" t="46" w="487" /><ent r="3" t="49" w="878" /></phr></stem><stem n="(searchstring,"><phr n="(searchString,"><ent r="3" t="14" w="1321" /></phr></stem><stem n="sys.exit"><phr n="sys.exit"><ent r="3" t="14" w="1324" /><ent r="3" t="14" w="1323" /><ent r="3" t="44" w="626" /><ent r="3" t="44" w="625" /><ent r="3" t="44" w="686" /><ent r="3" t="44" w="685" /><ent r="3" t="46" w="455" /><ent r="3" t="46" w="454" /><ent r="3" t="46" w="490" /><ent r="3" t="46" w="489" /><ent r="3" t="49" w="883" /><ent r="3" t="49" w="882" /><ent r="3" t="49" w="937" /><ent r="3" t="49" w="936" /></phr></stem></index>