<?xml version="1.0" encoding="utf-8"?><index><stem n="(see"><phr n="(see"><ent r="6" t="16" w="810" /><ent r="4" t="16" w="1130" /><ent r="4" t="55" w="190" /></phr><phr n="(See"><ent r="4" t="24" w="2313" /><ent r="3" t="24" w="2390" /><ent r="4" t="37" w="478" /><ent r="4" t="40" w="1002" /></phr></stem><stem n="trapvari"><phr n="TrapVariable"><ent r="7" t="16" w="841" /><ent r="100" t="29" w="21" /><ent r="100" t="29" w="24" /></phr><phr n="TRAPVARIABLE"><ent r="3" t="22" w="1336" /><ent r="3" t="22" w="1353" /><ent r="3" t="22" w="1370" /><ent r="3" t="29" w="567" /><ent r="3" t="29" w="647" /><ent r="3" t="29" w="652" /><ent r="3" t="29" w="658" /><ent r="3" t="29" w="663" /><ent r="3" t="29" w="668" /><ent r="3" t="29" w="674" /><ent r="3" t="29" w="680" /><ent r="3" t="29" w="686" /><ent r="3" t="29" w="692" /><ent r="3" t="29" w="698" /><ent r="3" t="29" w="717" /><ent r="3" t="29" w="724" /><ent r="3" t="29" w="735" /><ent r="4" t="29" w="786" /><ent r="4" t="29" w="790" /><ent r="4" t="29" w="794" /><ent r="4" t="29" w="798" /><ent r="4" t="29" w="801" /><ent r="4" t="29" w="804" /><ent r="4" t="29" w="807" /><ent r="4" t="29" w="810" /><ent r="3" t="29" w="982" /><ent r="3" t="29" w="991" /><ent r="3" t="29" w="999" /><ent r="3" t="29" w="1089" /><ent r="3" t="29" w="1098" /><ent r="3" t="29" w="1106" /><ent r="3" t="32" w="1188" /><ent r="3" t="32" w="1202" /><ent r="3" t="32" w="1216" /><ent r="3" t="32" w="1233" /><ent r="3" t="32" w="1248" /><ent r="3" t="32" w="1264" /><ent r="3" t="32" w="1277" /><ent r="3" t="32" w="1282" /><ent r="3" t="32" w="1287" /><ent r="3" t="32" w="1291" /><ent r="3" t="32" w="1295" /><ent r="3" t="32" w="1300" /><ent r="3" t="32" w="1305" /><ent r="3" t="32" w="1309" /><ent r="3" t="32" w="1314" /><ent r="3" t="32" w="1319" /><ent r="3" t="32" w="1330" /><ent r="3" t="32" w="1336" /><ent r="3" t="32" w="1342" /><ent r="3" t="32" w="1348" /><ent r="3" t="32" w="1354" /><ent r="3" t="32" w="1360" /><ent r="3" t="32" w="1366" /><ent r="3" t="32" w="1372" /><ent r="3" t="32" w="1378" /><ent r="3" t="32" w="1384" /><ent r="3" t="32" w="1390" /><ent r="3" t="32" w="1396" /><ent r="3" t="32" w="1402" /><ent r="3" t="32" w="1408" /><ent r="3" t="32" w="1414" /><ent r="3" t="32" w="1420" /><ent r="3" t="32" w="1426" /><ent r="3" t="32" w="1432" /><ent r="3" t="32" w="1438" /><ent r="3" t="32" w="1444" /><ent r="3" t="32" w="1450" /><ent r="3" t="32" w="1456" /><ent r="3" t="32" w="1462" /><ent r="3" t="32" w="1468" /><ent r="3" t="32" w="1474" /><ent r="3" t="32" w="1480" /><ent r="3" t="32" w="1486" /><ent r="3" t="32" w="1492" /><ent r="3" t="32" w="1498" /><ent r="3" t="32" w="1504" /></phr><phr n="trapvariable"><ent r="3" t="29" w="770" /></phr><phr n="TrapVariables"><ent r="3" t="32" w="1148" /></phr></stem><stem n="discuss"><phr n="discussion"><ent r="6" t="16" w="857" /><ent r="4" t="40" w="1007" /><ent r="3" t="58" w="165" /></phr></stem><stem n="ipaddress"><phr n="IPADDRESS"><ent r="7" t="16" w="871" /></phr><phr n="IPAddress"><ent r="9" t="16" w="974" /></phr></stem><stem n="-byte"><phr n="-byte"><ent r="6" t="16" w="876" /><ent r="6" t="16" w="876" /><ent r="6" t="16" w="886" /><ent r="6" t="16" w="886" /></phr></stem><stem n="4-byte"><phr n="4-byte"><ent r="6" t="16" w="876" /></phr></stem><stem n="ipv4"><phr n="IPv4"><ent r="6" t="16" w="882" /></phr></stem><stem n="16"><phr n="16"><ent r="6" t="16" w="886" /><ent r="3" t="37" w="2448" /><ent r="3" t="37" w="3918" /><ent r="3" t="37" w="4004" /><ent r="3" t="37" w="4400" /><ent r="3" t="37" w="4426" /><ent r="3" t="37" w="4455" /><ent r="3" t="37" w="4457" /><ent r="4" t="37" w="4494" /><ent r="3" t="37" w="4497" /><ent r="3" t="55" w="842" /><ent r="3" t="55" w="1127" /></phr></stem><stem n="16-byte"><phr n="16-byte"><ent r="6" t="16" w="886" /></phr></stem><stem n="ipv6"><phr n="IPv6"><ent r="6" t="16" w="892" /></phr></stem><stem n="inher"><phr n="inherent"><ent r="6" t="16" w="906" /></phr></stem><stem n="(one"><phr n="(one"><ent r="6" t="16" w="908" /><ent r="4" t="22" w="697" /></phr></stem><stem n="declar"><phr n="declared"><ent r="6" t="16" w="922" /><ent r="3" t="16" w="2051" /><ent r="3" t="16" w="2071" /><ent r="3" t="29" w="62" /><ent r="3" t="29" w="968" /></phr><phr n="declares"><ent r="4" t="19" w="1561" /></phr><phr n="declare"><ent r="4" t="19" w="1927" /><ent r="4" t="77" w="82" /></phr></stem><stem n="counter32"><phr n="Counter32"><ent r="9" t="16" w="938" /></phr></stem><stem n="counter64"><phr n="Counter64"><ent r="9" t="16" w="939" /></phr></stem><stem n="unsigned32"><phr n="Unsigned32"><ent r="9" t="16" w="944" /></phr></stem><stem n="(gauge)"><phr n="(Gauge)"><ent r="9" t="16" w="946" /></phr></stem><stem n="octetstr"><phr n="OctetString"><ent r="9" t="16" w="954" /><ent r="100" t="55" w="825" /><ent r="3" t="55" w="870" /><ent r="3" t="55" w="927" /><ent r="3" t="55" w="945" /><ent r="3" t="55" w="964" /><ent r="3" t="55" w="1043" /></phr></stem><stem n="1st"><phr n="1st"><ent r="9" t="16" w="958" /><ent r="9" t="16" w="964" /></phr></stem><stem n="printabl"><phr n="printable"><ent r="9" t="16" w="960" /><ent r="9" t="16" w="967" /></phr></stem><stem n="timetick"><phr n="TimeTicks"><ent r="9" t="16" w="978" /><ent r="100" t="55" w="823" /><ent r="3" t="55" w="911" /><ent r="3" t="55" w="999" /><ent r="3" t="55" w="1062" /></phr></stem><stem n="-legend"><phr n="-legend"><ent r="5" t="16" w="982" /><ent r="5" t="16" w="982" /></phr></stem><stem n="incorpor"><phr n="incorporate"><ent r="4" t="16" w="1004" /><ent r="4" t="46" w="181" /></phr><phr n="incorporates"><ent r="4" t="37" w="2862" /></phr></stem><stem n="embed"><phr n="embedded"><ent r="4" t="16" w="1011" /><ent r="4" t="24" w="237" /><ent r="3" t="46" w="14" /></phr><phr n="embedding"><ent r="92" t="40" w="514" /></phr></stem><stem n="slightli"><phr n="slightly"><ent r="4" t="16" w="1030" /><ent r="4" t="38" w="388" /></phr></stem><stem n="scalar"><phr n="scalar"><ent r="4" t="16" w="1056" /><ent r="4" t="16" w="1551" /><ent r="5" t="16" w="1624" /><ent r="3" t="24" w="2377" /></phr><phr n="Scalar"><ent r="92" t="16" w="1535" /><ent r="5" t="19" w="155" /></phr><phr n="scalars"><ent r="4" t="19" w="238" /></phr></stem><stem n="scalar'"><phr n="scalar's"><ent r="4" t="16" w="1057" /><ent r="4" t="16" w="1056" /></phr></stem><stem n="-demand"><phr n="-Demand"><ent r="65" t="16" w="1084" /><ent r="65" t="16" w="1084" /></phr><phr n="-demand"><ent r="3" t="19" w="67" /><ent r="3" t="19" w="67" /><ent r="3" t="19" w="93" /><ent r="3" t="19" w="93" /><ent r="3" t="19" w="97" /><ent r="3" t="19" w="97" /><ent r="3" t="19" w="119" /><ent r="3" t="19" w="119" /><ent r="3" t="19" w="398" /><ent r="3" t="19" w="398" /><ent r="3" t="19" w="535" /><ent r="3" t="19" w="535" /><ent r="3" t="19" w="720" /><ent r="3" t="19" w="720" /><ent r="4" t="19" w="815" /><ent r="4" t="19" w="815" /><ent r="3" t="19" w="1168" /><ent r="3" t="19" w="1168" /><ent r="92" t="19" w="1511" /><ent r="92" t="19" w="1511" /><ent r="3" t="19" w="1523" /><ent r="3" t="19" w="1523" /><ent r="92" t="19" w="1730" /><ent r="92" t="19" w="1730" /><ent r="3" t="19" w="1806" /><ent r="3" t="19" w="1806" /><ent r="4" t="19" w="1861" /><ent r="4" t="19" w="1861" /><ent r="4" t="19" w="1891" /><ent r="4" t="19" w="1891" /></phr></stem><stem n="on-demand"><phr n="On-Demand"><ent r="65" t="16" w="1084" /></phr><phr n="on-demand"><ent r="3" t="19" w="67" /><ent r="3" t="19" w="93" /><ent r="3" t="19" w="119" /><ent r="3" t="19" w="398" /><ent r="3" t="19" w="535" /><ent r="3" t="19" w="720" /><ent r="4" t="19" w="815" /><ent r="3" t="19" w="1168" /><ent r="3" t="19" w="1523" /><ent r="3" t="19" w="1806" /><ent r="4" t="19" w="1891" /></phr><phr n="On-demand"><ent r="3" t="19" w="97" /><ent r="92" t="19" w="1511" /><ent r="92" t="19" w="1730" /><ent r="4" t="19" w="1861" /></phr></stem><stem n="issu"><phr n="issues"><ent r="4" t="16" w="1112" /><ent r="3" t="34" w="65" /></phr><phr n="Issue"><ent r="3" t="32" w="418" /><ent r="3" t="32" w="571" /><ent r="100" t="37" w="22" /><ent r="100" t="37" w="2229" /></phr><phr n="issue"><ent r="4" t="37" w="2233" /><ent r="4" t="49" w="397" /><ent r="3" t="58" w="319" /></phr><phr n="issuing"><ent r="3" t="60" w="19" /></phr></stem><stem n="unless"><phr n="unless"><ent r="4" t="16" w="1122" /><ent r="4" t="22" w="848" /><ent r="3" t="22" w="1236" /><ent r="3" t="35" w="881" /><ent r="3" t="55" w="404" /><ent r="3" t="61" w="373" /><ent r="3" t="61" w="380" /></phr><phr n="Unless"><ent r="100" t="55" w="10" /></phr></stem><stem n="pdutyp"><phr n="pdutype"><ent r="4" t="16" w="1124" /><ent r="5" t="18" w="86" /><ent r="3" t="18" w="189" /><ent r="3" t="25" w="61" /><ent r="5" t="25" w="121" /><ent r="3" t="27" w="133" /></phr><phr n="Pdutype"><ent r="100" t="18" w="84" /><ent r="100" t="25" w="54" /></phr></stem><stem n="get-request"><phr n="get-request"><ent r="4" t="16" w="1128" /><ent r="5" t="18" w="87" /><ent r="3" t="18" w="190" /><ent r="3" t="25" w="62" /><ent r="5" t="25" w="122" /><ent r="3" t="26" w="813" /><ent r="3" t="27" w="134" /></phr><phr n="Get-Request"><ent r="100" t="18" w="91" /><ent r="4" t="18" w="101" /><ent r="100" t="25" w="126" /><ent r="4" t="25" w="136" /></phr></stem><stem n="&quot;get-request&quot;"><phr n="&quot;get-request&quot;"><ent r="4" t="16" w="1130" /><ent r="3" t="25" w="64" /><ent r="3" t="27" w="136" /></phr></stem><stem n="sysloc"><phr n="sysLocation"><ent r="3" t="16" w="1188" /><ent r="3" t="16" w="1189" /><ent r="4" t="16" w="1284" /></phr></stem><stem n="syslocation.0"><phr n="sysLocation.0"><ent r="3" t="16" w="1190" /><ent r="3" t="16" w="1189" /><ent r="4" t="16" w="1285" /><ent r="4" t="16" w="1284" /></phr></stem><stem n="syslocation.0,"><phr n="sysLocation.0,"><ent r="3" t="16" w="1190" /><ent r="3" t="16" w="1189" /></phr></stem><stem n="ifinoctets1"><phr n="ifInOctets1"><ent r="3" t="16" w="1208" /></phr></stem><stem n="ifinoctets.1"><phr n="ifInOctets.1"><ent r="3" t="16" w="1210" /><ent r="3" t="16" w="1209" /><ent r="4" t="16" w="1364" /><ent r="4" t="16" w="1363" /><ent r="5" t="16" w="1480" /><ent r="5" t="16" w="1479" /><ent r="5" t="16" w="1602" /><ent r="5" t="16" w="1601" /></phr></stem><stem n="ifinoctets.1,"><phr n="ifInOctets.1,"><ent r="3" t="16" w="1210" /><ent r="3" t="16" w="1209" /></phr></stem><stem n=".1,"><phr n=".1,"><ent r="3" t="16" w="1211" /><ent r="3" t="19" w="575" /><ent r="3" t="19" w="1047" /><ent r="3" t="19" w="1331" /><ent r="3" t="19" w="1642" /></phr></stem><stem n="&quot;bytes/sec"><phr n="&quot;bytes/sec"><ent r="3" t="16" w="1213" /><ent r="3" t="16" w="1223" /><ent r="3" t="16" w="1723" /></phr></stem><stem n="ifinoctets2"><phr n="ifInOctets2"><ent r="3" t="16" w="1218" /><ent r="3" t="16" w="1718" /></phr></stem><stem n="ifinoctets.$if"><phr n="ifInOctets.$if"><ent r="3" t="16" w="1220" /><ent r="3" t="16" w="1219" /><ent r="3" t="16" w="1720" /><ent r="3" t="16" w="1719" /></phr></stem><stem n="$if"><phr n="$if"><ent r="3" t="16" w="1220" /><ent r="5" t="16" w="1457" /><ent r="4" t="16" w="1467" /><ent r="5" t="16" w="1496" /><ent r="4" t="16" w="1705" /><ent r="3" t="16" w="1720" /></phr></stem><stem n="ifinoctets.$if,"><phr n="ifInOctets.$if,"><ent r="3" t="16" w="1220" /><ent r="3" t="16" w="1219" /><ent r="3" t="16" w="1720" /><ent r="3" t="16" w="1719" /></phr></stem><stem n=".$if,"><phr n=".$if,"><ent r="3" t="16" w="1221" /><ent r="3" t="16" w="1721" /></phr></stem><stem n="{if}&quot;"><phr n="{if}&quot;"><ent r="3" t="16" w="1229" /><ent r="3" t="16" w="1729" /></phr></stem><stem n="tempf"><phr n="TempF"><ent r="3" t="16" w="1229" /><ent r="3" t="16" w="1771" /><ent r="3" t="16" w="1784" /></phr></stem><stem n="($tempc"><phr n="($TempC"><ent r="3" t="16" w="1230" /><ent r="5" t="16" w="1521" /><ent r="3" t="16" w="1772" /></phr></stem><stem n="$tempc"><phr n="$TempC"><ent r="3" t="16" w="1230" /><ent r="5" t="16" w="1521" /><ent r="5" t="16" w="1528" /><ent r="3" t="16" w="1772" /></phr></stem><stem n="1.8"><phr n="1.8"><ent r="3" t="16" w="1232" /><ent r="3" t="16" w="1231" /><ent r="5" t="16" w="1523" /><ent r="5" t="16" w="1522" /><ent r="3" t="16" w="1774" /><ent r="3" t="16" w="1773" /></phr></stem><stem n="+32"><phr n="+32"><ent r="3" t="16" w="1233" /><ent r="5" t="16" w="1524" /><ent r="3" t="16" w="1775" /></phr></stem><stem n=".8)+32,"><phr n=".8)+32,"><ent r="3" t="16" w="1234" /><ent r="3" t="16" w="1776" /></phr></stem><stem n="$sysdescr"><phr n="$sysDescr"><ent r="5" t="16" w="1242" /><ent r="3" t="24" w="2815" /><ent r="4" t="24" w="2864" /><ent r="6" t="24" w="2891" /></phr></stem><stem n=".3.6.1.2.1.1.1.0"><phr n=".3.6.1.2.1.1.1.0"><ent r="4" t="16" w="1258" /><ent r="5" t="16" w="1671" /><ent r="3" t="55" w="869" /></phr></stem><stem n="$sysloc"><phr n="$sysLocation"><ent r="5" t="16" w="1276" /></phr></stem><stem n="(which"><phr n="(which"><ent r="4" t="16" w="1286" /><ent r="4" t="19" w="235" /><ent r="3" t="23" w="261" /><ent r="3" t="37" w="1584" /></phr></stem><stem n="equival"><phr n="equivalent"><ent r="4" t="16" w="1288" /><ent r="4" t="19" w="913" /><ent r="3" t="29" w="766" /></phr></stem><stem n="1.3.6.1.2.1.1.6"><phr n="1.3.6.1.2.1.1.6"><ent r="4" t="16" w="1299" /><ent r="4" t="16" w="1292" /><ent r="3" t="54" w="387" /><ent r="3" t="54" w="380" /><ent r="3" t="55" w="962" /><ent r="3" t="55" w="955" /></phr></stem><stem n="1.3.6.1.2.1.1.6.0"><phr n="1.3.6.1.2.1.1.6.0"><ent r="4" t="16" w="1300" /><ent r="4" t="16" w="1292" /><ent r="3" t="55" w="963" /><ent r="3" t="55" w="955" /></phr></stem><stem n=".3.6.1.2.1.1.6.0)."><phr n=".3.6.1.2.1.1.6.0)."><ent r="4" t="16" w="1301" /></phr></stem><stem n="$ipinhdrerror"><phr n="$ipInHdrErrors"><ent r="5" t="16" w="1326" /></phr></stem><stem n="*per"><phr n="*per"><ent r="4" t="16" w="1352" /></phr></stem><stem n="*."><phr n="*."><ent r="4" t="16" w="1354" /></phr></stem><stem n="$ifinoctets1"><phr n="$ifInOctets1"><ent r="5" t="16" w="1355" /><ent r="5" t="16" w="1491" /></phr></stem><stem n=".1"><phr n=".1"><ent r="4" t="16" w="1364" /><ent r="5" t="16" w="1480" /><ent r="5" t="16" w="1602" /><ent r="3" t="26" w="89" /><ent r="100" t="33" w="18" /><ent r="3" t="33" w="43" /><ent r="65" t="47" w="521" /><ent r="3" t="56" w="482" /></phr></stem><stem n="1.3.6.1.2.1.2"><phr n="1.3.6.1.2.1.2"><ent r="4" t="16" w="1371" /><ent r="4" t="16" w="1365" /><ent r="3" t="16" w="1929" /><ent r="3" t="16" w="1923" /><ent r="3" t="19" w="495" /><ent r="3" t="19" w="489" /><ent r="3" t="19" w="521" /><ent r="3" t="19" w="515" /><ent r="3" t="19" w="590" /><ent r="3" t="19" w="584" /><ent r="3" t="19" w="612" /><ent r="3" t="19" w="606" /><ent r="3" t="19" w="633" /><ent r="3" t="19" w="627" /><ent r="3" t="19" w="655" /><ent r="3" t="19" w="649" /><ent r="3" t="54" w="506" /><ent r="3" t="54" w="500" /><ent r="3" t="54" w="518" /><ent r="3" t="54" w="512" /><ent r="3" t="54" w="549" /><ent r="3" t="54" w="543" /><ent r="3" t="55" w="514" /><ent r="3" t="55" w="508" /><ent r="3" t="55" w="631" /><ent r="3" t="55" w="625" /><ent r="3" t="55" w="675" /><ent r="3" t="55" w="669" /><ent r="3" t="55" w="1075" /><ent r="3" t="55" w="1069" /><ent r="3" t="55" w="1091" /><ent r="3" t="55" w="1085" /><ent r="3" t="55" w="1109" /><ent r="3" t="55" w="1103" /></phr></stem><stem n="1.3.6.1.2.1.2.2"><phr n="1.3.6.1.2.1.2.2"><ent r="4" t="16" w="1372" /><ent r="4" t="16" w="1365" /><ent r="3" t="16" w="1930" /><ent r="3" t="16" w="1923" /><ent r="3" t="19" w="496" /><ent r="3" t="19" w="489" /><ent r="3" t="19" w="522" /><ent r="3" t="19" w="515" /><ent r="3" t="19" w="591" /><ent r="3" t="19" w="584" /><ent r="3" t="19" w="613" /><ent r="3" t="19" w="606" /><ent r="3" t="19" w="634" /><ent r="3" t="19" w="627" /><ent r="3" t="19" w="656" /><ent r="3" t="19" w="649" /><ent r="3" t="54" w="507" /><ent r="3" t="54" w="500" /><ent r="3" t="54" w="519" /><ent r="3" t="54" w="512" /><ent r="3" t="54" w="550" /><ent r="3" t="54" w="543" /><ent r="3" t="55" w="515" /><ent r="3" t="55" w="508" /><ent r="3" t="55" w="632" /><ent r="3" t="55" w="625" /><ent r="3" t="55" w="676" /><ent r="3" t="55" w="669" /><ent r="3" t="55" w="1092" /><ent r="3" t="55" w="1085" /><ent r="3" t="55" w="1110" /><ent r="3" t="55" w="1103" /></phr></stem><stem n="1.3.6.1.2.1.2.2.1"><phr n="1.3.6.1.2.1.2.2.1"><ent r="4" t="16" w="1373" /><ent r="4" t="16" w="1365" /><ent r="3" t="16" w="1931" /><ent r="3" t="16" w="1923" /><ent r="3" t="19" w="497" /><ent r="3" t="19" w="489" /><ent r="3" t="19" w="523" /><ent r="3" t="19" w="515" /><ent r="3" t="19" w="592" /><ent r="3" t="19" w="584" /><ent r="3" t="19" w="614" /><ent r="3" t="19" w="606" /><ent r="3" t="19" w="635" /><ent r="3" t="19" w="627" /><ent r="3" t="19" w="657" /><ent r="3" t="19" w="649" /><ent r="3" t="54" w="508" /><ent r="3" t="54" w="500" /><ent r="3" t="54" w="520" /><ent r="3" t="54" w="512" /><ent r="3" t="54" w="551" /><ent r="3" t="54" w="543" /><ent r="3" t="55" w="1093" /><ent r="3" t="55" w="1085" /><ent r="3" t="55" w="1111" /><ent r="3" t="55" w="1103" /></phr></stem><stem n="1.3.6.1.2.1.2.2.1.10"><phr n="1.3.6.1.2.1.2.2.1.10"><ent r="4" t="16" w="1374" /><ent r="4" t="16" w="1365" /></phr></stem><stem n="1.3.6.1.2.1.2.2.1.10.1"><phr n="1.3.6.1.2.1.2.2.1.10.1"><ent r="4" t="16" w="1375" /><ent r="4" t="16" w="1365" /></phr></stem><stem n="(1.3.6.1.2.1.2.2.1.10.1)."><phr n="(1.3.6.1.2.1.2.2.1.10.1)."><ent r="4" t="16" w="1376" /></phr></stem><stem n="final"><phr n="final"><ent r="4" t="16" w="1379" /><ent r="4" t="16" w="1581" /><ent r="4" t="19" w="890" /><ent r="4" t="24" w="126" /><ent r="3" t="28" w="262" /><ent r="4" t="35" w="680" /><ent r="3" t="37" w="1627" /><ent r="3" t="37" w="4234" /><ent r="4" t="55" w="341" /><ent r="4" t="66" w="150" /></phr><phr n="Finally"><ent r="3" t="28" w="223" /></phr></stem><stem n="&quot;1&quot;,"><phr n="&quot;1&quot;,"><ent r="4" t="16" w="1383" /><ent r="4" t="16" w="1472" /></phr></stem><stem n="row"><phr n="row"><ent r="4" t="16" w="1388" /><ent r="4" t="16" w="1595" /><ent r="4" t="16" w="1614" /><ent r="4" t="16" w="1654" /><ent r="4" t="19" w="230" /><ent r="4" t="19" w="246" /><ent r="4" t="19" w="271" /><ent r="3" t="19" w="358" /><ent r="3" t="19" w="388" /><ent r="3" t="19" w="443" /><ent r="3" t="19" w="505" /><ent r="3" t="19" w="1191" /><ent r="4" t="19" w="1390" /><ent r="3" t="19" w="1537" /><ent r="3" t="26" w="1045" /><ent r="3" t="26" w="1061" /><ent r="3" t="54" w="540" /><ent r="3" t="54" w="567" /><ent r="3" t="54" w="575" /><ent r="3" t="56" w="273" /><ent r="3" t="56" w="436" /></phr><phr n="rows"><ent r="3" t="19" w="353" /><ent r="3" t="19" w="417" /><ent r="3" t="56" w="412" /></phr></stem><stem n="(byte)"><phr n="(byte)"><ent r="4" t="16" w="1406" /></phr></stem><stem n="&quot;per-second&quot;."><phr n="&quot;per-second&quot;."><ent r="4" t="16" w="1420" /></phr></stem><stem n="elsewher"><phr n="elsewhere"><ent r="3" t="16" w="1433" /><ent r="4" t="16" w="1532" /><ent r="3" t="16" w="1818" /><ent r="4" t="19" w="780" /><ent r="3" t="35" w="1154" /></phr></stem><stem n="perhap"><phr n="perhaps"><ent r="3" t="16" w="1434" /><ent r="3" t="22" w="919" /></phr></stem><stem n="$ifinoctets2"><phr n="$ifInOctets2"><ent r="5" t="16" w="1447" /></phr></stem><stem n="substitut"><phr n="substituting"><ent r="4" t="16" w="1460" /></phr><phr n="substitute"><ent r="3" t="28" w="339" /><ent r="3" t="35" w="1284" /><ent r="4" t="47" w="348" /></phr><phr n="substitutes"><ent r="3" t="47" w="114" /><ent r="4" t="49" w="218" /></phr></stem><stem n="$ifinoctet"><phr n="$ifInOctets"><ent r="5" t="16" w="1474" /></phr></stem><stem n="$tempf"><phr n="$TempF"><ent r="5" t="16" w="1507" /></phr></stem><stem n=".8)+32"><phr n=".8)+32"><ent r="5" t="16" w="1524" /></phr></stem><stem n="element"><phr n="element"><ent r="4" t="16" w="1562" /><ent r="4" t="16" w="1590" /><ent r="4" t="16" w="1598" /><ent r="3" t="20" w="209" /></phr><phr n="elements"><ent r="3" t="65" w="138" /><ent r="3" t="66" w="69" /></phr><phr n="Elements"><ent r="4" t="65" w="211" /></phr></stem><stem n="&quot;one"><phr n="&quot;one"><ent r="4" t="16" w="1628" /></phr></stem><stem n="&quot;row&quot;."><phr n="&quot;row&quot;."><ent r="4" t="16" w="1655" /></phr></stem><stem n="sysdescr.0"><phr n="sysDescr.0"><ent r="5" t="16" w="1676" /><ent r="5" t="16" w="1675" /><ent r="3" t="24" w="2755" /><ent r="3" t="24" w="2754" /><ent r="3" t="24" w="2776" /><ent r="3" t="24" w="2775" /><ent r="4" t="24" w="2846" /><ent r="4" t="24" w="2845" /></phr></stem><stem n="&quot;.0&quot;."><phr n="&quot;.0&quot;."><ent r="4" t="16" w="1683" /></phr></stem><stem n="&quot;tempf&quot;"><phr n="&quot;TempF&quot;"><ent r="3" t="16" w="1785" /></phr></stem><stem n="(10"><phr n="(10"><ent r="4" t="16" w="1794" /><ent r="3" t="56" w="201" /></phr></stem><stem n="sin"><phr n="sin"><ent r="4" t="16" w="1795" /><ent r="4" t="24" w="533" /></phr></stem><stem n="(0.01"><phr n="(0.01"><ent r="4" t="16" w="1797" /></phr></stem><stem n="0.01"><phr n="0.01"><ent r="4" t="16" w="1797" /><ent r="4" t="16" w="1796" /></phr></stem><stem n="01"><phr n="01"><ent r="4" t="16" w="1797" /><ent r="3" t="24" w="1563" /><ent r="3" t="24" w="1594" /><ent r="4" t="24" w="1712" /><ent r="4" t="24" w="1724" /><ent r="4" t="24" w="1739" /><ent r="3" t="37" w="3878" /><ent r="3" t="37" w="4106" /></phr></stem><stem n="())"><phr n="())"><ent r="4" t="16" w="1799" /></phr></stem><stem n="sine"><phr n="sine"><ent r="3" t="16" w="1803" /><ent r="4" t="24" w="535" /></phr></stem><stem n="wave"><phr n="wave"><ent r="3" t="16" w="1804" /></phr></stem><stem n="attract"><phr n="attractive"><ent r="3" t="16" w="1808" /></phr></stem><stem n="$sinevalu"><phr n="$SineValue"><ent r="3" t="16" w="1812" /></phr></stem><stem n="&quot;$sinevalue&quot;"><phr n="&quot;$SineValue&quot;"><ent r="3" t="16" w="1813" /></phr></stem><stem n="detail"><phr n="detailed"><ent r="3" t="16" w="1835" /><ent r="3" t="16" w="1890" /><ent r="4" t="35" w="1360" /><ent r="3" t="40" w="1281" /><ent r="3" t="59" w="82" /><ent r="4" t="66" w="587" /><ent r="4" t="66" w="601" /><ent r="4" t="66" w="615" /><ent r="6" t="68" w="804" /><ent r="3" t="74" w="59" /></phr><phr n="details"><ent r="3" t="21" w="908" /><ent r="4" t="22" w="196" /><ent r="3" t="28" w="217" /><ent r="3" t="35" w="1617" /></phr><phr n="detail"><ent r="3" t="34" w="1092" /><ent r="3" t="37" w="1526" /></phr><phr n="Details"><ent r="100" t="37" w="924" /><ent r="92" t="37" w="928" /></phr></stem><stem n="{chartable[:fmt]:"><phr n="{chartable[:fmt]:"><ent r="4" t="16" w="1872" /></phr></stem><stem n="topic'"><phr n="topic's"><ent r="3" t="16" w="1898" /><ent r="3" t="16" w="1897" /><ent r="4" t="22" w="189" /><ent r="4" t="22" w="188" /></phr></stem><stem n="ifoperstatu"><phr n="ifOperStatus"><ent r="4" t="16" w="1921" /><ent r="3" t="16" w="2055" /><ent r="3" t="16" w="2077" /><ent r="3" t="16" w="2081" /><ent r="3" t="17" w="153" /><ent r="3" t="19" w="319" /><ent r="3" t="19" w="684" /><ent r="3" t="19" w="685" /><ent r="4" t="19" w="895" /><ent r="3" t="19" w="1120" /><ent r="3" t="19" w="1123" /></phr></stem><stem n="1.3.6.1.2.1.2.2.1.8"><phr n="1.3.6.1.2.1.2.2.1.8"><ent r="3" t="16" w="1932" /><ent r="3" t="16" w="1923" /></phr></stem><stem n="1.3.6.1.2.1.2.2.1.8.x"><phr n="1.3.6.1.2.1.2.2.1.8.x"><ent r="3" t="16" w="1933" /><ent r="3" t="16" w="1923" /></phr></stem><stem n="(1.3.6.1.2.1.2.2.1.8.x)"><phr n="(1.3.6.1.2.1.2.2.1.8.x)"><ent r="3" t="16" w="1934" /></phr></stem><stem n="-ii"><phr n="-II"><ent r="3" t="16" w="1937" /><ent r="3" t="16" w="1937" /><ent r="3" t="19" w="275" /><ent r="3" t="19" w="275" /></phr></stem><stem n="mib-ii"><phr n="MIB-II"><ent r="3" t="16" w="1937" /><ent r="3" t="19" w="275" /></phr></stem><stem n="{"><phr n="{"><ent r="3" t="16" w="1942" /><ent r="3" t="29" w="926" /><ent r="3" t="31" w="84" /><ent r="3" t="31" w="117" /><ent r="4" t="31" w="253" /><ent r="4" t="31" w="270" /><ent r="3" t="33" w="160" /><ent r="3" t="33" w="165" /><ent r="3" t="33" w="170" /><ent r="3" t="33" w="203" /><ent r="3" t="33" w="235" /><ent r="3" t="33" w="270" /><ent r="3" t="33" w="301" /><ent r="3" t="33" w="326" /><ent r="3" t="33" w="353" /><ent r="3" t="33" w="374" /><ent r="3" t="33" w="395" /><ent r="3" t="33" w="401" /><ent r="3" t="33" w="422" /><ent r="3" t="34" w="915" /><ent r="4" t="37" w="993" /><ent r="3" t="37" w="1057" /><ent r="3" t="37" w="1127" /><ent r="5" t="38" w="184" /></phr></stem><stem n="(1),"><phr n="(1),"><ent r="3" t="16" w="1944" /></phr></stem><stem n="(2),"><phr n="(2),"><ent r="3" t="16" w="1946" /><ent r="3" t="54" w="343" /></phr></stem><stem n="(3)"><phr n="(3)"><ent r="3" t="16" w="1948" /></phr></stem><stem n="&quot;up&quot;"><phr n="&quot;up&quot;"><ent r="3" t="16" w="1958" /></phr></stem><stem n="&quot;down&quot;;"><phr n="&quot;down&quot;;"><ent r="3" t="16" w="1962" /></phr></stem><stem n="&quot;testing&quot;."><phr n="&quot;testing&quot;."><ent r="3" t="16" w="1966" /><ent r="4" t="16" w="2033" /></phr></stem><stem n="affect"><phr n="affects"><ent r="3" t="16" w="1976" /></phr><phr n="affect"><ent r="3" t="21" w="114" /><ent r="3" t="21" w="490" /><ent r="4" t="38" w="407" /></phr><phr n="affected"><ent r="5" t="21" w="201" /><ent r="4" t="38" w="387" /></phr></stem><stem n="represent"><phr n="representation"><ent r="4" t="16" w="2018" /><ent r="3" t="77" w="30" /></phr></stem><stem n="&quot;up&quot;,"><phr n="&quot;up&quot;,"><ent r="4" t="16" w="2030" /></phr></stem><stem n="&quot;down&quot;,"><phr n="&quot;down&quot;,"><ent r="4" t="16" w="2031" /></phr></stem><stem n="variable1"><phr n="variable1"><ent r="3" t="16" w="2054" /><ent r="65" t="37" w="794" /><ent r="4" t="37" w="804" /><ent r="4" t="37" w="812" /><ent r="83" t="37" w="3079" /><ent r="3" t="37" w="3098" /><ent r="3" t="37" w="3107" /></phr></stem><stem n="ifoperstatus.3"><phr n="ifOperStatus.3"><ent r="3" t="16" w="2056" /><ent r="3" t="16" w="2055" /><ent r="3" t="16" w="2078" /><ent r="3" t="16" w="2077" /><ent r="3" t="16" w="2082" /><ent r="3" t="16" w="2081" /></phr></stem><stem n="ifoperstatus.3,"><phr n="ifOperStatus.3,"><ent r="3" t="16" w="2056" /><ent r="3" t="16" w="2055" /><ent r="3" t="16" w="2078" /><ent r="3" t="16" w="2077" /><ent r="3" t="16" w="2082" /><ent r="3" t="16" w="2081" /></phr></stem><stem n=".3,"><phr n=".3,"><ent r="3" t="16" w="2057" /><ent r="3" t="16" w="2079" /><ent r="3" t="16" w="2083" /></phr></stem><stem n="variable2"><phr n="variable2"><ent r="3" t="16" w="2076" /><ent r="65" t="37" w="795" /><ent r="4" t="37" w="806" /><ent r="83" t="37" w="3080" /><ent r="3" t="37" w="3100" /></phr></stem><stem n="variable3"><phr n="variable3"><ent r="3" t="16" w="2080" /></phr></stem><stem n="isn"><phr n="isn"><ent r="3" t="16" w="2091" /><ent r="6" t="24" w="2921" /><ent r="3" t="26" w="386" /><ent r="3" t="37" w="4533" /><ent r="6" t="70" w="896" /><ent r="6" t="70" w="1065" /></phr></stem><stem n="isn't"><phr n="isn't"><ent r="3" t="16" w="2092" /><ent r="3" t="16" w="2091" /><ent r="6" t="24" w="2922" /><ent r="6" t="24" w="2921" /><ent r="3" t="26" w="387" /><ent r="3" t="26" w="386" /><ent r="3" t="37" w="4534" /><ent r="3" t="37" w="4533" /><ent r="6" t="70" w="897" /><ent r="6" t="70" w="896" /><ent r="6" t="70" w="1066" /><ent r="6" t="70" w="1065" /></phr></stem><stem n="(becaus"><phr n="(because"><ent r="3" t="16" w="2094" /><ent r="4" t="37" w="2610" /><ent r="6" t="70" w="2079" /></phr></stem><stem n="hasn"><phr n="hasn"><ent r="3" t="16" w="2098" /></phr></stem><stem n="hasn't"><phr n="hasn't"><ent r="3" t="16" w="2099" /><ent r="3" t="16" w="2098" /></phr></stem></index>