<?xml version="1.0" encoding="utf-8"?><index><stem n="complic"><phr n="complicated"><ent r="3" t="12" w="41" /></phr></stem><stem n="simplifi"><phr n="simplified"><ent r="3" t="12" w="46" /><ent r="3" t="35" w="1750" /></phr></stem><stem n="rule"><phr n="rule"><ent r="3" t="12" w="50" /><ent r="3" t="12" w="77" /><ent r="82" t="22" w="1044" /><ent r="3" t="22" w="1098" /><ent r="3" t="22" w="1120" /><ent r="3" t="22" w="1269" /><ent r="3" t="22" w="1273" /><ent r="3" t="23" w="30" /><ent r="3" t="23" w="32" /><ent r="4" t="23" w="60" /><ent r="3" t="23" w="69" /><ent r="4" t="23" w="74" /><ent r="3" t="35" w="1754" /><ent r="3" t="54" w="131" /></phr><phr n="rules"><ent r="3" t="14" w="586" /><ent r="3" t="22" w="1061" /></phr><phr n="Rules"><ent r="3" t="37" w="960" /><ent r="3" t="37" w="1082" /></phr></stem><stem n="begin"><phr n="Begin"><ent r="3" t="12" w="52" /><ent r="4" t="35" w="1756" /></phr><phr n="beginning"><ent r="3" t="12" w="120" /><ent r="3" t="24" w="1397" /><ent r="3" t="37" w="4126" /><ent r="6" t="70" w="2276" /><ent r="3" t="71" w="382" /></phr><phr n="begin"><ent r="3" t="13" w="446" /><ent r="3" t="20" w="242" /><ent r="3" t="20" w="448" /><ent r="3" t="20" w="483" /><ent r="3" t="20" w="515" /><ent r="3" t="20" w="545" /><ent r="3" t="22" w="595" /><ent r="4" t="24" w="777" /><ent r="3" t="24" w="1187" /><ent r="3" t="24" w="1635" /><ent r="3" t="26" w="145" /><ent r="3" t="66" w="527" /></phr><phr n="begins"><ent r="3" t="26" w="205" /><ent r="4" t="37" w="1021" /><ent r="4" t="50" w="214" /></phr><phr n="BEGIN"><ent r="3" t="33" w="69" /></phr></stem><stem n="!--"><phr n="!--"><ent r="4" t="12" w="58" /><ent r="3" t="12" w="86" /><ent r="3" t="13" w="1892" /><ent r="3" t="13" w="1909" /><ent r="3" t="13" w="1947" /><ent r="3" t="13" w="1992" /><ent r="3" t="13" w="2014" /><ent r="3" t="14" w="51" /><ent r="3" t="14" w="732" /><ent r="3" t="19" w="598" /><ent r="3" t="19" w="619" /><ent r="3" t="19" w="641" /><ent r="3" t="19" w="663" /><ent r="3" t="19" w="676" /><ent r="3" t="19" w="690" /><ent r="3" t="19" w="703" /><ent r="3" t="19" w="1073" /><ent r="3" t="19" w="1084" /><ent r="3" t="19" w="1651" /><ent r="3" t="19" w="1662" /><ent r="3" t="19" w="1672" /><ent r="3" t="19" w="1682" /><ent r="3" t="19" w="1692" /><ent r="3" t="19" w="1701" /><ent r="3" t="19" w="1710" /><ent r="3" t="19" w="1720" /><ent r="3" t="20" w="291" /><ent r="3" t="27" w="10" /><ent r="3" t="32" w="21" /><ent r="3" t="32" w="708" /><ent r="5" t="35" w="1762" /><ent r="3" t="35" w="1782" /><ent r="3" t="39" w="83" /><ent r="3" t="44" w="433" /><ent r="3" t="44" w="698" /><ent r="3" t="45" w="75" /><ent r="3" t="46" w="221" /><ent r="3" t="48" w="10" /><ent r="3" t="49" w="476" /></phr></stem><stem n="--&gt;"><phr n="--&gt;"><ent r="4" t="12" w="63" /><ent r="4" t="12" w="64" /><ent r="3" t="12" w="104" /><ent r="3" t="12" w="105" /><ent r="3" t="13" w="1666" /><ent r="3" t="13" w="1667" /><ent r="3" t="13" w="1672" /><ent r="3" t="13" w="1673" /><ent r="3" t="13" w="1679" /><ent r="3" t="13" w="1680" /><ent r="3" t="13" w="1690" /><ent r="3" t="13" w="1691" /><ent r="3" t="13" w="1698" /><ent r="3" t="13" w="1699" /><ent r="3" t="13" w="1710" /><ent r="3" t="13" w="1711" /><ent r="3" t="13" w="1719" /><ent r="3" t="13" w="1720" /><ent r="3" t="13" w="1728" /><ent r="3" t="13" w="1729" /><ent r="3" t="13" w="1900" /><ent r="3" t="13" w="1901" /><ent r="3" t="13" w="1916" /><ent r="3" t="13" w="1917" /><ent r="3" t="13" w="1967" /><ent r="3" t="13" w="1968" /><ent r="3" t="13" w="1997" /><ent r="3" t="13" w="1998" /><ent r="3" t="14" w="147" /><ent r="3" t="14" w="148" /><ent r="3" t="14" w="778" /><ent r="3" t="14" w="779" /><ent r="3" t="19" w="602" /><ent r="3" t="19" w="603" /><ent r="3" t="19" w="623" /><ent r="3" t="19" w="624" /><ent r="3" t="19" w="645" /><ent r="3" t="19" w="646" /><ent r="3" t="19" w="667" /><ent r="3" t="19" w="668" /><ent r="3" t="19" w="681" /><ent r="3" t="19" w="682" /><ent r="3" t="19" w="695" /><ent r="3" t="19" w="696" /><ent r="3" t="19" w="708" /><ent r="3" t="19" w="709" /><ent r="3" t="19" w="1074" /><ent r="3" t="19" w="1075" /><ent r="3" t="19" w="1085" /><ent r="3" t="19" w="1086" /><ent r="3" t="19" w="1652" /><ent r="3" t="19" w="1653" /><ent r="3" t="19" w="1663" /><ent r="3" t="19" w="1664" /><ent r="3" t="19" w="1673" /><ent r="3" t="19" w="1674" /><ent r="3" t="19" w="1683" /><ent r="3" t="19" w="1684" /><ent r="3" t="19" w="1693" /><ent r="3" t="19" w="1694" /><ent r="3" t="19" w="1702" /><ent r="3" t="19" w="1703" /><ent r="3" t="19" w="1711" /><ent r="3" t="19" w="1712" /><ent r="3" t="19" w="1721" /><ent r="3" t="19" w="1722" /><ent r="3" t="20" w="324" /><ent r="3" t="20" w="325" /><ent r="3" t="24" w="990" /><ent r="3" t="24" w="991" /><ent r="3" t="24" w="1153" /><ent r="3" t="24" w="1154" /><ent r="3" t="24" w="1158" /><ent r="3" t="24" w="1159" /><ent r="3" t="24" w="2008" /><ent r="3" t="24" w="2009" /><ent r="3" t="24" w="2028" /><ent r="3" t="24" w="2029" /><ent r="3" t="24" w="2050" /><ent r="3" t="24" w="2051" /><ent r="3" t="24" w="2070" /><ent r="3" t="24" w="2071" /><ent r="3" t="24" w="2092" /><ent r="3" t="24" w="2093" /><ent r="3" t="24" w="2114" /><ent r="3" t="24" w="2115" /><ent r="3" t="24" w="2123" /><ent r="3" t="24" w="2124" /><ent r="3" t="24" w="2130" /><ent r="3" t="24" w="2131" /><ent r="3" t="24" w="2138" /><ent r="3" t="24" w="2139" /><ent r="3" t="24" w="2148" /><ent r="3" t="24" w="2149" /><ent r="3" t="24" w="2324" /><ent r="3" t="24" w="2325" /><ent r="3" t="24" w="2331" /><ent r="3" t="24" w="2332" /><ent r="3" t="24" w="2338" /><ent r="3" t="24" w="2339" /><ent r="3" t="24" w="2345" /><ent r="3" t="24" w="2346" /><ent r="3" t="24" w="2649" /><ent r="3" t="24" w="2650" /><ent r="3" t="24" w="2657" /><ent r="3" t="24" w="2658" /><ent r="3" t="24" w="2665" /><ent r="3" t="24" w="2666" /><ent r="3" t="24" w="2670" /><ent r="3" t="24" w="2671" /><ent r="3" t="24" w="2681" /><ent r="3" t="24" w="2682" /><ent r="3" t="24" w="2686" /><ent r="3" t="24" w="2687" /><ent r="3" t="24" w="2691" /><ent r="3" t="24" w="2692" /><ent r="3" t="27" w="90" /><ent r="3" t="27" w="91" /><ent r="3" t="32" w="118" /><ent r="3" t="32" w="119" /><ent r="3" t="32" w="1120" /><ent r="3" t="32" w="1121" /><ent r="5" t="35" w="1767" /><ent r="5" t="35" w="1768" /><ent r="3" t="35" w="1793" /><ent r="3" t="35" w="1794" /><ent r="3" t="39" w="119" /><ent r="3" t="39" w="120" /><ent r="3" t="44" w="449" /><ent r="3" t="44" w="450" /><ent r="3" t="44" w="708" /><ent r="3" t="44" w="709" /><ent r="3" t="45" w="99" /><ent r="3" t="45" w="100" /><ent r="3" t="46" w="298" /><ent r="3" t="46" w="299" /><ent r="3" t="48" w="28" /><ent r="3" t="48" w="29" /><ent r="3" t="49" w="509" /><ent r="3" t="49" w="510" /></phr></stem><stem n="&gt;"><phr n="&gt;"><ent r="4" t="12" w="63" /><ent r="3" t="12" w="104" /><ent r="3" t="13" w="1666" /><ent r="3" t="13" w="1672" /><ent r="3" t="13" w="1679" /><ent r="3" t="13" w="1690" /><ent r="3" t="13" w="1698" /><ent r="3" t="13" w="1710" /><ent r="3" t="13" w="1719" /><ent r="3" t="13" w="1728" /><ent r="3" t="13" w="1900" /><ent r="3" t="13" w="1916" /><ent r="3" t="13" w="1967" /><ent r="3" t="13" w="1997" /><ent r="3" t="13" w="2017" /><ent r="3" t="13" w="2220" /><ent r="3" t="13" w="2230" /><ent r="3" t="13" w="2238" /><ent r="3" t="13" w="2248" /><ent r="3" t="14" w="147" /><ent r="3" t="14" w="778" /><ent r="3" t="17" w="160" /><ent r="3" t="17" w="167" /><ent r="3" t="17" w="176" /><ent r="3" t="17" w="181" /><ent r="3" t="17" w="189" /><ent r="3" t="17" w="199" /><ent r="3" t="17" w="353" /><ent r="3" t="17" w="354" /><ent r="3" t="19" w="602" /><ent r="3" t="19" w="623" /><ent r="3" t="19" w="645" /><ent r="3" t="19" w="667" /><ent r="3" t="19" w="681" /><ent r="3" t="19" w="695" /><ent r="3" t="19" w="708" /><ent r="3" t="19" w="1074" /><ent r="3" t="19" w="1085" /><ent r="3" t="19" w="1652" /><ent r="3" t="19" w="1663" /><ent r="3" t="19" w="1673" /><ent r="3" t="19" w="1683" /><ent r="3" t="19" w="1693" /><ent r="3" t="19" w="1702" /><ent r="3" t="19" w="1711" /><ent r="3" t="19" w="1721" /><ent r="3" t="20" w="324" /><ent r="3" t="22" w="39" /><ent r="3" t="22" w="59" /><ent r="3" t="22" w="65" /><ent r="3" t="22" w="70" /><ent r="3" t="22" w="75" /><ent r="3" t="22" w="79" /><ent r="4" t="22" w="165" /><ent r="3" t="22" w="997" /><ent r="3" t="22" w="1091" /><ent r="3" t="22" w="1423" /><ent r="3" t="22" w="1431" /><ent r="3" t="22" w="1440" /><ent r="3" t="22" w="1449" /><ent r="3" t="22" w="1457" /><ent r="3" t="22" w="1463" /><ent r="3" t="22" w="1467" /><ent r="3" t="22" w="1480" /><ent r="3" t="22" w="1488" /><ent r="3" t="22" w="1496" /><ent r="3" t="22" w="1502" /><ent r="3" t="22" w="1506" /><ent r="3" t="22" w="1515" /><ent r="3" t="22" w="1523" /><ent r="3" t="22" w="1531" /><ent r="3" t="22" w="1537" /><ent r="3" t="22" w="1541" /><ent r="3" t="23" w="179" /><ent r="3" t="23" w="186" /><ent r="3" t="23" w="191" /><ent r="3" t="23" w="197" /><ent r="3" t="23" w="201" /><ent r="4" t="24" w="145" /><ent r="4" t="24" w="147" /><ent r="4" t="24" w="360" /><ent r="4" t="24" w="362" /><ent r="3" t="24" w="990" /><ent r="3" t="24" w="1153" /><ent r="3" t="24" w="1158" /><ent r="3" t="24" w="2008" /><ent r="3" t="24" w="2028" /><ent r="3" t="24" w="2050" /><ent r="3" t="24" w="2070" /><ent r="3" t="24" w="2092" /><ent r="3" t="24" w="2114" /><ent r="3" t="24" w="2123" /><ent r="3" t="24" w="2130" /><ent r="3" t="24" w="2138" /><ent r="3" t="24" w="2148" /><ent r="3" t="24" w="2324" /><ent r="3" t="24" w="2331" /><ent r="3" t="24" w="2338" /><ent r="3" t="24" w="2345" /><ent r="7" t="24" w="2594" /><ent r="3" t="24" w="2649" /><ent r="3" t="24" w="2657" /><ent r="3" t="24" w="2665" /><ent r="3" t="24" w="2670" /><ent r="3" t="24" w="2681" /><ent r="3" t="24" w="2686" /><ent r="3" t="24" w="2691" /><ent r="3" t="27" w="90" /><ent r="4" t="31" w="54" /><ent r="3" t="32" w="118" /><ent r="3" t="32" w="1120" /><ent r="6" t="34" w="772" /><ent r="6" t="34" w="802" /><ent r="5" t="35" w="1767" /><ent r="3" t="35" w="1793" /><ent r="3" t="39" w="119" /><ent r="3" t="44" w="449" /><ent r="3" t="44" w="708" /><ent r="3" t="45" w="99" /><ent r="3" t="46" w="298" /><ent r="3" t="48" w="28" /><ent r="3" t="49" w="509" /><ent r="5" t="50" w="72" /><ent r="5" t="55" w="718" /><ent r="5" t="55" w="720" /><ent r="4" t="56" w="744" /><ent r="4" t="56" w="782" /><ent r="4" t="56" w="792" /><ent r="3" t="59" w="29" /><ent r="3" t="59" w="34" /><ent r="3" t="61" w="522" /><ent r="3" t="61" w="609" /><ent r="3" t="61" w="990" /><ent r="3" t="61" w="1122" /><ent r="4" t="66" w="473" /><ent r="3" t="67" w="108" /><ent r="3" t="67" w="136" /><ent r="5" t="67" w="224" /><ent r="7" t="70" w="1172" /><ent r="7" t="70" w="1200" /><ent r="7" t="70" w="1283" /><ent r="7" t="70" w="1351" /><ent r="7" t="70" w="1364" /><ent r="7" t="70" w="1467" /><ent r="7" t="70" w="1519" /><ent r="7" t="70" w="1675" /></phr></stem><stem n="--"><phr n="--"><ent r="4" t="12" w="70" /><ent r="4" t="12" w="71" /><ent r="3" t="12" w="134" /><ent r="3" t="12" w="135" /><ent r="3" t="14" w="198" /><ent r="3" t="14" w="199" /><ent r="3" t="14" w="206" /><ent r="3" t="14" w="207" /><ent r="3" t="14" w="220" /><ent r="3" t="14" w="221" /><ent r="3" t="14" w="412" /><ent r="3" t="14" w="413" /><ent r="3" t="14" w="425" /><ent r="3" t="14" w="426" /><ent r="3" t="14" w="452" /><ent r="3" t="14" w="453" /><ent r="3" t="14" w="462" /><ent r="3" t="14" w="463" /><ent r="3" t="14" w="477" /><ent r="3" t="14" w="478" /><ent r="3" t="14" w="526" /><ent r="3" t="14" w="527" /><ent r="3" t="14" w="538" /><ent r="3" t="14" w="539" /><ent r="3" t="14" w="551" /><ent r="3" t="14" w="552" /><ent r="3" t="14" w="585" /><ent r="3" t="14" w="586" /><ent r="3" t="14" w="606" /><ent r="3" t="14" w="607" /><ent r="3" t="14" w="619" /><ent r="3" t="14" w="620" /><ent r="3" t="14" w="1049" /><ent r="3" t="14" w="1050" /><ent r="3" t="14" w="1057" /><ent r="3" t="14" w="1058" /><ent r="3" t="14" w="1083" /><ent r="3" t="14" w="1084" /><ent r="3" t="16" w="2034" /><ent r="3" t="16" w="2035" /><ent r="3" t="16" w="2058" /><ent r="3" t="16" w="2059" /><ent r="3" t="16" w="2147" /><ent r="3" t="16" w="2148" /><ent r="3" t="16" w="2161" /><ent r="3" t="16" w="2162" /><ent r="3" t="16" w="2181" /><ent r="3" t="16" w="2182" /><ent r="3" t="16" w="2205" /><ent r="3" t="16" w="2206" /><ent r="3" t="16" w="2217" /><ent r="3" t="16" w="2218" /><ent r="3" t="16" w="2248" /><ent r="3" t="16" w="2249" /><ent r="3" t="16" w="2268" /><ent r="3" t="16" w="2269" /><ent r="3" t="20" w="364" /><ent r="3" t="20" w="365" /><ent r="3" t="20" w="394" /><ent r="3" t="20" w="395" /><ent r="3" t="20" w="400" /><ent r="3" t="20" w="401" /><ent r="3" t="20" w="408" /><ent r="3" t="20" w="409" /><ent r="3" t="20" w="416" /><ent r="3" t="20" w="417" /><ent r="3" t="20" w="428" /><ent r="3" t="20" w="429" /><ent r="3" t="22" w="52" /><ent r="3" t="22" w="53" /><ent r="3" t="22" w="1396" /><ent r="3" t="22" w="1397" /><ent r="3" t="22" w="1400" /><ent r="3" t="22" w="1401" /><ent r="3" t="22" w="1470" /><ent r="3" t="22" w="1471" /><ent r="3" t="23" w="172" /><ent r="3" t="23" w="173" /><ent r="4" t="25" w="111" /><ent r="4" t="25" w="112" /><ent r="4" t="25" w="133" /><ent r="4" t="25" w="134" /><ent r="4" t="25" w="160" /><ent r="4" t="25" w="161" /><ent r="4" t="25" w="184" /><ent r="4" t="25" w="185" /><ent r="3" t="27" w="303" /><ent r="3" t="27" w="304" /><ent r="3" t="27" w="315" /><ent r="3" t="27" w="316" /><ent r="3" t="27" w="343" /><ent r="3" t="27" w="344" /><ent r="3" t="27" w="352" /><ent r="3" t="27" w="353" /><ent r="3" t="27" w="366" /><ent r="3" t="27" w="367" /><ent r="3" t="27" w="396" /><ent r="3" t="27" w="397" /><ent r="3" t="27" w="408" /><ent r="3" t="27" w="409" /><ent r="3" t="29" w="702" /><ent r="3" t="29" w="703" /><ent r="3" t="32" w="1121" /><ent r="3" t="32" w="1122" /><ent r="3" t="32" w="1133" /><ent r="3" t="32" w="1134" /><ent r="3" t="32" w="1148" /><ent r="3" t="32" w="1149" /><ent r="3" t="32" w="1155" /><ent r="3" t="32" w="1156" /><ent r="3" t="32" w="1164" /><ent r="3" t="32" w="1165" /><ent r="3" t="32" w="1269" /><ent r="3" t="32" w="1270" /><ent r="3" t="32" w="1322" /><ent r="3" t="32" w="1323" /><ent r="3" t="33" w="47" /><ent r="3" t="33" w="48" /><ent r="3" t="33" w="47" /><ent r="3" t="33" w="48" /><ent r="3" t="33" w="54" /><ent r="3" t="33" w="55" /><ent r="3" t="33" w="54" /><ent r="3" t="33" w="55" /><ent r="3" t="33" w="56" /><ent r="3" t="33" w="57" /><ent r="3" t="33" w="56" /><ent r="3" t="33" w="57" /><ent r="3" t="33" w="63" /><ent r="3" t="33" w="64" /><ent r="3" t="33" w="66" /><ent r="3" t="33" w="67" /><ent r="3" t="33" w="355" /><ent r="3" t="33" w="356" /><ent r="3" t="33" w="368" /><ent r="3" t="33" w="369" /><ent r="3" t="33" w="368" /><ent r="3" t="33" w="369" /><ent r="3" t="33" w="368" /><ent r="3" t="33" w="369" /><ent r="3" t="33" w="371" /><ent r="3" t="33" w="372" /><ent r="3" t="33" w="373" /><ent r="3" t="33" w="374" /><ent r="3" t="33" w="376" /><ent r="3" t="33" w="377" /><ent r="3" t="33" w="378" /><ent r="3" t="33" w="379" /><ent r="3" t="33" w="379" /><ent r="3" t="33" w="380" /><ent r="3" t="33" w="391" /><ent r="3" t="33" w="392" /><ent r="3" t="35" w="1710" /><ent r="3" t="35" w="1711" /><ent r="5" t="35" w="1774" /><ent r="5" t="35" w="1775" /><ent r="3" t="37" w="1723" /><ent r="3" t="37" w="1724" /><ent r="3" t="37" w="4228" /><ent r="3" t="37" w="4229" /><ent r="3" t="44" w="528" /><ent r="3" t="44" w="529" /><ent r="3" t="44" w="535" /><ent r="3" t="44" w="536" /><ent r="3" t="44" w="766" /><ent r="3" t="44" w="767" /><ent r="3" t="44" w="793" /><ent r="3" t="44" w="794" /><ent r="3" t="48" w="204" /><ent r="3" t="48" w="205" /><ent r="3" t="48" w="221" /><ent r="3" t="48" w="222" /><ent r="3" t="49" w="615" /><ent r="3" t="49" w="616" /><ent r="3" t="55" w="841" /><ent r="3" t="55" w="842" /><ent r="3" t="55" w="1126" /><ent r="3" t="55" w="1127" /><ent r="6" t="70" w="354" /><ent r="6" t="70" w="355" /></phr></stem><stem n="well"><phr n="well"><ent r="3" t="12" w="81" /><ent r="3" t="13" w="1488" /><ent r="3" t="13" w="1842" /><ent r="3" t="14" w="1310" /><ent r="4" t="15" w="140" /><ent r="3" t="16" w="1862" /><ent r="3" t="17" w="310" /><ent r="3" t="19" w="1549" /><ent r="3" t="21" w="752" /><ent r="4" t="24" w="173" /><ent r="3" t="32" w="256" /><ent r="3" t="35" w="1676" /><ent r="3" t="37" w="1697" /><ent r="3" t="37" w="4301" /><ent r="3" t="38" w="278" /><ent r="4" t="49" w="430" /><ent r="3" t="51" w="60" /><ent r="3" t="52" w="73" /><ent r="3" t="62" w="80" /><ent r="3" t="62" w="132" /><ent r="6" t="68" w="626" /><ent r="6" t="68" w="690" /><ent r="3" t="74" w="101" /></phr></stem><stem n="span"><phr n="spans"><ent r="3" t="12" w="94" /></phr></stem><stem n="double-hyphen"><phr n="double-hyphens"><ent r="3" t="12" w="101" /></phr></stem><stem n="hyphen"><phr n="hyphens"><ent r="3" t="12" w="102" /></phr></stem><stem n="-hyphens."><phr n="-hyphens."><ent r="3" t="12" w="103" /><ent r="3" t="12" w="103" /></phr></stem><stem n="one-lin"><phr n="One-line"><ent r="92" t="12" w="107" /></phr></stem><stem n="&quot;--&quot;"><phr n="&quot;--&quot;"><ent r="3" t="12" w="118" /></phr></stem><stem n="macro"><phr n="Macros"><ent r="1000" t="13" w="6" /><ent r="102" t="13" w="13" /><ent r="65" t="13" w="76" /><ent r="92" t="13" w="1471" /><ent r="92" t="16" w="1846" /><ent r="64" t="16" w="1900" /><ent r="92" t="22" w="313" /><ent r="100" t="35" w="1382" /><ent r="82" t="35" w="1386" /><ent r="66" t="65" w="208" /><ent r="66" t="66" w="136" /><ent r="4" t="66" w="177" /><ent r="3" t="70" w="61" /><ent r="65" t="70" w="72" /><ent r="65" t="70" w="82" /><ent r="65" t="70" w="90" /><ent r="65" t="70" w="98" /><ent r="65" t="70" w="109" /><ent r="93" t="70" w="165" /><ent r="93" t="70" w="1149" /><ent r="93" t="70" w="1609" /><ent r="93" t="70" w="1770" /></phr><phr n="macro"><ent r="65" t="13" w="66" /><ent r="5" t="13" w="337" /><ent r="64" t="13" w="615" /><ent r="5" t="13" w="684" /><ent r="5" t="13" w="693" /><ent r="5" t="13" w="1309" /><ent r="82" t="13" w="1499" /><ent r="3" t="13" w="1505" /><ent r="3" t="13" w="1541" /><ent r="3" t="13" w="1557" /><ent r="4" t="13" w="1634" /><ent r="82" t="13" w="1739" /><ent r="3" t="13" w="1747" /><ent r="3" t="13" w="1806" /><ent r="3" t="13" w="1879" /><ent r="82" t="13" w="2024" /><ent r="3" t="13" w="2044" /><ent r="4" t="13" w="2158" /><ent r="4" t="13" w="2172" /><ent r="3" t="13" w="2200" /><ent r="3" t="13" w="2258" /><ent r="3" t="33" w="361" /><ent r="3" t="33" w="367" /><ent r="3" t="35" w="1389" /><ent r="65" t="37" w="1801" /><ent r="3" t="37" w="4625" /><ent r="3" t="41" w="403" /><ent r="3" t="41" w="423" /><ent r="3" t="43" w="53" /><ent r="3" t="44" w="244" /><ent r="4" t="46" w="145" /><ent r="3" t="46" w="296" /><ent r="3" t="47" w="682" /><ent r="4" t="49" w="182" /><ent r="4" t="49" w="238" /><ent r="64" t="49" w="951" /><ent r="4" t="66" w="154" /><ent r="3" t="66" w="266" /><ent r="4" t="66" w="330" /><ent r="6" t="68" w="185" /><ent r="3" t="70" w="11" /><ent r="3" t="70" w="48" /><ent r="6" t="70" w="1207" /><ent r="6" t="70" w="1224" /><ent r="6" t="70" w="1727" /><ent r="3" t="70" w="1822" /><ent r="6" t="70" w="2447" /><ent r="3" t="71" w="248" /></phr><phr n="Macro"><ent r="65" t="13" w="70" /><ent r="64" t="34" w="831" /><ent r="1000" t="70" w="1" /><ent r="100" t="70" w="4" /><ent r="102" t="70" w="7" /><ent r="65" t="70" w="70" /><ent r="93" t="70" w="118" /></phr><phr n="macros"><ent r="5" t="13" w="916" /><ent r="5" t="13" w="1458" /><ent r="3" t="13" w="1476" /><ent r="82" t="13" w="2115" /><ent r="3" t="13" w="2124" /><ent r="3" t="13" w="2186" /><ent r="3" t="16" w="1852" /><ent r="3" t="22" w="318" /><ent r="3" t="35" w="1405" /><ent r="3" t="47" w="107" /><ent r="4" t="47" w="341" /><ent r="3" t="66" w="260" /><ent r="3" t="66" w="464" /><ent r="3" t="66" w="662" /><ent r="3" t="67" w="57" /><ent r="3" t="67" w="169" /><ent r="3" t="70" w="35" /><ent r="3" t="70" w="180" /><ent r="3" t="70" w="208" /><ent r="93" t="70" w="647" /><ent r="3" t="70" w="1778" /><ent r="6" t="70" w="2302" /><ent r="6" t="70" w="2381" /></phr></stem><stem n="context"><phr n="contexts"><ent r="3" t="13" w="38" /><ent r="3" t="13" w="1764" /></phr><phr n="context"><ent r="3" t="13" w="44" /><ent r="6" t="70" w="492" /><ent r="6" t="70" w="537" /><ent r="6" t="70" w="552" /><ent r="6" t="70" w="955" /><ent r="6" t="70" w="987" /><ent r="6" t="70" w="1002" /></phr></stem><stem n="chartabl"><phr n="Chartable"><ent r="65" t="13" w="65" /><ent r="100" t="16" w="1780" /></phr><phr n="chartable"><ent r="66" t="13" w="340" /><ent r="5" t="13" w="354" /><ent r="5" t="13" w="379" /><ent r="3" t="13" w="580" /><ent r="65" t="13" w="613" /><ent r="67" t="13" w="687" /><ent r="5" t="13" w="692" /><ent r="5" t="13" w="718" /><ent r="5" t="13" w="1333" /><ent r="82" t="13" w="1498" /><ent r="3" t="13" w="1504" /><ent r="3" t="13" w="1518" /><ent r="3" t="13" w="1524" /><ent r="4" t="13" w="1539" /><ent r="3" t="13" w="1664" /><ent r="3" t="13" w="1670" /><ent r="3" t="13" w="1676" /><ent r="3" t="13" w="1686" /><ent r="3" t="13" w="1694" /><ent r="3" t="13" w="1707" /><ent r="3" t="13" w="1714" /><ent r="3" t="13" w="1723" /><ent r="3" t="13" w="2143" /><ent r="3" t="13" w="2199" /><ent r="7" t="16" w="675" /><ent r="7" t="16" w="821" /><ent r="3" t="16" w="1809" /><ent r="4" t="16" w="1870" /><ent r="3" t="43" w="52" /><ent r="3" t="45" w="214" /><ent r="3" t="47" w="174" /><ent r="4" t="47" w="825" /><ent r="3" t="48" w="103" /><ent r="4" t="49" w="110" /></phr></stem><stem n="eval"><phr n="Eval"><ent r="65" t="13" w="69" /><ent r="3" t="13" w="1878" /><ent r="64" t="34" w="830" /></phr><phr n="eval"><ent r="66" t="13" w="333" /><ent r="5" t="13" w="336" /><ent r="66" t="13" w="679" /><ent r="5" t="13" w="683" /><ent r="66" t="13" w="1305" /><ent r="5" t="13" w="1308" /><ent r="82" t="13" w="1738" /><ent r="4" t="13" w="1745" /><ent r="3" t="13" w="1805" /><ent r="3" t="13" w="1812" /><ent r="3" t="13" w="1883" /><ent r="3" t="13" w="1904" /><ent r="3" t="13" w="1921" /><ent r="3" t="13" w="1926" /><ent r="3" t="13" w="1933" /><ent r="3" t="13" w="1939" /><ent r="3" t="13" w="1973" /><ent r="3" t="13" w="2002" /><ent r="3" t="14" w="677" /><ent r="4" t="16" w="1879" /><ent r="66" t="37" w="1799" /></phr><phr n="EVAL"><ent r="64" t="34" w="622" /><ent r="3" t="34" w="657" /><ent r="3" t="34" w="699" /><ent r="3" t="34" w="720" /><ent r="6" t="34" w="769" /><ent r="6" t="34" w="799" /><ent r="3" t="34" w="872" /><ent r="3" t="34" w="1082" /><ent r="100" t="37" w="757" /><ent r="65" t="37" w="759" /><ent r="82" t="37" w="1651" /><ent r="3" t="37" w="1725" /><ent r="3" t="37" w="1733" /><ent r="3" t="37" w="1743" /><ent r="3" t="37" w="1754" /><ent r="3" t="37" w="1769" /><ent r="3" t="37" w="1784" /></phr></stem><stem n="scalable10"><phr n="Scalable10"><ent r="65" t="13" w="73" /></phr><phr n="scalable10"><ent r="66" t="13" w="363" /><ent r="68" t="13" w="701" /><ent r="68" t="13" w="1317" /><ent r="82" t="13" w="2111" /><ent r="3" t="13" w="2120" /><ent r="4" t="13" w="2157" /><ent r="3" t="13" w="2205" /><ent r="3" t="13" w="2217" /><ent r="3" t="13" w="2225" /><ent r="3" t="13" w="2257" /><ent r="3" t="14" w="693" /><ent r="4" t="16" w="1883" /></phr></stem><stem n="scalable2"><phr n="Scalable2"><ent r="65" t="13" w="75" /></phr><phr n="scalable2"><ent r="66" t="13" w="358" /><ent r="68" t="13" w="696" /><ent r="68" t="13" w="1312" /><ent r="82" t="13" w="2114" /><ent r="3" t="13" w="2123" /><ent r="4" t="13" w="2171" /><ent r="3" t="13" w="2210" /><ent r="3" t="13" w="2235" /><ent r="3" t="13" w="2243" /><ent r="4" t="16" w="1886" /></phr></stem><stem n="probe-typ"><phr n="probe-type"><ent r="3" t="13" w="97" /><ent r="3" t="13" w="296" /><ent r="3" t="13" w="502" /><ent r="3" t="13" w="981" /></phr></stem><stem n="(probe-type=cmd-line)"><phr n="(probe-type=cmd-line)"><ent r="3" t="13" w="101" /><ent r="3" t="13" w="300" /></phr></stem><stem n="{address}"><phr n="{address}"><ent r="5" t="13" w="136" /></phr><phr n="{ADDRESS}"><ent r="5" t="41" w="363" /><ent r="3" t="44" w="520" /><ent r="3" t="47" w="104" /><ent r="4" t="47" w="338" /><ent r="3" t="48" w="194" /></phr></stem><stem n="devicenam"><phr n="devicename"><ent r="5" t="13" w="145" /><ent r="5" t="13" w="308" /><ent r="5" t="13" w="634" /><ent r="5" t="13" w="1280" /><ent r="7" t="70" w="1039" /></phr><phr n="DeviceName"><ent r="4" t="21" w="877" /></phr><phr n="deviceName"><ent r="3" t="29" w="933" /><ent r="3" t="29" w="950" /><ent r="3" t="29" w="987" /><ent r="3" t="29" w="990" /><ent r="3" t="29" w="1094" /></phr><phr n="Devicename"><ent r="100" t="70" w="1036" /></phr></stem><stem n="{devicename}"><phr n="{devicename}"><ent r="5" t="13" w="146" /><ent r="5" t="13" w="309" /><ent r="5" t="13" w="635" /><ent r="5" t="13" w="1281" /><ent r="7" t="70" w="1040" /></phr></stem><stem n="resolv"><phr n="resolve"><ent r="5" t="13" w="163" /><ent r="4" t="26" w="545" /></phr><phr n="resolves"><ent r="92" t="51" w="51" /></phr></stem><stem n="{port}"><phr n="{port}"><ent r="5" t="13" w="173" /></phr><phr n="{PORT}"><ent r="3" t="47" w="107" /><ent r="4" t="47" w="341" /></phr></stem><stem n="exit"><phr n="exit"><ent r="5" t="13" w="184" /><ent r="5" t="13" w="188" /><ent r="5" t="13" w="200" /><ent r="3" t="14" w="1086" /><ent r="3" t="14" w="1324" /><ent r="3" t="34" w="985" /><ent r="5" t="37" w="2693" /><ent r="5" t="37" w="2700" /><ent r="3" t="37" w="2792" /><ent r="4" t="37" w="2799" /><ent r="5" t="37" w="3048" /><ent r="5" t="37" w="3055" /><ent r="5" t="40" w="671" /><ent r="3" t="42" w="95" /><ent r="3" t="42" w="128" /><ent r="3" t="44" w="538" /><ent r="3" t="44" w="626" /><ent r="3" t="44" w="686" /><ent r="3" t="46" w="455" /><ent r="3" t="46" w="490" /><ent r="3" t="47" w="132" /><ent r="4" t="47" w="756" /><ent r="4" t="47" w="767" /><ent r="4" t="47" w="774" /><ent r="3" t="48" w="80" /><ent r="3" t="48" w="224" /><ent r="3" t="49" w="618" /><ent r="3" t="49" w="883" /><ent r="3" t="49" w="937" /><ent r="3" t="61" w="524" /></phr><phr n="EXIT"><ent r="3" t="14" w="1094" /><ent r="3" t="14" w="1099" /><ent r="3" t="14" w="1104" /><ent r="3" t="14" w="1109" /><ent r="3" t="14" w="1114" /><ent r="100" t="37" w="535" /><ent r="65" t="37" w="537" /><ent r="100" t="37" w="862" /><ent r="83" t="37" w="1818" /><ent r="7" t="37" w="1824" /><ent r="100" t="42" w="45" /><ent r="3" t="42" w="102" /><ent r="4" t="42" w="114" /><ent r="3" t="44" w="546" /><ent r="3" t="44" w="551" /><ent r="3" t="44" w="556" /><ent r="3" t="44" w="561" /><ent r="3" t="44" w="566" /><ent r="3" t="44" w="802" /><ent r="3" t="44" w="807" /><ent r="3" t="44" w="812" /><ent r="3" t="44" w="817" /><ent r="3" t="44" w="822" /><ent r="3" t="45" w="185" /><ent r="3" t="45" w="190" /><ent r="3" t="45" w="195" /><ent r="3" t="46" w="392" /><ent r="3" t="46" w="397" /><ent r="3" t="46" w="402" /><ent r="3" t="46" w="407" /><ent r="3" t="48" w="232" /><ent r="3" t="48" w="237" /><ent r="3" t="48" w="242" /><ent r="3" t="48" w="247" /><ent r="3" t="49" w="626" /><ent r="3" t="49" w="631" /><ent r="3" t="49" w="636" /><ent r="3" t="49" w="641" /><ent r="3" t="49" w="646" /></phr></stem></index>