<?xml version="1.0" encoding="utf-8"?><index><stem n="'reason'):"><phr n="'reason'):"><ent r="3" t="44" w="653" /><ent r="3" t="49" w="837" /></phr></stem><stem n="'reason:"><phr n="'Reason:"><ent r="3" t="44" w="655" /><ent r="3" t="49" w="846" /></phr></stem><stem n=".reason"><phr n=".reason"><ent r="3" t="44" w="657" /></phr></stem><stem n="e.reason"><phr n="e.reason"><ent r="3" t="44" w="657" /><ent r="3" t="44" w="656" /><ent r="3" t="49" w="851" /><ent r="3" t="49" w="850" /></phr></stem><stem n="elif"><phr n="elif"><ent r="3" t="44" w="658" /><ent r="3" t="49" w="853" /></phr></stem><stem n="'code'):"><phr n="'code'):"><ent r="3" t="44" w="662" /><ent r="3" t="49" w="857" /></phr></stem><stem n="e.cod"><phr n="e.code"><ent r="3" t="44" w="665" /><ent r="3" t="44" w="664" /><ent r="3" t="49" w="871" /><ent r="3" t="49" w="870" /></phr></stem><stem n="(e.code)"><phr n="(e.code)"><ent r="3" t="44" w="666" /><ent r="3" t="49" w="872" /></phr></stem><stem n="&quot;unknown&quot;"><phr n="&quot;unknown&quot;"><ent r="3" t="44" w="669" /></phr></stem><stem n="&quot;error"><phr n="&quot;Error"><ent r="3" t="44" w="670" /><ent r="3" t="44" w="926" /></phr></stem><stem n="(&quot;"><phr n="(&quot;"><ent r="3" t="44" w="671" /><ent r="3" t="70" w="1790" /></phr></stem><stem n="(host)"><phr n="(host)"><ent r="3" t="44" w="679" /></phr></stem><stem n="&quot;:&quot;"><phr n="&quot;:&quot;"><ent r="3" t="44" w="680" /><ent r="3" t="61" w="1347" /></phr></stem><stem n="(port)"><phr n="(port)"><ent r="3" t="44" w="683" /></phr></stem><stem n="/tool:check_connect.py&gt;"><phr n="/tool:check_connect.py&gt;"><ent r="3" t="44" w="692" /></phr></stem><stem n="commandline.check_web"><phr n="commandline.check_web"><ent r="3" t="44" w="720" /><ent r="3" t="44" w="718" /></phr></stem><stem n="&quot;commandline.check_web&quot;"><phr n="&quot;commandline.check_web&quot;"><ent r="3" t="44" w="721" /></phr></stem><stem n="_in"><phr n="_in"><ent r="3" t="44" w="738" /></phr></stem><stem n="visible_in"><phr n="visible_in"><ent r="3" t="44" w="738" /><ent r="3" t="44" w="737" /></phr></stem><stem n="&quot;windows&quot;"><phr n="&quot;Windows&quot;"><ent r="3" t="44" w="740" /></phr></stem><stem n="hostnam"><phr n="hostname"><ent r="3" t="44" w="751" /><ent r="3" t="44" w="865" /><ent r="3" t="61" w="347" /></phr></stem><stem n="=&quot;${cscript}"><phr n="=&quot;${CSCRIPT}"><ent r="3" t="44" w="778" /></phr></stem><stem n="check_web"><phr n="check_web"><ent r="3" t="44" w="779" /><ent r="3" t="44" w="778" /><ent r="3" t="44" w="837" /><ent r="3" t="44" w="836" /><ent r="3" t="44" w="864" /><ent r="3" t="44" w="863" /><ent r="3" t="44" w="943" /><ent r="3" t="44" w="942" /></phr></stem><stem n="check_web.vb"><phr n="check_web.vbs"><ent r="3" t="44" w="780" /><ent r="3" t="44" w="778" /></phr></stem><stem n="vb"><phr n="vbs"><ent r="3" t="44" w="780" /><ent r="3" t="61" w="344" /><ent r="3" t="61" w="387" /><ent r="82" t="61" w="875" /></phr></stem><stem n="_web.vbs&quot;"><phr n="_web.vbs&quot;"><ent r="3" t="44" w="781" /></phr></stem><stem n="=&quot;${address}&quot;"><phr n="=&quot;${address}&quot;"><ent r="3" t="44" w="784" /></phr></stem><stem n="{timeout"><phr n="{Timeout"><ent r="3" t="44" w="786" /></phr></stem><stem n="(sec)}"><phr n="(sec)}"><ent r="3" t="44" w="788" /></phr></stem><stem n="&lt;/down"><phr n="&lt;/down"><ent r="3" t="44" w="800" /><ent r="3" t="44" w="795" /><ent r="3" t="45" w="183" /><ent r="3" t="45" w="178" /><ent r="3" t="46" w="390" /><ent r="3" t="46" w="385" /></phr></stem><stem n=":${exit_code}=4"><phr n=":${EXIT_CODE}=4"><ent r="3" t="44" w="804" /></phr></stem><stem n=":${exit_code}=3"><phr n=":${EXIT_CODE}=3"><ent r="3" t="44" w="809" /><ent r="3" t="46" w="394" /></phr></stem><stem n=":${exit_code}=2"><phr n=":${EXIT_CODE}=2"><ent r="3" t="44" w="814" /><ent r="3" t="46" w="399" /></phr></stem><stem n=":${exit_code}=0"><phr n=":${EXIT_CODE}=0"><ent r="3" t="44" w="824" /><ent r="3" t="46" w="409" /></phr></stem><stem n="&lt;/$"><phr n="&lt;/$"><ent r="3" t="44" w="830" /><ent r="3" t="44" w="825" /></phr></stem><stem n=":check_web.vbs&gt;"><phr n=":check_web.vbs&gt;"><ent r="3" t="44" w="838" /></phr></stem><stem n="check_web.vbs&gt;"><phr n="check_web.vbs&gt;"><ent r="3" t="44" w="838" /><ent r="3" t="44" w="836" /><ent r="3" t="44" w="944" /><ent r="3" t="44" w="942" /></phr></stem><stem n="vbs&gt;"><phr n="vbs&gt;"><ent r="3" t="44" w="838" /><ent r="3" t="44" w="944" /></phr></stem><stem n="dim"><phr n="Dim"><ent r="3" t="44" w="839" /><ent r="3" t="61" w="886" /><ent r="3" t="61" w="892" /><ent r="3" t="61" w="900" /><ent r="3" t="61" w="1194" /><ent r="3" t="61" w="1255" /><ent r="3" t="61" w="1328" /><ent r="3" t="61" w="1363" /></phr></stem><stem n="createobject"><phr n="CreateObject"><ent r="3" t="44" w="846" /><ent r="3" t="61" w="1199" /><ent r="3" t="61" w="1263" /><ent r="3" t="61" w="1367" /></phr></stem><stem n="winhttp"><phr n="WinHttp"><ent r="3" t="44" w="847" /><ent r="3" t="61" w="1200" /></phr></stem><stem n="winhttp.winhttprequest"><phr n="WinHttp.WinHttpRequest"><ent r="3" t="44" w="848" /><ent r="3" t="44" w="847" /><ent r="3" t="61" w="1201" /><ent r="3" t="61" w="1200" /></phr></stem><stem n="winhttprequest"><phr n="WinHttpRequest"><ent r="3" t="44" w="848" /><ent r="3" t="61" w="1201" /></phr></stem><stem n="winhttp.winhttprequest.5"><phr n="WinHttp.WinHttpRequest.5"><ent r="3" t="44" w="849" /><ent r="3" t="44" w="847" /><ent r="3" t="61" w="1202" /><ent r="3" t="61" w="1200" /></phr></stem><stem n="winhttp.winhttprequest.5.1"><phr n="WinHttp.WinHttpRequest.5.1"><ent r="3" t="44" w="850" /><ent r="3" t="44" w="847" /><ent r="3" t="61" w="1203" /><ent r="3" t="61" w="1200" /></phr></stem><stem n="(&quot;winhttp.winhttprequest.5.1&quot;)"><phr n="(&quot;WinHttp.WinHttpRequest.5.1&quot;)"><ent r="3" t="44" w="851" /><ent r="3" t="61" w="1204" /></phr></stem><stem n="numarg"><phr n="numargs"><ent r="3" t="44" w="851" /><ent r="3" t="44" w="856" /></phr></stem><stem n="wscript"><phr n="wscript"><ent r="3" t="44" w="852" /><ent r="3" t="44" w="860" /><ent r="3" t="44" w="866" /><ent r="3" t="44" w="874" /><ent r="3" t="44" w="924" /><ent r="3" t="44" w="933" /><ent r="3" t="44" w="937" /></phr><phr n="WScript"><ent r="3" t="61" w="909" /><ent r="3" t="61" w="916" /><ent r="3" t="61" w="922" /><ent r="3" t="61" w="933" /><ent r="3" t="61" w="938" /><ent r="3" t="61" w="945" /><ent r="3" t="61" w="956" /><ent r="3" t="61" w="963" /><ent r="3" t="61" w="971" /><ent r="3" t="61" w="978" /><ent r="3" t="61" w="986" /><ent r="3" t="61" w="994" /></phr></stem><stem n="wscript.argu"><phr n="wscript.arguments"><ent r="3" t="44" w="853" /><ent r="3" t="44" w="852" /><ent r="3" t="44" w="875" /><ent r="3" t="44" w="874" /></phr><phr n="WScript.Arguments"><ent r="3" t="61" w="910" /><ent r="3" t="61" w="909" /><ent r="3" t="61" w="917" /><ent r="3" t="61" w="916" /><ent r="3" t="61" w="939" /><ent r="3" t="61" w="938" /><ent r="3" t="61" w="946" /><ent r="3" t="61" w="945" /><ent r="3" t="61" w="957" /><ent r="3" t="61" w="956" /><ent r="3" t="61" w="964" /><ent r="3" t="61" w="963" /><ent r="3" t="61" w="972" /><ent r="3" t="61" w="971" /><ent r="3" t="61" w="979" /><ent r="3" t="61" w="978" /><ent r="3" t="61" w="987" /><ent r="3" t="61" w="986" /><ent r="3" t="61" w="995" /><ent r="3" t="61" w="994" /></phr></stem><stem n=".arguments.count"><phr n=".arguments.count"><ent r="3" t="44" w="854" /></phr></stem><stem n="wscript.arguments.count"><phr n="wscript.arguments.count"><ent r="3" t="44" w="854" /><ent r="3" t="44" w="852" /></phr></stem><stem n="(numarg"><phr n="(numargs"><ent r="3" t="44" w="856" /></phr></stem><stem n=".echo"><phr n=".Echo"><ent r="3" t="44" w="861" /><ent r="3" t="44" w="925" /><ent r="3" t="44" w="934" /><ent r="3" t="61" w="923" /></phr></stem><stem n="wscript.echo"><phr n="wscript.Echo"><ent r="3" t="44" w="861" /><ent r="3" t="44" w="860" /><ent r="3" t="44" w="925" /><ent r="3" t="44" w="924" /><ent r="3" t="44" w="934" /><ent r="3" t="44" w="933" /></phr><phr n="WScript.Echo"><ent r="3" t="61" w="923" /><ent r="3" t="61" w="922" /></phr></stem><stem n="_web"><phr n="_web"><ent r="3" t="44" w="864" /></phr></stem><stem n="wscript.quit"><phr n="wscript.quit"><ent r="3" t="44" w="867" /><ent r="3" t="44" w="866" /><ent r="3" t="44" w="938" /><ent r="3" t="44" w="937" /></phr><phr n="WScript.Quit"><ent r="3" t="61" w="934" /><ent r="3" t="61" w="933" /></phr></stem><stem n=".quit(4)"><phr n=".quit(4)"><ent r="3" t="44" w="869" /></phr></stem><stem n="&quot;http://&quot;"><phr n="&quot;http://&quot;"><ent r="3" t="44" w="873" /><ent r="3" t="61" w="1339" /></phr></stem><stem n=".arguments(0)"><phr n=".arguments(0)"><ent r="3" t="44" w="877" /></phr></stem><stem n="resum"><phr n="resume"><ent r="3" t="44" w="879" /><ent r="3" t="44" w="888" /></phr></stem><stem n=".open"><phr n=".Open"><ent r="3" t="44" w="882" /><ent r="3" t="61" w="1205" /></phr></stem><stem n="web.open"><phr n="web.Open"><ent r="3" t="44" w="882" /><ent r="3" t="44" w="881" /></phr></stem><stem n="&quot;get&quot;,"><phr n="&quot;GET&quot;,"><ent r="3" t="44" w="884" /><ent r="3" t="61" w="1207" /></phr></stem><stem n=".send"><phr n=".Send"><ent r="3" t="44" w="891" /><ent r="3" t="61" w="1220" /></phr></stem><stem n="web.send"><phr n="web.Send"><ent r="3" t="44" w="891" /><ent r="3" t="44" w="890" /></phr></stem><stem n=".number"><phr n=".Number"><ent r="3" t="44" w="894" /><ent r="3" t="44" w="903" /></phr></stem><stem n="err.numb"><phr n="err.Number"><ent r="3" t="44" w="894" /><ent r="3" t="44" w="893" /><ent r="3" t="44" w="903" /><ent r="3" t="44" w="902" /></phr></stem><stem n="returncod"><phr n="returncode"><ent r="3" t="44" w="898" /><ent r="3" t="44" w="910" /><ent r="3" t="44" w="913" /><ent r="3" t="44" w="920" /><ent r="3" t="44" w="939" /></phr></stem><stem n=".statu"><phr n=".Status"><ent r="3" t="44" w="907" /><ent r="3" t="61" w="1223" /></phr></stem><stem n="web.statu"><phr n="web.Status"><ent r="3" t="44" w="907" /><ent r="3" t="44" w="906" /></phr></stem><stem n="&quot;.&quot;"><phr n="&quot;.&quot;"><ent r="3" t="44" w="932" /></phr></stem><stem n=".quit(returncode)"><phr n=".quit(returncode)"><ent r="3" t="44" w="940" /></phr></stem><stem n="/tool:check_web.vbs&gt;"><phr n="/tool:check_web.vbs&gt;"><ent r="3" t="44" w="944" /></phr></stem><stem n="#!/bin/sh"><phr n="#!/bin/sh"><ent r="3" t="45" w="24" /></phr></stem><stem n="bin/sh"><phr n="bin/sh"><ent r="3" t="45" w="24" /><ent r="3" t="45" w="23" /></phr></stem><stem n="sh"><phr n="sh"><ent r="3" t="45" w="24" /><ent r="3" t="45" w="175" /><ent r="3" t="61" w="269" /><ent r="3" t="61" w="308" /><ent r="82" t="61" w="461" /></phr></stem><stem n="pretend"><phr n="pretend"><ent r="3" t="45" w="36" /></phr><phr n="Pretending"><ent r="3" t="46" w="477" /></phr></stem><stem n="&quot;\$&quot;"><phr n="&quot;\$&quot;"><ent r="3" t="45" w="43" /></phr></stem><stem n="&quot;$&quot;"><phr n="&quot;$&quot;"><ent r="3" t="45" w="47" /><ent r="3" t="45" w="49" /></phr></stem><stem n="\$addr"><phr n="\$addr"><ent r="3" t="45" w="57" /></phr></stem><stem n="$addr"><phr n="$addr"><ent r="3" t="45" w="57" /><ent r="3" t="45" w="210" /></phr></stem><stem n="$1"><phr n="$1"><ent r="3" t="45" w="58" /></phr></stem><stem n="\&quot;$1\&quot;,"><phr n="\&quot;$1\&quot;,"><ent r="3" t="45" w="59" /></phr></stem><stem n="\$result"><phr n="\$result"><ent r="3" t="45" w="59" /></phr></stem><stem n=":=1.2345"><phr n=":=1.2345"><ent r="3" t="45" w="61" /></phr></stem><stem n="1.2345"><phr n="1.2345"><ent r="3" t="45" w="61" /><ent r="3" t="45" w="60" /></phr></stem><stem n="2345"><phr n="2345"><ent r="3" t="45" w="61" /></phr></stem><stem n="com.dartware.cmd"><phr n="com.dartware.cmd"><ent r="3" t="45" w="89" /><ent r="3" t="45" w="87" /></phr></stem><stem n="com.dartware.cmd.simpl"><phr n="com.dartware.cmd.simple"><ent r="3" t="45" w="90" /><ent r="3" t="45" w="87" /></phr></stem><stem n="(com.dartware.cmd.simple)"><phr n="(com.dartware.cmd.simple)"><ent r="3" t="45" w="91" /></phr></stem><stem n="cmd.simpl"><phr n="cmd.simple"><ent r="3" t="45" w="110" /><ent r="3" t="45" w="109" /></phr></stem><stem n="&quot;cmd.simple&quot;"><phr n="&quot;cmd.simple&quot;"><ent r="3" t="45" w="111" /></phr></stem><stem n="&quot;simpl"><phr n="&quot;Simple"><ent r="3" t="45" w="113" /></phr></stem><stem n="&quot;simple.sh"><phr n="&quot;simple.sh"><ent r="3" t="45" w="175" /></phr></stem><stem n="simple.sh"><phr n="simple.sh"><ent r="3" t="45" w="175" /><ent r="3" t="45" w="174" /></phr></stem><stem n="{address}&quot;"><phr n="{ADDRESS}&quot;"><ent r="3" t="45" w="178" /><ent r="3" t="46" w="384" /></phr></stem><stem n="\b5\simpl"><phr n="\B5\Simple"><ent r="3" t="45" w="204" /></phr></stem><stem n="(${chartable:"><phr n="(${chartable:"><ent r="3" t="45" w="215" /></phr></stem><stem n="#.####"><phr n="#.####"><ent r="3" t="45" w="215" /></phr></stem><stem n="})"><phr n="})"><ent r="3" t="45" w="216" /></phr></stem><stem n="visit"><phr n="visit"><ent r="3" t="45" w="225" /><ent r="3" t="47" w="700" /><ent r="3" t="49" w="568" /></phr></stem><stem n="site"><phr n="site"><ent r="3" t="45" w="228" /><ent r="3" t="47" w="703" /></phr></stem><stem n="www.nagio"><phr n="www.nagios"><ent r="64" t="45" w="233" /><ent r="64" t="45" w="232" /><ent r="64" t="47" w="29" /><ent r="64" t="47" w="28" /><ent r="64" t="47" w="227" /><ent r="64" t="47" w="226" /><ent r="64" t="47" w="708" /><ent r="64" t="47" w="707" /><ent r="3" t="48" w="182" /><ent r="3" t="48" w="181" /></phr></stem><stem n="://www.nagios.org"><phr n="://www.nagios.org"><ent r="64" t="45" w="234" /><ent r="64" t="47" w="30" /><ent r="64" t="47" w="709" /></phr></stem><stem n="www.nagios.org"><phr n="www.nagios.org"><ent r="64" t="45" w="234" /><ent r="64" t="45" w="232" /><ent r="64" t="47" w="30" /><ent r="64" t="47" w="28" /><ent r="64" t="47" w="228" /><ent r="64" t="47" w="226" /><ent r="64" t="47" w="709" /><ent r="64" t="47" w="707" /><ent r="3" t="48" w="183" /><ent r="3" t="48" w="181" /></phr></stem><stem n="logo"><phr n="logo"><ent r="3" t="45" w="240" /><ent r="3" t="47" w="213" /><ent r="3" t="47" w="715" /><ent r="3" t="48" w="168" /><ent r="3" t="67" w="142" /><ent r="5" t="67" w="214" /><ent r="4" t="67" w="237" /><ent r="6" t="70" w="1292" /></phr><phr n="Logo"><ent r="100" t="67" w="228" /></phr></stem><stem n="trademark"><phr n="trademarks"><ent r="3" t="45" w="243" /><ent r="3" t="47" w="216" /><ent r="3" t="47" w="718" /><ent r="3" t="48" w="171" /></phr></stem><stem n="ethan"><phr n="Ethan"><ent r="3" t="45" w="245" /><ent r="3" t="47" w="218" /><ent r="3" t="47" w="720" /><ent r="3" t="48" w="173" /></phr></stem><stem n="galstad"><phr n="Galstad"><ent r="3" t="45" w="246" /><ent r="3" t="47" w="219" /><ent r="3" t="47" w="721" /><ent r="3" t="48" w="174" /></phr></stem><stem n="ship"><phr n="ships"><ent r="3" t="46" w="11" /><ent r="3" t="71" w="76" /></phr><phr n="ship"><ent r="3" t="46" w="57" /></phr><phr n="shipped"><ent r="3" t="46" w="85" /></phr></stem><stem n="across"><phr n="across"><ent r="3" t="46" w="43" /></phr></stem><stem n="2.6"><phr n="2.6"><ent r="4" t="46" w="61" /><ent r="4" t="46" w="60" /><ent r="65" t="47" w="569" /><ent r="65" t="47" w="568" /><ent r="65" t="47" w="812" /><ent r="65" t="47" w="811" /><ent r="4" t="75" w="52" /><ent r="4" t="75" w="51" /></phr></stem><stem n="optim"><phr n="optimized"><ent r="3" t="46" w="64" /><ent r="3" t="46" w="93" /></phr></stem><stem n="librari"><phr n="libraries"><ent r="3" t="46" w="66" /><ent r="4" t="49" w="371" /></phr><phr n="library"><ent r="4" t="49" w="414" /><ent r="4" t="49" w="427" /><ent r="64" t="49" w="985" /><ent r="64" t="49" w="997" /><ent r="3" t="52" w="37" /></phr></stem><stem n="introductori"><phr n="introductory"><ent r="3" t="46" w="70" /></phr></stem><stem n="docs.python"><phr n="docs.python"><ent r="64" t="46" w="80" /><ent r="64" t="46" w="79" /><ent r="64" t="49" w="983" /><ent r="64" t="49" w="982" /><ent r="64" t="49" w="995" /><ent r="64" t="49" w="994" /></phr></stem><stem n="docs.python.org"><phr n="docs.python.org"><ent r="64" t="46" w="81" /><ent r="64" t="46" w="79" /><ent r="64" t="49" w="984" /><ent r="64" t="49" w="982" /><ent r="64" t="49" w="996" /><ent r="64" t="49" w="994" /></phr></stem><stem n="://docs.python.org/tut"><phr n="://docs.python.org/tut"><ent r="64" t="46" w="82" /></phr></stem><stem n="docs.python.org/tut"><phr n="docs.python.org/tut"><ent r="64" t="46" w="82" /><ent r="64" t="46" w="79" /></phr></stem><stem n="tut"><phr n="tut"><ent r="64" t="46" w="82" /></phr></stem><stem n="(-oo),"><phr n="(-OO),"><ent r="3" t="46" w="98" /></phr></stem><stem n="macosx"><phr n="MacOSX"><ent r="6" t="46" w="106" /></phr></stem><stem n="linux"><phr n="Linux"><ent r="6" t="46" w="108" /><ent r="4" t="49" w="230" /><ent r="4" t="49" w="259" /><ent r="4" t="61" w="37" /></phr></stem><stem n="/usr/local/imdc/core/python/bin/imdc"><phr n="/usr/local/imdc/core/python/bin/imdc"><ent r="5" t="46" w="118" /><ent r="3" t="46" w="429" /></phr></stem><stem n="script_nam"><phr n="script_name"><ent r="5" t="46" w="121" /><ent r="5" t="46" w="120" /><ent r="5" t="46" w="136" /><ent r="5" t="46" w="135" /></phr></stem><stem n="[script_name]"><phr n="[script_name]"><ent r="5" t="46" w="122" /><ent r="5" t="46" w="137" /></phr></stem><stem n=":\program"><phr n=":\Program"><ent r="5" t="46" w="126" /></phr></stem><stem n="dwf"><phr n="dwf"><ent r="5" t="46" w="129" /></phr></stem><stem n="\intermapper\dwf\core\python\imdc.ex"><phr n="\InterMapper\dwf\core\python\imdc.exe"><ent r="5" t="46" w="133" /></phr></stem><stem n="imdc.ex"><phr n="imdc.exe"><ent r="5" t="46" w="133" /><ent r="5" t="46" w="132" /></phr></stem><stem n="(&lt;tools:sample.py&gt;"><phr n="(&lt;tools:sample.py&gt;"><ent r="4" t="46" w="175" /></phr></stem><stem n="sample.py&gt;"><phr n="sample.py&gt;"><ent r="4" t="46" w="175" /><ent r="4" t="46" w="174" /><ent r="3" t="46" w="421" /><ent r="3" t="46" w="420" /><ent r="3" t="46" w="496" /><ent r="3" t="46" w="495" /></phr></stem><stem n="com.dartware.python"><phr n="com.dartware.python"><ent r="3" t="46" w="227" /><ent r="3" t="46" w="225" /></phr></stem><stem n="com.dartware.python.sampl"><phr n="com.dartware.python.sample"><ent r="3" t="46" w="228" /><ent r="3" t="46" w="225" /></phr></stem><stem n="com.dartware.python.sample.txt"><phr n="com.dartware.python.sample.txt"><ent r="3" t="46" w="229" /><ent r="3" t="46" w="225" /></phr></stem><stem n="(com.dartware.python.sample.txt)"><phr n="(com.dartware.python.sample.txt)"><ent r="3" t="46" w="230" /></phr></stem><stem n="mar"><phr n="Mar"><ent r="3" t="46" w="253" /><ent r="3" t="49" w="704" /></phr></stem><stem n="2004"><phr n="2004"><ent r="3" t="46" w="254" /></phr></stem><stem n="christoph"><phr n="Christopher"><ent r="3" t="46" w="256" /></phr></stem><stem n="sweenei"><phr n="Sweeney"><ent r="3" t="46" w="258" /></phr></stem><stem n="stephen"><phr n="Stephen"><ent r="3" t="46" w="266" /></phr></stem><stem n="ryan"><phr n="Ryan"><ent r="3" t="46" w="268" /></phr></stem><stem n="dec"><phr n="Dec"><ent r="3" t="46" w="275" /></phr></stem><stem n="jan"><phr n="Jan"><ent r="3" t="46" w="290" /></phr></stem><stem n="=&quot;com.dartware&quot;"><phr n="=&quot;com.dartware&quot;"><ent r="3" t="46" w="306" /></phr></stem><stem n="probe_python"><phr n="probe_python"><ent r="3" t="46" w="308" /><ent r="3" t="46" w="306" /></phr></stem><stem n="probe_python.sampl"><phr n="probe_python.sample"><ent r="3" t="46" w="309" /><ent r="3" t="46" w="306" /></phr></stem><stem n="_name=&quot;python.sample&quot;"><phr n="_name=&quot;python.sample&quot;"><ent r="3" t="46" w="310" /></phr></stem><stem n="_name=&quot;python"><phr n="_name=&quot;Python"><ent r="3" t="46" w="312" /></phr></stem><stem n="human_python"><phr n="human_Python"><ent r="3" t="46" w="312" /><ent r="3" t="46" w="310" /></phr></stem><stem n="=&quot;1.1&quot;"><phr n="=&quot;1.1&quot;"><ent r="3" t="46" w="317" /></phr></stem><stem n="address_ip"><phr n="address_IP"><ent r="3" t="46" w="319" /><ent r="3" t="46" w="317" /></phr></stem><stem n="_type=&quot;ip&quot;"><phr n="_type=&quot;IP&quot;"><ent r="3" t="46" w="320" /></phr></stem><stem n="&quot;miscellaneous/test/python"><phr n="&quot;Miscellaneous/Test/Python"><ent r="3" t="46" w="324" /></phr></stem><stem n="miscellaneous/test/python"><phr n="Miscellaneous/Test/Python"><ent r="3" t="46" w="324" /><ent r="3" t="46" w="322" /></phr></stem><stem n="\gb\python"><phr n="\GB\Python"><ent r="3" t="46" w="330" /></phr></stem><stem n="random"><phr n="random"><ent r="3" t="46" w="353" /><ent r="3" t="46" w="471" /><ent r="3" t="46" w="473" /><ent r="7" t="70" w="340" /></phr></stem><stem n="down/alarm"><phr n="Down/Alarm"><ent r="3" t="46" w="366" /><ent r="3" t="46" w="365" /></phr></stem><stem n="down/alarm/warn"><phr n="Down/Alarm/Warning"><ent r="3" t="46" w="367" /><ent r="3" t="46" w="365" /></phr></stem><stem n="down/alarm/warning/ok"><phr n="Down/Alarm/Warning/OK"><ent r="3" t="46" w="368" /><ent r="3" t="46" w="365" /></phr></stem><stem n="down/alarm/warning/ok."><phr n="Down/Alarm/Warning/OK."><ent r="3" t="46" w="368" /><ent r="3" t="46" w="365" /></phr></stem><stem n="/alarm/warning/ok."><phr n="/Alarm/Warning/OK."><ent r="3" t="46" w="369" /></phr></stem><stem n="sample.pi"><phr n="sample.py"><ent r="3" t="46" w="381" /><ent r="3" t="46" w="380" /></phr></stem><stem n=":${exit_code}=1"><phr n=":${EXIT_CODE}=1"><ent r="3" t="46" w="404" /></phr></stem><stem n=":sample.py&gt;"><phr n=":sample.py&gt;"><ent r="3" t="46" w="421" /></phr></stem><stem n="#!"><phr n="#!"><ent r="3" t="46" w="423" /><ent r="3" t="61" w="463" /></phr></stem><stem n="(len(sys.argv)"><phr n="(len(sys.argv)"><ent r="3" t="46" w="445" /></phr></stem><stem n="%s"><phr n="%s"><ent r="3" t="46" w="449" /><ent r="3" t="61" w="515" /></phr></stem><stem n="_address_&quot;"><phr n="_address_&quot;"><ent r="3" t="46" w="451" /></phr></stem><stem n=".argv[0]"><phr n=".argv[0]"><ent r="3" t="46" w="454" /></phr></stem><stem n=".exit(0)"><phr n=".exit(0)"><ent r="3" t="46" w="457" /></phr></stem><stem n="addr"><phr n="addr"><ent r="3" t="46" w="457" /><ent r="3" t="46" w="469" /><ent r="3" t="46" w="488" /></phr></stem><stem n="random.randrang"><phr n="random.randrange"><ent r="3" t="46" w="474" /><ent r="3" t="46" w="473" /></phr></stem><stem n="randrang"><phr n="randrange"><ent r="3" t="46" w="474" /></phr></stem><stem n=".randrange(4)"><phr n=".randrange(4)"><ent r="3" t="46" w="476" /></phr></stem><stem n="&quot;pretend"><phr n="&quot;Pretending"><ent r="3" t="46" w="477" /></phr></stem><stem n="got"><phr n="got"><ent r="3" t="46" w="479" /><ent r="3" t="54" w="511" /></phr></stem><stem n="%d"><phr n="%d"><ent r="3" t="46" w="481" /></phr></stem><stem n="(result,"><phr n="(result,"><ent r="3" t="46" w="488" /></phr></stem><stem n=".exit(result)"><phr n=".exit(result)"><ent r="3" t="46" w="492" /></phr></stem><stem n="/tool:sample.py&gt;"><phr n="/tool:sample.py&gt;"><ent r="3" t="46" w="496" /></phr></stem><stem n="--intermapp"><phr n="--InterMapper"><ent r="3" t="47" w="111" /><ent r="3" t="47" w="112" /></phr></stem><stem n="line-"><phr n="line-"><ent r="3" t="47" w="111" /></phr></stem><stem n="line--intermapp"><phr n="line--InterMapper"><ent r="3" t="47" w="111" /></phr></stem><stem n="up/okai"><phr n="UP/Okay"><ent r="3" t="47" w="143" /><ent r="3" t="47" w="142" /></phr></stem><stem n="up/okay,"><phr n="UP/Okay,"><ent r="3" t="47" w="143" /><ent r="3" t="47" w="142" /></phr></stem><stem n="/okay,"><phr n="/Okay,"><ent r="3" t="47" w="144" /></phr></stem><stem n="up/alarm"><phr n="UP/Alarm"><ent r="3" t="47" w="145" /><ent r="3" t="47" w="144" /></phr></stem><stem n="up/alarm,"><phr n="UP/Alarm,"><ent r="3" t="47" w="145" /><ent r="3" t="47" w="144" /></phr></stem><stem n="/alarm,"><phr n="/Alarm,"><ent r="3" t="47" w="146" /></phr></stem><stem n="up/crit"><phr n="UP/Critical"><ent r="3" t="47" w="147" /><ent r="3" t="47" w="146" /></phr></stem><stem n="up/critical,"><phr n="UP/Critical,"><ent r="3" t="47" w="147" /><ent r="3" t="47" w="146" /></phr></stem><stem n="/critical,"><phr n="/Critical,"><ent r="3" t="47" w="148" /></phr></stem><stem n="nice"><phr n="nicely"><ent r="3" t="47" w="170" /></phr><phr n="nice"><ent r="3" t="48" w="100" /></phr></stem><stem n="/condit"><phr n="/condition"><ent r="3" t="47" w="186" /></phr></stem><stem n="reason/condit"><phr n="reason/condition"><ent r="3" t="47" w="186" /><ent r="3" t="47" w="185" /></phr></stem><stem n="-directori"><phr n="-directory"><ent r="3" t="47" w="202" /><ent r="3" t="47" w="202" /><ent r="4" t="47" w="287" /><ent r="4" t="47" w="287" /><ent r="3" t="48" w="153" /><ent r="3" t="48" w="153" /></phr></stem><stem n="sub-directori"><phr n="sub-directory"><ent r="3" t="47" w="202" /><ent r="4" t="47" w="287" /><ent r="3" t="48" w="153" /></phr></stem><stem n="www.nagios.org/"><phr n="www.nagios.org/"><ent r="64" t="47" w="228" /><ent r="64" t="47" w="226" /></phr></stem><stem n="://www.nagios.org/"><phr n="://www.nagios.org/"><ent r="64" t="47" w="229" /></phr></stem><stem n="/execut"><phr n="/executable"><ent r="100" t="47" w="232" /></phr></stem><stem n="runnable/execut"><phr n="Runnable/executable"><ent r="100" t="47" w="232" /><ent r="100" t="47" w="231" /></phr></stem><stem n="link/alia"><phr n="Link/alias"><ent r="100" t="47" w="235" /><ent r="100" t="47" w="234" /></phr><phr n="link/alias"><ent r="4" t="47" w="278" /><ent r="4" t="47" w="277" /></phr></stem><stem n="/alias/shortcut"><phr n="/alias/shortcut"><ent r="100" t="47" w="236" /><ent r="4" t="47" w="279" /></phr></stem><stem n="link/alias/shortcut"><phr n="Link/alias/shortcut"><ent r="100" t="47" w="236" /><ent r="100" t="47" w="234" /></phr><phr n="link/alias/shortcut"><ent r="4" t="47" w="279" /><ent r="4" t="47" w="277" /></phr></stem><stem n="shortcut"><phr n="shortcut"><ent r="100" t="47" w="236" /><ent r="4" t="47" w="279" /></phr></stem><stem n="templat"><phr n="Template"><ent r="100" t="47" w="247" /><ent r="3" t="47" w="736" /><ent r="4" t="47" w="752" /><ent r="4" t="47" w="783" /><ent r="4" t="47" w="849" /><ent r="66" t="65" w="169" /><ent r="1000" t="67" w="1" /><ent r="100" t="67" w="4" /><ent r="102" t="67" w="7" /><ent r="100" t="67" w="73" /><ent r="92" t="67" w="77" /><ent r="100" t="68" w="62" /><ent r="100" t="71" w="355" /><ent r="3" t="71" w="359" /><ent r="100" t="71" w="362" /></phr><phr n="template"><ent r="3" t="48" w="19" /><ent r="3" t="48" w="39" /><ent r="4" t="65" w="119" /><ent r="3" t="65" w="267" /><ent r="4" t="67" w="24" /><ent r="3" t="67" w="36" /><ent r="3" t="67" w="53" /><ent r="3" t="67" w="85" /><ent r="7" t="68" w="60" /><ent r="7" t="68" w="67" /><ent r="6" t="68" w="77" /><ent r="7" t="68" w="82" /><ent r="7" t="68" w="87" /><ent r="7" t="68" w="105" /><ent r="6" t="68" w="112" /><ent r="7" t="68" w="413" /><ent r="7" t="68" w="434" /><ent r="3" t="70" w="121" /><ent r="6" t="70" w="1711" /><ent r="5" t="70" w="1760" /><ent r="3" t="71" w="14" /><ent r="3" t="71" w="238" /><ent r="3" t="71" w="373" /><ent r="3" t="71" w="374" /><ent r="3" t="71" w="393" /><ent r="3" t="71" w="398" /><ent r="3" t="72" w="27" /></phr><phr n="templates"><ent r="4" t="65" w="217" /><ent r="4" t="65" w="253" /><ent r="3" t="71" w="101" /><ent r="3" t="71" w="163" /><ent r="3" t="71" w="258" /></phr></stem><stem n="creator"><phr n="creator"><ent r="4" t="47" w="269" /></phr></stem><stem n="move"><phr n="Move"><ent r="4" t="47" w="271" /></phr><phr n="move"><ent r="3" t="61" w="669" /></phr></stem><stem n="files'"><phr n="files's"><ent r="4" t="47" w="319" /><ent r="4" t="47" w="318" /></phr></stem><stem n=":nagio"><phr n=":Nagios"><ent r="100" t="47" w="375" /></phr></stem><stem n="nagiosplug"><phr n="nagiosplug"><ent r="64" t="47" w="403" /></phr></stem><stem n="nagiosplug.sourceforg"><phr n="nagiosplug.sourceforge"><ent r="64" t="47" w="404" /><ent r="64" t="47" w="403" /></phr></stem><stem n="sourceforg"><phr n="sourceforge"><ent r="64" t="47" w="404" /></phr></stem><stem n="nagiosplug.sourceforge.net"><phr n="nagiosplug.sourceforge.net"><ent r="64" t="47" w="405" /><ent r="64" t="47" w="403" /></phr></stem><stem n="developer-guidelin"><phr n="developer-guidelines"><ent r="64" t="47" w="406" /></phr></stem><stem n="://nagiosplug.sourceforge.net/developer-guidelines.html"><phr n="://nagiosplug.sourceforge.net/developer-guidelines.html"><ent r="64" t="47" w="408" /></phr></stem></index>