<?xml version="1.0" encoding="utf-8"?><index><stem n="access"><phr n="accessed"><ent r="3" t="7" w="114" /><ent r="3" t="58" w="20" /><ent r="3" t="58" w="209" /></phr><phr n="access"><ent r="3" t="19" w="148" /><ent r="4" t="19" w="214" /><ent r="3" t="26" w="1064" /><ent r="4" t="29" w="102" /><ent r="3" t="29" w="420" /><ent r="3" t="29" w="838" /><ent r="3" t="29" w="1071" /><ent r="3" t="56" w="525" /><ent r="4" t="57" w="69" /><ent r="4" t="57" w="83" /><ent r="3" t="57" w="173" /><ent r="3" t="58" w="224" /><ent r="3" t="61" w="160" /><ent r="3" t="61" w="297" /><ent r="3" t="64" w="239" /><ent r="3" t="71" w="116" /><ent r="3" t="71" w="130" /><ent r="3" t="71" w="193" /><ent r="3" t="71" w="198" /></phr><phr n="accessible"><ent r="3" t="19" w="1201" /><ent r="3" t="19" w="1233" /><ent r="4" t="19" w="1903" /><ent r="3" t="26" w="1067" /></phr><phr n="Accessing"><ent r="82" t="29" w="825" /><ent r="92" t="56" w="503" /></phr><phr n="accessing"><ent r="3" t="29" w="832" /><ent r="3" t="29" w="888" /><ent r="3" t="40" w="1118" /></phr><phr n="Access"><ent r="3" t="29" w="846" /></phr><phr n="ACCESS"><ent r="3" t="33" w="181" /><ent r="3" t="33" w="214" /><ent r="3" t="33" w="246" /><ent r="3" t="33" w="281" /><ent r="3" t="33" w="312" /><ent r="3" t="33" w="337" /></phr></stem><stem n="just"><phr n="just"><ent r="3" t="7" w="117" /><ent r="3" t="14" w="887" /><ent r="4" t="37" w="2218" /><ent r="4" t="41" w="332" /><ent r="3" t="45" w="45" /></phr></stem><stem n="calcul"><phr n="calculations"><ent r="3" t="7" w="125" /><ent r="3" t="13" w="1836" /><ent r="3" t="14" w="407" /><ent r="3" t="14" w="552" /><ent r="3" t="19" w="1521" /><ent r="3" t="19" w="1531" /><ent r="3" t="19" w="1542" /><ent r="3" t="34" w="612" /><ent r="3" t="37" w="1691" /></phr><phr n="calculation"><ent r="3" t="13" w="539" /><ent r="3" t="14" w="294" /><ent r="6" t="16" w="834" /><ent r="4" t="16" w="1511" /><ent r="3" t="16" w="2129" /><ent r="3" t="16" w="2269" /><ent r="4" t="24" w="116" /><ent r="4" t="24" w="2874" /><ent r="4" t="77" w="112" /><ent r="4" t="77" w="155" /><ent r="4" t="77" w="250" /></phr><phr n="Calculations"><ent r="64" t="13" w="1827" /><ent r="65" t="16" w="1040" /><ent r="92" t="19" w="1509" /><ent r="4" t="22" w="187" /><ent r="1000" t="24" w="2" /><ent r="100" t="24" w="9" /><ent r="102" t="24" w="12" /><ent r="3" t="34" w="604" /><ent r="92" t="34" w="606" /><ent r="3" t="37" w="1683" /></phr><phr n="CALCULATION"><ent r="3" t="14" w="477" /><ent r="3" t="14" w="512" /><ent r="3" t="14" w="524" /><ent r="3" t="14" w="557" /><ent r="3" t="14" w="564" /><ent r="3" t="14" w="573" /><ent r="4" t="16" w="505" /><ent r="100" t="16" w="1024" /><ent r="3" t="16" w="1234" /><ent r="3" t="16" w="1776" /><ent r="3" t="16" w="2192" /><ent r="3" t="16" w="2287" /><ent r="3" t="19" w="1660" /><ent r="3" t="19" w="1670" /><ent r="3" t="19" w="1699" /><ent r="3" t="19" w="1708" /><ent r="3" t="19" w="1718" /><ent r="3" t="24" w="2826" /><ent r="3" t="24" w="2831" /><ent r="3" t="24" w="2836" /><ent r="6" t="24" w="2980" /><ent r="3" t="27" w="366" /><ent r="3" t="27" w="385" /><ent r="5" t="77" w="167" /><ent r="5" t="77" w="268" /></phr><phr n="Calculation"><ent r="7" t="16" w="824" /><ent r="100" t="16" w="1021" /><ent r="4" t="16" w="1026" /><ent r="92" t="16" w="1730" /><ent r="4" t="16" w="1735" /><ent r="3" t="54" w="128" /></phr><phr n="calculates"><ent r="3" t="16" w="1753" /><ent r="4" t="19" w="1567" /></phr><phr n="calculated"><ent r="4" t="19" w="1604" /><ent r="4" t="24" w="2283" /></phr></stem><stem n="refer"><phr n="refer"><ent r="3" t="7" w="136" /><ent r="3" t="7" w="320" /><ent r="3" t="16" w="1814" /><ent r="4" t="19" w="1624" /><ent r="3" t="37" w="3486" /><ent r="4" t="37" w="3520" /></phr><phr n="reference"><ent r="3" t="8" w="625" /><ent r="4" t="19" w="1617" /><ent r="4" t="19" w="1890" /><ent r="3" t="64" w="343" /><ent r="6" t="68" w="800" /></phr><phr n="referred"><ent r="3" t="13" w="461" /></phr><phr n="Reference"><ent r="65" t="16" w="440" /><ent r="64" t="16" w="1842" /><ent r="3" t="16" w="1896" /><ent r="64" t="34" w="1099" /><ent r="65" t="35" w="1356" /><ent r="1000" t="37" w="4" /><ent r="100" t="37" w="58" /><ent r="100" t="37" w="62" /><ent r="100" t="37" w="66" /><ent r="102" t="37" w="71" /><ent r="100" t="37" w="2256" /><ent r="1000" t="70" w="2" /><ent r="100" t="70" w="5" /><ent r="102" t="70" w="8" /><ent r="4" t="74" w="97" /></phr><phr n="references"><ent r="4" t="40" w="1054" /><ent r="3" t="56" w="462" /></phr><phr n="refers"><ent r="3" t="66" w="534" /><ent r="4" t="67" w="234" /></phr></stem><stem n="whose"><phr n="whose"><ent r="3" t="7" w="140" /><ent r="4" t="19" w="231" /><ent r="4" t="22" w="698" /><ent r="6" t="24" w="2955" /><ent r="3" t="26" w="758" /><ent r="3" t="28" w="105" /><ent r="3" t="29" w="38" /><ent r="3" t="29" w="772" /><ent r="3" t="37" w="1177" /><ent r="6" t="70" w="1234" /></phr></stem><stem n="space"><phr n="spaces"><ent r="3" t="7" w="146" /><ent r="3" t="13" w="488" /><ent r="3" t="13" w="1684" /><ent r="3" t="13" w="1705" /><ent r="3" t="13" w="1733" /><ent r="6" t="16" w="656" /><ent r="3" t="24" w="1366" /></phr><phr n="spaced"><ent r="3" t="10" w="213" /><ent r="5" t="11" w="186" /><ent r="5" t="11" w="202" /><ent r="3" t="20" w="88" /></phr><phr n="space"><ent r="5" t="13" w="1418" /><ent r="5" t="13" w="1437" /><ent r="4" t="35" w="360" /><ent r="4" t="35" w="387" /><ent r="3" t="37" w="4201" /><ent r="4" t="47" w="578" /><ent r="3" t="66" w="490" /><ent r="3" t="70" w="1788" /></phr></stem><stem n="enclos"><phr n="enclosed"><ent r="3" t="7" w="153" /><ent r="4" t="17" w="411" /><ent r="4" t="22" w="356" /><ent r="4" t="31" w="242" /><ent r="4" t="35" w="485" /><ent r="4" t="35" w="1338" /><ent r="4" t="40" w="733" /><ent r="4" t="66" w="187" /><ent r="6" t="68" w="137" /><ent r="6" t="70" w="1400" /></phr><phr n="Enclose"><ent r="4" t="17" w="380" /></phr><phr n="enclosing"><ent r="3" t="34" w="546" /></phr><phr n="enclose"><ent r="3" t="37" w="3475" /></phr></stem><stem n="curli"><phr n="curly"><ent r="3" t="7" w="155" /><ent r="4" t="31" w="244" /><ent r="4" t="35" w="1340" /></phr></stem><stem n="brace"><phr n="braces"><ent r="3" t="7" w="156" /><ent r="4" t="31" w="245" /><ent r="4" t="35" w="1341" /></phr><phr n="brace"><ent r="3" t="45" w="67" /></phr></stem><stem n="(example:"><phr n="(Example:"><ent r="3" t="7" w="158" /></phr></stem><stem n="&quot;${second"><phr n="&quot;${Seconds"><ent r="3" t="7" w="159" /></phr></stem><stem n="}&quot;)."><phr n="}&quot;)."><ent r="3" t="7" w="162" /></phr></stem><stem n="input"><phr n="Input"><ent r="92" t="7" w="163" /><ent r="4" t="7" w="177" /><ent r="4" t="7" w="184" /><ent r="5" t="9" w="371" /><ent r="5" t="9" w="426" /><ent r="5" t="9" w="472" /><ent r="5" t="9" w="529" /><ent r="5" t="9" w="575" /><ent r="5" t="9" w="632" /><ent r="5" t="9" w="687" /><ent r="5" t="9" w="745" /><ent r="5" t="9" w="1011" /><ent r="5" t="9" w="1055" /></phr><phr n="input"><ent r="3" t="7" w="170" /><ent r="3" t="7" w="258" /><ent r="3" t="7" w="356" /><ent r="3" t="7" w="579" /><ent r="3" t="7" w="587" /><ent r="4" t="8" w="319" /><ent r="3" t="14" w="1075" /><ent r="4" t="24" w="683" /><ent r="3" t="24" w="908" /><ent r="4" t="24" w="2398" /><ent r="4" t="24" w="2413" /><ent r="4" t="24" w="2447" /><ent r="4" t="24" w="2456" /><ent r="3" t="35" w="1396" /><ent r="3" t="37" w="170" /><ent r="4" t="37" w="421" /><ent r="3" t="37" w="2831" /><ent r="4" t="37" w="2879" /><ent r="4" t="40" w="1241" /><ent r="5" t="41" w="72" /><ent r="5" t="41" w="216" /><ent r="5" t="41" w="377" /><ent r="4" t="41" w="478" /><ent r="3" t="41" w="525" /></phr></stem><stem n="four"><phr n="Four"><ent r="3" t="7" w="167" /></phr><phr n="four"><ent r="3" t="7" w="576" /><ent r="3" t="16" w="94" /><ent r="3" t="16" w="396" /><ent r="4" t="19" w="857" /><ent r="3" t="19" w="1305" /><ent r="3" t="19" w="1450" /><ent r="3" t="19" w="1498" /><ent r="4" t="21" w="840" /><ent r="3" t="46" w="363" /><ent r="3" t="56" w="156" /><ent r="3" t="71" w="78" /></phr></stem><stem n="obscur"><phr n="obscuring"><ent r="4" t="7" w="188" /></phr></stem><stem n="charact"><phr n="characters"><ent r="4" t="7" w="190" /><ent r="3" t="11" w="47" /><ent r="3" t="11" w="60" /><ent r="3" t="11" w="83" /><ent r="3" t="11" w="97" /><ent r="6" t="16" w="653" /><ent r="3" t="23" w="97" /><ent r="3" t="24" w="1345" /><ent r="3" t="24" w="1353" /><ent r="3" t="24" w="2216" /><ent r="4" t="24" w="2288" /><ent r="6" t="24" w="2913" /><ent r="6" t="24" w="2936" /><ent r="3" t="35" w="506" /><ent r="5" t="35" w="1415" /><ent r="3" t="37" w="1046" /><ent r="4" t="37" w="2288" /><ent r="3" t="37" w="3163" /><ent r="3" t="37" w="3556" /><ent r="3" t="37" w="4631" /><ent r="4" t="40" w="735" /><ent r="6" t="70" w="1125" /></phr><phr n="character"><ent r="4" t="21" w="843" /><ent r="4" t="22" w="338" /><ent r="4" t="24" w="1202" /><ent r="6" t="24" w="2533" /><ent r="6" t="24" w="2542" /><ent r="6" t="24" w="2919" /><ent r="3" t="26" w="373" /><ent r="3" t="34" w="1054" /><ent r="4" t="47" w="543" /><ent r="4" t="69" w="241" /><ent r="3" t="70" w="1789" /></phr><phr n="Characters"><ent r="100" t="35" w="498" /><ent r="82" t="35" w="501" /></phr><phr n="Character"><ent r="5" t="35" w="565" /><ent r="100" t="35" w="594" /><ent r="4" t="35" w="598" /><ent r="100" t="35" w="711" /><ent r="82" t="35" w="716" /></phr></stem><stem n="dropdown"><phr n="Dropdown"><ent r="5" t="7" w="192" /><ent r="82" t="7" w="350" /><ent r="3" t="7" w="470" /><ent r="3" t="7" w="483" /><ent r="3" t="7" w="597" /></phr><phr n="dropdown"><ent r="4" t="7" w="197" /><ent r="3" t="7" w="362" /><ent r="3" t="7" w="379" /><ent r="3" t="7" w="418" /><ent r="3" t="7" w="444" /><ent r="3" t="7" w="456" /></phr></stem><stem n="checkbox"><phr n="Checkbox"><ent r="5" t="7" w="200" /><ent r="3" t="7" w="511" /><ent r="3" t="7" w="532" /><ent r="3" t="7" w="602" /></phr><phr n="checkbox"><ent r="3" t="31" w="48" /></phr></stem><stem n="true"><phr n="true"><ent r="4" t="7" w="206" /><ent r="3" t="7" w="512" /><ent r="3" t="7" w="514" /><ent r="3" t="7" w="518" /><ent r="3" t="7" w="603" /><ent r="3" t="7" w="605" /><ent r="3" t="8" w="243" /><ent r="4" t="8" w="394" /><ent r="3" t="16" w="2170" /><ent r="3" t="16" w="2225" /><ent r="3" t="16" w="2233" /><ent r="3" t="16" w="2240" /><ent r="3" t="17" w="89" /><ent r="4" t="17" w="243" /><ent r="5" t="18" w="63" /><ent r="3" t="18" w="187" /><ent r="4" t="22" w="240" /><ent r="3" t="22" w="1005" /><ent r="3" t="22" w="1070" /><ent r="3" t="25" w="60" /><ent r="5" t="25" w="98" /><ent r="3" t="27" w="132" /><ent r="3" t="34" w="739" /><ent r="3" t="42" w="153" /><ent r="3" t="61" w="399" /><ent r="3" t="61" w="1020" /><ent r="3" t="61" w="1110" /><ent r="5" t="77" w="146" /><ent r="5" t="77" w="206" /><ent r="5" t="77" w="214" /><ent r="5" t="77" w="221" /></phr><phr n="TRUE"><ent r="100" t="24" w="25" /><ent r="100" t="24" w="139" /><ent r="4" t="24" w="152" /></phr><phr n="True"><ent r="3" t="35" w="972" /></phr></stem><stem n="fals"><phr n="false"><ent r="4" t="7" w="208" /><ent r="3" t="7" w="513" /><ent r="3" t="7" w="604" /><ent r="3" t="8" w="235" /><ent r="5" t="18" w="111" /><ent r="4" t="18" w="128" /><ent r="3" t="18" w="194" /><ent r="3" t="25" w="65" /><ent r="5" t="25" w="146" /><ent r="4" t="25" w="163" /><ent r="3" t="27" w="432" /><ent r="3" t="61" w="383" /><ent r="3" t="61" w="1143" /><ent r="3" t="61" w="1172" /></phr><phr n="FALSE"><ent r="100" t="24" w="31" /><ent r="100" t="24" w="136" /><ent r="4" t="24" w="159" /></phr><phr n="False"><ent r="3" t="44" w="885" /></phr></stem><stem n="clear"><phr n="clearing"><ent r="4" t="7" w="212" /><ent r="3" t="22" w="938" /></phr><phr n="Clear"><ent r="5" t="21" w="170" /><ent r="3" t="22" w="311" /><ent r="4" t="22" w="509" /><ent r="4" t="22" w="524" /><ent r="4" t="22" w="736" /><ent r="4" t="22" w="780" /><ent r="4" t="22" w="798" /></phr><phr n="clear"><ent r="5" t="21" w="189" /><ent r="4" t="21" w="848" /><ent r="4" t="22" w="137" /><ent r="3" t="22" w="551" /><ent r="4" t="22" w="813" /><ent r="4" t="22" w="854" /><ent r="3" t="22" w="1243" /><ent r="3" t="22" w="1418" /><ent r="3" t="22" w="1422" /><ent r="3" t="22" w="1475" /><ent r="3" t="22" w="1479" /><ent r="3" t="22" w="1510" /></phr><phr n="CLEAR"><ent r="4" t="22" w="385" /></phr><phr n="cleared"><ent r="3" t="22" w="476" /><ent r="3" t="22" w="587" /><ent r="4" t="22" w="831" /><ent r="4" t="22" w="834" /><ent r="3" t="22" w="1012" /></phr><phr n="Clears"><ent r="4" t="37" w="419" /></phr><phr n="clears"><ent r="3" t="37" w="2829" /></phr></stem><stem n="check"><phr n="check"><ent r="4" t="7" w="214" /><ent r="3" t="7" w="505" /><ent r="3" t="7" w="543" /><ent r="3" t="14" w="1204" /><ent r="3" t="14" w="1267" /><ent r="4" t="41" w="263" /><ent r="5" t="41" w="356" /><ent r="3" t="44" w="433" /><ent r="3" t="44" w="438" /><ent r="3" t="44" w="460" /><ent r="3" t="44" w="515" /><ent r="3" t="44" w="578" /><ent r="3" t="44" w="621" /><ent r="3" t="44" w="690" /><ent r="3" t="44" w="719" /><ent r="3" t="44" w="778" /><ent r="3" t="44" w="836" /><ent r="3" t="44" w="863" /><ent r="3" t="44" w="942" /><ent r="3" t="47" w="599" /><ent r="3" t="47" w="626" /><ent r="3" t="48" w="189" /><ent r="3" t="52" w="34" /><ent r="3" t="54" w="413" /></phr><phr n="Check"><ent r="82" t="7" w="498" /><ent r="6" t="9" w="112" /><ent r="6" t="9" w="1085" /><ent r="3" t="44" w="464" /><ent r="3" t="44" w="476" /><ent r="3" t="44" w="482" /><ent r="3" t="44" w="698" /><ent r="3" t="44" w="723" /><ent r="3" t="44" w="735" /><ent r="3" t="44" w="744" /></phr><phr n="checks"><ent r="3" t="34" w="129" /><ent r="3" t="44" w="488" /></phr><phr n="checking"><ent r="3" t="37" w="947" /></phr><phr n="checked"><ent r="3" t="37" w="4520" /></phr><phr n="CHECK"><ent r="3" t="44" w="504" /><ent r="3" t="44" w="521" /></phr></stem><stem n="box"><phr n="box"><ent r="4" t="7" w="215" /><ent r="3" t="7" w="227" /><ent r="3" t="7" w="506" /><ent r="3" t="7" w="544" /></phr><phr n="Box"><ent r="82" t="7" w="499" /><ent r="3" t="33" w="102" /></phr></stem><stem n="enter"><phr n="entering"><ent r="3" t="7" w="229" /><ent r="3" t="69" w="21" /></phr><phr n="enter"><ent r="4" t="21" w="640" /><ent r="4" t="22" w="352" /><ent r="4" t="22" w="370" /><ent r="3" t="26" w="490" /><ent r="3" t="27" w="188" /><ent r="3" t="27" w="197" /><ent r="3" t="55" w="1152" /><ent r="4" t="73" w="79" /></phr><phr n="Enter"><ent r="4" t="47" w="314" /><ent r="4" t="49" w="74" /><ent r="100" t="55" w="27" /><ent r="100" t="55" w="733" /><ent r="4" t="55" w="735" /><ent r="4" t="56" w="752" /><ent r="4" t="73" w="57" /></phr><phr n="entered"><ent r="4" t="54" w="236" /></phr></stem><stem n="&quot;text&quot;"><phr n="&quot;Text&quot;"><ent r="3" t="7" w="234" /><ent r="3" t="7" w="594" /></phr></stem><stem n="&quot;text"><phr n="&quot;Text"><ent r="3" t="7" w="234" /><ent r="3" t="7" w="594" /></phr></stem><stem n="{text}"><phr n="{Text}"><ent r="4" t="7" w="246" /></phr></stem><stem n="conceal"><phr n="conceal"><ent r="3" t="7" w="261" /></phr></stem><stem n="casual"><phr n="casual"><ent r="3" t="7" w="265" /></phr></stem><stem n="view"><phr n="view"><ent r="3" t="7" w="266" /><ent r="4" t="8" w="137" /><ent r="4" t="8" w="699" /><ent r="3" t="19" w="45" /><ent r="3" t="19" w="123" /><ent r="3" t="32" w="197" /><ent r="3" t="35" w="121" /><ent r="3" t="51" w="34" /><ent r="3" t="53" w="64" /><ent r="4" t="56" w="810" /><ent r="3" t="59" w="208" /><ent r="4" t="60" w="115" /><ent r="3" t="71" w="122" /><ent r="3" t="71" w="270" /></phr><phr n="View"><ent r="3" t="19" w="1849" /></phr><phr n="Viewing"><ent r="1000" t="31" w="2" /><ent r="102" t="31" w="7" /></phr><phr n="viewing"><ent r="3" t="53" w="124" /></phr></stem><stem n="(so-cal"><phr n="(so-called"><ent r="3" t="7" w="267" /></phr></stem><stem n="so-cal"><phr n="so-called"><ent r="3" t="7" w="267" /></phr></stem><stem n="call"><phr n="called"><ent r="3" t="7" w="268" /><ent r="4" t="15" w="129" /><ent r="3" t="16" w="52" /><ent r="3" t="16" w="346" /><ent r="4" t="19" w="249" /><ent r="3" t="20" w="201" /><ent r="3" t="21" w="68" /><ent r="3" t="26" w="927" /><ent r="3" t="45" w="16" /><ent r="3" t="56" w="703" /><ent r="3" t="65" w="96" /><ent r="6" t="70" w="1385" /></phr><phr n="Calling"><ent r="92" t="44" w="340" /><ent r="1000" t="73" w="3" /><ent r="100" t="73" w="6" /><ent r="102" t="73" w="11" /></phr><phr n="call"><ent r="3" t="44" w="361" /><ent r="3" t="74" w="26" /></phr><phr n="calls"><ent r="4" t="49" w="392" /></phr><phr n="calling"><ent r="3" t="73" w="17" /></phr></stem><stem n="asterisk"><phr n="asterisks"><ent r="3" t="7" w="281" /></phr><phr n="asterisk"><ent r="3" t="7" w="296" /></phr></stem><stem n="(&quot;*****&quot;)"><phr n="(&quot;*****&quot;)"><ent r="3" t="7" w="282" /></phr></stem><stem n="place"><phr n="place"><ent r="3" t="7" w="293" /><ent r="3" t="34" w="964" /><ent r="3" t="35" w="741" /><ent r="3" t="37" w="1364" /><ent r="4" t="40" w="994" /><ent r="3" t="54" w="429" /><ent r="3" t="66" w="426" /><ent r="6" t="68" w="305" /><ent r="6" t="68" w="676" /><ent r="3" t="69" w="124" /><ent r="65" t="70" w="92" /><ent r="93" t="70" w="1151" /><ent r="6" t="70" w="1176" /><ent r="6" t="70" w="2451" /></phr><phr n="placed"><ent r="4" t="8" w="217" /><ent r="4" t="8" w="767" /><ent r="4" t="16" w="998" /><ent r="6" t="24" w="2958" /><ent r="3" t="37" w="2566" /><ent r="3" t="62" w="103" /><ent r="4" t="66" w="116" /><ent r="4" t="66" w="296" /><ent r="4" t="66" w="316" /><ent r="3" t="71" w="233" /></phr><phr n="places"><ent r="3" t="13" w="1567" /><ent r="3" t="24" w="980" /><ent r="3" t="24" w="1518" /><ent r="4" t="35" w="814" /><ent r="3" t="37" w="3102" /></phr><phr n="Place"><ent r="4" t="35" w="675" /><ent r="4" t="35" w="755" /><ent r="4" t="35" w="781" /><ent r="3" t="35" w="1738" /><ent r="4" t="69" w="228" /></phr><phr n="placing"><ent r="4" t="37" w="807" /><ent r="3" t="72" w="49" /></phr></stem><stem n="(&quot;*&quot;)"><phr n="(&quot;*&quot;)"><ent r="3" t="7" w="297" /></phr></stem><stem n="&quot;password*&quot;"><phr n="&quot;Password*&quot;"><ent r="3" t="7" w="307" /><ent r="3" t="7" w="597" /></phr></stem><stem n="remain"><phr n="remains"><ent r="3" t="7" w="313" /><ent r="3" t="21" w="427" /></phr><phr n="Remaining"><ent r="5" t="9" w="735" /></phr><phr n="remaining"><ent r="4" t="19" w="820" /><ent r="3" t="19" w="1295" /><ent r="3" t="22" w="1060" /><ent r="4" t="24" w="2452" /><ent r="3" t="34" w="1064" /><ent r="4" t="35" w="390" /><ent r="3" t="66" w="229" /></phr><phr n="remain"><ent r="4" t="22" w="799" /></phr></stem><stem n="{password*}"><phr n="{Password*}"><ent r="3" t="7" w="316" /></phr></stem><stem n="&quot;*&quot;"><phr n="&quot;*&quot;"><ent r="3" t="7" w="329" /></phr></stem><stem n="remov"><phr n="removed"><ent r="3" t="7" w="330" /><ent r="5" t="13" w="1410" /><ent r="4" t="22" w="784" /></phr><phr n="remove"><ent r="3" t="14" w="1260" /><ent r="3" t="19" w="1260" /><ent r="3" t="19" w="1279" /><ent r="3" t="22" w="585" /><ent r="4" t="60" w="93" /></phr><phr n="removes"><ent r="3" t="19" w="1468" /><ent r="4" t="22" w="811" /></phr><phr n="Remove"><ent r="4" t="24" w="429" /></phr><phr n="removing"><ent r="3" t="40" w="1259" /><ent r="4" t="41" w="224" /><ent r="3" t="41" w="487" /></phr></stem><stem n="&quot;password&quot;"><phr n="&quot;Password&quot;"><ent r="3" t="7" w="344" /></phr></stem><stem n="choic"><phr n="choices"><ent r="3" t="7" w="374" /><ent r="3" t="7" w="400" /><ent r="6" t="16" w="911" /><ent r="3" t="16" w="2145" /><ent r="3" t="16" w="2151" /><ent r="3" t="16" w="2203" /><ent r="4" t="77" w="128" /></phr><phr n="choice"><ent r="4" t="25" w="318" /><ent r="6" t="70" w="1659" /></phr></stem><stem n="syntax"><phr n="syntax"><ent r="3" t="7" w="383" /><ent r="3" t="7" w="509" /><ent r="3" t="8" w="60" /><ent r="3" t="8" w="620" /><ent r="3" t="12" w="42" /><ent r="5" t="13" w="1432" /><ent r="3" t="13" w="1801" /><ent r="3" t="13" w="2195" /><ent r="3" t="19" w="1024" /><ent r="4" t="19" w="1915" /><ent r="3" t="20" w="225" /><ent r="4" t="24" w="197" /><ent r="4" t="24" w="201" /><ent r="4" t="26" w="557" /><ent r="3" t="26" w="629" /><ent r="3" t="35" w="1730" /><ent r="3" t="35" w="1747" /><ent r="4" t="37" w="483" /><ent r="3" t="37" w="969" /><ent r="4" t="37" w="986" /><ent r="3" t="37" w="1092" /><ent r="64" t="37" w="1110" /><ent r="3" t="37" w="2990" /><ent r="3" t="57" w="48" /><ent r="3" t="64" w="242" /><ent r="3" t="64" w="285" /></phr><phr n="Syntax"><ent r="92" t="19" w="532" /><ent r="65" t="22" w="192" /><ent r="92" t="24" w="75" /><ent r="3" t="24" w="84" /><ent r="3" t="26" w="187" /><ent r="3" t="26" w="442" /></phr><phr n="SYNTAX"><ent r="3" t="33" w="175" /><ent r="3" t="33" w="208" /><ent r="3" t="33" w="240" /><ent r="3" t="33" w="275" /><ent r="3" t="33" w="306" /><ent r="3" t="33" w="331" /></phr></stem><stem n="equal"><phr n="Equal"><ent r="3" t="7" w="386" /><ent r="3" t="7" w="434" /><ent r="3" t="7" w="474" /><ent r="3" t="7" w="533" /><ent r="3" t="34" w="888" /><ent r="3" t="34" w="925" /><ent r="100" t="37" w="29" /><ent r="100" t="37" w="48" /><ent r="100" t="37" w="53" /></phr><phr n="equal"><ent r="3" t="16" w="2261" /><ent r="3" t="34" w="902" /><ent r="4" t="37" w="659" /><ent r="4" t="37" w="698" /><ent r="3" t="37" w="2783" /><ent r="3" t="37" w="2810" /><ent r="3" t="37" w="3039" /><ent r="4" t="37" w="3066" /><ent r="4" t="77" w="243" /></phr><phr n="Equality"><ent r="100" t="24" w="348" /><ent r="4" t="24" w="351" /></phr><phr n="equally"><ent r="3" t="34" w="877" /><ent r="3" t="37" w="4300" /></phr></stem><stem n="equal,notequ"><phr n="Equal,NotEqual"><ent r="3" t="7" w="387" /><ent r="3" t="7" w="386" /><ent r="3" t="7" w="435" /><ent r="3" t="7" w="434" /><ent r="3" t="7" w="475" /><ent r="3" t="7" w="474" /><ent r="3" t="7" w="534" /><ent r="3" t="7" w="533" /></phr></stem><stem n="notequ"><phr n="NotEqual"><ent r="3" t="7" w="387" /><ent r="3" t="7" w="388" /><ent r="3" t="7" w="392" /><ent r="3" t="7" w="435" /><ent r="3" t="7" w="475" /><ent r="3" t="7" w="534" /></phr></stem><stem n="&quot;test[equal,notequal]&quot;"><phr n="&quot;Test[Equal,NotEqual]&quot;"><ent r="3" t="7" w="388" /></phr></stem><stem n="&quot;notequal&quot;"><phr n="&quot;NotEqual&quot;"><ent r="3" t="7" w="389" /></phr></stem><stem n="//default"><phr n="//Default"><ent r="3" t="7" w="389" /><ent r="3" t="7" w="515" /></phr></stem><stem n="initi"><phr n="initial"><ent r="3" t="7" w="414" /><ent r="3" t="14" w="1225" /><ent r="3" t="14" w="1287" /><ent r="3" t="22" w="1414" /><ent r="3" t="39" w="230" /></phr><phr n="initializes"><ent r="3" t="14" w="993" /></phr><phr n="initialized"><ent r="3" t="14" w="1017" /></phr><phr n="initially"><ent r="3" t="20" w="446" /><ent r="3" t="20" w="481" /></phr><phr n="initiate"><ent r="3" t="28" w="277" /></phr><phr n="initiation"><ent r="6" t="38" w="102" /></phr></stem><stem n="{test[equal,notequal]},"><phr n="{Test[Equal,NotEqual]},"><ent r="3" t="7" w="436" /></phr></stem><stem n="4"><phr n="4"><ent r="3" t="7" w="469" /><ent r="3" t="10" w="293" /><ent r="3" t="10" w="300" /><ent r="3" t="10" w="307" /><ent r="3" t="11" w="79" /><ent r="8" t="11" w="322" /><ent r="3" t="13" w="568" /><ent r="3" t="13" w="1886" /><ent r="3" t="13" w="1981" /><ent r="3" t="13" w="1989" /><ent r="3" t="13" w="1990" /><ent r="3" t="13" w="2079" /><ent r="3" t="14" w="110" /><ent r="3" t="14" w="111" /><ent r="3" t="14" w="639" /><ent r="3" t="14" w="648" /><ent r="3" t="14" w="657" /><ent r="3" t="14" w="672" /><ent r="3" t="14" w="688" /><ent r="3" t="14" w="1096" /><ent r="3" t="16" w="132" /><ent r="3" t="16" w="147" /><ent r="3" t="16" w="148" /><ent r="6" t="16" w="876" /><ent r="3" t="16" w="1199" /><ent r="3" t="16" w="1200" /><ent r="4" t="16" w="1340" /><ent r="4" t="16" w="1341" /><ent r="3" t="19" w="1352" /><ent r="4" t="19" w="1433" /><ent r="4" t="19" w="1436" /><ent r="4" t="19" w="1590" /><ent r="3" t="19" w="1682" /><ent r="3" t="20" w="168" /><ent r="3" t="20" w="175" /><ent r="3" t="20" w="182" /><ent r="3" t="20" w="536" /><ent r="3" t="20" w="540" /><ent r="3" t="20" w="552" /><ent r="3" t="20" w="557" /><ent r="3" t="20" w="562" /><ent r="3" t="20" w="567" /><ent r="3" t="22" w="1184" /><ent r="3" t="22" w="1193" /><ent r="3" t="22" w="1255" /><ent r="3" t="22" w="1328" /><ent r="3" t="22" w="1345" /><ent r="3" t="22" w="1362" /><ent r="3" t="22" w="1437" /><ent r="3" t="22" w="1493" /><ent r="3" t="22" w="1503" /><ent r="3" t="22" w="1528" /><ent r="3" t="22" w="1538" /><ent r="3" t="22" w="1556" /><ent r="3" t="22" w="1564" /><ent r="3" t="22" w="1572" /><ent r="3" t="24" w="1998" /><ent r="3" t="24" w="2018" /><ent r="3" t="24" w="2026" /><ent r="3" t="24" w="2027" /><ent r="3" t="24" w="2040" /><ent r="3" t="24" w="2060" /><ent r="3" t="24" w="2068" /><ent r="3" t="24" w="2069" /><ent r="3" t="24" w="2082" /><ent r="3" t="24" w="2090" /><ent r="3" t="24" w="2091" /><ent r="3" t="24" w="2095" /><ent r="3" t="24" w="2104" /><ent r="3" t="24" w="2113" /><ent r="3" t="24" w="2122" /><ent r="3" t="24" w="2129" /><ent r="3" t="24" w="2136" /><ent r="3" t="24" w="2137" /><ent r="3" t="24" w="2147" /><ent r="3" t="24" w="2329" /><ent r="3" t="24" w="2336" /><ent r="6" t="24" w="2553" /><ent r="6" t="24" w="2562" /><ent r="3" t="24" w="2655" /><ent r="3" t="24" w="2663" /><ent r="3" t="26" w="335" /><ent r="3" t="26" w="956" /><ent r="3" t="26" w="957" /><ent r="3" t="27" w="59" /><ent r="3" t="27" w="110" /><ent r="4" t="29" w="232" /><ent r="3" t="29" w="560" /><ent r="3" t="29" w="594" /><ent r="3" t="31" w="79" /><ent r="3" t="31" w="112" /><ent r="3" t="31" w="121" /><ent r="3" t="31" w="131" /><ent r="4" t="31" w="215" /><ent r="4" t="31" w="274" /><ent r="4" t="31" w="284" /><ent r="3" t="32" w="60" /><ent r="3" t="32" w="72" /><ent r="3" t="32" w="73" /><ent r="3" t="32" w="350" /><ent r="3" t="32" w="444" /><ent r="3" t="32" w="458" /><ent r="3" t="32" w="475" /><ent r="3" t="32" w="488" /><ent r="3" t="32" w="502" /><ent r="3" t="32" w="507" /><ent r="3" t="32" w="517" /><ent r="3" t="32" w="533" /><ent r="3" t="32" w="598" /><ent r="3" t="32" w="605" /><ent r="3" t="32" w="619" /><ent r="3" t="32" w="636" /><ent r="3" t="32" w="649" /><ent r="3" t="32" w="663" /><ent r="3" t="32" w="668" /><ent r="3" t="32" w="678" /><ent r="3" t="32" w="694" /><ent r="3" t="32" w="728" /><ent r="3" t="32" w="742" /><ent r="3" t="32" w="759" /><ent r="3" t="32" w="772" /><ent r="3" t="32" w="786" /><ent r="3" t="32" w="791" /><ent r="3" t="32" w="801" /><ent r="3" t="32" w="817" /><ent r="3" t="32" w="838" /><ent r="3" t="32" w="852" /><ent r="3" t="32" w="869" /><ent r="3" t="32" w="882" /><ent r="3" t="32" w="896" /><ent r="3" t="32" w="901" /><ent r="3" t="32" w="911" /><ent r="3" t="32" w="927" /><ent r="3" t="32" w="942" /><ent r="3" t="32" w="955" /><ent r="3" t="32" w="968" /><ent r="3" t="32" w="981" /><ent r="3" t="32" w="994" /><ent r="3" t="32" w="1007" /><ent r="3" t="32" w="1027" /><ent r="3" t="32" w="1034" /><ent r="3" t="32" w="1051" /><ent r="3" t="32" w="1064" /><ent r="3" t="32" w="1078" /><ent r="3" t="32" w="1083" /><ent r="3" t="32" w="1093" /><ent r="3" t="32" w="1109" /><ent r="3" t="32" w="1181" /><ent r="3" t="32" w="1195" /><ent r="3" t="32" w="1209" /><ent r="3" t="32" w="1226" /><ent r="3" t="32" w="1231" /><ent r="3" t="32" w="1241" /><ent r="3" t="32" w="1257" /><ent r="3" t="32" w="1521" /><ent r="3" t="32" w="1525" /><ent r="3" t="32" w="1529" /><ent r="3" t="32" w="1533" /><ent r="3" t="32" w="1537" /><ent r="3" t="32" w="1545" /><ent r="3" t="32" w="1553" /><ent r="3" t="32" w="1561" /><ent r="3" t="32" w="1569" /><ent r="3" t="32" w="1579" /><ent r="3" t="32" w="1597" /><ent r="3" t="32" w="1603" /><ent r="3" t="32" w="1610" /><ent r="3" t="32" w="1617" /><ent r="3" t="32" w="1624" /><ent r="3" t="32" w="1632" /><ent r="3" t="32" w="1654" /><ent r="3" t="32" w="1661" /><ent r="3" t="32" w="1668" /><ent r="3" t="32" w="1675" /><ent r="3" t="32" w="1677" /><ent r="3" t="32" w="1682" /><ent r="3" t="32" w="1689" /><ent r="3" t="32" w="1696" /><ent r="3" t="32" w="1703" /><ent r="3" t="32" w="1710" /><ent r="3" t="32" w="1717" /><ent r="3" t="33" w="302" /><ent r="4" t="35" w="333" /><ent r="3" t="37" w="3952" /><ent r="4" t="37" w="4333" /><ent r="3" t="39" w="609" /><ent r="3" t="39" w="618" /><ent r="3" t="44" w="548" /><ent r="3" t="44" w="599" /><ent r="3" t="44" w="804" /><ent r="3" t="44" w="868" /><ent r="3" t="44" w="899" /><ent r="3" t="44" w="914" /><ent r="3" t="46" w="475" /><ent r="65" t="47" w="449" /><ent r="3" t="49" w="628" /><ent r="3" t="49" w="808" /><ent r="3" t="54" w="376" /><ent r="3" t="54" w="379" /><ent r="3" t="55" w="892" /><ent r="3" t="55" w="925" /><ent r="3" t="55" w="1060" /><ent r="3" t="56" w="513" /><ent r="3" t="56" w="626" /><ent r="3" t="56" w="676" /><ent r="3" t="56" w="678" /><ent r="3" t="56" w="691" /><ent r="3" t="64" w="89" /></phr></stem></index>