<?xml version="1.0" encoding="utf-8"?><index><stem n="bound"><phr n="BOUND"><ent r="3" t="1" w="74" /></phr><phr n="bound"><ent r="3" t="1" w="672" /></phr><phr n="bounds"><ent r="3" t="37" w="2090" /><ent r="3" t="37" w="2134" /></phr></stem><stem n="term"><phr n="TERMS"><ent r="3" t="1" w="77" /><ent r="3" t="1" w="88" /></phr><phr n="term"><ent r="3" t="1" w="493" /><ent r="4" t="8" w="312" /></phr><phr n="terms"><ent r="3" t="1" w="675" /></phr></stem><stem n="destroi"><phr n="DESTROY"><ent r="3" t="1" w="98" /></phr><phr n="destroy"><ent r="3" t="1" w="247" /></phr></stem><stem n="possess"><phr n="POSSESSION"><ent r="3" t="1" w="103" /></phr><phr n="possession"><ent r="3" t="1" w="255" /></phr></stem><stem n="state"><phr n="State"><ent r="100" t="1" w="107" /><ent r="3" t="1" w="595" /><ent r="82" t="22" w="634" /><ent r="83" t="22" w="863" /></phr><phr n="States"><ent r="3" t="1" w="121" /><ent r="3" t="1" w="448" /><ent r="3" t="1" w="521" /></phr><phr n="state"><ent r="4" t="4" w="389" /><ent r="4" t="4" w="638" /><ent r="3" t="14" w="595" /><ent r="3" t="20" w="275" /><ent r="3" t="21" w="102" /><ent r="5" t="21" w="190" /><ent r="5" t="21" w="224" /><ent r="3" t="21" w="327" /><ent r="3" t="21" w="492" /><ent r="4" t="22" w="510" /><ent r="4" t="22" w="653" /><ent r="4" t="22" w="671" /><ent r="4" t="22" w="699" /><ent r="3" t="22" w="881" /><ent r="3" t="22" w="900" /><ent r="3" t="22" w="904" /><ent r="3" t="22" w="915" /><ent r="3" t="22" w="962" /><ent r="3" t="22" w="977" /><ent r="3" t="22" w="1232" /><ent r="3" t="22" w="1244" /><ent r="3" t="22" w="1261" /><ent r="3" t="22" w="1277" /><ent r="3" t="22" w="1280" /><ent r="3" t="22" w="1412" /><ent r="3" t="22" w="1415" /><ent r="3" t="28" w="54" /><ent r="3" t="28" w="255" /><ent r="3" t="28" w="286" /><ent r="3" t="34" w="136" /><ent r="3" t="35" w="315" /><ent r="4" t="40" w="244" /><ent r="3" t="42" w="60" /><ent r="3" t="42" w="80" /><ent r="4" t="47" w="462" /></phr><phr n="states"><ent r="3" t="16" w="1917" /><ent r="3" t="42" w="40" /><ent r="3" t="42" w="42" /><ent r="3" t="42" w="148" /><ent r="6" t="70" w="282" /></phr></stem><stem n="protect"><phr n="protected"><ent r="3" t="1" w="118" /></phr></stem><stem n="unit"><phr n="United"><ent r="3" t="1" w="120" /><ent r="3" t="1" w="447" /><ent r="3" t="1" w="520" /></phr><phr n="unit"><ent r="3" t="1" w="442" /><ent r="3" t="1" w="515" /><ent r="4" t="8" w="163" /><ent r="3" t="27" w="258" /><ent r="4" t="70" w="1594" /></phr><phr n="Units"><ent r="4" t="8" w="175" /><ent r="92" t="8" w="397" /><ent r="5" t="9" w="43" /><ent r="3" t="27" w="234" /><ent r="3" t="27" w="338" /></phr><phr n="units"><ent r="3" t="8" w="404" /><ent r="3" t="8" w="633" /><ent r="5" t="8" w="724" /><ent r="4" t="8" w="753" /><ent r="4" t="8" w="760" /><ent r="4" t="8" w="782" /><ent r="3" t="8" w="800" /><ent r="3" t="8" w="807" /><ent r="3" t="8" w="813" /><ent r="5" t="13" w="372" /><ent r="5" t="13" w="711" /><ent r="5" t="13" w="1326" /><ent r="3" t="13" w="2132" /><ent r="3" t="13" w="2266" /></phr><phr n="Unit"><ent r="3" t="29" w="984" /><ent r="3" t="29" w="1091" /></phr></stem><stem n="copyright"><phr n="copyright"><ent r="3" t="1" w="122" /></phr><phr n="copyrighted"><ent r="3" t="1" w="142" /><ent r="3" t="2" w="19" /></phr><phr n="Copyright"><ent r="3" t="14" w="740" /><ent r="3" t="32" w="37" /><ent r="3" t="33" w="56" /><ent r="3" t="39" w="101" /><ent r="3" t="44" w="441" /><ent r="3" t="44" w="700" /><ent r="3" t="45" w="91" /><ent r="3" t="48" w="20" /><ent r="3" t="49" w="492" /></phr></stem><stem n="law"><phr n="laws"><ent r="3" t="1" w="123" /><ent r="3" t="1" w="592" /></phr></stem><stem n="intern"><phr n="international"><ent r="3" t="1" w="125" /></phr><phr n="Internal"><ent r="5" t="9" w="483" /></phr><phr n="internal"><ent r="3" t="14" w="1034" /><ent r="7" t="68" w="408" /></phr></stem><stem n="treati"><phr n="treaty"><ent r="3" t="1" w="126" /></phr></stem><stem n="provis"><phr n="provisions"><ent r="3" t="1" w="127" /><ent r="3" t="1" w="452" /></phr><phr n="provision"><ent r="3" t="1" w="610" /><ent r="3" t="1" w="621" /></phr></stem><stem n="therefor"><phr n="Therefore"><ent r="3" t="1" w="133" /><ent r="3" t="28" w="315" /></phr><phr n="therefore"><ent r="3" t="22" w="553" /><ent r="3" t="77" w="35" /></phr></stem><stem n="must"><phr n="must"><ent r="3" t="1" w="135" /><ent r="3" t="1" w="245" /><ent r="3" t="4" w="730" /><ent r="4" t="5" w="1249" /><ent r="3" t="7" w="462" /><ent r="3" t="13" w="445" /><ent r="4" t="16" w="1059" /><ent r="4" t="16" w="1640" /><ent r="3" t="19" w="736" /><ent r="4" t="19" w="1864" /><ent r="4" t="19" w="1926" /><ent r="3" t="24" w="1644" /><ent r="3" t="26" w="215" /><ent r="3" t="26" w="396" /><ent r="3" t="26" w="775" /><ent r="3" t="29" w="878" /><ent r="4" t="35" w="357" /><ent r="4" t="35" w="483" /><ent r="4" t="35" w="1171" /><ent r="4" t="37" w="1240" /><ent r="3" t="37" w="1492" /><ent r="3" t="37" w="1539" /><ent r="3" t="37" w="2070" /><ent r="3" t="37" w="2931" /><ent r="3" t="37" w="3205" /><ent r="3" t="37" w="3400" /><ent r="3" t="37" w="4372" /><ent r="3" t="46" w="101" /><ent r="4" t="49" w="243" /><ent r="4" t="50" w="288" /><ent r="3" t="61" w="362" /><ent r="3" t="64" w="121" /><ent r="3" t="65" w="285" /><ent r="4" t="68" w="30" /><ent r="6" t="68" w="168" /><ent r="6" t="68" w="604" /><ent r="6" t="70" w="158" /><ent r="4" t="78" w="61" /></phr><phr n="MUST"><ent r="100" t="35" w="346" /><ent r="4" t="35" w="350" /></phr><phr n="Must"><ent r="3" t="61" w="924" /></phr></stem><stem n="treat"><phr n="treat"><ent r="3" t="1" w="136" /><ent r="3" t="14" w="965" /><ent r="4" t="24" w="2411" /><ent r="3" t="37" w="2728" /><ent r="3" t="64" w="358" /><ent r="6" t="68" w="264" /></phr><phr n="treated"><ent r="6" t="5" w="1144" /><ent r="4" t="22" w="117" /><ent r="3" t="22" w="600" /><ent r="3" t="22" w="627" /><ent r="4" t="24" w="252" /><ent r="3" t="35" w="425" /><ent r="3" t="35" w="1374" /><ent r="3" t="35" w="1785" /><ent r="4" t="37" w="2299" /><ent r="3" t="71" w="436" /><ent r="3" t="71" w="463" /></phr><phr n="treats"><ent r="4" t="11" w="486" /></phr></stem><stem n="like"><phr n="like"><ent r="3" t="1" w="139" /><ent r="3" t="7" w="118" /><ent r="3" t="7" w="303" /><ent r="4" t="8" w="120" /><ent r="4" t="8" w="682" /><ent r="4" t="13" w="1614" /><ent r="3" t="13" w="2532" /><ent r="3" t="16" w="2184" /><ent r="3" t="16" w="2273" /><ent r="3" t="19" w="295" /><ent r="3" t="21" w="539" /><ent r="100" t="24" w="228" /><ent r="4" t="24" w="267" /><ent r="4" t="24" w="1699" /><ent r="3" t="26" w="509" /><ent r="4" t="41" w="298" /><ent r="4" t="41" w="347" /><ent r="3" t="46" w="206" /><ent r="3" t="47" w="623" /><ent r="3" t="49" w="778" /><ent r="3" t="49" w="893" /><ent r="3" t="58" w="402" /><ent r="3" t="71" w="437" /><ent r="3" t="71" w="464" /><ent r="4" t="77" w="159" /><ent r="4" t="77" w="254" /></phr><phr n="Like"><ent r="3" t="15" w="90" /><ent r="3" t="18" w="39" /><ent r="3" t="25" w="34" /></phr><phr n="likely"><ent r="3" t="41" w="512" /><ent r="4" t="61" w="245" /></phr></stem><stem n="ani"><phr n="any"><ent r="3" t="1" w="140" /><ent r="3" t="1" w="230" /><ent r="3" t="1" w="277" /><ent r="3" t="1" w="348" /><ent r="3" t="1" w="366" /><ent r="3" t="1" w="380" /><ent r="3" t="1" w="408" /><ent r="3" t="1" w="441" /><ent r="3" t="1" w="514" /><ent r="3" t="1" w="601" /><ent r="3" t="1" w="609" /><ent r="3" t="3" w="124" /><ent r="4" t="4" w="617" /><ent r="4" t="5" w="1186" /><ent r="3" t="8" w="610" /><ent r="5" t="13" w="267" /><ent r="3" t="13" w="1819" /><ent r="4" t="16" w="1000" /><ent r="3" t="21" w="121" /><ent r="3" t="21" w="139" /><ent r="3" t="21" w="464" /><ent r="3" t="21" w="684" /><ent r="4" t="22" w="439" /><ent r="6" t="24" w="2917" /><ent r="3" t="26" w="211" /><ent r="3" t="26" w="891" /><ent r="3" t="27" w="218" /><ent r="3" t="32" w="188" /><ent r="3" t="32" w="322" /><ent r="3" t="35" w="271" /><ent r="3" t="37" w="1328" /><ent r="3" t="37" w="1676" /><ent r="3" t="37" w="1876" /><ent r="3" t="37" w="2324" /><ent r="3" t="37" w="3550" /><ent r="3" t="38" w="280" /><ent r="4" t="40" w="227" /><ent r="3" t="40" w="313" /><ent r="3" t="40" w="636" /><ent r="4" t="40" w="808" /><ent r="4" t="41" w="275" /><ent r="3" t="47" w="95" /><ent r="4" t="47" w="842" /><ent r="3" t="52" w="106" /><ent r="3" t="65" w="278" /><ent r="3" t="66" w="477" /><ent r="3" t="66" w="488" /><ent r="3" t="71" w="337" /></phr><phr n="Any"><ent r="5" t="13" w="384" /><ent r="5" t="13" w="1457" /></phr></stem><stem n="materi"><phr n="material"><ent r="3" t="1" w="143" /><ent r="3" t="2" w="22" /></phr></stem><stem n="e.g"><phr n="e.g"><ent r="3" t="1" w="145" /><ent r="3" t="1" w="144" /><ent r="4" t="11" w="480" /><ent r="4" t="11" w="479" /><ent r="5" t="13" w="1434" /><ent r="5" t="13" w="1433" /><ent r="4" t="16" w="1570" /><ent r="4" t="16" w="1569" /><ent r="3" t="21" w="28" /><ent r="3" t="21" w="27" /><ent r="4" t="21" w="875" /><ent r="4" t="21" w="874" /><ent r="4" t="22" w="163" /><ent r="4" t="22" w="162" /><ent r="4" t="24" w="437" /><ent r="4" t="24" w="436" /><ent r="4" t="24" w="578" /><ent r="4" t="24" w="577" /><ent r="4" t="24" w="636" /><ent r="4" t="24" w="635" /><ent r="4" t="24" w="1821" /><ent r="4" t="24" w="1820" /><ent r="4" t="35" w="373" /><ent r="4" t="35" w="372" /><ent r="3" t="37" w="4367" /><ent r="3" t="37" w="4366" /><ent r="3" t="49" w="688" /><ent r="3" t="49" w="687" /><ent r="6" t="70" w="1864" /><ent r="6" t="70" w="1863" /><ent r="6" t="70" w="1883" /><ent r="6" t="70" w="1882" /><ent r="6" t="70" w="1914" /><ent r="6" t="70" w="1913" /><ent r="6" t="70" w="1934" /><ent r="6" t="70" w="1933" /><ent r="6" t="70" w="1949" /><ent r="6" t="70" w="1948" /><ent r="6" t="70" w="1968" /><ent r="6" t="70" w="1967" /><ent r="6" t="70" w="1993" /><ent r="6" t="70" w="1992" /></phr></stem><stem n="g"><phr n="g"><ent r="3" t="1" w="145" /><ent r="4" t="11" w="480" /><ent r="5" t="13" w="1236" /><ent r="5" t="13" w="1434" /><ent r="4" t="16" w="1570" /><ent r="3" t="21" w="28" /><ent r="4" t="21" w="875" /><ent r="4" t="22" w="163" /><ent r="4" t="24" w="437" /><ent r="4" t="24" w="578" /><ent r="4" t="24" w="636" /><ent r="4" t="24" w="1291" /><ent r="3" t="24" w="1565" /><ent r="4" t="24" w="1821" /><ent r="4" t="35" w="373" /><ent r="3" t="37" w="4367" /><ent r="3" t="49" w="688" /><ent r="3" t="61" w="714" /><ent r="3" t="61" w="720" /><ent r="3" t="61" w="767" /><ent r="3" t="61" w="773" /><ent r="6" t="70" w="1864" /><ent r="6" t="70" w="1883" /><ent r="6" t="70" w="1914" /><ent r="6" t="70" w="1934" /><ent r="6" t="70" w="1949" /><ent r="6" t="70" w="1968" /><ent r="6" t="70" w="1993" /></phr><phr n="G"><ent r="6" t="11" w="189" /><ent r="3" t="13" w="2285" /><ent r="6" t="37" w="599" /><ent r="5" t="37" w="2661" /></phr></stem><stem n="e.g."><phr n="e.g."><ent r="3" t="1" w="145" /><ent r="3" t="1" w="144" /><ent r="4" t="11" w="480" /><ent r="4" t="11" w="479" /><ent r="5" t="13" w="1434" /><ent r="5" t="13" w="1433" /><ent r="4" t="16" w="1570" /><ent r="4" t="16" w="1569" /><ent r="3" t="21" w="28" /><ent r="3" t="21" w="27" /><ent r="4" t="21" w="875" /><ent r="4" t="21" w="874" /><ent r="4" t="22" w="163" /><ent r="4" t="22" w="162" /><ent r="4" t="24" w="437" /><ent r="4" t="24" w="436" /><ent r="4" t="24" w="578" /><ent r="4" t="24" w="577" /><ent r="4" t="24" w="636" /><ent r="4" t="24" w="635" /><ent r="4" t="24" w="1821" /><ent r="4" t="24" w="1820" /><ent r="4" t="35" w="373" /><ent r="4" t="35" w="372" /><ent r="3" t="37" w="4367" /><ent r="3" t="37" w="4366" /><ent r="3" t="49" w="688" /><ent r="3" t="49" w="687" /><ent r="6" t="70" w="1864" /><ent r="6" t="70" w="1863" /><ent r="6" t="70" w="1883" /><ent r="6" t="70" w="1882" /><ent r="6" t="70" w="1914" /><ent r="6" t="70" w="1913" /><ent r="6" t="70" w="1934" /><ent r="6" t="70" w="1933" /><ent r="6" t="70" w="1949" /><ent r="6" t="70" w="1948" /><ent r="6" t="70" w="1968" /><ent r="6" t="70" w="1967" /><ent r="6" t="70" w="1993" /><ent r="6" t="70" w="1992" /></phr></stem><stem n="(e.g.,"><phr n="(e.g.,"><ent r="3" t="1" w="146" /><ent r="4" t="11" w="481" /><ent r="3" t="21" w="29" /><ent r="4" t="21" w="876" /><ent r="6" t="70" w="1865" /><ent r="6" t="70" w="1884" /><ent r="6" t="70" w="1915" /><ent r="6" t="70" w="1935" /><ent r="6" t="70" w="1950" /><ent r="6" t="70" w="1969" /><ent r="6" t="70" w="1994" /></phr></stem><stem n="book"><phr n="book"><ent r="3" t="1" w="147" /></phr></stem><stem n="music"><phr n="musical"><ent r="3" t="1" w="149" /></phr></stem><stem n="record"><phr n="recording"><ent r="3" t="1" w="150" /><ent r="92" t="8" w="250" /><ent r="100" t="8" w="264" /><ent r="3" t="8" w="609" /><ent r="3" t="9" w="12" /></phr><phr n="recorded"><ent r="3" t="8" w="32" /><ent r="4" t="8" w="192" /><ent r="3" t="8" w="266" /><ent r="3" t="8" w="301" /><ent r="3" t="8" w="384" /></phr><phr n="Recorded"><ent r="65" t="8" w="131" /><ent r="64" t="8" w="358" /><ent r="65" t="8" w="693" /><ent r="1000" t="9" w="2" /><ent r="102" t="9" w="7" /></phr><phr n="record"><ent r="3" t="8" w="283" /><ent r="3" t="8" w="352" /><ent r="3" t="9" w="29" /></phr><phr n="Records"><ent r="5" t="38" w="108" /><ent r="5" t="38" w="124" /></phr></stem><stem n=")."><phr n=")."><ent r="3" t="1" w="151" /><ent r="4" t="3" w="235" /><ent r="3" t="4" w="786" /><ent r="5" t="5" w="602" /><ent r="3" t="7" w="40" /><ent r="3" t="11" w="93" /><ent r="5" t="11" w="204" /><ent r="4" t="13" w="1635" /><ent r="4" t="15" w="156" /><ent r="4" t="16" w="511" /><ent r="6" t="16" w="670" /><ent r="3" t="17" w="245" /><ent r="4" t="22" w="858" /><ent r="3" t="22" w="1128" /><ent r="3" t="22" w="1248" /><ent r="3" t="23" w="167" /><ent r="4" t="24" w="852" /><ent r="3" t="24" w="919" /><ent r="3" t="24" w="984" /><ent r="3" t="24" w="1971" /><ent r="4" t="24" w="2318" /><ent r="3" t="24" w="2395" /><ent r="4" t="24" w="2486" /><ent r="3" t="28" w="38" /><ent r="4" t="29" w="319" /><ent r="4" t="29" w="333" /><ent r="3" t="35" w="300" /><ent r="3" t="37" w="179" /><ent r="4" t="37" w="2621" /><ent r="3" t="37" w="4456" /><ent r="3" t="37" w="4579" /><ent r="3" t="47" w="32" /><ent r="3" t="47" w="413" /><ent r="3" t="56" w="383" /><ent r="3" t="57" w="31" /><ent r="3" t="59" w="46" /><ent r="3" t="61" w="112" /><ent r="3" t="66" w="389" /><ent r="6" t="70" w="1871" /><ent r="6" t="70" w="2200" /><ent r="6" t="70" w="2280" /><ent r="3" t="71" w="386" /></phr></stem><stem n="allow"><phr n="allows"><ent r="3" t="1" w="156" /><ent r="4" t="4" w="633" /><ent r="4" t="4" w="678" /><ent r="3" t="13" w="2440" /><ent r="3" t="19" w="1214" /><ent r="3" t="20" w="211" /><ent r="3" t="21" w="78" /><ent r="3" t="22" w="576" /><ent r="4" t="25" w="244" /><ent r="4" t="25" w="311" /><ent r="3" t="35" w="446" /><ent r="3" t="35" w="1049" /><ent r="100" t="37" w="1301" /><ent r="3" t="37" w="1333" /><ent r="3" t="37" w="3830" /><ent r="3" t="41" w="19" /><ent r="3" t="42" w="26" /><ent r="3" t="55" w="57" /><ent r="3" t="57" w="33" /><ent r="4" t="57" w="115" /><ent r="3" t="77" w="18" /></phr><phr n="Allows"><ent r="4" t="4" w="376" /></phr><phr n="ALLOW"><ent r="6" t="5" w="948" /></phr><phr n="allow"><ent r="6" t="5" w="984" /><ent r="3" t="13" w="1357" /><ent r="3" t="13" w="2479" /><ent r="4" t="25" w="275" /><ent r="3" t="26" w="826" /><ent r="3" t="26" w="988" /><ent r="3" t="67" w="11" /></phr><phr n="allowed"><ent r="5" t="11" w="235" /><ent r="3" t="26" w="79" /></phr><phr n="allowing"><ent r="3" t="13" w="1829" /><ent r="3" t="37" w="1684" /><ent r="3" t="57" w="143" /></phr><phr n="allowable"><ent r="4" t="16" w="1077" /></phr></stem><stem n="right"><phr n="right"><ent r="3" t="1" w="159" /><ent r="3" t="1" w="236" /><ent r="3" t="7" w="408" /><ent r="3" t="22" w="1270" /><ent r="4" t="24" w="515" /><ent r="3" t="24" w="1390" /><ent r="3" t="43" w="59" /><ent r="4" t="50" w="87" /><ent r="4" t="50" w="298" /><ent r="3" t="59" w="209" /></phr><phr n="rights"><ent r="3" t="1" w="484" /><ent r="3" t="1" w="529" /><ent r="3" t="14" w="747" /><ent r="3" t="33" w="64" /><ent r="3" t="44" w="447" /><ent r="3" t="44" w="706" /><ent r="3" t="45" w="97" /><ent r="3" t="48" w="26" /></phr><phr n="Right"><ent r="4" t="49" w="50" /><ent r="4" t="50" w="170" /><ent r="3" t="61" w="1047" /><ent r="3" t="61" w="1127" /></phr></stem><stem n="singl"><phr n="single"><ent r="3" t="1" w="169" /><ent r="3" t="7" w="295" /><ent r="4" t="16" w="1636" /><ent r="3" t="16" w="2258" /><ent r="4" t="19" w="159" /><ent r="3" t="19" w="1441" /><ent r="3" t="21" w="25" /><ent r="3" t="21" w="30" /><ent r="4" t="21" w="583" /><ent r="3" t="21" w="722" /><ent r="3" t="22" w="906" /><ent r="6" t="24" w="2918" /><ent r="3" t="27" w="150" /><ent r="4" t="38" w="416" /><ent r="3" t="40" w="548" /><ent r="3" t="44" w="52" /><ent r="5" t="47" w="479" /><ent r="3" t="64" w="326" /><ent r="4" t="70" w="1592" /><ent r="4" t="77" w="240" /></phr><phr n="Single"><ent r="6" t="9" w="1606" /><ent r="3" t="27" w="10" /><ent r="3" t="27" w="55" /><ent r="3" t="27" w="105" /><ent r="3" t="27" w="121" /><ent r="3" t="27" w="142" /></phr></stem><stem n="make"><phr n="make"><ent r="3" t="1" w="173" /><ent r="3" t="1" w="194" /><ent r="3" t="3" w="557" /><ent r="3" t="14" w="15" /><ent r="4" t="25" w="247" /><ent r="4" t="25" w="278" /><ent r="3" t="34" w="702" /><ent r="3" t="35" w="452" /><ent r="4" t="35" w="848" /><ent r="3" t="37" w="4268" /><ent r="4" t="40" w="953" /><ent r="4" t="40" w="1080" /><ent r="4" t="49" w="382" /><ent r="3" t="49" w="885" /><ent r="3" t="50" w="230" /><ent r="4" t="50" w="273" /><ent r="3" t="57" w="50" /><ent r="3" t="61" w="49" /><ent r="3" t="61" w="78" /><ent r="3" t="61" w="1253" /><ent r="3" t="65" w="322" /><ent r="7" t="68" w="443" /></phr><phr n="making"><ent r="5" t="5" w="594" /><ent r="100" t="11" w="288" /><ent r="5" t="11" w="293" /><ent r="3" t="19" w="1530" /><ent r="3" t="32" w="224" /><ent r="3" t="34" w="157" /><ent r="3" t="37" w="1394" /><ent r="3" t="47" w="173" /></phr><phr n="makes"><ent r="3" t="13" w="583" /><ent r="3" t="16" w="1806" /><ent r="3" t="21" w="439" /><ent r="4" t="25" w="236" /><ent r="4" t="47" w="821" /><ent r="4" t="49" w="284" /><ent r="4" t="49" w="378" /><ent r="3" t="56" w="714" /><ent r="3" t="77" w="38" /></phr><phr n="Make"><ent r="4" t="47" w="260" /><ent r="3" t="61" w="805" /><ent r="4" t="65" w="198" /></phr></stem><stem n="(1)"><phr n="(1)"><ent r="3" t="1" w="176" /><ent r="4" t="24" w="676" /><ent r="3" t="24" w="901" /></phr></stem><stem n="backup"><phr n="backup"><ent r="3" t="1" w="182" /></phr></stem><stem n="otherwis"><phr n="otherwise"><ent r="3" t="1" w="190" /><ent r="3" t="14" w="1232" /><ent r="3" t="16" w="2176" /><ent r="3" t="27" w="195" /><ent r="4" t="29" w="267" /><ent r="3" t="34" w="749" /><ent r="3" t="59" w="321" /><ent r="6" t="70" w="827" /><ent r="6" t="70" w="1272" /><ent r="5" t="77" w="150" /></phr><phr n="Otherwise"><ent r="6" t="16" w="644" /><ent r="6" t="70" w="1085" /></phr></stem><stem n="same"><phr n="same"><ent r="3" t="1" w="206" /><ent r="3" t="3" w="189" /><ent r="3" t="4" w="702" /><ent r="6" t="5" w="362" /><ent r="3" t="10" w="442" /><ent r="3" t="13" w="2194" /><ent r="3" t="14" w="950" /><ent r="3" t="15" w="263" /><ent r="4" t="16" w="1487" /><ent r="3" t="19" w="979" /><ent r="3" t="19" w="991" /><ent r="3" t="19" w="1037" /><ent r="3" t="19" w="1167" /><ent r="3" t="19" w="1536" /><ent r="3" t="21" w="60" /><ent r="4" t="21" w="605" /><ent r="3" t="21" w="659" /><ent r="4" t="22" w="111" /><ent r="4" t="22" w="124" /><ent r="3" t="22" w="1407" /><ent r="3" t="24" w="1925" /><ent r="4" t="24" w="2435" /><ent r="3" t="26" w="297" /><ent r="4" t="26" w="598" /><ent r="3" t="27" w="294" /><ent r="3" t="28" w="128" /><ent r="3" t="29" w="872" /><ent r="3" t="30" w="36" /><ent r="3" t="34" w="173" /><ent r="3" t="35" w="428" /><ent r="3" t="35" w="1377" /><ent r="3" t="35" w="1693" /><ent r="3" t="38" w="245" /><ent r="3" t="40" w="105" /><ent r="3" t="43" w="29" /><ent r="3" t="48" w="114" /><ent r="4" t="57" w="89" /><ent r="3" t="59" w="364" /><ent r="3" t="61" w="121" /><ent r="3" t="67" w="19" /><ent r="6" t="68" w="360" /><ent r="6" t="68" w="388" /><ent r="7" t="68" w="552" /><ent r="3" t="69" w="75" /><ent r="6" t="70" w="162" /><ent r="3" t="71" w="372" /></phr></stem><stem n="time"><phr n="time"><ent r="3" t="1" w="207" /><ent r="4" t="8" w="304" /><ent r="5" t="13" w="1060" /><ent r="3" t="14" w="378" /><ent r="3" t="14" w="536" /><ent r="3" t="14" w="560" /><ent r="3" t="14" w="569" /><ent r="3" t="14" w="578" /><ent r="3" t="14" w="906" /><ent r="6" t="16" w="786" /><ent r="4" t="16" w="1798" /><ent r="3" t="19" w="425" /><ent r="3" t="21" w="230" /><ent r="4" t="21" w="584" /><ent r="4" t="21" w="606" /><ent r="5" t="21" w="823" /><ent r="4" t="21" w="827" /><ent r="3" t="24" w="51" /><ent r="4" t="24" w="642" /><ent r="4" t="24" w="791" /><ent r="4" t="24" w="817" /><ent r="3" t="24" w="1617" /><ent r="3" t="24" w="1622" /><ent r="3" t="24" w="1639" /><ent r="3" t="24" w="1653" /><ent r="3" t="24" w="1662" /><ent r="4" t="24" w="1696" /><ent r="3" t="24" w="1902" /><ent r="4" t="26" w="565" /><ent r="3" t="29" w="583" /><ent r="3" t="31" w="25" /><ent r="4" t="31" w="175" /><ent r="3" t="33" w="191" /><ent r="92" t="37" w="838" /><ent r="4" t="37" w="877" /><ent r="3" t="37" w="3582" /><ent r="3" t="38" w="32" /><ent r="4" t="38" w="59" /><ent r="4" t="38" w="68" /><ent r="5" t="38" w="110" /><ent r="4" t="38" w="384" /><ent r="4" t="40" w="844" /><ent r="3" t="40" w="856" /><ent r="3" t="64" w="157" /><ent r="3" t="64" w="289" /><ent r="3" t="64" w="396" /><ent r="3" t="64" w="415" /><ent r="3" t="64" w="434" /><ent r="3" t="64" w="457" /><ent r="3" t="64" w="480" /><ent r="3" t="64" w="501" /><ent r="7" t="70" w="799" /><ent r="6" t="70" w="803" /><ent r="6" t="70" w="2191" /><ent r="6" t="70" w="2215" /><ent r="6" t="70" w="2242" /><ent r="6" t="70" w="2271" /><ent r="3" t="73" w="44" /><ent r="4" t="73" w="81" /><ent r="100" t="73" w="86" /><ent r="5" t="73" w="91" /></phr><phr n="Time"><ent r="5" t="9" w="359" /><ent r="5" t="9" w="414" /><ent r="5" t="9" w="459" /><ent r="5" t="9" w="517" /><ent r="5" t="9" w="563" /><ent r="5" t="9" w="620" /><ent r="5" t="9" w="675" /><ent r="5" t="9" w="734" /><ent r="5" t="9" w="1142" /><ent r="5" t="9" w="1155" /><ent r="5" t="9" w="1203" /><ent r="5" t="9" w="1216" /><ent r="5" t="9" w="1243" /><ent r="5" t="9" w="1256" /><ent r="5" t="9" w="1282" /><ent r="5" t="9" w="1295" /><ent r="5" t="9" w="1321" /><ent r="5" t="9" w="1334" /><ent r="5" t="9" w="1358" /><ent r="5" t="9" w="1371" /><ent r="5" t="9" w="1398" /><ent r="5" t="9" w="1411" /><ent r="5" t="9" w="1438" /><ent r="5" t="9" w="1451" /><ent r="5" t="9" w="1478" /><ent r="5" t="9" w="1491" /><ent r="5" t="9" w="1515" /><ent r="5" t="9" w="1528" /><ent r="4" t="24" w="643" /><ent r="4" t="24" w="1806" /><ent r="4" t="24" w="1825" /><ent r="5" t="31" w="163" /><ent r="100" t="38" w="84" /><ent r="92" t="38" w="89" /><ent r="3" t="39" w="610" /><ent r="3" t="39" w="619" /><ent r="8" t="70" w="393" /><ent r="8" t="70" w="974" /></phr><phr n="times"><ent r="4" t="19" w="1575" /><ent r="3" t="23" w="132" /><ent r="3" t="38" w="77" /><ent r="3" t="38" w="316" /><ent r="4" t="38" w="356" /><ent r="64" t="53" w="106" /><ent r="4" t="64" w="275" /></phr><phr n="TIME"><ent r="4" t="35" w="1324" /><ent r="100" t="37" w="319" /><ent r="65" t="37" w="882" /><ent r="3" t="37" w="3588" /><ent r="83" t="37" w="3604" /><ent r="5" t="37" w="3609" /><ent r="5" t="37" w="3633" /><ent r="100" t="38" w="6" /><ent r="6" t="38" w="173" /><ent r="3" t="38" w="285" /></phr><phr n="Times"><ent r="1000" t="38" w="4" /><ent r="100" t="38" w="13" /><ent r="100" t="38" w="16" /><ent r="100" t="38" w="19" /><ent r="102" t="38" w="25" /><ent r="3" t="38" w="45" /></phr><phr n="timings"><ent r="4" t="38" w="336" /><ent r="4" t="38" w="370" /></phr></stem><stem n="rent"><phr n="rent"><ent r="3" t="1" w="211" /></phr></stem><stem n="leas"><phr n="lease"><ent r="3" t="1" w="213" /></phr><phr n="Lease"><ent r="6" t="9" w="1084" /></phr><phr n="Leases"><ent r="5" t="9" w="1100" /><ent r="5" t="9" w="1111" /></phr></stem><stem n="nor"><phr n="nor"><ent r="3" t="1" w="216" /><ent r="3" t="19" w="78" /><ent r="4" t="24" w="2300" /><ent r="3" t="32" w="184" /><ent r="3" t="59" w="333" /></phr></stem><stem n="modifi"><phr n="modify"><ent r="3" t="1" w="219" /><ent r="3" t="3" w="338" /><ent r="3" t="3" w="547" /><ent r="3" t="51" w="36" /><ent r="4" t="66" w="77" /></phr><phr n="modified"><ent r="3" t="3" w="122" /><ent r="5" t="51" w="105" /><ent r="3" t="51" w="132" /><ent r="100" t="68" w="467" /><ent r="7" t="68" w="472" /></phr><phr n="modifier"><ent r="4" t="24" w="2465" /><ent r="6" t="24" w="2602" /><ent r="6" t="24" w="2612" /></phr><phr n="Modified"><ent r="3" t="32" w="69" /><ent r="3" t="61" w="692" /></phr><phr n="modifies"><ent r="3" t="35" w="1394" /></phr><phr n="Modifying"><ent r="1000" t="51" w="1" /><ent r="102" t="51" w="6" /></phr><phr n="modifying"><ent r="3" t="51" w="113" /><ent r="3" t="65" w="53" /></phr></stem><stem n="adapt"><phr n="adapt"><ent r="3" t="1" w="220" /></phr></stem><stem n="translat"><phr n="translate"><ent r="3" t="1" w="221" /></phr></stem><stem n="decompil"><phr n="decompile"><ent r="3" t="1" w="222" /></phr></stem><stem n="disassembl"><phr n="disassemble"><ent r="3" t="1" w="224" /></phr></stem><stem n="violat"><phr n="violate"><ent r="3" t="1" w="229" /></phr></stem><stem n="part"><phr n="part"><ent r="3" t="1" w="231" /><ent r="3" t="5" w="48" /><ent r="6" t="5" w="240" /><ent r="6" t="5" w="293" /><ent r="5" t="5" w="402" /><ent r="5" t="13" w="259" /><ent r="3" t="13" w="2448" /><ent r="3" t="13" w="2455" /><ent r="3" t="19" w="72" /><ent r="3" t="19" w="1156" /><ent r="3" t="19" w="1188" /><ent r="3" t="26" w="784" /><ent r="3" t="34" w="506" /><ent r="3" t="35" w="444" /><ent r="3" t="37" w="1756" /><ent r="4" t="41" w="288" /><ent r="3" t="70" w="200" /><ent r="6" t="70" w="1962" /></phr><phr n="Parts"><ent r="92" t="3" w="268" /><ent r="100" t="5" w="99" /><ent r="92" t="5" w="102" /></phr><phr n="parts"><ent r="4" t="3" w="477" /><ent r="4" t="5" w="1175" /><ent r="3" t="5" w="1237" /><ent r="3" t="5" w="1243" /><ent r="3" t="37" w="3481" /><ent r="4" t="37" w="3515" /><ent r="3" t="78" w="49" /><ent r="3" t="78" w="55" /></phr></stem><stem n="termin"><phr n="terminates"><ent r="3" t="1" w="241" /><ent r="3" t="37" w="1642" /><ent r="3" t="37" w="2093" /><ent r="3" t="37" w="2137" /><ent r="3" t="37" w="4611" /></phr><phr n="terminated"><ent r="4" t="24" w="1257" /><ent r="4" t="35" w="1128" /><ent r="4" t="37" w="2212" /><ent r="3" t="37" w="4566" /><ent r="3" t="39" w="264" /></phr><phr n="terminal"><ent r="3" t="32" w="714" /></phr><phr n="Termination"><ent r="100" t="35" w="1085" /><ent r="82" t="35" w="1091" /></phr><phr n="terminate"><ent r="3" t="35" w="1551" /><ent r="3" t="37" w="1484" /><ent r="5" t="37" w="1828" /><ent r="3" t="37" w="3383" /><ent r="4" t="55" w="1239" /></phr><phr n="Terminates"><ent r="4" t="37" w="527" /><ent r="4" t="37" w="539" /></phr></stem></index>