<?xml version="1.0" encoding="utf-8"?><index><stem n="p0m"><phr n="P0M"><ent r="3" t="32" w="1544" /><ent r="3" t="32" w="1552" /><ent r="3" t="32" w="1560" /><ent r="3" t="32" w="1568" /><ent r="3" t="32" w="1578" /><ent r="3" t="32" w="1588" /><ent r="3" t="32" w="1602" /><ent r="3" t="32" w="1609" /><ent r="3" t="32" w="1616" /><ent r="3" t="32" w="1623" /><ent r="3" t="32" w="1631" /><ent r="3" t="32" w="1638" /><ent r="3" t="32" w="1653" /></phr></stem><stem n="\p0m\"><phr n="\P0M\"><ent r="3" t="32" w="1545" /><ent r="3" t="32" w="1553" /><ent r="3" t="32" w="1561" /><ent r="3" t="32" w="1569" /><ent r="3" t="32" w="1579" /><ent r="3" t="32" w="1589" /><ent r="3" t="32" w="1603" /><ent r="3" t="32" w="1610" /><ent r="3" t="32" w="1617" /><ent r="3" t="32" w="1624" /><ent r="3" t="32" w="1632" /><ent r="3" t="32" w="1639" /><ent r="3" t="32" w="1654" /></phr></stem><stem n="$specifictrapvar"><phr n="$specificTrapVar"><ent r="3" t="32" w="1548" /></phr></stem><stem n="$enterprisevar"><phr n="$enterpriseVar"><ent r="3" t="32" w="1556" /></phr></stem><stem n="$trapoidvar"><phr n="$trapOIDVar"><ent r="3" t="32" w="1564" /></phr></stem><stem n="\3ig\(v2c"><phr n="\3IG\(v2c"><ent r="3" t="32" w="1566" /></phr></stem><stem n="$snmpversionvar"><phr n="$snmpVersionVar"><ent r="3" t="32" w="1572" /></phr></stem><stem n="\3ig\(0=snmpv1;"><phr n="\3IG\(0=SNMPv1;"><ent r="3" t="32" w="1576" /></phr></stem><stem n="=snmpv2c)"><phr n="=SNMPv2c)"><ent r="3" t="32" w="1578" /></phr></stem><stem n="$varbindcountvar"><phr n="$varbindCountVar"><ent r="3" t="32" w="1582" /></phr></stem><stem n="\3ig\(tot"><phr n="\3IG\(total"><ent r="3" t="32" w="1584" /></phr></stem><stem n="\b5\varbind"><phr n="\B5\Varbind"><ent r="3" t="32" w="1590" /><ent r="3" t="32" w="1640" /></phr></stem><stem n="$traptimestamp"><phr n="$trapTimeStamp"><ent r="3" t="32" w="1600" /></phr></stem><stem n="\3ig\"><phr n="\3IG\"><ent r="3" t="32" w="1602" /><ent r="3" t="32" w="1609" /><ent r="3" t="32" w="1616" /><ent r="3" t="32" w="1623" /><ent r="3" t="32" w="1631" /><ent r="3" t="32" w="1638" /></phr></stem><stem n="$devicedn"><phr n="$deviceDNS"><ent r="3" t="32" w="1614" /></phr></stem><stem n="\4\condit"><phr n="\4\Condition"><ent r="3" t="32" w="1618" /></phr></stem><stem n="$devicecondit"><phr n="$deviceCondition"><ent r="3" t="32" w="1621" /></phr></stem><stem n="\4\trap"><phr n="\4\Trap"><ent r="3" t="32" w="1625" /></phr></stem><stem n="adr"><phr n="Adrs"><ent r="3" t="32" w="1627" /></phr></stem><stem n="$trapsourceadr"><phr n="$TrapSourceAdrs"><ent r="3" t="32" w="1629" /></phr></stem><stem n="$probetyp"><phr n="$ProbeType"><ent r="3" t="32" w="1636" /></phr></stem><stem n="\3ig\(varbind"><phr n="\3IG\(Varbind"><ent r="3" t="32" w="1647" /></phr></stem><stem n="varbindlist"><phr n="VarBindList"><ent r="3" t="32" w="1655" /><ent r="3" t="32" w="1662" /><ent r="3" t="32" w="1669" /><ent r="3" t="32" w="1676" /><ent r="3" t="32" w="1683" /><ent r="3" t="32" w="1690" /><ent r="3" t="32" w="1697" /><ent r="3" t="32" w="1704" /><ent r="3" t="32" w="1711" /><ent r="3" t="32" w="1718" /></phr></stem><stem n="#1:\0\"><phr n="#1:\0\"><ent r="3" t="32" w="1658" /></phr></stem><stem n="$vbval1"><phr n="$vbVal1"><ent r="3" t="32" w="1658" /></phr></stem><stem n="$vbtype1"><phr n="$vbType1"><ent r="3" t="32" w="1659" /></phr></stem><stem n="$vboid1"><phr n="$vbOID1"><ent r="3" t="32" w="1660" /></phr></stem><stem n="#2:\0\"><phr n="#2:\0\"><ent r="3" t="32" w="1665" /></phr></stem><stem n="$vbval2"><phr n="$vbVal2"><ent r="3" t="32" w="1665" /></phr></stem><stem n="$vbtype2"><phr n="$vbType2"><ent r="3" t="32" w="1666" /></phr></stem><stem n="$vboid2"><phr n="$vbOID2"><ent r="3" t="32" w="1667" /></phr></stem><stem n="#3:\0\"><phr n="#3:\0\"><ent r="3" t="32" w="1672" /></phr></stem><stem n="$vbval3"><phr n="$vbVal3"><ent r="3" t="32" w="1672" /></phr></stem><stem n="$vbtype3"><phr n="$vbType3"><ent r="3" t="32" w="1673" /></phr></stem><stem n="$vboid3"><phr n="$vbOID3"><ent r="3" t="32" w="1674" /></phr></stem><stem n="#4:\0\"><phr n="#4:\0\"><ent r="3" t="32" w="1679" /></phr></stem><stem n="$vbval4"><phr n="$vbVal4"><ent r="3" t="32" w="1679" /></phr></stem><stem n="$vbtype4"><phr n="$vbType4"><ent r="3" t="32" w="1680" /></phr></stem><stem n="$vboid4"><phr n="$vbOID4"><ent r="3" t="32" w="1681" /></phr></stem><stem n="#5:\0\"><phr n="#5:\0\"><ent r="3" t="32" w="1686" /></phr></stem><stem n="$vbval5"><phr n="$vbVal5"><ent r="3" t="32" w="1686" /></phr></stem><stem n="$vbtype5"><phr n="$vbType5"><ent r="3" t="32" w="1687" /></phr></stem><stem n="$vboid5"><phr n="$vbOID5"><ent r="3" t="32" w="1688" /></phr></stem><stem n="#6:\0\"><phr n="#6:\0\"><ent r="3" t="32" w="1693" /></phr></stem><stem n="$vbval6"><phr n="$vbVal6"><ent r="3" t="32" w="1693" /></phr></stem><stem n="$vbtype6"><phr n="$vbType6"><ent r="3" t="32" w="1694" /></phr></stem><stem n="$vboid6"><phr n="$vbOID6"><ent r="3" t="32" w="1695" /></phr></stem><stem n="#7:\0\"><phr n="#7:\0\"><ent r="3" t="32" w="1700" /></phr></stem><stem n="$vbval7"><phr n="$vbVal7"><ent r="3" t="32" w="1700" /></phr></stem><stem n="$vbtype7"><phr n="$vbType7"><ent r="3" t="32" w="1701" /></phr></stem><stem n="$vboid7"><phr n="$vbOID7"><ent r="3" t="32" w="1702" /></phr></stem><stem n="#8:\0\"><phr n="#8:\0\"><ent r="3" t="32" w="1707" /></phr></stem><stem n="$vbval8"><phr n="$vbVal8"><ent r="3" t="32" w="1707" /></phr></stem><stem n="$vbtype8"><phr n="$vbType8"><ent r="3" t="32" w="1708" /></phr></stem><stem n="$vboid8"><phr n="$vbOID8"><ent r="3" t="32" w="1709" /></phr></stem><stem n="#9:\0\"><phr n="#9:\0\"><ent r="3" t="32" w="1714" /></phr></stem><stem n="$vbval9"><phr n="$vbVal9"><ent r="3" t="32" w="1714" /></phr></stem><stem n="$vbtype9"><phr n="$vbType9"><ent r="3" t="32" w="1715" /></phr></stem><stem n="$vboid9"><phr n="$vbOID9"><ent r="3" t="32" w="1716" /></phr></stem><stem n="\4\varbindlist"><phr n="\4\VarBindList"><ent r="3" t="32" w="1718" /></phr></stem><stem n="#10:\0\"><phr n="#10:\0\"><ent r="3" t="32" w="1721" /></phr></stem><stem n="$vbval10"><phr n="$vbVal10"><ent r="3" t="32" w="1721" /></phr></stem><stem n="$vbtype10"><phr n="$vbType10"><ent r="3" t="32" w="1722" /></phr></stem><stem n="$vboid10"><phr n="$vbOID10"><ent r="3" t="32" w="1723" /></phr></stem><stem n="asn"><phr n="ASN"><ent r="100" t="33" w="17" /><ent r="3" t="33" w="42" /><ent r="3" t="37" w="962" /><ent r="3" t="37" w="1084" /><ent r="3" t="56" w="481" /></phr></stem><stem n="asn.1"><phr n="ASN.1"><ent r="100" t="33" w="18" /><ent r="100" t="33" w="17" /><ent r="3" t="33" w="43" /><ent r="3" t="33" w="42" /><ent r="3" t="37" w="963" /><ent r="3" t="37" w="962" /><ent r="3" t="37" w="1085" /><ent r="3" t="37" w="1084" /><ent r="3" t="56" w="482" /><ent r="3" t="56" w="481" /></phr></stem><stem n="*****************************************************************"><phr n="*****************************************************************"><ent r="3" t="33" w="47" /><ent r="3" t="33" w="66" /></phr></stem><stem n="-mib"><phr n="-MIB"><ent r="3" t="33" w="47" /><ent r="3" t="33" w="47" /><ent r="3" t="33" w="66" /><ent r="3" t="33" w="66" /></phr></stem><stem n="dartware-mib"><phr n="DARTWARE-MIB"><ent r="3" t="33" w="47" /><ent r="3" t="33" w="66" /></phr></stem><stem n="-2007"><phr n="-2007"><ent r="3" t="33" w="58" /><ent r="3" t="33" w="58" /></phr></stem><stem n="2000-2007"><phr n="2000-2007"><ent r="3" t="33" w="58" /></phr></stem><stem n="::="><phr n="::="><ent r="3" t="33" w="69" /><ent r="3" t="33" w="160" /><ent r="3" t="33" w="165" /><ent r="3" t="33" w="170" /><ent r="3" t="33" w="203" /><ent r="3" t="33" w="235" /><ent r="3" t="33" w="270" /><ent r="3" t="33" w="301" /><ent r="3" t="33" w="326" /><ent r="3" t="33" w="353" /><ent r="3" t="33" w="391" /><ent r="3" t="33" w="395" /><ent r="3" t="33" w="422" /></phr></stem><stem n="module-ident"><phr n="MODULE-IDENTITY"><ent r="3" t="33" w="71" /><ent r="3" t="33" w="86" /></phr></stem><stem n="-identity,"><phr n="-IDENTITY,"><ent r="3" t="33" w="73" /><ent r="3" t="33" w="73" /></phr></stem><stem n="object-typ"><phr n="OBJECT-TYPE"><ent r="3" t="33" w="73" /><ent r="3" t="33" w="173" /><ent r="3" t="33" w="206" /><ent r="3" t="33" w="238" /><ent r="3" t="33" w="273" /><ent r="3" t="33" w="304" /><ent r="3" t="33" w="329" /></phr></stem><stem n="-type,"><phr n="-TYPE,"><ent r="3" t="33" w="75" /><ent r="3" t="33" w="75" /><ent r="3" t="33" w="77" /><ent r="3" t="33" w="77" /></phr></stem><stem n="notification-typ"><phr n="NOTIFICATION-TYPE"><ent r="3" t="33" w="75" /><ent r="3" t="33" w="365" /><ent r="3" t="33" w="398" /></phr></stem><stem n="-smi"><phr n="-SMI"><ent r="3" t="33" w="79" /><ent r="3" t="33" w="79" /></phr></stem><stem n="snmpv2-smi"><phr n="SNMPv2-SMI"><ent r="3" t="33" w="79" /></phr></stem><stem n="smi"><phr n="SMI"><ent r="3" t="33" w="80" /></phr></stem><stem n="displaystr"><phr n="DisplayString"><ent r="3" t="33" w="81" /><ent r="3" t="33" w="176" /><ent r="3" t="33" w="209" /><ent r="3" t="33" w="241" /><ent r="3" t="33" w="276" /><ent r="3" t="33" w="307" /><ent r="3" t="33" w="332" /></phr></stem><stem n="snmpv2-tc"><phr n="SNMPv2-TC"><ent r="3" t="33" w="83" /></phr></stem><stem n="tc"><phr n="TC"><ent r="3" t="33" w="84" /></phr></stem><stem n="-tc;"><phr n="-TC;"><ent r="3" t="33" w="85" /><ent r="3" t="33" w="85" /></phr></stem><stem n="-ident"><phr n="-IDENTITY"><ent r="3" t="33" w="86" /><ent r="3" t="33" w="86" /></phr></stem><stem n="-updat"><phr n="-UPDATED"><ent r="3" t="33" w="88" /><ent r="3" t="33" w="88" /></phr></stem><stem n="last-upd"><phr n="LAST-UPDATED"><ent r="3" t="33" w="88" /></phr></stem><stem n="200507270000z"><phr n="200507270000Z"><ent r="3" t="33" w="90" /><ent r="3" t="33" w="152" /></phr></stem><stem n="&quot;200507270000z&quot;"><phr n="&quot;200507270000Z&quot;"><ent r="3" t="33" w="91" /><ent r="3" t="33" w="153" /></phr></stem><stem n="&quot;dartware,"><phr n="&quot;Dartware,"><ent r="3" t="33" w="93" /><ent r="3" t="33" w="97" /></phr></stem><stem n="-info"><phr n="-INFO"><ent r="3" t="33" w="94" /><ent r="3" t="33" w="94" /></phr></stem><stem n="contact"><phr n="CONTACT"><ent r="3" t="33" w="94" /></phr><phr n="contact"><ent r="3" t="49" w="126" /></phr></stem><stem n="contact-info"><phr n="CONTACT-INFO"><ent r="3" t="33" w="94" /></phr></stem><stem n="postal"><phr n="Postal"><ent r="3" t="33" w="100" /></phr></stem><stem n="po"><phr n="PO"><ent r="3" t="33" w="101" /></phr></stem><stem n="130"><phr n="130"><ent r="3" t="33" w="103" /></phr></stem><stem n="hanov"><phr n="Hanover"><ent r="3" t="33" w="104" /></phr></stem><stem n="-0130"><phr n="-0130"><ent r="3" t="33" w="106" /><ent r="3" t="33" w="106" /></phr></stem><stem n="03755"><phr n="03755"><ent r="3" t="33" w="106" /></phr></stem><stem n="03755-0130"><phr n="03755-0130"><ent r="3" t="33" w="106" /></phr></stem><stem n="0130"><phr n="0130"><ent r="3" t="33" w="107" /></phr></stem><stem n="tel"><phr n="Tel"><ent r="3" t="33" w="109" /></phr></stem><stem n="+1"><phr n="+1"><ent r="3" t="33" w="110" /><ent r="3" t="35" w="929" /><ent r="3" t="37" w="3965" /></phr></stem><stem n="-9600"><phr n="-9600"><ent r="3" t="33" w="112" /><ent r="3" t="33" w="112" /></phr></stem><stem n="643-9600"><phr n="643-9600"><ent r="3" t="33" w="112" /></phr></stem><stem n="9600"><phr n="9600"><ent r="3" t="33" w="113" /></phr></stem><stem n="-mail:"><phr n="-mail:"><ent r="3" t="33" w="116" /><ent r="3" t="33" w="116" /></phr></stem><stem n="dartware.com"><phr n="dartware.com"><ent r="3" t="33" w="118" /><ent r="3" t="33" w="117" /><ent r="64" t="52" w="83" /><ent r="64" t="52" w="82" /><ent r="65" t="52" w="130" /><ent r="65" t="52" w="129" /></phr></stem><stem n="@dartware.com&quot;"><phr n="@dartware.com&quot;"><ent r="3" t="33" w="119" /></phr></stem><stem n="&quot;thi"><phr n="&quot;This"><ent r="3" t="33" w="120" /><ent r="3" t="35" w="492" /><ent r="3" t="66" w="200" /><ent r="3" t="66" w="222" /><ent r="4" t="66" w="354" /><ent r="7" t="68" w="120" /></phr></stem><stem n="revis"><phr n="REVISION"><ent r="3" t="33" w="131" /><ent r="3" t="33" w="144" /><ent r="3" t="33" w="151" /></phr></stem><stem n="200705300000z"><phr n="200705300000Z"><ent r="3" t="33" w="132" /></phr></stem><stem n="&quot;200705300000z&quot;"><phr n="&quot;200705300000Z&quot;"><ent r="3" t="33" w="133" /></phr></stem><stem n="&quot;updat"><phr n="&quot;Updated"><ent r="3" t="33" w="134" /></phr></stem><stem n="intermappermessag"><phr n="intermapperMessage"><ent r="3" t="33" w="143" /><ent r="3" t="33" w="205" /><ent r="3" t="33" w="375" /><ent r="3" t="33" w="402" /></phr></stem><stem n="200512150000z"><phr n="200512150000Z"><ent r="3" t="33" w="145" /></phr></stem><stem n="&quot;200512150000z&quot;"><phr n="&quot;200512150000Z&quot;"><ent r="3" t="33" w="146" /></phr></stem><stem n="&quot;ad"><phr n="&quot;Added"><ent r="3" t="33" w="147" /></phr></stem><stem n="intermapperdeviceaddress"><phr n="intermapperDeviceAddress"><ent r="3" t="33" w="148" /><ent r="3" t="33" w="303" /><ent r="3" t="33" w="405" /></phr></stem><stem n="intermapperprobetyp"><phr n="intermapperProbeType"><ent r="3" t="33" w="150" /><ent r="3" t="33" w="328" /><ent r="3" t="33" w="406" /></phr></stem><stem n="-type"><phr n="-TYPE"><ent r="3" t="33" w="173" /><ent r="3" t="33" w="173" /><ent r="3" t="33" w="206" /><ent r="3" t="33" w="206" /><ent r="3" t="33" w="238" /><ent r="3" t="33" w="238" /><ent r="3" t="33" w="273" /><ent r="3" t="33" w="273" /><ent r="3" t="33" w="304" /><ent r="3" t="33" w="304" /><ent r="3" t="33" w="329" /><ent r="3" t="33" w="329" /><ent r="3" t="33" w="359" /><ent r="3" t="33" w="359" /><ent r="3" t="33" w="365" /><ent r="3" t="33" w="365" /><ent r="3" t="33" w="369" /><ent r="3" t="33" w="369" /><ent r="3" t="33" w="398" /><ent r="3" t="33" w="398" /></phr><phr n="-type"><ent r="100" t="72" w="20" /><ent r="100" t="72" w="20" /><ent r="3" t="72" w="34" /><ent r="3" t="72" w="34" /></phr></stem><stem n="(size(0..255))"><phr n="(SIZE(0..255))"><ent r="3" t="33" w="180" /><ent r="3" t="33" w="213" /><ent r="3" t="33" w="245" /><ent r="3" t="33" w="280" /><ent r="3" t="33" w="311" /><ent r="3" t="33" w="336" /></phr></stem><stem n="max-access"><phr n="MAX-ACCESS"><ent r="3" t="33" w="180" /><ent r="3" t="33" w="213" /><ent r="3" t="33" w="245" /><ent r="3" t="33" w="280" /><ent r="3" t="33" w="311" /><ent r="3" t="33" w="336" /></phr></stem><stem n="-onli"><phr n="-only"><ent r="3" t="33" w="182" /><ent r="3" t="33" w="182" /><ent r="3" t="33" w="215" /><ent r="3" t="33" w="215" /><ent r="3" t="33" w="247" /><ent r="3" t="33" w="247" /><ent r="3" t="33" w="282" /><ent r="3" t="33" w="282" /><ent r="3" t="33" w="313" /><ent r="3" t="33" w="313" /><ent r="3" t="33" w="338" /><ent r="3" t="33" w="338" /><ent r="4" t="54" w="240" /><ent r="4" t="54" w="240" /><ent r="4" t="55" w="186" /><ent r="4" t="55" w="186" /></phr></stem><stem n="read-onli"><phr n="read-only"><ent r="3" t="33" w="182" /><ent r="3" t="33" w="215" /><ent r="3" t="33" w="247" /><ent r="3" t="33" w="282" /><ent r="3" t="33" w="313" /><ent r="3" t="33" w="338" /><ent r="4" t="54" w="240" /><ent r="4" t="55" w="186" /></phr></stem><stem n="mm"><phr n="mm"><ent r="3" t="33" w="198" /><ent r="3" t="33" w="201" /></phr></stem><stem n="'mm/dd"><phr n="'mm/dd"><ent r="3" t="33" w="199" /></phr></stem><stem n="mm/dd"><phr n="mm/dd"><ent r="3" t="33" w="199" /><ent r="3" t="33" w="198" /></phr></stem><stem n="hh"><phr n="hh"><ent r="3" t="33" w="200" /></phr></stem><stem n="ss"><phr n="ss"><ent r="3" t="33" w="202" /></phr></stem><stem n=":mm:ss'.&quot;"><phr n=":mm:ss'.&quot;"><ent r="3" t="33" w="203" /></phr></stem><stem n="intermapperdevicenam"><phr n="intermapperDeviceName"><ent r="3" t="33" w="237" /><ent r="3" t="33" w="376" /><ent r="3" t="33" w="403" /></phr></stem><stem n="(first"><phr n="(first"><ent r="3" t="33" w="253" /></phr></stem><stem n="intermappercondit"><phr n="intermapperCondition"><ent r="3" t="33" w="272" /><ent r="3" t="33" w="377" /><ent r="3" t="33" w="404" /></phr></stem><stem n="trap-typ"><phr n="TRAP-TYPE"><ent r="3" t="33" w="359" /><ent r="3" t="33" w="369" /></phr></stem><stem n="intermappertrap"><phr n="intermapperTrap"><ent r="3" t="33" w="368" /><ent r="3" t="33" w="397" /></phr></stem><stem n="intermappernotif"><phr n="intermapperNotifications"><ent r="3" t="33" w="392" /><ent r="3" t="33" w="422" /></phr></stem><stem n="=&quot;tcp-script&quot;"><phr n="=&quot;tcp-script&quot;"><ent r="3" t="34" w="15" /></phr></stem><stem n="verifi"><phr n="verifies"><ent r="3" t="34" w="80" /></phr></stem><stem n="interact"><phr n="interact"><ent r="4" t="34" w="288" /><ent r="3" t="35" w="31" /></phr><phr n="interaction"><ent r="4" t="38" w="74" /></phr></stem><stem n="sequenti"><phr n="sequential"><ent r="4" t="34" w="316" /><ent r="3" t="35" w="59" /></phr></stem><stem n="exchang"><phr n="exchange"><ent r="3" t="34" w="378" /><ent r="3" t="37" w="1383" /></phr></stem><stem n="overal"><phr n="Overall"><ent r="92" t="34" w="421" /></phr><phr n="overall"><ent r="4" t="65" w="174" /><ent r="3" t="71" w="107" /></phr></stem><stem n="annot"><phr n="annotated"><ent r="3" t="34" w="427" /></phr><phr n="Annotated"><ent r="100" t="37" w="111" /><ent r="64" t="37" w="115" /><ent r="100" t="37" w="3864" /><ent r="100" t="37" w="3867" /><ent r="92" t="37" w="3870" /></phr></stem><stem n="bcd"><phr n="BCD"><ent r="3" t="34" w="515" /></phr></stem><stem n="&quot;a([bcd]+)e&quot;r"><phr n="&quot;A([BCD]+)E&quot;r"><ent r="3" t="34" w="518" /></phr></stem><stem n="goto"><phr n="goto"><ent r="3" t="34" w="520" /><ent r="3" t="35" w="421" /><ent r="3" t="35" w="443" /><ent r="3" t="35" w="928" /><ent r="3" t="35" w="948" /><ent r="3" t="35" w="963" /><ent r="4" t="35" w="1120" /><ent r="3" t="35" w="1212" /><ent r="3" t="35" w="1706" /><ent r="3" t="37" w="3894" /><ent r="3" t="37" w="3915" /><ent r="3" t="37" w="3934" /><ent r="3" t="37" w="3951" /><ent r="3" t="37" w="4008" /><ent r="3" t="37" w="4051" /><ent r="3" t="37" w="4167" /><ent r="3" t="37" w="4281" /><ent r="3" t="37" w="4397" /><ent r="3" t="37" w="4461" /><ent r="3" t="39" w="475" /><ent r="3" t="39" w="485" /></phr><phr n="GOTO"><ent r="6" t="34" w="784" /><ent r="6" t="34" w="790" /><ent r="6" t="34" w="813" /><ent r="6" t="34" w="819" /><ent r="100" t="35" w="414" /><ent r="100" t="35" w="1012" /><ent r="82" t="35" w="1020" /><ent r="3" t="35" w="1078" /><ent r="4" t="35" w="1197" /><ent r="4" t="35" w="1244" /><ent r="100" t="37" w="570" /><ent r="65" t="37" w="572" /><ent r="100" t="37" w="844" /><ent r="4" t="37" w="2106" /><ent r="5" t="37" w="2112" /><ent r="100" t="39" w="465" /></phr></stem><stem n="@nomatch"><phr n="@NOMATCH"><ent r="3" t="34" w="521" /></phr></stem><stem n="nomatch"><phr n="NOMATCH"><ent r="3" t="34" w="521" /></phr></stem><stem n="stor"><phr n="STOR"><ent r="3" t="34" w="522" /><ent r="3" t="34" w="974" /><ent r="3" t="34" w="977" /><ent r="3" t="35" w="933" /><ent r="3" t="35" w="936" /><ent r="3" t="35" w="951" /><ent r="3" t="35" w="966" /><ent r="4" t="35" w="1321" /><ent r="100" t="37" w="776" /><ent r="65" t="37" w="778" /><ent r="5" t="37" w="3111" /><ent r="83" t="37" w="3447" /><ent r="5" t="37" w="3453" /><ent r="5" t="37" w="3501" /><ent r="5" t="37" w="3530" /></phr></stem><stem n="testval"><phr n="testval"><ent r="3" t="34" w="523" /><ent r="3" t="34" w="535" /></phr></stem><stem n="&quot;testval&quot;"><phr n="&quot;testval&quot;"><ent r="3" t="34" w="524" /><ent r="3" t="34" w="536" /></phr></stem><stem n="abd"><phr n="ABDE"><ent r="3" t="34" w="532" /></phr></stem><stem n="bd"><phr n="BD"><ent r="3" t="34" w="539" /></phr></stem><stem n="&quot;bd&quot;."><phr n="&quot;BD&quot;."><ent r="3" t="34" w="540" /></phr></stem><stem n="captur"><phr n="capturing"><ent r="3" t="34" w="554" /><ent r="3" t="34" w="580" /></phr></stem><stem n="subgroup"><phr n="subgroup"><ent r="3" t="34" w="555" /></phr></stem><stem n="bs"><phr n="Bs"><ent r="3" t="34" w="560" /></phr></stem><stem n="cs"><phr n="Cs"><ent r="3" t="34" w="561" /></phr></stem><stem n="ds"><phr n="Ds"><ent r="3" t="34" w="563" /></phr></stem><stem n="&quot;:=&quot;"><phr n="&quot;:=&quot;"><ent r="3" t="34" w="643" /></phr></stem><stem n="$celsiu"><phr n="$celsius"><ent r="3" t="34" w="658" /><ent r="3" t="34" w="668" /><ent r="3" t="34" w="682" /></phr></stem><stem n="(($fahrenheit"><phr n="(($fahrenheit"><ent r="3" t="34" w="659" /></phr></stem><stem n="$fahrenheit"><phr n="$fahrenheit"><ent r="3" t="34" w="659" /><ent r="3" t="34" w="676" /></phr></stem><stem n="(either"><phr n="(either"><ent r="3" t="34" w="709" /><ent r="3" t="58" w="177" /></phr></stem><stem n="$x"><phr n="$x"><ent r="6" t="34" w="770" /><ent r="6" t="34" w="777" /><ent r="6" t="34" w="800" /><ent r="6" t="34" w="806" /></phr></stem><stem n="($val"><phr n="($val"><ent r="6" t="34" w="771" /></phr></stem><stem n="$val"><phr n="$val"><ent r="6" t="34" w="771" /></phr></stem><stem n="50.5"><phr n="50.5"><ent r="6" t="34" w="774" /><ent r="6" t="34" w="773" /><ent r="3" t="34" w="1060" /><ent r="3" t="34" w="1059" /></phr></stem><stem n=".5)"><phr n=".5)"><ent r="6" t="34" w="775" /></phr></stem><stem n="nbne"><phr n="NBNE"><ent r="6" t="34" w="776" /><ent r="6" t="34" w="805" /><ent r="3" t="34" w="921" /><ent r="3" t="34" w="1030" /><ent r="100" t="37" w="622" /><ent r="65" t="37" w="624" /><ent r="83" t="37" w="2740" /><ent r="5" t="37" w="2748" /><ent r="3" t="37" w="2787" /></phr></stem><stem n="#$x"><phr n="#$x"><ent r="6" t="34" w="777" /><ent r="6" t="34" w="806" /></phr></stem><stem n="#0"><phr n="#0"><ent r="6" t="34" w="778" /><ent r="6" t="34" w="807" /></phr></stem><stem n="@greater"><phr n="@greater"><ent r="6" t="34" w="779" /></phr></stem><stem n="greater"><phr n="greater"><ent r="6" t="34" w="779" /><ent r="6" t="34" w="787" /><ent r="3" t="34" w="1022" /><ent r="4" t="37" w="616" /><ent r="3" t="37" w="2680" /><ent r="4" t="37" w="2710" /><ent r="3" t="56" w="726" /></phr><phr n="Greater"><ent r="3" t="34" w="930" /><ent r="100" t="37" w="8" /></phr></stem><stem n="@less:"><phr n="@less:"><ent r="6" t="34" w="782" /></phr></stem><stem n="@endif"><phr n="@ENDIF"><ent r="6" t="34" w="785" /><ent r="6" t="34" w="791" /><ent r="6" t="34" w="814" /><ent r="6" t="34" w="820" /></phr></stem><stem n="endif"><phr n="ENDIF"><ent r="6" t="34" w="785" /><ent r="6" t="34" w="791" /><ent r="6" t="34" w="793" /><ent r="6" t="34" w="814" /><ent r="6" t="34" w="820" /><ent r="6" t="34" w="822" /></phr></stem><stem n="@greater:"><phr n="@greater:"><ent r="6" t="34" w="788" /></phr></stem><stem n="@endif:"><phr n="@ENDIF:"><ent r="6" t="34" w="794" /><ent r="6" t="34" w="823" /></phr></stem><stem n="dog"><phr n="dog"><ent r="6" t="34" w="801" /><ent r="6" t="34" w="808" /><ent r="6" t="34" w="816" /></phr></stem><stem n="(&quot;dog&quot;"><phr n="(&quot;dog&quot;"><ent r="6" t="34" w="802" /></phr></stem><stem n="cat"><phr n="cat"><ent r="6" t="34" w="803" /><ent r="6" t="34" w="810" /></phr><phr n="CAT"><ent r="5" t="37" w="3093" /></phr></stem><stem n="&quot;cat&quot;)"><phr n="&quot;cat&quot;)"><ent r="6" t="34" w="804" /></phr></stem><stem n="@dog"><phr n="@dog"><ent r="6" t="34" w="808" /></phr></stem><stem n="@cat:"><phr n="@cat:"><ent r="6" t="34" w="811" /></phr></stem><stem n="@dog:"><phr n="@dog:"><ent r="6" t="34" w="817" /></phr></stem><stem n="sbne"><phr n="SBNE"><ent r="3" t="34" w="884" /><ent r="100" t="37" w="661" /><ent r="65" t="37" w="663" /><ent r="83" t="37" w="2997" /><ent r="5" t="37" w="3004" /><ent r="5" t="37" w="3043" /></phr></stem><stem n="(&quot;string"><phr n="(&quot;String"><ent r="3" t="34" w="885" /></phr></stem><stem n="}."><phr n="}."><ent r="3" t="34" w="919" /></phr></stem><stem n="(&quot;numer"><phr n="(&quot;Numeric"><ent r="3" t="34" w="922" /><ent r="3" t="34" w="928" /></phr></stem><stem n="nbgt"><phr n="NBGT"><ent r="3" t="34" w="927" /><ent r="3" t="34" w="980" /><ent r="3" t="34" w="1029" /><ent r="100" t="37" w="583" /><ent r="65" t="37" w="585" /><ent r="83" t="37" w="2640" /><ent r="5" t="37" w="2650" /><ent r="5" t="37" w="2688" /></phr></stem><stem n="(#)"><phr n="(#)"><ent r="3" t="34" w="968" /></phr></stem><stem n="val1"><phr n="val1"><ent r="3" t="34" w="975" /><ent r="3" t="34" w="982" /><ent r="3" t="34" w="993" /></phr></stem><stem n="&quot;val1&quot;"><phr n="&quot;val1&quot;"><ent r="3" t="34" w="976" /></phr></stem><stem n="&quot;100&quot;"><phr n="&quot;100&quot;"><ent r="3" t="34" w="977" /></phr></stem><stem n="val2"><phr n="val2"><ent r="3" t="34" w="978" /><ent r="3" t="34" w="984" /><ent r="3" t="34" w="1004" /></phr></stem><stem n="&quot;val2&quot;"><phr n="&quot;val2&quot;"><ent r="3" t="34" w="979" /></phr></stem><stem n="#${val1}"><phr n="#${val1}"><ent r="3" t="34" w="983" /></phr></stem><stem n="#${val2}"><phr n="#${val2}"><ent r="3" t="34" w="985" /></phr></stem><stem n="@exit"><phr n="@exit"><ent r="3" t="34" w="985" /><ent r="5" t="37" w="2693" /><ent r="5" t="37" w="2700" /><ent r="3" t="37" w="2792" /><ent r="4" t="37" w="2799" /><ent r="5" t="37" w="3048" /><ent r="5" t="37" w="3055" /></phr></stem><stem n="{val1}"><phr n="{val1}"><ent r="3" t="34" w="994" /></phr></stem><stem n="{val2}"><phr n="{val2}"><ent r="3" t="34" w="1005" /></phr></stem><stem n="-)."><phr n="-)."><ent r="3" t="34" w="1045" /><ent r="3" t="34" w="1045" /></phr></stem><stem n="non-digit"><phr n="non-digit"><ent r="3" t="34" w="1052" /></phr></stem><stem n="&quot;50.5&quot;"><phr n="&quot;50.5&quot;"><ent r="3" t="34" w="1061" /></phr></stem><stem n="wish"><phr n="wish"><ent r="3" t="34" w="1070" /><ent r="3" t="37" w="3466" /><ent r="3" t="40" w="443" /><ent r="4" t="41" w="254" /><ent r="3" t="47" w="384" /><ent r="4" t="60" w="59" /></phr></stem><stem n="fraction"><phr n="fraction"><ent r="3" t="34" w="1075" /></phr></stem><stem n="(describ"><phr n="(described"><ent r="3" t="35" w="56" /></phr></stem><stem n="/script&gt;"><phr n="/script&gt;"><ent r="3" t="35" w="74" /><ent r="3" t="39" w="598" /></phr></stem><stem n="&lt;/script&gt;"><phr n="&lt;/script&gt;"><ent r="3" t="35" w="74" /><ent r="3" t="35" w="73" /><ent r="3" t="39" w="598" /><ent r="3" t="39" w="597" /></phr></stem><stem n="script&gt;"><phr n="script&gt;"><ent r="3" t="35" w="74" /><ent r="3" t="39" w="598" /></phr></stem><stem n=":argument"><phr n=":Argument"><ent r="100" t="35" w="156" /></phr></stem><stem n=":label"><phr n=":Label"><ent r="100" t="35" w="186" /></phr></stem><stem n=":use"><phr n=":Using"><ent r="100" t="35" w="193" /><ent r="100" t="35" w="1225" /></phr><phr n=":Use"><ent r="100" t="37" w="845" /><ent r="100" t="37" w="848" /><ent r="100" t="37" w="851" /><ent r="100" t="37" w="854" /><ent r="100" t="37" w="857" /><ent r="100" t="37" w="860" /><ent r="100" t="37" w="863" /><ent r="100" t="68" w="90" /></phr><phr n=":uses"><ent r="100" t="40" w="367" /></phr></stem><stem n=":handl"><phr n=":Handling"><ent r="100" t="35" w="214" /></phr></stem><stem n=":script"><phr n=":Script"><ent r="100" t="35" w="219" /></phr></stem><stem n=":comment"><phr n=":Comments"><ent r="100" t="35" w="229" /></phr></stem><stem n=":ad"><phr n=":Adding"><ent r="100" t="35" w="234" /></phr></stem><stem n="white"><phr n="white"><ent r="4" t="35" w="359" /><ent r="4" t="35" w="386" /><ent r="3" t="66" w="489" /></phr></stem><stem n="&quot;string&quot;"><phr n="&quot;string&quot;"><ent r="3" t="35" w="408" /><ent r="65" t="37" w="239" /><ent r="65" t="37" w="259" /><ent r="65" t="37" w="277" /><ent r="65" t="37" w="439" /><ent r="65" t="37" w="507" /><ent r="4" t="37" w="512" /><ent r="65" t="37" w="781" /><ent r="4" t="37" w="1140" /><ent r="3" t="37" w="1152" /><ent r="83" t="37" w="1851" /><ent r="83" t="37" w="2348" /><ent r="83" t="37" w="3181" /><ent r="83" t="37" w="3276" /><ent r="83" t="37" w="3450" /></phr><phr n="&quot;STRING&quot;"><ent r="4" t="77" w="90" /></phr></stem><stem n="#fail"><phr n="#fail"><ent r="3" t="35" w="408" /><ent r="65" t="37" w="239" /><ent r="65" t="37" w="259" /><ent r="65" t="37" w="277" /><ent r="65" t="37" w="507" /><ent r="65" t="37" w="796" /><ent r="4" t="37" w="1140" /><ent r="3" t="37" w="1166" /><ent r="83" t="37" w="1851" /><ent r="5" t="37" w="1912" /><ent r="4" t="37" w="2014" /><ent r="83" t="37" w="2348" /><ent r="4" t="37" w="2491" /><ent r="83" t="37" w="3081" /><ent r="83" t="37" w="3276" /></phr></stem></index>