<?xml version="1.0" encoding="utf-8"?><index><stem n="continu"><phr n="continually"><ent r="3" t="0" w="46" /></phr><phr n="continue"><ent r="3" t="1" w="649" /><ent r="3" t="55" w="419" /></phr><phr n="continuously"><ent r="6" t="5" w="1022" /></phr></stem><stem n="test"><phr n="tests"><ent r="3" t="0" w="47" /><ent r="3" t="3" w="173" /><ent r="4" t="3" w="363" /><ent r="3" t="14" w="979" /><ent r="3" t="16" w="300" /><ent r="4" t="24" w="244" /></phr><phr n="test"><ent r="3" t="3" w="28" /><ent r="3" t="3" w="45" /><ent r="3" t="3" w="73" /><ent r="3" t="3" w="85" /><ent r="3" t="13" w="1885" /><ent r="3" t="13" w="1899" /><ent r="3" t="13" w="1906" /><ent r="3" t="13" w="1914" /><ent r="3" t="13" w="1935" /><ent r="3" t="13" w="1951" /><ent r="3" t="14" w="119" /><ent r="3" t="16" w="2253" /><ent r="3" t="22" w="36" /><ent r="4" t="22" w="147" /><ent r="5" t="22" w="151" /><ent r="4" t="22" w="237" /><ent r="3" t="22" w="1144" /><ent r="3" t="22" w="1298" /><ent r="3" t="37" w="1746" /><ent r="3" t="39" w="246" /><ent r="3" t="40" w="920" /><ent r="4" t="44" w="217" /><ent r="3" t="44" w="236" /><ent r="3" t="44" w="249" /><ent r="3" t="44" w="259" /><ent r="3" t="44" w="270" /><ent r="4" t="44" w="288" /><ent r="3" t="44" w="304" /><ent r="4" t="44" w="316" /><ent r="4" t="44" w="323" /><ent r="3" t="48" w="121" /><ent r="4" t="50" w="131" /><ent r="4" t="50" w="165" /><ent r="4" t="50" w="220" /><ent r="3" t="55" w="601" /><ent r="3" t="55" w="617" /><ent r="3" t="66" w="203" /><ent r="3" t="66" w="225" /><ent r="4" t="66" w="357" /><ent r="4" t="77" w="235" /></phr><phr n="tested"><ent r="4" t="3" w="226" /><ent r="4" t="4" w="305" /><ent r="4" t="4" w="482" /><ent r="3" t="15" w="59" /><ent r="3" t="15" w="108" /><ent r="4" t="15" w="430" /><ent r="3" t="35" w="104" /><ent r="3" t="35" w="268" /><ent r="3" t="37" w="178" /><ent r="3" t="38" w="40" /><ent r="3" t="53" w="115" /></phr><phr n="Test"><ent r="3" t="7" w="385" /><ent r="3" t="7" w="433" /><ent r="3" t="7" w="473" /><ent r="5" t="9" w="183" /><ent r="3" t="14" w="186" /><ent r="3" t="14" w="749" /><ent r="3" t="14" w="805" /><ent r="3" t="20" w="339" /><ent r="3" t="20" w="355" /><ent r="3" t="20" w="356" /><ent r="3" t="22" w="56" /><ent r="3" t="23" w="176" /><ent r="3" t="44" w="475" /><ent r="3" t="44" w="734" /><ent r="3" t="46" w="323" /><ent r="4" t="49" w="71" /><ent r="3" t="49" w="536" /><ent r="100" t="68" w="116" /><ent r="7" t="68" w="123" /><ent r="7" t="68" w="220" /><ent r="4" t="69" w="34" /><ent r="3" t="69" w="58" /><ent r="100" t="69" w="64" /></phr><phr n="testing"><ent r="3" t="16" w="1946" /><ent r="3" t="16" w="1965" /><ent r="4" t="16" w="2032" /><ent r="3" t="20" w="380" /><ent r="3" t="32" w="717" /><ent r="3" t="61" w="79" /><ent r="100" t="74" w="19" /><ent r="3" t="74" w="55" /></phr><phr n="Testing"><ent r="3" t="20" w="291" /><ent r="3" t="20" w="372" /></phr><phr n="Tests"><ent r="100" t="24" w="349" /><ent r="4" t="24" w="352" /><ent r="100" t="24" w="355" /><ent r="4" t="24" w="358" /></phr></stem><stem n="router"><phr n="routers"><ent r="3" t="0" w="48" /></phr><phr n="router"><ent r="3" t="3" w="59" /><ent r="3" t="15" w="76" /><ent r="4" t="19" w="206" /><ent r="3" t="54" w="333" /></phr><phr n="Router"><ent r="3" t="32" w="497" /><ent r="3" t="32" w="658" /><ent r="3" t="32" w="781" /><ent r="3" t="32" w="891" /><ent r="3" t="32" w="1073" /><ent r="3" t="55" w="948" /></phr></stem><stem n=","><phr n=","><ent r="3" t="0" w="49" /><ent r="3" t="0" w="50" /><ent r="3" t="0" w="51" /><ent r="3" t="0" w="66" /><ent r="3" t="0" w="76" /><ent r="3" t="0" w="79" /><ent r="3" t="0" w="109" /><ent r="3" t="0" w="130" /><ent r="3" t="0" w="166" /><ent r="3" t="0" w="211" /><ent r="64" t="0" w="229" /><ent r="3" t="1" w="27" /><ent r="3" t="1" w="33" /><ent r="3" t="1" w="35" /><ent r="3" t="1" w="92" /><ent r="3" t="1" w="115" /><ent r="3" t="1" w="134" /><ent r="3" t="1" w="216" /><ent r="3" t="1" w="220" /><ent r="3" t="1" w="221" /><ent r="3" t="1" w="222" /><ent r="3" t="1" w="223" /><ent r="3" t="1" w="235" /><ent r="3" t="1" w="302" /><ent r="3" t="1" w="315" /><ent r="3" t="1" w="320" /><ent r="3" t="1" w="332" /><ent r="3" t="1" w="341" /><ent r="3" t="1" w="345" /><ent r="3" t="1" w="360" /><ent r="3" t="1" w="368" /><ent r="3" t="1" w="369" /><ent r="3" t="1" w="370" /><ent r="3" t="1" w="383" /><ent r="3" t="1" w="386" /><ent r="3" t="1" w="404" /><ent r="3" t="1" w="410" /><ent r="3" t="1" w="450" /><ent r="3" t="1" w="526" /><ent r="3" t="1" w="551" /><ent r="3" t="1" w="556" /><ent r="3" t="1" w="574" /><ent r="3" t="1" w="575" /><ent r="3" t="1" w="579" /><ent r="3" t="1" w="581" /><ent r="3" t="1" w="614" /><ent r="3" t="1" w="617" /><ent r="3" t="1" w="620" /><ent r="3" t="1" w="642" /><ent r="3" t="1" w="666" /><ent r="3" t="1" w="668" /><ent r="3" t="1" w="696" /><ent r="3" t="1" w="704" /><ent r="3" t="1" w="707" /><ent r="3" t="1" w="715" /><ent r="3" t="1" w="726" /><ent r="3" t="1" w="735" /><ent r="3" t="2" w="13" /><ent r="3" t="2" w="20" /><ent r="3" t="2" w="35" /><ent r="3" t="3" w="20" /><ent r="3" t="3" w="53" /><ent r="3" t="3" w="59" /><ent r="3" t="3" w="60" /><ent r="3" t="3" w="61" /><ent r="3" t="3" w="66" /><ent r="3" t="3" w="82" /><ent r="3" t="3" w="98" /><ent r="3" t="3" w="114" /><ent r="3" t="3" w="135" /><ent r="4" t="3" w="211" /><ent r="4" t="3" w="243" /><ent r="4" t="3" w="260" /><ent r="3" t="3" w="294" /><ent r="3" t="3" w="302" /><ent r="3" t="3" w="340" /><ent r="4" t="3" w="392" /><ent r="4" t="3" w="474" /><ent r="3" t="3" w="566" /><ent r="3" t="4" w="24" /><ent r="3" t="4" w="96" /><ent r="3" t="4" w="102" /><ent r="3" t="4" w="113" /><ent r="3" t="4" w="158" /><ent r="3" t="4" w="201" /><ent r="3" t="4" w="214" /><ent r="3" t="4" w="223" /><ent r="3" t="4" w="422" /><ent r="4" t="4" w="529" /><ent r="4" t="4" w="567" /><ent r="4" t="4" w="580" /><ent r="4" t="4" w="642" /><ent r="3" t="4" w="729" /><ent r="3" t="4" w="733" /><ent r="3" t="4" w="753" /><ent r="3" t="5" w="34" /><ent r="3" t="5" w="75" /><ent r="7" t="5" w="177" /><ent r="6" t="5" w="191" /><ent r="7" t="5" w="209" /><ent r="6" t="5" w="222" /><ent r="6" t="5" w="248" /><ent r="6" t="5" w="264" /><ent r="6" t="5" w="271" /><ent r="6" t="5" w="276" /><ent r="6" t="5" w="340" /><ent r="6" t="5" w="350" /><ent r="6" t="5" w="373" /><ent r="6" t="5" w="540" /><ent r="6" t="5" w="550" /><ent r="5" t="5" w="605" /><ent r="6" t="5" w="677" /><ent r="65" t="5" w="813" /><ent r="6" t="5" w="954" /><ent r="6" t="5" w="971" /><ent r="6" t="5" w="1011" /><ent r="6" t="5" w="1028" /><ent r="6" t="5" w="1062" /><ent r="6" t="5" w="1107" /><ent r="6" t="5" w="1113" /><ent r="6" t="5" w="1117" /><ent r="4" t="5" w="1176" /><ent r="4" t="5" w="1180" /><ent r="4" t="5" w="1182" /><ent r="4" t="5" w="1279" /><ent r="4" t="5" w="1290" /><ent r="4" t="5" w="1295" /><ent r="4" t="5" w="1317" /><ent r="3" t="5" w="1334" /><ent r="3" t="5" w="1397" /><ent r="3" t="6" w="72" /><ent r="4" t="6" w="96" /><ent r="3" t="7" w="126" /><ent r="3" t="7" w="129" /><ent r="3" t="7" w="147" /><ent r="4" t="7" w="188" /><ent r="3" t="7" w="293" /><ent r="3" t="7" w="303" /><ent r="3" t="7" w="335" /><ent r="3" t="7" w="381" /><ent r="3" t="7" w="461" /><ent r="3" t="7" w="507" /><ent r="3" t="8" w="82" /><ent r="4" t="8" w="122" /><ent r="4" t="8" w="126" /><ent r="3" t="8" w="231" /><ent r="3" t="8" w="239" /><ent r="100" t="8" w="264" /><ent r="3" t="8" w="297" /><ent r="3" t="8" w="348" /><ent r="3" t="8" w="376" /><ent r="7" t="8" w="572" /><ent r="3" t="8" w="603" /><ent r="3" t="8" w="630" /><ent r="3" t="8" w="637" /><ent r="3" t="8" w="642" /><ent r="4" t="8" w="684" /><ent r="4" t="8" w="688" /><ent r="4" t="8" w="737" /><ent r="4" t="8" w="782" /><ent r="3" t="9" w="18" /><ent r="3" t="10" w="34" /><ent r="3" t="10" w="53" /><ent r="3" t="10" w="125" /><ent r="3" t="10" w="215" /><ent r="3" t="10" w="235" /><ent r="3" t="10" w="265" /><ent r="3" t="11" w="35" /><ent r="3" t="11" w="98" /><ent r="3" t="11" w="442" /><ent r="3" t="11" w="449" /><ent r="4" t="11" w="457" /><ent r="4" t="11" w="467" /><ent r="4" t="11" w="496" /><ent r="4" t="11" w="503" /><ent r="4" t="11" w="527" /><ent r="5" t="13" w="159" /><ent r="3" t="13" w="440" /><ent r="3" t="13" w="444" /><ent r="3" t="13" w="518" /><ent r="3" t="13" w="529" /><ent r="3" t="13" w="537" /><ent r="3" t="13" w="587" /><ent r="3" t="13" w="608" /><ent r="5" t="13" w="739" /><ent r="5" t="13" w="838" /><ent r="5" t="13" w="857" /><ent r="5" t="13" w="1088" /><ent r="5" t="13" w="1159" /><ent r="5" t="13" w="1249" /><ent r="5" t="13" w="1391" /><ent r="5" t="13" w="1438" /><ent r="3" t="13" w="1487" /><ent r="3" t="13" w="1536" /><ent r="4" t="13" w="1591" /><ent r="3" t="13" w="1829" /><ent r="3" t="13" w="1835" /><ent r="3" t="13" w="1837" /><ent r="3" t="13" w="1841" /><ent r="3" t="13" w="1851" /><ent r="3" t="13" w="1894" /><ent r="3" t="13" w="1911" /><ent r="3" t="13" w="1962" /><ent r="3" t="13" w="2038" /><ent r="3" t="13" w="2065" /><ent r="3" t="13" w="2073" /><ent r="3" t="13" w="2142" /><ent r="3" t="13" w="2144" /><ent r="4" t="13" w="2166" /><ent r="4" t="13" w="2167" /><ent r="4" t="13" w="2181" /><ent r="4" t="13" w="2182" /><ent r="4" t="13" w="2183" /><ent r="3" t="13" w="2369" /><ent r="3" t="13" w="2383" /><ent r="3" t="13" w="2417" /><ent r="3" t="13" w="2477" /><ent r="3" t="13" w="2487" /><ent r="3" t="13" w="2506" /><ent r="3" t="13" w="2523" /><ent r="3" t="14" w="387" /><ent r="3" t="14" w="395" /><ent r="3" t="14" w="460" /><ent r="3" t="14" w="466" /><ent r="3" t="14" w="468" /><ent r="3" t="14" w="495" /><ent r="3" t="14" w="503" /><ent r="3" t="14" w="506" /><ent r="3" t="14" w="510" /><ent r="3" t="14" w="513" /><ent r="3" t="14" w="515" /><ent r="3" t="14" w="518" /><ent r="3" t="14" w="522" /><ent r="3" t="14" w="524" /><ent r="3" t="14" w="525" /><ent r="3" t="14" w="556" /><ent r="3" t="14" w="557" /><ent r="3" t="14" w="558" /><ent r="3" t="14" w="563" /><ent r="3" t="14" w="564" /><ent r="3" t="14" w="565" /><ent r="3" t="14" w="572" /><ent r="3" t="14" w="573" /><ent r="3" t="14" w="574" /><ent r="3" t="14" w="745" /><ent r="3" t="14" w="761" /><ent r="3" t="14" w="764" /><ent r="3" t="14" w="839" /><ent r="3" t="14" w="841" /><ent r="3" t="14" w="871" /><ent r="3" t="14" w="886" /><ent r="3" t="14" w="930" /><ent r="3" t="14" w="970" /><ent r="3" t="14" w="1025" /><ent r="3" t="14" w="1168" /><ent r="3" t="14" w="1170" /><ent r="3" t="14" w="1185" /><ent r="3" t="14" w="1220" /><ent r="3" t="14" w="1233" /><ent r="3" t="14" w="1282" /><ent r="3" t="14" w="1322" /><ent r="3" t="15" w="50" /><ent r="3" t="15" w="77" /><ent r="3" t="15" w="81" /><ent r="3" t="15" w="83" /><ent r="3" t="15" w="93" /><ent r="4" t="15" w="181" /><ent r="4" t="15" w="216" /><ent r="4" t="15" w="235" /><ent r="66" t="15" w="274" /><ent r="4" t="15" w="285" /><ent r="4" t="15" w="286" /><ent r="4" t="15" w="321" /><ent r="3" t="16" w="52" /><ent r="3" t="16" w="57" /><ent r="3" t="16" w="66" /><ent r="3" t="16" w="67" /><ent r="3" t="16" w="126" /><ent r="3" t="16" w="141" /><ent r="3" t="16" w="158" /><ent r="3" t="16" w="168" /><ent r="3" t="16" w="175" /><ent r="3" t="16" w="279" /><ent r="3" t="16" w="361" /><ent r="3" t="16" w="362" /><ent r="4" t="16" w="434" /><ent r="4" t="16" w="485" /><ent r="4" t="16" w="501" /><ent r="100" t="16" w="519" /><ent r="6" t="16" w="633" /><ent r="6" t="16" w="640" /><ent r="6" t="16" w="645" /><ent r="6" t="16" w="691" /><ent r="6" t="16" w="715" /><ent r="6" t="16" w="739" /><ent r="6" t="16" w="805" /><ent r="6" t="16" w="925" /><ent r="9" t="16" w="939" /><ent r="4" t="16" w="1033" /><ent r="4" t="16" w="1109" /><ent r="4" t="16" w="1122" /><ent r="3" t="16" w="1178" /><ent r="3" t="16" w="1188" /><ent r="3" t="16" w="1189" /><ent r="3" t="16" w="1192" /><ent r="3" t="16" w="1193" /><ent r="3" t="16" w="1209" /><ent r="3" t="16" w="1212" /><ent r="3" t="16" w="1219" /><ent r="3" t="16" w="1222" /><ent r="3" t="16" w="1230" /><ent r="3" t="16" w="1235" /><ent r="4" t="16" w="1271" /><ent r="4" t="16" w="1302" /><ent r="4" t="16" w="1303" /><ent r="4" t="16" w="1408" /><ent r="3" t="16" w="1434" /><ent r="4" t="16" w="1459" /><ent r="4" t="16" w="1482" /><ent r="4" t="16" w="1638" /><ent r="4" t="16" w="1657" /><ent r="3" t="16" w="1711" /><ent r="3" t="16" w="1719" /><ent r="3" t="16" w="1722" /><ent r="3" t="16" w="1752" /><ent r="3" t="16" w="1756" /><ent r="3" t="16" w="1772" /><ent r="3" t="16" w="1777" /><ent r="3" t="16" w="1835" /><ent r="3" t="16" w="1861" /><ent r="3" t="16" w="1920" /><ent r="4" t="16" w="1993" /><ent r="4" t="16" w="2009" /><ent r="4" t="16" w="2019" /><ent r="3" t="16" w="2040" /><ent r="3" t="16" w="2055" /><ent r="3" t="16" w="2058" /><ent r="3" t="16" w="2077" /><ent r="3" t="16" w="2080" /><ent r="3" t="16" w="2081" /><ent r="3" t="16" w="2084" /><ent r="3" t="16" w="2125" /><ent r="3" t="16" w="2152" /><ent r="3" t="16" w="2188" /><ent r="3" t="16" w="2193" /><ent r="3" t="16" w="2249" /><ent r="3" t="16" w="2250" /><ent r="3" t="16" w="2251" /><ent r="3" t="16" w="2264" /><ent r="3" t="16" w="2265" /><ent r="3" t="16" w="2266" /><ent r="3" t="16" w="2277" /><ent r="3" t="16" w="2288" /><ent r="3" t="17" w="54" /><ent r="3" t="17" w="58" /><ent r="3" t="17" w="75" /><ent r="3" t="17" w="224" /><ent r="4" t="17" w="255" /><ent r="4" t="17" w="258" /><ent r="4" t="17" w="259" /><ent r="3" t="17" w="266" /><ent r="3" t="17" w="279" /><ent r="3" t="17" w="302" /><ent r="3" t="17" w="329" /><ent r="3" t="17" w="354" /><ent r="3" t="17" w="356" /><ent r="3" t="17" w="369" /><ent r="4" t="17" w="392" /><ent r="4" t="17" w="434" /><ent r="3" t="18" w="42" /><ent r="4" t="18" w="129" /><ent r="4" t="18" w="173" /><ent r="3" t="19" w="38" /><ent r="3" t="19" w="48" /><ent r="3" t="19" w="78" /><ent r="3" t="19" w="127" /><ent r="3" t="19" w="129" /><ent r="4" t="19" w="209" /><ent r="4" t="19" w="216" /><ent r="4" t="19" w="221" /><ent r="4" t="19" w="231" /><ent r="3" t="19" w="275" /><ent r="3" t="19" w="374" /><ent r="3" t="19" w="430" /><ent r="3" t="19" w="574" /><ent r="3" t="19" w="576" /><ent r="3" t="19" w="595" /><ent r="3" t="19" w="617" /><ent r="3" t="19" w="638" /><ent r="3" t="19" w="660" /><ent r="3" t="19" w="672" /><ent r="3" t="19" w="673" /><ent r="3" t="19" w="686" /><ent r="3" t="19" w="687" /><ent r="3" t="19" w="700" /><ent r="3" t="19" w="701" /><ent r="4" t="19" w="847" /><ent r="4" t="19" w="863" /><ent r="4" t="19" w="895" /><ent r="4" t="19" w="896" /><ent r="3" t="19" w="943" /><ent r="3" t="19" w="992" /><ent r="3" t="19" w="1006" /><ent r="3" t="19" w="1014" /><ent r="3" t="19" w="1046" /><ent r="3" t="19" w="1048" /><ent r="3" t="19" w="1056" /><ent r="3" t="19" w="1064" /><ent r="3" t="19" w="1071" /><ent r="3" t="19" w="1082" /><ent r="3" t="19" w="1092" /><ent r="3" t="19" w="1100" /><ent r="3" t="19" w="1108" /><ent r="3" t="19" w="1117" /><ent r="3" t="19" w="1125" /><ent r="3" t="19" w="1134" /><ent r="3" t="19" w="1145" /><ent r="3" t="19" w="1196" /><ent r="3" t="19" w="1202" /><ent r="3" t="19" w="1227" /><ent r="3" t="19" w="1330" /><ent r="3" t="19" w="1332" /><ent r="3" t="19" w="1346" /><ent r="3" t="19" w="1354" /><ent r="3" t="19" w="1359" /><ent r="3" t="19" w="1365" /><ent r="3" t="19" w="1366" /><ent r="3" t="19" w="1422" /><ent r="3" t="19" w="1463" /><ent r="3" t="19" w="1468" /><ent r="3" t="19" w="1471" /><ent r="3" t="19" w="1488" /><ent r="3" t="19" w="1641" /><ent r="3" t="19" w="1708" /><ent r="3" t="19" w="1718" /><ent r="3" t="19" w="1747" /><ent r="3" t="19" w="1764" /><ent r="3" t="19" w="1832" /><ent r="4" t="19" w="1911" /><ent r="3" t="20" w="90" /><ent r="3" t="20" w="110" /><ent r="3" t="20" w="140" /><ent r="3" t="20" w="200" /><ent r="3" t="20" w="205" /><ent r="3" t="20" w="286" /><ent r="3" t="21" w="37" /><ent r="3" t="21" w="43" /><ent r="3" t="21" w="88" /><ent r="3" t="21" w="117" /><ent r="3" t="21" w="118" /><ent r="3" t="21" w="126" /><ent r="5" t="21" w="223" /><ent r="4" t="21" w="261" /><ent r="4" t="21" w="263" /><ent r="4" t="21" w="269" /><ent r="3" t="21" w="330" /><ent r="3" t="21" w="366" /><ent r="3" t="21" w="372" /><ent r="3" t="21" w="416" /><ent r="3" t="21" w="424" /><ent r="3" t="21" w="428" /><ent r="3" t="21" w="460" /><ent r="3" t="21" w="471" /><ent r="3" t="21" w="472" /><ent r="3" t="21" w="484" /><ent r="3" t="21" w="522" /><ent r="3" t="21" w="544" /><ent r="4" t="21" w="552" /><ent r="4" t="21" w="563" /><ent r="4" t="21" w="573" /><ent r="4" t="21" w="574" /><ent r="4" t="21" w="591" /><ent r="4" t="21" w="592" /><ent r="4" t="21" w="649" /><ent r="3" t="21" w="665" /><ent r="3" t="21" w="673" /><ent r="3" t="21" w="686" /><ent r="3" t="21" w="730" /><ent r="3" t="21" w="731" /><ent r="3" t="21" w="734" /><ent r="3" t="21" w="748" /><ent r="3" t="21" w="749" /><ent r="3" t="21" w="751" /><ent r="3" t="21" w="799" /><ent r="3" t="21" w="801" /><ent r="3" t="21" w="802" /><ent r="4" t="21" w="850" /><ent r="4" t="21" w="851" /><ent r="4" t="21" w="852" /><ent r="4" t="21" w="862" /><ent r="4" t="21" w="865" /><ent r="4" t="21" w="866" /><ent r="4" t="22" w="113" /><ent r="4" t="22" w="162" /><ent r="4" t="22" w="203" /><ent r="4" t="22" w="248" /><ent r="3" t="22" w="279" /><ent r="3" t="22" w="288" /><ent r="3" t="22" w="303" /><ent r="4" t="22" w="352" /><ent r="4" t="22" w="361" /><ent r="4" t="22" w="401" /><ent r="4" t="22" w="411" /><ent r="4" t="22" w="420" /><ent r="4" t="22" w="521" /><ent r="3" t="22" w="533" /><ent r="3" t="22" w="552" /><ent r="3" t="22" w="621" /><ent r="4" t="22" w="644" /><ent r="4" t="22" w="654" /><ent r="4" t="22" w="672" /><ent r="4" t="22" w="680" /><ent r="4" t="22" w="710" /><ent r="4" t="22" w="724" /><ent r="4" t="22" w="747" /><ent r="4" t="22" w="778" /><ent r="4" t="22" w="816" /><ent r="3" t="22" w="910" /><ent r="3" t="22" w="925" /><ent r="3" t="22" w="965" /><ent r="3" t="22" w="1013" /><ent r="3" t="22" w="1030" /><ent r="3" t="22" w="1099" /><ent r="3" t="22" w="1111" /><ent r="3" t="22" w="1147" /><ent r="3" t="22" w="1163" /><ent r="3" t="22" w="1168" /><ent r="3" t="22" w="1209" /><ent r="3" t="22" w="1231" /><ent r="3" t="22" w="1247" /><ent r="3" t="22" w="1324" /><ent r="3" t="22" w="1337" /><ent r="3" t="22" w="1341" /><ent r="3" t="22" w="1354" /><ent r="3" t="22" w="1358" /><ent r="3" t="22" w="1371" /><ent r="3" t="22" w="1471" /><ent r="3" t="22" w="1560" /><ent r="3" t="22" w="1568" /><ent r="3" t="22" w="1576" /><ent r="3" t="23" w="31" /><ent r="3" t="23" w="56" /><ent r="3" t="23" w="88" /><ent r="3" t="23" w="91" /><ent r="3" t="23" w="121" /><ent r="3" t="23" w="141" /><ent r="3" t="23" w="161" /><ent r="3" t="23" w="229" /><ent r="3" t="23" w="249" /><ent r="3" t="24" w="45" /><ent r="3" t="24" w="49" /><ent r="3" t="24" w="52" /><ent r="3" t="24" w="54" /><ent r="3" t="24" w="55" /><ent r="4" t="24" w="99" /><ent r="4" t="24" w="145" /><ent r="4" t="24" w="146" /><ent r="4" t="24" w="149" /><ent r="4" t="24" w="215" /><ent r="4" t="24" w="216" /><ent r="3" t="24" w="301" /><ent r="3" t="24" w="302" /><ent r="3" t="24" w="303" /><ent r="4" t="24" w="360" /><ent r="4" t="24" w="361" /><ent r="100" t="24" w="365" /><ent r="4" t="24" w="368" /><ent r="4" t="24" w="369" /><ent r="100" t="24" w="375" /><ent r="4" t="24" w="378" /><ent r="4" t="24" w="379" /><ent r="4" t="24" w="448" /><ent r="4" t="24" w="449" /><ent r="4" t="24" w="449" /><ent r="4" t="24" w="454" /><ent r="4" t="24" w="455" /><ent r="4" t="24" w="459" /><ent r="4" t="24" w="460" /><ent r="4" t="24" w="460" /><ent r="4" t="24" w="465" /><ent r="4" t="24" w="466" /><ent r="4" t="24" w="472" /><ent r="4" t="24" w="484" /><ent r="4" t="24" w="496" /><ent r="4" t="24" w="510" /><ent r="4" t="24" w="524" /><ent r="4" t="24" w="584" /><ent r="4" t="24" w="628" /><ent r="4" t="24" w="639" /><ent r="4" t="24" w="669" /><ent r="4" t="24" w="695" /><ent r="4" t="24" w="717" /><ent r="4" t="24" w="763" /><ent r="4" t="24" w="787" /><ent r="4" t="24" w="803" /><ent r="4" t="24" w="819" /><ent r="4" t="24" w="831" /><ent r="4" t="24" w="843" /><ent r="4" t="24" w="858" /><ent r="4" t="24" w="859" /><ent r="4" t="24" w="865" /><ent r="3" t="24" w="1035" /><ent r="3" t="24" w="1094" /><ent r="3" t="24" w="1338" /><ent r="3" t="24" w="1361" /><ent r="3" t="24" w="1441" /><ent r="3" t="24" w="1450" /><ent r="3" t="24" w="1643" /><ent r="3" t="24" w="1657" /><ent r="3" t="24" w="1852" /><ent r="3" t="24" w="1887" /><ent r="3" t="24" w="1904" /><ent r="3" t="24" w="1912" /><ent r="3" t="24" w="1949" /><ent r="3" t="24" w="1962" /><ent r="3" t="24" w="1977" /><ent r="3" t="24" w="2007" /><ent r="3" t="24" w="2049" /><ent r="3" t="24" w="2091" /><ent r="3" t="24" w="2122" /><ent r="3" t="24" w="2129" /><ent r="4" t="24" w="2230" /><ent r="4" t="24" w="2260" /><ent r="4" t="24" w="2280" /><ent r="4" t="24" w="2306" /><ent r="3" t="24" w="2330" /><ent r="3" t="24" w="2337" /><ent r="4" t="24" w="2411" /><ent r="4" t="24" w="2451" /><ent r="4" t="24" w="2469" /><ent r="4" t="24" w="2482" /><ent r="4" t="24" w="2493" /><ent r="3" t="24" w="2741" /><ent r="3" t="24" w="2802" /><ent r="3" t="24" w="2812" /><ent r="3" t="24" w="2815" /><ent r="3" t="24" w="2827" /><ent r="3" t="24" w="2829" /><ent r="3" t="24" w="2832" /><ent r="3" t="24" w="2834" /><ent r="3" t="24" w="2837" /><ent r="3" t="25" w="37" /><ent r="4" t="25" w="164" /><ent r="4" t="25" w="206" /><ent r="4" t="25" w="235" /><ent r="4" t="25" w="263" /><ent r="4" t="25" w="264" /><ent r="4" t="25" w="265" /><ent r="4" t="25" w="302" /><ent r="3" t="26" w="43" /><ent r="3" t="26" w="209" /><ent r="4" t="26" w="272" /><ent r="3" t="26" w="294" /><ent r="3" t="26" w="315" /><ent r="3" t="26" w="513" /><ent r="3" t="26" w="520" /><ent r="4" t="26" w="553" /><ent r="4" t="26" w="566" /><ent r="4" t="26" w="603" /><ent r="3" t="26" w="647" /><ent r="3" t="26" w="659" /><ent r="3" t="26" w="664" /><ent r="3" t="26" w="669" /><ent r="3" t="26" w="679" /><ent r="3" t="26" w="687" /><ent r="3" t="26" w="712" /><ent r="3" t="26" w="725" /><ent r="3" t="26" w="762" /><ent r="3" t="26" w="781" /><ent r="3" t="26" w="788" /><ent r="3" t="26" w="846" /><ent r="3" t="26" w="876" /><ent r="3" t="26" w="907" /><ent r="3" t="26" w="932" /><ent r="3" t="26" w="1032" /><ent r="3" t="26" w="1072" /><ent r="3" t="27" w="186" /><ent r="3" t="27" w="195" /><ent r="3" t="27" w="196" /><ent r="3" t="27" w="224" /><ent r="3" t="27" w="264" /><ent r="3" t="27" w="296" /><ent r="3" t="27" w="351" /><ent r="3" t="27" w="356" /><ent r="3" t="27" w="358" /><ent r="3" t="27" w="382" /><ent r="3" t="27" w="386" /><ent r="3" t="27" w="389" /><ent r="3" t="27" w="390" /><ent r="3" t="27" w="391" /><ent r="3" t="27" w="430" /><ent r="3" t="28" w="60" /><ent r="3" t="28" w="89" /><ent r="3" t="28" w="111" /><ent r="3" t="28" w="122" /><ent r="3" t="28" w="130" /><ent r="3" t="28" w="176" /><ent r="3" t="28" w="194" /><ent r="3" t="28" w="224" /><ent r="3" t="28" w="231" /><ent r="3" t="28" w="270" /><ent r="3" t="28" w="307" /><ent r="3" t="28" w="316" /><ent r="3" t="29" w="56" /><ent r="4" t="29" w="141" /><ent r="3" t="29" w="161" /><ent r="3" t="29" w="187" /><ent r="4" t="29" w="289" /><ent r="3" t="29" w="521" /><ent r="3" t="29" w="556" /><ent r="3" t="29" w="568" /><ent r="3" t="29" w="577" /><ent r="3" t="29" w="646" /><ent r="3" t="29" w="647" /><ent r="3" t="29" w="648" /><ent r="3" t="29" w="651" /><ent r="3" t="29" w="652" /><ent r="3" t="29" w="653" /><ent r="3" t="29" w="657" /><ent r="3" t="29" w="658" /><ent r="3" t="29" w="659" /><ent r="3" t="29" w="662" /><ent r="3" t="29" w="663" /><ent r="3" t="29" w="664" /><ent r="3" t="29" w="667" /><ent r="3" t="29" w="668" /><ent r="3" t="29" w="669" /><ent r="3" t="29" w="673" /><ent r="3" t="29" w="674" /><ent r="3" t="29" w="675" /><ent r="3" t="29" w="679" /><ent r="3" t="29" w="680" /><ent r="3" t="29" w="681" /><ent r="3" t="29" w="685" /><ent r="3" t="29" w="686" /><ent r="3" t="29" w="687" /><ent r="3" t="29" w="691" /><ent r="3" t="29" w="692" /><ent r="3" t="29" w="693" /><ent r="3" t="29" w="697" /><ent r="3" t="29" w="698" /><ent r="3" t="29" w="699" /><ent r="3" t="29" w="717" /><ent r="3" t="29" w="718" /><ent r="3" t="29" w="724" /><ent r="3" t="29" w="725" /><ent r="3" t="29" w="772" /><ent r="3" t="29" w="836" /><ent r="3" t="29" w="856" /><ent r="3" t="29" w="901" /><ent r="3" t="29" w="950" /><ent r="3" t="29" w="951" /><ent r="3" t="29" w="979" /><ent r="3" t="29" w="983" /><ent r="3" t="29" w="988" /><ent r="3" t="29" w="992" /><ent r="3" t="29" w="996" /><ent r="3" t="29" w="1000" /><ent r="3" t="29" w="1013" /><ent r="3" t="29" w="1086" /><ent r="3" t="29" w="1090" /><ent r="3" t="29" w="1095" /><ent r="3" t="29" w="1099" /><ent r="3" t="29" w="1103" /><ent r="3" t="29" w="1107" /><ent r="3" t="30" w="48" /><ent r="3" t="31" w="157" /><ent r="4" t="31" w="200" /><ent r="4" t="31" w="223" /><ent r="4" t="31" w="242" /><ent r="4" t="31" w="246" /><ent r="4" t="31" w="294" /><ent r="4" t="31" w="317" /><ent r="3" t="32" w="40" /><ent r="3" t="32" w="41" /><ent r="3" t="32" w="184" /><ent r="3" t="32" w="241" /><ent r="3" t="32" w="292" /><ent r="3" t="32" w="302" /><ent r="3" t="32" w="313" /><ent r="3" t="32" w="335" /><ent r="3" t="32" w="1128" /><ent r="3" t="32" w="1177" /><ent r="3" t="32" w="1189" /><ent r="3" t="32" w="1191" /><ent r="3" t="32" w="1203" /><ent r="3" t="32" w="1205" /><ent r="3" t="32" w="1217" /><ent r="3" t="32" w="1222" /><ent r="3" t="32" w="1234" /><ent r="3" t="32" w="1237" /><ent r="3" t="32" w="1249" /><ent r="3" t="32" w="1253" /><ent r="3" t="32" w="1265" /><ent r="3" t="32" w="1276" /><ent r="3" t="32" w="1277" /><ent r="3" t="32" w="1278" /><ent r="3" t="32" w="1281" /><ent r="3" t="32" w="1282" /><ent r="3" t="32" w="1283" /><ent r="3" t="32" w="1286" /><ent r="3" t="32" w="1287" /><ent r="3" t="32" w="1288" /><ent r="3" t="32" w="1290" /><ent r="3" t="32" w="1291" /><ent r="3" t="32" w="1292" /><ent r="3" t="32" w="1294" /><ent r="3" t="32" w="1295" /><ent r="3" t="32" w="1296" /><ent r="3" t="32" w="1299" /><ent r="3" t="32" w="1300" /><ent r="3" t="32" w="1301" /><ent r="3" t="32" w="1304" /><ent r="3" t="32" w="1305" /><ent r="3" t="32" w="1306" /><ent r="3" t="32" w="1308" /><ent r="3" t="32" w="1309" /><ent r="3" t="32" w="1310" /><ent r="3" t="32" w="1313" /><ent r="3" t="32" w="1314" /><ent r="3" t="32" w="1315" /><ent r="3" t="32" w="1318" /><ent r="3" t="32" w="1319" /><ent r="3" t="32" w="1320" /><ent r="3" t="32" w="1329" /><ent r="3" t="32" w="1330" /><ent r="3" t="32" w="1331" /><ent r="3" t="32" w="1335" /><ent r="3" t="32" w="1336" /><ent r="3" t="32" w="1337" /><ent r="3" t="32" w="1341" /><ent r="3" t="32" w="1342" /><ent r="3" t="32" w="1343" /><ent r="3" t="32" w="1347" /><ent r="3" t="32" w="1348" /><ent r="3" t="32" w="1349" /><ent r="3" t="32" w="1353" /><ent r="3" t="32" w="1354" /><ent r="3" t="32" w="1355" /><ent r="3" t="32" w="1359" /><ent r="3" t="32" w="1360" /><ent r="3" t="32" w="1361" /><ent r="3" t="32" w="1365" /><ent r="3" t="32" w="1366" /><ent r="3" t="32" w="1367" /><ent r="3" t="32" w="1371" /><ent r="3" t="32" w="1372" /><ent r="3" t="32" w="1373" /><ent r="3" t="32" w="1377" /><ent r="3" t="32" w="1378" /><ent r="3" t="32" w="1379" /><ent r="3" t="32" w="1383" /><ent r="3" t="32" w="1384" /><ent r="3" t="32" w="1385" /><ent r="3" t="32" w="1389" /><ent r="3" t="32" w="1390" /><ent r="3" t="32" w="1391" /><ent r="3" t="32" w="1395" /><ent r="3" t="32" w="1396" /><ent r="3" t="32" w="1397" /><ent r="3" t="32" w="1401" /><ent r="3" t="32" w="1402" /><ent r="3" t="32" w="1403" /><ent r="3" t="32" w="1407" /><ent r="3" t="32" w="1408" /><ent r="3" t="32" w="1409" /><ent r="3" t="32" w="1413" /><ent r="3" t="32" w="1414" /><ent r="3" t="32" w="1415" /><ent r="3" t="32" w="1419" /><ent r="3" t="32" w="1420" /><ent r="3" t="32" w="1421" /><ent r="3" t="32" w="1425" /><ent r="3" t="32" w="1426" /><ent r="3" t="32" w="1427" /><ent r="3" t="32" w="1431" /><ent r="3" t="32" w="1432" /><ent r="3" t="32" w="1433" /><ent r="3" t="32" w="1437" /><ent r="3" t="32" w="1438" /><ent r="3" t="32" w="1439" /><ent r="3" t="32" w="1443" /><ent r="3" t="32" w="1444" /><ent r="3" t="32" w="1445" /><ent r="3" t="32" w="1449" /><ent r="3" t="32" w="1450" /><ent r="3" t="32" w="1451" /><ent r="3" t="32" w="1455" /><ent r="3" t="32" w="1456" /><ent r="3" t="32" w="1457" /><ent r="3" t="32" w="1461" /><ent r="3" t="32" w="1462" /><ent r="3" t="32" w="1463" /><ent r="3" t="32" w="1467" /><ent r="3" t="32" w="1468" /><ent r="3" t="32" w="1469" /><ent r="3" t="32" w="1473" /><ent r="3" t="32" w="1474" /><ent r="3" t="32" w="1475" /><ent r="3" t="32" w="1479" /><ent r="3" t="32" w="1480" /><ent r="3" t="32" w="1481" /><ent r="3" t="32" w="1485" /><ent r="3" t="32" w="1486" /><ent r="3" t="32" w="1487" /><ent r="3" t="32" w="1491" /><ent r="3" t="32" w="1492" /><ent r="3" t="32" w="1493" /><ent r="3" t="32" w="1497" /><ent r="3" t="32" w="1498" /><ent r="3" t="32" w="1499" /><ent r="3" t="32" w="1503" /><ent r="3" t="32" w="1504" /><ent r="3" t="32" w="1505" /><ent r="3" t="33" w="62" /><ent r="3" t="33" w="105" /><ent r="3" t="33" w="140" /><ent r="3" t="33" w="192" /><ent r="3" t="33" w="195" /><ent r="3" t="33" w="225" /><ent r="3" t="33" w="226" /><ent r="3" t="33" w="227" /><ent r="3" t="33" w="228" /><ent r="3" t="33" w="229" /><ent r="3" t="33" w="230" /><ent r="3" t="33" w="266" /><ent r="3" t="33" w="292" /><ent r="3" t="33" w="323" /><ent r="3" t="33" w="348" /><ent r="3" t="33" w="357" /><ent r="3" t="33" w="375" /><ent r="3" t="33" w="376" /><ent r="3" t="33" w="377" /><ent r="3" t="33" w="402" /><ent r="3" t="33" w="403" /><ent r="3" t="33" w="404" /><ent r="3" t="33" w="405" /><ent r="3" t="33" w="406" /><ent r="3" t="34" w="25" /><ent r="3" t="34" w="41" /><ent r="3" t="34" w="56" /><ent r="3" t="34" w="64" /><ent r="3" t="34" w="79" /><ent r="3" t="34" w="91" /><ent r="3" t="34" w="104" /><ent r="3" t="34" w="125" /><ent r="3" t="34" w="149" /><ent r="4" t="34" w="195" /><ent r="4" t="34" w="196" /><ent r="4" t="34" w="231" /><ent r="4" t="34" w="294" /><ent r="4" t="34" w="315" /><ent r="4" t="34" w="360" /><ent r="3" t="34" w="378" /><ent r="3" t="34" w="383" /><ent r="3" t="34" w="455" /><ent r="3" t="34" w="463" /><ent r="3" t="34" w="533" /><ent r="3" t="34" w="546" /><ent r="3" t="34" w="561" /><ent r="3" t="34" w="582" /><ent r="3" t="34" w="595" /><ent r="3" t="34" w="617" /><ent r="3" t="34" w="718" /><ent r="3" t="34" w="740" /><ent r="3" t="34" w="749" /><ent r="3" t="34" w="827" /><ent r="3" t="34" w="912" /><ent r="3" t="34" w="938" /><ent r="3" t="34" w="964" /><ent r="3" t="34" w="990" /><ent r="3" t="34" w="1002" /><ent r="3" t="34" w="1013" /><ent r="3" t="34" w="1019" /><ent r="3" t="34" w="1030" /><ent r="3" t="34" w="1056" /><ent r="3" t="34" w="1080" /><ent r="3" t="35" w="37" /><ent r="3" t="35" w="56" /><ent r="3" t="35" w="105" /><ent r="3" t="35" w="111" /><ent r="3" t="35" w="127" /><ent r="3" t="35" w="269" /><ent r="3" t="35" w="276" /><ent r="4" t="35" w="294" /><ent r="4" t="35" w="295" /><ent r="4" t="35" w="296" /><ent r="4" t="35" w="297" /><ent r="4" t="35" w="298" /><ent r="3" t="35" w="308" /><ent r="4" t="35" w="379" /><ent r="3" t="35" w="439" /><ent r="3" t="35" w="608" /><ent r="3" t="35" w="637" /><ent r="3" t="35" w="645" /><ent r="4" t="35" w="666" /><ent r="3" t="35" w="722" /><ent r="4" t="35" w="845" /><ent r="3" t="35" w="1029" /><ent r="4" t="35" w="1100" /><ent r="4" t="35" w="1106" /><ent r="4" t="35" w="1125" /><ent r="4" t="35" w="1317" /><ent r="4" t="35" w="1322" /><ent r="4" t="35" w="1323" /><ent r="3" t="35" w="1475" /><ent r="3" t="35" w="1488" /><ent r="3" t="35" w="1497" /><ent r="3" t="35" w="1506" /><ent r="3" t="35" w="1515" /><ent r="3" t="35" w="1548" /><ent r="3" t="35" w="1563" /><ent r="3" t="35" w="1579" /><ent r="3" t="35" w="1601" /><ent r="3" t="35" w="1675" /><ent r="3" t="35" w="1789" /><ent r="3" t="36" w="46" /><ent r="3" t="37" w="101" /><ent r="3" t="37" w="214" /><ent r="4" t="37" w="483" /><ent r="4" t="37" w="807" /><ent r="3" t="37" w="947" /><ent r="3" t="37" w="969" /><ent r="3" t="37" w="1160" /><ent r="3" t="37" w="1238" /><ent r="3" t="37" w="1253" /><ent r="3" t="37" w="1364" /><ent r="3" t="37" w="1491" /><ent r="3" t="37" w="1639" /><ent r="3" t="37" w="1684" /><ent r="3" t="37" w="1690" /><ent r="3" t="37" w="1692" /><ent r="3" t="37" w="1696" /><ent r="3" t="37" w="1706" /><ent r="3" t="37" w="1806" /><ent r="3" t="37" w="1814" /><ent r="5" t="37" w="1831" /><ent r="4" t="37" w="1887" /><ent r="4" t="37" w="1902" /><ent r="4" t="37" w="1923" /><ent r="4" t="37" w="1969" /><ent r="3" t="37" w="2005" /><ent r="3" t="37" w="2018" /><ent r="3" t="37" w="2032" /><ent r="3" t="37" w="2091" /><ent r="3" t="37" w="2135" /><ent r="4" t="37" w="2181" /><ent r="4" t="37" w="2204" /><ent r="4" t="37" w="2222" /><ent r="4" t="37" w="2243" /><ent r="4" t="37" w="2289" /><ent r="4" t="37" w="2296" /><ent r="3" t="37" w="2320" /><ent r="3" t="37" w="2377" /><ent r="3" t="37" w="2393" /><ent r="3" t="37" w="2439" /><ent r="3" t="37" w="2464" /><ent r="3" t="37" w="2476" /><ent r="3" t="37" w="2482" /><ent r="3" t="37" w="2500" /><ent r="3" t="37" w="2556" /><ent r="4" t="37" w="2627" /><ent r="3" t="37" w="2772" /><ent r="3" t="37" w="2929" /><ent r="3" t="37" w="3028" /><ent r="3" t="37" w="3164" /><ent r="3" t="37" w="3169" /><ent r="3" t="37" w="3204" /><ent r="3" t="37" w="3258" /><ent r="3" t="37" w="3325" /><ent r="3" t="37" w="3346" /><ent r="3" t="37" w="3475" /><ent r="4" t="37" w="3664" /><ent r="3" t="37" w="3735" /><ent r="3" t="37" w="3749" /><ent r="3" t="37" w="3781" /><ent r="3" t="37" w="3784" /><ent r="3" t="37" w="3798" /><ent r="3" t="37" w="3817" /><ent r="3" t="37" w="4138" /><ent r="3" t="37" w="4160" /><ent r="3" t="37" w="4253" /><ent r="3" t="37" w="4357" /><ent r="3" t="37" w="4366" /><ent r="3" t="37" w="4387" /><ent r="3" t="37" w="4421" /><ent r="3" t="37" w="4433" /><ent r="3" t="37" w="4507" /><ent r="3" t="38" w="54" /><ent r="3" t="38" w="257" /><ent r="3" t="38" w="277" /><ent r="3" t="38" w="290" /><ent r="4" t="38" w="351" /><ent r="4" t="38" w="382" /><ent r="4" t="38" w="404" /><ent r="3" t="39" w="106" /><ent r="3" t="39" w="247" /><ent r="3" t="39" w="264" /><ent r="3" t="39" w="303" /><ent r="3" t="39" w="341" /><ent r="3" t="39" w="417" /><ent r="3" t="40" w="36" /><ent r="3" t="40" w="43" /><ent r="3" t="40" w="44" /><ent r="3" t="40" w="45" /><ent r="3" t="40" w="112" /><ent r="4" t="40" w="131" /><ent r="4" t="40" w="132" /><ent r="4" t="40" w="167" /><ent r="4" t="40" w="222" /><ent r="4" t="40" w="226" /><ent r="4" t="40" w="247" /><ent r="3" t="40" w="313" /><ent r="3" t="40" w="331" /><ent r="3" t="40" w="349" /><ent r="3" t="40" w="352" /><ent r="3" t="40" w="354" /><ent r="3" t="40" w="357" /><ent r="3" t="40" w="451" /><ent r="3" t="40" w="487" /><ent r="3" t="40" w="551" /><ent r="3" t="40" w="578" /><ent r="3" t="40" w="599" /><ent r="3" t="40" w="611" /><ent r="3" t="40" w="614" /><ent r="3" t="40" w="635" /><ent r="3" t="40" w="645" /><ent r="4" t="40" w="669" /><ent r="4" t="40" w="674" /><ent r="4" t="40" w="706" /><ent r="4" t="40" w="709" /><ent r="3" t="40" w="833" /><ent r="3" t="40" w="852" /><ent r="3" t="40" w="871" /><ent r="3" t="40" w="879" /><ent r="3" t="40" w="912" /><ent r="4" t="40" w="949" /><ent r="4" t="40" w="952" /><ent r="4" t="40" w="961" /><ent r="4" t="40" w="962" /><ent r="4" t="40" w="965" /><ent r="4" t="40" w="983" /><ent r="4" t="40" w="984" /><ent r="4" t="40" w="989" /><ent r="4" t="40" w="1026" /><ent r="3" t="40" w="1138" /><ent r="3" t="40" w="1185" /><ent r="3" t="40" w="1194" /><ent r="3" t="40" w="1212" /><ent r="3" t="40" w="1224" /><ent r="3" t="40" w="1259" /><ent r="4" t="41" w="180" /><ent r="4" t="41" w="194" /><ent r="4" t="41" w="224" /><ent r="4" t="41" w="230" /><ent r="4" t="41" w="240" /><ent r="4" t="41" w="261" /><ent r="4" t="41" w="274" /><ent r="4" t="41" w="347" /><ent r="4" t="41" w="392" /><ent r="3" t="41" w="449" /><ent r="3" t="41" w="461" /><ent r="3" t="41" w="487" /><ent r="3" t="41" w="506" /><ent r="3" t="41" w="507" /><ent r="3" t="42" w="61" /><ent r="3" t="42" w="86" /><ent r="3" t="42" w="97" /><ent r="3" t="42" w="105" /><ent r="3" t="42" w="109" /><ent r="3" t="42" w="119" /><ent r="3" t="42" w="126" /><ent r="3" t="42" w="137" /><ent r="3" t="42" w="154" /><ent r="3" t="43" w="47" /><ent r="3" t="43" w="69" /><ent r="3" t="43" w="78" /><ent r="3" t="44" w="115" /><ent r="3" t="44" w="123" /><ent r="3" t="44" w="143" /><ent r="3" t="44" w="160" /><ent r="3" t="44" w="175" /><ent r="3" t="44" w="188" /><ent r="3" t="44" w="199" /><ent r="3" t="44" w="219" /><ent r="3" t="44" w="240" /><ent r="3" t="44" w="267" /><ent r="3" t="44" w="279" /><ent r="3" t="44" w="297" /><ent r="3" t="44" w="310" /><ent r="3" t="44" w="356" /><ent r="3" t="44" w="405" /><ent r="3" t="44" w="424" /><ent r="3" t="44" w="445" /><ent r="3" t="44" w="646" /><ent r="3" t="44" w="704" /><ent r="3" t="44" w="752" /><ent r="3" t="44" w="885" /><ent r="3" t="45" w="95" /><ent r="3" t="45" w="151" /><ent r="3" t="45" w="225" /><ent r="3" t="46" w="52" /><ent r="3" t="46" w="63" /><ent r="3" t="46" w="86" /><ent r="3" t="46" w="259" /><ent r="3" t="46" w="260" /><ent r="3" t="46" w="269" /><ent r="3" t="46" w="270" /><ent r="3" t="46" w="271" /><ent r="3" t="47" w="53" /><ent r="3" t="47" w="93" /><ent r="3" t="47" w="170" /><ent r="3" t="47" w="182" /><ent r="3" t="47" w="223" /><ent r="3" t="47" w="391" /><ent r="3" t="47" w="433" /><ent r="4" t="47" w="514" /><ent r="4" t="47" w="574" /><ent r="3" t="47" w="610" /><ent r="3" t="47" w="619" /><ent r="3" t="47" w="700" /><ent r="3" t="47" w="738" /><ent r="4" t="47" w="772" /><ent r="4" t="47" w="820" /><ent r="3" t="48" w="24" /><ent r="3" t="48" w="135" /><ent r="3" t="48" w="178" /><ent r="4" t="49" w="89" /><ent r="4" t="49" w="108" /><ent r="3" t="49" w="120" /><ent r="3" t="49" w="130" /><ent r="3" t="49" w="138" /><ent r="4" t="49" w="204" /><ent r="4" t="49" w="225" /><ent r="4" t="49" w="228" /><ent r="4" t="49" w="229" /><ent r="4" t="49" w="239" /><ent r="4" t="49" w="301" /><ent r="4" t="49" w="328" /><ent r="4" t="49" w="397" /><ent r="4" t="49" w="399" /><ent r="3" t="49" w="451" /><ent r="3" t="49" w="455" /><ent r="3" t="49" w="461" /><ent r="3" t="49" w="467" /><ent r="3" t="49" w="496" /><ent r="3" t="49" w="568" /><ent r="3" t="49" w="740" /><ent r="3" t="49" w="832" /><ent r="3" t="49" w="930" /><ent r="4" t="50" w="58" /><ent r="4" t="50" w="69" /><ent r="4" t="50" w="105" /><ent r="4" t="50" w="121" /><ent r="4" t="50" w="209" /><ent r="3" t="50" w="235" /><ent r="4" t="50" w="287" /><ent r="3" t="51" w="41" /><ent r="3" t="51" w="80" /><ent r="3" t="51" w="118" /><ent r="3" t="52" w="20" /><ent r="3" t="52" w="42" /><ent r="3" t="52" w="62" /><ent r="3" t="52" w="114" /><ent r="3" t="53" w="57" /><ent r="3" t="54" w="21" /><ent r="3" t="54" w="47" /><ent r="3" t="54" w="116" /><ent r="3" t="54" w="251" /><ent r="3" t="54" w="262" /><ent r="93" t="54" w="277" /><ent r="3" t="54" w="318" /><ent r="3" t="54" w="412" /><ent r="3" t="54" w="421" /><ent r="93" t="54" w="444" /><ent r="3" t="54" w="475" /><ent r="3" t="54" w="531" /><ent r="3" t="54" w="576" /><ent r="3" t="54" w="583" /><ent r="3" t="55" w="51" /><ent r="3" t="55" w="56" /><ent r="3" t="55" w="84" /><ent r="4" t="55" w="170" /><ent r="4" t="55" w="171" /><ent r="4" t="55" w="209" /><ent r="4" t="55" w="230" /><ent r="4" t="55" w="343" /><ent r="3" t="55" w="416" /><ent r="3" t="55" w="439" /><ent r="3" t="55" w="545" /><ent r="3" t="55" w="605" /><ent r="4" t="55" w="739" /><ent r="4" t="55" w="762" /><ent r="4" t="55" w="798" /><ent r="4" t="55" w="819" /><ent r="3" t="55" w="1150" /><ent r="4" t="55" w="1186" /><ent r="4" t="55" w="1209" /><ent r="4" t="55" w="1237" /><ent r="3" t="56" w="26" /><ent r="3" t="56" w="39" /><ent r="3" t="56" w="55" /><ent r="3" t="56" w="67" /><ent r="3" t="56" w="95" /><ent r="3" t="56" w="154" /><ent r="3" t="56" w="226" /><ent r="3" t="56" w="228" /><ent r="3" t="56" w="230" /><ent r="3" t="56" w="232" /><ent r="3" t="56" w="234" /><ent r="3" t="56" w="236" /><ent r="3" t="56" w="238" /><ent r="3" t="56" w="240" /><ent r="3" t="56" w="242" /><ent r="3" t="56" w="244" /><ent r="3" t="56" w="246" /><ent r="3" t="56" w="248" /><ent r="3" t="56" w="256" /><ent r="3" t="56" w="258" /><ent r="3" t="56" w="260" /><ent r="3" t="56" w="262" /><ent r="3" t="56" w="443" /><ent r="3" t="56" w="494" /><ent r="3" t="56" w="720" /><ent r="3" t="56" w="727" /><ent r="3" t="57" w="20" /><ent r="4" t="57" w="123" /><ent r="4" t="57" w="124" /><ent r="3" t="57" w="143" /><ent r="3" t="58" w="51" /><ent r="3" t="58" w="154" /><ent r="3" t="58" w="162" /><ent r="3" t="58" w="319" /><ent r="3" t="59" w="178" /><ent r="3" t="59" w="262" /><ent r="3" t="59" w="267" /><ent r="3" t="59" w="268" /><ent r="3" t="59" w="319" /><ent r="3" t="59" w="333" /><ent r="4" t="60" w="93" /><ent r="4" t="60" w="101" /><ent r="3" t="60" w="178" /><ent r="3" t="61" w="109" /><ent r="3" t="61" w="142" /><ent r="3" t="61" w="253" /><ent r="3" t="61" w="254" /><ent r="3" t="61" w="255" /><ent r="3" t="61" w="256" /><ent r="4" t="61" w="425" /><ent r="4" t="61" w="454" /><ent r="3" t="61" w="841" /><ent r="3" t="61" w="888" /><ent r="3" t="61" w="889" /><ent r="3" t="61" w="890" /><ent r="3" t="61" w="891" /><ent r="3" t="61" w="894" /><ent r="3" t="61" w="895" /><ent r="3" t="61" w="896" /><ent r="3" t="61" w="897" /><ent r="3" t="61" w="898" /><ent r="3" t="61" w="899" /><ent r="3" t="61" w="902" /><ent r="3" t="61" w="903" /><ent r="3" t="61" w="1011" /><ent r="3" t="61" w="1012" /><ent r="3" t="61" w="1013" /><ent r="3" t="61" w="1019" /><ent r="3" t="61" w="1022" /><ent r="3" t="61" w="1109" /><ent r="3" t="61" w="1110" /><ent r="3" t="61" w="1112" /><ent r="3" t="61" w="1142" /><ent r="3" t="61" w="1143" /><ent r="3" t="61" w="1148" /><ent r="3" t="61" w="1171" /><ent r="3" t="61" w="1172" /><ent r="3" t="61" w="1175" /><ent r="3" t="61" w="1192" /><ent r="3" t="61" w="1193" /><ent r="3" t="61" w="1196" /><ent r="3" t="61" w="1215" /><ent r="3" t="61" w="1216" /><ent r="3" t="61" w="1257" /><ent r="3" t="61" w="1325" /><ent r="3" t="61" w="1326" /><ent r="3" t="61" w="1327" /><ent r="3" t="61" w="1330" /><ent r="3" t="61" w="1381" /><ent r="3" t="62" w="55" /><ent r="3" t="62" w="79" /><ent r="3" t="62" w="108" /><ent r="3" t="62" w="131" /><ent r="3" t="62" w="145" /><ent r="3" t="64" w="57" /><ent r="3" t="64" w="74" /><ent r="3" t="64" w="92" /><ent r="3" t="64" w="172" /><ent r="3" t="64" w="179" /><ent r="3" t="64" w="206" /><ent r="3" t="64" w="232" /><ent r="3" t="64" w="263" /><ent r="3" t="64" w="282" /><ent r="3" t="64" w="297" /><ent r="3" t="64" w="306" /><ent r="3" t="64" w="322" /><ent r="3" t="64" w="337" /><ent r="3" t="64" w="351" /><ent r="3" t="64" w="379" /><ent r="3" t="65" w="35" /><ent r="3" t="65" w="91" /><ent r="3" t="65" w="284" /><ent r="4" t="65" w="352" /><ent r="4" t="65" w="369" /><ent r="3" t="66" w="18" /><ent r="3" t="66" w="62" /><ent r="4" t="66" w="106" /><ent r="4" t="66" w="131" /><ent r="4" t="66" w="162" /><ent r="4" t="66" w="169" /><ent r="4" t="66" w="174" /><ent r="4" t="66" w="185" /><ent r="3" t="66" w="248" /><ent r="3" t="66" w="261" /><ent r="3" t="66" w="267" /><ent r="3" t="66" w="370" /><ent r="3" t="66" w="390" /><ent r="3" t="66" w="391" /><ent r="3" t="66" w="420" /><ent r="3" t="66" w="456" /><ent r="3" t="66" w="460" /><ent r="3" t="66" w="502" /><ent r="4" t="66" w="557" /><ent r="3" t="66" w="657" /><ent r="3" t="66" w="658" /><ent r="3" t="66" w="668" /><ent r="3" t="66" w="669" /><ent r="3" t="66" w="670" /><ent r="3" t="67" w="21" /><ent r="3" t="67" w="53" /><ent r="4" t="67" w="199" /><ent r="4" t="67" w="201" /><ent r="6" t="68" w="99" /><ent r="6" t="68" w="280" /><ent r="6" t="68" w="326" /><ent r="7" t="68" w="415" /><ent r="7" t="68" w="436" /><ent r="7" t="68" w="469" /><ent r="7" t="68" w="476" /><ent r="7" t="68" w="500" /><ent r="7" t="68" w="507" /><ent r="7" t="68" w="520" /><ent r="7" t="68" w="539" /><ent r="7" t="68" w="586" /><ent r="6" t="68" w="644" /><ent r="6" t="68" w="647" /><ent r="6" t="68" w="790" /><ent r="3" t="69" w="31" /><ent r="3" t="69" w="87" /><ent r="3" t="69" w="94" /><ent r="3" t="69" w="129" /><ent r="3" t="69" w="147" /><ent r="3" t="69" w="163" /><ent r="3" t="69" w="199" /><ent r="3" t="70" w="33" /><ent r="3" t="70" w="196" /><ent r="3" t="70" w="230" /><ent r="6" t="70" w="283" /><ent r="7" t="70" w="328" /><ent r="6" t="70" w="362" /><ent r="6" t="70" w="363" /><ent r="6" t="70" w="392" /><ent r="6" t="70" w="395" /><ent r="6" t="70" w="493" /><ent r="6" t="70" w="538" /><ent r="6" t="70" w="553" /><ent r="6" t="70" w="593" /><ent r="6" t="70" w="619" /><ent r="6" t="70" w="681" /><ent r="6" t="70" w="683" /><ent r="6" t="70" w="825" /><ent r="6" t="70" w="900" /><ent r="6" t="70" w="923" /><ent r="6" t="70" w="964" /><ent r="6" t="70" w="967" /><ent r="6" t="70" w="970" /><ent r="6" t="70" w="973" /><ent r="6" t="70" w="976" /><ent r="6" t="70" w="979" /><ent r="6" t="70" w="988" /><ent r="6" t="70" w="1003" /><ent r="7" t="70" w="1188" /><ent r="6" t="70" w="1208" /><ent r="6" t="70" w="1245" /><ent r="6" t="70" w="1270" /><ent r="6" t="70" w="1302" /><ent r="6" t="70" w="1330" /><ent r="6" t="70" w="1377" /><ent r="6" t="70" w="1378" /><ent r="6" t="70" w="1399" /><ent r="6" t="70" w="1418" /><ent r="6" t="70" w="1419" /><ent r="6" t="70" w="1448" /><ent r="6" t="70" w="1539" /><ent r="5" t="70" w="1744" /><ent r="3" t="70" w="1785" /><ent r="3" t="70" w="1787" /><ent r="6" t="70" w="1930" /><ent r="6" t="70" w="1931" /><ent r="6" t="70" w="1932" /><ent r="6" t="70" w="1982" /><ent r="6" t="70" w="1986" /><ent r="6" t="70" w="2027" /><ent r="6" t="70" w="2045" /><ent r="6" t="70" w="2048" /><ent r="6" t="70" w="2113" /><ent r="6" t="70" w="2116" /><ent r="6" t="70" w="2374" /><ent r="6" t="70" w="2436" /><ent r="6" t="70" w="2459" /><ent r="3" t="71" w="53" /><ent r="3" t="71" w="138" /><ent r="3" t="71" w="174" /><ent r="3" t="71" w="276" /><ent r="3" t="71" w="333" /><ent r="3" t="71" w="367" /><ent r="3" t="71" w="374" /><ent r="3" t="71" w="415" /><ent r="3" t="71" w="451" /><ent r="3" t="73" w="23" /><ent r="4" t="73" w="83" /><ent r="3" t="74" w="35" /><ent r="3" t="74" w="52" /><ent r="3" t="74" w="74" /><ent r="3" t="75" w="14" /><ent r="3" t="77" w="34" /><ent r="3" t="77" w="37" /><ent r="4" t="77" w="81" /><ent r="4" t="77" w="108" /><ent r="4" t="77" w="129" /><ent r="5" t="77" w="163" /><ent r="5" t="77" w="168" /><ent r="4" t="77" w="180" /><ent r="4" t="77" w="230" /><ent r="4" t="77" w="232" /><ent r="4" t="77" w="233" /><ent r="4" t="77" w="246" /><ent r="4" t="77" w="247" /><ent r="4" t="77" w="248" /><ent r="5" t="77" w="258" /><ent r="5" t="77" w="269" /><ent r="4" t="78" w="91" /><ent r="4" t="78" w="102" /><ent r="4" t="78" w="107" /><ent r="4" t="78" w="129" /><ent r="3" t="78" w="149" /><ent r="3" t="78" w="209" /></phr></stem></index>