<?xml version="1.0" encoding="utf-8"?><index><stem n="resourc"><phr n="resources"><ent r="3" t="0" w="215" /></phr><phr n="Resources"><ent r="6" t="9" w="1164" /></phr></stem><stem n="pleas"><phr n="Please"><ent r="3" t="0" w="217" /><ent r="3" t="14" w="71" /><ent r="3" t="20" w="306" /><ent r="3" t="26" w="1015" /><ent r="3" t="27" w="27" /><ent r="3" t="39" w="107" /><ent r="3" t="46" w="238" /><ent r="3" t="49" w="497" /><ent r="3" t="62" w="124" /><ent r="3" t="75" w="19" /></phr><phr n="please"><ent r="3" t="3" w="566" /><ent r="3" t="52" w="62" /></phr></stem><stem n="give"><phr n="give"><ent r="3" t="0" w="218" /><ent r="3" t="21" w="35" /><ent r="3" t="28" w="48" /><ent r="3" t="37" w="1606" /><ent r="3" t="46" w="40" /><ent r="6" t="68" w="176" /><ent r="6" t="68" w="234" /></phr><phr n="gives"><ent r="3" t="16" w="1801" /><ent r="3" t="19" w="283" /><ent r="3" t="34" w="437" /><ent r="4" t="49" w="183" /><ent r="4" t="57" w="68" /><ent r="4" t="57" w="82" /></phr><phr n="giving"><ent r="3" t="37" w="1286" /></phr></stem><stem n="comment"><phr n="comments"><ent r="3" t="0" w="220" /><ent r="3" t="4" w="705" /><ent r="3" t="4" w="713" /><ent r="3" t="12" w="25" /><ent r="3" t="12" w="38" /><ent r="4" t="35" w="374" /><ent r="3" t="35" w="450" /><ent r="3" t="35" w="1631" /><ent r="3" t="35" w="1733" /><ent r="3" t="35" w="1739" /></phr><phr n="Comments"><ent r="64" t="4" w="696" /><ent r="1000" t="12" w="2" /><ent r="100" t="12" w="5" /><ent r="102" t="12" w="8" /><ent r="3" t="12" w="12" /><ent r="92" t="12" w="109" /><ent r="100" t="35" w="229" /><ent r="100" t="35" w="231" /><ent r="100" t="35" w="233" /><ent r="65" t="35" w="237" /><ent r="92" t="35" w="1620" /></phr><phr n="comment"><ent r="3" t="4" w="707" /><ent r="3" t="12" w="54" /><ent r="3" t="12" w="73" /><ent r="3" t="12" w="91" /><ent r="3" t="12" w="116" /><ent r="3" t="12" w="138" /><ent r="4" t="21" w="642" /><ent r="4" t="35" w="1649" /><ent r="4" t="35" w="1655" /><ent r="3" t="35" w="1729" /><ent r="3" t="35" w="1746" /><ent r="4" t="35" w="1758" /><ent r="4" t="35" w="1777" /><ent r="3" t="35" w="1788" /><ent r="3" t="37" w="4312" /></phr><phr n="Comment"><ent r="82" t="35" w="1721" /></phr></stem><stem n="address"><phr n="address"><ent r="3" t="0" w="223" /><ent r="6" t="5" w="482" /><ent r="6" t="5" w="493" /><ent r="6" t="5" w="640" /><ent r="6" t="5" w="648" /><ent r="3" t="5" w="774" /><ent r="5" t="13" w="135" /><ent r="5" t="13" w="139" /><ent r="5" t="13" w="169" /><ent r="5" t="13" w="327" /><ent r="5" t="13" w="653" /><ent r="5" t="13" w="663" /><ent r="5" t="13" w="885" /><ent r="5" t="13" w="895" /><ent r="5" t="13" w="1002" /><ent r="5" t="13" w="1031" /><ent r="5" t="13" w="1299" /><ent r="3" t="14" w="174" /><ent r="3" t="14" w="799" /><ent r="3" t="14" w="1002" /><ent r="6" t="16" w="883" /><ent r="6" t="16" w="893" /><ent r="4" t="19" w="1401" /><ent r="3" t="20" w="345" /><ent r="3" t="22" w="1303" /><ent r="3" t="27" w="111" /><ent r="3" t="28" w="88" /><ent r="3" t="28" w="107" /><ent r="3" t="28" w="117" /><ent r="4" t="29" w="338" /><ent r="4" t="29" w="354" /><ent r="4" t="31" w="312" /><ent r="3" t="32" w="138" /><ent r="3" t="32" w="403" /><ent r="3" t="32" w="558" /><ent r="3" t="33" w="322" /><ent r="3" t="39" w="154" /><ent r="3" t="41" w="409" /><ent r="3" t="44" w="469" /><ent r="3" t="44" w="498" /><ent r="3" t="44" w="728" /><ent r="3" t="44" w="749" /><ent r="3" t="44" w="783" /><ent r="3" t="45" w="27" /><ent r="3" t="45" w="33" /><ent r="3" t="45" w="121" /><ent r="3" t="46" w="317" /><ent r="3" t="46" w="450" /><ent r="3" t="46" w="468" /><ent r="3" t="46" w="485" /><ent r="3" t="47" w="119" /><ent r="4" t="47" w="353" /><ent r="3" t="48" w="47" /><ent r="3" t="48" w="134" /><ent r="3" t="49" w="530" /><ent r="4" t="50" w="158" /><ent r="100" t="55" w="120" /><ent r="100" t="55" w="127" /><ent r="3" t="55" w="148" /><ent r="5" t="55" w="323" /><ent r="4" t="55" w="328" /><ent r="3" t="55" w="487" /><ent r="3" t="55" w="531" /><ent r="3" t="55" w="591" /><ent r="3" t="56" w="226" /><ent r="3" t="56" w="297" /><ent r="3" t="56" w="300" /><ent r="3" t="58" w="150" /><ent r="3" t="58" w="184" /><ent r="3" t="59" w="251" /><ent r="3" t="60" w="177" /><ent r="3" t="60" w="195" /><ent r="4" t="66" w="168" /><ent r="6" t="70" w="704" /><ent r="6" t="70" w="728" /><ent r="6" t="70" w="741" /><ent r="6" t="70" w="747" /><ent r="6" t="70" w="761" /><ent r="6" t="70" w="774" /><ent r="6" t="70" w="888" /></phr><phr n="Address"><ent r="100" t="5" w="479" /><ent r="3" t="19" w="318" /><ent r="3" t="19" w="674" /><ent r="3" t="19" w="1118" /><ent r="3" t="19" w="1355" /><ent r="3" t="19" w="1361" /><ent r="72" t="24" w="1573" /><ent r="3" t="28" w="80" /><ent r="3" t="29" w="682" /><ent r="3" t="29" w="688" /><ent r="5" t="31" w="304" /><ent r="3" t="32" w="1306" /><ent r="3" t="32" w="1311" /><ent r="100" t="39" w="151" /><ent r="3" t="55" w="363" /><ent r="3" t="59" w="270" /></phr><phr n="addresses"><ent r="3" t="19" w="1335" /><ent r="3" t="19" w="1338" /></phr><phr n="ADDRESS"><ent r="5" t="41" w="362" /><ent r="3" t="41" w="402" /><ent r="3" t="44" w="519" /><ent r="3" t="45" w="177" /><ent r="3" t="46" w="383" /><ent r="3" t="47" w="103" /><ent r="4" t="47" w="337" /><ent r="100" t="47" w="363" /><ent r="3" t="48" w="126" /><ent r="3" t="48" w="193" /></phr></stem><stem n="list"><phr n="listed"><ent r="3" t="0" w="224" /><ent r="3" t="3" w="278" /><ent r="3" t="8" w="346" /><ent r="3" t="13" w="42" /><ent r="3" t="13" w="495" /><ent r="4" t="22" w="257" /><ent r="3" t="22" w="984" /><ent r="3" t="22" w="1078" /><ent r="3" t="45" w="142" /><ent r="3" t="59" w="171" /><ent r="6" t="70" w="416" /></phr><phr n="list"><ent r="6" t="5" w="488" /><ent r="100" t="5" w="503" /><ent r="4" t="8" w="173" /><ent r="3" t="13" w="18" /><ent r="5" t="13" w="673" /><ent r="4" t="21" w="558" /><ent r="3" t="22" w="41" /><ent r="5" t="22" w="243" /><ent r="4" t="22" w="250" /><ent r="3" t="22" w="282" /><ent r="3" t="22" w="583" /><ent r="4" t="22" w="802" /><ent r="3" t="22" w="942" /><ent r="3" t="23" w="49" /><ent r="4" t="23" w="268" /><ent r="3" t="26" w="839" /><ent r="3" t="26" w="870" /><ent r="4" t="29" w="109" /><ent r="4" t="29" w="114" /><ent r="4" t="29" w="140" /><ent r="4" t="29" w="408" /><ent r="3" t="29" w="1029" /><ent r="3" t="29" w="1079" /><ent r="3" t="37" w="82" /><ent r="4" t="40" w="732" /><ent r="4" t="47" w="580" /><ent r="64" t="53" w="42" /><ent r="3" t="58" w="126" /><ent r="3" t="59" w="166" /><ent r="3" t="59" w="190" /><ent r="3" t="59" w="226" /><ent r="3" t="59" w="255" /><ent r="3" t="60" w="170" /><ent r="3" t="61" w="551" /><ent r="3" t="61" w="578" /><ent r="3" t="61" w="1003" /><ent r="3" t="64" w="302" /><ent r="3" t="64" w="321" /><ent r="6" t="70" w="250" /><ent r="6" t="70" w="350" /><ent r="6" t="70" w="410" /><ent r="6" t="70" w="433" /><ent r="6" t="70" w="452" /><ent r="6" t="70" w="469" /><ent r="6" t="70" w="486" /><ent r="6" t="70" w="544" /><ent r="6" t="70" w="559" /><ent r="6" t="70" w="614" /><ent r="6" t="70" w="951" /><ent r="6" t="70" w="994" /><ent r="6" t="70" w="1009" /><ent r="6" t="70" w="1024" /><ent r="6" t="70" w="1690" /><ent r="5" t="70" w="1736" /><ent r="3" t="71" w="194" /></phr><phr n="lists"><ent r="3" t="8" w="363" /><ent r="3" t="54" w="262" /><ent r="3" t="66" w="665" /><ent r="7" t="70" w="337" /><ent r="6" t="70" w="621" /></phr><phr n="List"><ent r="64" t="21" w="768" /><ent r="3" t="22" w="61" /><ent r="3" t="22" w="999" /><ent r="3" t="22" w="1038" /><ent r="3" t="22" w="1093" /><ent r="3" t="22" w="1100" /><ent r="1000" t="23" w="4" /><ent r="102" t="23" w="9" /><ent r="3" t="23" w="181" /><ent r="3" t="29" w="186" /><ent r="82" t="29" w="416" /><ent r="3" t="29" w="425" /><ent r="4" t="29" w="450" /><ent r="4" t="29" w="466" /><ent r="4" t="29" w="482" /><ent r="3" t="29" w="520" /><ent r="3" t="29" w="604" /><ent r="3" t="29" w="710" /><ent r="3" t="29" w="834" /><ent r="3" t="29" w="868" /><ent r="3" t="29" w="890" /><ent r="5" t="31" w="234" /><ent r="4" t="31" w="241" /><ent r="3" t="32" w="265" /><ent r="3" t="32" w="1326" /><ent r="3" t="32" w="1591" /><ent r="3" t="32" w="1641" /><ent r="100" t="37" w="42" /><ent r="100" t="37" w="920" /><ent r="3" t="37" w="1596" /></phr><phr n="listing"><ent r="4" t="41" w="207" /><ent r="3" t="58" w="196" /><ent r="3" t="58" w="236" /></phr></stem><stem n="below"><phr n="below"><ent r="3" t="0" w="225" /><ent r="3" t="3" w="279" /><ent r="3" t="4" w="36" /><ent r="3" t="4" w="779" /><ent r="6" t="5" w="339" /><ent r="6" t="5" w="391" /><ent r="3" t="7" w="39" /><ent r="3" t="7" w="583" /><ent r="3" t="8" w="57" /><ent r="4" t="8" w="178" /><ent r="3" t="10" w="139" /><ent r="5" t="11" w="291" /><ent r="5" t="13" w="397" /><ent r="3" t="13" w="496" /><ent r="3" t="13" w="618" /><ent r="3" t="13" w="2545" /><ent r="3" t="14" w="38" /><ent r="3" t="14" w="718" /><ent r="3" t="14" w="853" /><ent r="4" t="15" w="201" /><ent r="65" t="16" w="509" /><ent r="6" t="16" w="571" /><ent r="6" t="16" w="815" /><ent r="6" t="16" w="916" /><ent r="4" t="16" w="1035" /><ent r="3" t="16" w="1702" /><ent r="3" t="19" w="89" /><ent r="3" t="19" w="1558" /><ent r="3" t="20" w="288" /><ent r="3" t="22" w="1208" /><ent r="3" t="23" w="94" /><ent r="4" t="24" w="280" /><ent r="4" t="24" w="870" /><ent r="3" t="24" w="931" /><ent r="3" t="24" w="2740" /><ent r="3" t="28" w="215" /><ent r="3" t="31" w="156" /><ent r="3" t="32" w="422" /><ent r="3" t="32" w="575" /><ent r="3" t="34" w="865" /><ent r="3" t="35" w="57" /><ent r="3" t="35" w="645" /><ent r="4" t="35" w="863" /><ent r="4" t="40" w="1008" /><ent r="3" t="40" w="1196" /><ent r="4" t="41" w="153" /><ent r="4" t="41" w="240" /><ent r="4" t="41" w="260" /><ent r="4" t="41" w="392" /><ent r="3" t="42" w="108" /><ent r="4" t="46" w="148" /><ent r="4" t="46" w="179" /><ent r="3" t="47" w="693" /><ent r="3" t="48" w="110" /><ent r="4" t="49" w="315" /><ent r="3" t="49" w="454" /><ent r="3" t="55" w="90" /><ent r="4" t="55" w="821" /><ent r="3" t="58" w="139" /><ent r="3" t="64" w="180" /><ent r="3" t="68" w="58" /><ent r="3" t="70" w="209" /><ent r="6" t="70" w="1441" /><ent r="3" t="71" w="52" /></phr><phr n="Below"><ent r="3" t="22" w="1132" /><ent r="3" t="29" w="884" /><ent r="3" t="72" w="80" /></phr></stem><stem n="thank"><phr n="Thanks"><ent r="3" t="0" w="226" /></phr></stem><stem n="!"><phr n="!"><ent r="3" t="0" w="227" /><ent r="6" t="11" w="296" /></phr></stem><stem n="dartwar"><phr n="Dartware"><ent r="64" t="0" w="228" /><ent r="3" t="1" w="26" /><ent r="3" t="1" w="37" /><ent r="3" t="1" w="114" /><ent r="3" t="1" w="319" /><ent r="3" t="1" w="331" /><ent r="3" t="1" w="359" /><ent r="3" t="1" w="385" /><ent r="3" t="1" w="403" /><ent r="3" t="1" w="573" /><ent r="3" t="1" w="695" /><ent r="3" t="1" w="714" /><ent r="3" t="1" w="725" /><ent r="3" t="2" w="12" /><ent r="3" t="5" w="75" /><ent r="6" t="5" w="275" /><ent r="3" t="5" w="1380" /><ent r="3" t="9" w="18" /><ent r="3" t="14" w="744" /><ent r="3" t="24" w="1152" /><ent r="3" t="24" w="1156" /><ent r="3" t="24" w="1372" /><ent r="3" t="24" w="1375" /><ent r="3" t="24" w="1378" /><ent r="3" t="24" w="1382" /><ent r="3" t="24" w="1419" /><ent r="3" t="24" w="1423" /><ent r="3" t="24" w="1427" /><ent r="3" t="24" w="1599" /><ent r="3" t="28" w="316" /><ent r="3" t="32" w="40" /><ent r="3" t="32" w="387" /><ent r="3" t="32" w="1162" /><ent r="1000" t="33" w="2" /><ent r="100" t="33" w="5" /><ent r="102" t="33" w="9" /><ent r="3" t="33" w="20" /><ent r="3" t="33" w="39" /><ent r="3" t="33" w="61" /><ent r="3" t="33" w="92" /><ent r="3" t="33" w="96" /><ent r="100" t="39" w="38" /><ent r="100" t="39" w="42" /><ent r="100" t="39" w="56" /><ent r="3" t="39" w="73" /><ent r="3" t="39" w="105" /><ent r="3" t="44" w="444" /><ent r="3" t="44" w="703" /><ent r="3" t="45" w="94" /><ent r="3" t="46" w="259" /><ent r="3" t="46" w="269" /><ent r="3" t="48" w="23" /><ent r="3" t="49" w="495" /><ent r="3" t="52" w="111" /><ent r="3" t="61" w="81" /><ent r="3" t="78" w="192" /></phr><phr n="dartware"><ent r="100" t="5" w="285" /><ent r="6" t="5" w="289" /><ent r="100" t="5" w="316" /><ent r="6" t="5" w="345" /><ent r="3" t="5" w="751" /><ent r="100" t="5" w="1262" /><ent r="4" t="5" w="1307" /><ent r="100" t="5" w="1354" /><ent r="5" t="5" w="1359" /><ent r="3" t="5" w="1419" /><ent r="5" t="9" w="54" /><ent r="5" t="9" w="115" /><ent r="5" t="9" w="137" /><ent r="5" t="9" w="196" /><ent r="5" t="9" w="262" /><ent r="5" t="9" w="337" /><ent r="5" t="9" w="393" /><ent r="5" t="9" w="448" /><ent r="5" t="9" w="541" /><ent r="5" t="9" w="599" /><ent r="5" t="9" w="654" /><ent r="5" t="9" w="759" /><ent r="5" t="9" w="790" /><ent r="5" t="9" w="820" /><ent r="5" t="9" w="844" /><ent r="5" t="9" w="882" /><ent r="5" t="9" w="912" /><ent r="5" t="9" w="943" /><ent r="5" t="9" w="999" /><ent r="5" t="9" w="1043" /><ent r="5" t="9" w="1088" /><ent r="5" t="9" w="1131" /><ent r="5" t="9" w="1167" /><ent r="5" t="9" w="1191" /><ent r="5" t="9" w="1230" /><ent r="5" t="9" w="1270" /><ent r="5" t="9" w="1309" /><ent r="5" t="9" w="1347" /><ent r="5" t="9" w="1386" /><ent r="5" t="9" w="1425" /><ent r="5" t="9" w="1465" /><ent r="5" t="9" w="1504" /><ent r="5" t="9" w="1538" /><ent r="5" t="9" w="1556" /><ent r="5" t="9" w="1574" /><ent r="5" t="9" w="1592" /><ent r="5" t="9" w="1611" /><ent r="5" t="9" w="1629" /><ent r="3" t="14" w="58" /><ent r="3" t="14" w="157" /><ent r="3" t="14" w="736" /><ent r="3" t="14" w="785" /><ent r="3" t="20" w="295" /><ent r="3" t="20" w="331" /><ent r="3" t="22" w="1289" /><ent r="3" t="27" w="15" /><ent r="3" t="27" w="97" /><ent r="3" t="32" w="26" /><ent r="3" t="32" w="126" /><ent r="3" t="33" w="85" /><ent r="3" t="33" w="117" /><ent r="3" t="33" w="165" /><ent r="3" t="33" w="372" /><ent r="100" t="39" w="85" /><ent r="100" t="39" w="91" /><ent r="3" t="39" w="98" /><ent r="3" t="39" w="130" /><ent r="4" t="44" w="215" /><ent r="4" t="44" w="286" /><ent r="3" t="44" w="436" /><ent r="3" t="44" w="456" /><ent r="3" t="44" w="715" /><ent r="3" t="45" w="88" /><ent r="3" t="45" w="106" /><ent r="3" t="46" w="226" /><ent r="3" t="46" w="305" /><ent r="3" t="48" w="17" /><ent r="3" t="48" w="35" /><ent r="3" t="49" w="488" /><ent r="3" t="49" w="517" /><ent r="64" t="52" w="82" /><ent r="65" t="52" w="129" /><ent r="3" t="54" w="134" /><ent r="3" t="61" w="311" /><ent r="3" t="61" w="390" /><ent r="64" t="62" w="116" /><ent r="64" t="63" w="44" /><ent r="64" t="75" w="31" /><ent r="100" t="78" w="74" /><ent r="4" t="78" w="119" /><ent r="100" t="78" w="166" /><ent r="5" t="78" w="171" /><ent r="3" t="78" w="231" /></phr><phr n="DARTWARE"><ent r="3" t="33" w="47" /><ent r="3" t="33" w="66" /></phr></stem><stem n="llc"><phr n="LLC"><ent r="64" t="0" w="229" /><ent r="3" t="1" w="27" /><ent r="3" t="1" w="115" /><ent r="3" t="1" w="320" /><ent r="3" t="1" w="332" /><ent r="3" t="1" w="360" /><ent r="3" t="1" w="386" /><ent r="3" t="1" w="404" /><ent r="3" t="1" w="574" /><ent r="3" t="1" w="696" /><ent r="3" t="1" w="715" /><ent r="3" t="1" w="726" /><ent r="3" t="2" w="13" /><ent r="6" t="5" w="276" /><ent r="3" t="14" w="745" /><ent r="3" t="32" w="41" /><ent r="3" t="33" w="21" /><ent r="3" t="33" w="62" /><ent r="3" t="33" w="93" /><ent r="3" t="33" w="97" /><ent r="3" t="39" w="106" /><ent r="3" t="44" w="445" /><ent r="3" t="44" w="704" /><ent r="3" t="45" w="95" /><ent r="3" t="46" w="260" /><ent r="3" t="46" w="270" /><ent r="3" t="48" w="24" /><ent r="3" t="49" w="496" /></phr></stem><stem n="feedback"><phr n="Feedback"><ent r="64" t="0" w="232" /></phr></stem><stem n="softwar"><phr n="Software"><ent r="1000" t="1" w="1" /><ent r="100" t="1" w="8" /><ent r="102" t="1" w="12" /><ent r="3" t="1" w="44" /><ent r="3" t="1" w="55" /><ent r="3" t="1" w="110" /><ent r="3" t="1" w="138" /><ent r="3" t="1" w="166" /><ent r="3" t="1" w="188" /><ent r="3" t="1" w="215" /><ent r="3" t="1" w="226" /><ent r="3" t="1" w="240" /><ent r="3" t="1" w="252" /><ent r="3" t="1" w="264" /><ent r="3" t="1" w="437" /><ent r="3" t="1" w="460" /><ent r="3" t="1" w="470" /><ent r="3" t="1" w="476" /><ent r="3" t="1" w="487" /><ent r="3" t="1" w="510" /><ent r="3" t="1" w="532" /><ent r="3" t="2" w="14" /></phr><phr n="SOFTWARE"><ent r="3" t="1" w="59" /><ent r="3" t="1" w="66" /><ent r="3" t="1" w="96" /></phr><phr n="software"><ent r="3" t="1" w="179" /><ent r="3" t="1" w="283" /><ent r="3" t="1" w="295" /><ent r="3" t="1" w="340" /></phr></stem><stem n="licens"><phr n="License"><ent r="1000" t="1" w="2" /><ent r="102" t="1" w="13" /><ent r="92" t="1" w="152" /></phr><phr n="licensed"><ent r="3" t="1" w="130" /></phr><phr n="license"><ent r="3" t="1" w="155" /><ent r="3" t="1" w="329" /></phr><phr n="Licenses"><ent r="1000" t="2" w="3" /><ent r="102" t="2" w="7" /><ent r="64" t="2" w="40" /></phr></stem><stem n="agreement"><phr n="Agreement"><ent r="1000" t="1" w="3" /><ent r="100" t="1" w="10" /><ent r="102" t="1" w="14" /><ent r="3" t="1" w="586" /><ent r="3" t="1" w="613" /><ent r="3" t="1" w="624" /><ent r="3" t="1" w="647" /></phr><phr n="agreement"><ent r="3" t="1" w="22" /><ent r="3" t="1" w="51" /><ent r="3" t="1" w="234" /><ent r="3" t="1" w="665" /><ent r="3" t="1" w="691" /><ent r="3" t="1" w="723" /></phr><phr n="AGREEMENT"><ent r="3" t="1" w="80" /><ent r="3" t="1" w="91" /></phr><phr n="agreements"><ent r="3" t="1" w="703" /></phr></stem><stem n="copi"><phr n="Copy"><ent r="100" t="1" w="7" /><ent r="100" t="1" w="105" /><ent r="3" t="32" w="708" /></phr><phr n="COPIES"><ent r="3" t="1" w="100" /></phr><phr n="copy"><ent r="3" t="1" w="163" /><ent r="3" t="1" w="176" /><ent r="3" t="3" w="336" /><ent r="3" t="28" w="92" /><ent r="3" t="28" w="137" /><ent r="3" t="32" w="1173" /><ent r="4" t="35" w="850" /><ent r="3" t="49" w="451" /><ent r="3" t="61" w="51" /><ent r="7" t="68" w="409" /><ent r="7" t="68" w="452" /><ent r="7" t="68" w="486" /><ent r="7" t="68" w="511" /><ent r="6" t="70" w="787" /><ent r="3" t="75" w="20" /></phr><phr n="copies"><ent r="3" t="1" w="249" /></phr><phr n="copied"><ent r="4" t="50" w="114" /></phr><phr n="copying"><ent r="3" t="75" w="8" /></phr></stem><stem n=":softwar"><phr n=":Software"><ent r="100" t="1" w="8" /></phr></stem><stem n="intermapper®"><phr n="InterMapper®"><ent r="100" t="1" w="16" /><ent r="3" t="1" w="32" /></phr></stem><stem n="legal"><phr n="legal"><ent r="3" t="1" w="21" /><ent r="3" t="17" w="351" /></phr></stem><stem n="cover"><phr n="covering"><ent r="3" t="1" w="28" /></phr><phr n="covers"><ent r="3" t="49" w="119" /></phr></stem><stem n="remoteaccess™"><phr n="RemoteAccess™"><ent r="3" t="1" w="34" /></phr></stem><stem n="product"><phr n="products"><ent r="3" t="1" w="38" /><ent r="3" t="33" w="53" /></phr><phr n="product"><ent r="3" t="1" w="301" /></phr></stem><stem n="associ"><phr n="associated"><ent r="3" t="1" w="41" /><ent r="3" t="17" w="268" /><ent r="4" t="19" w="210" /><ent r="3" t="47" w="96" /><ent r="6" t="70" w="2333" /></phr><phr n="associating"><ent r="4" t="29" w="124" /></phr><phr n="Associates"><ent r="4" t="65" w="252" /></phr><phr n="associate"><ent r="3" t="72" w="25" /></phr><phr n="association"><ent r="3" t="72" w="47" /></phr></stem><stem n="(the"><phr n="(the"><ent r="3" t="1" w="43" /><ent r="4" t="19" w="1389" /><ent r="4" t="19" w="1399" /><ent r="3" t="23" w="95" /><ent r="4" t="24" w="847" /><ent r="3" t="24" w="1966" /><ent r="4" t="37" w="379" /><ent r="3" t="61" w="98" /><ent r="6" t="70" w="1421" /></phr><phr n="(The"><ent r="3" t="31" w="37" /><ent r="3" t="54" w="541" /></phr></stem><stem n="&quot;software&quot;)."><phr n="&quot;Software&quot;)."><ent r="3" t="1" w="45" /></phr></stem><stem n="sure"><phr n="sure"><ent r="3" t="1" w="46" /><ent r="3" t="51" w="119" /><ent r="3" t="51" w="127" /><ent r="3" t="61" w="806" /></phr></stem><stem n="read"><phr n="read"><ent r="3" t="1" w="48" /><ent r="3" t="1" w="663" /><ent r="6" t="5" w="1010" /><ent r="3" t="16" w="2164" /><ent r="3" t="16" w="2219" /><ent r="4" t="22" w="207" /><ent r="4" t="24" w="1300" /><ent r="3" t="27" w="69" /><ent r="3" t="32" w="335" /><ent r="3" t="33" w="182" /><ent r="3" t="33" w="215" /><ent r="3" t="33" w="247" /><ent r="3" t="33" w="282" /><ent r="3" t="33" w="313" /><ent r="3" t="33" w="338" /><ent r="3" t="37" w="201" /><ent r="3" t="37" w="224" /><ent r="4" t="37" w="405" /><ent r="3" t="37" w="2167" /><ent r="4" t="37" w="2208" /><ent r="4" t="37" w="2245" /><ent r="3" t="37" w="2475" /><ent r="3" t="37" w="4227" /><ent r="4" t="54" w="240" /><ent r="4" t="55" w="186" /><ent r="3" t="66" w="455" /><ent r="3" t="77" w="44" /><ent r="4" t="77" w="140" /><ent r="4" t="77" w="200" /></phr><phr n="reading"><ent r="3" t="4" w="70" /><ent r="4" t="16" w="1387" /><ent r="3" t="37" w="163" /><ent r="4" t="49" w="115" /></phr><phr n="reads"><ent r="6" t="5" w="1025" /><ent r="3" t="14" w="353" /><ent r="3" t="14" w="371" /><ent r="3" t="37" w="182" /><ent r="4" t="37" w="2183" /></phr><phr n="Read"><ent r="3" t="14" w="308" /><ent r="3" t="14" w="1239" /><ent r="100" t="66" w="439" /><ent r="92" t="66" w="448" /></phr><phr n="Reading"><ent r="4" t="37" w="2259" /></phr></stem><stem n="follow"><phr n="following"><ent r="3" t="1" w="50" /><ent r="3" t="1" w="451" /><ent r="3" t="2" w="18" /><ent r="6" t="5" w="117" /><ent r="6" t="5" w="552" /><ent r="5" t="5" w="607" /><ent r="6" t="5" w="628" /><ent r="3" t="5" w="816" /><ent r="4" t="5" w="842" /><ent r="3" t="6" w="58" /><ent r="3" t="8" w="298" /><ent r="3" t="8" w="403" /><ent r="5" t="11" w="241" /><ent r="5" t="11" w="250" /><ent r="5" t="11" w="261" /><ent r="5" t="11" w="275" /><ent r="5" t="11" w="316" /><ent r="3" t="11" w="350" /><ent r="4" t="11" w="510" /><ent r="3" t="12" w="48" /><ent r="3" t="13" w="85" /><ent r="3" t="13" w="112" /><ent r="3" t="13" w="283" /><ent r="3" t="13" w="1344" /><ent r="3" t="13" w="1763" /><ent r="3" t="13" w="2092" /><ent r="3" t="13" w="2253" /><ent r="4" t="16" w="544" /><ent r="3" t="17" w="113" /><ent r="3" t="17" w="346" /><ent r="3" t="21" w="150" /><ent r="3" t="22" w="492" /><ent r="3" t="22" w="1170" /><ent r="3" t="24" w="87" /><ent r="3" t="24" w="1190" /><ent r="3" t="24" w="1414" /><ent r="3" t="24" w="1519" /><ent r="3" t="24" w="1664" /><ent r="3" t="24" w="2751" /><ent r="3" t="24" w="2785" /><ent r="3" t="29" w="754" /><ent r="3" t="29" w="904" /><ent r="3" t="32" w="12" /><ent r="3" t="35" w="327" /><ent r="3" t="35" w="504" /><ent r="3" t="35" w="896" /><ent r="3" t="35" w="1561" /><ent r="3" t="35" w="1687" /><ent r="3" t="35" w="1752" /><ent r="3" t="37" w="149" /><ent r="3" t="37" w="492" /><ent r="3" t="37" w="750" /><ent r="3" t="37" w="4202" /><ent r="3" t="39" w="70" /><ent r="3" t="40" w="815" /><ent r="3" t="45" w="12" /><ent r="4" t="47" w="264" /><ent r="4" t="47" w="487" /><ent r="3" t="47" w="745" /><ent r="4" t="47" w="872" /><ent r="3" t="54" w="120" /><ent r="3" t="55" w="446" /><ent r="3" t="55" w="1173" /><ent r="3" t="56" w="75" /><ent r="3" t="56" w="97" /><ent r="3" t="58" w="66" /><ent r="3" t="58" w="164" /><ent r="3" t="58" w="231" /><ent r="3" t="58" w="359" /><ent r="3" t="59" w="108" /><ent r="3" t="61" w="155" /><ent r="3" t="65" w="137" /><ent r="6" t="70" w="2031" /><ent r="6" t="70" w="2050" /><ent r="6" t="70" w="2118" /></phr><phr n="follow"><ent r="3" t="3" w="187" /><ent r="3" t="3" w="280" /><ent r="3" t="4" w="735" /><ent r="3" t="5" w="80" /><ent r="5" t="9" w="1194" /><ent r="5" t="9" w="1389" /><ent r="3" t="15" w="261" /><ent r="4" t="19" w="822" /><ent r="3" t="21" w="703" /><ent r="3" t="26" w="777" /><ent r="3" t="37" w="2071" /><ent r="3" t="40" w="454" /><ent r="4" t="40" w="804" /><ent r="3" t="47" w="393" /></phr><phr n="follows"><ent r="3" t="5" w="33" /><ent r="6" t="5" w="282" /><ent r="3" t="8" w="69" /><ent r="3" t="10" w="54" /><ent r="4" t="11" w="140" /><ent r="3" t="13" w="1809" /><ent r="3" t="20" w="233" /><ent r="6" t="24" w="2902" /><ent r="3" t="26" w="760" /><ent r="3" t="29" w="1038" /><ent r="3" t="34" w="171" /><ent r="5" t="35" w="1439" /><ent r="4" t="37" w="1019" /><ent r="3" t="40" w="103" /><ent r="3" t="40" w="1147" /><ent r="3" t="40" w="1166" /><ent r="4" t="41" w="138" /><ent r="3" t="59" w="362" /><ent r="3" t="64" w="250" /><ent r="3" t="70" w="44" /><ent r="6" t="70" w="1539" /></phr><phr n="Follow"><ent r="6" t="9" w="1187" /><ent r="6" t="9" w="1382" /></phr><phr n="followed"><ent r="4" t="17" w="255" /><ent r="3" t="19" w="477" /><ent r="3" t="19" w="1438" /><ent r="3" t="19" w="1447" /><ent r="6" t="24" w="2972" /><ent r="4" t="26" w="275" /><ent r="3" t="26" w="969" /><ent r="4" t="31" w="176" /><ent r="4" t="31" w="223" /><ent r="3" t="35" w="609" /><ent r="4" t="35" w="1001" /><ent r="3" t="37" w="3229" /></phr></stem><stem n="befor"><phr n="before"><ent r="3" t="1" w="52" /><ent r="3" t="7" w="331" /><ent r="5" t="13" w="1174" /><ent r="3" t="22" w="1271" /><ent r="3" t="28" w="260" /><ent r="3" t="34" w="968" /><ent r="3" t="35" w="1290" /><ent r="3" t="37" w="1285" /><ent r="3" t="37" w="1998" /><ent r="3" t="37" w="2028" /><ent r="3" t="37" w="2469" /><ent r="3" t="37" w="4245" /><ent r="3" t="39" w="591" /><ent r="3" t="40" w="917" /><ent r="3" t="44" w="166" /><ent r="3" t="50" w="243" /><ent r="3" t="61" w="543" /></phr><phr n="Before"><ent r="3" t="4" w="745" /></phr></stem><stem n="(regardless"><phr n="(REGARDLESS"><ent r="3" t="1" w="60" /></phr></stem><stem n="regardless"><phr n="REGARDLESS"><ent r="3" t="1" w="60" /></phr><phr n="regardless"><ent r="3" t="1" w="410" /><ent r="4" t="50" w="260" /></phr></stem><stem n="regist"><phr n="REGISTERED"><ent r="3" t="1" w="64" /></phr><phr n="registered"><ent r="3" t="33" w="23" /><ent r="3" t="45" w="242" /><ent r="3" t="47" w="215" /><ent r="3" t="47" w="717" /><ent r="3" t="48" w="170" /></phr></stem><stem n="),"><phr n="),"><ent r="3" t="1" w="69" /><ent r="4" t="15" w="205" /><ent r="3" t="16" w="2107" /><ent r="4" t="19" w="172" /><ent r="4" t="19" w="176" /><ent r="4" t="19" w="180" /><ent r="4" t="19" w="186" /><ent r="3" t="19" w="424" /><ent r="4" t="22" w="704" /><ent r="3" t="22" w="930" /><ent r="3" t="34" w="644" /><ent r="3" t="37" w="221" /><ent r="3" t="37" w="1311" /><ent r="3" t="58" w="383" /><ent r="3" t="61" w="1111" /><ent r="6" t="68" w="747" /><ent r="3" t="71" w="343" /></phr></stem><stem n="agre"><phr n="AGREEING"><ent r="3" t="1" w="71" /></phr><phr n="AGREE"><ent r="3" t="1" w="85" /></phr><phr n="agrees"><ent r="3" t="1" w="456" /></phr><phr n="agree"><ent r="3" t="1" w="669" /><ent r="3" t="1" w="680" /></phr></stem></index>