<?xml version="1.0" encoding="utf-8"?><index><stem n="bin/bash"><phr n="bin/bash"><ent r="3" t="61" w="464" /><ent r="3" t="61" w="463" /></phr></stem><stem n="sdk"><phr n="SDK"><ent r="3" t="61" w="475" /></phr></stem><stem n="gnu"><phr n="gnu"><ent r="3" t="61" w="479" /><ent r="3" t="61" w="703" /></phr></stem><stem n="=localhost"><phr n="=localhost"><ent r="3" t="61" w="482" /></phr></stem><stem n="=8080"><phr n="=8080"><ent r="3" t="61" w="484" /></phr></stem><stem n="=admin"><phr n="=admin"><ent r="3" t="61" w="486" /><ent r="3" t="61" w="488" /></phr></stem><stem n="'r:t:u:p:'"><phr n="'r:t:u:p:'"><ent r="3" t="61" w="496" /></phr></stem><stem n="$option"><phr n="$OPTION"><ent r="3" t="61" w="499" /></phr></stem><stem n="$optarg"><phr n="$OPTARG"><ent r="3" t="61" w="503" /><ent r="3" t="61" w="506" /><ent r="3" t="61" w="509" /><ent r="3" t="61" w="512" /></phr></stem><stem n="=&quot;$optarg&quot;"><phr n="=&quot;$OPTARG&quot;"><ent r="3" t="61" w="504" /><ent r="3" t="61" w="507" /><ent r="3" t="61" w="510" /><ent r="3" t="61" w="513" /></phr></stem><stem n=";;"><phr n=";;"><ent r="3" t="61" w="504" /><ent r="3" t="61" w="507" /><ent r="3" t="61" w="510" /><ent r="3" t="61" w="513" /><ent r="3" t="61" w="526" /><ent r="3" t="61" w="633" /><ent r="3" t="61" w="636" /><ent r="3" t="61" w="640" /><ent r="3" t="61" w="643" /><ent r="3" t="61" w="646" /><ent r="3" t="61" w="653" /><ent r="3" t="61" w="656" /><ent r="3" t="61" w="659" /></phr></stem><stem n="?)"><phr n="?)"><ent r="3" t="61" w="513" /></phr></stem><stem n="remotehost"><phr n="remotehost"><ent r="3" t="61" w="517" /></phr></stem><stem n="\n&quot;"><phr n="\n&quot;"><ent r="3" t="61" w="519" /></phr></stem><stem n="(basenam"><phr n="(basename"><ent r="3" t="61" w="520" /><ent r="3" t="61" w="824" /><ent r="3" t="61" w="829" /></phr></stem><stem n="basenam"><phr n="basename"><ent r="3" t="61" w="520" /><ent r="3" t="61" w="596" /><ent r="3" t="61" w="682" /><ent r="3" t="61" w="824" /><ent r="3" t="61" w="829" /></phr></stem><stem n="$0"><phr n="$0"><ent r="3" t="61" w="521" /><ent r="3" t="61" w="725" /><ent r="3" t="61" w="734" /><ent r="3" t="61" w="736" /><ent r="3" t="61" w="745" /><ent r="3" t="61" w="749" /><ent r="3" t="61" w="778" /><ent r="3" t="61" w="787" /><ent r="3" t="61" w="789" /><ent r="3" t="61" w="798" /><ent r="3" t="61" w="802" /></phr></stem><stem n="&amp;2"><phr n="&amp;2"><ent r="3" t="61" w="523" /></phr></stem><stem n="esac"><phr n="esac"><ent r="3" t="61" w="526" /><ent r="3" t="61" w="659" /></phr></stem><stem n="$user"><phr n="$user"><ent r="3" t="61" w="529" /><ent r="3" t="61" w="533" /></phr></stem><stem n="&quot;$user&quot;"><phr n="&quot;$user&quot;"><ent r="3" t="61" w="530" /></phr></stem><stem n="=&quot;--user"><phr n="=&quot;--user"><ent r="3" t="61" w="532" /></phr></stem><stem n="$password"><phr n="$password"><ent r="3" t="61" w="534" /></phr></stem><stem n=":$password&quot;"><phr n=":$password&quot;"><ent r="3" t="61" w="535" /></phr></stem><stem n="fi"><phr n="fi"><ent r="3" t="61" w="535" /><ent r="3" t="61" w="835" /></phr></stem><stem n="etc/init"><phr n="etc/init"><ent r="3" t="61" w="546" /><ent r="3" t="61" w="545" /><ent r="3" t="61" w="868" /><ent r="3" t="61" w="867" /></phr></stem><stem n="init"><phr n="init"><ent r="3" t="61" w="546" /><ent r="3" t="61" w="868" /></phr></stem><stem n="etc/init.d"><phr n="etc/init.d"><ent r="3" t="61" w="547" /><ent r="3" t="61" w="545" /><ent r="3" t="61" w="869" /><ent r="3" t="61" w="867" /></phr></stem><stem n="#/etc/init.d/intermapperd"><phr n="#/etc/init.d/intermapperd"><ent r="3" t="61" w="548" /><ent r="3" t="61" w="870" /></phr></stem><stem n="etc/init.d/intermapperd"><phr n="etc/init.d/intermapperd"><ent r="3" t="61" w="548" /><ent r="3" t="61" w="545" /><ent r="3" t="61" w="870" /><ent r="3" t="61" w="867" /></phr></stem><stem n="intermapperd"><phr n="intermapperd"><ent r="3" t="61" w="548" /><ent r="3" t="61" w="870" /></phr></stem><stem n="topdir"><phr n="topdirs"><ent r="3" t="61" w="559" /></phr></stem><stem n="=$(curl"><phr n="=$(curl"><ent r="3" t="61" w="561" /><ent r="3" t="61" w="586" /></phr></stem><stem n="$auth"><phr n="$auth"><ent r="3" t="61" w="562" /><ent r="3" t="61" w="587" /><ent r="3" t="61" w="676" /><ent r="3" t="61" w="855" /></phr></stem><stem n="-s"><phr n="-s"><ent r="3" t="61" w="563" /><ent r="3" t="61" w="563" /><ent r="3" t="61" w="588" /><ent r="3" t="61" w="588" /><ent r="3" t="61" w="677" /><ent r="3" t="61" w="677" /><ent r="3" t="61" w="856" /><ent r="3" t="61" w="856" /></phr></stem><stem n="$remot"><phr n="$remote"><ent r="3" t="61" w="565" /><ent r="3" t="61" w="859" /></phr></stem><stem n="$port"><phr n="$port"><ent r="3" t="61" w="566" /><ent r="3" t="61" w="860" /></phr></stem><stem n="://$remote:$port/~fil"><phr n="://$remote:$port/~files"><ent r="3" t="61" w="567" /></phr></stem><stem n="$port/~fil"><phr n="$port/~files"><ent r="3" t="61" w="567" /><ent r="3" t="61" w="566" /><ent r="3" t="61" w="861" /><ent r="3" t="61" w="860" /></phr></stem><stem n="'\r'"><phr n="'\r'"><ent r="3" t="61" w="571" /><ent r="3" t="61" w="593" /></phr></stem><stem n="'\n')"><phr n="'\n')"><ent r="3" t="61" w="572" /><ent r="3" t="61" w="594" /></phr></stem><stem n="dir"><phr n="dir"><ent r="3" t="61" w="573" /><ent r="3" t="61" w="895" /><ent r="3" t="61" w="1026" /><ent r="3" t="61" w="1030" /><ent r="3" t="61" w="1048" /><ent r="3" t="61" w="1050" /><ent r="3" t="61" w="1107" /><ent r="3" t="61" w="1124" /><ent r="3" t="61" w="1132" /></phr></stem><stem n="$topdir"><phr n="$topdirs"><ent r="3" t="61" w="575" /></phr></stem><stem n="filelist"><phr n="filelist"><ent r="3" t="61" w="584" /></phr><phr n="fileList"><ent r="3" t="61" w="896" /><ent r="3" t="61" w="1104" /><ent r="3" t="61" w="1118" /></phr></stem><stem n="$dir"><phr n="$dir"><ent r="3" t="61" w="589" /><ent r="3" t="61" w="597" /></phr></stem><stem n="webdir"><phr n="webdir"><ent r="3" t="61" w="594" /></phr><phr n="webDir"><ent r="3" t="61" w="901" /><ent r="3" t="61" w="1046" /><ent r="3" t="61" w="1056" /></phr></stem><stem n="=$(basenam"><phr n="=$(basename"><ent r="3" t="61" w="596" /><ent r="3" t="61" w="682" /></phr></stem><stem n="&quot;process"><phr n="&quot;Processing"><ent r="3" t="61" w="599" /></phr></stem><stem n="$webdir"><phr n="$webdir"><ent r="3" t="61" w="600" /><ent r="3" t="61" w="627" /></phr></stem><stem n="localdir"><phr n="localdir"><ent r="3" t="61" w="601" /><ent r="3" t="61" w="630" /><ent r="3" t="61" w="634" /><ent r="3" t="61" w="637" /><ent r="3" t="61" w="641" /><ent r="3" t="61" w="644" /><ent r="3" t="61" w="647" /><ent r="3" t="61" w="651" /><ent r="3" t="61" w="654" /><ent r="3" t="61" w="657" /><ent r="3" t="61" w="1086" /></phr><phr n="localDir"><ent r="3" t="61" w="902" /><ent r="3" t="61" w="1059" /><ent r="3" t="61" w="1064" /><ent r="3" t="61" w="1068" /><ent r="3" t="61" w="1073" /><ent r="3" t="61" w="1077" /><ent r="3" t="61" w="1081" /><ent r="3" t="61" w="1090" /><ent r="3" t="61" w="1094" /><ent r="3" t="61" w="1135" /></phr></stem><stem n="$filelist"><phr n="$filelist"><ent r="3" t="61" w="603" /><ent r="3" t="61" w="663" /></phr></stem><stem n="&quot;doe"><phr n="&quot;does"><ent r="3" t="61" w="606" /></phr></stem><stem n="dev"><phr n="dev"><ent r="3" t="61" w="610" /></phr></stem><stem n="/dev/nul"><phr n="/dev/null"><ent r="3" t="61" w="611" /></phr></stem><stem n="dev/nul"><phr n="dev/null"><ent r="3" t="61" w="611" /><ent r="3" t="61" w="610" /></phr></stem><stem n="=&quot;custom"><phr n="=&quot;Custom"><ent r="3" t="61" w="631" /></phr></stem><stem n="=&quot;sounds&quot;"><phr n="=&quot;Sounds&quot;"><ent r="3" t="61" w="636" /></phr></stem><stem n="=&quot;mib"><phr n="=&quot;MIB"><ent r="3" t="61" w="638" /></phr></stem><stem n="=&quot;probes&quot;"><phr n="=&quot;Probes&quot;"><ent r="3" t="61" w="643" /></phr></stem><stem n="=&quot;tools&quot;"><phr n="=&quot;Tools&quot;"><ent r="3" t="61" w="646" /></phr></stem><stem n="=&quot;web"><phr n="=&quot;Web"><ent r="3" t="61" w="648" /></phr></stem><stem n="&quot;;;"><phr n="&quot;;;"><ent r="3" t="61" w="650" /></phr></stem><stem n="=&quot;fonts&quot;"><phr n="=&quot;Fonts&quot;"><ent r="3" t="61" w="653" /></phr></stem><stem n="=&quot;extensions&quot;"><phr n="=&quot;Extensions&quot;"><ent r="3" t="61" w="656" /></phr></stem><stem n="=&quot;maps&quot;"><phr n="=&quot;Maps&quot;"><ent r="3" t="61" w="659" /></phr></stem><stem n="$file"><phr n="$file"><ent r="3" t="61" w="679" /><ent r="3" t="61" w="683" /><ent r="3" t="61" w="830" /></phr></stem><stem n="real"><phr n="real"><ent r="3" t="61" w="690" /></phr></stem><stem n="do.homeunix"><phr n="do.homeunix"><ent r="3" t="61" w="696" /><ent r="3" t="61" w="695" /></phr></stem><stem n="homeunix"><phr n="homeunix"><ent r="3" t="61" w="696" /></phr></stem><stem n="do.homeunix.org"><phr n="do.homeunix.org"><ent r="3" t="61" w="697" /><ent r="3" t="61" w="695" /></phr></stem><stem n="do.homeunix.org/urldecod"><phr n="do.homeunix.org/UrlDecoding"><ent r="3" t="61" w="698" /><ent r="3" t="61" w="695" /></phr></stem><stem n="urldecod"><phr n="UrlDecoding"><ent r="3" t="61" w="698" /></phr><phr n="URLDecode"><ent r="3" t="61" w="1136" /><ent r="3" t="61" w="1177" /><ent r="3" t="61" w="1179" /></phr></stem><stem n="://do.homeunix.org/urldecoding.html"><phr n="://do.homeunix.org/UrlDecoding.html"><ent r="3" t="61" w="699" /></phr></stem><stem n="do.homeunix.org/urldecoding.html"><phr n="do.homeunix.org/UrlDecoding.html"><ent r="3" t="61" w="699" /><ent r="3" t="61" w="695" /></phr></stem><stem n="local_filenam"><phr n="local_filename"><ent r="3" t="61" w="706" /><ent r="3" t="61" w="705" /><ent r="3" t="61" w="759" /><ent r="3" t="61" w="758" /></phr></stem><stem n="local_$"><phr n="local_$"><ent r="3" t="61" w="707" /><ent r="3" t="61" w="705" /><ent r="3" t="61" w="760" /><ent r="3" t="61" w="758" /><ent r="3" t="61" w="813" /><ent r="3" t="61" w="811" /></phr></stem><stem n="_filename=$(echo"><phr n="_filename=$(echo"><ent r="3" t="61" w="708" /><ent r="3" t="61" w="761" /></phr></stem><stem n="$filenam"><phr n="$filename"><ent r="3" t="61" w="709" /><ent r="3" t="61" w="762" /></phr></stem><stem n="\"><phr n="\"><ent r="3" t="61" w="711" /><ent r="3" t="61" w="716" /><ent r="3" t="61" w="722" /><ent r="3" t="61" w="764" /><ent r="3" t="61" w="769" /><ent r="3" t="61" w="775" /></phr></stem><stem n="s/+"><phr n="s/+"><ent r="3" t="61" w="713" /><ent r="3" t="61" w="712" /><ent r="3" t="61" w="766" /><ent r="3" t="61" w="765" /></phr></stem><stem n="s/+/"><phr n="s/+/"><ent r="3" t="61" w="713" /><ent r="3" t="61" w="712" /><ent r="3" t="61" w="766" /><ent r="3" t="61" w="765" /></phr></stem><stem n="'s/+/"><phr n="'s/+/"><ent r="3" t="61" w="714" /><ent r="3" t="61" w="767" /></phr></stem><stem n="/g'|"><phr n="/g'|"><ent r="3" t="61" w="715" /><ent r="3" t="61" w="768" /></phr></stem><stem n="g'|"><phr n="g'|"><ent r="3" t="61" w="715" /><ent r="3" t="61" w="714" /><ent r="3" t="61" w="768" /><ent r="3" t="61" w="767" /></phr></stem><stem n="'s/\%0[dd]//g'"><phr n="'s/\%0[dD]//g'"><ent r="3" t="61" w="721" /><ent r="3" t="61" w="774" /></phr></stem><stem n="0-9a"><phr n="0-9a"><ent r="3" t="61" w="726" /><ent r="3" t="61" w="730" /><ent r="3" t="61" w="779" /><ent r="3" t="61" w="783" /></phr></stem><stem n="0-9a-fa"><phr n="0-9a-fA"><ent r="3" t="61" w="726" /><ent r="3" t="61" w="730" /><ent r="3" t="61" w="779" /><ent r="3" t="61" w="783" /></phr></stem><stem n="0-9a-fa-f"><phr n="0-9a-fA-F"><ent r="3" t="61" w="726" /><ent r="3" t="61" w="730" /><ent r="3" t="61" w="779" /><ent r="3" t="61" w="783" /></phr></stem><stem n="9a"><phr n="9a"><ent r="3" t="61" w="727" /><ent r="3" t="61" w="731" /><ent r="3" t="61" w="780" /><ent r="3" t="61" w="784" /></phr></stem><stem n="9a-fa"><phr n="9a-fA"><ent r="3" t="61" w="727" /><ent r="3" t="61" w="731" /><ent r="3" t="61" w="780" /><ent r="3" t="61" w="784" /></phr></stem><stem n="9a-fa-f"><phr n="9a-fA-F"><ent r="3" t="61" w="727" /><ent r="3" t="61" w="731" /><ent r="3" t="61" w="780" /><ent r="3" t="61" w="784" /></phr></stem><stem n="fa"><phr n="fA"><ent r="3" t="61" w="728" /><ent r="3" t="61" w="732" /><ent r="3" t="61" w="781" /><ent r="3" t="61" w="785" /></phr></stem><stem n="fa-f"><phr n="fA-F"><ent r="3" t="61" w="728" /><ent r="3" t="61" w="732" /><ent r="3" t="61" w="781" /><ent r="3" t="61" w="785" /></phr></stem><stem n="$0,1"><phr n="$0,1"><ent r="3" t="61" w="737" /><ent r="3" t="61" w="736" /><ent r="3" t="61" w="790" /><ent r="3" t="61" w="789" /></phr></stem><stem n="rstart"><phr n="RSTART"><ent r="3" t="61" w="738" /><ent r="3" t="61" w="791" /></phr></stem><stem n="rstart-1"><phr n="RSTART-1"><ent r="3" t="61" w="738" /><ent r="3" t="61" w="791" /></phr></stem><stem n="$0,1,sprintf"><phr n="$0,1,sprintf"><ent r="3" t="61" w="740" /><ent r="3" t="61" w="736" /><ent r="3" t="61" w="793" /><ent r="3" t="61" w="789" /></phr></stem><stem n="strtonum"><phr n="strtonum"><ent r="3" t="61" w="742" /></phr></stem><stem n="$0,rstart+1"><phr n="$0,RSTART+1"><ent r="3" t="61" w="746" /><ent r="3" t="61" w="745" /><ent r="3" t="61" w="799" /><ent r="3" t="61" w="798" /></phr></stem><stem n="rstart+1"><phr n="RSTART+1"><ent r="3" t="61" w="746" /><ent r="3" t="61" w="799" /></phr></stem><stem n="$0,rstart+1,2"><phr n="$0,RSTART+1,2"><ent r="3" t="61" w="747" /><ent r="3" t="61" w="745" /><ent r="3" t="61" w="800" /><ent r="3" t="61" w="798" /></phr></stem><stem n="$0,rstart+3"><phr n="$0,RSTART+3"><ent r="3" t="61" w="750" /><ent r="3" t="61" w="749" /><ent r="3" t="61" w="803" /><ent r="3" t="61" w="802" /></phr></stem><stem n="rstart+3"><phr n="RSTART+3"><ent r="3" t="61" w="750" /><ent r="3" t="61" w="803" /></phr></stem><stem n="'/%/{while(match($0,/\%[0-9a-fa-f][0-9a-fa-f]/)){$0=substr($0,1,rstart-1)sprintf(&quot;%c&quot;,strtonum(&quot;0x&quot;substr($0,rstart+1,2)))substr($0,rstart+3);}}{print}')"><phr n="'/%/{while(match($0,/\%[0-9a-fA-F][0-9a-fA-F]/)){$0=substr($0,1,RSTART-1)sprintf(&quot;%c&quot;,strtonum(&quot;0x&quot;substr($0,RSTART+1,2)))substr($0,RSTART+3);}}{print}')"><ent r="3" t="61" w="752" /></phr></stem><stem n="bsd"><phr n="BSD"><ent r="3" t="61" w="756" /></phr></stem><stem n="0+"><phr n="0+"><ent r="3" t="61" w="795" /></phr></stem><stem n="'/%/{while(match($0,/\%[0-9a-fa-f][0-9a-fa-f]/)){$0=substr($0,1,rstart-1)sprintf(&quot;%c&quot;,0+(&quot;0x&quot;substr($0,rstart+1,2)))substr($0,rstart+3);}}{print}')"><phr n="'/%/{while(match($0,/\%[0-9a-fA-F][0-9a-fA-F]/)){$0=substr($0,1,RSTART-1)sprintf(&quot;%c&quot;,0+(&quot;0x&quot;substr($0,RSTART+1,2)))substr($0,RSTART+3);}}{print}')"><ent r="3" t="61" w="805" /></phr></stem><stem n="local_dirnam"><phr n="local_dirname"><ent r="3" t="61" w="812" /><ent r="3" t="61" w="811" /></phr></stem><stem n="dirnam"><phr n="dirname"><ent r="3" t="61" w="812" /><ent r="3" t="61" w="814" /><ent r="3" t="61" w="821" /></phr></stem><stem n="_dirname=$(dirnam"><phr n="_dirname=$(dirname"><ent r="3" t="61" w="814" /></phr></stem><stem n="$local"><phr n="$local"><ent r="3" t="61" w="815" /><ent r="3" t="61" w="820" /><ent r="3" t="61" w="825" /><ent r="3" t="61" w="832" /></phr></stem><stem n="$local_filenam"><phr n="$local_filename"><ent r="3" t="61" w="816" /><ent r="3" t="61" w="815" /><ent r="3" t="61" w="826" /><ent r="3" t="61" w="825" /></phr></stem><stem n="&quot;$local_filename&quot;)"><phr n="&quot;$local_filename&quot;)"><ent r="3" t="61" w="817" /><ent r="3" t="61" w="827" /></phr></stem><stem n="mkdir"><phr n="mkdir"><ent r="3" t="61" w="817" /></phr></stem><stem n="$localdir"><phr n="$localdir"><ent r="3" t="61" w="819" /><ent r="3" t="61" w="831" /></phr></stem><stem n="$localdir/$loc"><phr n="$localdir/$local"><ent r="3" t="61" w="820" /><ent r="3" t="61" w="819" /><ent r="3" t="61" w="832" /><ent r="3" t="61" w="831" /></phr></stem><stem n="$localdir/$local_dirnam"><phr n="$localdir/$local_dirname"><ent r="3" t="61" w="821" /><ent r="3" t="61" w="819" /></phr></stem><stem n="&quot;../$localdir/$local_dirname&quot;"><phr n="&quot;../$localdir/$local_dirname&quot;"><ent r="3" t="61" w="822" /></phr></stem><stem n="mv"><phr n="mv"><ent r="3" t="61" w="827" /><ent r="3" t="61" w="863" /></phr></stem><stem n="$localdir/$local_filenam"><phr n="$localdir/$local_filename"><ent r="3" t="61" w="833" /><ent r="3" t="61" w="831" /></phr></stem><stem n="&quot;../$localdir/$local_filename&quot;"><phr n="&quot;../$localdir/$local_filename&quot;"><ent r="3" t="61" w="834" /></phr></stem><stem n="://$remote:$port/~files/prefer"><phr n="://$remote:$port/~files/Preferences"><ent r="3" t="61" w="862" /></phr></stem><stem n="$port/~files/prefer"><phr n="$port/~files/Preferences"><ent r="3" t="61" w="862" /><ent r="3" t="61" w="860" /></phr></stem><stem n="../"><phr n="../"><ent r="3" t="61" w="865" /></phr></stem><stem n="explicit"><phr n="Explicit"><ent r="3" t="61" w="885" /></phr><phr n="explicit"><ent r="3" t="64" w="300" /><ent r="3" t="64" w="319" /></phr></stem><stem n="remoteaddr"><phr n="remoteAddr"><ent r="3" t="61" w="887" /><ent r="3" t="61" w="915" /><ent r="3" t="61" w="1011" /></phr></stem><stem n="remoteus"><phr n="remoteUser"><ent r="3" t="61" w="889" /><ent r="3" t="61" w="962" /><ent r="3" t="61" w="1009" /><ent r="3" t="61" w="1018" /><ent r="3" t="61" w="1108" /><ent r="3" t="61" w="1141" /><ent r="3" t="61" w="1170" /></phr></stem><stem n="remotepassword"><phr n="remotePassword"><ent r="3" t="61" w="890" /><ent r="3" t="61" w="977" /><ent r="3" t="61" w="1010" /><ent r="3" t="61" w="1019" /><ent r="3" t="61" w="1109" /><ent r="3" t="61" w="1142" /><ent r="3" t="61" w="1171" /></phr></stem><stem n="secureconnect"><phr n="secureConnection"><ent r="3" t="61" w="891" /><ent r="3" t="61" w="993" /><ent r="3" t="61" w="1013" /></phr></stem><stem n="urlbas"><phr n="urlBase"><ent r="3" t="61" w="893" /><ent r="3" t="61" w="1007" /><ent r="3" t="61" w="1017" /><ent r="3" t="61" w="1052" /><ent r="3" t="61" w="1168" /></phr></stem><stem n="topleveldir"><phr n="topLevelDirs"><ent r="3" t="61" w="894" /><ent r="3" t="61" w="1014" /><ent r="3" t="61" w="1028" /></phr></stem><stem n="filedata"><phr n="fileData"><ent r="3" t="61" w="899" /><ent r="3" t="61" w="1138" /><ent r="3" t="61" w="1147" /><ent r="3" t="61" w="1166" /><ent r="3" t="61" w="1174" /></phr></stem><stem n="localfilenam"><phr n="localFileName"><ent r="3" t="61" w="903" /><ent r="3" t="61" w="1126" /><ent r="3" t="61" w="1137" /></phr></stem><stem n="'*******************************************************************************"><phr n="'*******************************************************************************"><ent r="3" t="61" w="904" /><ent r="3" t="61" w="1002" /></phr></stem><stem n="wscript.arguments.nam"><phr n="WScript.Arguments.Named"><ent r="3" t="61" w="911" /><ent r="3" t="61" w="909" /><ent r="3" t="61" w="918" /><ent r="3" t="61" w="916" /><ent r="3" t="61" w="940" /><ent r="3" t="61" w="938" /><ent r="3" t="61" w="947" /><ent r="3" t="61" w="945" /><ent r="3" t="61" w="958" /><ent r="3" t="61" w="956" /><ent r="3" t="61" w="965" /><ent r="3" t="61" w="963" /><ent r="3" t="61" w="973" /><ent r="3" t="61" w="971" /><ent r="3" t="61" w="980" /><ent r="3" t="61" w="978" /></phr></stem><stem n="wscript.arguments.named.exist"><phr n="WScript.Arguments.Named.Exists"><ent r="3" t="61" w="912" /><ent r="3" t="61" w="909" /><ent r="3" t="61" w="941" /><ent r="3" t="61" w="938" /><ent r="3" t="61" w="959" /><ent r="3" t="61" w="956" /><ent r="3" t="61" w="974" /><ent r="3" t="61" w="971" /></phr></stem><stem n=".arguments.named.exists(&quot;host&quot;)"><phr n=".Arguments.Named.Exists(&quot;host&quot;)"><ent r="3" t="61" w="914" /></phr></stem><stem n="wscript.arguments.named.item"><phr n="WScript.Arguments.Named.Item"><ent r="3" t="61" w="919" /><ent r="3" t="61" w="916" /><ent r="3" t="61" w="948" /><ent r="3" t="61" w="945" /><ent r="3" t="61" w="966" /><ent r="3" t="61" w="963" /><ent r="3" t="61" w="981" /><ent r="3" t="61" w="978" /></phr></stem><stem n=".arguments.named.item(&quot;host&quot;)"><phr n=".Arguments.Named.Item(&quot;host&quot;)"><ent r="3" t="61" w="921" /></phr></stem><stem n="&quot;must"><phr n="&quot;Must"><ent r="3" t="61" w="924" /></phr></stem><stem n=".quit"><phr n=".Quit"><ent r="3" t="61" w="934" /></phr></stem><stem n=".arguments.named.exists(&quot;port&quot;)"><phr n=".Arguments.Named.Exists(&quot;port&quot;)"><ent r="3" t="61" w="943" /></phr></stem><stem n=".arguments.named.item(&quot;port&quot;)"><phr n=".Arguments.Named.Item(&quot;port&quot;)"><ent r="3" t="61" w="950" /></phr></stem><stem n=".arguments.named.exists(&quot;user&quot;)"><phr n=".Arguments.Named.Exists(&quot;user&quot;)"><ent r="3" t="61" w="961" /></phr></stem><stem n=".arguments.named.item(&quot;user&quot;)"><phr n=".Arguments.Named.Item(&quot;user&quot;)"><ent r="3" t="61" w="968" /></phr></stem><stem n=".arguments.named.exists(&quot;password&quot;)"><phr n=".Arguments.Named.Exists(&quot;password&quot;)"><ent r="3" t="61" w="976" /></phr></stem><stem n=".arguments.named.item(&quot;password&quot;)"><phr n=".Arguments.Named.Item(&quot;password&quot;)"><ent r="3" t="61" w="983" /></phr></stem><stem n="wscript.arguments.unnam"><phr n="WScript.Arguments.UnNamed"><ent r="3" t="61" w="988" /><ent r="3" t="61" w="986" /><ent r="3" t="61" w="996" /><ent r="3" t="61" w="994" /></phr></stem><stem n="unnam"><phr n="UnNamed"><ent r="3" t="61" w="988" /><ent r="3" t="61" w="996" /></phr></stem><stem n="(wscript.arguments.unnamed.count"><phr n="(WScript.Arguments.UnNamed.Count"><ent r="3" t="61" w="989" /></phr></stem><stem n="wscript.arguments.unnamed.count"><phr n="WScript.Arguments.UnNamed.Count"><ent r="3" t="61" w="989" /><ent r="3" t="61" w="986" /></phr></stem><stem n="wscript.arguments.unnamed.item"><phr n="WScript.Arguments.UnNamed.Item"><ent r="3" t="61" w="997" /><ent r="3" t="61" w="994" /></phr></stem><stem n="(wscript.arguments.unnamed.item(0)"><phr n="(WScript.Arguments.UnNamed.Item(0)"><ent r="3" t="61" w="999" /></phr></stem><stem n="&quot;secure&quot;)"><phr n="&quot;secure&quot;)"><ent r="3" t="61" w="1000" /></phr></stem><stem n="makeurlbas"><phr n="MakeURLBase"><ent r="3" t="61" w="1008" /><ent r="3" t="61" w="1322" /><ent r="3" t="61" w="1353" /></phr></stem><stem n="(remoteuser,"><phr n="(remoteUser,"><ent r="3" t="61" w="1010" /></phr></stem><stem n="split"><phr n="Split"><ent r="3" t="61" w="1015" /><ent r="3" t="61" w="1105" /></phr></stem><stem n="fetchurl"><phr n="FetchURL"><ent r="3" t="61" w="1016" /><ent r="3" t="61" w="1106" /><ent r="3" t="61" w="1139" /><ent r="3" t="61" w="1167" /><ent r="3" t="61" w="1189" /><ent r="3" t="61" w="1245" /></phr></stem><stem n="(fetchurl(urlbase,"><phr n="(FetchURL(urlBase,"><ent r="3" t="61" w="1018" /></phr></stem><stem n="remotepassword,tru"><phr n="remotePassword,true"><ent r="3" t="61" w="1020" /><ent r="3" t="61" w="1019" /></phr></stem><stem n=",true),"><phr n=",true),"><ent r="3" t="61" w="1021" /></phr></stem><stem n="vbcrlf"><phr n="VbCrLf"><ent r="3" t="61" w="1021" /><ent r="3" t="61" w="1111" /></phr></stem><stem n="-1,"><phr n="-1,"><ent r="3" t="61" w="1023" /><ent r="3" t="61" w="1023" /><ent r="3" t="61" w="1113" /><ent r="3" t="61" w="1113" /></phr></stem><stem n="vbbinarycompar"><phr n="vbBinaryCompare"><ent r="3" t="61" w="1023" /><ent r="3" t="61" w="1113" /></phr></stem><stem n="(dir,"><phr n="(dir,"><ent r="3" t="61" w="1049" /></phr></stem><stem n="(dir)"><phr n="(dir)"><ent r="3" t="61" w="1051" /><ent r="3" t="61" w="1133" /></phr></stem><stem n="(urlbase)"><phr n="(urlBase)"><ent r="3" t="61" w="1053" /></phr></stem><stem n="&quot;icons&quot;"><phr n="&quot;icons&quot;"><ent r="3" t="61" w="1059" /></phr></stem><stem n="&quot;sounds&quot;"><phr n="&quot;sounds&quot;"><ent r="3" t="61" w="1064" /></phr><phr n="&quot;Sounds&quot;"><ent r="3" t="61" w="1066" /></phr></stem><stem n="&quot;mibs&quot;"><phr n="&quot;mibs&quot;"><ent r="3" t="61" w="1068" /></phr></stem><stem n="&quot;mib"><phr n="&quot;MIB"><ent r="3" t="61" w="1069" /></phr></stem><stem n="&quot;probes&quot;"><phr n="&quot;probes&quot;"><ent r="3" t="61" w="1073" /></phr><phr n="&quot;Probes&quot;"><ent r="3" t="61" w="1075" /></phr></stem><stem n="&quot;tools&quot;"><phr n="&quot;tools&quot;"><ent r="3" t="61" w="1077" /></phr><phr n="&quot;Tools&quot;"><ent r="3" t="61" w="1079" /></phr></stem><stem n="&quot;webpages&quot;"><phr n="&quot;webpages&quot;"><ent r="3" t="61" w="1081" /></phr></stem><stem n="&quot;web"><phr n="&quot;Web"><ent r="3" t="61" w="1082" /></phr></stem><stem n="&quot;fonts&quot;"><phr n="&quot;fonts&quot;"><ent r="3" t="61" w="1086" /></phr><phr n="&quot;Fonts&quot;"><ent r="3" t="61" w="1088" /></phr></stem><stem n="&quot;extensions&quot;"><phr n="&quot;extensions&quot;"><ent r="3" t="61" w="1090" /></phr><phr n="&quot;Extensions&quot;"><ent r="3" t="61" w="1092" /></phr></stem><stem n="&quot;maps&quot;"><phr n="&quot;maps&quot;"><ent r="3" t="61" w="1094" /></phr><phr n="&quot;Maps&quot;"><ent r="3" t="61" w="1096" /></phr></stem><stem n="(fetchurl(dir,"><phr n="(FetchURL(dir,"><ent r="3" t="61" w="1108" /></phr></stem><stem n="(len(file)"><phr n="(Len(file)"><ent r="3" t="61" w="1122" /></phr></stem><stem n="(dir))"><phr n="(dir))"><ent r="3" t="61" w="1125" /></phr></stem><stem n="(file,"><phr n="(file,"><ent r="3" t="61" w="1129" /><ent r="3" t="61" w="1141" /></phr></stem><stem n="(file)"><phr n="(file)"><ent r="3" t="61" w="1131" /></phr></stem><stem n="(localfilename)"><phr n="(localFileName)"><ent r="3" t="61" w="1138" /></phr></stem><stem n="makefolderfor"><phr n="MakeFolderFor"><ent r="3" t="61" w="1144" /><ent r="3" t="61" w="1250" /></phr></stem><stem n="savebinarydata"><phr n="SaveBinaryData"><ent r="3" t="61" w="1146" /><ent r="3" t="61" w="1173" /><ent r="3" t="61" w="1360" /></phr></stem><stem n="(urlbas"><phr n="(urlBase"><ent r="3" t="61" w="1168" /></phr></stem><stem n="&quot;/preferences&quot;,"><phr n="&quot;/Preferences&quot;,"><ent r="3" t="61" w="1170" /></phr></stem><stem n="&quot;preferences&quot;"><phr n="&quot;Preferences&quot;"><ent r="3" t="61" w="1176" /></phr></stem><stem n="'********************************************************************************"><phr n="'********************************************************************************"><ent r="3" t="61" w="1176" /><ent r="3" t="61" w="1176" /><ent r="3" t="61" w="1176" /></phr></stem><stem n="unescap"><phr n="Unescape"><ent r="3" t="61" w="1181" /></phr></stem><stem n="(unescape(replace(str,"><phr n="(Unescape(Replace(str,"><ent r="3" t="61" w="1184" /></phr></stem><stem n="&quot;+&quot;,"><phr n="&quot;+&quot;,"><ent r="3" t="61" w="1185" /></phr></stem><stem n="2f"><phr n="2F"><ent r="3" t="61" w="1185" /></phr></stem><stem n="&quot;)),&quot;\%2f&quot;,&quot;\\&quot;)"><phr n="&quot;)),&quot;\%2F&quot;,&quot;\\&quot;)"><ent r="3" t="61" w="1186" /></phr></stem><stem n="(url,"><phr n="(url,"><ent r="3" t="61" w="1191" /></phr></stem><stem n="textonli"><phr n="textonly"><ent r="3" t="61" w="1193" /><ent r="3" t="61" w="1227" /></phr></stem><stem n="http.open"><phr n="http.Open"><ent r="3" t="61" w="1205" /><ent r="3" t="61" w="1204" /></phr></stem><stem n=".setcredenti"><phr n=".SetCredentials"><ent r="3" t="61" w="1213" /></phr></stem><stem n="http.setcredenti"><phr n="http.SetCredentials"><ent r="3" t="61" w="1213" /><ent r="3" t="61" w="1212" /></phr></stem><stem n="setcredenti"><phr n="SetCredentials"><ent r="3" t="61" w="1213" /></phr></stem><stem n="http.send"><phr n="http.Send"><ent r="3" t="61" w="1220" /><ent r="3" t="61" w="1219" /></phr></stem><stem n="http.statu"><phr n="http.Status"><ent r="3" t="61" w="1223" /><ent r="3" t="61" w="1222" /></phr></stem><stem n=".responsetext"><phr n=".ResponseText"><ent r="3" t="61" w="1231" /></phr></stem><stem n="http.responsetext"><phr n="http.ResponseText"><ent r="3" t="61" w="1231" /><ent r="3" t="61" w="1230" /></phr></stem><stem n="responsetext"><phr n="ResponseText"><ent r="3" t="61" w="1231" /></phr></stem><stem n=".responsebodi"><phr n=".ResponseBody"><ent r="3" t="61" w="1235" /></phr></stem><stem n="http.responsebodi"><phr n="http.ResponseBody"><ent r="3" t="61" w="1235" /><ent r="3" t="61" w="1234" /></phr></stem><stem n="responsebodi"><phr n="ResponseBody"><ent r="3" t="61" w="1235" /></phr></stem><stem n="(filename)"><phr n="(filename)"><ent r="3" t="61" w="1252" /></phr></stem><stem n="'recurs"><phr n="'Recursively"><ent r="3" t="61" w="1252" /></phr></stem><stem n="recurs"><phr n="Recursively"><ent r="3" t="61" w="1252" /></phr></stem><stem n="fso"><phr n="fso"><ent r="3" t="61" w="1256" /><ent r="3" t="61" w="1262" /><ent r="3" t="61" w="1268" /><ent r="3" t="61" w="1286" /><ent r="3" t="61" w="1304" /><ent r="3" t="61" w="1309" /><ent r="3" t="61" w="1317" /></phr></stem><stem n="redim"><phr n="Redim"><ent r="3" t="61" w="1258" /><ent r="3" t="61" w="1276" /></phr></stem></index>