<?xml version="1.0" encoding="utf-8"?><index><stem n="tring"><phr n="tring"><ent r="4" t="37" w="671" /><ent r="3" t="37" w="3009" /><ent r="3" t="37" w="3090" /></phr></stem><stem n=":wait"><phr n=":WAIT"><ent r="100" t="37" w="718" /></phr></stem><stem n="idlefail"><phr n="Idlefail"><ent r="100" t="37" w="722" /></phr><phr n="idlefail"><ent r="65" t="37" w="728" /><ent r="65" t="37" w="904" /><ent r="4" t="37" w="2038" /><ent r="4" t="37" w="2506" /><ent r="4" t="37" w="3351" /><ent r="83" t="37" w="3679" /><ent r="4" t="37" w="3745" /><ent r="4" t="37" w="3792" /></phr></stem><stem n="#sec"><phr n="#secs"><ent r="65" t="37" w="727" /><ent r="65" t="37" w="903" /><ent r="83" t="37" w="3678" /></phr></stem><stem n="#idlefail"><phr n="#idlefail"><ent r="65" t="37" w="728" /><ent r="65" t="37" w="904" /><ent r="4" t="37" w="2038" /><ent r="4" t="37" w="2506" /><ent r="4" t="37" w="3351" /><ent r="83" t="37" w="3679" /><ent r="4" t="37" w="3792" /></phr></stem><stem n="$result"><phr n="$result"><ent r="65" t="37" w="760" /><ent r="82" t="37" w="1652" /><ent r="3" t="45" w="59" /><ent r="3" t="45" w="212" /><ent r="3" t="45" w="215" /></phr></stem><stem n="{result}"><phr n="{result}"><ent r="5" t="37" w="775" /><ent r="4" t="37" w="1665" /></phr></stem><stem n="scat"><phr n="SCAT"><ent r="100" t="37" w="791" /><ent r="65" t="37" w="793" /><ent r="83" t="37" w="3078" /><ent r="5" t="37" w="3085" /><ent r="5" t="37" w="3130" /><ent r="3" t="37" w="3165" /></phr></stem><stem n="&quot;variable1&quot;"><phr n="&quot;variable1&quot;"><ent r="65" t="37" w="795" /><ent r="83" t="37" w="3080" /></phr></stem><stem n="&quot;variable2&quot;"><phr n="&quot;variable2&quot;"><ent r="65" t="37" w="796" /><ent r="83" t="37" w="3081" /></phr></stem><stem n=":concaten"><phr n=":ConCATenate"><ent r="100" t="37" w="799" /></phr></stem><stem n="#number"><phr n="#number"><ent r="65" t="37" w="818" /><ent r="83" t="37" w="2520" /></phr></stem><stem n="timer"><phr n="timer"><ent r="4" t="37" w="868" /><ent r="3" t="37" w="3573" /><ent r="4" t="37" w="3597" /><ent r="5" t="38" w="171" /></phr><phr n="Timers"><ent r="100" t="38" w="95" /><ent r="3" t="38" w="98" /></phr><phr n="timers"><ent r="3" t="53" w="120" /></phr></stem><stem n="alphabet"><phr n="Alphabetical"><ent r="92" t="37" w="929" /></phr><phr n="alphabetically"><ent r="6" t="70" w="1229" /></phr></stem><stem n="stand"><phr n="stands"><ent r="3" t="37" w="956" /><ent r="3" t="37" w="1078" /></phr></stem><stem n="&quot;basic"><phr n="&quot;Basic"><ent r="3" t="37" w="958" /><ent r="3" t="37" w="1080" /></phr></stem><stem n="asn.1."><phr n="ASN.1."><ent r="3" t="37" w="963" /><ent r="3" t="37" w="962" /><ent r="3" t="37" w="1085" /><ent r="3" t="37" w="1084" /></phr></stem><stem n=".1."><phr n=".1."><ent r="3" t="37" w="964" /><ent r="3" t="37" w="1086" /></phr></stem><stem n="intermapper-specif"><phr n="InterMapper-specific"><ent r="4" t="37" w="983" /><ent r="64" t="37" w="1107" /></phr></stem><stem n="(sequenc"><phr n="(sequences"><ent r="4" t="37" w="996" /></phr></stem><stem n="liter"><phr n="literal"><ent r="4" t="37" w="1017" /><ent r="4" t="37" w="1025" /></phr><phr n="literally"><ent r="3" t="52" w="16" /></phr></stem><stem n="rememb"><phr n="Remember"><ent r="3" t="37" w="1028" /><ent r="3" t="69" w="179" /></phr></stem><stem n="{}"><phr n="{}"><ent r="4" t="37" w="1032" /><ent r="4" t="37" w="1048" /></phr></stem><stem n="confus"><phr n="confuse"><ent r="3" t="37" w="1039" /></phr><phr n="confused"><ent r="3" t="37" w="1793" /></phr></stem><stem n="#1,"><phr n="#1,"><ent r="3" t="37" w="1058" /><ent r="3" t="37" w="1128" /></phr></stem><stem n="[61]{"><phr n="[61]{"><ent r="3" t="37" w="1059" /></phr></stem><stem n="0a"><phr n="0A"><ent r="3" t="37" w="1059" /></phr></stem><stem n="enum"><phr n="ENUM"><ent r="3" t="37" w="1060" /></phr></stem><stem n="[0a]#enum,"><phr n="[0A]#ENUM,"><ent r="3" t="37" w="1061" /></phr></stem><stem n="&quot;&quot;,"><phr n="&quot;&quot;,"><ent r="3" t="37" w="1061" /></phr></stem><stem n="@parse_error"><phr n="@PARSE_ERROR"><ent r="3" t="37" w="1063" /></phr></stem><stem n="parse_error"><phr n="PARSE_ERROR"><ent r="3" t="37" w="1063" /><ent r="3" t="37" w="1062" /></phr></stem><stem n="[60]{"><phr n="[60]{"><ent r="3" t="37" w="1129" /></phr></stem><stem n="#3,"><phr n="#3,"><ent r="3" t="37" w="1130" /></phr></stem><stem n="&quot;${bind"><phr n="&quot;${Bind"><ent r="3" t="37" w="1131" /></phr></stem><stem n="bind"><phr n="Bind"><ent r="3" t="37" w="1131" /><ent r="3" t="37" w="1135" /></phr></stem><stem n="}&quot;,"><phr n="}&quot;,"><ent r="3" t="37" w="1133" /></phr></stem><stem n="80"><phr n="80"><ent r="3" t="37" w="1133" /><ent r="3" t="44" w="506" /><ent r="3" t="61" w="367" /><ent r="3" t="61" w="952" /></phr></stem><stem n="[80]&quot;${bind"><phr n="[80]&quot;${Bind"><ent r="3" t="37" w="1135" /></phr></stem><stem n="*}&quot;}"><phr n="*}&quot;}"><ent r="3" t="37" w="1137" /></phr></stem><stem n="construct"><phr n="construct"><ent r="3" t="37" w="1175" /><ent r="4" t="64" w="146" /></phr></stem><stem n="cr"><phr n="CR"><ent r="100" t="37" w="1207" /><ent r="100" t="37" w="2193" /><ent r="100" t="37" w="2196" /><ent r="4" t="37" w="2215" /><ent r="3" t="37" w="3209" /><ent r="3" t="37" w="3232" /><ent r="100" t="39" w="220" /><ent r="3" t="39" w="267" /></phr></stem><stem n="cr-lf"><phr n="CR-LF"><ent r="100" t="37" w="1207" /><ent r="100" t="37" w="2193" /><ent r="100" t="37" w="2196" /><ent r="4" t="37" w="2215" /><ent r="3" t="37" w="3209" /><ent r="3" t="37" w="3232" /><ent r="100" t="39" w="220" /><ent r="3" t="39" w="267" /></phr></stem><stem n="lf"><phr n="LF"><ent r="100" t="37" w="1208" /><ent r="100" t="37" w="2194" /><ent r="100" t="37" w="2197" /><ent r="100" t="37" w="2199" /><ent r="4" t="37" w="2216" /><ent r="4" t="37" w="2221" /><ent r="3" t="37" w="3210" /><ent r="3" t="37" w="3233" /><ent r="100" t="39" w="221" /><ent r="3" t="39" w="268" /></phr></stem><stem n="-lf:specifi"><phr n="-LF:specify"><ent r="100" t="37" w="1209" /><ent r="100" t="37" w="1209" /></phr></stem><stem n="#timeout:"><phr n="#timeout:"><ent r="4" t="37" w="1274" /></phr></stem><stem n="&quot;telnet&quot;:"><phr n="&quot;TELNET&quot;:"><ent r="4" t="37" w="1290" /></phr></stem><stem n=":allow"><phr n=":allows"><ent r="100" t="37" w="1301" /></phr></stem><stem n="&quot;telnet&quot;"><phr n="&quot;TELNET&quot;"><ent r="3" t="37" w="1308" /></phr></stem><stem n="(includ"><phr n="(including"><ent r="3" t="37" w="1308" /><ent r="3" t="48" w="117" /></phr></stem><stem n="-by-lin"><phr n="-by-line"><ent r="3" t="37" w="1346" /><ent r="3" t="37" w="1347" /></phr></stem><stem n="line-bi"><phr n="line-by"><ent r="3" t="37" w="1346" /></phr></stem><stem n="line-by-lin"><phr n="line-by-line"><ent r="3" t="37" w="1346" /></phr></stem><stem n="by-lin"><phr n="by-line"><ent r="3" t="37" w="1347" /></phr></stem><stem n="ssl"><phr n="SSL"><ent r="3" t="37" w="1362" /><ent r="3" t="41" w="508" /></phr></stem><stem n=":adh"><phr n=":ADH"><ent r="4" t="37" w="1376" /></phr></stem><stem n="adh"><phr n="ADH"><ent r="4" t="37" w="1376" /></phr></stem><stem n="-hellman"><phr n="-Hellman"><ent r="3" t="37" w="1380" /><ent r="3" t="37" w="1380" /></phr></stem><stem n="diff"><phr n="Diffe"><ent r="3" t="37" w="1380" /></phr></stem><stem n="diffe-hellman"><phr n="Diffe-Hellman"><ent r="3" t="37" w="1380" /></phr></stem><stem n="hellman"><phr n="Hellman"><ent r="3" t="37" w="1381" /></phr></stem><stem n=":no_tl"><phr n=":NO_TLS"><ent r="4" t="37" w="1387" /></phr></stem><stem n="no_tl"><phr n="NO_TLS"><ent r="4" t="37" w="1387" /><ent r="4" t="37" w="1386" /></phr></stem><stem n="tl"><phr n="TLS"><ent r="4" t="37" w="1387" /></phr></stem><stem n="tlsv1"><phr n="TLSv1"><ent r="3" t="37" w="1389" /></phr></stem><stem n="alrm"><phr n="ALRM"><ent r="100" t="37" w="1501" /><ent r="3" t="37" w="1509" /><ent r="100" t="37" w="1551" /><ent r="3" t="37" w="1554" /><ent r="4" t="37" w="1570" /><ent r="3" t="37" w="3409" /><ent r="100" t="37" w="3418" /><ent r="3" t="37" w="3421" /><ent r="3" t="37" w="4020" /><ent r="3" t="37" w="4034" /><ent r="3" t="37" w="4075" /><ent r="3" t="37" w="4090" /><ent r="3" t="37" w="4468" /><ent r="3" t="37" w="4482" /><ent r="100" t="39" w="371" /><ent r="3" t="39" w="375" /><ent r="3" t="39" w="439" /><ent r="3" t="39" w="528" /><ent r="100" t="39" w="534" /><ent r="3" t="39" w="537" /></phr></stem><stem n="[okai"><phr n="[OKAY"><ent r="3" t="37" w="1505" /><ent r="3" t="37" w="3405" /></phr></stem><stem n="&quot;message&quot;"><phr n="&quot;message&quot;"><ent r="3" t="37" w="1521" /></phr></stem><stem n="&quot;[http]"><phr n="&quot;[HTTP]"><ent r="3" t="37" w="1556" /><ent r="3" t="37" w="1602" /><ent r="3" t="37" w="3423" /></phr></stem><stem n="recogn"><phr n="Recognize"><ent r="100" t="37" w="1574" /><ent r="100" t="37" w="4016" /></phr><phr n="recognize"><ent r="100" t="37" w="4014" /><ent r="3" t="37" w="4027" /><ent r="3" t="37" w="4475" /><ent r="3" t="37" w="4587" /></phr></stem><stem n=":user"><phr n=":USER"><ent r="100" t="37" w="1575" /></phr></stem><stem n="tip"><phr n="Tip"><ent r="4" t="37" w="1623" /><ent r="4" t="37" w="2304" /><ent r="4" t="37" w="3848" /><ent r="4" t="65" w="262" /><ent r="1000" t="73" w="1" /><ent r="102" t="73" w="9" /><ent r="4" t="73" w="77" /></phr></stem><stem n="&quot;done"><phr n="&quot;DONE"><ent r="3" t="37" w="1645" /></phr></stem><stem n="$msgstring"><phr n="$msgstring"><ent r="3" t="37" w="1726" /></phr></stem><stem n="$otherstr"><phr n="$otherstring"><ent r="3" t="37" w="1727" /></phr></stem><stem n="--simpl"><phr n="--Simple"><ent r="3" t="37" w="1728" /><ent r="3" t="37" w="1729" /></phr></stem><stem n="$newopen"><phr n="$newopen"><ent r="3" t="37" w="1734" /></phr></stem><stem n="$fileopen"><phr n="$fileopen"><ent r="3" t="37" w="1735" /></phr></stem><stem n="$prevfileopen"><phr n="$prevfileopen"><ent r="3" t="37" w="1736" /></phr></stem><stem n="--use"><phr n="--Use"><ent r="3" t="37" w="1737" /><ent r="3" t="37" w="1738" /><ent r="3" t="37" w="1750" /><ent r="3" t="37" w="1751" /></phr></stem><stem n="$prevtest"><phr n="$prevtest"><ent r="3" t="37" w="1744" /></phr></stem><stem n="(&quot;test&quot;)"><phr n="(&quot;test&quot;)"><ent r="3" t="37" w="1747" /></phr></stem><stem n="$msg"><phr n="$msg"><ent r="3" t="37" w="1755" /><ent r="3" t="37" w="1757" /></phr></stem><stem n="_part"><phr n="_part"><ent r="3" t="37" w="1756" /></phr></stem><stem n="$msg_part"><phr n="$msg_part"><ent r="3" t="37" w="1756" /><ent r="3" t="37" w="1755" /></phr></stem><stem n="($msg"><phr n="($msg"><ent r="3" t="37" w="1757" /></phr></stem><stem n="&quot;(.*)|"><phr n="&quot;(.*)|"><ent r="3" t="37" w="1759" /></phr></stem><stem n="^|"><phr n="^|"><ent r="3" t="37" w="1760" /></phr></stem><stem n="*([^|]+)$&quot;)"><phr n="*([^|]+)$&quot;)"><ent r="3" t="37" w="1763" /></phr></stem><stem n="ec"><phr n="ec"><ent r="3" t="37" w="1863" /></phr></stem><stem n="fall"><phr n="falls"><ent r="4" t="37" w="1889" /><ent r="3" t="37" w="2379" /><ent r="3" t="37" w="3297" /></phr><phr n="fall"><ent r="3" t="70" w="62" /></phr></stem><stem n="*next*"><phr n="*next*"><ent r="4" t="37" w="1931" /><ent r="3" t="37" w="2401" /></phr></stem><stem n="keep"><phr n="keeps"><ent r="4" t="37" w="1942" /><ent r="3" t="37" w="2412" /></phr><phr n="keep"><ent r="4" t="49" w="292" /></phr></stem><stem n="&quot;220"><phr n="&quot;220"><ent r="3" t="37" w="1978" /><ent r="3" t="37" w="3892" /><ent r="3" t="37" w="4165" /><ent r="3" t="37" w="4197" /><ent r="3" t="37" w="4244" /><ent r="3" t="37" w="4304" /></phr></stem><stem n="expir"><phr n="expires"><ent r="3" t="37" w="2027" /><ent r="3" t="37" w="2498" /><ent r="3" t="37" w="3345" /></phr></stem><stem n=":cr-lf"><phr n=":CR-LF"><ent r="100" t="37" w="2193" /></phr></stem><stem n="-lf"><phr n="-LF"><ent r="100" t="37" w="2196" /><ent r="100" t="37" w="2196" /><ent r="4" t="37" w="2215" /><ent r="4" t="37" w="2215" /><ent r="3" t="37" w="3209" /><ent r="3" t="37" w="3209" /><ent r="100" t="39" w="220" /><ent r="100" t="39" w="220" /></phr></stem><stem n="regard"><phr n="regard"><ent r="4" t="37" w="2247" /></phr></stem><stem n=":scan"><phr n=":scanning"><ent r="100" t="37" w="2257" /></phr></stem><stem n="necessarili"><phr n="necessarily"><ent r="4" t="37" w="2273" /></phr></stem><stem n="broken"><phr n="broken"><ent r="4" t="37" w="2274" /></phr></stem><stem n="4096"><phr n="4096"><ent r="4" t="37" w="2287" /></phr></stem><stem n="'ve"><phr n="'ve"><ent r="3" t="37" w="2310" /></phr></stem><stem n="you'v"><phr n="you've"><ent r="3" t="37" w="2310" /><ent r="3" t="37" w="2309" /></phr></stem><stem n="ve"><phr n="ve"><ent r="3" t="37" w="2310" /></phr></stem><stem n="shouldn"><phr n="shouldn"><ent r="3" t="37" w="2321" /></phr></stem><stem n="shouldn't"><phr n="shouldn't"><ent r="3" t="37" w="2322" /><ent r="3" t="37" w="2321" /></phr></stem><stem n="restor"><phr n="restored"><ent r="3" t="37" w="2334" /></phr></stem><stem n="miss"><phr n="miss"><ent r="3" t="37" w="2338" /></phr><phr n="missing"><ent r="4" t="37" w="2626" /><ent r="3" t="71" w="169" /></phr></stem><stem n="tch"><phr n="TCH"><ent r="5" t="37" w="2362" /></phr></stem><stem n="&quot;331&quot;"><phr n="&quot;331&quot;"><ent r="3" t="37" w="2448" /><ent r="3" t="37" w="3914" /><ent r="3" t="37" w="4396" /></phr></stem><stem n="#16"><phr n="#16"><ent r="3" t="37" w="2448" /><ent r="3" t="37" w="3918" /><ent r="3" t="37" w="4400" /></phr></stem><stem n="&quot;3&quot;,"><phr n="&quot;3&quot;,"><ent r="4" t="37" w="2594" /></phr></stem><stem n="&quot;6&quot;."><phr n="&quot;6&quot;."><ent r="4" t="37" w="2599" /></phr></stem><stem n="golf"><phr n="golf"><ent r="4" t="37" w="2604" /></phr></stem><stem n="&quot;golf&quot;,"><phr n="&quot;golf&quot;,"><ent r="4" t="37" w="2605" /></phr></stem><stem n="&quot;3&quot;"><phr n="&quot;3&quot;"><ent r="4" t="37" w="2610" /><ent r="5" t="37" w="3533" /></phr></stem><stem n="yield"><phr n="yields"><ent r="4" t="37" w="2619" /></phr></stem><stem n="#${arg1}"><phr n="#${arg1}"><ent r="5" t="37" w="2691" /><ent r="3" t="37" w="2790" /></phr></stem><stem n="#${arg2}"><phr n="#${arg2}"><ent r="5" t="37" w="2693" /><ent r="3" t="37" w="2792" /></phr></stem><stem n="{arg1}"><phr n="{arg1}"><ent r="5" t="37" w="2708" /><ent r="4" t="37" w="2807" /><ent r="5" t="37" w="3063" /></phr></stem><stem n="{arg2}"><phr n="{arg2}"><ent r="5" t="37" w="2715" /><ent r="4" t="37" w="2815" /><ent r="5" t="37" w="3071" /></phr></stem><stem n="(repres"><phr n="(represented"><ent r="3" t="37" w="2833" /></phr></stem><stem n="{line}"><phr n="{LINE}"><ent r="4" t="37" w="2839" /></phr></stem><stem n="implicit"><phr n="implicit"><ent r="4" t="37" w="2864" /></phr></stem><stem n="&quot;${arg1}&quot;"><phr n="&quot;${arg1}&quot;"><ent r="5" t="37" w="3046" /></phr></stem><stem n="&quot;${arg2}&quot;"><phr n="&quot;${arg2}&quot;"><ent r="5" t="37" w="3048" /></phr></stem><stem n="con"><phr n="Con"><ent r="3" t="37" w="3091" /></phr></stem><stem n="enat"><phr n="enate"><ent r="3" t="37" w="3095" /></phr></stem><stem n="{name}"><phr n="{name}"><ent r="5" t="37" w="3121" /><ent r="5" t="37" w="3142" /></phr></stem><stem n="_long"><phr n="_LONG"><ent r="100" t="37" w="3128" /></phr></stem><stem n="too_long"><phr n="TOO_LONG"><ent r="100" t="37" w="3128" /><ent r="100" t="37" w="3127" /><ent r="5" t="37" w="3134" /><ent r="5" t="37" w="3133" /><ent r="4" t="37" w="3175" /><ent r="4" t="37" w="3174" /></phr></stem><stem n="&quot;flintstone&quot;"><phr n="&quot;Flintstone&quot;"><ent r="5" t="37" w="3133" /></phr></stem><stem n="@too_long"><phr n="@TOO_LONG"><ent r="5" t="37" w="3134" /><ent r="4" t="37" w="3175" /></phr></stem><stem n="fredflintston"><phr n="FredFlintstone"><ent r="4" t="37" w="3146" /></phr></stem><stem n="&quot;fredflintstone&quot;"><phr n="&quot;FredFlintstone&quot;"><ent r="4" t="37" w="3147" /></phr></stem><stem n="sum"><phr n="sum"><ent r="3" t="37" w="3153" /></phr></stem><stem n=",535"><phr n=",535"><ent r="3" t="37" w="3162" /><ent r="3" t="37" w="3555" /></phr></stem><stem n="65,535"><phr n="65,535"><ent r="3" t="37" w="3162" /><ent r="3" t="37" w="3161" /><ent r="3" t="37" w="3555" /><ent r="3" t="37" w="3554" /></phr></stem><stem n="535"><phr n="535"><ent r="3" t="37" w="3162" /><ent r="3" t="37" w="3555" /></phr></stem><stem n="explicitli"><phr n="explicitly"><ent r="3" t="37" w="3206" /><ent r="3" t="66" w="537" /></phr></stem><stem n="&quot;greetings!\r\n&quot;"><phr n="&quot;Greetings!\r\n&quot;"><ent r="4" t="37" w="3224" /></phr></stem><stem n="transmit"><phr n="transmits"><ent r="3" t="37" w="3225" /></phr></stem><stem n="&quot;greetings!&quot;"><phr n="&quot;Greetings!&quot;"><ent r="3" t="37" w="3229" /></phr></stem><stem n="-lf."><phr n="-LF."><ent r="3" t="37" w="3234" /><ent r="3" t="37" w="3234" /><ent r="3" t="39" w="269" /><ent r="3" t="39" w="269" /></phr></stem><stem n="unexpectedli"><phr n="unexpectedly"><ent r="3" t="37" w="3324" /><ent r="3" t="37" w="3827" /></phr></stem><stem n="#fail."><phr n="#fail."><ent r="3" t="37" w="3330" /></phr></stem><stem n="{variable}"><phr n="{variable}"><ent r="4" t="37" w="3494" /></phr></stem><stem n=":foobar"><phr n=":foobar"><ent r="100" t="37" w="3499" /></phr></stem><stem n="foobar"><phr n="foobar"><ent r="100" t="37" w="3499" /><ent r="5" t="37" w="3503" /><ent r="4" t="37" w="3513" /></phr></stem><stem n="&quot;foobar&quot;"><phr n="&quot;foobar&quot;"><ent r="5" t="37" w="3504" /></phr></stem><stem n="{fred}"><phr n="{fred}"><ent r="5" t="37" w="3528" /></phr></stem><stem n="&quot;3&quot;."><phr n="&quot;3&quot;."><ent r="4" t="37" w="3543" /></phr></stem><stem n="connecttim"><phr n="Connecttime"><ent r="100" t="37" w="3631" /></phr><phr n="connecttime"><ent r="5" t="37" w="3634" /><ent r="5" t="37" w="3640" /></phr></stem><stem n="&quot;connecttime&quot;"><phr n="&quot;connecttime&quot;"><ent r="5" t="37" w="3635" /></phr></stem><stem n="#secs:"><phr n="#secs:"><ent r="4" t="37" w="3704" /></phr></stem><stem n=":includ"><phr n=":include"><ent r="100" t="37" w="3708" /></phr></stem><stem n="#idlefail:"><phr n="#idlefail:"><ent r="4" t="37" w="3746" /></phr></stem><stem n="[link]"><phr n="[link]"><ent r="3" t="37" w="3810" /></phr></stem><stem n="#discfail:"><phr n="#discfail:"><ent r="4" t="37" w="3814" /></phr></stem><stem n=":annot"><phr n=":Annotated"><ent r="100" t="37" w="3864" /></phr></stem><stem n="#21"><phr n="#21"><ent r="3" t="37" w="3880" /><ent r="3" t="37" w="4108" /></phr></stem><stem n="(default"><phr n="(default"><ent r="3" t="37" w="3881" /><ent r="3" t="37" w="4109" /><ent r="4" t="55" w="281" /><ent r="4" t="55" w="300" /><ent r="4" t="55" w="317" /></phr></stem><stem n="04"><phr n="04"><ent r="3" t="37" w="3902" /><ent r="3" t="37" w="4323" /><ent r="3" t="55" w="845" /></phr></stem><stem n="&quot;user"><phr n="&quot;USER"><ent r="3" t="37" w="3904" /><ent r="3" t="37" w="4325" /></phr></stem><stem n="{user"><phr n="{User"><ent r="3" t="37" w="3906" /><ent r="3" t="37" w="4327" /></phr></stem><stem n="}\r\n&quot;"><phr n="}\r\n&quot;"><ent r="3" t="37" w="3910" /><ent r="3" t="37" w="4331" /><ent r="3" t="39" w="464" /></phr></stem><stem n="-2-"><phr n="-2-"><ent r="3" t="37" w="3916" /><ent r="3" t="37" w="3917" /><ent r="3" t="37" w="4010" /><ent r="3" t="37" w="4011" /><ent r="3" t="37" w="4398" /><ent r="3" t="37" w="4399" /><ent r="3" t="37" w="4463" /><ent r="3" t="37" w="4464" /></phr></stem><stem n="2-"><phr n="2-"><ent r="3" t="37" w="3916" /><ent r="3" t="37" w="4010" /><ent r="3" t="37" w="4398" /><ent r="3" t="37" w="4463" /></phr></stem><stem n="&quot;pass"><phr n="&quot;PASS"><ent r="3" t="37" w="3924" /></phr></stem><stem n="{password}\r\n&quot;"><phr n="{Password}\r\n&quot;"><ent r="3" t="37" w="3929" /></phr></stem><stem n="07"><phr n="07"><ent r="3" t="37" w="3930" /></phr></stem><stem n="230"><phr n="230"><ent r="3" t="37" w="3932" /></phr></stem><stem n="&quot;230&quot;"><phr n="&quot;230&quot;"><ent r="3" t="37" w="3933" /></phr></stem><stem n="-3-"><phr n="-3-"><ent r="3" t="37" w="3935" /><ent r="3" t="37" w="3936" /><ent r="3" t="37" w="4053" /><ent r="3" t="37" w="4054" /></phr></stem><stem n="3-"><phr n="3-"><ent r="3" t="37" w="3935" /><ent r="3" t="37" w="4053" /></phr></stem><stem n="#20"><phr n="#20"><ent r="3" t="37" w="3937" /></phr></stem><stem n="&quot;noop\r\n&quot;"><phr n="&quot;NOOP\r\n&quot;"><ent r="3" t="37" w="3946" /></phr></stem><stem n="09"><phr n="09"><ent r="3" t="37" w="3947" /><ent r="3" t="55" w="1130" /><ent r="3" t="64" w="406" /><ent r="3" t="64" w="444" /><ent r="3" t="64" w="467" /><ent r="3" t="64" w="490" /></phr></stem><stem n="200"><phr n="200"><ent r="3" t="37" w="3949" /><ent r="3" t="44" w="908" /><ent r="3" t="61" w="1224" /></phr></stem><stem n="&quot;200&quot;"><phr n="&quot;200&quot;"><ent r="3" t="37" w="3950" /><ent r="3" t="44" w="909" /></phr></stem><stem n="-4-"><phr n="-4-"><ent r="3" t="37" w="3952" /><ent r="3" t="37" w="3953" /></phr></stem><stem n="4-"><phr n="4-"><ent r="3" t="37" w="3952" /></phr></stem><stem n="#24"><phr n="#24"><ent r="3" t="37" w="3954" /></phr></stem><stem n="&quot;quit\r\n&quot;"><phr n="&quot;QUIT\r\n&quot;"><ent r="3" t="37" w="3961" /></phr></stem><stem n="221"><phr n="221"><ent r="3" t="37" w="3964" /></phr></stem><stem n="&quot;221&quot;"><phr n="&quot;221&quot;"><ent r="3" t="37" w="3965" /></phr></stem><stem n="#+1"><phr n="#+1"><ent r="3" t="37" w="3965" /></phr></stem><stem n="(i.e."><phr n="(i.e."><ent r="3" t="37" w="3968" /><ent r="3" t="56" w="378" /></phr></stem><stem n="&quot;[ftp]"><phr n="&quot;[FTP]"><ent r="3" t="37" w="3990" /><ent r="3" t="37" w="4022" /><ent r="3" t="37" w="4036" /><ent r="3" t="37" w="4066" /><ent r="3" t="37" w="4077" /><ent r="3" t="37" w="4092" /><ent r="3" t="37" w="4470" /><ent r="3" t="37" w="4484" /></phr></stem><stem n="{_remoteport}."><phr n="{_REMOTEPORT}."><ent r="3" t="37" w="3996" /></phr></stem><stem n="{_line:50})&quot;"><phr n="{_LINE:50})&quot;"><ent r="3" t="37" w="3999" /></phr></stem><stem n="&quot;500&quot;"><phr n="&quot;500&quot;"><ent r="3" t="37" w="4007" /><ent r="3" t="37" w="4460" /></phr></stem><stem n=":recogn"><phr n=":recognize"><ent r="100" t="37" w="4014" /></phr></stem><stem n="17"><phr n="17"><ent r="3" t="37" w="4018" /><ent r="3" t="37" w="4466" /><ent r="3" t="37" w="4578" /><ent r="3" t="54" w="489" /></phr></stem><stem n="'user'"><phr n="'USER'"><ent r="3" t="37" w="4030" /></phr></stem><stem n="(${_line:50})&quot;"><phr n="(${_LINE:50})&quot;"><ent r="3" t="37" w="4044" /><ent r="3" t="37" w="4085" /><ent r="3" t="37" w="4100" /><ent r="3" t="37" w="4492" /></phr></stem><stem n="530"><phr n="530"><ent r="3" t="37" w="4049" /></phr></stem><stem n="&quot;530&quot;"><phr n="&quot;530&quot;"><ent r="3" t="37" w="4050" /></phr></stem><stem n="incorrect"><phr n="Incorrect"><ent r="100" t="37" w="4056" /><ent r="3" t="37" w="4066" /></phr></stem><stem n="\&quot;${user"><phr n="\&quot;${User"><ent r="3" t="37" w="4070" /></phr></stem><stem n="}&quot;.&quot;"><phr n="}&quot;.&quot;"><ent r="3" t="37" w="4072" /></phr></stem><stem n="hear"><phr n="hear"><ent r="3" t="37" w="4154" /></phr></stem><stem n="our"><phr n="Our"><ent r="3" t="37" w="4190" /></phr><phr n="our"><ent r="4" t="41" w="336" /><ent r="3" t="52" w="119" /><ent r="3" t="62" w="105" /></phr></stem><stem n="220-"><phr n="220-"><ent r="3" t="37" w="4213" /></phr></stem><stem n="&quot;220-&quot;;"><phr n="&quot;220-&quot;;"><ent r="3" t="37" w="4215" /></phr></stem><stem n="dash"><phr n="dash"><ent r="3" t="37" w="4217" /></phr></stem><stem n="&quot;-1-&quot;"><phr n="&quot;-1-&quot;"><ent r="3" t="37" w="4262" /><ent r="3" t="37" w="4316" /></phr></stem><stem n="arbitrari"><phr n="arbitrary"><ent r="3" t="37" w="4264" /></phr></stem><stem n="destin"><phr n="destination"><ent r="3" t="37" w="4270" /><ent r="3" t="37" w="4321" /><ent r="4" t="55" w="279" /><ent r="3" t="61" w="65" /><ent r="3" t="61" w="99" /><ent r="3" t="61" w="125" /><ent r="3" t="61" w="129" /><ent r="3" t="61" w="239" /><ent r="3" t="61" w="334" /><ent r="4" t="61" w="450" /><ent r="3" t="61" w="808" /><ent r="6" t="68" w="157" /></phr></stem><stem n="-1-&quot;"><phr n="-1-&quot;"><ent r="3" t="37" w="4284" /><ent r="3" t="37" w="4285" /></phr></stem><stem n="(except"><phr n="(except"><ent r="3" t="37" w="4287" /></phr></stem><stem n=":carriage-return"><phr n=":carriage-return"><ent r="100" t="37" w="4336" /></phr></stem><stem n="carriage-return"><phr n="carriage-return"><ent r="100" t="37" w="4336" /><ent r="3" t="37" w="4375" /></phr><phr n="Carriage-return"><ent r="100" t="37" w="4339" /></phr></stem><stem n="-return"><phr n="-return"><ent r="100" t="37" w="4339" /><ent r="100" t="37" w="4339" /><ent r="3" t="37" w="4375" /><ent r="3" t="37" w="4375" /></phr></stem><stem n="&quot;anonymous&quot;."><phr n="&quot;anonymous&quot;."><ent r="3" t="37" w="4369" /></phr></stem><stem n="-feed"><phr n="-feed"><ent r="3" t="37" w="4378" /><ent r="3" t="37" w="4378" /></phr></stem><stem n="line-fe"><phr n="line-feed"><ent r="3" t="37" w="4378" /></phr></stem><stem n="feed"><phr n="feed"><ent r="3" t="37" w="4379" /><ent r="64" t="49" w="37" /><ent r="3" t="49" w="157" /><ent r="3" t="49" w="561" /></phr><phr n="feeds"><ent r="3" t="49" w="686" /></phr></stem><stem n="denot"><phr n="denote"><ent r="3" t="37" w="4388" /></phr></stem><stem n="[...]"><phr n="[...]"><ent r="3" t="37" w="4451" /></phr></stem><stem n="\&quot;user&quot;"><phr n="\&quot;USER&quot;"><ent r="3" t="37" w="4478" /></phr></stem><stem n="&quot;500&quot;,"><phr n="&quot;500&quot;,"><ent r="3" t="37" w="4527" /><ent r="3" t="37" w="4563" /><ent r="3" t="37" w="4601" /></phr></stem><stem n="accident"><phr n="accidentally"><ent r="3" t="37" w="4541" /></phr></stem><stem n="server'"><phr n="server's"><ent r="3" t="37" w="4559" /><ent r="3" t="37" w="4558" /><ent r="3" t="37" w="4595" /><ent r="3" t="37" w="4594" /><ent r="6" t="70" w="709" /><ent r="6" t="70" w="708" /></phr></stem><stem n="{line&quot;"><phr n="{LINE&quot;"><ent r="3" t="37" w="4625" /></phr></stem><stem n="varnam"><phr n="varname"><ent r="100" t="38" w="7" /><ent r="7" t="38" w="177" /><ent r="6" t="38" w="185" /><ent r="4" t="38" w="287" /></phr><phr n="Varname"><ent r="100" t="38" w="175" /></phr></stem><stem n=":respons"><phr n=":Response"><ent r="100" t="38" w="12" /></phr></stem><stem n=":measur"><phr n=":Measuring"><ent r="100" t="38" w="20" /></phr></stem><stem n="{_connect}"><phr n="{_connect}"><ent r="6" t="38" w="107" /><ent r="4" t="38" w="270" /><ent r="3" t="39" w="617" /></phr></stem><stem n="durat"><phr n="duration"><ent r="6" t="38" w="118" /><ent r="5" t="38" w="126" /></phr><phr n="Duration"><ent r="8" t="70" w="400" /></phr></stem><stem n="{_active}"><phr n="{_active}"><ent r="6" t="38" w="123" /><ent r="4" t="38" w="275" /><ent r="3" t="39" w="627" /></phr></stem><stem n="customtim"><phr n="Customtimer"><ent r="100" t="38" w="187" /></phr><phr n="customtimer"><ent r="5" t="38" w="195" /></phr></stem><stem n="accuraci"><phr n="Accuracy"><ent r="92" t="38" w="305" /></phr><phr n="accuracy"><ent r="4" t="38" w="359" /></phr></stem><stem n="(icmp"><phr n="(ICMP"><ent r="5" t="38" w="326" /></phr></stem><stem n="echo"><phr n="echoes"><ent r="5" t="38" w="329" /></phr><phr n="Echo"><ent r="3" t="44" w="861" /><ent r="3" t="44" w="925" /><ent r="3" t="44" w="934" /><ent r="3" t="61" w="923" /></phr><phr n="echo"><ent r="3" t="45" w="56" /><ent r="3" t="61" w="598" /><ent r="3" t="61" w="602" /><ent r="3" t="61" w="708" /><ent r="3" t="61" w="761" /><ent r="3" t="61" w="822" /></phr></stem><stem n="accur"><phr n="accurate"><ent r="4" t="38" w="335" /></phr></stem><stem n="moment"><phr n="moment"><ent r="4" t="38" w="347" /><ent r="3" t="42" w="85" /></phr></stem><stem n="udp-bas"><phr n="UDP-based"><ent r="5" t="38" w="362" /></phr></stem><stem n="task"><phr n="tasks"><ent r="4" t="38" w="403" /><ent r="3" t="57" w="138" /></phr><phr n="Task"><ent r="3" t="40" w="1215" /><ent r="3" t="41" w="452" /></phr></stem><stem n="/custom"><phr n="/Custom"><ent r="100" t="39" w="7" /><ent r="100" t="39" w="18" /></phr></stem><stem n="gb/custom"><phr n="GB/Custom"><ent r="100" t="39" w="7" /><ent r="100" t="39" w="6" /></phr></stem><stem n="/p"><phr n="/P"><ent r="100" t="39" w="10" /></phr></stem><stem n="probe/p"><phr n="Probe/P"><ent r="100" t="39" w="10" /><ent r="100" t="39" w="9" /></phr></stem><stem n="fileth"><phr n="FileThe"><ent r="100" t="39" w="15" /></phr></stem><stem n="b5/custom"><phr n="B5/Custom"><ent r="100" t="39" w="18" /><ent r="100" t="39" w="17" /></phr></stem><stem n="/0p"><phr n="/0P"><ent r="100" t="39" w="21" /></phr></stem><stem n="information/0p"><phr n="Information/0P"><ent r="100" t="39" w="21" /><ent r="100" t="39" w="20" /></phr></stem></index>