<?xml version="1.0" encoding="utf-8"?><index><stem n="\4\dropdown:\0\"><phr n="\4\Dropdown:\0\"><ent r="3" t="7" w="472" /></phr></stem><stem n="{test[equal,notequal]}\0\"><phr n="{Test[Equal,NotEqual]}\0\"><ent r="3" t="7" w="477" /></phr></stem><stem n="choice1"><phr n="Choice1"><ent r="3" t="7" w="484" /><ent r="3" t="7" w="598" /></phr></stem><stem n="choice1,choice2"><phr n="Choice1,Choice2"><ent r="3" t="7" w="485" /><ent r="3" t="7" w="484" /><ent r="3" t="7" w="599" /><ent r="3" t="7" w="598" /></phr></stem><stem n="choice2"><phr n="Choice2"><ent r="3" t="7" w="485" /><ent r="3" t="7" w="488" /><ent r="3" t="7" w="492" /><ent r="3" t="7" w="599" /><ent r="3" t="7" w="601" /></phr></stem><stem n="choice1,choice2,choice3"><phr n="Choice1,Choice2,Choice3"><ent r="3" t="7" w="486" /><ent r="3" t="7" w="484" /><ent r="3" t="7" w="600" /><ent r="3" t="7" w="598" /></phr></stem><stem n="choice3"><phr n="Choice3"><ent r="3" t="7" w="486" /><ent r="3" t="7" w="600" /></phr></stem><stem n="(${dropdown[choice1,choice2,choice3]}"><phr n="(${Dropdown[Choice1,Choice2,Choice3]}"><ent r="3" t="7" w="487" /></phr></stem><stem n="!="><phr n="!="><ent r="3" t="7" w="487" /><ent r="5" t="17" w="400" /><ent r="3" t="61" w="614" /></phr></stem><stem n="&quot;choice2&quot;)"><phr n="&quot;Choice2&quot;)"><ent r="3" t="7" w="489" /></phr></stem><stem n="&quot;it'"><phr n="&quot;It's"><ent r="3" t="7" w="490" /></phr></stem><stem n="!&quot;"><phr n="!&quot;"><ent r="3" t="7" w="493" /><ent r="3" t="14" w="1314" /></phr></stem><stem n="/snmp-device-variables&gt;"><phr n="/snmp-device-variables&gt;"><ent r="3" t="7" w="494" /><ent r="3" t="13" w="2087" /><ent r="3" t="14" w="581" /><ent r="3" t="16" w="187" /><ent r="3" t="16" w="1238" /><ent r="3" t="20" w="402" /><ent r="3" t="22" w="1376" /><ent r="3" t="24" w="2840" /><ent r="3" t="27" w="393" /><ent r="3" t="29" w="570" /><ent r="3" t="29" w="728" /><ent r="3" t="29" w="1004" /><ent r="3" t="29" w="1111" /><ent r="3" t="32" w="1509" /></phr></stem><stem n="snmp-device-variables&gt;"><phr n="snmp-device-variables&gt;"><ent r="3" t="7" w="494" /><ent r="3" t="13" w="2087" /><ent r="3" t="14" w="581" /><ent r="3" t="16" w="187" /><ent r="3" t="16" w="1238" /><ent r="3" t="20" w="402" /><ent r="3" t="22" w="1376" /><ent r="3" t="24" w="2840" /><ent r="3" t="27" w="393" /><ent r="3" t="29" w="570" /><ent r="3" t="29" w="728" /><ent r="3" t="29" w="1004" /><ent r="3" t="29" w="1111" /><ent r="3" t="32" w="1509" /></phr></stem><stem n="true,fals"><phr n="true,false"><ent r="3" t="7" w="513" /><ent r="3" t="7" w="512" /><ent r="3" t="7" w="604" /><ent r="3" t="7" w="603" /></phr></stem><stem n="&quot;checkbox[true,false]&quot;"><phr n="&quot;Checkbox[true,false]&quot;"><ent r="3" t="7" w="514" /><ent r="3" t="7" w="605" /></phr></stem><stem n="&quot;true&quot;"><phr n="&quot;true&quot;"><ent r="3" t="7" w="515" /><ent r="3" t="7" w="519" /><ent r="3" t="7" w="606" /><ent r="3" t="25" w="61" /><ent r="3" t="27" w="133" /></phr></stem><stem n="{checkbox[equal,notequal]},"><phr n="{Checkbox[Equal,NotEqual]},"><ent r="3" t="7" w="535" /></phr></stem><stem n="demonstr"><phr n="demonstrates"><ent r="3" t="7" w="571" /><ent r="3" t="14" w="39" /><ent r="3" t="14" w="719" /><ent r="3" t="28" w="353" /></phr><phr n="demonstrate"><ent r="3" t="14" w="889" /></phr><phr n="demonstrated"><ent r="3" t="20" w="287" /></phr></stem><stem n="screenshot"><phr n="screenshot"><ent r="3" t="7" w="582" /></phr></stem><stem n="&quot;dropdown[choice1,choice2,choice3]&quot;"><phr n="&quot;Dropdown[Choice1,Choice2,Choice3]&quot;"><ent r="3" t="7" w="601" /></phr></stem><stem n="&quot;choice2&quot;"><phr n="&quot;Choice2&quot;"><ent r="3" t="7" w="602" /></phr></stem><stem n="&lt;datasets&gt;"><phr n="&lt;datasets&gt;"><ent r="1000" t="8" w="2" /><ent r="103" t="8" w="7" /><ent r="4" t="8" w="14" /><ent r="4" t="8" w="41" /><ent r="4" t="8" w="64" /><ent r="3" t="8" w="80" /><ent r="3" t="8" w="229" /><ent r="4" t="8" w="414" /><ent r="4" t="8" w="600" /><ent r="5" t="8" w="779" /><ent r="3" t="27" w="428" /></phr></stem><stem n="dataset"><phr n="datasets"><ent r="3" t="8" w="20" /><ent r="3" t="8" w="30" /><ent r="3" t="27" w="64" /></phr><phr n="dataset"><ent r="4" t="8" w="111" /><ent r="4" t="8" w="169" /><ent r="4" t="8" w="189" /><ent r="4" t="8" w="211" /><ent r="3" t="8" w="381" /><ent r="3" t="8" w="611" /><ent r="4" t="8" w="673" /><ent r="4" t="8" w="736" /><ent r="4" t="8" w="756" /><ent r="3" t="27" w="279" /><ent r="3" t="64" w="152" /><ent r="3" t="64" w="254" /><ent r="4" t="64" w="268" /><ent r="3" t="64" w="431" /><ent r="3" t="64" w="454" /><ent r="3" t="64" w="477" /><ent r="3" t="64" w="498" /></phr></stem><stem n="replac"><phr n="replaces"><ent r="3" t="8" w="44" /></phr><phr n="replaced"><ent r="3" t="8" w="596" /><ent r="4" t="8" w="786" /><ent r="3" t="10" w="188" /><ent r="3" t="10" w="257" /><ent r="3" t="13" w="525" /><ent r="5" t="13" w="1416" /><ent r="3" t="13" w="2046" /><ent r="3" t="20" w="63" /><ent r="3" t="20" w="132" /><ent r="3" t="41" w="406" /><ent r="3" t="48" w="128" /><ent r="3" t="48" w="139" /><ent r="4" t="66" w="142" /><ent r="4" t="66" w="157" /><ent r="4" t="66" w="335" /><ent r="3" t="67" w="63" /><ent r="3" t="70" w="50" /><ent r="3" t="70" w="1792" /></phr><phr n="replacement"><ent r="3" t="16" w="2193" /><ent r="3" t="16" w="2288" /><ent r="5" t="77" w="168" /><ent r="5" t="77" w="269" /></phr><phr n="replace"><ent r="3" t="19" w="1822" /><ent r="4" t="60" w="102" /><ent r="3" t="61" w="149" /><ent r="3" t="76" w="13" /></phr><phr n="Replace"><ent r="3" t="44" w="63" /><ent r="3" t="44" w="78" /><ent r="3" t="61" w="1180" /><ent r="3" t="61" w="1182" /></phr><phr n="Replaced"><ent r="4" t="67" w="174" /><ent r="4" t="67" w="190" /><ent r="4" t="67" w="217" /><ent r="4" t="67" w="254" /></phr><phr n="Replaces"><ent r="6" t="70" w="2179" /><ent r="6" t="70" w="2205" /><ent r="6" t="70" w="2232" /><ent r="6" t="70" w="2259" /><ent r="6" t="70" w="2286" /></phr></stem><stem n="&lt;autorecord&gt;"><phr n="&lt;autorecord&gt;"><ent r="4" t="8" w="48" /><ent r="3" t="8" w="54" /><ent r="92" t="8" w="585" /><ent r="4" t="8" w="591" /><ent r="3" t="8" w="627" /><ent r="3" t="8" w="794" /></phr></stem><stem n="column"><phr n="columns"><ent r="3" t="8" w="71" /><ent r="4" t="19" w="232" /><ent r="3" t="19" w="385" /><ent r="3" t="19" w="404" /><ent r="4" t="19" w="870" /><ent r="3" t="19" w="998" /><ent r="3" t="19" w="1028" /><ent r="3" t="19" w="1186" /><ent r="3" t="19" w="1222" /><ent r="3" t="19" w="1229" /><ent r="3" t="19" w="1306" /><ent r="4" t="19" w="1609" /><ent r="3" t="56" w="294" /><ent r="6" t="70" w="959" /></phr><phr n="Column"><ent r="3" t="8" w="73" /></phr><phr n="column"><ent r="3" t="8" w="410" /><ent r="82" t="13" w="791" /><ent r="6" t="16" w="915" /><ent r="4" t="16" w="1579" /><ent r="4" t="16" w="1620" /><ent r="4" t="19" w="256" /><ent r="3" t="19" w="475" /><ent r="3" t="19" w="511" /><ent r="3" t="19" w="601" /><ent r="3" t="19" w="622" /><ent r="3" t="19" w="644" /><ent r="3" t="19" w="666" /><ent r="3" t="19" w="677" /><ent r="3" t="19" w="691" /><ent r="3" t="19" w="704" /><ent r="4" t="19" w="842" /><ent r="4" t="19" w="853" /><ent r="4" t="19" w="884" /><ent r="4" t="19" w="906" /><ent r="3" t="19" w="1197" /><ent r="4" t="19" w="1563" /><ent r="4" t="19" w="1571" /><ent r="4" t="19" w="1582" /><ent r="3" t="64" w="301" /><ent r="3" t="64" w="320" /><ent r="3" t="64" w="327" /><ent r="3" t="64" w="366" /><ent r="4" t="68" w="37" /><ent r="6" t="70" w="386" /></phr></stem><stem n="except"><phr n="except"><ent r="3" t="8" w="72" /><ent r="3" t="14" w="1191" /><ent r="3" t="24" w="1441" /><ent r="4" t="37" w="1923" /><ent r="3" t="37" w="2393" /><ent r="3" t="37" w="4287" /><ent r="3" t="44" w="618" /><ent r="3" t="44" w="644" /><ent r="3" t="49" w="746" /><ent r="3" t="49" w="830" /></phr><phr n="exceptional"><ent r="5" t="21" w="175" /></phr><phr n="Except"><ent r="3" t="71" w="47" /></phr></stem><stem n="quot"><phr n="quotes"><ent r="3" t="8" w="78" /><ent r="5" t="13" w="1408" /><ent r="4" t="17" w="389" /><ent r="4" t="17" w="413" /><ent r="4" t="24" w="249" /><ent r="4" t="31" w="264" /><ent r="4" t="31" w="302" /><ent r="3" t="34" w="631" /><ent r="3" t="34" w="955" /><ent r="4" t="35" w="488" /><ent r="3" t="37" w="1310" /><ent r="3" t="37" w="3479" /><ent r="4" t="66" w="119" /><ent r="4" t="66" w="294" /><ent r="3" t="66" w="376" /><ent r="6" t="68" w="129" /><ent r="3" t="69" w="28" /><ent r="3" t="69" w="128" /><ent r="3" t="69" w="162" /><ent r="4" t="69" w="219" /></phr><phr n="quote"><ent r="5" t="13" w="1393" /><ent r="3" t="23" w="96" /><ent r="4" t="35" w="681" /><ent r="4" t="35" w="763" /><ent r="4" t="35" w="789" /><ent r="3" t="49" w="801" /><ent r="4" t="69" w="240" /></phr><phr n="quoted"><ent r="4" t="13" w="1611" /><ent r="3" t="23" w="64" /><ent r="4" t="24" w="258" /><ent r="3" t="66" w="423" /><ent r="3" t="66" w="478" /><ent r="3" t="67" w="59" /><ent r="6" t="68" w="159" /><ent r="6" t="68" w="188" /><ent r="6" t="68" w="246" /><ent r="6" t="68" w="272" /><ent r="3" t="69" w="150" /><ent r="3" t="69" w="183" /><ent r="3" t="69" w="201" /><ent r="4" t="69" w="225" /></phr><phr n="Quote"><ent r="100" t="35" w="569" /><ent r="5" t="35" w="572" /></phr><phr n="quoting"><ent r="3" t="37" w="3213" /></phr><phr n="Quoted"><ent r="66" t="65" w="195" /><ent r="100" t="66" w="86" /><ent r="66" t="66" w="89" /><ent r="92" t="66" w="346" /><ent r="64" t="66" w="432" /><ent r="1000" t="69" w="1" /><ent r="100" t="69" w="4" /><ent r="102" t="69" w="9" /><ent r="92" t="69" w="105" /><ent r="100" t="69" w="115" /></phr></stem><stem n="$variablenam"><phr n="$variablename"><ent r="3" t="8" w="81" /><ent r="5" t="8" w="91" /></phr><phr n="$VariableName"><ent r="4" t="13" w="468" /><ent r="4" t="16" w="1017" /></phr></stem><stem n="&quot;tag&quot;,"><phr n="&quot;tag&quot;,"><ent r="3" t="8" w="83" /></phr></stem><stem n="unitsofmeasur"><phr n="unitsOfMeasure"><ent r="3" t="8" w="83" /><ent r="5" t="8" w="160" /><ent r="4" t="8" w="408" /><ent r="5" t="8" w="789" /></phr></stem><stem n="&quot;unitsofmeasure&quot;,"><phr n="&quot;unitsOfMeasure&quot;,"><ent r="3" t="8" w="84" /></phr></stem><stem n="autorecordflag"><phr n="autorecordFlag"><ent r="3" t="8" w="84" /><ent r="5" t="8" w="180" /><ent r="4" t="8" w="389" /></phr></stem><stem n="&quot;autorecordflag&quot;,"><phr n="&quot;autorecordFlag&quot;,"><ent r="3" t="8" w="85" /></phr></stem><stem n="legend"><phr n="legend"><ent r="3" t="8" w="85" /><ent r="4" t="8" w="207" /><ent r="4" t="8" w="213" /><ent r="4" t="8" w="216" /><ent r="4" t="8" w="763" /><ent r="4" t="8" w="766" /><ent r="6" t="13" w="722" /><ent r="5" t="13" w="727" /><ent r="82" t="13" w="2023" /><ent r="4" t="13" w="2042" /><ent r="3" t="13" w="2049" /><ent r="3" t="13" w="2106" /><ent r="3" t="16" w="104" /><ent r="5" t="16" w="983" /><ent r="4" t="16" w="1505" /><ent r="3" t="16" w="1716" /><ent r="4" t="16" w="1876" /></phr><phr n="Legend"><ent r="5" t="8" w="196" /><ent r="3" t="8" w="631" /><ent r="3" t="8" w="638" /><ent r="3" t="8" w="643" /><ent r="5" t="8" w="722" /><ent r="5" t="9" w="45" /><ent r="3" t="16" w="405" /><ent r="3" t="27" w="202" /><ent r="3" t="27" w="337" /><ent r="3" t="27" w="386" /></phr><phr n="LEGEND"><ent r="3" t="16" w="123" /><ent r="100" t="16" w="365" /><ent r="3" t="16" w="1176" /></phr><phr n="legends"><ent r="4" t="16" w="1008" /><ent r="3" t="16" w="1699" /></phr><phr n="Legends"><ent r="92" t="16" w="1689" /></phr></stem><stem n="&quot;legend&quot;"><phr n="&quot;legend&quot;"><ent r="3" t="8" w="86" /></phr><phr n="&quot;Legend&quot;"><ent r="3" t="27" w="338" /></phr></stem><stem n="/datasets&gt;"><phr n="/datasets&gt;"><ent r="3" t="8" w="87" /><ent r="3" t="8" w="247" /><ent r="3" t="27" w="435" /></phr></stem><stem n="&lt;/datasets&gt;"><phr n="&lt;/datasets&gt;"><ent r="3" t="8" w="87" /><ent r="3" t="8" w="86" /><ent r="3" t="8" w="247" /><ent r="3" t="8" w="246" /><ent r="3" t="27" w="435" /><ent r="3" t="27" w="434" /></phr></stem><stem n="datasets&gt;"><phr n="datasets&gt;"><ent r="3" t="8" w="87" /><ent r="3" t="8" w="247" /><ent r="3" t="27" w="435" /></phr></stem><stem n="short"><phr n="short"><ent r="4" t="8" w="103" /><ent r="4" t="8" w="149" /><ent r="4" t="8" w="311" /><ent r="4" t="8" w="665" /><ent r="4" t="8" w="711" /><ent r="3" t="13" w="2262" /><ent r="3" t="14" w="474" /><ent r="4" t="24" w="165" /><ent r="6" t="24" w="2569" /><ent r="6" t="24" w="2578" /><ent r="3" t="26" w="936" /><ent r="3" t="27" w="270" /><ent r="3" t="27" w="364" /><ent r="4" t="47" w="505" /><ent r="3" t="62" w="69" /></phr><phr n="Short"><ent r="3" t="31" w="34" /><ent r="4" t="31" w="60" /><ent r="4" t="31" w="251" /></phr></stem><stem n="cpu"><phr n="CPU"><ent r="4" t="8" w="124" /><ent r="4" t="8" w="686" /><ent r="3" t="8" w="798" /><ent r="3" t="8" w="805" /><ent r="5" t="9" w="65" /><ent r="5" t="9" w="78" /><ent r="5" t="9" w="93" /><ent r="5" t="9" w="151" /><ent r="6" t="9" w="192" /><ent r="5" t="9" w="207" /><ent r="5" t="9" w="220" /><ent r="5" t="9" w="235" /><ent r="5" t="9" w="273" /><ent r="5" t="9" w="286" /><ent r="5" t="9" w="301" /><ent r="5" t="9" w="832" /><ent r="5" t="9" w="1179" /><ent r="3" t="13" w="2538" /><ent r="3" t="13" w="2542" /><ent r="3" t="13" w="2553" /><ent r="100" t="15" w="39" /><ent r="100" t="15" w="45" /><ent r="3" t="15" w="72" /><ent r="4" t="19" w="181" /><ent r="3" t="27" w="298" /></phr></stem><stem n="%,"><phr n="%,"><ent r="4" t="8" w="125" /><ent r="4" t="8" w="687" /><ent r="4" t="24" w="99" /></phr></stem><stem n="temperatur"><phr n="temperature"><ent r="4" t="8" w="125" /><ent r="4" t="8" w="687" /><ent r="5" t="9" w="377" /><ent r="5" t="9" w="432" /><ent r="5" t="9" w="478" /><ent r="5" t="9" w="582" /><ent r="5" t="9" w="639" /><ent r="5" t="9" w="694" /><ent r="3" t="15" w="77" /><ent r="4" t="19" w="182" /><ent r="3" t="21" w="50" /><ent r="3" t="27" w="300" /><ent r="3" t="34" w="671" /><ent r="3" t="49" w="29" /><ent r="4" t="49" w="114" /><ent r="3" t="49" w="147" /><ent r="3" t="49" w="481" /><ent r="3" t="49" w="548" /><ent r="3" t="49" w="556" /></phr><phr n="Temperature"><ent r="3" t="8" w="237" /><ent r="3" t="8" w="245" /><ent r="5" t="9" w="383" /><ent r="5" t="9" w="438" /><ent r="5" t="9" w="484" /><ent r="5" t="9" w="588" /><ent r="5" t="9" w="645" /><ent r="5" t="9" w="700" /><ent r="92" t="49" w="444" /><ent r="3" t="49" w="478" /><ent r="3" t="49" w="526" /><ent r="3" t="49" w="656" /><ent r="3" t="49" w="660" /></phr></stem><stem n="-record"><phr n="-Recorded"><ent r="65" t="8" w="130" /><ent r="65" t="8" w="130" /><ent r="64" t="8" w="357" /><ent r="64" t="8" w="357" /><ent r="65" t="8" w="692" /><ent r="65" t="8" w="692" /><ent r="1000" t="9" w="1" /><ent r="1000" t="9" w="1" /><ent r="102" t="9" w="6" /><ent r="102" t="9" w="6" /></phr><phr n="-recording"><ent r="92" t="8" w="249" /><ent r="92" t="8" w="249" /><ent r="3" t="8" w="608" /><ent r="3" t="8" w="608" /></phr></stem><stem n="automatically-record"><phr n="Automatically-Recorded"><ent r="65" t="8" w="130" /><ent r="64" t="8" w="357" /><ent r="65" t="8" w="692" /><ent r="1000" t="9" w="1" /><ent r="102" t="9" w="6" /></phr></stem><stem n="writer"><phr n="writers"><ent r="4" t="8" w="142" /><ent r="4" t="8" w="704" /><ent r="3" t="34" w="401" /></phr></stem><stem n="free"><phr n="free"><ent r="4" t="8" w="144" /><ent r="4" t="8" w="706" /><ent r="3" t="14" w="73" /><ent r="3" t="20" w="308" /><ent r="3" t="27" w="29" /><ent r="3" t="32" w="43" /><ent r="3" t="39" w="109" /><ent r="3" t="46" w="240" /><ent r="3" t="49" w="499" /><ent r="3" t="62" w="126" /></phr><phr n="Free"><ent r="5" t="9" w="1101" /></phr></stem><stem n="don"><phr n="don"><ent r="4" t="8" w="155" /><ent r="4" t="8" w="717" /><ent r="3" t="22" w="911" /><ent r="3" t="26" w="877" /><ent r="3" t="28" w="320" /><ent r="3" t="29" w="608" /><ent r="3" t="37" w="4206" /><ent r="3" t="54" w="27" /><ent r="3" t="56" w="378" /></phr><phr n="Don"><ent r="3" t="37" w="1037" /></phr></stem><stem n="don't"><phr n="don't"><ent r="4" t="8" w="156" /><ent r="4" t="8" w="155" /><ent r="4" t="8" w="718" /><ent r="4" t="8" w="717" /><ent r="3" t="22" w="912" /><ent r="3" t="22" w="911" /><ent r="3" t="26" w="878" /><ent r="3" t="26" w="877" /><ent r="3" t="28" w="321" /><ent r="3" t="28" w="320" /><ent r="3" t="29" w="609" /><ent r="3" t="29" w="608" /><ent r="3" t="37" w="4207" /><ent r="3" t="37" w="4206" /><ent r="3" t="54" w="28" /><ent r="3" t="54" w="27" /><ent r="3" t="56" w="379" /><ent r="3" t="56" w="378" /></phr><phr n="Don't"><ent r="3" t="37" w="1038" /><ent r="3" t="37" w="1037" /></phr></stem><stem n="start"><phr n="start"><ent r="4" t="8" w="157" /><ent r="4" t="8" w="719" /><ent r="3" t="19" w="1267" /><ent r="3" t="19" w="1286" /><ent r="4" t="24" w="830" /><ent r="4" t="24" w="846" /><ent r="3" t="24" w="1948" /><ent r="3" t="24" w="1965" /><ent r="3" t="24" w="1973" /><ent r="3" t="24" w="2219" /><ent r="3" t="37" w="1043" /><ent r="3" t="55" w="353" /><ent r="3" t="55" w="399" /><ent r="3" t="61" w="871" /><ent r="3" t="64" w="257" /><ent r="4" t="68" w="31" /></phr><phr n="starting"><ent r="3" t="19" w="374" /><ent r="4" t="24" w="843" /><ent r="3" t="24" w="1962" /><ent r="3" t="24" w="2211" /><ent r="4" t="26" w="241" /><ent r="4" t="26" w="255" /><ent r="3" t="55" w="364" /><ent r="3" t="55" w="637" /><ent r="3" t="56" w="322" /><ent r="6" t="70" w="2270" /></phr><phr n="starts"><ent r="3" t="19" w="1472" /><ent r="3" t="19" w="1490" /><ent r="4" t="24" w="849" /><ent r="3" t="24" w="1968" /><ent r="4" t="24" w="2232" /><ent r="4" t="37" w="993" /><ent r="4" t="37" w="1005" /><ent r="3" t="37" w="3570" /><ent r="3" t="44" w="106" /><ent r="3" t="44" w="275" /></phr><phr n="Starts"><ent r="100" t="37" w="32" /><ent r="4" t="37" w="865" /><ent r="4" t="37" w="3595" /><ent r="5" t="38" w="166" /></phr><phr n="started"><ent r="5" t="38" w="197" /><ent r="3" t="55" w="854" /><ent r="3" t="56" w="193" /><ent r="3" t="56" w="393" /><ent r="6" t="68" w="730" /></phr><phr n="Start"><ent r="100" t="55" w="36" /><ent r="100" t="55" w="122" /><ent r="4" t="56" w="737" /></phr></stem><stem n="&quot;_&quot;."><phr n="&quot;_&quot;."><ent r="4" t="8" w="159" /><ent r="4" t="8" w="721" /></phr></stem><stem n="measur"><phr n="measure"><ent r="4" t="8" w="165" /><ent r="7" t="8" w="567" /><ent r="3" t="27" w="260" /><ent r="92" t="37" w="837" /><ent r="3" t="38" w="29" /><ent r="3" t="38" w="312" /></phr><phr n="Measures"><ent r="4" t="8" w="177" /></phr><phr n="Measure"><ent r="92" t="8" w="399" /></phr><phr n="measured"><ent r="7" t="8" w="557" /><ent r="3" t="38" w="47" /><ent r="4" t="38" w="383" /></phr><phr n="Measuring"><ent r="1000" t="38" w="1" /><ent r="100" t="38" w="9" /><ent r="100" t="38" w="11" /><ent r="100" t="38" w="20" /><ent r="102" t="38" w="22" /></phr><phr n="measures"><ent r="3" t="38" w="55" /></phr><phr n="Measurement"><ent r="100" t="38" w="85" /><ent r="92" t="38" w="90" /></phr><phr n="measuring"><ent r="3" t="38" w="154" /><ent r="64" t="53" w="104" /></phr><phr n="measurements"><ent r="4" t="40" w="708" /></phr></stem><stem n="boolean"><phr n="boolean"><ent r="4" t="8" w="183" /><ent r="4" t="22" w="160" /><ent r="3" t="56" w="365" /></phr></stem><stem n="-readabl"><phr n="-readable"><ent r="4" t="8" w="199" /><ent r="4" t="8" w="199" /><ent r="4" t="8" w="729" /><ent r="4" t="8" w="729" /><ent r="4" t="16" w="1315" /><ent r="4" t="16" w="1315" /><ent r="4" t="19" w="807" /><ent r="4" t="19" w="807" /><ent r="3" t="33" w="350" /><ent r="3" t="33" w="350" /></phr></stem><stem n="human-read"><phr n="human-readable"><ent r="4" t="8" w="199" /><ent r="4" t="8" w="729" /><ent r="4" t="16" w="1315" /><ent r="4" t="19" w="807" /><ent r="3" t="33" w="350" /></phr></stem><stem n="readabl"><phr n="readable"><ent r="4" t="8" w="200" /><ent r="4" t="8" w="730" /><ent r="4" t="16" w="1316" /><ent r="4" t="19" w="808" /><ent r="3" t="33" w="351" /><ent r="3" t="49" w="1010" /></phr><phr n="readability"><ent r="5" t="13" w="375" /><ent r="5" t="13" w="714" /><ent r="5" t="13" w="1329" /><ent r="3" t="37" w="4288" /></phr></stem><stem n="-device-variable&gt;"><phr n="-device-variable&gt;"><ent r="5" t="8" w="221" /><ent r="5" t="8" w="222" /><ent r="5" t="8" w="771" /><ent r="5" t="8" w="772" /></phr></stem><stem n="&lt;snmp-device-variable&gt;"><phr n="&lt;snmp-device-variable&gt;"><ent r="5" t="8" w="221" /><ent r="5" t="8" w="771" /></phr></stem><stem n="device-variable&gt;"><phr n="device-variable&gt;"><ent r="5" t="8" w="222" /><ent r="5" t="8" w="772" /></phr></stem><stem n="variable&gt;"><phr n="variable&gt;"><ent r="5" t="8" w="223" /><ent r="5" t="8" w="773" /></phr></stem><stem n="$temp"><phr n="$temp"><ent r="3" t="8" w="230" /><ent r="3" t="49" w="661" /><ent r="3" t="49" w="873" /><ent r="3" t="49" w="923" /></phr><phr n="$Temp"><ent r="3" t="22" w="64" /><ent r="3" t="22" w="74" /><ent r="4" t="22" w="164" /><ent r="4" t="22" w="203" /><ent r="3" t="23" w="185" /><ent r="3" t="23" w="196" /></phr></stem><stem n="temp"><phr n="temp"><ent r="3" t="8" w="231" /><ent r="3" t="49" w="904" /></phr><phr n="TEMP"><ent r="3" t="22" w="69" /><ent r="3" t="22" w="78" /><ent r="4" t="22" w="434" /><ent r="3" t="23" w="190" /><ent r="3" t="23" w="200" /></phr><phr n="Temp"><ent r="5" t="49" w="65" /><ent r="3" t="49" w="539" /></phr></stem><stem n="temp-tag"><phr n="temp-tag"><ent r="3" t="8" w="231" /></phr></stem><stem n="&quot;temp-tag&quot;,"><phr n="&quot;temp-tag&quot;,"><ent r="3" t="8" w="233" /></phr></stem><stem n="&quot;degre"><phr n="&quot;degrees"><ent r="3" t="8" w="233" /><ent r="3" t="8" w="241" /></phr><phr n="&quot;Degrees"><ent r="3" t="16" w="1235" /><ent r="3" t="16" w="1777" /></phr></stem><stem n="degre"><phr n="degrees"><ent r="3" t="8" w="233" /><ent r="3" t="8" w="241" /><ent r="7" t="8" w="536" /><ent r="7" t="8" w="539" /><ent r="7" t="8" w="542" /><ent r="7" t="8" w="545" /><ent r="5" t="9" w="379" /><ent r="5" t="9" w="434" /><ent r="5" t="9" w="480" /><ent r="5" t="9" w="584" /><ent r="5" t="9" w="641" /><ent r="5" t="9" w="696" /><ent r="3" t="27" w="263" /><ent r="3" t="49" w="663" /><ent r="3" t="49" w="932" /></phr><phr n="Degrees"><ent r="3" t="16" w="1235" /><ent r="3" t="16" w="1777" /></phr></stem><stem n="&quot;,"><phr n="&quot;,"><ent r="3" t="8" w="235" /><ent r="3" t="8" w="243" /><ent r="3" t="12" w="59" /><ent r="3" t="12" w="65" /><ent r="3" t="19" w="36" /><ent r="3" t="19" w="460" /><ent r="4" t="22" w="382" /><ent r="3" t="24" w="1048" /><ent r="3" t="24" w="1107" /><ent r="3" t="29" w="937" /><ent r="3" t="32" w="99" /><ent r="4" t="35" w="1763" /><ent r="4" t="35" w="1769" /><ent r="3" t="37" w="1867" /><ent r="3" t="37" w="2364" /><ent r="3" t="66" w="227" /></phr></stem><stem n="&quot;false&quot;,"><phr n="&quot;false&quot;,"><ent r="3" t="8" w="236" /><ent r="3" t="27" w="433" /></phr></stem><stem n="&quot;the"><phr n="&quot;The"><ent r="3" t="8" w="236" /><ent r="3" t="33" w="187" /><ent r="3" t="33" w="220" /><ent r="3" t="33" w="252" /><ent r="3" t="33" w="287" /><ent r="3" t="33" w="318" /><ent r="3" t="33" w="343" /><ent r="3" t="33" w="379" /><ent r="3" t="33" w="410" /></phr></stem><stem n="$atemp"><phr n="$atemp"><ent r="3" t="8" w="238" /></phr></stem><stem n="atemp"><phr n="atemp"><ent r="3" t="8" w="239" /></phr></stem><stem n="atemp-tag"><phr n="atemp-tag"><ent r="3" t="8" w="239" /></phr></stem><stem n="&quot;atemp-tag&quot;,"><phr n="&quot;atemp-tag&quot;,"><ent r="3" t="8" w="241" /></phr></stem><stem n="&quot;true&quot;,"><phr n="&quot;true&quot;,"><ent r="3" t="8" w="244" /></phr></stem><stem n="&quot;autorecord"><phr n="&quot;Autorecord"><ent r="3" t="8" w="244" /></phr></stem><stem n="autorecord"><phr n="Autorecord"><ent r="3" t="8" w="244" /></phr><phr n="autorecord"><ent r="100" t="8" w="268" /><ent r="3" t="8" w="613" /></phr></stem><stem n="auto"><phr n="Auto"><ent r="92" t="8" w="249" /></phr><phr n="auto"><ent r="3" t="8" w="608" /><ent r="4" t="18" w="141" /><ent r="3" t="24" w="2520" /><ent r="4" t="25" w="176" /><ent r="3" t="61" w="371" /><ent r="3" t="61" w="378" /><ent r="4" t="61" w="428" /><ent r="6" t="70" w="1451" /><ent r="6" t="70" w="1505" /></phr></stem><stem n="auto-record"><phr n="Auto-recording"><ent r="92" t="8" w="249" /></phr><phr n="auto-recording"><ent r="3" t="8" w="608" /></phr></stem><stem n="store"><phr n="stored"><ent r="3" t="8" w="292" /><ent r="3" t="34" w="570" /><ent r="3" t="34" w="584" /><ent r="3" t="51" w="15" /><ent r="3" t="61" w="844" /><ent r="3" t="64" w="96" /><ent r="3" t="64" w="106" /><ent r="3" t="71" w="80" /></phr><phr n="store"><ent r="4" t="15" w="504" /><ent r="3" t="19" w="19" /><ent r="3" t="35" w="911" /><ent r="3" t="56" w="90" /></phr><phr n="Stores"><ent r="4" t="24" w="122" /><ent r="4" t="37" w="782" /></phr><phr n="stores"><ent r="3" t="37" w="3456" /><ent r="3" t="56" w="56" /><ent r="3" t="56" w="271" /><ent r="3" t="56" w="434" /></phr></stem><stem n="msec"><phr n="msec"><ent r="4" t="8" w="306" /><ent r="7" t="8" w="435" /><ent r="5" t="9" w="159" /><ent r="5" t="9" w="170" /><ent r="5" t="9" w="1140" /><ent r="5" t="9" w="1153" /><ent r="5" t="9" w="1201" /><ent r="5" t="9" w="1214" /><ent r="5" t="9" w="1241" /><ent r="5" t="9" w="1254" /><ent r="5" t="9" w="1280" /><ent r="5" t="9" w="1293" /><ent r="5" t="9" w="1319" /><ent r="5" t="9" w="1332" /><ent r="5" t="9" w="1356" /><ent r="5" t="9" w="1369" /><ent r="5" t="9" w="1396" /><ent r="5" t="9" w="1409" /><ent r="5" t="9" w="1436" /><ent r="5" t="9" w="1449" /><ent r="5" t="9" w="1476" /><ent r="5" t="9" w="1489" /><ent r="5" t="9" w="1513" /><ent r="5" t="9" w="1526" /><ent r="4" t="13" w="2165" /><ent r="3" t="13" w="2320" /></phr><phr n="Msecs"><ent r="100" t="39" w="607" /></phr><phr n="msecs"><ent r="3" t="39" w="617" /><ent r="3" t="39" w="627" /></phr></stem><stem n=")"><phr n=")"><ent r="4" t="8" w="307" /><ent r="7" t="8" w="579" /><ent r="6" t="9" w="1189" /><ent r="6" t="9" w="1384" /><ent r="128" t="10" w="64" /><ent r="128" t="10" w="79" /><ent r="128" t="10" w="94" /><ent r="128" t="10" w="108" /><ent r="4" t="11" w="518" /><ent r="3" t="13" w="505" /><ent r="5" t="13" w="818" /><ent r="5" t="13" w="828" /><ent r="5" t="13" w="839" /><ent r="5" t="13" w="848" /><ent r="5" t="13" w="858" /><ent r="5" t="13" w="868" /><ent r="5" t="13" w="900" /><ent r="3" t="13" w="1685" /><ent r="3" t="13" w="1706" /><ent r="3" t="13" w="1734" /><ent r="3" t="14" w="472" /><ent r="3" t="14" w="683" /><ent r="3" t="14" w="1323" /><ent r="4" t="15" w="134" /><ent r="6" t="16" w="816" /><ent r="9" t="16" w="961" /><ent r="9" t="16" w="968" /><ent r="4" t="16" w="1574" /><ent r="4" t="16" w="1585" /><ent r="4" t="16" w="2026" /><ent r="3" t="17" w="90" /><ent r="4" t="19" w="239" /><ent r="3" t="19" w="363" /><ent r="4" t="19" w="866" /><ent r="4" t="19" w="1395" /><ent r="4" t="19" w="1405" /><ent r="3" t="19" w="1438" /><ent r="4" t="19" w="1561" /><ent r="4" t="19" w="1567" /><ent r="4" t="19" w="1575" /><ent r="4" t="19" w="1579" /><ent r="4" t="19" w="1591" /><ent r="4" t="19" w="1593" /><ent r="4" t="19" w="1603" /><ent r="4" t="19" w="1612" /><ent r="4" t="19" w="1614" /><ent r="3" t="20" w="448" /><ent r="3" t="20" w="483" /><ent r="3" t="21" w="34" /><ent r="3" t="21" w="456" /><ent r="3" t="21" w="464" /><ent r="4" t="21" w="853" /><ent r="3" t="22" w="67" /><ent r="3" t="22" w="77" /><ent r="4" t="22" w="511" /><ent r="4" t="22" w="799" /><ent r="3" t="22" w="995" /><ent r="3" t="22" w="1089" /><ent r="3" t="23" w="188" /><ent r="3" t="23" w="199" /><ent r="92" t="24" w="324" /><ent r="4" t="24" w="406" /><ent r="4" t="24" w="429" /><ent r="4" t="24" w="450" /><ent r="4" t="24" w="461" /><ent r="4" t="24" w="473" /><ent r="4" t="24" w="485" /><ent r="4" t="24" w="497" /><ent r="4" t="24" w="511" /><ent r="4" t="24" w="525" /><ent r="4" t="24" w="535" /><ent r="4" t="24" w="548" /><ent r="4" t="24" w="559" /><ent r="4" t="24" w="585" /><ent r="4" t="24" w="596" /><ent r="4" t="24" w="603" /><ent r="4" t="24" w="621" /><ent r="4" t="24" w="629" /><ent r="4" t="24" w="640" /><ent r="126" t="24" w="692" /><ent r="4" t="24" w="697" /><ent r="126" t="24" w="713" /><ent r="4" t="24" w="719" /><ent r="4" t="24" w="804" /><ent r="4" t="24" w="832" /><ent r="4" t="24" w="860" /><ent r="4" t="24" w="866" /><ent r="3" t="24" w="969" /><ent r="3" t="24" w="996" /><ent r="3" t="24" w="1057" /><ent r="3" t="24" w="1117" /><ent r="3" t="24" w="1153" /><ent r="3" t="24" w="1158" /><ent r="4" t="24" w="1229" /><ent r="4" t="24" w="1239" /><ent r="4" t="24" w="1258" /><ent r="4" t="24" w="1280" /><ent r="4" t="24" w="1290" /><ent r="4" t="24" w="1301" /><ent r="3" t="24" w="1373" /><ent r="3" t="24" w="1379" /><ent r="3" t="24" w="1420" /><ent r="3" t="24" w="1428" /><ent r="3" t="24" w="1465" /><ent r="3" t="24" w="1472" /><ent r="3" t="24" w="1480" /><ent r="3" t="24" w="1486" /><ent r="3" t="24" w="1494" /><ent r="3" t="24" w="1542" /><ent r="3" t="24" w="1551" /><ent r="3" t="24" w="1559" /><ent r="3" t="24" w="1568" /><ent r="3" t="24" w="1591" /><ent r="3" t="24" w="1600" /><ent r="3" t="24" w="1618" /><ent r="4" t="24" w="1823" /><ent r="3" t="24" w="1876" /><ent r="3" t="24" w="1888" /><ent r="3" t="24" w="1950" /><ent r="3" t="24" w="2008" /><ent r="3" t="24" w="2028" /><ent r="3" t="24" w="2050" /><ent r="3" t="24" w="2070" /><ent r="3" t="24" w="2092" /><ent r="3" t="24" w="2114" /><ent r="3" t="24" w="2123" /><ent r="3" t="24" w="2130" /><ent r="3" t="24" w="2138" /><ent r="3" t="24" w="2148" /><ent r="3" t="24" w="2324" /><ent r="3" t="24" w="2331" /><ent r="3" t="24" w="2345" /><ent r="6" t="24" w="2537" /><ent r="6" t="24" w="2546" /><ent r="6" t="24" w="2555" /><ent r="6" t="24" w="2564" /><ent r="6" t="24" w="2573" /><ent r="6" t="24" w="2582" /><ent r="6" t="24" w="2593" /><ent r="3" t="26" w="103" /><ent r="3" t="26" w="113" /><ent r="3" t="26" w="120" /><ent r="3" t="26" w="132" /><ent r="3" t="26" w="365" /><ent r="3" t="26" w="369" /><ent r="3" t="26" w="380" /><ent r="3" t="26" w="390" /><ent r="3" t="26" w="401" /><ent r="3" t="26" w="411" /><ent r="3" t="27" w="362" /><ent r="3" t="28" w="84" /><ent r="125" t="28" w="352" /><ent r="3" t="32" w="394" /><ent r="3" t="32" w="411" /><ent r="3" t="32" w="418" /><ent r="3" t="32" w="549" /><ent r="3" t="32" w="564" /><ent r="3" t="32" w="571" /><ent r="3" t="32" w="587" /><ent r="3" t="32" w="1544" /><ent r="3" t="32" w="1552" /><ent r="3" t="32" w="1560" /><ent r="3" t="32" w="1568" /><ent r="3" t="32" w="1588" /><ent r="3" t="32" w="1653" /><ent r="3" t="33" w="257" /><ent r="3" t="34" w="632" /><ent r="3" t="34" w="661" /><ent r="3" t="34" w="663" /><ent r="3" t="34" w="714" /><ent r="3" t="35" w="58" /><ent r="3" t="35" w="263" /><ent r="4" t="35" w="375" /><ent r="3" t="35" w="935" /><ent r="3" t="35" w="980" /><ent r="3" t="35" w="1253" /><ent r="4" t="37" w="606" /><ent r="4" t="37" w="645" /><ent r="4" t="37" w="684" /><ent r="4" t="37" w="827" /><ent r="4" t="37" w="1000" /><ent r="3" t="37" w="1598" /><ent r="126" t="37" w="1805" /><ent r="3" t="37" w="2533" /><ent r="3" t="37" w="2668" /><ent r="3" t="37" w="2766" /><ent r="3" t="37" w="2841" /><ent r="3" t="37" w="3022" /><ent r="3" t="37" w="3096" /><ent r="3" t="37" w="3345" /><ent r="3" t="37" w="3879" /><ent r="3" t="37" w="3884" /><ent r="3" t="37" w="3886" /><ent r="3" t="37" w="3891" /><ent r="3" t="37" w="3903" /><ent r="3" t="37" w="3912" /><ent r="3" t="37" w="3923" /><ent r="3" t="37" w="3931" /><ent r="3" t="37" w="3942" /><ent r="3" t="37" w="3948" /><ent r="3" t="37" w="3957" /><ent r="3" t="37" w="3963" /><ent r="3" t="37" w="3971" /><ent r="3" t="37" w="3976" /><ent r="3" t="37" w="3980" /><ent r="3" t="37" w="3987" /><ent r="3" t="37" w="4003" /><ent r="3" t="37" w="4005" /><ent r="3" t="37" w="4019" /><ent r="3" t="37" w="4033" /><ent r="3" t="37" w="4046" /><ent r="3" t="37" w="4048" /><ent r="3" t="37" w="4063" /><ent r="3" t="37" w="4074" /><ent r="3" t="37" w="4087" /><ent r="3" t="37" w="4089" /><ent r="3" t="37" w="4107" /><ent r="3" t="37" w="4112" /><ent r="3" t="37" w="4114" /><ent r="3" t="37" w="4164" /><ent r="3" t="37" w="4289" /><ent r="3" t="37" w="4324" /><ent r="3" t="37" w="4394" /><ent r="3" t="37" w="4458" /><ent r="3" t="37" w="4467" /><ent r="3" t="37" w="4481" /><ent r="5" t="38" w="330" /><ent r="3" t="39" w="457" /><ent r="4" t="40" w="1079" /><ent r="125" t="40" w="1271" /><ent r="126" t="41" w="239" /><ent r="3" t="44" w="301" /><ent r="3" t="44" w="859" /><ent r="4" t="46" w="180" /><ent r="3" t="46" w="489" /><ent r="4" t="47" w="282" /><ent r="4" t="47" w="555" /><ent r="4" t="47" w="817" /><ent r="3" t="48" w="119" /><ent r="3" t="49" w="780" /><ent r="3" t="49" w="824" /><ent r="3" t="49" w="882" /><ent r="3" t="49" w="936" /><ent r="125" t="49" w="955" /><ent r="4" t="50" w="88" /><ent r="4" t="50" w="299" /><ent r="3" t="54" w="162" /><ent r="3" t="54" w="177" /><ent r="3" t="54" w="347" /><ent r="3" t="54" w="358" /><ent r="3" t="54" w="369" /><ent r="3" t="54" w="380" /><ent r="4" t="55" w="194" /><ent r="4" t="55" w="243" /><ent r="4" t="55" w="284" /><ent r="4" t="55" w="303" /><ent r="4" t="55" w="321" /><ent r="3" t="55" w="710" /><ent r="3" t="55" w="840" /><ent r="3" t="55" w="1126" /><ent r="4" t="56" w="798" /><ent r="3" t="57" w="44" /><ent r="4" t="60" w="121" /><ent r="3" t="61" w="299" /><ent r="3" t="61" w="365" /><ent r="3" t="61" w="375" /><ent r="3" t="61" w="382" /><ent r="3" t="61" w="502" /><ent r="3" t="61" w="505" /><ent r="3" t="61" w="508" /><ent r="3" t="61" w="511" /><ent r="3" t="61" w="522" /><ent r="3" t="61" w="598" /><ent r="3" t="61" w="630" /><ent r="3" t="61" w="634" /><ent r="3" t="61" w="637" /><ent r="3" t="61" w="641" /><ent r="3" t="61" w="644" /><ent r="3" t="61" w="647" /><ent r="3" t="61" w="651" /><ent r="3" t="61" w="654" /><ent r="3" t="61" w="657" /><ent r="3" t="61" w="684" /><ent r="3" t="61" w="831" /><ent r="3" t="61" w="992" /><ent r="3" t="61" w="1014" /><ent r="3" t="61" w="1024" /><ent r="3" t="61" w="1054" /><ent r="3" t="61" w="1114" /><ent r="3" t="61" w="1134" /><ent r="3" t="61" w="1144" /><ent r="3" t="61" w="1173" /><ent r="3" t="61" w="1194" /><ent r="3" t="61" w="1276" /><ent r="3" t="61" w="1283" /><ent r="3" t="61" w="1328" /><ent r="3" t="61" w="1363" /><ent r="125" t="62" w="153" /><ent r="125" t="64" w="65" /><ent r="3" t="64" w="298" /><ent r="3" t="65" w="102" /><ent r="3" t="66" w="497" /><ent r="7" t="68" w="567" /><ent r="6" t="70" w="473" /><ent r="6" t="70" w="1332" /><ent r="6" t="70" w="1933" /><ent r="6" t="70" w="2085" /></phr></stem></index>