<?xml version="1.0" encoding="utf-8"?><index><stem n="intermapp"><phr n="InterMapper"><ent r="1000" t="0" w="1" /><ent r="102" t="0" w="7" /><ent r="3" t="0" w="14" /><ent r="3" t="0" w="16" /><ent r="3" t="0" w="37" /><ent r="3" t="0" w="62" /><ent r="3" t="0" w="105" /><ent r="64" t="0" w="118" /><ent r="64" t="0" w="145" /><ent r="3" t="0" w="150" /><ent r="3" t="0" w="194" /><ent r="3" t="0" w="209" /><ent r="64" t="0" w="231" /><ent r="3" t="1" w="33" /><ent r="3" t="3" w="35" /><ent r="3" t="3" w="66" /><ent r="3" t="3" w="104" /><ent r="3" t="3" w="172" /><ent r="3" t="3" w="184" /><ent r="4" t="3" w="243" /><ent r="4" t="3" w="252" /><ent r="3" t="3" w="318" /><ent r="3" t="3" w="327" /><ent r="4" t="3" w="362" /><ent r="4" t="3" w="385" /><ent r="4" t="3" w="435" /><ent r="4" t="3" w="489" /><ent r="4" t="3" w="526" /><ent r="64" t="4" w="159" /><ent r="64" t="4" w="224" /><ent r="4" t="4" w="521" /><ent r="65" t="4" w="581" /><ent r="3" t="5" w="60" /><ent r="6" t="5" w="114" /><ent r="6" t="5" w="495" /><ent r="6" t="5" w="851" /><ent r="6" t="5" w="863" /><ent r="6" t="5" w="885" /><ent r="6" t="5" w="917" /><ent r="6" t="5" w="982" /><ent r="6" t="5" w="1016" /><ent r="6" t="5" w="1053" /><ent r="6" t="5" w="1080" /><ent r="100" t="5" w="1197" /><ent r="5" t="5" w="1221" /><ent r="4" t="5" w="1300" /><ent r="64" t="6" w="73" /><ent r="3" t="8" w="272" /><ent r="64" t="10" w="126" /><ent r="64" t="10" w="236" /><ent r="1000" t="11" w="2" /><ent r="102" t="11" w="7" /><ent r="3" t="11" w="35" /><ent r="3" t="11" w="78" /><ent r="3" t="11" w="93" /><ent r="4" t="11" w="485" /><ent r="3" t="12" w="14" /><ent r="3" t="12" w="79" /><ent r="5" t="13" w="261" /><ent r="5" t="13" w="666" /><ent r="5" t="13" w="1074" /><ent r="3" t="13" w="1473" /><ent r="4" t="13" w="1635" /><ent r="3" t="14" w="65" /><ent r="3" t="14" w="109" /><ent r="3" t="14" w="264" /><ent r="3" t="14" w="402" /><ent r="3" t="14" w="1063" /><ent r="3" t="15" w="61" /><ent r="4" t="15" w="122" /><ent r="4" t="15" w="157" /><ent r="4" t="15" w="170" /><ent r="4" t="15" w="206" /><ent r="4" t="15" w="235" /><ent r="65" t="15" w="322" /><ent r="4" t="15" w="509" /><ent r="3" t="16" w="291" /><ent r="4" t="16" w="493" /><ent r="4" t="16" w="533" /><ent r="6" t="16" w="548" /><ent r="6" t="16" w="764" /><ent r="6" t="16" w="873" /><ent r="6" t="16" w="925" /><ent r="4" t="16" w="1105" /><ent r="4" t="16" w="1409" /><ent r="3" t="16" w="1752" /><ent r="3" t="16" w="1827" /><ent r="3" t="16" w="1848" /><ent r="3" t="17" w="369" /><ent r="4" t="18" w="74" /><ent r="4" t="18" w="98" /><ent r="4" t="18" w="129" /><ent r="4" t="18" w="173" /><ent r="3" t="19" w="24" /><ent r="3" t="19" w="48" /><ent r="3" t="19" w="940" /><ent r="3" t="19" w="1021" /><ent r="3" t="19" w="1209" /><ent r="3" t="19" w="1459" /><ent r="3" t="19" w="1515" /><ent r="64" t="20" w="111" /><ent r="3" t="20" w="301" /><ent r="3" t="21" w="18" /><ent r="3" t="21" w="72" /><ent r="3" t="21" w="99" /><ent r="4" t="21" w="259" /><ent r="3" t="21" w="280" /><ent r="3" t="21" w="318" /><ent r="3" t="21" w="706" /><ent r="3" t="21" w="776" /><ent r="4" t="22" w="263" /><ent r="3" t="22" w="274" /><ent r="3" t="22" w="304" /><ent r="3" t="22" w="315" /><ent r="3" t="22" w="455" /><ent r="4" t="22" w="664" /><ent r="3" t="22" w="865" /><ent r="3" t="22" w="893" /><ent r="3" t="22" w="931" /><ent r="3" t="22" w="949" /><ent r="3" t="23" w="82" /><ent r="3" t="24" w="36" /><ent r="3" t="24" w="81" /><ent r="4" t="25" w="111" /><ent r="4" t="25" w="133" /><ent r="4" t="25" w="164" /><ent r="4" t="25" w="206" /><ent r="4" t="25" w="235" /><ent r="3" t="26" w="17" /><ent r="3" t="26" w="39" /><ent r="3" t="26" w="43" /><ent r="3" t="26" w="136" /><ent r="3" t="26" w="214" /><ent r="4" t="26" w="541" /><ent r="4" t="26" w="543" /><ent r="4" t="26" w="603" /><ent r="3" t="26" w="625" /><ent r="3" t="26" w="793" /><ent r="3" t="27" w="22" /><ent r="3" t="27" w="77" /><ent r="3" t="28" w="32" /><ent r="3" t="28" w="60" /><ent r="3" t="28" w="76" /><ent r="3" t="28" w="142" /><ent r="3" t="28" w="167" /><ent r="3" t="28" w="231" /><ent r="3" t="28" w="243" /><ent r="3" t="28" w="270" /><ent r="3" t="29" w="49" /><ent r="4" t="29" w="78" /><ent r="4" t="29" w="96" /><ent r="3" t="29" w="161" /><ent r="3" t="29" w="901" /><ent r="3" t="29" w="953" /><ent r="3" t="32" w="32" /><ent r="3" t="32" w="301" /><ent r="3" t="32" w="1175" /><ent r="3" t="33" w="50" /><ent r="3" t="33" w="130" /><ent r="3" t="33" w="386" /><ent r="3" t="33" w="417" /><ent r="3" t="34" w="37" /><ent r="65" t="34" w="232" /><ent r="65" t="34" w="361" /><ent r="3" t="34" w="367" /><ent r="3" t="34" w="846" /><ent r="3" t="35" w="83" /><ent r="3" t="35" w="439" /><ent r="3" t="35" w="917" /><ent r="4" t="35" w="1652" /><ent r="64" t="36" w="47" /><ent r="100" t="37" w="75" /><ent r="3" t="37" w="88" /><ent r="4" t="37" w="870" /><ent r="4" t="37" w="983" /><ent r="64" t="37" w="1107" /><ent r="3" t="37" w="1264" /><ent r="4" t="37" w="2277" /><ent r="3" t="37" w="2726" /><ent r="3" t="37" w="3575" /><ent r="3" t="38" w="54" /><ent r="3" t="38" w="149" /><ent r="3" t="38" w="307" /><ent r="4" t="38" w="337" /><ent r="4" t="38" w="374" /><ent r="4" t="38" w="412" /><ent r="3" t="39" w="409" /><ent r="3" t="40" w="24" /><ent r="3" t="40" w="61" /><ent r="100" t="40" w="69" /><ent r="65" t="40" w="168" /><ent r="3" t="40" w="271" /><ent r="3" t="40" w="295" /><ent r="3" t="40" w="385" /><ent r="3" t="40" w="472" /><ent r="3" t="40" w="483" /><ent r="3" t="40" w="591" /><ent r="3" t="40" w="662" /><ent r="4" t="40" w="1030" /><ent r="4" t="41" w="107" /><ent r="4" t="41" w="123" /><ent r="4" t="41" w="150" /><ent r="5" t="41" w="181" /><ent r="3" t="42" w="38" /><ent r="3" t="42" w="67" /><ent r="3" t="42" w="89" /><ent r="64" t="43" w="79" /><ent r="3" t="44" w="104" /><ent r="3" t="44" w="123" /><ent r="3" t="44" w="274" /><ent r="3" t="44" w="405" /><ent r="3" t="44" w="589" /><ent r="3" t="44" w="770" /><ent r="1000" t="46" w="1" /><ent r="102" t="46" w="5" /><ent r="3" t="46" w="9" /><ent r="3" t="46" w="46" /><ent r="5" t="46" w="128" /><ent r="3" t="46" w="215" /><ent r="3" t="46" w="233" /><ent r="3" t="46" w="435" /><ent r="3" t="47" w="14" /><ent r="3" t="47" w="112" /><ent r="3" t="47" w="113" /><ent r="3" t="47" w="124" /><ent r="3" t="47" w="151" /><ent r="3" t="47" w="167" /><ent r="3" t="47" w="206" /><ent r="100" t="47" w="240" /><ent r="5" t="47" w="292" /><ent r="4" t="47" w="346" /><ent r="3" t="47" w="423" /><ent r="4" t="47" w="454" /><ent r="4" t="47" w="511" /><ent r="3" t="47" w="669" /><ent r="82" t="47" w="725" /><ent r="4" t="47" w="860" /><ent r="3" t="48" w="73" /><ent r="3" t="48" w="157" /><ent r="3" t="48" w="208" /><ent r="3" t="49" w="120" /><ent r="4" t="49" w="193" /><ent r="4" t="49" w="217" /><ent r="4" t="49" w="240" /><ent r="4" t="49" w="252" /><ent r="4" t="49" w="324" /><ent r="4" t="49" w="344" /><ent r="3" t="49" w="473" /><ent r="3" t="50" w="16" /><ent r="4" t="50" w="117" /><ent r="4" t="50" w="141" /><ent r="4" t="50" w="213" /><ent r="4" t="50" w="283" /><ent r="92" t="51" w="50" /><ent r="3" t="51" w="55" /><ent r="3" t="51" w="80" /><ent r="3" t="51" w="129" /><ent r="3" t="52" w="7" /><ent r="3" t="54" w="47" /><ent r="3" t="54" w="116" /><ent r="3" t="54" w="208" /><ent r="3" t="54" w="572" /><ent r="3" t="54" w="583" /><ent r="3" t="55" w="45" /><ent r="3" t="55" w="97" /><ent r="4" t="55" w="259" /><ent r="4" t="55" w="291" /><ent r="4" t="55" w="312" /><ent r="100" t="55" w="755" /><ent r="100" t="55" w="758" /><ent r="4" t="55" w="767" /><ent r="4" t="55" w="769" /><ent r="3" t="55" w="1170" /><ent r="4" t="55" w="1178" /><ent r="4" t="55" w="1197" /><ent r="4" t="55" w="1228" /><ent r="3" t="55" w="1275" /><ent r="3" t="56" w="26" /><ent r="3" t="56" w="124" /><ent r="1000" t="57" w="1" /><ent r="102" t="57" w="6" /><ent r="3" t="57" w="11" /><ent r="3" t="57" w="25" /><ent r="4" t="57" w="74" /><ent r="4" t="57" w="110" /><ent r="3" t="57" w="148" /><ent r="3" t="57" w="175" /><ent r="3" t="58" w="15" /><ent r="4" t="58" w="77" /><ent r="3" t="58" w="117" /><ent r="3" t="58" w="148" /><ent r="3" t="58" w="204" /><ent r="3" t="58" w="249" /><ent r="6" t="58" w="253" /><ent r="3" t="59" w="20" /><ent r="3" t="59" w="39" /><ent r="64" t="59" w="96" /><ent r="3" t="59" w="343" /><ent r="3" t="59" w="380" /><ent r="3" t="61" w="27" /><ent r="3" t="61" w="54" /><ent r="3" t="61" w="88" /><ent r="3" t="61" w="106" /><ent r="3" t="61" w="138" /><ent r="6" t="61" w="164" /><ent r="3" t="61" w="240" /><ent r="3" t="61" w="295" /><ent r="3" t="61" w="335" /><ent r="4" t="61" w="451" /><ent r="3" t="61" w="466" /><ent r="3" t="61" w="474" /><ent r="3" t="61" w="539" /><ent r="3" t="61" w="558" /><ent r="3" t="61" w="851" /><ent r="3" t="61" w="866" /><ent r="3" t="61" w="882" /><ent r="3" t="61" w="928" /><ent r="1000" t="62" w="5" /><ent r="102" t="62" w="13" /><ent r="3" t="62" w="17" /><ent r="3" t="62" w="29" /><ent r="3" t="62" w="42" /><ent r="3" t="62" w="60" /><ent r="1000" t="63" w="1" /><ent r="102" t="63" w="5" /><ent r="3" t="63" w="17" /><ent r="64" t="63" w="26" /><ent r="3" t="64" w="20" /><ent r="64" t="64" w="59" /><ent r="3" t="64" w="87" /><ent r="3" t="65" w="25" /><ent r="3" t="65" w="57" /><ent r="3" t="65" w="69" /><ent r="3" t="65" w="91" /><ent r="3" t="65" w="134" /><ent r="4" t="65" w="226" /><ent r="3" t="65" w="331" /><ent r="4" t="65" w="337" /><ent r="3" t="66" w="10" /><ent r="4" t="66" w="128" /><ent r="4" t="66" w="138" /><ent r="3" t="66" w="420" /><ent r="3" t="66" w="456" /><ent r="3" t="66" w="514" /><ent r="3" t="66" w="533" /><ent r="3" t="67" w="21" /><ent r="3" t="67" w="92" /><ent r="4" t="67" w="246" /><ent r="3" t="68" w="43" /><ent r="6" t="68" w="99" /><ent r="6" t="68" w="262" /><ent r="7" t="68" w="404" /><ent r="7" t="68" w="448" /><ent r="7" t="68" w="482" /><ent r="7" t="68" w="495" /><ent r="6" t="68" w="611" /><ent r="6" t="68" w="665" /><ent r="6" t="68" w="741" /><ent r="6" t="68" w="790" /><ent r="3" t="69" w="87" /><ent r="3" t="69" w="147" /><ent r="65" t="70" w="78" /><ent r="65" t="70" w="85" /><ent r="93" t="70" w="172" /><ent r="3" t="70" w="176" /><ent r="3" t="70" w="230" /><ent r="93" t="70" w="650" /><ent r="6" t="70" w="667" /><ent r="6" t="70" w="677" /><ent r="6" t="70" w="716" /><ent r="6" t="70" w="777" /><ent r="6" t="70" w="789" /><ent r="6" t="70" w="845" /><ent r="6" t="70" w="863" /><ent r="6" t="70" w="1118" /><ent r="6" t="70" w="1291" /><ent r="4" t="70" w="1597" /><ent r="3" t="70" w="1618" /><ent r="100" t="71" w="34" /><ent r="4" t="71" w="37" /><ent r="3" t="71" w="54" /><ent r="3" t="71" w="75" /><ent r="3" t="71" w="111" /><ent r="3" t="71" w="226" /><ent r="3" t="71" w="343" /><ent r="1000" t="74" w="5" /><ent r="102" t="74" w="15" /><ent r="100" t="74" w="17" /><ent r="100" t="74" w="21" /><ent r="3" t="74" w="27" /><ent r="3" t="74" w="29" /><ent r="3" t="74" w="70" /><ent r="3" t="74" w="72" /><ent r="4" t="74" w="80" /><ent r="4" t="74" w="88" /><ent r="65" t="74" w="104" /><ent r="3" t="77" w="45" /><ent r="4" t="77" w="66" /><ent r="100" t="78" w="13" /><ent r="5" t="78" w="37" /><ent r="4" t="78" w="112" /></phr><phr n="intermapper"><ent r="64" t="1" w="752" /><ent r="3" t="14" w="68" /><ent r="3" t="20" w="304" /><ent r="3" t="27" w="25" /><ent r="3" t="27" w="83" /><ent r="3" t="27" w="88" /><ent r="3" t="32" w="35" /><ent r="3" t="33" w="167" /><ent r="3" t="33" w="203" /><ent r="3" t="33" w="235" /><ent r="3" t="33" w="270" /><ent r="3" t="33" w="301" /><ent r="3" t="33" w="326" /><ent r="3" t="33" w="353" /><ent r="3" t="33" w="395" /><ent r="3" t="46" w="236" /><ent r="3" t="71" w="148" /><ent r="3" t="71" w="206" /><ent r="3" t="71" w="282" /><ent r="4" t="71" w="431" /><ent r="3" t="71" w="443" /><ent r="3" t="71" w="456" /><ent r="3" t="71" w="470" /></phr><phr n="Intermapper"><ent r="4" t="51" w="27" /><ent r="100" t="71" w="426" /></phr></stem><stem n="develop"><phr n="Developer"><ent r="1000" t="0" w="2" /><ent r="102" t="0" w="8" /><ent r="3" t="27" w="71" /><ent r="64" t="34" w="433" /><ent r="1000" t="75" w="1" /><ent r="3" t="75" w="40" /></phr><phr n="develop"><ent r="3" t="3" w="343" /><ent r="3" t="40" w="445" /><ent r="3" t="47" w="386" /></phr><phr n="development"><ent r="3" t="14" w="82" /><ent r="3" t="20" w="317" /><ent r="3" t="27" w="38" /><ent r="3" t="46" w="249" /><ent r="64" t="47" w="61" /><ent r="3" t="49" w="508" /></phr><phr n="developer"><ent r="64" t="40" w="457" /><ent r="3" t="40" w="644" /><ent r="3" t="47" w="395" /><ent r="64" t="47" w="406" /></phr><phr n="developing"><ent r="3" t="51" w="111" /></phr></stem><stem n="guid"><phr n="Guide"><ent r="1000" t="0" w="3" /><ent r="102" t="0" w="9" /><ent r="64" t="2" w="45" /><ent r="3" t="27" w="72" /><ent r="64" t="34" w="434" /><ent r="64" t="54" w="260" /><ent r="64" t="59" w="98" /><ent r="3" t="74" w="94" /><ent r="1000" t="75" w="2" /><ent r="3" t="75" w="41" /></phr><phr n="guides"><ent r="5" t="5" w="444" /></phr></stem><stem n=":"><phr n=":"><ent r="1000" t="0" w="4" /><ent r="102" t="0" w="10" /><ent r="3" t="0" w="24" /><ent r="3" t="1" w="432" /><ent r="3" t="1" w="457" /><ent r="3" t="1" w="740" /><ent r="3" t="1" w="744" /><ent r="3" t="1" w="749" /><ent r="3" t="3" w="191" /><ent r="3" t="3" w="355" /><ent r="3" t="4" w="259" /><ent r="3" t="4" w="504" /><ent r="3" t="4" w="600" /><ent r="4" t="5" w="56" /><ent r="6" t="5" w="120" /><ent r="6" t="5" w="283" /><ent r="7" t="5" w="311" /><ent r="6" t="5" w="561" /><ent r="6" t="5" w="572" /><ent r="5" t="5" w="616" /><ent r="3" t="5" w="818" /><ent r="4" t="5" w="847" /><ent r="4" t="5" w="1158" /><ent r="3" t="5" w="1245" /><ent r="3" t="5" w="1346" /><ent r="3" t="5" w="1416" /><ent r="3" t="6" w="60" /><ent r="3" t="7" w="79" /><ent r="3" t="7" w="174" /><ent r="3" t="7" w="305" /><ent r="3" t="7" w="384" /><ent r="3" t="7" w="482" /><ent r="3" t="7" w="510" /><ent r="4" t="8" w="38" /><ent r="3" t="8" w="90" /><ent r="3" t="8" w="302" /><ent r="4" t="8" w="308" /><ent r="4" t="8" w="316" /><ent r="4" t="8" w="327" /><ent r="4" t="8" w="338" /><ent r="3" t="8" w="650" /><ent r="3" t="10" w="55" /><ent r="4" t="11" w="75" /><ent r="5" t="11" w="317" /><ent r="8" t="11" w="319" /><ent r="8" t="11" w="323" /><ent r="8" t="11" w="327" /><ent r="8" t="11" w="331" /><ent r="8" t="11" w="334" /><ent r="8" t="11" w="338" /><ent r="8" t="11" w="341" /><ent r="8" t="11" w="345" /><ent r="3" t="11" w="357" /><ent r="4" t="11" w="455" /><ent r="3" t="12" w="51" /><ent r="3" t="12" w="84" /><ent r="3" t="12" w="133" /><ent r="6" t="13" w="155" /><ent r="6" t="13" w="197" /><ent r="6" t="13" w="236" /><ent r="5" t="13" w="810" /><ent r="5" t="13" w="824" /><ent r="5" t="13" w="834" /><ent r="5" t="13" w="845" /><ent r="5" t="13" w="854" /><ent r="5" t="13" w="864" /><ent r="5" t="13" w="874" /><ent r="5" t="13" w="882" /><ent r="5" t="13" w="892" /><ent r="5" t="13" w="906" /><ent r="6" t="13" w="912" /><ent r="5" t="13" w="939" /><ent r="5" t="13" w="951" /><ent r="5" t="13" w="963" /><ent r="3" t="13" w="1572" /><ent r="3" t="13" w="1665" /><ent r="3" t="13" w="1671" /><ent r="3" t="13" w="1678" /><ent r="3" t="13" w="1689" /><ent r="3" t="13" w="1697" /><ent r="3" t="13" w="1708" /><ent r="3" t="13" w="1717" /><ent r="3" t="13" w="1726" /><ent r="3" t="13" w="1765" /><ent r="3" t="13" w="1810" /><ent r="3" t="13" w="1880" /><ent r="3" t="13" w="1882" /><ent r="3" t="13" w="1903" /><ent r="3" t="13" w="1920" /><ent r="3" t="13" w="1932" /><ent r="3" t="13" w="1938" /><ent r="3" t="13" w="1944" /><ent r="3" t="13" w="2001" /><ent r="3" t="13" w="2068" /><ent r="3" t="13" w="2154" /><ent r="3" t="13" w="2218" /><ent r="3" t="13" w="2228" /><ent r="3" t="13" w="2236" /><ent r="3" t="13" w="2246" /><ent r="3" t="13" w="2534" /><ent r="3" t="14" w="307" /><ent r="3" t="14" w="539" /><ent r="3" t="14" w="694" /><ent r="3" t="14" w="757" /><ent r="3" t="14" w="857" /><ent r="3" t="14" w="1039" /><ent r="3" t="14" w="1093" /><ent r="3" t="14" w="1098" /><ent r="3" t="14" w="1103" /><ent r="3" t="14" w="1108" /><ent r="3" t="14" w="1113" /><ent r="3" t="14" w="1132" /><ent r="3" t="14" w="1134" /><ent r="3" t="14" w="1184" /><ent r="3" t="14" w="1195" /><ent r="3" t="14" w="1228" /><ent r="3" t="15" w="121" /><ent r="4" t="15" w="362" /><ent r="3" t="15" w="384" /><ent r="3" t="16" w="98" /><ent r="4" t="16" w="192" /><ent r="3" t="16" w="400" /><ent r="3" t="16" w="413" /><ent r="4" t="16" w="545" /><ent r="6" t="16" w="932" /><ent r="10" t="16" w="937" /><ent r="4" t="16" w="1020" /><ent r="3" t="16" w="1546" /><ent r="4" t="16" w="1566" /><ent r="3" t="16" w="1770" /><ent r="3" t="16" w="1940" /><ent r="3" t="16" w="1979" /><ent r="4" t="16" w="2143" /><ent r="3" t="16" w="2156" /><ent r="3" t="16" w="2159" /><ent r="3" t="16" w="2166" /><ent r="3" t="16" w="2186" /><ent r="3" t="16" w="2191" /><ent r="4" t="16" w="2199" /><ent r="3" t="16" w="2208" /><ent r="3" t="16" w="2211" /><ent r="3" t="16" w="2213" /><ent r="3" t="16" w="2215" /><ent r="3" t="16" w="2221" /><ent r="3" t="16" w="2275" /><ent r="3" t="16" w="2280" /><ent r="3" t="16" w="2283" /><ent r="3" t="16" w="2286" /><ent r="3" t="17" w="125" /><ent r="3" t="17" w="152" /><ent r="3" t="17" w="158" /><ent r="3" t="17" w="165" /><ent r="3" t="17" w="174" /><ent r="3" t="17" w="179" /><ent r="3" t="17" w="187" /><ent r="3" t="17" w="192" /><ent r="3" t="17" w="197" /><ent r="3" t="17" w="203" /><ent r="3" t="17" w="352" /><ent r="4" t="17" w="379" /><ent r="5" t="17" w="398" /><ent r="3" t="18" w="59" /><ent r="3" t="19" w="154" /><ent r="3" t="19" w="297" /><ent r="3" t="19" w="368" /><ent r="3" t="19" w="483" /><ent r="3" t="19" w="567" /><ent r="4" t="19" w="727" /><ent r="3" t="19" w="1040" /><ent r="3" t="19" w="1256" /><ent r="3" t="19" w="1385" /><ent r="3" t="19" w="1559" /><ent r="3" t="19" w="1777" /><ent r="3" t="19" w="1843" /><ent r="3" t="20" w="234" /><ent r="3" t="21" w="240" /><ent r="3" t="21" w="547" /><ent r="3" t="21" w="821" /><ent r="3" t="22" w="31" /><ent r="3" t="22" w="33" /><ent r="3" t="22" w="47" /><ent r="3" t="22" w="53" /><ent r="3" t="22" w="63" /><ent r="3" t="22" w="73" /><ent r="3" t="22" w="93" /><ent r="3" t="22" w="326" /><ent r="4" t="22" w="371" /><ent r="4" t="22" w="421" /><ent r="3" t="22" w="461" /><ent r="3" t="22" w="495" /><ent r="3" t="22" w="612" /><ent r="5" t="22" w="662" /><ent r="5" t="22" w="762" /><ent r="5" t="22" w="805" /><ent r="3" t="22" w="990" /><ent r="3" t="22" w="992" /><ent r="3" t="22" w="1084" /><ent r="3" t="22" w="1086" /><ent r="3" t="22" w="1173" /><ent r="3" t="22" w="1281" /><ent r="3" t="22" w="1384" /><ent r="3" t="22" w="1409" /><ent r="3" t="22" w="1475" /><ent r="3" t="22" w="1483" /><ent r="3" t="22" w="1491" /><ent r="3" t="22" w="1499" /><ent r="3" t="22" w="1510" /><ent r="3" t="22" w="1518" /><ent r="3" t="22" w="1526" /><ent r="3" t="22" w="1534" /><ent r="3" t="23" w="27" /><ent r="3" t="23" w="29" /><ent r="3" t="23" w="173" /><ent r="3" t="23" w="184" /><ent r="3" t="23" w="195" /><ent r="3" t="23" w="214" /><ent r="3" t="24" w="89" /><ent r="4" t="24" w="326" /><ent r="4" t="24" w="332" /><ent r="4" t="24" w="338" /><ent r="4" t="24" w="346" /><ent r="4" t="24" w="353" /><ent r="4" t="24" w="359" /><ent r="4" t="24" w="370" /><ent r="4" t="24" w="380" /><ent r="4" t="24" w="386" /><ent r="4" t="24" w="390" /><ent r="4" t="24" w="921" /><ent r="3" t="24" w="934" /><ent r="3" t="24" w="941" /><ent r="3" t="24" w="986" /><ent r="3" t="24" w="1044" /><ent r="3" t="24" w="1103" /><ent r="3" t="24" w="1150" /><ent r="3" t="24" w="1195" /><ent r="3" t="24" w="1315" /><ent r="3" t="24" w="1369" /><ent r="3" t="24" w="1672" /><ent r="3" t="24" w="1933" /><ent r="3" t="24" w="1990" /><ent r="3" t="24" w="2320" /><ent r="3" t="24" w="2645" /><ent r="4" t="24" w="2697" /><ent r="3" t="24" w="2796" /><ent r="4" t="24" w="2884" /><ent r="4" t="24" w="3033" /><ent r="3" t="25" w="49" /><ent r="3" t="25" w="96" /><ent r="5" t="25" w="270" /><ent r="3" t="26" w="50" /><ent r="3" t="26" w="88" /><ent r="3" t="26" w="99" /><ent r="3" t="26" w="186" /><ent r="4" t="26" w="326" /><ent r="3" t="26" w="328" /><ent r="3" t="26" w="339" /><ent r="3" t="26" w="347" /><ent r="3" t="26" w="359" /><ent r="3" t="26" w="361" /><ent r="3" t="26" w="382" /><ent r="3" t="26" w="392" /><ent r="3" t="26" w="441" /><ent r="3" t="26" w="494" /><ent r="3" t="26" w="511" /><ent r="3" t="26" w="746" /><ent r="3" t="26" w="768" /><ent r="3" t="26" w="800" /><ent r="3" t="26" w="939" /><ent r="3" t="26" w="973" /><ent r="3" t="27" w="82" /><ent r="3" t="27" w="384" /><ent r="4" t="28" w="289" /><ent r="3" t="29" w="66" /><ent r="3" t="29" w="159" /><ent r="4" t="29" w="219" /><ent r="3" t="29" w="435" /><ent r="4" t="29" w="485" /><ent r="3" t="29" w="551" /><ent r="4" t="29" w="733" /><ent r="3" t="29" w="785" /><ent r="3" t="29" w="874" /><ent r="3" t="29" w="908" /><ent r="3" t="29" w="929" /><ent r="3" t="29" w="934" /><ent r="3" t="29" w="941" /><ent r="3" t="29" w="949" /><ent r="3" t="29" w="973" /><ent r="3" t="29" w="1039" /><ent r="3" t="29" w="1045" /><ent r="3" t="29" w="1051" /><ent r="3" t="29" w="1056" /><ent r="3" t="29" w="1080" /><ent r="3" t="31" w="34" /><ent r="4" t="31" w="96" /><ent r="3" t="31" w="126" /><ent r="3" t="31" w="136" /><ent r="4" t="31" w="253" /><ent r="4" t="31" w="270" /><ent r="4" t="31" w="279" /><ent r="4" t="31" w="289" /><ent r="3" t="32" w="389" /><ent r="3" t="33" w="101" /><ent r="3" t="33" w="110" /><ent r="3" t="33" w="368" /><ent r="3" t="34" w="267" /><ent r="3" t="34" w="512" /><ent r="3" t="34" w="656" /><ent r="3" t="34" w="764" /><ent r="3" t="34" w="973" /><ent r="4" t="34" w="1027" /><ent r="3" t="35" w="329" /><ent r="4" t="35" w="394" /><ent r="4" t="35" w="491" /><ent r="3" t="35" w="516" /><ent r="4" t="35" w="600" /><ent r="4" t="35" w="693" /><ent r="3" t="35" w="754" /><ent r="4" t="35" w="867" /><ent r="4" t="35" w="893" /><ent r="3" t="35" w="899" /><ent r="3" t="35" w="919" /><ent r="3" t="35" w="972" /><ent r="4" t="35" w="1006" /><ent r="4" t="35" w="1077" /><ent r="3" t="35" w="1163" /><ent r="4" t="35" w="1179" /><ent r="4" t="35" w="1207" /><ent r="4" t="35" w="1268" /><ent r="4" t="35" w="1367" /><ent r="3" t="35" w="1407" /><ent r="4" t="35" w="1558" /><ent r="4" t="35" w="1592" /><ent r="3" t="35" w="1635" /><ent r="4" t="35" w="1685" /><ent r="3" t="35" w="1695" /><ent r="3" t="35" w="1755" /><ent r="4" t="35" w="1780" /><ent r="3" t="37" w="992" /><ent r="3" t="37" w="1055" /><ent r="3" t="37" w="1125" /><ent r="4" t="37" w="1194" /><ent r="4" t="37" w="1408" /><ent r="4" t="37" w="1549" /><ent r="4" t="37" w="1620" /><ent r="4" t="37" w="1624" /><ent r="4" t="37" w="1722" /><ent r="3" t="37" w="1749" /><ent r="4" t="37" w="1782" /><ent r="5" t="37" w="1917" /><ent r="4" t="37" w="1925" /><ent r="4" t="37" w="1976" /><ent r="4" t="37" w="1983" /><ent r="4" t="37" w="2081" /><ent r="4" t="37" w="2126" /><ent r="4" t="37" w="2178" /><ent r="4" t="37" w="2305" /><ent r="4" t="37" w="2343" /><ent r="4" t="37" w="2387" /><ent r="3" t="37" w="2395" /><ent r="4" t="37" w="2445" /><ent r="4" t="37" w="2452" /><ent r="4" t="37" w="2572" /><ent r="4" t="37" w="2637" /><ent r="4" t="37" w="2687" /><ent r="4" t="37" w="2718" /><ent r="4" t="37" w="2737" /><ent r="4" t="37" w="2786" /><ent r="4" t="37" w="2819" /><ent r="4" t="37" w="2856" /><ent r="4" t="37" w="2890" /><ent r="4" t="37" w="2974" /><ent r="4" t="37" w="2994" /><ent r="4" t="37" w="3042" /><ent r="4" t="37" w="3075" /><ent r="4" t="37" w="3110" /><ent r="4" t="37" w="3150" /><ent r="4" t="37" w="3217" /><ent r="4" t="37" w="3237" /><ent r="4" t="37" w="3319" /><ent r="4" t="37" w="3416" /><ent r="4" t="37" w="3428" /><ent r="4" t="37" w="3497" /><ent r="4" t="37" w="3545" /><ent r="4" t="37" w="3560" /><ent r="4" t="37" w="3592" /><ent r="4" t="37" w="3601" /><ent r="4" t="37" w="3630" /><ent r="4" t="37" w="3674" /><ent r="4" t="37" w="3845" /><ent r="4" t="37" w="3849" /><ent r="4" t="37" w="4120" /><ent r="4" t="37" w="4143" /><ent r="4" t="37" w="4174" /><ent r="4" t="37" w="4334" /><ent r="4" t="37" w="4404" /><ent r="4" t="37" w="4495" /><ent r="3" t="38" w="100" /><ent r="3" t="38" w="161" /><ent r="3" t="39" w="217" /><ent r="3" t="40" w="116" /><ent r="3" t="40" w="205" /><ent r="3" t="40" w="663" /><ent r="4" t="40" w="765" /><ent r="4" t="40" w="813" /><ent r="3" t="40" w="826" /><ent r="4" t="40" w="931" /><ent r="5" t="40" w="1011" /><ent r="3" t="40" w="1148" /><ent r="3" t="40" w="1167" /><ent r="4" t="40" w="1174" /><ent r="3" t="41" w="37" /><ent r="5" t="41" w="174" /><ent r="4" t="41" w="349" /><ent r="3" t="41" w="519" /><ent r="3" t="42" w="44" /><ent r="3" t="42" w="111" /><ent r="4" t="42" w="113" /><ent r="3" t="44" w="233" /><ent r="3" t="44" w="245" /><ent r="3" t="44" w="257" /><ent r="3" t="44" w="545" /><ent r="3" t="44" w="550" /><ent r="3" t="44" w="555" /><ent r="3" t="44" w="560" /><ent r="3" t="44" w="565" /><ent r="3" t="44" w="604" /><ent r="3" t="44" w="619" /><ent r="3" t="44" w="629" /><ent r="3" t="44" w="647" /><ent r="3" t="44" w="667" /><ent r="3" t="44" w="816" /><ent r="3" t="45" w="22" /><ent r="3" t="45" w="184" /><ent r="3" t="45" w="189" /><ent r="3" t="45" w="194" /><ent r="3" t="45" w="215" /><ent r="3" t="46" w="105" /><ent r="6" t="46" w="111" /><ent r="6" t="46" w="124" /><ent r="4" t="46" w="139" /><ent r="4" t="47" w="256" /><ent r="3" t="47" w="437" /><ent r="3" t="47" w="497" /><ent r="4" t="47" w="533" /><ent r="3" t="47" w="536" /><ent r="4" t="47" w="584" /><ent r="3" t="47" w="605" /><ent r="3" t="47" w="625" /><ent r="3" t="47" w="639" /><ent r="3" t="47" w="749" /><ent r="4" t="47" w="873" /><ent r="3" t="48" w="231" /><ent r="3" t="48" w="236" /><ent r="3" t="48" w="241" /><ent r="3" t="48" w="246" /><ent r="3" t="48" w="260" /><ent r="3" t="49" w="177" /><ent r="5" t="49" w="234" /><ent r="3" t="49" w="569" /><ent r="3" t="49" w="625" /><ent r="3" t="49" w="630" /><ent r="3" t="49" w="635" /><ent r="3" t="49" w="640" /><ent r="3" t="49" w="645" /><ent r="3" t="49" w="661" /><ent r="3" t="49" w="736" /><ent r="3" t="49" w="739" /><ent r="3" t="49" w="750" /><ent r="3" t="49" w="810" /><ent r="3" t="49" w="833" /><ent r="3" t="49" w="868" /><ent r="4" t="49" w="977" /><ent r="4" t="49" w="1007" /><ent r="4" t="50" w="54" /><ent r="4" t="50" w="138" /><ent r="3" t="50" w="248" /><ent r="3" t="51" w="90" /><ent r="3" t="52" w="127" /><ent r="92" t="54" w="37" /><ent r="3" t="54" w="79" /><ent r="3" t="54" w="127" /><ent r="3" t="54" w="137" /><ent r="3" t="54" w="141" /><ent r="3" t="54" w="171" /><ent r="3" t="54" w="173" /><ent r="93" t="54" w="187" /><ent r="93" t="54" w="271" /><ent r="3" t="54" w="325" /><ent r="93" t="54" w="438" /><ent r="3" t="54" w="493" /><ent r="3" t="55" w="152" /><ent r="4" t="55" w="169" /><ent r="4" t="55" w="436" /><ent r="3" t="55" w="448" /><ent r="4" t="55" w="474" /><ent r="3" t="55" w="498" /><ent r="4" t="55" w="518" /><ent r="4" t="55" w="580" /><ent r="3" t="55" w="612" /><ent r="4" t="55" w="635" /><ent r="3" t="55" w="657" /><ent r="3" t="55" w="714" /><ent r="4" t="55" w="767" /><ent r="4" t="55" w="769" /><ent r="4" t="55" w="771" /><ent r="4" t="55" w="778" /><ent r="4" t="55" w="822" /><ent r="3" t="55" w="839" /><ent r="3" t="55" w="871" /><ent r="3" t="55" w="888" /><ent r="3" t="55" w="912" /><ent r="3" t="55" w="928" /><ent r="3" t="55" w="946" /><ent r="3" t="55" w="965" /><ent r="3" t="55" w="984" /><ent r="3" t="55" w="1000" /><ent r="3" t="55" w="1018" /><ent r="3" t="55" w="1044" /><ent r="3" t="55" w="1063" /><ent r="3" t="55" w="1079" /><ent r="3" t="55" w="1097" /><ent r="3" t="55" w="1115" /><ent r="3" t="55" w="1176" /><ent r="4" t="56" w="81" /><ent r="3" t="56" w="164" /><ent r="3" t="56" w="168" /><ent r="3" t="56" w="185" /><ent r="3" t="56" w="200" /><ent r="3" t="56" w="218" /><ent r="82" t="56" w="266" /><ent r="3" t="56" w="296" /><ent r="82" t="56" w="429" /><ent r="3" t="56" w="533" /><ent r="4" t="56" w="736" /><ent r="4" t="56" w="780" /><ent r="3" t="57" w="63" /><ent r="3" t="57" w="166" /><ent r="3" t="58" w="27" /><ent r="3" t="58" w="54" /><ent r="3" t="58" w="72" /><ent r="3" t="58" w="179" /><ent r="4" t="58" w="189" /><ent r="3" t="58" w="361" /><ent r="3" t="58" w="412" /><ent r="3" t="58" w="426" /><ent r="4" t="58" w="441" /><ent r="3" t="58" w="482" /><ent r="3" t="59" w="64" /><ent r="3" t="59" w="110" /><ent r="3" t="59" w="123" /><ent r="3" t="59" w="180" /><ent r="3" t="59" w="216" /><ent r="3" t="59" w="240" /><ent r="3" t="59" w="399" /><ent r="3" t="60" w="28" /><ent r="3" t="60" w="41" /><ent r="4" t="60" w="65" /><ent r="3" t="60" w="80" /><ent r="3" t="60" w="129" /><ent r="3" t="60" w="143" /><ent r="3" t="60" w="164" /><ent r="3" t="60" w="199" /><ent r="3" t="60" w="213" /><ent r="3" t="61" w="30" /><ent r="3" t="61" w="163" /><ent r="3" t="61" w="285" /><ent r="3" t="61" w="306" /><ent r="3" t="61" w="358" /><ent r="3" t="61" w="385" /><ent r="3" t="62" w="112" /><ent r="3" t="63" w="22" /><ent r="3" t="63" w="40" /><ent r="4" t="64" w="147" /><ent r="3" t="64" w="251" /><ent r="3" t="64" w="286" /><ent r="3" t="64" w="427" /><ent r="3" t="65" w="152" /><ent r="4" t="65" w="263" /><ent r="4" t="65" w="344" /><ent r="3" t="66" w="70" /><ent r="92" t="66" w="198" /><ent r="3" t="66" w="417" /><ent r="3" t="66" w="546" /><ent r="4" t="66" w="635" /><ent r="3" t="67" w="93" /><ent r="3" t="67" w="170" /><ent r="3" t="68" w="59" /><ent r="6" t="68" w="403" /><ent r="8" t="68" w="522" /><ent r="7" t="68" w="705" /><ent r="4" t="69" w="68" /><ent r="4" t="69" w="227" /><ent r="3" t="70" w="67" /><ent r="6" t="70" w="309" /><ent r="7" t="70" w="598" /><ent r="6" t="70" w="680" /><ent r="7" t="70" w="736" /><ent r="7" t="70" w="839" /><ent r="7" t="70" w="857" /><ent r="6" t="70" w="926" /><ent r="7" t="70" w="1075" /><ent r="6" t="70" w="1184" /><ent r="7" t="70" w="1203" /><ent r="6" t="70" w="1341" /><ent r="6" t="70" w="1393" /><ent r="6" t="70" w="1455" /><ent r="6" t="70" w="1509" /><ent r="6" t="70" w="1550" /><ent r="4" t="70" w="1561" /><ent r="3" t="70" w="1823" /><ent r="6" t="70" w="2052" /><ent r="6" t="70" w="2120" /><ent r="7" t="70" w="2299" /><ent r="7" t="70" w="2378" /><ent r="6" t="70" w="2400" /><ent r="3" t="71" w="88" /><ent r="3" t="71" w="146" /><ent r="3" t="71" w="204" /><ent r="3" t="71" w="280" /><ent r="3" t="72" w="86" /><ent r="3" t="72" w="97" /><ent r="4" t="73" w="56" /><ent r="4" t="73" w="78" /><ent r="3" t="75" w="7" /><ent r="3" t="75" w="28" /><ent r="3" t="77" w="65" /><ent r="4" t="77" w="135" /><ent r="4" t="77" w="142" /><ent r="4" t="77" w="161" /><ent r="5" t="77" w="166" /><ent r="4" t="77" w="188" /><ent r="5" t="77" w="191" /><ent r="5" t="77" w="193" /><ent r="5" t="77" w="195" /><ent r="4" t="77" w="202" /><ent r="4" t="77" w="256" /><ent r="5" t="77" w="261" /><ent r="5" t="77" w="264" /><ent r="5" t="77" w="267" /><ent r="3" t="78" w="57" /><ent r="3" t="78" w="161" /><ent r="3" t="78" w="228" /></phr></stem></index>