<?xml version="1.0" encoding="utf-8"?><index><stem n="origin"><phr n="Original"><ent r="3" t="14" w="84" /><ent r="3" t="20" w="318" /><ent r="3" t="32" w="57" /><ent r="3" t="46" w="250" /></phr><phr n="original"><ent r="4" t="19" w="1586" /><ent r="3" t="64" w="38" /><ent r="7" t="68" w="421" /><ent r="6" t="68" w="679" /><ent r="6" t="70" w="299" /><ent r="6" t="70" w="2101" /><ent r="6" t="70" w="2111" /></phr><phr n="originating"><ent r="6" t="70" w="2024" /><ent r="6" t="70" w="2096" /></phr></stem><stem n="24"><phr n="24"><ent r="3" t="14" w="86" /><ent r="3" t="14" w="447" /><ent r="3" t="24" w="1867" /><ent r="3" t="37" w="3954" /><ent r="3" t="37" w="4088" /></phr></stem><stem n="novemb"><phr n="November"><ent r="3" t="14" w="87" /></phr></stem><stem n="2003"><phr n="2003"><ent r="3" t="14" w="88" /><ent r="3" t="39" w="104" /></phr></stem><stem n="reb"><phr n="reb"><ent r="3" t="14" w="90" /><ent r="3" t="14" w="112" /><ent r="3" t="14" w="137" /><ent r="3" t="14" w="145" /><ent r="3" t="14" w="771" /><ent r="3" t="14" w="777" /><ent r="3" t="14" w="1176" /><ent r="3" t="20" w="296" /><ent r="3" t="20" w="323" /><ent r="3" t="20" w="334" /><ent r="3" t="27" w="47" /><ent r="3" t="27" w="58" /><ent r="3" t="32" w="59" /><ent r="3" t="32" w="68" /><ent r="3" t="32" w="89" /><ent r="3" t="32" w="101" /><ent r="3" t="32" w="117" /><ent r="3" t="46" w="287" /><ent r="3" t="46" w="297" /><ent r="3" t="49" w="706" /></phr></stem><stem n="updat"><phr n="Updated"><ent r="3" t="14" w="92" /><ent r="3" t="14" w="97" /><ent r="3" t="14" w="131" /><ent r="3" t="33" w="134" /><ent r="3" t="46" w="261" /><ent r="3" t="46" w="273" /><ent r="3" t="46" w="288" /></phr><phr n="update"><ent r="3" t="14" w="527" /><ent r="3" t="14" w="1168" /><ent r="3" t="46" w="278" /></phr><phr n="updates"><ent r="3" t="14" w="839" /><ent r="4" t="22" w="742" /></phr><phr n="updated"><ent r="4" t="22" w="754" /><ent r="3" t="32" w="99" /><ent r="3" t="32" w="1150" /><ent r="7" t="68" w="497" /></phr><phr n="UPDATED"><ent r="3" t="33" w="89" /></phr><phr n="updating"><ent r="3" t="74" w="49" /></phr></stem><stem n="29"><phr n="29"><ent r="3" t="14" w="93" /><ent r="3" t="31" w="68" /><ent r="3" t="32" w="90" /></phr></stem><stem n="juli"><phr n="July"><ent r="3" t="14" w="94" /></phr></stem><stem n="2005"><phr n="2005"><ent r="3" t="14" w="95" /><ent r="3" t="14" w="100" /><ent r="3" t="32" w="56" /><ent r="3" t="32" w="62" /><ent r="3" t="55" w="843" /><ent r="3" t="55" w="1128" /></phr></stem><stem n="oct"><phr n="Oct"><ent r="3" t="14" w="99" /><ent r="3" t="14" w="140" /><ent r="3" t="14" w="773" /></phr></stem><stem n="properli"><phr n="properly"><ent r="3" t="14" w="107" /><ent r="3" t="21" w="455" /></phr></stem><stem n=".4"><phr n=".4"><ent r="3" t="14" w="111" /><ent r="3" t="32" w="73" /><ent r="65" t="47" w="449" /><ent r="3" t="64" w="89" /></phr></stem><stem n="4.4"><phr n="4.4"><ent r="3" t="14" w="111" /><ent r="3" t="14" w="110" /><ent r="3" t="26" w="957" /><ent r="3" t="26" w="956" /><ent r="3" t="32" w="73" /><ent r="3" t="32" w="72" /></phr></stem><stem n="-reb"><phr n="-reb"><ent r="3" t="14" w="112" /><ent r="3" t="14" w="112" /><ent r="3" t="14" w="137" /><ent r="3" t="14" w="137" /><ent r="3" t="14" w="145" /><ent r="3" t="14" w="145" /><ent r="3" t="14" w="771" /><ent r="3" t="14" w="771" /><ent r="3" t="14" w="777" /><ent r="3" t="14" w="777" /><ent r="3" t="14" w="1176" /><ent r="3" t="14" w="1176" /><ent r="3" t="20" w="323" /><ent r="3" t="20" w="323" /><ent r="3" t="27" w="47" /><ent r="3" t="27" w="47" /><ent r="3" t="27" w="58" /><ent r="3" t="27" w="58" /><ent r="3" t="32" w="68" /><ent r="3" t="32" w="68" /><ent r="3" t="32" w="89" /><ent r="3" t="32" w="89" /><ent r="3" t="32" w="101" /><ent r="3" t="32" w="101" /><ent r="3" t="32" w="117" /><ent r="3" t="32" w="117" /><ent r="3" t="46" w="287" /><ent r="3" t="46" w="287" /><ent r="3" t="46" w="297" /><ent r="3" t="46" w="297" /><ent r="3" t="49" w="706" /><ent r="3" t="49" w="706" /></phr></stem><stem n="21"><phr n="21"><ent r="3" t="14" w="114" /><ent r="3" t="37" w="3880" /><ent r="3" t="37" w="4062" /><ent r="3" t="37" w="4108" /><ent r="3" t="37" w="4139" /></phr></stem><stem n="apr"><phr n="Apr"><ent r="3" t="14" w="115" /><ent r="3" t="32" w="55" /></phr></stem><stem n="2006"><phr n="2006"><ent r="3" t="14" w="116" /></phr></stem><stem n="convers"><phr n="conversion"><ent r="3" t="14" w="120" /><ent r="4" t="37" w="2612" /></phr></stem><stem n="$variabl"><phr n="$variables"><ent r="3" t="14" w="122" /></phr><phr n="$Variable"><ent r="3" t="27" w="384" /><ent r="3" t="27" w="389" /></phr></stem><stem n="sep"><phr n="Sep"><ent r="3" t="14" w="129" /><ent r="3" t="14" w="769" /><ent r="3" t="14" w="1174" /><ent r="3" t="27" w="60" /></phr></stem><stem n="2011"><phr n="2011"><ent r="3" t="14" w="130" /><ent r="3" t="14" w="141" /><ent r="3" t="14" w="743" /><ent r="3" t="14" w="770" /><ent r="3" t="14" w="774" /><ent r="3" t="14" w="1175" /><ent r="3" t="64" w="404" /><ent r="3" t="64" w="442" /><ent r="3" t="64" w="465" /><ent r="3" t="64" w="488" /></phr></stem><stem n="talk"><phr n="talk"><ent r="3" t="14" w="133" /></phr></stem><stem n="minor"><phr n="Minor"><ent r="3" t="14" w="142" /><ent r="3" t="14" w="775" /><ent r="5" t="21" w="179" /><ent r="3" t="21" w="378" /></phr><phr n="minor"><ent r="4" t="21" w="849" /><ent r="4" t="22" w="135" /><ent r="3" t="22" w="1245" /><ent r="3" t="22" w="1434" /><ent r="3" t="22" w="1439" /></phr><phr n="MINOR"><ent r="4" t="22" w="383" /></phr></stem><stem n="polish"><phr n="polish"><ent r="3" t="14" w="144" /></phr></stem><stem n="&quot;custom-snmp&quot;"><phr n="&quot;custom-snmp&quot;"><ent r="3" t="14" w="154" /><ent r="3" t="15" w="357" /><ent r="3" t="20" w="329" /><ent r="3" t="22" w="1287" /><ent r="3" t="27" w="95" /></phr></stem><stem n="snmp.persist"><phr n="snmp.persistent"><ent r="3" t="14" w="162" /><ent r="3" t="14" w="161" /></phr></stem><stem n="&quot;snmp.persistent&quot;"><phr n="&quot;snmp.persistent&quot;"><ent r="3" t="14" w="163" /></phr></stem><stem n="&quot;snmp"><phr n="&quot;SNMP"><ent r="3" t="14" w="166" /><ent r="3" t="27" w="104" /><ent r="3" t="29" w="693" /><ent r="3" t="32" w="541" /><ent r="3" t="32" w="702" /><ent r="3" t="32" w="825" /><ent r="3" t="32" w="935" /><ent r="3" t="32" w="1117" /><ent r="3" t="32" w="1315" /></phr></stem><stem n="1.1"><phr n="1.1"><ent r="3" t="14" w="172" /><ent r="3" t="14" w="171" /><ent r="3" t="14" w="798" /><ent r="3" t="14" w="797" /><ent r="3" t="44" w="468" /><ent r="3" t="44" w="467" /><ent r="3" t="44" w="727" /><ent r="3" t="44" w="726" /><ent r="3" t="46" w="316" /><ent r="3" t="46" w="315" /></phr></stem><stem n="&quot;1.1&quot;"><phr n="&quot;1.1&quot;"><ent r="3" t="14" w="173" /><ent r="3" t="14" w="799" /><ent r="3" t="44" w="469" /><ent r="3" t="44" w="728" /></phr></stem><stem n="miscellaneous/test"><phr n="Miscellaneous/Test"><ent r="3" t="14" w="186" /><ent r="3" t="14" w="185" /><ent r="3" t="14" w="805" /><ent r="3" t="14" w="804" /><ent r="3" t="20" w="355" /><ent r="3" t="20" w="354" /><ent r="3" t="44" w="475" /><ent r="3" t="44" w="474" /><ent r="3" t="44" w="734" /><ent r="3" t="44" w="733" /><ent r="3" t="46" w="323" /><ent r="3" t="46" w="322" /><ent r="4" t="49" w="71" /><ent r="4" t="49" w="70" /><ent r="3" t="49" w="536" /><ent r="3" t="49" w="535" /></phr></stem><stem n="&quot;miscellaneous/test/snmp"><phr n="&quot;Miscellaneous/Test/SNMP"><ent r="3" t="14" w="187" /></phr></stem><stem n="miscellaneous/test/snmp"><phr n="Miscellaneous/Test/SNMP"><ent r="3" t="14" w="187" /><ent r="3" t="14" w="185" /></phr></stem><stem n="/snmp-device-properties&gt;"><phr n="/snmp-device-properties&gt;"><ent r="3" t="14" w="202" /><ent r="3" t="18" w="48" /><ent r="3" t="18" w="200" /><ent r="3" t="20" w="367" /><ent r="3" t="25" w="43" /><ent r="3" t="25" w="85" /><ent r="3" t="27" w="137" /></phr></stem><stem n="snmp-device-properties&gt;"><phr n="snmp-device-properties&gt;"><ent r="3" t="14" w="202" /><ent r="3" t="18" w="48" /><ent r="3" t="18" w="200" /><ent r="3" t="20" w="367" /><ent r="3" t="25" w="43" /><ent r="3" t="25" w="85" /><ent r="3" t="27" w="137" /></phr></stem><stem n="much"><phr n="much"><ent r="3" t="14" w="224" /><ent r="3" t="21" w="286" /><ent r="3" t="21" w="538" /><ent r="3" t="29" w="850" /><ent r="4" t="49" w="286" /><ent r="3" t="57" w="219" /><ent r="3" t="64" w="77" /></phr></stem><stem n="peopl"><phr n="people"><ent r="3" t="14" w="229" /></phr><phr n="People"><ent r="3" t="71" w="113" /></phr></stem><stem n="gb"><phr n="GB"><ent r="3" t="14" w="242" /><ent r="3" t="14" w="813" /><ent r="3" t="20" w="371" /><ent r="3" t="27" w="141" /><ent r="3" t="32" w="153" /><ent r="100" t="39" w="6" /><ent r="3" t="39" w="167" /><ent r="3" t="44" w="481" /><ent r="3" t="44" w="743" /><ent r="3" t="46" w="329" /><ent r="3" t="48" w="61" /><ent r="3" t="49" w="544" /></phr></stem><stem n="\gb\snmp"><phr n="\GB\SNMP"><ent r="3" t="14" w="243" /></phr></stem><stem n="sometim"><phr n="Sometimes"><ent r="3" t="14" w="250" /></phr></stem><stem n="invoc"><phr n="invocations"><ent r="3" t="14" w="258" /></phr><phr n="invocation"><ent r="3" t="14" w="272" /><ent r="3" t="14" w="286" /><ent r="3" t="14" w="303" /></phr></stem><stem n="o"><phr n="o"><ent r="3" t="14" w="260" /><ent r="4" t="24" w="1212" /><ent r="3" t="55" w="135" /><ent r="5" t="55" w="245" /><ent r="4" t="55" w="783" /><ent r="65" t="55" w="803" /><ent r="1000" t="56" w="4" /><ent r="102" t="56" w="10" /><ent r="4" t="56" w="43" /><ent r="4" t="56" w="52" /><ent r="3" t="56" w="77" /><ent r="3" t="56" w="105" /><ent r="3" t="56" w="150" /><ent r="3" t="56" w="172" /></phr><phr n="O"><ent r="100" t="37" w="126" /><ent r="92" t="37" w="131" /><ent r="64" t="53" w="78" /><ent r="65" t="55" w="271" /><ent r="3" t="61" w="678" /><ent r="3" t="61" w="857" /></phr></stem><stem n="done"><phr n="done"><ent r="3" t="14" w="279" /><ent r="3" t="22" w="1124" /><ent r="3" t="53" w="25" /><ent r="3" t="61" w="527" /><ent r="3" t="61" w="834" /><ent r="3" t="61" w="836" /></phr><phr n="DONE"><ent r="100" t="37" w="517" /><ent r="100" t="37" w="519" /><ent r="65" t="37" w="521" /><ent r="100" t="37" w="847" /><ent r="83" t="37" w="1471" /><ent r="5" t="37" w="1480" /><ent r="100" t="37" w="1515" /><ent r="5" t="37" w="1536" /><ent r="100" t="37" w="1550" /><ent r="3" t="37" w="1553" /><ent r="5" t="37" w="1636" /><ent r="3" t="37" w="1645" /><ent r="5" t="37" w="2097" /><ent r="5" t="37" w="2141" /><ent r="5" t="37" w="3436" /><ent r="100" t="37" w="3972" /><ent r="3" t="37" w="3976" /><ent r="100" t="37" w="3981" /><ent r="3" t="37" w="3987" /><ent r="3" t="37" w="4019" /><ent r="3" t="37" w="4033" /><ent r="100" t="37" w="4059" /><ent r="3" t="37" w="4063" /><ent r="3" t="37" w="4074" /><ent r="3" t="37" w="4089" /><ent r="3" t="37" w="4467" /><ent r="3" t="37" w="4481" /><ent r="100" t="39" w="497" /><ent r="3" t="39" w="500" /><ent r="100" t="39" w="515" /><ent r="3" t="39" w="518" /><ent r="100" t="39" w="533" /><ent r="3" t="39" w="536" /><ent r="100" t="39" w="551" /><ent r="3" t="39" w="554" /><ent r="3" t="39" w="566" /><ent r="3" t="39" w="586" /></phr></stem><stem n="preserv"><phr n="preserve"><ent r="3" t="14" w="288" /><ent r="3" t="61" w="1277" /></phr></stem><stem n="&quot;old"><phr n="&quot;old"><ent r="3" t="14" w="298" /><ent r="3" t="14" w="565" /><ent r="3" t="14" w="574" /></phr></stem><stem n="step"><phr n="steps"><ent r="3" t="14" w="305" /></phr><phr n="step"><ent r="3" t="61" w="1300" /></phr></stem><stem n="(current)"><phr n="(current)"><ent r="3" t="14" w="312" /></phr></stem><stem n="xyz"><phr n="XYZ"><ent r="3" t="14" w="316" /></phr></stem><stem n="(&quot;xyz&quot;);"><phr n="(&quot;XYZ&quot;);"><ent r="3" t="14" w="317" /></phr></stem><stem n="oldxyz"><phr n="oldXYZ"><ent r="3" t="14" w="331" /><ent r="3" t="14" w="338" /></phr></stem><stem n="(&quot;oldxyz&quot;);"><phr n="(&quot;oldXYZ&quot;);"><ent r="3" t="14" w="332" /></phr></stem><stem n="-run"><phr n="-run"><ent r="3" t="14" w="333" /><ent r="3" t="14" w="333" /></phr></stem><stem n="re-run"><phr n="Re-run"><ent r="3" t="14" w="333" /></phr></stem><stem n="\b\exampl"><phr n="\b\Example"><ent r="3" t="14" w="347" /></phr></stem><stem n="ifinoctet"><phr n="ifInOctets"><ent r="3" t="14" w="354" /><ent r="3" t="14" w="368" /><ent r="3" t="14" w="400" /><ent r="3" t="14" w="495" /><ent r="3" t="14" w="503" /><ent r="3" t="16" w="1209" /><ent r="3" t="16" w="1219" /><ent r="4" t="16" w="1363" /><ent r="5" t="16" w="1479" /><ent r="5" t="16" w="1572" /><ent r="5" t="16" w="1601" /><ent r="5" t="16" w="1618" /><ent r="3" t="16" w="1719" /><ent r="4" t="19" w="1598" /><ent r="3" t="19" w="1679" /><ent r="3" t="26" w="675" /><ent r="3" t="26" w="686" /><ent r="3" t="26" w="720" /><ent r="3" t="26" w="754" /><ent r="3" t="26" w="769" /></phr></stem><stem n="sysuptim"><phr n="sysUpTime"><ent r="3" t="14" w="373" /><ent r="3" t="14" w="515" /><ent r="3" t="26" w="128" /><ent r="3" t="26" w="328" /><ent r="3" t="26" w="329" /><ent r="3" t="26" w="340" /><ent r="3" t="26" w="343" /><ent r="3" t="26" w="349" /><ent r="3" t="26" w="354" /><ent r="3" t="26" w="375" /><ent r="3" t="26" w="394" /><ent r="3" t="26" w="404" /><ent r="3" t="26" w="410" /><ent r="3" t="26" w="672" /><ent r="3" t="26" w="678" /><ent r="3" t="26" w="863" /><ent r="3" t="26" w="887" /><ent r="3" t="26" w="900" /><ent r="3" t="26" w="918" /><ent r="3" t="26" w="941" /><ent r="3" t="26" w="980" /></phr><phr n="sysuptime"><ent r="3" t="14" w="519" /><ent r="3" t="14" w="575" /></phr><phr n="sysUptime"><ent r="100" t="18" w="66" /><ent r="4" t="18" w="79" /><ent r="100" t="25" w="103" /><ent r="4" t="25" w="116" /></phr><phr n="SysUptime"><ent r="100" t="18" w="70" /><ent r="100" t="25" w="107" /></phr><phr n="sysupTime"><ent r="3" t="26" w="366" /></phr></stem><stem n="sysuptime.0"><phr n="sysUpTime.0"><ent r="3" t="14" w="374" /><ent r="3" t="14" w="373" /><ent r="3" t="14" w="516" /><ent r="3" t="14" w="515" /><ent r="3" t="26" w="330" /><ent r="3" t="26" w="329" /><ent r="3" t="26" w="376" /><ent r="3" t="26" w="375" /><ent r="3" t="26" w="673" /><ent r="3" t="26" w="672" /><ent r="3" t="26" w="864" /><ent r="3" t="26" w="863" /><ent r="3" t="26" w="888" /><ent r="3" t="26" w="887" /><ent r="3" t="26" w="901" /><ent r="3" t="26" w="900" /><ent r="3" t="26" w="919" /><ent r="3" t="26" w="918" /><ent r="3" t="26" w="942" /><ent r="3" t="26" w="941" /><ent r="3" t="26" w="981" /><ent r="3" t="26" w="980" /></phr></stem><stem n="sysuptime.0,"><phr n="sysUpTime.0,"><ent r="3" t="14" w="374" /><ent r="3" t="14" w="373" /><ent r="3" t="14" w="516" /><ent r="3" t="14" w="515" /></phr></stem><stem n="delta"><phr n="delta"><ent r="3" t="14" w="379" /></phr><phr n="Delta"><ent r="3" t="14" w="658" /></phr></stem><stem n="traffic"><phr n="traffic"><ent r="3" t="14" w="391" /></phr><phr n="Traffic"><ent r="3" t="32" w="512" /><ent r="3" t="32" w="542" /><ent r="3" t="32" w="673" /><ent r="3" t="32" w="703" /><ent r="3" t="32" w="796" /><ent r="3" t="32" w="826" /><ent r="3" t="32" w="906" /><ent r="3" t="32" w="936" /><ent r="3" t="32" w="1088" /><ent r="3" t="32" w="1118" /></phr></stem><stem n="-second"><phr n="-SECOND"><ent r="3" t="14" w="405" /><ent r="3" t="14" w="405" /><ent r="3" t="14" w="701" /><ent r="3" t="14" w="701" /><ent r="100" t="16" w="528" /><ent r="100" t="16" w="528" /></phr><phr n="-second"><ent r="100" t="16" w="519" /><ent r="100" t="16" w="519" /><ent r="7" t="16" w="755" /><ent r="7" t="16" w="755" /></phr><phr n="-Second"><ent r="9" t="16" w="941" /><ent r="9" t="16" w="941" /></phr></stem><stem n="-settabl"><phr n="-settable"><ent r="3" t="14" w="414" /><ent r="3" t="14" w="414" /><ent r="3" t="27" w="305" /><ent r="3" t="27" w="305" /></phr></stem><stem n="user-sett"><phr n="user-settable"><ent r="3" t="14" w="414" /><ent r="3" t="27" w="305" /></phr></stem><stem n="settabl"><phr n="settable"><ent r="3" t="14" w="415" /><ent r="3" t="27" w="306" /></phr></stem><stem n="&quot;interface&quot;"><phr n="&quot;Interface&quot;"><ent r="3" t="14" w="447" /></phr></stem><stem n="&quot;24&quot;"><phr n="&quot;24&quot;"><ent r="3" t="14" w="448" /></phr></stem><stem n="(usual"><phr n="(usually"><ent r="3" t="14" w="470" /><ent r="4" t="15" w="149" /><ent r="3" t="27" w="360" /></phr></stem><stem n="alreadi"><phr n="already"><ent r="3" t="14" w="484" /><ent r="3" t="24" w="914" /><ent r="3" t="27" w="373" /><ent r="3" t="29" w="955" /><ent r="3" t="44" w="158" /></phr></stem><stem n="actinoctet"><phr n="actInOctets"><ent r="3" t="14" w="494" /></phr></stem><stem n="ifinoctets.$interfac"><phr n="ifInOctets.$Interface"><ent r="3" t="14" w="496" /><ent r="3" t="14" w="495" /><ent r="3" t="14" w="504" /><ent r="3" t="14" w="503" /></phr></stem><stem n="$interfac"><phr n="$Interface"><ent r="3" t="14" w="496" /><ent r="3" t="14" w="504" /></phr><phr n="$interface"><ent r="3" t="14" w="636" /></phr></stem><stem n="ifinoctets.$interface,"><phr n="ifInOctets.$Interface,"><ent r="3" t="14" w="496" /><ent r="3" t="14" w="495" /><ent r="3" t="14" w="504" /><ent r="3" t="14" w="503" /></phr></stem><stem n=".$interface,"><phr n=".$Interface,"><ent r="3" t="14" w="497" /><ent r="3" t="14" w="505" /></phr></stem><stem n="&quot;actual"><phr n="&quot;actual"><ent r="3" t="14" w="499" /></phr></stem><stem n="inoctet"><phr n="inOctets"><ent r="3" t="14" w="500" /><ent r="3" t="14" w="502" /><ent r="3" t="14" w="566" /></phr></stem><stem n="&quot;current"><phr n="&quot;current"><ent r="3" t="14" w="506" /><ent r="3" t="14" w="518" /></phr></stem><stem n="deltabyt"><phr n="deltaBytes"><ent r="3" t="14" w="509" /></phr></stem><stem n="$inoctet"><phr n="$inOctets"><ent r="3" t="14" w="510" /><ent r="3" t="14" w="563" /><ent r="3" t="14" w="652" /></phr></stem><stem n="$inoctets-$oldinoctet"><phr n="$inOctets-$oldInOctets"><ent r="3" t="14" w="510" /></phr></stem><stem n="$oldinoctet"><phr n="$oldInOctets"><ent r="3" t="14" w="511" /><ent r="3" t="14" w="556" /></phr></stem><stem n="-$oldinoctets,"><phr n="-$oldInOctets,"><ent r="3" t="14" w="512" /><ent r="3" t="14" w="512" /></phr></stem><stem n="cursysuptim"><phr n="curSysUpTime"><ent r="3" t="14" w="514" /></phr></stem><stem n="deltatim"><phr n="deltaTime"><ent r="3" t="14" w="521" /></phr></stem><stem n="$cursysuptim"><phr n="$curSysUptime"><ent r="3" t="14" w="522" /></phr><phr n="$curSysUpTime"><ent r="3" t="14" w="572" /></phr></stem><stem n="$oldsysuptim"><phr n="$oldSysUpTime"><ent r="3" t="14" w="523" /></phr></stem><stem n="now"><phr n="Now"><ent r="3" t="14" w="526" /></phr><phr n="now"><ent r="3" t="17" w="281" /><ent r="4" t="22" w="523" /><ent r="3" t="22" w="926" /><ent r="4" t="37" w="384" /><ent r="3" t="37" w="2918" /><ent r="4" t="47" w="852" /><ent r="3" t="49" w="13" /><ent r="4" t="49" w="207" /><ent r="3" t="64" w="105" /></phr></stem><stem n="oldxxxx"><phr n="oldXXXX"><ent r="3" t="14" w="529" /></phr></stem><stem n="nb"><phr n="NB"><ent r="3" t="14" w="538" /></phr></stem><stem n="previnoctet"><phr n="prevInOctets"><ent r="3" t="14" w="539" /><ent r="3" t="14" w="555" /></phr></stem><stem n="oldinoctet"><phr n="oldInOctets"><ent r="3" t="14" w="562" /></phr></stem><stem n="oldsysuptim"><phr n="oldSysUpTime"><ent r="3" t="14" w="571" /></phr></stem><stem n="/snmp-device-thresholds&gt;"><phr n="/snmp-device-thresholds&gt;"><ent r="3" t="14" w="602" /><ent r="3" t="20" w="410" /><ent r="3" t="29" w="1064" /></phr></stem><stem n="snmp-device-thresholds&gt;"><phr n="snmp-device-thresholds&gt;"><ent r="3" t="14" w="602" /><ent r="3" t="20" w="410" /><ent r="3" t="29" w="1064" /></phr></stem><stem n="append"><phr n="appended"><ent r="3" t="14" w="617" /><ent r="3" t="20" w="427" /><ent r="3" t="27" w="407" /></phr><phr n="appends"><ent r="3" t="14" w="866" /></phr></stem><stem n="\b5\persist"><phr n="\B5\Persistent"><ent r="3" t="14" w="631" /></phr></stem><stem n="=$interface\0p\"><phr n="=$interface\0P\"><ent r="3" t="14" w="638" /></phr></stem><stem n="\4\old"><phr n="\4\Old"><ent r="3" t="14" w="640" /></phr></stem><stem n="octet"><phr n="Octets"><ent r="3" t="14" w="641" /><ent r="3" t="14" w="650" /></phr><phr n="octet"><ent r="6" t="16" w="878" /><ent r="6" t="16" w="888" /><ent r="3" t="58" w="102" /><ent r="3" t="58" w="340" /></phr><phr n="octets"><ent r="4" t="16" w="1404" /></phr></stem><stem n=":\0\"><phr n=":\0\"><ent r="3" t="14" w="643" /><ent r="3" t="14" w="652" /><ent r="3" t="14" w="676" /><ent r="3" t="14" w="692" /><ent r="3" t="32" w="1528" /><ent r="3" t="32" w="1532" /><ent r="3" t="32" w="1536" /><ent r="3" t="32" w="1540" /><ent r="3" t="32" w="1548" /><ent r="3" t="32" w="1556" /><ent r="3" t="32" w="1564" /><ent r="3" t="32" w="1572" /><ent r="3" t="32" w="1582" /><ent r="3" t="32" w="1600" /><ent r="3" t="32" w="1607" /><ent r="3" t="32" w="1614" /><ent r="3" t="32" w="1621" /><ent r="3" t="32" w="1629" /><ent r="3" t="32" w="1636" /><ent r="3" t="39" w="615" /><ent r="3" t="39" w="625" /></phr></stem><stem n="$previnoctet"><phr n="$prevInOctets"><ent r="3" t="14" w="643" /></phr></stem><stem n="3g"><phr n="3g"><ent r="3" t="14" w="644" /><ent r="3" t="14" w="653" /><ent r="3" t="14" w="662" /><ent r="3" t="14" w="667" /><ent r="3" t="14" w="683" /><ent r="3" t="14" w="695" /><ent r="3" t="49" w="662" /></phr><phr n="3G"><ent r="3" t="27" w="421" /></phr></stem><stem n="0mp"><phr n="0mp"><ent r="3" t="14" w="646" /><ent r="3" t="14" w="655" /><ent r="3" t="14" w="664" /><ent r="3" t="14" w="670" /><ent r="3" t="14" w="686" /><ent r="3" t="14" w="704" /></phr></stem><stem n="\3g\bytes\0mp\"><phr n="\3g\bytes\0mp\"><ent r="3" t="14" w="647" /><ent r="3" t="14" w="656" /><ent r="3" t="14" w="665" /></phr></stem><stem n="\4\cur"><phr n="\4\Cur"><ent r="3" t="14" w="649" /></phr></stem><stem n="cur"><phr n="Cur"><ent r="3" t="14" w="649" /></phr></stem><stem n="delta'"><phr n="Delta's"><ent r="3" t="14" w="659" /><ent r="3" t="14" w="658" /></phr></stem><stem n="\4\delta's:\0\"><phr n="\4\Delta's:\0\"><ent r="3" t="14" w="661" /></phr></stem><stem n="$deltabyt"><phr n="$deltaBytes"><ent r="3" t="14" w="661" /><ent r="3" t="14" w="680" /></phr></stem><stem n="$deltatim"><phr n="$deltaTime"><ent r="3" t="14" w="666" /><ent r="3" t="14" w="681" /></phr></stem><stem n="\3g\centi-second"><phr n="\3g\centi-seconds"><ent r="3" t="14" w="668" /></phr></stem><stem n="centi"><phr n="centi"><ent r="3" t="14" w="668" /></phr></stem><stem n="centi-second"><phr n="centi-seconds"><ent r="3" t="14" w="668" /></phr></stem><stem n="\0mp\"><phr n="\0mp\"><ent r="3" t="14" w="671" /><ent r="3" t="14" w="705" /></phr></stem><stem n="\4\comput"><phr n="\4\Computed"><ent r="3" t="14" w="673" /></phr></stem><stem n="{eval:sprintf(&quot;%d&quot;,($deltabytes)"><phr n="{eval:sprintf(&quot;%d&quot;,($deltaBytes)"><ent r="3" t="14" w="681" /></phr></stem><stem n="\3g\bytes/sec\0mp\"><phr n="\3g\bytes/sec\0mp\"><ent r="3" t="14" w="687" /></phr></stem><stem n="\4\actual"><phr n="\4\Actual"><ent r="3" t="14" w="689" /></phr></stem><stem n="#.###"><phr n="#.###"><ent r="3" t="14" w="694" /></phr></stem><stem n="$actinoctet"><phr n="$actInOctets"><ent r="3" t="14" w="694" /></phr></stem><stem n="bytes/sec,"><phr n="bytes/sec,"><ent r="3" t="14" w="697" /><ent r="3" t="14" w="696" /></phr></stem><stem n="\3g\bytes/sec,"><phr n="\3g\bytes/sec,"><ent r="3" t="14" w="698" /></phr></stem><stem n="com.dartware.tool"><phr n="com.dartware.tool"><ent r="3" t="14" w="737" /><ent r="3" t="14" w="735" /><ent r="3" t="49" w="489" /><ent r="3" t="49" w="487" /></phr></stem><stem n="com.dartware.tool.persist"><phr n="com.dartware.tool.persistent"><ent r="3" t="14" w="738" /><ent r="3" t="14" w="735" /></phr></stem><stem n="com.dartware.tool.persistent.txt"><phr n="com.dartware.tool.persistent.txt"><ent r="3" t="14" w="739" /><ent r="3" t="14" w="735" /></phr></stem><stem n="(com.dartware.tool.persistent.txt)"><phr n="(com.dartware.tool.persistent.txt)"><ent r="3" t="14" w="740" /></phr></stem><stem n="-2011"><phr n="-2011"><ent r="3" t="14" w="742" /><ent r="3" t="14" w="742" /></phr></stem><stem n="2008"><phr n="2008"><ent r="3" t="14" w="742" /><ent r="3" t="48" w="22" /></phr></stem><stem n="2008-2011"><phr n="2008-2011"><ent r="3" t="14" w="742" /></phr></stem><stem n="reserv"><phr n="reserved"><ent r="3" t="14" w="748" /><ent r="3" t="33" w="65" /><ent r="3" t="44" w="448" /><ent r="3" t="44" w="707" /><ent r="3" t="45" w="98" /><ent r="3" t="48" w="27" /></phr><phr n="Reserved"><ent r="92" t="24" w="307" /></phr></stem><stem n="-trip"><phr n="-tripping"><ent r="3" t="14" w="754" /><ent r="3" t="14" w="754" /></phr><phr n="-trip"><ent r="3" t="14" w="1162" /><ent r="3" t="14" w="1162" /><ent r="3" t="24" w="49" /><ent r="3" t="24" w="49" /><ent r="3" t="38" w="314" /><ent r="3" t="38" w="314" /><ent r="4" t="40" w="842" /><ent r="4" t="40" w="842" /><ent r="3" t="40" w="854" /><ent r="3" t="40" w="854" /></phr></stem><stem n="round-trip"><phr n="round-tripping"><ent r="3" t="14" w="754" /></phr><phr n="Round-trip"><ent r="3" t="14" w="1162" /><ent r="4" t="40" w="842" /><ent r="3" t="40" w="854" /></phr><phr n="round-trip"><ent r="3" t="24" w="49" /><ent r="3" t="38" w="314" /></phr></stem><stem n="trip"><phr n="tripping"><ent r="3" t="14" w="755" /></phr><phr n="trip"><ent r="3" t="14" w="1163" /><ent r="3" t="24" w="50" /><ent r="3" t="38" w="315" /><ent r="4" t="40" w="843" /><ent r="3" t="40" w="855" /></phr></stem><stem n="back"><phr n="back"><ent r="3" t="14" w="763" /><ent r="4" t="19" w="1588" /><ent r="3" t="22" w="928" /><ent r="3" t="37" w="2561" /><ent r="3" t="37" w="4156" /></phr></stem><stem n="tool.persist"><phr n="tool.persistent"><ent r="3" t="14" w="789" /><ent r="3" t="14" w="788" /></phr></stem><stem n="&quot;tool.persistent&quot;"><phr n="&quot;tool.persistent&quot;"><ent r="3" t="14" w="790" /></phr></stem><stem n="&quot;command"><phr n="&quot;Command"><ent r="3" t="14" w="792" /></phr></stem><stem n="&quot;miscellaneous/test/command"><phr n="&quot;Miscellaneous/Test/Command"><ent r="3" t="14" w="806" /></phr></stem><stem n="miscellaneous/test/command"><phr n="Miscellaneous/Test/Command"><ent r="3" t="14" w="806" /><ent r="3" t="14" w="804" /></phr></stem><stem n="\gb\command"><phr n="\GB\Command"><ent r="3" t="14" w="814" /></phr></stem><stem n="iter"><phr n="iteration"><ent r="3" t="14" w="850" /></phr></stem><stem n="$searchstr"><phr n="$SearchString"><ent r="3" t="14" w="858" /><ent r="3" t="14" w="870" /><ent r="3" t="14" w="933" /><ent r="3" t="14" w="940" /><ent r="3" t="14" w="1132" /><ent r="3" t="14" w="1266" /><ent r="3" t="14" w="1315" /></phr></stem><stem n="\b\$searchstring\p\"><phr n="\b\$SearchString\p\"><ent r="3" t="14" w="860" /></phr></stem><stem n="$numericparam"><phr n="$numericParam"><ent r="3" t="14" w="862" /><ent r="3" t="14" w="876" /><ent r="3" t="14" w="1073" /><ent r="3" t="14" w="1134" /><ent r="3" t="14" w="1203" /><ent r="3" t="14" w="1317" /></phr></stem><stem n="\b\$numericparam\p\."><phr n="\b\$numericParam\p\."><ent r="3" t="14" w="864" /></phr></stem><stem n="&quot;a&quot;"><phr n="&quot;a&quot;"><ent r="3" t="14" w="869" /><ent r="3" t="14" w="1295" /><ent r="3" t="14" w="1298" /></phr></stem><stem n="(thi"><phr n="(This"><ent r="3" t="14" w="881" /><ent r="4" t="61" w="243" /></phr><phr n="(this"><ent r="3" t="22" w="1122" /><ent r="3" t="61" w="292" /></phr></stem><stem n="useless"><phr n="useless"><ent r="3" t="14" w="884" /></phr></stem><stem n="uniniti"><phr n="uninitialized"><ent r="3" t="14" w="897" /><ent r="3" t="14" w="916" /><ent r="3" t="14" w="969" /></phr></stem></index>