<?xml version="1.0" encoding="utf-8"?><index><stem n="-access"><phr n="-accessible"><ent r="4" t="19" w="1902" /><ent r="4" t="19" w="1902" /></phr><phr n="-ACCESS"><ent r="3" t="33" w="180" /><ent r="3" t="33" w="180" /><ent r="3" t="33" w="213" /><ent r="3" t="33" w="213" /><ent r="3" t="33" w="245" /><ent r="3" t="33" w="245" /><ent r="3" t="33" w="280" /><ent r="3" t="33" w="280" /><ent r="3" t="33" w="311" /><ent r="3" t="33" w="311" /><ent r="3" t="33" w="336" /><ent r="3" t="33" w="336" /></phr></stem><stem n="non-access"><phr n="non-accessible"><ent r="4" t="19" w="1902" /></phr></stem><stem n="&quot;deriv"><phr n="&quot;derived"><ent r="4" t="19" w="1913" /></phr></stem><stem n="disclosur"><phr n="Disclosure"><ent r="92" t="20" w="194" /><ent r="3" t="20" w="240" /><ent r="3" t="20" w="292" /><ent r="3" t="20" w="373" /></phr><phr n="disclosure"><ent r="3" t="20" w="198" /><ent r="3" t="20" w="203" /><ent r="3" t="20" w="228" /><ent r="3" t="20" w="284" /><ent r="3" t="20" w="383" /></phr></stem><stem n="widget"><phr n="Widgets"><ent r="92" t="20" w="195" /><ent r="3" t="20" w="293" /><ent r="3" t="20" w="374" /></phr><phr n="widget"><ent r="3" t="20" w="199" /><ent r="3" t="20" w="384" /></phr></stem><stem n="collaps"><phr n="collapse"><ent r="3" t="20" w="217" /></phr></stem><stem n="area"><phr n="area"><ent r="3" t="20" w="230" /></phr></stem><stem n="hide"><phr n="hide"><ent r="3" t="20" w="235" /><ent r="3" t="20" w="268" /><ent r="3" t="20" w="439" /><ent r="3" t="20" w="506" /><ent r="3" t="20" w="534" /></phr></stem><stem n="\#hide:[disclosureblock"><phr n="\#hide:[disclosureblock"><ent r="3" t="20" w="236" /></phr></stem><stem n="disclosureblock"><phr n="disclosureblock"><ent r="3" t="20" w="236" /><ent r="3" t="20" w="243" /><ent r="3" t="20" w="248" /><ent r="3" t="20" w="253" /><ent r="3" t="20" w="257" /><ent r="3" t="20" w="261" /><ent r="3" t="20" w="263" /></phr></stem><stem n="]\"><phr n="]\"><ent r="3" t="20" w="238" /><ent r="3" t="20" w="245" /><ent r="3" t="20" w="265" /></phr></stem><stem n="titl"><phr n="Title"><ent r="3" t="20" w="238" /><ent r="3" t="20" w="442" /><ent r="3" t="20" w="477" /><ent r="3" t="20" w="537" /><ent r="100" t="67" w="116" /></phr><phr n="title"><ent r="4" t="66" w="125" /><ent r="3" t="66" w="199" /><ent r="3" t="66" w="220" /><ent r="4" t="66" w="282" /><ent r="4" t="66" w="381" /><ent r="3" t="66" w="404" /><ent r="4" t="67" w="180" /><ent r="7" t="68" w="114" /><ent r="7" t="68" w="119" /><ent r="6" t="68" w="132" /><ent r="7" t="68" w="151" /><ent r="7" t="68" w="172" /><ent r="6" t="68" w="206" /><ent r="100" t="68" w="213" /><ent r="7" t="68" w="216" /><ent r="7" t="68" w="219" /><ent r="7" t="68" w="227" /><ent r="3" t="69" w="25" /><ent r="4" t="69" w="46" /><ent r="4" t="69" w="51" /><ent r="100" t="69" w="62" /><ent r="4" t="69" w="77" /><ent r="4" t="69" w="82" /><ent r="4" t="69" w="140" /><ent r="4" t="69" w="145" /><ent r="4" t="69" w="172" /><ent r="4" t="69" w="177" /><ent r="4" t="69" w="191" /><ent r="4" t="69" w="196" /><ent r="6" t="70" w="523" /><ent r="6" t="70" w="574" /><ent r="7" t="70" w="1101" /></phr></stem><stem n="block"><phr n="Block"><ent r="3" t="20" w="241" /></phr><phr n="block"><ent r="3" t="20" w="278" /><ent r="4" t="37" w="1933" /><ent r="4" t="37" w="1951" /><ent r="3" t="37" w="2403" /><ent r="3" t="37" w="2421" /></phr><phr n="blocks"><ent r="3" t="21" w="410" /><ent r="4" t="65" w="223" /></phr></stem><stem n="\#begin:[disclosureblock"><phr n="\#begin:[disclosureblock"><ent r="3" t="20" w="243" /></phr></stem><stem n="\#end:[disclosureblock"><phr n="\#end:[disclosureblock"><ent r="3" t="20" w="263" /></phr></stem><stem n="#hide"><phr n="#hide"><ent r="3" t="20" w="268" /></phr></stem><stem n="#show"><phr n="#show"><ent r="3" t="20" w="270" /></phr></stem><stem n="nest"><phr n="nest"><ent r="3" t="20" w="283" /></phr><phr n="nested"><ent r="3" t="20" w="511" /><ent r="4" t="37" w="999" /></phr></stem><stem n="com.dartware.reb"><phr n="com.dartware.reb"><ent r="3" t="20" w="296" /><ent r="3" t="20" w="294" /></phr></stem><stem n="com.dartware.reb.expand"><phr n="com.dartware.reb.expander"><ent r="3" t="20" w="297" /><ent r="3" t="20" w="294" /></phr></stem><stem n="com.dartware.reb.expander.txt"><phr n="com.dartware.reb.expander.txt"><ent r="3" t="20" w="298" /><ent r="3" t="20" w="294" /></phr></stem><stem n="(com.dartware.reb.expander.txt)"><phr n="(com.dartware.reb.expander.txt)"><ent r="3" t="20" w="299" /></phr></stem><stem n="aug"><phr n="Aug"><ent r="3" t="20" w="321" /></phr></stem><stem n="2010"><phr n="2010"><ent r="3" t="20" w="322" /><ent r="3" t="46" w="291" /></phr></stem><stem n="reb.expand"><phr n="reb.expander"><ent r="3" t="20" w="335" /><ent r="3" t="20" w="334" /></phr></stem><stem n="reb.expander_control"><phr n="reb.expander_control"><ent r="3" t="20" w="336" /><ent r="3" t="20" w="334" /></phr></stem><stem n="&quot;reb.expander_control&quot;"><phr n="&quot;reb.expander_control&quot;"><ent r="3" t="20" w="337" /></phr></stem><stem n="&quot;test"><phr n="&quot;Test"><ent r="3" t="20" w="339" /><ent r="7" t="68" w="220" /><ent r="4" t="69" w="34" /><ent r="3" t="69" w="58" /></phr></stem><stem n="&quot;miscellaneous/test/test"><phr n="&quot;Miscellaneous/Test/Test"><ent r="3" t="20" w="356" /></phr></stem><stem n="miscellaneous/test/test"><phr n="Miscellaneous/Test/Test"><ent r="3" t="20" w="356" /><ent r="3" t="20" w="354" /></phr></stem><stem n="&lt;/&lt;description&gt;"><phr n="&lt;/&lt;description&gt;"><ent r="3" t="20" w="370" /><ent r="3" t="20" w="366" /><ent r="3" t="27" w="140" /><ent r="3" t="27" w="136" /></phr></stem><stem n="\gb\test"><phr n="\GB\Testing"><ent r="3" t="20" w="372" /></phr></stem><stem n="(&quot;expand"><phr n="(&quot;expander"><ent r="3" t="20" w="385" /></phr></stem><stem n="featur"><phr n="feature"><ent r="3" t="20" w="387" /><ent r="3" t="22" w="468" /><ent r="3" t="44" w="338" /><ent r="3" t="56" w="38" /><ent r="3" t="56" w="66" /></phr><phr n="Feature"><ent r="83" t="22" w="463" /></phr><phr n="features"><ent r="3" t="22" w="1140" /><ent r="3" t="24" w="88" /><ent r="3" t="49" w="173" /><ent r="3" t="57" w="58" /><ent r="3" t="57" w="156" /></phr></stem><stem n="&lt;/none"><phr n="&lt;/none"><ent r="3" t="20" w="408" /><ent r="3" t="20" w="401" /></phr></stem><stem n="&lt;/the"><phr n="&lt;/The"><ent r="3" t="20" w="416" /><ent r="3" t="20" w="409" /><ent r="3" t="27" w="396" /><ent r="3" t="27" w="392" /></phr></stem><stem n="stau"><phr n="Staus"><ent r="3" t="20" w="432" /><ent r="3" t="27" w="412" /></phr></stem><stem n="\b5\displai"><phr n="\B5\Displaying"><ent r="3" t="20" w="435" /></phr></stem><stem n="_"><phr n="_"><ent r="3" t="20" w="437" /></phr></stem><stem n="expander_1"><phr n="expander_1"><ent r="3" t="20" w="441" /><ent r="3" t="20" w="440" /><ent r="3" t="20" w="450" /><ent r="3" t="20" w="449" /><ent r="3" t="20" w="473" /><ent r="3" t="20" w="472" /><ent r="3" t="20" w="547" /><ent r="3" t="20" w="546" /><ent r="3" t="20" w="570" /><ent r="3" t="20" w="569" /></phr><phr n="Expander_1"><ent r="3" t="20" w="445" /><ent r="3" t="20" w="444" /><ent r="3" t="20" w="455" /><ent r="3" t="20" w="454" /><ent r="3" t="20" w="460" /><ent r="3" t="20" w="459" /><ent r="3" t="20" w="465" /><ent r="3" t="20" w="464" /><ent r="3" t="20" w="470" /><ent r="3" t="20" w="469" /><ent r="3" t="20" w="544" /><ent r="3" t="20" w="543" /></phr></stem><stem n="\#hide:expander_1\"><phr n="\#hide:expander_1\"><ent r="3" t="20" w="442" /></phr></stem><stem n="_1"><phr n="_1"><ent r="3" t="20" w="445" /><ent r="3" t="20" w="455" /><ent r="3" t="20" w="460" /><ent r="3" t="20" w="465" /><ent r="3" t="20" w="470" /></phr></stem><stem n="(initi"><phr n="(initially"><ent r="3" t="20" w="446" /><ent r="3" t="20" w="481" /></phr></stem><stem n="hidden"><phr n="hidden"><ent r="3" t="20" w="447" /><ent r="4" t="25" w="281" /><ent r="3" t="44" w="162" /></phr></stem><stem n="\#begin:expander_1\"><phr n="\#begin:expander_1\"><ent r="3" t="20" w="451" /><ent r="3" t="20" w="548" /></phr></stem><stem n="\#end:expander_1\"><phr n="\#end:expander_1\"><ent r="3" t="20" w="474" /><ent r="3" t="20" w="571" /></phr></stem><stem n="expander_2"><phr n="expander_2"><ent r="3" t="20" w="476" /><ent r="3" t="20" w="475" /><ent r="3" t="20" w="485" /><ent r="3" t="20" w="484" /><ent r="3" t="20" w="533" /><ent r="3" t="20" w="532" /></phr><phr n="Expander_2"><ent r="3" t="20" w="480" /><ent r="3" t="20" w="479" /><ent r="3" t="20" w="490" /><ent r="3" t="20" w="489" /><ent r="3" t="20" w="495" /><ent r="3" t="20" w="494" /><ent r="3" t="20" w="500" /><ent r="3" t="20" w="499" /><ent r="3" t="20" w="505" /><ent r="3" t="20" w="504" /><ent r="3" t="20" w="514" /><ent r="3" t="20" w="513" /></phr></stem><stem n="\#show:expander_2\"><phr n="\#show:expander_2\"><ent r="3" t="20" w="477" /></phr></stem><stem n="_2"><phr n="_2"><ent r="3" t="20" w="480" /><ent r="3" t="20" w="490" /><ent r="3" t="20" w="495" /><ent r="3" t="20" w="500" /><ent r="3" t="20" w="505" /><ent r="3" t="20" w="514" /></phr></stem><stem n="\#begin:expander_2\"><phr n="\#begin:expander_2\"><ent r="3" t="20" w="486" /></phr></stem><stem n="expander_3"><phr n="expander_3"><ent r="3" t="20" w="508" /><ent r="3" t="20" w="507" /><ent r="3" t="20" w="517" /><ent r="3" t="20" w="516" /><ent r="3" t="20" w="530" /><ent r="3" t="20" w="529" /></phr><phr n="Expander_3"><ent r="3" t="20" w="510" /><ent r="3" t="20" w="509" /><ent r="3" t="20" w="522" /><ent r="3" t="20" w="521" /><ent r="3" t="20" w="527" /><ent r="3" t="20" w="526" /></phr></stem><stem n="\#hide:expander_3\"><phr n="\#hide:expander_3\"><ent r="3" t="20" w="509" /></phr></stem><stem n="_3"><phr n="_3"><ent r="3" t="20" w="510" /><ent r="3" t="20" w="522" /><ent r="3" t="20" w="527" /></phr></stem><stem n="\#begin:expander_3\"><phr n="\#begin:expander_3\"><ent r="3" t="20" w="518" /></phr></stem><stem n="\#end:expander_3\"><phr n="\#end:expander_3\"><ent r="3" t="20" w="531" /></phr></stem><stem n="\#end:expander_2\"><phr n="\#end:expander_2\"><ent r="3" t="20" w="534" /></phr></stem><stem n="expander_4"><phr n="expander_4"><ent r="3" t="20" w="536" /><ent r="3" t="20" w="535" /></phr><phr n="Expander_4"><ent r="3" t="20" w="540" /><ent r="3" t="20" w="539" /><ent r="3" t="20" w="552" /><ent r="3" t="20" w="551" /><ent r="3" t="20" w="557" /><ent r="3" t="20" w="556" /><ent r="3" t="20" w="562" /><ent r="3" t="20" w="561" /><ent r="3" t="20" w="567" /><ent r="3" t="20" w="566" /></phr></stem><stem n="\#hide:expander_4\"><phr n="\#hide:expander_4\"><ent r="3" t="20" w="537" /></phr></stem><stem n="_4"><phr n="_4"><ent r="3" t="20" w="540" /><ent r="3" t="20" w="552" /><ent r="3" t="20" w="557" /><ent r="3" t="20" w="562" /><ent r="3" t="20" w="567" /></phr></stem><stem n="(control"><phr n="(controlled"><ent r="3" t="20" w="541" /></phr></stem><stem n="_1)"><phr n="_1)"><ent r="3" t="20" w="545" /></phr></stem><stem n="piec"><phr n="piece"><ent r="3" t="21" w="31" /><ent r="3" t="24" w="2745" /></phr></stem><stem n="hardwar"><phr n="hardware"><ent r="3" t="21" w="33" /></phr></stem><stem n="independ"><phr n="independent"><ent r="3" t="21" w="37" /><ent r="3" t="21" w="52" /><ent r="3" t="21" w="669" /><ent r="3" t="21" w="746" /></phr><phr n="independently"><ent r="3" t="21" w="481" /></phr></stem><stem n="-memori"><phr n="-memory"><ent r="3" t="21" w="55" /><ent r="3" t="21" w="55" /></phr></stem><stem n="low-memori"><phr n="low-memory"><ent r="3" t="21" w="55" /></phr></stem><stem n="&quot;alarm"><phr n="&quot;alarm"><ent r="3" t="21" w="70" /></phr><phr n="&quot;Alarm"><ent r="3" t="22" w="1296" /></phr></stem><stem n="track"><phr n="tracks"><ent r="3" t="21" w="100" /></phr><phr n="track"><ent r="3" t="53" w="50" /></phr></stem><stem n="reflect"><phr n="reflect"><ent r="3" t="21" w="133" /></phr><phr n="reflects"><ent r="3" t="22" w="932" /></phr></stem><stem n="seriou"><phr n="serious"><ent r="3" t="21" w="136" /><ent r="3" t="21" w="303" /><ent r="3" t="21" w="361" /><ent r="3" t="21" w="510" /></phr></stem><stem n="five"><phr n="five"><ent r="3" t="21" w="151" /><ent r="4" t="21" w="842" /><ent r="4" t="22" w="337" /><ent r="3" t="42" w="37" /><ent r="6" t="70" w="2301" /></phr></stem><stem n="quick"><phr n="quick"><ent r="3" t="21" w="160" /><ent r="4" t="66" w="94" /></phr></stem><stem n="&quot;clear&quot;"><phr n="&quot;clear&quot;"><ent r="5" t="21" w="190" /><ent r="4" t="22" w="814" /><ent r="4" t="22" w="855" /></phr><phr n="&quot;Clear&quot;"><ent r="3" t="22" w="312" /></phr></stem><stem n="major"><phr n="Major"><ent r="5" t="21" w="192" /><ent r="3" t="21" w="347" /></phr><phr n="major"><ent r="4" t="21" w="850" /><ent r="3" t="22" w="73" /><ent r="4" t="22" w="134" /><ent r="3" t="22" w="1246" /><ent r="3" t="22" w="1448" /><ent r="3" t="23" w="195" /><ent r="3" t="57" w="57" /><ent r="3" t="70" w="199" /></phr><phr n="MAJOR"><ent r="4" t="22" w="382" /></phr><phr n="majority"><ent r="3" t="64" w="218" /></phr></stem><stem n="significantli"><phr n="significantly"><ent r="5" t="21" w="200" /></phr></stem><stem n="solid"><phr n="Solid"><ent r="5" t="21" w="205" /></phr><phr n="solid"><ent r="3" t="21" w="333" /><ent r="3" t="21" w="383" /></phr></stem><stem n="serious"><phr n="seriously"><ent r="5" t="21" w="212" /></phr></stem><stem n="degrad"><phr n="degraded"><ent r="5" t="21" w="213" /></phr></stem><stem n="blink"><phr n="Blinking"><ent r="5" t="21" w="217" /></phr></stem><stem n="unrespons"><phr n="unresponsive"><ent r="5" t="21" w="222" /></phr></stem><stem n="known"><phr n="known"><ent r="5" t="21" w="227" /><ent r="4" t="22" w="703" /><ent r="6" t="68" w="691" /></phr><phr n="Known"><ent r="82" t="61" w="401" /></phr></stem><stem n="modem"><phr n="modem"><ent r="4" t="21" w="266" /><ent r="3" t="21" w="728" /></phr></stem><stem n="snpp"><phr n="SNPP"><ent r="4" t="21" w="268" /><ent r="3" t="21" w="730" /></phr></stem><stem n="&quot;regular&quot;"><phr n="&quot;regular&quot;"><ent r="3" t="21" w="292" /></phr></stem><stem n="ok/warn"><phr n="OK/Warning"><ent r="3" t="21" w="321" /><ent r="3" t="21" w="320" /></phr></stem><stem n="ok/warning/alarm"><phr n="OK/Warning/Alarm"><ent r="3" t="21" w="322" /><ent r="3" t="21" w="320" /></phr></stem><stem n="/warning/alarm/down"><phr n="/Warning/Alarm/Down"><ent r="3" t="21" w="323" /></phr></stem><stem n="ok/warning/alarm/down"><phr n="OK/Warning/Alarm/Down"><ent r="3" t="21" w="323" /><ent r="3" t="21" w="320" /></phr></stem><stem n="let"><phr n="lets"><ent r="3" t="21" w="391" /><ent r="3" t="37" w="1522" /><ent r="3" t="39" w="184" /><ent r="3" t="47" w="85" /><ent r="3" t="48" w="67" /></phr></stem><stem n="know"><phr n="know"><ent r="3" t="21" w="397" /><ent r="3" t="22" w="913" /></phr></stem><stem n="someon"><phr n="someone"><ent r="3" t="21" w="428" /></phr></stem><stem n="-acknowledg"><phr n="-acknowledged"><ent r="3" t="21" w="436" /><ent r="3" t="21" w="436" /><ent r="3" t="21" w="511" /><ent r="3" t="21" w="511" /></phr></stem><stem n="blue-acknowledg"><phr n="blue-acknowledged"><ent r="3" t="21" w="436" /></phr></stem><stem n="easi"><phr n="easy"><ent r="3" t="21" w="441" /><ent r="4" t="24" w="1298" /><ent r="3" t="40" w="532" /><ent r="4" t="49" w="380" /><ent r="4" t="65" w="200" /></phr></stem><stem n="glanc"><phr n="glance"><ent r="3" t="21" w="448" /></phr></stem><stem n="(work"><phr n="(working"><ent r="3" t="21" w="454" /></phr></stem><stem n="leav"><phr n="leaves"><ent r="3" t="21" w="501" /></phr><phr n="leave"><ent r="4" t="24" w="2285" /></phr></stem><stem n="un"><phr n="un"><ent r="3" t="21" w="511" /></phr></stem><stem n="un-acknowledg"><phr n="un-acknowledged"><ent r="3" t="21" w="511" /></phr></stem><stem n="sort"><phr n="sorted"><ent r="4" t="21" w="563" /><ent r="6" t="70" w="485" /></phr></stem><stem n="why"><phr n="why"><ent r="4" t="21" w="650" /></phr></stem><stem n="point'"><phr n="point's"><ent r="3" t="21" w="676" /><ent r="3" t="21" w="675" /><ent r="4" t="22" w="367" /><ent r="4" t="22" w="366" /><ent r="4" t="22" w="417" /><ent r="4" t="22" w="416" /><ent r="4" t="22" w="750" /><ent r="4" t="22" w="749" /></phr></stem><stem n="transit"><phr n="transition"><ent r="3" t="21" w="688" /></phr><phr n="Transitions"><ent r="82" t="22" w="635" /></phr></stem><stem n="scheme"><phr n="scheme"><ent r="3" t="21" w="707" /></phr></stem><stem n="ident"><phr n="identity"><ent r="3" t="21" w="714" /><ent r="3" t="21" w="716" /><ent r="4" t="21" w="857" /></phr><phr n="Identity"><ent r="5" t="21" w="854" /></phr><phr n="identically"><ent r="3" t="24" w="1840" /></phr><phr n="IDENTITY"><ent r="3" t="33" w="72" /><ent r="3" t="33" w="87" /></phr><phr n="identical"><ent r="4" t="37" w="1920" /><ent r="3" t="37" w="2390" /><ent r="6" t="70" w="2305" /></phr></stem><stem n="method"><phr n="method"><ent r="3" t="21" w="724" /></phr></stem><stem n="(sound,"><phr n="(sound,"><ent r="3" t="21" w="726" /></phr></stem><stem n="desir"><phr n="desired"><ent r="3" t="21" w="738" /><ent r="3" t="37" w="2462" /><ent r="3" t="54" w="532" /><ent r="3" t="66" w="43" /><ent r="3" t="66" w="53" /><ent r="6" t="70" w="1316" /><ent r="3" t="70" w="1631" /></phr></stem><stem n="repeat"><phr n="repeats"><ent r="3" t="21" w="747" /></phr><phr n="repeat"><ent r="3" t="23" w="88" /><ent r="3" t="23" w="103" /><ent r="3" t="23" w="108" /><ent r="3" t="23" w="118" /><ent r="3" t="23" w="138" /><ent r="3" t="23" w="150" /><ent r="3" t="23" w="152" /><ent r="3" t="23" w="165" /></phr><phr n="repeated"><ent r="3" t="23" w="136" /></phr></stem><stem n="delai"><phr n="delays"><ent r="3" t="21" w="748" /></phr><phr n="delay"><ent r="3" t="23" w="87" /><ent r="3" t="23" w="102" /><ent r="3" t="23" w="116" /></phr><phr n="Delay"><ent r="3" t="23" w="106" /></phr></stem><stem n="mainten"><phr n="maintenance"><ent r="100" t="21" w="805" /><ent r="3" t="21" w="808" /></phr></stem><stem n="mode"><phr n="mode"><ent r="100" t="21" w="806" /><ent r="3" t="21" w="809" /><ent r="3" t="37" w="1318" /><ent r="3" t="37" w="1349" /><ent r="4" t="37" w="2201" /><ent r="3" t="37" w="2319" /><ent r="4" t="37" w="2886" /><ent r="3" t="46" w="96" /><ent r="3" t="55" w="107" /><ent r="3" t="56" w="538" /></phr></stem><stem n="-delimit"><phr n="-delimited"><ent r="3" t="21" w="815" /><ent r="3" t="21" w="815" /><ent r="4" t="22" w="248" /><ent r="4" t="22" w="248" /><ent r="4" t="59" w="128" /><ent r="4" t="59" w="128" /><ent r="4" t="59" w="137" /><ent r="4" t="59" w="137" /><ent r="3" t="59" w="235" /><ent r="3" t="59" w="235" /></phr><phr n="-delimiter"><ent r="6" t="70" w="1212" /><ent r="6" t="70" w="1212" /></phr></stem><stem n="tab"><phr n="tab"><ent r="3" t="21" w="815" /><ent r="3" t="35" w="607" /><ent r="4" t="59" w="124" /><ent r="4" t="59" w="128" /><ent r="3" t="59" w="222" /><ent r="3" t="59" w="235" /><ent r="3" t="59" w="246" /><ent r="3" t="60" w="191" /></phr><phr n="Tab"><ent r="100" t="35" w="538" /><ent r="5" t="35" w="541" /><ent r="100" t="35" w="556" /><ent r="5" t="35" w="559" /></phr></stem><stem n="tab-delimit"><phr n="tab-delimited"><ent r="3" t="21" w="815" /><ent r="4" t="59" w="128" /><ent r="3" t="59" w="235" /></phr></stem><stem n="delimit"><phr n="delimited"><ent r="3" t="21" w="816" /><ent r="4" t="22" w="249" /><ent r="4" t="59" w="129" /><ent r="4" t="59" w="138" /><ent r="3" t="59" w="236" /></phr><phr n="delimiters"><ent r="3" t="37" w="1052" /><ent r="4" t="37" w="2250" /></phr><phr n="delimiter"><ent r="6" t="70" w="1213" /></phr></stem><stem n="-time"><phr n="-time"><ent r="5" t="21" w="822" /><ent r="5" t="21" w="822" /></phr></stem><stem n="date"><phr n="Date"><ent r="5" t="21" w="822" /><ent r="4" t="21" w="825" /><ent r="4" t="24" w="1694" /><ent r="4" t="24" w="1803" /><ent r="5" t="31" w="161" /><ent r="100" t="68" w="465" /><ent r="8" t="70" w="390" /><ent r="8" t="70" w="971" /></phr><phr n="date"><ent r="4" t="24" w="790" /><ent r="4" t="24" w="816" /><ent r="3" t="24" w="1621" /><ent r="3" t="24" w="1901" /><ent r="3" t="28" w="249" /><ent r="4" t="31" w="173" /><ent r="3" t="33" w="189" /><ent r="5" t="51" w="106" /><ent r="3" t="63" w="13" /><ent r="3" t="66" w="265" /><ent r="3" t="66" w="271" /><ent r="4" t="66" w="332" /><ent r="4" t="66" w="339" /><ent r="7" t="68" w="470" /><ent r="7" t="70" w="792" /><ent r="6" t="70" w="796" /></phr><phr n="dates"><ent r="3" t="24" w="1919" /></phr></stem><stem n="date-tim"><phr n="Date-time"><ent r="5" t="21" w="822" /></phr></stem><stem n="-charact"><phr n="-character"><ent r="4" t="21" w="842" /><ent r="4" t="21" w="842" /><ent r="4" t="22" w="337" /><ent r="4" t="22" w="337" /></phr></stem><stem n="five-charact"><phr n="five-character"><ent r="4" t="21" w="842" /><ent r="4" t="22" w="337" /></phr></stem><stem n="(clear,"><phr n="(clear,"><ent r="4" t="21" w="849" /></phr></stem><stem n="crit"><phr n="crit"><ent r="4" t="21" w="851" /><ent r="3" t="47" w="589" /></phr><phr n="CRIT"><ent r="4" t="22" w="381" /><ent r="3" t="37" w="3413" /></phr></stem><stem n="unkn"><phr n="unkn"><ent r="4" t="21" w="852" /></phr></stem><stem n="mapnam"><phr n="MapName"><ent r="4" t="21" w="876" /></phr><phr n="mapname"><ent r="7" t="70" w="603" /><ent r="7" t="70" w="869" /><ent r="7" t="70" w="1911" /></phr><phr n="Mapname"><ent r="100" t="70" w="866" /></phr></stem><stem n="pointnam"><phr n="PointName"><ent r="4" t="21" w="878" /></phr></stem><stem n=":devicename:pointname)"><phr n=":DeviceName:PointName)"><ent r="4" t="21" w="879" /></phr></stem><stem n="-text"><phr n="-text"><ent r="5" t="21" w="880" /><ent r="5" t="21" w="880" /></phr></stem><stem n="explanatori"><phr n="Explanatory"><ent r="5" t="21" w="880" /></phr></stem><stem n="explanatory-text"><phr n="Explanatory-text"><ent r="5" t="21" w="880" /></phr></stem><stem n="-descript"><phr n="-description"><ent r="4" t="21" w="887" /><ent r="4" t="21" w="887" /></phr></stem><stem n="result-descript"><phr n="result-description"><ent r="4" t="21" w="887" /></phr></stem><stem n="condition-to"><phr n="condition-to"><ent r="3" t="22" w="34" /></phr><phr n="Condition-to"><ent r="3" t="22" w="54" /><ent r="5" t="22" w="149" /><ent r="4" t="22" w="235" /><ent r="3" t="23" w="174" /></phr></stem><stem n="condition-to-test"><phr n="condition-to-test"><ent r="3" t="22" w="34" /></phr><phr n="Condition-to-Test"><ent r="3" t="22" w="54" /><ent r="3" t="23" w="174" /></phr><phr n="Condition-to-test"><ent r="5" t="22" w="149" /><ent r="4" t="22" w="235" /></phr></stem><stem n="to-test"><phr n="to-test"><ent r="3" t="22" w="35" /><ent r="5" t="22" w="150" /><ent r="4" t="22" w="236" /></phr><phr n="to-Test"><ent r="3" t="22" w="55" /><ent r="3" t="23" w="175" /></phr></stem><stem n="(condition-to-test)"><phr n="(condition-to-test)"><ent r="3" t="22" w="37" /></phr><phr n="(Condition-to-Test)"><ent r="3" t="22" w="57" /><ent r="3" t="23" w="177" /></phr></stem><stem n="-string"><phr n="-String"><ent r="3" t="22" w="37" /><ent r="3" t="22" w="37" /><ent r="3" t="22" w="57" /><ent r="3" t="22" w="57" /><ent r="5" t="22" w="222" /><ent r="5" t="22" w="222" /><ent r="3" t="23" w="177" /><ent r="3" t="23" w="177" /></phr><phr n="-string"><ent r="3" t="22" w="995" /><ent r="3" t="22" w="995" /><ent r="3" t="22" w="1025" /><ent r="3" t="22" w="1025" /><ent r="3" t="22" w="1089" /><ent r="3" t="22" w="1089" /><ent r="3" t="22" w="1106" /><ent r="3" t="22" w="1106" /></phr></stem><stem n="condition-str"><phr n="Condition-String"><ent r="3" t="22" w="37" /><ent r="3" t="22" w="57" /><ent r="5" t="22" w="222" /><ent r="3" t="23" w="177" /></phr><phr n="condition-string"><ent r="3" t="22" w="995" /><ent r="3" t="22" w="1025" /><ent r="3" t="22" w="1089" /><ent r="3" t="22" w="1106" /></phr></stem><stem n="["><phr n="["><ent r="3" t="22" w="39" /><ent r="3" t="23" w="31" /><ent r="4" t="31" w="165" /><ent r="4" t="31" w="188" /><ent r="4" t="31" w="211" /><ent r="4" t="31" w="306" /><ent r="4" t="37" w="1005" /><ent r="3" t="61" w="529" /><ent r="3" t="61" w="613" /></phr></stem><stem n="-list"><phr n="-list"><ent r="3" t="22" w="40" /><ent r="3" t="22" w="40" /><ent r="5" t="22" w="242" /><ent r="5" t="22" w="242" /><ent r="3" t="23" w="48" /><ent r="3" t="23" w="48" /></phr><phr n="-List"><ent r="3" t="22" w="60" /><ent r="3" t="22" w="60" /><ent r="3" t="22" w="998" /><ent r="3" t="22" w="998" /><ent r="3" t="22" w="1092" /><ent r="3" t="22" w="1092" /><ent r="3" t="22" w="1099" /><ent r="3" t="22" w="1099" /><ent r="3" t="23" w="180" /><ent r="3" t="23" w="180" /></phr><phr n="-lists"><ent r="6" t="70" w="620" /><ent r="6" t="70" w="620" /></phr></stem><stem n="notifier-list"><phr n="Notifier-list"><ent r="3" t="22" w="40" /><ent r="5" t="22" w="242" /></phr><phr n="Notifier-List"><ent r="3" t="22" w="998" /><ent r="3" t="22" w="1037" /><ent r="3" t="22" w="1092" /><ent r="3" t="22" w="1099" /></phr><phr n="notifier-list"><ent r="3" t="23" w="48" /></phr></stem><stem n="notifer-list"><phr n="Notifer-List"><ent r="3" t="22" w="60" /><ent r="3" t="23" w="180" /></phr></stem><stem n="sitetemp"><phr n="SiteTemp"><ent r="3" t="22" w="62" /><ent r="3" t="22" w="72" /><ent r="4" t="22" w="364" /><ent r="5" t="22" w="373" /><ent r="4" t="22" w="414" /><ent r="5" t="22" w="423" /><ent r="3" t="23" w="183" /><ent r="3" t="23" w="194" /><ent r="3" t="23" w="232" /></phr></stem><stem n="($temp"><phr n="($Temp"><ent r="3" t="22" w="64" /><ent r="3" t="22" w="74" /><ent r="3" t="23" w="185" /><ent r="3" t="23" w="196" /></phr></stem><stem n="$criticalhightemp"><phr n="$CriticalHighTemp"><ent r="3" t="22" w="66" /><ent r="4" t="22" w="166" /><ent r="4" t="22" w="212" /><ent r="3" t="23" w="187" /></phr></stem><stem n="very_high"><phr n="VERY_HIGH"><ent r="3" t="22" w="68" /><ent r="3" t="22" w="67" /><ent r="4" t="22" w="433" /><ent r="4" t="22" w="432" /><ent r="3" t="23" w="189" /><ent r="3" t="23" w="188" /></phr></stem><stem n="very_high_temp"><phr n="VERY_HIGH_TEMP"><ent r="3" t="22" w="69" /><ent r="3" t="22" w="67" /><ent r="4" t="22" w="434" /><ent r="4" t="22" w="432" /><ent r="3" t="23" w="190" /><ent r="3" t="23" w="188" /></phr></stem><stem n="&quot;very_high_temp&quot;"><phr n="&quot;VERY_HIGH_TEMP&quot;"><ent r="3" t="22" w="70" /><ent r="3" t="23" w="191" /></phr></stem><stem n="pagefr"><phr n="PageFred"><ent r="3" t="22" w="71" /><ent r="3" t="22" w="80" /><ent r="3" t="23" w="192" /><ent r="3" t="23" w="202" /><ent r="3" t="23" w="213" /><ent r="3" t="23" w="236" /><ent r="3" t="23" w="252" /></phr></stem><stem n="$majorhightemp"><phr n="$MajorHighTemp"><ent r="3" t="22" w="76" /><ent r="4" t="22" w="214" /><ent r="3" t="23" w="198" /></phr></stem><stem n="high_temp"><phr n="HIGH_TEMP"><ent r="3" t="22" w="78" /><ent r="3" t="22" w="77" /><ent r="3" t="23" w="200" /><ent r="3" t="23" w="199" /></phr></stem><stem n="&quot;high_temp&quot;"><phr n="&quot;HIGH_TEMP&quot;"><ent r="3" t="22" w="79" /><ent r="3" t="23" w="201" /></phr></stem><stem n="/snmp-device-alarmpoints&gt;"><phr n="/snmp-device-alarmpoints&gt;"><ent r="3" t="22" w="83" /><ent r="3" t="22" w="1544" /><ent r="3" t="23" w="205" /></phr></stem><stem n="snmp-device-alarmpoints&gt;"><phr n="snmp-device-alarmpoints&gt;"><ent r="3" t="22" w="83" /><ent r="3" t="22" w="1544" /><ent r="3" t="23" w="205" /></phr></stem><stem n="'critical',"><phr n="'critical',"><ent r="4" t="22" w="134" /></phr></stem><stem n="'major',"><phr n="'major',"><ent r="4" t="22" w="135" /></phr></stem><stem n="'minor'"><phr n="'minor'"><ent r="4" t="22" w="136" /></phr></stem><stem n="'clear'."><phr n="'clear'."><ent r="4" t="22" w="138" /></phr></stem><stem n="-to-test"><phr n="-to-test"><ent r="5" t="22" w="149" /><ent r="5" t="22" w="150" /><ent r="4" t="22" w="235" /><ent r="4" t="22" w="236" /></phr></stem></index>