<?xml version="1.0" encoding="utf-8"?><index><stem n="impli"><phr n="implied"><ent r="3" t="1" w="344" /><ent r="3" t="1" w="349" /><ent r="3" t="17" w="222" /></phr><phr n="imply"><ent r="3" t="58" w="173" /></phr></stem><stem n="includ"><phr n="including"><ent r="3" t="1" w="345" /><ent r="3" t="4" w="96" /><ent r="4" t="21" w="261" /><ent r="3" t="24" w="45" /><ent r="3" t="26" w="664" /><ent r="3" t="37" w="1308" /><ent r="3" t="40" w="349" /><ent r="4" t="41" w="274" /><ent r="3" t="48" w="117" /><ent r="3" t="59" w="292" /></phr><phr n="included"><ent r="5" t="13" w="1459" /><ent r="3" t="26" w="866" /><ent r="3" t="35" w="509" /><ent r="3" t="37" w="3797" /><ent r="100" t="70" w="136" /><ent r="7" t="70" w="144" /><ent r="7" t="70" w="634" /></phr><phr n="includes"><ent r="3" t="46" w="200" /><ent r="3" t="59" w="264" /><ent r="6" t="70" w="1287" /></phr></stem><stem n="limit"><phr n="limitation"><ent r="3" t="1" w="347" /></phr><phr n="Limit"><ent r="100" t="5" w="1264" /><ent r="100" t="5" w="1266" /><ent r="100" t="78" w="76" /><ent r="100" t="78" w="78" /></phr><phr n="limit"><ent r="100" t="5" w="1275" /><ent r="3" t="56" w="380" /><ent r="3" t="56" w="614" /><ent r="100" t="78" w="87" /></phr><phr n="Limitations"><ent r="92" t="19" w="1859" /><ent r="82" t="26" w="521" /></phr></stem><stem n="fit"><phr n="fitness"><ent r="3" t="1" w="354" /></phr></stem><stem n="particular"><phr n="particular"><ent r="3" t="1" w="357" /><ent r="3" t="3" w="310" /><ent r="4" t="4" w="387" /><ent r="5" t="5" w="453" /><ent r="4" t="8" w="108" /><ent r="4" t="8" w="670" /><ent r="4" t="8" w="749" /><ent r="3" t="16" w="47" /><ent r="3" t="16" w="84" /><ent r="3" t="16" w="386" /><ent r="4" t="16" w="425" /><ent r="4" t="16" w="466" /><ent r="6" t="16" w="771" /><ent r="4" t="19" w="270" /><ent r="3" t="22" w="285" /><ent r="3" t="27" w="276" /><ent r="3" t="28" w="184" /><ent r="3" t="49" w="41" /><ent r="3" t="54" w="158" /><ent r="3" t="55" w="1148" /><ent r="6" t="70" w="891" /><ent r="6" t="70" w="1055" /><ent r="3" t="70" w="1626" /></phr></stem><stem n="purpos"><phr n="purpose"><ent r="3" t="1" w="358" /></phr><phr n="purposes"><ent r="3" t="22" w="1127" /><ent r="3" t="50" w="25" /><ent r="3" t="74" w="56" /></phr></stem><stem n="liabl"><phr n="liable"><ent r="3" t="1" w="364" /><ent r="3" t="1" w="406" /></phr></stem><stem n="special"><phr n="special"><ent r="3" t="1" w="367" /><ent r="3" t="26" w="139" /><ent r="3" t="26" w="628" /><ent r="3" t="32" w="81" /><ent r="3" t="35" w="505" /><ent r="3" t="35" w="1047" /><ent r="3" t="35" w="1606" /><ent r="3" t="45" w="50" /><ent r="3" t="50" w="24" /><ent r="3" t="68" w="13" /></phr><phr n="Special"><ent r="4" t="11" w="453" /><ent r="100" t="35" w="497" /><ent r="82" t="35" w="500" /><ent r="100" t="35" w="593" /><ent r="4" t="35" w="597" /></phr><phr n="specially"><ent r="3" t="13" w="2370" /><ent r="3" t="13" w="2493" /><ent r="3" t="45" w="134" /></phr></stem><stem n="incident"><phr n="incidental"><ent r="3" t="1" w="368" /></phr></stem><stem n="consequenti"><phr n="consequential"><ent r="3" t="1" w="369" /></phr></stem><stem n="indirect"><phr n="indirect"><ent r="3" t="1" w="370" /></phr></stem><stem n="similar"><phr n="similar"><ent r="3" t="1" w="372" /><ent r="3" t="3" w="282" /><ent r="4" t="4" w="540" /><ent r="3" t="4" w="710" /><ent r="3" t="5" w="806" /><ent r="3" t="12" w="19" /><ent r="4" t="19" w="194" /><ent r="3" t="24" w="1438" /><ent r="3" t="40" w="391" /><ent r="3" t="47" w="20" /></phr><phr n="Similar"><ent r="6" t="70" w="599" /></phr></stem><stem n="damag"><phr n="damages"><ent r="3" t="1" w="373" /><ent r="3" t="1" w="398" /><ent r="3" t="1" w="409" /></phr></stem><stem n="due"><phr n="due"><ent r="3" t="1" w="374" /></phr></stem><stem n="loss"><phr n="loss"><ent r="3" t="1" w="376" /><ent r="4" t="8" w="314" /><ent r="3" t="24" w="53" /><ent r="3" t="28" w="306" /></phr><phr n="Loss"><ent r="5" t="9" w="185" /></phr></stem><stem n="reason"><phr n="reason"><ent r="3" t="1" w="382" /><ent r="3" t="1" w="602" /><ent r="6" t="13" w="412" /><ent r="4" t="13" w="2394" /><ent r="3" t="13" w="2469" /><ent r="3" t="13" w="2485" /><ent r="4" t="13" w="2504" /><ent r="3" t="13" w="2513" /><ent r="3" t="13" w="2541" /><ent r="3" t="37" w="1613" /><ent r="3" t="40" w="329" /><ent r="3" t="40" w="352" /><ent r="5" t="40" w="776" /><ent r="4" t="40" w="792" /><ent r="3" t="40" w="838" /><ent r="3" t="44" w="174" /><ent r="3" t="44" w="652" /><ent r="3" t="44" w="653" /><ent r="3" t="44" w="657" /><ent r="3" t="44" w="662" /><ent r="3" t="44" w="667" /><ent r="3" t="44" w="672" /><ent r="3" t="45" w="72" /><ent r="3" t="45" w="157" /><ent r="3" t="47" w="185" /><ent r="4" t="47" w="794" /><ent r="3" t="49" w="836" /><ent r="3" t="49" w="844" /><ent r="3" t="49" w="851" /><ent r="3" t="49" w="865" /><ent r="3" t="49" w="881" /><ent r="3" t="56" w="420" /></phr><phr n="Reason"><ent r="82" t="13" w="2362" /><ent r="64" t="40" w="889" /><ent r="3" t="44" w="654" /><ent r="3" t="49" w="845" /><ent r="93" t="54" w="191" /></phr><phr n="reasons"><ent r="3" t="54" w="206" /><ent r="3" t="54" w="265" /></phr></stem><stem n="even"><phr n="even"><ent r="3" t="1" w="383" /><ent r="4" t="18" w="137" /><ent r="3" t="19" w="1227" /><ent r="4" t="25" w="172" /><ent r="3" t="26" w="1053" /><ent r="3" t="61" w="103" /><ent r="3" t="69" w="163" /></phr></stem><stem n="agent"><phr n="agent"><ent r="3" t="1" w="389" /><ent r="6" t="5" w="992" /><ent r="5" t="13" w="893" /><ent r="4" t="29" w="342" /><ent r="4" t="29" w="377" /><ent r="3" t="56" w="501" /></phr><phr n="Agent"><ent r="3" t="28" w="79" /><ent r="3" t="29" w="681" /><ent r="3" t="49" w="822" /></phr></stem><stem n="advis"><phr n="advised"><ent r="3" t="1" w="392" /></phr></stem><stem n="possibl"><phr n="possibility"><ent r="3" t="1" w="395" /></phr><phr n="possible"><ent r="6" t="5" w="1068" /><ent r="3" t="26" w="316" /><ent r="3" t="28" w="309" /><ent r="3" t="37" w="4538" /><ent r="3" t="40" w="1226" /><ent r="4" t="41" w="197" /><ent r="3" t="41" w="463" /><ent r="7" t="68" w="541" /></phr><phr n="Possible"><ent r="100" t="37" w="1189" /><ent r="4" t="37" w="1192" /><ent r="4" t="37" w="1406" /><ent r="4" t="37" w="1618" /><ent r="4" t="37" w="1981" /><ent r="4" t="37" w="2079" /><ent r="4" t="37" w="2124" /><ent r="4" t="37" w="2341" /><ent r="4" t="37" w="2450" /><ent r="4" t="37" w="2635" /><ent r="4" t="37" w="2735" /><ent r="4" t="37" w="2817" /><ent r="4" t="37" w="2888" /><ent r="4" t="37" w="2972" /><ent r="4" t="37" w="2992" /><ent r="4" t="37" w="3073" /><ent r="4" t="37" w="3148" /><ent r="4" t="37" w="3235" /><ent r="4" t="37" w="3317" /><ent r="4" t="37" w="3558" /><ent r="4" t="37" w="3599" /><ent r="4" t="37" w="3672" /><ent r="4" t="37" w="3843" /></phr><phr n="possibilities"><ent r="4" t="77" w="179" /></phr></stem><stem n="event"><phr n="event"><ent r="3" t="1" w="401" /><ent r="4" t="21" w="847" /><ent r="3" t="22" w="1014" /><ent r="3" t="22" w="1112" /><ent r="3" t="33" w="223" /><ent r="4" t="37" w="880" /><ent r="3" t="37" w="2004" /><ent r="3" t="37" w="3585" /></phr><phr n="Event"><ent r="3" t="21" w="781" /><ent r="3" t="26" w="169" /><ent r="3" t="26" w="424" /><ent r="3" t="29" w="905" /><ent r="3" t="31" w="20" /></phr></stem><stem n="shall"><phr n="shall"><ent r="3" t="1" w="402" /><ent r="3" t="1" w="587" /><ent r="3" t="1" w="625" /><ent r="3" t="1" w="648" /></phr></stem><stem n="form"><phr n="form"><ent r="3" t="1" w="413" /><ent r="6" t="5" w="330" /><ent r="3" t="13" w="478" /><ent r="4" t="16" w="1016" /><ent r="4" t="16" w="1032" /><ent r="3" t="19" w="351" /><ent r="3" t="19" w="1842" /><ent r="4" t="19" w="1868" /><ent r="3" t="26" w="185" /><ent r="3" t="26" w="314" /><ent r="3" t="26" w="440" /><ent r="4" t="26" w="618" /><ent r="3" t="29" w="434" /><ent r="3" t="35" w="1162" /><ent r="4" t="40" w="764" /><ent r="3" t="43" w="30" /><ent r="4" t="47" w="583" /><ent r="3" t="58" w="360" /><ent r="3" t="58" w="481" /><ent r="3" t="59" w="398" /><ent r="6" t="70" w="925" /><ent r="3" t="71" w="145" /><ent r="3" t="71" w="203" /><ent r="3" t="71" w="279" /></phr><phr n="forms"><ent r="6" t="24" w="2928" /><ent r="3" t="31" w="33" /></phr><phr n="formed"><ent r="4" t="35" w="997" /></phr></stem><stem n="claim"><phr n="claim"><ent r="3" t="1" w="416" /></phr></stem><stem n="govern"><phr n="Government"><ent r="100" t="1" w="418" /><ent r="92" t="1" w="421" /><ent r="100" t="1" w="423" /><ent r="3" t="1" w="429" /><ent r="3" t="1" w="449" /><ent r="3" t="1" w="455" /><ent r="3" t="1" w="479" /><ent r="3" t="1" w="522" /><ent r="3" t="1" w="527" /></phr><phr n="governed"><ent r="3" t="1" w="589" /></phr></stem><stem n="end"><phr n="End"><ent r="100" t="1" w="424" /><ent r="3" t="1" w="430" /><ent r="3" t="44" w="869" /><ent r="3" t="44" w="915" /><ent r="3" t="44" w="917" /><ent r="3" t="44" w="935" /><ent r="100" t="55" w="202" /><ent r="100" t="55" w="204" /><ent r="3" t="61" w="935" /><ent r="3" t="61" w="953" /><ent r="3" t="61" w="968" /><ent r="3" t="61" w="983" /><ent r="3" t="61" w="1000" /><ent r="3" t="61" w="1096" /><ent r="3" t="61" w="1149" /><ent r="3" t="61" w="1152" /><ent r="3" t="61" w="1186" /><ent r="3" t="61" w="1217" /><ent r="3" t="61" w="1236" /><ent r="3" t="61" w="1240" /><ent r="3" t="61" w="1247" /><ent r="3" t="61" w="1313" /><ent r="3" t="61" w="1319" /><ent r="3" t="61" w="1339" /><ent r="3" t="61" w="1351" /><ent r="3" t="61" w="1357" /><ent r="3" t="61" w="1382" /></phr><phr n="end"><ent r="3" t="12" w="59" /><ent r="5" t="13" w="1006" /><ent r="5" t="13" w="1021" /><ent r="5" t="13" w="1035" /><ent r="5" t="13" w="1050" /><ent r="5" t="13" w="1195" /><ent r="3" t="14" w="1300" /><ent r="4" t="16" w="1060" /><ent r="4" t="16" w="1680" /><ent r="3" t="20" w="262" /><ent r="3" t="20" w="471" /><ent r="3" t="20" w="528" /><ent r="3" t="20" w="531" /><ent r="3" t="20" w="568" /><ent r="3" t="24" w="1983" /><ent r="4" t="24" w="2237" /><ent r="4" t="24" w="2267" /><ent r="4" t="24" w="2291" /><ent r="4" t="24" w="2425" /><ent r="3" t="26" w="641" /><ent r="4" t="35" w="1763" /><ent r="3" t="37" w="1045" /><ent r="3" t="37" w="1370" /><ent r="3" t="37" w="4382" /><ent r="5" t="38" w="133" /><ent r="5" t="38" w="136" /><ent r="100" t="55" w="200" /><ent r="4" t="55" w="214" /><ent r="3" t="55" w="372" /><ent r="3" t="55" w="386" /><ent r="3" t="55" w="422" /><ent r="3" t="55" w="643" /><ent r="3" t="55" w="1122" /><ent r="4" t="55" w="1182" /><ent r="4" t="55" w="1190" /><ent r="3" t="56" w="375" /><ent r="4" t="60" w="100" /><ent r="3" t="64" w="259" /><ent r="6" t="70" w="2196" /></phr><phr n="ending"><ent r="3" t="19" w="378" /><ent r="3" t="37" w="4391" /></phr><phr n="END"><ent r="3" t="33" w="424" /></phr><phr n="ends"><ent r="4" t="37" w="713" /><ent r="4" t="37" w="1001" /><ent r="4" t="37" w="1010" /><ent r="4" t="37" w="1023" /><ent r="3" t="37" w="3376" /></phr></stem><stem n="user"><phr n="Users"><ent r="100" t="1" w="425" /><ent r="3" t="1" w="431" /><ent r="3" t="52" w="30" /><ent r="4" t="59" w="75" /></phr><phr n="User"><ent r="64" t="2" w="44" /><ent r="92" t="21" w="277" /><ent r="100" t="37" w="3899" /><ent r="3" t="37" w="3906" /><ent r="3" t="37" w="4070" /><ent r="3" t="37" w="4327" /><ent r="3" t="41" w="527" /><ent r="3" t="49" w="821" /><ent r="64" t="54" w="259" /><ent r="64" t="59" w="97" /><ent r="3" t="74" w="93" /></phr><phr n="user"><ent r="4" t="3" w="377" /><ent r="5" t="5" w="446" /><ent r="3" t="7" w="32" /><ent r="3" t="7" w="284" /><ent r="3" t="7" w="367" /><ent r="3" t="7" w="404" /><ent r="3" t="7" w="449" /><ent r="3" t="7" w="549" /><ent r="3" t="14" w="414" /><ent r="4" t="15" w="228" /><ent r="4" t="15" w="339" /><ent r="3" t="19" w="41" /><ent r="3" t="20" w="207" /><ent r="3" t="20" w="213" /><ent r="4" t="22" w="220" /><ent r="4" t="22" w="765" /><ent r="3" t="27" w="305" /><ent r="4" t="34" w="249" /><ent r="3" t="37" w="1608" /><ent r="3" t="37" w="4360" /><ent r="3" t="37" w="4365" /><ent r="4" t="40" w="185" /><ent r="3" t="52" w="11" /><ent r="3" t="52" w="39" /><ent r="3" t="55" w="539" /><ent r="3" t="55" w="541" /><ent r="3" t="55" w="560" /><ent r="3" t="55" w="599" /><ent r="3" t="58" w="485" /><ent r="3" t="59" w="402" /><ent r="3" t="60" w="145" /><ent r="3" t="60" w="183" /><ent r="3" t="61" w="280" /><ent r="3" t="61" w="300" /><ent r="3" t="61" w="351" /><ent r="3" t="61" w="353" /><ent r="3" t="61" w="368" /><ent r="3" t="61" w="394" /><ent r="3" t="61" w="485" /><ent r="3" t="61" w="508" /><ent r="3" t="61" w="532" /><ent r="3" t="61" w="960" /><ent r="3" t="61" w="967" /><ent r="3" t="61" w="1191" /><ent r="3" t="61" w="1209" /><ent r="3" t="61" w="1214" /><ent r="3" t="61" w="1323" /><ent r="3" t="65" w="129" /><ent r="7" t="68" w="517" /><ent r="7" t="68" w="524" /><ent r="6" t="68" w="700" /><ent r="6" t="68" w="814" /><ent r="6" t="70" w="691" /><ent r="6" t="70" w="1081" /></phr><phr n="users"><ent r="4" t="19" w="209" /></phr><phr n="USER"><ent r="3" t="35" w="1715" /><ent r="100" t="37" w="139" /><ent r="100" t="37" w="1572" /><ent r="100" t="37" w="1575" /><ent r="3" t="37" w="3904" /><ent r="100" t="37" w="4013" /><ent r="3" t="37" w="4029" /><ent r="3" t="37" w="4039" /><ent r="3" t="37" w="4325" /><ent r="100" t="37" w="4343" /><ent r="100" t="37" w="4347" /><ent r="3" t="37" w="4352" /><ent r="3" t="37" w="4414" /><ent r="3" t="37" w="4477" /><ent r="3" t="37" w="4487" /><ent r="3" t="37" w="4513" /><ent r="3" t="37" w="4546" /><ent r="3" t="37" w="4589" /></phr></stem><stem n="dod"><phr n="DoD"><ent r="100" t="1" w="427" /><ent r="3" t="1" w="468" /><ent r="3" t="1" w="525" /></phr></stem><stem n="acquir"><phr n="acquiring"><ent r="3" t="1" w="435" /><ent r="3" t="1" w="481" /></phr></stem><stem n="behalf"><phr n="behalf"><ent r="3" t="1" w="439" /></phr></stem><stem n="agenc"><phr n="agency"><ent r="3" t="1" w="444" /><ent r="3" t="1" w="517" /></phr></stem><stem n="appli"><phr n="apply"><ent r="3" t="1" w="453" /><ent r="3" t="11" w="16" /></phr><phr n="Applied"><ent r="82" t="11" w="130" /></phr><phr n="applies"><ent r="4" t="11" w="135" /><ent r="4" t="64" w="134" /></phr></stem><stem n="i"><phr n="i"><ent r="3" t="1" w="457" /><ent r="7" t="11" w="370" /><ent r="3" t="14" w="996" /><ent r="3" t="14" w="1007" /><ent r="3" t="14" w="1010" /><ent r="4" t="22" w="505" /><ent r="3" t="22" w="1201" /><ent r="3" t="26" w="294" /><ent r="3" t="32" w="389" /><ent r="3" t="32" w="404" /><ent r="3" t="32" w="544" /><ent r="3" t="32" w="560" /><ent r="4" t="35" w="677" /><ent r="3" t="35" w="702" /><ent r="5" t="35" w="784" /><ent r="3" t="35" w="885" /><ent r="3" t="35" w="926" /><ent r="3" t="35" w="946" /><ent r="3" t="35" w="961" /><ent r="3" t="37" w="3966" /><ent r="100" t="39" w="27" /><ent r="3" t="39" w="223" /><ent r="3" t="39" w="277" /><ent r="3" t="39" w="319" /><ent r="3" t="39" w="355" /><ent r="3" t="39" w="374" /><ent r="3" t="39" w="393" /><ent r="3" t="48" w="106" /><ent r="3" t="56" w="376" /><ent r="3" t="61" w="1257" /><ent r="3" t="61" w="1294" /><ent r="3" t="61" w="1307" /><ent r="3" t="61" w="1312" /></phr><phr n="I"><ent r="6" t="11" w="246" /><ent r="3" t="22" w="910" /><ent r="4" t="24" w="1721" /><ent r="100" t="37" w="125" /><ent r="92" t="37" w="130" /><ent r="93" t="54" w="272" /><ent r="93" t="54" w="439" /></phr></stem><stem n="(i)"><phr n="(i)"><ent r="3" t="1" w="458" /></phr></stem><stem n="suppli"><phr n="supplied"><ent r="3" t="1" w="462" /><ent r="3" t="1" w="512" /><ent r="4" t="24" w="2305" /><ent r="4" t="24" w="2468" /><ent r="4" t="24" w="2492" /><ent r="3" t="37" w="1187" /></phr><phr n="supply"><ent r="6" t="70" w="510" /><ent r="6" t="70" w="1713" /><ent r="5" t="70" w="1762" /></phr></stem><stem n="depart"><phr n="Department"><ent r="3" t="1" w="465" /></phr><phr n="departed"><ent r="5" t="21" w="185" /></phr></stem><stem n="defens"><phr n="Defense"><ent r="3" t="1" w="467" /></phr></stem><stem n="(dod),"><phr n="(DoD),"><ent r="3" t="1" w="469" /></phr></stem><stem n="classifi"><phr n="classified"><ent r="3" t="1" w="472" /></phr></stem><stem n="&quot;commerci"><phr n="&quot;Commercial"><ent r="3" t="1" w="474" /></phr></stem><stem n="commerci"><phr n="Commercial"><ent r="3" t="1" w="474" /></phr></stem><stem n="&quot;restrict"><phr n="&quot;restricted"><ent r="3" t="1" w="483" /></phr></stem><stem n="restrict"><phr n="restricted"><ent r="3" t="1" w="483" /></phr><phr n="restrict"><ent r="3" t="26" w="896" /></phr></stem><stem n="defin"><phr n="defined"><ent r="3" t="1" w="495" /><ent r="3" t="1" w="539" /><ent r="3" t="3" w="108" /><ent r="3" t="5" w="31" /><ent r="5" t="5" w="598" /><ent r="3" t="5" w="1341" /><ent r="3" t="5" w="1372" /><ent r="3" t="6" w="55" /><ent r="4" t="8" w="95" /><ent r="4" t="8" w="139" /><ent r="4" t="8" w="656" /><ent r="4" t="8" w="701" /><ent r="3" t="13" w="1823" /><ent r="3" t="13" w="2051" /><ent r="3" t="13" w="2474" /><ent r="3" t="13" w="2490" /><ent r="6" t="16" w="806" /><ent r="3" t="16" w="1935" /><ent r="3" t="16" w="2093" /><ent r="4" t="19" w="876" /><ent r="4" t="19" w="900" /><ent r="3" t="19" w="1379" /><ent r="4" t="19" w="1894" /><ent r="3" t="21" w="755" /><ent r="3" t="22" w="17" /><ent r="4" t="22" w="402" /><ent r="3" t="23" w="263" /><ent r="65" t="24" w="662" /><ent r="4" t="24" w="686" /><ent r="82" t="24" w="887" /><ent r="3" t="24" w="890" /><ent r="3" t="24" w="911" /><ent r="3" t="24" w="935" /><ent r="3" t="24" w="940" /><ent r="3" t="26" w="301" /><ent r="3" t="29" w="32" /><ent r="3" t="29" w="640" /><ent r="3" t="31" w="155" /><ent r="4" t="35" w="1304" /><ent r="3" t="37" w="85" /><ent r="3" t="37" w="1680" /><ent r="3" t="37" w="1745" /><ent r="3" t="37" w="3338" /><ent r="3" t="42" w="151" /><ent r="3" t="54" w="61" /><ent r="3" t="54" w="166" /><ent r="3" t="54" w="173" /><ent r="3" t="58" w="155" /><ent r="3" t="68" w="57" /><ent r="3" t="78" w="156" /><ent r="3" t="78" w="184" /></phr><phr n="defines"><ent r="3" t="4" w="174" /><ent r="3" t="7" w="69" /><ent r="3" t="13" w="2499" /><ent r="4" t="15" w="333" /><ent r="3" t="16" w="82" /><ent r="100" t="16" w="319" /><ent r="3" t="16" w="332" /><ent r="3" t="16" w="384" /><ent r="4" t="16" w="1592" /><ent r="3" t="19" w="277" /><ent r="4" t="22" w="139" /><ent r="3" t="26" w="224" /><ent r="3" t="29" w="961" /><ent r="3" t="33" w="123" /><ent r="4" t="34" w="243" /><ent r="4" t="40" w="179" /><ent r="4" t="40" w="212" /></phr><phr n="define"><ent r="4" t="4" w="379" /><ent r="3" t="7" w="398" /><ent r="3" t="8" w="18" /><ent r="3" t="13" w="2377" /><ent r="3" t="13" w="2445" /><ent r="3" t="16" w="1973" /><ent r="4" t="16" w="1982" /><ent r="4" t="16" w="2004" /><ent r="4" t="19" w="859" /><ent r="4" t="19" w="893" /><ent r="3" t="19" w="963" /><ent r="3" t="19" w="1736" /><ent r="3" t="21" w="81" /><ent r="4" t="26" w="596" /><ent r="4" t="29" w="122" /><ent r="4" t="34" w="279" /><ent r="3" t="35" w="22" /></phr><phr n="Defines"><ent r="100" t="16" w="326" /><ent r="100" t="16" w="328" /></phr><phr n="defining"><ent r="3" t="19" w="559" /><ent r="3" t="28" w="219" /></phr></stem><stem n="claus"><phr n="Clause"><ent r="3" t="1" w="497" /><ent r="3" t="1" w="541" /><ent r="3" t="1" w="557" /></phr><phr n="clause"><ent r="3" t="44" w="224" /></phr></stem><stem n="252"><phr n="252"><ent r="3" t="1" w="498" /></phr></stem><stem n="227"><phr n="227"><ent r="3" t="1" w="499" /><ent r="3" t="1" w="543" /><ent r="3" t="1" w="560" /></phr></stem><stem n="227-7013"><phr n="227-7013"><ent r="3" t="1" w="499" /></phr></stem><stem n="7013"><phr n="7013"><ent r="3" t="1" w="500" /></phr></stem><stem n="252.c"><phr n="252.c"><ent r="3" t="1" w="501" /><ent r="3" t="1" w="498" /></phr></stem><stem n="c"><phr n="c"><ent r="3" t="1" w="501" /><ent r="3" t="1" w="545" /><ent r="3" t="14" w="741" /><ent r="3" t="22" w="1177" /><ent r="4" t="24" w="1196" /><ent r="4" t="24" w="1693" /><ent r="3" t="24" w="1859" /><ent r="7" t="24" w="2529" /><ent r="3" t="24" w="2648" /><ent r="3" t="32" w="38" /><ent r="3" t="32" w="417" /><ent r="3" t="32" w="437" /><ent r="3" t="32" w="570" /><ent r="3" t="32" w="590" /><ent r="3" t="32" w="721" /><ent r="3" t="32" w="831" /><ent r="3" t="32" w="1019" /><ent r="3" t="33" w="57" /><ent r="5" t="41" w="366" /><ent r="3" t="44" w="442" /><ent r="3" t="44" w="701" /><ent r="3" t="45" w="92" /><ent r="5" t="46" w="125" /><ent r="3" t="47" w="632" /><ent r="3" t="48" w="21" /><ent r="3" t="48" w="197" /><ent r="3" t="49" w="493" /><ent r="3" t="55" w="133" /><ent r="5" t="55" w="174" /><ent r="3" t="55" w="502" /><ent r="3" t="55" w="559" /><ent r="3" t="55" w="616" /><ent r="3" t="55" w="661" /><ent r="3" t="56" w="103" /><ent r="3" t="56" w="170" /><ent r="3" t="61" w="741" /><ent r="3" t="61" w="794" /></phr><phr n="C"><ent r="3" t="8" w="234" /><ent r="3" t="8" w="242" /><ent r="7" t="8" w="537" /><ent r="5" t="9" w="380" /><ent r="5" t="9" w="435" /><ent r="5" t="9" w="481" /><ent r="5" t="9" w="485" /><ent r="5" t="9" w="585" /><ent r="5" t="9" w="642" /><ent r="5" t="9" w="697" /><ent r="3" t="24" w="300" /><ent r="7" t="24" w="2538" /><ent r="3" t="40" w="43" /><ent r="4" t="40" w="982" /></phr></stem><stem n=".227-7013(c)(1)"><phr n=".227-7013(c)(1)"><ent r="3" t="1" w="503" /></phr></stem><stem n="dfar"><phr n="DFARS"><ent r="3" t="1" w="505" /></phr></stem><stem n=";"><phr n=";"><ent r="3" t="1" w="506" /><ent r="3" t="8" w="620" /><ent r="5" t="13" w="224" /><ent r="5" t="13" w="263" /><ent r="3" t="13" w="581" /><ent r="5" t="13" w="814" /><ent r="3" t="14" w="323" /><ent r="4" t="16" w="1580" /><ent r="4" t="16" w="1591" /><ent r="3" t="16" w="1959" /><ent r="4" t="19" w="255" /><ent r="4" t="22" w="212" /><ent r="4" t="22" w="833" /><ent r="4" t="24" w="436" /><ent r="3" t="24" w="1391" /><ent r="4" t="24" w="2242" /><ent r="6" t="24" w="2925" /><ent r="3" t="26" w="149" /><ent r="4" t="26" w="581" /><ent r="3" t="26" w="998" /><ent r="4" t="29" w="222" /><ent r="4" t="29" w="225" /><ent r="4" t="29" w="228" /><ent r="4" t="29" w="231" /><ent r="4" t="29" w="234" /><ent r="4" t="29" w="237" /><ent r="4" t="29" w="819" /><ent r="3" t="32" w="113" /><ent r="3" t="34" w="1063" /><ent r="3" t="37" w="4205" /><ent r="3" t="37" w="4294" /><ent r="3" t="37" w="4505" /><ent r="4" t="41" w="126" /><ent r="3" t="42" w="133" /><ent r="4" t="46" w="149" /><ent r="6" t="47" w="466" /><ent r="4" t="47" w="842" /><ent r="4" t="49" w="259" /><ent r="3" t="49" w="765" /><ent r="3" t="49" w="807" /><ent r="3" t="49" w="809" /><ent r="3" t="56" w="544" /><ent r="3" t="56" w="592" /><ent r="3" t="56" w="602" /><ent r="3" t="56" w="616" /><ent r="3" t="58" w="114" /><ent r="3" t="58" w="212" /><ent r="3" t="58" w="334" /><ent r="3" t="61" w="17" /><ent r="3" t="61" w="497" /><ent r="3" t="61" w="530" /><ent r="3" t="61" w="576" /><ent r="3" t="61" w="615" /><ent r="3" t="61" w="664" /><ent r="6" t="68" w="95" /><ent r="6" t="70" w="742" /><ent r="6" t="70" w="1535" /><ent r="3" t="70" w="1798" /><ent r="3" t="70" w="1803" /><ent r="6" t="70" w="2392" /><ent r="3" t="71" w="196" /></phr></stem><stem n="ii"><phr n="ii"><ent r="3" t="1" w="507" /></phr><phr n="II"><ent r="3" t="16" w="1938" /><ent r="3" t="19" w="276" /></phr></stem><stem n="(ii)"><phr n="(ii)"><ent r="3" t="1" w="508" /></phr></stem><stem n="government'"><phr n="Government's"><ent r="3" t="1" w="528" /><ent r="3" t="1" w="527" /></phr></stem><stem n="52"><phr n="52"><ent r="3" t="1" w="542" /><ent r="3" t="1" w="559" /><ent r="6" t="16" w="664" /></phr></stem><stem n="227-19"><phr n="227-19"><ent r="3" t="1" w="543" /></phr></stem><stem n="19"><phr n="19"><ent r="3" t="1" w="544" /><ent r="3" t="22" w="1352" /><ent r="3" t="24" w="1866" /><ent r="3" t="37" w="4045" /></phr></stem><stem n="52.c"><phr n="52.c"><ent r="3" t="1" w="545" /><ent r="3" t="1" w="542" /></phr></stem><stem n="2"><phr n="2"><ent r="3" t="1" w="546" /><ent r="3" t="8" w="639" /><ent r="5" t="9" w="327" /><ent r="8" t="11" w="333" /><ent r="3" t="13" w="1682" /><ent r="3" t="13" w="1703" /><ent r="3" t="13" w="1907" /><ent r="3" t="13" w="1979" /><ent r="3" t="13" w="1987" /><ent r="3" t="13" w="1995" /><ent r="3" t="13" w="2012" /><ent r="3" t="13" w="2077" /><ent r="3" t="14" w="1106" /><ent r="3" t="16" w="130" /><ent r="3" t="16" w="145" /><ent r="3" t="16" w="162" /><ent r="3" t="16" w="179" /><ent r="3" t="16" w="1182" /><ent r="3" t="16" w="1197" /><ent r="4" t="16" w="1254" /><ent r="4" t="16" w="1296" /><ent r="4" t="16" w="1338" /><ent r="4" t="16" w="1369" /><ent r="4" t="16" w="1371" /><ent r="4" t="16" w="1372" /><ent r="5" t="16" w="1667" /><ent r="3" t="16" w="1927" /><ent r="3" t="16" w="1929" /><ent r="3" t="16" w="1930" /><ent r="3" t="16" w="1945" /><ent r="3" t="16" w="1959" /><ent r="3" t="16" w="2264" /><ent r="3" t="16" w="2284" /><ent r="3" t="17" w="195" /><ent r="100" t="18" w="68" /><ent r="100" t="18" w="72" /><ent r="4" t="18" w="81" /><ent r="3" t="19" w="493" /><ent r="3" t="19" w="495" /><ent r="3" t="19" w="496" /><ent r="3" t="19" w="519" /><ent r="3" t="19" w="521" /><ent r="3" t="19" w="522" /><ent r="3" t="19" w="588" /><ent r="3" t="19" w="590" /><ent r="3" t="19" w="591" /><ent r="3" t="19" w="610" /><ent r="3" t="19" w="612" /><ent r="3" t="19" w="613" /><ent r="3" t="19" w="615" /><ent r="3" t="19" w="631" /><ent r="3" t="19" w="633" /><ent r="3" t="19" w="634" /><ent r="3" t="19" w="653" /><ent r="3" t="19" w="655" /><ent r="3" t="19" w="656" /><ent r="4" t="19" w="1431" /><ent r="4" t="19" w="1566" /><ent r="4" t="19" w="1576" /><ent r="3" t="19" w="1659" /><ent r="3" t="19" w="1662" /><ent r="3" t="19" w="1668" /><ent r="3" t="20" w="476" /><ent r="3" t="20" w="480" /><ent r="3" t="20" w="485" /><ent r="3" t="20" w="490" /><ent r="3" t="20" w="495" /><ent r="3" t="20" w="500" /><ent r="3" t="20" w="505" /><ent r="3" t="20" w="514" /><ent r="3" t="20" w="533" /><ent r="3" t="22" w="1187" /><ent r="3" t="22" w="1196" /><ent r="3" t="22" w="1331" /><ent r="3" t="22" w="1348" /><ent r="3" t="22" w="1356" /><ent r="3" t="22" w="1365" /><ent r="3" t="22" w="1420" /><ent r="3" t="22" w="1477" /><ent r="3" t="22" w="1512" /><ent r="4" t="24" w="640" /><ent r="3" t="24" w="1491" /><ent r="3" t="24" w="1541" /><ent r="3" t="24" w="1550" /><ent r="3" t="24" w="1558" /><ent r="3" t="24" w="1567" /><ent r="3" t="24" w="1996" /><ent r="3" t="24" w="2004" /><ent r="3" t="24" w="2007" /><ent r="3" t="24" w="2016" /><ent r="3" t="24" w="2024" /><ent r="3" t="24" w="2031" /><ent r="3" t="24" w="2038" /><ent r="3" t="24" w="2046" /><ent r="3" t="24" w="2049" /><ent r="3" t="24" w="2058" /><ent r="3" t="24" w="2066" /><ent r="3" t="24" w="2073" /><ent r="3" t="24" w="2080" /><ent r="3" t="24" w="2088" /><ent r="3" t="24" w="2093" /><ent r="3" t="24" w="2102" /><ent r="3" t="24" w="2110" /><ent r="3" t="24" w="2112" /><ent r="3" t="24" w="2115" /><ent r="3" t="24" w="2128" /><ent r="3" t="24" w="2146" /><ent r="3" t="24" w="2330" /><ent r="3" t="24" w="2337" /><ent r="3" t="24" w="2343" /><ent r="5" t="24" w="2429" /><ent r="5" t="24" w="2440" /><ent r="6" t="24" w="2571" /><ent r="6" t="24" w="2580" /><ent r="3" t="24" w="2653" /><ent r="3" t="24" w="2661" /><ent r="3" t="24" w="2678" /><ent r="3" t="24" w="2763" /><ent r="3" t="24" w="2806" /><ent r="3" t="24" w="2830" /><ent r="4" t="24" w="2853" /><ent r="6" t="24" w="2965" /><ent r="4" t="24" w="3016" /><ent r="3" t="25" w="71" /><ent r="3" t="25" w="79" /><ent r="100" t="25" w="105" /><ent r="100" t="25" w="109" /><ent r="4" t="25" w="118" /><ent r="3" t="26" w="125" /><ent r="3" t="26" w="196" /><ent r="3" t="26" w="333" /><ent r="3" t="26" w="978" /><ent r="4" t="29" w="226" /><ent r="3" t="29" w="563" /><ent r="3" t="29" w="597" /><ent r="3" t="31" w="73" /><ent r="3" t="31" w="106" /><ent r="3" t="31" w="135" /><ent r="4" t="31" w="191" /><ent r="4" t="31" w="288" /><ent r="3" t="32" w="136" /><ent r="3" t="32" w="137" /><ent r="3" t="32" w="461" /><ent r="3" t="32" w="478" /><ent r="3" t="32" w="480" /><ent r="3" t="32" w="491" /><ent r="3" t="32" w="505" /><ent r="3" t="32" w="520" /><ent r="3" t="32" w="536" /><ent r="3" t="32" w="622" /><ent r="3" t="32" w="639" /><ent r="3" t="32" w="641" /><ent r="3" t="32" w="652" /><ent r="3" t="32" w="666" /><ent r="3" t="32" w="681" /><ent r="3" t="32" w="697" /><ent r="3" t="32" w="745" /><ent r="3" t="32" w="762" /><ent r="3" t="32" w="764" /><ent r="3" t="32" w="775" /><ent r="3" t="32" w="789" /><ent r="3" t="32" w="804" /><ent r="3" t="32" w="820" /><ent r="3" t="32" w="855" /><ent r="3" t="32" w="872" /><ent r="3" t="32" w="874" /><ent r="3" t="32" w="885" /><ent r="3" t="32" w="899" /><ent r="3" t="32" w="914" /><ent r="3" t="32" w="930" /><ent r="3" t="32" w="945" /><ent r="3" t="32" w="958" /><ent r="3" t="32" w="971" /><ent r="3" t="32" w="984" /><ent r="3" t="32" w="997" /><ent r="3" t="32" w="1010" /><ent r="3" t="32" w="1037" /><ent r="3" t="32" w="1054" /><ent r="3" t="32" w="1056" /><ent r="3" t="32" w="1067" /><ent r="3" t="32" w="1081" /><ent r="3" t="32" w="1096" /><ent r="3" t="32" w="1112" /><ent r="3" t="32" w="1184" /><ent r="3" t="32" w="1198" /><ent r="3" t="32" w="1200" /><ent r="3" t="32" w="1212" /><ent r="3" t="32" w="1229" /><ent r="3" t="32" w="1244" /><ent r="3" t="32" w="1260" /><ent r="3" t="32" w="1663" /><ent r="3" t="33" w="166" /><ent r="3" t="33" w="236" /><ent r="3" t="34" w="587" /><ent r="4" t="35" w="831" /><ent r="4" t="37" w="3744" /><ent r="3" t="37" w="3916" /><ent r="3" t="37" w="4010" /><ent r="4" t="37" w="4142" /><ent r="3" t="37" w="4398" /><ent r="3" t="37" w="4463" /><ent r="3" t="39" w="149" /><ent r="3" t="40" w="853" /><ent r="4" t="42" w="116" /><ent r="3" t="42" w="136" /><ent r="3" t="44" w="558" /><ent r="3" t="44" w="595" /><ent r="3" t="44" w="615" /><ent r="3" t="44" w="814" /><ent r="3" t="45" w="187" /><ent r="4" t="46" w="60" /><ent r="3" t="46" w="399" /><ent r="3" t="46" w="446" /><ent r="65" t="47" w="448" /><ent r="6" t="47" w="471" /><ent r="65" t="47" w="520" /><ent r="65" t="47" w="568" /><ent r="4" t="47" w="758" /><ent r="4" t="47" w="769" /><ent r="65" t="47" w="811" /><ent r="3" t="48" w="239" /><ent r="4" t="49" w="254" /><ent r="3" t="49" w="529" /><ent r="3" t="49" w="638" /><ent r="3" t="49" w="783" /><ent r="3" t="54" w="342" /><ent r="3" t="54" w="351" /><ent r="3" t="54" w="357" /><ent r="3" t="54" w="362" /><ent r="3" t="54" w="384" /><ent r="3" t="54" w="427" /><ent r="3" t="54" w="504" /><ent r="3" t="54" w="506" /><ent r="3" t="54" w="507" /><ent r="3" t="54" w="509" /><ent r="3" t="54" w="516" /><ent r="3" t="54" w="518" /><ent r="3" t="54" w="519" /><ent r="3" t="54" w="547" /><ent r="3" t="54" w="549" /><ent r="3" t="54" w="550" /><ent r="3" t="54" w="552" /><ent r="3" t="55" w="512" /><ent r="3" t="55" w="514" /><ent r="3" t="55" w="515" /><ent r="3" t="55" w="534" /><ent r="3" t="55" w="567" /><ent r="3" t="55" w="573" /><ent r="3" t="55" w="595" /><ent r="3" t="55" w="624" /><ent r="3" t="55" w="629" /><ent r="3" t="55" w="631" /><ent r="3" t="55" w="632" /><ent r="3" t="55" w="673" /><ent r="3" t="55" w="675" /><ent r="3" t="55" w="676" /><ent r="3" t="55" w="865" /><ent r="3" t="55" w="882" /><ent r="3" t="55" w="885" /><ent r="3" t="55" w="906" /><ent r="3" t="55" w="922" /><ent r="3" t="55" w="940" /><ent r="3" t="55" w="959" /><ent r="3" t="55" w="978" /><ent r="3" t="55" w="994" /><ent r="3" t="55" w="1010" /><ent r="3" t="55" w="1015" /><ent r="3" t="55" w="1022" /><ent r="3" t="55" w="1036" /><ent r="3" t="55" w="1055" /><ent r="3" t="55" w="1073" /><ent r="3" t="55" w="1075" /><ent r="3" t="55" w="1079" /><ent r="3" t="55" w="1089" /><ent r="3" t="55" w="1091" /><ent r="3" t="55" w="1092" /><ent r="3" t="55" w="1107" /><ent r="3" t="55" w="1109" /><ent r="3" t="55" w="1110" /><ent r="3" t="55" w="1113" /><ent r="3" t="55" w="1115" /><ent r="3" t="56" w="563" /><ent r="3" t="56" w="567" /><ent r="3" t="56" w="601" /><ent r="3" t="56" w="610" /><ent r="3" t="56" w="616" /><ent r="3" t="56" w="621" /><ent r="3" t="56" w="632" /><ent r="3" t="56" w="637" /><ent r="3" t="56" w="640" /><ent r="3" t="56" w="654" /><ent r="3" t="56" w="659" /><ent r="3" t="56" w="668" /><ent r="3" t="56" w="673" /><ent r="3" t="56" w="681" /><ent r="3" t="56" w="686" /><ent r="3" t="61" w="523" /><ent r="3" t="61" w="525" /><ent r="3" t="61" w="747" /><ent r="3" t="61" w="800" /><ent r="3" t="61" w="1381" /><ent r="3" t="67" w="106" /><ent r="7" t="68" w="337" /><ent r="4" t="75" w="51" /><ent r="4" t="77" w="246" /><ent r="5" t="77" w="265" /></phr></stem></index>