<?xml version="1.0" encoding="utf-8"?><index><stem n="/ifoperstatus,"><phr n="/ifOperStatus,"><ent r="3" t="19" w="685" /><ent r="3" t="19" w="1121" /></phr></stem><stem n="opn"><phr n="Opn"><ent r="3" t="19" w="687" /><ent r="3" t="19" w="1125" /></phr></stem><stem n="opn'l"><phr n="Opn'l"><ent r="3" t="19" w="688" /><ent r="3" t="19" w="687" /><ent r="3" t="19" w="1126" /><ent r="3" t="19" w="1125" /></phr></stem><stem n="l"><phr n="l"><ent r="3" t="19" w="688" /><ent r="3" t="19" w="1126" /><ent r="7" t="24" w="2547" /></phr><phr n="L"><ent r="7" t="24" w="2556" /><ent r="3" t="46" w="257" /></phr></stem><stem n="&quot;opn'l&quot;"><phr n="&quot;Opn'l&quot;"><ent r="3" t="19" w="689" /><ent r="3" t="19" w="1127" /></phr></stem><stem n="iftable/ifadminstatu"><phr n="ifTable/ifAdminStatus"><ent r="3" t="19" w="698" /><ent r="3" t="19" w="697" /></phr></stem><stem n="iftable/ifadminstatus,"><phr n="ifTable/ifAdminStatus,"><ent r="3" t="19" w="698" /><ent r="3" t="19" w="697" /></phr></stem><stem n="/ifadminstatus,"><phr n="/ifAdminStatus,"><ent r="3" t="19" w="699" /><ent r="3" t="19" w="1130" /></phr></stem><stem n="admin"><phr n="Admin"><ent r="3" t="19" w="701" /><ent r="3" t="19" w="1134" /><ent r="100" t="70" w="191" /><ent r="100" t="71" w="310" /></phr><phr n="admin"><ent r="3" t="58" w="486" /><ent r="3" t="59" w="403" /><ent r="3" t="60" w="146" /><ent r="3" t="60" w="184" /><ent r="3" t="61" w="301" /><ent r="3" t="61" w="304" /><ent r="3" t="61" w="486" /><ent r="3" t="61" w="488" /><ent r="6" t="70" w="1083" /></phr><phr n="ADMIN"><ent r="7" t="70" w="1074" /><ent r="6" t="70" w="1078" /></phr></stem><stem n="&quot;admin&quot;"><phr n="&quot;Admin&quot;"><ent r="3" t="19" w="702" /><ent r="3" t="19" w="1135" /></phr><phr n="&quot;admin&quot;"><ent r="3" t="61" w="302" /><ent r="3" t="61" w="305" /></phr></stem><stem n="/snmp-device-variables-ondemand&gt;"><phr n="/snmp-device-variables-ondemand&gt;"><ent r="3" t="19" w="711" /><ent r="3" t="19" w="1137" /><ent r="3" t="19" w="1369" /><ent r="3" t="19" w="1724" /></phr></stem><stem n="snmp-device-variables-ondemand&gt;"><phr n="snmp-device-variables-ondemand&gt;"><ent r="3" t="19" w="711" /><ent r="3" t="19" w="1137" /><ent r="3" t="19" w="1369" /><ent r="3" t="19" w="1724" /></phr></stem><stem n="fewer"><phr n="fewer"><ent r="3" t="19" w="738" /></phr></stem><stem n="50"><phr n="50"><ent r="3" t="19" w="740" /><ent r="4" t="19" w="1931" /><ent r="3" t="29" w="492" /><ent r="3" t="31" w="67" /><ent r="3" t="31" w="100" /><ent r="4" t="31" w="168" /><ent r="3" t="32" w="1142" /><ent r="6" t="34" w="773" /><ent r="3" t="34" w="979" /><ent r="3" t="34" w="1012" /><ent r="3" t="34" w="1024" /><ent r="3" t="34" w="1059" /><ent r="3" t="34" w="1062" /><ent r="3" t="37" w="3998" /><ent r="3" t="37" w="4043" /><ent r="3" t="37" w="4084" /><ent r="3" t="37" w="4099" /><ent r="3" t="37" w="4491" /><ent r="3" t="37" w="4630" /><ent r="3" t="39" w="507" /><ent r="3" t="39" w="525" /><ent r="3" t="39" w="543" /><ent r="3" t="39" w="561" /></phr></stem><stem n="table'"><phr n="table's"><ent r="4" t="19" w="770" /><ent r="4" t="19" w="769" /><ent r="6" t="70" w="385" /><ent r="6" t="70" w="384" /><ent r="6" t="70" w="958" /><ent r="6" t="70" w="957" /></phr></stem><stem n="&quot;.1&quot;."><phr n="&quot;.1&quot;."><ent r="4" t="19" w="791" /></phr></stem><stem n="(&quot;table&quot;)"><phr n="(&quot;TABLE&quot;)"><ent r="4" t="19" w="795" /></phr></stem><stem n="fourth"><phr n="fourth"><ent r="4" t="19" w="803" /><ent r="6" t="70" w="1960" /></phr><phr n="Fourth"><ent r="3" t="20" w="258" /><ent r="3" t="20" w="466" /><ent r="3" t="20" w="501" /><ent r="3" t="20" w="563" /></phr></stem><stem n="&quot;/&quot;,"><phr n="&quot;/&quot;,"><ent r="4" t="19" w="848" /><ent r="3" t="71" w="336" /></phr></stem><stem n="(ifindex,"><phr n="(ifIndex,"><ent r="4" t="19" w="862" /></phr></stem><stem n="entir"><phr n="entirely"><ent r="4" t="19" w="912" /></phr><phr n="entire"><ent r="3" t="19" w="1851" /><ent r="6" t="24" w="2979" /><ent r="3" t="70" w="47" /></phr></stem><stem n="write"><phr n="writing"><ent r="4" t="19" w="915" /><ent r="4" t="40" w="716" /><ent r="4" t="40" w="795" /><ent r="3" t="40" w="868" /><ent r="3" t="56" w="15" /></phr><phr n="writes"><ent r="3" t="21" w="777" /><ent r="4" t="40" w="1033" /><ent r="3" t="44" w="137" /><ent r="3" t="56" w="112" /></phr><phr n="write"><ent r="3" t="34" w="718" /><ent r="3" t="46" w="23" /><ent r="4" t="49" w="289" /><ent r="3" t="56" w="28" /></phr><phr n="Write"><ent r="3" t="61" w="1376" /></phr></stem><stem n="out"><phr n="out"><ent r="4" t="19" w="916" /><ent r="3" t="20" w="381" /><ent r="3" t="24" w="2199" /><ent r="3" t="24" w="2780" /><ent r="3" t="28" w="145" /><ent r="3" t="34" w="414" /><ent r="3" t="37" w="2088" /><ent r="3" t="37" w="2132" /><ent r="3" t="44" w="171" /><ent r="3" t="45" w="31" /><ent r="3" t="49" w="140" /><ent r="4" t="49" w="330" /><ent r="4" t="49" w="417" /><ent r="3" t="52" w="35" /><ent r="4" t="55" w="1234" /><ent r="3" t="71" w="58" /><ent r="3" t="71" w="345" /></phr></stem><stem n="/tabl"><phr n="/Table"><ent r="4" t="19" w="932" /></phr></stem><stem n="snmp/tabl"><phr n="SNMP/Table"><ent r="4" t="19" w="932" /><ent r="4" t="19" w="931" /></phr></stem><stem n="that'"><phr n="that's"><ent r="3" t="19" w="937" /><ent r="3" t="19" w="936" /><ent r="3" t="54" w="434" /><ent r="3" t="54" w="433" /><ent r="4" t="61" w="432" /><ent r="4" t="61" w="431" /></phr></stem><stem n="augment"><phr n="Augmenting"><ent r="92" t="19" w="957" /></phr><phr n="augments"><ent r="3" t="19" w="967" /><ent r="3" t="19" w="1012" /></phr><phr n="augmenting"><ent r="3" t="19" w="975" /></phr></stem><stem n="mib'"><phr n="MIB's"><ent r="3" t="19" w="962" /><ent r="3" t="19" w="961" /></phr></stem><stem n="&quot;augments&quot;"><phr n="&quot;augments&quot;"><ent r="3" t="19" w="968" /></phr></stem><stem n="visual"><phr n="visualize"><ent r="3" t="19" w="994" /></phr><phr n="visual"><ent r="3" t="21" w="127" /><ent r="3" t="21" w="161" /><ent r="4" t="70" w="1593" /></phr></stem><stem n="if-mib"><phr n="IF-MIB"><ent r="3" t="19" w="1008" /><ent r="3" t="19" w="1052" /><ent r="3" t="19" w="1060" /><ent r="3" t="19" w="1067" /><ent r="3" t="19" w="1078" /><ent r="3" t="19" w="1088" /><ent r="3" t="19" w="1096" /><ent r="3" t="19" w="1104" /><ent r="3" t="19" w="1113" /><ent r="3" t="19" w="1121" /><ent r="3" t="19" w="1130" /><ent r="3" t="19" w="1646" /><ent r="3" t="19" w="1677" /><ent r="3" t="19" w="1687" /><ent r="3" t="26" w="402" /></phr></stem><stem n="-mib,"><phr n="-MIB,"><ent r="3" t="19" w="1010" /><ent r="3" t="19" w="1010" /></phr></stem><stem n="ifxtabl"><phr n="ifXTable"><ent r="3" t="19" w="1011" /><ent r="3" t="19" w="1045" /><ent r="3" t="19" w="1050" /><ent r="3" t="19" w="1058" /><ent r="3" t="19" w="1065" /><ent r="3" t="19" w="1073" /><ent r="3" t="19" w="1076" /><ent r="3" t="19" w="1084" /><ent r="3" t="19" w="1086" /><ent r="3" t="19" w="1094" /><ent r="3" t="19" w="1102" /><ent r="3" t="19" w="1111" /><ent r="3" t="19" w="1119" /><ent r="3" t="19" w="1128" /><ent r="3" t="19" w="1151" /><ent r="3" t="55" w="525" /></phr><phr n="IfXTable"><ent r="100" t="55" w="519" /></phr></stem><stem n="easili"><phr n="easily"><ent r="3" t="19" w="1025" /><ent r="3" t="37" w="4275" /><ent r="4" t="41" w="334" /><ent r="3" t="49" w="161" /></phr></stem><stem n="mix"><phr n="mixing"><ent r="3" t="19" w="1027" /></phr></stem><stem n="&quot;extend"><phr n="&quot;Extended"><ent r="3" t="19" w="1048" /></phr></stem><stem n="extend"><phr n="Extended"><ent r="3" t="19" w="1048" /></phr><phr n="EXTEND"><ent r="3" t="26" w="497" /><ent r="3" t="26" w="515" /></phr><phr n="extended"><ent r="3" t="49" w="163" /></phr></stem><stem n="ifxtable/ifindex"><phr n="ifXTable/ifIndex"><ent r="3" t="19" w="1051" /><ent r="3" t="19" w="1050" /></phr></stem><stem n="ifxtable/ifindex,"><phr n="ifXTable/ifIndex,"><ent r="3" t="19" w="1051" /><ent r="3" t="19" w="1050" /></phr></stem><stem n="-mib::ifindex,"><phr n="-MIB::ifIndex,"><ent r="3" t="19" w="1055" /><ent r="3" t="19" w="1055" /><ent r="3" t="19" w="1649" /><ent r="3" t="19" w="1649" /></phr></stem><stem n="ifxtable/ifdescr"><phr n="ifXTable/ifDescr"><ent r="3" t="19" w="1059" /><ent r="3" t="19" w="1058" /></phr></stem><stem n="ifxtable/ifdescr,"><phr n="ifXTable/ifDescr,"><ent r="3" t="19" w="1059" /><ent r="3" t="19" w="1058" /></phr></stem><stem n="-mib::ifdescr,"><phr n="-MIB::ifDescr,"><ent r="3" t="19" w="1063" /><ent r="3" t="19" w="1063" /></phr></stem><stem n="ifxtable/ifnam"><phr n="ifXTable/ifName"><ent r="3" t="19" w="1066" /><ent r="3" t="19" w="1065" /></phr></stem><stem n="ifnam"><phr n="ifName"><ent r="3" t="19" w="1066" /><ent r="3" t="19" w="1069" /><ent r="3" t="19" w="1145" /></phr></stem><stem n="ifxtable/ifname,"><phr n="ifXTable/ifName,"><ent r="3" t="19" w="1066" /><ent r="3" t="19" w="1065" /></phr></stem><stem n="/ifname,"><phr n="/ifName,"><ent r="3" t="19" w="1067" /></phr></stem><stem n="-mib::ifname,"><phr n="-MIB::ifName,"><ent r="3" t="19" w="1070" /><ent r="3" t="19" w="1070" /></phr></stem><stem n="&quot;name&quot;"><phr n="&quot;Name&quot;"><ent r="3" t="19" w="1072" /></phr><phr n="&quot;name&quot;"><ent r="5" t="37" w="3113" /><ent r="5" t="37" w="3132" /></phr></stem><stem n="ifxtable/ifalia"><phr n="ifXTable/ifAlias"><ent r="3" t="19" w="1077" /><ent r="3" t="19" w="1076" /></phr></stem><stem n="ifxtable/ifalias,"><phr n="ifXTable/ifAlias,"><ent r="3" t="19" w="1077" /><ent r="3" t="19" w="1076" /></phr></stem><stem n="/ifalias,"><phr n="/ifAlias,"><ent r="3" t="19" w="1078" /></phr></stem><stem n="-mib::ifalias,"><phr n="-MIB::ifAlias,"><ent r="3" t="19" w="1081" /><ent r="3" t="19" w="1081" /></phr></stem><stem n="&quot;alias&quot;"><phr n="&quot;Alias&quot;"><ent r="3" t="19" w="1083" /></phr></stem><stem n="ifxtable/iftyp"><phr n="ifXTable/ifType"><ent r="3" t="19" w="1087" /><ent r="3" t="19" w="1086" /></phr></stem><stem n="ifxtable/iftype,"><phr n="ifXTable/ifType,"><ent r="3" t="19" w="1087" /><ent r="3" t="19" w="1086" /></phr></stem><stem n="-mib::iftype,"><phr n="-MIB::ifType,"><ent r="3" t="19" w="1091" /><ent r="3" t="19" w="1091" /></phr></stem><stem n="ifxtable/ifspe"><phr n="ifXTable/ifSpeed"><ent r="3" t="19" w="1095" /><ent r="3" t="19" w="1094" /></phr></stem><stem n="ifxtable/ifspeed,"><phr n="ifXTable/ifSpeed,"><ent r="3" t="19" w="1095" /><ent r="3" t="19" w="1094" /></phr></stem><stem n="-mib::ifspeed,"><phr n="-MIB::ifSpeed,"><ent r="3" t="19" w="1099" /><ent r="3" t="19" w="1099" /></phr></stem><stem n="ifxtable/ifhighspe"><phr n="ifXTable/ifHighSpeed"><ent r="3" t="19" w="1103" /><ent r="3" t="19" w="1102" /></phr></stem><stem n="ifhighspe"><phr n="ifHighSpeed"><ent r="3" t="19" w="1103" /><ent r="3" t="19" w="1106" /></phr></stem><stem n="ifxtable/ifhighspeed,"><phr n="ifXTable/ifHighSpeed,"><ent r="3" t="19" w="1103" /><ent r="3" t="19" w="1102" /></phr></stem><stem n="/ifhighspeed,"><phr n="/ifHighSpeed,"><ent r="3" t="19" w="1104" /></phr></stem><stem n="-mib::ifhighspeed,"><phr n="-MIB::ifHighSpeed,"><ent r="3" t="19" w="1107" /><ent r="3" t="19" w="1107" /></phr></stem><stem n="mbit/sec"><phr n="Mbit/sec"><ent r="3" t="19" w="1109" /><ent r="3" t="19" w="1108" /></phr></stem><stem n="&quot;mbit/sec&quot;"><phr n="&quot;Mbit/sec&quot;"><ent r="3" t="19" w="1110" /></phr></stem><stem n="ifxtable/ifphysaddress"><phr n="ifXTable/ifPhysAddress"><ent r="3" t="19" w="1112" /><ent r="3" t="19" w="1111" /></phr></stem><stem n="ifxtable/ifphysaddress,"><phr n="ifXTable/ifPhysAddress,"><ent r="3" t="19" w="1112" /><ent r="3" t="19" w="1111" /></phr></stem><stem n="-mib::ifphysaddress,"><phr n="-MIB::ifPhysAddress,"><ent r="3" t="19" w="1116" /><ent r="3" t="19" w="1116" /></phr></stem><stem n="ifxtable/ifoperstatu"><phr n="ifXTable/ifOperStatus"><ent r="3" t="19" w="1120" /><ent r="3" t="19" w="1119" /></phr></stem><stem n="ifxtable/ifoperstatus,"><phr n="ifXTable/ifOperStatus,"><ent r="3" t="19" w="1120" /><ent r="3" t="19" w="1119" /></phr></stem><stem n="-mib::ifoperstatus,"><phr n="-MIB::ifOperStatus,"><ent r="3" t="19" w="1124" /><ent r="3" t="19" w="1124" /></phr></stem><stem n="ifxtable/ifadminstatu"><phr n="ifXTable/ifAdminStatus"><ent r="3" t="19" w="1129" /><ent r="3" t="19" w="1128" /></phr></stem><stem n="ifxtable/ifadminstatus,"><phr n="ifXTable/ifAdminStatus,"><ent r="3" t="19" w="1129" /><ent r="3" t="19" w="1128" /></phr></stem><stem n="-mib::ifadminstatus,"><phr n="-MIB::ifAdminStatus,"><ent r="3" t="19" w="1133" /><ent r="3" t="19" w="1133" /></phr></stem><stem n="other"><phr n="others"><ent r="3" t="19" w="1154" /><ent r="3" t="21" w="685" /><ent r="3" t="52" w="68" /></phr></stem><stem n="yet"><phr n="Yet"><ent r="3" t="19" w="1159" /></phr><phr n="yet"><ent r="4" t="61" w="409" /></phr></stem><stem n="-deriv"><phr n="-Derived"><ent r="92" t="19" w="1172" /><ent r="92" t="19" w="1172" /><ent r="92" t="26" w="1021" /><ent r="92" t="26" w="1021" /><ent r="64" t="26" w="1074" /><ent r="64" t="26" w="1074" /></phr><phr n="-derived"><ent r="4" t="19" w="1920" /><ent r="4" t="19" w="1920" /></phr></stem><stem n="index-deriv"><phr n="Index-Derived"><ent r="92" t="19" w="1172" /><ent r="3" t="26" w="55" /><ent r="92" t="26" w="1021" /><ent r="64" t="26" w="1074" /></phr><phr n="index-derived"><ent r="4" t="19" w="1920" /></phr></stem><stem n="deriv"><phr n="Derived"><ent r="92" t="19" w="1173" /><ent r="3" t="26" w="56" /><ent r="92" t="26" w="1022" /><ent r="64" t="26" w="1075" /></phr><phr n="derive"><ent r="3" t="19" w="1217" /></phr><phr n="derived"><ent r="4" t="19" w="1913" /><ent r="4" t="19" w="1921" /><ent r="3" t="24" w="298" /><ent r="3" t="64" w="35" /></phr></stem><stem n="itself"><phr n="itself"><ent r="3" t="19" w="1198" /><ent r="3" t="19" w="1226" /><ent r="3" t="32" w="1274" /><ent r="4" t="46" w="190" /></phr></stem><stem n="cannot"><phr n="cannot"><ent r="3" t="19" w="1204" /><ent r="4" t="19" w="1877" /><ent r="4" t="19" w="1889" /><ent r="4" t="19" w="1900" /><ent r="4" t="26" w="544" /><ent r="3" t="39" w="410" /><ent r="3" t="69" w="96" /></phr></stem><stem n="directli"><phr n="directly"><ent r="3" t="19" w="1207" /><ent r="3" t="40" w="525" /><ent r="3" t="44" w="28" /><ent r="3" t="44" w="180" /><ent r="4" t="46" w="185" /><ent r="4" t="49" w="275" /><ent r="3" t="49" w="968" /><ent r="3" t="57" w="193" /><ent r="4" t="59" w="155" /><ent r="3" t="66" w="691" /></phr></stem><stem n="facil"><phr n="facility"><ent r="3" t="19" w="1212" /><ent r="3" t="21" w="77" /><ent r="4" t="22" w="351" /><ent r="3" t="22" w="609" /><ent r="100" t="55" w="94" /><ent r="3" t="55" w="103" /><ent r="3" t="58" w="399" /><ent r="3" t="70" w="1644" /></phr><phr n="Facilities"><ent r="92" t="22" w="453" /><ent r="82" t="22" w="1040" /></phr><phr n="facilities"><ent r="3" t="22" w="460" /></phr></stem><stem n="notat"><phr n="notation"><ent r="3" t="19" w="1235" /><ent r="4" t="24" w="1289" /><ent r="3" t="33" w="44" /><ent r="3" t="35" w="1048" /></phr></stem><stem n="[a:b]"><phr n="[a:b]"><ent r="4" t="19" w="1240" /><ent r="3" t="19" w="1260" /></phr></stem><stem n="fetch"><phr n="fetch"><ent r="3" t="19" w="1243" /></phr></stem><stem n="subid'"><phr n="subid's"><ent r="3" t="19" w="1263" /><ent r="3" t="19" w="1262" /><ent r="3" t="19" w="1282" /><ent r="3" t="19" w="1281" /><ent r="3" t="19" w="1452" /><ent r="3" t="19" w="1451" /><ent r="3" t="19" w="1500" /><ent r="3" t="19" w="1499" /><ent r="4" t="26" w="249" /><ent r="4" t="26" w="248" /></phr></stem><stem n="&quot;oid&quot;"><phr n="&quot;oid&quot;"><ent r="3" t="19" w="1266" /><ent r="3" t="19" w="1285" /></phr></stem><stem n="'th"><phr n="'th"><ent r="3" t="19" w="1271" /><ent r="3" t="19" w="1290" /><ent r="4" t="29" w="443" /><ent r="4" t="29" w="459" /><ent r="4" t="29" w="475" /></phr></stem><stem n="a'th"><phr n="a'th"><ent r="3" t="19" w="1271" /><ent r="3" t="19" w="1270" /><ent r="3" t="19" w="1290" /><ent r="3" t="19" w="1289" /></phr></stem><stem n="th"><phr n="th"><ent r="3" t="19" w="1271" /><ent r="3" t="19" w="1290" /><ent r="4" t="29" w="443" /><ent r="4" t="29" w="459" /><ent r="4" t="29" w="475" /></phr></stem><stem n="[a:]"><phr n="[a:]"><ent r="3" t="19" w="1279" /></phr></stem><stem n="ipnettomediat"><phr n="ipNetToMediaTable"><ent r="3" t="19" w="1308" /><ent r="4" t="19" w="1376" /></phr></stem><stem n="arptabl"><phr n="ARPTable"><ent r="3" t="19" w="1318" /><ent r="3" t="19" w="1329" /><ent r="3" t="19" w="1340" /><ent r="3" t="19" w="1348" /><ent r="3" t="19" w="1356" /><ent r="3" t="19" w="1362" /><ent r="3" t="19" w="1848" /></phr></stem><stem n="&quot;arptable&quot;,"><phr n="&quot;ARPTable&quot;,"><ent r="3" t="19" w="1319" /></phr></stem><stem n="ipnettomediaentri"><phr n="ipNetToMediaEntry"><ent r="3" t="19" w="1323" /></phr></stem><stem n="&quot;map"><phr n="&quot;Map"><ent r="3" t="19" w="1332" /></phr></stem><stem n="arptable/ipnettomediaifindex"><phr n="ARPTable/ipNetToMediaIfIndex"><ent r="3" t="19" w="1341" /><ent r="3" t="19" w="1340" /></phr></stem><stem n="ipnettomediaifindex"><phr n="ipNetToMediaIfIndex"><ent r="3" t="19" w="1341" /><ent r="4" t="19" w="1486" /></phr></stem><stem n="arptable/ipnettomediaifindex,"><phr n="ARPTable/ipNetToMediaIfIndex,"><ent r="3" t="19" w="1341" /><ent r="3" t="19" w="1340" /></phr></stem><stem n="/ipnettomediaifindex,"><phr n="/ipNetToMediaIfIndex,"><ent r="3" t="19" w="1342" /></phr></stem><stem n="ipnettomediatyp"><phr n="ipNetToMediaType"><ent r="3" t="19" w="1342" /><ent r="3" t="19" w="1350" /><ent r="3" t="19" w="1363" /><ent r="3" t="19" w="1364" /><ent r="4" t="19" w="1423" /><ent r="4" t="19" w="1466" /></phr></stem><stem n="[0:1],"><phr n="[0:1],"><ent r="3" t="19" w="1345" /></phr></stem><stem n="arptable/ipnettomedianetaddress"><phr n="ARPTable/ipNetToMediaNetAddress"><ent r="3" t="19" w="1349" /><ent r="3" t="19" w="1348" /></phr></stem><stem n="ipnettomedianetaddress"><phr n="ipNetToMediaNetAddress"><ent r="3" t="19" w="1349" /><ent r="5" t="19" w="1397" /><ent r="4" t="19" w="1455" /><ent r="4" t="19" w="1506" /></phr></stem><stem n="arptable/ipnettomedianetaddress,"><phr n="ARPTable/ipNetToMediaNetAddress,"><ent r="3" t="19" w="1349" /><ent r="3" t="19" w="1348" /></phr></stem><stem n="/ipnettomedianetaddress,"><phr n="/ipNetToMediaNetAddress,"><ent r="3" t="19" w="1350" /></phr></stem><stem n="[1:4],"><phr n="[1:4],"><ent r="3" t="19" w="1353" /></phr></stem><stem n="arptable/ipnettomediaphysaddress"><phr n="ARPTable/ipNetToMediaPhysAddress"><ent r="3" t="19" w="1357" /><ent r="3" t="19" w="1356" /></phr></stem><stem n="ipnettomediaphysaddress"><phr n="ipNetToMediaPhysAddress"><ent r="3" t="19" w="1357" /><ent r="3" t="19" w="1358" /></phr></stem><stem n="arptable/ipnettomediaphysaddress,"><phr n="ARPTable/ipNetToMediaPhysAddress,"><ent r="3" t="19" w="1357" /><ent r="3" t="19" w="1356" /></phr></stem><stem n="/ipnettomediaphysaddress,"><phr n="/ipNetToMediaPhysAddress,"><ent r="3" t="19" w="1358" /></phr></stem><stem n=",&quot;mac"><phr n=",&quot;MAC"><ent r="3" t="19" w="1360" /></phr></stem><stem n="arptable/ipnettomediatyp"><phr n="ARPTable/ipNetToMediaType"><ent r="3" t="19" w="1363" /><ent r="3" t="19" w="1362" /></phr></stem><stem n="arptable/ipnettomediatype,"><phr n="ARPTable/ipNetToMediaType,"><ent r="3" t="19" w="1363" /><ent r="3" t="19" w="1362" /></phr></stem><stem n="/ipnettomediatype,"><phr n="/ipNetToMediaType,"><ent r="3" t="19" w="1364" /></phr></stem><stem n="ipnettomediaindex"><phr n="ipNetToMediaIndex"><ent r="5" t="19" w="1387" /><ent r="4" t="19" w="1445" /></phr></stem><stem n="1.3.6.1.2.1.4.22"><phr n="1.3.6.1.2.1.4.22"><ent r="4" t="19" w="1434" /><ent r="4" t="19" w="1427" /></phr></stem><stem n="22"><phr n="22"><ent r="4" t="19" w="1434" /><ent r="4" t="24" w="1705" /><ent r="3" t="37" w="4073" /></phr></stem><stem n="1.3.6.1.2.1.4.22.1"><phr n="1.3.6.1.2.1.4.22.1"><ent r="4" t="19" w="1435" /><ent r="4" t="19" w="1427" /></phr></stem><stem n=".3.6.1.2.1.4.22.1.4"><phr n=".3.6.1.2.1.4.22.1.4"><ent r="4" t="19" w="1436" /></phr></stem><stem n="1.3.6.1.2.1.4.22.1.4"><phr n="1.3.6.1.2.1.4.22.1.4"><ent r="4" t="19" w="1436" /><ent r="4" t="19" w="1427" /></phr></stem><stem n="posit"><phr n="position"><ent r="3" t="19" w="1474" /><ent r="3" t="19" w="1492" /><ent r="4" t="24" w="702" /><ent r="4" t="24" w="724" /><ent r="3" t="24" w="1018" /><ent r="3" t="24" w="1077" /><ent r="3" t="24" w="1115" /><ent r="4" t="29" w="111" /><ent r="4" t="29" w="428" /><ent r="3" t="29" w="712" /><ent r="3" t="29" w="845" /><ent r="3" t="29" w="883" /><ent r="3" t="29" w="896" /><ent r="3" t="29" w="1075" /><ent r="3" t="37" w="2328" /></phr><phr n="Positional"><ent r="5" t="29" w="85" /><ent r="82" t="29" w="411" /><ent r="3" t="32" w="1322" /></phr><phr n="positional"><ent r="4" t="29" w="98" /><ent r="3" t="29" w="532" /></phr><phr n="positive"><ent r="4" t="29" w="271" /></phr><phr n="Position"><ent r="82" t="29" w="829" /><ent r="3" t="32" w="1644" /></phr></stem><stem n="abil"><phr n="ability"><ent r="3" t="19" w="1518" /><ent r="3" t="40" w="27" /></phr></stem><stem n="&quot;ifindex&quot;"><phr n="&quot;ifIndex&quot;"><ent r="4" t="19" w="1565" /><ent r="4" t="19" w="1573" /></phr></stem><stem n="(column"><phr n="(column"><ent r="4" t="19" w="1571" /></phr></stem><stem n="ifoutoctet"><phr n="ifOutOctets"><ent r="4" t="19" w="1600" /><ent r="3" t="19" w="1689" /></phr></stem><stem n="gracefulli"><phr n="gracefully"><ent r="4" t="19" w="1620" /></phr></stem><stem n="circular1"><phr n="Circular1"><ent r="4" t="19" w="1621" /><ent r="3" t="19" w="1705" /></phr></stem><stem n="circular2"><phr n="Circular2"><ent r="4" t="19" w="1623" /><ent r="3" t="19" w="1714" /></phr></stem><stem n="&quot;-&quot;"><phr n="&quot;-&quot;"><ent r="4" t="19" w="1631" /></phr></stem><stem n="iftabletest"><phr n="ifTableTest"><ent r="3" t="19" w="1640" /><ent r="3" t="19" w="1644" /><ent r="3" t="19" w="1654" /><ent r="3" t="19" w="1665" /><ent r="3" t="19" w="1675" /><ent r="3" t="19" w="1685" /><ent r="3" t="19" w="1695" /><ent r="3" t="19" w="1704" /><ent r="3" t="19" w="1713" /></phr></stem><stem n="iftabletest/ifindex"><phr n="ifTableTest/ifIndex"><ent r="3" t="19" w="1645" /><ent r="3" t="19" w="1644" /></phr></stem><stem n="iftabletest/ifindex,"><phr n="ifTableTest/ifIndex,"><ent r="3" t="19" w="1645" /><ent r="3" t="19" w="1644" /></phr></stem><stem n="iftabletest/ifindexplus1times2"><phr n="ifTableTest/ifIndexPlus1Times2"><ent r="3" t="19" w="1655" /><ent r="3" t="19" w="1654" /></phr></stem><stem n="ifindexplus1times2"><phr n="ifIndexPlus1Times2"><ent r="3" t="19" w="1655" /></phr></stem><stem n="iftabletest/ifindexplus1times2,"><phr n="ifTableTest/ifIndexPlus1Times2,"><ent r="3" t="19" w="1655" /><ent r="3" t="19" w="1654" /></phr></stem><stem n="/ifindexplus1times2,"><phr n="/ifIndexPlus1Times2,"><ent r="3" t="19" w="1656" /></phr></stem><stem n="($ifindex"><phr n="($ifIndex"><ent r="3" t="19" w="1656" /><ent r="3" t="25" w="70" /><ent r="3" t="25" w="78" /></phr></stem><stem n="$ifindex"><phr n="$ifIndex"><ent r="3" t="19" w="1656" /><ent r="3" t="25" w="70" /><ent r="3" t="25" w="78" /><ent r="4" t="25" w="262" /></phr></stem><stem n=")*2,"><phr n=")*2,"><ent r="3" t="19" w="1660" /></phr></stem><stem n="iftabletest/ifindexback"><phr n="ifTableTest/ifIndexBack"><ent r="3" t="19" w="1666" /><ent r="3" t="19" w="1665" /></phr></stem><stem n="ifindexback"><phr n="ifIndexBack"><ent r="3" t="19" w="1666" /></phr></stem><stem n="iftabletest/ifindexback,"><phr n="ifTableTest/ifIndexBack,"><ent r="3" t="19" w="1666" /><ent r="3" t="19" w="1665" /></phr></stem><stem n="/ifindexback,"><phr n="/ifIndexBack,"><ent r="3" t="19" w="1667" /></phr></stem><stem n="$ifindexplus1times2"><phr n="$ifIndexPlus1Times2"><ent r="3" t="19" w="1667" /></phr></stem><stem n="2-1"><phr n="2-1"><ent r="3" t="19" w="1668" /></phr></stem><stem n="$ifindexplus1times2/2-1,"><phr n="$ifIndexPlus1Times2/2-1,"><ent r="3" t="19" w="1669" /><ent r="3" t="19" w="1667" /></phr></stem><stem n="/2-1,"><phr n="/2-1,"><ent r="3" t="19" w="1670" /></phr></stem><stem n="#3"><phr n="#3"><ent r="3" t="19" w="1672" /><ent r="3" t="35" w="1589" /><ent r="5" t="37" w="2575" /></phr></stem><stem n="iftabletest/tinoctet"><phr n="ifTableTest/TInOctets"><ent r="3" t="19" w="1676" /><ent r="3" t="19" w="1675" /></phr></stem><stem n="tinoctet"><phr n="TInOctets"><ent r="3" t="19" w="1676" /></phr></stem><stem n="iftabletest/tinoctets,"><phr n="ifTableTest/TInOctets,"><ent r="3" t="19" w="1676" /><ent r="3" t="19" w="1675" /></phr></stem><stem n="/tinoctets,"><phr n="/TInOctets,"><ent r="3" t="19" w="1677" /></phr></stem><stem n="-mib::ifinoctets,"><phr n="-MIB::ifInOctets,"><ent r="3" t="19" w="1680" /><ent r="3" t="19" w="1680" /></phr></stem><stem n="#4"><phr n="#4"><ent r="3" t="19" w="1682" /></phr></stem><stem n="iftabletest/toutoctet"><phr n="ifTableTest/TOutOctets"><ent r="3" t="19" w="1686" /><ent r="3" t="19" w="1685" /></phr></stem><stem n="toutoctet"><phr n="TOutOctets"><ent r="3" t="19" w="1686" /></phr></stem><stem n="iftabletest/toutoctets,"><phr n="ifTableTest/TOutOctets,"><ent r="3" t="19" w="1686" /><ent r="3" t="19" w="1685" /></phr></stem><stem n="/toutoctets,"><phr n="/TOutOctets,"><ent r="3" t="19" w="1687" /></phr></stem><stem n="-mib::ifoutoctets,"><phr n="-MIB::ifOutOctets,"><ent r="3" t="19" w="1690" /><ent r="3" t="19" w="1690" /></phr></stem><stem n="#5"><phr n="#5"><ent r="3" t="19" w="1692" /></phr></stem><stem n="iftabletest/ifratio"><phr n="ifTableTest/ifRatio"><ent r="3" t="19" w="1696" /><ent r="3" t="19" w="1695" /></phr></stem><stem n="ifratio"><phr n="ifRatio"><ent r="3" t="19" w="1696" /></phr></stem><stem n="iftabletest/ifratio,"><phr n="ifTableTest/ifRatio,"><ent r="3" t="19" w="1696" /><ent r="3" t="19" w="1695" /></phr></stem><stem n="/ifratio,"><phr n="/ifRatio,"><ent r="3" t="19" w="1697" /></phr></stem><stem n="$tinoctet"><phr n="$TInOctets"><ent r="3" t="19" w="1697" /></phr></stem><stem n="$tinoctets/$toutoctet"><phr n="$TInOctets/$TOutOctets"><ent r="3" t="19" w="1698" /><ent r="3" t="19" w="1697" /></phr></stem><stem n="$toutoctet"><phr n="$TOutOctets"><ent r="3" t="19" w="1698" /></phr></stem><stem n="$tinoctets/$toutoctets,"><phr n="$TInOctets/$TOutOctets,"><ent r="3" t="19" w="1698" /><ent r="3" t="19" w="1697" /></phr></stem><stem n="/$toutoctets,"><phr n="/$TOutOctets,"><ent r="3" t="19" w="1699" /></phr></stem><stem n="#6"><phr n="#6"><ent r="3" t="19" w="1701" /></phr></stem><stem n="iftabletest/circular1"><phr n="ifTableTest/Circular1"><ent r="3" t="19" w="1705" /><ent r="3" t="19" w="1704" /></phr></stem><stem n="iftabletest/circular1,"><phr n="ifTableTest/Circular1,"><ent r="3" t="19" w="1705" /><ent r="3" t="19" w="1704" /></phr></stem><stem n="/circular1,"><phr n="/Circular1,"><ent r="3" t="19" w="1706" /></phr></stem><stem n="$circular2"><phr n="$Circular2"><ent r="3" t="19" w="1706" /></phr></stem><stem n="#7"><phr n="#7"><ent r="3" t="19" w="1710" /><ent r="3" t="35" w="422" /><ent r="3" t="35" w="433" /></phr></stem><stem n="iftabletest/circular2"><phr n="ifTableTest/Circular2"><ent r="3" t="19" w="1714" /><ent r="3" t="19" w="1713" /></phr></stem><stem n="iftabletest/circular2,"><phr n="ifTableTest/Circular2,"><ent r="3" t="19" w="1714" /><ent r="3" t="19" w="1713" /></phr></stem><stem n="/circular2,"><phr n="/Circular2,"><ent r="3" t="19" w="1715" /></phr></stem><stem n="$circular1"><phr n="$Circular1"><ent r="3" t="19" w="1715" /></phr></stem><stem n="#8"><phr n="#8"><ent r="3" t="19" w="1720" /></phr></stem><stem n="ondemand"><phr n="ondemand"><ent r="3" t="19" w="1742" /><ent r="3" t="19" w="1759" /></phr></stem><stem n="&quot;ondemand&quot;"><phr n="&quot;ondemand&quot;"><ent r="3" t="19" w="1743" /></phr></stem><stem n="$arptabl"><phr n="$ARPTable"><ent r="3" t="19" w="1783" /></phr></stem><stem n="&quot;altern"><phr n="&quot;alternate"><ent r="3" t="19" w="1836" /></phr></stem><stem n="{arptable:view"><phr n="{ARPTable:View"><ent r="3" t="19" w="1849" /></phr></stem><stem n="&quot;/&quot;"><phr n="&quot;/&quot;"><ent r="4" t="19" w="1871" /><ent r="4" t="41" w="169" /><ent r="6" t="70" w="1992" /></phr></stem></index>