<?xml version="1.0" encoding="utf-8"?><index><stem n="determin"><phr n="determine"><ent r="4" t="3" w="453" /><ent r="4" t="3" w="507" /><ent r="4" t="4" w="309" /><ent r="4" t="4" w="486" /><ent r="5" t="5" w="463" /><ent r="4" t="15" w="434" /><ent r="4" t="19" w="1917" /><ent r="3" t="34" w="133" /><ent r="4" t="37" w="874" /><ent r="3" t="37" w="1149" /><ent r="3" t="37" w="1261" /><ent r="3" t="37" w="3579" /><ent r="3" t="42" w="120" /><ent r="4" t="47" w="458" /><ent r="3" t="59" w="328" /><ent r="3" t="59" w="353" /><ent r="3" t="66" w="24" /><ent r="6" t="68" w="391" /><ent r="7" t="68" w="593" /></phr><phr n="determining"><ent r="4" t="25" w="227" /><ent r="4" t="25" w="294" /></phr><phr n="determines"><ent r="3" t="28" w="62" /><ent r="4" t="46" w="151" /><ent r="6" t="68" w="346" /></phr><phr n="Determines"><ent r="4" t="37" w="509" /></phr></stem><stem n="languag"><phr n="language"><ent r="65" t="3" w="466" /><ent r="64" t="4" w="162" /><ent r="64" t="4" w="227" /><ent r="65" t="4" w="584" /><ent r="3" t="11" w="38" /><ent r="65" t="15" w="325" /><ent r="3" t="26" w="797" /><ent r="65" t="34" w="235" /><ent r="4" t="34" w="317" /><ent r="65" t="34" w="364" /><ent r="3" t="34" w="443" /><ent r="3" t="35" w="60" /><ent r="3" t="35" w="87" /><ent r="64" t="36" w="50" /><ent r="3" t="40" w="48" /><ent r="65" t="40" w="171" /><ent r="4" t="40" w="988" /><ent r="64" t="43" w="82" /></phr><phr n="Language"><ent r="65" t="4" w="527" /><ent r="64" t="6" w="76" /><ent r="64" t="10" w="129" /><ent r="64" t="10" w="239" /><ent r="1000" t="11" w="4" /><ent r="102" t="11" w="9" /><ent r="64" t="20" w="114" /><ent r="65" t="34" w="313" /><ent r="3" t="34" w="482" /><ent r="3" t="35" w="55" /><ent r="92" t="35" w="79" /><ent r="100" t="37" w="77" /><ent r="3" t="37" w="92" /></phr></stem><stem n="sequenc"><phr n="sequence"><ent r="4" t="3" w="471" /><ent r="4" t="4" w="532" /><ent r="3" t="19" w="344" /><ent r="3" t="19" w="552" /><ent r="4" t="34" w="281" /><ent r="3" t="35" w="24" /><ent r="65" t="37" w="451" /><ent r="65" t="37" w="468" /><ent r="4" t="37" w="995" /><ent r="4" t="37" w="1003" /><ent r="3" t="37" w="1042" /><ent r="3" t="37" w="1067" /></phr><phr n="Sequence"><ent r="3" t="37" w="933" /></phr><phr n="sequences"><ent r="4" t="37" w="996" /></phr></stem><stem n="command"><phr n="commands"><ent r="4" t="3" w="473" /><ent r="4" t="4" w="534" /><ent r="65" t="4" w="549" /><ent r="3" t="11" w="43" /><ent r="3" t="11" w="53" /><ent r="4" t="11" w="134" /><ent r="3" t="24" w="2786" /><ent r="64" t="26" w="478" /><ent r="3" t="32" w="351" /><ent r="3" t="34" w="67" /><ent r="4" t="34" w="283" /><ent r="65" t="34" w="324" /><ent r="3" t="34" w="379" /><ent r="3" t="34" w="864" /><ent r="3" t="34" w="946" /><ent r="3" t="34" w="1035" /><ent r="3" t="34" w="1088" /><ent r="3" t="35" w="26" /><ent r="64" t="35" w="67" /><ent r="4" t="35" w="331" /><ent r="4" t="35" w="338" /><ent r="4" t="35" w="349" /><ent r="3" t="35" w="476" /><ent r="3" t="35" w="626" /><ent r="3" t="35" w="989" /><ent r="3" t="35" w="1472" /><ent r="3" t="37" w="84" /><ent r="3" t="37" w="150" /><ent r="4" t="37" w="429" /><ent r="3" t="37" w="493" /><ent r="92" t="37" w="747" /><ent r="3" t="37" w="751" /><ent r="3" t="37" w="2847" /><ent r="3" t="37" w="3788" /><ent r="3" t="38" w="152" /><ent r="3" t="41" w="29" /><ent r="3" t="57" w="41" /><ent r="4" t="57" w="101" /><ent r="3" t="58" w="393" /><ent r="3" t="59" w="37" /><ent r="3" t="67" w="42" /></phr><phr n="Command"><ent r="66" t="3" w="485" /><ent r="82" t="4" w="590" /><ent r="100" t="5" w="148" /><ent r="6" t="5" w="576" /><ent r="4" t="10" w="112" /><ent r="92" t="10" w="382" /><ent r="65" t="13" w="46" /><ent r="65" t="13" w="59" /><ent r="92" t="13" w="79" /><ent r="3" t="13" w="94" /><ent r="92" t="13" w="1339" /><ent r="3" t="14" w="11" /><ent r="92" t="14" w="711" /><ent r="3" t="14" w="732" /><ent r="3" t="14" w="792" /><ent r="3" t="14" w="806" /><ent r="3" t="14" w="814" /><ent r="64" t="34" w="1098" /><ent r="100" t="35" w="146" /><ent r="65" t="35" w="150" /><ent r="92" t="35" w="318" /><ent r="100" t="35" w="1013" /><ent r="82" t="35" w="1021" /><ent r="1000" t="37" w="3" /><ent r="100" t="37" w="57" /><ent r="100" t="37" w="61" /><ent r="100" t="37" w="65" /><ent r="102" t="37" w="70" /><ent r="100" t="37" w="919" /><ent r="100" t="37" w="923" /><ent r="92" t="37" w="927" /><ent r="100" t="37" w="2255" /><ent r="1000" t="40" w="1" /><ent r="100" t="40" w="12" /><ent r="102" t="40" w="16" /><ent r="100" t="40" w="65" /><ent r="100" t="40" w="71" /><ent r="100" t="40" w="78" /><ent r="92" t="40" w="95" /><ent r="92" t="40" w="195" /><ent r="100" t="40" w="377" /><ent r="100" t="40" w="381" /><ent r="64" t="40" w="497" /><ent r="92" t="40" w="585" /><ent r="100" t="40" w="895" /><ent r="92" t="40" w="902" /><ent r="4" t="40" w="1050" /><ent r="64" t="40" w="1086" /><ent r="64" t="43" w="87" /><ent r="1000" t="45" w="1" /><ent r="102" t="45" w="6" /><ent r="100" t="45" w="76" /><ent r="3" t="45" w="84" /><ent r="3" t="45" w="114" /><ent r="3" t="46" w="221" /><ent r="3" t="46" w="332" /><ent r="3" t="48" w="10" /><ent r="1000" t="55" w="5" /><ent r="102" t="55" w="43" /><ent r="100" t="55" w="689" /><ent r="5" t="55" w="722" /><ent r="1000" t="74" w="1" /><ent r="100" t="74" w="7" /><ent r="102" t="74" w="11" /><ent r="4" t="74" w="76" /><ent r="4" t="74" w="84" /></phr><phr n="command"><ent r="4" t="3" w="500" /><ent r="3" t="4" w="595" /><ent r="4" t="4" w="610" /><ent r="4" t="4" w="614" /><ent r="4" t="4" w="624" /><ent r="8" t="5" w="151" /><ent r="6" t="5" w="219" /><ent r="8" t="5" w="225" /><ent r="4" t="5" w="838" /><ent r="6" t="5" w="940" /><ent r="6" t="5" w="1133" /><ent r="3" t="10" w="406" /><ent r="3" t="13" w="124" /><ent r="5" t="13" w="192" /><ent r="5" t="13" w="231" /><ent r="5" t="13" w="269" /><ent r="3" t="13" w="293" /><ent r="5" t="13" w="393" /><ent r="5" t="13" w="1121" /><ent r="3" t="13" w="1352" /><ent r="3" t="13" w="1365" /><ent r="4" t="13" w="1773" /><ent r="3" t="13" w="2366" /><ent r="3" t="13" w="2409" /><ent r="3" t="13" w="2414" /><ent r="3" t="14" w="727" /><ent r="3" t="14" w="829" /><ent r="3" t="14" w="1079" /><ent r="3" t="14" w="1118" /><ent r="3" t="14" w="1136" /><ent r="4" t="15" w="278" /><ent r="3" t="22" w="873" /><ent r="3" t="22" w="1171" /><ent r="3" t="32" w="310" /><ent r="3" t="32" w="334" /><ent r="3" t="32" w="370" /><ent r="3" t="32" w="421" /><ent r="3" t="32" w="425" /><ent r="3" t="32" w="574" /><ent r="3" t="32" w="578" /><ent r="4" t="34" w="188" /><ent r="3" t="34" w="486" /><ent r="64" t="34" w="623" /><ent r="3" t="35" w="323" /><ent r="4" t="35" w="363" /><ent r="3" t="35" w="401" /><ent r="3" t="35" w="411" /><ent r="4" t="35" w="841" /><ent r="4" t="35" w="1095" /><ent r="3" t="35" w="1199" /><ent r="3" t="35" w="1246" /><ent r="4" t="35" w="1325" /><ent r="3" t="35" w="1496" /><ent r="3" t="35" w="1527" /><ent r="3" t="35" w="1565" /><ent r="3" t="35" w="1577" /><ent r="64" t="35" w="1613" /><ent r="4" t="35" w="1645" /><ent r="82" t="35" w="1662" /><ent r="3" t="35" w="1673" /><ent r="3" t="35" w="1716" /><ent r="100" t="37" w="25" /><ent r="3" t="37" w="180" /><ent r="3" t="37" w="217" /><ent r="4" t="37" w="565" /><ent r="4" t="37" w="900" /><ent r="3" t="37" w="1147" /><ent r="3" t="37" w="1170" /><ent r="3" t="37" w="1211" /><ent r="3" t="37" w="1237" /><ent r="3" t="37" w="1305" /><ent r="3" t="37" w="1419" /><ent r="3" t="37" w="1441" /><ent r="3" t="37" w="1469" /><ent r="3" t="37" w="1482" /><ent r="3" t="37" w="1538" /><ent r="3" t="37" w="1638" /><ent r="3" t="37" w="1770" /><ent r="3" t="37" w="1785" /><ent r="3" t="37" w="1811" /><ent r="5" t="37" w="1826" /><ent r="5" t="37" w="1847" /><ent r="3" t="37" w="1858" /><ent r="3" t="37" w="1988" /><ent r="3" t="37" w="2026" /><ent r="3" t="37" w="2047" /><ent r="3" t="37" w="2069" /><ent r="3" t="37" w="2076" /><ent r="3" t="37" w="2099" /><ent r="3" t="37" w="2114" /><ent r="3" t="37" w="2143" /><ent r="3" t="37" w="2160" /><ent r="4" t="37" w="2242" /><ent r="3" t="37" w="2355" /><ent r="3" t="37" w="2516" /><ent r="3" t="37" w="2533" /><ent r="3" t="37" w="2668" /><ent r="3" t="37" w="2766" /><ent r="3" t="37" w="2828" /><ent r="4" t="37" w="2861" /><ent r="4" t="37" w="2868" /><ent r="4" t="37" w="2874" /><ent r="3" t="37" w="2904" /><ent r="3" t="37" w="2930" /><ent r="3" t="37" w="3022" /><ent r="3" t="37" w="3096" /><ent r="3" t="37" w="3166" /><ent r="3" t="37" w="3187" /><ent r="3" t="37" w="3239" /><ent r="3" t="37" w="3272" /><ent r="3" t="37" w="3283" /><ent r="3" t="37" w="3344" /><ent r="3" t="37" w="3365" /><ent r="3" t="37" w="3378" /><ent r="3" t="37" w="3438" /><ent r="3" t="37" w="3445" /><ent r="3" t="37" w="3455" /><ent r="3" t="37" w="3569" /><ent r="3" t="37" w="3589" /><ent r="3" t="37" w="3611" /><ent r="3" t="37" w="3627" /><ent r="4" t="37" w="3654" /><ent r="4" t="37" w="3663" /><ent r="3" t="37" w="3687" /><ent r="3" t="37" w="3731" /><ent r="3" t="37" w="3808" /><ent r="3" t="37" w="3861" /><ent r="3" t="37" w="4030" /><ent r="3" t="37" w="4040" /><ent r="3" t="37" w="4081" /><ent r="3" t="37" w="4096" /><ent r="3" t="37" w="4123" /><ent r="3" t="37" w="4146" /><ent r="3" t="37" w="4292" /><ent r="3" t="37" w="4353" /><ent r="3" t="37" w="4356" /><ent r="3" t="37" w="4415" /><ent r="3" t="37" w="4432" /><ent r="3" t="37" w="4437" /><ent r="3" t="37" w="4478" /><ent r="3" t="37" w="4488" /><ent r="3" t="37" w="4514" /><ent r="3" t="37" w="4532" /><ent r="3" t="37" w="4547" /><ent r="3" t="37" w="4590" /><ent r="3" t="38" w="289" /><ent r="3" t="39" w="241" /><ent r="3" t="39" w="252" /><ent r="4" t="40" w="32" /><ent r="3" t="40" w="100" /><ent r="4" t="40" w="124" /><ent r="3" t="40" w="200" /><ent r="4" t="40" w="214" /><ent r="4" t="40" w="223" /><ent r="4" t="40" w="231" /><ent r="4" t="40" w="253" /><ent r="3" t="40" w="387" /><ent r="3" t="40" w="448" /><ent r="3" t="40" w="537" /><ent r="3" t="40" w="594" /><ent r="3" t="40" w="604" /><ent r="3" t="40" w="640" /><ent r="4" t="40" w="928" /><ent r="4" t="40" w="975" /><ent r="92" t="40" w="1104" /><ent r="3" t="40" w="1112" /><ent r="3" t="40" w="1133" /><ent r="3" t="40" w="1208" /><ent r="3" t="40" w="1230" /><ent r="4" t="41" w="47" /><ent r="4" t="41" w="57" /><ent r="4" t="41" w="70" /><ent r="4" t="41" w="83" /><ent r="4" t="41" w="201" /><ent r="4" t="41" w="344" /><ent r="5" t="41" w="371" /><ent r="3" t="41" w="445" /><ent r="3" t="41" w="467" /><ent r="3" t="41" w="532" /><ent r="3" t="42" w="34" /><ent r="3" t="42" w="132" /><ent r="3" t="44" w="19" /><ent r="3" t="44" w="31" /><ent r="3" t="44" w="205" /><ent r="3" t="44" w="524" /><ent r="3" t="44" w="531" /><ent r="3" t="44" w="570" /><ent r="3" t="44" w="575" /><ent r="3" t="44" w="789" /><ent r="3" t="44" w="796" /><ent r="3" t="44" w="826" /><ent r="3" t="44" w="833" /><ent r="3" t="45" w="19" /><ent r="3" t="45" w="148" /><ent r="3" t="45" w="162" /><ent r="3" t="45" w="179" /><ent r="3" t="45" w="199" /><ent r="3" t="45" w="217" /><ent r="3" t="46" w="24" /><ent r="3" t="46" w="29" /><ent r="3" t="46" w="338" /><ent r="3" t="46" w="386" /><ent r="3" t="46" w="411" /><ent r="3" t="46" w="416" /><ent r="3" t="47" w="16" /><ent r="3" t="47" w="110" /><ent r="4" t="47" w="344" /><ent r="3" t="48" w="115" /><ent r="3" t="48" w="217" /><ent r="3" t="48" w="251" /><ent r="3" t="48" w="267" /><ent r="3" t="49" w="19" /><ent r="3" t="49" w="610" /><ent r="3" t="49" w="650" /><ent r="3" t="49" w="667" /><ent r="4" t="50" w="75" /><ent r="3" t="55" w="50" /><ent r="3" t="55" w="83" /><ent r="3" t="55" w="351" /><ent r="92" t="55" w="681" /><ent r="3" t="55" w="697" /><ent r="3" t="55" w="701" /><ent r="3" t="55" w="713" /><ent r="4" t="55" w="726" /><ent r="4" t="55" w="738" /><ent r="92" t="55" w="1138" /><ent r="3" t="55" w="1154" /><ent r="3" t="55" w="1158" /><ent r="72" t="55" w="1263" /><ent r="3" t="55" w="1292" /><ent r="3" t="56" w="99" /><ent r="3" t="56" w="166" /><ent r="3" t="56" w="277" /><ent r="3" t="56" w="328" /><ent r="3" t="56" w="523" /><ent r="3" t="58" w="394" /><ent r="3" t="58" w="471" /><ent r="3" t="59" w="377" /><ent r="3" t="59" w="389" /><ent r="3" t="60" w="131" /><ent r="3" t="60" w="166" /><ent r="3" t="61" w="12" /><ent r="3" t="61" w="905" /><ent r="3" t="68" w="14" /><ent r="3" t="74" w="33" /><ent r="3" t="74" w="66" /></phr><phr n="Commands"><ent r="100" t="11" w="12" /><ent r="100" t="37" w="127" /><ent r="92" t="37" w="132" /><ent r="92" t="37" w="485" /><ent r="92" t="37" w="835" /><ent r="100" t="38" w="143" /><ent r="92" t="38" w="147" /><ent r="4" t="65" w="183" /><ent r="4" t="66" w="73" /></phr></stem><stem n="branch"><phr n="branching"><ent r="4" t="3" w="474" /><ent r="3" t="34" w="938" /></phr><phr n="branch"><ent r="3" t="34" w="858" /><ent r="3" t="34" w="1015" /><ent r="3" t="37" w="2116" /><ent r="3" t="37" w="2670" /><ent r="3" t="37" w="4273" /></phr><phr n="Branch"><ent r="3" t="34" w="886" /><ent r="3" t="34" w="923" /><ent r="3" t="34" w="929" /><ent r="100" t="37" w="7" /><ent r="100" t="37" w="27" /><ent r="100" t="37" w="46" /><ent r="100" t="37" w="51" /></phr><phr n="branches"><ent r="3" t="34" w="897" /><ent r="3" t="35" w="1518" /><ent r="3" t="35" w="1581" /><ent r="4" t="37" w="606" /><ent r="4" t="37" w="650" /><ent r="4" t="37" w="689" /><ent r="4" t="37" w="2695" /><ent r="3" t="37" w="2773" /><ent r="3" t="37" w="2794" /><ent r="3" t="37" w="3029" /><ent r="4" t="37" w="3050" /><ent r="3" t="37" w="3800" /><ent r="3" t="37" w="4255" /></phr><phr n="Branches"><ent r="4" t="37" w="575" /></phr></stem><stem n="command-lin"><phr n="Command-line"><ent r="66" t="3" w="485" /><ent r="82" t="4" w="590" /><ent r="100" t="5" w="148" /><ent r="6" t="5" w="576" /><ent r="4" t="10" w="112" /><ent r="65" t="13" w="46" /><ent r="3" t="13" w="94" /><ent r="92" t="13" w="1339" /><ent r="3" t="14" w="11" /><ent r="3" t="14" w="732" /><ent r="100" t="40" w="65" /><ent r="100" t="40" w="71" /><ent r="100" t="40" w="78" /><ent r="92" t="40" w="195" /><ent r="100" t="40" w="377" /><ent r="100" t="40" w="381" /><ent r="100" t="40" w="895" /><ent r="92" t="40" w="902" /><ent r="4" t="40" w="1050" /><ent r="1000" t="74" w="1" /><ent r="102" t="74" w="11" /><ent r="4" t="74" w="76" /><ent r="4" t="74" w="84" /></phr><phr n="command-line"><ent r="3" t="4" w="595" /><ent r="4" t="4" w="610" /><ent r="8" t="5" w="151" /><ent r="6" t="5" w="219" /><ent r="8" t="5" w="225" /><ent r="6" t="5" w="1133" /><ent r="3" t="10" w="406" /><ent r="5" t="13" w="192" /><ent r="5" t="13" w="231" /><ent r="5" t="13" w="269" /><ent r="5" t="13" w="393" /><ent r="3" t="13" w="1365" /><ent r="4" t="13" w="1773" /><ent r="3" t="13" w="2366" /><ent r="3" t="13" w="2414" /><ent r="3" t="14" w="727" /><ent r="3" t="14" w="829" /><ent r="4" t="15" w="278" /><ent r="4" t="34" w="188" /><ent r="3" t="37" w="1811" /><ent r="4" t="40" w="32" /><ent r="3" t="40" w="100" /><ent r="4" t="40" w="124" /><ent r="3" t="40" w="200" /><ent r="4" t="40" w="214" /><ent r="3" t="40" w="387" /><ent r="3" t="40" w="448" /><ent r="3" t="40" w="537" /><ent r="4" t="40" w="928" /><ent r="92" t="40" w="1104" /><ent r="3" t="44" w="19" /><ent r="3" t="44" w="31" /><ent r="3" t="44" w="205" /><ent r="3" t="45" w="19" /><ent r="3" t="45" w="162" /><ent r="3" t="46" w="24" /><ent r="3" t="46" w="29" /><ent r="3" t="47" w="16" /><ent r="3" t="49" w="19" /><ent r="3" t="58" w="394" /><ent r="3" t="74" w="66" /></phr><phr n="Command-Line"><ent r="92" t="10" w="382" /><ent r="92" t="40" w="95" /><ent r="3" t="46" w="332" /></phr></stem><stem n="invok"><phr n="invoke"><ent r="4" t="3" w="491" /><ent r="100" t="5" w="619" /><ent r="6" t="5" w="625" /><ent r="6" t="5" w="631" /><ent r="3" t="40" w="285" /><ent r="3" t="40" w="634" /><ent r="3" t="47" w="126" /><ent r="4" t="49" w="223" /></phr><phr n="invoked"><ent r="5" t="13" w="1179" /><ent r="3" t="15" w="96" /><ent r="3" t="46" w="103" /><ent r="3" t="47" w="618" /><ent r="3" t="61" w="62" /></phr><phr n="invokes"><ent r="3" t="40" w="592" /><ent r="3" t="48" w="74" /></phr><phr n="Invoking"><ent r="100" t="55" w="33" /><ent r="92" t="55" w="678" /><ent r="100" t="55" w="684" /><ent r="100" t="55" w="686" /></phr></stem><stem n="(a"><phr n="(as"><ent r="4" t="3" w="496" /><ent r="3" t="35" w="255" /><ent r="3" t="37" w="3337" /><ent r="6" t="68" w="362" /></phr></stem><stem n="&quot;from"><phr n="&quot;from"><ent r="4" t="3" w="498" /><ent r="3" t="14" w="558" /></phr></stem><stem n="&quot;),"><phr n="&quot;),"><ent r="4" t="3" w="502" /></phr></stem><stem n="big"><phr n="Big"><ent r="5" t="3" w="513" /><ent r="4" t="3" w="517" /><ent r="4" t="3" w="531" /><ent r="100" t="11" w="359" /><ent r="7" t="11" w="388" /><ent r="8" t="11" w="393" /><ent r="100" t="24" w="2597" /><ent r="3" t="32" w="496" /><ent r="3" t="32" w="657" /><ent r="3" t="32" w="780" /><ent r="3" t="32" w="890" /><ent r="3" t="32" w="1072" /></phr><phr n="big"><ent r="4" t="24" w="2482" /><ent r="6" t="24" w="2600" /></phr></stem><stem n="brother"><phr n="Brother"><ent r="5" t="3" w="514" /><ent r="4" t="3" w="532" /></phr></stem><stem n="brother™"><phr n="Brother™"><ent r="4" t="3" w="518" /></phr></stem><stem n="-sourc"><phr n="-source"><ent r="4" t="3" w="521" /><ent r="4" t="3" w="521" /></phr></stem><stem n="open-sourc"><phr n="open-source"><ent r="4" t="3" w="521" /></phr></stem><stem n="listen"><phr n="listens"><ent r="4" t="3" w="527" /><ent r="3" t="32" w="160" /></phr></stem><stem n="report"><phr n="reports"><ent r="4" t="3" w="529" /><ent r="3" t="37" w="4581" /><ent r="3" t="62" w="71" /></phr><phr n="report"><ent r="4" t="8" w="118" /><ent r="4" t="8" w="680" /><ent r="5" t="21" w="177" /><ent r="6" t="70" w="302" /></phr><phr n="reported"><ent r="3" t="26" w="163" /><ent r="3" t="26" w="418" /><ent r="3" t="39" w="344" /></phr><phr n="Reports"><ent r="1000" t="62" w="6" /><ent r="102" t="62" w="14" /><ent r="3" t="62" w="18" /><ent r="3" t="62" w="43" /><ent r="3" t="62" w="61" /><ent r="3" t="62" w="74" /></phr><phr n="reporting"><ent r="3" t="71" w="165" /></phr></stem><stem n="client"><phr n="clients"><ent r="4" t="3" w="533" /><ent r="3" t="71" w="179" /></phr><phr n="client"><ent r="6" t="70" w="820" /><ent r="6" t="70" w="1265" /><ent r="6" t="70" w="1320" /><ent r="6" t="70" w="1663" /><ent r="6" t="70" w="1694" /><ent r="5" t="70" w="1740" /></phr></stem><stem n="fairli"><phr n="fairly"><ent r="3" t="3" w="544" /></phr></stem><stem n="straightforward"><phr n="straightforward"><ent r="3" t="3" w="545" /><ent r="3" t="10" w="220" /><ent r="3" t="20" w="95" /><ent r="4" t="49" w="391" /><ent r="3" t="57" w="46" /></phr></stem><stem n="exist"><phr n="existing"><ent r="3" t="3" w="549" /><ent r="3" t="13" w="594" /><ent r="3" t="19" w="1001" /><ent r="4" t="21" w="258" /><ent r="4" t="22" w="744" /><ent r="3" t="64" w="198" /></phr><phr n="exists"><ent r="3" t="13" w="2406" /><ent r="4" t="29" w="134" /><ent r="3" t="44" w="159" /><ent r="3" t="61" w="810" /><ent r="3" t="66" w="416" /></phr><phr n="existent"><ent r="3" t="35" w="1495" /><ent r="3" t="54" w="538" /></phr><phr n="exist"><ent r="3" t="44" w="296" /><ent r="3" t="56" w="146" /><ent r="3" t="61" w="608" /><ent r="6" t="68" w="721" /><ent r="6" t="70" w="2084" /></phr><phr n="Exists"><ent r="3" t="61" w="912" /><ent r="3" t="61" w="941" /><ent r="3" t="61" w="959" /><ent r="3" t="61" w="974" /></phr><phr n="Existing"><ent r="3" t="64" w="113" /></phr></stem><stem n="produc"><phr n="produce"><ent r="3" t="3" w="552" /><ent r="4" t="15" w="244" /><ent r="3" t="35" w="1399" /><ent r="3" t="47" w="684" /></phr><phr n="produces"><ent r="3" t="58" w="193" /></phr><phr n="produced"><ent r="6" t="70" w="744" /></phr></stem><stem n="might"><phr n="might"><ent r="3" t="3" w="563" /><ent r="3" t="4" w="55" /><ent r="6" t="5" w="678" /><ent r="3" t="13" w="2530" /><ent r="3" t="15" w="69" /><ent r="3" t="19" w="112" /><ent r="3" t="26" w="670" /><ent r="3" t="26" w="713" /><ent r="3" t="26" w="847" /><ent r="3" t="29" w="638" /><ent r="4" t="41" w="195" /><ent r="3" t="46" w="204" /><ent r="3" t="54" w="209" /><ent r="3" t="58" w="221" /><ent r="3" t="58" w="400" /></phr></stem><stem n="consid"><phr n="consider"><ent r="3" t="3" w="567" /></phr><phr n="considered"><ent r="3" t="26" w="154" /><ent r="4" t="26" w="555" /><ent r="3" t="26" w="789" /></phr></stem><stem n="share"><phr n="Sharing"><ent r="64" t="3" w="574" /><ent r="1000" t="52" w="1" /><ent r="102" t="52" w="4" /><ent r="92" t="52" w="49" /></phr><phr n="share"><ent r="4" t="5" w="1313" /><ent r="3" t="19" w="1035" /><ent r="3" t="62" w="128" /><ent r="4" t="78" w="125" /></phr><phr n="sharing"><ent r="3" t="40" w="112" /></phr></stem><stem n="format"><phr n="Format"><ent r="100" t="4" w="17" /><ent r="3" t="4" w="153" /><ent r="4" t="4" w="574" /><ent r="100" t="15" w="28" /><ent r="4" t="15" w="316" /><ent r="6" t="16" w="566" /><ent r="7" t="16" w="896" /><ent r="64" t="21" w="916" /><ent r="1000" t="22" w="4" /><ent r="102" t="22" w="9" /><ent r="4" t="24" w="770" /><ent r="3" t="24" w="1178" /><ent r="3" t="24" w="1628" /><ent r="6" t="24" w="2524" /><ent r="4" t="31" w="62" /><ent r="4" t="31" w="95" /><ent r="4" t="34" w="226" /><ent r="4" t="34" w="354" /><ent r="100" t="35" w="147" /><ent r="65" t="35" w="151" /><ent r="100" t="35" w="157" /><ent r="100" t="35" w="163" /><ent r="65" t="35" w="167" /><ent r="100" t="35" w="177" /><ent r="65" t="35" w="183" /><ent r="92" t="35" w="319" /><ent r="92" t="35" w="473" /><ent r="92" t="35" w="986" /><ent r="3" t="36" w="40" /><ent r="4" t="40" w="162" /><ent r="100" t="72" w="16" /><ent r="3" t="72" w="95" /></phr><phr n="format"><ent r="3" t="4" w="215" /><ent r="3" t="4" w="703" /><ent r="3" t="4" w="708" /><ent r="5" t="5" w="472" /><ent r="3" t="7" w="78" /><ent r="3" t="10" w="436" /><ent r="5" t="11" w="301" /><ent r="5" t="13" w="349" /><ent r="5" t="13" w="1064" /><ent r="3" t="13" w="1513" /><ent r="3" t="14" w="469" /><ent r="3" t="15" w="265" /><ent r="4" t="16" w="1270" /><ent r="4" t="16" w="1413" /><ent r="4" t="19" w="824" /><ent r="3" t="22" w="30" /><ent r="3" t="23" w="26" /><ent r="3" t="23" w="93" /><ent r="4" t="24" w="767" /><ent r="4" t="24" w="774" /><ent r="4" t="24" w="794" /><ent r="4" t="24" w="824" /><ent r="3" t="24" w="1173" /><ent r="3" t="24" w="1184" /><ent r="3" t="24" w="1191" /><ent r="3" t="24" w="1312" /><ent r="3" t="24" w="1437" /><ent r="3" t="24" w="1506" /><ent r="3" t="24" w="1526" /><ent r="3" t="24" w="1533" /><ent r="3" t="24" w="1578" /><ent r="3" t="24" w="1625" /><ent r="3" t="24" w="1632" /><ent r="3" t="24" w="1665" /><ent r="3" t="24" w="1848" /><ent r="3" t="24" w="1909" /><ent r="3" t="24" w="1927" /><ent r="4" t="24" w="2357" /><ent r="3" t="24" w="2380" /><ent r="4" t="24" w="2488" /><ent r="3" t="24" w="2703" /><ent r="3" t="24" w="2707" /><ent r="3" t="26" w="960" /><ent r="3" t="26" w="985" /><ent r="3" t="26" w="1003" /><ent r="3" t="27" w="359" /><ent r="3" t="29" w="546" /><ent r="3" t="29" w="747" /><ent r="3" t="29" w="762" /><ent r="3" t="30" w="28" /><ent r="3" t="31" w="38" /><ent r="4" t="31" w="252" /><ent r="4" t="31" w="269" /><ent r="3" t="31" w="322" /><ent r="3" t="33" w="139" /><ent r="3" t="33" w="197" /><ent r="3" t="34" w="175" /><ent r="3" t="35" w="404" /><ent r="4" t="35" w="1656" /><ent r="82" t="35" w="1722" /><ent r="4" t="37" w="460" /><ent r="4" t="37" w="464" /><ent r="4" t="37" w="475" /><ent r="3" t="37" w="942" /><ent r="3" t="37" w="946" /><ent r="3" t="37" w="974" /><ent r="3" t="37" w="1036" /><ent r="3" t="37" w="1074" /><ent r="3" t="37" w="1097" /><ent r="3" t="38" w="239" /><ent r="3" t="40" w="107" /><ent r="3" t="43" w="70" /><ent r="4" t="47" w="488" /><ent r="4" t="47" w="532" /><ent r="3" t="54" w="324" /><ent r="3" t="54" w="481" /><ent r="4" t="55" w="254" /><ent r="3" t="55" w="447" /><ent r="3" t="59" w="109" /><ent r="3" t="59" w="116" /><ent r="4" t="59" w="147" /><ent r="3" t="59" w="204" /><ent r="3" t="60" w="27" /><ent r="4" t="65" w="175" /><ent r="6" t="68" w="610" /><ent r="3" t="70" w="18" /><ent r="67" t="70" w="1028" /><ent r="6" t="70" w="1317" /><ent r="6" t="70" w="2102" /><ent r="4" t="77" w="187" /></phr><phr n="formatted"><ent r="3" t="6" w="69" /><ent r="3" t="10" w="122" /><ent r="4" t="13" w="1596" /><ent r="3" t="13" w="2371" /><ent r="3" t="13" w="2494" /><ent r="4" t="24" w="764" /><ent r="4" t="24" w="789" /><ent r="3" t="24" w="1170" /><ent r="3" t="24" w="1620" /><ent r="4" t="24" w="1697" /><ent r="3" t="45" w="135" /><ent r="4" t="47" w="823" /><ent r="3" t="65" w="112" /><ent r="4" t="66" w="146" /><ent r="3" t="68" w="27" /><ent r="3" t="68" w="54" /></phr><phr n="formatting"><ent r="3" t="10" w="267" /><ent r="3" t="11" w="42" /><ent r="4" t="13" w="1576" /><ent r="4" t="13" w="1598" /><ent r="4" t="13" w="1646" /><ent r="3" t="13" w="1864" /><ent r="3" t="20" w="142" /><ent r="4" t="65" w="189" /><ent r="3" t="67" w="32" /><ent r="3" t="75" w="17" /></phr><phr n="formats"><ent r="3" t="13" w="1369" /><ent r="4" t="16" w="1078" /><ent r="3" t="24" w="2501" /><ent r="3" t="24" w="2509" /><ent r="3" t="24" w="2517" /><ent r="3" t="29" w="777" /><ent r="4" t="34" w="338" /><ent r="3" t="36" w="24" /><ent r="4" t="57" w="90" /><ent r="3" t="59" w="121" /></phr><phr n="Formats"><ent r="4" t="24" w="1197" /><ent r="4" t="24" w="1205" /><ent r="4" t="24" w="1213" /><ent r="4" t="24" w="1221" /><ent r="4" t="24" w="1231" /><ent r="4" t="24" w="1241" /><ent r="4" t="24" w="1250" /><ent r="4" t="24" w="1260" /><ent r="4" t="24" w="1272" /><ent r="4" t="24" w="1282" /><ent r="4" t="24" w="1292" /></phr><phr n="Formatting"><ent r="72" t="24" w="1321" /><ent r="72" t="24" w="1434" /><ent r="72" t="24" w="1501" /><ent r="72" t="24" w="1574" /></phr></stem><stem n="describ"><phr n="described"><ent r="3" t="4" w="35" /><ent r="3" t="10" w="451" /><ent r="3" t="13" w="617" /><ent r="4" t="16" w="1034" /><ent r="3" t="19" w="924" /><ent r="3" t="21" w="761" /><ent r="4" t="22" w="442" /><ent r="3" t="22" w="882" /><ent r="3" t="34" w="874" /><ent r="3" t="34" w="1084" /><ent r="3" t="34" w="1090" /><ent r="3" t="35" w="56" /><ent r="3" t="38" w="257" /><ent r="3" t="40" w="1195" /><ent r="3" t="47" w="428" /><ent r="4" t="47" w="444" /><ent r="4" t="47" w="516" /><ent r="4" t="47" w="564" /><ent r="4" t="50" w="254" /><ent r="3" t="55" w="89" /><ent r="3" t="57" w="162" /><ent r="3" t="58" w="352" /><ent r="3" t="64" w="179" /><ent r="3" t="64" w="230" /><ent r="3" t="71" w="51" /><ent r="4" t="77" w="95" /></phr><phr n="Describes"><ent r="6" t="5" w="107" /></phr><phr n="describes"><ent r="4" t="8" w="734" /><ent r="4" t="22" w="229" /><ent r="3" t="26" w="484" /><ent r="3" t="29" w="543" /><ent r="3" t="34" w="398" /></phr><phr n="describe"><ent r="3" t="10" w="172" /><ent r="3" t="10" w="342" /><ent r="3" t="10" w="399" /><ent r="3" t="20" w="47" /><ent r="3" t="24" w="3043" /><ent r="3" t="27" w="292" /><ent r="4" t="66" w="75" /><ent r="65" t="70" w="84" /><ent r="93" t="70" w="649" /></phr><phr n="Describe"><ent r="3" t="14" w="220" /></phr><phr n="describing"><ent r="3" t="19" w="754" /></phr></stem></index>