<?xml version="1.0" encoding="utf-8"?><index><stem n="typo"><phr n="typo"><ent r="3" t="16" w="2106" /><ent r="4" t="54" w="83" /></phr></stem><stem n="altern"><phr n="Alternatives"><ent r="92" t="16" w="2114" /></phr><phr n="alternate"><ent r="3" t="19" w="1836" /><ent r="6" t="68" w="238" /><ent r="6" t="68" w="329" /><ent r="6" t="68" w="630" /></phr><phr n="Alternate"><ent r="3" t="35" w="977" /></phr></stem><stem n="xxxx"><phr n="xxxx"><ent r="3" t="16" w="2157" /><ent r="3" t="16" w="2168" /><ent r="4" t="77" w="133" /><ent r="5" t="77" w="144" /><ent r="5" t="77" w="171" /></phr></stem><stem n="yyyi"><phr n="yyyy"><ent r="3" t="16" w="2158" /><ent r="3" t="16" w="2174" /><ent r="3" t="16" w="2190" /><ent r="4" t="77" w="134" /><ent r="5" t="77" w="149" /><ent r="5" t="77" w="165" /></phr></stem><stem n="zzzz"><phr n="zzzz"><ent r="3" t="16" w="2159" /><ent r="3" t="16" w="2179" /><ent r="3" t="16" w="2191" /><ent r="4" t="77" w="135" /><ent r="5" t="77" w="152" /><ent r="5" t="77" w="166" /></phr></stem><stem n="xxxxstr"><phr n="xxxxStr"><ent r="3" t="16" w="2187" /><ent r="5" t="77" w="162" /></phr></stem><stem n="($xxxx"><phr n="($xxxx"><ent r="3" t="16" w="2188" /><ent r="5" t="77" w="163" /></phr></stem><stem n="$xxxx"><phr n="$xxxx"><ent r="3" t="16" w="2188" /><ent r="3" t="16" w="2196" /><ent r="5" t="77" w="163" /></phr></stem><stem n="&quot;yyyy&quot;"><phr n="&quot;yyyy&quot;"><ent r="3" t="16" w="2191" /><ent r="5" t="77" w="166" /></phr></stem><stem n="&quot;zzzz&quot;),"><phr n="&quot;zzzz&quot;),"><ent r="3" t="16" w="2192" /><ent r="5" t="77" w="167" /></phr></stem><stem n="&quot;replac"><phr n="&quot;replacement"><ent r="3" t="16" w="2193" /><ent r="3" t="16" w="2288" /><ent r="5" t="77" w="168" /><ent r="5" t="77" w="269" /></phr></stem><stem n="chain"><phr n="Chain"><ent r="3" t="16" w="2205" /></phr><phr n="chain"><ent r="4" t="77" w="182" /></phr></stem><stem n="aaaa"><phr n="aaaa"><ent r="3" t="16" w="2209" /><ent r="3" t="16" w="2223" /><ent r="3" t="16" w="2249" /><ent r="3" t="16" w="2291" /><ent r="5" t="77" w="189" /><ent r="5" t="77" w="204" /><ent r="4" t="77" w="231" /><ent r="5" t="77" w="272" /></phr></stem><stem n="bbbb"><phr n="bbbb"><ent r="3" t="16" w="2210" /><ent r="3" t="16" w="2228" /><ent r="3" t="16" w="2279" /><ent r="5" t="77" w="190" /><ent r="5" t="77" w="209" /><ent r="5" t="77" w="260" /></phr></stem><stem n="cccc"><phr n="cccc"><ent r="3" t="16" w="2211" /><ent r="3" t="16" w="2231" /><ent r="3" t="16" w="2250" /><ent r="5" t="77" w="191" /><ent r="5" t="77" w="212" /><ent r="4" t="77" w="232" /></phr></stem><stem n="dddd"><phr n="dddd"><ent r="3" t="16" w="2212" /><ent r="3" t="16" w="2235" /><ent r="3" t="16" w="2282" /><ent r="5" t="77" w="192" /><ent r="5" t="77" w="216" /><ent r="5" t="77" w="263" /></phr></stem><stem n="eeee"><phr n="eeee"><ent r="3" t="16" w="2213" /><ent r="3" t="16" w="2238" /><ent r="3" t="16" w="2252" /><ent r="5" t="77" w="193" /><ent r="5" t="77" w="219" /><ent r="4" t="77" w="234" /></phr></stem><stem n="ffff"><phr n="ffff"><ent r="3" t="16" w="2214" /><ent r="3" t="16" w="2242" /><ent r="3" t="16" w="2285" /><ent r="5" t="77" w="194" /><ent r="5" t="77" w="223" /><ent r="5" t="77" w="266" /></phr></stem><stem n="gggg"><phr n="gggg"><ent r="3" t="16" w="2215" /><ent r="3" t="16" w="2246" /><ent r="3" t="16" w="2286" /><ent r="5" t="77" w="195" /><ent r="5" t="77" w="227" /><ent r="5" t="77" w="267" /></phr></stem><stem n="aaaastr"><phr n="aaaaStr"><ent r="3" t="16" w="2276" /><ent r="5" t="77" w="257" /></phr></stem><stem n="$aaaa"><phr n="$aaaa"><ent r="3" t="16" w="2277" /><ent r="3" t="16" w="2280" /><ent r="3" t="16" w="2283" /><ent r="5" t="77" w="258" /><ent r="5" t="77" w="261" /><ent r="5" t="77" w="264" /></phr></stem><stem n="($aaaa==0"><phr n="($aaaa==0"><ent r="3" t="16" w="2278" /><ent r="5" t="77" w="259" /></phr></stem><stem n="&quot;bbbb&quot;"><phr n="&quot;bbbb&quot;"><ent r="3" t="16" w="2280" /><ent r="5" t="77" w="261" /></phr></stem><stem n="==1"><phr n="==1"><ent r="3" t="16" w="2281" /><ent r="5" t="77" w="262" /></phr></stem><stem n="&quot;dddd&quot;"><phr n="&quot;dddd&quot;"><ent r="3" t="16" w="2283" /><ent r="5" t="77" w="264" /></phr></stem><stem n="==2"><phr n="==2"><ent r="3" t="16" w="2284" /><ent r="5" t="77" w="265" /></phr></stem><stem n="&quot;ffff&quot;"><phr n="&quot;ffff&quot;"><ent r="3" t="16" w="2286" /><ent r="5" t="77" w="267" /></phr></stem><stem n="&quot;gggg&quot;),"><phr n="&quot;gggg&quot;),"><ent r="3" t="16" w="2287" /><ent r="5" t="77" w="268" /></phr></stem><stem n=":comparison"><phr n=":Comparisons"><ent r="100" t="17" w="23" /></phr></stem><stem n="constant"><phr n="constant"><ent r="3" t="17" w="84" /><ent r="3" t="19" w="1546" /><ent r="3" t="44" w="585" /></phr></stem><stem n="exce"><phr n="exceeds"><ent r="3" t="17" w="101" /><ent r="3" t="37" w="3160" /></phr></stem><stem n="(thei"><phr n="(they"><ent r="3" t="17" w="114" /></phr></stem><stem n="-sensitive),"><phr n="-sensitive),"><ent r="3" t="17" w="118" /><ent r="3" t="17" w="118" /></phr></stem><stem n="order"><phr n="order"><ent r="3" t="17" w="124" /><ent r="4" t="17" w="229" /><ent r="4" t="21" w="565" /><ent r="3" t="21" w="820" /><ent r="4" t="24" w="2477" /><ent r="3" t="37" w="496" /><ent r="4" t="55" w="1236" /><ent r="3" t="56" w="611" /><ent r="7" t="70" w="341" /></phr><phr n="ORDER"><ent r="3" t="64" w="412" /><ent r="3" t="64" w="496" /></phr></stem><stem n="-device-threshold&gt;"><phr n="-device-threshold&gt;"><ent r="83" t="17" w="138" /><ent r="83" t="17" w="139" /></phr></stem><stem n="&lt;snmp-device-threshold&gt;"><phr n="&lt;snmp-device-threshold&gt;"><ent r="83" t="17" w="138" /></phr></stem><stem n="device-threshold&gt;"><phr n="device-threshold&gt;"><ent r="83" t="17" w="139" /><ent r="3" t="17" w="210" /></phr></stem><stem n="threshold&gt;"><phr n="threshold&gt;"><ent r="83" t="17" w="140" /><ent r="3" t="17" w="211" /></phr></stem><stem n="ipforward"><phr n="IpForwarded"><ent r="100" t="17" w="148" /></phr><phr n="ipForwarded"><ent r="3" t="17" w="169" /></phr></stem><stem n="{ifoperstatus}"><phr n="{ifOperStatus}"><ent r="3" t="17" w="154" /></phr></stem><stem n="&quot;devic"><phr n="&quot;Device"><ent r="3" t="17" w="155" /><ent r="3" t="29" w="983" /><ent r="3" t="29" w="992" /><ent r="3" t="29" w="1000" /><ent r="3" t="29" w="1090" /><ent r="3" t="29" w="1099" /><ent r="3" t="29" w="1107" /></phr></stem><stem n="&quot;ipinhdrerror"><phr n="&quot;ipInHdrErrors"><ent r="3" t="17" w="162" /><ent r="3" t="17" w="183" /></phr></stem><stem n="&quot;ipforward"><phr n="&quot;ipForwarded"><ent r="3" t="17" w="169" /></phr></stem><stem n="&quot;everyth"><phr n="&quot;Everything"><ent r="3" t="17" w="205" /></phr></stem><stem n="everyth"><phr n="Everything"><ent r="3" t="17" w="205" /></phr><phr n="everything"><ent r="4" t="24" w="2260" /><ent r="3" t="45" w="64" /><ent r="4" t="67" w="201" /></phr></stem><stem n="ok"><phr n="OK"><ent r="3" t="17" w="207" /><ent r="4" t="17" w="260" /><ent r="3" t="21" w="320" /><ent r="3" t="33" w="229" /><ent r="100" t="35" w="289" /><ent r="4" t="35" w="298" /><ent r="100" t="39" w="314" /><ent r="100" t="39" w="317" /><ent r="3" t="39" w="320" /><ent r="3" t="39" w="350" /><ent r="3" t="39" w="435" /><ent r="3" t="39" w="492" /><ent r="3" t="46" w="368" /><ent r="6" t="47" w="465" /><ent r="3" t="47" w="636" /><ent r="6" t="50" w="211" /></phr><phr n="ok"><ent r="3" t="39" w="332" /></phr></stem><stem n="/snmp-device-threshold&gt;"><phr n="/snmp-device-threshold&gt;"><ent r="3" t="17" w="209" /></phr></stem><stem n="snmp-device-threshold&gt;"><phr n="snmp-device-threshold&gt;"><ent r="3" t="17" w="209" /></phr></stem><stem n=":creat"><phr n=":Creating"><ent r="100" t="17" w="216" /><ent r="100" t="47" w="370" /></phr></stem><stem n="bottom"><phr n="bottom"><ent r="4" t="17" w="233" /><ent r="3" t="17" w="316" /><ent r="93" t="54" w="197" /></phr></stem><stem n="(result"><phr n="(result"><ent r="3" t="17" w="240" /></phr></stem><stem n="put"><phr n="put"><ent r="4" t="17" w="250" /><ent r="4" t="18" w="159" /><ent r="4" t="25" w="192" /></phr><phr n="puts"><ent r="3" t="47" w="163" /></phr></stem><stem n="sever"><phr n="severe"><ent r="3" t="17" w="272" /></phr><phr n="severities"><ent r="3" t="21" w="152" /></phr><phr n="severity"><ent r="3" t="21" w="154" /><ent r="3" t="21" w="237" /><ent r="3" t="21" w="348" /><ent r="3" t="21" w="379" /><ent r="4" t="21" w="567" /><ent r="3" t="21" w="692" /><ent r="3" t="21" w="798" /><ent r="4" t="21" w="844" /><ent r="3" t="22" w="33" /><ent r="4" t="22" w="142" /><ent r="3" t="22" w="309" /><ent r="4" t="22" w="334" /><ent r="4" t="22" w="347" /><ent r="4" t="22" w="368" /><ent r="4" t="22" w="714" /><ent r="4" t="22" w="733" /><ent r="4" t="22" w="751" /><ent r="4" t="22" w="855" /><ent r="3" t="22" w="953" /><ent r="3" t="22" w="1052" /><ent r="4" t="40" w="682" /></phr><phr n="Severity"><ent r="6" t="21" w="164" /><ent r="5" t="21" w="837" /><ent r="3" t="22" w="53" /><ent r="5" t="22" w="128" /><ent r="3" t="23" w="173" /></phr></stem><stem n="onc"><phr n="once"><ent r="3" t="17" w="292" /><ent r="4" t="21" w="615" /></phr><phr n="Once"><ent r="3" t="37" w="2308" /><ent r="3" t="40" w="906" /></phr></stem><stem n="log"><phr n="log"><ent r="3" t="17" w="307" /><ent r="4" t="21" w="249" /><ent r="4" t="21" w="834" /><ent r="3" t="22" w="1015" /><ent r="3" t="22" w="1113" /><ent r="4" t="24" w="619" /><ent r="4" t="24" w="626" /><ent r="4" t="24" w="637" /><ent r="3" t="31" w="152" /><ent r="3" t="33" w="299" /><ent r="3" t="53" w="88" /><ent r="92" t="54" w="41" /><ent r="3" t="54" w="125" /><ent r="3" t="56" w="25" /><ent r="3" t="56" w="163" /><ent r="3" t="59" w="317" /></phr><phr n="logging"><ent r="3" t="21" w="117" /></phr><phr n="logged"><ent r="4" t="21" w="246" /><ent r="3" t="31" w="17" /><ent r="3" t="38" w="82" /></phr><phr n="Log"><ent r="92" t="21" w="772" /><ent r="3" t="21" w="782" /><ent r="3" t="26" w="170" /><ent r="3" t="26" w="425" /><ent r="3" t="29" w="906" /><ent r="3" t="31" w="21" /></phr><phr n="LOG"><ent r="3" t="26" w="500" /><ent r="3" t="26" w="518" /></phr><phr n="Logging"><ent r="1000" t="31" w="4" /><ent r="102" t="31" w="9" /><ent r="4" t="31" w="46" /></phr><phr n="logs"><ent r="3" t="34" w="450" /></phr><phr n="Logs"><ent r="100" t="55" w="759" /><ent r="4" t="55" w="770" /><ent r="4" t="58" w="78" /></phr></stem><stem n="=,"><phr n="=,"><ent r="3" t="17" w="355" /><ent r="3" t="17" w="357" /><ent r="3" t="17" w="357" /><ent r="4" t="24" w="147" /><ent r="4" t="24" w="148" /><ent r="4" t="24" w="148" /><ent r="4" t="24" w="353" /><ent r="4" t="24" w="362" /></phr></stem><stem n="!=."><phr n="!=."><ent r="3" t="17" w="358" /><ent r="4" t="24" w="149" /></phr></stem><stem n=":match"><phr n=":Matches"><ent r="100" t="17" w="360" /></phr><phr n=":Matching"><ent r="100" t="24" w="382" /><ent r="100" t="35" w="170" /></phr></stem><stem n="operand"><phr n="operands"><ent r="4" t="17" w="386" /></phr></stem><stem n="(&quot;)."><phr n="(&quot;)."><ent r="4" t="17" w="390" /><ent r="3" t="37" w="3480" /></phr></stem><stem n="syscontact"><phr n="SysContact"><ent r="100" t="17" w="395" /></phr><phr n="sysContact"><ent r="5" t="17" w="399" /><ent r="3" t="26" w="945" /><ent r="3" t="26" w="952" /></phr></stem><stem n="{syscontact}"><phr n="{sysContact}"><ent r="5" t="17" w="400" /></phr></stem><stem n="&quot;fred"><phr n="&quot;Fred"><ent r="5" t="17" w="400" /><ent r="3" t="23" w="214" /><ent r="3" t="23" w="258" /></phr></stem><stem n="fred"><phr n="Fred"><ent r="5" t="17" w="400" /><ent r="3" t="23" w="214" /><ent r="3" t="23" w="258" /><ent r="3" t="35" w="872" /><ent r="5" t="37" w="3113" /><ent r="4" t="37" w="3125" /></phr><phr n="fred"><ent r="3" t="35" w="696" /><ent r="3" t="35" w="699" /><ent r="3" t="35" w="701" /><ent r="3" t="35" w="704" /><ent r="3" t="35" w="871" /><ent r="5" t="37" w="2574" /><ent r="5" t="37" w="2586" /><ent r="5" t="37" w="2590" /><ent r="5" t="37" w="2601" /><ent r="5" t="37" w="3502" /><ent r="4" t="37" w="3508" /><ent r="5" t="37" w="3527" /><ent r="5" t="37" w="3531" /><ent r="4" t="37" w="3537" /></phr><phr n="FRED"><ent r="3" t="35" w="705" /></phr><phr n="FrEd"><ent r="3" t="35" w="707" /></phr><phr n="freD"><ent r="3" t="35" w="880" /></phr></stem><stem n="flintston"><phr n="Flintstone"><ent r="5" t="17" w="401" /><ent r="5" t="37" w="3132" /></phr></stem><stem n="!~"><phr n="!~"><ent r="4" t="17" w="419" /><ent r="4" t="24" w="387" /></phr></stem><stem n="partial"><phr n="partial"><ent r="4" t="17" w="423" /></phr></stem><stem n="&quot;contains&quot;"><phr n="&quot;contains&quot;"><ent r="4" t="17" w="429" /></phr></stem><stem n="&quot;doesn't"><phr n="&quot;doesn't"><ent r="4" t="17" w="431" /></phr></stem><stem n="respect"><phr n="respectively"><ent r="4" t="17" w="434" /><ent r="3" t="35" w="1265" /><ent r="3" t="57" w="30" /></phr></stem><stem n="&lt;/tag"><phr n="&lt;/tag"><ent r="3" t="18" w="51" /><ent r="3" t="18" w="47" /><ent r="3" t="25" w="46" /><ent r="3" t="25" w="42" /></phr></stem><stem n="&lt;/tag."><phr n="&lt;/tag."><ent r="3" t="18" w="51" /><ent r="3" t="18" w="47" /><ent r="3" t="25" w="46" /><ent r="3" t="25" w="42" /></phr></stem><stem n="nomib2"><phr n="Nomib2"><ent r="100" t="18" w="60" /><ent r="100" t="25" w="52" /></phr><phr n="nomib2"><ent r="5" t="18" w="62" /><ent r="3" t="18" w="186" /><ent r="3" t="25" w="59" /><ent r="5" t="25" w="97" /><ent r="3" t="27" w="131" /></phr></stem><stem n="=&quot;true&quot;"><phr n="=&quot;true&quot;"><ent r="5" t="18" w="64" /><ent r="3" t="18" w="188" /><ent r="5" t="25" w="99" /></phr></stem><stem n=":sysuptim"><phr n=":sysUptime"><ent r="100" t="18" w="66" /><ent r="100" t="25" w="103" /></phr></stem><stem n="-2"><phr n="-2"><ent r="100" t="18" w="67" /><ent r="100" t="18" w="67" /><ent r="100" t="18" w="71" /><ent r="100" t="18" w="71" /><ent r="4" t="18" w="80" /><ent r="4" t="18" w="80" /><ent r="100" t="25" w="104" /><ent r="100" t="25" w="104" /><ent r="100" t="25" w="108" /><ent r="100" t="25" w="108" /><ent r="4" t="25" w="117" /><ent r="4" t="25" w="117" /></phr></stem><stem n="mib-2"><phr n="MIB-2"><ent r="100" t="18" w="67" /><ent r="100" t="18" w="71" /><ent r="4" t="18" w="80" /><ent r="100" t="25" w="104" /><ent r="100" t="25" w="108" /><ent r="4" t="25" w="117" /></phr></stem><stem n="=&quot;get-request&quot;"><phr n="=&quot;get-request&quot;"><ent r="5" t="18" w="89" /><ent r="3" t="18" w="192" /><ent r="5" t="25" w="124" /></phr></stem><stem n="-request"><phr n="-Request"><ent r="100" t="18" w="91" /><ent r="100" t="18" w="91" /><ent r="100" t="25" w="126" /><ent r="100" t="25" w="126" /></phr><phr n="-request"><ent r="3" t="26" w="813" /><ent r="3" t="26" w="813" /></phr></stem><stem n="-request,"><phr n="-Request,"><ent r="4" t="18" w="103" /><ent r="4" t="18" w="103" /><ent r="4" t="25" w="138" /><ent r="4" t="25" w="138" /></phr></stem><stem n="apcup"><phr n="apcups"><ent r="5" t="18" w="110" /><ent r="100" t="18" w="114" /><ent r="4" t="18" w="126" /><ent r="3" t="18" w="193" /><ent r="3" t="25" w="64" /><ent r="5" t="25" w="145" /><ent r="100" t="25" w="149" /><ent r="4" t="25" w="161" /></phr></stem><stem n="=&quot;false&quot;"><phr n="=&quot;false&quot;"><ent r="5" t="18" w="112" /><ent r="3" t="18" w="195" /><ent r="5" t="25" w="147" /></phr></stem><stem n=":apc-up"><phr n=":APC-UPS"><ent r="100" t="18" w="117" /><ent r="100" t="25" w="152" /></phr></stem><stem n="apc-up"><phr n="APC-UPS"><ent r="100" t="18" w="117" /><ent r="100" t="18" w="121" /><ent r="4" t="18" w="134" /><ent r="100" t="25" w="152" /><ent r="100" t="25" w="156" /><ent r="4" t="25" w="169" /></phr></stem><stem n="-up"><phr n="-UPS"><ent r="100" t="18" w="121" /><ent r="100" t="18" w="121" /><ent r="4" t="18" w="134" /><ent r="4" t="18" w="134" /><ent r="100" t="25" w="156" /><ent r="100" t="25" w="156" /><ent r="4" t="25" w="169" /><ent r="4" t="25" w="169" /></phr></stem><stem n="-detect"><phr n="-detect"><ent r="4" t="18" w="141" /><ent r="4" t="18" w="141" /><ent r="4" t="25" w="176" /><ent r="4" t="25" w="176" /></phr></stem><stem n="auto-detect"><phr n="auto-detect"><ent r="4" t="18" w="141" /><ent r="4" t="25" w="176" /></phr></stem><stem n="maxvar"><phr n="Maxvars"><ent r="100" t="18" w="146" /><ent r="100" t="25" w="50" /></phr><phr n="maxvars"><ent r="5" t="18" w="148" /><ent r="4" t="18" w="151" /><ent r="4" t="18" w="172" /><ent r="4" t="18" w="180" /><ent r="3" t="18" w="196" /><ent r="3" t="25" w="66" /><ent r="5" t="25" w="181" /><ent r="4" t="25" w="184" /><ent r="4" t="25" w="205" /><ent r="4" t="25" w="213" /></phr></stem><stem n="=&quot;10&quot;"><phr n="=&quot;10&quot;"><ent r="5" t="18" w="150" /><ent r="3" t="18" w="198" /><ent r="5" t="25" w="183" /></phr></stem><stem n="cycl"><phr n="cycle"><ent r="3" t="19" w="77" /></phr></stem><stem n="refresh"><phr n="refreshed"><ent r="3" t="19" w="81" /></phr><phr n="Refresh"><ent r="3" t="19" w="432" /></phr><phr n="refresh"><ent r="4" t="22" w="847" /><ent r="6" t="68" w="750" /><ent r="6" t="70" w="1452" /><ent r="6" t="70" w="1506" /><ent r="3" t="70" w="1624" /><ent r="6" t="70" w="1658" /><ent r="7" t="70" w="1674" /></phr><phr n="refreshes"><ent r="65" t="70" w="105" /><ent r="93" t="70" w="1616" /></phr></stem><stem n="imag"><phr n="image"><ent r="3" t="19" w="88" /><ent r="3" t="19" w="391" /><ent r="3" t="47" w="692" /><ent r="3" t="58" w="378" /><ent r="4" t="66" w="574" /><ent r="6" t="70" w="1178" /><ent r="6" t="70" w="1293" /><ent r="6" t="70" w="1414" /><ent r="6" t="70" w="1435" /><ent r="6" t="70" w="1478" /><ent r="6" t="70" w="1494" /><ent r="6" t="70" w="1534" /><ent r="6" t="70" w="1538" /><ent r="6" t="70" w="1546" /><ent r="3" t="72" w="113" /></phr><phr n="images"><ent r="65" t="70" w="93" /><ent r="6" t="70" w="824" /><ent r="93" t="70" w="1152" /><ent r="7" t="70" w="1195" /><ent r="6" t="70" w="1227" /><ent r="6" t="70" w="1269" /><ent r="3" t="71" w="222" /><ent r="3" t="71" w="230" /></phr></stem><stem n="dig"><phr n="digging"><ent r="3" t="19" w="103" /></phr></stem><stem n="suspect"><phr n="suspect"><ent r="3" t="19" w="110" /></phr></stem><stem n="rout"><phr n="routing"><ent r="3" t="19" w="125" /></phr></stem><stem n="arp"><phr n="ARP"><ent r="3" t="19" w="127" /><ent r="3" t="19" w="1852" /></phr></stem><stem n="statist"><phr n="statistics"><ent r="3" t="19" w="131" /><ent r="6" t="70" w="679" /></phr></stem><stem n="kept"><phr n="kept"><ent r="3" t="19" w="135" /></phr></stem><stem n="background"><phr n="Background"><ent r="92" t="19" w="139" /></phr><phr n="background"><ent r="6" t="70" w="1430" /><ent r="6" t="70" w="1477" /><ent r="6" t="70" w="1488" /></phr></stem><stem n="(that"><phr n="(that"><ent r="4" t="19" w="164" /><ent r="3" t="71" w="331" /></phr></stem><stem n="firmwar"><phr n="firmware"><ent r="4" t="19" w="170" /><ent r="3" t="24" w="2814" /></phr><phr n="Firmware"><ent r="3" t="24" w="2827" /></phr></stem><stem n="(number"><phr n="(number"><ent r="4" t="19" w="173" /><ent r="4" t="19" w="177" /></phr></stem><stem n="(cpu"><phr n="(CPU"><ent r="4" t="19" w="181" /></phr></stem><stem n="entiti"><phr n="entities"><ent r="4" t="19" w="195" /><ent r="4" t="19" w="200" /></phr><phr n="entity"><ent r="4" t="19" w="223" /><ent r="4" t="19" w="244" /></phr></stem><stem n="virtual"><phr n="virtual"><ent r="4" t="19" w="216" /><ent r="7" t="68" w="577" /></phr></stem><stem n="machin"><phr n="machines"><ent r="4" t="19" w="217" /></phr><phr n="machine"><ent r="3" t="61" w="126" /></phr></stem><stem n="entity'"><phr n="entity's"><ent r="4" t="19" w="224" /><ent r="4" t="19" w="223" /></phr></stem><stem n="themselv"><phr n="themselves"><ent r="4" t="19" w="237" /><ent r="4" t="40" w="755" /><ent r="3" t="52" w="47" /></phr></stem><stem n="&quot;entry&quot;"><phr n="&quot;entry&quot;"><ent r="4" t="19" w="252" /></phr></stem><stem n="prefix"><phr n="prefix"><ent r="4" t="19" w="262" /><ent r="3" t="19" w="1419" /><ent r="3" t="19" w="1470" /><ent r="3" t="55" w="403" /><ent r="3" t="55" w="832" /><ent r="3" t="56" w="185" /></phr></stem><stem n="plu"><phr n="plus"><ent r="4" t="19" w="263" /><ent r="4" t="19" w="1573" /><ent r="3" t="26" w="767" /><ent r="3" t="26" w="773" /><ent r="3" t="49" w="802" /><ent r="3" t="56" w="727" /></phr><phr n="Plus"><ent r="5" t="50" w="82" /></phr></stem><stem n="&quot;iftable&quot;"><phr n="&quot;ifTable&quot;"><ent r="3" t="19" w="282" /></phr></stem><stem n="ifentri"><phr n="ifEntry"><ent r="3" t="19" w="301" /><ent r="4" t="19" w="347" /><ent r="4" t="19" w="361" /></phr></stem><stem n="[ifindex]"><phr n="[ifIndex]"><ent r="3" t="19" w="303" /></phr></stem><stem n="&quot;interfac"><phr n="&quot;Interface"><ent r="3" t="19" w="305" /><ent r="3" t="19" w="595" /><ent r="3" t="19" w="1056" /><ent r="3" t="19" w="1346" /></phr><phr n="&quot;interface"><ent r="3" t="19" w="458" /></phr></stem><stem n="&quot;description&quot;"><phr n="&quot;Description&quot;"><ent r="3" t="19" w="309" /><ent r="3" t="19" w="618" /><ent r="3" t="19" w="1065" /></phr></stem><stem n="&quot;link"><phr n="&quot;Link"><ent r="3" t="19" w="311" /><ent r="3" t="19" w="314" /><ent r="3" t="19" w="638" /><ent r="3" t="19" w="660" /><ent r="3" t="19" w="1092" /><ent r="3" t="19" w="1100" /></phr></stem><stem n="ifspe"><phr n="ifSpeed"><ent r="3" t="19" w="313" /><ent r="3" t="19" w="484" /><ent r="3" t="19" w="503" /><ent r="3" t="19" w="514" /><ent r="3" t="19" w="648" /><ent r="4" t="19" w="865" /><ent r="3" t="19" w="1095" /><ent r="3" t="19" w="1098" /></phr></stem><stem n="speed"><phr n="speed"><ent r="3" t="19" w="315" /><ent r="82" t="22" w="1042" /></phr><phr n="Speed"><ent r="3" t="19" w="661" /><ent r="3" t="19" w="1101" /></phr></stem><stem n="ifphysaddress"><phr n="ifPhysAddress"><ent r="3" t="19" w="316" /><ent r="3" t="19" w="670" /><ent r="3" t="19" w="671" /><ent r="4" t="19" w="894" /><ent r="3" t="19" w="1112" /><ent r="3" t="19" w="1115" /></phr></stem><stem n="&quot;mac"><phr n="&quot;MAC"><ent r="3" t="19" w="317" /><ent r="3" t="19" w="673" /><ent r="3" t="19" w="1117" /></phr></stem><stem n="mac"><phr n="MAC"><ent r="3" t="19" w="317" /><ent r="3" t="19" w="673" /><ent r="3" t="19" w="1117" /><ent r="3" t="19" w="1360" /></phr><phr n="Mac"><ent r="4" t="24" w="2485" /><ent r="100" t="40" w="88" /><ent r="4" t="41" w="158" /><ent r="3" t="49" w="766" /><ent r="3" t="56" w="509" /></phr></stem><stem n="&quot;oper"><phr n="&quot;Operational"><ent r="3" t="19" w="320" /></phr></stem><stem n="ifadminstatu"><phr n="ifAdminStatus"><ent r="3" t="19" w="322" /><ent r="3" t="19" w="380" /><ent r="3" t="19" w="698" /><ent r="3" t="19" w="699" /><ent r="4" t="19" w="897" /><ent r="3" t="19" w="1129" /><ent r="3" t="19" w="1132" /></phr></stem><stem n="&quot;administr"><phr n="&quot;Administrative"><ent r="3" t="19" w="323" /></phr></stem><stem n="administr"><phr n="Administrative"><ent r="3" t="19" w="323" /></phr><phr n="Administrators"><ent r="100" t="65" w="235" /><ent r="4" t="65" w="244" /></phr><phr n="administrator"><ent r="6" t="70" w="536" /><ent r="6" t="70" w="986" /></phr></stem><stem n="(each"><phr n="(each"><ent r="3" t="19" w="359" /></phr></stem><stem n="(at"><phr n="(at"><ent r="3" t="19" w="421" /></phr></stem><stem n="loos"><phr n="loosely"><ent r="3" t="19" w="461" /></phr></stem><stem n=".3"><phr n=".3"><ent r="3" t="19" w="485" /><ent r="3" t="55" w="834" /><ent r="3" t="56" w="109" /><ent r="3" t="56" w="187" /></phr></stem><stem n="ifspeed.3"><phr n="ifSpeed.3"><ent r="3" t="19" w="485" /><ent r="3" t="19" w="484" /></phr></stem><stem n="1.3.6.1.2.1.2.2.1.3"><phr n="1.3.6.1.2.1.2.2.1.3"><ent r="3" t="19" w="498" /><ent r="3" t="19" w="489" /><ent r="3" t="19" w="636" /><ent r="3" t="19" w="627" /><ent r="3" t="54" w="521" /><ent r="3" t="54" w="512" /></phr></stem><stem n=".3.6.1.2.1.2.2.1.3)"><phr n=".3.6.1.2.1.2.2.1.3)"><ent r="3" t="19" w="499" /></phr></stem><stem n="&quot;column"><phr n="&quot;column"><ent r="3" t="19" w="511" /></phr></stem><stem n="(1.3.6.1.2.1.2.2.1),"><phr n="(1.3.6.1.2.1.2.2.1),"><ent r="3" t="19" w="524" /></phr></stem><stem n="&quot;.3&quot;."><phr n="&quot;.3&quot;."><ent r="3" t="19" w="530" /></phr></stem><stem n="mirror"><phr n="mirrors"><ent r="3" t="19" w="543" /></phr></stem><stem n="&quot;inform"><phr n="&quot;Information"><ent r="3" t="19" w="576" /></phr></stem><stem n="iftable/ifindex"><phr n="ifTable/ifIndex"><ent r="3" t="19" w="583" /><ent r="3" t="19" w="582" /></phr></stem><stem n="iftable/ifindex,"><phr n="ifTable/ifIndex,"><ent r="3" t="19" w="583" /><ent r="3" t="19" w="582" /></phr></stem><stem n="/ifindex,"><phr n="/ifIndex,"><ent r="3" t="19" w="584" /><ent r="3" t="19" w="1052" /><ent r="3" t="19" w="1646" /></phr></stem><stem n="1.3.6.1.2.1.2.2.1.1"><phr n="1.3.6.1.2.1.2.2.1.1"><ent r="3" t="19" w="593" /><ent r="3" t="19" w="584" /><ent r="3" t="55" w="1094" /><ent r="3" t="55" w="1085" /><ent r="3" t="55" w="1112" /><ent r="3" t="55" w="1103" /></phr></stem><stem n="1.3.6.1.2.1.2.2.1.1,"><phr n="1.3.6.1.2.1.2.2.1.1,"><ent r="3" t="19" w="593" /><ent r="3" t="19" w="584" /></phr></stem><stem n=".3.6.1.2.1.2.2.1.1,"><phr n=".3.6.1.2.1.2.2.1.1,"><ent r="3" t="19" w="594" /></phr></stem><stem n="iftable/ifdescr"><phr n="ifTable/ifDescr"><ent r="3" t="19" w="605" /><ent r="3" t="19" w="604" /></phr></stem><stem n="iftable/ifdescr,"><phr n="ifTable/ifDescr,"><ent r="3" t="19" w="605" /><ent r="3" t="19" w="604" /></phr></stem><stem n="/ifdescr,"><phr n="/ifDescr,"><ent r="3" t="19" w="606" /><ent r="3" t="19" w="1060" /></phr></stem><stem n="1.3.6.1.2.1.2.2.1.2"><phr n="1.3.6.1.2.1.2.2.1.2"><ent r="3" t="19" w="615" /><ent r="3" t="19" w="606" /><ent r="3" t="54" w="509" /><ent r="3" t="54" w="500" /><ent r="3" t="54" w="552" /><ent r="3" t="54" w="543" /></phr></stem><stem n="1.3.6.1.2.1.2.2.1.2,"><phr n="1.3.6.1.2.1.2.2.1.2,"><ent r="3" t="19" w="615" /><ent r="3" t="19" w="606" /></phr></stem><stem n=".3.6.1.2.1.2.2.1.2,"><phr n=".3.6.1.2.1.2.2.1.2,"><ent r="3" t="19" w="616" /></phr></stem><stem n="iftable/iftyp"><phr n="ifTable/ifType"><ent r="3" t="19" w="626" /><ent r="3" t="19" w="625" /></phr></stem><stem n="iftable/iftype,"><phr n="ifTable/ifType,"><ent r="3" t="19" w="626" /><ent r="3" t="19" w="625" /></phr></stem><stem n="/iftype,"><phr n="/ifType,"><ent r="3" t="19" w="627" /><ent r="3" t="19" w="1088" /></phr></stem><stem n="1.3.6.1.2.1.2.2.1.3,"><phr n="1.3.6.1.2.1.2.2.1.3,"><ent r="3" t="19" w="636" /><ent r="3" t="19" w="627" /></phr></stem><stem n=".3.6.1.2.1.2.2.1.3,"><phr n=".3.6.1.2.1.2.2.1.3,"><ent r="3" t="19" w="637" /></phr></stem><stem n="iftable/ifspe"><phr n="ifTable/ifSpeed"><ent r="3" t="19" w="648" /><ent r="3" t="19" w="647" /></phr></stem><stem n="iftable/ifspeed,"><phr n="ifTable/ifSpeed,"><ent r="3" t="19" w="648" /><ent r="3" t="19" w="647" /></phr></stem><stem n="/ifspeed,"><phr n="/ifSpeed,"><ent r="3" t="19" w="649" /><ent r="3" t="19" w="1096" /></phr></stem><stem n="1.3.6.1.2.1.2.2.1.5"><phr n="1.3.6.1.2.1.2.2.1.5"><ent r="3" t="19" w="658" /><ent r="3" t="19" w="649" /></phr></stem><stem n="1.3.6.1.2.1.2.2.1.5,"><phr n="1.3.6.1.2.1.2.2.1.5,"><ent r="3" t="19" w="658" /><ent r="3" t="19" w="649" /></phr></stem><stem n=".3.6.1.2.1.2.2.1.5,"><phr n=".3.6.1.2.1.2.2.1.5,"><ent r="3" t="19" w="659" /></phr></stem><stem n="iftable/ifphysaddress"><phr n="ifTable/ifPhysAddress"><ent r="3" t="19" w="670" /><ent r="3" t="19" w="669" /></phr></stem><stem n="iftable/ifphysaddress,"><phr n="ifTable/ifPhysAddress,"><ent r="3" t="19" w="670" /><ent r="3" t="19" w="669" /></phr></stem><stem n="/ifphysaddress,"><phr n="/ifPhysAddress,"><ent r="3" t="19" w="671" /><ent r="3" t="19" w="1113" /></phr></stem><stem n="iftable/ifoperstatu"><phr n="ifTable/ifOperStatus"><ent r="3" t="19" w="684" /><ent r="3" t="19" w="683" /></phr></stem><stem n="iftable/ifoperstatus,"><phr n="ifTable/ifOperStatus,"><ent r="3" t="19" w="684" /><ent r="3" t="19" w="683" /></phr></stem></index>