<?xml version="1.0" encoding="utf-8"?><index><stem n="{timestamp}"><phr n="{TimeStamp}"><ent r="5" t="13" w="831" /></phr></stem><stem n="enterpris"><phr n="Enterprise"><ent r="5" t="13" w="841" /><ent r="3" t="29" w="664" /><ent r="5" t="31" w="205" /><ent r="4" t="31" w="221" /><ent r="3" t="32" w="1292" /><ent r="3" t="32" w="1554" /><ent r="100" t="33" w="14" /><ent r="3" t="33" w="25" /></phr><phr n="enterprise"><ent r="5" t="13" w="845" /><ent r="4" t="29" w="240" /><ent r="4" t="29" w="302" /></phr><phr n="enterprises"><ent r="3" t="26" w="331" /><ent r="3" t="33" w="77" /><ent r="3" t="33" w="160" /></phr><phr n="ENTERPRISE"><ent r="3" t="33" w="371" /></phr></stem><stem n="{enterprise}"><phr n="{Enterprise}"><ent r="5" t="13" w="842" /></phr></stem><stem n="communitystr"><phr n="CommunityString"><ent r="5" t="13" w="850" /><ent r="4" t="29" w="312" /><ent r="3" t="32" w="1522" /></phr></stem><stem n="{communitystring}"><phr n="{CommunityString}"><ent r="5" t="13" w="851" /></phr></stem><stem n="trapoid"><phr n="TrapOID"><ent r="5" t="13" w="860" /><ent r="4" t="29" w="326" /><ent r="3" t="32" w="1562" /></phr></stem><stem n="{trapoid}"><phr n="{TrapOID}"><ent r="5" t="13" w="861" /></phr></stem><stem n="(snmpv2c,"><phr n="(SNMPv2c,"><ent r="5" t="13" w="867" /><ent r="4" t="29" w="332" /></phr></stem><stem n="v3"><phr n="v3"><ent r="5" t="13" w="867" /><ent r="4" t="29" w="396" /></phr></stem><stem n="snmpversion"><phr n="SnmpVersion"><ent r="5" t="13" w="870" /><ent r="3" t="32" w="1570" /></phr><phr n="snmpVersion"><ent r="3" t="56" w="232" /><ent r="3" t="56" w="330" /></phr></stem><stem n="{snmpversion}"><phr n="{SnmpVersion}"><ent r="5" t="13" w="871" /></phr></stem><stem n="senderaddress"><phr n="SenderAddress"><ent r="5" t="13" w="878" /><ent r="5" t="29" w="350" /><ent r="3" t="32" w="1534" /></phr></stem><stem n="{senderaddress}"><phr n="{SenderAddress}"><ent r="5" t="13" w="879" /></phr></stem><stem n="sender"><phr n="sender"><ent r="5" t="13" w="883" /><ent r="5" t="13" w="899" /><ent r="4" t="29" w="371" /></phr><phr n="Sender"><ent r="3" t="29" w="687" /><ent r="3" t="32" w="1310" /></phr></stem><stem n="sender'"><phr n="sender's"><ent r="5" t="13" w="884" /><ent r="5" t="13" w="883" /></phr></stem><stem n="agentaddress"><phr n="AgentAddress"><ent r="5" t="13" w="888" /><ent r="3" t="32" w="1530" /></phr></stem><stem n="{agentaddress}"><phr n="{AgentAddress}"><ent r="5" t="13" w="889" /></phr></stem><stem n="agent'"><phr n="agent's"><ent r="5" t="13" w="894" /><ent r="5" t="13" w="893" /></phr></stem><stem n="(if"><phr n="(if"><ent r="5" t="13" w="896" /><ent r="9" t="16" w="957" /><ent r="9" t="16" w="963" /><ent r="3" t="17" w="75" /><ent r="3" t="17" w="99" /></phr></stem><stem n="varbindcount"><phr n="VarbindCount"><ent r="5" t="13" w="902" /><ent r="3" t="32" w="1580" /></phr></stem><stem n="{varbindcount}"><phr n="{VarbindCount}"><ent r="5" t="13" w="903" /></phr></stem><stem n="count"><phr n="count"><ent r="5" t="13" w="906" /><ent r="3" t="23" w="90" /><ent r="3" t="23" w="104" /><ent r="3" t="23" w="126" /><ent r="3" t="23" w="142" /><ent r="3" t="23" w="158" /><ent r="3" t="23" w="162" /><ent r="3" t="44" w="854" /><ent r="3" t="56" w="349" /><ent r="3" t="56" w="585" /><ent r="3" t="56" w="595" /></phr><phr n="counts"><ent r="3" t="21" w="750" /></phr><phr n="counted"><ent r="3" t="24" w="1980" /></phr><phr n="Count"><ent r="3" t="29" w="700" /><ent r="3" t="32" w="1321" /><ent r="3" t="61" w="989" /></phr></stem><stem n="varbind"><phr n="varbind"><ent r="5" t="13" w="908" /><ent r="5" t="13" w="942" /><ent r="5" t="13" w="954" /><ent r="5" t="13" w="966" /><ent r="3" t="26" w="838" /><ent r="3" t="26" w="869" /></phr><phr n="Varbind"><ent r="5" t="13" w="930" /><ent r="82" t="29" w="415" /><ent r="3" t="29" w="699" /><ent r="3" t="29" w="709" /><ent r="3" t="32" w="264" /><ent r="3" t="32" w="1320" /><ent r="3" t="32" w="1325" /><ent r="3" t="32" w="1590" /><ent r="3" t="32" w="1640" /><ent r="3" t="32" w="1647" /><ent r="3" t="32" w="1649" /><ent r="3" t="32" w="1651" /></phr><phr n="VarBind"><ent r="4" t="29" w="108" /><ent r="4" t="29" w="139" /><ent r="3" t="29" w="185" /><ent r="4" t="29" w="407" /><ent r="3" t="29" w="424" /><ent r="4" t="29" w="449" /><ent r="4" t="29" w="465" /><ent r="4" t="29" w="481" /><ent r="3" t="29" w="519" /><ent r="3" t="29" w="603" /><ent r="3" t="29" w="833" /><ent r="3" t="29" w="867" /><ent r="3" t="29" w="889" /><ent r="3" t="29" w="1028" /><ent r="3" t="29" w="1078" /><ent r="5" t="31" w="233" /><ent r="4" t="31" w="240" /><ent r="4" t="31" w="262" /></phr><phr n="Varbinds"><ent r="3" t="32" w="1587" /></phr></stem><stem n="three"><phr n="three"><ent r="5" t="13" w="915" /><ent r="4" t="19" w="891" /><ent r="3" t="22" w="1209" /><ent r="3" t="22" w="1215" /><ent r="3" t="22" w="1401" /><ent r="3" t="26" w="45" /><ent r="3" t="26" w="230" /><ent r="3" t="29" w="51" /><ent r="3" t="29" w="947" /><ent r="3" t="37" w="3854" /><ent r="3" t="40" w="657" /><ent r="3" t="41" w="35" /><ent r="3" t="47" w="603" /><ent r="4" t="70" w="1588" /><ent r="4" t="77" w="176" /></phr><phr n="Three"><ent r="3" t="16" w="2200" /></phr></stem><stem n="colon"><phr n="colon"><ent r="5" t="13" w="921" /><ent r="4" t="31" w="203" /><ent r="4" t="31" w="295" /><ent r="6" t="70" w="1221" /></phr><phr n="colons"><ent r="4" t="21" w="873" /></phr></stem><stem n="varbindvalue8"><phr n="VarbindValue8"><ent r="5" t="13" w="923" /></phr></stem><stem n="{varbindvalue8}"><phr n="{VarbindValue8}"><ent r="5" t="13" w="924" /></phr></stem><stem n="eigth"><phr n="eigth"><ent r="5" t="13" w="929" /></phr></stem><stem n="varbindoid"><phr n="VarbindOID"><ent r="5" t="13" w="934" /></phr></stem><stem n="nnn"><phr n="NNN"><ent r="5" t="13" w="935" /><ent r="5" t="13" w="947" /><ent r="5" t="13" w="959" /></phr></stem><stem n="{varbindoid[nnn]}"><phr n="{VarbindOID[NNN]}"><ent r="5" t="13" w="936" /></phr></stem><stem n="nnnth"><phr n="NNNth"><ent r="6" t="13" w="940" /><ent r="6" t="13" w="952" /><ent r="6" t="13" w="964" /></phr></stem><stem n="varbindvalu"><phr n="VarbindValue"><ent r="5" t="13" w="946" /></phr></stem><stem n="{varbindvalue[nnn]}"><phr n="{VarbindValue[NNN]}"><ent r="5" t="13" w="948" /></phr></stem><stem n="varbindtyp"><phr n="VarbindType"><ent r="5" t="13" w="958" /></phr></stem><stem n="{varbindtype[nnn]}"><phr n="{VarbindType[NNN]}"><ent r="5" t="13" w="960" /></phr></stem><stem n="-script)"><phr n="-script)"><ent r="3" t="13" w="985" /><ent r="3" t="13" w="985" /></phr></stem><stem n="remoteaddress"><phr n="remoteaddress"><ent r="5" t="13" w="998" /></phr></stem><stem n="{_remoteaddress}"><phr n="{_remoteaddress}"><ent r="5" t="13" w="999" /></phr></stem><stem n="remot"><phr n="remote"><ent r="5" t="13" w="1005" /><ent r="5" t="13" w="1020" /><ent r="3" t="34" w="376" /><ent r="4" t="37" w="380" /><ent r="4" t="37" w="446" /><ent r="3" t="37" w="1270" /><ent r="3" t="37" w="2914" /><ent r="3" t="37" w="2953" /><ent r="3" t="37" w="3195" /><ent r="3" t="44" w="609" /><ent r="3" t="61" w="113" /><ent r="3" t="61" w="272" /><ent r="3" t="61" w="276" /><ent r="3" t="61" w="279" /><ent r="3" t="61" w="282" /><ent r="3" t="61" w="285" /><ent r="3" t="61" w="289" /><ent r="3" t="61" w="299" /><ent r="3" t="61" w="302" /><ent r="3" t="61" w="346" /><ent r="3" t="61" w="349" /><ent r="3" t="61" w="352" /><ent r="3" t="61" w="355" /><ent r="3" t="61" w="358" /><ent r="3" t="61" w="365" /><ent r="3" t="61" w="471" /><ent r="3" t="61" w="481" /><ent r="3" t="61" w="502" /><ent r="3" t="61" w="881" /><ent r="3" t="61" w="927" /><ent r="6" t="70" w="764" /></phr><phr n="Remote"><ent r="100" t="74" w="22" /></phr></stem><stem n="remoteport"><phr n="remoteport"><ent r="5" t="13" w="1012" /></phr><phr n="REMOTEPORT"><ent r="100" t="37" w="3984" /><ent r="3" t="37" w="3995" /><ent r="3" t="37" w="4024" /><ent r="3" t="37" w="4472" /></phr><phr n="remotePort"><ent r="3" t="61" w="888" /><ent r="3" t="61" w="944" /><ent r="3" t="61" w="951" /><ent r="3" t="61" w="1012" /></phr></stem><stem n="{_remoteport}"><phr n="{_remoteport}"><ent r="5" t="13" w="1013" /></phr><phr n="{_REMOTEPORT}"><ent r="3" t="37" w="4025" /><ent r="3" t="37" w="4473" /></phr></stem><stem n="localaddress"><phr n="localaddress"><ent r="5" t="13" w="1027" /></phr></stem><stem n="{_localaddress}"><phr n="{_localaddress}"><ent r="5" t="13" w="1028" /></phr></stem><stem n="local"><phr n="local"><ent r="5" t="13" w="1034" /><ent r="5" t="13" w="1049" /><ent r="3" t="14" w="1142" /><ent r="4" t="37" w="463" /><ent r="4" t="37" w="471" /><ent r="3" t="37" w="945" /><ent r="3" t="37" w="1070" /><ent r="5" t="46" w="113" /><ent r="3" t="46" w="424" /><ent r="3" t="58" w="492" /><ent r="3" t="61" w="705" /><ent r="3" t="61" w="758" /><ent r="3" t="61" w="811" /><ent r="3" t="61" w="1043" /><ent r="6" t="70" w="725" /></phr></stem><stem n="localport"><phr n="localport"><ent r="5" t="13" w="1041" /></phr></stem><stem n="{_localport}"><phr n="{_localport}"><ent r="5" t="13" w="1042" /></phr></stem><stem n="gmttime"><phr n="gmttime"><ent r="5" t="13" w="1056" /></phr></stem><stem n="{_gmttime}"><phr n="{_gmttime}"><ent r="5" t="13" w="1057" /></phr></stem><stem n="822"><phr n="822"><ent r="5" t="13" w="1063" /></phr></stem><stem n="{_version}"><phr n="{_version}"><ent r="5" t="13" w="1068" /></phr></stem><stem n="len"><phr n="len"><ent r="5" t="13" w="1079" /><ent r="4" t="24" w="859" /><ent r="3" t="46" w="442" /><ent r="3" t="61" w="1123" /><ent r="3" t="61" w="1129" /><ent r="3" t="61" w="1131" /></phr><phr n="Len"><ent r="100" t="24" w="731" /><ent r="3" t="61" w="1049" /><ent r="3" t="61" w="1051" /><ent r="3" t="61" w="1120" /></phr></stem><stem n="{_line:len}"><phr n="{_line:len}"><ent r="5" t="13" w="1080" /></phr></stem><stem n="truncat"><phr n="truncated"><ent r="5" t="13" w="1088" /></phr></stem><stem n="given"><phr n="given"><ent r="5" t="13" w="1091" /><ent r="5" t="13" w="1129" /><ent r="5" t="13" w="1140" /><ent r="5" t="13" w="1157" /><ent r="5" t="13" w="1216" /><ent r="5" t="13" w="1251" /><ent r="3" t="13" w="2065" /><ent r="4" t="15" w="203" /><ent r="3" t="19" w="1315" /><ent r="4" t="22" w="145" /><ent r="4" t="24" w="815" /><ent r="4" t="24" w="840" /><ent r="3" t="24" w="963" /><ent r="3" t="24" w="976" /><ent r="3" t="24" w="1900" /><ent r="3" t="24" w="1959" /><ent r="6" t="24" w="2619" /><ent r="6" t="24" w="2636" /><ent r="3" t="41" w="410" /><ent r="3" t="41" w="428" /><ent r="3" t="44" w="199" /><ent r="3" t="44" w="497" /><ent r="3" t="55" w="367" /><ent r="3" t="58" w="138" /><ent r="6" t="70" w="2043" /><ent r="6" t="70" w="2048" /><ent r="6" t="70" w="2116" /></phr><phr n="Given"><ent r="3" t="29" w="898" /><ent r="3" t="35" w="894" /><ent r="3" t="44" w="747" /></phr></stem><stem n="length"><phr n="length"><ent r="5" t="13" w="1092" /><ent r="5" t="13" w="1209" /><ent r="5" t="13" w="1213" /><ent r="4" t="24" w="740" /><ent r="4" t="24" w="750" /><ent r="4" t="24" w="831" /><ent r="4" t="24" w="835" /><ent r="3" t="24" w="1128" /><ent r="3" t="24" w="1141" /><ent r="3" t="24" w="1949" /><ent r="3" t="24" w="1954" /><ent r="4" t="24" w="2180" /><ent r="5" t="24" w="2243" /><ent r="4" t="24" w="2247" /><ent r="5" t="24" w="2256" /><ent r="5" t="24" w="2276" /><ent r="4" t="24" w="2281" /><ent r="5" t="24" w="2302" /><ent r="3" t="37" w="3551" /></phr><phr n="lengths"><ent r="3" t="37" w="3156" /></phr></stem><stem n="idletimeout"><phr n="idletimeout"><ent r="5" t="13" w="1095" /></phr></stem><stem n="{_idletimeout}"><phr n="{_idletimeout}"><ent r="5" t="13" w="1096" /></phr></stem><stem n="idl"><phr n="idle"><ent r="5" t="13" w="1098" /><ent r="5" t="13" w="1176" /><ent r="3" t="35" w="1597" /><ent r="3" t="35" w="1607" /><ent r="3" t="37" w="2496" /><ent r="3" t="37" w="3760" /><ent r="3" t="37" w="3768" /></phr><phr n="IDLE"><ent r="100" t="35" w="1180" /><ent r="3" t="35" w="1182" /><ent r="3" t="35" w="1213" /><ent r="100" t="39" w="467" /><ent r="3" t="39" w="476" /><ent r="3" t="39" w="562" /></phr></stem><stem n="timeout"><phr n="timeout"><ent r="5" t="13" w="1099" /><ent r="100" t="37" w="16" /><ent r="65" t="37" w="332" /><ent r="4" t="37" w="341" /><ent r="100" t="37" w="365" /><ent r="65" t="37" w="374" /><ent r="83" t="37" w="1198" /><ent r="3" t="37" w="1216" /><ent r="4" t="37" w="1273" /><ent r="3" t="37" w="2020" /><ent r="3" t="37" w="2497" /><ent r="83" t="37" w="2897" /><ent r="3" t="37" w="2957" /><ent r="3" t="37" w="3336" /><ent r="3" t="37" w="3737" /><ent r="100" t="39" w="24" /><ent r="100" t="39" w="31" /><ent r="3" t="39" w="454" /><ent r="3" t="44" w="784" /><ent r="4" t="55" w="308" /><ent r="3" t="56" w="341" /></phr><phr n="Timeout"><ent r="100" t="37" w="329" /><ent r="100" t="37" w="3728" /><ent r="100" t="39" w="449" /><ent r="4" t="40" w="1141" /><ent r="3" t="40" w="1151" /><ent r="3" t="40" w="1171" /><ent r="3" t="44" w="786" /><ent r="100" t="55" w="306" /></phr></stem><stem n="stringtomatch"><phr n="stringtomatch"><ent r="5" t="13" w="1107" /></phr></stem><stem n="{_stringtomatch}"><phr n="{_stringtomatch}"><ent r="5" t="13" w="1108" /></phr></stem><stem n="match"><phr n="match"><ent r="5" t="13" w="1114" /><ent r="3" t="14" w="988" /><ent r="3" t="19" w="405" /><ent r="4" t="22" w="345" /><ent r="4" t="24" w="699" /><ent r="4" t="24" w="721" /><ent r="3" t="24" w="1012" /><ent r="3" t="24" w="1071" /><ent r="4" t="24" w="3014" /><ent r="4" t="24" w="3028" /><ent r="4" t="25" w="256" /><ent r="3" t="34" w="503" /><ent r="3" t="35" w="632" /><ent r="3" t="35" w="726" /><ent r="3" t="35" w="738" /><ent r="4" t="35" w="766" /><ent r="4" t="35" w="792" /><ent r="4" t="35" w="798" /><ent r="4" t="35" w="811" /><ent r="4" t="35" w="859" /><ent r="3" t="35" w="879" /><ent r="3" t="35" w="909" /><ent r="3" t="35" w="1501" /><ent r="4" t="37" w="1936" /><ent r="3" t="37" w="2323" /><ent r="3" t="37" w="2406" /><ent r="3" t="37" w="4210" /><ent r="3" t="37" w="4232" /><ent r="3" t="37" w="4599" /><ent r="3" t="39" w="328" /><ent r="3" t="39" w="364" /><ent r="3" t="39" w="383" /><ent r="3" t="39" w="402" /><ent r="3" t="59" w="23" /><ent r="3" t="61" w="724" /><ent r="3" t="61" w="777" /><ent r="3" t="69" w="135" /><ent r="6" t="70" w="1436" /></phr><phr n="Matches"><ent r="100" t="15" w="87" /><ent r="100" t="17" w="360" /><ent r="100" t="17" w="362" /><ent r="83" t="17" w="365" /><ent r="100" t="24" w="4" /><ent r="100" t="24" w="224" /><ent r="100" t="35" w="159" /><ent r="100" t="35" w="694" /></phr><phr n="matches"><ent r="4" t="17" w="425" /><ent r="6" t="24" w="2916" /><ent r="6" t="24" w="2932" /><ent r="6" t="24" w="2952" /><ent r="3" t="28" w="108" /><ent r="3" t="35" w="697" /><ent r="3" t="35" w="703" /><ent r="3" t="35" w="870" /><ent r="4" t="37" w="1953" /><ent r="3" t="37" w="2423" /><ent r="3" t="37" w="4525" /><ent r="3" t="37" w="4561" /><ent r="3" t="39" w="336" /><ent r="3" t="40" w="558" /><ent r="3" t="51" w="76" /><ent r="4" t="66" w="123" /><ent r="3" t="66" w="378" /><ent r="3" t="69" w="167" /><ent r="3" t="69" w="204" /><ent r="6" t="70" w="1236" /></phr><phr n="Matching"><ent r="100" t="24" w="382" /><ent r="4" t="24" w="385" /><ent r="100" t="35" w="170" /><ent r="65" t="35" w="173" /><ent r="92" t="35" w="620" /><ent r="3" t="35" w="644" /><ent r="100" t="35" w="712" /><ent r="82" t="35" w="717" /><ent r="65" t="37" w="1972" /><ent r="64" t="37" w="2442" /></phr><phr n="matching"><ent r="4" t="24" w="706" /><ent r="4" t="24" w="728" /><ent r="3" t="34" w="567" /><ent r="4" t="35" w="667" /><ent r="4" t="35" w="686" /></phr><phr n="matched"><ent r="4" t="35" w="815" /><ent r="3" t="37" w="2311" /></phr><phr n="MaTCH"><ent r="100" t="37" w="2306" /></phr></stem><stem n="expt"><phr n="EXPT"><ent r="5" t="13" w="1118" /><ent r="3" t="35" w="625" /><ent r="3" t="35" w="753" /><ent r="4" t="35" w="840" /><ent r="100" t="37" w="235" /><ent r="65" t="37" w="237" /><ent r="100" t="37" w="856" /><ent r="83" t="37" w="1849" /><ent r="5" t="37" w="1856" /><ent r="4" t="37" w="1918" /><ent r="4" t="37" w="1941" /><ent r="4" t="37" w="1959" /><ent r="3" t="37" w="1977" /><ent r="3" t="37" w="1987" /><ent r="3" t="37" w="2392" /><ent r="3" t="37" w="2411" /><ent r="3" t="37" w="2429" /><ent r="5" t="37" w="3266" /><ent r="5" t="37" w="3779" /><ent r="3" t="37" w="3891" /><ent r="3" t="37" w="3963" /><ent r="3" t="37" w="4164" /><ent r="3" t="37" w="4303" /><ent r="5" t="37" w="4430" /><ent r="100" t="39" w="478" /><ent r="3" t="39" w="482" /></phr></stem><stem n="mtch"><phr n="MTCH"><ent r="5" t="13" w="1120" /><ent r="3" t="34" w="485" /><ent r="3" t="34" w="513" /><ent r="3" t="34" w="543" /><ent r="100" t="35" w="397" /><ent r="5" t="35" w="399" /><ent r="3" t="35" w="406" /><ent r="3" t="35" w="418" /><ent r="3" t="35" w="431" /><ent r="3" t="35" w="623" /><ent r="3" t="35" w="751" /><ent r="4" t="35" w="838" /><ent r="3" t="35" w="920" /><ent r="3" t="35" w="940" /><ent r="3" t="35" w="955" /><ent r="3" t="35" w="1272" /><ent r="3" t="35" w="1564" /><ent r="3" t="35" w="1586" /><ent r="3" t="35" w="1696" /><ent r="3" t="35" w="1699" /><ent r="3" t="35" w="1703" /><ent r="100" t="37" w="255" /><ent r="65" t="37" w="257" /><ent r="6" t="37" w="427" /><ent r="4" t="37" w="1922" /><ent r="4" t="37" w="1926" /><ent r="4" t="37" w="1961" /><ent r="83" t="37" w="2346" /><ent r="5" t="37" w="2353" /><ent r="3" t="37" w="2388" /><ent r="3" t="37" w="2396" /><ent r="3" t="37" w="2431" /><ent r="3" t="37" w="2446" /><ent r="5" t="37" w="2845" /><ent r="5" t="37" w="3270" /><ent r="5" t="37" w="3786" /><ent r="3" t="37" w="3912" /><ent r="3" t="37" w="3931" /><ent r="3" t="37" w="3948" /><ent r="3" t="37" w="4005" /><ent r="3" t="37" w="4048" /><ent r="3" t="37" w="4394" /><ent r="5" t="37" w="4435" /><ent r="3" t="37" w="4458" /><ent r="100" t="39" w="488" /><ent r="3" t="39" w="490" /><ent r="3" t="39" w="508" /><ent r="3" t="39" w="526" /><ent r="3" t="39" w="544" /></phr></stem><stem n="base64"><phr n="base64"><ent r="5" t="13" w="1124" /><ent r="5" t="13" w="1132" /><ent r="6" t="24" w="2589" /></phr><phr n="Base64"><ent r="100" t="24" w="2586" /><ent r="100" t="35" w="1422" /></phr><phr n="BASE64"><ent r="6" t="35" w="1425" /></phr></stem><stem n="str"><phr n="str"><ent r="5" t="13" w="1125" /><ent r="5" t="13" w="1136" /><ent r="5" t="13" w="1150" /><ent r="5" t="13" w="1210" /><ent r="5" t="13" w="1256" /><ent r="5" t="13" w="1442" /><ent r="6" t="13" w="1450" /><ent r="6" t="13" w="1462" /><ent r="4" t="24" w="664" /><ent r="4" t="24" w="737" /><ent r="4" t="24" w="746" /><ent r="4" t="24" w="802" /><ent r="4" t="24" w="857" /><ent r="4" t="24" w="864" /><ent r="3" t="24" w="1122" /><ent r="4" t="24" w="1133" /><ent r="3" t="24" w="1886" /><ent r="4" t="24" w="2157" /><ent r="4" t="24" w="2172" /><ent r="4" t="24" w="2202" /><ent r="5" t="24" w="2311" /><ent r="4" t="24" w="2353" /><ent r="4" t="24" w="2366" /><ent r="5" t="24" w="2498" /><ent r="3" t="44" w="663" /><ent r="3" t="44" w="677" /><ent r="3" t="44" w="681" /><ent r="3" t="49" w="869" /><ent r="3" t="61" w="1178" /><ent r="3" t="61" w="1183" /></phr><phr n="Str"><ent r="100" t="24" w="232" /></phr></stem><stem n="{_base64:str}"><phr n="{_base64:str}"><ent r="5" t="13" w="1126" /></phr></stem><stem n="encod"><phr n="Encode"><ent r="5" t="13" w="1127" /><ent r="5" t="13" w="1138" /><ent r="4" t="37" w="470" /><ent r="3" t="37" w="1069" /></phr><phr n="Encodes"><ent r="5" t="13" w="1258" /></phr><phr n="encoding"><ent r="5" t="35" w="1434" /></phr><phr n="encoded"><ent r="5" t="35" w="1452" /><ent r="4" t="60" w="68" /></phr><phr n="Encoding"><ent r="3" t="37" w="959" /><ent r="3" t="37" w="1081" /></phr></stem><stem n="argument"><phr n="argument"><ent r="5" t="13" w="1130" /><ent r="5" t="13" w="1141" /><ent r="5" t="13" w="1158" /><ent r="5" t="13" w="1217" /><ent r="5" t="13" w="1226" /><ent r="3" t="14" w="1209" /><ent r="4" t="24" w="668" /><ent r="3" t="24" w="927" /><ent r="4" t="24" w="1199" /><ent r="4" t="24" w="1207" /><ent r="4" t="24" w="1215" /><ent r="4" t="24" w="1223" /><ent r="4" t="24" w="1233" /><ent r="4" t="24" w="1243" /><ent r="4" t="24" w="1251" /><ent r="4" t="24" w="1261" /><ent r="4" t="24" w="1274" /><ent r="4" t="24" w="1284" /><ent r="4" t="24" w="1294" /><ent r="3" t="24" w="1640" /><ent r="3" t="24" w="1654" /><ent r="3" t="34" w="626" /><ent r="4" t="35" w="366" /><ent r="4" t="35" w="378" /><ent r="4" t="35" w="1099" /><ent r="3" t="35" w="1542" /><ent r="3" t="37" w="3396" /><ent r="4" t="41" w="346" /><ent r="4" t="46" w="168" /><ent r="4" t="55" w="342" /></phr><phr n="arguments"><ent r="3" t="13" w="1367" /><ent r="4" t="24" w="754" /><ent r="3" t="24" w="1145" /><ent r="3" t="34" w="908" /><ent r="3" t="34" w="943" /><ent r="3" t="34" w="1038" /><ent r="4" t="35" w="391" /><ent r="3" t="35" w="479" /><ent r="4" t="35" w="482" /><ent r="3" t="35" w="992" /><ent r="4" t="35" w="995" /><ent r="3" t="35" w="1030" /><ent r="4" t="35" w="1641" /><ent r="3" t="35" w="1670" /><ent r="4" t="37" w="648" /><ent r="4" t="37" w="687" /><ent r="3" t="37" w="2730" /><ent r="3" t="37" w="2771" /><ent r="3" t="37" w="2780" /><ent r="3" t="37" w="3027" /><ent r="3" t="37" w="3036" /><ent r="4" t="40" w="228" /><ent r="3" t="40" w="292" /><ent r="3" t="40" w="637" /><ent r="3" t="40" w="651" /><ent r="3" t="40" w="1109" /><ent r="3" t="40" w="1127" /><ent r="3" t="40" w="1232" /><ent r="4" t="41" w="63" /><ent r="4" t="41" w="203" /><ent r="4" t="41" w="286" /><ent r="4" t="41" w="308" /><ent r="3" t="41" w="469" /><ent r="3" t="44" w="853" /><ent r="3" t="44" w="875" /><ent r="4" t="47" w="322" /><ent r="3" t="48" w="118" /><ent r="3" t="55" w="87" /><ent r="3" t="61" w="907" /></phr><phr n="Argument"><ent r="100" t="35" w="156" /><ent r="100" t="35" w="162" /><ent r="65" t="35" w="166" /><ent r="100" t="35" w="176" /><ent r="65" t="35" w="182" /><ent r="92" t="35" w="472" /><ent r="92" t="35" w="985" /></phr><phr n="Arguments"><ent r="82" t="35" w="1017" /><ent r="3" t="61" w="910" /><ent r="3" t="61" w="917" /><ent r="3" t="61" w="939" /><ent r="3" t="61" w="946" /><ent r="3" t="61" w="957" /><ent r="3" t="61" w="964" /><ent r="3" t="61" w="972" /><ent r="3" t="61" w="979" /><ent r="3" t="61" w="987" /><ent r="3" t="61" w="995" /></phr></stem><stem n="cvspassword"><phr n="cvspassword"><ent r="5" t="13" w="1135" /></phr><phr n="CVSPASSWORD"><ent r="100" t="35" w="1442" /><ent r="6" t="35" w="1445" /></phr></stem><stem n="{_cvspassword:str}"><phr n="{_cvspassword:str}"><ent r="5" t="13" w="1137" /></phr></stem><stem n="cv"><phr n="cvs"><ent r="5" t="13" w="1144" /></phr><phr n="CVS"><ent r="5" t="35" w="1460" /></phr></stem><stem n="algorithm"><phr n="algorithm"><ent r="5" t="13" w="1146" /></phr></stem><stem n="md5"><phr n="md5"><ent r="5" t="13" w="1149" /><ent r="3" t="55" w="561" /><ent r="3" t="55" w="618" /></phr><phr n="MD5"><ent r="5" t="13" w="1153" /><ent r="5" t="13" w="1245" /><ent r="100" t="55" w="459" /><ent r="3" t="55" w="544" /><ent r="3" t="55" w="604" /></phr></stem><stem n="{_md5:str}"><phr n="{_md5:str}"><ent r="5" t="13" w="1151" /></phr></stem><stem n="hash"><phr n="hash"><ent r="5" t="13" w="1154" /></phr></stem><stem n="hexadecim"><phr n="hexadecimal"><ent r="5" t="13" w="1160" /><ent r="6" t="16" w="684" /><ent r="4" t="24" w="1225" /><ent r="4" t="24" w="1264" /><ent r="3" t="24" w="1584" /><ent r="6" t="24" w="2620" /><ent r="6" t="24" w="2637" /><ent r="4" t="37" w="1007" /><ent r="4" t="37" w="1012" /></phr><phr n="Hexadecimal"><ent r="100" t="15" w="21" /><ent r="100" t="16" w="514" /><ent r="7" t="16" w="625" /><ent r="9" t="16" w="962" /><ent r="100" t="35" w="587" /><ent r="5" t="35" w="590" /></phr><phr n="HEXADECIMAL"><ent r="3" t="19" w="672" /><ent r="3" t="19" w="1116" /><ent r="3" t="19" w="1359" /><ent r="4" t="29" w="805" /><ent r="4" t="29" w="815" /></phr></stem><stem n="idlelin"><phr n="idleline"><ent r="5" t="13" w="1163" /></phr><phr n="IDLELINE"><ent r="100" t="39" w="564" /><ent r="3" t="39" w="584" /></phr></stem><stem n="{_idleline}"><phr n="{_idleline}"><ent r="5" t="13" w="1164" /></phr></stem><stem n="handler"><phr n="handler"><ent r="5" t="13" w="1177" /><ent r="3" t="35" w="1522" /><ent r="3" t="35" w="1608" /><ent r="3" t="37" w="3769" /><ent r="3" t="37" w="3804" /></phr></stem><stem n="secsconnect"><phr n="secsconnected"><ent r="5" t="13" w="1182" /></phr></stem><stem n="{_secsconnected}"><phr n="{_secsconnected}"><ent r="5" t="13" w="1183" /></phr></stem><stem n="disconnect"><phr n="disconnected"><ent r="5" t="13" w="1202" /><ent r="4" t="37" w="317" /><ent r="3" t="37" w="1436" /><ent r="3" t="37" w="3828" /><ent r="3" t="39" w="590" /></phr><phr n="disconnection"><ent r="3" t="35" w="1509" /><ent r="3" t="37" w="1451" /><ent r="3" t="37" w="3841" /></phr><phr n="disconnect"><ent r="3" t="37" w="1456" /></phr><phr n="DISCONNECT"><ent r="100" t="39" w="480" /><ent r="3" t="39" w="486" /><ent r="3" t="39" w="585" /></phr></stem><stem n="immedi"><phr n="immediately"><ent r="5" t="13" w="1203" /><ent r="3" t="19" w="55" /><ent r="3" t="24" w="1413" /><ent r="3" t="26" w="776" /><ent r="3" t="35" w="1517" /><ent r="4" t="37" w="576" /><ent r="3" t="37" w="2072" /><ent r="3" t="37" w="2117" /><ent r="3" t="37" w="4439" /><ent r="3" t="58" w="389" /></phr></stem><stem n="{_length:str}"><phr n="{_length:str}"><ent r="5" t="13" w="1211" /></phr></stem><stem n="float"><phr n="float"><ent r="5" t="13" w="1222" /></phr><phr n="floating"><ent r="5" t="13" w="1231" /><ent r="4" t="24" w="131" /><ent r="4" t="24" w="1276" /><ent r="4" t="24" w="1286" /><ent r="4" t="24" w="1296" /><ent r="3" t="24" w="1504" /><ent r="3" t="34" w="712" /><ent r="3" t="34" w="1077" /></phr><phr n="Floating"><ent r="72" t="24" w="1499" /></phr></stem><stem n="num"><phr n="num"><ent r="5" t="13" w="1223" /><ent r="100" t="37" w="368" /><ent r="65" t="37" w="372" /><ent r="83" t="37" w="2895" /><ent r="3" t="55" w="139" /><ent r="5" t="55" w="220" /></phr><phr n="Num"><ent r="100" t="35" w="179" /><ent r="100" t="55" w="116" /></phr></stem><stem n="{_float:num}"><phr n="{_float:num}"><ent r="5" t="13" w="1224" /></phr></stem><stem n="pretti"><phr n="pretty"><ent r="5" t="13" w="1227" /></phr></stem><stem n="pretty-print"><phr n="pretty-printed"><ent r="5" t="13" w="1227" /></phr></stem><stem n="&quot;pretty-printed&quot;"><phr n="&quot;pretty-printed&quot;"><ent r="5" t="13" w="1229" /></phr></stem><stem n="printf"><phr n="printf"><ent r="5" t="13" w="1235" /><ent r="4" t="13" w="1612" /><ent r="3" t="61" w="513" /></phr></stem><stem n="%g."><phr n="%g."><ent r="5" t="13" w="1237" /></phr></stem><stem n="hmac"><phr n="hmac"><ent r="5" t="13" w="1239" /></phr><phr n="HMAC"><ent r="5" t="13" w="1244" /></phr></stem><stem n="kei"><phr n="key"><ent r="5" t="13" w="1240" /><ent r="5" t="13" w="1252" /><ent r="3" t="37" w="1382" /></phr><phr n="KEY"><ent r="3" t="56" w="225" /></phr></stem><stem n="msg"><phr n="msg"><ent r="5" t="13" w="1241" /></phr></stem><stem n="{_hmac:key:msg}"><phr n="{_hmac:key:msg}"><ent r="5" t="13" w="1242" /></phr></stem><stem n="-md5"><phr n="-MD5"><ent r="5" t="13" w="1244" /><ent r="5" t="13" w="1244" /></phr></stem></index>