<?xml version="1.0" encoding="utf-8"?><index><stem n="(&quot;\1\2\3\0&quot;,"><phr n="(&quot;\1\2\3\0&quot;,"><ent r="5" t="24" w="2443" /></phr></stem><stem n="longer"><phr n="longer"><ent r="4" t="24" w="2450" /><ent r="3" t="34" w="868" /><ent r="4" t="37" w="377" /><ent r="4" t="37" w="2293" /><ent r="3" t="37" w="2907" /></phr></stem><stem n="endian"><phr n="Endian"><ent r="100" t="24" w="2460" /></phr><phr n="endian"><ent r="4" t="24" w="2464" /><ent r="4" t="24" w="2479" /><ent r="4" t="24" w="2483" /><ent r="100" t="24" w="2598" /><ent r="6" t="24" w="2601" /><ent r="100" t="24" w="2608" /><ent r="6" t="24" w="2611" /></phr></stem><stem n="target"><phr n="target"><ent r="4" t="24" w="2473" /><ent r="3" t="56" w="304" /><ent r="3" t="56" w="316" /><ent r="4" t="65" w="99" /><ent r="3" t="65" w="108" /><ent r="4" t="65" w="219" /><ent r="4" t="65" w="255" /><ent r="3" t="65" w="265" /><ent r="3" t="66" w="26" /><ent r="4" t="66" w="32" /><ent r="3" t="66" w="46" /><ent r="3" t="66" w="63" /><ent r="3" t="66" w="452" /><ent r="3" t="66" w="521" /><ent r="4" t="67" w="184" /><ent r="4" t="67" w="197" /><ent r="4" t="67" w="204" /><ent r="6" t="68" w="72" /><ent r="6" t="68" w="166" /><ent r="6" t="68" w="281" /><ent r="6" t="68" w="299" /><ent r="6" t="68" w="680" /><ent r="7" t="68" w="755" /><ent r="7" t="68" w="760" /><ent r="7" t="68" w="766" /><ent r="6" t="68" w="797" /><ent r="3" t="69" w="70" /><ent r="3" t="69" w="92" /><ent r="3" t="70" w="124" /><ent r="3" t="71" w="11" /><ent r="3" t="71" w="236" /><ent r="3" t="71" w="323" /><ent r="3" t="71" w="368" /><ent r="3" t="71" w="387" /><ent r="3" t="72" w="29" /></phr><phr n="Target"><ent r="66" t="65" w="153" /><ent r="1000" t="66" w="1" /><ent r="102" t="66" w="4" /><ent r="100" t="66" w="191" /><ent r="92" t="66" w="195" /><ent r="100" t="66" w="436" /><ent r="92" t="66" w="445" /><ent r="100" t="66" w="506" /><ent r="92" t="66" w="511" /></phr><phr n="targets"><ent r="3" t="66" w="648" /><ent r="3" t="66" w="676" /><ent r="3" t="66" w="686" /></phr></stem><stem n="platform'"><phr n="platform's"><ent r="4" t="24" w="2475" /><ent r="4" t="24" w="2474" /></phr></stem><stem n="(littl"><phr n="(little"><ent r="4" t="24" w="2478" /></phr></stem><stem n="littl"><phr n="little"><ent r="4" t="24" w="2478" /><ent r="6" t="24" w="2610" /></phr><phr n="Little"><ent r="100" t="24" w="2607" /></phr></stem><stem n="#format"><phr n="#formats"><ent r="3" t="24" w="2501" /><ent r="3" t="24" w="2509" /><ent r="3" t="24" w="2517" /></phr></stem><stem n="td"><phr n="td"><ent r="3" t="24" w="2502" /><ent r="3" t="24" w="2510" /><ent r="3" t="24" w="2512" /><ent r="3" t="24" w="2518" /></phr></stem><stem n=".code"><phr n=".code"><ent r="3" t="24" w="2504" /></phr></stem><stem n="p.code"><phr n="p.code"><ent r="3" t="24" w="2504" /><ent r="3" t="24" w="2503" /></phr></stem><stem n="{width:"><phr n="{width:"><ent r="3" t="24" w="2506" /></phr></stem><stem n="40px"><phr n="40px"><ent r="3" t="24" w="2506" /></phr></stem><stem n="margin"><phr n="margin"><ent r="3" t="24" w="2507" /><ent r="3" t="24" w="2513" /></phr></stem><stem n=";margin:"><phr n=";margin:"><ent r="3" t="24" w="2508" /></phr></stem><stem n=";}"><phr n=";}"><ent r="3" t="24" w="2509" /><ent r="3" t="24" w="2523" /></phr></stem><stem n=".td"><phr n=".td"><ent r="3" t="24" w="2512" /></phr></stem><stem n="p.td"><phr n="p.td"><ent r="3" t="24" w="2512" /><ent r="3" t="24" w="2511" /></phr></stem><stem n="{margin:0;padding:0;}"><phr n="{margin:0;padding:0;}"><ent r="3" t="24" w="2517" /></phr></stem><stem n="height"><phr n="height"><ent r="3" t="24" w="2519" /><ent r="3" t="73" w="27" /><ent r="4" t="73" w="50" /><ent r="4" t="73" w="58" /><ent r="100" t="73" w="67" /><ent r="5" t="73" w="72" /></phr></stem><stem n="{height:"><phr n="{height:"><ent r="3" t="24" w="2520" /></phr></stem><stem n=";padding:"><phr n=";padding:"><ent r="3" t="24" w="2522" /></phr></stem><stem n="5px"><phr n="5px"><ent r="3" t="24" w="2522" /></phr></stem><stem n="(1"><phr n="(1"><ent r="6" t="24" w="2535" /><ent r="6" t="24" w="2544" /></phr></stem><stem n="(4"><phr n="(4"><ent r="6" t="24" w="2553" /><ent r="6" t="24" w="2562" /></phr></stem><stem n="(2"><phr n="(2"><ent r="6" t="24" w="2571" /><ent r="6" t="24" w="2580" /></phr></stem><stem n="#b"><phr n="#B"><ent r="7" t="24" w="2583" /></phr></stem><stem n="-endian"><phr n="-endian"><ent r="100" t="24" w="2597" /><ent r="100" t="24" w="2597" /><ent r="6" t="24" w="2600" /><ent r="6" t="24" w="2600" /><ent r="100" t="24" w="2607" /><ent r="100" t="24" w="2607" /><ent r="6" t="24" w="2610" /><ent r="6" t="24" w="2610" /></phr></stem><stem n="big-endian"><phr n="Big-endian"><ent r="100" t="24" w="2597" /></phr><phr n="big-endian"><ent r="6" t="24" w="2600" /></phr></stem><stem n="little-endian"><phr n="Little-endian"><ent r="100" t="24" w="2607" /></phr><phr n="little-endian"><ent r="6" t="24" w="2610" /></phr></stem><stem n="decod"><phr n="decodes"><ent r="6" t="24" w="2617" /><ent r="6" t="24" w="2634" /></phr><phr n="decode"><ent r="4" t="37" w="457" /><ent r="3" t="37" w="939" /></phr><phr n="Decode"><ent r="3" t="61" w="684" /></phr></stem><stem n="32"><phr n="32"><ent r="6" t="24" w="2628" /><ent r="4" t="29" w="272" /><ent r="3" t="34" w="660" /></phr></stem><stem n="32-bit"><phr n="32-bits"><ent r="6" t="24" w="2628" /></phr><phr n="32-bit"><ent r="4" t="29" w="272" /></phr></stem><stem n="-bits)"><phr n="-bits)"><ent r="6" t="24" w="2630" /><ent r="6" t="24" w="2630" /></phr></stem><stem n="#h"><phr n="#H"><ent r="6" t="24" w="2631" /></phr></stem><stem n="&quot;\1&quot;,"><phr n="&quot;\1&quot;,"><ent r="3" t="24" w="2648" /></phr></stem><stem n="&quot;c&quot;)"><phr n="&quot;c&quot;)"><ent r="3" t="24" w="2649" /></phr></stem><stem n="&quot;\1\2\3\4&quot;,"><phr n="&quot;\1\2\3\4&quot;,"><ent r="3" t="24" w="2656" /><ent r="3" t="24" w="2664" /></phr></stem><stem n="16909060"><phr n="16909060"><ent r="3" t="24" w="2658" /></phr></stem><stem n="&lt;l"><phr n="&lt;L"><ent r="3" t="24" w="2664" /></phr></stem><stem n="&quot;&lt;l&quot;)"><phr n="&quot;&lt;L&quot;)"><ent r="3" t="24" w="2665" /></phr></stem><stem n="67305985"><phr n="67305985"><ent r="3" t="24" w="2666" /></phr></stem><stem n="bs64"><phr n="BS64"><ent r="3" t="24" w="2668" /></phr></stem><stem n="&quot;bs64&quot;,"><phr n="&quot;BS64&quot;,"><ent r="3" t="24" w="2669" /></phr></stem><stem n="&quot;#b&quot;)"><phr n="&quot;#B&quot;)"><ent r="3" t="24" w="2670" /></phr></stem><stem n="&quot;...&quot;"><phr n="&quot;...&quot;"><ent r="3" t="24" w="2671" /><ent r="3" t="24" w="2672" /></phr></stem><stem n="(where"><phr n="(where"><ent r="3" t="24" w="2671" /><ent r="3" t="54" w="149" /></phr></stem><stem n="x5"><phr n="x5"><ent r="3" t="24" w="2673" /></phr></stem><stem n="x2e"><phr n="x2e"><ent r="3" t="24" w="2674" /></phr></stem><stem n="xb8"><phr n="xb8"><ent r="3" t="24" w="2675" /></phr></stem><stem n="&quot;\x5\x2e\xb8&quot;)"><phr n="&quot;\x5\x2e\xb8&quot;)"><ent r="3" t="24" w="2676" /></phr></stem><stem n="&quot;\1\2\3&quot;,"><phr n="&quot;\1\2\3&quot;,"><ent r="3" t="24" w="2680" /></phr></stem><stem n="16909056"><phr n="16909056"><ent r="3" t="24" w="2682" /></phr></stem><stem n="1f"><phr n="1F"><ent r="3" t="24" w="2684" /></phr></stem><stem n="&quot;1f&quot;,"><phr n="&quot;1F&quot;,"><ent r="3" t="24" w="2685" /></phr></stem><stem n="&quot;h&quot;)"><phr n="&quot;H&quot;)"><ent r="3" t="24" w="2686" /></phr></stem><stem n="42696c6c207761732068657265"><phr n="42696c6c207761732068657265"><ent r="3" t="24" w="2689" /></phr></stem><stem n="&quot;42696c6c207761732068657265&quot;,"><phr n="&quot;42696c6c207761732068657265&quot;,"><ent r="3" t="24" w="2690" /></phr></stem><stem n="&quot;#h&quot;)"><phr n="&quot;#H&quot;)"><ent r="3" t="24" w="2691" /></phr></stem><stem n="&quot;bill"><phr n="&quot;Bill"><ent r="3" t="24" w="2692" /></phr></stem><stem n="bill"><phr n="Bill"><ent r="3" t="24" w="2692" /><ent r="3" t="56" w="679" /></phr></stem><stem n=".0:"><phr n=".0:"><ent r="3" t="24" w="2756" /></phr></stem><stem n="fw"><phr n="FW"><ent r="3" t="24" w="2757" /></phr></stem><stem n="tr6"><phr n="TR6"><ent r="3" t="24" w="2758" /></phr></stem><stem n="tr6-3"><phr n="TR6-3"><ent r="3" t="24" w="2758" /></phr></stem><stem n="tr6-3.1"><phr n="TR6-3.1"><ent r="3" t="24" w="2760" /><ent r="3" t="24" w="2759" /></phr></stem><stem n="tr6-3.1.4rt"><phr n="TR6-3.1.4Rt"><ent r="3" t="24" w="2761" /><ent r="3" t="24" w="2759" /></phr></stem><stem n="4rt"><phr n="4Rt"><ent r="3" t="24" w="2761" /></phr></stem><stem n="tr6-3.1.4rt_f213e4"><phr n="TR6-3.1.4Rt_F213E4"><ent r="3" t="24" w="2762" /><ent r="3" t="24" w="2759" /></phr></stem><stem n="f213e4"><phr n="F213E4"><ent r="3" t="24" w="2762" /></phr></stem><stem n="tr6-3.1.4rt_f213e4,"><phr n="TR6-3.1.4Rt_F213E4,"><ent r="3" t="24" w="2762" /><ent r="3" t="24" w="2759" /></phr></stem><stem n="-3.1.4rt_f213e4,"><phr n="-3.1.4Rt_F213E4,"><ent r="3" t="24" w="2763" /><ent r="3" t="24" w="2763" /></phr></stem><stem n="2.4ghz"><phr n="2.4GHz"><ent r="3" t="24" w="2764" /><ent r="3" t="24" w="2763" /></phr></stem><stem n="4ghz"><phr n="4GHz"><ent r="3" t="24" w="2764" /></phr></stem><stem n="2.4ghz,"><phr n="2.4GHz,"><ent r="3" t="24" w="2764" /><ent r="3" t="24" w="2763" /></phr></stem><stem n=".4ghz,"><phr n=".4GHz,"><ent r="3" t="24" w="2765" /></phr></stem><stem n="0dbi"><phr n="0dBi"><ent r="3" t="24" w="2765" /></phr></stem><stem n="ext"><phr n="ext"><ent r="3" t="24" w="2766" /></phr></stem><stem n="antenna"><phr n="antenna"><ent r="3" t="24" w="2767" /><ent r="3" t="24" w="2823" /><ent r="3" t="24" w="2833" /></phr><phr n="Antenna"><ent r="3" t="24" w="2837" /></phr></stem><stem n="&quot;system"><phr n="&quot;system"><ent r="3" t="24" w="2812" /></phr></stem><stem n="&quot;$sysdescr&quot;"><phr n="&quot;$sysDescr&quot;"><ent r="3" t="24" w="2816" /></phr></stem><stem n="&quot;^fw"><phr n="&quot;^FW"><ent r="3" t="24" w="2817" /></phr></stem><stem n="^fw"><phr n="^FW"><ent r="3" t="24" w="2817" /></phr></stem><stem n="^"><phr n="^"><ent r="3" t="24" w="2818" /><ent r="6" t="24" w="2915" /></phr></stem><stem n="([^,]+),"><phr n="([^,]+),"><ent r="3" t="24" w="2820" /></phr></stem><stem n="hz"><phr n="Hz"><ent r="3" t="24" w="2821" /></phr></stem><stem n="(.+)hz,"><phr n="(.+)Hz,"><ent r="3" t="24" w="2822" /></phr></stem><stem n="(.+)"><phr n="(.+)"><ent r="3" t="24" w="2823" /></phr></stem><stem n=";&quot;${1}&quot;,"><phr n=";&quot;${1}&quot;,"><ent r="3" t="24" w="2826" /></phr></stem><stem n="&quot;firmware&quot;"><phr n="&quot;Firmware&quot;"><ent r="3" t="24" w="2828" /></phr></stem><stem n="frequenc"><phr n="frequency"><ent r="3" t="24" w="2828" /></phr><phr n="Frequency"><ent r="3" t="24" w="2832" /></phr></stem><stem n="&quot;${2}&quot;,"><phr n="&quot;${2}&quot;,"><ent r="3" t="24" w="2831" /></phr></stem><stem n="&quot;frequency&quot;"><phr n="&quot;Frequency&quot;"><ent r="3" t="24" w="2833" /></phr></stem><stem n="&quot;${3}&quot;,"><phr n="&quot;${3}&quot;,"><ent r="3" t="24" w="2836" /></phr></stem><stem n="&quot;antenna&quot;"><phr n="&quot;Antenna&quot;"><ent r="3" t="24" w="2838" /></phr></stem><stem n="(oid"><phr n="(OID"><ent r="4" t="24" w="2847" /></phr></stem><stem n=".3.6.1.2.1.1.1.0)"><phr n=".3.6.1.2.1.1.1.0)"><ent r="4" t="24" w="2858" /></phr></stem><stem n="$firmwar"><phr n="$firmware"><ent r="4" t="24" w="2870" /><ent r="6" t="24" w="2994" /></phr></stem><stem n="thing"><phr n="things"><ent r="4" t="24" w="2878" /><ent r="4" t="38" w="392" /><ent r="3" t="50" w="242" /></phr><phr n="thing"><ent r="3" t="27" w="295" /><ent r="3" t="42" w="88" /></phr></stem><stem n="go"><phr n="going"><ent r="4" t="24" w="2879" /><ent r="3" t="37" w="1230" /><ent r="4" t="37" w="1943" /><ent r="3" t="37" w="2413" /></phr><phr n="go"><ent r="3" t="27" w="85" /><ent r="3" t="35" w="1040" /><ent r="3" t="35" w="1603" /><ent r="65" t="52" w="131" /></phr></stem><stem n="&quot;=~&quot;"><phr n="&quot;=~&quot;"><ent r="6" t="24" w="2887" /></phr></stem><stem n="&quot;[^,]&quot;"><phr n="&quot;[^,]&quot;"><ent r="6" t="24" w="2916" /></phr></stem><stem n="&quot;+&quot;"><phr n="&quot;+&quot;"><ent r="6" t="24" w="2928" /></phr></stem><stem n="pattern"><phr n="pattern"><ent r="6" t="24" w="2930" /><ent r="6" t="24" w="2941" /><ent r="3" t="35" w="730" /></phr><phr n="patterns"><ent r="3" t="35" w="739" /></phr></stem><stem n="-comma"><phr n="-comma"><ent r="6" t="24" w="2934" /><ent r="6" t="24" w="2934" /></phr></stem><stem n="non-comma"><phr n="non-comma"><ent r="6" t="24" w="2934" /></phr></stem><stem n="serv"><phr n="serve"><ent r="6" t="24" w="2942" /></phr><phr n="served"><ent r="3" t="58" w="91" /></phr><phr n="serves"><ent r="3" t="71" w="57" /></phr></stem><stem n="memor"><phr n="memorize"><ent r="6" t="24" w="2944" /></phr></stem><stem n="paren"><phr n="paren"><ent r="6" t="24" w="2950" /><ent r="4" t="31" w="230" /></phr></stem><stem n="paren'"><phr n="paren's"><ent r="6" t="24" w="2951" /><ent r="6" t="24" w="2950" /><ent r="4" t="31" w="231" /><ent r="4" t="31" w="230" /></phr></stem><stem n="{1},"><phr n="{1},"><ent r="6" t="24" w="2964" /><ent r="4" t="35" w="827" /></phr></stem><stem n="{2},"><phr n="{2},"><ent r="6" t="24" w="2966" /><ent r="3" t="34" w="588" /><ent r="4" t="35" w="832" /></phr></stem><stem n="{3},"><phr n="{3},"><ent r="6" t="24" w="2968" /><ent r="3" t="34" w="590" /></phr></stem><stem n="semicolon"><phr n="semicolon"><ent r="6" t="24" w="2971" /></phr></stem><stem n="&quot;${1}&quot;"><phr n="&quot;${1}&quot;"><ent r="6" t="24" w="2976" /><ent r="3" t="34" w="526" /><ent r="3" t="35" w="940" /><ent r="3" t="35" w="955" /><ent r="3" t="35" w="970" /></phr></stem><stem n="{1}"><phr n="{1}"><ent r="6" t="24" w="2988" /><ent r="6" t="24" w="3003" /><ent r="3" t="34" w="575" /></phr></stem><stem n="$frequenc"><phr n="$frequency"><ent r="4" t="24" w="3007" /></phr></stem><stem n="(${2})."><phr n="(${2})."><ent r="4" t="24" w="3017" /></phr></stem><stem n="$antenna"><phr n="$antenna"><ent r="4" t="24" w="3021" /></phr></stem><stem n="(${3})."><phr n="(${3})."><ent r="4" t="24" w="3031" /></phr></stem><stem n="beyond"><phr n="beyond"><ent r="3" t="24" w="3036" /><ent r="3" t="37" w="976" /><ent r="3" t="37" w="1099" /></phr></stem><stem n="scope"><phr n="scope"><ent r="3" t="24" w="3038" /><ent r="4" t="26" w="273" /><ent r="3" t="37" w="978" /><ent r="3" t="37" w="1101" /></phr><phr n="Scoped"><ent r="4" t="26" w="264" /><ent r="3" t="26" w="346" /><ent r="3" t="26" w="391" /></phr><phr n="scoped"><ent r="3" t="26" w="285" /><ent r="3" t="26" w="312" /><ent r="3" t="26" w="399" /><ent r="4" t="26" w="616" /><ent r="3" t="26" w="1002" /></phr></stem><stem n="tutori"><phr n="tutorials"><ent r="3" t="24" w="3055" /></phr><phr n="Tutorial"><ent r="64" t="24" w="3068" /></phr><phr n="tutorial"><ent r="64" t="26" w="475" /><ent r="64" t="26" w="476" /><ent r="3" t="32" w="348" /><ent r="3" t="32" w="349" /><ent r="3" t="32" w="355" /><ent r="3" t="46" w="71" /></phr></stem><stem n="&quot;false&quot;"><phr n="&quot;false&quot;"><ent r="3" t="25" w="66" /></phr></stem><stem n="&quot;10&quot;"><phr n="&quot;10&quot;"><ent r="3" t="25" w="68" /><ent r="3" t="32" w="1141" /></phr></stem><stem n="interface_numb"><phr n="interface_numbered"><ent r="3" t="25" w="69" /><ent r="3" t="25" w="68" /><ent r="5" t="25" w="284" /><ent r="5" t="25" w="283" /></phr></stem><stem n="$ifdescr"><phr n="$ifDescr"><ent r="3" t="25" w="73" /><ent r="3" t="25" w="81" /><ent r="4" t="25" w="263" /></phr></stem><stem n="en2"><phr n="en2"><ent r="3" t="25" w="75" /><ent r="3" t="25" w="83" /></phr></stem><stem n="&quot;en2&quot;)"><phr n="&quot;en2&quot;)"><ent r="3" t="25" w="76" /><ent r="3" t="25" w="84" /></phr></stem><stem n="_visibl"><phr n="_visible"><ent r="3" t="25" w="77" /><ent r="5" t="25" w="217" /></phr></stem><stem n="interface_vis"><phr n="interface_visible"><ent r="3" t="25" w="77" /><ent r="3" t="25" w="76" /><ent r="5" t="25" w="217" /><ent r="5" t="25" w="216" /></phr></stem><stem n="&lt;expression&gt;"><phr n="&lt;expression&gt;"><ent r="5" t="25" w="218" /><ent r="5" t="25" w="285" /></phr></stem><stem n="&quot;filter"><phr n="&quot;filter"><ent r="4" t="25" w="222" /></phr></stem><stem n="filter"><phr n="filter"><ent r="4" t="25" w="222" /></phr></stem><stem n="unnumb"><phr n="unnumbered"><ent r="5" t="25" w="250" /><ent r="6" t="70" w="468" /><ent r="6" t="70" w="613" /></phr></stem><stem n="$iftyp"><phr n="$ifType"><ent r="4" t="25" w="264" /></phr></stem><stem n="$ifalia"><phr n="$ifAlias"><ent r="4" t="25" w="266" /></phr></stem><stem n="&quot;search"><phr n="&quot;search"><ent r="4" t="25" w="289" /></phr></stem><stem n="ipaddrt"><phr n="ipAddrTable"><ent r="4" t="25" w="303" /></phr></stem><stem n="'s:"><phr n="'s:"><ent r="3" t="26" w="24" /><ent r="3" t="26" w="236" /></phr></stem><stem n="-next,"><phr n="-Next,"><ent r="3" t="26" w="52" /><ent r="3" t="26" w="52" /></phr></stem><stem n="trap-condit"><phr n="Trap-Conditional"><ent r="3" t="26" w="52" /><ent r="92" t="26" w="817" /><ent r="3" t="26" w="929" /></phr><phr n="Trap-conditional"><ent r="3" t="26" w="822" /><ent r="3" t="26" w="1009" /></phr></stem><stem n="-conditional,"><phr n="-Conditional,"><ent r="3" t="26" w="54" /><ent r="3" t="26" w="54" /></phr></stem><stem n="-derived."><phr n="-Derived."><ent r="3" t="26" w="57" /><ent r="3" t="26" w="57" /></phr></stem><stem n=".3.6"><phr n=".3.6"><ent r="3" t="26" w="95" /></phr></stem><stem n="invalid"><phr n="Invalid"><ent r="3" t="26" w="97" /><ent r="3" t="26" w="357" /></phr><phr n="invalid"><ent r="3" t="71" w="171" /></phr></stem><stem n="1.3.6."><phr n="1.3.6."><ent r="3" t="26" w="106" /><ent r="3" t="26" w="104" /></phr></stem><stem n=".3.6."><phr n=".3.6."><ent r="3" t="26" w="107" /></phr></stem><stem n="(trail"><phr n="(trailing"><ent r="3" t="26" w="107" /></phr></stem><stem n=".3.6.blah"><phr n=".3.6.blah"><ent r="3" t="26" w="117" /></phr></stem><stem n="1.3.6.blah"><phr n="1.3.6.blah"><ent r="3" t="26" w="117" /><ent r="3" t="26" w="114" /></phr></stem><stem n="blah"><phr n="blah"><ent r="3" t="26" w="117" /><ent r="3" t="35" w="419" /><ent r="3" t="35" w="432" /></phr><phr n="BLAH"><ent r="3" t="35" w="949" /><ent r="3" t="35" w="964" /></phr></stem><stem n="1.3.6.1.2.1.system"><phr n="1.3.6.1.2.1.system"><ent r="3" t="26" w="127" /><ent r="3" t="26" w="121" /></phr></stem><stem n="1.3.6.1.2.1.system.sysuptim"><phr n="1.3.6.1.2.1.system.sysUpTime"><ent r="3" t="26" w="128" /><ent r="3" t="26" w="121" /></phr></stem><stem n=".3.6.1.2.1.system.sysuptime.0"><phr n=".3.6.1.2.1.system.sysUpTime.0"><ent r="3" t="26" w="129" /></phr></stem><stem n="1.3.6.1.2.1.system.sysuptime.0"><phr n="1.3.6.1.2.1.system.sysUpTime.0"><ent r="3" t="26" w="129" /><ent r="3" t="26" w="121" /></phr></stem><stem n="unlik"><phr n="Unlike"><ent r="3" t="26" w="133" /><ent r="3" t="37" w="4427" /><ent r="6" t="70" w="1204" /></phr></stem><stem n="-snmp,"><phr n="-SNMP,"><ent r="3" t="26" w="136" /><ent r="3" t="26" w="136" /></phr></stem><stem n="ascrib"><phr n="ascribes"><ent r="3" t="26" w="137" /></phr></stem><stem n="1.3.6.1."><phr n="1.3.6.1."><ent r="3" t="26" w="194" /><ent r="3" t="26" w="191" /></phr></stem><stem n="1.2"><phr n="1.2"><ent r="3" t="26" w="196" /><ent r="3" t="26" w="195" /><ent r="3" t="39" w="149" /><ent r="3" t="39" w="148" /><ent r="3" t="49" w="529" /><ent r="3" t="49" w="528" /></phr></stem><stem n="&quot;1.3.6.1..1.2&quot;"><phr n="&quot;1.3.6.1..1.2&quot;"><ent r="3" t="26" w="197" /></phr></stem><stem n="abl"><phr n="able"><ent r="3" t="26" w="217" /><ent r="3" t="54" w="212" /><ent r="3" t="64" w="356" /></phr></stem><stem n="subid's."><phr n="subid's."><ent r="4" t="26" w="249" /><ent r="4" t="26" w="248" /></phr></stem><stem n="'s."><phr n="'s."><ent r="4" t="26" w="250" /><ent r="3" t="56" w="138" /></phr></stem><stem n="rel"><phr n="Relative"><ent r="4" t="26" w="251" /><ent r="3" t="26" w="283" /><ent r="3" t="26" w="338" /><ent r="3" t="26" w="381" /><ent r="100" t="35" w="1023" /><ent r="100" t="35" w="1215" /><ent r="100" t="35" w="1226" /><ent r="82" t="35" w="1230" /></phr><phr n="relative"><ent r="4" t="26" w="280" /><ent r="3" t="35" w="1056" /><ent r="4" t="35" w="1069" /><ent r="3" t="58" w="141" /></phr></stem><stem n="::,"><phr n="::,"><ent r="4" t="26" w="275" /></phr></stem><stem n="handi"><phr n="handy"><ent r="3" t="26" w="288" /></phr></stem><stem n="ambigu"><phr n="ambiguous"><ent r="3" t="26" w="293" /></phr></stem><stem n=".e."><phr n=".e."><ent r="3" t="26" w="296" /></phr></stem><stem n="prefer"><phr n="prefer"><ent r="3" t="26" w="310" /></phr><phr n="preference"><ent r="3" t="31" w="57" /></phr><phr n="preferred"><ent r="3" t="34" w="869" /></phr><phr n="Preferences"><ent r="3" t="61" w="837" /><ent r="3" t="61" w="862" /><ent r="3" t="61" w="864" /><ent r="3" t="61" w="1155" /><ent r="3" t="61" w="1169" /><ent r="3" t="61" w="1175" /></phr></stem><stem n="enterprises.9"><phr n="enterprises.9"><ent r="3" t="26" w="332" /><ent r="3" t="26" w="331" /></phr></stem><stem n="enterprises.9.2"><phr n="enterprises.9.2"><ent r="3" t="26" w="333" /><ent r="3" t="26" w="331" /></phr></stem><stem n="enterprises.9.2.3"><phr n="enterprises.9.2.3"><ent r="3" t="26" w="334" /><ent r="3" t="26" w="331" /></phr></stem><stem n="enterprises.9.2.3.4"><phr n="enterprises.9.2.3.4"><ent r="3" t="26" w="335" /><ent r="3" t="26" w="331" /></phr></stem><stem n=".9.2.3.4.5"><phr n=".9.2.3.4.5"><ent r="3" t="26" w="336" /></phr></stem><stem n="enterprises.9.2.3.4.5"><phr n="enterprises.9.2.3.4.5"><ent r="3" t="26" w="336" /><ent r="3" t="26" w="331" /></phr></stem><stem n=".sysuptim"><phr n=".sysUpTime"><ent r="3" t="26" w="340" /></phr></stem><stem n="system.sysuptim"><phr n="system.sysUpTime"><ent r="3" t="26" w="340" /><ent r="3" t="26" w="339" /><ent r="3" t="26" w="343" /><ent r="3" t="26" w="342" /><ent r="3" t="26" w="354" /><ent r="3" t="26" w="353" /></phr></stem><stem n=".sysuptime.0"><phr n=".sysUpTime.0"><ent r="3" t="26" w="344" /></phr></stem><stem n="system.sysuptime.0"><phr n="system.sysUpTime.0"><ent r="3" t="26" w="344" /><ent r="3" t="26" w="342" /><ent r="3" t="26" w="355" /><ent r="3" t="26" w="353" /></phr></stem><stem n="snmpv2"><phr n="SNMPv2"><ent r="3" t="26" w="347" /><ent r="3" t="26" w="351" /><ent r="3" t="26" w="392" /><ent r="3" t="33" w="79" /><ent r="3" t="33" w="83" /></phr></stem><stem n="snmpv2-mib"><phr n="SNMPv2-MIB"><ent r="3" t="26" w="347" /><ent r="3" t="26" w="351" /><ent r="3" t="26" w="392" /></phr></stem><stem n="-mib::sysuptim"><phr n="-MIB::sysUpTime"><ent r="3" t="26" w="349" /><ent r="3" t="26" w="349" /><ent r="3" t="26" w="404" /><ent r="3" t="26" w="404" /></phr></stem><stem n="-mib::system.sysuptime.0"><phr n="-MIB::system.sysUpTime.0"><ent r="3" t="26" w="355" /><ent r="3" t="26" w="355" /></phr></stem><stem n="sysuptiim"><phr n="sysUpTiime"><ent r="3" t="26" w="361" /></phr></stem><stem n="misspel"><phr n="misspelled"><ent r="3" t="26" w="362" /></phr></stem><stem n="(misspelled;"><phr n="(misspelled;"><ent r="3" t="26" w="363" /></phr></stem><stem n="(wrong"><phr n="(wrong"><ent r="3" t="26" w="367" /></phr></stem><stem n="wrong"><phr n="wrong"><ent r="3" t="26" w="367" /><ent r="3" t="26" w="406" /><ent r="4" t="26" w="607" /></phr><phr n="Wrong"><ent r="3" t="49" w="847" /></phr></stem><stem n="%ptime"><phr n="%pTime"><ent r="3" t="26" w="371" /></phr></stem><stem n="ptime"><phr n="pTime"><ent r="3" t="26" w="371" /><ent r="3" t="26" w="447" /></phr></stem><stem n="(disallow"><phr n="(disallowed"><ent r="3" t="26" w="372" /></phr></stem><stem n="disallow"><phr n="disallowed"><ent r="3" t="26" w="372" /></phr></stem><stem n="%)"><phr n="%)"><ent r="3" t="26" w="374" /></phr></stem><stem n="sysuptime.0."><phr n="sysUpTime.0."><ent r="3" t="26" w="376" /><ent r="3" t="26" w="375" /></phr></stem><stem n=".0."><phr n=".0."><ent r="3" t="26" w="377" /></phr></stem><stem n="bad"><phr n="bad"><ent r="3" t="26" w="377" /><ent r="3" t="26" w="384" /><ent r="3" t="26" w="395" /><ent r="3" t="26" w="405" /></phr></stem><stem n="(bad;"><phr n="(bad;"><ent r="3" t="26" w="378" /><ent r="3" t="26" w="385" /><ent r="3" t="26" w="396" /><ent r="3" t="26" w="406" /></phr></stem><stem n=".ifindex"><phr n=".ifIndex"><ent r="3" t="26" w="383" /></phr></stem><stem n="system.ifindex"><phr n="system.ifIndex"><ent r="3" t="26" w="383" /><ent r="3" t="26" w="382" /></phr></stem><stem n="-mib.sysuptim"><phr n="-MIB.sysUpTime"><ent r="3" t="26" w="394" /><ent r="3" t="26" w="394" /></phr></stem><stem n="snmpv2-mib.sysuptim"><phr n="SNMPv2-MIB.sysUpTime"><ent r="3" t="26" w="394" /><ent r="3" t="26" w="393" /></phr></stem><stem n="::"><phr n="::"><ent r="3" t="26" w="398" /><ent r="3" t="26" w="1008" /></phr></stem><stem n="modul"><phr n="module"><ent r="3" t="26" w="408" /><ent r="3" t="33" w="122" /></phr><phr n="MODULE"><ent r="3" t="33" w="71" /><ent r="3" t="33" w="86" /></phr></stem><stem n="&quot;sys%ptime&quot;"><phr n="&quot;sys%pTime&quot;"><ent r="3" t="26" w="448" /></phr></stem><stem n="www.net-snmp.org"><phr n="www.net-snmp.org"><ent r="64" t="26" w="474" /><ent r="64" t="26" w="471" /><ent r="3" t="32" w="347" /><ent r="3" t="32" w="344" /><ent r="3" t="32" w="364" /><ent r="3" t="32" w="361" /></phr></stem><stem n="org"><phr n="org"><ent r="64" t="26" w="474" /><ent r="3" t="32" w="347" /><ent r="3" t="32" w="364" /><ent r="64" t="45" w="234" /><ent r="64" t="46" w="81" /><ent r="64" t="47" w="30" /><ent r="64" t="47" w="228" /><ent r="64" t="47" w="709" /><ent r="3" t="48" w="183" /><ent r="64" t="49" w="984" /><ent r="64" t="49" w="996" /><ent r="64" t="49" w="1021" /><ent r="3" t="61" w="697" /></phr></stem><stem n="www.net-snmp.org/tutori"><phr n="www.net-snmp.org/tutorial"><ent r="64" t="26" w="475" /><ent r="64" t="26" w="471" /><ent r="3" t="32" w="348" /><ent r="3" t="32" w="344" /></phr></stem><stem n="tutorial-5"><phr n="tutorial-5"><ent r="64" t="26" w="476" /></phr></stem><stem n="www.net-snmp.org/tutorial/tutorial-5/command"><phr n="www.net-snmp.org/tutorial/tutorial-5/commands"><ent r="64" t="26" w="478" /><ent r="64" t="26" w="471" /></phr></stem><stem n="output-opt"><phr n="output-options"><ent r="64" t="26" w="479" /></phr></stem><stem n="://www.net-snmp.org/tutorial/tutorial-5/commands/output-options.html"><phr n="://www.net-snmp.org/tutorial/tutorial-5/commands/output-options.html"><ent r="64" t="26" w="481" /></phr></stem><stem n="www.net-snmp.org/tutorial/tutorial-5/commands/output-options.html"><phr n="www.net-snmp.org/tutorial/tutorial-5/commands/output-options.html"><ent r="64" t="26" w="481" /><ent r="64" t="26" w="471" /></phr></stem><stem n="conveni"><phr n="convenient"><ent r="3" t="26" w="487" /><ent r="3" t="35" w="724" /><ent r="3" t="44" w="41" /></phr><phr n="convenience"><ent r="3" t="58" w="217" /></phr></stem><stem n="net-snmp-extend"><phr n="NET-SNMP-EXTEND"><ent r="3" t="26" w="495" /><ent r="3" t="26" w="513" /></phr></stem><stem n="net-snmp-extend-mib"><phr n="NET-SNMP-EXTEND-MIB"><ent r="3" t="26" w="495" /><ent r="3" t="26" w="513" /></phr></stem><stem n="snmp-extend"><phr n="SNMP-EXTEND"><ent r="3" t="26" w="496" /><ent r="3" t="26" w="514" /></phr></stem><stem n="snmp-extend-mib"><phr n="SNMP-EXTEND-MIB"><ent r="3" t="26" w="496" /><ent r="3" t="26" w="514" /></phr></stem><stem n="extend-mib"><phr n="EXTEND-MIB"><ent r="3" t="26" w="497" /><ent r="3" t="26" w="515" /></phr></stem><stem n="nsextendoutlin"><phr n="nsExtendOutLine"><ent r="3" t="26" w="499" /><ent r="3" t="26" w="517" /></phr></stem><stem n="-snmp-extend-mib::nsextendoutline.&quot;log&quot;"><phr n="-SNMP-EXTEND-MIB::nsExtendOutLine.&quot;LOG&quot;"><ent r="3" t="26" w="501" /><ent r="3" t="26" w="503" /></phr></stem><stem n="-snmp-extend-mib::nsextendoutline.&quot;log&quot;,"><phr n="-SNMP-EXTEND-MIB::nsExtendOutLine.&quot;LOG&quot;,"><ent r="3" t="26" w="519" /><ent r="3" t="26" w="521" /></phr></stem><stem n="load"><phr n="loaded"><ent r="4" t="26" w="539" /></phr><phr n="load"><ent r="92" t="44" w="94" /><ent r="3" t="47" w="600" /><ent r="3" t="47" w="606" /><ent r="3" t="47" w="627" /><ent r="3" t="47" w="637" /><ent r="4" t="64" w="175" /><ent r="92" t="64" w="184" /><ent r="3" t="64" w="245" /><ent r="3" t="64" w="252" /><ent r="3" t="64" w="293" /><ent r="4" t="64" w="370" /><ent r="3" t="64" w="401" /><ent r="3" t="64" w="439" /><ent r="3" t="64" w="462" /><ent r="3" t="64" w="485" /></phr><phr n="loads"><ent r="4" t="49" w="325" /></phr></stem><stem n="bundl"><phr n="bundle"><ent r="4" t="26" w="571" /></phr></stem></index>