<?xml version="1.0" encoding="utf-8"?><index><stem n="futur"><phr n="future"><ent r="4" t="26" w="584" /><ent r="3" t="26" w="1019" /><ent r="6" t="70" w="2226" /></phr></stem><stem n="direct"><phr n="direction"><ent r="4" t="26" w="585" /></phr><phr n="direct"><ent r="4" t="55" w="786" /></phr><phr n="directive"><ent r="3" t="59" w="346" /><ent r="4" t="66" w="278" /><ent r="4" t="67" w="181" /><ent r="4" t="67" w="210" /><ent r="4" t="68" w="9" /><ent r="6" t="68" w="84" /><ent r="6" t="68" w="92" /><ent r="6" t="68" w="153" /><ent r="6" t="68" w="174" /><ent r="6" t="68" w="192" /><ent r="6" t="68" w="229" /><ent r="6" t="68" w="260" /><ent r="6" t="68" w="289" /><ent r="6" t="68" w="345" /><ent r="6" t="68" w="377" /><ent r="7" t="68" w="538" /><ent r="7" t="68" w="573" /><ent r="6" t="68" w="637" /><ent r="6" t="68" w="662" /><ent r="6" t="68" w="709" /><ent r="6" t="68" w="768" /><ent r="3" t="69" w="53" /><ent r="6" t="70" w="1103" /><ent r="3" t="71" w="399" /></phr><phr n="Directives"><ent r="66" t="65" w="181" /><ent r="66" t="66" w="71" /><ent r="1000" t="68" w="1" /><ent r="100" t="68" w="3" /><ent r="102" t="68" w="5" /><ent r="4" t="68" w="29" /><ent r="92" t="68" w="41" /></phr><phr n="directives"><ent r="3" t="66" w="459" /><ent r="3" t="68" w="46" /><ent r="6" t="68" w="370" /><ent r="3" t="69" w="198" /><ent r="3" t="69" w="208" /></phr></stem><stem n="happen"><phr n="happen"><ent r="4" t="26" w="589" /><ent r="3" t="54" w="77" /></phr><phr n="happens"><ent r="4" t="26" w="602" /><ent r="92" t="44" w="91" /><ent r="3" t="69" w="86" /></phr><phr n="Happens"><ent r="92" t="66" w="442" /></phr></stem><stem n="pick"><phr n="pick"><ent r="4" t="26" w="605" /></phr></stem><stem n="-next"><phr n="-Next"><ent r="92" t="26" w="620" /><ent r="92" t="26" w="620" /><ent r="3" t="26" w="800" /><ent r="3" t="26" w="800" /></phr></stem><stem n="&quot;get-next&quot;"><phr n="&quot;get-next&quot;"><ent r="3" t="26" w="633" /></phr></stem><stem n="instanc"><phr n="instance"><ent r="3" t="26" w="666" /><ent r="3" t="26" w="684" /></phr><phr n="instances"><ent r="3" t="29" w="860" /><ent r="6" t="68" w="357" /></phr></stem><stem n="&quot;sysuptime.0&quot;"><phr n="&quot;sysUpTime.0&quot;"><ent r="3" t="26" w="674" /><ent r="3" t="26" w="865" /></phr></stem><stem n="ifinoctets.13"><phr n="ifInOctets.13"><ent r="3" t="26" w="676" /><ent r="3" t="26" w="675" /></phr></stem><stem n="13"><phr n="13"><ent r="3" t="26" w="676" /><ent r="3" t="26" w="688" /><ent r="3" t="26" w="694" /><ent r="3" t="26" w="761" /><ent r="3" t="32" w="629" /><ent r="3" t="32" w="752" /><ent r="3" t="32" w="862" /><ent r="3" t="32" w="1044" /><ent r="3" t="37" w="3979" /><ent r="3" t="46" w="262" /><ent r="3" t="54" w="488" /><ent r="3" t="55" w="844" /><ent r="3" t="55" w="1129" /></phr></stem><stem n="&quot;ifinoctets.13&quot;."><phr n="&quot;ifInOctets.13&quot;."><ent r="3" t="26" w="677" /></phr></stem><stem n="(only)"><phr n="(only)"><ent r="3" t="26" w="684" /></phr></stem><stem n=".13"><phr n=".13"><ent r="3" t="26" w="688" /></phr></stem><stem n="occas"><phr n="occasions"><ent r="3" t="26" w="698" /></phr></stem><stem n="can't"><phr n="can't"><ent r="3" t="26" w="728" /><ent r="3" t="26" w="727" /><ent r="4" t="29" w="821" /><ent r="4" t="29" w="820" /><ent r="3" t="37" w="3241" /><ent r="3" t="37" w="3240" /><ent r="3" t="37" w="3247" /><ent r="3" t="37" w="3246" /><ent r="3" t="37" w="3969" /><ent r="3" t="37" w="3968" /></phr></stem><stem n="ifinoctets+"><phr n="ifInOctets+"><ent r="3" t="26" w="747" /></phr></stem><stem n=".13+"><phr n=".13+"><ent r="3" t="26" w="770" /></phr></stem><stem n="ifinoctets.13+"><phr n="ifInOctets.13+"><ent r="3" t="26" w="770" /><ent r="3" t="26" w="769" /></phr></stem><stem n="13+"><phr n="13+"><ent r="3" t="26" w="770" /></phr></stem><stem n="technic"><phr n="Technically"><ent r="3" t="26" w="780" /></phr></stem><stem n="sysuptimecrash"><phr n="sysUpTimeCrashed"><ent r="3" t="26" w="857" /><ent r="3" t="26" w="882" /></phr></stem><stem n="&quot;sysuptimecrashed&quot;"><phr n="&quot;sysUpTimeCrashed&quot;"><ent r="3" t="26" w="858" /><ent r="3" t="26" w="883" /></phr></stem><stem n="systemcrash"><phr n="systemCrashed"><ent r="3" t="26" w="873" /><ent r="3" t="26" w="905" /><ent r="3" t="26" w="913" /><ent r="3" t="26" w="940" /></phr></stem><stem n="&quot;systemcrashed&quot;"><phr n="&quot;systemCrashed&quot;"><ent r="3" t="26" w="874" /></phr></stem><stem n="&quot;trap-conditional&quot;"><phr n="&quot;Trap-Conditional&quot;"><ent r="3" t="26" w="931" /></phr></stem><stem n="?:sysuptime.0"><phr n="?:sysUpTime.0"><ent r="3" t="26" w="942" /></phr></stem><stem n="systrapoid"><phr n="sysTrapOID"><ent r="3" t="26" w="944" /><ent r="3" t="26" w="948" /></phr></stem><stem n="?:syscontact"><phr n="?:sysContact"><ent r="3" t="26" w="945" /></phr></stem><stem n="somemib"><phr n="SOMEMIB"><ent r="3" t="26" w="947" /></phr></stem><stem n="systrapoid.1"><phr n="sysTrapOID.1"><ent r="3" t="26" w="949" /><ent r="3" t="26" w="948" /></phr></stem><stem n="smiv2"><phr n="SMIv2"><ent r="3" t="26" w="950" /><ent r="3" t="33" w="159" /><ent r="3" t="33" w="356" /></phr></stem><stem n="smiv2-mib"><phr n="SMIv2-MIB"><ent r="3" t="26" w="950" /></phr></stem><stem n="::systrapoid.1?:smiv2-mib::syscontact"><phr n="::sysTrapOID.1?:SMIv2-MIB::sysContact"><ent r="3" t="26" w="952" /></phr></stem><stem n="4.4,"><phr n="4.4,"><ent r="3" t="26" w="957" /><ent r="3" t="26" w="956" /></phr></stem><stem n=".4,"><phr n=".4,"><ent r="3" t="26" w="958" /><ent r="3" t="56" w="514" /></phr></stem><stem n=".3.6.1.2.1::sysuptime.0"><phr n=".3.6.1.2.1::sysUpTime.0"><ent r="3" t="26" w="981" /></phr></stem><stem n="row'"><phr n="row's"><ent r="3" t="26" w="1046" /><ent r="3" t="26" w="1045" /></phr></stem><stem n="techniqu"><phr n="technique"><ent r="3" t="26" w="1050" /><ent r="3" t="41" w="516" /></phr><phr n="techniques"><ent r="3" t="38" w="310" /><ent r="3" t="62" w="67" /><ent r="3" t="77" w="48" /></phr></stem><stem n="not-access"><phr n="not-accessible"><ent r="3" t="26" w="1066" /></phr></stem><stem n="&quot;not-accessible&quot;."><phr n="&quot;not-accessible&quot;."><ent r="3" t="26" w="1068" /></phr></stem><stem n="(com.dartware.snmp.oidsingle.txt)"><phr n="(com.dartware.snmp.oidsingle.txt)"><ent r="3" t="27" w="19" /></phr></stem><stem n="clone"><phr n="Cloned"><ent r="3" t="27" w="42" /></phr><phr n="clone"><ent r="3" t="57" w="146" /><ent r="3" t="57" w="216" /><ent r="3" t="61" w="267" /><ent r="3" t="61" w="306" /><ent r="3" t="61" w="342" /><ent r="3" t="61" w="385" /><ent r="82" t="61" w="459" /><ent r="82" t="61" w="873" /></phr></stem><stem n="jul"><phr n="Jul"><ent r="3" t="27" w="49" /></phr></stem><stem n="2012"><phr n="2012"><ent r="3" t="27" w="61" /></phr></stem><stem n="-jpd"><phr n="-jpd"><ent r="3" t="27" w="66" /><ent r="3" t="27" w="66" /></phr></stem><stem n="jpd"><phr n="jpd"><ent r="3" t="27" w="66" /></phr></stem><stem n="intermapper.com"><phr n="intermapper.com"><ent r="3" t="27" w="84" /><ent r="3" t="27" w="83" /></phr></stem><stem n="intermapper.com/go"><phr n="intermapper.com/go"><ent r="3" t="27" w="85" /><ent r="3" t="27" w="83" /></phr></stem><stem n="intermapper.com/go.php"><phr n="intermapper.com/go.php"><ent r="3" t="27" w="86" /><ent r="3" t="27" w="83" /></phr></stem><stem n="php"><phr n="php"><ent r="3" t="27" w="86" /><ent r="65" t="52" w="132" /></phr></stem><stem n="://intermapper.com/go.php?to=intermapper.devguid"><phr n="://intermapper.com/go.php?to=intermapper.devguide"><ent r="3" t="27" w="89" /></phr></stem><stem n="intermapper.devguid"><phr n="intermapper.devguide"><ent r="3" t="27" w="89" /><ent r="3" t="27" w="88" /></phr></stem><stem n="devguid"><phr n="devguide"><ent r="3" t="27" w="89" /></phr><phr n="DevGuide"><ent r="64" t="75" w="34" /></phr></stem><stem n="snmp.oidsingl"><phr n="snmp.oidsingle"><ent r="3" t="27" w="101" /><ent r="3" t="27" w="100" /></phr></stem><stem n="&quot;snmp.oidsingle&quot;"><phr n="&quot;snmp.oidsingle&quot;"><ent r="3" t="27" w="102" /></phr></stem><stem n="1.4"><phr n="1.4"><ent r="3" t="27" w="110" /><ent r="3" t="27" w="109" /></phr></stem><stem n="&quot;1.4&quot;"><phr n="&quot;1.4&quot;"><ent r="3" t="27" w="111" /></phr></stem><stem n="&quot;address_type&quot;="><phr n="&quot;address_type&quot;="><ent r="3" t="27" w="113" /></phr></stem><stem n="&quot;display_name&quot;="><phr n="&quot;display_name&quot;="><ent r="3" t="27" w="120" /></phr></stem><stem n="&quot;snmp/singl"><phr n="&quot;SNMP/Single"><ent r="3" t="27" w="121" /></phr></stem><stem n="&quot;minimal&quot;"><phr n="&quot;Minimal&quot;"><ent r="3" t="27" w="126" /></phr></stem><stem n="\gb\singl"><phr n="\GB\Single"><ent r="3" t="27" w="142" /></phr></stem><stem n="ib"><phr n="ib"><ent r="3" t="27" w="163" /></phr></stem><stem n="\ib\variable\p\"><phr n="\ib\Variable\p\"><ent r="3" t="27" w="166" /></phr></stem><stem n="bi"><phr n="bi"><ent r="3" t="27" w="201" /><ent r="3" t="27" w="233" /><ent r="3" t="27" w="265" /></phr></stem><stem n="\bi\legend\p\"><phr n="\bi\Legend\p\"><ent r="3" t="27" w="204" /></phr></stem><stem n="blank"><phr n="blank"><ent r="3" t="27" w="223" /></phr></stem><stem n="\bi\units\p\"><phr n="\bi\Units\p\"><ent r="3" t="27" w="236" /></phr></stem><stem n="packets/sec,"><phr n="packets/sec,"><ent r="3" t="27" w="262" /><ent r="3" t="27" w="261" /></phr></stem><stem n="(packets/sec,"><phr n="(packets/sec,"><ent r="3" t="27" w="263" /></phr></stem><stem n="\bi\tag\p\"><phr n="\bi\Tag\p\"><ent r="3" t="27" w="268" /></phr></stem><stem n="correl"><phr n="correlate"><ent r="3" t="27" w="285" /></phr></stem><stem n="&quot;variable&quot;"><phr n="&quot;Variable&quot;"><ent r="3" t="27" w="335" /></phr><phr n="&quot;variable&quot;"><ent r="65" t="37" w="780" /><ent r="4" t="37" w="790" /><ent r="65" t="37" w="818" /><ent r="65" t="37" w="884" /><ent r="83" t="37" w="2520" /><ent r="83" t="37" w="3449" /><ent r="83" t="37" w="3606" /></phr></stem><stem n="ifnumb"><phr n="ifNumber"><ent r="3" t="27" w="335" /></phr></stem><stem n="ifnumber.0"><phr n="ifNumber.0"><ent r="3" t="27" w="336" /><ent r="3" t="27" w="335" /></phr></stem><stem n="&quot;ifnumber.0&quot;"><phr n="&quot;ifNumber.0&quot;"><ent r="3" t="27" w="337" /></phr></stem><stem n="&quot;units&quot;"><phr n="&quot;Units&quot;"><ent r="3" t="27" w="339" /></phr></stem><stem n="&quot;tag&quot;"><phr n="&quot;Tag&quot;"><ent r="3" t="27" w="340" /></phr></stem><stem n="exampletag"><phr n="exampletag"><ent r="3" t="27" w="340" /></phr></stem><stem n="&quot;exampletag&quot;"><phr n="&quot;exampletag&quot;"><ent r="3" t="27" w="341" /></phr></stem><stem n="thelegend"><phr n="theLegend"><ent r="3" t="27" w="381" /></phr></stem><stem n="($legend!=&quot;&quot;"><phr n="($Legend!=&quot;&quot;"><ent r="3" t="27" w="383" /></phr></stem><stem n="&quot;$legend&quot;"><phr n="&quot;$Legend&quot;"><ent r="3" t="27" w="384" /><ent r="3" t="27" w="434" /></phr></stem><stem n="&quot;$variable&quot;),"><phr n="&quot;$Variable&quot;),"><ent r="3" t="27" w="385" /></phr></stem><stem n="legend/oid"><phr n="Legend/OID"><ent r="3" t="27" w="387" /><ent r="3" t="27" w="386" /></phr></stem><stem n="&quot;legend/oid&quot;"><phr n="&quot;Legend/OID&quot;"><ent r="3" t="27" w="388" /></phr></stem><stem n="theoid"><phr n="theOID"><ent r="3" t="27" w="388" /></phr></stem><stem n="$thelegend"><phr n="$theLegend"><ent r="3" t="27" w="391" /><ent r="3" t="27" w="418" /></phr></stem><stem n="&quot;$thelegend&quot;"><phr n="&quot;$theLegend&quot;"><ent r="3" t="27" w="392" /></phr></stem><stem n=":\0p\"><phr n=":\0P\"><ent r="3" t="27" w="420" /></phr></stem><stem n="mp0"><phr n="mp0"><ent r="3" t="27" w="423" /></phr></stem><stem n="\3g\$units\mp0\"><phr n="\3G\$Units\mp0\"><ent r="3" t="27" w="424" /></phr></stem><stem n="&lt;/&lt;datasets&gt;"><phr n="&lt;/&lt;datasets&gt;"><ent r="3" t="27" w="428" /><ent r="3" t="27" w="424" /></phr></stem><stem n="&quot;$tag&quot;,"><phr n="&quot;$Tag&quot;,"><ent r="3" t="27" w="431" /></phr></stem><stem n="&quot;$units&quot;,"><phr n="&quot;$Units&quot;,"><ent r="3" t="27" w="432" /></phr></stem><stem n="&quot;custom-snmp-trap&quot;"><phr n="&quot;custom-snmp-trap&quot;"><ent r="3" t="28" w="18" /><ent r="3" t="32" w="68" /><ent r="3" t="32" w="124" /></phr></stem><stem n="unsolicit"><phr n="unsolicited"><ent r="3" t="28" w="25" /></phr></stem><stem n="manag"><phr n="management"><ent r="3" t="28" w="36" /></phr><phr n="Manager"><ent r="3" t="40" w="1216" /><ent r="3" t="41" w="453" /><ent r="3" t="56" w="705" /><ent r="4" t="56" w="735" /><ent r="4" t="56" w="766" /><ent r="4" t="56" w="779" /><ent r="4" t="56" w="784" /></phr></stem><stem n="consol"><phr n="console"><ent r="3" t="28" w="37" /></phr></stem><stem n="enabl"><phr n="enabled"><ent r="3" t="28" w="68" /></phr></stem><stem n="relai"><phr n="relayed"><ent r="3" t="28" w="82" /></phr><phr n="relaying"><ent r="4" t="31" w="315" /></phr></stem><stem n="twice"><phr n="twice"><ent r="3" t="28" w="125" /></phr></stem><stem n=".."><phr n=".."><ent r="3" t="28" w="167" /></phr></stem><stem n="-evalu"><phr n="-evaluates"><ent r="3" t="28" w="169" /><ent r="3" t="28" w="169" /></phr></stem><stem n="re-evalu"><phr n="re-evaluates"><ent r="3" t="28" w="169" /></phr></stem><stem n="incom"><phr n="incoming"><ent r="3" t="28" w="192" /><ent r="3" t="29" w="615" /><ent r="3" t="34" w="529" /><ent r="3" t="35" w="1569" /><ent r="100" t="37" w="242" /><ent r="4" t="37" w="247" /><ent r="4" t="37" w="266" /><ent r="4" t="37" w="286" /><ent r="4" t="37" w="406" /><ent r="3" t="37" w="1329" /><ent r="3" t="37" w="1879" /><ent r="3" t="37" w="2168" /><ent r="4" t="37" w="2205" /><ent r="3" t="37" w="2373" /><ent r="3" t="37" w="2456" /><ent r="3" t="37" w="3287" /><ent r="3" t="37" w="3305" /><ent r="3" t="37" w="4194" /><ent r="3" t="37" w="4212" /><ent r="3" t="37" w="4216" /></phr><phr n="Incoming"><ent r="100" t="37" w="244" /><ent r="100" t="37" w="323" /></phr></stem><stem n="-poll"><phr n="-polls"><ent r="3" t="28" w="232" /><ent r="3" t="28" w="232" /></phr></stem><stem n="re-pol"><phr n="re-polls"><ent r="3" t="28" w="232" /></phr></stem><stem n="-to-dat"><phr n="-to-date"><ent r="3" t="28" w="247" /><ent r="3" t="28" w="248" /><ent r="3" t="63" w="11" /><ent r="3" t="63" w="12" /></phr></stem><stem n="up-to"><phr n="up-to"><ent r="3" t="28" w="247" /><ent r="3" t="63" w="11" /></phr></stem><stem n="up-to-d"><phr n="up-to-date"><ent r="3" t="28" w="247" /><ent r="3" t="63" w="11" /></phr></stem><stem n="to-dat"><phr n="to-date"><ent r="3" t="28" w="248" /><ent r="3" t="63" w="12" /></phr></stem><stem n="caus"><phr n="causing"><ent r="3" t="28" w="304" /><ent r="7" t="68" w="476" /><ent r="7" t="68" w="507" /></phr><phr n="causes"><ent r="3" t="29" w="737" /><ent r="6" t="68" w="261" /><ent r="6" t="68" w="297" /><ent r="6" t="68" w="663" /><ent r="6" t="68" w="802" /></phr><phr n="cause"><ent r="3" t="37" w="1421" /></phr></stem><stem n="lose"><phr n="lose"><ent r="3" t="28" w="311" /></phr></stem><stem n="reli"><phr n="rely"><ent r="3" t="28" w="322" /></phr></stem><stem n="health"><phr n="health"><ent r="3" t="28" w="332" /></phr></stem><stem n=":trapvari"><phr n=":TrapVariable"><ent r="100" t="29" w="24" /></phr></stem><stem n="getrequest"><phr n="GetRequest"><ent r="3" t="29" w="166" /></phr></stem><stem n="getnextrequest"><phr n="GetNextRequest"><ent r="3" t="29" w="168" /><ent r="100" t="54" w="486" /><ent r="3" t="54" w="493" /></phr></stem><stem n="’s"><phr n="’s"><ent r="3" t="29" w="200" /></phr></stem><stem n="$generictrap"><phr n="$GenericTrap"><ent r="5" t="29" w="203" /><ent r="4" t="29" w="257" /><ent r="3" t="29" w="646" /><ent r="3" t="32" w="1276" /></phr></stem><stem n="snmpv1"><phr n="SNMPv1"><ent r="4" t="29" w="211" /><ent r="4" t="29" w="279" /><ent r="4" t="29" w="301" /><ent r="4" t="29" w="304" /><ent r="4" t="29" w="317" /><ent r="3" t="32" w="390" /><ent r="3" t="32" w="1575" /><ent r="100" t="55" w="158" /><ent r="4" t="55" w="169" /><ent r="3" t="56" w="189" /></phr></stem><stem n="(snmpv1)."><phr n="(SNMPv1)."><ent r="4" t="29" w="212" /><ent r="4" t="29" w="280" /></phr></stem><stem n="coldstart"><phr n="coldStart"><ent r="4" t="29" w="221" /></phr></stem><stem n="warmstart"><phr n="warmStart"><ent r="4" t="29" w="224" /></phr></stem><stem n="linkdown"><phr n="linkDown"><ent r="4" t="29" w="227" /></phr></stem><stem n="linkup"><phr n="linkUp"><ent r="4" t="29" w="230" /></phr></stem><stem n="authenticationfailur"><phr n="authenticationFailure"><ent r="4" t="29" w="233" /></phr></stem><stem n="egpneighborloss"><phr n="egpNeighborLoss"><ent r="4" t="29" w="236" /></phr></stem><stem n="enterprise-specif"><phr n="enterprise-specific"><ent r="4" t="29" w="240" /></phr></stem><stem n="$specifictrap"><phr n="$SpecificTrap"><ent r="5" t="29" w="244" /><ent r="4" t="29" w="263" /><ent r="3" t="29" w="651" /><ent r="3" t="32" w="1281" /></phr></stem><stem n="0-5"><phr n="0-5"><ent r="4" t="29" w="260" /></phr></stem><stem n="-5,"><phr n="-5,"><ent r="4" t="29" w="262" /><ent r="4" t="29" w="262" /></phr></stem><stem n="(0);"><phr n="(0);"><ent r="4" t="29" w="267" /></phr></stem><stem n="-bit"><phr n="-bit"><ent r="4" t="29" w="272" /><ent r="4" t="29" w="272" /></phr></stem><stem n="vendor"><phr n="vendor"><ent r="4" t="29" w="278" /><ent r="3" t="29" w="863" /></phr><phr n="vendors"><ent r="3" t="40" w="418" /><ent r="3" t="47" w="44" /></phr></stem><stem n="$timestamp"><phr n="$TimeStamp"><ent r="5" t="29" w="281" /><ent r="3" t="29" w="657" /><ent r="3" t="32" w="1286" /></phr></stem><stem n="hundredth"><phr n="hundredths"><ent r="4" t="29" w="290" /></phr></stem><stem n="$enterpris"><phr n="$Enterprise"><ent r="5" t="29" w="295" /><ent r="3" t="29" w="662" /><ent r="3" t="32" w="1290" /></phr></stem><stem n="(snmpv1)"><phr n="(SNMPv1)"><ent r="4" t="29" w="305" /></phr></stem><stem n="$communitystr"><phr n="$CommunityString"><ent r="5" t="29" w="306" /><ent r="3" t="29" w="667" /><ent r="3" t="32" w="1294" /></phr></stem><stem n="(snmpv1,"><phr n="(SNMPv1,"><ent r="4" t="29" w="318" /></phr></stem><stem n="$trapoid"><phr n="$TrapOID"><ent r="5" t="29" w="320" /><ent r="3" t="29" w="673" /><ent r="3" t="32" w="1299" /></phr></stem><stem n="snmpv3"><phr n="SNMPv3"><ent r="4" t="29" w="332" /><ent r="100" t="55" w="160" /><ent r="4" t="55" w="172" /><ent r="4" t="55" w="193" /><ent r="3" t="55" w="438" /><ent r="3" t="55" w="537" /><ent r="3" t="55" w="597" /></phr></stem><stem n="$agentaddress"><phr n="$AgentAddress"><ent r="5" t="29" w="334" /><ent r="4" t="29" w="368" /><ent r="3" t="29" w="679" /><ent r="3" t="32" w="1304" /></phr></stem><stem n="$snmpversion"><phr n="$SnmpVersion"><ent r="5" t="29" w="379" /><ent r="3" t="29" w="691" /><ent r="3" t="32" w="1313" /></phr></stem><stem n="(v1),"><phr n="(v1),"><ent r="4" t="29" w="392" /></phr></stem><stem n="(v3)."><phr n="(v3)."><ent r="4" t="29" w="397" /></phr></stem><stem n="$varbindcount"><phr n="$VarbindCount"><ent r="5" t="29" w="398" /><ent r="3" t="29" w="697" /><ent r="3" t="32" w="1318" /></phr></stem><stem n="$varbindvaluen"><phr n="$VarbindValueN"><ent r="5" t="29" w="436" /></phr></stem><stem n="n'th"><phr n="N'th"><ent r="4" t="29" w="443" /><ent r="4" t="29" w="442" /><ent r="4" t="29" w="459" /><ent r="4" t="29" w="458" /><ent r="4" t="29" w="475" /><ent r="4" t="29" w="474" /></phr></stem><stem n="$varbindtypen"><phr n="$VarbindTypeN"><ent r="5" t="29" w="452" /></phr></stem><stem n="$varbindoidn"><phr n="$VarbindOIDN"><ent r="5" t="29" w="468" /></phr></stem><stem n="intermappertimestamp"><phr n="InterMapperTimeStamp"><ent r="3" t="29" w="555" /></phr><phr n="intermapperTimestamp"><ent r="3" t="33" w="172" /><ent r="3" t="33" w="374" /><ent r="3" t="33" w="401" /></phr></stem><stem n="1.3.6.1.4.1.6306"><phr n="1.3.6.1.4.1.6306"><ent r="3" t="29" w="562" /><ent r="3" t="29" w="556" /><ent r="3" t="29" w="596" /><ent r="3" t="29" w="590" /><ent r="3" t="31" w="81" /><ent r="3" t="31" w="75" /><ent r="3" t="31" w="114" /><ent r="3" t="31" w="108" /><ent r="3" t="31" w="123" /><ent r="3" t="31" w="117" /><ent r="3" t="31" w="133" /><ent r="3" t="31" w="127" /><ent r="4" t="31" w="217" /><ent r="4" t="31" w="211" /><ent r="4" t="31" w="276" /><ent r="4" t="31" w="270" /><ent r="4" t="31" w="286" /><ent r="4" t="31" w="280" /><ent r="3" t="32" w="446" /><ent r="3" t="32" w="440" /><ent r="3" t="32" w="460" /><ent r="3" t="32" w="454" /><ent r="3" t="32" w="477" /><ent r="3" t="32" w="471" /><ent r="3" t="32" w="490" /><ent r="3" t="32" w="484" /><ent r="3" t="32" w="504" /><ent r="3" t="32" w="498" /><ent r="3" t="32" w="519" /><ent r="3" t="32" w="513" /><ent r="3" t="32" w="535" /><ent r="3" t="32" w="529" /><ent r="3" t="32" w="600" /><ent r="3" t="32" w="594" /><ent r="3" t="32" w="607" /><ent r="3" t="32" w="601" /><ent r="3" t="32" w="621" /><ent r="3" t="32" w="615" /><ent r="3" t="32" w="638" /><ent r="3" t="32" w="632" /><ent r="3" t="32" w="651" /><ent r="3" t="32" w="645" /><ent r="3" t="32" w="665" /><ent r="3" t="32" w="659" /><ent r="3" t="32" w="680" /><ent r="3" t="32" w="674" /><ent r="3" t="32" w="696" /><ent r="3" t="32" w="690" /><ent r="3" t="32" w="730" /><ent r="3" t="32" w="724" /><ent r="3" t="32" w="744" /><ent r="3" t="32" w="738" /><ent r="3" t="32" w="761" /><ent r="3" t="32" w="755" /><ent r="3" t="32" w="774" /><ent r="3" t="32" w="768" /><ent r="3" t="32" w="788" /><ent r="3" t="32" w="782" /><ent r="3" t="32" w="803" /><ent r="3" t="32" w="797" /><ent r="3" t="32" w="819" /><ent r="3" t="32" w="813" /><ent r="3" t="32" w="840" /><ent r="3" t="32" w="834" /><ent r="3" t="32" w="854" /><ent r="3" t="32" w="848" /><ent r="3" t="32" w="871" /><ent r="3" t="32" w="865" /><ent r="3" t="32" w="884" /><ent r="3" t="32" w="878" /><ent r="3" t="32" w="898" /><ent r="3" t="32" w="892" /><ent r="3" t="32" w="913" /><ent r="3" t="32" w="907" /><ent r="3" t="32" w="929" /><ent r="3" t="32" w="923" /><ent r="3" t="32" w="944" /><ent r="3" t="32" w="938" /><ent r="3" t="32" w="957" /><ent r="3" t="32" w="951" /><ent r="3" t="32" w="970" /><ent r="3" t="32" w="964" /><ent r="3" t="32" w="983" /><ent r="3" t="32" w="977" /><ent r="3" t="32" w="996" /><ent r="3" t="32" w="990" /><ent r="3" t="32" w="1009" /><ent r="3" t="32" w="1003" /><ent r="3" t="32" w="1029" /><ent r="3" t="32" w="1023" /><ent r="3" t="32" w="1036" /><ent r="3" t="32" w="1030" /><ent r="3" t="32" w="1053" /><ent r="3" t="32" w="1047" /><ent r="3" t="32" w="1066" /><ent r="3" t="32" w="1060" /><ent r="3" t="32" w="1080" /><ent r="3" t="32" w="1074" /><ent r="3" t="32" w="1095" /><ent r="3" t="32" w="1089" /><ent r="3" t="32" w="1111" /><ent r="3" t="32" w="1105" /><ent r="3" t="32" w="1183" /><ent r="3" t="32" w="1177" /><ent r="3" t="32" w="1197" /><ent r="3" t="32" w="1191" /><ent r="3" t="32" w="1211" /><ent r="3" t="32" w="1205" /><ent r="3" t="32" w="1228" /><ent r="3" t="32" w="1222" /><ent r="3" t="32" w="1243" /><ent r="3" t="32" w="1237" /><ent r="3" t="32" w="1259" /><ent r="3" t="32" w="1253" /></phr></stem><stem n="6306"><phr n="6306"><ent r="3" t="29" w="562" /><ent r="3" t="29" w="596" /><ent r="3" t="31" w="81" /><ent r="3" t="31" w="114" /><ent r="3" t="31" w="123" /><ent r="3" t="31" w="133" /><ent r="4" t="31" w="217" /><ent r="4" t="31" w="276" /><ent r="4" t="31" w="286" /><ent r="3" t="32" w="446" /><ent r="3" t="32" w="460" /><ent r="3" t="32" w="477" /><ent r="3" t="32" w="490" /><ent r="3" t="32" w="504" /><ent r="3" t="32" w="519" /><ent r="3" t="32" w="535" /><ent r="3" t="32" w="600" /><ent r="3" t="32" w="607" /><ent r="3" t="32" w="621" /><ent r="3" t="32" w="638" /><ent r="3" t="32" w="651" /><ent r="3" t="32" w="665" /><ent r="3" t="32" w="680" /><ent r="3" t="32" w="696" /><ent r="3" t="32" w="730" /><ent r="3" t="32" w="744" /><ent r="3" t="32" w="761" /><ent r="3" t="32" w="774" /><ent r="3" t="32" w="788" /><ent r="3" t="32" w="803" /><ent r="3" t="32" w="819" /><ent r="3" t="32" w="840" /><ent r="3" t="32" w="854" /><ent r="3" t="32" w="871" /><ent r="3" t="32" w="884" /><ent r="3" t="32" w="898" /><ent r="3" t="32" w="913" /><ent r="3" t="32" w="929" /><ent r="3" t="32" w="944" /><ent r="3" t="32" w="957" /><ent r="3" t="32" w="970" /><ent r="3" t="32" w="983" /><ent r="3" t="32" w="996" /><ent r="3" t="32" w="1009" /><ent r="3" t="32" w="1029" /><ent r="3" t="32" w="1036" /><ent r="3" t="32" w="1053" /><ent r="3" t="32" w="1066" /><ent r="3" t="32" w="1080" /><ent r="3" t="32" w="1095" /><ent r="3" t="32" w="1111" /><ent r="3" t="32" w="1183" /><ent r="3" t="32" w="1197" /><ent r="3" t="32" w="1211" /><ent r="3" t="32" w="1228" /><ent r="3" t="32" w="1243" /><ent r="3" t="32" w="1259" /><ent r="100" t="33" w="15" /><ent r="3" t="33" w="26" /><ent r="3" t="33" w="161" /></phr></stem><stem n="1.3.6.1.4.1.6306.2"><phr n="1.3.6.1.4.1.6306.2"><ent r="3" t="29" w="563" /><ent r="3" t="29" w="556" /><ent r="3" t="29" w="597" /><ent r="3" t="29" w="590" /><ent r="3" t="32" w="461" /><ent r="3" t="32" w="454" /><ent r="3" t="32" w="478" /><ent r="3" t="32" w="471" /><ent r="3" t="32" w="491" /><ent r="3" t="32" w="484" /><ent r="3" t="32" w="505" /><ent r="3" t="32" w="498" /><ent r="3" t="32" w="520" /><ent r="3" t="32" w="513" /><ent r="3" t="32" w="536" /><ent r="3" t="32" w="529" /><ent r="3" t="32" w="622" /><ent r="3" t="32" w="615" /><ent r="3" t="32" w="639" /><ent r="3" t="32" w="632" /><ent r="3" t="32" w="652" /><ent r="3" t="32" w="645" /><ent r="3" t="32" w="666" /><ent r="3" t="32" w="659" /><ent r="3" t="32" w="681" /><ent r="3" t="32" w="674" /><ent r="3" t="32" w="697" /><ent r="3" t="32" w="690" /><ent r="3" t="32" w="745" /><ent r="3" t="32" w="738" /><ent r="3" t="32" w="762" /><ent r="3" t="32" w="755" /><ent r="3" t="32" w="775" /><ent r="3" t="32" w="768" /><ent r="3" t="32" w="789" /><ent r="3" t="32" w="782" /><ent r="3" t="32" w="804" /><ent r="3" t="32" w="797" /><ent r="3" t="32" w="820" /><ent r="3" t="32" w="813" /><ent r="3" t="32" w="855" /><ent r="3" t="32" w="848" /><ent r="3" t="32" w="872" /><ent r="3" t="32" w="865" /><ent r="3" t="32" w="885" /><ent r="3" t="32" w="878" /><ent r="3" t="32" w="899" /><ent r="3" t="32" w="892" /><ent r="3" t="32" w="914" /><ent r="3" t="32" w="907" /><ent r="3" t="32" w="930" /><ent r="3" t="32" w="923" /><ent r="3" t="32" w="945" /><ent r="3" t="32" w="938" /><ent r="3" t="32" w="958" /><ent r="3" t="32" w="951" /><ent r="3" t="32" w="971" /><ent r="3" t="32" w="964" /><ent r="3" t="32" w="984" /><ent r="3" t="32" w="977" /><ent r="3" t="32" w="997" /><ent r="3" t="32" w="990" /><ent r="3" t="32" w="1010" /><ent r="3" t="32" w="1003" /><ent r="3" t="32" w="1037" /><ent r="3" t="32" w="1030" /><ent r="3" t="32" w="1054" /><ent r="3" t="32" w="1047" /><ent r="3" t="32" w="1067" /><ent r="3" t="32" w="1060" /><ent r="3" t="32" w="1081" /><ent r="3" t="32" w="1074" /><ent r="3" t="32" w="1096" /><ent r="3" t="32" w="1089" /><ent r="3" t="32" w="1112" /><ent r="3" t="32" w="1105" /><ent r="3" t="32" w="1184" /><ent r="3" t="32" w="1177" /><ent r="3" t="32" w="1198" /><ent r="3" t="32" w="1191" /><ent r="3" t="32" w="1212" /><ent r="3" t="32" w="1205" /><ent r="3" t="32" w="1229" /><ent r="3" t="32" w="1222" /><ent r="3" t="32" w="1244" /><ent r="3" t="32" w="1237" /><ent r="3" t="32" w="1260" /><ent r="3" t="32" w="1253" /></phr></stem><stem n="1.3.6.1.4.1.6306.2.1"><phr n="1.3.6.1.4.1.6306.2.1"><ent r="3" t="29" w="564" /><ent r="3" t="29" w="556" /><ent r="3" t="29" w="598" /><ent r="3" t="29" w="590" /><ent r="3" t="32" w="462" /><ent r="3" t="32" w="454" /><ent r="3" t="32" w="479" /><ent r="3" t="32" w="471" /><ent r="3" t="32" w="492" /><ent r="3" t="32" w="484" /><ent r="3" t="32" w="506" /><ent r="3" t="32" w="498" /><ent r="3" t="32" w="521" /><ent r="3" t="32" w="513" /><ent r="3" t="32" w="537" /><ent r="3" t="32" w="529" /><ent r="3" t="32" w="623" /><ent r="3" t="32" w="615" /><ent r="3" t="32" w="640" /><ent r="3" t="32" w="632" /><ent r="3" t="32" w="653" /><ent r="3" t="32" w="645" /><ent r="3" t="32" w="667" /><ent r="3" t="32" w="659" /><ent r="3" t="32" w="682" /><ent r="3" t="32" w="674" /><ent r="3" t="32" w="698" /><ent r="3" t="32" w="690" /><ent r="3" t="32" w="746" /><ent r="3" t="32" w="738" /><ent r="3" t="32" w="763" /><ent r="3" t="32" w="755" /><ent r="3" t="32" w="776" /><ent r="3" t="32" w="768" /><ent r="3" t="32" w="790" /><ent r="3" t="32" w="782" /><ent r="3" t="32" w="805" /><ent r="3" t="32" w="797" /><ent r="3" t="32" w="821" /><ent r="3" t="32" w="813" /><ent r="3" t="32" w="856" /><ent r="3" t="32" w="848" /><ent r="3" t="32" w="873" /><ent r="3" t="32" w="865" /><ent r="3" t="32" w="886" /><ent r="3" t="32" w="878" /><ent r="3" t="32" w="900" /><ent r="3" t="32" w="892" /><ent r="3" t="32" w="915" /><ent r="3" t="32" w="907" /><ent r="3" t="32" w="931" /><ent r="3" t="32" w="923" /><ent r="3" t="32" w="946" /><ent r="3" t="32" w="938" /><ent r="3" t="32" w="959" /><ent r="3" t="32" w="951" /><ent r="3" t="32" w="972" /><ent r="3" t="32" w="964" /><ent r="3" t="32" w="985" /><ent r="3" t="32" w="977" /><ent r="3" t="32" w="998" /><ent r="3" t="32" w="990" /><ent r="3" t="32" w="1011" /><ent r="3" t="32" w="1003" /><ent r="3" t="32" w="1038" /><ent r="3" t="32" w="1030" /><ent r="3" t="32" w="1055" /><ent r="3" t="32" w="1047" /><ent r="3" t="32" w="1068" /><ent r="3" t="32" w="1060" /><ent r="3" t="32" w="1082" /><ent r="3" t="32" w="1074" /><ent r="3" t="32" w="1097" /><ent r="3" t="32" w="1089" /><ent r="3" t="32" w="1113" /><ent r="3" t="32" w="1105" /><ent r="3" t="32" w="1185" /><ent r="3" t="32" w="1177" /><ent r="3" t="32" w="1199" /><ent r="3" t="32" w="1191" /><ent r="3" t="32" w="1213" /><ent r="3" t="32" w="1205" /><ent r="3" t="32" w="1230" /><ent r="3" t="32" w="1222" /><ent r="3" t="32" w="1245" /><ent r="3" t="32" w="1237" /><ent r="3" t="32" w="1261" /><ent r="3" t="32" w="1253" /></phr></stem></index>