<?xml version="1.0" encoding="utf-8"?><index><stem n="/autorecord&gt;"><phr n="/autorecord&gt;"><ent r="3" t="8" w="647" /><ent r="3" t="8" w="816" /></phr></stem><stem n="&lt;/autorecord&gt;"><phr n="&lt;/autorecord&gt;"><ent r="3" t="8" w="647" /><ent r="3" t="8" w="646" /><ent r="3" t="8" w="816" /><ent r="3" t="8" w="815" /></phr></stem><stem n="autorecord&gt;"><phr n="autorecord&gt;"><ent r="3" t="8" w="647" /><ent r="3" t="8" w="816" /></phr></stem><stem n="$varx"><phr n="$varX"><ent r="5" t="8" w="651" /></phr></stem><stem n="tagx"><phr n="tagX"><ent r="5" t="8" w="661" /></phr></stem><stem n="x"><phr n="X"><ent r="5" t="8" w="723" /><ent r="6" t="9" w="754" /><ent r="6" t="9" w="785" /><ent r="6" t="9" w="815" /><ent r="6" t="9" w="839" /><ent r="6" t="9" w="877" /><ent r="6" t="9" w="907" /><ent r="6" t="9" w="938" /><ent r="4" t="24" w="1230" /><ent r="4" t="24" w="1805" /><ent r="4" t="41" w="160" /><ent r="3" t="49" w="768" /><ent r="3" t="56" w="511" /></phr><phr n="x"><ent r="3" t="13" w="2298" /><ent r="3" t="13" w="2347" /><ent r="3" t="16" w="1933" /><ent r="4" t="24" w="405" /><ent r="4" t="24" w="409" /><ent r="4" t="24" w="415" /><ent r="4" t="24" w="417" /><ent r="4" t="24" w="420" /><ent r="4" t="24" w="428" /><ent r="4" t="24" w="471" /><ent r="4" t="24" w="476" /><ent r="4" t="24" w="483" /><ent r="4" t="24" w="488" /><ent r="4" t="24" w="495" /><ent r="4" t="24" w="499" /><ent r="4" t="24" w="509" /><ent r="4" t="24" w="513" /><ent r="4" t="24" w="523" /><ent r="4" t="24" w="529" /><ent r="4" t="24" w="534" /><ent r="4" t="24" w="537" /><ent r="4" t="24" w="539" /><ent r="4" t="24" w="547" /><ent r="4" t="24" w="550" /><ent r="4" t="24" w="552" /><ent r="4" t="24" w="558" /><ent r="4" t="24" w="561" /><ent r="4" t="24" w="563" /><ent r="4" t="24" w="583" /><ent r="4" t="24" w="585" /><ent r="4" t="24" w="595" /><ent r="4" t="24" w="599" /><ent r="4" t="24" w="602" /><ent r="4" t="24" w="608" /><ent r="4" t="24" w="620" /><ent r="4" t="24" w="624" /><ent r="4" t="24" w="627" /><ent r="4" t="24" w="631" /><ent r="3" t="24" w="949" /><ent r="3" t="24" w="957" /><ent r="4" t="24" w="967" /><ent r="4" t="24" w="1220" /><ent r="4" t="24" w="1802" /><ent r="7" t="70" w="448" /><ent r="6" t="70" w="456" /></phr></stem><stem n=":units(xxx)"><phr n=":units(xxx)"><ent r="5" t="8" w="726" /><ent r="4" t="8" w="784" /></phr></stem><stem n="&quot;:units&quot;"><phr n="&quot;:units&quot;"><ent r="4" t="8" w="761" /></phr></stem><stem n="attribut"><phr n="attribute"><ent r="4" t="8" w="761" /><ent r="6" t="70" w="2453" /></phr><phr n="attributes"><ent r="3" t="16" w="97" /><ent r="3" t="16" w="399" /><ent r="3" t="16" w="411" /></phr></stem><stem n="$lcpu"><phr n="$lcpu"><ent r="3" t="8" w="795" /><ent r="3" t="8" w="801" /><ent r="5" t="9" w="58" /><ent r="5" t="9" w="70" /><ent r="5" t="9" w="85" /><ent r="5" t="9" w="200" /><ent r="5" t="9" w="212" /><ent r="5" t="9" w="227" /><ent r="5" t="9" w="266" /><ent r="5" t="9" w="278" /><ent r="5" t="9" w="293" /></phr></stem><stem n="$lcpu.busyp"><phr n="$lcpu.busyPer"><ent r="3" t="8" w="796" /><ent r="3" t="8" w="795" /><ent r="5" t="9" w="59" /><ent r="5" t="9" w="58" /><ent r="5" t="9" w="201" /><ent r="5" t="9" w="200" /><ent r="5" t="9" w="267" /><ent r="5" t="9" w="266" /></phr></stem><stem n="busyp"><phr n="busyPer"><ent r="3" t="8" w="796" /><ent r="5" t="9" w="59" /><ent r="5" t="9" w="201" /><ent r="5" t="9" w="267" /></phr></stem><stem n="$lcpu.busyper,"><phr n="$lcpu.busyPer,"><ent r="3" t="8" w="796" /><ent r="3" t="8" w="795" /></phr></stem><stem n=".busyper,"><phr n=".busyPer,"><ent r="3" t="8" w="797" /></phr></stem><stem n="cpuperc"><phr n="cpupercent"><ent r="3" t="8" w="797" /><ent r="5" t="9" w="61" /><ent r="5" t="9" w="203" /><ent r="5" t="9" w="269" /><ent r="5" t="9" w="828" /></phr></stem><stem n="'cpupercent',"><phr n="'cpupercent',"><ent r="3" t="8" w="798" /></phr></stem><stem n="&quot;cpu"><phr n="&quot;CPU"><ent r="3" t="8" w="798" /></phr></stem><stem n=":units(%)&quot;"><phr n=":units(%)&quot;"><ent r="3" t="8" w="801" /><ent r="3" t="8" w="808" /></phr></stem><stem n="$lcpu.avgbusy1"><phr n="$lcpu.avgBusy1"><ent r="3" t="8" w="802" /><ent r="3" t="8" w="801" /><ent r="5" t="9" w="71" /><ent r="5" t="9" w="70" /><ent r="5" t="9" w="213" /><ent r="5" t="9" w="212" /><ent r="5" t="9" w="279" /><ent r="5" t="9" w="278" /></phr></stem><stem n="avgbusy1"><phr n="avgBusy1"><ent r="3" t="8" w="802" /><ent r="5" t="9" w="71" /><ent r="5" t="9" w="213" /><ent r="5" t="9" w="279" /></phr></stem><stem n="$lcpu.avgbusy1,"><phr n="$lcpu.avgBusy1,"><ent r="3" t="8" w="802" /><ent r="3" t="8" w="801" /></phr></stem><stem n=".avgbusy1,"><phr n=".avgBusy1,"><ent r="3" t="8" w="803" /></phr></stem><stem n="cpupercentavg"><phr n="cpupercentavg"><ent r="3" t="8" w="803" /><ent r="5" t="9" w="73" /><ent r="5" t="9" w="88" /><ent r="5" t="9" w="146" /><ent r="5" t="9" w="215" /><ent r="5" t="9" w="230" /><ent r="5" t="9" w="281" /><ent r="5" t="9" w="296" /><ent r="5" t="9" w="1174" /></phr></stem><stem n="'cpupercentavg',"><phr n="'cpupercentavg',"><ent r="3" t="8" w="804" /></phr></stem><stem n="&quot;averag"><phr n="&quot;Average"><ent r="3" t="8" w="804" /></phr></stem><stem n="averag"><phr n="Average"><ent r="3" t="8" w="804" /><ent r="5" t="9" w="77" /><ent r="5" t="9" w="92" /><ent r="5" t="9" w="150" /><ent r="5" t="9" w="161" /><ent r="5" t="9" w="172" /><ent r="5" t="9" w="1032" /><ent r="5" t="9" w="1076" /><ent r="5" t="9" w="1178" /></phr><phr n="average"><ent r="3" t="47" w="607" /><ent r="3" t="47" w="638" /></phr></stem><stem n="$lmem"><phr n="$lmem"><ent r="3" t="8" w="808" /><ent r="5" t="9" w="100" /><ent r="5" t="9" w="242" /></phr></stem><stem n="$lmem.freemem"><phr n="$lmem.freeMem"><ent r="3" t="8" w="809" /><ent r="3" t="8" w="808" /><ent r="5" t="9" w="101" /><ent r="5" t="9" w="100" /><ent r="5" t="9" w="243" /><ent r="5" t="9" w="242" /></phr></stem><stem n="freemem"><phr n="freeMem"><ent r="3" t="8" w="809" /><ent r="5" t="9" w="101" /><ent r="5" t="9" w="243" /></phr><phr n="freemem"><ent r="3" t="8" w="810" /><ent r="5" t="9" w="103" /><ent r="5" t="9" w="245" /><ent r="5" t="9" w="310" /><ent r="5" t="9" w="321" /></phr></stem><stem n="$lmem.freemem,"><phr n="$lmem.freeMem,"><ent r="3" t="8" w="809" /><ent r="3" t="8" w="808" /></phr></stem><stem n=".freemem,"><phr n=".freeMem,"><ent r="3" t="8" w="810" /></phr></stem><stem n="'freemem',"><phr n="'freemem',"><ent r="3" t="8" w="811" /></phr></stem><stem n="&quot;avail"><phr n="&quot;Available"><ent r="3" t="8" w="811" /></phr></stem><stem n="memori"><phr n="memory"><ent r="3" t="8" w="812" /><ent r="4" t="19" w="184" /><ent r="3" t="21" w="56" /><ent r="6" t="70" w="681" /></phr><phr n="Memory"><ent r="5" t="9" w="108" /><ent r="5" t="9" w="250" /><ent r="6" t="9" w="258" /><ent r="5" t="9" w="315" /><ent r="5" t="9" w="326" /></phr></stem><stem n=":units(bytes)&quot;"><phr n=":units(bytes)&quot;"><ent r="3" t="8" w="815" /></phr></stem><stem n="seem"><phr n="seem"><ent r="3" t="9" w="26" /></phr></stem><stem n="sensibl"><phr n="sensible"><ent r="3" t="9" w="27" /><ent r="3" t="14" w="973" /></phr></stem><stem n="/"><phr n="/"><ent r="5" t="9" w="33" /><ent r="3" t="13" w="2313" /><ent r="3" t="13" w="2322" /><ent r="3" t="13" w="2332" /><ent r="3" t="13" w="2342" /><ent r="3" t="14" w="681" /><ent r="3" t="32" w="1649" /><ent r="3" t="32" w="1651" /><ent r="3" t="32" w="1659" /><ent r="3" t="32" w="1660" /><ent r="3" t="32" w="1666" /><ent r="3" t="32" w="1667" /><ent r="3" t="32" w="1673" /><ent r="3" t="32" w="1674" /><ent r="3" t="32" w="1680" /><ent r="3" t="32" w="1681" /><ent r="3" t="32" w="1687" /><ent r="3" t="32" w="1688" /><ent r="3" t="32" w="1694" /><ent r="3" t="32" w="1695" /><ent r="3" t="32" w="1701" /><ent r="3" t="32" w="1702" /><ent r="3" t="32" w="1708" /><ent r="3" t="32" w="1709" /><ent r="3" t="32" w="1715" /><ent r="3" t="32" w="1716" /><ent r="3" t="32" w="1722" /><ent r="3" t="32" w="1723" /><ent r="3" t="34" w="662" /><ent r="6" t="46" w="107" /><ent r="6" t="46" w="109" /></phr></stem><stem n="(30)"><phr n="(30)"><ent r="5" t="9" w="42" /></phr></stem><stem n="255"><phr n="255"><ent r="5" t="9" w="46" /><ent r="3" t="33" w="179" /><ent r="3" t="33" w="212" /><ent r="3" t="33" w="244" /><ent r="3" t="33" w="279" /><ent r="3" t="33" w="310" /><ent r="3" t="33" w="335" /></phr></stem><stem n="(255)"><phr n="(255)"><ent r="5" t="9" w="47" /></phr></stem><stem n="miscellaneous/legaci"><phr n="Miscellaneous/Legacy"><ent r="6" t="9" w="49" /><ent r="6" t="9" w="48" /></phr></stem><stem n="legaci"><phr n="Legacy"><ent r="6" t="9" w="49" /></phr><phr n="legacy"><ent r="3" t="26" w="959" /><ent r="3" t="26" w="984" /></phr></stem><stem n="/legacy/cisco"><phr n="/Legacy/Cisco"><ent r="6" t="9" w="50" /></phr></stem><stem n="miscellaneous/legacy/cisco"><phr n="Miscellaneous/Legacy/Cisco"><ent r="6" t="9" w="50" /><ent r="6" t="9" w="48" /></phr></stem><stem n="cisco"><phr n="Cisco"><ent r="6" t="9" w="50" /><ent r="6" t="9" w="130" /><ent r="6" t="9" w="131" /><ent r="6" t="9" w="189" /><ent r="6" t="9" w="190" /><ent r="6" t="9" w="254" /><ent r="6" t="9" w="255" /></phr><phr n="cisco"><ent r="5" t="9" w="56" /><ent r="5" t="9" w="139" /><ent r="5" t="9" w="198" /></phr></stem><stem n="v2c"><phr n="v2c"><ent r="6" t="9" w="51" /><ent r="5" t="13" w="838" /><ent r="5" t="13" w="857" /><ent r="3" t="22" w="1176" /><ent r="4" t="29" w="393" /><ent r="3" t="29" w="924" /><ent r="3" t="32" w="1566" /></phr></stem><stem n="(v2c)"><phr n="(v2c)"><ent r="6" t="9" w="52" /><ent r="4" t="29" w="394" /><ent r="3" t="29" w="925" /></phr></stem><stem n="com.dartware.snmpv2c"><phr n="com.dartware.snmpv2c"><ent r="5" t="9" w="55" /><ent r="5" t="9" w="53" /></phr></stem><stem n=".dartware.snmpv2c.cisco"><phr n=".dartware.snmpv2c.cisco"><ent r="5" t="9" w="56" /></phr></stem><stem n="com.dartware.snmpv2c.cisco"><phr n="com.dartware.snmpv2c.cisco"><ent r="5" t="9" w="56" /><ent r="5" t="9" w="53" /></phr></stem><stem n=".busyp"><phr n=".busyPer"><ent r="5" t="9" w="59" /><ent r="5" t="9" w="201" /><ent r="5" t="9" w="267" /></phr></stem><stem n="busi"><phr n="Busy"><ent r="5" t="9" w="67" /><ent r="5" t="9" w="209" /><ent r="5" t="9" w="275" /></phr></stem><stem n=".avgbusy1"><phr n=".avgBusy1"><ent r="5" t="9" w="71" /><ent r="5" t="9" w="213" /><ent r="5" t="9" w="279" /></phr></stem><stem n=".avgbusy5"><phr n=".avgBusy5"><ent r="5" t="9" w="86" /><ent r="5" t="9" w="228" /><ent r="5" t="9" w="294" /></phr></stem><stem n="$lcpu.avgbusy5"><phr n="$lcpu.avgBusy5"><ent r="5" t="9" w="86" /><ent r="5" t="9" w="85" /><ent r="5" t="9" w="228" /><ent r="5" t="9" w="227" /><ent r="5" t="9" w="294" /><ent r="5" t="9" w="293" /></phr></stem><stem n="avgbusy5"><phr n="avgBusy5"><ent r="5" t="9" w="86" /><ent r="5" t="9" w="228" /><ent r="5" t="9" w="294" /></phr></stem><stem n=".freemem"><phr n=".freeMem"><ent r="5" t="9" w="101" /><ent r="5" t="9" w="243" /></phr></stem><stem n="/tcp"><phr n="/TCP"><ent r="6" t="9" w="111" /></phr></stem><stem n="miscellaneous/tcp"><phr n="Miscellaneous/TCP"><ent r="6" t="9" w="111" /><ent r="6" t="9" w="110" /></phr></stem><stem n="com.dartware.snmp"><phr n="com.dartware.snmp"><ent r="5" t="9" w="116" /><ent r="5" t="9" w="114" /><ent r="5" t="9" w="138" /><ent r="5" t="9" w="136" /><ent r="5" t="9" w="197" /><ent r="5" t="9" w="195" /><ent r="5" t="9" w="263" /><ent r="5" t="9" w="261" /><ent r="5" t="9" w="1089" /><ent r="5" t="9" w="1087" /><ent r="5" t="9" w="1168" /><ent r="5" t="9" w="1166" /><ent r="5" t="9" w="1539" /><ent r="5" t="9" w="1537" /><ent r="5" t="9" w="1557" /><ent r="5" t="9" w="1555" /><ent r="5" t="9" w="1575" /><ent r="5" t="9" w="1573" /><ent r="5" t="9" w="1593" /><ent r="5" t="9" w="1591" /><ent r="5" t="9" w="1612" /><ent r="5" t="9" w="1610" /><ent r="5" t="9" w="1630" /><ent r="5" t="9" w="1628" /><ent r="3" t="14" w="59" /><ent r="3" t="14" w="57" /><ent r="3" t="27" w="16" /><ent r="3" t="27" w="14" /><ent r="3" t="32" w="27" /><ent r="3" t="32" w="25" /></phr></stem><stem n=".dartware.snmp.tcpcheck"><phr n=".dartware.snmp.tcpcheck"><ent r="5" t="9" w="117" /></phr></stem><stem n="com.dartware.snmp.tcpcheck"><phr n="com.dartware.snmp.tcpcheck"><ent r="5" t="9" w="117" /><ent r="5" t="9" w="114" /></phr></stem><stem n="tcpcheck"><phr n="tcpcheck"><ent r="5" t="9" w="117" /></phr></stem><stem n="$tcpcurrestab"><phr n="$tcpCurrEstab"><ent r="5" t="9" w="119" /></phr></stem><stem n="numconn"><phr n="numconns"><ent r="5" t="9" w="121" /></phr></stem><stem n="devices/cisco"><phr n="Devices/Cisco"><ent r="6" t="9" w="130" /><ent r="6" t="9" w="129" /><ent r="6" t="9" w="189" /><ent r="6" t="9" w="188" /><ent r="6" t="9" w="254" /><ent r="6" t="9" w="253" /></phr></stem><stem n="/cisco/cisco"><phr n="/Cisco/Cisco"><ent r="6" t="9" w="131" /><ent r="6" t="9" w="190" /><ent r="6" t="9" w="255" /></phr></stem><stem n="devices/cisco/cisco"><phr n="Devices/Cisco/Cisco"><ent r="6" t="9" w="131" /><ent r="6" t="9" w="129" /><ent r="6" t="9" w="190" /><ent r="6" t="9" w="188" /><ent r="6" t="9" w="255" /><ent r="6" t="9" w="253" /></phr></stem><stem n="sla"><phr n="SLA"><ent r="6" t="9" w="133" /></phr><phr n="sla"><ent r="5" t="9" w="141" /></phr></stem><stem n="jitter"><phr n="Jitter"><ent r="6" t="9" w="134" /><ent r="5" t="9" w="162" /><ent r="5" t="9" w="182" /></phr></stem><stem n="cisco-ip"><phr n="cisco-ip"><ent r="5" t="9" w="139" /></phr></stem><stem n="cisco-ip-sla"><phr n="cisco-ip-sla"><ent r="5" t="9" w="139" /></phr></stem><stem n="ip-sla"><phr n="ip-sla"><ent r="5" t="9" w="140" /></phr></stem><stem n=".dartware.snmp.cisco-ip-sla.txt"><phr n=".dartware.snmp.cisco-ip-sla.txt"><ent r="5" t="9" w="142" /></phr></stem><stem n="com.dartware.snmp.cisco-ip-sla.txt"><phr n="com.dartware.snmp.cisco-ip-sla.txt"><ent r="5" t="9" w="142" /><ent r="5" t="9" w="136" /></phr></stem><stem n="txt"><phr n="txt"><ent r="5" t="9" w="142" /><ent r="5" t="9" w="341" /><ent r="5" t="9" w="396" /><ent r="5" t="9" w="451" /><ent r="5" t="9" w="498" /><ent r="5" t="9" w="545" /><ent r="5" t="9" w="602" /><ent r="5" t="9" w="657" /><ent r="5" t="9" w="724" /><ent r="5" t="9" w="763" /><ent r="5" t="9" w="794" /><ent r="5" t="9" w="824" /><ent r="5" t="9" w="848" /><ent r="5" t="9" w="886" /><ent r="5" t="9" w="916" /><ent r="5" t="9" w="947" /><ent r="5" t="9" w="1003" /><ent r="5" t="9" w="1047" /><ent r="5" t="9" w="1091" /><ent r="5" t="9" w="1469" /><ent r="5" t="9" w="1541" /><ent r="5" t="9" w="1559" /><ent r="5" t="9" w="1577" /><ent r="5" t="9" w="1595" /><ent r="5" t="9" w="1614" /><ent r="5" t="9" w="1632" /><ent r="3" t="14" w="739" /><ent r="3" t="20" w="298" /><ent r="3" t="27" w="18" /><ent r="3" t="32" w="29" /><ent r="3" t="44" w="440" /><ent r="3" t="46" w="229" /><ent r="3" t="49" w="491" /><ent r="100" t="55" w="17" /><ent r="4" t="55" w="775" /></phr></stem><stem n="$cpmcputotal1min"><phr n="$cpmCPUTotal1min"><ent r="5" t="9" w="144" /></phr></stem><stem n="$avgjitt"><phr n="$AvgJitter"><ent r="5" t="9" w="155" /></phr></stem><stem n="jitteravg"><phr n="jitteravg"><ent r="5" t="9" w="157" /></phr></stem><stem n="$avglat"><phr n="$AvgLatency"><ent r="5" t="9" w="166" /></phr></stem><stem n="latencymsec"><phr n="latencymsec"><ent r="5" t="9" w="168" /></phr></stem><stem n="latenc"><phr n="Latency"><ent r="5" t="9" w="173" /><ent r="5" t="9" w="1034" /><ent r="5" t="9" w="1078" /></phr><phr n="latency"><ent r="5" t="9" w="1026" /><ent r="5" t="9" w="1070" /></phr></stem><stem n="$percentpacketloss"><phr n="$PercentPacketLoss"><ent r="5" t="9" w="176" /></phr></stem><stem n="pktloss"><phr n="pktloss"><ent r="5" t="9" w="178" /></phr></stem><stem n=".dartware.snmp.cisco"><phr n=".dartware.snmp.cisco"><ent r="5" t="9" w="198" /></phr></stem><stem n="com.dartware.snmp.cisco"><phr n="com.dartware.snmp.cisco"><ent r="5" t="9" w="198" /><ent r="5" t="9" w="195" /></phr></stem><stem n="avg"><phr n="Avg"><ent r="5" t="9" w="219" /><ent r="5" t="9" w="234" /><ent r="5" t="9" w="285" /><ent r="5" t="9" w="300" /></phr></stem><stem n="pool"><phr n="Pool"><ent r="6" t="9" w="259" /></phr></stem><stem n=".dartware.snmp.cisconewmib"><phr n=".dartware.snmp.cisconewmib"><ent r="5" t="9" w="264" /></phr></stem><stem n="com.dartware.snmp.cisconewmib"><phr n="com.dartware.snmp.cisconewmib"><ent r="5" t="9" w="264" /><ent r="5" t="9" w="261" /></phr></stem><stem n="cisconewmib"><phr n="cisconewmib"><ent r="5" t="9" w="264" /></phr></stem><stem n="$ciscomemorypoolfree1"><phr n="$ciscoMemoryPoolFree1"><ent r="5" t="9" w="308" /></phr></stem><stem n="#1"><phr n="#1"><ent r="5" t="9" w="316" /><ent r="3" t="19" w="1651" /></phr></stem><stem n="$ciscomemorypoolfree2"><phr n="$ciscoMemoryPoolFree2"><ent r="5" t="9" w="319" /></phr></stem><stem n="#2"><phr n="#2"><ent r="5" t="9" w="327" /><ent r="3" t="19" w="1662" /></phr></stem><stem n="devices/up"><phr n="Devices/UPS"><ent r="6" t="9" w="331" /><ent r="6" t="9" w="330" /><ent r="6" t="9" w="388" /><ent r="6" t="9" w="387" /><ent r="6" t="9" w="443" /><ent r="6" t="9" w="442" /><ent r="6" t="9" w="489" /><ent r="6" t="9" w="488" /><ent r="6" t="9" w="535" /><ent r="6" t="9" w="534" /><ent r="6" t="9" w="593" /><ent r="6" t="9" w="592" /><ent r="6" t="9" w="649" /><ent r="6" t="9" w="648" /><ent r="6" t="9" w="715" /><ent r="6" t="9" w="714" /></phr></stem><stem n="/ups/apc"><phr n="/UPS/APC"><ent r="6" t="9" w="332" /><ent r="6" t="9" w="389" /></phr></stem><stem n="devices/ups/apc"><phr n="Devices/UPS/APC"><ent r="6" t="9" w="332" /><ent r="6" t="9" w="330" /><ent r="6" t="9" w="389" /><ent r="6" t="9" w="387" /></phr></stem><stem n="apc"><phr n="APC"><ent r="6" t="9" w="332" /><ent r="6" t="9" w="389" /><ent r="100" t="18" w="117" /><ent r="100" t="18" w="121" /><ent r="4" t="18" w="134" /><ent r="100" t="25" w="152" /><ent r="100" t="25" w="156" /><ent r="4" t="25" w="169" /></phr><phr n="apc"><ent r="5" t="9" w="339" /><ent r="5" t="9" w="395" /></phr></stem><stem n="ap961x"><phr n="AP961x"><ent r="6" t="9" w="334" /></phr><phr n="ap961x"><ent r="5" t="9" w="340" /></phr></stem><stem n="com.dartware.up"><phr n="com.dartware.ups"><ent r="5" t="9" w="338" /><ent r="5" t="9" w="336" /><ent r="5" t="9" w="394" /><ent r="5" t="9" w="392" /><ent r="5" t="9" w="449" /><ent r="5" t="9" w="447" /><ent r="5" t="9" w="542" /><ent r="5" t="9" w="540" /><ent r="5" t="9" w="600" /><ent r="5" t="9" w="598" /><ent r="5" t="9" w="655" /><ent r="5" t="9" w="653" /></phr></stem><stem n="apc-ap961x"><phr n="apc-ap961x"><ent r="5" t="9" w="339" /></phr></stem><stem n=".dartware.ups.apc-ap961x.txt"><phr n=".dartware.ups.apc-ap961x.txt"><ent r="5" t="9" w="341" /></phr></stem><stem n="com.dartware.ups.apc-ap961x.txt"><phr n="com.dartware.ups.apc-ap961x.txt"><ent r="5" t="9" w="341" /><ent r="5" t="9" w="336" /></phr></stem><stem n="$leftcharg"><phr n="$leftCharge"><ent r="5" t="9" w="343" /><ent r="5" t="9" w="398" /></phr><phr n="$LeftCharge"><ent r="5" t="9" w="500" /><ent r="5" t="9" w="547" /><ent r="5" t="9" w="604" /><ent r="5" t="9" w="659" /></phr></stem><stem n="pctcharg"><phr n="pctcharge"><ent r="5" t="9" w="345" /><ent r="5" t="9" w="400" /><ent r="5" t="9" w="502" /><ent r="5" t="9" w="549" /><ent r="5" t="9" w="606" /><ent r="5" t="9" w="661" /></phr></stem><stem n="charg"><phr n="Charge"><ent r="5" t="9" w="350" /><ent r="5" t="9" w="405" /><ent r="5" t="9" w="507" /><ent r="5" t="9" w="554" /><ent r="5" t="9" w="611" /><ent r="5" t="9" w="666" /></phr></stem><stem n="$batmin"><phr n="$batMin"><ent r="5" t="9" w="353" /><ent r="5" t="9" w="408" /></phr></stem><stem n="batttimeleft"><phr n="batttimeleft"><ent r="5" t="9" w="355" /><ent r="5" t="9" w="410" /><ent r="5" t="9" w="455" /><ent r="5" t="9" w="513" /><ent r="5" t="9" w="559" /><ent r="5" t="9" w="616" /><ent r="5" t="9" w="671" /><ent r="5" t="9" w="729" /></phr></stem><stem n="batteri"><phr n="battery"><ent r="5" t="9" w="362" /><ent r="5" t="9" w="417" /></phr><phr n="Battery"><ent r="5" t="9" w="382" /><ent r="5" t="9" w="437" /><ent r="5" t="9" w="462" /><ent r="5" t="9" w="506" /><ent r="5" t="9" w="520" /><ent r="5" t="9" w="566" /><ent r="5" t="9" w="587" /><ent r="5" t="9" w="623" /><ent r="5" t="9" w="644" /><ent r="5" t="9" w="678" /><ent r="5" t="9" w="733" /></phr></stem><stem n="$involt"><phr n="$inVolt"><ent r="5" t="9" w="365" /><ent r="5" t="9" w="420" /></phr></stem><stem n="involt"><phr n="involts"><ent r="5" t="9" w="367" /><ent r="5" t="9" w="422" /><ent r="5" t="9" w="468" /><ent r="5" t="9" w="525" /><ent r="5" t="9" w="571" /><ent r="5" t="9" w="628" /><ent r="5" t="9" w="683" /><ent r="5" t="9" w="741" /></phr></stem><stem n="voltag"><phr n="Voltage"><ent r="5" t="9" w="372" /><ent r="5" t="9" w="427" /><ent r="5" t="9" w="473" /><ent r="5" t="9" w="531" /><ent r="5" t="9" w="577" /><ent r="5" t="9" w="634" /><ent r="5" t="9" w="689" /><ent r="5" t="9" w="746" /></phr></stem><stem n="$battempc"><phr n="$batTempC"><ent r="5" t="9" w="375" /><ent r="5" t="9" w="430" /><ent r="5" t="9" w="637" /></phr></stem><stem n="°c"><phr n="°C"><ent r="5" t="9" w="384" /><ent r="5" t="9" w="439" /><ent r="5" t="9" w="589" /><ent r="5" t="9" w="701" /></phr></stem><stem n="(°c)"><phr n="(°C)"><ent r="5" t="9" w="385" /><ent r="5" t="9" w="440" /><ent r="5" t="9" w="590" /><ent r="5" t="9" w="702" /></phr></stem><stem n="com.dartware.ups.apc"><phr n="com.dartware.ups.apc"><ent r="5" t="9" w="395" /><ent r="5" t="9" w="392" /></phr></stem><stem n=".dartware.ups.apc.txt"><phr n=".dartware.ups.apc.txt"><ent r="5" t="9" w="396" /></phr></stem><stem n="com.dartware.ups.apc.txt"><phr n="com.dartware.ups.apc.txt"><ent r="5" t="9" w="396" /><ent r="5" t="9" w="392" /></phr></stem><stem n="/ups/bestpow"><phr n="/UPS/BestPower"><ent r="6" t="9" w="444" /></phr></stem><stem n="devices/ups/bestpow"><phr n="Devices/UPS/BestPower"><ent r="6" t="9" w="444" /><ent r="6" t="9" w="442" /></phr></stem><stem n="bestpow"><phr n="BestPower"><ent r="6" t="9" w="444" /></phr><phr n="bestpower"><ent r="5" t="9" w="450" /></phr></stem><stem n="com.dartware.ups.bestpow"><phr n="com.dartware.ups.bestpower"><ent r="5" t="9" w="450" /><ent r="5" t="9" w="447" /></phr></stem><stem n=".dartware.ups.bestpower.txt"><phr n=".dartware.ups.bestpower.txt"><ent r="5" t="9" w="451" /></phr></stem><stem n="com.dartware.ups.bestpower.txt"><phr n="com.dartware.ups.bestpower.txt"><ent r="5" t="9" w="451" /><ent r="5" t="9" w="447" /></phr></stem><stem n="$ctimeonbatteri"><phr n="$cTimeOnBattery"><ent r="5" t="9" w="453" /></phr></stem><stem n="(min)"><phr n="(min)"><ent r="5" t="9" w="464" /></phr></stem><stem n="$cinputvoltag"><phr n="$cInputVoltage"><ent r="5" t="9" w="466" /></phr></stem><stem n="$cinttempc"><phr n="$cIntTempC"><ent r="5" t="9" w="476" /></phr></stem><stem n="(c)"><phr n="(C)"><ent r="5" t="9" w="486" /></phr><phr n="(c)"><ent r="3" t="14" w="742" /><ent r="3" t="32" w="39" /><ent r="3" t="33" w="58" /><ent r="3" t="44" w="443" /><ent r="3" t="44" w="702" /><ent r="3" t="45" w="93" /><ent r="3" t="48" w="22" /><ent r="3" t="49" w="494" /></phr></stem><stem n="/ups/exid"><phr n="/UPS/Exide"><ent r="6" t="9" w="490" /></phr></stem><stem n="devices/ups/exid"><phr n="Devices/UPS/Exide"><ent r="6" t="9" w="490" /><ent r="6" t="9" w="488" /></phr></stem><stem n="exid"><phr n="Exide"><ent r="6" t="9" w="490" /></phr><phr n="exide"><ent r="5" t="9" w="497" /></phr></stem><stem n="shef"><phr n="shef"><ent r="5" t="9" w="493" /></phr></stem><stem n="shef.ac"><phr n="shef.ac"><ent r="5" t="9" w="494" /><ent r="5" t="9" w="493" /></phr></stem><stem n="ac"><phr n="ac"><ent r="5" t="9" w="494" /></phr></stem><stem n="shef.ac.uk"><phr n="shef.ac.uk"><ent r="5" t="9" w="495" /><ent r="5" t="9" w="493" /></phr></stem><stem n="uk"><phr n="uk"><ent r="5" t="9" w="495" /></phr></stem><stem n="shef.ac.uk.up"><phr n="shef.ac.uk.ups"><ent r="5" t="9" w="496" /><ent r="5" t="9" w="493" /></phr></stem><stem n="shef.ac.uk.ups.exid"><phr n="shef.ac.uk.ups.exide"><ent r="5" t="9" w="497" /><ent r="5" t="9" w="493" /></phr></stem><stem n=".ac.uk.ups.exide.txt"><phr n=".ac.uk.ups.exide.txt"><ent r="5" t="9" w="498" /></phr></stem><stem n="shef.ac.uk.ups.exide.txt"><phr n="shef.ac.uk.ups.exide.txt"><ent r="5" t="9" w="498" /><ent r="5" t="9" w="493" /></phr></stem><stem n="$leftmin"><phr n="$LeftMin"><ent r="5" t="9" w="511" /><ent r="5" t="9" w="557" /><ent r="5" t="9" w="614" /><ent r="5" t="9" w="669" /></phr></stem><stem n="$in1volt"><phr n="$in1Volt"><ent r="5" t="9" w="523" /><ent r="5" t="9" w="569" /><ent r="5" t="9" w="626" /><ent r="5" t="9" w="681" /></phr></stem><stem n="/ups/liebert"><phr n="/UPS/Liebert"><ent r="6" t="9" w="536" /></phr></stem><stem n="devices/ups/liebert"><phr n="Devices/UPS/Liebert"><ent r="6" t="9" w="536" /><ent r="6" t="9" w="534" /></phr></stem><stem n="liebert"><phr n="Liebert"><ent r="6" t="9" w="536" /></phr><phr n="liebert"><ent r="5" t="9" w="543" /></phr></stem><stem n="opencomm"><phr n="OpenComms"><ent r="6" t="9" w="538" /></phr><phr n="opencomms"><ent r="5" t="9" w="544" /></phr></stem><stem n="liebert-opencomm"><phr n="liebert-opencomms"><ent r="5" t="9" w="543" /></phr></stem><stem n=".dartware.ups.liebert-opencomms.txt"><phr n=".dartware.ups.liebert-opencomms.txt"><ent r="5" t="9" w="545" /></phr></stem><stem n="com.dartware.ups.liebert-opencomms.txt"><phr n="com.dartware.ups.liebert-opencomms.txt"><ent r="5" t="9" w="545" /><ent r="5" t="9" w="540" /></phr></stem><stem n="$batterytempc"><phr n="$batteryTempC"><ent r="5" t="9" w="580" /></phr></stem><stem n="/ups/standard"><phr n="/UPS/Standard"><ent r="6" t="9" w="594" /></phr></stem><stem n="devices/ups/standard"><phr n="Devices/UPS/Standard"><ent r="6" t="9" w="594" /><ent r="6" t="9" w="592" /></phr></stem><stem n="rfc1628"><phr n="RFC1628"><ent r="6" t="9" w="596" /></phr></stem><stem n="(rfc1628)"><phr n="(RFC1628)"><ent r="6" t="9" w="597" /></phr></stem><stem n="com.dartware.ups.standard"><phr n="com.dartware.ups.standard"><ent r="5" t="9" w="601" /><ent r="5" t="9" w="598" /></phr></stem><stem n=".dartware.ups.standard.txt"><phr n=".dartware.ups.standard.txt"><ent r="5" t="9" w="602" /></phr></stem><stem n="com.dartware.ups.standard.txt"><phr n="com.dartware.ups.standard.txt"><ent r="5" t="9" w="602" /><ent r="5" t="9" w="598" /></phr></stem><stem n="/ups/tripplit"><phr n="/UPS/TrippLite"><ent r="6" t="9" w="650" /></phr></stem><stem n="devices/ups/tripplit"><phr n="Devices/UPS/TrippLite"><ent r="6" t="9" w="650" /><ent r="6" t="9" w="648" /></phr></stem><stem n="tripplit"><phr n="TrippLite"><ent r="6" t="9" w="650" /></phr><phr n="tripplite"><ent r="5" t="9" w="656" /></phr></stem><stem n="com.dartware.ups.tripplit"><phr n="com.dartware.ups.tripplite"><ent r="5" t="9" w="656" /><ent r="5" t="9" w="653" /></phr></stem><stem n=".dartware.ups.tripplite.txt"><phr n=".dartware.ups.tripplite.txt"><ent r="5" t="9" w="657" /></phr></stem><stem n="com.dartware.ups.tripplite.txt"><phr n="com.dartware.ups.tripplite.txt"><ent r="5" t="9" w="657" /><ent r="5" t="9" w="653" /></phr></stem><stem n="$envtempc"><phr n="$envTempC"><ent r="5" t="9" w="692" /></phr></stem><stem n="ambient"><phr n="Ambient"><ent r="5" t="9" w="699" /><ent r="5" t="9" w="710" /></phr></stem><stem n="$envhumid"><phr n="$envHumid"><ent r="5" t="9" w="704" /></phr></stem><stem n="humid"><phr n="humidity"><ent r="5" t="9" w="706" /></phr><phr n="Humidity"><ent r="5" t="9" w="711" /></phr></stem><stem n="/ups/victron"><phr n="/UPS/Victron"><ent r="6" t="9" w="716" /></phr></stem><stem n="devices/ups/victron"><phr n="Devices/UPS/Victron"><ent r="6" t="9" w="716" /><ent r="6" t="9" w="714" /></phr></stem></index>