<?xml version="1.0" encoding="utf-8"?><index><stem n="&quot;made"><phr n="&quot;Made"><ent r="6" t="70" w="1289" /></phr></stem><stem n="*chart"><phr n="*chart"><ent r="7" t="70" w="1295" /></phr></stem><stem n="suffix"><phr n="suffix"><ent r="6" t="70" w="1305" /><ent r="3" t="72" w="32" /></phr></stem><stem n="{chart}.${imagesuffix}"><phr n="{chart}.${imagesuffix}"><ent r="7" t="70" w="1312" /></phr></stem><stem n="client'"><phr n="client's"><ent r="6" t="70" w="1321" /><ent r="6" t="70" w="1320" /></phr></stem><stem n="pixel"><phr n="pixels"><ent r="6" t="70" w="1331" /></phr></stem><stem n="chart.$"><phr n="chart.$"><ent r="7" t="70" w="1345" /><ent r="7" t="70" w="1344" /><ent r="7" t="70" w="1358" /><ent r="7" t="70" w="1357" /></phr></stem><stem n="clientwidth"><phr n="clientwidth"><ent r="7" t="70" w="1348" /></phr></stem><stem n="httpparam"><phr n="httpparams"><ent r="7" t="70" w="1350" /><ent r="7" t="70" w="1363" /><ent r="7" t="70" w="2087" /><ent r="7" t="70" w="2132" /><ent r="100" t="70" w="2140" /><ent r="7" t="70" w="2144" /><ent r="100" t="70" w="2147" /><ent r="7" t="70" w="2151" /><ent r="100" t="70" w="2154" /><ent r="7" t="70" w="2158" /><ent r="100" t="70" w="2161" /><ent r="7" t="70" w="2165" /><ent r="100" t="70" w="2168" /><ent r="7" t="70" w="2172" /><ent r="7" t="70" w="2176" /><ent r="7" t="70" w="2202" /><ent r="7" t="70" w="2229" /><ent r="7" t="70" w="2256" /><ent r="7" t="70" w="2282" /><ent r="7" t="70" w="2309" /></phr><phr n="httpparam"><ent r="7" t="70" w="2003" /><ent r="6" t="70" w="2064" /><ent r="6" t="70" w="2070" /><ent r="6" t="70" w="2076" /></phr></stem><stem n="=&quot;*chart.${imagesuffix}?${clientwidth}&amp;${httpparams}&quot;&gt;"><phr n="=&quot;*chart.${imagesuffix}?${clientwidth}&amp;${httpparams}&quot;&gt;"><ent r="7" t="70" w="1351" /></phr></stem><stem n="=&quot;*chart.${imagesuffix}?width=300&amp;${httpparams}&quot;&gt;"><phr n="=&quot;*chart.${imagesuffix}?width=300&amp;${httpparams}&quot;&gt;"><ent r="7" t="70" w="1364" /></phr></stem><stem n="popuptext"><phr n="popuptext"><ent r="7" t="70" w="1366" /><ent r="7" t="70" w="1396" /></phr></stem><stem n="*popuptext.html"><phr n="*popuptext.html"><ent r="7" t="70" w="1367" /></phr></stem><stem n="popuptext.html"><phr n="popuptext.html"><ent r="7" t="70" w="1367" /><ent r="7" t="70" w="1366" /><ent r="7" t="70" w="1397" /><ent r="7" t="70" w="1396" /></phr></stem><stem n="(these"><phr n="(these"><ent r="6" t="70" w="1382" /></phr></stem><stem n="formerli"><phr n="formerly"><ent r="6" t="70" w="1384" /></phr></stem><stem n="&quot;pop-up"><phr n="&quot;pop-up"><ent r="6" t="70" w="1386" /></phr></stem><stem n="pop"><phr n="pop"><ent r="6" t="70" w="1386" /></phr></stem><stem n="pop-up"><phr n="pop-up"><ent r="6" t="70" w="1386" /></phr></stem><stem n="{include:"><phr n="{include:"><ent r="7" t="70" w="1396" /></phr></stem><stem n="*popuptext.html}"><phr n="*popuptext.html}"><ent r="7" t="70" w="1398" /></phr></stem><stem n="&lt;pre&gt;"><phr n="&lt;pre&gt;"><ent r="7" t="70" w="1403" /></phr></stem><stem n="...&lt;/pre&gt;"><phr n="...&lt;/pre&gt;"><ent r="7" t="70" w="1405" /></phr></stem><stem n="&lt;/pre&gt;"><phr n="&lt;/pre&gt;"><ent r="7" t="70" w="1405" /><ent r="7" t="70" w="1404" /></phr></stem><stem n="pre&gt;"><phr n="pre&gt;"><ent r="7" t="70" w="1405" /></phr></stem><stem n="*map"><phr n="*map"><ent r="7" t="70" w="1409" /><ent r="4" t="70" w="1568" /></phr></stem><stem n="foreground"><phr n="foreground"><ent r="6" t="70" w="1422" /></phr></stem><stem n="&quot;foreground&quot;)"><phr n="&quot;foreground&quot;)"><ent r="6" t="70" w="1423" /></phr></stem><stem n="transpar"><phr n="transparent"><ent r="6" t="70" w="1429" /></phr></stem><stem n="imagemap"><phr n="imagemap"><ent r="6" t="70" w="1439" /><ent r="7" t="70" w="1521" /><ent r="6" t="70" w="1528" /><ent r="7" t="70" w="1557" /><ent r="4" t="70" w="1577" /></phr></stem><stem n="imagemap.html"><phr n="imagemap.html"><ent r="6" t="70" w="1440" /><ent r="6" t="70" w="1439" /><ent r="7" t="70" w="1522" /><ent r="7" t="70" w="1521" /><ent r="7" t="70" w="1558" /><ent r="7" t="70" w="1557" /></phr></stem><stem n="imagemap.html,"><phr n="imagemap.html,"><ent r="6" t="70" w="1440" /><ent r="6" t="70" w="1439" /></phr></stem><stem n="*imagemap.html,"><phr n="*imagemap.html,"><ent r="6" t="70" w="1441" /></phr></stem><stem n="auto-refresh"><phr n="auto-refresh"><ent r="6" t="70" w="1451" /><ent r="6" t="70" w="1505" /></phr></stem><stem n="-refresh."><phr n="-refresh."><ent r="6" t="70" w="1453" /><ent r="6" t="70" w="1453" /><ent r="6" t="70" w="1507" /><ent r="6" t="70" w="1507" /></phr></stem><stem n="httpdocument"><phr n="httpdocument"><ent r="7" t="70" w="1459" /><ent r="7" t="70" w="1513" /><ent r="7" t="70" w="1554" /><ent r="7" t="70" w="1895" /><ent r="7" t="70" w="1980" /></phr></stem><stem n="document/main"><phr n="document/main"><ent r="7" t="70" w="1461" /><ent r="7" t="70" w="1460" /><ent r="7" t="70" w="1515" /><ent r="7" t="70" w="1514" /><ent r="7" t="70" w="1556" /><ent r="7" t="70" w="1555" /></phr></stem><stem n="document/main/"><phr n="document/main/"><ent r="7" t="70" w="1461" /><ent r="7" t="70" w="1460" /><ent r="7" t="70" w="1515" /><ent r="7" t="70" w="1514" /><ent r="7" t="70" w="1556" /><ent r="7" t="70" w="1555" /></phr></stem><stem n="map.$"><phr n="map.$"><ent r="7" t="70" w="1463" /><ent r="7" t="70" w="1462" /></phr></stem><stem n="=&quot;/${httpdocument}/document/main/*map.${imagesuffix}?${timestamp}&quot;&gt;"><phr n="=&quot;/${httpdocument}/document/main/*map.${imagesuffix}?${timestamp}&quot;&gt;"><ent r="7" t="70" w="1467" /></phr></stem><stem n="*mapbg"><phr n="*mapbg"><ent r="7" t="70" w="1472" /><ent r="4" t="70" w="1573" /></phr></stem><stem n="mapbg"><phr n="mapbg"><ent r="7" t="70" w="1472" /><ent r="7" t="70" w="1516" /><ent r="4" t="70" w="1573" /></phr></stem><stem n="customer-select"><phr n="customer-selected"><ent r="6" t="70" w="1486" /></phr></stem><stem n="=&quot;/${httpdocument}/document/main/*mapbg?${timestamp}&quot;&gt;"><phr n="=&quot;/${httpdocument}/document/main/*mapbg?${timestamp}&quot;&gt;"><ent r="7" t="70" w="1519" /></phr></stem><stem n="*imagemap.html"><phr n="*imagemap.html"><ent r="7" t="70" w="1522" /></phr></stem><stem n="automatically-gener"><phr n="automatically-generated"><ent r="6" t="70" w="1544" /></phr></stem><stem n="(automatically-generated)"><phr n="(automatically-generated)"><ent r="6" t="70" w="1546" /></phr></stem><stem n="{include:/${httpdocument}/document/main/*imagemap.html}"><phr n="{include:/${httpdocument}/document/main/*imagemap.html}"><ent r="7" t="70" w="1559" /></phr></stem><stem n="*imagemap"><phr n="*imagemap"><ent r="4" t="70" w="1577" /></phr></stem><stem n="&lt;div&gt;"><phr n="&lt;div&gt;"><ent r="4" t="70" w="1583" /></phr></stem><stem n="superimpos"><phr n="superimposes"><ent r="4" t="70" w="1586" /></phr></stem><stem n="settings/web"><phr n="Settings/Web"><ent r="4" t="70" w="1599" /><ent r="4" t="70" w="1598" /></phr></stem><stem n="pages/permaphtml"><phr n="Pages/PerMapHTML"><ent r="4" t="70" w="1601" /><ent r="4" t="70" w="1600" /></phr></stem><stem n="permaphtml"><phr n="PerMapHTML"><ent r="4" t="70" w="1601" /><ent r="100" t="71" w="250" /><ent r="3" t="71" w="252" /><ent r="3" t="71" w="413" /></phr></stem><stem n="pages/permaphtml/map"><phr n="Pages/PerMapHTML/map"><ent r="4" t="70" w="1602" /><ent r="4" t="70" w="1600" /></phr></stem><stem n="/permaphtml/map.html"><phr n="/PerMapHTML/map.html"><ent r="4" t="70" w="1603" /></phr></stem><stem n="pages/permaphtml/map.html"><phr n="Pages/PerMapHTML/map.html"><ent r="4" t="70" w="1603" /><ent r="4" t="70" w="1600" /></phr></stem><stem n="advantag"><phr n="advantage"><ent r="3" t="70" w="1641" /></phr></stem><stem n="htmlrefreshmetatag"><phr n="Htmlrefreshmetatag"><ent r="100" t="70" w="1646" /></phr><phr n="htmlrefreshmetatag"><ent r="7" t="70" w="1649" /><ent r="7" t="70" w="1702" /><ent r="6" t="70" w="1751" /></phr></stem><stem n="{htmlrefreshmetatag}"><phr n="{htmlrefreshmetatag}"><ent r="7" t="70" w="1650" /><ent r="7" t="70" w="1703" /><ent r="6" t="70" w="1752" /></phr></stem><stem n="(insert"><phr n="(Inserts"><ent r="6" t="70" w="1664" /></phr></stem><stem n="-equiv"><phr n="-equiv"><ent r="100" t="70" w="1668" /><ent r="100" t="70" w="1668" /></phr></stem><stem n="http-equiv"><phr n="http-equiv"><ent r="100" t="70" w="1668" /><ent r="7" t="70" w="1672" /></phr></stem><stem n="equiv"><phr n="equiv"><ent r="100" t="70" w="1669" /><ent r="7" t="70" w="1673" /></phr></stem><stem n="&lt;meta"><phr n="&lt;meta"><ent r="7" t="70" w="1671" /></phr></stem><stem n="-equiv=&quot;refresh&quot;...&gt;"><phr n="-equiv=&quot;refresh&quot;...&gt;"><ent r="7" t="70" w="1675" /><ent r="7" t="70" w="1675" /></phr></stem><stem n="htmlrefreshmetaopt"><phr n="Htmlrefreshmetaoptions"><ent r="100" t="70" w="1683" /></phr><phr n="htmlrefreshmetaoptions"><ent r="7" t="70" w="1686" /><ent r="7" t="70" w="1725" /></phr></stem><stem n="{htmlrefreshmetaoptions}"><phr n="{htmlrefreshmetaoptions}"><ent r="7" t="70" w="1687" /><ent r="7" t="70" w="1726" /></phr></stem><stem n="&lt;form&gt;&lt;select&gt;"><phr n="&lt;form&gt;&lt;select&gt;"><ent r="7" t="70" w="1716" /><ent r="6" t="70" w="1765" /></phr></stem><stem n="&lt;/select&gt;&lt;"><phr n="&lt;/select&gt;&lt;"><ent r="7" t="70" w="1718" /><ent r="7" t="70" w="1717" /><ent r="6" t="70" w="1767" /><ent r="6" t="70" w="1766" /></phr></stem><stem n="select&gt;&lt;"><phr n="select&gt;&lt;"><ent r="7" t="70" w="1718" /><ent r="6" t="70" w="1767" /></phr></stem><stem n="...&lt;/select&gt;&lt;/form&gt;"><phr n="...&lt;/select&gt;&lt;/form&gt;"><ent r="7" t="70" w="1719" /><ent r="6" t="70" w="1768" /></phr></stem><stem n="&lt;/select&gt;&lt;/form&gt;"><phr n="&lt;/select&gt;&lt;/form&gt;"><ent r="7" t="70" w="1719" /><ent r="7" t="70" w="1717" /><ent r="6" t="70" w="1768" /><ent r="6" t="70" w="1766" /></phr></stem><stem n="form&gt;"><phr n="form&gt;"><ent r="7" t="70" w="1719" /><ent r="6" t="70" w="1768" /></phr></stem><stem n="surround"><phr n="surrounding"><ent r="6" t="70" w="1721" /></phr></stem><stem n="jsrefreshmetaopt"><phr n="jsrefreshmetaoptions"><ent r="100" t="70" w="1729" /></phr></stem><stem n="jsrefreshopt"><phr n="jsrefreshoptions"><ent r="6" t="70" w="1732" /></phr></stem><stem n="{jsrefreshoptions}"><phr n="{jsrefreshoptions}"><ent r="6" t="70" w="1733" /></phr></stem><stem n="javascript"><phr n="JavaScript"><ent r="5" t="70" w="1746" /></phr></stem><stem n="-escap"><phr n="-escaped"><ent r="3" t="70" w="1782" /><ent r="3" t="70" w="1782" /></phr></stem><stem n="fulli"><phr n="fully"><ent r="3" t="70" w="1782" /></phr></stem><stem n="fully-escap"><phr n="fully-escaped"><ent r="3" t="70" w="1782" /></phr></stem><stem n="&quot;?&quot;"><phr n="&quot;?&quot;"><ent r="3" t="70" w="1799" /></phr></stem><stem n="%3f"><phr n="%3F"><ent r="4" t="70" w="1801" /></phr></stem><stem n="localhost/map1"><phr n="Localhost/Map1"><ent r="100" t="70" w="1828" /><ent r="100" t="70" w="1827" /></phr><phr n="localhost/Map1"><ent r="4" t="70" w="1840" /><ent r="4" t="70" w="1839" /></phr></stem><stem n="map1"><phr n="Map1"><ent r="100" t="70" w="1828" /><ent r="4" t="70" w="1840" /><ent r="6" t="70" w="1884" /><ent r="6" t="70" w="1915" /><ent r="6" t="70" w="1994" /></phr></stem><stem n="localhost/map1/devic"><phr n="Localhost/Map1/device"><ent r="100" t="70" w="1829" /><ent r="100" t="70" w="1827" /></phr><phr n="localhost/Map1/device"><ent r="4" t="70" w="1841" /><ent r="4" t="70" w="1839" /></phr></stem><stem n="localhost/map1/device/192"><phr n="Localhost/Map1/device/192"><ent r="100" t="70" w="1830" /><ent r="100" t="70" w="1827" /></phr><phr n="localhost/Map1/device/192"><ent r="4" t="70" w="1842" /><ent r="4" t="70" w="1839" /></phr></stem><stem n="localhost/map1/device/192.168"><phr n="Localhost/Map1/device/192.168"><ent r="100" t="70" w="1831" /><ent r="100" t="70" w="1827" /></phr><phr n="localhost/Map1/device/192.168"><ent r="4" t="70" w="1843" /><ent r="4" t="70" w="1839" /></phr></stem><stem n="localhost/map1/device/192.168.0"><phr n="Localhost/Map1/device/192.168.0"><ent r="100" t="70" w="1832" /><ent r="100" t="70" w="1827" /></phr><phr n="localhost/Map1/device/192.168.0"><ent r="4" t="70" w="1844" /><ent r="4" t="70" w="1839" /></phr></stem><stem n="localhost/map1/device/192.168.0.1"><phr n="Localhost/Map1/device/192.168.0.1"><ent r="100" t="70" w="1833" /><ent r="100" t="70" w="1827" /></phr><phr n="localhost/Map1/device/192.168.0.1"><ent r="4" t="70" w="1845" /><ent r="4" t="70" w="1839" /></phr></stem><stem n="3asnmp"><phr n="3ASNMP"><ent r="100" t="70" w="1834" /><ent r="4" t="70" w="1846" /><ent r="6" t="70" w="1890" /><ent r="6" t="70" w="1954" /><ent r="6" t="70" w="2000" /></phr></stem><stem n="/map1/device/192.168.0.1%3asnmp/!device.html"><phr n="/Map1/device/192.168.0.1%3ASNMP/!device.html"><ent r="100" t="70" w="1836" /></phr></stem><stem n="://localhost/map1/device/192.168.0.1%3asnmp/!device.html"><phr n="://localhost/Map1/device/192.168.0.1%3ASNMP/!device.html"><ent r="4" t="70" w="1848" /></phr></stem><stem n="webpageurl"><phr n="Webpageurl"><ent r="100" t="70" w="1850" /></phr><phr n="webpageurl"><ent r="7" t="70" w="1853" /></phr></stem><stem n="{webpageurl}"><phr n="{webpageurl}"><ent r="7" t="70" w="1854" /></phr></stem><stem n="httppath"><phr n="httppath"><ent r="7" t="70" w="1873" /></phr></stem><stem n="{httppath}"><phr n="{httppath}"><ent r="7" t="70" w="1874" /></phr></stem><stem n="map1/devic"><phr n="Map1/device"><ent r="6" t="70" w="1885" /><ent r="6" t="70" w="1884" /><ent r="6" t="70" w="1995" /><ent r="6" t="70" w="1994" /></phr></stem><stem n="map1/device/192"><phr n="Map1/device/192"><ent r="6" t="70" w="1886" /><ent r="6" t="70" w="1884" /><ent r="6" t="70" w="1996" /><ent r="6" t="70" w="1994" /></phr></stem><stem n="map1/device/192.168"><phr n="Map1/device/192.168"><ent r="6" t="70" w="1887" /><ent r="6" t="70" w="1884" /><ent r="6" t="70" w="1997" /><ent r="6" t="70" w="1994" /></phr></stem><stem n="map1/device/192.168.0"><phr n="Map1/device/192.168.0"><ent r="6" t="70" w="1888" /><ent r="6" t="70" w="1884" /><ent r="6" t="70" w="1998" /><ent r="6" t="70" w="1994" /></phr></stem><stem n="map1/device/192.168.0.1"><phr n="Map1/device/192.168.0.1"><ent r="6" t="70" w="1889" /><ent r="6" t="70" w="1884" /><ent r="6" t="70" w="1999" /><ent r="6" t="70" w="1994" /></phr></stem><stem n="&quot;/map1/device/192.168.0.1%3asnmp/!device.html&quot;)."><phr n="&quot;/Map1/device/192.168.0.1%3ASNMP/!device.html&quot;)."><ent r="6" t="70" w="1893" /></phr></stem><stem n="{httpdocument}"><phr n="{httpdocument}"><ent r="7" t="70" w="1896" /><ent r="7" t="70" w="1981" /></phr></stem><stem n="&quot;map1&quot;)."><phr n="&quot;Map1&quot;)."><ent r="6" t="70" w="1916" /></phr></stem><stem n="httpclass"><phr n="httpclass"><ent r="7" t="70" w="1918" /><ent r="7" t="70" w="1984" /></phr></stem><stem n="{httpclass}"><phr n="{httpclass}"><ent r="7" t="70" w="1919" /><ent r="7" t="70" w="1985" /></phr></stem><stem n="(device,"><phr n="(device,"><ent r="6" t="70" w="1929" /></phr></stem><stem n="&quot;device&quot;)."><phr n="&quot;device&quot;)."><ent r="6" t="70" w="1936" /></phr></stem><stem n="httpinstanc"><phr n="httpinstance"><ent r="7" t="70" w="1938" /><ent r="7" t="70" w="1988" /></phr></stem><stem n="{httpinstance}"><phr n="{httpinstance}"><ent r="7" t="70" w="1939" /><ent r="7" t="70" w="1989" /></phr></stem><stem n="192.168.0"><phr n="192.168.0"><ent r="6" t="70" w="1952" /><ent r="6" t="70" w="1950" /></phr></stem><stem n="192.168.0.1"><phr n="192.168.0.1"><ent r="6" t="70" w="1953" /><ent r="6" t="70" w="1950" /></phr></stem><stem n="&quot;192.168.0.1%3asnmp&quot;)."><phr n="&quot;192.168.0.1%3ASNMP&quot;)."><ent r="6" t="70" w="1955" /></phr></stem><stem n="httpmethod"><phr n="httpmethod"><ent r="7" t="70" w="1957" /></phr></stem><stem n="{httpmethod}"><phr n="{httpmethod}"><ent r="7" t="70" w="1958" /></phr></stem><stem n="fourth-level"><phr n="fourth-level"><ent r="6" t="70" w="1960" /></phr></stem><stem n="&quot;!device.html&quot;)."><phr n="&quot;!device.html&quot;)."><ent r="6" t="70" w="1971" /></phr></stem><stem n="httpinstancepath"><phr n="httpinstancepath"><ent r="7" t="70" w="1973" /></phr></stem><stem n="{httpinstancepath}"><phr n="{httpinstancepath}"><ent r="7" t="70" w="1974" /></phr></stem><stem n="&quot;/map1/device/192.168.0.1%3asnmp&quot;)."><phr n="&quot;/Map1/device/192.168.0.1%3ASNMP&quot;)."><ent r="6" t="70" w="2001" /></phr></stem><stem n="{httpparam:"><phr n="{httpparam:"><ent r="7" t="70" w="2004" /><ent r="6" t="70" w="2065" /><ent r="6" t="70" w="2071" /><ent r="6" t="70" w="2077" /></phr></stem><stem n="affix"><phr n="affixed"><ent r="6" t="70" w="2027" /></phr></stem><stem n="question"><phr n="question"><ent r="6" t="70" w="2033" /></phr></stem><stem n="www.example.com/testmap"><phr n="www.example.com/TestMap"><ent r="7" t="70" w="2057" /><ent r="7" t="70" w="2054" /><ent r="7" t="70" w="2125" /><ent r="7" t="70" w="2122" /></phr></stem><stem n="www.example.com/testmap/"><phr n="www.example.com/TestMap/"><ent r="7" t="70" w="2057" /><ent r="7" t="70" w="2054" /><ent r="7" t="70" w="2125" /><ent r="7" t="70" w="2122" /></phr></stem><stem n="://www.example.com/testmap/?color=red&amp;style=bold"><phr n="://www.example.com/TestMap/?color=red&amp;style=bold"><ent r="7" t="70" w="2061" /><ent r="7" t="70" w="2129" /></phr></stem><stem n="&quot;red&quot;"><phr n="&quot;red&quot;"><ent r="6" t="70" w="2068" /></phr></stem><stem n="&quot;bold&quot;"><phr n="&quot;bold&quot;"><ent r="6" t="70" w="2074" /></phr></stem><stem n="{httpparams}"><phr n="{httpparams}"><ent r="7" t="70" w="2088" /><ent r="7" t="70" w="2133" /><ent r="7" t="70" w="2310" /></phr></stem><stem n="&quot;color=red&amp;style=bold&quot;."><phr n="&quot;color=red&amp;style=bold&quot;."><ent r="6" t="70" w="2139" /></phr></stem><stem n="_endchart"><phr n="_endchart"><ent r="100" t="70" w="2141" /></phr></stem><stem n="httpparams_endchart"><phr n="httpparams_endchart"><ent r="100" t="70" w="2141" /><ent r="100" t="70" w="2140" /><ent r="7" t="70" w="2145" /><ent r="7" t="70" w="2144" /><ent r="7" t="70" w="2177" /><ent r="7" t="70" w="2176" /></phr></stem><stem n="endchart"><phr n="endchart"><ent r="100" t="70" w="2141" /><ent r="7" t="70" w="2145" /><ent r="7" t="70" w="2177" /></phr></stem><stem n="{httpparams_endchart}"><phr n="{httpparams_endchart}"><ent r="7" t="70" w="2146" /><ent r="7" t="70" w="2178" /></phr></stem><stem n="_nextchart"><phr n="_nextchart"><ent r="100" t="70" w="2148" /></phr></stem><stem n="httpparams_nextchart"><phr n="httpparams_nextchart"><ent r="100" t="70" w="2148" /><ent r="100" t="70" w="2147" /><ent r="7" t="70" w="2152" /><ent r="7" t="70" w="2151" /><ent r="7" t="70" w="2203" /><ent r="7" t="70" w="2202" /></phr></stem><stem n="nextchart"><phr n="nextchart"><ent r="100" t="70" w="2148" /><ent r="7" t="70" w="2152" /><ent r="7" t="70" w="2203" /></phr></stem><stem n="{httpparams_nextchart}"><phr n="{httpparams_nextchart}"><ent r="7" t="70" w="2153" /><ent r="7" t="70" w="2204" /></phr></stem><stem n="_prevchart"><phr n="_prevchart"><ent r="100" t="70" w="2155" /></phr></stem><stem n="httpparams_prevchart"><phr n="httpparams_prevchart"><ent r="100" t="70" w="2155" /><ent r="100" t="70" w="2154" /><ent r="7" t="70" w="2159" /><ent r="7" t="70" w="2158" /><ent r="7" t="70" w="2230" /><ent r="7" t="70" w="2229" /></phr></stem><stem n="prevchart"><phr n="prevchart"><ent r="100" t="70" w="2155" /><ent r="7" t="70" w="2159" /><ent r="7" t="70" w="2230" /></phr></stem><stem n="{httpparams_prevchart}"><phr n="{httpparams_prevchart}"><ent r="7" t="70" w="2160" /><ent r="7" t="70" w="2231" /></phr></stem><stem n="_startchart"><phr n="_startchart"><ent r="100" t="70" w="2162" /></phr></stem><stem n="httpparams_startchart"><phr n="httpparams_startchart"><ent r="100" t="70" w="2162" /><ent r="100" t="70" w="2161" /><ent r="7" t="70" w="2166" /><ent r="7" t="70" w="2165" /><ent r="7" t="70" w="2257" /><ent r="7" t="70" w="2256" /></phr></stem><stem n="startchart"><phr n="startchart"><ent r="100" t="70" w="2162" /><ent r="7" t="70" w="2166" /><ent r="7" t="70" w="2257" /></phr></stem><stem n="{httpparams_startchart}"><phr n="{httpparams_startchart}"><ent r="7" t="70" w="2167" /><ent r="7" t="70" w="2258" /></phr></stem><stem n="_timescal"><phr n="_timescale"><ent r="100" t="70" w="2169" /></phr></stem><stem n="httpparams_timescal"><phr n="httpparams_timescale"><ent r="100" t="70" w="2169" /><ent r="100" t="70" w="2168" /><ent r="7" t="70" w="2173" /><ent r="7" t="70" w="2172" /><ent r="7" t="70" w="2283" /><ent r="7" t="70" w="2282" /></phr></stem><stem n="timescal"><phr n="timescale"><ent r="100" t="70" w="2169" /><ent r="7" t="70" w="2173" /><ent r="7" t="70" w="2283" /><ent r="6" t="70" w="2291" /></phr></stem><stem n="{httpparams_timescale}"><phr n="{httpparams_timescale}"><ent r="7" t="70" w="2174" /></phr></stem><stem n="endtim"><phr n="endtime"><ent r="6" t="70" w="2184" /><ent r="6" t="70" w="2210" /><ent r="6" t="70" w="2237" /><ent r="6" t="70" w="2264" /></phr></stem><stem n="&quot;endtime&quot;"><phr n="&quot;endtime&quot;"><ent r="6" t="70" w="2185" /><ent r="6" t="70" w="2211" /><ent r="6" t="70" w="2238" /><ent r="6" t="70" w="2265" /></phr></stem><stem n="chart'"><phr n="chart's"><ent r="6" t="70" w="2189" /><ent r="6" t="70" w="2188" /><ent r="6" t="70" w="2269" /><ent r="6" t="70" w="2268" /></phr></stem><stem n="scroll"><phr n="scrolling"><ent r="6" t="70" w="2193" /><ent r="6" t="70" w="2273" /><ent r="6" t="70" w="2316" /></phr><phr n="scrolls"><ent r="6" t="70" w="2219" /><ent r="6" t="70" w="2246" /></phr></stem><stem n="{httpparams_timescale:"><phr n="{httpparams_timescale:"><ent r="7" t="70" w="2284" /></phr></stem><stem n="&quot;timescale&quot;"><phr n="&quot;timescale&quot;"><ent r="6" t="70" w="2292" /></phr></stem><stem n="nearli"><phr n="nearly"><ent r="6" t="70" w="2304" /></phr></stem><stem n="anchor"><phr n="anchor"><ent r="100" t="70" w="2338" /><ent r="7" t="70" w="2341" /><ent r="6" t="70" w="2350" /><ent r="6" t="70" w="2356" /><ent r="7" t="70" w="2364" /><ent r="6" t="70" w="2369" /><ent r="7" t="70" w="2387" /><ent r="6" t="70" w="2402" /><ent r="6" t="70" w="2431" /><ent r="6" t="70" w="2437" /><ent r="6" t="70" w="2460" /><ent r="6" t="70" w="2463" /></phr></stem><stem n="{anchor:"><phr n="{anchor:"><ent r="7" t="70" w="2342" /><ent r="7" t="70" w="2365" /></phr></stem><stem n="attr"><phr n="attr"><ent r="7" t="70" w="2345" /><ent r="7" t="70" w="2394" /><ent r="6" t="70" w="2410" /><ent r="6" t="70" w="2419" /><ent r="6" t="70" w="2427" /><ent r="6" t="70" w="2446" /></phr></stem><stem n="{attr}"><phr n="{attr}"><ent r="7" t="70" w="2346" /><ent r="7" t="70" w="2395" /><ent r="6" t="70" w="2447" /></phr></stem><stem n="&quot;anchor&quot;"><phr n="&quot;anchor&quot;"><ent r="6" t="70" w="2351" /><ent r="6" t="70" w="2357" /><ent r="6" t="70" w="2370" /></phr></stem><stem n="{anchor}"><phr n="{anchor}"><ent r="7" t="70" w="2388" /></phr></stem><stem n="{anchor:class=&quot;header&quot;}"><phr n="{anchor:class=&quot;header&quot;}"><ent r="6" t="70" w="2405" /></phr></stem><stem n="maplist.html"><phr n="maplist.html"><ent r="6" t="70" w="2408" /><ent r="6" t="70" w="2407" /></phr></stem><stem n="=&quot;maplist.html&quot;"><phr n="=&quot;maplist.html&quot;"><ent r="6" t="70" w="2409" /></phr></stem><stem n="{attr}&gt;map"><phr n="{attr}&gt;Map"><ent r="6" t="70" w="2411" /></phr></stem><stem n="&gt;map"><phr n="&gt;Map"><ent r="6" t="70" w="2411" /></phr></stem><stem n="list&lt;"><phr n="List&lt;"><ent r="6" t="70" w="2412" /></phr></stem><stem n="/a&gt;"><phr n="/A&gt;"><ent r="6" t="70" w="2413" /></phr></stem><stem n="list&lt;/a&gt;"><phr n="List&lt;/A&gt;"><ent r="6" t="70" w="2413" /><ent r="6" t="70" w="2412" /></phr></stem><stem n="a&gt;"><phr n="A&gt;"><ent r="6" t="70" w="2413" /><ent r="6" t="70" w="2421" /><ent r="6" t="70" w="2429" /></phr></stem><stem n="=&quot;${telnetserverurl}&quot;"><phr n="=&quot;${TelnetServerURL}&quot;"><ent r="6" t="70" w="2418" /></phr></stem><stem n="&gt;telnet&lt;"><phr n="&gt;Telnet&lt;"><ent r="6" t="70" w="2420" /></phr></stem><stem n="{attr}&gt;telnet&lt;/a&gt;"><phr n="{attr}&gt;Telnet&lt;/A&gt;"><ent r="6" t="70" w="2421" /></phr></stem><stem n="&gt;telnet&lt;/a&gt;"><phr n="&gt;Telnet&lt;/A&gt;"><ent r="6" t="70" w="2421" /><ent r="6" t="70" w="2420" /></phr></stem><stem n="&gt;home&lt;"><phr n="&gt;Home&lt;"><ent r="6" t="70" w="2428" /></phr></stem><stem n="=&quot;${webserverurl}&quot;${attr}&gt;home&lt;/a&gt;"><phr n="=&quot;${WebServerURL}&quot;${attr}&gt;Home&lt;/A&gt;"><ent r="6" t="70" w="2429" /></phr></stem><stem n="&gt;home&lt;/a&gt;"><phr n="&gt;Home&lt;/A&gt;"><ent r="6" t="70" w="2429" /><ent r="6" t="70" w="2428" /></phr></stem><stem n="{anchor:}"><phr n="{anchor:}"><ent r="6" t="70" w="2432" /><ent r="6" t="70" w="2461" /></phr></stem><stem n="'class=&quot;header&quot;'."><phr n="'class=&quot;header&quot;'."><ent r="6" t="70" w="2443" /></phr></stem><stem n="afterward"><phr n="Afterward"><ent r="6" t="70" w="2458" /></phr></stem><stem n=":level"><phr n=":level"><ent r="100" t="71" w="44" /><ent r="100" t="72" w="14" /></phr></stem><stem n="adminhtml"><phr n="AdminHTML"><ent r="100" t="71" w="91" /></phr></stem><stem n="~adminhtml"><phr n="~AdminHTML"><ent r="3" t="71" w="93" /><ent r="3" t="71" w="411" /></phr></stem><stem n="intermapper.domainnam"><phr n="intermapper.domainname"><ent r="3" t="71" w="149" /><ent r="3" t="71" w="148" /><ent r="3" t="71" w="207" /><ent r="3" t="71" w="206" /><ent r="3" t="71" w="283" /><ent r="3" t="71" w="282" /></phr></stem><stem n="domainnam"><phr n="domainname"><ent r="3" t="71" w="149" /><ent r="3" t="71" w="207" /><ent r="3" t="71" w="283" /></phr></stem><stem n="intermapper.domainname.com"><phr n="intermapper.domainname.com"><ent r="3" t="71" w="150" /><ent r="3" t="71" w="148" /><ent r="3" t="71" w="208" /><ent r="3" t="71" w="206" /><ent r="3" t="71" w="284" /><ent r="3" t="71" w="282" /></phr></stem><stem n="intermapper.domainname.com/~admin"><phr n="intermapper.domainname.com/~admin"><ent r="3" t="71" w="151" /><ent r="3" t="71" w="148" /></phr></stem><stem n="intermapper.domainname.com/~admin/filenam"><phr n="intermapper.domainname.com/~admin/filename"><ent r="3" t="71" w="152" /><ent r="3" t="71" w="148" /></phr></stem><stem n="://intermapper.domainname.com/~admin/filename.html"><phr n="://intermapper.domainname.com/~admin/filename.html"><ent r="3" t="71" w="153" /></phr></stem><stem n="intermapper.domainname.com/~admin/filename.html"><phr n="intermapper.domainname.com/~admin/filename.html"><ent r="3" t="71" w="153" /><ent r="3" t="71" w="148" /></phr></stem><stem n="guesthtml"><phr n="GuestHTML"><ent r="100" t="71" w="155" /></phr></stem><stem n="~guesthtml"><phr n="~GuestHTML"><ent r="3" t="71" w="157" /></phr></stem><stem n="author"><phr n="authorized"><ent r="3" t="71" w="183" /></phr></stem><stem n="bypass"><phr n="bypass"><ent r="3" t="71" w="190" /></phr></stem><stem n="intermapper.domainname.com/~error"><phr n="intermapper.domainname.com/~error"><ent r="3" t="71" w="209" /><ent r="3" t="71" w="206" /></phr></stem><stem n="~error"><phr n="~error"><ent r="3" t="71" w="209" /></phr></stem><stem n="intermapper.domainname.com/~error/filenam"><phr n="intermapper.domainname.com/~error/filename"><ent r="3" t="71" w="210" /><ent r="3" t="71" w="206" /></phr></stem><stem n="://intermapper.domainname.com/~error/filename.html"><phr n="://intermapper.domainname.com/~error/filename.html"><ent r="3" t="71" w="211" /></phr></stem><stem n="intermapper.domainname.com/~error/filename.html"><phr n="intermapper.domainname.com/~error/filename.html"><ent r="3" t="71" w="211" /><ent r="3" t="71" w="206" /></phr></stem><stem n="document'"><phr n="document's"><ent r="3" t="71" w="274" /><ent r="3" t="71" w="273" /></phr></stem><stem n="://intermapper.domainname.com/docnam"><phr n="://intermapper.domainname.com/docname"><ent r="3" t="71" w="285" /></phr></stem><stem n="intermapper.domainname.com/docnam"><phr n="intermapper.domainname.com/docname"><ent r="3" t="71" w="285" /><ent r="3" t="71" w="282" /></phr></stem><stem n="docnam"><phr n="docname"><ent r="3" t="71" w="285" /><ent r="3" t="71" w="459" /><ent r="3" t="71" w="473" /></phr></stem><stem n="/!index.html"><phr n="/!index.html"><ent r="100" t="71" w="312" /><ent r="3" t="71" w="322" /></phr></stem><stem n="unqualifi"><phr n="unqualified"><ent r="3" t="71" w="327" /></phr></stem><stem n="index.html."><phr n="index.html."><ent r="3" t="71" w="352" /><ent r="3" t="71" w="351" /><ent r="3" t="71" w="448" /><ent r="3" t="71" w="447" /><ent r="3" t="71" w="477" /><ent r="3" t="71" w="476" /></phr></stem><stem n="/!index.html."><phr n="/!index.html."><ent r="3" t="71" w="353" /></phr></stem><stem n="&quot;!template.html&quot;"><phr n="&quot;!template.html&quot;"><ent r="3" t="71" w="376" /></phr></stem></index>