<?xml version="1.0" encoding="utf-8"?><index><stem n="wait/p"><phr n="Wait/p"><ent r="100" t="39" w="26" /><ent r="100" t="39" w="25" /><ent r="100" t="39" w="33" /><ent r="100" t="39" w="32" /></phr></stem><stem n=":wait/p:i/second"><phr n=":Wait/p:i/Seconds"><ent r="100" t="39" w="28" /></phr></stem><stem n="i/second"><phr n="i/Seconds"><ent r="100" t="39" w="28" /><ent r="100" t="39" w="27" /></phr></stem><stem n=":wait/p"><phr n=":Wait/p"><ent r="100" t="39" w="33" /></phr></stem><stem n="-provid"><phr n="-provided"><ent r="100" t="39" w="38" /><ent r="100" t="39" w="38" /><ent r="100" t="39" w="42" /><ent r="100" t="39" w="42" /><ent r="3" t="39" w="73" /><ent r="3" t="39" w="73" /></phr></stem><stem n="dartware-provid"><phr n="Dartware-provided"><ent r="100" t="39" w="38" /><ent r="100" t="39" w="42" /><ent r="100" t="39" w="56" /><ent r="3" t="39" w="73" /></phr></stem><stem n=":dartware-provid"><phr n=":Dartware-provided"><ent r="100" t="39" w="56" /></phr></stem><stem n="(com.dartware.tcp.custom)"><phr n="(com.dartware.tcp.custom)"><ent r="3" t="39" w="101" /></phr></stem><stem n="©"><phr n="©"><ent r="3" t="39" w="102" /></phr></stem><stem n="-2003"><phr n="-2003"><ent r="3" t="39" w="103" /><ent r="3" t="39" w="103" /></phr></stem><stem n="2000-2003"><phr n="2000-2003"><ent r="3" t="39" w="103" /></phr></stem><stem n="&quot;custom"><phr n="&quot;Custom"><ent r="3" t="39" w="145" /><ent r="3" t="61" w="1060" /></phr></stem><stem n="&quot;version"><phr n="&quot;version"><ent r="3" t="39" w="147" /></phr></stem><stem n="&quot;1.2&quot;"><phr n="&quot;1.2&quot;"><ent r="3" t="39" w="150" /><ent r="3" t="49" w="530" /></phr></stem><stem n="&quot;23&quot;"><phr n="&quot;23&quot;"><ent r="3" t="39" w="164" /></phr></stem><stem n="\gb\custom"><phr n="\GB\Custom"><ent r="3" t="39" w="168" /></phr></stem><stem n=":set"><phr n=":set"><ent r="100" t="39" w="174" /></phr></stem><stem n="six"><phr n="six"><ent r="3" t="39" w="208" /></phr></stem><stem n="\i\str"><phr n="\i\String"><ent r="3" t="39" w="224" /></phr></stem><stem n=":down"><phr n=":DOWN"><ent r="100" t="39" w="275" /></phr></stem><stem n="\i\second"><phr n="\i\Seconds"><ent r="3" t="39" w="278" /></phr></stem><stem n="\i\ok"><phr n="\i\OK"><ent r="3" t="39" w="320" /></phr></stem><stem n="&quot;ok"><phr n="&quot;ok"><ent r="3" t="39" w="332" /></phr><phr n="&quot;OK"><ent r="3" t="39" w="435" /></phr></stem><stem n="\i\warn"><phr n="\i\WARN"><ent r="3" t="39" w="356" /></phr></stem><stem n="\i\alrm"><phr n="\i\ALRM"><ent r="3" t="39" w="375" /></phr></stem><stem n="\i\down"><phr n="\i\DOWN"><ent r="3" t="39" w="394" /></phr></stem><stem n="&quot;string"><phr n="&quot;String"><ent r="3" t="39" w="428" /></phr></stem><stem n="&quot;30&quot;"><phr n="&quot;30&quot;"><ent r="3" t="39" w="435" /></phr></stem><stem n="&quot;warn"><phr n="&quot;WARN"><ent r="3" t="39" w="437" /></phr><phr n="&quot;Warning"><ent r="3" t="54" w="177" /></phr></stem><stem n="&quot;alrm"><phr n="&quot;ALRM"><ent r="3" t="39" w="439" /></phr></stem><stem n="&quot;down"><phr n="&quot;DOWN"><ent r="3" t="39" w="441" /></phr></stem><stem n="#60"><phr n="#60"><ent r="3" t="39" w="452" /></phr></stem><stem n="(connect"><phr n="(connect"><ent r="3" t="39" w="453" /></phr></stem><stem n="&quot;${string"><phr n="&quot;${String"><ent r="3" t="39" w="459" /></phr></stem><stem n="#${second"><phr n="#${Seconds"><ent r="3" t="39" w="471" /></phr></stem><stem n="&quot;.&quot;r"><phr n="&quot;.&quot;r"><ent r="3" t="39" w="483" /></phr></stem><stem n="@disconnect"><phr n="@DISCONNECT"><ent r="3" t="39" w="486" /></phr></stem><stem n="&quot;${ok"><phr n="&quot;${OK"><ent r="3" t="39" w="492" /></phr></stem><stem n="&quot;[custom]"><phr n="&quot;[Custom]"><ent r="3" t="39" w="503" /><ent r="3" t="39" w="521" /><ent r="3" t="39" w="539" /><ent r="3" t="39" w="557" /><ent r="3" t="39" w="569" /><ent r="3" t="39" w="589" /></phr></stem><stem n="\&quot;${_line:50}\&quot;.&quot;"><phr n="\&quot;${_LINE:50}\&quot;.&quot;"><ent r="3" t="39" w="508" /><ent r="3" t="39" w="526" /><ent r="3" t="39" w="544" /><ent r="3" t="39" w="562" /></phr></stem><stem n="&quot;${alrm"><phr n="&quot;${ALRM"><ent r="3" t="39" w="528" /></phr></stem><stem n="&quot;${down"><phr n="&quot;${DOWN"><ent r="3" t="39" w="546" /></phr></stem><stem n="@idle:"><phr n="@IDLE:"><ent r="3" t="39" w="563" /></phr></stem><stem n="{second"><phr n="{Seconds"><ent r="3" t="39" w="578" /></phr></stem><stem n="[line"><phr n="[Line"><ent r="3" t="39" w="582" /></phr></stem><stem n="{_idleline}]&quot;"><phr n="{_IDLELINE}]&quot;"><ent r="3" t="39" w="585" /></phr></stem><stem n="@disconnect:"><phr n="@DISCONNECT:"><ent r="3" t="39" w="586" /></phr></stem><stem n="\4\time"><phr n="\4\Time"><ent r="3" t="39" w="610" /><ent r="3" t="39" w="619" /></phr></stem><stem n="/script-output&gt;"><phr n="/script-output&gt;"><ent r="3" t="39" w="629" /></phr></stem><stem n="script-output&gt;"><phr n="script-output&gt;"><ent r="3" t="39" w="629" /></phr></stem><stem n="=&quot;cmd-line&quot;"><phr n="=&quot;cmd-line&quot;"><ent r="3" t="40" w="23" /><ent r="3" t="46" w="303" /></phr></stem><stem n="(written"><phr n="(written"><ent r="3" t="40" w="40" /></phr></stem><stem n="c++"><phr n="C++"><ent r="3" t="40" w="44" /><ent r="4" t="40" w="983" /></phr></stem><stem n="favorit"><phr n="favorite"><ent r="3" t="40" w="47" /></phr></stem><stem n="program'"><phr n="program's"><ent r="3" t="40" w="51" /><ent r="3" t="40" w="50" /></phr></stem><stem n=":command-lin"><phr n=":Command-line"><ent r="100" t="40" w="65" /><ent r="100" t="40" w="377" /></phr></stem><stem n=":intermapp"><phr n=":InterMapper"><ent r="100" t="40" w="69" /></phr></stem><stem n="-line:cr"><phr n="-line:Create"><ent r="100" t="40" w="80" /><ent r="100" t="40" w="80" /></phr></stem><stem n="daemon"><phr n="Daemon"><ent r="100" t="40" w="86" /></phr></stem><stem n="64k"><phr n="64k"><ent r="3" t="40" w="358" /></phr></stem><stem n=":program/script"><phr n=":program/script"><ent r="100" t="40" w="364" /></phr></stem><stem n="program/script"><phr n="program/script"><ent r="100" t="40" w="364" /><ent r="100" t="40" w="363" /></phr><phr n="Program/script"><ent r="100" t="40" w="370" /><ent r="100" t="40" w="369" /><ent r="100" t="40" w="373" /><ent r="100" t="40" w="372" /></phr></stem><stem n="/script"><phr n="/script"><ent r="100" t="40" w="370" /></phr></stem><stem n="/script:nam"><phr n="/script:name"><ent r="100" t="40" w="374" /></phr></stem><stem n="nagios®"><phr n="Nagios®"><ent r="65" t="40" w="397" /><ent r="3" t="45" w="236" /><ent r="4" t="47" w="23" /><ent r="3" t="47" w="711" /></phr></stem><stem n="/compil"><phr n="/compile"><ent r="100" t="40" w="415" /><ent r="3" t="40" w="437" /><ent r="100" t="47" w="65" /><ent r="3" t="47" w="77" /></phr></stem><stem n="build/compil"><phr n="Build/compile"><ent r="100" t="40" w="415" /><ent r="100" t="40" w="414" /><ent r="100" t="47" w="65" /><ent r="100" t="47" w="64" /></phr><phr n="build/compile"><ent r="3" t="40" w="437" /><ent r="3" t="40" w="436" /><ent r="3" t="47" w="77" /><ent r="3" t="47" w="76" /></phr></stem><stem n="compil"><phr n="compile"><ent r="100" t="40" w="415" /><ent r="3" t="40" w="437" /><ent r="4" t="40" w="989" /><ent r="100" t="47" w="65" /><ent r="3" t="47" w="77" /></phr><phr n="compiled"><ent r="3" t="44" w="426" /></phr></stem><stem n="download"><phr n="download"><ent r="3" t="40" w="431" /><ent r="3" t="47" w="71" /><ent r="3" t="56" w="730" /><ent r="64" t="62" w="115" /><ent r="64" t="63" w="43" /><ent r="64" t="75" w="30" /></phr><phr n="Download"><ent r="4" t="47" w="257" /><ent r="4" t="50" w="55" /></phr><phr n="downloads"><ent r="3" t="62" w="106" /></phr></stem><stem n="yourself"><phr n="yourself"><ent r="3" t="40" w="439" /><ent r="3" t="47" w="79" /></phr></stem><stem n="guidelin"><phr n="guidelines"><ent r="64" t="40" w="458" /><ent r="3" t="47" w="396" /><ent r="64" t="47" w="407" /></phr><phr n="Guidelines"><ent r="3" t="47" w="432" /><ent r="4" t="47" w="453" /><ent r="4" t="47" w="525" /><ent r="4" t="47" w="573" /><ent r="4" t="47" w="816" /></phr></stem><stem n="/plugin"><phr n="/plugins"><ent r="3" t="40" w="467" /><ent r="100" t="40" w="477" /><ent r="100" t="47" w="411" /><ent r="3" t="47" w="418" /></phr></stem><stem n="probes/plugin"><phr n="probes/plugins"><ent r="3" t="40" w="467" /><ent r="3" t="40" w="466" /><ent r="3" t="47" w="418" /><ent r="3" t="47" w="417" /></phr><phr n="Probes/plugins"><ent r="100" t="40" w="477" /><ent r="100" t="40" w="476" /><ent r="100" t="47" w="411" /><ent r="100" t="47" w="410" /></phr></stem><stem n="shell"><phr n="shell"><ent r="3" t="40" w="505" /><ent r="3" t="40" w="1094" /><ent r="3" t="43" w="95" /><ent r="3" t="45" w="13" /><ent r="3" t="45" w="54" /><ent r="3" t="45" w="140" /><ent r="5" t="61" w="32" /><ent r="82" t="61" w="220" /><ent r="3" t="61" w="225" /></phr></stem><stem n="emb"><phr n="embed"><ent r="3" t="40" w="522" /><ent r="4" t="40" w="1014" /><ent r="3" t="44" w="23" /></phr></stem><stem n="deliv"><phr n="deliver"><ent r="3" t="40" w="535" /></phr><phr n="delivered"><ent r="3" t="65" w="63" /></phr></stem><stem n="ensur"><phr n="ensuring"><ent r="3" t="40" w="551" /></phr></stem><stem n="success/failur"><phr n="success/failure"><ent r="4" t="40" w="681" /><ent r="4" t="40" w="680" /></phr></stem><stem n="success/failure/sever"><phr n="success/failure/severity"><ent r="4" t="40" w="682" /><ent r="4" t="40" w="680" /></phr></stem><stem n="success/failure/severity."><phr n="success/failure/severity."><ent r="4" t="40" w="682" /><ent r="4" t="40" w="680" /></phr></stem><stem n="/failure/severity."><phr n="/failure/severity."><ent r="4" t="40" w="683" /></phr></stem><stem n="discov"><phr n="discovered"><ent r="4" t="40" w="709" /></phr></stem><stem n="stdout"><phr n="stdout"><ent r="5" t="40" w="722" /><ent r="4" t="40" w="800" /><ent r="3" t="40" w="870" /><ent r="3" t="47" w="161" /><ent r="4" t="47" w="789" /></phr><phr n="STDOUT"><ent r="5" t="47" w="483" /></phr></stem><stem n="&quot;\{&quot;"><phr n="&quot;\{&quot;"><ent r="4" t="40" w="735" /></phr></stem><stem n="&quot;}&quot;"><phr n="&quot;}&quot;"><ent r="4" t="40" w="735" /><ent r="4" t="40" w="807" /></phr></stem><stem n=".these"><phr n=".These"><ent r="4" t="40" w="736" /></phr></stem><stem n="characters.thes"><phr n="characters.These"><ent r="4" t="40" w="736" /><ent r="4" t="40" w="735" /></phr></stem><stem n="name-valu"><phr n="name-value"><ent r="5" t="40" w="758" /></phr></stem><stem n="&lt;name&gt;"><phr n="&lt;name&gt;"><ent r="3" t="40" w="766" /></phr></stem><stem n="&lt;value&gt;"><phr n="&lt;value&gt;"><ent r="3" t="40" w="767" /></phr></stem><stem n="$rtt"><phr n="$rtt"><ent r="4" t="40" w="827" /><ent r="3" t="40" w="850" /></phr></stem><stem n="$hop"><phr n="$hop"><ent r="4" t="40" w="831" /><ent r="3" t="40" w="852" /></phr></stem><stem n="\{"><phr n="\{"><ent r="3" t="40" w="850" /></phr></stem><stem n="signific"><phr n="significant"><ent r="3" t="40" w="865" /><ent r="3" t="74" w="38" /></phr></stem><stem n=":instal"><phr n=":Installing"><ent r="100" t="40" w="898" /><ent r="100" t="50" w="39" /></phr></stem><stem n="-interpret"><phr n="-interpreted"><ent r="100" t="40" w="932" /><ent r="100" t="40" w="932" /><ent r="4" t="40" w="986" /><ent r="4" t="40" w="986" /></phr></stem><stem n="non-interpret"><phr n="Non-interpreted"><ent r="100" t="40" w="932" /></phr><phr n="non-interpreted"><ent r="4" t="40" w="986" /></phr></stem><stem n="runnabl"><phr n="Runnable"><ent r="100" t="40" w="937" /><ent r="100" t="47" w="231" /></phr><phr n="runnable"><ent r="4" t="40" w="955" /></phr></stem><stem n="extern"><phr n="external"><ent r="4" t="40" w="944" /><ent r="92" t="44" w="341" /><ent r="3" t="44" w="363" /><ent r="3" t="57" w="35" /><ent r="3" t="59" w="279" /><ent r="3" t="62" w="37" /></phr></stem><stem n="(when"><phr n="(when"><ent r="4" t="40" w="1040" /></phr></stem><stem n="parameternam"><phr n="parametername"><ent r="3" t="40" w="1124" /></phr></stem><stem n="{parametername}."><phr n="{parametername}."><ent r="3" t="40" w="1125" /></phr></stem><stem n="{timeout}"><phr n="{Timeout}"><ent r="4" t="40" w="1142" /></phr></stem><stem n="&quot;7&quot;"><phr n="&quot;7&quot;"><ent r="3" t="40" w="1153" /><ent r="3" t="54" w="433" /></phr></stem><stem n="&quot;-h"><phr n="&quot;-H"><ent r="3" t="40" w="1169" /><ent r="5" t="41" w="360" /></phr></stem><stem n="{timeout}&quot;"><phr n="{Timeout}&quot;"><ent r="3" t="40" w="1172" /></phr></stem><stem n="ps"><phr n="ps"><ent r="4" t="40" w="1206" /><ent r="4" t="41" w="206" /><ent r="4" t="41" w="443" /></phr></stem><stem n="vulner"><phr n="vulnerability"><ent r="3" t="40" w="1237" /><ent r="3" t="40" w="1261" /><ent r="4" t="41" w="212" /><ent r="4" t="41" w="226" /><ent r="3" t="41" w="474" /><ent r="3" t="41" w="489" /></phr></stem><stem n="script/command"><phr n="script/command"><ent r="4" t="41" w="47" /><ent r="4" t="41" w="46" /><ent r="4" t="41" w="57" /><ent r="4" t="41" w="56" /><ent r="4" t="41" w="70" /><ent r="4" t="41" w="69" /><ent r="4" t="41" w="83" /><ent r="4" t="41" w="82" /></phr></stem><stem n="script/command."><phr n="script/command."><ent r="4" t="41" w="47" /><ent r="4" t="41" w="46" /><ent r="4" t="41" w="57" /><ent r="4" t="41" w="56" /><ent r="4" t="41" w="70" /><ent r="4" t="41" w="69" /><ent r="4" t="41" w="83" /><ent r="4" t="41" w="82" /></phr></stem><stem n="/command."><phr n="/command."><ent r="4" t="41" w="48" /><ent r="4" t="41" w="58" /><ent r="4" t="41" w="71" /><ent r="4" t="41" w="84" /></phr></stem><stem n="environ"><phr n="environment"><ent r="4" t="41" w="128" /><ent r="4" t="41" w="144" /><ent r="65" t="70" w="88" /><ent r="93" t="70" w="653" /></phr></stem><stem n="&quot;\&quot;"><phr n="&quot;\&quot;"><ent r="4" t="41" w="167" /><ent r="3" t="61" w="1136" /></phr></stem><stem n="&quot;;&quot;"><phr n="&quot;;&quot;"><ent r="4" t="41" w="170" /></phr></stem><stem n="/tool"><phr n="/Tools"><ent r="5" t="41" w="183" /><ent r="3" t="46" w="217" /></phr></stem><stem n="settings/tool"><phr n="Settings/Tools"><ent r="5" t="41" w="183" /><ent r="5" t="41" w="182" /><ent r="3" t="46" w="217" /><ent r="3" t="46" w="216" /></phr></stem><stem n="'ps'"><phr n="'ps'"><ent r="4" t="41" w="207" /></phr></stem><stem n="check_p"><phr n="check_ping"><ent r="4" t="41" w="264" /><ent r="4" t="41" w="263" /><ent r="5" t="41" w="357" /><ent r="5" t="41" w="356" /><ent r="3" t="48" w="190" /><ent r="3" t="48" w="189" /></phr></stem><stem n="&quot;check_ping&quot;."><phr n="&quot;check_ping&quot;."><ent r="4" t="41" w="265" /></phr></stem><stem n="exact"><phr n="exact"><ent r="4" t="41" w="272" /></phr></stem><stem n="extens"><phr n="extensions"><ent r="4" t="41" w="276" /><ent r="6" t="58" w="269" /><ent r="6" t="61" w="180" /><ent r="3" t="61" w="653" /><ent r="3" t="61" w="1089" /></phr><phr n="extensive"><ent r="3" t="46" w="69" /></phr><phr n="Extensions"><ent r="4" t="58" w="55" /><ent r="6" t="58" w="266" /><ent r="6" t="61" w="177" /><ent r="3" t="61" w="655" /><ent r="3" t="61" w="1091" /></phr></stem><stem n=".cmd."><phr n=".cmd."><ent r="4" t="41" w="282" /></phr></stem><stem n="'d"><phr n="'d"><ent r="4" t="41" w="297" /></phr></stem><stem n="you'd"><phr n="you'd"><ent r="4" t="41" w="297" /><ent r="4" t="41" w="296" /></phr></stem><stem n="&quot;check_ping&quot;"><phr n="&quot;check_ping&quot;"><ent r="5" t="41" w="358" /></phr></stem><stem n="-w"><phr n="-w"><ent r="5" t="41" w="363" /><ent r="5" t="41" w="363" /><ent r="3" t="47" w="628" /><ent r="3" t="47" w="628" /><ent r="3" t="48" w="194" /><ent r="3" t="48" w="194" /></phr></stem><stem n="100,10"><phr n="100,10"><ent r="5" t="41" w="365" /><ent r="5" t="41" w="364" /><ent r="3" t="48" w="196" /><ent r="3" t="48" w="195" /></phr></stem><stem n=",10%"><phr n=",10%"><ent r="5" t="41" w="366" /><ent r="3" t="48" w="197" /></phr></stem><stem n="1000,90"><phr n="1000,90"><ent r="5" t="41" w="368" /><ent r="5" t="41" w="367" /><ent r="3" t="48" w="199" /><ent r="3" t="48" w="198" /></phr></stem><stem n="90"><phr n="90"><ent r="5" t="41" w="368" /><ent r="3" t="48" w="199" /></phr></stem><stem n=",90%&quot;"><phr n=",90%&quot;"><ent r="5" t="41" w="369" /><ent r="3" t="48" w="200" /></phr></stem><stem n="&quot;${address}&quot;"><phr n="&quot;${ADDRESS}&quot;"><ent r="3" t="41" w="403" /></phr></stem><stem n="&quot;${port}&quot;"><phr n="&quot;${PORT}&quot;"><ent r="3" t="41" w="423" /></phr></stem><stem n="mechan"><phr n="mechanism"><ent r="3" t="41" w="492" /><ent r="3" t="71" w="195" /></phr></stem><stem n="channel"><phr n="channel"><ent r="3" t="41" w="497" /></phr></stem><stem n="-phrase"><phr n="-phrases"><ent r="3" t="41" w="509" /><ent r="3" t="41" w="509" /></phr></stem><stem n="pass-phras"><phr n="pass-phrases"><ent r="3" t="41" w="509" /></phr></stem><stem n="phrase"><phr n="phrases"><ent r="3" t="41" w="510" /></phr></stem><stem n="candid"><phr n="candidates"><ent r="3" t="41" w="513" /></phr></stem><stem n="&quot;executable&quot;"><phr n="&quot;executable&quot;"><ent r="3" t="41" w="525" /></phr></stem><stem n="&quot;${user}"><phr n="&quot;${User}"><ent r="3" t="41" w="528" /></phr></stem><stem n="{password}&quot;"><phr n="{Password}&quot;"><ent r="3" t="41" w="530" /></phr></stem><stem n="_code"><phr n="_CODE"><ent r="100" t="42" w="46" /></phr></stem><stem n="{exit_code}."><phr n="{EXIT_CODE}."><ent r="3" t="42" w="104" /></phr></stem><stem n="&quot;to"><phr n="&quot;To"><ent r="3" t="42" w="119" /></phr></stem><stem n="criteria"><phr n="criteria"><ent r="3" t="42" w="145" /></phr></stem><stem n="&quot;unknown&quot;."><phr n="&quot;unknown&quot;."><ent r="3" t="42" w="161" /></phr></stem><stem n="{chartable:...}"><phr n="{chartable:...}"><ent r="3" t="43" w="53" /></phr></stem><stem n="maintain"><phr n="maintain"><ent r="3" t="44" w="44" /></phr></stem><stem n=":scriptname&gt;"><phr n=":scriptname&gt;"><ent r="3" t="44" w="56" /></phr></stem><stem n="scriptname&gt;"><phr n="scriptname&gt;"><ent r="3" t="44" w="56" /><ent r="3" t="44" w="61" /></phr></stem><stem n="[script"><phr n="[script"><ent r="3" t="44" w="57" /><ent r="4" t="44" w="80" /></phr></stem><stem n="&lt;/tool"><phr n="&lt;/tool"><ent r="3" t="44" w="60" /><ent r="3" t="44" w="59" /><ent r="3" t="44" w="269" /><ent r="3" t="44" w="268" /><ent r="4" t="44" w="322" /><ent r="4" t="44" w="321" /><ent r="3" t="44" w="689" /><ent r="3" t="44" w="688" /><ent r="3" t="44" w="941" /><ent r="3" t="44" w="940" /><ent r="3" t="46" w="494" /><ent r="3" t="46" w="493" /><ent r="3" t="49" w="940" /><ent r="3" t="49" w="939" /></phr></stem><stem n="/tool:scriptname&gt;"><phr n="/tool:scriptname&gt;"><ent r="3" t="44" w="61" /></phr></stem><stem n="scriptnam"><phr n="scriptname"><ent r="4" t="44" w="65" /><ent r="4" t="44" w="145" /></phr></stem><stem n="subdirectori"><phr n="subdirectory"><ent r="3" t="44" w="126" /><ent r="3" t="44" w="142" /><ent r="3" t="44" w="154" /><ent r="3" t="44" w="280" /><ent r="4" t="61" w="457" /></phr><phr n="subdirectories"><ent r="3" t="44" w="183" /></phr></stem><stem n="-hidden"><phr n="-hidden"><ent r="3" t="44" w="161" /><ent r="3" t="44" w="161" /></phr></stem><stem n="non-hidden"><phr n="non-hidden"><ent r="3" t="44" w="161" /></phr></stem><stem n="delet"><phr n="deleted"><ent r="3" t="44" w="165" /></phr><phr n="Deleted"><ent r="4" t="58" w="81" /></phr><phr n="Delete"><ent r="3" t="76" w="9" /></phr></stem><stem n="overwritten"><phr n="overwritten"><ent r="3" t="44" w="191" /><ent r="7" t="68" w="528" /></phr></stem><stem n="trivial"><phr n="trivial"><ent r="3" t="44" w="201" /></phr><phr n="Trivial"><ent r="3" t="44" w="261" /></phr></stem><stem n="com.dartware.cmdlin"><phr n="com.dartware.cmdline"><ent r="4" t="44" w="216" /><ent r="4" t="44" w="214" /><ent r="4" t="44" w="287" /><ent r="4" t="44" w="285" /></phr></stem><stem n="cmdline"><phr n="cmdline"><ent r="4" t="44" w="216" /><ent r="4" t="44" w="287" /></phr></stem><stem n=".dartware.cmdline.test"><phr n=".dartware.cmdline.test"><ent r="4" t="44" w="217" /><ent r="4" t="44" w="288" /></phr></stem><stem n="com.dartware.cmdline.test"><phr n="com.dartware.cmdline.test"><ent r="4" t="44" w="217" /><ent r="4" t="44" w="214" /><ent r="4" t="44" w="288" /><ent r="4" t="44" w="285" /></phr></stem><stem n="=&quot;python"><phr n="=&quot;python"><ent r="3" t="44" w="235" /></phr></stem><stem n="test.pi"><phr n="test.py"><ent r="3" t="44" w="237" /><ent r="3" t="44" w="236" /><ent r="3" t="44" w="250" /><ent r="3" t="44" w="249" /><ent r="3" t="44" w="305" /><ent r="3" t="44" w="304" /></phr></stem><stem n=".py&quot;"><phr n=".py&quot;"><ent r="3" t="44" w="238" /><ent r="3" t="44" w="251" /><ent r="5" t="49" w="215" /></phr></stem><stem n=":test.py&gt;"><phr n=":test.py&gt;"><ent r="3" t="44" w="260" /><ent r="4" t="44" w="317" /></phr></stem><stem n="test.py&gt;"><phr n="test.py&gt;"><ent r="3" t="44" w="260" /><ent r="3" t="44" w="259" /><ent r="3" t="44" w="271" /><ent r="3" t="44" w="270" /><ent r="4" t="44" w="317" /><ent r="4" t="44" w="316" /><ent r="4" t="44" w="324" /><ent r="4" t="44" w="323" /></phr></stem><stem n="&quot;okay&quot;"><phr n="&quot;okay&quot;"><ent r="3" t="44" w="265" /></phr></stem><stem n="rais"><phr n="raise"><ent r="3" t="44" w="265" /></phr></stem><stem n="systemexit"><phr n="SystemExit"><ent r="3" t="44" w="266" /></phr></stem><stem n="/tool:test.py&gt;"><phr n="/tool:test.py&gt;"><ent r="3" t="44" w="271" /><ent r="4" t="44" w="324" /></phr></stem><stem n="&quot;test.py&quot;"><phr n="&quot;test.py&quot;"><ent r="3" t="44" w="306" /></phr></stem><stem n="check_connect"><phr n="check_connect"><ent r="3" t="44" w="434" /><ent r="3" t="44" w="433" /><ent r="3" t="44" w="516" /><ent r="3" t="44" w="515" /><ent r="3" t="44" w="579" /><ent r="3" t="44" w="578" /><ent r="3" t="44" w="622" /><ent r="3" t="44" w="621" /><ent r="3" t="44" w="691" /><ent r="3" t="44" w="690" /></phr></stem><stem n="com.dartware.commandlin"><phr n="com.dartware.commandline"><ent r="3" t="44" w="437" /><ent r="3" t="44" w="435" /></phr></stem><stem n="commandlin"><phr n="commandline"><ent r="3" t="44" w="437" /><ent r="3" t="44" w="459" /><ent r="3" t="44" w="718" /></phr></stem><stem n="com.dartware.commandline.check"><phr n="com.dartware.commandline.check"><ent r="3" t="44" w="438" /><ent r="3" t="44" w="435" /></phr></stem><stem n="com.dartware.commandline.check_connect"><phr n="com.dartware.commandline.check_connect"><ent r="3" t="44" w="439" /><ent r="3" t="44" w="435" /></phr></stem><stem n="com.dartware.commandline.check_connect.txt"><phr n="com.dartware.commandline.check_connect.txt"><ent r="3" t="44" w="440" /><ent r="3" t="44" w="435" /></phr></stem><stem n="(com.dartware.commandline.check_connect.txt)"><phr n="(com.dartware.commandline.check_connect.txt)"><ent r="3" t="44" w="441" /></phr></stem><stem n="2009"><phr n="2009"><ent r="3" t="44" w="443" /><ent r="3" t="44" w="702" /><ent r="3" t="49" w="494" /><ent r="3" t="49" w="705" /></phr></stem><stem n="commandline.check"><phr n="commandline.check"><ent r="3" t="44" w="460" /><ent r="3" t="44" w="459" /><ent r="3" t="44" w="719" /><ent r="3" t="44" w="718" /></phr></stem><stem n="commandline.check_connect"><phr n="commandline.check_connect"><ent r="3" t="44" w="461" /><ent r="3" t="44" w="459" /></phr></stem><stem n="&quot;commandline.check_connect&quot;"><phr n="&quot;commandline.check_connect&quot;"><ent r="3" t="44" w="462" /></phr></stem><stem n="&quot;check"><phr n="&quot;Check"><ent r="3" t="44" w="464" /><ent r="3" t="44" w="723" /></phr></stem><stem n="&quot;miscellaneous/test/check"><phr n="&quot;Miscellaneous/Test/Check"><ent r="3" t="44" w="476" /><ent r="3" t="44" w="735" /></phr></stem><stem n="miscellaneous/test/check"><phr n="Miscellaneous/Test/Check"><ent r="3" t="44" w="476" /><ent r="3" t="44" w="474" /><ent r="3" t="44" w="735" /><ent r="3" t="44" w="733" /></phr></stem><stem n="\gb\check"><phr n="\GB\Check"><ent r="3" t="44" w="482" /><ent r="3" t="44" w="744" /></phr></stem><stem n="check_port"><phr n="CHECK_PORT"><ent r="3" t="44" w="505" /><ent r="3" t="44" w="504" /><ent r="3" t="44" w="522" /><ent r="3" t="44" w="521" /></phr></stem><stem n="&quot;check_port&quot;"><phr n="&quot;CHECK_PORT&quot;"><ent r="3" t="44" w="506" /></phr></stem><stem n="&quot;80&quot;"><phr n="&quot;80&quot;"><ent r="3" t="44" w="507" /></phr></stem><stem n="=${python}"><phr n="=${PYTHON}"><ent r="3" t="44" w="514" /></phr></stem><stem n="=&quot;check_connect.pi"><phr n="=&quot;check_connect.py"><ent r="3" t="44" w="517" /></phr></stem><stem n="check_connect.pi"><phr n="check_connect.py"><ent r="3" t="44" w="517" /><ent r="3" t="44" w="515" /></phr></stem><stem n="{check_port}&quot;"><phr n="{CHECK_PORT}&quot;"><ent r="3" t="44" w="523" /></phr></stem><stem n="-data&gt;"><phr n="-data&gt;"><ent r="3" t="44" w="526" /><ent r="3" t="44" w="526" /><ent r="3" t="44" w="791" /><ent r="3" t="44" w="791" /></phr></stem><stem n="&lt;command-data&gt;"><phr n="&lt;command-data&gt;"><ent r="3" t="44" w="526" /><ent r="3" t="44" w="791" /></phr></stem><stem n="data&gt;"><phr n="data&gt;"><ent r="3" t="44" w="527" /><ent r="3" t="44" w="532" /><ent r="3" t="44" w="792" /><ent r="3" t="44" w="797" /></phr></stem><stem n="&lt;/current"><phr n="&lt;/Currently"><ent r="3" t="44" w="528" /><ent r="3" t="44" w="523" /><ent r="3" t="44" w="793" /><ent r="3" t="44" w="788" /></phr></stem><stem n="/command-data&gt;"><phr n="/command-data&gt;"><ent r="3" t="44" w="531" /><ent r="3" t="44" w="796" /></phr></stem><stem n="command-data&gt;"><phr n="command-data&gt;"><ent r="3" t="44" w="531" /><ent r="3" t="44" w="796" /></phr></stem><stem n="&lt;/&lt;"><phr n="&lt;/&lt;"><ent r="3" t="44" w="574" /><ent r="3" t="44" w="569" /><ent r="3" t="46" w="415" /><ent r="3" t="46" w="410" /></phr></stem><stem n="&lt;/&lt;/&lt;tool"><phr n="&lt;/&lt;/&lt;tool"><ent r="3" t="44" w="577" /><ent r="3" t="44" w="569" /></phr></stem><stem n=":check_connect.py&gt;"><phr n=":check_connect.py&gt;"><ent r="3" t="44" w="580" /></phr></stem><stem n="check_connect.py&gt;"><phr n="check_connect.py&gt;"><ent r="3" t="44" w="580" /><ent r="3" t="44" w="578" /><ent r="3" t="44" w="692" /><ent r="3" t="44" w="690" /></phr></stem><stem n="socket"><phr n="socket"><ent r="3" t="44" w="584" /><ent r="3" t="44" w="630" /><ent r="3" t="44" w="631" /><ent r="3" t="44" w="632" /><ent r="3" t="44" w="635" /></phr></stem><stem n=".argv[1]"><phr n=".argv[1]"><ent r="3" t="44" w="608" /><ent r="3" t="46" w="461" /></phr></stem><stem n="(sys.argv[2])"><phr n="(sys.argv[2])"><ent r="3" t="44" w="616" /></phr></stem><stem n="&quot;usage:"><phr n="&quot;Usage:"><ent r="3" t="44" w="621" /><ent r="3" t="44" w="863" /><ent r="3" t="46" w="449" /><ent r="3" t="61" w="515" /></phr></stem><stem n=".exit(down)"><phr n=".exit(DOWN)"><ent r="3" t="44" w="628" /></phr></stem><stem n="socket.socket"><phr n="socket.socket"><ent r="3" t="44" w="631" /><ent r="3" t="44" w="630" /></phr></stem><stem n="socket.af"><phr n="socket.AF"><ent r="3" t="44" w="633" /><ent r="3" t="44" w="632" /></phr></stem><stem n="af"><phr n="AF"><ent r="3" t="44" w="633" /></phr></stem><stem n="socket.af_inet"><phr n="socket.AF_INET"><ent r="3" t="44" w="634" /><ent r="3" t="44" w="632" /></phr></stem><stem n="inet"><phr n="INET"><ent r="3" t="44" w="634" /></phr></stem><stem n="socket.af_inet,"><phr n="socket.AF_INET,"><ent r="3" t="44" w="634" /><ent r="3" t="44" w="632" /></phr></stem><stem n=".socket(socket.af_inet,"><phr n=".socket(socket.AF_INET,"><ent r="3" t="44" w="635" /></phr></stem><stem n="socket.sock"><phr n="socket.SOCK"><ent r="3" t="44" w="636" /><ent r="3" t="44" w="635" /></phr></stem><stem n="sock"><phr n="SOCK"><ent r="3" t="44" w="636" /></phr></stem><stem n="socket.sock_stream"><phr n="socket.SOCK_STREAM"><ent r="3" t="44" w="637" /><ent r="3" t="44" w="635" /></phr></stem><stem n=".sock_stream)"><phr n=".SOCK_STREAM)"><ent r="3" t="44" w="638" /></phr></stem><stem n="s.connect"><phr n="s.connect"><ent r="3" t="44" w="639" /><ent r="3" t="44" w="638" /></phr></stem><stem n=".connect((host,"><phr n=".connect((host,"><ent r="3" t="44" w="641" /></phr></stem><stem n="))"><phr n="))"><ent r="3" t="44" w="642" /><ent r="3" t="61" w="1292" /></phr></stem><stem n="s.close"><phr n="s.close"><ent r="3" t="44" w="643" /><ent r="3" t="44" w="642" /></phr></stem><stem n=".close()"><phr n=".close()"><ent r="3" t="44" w="644" /></phr></stem><stem n="ioerror"><phr n="IOError"><ent r="3" t="44" w="645" /><ent r="3" t="49" w="831" /></phr></stem><stem n="hasattr"><phr n="hasattr"><ent r="3" t="44" w="650" /><ent r="3" t="44" w="659" /><ent r="3" t="49" w="834" /><ent r="3" t="49" w="854" /></phr></stem><stem n="(e,"><phr n="(e,"><ent r="3" t="44" w="652" /><ent r="3" t="44" w="661" /><ent r="3" t="49" w="836" /><ent r="3" t="49" w="856" /></phr></stem></index>