<?xml version="1.0" encoding="utf-8"?><index><stem n="1.3.6"><phr n="1.3.6"><ent r="3" t="13" w="1977" /><ent r="3" t="13" w="1975" /><ent r="3" t="13" w="2075" /><ent r="3" t="13" w="2073" /><ent r="3" t="16" w="128" /><ent r="3" t="16" w="126" /><ent r="3" t="16" w="143" /><ent r="3" t="16" w="141" /><ent r="3" t="16" w="160" /><ent r="3" t="16" w="158" /><ent r="3" t="16" w="177" /><ent r="3" t="16" w="175" /><ent r="3" t="16" w="1180" /><ent r="3" t="16" w="1178" /><ent r="3" t="16" w="1195" /><ent r="3" t="16" w="1193" /><ent r="4" t="16" w="1252" /><ent r="4" t="16" w="1250" /><ent r="4" t="16" w="1294" /><ent r="4" t="16" w="1292" /><ent r="4" t="16" w="1336" /><ent r="4" t="16" w="1334" /><ent r="4" t="16" w="1367" /><ent r="4" t="16" w="1365" /><ent r="5" t="16" w="1665" /><ent r="5" t="16" w="1663" /><ent r="3" t="16" w="1925" /><ent r="3" t="16" w="1923" /><ent r="3" t="19" w="491" /><ent r="3" t="19" w="489" /><ent r="3" t="19" w="517" /><ent r="3" t="19" w="515" /><ent r="3" t="19" w="586" /><ent r="3" t="19" w="584" /><ent r="3" t="19" w="608" /><ent r="3" t="19" w="606" /><ent r="3" t="19" w="629" /><ent r="3" t="19" w="627" /><ent r="3" t="19" w="651" /><ent r="3" t="19" w="649" /><ent r="4" t="19" w="1429" /><ent r="4" t="19" w="1427" /><ent r="3" t="22" w="1182" /><ent r="3" t="22" w="1180" /><ent r="3" t="22" w="1191" /><ent r="3" t="22" w="1189" /><ent r="3" t="22" w="1326" /><ent r="3" t="22" w="1324" /><ent r="3" t="22" w="1343" /><ent r="3" t="22" w="1341" /><ent r="3" t="22" w="1360" /><ent r="3" t="22" w="1358" /><ent r="3" t="24" w="1994" /><ent r="3" t="24" w="1992" /><ent r="3" t="24" w="2014" /><ent r="3" t="24" w="2012" /><ent r="3" t="24" w="2036" /><ent r="3" t="24" w="2034" /><ent r="3" t="24" w="2056" /><ent r="3" t="24" w="2054" /><ent r="3" t="24" w="2078" /><ent r="3" t="24" w="2076" /><ent r="3" t="24" w="2100" /><ent r="3" t="24" w="2098" /><ent r="3" t="24" w="2120" /><ent r="3" t="24" w="2118" /><ent r="3" t="24" w="2127" /><ent r="3" t="24" w="2125" /><ent r="3" t="24" w="2135" /><ent r="3" t="24" w="2133" /><ent r="3" t="24" w="2141" /><ent r="3" t="24" w="2139" /><ent r="3" t="24" w="2145" /><ent r="3" t="24" w="2143" /><ent r="3" t="24" w="2804" /><ent r="3" t="24" w="2802" /><ent r="4" t="24" w="2851" /><ent r="4" t="24" w="2849" /><ent r="3" t="26" w="95" /><ent r="3" t="26" w="93" /><ent r="3" t="26" w="106" /><ent r="3" t="26" w="104" /><ent r="3" t="26" w="116" /><ent r="3" t="26" w="114" /><ent r="3" t="26" w="123" /><ent r="3" t="26" w="121" /><ent r="3" t="26" w="193" /><ent r="3" t="26" w="191" /><ent r="3" t="26" w="976" /><ent r="3" t="26" w="974" /><ent r="3" t="29" w="558" /><ent r="3" t="29" w="556" /><ent r="3" t="29" w="592" /><ent r="3" t="29" w="590" /><ent r="3" t="31" w="77" /><ent r="3" t="31" w="75" /><ent r="3" t="31" w="110" /><ent r="3" t="31" w="108" /><ent r="3" t="31" w="119" /><ent r="3" t="31" w="117" /><ent r="3" t="31" w="129" /><ent r="3" t="31" w="127" /><ent r="4" t="31" w="213" /><ent r="4" t="31" w="211" /><ent r="4" t="31" w="272" /><ent r="4" t="31" w="270" /><ent r="4" t="31" w="282" /><ent r="4" t="31" w="280" /><ent r="3" t="32" w="442" /><ent r="3" t="32" w="440" /><ent r="3" t="32" w="456" /><ent r="3" t="32" w="454" /><ent r="3" t="32" w="473" /><ent r="3" t="32" w="471" /><ent r="3" t="32" w="486" /><ent r="3" t="32" w="484" /><ent r="3" t="32" w="500" /><ent r="3" t="32" w="498" /><ent r="3" t="32" w="515" /><ent r="3" t="32" w="513" /><ent r="3" t="32" w="531" /><ent r="3" t="32" w="529" /><ent r="3" t="32" w="596" /><ent r="3" t="32" w="594" /><ent r="3" t="32" w="603" /><ent r="3" t="32" w="601" /><ent r="3" t="32" w="617" /><ent r="3" t="32" w="615" /><ent r="3" t="32" w="634" /><ent r="3" t="32" w="632" /><ent r="3" t="32" w="647" /><ent r="3" t="32" w="645" /><ent r="3" t="32" w="661" /><ent r="3" t="32" w="659" /><ent r="3" t="32" w="676" /><ent r="3" t="32" w="674" /><ent r="3" t="32" w="692" /><ent r="3" t="32" w="690" /><ent r="3" t="32" w="726" /><ent r="3" t="32" w="724" /><ent r="3" t="32" w="740" /><ent r="3" t="32" w="738" /><ent r="3" t="32" w="757" /><ent r="3" t="32" w="755" /><ent r="3" t="32" w="770" /><ent r="3" t="32" w="768" /><ent r="3" t="32" w="784" /><ent r="3" t="32" w="782" /><ent r="3" t="32" w="799" /><ent r="3" t="32" w="797" /><ent r="3" t="32" w="815" /><ent r="3" t="32" w="813" /><ent r="3" t="32" w="836" /><ent r="3" t="32" w="834" /><ent r="3" t="32" w="850" /><ent r="3" t="32" w="848" /><ent r="3" t="32" w="867" /><ent r="3" t="32" w="865" /><ent r="3" t="32" w="880" /><ent r="3" t="32" w="878" /><ent r="3" t="32" w="894" /><ent r="3" t="32" w="892" /><ent r="3" t="32" w="909" /><ent r="3" t="32" w="907" /><ent r="3" t="32" w="925" /><ent r="3" t="32" w="923" /><ent r="3" t="32" w="940" /><ent r="3" t="32" w="938" /><ent r="3" t="32" w="953" /><ent r="3" t="32" w="951" /><ent r="3" t="32" w="966" /><ent r="3" t="32" w="964" /><ent r="3" t="32" w="979" /><ent r="3" t="32" w="977" /><ent r="3" t="32" w="992" /><ent r="3" t="32" w="990" /><ent r="3" t="32" w="1005" /><ent r="3" t="32" w="1003" /><ent r="3" t="32" w="1025" /><ent r="3" t="32" w="1023" /><ent r="3" t="32" w="1032" /><ent r="3" t="32" w="1030" /><ent r="3" t="32" w="1049" /><ent r="3" t="32" w="1047" /><ent r="3" t="32" w="1062" /><ent r="3" t="32" w="1060" /><ent r="3" t="32" w="1076" /><ent r="3" t="32" w="1074" /><ent r="3" t="32" w="1091" /><ent r="3" t="32" w="1089" /><ent r="3" t="32" w="1107" /><ent r="3" t="32" w="1105" /><ent r="3" t="32" w="1179" /><ent r="3" t="32" w="1177" /><ent r="3" t="32" w="1193" /><ent r="3" t="32" w="1191" /><ent r="3" t="32" w="1207" /><ent r="3" t="32" w="1205" /><ent r="3" t="32" w="1224" /><ent r="3" t="32" w="1222" /><ent r="3" t="32" w="1239" /><ent r="3" t="32" w="1237" /><ent r="3" t="32" w="1255" /><ent r="3" t="32" w="1253" /><ent r="3" t="54" w="349" /><ent r="3" t="54" w="347" /><ent r="3" t="54" w="360" /><ent r="3" t="54" w="358" /><ent r="3" t="54" w="371" /><ent r="3" t="54" w="369" /><ent r="3" t="54" w="382" /><ent r="3" t="54" w="380" /><ent r="3" t="54" w="502" /><ent r="3" t="54" w="500" /><ent r="3" t="54" w="514" /><ent r="3" t="54" w="512" /><ent r="3" t="54" w="545" /><ent r="3" t="54" w="543" /><ent r="3" t="55" w="510" /><ent r="3" t="55" w="508" /><ent r="3" t="55" w="571" /><ent r="3" t="55" w="569" /><ent r="3" t="55" w="627" /><ent r="3" t="55" w="625" /><ent r="3" t="55" w="671" /><ent r="3" t="55" w="669" /><ent r="3" t="55" w="863" /><ent r="3" t="55" w="861" /><ent r="3" t="55" w="880" /><ent r="3" t="55" w="878" /><ent r="3" t="55" w="890" /><ent r="3" t="55" w="888" /><ent r="3" t="55" w="904" /><ent r="3" t="55" w="902" /><ent r="3" t="55" w="920" /><ent r="3" t="55" w="918" /><ent r="3" t="55" w="938" /><ent r="3" t="55" w="936" /><ent r="3" t="55" w="957" /><ent r="3" t="55" w="955" /><ent r="3" t="55" w="976" /><ent r="3" t="55" w="974" /><ent r="3" t="55" w="992" /><ent r="3" t="55" w="990" /><ent r="3" t="55" w="1008" /><ent r="3" t="55" w="1006" /><ent r="3" t="55" w="1020" /><ent r="3" t="55" w="1018" /><ent r="3" t="55" w="1034" /><ent r="3" t="55" w="1032" /><ent r="3" t="55" w="1053" /><ent r="3" t="55" w="1051" /><ent r="3" t="55" w="1071" /><ent r="3" t="55" w="1069" /><ent r="3" t="55" w="1087" /><ent r="3" t="55" w="1085" /><ent r="3" t="55" w="1105" /><ent r="3" t="55" w="1103" /><ent r="3" t="56" w="619" /><ent r="3" t="56" w="617" /><ent r="3" t="56" w="635" /><ent r="3" t="56" w="633" /><ent r="3" t="56" w="657" /><ent r="3" t="56" w="655" /><ent r="3" t="56" w="671" /><ent r="3" t="56" w="669" /><ent r="3" t="56" w="684" /><ent r="3" t="56" w="682" /></phr></stem><stem n="1.3.6.1"><phr n="1.3.6.1"><ent r="3" t="13" w="1978" /><ent r="3" t="13" w="1975" /><ent r="3" t="13" w="2076" /><ent r="3" t="13" w="2073" /><ent r="3" t="16" w="129" /><ent r="3" t="16" w="126" /><ent r="3" t="16" w="144" /><ent r="3" t="16" w="141" /><ent r="3" t="16" w="161" /><ent r="3" t="16" w="158" /><ent r="3" t="16" w="178" /><ent r="3" t="16" w="175" /><ent r="3" t="16" w="1181" /><ent r="3" t="16" w="1178" /><ent r="3" t="16" w="1196" /><ent r="3" t="16" w="1193" /><ent r="4" t="16" w="1253" /><ent r="4" t="16" w="1250" /><ent r="4" t="16" w="1295" /><ent r="4" t="16" w="1292" /><ent r="4" t="16" w="1337" /><ent r="4" t="16" w="1334" /><ent r="4" t="16" w="1368" /><ent r="4" t="16" w="1365" /><ent r="5" t="16" w="1666" /><ent r="5" t="16" w="1663" /><ent r="3" t="16" w="1926" /><ent r="3" t="16" w="1923" /><ent r="3" t="19" w="492" /><ent r="3" t="19" w="489" /><ent r="3" t="19" w="518" /><ent r="3" t="19" w="515" /><ent r="3" t="19" w="587" /><ent r="3" t="19" w="584" /><ent r="3" t="19" w="609" /><ent r="3" t="19" w="606" /><ent r="3" t="19" w="630" /><ent r="3" t="19" w="627" /><ent r="3" t="19" w="652" /><ent r="3" t="19" w="649" /><ent r="4" t="19" w="1430" /><ent r="4" t="19" w="1427" /><ent r="3" t="22" w="1183" /><ent r="3" t="22" w="1180" /><ent r="3" t="22" w="1192" /><ent r="3" t="22" w="1189" /><ent r="3" t="22" w="1327" /><ent r="3" t="22" w="1324" /><ent r="3" t="22" w="1344" /><ent r="3" t="22" w="1341" /><ent r="3" t="22" w="1361" /><ent r="3" t="22" w="1358" /><ent r="3" t="24" w="1995" /><ent r="3" t="24" w="1992" /><ent r="3" t="24" w="2015" /><ent r="3" t="24" w="2012" /><ent r="3" t="24" w="2037" /><ent r="3" t="24" w="2034" /><ent r="3" t="24" w="2057" /><ent r="3" t="24" w="2054" /><ent r="3" t="24" w="2079" /><ent r="3" t="24" w="2076" /><ent r="3" t="24" w="2101" /><ent r="3" t="24" w="2098" /><ent r="3" t="24" w="2805" /><ent r="3" t="24" w="2802" /><ent r="4" t="24" w="2852" /><ent r="4" t="24" w="2849" /><ent r="3" t="26" w="124" /><ent r="3" t="26" w="121" /><ent r="3" t="26" w="194" /><ent r="3" t="26" w="191" /><ent r="3" t="26" w="977" /><ent r="3" t="26" w="974" /><ent r="3" t="29" w="559" /><ent r="3" t="29" w="556" /><ent r="3" t="29" w="593" /><ent r="3" t="29" w="590" /><ent r="3" t="31" w="78" /><ent r="3" t="31" w="75" /><ent r="3" t="31" w="111" /><ent r="3" t="31" w="108" /><ent r="3" t="31" w="120" /><ent r="3" t="31" w="117" /><ent r="3" t="31" w="130" /><ent r="3" t="31" w="127" /><ent r="4" t="31" w="214" /><ent r="4" t="31" w="211" /><ent r="4" t="31" w="273" /><ent r="4" t="31" w="270" /><ent r="4" t="31" w="283" /><ent r="4" t="31" w="280" /><ent r="3" t="32" w="443" /><ent r="3" t="32" w="440" /><ent r="3" t="32" w="457" /><ent r="3" t="32" w="454" /><ent r="3" t="32" w="474" /><ent r="3" t="32" w="471" /><ent r="3" t="32" w="487" /><ent r="3" t="32" w="484" /><ent r="3" t="32" w="501" /><ent r="3" t="32" w="498" /><ent r="3" t="32" w="516" /><ent r="3" t="32" w="513" /><ent r="3" t="32" w="532" /><ent r="3" t="32" w="529" /><ent r="3" t="32" w="597" /><ent r="3" t="32" w="594" /><ent r="3" t="32" w="604" /><ent r="3" t="32" w="601" /><ent r="3" t="32" w="618" /><ent r="3" t="32" w="615" /><ent r="3" t="32" w="635" /><ent r="3" t="32" w="632" /><ent r="3" t="32" w="648" /><ent r="3" t="32" w="645" /><ent r="3" t="32" w="662" /><ent r="3" t="32" w="659" /><ent r="3" t="32" w="677" /><ent r="3" t="32" w="674" /><ent r="3" t="32" w="693" /><ent r="3" t="32" w="690" /><ent r="3" t="32" w="727" /><ent r="3" t="32" w="724" /><ent r="3" t="32" w="741" /><ent r="3" t="32" w="738" /><ent r="3" t="32" w="758" /><ent r="3" t="32" w="755" /><ent r="3" t="32" w="771" /><ent r="3" t="32" w="768" /><ent r="3" t="32" w="785" /><ent r="3" t="32" w="782" /><ent r="3" t="32" w="800" /><ent r="3" t="32" w="797" /><ent r="3" t="32" w="816" /><ent r="3" t="32" w="813" /><ent r="3" t="32" w="837" /><ent r="3" t="32" w="834" /><ent r="3" t="32" w="851" /><ent r="3" t="32" w="848" /><ent r="3" t="32" w="868" /><ent r="3" t="32" w="865" /><ent r="3" t="32" w="881" /><ent r="3" t="32" w="878" /><ent r="3" t="32" w="895" /><ent r="3" t="32" w="892" /><ent r="3" t="32" w="910" /><ent r="3" t="32" w="907" /><ent r="3" t="32" w="926" /><ent r="3" t="32" w="923" /><ent r="3" t="32" w="941" /><ent r="3" t="32" w="938" /><ent r="3" t="32" w="954" /><ent r="3" t="32" w="951" /><ent r="3" t="32" w="967" /><ent r="3" t="32" w="964" /><ent r="3" t="32" w="980" /><ent r="3" t="32" w="977" /><ent r="3" t="32" w="993" /><ent r="3" t="32" w="990" /><ent r="3" t="32" w="1006" /><ent r="3" t="32" w="1003" /><ent r="3" t="32" w="1026" /><ent r="3" t="32" w="1023" /><ent r="3" t="32" w="1033" /><ent r="3" t="32" w="1030" /><ent r="3" t="32" w="1050" /><ent r="3" t="32" w="1047" /><ent r="3" t="32" w="1063" /><ent r="3" t="32" w="1060" /><ent r="3" t="32" w="1077" /><ent r="3" t="32" w="1074" /><ent r="3" t="32" w="1092" /><ent r="3" t="32" w="1089" /><ent r="3" t="32" w="1108" /><ent r="3" t="32" w="1105" /><ent r="3" t="32" w="1180" /><ent r="3" t="32" w="1177" /><ent r="3" t="32" w="1194" /><ent r="3" t="32" w="1191" /><ent r="3" t="32" w="1208" /><ent r="3" t="32" w="1205" /><ent r="3" t="32" w="1225" /><ent r="3" t="32" w="1222" /><ent r="3" t="32" w="1240" /><ent r="3" t="32" w="1237" /><ent r="3" t="32" w="1256" /><ent r="3" t="32" w="1253" /><ent r="3" t="54" w="350" /><ent r="3" t="54" w="347" /><ent r="3" t="54" w="361" /><ent r="3" t="54" w="358" /><ent r="3" t="54" w="372" /><ent r="3" t="54" w="369" /><ent r="3" t="54" w="383" /><ent r="3" t="54" w="380" /><ent r="3" t="54" w="503" /><ent r="3" t="54" w="500" /><ent r="3" t="54" w="515" /><ent r="3" t="54" w="512" /><ent r="3" t="54" w="546" /><ent r="3" t="54" w="543" /><ent r="3" t="55" w="511" /><ent r="3" t="55" w="508" /><ent r="3" t="55" w="572" /><ent r="3" t="55" w="569" /><ent r="3" t="55" w="628" /><ent r="3" t="55" w="625" /><ent r="3" t="55" w="672" /><ent r="3" t="55" w="669" /><ent r="3" t="55" w="864" /><ent r="3" t="55" w="861" /><ent r="3" t="55" w="881" /><ent r="3" t="55" w="878" /><ent r="3" t="55" w="891" /><ent r="3" t="55" w="888" /><ent r="3" t="55" w="905" /><ent r="3" t="55" w="902" /><ent r="3" t="55" w="921" /><ent r="3" t="55" w="918" /><ent r="3" t="55" w="939" /><ent r="3" t="55" w="936" /><ent r="3" t="55" w="958" /><ent r="3" t="55" w="955" /><ent r="3" t="55" w="977" /><ent r="3" t="55" w="974" /><ent r="3" t="55" w="993" /><ent r="3" t="55" w="990" /><ent r="3" t="55" w="1009" /><ent r="3" t="55" w="1006" /><ent r="3" t="55" w="1021" /><ent r="3" t="55" w="1018" /><ent r="3" t="55" w="1035" /><ent r="3" t="55" w="1032" /><ent r="3" t="55" w="1054" /><ent r="3" t="55" w="1051" /><ent r="3" t="55" w="1072" /><ent r="3" t="55" w="1069" /><ent r="3" t="55" w="1088" /><ent r="3" t="55" w="1085" /><ent r="3" t="55" w="1106" /><ent r="3" t="55" w="1103" /><ent r="3" t="56" w="620" /><ent r="3" t="56" w="617" /><ent r="3" t="56" w="636" /><ent r="3" t="56" w="633" /><ent r="3" t="56" w="658" /><ent r="3" t="56" w="655" /><ent r="3" t="56" w="672" /><ent r="3" t="56" w="669" /><ent r="3" t="56" w="685" /><ent r="3" t="56" w="682" /></phr></stem><stem n="1.3.6.1.2"><phr n="1.3.6.1.2"><ent r="3" t="13" w="1979" /><ent r="3" t="13" w="1975" /><ent r="3" t="13" w="2077" /><ent r="3" t="13" w="2073" /><ent r="3" t="16" w="130" /><ent r="3" t="16" w="126" /><ent r="3" t="16" w="145" /><ent r="3" t="16" w="141" /><ent r="3" t="16" w="162" /><ent r="3" t="16" w="158" /><ent r="3" t="16" w="179" /><ent r="3" t="16" w="175" /><ent r="3" t="16" w="1182" /><ent r="3" t="16" w="1178" /><ent r="3" t="16" w="1197" /><ent r="3" t="16" w="1193" /><ent r="4" t="16" w="1254" /><ent r="4" t="16" w="1250" /><ent r="4" t="16" w="1296" /><ent r="4" t="16" w="1292" /><ent r="4" t="16" w="1338" /><ent r="4" t="16" w="1334" /><ent r="4" t="16" w="1369" /><ent r="4" t="16" w="1365" /><ent r="5" t="16" w="1667" /><ent r="5" t="16" w="1663" /><ent r="3" t="16" w="1927" /><ent r="3" t="16" w="1923" /><ent r="3" t="19" w="493" /><ent r="3" t="19" w="489" /><ent r="3" t="19" w="519" /><ent r="3" t="19" w="515" /><ent r="3" t="19" w="588" /><ent r="3" t="19" w="584" /><ent r="3" t="19" w="610" /><ent r="3" t="19" w="606" /><ent r="3" t="19" w="631" /><ent r="3" t="19" w="627" /><ent r="3" t="19" w="653" /><ent r="3" t="19" w="649" /><ent r="4" t="19" w="1431" /><ent r="4" t="19" w="1427" /><ent r="3" t="24" w="1996" /><ent r="3" t="24" w="1992" /><ent r="3" t="24" w="2016" /><ent r="3" t="24" w="2012" /><ent r="3" t="24" w="2038" /><ent r="3" t="24" w="2034" /><ent r="3" t="24" w="2058" /><ent r="3" t="24" w="2054" /><ent r="3" t="24" w="2080" /><ent r="3" t="24" w="2076" /><ent r="3" t="24" w="2102" /><ent r="3" t="24" w="2098" /><ent r="3" t="24" w="2806" /><ent r="3" t="24" w="2802" /><ent r="4" t="24" w="2853" /><ent r="4" t="24" w="2849" /><ent r="3" t="26" w="125" /><ent r="3" t="26" w="121" /><ent r="3" t="26" w="978" /><ent r="3" t="26" w="974" /><ent r="3" t="54" w="351" /><ent r="3" t="54" w="347" /><ent r="3" t="54" w="362" /><ent r="3" t="54" w="358" /><ent r="3" t="54" w="384" /><ent r="3" t="54" w="380" /><ent r="3" t="54" w="504" /><ent r="3" t="54" w="500" /><ent r="3" t="54" w="516" /><ent r="3" t="54" w="512" /><ent r="3" t="54" w="547" /><ent r="3" t="54" w="543" /><ent r="3" t="55" w="512" /><ent r="3" t="55" w="508" /><ent r="3" t="55" w="573" /><ent r="3" t="55" w="569" /><ent r="3" t="55" w="629" /><ent r="3" t="55" w="625" /><ent r="3" t="55" w="673" /><ent r="3" t="55" w="669" /><ent r="3" t="55" w="865" /><ent r="3" t="55" w="861" /><ent r="3" t="55" w="882" /><ent r="3" t="55" w="878" /><ent r="3" t="55" w="906" /><ent r="3" t="55" w="902" /><ent r="3" t="55" w="922" /><ent r="3" t="55" w="918" /><ent r="3" t="55" w="940" /><ent r="3" t="55" w="936" /><ent r="3" t="55" w="959" /><ent r="3" t="55" w="955" /><ent r="3" t="55" w="978" /><ent r="3" t="55" w="974" /><ent r="3" t="55" w="994" /><ent r="3" t="55" w="990" /><ent r="3" t="55" w="1010" /><ent r="3" t="55" w="1006" /><ent r="3" t="55" w="1022" /><ent r="3" t="55" w="1018" /><ent r="3" t="55" w="1036" /><ent r="3" t="55" w="1032" /><ent r="3" t="55" w="1055" /><ent r="3" t="55" w="1051" /><ent r="3" t="55" w="1073" /><ent r="3" t="55" w="1069" /><ent r="3" t="55" w="1089" /><ent r="3" t="55" w="1085" /><ent r="3" t="55" w="1107" /><ent r="3" t="55" w="1103" /><ent r="3" t="56" w="621" /><ent r="3" t="56" w="617" /><ent r="3" t="56" w="637" /><ent r="3" t="56" w="633" /><ent r="3" t="56" w="659" /><ent r="3" t="56" w="655" /><ent r="3" t="56" w="673" /><ent r="3" t="56" w="669" /><ent r="3" t="56" w="686" /><ent r="3" t="56" w="682" /></phr></stem><stem n="1.3.6.1.2.1"><phr n="1.3.6.1.2.1"><ent r="3" t="13" w="1980" /><ent r="3" t="13" w="1975" /><ent r="3" t="13" w="2078" /><ent r="3" t="13" w="2073" /><ent r="3" t="16" w="131" /><ent r="3" t="16" w="126" /><ent r="3" t="16" w="146" /><ent r="3" t="16" w="141" /><ent r="3" t="16" w="163" /><ent r="3" t="16" w="158" /><ent r="3" t="16" w="180" /><ent r="3" t="16" w="175" /><ent r="3" t="16" w="1183" /><ent r="3" t="16" w="1178" /><ent r="3" t="16" w="1198" /><ent r="3" t="16" w="1193" /><ent r="4" t="16" w="1255" /><ent r="4" t="16" w="1250" /><ent r="4" t="16" w="1297" /><ent r="4" t="16" w="1292" /><ent r="4" t="16" w="1339" /><ent r="4" t="16" w="1334" /><ent r="4" t="16" w="1370" /><ent r="4" t="16" w="1365" /><ent r="5" t="16" w="1668" /><ent r="5" t="16" w="1663" /><ent r="3" t="16" w="1928" /><ent r="3" t="16" w="1923" /><ent r="3" t="19" w="494" /><ent r="3" t="19" w="489" /><ent r="3" t="19" w="520" /><ent r="3" t="19" w="515" /><ent r="3" t="19" w="589" /><ent r="3" t="19" w="584" /><ent r="3" t="19" w="611" /><ent r="3" t="19" w="606" /><ent r="3" t="19" w="632" /><ent r="3" t="19" w="627" /><ent r="3" t="19" w="654" /><ent r="3" t="19" w="649" /><ent r="4" t="19" w="1432" /><ent r="4" t="19" w="1427" /><ent r="3" t="24" w="1997" /><ent r="3" t="24" w="1992" /><ent r="3" t="24" w="2017" /><ent r="3" t="24" w="2012" /><ent r="3" t="24" w="2039" /><ent r="3" t="24" w="2034" /><ent r="3" t="24" w="2059" /><ent r="3" t="24" w="2054" /><ent r="3" t="24" w="2081" /><ent r="3" t="24" w="2076" /><ent r="3" t="24" w="2103" /><ent r="3" t="24" w="2098" /><ent r="3" t="24" w="2807" /><ent r="3" t="24" w="2802" /><ent r="4" t="24" w="2854" /><ent r="4" t="24" w="2849" /><ent r="3" t="26" w="126" /><ent r="3" t="26" w="121" /><ent r="3" t="26" w="979" /><ent r="3" t="26" w="974" /><ent r="3" t="54" w="352" /><ent r="3" t="54" w="347" /><ent r="3" t="54" w="363" /><ent r="3" t="54" w="358" /><ent r="3" t="54" w="385" /><ent r="3" t="54" w="380" /><ent r="3" t="54" w="505" /><ent r="3" t="54" w="500" /><ent r="3" t="54" w="517" /><ent r="3" t="54" w="512" /><ent r="3" t="54" w="548" /><ent r="3" t="54" w="543" /><ent r="3" t="55" w="513" /><ent r="3" t="55" w="508" /><ent r="3" t="55" w="574" /><ent r="3" t="55" w="569" /><ent r="3" t="55" w="630" /><ent r="3" t="55" w="625" /><ent r="3" t="55" w="674" /><ent r="3" t="55" w="669" /><ent r="3" t="55" w="866" /><ent r="3" t="55" w="861" /><ent r="3" t="55" w="883" /><ent r="3" t="55" w="878" /><ent r="3" t="55" w="907" /><ent r="3" t="55" w="902" /><ent r="3" t="55" w="923" /><ent r="3" t="55" w="918" /><ent r="3" t="55" w="941" /><ent r="3" t="55" w="936" /><ent r="3" t="55" w="960" /><ent r="3" t="55" w="955" /><ent r="3" t="55" w="979" /><ent r="3" t="55" w="974" /><ent r="3" t="55" w="995" /><ent r="3" t="55" w="990" /><ent r="3" t="55" w="1011" /><ent r="3" t="55" w="1006" /><ent r="3" t="55" w="1023" /><ent r="3" t="55" w="1018" /><ent r="3" t="55" w="1037" /><ent r="3" t="55" w="1032" /><ent r="3" t="55" w="1056" /><ent r="3" t="55" w="1051" /><ent r="3" t="55" w="1074" /><ent r="3" t="55" w="1069" /><ent r="3" t="55" w="1090" /><ent r="3" t="55" w="1085" /><ent r="3" t="55" w="1108" /><ent r="3" t="55" w="1103" /><ent r="3" t="56" w="622" /><ent r="3" t="56" w="617" /><ent r="3" t="56" w="638" /><ent r="3" t="56" w="633" /><ent r="3" t="56" w="660" /><ent r="3" t="56" w="655" /><ent r="3" t="56" w="674" /><ent r="3" t="56" w="669" /><ent r="3" t="56" w="687" /><ent r="3" t="56" w="682" /></phr></stem><stem n="1.3.6.1.2.1.4"><phr n="1.3.6.1.2.1.4"><ent r="3" t="13" w="1981" /><ent r="3" t="13" w="1975" /><ent r="3" t="13" w="2079" /><ent r="3" t="13" w="2073" /><ent r="3" t="16" w="132" /><ent r="3" t="16" w="126" /><ent r="3" t="16" w="147" /><ent r="3" t="16" w="141" /><ent r="3" t="16" w="1199" /><ent r="3" t="16" w="1193" /><ent r="4" t="16" w="1340" /><ent r="4" t="16" w="1334" /><ent r="4" t="19" w="1433" /><ent r="4" t="19" w="1427" /><ent r="3" t="24" w="1998" /><ent r="3" t="24" w="1992" /><ent r="3" t="24" w="2018" /><ent r="3" t="24" w="2012" /><ent r="3" t="24" w="2040" /><ent r="3" t="24" w="2034" /><ent r="3" t="24" w="2060" /><ent r="3" t="24" w="2054" /><ent r="3" t="24" w="2082" /><ent r="3" t="24" w="2076" /><ent r="3" t="24" w="2104" /><ent r="3" t="24" w="2098" /></phr></stem><stem n="1.3.6.1.2.1.4.20"><phr n="1.3.6.1.2.1.4.20"><ent r="3" t="13" w="1982" /><ent r="3" t="13" w="1975" /><ent r="3" t="24" w="1999" /><ent r="3" t="24" w="1992" /><ent r="3" t="24" w="2019" /><ent r="3" t="24" w="2012" /><ent r="3" t="24" w="2041" /><ent r="3" t="24" w="2034" /><ent r="3" t="24" w="2061" /><ent r="3" t="24" w="2054" /><ent r="3" t="24" w="2083" /><ent r="3" t="24" w="2076" /><ent r="3" t="24" w="2105" /><ent r="3" t="24" w="2098" /></phr></stem><stem n="1.3.6.1.2.1.4.20.1"><phr n="1.3.6.1.2.1.4.20.1"><ent r="3" t="13" w="1983" /><ent r="3" t="13" w="1975" /><ent r="3" t="24" w="2000" /><ent r="3" t="24" w="1992" /><ent r="3" t="24" w="2020" /><ent r="3" t="24" w="2012" /><ent r="3" t="24" w="2042" /><ent r="3" t="24" w="2034" /><ent r="3" t="24" w="2062" /><ent r="3" t="24" w="2054" /><ent r="3" t="24" w="2084" /><ent r="3" t="24" w="2076" /><ent r="3" t="24" w="2106" /><ent r="3" t="24" w="2098" /></phr></stem><stem n="1.3.6.1.2.1.4.20.1.1"><phr n="1.3.6.1.2.1.4.20.1.1"><ent r="3" t="13" w="1984" /><ent r="3" t="13" w="1975" /><ent r="3" t="24" w="2001" /><ent r="3" t="24" w="1992" /><ent r="3" t="24" w="2021" /><ent r="3" t="24" w="2012" /><ent r="3" t="24" w="2043" /><ent r="3" t="24" w="2034" /><ent r="3" t="24" w="2063" /><ent r="3" t="24" w="2054" /><ent r="3" t="24" w="2085" /><ent r="3" t="24" w="2076" /><ent r="3" t="24" w="2107" /><ent r="3" t="24" w="2098" /></phr></stem><stem n="1.3.6.1.2.1.4.20.1.1.10"><phr n="1.3.6.1.2.1.4.20.1.1.10"><ent r="3" t="13" w="1985" /><ent r="3" t="13" w="1975" /><ent r="3" t="24" w="2002" /><ent r="3" t="24" w="1992" /><ent r="3" t="24" w="2022" /><ent r="3" t="24" w="2012" /><ent r="3" t="24" w="2044" /><ent r="3" t="24" w="2034" /><ent r="3" t="24" w="2064" /><ent r="3" t="24" w="2054" /><ent r="3" t="24" w="2086" /><ent r="3" t="24" w="2076" /><ent r="3" t="24" w="2108" /><ent r="3" t="24" w="2098" /></phr></stem><stem n="10"><phr n="10"><ent r="3" t="13" w="1985" /><ent r="3" t="13" w="1986" /><ent r="3" t="13" w="1993" /><ent r="3" t="13" w="1994" /><ent r="3" t="13" w="2349" /><ent r="4" t="16" w="1374" /><ent r="4" t="16" w="1794" /><ent r="3" t="17" w="168" /><ent r="3" t="17" w="182" /><ent r="5" t="18" w="149" /><ent r="3" t="18" w="197" /><ent r="4" t="24" w="639" /><ent r="3" t="24" w="1425" /><ent r="4" t="24" w="1703" /><ent r="3" t="24" w="2002" /><ent r="3" t="24" w="2003" /><ent r="3" t="24" w="2022" /><ent r="3" t="24" w="2023" /><ent r="3" t="24" w="2029" /><ent r="3" t="24" w="2030" /><ent r="3" t="24" w="2044" /><ent r="3" t="24" w="2045" /><ent r="3" t="24" w="2064" /><ent r="3" t="24" w="2065" /><ent r="3" t="24" w="2071" /><ent r="3" t="24" w="2072" /><ent r="3" t="24" w="2086" /><ent r="3" t="24" w="2087" /><ent r="3" t="24" w="2108" /><ent r="3" t="24" w="2109" /><ent r="3" t="25" w="67" /><ent r="5" t="25" w="182" /><ent r="3" t="27" w="39" /><ent r="3" t="32" w="986" /><ent r="3" t="32" w="1140" /><ent r="3" t="32" w="1719" /><ent r="3" t="37" w="3956" /><ent r="5" t="41" w="365" /><ent r="3" t="47" w="630" /><ent r="3" t="47" w="655" /><ent r="3" t="48" w="196" /><ent r="3" t="49" w="769" /><ent r="3" t="54" w="510" /><ent r="3" t="54" w="564" /><ent r="3" t="55" w="146" /><ent r="4" t="55" w="319" /><ent r="3" t="55" w="532" /><ent r="3" t="55" w="533" /><ent r="3" t="55" w="565" /><ent r="3" t="55" w="566" /><ent r="3" t="55" w="651" /><ent r="3" t="56" w="175" /><ent r="3" t="56" w="201" /><ent r="3" t="56" w="512" /></phr><phr n="10s"><ent r="3" t="24" w="1371" /><ent r="3" t="24" w="1418" /></phr></stem><stem n="1.3.6.1.2.1.4.20.1.1.10.10"><phr n="1.3.6.1.2.1.4.20.1.1.10.10"><ent r="3" t="13" w="1986" /><ent r="3" t="13" w="1975" /><ent r="3" t="24" w="2003" /><ent r="3" t="24" w="1992" /><ent r="3" t="24" w="2023" /><ent r="3" t="24" w="2012" /><ent r="3" t="24" w="2045" /><ent r="3" t="24" w="2034" /><ent r="3" t="24" w="2065" /><ent r="3" t="24" w="2054" /><ent r="3" t="24" w="2087" /><ent r="3" t="24" w="2076" /><ent r="3" t="24" w="2109" /><ent r="3" t="24" w="2098" /></phr></stem></index>