<?xml version="1.0" encoding="utf-8"?><index><stem n="(note"><phr n="(note"><ent r="3" t="71" w="376" /></phr></stem><stem n="exclam"><phr n="exclamation"><ent r="3" t="71" w="378" /></phr></stem><stem n="&quot;~adminhtml&quot;"><phr n="&quot;~AdminHTML&quot;"><ent r="3" t="71" w="412" /></phr></stem><stem n="&quot;permaphtml&quot;"><phr n="&quot;PerMapHTML&quot;"><ent r="3" t="71" w="414" /></phr></stem><stem n="&quot;!index.html&quot;."><phr n="&quot;!index.html&quot;."><ent r="3" t="71" w="422" /></phr></stem><stem n="intermapper.domain"><phr n="Intermapper.domain"><ent r="100" t="71" w="427" /><ent r="100" t="71" w="426" /></phr><phr n="intermapper.domain"><ent r="4" t="71" w="432" /><ent r="4" t="71" w="431" /><ent r="3" t="71" w="444" /><ent r="3" t="71" w="443" /><ent r="3" t="71" w="457" /><ent r="3" t="71" w="456" /><ent r="3" t="71" w="471" /><ent r="3" t="71" w="470" /></phr></stem><stem n=".domain.com"><phr n=".domain.com"><ent r="100" t="71" w="428" /></phr></stem><stem n="intermapper.domain.com"><phr n="Intermapper.domain.com"><ent r="100" t="71" w="428" /><ent r="100" t="71" w="426" /></phr><phr n="intermapper.domain.com"><ent r="4" t="71" w="433" /><ent r="4" t="71" w="431" /><ent r="3" t="71" w="445" /><ent r="3" t="71" w="443" /><ent r="3" t="71" w="458" /><ent r="3" t="71" w="456" /><ent r="3" t="71" w="472" /><ent r="3" t="71" w="470" /></phr></stem><stem n="intermapper.domain.com/"><phr n="intermapper.domain.com/"><ent r="4" t="71" w="433" /><ent r="4" t="71" w="431" /></phr></stem><stem n="://intermapper.domain.com/"><phr n="://intermapper.domain.com/"><ent r="4" t="71" w="434" /></phr></stem><stem n="intermapper.domain.com/~admin"><phr n="intermapper.domain.com/~admin"><ent r="3" t="71" w="446" /><ent r="3" t="71" w="443" /></phr></stem><stem n="intermapper.domain.com/~admin/"><phr n="intermapper.domain.com/~admin/"><ent r="3" t="71" w="446" /><ent r="3" t="71" w="443" /></phr></stem><stem n="://intermapper.domain.com/~admin/!index.html."><phr n="://intermapper.domain.com/~admin/!index.html."><ent r="3" t="71" w="449" /></phr></stem><stem n="similarli"><phr n="Similarly"><ent r="3" t="71" w="450" /></phr></stem><stem n="://intermapper.domain.com/docnam"><phr n="://intermapper.domain.com/docname"><ent r="3" t="71" w="459" /></phr></stem><stem n="intermapper.domain.com/docnam"><phr n="intermapper.domain.com/docname"><ent r="3" t="71" w="459" /><ent r="3" t="71" w="456" /><ent r="3" t="71" w="473" /><ent r="3" t="71" w="470" /></phr></stem><stem n="intermapper.domain.com/docname/docu"><phr n="intermapper.domain.com/docname/document"><ent r="3" t="71" w="474" /><ent r="3" t="71" w="470" /></phr></stem><stem n="intermapper.domain.com/docname/document/main"><phr n="intermapper.domain.com/docname/document/main"><ent r="3" t="71" w="475" /><ent r="3" t="71" w="470" /></phr></stem><stem n="intermapper.domain.com/docname/document/main/"><phr n="intermapper.domain.com/docname/document/main/"><ent r="3" t="71" w="475" /><ent r="3" t="71" w="470" /></phr></stem><stem n="://intermapper.domain.com/docname/document/main/!index.html."><phr n="://intermapper.domain.com/docname/document/main/!index.html."><ent r="3" t="71" w="478" /></phr></stem><stem n="mimetyp"><phr n="Mimetypes"><ent r="100" t="72" w="18" /><ent r="100" t="72" w="73" /></phr><phr n="mimetypes"><ent r="3" t="72" w="53" /><ent r="3" t="72" w="84" /></phr><phr n="MIMEtypes"><ent r="100" t="72" w="77" /><ent r="3" t="72" w="93" /></phr></stem><stem n="mime-typ"><phr n="MIME-type"><ent r="100" t="72" w="20" /><ent r="3" t="72" w="34" /></phr></stem><stem n="&quot;mimetypes&quot;"><phr n="&quot;mimetypes&quot;"><ent r="3" t="72" w="54" /></phr></stem><stem n="-descriptor"><phr n="-descriptor"><ent r="100" t="72" w="87" /><ent r="100" t="72" w="87" /></phr></stem><stem n="mime-descriptor"><phr n="MIME-descriptor"><ent r="100" t="72" w="87" /></phr></stem><stem n="descriptor"><phr n="descriptor"><ent r="100" t="72" w="88" /></phr></stem><stem n="-suffix&gt;"><phr n="-suffix&gt;"><ent r="3" t="72" w="97" /><ent r="3" t="72" w="97" /></phr></stem><stem n="&lt;file"><phr n="&lt;file"><ent r="3" t="72" w="97" /></phr></stem><stem n="&lt;file-suffix&gt;"><phr n="&lt;file-suffix&gt;"><ent r="3" t="72" w="97" /></phr></stem><stem n="suffix&gt;"><phr n="suffix&gt;"><ent r="3" t="72" w="98" /></phr></stem><stem n="&lt;whitespace&gt;"><phr n="&lt;whitespace&gt;"><ent r="3" t="72" w="99" /></phr></stem><stem n="-descriptor&gt;"><phr n="-descriptor&gt;"><ent r="3" t="72" w="100" /><ent r="3" t="72" w="100" /></phr></stem><stem n="&lt;mime"><phr n="&lt;MIME"><ent r="3" t="72" w="100" /></phr></stem><stem n="&lt;mime-descriptor&gt;"><phr n="&lt;MIME-descriptor&gt;"><ent r="3" t="72" w="100" /></phr></stem><stem n="descriptor&gt;"><phr n="descriptor&gt;"><ent r="3" t="72" w="101" /></phr></stem><stem n="wml"><phr n="wml"><ent r="3" t="72" w="102" /><ent r="3" t="72" w="106" /></phr><phr n="wmls"><ent r="3" t="72" w="107" /></phr></stem><stem n="text/vnd"><phr n="text/vnd"><ent r="3" t="72" w="104" /><ent r="3" t="72" w="103" /><ent r="3" t="72" w="109" /><ent r="3" t="72" w="108" /></phr></stem><stem n="vnd"><phr n="vnd"><ent r="3" t="72" w="104" /><ent r="3" t="72" w="109" /><ent r="3" t="72" w="114" /><ent r="3" t="72" w="119" /><ent r="3" t="72" w="124" /><ent r="3" t="72" w="129" /></phr></stem><stem n="text/vnd.wap"><phr n="text/vnd.wap"><ent r="3" t="72" w="105" /><ent r="3" t="72" w="103" /><ent r="3" t="72" w="110" /><ent r="3" t="72" w="108" /></phr></stem><stem n="wap"><phr n="wap"><ent r="3" t="72" w="105" /><ent r="3" t="72" w="110" /><ent r="3" t="72" w="115" /><ent r="3" t="72" w="120" /><ent r="3" t="72" w="125" /><ent r="3" t="72" w="130" /></phr></stem><stem n="/vnd.wap.wml"><phr n="/vnd.wap.wml"><ent r="3" t="72" w="106" /></phr></stem><stem n="text/vnd.wap.wml"><phr n="text/vnd.wap.wml"><ent r="3" t="72" w="106" /><ent r="3" t="72" w="103" /></phr></stem><stem n="/vnd.wap.wmlscript"><phr n="/vnd.wap.wmlscript"><ent r="3" t="72" w="111" /></phr></stem><stem n="text/vnd.wap.wmlscript"><phr n="text/vnd.wap.wmlscript"><ent r="3" t="72" w="111" /><ent r="3" t="72" w="108" /></phr></stem><stem n="wmlscript"><phr n="wmlscript"><ent r="3" t="72" w="111" /></phr></stem><stem n="wbmp"><phr n="wbmp"><ent r="3" t="72" w="112" /><ent r="3" t="72" w="116" /></phr></stem><stem n="image/vnd"><phr n="image/vnd"><ent r="3" t="72" w="114" /><ent r="3" t="72" w="113" /></phr></stem><stem n="image/vnd.wap"><phr n="image/vnd.wap"><ent r="3" t="72" w="115" /><ent r="3" t="72" w="113" /></phr></stem><stem n="/vnd.wap.wbmp"><phr n="/vnd.wap.wbmp"><ent r="3" t="72" w="116" /></phr></stem><stem n="image/vnd.wap.wbmp"><phr n="image/vnd.wap.wbmp"><ent r="3" t="72" w="116" /><ent r="3" t="72" w="113" /></phr></stem><stem n="wbxml"><phr n="wbxml"><ent r="3" t="72" w="117" /><ent r="3" t="72" w="121" /></phr></stem><stem n="application/vnd"><phr n="application/vnd"><ent r="3" t="72" w="119" /><ent r="3" t="72" w="118" /><ent r="3" t="72" w="124" /><ent r="3" t="72" w="123" /><ent r="3" t="72" w="129" /><ent r="3" t="72" w="128" /></phr></stem><stem n="application/vnd.wap"><phr n="application/vnd.wap"><ent r="3" t="72" w="120" /><ent r="3" t="72" w="118" /><ent r="3" t="72" w="125" /><ent r="3" t="72" w="123" /><ent r="3" t="72" w="130" /><ent r="3" t="72" w="128" /></phr></stem><stem n="/vnd.wap.wbxml"><phr n="/vnd.wap.wbxml"><ent r="3" t="72" w="121" /></phr></stem><stem n="application/vnd.wap.wbxml"><phr n="application/vnd.wap.wbxml"><ent r="3" t="72" w="121" /><ent r="3" t="72" w="118" /></phr></stem><stem n="wmlc"><phr n="wmlc"><ent r="3" t="72" w="122" /><ent r="3" t="72" w="126" /></phr></stem><stem n="/vnd.wap.wmlc"><phr n="/vnd.wap.wmlc"><ent r="3" t="72" w="126" /></phr></stem><stem n="application/vnd.wap.wmlc"><phr n="application/vnd.wap.wmlc"><ent r="3" t="72" w="126" /><ent r="3" t="72" w="123" /></phr></stem><stem n="wmlsc"><phr n="wmlsc"><ent r="3" t="72" w="127" /></phr></stem><stem n="/vnd.wap.wmlscriptc"><phr n="/vnd.wap.wmlscriptc"><ent r="3" t="72" w="131" /></phr></stem><stem n="application/vnd.wap.wmlscriptc"><phr n="application/vnd.wap.wmlscriptc"><ent r="3" t="72" w="131" /><ent r="3" t="72" w="128" /></phr></stem><stem n="wmlscriptc"><phr n="wmlscriptc"><ent r="3" t="72" w="131" /></phr></stem><stem n=".html?height"><phr n=".html?height"><ent r="100" t="73" w="67" /></phr></stem><stem n="://.../!chart.html?height=xxx&amp;width=yyi"><phr n="://.../!chart.html?height=xxx&amp;width=yyy"><ent r="5" t="73" w="75" /></phr></stem><stem n="yyi"><phr n="yyy"><ent r="5" t="73" w="75" /></phr></stem><stem n=".html?time"><phr n=".html?time"><ent r="100" t="73" w="86" /></phr></stem><stem n="://.../!chart.html?time=xxxxx"><phr n="://.../!chart.html?time=XXXXX"><ent r="5" t="73" w="92" /></phr></stem><stem n="xxxxx"><phr n="XXXXX"><ent r="5" t="73" w="92" /></phr></stem><stem n=":test"><phr n=":testing"><ent r="100" t="74" w="19" /></phr></stem><stem n="autom"><phr n="automating"><ent r="3" t="74" w="47" /></phr></stem><stem n="guide'"><phr n="Guide's"><ent r="3" t="74" w="95" /><ent r="3" t="74" w="94" /></phr></stem><stem n="onlin"><phr n="online"><ent r="3" t="75" w="25" /></phr></stem><stem n="download.dartware.com/doc"><phr n="download.dartware.com/docs"><ent r="64" t="75" w="33" /><ent r="64" t="75" w="30" /></phr></stem><stem n="download.dartware.com/docs/devguid"><phr n="download.dartware.com/docs/DevGuide"><ent r="64" t="75" w="34" /><ent r="64" t="75" w="30" /></phr></stem><stem n="download.dartware.com/docs/devguide/"><phr n="download.dartware.com/docs/DevGuide/"><ent r="64" t="75" w="34" /><ent r="64" t="75" w="30" /></phr></stem><stem n="://download.dartware.com/docs/devguide/"><phr n="://download.dartware.com/docs/DevGuide/"><ent r="64" t="75" w="35" /></phr></stem><stem n="compact"><phr n="compact"><ent r="3" t="77" w="33" /></phr></stem><stem n="hard"><phr n="hard"><ent r="3" t="77" w="40" /></phr></stem><stem n="&quot;enumerations&quot;"><phr n="&quot;enumerations&quot;"><ent r="4" t="77" w="72" /></phr></stem><stem n="&quot;default&quot;."><phr n="&quot;DEFAULT&quot;."><ent r="4" t="77" w="93" /></phr></stem><stem n="&quot;xxxx"><phr n="&quot;xxxx"><ent r="4" t="77" w="133" /></phr></stem></index>