﻿<?xml version="1.0" encoding="utf-8"?><CatapultTargetIndex><IndexEntry><Entries><IndexEntry Term="Maxrows"><Entries /><Links><IndexLink Title="Macro Reference" Link="/Content/03-CustomWebPages/macros.htm#kanchor771" UsedConditions="" /></Links></IndexEntry><IndexEntry Term="Maxvars"><Entries /><Links><IndexLink Title="Custom SNMP Probes" Link="/Content/02-CustomProbes/customsnmpprobes.html#kanchor175" UsedConditions="" /><IndexLink Title="Probe Properties" Link="/Content/02-CustomProbes/probeproperties.htm#kanchor264" UsedConditions="" /></Links></IndexEntry><IndexEntry Term="MD5"><Entries /><Links><IndexLink Title="Debugging with SNMPWalk" Link="/Content/02-CustomProbes/Debugging_with_SNMPWalk.htm#kanchor655" UsedConditions="" /></Links></IndexEntry><IndexEntry Term="Md5|sha|none"><Entries /><Links><IndexLink Title="Debugging with SNMPWalk" Link="/Content/02-CustomProbes/Debugging_with_SNMPWalk.htm#kanchor651" UsedConditions="" /></Links></IndexEntry><IndexEntry Term="Measuring"><Entries><IndexEntry Term="Response Times"><Entries /><Links><IndexLink Title="Measuring Response Times" Link="/Content/02-CustomProbes/timing.html#kanchor675" UsedConditions="" /></Links></IndexEntry></Entries><Links><IndexLink Title="Measuring Response Times" Link="/Content/02-CustomProbes/timing.html#kanchor674" UsedConditions="" /></Links></IndexEntry><IndexEntry Term="Meta"><Entries /><Links><IndexLink Title="Directives" Link="/Content/03-CustomWebPages/directives.html#kanchor746" UsedConditions="" /></Links></IndexEntry><IndexEntry Term="Meta http-equiv"><Entries /><Links><IndexLink Title="Macro Reference" Link="/Content/03-CustomWebPages/macros.htm#kanchor802" UsedConditions="" /></Links></IndexEntry><IndexEntry Term="MIB"><Entries><IndexEntry Term="end"><Entries /><Links><IndexLink Title="Debugging with SNMPWalk" Link="/Content/02-CustomProbes/Debugging_with_SNMPWalk.htm#kanchor643" UsedConditions="" /></Links></IndexEntry></Entries><Links><IndexLink Title="Probe File Format" Link="/Content/02-CustomProbes/Probe_File_Format.htm#kanchor26" UsedConditions="" /><IndexLink Title="Custom SNMP Probes" Link="/Content/02-CustomProbes/customsnmpprobes.html#kanchor138" UsedConditions="" /><IndexLink Title="Debugging with SNMPWalk" Link="/Content/02-CustomProbes/Debugging_with_SNMPWalk.htm#kanchor642" UsedConditions="" /></Links></IndexEntry><IndexEntry Term="MIME-descriptor"><Entries /><Links><IndexLink Title="Mime Types" Link="/Content/03-CustomWebPages/Mime_Types.htm#kanchor845" UsedConditions="" /></Links></IndexEntry><IndexEntry Term="MIME-type"><Entries /><Links><IndexLink Title="Mime Types" Link="/Content/03-CustomWebPages/Mime_Types.htm#kanchor840" UsedConditions="" /></Links></IndexEntry><IndexEntry Term="MIME Types"><Entries /><Links><IndexLink Title="Mime Types" Link="/Content/03-CustomWebPages/Mime_Types.htm#kanchor835" UsedConditions="" /></Links></IndexEntry><IndexEntry Term="Mimetypes"><Entries /><Links><IndexLink Title="Mime Types" Link="/Content/03-CustomWebPages/Mime_Types.htm#kanchor839" UsedConditions="" /></Links></IndexEntry><IndexEntry Term="Mimetypes file"><Entries /><Links><IndexLink Title="Mime Types" Link="/Content/03-CustomWebPages/Mime_Types.htm#kanchor843" UsedConditions="" /></Links></IndexEntry><IndexEntry Term="Min"><Entries /><Links><IndexLink Title="Probe Calculations" Link="/Content/02-CustomProbes/probecalculations.htm#kanchor201" UsedConditions="" /></Links></IndexEntry><IndexEntry Term="MINIMAL"><Entries /><Links><IndexLink Title="Probe File Header" Link="/Content/02-CustomProbes/header.html#kanchor67" UsedConditions="" /></Links></IndexEntry><IndexEntry Term="Modulo"><Entries /><Links><IndexLink Title="Probe Calculations" Link="/Content/02-CustomProbes/probecalculations.htm#kanchor225" UsedConditions="" /></Links></IndexEntry><IndexEntry Term="Monaco"><Entries /><Links><IndexLink Title="Probe File Description" Link="/Content/02-CustomProbes/description.html#kanchor96" UsedConditions="" /></Links></IndexEntry><IndexEntry Term="Monospace"><Entries /><Links><IndexLink Title="Probe File Description" Link="/Content/02-CustomProbes/description.html#kanchor95" UsedConditions="" /></Links></IndexEntry><IndexEntry Term="Monospaced"><Entries /><Links><IndexLink Title="Probe File Description" Link="/Content/02-CustomProbes/description.html#kanchor94" UsedConditions="" /><IndexLink Title="Customized Pop-up Windows" Link="/Content/02-CustomProbes/customstatuswindows.html#kanchor123" UsedConditions="" /></Links></IndexEntry><IndexEntry Term="Msecs"><Entries /><Links><IndexLink Title="Example TCP Probe File" Link="/Content/02-CustomProbes/tcpexample.html#kanchor535" UsedConditions="" /></Links></IndexEntry><IndexEntry Term="MTCH"><Entries /><Links><IndexLink Title="Probe Script Language Reference" Link="/Content/02-CustomProbes/language.html#kanchor320" UsedConditions="" /><IndexLink Title="Probe Command Reference" Link="/Content/02-CustomProbes/commandref.html#kanchor397" UsedConditions="" /><IndexLink Title="Example TCP Probe File" Link="/Content/02-CustomProbes/tcpexample.html#kanchor529" UsedConditions="" /></Links></IndexEntry><IndexEntry Term="Multiplication, Division"><Entries /><Links><IndexLink Title="Probe Calculations" Link="/Content/02-CustomProbes/probecalculations.htm#kanchor226" UsedConditions="" /></Links></IndexEntry><IndexEntry Term="MUST"><Entries /><Links><IndexLink Title="Probe Script Language Reference" Link="/Content/02-CustomProbes/language.html#kanchor319" UsedConditions="" /></Links></IndexEntry><IndexEntry Term="N/A"><Entries /><Links><IndexLink Title="Errors with Custom Probes" Link="/Content/02-CustomProbes/errors.html#kanchor617" UsedConditions="" /></Links></IndexEntry><IndexEntry Term="NADD"><Entries /><Links><IndexLink Title="Probe Command Reference" Link="/Content/02-CustomProbes/commandref.html#kanchor436" UsedConditions="" /></Links></IndexEntry><IndexEntry Term="Nagios"><Entries><IndexEntry Term="uses"><Entries /><Links><IndexLink Title="Command Line Probes" Link="/Content/02-CustomProbes/commandlineprobes.htm#kanchor549" UsedConditions="" /></Links></IndexEntry></Entries><Links><IndexLink Title="Command Line Probes" Link="/Content/02-CustomProbes/commandlineprobes.htm#kanchor554" UsedConditions="" /><IndexLink Title="Nagios Plugins" Link="/Content/02-CustomProbes/nagios.htm#kanchor578" UsedConditions="" /></Links></IndexEntry><IndexEntry Term="Nagios Plugins"><Entries /><Links><IndexLink Title="Command Line Probes" Link="/Content/02-CustomProbes/commandlineprobes.htm#kanchor555" UsedConditions="" /><IndexLink Title="Nagios Plugins" Link="/Content/02-CustomProbes/nagios.htm#kanchor578" UsedConditions="" /></Links></IndexEntry><IndexEntry Term="Nagios Probes"><Entries><IndexEntry Term="Creating"><Entries /><Links><IndexLink Title="Nagios Plugins" Link="/Content/02-CustomProbes/nagios.htm#kanchor590" UsedConditions="" /></Links></IndexEntry></Entries><Links><IndexLink Title="Nagios Plugins" Link="/Content/02-CustomProbes/nagios.htm#kanchor589" UsedConditions="" /></Links></IndexEntry><IndexEntry Term="Nagios Template"><Entries /><Links><IndexLink Title="Nagios Plugins" Link="/Content/02-CustomProbes/nagios.htm#kanchor585" UsedConditions="" /></Links></IndexEntry><IndexEntry Term="Name"><Entries><IndexEntry Term="program/script"><Entries /><Links><IndexLink Title="Command Line Probes" Link="/Content/02-CustomProbes/commandlineprobes.htm#kanchor548" UsedConditions="" /></Links></IndexEntry></Entries><Links><IndexLink Title="Command Line Probes" Link="/Content/02-CustomProbes/commandlineprobes.htm#kanchor547" UsedConditions="" /></Links></IndexEntry><IndexEntry Term="Name/value"><Entries /><Links><IndexLink Title="Parameters" Link="/Content/02-CustomProbes/parameters.html#kanchor103" UsedConditions="" /></Links></IndexEntry><IndexEntry Term="NBGT"><Entries /><Links><IndexLink Title="Probe Command Reference" Link="/Content/02-CustomProbes/commandref.html#kanchor423" UsedConditions="" /></Links></IndexEntry><IndexEntry Term="NBNE"><Entries /><Links><IndexLink Title="Probe Command Reference" Link="/Content/02-CustomProbes/commandref.html#kanchor424" UsedConditions="" /></Links></IndexEntry><IndexEntry Term="Network.html"><Entries /><Links><IndexLink Title="Target Files" Link="/Content/03-CustomWebPages/targetfiles.html#kanchor718" UsedConditions="" /></Links></IndexEntry><IndexEntry Term="NEXT"><Entries /><Links><IndexLink Title="Probe Command Reference" Link="/Content/02-CustomProbes/commandref.html#kanchor398" UsedConditions="" /></Links></IndexEntry><IndexEntry Term="NOICMPFALLBACK"><Entries /><Links><IndexLink Title="Probe File Header" Link="/Content/02-CustomProbes/header.html#kanchor64" UsedConditions="" /></Links></IndexEntry><IndexEntry Term="NOLINKS"><Entries /><Links><IndexLink Title="Probe File Header" Link="/Content/02-CustomProbes/header.html#kanchor60" UsedConditions="" /></Links></IndexEntry><IndexEntry Term="Nomib2"><Entries /><Links><IndexLink Title="Custom SNMP Probes" Link="/Content/02-CustomProbes/customsnmpprobes.html#kanchor166" UsedConditions="" /><IndexLink Title="Probe Properties" Link="/Content/02-CustomProbes/probeproperties.htm#kanchor265" UsedConditions="" /></Links></IndexEntry><IndexEntry Term="Non-interpreted"><Entries /><Links><IndexLink Title="Command Line Probes" Link="/Content/02-CustomProbes/commandlineprobes.htm#kanchor560" UsedConditions="" /></Links></IndexEntry><IndexEntry Term="NOOP"><Entries /><Links><IndexLink Title="Probe Command Reference" Link="/Content/02-CustomProbes/commandref.html#kanchor486" UsedConditions="" /></Links></IndexEntry><IndexEntry Term="NOOP/r/n"><Entries /><Links><IndexLink Title="Probe Command Reference" Link="/Content/02-CustomProbes/commandref.html#kanchor376" UsedConditions="" /></Links></IndexEntry><IndexEntry Term="NoSuchName"><Entries /><Links><IndexLink Title="Errors with Custom Probes" Link="/Content/02-CustomProbes/errors.html#kanchor622" UsedConditions="" /></Links></IndexEntry><IndexEntry Term="NTCREDENTIALS"><Entries /><Links><IndexLink Title="Probe File Header" Link="/Content/02-CustomProbes/header.html#kanchor68" UsedConditions="" /></Links></IndexEntry><IndexEntry Term="NULL"><Entries /><Links><IndexLink Title="Errors with Custom Probes" Link="/Content/02-CustomProbes/errors.html#kanchor621" UsedConditions="" /></Links></IndexEntry><IndexEntry Term="Num"><Entries /><Links><IndexLink Title="Probe Script Language Reference" Link="/Content/02-CustomProbes/language.html#kanchor297" UsedConditions="" /></Links></IndexEntry><IndexEntry Term="Num-OIDs"><Entries /><Links><IndexLink Title="Debugging with SNMPWalk" Link="/Content/02-CustomProbes/Debugging_with_SNMPWalk.htm#kanchor632" UsedConditions="" /></Links></IndexEntry><IndexEntry Term="Number"><Entries><IndexEntry Term="FTP"><Entries /><Links><IndexLink Title="Probe Command Reference" Link="/Content/02-CustomProbes/commandref.html#kanchor382" UsedConditions="" /></Links></IndexEntry><IndexEntry Term="OIDs"><Entries /><Links><IndexLink Title="Debugging with SNMPWalk" Link="/Content/02-CustomProbes/Debugging_with_SNMPWalk.htm#kanchor630" UsedConditions="" /></Links></IndexEntry><IndexEntry Term="TCP"><Entries /><Links><IndexLink Title="Custom SNMP Probes" Link="/Content/02-CustomProbes/customsnmpprobes.html#kanchor157" UsedConditions="" /></Links></IndexEntry></Entries><Links><IndexLink Title="Custom SNMP Probes" Link="/Content/02-CustomProbes/customsnmpprobes.html#kanchor156" UsedConditions="" /><IndexLink Title="Probe Command Reference" Link="/Content/02-CustomProbes/commandref.html#kanchor404" UsedConditions="" /><IndexLink Title="Debugging with SNMPWalk" Link="/Content/02-CustomProbes/Debugging_with_SNMPWalk.htm#kanchor647" UsedConditions="" /></Links></IndexEntry><IndexEntry Term="Numeric Add"><Entries /><Links><IndexLink Title="Probe Command Reference" Link="/Content/02-CustomProbes/commandref.html#kanchor376" UsedConditions="" /></Links></IndexEntry><IndexEntry Term="Numeric Argument Format"><Entries /><Links><IndexLink Title="Probe Script Language Reference" Link="/Content/02-CustomProbes/language.html#kanchor297" UsedConditions="" /></Links></IndexEntry><IndexEntry Term="Numeric Branch Greater Than"><Entries /><Links><IndexLink Title="Probe Command Reference" Link="/Content/02-CustomProbes/commandref.html#kanchor376" UsedConditions="" /></Links></IndexEntry><IndexEntry Term="Numeric Branch Not Equal"><Entries /><Links><IndexLink Title="Probe Command Reference" Link="/Content/02-CustomProbes/commandref.html#kanchor376" UsedConditions="" /></Links></IndexEntry><IndexEntry Term="Numeric Comparisons"><Entries /><Links><IndexLink Title="Thresholds" Link="/Content/02-CustomProbes/Thresholds.htm#kanchor181" UsedConditions="" /></Links></IndexEntry><IndexEntry Term="Octal Number"><Entries /><Links><IndexLink Title="Probe Script Language Reference" Link="/Content/02-CustomProbes/language.html#kanchor331" UsedConditions="" /></Links></IndexEntry><IndexEntry Term="OctetString"><Entries /><Links><IndexLink Title="Debugging with SNMPWalk" Link="/Content/02-CustomProbes/Debugging_with_SNMPWalk.htm#kanchor667" UsedConditions="" /></Links></IndexEntry><IndexEntry Term="OFF"><Entries /><Links><IndexLink Title="Probe Command Reference" Link="/Content/02-CustomProbes/commandref.html#kanchor415" UsedConditions="" /></Links></IndexEntry><IndexEntry Term="OID"><Entries><IndexEntry Term="number"><Entries /><Links><IndexLink Title="Debugging with SNMPWalk" Link="/Content/02-CustomProbes/Debugging_with_SNMPWalk.htm#kanchor646" UsedConditions="" /></Links></IndexEntry></Entries><Links><IndexLink Title="Custom SNMP Probes" Link="/Content/02-CustomProbes/customsnmpprobes.html#kanchor150" UsedConditions="" /><IndexLink Title="Errors with Custom Probes" Link="/Content/02-CustomProbes/errors.html#kanchor618" UsedConditions="" /><IndexLink Title="Debugging with SNMPWalk" Link="/Content/02-CustomProbes/Debugging_with_SNMPWalk.htm#kanchor629" UsedConditions="" /></Links></IndexEntry><IndexEntry Term="OID Error"><Entries /><Links><IndexLink Title="Errors with Custom Probes" Link="/Content/02-CustomProbes/errors.html#kanchor623" UsedConditions="" /></Links></IndexEntry><IndexEntry Term="OK"><Entries /><Links><IndexLink Title="Probe Script Language Reference" Link="/Content/02-CustomProbes/language.html#kanchor316" UsedConditions="" /><IndexLink Title="Example TCP Probe File" Link="/Content/02-CustomProbes/tcpexample.html#kanchor519" UsedConditions="" /><IndexLink Title="Installing Custom Probes" Link="/Content/02-CustomProbes/installing.html#kanchor608" UsedConditions="" /></Links></IndexEntry><IndexEntry Term="OK Response"><Entries /><Links><IndexLink Title="Example TCP Probe File" Link="/Content/02-CustomProbes/tcpexample.html#kanchor518" UsedConditions="" /></Links></IndexEntry><IndexEntry Term="OKAY"><Entries /><Links><IndexLink Title="Probe Command Reference" Link="/Content/02-CustomProbes/commandref.html#kanchor452" UsedConditions="" /></Links></IndexEntry><IndexEntry Term="Old_protocol"><Entries /><Links><IndexLink Title="Probe File Header" Link="/Content/02-CustomProbes/header.html#kanchor69" UsedConditions="" /></Links></IndexEntry><IndexEntry Term="Old_script"><Entries /><Links><IndexLink Title="Probe File Header" Link="/Content/02-CustomProbes/header.html#kanchor70" UsedConditions="" /></Links></IndexEntry><IndexEntry Term="ON"><Entries /><Links><IndexLink Title="Probe Command Reference" Link="/Content/02-CustomProbes/commandref.html#kanchor392" UsedConditions="" /></Links></IndexEntry><IndexEntry Term="P/Plain Text"><Entries /><Links><IndexLink Title="Probe File Description" Link="/Content/02-CustomProbes/description.html#kanchor84" UsedConditions="" /></Links></IndexEntry><IndexEntry Term="Pagetitle"><Entries /><Links><IndexLink Title="Template Files" Link="/Content/03-CustomWebPages/templatefiles.html#kanchor728" UsedConditions="" /><IndexLink Title="Macro Reference" Link="/Content/03-CustomWebPages/macros.htm#kanchor795" UsedConditions="" /></Links></IndexEntry><IndexEntry Term="Param"><Entries /><Links><IndexLink Title="Probe Script Language Reference" Link="/Content/02-CustomProbes/language.html#kanchor354" UsedConditions="" /></Links></IndexEntry><IndexEntry Term="Parameter Section Example"><Entries /><Links><IndexLink Title="Parameters" Link="/Content/02-CustomProbes/parameters.html#kanchor108" UsedConditions="" /></Links></IndexEntry><IndexEntry Term="PASS"><Entries /><Links><IndexLink Title="Probe Command Reference" Link="/Content/02-CustomProbes/commandref.html#kanchor485" UsedConditions="" /></Links></IndexEntry><IndexEntry Term="PASSWORD"><Entries /><Links><IndexLink Title="Parameters" Link="/Content/02-CustomProbes/parameters.html#kanchor106" UsedConditions="" /></Links></IndexEntry><IndexEntry Term="Password Fields"><Entries /><Links><IndexLink Title="Parameters" Link="/Content/02-CustomProbes/parameters.html#kanchor107" UsedConditions="" /></Links></IndexEntry><IndexEntry Term="PATH"><Entries /><Links><IndexLink Title="Command Line Probes" Link="/Content/02-CustomProbes/commandlineprobes.htm#kanchor571" UsedConditions="" /></Links></IndexEntry><IndexEntry Term="Pdutype"><Entries /><Links><IndexLink Title="Custom SNMP Probes" Link="/Content/02-CustomProbes/customsnmpprobes.html#kanchor169" UsedConditions="" /><IndexLink Title="Probe Properties" Link="/Content/02-CustomProbes/probeproperties.htm#kanchor266" UsedConditions="" /></Links></IndexEntry><IndexEntry Term="Perl"><Entries /><Links><IndexLink Title="Probe Calculations" Link="/Content/02-CustomProbes/probecalculations.htm#kanchor216" UsedConditions="" /><IndexLink Title="Command Line Probes" Link="/Content/02-CustomProbes/commandlineprobes.htm#kanchor543" UsedConditions="" /></Links></IndexEntry><IndexEntry Term="Perl-like"><Entries /><Links><IndexLink Title="Probe Calculations" Link="/Content/02-CustomProbes/probecalculations.htm#kanchor213" UsedConditions="" /></Links></IndexEntry><IndexEntry Term="PerMapHTML"><Entries /><Links><IndexLink Title="Folder Structure" Link="/Content/03-CustomWebPages/folders.html#kanchor826" UsedConditions="" /></Links></IndexEntry><IndexEntry Term="PI"><Entries><IndexEntry Term="value"><Entries /><Links><IndexLink Title="Probe Calculations" Link="/Content/02-CustomProbes/probecalculations.htm#kanchor195" UsedConditions="" /></Links></IndexEntry></Entries><Links><IndexLink Title="Probe Calculations" Link="/Content/02-CustomProbes/probecalculations.htm#kanchor240" UsedConditions="" /></Links></IndexEntry><IndexEntry Term="Pings"><Entries><IndexEntry Term="Timing"><Entries /><Links><IndexLink Title="Measuring Response Times" Link="/Content/02-CustomProbes/timing.html#kanchor684" UsedConditions="" /></Links></IndexEntry></Entries><Links><IndexLink Title="Measuring Response Times" Link="/Content/02-CustomProbes/timing.html#kanchor683" UsedConditions="" /></Links></IndexEntry><IndexEntry Term="Plain Text"><Entries /><Links><IndexLink Title="Probe File Description" Link="/Content/02-CustomProbes/description.html#kanchor89" UsedConditions="" /></Links></IndexEntry><IndexEntry Term="Plugin"><Entries /><Links><IndexLink Title="Nagios Plugins" Link="/Content/02-CustomProbes/nagios.htm#kanchor578" UsedConditions="" /></Links></IndexEntry><IndexEntry Term="Png"><Entries /><Links><IndexLink Title="Macro Reference" Link="/Content/03-CustomWebPages/macros.htm#kanchor781" UsedConditions="" /></Links></IndexEntry><IndexEntry Term="Popup menu"><Entries /><Links><IndexLink Title="Custom Probes" Link="/Content/02-CustomProbes/customprobes.html#kanchor12" UsedConditions="" /></Links></IndexEntry><IndexEntry Term="PORT"><Entries /><Links><IndexLink Title="Probe Command Reference" Link="/Content/02-CustomProbes/commandref.html#kanchor412" UsedConditions="" /><IndexLink Title="Command Line Probes" Link="/Content/02-CustomProbes/commandlineprobes.htm#kanchor574" UsedConditions="" /><IndexLink Title="Nagios Plugins" Link="/Content/02-CustomProbes/nagios.htm#kanchor586" UsedConditions="" /></Links></IndexEntry><IndexEntry Term="Port_num"><Entries /><Links><IndexLink Title="Probe Command Reference" Link="/Content/02-CustomProbes/commandref.html#kanchor412" UsedConditions="" /></Links></IndexEntry><IndexEntry Term="Port_number"><Entries /><Links><IndexLink Title="Probe File Header" Link="/Content/02-CustomProbes/header.html#kanchor51" UsedConditions="" /><IndexLink Title="Example TCP Probe File" Link="/Content/02-CustomProbes/tcpexample.html#kanchor507" UsedConditions="" /></Links></IndexEntry><IndexEntry Term="Possible Failures"><Entries /><Links><IndexLink Title="Probe Command Reference" Link="/Content/02-CustomProbes/commandref.html#kanchor447" UsedConditions="" /></Links></IndexEntry><IndexEntry Term="Precedence Table"><Entries /><Links><IndexLink Title="Probe Calculations" Link="/Content/02-CustomProbes/probecalculations.htm#kanchor218" UsedConditions="" /></Links></IndexEntry><IndexEntry Term="Preventing"><Entries><IndexEntry Term="Quoted String From Becoming a Link"><Entries /><Links><IndexLink Title="Quoted Links" Link="/Content/03-CustomWebPages/quotedlinks.html#kanchor755" UsedConditions="" /></Links></IndexEntry></Entries><Links><IndexLink Title="Quoted Links" Link="/Content/03-CustomWebPages/quotedlinks.html#kanchor754" UsedConditions="" /></Links></IndexEntry><IndexEntry Term="Previousoutages"><Entries /><Links><IndexLink Title="Macro Reference" Link="/Content/03-CustomWebPages/macros.htm#kanchor770" UsedConditions="" /></Links></IndexEntry><IndexEntry Term="Priv"><Entries /><Links><IndexLink Title="Debugging with SNMPWalk" Link="/Content/02-CustomProbes/Debugging_with_SNMPWalk.htm#kanchor656" UsedConditions="" /></Links></IndexEntry><IndexEntry Term="Privpassword"><Entries /><Links><IndexLink Title="Debugging with SNMPWalk" Link="/Content/02-CustomProbes/Debugging_with_SNMPWalk.htm#kanchor650" UsedConditions="" /></Links></IndexEntry><IndexEntry Term="Probe Calculations"><Entries /><Links><IndexLink Title="Probe Calculations" Link="/Content/02-CustomProbes/probecalculations.htm#kanchor189" UsedConditions="" /></Links></IndexEntry><IndexEntry Term="Probe Command Details"><Entries /><Links><IndexLink Title="Probe Command Reference" Link="/Content/02-CustomProbes/commandref.html#kanchor446" UsedConditions="" /></Links></IndexEntry><IndexEntry Term="Probe Command Reference"><Entries><IndexEntry Term="scanning"><Entries /><Links><IndexLink Title="Probe Command Reference" Link="/Content/02-CustomProbes/commandref.html#kanchor471" UsedConditions="" /></Links></IndexEntry></Entries><Links><IndexLink Title="Probe Command Reference" Link="/Content/02-CustomProbes/commandref.html#kanchor378" UsedConditions="" /><IndexLink Title="Probe Command Reference" Link="/Content/02-CustomProbes/commandref.html#kanchor379" UsedConditions="" /></Links></IndexEntry><IndexEntry Term="Probe Comments"><Entries /><Links><IndexLink Title="Probe Comments" Link="/Content/02-CustomProbes/comments.html#kanchor111" UsedConditions="" /></Links></IndexEntry><IndexEntry Term="Probe Configuration window"><Entries /><Links><IndexLink Title="Probe File Description" Link="/Content/02-CustomProbes/description.html#kanchor87" UsedConditions="" /><IndexLink Title="Parameters" Link="/Content/02-CustomProbes/parameters.html#kanchor102" UsedConditions="" /></Links></IndexEntry><IndexEntry Term="probe data, recording"><Entries /><Links><IndexLink Title="Recording Probe Data" Link="/Content/02-CustomProbes/recordingdata.htm#kanchor131" UsedConditions="" /></Links></IndexEntry><IndexEntry Term="Probe File Description"><Entries /><Links><IndexLink Title="Probe File Description" Link="/Content/02-CustomProbes/description.html#kanchor85" UsedConditions="" /></Links></IndexEntry><IndexEntry Term="Probe Files"><Entries /><Links><IndexLink Title="Probe File Names" Link="/Content/02-CustomProbes/filenames.html#kanchor73" UsedConditions="" /><IndexLink Title="Installing Custom Probes" Link="/Content/02-CustomProbes/installing.html#kanchor594" UsedConditions="" /></Links></IndexEntry><IndexEntry Term="Probe Parameters"><Entries /><Links><IndexLink Title="Parameters" Link="/Content/02-CustomProbes/parameters.html#kanchor101" UsedConditions="" /></Links></IndexEntry><IndexEntry Term="Probe Properties"><Entries /><Links><IndexLink Title="Probe Properties" Link="/Content/02-CustomProbes/probeproperties.htm#kanchor261" UsedConditions="" /></Links></IndexEntry><IndexEntry Term="Probe Script Reference"><Entries /><Links><IndexLink Title="Probe Script Language Reference" Link="/Content/02-CustomProbes/language.html#kanchor286" UsedConditions="" /></Links></IndexEntry><IndexEntry Term="Probe Type"><Entries /><Links><IndexLink Title="Custom Probes" Link="/Content/02-CustomProbes/customprobes.html#kanchor11" UsedConditions="" /><IndexLink Title="Probe File Format" Link="/Content/02-CustomProbes/Probe_File_Format.htm#kanchor20" UsedConditions="" /><IndexLink Title="Probe File Header" Link="/Content/02-CustomProbes/header.html#kanchor34" UsedConditions="" /><IndexLink Title="Nagios Plugins" Link="/Content/02-CustomProbes/nagios.htm#kanchor584" UsedConditions="" /><IndexLink Title="Installing Custom Probes" Link="/Content/02-CustomProbes/installing.html#kanchor607" UsedConditions="" /></Links></IndexEntry><IndexEntry Term="Probe_name"><Entries /><Links><IndexLink Title="Probe File Header" Link="/Content/02-CustomProbes/header.html#kanchor47" UsedConditions="" /><IndexLink Title="Example TCP Probe File" Link="/Content/02-CustomProbes/tcpexample.html#kanchor504" UsedConditions="" /><IndexLink Title="Command Line Probes" Link="/Content/02-CustomProbes/commandlineprobes.htm#kanchor566" UsedConditions="" /></Links></IndexEntry><IndexEntry Term="Probes"><Entries /><Links><IndexLink Title="Custom Probes" Link="/Content/02-CustomProbes/customprobes.html#kanchor9" UsedConditions="" /><IndexLink Title="Probe File Names" Link="/Content/02-CustomProbes/filenames.html#kanchor74" UsedConditions="" /><IndexLink Title="Command Line Probes" Link="/Content/02-CustomProbes/commandlineprobes.htm#kanchor536" UsedConditions="" /><IndexLink Title="Installing Custom Probes" Link="/Content/02-CustomProbes/installing.html#kanchor597" UsedConditions="" /></Links></IndexEntry><IndexEntry Term="Probes/plugins"><Entries /><Links><IndexLink Title="Command Line Probes" Link="/Content/02-CustomProbes/commandlineprobes.htm#kanchor557" UsedConditions="" /><IndexLink Title="Nagios Plugins" Link="/Content/02-CustomProbes/nagios.htm#kanchor593" UsedConditions="" /></Links></IndexEntry><IndexEntry Term="Program Control"><Entries><IndexEntry Term="Using Labels"><Entries /><Links><IndexLink Title="Probe Script Language Reference" Link="/Content/02-CustomProbes/language.html#kanchor299" UsedConditions="" /></Links></IndexEntry></Entries><Links><IndexLink Title="Probe Script Language Reference" Link="/Content/02-CustomProbes/language.html#kanchor299" UsedConditions="" /></Links></IndexEntry><IndexEntry Term="Program/script"><Entries><IndexEntry Term="name"><Entries /><Links><IndexLink Title="Command Line Probes" Link="/Content/02-CustomProbes/commandlineprobes.htm#kanchor551" UsedConditions="" /></Links></IndexEntry></Entries><Links><IndexLink Title="Command Line Probes" Link="/Content/02-CustomProbes/commandlineprobes.htm#kanchor550" UsedConditions="" /></Links></IndexEntry><IndexEntry Term="Python"><Entries /><Links><IndexLink Title="Command Line Probes" Link="/Content/02-CustomProbes/commandlineprobes.htm#kanchor561" UsedConditions="" /></Links></IndexEntry><IndexEntry Term="Query"><Entries><IndexEntry Term="APC-UPS MIB"><Entries /><Links><IndexLink Title="Custom SNMP Probes" Link="/Content/02-CustomProbes/customsnmpprobes.html#kanchor173" UsedConditions="" /><IndexLink Title="Probe Properties" Link="/Content/02-CustomProbes/probeproperties.htm#kanchor273" UsedConditions="" /></Links></IndexEntry><IndexEntry Term="sysUptime MIB-2"><Entries /><Links><IndexLink Title="Custom SNMP Probes" Link="/Content/02-CustomProbes/customsnmpprobes.html#kanchor167" UsedConditions="" /><IndexLink Title="Probe Properties" Link="/Content/02-CustomProbes/probeproperties.htm#kanchor268" UsedConditions="" /></Links></IndexEntry></Entries><Links><IndexLink Title="Custom SNMP Probes" Link="/Content/02-CustomProbes/customsnmpprobes.html#kanchor164" UsedConditions="" /><IndexLink Title="Probe Properties" Link="/Content/02-CustomProbes/probeproperties.htm#kanchor267" UsedConditions="" /></Links></IndexEntry></Entries></IndexEntry></CatapultTargetIndex>