﻿<?xml version="1.0" encoding="utf-8"?><CatapultTargetIndex Count="710" Char_65="0" Char_97="18" Char_66="31" Char_67="55" Char_99="67" Char_68="126" Char_100="159" Char_69="177" Char_70="207" Char_71="235" Char_72="250" Char_104="268" Char_73="276" Char_74="332" Char_76="335" Char_77="361" Char_109="369" Char_78="403" Char_79="438" Char_80="450" Char_112="486" Char_81="501" Char_82="507" Char_83="524" Char_84="617" Char_85="659" Char_86="678" Char_87="690"><Chunks><Chunk FirstTerm="Abs" Link="Index_Chunk1.xml" Start="0" Count="124" /><Chunk FirstTerm="Customtimer" Link="Index_Chunk2.xml" Start="124" Count="134" /><Chunk FirstTerm="Hexadecimal Number" Link="Index_Chunk3.xml" Start="258" Count="120" /><Chunk FirstTerm="Maxrows" Link="Index_Chunk4.xml" Start="378" Count="126" /><Chunk FirstTerm="QUIT/r/n" Link="Index_Chunk5.xml" Start="504" Count="118" /><Chunk FirstTerm="Tcp-script" Link="Index_Chunk6.xml" Start="622" Count="88" /></Chunks><IndexEntry><Entries></Entries><Links /></IndexEntry></CatapultTargetIndex>