﻿<?xml version="1.0" encoding="utf-8"?><CatapultTargetIndex><IndexEntry><Entries><IndexEntry Term="Tcp-script"><Entries /><Links><IndexLink Title="Probe File Header" Link="/Content/02-CustomProbes/header.html#kanchor37" UsedConditions="" /><IndexLink Title="Example TCP Probe File" Link="/Content/02-CustomProbes/tcpexample.html#kanchor503" UsedConditions="" /></Links></IndexEntry><IndexEntry Term="TCP Probes"><Entries /><Links><IndexLink Title="TCP Probes" Link="/Content/02-CustomProbes/TCP_Probes.htm#kanchor282" UsedConditions="" /></Links></IndexEntry><IndexEntry Term="TCP Script Commands"><Entries /><Links><IndexLink Title="Measuring Response Times" Link="/Content/02-CustomProbes/timing.html#kanchor687" UsedConditions="" /></Links></IndexEntry><IndexEntry Term="TCP Timers"><Entries /><Links><IndexLink Title="Measuring Response Times" Link="/Content/02-CustomProbes/timing.html#kanchor686" UsedConditions="" /></Links></IndexEntry><IndexEntry Term="Tcp.custom"><Entries /><Links><IndexLink Title="Probe File Header" Link="/Content/02-CustomProbes/header.html#kanchor45" UsedConditions="" /><IndexLink Title="Probe File Names" Link="/Content/02-CustomProbes/filenames.html#kanchor82" UsedConditions="" /><IndexLink Title="Example TCP Probe File" Link="/Content/02-CustomProbes/tcpexample.html#kanchor501" UsedConditions="" /></Links></IndexEntry><IndexEntry Term="TcpCurrEstab"><Entries /><Links><IndexLink Title="Customized Pop-up Windows" Link="/Content/02-CustomProbes/customstatuswindows.html#kanchor128" UsedConditions="" /><IndexLink Title="Custom SNMP Probes" Link="/Content/02-CustomProbes/customsnmpprobes.html#kanchor160" UsedConditions="" /></Links></IndexEntry><IndexEntry Term="Telnet"><Entries><IndexEntry Term="allows"><Entries /><Links><IndexLink Title="Probe Command Reference" Link="/Content/02-CustomProbes/commandref.html#kanchor449" UsedConditions="" /></Links></IndexEntry><IndexEntry Term="ignore"><Entries /><Links><IndexLink Title="Probe Command Reference" Link="/Content/02-CustomProbes/commandref.html#kanchor400" UsedConditions="" /></Links></IndexEntry><IndexEntry Term="incoming"><Entries /><Links><IndexLink Title="Probe Command Reference" Link="/Content/02-CustomProbes/commandref.html#kanchor395" UsedConditions="" /></Links></IndexEntry></Entries><Links><IndexLink Title="Probe Command Reference" Link="/Content/02-CustomProbes/commandref.html#kanchor406" UsedConditions="" /><IndexLink Title="Debugging with SNMPWalk" Link="/Content/02-CustomProbes/Debugging_with_SNMPWalk.htm#kanchor671" UsedConditions="" /><IndexLink Title="Macro Reference" Link="/Content/03-CustomWebPages/macros.htm#kanchor783" UsedConditions="" /></Links></IndexEntry><IndexEntry Term="Telnet window"><Entries /><Links><IndexLink Title="Debugging with SNMPWalk" Link="/Content/02-CustomProbes/Debugging_with_SNMPWalk.htm#kanchor672" UsedConditions="" /></Links></IndexEntry><IndexEntry Term="Telnetserverurl"><Entries /><Links><IndexLink Title="Macro Reference" Link="/Content/03-CustomWebPages/macros.htm#kanchor784" UsedConditions="" /></Links></IndexEntry><IndexEntry Term="Template File Example"><Entries /><Links><IndexLink Title="Template Files" Link="/Content/03-CustomWebPages/templatefiles.html#kanchor724" UsedConditions="" /></Links></IndexEntry><IndexEntry Term="Template Files"><Entries /><Links><IndexLink Title="Template Files" Link="/Content/03-CustomWebPages/templatefiles.html#kanchor722" UsedConditions="" /></Links></IndexEntry><IndexEntry Term="Template.html"><Entries /><Links><IndexLink Title="Directives" Link="/Content/03-CustomWebPages/directives.html#kanchor738" UsedConditions="" /><IndexLink Title="Folder Structure" Link="/Content/03-CustomWebPages/folders.html#kanchor832" UsedConditions="" /></Links></IndexEntry><IndexEntry Term="Test Page"><Entries /><Links><IndexLink Title="Directives" Link="/Content/03-CustomWebPages/directives.html#kanchor741" UsedConditions="" /><IndexLink Title="Quoted Links" Link="/Content/03-CustomWebPages/quotedlinks.html#kanchor751" UsedConditions="" /></Links></IndexEntry><IndexEntry Term="Thresholds"><Entries /><Links><IndexLink Title="Custom SNMP Probes" Link="/Content/02-CustomProbes/customsnmpprobes.html#kanchor143" UsedConditions="" /></Links></IndexEntry><IndexEntry Term="TIME"><Entries /><Links><IndexLink Title="Probe Command Reference" Link="/Content/02-CustomProbes/commandref.html#kanchor406" UsedConditions="" /></Links></IndexEntry><IndexEntry Term="Time Measurement Probe Variables"><Entries /><Links><IndexLink Title="Measuring Response Times" Link="/Content/02-CustomProbes/timing.html#kanchor685" UsedConditions="" /></Links></IndexEntry><IndexEntry Term="TIME varname"><Entries /><Links><IndexLink Title="Measuring Response Times" Link="/Content/02-CustomProbes/timing.html#kanchor673" UsedConditions="" /></Links></IndexEntry><IndexEntry Term="Timeout"><Entries /><Links><IndexLink Title="Probe Command Reference" Link="/Content/02-CustomProbes/commandref.html#kanchor406" UsedConditions="" /><IndexLink Title="Example TCP Probe File" Link="/Content/02-CustomProbes/tcpexample.html#kanchor524" UsedConditions="" /><IndexLink Title="Command Line Probes" Link="/Content/02-CustomProbes/commandlineprobes.htm#kanchor576" UsedConditions="" /><IndexLink Title="Debugging with SNMPWalk" Link="/Content/02-CustomProbes/Debugging_with_SNMPWalk.htm#kanchor649" UsedConditions="" /></Links></IndexEntry><IndexEntry Term="Timeout 60"><Entries /><Links><IndexLink Title="Probe Command Reference" Link="/Content/02-CustomProbes/commandref.html#kanchor481" UsedConditions="" /></Links></IndexEntry><IndexEntry Term="TimeTicks"><Entries /><Links><IndexLink Title="Debugging with SNMPWalk" Link="/Content/02-CustomProbes/Debugging_with_SNMPWalk.htm#kanchor666" UsedConditions="" /></Links></IndexEntry><IndexEntry Term="Timing"><Entries><IndexEntry Term="Pings"><Entries /><Links><IndexLink Title="Measuring Response Times" Link="/Content/02-CustomProbes/timing.html#kanchor681" UsedConditions="" /></Links></IndexEntry></Entries><Links><IndexLink Title="Measuring Response Times" Link="/Content/02-CustomProbes/timing.html#kanchor680" UsedConditions="" /></Links></IndexEntry><IndexEntry Term="Title"><Entries /><Links><IndexLink Title="Template Files" Link="/Content/03-CustomWebPages/templatefiles.html#kanchor727" UsedConditions="" /></Links></IndexEntry><IndexEntry Term="TOO_LONG"><Entries /><Links><IndexLink Title="Probe Command Reference" Link="/Content/02-CustomProbes/commandref.html#kanchor474" UsedConditions="" /></Links></IndexEntry><IndexEntry Term="Tools"><Entries /><Links><IndexLink Title="Nagios Plugins" Link="/Content/02-CustomProbes/nagios.htm#kanchor582" UsedConditions="" /></Links></IndexEntry><IndexEntry Term="Transfer Control"><Entries><IndexEntry Term="Using Relative Offsets"><Entries /><Links><IndexLink Title="Probe Script Language Reference" Link="/Content/02-CustomProbes/language.html#kanchor352" UsedConditions="" /></Links></IndexEntry></Entries><Links><IndexLink Title="Probe Script Language Reference" Link="/Content/02-CustomProbes/language.html#kanchor351" UsedConditions="" /></Links></IndexEntry><IndexEntry Term="Traps"><Entries><IndexEntry Term="Handling"><Entries /><Links><IndexLink Title="Handling Traps In Probes&#xA;      " Link="/Content/02-CustomProbes/handlingtraps.htm#kanchor275" UsedConditions="" /></Links></IndexEntry><IndexEntry Term="TrapVariable"><Entries /><Links><IndexLink Title="Handling Traps In Probes&#xA;      " Link="/Content/02-CustomProbes/handlingtraps.htm#kanchor277" UsedConditions="" /></Links></IndexEntry></Entries><Links /></IndexEntry><IndexEntry Term="TrapVariable"><Entries /><Links><IndexLink Title="Handling Traps In Probes&#xA;      " Link="/Content/02-CustomProbes/handlingtraps.htm#kanchor276" UsedConditions="" /></Links></IndexEntry><IndexEntry Term="TRUE"><Entries><IndexEntry Term="value"><Entries /><Links><IndexLink Title="Probe Calculations" Link="/Content/02-CustomProbes/probecalculations.htm#kanchor194" UsedConditions="" /></Links></IndexEntry></Entries><Links /></IndexEntry><IndexEntry Term="Trunc"><Entries /><Links><IndexLink Title="Probe Calculations" Link="/Content/02-CustomProbes/probecalculations.htm#kanchor231" UsedConditions="" /></Links></IndexEntry><IndexEntry Term="UDP"><Entries /><Links><IndexLink Title="Custom Probes" Link="/Content/02-CustomProbes/customprobes.html#kanchor15" UsedConditions="" /></Links></IndexEntry><IndexEntry Term="UL"><Entries /><Links><IndexLink Title="Macro Reference" Link="/Content/03-CustomWebPages/macros.htm#kanchor763" UsedConditions="" /></Links></IndexEntry><IndexEntry Term="Unary"><Entries /><Links><IndexLink Title="Probe Calculations" Link="/Content/02-CustomProbes/probecalculations.htm#kanchor200" UsedConditions="" /></Links></IndexEntry><IndexEntry Term="Unexpected"><Entries /><Links><IndexLink Title="Probe Script Language Reference" Link="/Content/02-CustomProbes/language.html#kanchor374" UsedConditions="" /></Links></IndexEntry><IndexEntry Term="Unix"><Entries /><Links><IndexLink Title="Command Line Probes" Link="/Content/02-CustomProbes/commandlineprobes.htm#kanchor540" UsedConditions="" /></Links></IndexEntry><IndexEntry Term="Unix Linefeed"><Entries /><Links><IndexLink Title="Probe Script Language Reference" Link="/Content/02-CustomProbes/language.html#kanchor326" UsedConditions="" /></Links></IndexEntry><IndexEntry Term="Unless-e"><Entries /><Links><IndexLink Title="Debugging with SNMPWalk" Link="/Content/02-CustomProbes/Debugging_with_SNMPWalk.htm#kanchor627" UsedConditions="" /></Links></IndexEntry><IndexEntry Term="UP"><Entries /><Links><IndexLink Title="Probe Script Language Reference" Link="/Content/02-CustomProbes/language.html#kanchor317" UsedConditions="" /></Links></IndexEntry><IndexEntry Term="UPPER CASE"><Entries /><Links><IndexLink Title="Probe Script Language Reference" Link="/Content/02-CustomProbes/language.html#kanchor318" UsedConditions="" /></Links></IndexEntry><IndexEntry Term="UPPERCASE"><Entries /><Links><IndexLink Title="Probe Command Reference" Link="/Content/02-CustomProbes/commandref.html#kanchor457" UsedConditions="" /></Links></IndexEntry><IndexEntry Term="Uptime"><Entries /><Links><IndexLink Title="Macro Reference" Link="/Content/03-CustomWebPages/macros.htm#kanchor777" UsedConditions="" /></Links></IndexEntry><IndexEntry Term="URL"><Entries /><Links><IndexLink Title="Probe File Description" Link="/Content/02-CustomProbes/description.html#kanchor88" UsedConditions="" /><IndexLink Title="Target Files" Link="/Content/03-CustomWebPages/targetfiles.html#kanchor709" UsedConditions="" /><IndexLink Title="Macro Reference" Link="/Content/03-CustomWebPages/macros.htm#kanchor758" UsedConditions="" /><IndexLink Title="Folder Structure" Link="/Content/03-CustomWebPages/folders.html#kanchor821" UsedConditions="" /><IndexLink Title="Tip for Calling Charts" Link="/Content/03-CustomWebPages/charts.html#kanchor848" UsedConditions="" /></Links></IndexEntry><IndexEntry Term="Url-to-invoke"><Entries /><Links><IndexLink Title="Probe File Header" Link="/Content/02-CustomProbes/header.html#kanchor55" UsedConditions="" /></Links></IndexEntry><IndexEntry Term="Url_hint"><Entries /><Links><IndexLink Title="Probe File Header" Link="/Content/02-CustomProbes/header.html#kanchor54" UsedConditions="" /></Links></IndexEntry><IndexEntry Term="Used"><Entries /><Links><IndexLink Title="Folder Structure" Link="/Content/03-CustomWebPages/folders.html#kanchor824" UsedConditions="" /></Links></IndexEntry><IndexEntry Term="USER"><Entries><IndexEntry Term="recognize"><Entries /><Links><IndexLink Title="Probe Command Reference" Link="/Content/02-CustomProbes/commandref.html#kanchor490" UsedConditions="" /></Links></IndexEntry></Entries><Links><IndexLink Title="Probe Script Language Reference" Link="/Content/02-CustomProbes/language.html#kanchor356" UsedConditions="" /><IndexLink Title="Probe Command Reference" Link="/Content/02-CustomProbes/commandref.html#kanchor459" UsedConditions="" /></Links></IndexEntry><IndexEntry Term="User ID"><Entries /><Links><IndexLink Title="Probe Command Reference" Link="/Content/02-CustomProbes/commandref.html#kanchor484" UsedConditions="" /></Links></IndexEntry><IndexEntry Term="Username"><Entries /><Links><IndexLink Title="Debugging with SNMPWalk" Link="/Content/02-CustomProbes/Debugging_with_SNMPWalk.htm#kanchor654" UsedConditions="" /></Links></IndexEntry><IndexEntry Term="VALUE"><Entries /><Links><IndexLink Title="Probe Calculations" Link="/Content/02-CustomProbes/probecalculations.htm#kanchor197" UsedConditions="" /></Links></IndexEntry><IndexEntry Term="Values"><Entries><IndexEntry Term="DONE"><Entries /><Links><IndexLink Title="Probe Command Reference" Link="/Content/02-CustomProbes/commandref.html#kanchor418" UsedConditions="" /></Links></IndexEntry><IndexEntry Term="FALSE"><Entries /><Links><IndexLink Title="Probe Calculations" Link="/Content/02-CustomProbes/probecalculations.htm#kanchor204" UsedConditions="" /></Links></IndexEntry><IndexEntry Term="PI"><Entries /><Links><IndexLink Title="Probe Calculations" Link="/Content/02-CustomProbes/probecalculations.htm#kanchor239" UsedConditions="" /></Links></IndexEntry><IndexEntry Term="TRUE"><Entries /><Links><IndexLink Title="Probe Calculations" Link="/Content/02-CustomProbes/probecalculations.htm#kanchor205" UsedConditions="" /></Links></IndexEntry><IndexEntry Term="x1"><Entries /><Links><IndexLink Title="Probe Calculations" Link="/Content/02-CustomProbes/probecalculations.htm#kanchor232" UsedConditions="" /></Links></IndexEntry></Entries><Links><IndexLink Title="Parameters" Link="/Content/02-CustomProbes/parameters.html#kanchor110" UsedConditions="" /><IndexLink Title="Probe Calculations" Link="/Content/02-CustomProbes/probecalculations.htm#kanchor190" UsedConditions="" /><IndexLink Title="Probe Command Reference" Link="/Content/02-CustomProbes/commandref.html#kanchor455" UsedConditions="" /></Links></IndexEntry><IndexEntry Term="Var"><Entries /><Links><IndexLink Title="Probe Calculations" Link="/Content/02-CustomProbes/probecalculations.htm#kanchor192" UsedConditions="" /></Links></IndexEntry><IndexEntry Term="Variable-name OID"><Entries /><Links><IndexLink Title="Custom SNMP Probes" Link="/Content/02-CustomProbes/customsnmpprobes.html#kanchor133" UsedConditions="" /></Links></IndexEntry><IndexEntry Term="Variables"><Entries /><Links><IndexLink Title="Probe Script Language Reference" Link="/Content/02-CustomProbes/language.html#kanchor303" UsedConditions="" /></Links></IndexEntry><IndexEntry Term="Varname"><Entries /><Links><IndexLink Title="Measuring Response Times" Link="/Content/02-CustomProbes/timing.html#kanchor689" UsedConditions="" /></Links></IndexEntry><IndexEntry Term="Vertical Tab"><Entries /><Links><IndexLink Title="Probe Script Language Reference" Link="/Content/02-CustomProbes/language.html#kanchor329" UsedConditions="" /></Links></IndexEntry><IndexEntry Term="WAIT"><Entries><IndexEntry Term="include"><Entries /><Links><IndexLink Title="Probe Command Reference" Link="/Content/02-CustomProbes/commandref.html#kanchor480" UsedConditions="" /></Links></IndexEntry><IndexEntry Term="Use"><Entries /><Links><IndexLink Title="Probe Command Reference" Link="/Content/02-CustomProbes/commandref.html#kanchor440" UsedConditions="" /></Links></IndexEntry></Entries><Links><IndexLink Title="Probe Script Language Reference" Link="/Content/02-CustomProbes/language.html#kanchor341" UsedConditions="" /><IndexLink Title="Probe Command Reference" Link="/Content/02-CustomProbes/commandref.html#kanchor426" UsedConditions="" /><IndexLink Title="Example TCP Probe File" Link="/Content/02-CustomProbes/tcpexample.html#kanchor515" UsedConditions="" /></Links></IndexEntry><IndexEntry Term="WAIT timeout"><Entries><IndexEntry Term="Wait/p"><Entries><IndexEntry Term="i/Seconds"><Entries /><Links><IndexLink Title="Example TCP Probe File" Link="/Content/02-CustomProbes/tcpexample.html#kanchor498" UsedConditions="" /></Links></IndexEntry></Entries><Links><IndexLink Title="Example TCP Probe File" Link="/Content/02-CustomProbes/tcpexample.html#kanchor498" UsedConditions="" /></Links></IndexEntry></Entries><Links><IndexLink Title="Probe Command Reference" Link="/Content/02-CustomProbes/commandref.html#kanchor376" UsedConditions="" /></Links></IndexEntry><IndexEntry Term="WARN"><Entries /><Links><IndexLink Title="Probe Script Language Reference" Link="/Content/02-CustomProbes/language.html#kanchor314" UsedConditions="" /><IndexLink Title="Probe Command Reference" Link="/Content/02-CustomProbes/commandref.html#kanchor454" UsedConditions="" /></Links></IndexEntry><IndexEntry Term="WARN Response"><Entries /><Links><IndexLink Title="Probe Script Language Reference" Link="/Content/02-CustomProbes/language.html#kanchor353" UsedConditions="" /><IndexLink Title="Example TCP Probe File" Link="/Content/02-CustomProbes/tcpexample.html#kanchor520" UsedConditions="" /></Links></IndexEntry><IndexEntry Term="Web Page Files"><Entries /><Links><IndexLink Title="Folder Structure" Link="/Content/03-CustomWebPages/folders.html#kanchor827" UsedConditions="" /></Links></IndexEntry><IndexEntry Term="Web Pages"><Entries><IndexEntry Term="Customizing"><Entries /><Links><IndexLink Title="Customizing Web Pages" Link="/Content/03-CustomWebPages/customizingwebpages.html#kanchor695" UsedConditions="" /></Links></IndexEntry><IndexEntry Term="level"><Entries /><Links><IndexLink Title="Folder Structure" Link="/Content/03-CustomWebPages/folders.html#kanchor818" UsedConditions="" /><IndexLink Title="Mime Types" Link="/Content/03-CustomWebPages/Mime_Types.htm#kanchor837" UsedConditions="" /></Links></IndexEntry></Entries><Links><IndexLink Title="Customizing Web Pages" Link="/Content/03-CustomWebPages/customizingwebpages.html#kanchor694" UsedConditions="" /><IndexLink Title="Folder Structure" Link="/Content/03-CustomWebPages/folders.html#kanchor815" UsedConditions="" /><IndexLink Title="Mime Types" Link="/Content/03-CustomWebPages/Mime_Types.htm#kanchor842" UsedConditions="" /></Links></IndexEntry><IndexEntry Term="Web Server"><Entries /><Links><IndexLink Title="Customizing Web Pages" Link="/Content/03-CustomWebPages/customizingwebpages.html#kanchor698" UsedConditions="" /></Links></IndexEntry><IndexEntry Term="Webpageurl"><Entries /><Links><IndexLink Title="Macro Reference" Link="/Content/03-CustomWebPages/macros.htm#kanchor806" UsedConditions="" /></Links></IndexEntry><IndexEntry Term="Webserverurl"><Entries /><Links><IndexLink Title="Macro Reference" Link="/Content/03-CustomWebPages/macros.htm#kanchor785" UsedConditions="" /></Links></IndexEntry><IndexEntry Term="Whitespace"><Entries /><Links><IndexLink Title="Mime Types" Link="/Content/03-CustomWebPages/Mime_Types.htm#kanchor846" UsedConditions="" /></Links></IndexEntry><IndexEntry Term="Wild-card Character Matching"><Entries /><Links><IndexLink Title="Probe Script Language Reference" Link="/Content/02-CustomProbes/language.html#kanchor340" UsedConditions="" /></Links></IndexEntry><IndexEntry Term="Window_name"><Entries /><Links><IndexLink Title="Directives" Link="/Content/03-CustomWebPages/directives.html#kanchor747" UsedConditions="" /></Links></IndexEntry><IndexEntry Term="Windows"><Entries><IndexEntry Term="probes"><Entries /><Links><IndexLink Title="Command Line Probes" Link="/Content/02-CustomProbes/commandlineprobes.htm#kanchor536" UsedConditions="" /></Links></IndexEntry></Entries><Links><IndexLink Title="Command Line Probes" Link="/Content/02-CustomProbes/commandlineprobes.htm#kanchor544" UsedConditions="" /></Links></IndexEntry></Entries></IndexEntry></CatapultTargetIndex>