﻿<?xml version="1.0" encoding="utf-8"?><CatapultTargetIndex><IndexEntry><Entries><IndexEntry Term="Customtimer"><Entries /><Links><IndexLink Title="Measuring Response Times" Link="/Content/02-CustomProbes/timing.html#kanchor690" UsedConditions="" /></Links></IndexEntry><IndexEntry Term="CVSPASSWORD"><Entries /><Links><IndexLink Title="Probe Script Language Reference" Link="/Content/02-CustomProbes/language.html#kanchor373" UsedConditions="" /></Links></IndexEntry><IndexEntry Term="Daemon"><Entries /><Links><IndexLink Title="Command Line Probes" Link="/Content/02-CustomProbes/commandlineprobes.htm#kanchor545" UsedConditions="" /></Links></IndexEntry><IndexEntry Term="Dartware-provided probe"><Entries><IndexEntry Term="Custom TCP script"><Entries /><Links><IndexLink Title="Example TCP Probe File" Link="/Content/02-CustomProbes/tcpexample.html#kanchor498" UsedConditions="" /></Links></IndexEntry></Entries><Links><IndexLink Title="Example TCP Probe File" Link="/Content/02-CustomProbes/tcpexample.html#kanchor498" UsedConditions="" /></Links></IndexEntry><IndexEntry Term="Dartware MIB"><Entries /><Links><IndexLink Title="The Dartware MIB" Link="/Content/02-CustomProbes/dartwaremib.html#kanchor278" UsedConditions="" /></Links></IndexEntry><IndexEntry Term="Datagram"><Entries /><Links><IndexLink Title="Probe Script Language Reference" Link="/Content/02-CustomProbes/language.html#kanchor312" UsedConditions="" /></Links></IndexEntry><IndexEntry Term="Datagram-based"><Entries /><Links><IndexLink Title="Measuring Response Times" Link="/Content/02-CustomProbes/timing.html#kanchor682" UsedConditions="" /></Links></IndexEntry><IndexEntry Term="Datagrams/sec"><Entries /><Links><IndexLink Title="Customized Pop-up Windows" Link="/Content/02-CustomProbes/customstatuswindows.html#kanchor127" UsedConditions="" /></Links></IndexEntry><IndexEntry Term="Date-last-modified"><Entries /><Links><IndexLink Title="Directives" Link="/Content/03-CustomWebPages/directives.html#kanchor744" UsedConditions="" /></Links></IndexEntry><IndexEntry Term="Debug file"><Entries /><Links><IndexLink Title="Debugging with SNMPWalk" Link="/Content/02-CustomProbes/Debugging_with_SNMPWalk.htm#kanchor627" UsedConditions="" /></Links></IndexEntry><IndexEntry Term="Debug window"><Entries><IndexEntry Term="Open"><Entries /><Links><IndexLink Title="Errors with Custom Probes" Link="/Content/02-CustomProbes/errors.html#kanchor620" UsedConditions="" /></Links></IndexEntry><IndexEntry Term="See"><Entries /><Links><IndexLink Title="Debugging with SNMPWalk" Link="/Content/02-CustomProbes/Debugging_with_SNMPWalk.htm#kanchor640" UsedConditions="" /></Links></IndexEntry></Entries><Links><IndexLink Title="Errors with Custom Probes" Link="/Content/02-CustomProbes/errors.html#kanchor619" UsedConditions="" /></Links></IndexEntry><IndexEntry Term="Debugyyyymmddhhmm.txt"><Entries /><Links><IndexLink Title="Debugging with SNMPWalk" Link="/Content/02-CustomProbes/Debugging_with_SNMPWalk.htm#kanchor627" UsedConditions="" /></Links></IndexEntry><IndexEntry Term="Decompile"><Entries /><Links><IndexLink Title="Software License Agreement" Link="/Content/01-Preface/warranty.html#kanchor3" UsedConditions="" /></Links></IndexEntry><IndexEntry Term="Default HTML"><Entries /><Links><IndexLink Title="Folder Structure" Link="/Content/03-CustomWebPages/folders.html#kanchor833" UsedConditions="" /></Links></IndexEntry><IndexEntry Term="Default Values"><Entries /><Links><IndexLink Title="Probe Script Language Reference" Link="/Content/02-CustomProbes/language.html#kanchor344" UsedConditions="" /></Links></IndexEntry><IndexEntry Term="Deprecated"><Entries /><Links><IndexLink Title="Probe Command Reference" Link="/Content/02-CustomProbes/commandref.html#kanchor473" UsedConditions="" /></Links></IndexEntry><IndexEntry Term="DES"><Entries /><Links><IndexLink Title="Debugging with SNMPWalk" Link="/Content/02-CustomProbes/Debugging_with_SNMPWalk.htm#kanchor648" UsedConditions="" /></Links></IndexEntry><IndexEntry Term="Des|none"><Entries /><Links><IndexLink Title="Debugging with SNMPWalk" Link="/Content/02-CustomProbes/Debugging_with_SNMPWalk.htm#kanchor653" UsedConditions="" /></Links></IndexEntry><IndexEntry Term="Description"><Entries /><Links><IndexLink Title="Probe File Description" Link="/Content/02-CustomProbes/description.html#kanchor86" UsedConditions="" /></Links></IndexEntry><IndexEntry Term="Device I/O Commands"><Entries /><Links><IndexLink Title="Probe Command Reference" Link="/Content/02-CustomProbes/commandref.html#kanchor386" UsedConditions="" /></Links></IndexEntry><IndexEntry Term="Device List window"><Entries /><Links><IndexLink Title="Probe Command Reference" Link="/Content/02-CustomProbes/commandref.html#kanchor376" UsedConditions="" /></Links></IndexEntry><IndexEntry Term="Device.html"><Entries /><Links><IndexLink Title="Target Files" Link="/Content/03-CustomWebPages/targetfiles.html#kanchor719" UsedConditions="" /><IndexLink Title="Macro Reference" Link="/Content/03-CustomWebPages/macros.htm#kanchor804" UsedConditions="" /></Links></IndexEntry><IndexEntry Term="Deviceaddress"><Entries /><Links><IndexLink Title="Macro Reference" Link="/Content/03-CustomWebPages/macros.htm#kanchor787" UsedConditions="" /></Links></IndexEntry><IndexEntry Term="Deviceid"><Entries /><Links><IndexLink Title="Macro Reference" Link="/Content/03-CustomWebPages/macros.htm#kanchor789" UsedConditions="" /></Links></IndexEntry><IndexEntry Term="Devicelist"><Entries /><Links><IndexLink Title="Macro Reference" Link="/Content/03-CustomWebPages/macros.htm#kanchor790" UsedConditions="" /></Links></IndexEntry><IndexEntry Term="Devicename"><Entries /><Links><IndexLink Title="Macro Reference" Link="/Content/03-CustomWebPages/macros.htm#kanchor791" UsedConditions="" /></Links></IndexEntry><IndexEntry Term="DFARS"><Entries /><Links><IndexLink Title="Software License Agreement" Link="/Content/01-Preface/warranty.html#kanchor5" UsedConditions="" /></Links></IndexEntry><IndexEntry Term="Digit.digit"><Entries /><Links><IndexLink Title="Directives" Link="/Content/03-CustomWebPages/directives.html#kanchor745" UsedConditions="" /></Links></IndexEntry><IndexEntry Term="Directives"><Entries /><Links><IndexLink Title="Directives" Link="/Content/03-CustomWebPages/directives.html#kanchor737" UsedConditions="" /></Links></IndexEntry><IndexEntry Term="DISC"><Entries /><Links><IndexLink Title="Probe Command Reference" Link="/Content/02-CustomProbes/commandref.html#kanchor402" UsedConditions="" /></Links></IndexEntry><IndexEntry Term="Discfail"><Entries /><Links><IndexLink Title="Probe Command Reference" Link="/Content/02-CustomProbes/commandref.html#kanchor402" UsedConditions="" /></Links></IndexEntry><IndexEntry Term="DISCONNECT"><Entries /><Links><IndexLink Title="Example TCP Probe File" Link="/Content/02-CustomProbes/tcpexample.html#kanchor528" UsedConditions="" /></Links></IndexEntry><IndexEntry Term="display_name"><Entries /><Links><IndexLink Title="Probe File Header" Link="/Content/02-CustomProbes/header.html#kanchor52" UsedConditions="" /></Links></IndexEntry><IndexEntry Term="DNS"><Entries /><Links><IndexLink Title="Probe File Names" Link="/Content/02-CustomProbes/filenames.html#kanchor75" UsedConditions="" /><IndexLink Title="Macro Reference" Link="/Content/03-CustomWebPages/macros.htm#kanchor792" UsedConditions="" /></Links></IndexEntry><IndexEntry Term="DNS name/IP"><Entries /><Links><IndexLink Title="Installing Custom Probes" Link="/Content/02-CustomProbes/installing.html#kanchor606" UsedConditions="" /></Links></IndexEntry><IndexEntry Term="DOCTYPE HTML PUBLIC"><Entries /><Links><IndexLink Title="Template Files" Link="/Content/03-CustomWebPages/templatefiles.html#kanchor725" UsedConditions="" /></Links></IndexEntry><IndexEntry Term="Document.html"><Entries /><Links><IndexLink Title="Target Files" Link="/Content/03-CustomWebPages/targetfiles.html#kanchor717" UsedConditions="" /></Links></IndexEntry><IndexEntry Term="DOD"><Entries /><Links><IndexLink Title="Software License Agreement" Link="/Content/01-Preface/warranty.html#kanchor4" UsedConditions="" /></Links></IndexEntry><IndexEntry Term="DONE"><Entries><IndexEntry Term="Use"><Entries /><Links><IndexLink Title="Probe Command Reference" Link="/Content/02-CustomProbes/commandref.html#kanchor439" UsedConditions="" /></Links></IndexEntry><IndexEntry Term="values"><Entries /><Links><IndexLink Title="Probe Command Reference" Link="/Content/02-CustomProbes/commandref.html#kanchor456" UsedConditions="" /></Links></IndexEntry></Entries><Links><IndexLink Title="Probe Command Reference" Link="/Content/02-CustomProbes/commandref.html#kanchor418" UsedConditions="" /></Links></IndexEntry><IndexEntry Term="DONE ALRM"><Entries /><Links><IndexLink Title="Probe Command Reference" Link="/Content/02-CustomProbes/commandref.html#kanchor458" UsedConditions="" /><IndexLink Title="Example TCP Probe File" Link="/Content/02-CustomProbes/tcpexample.html#kanchor532" UsedConditions="" /></Links></IndexEntry><IndexEntry Term="DONE DOWN"><Entries /><Links><IndexLink Title="Probe Command Reference" Link="/Content/02-CustomProbes/commandref.html#kanchor488" UsedConditions="" /><IndexLink Title="Example TCP Probe File" Link="/Content/02-CustomProbes/tcpexample.html#kanchor533" UsedConditions="" /></Links></IndexEntry><IndexEntry Term="DONE OKAY"><Entries /><Links><IndexLink Title="Probe Command Reference" Link="/Content/02-CustomProbes/commandref.html#kanchor487" UsedConditions="" /><IndexLink Title="Example TCP Probe File" Link="/Content/02-CustomProbes/tcpexample.html#kanchor530" UsedConditions="" /></Links></IndexEntry><IndexEntry Term="DONE WARN"><Entries /><Links><IndexLink Title="Probe Command Reference" Link="/Content/02-CustomProbes/commandref.html#kanchor493" UsedConditions="" /><IndexLink Title="Example TCP Probe File" Link="/Content/02-CustomProbes/tcpexample.html#kanchor531" UsedConditions="" /></Links></IndexEntry><IndexEntry Term="Double-precision"><Entries /><Links><IndexLink Title="Probe Calculations" Link="/Content/02-CustomProbes/probecalculations.htm#kanchor203" UsedConditions="" /></Links></IndexEntry><IndexEntry Term="Double Quote"><Entries /><Links><IndexLink Title="Probe Script Language Reference" Link="/Content/02-CustomProbes/language.html#kanchor330" UsedConditions="" /></Links></IndexEntry><IndexEntry Term="DOWN"><Entries><IndexEntry Term="set"><Entries /><Links><IndexLink Title="Example TCP Probe File" Link="/Content/02-CustomProbes/tcpexample.html#kanchor508" UsedConditions="" /></Links></IndexEntry></Entries><Links><IndexLink Title="Custom Probes" Link="/Content/02-CustomProbes/customprobes.html#kanchor18" UsedConditions="" /><IndexLink Title="Probe Script Language Reference" Link="/Content/02-CustomProbes/language.html#kanchor313" UsedConditions="" /><IndexLink Title="Probe Command Reference" Link="/Content/02-CustomProbes/commandref.html#kanchor451" UsedConditions="" /><IndexLink Title="Example TCP Probe File" Link="/Content/02-CustomProbes/tcpexample.html#kanchor514" UsedConditions="" /></Links></IndexEntry><IndexEntry Term="DOWN Response"><Entries /><Links><IndexLink Title="Example TCP Probe File" Link="/Content/02-CustomProbes/tcpexample.html#kanchor522" UsedConditions="" /></Links></IndexEntry><IndexEntry Term="E-mail"><Entries /><Links><IndexLink Title="Introduction" Link="/Content/Introduction.html#kanchor1" UsedConditions="" /></Links></IndexEntry><IndexEntry Term="Edit menu"><Entries /><Links><IndexLink Title="Customizing Web Pages" Link="/Content/03-CustomWebPages/customizingwebpages.html#kanchor705" UsedConditions="" /></Links></IndexEntry><IndexEntry Term="ELSE"><Entries /><Links><IndexLink Title="Probe Script Language Reference" Link="/Content/02-CustomProbes/language.html#kanchor322" UsedConditions="" /></Links></IndexEntry><IndexEntry Term="End"><Entries><IndexEntry Term="MIB"><Entries /><Links><IndexLink Title="Debugging with SNMPWalk" Link="/Content/02-CustomProbes/Debugging_with_SNMPWalk.htm#kanchor645" UsedConditions="" /></Links></IndexEntry></Entries><Links><IndexLink Title="Debugging with SNMPWalk" Link="/Content/02-CustomProbes/Debugging_with_SNMPWalk.htm#kanchor644" UsedConditions="" /></Links></IndexEntry><IndexEntry Term="Endian"><Entries /><Links><IndexLink Title="Probe Calculations" Link="/Content/02-CustomProbes/probecalculations.htm#kanchor257" UsedConditions="" /></Links></IndexEntry><IndexEntry Term="Enter"><Entries><IndexEntry Term="snmpwalk"><Entries /><Links><IndexLink Title="Debugging with SNMPWalk" Link="/Content/02-CustomProbes/Debugging_with_SNMPWalk.htm#kanchor627" UsedConditions="" /></Links></IndexEntry></Entries><Links><IndexLink Title="Debugging with SNMPWalk" Link="/Content/02-CustomProbes/Debugging_with_SNMPWalk.htm#kanchor663" UsedConditions="" /></Links></IndexEntry><IndexEntry Term="Enterprise 6306"><Entries /><Links><IndexLink Title="The Dartware MIB" Link="/Content/02-CustomProbes/dartwaremib.html#kanchor280" UsedConditions="" /></Links></IndexEntry><IndexEntry Term="Equality Tests"><Entries /><Links><IndexLink Title="Probe Calculations" Link="/Content/02-CustomProbes/probecalculations.htm#kanchor222" UsedConditions="" /></Links></IndexEntry><IndexEntry Term="Error Conditions"><Entries /><Links><IndexLink Title="Debugging with SNMPWalk" Link="/Content/02-CustomProbes/Debugging_with_SNMPWalk.htm#kanchor670" UsedConditions="" /></Links></IndexEntry><IndexEntry Term="Errors"><Entries /><Links><IndexLink Title="Errors with Custom Probes" Link="/Content/02-CustomProbes/errors.html#kanchor612" UsedConditions="" /></Links></IndexEntry><IndexEntry Term="Errors/minute"><Entries /><Links><IndexLink Title="Customized Pop-up Windows" Link="/Content/02-CustomProbes/customstatuswindows.html#kanchor126" UsedConditions="" /></Links></IndexEntry><IndexEntry Term="Errorstatus"><Entries /><Links><IndexLink Title="Macro Reference" Link="/Content/03-CustomWebPages/macros.htm#kanchor766" UsedConditions="" /></Links></IndexEntry><IndexEntry Term="Errorstatus_orig"><Entries /><Links><IndexLink Title="Macro Reference" Link="/Content/03-CustomWebPages/macros.htm#kanchor767" UsedConditions="" /></Links></IndexEntry><IndexEntry Term="Example TCP Probe FileThe"><Entries /><Links><IndexLink Title="Example TCP Probe File" Link="/Content/02-CustomProbes/tcpexample.html#kanchor498" UsedConditions="" /></Links></IndexEntry><IndexEntry Term="Excel"><Entries /><Links><IndexLink Title="Probe Calculations" Link="/Content/02-CustomProbes/probecalculations.htm#kanchor217" UsedConditions="" /></Links></IndexEntry><IndexEntry Term="Exe"><Entries /><Links><IndexLink Title="Command Line Probes" Link="/Content/02-CustomProbes/commandlineprobes.htm#kanchor570" UsedConditions="" /></Links></IndexEntry><IndexEntry Term="Existing Custom Probes"><Entries><IndexEntry Term="Finding"><Entries /><Links><IndexLink Title="Installing Custom Probes" Link="/Content/02-CustomProbes/installing.html#kanchor603" UsedConditions="" /></Links></IndexEntry></Entries><Links><IndexLink Title="Installing Custom Probes" Link="/Content/02-CustomProbes/installing.html#kanchor602" UsedConditions="" /></Links></IndexEntry><IndexEntry Term="EXIT"><Entries><IndexEntry Term="Use"><Entries /><Links><IndexLink Title="Probe Command Reference" Link="/Content/02-CustomProbes/commandref.html#kanchor444" UsedConditions="" /></Links></IndexEntry></Entries><Links><IndexLink Title="Probe Command Reference" Link="/Content/02-CustomProbes/commandref.html#kanchor420" UsedConditions="" /></Links></IndexEntry><IndexEntry Term="EXIT_CODE"><Entries /><Links><IndexLink Title="Command Line Probes" Link="/Content/02-CustomProbes/commandlineprobes.htm#kanchor575" UsedConditions="" /></Links></IndexEntry><IndexEntry Term="Exp"><Entries /><Links><IndexLink Title="Probe Calculations" Link="/Content/02-CustomProbes/probecalculations.htm#kanchor199" UsedConditions="" /></Links></IndexEntry><IndexEntry Term="EXPecT"><Entries /><Links><IndexLink Title="Probe Command Reference" Link="/Content/02-CustomProbes/commandref.html#kanchor462" UsedConditions="" /></Links></IndexEntry><IndexEntry Term="Expr"><Entries /><Links><IndexLink Title="Probe Calculations" Link="/Content/02-CustomProbes/probecalculations.htm#kanchor198" UsedConditions="" /></Links></IndexEntry><IndexEntry Term="EXPT"><Entries><IndexEntry Term="Use"><Entries /><Links><IndexLink Title="Probe Command Reference" Link="/Content/02-CustomProbes/commandref.html#kanchor442" UsedConditions="" /></Links></IndexEntry></Entries><Links><IndexLink Title="Probe Script Language Reference" Link="/Content/02-CustomProbes/language.html#kanchor367" UsedConditions="" /><IndexLink Title="Probe Command Reference" Link="/Content/02-CustomProbes/commandref.html#kanchor394" UsedConditions="" /><IndexLink Title="Example TCP Probe File" Link="/Content/02-CustomProbes/tcpexample.html#kanchor527" UsedConditions="" /></Links></IndexEntry><IndexEntry Term="Extract"><Entries><IndexEntry Term="substring"><Entries /><Links><IndexLink Title="Probe Calculations" Link="/Content/02-CustomProbes/probecalculations.htm#kanchor256" UsedConditions="" /></Links></IndexEntry></Entries><Links><IndexLink Title="Probe Calculations" Link="/Content/02-CustomProbes/probecalculations.htm#kanchor255" UsedConditions="" /></Links></IndexEntry><IndexEntry Term="FAIL"><Entries /><Links><IndexLink Title="Probe Command Reference" Link="/Content/02-CustomProbes/commandref.html#kanchor421" UsedConditions="" /><IndexLink Title="Probe Command Reference" Link="/Content/02-CustomProbes/commandref.html#kanchor463" UsedConditions="" /></Links></IndexEntry><IndexEntry Term="FALSE"><Entries><IndexEntry Term="value"><Entries /><Links><IndexLink Title="Probe Calculations" Link="/Content/02-CustomProbes/probecalculations.htm#kanchor196" UsedConditions="" /></Links></IndexEntry></Entries><Links /></IndexEntry><IndexEntry Term="Fax"><Entries /><Links><IndexLink Title="Software License Agreement" Link="/Content/01-Preface/warranty.html#kanchor6" UsedConditions="" /></Links></IndexEntry><IndexEntry Term="File-to-be-included.html"><Entries /><Links><IndexLink Title="Macro Reference" Link="/Content/03-CustomWebPages/macros.htm#kanchor760" UsedConditions="" /></Links></IndexEntry><IndexEntry Term="File Names"><Entries /><Links><IndexLink Title="Probe File Names" Link="/Content/02-CustomProbes/filenames.html#kanchor72" UsedConditions="" /></Links></IndexEntry><IndexEntry Term="Finding"><Entries><IndexEntry Term="Existing Custom Probes"><Entries /><Links><IndexLink Title="Installing Custom Probes" Link="/Content/02-CustomProbes/installing.html#kanchor601" UsedConditions="" /></Links></IndexEntry></Entries><Links><IndexLink Title="Installing Custom Probes" Link="/Content/02-CustomProbes/installing.html#kanchor600" UsedConditions="" /></Links></IndexEntry><IndexEntry Term="FLAGS"><Entries /><Links><IndexLink Title="Probe File Header" Link="/Content/02-CustomProbes/header.html#kanchor59" UsedConditions="" /></Links></IndexEntry><IndexEntry Term="Fmt"><Entries /><Links><IndexLink Title="Probe Calculations" Link="/Content/02-CustomProbes/probecalculations.htm#kanchor245" UsedConditions="" /></Links></IndexEntry><IndexEntry Term="Folder Structure"><Entries /><Links><IndexLink Title="Folder Structure" Link="/Content/03-CustomWebPages/folders.html#kanchor813" UsedConditions="" /></Links></IndexEntry><IndexEntry Term="Footer.incl"><Entries /><Links><IndexLink Title="Template Files" Link="/Content/03-CustomWebPages/templatefiles.html#kanchor733" UsedConditions="" /></Links></IndexEntry><IndexEntry Term="Format"><Entries /><Links><IndexLink Title="Custom SNMP Probes" Link="/Content/02-CustomProbes/customsnmpprobes.html#kanchor133" UsedConditions="" /><IndexLink Title="Mime Types" Link="/Content/03-CustomWebPages/Mime_Types.htm#kanchor838" UsedConditions="" /></Links></IndexEntry><IndexEntry Term="Formfeed"><Entries /><Links><IndexLink Title="Probe Script Language Reference" Link="/Content/02-CustomProbes/language.html#kanchor328" UsedConditions="" /></Links></IndexEntry><IndexEntry Term="Forwarded datagrams"><Entries /><Links><IndexLink Title="Custom SNMP Probes" Link="/Content/02-CustomProbes/customsnmpprobes.html#kanchor154" UsedConditions="" /></Links></IndexEntry><IndexEntry Term="From"><Entries><IndexEntry Term="Server Settings"><Entries /><Links><IndexLink Title="Customizing Web Pages" Link="/Content/03-CustomWebPages/customizingwebpages.html#kanchor706" UsedConditions="" /></Links></IndexEntry></Entries><Links /></IndexEntry><IndexEntry Term="FTP"><Entries><IndexEntry Term="Annotated Example"><Entries /><Links><IndexLink Title="Probe Command Reference" Link="/Content/02-CustomProbes/commandref.html#kanchor482" UsedConditions="" /></Links></IndexEntry><IndexEntry Term="number"><Entries /><Links><IndexLink Title="Probe Command Reference" Link="/Content/02-CustomProbes/commandref.html#kanchor405" UsedConditions="" /></Links></IndexEntry></Entries><Links><IndexLink Title="Probe Command Reference" Link="/Content/02-CustomProbes/commandref.html#kanchor382" UsedConditions="" /></Links></IndexEntry><IndexEntry Term="FTP USER"><Entries><IndexEntry Term="Send"><Entries /><Links><IndexLink Title="Probe Command Reference" Link="/Content/02-CustomProbes/commandref.html#kanchor389" UsedConditions="" /></Links></IndexEntry></Entries><Links><IndexLink Title="Probe Command Reference" Link="/Content/02-CustomProbes/commandref.html#kanchor496" UsedConditions="" /></Links></IndexEntry><IndexEntry Term="Fullstatus"><Entries /><Links><IndexLink Title="Macro Reference" Link="/Content/03-CustomWebPages/macros.htm#kanchor764" UsedConditions="" /></Links></IndexEntry><IndexEntry Term="FUNCTION"><Entries /><Links><IndexLink Title="Probe Calculations" Link="/Content/02-CustomProbes/probecalculations.htm#kanchor207" UsedConditions="" /></Links></IndexEntry><IndexEntry Term="Function Descriptions"><Entries /><Links><IndexLink Title="Probe Calculations" Link="/Content/02-CustomProbes/probecalculations.htm#kanchor251" UsedConditions="" /></Links></IndexEntry><IndexEntry Term="FUNCTION substr"><Entries /><Links><IndexLink Title="Probe Calculations" Link="/Content/02-CustomProbes/probecalculations.htm#kanchor252" UsedConditions="" /></Links></IndexEntry><IndexEntry Term="Functions"><Entries><IndexEntry Term="bitwise"><Entries /><Links><IndexLink Title="Probe Calculations" Link="/Content/02-CustomProbes/probecalculations.htm#kanchor209" UsedConditions="" /></Links></IndexEntry></Entries><Links><IndexLink Title="Probe Calculations" Link="/Content/02-CustomProbes/probecalculations.htm#kanchor206" UsedConditions="" /></Links></IndexEntry><IndexEntry Term="GB/Custom TCP Probe/P"><Entries /><Links><IndexLink Title="Example TCP Probe File" Link="/Content/02-CustomProbes/tcpexample.html#kanchor498" UsedConditions="" /></Links></IndexEntry><IndexEntry Term="Geneva"><Entries /><Links><IndexLink Title="Probe File Description" Link="/Content/02-CustomProbes/description.html#kanchor97" UsedConditions="" /></Links></IndexEntry><IndexEntry Term="Get-Next-Request"><Entries /><Links><IndexLink Title="Custom SNMP Probes" Link="/Content/02-CustomProbes/customsnmpprobes.html#kanchor171" UsedConditions="" /><IndexLink Title="Probe Properties" Link="/Content/02-CustomProbes/probeproperties.htm#kanchor271" UsedConditions="" /></Links></IndexEntry><IndexEntry Term="Get Info window"><Entries /><Links><IndexLink Title="Custom Probes" Link="/Content/02-CustomProbes/customprobes.html#kanchor7" UsedConditions="" /><IndexLink Title="Probe File Format" Link="/Content/02-CustomProbes/Probe_File_Format.htm#kanchor28" UsedConditions="" /></Links></IndexEntry><IndexEntry Term="GetNextRequest"><Entries /><Links><IndexLink Title="Errors with Custom Probes" Link="/Content/02-CustomProbes/errors.html#kanchor624" UsedConditions="" /></Links></IndexEntry><IndexEntry Term="GMT"><Entries /><Links><IndexLink Title="Probe Script Language Reference" Link="/Content/02-CustomProbes/language.html#kanchor362" UsedConditions="" /></Links></IndexEntry><IndexEntry Term="GMTTIME"><Entries /><Links><IndexLink Title="Probe Script Language Reference" Link="/Content/02-CustomProbes/language.html#kanchor361" UsedConditions="" /></Links></IndexEntry><IndexEntry Term="GOTO"><Entries><IndexEntry Term="Use"><Entries /><Links><IndexLink Title="Probe Script Language Reference" Link="/Content/02-CustomProbes/language.html#kanchor288" UsedConditions="" /><IndexLink Title="Probe Command Reference" Link="/Content/02-CustomProbes/commandref.html#kanchor438" UsedConditions="" /></Links></IndexEntry></Entries><Links><IndexLink Title="Probe Script Language Reference" Link="/Content/02-CustomProbes/language.html#kanchor321" UsedConditions="" /><IndexLink Title="Probe Command Reference" Link="/Content/02-CustomProbes/commandref.html#kanchor422" UsedConditions="" /><IndexLink Title="Example TCP Probe File" Link="/Content/02-CustomProbes/tcpexample.html#kanchor525" UsedConditions="" /></Links></IndexEntry><IndexEntry Term="GOTO Command"><Entries /><Links><IndexLink Title="Probe Script Language Reference" Link="/Content/02-CustomProbes/language.html#kanchor342" UsedConditions="" /></Links></IndexEntry><IndexEntry Term="Greetings"><Entries /><Links><IndexLink Title="Probe Command Reference" Link="/Content/02-CustomProbes/commandref.html#kanchor475" UsedConditions="" /></Links></IndexEntry><IndexEntry Term="Greetings!/r/n"><Entries /><Links><IndexLink Title="Probe Command Reference" Link="/Content/02-CustomProbes/commandref.html#kanchor376" UsedConditions="" /></Links></IndexEntry><IndexEntry Term="GuestHTML"><Entries /><Links><IndexLink Title="Folder Structure" Link="/Content/03-CustomWebPages/folders.html#kanchor822" UsedConditions="" /></Links></IndexEntry><IndexEntry Term="GuestImages"><Entries /><Links><IndexLink Title="Template Files" Link="/Content/03-CustomWebPages/templatefiles.html#kanchor735" UsedConditions="" /><IndexLink Title="Folder Structure" Link="/Content/03-CustomWebPages/folders.html#kanchor823" UsedConditions="" /></Links></IndexEntry><IndexEntry Term="Guests"><Entries /><Links><IndexLink Title="Customizing Web Pages" Link="/Content/03-CustomWebPages/customizingwebpages.html#kanchor699" UsedConditions="" /></Links></IndexEntry><IndexEntry Term="Handling"><Entries><IndexEntry Term="Script Failures"><Entries /><Links><IndexLink Title="Probe Script Language Reference" Link="/Content/02-CustomProbes/language.html#kanchor304" UsedConditions="" /></Links></IndexEntry></Entries><Links><IndexLink Title="Probe Script Language Reference" Link="/Content/02-CustomProbes/language.html#kanchor304" UsedConditions="" /></Links></IndexEntry><IndexEntry Term="HEAD"><Entries /><Links><IndexLink Title="Template Files" Link="/Content/03-CustomWebPages/templatefiles.html#kanchor726" UsedConditions="" /></Links></IndexEntry><IndexEntry Term="Header Part Format"><Entries /><Links><IndexLink Title="Probe File Header" Link="/Content/02-CustomProbes/header.html#kanchor32" UsedConditions="" /></Links></IndexEntry><IndexEntry Term="Header Parts"><Entries /><Links><IndexLink Title="Probe File Header" Link="/Content/02-CustomProbes/header.html#kanchor33" UsedConditions="" /></Links></IndexEntry><IndexEntry Term="Header Section"><Entries><IndexEntry Term="Custom SNMP Probes"><Entries /><Links><IndexLink Title="Probe File Header" Link="/Content/02-CustomProbes/header.html#kanchor43" UsedConditions="" /></Links></IndexEntry></Entries><Links><IndexLink Title="Probe File Header" Link="/Content/02-CustomProbes/header.html#kanchor57" UsedConditions="" /></Links></IndexEntry><IndexEntry Term="Hexadecimal - Displays"><Entries /><Links><IndexLink Title="Custom SNMP Probes" Link="/Content/02-CustomProbes/customsnmpprobes.html#kanchor133" UsedConditions="" /></Links></IndexEntry></Entries></IndexEntry></CatapultTargetIndex>