﻿<?xml version="1.0" encoding="utf-8"?><index><stem n="displai"><phr n="display"><ent r="3" t="0" w="103" /><ent r="3" t="4" w="266" /><ent r="100" t="5" w="491" /><ent r="6" t="5" w="494" /><ent r="6" t="5" w="503" /><ent r="6" t="5" w="532" /><ent r="6" t="5" w="543" /><ent r="3" t="5" w="734" /><ent r="3" t="8" w="441" /><ent r="100" t="10" w="81" /><ent r="5" t="14" w="417" /><ent r="3" t="14" w="1643" /><ent r="3" t="14" w="1704" /><ent r="3" t="14" w="1926" /><ent r="5" t="15" w="241" /><ent r="100" t="15" w="384" /><ent r="6" t="16" w="418" /><ent r="10" t="16" w="848" /><ent r="100" t="16" w="1237" /><ent r="3" t="16" w="1781" /><ent r="3" t="16" w="1843" /><ent r="4" t="18" w="548" /><ent r="3" t="21" w="2623" /><ent r="3" t="23" w="31" /><ent r="3" t="23" w="1468" /><ent r="3" t="25" w="1079" /><ent r="3" t="27" w="74" /><ent r="3" t="27" w="87" /><ent r="3" t="27" w="144" /><ent r="4" t="33" w="1440" /><ent r="3" t="34" w="411" /><ent r="3" t="34" w="665" /><ent r="3" t="35" w="145" /><ent r="3" t="35" w="149" /><ent r="3" t="36" w="374" /><ent r="3" t="36" w="411" /><ent r="5" t="37" w="836" /><ent r="4" t="40" w="187" /><ent r="3" t="40" w="1227" /><ent r="3" t="42" w="274" /><ent r="100" t="42" w="312" /><ent r="4" t="45" w="152" /><ent r="3" t="51" w="423" /><ent r="6" t="53" w="690" /><ent r="5" t="55" w="821" /></phr><phr n="displayed"><ent r="3" t="7" w="41" /><ent r="3" t="8" w="120" /><ent r="3" t="8" w="266" /><ent r="4" t="15" w="403" /><ent r="3" t="15" w="720" /><ent r="6" t="16" w="566" /><ent r="6" t="16" w="637" /><ent r="3" t="16" w="1313" /><ent r="3" t="17" w="280" /><ent r="4" t="23" w="761" /><ent r="3" t="23" w="1541" /><ent r="3" t="25" w="1063" /><ent r="3" t="27" w="280" /><ent r="3" t="31" w="1289" /><ent r="4" t="51" w="84" /><ent r="3" t="51" w="211" /><ent r="3" t="51" w="233" /><ent r="4" t="51" w="288" /><ent r="4" t="51" w="344" /><ent r="3" t="51" w="362" /></phr><phr n="displaying"><ent r="3" t="8" w="322" /><ent r="3" t="37" w="171" /><ent r="3" t="37" w="183" /><ent r="3" t="56" w="263" /></phr><phr n="Displays"><ent r="100" t="15" w="20" /><ent r="4" t="51" w="552" /><ent r="4" t="51" w="570" /><ent r="4" t="51" w="585" /><ent r="4" t="51" w="599" /><ent r="4" t="51" w="613" /><ent r="4" t="51" w="627" /></phr><phr n="displays"><ent r="6" t="16" w="497" /><ent r="6" t="16" w="642" /><ent r="6" t="16" w="667" /><ent r="6" t="16" w="801" /><ent r="4" t="16" w="1478" /><ent r="3" t="18" w="273" /><ent r="3" t="23" w="57" /><ent r="3" t="23" w="1320" /><ent r="3" t="23" w="1507" /><ent r="3" t="27" w="166" /><ent r="4" t="33" w="1407" /><ent r="3" t="39" w="584" /><ent r="4" t="40" w="1127" /><ent r="4" t="40" w="1150" /><ent r="3" t="41" w="705" /><ent r="3" t="51" w="268" /><ent r="3" t="54" w="153" /><ent r="3" t="55" w="229" /><ent r="5" t="55" w="1070" /></phr><phr n="Displaying"><ent r="1000" t="23" w="1" /><ent r="102" t="23" w="8" /><ent r="92" t="23" w="1443" /></phr><phr n="Display"><ent r="3" t="27" w="97" /></phr></stem><stem n="data"><phr n="data"><ent r="3" t="0" w="104" /><ent r="3" t="1" w="367" /><ent r="3" t="4" w="247" /><ent r="3" t="4" w="262" /><ent r="3" t="8" w="264" /><ent r="3" t="10" w="58" /><ent r="3" t="10" w="274" /><ent r="3" t="10" w="344" /><ent r="3" t="12" w="10" /><ent r="100" t="12" w="20" /><ent r="3" t="12" w="41" /><ent r="3" t="12" w="53" /><ent r="4" t="12" w="256" /><ent r="3" t="13" w="13" /><ent r="3" t="21" w="41" /><ent r="3" t="21" w="1156" /><ent r="3" t="21" w="2212" /><ent r="3" t="23" w="33" /><ent r="3" t="23" w="427" /><ent r="3" t="23" w="437" /><ent r="3" t="25" w="41" /><ent r="4" t="25" w="424" /><ent r="3" t="29" w="28" /><ent r="3" t="29" w="69" /><ent r="3" t="29" w="78" /><ent r="3" t="30" w="47" /><ent r="3" t="30" w="200" /><ent r="3" t="30" w="844" /><ent r="3" t="30" w="859" /><ent r="3" t="30" w="1771" /><ent r="3" t="31" w="156" /><ent r="4" t="31" w="404" /><ent r="4" t="31" w="410" /><ent r="3" t="31" w="1703" /><ent r="3" t="31" w="1709" /><ent r="4" t="31" w="1740" /><ent r="4" t="31" w="1777" /><ent r="4" t="31" w="1795" /><ent r="4" t="31" w="1801" /><ent r="3" t="31" w="1847" /><ent r="3" t="31" w="2715" /><ent r="3" t="31" w="2739" /><ent r="3" t="31" w="2757" /><ent r="3" t="32" w="575" /><ent r="3" t="33" w="152" /><ent r="3" t="37" w="177" /><ent r="5" t="37" w="817" /><ent r="5" t="37" w="839" /><ent r="3" t="41" w="523" /><ent r="3" t="42" w="282" /><ent r="3" t="43" w="17" /><ent r="3" t="43" w="21" /><ent r="3" t="43" w="191" /><ent r="3" t="44" w="412" /><ent r="3" t="44" w="485" /><ent r="3" t="44" w="511" /><ent r="3" t="45" w="295" /><ent r="3" t="45" w="330" /><ent r="3" t="45" w="341" /><ent r="3" t="45" w="371" /><ent r="3" t="45" w="394" /><ent r="3" t="45" w="405" /><ent r="3" t="46" w="161" /><ent r="3" t="48" w="20" /></phr><phr n="Data"><ent r="64" t="0" w="194" /><ent r="1000" t="12" w="3" /><ent r="102" t="12" w="7" /><ent r="64" t="12" w="113" /><ent r="4" t="12" w="209" /><ent r="1000" t="13" w="3" /><ent r="102" t="13" w="8" /><ent r="4" t="37" w="557" /><ent r="92" t="41" w="505" /><ent r="4" t="44" w="74" /><ent r="3" t="45" w="30" /><ent r="3" t="45" w="35" /><ent r="4" t="45" w="88" /><ent r="82" t="45" w="276" /><ent r="102" t="48" w="7" /></phr></stem><stem n="those"><phr n="those"><ent r="3" t="0" w="106" /><ent r="3" t="4" w="370" /><ent r="3" t="7" w="145" /><ent r="3" t="9" w="21" /><ent r="3" t="12" w="118" /><ent r="4" t="15" w="365" /><ent r="4" t="16" w="1455" /><ent r="3" t="21" w="2654" /><ent r="4" t="23" w="833" /><ent r="3" t="25" w="128" /><ent r="3" t="25" w="1196" /><ent r="3" t="37" w="740" /><ent r="3" t="50" w="50" /><ent r="3" t="54" w="212" /><ent r="3" t="56" w="60" /></phr></stem><stem n="result"><phr n="results"><ent r="3" t="0" w="107" /><ent r="3" t="3" w="274" /><ent r="3" t="3" w="401" /><ent r="3" t="16" w="1296" /><ent r="3" t="16" w="1631" /><ent r="3" t="21" w="57" /><ent r="4" t="21" w="124" /><ent r="3" t="29" w="47" /><ent r="4" t="33" w="1225" /><ent r="3" t="39" w="24" /><ent r="3" t="41" w="18" /><ent r="3" t="41" w="30" /><ent r="3" t="41" w="93" /><ent r="3" t="41" w="252" /><ent r="82" t="41" w="429" /><ent r="3" t="41" w="432" /><ent r="3" t="41" w="583" /><ent r="3" t="41" w="593" /><ent r="3" t="41" w="602" /><ent r="4" t="41" w="803" /><ent r="3" t="42" w="276" /><ent r="3" t="54" w="214" /></phr><phr n="result"><ent r="5" t="14" w="341" /><ent r="3" t="14" w="1273" /><ent r="3" t="14" w="1337" /><ent r="3" t="14" w="1499" /><ent r="3" t="14" w="1503" /><ent r="3" t="14" w="1516" /><ent r="3" t="14" w="1554" /><ent r="3" t="14" w="1562" /><ent r="3" t="14" w="1599" /><ent r="3" t="14" w="1621" /><ent r="6" t="16" w="758" /><ent r="3" t="16" w="1096" /><ent r="3" t="16" w="1120" /><ent r="4" t="16" w="1480" /><ent r="3" t="17" w="207" /><ent r="4" t="18" w="879" /><ent r="4" t="19" w="160" /><ent r="4" t="21" w="2885" /><ent r="4" t="21" w="2899" /><ent r="3" t="23" w="600" /><ent r="3" t="25" w="218" /><ent r="3" t="31" w="2092" /><ent r="4" t="31" w="2129" /><ent r="4" t="31" w="2140" /><ent r="3" t="33" w="277" /><ent r="4" t="33" w="1263" /><ent r="3" t="35" w="37" /><ent r="3" t="36" w="279" /><ent r="3" t="36" w="287" /><ent r="3" t="36" w="294" /><ent r="3" t="36" w="298" /><ent r="3" t="37" w="418" /><ent r="6" t="53" w="356" /><ent r="3" t="55" w="1433" /></phr><phr n="resulting"><ent r="4" t="19" w="140" /><ent r="4" t="19" w="224" /><ent r="4" t="31" w="751" /><ent r="3" t="31" w="2618" /><ent r="4" t="33" w="717" /><ent r="3" t="50" w="123" /><ent r="4" t="51" w="306" /><ent r="4" t="51" w="327" /><ent r="5" t="55" w="1342" /></phr><phr n="resulted"><ent r="4" t="19" w="845" /></phr><phr n="Results"><ent r="3" t="21" w="1204" /><ent r="3" t="21" w="1212" /><ent r="3" t="21" w="1253" /><ent r="3" t="21" w="1262" /><ent r="3" t="21" w="1299" /><ent r="3" t="21" w="1307" /><ent r="3" t="21" w="1315" /><ent r="3" t="21" w="1323" /><ent r="3" t="21" w="1332" /><ent r="3" t="21" w="1380" /><ent r="3" t="21" w="1390" /><ent r="3" t="21" w="1399" /><ent r="3" t="21" w="1409" /><ent r="3" t="21" w="1433" /><ent r="3" t="21" w="1443" /><ent r="3" t="21" w="1702" /><ent r="3" t="21" w="1718" /><ent r="3" t="21" w="1781" /></phr></stem><stem n="'s"><phr n="'s"><ent r="64" t="0" w="111" /><ent r="3" t="0" w="186" /><ent r="3" t="1" w="513" /><ent r="3" t="3" w="54" /><ent r="3" t="3" w="58" /><ent r="3" t="3" w="70" /><ent r="3" t="3" w="95" /><ent r="3" t="3" w="157" /><ent r="4" t="3" w="220" /><ent r="4" t="3" w="237" /><ent r="3" t="3" w="265" /><ent r="3" t="3" w="305" /><ent r="3" t="3" w="354" /><ent r="3" t="3" w="409" /><ent r="3" t="3" w="437" /><ent r="3" t="3" w="442" /><ent r="3" t="4" w="152" /><ent r="3" t="4" w="193" /><ent r="6" t="5" w="230" /><ent r="6" t="5" w="319" /><ent r="6" t="5" w="352" /><ent r="6" t="5" w="361" /><ent r="5" t="5" w="376" /><ent r="6" t="5" w="608" /><ent r="6" t="5" w="630" /><ent r="6" t="5" w="644" /><ent r="4" t="6" w="96" /><ent r="3" t="6" w="175" /><ent r="3" t="6" w="187" /><ent r="3" t="10" w="104" /><ent r="3" t="10" w="118" /><ent r="3" t="10" w="130" /><ent r="3" t="10" w="268" /><ent r="3" t="10" w="338" /><ent r="5" t="14" w="158" /><ent r="5" t="14" w="302" /><ent r="5" t="14" w="414" /><ent r="5" t="14" w="450" /><ent r="5" t="14" w="536" /><ent r="5" t="14" w="593" /><ent r="5" t="14" w="691" /><ent r="5" t="14" w="701" /><ent r="5" t="14" w="1089" /><ent r="5" t="14" w="1191" /><ent r="5" t="14" w="1209" /><ent r="5" t="14" w="1231" /><ent r="3" t="15" w="61" /><ent r="3" t="15" w="110" /><ent r="4" t="15" w="145" /><ent r="4" t="15" w="377" /><ent r="6" t="16" w="378" /><ent r="6" t="16" w="740" /><ent r="3" t="17" w="225" /><ent r="3" t="17" w="269" /><ent r="3" t="18" w="65" /><ent r="5" t="18" w="189" /><ent r="5" t="18" w="201" /><ent r="3" t="18" w="287" /><ent r="3" t="18" w="311" /><ent r="3" t="18" w="332" /><ent r="3" t="18" w="344" /><ent r="3" t="18" w="496" /><ent r="3" t="18" w="668" /><ent r="4" t="19" w="326" /><ent r="4" t="19" w="360" /><ent r="4" t="19" w="391" /><ent r="4" t="19" w="410" /><ent r="3" t="19" w="481" /><ent r="3" t="19" w="565" /><ent r="4" t="19" w="663" /><ent r="4" t="19" w="743" /><ent r="4" t="19" w="762" /><ent r="4" t="19" w="781" /><ent r="3" t="19" w="887" /><ent r="3" t="19" w="892" /><ent r="3" t="21" w="79" /><ent r="3" t="21" w="1291" /><ent r="4" t="21" w="2317" /><ent r="6" t="21" w="2826" /><ent r="4" t="23" w="224" /><ent r="3" t="23" w="288" /><ent r="3" t="23" w="330" /><ent r="4" t="23" w="719" /><ent r="3" t="23" w="884" /><ent r="3" t="23" w="909" /><ent r="3" t="23" w="969" /><ent r="3" t="23" w="1348" /><ent r="92" t="24" w="60" /><ent r="3" t="24" w="64" /><ent r="3" t="24" w="143" /><ent r="3" t="24" w="152" /><ent r="3" t="24" w="161" /><ent r="92" t="24" w="200" /><ent r="3" t="24" w="416" /><ent r="82" t="24" w="453" /><ent r="4" t="24" w="457" /><ent r="3" t="24" w="563" /><ent r="3" t="24" w="667" /><ent r="3" t="24" w="710" /><ent r="3" t="24" w="722" /><ent r="3" t="24" w="784" /><ent r="3" t="24" w="892" /><ent r="3" t="24" w="974" /><ent r="3" t="24" w="1029" /><ent r="3" t="24" w="1107" /><ent r="3" t="24" w="1145" /><ent r="3" t="25" w="49" /><ent r="3" t="25" w="246" /><ent r="4" t="25" w="428" /><ent r="4" t="25" w="459" /><ent r="4" t="25" w="769" /><ent r="4" t="25" w="785" /><ent r="4" t="25" w="801" /><ent r="3" t="25" w="953" /><ent r="3" t="25" w="1185" /><ent r="3" t="25" w="1445" /><ent r="4" t="26" w="231" /><ent r="4" t="26" w="299" /><ent r="3" t="27" w="211" /><ent r="3" t="27" w="252" /><ent r="3" t="28" w="319" /><ent r="3" t="28" w="344" /><ent r="3" t="29" w="40" /><ent r="3" t="31" w="1158" /><ent r="4" t="31" w="1812" /><ent r="3" t="31" w="4071" /><ent r="3" t="31" w="4107" /><ent r="3" t="32" w="305" /><ent r="3" t="32" w="331" /><ent r="3" t="32" w="367" /><ent r="3" t="32" w="386" /><ent r="3" t="32" w="405" /><ent r="3" t="32" w="419" /><ent r="3" t="33" w="74" /><ent r="3" t="33" w="80" /><ent r="3" t="33" w="138" /><ent r="3" t="33" w="161" /><ent r="3" t="33" w="170" /><ent r="3" t="33" w="182" /><ent r="4" t="33" w="508" /><ent r="4" t="33" w="566" /><ent r="4" t="33" w="575" /><ent r="3" t="33" w="616" /><ent r="4" t="33" w="679" /><ent r="4" t="33" w="700" /><ent r="3" t="34" w="183" /><ent r="3" t="34" w="449" /><ent r="3" t="34" w="472" /><ent r="3" t="34" w="703" /><ent r="3" t="34" w="726" /><ent r="3" t="37" w="15" /><ent r="3" t="37" w="117" /><ent r="4" t="37" w="322" /><ent r="4" t="37" w="360" /><ent r="4" t="37" w="465" /><ent r="3" t="37" w="682" /><ent r="3" t="38" w="33" /><ent r="3" t="38" w="148" /><ent r="3" t="38" w="156" /><ent r="3" t="39" w="434" /><ent r="3" t="40" w="647" /><ent r="4" t="40" w="722" /><ent r="3" t="40" w="1216" /><ent r="3" t="41" w="359" /><ent r="5" t="42" w="230" /><ent r="3" t="43" w="177" /><ent r="3" t="45" w="382" /><ent r="3" t="46" w="176" /><ent r="4" t="47" w="367" /><ent r="3" t="47" w="834" /><ent r="3" t="50" w="70" /><ent r="3" t="50" w="130" /><ent r="3" t="51" w="60" /><ent r="4" t="51" w="164" /><ent r="3" t="51" w="219" /><ent r="3" t="51" w="270" /><ent r="6" t="53" w="109" /><ent r="7" t="53" w="441" /><ent r="7" t="53" w="475" /><ent r="6" t="53" w="810" /><ent r="3" t="54" w="24" /><ent r="3" t="54" w="143" /><ent r="3" t="54" w="175" /><ent r="3" t="55" w="202" /><ent r="5" t="55" w="385" /><ent r="5" t="55" w="677" /><ent r="6" t="55" w="708" /><ent r="6" t="55" w="742" /><ent r="5" t="55" w="869" /><ent r="5" t="55" w="953" /><ent r="3" t="55" w="1280" /><ent r="5" t="55" w="1812" /><ent r="5" t="55" w="1891" /><ent r="3" t="56" w="266" /><ent r="3" t="56" w="274" /><ent r="3" t="57" w="31" /><ent r="3" t="59" w="85" /></phr></stem><stem n="intermapper'"><phr n="InterMapper's"><ent r="64" t="0" w="111" /><ent r="64" t="0" w="110" /><ent r="3" t="0" w="186" /><ent r="3" t="0" w="185" /><ent r="3" t="3" w="70" /><ent r="3" t="3" w="69" /><ent r="3" t="3" w="95" /><ent r="3" t="3" w="94" /><ent r="3" t="3" w="157" /><ent r="3" t="3" w="156" /><ent r="3" t="15" w="61" /><ent r="3" t="15" w="60" /><ent r="3" t="18" w="65" /><ent r="3" t="18" w="64" /><ent r="3" t="18" w="311" /><ent r="3" t="18" w="310" /><ent r="3" t="19" w="887" /><ent r="3" t="19" w="886" /><ent r="3" t="21" w="79" /><ent r="3" t="21" w="78" /><ent r="3" t="23" w="969" /><ent r="3" t="23" w="968" /><ent r="3" t="24" w="722" /><ent r="3" t="24" w="721" /><ent r="3" t="25" w="1445" /><ent r="3" t="25" w="1444" /><ent r="4" t="31" w="1812" /><ent r="4" t="31" w="1811" /><ent r="3" t="33" w="182" /><ent r="3" t="33" w="181" /><ent r="3" t="37" w="15" /><ent r="3" t="37" w="14" /><ent r="3" t="38" w="33" /><ent r="3" t="38" w="32" /><ent r="3" t="40" w="1216" /><ent r="3" t="40" w="1215" /><ent r="3" t="50" w="70" /><ent r="3" t="50" w="69" /><ent r="7" t="53" w="441" /><ent r="7" t="53" w="440" /><ent r="7" t="53" w="475" /><ent r="7" t="53" w="474" /><ent r="5" t="55" w="677" /><ent r="5" t="55" w="676" /><ent r="3" t="55" w="1280" /><ent r="3" t="55" w="1279" /></phr></stem><stem n="s"><phr n="s"><ent r="64" t="0" w="111" /><ent r="3" t="0" w="186" /><ent r="3" t="1" w="513" /><ent r="3" t="3" w="54" /><ent r="3" t="3" w="58" /><ent r="3" t="3" w="70" /><ent r="3" t="3" w="95" /><ent r="3" t="3" w="157" /><ent r="4" t="3" w="220" /><ent r="4" t="3" w="229" /><ent r="4" t="3" w="237" /><ent r="3" t="3" w="265" /><ent r="3" t="3" w="305" /><ent r="3" t="3" w="354" /><ent r="3" t="3" w="409" /><ent r="3" t="3" w="437" /><ent r="3" t="3" w="442" /><ent r="3" t="4" w="152" /><ent r="3" t="4" w="193" /><ent r="6" t="5" w="230" /><ent r="6" t="5" w="319" /><ent r="6" t="5" w="352" /><ent r="6" t="5" w="361" /><ent r="5" t="5" w="376" /><ent r="6" t="5" w="608" /><ent r="6" t="5" w="630" /><ent r="6" t="5" w="644" /><ent r="4" t="6" w="96" /><ent r="3" t="6" w="175" /><ent r="3" t="6" w="187" /><ent r="3" t="8" w="480" /><ent r="3" t="10" w="104" /><ent r="3" t="10" w="118" /><ent r="3" t="10" w="130" /><ent r="3" t="10" w="268" /><ent r="3" t="10" w="338" /><ent r="5" t="14" w="158" /><ent r="5" t="14" w="302" /><ent r="5" t="14" w="414" /><ent r="5" t="14" w="450" /><ent r="5" t="14" w="536" /><ent r="5" t="14" w="593" /><ent r="5" t="14" w="691" /><ent r="5" t="14" w="701" /><ent r="5" t="14" w="1089" /><ent r="5" t="14" w="1191" /><ent r="5" t="14" w="1209" /><ent r="5" t="14" w="1231" /><ent r="3" t="15" w="61" /><ent r="3" t="15" w="110" /><ent r="4" t="15" w="145" /><ent r="4" t="15" w="377" /><ent r="3" t="15" w="636" /><ent r="6" t="16" w="378" /><ent r="6" t="16" w="740" /><ent r="3" t="16" w="1024" /><ent r="3" t="17" w="225" /><ent r="3" t="17" w="269" /><ent r="3" t="18" w="65" /><ent r="5" t="18" w="189" /><ent r="5" t="18" w="201" /><ent r="3" t="18" w="287" /><ent r="3" t="18" w="311" /><ent r="3" t="18" w="332" /><ent r="3" t="18" w="344" /><ent r="3" t="18" w="496" /><ent r="3" t="18" w="668" /><ent r="4" t="19" w="326" /><ent r="4" t="19" w="360" /><ent r="4" t="19" w="391" /><ent r="4" t="19" w="410" /><ent r="3" t="19" w="481" /><ent r="3" t="19" w="565" /><ent r="4" t="19" w="663" /><ent r="4" t="19" w="743" /><ent r="4" t="19" w="762" /><ent r="4" t="19" w="781" /><ent r="3" t="19" w="887" /><ent r="3" t="19" w="892" /><ent r="3" t="21" w="79" /><ent r="4" t="21" w="1080" /><ent r="3" t="21" w="1158" /><ent r="3" t="21" w="1209" /><ent r="3" t="21" w="1239" /><ent r="3" t="21" w="1291" /><ent r="4" t="21" w="2317" /><ent r="7" t="21" w="2407" /><ent r="6" t="21" w="2826" /><ent r="4" t="23" w="224" /><ent r="3" t="23" w="288" /><ent r="3" t="23" w="330" /><ent r="3" t="23" w="349" /><ent r="4" t="23" w="719" /><ent r="3" t="23" w="884" /><ent r="3" t="23" w="909" /><ent r="3" t="23" w="969" /><ent r="3" t="23" w="1348" /><ent r="3" t="24" w="23" /><ent r="92" t="24" w="60" /><ent r="3" t="24" w="64" /><ent r="3" t="24" w="143" /><ent r="3" t="24" w="152" /><ent r="3" t="24" w="161" /><ent r="92" t="24" w="200" /><ent r="3" t="24" w="236" /><ent r="4" t="24" w="250" /><ent r="3" t="24" w="416" /><ent r="82" t="24" w="453" /><ent r="4" t="24" w="457" /><ent r="3" t="24" w="563" /><ent r="3" t="24" w="667" /><ent r="3" t="24" w="710" /><ent r="3" t="24" w="722" /><ent r="3" t="24" w="784" /><ent r="3" t="24" w="892" /><ent r="3" t="24" w="974" /><ent r="3" t="24" w="1029" /><ent r="3" t="24" w="1107" /><ent r="3" t="24" w="1128" /><ent r="3" t="24" w="1145" /><ent r="3" t="25" w="49" /><ent r="3" t="25" w="61" /><ent r="3" t="25" w="246" /><ent r="4" t="25" w="428" /><ent r="4" t="25" w="459" /><ent r="3" t="25" w="521" /><ent r="4" t="25" w="769" /><ent r="4" t="25" w="785" /><ent r="4" t="25" w="801" /><ent r="3" t="25" w="953" /><ent r="3" t="25" w="1185" /><ent r="3" t="25" w="1445" /><ent r="4" t="26" w="231" /><ent r="4" t="26" w="299" /><ent r="3" t="27" w="211" /><ent r="3" t="27" w="252" /><ent r="3" t="27" w="464" /><ent r="3" t="27" w="481" /><ent r="3" t="27" w="494" /><ent r="3" t="27" w="508" /><ent r="3" t="27" w="523" /><ent r="3" t="27" w="539" /><ent r="3" t="27" w="625" /><ent r="3" t="27" w="642" /><ent r="3" t="27" w="655" /><ent r="3" t="27" w="669" /><ent r="3" t="27" w="684" /><ent r="3" t="27" w="700" /><ent r="3" t="27" w="748" /><ent r="3" t="27" w="765" /><ent r="3" t="27" w="778" /><ent r="3" t="27" w="792" /><ent r="3" t="27" w="807" /><ent r="3" t="27" w="823" /><ent r="3" t="27" w="858" /><ent r="3" t="27" w="875" /><ent r="3" t="27" w="888" /><ent r="3" t="27" w="902" /><ent r="3" t="27" w="917" /><ent r="3" t="27" w="933" /><ent r="3" t="27" w="948" /><ent r="3" t="27" w="961" /><ent r="3" t="27" w="974" /><ent r="3" t="27" w="987" /><ent r="3" t="27" w="1000" /><ent r="3" t="27" w="1013" /><ent r="3" t="27" w="1040" /><ent r="3" t="27" w="1057" /><ent r="3" t="27" w="1070" /><ent r="3" t="27" w="1084" /><ent r="3" t="27" w="1099" /><ent r="3" t="27" w="1115" /><ent r="3" t="28" w="319" /><ent r="3" t="28" w="344" /><ent r="3" t="29" w="40" /><ent r="3" t="31" w="1158" /><ent r="4" t="31" w="1812" /><ent r="3" t="31" w="4071" /><ent r="3" t="31" w="4107" /><ent r="3" t="32" w="305" /><ent r="3" t="32" w="331" /><ent r="3" t="32" w="367" /><ent r="3" t="32" w="386" /><ent r="3" t="32" w="405" /><ent r="3" t="32" w="419" /><ent r="3" t="33" w="74" /><ent r="3" t="33" w="80" /><ent r="3" t="33" w="138" /><ent r="3" t="33" w="161" /><ent r="3" t="33" w="170" /><ent r="3" t="33" w="182" /><ent r="4" t="33" w="508" /><ent r="4" t="33" w="566" /><ent r="4" t="33" w="575" /><ent r="3" t="33" w="616" /><ent r="4" t="33" w="679" /><ent r="4" t="33" w="700" /><ent r="3" t="34" w="183" /><ent r="3" t="34" w="449" /><ent r="3" t="34" w="472" /><ent r="3" t="34" w="703" /><ent r="3" t="34" w="726" /><ent r="3" t="36" w="256" /><ent r="3" t="36" w="293" /><ent r="3" t="37" w="15" /><ent r="3" t="37" w="117" /><ent r="4" t="37" w="322" /><ent r="4" t="37" w="360" /><ent r="4" t="37" w="465" /><ent r="3" t="37" w="682" /><ent r="3" t="38" w="33" /><ent r="3" t="38" w="148" /><ent r="3" t="38" w="156" /><ent r="3" t="39" w="434" /><ent r="3" t="40" w="647" /><ent r="4" t="40" w="722" /><ent r="3" t="40" w="1216" /><ent r="3" t="41" w="137" /><ent r="3" t="41" w="359" /><ent r="5" t="42" w="230" /><ent r="3" t="43" w="177" /><ent r="3" t="45" w="382" /><ent r="3" t="46" w="176" /><ent r="3" t="46" w="217" /><ent r="3" t="46" w="219" /><ent r="3" t="46" w="223" /><ent r="3" t="46" w="233" /><ent r="3" t="46" w="235" /><ent r="3" t="46" w="239" /><ent r="4" t="47" w="367" /><ent r="3" t="47" w="506" /><ent r="3" t="47" w="554" /><ent r="3" t="47" w="579" /><ent r="3" t="47" w="668" /><ent r="3" t="47" w="703" /><ent r="3" t="47" w="708" /><ent r="3" t="47" w="756" /><ent r="3" t="47" w="761" /><ent r="3" t="47" w="834" /><ent r="3" t="47" w="847" /><ent r="3" t="50" w="70" /><ent r="3" t="50" w="130" /><ent r="3" t="51" w="60" /><ent r="4" t="51" w="164" /><ent r="3" t="51" w="219" /><ent r="3" t="51" w="270" /><ent r="6" t="53" w="109" /><ent r="7" t="53" w="441" /><ent r="7" t="53" w="475" /><ent r="6" t="53" w="810" /><ent r="3" t="54" w="24" /><ent r="3" t="54" w="143" /><ent r="3" t="54" w="175" /><ent r="3" t="55" w="202" /><ent r="5" t="55" w="385" /><ent r="5" t="55" w="677" /><ent r="6" t="55" w="708" /><ent r="6" t="55" w="742" /><ent r="5" t="55" w="869" /><ent r="5" t="55" w="953" /><ent r="3" t="55" w="1280" /><ent r="5" t="55" w="1812" /><ent r="5" t="55" w="1891" /><ent r="3" t="56" w="266" /><ent r="3" t="56" w="274" /><ent r="3" t="57" w="31" /><ent r="3" t="59" w="85" /></phr><phr n="S"><ent r="4" t="21" w="1595" /><ent r="7" t="21" w="2416" /><ent r="6" t="31" w="630" /><ent r="5" t="31" w="2521" /><ent r="5" t="31" w="2602" /></phr></stem><stem n="probe"><phr n="Probes"><ent r="64" t="0" w="112" /><ent r="1000" t="3" w="2" /><ent r="100" t="3" w="9" /><ent r="100" t="3" w="11" /><ent r="92" t="3" w="243" /><ent r="64" t="3" w="257" /><ent r="64" t="3" w="282" /><ent r="64" t="3" w="331" /><ent r="64" t="3" w="385" /><ent r="3" t="3" w="414" /><ent r="100" t="4" w="341" /><ent r="64" t="4" w="345" /><ent r="5" t="4" w="355" /><ent r="100" t="5" w="169" /><ent r="100" t="5" w="175" /><ent r="100" t="5" w="687" /><ent r="92" t="5" w="764" /><ent r="100" t="6" w="20" /><ent r="3" t="6" w="22" /><ent r="5" t="6" w="29" /><ent r="100" t="10" w="73" /><ent r="92" t="10" w="77" /><ent r="100" t="10" w="241" /><ent r="92" t="10" w="246" /><ent r="92" t="10" w="315" /><ent r="3" t="14" w="429" /><ent r="1000" t="15" w="3" /><ent r="102" t="15" w="7" /><ent r="100" t="15" w="32" /><ent r="64" t="15" w="316" /><ent r="67" t="16" w="796" /><ent r="92" t="21" w="2565" /><ent r="1000" t="23" w="6" /><ent r="102" t="23" w="13" /><ent r="1000" t="24" w="6" /><ent r="102" t="24" w="13" /><ent r="1000" t="25" w="4" /><ent r="102" t="25" w="13" /><ent r="82" t="25" w="1440" /><ent r="1000" t="29" w="2" /><ent r="100" t="29" w="5" /><ent r="102" t="29" w="9" /><ent r="3" t="29" w="12" /><ent r="1000" t="33" w="3" /><ent r="100" t="33" w="7" /><ent r="100" t="33" w="14" /><ent r="102" t="33" w="18" /><ent r="100" t="33" w="272" /><ent r="100" t="37" w="369" /><ent r="100" t="37" w="372" /><ent r="100" t="37" w="379" /><ent r="72" t="37" w="383" /><ent r="100" t="37" w="413" /><ent r="1000" t="38" w="3" /><ent r="100" t="38" w="9" /><ent r="100" t="38" w="12" /><ent r="100" t="38" w="15" /><ent r="100" t="38" w="21" /><ent r="102" t="38" w="25" /><ent r="100" t="38" w="52" /><ent r="100" t="38" w="56" /><ent r="100" t="38" w="60" /><ent r="92" t="38" w="66" /><ent r="100" t="38" w="202" /><ent r="92" t="38" w="210" /><ent r="100" t="38" w="389" /><ent r="92" t="38" w="395" /><ent r="64" t="38" w="422" /><ent r="1000" t="39" w="4" /><ent r="100" t="39" w="9" /><ent r="102" t="39" w="14" /><ent r="4" t="44" w="38" /><ent r="6" t="44" w="287" /><ent r="6" t="47" w="432" /><ent r="3" t="47" w="633" /></phr><phr n="probes"><ent r="3" t="0" w="121" /><ent r="3" t="3" w="45" /><ent r="3" t="3" w="73" /><ent r="3" t="3" w="93" /><ent r="3" t="3" w="96" /><ent r="3" t="3" w="158" /><ent r="3" t="3" w="250" /><ent r="3" t="3" w="311" /><ent r="3" t="3" w="357" /><ent r="3" t="3" w="453" /><ent r="3" t="3" w="494" /><ent r="3" t="4" w="362" /><ent r="5" t="4" w="409" /><ent r="6" t="5" w="154" /><ent r="6" t="5" w="179" /><ent r="6" t="5" w="194" /><ent r="6" t="5" w="207" /><ent r="6" t="5" w="258" /><ent r="6" t="5" w="286" /><ent r="4" t="5" w="1123" /><ent r="4" t="6" w="108" /><ent r="4" t="6" w="126" /><ent r="3" t="11" w="138" /><ent r="3" t="12" w="50" /><ent r="3" t="12" w="104" /><ent r="3" t="12" w="128" /><ent r="3" t="13" w="17" /><ent r="3" t="14" w="24" /><ent r="3" t="14" w="88" /><ent r="3" t="14" w="117" /><ent r="3" t="14" w="285" /><ent r="3" t="14" w="783" /><ent r="4" t="14" w="1383" /><ent r="4" t="14" w="1393" /><ent r="4" t="14" w="1403" /><ent r="3" t="14" w="1884" /><ent r="3" t="15" w="48" /><ent r="3" t="15" w="64" /><ent r="3" t="15" w="91" /><ent r="3" t="15" w="94" /><ent r="3" t="15" w="255" /><ent r="3" t="16" w="1652" /><ent r="3" t="16" w="1661" /><ent r="3" t="16" w="1671" /><ent r="4" t="23" w="1614" /><ent r="3" t="24" w="738" /><ent r="3" t="25" w="1448" /><ent r="3" t="27" w="52" /><ent r="3" t="27" w="227" /><ent r="3" t="29" w="155" /><ent r="3" t="30" w="39" /><ent r="3" t="32" w="118" /><ent r="100" t="33" w="10" /><ent r="3" t="33" w="185" /><ent r="3" t="33" w="251" /><ent r="3" t="33" w="279" /><ent r="3" t="33" w="367" /><ent r="4" t="33" w="789" /><ent r="4" t="33" w="840" /><ent r="4" t="33" w="1423" /><ent r="3" t="34" w="104" /><ent r="3" t="34" w="290" /><ent r="3" t="34" w="341" /><ent r="3" t="35" w="164" /><ent r="3" t="37" w="18" /><ent r="3" t="37" w="420" /><ent r="3" t="38" w="29" /><ent r="3" t="38" w="37" /><ent r="3" t="38" w="74" /><ent r="3" t="38" w="81" /><ent r="3" t="38" w="88" /><ent r="3" t="38" w="105" /><ent r="3" t="38" w="404" /><ent r="3" t="39" w="20" /><ent r="5" t="42" w="61" /><ent r="5" t="42" w="113" /><ent r="3" t="42" w="280" /><ent r="3" t="42" w="382" /><ent r="5" t="42" w="429" /><ent r="6" t="44" w="290" /><ent r="6" t="47" w="435" /><ent r="3" t="47" w="631" /></phr><phr n="Probe"><ent r="102" t="3" w="14" /><ent r="100" t="3" w="137" /><ent r="4" t="3" w="140" /><ent r="64" t="3" w="362" /><ent r="1000" t="4" w="1" /><ent r="102" t="4" w="6" /><ent r="100" t="4" w="10" /><ent r="100" t="4" w="14" /><ent r="3" t="4" w="18" /><ent r="64" t="4" w="69" /><ent r="5" t="4" w="116" /><ent r="64" t="4" w="200" /><ent r="64" t="4" w="274" /><ent r="3" t="4" w="421" /><ent r="1000" t="5" w="1" /><ent r="102" t="5" w="8" /><ent r="92" t="5" w="10" /><ent r="100" t="5" w="111" /><ent r="100" t="5" w="306" /><ent r="5" t="5" w="408" /><ent r="100" t="5" w="498" /><ent r="3" t="5" w="739" /><ent r="1000" t="6" w="1" /><ent r="102" t="6" w="5" /><ent r="100" t="6" w="17" /><ent r="1000" t="7" w="1" /><ent r="100" t="7" w="15" /><ent r="102" t="7" w="21" /><ent r="100" t="7" w="25" /><ent r="3" t="7" w="50" /><ent r="4" t="7" w="105" /><ent r="64" t="7" w="194" /><ent r="100" t="8" w="3" /><ent r="102" t="8" w="6" /><ent r="100" t="8" w="9" /><ent r="3" t="8" w="31" /><ent r="3" t="8" w="93" /><ent r="3" t="8" w="101" /><ent r="3" t="8" w="337" /><ent r="7" t="8" w="601" /><ent r="1000" t="9" w="1" /><ent r="100" t="9" w="4" /><ent r="102" t="9" w="7" /><ent r="3" t="10" w="107" /><ent r="3" t="10" w="208" /><ent r="1000" t="11" w="1" /><ent r="102" t="11" w="5" /><ent r="1000" t="12" w="2" /><ent r="102" t="12" w="6" /><ent r="4" t="12" w="217" /><ent r="5" t="13" w="31" /><ent r="5" t="13" w="550" /><ent r="5" t="13" w="588" /><ent r="5" t="13" w="599" /><ent r="5" t="13" w="636" /><ent r="5" t="13" w="647" /><ent r="1000" t="14" w="4" /><ent r="102" t="14" w="10" /><ent r="65" t="14" w="46" /><ent r="65" t="14" w="50" /><ent r="65" t="14" w="54" /><ent r="92" t="14" w="73" /><ent r="92" t="14" w="420" /><ent r="66" t="14" w="552" /><ent r="92" t="14" w="774" /><ent r="64" t="14" w="1433" /><ent r="100" t="15" w="434" /><ent r="93" t="15" w="438" /><ent r="64" t="15" w="547" /><ent r="1000" t="16" w="1" /><ent r="102" t="16" w="5" /><ent r="100" t="16" w="14" /><ent r="67" t="16" w="360" /><ent r="67" t="16" w="453" /><ent r="3" t="18" w="898" /><ent r="65" t="19" w="439" /><ent r="1000" t="21" w="1" /><ent r="100" t="21" w="8" /><ent r="102" t="21" w="11" /><ent r="1000" t="22" w="1" /><ent r="100" t="22" w="4" /><ent r="102" t="22" w="7" /><ent r="64" t="25" w="857" /><ent r="64" t="25" w="1103" /><ent r="1000" t="27" w="2" /><ent r="102" t="27" w="8" /><ent r="3" t="27" w="29" /><ent r="3" t="27" w="155" /><ent r="3" t="27" w="233" /><ent r="3" t="27" w="542" /><ent r="3" t="27" w="703" /><ent r="3" t="27" w="826" /><ent r="3" t="27" w="936" /><ent r="3" t="27" w="1118" /><ent r="3" t="27" w="1264" /><ent r="3" t="27" w="1632" /><ent r="1000" t="30" w="1" /><ent r="100" t="30" w="14" /><ent r="102" t="30" w="19" /><ent r="3" t="30" w="33" /><ent r="64" t="30" w="79" /><ent r="1000" t="31" w="1" /><ent r="100" t="31" w="55" /><ent r="100" t="31" w="59" /><ent r="100" t="31" w="63" /><ent r="102" t="31" w="68" /><ent r="3" t="31" w="89" /><ent r="100" t="31" w="864" /><ent r="92" t="31" w="868" /><ent r="100" t="31" w="1788" /><ent r="1000" t="32" w="3" /><ent r="100" t="32" w="9" /><ent r="100" t="32" w="14" /><ent r="102" t="32" w="66" /><ent r="100" t="32" w="132" /><ent r="3" t="32" w="170" /><ent r="100" t="33" w="106" /><ent r="100" t="33" w="110" /><ent r="64" t="33" w="309" /><ent r="100" t="33" w="645" /><ent r="92" t="33" w="652" /><ent r="4" t="33" w="750" /><ent r="100" t="33" w="759" /><ent r="92" t="33" w="765" /><ent r="64" t="33" w="783" /><ent r="65" t="33" w="799" /><ent r="100" t="33" w="814" /><ent r="64" t="33" w="1454" /><ent r="3" t="34" w="434" /><ent r="3" t="34" w="688" /><ent r="1000" t="35" w="3" /><ent r="102" t="35" w="8" /><ent r="3" t="35" w="205" /><ent r="3" t="36" w="322" /><ent r="3" t="36" w="425" /><ent r="100" t="37" w="294" /><ent r="4" t="37" w="306" /><ent r="100" t="38" w="5" /><ent r="92" t="38" w="207" /><ent r="100" t="38" w="235" /><ent r="4" t="38" w="239" /><ent r="4" t="38" w="249" /><ent r="5" t="38" w="280" /><ent r="4" t="38" w="291" /><ent r="100" t="38" w="321" /><ent r="5" t="38" w="332" /><ent r="4" t="38" w="336" /><ent r="4" t="38" w="350" /><ent r="100" t="42" w="147" /><ent r="92" t="42" w="152" /><ent r="7" t="55" w="972" /></phr><phr n="probe"><ent r="4" t="3" w="101" /><ent r="3" t="3" w="125" /><ent r="4" t="3" w="177" /><ent r="3" t="3" w="297" /><ent r="3" t="3" w="459" /><ent r="64" t="4" w="60" /><ent r="3" t="4" w="74" /><ent r="3" t="4" w="101" /><ent r="3" t="4" w="106" /><ent r="3" t="4" w="140" /><ent r="3" t="4" w="153" /><ent r="3" t="4" w="164" /><ent r="3" t="4" w="192" /><ent r="3" t="4" w="211" /><ent r="3" t="4" w="223" /><ent r="3" t="4" w="233" /><ent r="3" t="4" w="287" /><ent r="3" t="4" w="304" /><ent r="3" t="4" w="397" /><ent r="3" t="5" w="22" /><ent r="3" t="5" w="30" /><ent r="6" t="5" w="102" /><ent r="6" t="5" w="108" /><ent r="6" t="5" w="229" /><ent r="6" t="5" w="249" /><ent r="6" t="5" w="291" /><ent r="6" t="5" w="313" /><ent r="6" t="5" w="318" /><ent r="6" t="5" w="344" /><ent r="6" t="5" w="351" /><ent r="6" t="5" w="367" /><ent r="5" t="5" w="375" /><ent r="5" t="5" w="380" /><ent r="5" t="5" w="420" /><ent r="5" t="5" w="435" /><ent r="5" t="5" w="488" /><ent r="6" t="5" w="509" /><ent r="6" t="5" w="530" /><ent r="5" t="5" w="563" /><ent r="5" t="5" w="585" /><ent r="3" t="5" w="723" /><ent r="3" t="5" w="732" /><ent r="3" t="5" w="773" /><ent r="4" t="5" w="795" /><ent r="6" t="5" w="875" /><ent r="6" t="5" w="914" /><ent r="3" t="6" w="41" /><ent r="4" t="6" w="66" /><ent r="5" t="6" w="135" /><ent r="4" t="6" w="140" /><ent r="3" t="6" w="152" /><ent r="3" t="6" w="174" /><ent r="3" t="6" w="179" /><ent r="3" t="6" w="185" /><ent r="3" t="6" w="205" /><ent r="3" t="6" w="216" /><ent r="3" t="6" w="230" /><ent r="3" t="7" w="34" /><ent r="3" t="7" w="47" /><ent r="3" t="7" w="151" /><ent r="3" t="7" w="239" /><ent r="3" t="8" w="14" /><ent r="3" t="9" w="15" /><ent r="3" t="9" w="32" /><ent r="3" t="9" w="90" /><ent r="3" t="10" w="38" /><ent r="3" t="10" w="103" /><ent r="3" t="10" w="267" /><ent r="3" t="10" w="337" /><ent r="3" t="11" w="17" /><ent r="3" t="11" w="30" /><ent r="3" t="11" w="38" /><ent r="3" t="11" w="95" /><ent r="100" t="12" w="19" /><ent r="3" t="12" w="124" /><ent r="4" t="12" w="175" /><ent r="3" t="13" w="24" /><ent r="5" t="13" w="36" /><ent r="3" t="14" w="89" /><ent r="5" t="14" w="185" /><ent r="3" t="14" w="286" /><ent r="3" t="14" w="430" /><ent r="3" t="14" w="784" /><ent r="5" t="14" w="904" /><ent r="5" t="14" w="991" /><ent r="4" t="14" w="1914" /><ent r="3" t="14" w="1932" /><ent r="3" t="14" w="1941" /><ent r="3" t="14" w="2045" /><ent r="3" t="15" w="121" /><ent r="5" t="15" w="132" /><ent r="4" t="15" w="138" /><ent r="4" t="15" w="164" /><ent r="4" t="15" w="180" /><ent r="4" t="15" w="184" /><ent r="4" t="15" w="197" /><ent r="4" t="15" w="216" /><ent r="3" t="15" w="263" /><ent r="3" t="15" w="279" /><ent r="3" t="15" w="291" /><ent r="3" t="15" w="322" /><ent r="4" t="15" w="477" /><ent r="4" t="15" w="897" /><ent r="4" t="16" w="77" /><ent r="4" t="16" w="160" /><ent r="4" t="16" w="189" /><ent r="4" t="16" w="297" /><ent r="6" t="16" w="416" /><ent r="3" t="16" w="1179" /><ent r="3" t="16" w="1249" /><ent r="3" t="16" w="1375" /><ent r="3" t="16" w="1597" /><ent r="3" t="16" w="1779" /><ent r="3" t="16" w="1795" /><ent r="3" t="16" w="1841" /><ent r="3" t="17" w="27" /><ent r="3" t="17" w="56" /><ent r="3" t="17" w="70" /><ent r="3" t="18" w="68" /><ent r="3" t="18" w="750" /><ent r="3" t="19" w="1057" /><ent r="92" t="19" w="1123" /><ent r="3" t="19" w="1128" /><ent r="3" t="19" w="1139" /><ent r="3" t="19" w="1200" /><ent r="3" t="19" w="1282" /><ent r="3" t="21" w="2645" /><ent r="3" t="21" w="2668" /><ent r="4" t="22" w="201" /><ent r="4" t="22" w="314" /><ent r="3" t="23" w="542" /><ent r="4" t="23" w="732" /><ent r="3" t="23" w="882" /><ent r="3" t="23" w="891" /><ent r="3" t="23" w="1460" /><ent r="3" t="23" w="1490" /><ent r="3" t="24" w="178" /><ent r="3" t="24" w="433" /><ent r="4" t="24" w="505" /><ent r="3" t="24" w="586" /><ent r="3" t="24" w="783" /><ent r="3" t="25" w="162" /><ent r="3" t="25" w="171" /><ent r="3" t="25" w="357" /><ent r="3" t="25" w="386" /><ent r="3" t="25" w="509" /><ent r="3" t="25" w="1335" /><ent r="3" t="25" w="1460" /><ent r="3" t="25" w="1481" /><ent r="3" t="27" w="23" /><ent r="3" t="27" w="85" /><ent r="3" t="27" w="93" /><ent r="3" t="27" w="105" /><ent r="3" t="27" w="126" /><ent r="3" t="27" w="158" /><ent r="3" t="27" w="241" /><ent r="3" t="27" w="278" /><ent r="3" t="27" w="289" /><ent r="3" t="27" w="415" /><ent r="3" t="27" w="568" /><ent r="3" t="27" w="1124" /><ent r="3" t="28" w="345" /><ent r="3" t="29" w="53" /><ent r="3" t="29" w="87" /><ent r="3" t="29" w="108" /><ent r="3" t="29" w="136" /><ent r="3" t="30" w="192" /><ent r="3" t="30" w="223" /><ent r="4" t="30" w="1263" /><ent r="5" t="30" w="1548" /><ent r="4" t="30" w="1852" /><ent r="3" t="30" w="1935" /><ent r="3" t="30" w="1942" /><ent r="3" t="31" w="98" /><ent r="4" t="31" w="313" /><ent r="4" t="31" w="342" /><ent r="4" t="31" w="700" /><ent r="4" t="31" w="855" /><ent r="3" t="31" w="953" /><ent r="3" t="31" w="1070" /><ent r="3" t="31" w="1136" /><ent r="3" t="31" w="1597" /><ent r="4" t="31" w="1814" /><ent r="3" t="31" w="2502" /><ent r="3" t="31" w="3207" /><ent r="3" t="31" w="3270" /><ent r="3" t="31" w="3337" /><ent r="100" t="32" w="40" /><ent r="100" t="32" w="44" /><ent r="100" t="32" w="58" /><ent r="3" t="32" w="75" /><ent r="3" t="32" w="135" /><ent r="3" t="32" w="183" /><ent r="3" t="32" w="216" /><ent r="3" t="33" w="58" /><ent r="3" t="33" w="113" /><ent r="3" t="33" w="319" /><ent r="3" t="33" w="330" /><ent r="3" t="33" w="341" /><ent r="3" t="33" w="351" /><ent r="3" t="33" w="365" /><ent r="4" t="33" w="483" /><ent r="3" t="33" w="604" /><ent r="4" t="33" w="661" /><ent r="4" t="33" w="735" /><ent r="4" t="33" w="746" /><ent r="3" t="33" w="772" /><ent r="4" t="33" w="861" /><ent r="4" t="33" w="869" /><ent r="4" t="33" w="881" /><ent r="4" t="33" w="918" /><ent r="4" t="33" w="943" /><ent r="6" t="33" w="983" /><ent r="4" t="33" w="1376" /><ent r="3" t="33" w="1464" /><ent r="3" t="34" w="18" /><ent r="3" t="34" w="40" /><ent r="3" t="34" w="49" /><ent r="3" t="34" w="55" /><ent r="3" t="34" w="85" /><ent r="3" t="34" w="114" /><ent r="3" t="34" w="127" /><ent r="3" t="34" w="177" /><ent r="3" t="34" w="182" /><ent r="3" t="34" w="219" /><ent r="3" t="34" w="396" /><ent r="3" t="34" w="437" /><ent r="3" t="34" w="453" /><ent r="3" t="34" w="471" /><ent r="3" t="34" w="650" /><ent r="3" t="34" w="691" /><ent r="3" t="34" w="707" /><ent r="3" t="34" w="725" /><ent r="3" t="35" w="21" /><ent r="3" t="35" w="107" /><ent r="3" t="35" w="128" /><ent r="3" t="36" w="26" /><ent r="4" t="36" w="187" /><ent r="3" t="36" w="302" /><ent r="3" t="36" w="397" /><ent r="3" t="36" w="431" /><ent r="3" t="37" w="84" /><ent r="3" t="37" w="181" /><ent r="3" t="37" w="192" /><ent r="3" t="37" w="747" /><ent r="3" t="37" w="752" /><ent r="5" t="37" w="763" /><ent r="5" t="37" w="774" /><ent r="5" t="37" w="794" /><ent r="5" t="37" w="811" /><ent r="5" t="37" w="851" /><ent r="5" t="37" w="860" /><ent r="5" t="37" w="868" /><ent r="3" t="38" w="122" /><ent r="3" t="38" w="147" /><ent r="3" t="38" w="155" /><ent r="3" t="38" w="169" /><ent r="3" t="38" w="183" /><ent r="3" t="38" w="218" /><ent r="5" t="38" w="227" /><ent r="4" t="38" w="258" /><ent r="4" t="38" w="262" /><ent r="4" t="38" w="343" /><ent r="4" t="38" w="355" /><ent r="4" t="38" w="377" /><ent r="3" t="38" w="408" /><ent r="3" t="38" w="428" /><ent r="3" t="38" w="436" /><ent r="3" t="39" w="46" /><ent r="4" t="39" w="110" /><ent r="3" t="39" w="132" /><ent r="93" t="39" w="276" /><ent r="93" t="39" w="443" /><ent r="3" t="42" w="47" /><ent r="5" t="42" w="229" /></phr><phr n="probed"><ent r="3" t="4" w="272" /><ent r="4" t="42" w="460" /></phr></stem></index>