﻿<?xml version="1.0" encoding="utf-8"?><index><stem n="immedi"><phr n="immediately"><ent r="5" t="14" w="1005" /><ent r="3" t="21" w="1245" /><ent r="3" t="23" w="55" /><ent r="3" t="23" w="1413" /><ent r="3" t="24" w="704" /><ent r="3" t="30" w="1716" /><ent r="4" t="31" w="537" /><ent r="3" t="31" w="1606" /><ent r="3" t="31" w="1651" /><ent r="3" t="31" w="3951" /><ent r="3" t="44" w="389" /></phr></stem><stem n="{_length:str}"><phr n="{_length:str}"><ent r="5" t="14" w="1013" /></phr></stem><stem n="float"><phr n="float"><ent r="5" t="14" w="1024" /></phr><phr n="floating"><ent r="5" t="14" w="1033" /><ent r="6" t="16" w="614" /><ent r="6" t="16" w="629" /><ent r="4" t="21" w="128" /><ent r="4" t="21" w="1107" /><ent r="4" t="21" w="1117" /><ent r="4" t="21" w="1127" /><ent r="3" t="21" w="1342" /></phr><phr n="Floating"><ent r="72" t="21" w="1337" /></phr></stem><stem n="num"><phr n="num"><ent r="5" t="14" w="1025" /><ent r="100" t="31" w="365" /><ent r="65" t="31" w="369" /><ent r="83" t="31" w="2429" /><ent r="3" t="40" w="90" /><ent r="5" t="40" w="171" /></phr><phr n="Num"><ent r="100" t="30" w="125" /><ent r="100" t="40" w="67" /></phr></stem><stem n="{_float:num}"><phr n="{_float:num}"><ent r="5" t="14" w="1026" /></phr></stem><stem n="pretti"><phr n="pretty"><ent r="5" t="14" w="1029" /><ent r="3" t="38" w="410" /></phr></stem><stem n="pretty-print"><phr n="pretty-printed"><ent r="5" t="14" w="1029" /></phr></stem><stem n="&quot;pretty-printed&quot;"><phr n="&quot;pretty-printed&quot;"><ent r="5" t="14" w="1031" /></phr></stem><stem n="printf"><phr n="printf"><ent r="5" t="14" w="1037" /><ent r="4" t="16" w="1452" /><ent r="3" t="47" w="504" /></phr></stem><stem n="%g."><phr n="%g."><ent r="5" t="14" w="1039" /></phr></stem><stem n="hmac"><phr n="hmac"><ent r="5" t="14" w="1041" /></phr><phr n="HMAC"><ent r="5" t="14" w="1046" /></phr></stem><stem n="kei"><phr n="key"><ent r="5" t="14" w="1042" /><ent r="5" t="14" w="1054" /></phr><phr n="KEY"><ent r="3" t="41" w="225" /></phr></stem><stem n="msg"><phr n="msg"><ent r="5" t="14" w="1043" /></phr></stem><stem n="{_hmac:key:msg}"><phr n="{_hmac:key:msg}"><ent r="5" t="14" w="1044" /></phr></stem><stem n="-md5"><phr n="-MD5"><ent r="5" t="14" w="1046" /><ent r="5" t="14" w="1046" /></phr></stem><stem n="hmac-md5"><phr n="HMAC-MD5"><ent r="5" t="14" w="1046" /></phr></stem><stem n="xor"><phr n="xor"><ent r="5" t="14" w="1057" /></phr></stem><stem n="{_xor}"><phr n="{_xor}"><ent r="5" t="14" w="1058" /></phr></stem><stem n="urlencod"><phr n="urlencode"><ent r="5" t="14" w="1061" /><ent r="3" t="46" w="227" /></phr></stem><stem n="{_urlencode:str}"><phr n="{_urlencode:str}"><ent r="5" t="14" w="1063" /></phr></stem><stem n="platform"><phr n="platform"><ent r="3" t="14" w="1177" /><ent r="4" t="21" w="2316" /><ent r="4" t="36" w="152" /><ent r="3" t="41" w="714" /><ent r="3" t="47" w="122" /></phr><phr n="platforms"><ent r="3" t="21" w="1513" /><ent r="4" t="47" w="38" /><ent r="4" t="47" w="45" /></phr></stem><stem n="platform-friendli"><phr n="platform-friendly"><ent r="3" t="14" w="1177" /></phr></stem><stem n="friendli"><phr n="friendly"><ent r="3" t="14" w="1178" /></phr></stem><stem n="-friendly."><phr n="-friendly."><ent r="3" t="14" w="1179" /><ent r="3" t="14" w="1179" /></phr></stem><stem n="{message}"><phr n="{message}"><ent r="5" t="14" w="1188" /></phr></stem><stem n="notifier'"><phr n="notifier's"><ent r="5" t="14" w="1191" /><ent r="5" t="14" w="1190" /><ent r="5" t="14" w="1209" /><ent r="5" t="14" w="1208" /><ent r="5" t="14" w="1231" /><ent r="5" t="14" w="1230" /></phr></stem><stem n="(on"><phr n="(On"><ent r="5" t="14" w="1194" /></phr></stem><stem n="-quot"><phr n="-quote"><ent r="5" t="14" w="1197" /><ent r="5" t="14" w="1197" /></phr><phr n="-quotes"><ent r="4" t="17" w="336" /><ent r="4" t="17" w="336" /><ent r="4" t="21" w="245" /><ent r="4" t="21" w="245" /><ent r="4" t="51" w="118" /><ent r="4" t="51" w="118" /><ent r="4" t="51" w="293" /><ent r="4" t="51" w="293" /></phr><phr n="-quoted"><ent r="4" t="21" w="254" /><ent r="4" t="21" w="254" /></phr></stem><stem n="escap"><phr n="escaped"><ent r="5" t="14" w="1200" /><ent r="5" t="14" w="1226" /><ent r="5" t="14" w="1234" /><ent r="3" t="55" w="1405" /></phr><phr n="escape"><ent r="3" t="30" w="460" /></phr></stem><stem n="\&quot;.)"><phr n="\&quot;.)"><ent r="5" t="14" w="1202" /></phr></stem><stem n="strip"><phr n="stripped"><ent r="5" t="14" w="1204" /><ent r="3" t="36" w="96" /></phr><phr n="strip"><ent r="4" t="16" w="920" /><ent r="3" t="16" w="1327" /><ent r="3" t="16" w="1396" /><ent r="4" t="51" w="630" /></phr></stem><stem n="stripped_messag"><phr n="stripped_message"><ent r="5" t="14" w="1205" /><ent r="5" t="14" w="1204" /></phr></stem><stem n="{stripped_message}"><phr n="{stripped_message}"><ent r="5" t="14" w="1206" /></phr></stem><stem n="('"><phr n="('"><ent r="5" t="14" w="1214" /></phr></stem><stem n="&quot;)"><phr n="&quot;)"><ent r="5" t="14" w="1215" /><ent r="3" t="55" w="1412" /><ent r="5" t="55" w="1538" /></phr></stem><stem n="newlin"><phr n="newlines"><ent r="5" t="14" w="1217" /></phr></stem><stem n="(\r"><phr n="(\r"><ent r="5" t="14" w="1218" /></phr></stem><stem n="r"><phr n="r"><ent r="5" t="14" w="1218" /><ent r="100" t="30" w="7" /><ent r="6" t="30" w="463" /><ent r="3" t="30" w="562" /><ent r="5" t="30" w="704" /><ent r="3" t="30" w="815" /><ent r="100" t="31" w="11" /><ent r="100" t="31" w="18" /><ent r="100" t="31" w="34" /><ent r="4" t="31" w="2734" /><ent r="3" t="31" w="3420" /><ent r="3" t="31" w="3439" /><ent r="3" t="31" w="3456" /><ent r="3" t="31" w="3471" /><ent r="3" t="31" w="3841" /><ent r="3" t="32" w="462" /><ent r="3" t="32" w="483" /><ent r="3" t="40" w="94" /><ent r="5" t="40" w="225" /><ent r="3" t="47" w="206" /><ent r="3" t="47" w="244" /><ent r="3" t="47" w="483" /><ent r="3" t="47" w="492" /><ent r="3" t="47" w="507" /><ent r="3" t="47" w="561" /><ent r="3" t="47" w="583" /></phr></stem><stem n="\n)"><phr n="\n)"><ent r="5" t="14" w="1221" /></phr></stem><stem n="escaped_message$"><phr n="escaped_message$"><ent r="5" t="14" w="1227" /><ent r="5" t="14" w="1226" /></phr></stem><stem n="message$"><phr n="message$"><ent r="5" t="14" w="1227" /></phr></stem><stem n="{escaped_message$}"><phr n="{escaped_message$}"><ent r="5" t="14" w="1228" /></phr></stem><stem n="(e.g."><phr n="(e.g."><ent r="5" t="14" w="1240" /><ent r="4" t="21" w="576" /><ent r="4" t="21" w="1664" /><ent r="4" t="30" w="320" /><ent r="5" t="30" w="1476" /></phr></stem><stem n="%20"><phr n="%20"><ent r="5" t="14" w="1240" /><ent r="4" t="55" w="1418" /></phr></stem><stem n="20"><phr n="20"><ent r="5" t="14" w="1240" /><ent r="3" t="14" w="1589" /><ent r="3" t="14" w="1595" /><ent r="3" t="14" w="1603" /><ent r="3" t="14" w="1856" /><ent r="3" t="19" w="1361" /><ent r="3" t="21" w="1841" /><ent r="3" t="21" w="1847" /><ent r="3" t="21" w="1861" /><ent r="3" t="21" w="1867" /><ent r="3" t="21" w="1874" /><ent r="3" t="21" w="1883" /><ent r="3" t="21" w="1889" /><ent r="3" t="21" w="1903" /><ent r="3" t="21" w="1909" /><ent r="3" t="21" w="1916" /><ent r="3" t="21" w="1925" /><ent r="3" t="21" w="1931" /><ent r="3" t="21" w="1938" /><ent r="3" t="21" w="1947" /><ent r="3" t="21" w="1953" /><ent r="3" t="21" w="1958" /><ent r="3" t="26" w="66" /><ent r="3" t="26" w="99" /><ent r="4" t="26" w="167" /><ent r="3" t="31" w="3449" /><ent r="3" t="31" w="3559" /><ent r="3" t="37" w="644" /><ent r="3" t="37" w="674" /><ent r="3" t="40" w="475" /><ent r="3" t="40" w="508" /><ent r="5" t="55" w="1122" /><ent r="4" t="55" w="1418" /></phr></stem><stem n="urlescap"><phr n="urlescape"><ent r="5" t="14" w="1246" /><ent r="5" t="14" w="1250" /></phr></stem><stem n="{urlescape:str}"><phr n="{urlescape:str}"><ent r="5" t="14" w="1248" /></phr></stem><stem n="{chartable}"><phr n="{chartable}"><ent r="92" t="14" w="1257" /><ent r="3" t="14" w="1263" /><ent r="3" t="14" w="1717" /></phr></stem><stem n="723"><phr n="723"><ent r="3" t="14" w="1296" /></phr></stem><stem n="&quot;723&quot;,"><phr n="&quot;723&quot;,"><ent r="3" t="14" w="1297" /></phr></stem><stem n="72"><phr n="72"><ent r="3" t="14" w="1301" /><ent r="3" t="14" w="1339" /><ent r="3" t="21" w="1447" /><ent r="3" t="21" w="1451" /><ent r="3" t="37" w="651" /><ent r="3" t="40" w="924" /></phr></stem><stem n="degre"><phr n="degrees"><ent r="3" t="14" w="1302" /></phr></stem><stem n="fahrenheit"><phr n="Fahrenheit"><ent r="3" t="14" w="1303" /></phr></stem><stem n="chart"><phr n="charting"><ent r="3" t="14" w="1310" /></phr><phr n="Chart"><ent r="4" t="15" w="535" /><ent r="100" t="16" w="101" /><ent r="3" t="16" w="133" /><ent r="5" t="16" w="901" /><ent r="4" t="16" w="926" /><ent r="4" t="44" w="73" /><ent r="100" t="51" w="621" /><ent r="100" t="58" w="65" /><ent r="100" t="58" w="84" /></phr><phr n="CHART"><ent r="3" t="15" w="567" /><ent r="100" t="16" w="93" /><ent r="3" t="16" w="977" /></phr><phr n="charted"><ent r="6" t="16" w="832" /><ent r="4" t="25" w="1144" /><ent r="4" t="42" w="89" /><ent r="4" t="42" w="141" /></phr><phr n="charts"><ent r="4" t="16" w="921" /><ent r="6" t="55" w="488" /><ent r="6" t="55" w="547" /><ent r="6" t="55" w="561" /><ent r="5" t="55" w="623" /><ent r="3" t="58" w="18" /><ent r="4" t="58" w="62" /></phr><phr n="chart"><ent r="3" t="16" w="1328" /><ent r="3" t="16" w="1337" /><ent r="3" t="16" w="1397" /><ent r="5" t="51" w="624" /><ent r="4" t="51" w="631" /><ent r="6" t="55" w="522" /><ent r="6" t="55" w="530" /><ent r="6" t="55" w="577" /><ent r="6" t="55" w="590" /><ent r="5" t="55" w="1551" /><ent r="5" t="55" w="1811" /><ent r="5" t="55" w="1822" /><ent r="5" t="55" w="1843" /><ent r="5" t="55" w="1870" /><ent r="5" t="55" w="1890" /><ent r="5" t="55" w="1901" /><ent r="5" t="55" w="1937" /><ent r="5" t="55" w="1958" /><ent r="3" t="58" w="32" /><ent r="4" t="58" w="55" /><ent r="5" t="58" w="70" /><ent r="5" t="58" w="89" /></phr><phr n="Charts"><ent r="1000" t="58" w="4" /><ent r="100" t="58" w="7" /><ent r="102" t="58" w="12" /></phr></stem><stem n="\4\temperatur"><phr n="\4\Temperature"><ent r="3" t="14" w="1328" /></phr></stem><stem n="f"><phr n="F"><ent r="3" t="14" w="1329" /><ent r="3" t="21" w="1325" /><ent r="3" t="47" w="720" /><ent r="3" t="47" w="724" /><ent r="3" t="47" w="773" /><ent r="3" t="47" w="777" /></phr><phr n="f"><ent r="4" t="21" w="1102" /><ent r="3" t="21" w="1361" /><ent r="3" t="21" w="1377" /><ent r="6" t="30" w="489" /></phr></stem><stem n="(f):\0\"><phr n="(F):\0\"><ent r="3" t="14" w="1331" /></phr></stem><stem n="{chartable:"><phr n="{chartable:"><ent r="3" t="14" w="1333" /><ent r="83" t="16" w="1362" /><ent r="4" t="16" w="1381" /><ent r="3" t="16" w="1491" /><ent r="3" t="16" w="1500" /><ent r="3" t="16" w="1509" /><ent r="3" t="16" w="1521" /><ent r="3" t="16" w="1532" /><ent r="3" t="16" w="1548" /><ent r="3" t="16" w="1558" /><ent r="3" t="16" w="1570" /></phr></stem><stem n="##.#:"><phr n="##.#:"><ent r="3" t="14" w="1333" /></phr></stem><stem n="temp"><phr n="temp"><ent r="3" t="14" w="1334" /></phr><phr n="TEMP"><ent r="3" t="19" w="68" /><ent r="3" t="19" w="77" /><ent r="4" t="19" w="427" /><ent r="3" t="20" w="189" /><ent r="3" t="20" w="199" /></phr></stem><stem n="{temp}}"><phr n="{temp}}"><ent r="3" t="14" w="1335" /></phr></stem><stem n="72.3"><phr n="72.3"><ent r="3" t="14" w="1340" /><ent r="3" t="14" w="1339" /></phr></stem><stem n="{eval}"><phr n="{eval}"><ent r="92" t="14" w="1347" /><ent r="4" t="14" w="1354" /><ent r="3" t="14" w="1413" /><ent r="4" t="16" w="1677" /></phr></stem><stem n="{eval:[expr]}"><phr n="{eval:[expr]}"><ent r="3" t="14" w="1421" /></phr></stem><stem n="arithmet"><phr n="arithmetic"><ent r="3" t="14" w="1442" /><ent r="3" t="16" w="1099" /><ent r="4" t="21" w="92" /></phr><phr n="Arithmetic"><ent r="3" t="14" w="1488" /><ent r="4" t="19" w="185" /></phr></stem><stem n="bitwis"><phr n="bitwise"><ent r="3" t="14" w="1457" /><ent r="100" t="21" w="201" /><ent r="4" t="21" w="210" /></phr><phr n="Bitwise"><ent r="100" t="21" w="178" /><ent r="100" t="21" w="203" /><ent r="4" t="21" w="470" /><ent r="4" t="21" w="482" /><ent r="4" t="21" w="522" /></phr></stem><stem n="round"><phr n="rounding"><ent r="3" t="14" w="1458" /><ent r="4" t="21" w="212" /></phr><phr n="rounded"><ent r="3" t="16" w="1270" /></phr><phr n="round"><ent r="3" t="21" w="49" /><ent r="65" t="21" w="410" /><ent r="4" t="21" w="413" /><ent r="82" t="21" w="899" /><ent r="3" t="21" w="902" /><ent r="3" t="21" w="910" /><ent r="3" t="21" w="941" /><ent r="3" t="21" w="946" /><ent r="3" t="25" w="271" /><ent r="4" t="30" w="752" /><ent r="3" t="42" w="377" /><ent r="4" t="42" w="479" /></phr><phr n="Round"><ent r="4" t="21" w="416" /><ent r="4" t="33" w="621" /><ent r="3" t="33" w="634" /></phr><phr n="Rounds"><ent r="3" t="21" w="915" /></phr></stem><stem n="mathemat"><phr n="mathematical"><ent r="3" t="14" w="1460" /><ent r="4" t="21" w="216" /></phr></stem><stem n="sprintf"><phr n="sprintf"><ent r="3" t="14" w="1470" /><ent r="65" t="16" w="1460" /><ent r="65" t="21" w="714" /><ent r="82" t="21" w="994" /><ent r="3" t="21" w="997" /><ent r="3" t="21" w="1201" /><ent r="3" t="21" w="1208" /><ent r="3" t="21" w="1249" /><ent r="3" t="21" w="1257" /><ent r="3" t="21" w="1295" /><ent r="3" t="21" w="1303" /><ent r="3" t="21" w="1311" /><ent r="3" t="21" w="1319" /><ent r="3" t="21" w="1327" /><ent r="3" t="21" w="1376" /><ent r="3" t="21" w="1385" /><ent r="3" t="21" w="1395" /><ent r="3" t="21" w="1405" /><ent r="3" t="21" w="1427" /><ent r="3" t="21" w="1439" /><ent r="3" t="47" w="731" /><ent r="3" t="47" w="784" /></phr><phr n="Sprintf"><ent r="100" t="21" w="712" /></phr></stem><stem n="regular"><phr n="regular"><ent r="3" t="14" w="1473" /><ent r="3" t="18" w="283" /><ent r="4" t="21" w="239" /><ent r="3" t="21" w="2571" /><ent r="6" t="21" w="2773" /><ent r="6" t="21" w="2780" /><ent r="3" t="21" w="2923" /><ent r="3" t="23" w="75" /><ent r="4" t="23" w="1599" /><ent r="3" t="25" w="333" /><ent r="3" t="30" w="586" /><ent r="3" t="30" w="681" /><ent r="3" t="30" w="694" /><ent r="4" t="30" w="724" /><ent r="4" t="31" w="1499" /><ent r="3" t="31" w="1968" /></phr><phr n="Regular"><ent r="3" t="14" w="1606" /><ent r="65" t="21" w="284" /><ent r="4" t="21" w="821" /><ent r="65" t="21" w="831" /><ent r="92" t="21" w="2560" /><ent r="64" t="21" w="2941" /></phr></stem><stem n="{eval:${test}"><phr n="{eval:${test}"><ent r="3" t="14" w="1493" /></phr></stem><stem n=":="><phr n=":="><ent r="3" t="14" w="1493" /><ent r="3" t="14" w="1550" /><ent r="3" t="14" w="1552" /><ent r="4" t="21" w="323" /><ent r="4" t="33" w="534" /><ent r="3" t="33" w="631" /><ent r="3" t="33" w="633" /><ent r="3" t="34" w="582" /><ent r="3" t="34" w="584" /><ent r="3" t="34" w="837" /><ent r="3" t="34" w="839" /><ent r="3" t="35" w="58" /></phr></stem><stem n="4-1"><phr n="4-1"><ent r="3" t="14" w="1493" /></phr></stem><stem n="2+1"><phr n="2+1"><ent r="3" t="14" w="1495" /></phr></stem><stem n="9"><phr n="9"><ent r="3" t="14" w="1496" /><ent r="3" t="14" w="1615" /><ent r="3" t="14" w="1850" /><ent r="3" t="15" w="629" /><ent r="3" t="16" w="1017" /><ent r="3" t="16" w="1521" /><ent r="3" t="16" w="1558" /><ent r="3" t="21" w="945" /><ent r="3" t="24" w="332" /><ent r="3" t="27" w="972" /><ent r="3" t="27" w="1711" /><ent r="3" t="30" w="870" /><ent r="3" t="30" w="891" /><ent r="3" t="30" w="907" /><ent r="3" t="40" w="781" /><ent r="3" t="40" w="834" /><ent r="3" t="40" w="953" /><ent r="3" t="40" w="965" /><ent r="3" t="40" w="979" /><ent r="3" t="40" w="998" /><ent r="3" t="40" w="1066" /></phr></stem><stem n="9/3"><phr n="9/3"><ent r="3" t="14" w="1497" /><ent r="3" t="14" w="1496" /></phr></stem><stem n="(4-1)*(2+1)/(9/3)}"><phr n="(4-1)*(2+1)/(9/3)}"><ent r="3" t="14" w="1498" /></phr></stem><stem n="{test}"><phr n="{test}"><ent r="3" t="14" w="1507" /><ent r="3" t="14" w="1522" /><ent r="3" t="14" w="1559" /></phr></stem><stem n="modulo"><phr n="Modulo"><ent r="3" t="14" w="1509" /><ent r="100" t="21" w="369" /><ent r="4" t="21" w="376" /></phr></stem><stem n="{eval:${test}%2}"><phr n="{eval:${test}%2}"><ent r="3" t="14" w="1515" /></phr></stem><stem n="ye"><phr n="yes"><ent r="3" t="14" w="1530" /></phr><phr n="Yes"><ent r="3" t="14" w="1531" /><ent r="3" t="14" w="1550" /><ent r="3" t="14" w="1555" /></phr></stem><stem n="{eval:${yes}:=&quot;yes&quot;}"><phr n="{eval:${yes}:=&quot;Yes&quot;}"><ent r="3" t="14" w="1532" /></phr></stem><stem n="{eval:${no}:=&quot;no&quot;}"><phr n="{eval:${no}:=&quot;No&quot;}"><ent r="3" t="14" w="1537" /></phr></stem><stem n="{eval:${test}:=5}"><phr n="{eval:${test}:=5}"><ent r="3" t="14" w="1544" /></phr></stem><stem n="{eval:"><phr n="{eval:"><ent r="3" t="14" w="1547" /><ent r="3" t="14" w="1610" /><ent r="83" t="16" w="1640" /></phr></stem><stem n="$test"><phr n="$test"><ent r="3" t="14" w="1547" /></phr></stem><stem n="==5"><phr n="==5"><ent r="3" t="14" w="1548" /></phr></stem><stem n="?"><phr n="?"><ent r="3" t="14" w="1549" /><ent r="3" t="21" w="892" /><ent r="3" t="47" w="605" /><ent r="92" t="51" w="451" /></phr></stem><stem n="($respons"><phr n="($response"><ent r="3" t="14" w="1549" /><ent r="3" t="14" w="1551" /></phr></stem><stem n="$respons"><phr n="$response"><ent r="3" t="14" w="1549" /><ent r="3" t="14" w="1551" /></phr></stem><stem n="&quot;yes&quot;)"><phr n="&quot;Yes&quot;)"><ent r="3" t="14" w="1551" /></phr></stem><stem n="&quot;no&quot;)"><phr n="&quot;No&quot;)"><ent r="3" t="14" w="1553" /></phr></stem><stem n="}"><phr n="}"><ent r="3" t="14" w="1553" /><ent r="83" t="16" w="1364" /><ent r="83" t="16" w="1641" /><ent r="3" t="16" w="1746" /><ent r="3" t="23" w="1570" /><ent r="3" t="25" w="1263" /><ent r="3" t="26" w="86" /><ent r="3" t="26" w="137" /><ent r="4" t="26" w="255" /><ent r="4" t="26" w="290" /><ent r="3" t="28" w="162" /><ent r="3" t="28" w="167" /><ent r="3" t="28" w="172" /><ent r="3" t="28" w="205" /><ent r="3" t="28" w="237" /><ent r="3" t="28" w="271" /><ent r="3" t="28" w="302" /><ent r="3" t="28" w="327" /><ent r="3" t="28" w="354" /><ent r="3" t="28" w="377" /><ent r="3" t="28" w="396" /><ent r="3" t="28" w="406" /><ent r="3" t="28" w="423" /><ent r="3" t="31" w="4137" /><ent r="3" t="32" w="474" /><ent r="3" t="32" w="581" /><ent r="3" t="33" w="634" /><ent r="3" t="35" w="62" /><ent r="5" t="42" w="250" /><ent r="6" t="55" w="1052" /><ent r="6" t="55" w="1627" /><ent r="5" t="55" w="1689" /><ent r="5" t="55" w="1695" /><ent r="5" t="55" w="1701" /><ent r="6" t="55" w="1907" /><ent r="6" t="55" w="1965" /><ent r="7" t="55" w="1988" /><ent r="4" t="56" w="247" /></phr></stem><stem n="=&quot;yes&quot;,"><phr n="=&quot;Yes&quot;,"><ent r="3" t="14" w="1556" /></phr></stem><stem n="{response}"><phr n="{response}"><ent r="3" t="14" w="1568" /><ent r="3" t="14" w="1577" /></phr></stem><stem n="subid"><phr n="subid"><ent r="3" t="14" w="1578" /><ent r="3" t="14" w="1581" /><ent r="65" t="21" w="781" /><ent r="82" t="21" w="1785" /><ent r="3" t="21" w="1788" /><ent r="3" t="21" w="1833" /><ent r="3" t="21" w="1853" /><ent r="3" t="21" w="1875" /><ent r="3" t="21" w="1895" /><ent r="3" t="21" w="1917" /><ent r="3" t="21" w="1939" /><ent r="3" t="21" w="1959" /><ent r="3" t="21" w="1966" /><ent r="3" t="21" w="1974" /><ent r="3" t="21" w="1984" /><ent r="3" t="23" w="1219" /><ent r="3" t="23" w="1231" /><ent r="3" t="24" w="85" /><ent r="4" t="24" w="249" /><ent r="4" t="24" w="262" /><ent r="3" t="24" w="1106" /><ent r="3" t="24" w="1123" /><ent r="3" t="24" w="1127" /><ent r="3" t="24" w="1138" /><ent r="3" t="24" w="1144" /></phr><phr n="subids"><ent r="3" t="23" w="1223" /><ent r="3" t="23" w="1236" /><ent r="3" t="24" w="112" /></phr></stem><stem n="():"><phr n="():"><ent r="3" t="14" w="1579" /></phr></stem><stem n="1.3"><phr n="1.3"><ent r="3" t="14" w="1583" /><ent r="3" t="14" w="1582" /><ent r="3" t="15" w="577" /><ent r="3" t="15" w="576" /><ent r="3" t="15" w="594" /><ent r="3" t="15" w="593" /><ent r="3" t="15" w="623" /><ent r="3" t="15" w="622" /><ent r="3" t="15" w="642" /><ent r="3" t="15" w="641" /><ent r="3" t="16" w="981" /><ent r="3" t="16" w="980" /><ent r="3" t="16" w="995" /><ent r="3" t="16" w="994" /><ent r="3" t="16" w="1011" /><ent r="3" t="16" w="1010" /><ent r="3" t="16" w="1027" /><ent r="3" t="16" w="1026" /><ent r="3" t="16" w="1722" /><ent r="3" t="16" w="1721" /><ent r="3" t="19" w="1174" /><ent r="3" t="19" w="1173" /><ent r="3" t="19" w="1183" /><ent r="3" t="19" w="1182" /><ent r="3" t="19" w="1317" /><ent r="3" t="19" w="1316" /><ent r="3" t="19" w="1334" /><ent r="3" t="19" w="1333" /><ent r="3" t="19" w="1351" /><ent r="3" t="19" w="1350" /><ent r="3" t="21" w="1835" /><ent r="3" t="21" w="1834" /><ent r="3" t="21" w="1852" /><ent r="3" t="21" w="1851" /><ent r="3" t="21" w="1855" /><ent r="3" t="21" w="1854" /><ent r="3" t="21" w="1877" /><ent r="3" t="21" w="1876" /><ent r="3" t="21" w="1894" /><ent r="3" t="21" w="1893" /><ent r="3" t="21" w="1897" /><ent r="3" t="21" w="1896" /><ent r="3" t="21" w="1919" /><ent r="3" t="21" w="1918" /><ent r="3" t="21" w="1941" /><ent r="3" t="21" w="1940" /><ent r="3" t="21" w="1961" /><ent r="3" t="21" w="1960" /><ent r="3" t="21" w="1968" /><ent r="3" t="21" w="1967" /><ent r="3" t="21" w="1976" /><ent r="3" t="21" w="1975" /><ent r="3" t="21" w="1982" /><ent r="3" t="21" w="1981" /><ent r="3" t="21" w="1986" /><ent r="3" t="21" w="1985" /><ent r="4" t="21" w="2672" /><ent r="4" t="21" w="2671" /><ent r="4" t="21" w="2725" /><ent r="4" t="21" w="2724" /><ent r="3" t="23" w="490" /><ent r="3" t="23" w="489" /><ent r="3" t="23" w="516" /><ent r="3" t="23" w="515" /><ent r="3" t="24" w="94" /><ent r="3" t="24" w="93" /><ent r="3" t="24" w="105" /><ent r="3" t="24" w="104" /><ent r="3" t="24" w="115" /><ent r="3" t="24" w="114" /><ent r="3" t="24" w="122" /><ent r="3" t="24" w="121" /><ent r="3" t="24" w="192" /><ent r="3" t="24" w="191" /><ent r="3" t="24" w="903" /><ent r="3" t="24" w="902" /><ent r="3" t="25" w="878" /><ent r="3" t="25" w="877" /><ent r="3" t="25" w="912" /><ent r="3" t="25" w="911" /><ent r="3" t="26" w="76" /><ent r="3" t="26" w="75" /><ent r="3" t="26" w="109" /><ent r="3" t="26" w="108" /><ent r="3" t="26" w="118" /><ent r="3" t="26" w="117" /><ent r="3" t="26" w="128" /><ent r="3" t="26" w="127" /><ent r="4" t="26" w="212" /><ent r="4" t="26" w="211" /><ent r="4" t="26" w="271" /><ent r="4" t="26" w="270" /><ent r="4" t="26" w="281" /><ent r="4" t="26" w="280" /><ent r="3" t="27" w="440" /><ent r="3" t="27" w="439" /><ent r="3" t="27" w="454" /><ent r="3" t="27" w="453" /><ent r="3" t="27" w="471" /><ent r="3" t="27" w="470" /><ent r="3" t="27" w="484" /><ent r="3" t="27" w="483" /><ent r="3" t="27" w="498" /><ent r="3" t="27" w="497" /><ent r="3" t="27" w="513" /><ent r="3" t="27" w="512" /><ent r="3" t="27" w="529" /><ent r="3" t="27" w="528" /><ent r="3" t="27" w="594" /><ent r="3" t="27" w="593" /><ent r="3" t="27" w="601" /><ent r="3" t="27" w="600" /><ent r="3" t="27" w="615" /><ent r="3" t="27" w="614" /><ent r="3" t="27" w="632" /><ent r="3" t="27" w="631" /><ent r="3" t="27" w="645" /><ent r="3" t="27" w="644" /><ent r="3" t="27" w="659" /><ent r="3" t="27" w="658" /><ent r="3" t="27" w="674" /><ent r="3" t="27" w="673" /><ent r="3" t="27" w="690" /><ent r="3" t="27" w="689" /><ent r="3" t="27" w="724" /><ent r="3" t="27" w="723" /><ent r="3" t="27" w="738" /><ent r="3" t="27" w="737" /><ent r="3" t="27" w="755" /><ent r="3" t="27" w="754" /><ent r="3" t="27" w="768" /><ent r="3" t="27" w="767" /><ent r="3" t="27" w="782" /><ent r="3" t="27" w="781" /><ent r="3" t="27" w="797" /><ent r="3" t="27" w="796" /><ent r="3" t="27" w="813" /><ent r="3" t="27" w="812" /><ent r="3" t="27" w="834" /><ent r="3" t="27" w="833" /><ent r="3" t="27" w="848" /><ent r="3" t="27" w="847" /><ent r="3" t="27" w="865" /><ent r="3" t="27" w="864" /><ent r="3" t="27" w="878" /><ent r="3" t="27" w="877" /><ent r="3" t="27" w="892" /><ent r="3" t="27" w="891" /><ent r="3" t="27" w="907" /><ent r="3" t="27" w="906" /><ent r="3" t="27" w="923" /><ent r="3" t="27" w="922" /><ent r="3" t="27" w="938" /><ent r="3" t="27" w="937" /><ent r="3" t="27" w="951" /><ent r="3" t="27" w="950" /><ent r="3" t="27" w="964" /><ent r="3" t="27" w="963" /><ent r="3" t="27" w="977" /><ent r="3" t="27" w="976" /><ent r="3" t="27" w="990" /><ent r="3" t="27" w="989" /><ent r="3" t="27" w="1003" /><ent r="3" t="27" w="1002" /><ent r="3" t="27" w="1023" /><ent r="3" t="27" w="1022" /><ent r="3" t="27" w="1030" /><ent r="3" t="27" w="1029" /><ent r="3" t="27" w="1047" /><ent r="3" t="27" w="1046" /><ent r="3" t="27" w="1060" /><ent r="3" t="27" w="1059" /><ent r="3" t="27" w="1074" /><ent r="3" t="27" w="1073" /><ent r="3" t="27" w="1089" /><ent r="3" t="27" w="1088" /><ent r="3" t="27" w="1105" /><ent r="3" t="27" w="1104" /><ent r="3" t="27" w="1177" /><ent r="3" t="27" w="1176" /><ent r="3" t="27" w="1191" /><ent r="3" t="27" w="1190" /><ent r="3" t="27" w="1205" /><ent r="3" t="27" w="1204" /><ent r="3" t="27" w="1222" /><ent r="3" t="27" w="1221" /><ent r="3" t="27" w="1237" /><ent r="3" t="27" w="1236" /><ent r="3" t="27" w="1253" /><ent r="3" t="27" w="1252" /><ent r="3" t="39" w="348" /><ent r="3" t="39" w="347" /><ent r="3" t="39" w="359" /><ent r="3" t="39" w="358" /><ent r="3" t="39" w="370" /><ent r="3" t="39" w="369" /><ent r="3" t="39" w="381" /><ent r="3" t="39" w="380" /><ent r="3" t="39" w="501" /><ent r="3" t="39" w="500" /><ent r="3" t="39" w="513" /><ent r="3" t="39" w="512" /><ent r="3" t="39" w="544" /><ent r="3" t="39" w="543" /><ent r="3" t="40" w="449" /><ent r="3" t="40" w="448" /><ent r="3" t="40" w="510" /><ent r="3" t="40" w="509" /><ent r="3" t="40" w="566" /><ent r="3" t="40" w="565" /><ent r="3" t="40" w="610" /><ent r="3" t="40" w="609" /><ent r="3" t="40" w="774" /><ent r="3" t="40" w="773" /><ent r="3" t="40" w="802" /><ent r="3" t="40" w="801" /><ent r="3" t="40" w="819" /><ent r="3" t="40" w="818" /><ent r="3" t="40" w="829" /><ent r="3" t="40" w="828" /><ent r="3" t="40" w="843" /><ent r="3" t="40" w="842" /><ent r="3" t="40" w="859" /><ent r="3" t="40" w="858" /><ent r="3" t="40" w="877" /><ent r="3" t="40" w="876" /><ent r="3" t="40" w="896" /><ent r="3" t="40" w="895" /><ent r="3" t="40" w="915" /><ent r="3" t="40" w="914" /><ent r="3" t="40" w="931" /><ent r="3" t="40" w="930" /><ent r="3" t="40" w="947" /><ent r="3" t="40" w="946" /><ent r="3" t="40" w="959" /><ent r="3" t="40" w="958" /><ent r="3" t="40" w="973" /><ent r="3" t="40" w="972" /><ent r="3" t="40" w="992" /><ent r="3" t="40" w="991" /><ent r="3" t="40" w="1010" /><ent r="3" t="40" w="1009" /><ent r="3" t="40" w="1026" /><ent r="3" t="40" w="1025" /><ent r="3" t="40" w="1044" /><ent r="3" t="40" w="1043" /><ent r="3" t="41" w="109" /><ent r="3" t="41" w="108" /><ent r="3" t="41" w="178" /><ent r="3" t="41" w="177" /><ent r="3" t="41" w="187" /><ent r="3" t="41" w="186" /><ent r="3" t="41" w="614" /><ent r="3" t="41" w="613" /><ent r="3" t="41" w="630" /><ent r="3" t="41" w="629" /><ent r="3" t="41" w="652" /><ent r="3" t="41" w="651" /><ent r="3" t="41" w="666" /><ent r="3" t="41" w="665" /><ent r="3" t="41" w="679" /><ent r="3" t="41" w="678" /></phr></stem></index>