﻿<?xml version="1.0" encoding="utf-8"?><index><stem n="arg2"><phr n="arg2"><ent r="65" t="31" w="548" /><ent r="5" t="31" w="580" /><ent r="65" t="31" w="587" /><ent r="65" t="31" w="626" /><ent r="84" t="31" w="2177" /><ent r="4" t="31" w="2217" /><ent r="5" t="31" w="2226" /><ent r="5" t="31" w="2248" /><ent r="83" t="31" w="2276" /><ent r="3" t="31" w="2325" /><ent r="4" t="31" w="2348" /><ent r="83" t="31" w="2513" /><ent r="5" t="31" w="2561" /><ent r="5" t="31" w="2584" /></phr></stem><stem n="#line"><phr n="#line"><ent r="65" t="31" w="549" /><ent r="5" t="31" w="570" /><ent r="65" t="31" w="588" /><ent r="4" t="31" w="615" /><ent r="65" t="31" w="627" /><ent r="4" t="31" w="654" /><ent r="83" t="31" w="2179" /><ent r="4" t="31" w="2207" /><ent r="83" t="31" w="2277" /><ent r="3" t="31" w="2311" /><ent r="83" t="31" w="2514" /><ent r="3" t="31" w="2547" /></phr></stem><stem n="umer"><phr n="umeric"><ent r="4" t="31" w="554" /><ent r="4" t="31" w="593" /><ent r="4" t="31" w="765" /><ent r="3" t="31" w="2063" /><ent r="3" t="31" w="2189" /><ent r="3" t="31" w="2287" /></phr></stem><stem n="ranch"><phr n="ranch"><ent r="4" t="31" w="558" /><ent r="4" t="31" w="597" /><ent r="4" t="31" w="636" /><ent r="3" t="31" w="2193" /><ent r="3" t="31" w="2291" /><ent r="3" t="31" w="2527" /></phr></stem><stem n="reater"><phr n="reater"><ent r="4" t="31" w="562" /><ent r="3" t="31" w="2197" /></phr></stem><stem n="han"><phr n="han"><ent r="4" t="31" w="566" /><ent r="3" t="31" w="2201" /></phr></stem><stem n="nbne"><phr n="NBNE"><ent r="100" t="31" w="583" /><ent r="65" t="31" w="585" /><ent r="83" t="31" w="2274" /><ent r="5" t="31" w="2282" /><ent r="3" t="31" w="2321" /></phr></stem><stem n="ot"><phr n="ot"><ent r="4" t="31" w="601" /><ent r="4" t="31" w="640" /><ent r="3" t="31" w="2295" /><ent r="3" t="31" w="2531" /></phr></stem><stem n="qual"><phr n="qual"><ent r="4" t="31" w="605" /><ent r="4" t="31" w="644" /><ent r="3" t="31" w="2299" /><ent r="3" t="31" w="2535" /></phr></stem><stem n="sbne"><phr n="SBNE"><ent r="100" t="31" w="622" /><ent r="65" t="31" w="624" /><ent r="83" t="31" w="2511" /><ent r="5" t="31" w="2518" /><ent r="5" t="31" w="2557" /></phr></stem><stem n="&quot;arg1&quot;"><phr n="&quot;arg1&quot;"><ent r="65" t="31" w="626" /><ent r="83" t="31" w="2513" /></phr></stem><stem n="&quot;arg2&quot;"><phr n="&quot;arg2&quot;"><ent r="65" t="31" w="627" /><ent r="83" t="31" w="2514" /></phr></stem><stem n="tring"><phr n="tring"><ent r="4" t="31" w="632" /><ent r="3" t="31" w="2523" /><ent r="3" t="31" w="2604" /></phr></stem><stem n=":wait"><phr n=":WAIT"><ent r="100" t="31" w="679" /></phr></stem><stem n="idlefail"><phr n="Idlefail"><ent r="100" t="31" w="683" /></phr><phr n="idlefail"><ent r="65" t="31" w="689" /><ent r="65" t="31" w="846" /><ent r="4" t="31" w="1572" /><ent r="4" t="31" w="2040" /><ent r="4" t="31" w="2863" /><ent r="83" t="31" w="3191" /><ent r="4" t="31" w="3257" /><ent r="4" t="31" w="3304" /></phr></stem><stem n="#sec"><phr n="#secs"><ent r="65" t="31" w="688" /><ent r="65" t="31" w="845" /><ent r="83" t="31" w="3190" /></phr></stem><stem n="#idlefail"><phr n="#idlefail"><ent r="65" t="31" w="689" /><ent r="65" t="31" w="846" /><ent r="4" t="31" w="1572" /><ent r="4" t="31" w="2040" /><ent r="4" t="31" w="2863" /><ent r="83" t="31" w="3191" /><ent r="4" t="31" w="3304" /></phr></stem><stem n="manipul"><phr n="manipulate"><ent r="3" t="31" w="715" /></phr></stem><stem n="&quot;variable&quot;"><phr n="&quot;variable&quot;"><ent r="65" t="31" w="722" /><ent r="4" t="31" w="732" /><ent r="65" t="31" w="760" /><ent r="65" t="31" w="826" /><ent r="83" t="31" w="2054" /><ent r="83" t="31" w="2961" /><ent r="83" t="31" w="3118" /></phr></stem><stem n="scat"><phr n="SCAT"><ent r="100" t="31" w="733" /><ent r="65" t="31" w="735" /><ent r="83" t="31" w="2592" /><ent r="5" t="31" w="2599" /><ent r="5" t="31" w="2644" /><ent r="3" t="31" w="2677" /></phr></stem><stem n="variable1"><phr n="variable1"><ent r="65" t="31" w="736" /><ent r="4" t="31" w="746" /><ent r="4" t="31" w="754" /><ent r="83" t="31" w="2593" /><ent r="3" t="31" w="2612" /><ent r="3" t="31" w="2621" /></phr></stem><stem n="&quot;variable1&quot;"><phr n="&quot;variable1&quot;"><ent r="65" t="31" w="737" /><ent r="83" t="31" w="2594" /></phr></stem><stem n="variable2"><phr n="variable2"><ent r="65" t="31" w="737" /><ent r="4" t="31" w="748" /><ent r="83" t="31" w="2594" /><ent r="3" t="31" w="2614" /></phr></stem><stem n="&quot;variable2&quot;"><phr n="&quot;variable2&quot;"><ent r="65" t="31" w="738" /><ent r="83" t="31" w="2595" /></phr></stem><stem n=":concaten"><phr n=":ConCATenate"><ent r="100" t="31" w="741" /></phr></stem><stem n="#number"><phr n="#number"><ent r="65" t="31" w="760" /><ent r="83" t="31" w="2054" /></phr></stem><stem n="measur"><phr n="measure"><ent r="92" t="31" w="779" /><ent r="3" t="42" w="27" /><ent r="3" t="42" w="375" /></phr><phr n="measurements"><ent r="4" t="33" w="495" /></phr><phr n="Measuring"><ent r="1000" t="42" w="1" /><ent r="100" t="42" w="8" /><ent r="100" t="42" w="10" /><ent r="100" t="42" w="19" /><ent r="102" t="42" w="21" /></phr><phr n="measured"><ent r="3" t="42" w="41" /><ent r="3" t="42" w="52" /><ent r="4" t="42" w="445" /></phr><phr n="measures"><ent r="4" t="42" w="64" /><ent r="4" t="42" w="116" /></phr><phr n="Measurement"><ent r="100" t="42" w="146" /><ent r="92" t="42" w="151" /></phr><phr n="measuring"><ent r="3" t="42" w="215" /></phr></stem><stem n="millisecond"><phr n="millisecond"><ent r="4" t="31" w="809" /><ent r="3" t="31" w="3084" /><ent r="4" t="42" w="420" /></phr><phr n="milliseconds"><ent r="4" t="31" w="836" /><ent r="3" t="31" w="3133" /><ent r="4" t="31" w="3158" /><ent r="3" t="42" w="43" /><ent r="5" t="42" w="252" /></phr></stem><stem n="timer"><phr n="timer"><ent r="4" t="31" w="810" /><ent r="3" t="31" w="3085" /><ent r="4" t="31" w="3109" /><ent r="5" t="42" w="232" /></phr><phr n="Timers"><ent r="100" t="42" w="156" /><ent r="3" t="42" w="159" /></phr></stem><stem n="alphabet"><phr n="Alphabetical"><ent r="92" t="31" w="871" /></phr><phr n="alphabetically"><ent r="6" t="55" w="1205" /></phr></stem><stem n="construct"><phr n="construct"><ent r="3" t="31" w="910" /></phr></stem><stem n="cr"><phr n="CR"><ent r="100" t="31" w="941" /><ent r="100" t="31" w="1727" /><ent r="100" t="31" w="1730" /><ent r="4" t="31" w="1749" /><ent r="3" t="31" w="2721" /><ent r="3" t="31" w="2744" /><ent r="100" t="32" w="220" /><ent r="3" t="32" w="267" /></phr></stem><stem n="cr-lf"><phr n="CR-LF"><ent r="100" t="31" w="941" /><ent r="100" t="31" w="1727" /><ent r="100" t="31" w="1730" /><ent r="4" t="31" w="1749" /><ent r="3" t="31" w="2721" /><ent r="3" t="31" w="2744" /><ent r="100" t="32" w="220" /><ent r="3" t="32" w="267" /></phr></stem><stem n="lf"><phr n="LF"><ent r="100" t="31" w="942" /><ent r="100" t="31" w="1728" /><ent r="100" t="31" w="1731" /><ent r="100" t="31" w="1733" /><ent r="4" t="31" w="1750" /><ent r="4" t="31" w="1755" /><ent r="3" t="31" w="2722" /><ent r="3" t="31" w="2745" /><ent r="100" t="32" w="221" /><ent r="3" t="32" w="268" /></phr></stem><stem n="-lf:specifi"><phr n="-LF:specify"><ent r="100" t="31" w="943" /><ent r="100" t="31" w="943" /></phr></stem><stem n="#timeout:"><phr n="#timeout:"><ent r="4" t="31" w="1008" /></phr></stem><stem n="&quot;telnet&quot;:"><phr n="&quot;TELNET&quot;:"><ent r="4" t="31" w="1024" /></phr></stem><stem n=":allow"><phr n=":allows"><ent r="100" t="31" w="1035" /></phr></stem><stem n="&quot;telnet&quot;"><phr n="&quot;TELNET&quot;"><ent r="3" t="31" w="1042" /></phr></stem><stem n="(includ"><phr n="(including"><ent r="3" t="31" w="1042" /></phr></stem><stem n="-by-lin"><phr n="-by-line"><ent r="3" t="31" w="1080" /><ent r="3" t="31" w="1081" /></phr></stem><stem n="line-bi"><phr n="line-by"><ent r="3" t="31" w="1080" /></phr></stem><stem n="line-by-lin"><phr n="line-by-line"><ent r="3" t="31" w="1080" /></phr></stem><stem n="by-lin"><phr n="by-line"><ent r="3" t="31" w="1081" /></phr></stem><stem n="secur"><phr n="SECURE"><ent r="4" t="31" w="1091" /><ent r="3" t="31" w="1101" /></phr><phr n="secure"><ent r="3" t="47" w="317" /><ent r="3" t="47" w="333" /><ent r="4" t="47" w="347" /></phr></stem><stem n="ssl"><phr n="SSL"><ent r="3" t="31" w="1096" /></phr></stem><stem n="script'"><phr n="script's"><ent r="3" t="31" w="1158" /><ent r="3" t="31" w="1157" /><ent r="3" t="33" w="161" /><ent r="3" t="33" w="160" /><ent r="4" t="33" w="508" /><ent r="4" t="33" w="507" /><ent r="4" t="33" w="575" /><ent r="4" t="33" w="574" /></phr></stem><stem n="alrm"><phr n="ALRM"><ent r="100" t="31" w="1204" /><ent r="3" t="31" w="1212" /><ent r="100" t="31" w="1254" /><ent r="3" t="31" w="1257" /><ent r="4" t="31" w="1273" /><ent r="3" t="31" w="2921" /><ent r="100" t="31" w="2930" /><ent r="3" t="31" w="2933" /><ent r="3" t="31" w="3532" /><ent r="3" t="31" w="3546" /><ent r="3" t="31" w="3587" /><ent r="3" t="31" w="3602" /><ent r="3" t="31" w="3980" /><ent r="3" t="31" w="3994" /><ent r="100" t="32" w="371" /><ent r="3" t="32" w="375" /><ent r="3" t="32" w="439" /><ent r="3" t="32" w="528" /><ent r="100" t="32" w="534" /><ent r="3" t="32" w="537" /></phr></stem><stem n="[okai"><phr n="[OKAY"><ent r="3" t="31" w="1208" /><ent r="3" t="31" w="2917" /></phr></stem><stem n="&quot;message&quot;"><phr n="&quot;message&quot;"><ent r="3" t="31" w="1224" /></phr></stem><stem n="&quot;[http]"><phr n="&quot;[HTTP]"><ent r="3" t="31" w="1259" /><ent r="3" t="31" w="1304" /><ent r="3" t="31" w="2935" /></phr></stem><stem n="recogn"><phr n="Recognize"><ent r="100" t="31" w="1277" /><ent r="100" t="31" w="3528" /></phr><phr n="recognize"><ent r="100" t="31" w="3526" /><ent r="3" t="31" w="3539" /><ent r="3" t="31" w="3987" /><ent r="3" t="31" w="4099" /></phr><phr n="recognized"><ent r="3" t="44" w="471" /></phr></stem><stem n=":user"><phr n=":USER"><ent r="100" t="31" w="1278" /></phr></stem><stem n="tip"><phr n="Tip"><ent r="4" t="31" w="1325" /><ent r="4" t="31" w="1838" /><ent r="4" t="31" w="3360" /><ent r="4" t="50" w="262" /><ent r="1000" t="58" w="1" /><ent r="102" t="58" w="9" /><ent r="4" t="58" w="77" /></phr></stem><stem n="&quot;done"><phr n="&quot;DONE"><ent r="3" t="31" w="1347" /></phr></stem><stem n="ec"><phr n="ec"><ent r="3" t="31" w="1398" /></phr></stem><stem n="fall"><phr n="falls"><ent r="4" t="31" w="1424" /><ent r="3" t="31" w="1913" /><ent r="3" t="31" w="2809" /></phr><phr n="fall"><ent r="3" t="55" w="61" /></phr></stem><stem n="*next*"><phr n="*next*"><ent r="4" t="31" w="1466" /><ent r="3" t="31" w="1935" /></phr></stem><stem n="&quot;220"><phr n="&quot;220"><ent r="3" t="31" w="1513" /><ent r="3" t="31" w="3404" /><ent r="3" t="31" w="3677" /><ent r="3" t="31" w="3709" /><ent r="3" t="31" w="3756" /><ent r="3" t="31" w="3816" /></phr></stem><stem n="expir"><phr n="expires"><ent r="3" t="31" w="1561" /><ent r="3" t="31" w="2032" /><ent r="3" t="31" w="2857" /></phr></stem><stem n=":cr-lf"><phr n=":CR-LF"><ent r="100" t="31" w="1727" /></phr></stem><stem n="-lf"><phr n="-LF"><ent r="100" t="31" w="1730" /><ent r="100" t="31" w="1730" /><ent r="4" t="31" w="1749" /><ent r="4" t="31" w="1749" /><ent r="3" t="31" w="2721" /><ent r="3" t="31" w="2721" /><ent r="100" t="32" w="220" /><ent r="100" t="32" w="220" /></phr></stem><stem n="regard"><phr n="regard"><ent r="4" t="31" w="1781" /></phr></stem><stem n=":scan"><phr n=":scanning"><ent r="100" t="31" w="1791" /></phr></stem><stem n="necessarili"><phr n="necessarily"><ent r="4" t="31" w="1807" /></phr></stem><stem n="broken"><phr n="broken"><ent r="4" t="31" w="1808" /></phr></stem><stem n="'ve"><phr n="'ve"><ent r="3" t="31" w="1844" /><ent r="3" t="48" w="39" /></phr></stem><stem n="you'v"><phr n="you've"><ent r="3" t="31" w="1844" /><ent r="3" t="31" w="1843" /></phr></stem><stem n="ve"><phr n="ve"><ent r="3" t="31" w="1844" /><ent r="3" t="48" w="39" /></phr></stem><stem n="shouldn"><phr n="shouldn"><ent r="3" t="31" w="1855" /></phr></stem><stem n="shouldn't"><phr n="shouldn't"><ent r="3" t="31" w="1856" /><ent r="3" t="31" w="1855" /></phr></stem><stem n="restor"><phr n="restored"><ent r="3" t="31" w="1868" /></phr></stem><stem n="miss"><phr n="miss"><ent r="3" t="31" w="1872" /></phr><phr n="missing"><ent r="4" t="31" w="2160" /><ent r="3" t="56" w="169" /></phr></stem><stem n="tch"><phr n="TCH"><ent r="5" t="31" w="1896" /></phr></stem><stem n="&quot;331&quot;"><phr n="&quot;331&quot;"><ent r="3" t="31" w="1982" /><ent r="3" t="31" w="3426" /><ent r="3" t="31" w="3908" /></phr></stem><stem n="#16"><phr n="#16"><ent r="3" t="31" w="1982" /><ent r="3" t="31" w="3430" /><ent r="3" t="31" w="3912" /></phr></stem><stem n="&quot;3&quot;,"><phr n="&quot;3&quot;,"><ent r="4" t="31" w="2128" /></phr></stem><stem n="&quot;6&quot;."><phr n="&quot;6&quot;."><ent r="4" t="31" w="2133" /></phr></stem><stem n="golf"><phr n="golf"><ent r="4" t="31" w="2138" /></phr></stem><stem n="&quot;golf&quot;,"><phr n="&quot;golf&quot;,"><ent r="4" t="31" w="2139" /></phr></stem><stem n="&quot;3&quot;"><phr n="&quot;3&quot;"><ent r="4" t="31" w="2144" /><ent r="5" t="31" w="3045" /></phr></stem><stem n="convers"><phr n="conversion"><ent r="4" t="31" w="2146" /></phr></stem><stem n="yield"><phr n="yields"><ent r="4" t="31" w="2153" /></phr></stem><stem n="#${arg1}"><phr n="#${arg1}"><ent r="5" t="31" w="2225" /><ent r="3" t="31" w="2324" /></phr></stem><stem n="#${arg2}"><phr n="#${arg2}"><ent r="5" t="31" w="2227" /><ent r="3" t="31" w="2326" /></phr></stem><stem n="@exit"><phr n="@exit"><ent r="5" t="31" w="2227" /><ent r="5" t="31" w="2234" /><ent r="3" t="31" w="2326" /><ent r="4" t="31" w="2333" /><ent r="5" t="31" w="2562" /><ent r="5" t="31" w="2569" /></phr></stem><stem n="{arg1}"><phr n="{arg1}"><ent r="5" t="31" w="2242" /><ent r="4" t="31" w="2341" /><ent r="5" t="31" w="2577" /></phr></stem><stem n="{arg2}"><phr n="{arg2}"><ent r="5" t="31" w="2249" /><ent r="4" t="31" w="2349" /><ent r="5" t="31" w="2585" /></phr></stem><stem n="(repres"><phr n="(represented"><ent r="3" t="31" w="2367" /></phr></stem><stem n="{line}"><phr n="{LINE}"><ent r="4" t="31" w="2373" /></phr></stem><stem n="implicit"><phr n="implicit"><ent r="4" t="31" w="2398" /></phr></stem><stem n="&quot;${arg1}&quot;"><phr n="&quot;${arg1}&quot;"><ent r="5" t="31" w="2560" /></phr></stem><stem n="&quot;${arg2}&quot;"><phr n="&quot;${arg2}&quot;"><ent r="5" t="31" w="2562" /></phr></stem><stem n="con"><phr n="Con"><ent r="3" t="31" w="2605" /></phr></stem><stem n="cat"><phr n="CAT"><ent r="5" t="31" w="2607" /></phr></stem><stem n="enat"><phr n="enate"><ent r="3" t="31" w="2609" /></phr></stem><stem n="{name}"><phr n="{name}"><ent r="5" t="31" w="2635" /><ent r="5" t="31" w="2656" /></phr></stem><stem n="_long"><phr n="_LONG"><ent r="100" t="31" w="2642" /></phr></stem><stem n="too_long"><phr n="TOO_LONG"><ent r="100" t="31" w="2642" /><ent r="100" t="31" w="2641" /><ent r="5" t="31" w="2648" /><ent r="5" t="31" w="2647" /><ent r="4" t="31" w="2687" /><ent r="4" t="31" w="2686" /></phr></stem><stem n="&quot;flintstone&quot;"><phr n="&quot;Flintstone&quot;"><ent r="5" t="31" w="2647" /></phr></stem><stem n="@too_long"><phr n="@TOO_LONG"><ent r="5" t="31" w="2648" /><ent r="4" t="31" w="2687" /></phr></stem><stem n="fredflintston"><phr n="FredFlintstone"><ent r="4" t="31" w="2660" /></phr></stem><stem n="&quot;fredflintstone&quot;"><phr n="&quot;FredFlintstone&quot;"><ent r="4" t="31" w="2661" /></phr></stem><stem n="sum"><phr n="sum"><ent r="3" t="31" w="2667" /></phr></stem><stem n="explicitli"><phr n="explicitly"><ent r="3" t="31" w="2718" /><ent r="3" t="51" w="539" /></phr></stem><stem n="&quot;greetings!\r\n&quot;"><phr n="&quot;Greetings!\r\n&quot;"><ent r="4" t="31" w="2736" /></phr></stem><stem n="transmit"><phr n="transmits"><ent r="3" t="31" w="2737" /></phr></stem><stem n="&quot;greetings!&quot;"><phr n="&quot;Greetings!&quot;"><ent r="3" t="31" w="2741" /></phr></stem><stem n="-lf."><phr n="-LF."><ent r="3" t="31" w="2746" /><ent r="3" t="31" w="2746" /><ent r="3" t="32" w="269" /><ent r="3" t="32" w="269" /></phr></stem><stem n="unexpectedli"><phr n="unexpectedly"><ent r="3" t="31" w="2836" /><ent r="3" t="31" w="3339" /></phr></stem><stem n="#fail."><phr n="#fail."><ent r="3" t="31" w="2842" /></phr></stem><stem n="wish"><phr n="wish"><ent r="3" t="31" w="2978" /><ent r="3" t="33" w="244" /><ent r="6" t="33" w="1067" /><ent r="3" t="37" w="387" /><ent r="4" t="46" w="59" /></phr></stem><stem n="{variable}"><phr n="{variable}"><ent r="4" t="31" w="3006" /></phr></stem><stem n=":foobar"><phr n=":foobar"><ent r="100" t="31" w="3011" /></phr></stem><stem n="foobar"><phr n="foobar"><ent r="100" t="31" w="3011" /><ent r="5" t="31" w="3015" /><ent r="4" t="31" w="3025" /></phr></stem><stem n="&quot;foobar&quot;"><phr n="&quot;foobar&quot;"><ent r="5" t="31" w="3016" /></phr></stem><stem n="{fred}"><phr n="{fred}"><ent r="5" t="31" w="3040" /></phr></stem><stem n="&quot;3&quot;."><phr n="&quot;3&quot;."><ent r="4" t="31" w="3055" /></phr></stem><stem n=",535"><phr n=",535"><ent r="3" t="31" w="3067" /></phr></stem><stem n="65,535"><phr n="65,535"><ent r="3" t="31" w="3067" /><ent r="3" t="31" w="3066" /></phr></stem><stem n="535"><phr n="535"><ent r="3" t="31" w="3067" /></phr></stem><stem n="connecttim"><phr n="Connecttime"><ent r="100" t="31" w="3143" /></phr><phr n="connecttime"><ent r="5" t="31" w="3146" /><ent r="5" t="31" w="3152" /></phr></stem><stem n="&quot;connecttime&quot;"><phr n="&quot;connecttime&quot;"><ent r="5" t="31" w="3147" /></phr></stem><stem n="#secs:"><phr n="#secs:"><ent r="4" t="31" w="3216" /></phr></stem><stem n=":includ"><phr n=":include"><ent r="100" t="31" w="3220" /></phr></stem><stem n="#idlefail:"><phr n="#idlefail:"><ent r="4" t="31" w="3258" /></phr></stem><stem n="[link]"><phr n="[link]"><ent r="3" t="31" w="3322" /></phr></stem><stem n="#discfail:"><phr n="#discfail:"><ent r="4" t="31" w="3326" /></phr></stem><stem n=":annot"><phr n=":Annotated"><ent r="100" t="31" w="3376" /></phr></stem><stem n="#21"><phr n="#21"><ent r="3" t="31" w="3392" /><ent r="3" t="31" w="3620" /></phr></stem><stem n="21"><phr n="21"><ent r="3" t="31" w="3392" /><ent r="3" t="31" w="3574" /><ent r="3" t="31" w="3620" /><ent r="3" t="31" w="3651" /></phr></stem><stem n="(default"><phr n="(default"><ent r="3" t="31" w="3393" /><ent r="3" t="31" w="3621" /><ent r="4" t="40" w="221" /><ent r="4" t="40" w="240" /><ent r="4" t="40" w="257" /></phr></stem><stem n="04"><phr n="04"><ent r="3" t="31" w="3414" /><ent r="3" t="31" w="3835" /><ent r="3" t="40" w="785" /></phr></stem><stem n="&quot;user"><phr n="&quot;USER"><ent r="3" t="31" w="3416" /><ent r="3" t="31" w="3837" /></phr></stem><stem n="{user"><phr n="{User"><ent r="3" t="31" w="3418" /><ent r="3" t="31" w="3839" /></phr></stem><stem n="}\r\n&quot;"><phr n="}\r\n&quot;"><ent r="3" t="31" w="3422" /><ent r="3" t="31" w="3843" /><ent r="3" t="32" w="464" /></phr></stem><stem n="-2-"><phr n="-2-"><ent r="3" t="31" w="3428" /><ent r="3" t="31" w="3429" /><ent r="3" t="31" w="3522" /><ent r="3" t="31" w="3523" /><ent r="3" t="31" w="3910" /><ent r="3" t="31" w="3911" /><ent r="3" t="31" w="3975" /><ent r="3" t="31" w="3976" /></phr></stem><stem n="2-"><phr n="2-"><ent r="3" t="31" w="3428" /><ent r="3" t="31" w="3522" /><ent r="3" t="31" w="3910" /><ent r="3" t="31" w="3975" /></phr></stem><stem n="&quot;pass"><phr n="&quot;PASS"><ent r="3" t="31" w="3436" /></phr></stem><stem n="{password}\r\n&quot;"><phr n="{Password}\r\n&quot;"><ent r="3" t="31" w="3441" /></phr></stem><stem n="07"><phr n="07"><ent r="3" t="31" w="3442" /></phr></stem><stem n="230"><phr n="230"><ent r="3" t="31" w="3444" /></phr></stem><stem n="&quot;230&quot;"><phr n="&quot;230&quot;"><ent r="3" t="31" w="3445" /></phr></stem><stem n="-3-"><phr n="-3-"><ent r="3" t="31" w="3447" /><ent r="3" t="31" w="3448" /><ent r="3" t="31" w="3565" /><ent r="3" t="31" w="3566" /></phr></stem><stem n="3-"><phr n="3-"><ent r="3" t="31" w="3447" /><ent r="3" t="31" w="3565" /></phr></stem><stem n="#20"><phr n="#20"><ent r="3" t="31" w="3449" /></phr></stem><stem n="&quot;noop\r\n&quot;"><phr n="&quot;NOOP\r\n&quot;"><ent r="3" t="31" w="3458" /></phr></stem><stem n="09"><phr n="09"><ent r="3" t="31" w="3459" /><ent r="3" t="40" w="1070" /></phr></stem><stem n="200"><phr n="200"><ent r="3" t="31" w="3461" /></phr></stem><stem n="&quot;200&quot;"><phr n="&quot;200&quot;"><ent r="3" t="31" w="3462" /></phr></stem><stem n="-4-"><phr n="-4-"><ent r="3" t="31" w="3464" /><ent r="3" t="31" w="3465" /></phr></stem><stem n="4-"><phr n="4-"><ent r="3" t="31" w="3464" /></phr></stem><stem n="#24"><phr n="#24"><ent r="3" t="31" w="3466" /></phr></stem><stem n="&quot;quit\r\n&quot;"><phr n="&quot;QUIT\r\n&quot;"><ent r="3" t="31" w="3473" /></phr></stem><stem n="221"><phr n="221"><ent r="3" t="31" w="3476" /></phr></stem><stem n="&quot;221&quot;"><phr n="&quot;221&quot;"><ent r="3" t="31" w="3477" /></phr></stem><stem n="#+1"><phr n="#+1"><ent r="3" t="31" w="3477" /></phr></stem><stem n="(i.e."><phr n="(i.e."><ent r="3" t="31" w="3480" /><ent r="3" t="41" w="378" /></phr></stem><stem n="&quot;[ftp]"><phr n="&quot;[FTP]"><ent r="3" t="31" w="3502" /><ent r="3" t="31" w="3534" /><ent r="3" t="31" w="3548" /><ent r="3" t="31" w="3578" /><ent r="3" t="31" w="3589" /><ent r="3" t="31" w="3604" /><ent r="3" t="31" w="3982" /><ent r="3" t="31" w="3996" /></phr></stem><stem n="{_remoteport}."><phr n="{_REMOTEPORT}."><ent r="3" t="31" w="3508" /></phr></stem><stem n="{_line:50})&quot;"><phr n="{_LINE:50})&quot;"><ent r="3" t="31" w="3511" /></phr></stem><stem n="&quot;500&quot;"><phr n="&quot;500&quot;"><ent r="3" t="31" w="3519" /><ent r="3" t="31" w="3972" /></phr></stem><stem n=":recogn"><phr n=":recognize"><ent r="100" t="31" w="3526" /></phr></stem><stem n="17"><phr n="17"><ent r="3" t="31" w="3530" /><ent r="3" t="31" w="3978" /><ent r="3" t="31" w="4090" /><ent r="3" t="39" w="489" /></phr></stem><stem n="did"><phr n="did"><ent r="3" t="31" w="3537" /><ent r="3" t="31" w="3985" /><ent r="3" t="31" w="4097" /><ent r="3" t="41" w="426" /></phr><phr n="Did"><ent r="3" t="32" w="569" /></phr></stem><stem n="'user'"><phr n="'USER'"><ent r="3" t="31" w="3542" /></phr></stem><stem n="(${_line:50})&quot;"><phr n="(${_LINE:50})&quot;"><ent r="3" t="31" w="3556" /><ent r="3" t="31" w="3597" /><ent r="3" t="31" w="3612" /><ent r="3" t="31" w="4004" /></phr></stem><stem n="530"><phr n="530"><ent r="3" t="31" w="3561" /></phr></stem><stem n="&quot;530&quot;"><phr n="&quot;530&quot;"><ent r="3" t="31" w="3562" /></phr></stem><stem n="incorrect"><phr n="Incorrect"><ent r="100" t="31" w="3568" /><ent r="3" t="31" w="3578" /></phr></stem><stem n="\&quot;${user"><phr n="\&quot;${User"><ent r="3" t="31" w="3582" /></phr></stem><stem n="}&quot;.&quot;"><phr n="}&quot;.&quot;"><ent r="3" t="31" w="3584" /></phr></stem><stem n="hear"><phr n="hear"><ent r="3" t="31" w="3666" /></phr></stem><stem n="our"><phr n="Our"><ent r="3" t="31" w="3702" /></phr><phr n="our"><ent r="6" t="33" w="1143" /><ent r="3" t="38" w="84" /><ent r="3" t="48" w="76" /></phr></stem><stem n="220-"><phr n="220-"><ent r="3" t="31" w="3725" /></phr></stem><stem n="&quot;220-&quot;;"><phr n="&quot;220-&quot;;"><ent r="3" t="31" w="3727" /></phr></stem><stem n="dash"><phr n="dash"><ent r="3" t="31" w="3729" /></phr></stem><stem n="&quot;-1-&quot;"><phr n="&quot;-1-&quot;"><ent r="3" t="31" w="3774" /><ent r="3" t="31" w="3828" /></phr></stem><stem n="arbitrari"><phr n="arbitrary"><ent r="3" t="31" w="3776" /></phr></stem><stem n="destin"><phr n="destination"><ent r="3" t="31" w="3782" /><ent r="3" t="31" w="3833" /><ent r="4" t="40" w="219" /><ent r="3" t="47" w="65" /><ent r="3" t="47" w="99" /><ent r="3" t="47" w="125" /><ent r="3" t="47" w="129" /><ent r="3" t="47" w="174" /><ent r="3" t="47" w="269" /><ent r="4" t="47" w="385" /><ent r="3" t="47" w="799" /><ent r="6" t="53" w="153" /></phr></stem><stem n="-1-&quot;"><phr n="-1-&quot;"><ent r="3" t="31" w="3796" /><ent r="3" t="31" w="3797" /></phr></stem><stem n="(except"><phr n="(except"><ent r="3" t="31" w="3799" /></phr></stem><stem n=":carriage-return"><phr n=":carriage-return"><ent r="100" t="31" w="3848" /></phr></stem><stem n="carriage-return"><phr n="carriage-return"><ent r="100" t="31" w="3848" /><ent r="3" t="31" w="3887" /></phr><phr n="Carriage-return"><ent r="100" t="31" w="3851" /></phr></stem><stem n="-return"><phr n="-return"><ent r="100" t="31" w="3851" /><ent r="100" t="31" w="3851" /><ent r="3" t="31" w="3887" /><ent r="3" t="31" w="3887" /></phr></stem><stem n="&quot;anonymous&quot;."><phr n="&quot;anonymous&quot;."><ent r="3" t="31" w="3881" /></phr></stem><stem n="-feed"><phr n="-feed"><ent r="3" t="31" w="3890" /><ent r="3" t="31" w="3890" /></phr></stem><stem n="line-fe"><phr n="line-feed"><ent r="3" t="31" w="3890" /></phr></stem><stem n="feed"><phr n="feed"><ent r="3" t="31" w="3891" /></phr></stem><stem n="denot"><phr n="denote"><ent r="3" t="31" w="3900" /></phr></stem><stem n="[...]"><phr n="[...]"><ent r="3" t="31" w="3963" /></phr></stem><stem n="\&quot;user&quot;"><phr n="\&quot;USER&quot;"><ent r="3" t="31" w="3990" /></phr></stem><stem n="&quot;500&quot;,"><phr n="&quot;500&quot;,"><ent r="3" t="31" w="4039" /><ent r="3" t="31" w="4075" /><ent r="3" t="31" w="4113" /></phr></stem><stem n="accident"><phr n="accidentally"><ent r="3" t="31" w="4053" /></phr></stem><stem n="server'"><phr n="server's"><ent r="3" t="31" w="4071" /><ent r="3" t="31" w="4070" /><ent r="3" t="31" w="4107" /><ent r="3" t="31" w="4106" /><ent r="6" t="55" w="708" /><ent r="6" t="55" w="707" /></phr></stem><stem n="{line&quot;"><phr n="{LINE&quot;"><ent r="3" t="31" w="4137" /></phr></stem><stem n="/custom"><phr n="/Custom"><ent r="100" t="32" w="7" /><ent r="100" t="32" w="18" /></phr></stem><stem n="gb/custom"><phr n="GB/Custom"><ent r="100" t="32" w="7" /><ent r="100" t="32" w="6" /></phr></stem><stem n="/p"><phr n="/P"><ent r="100" t="32" w="10" /></phr></stem><stem n="probe/p"><phr n="Probe/P"><ent r="100" t="32" w="10" /><ent r="100" t="32" w="9" /></phr></stem><stem n="fileth"><phr n="FileThe"><ent r="100" t="32" w="15" /></phr></stem><stem n="b5/custom"><phr n="B5/Custom"><ent r="100" t="32" w="18" /><ent r="100" t="32" w="17" /></phr></stem><stem n="/0p"><phr n="/0P"><ent r="100" t="32" w="21" /></phr></stem><stem n="information/0p"><phr n="Information/0P"><ent r="100" t="32" w="21" /><ent r="100" t="32" w="20" /></phr></stem><stem n="wait/p"><phr n="Wait/p"><ent r="100" t="32" w="26" /><ent r="100" t="32" w="25" /><ent r="100" t="32" w="33" /><ent r="100" t="32" w="32" /></phr></stem><stem n=":wait/p:i/second"><phr n=":Wait/p:i/Seconds"><ent r="100" t="32" w="28" /></phr></stem><stem n="i/second"><phr n="i/Seconds"><ent r="100" t="32" w="28" /><ent r="100" t="32" w="27" /></phr></stem><stem n=":wait/p"><phr n=":Wait/p"><ent r="100" t="32" w="33" /></phr></stem><stem n="-provid"><phr n="-provided"><ent r="100" t="32" w="38" /><ent r="100" t="32" w="38" /><ent r="100" t="32" w="42" /><ent r="100" t="32" w="42" /><ent r="3" t="32" w="73" /><ent r="3" t="32" w="73" /></phr></stem><stem n="dartware-provid"><phr n="Dartware-provided"><ent r="100" t="32" w="38" /><ent r="100" t="32" w="42" /><ent r="100" t="32" w="56" /><ent r="3" t="32" w="73" /></phr></stem><stem n=":dartware-provid"><phr n=":Dartware-provided"><ent r="100" t="32" w="56" /></phr></stem><stem n="(com.dartware.tcp.custom)"><phr n="(com.dartware.tcp.custom)"><ent r="3" t="32" w="101" /></phr></stem><stem n="©"><phr n="©"><ent r="3" t="32" w="102" /></phr></stem><stem n="-2003"><phr n="-2003"><ent r="3" t="32" w="103" /><ent r="3" t="32" w="103" /></phr></stem><stem n="2000-2003"><phr n="2000-2003"><ent r="3" t="32" w="103" /></phr></stem><stem n="2003"><phr n="2003"><ent r="3" t="32" w="104" /></phr></stem><stem n="&quot;custom"><phr n="&quot;Custom"><ent r="3" t="32" w="145" /></phr></stem><stem n="&quot;version"><phr n="&quot;version"><ent r="3" t="32" w="147" /></phr></stem><stem n="&quot;1.2&quot;"><phr n="&quot;1.2&quot;"><ent r="3" t="32" w="150" /></phr></stem><stem n="&quot;23&quot;"><phr n="&quot;23&quot;"><ent r="3" t="32" w="164" /></phr></stem><stem n="\gb\custom"><phr n="\GB\Custom"><ent r="3" t="32" w="168" /></phr></stem><stem n=":set"><phr n=":set"><ent r="100" t="32" w="174" /></phr></stem><stem n="six"><phr n="six"><ent r="3" t="32" w="208" /></phr></stem><stem n="\i\str"><phr n="\i\String"><ent r="3" t="32" w="224" /></phr></stem><stem n=":down"><phr n=":DOWN"><ent r="100" t="32" w="275" /></phr></stem></index>