﻿<?xml version="1.0" encoding="utf-8"?><index><stem n="load5"><phr n="load5"><ent r="3" t="37" w="661" /></phr></stem><stem n="0.718"><phr n="0.718"><ent r="3" t="37" w="663" /><ent r="3" t="37" w="662" /></phr></stem><stem n="718"><phr n="718"><ent r="3" t="37" w="663" /></phr></stem><stem n="10.000"><phr n="10.000"><ent r="3" t="37" w="665" /><ent r="3" t="37" w="664" /></phr></stem><stem n="25.000"><phr n="25.000"><ent r="3" t="37" w="667" /><ent r="3" t="37" w="666" /></phr></stem><stem n="=0.718;10.000;25.000;0;"><phr n="=0.718;10.000;25.000;0;"><ent r="3" t="37" w="669" /></phr></stem><stem n="load15"><phr n="load15"><ent r="3" t="37" w="669" /></phr></stem><stem n="0.635"><phr n="0.635"><ent r="3" t="37" w="671" /><ent r="3" t="37" w="670" /></phr></stem><stem n="635"><phr n="635"><ent r="3" t="37" w="671" /></phr></stem><stem n="5.000"><phr n="5.000"><ent r="3" t="37" w="673" /><ent r="3" t="37" w="672" /></phr></stem><stem n="20.000"><phr n="20.000"><ent r="3" t="37" w="675" /><ent r="3" t="37" w="674" /></phr></stem><stem n="=0.635;5.000;20.000;0;"><phr n="=0.635;5.000;20.000;0;"><ent r="3" t="37" w="677" /></phr></stem><stem n="5.0"><phr n="5.0"><ent r="82" t="37" w="737" /><ent r="82" t="37" w="736" /></phr></stem><stem n="familiar"><phr n="familiar"><ent r="3" t="37" w="741" /></phr></stem><stem n="took"><phr n="took"><ent r="5" t="37" w="795" /></phr></stem><stem n="&quot;condition&quot;"><phr n="&quot;condition&quot;"><ent r="5" t="37" w="803" /></phr></stem><stem n="&quot;reason&quot;"><phr n="&quot;reason&quot;"><ent r="5" t="37" w="805" /></phr></stem><stem n="presenc"><phr n="presence"><ent r="5" t="37" w="814" /></phr></stem><stem n="('perfdata')"><phr n="('PERFDATA')"><ent r="5" t="37" w="819" /></phr></stem><stem n="enhanc"><phr n="enhance"><ent r="3" t="38" w="31" /></phr></stem><stem n=":exist"><phr n=":Existing"><ent r="100" t="38" w="50" /></phr></stem><stem n=":find"><phr n=":Finding"><ent r="100" t="38" w="61" /></phr></stem><stem n="zip"><phr n="ZIP"><ent r="3" t="38" w="110" /></phr><phr n="zip"><ent r="3" t="38" w="114" /></phr><phr n="zipped"><ent r="3" t="48" w="72" /></phr></stem><stem n="archiv"><phr n="archive"><ent r="3" t="38" w="111" /><ent r="3" t="38" w="129" /><ent r="3" t="38" w="133" /></phr></stem><stem n="builtinprob"><phr n="BuiltinProbes"><ent r="3" t="38" w="113" /></phr></stem><stem n="builtinprobes.zip"><phr n="BuiltinProbes.zip"><ent r="3" t="38" w="114" /><ent r="3" t="38" w="113" /></phr></stem><stem n="builtinprobes.zip."><phr n="BuiltinProbes.zip."><ent r="3" t="38" w="114" /><ent r="3" t="38" w="113" /></phr></stem><stem n=".zip."><phr n=".zip."><ent r="3" t="38" w="115" /></phr></stem><stem n="'ll"><phr n="'ll"><ent r="3" t="38" w="124" /><ent r="3" t="38" w="459" /></phr></stem><stem n="you'll"><phr n="you'll"><ent r="3" t="38" w="124" /><ent r="3" t="38" w="123" /></phr></stem><stem n="ll"><phr n="ll"><ent r="3" t="38" w="124" /><ent r="3" t="38" w="459" /></phr></stem><stem n="unzip"><phr n="unzip"><ent r="3" t="38" w="127" /></phr><phr n="unzipped"><ent r="3" t="38" w="138" /><ent r="3" t="38" w="152" /></phr></stem><stem n="filenam"><phr n="filename"><ent r="3" t="38" w="149" /><ent r="3" t="40" w="87" /><ent r="5" t="40" w="197" /><ent r="3" t="44" w="465" /><ent r="3" t="45" w="304" /><ent r="4" t="45" w="308" /><ent r="3" t="47" w="671" /><ent r="3" t="47" w="682" /><ent r="3" t="47" w="697" /><ent r="3" t="47" w="750" /><ent r="3" t="47" w="807" /><ent r="3" t="47" w="817" /><ent r="3" t="47" w="824" /><ent r="6" t="53" w="245" /><ent r="7" t="53" w="247" /><ent r="7" t="53" w="254" /><ent r="7" t="53" w="286" /><ent r="6" t="53" w="353" /><ent r="7" t="53" w="360" /><ent r="8" t="53" w="528" /><ent r="8" t="53" w="563" /><ent r="7" t="53" w="570" /><ent r="3" t="56" w="152" /><ent r="3" t="56" w="210" /><ent r="3" t="56" w="385" /></phr><phr n="Filename"><ent r="3" t="44" w="368" /></phr></stem><stem n="-modifi"><phr n="-modified"><ent r="3" t="38" w="161" /><ent r="3" t="38" w="161" /></phr></stem><stem n="last-modifi"><phr n="last-modified"><ent r="3" t="38" w="161" /><ent r="100" t="53" w="458" /><ent r="7" t="53" w="463" /></phr></stem><stem n="teh"><phr n="teh"><ent r="3" t="38" w="171" /></phr></stem><stem n="advanc"><phr n="advance"><ent r="3" t="38" w="187" /></phr><phr n="Advanced"><ent r="4" t="45" w="87" /><ent r="4" t="59" w="75" /></phr></stem><stem n="uncompress"><phr n="uncompress"><ent r="4" t="38" w="264" /></phr></stem><stem n="/ip"><phr n="/IP"><ent r="100" t="38" w="301" /><ent r="4" t="38" w="311" /></phr></stem><stem n="name/ip"><phr n="name/IP"><ent r="100" t="38" w="301" /><ent r="100" t="38" w="300" /><ent r="4" t="38" w="311" /><ent r="4" t="38" w="310" /></phr></stem><stem n="right-click"><phr n="Right-click"><ent r="4" t="38" w="324" /></phr></stem><stem n="fill"><phr n="filling"><ent r="4" t="38" w="357" /></phr></stem><stem n="finish"><phr n="finished"><ent r="4" t="38" w="365" /></phr><phr n="Finished"><ent r="3" t="40" w="1061" /><ent r="4" t="40" w="1129" /><ent r="4" t="40" w="1152" /><ent r="3" t="41" w="200" /><ent r="3" t="41" w="575" /></phr></stem><stem n=":your"><phr n=":Your"><ent r="100" t="38" w="386" /></phr></stem><stem n="we'll"><phr n="we'll"><ent r="3" t="38" w="459" /><ent r="3" t="38" w="458" /></phr></stem><stem n="&quot;undefin"><phr n="&quot;Undefined"><ent r="92" t="39" w="37" /></phr></stem><stem n="earlier"><phr n="earlier"><ent r="4" t="39" w="107" /></phr></stem><stem n="emit"><phr n="emit"><ent r="3" t="39" w="118" /></phr></stem><stem n="(probe:"><phr n="(probe:"><ent r="3" t="39" w="133" /></phr></stem><stem n="com.dartware.exampl"><phr n="com.dartware.example"><ent r="3" t="39" w="135" /><ent r="3" t="39" w="133" /></phr></stem><stem n="com.dartware.example,"><phr n="com.dartware.example,"><ent r="3" t="39" w="135" /><ent r="3" t="39" w="133" /></phr></stem><stem n=".dartware.example,"><phr n=".dartware.example,"><ent r="3" t="39" w="136" /></phr></stem><stem n="&quot;($oid"><phr n="&quot;($oid"><ent r="3" t="39" w="137" /></phr></stem><stem n="$oid"><phr n="$oid"><ent r="3" t="39" w="137" /><ent r="3" t="39" w="141" /></phr></stem><stem n=")&quot;):"><phr n=")&quot;):"><ent r="3" t="39" w="139" /></phr></stem><stem n="'$oid'"><phr n="'$oid'"><ent r="3" t="39" w="142" /></phr></stem><stem n="guard"><phr n="guard"><ent r="3" t="39" w="144" /></phr></stem><stem n="legitim"><phr n="legitimate"><ent r="3" t="39" w="154" /></phr></stem><stem n="&quot;defined()&quot;"><phr n="&quot;defined()&quot;"><ent r="3" t="39" w="167" /></phr></stem><stem n="(&quot;oid&quot;)"><phr n="(&quot;oid&quot;)"><ent r="3" t="39" w="175" /></phr></stem><stem n="($oid&gt;"><phr n="($oid&gt;"><ent r="3" t="39" w="175" /></phr></stem><stem n="$oid&gt;"><phr n="$oid&gt;"><ent r="3" t="39" w="175" /></phr></stem><stem n="&quot;reason:"><phr n="&quot;Reason:"><ent r="93" t="39" w="192" /></phr></stem><stem n="speak"><phr n="speak"><ent r="4" t="39" w="230" /></phr></stem><stem n="haven"><phr n="haven"><ent r="4" t="39" w="234" /></phr></stem><stem n="haven't"><phr n="haven't"><ent r="4" t="39" w="235" /><ent r="4" t="39" w="234" /></phr></stem><stem n="faq"><phr n="FAQ"><ent r="100" t="39" w="246" /></phr></stem><stem n="troubleshoot"><phr n="Troubleshooting"><ent r="3" t="39" w="254" /></phr></stem><stem n="/a"><phr n="/A"><ent r="100" t="39" w="268" /></phr></stem><stem n="n/a"><phr n="N/A"><ent r="100" t="39" w="268" /><ent r="100" t="39" w="267" /><ent r="93" t="39" w="282" /><ent r="93" t="39" w="281" /></phr></stem><stem n="&quot;[n/a]&quot;"><phr n="&quot;[N/A]&quot;"><ent r="93" t="39" w="283" /></phr></stem><stem n="probabl"><phr n="probably"><ent r="3" t="39" w="290" /><ent r="3" t="39" w="454" /></phr></stem><stem n=":open"><phr n=":Open"><ent r="100" t="39" w="312" /></phr></stem><stem n="null"><phr n="NULL"><ent r="100" t="39" w="326" /><ent r="3" t="39" w="355" /><ent r="3" t="39" w="366" /><ent r="3" t="39" w="377" /><ent r="3" t="39" w="388" /></phr><phr n="null"><ent r="3" t="47" w="602" /></phr></stem><stem n="nosuchnam"><phr n="NoSuchName"><ent r="100" t="39" w="328" /></phr><phr n="noSuchName"><ent r="3" t="39" w="341" /><ent r="3" t="39" w="398" /><ent r="93" t="39" w="448" /><ent r="3" t="39" w="586" /></phr></stem><stem n="57"><phr n="57"><ent r="3" t="39" w="331" /></phr></stem><stem n=":57:00"><phr n=":57:00"><ent r="3" t="39" w="332" /></phr></stem><stem n="router.exampl"><phr n="router.example"><ent r="3" t="39" w="334" /><ent r="3" t="39" w="333" /></phr></stem><stem n="router.example.net"><phr n="router.example.net"><ent r="3" t="39" w="335" /><ent r="3" t="39" w="333" /></phr></stem><stem n="router.example.net."><phr n="router.example.net."><ent r="3" t="39" w="335" /><ent r="3" t="39" w="333" /></phr></stem><stem n=".example.net.:"><phr n=".example.net.:"><ent r="3" t="39" w="336" /></phr></stem><stem n="[[queri"><phr n="[[query"><ent r="3" t="39" w="339" /></phr></stem><stem n="]]"><phr n="]]"><ent r="3" t="39" w="341" /></phr></stem><stem n="1.3.6.1.2.1.1.3"><phr n="1.3.6.1.2.1.1.3"><ent r="3" t="39" w="354" /><ent r="3" t="39" w="347" /><ent r="3" t="40" w="849" /><ent r="3" t="40" w="842" /><ent r="3" t="41" w="658" /><ent r="3" t="41" w="651" /></phr></stem><stem n=".3.6.1.2.1.1.3:"><phr n=".3.6.1.2.1.1.3:"><ent r="3" t="39" w="355" /></phr></stem><stem n=".3.6.1.2.1.1.1:"><phr n=".3.6.1.2.1.1.1:"><ent r="3" t="39" w="366" /></phr></stem><stem n="1.3.6.1.7"><phr n="1.3.6.1.7"><ent r="3" t="39" w="373" /><ent r="3" t="39" w="369" /></phr></stem><stem n="1.3.6.1.7.1"><phr n="1.3.6.1.7.1"><ent r="3" t="39" w="374" /><ent r="3" t="39" w="369" /></phr></stem><stem n="1.3.6.1.7.1.1"><phr n="1.3.6.1.7.1.1"><ent r="3" t="39" w="375" /><ent r="3" t="39" w="369" /></phr></stem><stem n="1.3.6.1.7.1.1.4"><phr n="1.3.6.1.7.1.1.4"><ent r="3" t="39" w="376" /><ent r="3" t="39" w="369" /></phr></stem><stem n=".3.6.1.7.1.1.4:"><phr n=".3.6.1.7.1.1.4:"><ent r="3" t="39" w="377" /></phr></stem><stem n="1.3.6.1.2.1.1.6"><phr n="1.3.6.1.2.1.1.6"><ent r="3" t="39" w="387" /><ent r="3" t="39" w="380" /><ent r="3" t="40" w="902" /><ent r="3" t="40" w="895" /></phr></stem><stem n=".3.6.1.2.1.1.6:"><phr n=".3.6.1.2.1.1.6:"><ent r="3" t="39" w="388" /></phr></stem><stem n="&quot;nosuchname&quot;"><phr n="&quot;noSuchName&quot;"><ent r="3" t="39" w="399" /><ent r="3" t="39" w="587" /></phr></stem><stem n="carefulli"><phr n="carefully"><ent r="3" t="39" w="417" /></phr></stem><stem n="&quot;2&quot;"><phr n="&quot;2&quot;"><ent r="3" t="39" w="428" /></phr></stem><stem n="&quot;[nosuchname]&quot;"><phr n="&quot;[noSuchName]&quot;"><ent r="93" t="39" w="449" /></phr></stem><stem n=":17:59"><phr n=":17:59"><ent r="3" t="39" w="490" /></phr></stem><stem n=".168.1.1"><phr n=".168.1.1"><ent r="3" t="39" w="498" /><ent r="3" t="40" w="431" /><ent r="3" t="40" w="447" /><ent r="3" t="40" w="608" /><ent r="3" t="40" w="793" /></phr></stem><stem n="192.168.1.1"><phr n="192.168.1.1"><ent r="3" t="39" w="498" /><ent r="3" t="39" w="495" /><ent r="3" t="40" w="431" /><ent r="3" t="40" w="428" /><ent r="3" t="40" w="447" /><ent r="3" t="40" w="444" /><ent r="3" t="40" w="608" /><ent r="3" t="40" w="605" /><ent r="3" t="40" w="771" /><ent r="3" t="40" w="768" /><ent r="3" t="40" w="793" /><ent r="3" t="40" w="790" /><ent r="3" t="40" w="800" /><ent r="3" t="40" w="797" /><ent r="3" t="40" w="817" /><ent r="3" t="40" w="814" /><ent r="3" t="40" w="841" /><ent r="3" t="40" w="838" /><ent r="3" t="40" w="857" /><ent r="3" t="40" w="854" /><ent r="3" t="40" w="875" /><ent r="3" t="40" w="872" /><ent r="3" t="40" w="894" /><ent r="3" t="40" w="891" /><ent r="3" t="40" w="913" /><ent r="3" t="40" w="910" /><ent r="3" t="40" w="929" /><ent r="3" t="40" w="926" /><ent r="3" t="40" w="945" /><ent r="3" t="40" w="942" /><ent r="3" t="40" w="971" /><ent r="3" t="40" w="968" /><ent r="3" t="40" w="990" /><ent r="3" t="40" w="987" /><ent r="3" t="40" w="1008" /><ent r="3" t="40" w="1005" /><ent r="3" t="40" w="1024" /><ent r="3" t="40" w="1021" /><ent r="3" t="40" w="1042" /><ent r="3" t="40" w="1039" /><ent r="3" t="40" w="1060" /><ent r="3" t="40" w="1057" /><ent r="3" t="41" w="544" /><ent r="3" t="41" w="541" /></phr></stem><stem n="1.3.6.1.2.1.2.2.1.2"><phr n="1.3.6.1.2.1.2.2.1.2"><ent r="3" t="39" w="509" /><ent r="3" t="39" w="500" /><ent r="3" t="39" w="552" /><ent r="3" t="39" w="543" /></phr></stem><stem n="1.3.6.1.2.1.2.2.1.2.10"><phr n="1.3.6.1.2.1.2.2.1.2.10"><ent r="3" t="39" w="510" /><ent r="3" t="39" w="500" /></phr></stem><stem n=".3.6.1.2.1.2.2.1.2.10;"><phr n=".3.6.1.2.1.2.2.1.2.10;"><ent r="3" t="39" w="511" /></phr></stem><stem n=".3.6.1.2.1.2.2.1.3.1"><phr n=".3.6.1.2.1.2.2.1.3.1"><ent r="3" t="39" w="522" /></phr></stem><stem n="1.3.6.1.2.1.2.2.1.3.1"><phr n="1.3.6.1.2.1.2.2.1.3.1"><ent r="3" t="39" w="522" /><ent r="3" t="39" w="512" /></phr></stem><stem n="consequ"><phr n="Consequently"><ent r="100" t="39" w="526" /><ent r="3" t="39" w="582" /></phr></stem><stem n=".3.6.1.2.1.2.2.1.2"><phr n=".3.6.1.2.1.2.2.1.2"><ent r="3" t="39" w="552" /></phr></stem><stem n="(.10)"><phr n="(.10)"><ent r="3" t="39" w="565" /></phr></stem><stem n="snmpwalk"><phr n="SNMPWalk"><ent r="1000" t="40" w="3" /><ent r="102" t="40" w="40" /><ent r="3" t="40" w="767" /><ent r="3" t="40" w="788" /><ent r="3" t="40" w="796" /><ent r="3" t="40" w="813" /><ent r="3" t="40" w="837" /><ent r="3" t="40" w="853" /><ent r="3" t="40" w="871" /><ent r="3" t="40" w="890" /><ent r="3" t="40" w="909" /><ent r="3" t="40" w="925" /><ent r="3" t="40" w="941" /><ent r="3" t="40" w="967" /><ent r="3" t="40" w="986" /><ent r="3" t="40" w="1004" /><ent r="3" t="40" w="1020" /><ent r="3" t="40" w="1038" /><ent r="3" t="40" w="1056" /><ent r="3" t="41" w="21" /><ent r="3" t="41" w="165" /><ent r="3" t="41" w="179" /><ent r="3" t="41" w="190" /><ent r="3" t="41" w="194" /></phr><phr n="Snmpwalk"><ent r="100" t="40" w="23" /><ent r="100" t="40" w="618" /><ent r="100" t="40" w="1073" /></phr><phr n="snmpwalk"><ent r="100" t="40" w="26" /><ent r="100" t="40" w="32" /><ent r="100" t="40" w="44" /><ent r="3" t="40" w="53" /><ent r="3" t="40" w="81" /><ent r="3" t="40" w="439" /><ent r="3" t="40" w="496" /><ent r="3" t="40" w="553" /><ent r="3" t="40" w="598" /><ent r="92" t="40" w="625" /><ent r="4" t="40" w="635" /><ent r="4" t="40" w="677" /><ent r="4" t="40" w="721" /><ent r="4" t="40" w="730" /><ent r="72" t="40" w="1076" /><ent r="3" t="40" w="1101" /><ent r="4" t="40" w="1159" /><ent r="3" t="40" w="1221" /><ent r="3" t="41" w="55" /><ent r="3" t="41" w="92" /><ent r="3" t="41" w="101" /><ent r="3" t="41" w="136" /><ent r="3" t="41" w="168" /><ent r="3" t="41" w="216" /><ent r="3" t="41" w="276" /><ent r="3" t="41" w="303" /><ent r="3" t="41" w="315" /><ent r="3" t="41" w="327" /><ent r="3" t="41" w="442" /></phr><phr n="SNMPwalk"><ent r="4" t="40" w="687" /><ent r="4" t="40" w="751" /></phr><phr n="SNMPWALK"><ent r="65" t="40" w="742" /><ent r="1000" t="41" w="3" /><ent r="102" t="41" w="9" /><ent r="92" t="41" w="206" /></phr><phr n="SNMPwalks"><ent r="100" t="40" w="1080" /><ent r="3" t="40" w="1085" /></phr></stem><stem n="-e"><phr n="-e"><ent r="100" t="40" w="8" /><ent r="100" t="40" w="8" /><ent r="5" t="40" w="146" /><ent r="5" t="40" w="146" /><ent r="4" t="40" w="346" /><ent r="4" t="40" w="346" /><ent r="4" t="40" w="352" /><ent r="4" t="40" w="352" /><ent r="3" t="40" w="603" /><ent r="3" t="40" w="603" /></phr></stem><stem n="unless-"><phr n="Unless-e"><ent r="100" t="40" w="8" /></phr></stem><stem n="misc"><phr n="Misc"><ent r="100" t="40" w="12" /></phr></stem><stem n="debugyyyymmddhhmm"><phr n="Debugyyyymmddhhmm"><ent r="100" t="40" w="14" /></phr></stem><stem n=".txt"><phr n=".txt"><ent r="100" t="40" w="15" /><ent r="4" t="40" w="715" /></phr></stem><stem n="debugyyyymmddhhmm.txt"><phr n="Debugyyyymmddhhmm.txt"><ent r="100" t="40" w="15" /><ent r="100" t="40" w="14" /></phr></stem><stem n=":snmpwalk"><phr n=":snmpwalk"><ent r="100" t="40" w="26" /><ent r="100" t="40" w="32" /></phr></stem><stem n="num-oid"><phr n="Num-OIDs"><ent r="100" t="40" w="67" /></phr><phr n="num-OIDs"><ent r="3" t="40" w="90" /><ent r="5" t="40" w="171" /></phr></stem><stem n="-address"><phr n="-address"><ent r="100" t="40" w="70" /><ent r="100" t="40" w="70" /><ent r="100" t="40" w="77" /><ent r="100" t="40" w="77" /><ent r="3" t="40" w="98" /><ent r="3" t="40" w="98" /><ent r="5" t="40" w="262" /><ent r="5" t="40" w="262" /></phr></stem><stem n="ip-address"><phr n="IP-address"><ent r="100" t="40" w="70" /><ent r="100" t="40" w="77" /><ent r="3" t="40" w="98" /><ent r="5" t="40" w="262" /></phr><phr n="IP-Address"><ent r="3" t="40" w="302" /></phr></stem><stem n="startoid"><phr n="StartOID"><ent r="100" t="40" w="75" /></phr><phr n="startOID"><ent r="100" t="40" w="79" /><ent r="3" t="40" w="100" /><ent r="5" t="40" w="275" /><ent r="3" t="40" w="308" /></phr><phr n="startOid"><ent r="3" t="41" w="230" /><ent r="3" t="41" w="319" /><ent r="3" t="41" w="382" /></phr></stem><stem n="1|2c|3"><phr n="1|2c|3"><ent r="3" t="40" w="83" /><ent r="5" t="40" w="105" /></phr></stem><stem n="[1|2c|3]"><phr n="[1|2c|3]"><ent r="3" t="40" w="84" /><ent r="5" t="40" w="106" /></phr></stem><stem n="-o"><phr n="-o"><ent r="3" t="40" w="86" /><ent r="3" t="40" w="86" /><ent r="4" t="40" w="723" /><ent r="4" t="40" w="723" /><ent r="65" t="40" w="743" /><ent r="65" t="40" w="743" /><ent r="1000" t="41" w="4" /><ent r="1000" t="41" w="4" /><ent r="102" t="41" w="10" /><ent r="102" t="41" w="10" /><ent r="4" t="41" w="43" /><ent r="4" t="41" w="43" /><ent r="4" t="41" w="52" /><ent r="4" t="41" w="52" /><ent r="3" t="41" w="77" /><ent r="3" t="41" w="77" /><ent r="3" t="41" w="105" /><ent r="3" t="41" w="105" /><ent r="3" t="41" w="150" /><ent r="3" t="41" w="150" /><ent r="3" t="41" w="172" /><ent r="3" t="41" w="172" /></phr><phr n="-O"><ent r="3" t="47" w="669" /><ent r="3" t="47" w="669" /><ent r="3" t="47" w="848" /><ent r="3" t="47" w="848" /></phr></stem><stem n="[-e]"><phr n="[-e]"><ent r="3" t="40" w="89" /></phr></stem><stem n="[-n"><phr n="[-n"><ent r="3" t="40" w="89" /></phr></stem><stem n="-oids]"><phr n="-OIDs]"><ent r="3" t="40" w="92" /><ent r="3" t="40" w="92" /></phr></stem><stem n="-p"><phr n="-p"><ent r="3" t="40" w="92" /><ent r="3" t="40" w="92" /><ent r="5" t="40" w="215" /><ent r="5" t="40" w="215" /><ent r="3" t="47" w="216" /><ent r="3" t="47" w="216" /><ent r="3" t="47" w="252" /><ent r="3" t="47" w="252" /><ent r="3" t="47" w="809" /><ent r="3" t="47" w="809" /></phr></stem><stem n="-r"><phr n="-r"><ent r="3" t="40" w="94" /><ent r="3" t="40" w="94" /><ent r="5" t="40" w="225" /><ent r="5" t="40" w="225" /><ent r="3" t="47" w="206" /><ent r="3" t="47" w="206" /><ent r="3" t="47" w="244" /><ent r="3" t="47" w="244" /><ent r="3" t="47" w="507" /><ent r="3" t="47" w="507" /></phr></stem><stem n="-t"><phr n="-t"><ent r="3" t="40" w="96" /><ent r="3" t="40" w="96" /><ent r="5" t="40" w="244" /><ent r="5" t="40" w="244" /><ent r="3" t="47" w="210" /><ent r="3" t="47" w="210" /><ent r="3" t="47" w="248" /><ent r="3" t="47" w="248" /></phr></stem><stem n=":see"><phr n=":See"><ent r="100" t="40" w="130" /></phr></stem><stem n=":end"><phr n=":end"><ent r="100" t="40" w="151" /></phr></stem><stem n=":mib"><phr n=":MIB"><ent r="100" t="40" w="156" /></phr></stem><stem n="-n"><phr n="-n"><ent r="5" t="40" w="170" /><ent r="5" t="40" w="170" /><ent r="4" t="40" w="190" /><ent r="4" t="40" w="190" /><ent r="3" t="41" w="174" /><ent r="3" t="41" w="174" /></phr></stem><stem n="(-e"><phr n="(-e"><ent r="4" t="40" w="188" /></phr></stem><stem n="mutual"><phr n="mutually"><ent r="4" t="40" w="192" /></phr></stem><stem n="sqlite"><phr n="SQLite"><ent r="4" t="40" w="204" /><ent r="4" t="40" w="733" /><ent r="3" t="41" w="33" /><ent r="3" t="41" w="61" /><ent r="3" t="41" w="117" /><ent r="3" t="41" w="526" /><ent r="3" t="41" w="700" /><ent r="3" t="41" w="706" /><ent r="4" t="41" w="730" /><ent r="4" t="41" w="749" /><ent r="4" t="41" w="761" /><ent r="4" t="41" w="774" /><ent r="4" t="41" w="779" /><ent r="4" t="41" w="798" /></phr></stem><stem n="sqlite-format"><phr n="SQLite-format"><ent r="4" t="40" w="204" /></phr></stem><stem n="/temporari"><phr n="/Temporary"><ent r="4" t="40" w="212" /><ent r="3" t="41" w="126" /></phr></stem><stem n="settings/temporari"><phr n="Settings/Temporary"><ent r="4" t="40" w="212" /><ent r="4" t="40" w="211" /><ent r="3" t="41" w="126" /><ent r="3" t="41" w="125" /></phr></stem><stem n="temporari"><phr n="Temporary"><ent r="4" t="40" w="212" /><ent r="3" t="41" w="126" /><ent r="3" t="47" w="170" /><ent r="4" t="47" w="391" /></phr></stem><stem n="de"><phr n="DES"><ent r="100" t="40" w="217" /><ent r="3" t="40" w="490" /></phr><phr n="des"><ent r="3" t="40" w="503" /></phr></stem><stem n="retri"><phr n="retries"><ent r="4" t="40" w="229" /><ent r="4" t="40" w="1148" /></phr><phr n="retry"><ent r="3" t="41" w="348" /></phr></stem><stem n="walk"><phr n="walk"><ent r="3" t="40" w="296" /><ent r="3" t="40" w="310" /><ent r="3" t="40" w="323" /><ent r="3" t="40" w="357" /><ent r="3" t="40" w="418" /><ent r="3" t="40" w="462" /><ent r="3" t="40" w="522" /><ent r="4" t="40" w="1181" /><ent r="4" t="40" w="1195" /><ent r="3" t="41" w="253" /><ent r="3" t="41" w="279" /><ent r="3" t="41" w="370" /><ent r="3" t="41" w="391" /><ent r="3" t="41" w="402" /><ent r="3" t="41" w="422" /><ent r="3" t="41" w="454" /><ent r="3" t="41" w="461" /><ent r="3" t="41" w="585" /><ent r="3" t="41" w="595" /><ent r="3" t="41" w="604" /></phr><phr n="Walk"><ent r="3" t="40" w="576" /></phr><phr n="walks"><ent r="4" t="40" w="1119" /><ent r="3" t="41" w="221" /><ent r="82" t="41" w="266" /><ent r="3" t="41" w="269" /><ent r="4" t="41" w="450" /><ent r="3" t="41" w="463" /><ent r="3" t="41" w="539" /></phr><phr n="walked"><ent r="3" t="41" w="413" /></phr></stem><stem n="-address,"><phr n="-Address,"><ent r="3" t="40" w="304" /><ent r="3" t="40" w="304" /></phr></stem><stem n="privpassword"><phr n="Privpassword"><ent r="100" t="40" w="389" /></phr><phr n="privpassword"><ent r="3" t="40" w="409" /></phr></stem><stem n="md5|sha|non"><phr n="Md5|sha|none"><ent r="100" t="40" w="391" /></phr><phr n="md5|sha|none"><ent r="3" t="40" w="406" /></phr></stem><stem n="auth"><phr n="Auth"><ent r="100" t="40" w="393" /></phr><phr n="auth"><ent r="3" t="40" w="487" /><ent r="3" t="40" w="502" /><ent r="3" t="47" w="480" /><ent r="3" t="47" w="522" /></phr></stem><stem n="des|non"><phr n="Des|none"><ent r="100" t="40" w="395" /></phr><phr n="des|none"><ent r="3" t="40" w="408" /></phr></stem><stem n="priv"><phr n="Priv"><ent r="100" t="40" w="401" /></phr><phr n="priv"><ent r="3" t="40" w="494" /><ent r="3" t="40" w="504" /></phr></stem><stem n="authpassword"><phr n="Authpassword"><ent r="100" t="40" w="403" /></phr><phr n="authpassword"><ent r="3" t="40" w="407" /></phr></stem><stem n=":[md5|sha|none]:authpassword:[des|none]:privpassword"><phr n=":[md5|sha|none]:authpassword:[des|none]:privpassword"><ent r="3" t="40" w="409" /></phr></stem><stem n="public"><phr n="public"><ent r="3" t="40" w="437" /><ent r="3" t="40" w="443" /><ent r="3" t="40" w="602" /><ent r="3" t="41" w="104" /><ent r="3" t="41" w="171" /></phr><phr n="PUBLIC"><ent r="100" t="52" w="96" /><ent r="3" t="52" w="101" /></phr></stem><stem n=".3.6.1.2.1.2.2"><phr n=".3.6.1.2.1.2.2"><ent r="3" t="40" w="455" /><ent r="3" t="40" w="572" /><ent r="3" t="40" w="616" /></phr></stem><stem n=".10.2.20"><phr n=".10.2.20"><ent r="3" t="40" w="475" /><ent r="3" t="40" w="508" /></phr></stem><stem n="'user',"><phr n="'user',"><ent r="3" t="40" w="482" /></phr></stem><stem n="'auth',"><phr n="'auth',"><ent r="3" t="40" w="488" /></phr></stem><stem n="privaci"><phr n="privacy"><ent r="3" t="40" w="488" /><ent r="3" t="40" w="492" /><ent r="3" t="40" w="550" /></phr></stem><stem n="'priv':"><phr n="'priv':"><ent r="3" t="40" w="495" /></phr></stem><stem n=":md5:auth:des:priv"><phr n=":md5:auth:des:priv"><ent r="3" t="40" w="504" /></phr></stem><stem n="1.3.6.1.2.1.31"><phr n="1.3.6.1.2.1.31"><ent r="3" t="40" w="515" /><ent r="3" t="40" w="509" /></phr></stem><stem n="1.3.6.1.2.1.31.1"><phr n="1.3.6.1.2.1.31.1"><ent r="3" t="40" w="516" /><ent r="3" t="40" w="509" /></phr></stem><stem n=".3.6.1.2.1.31.1.1"><phr n=".3.6.1.2.1.31.1.1"><ent r="3" t="40" w="517" /></phr></stem><stem n="1.3.6.1.2.1.31.1.1"><phr n="1.3.6.1.2.1.31.1.1"><ent r="3" t="40" w="517" /><ent r="3" t="40" w="509" /></phr></stem><stem n=".168.1.2"><phr n=".168.1.2"><ent r="3" t="40" w="535" /><ent r="3" t="40" w="564" /></phr></stem><stem n="192.168.1.2"><phr n="192.168.1.2"><ent r="3" t="40" w="535" /><ent r="3" t="40" w="532" /><ent r="3" t="40" w="564" /><ent r="3" t="40" w="561" /><ent r="3" t="41" w="563" /><ent r="3" t="41" w="560" /></phr></stem><stem n="'test',"><phr n="'test',"><ent r="3" t="40" w="542" /></phr></stem><stem n="'pass',"><phr n="'pass',"><ent r="3" t="40" w="548" /></phr></stem><stem n=":md5:pass:none:"><phr n=":md5:pass:none:"><ent r="3" t="40" w="561" /></phr></stem><stem n=",000"><phr n=",000"><ent r="3" t="40" w="592" /></phr></stem><stem n="10,000"><phr n="10,000"><ent r="3" t="40" w="592" /><ent r="3" t="40" w="591" /></phr></stem><stem n="-n10000"><phr n="-n10000"><ent r="3" t="40" w="604" /><ent r="3" t="40" w="604" /></phr></stem><stem n="n10000"><phr n="n10000"><ent r="3" t="40" w="604" /></phr></stem><stem n=":invok"><phr n=":Invoking"><ent r="100" t="40" w="619" /></phr></stem><stem n="&quot;server"><phr n="&quot;Server"><ent r="3" t="40" w="640" /></phr><phr n="&quot;server"><ent r="3" t="41" w="98" /></phr></stem><stem n="...&quot;"><phr n="...&quot;"><ent r="3" t="40" w="642" /><ent r="3" t="41" w="628" /><ent r="3" t="47" w="592" /></phr></stem><stem n="(avail"><phr n="(available"><ent r="3" t="40" w="642" /><ent r="3" t="45" w="41" /></phr></stem><stem n="menu'"><phr n="menu's"><ent r="3" t="40" w="647" /><ent r="3" t="40" w="646" /></phr></stem><stem n="diagnost"><phr n="Diagnostics"><ent r="3" t="40" w="648" /><ent r="5" t="40" w="659" /></phr></stem><stem n="yyyymmddhhmm"><phr n="yyyymmddhhmm"><ent r="5" t="40" w="713" /></phr></stem><stem n="snmpwalk'"><phr n="snmpwalk's"><ent r="4" t="40" w="722" /><ent r="4" t="40" w="721" /><ent r="3" t="41" w="137" /><ent r="3" t="41" w="136" /></phr></stem><stem n=".168.1.1:"><phr n=".168.1.1:"><ent r="3" t="40" w="772" /><ent r="3" t="40" w="801" /><ent r="3" t="40" w="818" /><ent r="3" t="40" w="842" /><ent r="3" t="40" w="858" /><ent r="3" t="40" w="876" /><ent r="3" t="40" w="895" /><ent r="3" t="40" w="914" /><ent r="3" t="40" w="930" /><ent r="3" t="40" w="946" /><ent r="3" t="40" w="972" /><ent r="3" t="40" w="991" /><ent r="3" t="40" w="1009" /><ent r="3" t="40" w="1025" /><ent r="3" t="40" w="1043" /><ent r="3" t="40" w="1061" /></phr></stem><stem n="(maximum"><phr n="(maximum"><ent r="3" t="40" w="775" /></phr></stem><stem n="9/16"><phr n="9/16"><ent r="3" t="40" w="782" /><ent r="3" t="40" w="781" /><ent r="3" t="40" w="1067" /><ent r="3" t="40" w="1066" /></phr></stem><stem n="/16/2005"><phr n="/16/2005"><ent r="3" t="40" w="783" /><ent r="3" t="40" w="1068" /></phr></stem><stem n="9/16/2005"><phr n="9/16/2005"><ent r="3" t="40" w="783" /><ent r="3" t="40" w="781" /><ent r="3" t="40" w="1068" /><ent r="3" t="40" w="1066" /></phr></stem><stem n=":04:56"><phr n=":04:56"><ent r="3" t="40" w="786" /></phr></stem><stem n=".3.6.1.2.1.1.1.0"><phr n=".3.6.1.2.1.1.1.0"><ent r="3" t="40" w="809" /></phr></stem><stem n="exampleo"><phr n="ExampleOS"><ent r="3" t="40" w="811" /></phr></stem><stem n="1.3.6.1.2.1.1.2"><phr n="1.3.6.1.2.1.1.2"><ent r="3" t="40" w="825" /><ent r="3" t="40" w="818" /><ent r="3" t="41" w="636" /><ent r="3" t="41" w="629" /></phr></stem><stem n=".3.6.1.2.1.1.2.0"><phr n=".3.6.1.2.1.1.2.0"><ent r="3" t="40" w="826" /></phr></stem></index>