﻿<?xml version="1.0" encoding="utf-8"?><index><stem n="vbtype1"><phr n="vbType1"><ent r="3" t="27" w="1333" /></phr></stem><stem n="$varbindtype1"><phr n="$VarbindType1"><ent r="3" t="27" w="1334" /></phr></stem><stem n="&quot;type"><phr n="&quot;Type"><ent r="3" t="27" w="1336" /><ent r="3" t="27" w="1354" /><ent r="3" t="27" w="1372" /><ent r="3" t="27" w="1390" /><ent r="3" t="27" w="1408" /><ent r="3" t="27" w="1426" /><ent r="3" t="27" w="1444" /><ent r="3" t="27" w="1462" /><ent r="3" t="27" w="1480" /><ent r="3" t="27" w="1498" /></phr></stem><stem n="vboid1"><phr n="vbOID1"><ent r="3" t="27" w="1339" /></phr></stem><stem n="$varbindoid1"><phr n="$VarbindOID1"><ent r="3" t="27" w="1340" /></phr></stem><stem n="&quot;oid"><phr n="&quot;OID"><ent r="3" t="27" w="1342" /><ent r="3" t="27" w="1360" /><ent r="3" t="27" w="1378" /><ent r="3" t="27" w="1396" /><ent r="3" t="27" w="1414" /><ent r="3" t="27" w="1432" /><ent r="3" t="27" w="1450" /><ent r="3" t="27" w="1468" /><ent r="3" t="27" w="1486" /><ent r="3" t="27" w="1504" /></phr></stem><stem n="vbval2"><phr n="vbVal2"><ent r="3" t="27" w="1345" /></phr></stem><stem n="varbind2"><phr n="Varbind2"><ent r="3" t="27" w="1350" /><ent r="3" t="27" w="1356" /><ent r="3" t="27" w="1362" /></phr></stem><stem n="vbtype2"><phr n="vbType2"><ent r="3" t="27" w="1351" /></phr></stem><stem n="$varbindtype2"><phr n="$VarbindType2"><ent r="3" t="27" w="1352" /></phr></stem><stem n="vboid2"><phr n="vbOID2"><ent r="3" t="27" w="1357" /></phr></stem><stem n="$varbindoid2"><phr n="$VarbindOID2"><ent r="3" t="27" w="1358" /></phr></stem><stem n="vbval3"><phr n="vbVal3"><ent r="3" t="27" w="1363" /></phr></stem><stem n="varbind3"><phr n="Varbind3"><ent r="3" t="27" w="1368" /><ent r="3" t="27" w="1374" /><ent r="3" t="27" w="1380" /></phr></stem><stem n="vbtype3"><phr n="vbType3"><ent r="3" t="27" w="1369" /></phr></stem><stem n="$varbindtype3"><phr n="$VarbindType3"><ent r="3" t="27" w="1370" /></phr></stem><stem n="vboid3"><phr n="vbOID3"><ent r="3" t="27" w="1375" /></phr></stem><stem n="$varbindoid3"><phr n="$VarbindOID3"><ent r="3" t="27" w="1376" /></phr></stem><stem n="vbval4"><phr n="vbVal4"><ent r="3" t="27" w="1381" /></phr></stem><stem n="$varbindvalue4"><phr n="$VarbindValue4"><ent r="3" t="27" w="1382" /></phr></stem><stem n="varbind4"><phr n="Varbind4"><ent r="3" t="27" w="1386" /><ent r="3" t="27" w="1392" /><ent r="3" t="27" w="1398" /></phr></stem><stem n="vbtype4"><phr n="vbType4"><ent r="3" t="27" w="1387" /></phr></stem><stem n="$varbindtype4"><phr n="$VarbindType4"><ent r="3" t="27" w="1388" /></phr></stem><stem n="vboid4"><phr n="vbOID4"><ent r="3" t="27" w="1393" /></phr></stem><stem n="$varbindoid4"><phr n="$VarbindOID4"><ent r="3" t="27" w="1394" /></phr></stem><stem n="vbval5"><phr n="vbVal5"><ent r="3" t="27" w="1399" /></phr></stem><stem n="$varbindvalue5"><phr n="$VarbindValue5"><ent r="3" t="27" w="1400" /></phr></stem><stem n="varbind5"><phr n="Varbind5"><ent r="3" t="27" w="1404" /><ent r="3" t="27" w="1410" /><ent r="3" t="27" w="1416" /></phr></stem><stem n="vbtype5"><phr n="vbType5"><ent r="3" t="27" w="1405" /></phr></stem><stem n="$varbindtype5"><phr n="$VarbindType5"><ent r="3" t="27" w="1406" /></phr></stem><stem n="vboid5"><phr n="vbOID5"><ent r="3" t="27" w="1411" /></phr></stem><stem n="$varbindoid5"><phr n="$VarbindOID5"><ent r="3" t="27" w="1412" /></phr></stem><stem n="vbval6"><phr n="vbVal6"><ent r="3" t="27" w="1417" /></phr></stem><stem n="$varbindvalue6"><phr n="$VarbindValue6"><ent r="3" t="27" w="1418" /></phr></stem><stem n="varbind6"><phr n="Varbind6"><ent r="3" t="27" w="1422" /><ent r="3" t="27" w="1428" /><ent r="3" t="27" w="1434" /></phr></stem><stem n="vbtype6"><phr n="vbType6"><ent r="3" t="27" w="1423" /></phr></stem><stem n="$varbindtype6"><phr n="$VarbindType6"><ent r="3" t="27" w="1424" /></phr></stem><stem n="vboid6"><phr n="vbOID6"><ent r="3" t="27" w="1429" /></phr></stem><stem n="$varbindoid6"><phr n="$VarbindOID6"><ent r="3" t="27" w="1430" /></phr></stem><stem n="vbval7"><phr n="vbVal7"><ent r="3" t="27" w="1435" /></phr></stem><stem n="$varbindvalue7"><phr n="$VarbindValue7"><ent r="3" t="27" w="1436" /></phr></stem><stem n="varbind7"><phr n="Varbind7"><ent r="3" t="27" w="1440" /><ent r="3" t="27" w="1446" /><ent r="3" t="27" w="1452" /></phr></stem><stem n="vbtype7"><phr n="vbType7"><ent r="3" t="27" w="1441" /></phr></stem><stem n="$varbindtype7"><phr n="$VarbindType7"><ent r="3" t="27" w="1442" /></phr></stem><stem n="vboid7"><phr n="vbOID7"><ent r="3" t="27" w="1447" /></phr></stem><stem n="$varbindoid7"><phr n="$VarbindOID7"><ent r="3" t="27" w="1448" /></phr></stem><stem n="vbval8"><phr n="vbVal8"><ent r="3" t="27" w="1453" /></phr></stem><stem n="$varbindvalue8"><phr n="$VarbindValue8"><ent r="3" t="27" w="1454" /></phr></stem><stem n="varbind8"><phr n="Varbind8"><ent r="3" t="27" w="1458" /><ent r="3" t="27" w="1464" /><ent r="3" t="27" w="1470" /></phr></stem><stem n="vbtype8"><phr n="vbType8"><ent r="3" t="27" w="1459" /></phr></stem><stem n="$varbindtype8"><phr n="$VarbindType8"><ent r="3" t="27" w="1460" /></phr></stem><stem n="vboid8"><phr n="vbOID8"><ent r="3" t="27" w="1465" /></phr></stem><stem n="$varbindoid8"><phr n="$VarbindOID8"><ent r="3" t="27" w="1466" /></phr></stem><stem n="vbval9"><phr n="vbVal9"><ent r="3" t="27" w="1471" /></phr></stem><stem n="$varbindvalue9"><phr n="$VarbindValue9"><ent r="3" t="27" w="1472" /></phr></stem><stem n="varbind9"><phr n="Varbind9"><ent r="3" t="27" w="1476" /><ent r="3" t="27" w="1482" /><ent r="3" t="27" w="1488" /></phr></stem><stem n="vbtype9"><phr n="vbType9"><ent r="3" t="27" w="1477" /></phr></stem><stem n="$varbindtype9"><phr n="$VarbindType9"><ent r="3" t="27" w="1478" /></phr></stem><stem n="vboid9"><phr n="vbOID9"><ent r="3" t="27" w="1483" /></phr></stem><stem n="$varbindoid9"><phr n="$VarbindOID9"><ent r="3" t="27" w="1484" /></phr></stem><stem n="vbval10"><phr n="vbVal10"><ent r="3" t="27" w="1489" /></phr></stem><stem n="$varbindvalue10"><phr n="$VarbindValue10"><ent r="3" t="27" w="1490" /></phr></stem><stem n="varbind10"><phr n="Varbind10"><ent r="3" t="27" w="1494" /><ent r="3" t="27" w="1500" /><ent r="3" t="27" w="1506" /></phr></stem><stem n="vbtype10"><phr n="vbType10"><ent r="3" t="27" w="1495" /></phr></stem><stem n="$varbindtype10"><phr n="$VarbindType10"><ent r="3" t="27" w="1496" /></phr></stem><stem n="vboid10"><phr n="vbOID10"><ent r="3" t="27" w="1501" /></phr></stem><stem n="$varbindoid10"><phr n="$VarbindOID10"><ent r="3" t="27" w="1502" /></phr></stem><stem n="&lt;/b5"><phr n="&lt;/B5"><ent r="3" t="27" w="1514" /><ent r="3" t="27" w="1507" /><ent r="3" t="35" w="203" /><ent r="3" t="35" w="198" /></phr><phr n="&lt;/b5"><ent r="3" t="34" w="549" /><ent r="3" t="34" w="544" /><ent r="3" t="34" w="803" /><ent r="3" t="34" w="798" /></phr></stem><stem n="\b5\inform"><phr n="\B5\Information"><ent r="3" t="27" w="1515" /></phr></stem><stem n="\4\communitystring:\0\"><phr n="\4\CommunityString:\0\"><ent r="3" t="27" w="1523" /></phr></stem><stem n="$commstringvar"><phr n="$commStringVar"><ent r="3" t="27" w="1523" /></phr></stem><stem n="\4\"><phr n="\4\"><ent r="3" t="27" w="1525" /><ent r="3" t="27" w="1529" /><ent r="3" t="27" w="1533" /><ent r="3" t="27" w="1537" /><ent r="3" t="27" w="1545" /><ent r="3" t="27" w="1553" /><ent r="3" t="27" w="1561" /><ent r="3" t="27" w="1569" /><ent r="3" t="27" w="1579" /><ent r="3" t="27" w="1597" /><ent r="3" t="27" w="1603" /><ent r="3" t="27" w="1610" /><ent r="3" t="27" w="1632" /><ent r="3" t="27" w="1654" /><ent r="3" t="27" w="1661" /><ent r="3" t="27" w="1668" /><ent r="3" t="27" w="1675" /><ent r="3" t="27" w="1682" /><ent r="3" t="27" w="1689" /><ent r="3" t="27" w="1696" /><ent r="3" t="27" w="1703" /><ent r="3" t="27" w="1710" /><ent r="3" t="34" w="556" /><ent r="3" t="34" w="560" /><ent r="3" t="34" w="810" /><ent r="3" t="34" w="814" /></phr></stem><stem n=":\0\"><phr n=":\0\"><ent r="3" t="27" w="1527" /><ent r="3" t="27" w="1531" /><ent r="3" t="27" w="1535" /><ent r="3" t="27" w="1539" /><ent r="3" t="27" w="1547" /><ent r="3" t="27" w="1555" /><ent r="3" t="27" w="1563" /><ent r="3" t="27" w="1571" /><ent r="3" t="27" w="1581" /><ent r="3" t="27" w="1599" /><ent r="3" t="27" w="1606" /><ent r="3" t="27" w="1613" /><ent r="3" t="27" w="1620" /><ent r="3" t="27" w="1628" /><ent r="3" t="27" w="1635" /><ent r="3" t="32" w="615" /><ent r="3" t="32" w="625" /><ent r="3" t="34" w="558" /><ent r="3" t="34" w="562" /><ent r="3" t="34" w="812" /><ent r="3" t="34" w="816" /></phr></stem><stem n="$timestampvar"><phr n="$timeStampVar"><ent r="3" t="27" w="1527" /></phr></stem><stem n="$agentadrsvar"><phr n="$agentAdrsVar"><ent r="3" t="27" w="1531" /></phr></stem><stem n="$senderadrsvar"><phr n="$senderAdrsVar"><ent r="3" t="27" w="1535" /></phr></stem><stem n="$generictrapvar"><phr n="$genericTrapVar"><ent r="3" t="27" w="1539" /></phr></stem><stem n="3ig"><phr n="3IG"><ent r="3" t="27" w="1540" /><ent r="3" t="27" w="1548" /><ent r="3" t="27" w="1556" /><ent r="3" t="27" w="1564" /><ent r="3" t="27" w="1572" /><ent r="3" t="27" w="1582" /><ent r="3" t="27" w="1600" /><ent r="3" t="27" w="1607" /><ent r="3" t="27" w="1614" /><ent r="3" t="27" w="1621" /><ent r="3" t="27" w="1629" /><ent r="3" t="27" w="1636" /><ent r="3" t="27" w="1645" /></phr></stem><stem n="\3ig\(v1"><phr n="\3IG\(v1"><ent r="3" t="27" w="1541" /><ent r="3" t="27" w="1549" /><ent r="3" t="27" w="1557" /></phr></stem><stem n="p0m"><phr n="P0M"><ent r="3" t="27" w="1543" /><ent r="3" t="27" w="1551" /><ent r="3" t="27" w="1559" /><ent r="3" t="27" w="1567" /><ent r="3" t="27" w="1577" /><ent r="3" t="27" w="1587" /><ent r="3" t="27" w="1601" /><ent r="3" t="27" w="1608" /><ent r="3" t="27" w="1615" /><ent r="3" t="27" w="1622" /><ent r="3" t="27" w="1630" /><ent r="3" t="27" w="1637" /><ent r="3" t="27" w="1652" /></phr></stem><stem n="\p0m\"><phr n="\P0M\"><ent r="3" t="27" w="1544" /><ent r="3" t="27" w="1552" /><ent r="3" t="27" w="1560" /><ent r="3" t="27" w="1568" /><ent r="3" t="27" w="1578" /><ent r="3" t="27" w="1588" /><ent r="3" t="27" w="1602" /><ent r="3" t="27" w="1609" /><ent r="3" t="27" w="1616" /><ent r="3" t="27" w="1623" /><ent r="3" t="27" w="1631" /><ent r="3" t="27" w="1638" /><ent r="3" t="27" w="1653" /></phr></stem><stem n="$specifictrapvar"><phr n="$specificTrapVar"><ent r="3" t="27" w="1547" /></phr></stem><stem n="$enterprisevar"><phr n="$enterpriseVar"><ent r="3" t="27" w="1555" /></phr></stem><stem n="$trapoidvar"><phr n="$trapOIDVar"><ent r="3" t="27" w="1563" /></phr></stem><stem n="\3ig\(v2c"><phr n="\3IG\(v2c"><ent r="3" t="27" w="1565" /></phr></stem><stem n="$snmpversionvar"><phr n="$snmpVersionVar"><ent r="3" t="27" w="1571" /></phr></stem><stem n="\3ig\(0=snmpv1;"><phr n="\3IG\(0=SNMPv1;"><ent r="3" t="27" w="1575" /></phr></stem><stem n="=snmpv2c)"><phr n="=SNMPv2c)"><ent r="3" t="27" w="1577" /></phr></stem><stem n="$varbindcountvar"><phr n="$varbindCountVar"><ent r="3" t="27" w="1581" /></phr></stem><stem n="\3ig\(tot"><phr n="\3IG\(total"><ent r="3" t="27" w="1583" /></phr></stem><stem n="\b5\varbind"><phr n="\B5\Varbind"><ent r="3" t="27" w="1589" /><ent r="3" t="27" w="1639" /></phr></stem><stem n="$traptimestamp"><phr n="$trapTimeStamp"><ent r="3" t="27" w="1599" /></phr></stem><stem n="\3ig\"><phr n="\3IG\"><ent r="3" t="27" w="1601" /><ent r="3" t="27" w="1608" /><ent r="3" t="27" w="1615" /><ent r="3" t="27" w="1622" /><ent r="3" t="27" w="1630" /><ent r="3" t="27" w="1637" /></phr></stem><stem n="$devicedn"><phr n="$deviceDNS"><ent r="3" t="27" w="1613" /></phr></stem><stem n="\4\condit"><phr n="\4\Condition"><ent r="3" t="27" w="1617" /></phr></stem><stem n="$devicecondit"><phr n="$deviceCondition"><ent r="3" t="27" w="1620" /></phr></stem><stem n="\4\trap"><phr n="\4\Trap"><ent r="3" t="27" w="1624" /></phr></stem><stem n="adr"><phr n="Adrs"><ent r="3" t="27" w="1626" /></phr></stem><stem n="$trapsourceadr"><phr n="$TrapSourceAdrs"><ent r="3" t="27" w="1628" /></phr></stem><stem n="$probetyp"><phr n="$ProbeType"><ent r="3" t="27" w="1635" /></phr></stem><stem n="\3ig\(varbind"><phr n="\3IG\(Varbind"><ent r="3" t="27" w="1646" /></phr></stem><stem n="varbindlist"><phr n="VarBindList"><ent r="3" t="27" w="1654" /><ent r="3" t="27" w="1661" /><ent r="3" t="27" w="1668" /><ent r="3" t="27" w="1675" /><ent r="3" t="27" w="1682" /><ent r="3" t="27" w="1689" /><ent r="3" t="27" w="1696" /><ent r="3" t="27" w="1703" /><ent r="3" t="27" w="1710" /><ent r="3" t="27" w="1717" /></phr></stem><stem n="#1:\0\"><phr n="#1:\0\"><ent r="3" t="27" w="1657" /></phr></stem><stem n="$vbval1"><phr n="$vbVal1"><ent r="3" t="27" w="1657" /></phr></stem><stem n="$vbtype1"><phr n="$vbType1"><ent r="3" t="27" w="1658" /></phr></stem><stem n="$vboid1"><phr n="$vbOID1"><ent r="3" t="27" w="1659" /></phr></stem><stem n="#2:\0\"><phr n="#2:\0\"><ent r="3" t="27" w="1664" /></phr></stem><stem n="$vbval2"><phr n="$vbVal2"><ent r="3" t="27" w="1664" /></phr></stem><stem n="$vbtype2"><phr n="$vbType2"><ent r="3" t="27" w="1665" /></phr></stem><stem n="$vboid2"><phr n="$vbOID2"><ent r="3" t="27" w="1666" /></phr></stem><stem n="#3:\0\"><phr n="#3:\0\"><ent r="3" t="27" w="1671" /></phr></stem><stem n="$vbval3"><phr n="$vbVal3"><ent r="3" t="27" w="1671" /></phr></stem><stem n="$vbtype3"><phr n="$vbType3"><ent r="3" t="27" w="1672" /></phr></stem><stem n="$vboid3"><phr n="$vbOID3"><ent r="3" t="27" w="1673" /></phr></stem><stem n="#4:\0\"><phr n="#4:\0\"><ent r="3" t="27" w="1678" /></phr></stem><stem n="$vbval4"><phr n="$vbVal4"><ent r="3" t="27" w="1678" /></phr></stem><stem n="$vbtype4"><phr n="$vbType4"><ent r="3" t="27" w="1679" /></phr></stem><stem n="$vboid4"><phr n="$vbOID4"><ent r="3" t="27" w="1680" /></phr></stem><stem n="#5:\0\"><phr n="#5:\0\"><ent r="3" t="27" w="1685" /></phr></stem><stem n="$vbval5"><phr n="$vbVal5"><ent r="3" t="27" w="1685" /></phr></stem><stem n="$vbtype5"><phr n="$vbType5"><ent r="3" t="27" w="1686" /></phr></stem><stem n="$vboid5"><phr n="$vbOID5"><ent r="3" t="27" w="1687" /></phr></stem><stem n="#6:\0\"><phr n="#6:\0\"><ent r="3" t="27" w="1692" /></phr></stem><stem n="$vbval6"><phr n="$vbVal6"><ent r="3" t="27" w="1692" /></phr></stem><stem n="$vbtype6"><phr n="$vbType6"><ent r="3" t="27" w="1693" /></phr></stem><stem n="$vboid6"><phr n="$vbOID6"><ent r="3" t="27" w="1694" /></phr></stem><stem n="#7:\0\"><phr n="#7:\0\"><ent r="3" t="27" w="1699" /></phr></stem><stem n="$vbval7"><phr n="$vbVal7"><ent r="3" t="27" w="1699" /></phr></stem><stem n="$vbtype7"><phr n="$vbType7"><ent r="3" t="27" w="1700" /></phr></stem><stem n="$vboid7"><phr n="$vbOID7"><ent r="3" t="27" w="1701" /></phr></stem><stem n="#8:\0\"><phr n="#8:\0\"><ent r="3" t="27" w="1706" /></phr></stem><stem n="$vbval8"><phr n="$vbVal8"><ent r="3" t="27" w="1706" /></phr></stem><stem n="$vbtype8"><phr n="$vbType8"><ent r="3" t="27" w="1707" /></phr></stem><stem n="$vboid8"><phr n="$vbOID8"><ent r="3" t="27" w="1708" /></phr></stem><stem n="#9:\0\"><phr n="#9:\0\"><ent r="3" t="27" w="1713" /></phr></stem><stem n="$vbval9"><phr n="$vbVal9"><ent r="3" t="27" w="1713" /></phr></stem><stem n="$vbtype9"><phr n="$vbType9"><ent r="3" t="27" w="1714" /></phr></stem><stem n="$vboid9"><phr n="$vbOID9"><ent r="3" t="27" w="1715" /></phr></stem><stem n="\4\varbindlist"><phr n="\4\VarBindList"><ent r="3" t="27" w="1717" /></phr></stem><stem n="#10:\0\"><phr n="#10:\0\"><ent r="3" t="27" w="1720" /></phr></stem><stem n="$vbval10"><phr n="$vbVal10"><ent r="3" t="27" w="1720" /></phr></stem><stem n="$vbtype10"><phr n="$vbType10"><ent r="3" t="27" w="1721" /></phr></stem><stem n="$vboid10"><phr n="$vbOID10"><ent r="3" t="27" w="1722" /></phr></stem><stem n="asn"><phr n="ASN"><ent r="100" t="28" w="17" /><ent r="3" t="28" w="42" /><ent r="3" t="41" w="481" /></phr></stem><stem n="asn.1"><phr n="ASN.1"><ent r="100" t="28" w="18" /><ent r="100" t="28" w="17" /><ent r="3" t="28" w="43" /><ent r="3" t="28" w="42" /><ent r="3" t="41" w="482" /><ent r="3" t="41" w="481" /></phr></stem><stem n="*****************************************************************"><phr n="*****************************************************************"><ent r="3" t="28" w="47" /><ent r="3" t="28" w="66" /></phr></stem><stem n="-mib"><phr n="-MIB"><ent r="3" t="28" w="47" /><ent r="3" t="28" w="47" /><ent r="3" t="28" w="66" /><ent r="3" t="28" w="66" /></phr></stem><stem n="dartware-mib"><phr n="DARTWARE-MIB"><ent r="3" t="28" w="47" /><ent r="3" t="28" w="66" /></phr></stem><stem n="-2007"><phr n="-2007"><ent r="3" t="28" w="58" /><ent r="3" t="28" w="58" /></phr></stem><stem n="2000-2007"><phr n="2000-2007"><ent r="3" t="28" w="58" /></phr></stem><stem n="::="><phr n="::="><ent r="3" t="28" w="69" /><ent r="3" t="28" w="160" /><ent r="3" t="28" w="165" /><ent r="3" t="28" w="170" /><ent r="3" t="28" w="203" /><ent r="3" t="28" w="235" /><ent r="3" t="28" w="269" /><ent r="3" t="28" w="300" /><ent r="3" t="28" w="325" /><ent r="3" t="28" w="352" /><ent r="3" t="28" w="390" /><ent r="3" t="28" w="394" /><ent r="3" t="28" w="421" /></phr></stem><stem n="module-ident"><phr n="MODULE-IDENTITY"><ent r="3" t="28" w="71" /><ent r="3" t="28" w="86" /></phr></stem><stem n="-identity,"><phr n="-IDENTITY,"><ent r="3" t="28" w="73" /><ent r="3" t="28" w="73" /></phr></stem><stem n="object-typ"><phr n="OBJECT-TYPE"><ent r="3" t="28" w="73" /><ent r="3" t="28" w="173" /><ent r="3" t="28" w="206" /><ent r="3" t="28" w="238" /><ent r="3" t="28" w="272" /><ent r="3" t="28" w="303" /><ent r="3" t="28" w="328" /></phr></stem><stem n="-type,"><phr n="-TYPE,"><ent r="3" t="28" w="75" /><ent r="3" t="28" w="75" /><ent r="3" t="28" w="77" /><ent r="3" t="28" w="77" /></phr></stem><stem n="notification-typ"><phr n="NOTIFICATION-TYPE"><ent r="3" t="28" w="75" /><ent r="3" t="28" w="364" /><ent r="3" t="28" w="397" /></phr></stem><stem n="-smi"><phr n="-SMI"><ent r="3" t="28" w="79" /><ent r="3" t="28" w="79" /></phr></stem><stem n="snmpv2-smi"><phr n="SNMPv2-SMI"><ent r="3" t="28" w="79" /></phr></stem><stem n="smi"><phr n="SMI"><ent r="3" t="28" w="80" /></phr></stem><stem n="displaystr"><phr n="DisplayString"><ent r="3" t="28" w="81" /><ent r="3" t="28" w="176" /><ent r="3" t="28" w="209" /><ent r="3" t="28" w="241" /><ent r="3" t="28" w="275" /><ent r="3" t="28" w="306" /><ent r="3" t="28" w="331" /></phr></stem><stem n="snmpv2-tc"><phr n="SNMPv2-TC"><ent r="3" t="28" w="83" /></phr></stem><stem n="tc"><phr n="TC"><ent r="3" t="28" w="84" /></phr></stem><stem n="-tc;"><phr n="-TC;"><ent r="3" t="28" w="85" /><ent r="3" t="28" w="85" /></phr></stem><stem n="-ident"><phr n="-IDENTITY"><ent r="3" t="28" w="86" /><ent r="3" t="28" w="86" /></phr></stem><stem n="-updat"><phr n="-UPDATED"><ent r="3" t="28" w="88" /><ent r="3" t="28" w="88" /></phr></stem><stem n="last-upd"><phr n="LAST-UPDATED"><ent r="3" t="28" w="88" /></phr></stem><stem n="200507270000z"><phr n="200507270000Z"><ent r="3" t="28" w="90" /><ent r="3" t="28" w="152" /></phr></stem><stem n="&quot;200507270000z&quot;"><phr n="&quot;200507270000Z&quot;"><ent r="3" t="28" w="91" /><ent r="3" t="28" w="153" /></phr></stem><stem n="&quot;dartware,"><phr n="&quot;Dartware,"><ent r="3" t="28" w="93" /><ent r="3" t="28" w="97" /></phr></stem><stem n="-info"><phr n="-INFO"><ent r="3" t="28" w="94" /><ent r="3" t="28" w="94" /></phr></stem><stem n="contact"><phr n="CONTACT"><ent r="3" t="28" w="94" /></phr></stem><stem n="contact-info"><phr n="CONTACT-INFO"><ent r="3" t="28" w="94" /></phr></stem><stem n="postal"><phr n="Postal"><ent r="3" t="28" w="100" /></phr></stem><stem n="tel"><phr n="Tel"><ent r="3" t="28" w="109" /></phr></stem><stem n="+1"><phr n="+1"><ent r="3" t="28" w="110" /><ent r="3" t="30" w="875" /><ent r="3" t="31" w="3477" /></phr></stem><stem n="-9600"><phr n="-9600"><ent r="3" t="28" w="112" /><ent r="3" t="28" w="112" /></phr></stem><stem n="643-9600"><phr n="643-9600"><ent r="3" t="28" w="112" /></phr></stem><stem n="9600"><phr n="9600"><ent r="3" t="28" w="113" /></phr></stem><stem n="-mail:"><phr n="-mail:"><ent r="3" t="28" w="116" /><ent r="3" t="28" w="116" /></phr></stem><stem n="@dartware.com&quot;"><phr n="@dartware.com&quot;"><ent r="3" t="28" w="119" /></phr></stem><stem n="&quot;thi"><phr n="&quot;This"><ent r="3" t="28" w="120" /><ent r="3" t="30" w="438" /><ent r="3" t="51" w="200" /><ent r="3" t="51" w="222" /><ent r="4" t="51" w="354" /><ent r="7" t="53" w="118" /></phr></stem><stem n="revis"><phr n="REVISION"><ent r="3" t="28" w="131" /><ent r="3" t="28" w="144" /><ent r="3" t="28" w="151" /></phr></stem><stem n="200705300000z"><phr n="200705300000Z"><ent r="3" t="28" w="132" /></phr></stem><stem n="&quot;200705300000z&quot;"><phr n="&quot;200705300000Z&quot;"><ent r="3" t="28" w="133" /></phr></stem><stem n="&quot;updat"><phr n="&quot;Updated"><ent r="3" t="28" w="134" /></phr></stem><stem n="intermappermessag"><phr n="intermapperMessage"><ent r="3" t="28" w="143" /><ent r="3" t="28" w="205" /><ent r="3" t="28" w="374" /><ent r="3" t="28" w="401" /></phr></stem><stem n="200512150000z"><phr n="200512150000Z"><ent r="3" t="28" w="145" /></phr></stem><stem n="&quot;200512150000z&quot;"><phr n="&quot;200512150000Z&quot;"><ent r="3" t="28" w="146" /></phr></stem><stem n="&quot;ad"><phr n="&quot;Added"><ent r="3" t="28" w="147" /></phr></stem><stem n="intermapperdeviceaddress"><phr n="intermapperDeviceAddress"><ent r="3" t="28" w="148" /><ent r="3" t="28" w="302" /><ent r="3" t="28" w="404" /></phr></stem><stem n="intermapperprobetyp"><phr n="intermapperProbeType"><ent r="3" t="28" w="150" /><ent r="3" t="28" w="327" /><ent r="3" t="28" w="405" /></phr></stem><stem n="-type"><phr n="-TYPE"><ent r="3" t="28" w="173" /><ent r="3" t="28" w="173" /><ent r="3" t="28" w="206" /><ent r="3" t="28" w="206" /><ent r="3" t="28" w="238" /><ent r="3" t="28" w="238" /><ent r="3" t="28" w="272" /><ent r="3" t="28" w="272" /><ent r="3" t="28" w="303" /><ent r="3" t="28" w="303" /><ent r="3" t="28" w="328" /><ent r="3" t="28" w="328" /><ent r="3" t="28" w="358" /><ent r="3" t="28" w="358" /><ent r="3" t="28" w="364" /><ent r="3" t="28" w="364" /><ent r="3" t="28" w="368" /><ent r="3" t="28" w="368" /><ent r="3" t="28" w="397" /><ent r="3" t="28" w="397" /></phr><phr n="-type"><ent r="100" t="57" w="20" /><ent r="100" t="57" w="20" /><ent r="3" t="57" w="34" /><ent r="3" t="57" w="34" /></phr></stem><stem n="(size(0..255))"><phr n="(SIZE(0..255))"><ent r="3" t="28" w="180" /><ent r="3" t="28" w="213" /><ent r="3" t="28" w="245" /><ent r="3" t="28" w="279" /><ent r="3" t="28" w="310" /><ent r="3" t="28" w="335" /></phr></stem><stem n="max-access"><phr n="MAX-ACCESS"><ent r="3" t="28" w="180" /><ent r="3" t="28" w="213" /><ent r="3" t="28" w="245" /><ent r="3" t="28" w="279" /><ent r="3" t="28" w="310" /><ent r="3" t="28" w="335" /></phr></stem><stem n="read-onli"><phr n="read-only"><ent r="3" t="28" w="182" /><ent r="3" t="28" w="215" /><ent r="3" t="28" w="247" /><ent r="3" t="28" w="281" /><ent r="3" t="28" w="312" /><ent r="3" t="28" w="337" /><ent r="4" t="39" w="240" /><ent r="4" t="40" w="137" /></phr></stem><stem n="&quot;the"><phr n="&quot;The"><ent r="3" t="28" w="187" /><ent r="3" t="28" w="220" /><ent r="3" t="28" w="252" /><ent r="3" t="28" w="286" /><ent r="3" t="28" w="317" /><ent r="3" t="28" w="342" /><ent r="3" t="28" w="378" /><ent r="3" t="28" w="409" /></phr></stem><stem n="mm"><phr n="mm"><ent r="3" t="28" w="198" /><ent r="3" t="28" w="201" /></phr></stem><stem n="'mm/dd"><phr n="'mm/dd"><ent r="3" t="28" w="199" /></phr></stem><stem n="mm/dd"><phr n="mm/dd"><ent r="3" t="28" w="199" /><ent r="3" t="28" w="198" /></phr></stem><stem n="hh"><phr n="hh"><ent r="3" t="28" w="200" /></phr></stem><stem n="ss"><phr n="ss"><ent r="3" t="28" w="202" /></phr></stem><stem n=":mm:ss'.&quot;"><phr n=":mm:ss'.&quot;"><ent r="3" t="28" w="203" /></phr></stem><stem n="intermapperdevicenam"><phr n="intermapperDeviceName"><ent r="3" t="28" w="237" /><ent r="3" t="28" w="375" /><ent r="3" t="28" w="402" /></phr></stem><stem n="(first"><phr n="(first"><ent r="3" t="28" w="253" /></phr></stem><stem n="intermappercondit"><phr n="intermapperCondition"><ent r="3" t="28" w="271" /><ent r="3" t="28" w="376" /><ent r="3" t="28" w="403" /></phr></stem><stem n="trap-typ"><phr n="TRAP-TYPE"><ent r="3" t="28" w="358" /><ent r="3" t="28" w="368" /></phr></stem><stem n="intermappertrap"><phr n="intermapperTrap"><ent r="3" t="28" w="367" /><ent r="3" t="28" w="396" /></phr></stem><stem n="intermappernotif"><phr n="intermapperNotifications"><ent r="3" t="28" w="391" /><ent r="3" t="28" w="421" /></phr></stem><stem n="verifi"><phr n="verifies"><ent r="3" t="29" w="75" /></phr></stem><stem n="linefe"><phr n="Linefeed"><ent r="100" t="30" w="6" /><ent r="100" t="30" w="476" /><ent r="5" t="30" w="479" /></phr><phr n="linefeed"><ent r="3" t="30" w="561" /></phr></stem><stem n="./r/n"><phr n="./r/n"><ent r="100" t="30" w="8" /></phr></stem><stem n="r/n"><phr n="r/n"><ent r="100" t="30" w="8" /><ent r="100" t="30" w="7" /><ent r="100" t="31" w="35" /><ent r="100" t="31" w="34" /></phr></stem><stem n=":use"><phr n=":Use"><ent r="100" t="30" w="24" /><ent r="100" t="30" w="27" /><ent r="100" t="31" w="787" /><ent r="100" t="31" w="790" /><ent r="100" t="31" w="793" /><ent r="100" t="31" w="796" /><ent r="100" t="31" w="799" /><ent r="100" t="31" w="802" /><ent r="100" t="31" w="805" /><ent r="100" t="53" w="90" /></phr><phr n=":Using"><ent r="100" t="30" w="139" /><ent r="100" t="30" w="1173" /></phr><phr n=":uses"><ent r="100" t="33" w="94" /></phr></stem><stem n="goto"><phr n="GOTO"><ent r="100" t="30" w="26" /><ent r="100" t="30" w="360" /><ent r="100" t="30" w="960" /><ent r="82" t="30" w="968" /><ent r="3" t="30" w="1026" /><ent r="4" t="30" w="1145" /><ent r="4" t="30" w="1192" /><ent r="100" t="31" w="531" /><ent r="65" t="31" w="533" /><ent r="100" t="31" w="786" /><ent r="4" t="31" w="1640" /><ent r="5" t="31" w="1646" /><ent r="100" t="32" w="465" /></phr><phr n="goto"><ent r="3" t="30" w="367" /><ent r="3" t="30" w="389" /><ent r="3" t="30" w="874" /><ent r="3" t="30" w="895" /><ent r="3" t="30" w="911" /><ent r="4" t="30" w="1068" /><ent r="3" t="30" w="1160" /><ent r="3" t="30" w="1905" /><ent r="3" t="31" w="3406" /><ent r="3" t="31" w="3427" /><ent r="3" t="31" w="3446" /><ent r="3" t="31" w="3463" /><ent r="3" t="31" w="3520" /><ent r="3" t="31" w="3563" /><ent r="3" t="31" w="3679" /><ent r="3" t="31" w="3793" /><ent r="3" t="31" w="3909" /><ent r="3" t="31" w="3973" /><ent r="3" t="32" w="475" /><ent r="3" t="32" w="485" /></phr></stem><stem n=":argument"><phr n=":Argument"><ent r="100" t="30" w="102" /></phr></stem><stem n=":label"><phr n=":Label"><ent r="100" t="30" w="132" /></phr></stem><stem n=":script"><phr n=":Script"><ent r="100" t="30" w="165" /></phr></stem><stem n=":comment"><phr n=":Comments"><ent r="100" t="30" w="175" /></phr></stem><stem n=":ad"><phr n=":Adding"><ent r="100" t="30" w="180" /></phr></stem><stem n="white"><phr n="white"><ent r="4" t="30" w="305" /><ent r="4" t="30" w="332" /><ent r="3" t="51" w="491" /></phr></stem><stem n="&quot;string&quot;"><phr n="&quot;string&quot;"><ent r="3" t="30" w="354" /><ent r="65" t="31" w="238" /><ent r="65" t="31" w="258" /><ent r="65" t="31" w="276" /><ent r="65" t="31" w="436" /><ent r="65" t="31" w="468" /><ent r="4" t="31" w="473" /><ent r="65" t="31" w="723" /><ent r="83" t="31" w="875" /><ent r="3" t="31" w="887" /><ent r="83" t="31" w="1386" /><ent r="83" t="31" w="1882" /><ent r="83" t="31" w="2693" /><ent r="83" t="31" w="2788" /><ent r="83" t="31" w="2962" /></phr></stem><stem n="#fail"><phr n="#fail"><ent r="3" t="30" w="354" /><ent r="65" t="31" w="238" /><ent r="65" t="31" w="258" /><ent r="65" t="31" w="276" /><ent r="65" t="31" w="468" /><ent r="65" t="31" w="738" /><ent r="83" t="31" w="875" /><ent r="3" t="31" w="901" /><ent r="83" t="31" w="1386" /><ent r="5" t="31" w="1447" /><ent r="4" t="31" w="1548" /><ent r="83" t="31" w="1882" /><ent r="4" t="31" w="2025" /><ent r="83" t="31" w="2595" /><ent r="83" t="31" w="2788" /></phr></stem></index>