﻿<?xml version="1.0" encoding="utf-8"?><index><stem n="remoteaccess"><phr n="RemoteAccess"><ent r="3" t="0" w="13" /><ent r="4" t="43" w="96" /><ent r="3" t="45" w="40" /><ent r="3" t="45" w="381" /><ent r="102" t="59" w="12" /><ent r="3" t="59" w="25" /><ent r="3" t="59" w="66" /><ent r="4" t="59" w="70" /></phr></stem><stem n="5"><phr n="5"><ent r="4" t="0" w="15" /><ent r="8" t="7" w="459" /><ent r="3" t="14" w="1543" /><ent r="3" t="14" w="1548" /><ent r="3" t="14" w="1560" /><ent r="6" t="16" w="621" /><ent r="6" t="16" w="633" /><ent r="3" t="16" w="1315" /><ent r="3" t="17" w="169" /><ent r="3" t="17" w="179" /><ent r="3" t="19" w="1160" /><ent r="3" t="19" w="1195" /><ent r="3" t="19" w="1439" /><ent r="3" t="21" w="1386" /><ent r="3" t="21" w="1401" /><ent r="3" t="21" w="1412" /><ent r="3" t="24" w="336" /><ent r="4" t="25" w="556" /><ent r="4" t="25" w="582" /><ent r="3" t="25" w="1250" /><ent r="3" t="25" w="1255" /><ent r="3" t="27" w="521" /><ent r="3" t="27" w="682" /><ent r="3" t="27" w="805" /><ent r="3" t="27" w="915" /><ent r="3" t="27" w="1097" /><ent r="3" t="27" w="1245" /><ent r="3" t="27" w="1683" /><ent r="3" t="28" w="326" /><ent r="4" t="31" w="3915" /><ent r="3" t="31" w="4015" /><ent r="3" t="33" w="631" /><ent r="4" t="36" w="49" /><ent r="3" t="37" w="619" /><ent r="3" t="37" w="640" /><ent r="3" t="37" w="672" /><ent r="82" t="37" w="736" /><ent r="3" t="40" w="883" /><ent r="3" t="41" w="611" /><ent r="3" t="41" w="685" /><ent r="3" t="41" w="720" /><ent r="4" t="41" w="736" /><ent r="4" t="60" w="45" /></phr></stem><stem n=".3"><phr n=".3"><ent r="4" t="0" w="16" /><ent r="3" t="14" w="1340" /><ent r="3" t="23" w="485" /><ent r="3" t="40" w="774" /><ent r="3" t="41" w="109" /><ent r="3" t="41" w="187" /></phr></stem><stem n="5.3"><phr n="5.3"><ent r="4" t="0" w="16" /><ent r="4" t="0" w="15" /><ent r="4" t="36" w="50" /><ent r="4" t="36" w="49" /><ent r="4" t="60" w="46" /><ent r="4" t="60" w="45" /></phr></stem><stem n="3"><phr n="3"><ent r="4" t="0" w="16" /><ent r="8" t="7" w="469" /><ent r="3" t="12" w="160" /><ent r="3" t="14" w="1340" /><ent r="3" t="14" w="1497" /><ent r="3" t="14" w="1500" /><ent r="3" t="14" w="1583" /><ent r="3" t="14" w="1743" /><ent r="3" t="14" w="1761" /><ent r="3" t="14" w="1799" /><ent r="3" t="14" w="1855" /><ent r="3" t="15" w="577" /><ent r="3" t="15" w="594" /><ent r="3" t="15" w="623" /><ent r="3" t="15" w="642" /><ent r="3" t="16" w="981" /><ent r="3" t="16" w="995" /><ent r="3" t="16" w="1011" /><ent r="3" t="16" w="1027" /><ent r="100" t="16" w="1232" /><ent r="3" t="16" w="1285" /><ent r="3" t="16" w="1301" /><ent r="3" t="16" w="1491" /><ent r="3" t="16" w="1492" /><ent r="3" t="16" w="1495" /><ent r="3" t="16" w="1500" /><ent r="3" t="16" w="1501" /><ent r="3" t="16" w="1504" /><ent r="3" t="16" w="1510" /><ent r="3" t="16" w="1511" /><ent r="3" t="16" w="1513" /><ent r="3" t="16" w="1523" /><ent r="3" t="16" w="1524" /><ent r="3" t="16" w="1527" /><ent r="3" t="16" w="1534" /><ent r="3" t="16" w="1535" /><ent r="3" t="16" w="1538" /><ent r="3" t="16" w="1548" /><ent r="3" t="16" w="1560" /><ent r="3" t="16" w="1572" /><ent r="3" t="16" w="1722" /><ent r="3" t="16" w="1745" /><ent r="3" t="16" w="1761" /><ent r="3" t="19" w="1174" /><ent r="3" t="19" w="1183" /><ent r="3" t="19" w="1317" /><ent r="3" t="19" w="1334" /><ent r="3" t="19" w="1351" /><ent r="3" t="19" w="1365" /><ent r="3" t="19" w="1421" /><ent r="3" t="19" w="1478" /><ent r="3" t="19" w="1513" /><ent r="4" t="21" w="436" /><ent r="4" t="21" w="438" /><ent r="4" t="21" w="576" /><ent r="3" t="21" w="947" /><ent r="3" t="21" w="949" /><ent r="3" t="21" w="950" /><ent r="3" t="21" w="1835" /><ent r="3" t="21" w="1852" /><ent r="3" t="21" w="1855" /><ent r="3" t="21" w="1877" /><ent r="3" t="21" w="1894" /><ent r="3" t="21" w="1897" /><ent r="3" t="21" w="1919" /><ent r="3" t="21" w="1941" /><ent r="3" t="21" w="1961" /><ent r="3" t="21" w="1963" /><ent r="3" t="21" w="1968" /><ent r="3" t="21" w="1976" /><ent r="3" t="21" w="1982" /><ent r="3" t="21" w="1986" /><ent r="3" t="21" w="1991" /><ent r="5" t="21" w="2272" /><ent r="5" t="21" w="2283" /><ent r="3" t="21" w="2497" /><ent r="3" t="21" w="2506" /><ent r="3" t="21" w="2525" /><ent r="3" t="21" w="2610" /><ent r="4" t="21" w="2672" /><ent r="4" t="21" w="2704" /><ent r="4" t="21" w="2725" /><ent r="6" t="21" w="2842" /><ent r="4" t="21" w="2905" /><ent r="3" t="23" w="485" /><ent r="3" t="23" w="490" /><ent r="3" t="23" w="498" /><ent r="3" t="23" w="506" /><ent r="3" t="23" w="516" /><ent r="3" t="23" w="529" /><ent r="3" t="24" w="94" /><ent r="3" t="24" w="105" /><ent r="3" t="24" w="115" /><ent r="3" t="24" w="122" /><ent r="3" t="24" w="192" /><ent r="3" t="24" w="334" /><ent r="3" t="24" w="903" /><ent r="4" t="25" w="550" /><ent r="4" t="25" w="716" /><ent r="3" t="25" w="878" /><ent r="3" t="25" w="912" /><ent r="3" t="25" w="1367" /><ent r="3" t="26" w="76" /><ent r="3" t="26" w="109" /><ent r="3" t="26" w="118" /><ent r="3" t="26" w="128" /><ent r="4" t="26" w="212" /><ent r="4" t="26" w="271" /><ent r="4" t="26" w="281" /><ent r="3" t="27" w="440" /><ent r="3" t="27" w="454" /><ent r="3" t="27" w="471" /><ent r="3" t="27" w="484" /><ent r="3" t="27" w="492" /><ent r="3" t="27" w="498" /><ent r="3" t="27" w="513" /><ent r="3" t="27" w="529" /><ent r="3" t="27" w="594" /><ent r="3" t="27" w="601" /><ent r="3" t="27" w="615" /><ent r="3" t="27" w="632" /><ent r="3" t="27" w="645" /><ent r="3" t="27" w="653" /><ent r="3" t="27" w="659" /><ent r="3" t="27" w="674" /><ent r="3" t="27" w="690" /><ent r="3" t="27" w="724" /><ent r="3" t="27" w="738" /><ent r="3" t="27" w="755" /><ent r="3" t="27" w="768" /><ent r="3" t="27" w="776" /><ent r="3" t="27" w="782" /><ent r="3" t="27" w="797" /><ent r="3" t="27" w="813" /><ent r="3" t="27" w="834" /><ent r="3" t="27" w="848" /><ent r="3" t="27" w="865" /><ent r="3" t="27" w="878" /><ent r="3" t="27" w="886" /><ent r="3" t="27" w="892" /><ent r="3" t="27" w="907" /><ent r="3" t="27" w="923" /><ent r="3" t="27" w="938" /><ent r="3" t="27" w="951" /><ent r="3" t="27" w="964" /><ent r="3" t="27" w="977" /><ent r="3" t="27" w="990" /><ent r="3" t="27" w="1003" /><ent r="3" t="27" w="1023" /><ent r="3" t="27" w="1030" /><ent r="3" t="27" w="1047" /><ent r="3" t="27" w="1060" /><ent r="3" t="27" w="1068" /><ent r="3" t="27" w="1074" /><ent r="3" t="27" w="1089" /><ent r="3" t="27" w="1105" /><ent r="3" t="27" w="1177" /><ent r="3" t="27" w="1191" /><ent r="3" t="27" w="1205" /><ent r="3" t="27" w="1213" /><ent r="3" t="27" w="1222" /><ent r="3" t="27" w="1237" /><ent r="3" t="27" w="1253" /><ent r="3" t="27" w="1669" /><ent r="3" t="28" w="270" /><ent r="5" t="30" w="1476" /><ent r="3" t="30" w="1783" /><ent r="3" t="30" w="1788" /><ent r="5" t="31" w="2109" /><ent r="4" t="31" w="2112" /><ent r="4" t="31" w="2127" /><ent r="4" t="31" w="2143" /><ent r="5" t="31" w="3044" /><ent r="4" t="31" w="3054" /><ent r="4" t="31" w="3324" /><ent r="3" t="31" w="3447" /><ent r="3" t="31" w="3565" /><ent r="4" t="31" w="3685" /><ent r="3" t="34" w="528" /><ent r="3" t="34" w="782" /><ent r="4" t="36" w="50" /><ent r="3" t="36" w="380" /><ent r="3" t="36" w="485" /><ent r="4" t="37" w="476" /><ent r="5" t="37" w="787" /><ent r="3" t="39" w="344" /><ent r="3" t="39" w="348" /><ent r="3" t="39" w="354" /><ent r="3" t="39" w="359" /><ent r="3" t="39" w="368" /><ent r="3" t="39" w="370" /><ent r="3" t="39" w="381" /><ent r="3" t="39" w="402" /><ent r="3" t="39" w="411" /><ent r="3" t="39" w="501" /><ent r="3" t="39" w="513" /><ent r="3" t="39" w="521" /><ent r="3" t="39" w="544" /><ent r="3" t="40" w="95" /><ent r="4" t="40" w="242" /><ent r="3" t="40" w="449" /><ent r="3" t="40" w="498" /><ent r="3" t="40" w="510" /><ent r="3" t="40" w="555" /><ent r="3" t="40" w="566" /><ent r="3" t="40" w="610" /><ent r="3" t="40" w="774" /><ent r="3" t="40" w="802" /><ent r="3" t="40" w="819" /><ent r="3" t="40" w="829" /><ent r="3" t="40" w="843" /><ent r="3" t="40" w="849" /><ent r="3" t="40" w="859" /><ent r="3" t="40" w="877" /><ent r="3" t="40" w="896" /><ent r="3" t="40" w="915" /><ent r="3" t="40" w="931" /><ent r="3" t="40" w="947" /><ent r="3" t="40" w="959" /><ent r="3" t="40" w="973" /><ent r="3" t="40" w="981" /><ent r="3" t="40" w="992" /><ent r="3" t="40" w="1010" /><ent r="3" t="40" w="1026" /><ent r="3" t="40" w="1044" /><ent r="3" t="41" w="109" /><ent r="3" t="41" w="178" /><ent r="3" t="41" w="184" /><ent r="3" t="41" w="187" /><ent r="3" t="41" w="199" /><ent r="3" t="41" w="550" /><ent r="3" t="41" w="566" /><ent r="3" t="41" w="569" /><ent r="3" t="41" w="614" /><ent r="3" t="41" w="630" /><ent r="3" t="41" w="652" /><ent r="3" t="41" w="658" /><ent r="3" t="41" w="666" /><ent r="3" t="41" w="679" /><ent r="3" t="41" w="719" /><ent r="4" t="41" w="735" /><ent r="3" t="52" w="105" /><ent r="4" t="60" w="46" /></phr></stem><stem n="-mail"><phr n="-mail"><ent r="100" t="0" w="18" /><ent r="100" t="0" w="18" /><ent r="3" t="38" w="447" /><ent r="3" t="38" w="447" /></phr></stem><stem n="e"><phr n="E"><ent r="100" t="0" w="18" /><ent r="3" t="28" w="114" /><ent r="6" t="31" w="603" /><ent r="6" t="31" w="642" /><ent r="5" t="31" w="2297" /><ent r="5" t="31" w="2533" /></phr><phr n="e"><ent r="3" t="0" w="60" /><ent r="3" t="1" w="133" /><ent r="4" t="7" w="598" /><ent r="5" t="14" w="1238" /><ent r="4" t="16" w="233" /><ent r="3" t="18" w="19" /><ent r="4" t="18" w="255" /><ent r="3" t="18" w="718" /><ent r="4" t="18" w="866" /><ent r="4" t="19" w="161" /><ent r="4" t="19" w="499" /><ent r="4" t="21" w="433" /><ent r="4" t="21" w="574" /><ent r="4" t="21" w="600" /><ent r="4" t="21" w="607" /><ent r="4" t="21" w="632" /><ent r="4" t="21" w="1112" /><ent r="3" t="21" w="1368" /><ent r="3" t="21" w="1396" /><ent r="4" t="21" w="1662" /><ent r="3" t="24" w="296" /><ent r="4" t="30" w="318" /><ent r="5" t="30" w="1474" /><ent r="3" t="31" w="3479" /><ent r="3" t="31" w="3878" /><ent r="4" t="33" w="493" /><ent r="3" t="38" w="447" /><ent r="100" t="40" w="9" /><ent r="3" t="40" w="88" /><ent r="5" t="40" w="146" /><ent r="4" t="40" w="188" /><ent r="4" t="40" w="346" /><ent r="4" t="40" w="352" /><ent r="3" t="40" w="603" /><ent r="3" t="41" w="377" /><ent r="5" t="55" w="1485" /><ent r="5" t="55" w="1504" /><ent r="5" t="55" w="1535" /><ent r="5" t="55" w="1555" /><ent r="5" t="55" w="1570" /><ent r="5" t="55" w="1589" /><ent r="5" t="55" w="1614" /></phr></stem><stem n="e-mail"><phr n="E-mail"><ent r="100" t="0" w="18" /><ent r="3" t="28" w="114" /></phr><phr n="e-mail"><ent r="3" t="0" w="60" /><ent r="4" t="18" w="255" /><ent r="3" t="18" w="718" /><ent r="3" t="38" w="447" /></phr></stem><stem n="mail"><phr n="mail"><ent r="100" t="0" w="19" /><ent r="3" t="0" w="61" /><ent r="3" t="7" w="253" /><ent r="4" t="18" w="256" /><ent r="3" t="18" w="719" /><ent r="3" t="28" w="115" /><ent r="3" t="38" w="448" /></phr></stem><stem n="network"><phr n="network"><ent r="3" t="0" w="24" /><ent r="3" t="0" w="44" /><ent r="3" t="0" w="100" /><ent r="3" t="0" w="134" /><ent r="3" t="1" w="177" /><ent r="3" t="3" w="422" /><ent r="6" t="5" w="922" /><ent r="6" t="5" w="965" /><ent r="6" t="5" w="1008" /><ent r="5" t="14" w="129" /><ent r="5" t="14" w="166" /><ent r="5" t="14" w="316" /><ent r="5" t="14" w="464" /><ent r="5" t="14" w="474" /><ent r="5" t="14" w="803" /><ent r="5" t="14" w="817" /><ent r="5" t="14" w="832" /><ent r="5" t="14" w="846" /><ent r="5" t="14" w="1103" /><ent r="3" t="25" w="294" /><ent r="3" t="28" w="320" /><ent r="3" t="31" w="2765" /><ent r="4" t="51" w="167" /><ent r="5" t="51" w="582" /><ent r="4" t="51" w="591" /><ent r="5" t="55" w="1554" /></phr><phr n="Network"><ent r="100" t="51" w="579" /></phr></stem><stem n="monitor"><phr n="monitoring"><ent r="3" t="0" w="25" /><ent r="3" t="0" w="135" /><ent r="3" t="3" w="423" /><ent r="3" t="25" w="322" /></phr><phr n="monitors"><ent r="3" t="0" w="98" /></phr><phr n="monitor"><ent r="3" t="3" w="84" /><ent r="3" t="15" w="51" /><ent r="3" t="18" w="12" /></phr><phr n="monitored"><ent r="5" t="14" w="172" /><ent r="3" t="45" w="60" /></phr></stem><stem n="alert"><phr n="alerting"><ent r="3" t="0" w="27" /></phr><phr n="alert"><ent r="3" t="3" w="313" /></phr><phr n="Alert"><ent r="100" t="4" w="415" /><ent r="5" t="30" w="509" /></phr></stem><stem n="program"><phr n="program"><ent r="3" t="0" w="28" /><ent r="3" t="0" w="67" /><ent r="3" t="3" w="391" /><ent r="3" t="3" w="404" /><ent r="3" t="3" w="424" /><ent r="5" t="14" w="877" /><ent r="3" t="19" w="1147" /><ent r="3" t="25" w="1174" /><ent r="3" t="33" w="62" /><ent r="3" t="33" w="73" /><ent r="100" t="33" w="90" /><ent r="3" t="33" w="120" /><ent r="3" t="33" w="129" /><ent r="3" t="33" w="147" /><ent r="3" t="33" w="397" /><ent r="4" t="33" w="672" /><ent r="3" t="43" w="35" /><ent r="3" t="45" w="280" /><ent r="3" t="56" w="112" /></phr><phr n="Program"><ent r="100" t="30" w="134" /><ent r="100" t="30" w="137" /><ent r="65" t="30" w="147" /><ent r="92" t="30" w="1087" /><ent r="100" t="33" w="96" /><ent r="100" t="33" w="99" /><ent r="6" t="36" w="125" /></phr><phr n="programs"><ent r="3" t="48" w="32" /></phr></stem><stem n="."><phr n="."><ent r="3" t="0" w="29" /><ent r="3" t="0" w="45" /><ent r="3" t="0" w="72" /><ent r="3" t="0" w="108" /><ent r="3" t="0" w="136" /><ent r="3" t="0" w="165" /><ent r="3" t="0" w="191" /><ent r="3" t="0" w="207" /><ent r="3" t="0" w="217" /><ent r="3" t="1" w="49" /><ent r="3" t="1" w="74" /><ent r="3" t="1" w="97" /><ent r="3" t="1" w="117" /><ent r="3" t="1" w="122" /><ent r="3" t="1" w="162" /><ent r="3" t="1" w="174" /><ent r="3" t="1" w="199" /><ent r="3" t="1" w="218" /><ent r="3" t="1" w="247" /><ent r="3" t="1" w="268" /><ent r="3" t="1" w="285" /><ent r="3" t="1" w="320" /><ent r="3" t="1" w="348" /><ent r="3" t="1" w="388" /><ent r="3" t="1" w="406" /><ent r="3" t="1" w="439" /><ent r="3" t="1" w="555" /><ent r="3" t="1" w="571" /><ent r="3" t="1" w="586" /><ent r="3" t="1" w="642" /><ent r="3" t="1" w="665" /><ent r="3" t="1" w="711" /><ent r="3" t="2" w="31" /><ent r="3" t="2" w="47" /><ent r="3" t="3" w="38" /><ent r="3" t="3" w="67" /><ent r="3" t="3" w="85" /><ent r="3" t="3" w="94" /><ent r="3" t="3" w="120" /><ent r="3" t="3" w="154" /><ent r="4" t="3" w="200" /><ent r="4" t="3" w="224" /><ent r="4" t="3" w="240" /><ent r="3" t="3" w="279" /><ent r="3" t="3" w="307" /><ent r="3" t="3" w="329" /><ent r="3" t="3" w="341" /><ent r="3" t="3" w="356" /><ent r="3" t="3" w="382" /><ent r="3" t="3" w="411" /><ent r="3" t="3" w="425" /><ent r="3" t="3" w="440" /><ent r="3" t="3" w="454" /><ent r="3" t="3" w="487" /><ent r="3" t="3" w="510" /><ent r="3" t="4" w="25" /><ent r="3" t="4" w="48" /><ent r="3" t="4" w="68" /><ent r="3" t="4" w="88" /><ent r="3" t="4" w="127" /><ent r="3" t="4" w="156" /><ent r="3" t="4" w="169" /><ent r="3" t="4" w="196" /><ent r="3" t="4" w="212" /><ent r="3" t="4" w="226" /><ent r="3" t="4" w="273" /><ent r="3" t="4" w="305" /><ent r="3" t="4" w="321" /><ent r="3" t="4" w="337" /><ent r="3" t="4" w="359" /><ent r="3" t="4" w="374" /><ent r="3" t="4" w="389" /><ent r="3" t="5" w="31" /><ent r="3" t="5" w="60" /><ent r="6" t="5" w="104" /><ent r="6" t="5" w="164" /><ent r="6" t="5" w="189" /><ent r="6" t="5" w="203" /><ent r="6" t="5" w="220" /><ent r="6" t="5" w="233" /><ent r="6" t="5" w="254" /><ent r="6" t="5" w="295" /><ent r="6" t="5" w="322" /><ent r="6" t="5" w="355" /><ent r="6" t="5" w="365" /><ent r="5" t="5" w="379" /><ent r="5" t="5" w="390" /><ent r="5" t="5" w="411" /><ent r="5" t="5" w="425" /><ent r="5" t="5" w="441" /><ent r="6" t="5" w="465" /><ent r="5" t="5" w="489" /><ent r="6" t="5" w="517" /><ent r="6" t="5" w="640" /><ent r="6" t="5" w="666" /><ent r="6" t="5" w="680" /><ent r="3" t="5" w="712" /><ent r="6" t="5" w="870" /><ent r="6" t="5" w="882" /><ent r="6" t="5" w="915" /><ent r="6" t="5" w="944" /><ent r="6" t="5" w="957" /><ent r="6" t="5" w="1004" /><ent r="6" t="5" w="1042" /><ent r="6" t="5" w="1062" /><ent r="6" t="5" w="1091" /><ent r="4" t="5" w="1127" /><ent r="3" t="6" w="39" /><ent r="4" t="6" w="68" /><ent r="4" t="6" w="104" /><ent r="4" t="6" w="134" /><ent r="4" t="6" w="141" /><ent r="3" t="6" w="190" /><ent r="3" t="6" w="210" /><ent r="3" t="7" w="53" /><ent r="3" t="7" w="77" /><ent r="3" t="7" w="88" /><ent r="3" t="7" w="100" /><ent r="4" t="7" w="111" /><ent r="4" t="7" w="125" /><ent r="3" t="7" w="141" /><ent r="3" t="7" w="154" /><ent r="3" t="7" w="178" /><ent r="3" t="7" w="191" /><ent r="3" t="7" w="202" /><ent r="3" t="7" w="255" /><ent r="4" t="7" w="272" /><ent r="4" t="7" w="287" /><ent r="5" t="7" w="343" /><ent r="5" t="7" w="353" /><ent r="5" t="7" w="362" /><ent r="5" t="7" w="365" /><ent r="5" t="7" w="374" /><ent r="5" t="7" w="383" /><ent r="5" t="7" w="394" /><ent r="5" t="7" w="408" /><ent r="5" t="7" w="424" /><ent r="5" t="7" w="434" /><ent r="3" t="7" w="558" /><ent r="4" t="7" w="613" /><ent r="4" t="7" w="642" /><ent r="4" t="7" w="655" /><ent r="3" t="8" w="21" /><ent r="3" t="8" w="53" /><ent r="3" t="8" w="95" /><ent r="3" t="8" w="110" /><ent r="3" t="8" w="125" /><ent r="3" t="8" w="147" /><ent r="4" t="8" w="189" /><ent r="4" t="8" w="206" /><ent r="3" t="8" w="222" /><ent r="3" t="8" w="278" /><ent r="3" t="8" w="318" /><ent r="3" t="8" w="339" /><ent r="3" t="8" w="365" /><ent r="3" t="8" w="395" /><ent r="3" t="8" w="410" /><ent r="3" t="8" w="418" /><ent r="3" t="8" w="440" /><ent r="3" t="8" w="458" /><ent r="3" t="8" w="518" /><ent r="3" t="8" w="572" /><ent r="3" t="8" w="582" /><ent r="3" t="9" w="24" /><ent r="3" t="9" w="34" /><ent r="3" t="9" w="74" /><ent r="3" t="9" w="82" /><ent r="3" t="9" w="92" /><ent r="3" t="9" w="97" /><ent r="3" t="9" w="124" /><ent r="3" t="9" w="131" /><ent r="3" t="10" w="50" /><ent r="3" t="10" w="70" /><ent r="3" t="10" w="107" /><ent r="3" t="10" w="120" /><ent r="3" t="10" w="142" /><ent r="3" t="10" w="164" /><ent r="3" t="10" w="175" /><ent r="3" t="10" w="189" /><ent r="3" t="10" w="273" /><ent r="3" t="10" w="293" /><ent r="3" t="10" w="311" /><ent r="3" t="10" w="343" /><ent r="3" t="10" w="363" /><ent r="3" t="10" w="382" /><ent r="3" t="11" w="31" /><ent r="3" t="11" w="52" /><ent r="3" t="11" w="76" /><ent r="3" t="11" w="88" /><ent r="3" t="11" w="106" /><ent r="3" t="11" w="117" /><ent r="3" t="11" w="141" /><ent r="3" t="11" w="150" /><ent r="3" t="12" w="30" /><ent r="3" t="12" w="47" /><ent r="3" t="12" w="109" /><ent r="3" t="12" w="125" /><ent r="3" t="12" w="137" /><ent r="4" t="12" w="190" /><ent r="4" t="12" w="205" /><ent r="4" t="12" w="217" /><ent r="4" t="12" w="263" /><ent r="4" t="12" w="276" /><ent r="3" t="13" w="30" /><ent r="3" t="14" w="27" /><ent r="3" t="14" w="37" /><ent r="3" t="14" w="43" /><ent r="3" t="14" w="89" /><ent r="5" t="14" w="134" /><ent r="5" t="14" w="144" /><ent r="5" t="14" w="161" /><ent r="5" t="14" w="173" /><ent r="5" t="14" w="186" /><ent r="5" t="14" w="200" /><ent r="5" t="14" w="225" /><ent r="5" t="14" w="235" /><ent r="5" t="14" w="266" /><ent r="3" t="14" w="286" /><ent r="5" t="14" w="311" /><ent r="5" t="14" w="321" /><ent r="5" t="14" w="328" /><ent r="5" t="14" w="366" /><ent r="5" t="14" w="370" /><ent r="5" t="14" w="386" /><ent r="5" t="14" w="405" /><ent r="5" t="14" w="418" /><ent r="3" t="14" w="430" /><ent r="5" t="14" w="459" /><ent r="5" t="14" w="469" /><ent r="5" t="14" w="480" /><ent r="5" t="14" w="487" /><ent r="5" t="14" w="495" /><ent r="5" t="14" w="504" /><ent r="5" t="14" w="525" /><ent r="5" t="14" w="529" /><ent r="5" t="14" w="555" /><ent r="5" t="14" w="573" /><ent r="5" t="14" w="580" /><ent r="5" t="14" w="587" /><ent r="5" t="14" w="739" /><ent r="3" t="14" w="784" /><ent r="5" t="14" w="812" /><ent r="5" t="14" w="827" /><ent r="5" t="14" w="841" /><ent r="5" t="14" w="856" /><ent r="5" t="14" w="867" /><ent r="5" t="14" w="878" /><ent r="5" t="14" w="895" /><ent r="5" t="14" w="907" /><ent r="5" t="14" w="924" /><ent r="5" t="14" w="935" /><ent r="5" t="14" w="949" /><ent r="5" t="14" w="963" /><ent r="5" t="14" w="982" /><ent r="5" t="14" w="998" /><ent r="5" t="14" w="1009" /><ent r="5" t="14" w="1022" /><ent r="5" t="14" w="1055" /><ent r="5" t="14" w="1072" /><ent r="5" t="14" w="1098" /><ent r="5" t="14" w="1108" /><ent r="5" t="14" w="1115" /><ent r="5" t="14" w="1135" /><ent r="5" t="14" w="1139" /><ent r="3" t="14" w="1160" /><ent r="5" t="14" w="1194" /><ent r="5" t="14" w="1224" /><ent r="5" t="14" w="1252" /><ent r="3" t="14" w="1278" /><ent r="3" t="14" w="1304" /><ent r="3" t="14" w="1366" /><ent r="3" t="14" w="1462" /><ent r="3" t="14" w="1475" /><ent r="3" t="14" w="1650" /><ent r="3" t="14" w="1708" /><ent r="3" t="14" w="1718" /><ent r="3" t="14" w="1776" /><ent r="3" t="14" w="1898" /><ent r="3" t="14" w="1916" /><ent r="3" t="14" w="1955" /><ent r="3" t="14" w="1976" /><ent r="3" t="14" w="1991" /><ent r="3" t="14" w="2007" /><ent r="3" t="14" w="2036" /><ent r="3" t="15" w="65" /><ent r="3" t="15" w="83" /><ent r="3" t="15" w="109" /><ent r="4" t="15" w="168" /><ent r="4" t="15" w="188" /><ent r="4" t="15" w="226" /><ent r="4" t="15" w="252" /><ent r="3" t="15" w="265" /><ent r="3" t="15" w="281" /><ent r="3" t="15" w="306" /><ent r="3" t="15" w="318" /><ent r="3" t="15" w="473" /><ent r="3" t="15" w="491" /><ent r="3" t="15" w="518" /><ent r="3" t="15" w="550" /><ent r="3" t="15" w="671" /><ent r="3" t="15" w="707" /><ent r="3" t="15" w="721" /><ent r="3" t="15" w="733" /><ent r="3" t="15" w="769" /><ent r="3" t="15" w="782" /><ent r="4" t="15" w="875" /><ent r="4" t="15" w="894" /><ent r="4" t="15" w="912" /><ent r="3" t="16" w="33" /><ent r="3" t="16" w="72" /><ent r="3" t="16" w="92" /><ent r="3" t="16" w="120" /><ent r="4" t="16" w="161" /><ent r="4" t="16" w="176" /><ent r="4" t="16" w="194" /><ent r="4" t="16" w="214" /><ent r="4" t="16" w="252" /><ent r="4" t="16" w="274" /><ent r="4" t="16" w="299" /><ent r="4" t="16" w="324" /><ent r="6" t="16" w="357" /><ent r="6" t="16" w="376" /><ent r="6" t="16" w="389" /><ent r="6" t="16" w="424" /><ent r="6" t="16" w="508" /><ent r="6" t="16" w="518" /><ent r="6" t="16" w="533" /><ent r="6" t="16" w="562" /><ent r="6" t="16" w="579" /><ent r="6" t="16" w="591" /><ent r="6" t="16" w="605" /><ent r="6" t="16" w="617" /><ent r="6" t="16" w="656" /><ent r="6" t="16" w="663" /><ent r="6" t="16" w="681" /><ent r="6" t="16" w="725" /><ent r="6" t="16" w="748" /><ent r="6" t="16" w="767" /><ent r="6" t="16" w="782" /><ent r="6" t="16" w="821" /><ent r="6" t="16" w="833" /><ent r="4" t="16" w="926" /><ent r="4" t="16" w="937" /><ent r="3" t="16" w="969" /><ent r="3" t="16" w="1084" /><ent r="3" t="16" w="1101" /><ent r="3" t="16" w="1121" /><ent r="3" t="16" w="1169" /><ent r="3" t="16" w="1180" /><ent r="3" t="16" w="1205" /><ent r="3" t="16" w="1210" /><ent r="3" t="16" w="1275" /><ent r="3" t="16" w="1338" /><ent r="3" t="16" w="1398" /><ent r="3" t="16" w="1410" /><ent r="4" t="16" w="1437" /><ent r="4" t="16" w="1463" /><ent r="4" t="16" w="1486" /><ent r="3" t="16" w="1624" /><ent r="3" t="16" w="1688" /><ent r="3" t="16" w="1701" /><ent r="3" t="16" w="1716" /><ent r="3" t="16" w="1787" /><ent r="3" t="16" w="1847" /><ent r="3" t="17" w="32" /><ent r="3" t="17" w="58" /><ent r="3" t="17" w="236" /><ent r="3" t="17" w="245" /><ent r="3" t="17" w="272" /><ent r="3" t="17" w="287" /><ent r="3" t="17" w="321" /><ent r="4" t="17" w="362" /><ent r="4" t="17" w="374" /><ent r="4" t="17" w="383" /><ent r="3" t="18" w="33" /><ent r="3" t="18" w="54" /><ent r="3" t="18" w="90" /><ent r="3" t="18" w="100" /><ent r="3" t="18" w="117" /><ent r="3" t="18" w="137" /><ent r="3" t="18" w="145" /><ent r="3" t="18" w="155" /><ent r="4" t="18" w="243" /><ent r="4" t="18" w="264" /><ent r="3" t="18" w="285" /><ent r="3" t="18" w="302" /><ent r="3" t="18" w="317" /><ent r="3" t="18" w="341" /><ent r="3" t="18" w="356" /><ent r="3" t="18" w="377" /><ent r="3" t="18" w="400" /><ent r="3" t="18" w="426" /><ent r="3" t="18" w="441" /><ent r="3" t="18" w="467" /><ent r="3" t="18" w="474" /><ent r="3" t="18" w="489" /><ent r="3" t="18" w="507" /><ent r="3" t="18" w="519" /><ent r="4" t="18" w="560" /><ent r="4" t="18" w="577" /><ent r="4" t="18" w="599" /><ent r="4" t="18" w="619" /><ent r="4" t="18" w="643" /><ent r="3" t="18" w="663" /><ent r="3" t="18" w="690" /><ent r="3" t="18" w="707" /><ent r="3" t="18" w="732" /><ent r="3" t="18" w="745" /><ent r="3" t="18" w="763" /><ent r="3" t="18" w="781" /><ent r="3" t="18" w="803" /><ent r="4" t="18" w="866" /><ent r="3" t="18" w="899" /><ent r="3" t="18" w="914" /><ent r="4" t="19" w="102" /><ent r="4" t="19" w="126" /><ent r="4" t="19" w="147" /><ent r="4" t="19" w="183" /><ent r="4" t="19" w="193" /><ent r="4" t="19" w="214" /><ent r="4" t="19" w="234" /><ent r="4" t="19" w="247" /><ent r="4" t="19" w="265" /><ent r="4" t="19" w="333" /><ent r="4" t="19" w="341" /><ent r="4" t="19" w="383" /><ent r="4" t="19" w="402" /><ent r="4" t="19" w="444" /><ent r="3" t="19" w="478" /><ent r="4" t="19" w="518" /><ent r="3" t="19" w="535" /><ent r="3" t="19" w="558" /><ent r="3" t="19" w="626" /><ent r="4" t="19" w="652" /><ent r="4" t="19" w="679" /><ent r="4" t="19" w="730" /><ent r="4" t="19" w="751" /><ent r="4" t="19" w="783" /><ent r="4" t="19" w="796" /><ent r="4" t="19" w="819" /><ent r="3" t="19" w="877" /><ent r="3" t="19" w="898" /><ent r="3" t="19" w="941" /><ent r="3" t="19" w="956" /><ent r="3" t="19" w="971" /><ent r="3" t="19" w="981" /><ent r="3" t="19" w="1016" /><ent r="3" t="19" w="1064" /><ent r="3" t="19" w="1075" /><ent r="3" t="19" w="1097" /><ent r="3" t="19" w="1136" /><ent r="3" t="19" w="1154" /><ent r="3" t="19" w="1212" /><ent r="3" t="20" w="69" /><ent r="3" t="20" w="112" /><ent r="3" t="20" w="124" /><ent r="3" t="20" w="136" /><ent r="3" t="20" w="150" /><ent r="3" t="20" w="237" /><ent r="3" t="21" w="56" /><ent r="3" t="21" w="73" /><ent r="4" t="21" w="99" /><ent r="4" t="21" w="115" /><ent r="4" t="21" w="131" /><ent r="4" t="21" w="190" /><ent r="4" t="21" w="199" /><ent r="4" t="21" w="218" /><ent r="4" t="21" w="242" /><ent r="4" t="21" w="253" /><ent r="4" t="21" w="266" /><ent r="4" t="21" w="276" /><ent r="4" t="21" w="287" /><ent r="4" t="21" w="421" /><ent r="4" t="21" w="439" /><ent r="4" t="21" w="453" /><ent r="4" t="21" w="464" /><ent r="4" t="21" w="502" /><ent r="4" t="21" w="516" /><ent r="4" t="21" w="540" /><ent r="4" t="21" w="553" /><ent r="4" t="21" w="564" /><ent r="4" t="21" w="615" /><ent r="4" t="21" w="648" /><ent r="4" t="21" w="684" /><ent r="4" t="21" w="709" /><ent r="4" t="21" w="780" /><ent r="4" t="21" w="834" /><ent r="3" t="21" w="882" /><ent r="3" t="21" w="886" /><ent r="3" t="21" w="970" /><ent r="3" t="21" w="981" /><ent r="3" t="21" w="1009" /><ent r="3" t="21" w="1179" /><ent r="3" t="21" w="1198" /><ent r="3" t="21" w="1233" /><ent r="3" t="21" w="1294" /><ent r="3" t="21" w="1361" /><ent r="3" t="21" w="1426" /><ent r="3" t="21" w="1493" /><ent r="3" t="21" w="1505" /><ent r="4" t="21" w="1617" /><ent r="4" t="21" w="1626" /><ent r="4" t="21" w="1643" /><ent r="4" t="21" w="1646" /><ent r="4" t="21" w="1649" /><ent r="4" t="21" w="1669" /><ent r="3" t="21" w="1689" /><ent r="3" t="21" w="1699" /><ent r="3" t="21" w="1753" /><ent r="3" t="21" w="1762" /><ent r="3" t="21" w="1773" /><ent r="3" t="21" w="1830" /><ent r="3" t="21" w="2049" /><ent r="3" t="21" w="2065" /><ent r="4" t="21" w="2095" /><ent r="4" t="21" w="2115" /><ent r="4" t="21" w="2137" /><ent r="4" t="21" w="2155" /><ent r="3" t="21" w="2221" /><ent r="3" t="21" w="2232" /><ent r="4" t="21" w="2268" /><ent r="4" t="21" w="2301" /><ent r="4" t="21" w="2342" /><ent r="3" t="21" w="2586" /><ent r="3" t="21" w="2618" /><ent r="3" t="21" w="2641" /><ent r="4" t="21" w="2707" /><ent r="4" t="21" w="2707" /><ent r="4" t="21" w="2707" /><ent r="4" t="21" w="2740" /><ent r="4" t="21" w="2750" /><ent r="6" t="21" w="2778" /><ent r="6" t="21" w="2789" /><ent r="6" t="21" w="2812" /><ent r="6" t="21" w="2822" /><ent r="6" t="21" w="2844" /><ent r="6" t="21" w="2866" /><ent r="3" t="21" w="2925" /><ent r="3" t="21" w="2935" /><ent r="3" t="21" w="2945" /><ent r="3" t="22" w="34" /><ent r="3" t="22" w="47" /><ent r="4" t="22" w="121" /><ent r="4" t="22" w="145" /><ent r="4" t="22" w="181" /><ent r="4" t="22" w="198" /><ent r="4" t="22" w="216" /><ent r="4" t="22" w="234" /><ent r="4" t="22" w="242" /><ent r="4" t="22" w="269" /><ent r="4" t="22" w="283" /><ent r="4" t="22" w="301" /><ent r="4" t="22" w="310" /><ent r="4" t="22" w="320" /><ent r="3" t="23" w="24" /><ent r="3" t="23" w="43" /><ent r="3" t="23" w="63" /><ent r="3" t="23" w="87" /><ent r="3" t="23" w="96" /><ent r="3" t="23" w="116" /><ent r="3" t="23" w="138" /><ent r="4" t="23" w="187" /><ent r="4" t="23" w="199" /><ent r="4" t="23" w="222" /><ent r="4" t="23" w="245" /><ent r="4" t="23" w="272" /><ent r="3" t="23" w="290" /><ent r="3" t="23" w="336" /><ent r="3" t="23" w="357" /><ent r="3" t="23" w="381" /><ent r="3" t="23" w="389" /><ent r="3" t="23" w="403" /><ent r="3" t="23" w="410" /><ent r="3" t="23" w="438" /><ent r="3" t="23" w="452" /><ent r="3" t="23" w="469" /><ent r="3" t="23" w="481" /><ent r="3" t="23" w="510" /><ent r="3" t="23" w="547" /><ent r="3" t="23" w="661" /><ent r="3" t="23" w="676" /><ent r="3" t="23" w="691" /><ent r="3" t="23" w="706" /><ent r="4" t="23" w="713" /><ent r="4" t="23" w="734" /><ent r="4" t="23" w="751" /><ent r="4" t="23" w="767" /><ent r="4" t="23" w="784" /><ent r="4" t="23" w="801" /><ent r="4" t="23" w="821" /><ent r="4" t="23" w="835" /><ent r="4" t="23" w="845" /><ent r="4" t="23" w="857" /><ent r="4" t="23" w="868" /><ent r="3" t="23" w="888" /><ent r="3" t="23" w="903" /><ent r="3" t="23" w="917" /><ent r="3" t="23" w="932" /><ent r="3" t="23" w="950" /><ent r="3" t="23" w="967" /><ent r="3" t="23" w="1114" /><ent r="3" t="23" w="1126" /><ent r="3" t="23" w="1147" /><ent r="3" t="23" w="1162" /><ent r="3" t="23" w="1188" /><ent r="3" t="23" w="1224" /><ent r="3" t="23" w="1249" /><ent r="3" t="23" w="1264" /><ent r="3" t="23" w="1331" /><ent r="3" t="23" w="1346" /><ent r="3" t="23" w="1352" /><ent r="2" t="23" w="1402" /><ent r="3" t="23" w="1442" /><ent r="3" t="23" w="1475" /><ent r="3" t="23" w="1514" /><ent r="3" t="23" w="1531" /><ent r="4" t="23" w="1592" /><ent r="4" t="23" w="1604" /><ent r="4" t="23" w="1615" /><ent r="4" t="23" w="1627" /><ent r="4" t="23" w="1641" /><ent r="4" t="23" w="1662" /><ent r="3" t="24" w="27" /><ent r="3" t="24" w="40" /><ent r="3" t="24" w="71" /><ent r="3" t="24" w="75" /><ent r="3" t="24" w="86" /><ent r="3" t="24" w="92" /><ent r="3" t="24" w="156" /><ent r="3" t="24" w="179" /><ent r="3" t="24" w="214" /><ent r="3" t="24" w="228" /><ent r="4" t="24" w="264" /><ent r="4" t="24" w="283" /><ent r="3" t="24" w="309" /><ent r="3" t="24" w="318" /><ent r="3" t="24" w="434" /><ent r="4" t="24" w="470" /><ent r="4" t="24" w="491" /><ent r="4" t="24" w="514" /><ent r="4" t="24" w="528" /><ent r="4" t="24" w="537" /><ent r="4" t="24" w="547" /><ent r="3" t="24" w="573" /><ent r="3" t="24" w="595" /><ent r="3" t="24" w="613" /><ent r="3" t="24" w="623" /><ent r="3" t="24" w="638" /><ent r="3" t="24" w="666" /><ent r="3" t="24" w="708" /><ent r="3" t="24" w="726" /><ent r="3" t="24" w="744" /><ent r="3" t="24" w="772" /><ent r="3" t="24" w="803" /><ent r="3" t="24" w="823" /><ent r="3" t="24" w="852" /><ent r="3" t="24" w="865" /><ent r="3" t="24" w="933" /><ent r="3" t="24" w="943" /><ent r="3" t="24" w="948" /><ent r="3" t="24" w="977" /><ent r="3" t="24" w="1002" /><ent r="3" t="24" w="1012" /><ent r="3" t="24" w="1023" /><ent r="3" t="24" w="1052" /><ent r="3" t="24" w="1072" /><ent r="3" t="24" w="1143" /><ent r="3" t="24" w="1150" /><ent r="3" t="24" w="1162" /><ent r="3" t="25" w="51" /><ent r="3" t="25" w="72" /><ent r="3" t="25" w="105" /><ent r="3" t="25" w="137" /><ent r="3" t="25" w="178" /><ent r="3" t="25" w="199" /><ent r="3" t="25" w="214" /><ent r="3" t="25" w="232" /><ent r="3" t="25" w="248" /><ent r="3" t="25" w="279" /><ent r="3" t="25" w="290" /><ent r="3" t="25" w="307" /><ent r="3" t="25" w="328" /><ent r="3" t="25" w="335" /><ent r="3" t="25" w="370" /><ent r="4" t="25" w="405" /><ent r="4" t="25" w="418" /><ent r="4" t="25" w="436" /><ent r="4" t="25" w="452" /><ent r="4" t="25" w="472" /><ent r="3" t="25" w="494" /><ent r="3" t="25" w="523" /><ent r="4" t="25" w="564" /><ent r="4" t="25" w="576" /><ent r="4" t="25" w="615" /><ent r="4" t="25" w="668" /><ent r="4" t="25" w="683" /><ent r="4" t="25" w="699" /><ent r="4" t="25" w="708" /><ent r="4" t="25" w="730" /><ent r="3" t="25" w="814" /><ent r="3" t="25" w="855" /><ent r="3" t="25" w="868" /><ent r="3" t="25" w="926" /><ent r="3" t="25" w="941" /><ent r="3" t="25" w="951" /><ent r="3" t="25" w="1069" /><ent r="3" t="25" w="1084" /><ent r="4" t="25" w="1145" /><ent r="3" t="25" w="1167" /><ent r="3" t="25" w="1205" /><ent r="3" t="25" w="1218" /><ent r="3" t="25" w="1274" /><ent r="3" t="25" w="1351" /><ent r="3" t="25" w="1457" /><ent r="3" t="26" w="30" /><ent r="3" t="26" w="37" /><ent r="4" t="26" w="250" /><ent r="4" t="26" w="265" /><ent r="4" t="26" w="303" /><ent r="4" t="26" w="319" /><ent r="3" t="26" w="333" /><ent r="3" t="27" w="18" /><ent r="3" t="27" w="41" /><ent r="3" t="27" w="53" /><ent r="3" t="27" w="76" /><ent r="3" t="27" w="176" /><ent r="3" t="27" w="194" /><ent r="3" t="27" w="214" /><ent r="3" t="27" w="228" /><ent r="3" t="27" w="265" /><ent r="3" t="27" w="285" /><ent r="3" t="27" w="310" /><ent r="3" t="27" w="325" /><ent r="3" t="27" w="1137" /><ent r="3" t="27" w="1154" /><ent r="3" t="27" w="1175" /><ent r="3" t="28" w="32" /><ent r="3" t="28" w="45" /><ent r="3" t="28" w="66" /><ent r="3" t="29" w="32" /><ent r="3" t="29" w="48" /><ent r="3" t="29" w="79" /><ent r="3" t="29" w="95" /><ent r="3" t="29" w="114" /><ent r="3" t="29" w="132" /><ent r="3" t="29" w="156" /><ent r="3" t="30" w="40" /><ent r="3" t="30" w="68" /><ent r="3" t="30" w="82" /><ent r="3" t="30" w="198" /><ent r="3" t="30" w="219" /><ent r="3" t="30" w="262" /><ent r="4" t="30" w="282" /><ent r="4" t="30" w="301" /><ent r="4" t="30" w="313" /><ent r="4" t="30" w="338" /><ent r="3" t="30" w="391" /><ent r="3" t="30" w="406" /><ent r="3" t="30" w="416" /><ent r="3" t="30" w="426" /><ent r="3" t="30" w="579" /><ent r="3" t="30" w="588" /><ent r="3" t="30" w="592" /><ent r="3" t="30" w="677" /><ent r="3" t="30" w="691" /><ent r="4" t="30" w="726" /><ent r="4" t="30" w="767" /><ent r="4" t="30" w="781" /><ent r="4" t="30" w="806" /><ent r="4" t="30" w="810" /><ent r="3" t="30" w="822" /><ent r="3" t="30" w="835" /><ent r="3" t="30" w="931" /><ent r="3" t="30" w="941" /><ent r="4" t="30" w="952" /><ent r="3" t="30" w="994" /><ent r="3" t="30" w="1006" /><ent r="4" t="30" w="1023" /><ent r="4" t="30" w="1059" /><ent r="4" t="30" w="1083" /><ent r="3" t="30" w="1106" /><ent r="4" t="30" w="1125" /><ent r="3" t="30" w="1153" /><ent r="3" t="30" w="1243" /><ent r="4" t="30" w="1274" /><ent r="4" t="30" w="1290" /><ent r="4" t="30" w="1313" /><ent r="3" t="30" w="1344" /><ent r="3" t="30" w="1360" /><ent r="4" t="30" w="1380" /><ent r="5" t="30" w="1396" /><ent r="5" t="30" w="1412" /><ent r="5" t="30" w="1427" /><ent r="5" t="30" w="1465" /><ent r="5" t="30" w="1496" /><ent r="5" t="30" w="1536" /><ent r="5" t="30" w="1552" /><ent r="3" t="30" w="1570" /><ent r="3" t="30" w="1578" /><ent r="3" t="30" w="1601" /><ent r="5" t="30" w="1620" /><ent r="5" t="30" w="1662" /><ent r="3" t="30" w="1685" /><ent r="3" t="30" w="1711" /><ent r="3" t="30" w="1725" /><ent r="3" t="30" w="1742" /><ent r="3" t="30" w="1755" /><ent r="3" t="30" w="1784" /><ent r="3" t="30" w="1808" /><ent r="3" t="30" w="1817" /><ent r="4" t="30" w="1845" /><ent r="4" t="30" w="1856" /><ent r="3" t="30" w="1882" /><ent r="3" t="30" w="1937" /><ent r="3" t="30" w="1944" /><ent r="3" t="30" w="1984" /><ent r="3" t="31" w="92" /><ent r="3" t="31" w="122" /><ent r="3" t="31" w="205" /><ent r="3" t="31" w="233" /><ent r="5" t="31" w="253" /><ent r="4" t="31" w="271" /><ent r="5" t="31" w="292" /><ent r="4" t="31" w="317" /><ent r="4" t="31" w="349" /><ent r="4" t="31" w="358" /><ent r="4" t="31" w="411" /><ent r="4" t="31" w="433" /><ent r="4" t="31" w="445" /><ent r="3" t="31" w="463" /><ent r="4" t="31" w="495" /><ent r="4" t="31" w="512" /><ent r="4" t="31" w="530" /><ent r="4" t="31" w="543" /><ent r="4" t="31" w="582" /><ent r="4" t="31" w="621" /><ent r="4" t="31" w="660" /><ent r="4" t="31" w="675" /><ent r="4" t="31" w="705" /><ent r="3" t="31" w="717" /><ent r="4" t="31" w="755" /><ent r="4" t="31" w="776" /><ent r="4" t="31" w="823" /><ent r="4" t="31" w="843" /><ent r="4" t="31" w="860" /><ent r="3" t="31" w="903" /><ent r="3" t="31" w="923" /><ent r="3" t="31" w="960" /><ent r="4" t="31" w="982" /><ent r="3" t="31" w="1006" /><ent r="3" t="31" w="1022" /><ent r="3" t="31" w="1066" /><ent r="3" t="31" w="1090" /><ent r="3" t="31" w="1108" /><ent r="3" t="31" w="1140" /><ent r="3" t="31" w="1155" /><ent r="3" t="31" w="1173" /><ent r="3" t="31" w="1233" /><ent r="3" t="31" w="1250" /><ent r="3" t="31" w="1282" /><ent r="3" t="31" w="1319" /><ent r="3" t="31" w="1324" /><ent r="3" t="31" w="1352" /><ent r="5" t="31" w="1383" /><ent r="3" t="31" w="1416" /><ent r="4" t="31" w="1430" /><ent r="4" t="31" w="1450" /><ent r="4" t="31" w="1475" /><ent r="4" t="31" w="1492" /><ent r="4" t="31" w="1501" /><ent r="4" t="31" w="1509" /><ent r="3" t="31" w="1536" /><ent r="3" t="31" w="1550" /><ent r="3" t="31" w="1583" /><ent r="3" t="31" w="1601" /><ent r="3" t="31" w="1612" /><ent r="3" t="31" w="1639" /><ent r="3" t="31" w="1657" /><ent r="3" t="31" w="1683" /><ent r="3" t="31" w="1710" /><ent r="4" t="31" w="1736" /><ent r="4" t="31" w="1762" /><ent r="4" t="31" w="1785" /><ent r="4" t="31" w="1811" /><ent r="4" t="31" w="1837" /><ent r="3" t="31" w="1874" /><ent r="3" t="31" w="1909" /><ent r="3" t="31" w="1919" /><ent r="3" t="31" w="1944" /><ent r="3" t="31" w="1961" /><ent r="3" t="31" w="1970" /><ent r="3" t="31" w="2013" /><ent r="3" t="31" w="2027" /><ent r="3" t="31" w="2051" /><ent r="3" t="31" w="2075" /><ent r="3" t="31" w="2086" /><ent r="3" t="31" w="2104" /><ent r="4" t="31" w="2122" /><ent r="4" t="31" w="2168" /><ent r="3" t="31" w="2173" /><ent r="3" t="31" w="2219" /><ent r="4" t="31" w="2250" /><ent r="3" t="31" w="2268" /><ent r="3" t="31" w="2273" /><ent r="3" t="31" w="2318" /><ent r="3" t="31" w="2350" /><ent r="3" t="31" w="2355" /><ent r="3" t="31" w="2388" /><ent r="4" t="31" w="2403" /><ent r="4" t="31" w="2421" /><ent r="3" t="31" w="2426" /><ent r="3" t="31" w="2460" /><ent r="3" t="31" w="2474" /><ent r="3" t="31" w="2489" /><ent r="3" t="31" w="2505" /><ent r="3" t="31" w="2554" /><ent r="4" t="31" w="2586" /><ent r="3" t="31" w="2591" /><ent r="3" t="31" w="2622" /><ent r="3" t="31" w="2690" /><ent r="3" t="31" w="2709" /><ent r="3" t="31" w="2727" /><ent r="3" t="31" w="2755" /><ent r="3" t="31" w="2785" /><ent r="3" t="31" w="2807" /><ent r="3" t="31" w="2828" /><ent r="3" t="31" w="2865" /><ent r="3" t="31" w="2889" /><ent r="3" t="31" w="2898" /><ent r="3" t="31" w="2909" /><ent r="3" t="31" w="2958" /><ent r="3" t="31" w="2976" /><ent r="3" t="31" w="3007" /><ent r="4" t="31" w="3026" /><ent r="4" t="31" w="3041" /><ent r="3" t="31" w="3069" /><ent r="3" t="31" w="3074" /><ent r="3" t="31" w="3098" /><ent r="3" t="31" w="3102" /><ent r="4" t="31" w="3110" /><ent r="3" t="31" w="3115" /><ent r="3" t="31" w="3140" /><ent r="4" t="31" w="3167" /><ent r="4" t="31" w="3183" /><ent r="3" t="31" w="3188" /><ent r="3" t="31" w="3212" /><ent r="3" t="31" w="3231" /><ent r="3" t="31" w="3254" /><ent r="3" t="31" w="3279" /><ent r="3" t="31" w="3301" /><ent r="3" t="31" w="3321" /><ent r="3" t="31" w="3341" /><ent r="3" t="31" w="3354" /><ent r="3" t="31" w="3374" /><ent r="3" t="31" w="3553" /><ent r="3" t="31" w="3594" /><ent r="3" t="31" w="3609" /><ent r="3" t="31" w="3652" /><ent r="3" t="31" w="3674" /><ent r="3" t="31" w="3702" /><ent r="3" t="31" w="3749" /><ent r="3" t="31" w="3771" /><ent r="3" t="31" w="3789" /><ent r="3" t="31" w="3818" /><ent r="3" t="31" w="3834" /><ent r="3" t="31" w="3866" /><ent r="3" t="31" w="3904" /><ent r="3" t="31" w="3928" /><ent r="3" t="31" w="3939" /><ent r="3" t="31" w="3962" /><ent r="3" t="31" w="4001" /><ent r="3" t="31" w="4029" /><ent r="3" t="31" w="4048" /><ent r="3" t="31" w="4067" /><ent r="3" t="31" w="4103" /><ent r="3" t="31" w="4121" /><ent r="3" t="31" w="4151" /><ent r="3" t="32" w="81" /><ent r="3" t="32" w="107" /><ent r="3" t="32" w="119" /><ent r="3" t="32" w="206" /><ent r="3" t="32" w="237" /><ent r="3" t="32" w="256" /><ent r="3" t="32" w="292" /><ent r="3" t="32" w="311" /><ent r="3" t="32" w="351" /><ent r="3" t="32" w="370" /><ent r="3" t="32" w="389" /><ent r="3" t="32" w="408" /><ent r="3" t="32" w="425" /><ent r="3" t="32" w="582" /><ent r="3" t="33" w="86" /><ent r="3" t="33" w="125" /><ent r="3" t="33" w="134" /><ent r="3" t="33" w="180" /><ent r="64" t="33" w="214" /><ent r="3" t="33" w="228" /><ent r="3" t="33" w="241" /><ent r="3" t="33" w="288" /><ent r="3" t="33" w="304" /><ent r="3" t="33" w="320" /><ent r="3" t="33" w="331" /><ent r="3" t="33" w="366" /><ent r="3" t="33" w="377" /><ent r="3" t="33" w="385" /><ent r="3" t="33" w="408" /><ent r="3" t="33" w="436" /><ent r="3" t="33" w="445" /><ent r="4" t="33" w="485" /><ent r="4" t="33" w="510" /><ent r="4" t="33" w="522" /><ent r="4" t="33" w="535" /><ent r="4" t="33" w="552" /><ent r="4" t="33" w="577" /><ent r="4" t="33" w="677" /><ent r="4" t="33" w="698" /><ent r="4" t="33" w="723" /><ent r="4" t="33" w="756" /><ent r="3" t="33" w="778" /><ent r="65" t="33" w="802" /><ent r="4" t="33" w="849" /><ent r="4" t="33" w="921" /><ent r="4" t="33" w="944" /><ent r="4" t="33" w="960" /><ent r="6" t="33" w="984" /><ent r="6" t="33" w="1000" /><ent r="6" t="33" w="1015" /><ent r="6" t="33" w="1025" /><ent r="6" t="33" w="1054" /><ent r="6" t="33" w="1070" /><ent r="6" t="33" w="1110" /><ent r="6" t="33" w="1121" /><ent r="6" t="33" w="1136" /><ent r="5" t="33" w="1180" /><ent r="5" t="33" w="1193" /><ent r="5" t="33" w="1210" /><ent r="4" t="33" w="1235" /><ent r="4" t="33" w="1269" /><ent r="4" t="33" w="1361" /><ent r="4" t="33" w="1377" /><ent r="4" t="33" w="1387" /><ent r="4" t="33" w="1424" /><ent r="4" t="33" w="1449" /><ent r="3" t="33" w="1465" /><ent r="3" t="34" w="26" /><ent r="3" t="34" w="41" /><ent r="3" t="34" w="83" /><ent r="3" t="34" w="94" /><ent r="3" t="34" w="143" /><ent r="3" t="34" w="163" /><ent r="3" t="34" w="191" /><ent r="3" t="34" w="208" /><ent r="3" t="34" w="338" /><ent r="3" t="34" w="351" /><ent r="3" t="34" w="383" /><ent r="3" t="34" w="454" /><ent r="3" t="34" w="475" /><ent r="3" t="34" w="492" /><ent r="3" t="34" w="637" /><ent r="3" t="34" w="708" /><ent r="3" t="34" w="729" /><ent r="3" t="34" w="746" /><ent r="3" t="35" w="30" /><ent r="3" t="35" w="38" /><ent r="3" t="35" w="56" /><ent r="3" t="35" w="96" /><ent r="3" t="35" w="99" /><ent r="3" t="35" w="165" /><ent r="3" t="35" w="236" /><ent r="3" t="35" w="247" /><ent r="3" t="36" w="17" /><ent r="3" t="36" w="32" /><ent r="3" t="36" w="45" /><ent r="3" t="36" w="68" /><ent r="4" t="36" w="168" /><ent r="4" t="36" w="190" /><ent r="3" t="36" w="203" /><ent r="3" t="36" w="215" /><ent r="3" t="36" w="341" /><ent r="3" t="36" w="349" /><ent r="3" t="36" w="352" /><ent r="3" t="36" w="359" /><ent r="3" t="36" w="437" /><ent r="64" t="37" w="42" /><ent r="64" t="37" w="63" /><ent r="3" t="37" w="80" /><ent r="3" t="37" w="98" /><ent r="3" t="37" w="124" /><ent r="3" t="37" w="150" /><ent r="3" t="37" w="188" /><ent r="3" t="37" w="209" /><ent r="3" t="37" w="221" /><ent r="3" t="37" w="231" /><ent r="4" t="37" w="247" /><ent r="4" t="37" w="258" /><ent r="4" t="37" w="293" /><ent r="4" t="37" w="316" /><ent r="4" t="37" w="334" /><ent r="4" t="37" w="355" /><ent r="4" t="37" w="367" /><ent r="3" t="37" w="429" /><ent r="4" t="37" w="457" /><ent r="4" t="37" w="467" /><ent r="4" t="37" w="478" /><ent r="4" t="37" w="490" /><ent r="4" t="37" w="509" /><ent r="4" t="37" w="528" /><ent r="4" t="37" w="565" /><ent r="3" t="37" w="623" /><ent r="3" t="37" w="703" /><ent r="3" t="37" w="721" /><ent r="3" t="37" w="732" /><ent r="5" t="37" w="771" /><ent r="5" t="37" w="790" /><ent r="5" t="37" w="808" /><ent r="5" t="37" w="840" /><ent r="5" t="37" w="869" /><ent r="3" t="38" w="35" /><ent r="3" t="38" w="46" /><ent r="3" t="38" w="87" /><ent r="3" t="38" w="130" /><ent r="3" t="38" w="143" /><ent r="3" t="38" w="174" /><ent r="3" t="38" w="200" /><ent r="4" t="38" w="251" /><ent r="4" t="38" w="269" /><ent r="4" t="38" w="293" /><ent r="4" t="38" w="298" /><ent r="4" t="38" w="320" /><ent r="4" t="38" w="339" /><ent r="4" t="38" w="352" /><ent r="4" t="38" w="363" /><ent r="4" t="38" w="372" /><ent r="4" t="38" w="382" /><ent r="3" t="38" w="405" /><ent r="3" t="38" w="424" /><ent r="3" t="38" w="444" /><ent r="3" t="38" w="468" /><ent r="3" t="39" w="30" /><ent r="3" t="39" w="35" /><ent r="3" t="39" w="62" /><ent r="3" t="39" w="75" /><ent r="93" t="39" w="202" /><ent r="3" t="39" w="220" /><ent r="4" t="39" w="244" /><ent r="3" t="39" w="266" /><ent r="93" t="39" w="286" /><ent r="3" t="39" w="306" /><ent r="3" t="39" w="403" /><ent r="3" t="39" w="418" /><ent r="3" t="39" w="436" /><ent r="93" t="39" w="452" /><ent r="3" t="39" w="470" /><ent r="3" t="39" w="482" /><ent r="3" t="39" w="541" /><ent r="3" t="39" w="562" /><ent r="3" t="39" w="570" /><ent r="3" t="39" w="588" /><ent r="3" t="40" w="59" /><ent r="3" t="40" w="309" /><ent r="3" t="40" w="322" /><ent r="3" t="40" w="350" /><ent r="3" t="40" w="374" /><ent r="4" t="40" w="672" /><ent r="4" t="40" w="682" /><ent r="4" t="40" w="735" /><ent r="4" t="40" w="746" /><ent r="3" t="40" w="1100" /><ent r="4" t="40" w="1167" /><ent r="4" t="40" w="1196" /><ent r="3" t="40" w="1219" /><ent r="3" t="40" w="1233" /><ent r="3" t="41" w="35" /><ent r="3" t="41" w="46" /><ent r="3" t="41" w="63" /><ent r="3" t="41" w="79" /><ent r="3" t="41" w="128" /><ent r="3" t="41" w="147" /><ent r="3" t="41" w="278" /><ent r="3" t="41" w="453" /><ent r="3" t="41" w="709" /><ent r="3" t="41" w="727" /><ent r="4" t="41" w="757" /><ent r="4" t="41" w="767" /><ent r="4" t="41" w="771" /><ent r="4" t="41" w="784" /><ent r="4" t="41" w="808" /><ent r="3" t="42" w="39" /><ent r="3" t="42" w="44" /><ent r="4" t="42" w="85" /><ent r="4" t="42" w="92" /><ent r="4" t="42" w="129" /><ent r="4" t="42" w="144" /><ent r="5" t="42" w="177" /><ent r="5" t="42" w="201" /><ent r="3" t="42" w="220" /><ent r="5" t="42" w="233" /><ent r="5" t="42" w="259" /><ent r="3" t="42" w="281" /><ent r="3" t="42" w="299" /><ent r="3" t="42" w="326" /><ent r="3" t="42" w="364" /><ent r="3" t="42" w="383" /><ent r="4" t="42" w="400" /><ent r="4" t="42" w="422" /><ent r="4" t="42" w="443" /><ent r="4" t="42" w="482" /><ent r="3" t="43" w="52" /><ent r="4" t="43" w="76" /><ent r="4" t="43" w="101" /><ent r="4" t="43" w="113" /><ent r="4" t="43" w="125" /><ent r="3" t="43" w="138" /><ent r="3" t="43" w="153" /><ent r="3" t="43" w="180" /><ent r="3" t="43" w="193" /><ent r="3" t="43" w="208" /><ent r="3" t="43" w="220" /><ent r="3" t="44" w="25" /><ent r="3" t="44" w="135" /><ent r="3" t="44" w="160" /><ent r="3" t="44" w="227" /><ent r="3" t="44" w="252" /><ent r="3" t="44" w="354" /><ent r="3" t="44" w="390" /><ent r="3" t="44" w="458" /><ent r="3" t="44" w="463" /><ent r="3" t="44" w="476" /><ent r="3" t="44" w="490" /><ent r="3" t="45" w="61" /><ent r="3" t="45" w="100" /><ent r="3" t="45" w="176" /><ent r="3" t="45" w="213" /><ent r="3" t="45" w="238" /><ent r="3" t="45" w="272" /><ent r="3" t="45" w="299" /><ent r="3" t="45" w="323" /><ent r="3" t="45" w="343" /><ent r="3" t="45" w="361" /><ent r="3" t="45" w="385" /><ent r="4" t="46" w="50" /><ent r="4" t="46" w="62" /><ent r="4" t="46" w="127" /><ent r="3" t="47" w="57" /><ent r="3" t="47" w="81" /><ent r="3" t="47" w="127" /><ent r="3" t="47" w="153" /><ent r="3" t="47" w="194" /><ent r="3" t="47" w="197" /><ent r="4" t="47" w="349" /><ent r="4" t="47" w="369" /><ent r="4" t="47" w="393" /><ent r="3" t="47" w="536" /><ent r="3" t="48" w="33" /><ent r="3" t="48" w="57" /><ent r="3" t="48" w="104" /><ent r="3" t="50" w="42" /><ent r="3" t="50" w="68" /><ent r="3" t="50" w="85" /><ent r="3" t="50" w="107" /><ent r="3" t="50" w="122" /><ent r="3" t="50" w="133" /><ent r="4" t="50" w="207" /><ent r="4" t="50" w="228" /><ent r="4" t="50" w="247" /><ent r="4" t="50" w="261" /><ent r="3" t="50" w="273" /><ent r="3" t="50" w="281" /><ent r="3" t="50" w="322" /><ent r="4" t="50" w="364" /><ent r="4" t="50" w="370" /><ent r="4" t="50" w="378" /><ent r="4" t="50" w="384" /><ent r="3" t="51" w="30" /><ent r="3" t="51" w="45" /><ent r="3" t="51" w="54" /><ent r="4" t="51" w="85" /><ent r="4" t="51" w="112" /><ent r="4" t="51" w="135" /><ent r="4" t="51" w="153" /><ent r="4" t="51" w="177" /><ent r="3" t="51" w="217" /><ent r="3" t="51" w="240" /><ent r="3" t="51" w="272" /><ent r="4" t="51" w="289" /><ent r="4" t="51" w="309" /><ent r="4" t="51" w="329" /><ent r="4" t="51" w="345" /><ent r="3" t="51" w="429" /><ent r="3" t="51" w="437" /><ent r="3" t="51" w="484" /><ent r="3" t="51" w="505" /><ent r="3" t="51" w="525" /><ent r="3" t="51" w="540" /><ent r="4" t="51" w="578" /><ent r="4" t="51" w="592" /><ent r="4" t="51" w="606" /><ent r="4" t="51" w="620" /><ent r="4" t="51" w="632" /><ent r="3" t="52" w="35" /><ent r="3" t="52" w="51" /><ent r="3" t="52" w="72" /><ent r="4" t="52" w="186" /><ent r="4" t="52" w="211" /><ent r="4" t="52" w="248" /><ent r="3" t="53" w="28" /><ent r="4" t="53" w="38" /><ent r="3" t="53" w="55" /><ent r="6" t="53" w="85" /><ent r="6" t="53" w="111" /><ent r="6" t="53" w="145" /><ent r="6" t="53" w="160" /><ent r="6" t="53" w="176" /><ent r="6" t="53" w="189" /><ent r="6" t="53" w="207" /><ent r="6" t="53" w="244" /><ent r="6" t="53" w="270" /><ent r="6" t="53" w="312" /><ent r="6" t="53" w="325" /><ent r="6" t="53" w="388" /><ent r="7" t="53" w="417" /><ent r="7" t="53" w="445" /><ent r="7" t="53" w="479" /><ent r="7" t="53" w="521" /><ent r="7" t="53" w="546" /><ent r="7" t="53" w="590" /><ent r="6" t="53" w="603" /><ent r="6" t="53" w="612" /><ent r="6" t="53" w="624" /><ent r="6" t="53" w="643" /><ent r="6" t="53" w="674" /><ent r="6" t="53" w="695" /><ent r="6" t="53" w="723" /><ent r="6" t="53" w="746" /><ent r="6" t="53" w="793" /><ent r="6" t="53" w="814" /><ent r="3" t="54" w="84" /><ent r="3" t="54" w="102" /><ent r="3" t="54" w="184" /><ent r="4" t="54" w="247" /><ent r="3" t="55" w="27" /><ent r="3" t="55" w="59" /><ent r="3" t="55" w="129" /><ent r="5" t="55" w="155" /><ent r="5" t="55" w="163" /><ent r="3" t="55" w="204" /><ent r="3" t="55" w="217" /><ent r="3" t="55" w="237" /><ent r="5" t="55" w="264" /><ent r="5" t="55" w="289" /><ent r="5" t="55" w="303" /><ent r="7" t="55" w="319" /><ent r="7" t="55" w="333" /><ent r="7" t="55" w="342" /><ent r="5" t="55" w="370" /><ent r="5" t="55" w="383" /><ent r="5" t="55" w="402" /><ent r="5" t="55" w="425" /><ent r="5" t="55" w="442" /><ent r="5" t="55" w="459" /><ent r="5" t="55" w="477" /><ent r="6" t="55" w="506" /><ent r="6" t="55" w="521" /><ent r="6" t="55" w="533" /><ent r="6" t="55" w="548" /><ent r="6" t="55" w="566" /><ent r="6" t="55" w="584" /><ent r="5" t="55" w="644" /><ent r="5" t="55" w="667" /><ent r="5" t="55" w="683" /><ent r="6" t="55" w="713" /><ent r="6" t="55" w="733" /><ent r="6" t="55" w="752" /><ent r="5" t="55" w="765" /><ent r="5" t="55" w="827" /><ent r="5" t="55" w="888" /><ent r="5" t="55" w="900" /><ent r="5" t="55" w="925" /><ent r="5" t="55" w="951" /><ent r="5" t="55" w="978" /><ent r="5" t="55" w="993" /><ent r="5" t="55" w="1011" /><ent r="5" t="55" w="1033" /><ent r="5" t="55" w="1045" /><ent r="5" t="55" w="1061" /><ent r="5" t="55" w="1064" /><ent r="5" t="55" w="1094" /><ent r="5" t="55" w="1103" /><ent r="5" t="55" w="1118" /><ent r="5" t="55" w="1124" /><ent r="6" t="55" w="1158" /><ent r="6" t="55" w="1198" /><ent r="6" t="55" w="1216" /><ent r="6" t="55" w="1231" /><ent r="5" t="55" w="1248" /><ent r="5" t="55" w="1269" /><ent r="3" t="55" w="1294" /><ent r="3" t="55" w="1306" /><ent r="5" t="55" w="1326" /><ent r="5" t="55" w="1361" /><ent r="5" t="55" w="1370" /><ent r="5" t="55" w="1391" /><ent r="3" t="55" w="1426" /><ent r="3" t="55" w="1432" /><ent r="5" t="55" w="1485" /><ent r="5" t="55" w="1527" /><ent r="5" t="55" w="1638" /><ent r="5" t="55" w="1657" /><ent r="5" t="55" w="1726" /><ent r="5" t="55" w="1815" /><ent r="5" t="55" w="1849" /><ent r="5" t="55" w="1876" /><ent r="5" t="55" w="1894" /><ent r="5" t="55" w="1919" /><ent r="5" t="55" w="1933" /><ent r="5" t="55" w="1945" /><ent r="5" t="55" w="1959" /><ent r="6" t="55" w="1974" /><ent r="6" t="55" w="1989" /><ent r="6" t="55" w="2007" /><ent r="6" t="55" w="2020" /><ent r="6" t="55" w="2082" /><ent r="6" t="55" w="2092" /><ent r="3" t="56" w="47" /><ent r="3" t="56" w="74" /><ent r="3" t="56" w="113" /><ent r="3" t="56" w="128" /><ent r="3" t="56" w="188" /><ent r="3" t="56" w="229" /><ent r="3" t="56" w="249" /><ent r="3" t="56" w="268" /><ent r="3" t="56" w="325" /><ent r="3" t="56" w="400" /><ent r="3" t="57" w="44" /><ent r="4" t="57" w="72" /><ent r="3" t="58" w="39" /><ent r="3" t="58" w="46" /><ent r="3" t="59" w="37" /><ent r="3" t="59" w="52" /><ent r="3" t="59" w="90" /><ent r="3" t="60" w="19" /></phr></stem></index>