﻿<?xml version="1.0" encoding="utf-8"?><index><stem n="involt"><phr n="inVolt"><ent r="5" t="13" w="64" /></phr><phr n="involts"><ent r="5" t="13" w="66" /><ent r="5" t="13" w="144" /><ent r="5" t="13" w="201" /><ent r="5" t="13" w="293" /><ent r="5" t="13" w="686" /><ent r="5" t="13" w="722" /><ent r="5" t="13" w="759" /></phr></stem><stem n="voltag"><phr n="Voltage"><ent r="5" t="13" w="69" /><ent r="5" t="13" w="147" /><ent r="5" t="13" w="205" /><ent r="5" t="13" w="297" /><ent r="5" t="13" w="690" /><ent r="5" t="13" w="726" /><ent r="5" t="13" w="763" /></phr></stem><stem n="battempc"><phr n="batTempC"><ent r="5" t="13" w="71" /><ent r="5" t="13" w="692" /></phr></stem><stem n="(c)"><phr n="(C)"><ent r="5" t="13" w="78" /><ent r="5" t="13" w="156" /><ent r="5" t="13" w="699" /><ent r="5" t="13" w="735" /></phr><phr n="(c)"><ent r="3" t="27" w="38" /><ent r="3" t="28" w="58" /><ent r="3" t="35" w="93" /></phr></stem><stem n="ap961x"><phr n="AP961x"><ent r="5" t="13" w="81" /></phr></stem><stem n="[same"><phr n="[same"><ent r="5" t="13" w="83" /></phr><phr n="[Same"><ent r="5" t="13" w="124" /></phr></stem><stem n="barracuda"><phr n="Barracuda"><ent r="5" t="13" w="88" /><ent r="5" t="13" w="118" /><ent r="5" t="13" w="126" /></phr></stem><stem n="in_queu"><phr n="in_queue"><ent r="5" t="13" w="92" /><ent r="5" t="13" w="91" /></phr></stem><stem n="queue"><phr n="queue"><ent r="5" t="13" w="92" /><ent r="5" t="13" w="101" /></phr><phr n="Queue"><ent r="5" t="13" w="98" /><ent r="5" t="13" w="107" /></phr><phr n="queues"><ent r="5" t="13" w="377" /></phr><phr n="Queues"><ent r="5" t="13" w="380" /></phr></stem><stem n="_queue_siz"><phr n="_queue_size"><ent r="5" t="13" w="93" /><ent r="5" t="13" w="102" /></phr></stem><stem n="in_queue_s"><phr n="in_queue_size"><ent r="5" t="13" w="93" /><ent r="5" t="13" w="91" /></phr></stem><stem n="inqueu"><phr n="inqueue"><ent r="5" t="13" w="95" /></phr></stem><stem n="out_queu"><phr n="out_queue"><ent r="5" t="13" w="101" /><ent r="5" t="13" w="100" /></phr></stem><stem n="out_queue_s"><phr n="out_queue_size"><ent r="5" t="13" w="102" /><ent r="5" t="13" w="100" /></phr></stem><stem n="outqueu"><phr n="outqueue"><ent r="5" t="13" w="104" /></phr></stem><stem n="avg"><phr n="avg"><ent r="5" t="13" w="109" /></phr></stem><stem n="_latenc"><phr n="_latency"><ent r="5" t="13" w="110" /></phr></stem><stem n="avg_lat"><phr n="avg_latency"><ent r="5" t="13" w="110" /><ent r="5" t="13" w="109" /></phr></stem><stem n="latenc"><phr n="latency"><ent r="5" t="13" w="110" /><ent r="5" t="13" w="112" /></phr><phr n="Latency"><ent r="5" t="13" w="116" /><ent r="5" t="13" w="572" /></phr></stem><stem n="averag"><phr n="Average"><ent r="5" t="13" w="114" /><ent r="5" t="13" w="473" /><ent r="5" t="13" w="505" /><ent r="5" t="13" w="533" /><ent r="5" t="13" w="556" /><ent r="5" t="13" w="564" /><ent r="5" t="13" w="571" /><ent r="5" t="13" w="608" /><ent r="5" t="13" w="624" /></phr><phr n="average"><ent r="3" t="37" w="616" /><ent r="3" t="37" w="647" /></phr></stem><stem n="messag"><phr n="Message"><ent r="5" t="13" w="115" /></phr><phr n="message"><ent r="5" t="14" w="1050" /><ent r="5" t="14" w="1187" /><ent r="5" t="14" w="1192" /><ent r="5" t="14" w="1205" /><ent r="5" t="14" w="1210" /><ent r="5" t="14" w="1232" /><ent r="3" t="18" w="731" /><ent r="3" t="19" w="1107" /><ent r="3" t="24" w="181" /><ent r="3" t="24" w="436" /><ent r="3" t="26" w="15" /><ent r="65" t="31" w="486" /><ent r="65" t="31" w="663" /><ent r="83" t="31" w="1178" /><ent r="3" t="31" w="1223" /><ent r="83" t="31" w="2870" /><ent r="3" t="31" w="4092" /><ent r="3" t="31" w="4150" /><ent r="3" t="39" w="121" /><ent r="4" t="40" w="1134" /><ent r="4" t="40" w="1156" /><ent r="4" t="40" w="1185" /><ent r="3" t="46" w="37" /><ent r="5" t="46" w="63" /><ent r="4" t="46" w="107" /><ent r="3" t="46" w="156" /><ent r="3" t="46" w="222" /><ent r="3" t="46" w="228" /><ent r="3" t="46" w="238" /></phr><phr n="messages"><ent r="3" t="14" w="1166" /><ent r="3" t="18" w="770" /><ent r="5" t="30" w="1518" /><ent r="3" t="39" w="148" /></phr><phr n="Messages"><ent r="92" t="18" w="766" /></phr></stem><stem n="bestpow"><phr n="BestPower"><ent r="5" t="13" w="129" /></phr></stem><stem n="ctimeonbatteri"><phr n="cTimeOnBattery"><ent r="5" t="13" w="132" /></phr></stem><stem n="cinputvoltag"><phr n="cInputVoltage"><ent r="5" t="13" w="142" /></phr></stem><stem n="cinttempc"><phr n="cIntTempC"><ent r="5" t="13" w="149" /></phr></stem><stem n="_connect"><phr n="_connect"><ent r="5" t="13" w="160" /><ent r="5" t="13" w="209" /></phr></stem><stem n="conntim"><phr n="conntime"><ent r="5" t="13" w="162" /><ent r="5" t="13" w="211" /></phr></stem><stem n="_activ"><phr n="_active"><ent r="5" t="13" w="169" /><ent r="5" t="13" w="218" /></phr></stem><stem n="activ"><phr n="active"><ent r="5" t="13" w="169" /><ent r="5" t="13" w="218" /><ent r="3" t="32" w="626" /><ent r="6" t="42" w="183" /><ent r="4" t="42" w="336" /><ent r="3" t="45" w="231" /><ent r="3" t="45" w="260" /><ent r="3" t="47" w="137" /></phr><phr n="actively"><ent r="3" t="25" w="1468" /><ent r="3" t="27" w="179" /></phr></stem><stem n="connact"><phr n="connactive"><ent r="5" t="13" w="171" /><ent r="5" t="13" w="220" /></phr></stem><stem n="spent"><phr n="spent"><ent r="5" t="13" w="174" /><ent r="5" t="13" w="223" /><ent r="5" t="14" w="992" /><ent r="3" t="32" w="620" /></phr></stem><stem n="host"><phr n="host"><ent r="5" t="13" w="177" /><ent r="5" t="13" w="226" /><ent r="3" t="32" w="623" /><ent r="3" t="47" w="208" /><ent r="3" t="47" w="221" /><ent r="3" t="47" w="280" /><ent r="3" t="47" w="294" /><ent r="3" t="47" w="323" /><ent r="3" t="47" w="463" /></phr><phr n="Host"><ent r="5" t="13" w="603" /></phr><phr n="Hosting"><ent r="100" t="33" w="20" /><ent r="100" t="33" w="965" /></phr><phr n="hosting"><ent r="6" t="33" w="1013" /></phr></stem><stem n="exid"><phr n="Exide"><ent r="5" t="13" w="179" /></phr></stem><stem n="leftmin"><phr n="LeftMin"><ent r="5" t="13" w="189" /><ent r="5" t="13" w="281" /><ent r="5" t="13" w="674" /><ent r="5" t="13" w="710" /></phr></stem><stem n="in1volt"><phr n="in1Volt"><ent r="5" t="13" w="199" /><ent r="5" t="13" w="291" /><ent r="5" t="13" w="684" /><ent r="5" t="13" w="720" /></phr></stem><stem n="authent"><phr n="Authenticate"><ent r="5" t="13" w="229" /></phr><phr n="Authenticated"><ent r="5" t="13" w="334" /></phr><phr n="authentication"><ent r="3" t="40" w="482" /><ent r="3" t="40" w="485" /><ent r="3" t="40" w="542" /><ent r="3" t="40" w="545" /><ent r="5" t="55" w="695" /></phr></stem><stem n="(authenticate)"><phr n="(Authenticate)"><ent r="5" t="13" w="230" /></phr></stem><stem n="post"><phr n="Post"><ent r="5" t="13" w="236" /><ent r="5" t="13" w="264" /></phr><phr n="post"><ent r="3" t="38" w="460" /><ent r="3" t="46" w="160" /></phr><phr n="POST"><ent r="3" t="43" w="42" /><ent r="3" t="44" w="321" /><ent r="3" t="45" w="289" /><ent r="3" t="46" w="21" /><ent r="3" t="46" w="134" /><ent r="3" t="46" w="212" /></phr></stem><stem n="(post)"><phr n="(Post)"><ent r="5" t="13" w="237" /><ent r="5" t="13" w="265" /></phr></stem><stem n="proxi"><phr n="Proxy"><ent r="5" t="13" w="243" /></phr></stem><stem n="(proxy)"><phr n="(Proxy)"><ent r="5" t="13" w="244" /></phr></stem><stem n="(virtual"><phr n="(Virtual"><ent r="5" t="13" w="250" /></phr></stem><stem n="virtual"><phr n="Virtual"><ent r="5" t="13" w="250" /></phr><phr n="virtual"><ent r="4" t="23" w="216" /><ent r="7" t="53" w="569" /></phr></stem><stem n="liebert"><phr n="Liebert"><ent r="5" t="13" w="270" /></phr></stem><stem n="opencomm"><phr n="OpenComms"><ent r="5" t="13" w="272" /></phr></stem><stem n="batterytempc"><phr n="batteryTempC"><ent r="5" t="13" w="299" /></phr></stem><stem n="os"><phr n="OS"><ent r="5" t="13" w="306" /><ent r="5" t="13" w="325" /><ent r="5" t="13" w="344" /><ent r="5" t="13" w="370" /><ent r="5" t="13" w="389" /><ent r="5" t="13" w="408" /><ent r="5" t="13" w="442" /><ent r="100" t="33" w="56" /><ent r="6" t="33" w="1023" /><ent r="3" t="41" w="509" /></phr></stem><stem n="afp"><phr n="AFP"><ent r="5" t="13" w="309" /></phr></stem><stem n="currentthroughput"><phr n="currentThroughput"><ent r="5" t="13" w="311" /><ent r="5" t="13" w="401" /><ent r="5" t="13" w="428" /></phr></stem><stem n="throughput"><phr n="throughput"><ent r="5" t="13" w="313" /><ent r="5" t="13" w="316" /><ent r="5" t="13" w="403" /><ent r="5" t="13" w="406" /><ent r="5" t="13" w="430" /><ent r="5" t="13" w="433" /><ent r="5" t="13" w="440" /></phr></stem><stem n="currentconnect"><phr n="currentConnections"><ent r="5" t="13" w="318" /><ent r="5" t="13" w="394" /></phr></stem><stem n="ftp"><phr n="FTP"><ent r="5" t="13" w="328" /><ent r="100" t="31" w="104" /><ent r="100" t="31" w="108" /><ent r="100" t="31" w="112" /><ent r="64" t="31" w="118" /><ent r="100" t="31" w="137" /><ent r="100" t="31" w="302" /><ent r="100" t="31" w="3375" /><ent r="92" t="31" w="3386" /><ent r="3" t="31" w="3501" /><ent r="3" t="31" w="3533" /><ent r="3" t="31" w="3547" /><ent r="3" t="31" w="3577" /><ent r="3" t="31" w="3588" /><ent r="3" t="31" w="3603" /><ent r="3" t="31" w="3649" /><ent r="3" t="31" w="3687" /><ent r="3" t="31" w="3699" /><ent r="100" t="31" w="3854" /><ent r="100" t="31" w="3858" /><ent r="3" t="31" w="3863" /><ent r="3" t="31" w="3981" /><ent r="3" t="31" w="3995" /><ent r="3" t="31" w="4066" /></phr></stem><stem n="realconnectioncount"><phr n="realConnectionCount"><ent r="5" t="13" w="330" /></phr></stem><stem n="authconn"><phr n="authconns"><ent r="5" t="13" w="332" /></phr></stem><stem n="anonymousconnectioncount"><phr n="anonymousConnectionCount"><ent r="5" t="13" w="337" /></phr></stem><stem n="anonconn"><phr n="anonconns"><ent r="5" t="13" w="339" /></phr></stem><stem n="anonym"><phr n="Anonymous"><ent r="5" t="13" w="341" /></phr><phr n="anonymous"><ent r="3" t="31" w="3880" /></phr></stem><stem n="nat"><phr n="NAT"><ent r="5" t="13" w="347" /><ent r="6" t="55" w="750" /></phr></stem><stem n="activetcp"><phr n="activeTCP"><ent r="5" t="13" w="349" /></phr></stem><stem n="tcpconn"><phr n="tcpconns"><ent r="5" t="13" w="351" /></phr></stem><stem n="activeudp"><phr n="activeUDP"><ent r="5" t="13" w="356" /></phr></stem><stem n="udpconn"><phr n="udpconns"><ent r="5" t="13" w="358" /></phr></stem><stem n="activeicmp"><phr n="activeICMP"><ent r="5" t="13" w="363" /></phr></stem><stem n="icmpconn"><phr n="icmpconns"><ent r="5" t="13" w="365" /></phr></stem><stem n="print"><phr n="Print"><ent r="5" t="13" w="373" /></phr><phr n="printed"><ent r="5" t="14" w="1030" /><ent r="3" t="28" w="295" /></phr><phr n="Prints"><ent r="4" t="21" w="1133" /><ent r="4" t="21" w="1670" /></phr><phr n="print"><ent r="3" t="34" w="275" /><ent r="3" t="34" w="580" /><ent r="3" t="36" w="254" /><ent r="3" t="36" w="283" /><ent r="3" t="47" w="742" /><ent r="3" t="47" w="795" /></phr></stem><stem n="currentqueu"><phr n="currentQueues"><ent r="5" t="13" w="375" /></phr></stem><stem n="currentjob"><phr n="currentJobs"><ent r="5" t="13" w="382" /></phr></stem><stem n="numjob"><phr n="numjobs"><ent r="5" t="13" w="384" /></phr></stem><stem n="spool"><phr n="Spooled"><ent r="5" t="13" w="386" /></phr></stem><stem n="job"><phr n="Jobs"><ent r="5" t="13" w="387" /></phr></stem><stem n="qtss"><phr n="QTSS"><ent r="5" t="13" w="392" /></phr></stem><stem n="currentrequestsby10"><phr n="currentRequestsBy10"><ent r="5" t="13" w="413" /></phr></stem><stem n="requestr"><phr n="requestrate"><ent r="5" t="13" w="415" /></phr></stem><stem n="/second"><phr n="/second"><ent r="5" t="13" w="418" /><ent r="5" t="13" w="426" /></phr></stem><stem n="requests/second"><phr n="Requests/second"><ent r="5" t="13" w="418" /><ent r="5" t="13" w="417" /><ent r="5" t="13" w="426" /><ent r="5" t="13" w="425" /></phr></stem><stem n="cachecurrentrequestsby10"><phr n="cacheCurrentRequestsBy10"><ent r="5" t="13" w="420" /></phr></stem><stem n="cachehitr"><phr n="cachehitrate"><ent r="5" t="13" w="422" /></phr></stem><stem n="cach"><phr n="Cache"><ent r="5" t="13" w="424" /><ent r="5" t="13" w="439" /></phr></stem><stem n="cachecurrentthroughput"><phr n="cacheCurrentThroughput"><ent r="5" t="13" w="435" /></phr></stem><stem n="throughputcach"><phr n="throughputcache"><ent r="5" t="13" w="437" /></phr></stem><stem n="cpuperc"><phr n="cpupercent"><ent r="5" t="13" w="449" /><ent r="5" t="13" w="463" /><ent r="5" t="13" w="495" /><ent r="5" t="13" w="523" /></phr></stem><stem n="usag"><phr n="Usage"><ent r="5" t="13" w="452" /><ent r="82" t="14" w="1279" /><ent r="82" t="14" w="1405" /><ent r="82" t="14" w="1719" /><ent r="3" t="19" w="982" /><ent r="3" t="19" w="1076" /><ent r="3" t="36" w="255" /><ent r="3" t="47" w="505" /></phr><phr n="usage"><ent r="3" t="21" w="884" /><ent r="4" t="30" w="1312" /><ent r="3" t="30" w="1359" /><ent r="5" t="55" w="681" /></phr></stem><stem n="cisco"><phr n="Cisco"><ent r="5" t="13" w="455" /><ent r="5" t="13" w="486" /><ent r="5" t="13" w="517" /><ent r="5" t="13" w="546" /></phr></stem><stem n="lcpu"><phr n="lcpu"><ent r="5" t="13" w="460" /><ent r="5" t="13" w="468" /><ent r="5" t="13" w="492" /><ent r="5" t="13" w="500" /><ent r="5" t="13" w="520" /><ent r="5" t="13" w="528" /></phr></stem><stem n=".busyp"><phr n=".busyPer"><ent r="5" t="13" w="461" /><ent r="5" t="13" w="493" /><ent r="5" t="13" w="521" /></phr></stem><stem n="lcpu.busyp"><phr n="lcpu.busyPer"><ent r="5" t="13" w="461" /><ent r="5" t="13" w="460" /><ent r="5" t="13" w="493" /><ent r="5" t="13" w="492" /><ent r="5" t="13" w="521" /><ent r="5" t="13" w="520" /></phr></stem><stem n="busyp"><phr n="busyPer"><ent r="5" t="13" w="461" /><ent r="5" t="13" w="493" /><ent r="5" t="13" w="521" /></phr></stem><stem n=".avgbusy1"><phr n=".avgBusy1"><ent r="5" t="13" w="469" /><ent r="5" t="13" w="501" /><ent r="5" t="13" w="529" /></phr></stem><stem n="lcpu.avgbusy1"><phr n="lcpu.avgBusy1"><ent r="5" t="13" w="469" /><ent r="5" t="13" w="468" /><ent r="5" t="13" w="501" /><ent r="5" t="13" w="500" /><ent r="5" t="13" w="529" /><ent r="5" t="13" w="528" /></phr></stem><stem n="avgbusy1"><phr n="avgBusy1"><ent r="5" t="13" w="469" /><ent r="5" t="13" w="501" /><ent r="5" t="13" w="529" /></phr></stem><stem n="cpupercentavg"><phr n="cpupercentavg"><ent r="5" t="13" w="471" /><ent r="5" t="13" w="503" /><ent r="5" t="13" w="531" /><ent r="5" t="13" w="554" /><ent r="5" t="13" w="622" /></phr></stem><stem n="lmem"><phr n="lmem"><ent r="5" t="13" w="477" /><ent r="5" t="13" w="537" /></phr></stem><stem n=".freemem"><phr n=".freeMem"><ent r="5" t="13" w="478" /><ent r="5" t="13" w="538" /></phr></stem><stem n="lmem.freemem"><phr n="lmem.freeMem"><ent r="5" t="13" w="478" /><ent r="5" t="13" w="477" /><ent r="5" t="13" w="538" /><ent r="5" t="13" w="537" /></phr></stem><stem n="freemem"><phr n="freeMem"><ent r="5" t="13" w="478" /><ent r="5" t="13" w="538" /></phr><phr n="freemem"><ent r="5" t="13" w="480" /><ent r="5" t="13" w="511" /><ent r="5" t="13" w="540" /></phr></stem><stem n="memori"><phr n="memory"><ent r="5" t="13" w="483" /><ent r="5" t="13" w="514" /><ent r="5" t="13" w="543" /><ent r="3" t="18" w="48" /><ent r="4" t="23" w="184" /><ent r="5" t="55" w="680" /></phr><phr n="Memory"><ent r="5" t="13" w="489" /></phr></stem><stem n="pool"><phr n="Pool"><ent r="5" t="13" w="490" /></phr></stem><stem n="ciscomemorypoolfree1"><phr n="ciscoMemoryPoolFree1"><ent r="5" t="13" w="509" /></phr></stem><stem n="v2c"><phr n="v2c"><ent r="5" t="13" w="518" /><ent r="5" t="14" w="645" /><ent r="5" t="14" w="664" /><ent r="3" t="19" w="1169" /><ent r="4" t="25" w="714" /><ent r="3" t="25" w="1245" /><ent r="3" t="27" w="1565" /></phr></stem><stem n="(v2c)"><phr n="(v2c)"><ent r="5" t="13" w="519" /><ent r="4" t="25" w="715" /><ent r="3" t="25" w="1246" /></phr></stem><stem n="sla"><phr n="SLA"><ent r="5" t="13" w="548" /></phr></stem><stem n="jitter"><phr n="Jitter"><ent r="5" t="13" w="549" /><ent r="5" t="13" w="565" /></phr></stem><stem n="cpmcputotal1min"><phr n="cpmCPUTotal1min"><ent r="5" t="13" w="552" /></phr></stem><stem n="avgjitt"><phr n="AvgJitter"><ent r="5" t="13" w="560" /></phr></stem><stem n="jitteravg"><phr n="jitteravg"><ent r="5" t="13" w="562" /></phr></stem><stem n="avglat"><phr n="AvgLatency"><ent r="5" t="13" w="567" /></phr></stem><stem n="latencyavg"><phr n="latencyavg"><ent r="5" t="13" w="569" /></phr></stem><stem n="percentpacketloss"><phr n="PercentPacketLoss"><ent r="5" t="13" w="574" /></phr></stem><stem n="pktloss"><phr n="pktloss"><ent r="5" t="13" w="576" /></phr></stem><stem n="comparison"><phr n="Comparison"><ent r="5" t="13" w="582" /></phr><phr n="comparisons"><ent r="3" t="14" w="1447" /><ent r="3" t="17" w="21" /><ent r="3" t="17" w="238" /><ent r="3" t="17" w="320" /><ent r="4" t="17" w="381" /><ent r="4" t="21" w="236" /></phr><phr n="comparison"><ent r="4" t="15" w="191" /><ent r="4" t="17" w="46" /><ent r="3" t="17" w="60" /><ent r="3" t="17" w="204" /><ent r="3" t="17" w="248" /><ent r="3" t="17" w="285" /><ent r="3" t="17" w="297" /><ent r="4" t="17" w="341" /><ent r="4" t="17" w="354" /></phr><phr n="Comparisons"><ent r="100" t="17" w="13" /><ent r="100" t="17" w="15" /><ent r="100" t="17" w="187" /><ent r="92" t="17" w="191" /><ent r="3" t="17" w="193" /><ent r="100" t="17" w="289" /><ent r="82" t="17" w="292" /></phr></stem><stem n="theoid"><phr n="theOID"><ent r="5" t="13" w="584" /><ent r="5" t="13" w="595" /><ent r="5" t="13" w="632" /><ent r="5" t="13" w="643" /></phr></stem><stem n="high"><phr n="High"><ent r="5" t="13" w="592" /><ent r="3" t="27" w="510" /><ent r="3" t="27" w="671" /><ent r="3" t="27" w="794" /><ent r="3" t="27" w="904" /><ent r="3" t="27" w="1086" /></phr><phr n="high"><ent r="3" t="17" w="151" /><ent r="3" t="17" w="164" /><ent r="3" t="18" w="41" /><ent r="4" t="33" w="627" /><ent r="3" t="33" w="639" /><ent r="7" t="55" w="331" /></phr><phr n="HIGH"><ent r="3" t="19" w="67" /><ent r="3" t="19" w="76" /><ent r="4" t="19" w="426" /><ent r="3" t="20" w="188" /><ent r="3" t="20" w="198" /></phr></stem><stem n="(built-in)"><phr n="(built-in)"><ent r="5" t="13" w="607" /></phr></stem><stem n="hrprocessort"><phr n="hrProcessorTable"><ent r="5" t="13" w="612" /></phr></stem><stem n="ucd"><phr n="UCD"><ent r="5" t="13" w="614" /></phr></stem><stem n="ucd-snmp"><phr n="UCD-SNMP"><ent r="5" t="13" w="614" /></phr></stem><stem n="(anchor"><phr n="(anchor"><ent r="5" t="13" w="618" /></phr></stem><stem n="anchor"><phr n="anchor"><ent r="5" t="13" w="618" /><ent r="100" t="55" w="1960" /><ent r="6" t="55" w="1963" /><ent r="6" t="55" w="1972" /><ent r="6" t="55" w="1978" /><ent r="7" t="55" w="1986" /><ent r="6" t="55" w="1991" /><ent r="7" t="55" w="2009" /><ent r="6" t="55" w="2024" /><ent r="6" t="55" w="2055" /><ent r="6" t="55" w="2061" /><ent r="6" t="55" w="2084" /><ent r="6" t="55" w="2087" /></phr></stem><stem n="ucur"><phr n="UcuR"><ent r="5" t="13" w="620" /></phr></stem><stem n="low"><phr n="Low"><ent r="5" t="13" w="629" /></phr><phr n="low"><ent r="3" t="18" w="47" /></phr></stem><stem n="rang"><phr n="Range"><ent r="5" t="13" w="640" /></phr><phr n="range"><ent r="3" t="34" w="513" /><ent r="3" t="34" w="767" /></phr></stem><stem n="numconn"><phr n="numconns"><ent r="5" t="13" w="656" /></phr></stem><stem n="rfc1628"><phr n="RFC1628"><ent r="5" t="13" w="665" /></phr></stem><stem n="(rfc1628)"><phr n="(RFC1628)"><ent r="5" t="13" w="666" /></phr></stem><stem n="tripplit"><phr n="TrippLite"><ent r="5" t="13" w="700" /></phr></stem><stem n="envtempc"><phr n="envTempC"><ent r="5" t="13" w="728" /></phr></stem><stem n="ambient"><phr n="Ambient"><ent r="5" t="13" w="732" /></phr></stem><stem n="envhumid"><phr n="envHumid"><ent r="5" t="13" w="736" /></phr></stem><stem n="humid"><phr n="humidity"><ent r="5" t="13" w="738" /></phr><phr n="Humidity"><ent r="5" t="13" w="740" /></phr></stem><stem n="victron"><phr n="Victron"><ent r="5" t="13" w="742" /></phr></stem><stem n="batt"><phr n="batt"><ent r="5" t="13" w="745" /></phr></stem><stem n=".rem"><phr n=".rem"><ent r="5" t="13" w="746" /></phr></stem><stem n="batt.rem"><phr n="batt.rem"><ent r="5" t="13" w="746" /><ent r="5" t="13" w="745" /></phr></stem><stem n="rem"><phr n="rem"><ent r="5" t="13" w="746" /></phr></stem><stem n=".volt1"><phr n=".volt1"><ent r="5" t="13" w="757" /></phr></stem><stem n="input.volt1"><phr n="input.volt1"><ent r="5" t="13" w="757" /><ent r="5" t="13" w="756" /></phr></stem><stem n="volt1"><phr n="volt1"><ent r="5" t="13" w="757" /></phr></stem><stem n="-probe"><phr n="-probes"><ent r="3" t="14" w="23" /><ent r="3" t="14" w="23" /></phr><phr n="-probe"><ent r="3" t="34" w="17" /><ent r="3" t="34" w="17" /></phr></stem><stem n="custom-prob"><phr n="custom-probes"><ent r="3" t="14" w="23" /></phr></stem><stem n="context"><phr n="contexts"><ent r="3" t="14" w="36" /><ent r="3" t="14" w="1372" /></phr><phr n="context"><ent r="3" t="14" w="42" /><ent r="6" t="55" w="492" /><ent r="6" t="55" w="537" /><ent r="6" t="55" w="552" /><ent r="5" t="55" w="950" /><ent r="5" t="55" w="982" /><ent r="5" t="55" w="997" /></phr></stem><stem n="chartabl"><phr n="Chartable"><ent r="65" t="14" w="63" /><ent r="100" t="16" w="1139" /></phr><phr n="chartable"><ent r="66" t="14" w="330" /><ent r="5" t="14" w="344" /><ent r="5" t="14" w="369" /><ent r="67" t="14" w="497" /><ent r="5" t="14" w="502" /><ent r="5" t="14" w="528" /><ent r="5" t="14" w="1138" /><ent r="92" t="14" w="1256" /><ent r="3" t="14" w="1262" /><ent r="3" t="14" w="1276" /><ent r="3" t="14" w="1282" /><ent r="3" t="14" w="1332" /><ent r="3" t="14" w="1660" /><ent r="3" t="14" w="1716" /><ent r="3" t="16" w="1167" /><ent r="3" t="16" w="1319" /><ent r="83" t="16" w="1361" /><ent r="4" t="16" w="1380" /><ent r="3" t="16" w="1490" /><ent r="3" t="16" w="1499" /><ent r="3" t="16" w="1508" /><ent r="3" t="16" w="1520" /><ent r="3" t="16" w="1531" /><ent r="3" t="16" w="1547" /><ent r="3" t="16" w="1557" /><ent r="3" t="16" w="1569" /><ent r="4" t="33" w="1437" /><ent r="3" t="35" w="214" /><ent r="3" t="37" w="174" /><ent r="5" t="37" w="835" /></phr></stem><stem n="macro"><phr n="macro"><ent r="65" t="14" w="64" /><ent r="5" t="14" w="327" /><ent r="5" t="14" w="494" /><ent r="5" t="14" w="503" /><ent r="5" t="14" w="1114" /><ent r="5" t="14" w="1251" /><ent r="92" t="14" w="1257" /><ent r="3" t="14" w="1263" /><ent r="92" t="14" w="1347" /><ent r="3" t="14" w="1355" /><ent r="3" t="14" w="1413" /><ent r="3" t="14" w="1486" /><ent r="4" t="14" w="1675" /><ent r="4" t="14" w="1689" /><ent r="3" t="14" w="1717" /><ent r="3" t="14" w="1775" /><ent r="3" t="16" w="1382" /><ent r="3" t="16" w="1399" /><ent r="4" t="16" w="1472" /><ent r="3" t="16" w="1605" /><ent r="3" t="16" w="1678" /><ent r="3" t="28" w="360" /><ent r="3" t="28" w="366" /><ent r="3" t="30" w="1588" /><ent r="3" t="31" w="4137" /><ent r="5" t="33" w="1179" /><ent r="5" t="33" w="1199" /><ent r="4" t="33" w="1438" /><ent r="3" t="34" w="256" /><ent r="4" t="36" w="144" /><ent r="3" t="36" w="387" /><ent r="3" t="37" w="691" /><ent r="4" t="51" w="154" /><ent r="3" t="51" w="266" /><ent r="4" t="51" w="330" /><ent r="6" t="53" w="181" /><ent r="3" t="55" w="11" /><ent r="3" t="55" w="46" /><ent r="6" t="55" w="1183" /><ent r="6" t="55" w="1200" /><ent r="5" t="55" w="1390" /><ent r="3" t="55" w="1444" /><ent r="6" t="55" w="2071" /><ent r="3" t="56" w="248" /></phr><phr n="Macro"><ent r="65" t="14" w="68" /><ent r="1000" t="55" w="1" /><ent r="100" t="55" w="4" /><ent r="102" t="55" w="7" /><ent r="65" t="55" w="69" /><ent r="93" t="55" w="117" /></phr><phr n="macros"><ent r="5" t="14" w="723" /><ent r="92" t="14" w="1632" /><ent r="3" t="14" w="1641" /><ent r="3" t="14" w="1703" /><ent r="3" t="16" w="1206" /><ent r="3" t="16" w="1216" /><ent r="3" t="16" w="1690" /><ent r="3" t="19" w="311" /><ent r="3" t="30" w="1604" /><ent r="3" t="37" w="107" /><ent r="4" t="37" w="350" /><ent r="3" t="51" w="260" /><ent r="3" t="51" w="466" /><ent r="3" t="52" w="57" /><ent r="3" t="52" w="169" /><ent r="3" t="55" w="35" /><ent r="3" t="55" w="179" /><ent r="3" t="55" w="206" /><ent r="93" t="55" w="646" /><ent r="3" t="55" w="1400" /><ent r="5" t="55" w="1924" /><ent r="6" t="55" w="2003" /></phr><phr n="Macros"><ent r="92" t="16" w="1211" /><ent r="92" t="19" w="306" /><ent r="100" t="30" w="1581" /><ent r="82" t="30" w="1585" /><ent r="66" t="50" w="208" /><ent r="66" t="51" w="136" /><ent r="4" t="51" w="177" /><ent r="3" t="55" w="60" /><ent r="65" t="55" w="71" /><ent r="65" t="55" w="81" /><ent r="65" t="55" w="89" /><ent r="65" t="55" w="97" /><ent r="65" t="55" w="108" /><ent r="93" t="55" w="164" /><ent r="93" t="55" w="1125" /><ent r="93" t="55" w="1270" /><ent r="93" t="55" w="1392" /></phr></stem><stem n="eval"><phr n="Eval"><ent r="65" t="14" w="67" /><ent r="3" t="14" w="1485" /></phr><phr n="eval"><ent r="66" t="14" w="323" /><ent r="5" t="14" w="326" /><ent r="66" t="14" w="489" /><ent r="5" t="14" w="493" /><ent r="66" t="14" w="1110" /><ent r="5" t="14" w="1113" /><ent r="92" t="14" w="1346" /><ent r="4" t="14" w="1353" /><ent r="3" t="14" w="1412" /><ent r="3" t="14" w="1419" /><ent r="3" t="14" w="1490" /><ent r="3" t="14" w="1511" /><ent r="3" t="14" w="1528" /><ent r="3" t="14" w="1533" /><ent r="3" t="14" w="1540" /><ent r="3" t="14" w="1546" /><ent r="3" t="14" w="1580" /><ent r="3" t="14" w="1609" /><ent r="83" t="16" w="1639" /><ent r="4" t="16" w="1676" /></phr></stem><stem n="probe-typ"><phr n="probe-type"><ent r="3" t="14" w="89" /><ent r="3" t="14" w="286" /><ent r="3" t="14" w="430" /><ent r="3" t="14" w="784" /></phr></stem><stem n="(probe-type=cmd-line)"><phr n="(probe-type=cmd-line)"><ent r="3" t="14" w="93" /><ent r="3" t="14" w="290" /></phr></stem><stem n="-line&gt;"><phr n="-line&gt;"><ent r="82" t="14" w="95" /><ent r="82" t="14" w="95" /><ent r="3" t="14" w="108" /><ent r="3" t="14" w="108" /><ent r="3" t="33" w="416" /><ent r="3" t="33" w="416" /><ent r="5" t="33" w="924" /><ent r="5" t="33" w="924" /><ent r="4" t="34" w="240" /><ent r="4" t="34" w="240" /><ent r="3" t="34" w="497" /><ent r="3" t="34" w="497" /><ent r="3" t="34" w="751" /><ent r="3" t="34" w="751" /><ent r="3" t="35" w="170" /><ent r="3" t="35" w="170" /><ent r="3" t="36" w="465" /><ent r="3" t="36" w="465" /></phr></stem><stem n="&lt;command-line&gt;"><phr n="&lt;command-line&gt;"><ent r="82" t="14" w="95" /><ent r="3" t="14" w="108" /><ent r="3" t="33" w="416" /><ent r="5" t="33" w="924" /><ent r="4" t="34" w="240" /><ent r="3" t="34" w="497" /><ent r="3" t="34" w="751" /><ent r="3" t="35" w="170" /><ent r="3" t="36" w="465" /></phr></stem><stem n="line&gt;"><phr n="line&gt;"><ent r="82" t="14" w="96" /><ent r="3" t="14" w="109" /><ent r="3" t="33" w="417" /><ent r="5" t="33" w="925" /><ent r="4" t="34" w="241" /><ent r="3" t="34" w="498" /><ent r="3" t="34" w="508" /><ent r="3" t="34" w="752" /><ent r="3" t="34" w="762" /><ent r="3" t="35" w="171" /><ent r="3" t="35" w="180" /><ent r="3" t="36" w="466" /><ent r="3" t="36" w="478" /></phr></stem><stem n="-exit&gt;"><phr n="-exit&gt;"><ent r="82" t="14" w="98" /><ent r="82" t="14" w="98" /><ent r="3" t="14" w="111" /><ent r="3" t="14" w="111" /><ent r="5" t="14" w="197" /><ent r="5" t="14" w="197" /><ent r="4" t="33" w="477" /><ent r="4" t="33" w="477" /><ent r="5" t="33" w="1213" /><ent r="5" t="33" w="1213" /><ent r="3" t="34" w="509" /><ent r="3" t="34" w="509" /><ent r="3" t="34" w="763" /><ent r="3" t="34" w="763" /><ent r="3" t="35" w="181" /><ent r="3" t="35" w="181" /><ent r="3" t="36" w="479" /><ent r="3" t="36" w="479" /></phr></stem></index>