﻿<?xml version="1.0" encoding="utf-8"?><index><stem n="explain"><phr n="Explains"><ent r="3" t="0" w="114" /><ent r="3" t="0" w="141" /></phr><phr n="explains"><ent r="3" t="4" w="159" /></phr></stem><stem n="creat"><phr n="create"><ent r="3" t="0" w="117" /><ent r="3" t="0" w="159" /><ent r="3" t="3" w="90" /><ent r="3" t="3" w="122" /><ent r="3" t="3" w="309" /><ent r="3" t="3" w="367" /><ent r="3" t="4" w="351" /><ent r="6" t="5" w="285" /><ent r="4" t="6" w="121" /><ent r="3" t="7" w="555" /><ent r="3" t="8" w="247" /><ent r="3" t="8" w="345" /><ent r="3" t="8" w="367" /><ent r="3" t="8" w="493" /><ent r="4" t="12" w="194" /><ent r="4" t="12" w="222" /><ent r="3" t="15" w="487" /><ent r="3" t="16" w="88" /><ent r="3" t="23" w="118" /><ent r="3" t="30" w="37" /><ent r="3" t="31" w="1094" /><ent r="3" t="38" w="400" /><ent r="3" t="38" w="426" /><ent r="3" t="41" w="83" /><ent r="3" t="46" w="208" /><ent r="3" t="47" w="85" /><ent r="3" t="50" w="60" /><ent r="4" t="50" w="202" /><ent r="4" t="51" w="97" /><ent r="7" t="53" w="411" /><ent r="3" t="54" w="14" /><ent r="3" t="54" w="187" /><ent r="3" t="57" w="45" /></phr><phr n="creates"><ent r="3" t="4" w="214" /><ent r="3" t="16" w="1383" /><ent r="4" t="23" w="710" /><ent r="3" t="25" w="1223" /><ent r="4" t="30" w="755" /><ent r="3" t="34" w="116" /><ent r="3" t="51" w="468" /><ent r="6" t="53" w="702" /><ent r="3" t="54" w="40" /><ent r="6" t="55" w="1142" /><ent r="5" t="55" w="1254" /></phr><phr n="created"><ent r="6" t="5" w="247" /><ent r="6" t="5" w="259" /><ent r="3" t="19" w="1012" /><ent r="3" t="19" w="1110" /><ent r="3" t="21" w="2643" /><ent r="3" t="31" w="1049" /><ent r="3" t="33" w="223" /><ent r="5" t="33" w="1192" /><ent r="5" t="33" w="1209" /><ent r="3" t="34" w="303" /><ent r="3" t="37" w="48" /><ent r="3" t="38" w="38" /><ent r="3" t="38" w="78" /><ent r="3" t="41" w="141" /><ent r="4" t="51" w="134" /></phr><phr n="creating"><ent r="5" t="5" w="387" /><ent r="4" t="6" w="65" /><ent r="3" t="27" w="50" /></phr><phr n="Creating"><ent r="6" t="7" w="410" /><ent r="82" t="7" w="540" /><ent r="100" t="17" w="12" /><ent r="100" t="17" w="185" /><ent r="100" t="17" w="188" /><ent r="92" t="17" w="190" /><ent r="100" t="33" w="5" /><ent r="100" t="33" w="34" /><ent r="100" t="37" w="373" /><ent r="100" t="37" w="375" /><ent r="100" t="37" w="377" /><ent r="72" t="37" w="381" /><ent r="100" t="38" w="383" /><ent r="100" t="38" w="385" /><ent r="92" t="38" w="391" /><ent r="3" t="38" w="405" /><ent r="1000" t="48" w="1" /></phr><phr n="Create"><ent r="3" t="15" w="707" /><ent r="100" t="33" w="47" /><ent r="4" t="33" w="670" /><ent r="4" t="33" w="731" /></phr><phr n="CREATE"><ent r="3" t="41" w="219" /><ent r="3" t="41" w="250" /></phr></stem><stem n="own"><phr n="own"><ent r="3" t="0" w="119" /><ent r="3" t="0" w="163" /><ent r="3" t="3" w="92" /><ent r="3" t="3" w="124" /><ent r="3" t="4" w="379" /><ent r="6" t="5" w="879" /><ent r="4" t="6" w="125" /><ent r="3" t="8" w="87" /><ent r="4" t="12" w="224" /><ent r="3" t="18" w="688" /><ent r="3" t="23" w="1544" /><ent r="3" t="27" w="225" /><ent r="3" t="28" w="29" /><ent r="3" t="29" w="154" /><ent r="3" t="32" w="188" /><ent r="3" t="32" w="262" /><ent r="3" t="33" w="225" /><ent r="3" t="33" w="248" /><ent r="3" t="37" w="50" /><ent r="3" t="37" w="391" /><ent r="3" t="38" w="402" /><ent r="3" t="38" w="407" /><ent r="3" t="48" w="101" /><ent r="3" t="51" w="368" /><ent r="3" t="51" w="388" /><ent r="7" t="53" w="399" /><ent r="6" t="55" w="512" /></phr><phr n="owned"><ent r="3" t="1" w="101" /></phr><phr n="Own"><ent r="100" t="38" w="387" /><ent r="92" t="38" w="393" /></phr></stem><stem n="configur"><phr n="configure"><ent r="3" t="0" w="125" /><ent r="3" t="27" w="293" /></phr><phr n="configuration"><ent r="3" t="4" w="154" /><ent r="3" t="4" w="224" /><ent r="3" t="7" w="152" /><ent r="4" t="31" w="387" /><ent r="3" t="31" w="2458" /><ent r="4" t="37" w="332" /></phr><phr n="Configuration"><ent r="100" t="7" w="26" /><ent r="3" t="7" w="51" /><ent r="100" t="8" w="10" /><ent r="4" t="50" w="355" /></phr><phr n="configured"><ent r="3" t="18" w="710" /><ent r="3" t="18" w="893" /></phr><phr n="Configuring"><ent r="92" t="18" w="886" /></phr><phr n="Configure"><ent r="4" t="38" w="353" /></phr></stem><stem n="them"><phr n="them"><ent r="3" t="0" w="126" /><ent r="4" t="5" w="1126" /><ent r="3" t="16" w="30" /><ent r="4" t="18" w="594" /><ent r="4" t="18" w="605" /><ent r="3" t="23" w="373" /><ent r="3" t="25" w="151" /><ent r="3" t="25" w="1160" /><ent r="3" t="25" w="1356" /><ent r="3" t="30" w="688" /><ent r="3" t="33" w="239" /><ent r="6" t="33" w="1131" /><ent r="3" t="37" w="78" /><ent r="3" t="50" w="37" /><ent r="3" t="50" w="276" /><ent r="3" t="50" w="321" /><ent r="3" t="51" w="538" /><ent r="3" t="56" w="199" /></phr></stem><stem n="add"><phr n="add"><ent r="3" t="0" w="128" /><ent r="6" t="5" w="520" /><ent r="5" t="5" w="575" /><ent r="4" t="7" w="277" /><ent r="3" t="16" w="1392" /><ent r="3" t="23" w="1478" /><ent r="3" t="30" w="1829" /><ent r="3" t="30" w="1866" /><ent r="3" t="30" w="1931" /><ent r="3" t="34" w="50" /><ent r="3" t="41" w="697" /></phr><phr n="Add"><ent r="6" t="5" w="1042" /><ent r="3" t="27" w="393" /><ent r="3" t="27" w="548" /><ent r="100" t="30" w="172" /><ent r="100" t="30" w="174" /><ent r="4" t="30" w="1835" /><ent r="4" t="30" w="1846" /><ent r="100" t="31" w="38" /><ent r="6" t="31" w="767" /><ent r="5" t="31" w="2065" /><ent r="4" t="37" w="297" /><ent r="4" t="38" w="303" /><ent r="4" t="41" w="741" /><ent r="4" t="41" w="745" /></phr><phr n="adds"><ent r="5" t="14" w="218" /><ent r="5" t="14" w="257" /><ent r="3" t="16" w="1332" /><ent r="3" t="31" w="2068" /><ent r="4" t="31" w="2111" /><ent r="4" t="31" w="2163" /><ent r="3" t="44" w="459" /></phr><phr n="Adds"><ent r="4" t="31" w="769" /></phr></stem><stem n="power"><phr n="power"><ent r="3" t="0" w="129" /><ent r="3" t="19" w="953" /><ent r="4" t="21" w="585" /><ent r="4" t="21" w="603" /></phr></stem><stem n="flexibl"><phr n="flexibility"><ent r="3" t="0" w="131" /></phr></stem><stem n="http"><phr n="HTTP"><ent r="64" t="0" w="138" /><ent r="3" t="0" w="143" /><ent r="5" t="13" w="89" /><ent r="5" t="13" w="122" /><ent r="5" t="13" w="127" /><ent r="5" t="13" w="207" /><ent r="5" t="13" w="228" /><ent r="5" t="13" w="233" /><ent r="5" t="13" w="235" /><ent r="5" t="13" w="240" /><ent r="5" t="13" w="242" /><ent r="5" t="13" w="247" /><ent r="5" t="13" w="249" /><ent r="5" t="13" w="255" /><ent r="5" t="13" w="261" /><ent r="5" t="13" w="268" /><ent r="3" t="29" w="52" /><ent r="3" t="29" w="65" /><ent r="3" t="31" w="1258" /><ent r="3" t="31" w="1303" /><ent r="4" t="31" w="1800" /><ent r="3" t="31" w="2934" /><ent r="1000" t="43" w="2" /><ent r="102" t="43" w="6" /><ent r="3" t="43" w="13" /><ent r="3" t="43" w="39" /><ent r="3" t="43" w="60" /><ent r="4" t="43" w="112" /><ent r="3" t="43" w="158" /><ent r="3" t="43" w="206" /><ent r="3" t="44" w="23" /><ent r="3" t="44" w="211" /><ent r="82" t="44" w="309" /><ent r="3" t="44" w="318" /><ent r="3" t="44" w="350" /><ent r="3" t="44" w="488" /><ent r="3" t="45" w="21" /><ent r="3" t="45" w="288" /><ent r="1000" t="46" w="3" /><ent r="102" t="46" w="7" /><ent r="4" t="46" w="119" /><ent r="1000" t="47" w="1" /><ent r="102" t="47" w="6" /><ent r="3" t="47" w="28" /><ent r="5" t="55" w="1633" /><ent r="5" t="55" w="1639" /><ent r="5" t="55" w="1661" /><ent r="5" t="55" w="1715" /></phr><phr n="http"><ent r="64" t="1" w="741" /><ent r="64" t="3" w="502" /><ent r="6" t="5" w="616" /><ent r="7" t="7" w="517" /><ent r="7" t="7" w="523" /><ent r="7" t="7" w="529" /><ent r="4" t="7" w="600" /><ent r="3" t="27" w="32" /><ent r="3" t="27" w="342" /><ent r="3" t="27" w="359" /><ent r="64" t="33" w="196" /><ent r="64" t="33" w="264" /><ent r="64" t="35" w="231" /><ent r="64" t="36" w="79" /><ent r="3" t="36" w="325" /><ent r="64" t="37" w="27" /><ent r="64" t="37" w="226" /><ent r="64" t="37" w="405" /><ent r="64" t="37" w="716" /><ent r="65" t="38" w="93" /><ent r="3" t="40" w="905" /><ent r="3" t="44" w="178" /><ent r="3" t="44" w="182" /><ent r="3" t="44" w="362" /><ent r="3" t="44" w="418" /><ent r="3" t="44" w="518" /><ent r="3" t="45" w="111" /><ent r="3" t="45" w="181" /><ent r="3" t="45" w="217" /><ent r="3" t="45" w="241" /><ent r="3" t="45" w="300" /><ent r="3" t="45" w="411" /><ent r="3" t="46" w="29" /><ent r="3" t="46" w="148" /><ent r="3" t="46" w="186" /><ent r="3" t="46" w="214" /><ent r="3" t="46" w="230" /><ent r="3" t="47" w="555" /><ent r="3" t="47" w="685" /><ent r="3" t="47" w="849" /><ent r="64" t="48" w="85" /><ent r="64" t="49" w="42" /><ent r="5" t="55" w="852" /><ent r="100" t="55" w="1330" /><ent r="6" t="55" w="1334" /><ent r="4" t="55" w="1460" /><ent r="6" t="55" w="1676" /><ent r="6" t="55" w="1745" /><ent r="3" t="56" w="147" /><ent r="3" t="56" w="205" /><ent r="3" t="56" w="281" /><ent r="4" t="56" w="430" /><ent r="3" t="56" w="442" /><ent r="3" t="56" w="455" /><ent r="3" t="56" w="469" /><ent r="5" t="58" w="69" /><ent r="5" t="58" w="88" /><ent r="64" t="60" w="29" /></phr><phr n="HTTPS"><ent r="5" t="13" w="119" /><ent r="5" t="13" w="257" /><ent r="5" t="13" w="263" /></phr><phr n="https"><ent r="3" t="44" w="180" /><ent r="64" t="49" w="24" /></phr></stem><stem n="api"><phr n="API"><ent r="64" t="0" w="139" /><ent r="3" t="0" w="144" /><ent r="92" t="33" w="389" /><ent r="1000" t="43" w="3" /><ent r="102" t="43" w="7" /><ent r="3" t="43" w="14" /><ent r="3" t="43" w="31" /><ent r="3" t="43" w="61" /><ent r="3" t="43" w="128" /><ent r="3" t="43" w="159" /><ent r="3" t="43" w="207" /><ent r="3" t="44" w="24" /><ent r="3" t="44" w="489" /><ent r="3" t="45" w="22" /><ent r="4" t="46" w="120" /><ent r="1000" t="47" w="2" /><ent r="102" t="47" w="7" /><ent r="3" t="47" w="29" /></phr></stem><stem n="import"><phr n="import"><ent r="3" t="0" w="151" /><ent r="3" t="36" w="246" /><ent r="3" t="36" w="277" /><ent r="3" t="43" w="187" /><ent r="3" t="44" w="314" /><ent r="3" t="44" w="347" /><ent r="3" t="44" w="435" /><ent r="3" t="44" w="481" /><ent r="3" t="44" w="497" /><ent r="3" t="45" w="47" /><ent r="3" t="45" w="283" /><ent r="3" t="45" w="332" /><ent r="3" t="45" w="392" /><ent r="3" t="45" w="409" /></phr><phr n="imported"><ent r="4" t="16" w="321" /><ent r="3" t="16" w="1834" /><ent r="3" t="24" w="37" /><ent r="3" t="25" w="1277" /><ent r="3" t="44" w="53" /><ent r="3" t="45" w="357" /></phr><phr n="important"><ent r="3" t="19" w="486" /><ent r="3" t="52" w="168" /></phr><phr n="IMPORTS"><ent r="3" t="28" w="70" /></phr><phr n="Import"><ent r="100" t="38" w="234" /><ent r="4" t="38" w="237" /><ent r="5" t="38" w="278" /><ent r="5" t="43" w="64" /><ent r="5" t="43" w="78" /><ent r="4" t="43" w="97" /><ent r="3" t="45" w="11" /><ent r="3" t="45" w="28" /><ent r="4" t="45" w="89" /><ent r="3" t="45" w="374" /></phr><phr n="importing"><ent r="3" t="43" w="28" /><ent r="3" t="45" w="103" /><ent r="3" t="45" w="370" /></phr><phr n="Importing"><ent r="64" t="43" w="166" /><ent r="64" t="43" w="181" /><ent r="1000" t="44" w="1" /><ent r="102" t="44" w="5" /><ent r="1000" t="45" w="1" /><ent r="102" t="45" w="5" /><ent r="82" t="45" w="273" /><ent r="4" t="59" w="76" /></phr><phr n="imports"><ent r="82" t="44" w="311" /></phr></stem><stem n="export"><phr n="export"><ent r="3" t="0" w="153" /><ent r="3" t="43" w="189" /><ent r="3" t="45" w="49" /><ent r="3" t="45" w="175" /></phr><phr n="exporting"><ent r="3" t="43" w="26" /><ent r="3" t="45" w="105" /></phr><phr n="Export"><ent r="5" t="43" w="65" /><ent r="5" t="43" w="79" /><ent r="4" t="43" w="99" /><ent r="3" t="45" w="12" /><ent r="3" t="45" w="33" /><ent r="4" t="45" w="90" /></phr><phr n="Exporting"><ent r="64" t="43" w="167" /><ent r="64" t="43" w="182" /><ent r="1000" t="44" w="2" /><ent r="102" t="44" w="6" /><ent r="1000" t="45" w="2" /><ent r="102" t="45" w="6" /><ent r="4" t="59" w="78" /></phr><phr n="exported"><ent r="3" t="44" w="50" /></phr></stem><stem n="file"><phr n="files"><ent r="3" t="0" w="154" /><ent r="4" t="3" w="102" /><ent r="3" t="3" w="107" /><ent r="3" t="3" w="449" /><ent r="3" t="4" w="19" /><ent r="3" t="4" w="75" /><ent r="3" t="4" w="85" /><ent r="3" t="6" w="23" /><ent r="3" t="6" w="42" /><ent r="4" t="6" w="67" /><ent r="3" t="7" w="240" /><ent r="3" t="9" w="16" /><ent r="3" t="15" w="264" /><ent r="3" t="15" w="280" /><ent r="3" t="24" w="308" /><ent r="4" t="24" w="523" /><ent r="3" t="30" w="1936" /><ent r="3" t="34" w="154" /><ent r="4" t="37" w="321" /><ent r="3" t="41" w="708" /><ent r="4" t="43" w="70" /><ent r="3" t="44" w="12" /><ent r="3" t="44" w="89" /><ent r="3" t="44" w="95" /><ent r="3" t="44" w="131" /><ent r="3" t="44" w="226" /><ent r="3" t="44" w="242" /><ent r="3" t="44" w="316" /><ent r="4" t="44" w="431" /><ent r="3" t="47" w="150" /><ent r="3" t="47" w="571" /><ent r="3" t="50" w="55" /><ent r="3" t="50" w="79" /><ent r="66" t="50" w="154" /><ent r="66" t="50" w="170" /><ent r="4" t="50" w="185" /><ent r="4" t="50" w="220" /><ent r="4" t="50" w="256" /><ent r="3" t="50" w="268" /><ent r="3" t="50" w="272" /><ent r="3" t="50" w="313" /><ent r="4" t="50" w="331" /><ent r="3" t="51" w="524" /><ent r="3" t="51" w="543" /><ent r="4" t="52" w="25" /><ent r="3" t="52" w="54" /><ent r="6" t="53" w="377" /><ent r="7" t="53" w="406" /><ent r="7" t="53" w="427" /><ent r="7" t="53" w="491" /><ent r="7" t="53" w="511" /><ent r="7" t="53" w="517" /><ent r="7" t="53" w="537" /><ent r="3" t="54" w="71" /><ent r="3" t="54" w="93" /><ent r="3" t="55" w="121" /><ent r="3" t="55" w="124" /><ent r="3" t="55" w="128" /><ent r="6" t="55" w="1220" /><ent r="3" t="56" w="12" /><ent r="3" t="56" w="15" /><ent r="3" t="56" w="61" /><ent r="3" t="56" w="132" /><ent r="3" t="56" w="189" /><ent r="3" t="56" w="369" /></phr><phr n="file"><ent r="3" t="3" w="460" /><ent r="64" t="4" w="61" /><ent r="3" t="5" w="23" /><ent r="6" t="5" w="103" /><ent r="6" t="5" w="340" /><ent r="5" t="5" w="436" /><ent r="3" t="5" w="774" /><ent r="100" t="6" w="78" /><ent r="100" t="6" w="81" /><ent r="100" t="6" w="84" /><ent r="4" t="6" w="129" /><ent r="3" t="6" w="157" /><ent r="3" t="6" w="196" /><ent r="3" t="7" w="35" /><ent r="3" t="9" w="33" /><ent r="3" t="11" w="67" /><ent r="4" t="15" w="139" /><ent r="4" t="15" w="181" /><ent r="3" t="15" w="292" /><ent r="3" t="16" w="1250" /><ent r="3" t="16" w="1376" /><ent r="3" t="16" w="1598" /><ent r="3" t="17" w="257" /><ent r="4" t="18" w="242" /><ent r="3" t="18" w="751" /><ent r="3" t="18" w="775" /><ent r="4" t="18" w="827" /><ent r="4" t="22" w="315" /><ent r="4" t="23" w="733" /><ent r="3" t="23" w="892" /><ent r="3" t="24" w="222" /><ent r="4" t="24" w="465" /><ent r="4" t="24" w="480" /><ent r="4" t="24" w="502" /><ent r="4" t="24" w="508" /><ent r="3" t="25" w="358" /><ent r="3" t="25" w="866" /><ent r="64" t="25" w="947" /><ent r="3" t="25" w="1493" /><ent r="3" t="26" w="22" /><ent r="3" t="26" w="153" /><ent r="3" t="28" w="299" /><ent r="4" t="30" w="1264" /><ent r="4" t="30" w="1853" /><ent r="3" t="30" w="1943" /><ent r="3" t="33" w="114" /><ent r="3" t="33" w="164" /><ent r="3" t="33" w="352" /><ent r="4" t="33" w="484" /><ent r="4" t="33" w="736" /><ent r="3" t="33" w="773" /><ent r="4" t="33" w="828" /><ent r="3" t="34" w="141" /><ent r="3" t="34" w="314" /><ent r="4" t="36" w="188" /><ent r="3" t="36" w="205" /><ent r="3" t="36" w="238" /><ent r="4" t="37" w="266" /><ent r="4" t="38" w="266" /><ent r="4" t="38" w="272" /><ent r="3" t="39" w="126" /><ent r="100" t="40" w="6" /><ent r="4" t="40" w="206" /><ent r="4" t="40" w="701" /><ent r="3" t="41" w="34" /><ent r="3" t="41" w="74" /><ent r="3" t="41" w="119" /><ent r="3" t="41" w="130" /><ent r="3" t="41" w="139" /><ent r="3" t="41" w="528" /><ent r="3" t="43" w="178" /><ent r="3" t="44" w="105" /><ent r="82" t="44" w="310" /><ent r="3" t="44" w="329" /><ent r="3" t="44" w="373" /><ent r="3" t="44" w="379" /><ent r="3" t="44" w="438" /><ent r="3" t="44" w="446" /><ent r="3" t="44" w="449" /><ent r="3" t="44" w="457" /><ent r="3" t="44" w="475" /><ent r="3" t="44" w="500" /><ent r="3" t="44" w="517" /><ent r="3" t="44" w="524" /><ent r="3" t="45" w="31" /><ent r="3" t="45" w="36" /><ent r="4" t="45" w="131" /><ent r="4" t="45" w="140" /><ent r="4" t="45" w="148" /><ent r="3" t="45" w="237" /><ent r="3" t="45" w="318" /><ent r="3" t="45" w="351" /><ent r="3" t="45" w="360" /><ent r="3" t="45" w="410" /><ent r="3" t="45" w="415" /><ent r="3" t="47" w="546" /><ent r="3" t="47" w="652" /><ent r="3" t="47" w="658" /><ent r="3" t="47" w="829" /><ent r="3" t="50" w="95" /><ent r="4" t="50" w="100" /><ent r="3" t="50" w="109" /><ent r="4" t="50" w="120" /><ent r="3" t="50" w="124" /><ent r="4" t="51" w="33" /><ent r="3" t="51" w="47" /><ent r="3" t="51" w="64" /><ent r="4" t="51" w="173" /><ent r="3" t="51" w="455" /><ent r="3" t="51" w="526" /><ent r="3" t="52" w="37" /><ent r="3" t="52" w="86" /><ent r="4" t="52" w="185" /><ent r="4" t="52" w="198" /><ent r="4" t="52" w="205" /><ent r="100" t="52" w="230" /><ent r="4" t="52" w="239" /><ent r="4" t="52" w="260" /><ent r="6" t="53" w="73" /><ent r="6" t="53" w="78" /><ent r="6" t="53" w="102" /><ent r="6" t="53" w="163" /><ent r="6" t="53" w="262" /><ent r="6" t="53" w="278" /><ent r="6" t="53" w="294" /><ent r="6" t="53" w="302" /><ent r="6" t="53" w="340" /><ent r="7" t="53" w="450" /><ent r="7" t="53" w="587" /><ent r="6" t="53" w="606" /><ent r="6" t="53" w="635" /><ent r="6" t="53" w="673" /><ent r="6" t="55" w="140" /><ent r="5" t="55" w="148" /><ent r="5" t="55" w="156" /><ent r="5" t="55" w="630" /><ent r="5" t="55" w="639" /><ent r="6" t="55" w="1209" /><ent r="5" t="55" w="1242" /><ent r="5" t="55" w="1502" /><ent r="3" t="56" w="172" /><ent r="3" t="56" w="239" /><ent r="3" t="56" w="324" /><ent r="3" t="56" w="341" /><ent r="3" t="56" w="347" /><ent r="100" t="56" w="356" /><ent r="3" t="56" w="360" /><ent r="3" t="56" w="388" /><ent r="3" t="56" w="394" /><ent r="3" t="57" w="30" /><ent r="3" t="57" w="43" /><ent r="3" t="57" w="51" /><ent r="100" t="57" w="74" /><ent r="100" t="57" w="78" /><ent r="3" t="57" w="85" /><ent r="3" t="57" w="94" /></phr><phr n="File"><ent r="1000" t="4" w="2" /><ent r="102" t="4" w="7" /><ent r="100" t="4" w="15" /><ent r="64" t="4" w="201" /><ent r="1000" t="5" w="2" /><ent r="92" t="5" w="11" /><ent r="1000" t="6" w="2" /><ent r="102" t="6" w="8" /><ent r="100" t="6" w="14" /><ent r="1000" t="7" w="2" /><ent r="100" t="7" w="16" /><ent r="102" t="7" w="22" /><ent r="64" t="7" w="195" /><ent r="92" t="18" w="765" /><ent r="102" t="19" w="7" /><ent r="65" t="19" w="440" /><ent r="64" t="30" w="80" /><ent r="1000" t="32" w="4" /><ent r="102" t="32" w="67" /><ent r="100" t="33" w="760" /><ent r="92" t="33" w="766" /><ent r="65" t="33" w="800" /><ent r="4" t="38" w="231" /><ent r="5" t="38" w="276" /><ent r="5" t="43" w="63" /><ent r="3" t="45" w="44" /><ent r="3" t="45" w="376" /><ent r="3" t="45" w="383" /><ent r="100" t="51" w="192" /><ent r="92" t="51" w="196" /><ent r="100" t="51" w="439" /><ent r="92" t="51" w="448" /><ent r="100" t="52" w="74" /><ent r="92" t="52" w="78" /><ent r="100" t="55" w="132" /></phr><phr n="Files"><ent r="64" t="4" w="70" /><ent r="102" t="6" w="6" /><ent r="100" t="6" w="18" /><ent r="6" t="36" w="126" /><ent r="100" t="38" w="6" /><ent r="64" t="43" w="168" /><ent r="1000" t="44" w="3" /><ent r="102" t="44" w="7" /><ent r="4" t="44" w="36" /><ent r="6" t="44" w="282" /><ent r="6" t="47" w="427" /><ent r="3" t="47" w="630" /><ent r="66" t="50" w="230" /><ent r="100" t="50" w="288" /><ent r="100" t="50" w="293" /><ent r="100" t="50" w="298" /><ent r="92" t="50" w="305" /><ent r="1000" t="51" w="2" /><ent r="102" t="51" w="5" /><ent r="100" t="51" w="509" /><ent r="92" t="51" w="514" /><ent r="1000" t="52" w="2" /><ent r="100" t="52" w="5" /><ent r="102" t="52" w="8" /><ent r="100" t="56" w="289" /><ent r="92" t="56" w="295" /></phr></stem><stem n="tabl"><phr n="tables"><ent r="3" t="0" w="156" /><ent r="6" t="5" w="931" /><ent r="6" t="5" w="1021" /><ent r="3" t="23" w="23" /><ent r="3" t="23" w="99" /><ent r="3" t="23" w="121" /><ent r="3" t="23" w="137" /><ent r="3" t="23" w="566" /><ent r="3" t="23" w="870" /><ent r="3" t="23" w="980" /><ent r="4" t="23" w="1596" /><ent r="4" t="23" w="1610" /><ent r="3" t="24" w="956" /><ent r="3" t="24" w="1161" /><ent r="4" t="43" w="85" /><ent r="3" t="45" w="53" /><ent r="3" t="45" w="62" /><ent r="3" t="45" w="80" /><ent r="3" t="45" w="194" /></phr><phr n="table"><ent r="6" t="5" w="977" /><ent r="6" t="5" w="991" /><ent r="5" t="13" w="617" /><ent r="6" t="16" w="506" /><ent r="4" t="21" w="189" /><ent r="3" t="23" w="47" /><ent r="3" t="23" w="126" /><ent r="3" t="23" w="128" /><ent r="3" t="23" w="279" /><ent r="3" t="23" w="356" /><ent r="3" t="23" w="400" /><ent r="3" t="23" w="420" /><ent r="3" t="23" w="447" /><ent r="3" t="23" w="509" /><ent r="3" t="23" w="537" /><ent r="3" t="23" w="658" /><ent r="3" t="23" w="696" /><ent r="4" t="23" w="712" /><ent r="4" t="23" w="718" /><ent r="4" t="23" w="728" /><ent r="4" t="23" w="750" /><ent r="4" t="23" w="792" /><ent r="4" t="23" w="820" /><ent r="3" t="23" w="912" /><ent r="3" t="23" w="916" /><ent r="3" t="23" w="923" /><ent r="3" t="23" w="931" /><ent r="3" t="23" w="949" /><ent r="3" t="23" w="970" /><ent r="3" t="23" w="985" /><ent r="3" t="23" w="1252" /><ent r="3" t="23" w="1321" /><ent r="2" t="23" w="1391" /><ent r="3" t="23" w="1509" /><ent r="3" t="23" w="1522" /><ent r="3" t="23" w="1539" /><ent r="4" t="23" w="1584" /><ent r="3" t="24" w="1003" /><ent r="3" t="24" w="1018" /><ent r="3" t="24" w="1028" /><ent r="3" t="39" w="74" /><ent r="3" t="39" w="539" /><ent r="3" t="41" w="270" /><ent r="3" t="41" w="433" /><ent r="3" t="41" w="452" /><ent r="4" t="41" w="804" /><ent r="3" t="45" w="15" /><ent r="3" t="45" w="200" /><ent r="3" t="45" w="284" /><ent r="3" t="45" w="294" /><ent r="4" t="46" w="112" /><ent r="5" t="55" w="378" /><ent r="5" t="55" w="384" /><ent r="5" t="55" w="942" /><ent r="5" t="55" w="952" /></phr><phr n="Tables"><ent r="67" t="16" w="408" /><ent r="1000" t="23" w="3" /><ent r="102" t="23" w="10" /><ent r="92" t="23" w="142" /><ent r="92" t="23" w="905" /><ent r="92" t="23" w="1446" /><ent r="64" t="43" w="183" /><ent r="1000" t="45" w="3" /><ent r="102" t="45" w="7" /></phr><phr n="Table"><ent r="100" t="21" w="314" /><ent r="92" t="21" w="317" /><ent r="5" t="23" w="188" /><ent r="82" t="23" w="439" /><ent r="92" t="23" w="531" /><ent r="4" t="23" w="879" /><ent r="3" t="23" w="897" /><ent r="3" t="23" w="1569" /><ent r="82" t="41" w="265" /><ent r="82" t="41" w="428" /><ent r="5" t="43" w="77" /><ent r="3" t="45" w="9" /><ent r="82" t="45" w="274" /></phr><phr n="TABLE"><ent r="3" t="23" w="575" /><ent r="4" t="23" w="743" /><ent r="3" t="23" w="995" /><ent r="3" t="23" w="1272" /><ent r="3" t="23" w="1452" /><ent r="3" t="41" w="220" /><ent r="3" t="41" w="251" /></phr></stem><stem n="acknowledg"><phr n="acknowledgements"><ent r="3" t="0" w="160" /><ent r="3" t="18" w="793" /></phr><phr n="Acknowledgement"><ent r="82" t="1" w="643" /><ent r="3" t="46" w="14" /></phr><phr n="acknowledge"><ent r="3" t="1" w="646" /><ent r="4" t="18" w="572" /><ent r="4" t="18" w="593" /><ent r="3" t="31" w="1061" /><ent r="4" t="43" w="117" /><ent r="3" t="43" w="199" /><ent r="3" t="46" w="35" /><ent r="4" t="46" w="61" /><ent r="4" t="46" w="105" /><ent r="3" t="46" w="140" /><ent r="3" t="46" w="154" /><ent r="3" t="46" w="220" /><ent r="3" t="46" w="236" /></phr><phr n="acknowledged"><ent r="3" t="2" w="30" /><ent r="3" t="18" w="429" /><ent r="3" t="18" w="472" /><ent r="3" t="18" w="504" /><ent r="3" t="18" w="513" /></phr><phr n="Acknowledgements"><ent r="92" t="18" w="378" /><ent r="5" t="43" w="102" /><ent r="4" t="43" w="106" /></phr><phr n="Acknowledging"><ent r="3" t="18" w="380" /><ent r="3" t="18" w="489" /><ent r="64" t="43" w="194" /><ent r="1000" t="46" w="1" /><ent r="102" t="46" w="5" /></phr><phr n="acknowledgement"><ent r="3" t="18" w="401" /></phr><phr n="acknowledging"><ent r="3" t="18" w="476" /><ent r="4" t="18" w="541" /><ent r="4" t="18" w="604" /><ent r="4" t="18" w="638" /></phr><phr n="Acknowledge"><ent r="3" t="18" w="521" /><ent r="3" t="18" w="534" /><ent r="4" t="18" w="545" /><ent r="4" t="18" w="621" /></phr><phr n="acknowledges"><ent r="4" t="18" w="608" /></phr></stem><stem n="us"><phr n="using"><ent r="3" t="0" w="161" /><ent r="3" t="1" w="46" /><ent r="3" t="1" w="270" /><ent r="3" t="3" w="114" /><ent r="3" t="5" w="34" /><ent r="6" t="5" w="510" /><ent r="6" t="5" w="892" /><ent r="3" t="7" w="56" /><ent r="3" t="7" w="171" /><ent r="3" t="10" w="32" /><ent r="3" t="10" w="53" /><ent r="3" t="10" w="154" /><ent r="5" t="14" w="944" /><ent r="5" t="14" w="1051" /><ent r="3" t="14" w="1469" /><ent r="3" t="15" w="468" /><ent r="3" t="16" w="1287" /><ent r="4" t="18" w="248" /><ent r="3" t="20" w="90" /><ent r="4" t="21" w="94" /><ent r="4" t="21" w="720" /><ent r="4" t="21" w="747" /><ent r="4" t="21" w="775" /><ent r="3" t="21" w="1003" /><ent r="3" t="21" w="1157" /><ent r="3" t="21" w="1466" /><ent r="3" t="21" w="1680" /><ent r="3" t="21" w="1748" /><ent r="6" t="21" w="2771" /><ent r="4" t="23" w="824" /><ent r="4" t="23" w="848" /><ent r="4" t="24" w="477" /><ent r="4" t="24" w="542" /><ent r="3" t="24" w="634" /><ent r="3" t="24" w="849" /><ent r="3" t="25" w="751" /><ent r="3" t="25" w="1472" /><ent r="3" t="30" w="457" /><ent r="4" t="30" w="946" /><ent r="4" t="30" w="1267" /><ent r="4" t="30" w="1849" /><ent r="3" t="31" w="1165" /><ent r="3" t="31" w="2723" /><ent r="3" t="34" w="135" /><ent r="3" t="34" w="252" /><ent r="3" t="36" w="227" /><ent r="4" t="38" w="229" /><ent r="4" t="38" w="273" /><ent r="4" t="38" w="374" /><ent r="3" t="38" w="414" /><ent r="3" t="40" w="432" /><ent r="3" t="40" w="476" /><ent r="3" t="40" w="536" /><ent r="4" t="43" w="111" /><ent r="3" t="43" w="204" /><ent r="3" t="44" w="486" /><ent r="3" t="45" w="372" /><ent r="4" t="46" w="117" /><ent r="4" t="51" w="103" /><ent r="6" t="53" w="358" /><ent r="6" t="55" w="744" /><ent r="3" t="55" w="1435" /><ent r="6" t="55" w="1983" /><ent r="3" t="56" w="140" /><ent r="3" t="56" w="200" /><ent r="3" t="56" w="240" /><ent r="3" t="56" w="396" /></phr><phr n="useful"><ent r="3" t="0" w="205" /><ent r="3" t="3" w="464" /><ent r="3" t="14" w="1308" /><ent r="3" t="19" w="879" /><ent r="3" t="23" w="101" /><ent r="3" t="23" w="965" /><ent r="3" t="24" w="963" /><ent r="3" t="25" w="956" /><ent r="3" t="25" w="1067" /><ent r="4" t="31" w="1797" /><ent r="3" t="38" w="431" /><ent r="4" t="50" w="225" /><ent r="6" t="53" w="191" /><ent r="6" t="53" w="315" /><ent r="6" t="53" w="614" /><ent r="3" t="59" w="40" /></phr><phr n="us"><ent r="3" t="0" w="210" /><ent r="3" t="3" w="470" /><ent r="3" t="38" w="445" /></phr><phr n="USING"><ent r="3" t="1" w="50" /></phr><phr n="US"><ent r="82" t="1" w="407" /></phr><phr n="uses"><ent r="3" t="3" w="358" /><ent r="3" t="14" w="1518" /><ent r="4" t="15" w="829" /><ent r="3" t="17" w="231" /><ent r="3" t="19" w="1130" /><ent r="65" t="21" w="283" /><ent r="65" t="21" w="830" /><ent r="3" t="21" w="1362" /><ent r="3" t="21" w="1369" /><ent r="3" t="21" w="1765" /><ent r="4" t="22" w="135" /><ent r="3" t="23" w="924" /><ent r="3" t="23" w="1133" /><ent r="3" t="23" w="1333" /><ent r="3" t="31" w="999" /><ent r="3" t="31" w="4133" /><ent r="100" t="33" w="94" /><ent r="3" t="33" w="115" /><ent r="3" t="36" w="304" /><ent r="4" t="37" w="459" /><ent r="3" t="37" w="686" /><ent r="3" t="38" w="196" /><ent r="3" t="42" w="371" /><ent r="3" t="47" w="305" /><ent r="3" t="47" w="312" /><ent r="3" t="50" w="36" /><ent r="3" t="50" w="58" /><ent r="3" t="50" w="135" /><ent r="3" t="52" w="22" /><ent r="6" t="53" w="100" /><ent r="7" t="53" w="409" /><ent r="6" t="53" w="604" /><ent r="3" t="55" w="177" /><ent r="6" t="55" w="1186" /></phr><phr n="used"><ent r="5" t="5" w="485" /><ent r="6" t="5" w="650" /><ent r="3" t="8" w="37" /><ent r="3" t="8" w="106" /><ent r="3" t="8" w="113" /><ent r="5" t="14" w="195" /><ent r="3" t="14" w="1891" /><ent r="4" t="14" w="1907" /><ent r="3" t="14" w="2031" /><ent r="4" t="16" w="151" /><ent r="4" t="18" w="630" /><ent r="3" t="19" w="1096" /><ent r="3" t="19" w="1206" /><ent r="3" t="20" w="44" /><ent r="3" t="21" w="1758" /><ent r="3" t="21" w="2640" /><ent r="4" t="23" w="724" /><ent r="2" t="23" w="1384" /><ent r="3" t="23" w="1438" /><ent r="3" t="24" w="227" /><ent r="3" t="24" w="985" /><ent r="3" t="27" w="275" /><ent r="3" t="27" w="1130" /><ent r="3" t="29" w="147" /><ent r="3" t="30" w="980" /><ent r="5" t="30" w="1515" /><ent r="3" t="31" w="908" /><ent r="3" t="31" w="3253" /><ent r="3" t="31" w="3778" /><ent r="3" t="33" w="166" /><ent r="4" t="33" w="463" /><ent r="4" t="33" w="562" /><ent r="6" t="33" w="999" /><ent r="6" t="33" w="1050" /><ent r="4" t="33" w="1357" /><ent r="3" t="35" w="69" /><ent r="5" t="37" w="855" /><ent r="3" t="38" w="165" /><ent r="3" t="41" w="153" /><ent r="3" t="41" w="213" /><ent r="3" t="41" w="287" /><ent r="3" t="45" w="326" /><ent r="3" t="45" w="336" /><ent r="3" t="45" w="368" /><ent r="3" t="52" w="90" /><ent r="6" t="53" w="239" /><ent r="6" t="53" w="297" /><ent r="6" t="53" w="342" /><ent r="6" t="53" w="371" /><ent r="6" t="53" w="387" /><ent r="7" t="53" w="583" /><ent r="6" t="53" w="642" /><ent r="6" t="53" w="678" /><ent r="6" t="55" w="2073" /><ent r="3" t="56" w="223" /><ent r="3" t="56" w="261" /></phr><phr n="Using"><ent r="3" t="14" w="1977" /><ent r="3" t="15" w="45" /><ent r="92" t="21" w="2559" /><ent r="100" t="30" w="139" /><ent r="65" t="30" w="144" /><ent r="65" t="30" w="152" /><ent r="82" t="30" w="963" /><ent r="92" t="30" w="1084" /><ent r="100" t="30" w="1173" /><ent r="82" t="30" w="1177" /><ent r="92" t="30" w="1227" /><ent r="3" t="34" w="427" /><ent r="3" t="34" w="681" /><ent r="65" t="40" w="740" /><ent r="1000" t="41" w="1" /><ent r="102" t="41" w="7" /><ent r="1000" t="59" w="1" /></phr><phr n="Used"><ent r="100" t="56" w="217" /><ent r="92" t="56" w="297" /></phr></stem></index>