﻿<?xml version="1.0" encoding="utf-8"?><index><stem n="specifictrap"><phr n="SpecificTrap"><ent r="5" t="14" w="613" /><ent r="4" t="25" w="571" /><ent r="3" t="27" w="1545" /></phr></stem><stem n="{specifictrap}"><phr n="{SpecificTrap}"><ent r="5" t="14" w="614" /></phr></stem><stem n="-trap"><phr n="-trap"><ent r="5" t="14" w="617" /><ent r="5" t="14" w="617" /><ent r="5" t="14" w="621" /><ent r="5" t="14" w="621" /><ent r="5" t="14" w="631" /><ent r="5" t="14" w="631" /></phr></stem><stem n="specific-trap"><phr n="specific-trap"><ent r="5" t="14" w="617" /></phr></stem><stem n="(snmp"><phr n="(SNMP"><ent r="5" t="14" w="619" /><ent r="5" t="14" w="633" /><ent r="5" t="14" w="643" /><ent r="5" t="14" w="653" /><ent r="5" t="14" w="662" /></phr></stem><stem n="v1"><phr n="v1"><ent r="5" t="14" w="620" /><ent r="5" t="14" w="634" /><ent r="5" t="14" w="644" /><ent r="5" t="14" w="654" /><ent r="5" t="14" w="663" /><ent r="4" t="25" w="712" /><ent r="3" t="27" w="1541" /><ent r="3" t="27" w="1549" /><ent r="3" t="27" w="1557" /><ent r="3" t="41" w="102" /><ent r="3" t="41" w="169" /></phr></stem><stem n="gener"><phr n="generic"><ent r="5" t="14" w="621" /><ent r="5" t="14" w="631" /></phr><phr n="generally"><ent r="4" t="15" w="194" /><ent r="3" t="25" w="36" /><ent r="4" t="37" w="580" /></phr><phr n="general"><ent r="3" t="15" w="259" /><ent r="3" t="21" w="1139" /><ent r="3" t="30" w="675" /><ent r="3" t="55" w="64" /></phr><phr n="generate"><ent r="4" t="19" w="371" /><ent r="4" t="19" w="422" /><ent r="3" t="50" w="39" /><ent r="65" t="55" w="73" /><ent r="93" t="55" w="166" /><ent r="5" t="55" w="1946" /></phr><phr n="generated"><ent r="4" t="25" w="665" /><ent r="3" t="27" w="1266" /><ent r="3" t="28" w="383" /><ent r="3" t="28" w="414" /><ent r="3" t="52" w="71" /><ent r="6" t="53" w="143" /><ent r="6" t="53" w="730" /><ent r="3" t="55" w="58" /></phr><phr n="Generic"><ent r="3" t="25" w="969" /><ent r="3" t="27" w="1277" /></phr><phr n="generates"><ent r="3" t="36" w="440" /><ent r="3" t="50" w="75" /><ent r="6" t="53" w="783" /><ent r="6" t="55" w="542" /><ent r="6" t="55" w="557" /><ent r="5" t="55" w="987" /><ent r="5" t="55" w="1002" /></phr><phr n="generating"><ent r="6" t="53" w="778" /></phr></stem><stem n="generic-trap"><phr n="generic-trap"><ent r="5" t="14" w="621" /><ent r="5" t="14" w="631" /></phr></stem><stem n="enterprisespecif"><phr n="enterpriseSpecific"><ent r="5" t="14" w="624" /></phr></stem><stem n="generictrap"><phr n="GenericTrap"><ent r="5" t="14" w="627" /><ent r="4" t="25" w="527" /><ent r="3" t="27" w="1537" /></phr></stem><stem n="{generictrap}"><phr n="{GenericTrap}"><ent r="5" t="14" w="628" /></phr></stem><stem n="timestamp"><phr n="TimeStamp"><ent r="5" t="14" w="637" /><ent r="4" t="25" w="605" /><ent r="3" t="27" w="1525" /><ent r="3" t="27" w="1597" /></phr><phr n="timestamp"><ent r="5" t="14" w="642" /><ent r="3" t="28" w="138" /><ent r="3" t="41" w="388" /><ent r="3" t="41" w="399" /></phr><phr n="Timestamp"><ent r="100" t="16" w="1042" /><ent r="3" t="25" w="889" /><ent r="3" t="25" w="980" /><ent r="3" t="27" w="1188" /><ent r="3" t="27" w="1287" /></phr></stem><stem n="{timestamp}"><phr n="{TimeStamp}"><ent r="5" t="14" w="638" /></phr></stem><stem n="enterpris"><phr n="Enterprise"><ent r="5" t="14" w="648" /><ent r="3" t="25" w="985" /><ent r="5" t="26" w="205" /><ent r="4" t="26" w="221" /><ent r="3" t="27" w="1291" /><ent r="3" t="27" w="1553" /><ent r="100" t="28" w="14" /><ent r="3" t="28" w="25" /></phr><phr n="enterprise"><ent r="5" t="14" w="652" /><ent r="4" t="25" w="561" /><ent r="4" t="25" w="623" /></phr><phr n="enterprises"><ent r="3" t="24" w="331" /><ent r="3" t="28" w="77" /><ent r="3" t="28" w="160" /></phr><phr n="ENTERPRISE"><ent r="3" t="28" w="370" /></phr></stem><stem n="{enterprise}"><phr n="{Enterprise}"><ent r="5" t="14" w="649" /></phr></stem><stem n="communitystr"><phr n="CommunityString"><ent r="5" t="14" w="657" /><ent r="4" t="25" w="633" /><ent r="3" t="27" w="1521" /></phr></stem><stem n="{communitystring}"><phr n="{CommunityString}"><ent r="5" t="14" w="658" /></phr></stem><stem n="trapoid"><phr n="TrapOID"><ent r="5" t="14" w="667" /><ent r="4" t="25" w="647" /><ent r="3" t="27" w="1561" /></phr></stem><stem n="{trapoid}"><phr n="{TrapOID}"><ent r="5" t="14" w="668" /></phr></stem><stem n="(snmpv2c,"><phr n="(SNMPv2c,"><ent r="5" t="14" w="674" /><ent r="4" t="25" w="653" /></phr></stem><stem n="v3"><phr n="v3"><ent r="5" t="14" w="674" /><ent r="4" t="25" w="717" /></phr></stem><stem n="snmpversion"><phr n="SnmpVersion"><ent r="5" t="14" w="677" /><ent r="3" t="27" w="1569" /></phr><phr n="snmpVersion"><ent r="3" t="41" w="232" /><ent r="3" t="41" w="330" /></phr></stem><stem n="{snmpversion}"><phr n="{SnmpVersion}"><ent r="5" t="14" w="678" /></phr></stem><stem n="senderaddress"><phr n="SenderAddress"><ent r="5" t="14" w="685" /><ent r="5" t="25" w="671" /><ent r="3" t="27" w="1533" /></phr></stem><stem n="{senderaddress}"><phr n="{SenderAddress}"><ent r="5" t="14" w="686" /></phr></stem><stem n="sender"><phr n="sender"><ent r="5" t="14" w="690" /><ent r="5" t="14" w="706" /><ent r="4" t="25" w="692" /></phr><phr n="Sender"><ent r="3" t="25" w="1008" /><ent r="3" t="27" w="1309" /></phr></stem><stem n="sender'"><phr n="sender's"><ent r="5" t="14" w="691" /><ent r="5" t="14" w="690" /></phr></stem><stem n="agentaddress"><phr n="AgentAddress"><ent r="5" t="14" w="695" /><ent r="3" t="27" w="1529" /></phr></stem><stem n="{agentaddress}"><phr n="{AgentAddress}"><ent r="5" t="14" w="696" /></phr></stem><stem n="agent'"><phr n="agent's"><ent r="5" t="14" w="701" /><ent r="5" t="14" w="700" /></phr></stem><stem n="(if"><phr n="(if"><ent r="5" t="14" w="703" /><ent r="9" t="16" w="875" /><ent r="9" t="16" w="882" /><ent r="3" t="17" w="65" /><ent r="3" t="17" w="89" /><ent r="4" t="33" w="588" /></phr></stem><stem n="varbindcount"><phr n="VarbindCount"><ent r="5" t="14" w="709" /><ent r="3" t="27" w="1579" /></phr></stem><stem n="{varbindcount}"><phr n="{VarbindCount}"><ent r="5" t="14" w="710" /></phr></stem><stem n="count"><phr n="count"><ent r="5" t="14" w="713" /><ent r="3" t="20" w="89" /><ent r="3" t="20" w="103" /><ent r="3" t="20" w="125" /><ent r="3" t="20" w="141" /><ent r="3" t="20" w="157" /><ent r="3" t="20" w="161" /><ent r="3" t="41" w="349" /><ent r="3" t="41" w="581" /><ent r="3" t="41" w="591" /></phr><phr n="counts"><ent r="3" t="18" w="742" /></phr><phr n="counted"><ent r="3" t="21" w="1822" /></phr><phr n="Count"><ent r="3" t="25" w="1021" /><ent r="3" t="27" w="1320" /></phr></stem><stem n="varbind"><phr n="varbind"><ent r="5" t="14" w="715" /><ent r="5" t="14" w="748" /><ent r="5" t="14" w="759" /><ent r="5" t="14" w="770" /><ent r="3" t="24" w="766" /><ent r="3" t="24" w="797" /></phr><phr n="Varbind"><ent r="5" t="14" w="737" /><ent r="82" t="25" w="736" /><ent r="3" t="25" w="1020" /><ent r="3" t="25" w="1030" /><ent r="3" t="27" w="263" /><ent r="3" t="27" w="1319" /><ent r="3" t="27" w="1324" /><ent r="3" t="27" w="1589" /><ent r="3" t="27" w="1639" /><ent r="3" t="27" w="1646" /><ent r="3" t="27" w="1648" /><ent r="3" t="27" w="1650" /></phr><phr n="VarBind"><ent r="4" t="25" w="429" /><ent r="4" t="25" w="460" /><ent r="3" t="25" w="506" /><ent r="4" t="25" w="728" /><ent r="3" t="25" w="745" /><ent r="4" t="25" w="770" /><ent r="4" t="25" w="786" /><ent r="4" t="25" w="802" /><ent r="3" t="25" w="840" /><ent r="3" t="25" w="924" /><ent r="3" t="25" w="1154" /><ent r="3" t="25" w="1188" /><ent r="3" t="25" w="1210" /><ent r="3" t="25" w="1349" /><ent r="3" t="25" w="1399" /><ent r="5" t="26" w="233" /><ent r="4" t="26" w="240" /><ent r="4" t="26" w="262" /></phr><phr n="Varbinds"><ent r="3" t="27" w="1586" /></phr></stem><stem n="three"><phr n="three"><ent r="5" t="14" w="722" /><ent r="3" t="19" w="1202" /><ent r="3" t="19" w="1208" /><ent r="3" t="19" w="1394" /><ent r="4" t="23" w="838" /><ent r="3" t="24" w="45" /><ent r="3" t="24" w="231" /><ent r="3" t="25" w="372" /><ent r="3" t="25" w="1268" /><ent r="3" t="31" w="3366" /><ent r="3" t="33" w="450" /><ent r="4" t="33" w="946" /><ent r="3" t="37" w="612" /></phr><phr n="Three"><ent r="3" t="16" w="1205" /></phr></stem><stem n="colon"><phr n="colon"><ent r="5" t="14" w="728" /><ent r="4" t="26" w="203" /><ent r="4" t="26" w="295" /><ent r="6" t="55" w="1197" /></phr><phr n="colons"><ent r="4" t="18" w="865" /></phr></stem><stem n="varbindvalue8"><phr n="VarbindValue8"><ent r="5" t="14" w="730" /></phr></stem><stem n="{varbindvalue8}"><phr n="{VarbindValue8}"><ent r="5" t="14" w="731" /></phr></stem><stem n="eigth"><phr n="eigth"><ent r="5" t="14" w="736" /></phr></stem><stem n="varbindoid&lt;num&gt;"><phr n="VarbindOID&lt;num&gt;"><ent r="5" t="14" w="741" /></phr></stem><stem n="{varbindoid&lt;num&gt;}"><phr n="{VarbindOID&lt;num&gt;}"><ent r="5" t="14" w="742" /></phr></stem><stem n="nth"><phr n="nth"><ent r="6" t="14" w="746" /><ent r="6" t="14" w="757" /><ent r="6" t="14" w="768" /></phr></stem><stem n="varbindvalue&lt;num&gt;"><phr n="VarbindValue&lt;num&gt;"><ent r="5" t="14" w="752" /></phr></stem><stem n="{varbindvalue&lt;num&gt;}"><phr n="{VarbindValue&lt;num&gt;}"><ent r="5" t="14" w="753" /></phr></stem><stem n="varbindtype&lt;num&gt;"><phr n="VarbindType&lt;num&gt;"><ent r="5" t="14" w="763" /></phr></stem><stem n="{varbindtype&lt;num&gt;}"><phr n="{VarbindType&lt;num&gt;}"><ent r="5" t="14" w="764" /></phr></stem><stem n="-script)"><phr n="-script)"><ent r="3" t="14" w="788" /><ent r="3" t="14" w="788" /></phr></stem><stem n="&lt;script&gt;"><phr n="&lt;script&gt;"><ent r="82" t="14" w="790" /><ent r="3" t="32" w="445" /></phr></stem><stem n="remoteaddress"><phr n="remoteaddress"><ent r="5" t="14" w="800" /></phr><phr n="REMOTEADDRESS"><ent r="100" t="30" w="1381" /><ent r="6" t="30" w="1384" /></phr></stem><stem n="{_remoteaddress}"><phr n="{_remoteaddress}"><ent r="5" t="14" w="801" /></phr><phr n="{_REMOTEADDRESS}"><ent r="6" t="30" w="1385" /></phr></stem><stem n="remot"><phr n="remote"><ent r="5" t="14" w="807" /><ent r="5" t="14" w="822" /><ent r="4" t="31" w="377" /><ent r="4" t="31" w="443" /><ent r="3" t="31" w="1004" /><ent r="3" t="31" w="2448" /><ent r="3" t="31" w="2487" /><ent r="3" t="31" w="2707" /><ent r="3" t="47" w="113" /><ent r="3" t="47" w="207" /><ent r="3" t="47" w="211" /><ent r="3" t="47" w="214" /><ent r="3" t="47" w="217" /><ent r="3" t="47" w="220" /><ent r="3" t="47" w="224" /><ent r="3" t="47" w="234" /><ent r="3" t="47" w="237" /><ent r="3" t="47" w="281" /><ent r="3" t="47" w="284" /><ent r="3" t="47" w="287" /><ent r="3" t="47" w="290" /><ent r="3" t="47" w="293" /><ent r="3" t="47" w="300" /><ent r="3" t="47" w="462" /><ent r="3" t="47" w="472" /><ent r="3" t="47" w="493" /><ent r="5" t="55" w="763" /></phr><phr n="Remote"><ent r="100" t="59" w="19" /></phr></stem><stem n="remoteport"><phr n="remoteport"><ent r="5" t="14" w="814" /></phr><phr n="REMOTEPORT"><ent r="100" t="30" w="1397" /><ent r="6" t="30" w="1400" /><ent r="100" t="31" w="3496" /><ent r="3" t="31" w="3507" /><ent r="3" t="31" w="3536" /><ent r="3" t="31" w="3984" /></phr></stem><stem n="{_remoteport}"><phr n="{_remoteport}"><ent r="5" t="14" w="815" /></phr><phr n="{_REMOTEPORT}"><ent r="6" t="30" w="1401" /><ent r="3" t="31" w="3537" /><ent r="3" t="31" w="3985" /></phr></stem><stem n="localaddress"><phr n="localaddress"><ent r="5" t="14" w="829" /></phr><phr n="LOCALADDRESS"><ent r="100" t="30" w="1413" /><ent r="6" t="30" w="1416" /></phr></stem><stem n="{_localaddress}"><phr n="{_localaddress}"><ent r="5" t="14" w="830" /></phr><phr n="{_LOCALADDRESS}"><ent r="6" t="30" w="1417" /></phr></stem><stem n="local"><phr n="local"><ent r="5" t="14" w="836" /><ent r="5" t="14" w="851" /><ent r="6" t="36" w="112" /><ent r="3" t="36" w="217" /><ent r="3" t="44" w="515" /><ent r="3" t="47" w="696" /><ent r="3" t="47" w="749" /><ent r="3" t="47" w="802" /><ent r="6" t="55" w="724" /></phr></stem><stem n="localport"><phr n="localport"><ent r="5" t="14" w="843" /></phr><phr n="LOCALPORT"><ent r="100" t="30" w="1428" /><ent r="6" t="30" w="1431" /></phr></stem><stem n="{_localport}"><phr n="{_localport}"><ent r="5" t="14" w="844" /></phr><phr n="{_LOCALPORT}"><ent r="6" t="30" w="1432" /></phr></stem><stem n="gmttime"><phr n="gmttime"><ent r="5" t="14" w="858" /></phr><phr n="GMTTIME"><ent r="100" t="30" w="1447" /><ent r="6" t="30" w="1452" /></phr></stem><stem n="{_gmttime}"><phr n="{_gmttime}"><ent r="5" t="14" w="859" /></phr><phr n="{_GMTTIME}"><ent r="6" t="30" w="1453" /></phr></stem><stem n="822"><phr n="822"><ent r="5" t="14" w="865" /><ent r="100" t="30" w="1455" /><ent r="5" t="30" w="1463" /></phr></stem><stem n="{_version}"><phr n="{_version}"><ent r="5" t="14" w="870" /></phr><phr n="{_VERSION}"><ent r="6" t="30" w="1468" /></phr></stem><stem n="len"><phr n="len"><ent r="5" t="14" w="881" /><ent r="4" t="21" w="813" /><ent r="3" t="36" w="249" /></phr><phr n="Len"><ent r="100" t="21" w="685" /></phr></stem><stem n="{_line:len}"><phr n="{_line:len}"><ent r="5" t="14" w="882" /></phr></stem><stem n="truncat"><phr n="truncated"><ent r="5" t="14" w="890" /></phr></stem><stem n="given"><phr n="given"><ent r="5" t="14" w="893" /><ent r="5" t="14" w="931" /><ent r="5" t="14" w="942" /><ent r="5" t="14" w="959" /><ent r="5" t="14" w="1018" /><ent r="5" t="14" w="1053" /><ent r="4" t="15" w="204" /><ent r="4" t="19" w="144" /><ent r="4" t="21" w="769" /><ent r="4" t="21" w="794" /><ent r="3" t="21" w="917" /><ent r="3" t="21" w="930" /><ent r="3" t="21" w="1742" /><ent r="3" t="21" w="1801" /><ent r="6" t="21" w="2461" /><ent r="6" t="21" w="2478" /><ent r="3" t="23" w="1255" /><ent r="5" t="33" w="1187" /><ent r="5" t="33" w="1204" /><ent r="3" t="34" w="72" /><ent r="3" t="34" w="211" /><ent r="3" t="40" w="307" /><ent r="3" t="44" w="138" /><ent r="5" t="55" w="1665" /></phr><phr n="Given"><ent r="3" t="25" w="1219" /><ent r="3" t="30" w="840" /><ent r="5" t="55" w="1670" /><ent r="5" t="55" w="1739" /></phr></stem><stem n="length"><phr n="length"><ent r="5" t="14" w="894" /><ent r="5" t="14" w="1011" /><ent r="5" t="14" w="1015" /><ent r="4" t="21" w="694" /><ent r="4" t="21" w="704" /><ent r="4" t="21" w="785" /><ent r="4" t="21" w="789" /><ent r="3" t="21" w="961" /><ent r="3" t="21" w="974" /><ent r="3" t="21" w="1791" /><ent r="3" t="21" w="1796" /><ent r="4" t="21" w="2022" /><ent r="5" t="21" w="2085" /><ent r="4" t="21" w="2089" /><ent r="5" t="21" w="2098" /><ent r="5" t="21" w="2118" /><ent r="4" t="21" w="2123" /><ent r="5" t="21" w="2144" /><ent r="3" t="31" w="3063" /></phr><phr n="lengths"><ent r="3" t="31" w="2670" /></phr></stem><stem n="idletimeout"><phr n="idletimeout"><ent r="5" t="14" w="897" /></phr><phr n="IDLETIMEOUT"><ent r="100" t="30" w="1479" /><ent r="6" t="30" w="1482" /></phr></stem><stem n="{_idletimeout}"><phr n="{_idletimeout}"><ent r="5" t="14" w="898" /></phr><phr n="{_IDLETIMEOUT}"><ent r="6" t="30" w="1483" /></phr></stem><stem n="idl"><phr n="idle"><ent r="5" t="14" w="900" /><ent r="5" t="14" w="978" /><ent r="3" t="30" w="1796" /><ent r="3" t="30" w="1806" /><ent r="3" t="31" w="2030" /><ent r="3" t="31" w="3272" /><ent r="3" t="31" w="3280" /></phr><phr n="IDLE"><ent r="100" t="30" w="1128" /><ent r="3" t="30" w="1130" /><ent r="3" t="30" w="1161" /><ent r="100" t="30" w="1484" /><ent r="5" t="30" w="1494" /><ent r="5" t="30" w="1535" /><ent r="100" t="32" w="467" /><ent r="3" t="32" w="476" /><ent r="3" t="32" w="562" /></phr></stem><stem n="timeout"><phr n="timeout"><ent r="5" t="14" w="901" /><ent r="100" t="30" w="1485" /><ent r="5" t="30" w="1495" /><ent r="100" t="31" w="15" /><ent r="65" t="31" w="331" /><ent r="4" t="31" w="339" /><ent r="100" t="31" w="362" /><ent r="65" t="31" w="371" /><ent r="83" t="31" w="933" /><ent r="3" t="31" w="950" /><ent r="4" t="31" w="1007" /><ent r="3" t="31" w="1554" /><ent r="3" t="31" w="2031" /><ent r="83" t="31" w="2431" /><ent r="3" t="31" w="2491" /><ent r="3" t="31" w="2848" /><ent r="3" t="31" w="3249" /><ent r="100" t="32" w="24" /><ent r="100" t="32" w="31" /><ent r="3" t="32" w="454" /><ent r="4" t="40" w="248" /><ent r="3" t="41" w="341" /></phr><phr n="Timeout"><ent r="100" t="31" w="328" /><ent r="100" t="31" w="3240" /><ent r="100" t="32" w="449" /><ent r="100" t="33" w="1366" /><ent r="4" t="33" w="1391" /><ent r="5" t="33" w="1398" /><ent r="100" t="40" w="246" /></phr></stem><stem n="stringtomatch"><phr n="stringtomatch"><ent r="5" t="14" w="909" /></phr><phr n="STRINGTOMATCH"><ent r="100" t="30" w="1497" /><ent r="6" t="30" w="1500" /></phr></stem><stem n="{_stringtomatch}"><phr n="{_stringtomatch}"><ent r="5" t="14" w="910" /></phr><phr n="{_STRINGTOMATCH}"><ent r="6" t="30" w="1501" /></phr></stem><stem n="match"><phr n="match"><ent r="5" t="14" w="916" /><ent r="4" t="16" w="202" /><ent r="4" t="19" w="338" /><ent r="4" t="21" w="2889" /><ent r="4" t="21" w="2903" /><ent r="4" t="22" w="257" /><ent r="3" t="23" w="405" /><ent r="3" t="30" w="578" /><ent r="3" t="30" w="672" /><ent r="3" t="30" w="684" /><ent r="4" t="30" w="712" /><ent r="4" t="30" w="738" /><ent r="4" t="30" w="744" /><ent r="4" t="30" w="757" /><ent r="4" t="30" w="805" /><ent r="3" t="30" w="825" /><ent r="3" t="30" w="855" /><ent r="3" t="30" w="1700" /><ent r="4" t="31" w="1471" /><ent r="3" t="31" w="1857" /><ent r="3" t="31" w="1940" /><ent r="3" t="31" w="3722" /><ent r="3" t="31" w="3744" /><ent r="3" t="31" w="4111" /><ent r="3" t="32" w="328" /><ent r="3" t="32" w="364" /><ent r="3" t="32" w="383" /><ent r="3" t="32" w="402" /><ent r="3" t="45" w="23" /><ent r="3" t="47" w="715" /><ent r="3" t="47" w="768" /><ent r="3" t="54" w="140" /></phr><phr n="Matches"><ent r="100" t="15" w="86" /><ent r="100" t="17" w="308" /><ent r="100" t="17" w="310" /><ent r="83" t="17" w="313" /><ent r="100" t="21" w="4" /><ent r="100" t="21" w="221" /><ent r="100" t="30" w="105" /><ent r="100" t="30" w="640" /></phr><phr n="matches"><ent r="4" t="17" w="373" /><ent r="6" t="21" w="2791" /><ent r="6" t="21" w="2807" /><ent r="6" t="21" w="2827" /><ent r="3" t="25" w="104" /><ent r="3" t="30" w="643" /><ent r="3" t="30" w="649" /><ent r="3" t="30" w="816" /><ent r="4" t="31" w="1488" /><ent r="3" t="31" w="1957" /><ent r="3" t="31" w="4037" /><ent r="3" t="31" w="4073" /><ent r="3" t="32" w="336" /><ent r="3" t="33" w="360" /><ent r="3" t="34" w="35" /><ent r="3" t="38" w="150" /><ent r="4" t="51" w="123" /><ent r="3" t="51" w="378" /><ent r="3" t="54" w="172" /><ent r="3" t="54" w="209" /><ent r="6" t="55" w="1212" /></phr><phr n="Matching"><ent r="100" t="21" w="379" /><ent r="4" t="21" w="382" /><ent r="100" t="30" w="116" /><ent r="65" t="30" w="119" /><ent r="92" t="30" w="566" /><ent r="3" t="30" w="590" /><ent r="100" t="30" w="658" /><ent r="82" t="30" w="663" /><ent r="65" t="31" w="1507" /><ent r="64" t="31" w="1976" /></phr><phr n="matching"><ent r="4" t="30" w="613" /><ent r="4" t="30" w="632" /><ent r="3" t="36" w="301" /></phr><phr n="matched"><ent r="4" t="30" w="761" /><ent r="3" t="31" w="1845" /></phr><phr n="MaTCH"><ent r="100" t="31" w="1840" /></phr></stem><stem n="expt"><phr n="EXPT"><ent r="5" t="14" w="920" /><ent r="3" t="30" w="571" /><ent r="3" t="30" w="699" /><ent r="4" t="30" w="786" /><ent r="100" t="30" w="1502" /><ent r="5" t="30" w="1511" /><ent r="100" t="31" w="234" /><ent r="65" t="31" w="236" /><ent r="100" t="31" w="798" /><ent r="83" t="31" w="1384" /><ent r="5" t="31" w="1391" /><ent r="4" t="31" w="1453" /><ent r="4" t="31" w="1476" /><ent r="4" t="31" w="1494" /><ent r="3" t="31" w="1512" /><ent r="3" t="31" w="1926" /><ent r="3" t="31" w="1945" /><ent r="3" t="31" w="1963" /><ent r="5" t="31" w="2778" /><ent r="5" t="31" w="3291" /><ent r="3" t="31" w="3403" /><ent r="3" t="31" w="3475" /><ent r="3" t="31" w="3676" /><ent r="3" t="31" w="3815" /><ent r="5" t="31" w="3942" /><ent r="100" t="32" w="478" /><ent r="3" t="32" w="482" /></phr></stem><stem n="mtch"><phr n="MTCH"><ent r="5" t="14" w="922" /><ent r="100" t="30" w="343" /><ent r="5" t="30" w="345" /><ent r="3" t="30" w="352" /><ent r="3" t="30" w="364" /><ent r="3" t="30" w="377" /><ent r="3" t="30" w="569" /><ent r="3" t="30" w="697" /><ent r="4" t="30" w="784" /><ent r="3" t="30" w="866" /><ent r="3" t="30" w="887" /><ent r="3" t="30" w="903" /><ent r="3" t="30" w="1220" /><ent r="5" t="30" w="1509" /><ent r="3" t="30" w="1763" /><ent r="3" t="30" w="1785" /><ent r="3" t="30" w="1895" /><ent r="3" t="30" w="1898" /><ent r="3" t="30" w="1902" /><ent r="100" t="31" w="254" /><ent r="65" t="31" w="256" /><ent r="6" t="31" w="424" /><ent r="4" t="31" w="1457" /><ent r="4" t="31" w="1461" /><ent r="4" t="31" w="1496" /><ent r="83" t="31" w="1880" /><ent r="5" t="31" w="1887" /><ent r="3" t="31" w="1922" /><ent r="3" t="31" w="1930" /><ent r="3" t="31" w="1965" /><ent r="3" t="31" w="1980" /><ent r="5" t="31" w="2379" /><ent r="5" t="31" w="2782" /><ent r="5" t="31" w="3298" /><ent r="3" t="31" w="3424" /><ent r="3" t="31" w="3443" /><ent r="3" t="31" w="3460" /><ent r="3" t="31" w="3517" /><ent r="3" t="31" w="3560" /><ent r="3" t="31" w="3906" /><ent r="5" t="31" w="3947" /><ent r="3" t="31" w="3970" /><ent r="100" t="32" w="488" /><ent r="3" t="32" w="490" /><ent r="3" t="32" w="508" /><ent r="3" t="32" w="526" /><ent r="3" t="32" w="544" /></phr></stem><stem n="base64"><phr n="base64"><ent r="5" t="14" w="926" /><ent r="5" t="14" w="934" /><ent r="6" t="21" w="2431" /></phr><phr n="Base64"><ent r="100" t="21" w="2428" /><ent r="100" t="30" w="1621" /></phr><phr n="BASE64"><ent r="6" t="30" w="1624" /></phr></stem><stem n="str"><phr n="str"><ent r="5" t="14" w="927" /><ent r="5" t="14" w="938" /><ent r="5" t="14" w="952" /><ent r="5" t="14" w="1012" /><ent r="5" t="14" w="1062" /><ent r="5" t="14" w="1247" /><ent r="4" t="21" w="661" /><ent r="4" t="21" w="691" /><ent r="4" t="21" w="700" /><ent r="4" t="21" w="756" /><ent r="4" t="21" w="811" /><ent r="4" t="21" w="818" /><ent r="3" t="21" w="957" /><ent r="4" t="21" w="966" /><ent r="3" t="21" w="1728" /><ent r="4" t="21" w="1999" /><ent r="4" t="21" w="2014" /><ent r="4" t="21" w="2044" /><ent r="5" t="21" w="2153" /><ent r="4" t="21" w="2195" /><ent r="4" t="21" w="2208" /><ent r="5" t="21" w="2340" /></phr><phr n="Str"><ent r="100" t="21" w="229" /></phr></stem><stem n="{_base64:str}"><phr n="{_base64:str}"><ent r="5" t="14" w="928" /></phr></stem><stem n="encod"><phr n="Encode"><ent r="5" t="14" w="929" /><ent r="5" t="14" w="940" /></phr><phr n="Encodes"><ent r="5" t="14" w="1064" /></phr><phr n="encoding"><ent r="5" t="30" w="1633" /></phr><phr n="encoded"><ent r="5" t="30" w="1651" /><ent r="4" t="46" w="68" /></phr></stem><stem n="argument"><phr n="argument"><ent r="5" t="14" w="932" /><ent r="5" t="14" w="943" /><ent r="5" t="14" w="960" /><ent r="5" t="14" w="1019" /><ent r="5" t="14" w="1028" /><ent r="4" t="21" w="665" /><ent r="3" t="21" w="881" /><ent r="4" t="21" w="1030" /><ent r="4" t="21" w="1038" /><ent r="4" t="21" w="1046" /><ent r="4" t="21" w="1054" /><ent r="4" t="21" w="1064" /><ent r="4" t="21" w="1074" /><ent r="4" t="21" w="1082" /><ent r="4" t="21" w="1092" /><ent r="4" t="21" w="1105" /><ent r="4" t="21" w="1115" /><ent r="4" t="21" w="1125" /><ent r="3" t="21" w="1482" /><ent r="3" t="21" w="1496" /><ent r="4" t="30" w="312" /><ent r="4" t="30" w="324" /><ent r="4" t="30" w="1047" /><ent r="5" t="30" w="1506" /><ent r="3" t="30" w="1741" /><ent r="3" t="31" w="2908" /><ent r="6" t="33" w="1151" /><ent r="4" t="36" w="167" /><ent r="4" t="40" w="282" /></phr><phr n="arguments"><ent r="3" t="14" w="1172" /><ent r="4" t="21" w="708" /><ent r="3" t="21" w="978" /><ent r="4" t="30" w="337" /><ent r="3" t="30" w="425" /><ent r="4" t="30" w="428" /><ent r="3" t="30" w="940" /><ent r="4" t="30" w="943" /><ent r="3" t="30" w="978" /><ent r="4" t="30" w="1840" /><ent r="3" t="30" w="1869" /><ent r="4" t="31" w="609" /><ent r="4" t="31" w="648" /><ent r="3" t="31" w="2264" /><ent r="3" t="31" w="2305" /><ent r="3" t="31" w="2314" /><ent r="3" t="31" w="2541" /><ent r="3" t="31" w="2550" /><ent r="3" t="33" w="124" /><ent r="3" t="33" w="133" /><ent r="3" t="33" w="431" /><ent r="3" t="33" w="444" /><ent r="6" t="33" w="1099" /><ent r="6" t="33" w="1117" /><ent r="4" t="33" w="1373" /><ent r="4" t="33" w="1379" /><ent r="4" t="37" w="325" /></phr><phr n="Argument"><ent r="100" t="30" w="102" /><ent r="100" t="30" w="108" /><ent r="65" t="30" w="112" /><ent r="100" t="30" w="122" /><ent r="65" t="30" w="128" /><ent r="92" t="30" w="418" /><ent r="92" t="30" w="933" /></phr><phr n="Arguments"><ent r="82" t="30" w="965" /></phr></stem><stem n="cvspassword"><phr n="cvspassword"><ent r="5" t="14" w="937" /></phr><phr n="CVSPASSWORD"><ent r="100" t="30" w="1641" /><ent r="6" t="30" w="1644" /></phr></stem><stem n="{_cvspassword:str}"><phr n="{_cvspassword:str}"><ent r="5" t="14" w="939" /></phr></stem><stem n="cv"><phr n="cvs"><ent r="5" t="14" w="946" /></phr><phr n="CVS"><ent r="5" t="30" w="1659" /></phr></stem><stem n="algorithm"><phr n="algorithm"><ent r="5" t="14" w="948" /></phr></stem><stem n="md5"><phr n="md5"><ent r="5" t="14" w="951" /><ent r="3" t="40" w="501" /><ent r="3" t="40" w="558" /></phr><phr n="MD5"><ent r="5" t="14" w="955" /><ent r="5" t="14" w="1047" /><ent r="100" t="40" w="399" /><ent r="3" t="40" w="484" /><ent r="3" t="40" w="544" /></phr></stem><stem n="{_md5:str}"><phr n="{_md5:str}"><ent r="5" t="14" w="953" /></phr></stem><stem n="hash"><phr n="hash"><ent r="5" t="14" w="956" /></phr></stem><stem n="hexadecim"><phr n="hexadecimal"><ent r="5" t="14" w="962" /><ent r="6" t="16" w="586" /><ent r="4" t="21" w="1056" /><ent r="4" t="21" w="1095" /><ent r="3" t="21" w="1425" /><ent r="6" t="21" w="2462" /><ent r="6" t="21" w="2479" /></phr><phr n="Hexadecimal"><ent r="100" t="15" w="19" /><ent r="100" t="16" w="458" /><ent r="7" t="16" w="563" /><ent r="9" t="16" w="881" /><ent r="100" t="30" w="533" /><ent r="5" t="30" w="536" /></phr><phr n="HEXADECIMAL"><ent r="6" t="16" w="824" /><ent r="3" t="23" w="1070" /><ent r="3" t="23" w="1302" /><ent r="4" t="25" w="1126" /><ent r="4" t="25" w="1136" /></phr></stem><stem n="idlelin"><phr n="idleline"><ent r="5" t="14" w="965" /></phr><phr n="IDLELINE"><ent r="100" t="30" w="1520" /><ent r="6" t="30" w="1523" /><ent r="100" t="32" w="564" /><ent r="3" t="32" w="584" /></phr></stem><stem n="{_idleline}"><phr n="{_idleline}"><ent r="5" t="14" w="966" /></phr><phr n="{_IDLELINE}"><ent r="6" t="30" w="1524" /></phr></stem><stem n="handler"><phr n="handler"><ent r="5" t="14" w="979" /><ent r="3" t="30" w="1721" /><ent r="3" t="30" w="1807" /><ent r="3" t="31" w="3281" /><ent r="3" t="31" w="3316" /></phr></stem><stem n="secsconnect"><phr n="secsconnected"><ent r="5" t="14" w="984" /></phr><phr n="SECSCONNECTED"><ent r="100" t="30" w="1537" /><ent r="6" t="30" w="1540" /></phr></stem><stem n="{_secsconnected}"><phr n="{_secsconnected}"><ent r="5" t="14" w="985" /></phr><phr n="{_SECSCONNECTED}"><ent r="6" t="30" w="1541" /></phr></stem><stem n="disconnect"><phr n="disconnected"><ent r="5" t="14" w="1004" /><ent r="4" t="31" w="316" /><ent r="3" t="31" w="1139" /><ent r="3" t="31" w="3340" /><ent r="3" t="32" w="590" /></phr><phr n="disconnection"><ent r="3" t="30" w="1708" /><ent r="3" t="31" w="1154" /><ent r="3" t="31" w="3353" /></phr><phr n="disconnect"><ent r="3" t="31" w="1159" /></phr><phr n="DISCONNECT"><ent r="100" t="32" w="480" /><ent r="3" t="32" w="486" /><ent r="3" t="32" w="585" /></phr></stem></index>