﻿<?xml version="1.0" encoding="utf-8"?><index><stem n="&lt;command-exit&gt;"><phr n="&lt;command-exit&gt;"><ent r="82" t="14" w="98" /><ent r="3" t="14" w="111" /><ent r="5" t="14" w="197" /><ent r="4" t="33" w="477" /><ent r="5" t="33" w="1213" /><ent r="3" t="34" w="509" /><ent r="3" t="34" w="763" /><ent r="3" t="35" w="181" /><ent r="3" t="36" w="479" /></phr></stem><stem n="exit&gt;"><phr n="exit&gt;"><ent r="82" t="14" w="99" /><ent r="3" t="14" w="112" /><ent r="5" t="14" w="198" /><ent r="4" t="33" w="478" /><ent r="5" t="33" w="1214" /><ent r="3" t="34" w="510" /><ent r="3" t="34" w="546" /><ent r="3" t="34" w="764" /><ent r="3" t="34" w="800" /><ent r="3" t="35" w="182" /><ent r="3" t="35" w="200" /><ent r="3" t="36" w="480" /><ent r="3" t="36" w="503" /></phr></stem><stem n="{address}"><phr n="{address}"><ent r="5" t="14" w="127" /></phr><phr n="{ADDRESS}"><ent r="7" t="33" w="1163" /><ent r="3" t="37" w="104" /><ent r="4" t="37" w="347" /></phr></stem><stem n="devicenam"><phr n="devicename"><ent r="5" t="14" w="136" /><ent r="5" t="14" w="298" /><ent r="5" t="14" w="446" /><ent r="5" t="14" w="1085" /><ent r="6" t="55" w="1015" /></phr><phr n="DeviceName"><ent r="4" t="18" w="869" /></phr><phr n="deviceName"><ent r="3" t="25" w="1254" /><ent r="3" t="25" w="1271" /><ent r="3" t="25" w="1308" /><ent r="3" t="25" w="1311" /><ent r="3" t="25" w="1415" /></phr><phr n="Devicename"><ent r="100" t="55" w="1012" /></phr></stem><stem n="{devicename}"><phr n="{devicename}"><ent r="5" t="14" w="137" /><ent r="5" t="14" w="299" /><ent r="5" t="14" w="447" /><ent r="5" t="14" w="1086" /><ent r="6" t="55" w="1016" /></phr></stem><stem n="resolv"><phr n="resolve"><ent r="5" t="14" w="154" /><ent r="4" t="24" w="473" /></phr></stem><stem n="{port}"><phr n="{port}"><ent r="5" t="14" w="164" /></phr><phr n="{PORT}"><ent r="3" t="37" w="107" /><ent r="4" t="37" w="350" /></phr></stem><stem n="exit"><phr n="exit"><ent r="5" t="14" w="175" /><ent r="5" t="14" w="179" /><ent r="5" t="14" w="191" /><ent r="5" t="31" w="2227" /><ent r="5" t="31" w="2234" /><ent r="3" t="31" w="2326" /><ent r="4" t="31" w="2333" /><ent r="5" t="31" w="2562" /><ent r="5" t="31" w="2569" /><ent r="4" t="33" w="1281" /><ent r="4" t="33" w="1314" /><ent r="3" t="34" w="478" /><ent r="3" t="34" w="517" /><ent r="3" t="34" w="732" /><ent r="3" t="34" w="771" /><ent r="3" t="36" w="262" /><ent r="3" t="36" w="297" /><ent r="3" t="37" w="132" /><ent r="5" t="37" w="766" /><ent r="5" t="37" w="777" /><ent r="5" t="37" w="784" /><ent r="3" t="47" w="515" /></phr><phr n="EXIT"><ent r="100" t="31" w="496" /><ent r="65" t="31" w="498" /><ent r="100" t="31" w="804" /><ent r="83" t="31" w="1353" /><ent r="7" t="31" w="1359" /><ent r="100" t="33" w="1216" /><ent r="4" t="33" w="1288" /><ent r="5" t="33" w="1300" /><ent r="3" t="34" w="521" /><ent r="3" t="34" w="526" /><ent r="3" t="34" w="531" /><ent r="3" t="34" w="536" /><ent r="3" t="34" w="541" /><ent r="3" t="34" w="775" /><ent r="3" t="34" w="780" /><ent r="3" t="34" w="785" /><ent r="3" t="34" w="790" /><ent r="3" t="34" w="795" /><ent r="3" t="35" w="185" /><ent r="3" t="35" w="190" /><ent r="3" t="35" w="195" /><ent r="3" t="36" w="483" /><ent r="3" t="36" w="488" /><ent r="3" t="36" w="493" /><ent r="3" t="36" w="498" /></phr></stem><stem n="exit_cod"><phr n="exit_code"><ent r="5" t="14" w="176" /><ent r="5" t="14" w="175" /><ent r="5" t="14" w="192" /><ent r="5" t="14" w="191" /></phr><phr n="EXIT_CODE"><ent r="100" t="33" w="1217" /><ent r="100" t="33" w="1216" /><ent r="4" t="33" w="1289" /><ent r="4" t="33" w="1288" /><ent r="5" t="33" w="1301" /><ent r="5" t="33" w="1300" /><ent r="3" t="34" w="522" /><ent r="3" t="34" w="521" /><ent r="3" t="34" w="527" /><ent r="3" t="34" w="526" /><ent r="3" t="34" w="532" /><ent r="3" t="34" w="531" /><ent r="3" t="34" w="537" /><ent r="3" t="34" w="536" /><ent r="3" t="34" w="542" /><ent r="3" t="34" w="541" /><ent r="3" t="34" w="776" /><ent r="3" t="34" w="775" /><ent r="3" t="34" w="781" /><ent r="3" t="34" w="780" /><ent r="3" t="34" w="786" /><ent r="3" t="34" w="785" /><ent r="3" t="34" w="791" /><ent r="3" t="34" w="790" /><ent r="3" t="34" w="796" /><ent r="3" t="34" w="795" /><ent r="3" t="35" w="186" /><ent r="3" t="35" w="185" /><ent r="3" t="35" w="191" /><ent r="3" t="35" w="190" /><ent r="3" t="35" w="196" /><ent r="3" t="35" w="195" /><ent r="3" t="36" w="484" /><ent r="3" t="36" w="483" /><ent r="3" t="36" w="489" /><ent r="3" t="36" w="488" /><ent r="3" t="36" w="494" /><ent r="3" t="36" w="493" /><ent r="3" t="36" w="499" /><ent r="3" t="36" w="498" /></phr></stem><stem n="{exit_code}"><phr n="{exit_code}"><ent r="5" t="14" w="177" /><ent r="5" t="14" w="193" /></phr><phr n="{EXIT_CODE}"><ent r="5" t="33" w="1302" /><ent r="3" t="35" w="187" /><ent r="3" t="35" w="192" /><ent r="3" t="35" w="197" /></phr></stem><stem n="cscript"><phr n="cscript"><ent r="5" t="14" w="202" /><ent r="5" t="14" w="212" /></phr><phr n="Cscript"><ent r="92" t="34" w="606" /></phr><phr n="CSCRIPT"><ent r="3" t="34" w="756" /></phr></stem><stem n="{cscript}"><phr n="{cscript}"><ent r="5" t="14" w="203" /></phr></stem><stem n="path"><phr n="path"><ent r="5" t="14" w="208" /><ent r="5" t="14" w="243" /><ent r="3" t="33" w="409" /><ent r="65" t="33" w="726" /><ent r="5" t="33" w="951" /><ent r="7" t="33" w="963" /><ent r="6" t="33" w="988" /><ent r="6" t="33" w="1001" /><ent r="6" t="33" w="1026" /><ent r="6" t="33" w="1041" /><ent r="6" t="33" w="1053" /><ent r="3" t="34" w="499" /><ent r="3" t="34" w="753" /><ent r="3" t="35" w="172" /><ent r="4" t="36" w="158" /><ent r="3" t="36" w="467" /><ent r="4" t="40" w="706" /><ent r="3" t="44" w="414" /><ent r="3" t="44" w="513" /><ent r="3" t="45" w="407" /><ent r="3" t="47" w="610" /><ent r="3" t="47" w="616" /><ent r="5" t="55" w="1499" /><ent r="3" t="56" w="339" /></phr><phr n="PATH"><ent r="100" t="33" w="949" /><ent r="6" t="33" w="993" /><ent r="6" t="33" w="1007" /></phr></stem><stem n=".ex"><phr n=".exe"><ent r="5" t="14" w="213" /><ent r="3" t="19" w="1168" /><ent r="6" t="33" w="1092" /></phr></stem><stem n="cscript.ex"><phr n="cscript.exe"><ent r="5" t="14" w="213" /><ent r="5" t="14" w="212" /></phr></stem><stem n="ex"><phr n="exe"><ent r="5" t="14" w="213" /><ent r="3" t="19" w="1168" /><ent r="6" t="33" w="1092" /><ent r="6" t="36" w="132" /></phr><phr n="Exe"><ent r="100" t="33" w="927" /></phr></stem><stem n="/nologo"><phr n="/nologo"><ent r="5" t="14" w="219" /></phr></stem><stem n="nologo"><phr n="nologo"><ent r="5" t="14" w="219" /></phr></stem><stem n="python"><phr n="python"><ent r="5" t="14" w="237" /><ent r="5" t="14" w="246" /><ent r="3" t="34" w="247" /><ent r="3" t="34" w="369" /><ent r="3" t="34" w="399" /><ent r="64" t="36" w="81" /><ent r="6" t="36" w="115" /><ent r="6" t="36" w="130" /><ent r="3" t="36" w="220" /><ent r="3" t="36" w="318" /><ent r="3" t="36" w="399" /></phr><phr n="Python"><ent r="100" t="33" w="666" /><ent r="4" t="33" w="682" /><ent r="92" t="34" w="352" /><ent r="3" t="34" w="360" /><ent r="3" t="34" w="404" /><ent r="3" t="34" w="417" /><ent r="3" t="34" w="426" /><ent r="3" t="34" w="446" /><ent r="1000" t="36" w="2" /><ent r="102" t="36" w="6" /><ent r="3" t="36" w="15" /><ent r="3" t="36" w="33" /><ent r="3" t="36" w="56" /><ent r="3" t="36" w="74" /><ent r="3" t="36" w="88" /><ent r="4" t="36" w="182" /><ent r="3" t="36" w="197" /><ent r="3" t="36" w="225" /><ent r="3" t="36" w="231" /><ent r="3" t="36" w="314" /><ent r="3" t="36" w="363" /><ent r="3" t="36" w="403" /><ent r="3" t="36" w="415" /><ent r="3" t="36" w="421" /><ent r="3" t="36" w="435" /><ent r="3" t="36" w="438" /><ent r="3" t="46" w="206" /><ent r="3" t="60" w="49" /></phr><phr n="PYTHON"><ent r="3" t="34" w="255" /><ent r="3" t="34" w="260" /><ent r="3" t="34" w="502" /><ent r="4" t="36" w="143" /><ent r="3" t="36" w="386" /><ent r="3" t="36" w="470" /></phr></stem><stem n="{python}"><phr n="{python}"><ent r="5" t="14" w="238" /></phr><phr n="{PYTHON}"><ent r="3" t="34" w="256" /><ent r="4" t="36" w="144" /><ent r="3" t="36" w="387" /></phr></stem><stem n="instal"><phr n="installed"><ent r="5" t="14" w="248" /><ent r="3" t="47" w="108" /><ent r="3" t="47" w="196" /></phr><phr n="Installing"><ent r="100" t="33" w="103" /><ent r="100" t="33" w="641" /><ent r="100" t="33" w="646" /><ent r="92" t="33" w="648" /><ent r="1000" t="38" w="1" /><ent r="100" t="38" w="13" /><ent r="100" t="38" w="17" /><ent r="100" t="38" w="19" /><ent r="102" t="38" w="23" /><ent r="92" t="38" w="204" /></phr><phr n="install"><ent r="4" t="33" w="655" /><ent r="4" t="37" w="234" /><ent r="4" t="38" w="253" /><ent r="4" t="41" w="729" /><ent r="4" t="41" w="765" /><ent r="7" t="53" w="482" /></phr><phr n="Install"><ent r="5" t="38" w="225" /><ent r="4" t="38" w="270" /></phr></stem><stem n="datacent"><phr n="DataCenter"><ent r="5" t="14" w="253" /><ent r="3" t="36" w="10" /><ent r="3" t="36" w="47" /><ent r="3" t="36" w="230" /></phr></stem><stem n="necessari"><phr n="necessary"><ent r="5" t="14" w="259" /><ent r="4" t="16" w="197" /><ent r="4" t="16" w="239" /><ent r="3" t="21" w="1293" /><ent r="4" t="24" w="463" /><ent r="4" t="38" w="268" /></phr></stem><stem n="normal"><phr n="normal"><ent r="5" t="14" w="264" /><ent r="5" t="18" w="180" /><ent r="3" t="19" w="623" /><ent r="3" t="19" w="1464" /><ent r="3" t="23" w="584" /><ent r="4" t="42" w="441" /><ent r="5" t="55" w="424" /></phr><phr n="Normally"><ent r="3" t="14" w="1898" /><ent r="3" t="24" w="574" /></phr><phr n="Normal"><ent r="5" t="19" w="653" /></phr><phr n="normally"><ent r="3" t="25" w="1382" /><ent r="3" t="31" w="3689" /></phr></stem><stem n="taken"><phr n="taken"><ent r="5" t="14" w="304" /><ent r="5" t="14" w="452" /><ent r="5" t="14" w="1091" /><ent r="3" t="18" w="422" /></phr></stem><stem n="deviceaddress"><phr n="deviceaddress"><ent r="5" t="14" w="313" /><ent r="5" t="14" w="461" /><ent r="5" t="14" w="1100" /><ent r="6" t="55" w="875" /></phr><phr n="Deviceaddress"><ent r="100" t="55" w="872" /></phr></stem><stem n="{deviceaddress}"><phr n="{deviceaddress}"><ent r="5" t="14" w="314" /><ent r="5" t="14" w="462" /><ent r="5" t="14" w="1101" /><ent r="6" t="55" w="876" /></phr></stem><stem n="{eval:}"><phr n="{eval:}"><ent r="66" t="14" w="324" /><ent r="66" t="14" w="1111" /></phr></stem><stem n="fmt"><phr n="fmt"><ent r="66" t="14" w="331" /><ent r="66" t="14" w="349" /><ent r="66" t="14" w="354" /><ent r="67" t="14" w="498" /><ent r="68" t="14" w="507" /><ent r="68" t="14" w="512" /><ent r="68" t="14" w="1118" /><ent r="68" t="14" w="1123" /><ent r="3" t="14" w="1283" /><ent r="3" t="14" w="1723" /><ent r="3" t="14" w="1728" /><ent r="4" t="21" w="716" /><ent r="4" t="21" w="723" /><ent r="4" t="21" w="726" /><ent r="4" t="21" w="740" /><ent r="4" t="21" w="750" /><ent r="4" t="21" w="757" /><ent r="4" t="21" w="819" /><ent r="3" t="21" w="998" /><ent r="4" t="21" w="1007" /><ent r="4" t="21" w="1012" /><ent r="3" t="21" w="1458" /><ent r="3" t="21" w="1469" /><ent r="3" t="21" w="1472" /><ent r="3" t="21" w="1729" /></phr><phr n="Fmt"><ent r="100" t="21" w="710" /></phr></stem><stem n="expr"><phr n="expr"><ent r="66" t="14" w="332" /><ent r="6" t="14" w="336" /><ent r="66" t="14" w="350" /><ent r="66" t="14" w="355" /><ent r="66" t="14" w="490" /><ent r="67" t="14" w="499" /><ent r="68" t="14" w="508" /><ent r="68" t="14" w="513" /><ent r="68" t="14" w="1119" /><ent r="68" t="14" w="1124" /><ent r="4" t="14" w="1267" /><ent r="3" t="14" w="1284" /><ent r="3" t="14" w="1420" /><ent r="3" t="14" w="1724" /><ent r="3" t="14" w="1729" /><ent r="83" t="16" w="1640" /><ent r="3" t="21" w="301" /></phr><phr n="Expr"><ent r="100" t="21" w="74" /></phr></stem><stem n="{chartable[:fmt]:expr}"><phr n="{chartable[:fmt]:expr}"><ent r="66" t="14" w="333" /><ent r="67" t="14" w="500" /><ent r="3" t="14" w="1285" /></phr></stem><stem n="scalable2"><phr n="scalable2"><ent r="66" t="14" w="348" /><ent r="68" t="14" w="506" /><ent r="68" t="14" w="1117" /><ent r="92" t="14" w="1631" /><ent r="3" t="14" w="1640" /><ent r="4" t="14" w="1688" /><ent r="3" t="14" w="1727" /><ent r="3" t="14" w="1752" /><ent r="3" t="14" w="1760" /></phr></stem><stem n="{scalable2:fmt:expr}"><phr n="{scalable2:fmt:expr}"><ent r="66" t="14" w="351" /><ent r="68" t="14" w="509" /><ent r="68" t="14" w="1120" /></phr></stem><stem n="scalable10"><phr n="scalable10"><ent r="66" t="14" w="353" /><ent r="68" t="14" w="511" /><ent r="68" t="14" w="1122" /><ent r="92" t="14" w="1628" /><ent r="3" t="14" w="1637" /><ent r="4" t="14" w="1674" /><ent r="3" t="14" w="1722" /><ent r="3" t="14" w="1734" /><ent r="3" t="14" w="1742" /><ent r="3" t="14" w="1774" /></phr></stem><stem n="{scalable10:fmt:expr}"><phr n="{scalable10:fmt:expr}"><ent r="66" t="14" w="356" /><ent r="68" t="14" w="514" /><ent r="68" t="14" w="1125" /></phr></stem><stem n="scale"><phr n="Scales"><ent r="5" t="14" w="357" /><ent r="5" t="14" w="516" /><ent r="5" t="14" w="1126" /></phr><phr n="scaled"><ent r="3" t="14" w="1648" /><ent r="3" t="14" w="1663" /></phr><phr n="scales"><ent r="4" t="14" w="1676" /><ent r="4" t="14" w="1690" /></phr><phr n="scale"><ent r="3" t="14" w="1707" /><ent r="3" t="14" w="1777" /><ent r="3" t="58" w="45" /><ent r="4" t="58" w="82" /></phr><phr n="scaling"><ent r="5" t="55" w="1940" /></phr></stem><stem n="larg"><phr n="large"><ent r="5" t="14" w="358" /><ent r="5" t="14" w="517" /><ent r="5" t="14" w="1127" /></phr></stem><stem n="smaller"><phr n="smaller"><ent r="5" t="14" w="361" /><ent r="5" t="14" w="520" /><ent r="5" t="14" w="1130" /></phr></stem><stem n="better"><phr n="better"><ent r="5" t="14" w="364" /><ent r="5" t="14" w="523" /><ent r="5" t="14" w="1133" /></phr></stem><stem n="^stdout"><phr n="^stdout"><ent r="66" t="14" w="372" /><ent r="6" t="14" w="397" /><ent r="92" t="14" w="1874" /><ent r="4" t="14" w="1920" /><ent r="4" t="14" w="1952" /><ent r="4" t="14" w="1980" /></phr></stem><stem n="{^stdout}"><phr n="{^stdout}"><ent r="66" t="14" w="373" /><ent r="6" t="14" w="398" /><ent r="92" t="14" w="1875" /><ent r="4" t="14" w="1921" /><ent r="4" t="14" w="1953" /><ent r="4" t="14" w="1981" /></phr></stem><stem n="nagio"><phr n="nagios"><ent r="5" t="14" w="407" /><ent r="64" t="33" w="198" /><ent r="100" t="33" w="820" /><ent r="4" t="33" w="887" /><ent r="64" t="35" w="233" /><ent r="64" t="37" w="29" /><ent r="64" t="37" w="228" /><ent r="3" t="37" w="689" /><ent r="64" t="37" w="718" /></phr><phr n="Nagios"><ent r="5" t="14" w="412" /><ent r="100" t="33" w="93" /><ent r="100" t="33" w="190" /><ent r="100" t="33" w="206" /><ent r="64" t="33" w="212" /><ent r="3" t="33" w="226" /><ent r="3" t="33" w="234" /><ent r="3" t="33" w="260" /><ent r="3" t="33" w="287" /><ent r="3" t="33" w="295" /><ent r="64" t="33" w="300" /><ent r="100" t="35" w="78" /><ent r="3" t="35" w="224" /><ent r="3" t="35" w="239" /><ent r="1000" t="37" w="1" /><ent r="100" t="37" w="6" /><ent r="100" t="37" w="8" /><ent r="102" t="37" w="11" /><ent r="64" t="37" w="40" /><ent r="3" t="37" w="51" /><ent r="3" t="37" w="73" /><ent r="3" t="37" w="82" /><ent r="3" t="37" w="89" /><ent r="3" t="37" w="190" /><ent r="3" t="37" w="195" /><ent r="3" t="37" w="210" /><ent r="3" t="37" w="213" /><ent r="4" t="37" w="238" /><ent r="100" t="37" w="310" /><ent r="5" t="37" w="313" /><ent r="100" t="37" w="368" /><ent r="100" t="37" w="371" /><ent r="100" t="37" w="378" /><ent r="72" t="37" w="382" /><ent r="3" t="37" w="392" /><ent r="3" t="37" w="401" /><ent r="3" t="37" w="428" /><ent r="3" t="37" w="434" /><ent r="3" t="37" w="437" /><ent r="3" t="37" w="607" /><ent r="3" t="37" w="709" /><ent r="3" t="37" w="724" /><ent r="3" t="37" w="745" /><ent r="3" t="37" w="750" /><ent r="5" t="37" w="761" /><ent r="5" t="37" w="772" /><ent r="5" t="37" w="792" /><ent r="5" t="37" w="809" /><ent r="5" t="37" w="850" /><ent r="5" t="37" w="858" /><ent r="5" t="37" w="866" /></phr></stem><stem n="nagios_output"><phr n="nagios_output"><ent r="5" t="14" w="408" /><ent r="5" t="14" w="407" /><ent r="3" t="37" w="690" /><ent r="3" t="37" w="689" /></phr></stem><stem n="{nagios_output}"><phr n="{nagios_output}"><ent r="5" t="14" w="409" /><ent r="3" t="37" w="691" /></phr></stem><stem n="pars"><phr n="Parses"><ent r="5" t="14" w="410" /></phr><phr n="parse"><ent r="3" t="21" w="1760" /></phr><phr n="parsed"><ent r="3" t="21" w="2652" /><ent r="6" t="21" w="2770" /><ent r="3" t="27" w="203" /><ent r="3" t="27" w="1592" /><ent r="3" t="51" w="22" /></phr><phr n="parses"><ent r="3" t="25" w="140" /><ent r="3" t="27" w="242" /><ent r="3" t="37" w="679" /></phr><phr n="parsing"><ent r="3" t="30" w="382" /><ent r="3" t="33" w="442" /></phr></stem><stem n="plugin"><phr n="plugin"><ent r="5" t="14" w="413" /><ent r="4" t="33" w="1426" /><ent r="3" t="37" w="90" /><ent r="3" t="37" w="128" /><ent r="3" t="37" w="159" /><ent r="3" t="37" w="196" /><ent r="4" t="37" w="239" /><ent r="4" t="37" w="246" /><ent r="4" t="37" w="320" /><ent r="3" t="37" w="438" /><ent r="3" t="37" w="625" /><ent r="3" t="37" w="681" /><ent r="5" t="37" w="765" /><ent r="5" t="37" w="776" /><ent r="5" t="37" w="783" /></phr><phr n="plugins"><ent r="4" t="33" w="193" /><ent r="64" t="33" w="213" /><ent r="3" t="33" w="227" /><ent r="3" t="33" w="235" /><ent r="100" t="33" w="273" /><ent r="3" t="33" w="280" /><ent r="4" t="37" w="24" /><ent r="64" t="37" w="41" /><ent r="3" t="37" w="52" /><ent r="3" t="37" w="74" /><ent r="3" t="37" w="393" /><ent r="100" t="37" w="414" /><ent r="3" t="37" w="421" /></phr><phr n="Plugins"><ent r="100" t="33" w="207" /><ent r="3" t="33" w="296" /><ent r="64" t="33" w="301" /><ent r="1000" t="36" w="3" /><ent r="102" t="36" w="7" /><ent r="1000" t="37" w="2" /><ent r="100" t="37" w="9" /><ent r="102" t="37" w="12" /></phr><phr n="Plugin"><ent r="100" t="37" w="4" /><ent r="3" t="37" w="83" /><ent r="3" t="37" w="191" /><ent r="5" t="37" w="314" /><ent r="4" t="37" w="328" /><ent r="3" t="37" w="751" /><ent r="5" t="37" w="773" /><ent r="5" t="37" w="810" /><ent r="5" t="37" w="867" /></phr></stem><stem n="plugin'"><phr n="plugin's"><ent r="5" t="14" w="414" /><ent r="5" t="14" w="413" /><ent r="3" t="37" w="682" /><ent r="3" t="37" w="681" /></phr></stem><stem n="(probe-typ"><phr n="(probe-type"><ent r="3" t="14" w="430" /><ent r="3" t="14" w="784" /></phr></stem><stem n="customsnmp"><phr n="customsnmp"><ent r="3" t="14" w="432" /></phr></stem><stem n="-devicedisplay&gt;"><phr n="-devicedisplay&gt;"><ent r="82" t="14" w="435" /><ent r="82" t="14" w="435" /><ent r="5" t="14" w="1387" /><ent r="5" t="14" w="1387" /><ent r="4" t="16" w="1655" /><ent r="4" t="16" w="1655" /></phr></stem><stem n="&lt;snmp-devicedisplay&gt;"><phr n="&lt;snmp-devicedisplay&gt;"><ent r="82" t="14" w="435" /><ent r="5" t="14" w="1387" /><ent r="4" t="16" w="1655" /></phr></stem><stem n="devicedisplay&gt;"><phr n="devicedisplay&gt;"><ent r="82" t="14" w="436" /><ent r="5" t="14" w="1388" /><ent r="4" t="16" w="1656" /></phr></stem><stem n="imserveraddress"><phr n="imserveraddress"><ent r="5" t="14" w="471" /></phr></stem><stem n="{imserveraddress}"><phr n="{imserveraddress}"><ent r="5" t="14" w="472" /></phr></stem><stem n="alarmpointlist"><phr n="alarmpointlist"><ent r="5" t="14" w="482" /></phr><phr n="AlarmPointList"><ent r="3" t="19" w="477" /><ent r="3" t="19" w="482" /><ent r="3" t="19" w="525" /><ent r="4" t="19" w="649" /><ent r="4" t="19" w="702" /><ent r="4" t="19" w="722" /><ent r="4" t="19" w="750" /><ent r="5" t="19" w="754" /><ent r="4" t="19" w="761" /><ent r="4" t="19" w="782" /><ent r="3" t="19" w="980" /><ent r="3" t="19" w="1074" /></phr></stem><stem n="{alarmpointlist}"><phr n="{alarmpointlist}"><ent r="5" t="14" w="483" /></phr></stem><stem n="{eval:expr}"><phr n="{eval:expr}"><ent r="66" t="14" w="491" /></phr></stem><stem n="variablenam"><phr n="variablename"><ent r="6" t="14" w="531" /><ent r="83" t="16" w="1225" /><ent r="83" t="16" w="1584" /><ent r="4" t="16" w="1602" /></phr><phr n="VariableName"><ent r="3" t="16" w="130" /><ent r="100" t="16" w="144" /><ent r="5" t="16" w="146" /><ent r="4" t="16" w="162" /><ent r="4" t="16" w="201" /><ent r="4" t="16" w="236" /></phr><phr n="VariableNames"><ent r="4" t="16" w="176" /></phr></stem><stem n="{[variablename]:legend}"><phr n="{[variablename]:legend}"><ent r="6" t="14" w="533" /></phr></stem><stem n="variable'"><phr n="variable's"><ent r="5" t="14" w="536" /><ent r="5" t="14" w="535" /></phr></stem><stem n="-deviceproperties&gt;"><phr n="-deviceproperties&gt;"><ent r="82" t="14" w="557" /><ent r="82" t="14" w="557" /></phr></stem><stem n="&lt;snmp-deviceproperties&gt;"><phr n="&lt;snmp-deviceproperties&gt;"><ent r="82" t="14" w="557" /></phr></stem><stem n="deviceproperties&gt;"><phr n="deviceproperties&gt;"><ent r="82" t="14" w="558" /></phr></stem><stem n="{ifindex}"><phr n="{ifIndex}"><ent r="5" t="14" w="569" /></phr></stem><stem n="iftyp"><phr n="ifType"><ent r="5" t="14" w="575" /><ent r="3" t="23" w="310" /><ent r="4" t="23" w="810" /><ent r="3" t="23" w="1039" /><ent r="3" t="23" w="1042" /></phr></stem><stem n="{iftype}"><phr n="{ifType}"><ent r="5" t="14" w="576" /></phr></stem><stem n="ifdescr"><phr n="ifDescr"><ent r="5" t="14" w="582" /><ent r="3" t="23" w="307" /><ent r="4" t="23" w="809" /><ent r="3" t="23" w="1009" /><ent r="3" t="23" w="1012" /><ent r="3" t="39" w="555" /></phr><phr n="IfDescr"><ent r="100" t="39" w="524" /></phr></stem><stem n="{ifdescr}"><phr n="{ifDescr}"><ent r="5" t="14" w="583" /></phr></stem><stem n="ifalia"><phr n="ifAlias"><ent r="5" t="14" w="589" /><ent r="3" t="23" w="1028" /><ent r="3" t="23" w="1031" /><ent r="3" t="23" w="1102" /></phr></stem><stem n="{ifalias}"><phr n="{ifAlias}"><ent r="5" t="14" w="590" /></phr></stem><stem n="interface'"><phr n="interface's"><ent r="5" t="14" w="593" /><ent r="5" t="14" w="592" /></phr></stem><stem n="alia"><phr n="alias"><ent r="5" t="14" w="594" /><ent r="100" t="37" w="260" /><ent r="4" t="37" w="270" /><ent r="5" t="55" w="1529" /></phr><phr n="Alias"><ent r="3" t="23" w="1033" /></phr></stem><stem n="oid"><phr n="OID"><ent r="82" t="14" w="597" /><ent r="5" t="14" w="672" /><ent r="5" t="14" w="749" /><ent r="100" t="15" w="24" /><ent r="100" t="15" w="454" /><ent r="100" t="15" w="457" /><ent r="3" t="15" w="472" /><ent r="4" t="15" w="531" /><ent r="3" t="15" w="565" /><ent r="3" t="15" w="670" /><ent r="100" t="16" w="10" /><ent r="100" t="16" w="45" /><ent r="100" t="16" w="47" /><ent r="100" t="16" w="53" /><ent r="3" t="16" w="131" /><ent r="5" t="16" w="275" /><ent r="100" t="16" w="277" /><ent r="4" t="16" w="300" /><ent r="4" t="16" w="313" /><ent r="4" t="16" w="325" /><ent r="6" t="16" w="379" /><ent r="6" t="16" w="442" /><ent r="6" t="16" w="739" /><ent r="6" t="16" w="765" /><ent r="3" t="16" w="975" /><ent r="3" t="16" w="1083" /><ent r="3" t="16" w="1820" /><ent r="4" t="21" w="795" /><ent r="3" t="21" w="1802" /><ent r="3" t="21" w="1828" /><ent r="4" t="21" w="2722" /><ent r="4" t="23" w="261" /><ent r="3" t="23" w="488" /><ent r="4" t="23" w="827" /><ent r="4" t="23" w="867" /><ent r="3" t="23" w="1199" /><ent r="3" t="23" w="1261" /><ent r="3" t="23" w="1335" /><ent r="2" t="23" w="1383" /><ent r="3" t="23" w="1416" /><ent r="4" t="23" w="1626" /><ent r="4" t="23" w="1639" /><ent r="3" t="24" w="22" /><ent r="3" t="24" w="48" /><ent r="92" t="24" w="59" /><ent r="3" t="24" w="63" /><ent r="3" t="24" w="142" /><ent r="3" t="24" w="151" /><ent r="3" t="24" w="160" /><ent r="3" t="24" w="190" /><ent r="92" t="24" w="199" /><ent r="3" t="24" w="204" /><ent r="3" t="24" w="235" /><ent r="3" t="24" w="314" /><ent r="3" t="24" w="400" /><ent r="3" t="24" w="415" /><ent r="3" t="24" w="445" /><ent r="82" t="24" w="452" /><ent r="4" t="24" w="456" /><ent r="4" t="24" w="476" /><ent r="4" t="24" w="490" /><ent r="4" t="24" w="545" /><ent r="92" t="24" w="550" /><ent r="3" t="24" w="562" /><ent r="3" t="24" w="572" /><ent r="3" t="24" w="591" /><ent r="3" t="24" w="637" /><ent r="3" t="24" w="673" /><ent r="3" t="24" w="692" /><ent r="3" t="24" w="707" /><ent r="3" t="24" w="715" /><ent r="3" t="24" w="723" /><ent r="3" t="24" w="730" /><ent r="92" t="24" w="747" /><ent r="3" t="24" w="752" /><ent r="3" t="24" w="843" /><ent r="3" t="24" w="848" /><ent r="3" t="24" w="859" /><ent r="3" t="24" w="862" /><ent r="3" t="24" w="891" /><ent r="3" t="24" w="896" /><ent r="3" t="24" w="900" /><ent r="3" t="24" w="925" /><ent r="3" t="24" w="939" /><ent r="92" t="24" w="951" /><ent r="3" t="24" w="975" /><ent r="3" t="24" w="1059" /><ent r="3" t="24" w="1063" /><ent r="3" t="24" w="1070" /><ent r="3" t="24" w="1098" /><ent r="3" t="24" w="1153" /><ent r="4" t="25" w="448" /><ent r="4" t="25" w="454" /><ent r="4" t="25" w="792" /><ent r="3" t="25" w="837" /><ent r="3" t="25" w="910" /><ent r="3" t="25" w="997" /><ent r="5" t="26" w="206" /><ent r="4" t="26" w="222" /><ent r="4" t="26" w="293" /><ent r="4" t="26" w="298" /><ent r="3" t="27" w="1301" /><ent r="3" t="27" w="1342" /><ent r="3" t="27" w="1360" /><ent r="3" t="27" w="1378" /><ent r="3" t="27" w="1396" /><ent r="3" t="27" w="1414" /><ent r="3" t="27" w="1432" /><ent r="3" t="27" w="1450" /><ent r="3" t="27" w="1468" /><ent r="3" t="27" w="1486" /><ent r="3" t="27" w="1504" /><ent r="3" t="27" w="1594" /><ent r="3" t="27" w="1651" /><ent r="100" t="39" w="287" /><ent r="3" t="39" w="299" /><ent r="3" t="39" w="415" /><ent r="3" t="39" w="423" /><ent r="3" t="39" w="463" /><ent r="100" t="39" w="483" /><ent r="3" t="39" w="491" /><ent r="3" t="39" w="542" /><ent r="100" t="40" w="60" /><ent r="100" t="40" w="174" /><ent r="4" t="40" w="286" /><ent r="3" t="40" w="329" /><ent r="3" t="40" w="340" /><ent r="3" t="40" w="827" /><ent r="3" t="40" w="957" /><ent r="4" t="40" w="1171" /><ent r="3" t="41" w="323" /><ent r="3" t="41" w="358" /><ent r="3" t="41" w="411" /><ent r="3" t="41" w="472" /></phr><phr n="OIDs"><ent r="3" t="15" w="660" /><ent r="100" t="16" w="58" /><ent r="3" t="16" w="63" /><ent r="67" t="16" w="392" /><ent r="6" t="16" w="401" /><ent r="3" t="16" w="1073" /><ent r="4" t="21" w="791" /><ent r="3" t="21" w="1798" /><ent r="1000" t="24" w="3" /><ent r="102" t="24" w="10" /><ent r="3" t="24" w="29" /><ent r="3" t="25" w="1284" /><ent r="100" t="40" w="63" /><ent r="100" t="40" w="68" /><ent r="3" t="40" w="91" /><ent r="5" t="40" w="172" /><ent r="4" t="40" w="185" /><ent r="3" t="40" w="318" /><ent r="3" t="40" w="370" /><ent r="3" t="40" w="593" /><ent r="3" t="40" w="778" /><ent r="4" t="40" w="1163" /><ent r="3" t="41" w="202" /><ent r="3" t="41" w="577" /></phr><phr n="oid"><ent r="4" t="21" w="783" /><ent r="3" t="21" w="1789" /><ent r="4" t="23" w="1191" /><ent r="4" t="23" w="1201" /><ent r="3" t="39" w="174" /><ent r="3" t="41" w="258" /><ent r="3" t="41" w="466" /><ent r="3" t="41" w="609" /></phr></stem><stem n="column"><phr n="column"><ent r="82" t="14" w="598" /><ent r="4" t="23" w="256" /><ent r="3" t="23" w="475" /><ent r="3" t="23" w="511" /><ent r="4" t="23" w="789" /><ent r="4" t="23" w="800" /><ent r="4" t="23" w="831" /><ent r="4" t="23" w="853" /><ent r="3" t="23" w="1151" /><ent r="4" t="53" w="37" /><ent r="5" t="55" w="386" /></phr><phr n="columns"><ent r="4" t="23" w="232" /><ent r="3" t="23" w="385" /><ent r="3" t="23" w="404" /><ent r="4" t="23" w="817" /><ent r="3" t="23" w="945" /><ent r="3" t="23" w="975" /><ent r="3" t="23" w="1140" /><ent r="3" t="23" w="1176" /><ent r="3" t="23" w="1183" /><ent r="3" t="23" w="1246" /><ent r="3" t="23" w="1327" /><ent r="3" t="41" w="294" /><ent r="5" t="55" w="954" /></phr></stem></index>