﻿<?xml version="1.0" encoding="utf-8"?><index><stem n="server"><phr n="servers"><ent r="3" t="0" w="33" /><ent r="3" t="31" w="3688" /></phr><phr n="server"><ent r="3" t="0" w="190" /><ent r="3" t="3" w="61" /><ent r="3" t="3" w="65" /><ent r="6" t="5" w="902" /><ent r="4" t="23" w="220" /><ent r="3" t="29" w="73" /><ent r="4" t="31" w="355" /><ent r="3" t="31" w="4070" /><ent r="3" t="31" w="4096" /><ent r="3" t="31" w="4106" /><ent r="3" t="34" w="100" /><ent r="3" t="40" w="49" /><ent r="3" t="40" w="1089" /><ent r="3" t="41" w="98" /><ent r="3" t="43" w="25" /><ent r="4" t="43" w="110" /><ent r="3" t="44" w="158" /><ent r="3" t="47" w="114" /><ent r="3" t="48" w="24" /><ent r="3" t="48" w="78" /><ent r="3" t="50" w="67" /><ent r="3" t="50" w="74" /><ent r="3" t="50" w="151" /><ent r="4" t="50" w="167" /><ent r="3" t="51" w="486" /><ent r="4" t="52" w="247" /><ent r="3" t="53" w="19" /><ent r="6" t="53" w="720" /><ent r="6" t="55" w="707" /><ent r="6" t="55" w="716" /><ent r="5" t="55" w="777" /><ent r="5" t="55" w="844" /><ent r="5" t="55" w="859" /><ent r="3" t="55" w="1282" /><ent r="3" t="56" w="56" /><ent r="3" t="56" w="187" /><ent r="3" t="56" w="228" /><ent r="3" t="58" w="22" /></phr><phr n="Server"><ent r="5" t="13" w="251" /><ent r="5" t="13" w="308" /><ent r="5" t="13" w="327" /><ent r="5" t="13" w="346" /><ent r="5" t="13" w="372" /><ent r="5" t="13" w="391" /><ent r="5" t="13" w="410" /><ent r="5" t="13" w="444" /><ent r="5" t="14" w="479" /><ent r="4" t="26" w="52" /><ent r="100" t="40" w="628" /><ent r="3" t="40" w="640" /><ent r="5" t="40" w="661" /><ent r="4" t="40" w="665" /><ent r="3" t="40" w="1097" /><ent r="3" t="44" w="149" /><ent r="64" t="49" w="28" /><ent r="100" t="50" w="23" /><ent r="100" t="50" w="343" /><ent r="100" t="50" w="346" /><ent r="6" t="50" w="349" /><ent r="4" t="50" w="354" /><ent r="6" t="50" w="362" /><ent r="4" t="50" w="366" /><ent r="4" t="50" w="377" /><ent r="100" t="59" w="15" /></phr><phr n="Servers"><ent r="100" t="40" w="19" /><ent r="100" t="50" w="359" /></phr></stem><stem n="hub"><phr n="hubs"><ent r="3" t="0" w="34" /></phr></stem><stem n="comput"><phr n="computer"><ent r="3" t="0" w="37" /><ent r="3" t="1" w="161" /><ent r="3" t="1" w="194" /><ent r="4" t="26" w="316" /><ent r="3" t="31" w="1005" /><ent r="3" t="31" w="2488" /></phr><phr n="Computer"><ent r="3" t="1" w="460" /></phr><phr n="compute"><ent r="3" t="14" w="1357" /><ent r="6" t="16" w="704" /><ent r="3" t="21" w="38" /><ent r="3" t="23" w="1204" /><ent r="4" t="42" w="415" /></phr><phr n="computed"><ent r="6" t="16" w="653" /><ent r="6" t="16" w="678" /><ent r="3" t="16" w="1049" /><ent r="4" t="42" w="434" /></phr><phr n="computing"><ent r="6" t="16" w="712" /></phr><phr n="computations"><ent r="3" t="21" w="60" /></phr></stem><stem n="devic"><phr n="devices"><ent r="3" t="0" w="38" /><ent r="3" t="3" w="80" /><ent r="6" t="5" w="658" /><ent r="4" t="15" w="223" /><ent r="4" t="15" w="869" /><ent r="3" t="18" w="274" /><ent r="3" t="18" w="284" /><ent r="3" t="18" w="524" /><ent r="4" t="18" w="602" /><ent r="4" t="19" w="637" /><ent r="3" t="21" w="44" /><ent r="4" t="22" w="175" /><ent r="3" t="23" w="18" /><ent r="3" t="24" w="959" /><ent r="3" t="25" w="129" /><ent r="3" t="38" w="45" /><ent r="4" t="42" w="459" /><ent r="4" t="43" w="119" /><ent r="3" t="43" w="201" /><ent r="3" t="45" w="58" /><ent r="3" t="45" w="221" /><ent r="3" t="45" w="229" /><ent r="3" t="45" w="245" /><ent r="3" t="45" w="258" /><ent r="3" t="46" w="172" /><ent r="3" t="46" w="190" /><ent r="5" t="55" w="254" /><ent r="5" t="55" w="273" /><ent r="5" t="55" w="354" /><ent r="5" t="55" w="412" /><ent r="5" t="55" w="992" /><ent r="5" t="55" w="1006" /></phr><phr n="device"><ent r="3" t="3" w="26" /><ent r="3" t="3" w="53" /><ent r="4" t="3" w="197" /><ent r="4" t="3" w="202" /><ent r="4" t="3" w="219" /><ent r="4" t="3" w="232" /><ent r="4" t="3" w="236" /><ent r="3" t="3" w="264" /><ent r="3" t="3" w="320" /><ent r="3" t="3" w="340" /><ent r="3" t="3" w="353" /><ent r="3" t="3" w="408" /><ent r="3" t="3" w="436" /><ent r="3" t="4" w="270" /><ent r="5" t="5" w="424" /><ent r="6" t="5" w="607" /><ent r="6" t="5" w="629" /><ent r="6" t="5" w="673" /><ent r="6" t="5" w="840" /><ent r="6" t="5" w="864" /><ent r="6" t="5" w="966" /><ent r="6" t="5" w="1069" /><ent r="6" t="5" w="1078" /><ent r="3" t="8" w="52" /><ent r="3" t="8" w="469" /><ent r="3" t="8" w="485" /><ent r="100" t="10" w="80" /><ent r="4" t="10" w="87" /><ent r="4" t="10" w="171" /><ent r="3" t="10" w="188" /><ent r="3" t="10" w="203" /><ent r="3" t="10" w="232" /><ent r="3" t="10" w="289" /><ent r="4" t="10" w="305" /><ent r="3" t="10" w="359" /><ent r="4" t="10" w="376" /><ent r="3" t="12" w="15" /><ent r="3" t="12" w="44" /><ent r="4" t="12" w="262" /><ent r="4" t="12" w="273" /><ent r="5" t="14" w="133" /><ent r="5" t="14" w="139" /><ent r="5" t="14" w="143" /><ent r="5" t="14" w="151" /><ent r="5" t="14" w="157" /><ent r="5" t="14" w="301" /><ent r="5" t="14" w="320" /><ent r="5" t="14" w="449" /><ent r="5" t="14" w="468" /><ent r="5" t="14" w="543" /><ent r="82" t="14" w="602" /><ent r="5" t="14" w="1088" /><ent r="5" t="14" w="1107" /><ent r="3" t="14" w="1290" /><ent r="100" t="15" w="11" /><ent r="100" t="15" w="16" /><ent r="3" t="15" w="106" /><ent r="4" t="15" w="126" /><ent r="4" t="15" w="144" /><ent r="4" t="15" w="210" /><ent r="4" t="15" w="235" /><ent r="100" t="15" w="328" /><ent r="67" t="15" w="332" /><ent r="4" t="15" w="345" /><ent r="100" t="15" w="350" /><ent r="100" t="15" w="354" /><ent r="67" t="15" w="358" /><ent r="4" t="15" w="376" /><ent r="100" t="15" w="383" /><ent r="67" t="15" w="387" /><ent r="4" t="15" w="397" /><ent r="100" t="15" w="412" /><ent r="67" t="15" w="416" /><ent r="4" t="15" w="431" /><ent r="93" t="15" w="442" /><ent r="4" t="15" w="451" /><ent r="83" t="15" w="493" /><ent r="4" t="15" w="504" /><ent r="83" t="15" w="554" /><ent r="3" t="15" w="560" /><ent r="3" t="15" w="654" /><ent r="93" t="15" w="682" /><ent r="4" t="15" w="691" /><ent r="4" t="15" w="711" /><ent r="93" t="15" w="746" /><ent r="4" t="15" w="754" /><ent r="3" t="15" w="768" /><ent r="3" t="15" w="779" /><ent r="3" t="15" w="914" /><ent r="3" t="15" w="931" /><ent r="3" t="16" w="26" /><ent r="100" t="16" w="38" /><ent r="4" t="16" w="42" /><ent r="4" t="16" w="109" /><ent r="4" t="16" w="965" /><ent r="3" t="16" w="971" /><ent r="3" t="16" w="1067" /><ent r="100" t="16" w="1236" /><ent r="4" t="16" w="1243" /><ent r="4" t="16" w="1369" /><ent r="4" t="16" w="1591" /><ent r="4" t="16" w="1620" /><ent r="4" t="17" w="9" /><ent r="3" t="17" w="82" /><ent r="83" t="17" w="124" /><ent r="3" t="17" w="130" /><ent r="3" t="17" w="182" /><ent r="3" t="17" w="224" /><ent r="3" t="17" w="229" /><ent r="3" t="17" w="268" /><ent r="3" t="18" w="18" /><ent r="3" t="18" w="53" /><ent r="3" t="18" w="79" /><ent r="3" t="18" w="123" /><ent r="3" t="18" w="286" /><ent r="3" t="18" w="343" /><ent r="3" t="18" w="359" /><ent r="3" t="18" w="495" /><ent r="3" t="18" w="515" /><ent r="4" t="18" w="543" /><ent r="4" t="18" w="591" /><ent r="4" t="18" w="614" /><ent r="3" t="18" w="656" /><ent r="4" t="18" w="857" /><ent r="3" t="19" w="20" /><ent r="3" t="19" w="48" /><ent r="3" t="19" w="83" /><ent r="4" t="19" w="173" /><ent r="4" t="19" w="204" /><ent r="4" t="19" w="262" /><ent r="4" t="19" w="399" /><ent r="3" t="19" w="480" /><ent r="3" t="19" w="564" /><ent r="4" t="19" w="662" /><ent r="4" t="19" w="780" /><ent r="3" t="19" w="870" /><ent r="3" t="19" w="891" /><ent r="3" t="19" w="911" /><ent r="3" t="19" w="939" /><ent r="3" t="19" w="950" /><ent r="3" t="19" w="959" /><ent r="3" t="19" w="1153" /><ent r="3" t="19" w="1312" /><ent r="3" t="19" w="1369" /><ent r="3" t="19" w="1373" /><ent r="3" t="19" w="1382" /><ent r="3" t="19" w="1386" /><ent r="3" t="19" w="1404" /><ent r="3" t="19" w="1538" /><ent r="3" t="19" w="1542" /><ent r="3" t="19" w="1577" /><ent r="4" t="20" w="16" /><ent r="3" t="20" w="168" /><ent r="3" t="20" w="205" /><ent r="3" t="20" w="209" /><ent r="3" t="20" w="222" /><ent r="4" t="20" w="244" /><ent r="3" t="21" w="68" /><ent r="3" t="21" w="2585" /><ent r="3" t="21" w="2663" /><ent r="100" t="22" w="15" /><ent r="4" t="22" w="19" /><ent r="3" t="22" w="33" /><ent r="3" t="22" w="44" /><ent r="3" t="22" w="57" /><ent r="3" t="22" w="87" /><ent r="3" t="23" w="54" /><ent r="3" t="23" w="107" /><ent r="4" t="23" w="198" /><ent r="3" t="23" w="287" /><ent r="3" t="23" w="569" /><ent r="3" t="23" w="648" /><ent r="3" t="23" w="666" /><ent r="3" t="23" w="672" /><ent r="3" t="23" w="681" /><ent r="4" t="23" w="776" /><ent r="3" t="23" w="989" /><ent r="3" t="23" w="1093" /><ent r="3" t="23" w="1266" /><ent r="3" t="23" w="1314" /><ent r="4" t="23" w="1376" /><ent r="3" t="23" w="1485" /><ent r="3" t="23" w="1493" /><ent r="3" t="23" w="1501" /><ent r="3" t="23" w="1559" /><ent r="3" t="23" w="1573" /><ent r="4" t="23" w="1601" /><ent r="4" t="23" w="1652" /><ent r="3" t="25" w="26" /><ent r="3" t="25" w="48" /><ent r="3" t="25" w="60" /><ent r="3" t="25" w="97" /><ent r="3" t="25" w="109" /><ent r="3" t="25" w="175" /><ent r="3" t="25" w="227" /><ent r="3" t="25" w="245" /><ent r="3" t="25" w="327" /><ent r="4" t="25" w="678" /><ent r="3" t="25" w="874" /><ent r="3" t="25" w="892" /><ent r="3" t="25" w="964" /><ent r="3" t="25" w="1050" /><ent r="3" t="25" w="1296" /><ent r="3" t="25" w="1326" /><ent r="3" t="25" w="1362" /><ent r="3" t="25" w="1386" /><ent r="3" t="25" w="1403" /><ent r="3" t="25" w="1433" /><ent r="3" t="25" w="1471" /><ent r="4" t="26" w="198" /><ent r="3" t="27" w="182" /><ent r="3" t="27" w="210" /><ent r="3" t="27" w="395" /><ent r="3" t="27" w="550" /><ent r="3" t="27" w="1145" /><ent r="3" t="27" w="1509" /><ent r="3" t="27" w="1512" /><ent r="3" t="27" w="1725" /><ent r="3" t="28" w="260" /><ent r="3" t="28" w="290" /><ent r="3" t="28" w="318" /><ent r="3" t="28" w="343" /><ent r="3" t="29" w="17" /><ent r="3" t="29" w="31" /><ent r="3" t="29" w="39" /><ent r="3" t="29" w="90" /><ent r="3" t="29" w="113" /><ent r="3" t="29" w="130" /><ent r="3" t="30" w="50" /><ent r="3" t="30" w="58" /><ent r="3" t="30" w="211" /><ent r="3" t="30" w="226" /><ent r="3" t="31" w="153" /><ent r="3" t="31" w="159" /><ent r="3" t="31" w="175" /><ent r="3" t="31" w="183" /><ent r="4" t="31" w="444" /><ent r="3" t="31" w="1270" /><ent r="3" t="31" w="1286" /><ent r="3" t="31" w="2708" /><ent r="3" t="31" w="2768" /><ent r="3" t="31" w="2884" /><ent r="3" t="31" w="4081" /><ent r="3" t="32" w="200" /><ent r="3" t="32" w="304" /><ent r="3" t="32" w="330" /><ent r="3" t="32" w="342" /><ent r="3" t="32" w="366" /><ent r="3" t="32" w="385" /><ent r="3" t="32" w="404" /><ent r="3" t="32" w="418" /><ent r="3" t="33" w="79" /><ent r="3" t="33" w="137" /><ent r="3" t="33" w="169" /><ent r="4" t="33" w="565" /><ent r="3" t="33" w="615" /><ent r="5" t="33" w="1190" /><ent r="5" t="33" w="1207" /><ent r="4" t="33" w="1233" /><ent r="4" t="33" w="1309" /><ent r="4" t="33" w="1324" /><ent r="4" t="33" w="1342" /><ent r="5" t="33" w="1417" /><ent r="3" t="34" w="491" /><ent r="3" t="34" w="587" /><ent r="3" t="34" w="594" /><ent r="3" t="34" w="745" /><ent r="3" t="34" w="842" /><ent r="3" t="34" w="849" /><ent r="3" t="36" w="273" /><ent r="3" t="36" w="290" /><ent r="3" t="36" w="449" /><ent r="3" t="37" w="116" /><ent r="3" t="37" w="140" /><ent r="4" t="37" w="299" /><ent r="4" t="37" w="359" /><ent r="4" t="37" w="464" /><ent r="3" t="37" w="494" /><ent r="4" t="37" w="502" /><ent r="5" t="37" w="853" /><ent r="4" t="38" w="306" /><ent r="4" t="38" w="315" /><ent r="4" t="38" w="327" /><ent r="4" t="38" w="381" /><ent r="93" t="39" w="188" /><ent r="3" t="39" w="219" /><ent r="4" t="39" w="227" /><ent r="3" t="39" w="304" /><ent r="3" t="39" w="468" /><ent r="3" t="39" w="561" /><ent r="4" t="40" w="271" /><ent r="3" t="40" w="298" /><ent r="3" t="40" w="333" /><ent r="3" t="40" w="424" /><ent r="3" t="40" w="468" /><ent r="3" t="40" w="528" /><ent r="3" t="40" w="586" /><ent r="3" t="41" w="305" /><ent r="3" t="41" w="317" /><ent r="3" t="42" w="33" /><ent r="3" t="42" w="298" /><ent r="100" t="42" w="311" /><ent r="4" t="42" w="315" /><ent r="3" t="46" w="17" /><ent r="3" t="46" w="33" /><ent r="4" t="46" w="57" /><ent r="4" t="46" w="92" /><ent r="4" t="46" w="96" /><ent r="4" t="46" w="111" /><ent r="3" t="46" w="142" /><ent r="3" t="46" w="152" /><ent r="3" t="46" w="175" /><ent r="3" t="46" w="218" /><ent r="3" t="46" w="234" /><ent r="4" t="51" w="163" /><ent r="5" t="51" w="596" /><ent r="4" t="51" w="605" /><ent r="6" t="53" w="195" /><ent r="6" t="53" w="811" /><ent r="7" t="55" w="317" /><ent r="5" t="55" w="887" /><ent r="5" t="55" w="894" /><ent r="5" t="55" w="908" /><ent r="5" t="55" w="912" /><ent r="5" t="55" w="931" /><ent r="5" t="55" w="945" /><ent r="5" t="55" w="1032" /><ent r="5" t="55" w="1044" /><ent r="100" t="55" w="1451" /><ent r="100" t="55" w="1457" /><ent r="4" t="55" w="1463" /><ent r="4" t="55" w="1469" /><ent r="5" t="55" w="1507" /><ent r="5" t="55" w="1513" /><ent r="5" t="55" w="1550" /><ent r="5" t="55" w="1557" /><ent r="5" t="55" w="1591" /><ent r="5" t="55" w="1617" /></phr><phr n="Device"><ent r="5" t="18" w="175" /><ent r="5" t="18" w="188" /><ent r="5" t="18" w="200" /><ent r="5" t="18" w="212" /><ent r="3" t="25" w="1304" /><ent r="3" t="25" w="1313" /><ent r="3" t="25" w="1321" /><ent r="3" t="25" w="1372" /><ent r="3" t="25" w="1411" /><ent r="3" t="25" w="1420" /><ent r="3" t="25" w="1428" /><ent r="5" t="26" w="185" /><ent r="3" t="27" w="1219" /><ent r="3" t="27" w="1603" /><ent r="3" t="27" w="1610" /><ent r="100" t="31" w="40" /><ent r="100" t="31" w="123" /><ent r="92" t="31" w="128" /><ent r="3" t="31" w="1297" /><ent r="100" t="51" w="593" /><ent r="100" t="55" w="1446" /></phr><phr n="Devices"><ent r="64" t="43" w="195" /><ent r="4" t="45" w="65" /></phr></stem><stem n="attach"><phr n="attached"><ent r="3" t="0" w="41" /><ent r="3" t="45" w="350" /><ent r="5" t="55" w="1731" /></phr><phr n="attach"><ent r="3" t="24" w="564" /></phr></stem><stem n="if"><phr n="If"><ent r="3" t="0" w="45" /><ent r="3" t="1" w="218" /><ent r="3" t="1" w="285" /><ent r="3" t="1" w="417" /><ent r="3" t="1" w="586" /><ent r="4" t="3" w="211" /><ent r="3" t="3" w="454" /><ent r="6" t="5" w="959" /><ent r="6" t="5" w="1064" /><ent r="4" t="7" w="575" /><ent r="4" t="7" w="614" /><ent r="3" t="10" w="29" /><ent r="3" t="11" w="106" /><ent r="3" t="14" w="1917" /><ent r="3" t="14" w="2007" /><ent r="4" t="15" w="189" /><ent r="100" t="15" w="843" /><ent r="4" t="15" w="855" /><ent r="4" t="15" w="894" /><ent r="4" t="16" w="252" /><ent r="6" t="16" w="518" /><ent r="6" t="16" w="547" /><ent r="10" t="16" w="839" /><ent r="3" t="16" w="1765" /><ent r="3" t="16" w="1787" /><ent r="3" t="16" w="1818" /><ent r="3" t="17" w="58" /><ent r="3" t="17" w="272" /><ent r="4" t="19" w="102" /><ent r="3" t="19" w="292" /><ent r="4" t="19" w="680" /><ent r="4" t="19" w="708" /><ent r="4" t="19" w="731" /><ent r="3" t="19" w="994" /><ent r="3" t="19" w="1016" /><ent r="3" t="19" w="1097" /><ent r="3" t="20" w="112" /><ent r="3" t="20" w="136" /><ent r="3" t="20" w="150" /><ent r="3" t="21" w="1179" /><ent r="3" t="21" w="1479" /><ent r="3" t="21" w="1493" /><ent r="4" t="21" w="2066" /><ent r="4" t="21" w="2096" /><ent r="4" t="21" w="2116" /><ent r="4" t="21" w="2137" /><ent r="4" t="21" w="2238" /><ent r="4" t="21" w="2287" /><ent r="4" t="21" w="2304" /><ent r="4" t="21" w="2329" /><ent r="100" t="22" w="149" /><ent r="4" t="22" w="161" /><ent r="4" t="22" w="198" /><ent r="3" t="23" w="1532" /><ent r="4" t="24" w="470" /><ent r="3" t="25" w="178" /><ent r="3" t="25" w="248" /><ent r="3" t="25" w="290" /><ent r="4" t="25" w="452" /><ent r="4" t="25" w="576" /><ent r="3" t="29" w="79" /><ent r="4" t="30" w="1041" /><ent r="4" t="30" w="1060" /><ent r="3" t="30" w="1742" /><ent r="3" t="30" w="1774" /><ent r="3" t="30" w="1792" /><ent r="3" t="31" w="205" /><ent r="3" t="31" w="890" /><ent r="3" t="31" w="961" /><ent r="3" t="31" w="1025" /><ent r="3" t="31" w="1327" /><ent r="4" t="31" w="1417" /><ent r="4" t="31" w="1431" /><ent r="3" t="31" w="1617" /><ent r="3" t="31" w="1661" /><ent r="4" t="31" w="1765" /><ent r="3" t="31" w="1909" /><ent r="3" t="31" w="1987" /><ent r="3" t="31" w="2028" /><ent r="4" t="31" w="2122" /><ent r="4" t="31" w="2133" /><ent r="4" t="31" w="2156" /><ent r="3" t="31" w="2461" /><ent r="3" t="31" w="2665" /><ent r="3" t="31" w="2755" /><ent r="3" t="31" w="2832" /><ent r="3" t="31" w="2843" /><ent r="3" t="31" w="2976" /><ent r="4" t="31" w="3167" /><ent r="3" t="31" w="3231" /><ent r="3" t="31" w="3259" /><ent r="3" t="31" w="3301" /><ent r="3" t="31" w="3327" /><ent r="3" t="31" w="3750" /><ent r="3" t="31" w="3929" /><ent r="3" t="31" w="4068" /><ent r="3" t="31" w="4104" /><ent r="3" t="32" w="292" /><ent r="3" t="32" w="334" /><ent r="3" t="32" w="408" /><ent r="3" t="33" w="242" /><ent r="4" t="33" w="677" /><ent r="4" t="33" w="698" /><ent r="6" t="33" w="1039" /><ent r="4" t="33" w="1327" /><ent r="4" t="33" w="1424" /><ent r="3" t="34" w="143" /><ent r="3" t="37" w="385" /><ent r="3" t="38" w="143" /><ent r="3" t="38" w="174" /><ent r="3" t="38" w="424" /><ent r="3" t="40" w="350" /><ent r="3" t="44" w="371" /><ent r="3" t="44" w="433" /><ent r="4" t="51" w="112" /><ent r="7" t="53" w="418" /><ent r="7" t="53" w="446" /><ent r="7" t="53" w="480" /><ent r="6" t="53" w="625" /><ent r="3" t="54" w="127" /><ent r="3" t="55" w="217" /><ent r="6" t="55" w="584" /><ent r="6" t="55" w="713" /><ent r="5" t="55" w="925" /><ent r="6" t="55" w="1216" /><ent r="5" t="55" w="1657" /><ent r="5" t="55" w="1726" /><ent r="6" t="55" w="1989" /></phr><phr n="IF"><ent r="3" t="1" w="54" /><ent r="3" t="1" w="74" /><ent r="3" t="23" w="579" /><ent r="3" t="23" w="955" /><ent r="3" t="23" w="1001" /><ent r="3" t="23" w="1010" /><ent r="3" t="23" w="1018" /><ent r="3" t="23" w="1029" /><ent r="3" t="23" w="1040" /><ent r="3" t="23" w="1049" /><ent r="3" t="23" w="1058" /><ent r="3" t="23" w="1067" /><ent r="3" t="23" w="1076" /><ent r="3" t="23" w="1085" /><ent r="3" t="24" w="402" /></phr><phr n="if"><ent r="3" t="1" w="373" /><ent r="3" t="1" w="443" /><ent r="3" t="1" w="493" /><ent r="3" t="3" w="393" /><ent r="6" t="5" w="865" /><ent r="5" t="14" w="703" /><ent r="5" t="14" w="1001" /><ent r="4" t="15" w="195" /><ent r="4" t="15" w="217" /><ent r="4" t="16" w="315" /><ent r="4" t="16" w="331" /><ent r="9" t="16" w="875" /><ent r="9" t="16" w="882" /><ent r="3" t="16" w="1277" /><ent r="3" t="16" w="1302" /><ent r="3" t="17" w="65" /><ent r="3" t="17" w="89" /><ent r="3" t="17" w="215" /><ent r="4" t="19" w="226" /><ent r="4" t="19" w="724" /><ent r="3" t="19" w="1058" /><ent r="4" t="21" w="673" /><ent r="3" t="21" w="855" /><ent r="3" t="21" w="1292" /><ent r="4" t="21" w="2258" /><ent r="4" t="22" w="255" /><ent r="3" t="24" w="80" /><ent r="4" t="24" w="461" /><ent r="3" t="24" w="982" /><ent r="3" t="25" w="107" /><ent r="4" t="26" w="317" /><ent r="4" t="30" w="628" /><ent r="3" t="30" w="1766" /><ent r="3" t="31" w="213" /><ent r="4" t="31" w="311" /><ent r="4" t="31" w="523" /><ent r="4" t="31" w="572" /><ent r="4" t="31" w="616" /><ent r="4" t="31" w="655" /><ent r="3" t="31" w="1134" /><ent r="4" t="31" w="1463" /><ent r="3" t="31" w="1525" /><ent r="3" t="31" w="1552" /><ent r="3" t="31" w="1595" /><ent r="4" t="31" w="1824" /><ent r="3" t="31" w="1932" /><ent r="3" t="31" w="1999" /><ent r="3" t="31" w="2209" /><ent r="4" t="31" w="2236" /><ent r="3" t="31" w="2312" /><ent r="3" t="31" w="2335" /><ent r="4" t="31" w="2412" /><ent r="3" t="31" w="2548" /><ent r="4" t="31" w="2571" /><ent r="3" t="31" w="3268" /><ent r="3" t="31" w="3335" /><ent r="3" t="31" w="3661" /><ent r="3" t="31" w="3952" /><ent r="3" t="31" w="4013" /><ent r="3" t="31" w="4019" /><ent r="3" t="31" w="4035" /><ent r="3" t="31" w="4051" /><ent r="4" t="33" w="588" /><ent r="6" t="33" w="1106" /><ent r="4" t="33" w="1307" /><ent r="4" t="33" w="1319" /><ent r="3" t="34" w="107" /><ent r="3" t="34" w="304" /><ent r="3" t="36" w="248" /><ent r="4" t="38" w="267" /><ent r="3" t="39" w="53" /><ent r="3" t="39" w="67" /><ent r="4" t="40" w="158" /><ent r="4" t="40" w="179" /><ent r="4" t="40" w="234" /><ent r="4" t="40" w="277" /><ent r="3" t="40" w="327" /><ent r="3" t="41" w="142" /><ent r="4" t="47" w="365" /><ent r="3" t="47" w="519" /><ent r="3" t="47" w="603" /><ent r="3" t="51" w="52" /><ent r="3" t="51" w="412" /><ent r="6" t="53" w="95" /><ent r="6" t="53" w="264" /><ent r="6" t="53" w="306" /><ent r="5" t="55" w="816" /><ent r="5" t="55" w="1055" /></phr></stem><stem n="detect"><phr n="detects"><ent r="3" t="0" w="47" /><ent r="5" t="37" w="812" /><ent r="3" t="39" w="55" /><ent r="3" t="40" w="1111" /><ent r="4" t="42" w="401" /></phr><phr n="detect"><ent r="4" t="15" w="872" /><ent r="4" t="22" w="178" /></phr><phr n="detected"><ent r="4" t="40" w="1192" /></phr></stem><stem n="failur"><phr n="failure"><ent r="3" t="0" w="49" /><ent r="3" t="30" w="992" /><ent r="3" t="30" w="1720" /><ent r="3" t="30" w="1736" /><ent r="3" t="31" w="2766" /><ent r="3" t="31" w="2769" /><ent r="3" t="31" w="2771" /><ent r="3" t="31" w="3315" /><ent r="4" t="33" w="469" /></phr><phr n="Failures"><ent r="100" t="30" w="156" /><ent r="100" t="30" w="159" /><ent r="100" t="30" w="166" /><ent r="65" t="30" w="170" /><ent r="92" t="30" w="1665" /><ent r="100" t="31" w="925" /><ent r="4" t="31" w="1110" /><ent r="4" t="31" w="1321" /><ent r="4" t="31" w="1517" /><ent r="4" t="31" w="1614" /><ent r="4" t="31" w="1659" /><ent r="4" t="31" w="1876" /><ent r="4" t="31" w="1985" /><ent r="4" t="31" w="2170" /><ent r="4" t="31" w="2270" /><ent r="4" t="31" w="2352" /><ent r="4" t="31" w="2423" /><ent r="4" t="31" w="2507" /><ent r="4" t="31" w="2588" /><ent r="4" t="31" w="2663" /><ent r="4" t="31" w="2748" /><ent r="4" t="31" w="2830" /><ent r="4" t="31" w="3071" /><ent r="4" t="31" w="3112" /><ent r="4" t="31" w="3185" /><ent r="4" t="31" w="3356" /></phr><phr n="failures"><ent r="4" t="31" w="928" /></phr></stem><stem n="send"><phr n="sends"><ent r="3" t="0" w="51" /><ent r="4" t="3" w="178" /><ent r="3" t="3" w="343" /><ent r="4" t="15" w="904" /><ent r="3" t="20" w="252" /><ent r="4" t="22" w="208" /><ent r="3" t="25" w="484" /><ent r="3" t="29" w="25" /><ent r="3" t="29" w="116" /><ent r="3" t="30" w="199" /><ent r="3" t="46" w="132" /><ent r="3" t="56" w="344" /></phr><phr n="Sending"><ent r="100" t="3" w="170" /><ent r="100" t="3" w="259" /><ent r="100" t="40" w="17" /></phr><phr n="sending"><ent r="3" t="3" w="268" /><ent r="3" t="3" w="467" /><ent r="3" t="18" w="701" /><ent r="3" t="31" w="155" /><ent r="4" t="42" w="120" /><ent r="3" t="43" w="20" /></phr><phr n="send"><ent r="3" t="4" w="249" /><ent r="100" t="5" w="852" /><ent r="6" t="5" w="858" /><ent r="3" t="18" w="37" /><ent r="3" t="18" w="728" /><ent r="3" t="19" w="1149" /><ent r="3" t="27" w="297" /><ent r="3" t="27" w="379" /><ent r="3" t="29" w="68" /><ent r="3" t="30" w="46" /><ent r="3" t="31" w="2701" /><ent r="3" t="31" w="2711" /><ent r="3" t="31" w="3690" /><ent r="3" t="31" w="3870" /><ent r="3" t="32" w="186" /><ent r="3" t="32" w="226" /><ent r="3" t="32" w="430" /><ent r="3" t="32" w="461" /><ent r="4" t="43" w="104" /><ent r="3" t="57" w="40" /></phr><phr n="SEND"><ent r="100" t="5" w="842" /><ent r="100" t="5" w="844" /><ent r="100" t="31" w="141" /><ent r="3" t="31" w="215" /><ent r="65" t="31" w="434" /><ent r="100" t="31" w="801" /><ent r="6" t="31" w="2393" /><ent r="83" t="31" w="2691" /><ent r="5" t="31" w="2697" /><ent r="4" t="31" w="2732" /><ent r="3" t="31" w="3415" /><ent r="3" t="31" w="3435" /><ent r="3" t="31" w="3454" /><ent r="3" t="31" w="3469" /><ent r="3" t="31" w="3836" /><ent r="100" t="31" w="3857" /><ent r="100" t="32" w="176" /><ent r="3" t="32" w="457" /></phr><phr n="Send"><ent r="100" t="31" w="139" /><ent r="3" t="31" w="3861" /><ent r="3" t="38" w="444" /><ent r="4" t="40" w="681" /></phr><phr n="Sends"><ent r="4" t="31" w="437" /></phr></stem><stem n="notif"><phr n="notifications"><ent r="3" t="0" w="52" /><ent r="3" t="18" w="30" /><ent r="3" t="18" w="38" /><ent r="3" t="18" w="86" /><ent r="3" t="18" w="111" /><ent r="3" t="18" w="404" /><ent r="3" t="18" w="662" /><ent r="3" t="18" w="671" /><ent r="3" t="18" w="735" /><ent r="3" t="18" w="792" /></phr><phr n="notification"><ent r="4" t="18" w="245" /><ent r="3" t="18" w="652" /><ent r="3" t="18" w="689" /><ent r="3" t="18" w="703" /><ent r="3" t="18" w="715" /><ent r="3" t="19" w="1024" /><ent r="3" t="20" w="67" /><ent r="3" t="20" w="85" /><ent r="3" t="20" w="133" /><ent r="3" t="20" w="254" /><ent r="3" t="28" w="388" /><ent r="3" t="28" w="419" /></phr><phr n="Notifications"><ent r="92" t="18" w="644" /><ent r="3" t="18" w="691" /></phr><phr n="Notifer"><ent r="3" t="19" w="59" /><ent r="3" t="20" w="179" /></phr><phr n="Notification"><ent r="4" t="20" w="266" /></phr><phr n="NOTIFICATION"><ent r="3" t="28" w="75" /><ent r="3" t="28" w="364" /><ent r="3" t="28" w="397" /></phr></stem><stem n="on"><phr n="one"><ent r="3" t="0" w="54" /><ent r="3" t="1" w="153" /><ent r="3" t="1" w="165" /><ent r="3" t="1" w="193" /><ent r="4" t="3" w="179" /><ent r="5" t="5" w="440" /><ent r="6" t="5" w="460" /><ent r="5" t="7" w="342" /><ent r="5" t="7" w="361" /><ent r="5" t="7" w="442" /><ent r="3" t="8" w="17" /><ent r="3" t="8" w="133" /><ent r="4" t="15" w="874" /><ent r="4" t="16" w="477" /><ent r="3" t="16" w="1712" /><ent r="3" t="17" w="100" /><ent r="3" t="17" w="242" /><ent r="4" t="17" w="329" /><ent r="3" t="18" w="102" /><ent r="3" t="18" w="228" /><ent r="3" t="18" w="364" /><ent r="3" t="18" w="368" /><ent r="3" t="18" w="477" /><ent r="4" t="18" w="542" /><ent r="4" t="18" w="564" /><ent r="4" t="18" w="582" /><ent r="4" t="18" w="617" /><ent r="4" t="19" w="130" /><ent r="4" t="19" w="690" /><ent r="3" t="21" w="2551" /><ent r="4" t="22" w="180" /><ent r="3" t="23" w="563" /><ent r="3" t="23" w="977" /><ent r="3" t="23" w="1137" /><ent r="3" t="24" w="84" /><ent r="4" t="24" w="259" /><ent r="4" t="24" w="507" /><ent r="3" t="25" w="38" /><ent r="3" t="25" w="378" /><ent r="3" t="25" w="1073" /><ent r="3" t="27" w="431" /><ent r="3" t="27" w="584" /><ent r="3" t="31" w="163" /><ent r="3" t="31" w="224" /><ent r="3" t="31" w="1197" /><ent r="3" t="31" w="2914" /><ent r="3" t="31" w="3691" /><ent r="3" t="34" w="89" /><ent r="3" t="36" w="452" /><ent r="3" t="39" w="301" /><ent r="3" t="39" w="465" /><ent r="3" t="41" w="272" /><ent r="3" t="41" w="441" /><ent r="3" t="44" w="408" /><ent r="7" t="53" w="421" /><ent r="3" t="54" w="89" /><ent r="3" t="54" w="99" /><ent r="3" t="54" w="210" /><ent r="6" t="55" w="493" /><ent r="6" t="55" w="1185" /><ent r="5" t="55" w="1642" /><ent r="5" t="55" w="1844" /><ent r="5" t="55" w="1871" /></phr><phr n="ones"><ent r="3" t="3" w="153" /></phr><phr n="One"><ent r="92" t="9" w="107" /><ent r="3" t="21" w="2935" /><ent r="3" t="25" w="1351" /><ent r="7" t="53" w="546" /></phr><phr n="ons"><ent r="4" t="41" w="742" /><ent r="4" t="41" w="746" /></phr></stem></index>