﻿<?xml version="1.0" encoding="utf-8"?><index><stem n="1.3.6"><phr n="1.3.6"><ent r="3" t="14" w="1584" /><ent r="3" t="14" w="1582" /><ent r="3" t="15" w="578" /><ent r="3" t="15" w="576" /><ent r="3" t="15" w="595" /><ent r="3" t="15" w="593" /><ent r="3" t="15" w="624" /><ent r="3" t="15" w="622" /><ent r="3" t="15" w="643" /><ent r="3" t="15" w="641" /><ent r="3" t="16" w="982" /><ent r="3" t="16" w="980" /><ent r="3" t="16" w="996" /><ent r="3" t="16" w="994" /><ent r="3" t="16" w="1012" /><ent r="3" t="16" w="1010" /><ent r="3" t="16" w="1028" /><ent r="3" t="16" w="1026" /><ent r="3" t="16" w="1723" /><ent r="3" t="16" w="1721" /><ent r="3" t="19" w="1175" /><ent r="3" t="19" w="1173" /><ent r="3" t="19" w="1184" /><ent r="3" t="19" w="1182" /><ent r="3" t="19" w="1318" /><ent r="3" t="19" w="1316" /><ent r="3" t="19" w="1335" /><ent r="3" t="19" w="1333" /><ent r="3" t="19" w="1352" /><ent r="3" t="19" w="1350" /><ent r="3" t="21" w="1836" /><ent r="3" t="21" w="1834" /><ent r="3" t="21" w="1856" /><ent r="3" t="21" w="1854" /><ent r="3" t="21" w="1878" /><ent r="3" t="21" w="1876" /><ent r="3" t="21" w="1898" /><ent r="3" t="21" w="1896" /><ent r="3" t="21" w="1920" /><ent r="3" t="21" w="1918" /><ent r="3" t="21" w="1942" /><ent r="3" t="21" w="1940" /><ent r="3" t="21" w="1962" /><ent r="3" t="21" w="1960" /><ent r="3" t="21" w="1969" /><ent r="3" t="21" w="1967" /><ent r="3" t="21" w="1977" /><ent r="3" t="21" w="1975" /><ent r="3" t="21" w="1983" /><ent r="3" t="21" w="1981" /><ent r="3" t="21" w="1987" /><ent r="3" t="21" w="1985" /><ent r="4" t="21" w="2673" /><ent r="4" t="21" w="2671" /><ent r="4" t="21" w="2726" /><ent r="4" t="21" w="2724" /><ent r="3" t="23" w="491" /><ent r="3" t="23" w="489" /><ent r="3" t="23" w="517" /><ent r="3" t="23" w="515" /><ent r="3" t="24" w="95" /><ent r="3" t="24" w="93" /><ent r="3" t="24" w="106" /><ent r="3" t="24" w="104" /><ent r="3" t="24" w="116" /><ent r="3" t="24" w="114" /><ent r="3" t="24" w="123" /><ent r="3" t="24" w="121" /><ent r="3" t="24" w="193" /><ent r="3" t="24" w="191" /><ent r="3" t="24" w="904" /><ent r="3" t="24" w="902" /><ent r="3" t="25" w="879" /><ent r="3" t="25" w="877" /><ent r="3" t="25" w="913" /><ent r="3" t="25" w="911" /><ent r="3" t="26" w="77" /><ent r="3" t="26" w="75" /><ent r="3" t="26" w="110" /><ent r="3" t="26" w="108" /><ent r="3" t="26" w="119" /><ent r="3" t="26" w="117" /><ent r="3" t="26" w="129" /><ent r="3" t="26" w="127" /><ent r="4" t="26" w="213" /><ent r="4" t="26" w="211" /><ent r="4" t="26" w="272" /><ent r="4" t="26" w="270" /><ent r="4" t="26" w="282" /><ent r="4" t="26" w="280" /><ent r="3" t="27" w="441" /><ent r="3" t="27" w="439" /><ent r="3" t="27" w="455" /><ent r="3" t="27" w="453" /><ent r="3" t="27" w="472" /><ent r="3" t="27" w="470" /><ent r="3" t="27" w="485" /><ent r="3" t="27" w="483" /><ent r="3" t="27" w="499" /><ent r="3" t="27" w="497" /><ent r="3" t="27" w="514" /><ent r="3" t="27" w="512" /><ent r="3" t="27" w="530" /><ent r="3" t="27" w="528" /><ent r="3" t="27" w="595" /><ent r="3" t="27" w="593" /><ent r="3" t="27" w="602" /><ent r="3" t="27" w="600" /><ent r="3" t="27" w="616" /><ent r="3" t="27" w="614" /><ent r="3" t="27" w="633" /><ent r="3" t="27" w="631" /><ent r="3" t="27" w="646" /><ent r="3" t="27" w="644" /><ent r="3" t="27" w="660" /><ent r="3" t="27" w="658" /><ent r="3" t="27" w="675" /><ent r="3" t="27" w="673" /><ent r="3" t="27" w="691" /><ent r="3" t="27" w="689" /><ent r="3" t="27" w="725" /><ent r="3" t="27" w="723" /><ent r="3" t="27" w="739" /><ent r="3" t="27" w="737" /><ent r="3" t="27" w="756" /><ent r="3" t="27" w="754" /><ent r="3" t="27" w="769" /><ent r="3" t="27" w="767" /><ent r="3" t="27" w="783" /><ent r="3" t="27" w="781" /><ent r="3" t="27" w="798" /><ent r="3" t="27" w="796" /><ent r="3" t="27" w="814" /><ent r="3" t="27" w="812" /><ent r="3" t="27" w="835" /><ent r="3" t="27" w="833" /><ent r="3" t="27" w="849" /><ent r="3" t="27" w="847" /><ent r="3" t="27" w="866" /><ent r="3" t="27" w="864" /><ent r="3" t="27" w="879" /><ent r="3" t="27" w="877" /><ent r="3" t="27" w="893" /><ent r="3" t="27" w="891" /><ent r="3" t="27" w="908" /><ent r="3" t="27" w="906" /><ent r="3" t="27" w="924" /><ent r="3" t="27" w="922" /><ent r="3" t="27" w="939" /><ent r="3" t="27" w="937" /><ent r="3" t="27" w="952" /><ent r="3" t="27" w="950" /><ent r="3" t="27" w="965" /><ent r="3" t="27" w="963" /><ent r="3" t="27" w="978" /><ent r="3" t="27" w="976" /><ent r="3" t="27" w="991" /><ent r="3" t="27" w="989" /><ent r="3" t="27" w="1004" /><ent r="3" t="27" w="1002" /><ent r="3" t="27" w="1024" /><ent r="3" t="27" w="1022" /><ent r="3" t="27" w="1031" /><ent r="3" t="27" w="1029" /><ent r="3" t="27" w="1048" /><ent r="3" t="27" w="1046" /><ent r="3" t="27" w="1061" /><ent r="3" t="27" w="1059" /><ent r="3" t="27" w="1075" /><ent r="3" t="27" w="1073" /><ent r="3" t="27" w="1090" /><ent r="3" t="27" w="1088" /><ent r="3" t="27" w="1106" /><ent r="3" t="27" w="1104" /><ent r="3" t="27" w="1178" /><ent r="3" t="27" w="1176" /><ent r="3" t="27" w="1192" /><ent r="3" t="27" w="1190" /><ent r="3" t="27" w="1206" /><ent r="3" t="27" w="1204" /><ent r="3" t="27" w="1223" /><ent r="3" t="27" w="1221" /><ent r="3" t="27" w="1238" /><ent r="3" t="27" w="1236" /><ent r="3" t="27" w="1254" /><ent r="3" t="27" w="1252" /><ent r="3" t="39" w="349" /><ent r="3" t="39" w="347" /><ent r="3" t="39" w="360" /><ent r="3" t="39" w="358" /><ent r="3" t="39" w="371" /><ent r="3" t="39" w="369" /><ent r="3" t="39" w="382" /><ent r="3" t="39" w="380" /><ent r="3" t="39" w="502" /><ent r="3" t="39" w="500" /><ent r="3" t="39" w="514" /><ent r="3" t="39" w="512" /><ent r="3" t="39" w="545" /><ent r="3" t="39" w="543" /><ent r="3" t="40" w="450" /><ent r="3" t="40" w="448" /><ent r="3" t="40" w="511" /><ent r="3" t="40" w="509" /><ent r="3" t="40" w="567" /><ent r="3" t="40" w="565" /><ent r="3" t="40" w="611" /><ent r="3" t="40" w="609" /><ent r="3" t="40" w="803" /><ent r="3" t="40" w="801" /><ent r="3" t="40" w="820" /><ent r="3" t="40" w="818" /><ent r="3" t="40" w="830" /><ent r="3" t="40" w="828" /><ent r="3" t="40" w="844" /><ent r="3" t="40" w="842" /><ent r="3" t="40" w="860" /><ent r="3" t="40" w="858" /><ent r="3" t="40" w="878" /><ent r="3" t="40" w="876" /><ent r="3" t="40" w="897" /><ent r="3" t="40" w="895" /><ent r="3" t="40" w="916" /><ent r="3" t="40" w="914" /><ent r="3" t="40" w="932" /><ent r="3" t="40" w="930" /><ent r="3" t="40" w="948" /><ent r="3" t="40" w="946" /><ent r="3" t="40" w="960" /><ent r="3" t="40" w="958" /><ent r="3" t="40" w="974" /><ent r="3" t="40" w="972" /><ent r="3" t="40" w="993" /><ent r="3" t="40" w="991" /><ent r="3" t="40" w="1011" /><ent r="3" t="40" w="1009" /><ent r="3" t="40" w="1027" /><ent r="3" t="40" w="1025" /><ent r="3" t="40" w="1045" /><ent r="3" t="40" w="1043" /><ent r="3" t="41" w="615" /><ent r="3" t="41" w="613" /><ent r="3" t="41" w="631" /><ent r="3" t="41" w="629" /><ent r="3" t="41" w="653" /><ent r="3" t="41" w="651" /><ent r="3" t="41" w="667" /><ent r="3" t="41" w="665" /><ent r="3" t="41" w="680" /><ent r="3" t="41" w="678" /></phr></stem><stem n="1.3.6.1"><phr n="1.3.6.1"><ent r="3" t="14" w="1585" /><ent r="3" t="14" w="1582" /><ent r="3" t="15" w="579" /><ent r="3" t="15" w="576" /><ent r="3" t="15" w="596" /><ent r="3" t="15" w="593" /><ent r="3" t="15" w="625" /><ent r="3" t="15" w="622" /><ent r="3" t="15" w="644" /><ent r="3" t="15" w="641" /><ent r="3" t="16" w="983" /><ent r="3" t="16" w="980" /><ent r="3" t="16" w="997" /><ent r="3" t="16" w="994" /><ent r="3" t="16" w="1013" /><ent r="3" t="16" w="1010" /><ent r="3" t="16" w="1029" /><ent r="3" t="16" w="1026" /><ent r="3" t="16" w="1724" /><ent r="3" t="16" w="1721" /><ent r="3" t="19" w="1176" /><ent r="3" t="19" w="1173" /><ent r="3" t="19" w="1185" /><ent r="3" t="19" w="1182" /><ent r="3" t="19" w="1319" /><ent r="3" t="19" w="1316" /><ent r="3" t="19" w="1336" /><ent r="3" t="19" w="1333" /><ent r="3" t="19" w="1353" /><ent r="3" t="19" w="1350" /><ent r="3" t="21" w="1837" /><ent r="3" t="21" w="1834" /><ent r="3" t="21" w="1857" /><ent r="3" t="21" w="1854" /><ent r="3" t="21" w="1879" /><ent r="3" t="21" w="1876" /><ent r="3" t="21" w="1899" /><ent r="3" t="21" w="1896" /><ent r="3" t="21" w="1921" /><ent r="3" t="21" w="1918" /><ent r="3" t="21" w="1943" /><ent r="3" t="21" w="1940" /><ent r="4" t="21" w="2674" /><ent r="4" t="21" w="2671" /><ent r="4" t="21" w="2727" /><ent r="4" t="21" w="2724" /><ent r="3" t="23" w="492" /><ent r="3" t="23" w="489" /><ent r="3" t="23" w="518" /><ent r="3" t="23" w="515" /><ent r="3" t="24" w="124" /><ent r="3" t="24" w="121" /><ent r="3" t="24" w="194" /><ent r="3" t="24" w="191" /><ent r="3" t="24" w="905" /><ent r="3" t="24" w="902" /><ent r="3" t="25" w="880" /><ent r="3" t="25" w="877" /><ent r="3" t="25" w="914" /><ent r="3" t="25" w="911" /><ent r="3" t="26" w="78" /><ent r="3" t="26" w="75" /><ent r="3" t="26" w="111" /><ent r="3" t="26" w="108" /><ent r="3" t="26" w="120" /><ent r="3" t="26" w="117" /><ent r="3" t="26" w="130" /><ent r="3" t="26" w="127" /><ent r="4" t="26" w="214" /><ent r="4" t="26" w="211" /><ent r="4" t="26" w="273" /><ent r="4" t="26" w="270" /><ent r="4" t="26" w="283" /><ent r="4" t="26" w="280" /><ent r="3" t="27" w="442" /><ent r="3" t="27" w="439" /><ent r="3" t="27" w="456" /><ent r="3" t="27" w="453" /><ent r="3" t="27" w="473" /><ent r="3" t="27" w="470" /><ent r="3" t="27" w="486" /><ent r="3" t="27" w="483" /><ent r="3" t="27" w="500" /><ent r="3" t="27" w="497" /><ent r="3" t="27" w="515" /><ent r="3" t="27" w="512" /><ent r="3" t="27" w="531" /><ent r="3" t="27" w="528" /><ent r="3" t="27" w="596" /><ent r="3" t="27" w="593" /><ent r="3" t="27" w="603" /><ent r="3" t="27" w="600" /><ent r="3" t="27" w="617" /><ent r="3" t="27" w="614" /><ent r="3" t="27" w="634" /><ent r="3" t="27" w="631" /><ent r="3" t="27" w="647" /><ent r="3" t="27" w="644" /><ent r="3" t="27" w="661" /><ent r="3" t="27" w="658" /><ent r="3" t="27" w="676" /><ent r="3" t="27" w="673" /><ent r="3" t="27" w="692" /><ent r="3" t="27" w="689" /><ent r="3" t="27" w="726" /><ent r="3" t="27" w="723" /><ent r="3" t="27" w="740" /><ent r="3" t="27" w="737" /><ent r="3" t="27" w="757" /><ent r="3" t="27" w="754" /><ent r="3" t="27" w="770" /><ent r="3" t="27" w="767" /><ent r="3" t="27" w="784" /><ent r="3" t="27" w="781" /><ent r="3" t="27" w="799" /><ent r="3" t="27" w="796" /><ent r="3" t="27" w="815" /><ent r="3" t="27" w="812" /><ent r="3" t="27" w="836" /><ent r="3" t="27" w="833" /><ent r="3" t="27" w="850" /><ent r="3" t="27" w="847" /><ent r="3" t="27" w="867" /><ent r="3" t="27" w="864" /><ent r="3" t="27" w="880" /><ent r="3" t="27" w="877" /><ent r="3" t="27" w="894" /><ent r="3" t="27" w="891" /><ent r="3" t="27" w="909" /><ent r="3" t="27" w="906" /><ent r="3" t="27" w="925" /><ent r="3" t="27" w="922" /><ent r="3" t="27" w="940" /><ent r="3" t="27" w="937" /><ent r="3" t="27" w="953" /><ent r="3" t="27" w="950" /><ent r="3" t="27" w="966" /><ent r="3" t="27" w="963" /><ent r="3" t="27" w="979" /><ent r="3" t="27" w="976" /><ent r="3" t="27" w="992" /><ent r="3" t="27" w="989" /><ent r="3" t="27" w="1005" /><ent r="3" t="27" w="1002" /><ent r="3" t="27" w="1025" /><ent r="3" t="27" w="1022" /><ent r="3" t="27" w="1032" /><ent r="3" t="27" w="1029" /><ent r="3" t="27" w="1049" /><ent r="3" t="27" w="1046" /><ent r="3" t="27" w="1062" /><ent r="3" t="27" w="1059" /><ent r="3" t="27" w="1076" /><ent r="3" t="27" w="1073" /><ent r="3" t="27" w="1091" /><ent r="3" t="27" w="1088" /><ent r="3" t="27" w="1107" /><ent r="3" t="27" w="1104" /><ent r="3" t="27" w="1179" /><ent r="3" t="27" w="1176" /><ent r="3" t="27" w="1193" /><ent r="3" t="27" w="1190" /><ent r="3" t="27" w="1207" /><ent r="3" t="27" w="1204" /><ent r="3" t="27" w="1224" /><ent r="3" t="27" w="1221" /><ent r="3" t="27" w="1239" /><ent r="3" t="27" w="1236" /><ent r="3" t="27" w="1255" /><ent r="3" t="27" w="1252" /><ent r="3" t="39" w="350" /><ent r="3" t="39" w="347" /><ent r="3" t="39" w="361" /><ent r="3" t="39" w="358" /><ent r="3" t="39" w="372" /><ent r="3" t="39" w="369" /><ent r="3" t="39" w="383" /><ent r="3" t="39" w="380" /><ent r="3" t="39" w="503" /><ent r="3" t="39" w="500" /><ent r="3" t="39" w="515" /><ent r="3" t="39" w="512" /><ent r="3" t="39" w="546" /><ent r="3" t="39" w="543" /><ent r="3" t="40" w="451" /><ent r="3" t="40" w="448" /><ent r="3" t="40" w="512" /><ent r="3" t="40" w="509" /><ent r="3" t="40" w="568" /><ent r="3" t="40" w="565" /><ent r="3" t="40" w="612" /><ent r="3" t="40" w="609" /><ent r="3" t="40" w="804" /><ent r="3" t="40" w="801" /><ent r="3" t="40" w="821" /><ent r="3" t="40" w="818" /><ent r="3" t="40" w="831" /><ent r="3" t="40" w="828" /><ent r="3" t="40" w="845" /><ent r="3" t="40" w="842" /><ent r="3" t="40" w="861" /><ent r="3" t="40" w="858" /><ent r="3" t="40" w="879" /><ent r="3" t="40" w="876" /><ent r="3" t="40" w="898" /><ent r="3" t="40" w="895" /><ent r="3" t="40" w="917" /><ent r="3" t="40" w="914" /><ent r="3" t="40" w="933" /><ent r="3" t="40" w="930" /><ent r="3" t="40" w="949" /><ent r="3" t="40" w="946" /><ent r="3" t="40" w="961" /><ent r="3" t="40" w="958" /><ent r="3" t="40" w="975" /><ent r="3" t="40" w="972" /><ent r="3" t="40" w="994" /><ent r="3" t="40" w="991" /><ent r="3" t="40" w="1012" /><ent r="3" t="40" w="1009" /><ent r="3" t="40" w="1028" /><ent r="3" t="40" w="1025" /><ent r="3" t="40" w="1046" /><ent r="3" t="40" w="1043" /><ent r="3" t="41" w="616" /><ent r="3" t="41" w="613" /><ent r="3" t="41" w="632" /><ent r="3" t="41" w="629" /><ent r="3" t="41" w="654" /><ent r="3" t="41" w="651" /><ent r="3" t="41" w="668" /><ent r="3" t="41" w="665" /><ent r="3" t="41" w="681" /><ent r="3" t="41" w="678" /></phr></stem><stem n="1.3.6.1.2"><phr n="1.3.6.1.2"><ent r="3" t="14" w="1586" /><ent r="3" t="14" w="1582" /><ent r="3" t="15" w="580" /><ent r="3" t="15" w="576" /><ent r="3" t="15" w="597" /><ent r="3" t="15" w="593" /><ent r="3" t="15" w="626" /><ent r="3" t="15" w="622" /><ent r="3" t="15" w="645" /><ent r="3" t="15" w="641" /><ent r="3" t="16" w="984" /><ent r="3" t="16" w="980" /><ent r="3" t="16" w="998" /><ent r="3" t="16" w="994" /><ent r="3" t="16" w="1014" /><ent r="3" t="16" w="1010" /><ent r="3" t="16" w="1030" /><ent r="3" t="16" w="1026" /><ent r="3" t="16" w="1725" /><ent r="3" t="16" w="1721" /><ent r="3" t="21" w="1838" /><ent r="3" t="21" w="1834" /><ent r="3" t="21" w="1858" /><ent r="3" t="21" w="1854" /><ent r="3" t="21" w="1880" /><ent r="3" t="21" w="1876" /><ent r="3" t="21" w="1900" /><ent r="3" t="21" w="1896" /><ent r="3" t="21" w="1922" /><ent r="3" t="21" w="1918" /><ent r="3" t="21" w="1944" /><ent r="3" t="21" w="1940" /><ent r="4" t="21" w="2675" /><ent r="4" t="21" w="2671" /><ent r="4" t="21" w="2728" /><ent r="4" t="21" w="2724" /><ent r="3" t="23" w="493" /><ent r="3" t="23" w="489" /><ent r="3" t="23" w="519" /><ent r="3" t="23" w="515" /><ent r="3" t="24" w="125" /><ent r="3" t="24" w="121" /><ent r="3" t="24" w="906" /><ent r="3" t="24" w="902" /><ent r="3" t="39" w="351" /><ent r="3" t="39" w="347" /><ent r="3" t="39" w="362" /><ent r="3" t="39" w="358" /><ent r="3" t="39" w="384" /><ent r="3" t="39" w="380" /><ent r="3" t="39" w="504" /><ent r="3" t="39" w="500" /><ent r="3" t="39" w="516" /><ent r="3" t="39" w="512" /><ent r="3" t="39" w="547" /><ent r="3" t="39" w="543" /><ent r="3" t="40" w="452" /><ent r="3" t="40" w="448" /><ent r="3" t="40" w="513" /><ent r="3" t="40" w="509" /><ent r="3" t="40" w="569" /><ent r="3" t="40" w="565" /><ent r="3" t="40" w="613" /><ent r="3" t="40" w="609" /><ent r="3" t="40" w="805" /><ent r="3" t="40" w="801" /><ent r="3" t="40" w="822" /><ent r="3" t="40" w="818" /><ent r="3" t="40" w="846" /><ent r="3" t="40" w="842" /><ent r="3" t="40" w="862" /><ent r="3" t="40" w="858" /><ent r="3" t="40" w="880" /><ent r="3" t="40" w="876" /><ent r="3" t="40" w="899" /><ent r="3" t="40" w="895" /><ent r="3" t="40" w="918" /><ent r="3" t="40" w="914" /><ent r="3" t="40" w="934" /><ent r="3" t="40" w="930" /><ent r="3" t="40" w="950" /><ent r="3" t="40" w="946" /><ent r="3" t="40" w="962" /><ent r="3" t="40" w="958" /><ent r="3" t="40" w="976" /><ent r="3" t="40" w="972" /><ent r="3" t="40" w="995" /><ent r="3" t="40" w="991" /><ent r="3" t="40" w="1013" /><ent r="3" t="40" w="1009" /><ent r="3" t="40" w="1029" /><ent r="3" t="40" w="1025" /><ent r="3" t="40" w="1047" /><ent r="3" t="40" w="1043" /><ent r="3" t="41" w="617" /><ent r="3" t="41" w="613" /><ent r="3" t="41" w="633" /><ent r="3" t="41" w="629" /><ent r="3" t="41" w="655" /><ent r="3" t="41" w="651" /><ent r="3" t="41" w="669" /><ent r="3" t="41" w="665" /><ent r="3" t="41" w="682" /><ent r="3" t="41" w="678" /></phr></stem><stem n="1.3.6.1.2.1"><phr n="1.3.6.1.2.1"><ent r="3" t="14" w="1587" /><ent r="3" t="14" w="1582" /><ent r="3" t="15" w="581" /><ent r="3" t="15" w="576" /><ent r="3" t="15" w="598" /><ent r="3" t="15" w="593" /><ent r="3" t="15" w="627" /><ent r="3" t="15" w="622" /><ent r="3" t="15" w="646" /><ent r="3" t="15" w="641" /><ent r="3" t="16" w="985" /><ent r="3" t="16" w="980" /><ent r="3" t="16" w="999" /><ent r="3" t="16" w="994" /><ent r="3" t="16" w="1015" /><ent r="3" t="16" w="1010" /><ent r="3" t="16" w="1031" /><ent r="3" t="16" w="1026" /><ent r="3" t="16" w="1726" /><ent r="3" t="16" w="1721" /><ent r="3" t="21" w="1839" /><ent r="3" t="21" w="1834" /><ent r="3" t="21" w="1859" /><ent r="3" t="21" w="1854" /><ent r="3" t="21" w="1881" /><ent r="3" t="21" w="1876" /><ent r="3" t="21" w="1901" /><ent r="3" t="21" w="1896" /><ent r="3" t="21" w="1923" /><ent r="3" t="21" w="1918" /><ent r="3" t="21" w="1945" /><ent r="3" t="21" w="1940" /><ent r="4" t="21" w="2676" /><ent r="4" t="21" w="2671" /><ent r="4" t="21" w="2729" /><ent r="4" t="21" w="2724" /><ent r="3" t="23" w="494" /><ent r="3" t="23" w="489" /><ent r="3" t="23" w="520" /><ent r="3" t="23" w="515" /><ent r="3" t="24" w="126" /><ent r="3" t="24" w="121" /><ent r="3" t="24" w="907" /><ent r="3" t="24" w="902" /><ent r="3" t="39" w="352" /><ent r="3" t="39" w="347" /><ent r="3" t="39" w="363" /><ent r="3" t="39" w="358" /><ent r="3" t="39" w="385" /><ent r="3" t="39" w="380" /><ent r="3" t="39" w="505" /><ent r="3" t="39" w="500" /><ent r="3" t="39" w="517" /><ent r="3" t="39" w="512" /><ent r="3" t="39" w="548" /><ent r="3" t="39" w="543" /><ent r="3" t="40" w="453" /><ent r="3" t="40" w="448" /><ent r="3" t="40" w="514" /><ent r="3" t="40" w="509" /><ent r="3" t="40" w="570" /><ent r="3" t="40" w="565" /><ent r="3" t="40" w="614" /><ent r="3" t="40" w="609" /><ent r="3" t="40" w="806" /><ent r="3" t="40" w="801" /><ent r="3" t="40" w="823" /><ent r="3" t="40" w="818" /><ent r="3" t="40" w="847" /><ent r="3" t="40" w="842" /><ent r="3" t="40" w="863" /><ent r="3" t="40" w="858" /><ent r="3" t="40" w="881" /><ent r="3" t="40" w="876" /><ent r="3" t="40" w="900" /><ent r="3" t="40" w="895" /><ent r="3" t="40" w="919" /><ent r="3" t="40" w="914" /><ent r="3" t="40" w="935" /><ent r="3" t="40" w="930" /><ent r="3" t="40" w="951" /><ent r="3" t="40" w="946" /><ent r="3" t="40" w="963" /><ent r="3" t="40" w="958" /><ent r="3" t="40" w="977" /><ent r="3" t="40" w="972" /><ent r="3" t="40" w="996" /><ent r="3" t="40" w="991" /><ent r="3" t="40" w="1014" /><ent r="3" t="40" w="1009" /><ent r="3" t="40" w="1030" /><ent r="3" t="40" w="1025" /><ent r="3" t="40" w="1048" /><ent r="3" t="40" w="1043" /><ent r="3" t="41" w="618" /><ent r="3" t="41" w="613" /><ent r="3" t="41" w="634" /><ent r="3" t="41" w="629" /><ent r="3" t="41" w="656" /><ent r="3" t="41" w="651" /><ent r="3" t="41" w="670" /><ent r="3" t="41" w="665" /><ent r="3" t="41" w="683" /><ent r="3" t="41" w="678" /></phr></stem><stem n="1.3.6.1.2.1.4"><phr n="1.3.6.1.2.1.4"><ent r="3" t="14" w="1588" /><ent r="3" t="14" w="1582" /><ent r="3" t="15" w="582" /><ent r="3" t="15" w="576" /><ent r="3" t="15" w="599" /><ent r="3" t="15" w="593" /><ent r="3" t="16" w="986" /><ent r="3" t="16" w="980" /><ent r="3" t="16" w="1000" /><ent r="3" t="16" w="994" /><ent r="3" t="21" w="1840" /><ent r="3" t="21" w="1834" /><ent r="3" t="21" w="1860" /><ent r="3" t="21" w="1854" /><ent r="3" t="21" w="1882" /><ent r="3" t="21" w="1876" /><ent r="3" t="21" w="1902" /><ent r="3" t="21" w="1896" /><ent r="3" t="21" w="1924" /><ent r="3" t="21" w="1918" /><ent r="3" t="21" w="1946" /><ent r="3" t="21" w="1940" /></phr></stem><stem n="1.3.6.1.2.1.4.20"><phr n="1.3.6.1.2.1.4.20"><ent r="3" t="14" w="1589" /><ent r="3" t="14" w="1582" /><ent r="3" t="21" w="1841" /><ent r="3" t="21" w="1834" /><ent r="3" t="21" w="1861" /><ent r="3" t="21" w="1854" /><ent r="3" t="21" w="1883" /><ent r="3" t="21" w="1876" /><ent r="3" t="21" w="1903" /><ent r="3" t="21" w="1896" /><ent r="3" t="21" w="1925" /><ent r="3" t="21" w="1918" /><ent r="3" t="21" w="1947" /><ent r="3" t="21" w="1940" /></phr></stem><stem n="1.3.6.1.2.1.4.20.1"><phr n="1.3.6.1.2.1.4.20.1"><ent r="3" t="14" w="1590" /><ent r="3" t="14" w="1582" /><ent r="3" t="21" w="1842" /><ent r="3" t="21" w="1834" /><ent r="3" t="21" w="1862" /><ent r="3" t="21" w="1854" /><ent r="3" t="21" w="1884" /><ent r="3" t="21" w="1876" /><ent r="3" t="21" w="1904" /><ent r="3" t="21" w="1896" /><ent r="3" t="21" w="1926" /><ent r="3" t="21" w="1918" /><ent r="3" t="21" w="1948" /><ent r="3" t="21" w="1940" /></phr></stem><stem n="1.3.6.1.2.1.4.20.1.1"><phr n="1.3.6.1.2.1.4.20.1.1"><ent r="3" t="14" w="1591" /><ent r="3" t="14" w="1582" /><ent r="3" t="21" w="1843" /><ent r="3" t="21" w="1834" /><ent r="3" t="21" w="1863" /><ent r="3" t="21" w="1854" /><ent r="3" t="21" w="1885" /><ent r="3" t="21" w="1876" /><ent r="3" t="21" w="1905" /><ent r="3" t="21" w="1896" /><ent r="3" t="21" w="1927" /><ent r="3" t="21" w="1918" /><ent r="3" t="21" w="1949" /><ent r="3" t="21" w="1940" /></phr></stem><stem n="1.3.6.1.2.1.4.20.1.1.10"><phr n="1.3.6.1.2.1.4.20.1.1.10"><ent r="3" t="14" w="1592" /><ent r="3" t="14" w="1582" /><ent r="3" t="21" w="1844" /><ent r="3" t="21" w="1834" /><ent r="3" t="21" w="1864" /><ent r="3" t="21" w="1854" /><ent r="3" t="21" w="1886" /><ent r="3" t="21" w="1876" /><ent r="3" t="21" w="1906" /><ent r="3" t="21" w="1896" /><ent r="3" t="21" w="1928" /><ent r="3" t="21" w="1918" /><ent r="3" t="21" w="1950" /><ent r="3" t="21" w="1940" /></phr></stem><stem n="1.3.6.1.2.1.4.20.1.1.10.10"><phr n="1.3.6.1.2.1.4.20.1.1.10.10"><ent r="3" t="14" w="1593" /><ent r="3" t="14" w="1582" /><ent r="3" t="21" w="1845" /><ent r="3" t="21" w="1834" /><ent r="3" t="21" w="1865" /><ent r="3" t="21" w="1854" /><ent r="3" t="21" w="1887" /><ent r="3" t="21" w="1876" /><ent r="3" t="21" w="1907" /><ent r="3" t="21" w="1896" /><ent r="3" t="21" w="1929" /><ent r="3" t="21" w="1918" /><ent r="3" t="21" w="1951" /><ent r="3" t="21" w="1940" /></phr></stem><stem n="1.3.6.1.2.1.4.20.1.1.10.10.2"><phr n="1.3.6.1.2.1.4.20.1.1.10.10.2"><ent r="3" t="14" w="1594" /><ent r="3" t="14" w="1582" /><ent r="3" t="21" w="1846" /><ent r="3" t="21" w="1834" /><ent r="3" t="21" w="1866" /><ent r="3" t="21" w="1854" /><ent r="3" t="21" w="1888" /><ent r="3" t="21" w="1876" /><ent r="3" t="21" w="1908" /><ent r="3" t="21" w="1896" /><ent r="3" t="21" w="1930" /><ent r="3" t="21" w="1918" /><ent r="3" t="21" w="1952" /><ent r="3" t="21" w="1940" /></phr></stem><stem n="1.3.6.1.2.1.4.20.1.1.10.10.2.20"><phr n="1.3.6.1.2.1.4.20.1.1.10.10.2.20"><ent r="3" t="14" w="1595" /><ent r="3" t="14" w="1582" /><ent r="3" t="21" w="1847" /><ent r="3" t="21" w="1834" /><ent r="3" t="21" w="1867" /><ent r="3" t="21" w="1854" /><ent r="3" t="21" w="1889" /><ent r="3" t="21" w="1876" /><ent r="3" t="21" w="1909" /><ent r="3" t="21" w="1896" /><ent r="3" t="21" w="1931" /><ent r="3" t="21" w="1918" /><ent r="3" t="21" w="1953" /><ent r="3" t="21" w="1940" /></phr></stem><stem n="{eval:subid(&quot;1.3.6.1.2.1.4.20.1.1.10.10.2.20&quot;,"><phr n="{eval:subid(&quot;1.3.6.1.2.1.4.20.1.1.10.10.2.20&quot;,"><ent r="3" t="14" w="1596" /></phr></stem><stem n="-4,"><phr n="-4,"><ent r="3" t="14" w="1597" /><ent r="3" t="14" w="1597" /><ent r="3" t="21" w="1869" /><ent r="3" t="21" w="1869" /><ent r="3" t="21" w="1911" /><ent r="3" t="21" w="1911" /><ent r="3" t="21" w="1979" /><ent r="3" t="21" w="1979" /></phr></stem><stem n=")}"><phr n=")}"><ent r="3" t="14" w="1598" /></phr></stem><stem n="10.10"><phr n="10.10"><ent r="3" t="14" w="1601" /><ent r="3" t="14" w="1600" /><ent r="3" t="21" w="1872" /><ent r="3" t="21" w="1871" /><ent r="3" t="21" w="1914" /><ent r="3" t="21" w="1913" /><ent r="3" t="40" w="473" /><ent r="3" t="40" w="472" /><ent r="3" t="40" w="506" /><ent r="3" t="40" w="505" /></phr></stem><stem n="10.10.2"><phr n="10.10.2"><ent r="3" t="14" w="1602" /><ent r="3" t="14" w="1600" /><ent r="3" t="21" w="1873" /><ent r="3" t="21" w="1871" /><ent r="3" t="21" w="1915" /><ent r="3" t="21" w="1913" /><ent r="3" t="40" w="474" /><ent r="3" t="40" w="472" /><ent r="3" t="40" w="507" /><ent r="3" t="40" w="505" /></phr></stem><stem n="10.10.2.20"><phr n="10.10.2.20"><ent r="3" t="14" w="1603" /><ent r="3" t="14" w="1600" /><ent r="3" t="21" w="1874" /><ent r="3" t="21" w="1871" /><ent r="3" t="21" w="1916" /><ent r="3" t="21" w="1913" /><ent r="3" t="40" w="475" /><ent r="3" t="40" w="472" /><ent r="3" t="40" w="508" /><ent r="3" t="40" w="505" /></phr></stem><stem n="=&quot;10.10.2.20&quot;"><phr n="=&quot;10.10.2.20&quot;"><ent r="3" t="14" w="1604" /></phr></stem><stem n="test123"><phr n="test123"><ent r="3" t="14" w="1610" /></phr></stem><stem n="&quot;test123&quot;"><phr n="&quot;test123&quot;"><ent r="3" t="14" w="1611" /></phr></stem><stem n="=~"><phr n="=~"><ent r="3" t="14" w="1611" /><ent r="4" t="17" w="365" /><ent r="4" t="21" w="2685" /><ent r="3" t="22" w="74" /><ent r="3" t="22" w="82" /></phr></stem><stem n="~"><phr n="~"><ent r="3" t="14" w="1611" /><ent r="4" t="17" w="365" /><ent r="4" t="17" w="367" /><ent r="4" t="21" w="383" /><ent r="4" t="21" w="384" /><ent r="4" t="21" w="2685" /><ent r="6" t="21" w="2761" /><ent r="3" t="22" w="74" /><ent r="3" t="22" w="82" /></phr></stem><stem n="^te"><phr n="^te"><ent r="3" t="14" w="1612" /></phr></stem><stem n="st"><phr n="st"><ent r="3" t="14" w="1613" /><ent r="3" t="14" w="1622" /></phr></stem><stem n="0-9"><phr n="0-9"><ent r="3" t="14" w="1614" /><ent r="3" t="30" w="869" /><ent r="3" t="30" w="890" /><ent r="3" t="30" w="906" /></phr></stem><stem n="&quot;^te([st]*)([0-9]*)&quot;;"><phr n="&quot;^te([st]*)([0-9]*)&quot;;"><ent r="3" t="14" w="1616" /></phr></stem></index>