﻿<?xml version="1.0" encoding="utf-8"?><index><stem n="co"><phr n="Cos"><ent r="100" t="21" w="541" /></phr><phr n="cos"><ent r="4" t="21" w="543" /></phr></stem><stem n="cosin"><phr n="cosine"><ent r="4" t="21" w="545" /></phr></stem><stem n="tan"><phr n="tan"><ent r="4" t="21" w="554" /></phr></stem><stem n="tangent"><phr n="tangent"><ent r="4" t="21" w="556" /></phr></stem><stem n=":pi"><phr n=":PI"><ent r="100" t="21" w="566" /></phr></stem><stem n="()"><phr n="()"><ent r="4" t="21" w="571" /><ent r="4" t="21" w="640" /><ent r="3" t="21" w="2549" /></phr></stem><stem n="3.14159"><phr n="3.14159"><ent r="4" t="21" w="577" /><ent r="4" t="21" w="576" /><ent r="3" t="21" w="948" /><ent r="3" t="21" w="947" /></phr></stem><stem n="14159"><phr n="14159"><ent r="4" t="21" w="577" /><ent r="3" t="21" w="948" /></phr></stem><stem n="3.14159."><phr n="3.14159."><ent r="4" t="21" w="577" /><ent r="4" t="21" w="576" /></phr></stem><stem n=".14159...)"><phr n=".14159...)"><ent r="4" t="21" w="578" /></phr></stem><stem n="pow"><phr n="pow"><ent r="4" t="21" w="579" /></phr></stem><stem n="sqrt"><phr n="Sqrt"><ent r="100" t="21" w="589" /></phr><phr n="sqrt"><ent r="4" t="21" w="591" /></phr></stem><stem n="squar"><phr n="square"><ent r="4" t="21" w="593" /></phr></stem><stem n="root"><phr n="root"><ent r="4" t="21" w="594" /></phr></stem><stem n="'x',"><phr n="'x',"><ent r="4" t="21" w="606" /></phr></stem><stem n="natur"><phr n="natural"><ent r="4" t="21" w="613" /><ent r="4" t="21" w="618" /></phr></stem><stem n="logarithm"><phr n="logarithms"><ent r="4" t="21" w="614" /></phr><phr n="logarithm"><ent r="4" t="21" w="619" /><ent r="4" t="21" w="626" /></phr></stem><stem n="'y',"><phr n="'y',"><ent r="4" t="21" w="632" /></phr></stem><stem n="januari"><phr n="January"><ent r="4" t="21" w="645" /></phr></stem><stem n="1970"><phr n="1970"><ent r="4" t="21" w="646" /><ent r="4" t="21" w="765" /><ent r="3" t="21" w="1492" /><ent r="3" t="21" w="1738" /></phr></stem><stem n="utc"><phr n="UTC"><ent r="4" t="21" w="647" /><ent r="4" t="21" w="764" /><ent r="3" t="21" w="1491" /><ent r="3" t="21" w="1737" /><ent r="3" t="41" w="387" /><ent r="3" t="41" w="398" /></phr></stem><stem n="(str)"><phr n="(str)"><ent r="4" t="21" w="662" /><ent r="4" t="21" w="692" /></phr></stem><stem n="strlen"><phr n="Strlen"><ent r="100" t="21" w="687" /></phr><phr n="strlen"><ent r="65" t="21" w="689" /><ent r="82" t="21" w="953" /><ent r="3" t="21" w="956" /><ent r="3" t="21" w="984" /><ent r="3" t="21" w="988" /></phr></stem><stem n="'str'"><phr n="'str'"><ent r="4" t="21" w="701" /></phr></stem><stem n="...)"><phr n="...)"><ent r="4" t="21" w="717" /></phr></stem><stem n="'fmt'."><phr n="'fmt'."><ent r="4" t="21" w="724" /><ent r="4" t="21" w="751" /><ent r="3" t="21" w="1470" /></phr></stem><stem n="'fmt'"><phr n="'fmt'"><ent r="4" t="21" w="727" /><ent r="3" t="21" w="1473" /></phr></stem><stem n="'%'."><phr n="'%'."><ent r="4" t="21" w="733" /><ent r="3" t="21" w="1020" /><ent r="3" t="21" w="1479" /></phr></stem><stem n="strftime"><phr n="Strftime"><ent r="100" t="21" w="736" /></phr><phr n="strftime"><ent r="65" t="21" w="738" /><ent r="82" t="21" w="1454" /><ent r="3" t="21" w="1457" /><ent r="3" t="21" w="1676" /><ent r="3" t="21" w="1700" /><ent r="3" t="21" w="1711" /><ent r="3" t="21" w="1772" /><ent r="3" t="21" w="1776" /></phr></stem><stem n="[secs])"><phr n="[secs])"><ent r="4" t="21" w="742" /></phr></stem><stem n="/time"><phr n="/time"><ent r="4" t="21" w="745" /><ent r="4" t="21" w="771" /><ent r="3" t="21" w="1464" /><ent r="3" t="21" w="1744" /></phr></stem><stem n="date/tim"><phr n="date/time"><ent r="4" t="21" w="745" /><ent r="4" t="21" w="744" /><ent r="4" t="21" w="771" /><ent r="4" t="21" w="770" /><ent r="3" t="21" w="1464" /><ent r="3" t="21" w="1463" /><ent r="3" t="21" w="1744" /><ent r="3" t="21" w="1743" /></phr></stem><stem n="strptime"><phr n="Strptime"><ent r="100" t="21" w="752" /></phr><phr n="strptime"><ent r="65" t="21" w="754" /><ent r="82" t="21" w="1724" /><ent r="3" t="21" w="1727" /><ent r="3" t="21" w="1778" /></phr></stem><stem n="(oid,"><phr n="(oid,"><ent r="4" t="21" w="784" /><ent r="3" t="21" w="1790" /></phr></stem><stem n="-oid"><phr n="-OIDs"><ent r="4" t="21" w="790" /><ent r="4" t="21" w="790" /><ent r="3" t="21" w="1797" /><ent r="3" t="21" w="1797" /><ent r="100" t="40" w="67" /><ent r="100" t="40" w="67" /><ent r="5" t="40" w="171" /><ent r="5" t="40" w="171" /></phr></stem><stem n="sub-oid"><phr n="sub-OIDs"><ent r="4" t="21" w="790" /><ent r="3" t="21" w="1797" /></phr></stem><stem n="substr"><phr n="Substr"><ent r="100" t="21" w="807" /></phr><phr n="substr"><ent r="65" t="21" w="809" /><ent r="82" t="21" w="1994" /><ent r="3" t="21" w="1997" /><ent r="100" t="21" w="2009" /><ent r="3" t="21" w="2012" /><ent r="5" t="21" w="2158" /><ent r="3" t="21" w="2163" /><ent r="3" t="21" w="2169" /><ent r="3" t="21" w="2176" /><ent r="3" t="21" w="2183" /><ent r="3" t="47" w="726" /><ent r="3" t="47" w="735" /><ent r="3" t="47" w="739" /><ent r="3" t="47" w="779" /><ent r="3" t="47" w="788" /><ent r="3" t="47" w="792" /></phr><phr n="Substring"><ent r="100" t="21" w="2028" /><ent r="100" t="21" w="2030" /><ent r="100" t="32" w="312" /></phr><phr n="substring"><ent r="100" t="21" w="2036" /><ent r="3" t="21" w="2040" /><ent r="3" t="21" w="2050" /><ent r="4" t="21" w="2073" /><ent r="4" t="21" w="2092" /><ent r="3" t="32" w="325" /><ent r="3" t="32" w="361" /><ent r="3" t="32" w="380" /><ent r="3" t="32" w="399" /></phr></stem><stem n="offset"><phr n="offset"><ent r="4" t="21" w="812" /><ent r="4" t="21" w="2003" /><ent r="4" t="21" w="2018" /><ent r="4" t="21" w="2056" /><ent r="5" t="21" w="2068" /><ent r="5" t="21" w="2105" /><ent r="5" t="21" w="2140" /><ent r="4" t="30" w="1018" /><ent r="3" t="30" w="1188" /><ent r="3" t="30" w="1198" /></phr><phr n="Offsets"><ent r="100" t="30" w="972" /><ent r="100" t="30" w="1164" /><ent r="100" t="30" w="1175" /><ent r="82" t="30" w="1179" /></phr><phr n="offsets"><ent r="3" t="30" w="1005" /></phr></stem><stem n="unpack"><phr n="unpack"><ent r="65" t="21" w="815" /><ent r="82" t="21" w="2190" /><ent r="3" t="21" w="2193" /><ent r="4" t="21" w="2235" /><ent r="5" t="21" w="2269" /><ent r="5" t="21" w="2280" /><ent r="3" t="21" w="2488" /><ent r="3" t="21" w="2494" /><ent r="3" t="21" w="2503" /><ent r="3" t="21" w="2512" /><ent r="3" t="21" w="2522" /><ent r="3" t="21" w="2529" /><ent r="3" t="21" w="2534" /><ent r="3" t="21" w="2548" /></phr><phr n="unpacked"><ent r="3" t="21" w="2231" /><ent r="4" t="21" w="2252" /></phr></stem><stem n="binari"><phr n="binary"><ent r="4" t="21" w="817" /><ent r="4" t="33" w="718" /><ent r="3" t="41" w="495" /><ent r="3" t="44" w="94" /><ent r="3" t="44" w="413" /><ent r="3" t="44" w="512" /><ent r="3" t="45" w="406" /></phr></stem><stem n="(variable:string):integer;"><phr n="(variable:STRING):INTEGER;"><ent r="3" t="21" w="848" /></phr></stem><stem n="(it"><phr n="(it"><ent r="3" t="21" w="866" /><ent r="3" t="27" w="426" /><ent r="3" t="27" w="579" /></phr><phr n="(its"><ent r="3" t="51" w="387" /></phr></stem><stem n="var2"><phr n="var2"><ent r="3" t="21" w="890" /><ent r="3" t="25" w="1043" /><ent r="3" t="30" w="848" /><ent r="3" t="30" w="889" /><ent r="3" t="30" w="899" /></phr></stem><stem n="(&quot;var2&quot;)"><phr n="(&quot;var2&quot;)"><ent r="3" t="21" w="891" /></phr></stem><stem n="&quot;$var2"><phr n="&quot;$var2"><ent r="3" t="21" w="892" /><ent r="3" t="21" w="895" /></phr></stem><stem n="undefin"><phr n="undefined"><ent r="3" t="21" w="897" /><ent r="3" t="25" w="940" /><ent r="3" t="39" w="66" /><ent r="3" t="39" w="161" /></phr><phr n="Undefined"><ent r="92" t="39" w="37" /><ent r="3" t="39" w="139" /></phr></stem><stem n="(x:double,"><phr n="(x:DOUBLE,"><ent r="3" t="21" w="905" /></phr></stem><stem n=":integer):double;"><phr n=":INTEGER):DOUBLE;"><ent r="3" t="21" w="908" /></phr></stem><stem n="(x:double):integer;"><phr n="(x:DOUBLE):INTEGER;"><ent r="3" t="21" w="914" /></phr></stem><stem n="8.6"><phr n="8.6"><ent r="3" t="21" w="943" /><ent r="3" t="21" w="942" /></phr></stem><stem n="(8.6)"><phr n="(8.6)"><ent r="3" t="21" w="944" /></phr></stem><stem n="3.14159,"><phr n="3.14159,"><ent r="3" t="21" w="948" /><ent r="3" t="21" w="947" /></phr></stem><stem n="(3.14159,"><phr n="(3.14159,"><ent r="3" t="21" w="949" /></phr></stem><stem n=".142"><phr n=".142"><ent r="3" t="21" w="951" /></phr></stem><stem n="3.142"><phr n="3.142"><ent r="3" t="21" w="951" /><ent r="3" t="21" w="950" /></phr></stem><stem n="142"><phr n="142"><ent r="3" t="21" w="951" /></phr></stem><stem n="(str[,"><phr n="(str[,"><ent r="3" t="21" w="958" /></phr></stem><stem n="...])"><phr n="...])"><ent r="3" t="21" w="958" /></phr></stem><stem n="&quot;dartware&quot;"><phr n="&quot;Dartware&quot;"><ent r="3" t="21" w="986" /><ent r="3" t="21" w="1204" /><ent r="3" t="21" w="1211" /><ent r="3" t="21" w="1215" /><ent r="3" t="21" w="1252" /><ent r="3" t="21" w="1261" /><ent r="3" t="21" w="1442" /></phr></stem><stem n="&quot;dartware&quot;,"><phr n="&quot;Dartware&quot;,"><ent r="3" t="21" w="990" /></phr></stem><stem n="2000"><phr n="2000"><ent r="3" t="21" w="990" /><ent r="3" t="28" w="58" /><ent r="3" t="32" w="103" /><ent r="3" t="40" w="779" /><ent r="3" t="41" w="551" /><ent r="3" t="41" w="570" /><ent r="3" t="41" w="574" /><ent r="3" t="41" w="576" /><ent r="3" t="41" w="598" /></phr></stem><stem n="&quot;2000&quot;"><phr n="&quot;2000&quot;"><ent r="3" t="21" w="991" /></phr></stem><stem n="ascii"><phr n="ascii"><ent r="4" t="21" w="1032" /><ent r="4" t="21" w="1085" /></phr></stem><stem n="o"><phr n="o"><ent r="4" t="21" w="1043" /><ent r="3" t="40" w="86" /><ent r="5" t="40" w="196" /><ent r="4" t="40" w="723" /><ent r="65" t="40" w="743" /><ent r="1000" t="41" w="4" /><ent r="102" t="41" w="10" /><ent r="4" t="41" w="43" /><ent r="4" t="41" w="52" /><ent r="3" t="41" w="77" /><ent r="3" t="41" w="105" /><ent r="3" t="41" w="150" /><ent r="3" t="41" w="172" /></phr><phr n="O"><ent r="100" t="31" w="125" /><ent r="92" t="31" w="130" /><ent r="3" t="47" w="669" /><ent r="3" t="47" w="848" /></phr></stem><stem n="octal"><phr n="octal"><ent r="4" t="21" w="1048" /></phr><phr n="Octal"><ent r="100" t="30" w="525" /><ent r="5" t="30" w="528" /></phr></stem><stem n="(lower"><phr n="(lower"><ent r="4" t="21" w="1058" /></phr></stem><stem n="hexadcim"><phr n="hexadcimal"><ent r="4" t="21" w="1066" /></phr></stem><stem n="(upper"><phr n="(upper"><ent r="4" t="21" w="1068" /></phr></stem><stem n="upper"><phr n="upper"><ent r="4" t="21" w="1068" /></phr><phr n="UPPER"><ent r="100" t="30" w="289" /><ent r="4" t="30" w="299" /></phr></stem><stem n="(unsigned)"><phr n="(unsigned)"><ent r="4" t="21" w="1079" /></phr></stem><stem n="(nul"><phr n="(NUL"><ent r="4" t="21" w="1087" /></phr></stem><stem n="nul"><phr n="NUL"><ent r="4" t="21" w="1087" /></phr></stem><stem n="':'"><phr n="':'"><ent r="4" t="21" w="1101" /></phr></stem><stem n="(fix"><phr n="(fixed"><ent r="4" t="21" w="1109" /></phr></stem><stem n="fix"><phr n="fixed"><ent r="4" t="21" w="1109" /></phr></stem><stem n="(scientif"><phr n="(scientific"><ent r="4" t="21" w="1119" /></phr></stem><stem n="scientif"><phr n="scientific"><ent r="4" t="21" w="1119" /></phr></stem><stem n="notat"><phr n="notation"><ent r="4" t="21" w="1120" /><ent r="3" t="23" w="1189" /><ent r="3" t="23" w="1404" /><ent r="3" t="24" w="1090" /><ent r="3" t="28" w="44" /><ent r="3" t="30" w="996" /></phr></stem><stem n="(easi"><phr n="(easy"><ent r="4" t="21" w="1129" /></phr></stem><stem n="sign"><phr n="sign"><ent r="4" t="21" w="1136" /><ent r="4" t="21" w="1673" /><ent r="3" t="24" w="702" /><ent r="4" t="30" w="948" /><ent r="4" t="30" w="1009" /><ent r="4" t="30" w="1282" /></phr><phr n="signed"><ent r="6" t="21" w="2374" /><ent r="6" t="21" w="2392" /><ent r="6" t="21" w="2410" /></phr></stem><stem n="[-]"><phr n="[-]"><ent r="3" t="21" w="1147" /></phr></stem><stem n="&lt;width&gt;"><phr n="&lt;width&gt;"><ent r="3" t="21" w="1147" /></phr></stem><stem n="[&lt;width&gt;]"><phr n="[&lt;width&gt;]"><ent r="3" t="21" w="1148" /></phr></stem><stem n="[."><phr n="[."><ent r="3" t="21" w="1148" /></phr></stem><stem n="&lt;precision&gt;"><phr n="&lt;precision&gt;"><ent r="3" t="21" w="1148" /><ent r="3" t="21" w="1276" /><ent r="3" t="21" w="1348" /></phr></stem><stem n="&lt;code&gt;"><phr n="&lt;code&gt;"><ent r="3" t="21" w="1149" /><ent r="3" t="37" w="589" /></phr></stem><stem n="%s,"><phr n="%s,"><ent r="3" t="21" w="1159" /><ent r="3" t="21" w="1240" /></phr></stem><stem n="less"><phr n="less"><ent r="3" t="21" w="1186" /></phr></stem><stem n="pad"><phr n="padded"><ent r="3" t="21" w="1195" /><ent r="4" t="21" w="2261" /></phr><phr n="padding"><ent r="3" t="21" w="1224" /><ent r="3" t="21" w="1288" /><ent r="3" t="21" w="2357" /><ent r="3" t="21" w="2363" /></phr><phr n="pads"><ent r="5" t="55" w="1095" /></phr></stem><stem n="&quot;%10s&quot;,"><phr n="&quot;%10s&quot;,"><ent r="3" t="21" w="1203" /></phr></stem><stem n="&quot;%s&quot;,"><phr n="&quot;%s&quot;,"><ent r="3" t="21" w="1210" /></phr></stem><stem n="'-'"><phr n="'-'"><ent r="3" t="21" w="1245" /></phr></stem><stem n="'%':"><phr n="'%':"><ent r="3" t="21" w="1248" /></phr></stem><stem n="&quot;%-10s&quot;,"><phr n="&quot;%-10s&quot;,"><ent r="3" t="21" w="1251" /></phr></stem><stem n="&quot;dartwar"><phr n="&quot;Dartware"><ent r="3" t="21" w="1255" /></phr></stem><stem n="10.4"><phr n="10.4s"><ent r="3" t="21" w="1259" /><ent r="3" t="21" w="1258" /></phr><phr n="10.4"><ent r="3" t="41" w="512" /><ent r="3" t="41" w="511" /></phr></stem><stem n="4s"><phr n="4s"><ent r="3" t="21" w="1259" /></phr></stem><stem n="&quot;%-10.4s&quot;,"><phr n="&quot;%-10.4s&quot;,"><ent r="3" t="21" w="1260" /></phr></stem><stem n="&quot;dart"><phr n="&quot;Dart"><ent r="3" t="21" w="1264" /></phr></stem><stem n="dart"><phr n="Dart"><ent r="3" t="21" w="1264" /></phr></stem><stem n="0'"><phr n="0's"><ent r="3" t="21" w="1291" /><ent r="3" t="21" w="1290" /></phr></stem><stem n="5d"><phr n="5d"><ent r="3" t="21" w="1296" /><ent r="3" t="21" w="1304" /><ent r="3" t="21" w="1313" /></phr></stem><stem n="&quot;%5d&quot;,"><phr n="&quot;%5d&quot;,"><ent r="3" t="21" w="1297" /></phr></stem><stem n="&quot;%-5d&quot;,"><phr n="&quot;%-5d&quot;,"><ent r="3" t="21" w="1305" /></phr></stem><stem n="&quot;12"><phr n="&quot;12"><ent r="3" t="21" w="1309" /></phr></stem><stem n="6.5d"><phr n="6.5d"><ent r="3" t="21" w="1313" /><ent r="3" t="21" w="1312" /></phr></stem><stem n="&quot;%6.5d&quot;,"><phr n="&quot;%6.5d&quot;,"><ent r="3" t="21" w="1314" /></phr></stem><stem n="00012"><phr n="00012"><ent r="3" t="21" w="1317" /></phr></stem><stem n="2x"><phr n="2X"><ent r="3" t="21" w="1320" /></phr><phr n="2x"><ent r="3" t="21" w="1329" /></phr></stem><stem n="&quot;%-2x&quot;,"><phr n="&quot;%-2X&quot;,"><ent r="3" t="21" w="1321" /></phr></stem><stem n="&quot;f"><phr n="&quot;F"><ent r="3" t="21" w="1325" /></phr></stem><stem n="2.2x"><phr n="2.2x"><ent r="3" t="21" w="1329" /><ent r="3" t="21" w="1328" /></phr></stem><stem n="&quot;%-2.2x&quot;,"><phr n="&quot;%-2.2x&quot;,"><ent r="3" t="21" w="1330" /></phr></stem><stem n="0f"><phr n="0f"><ent r="3" t="21" w="1334" /></phr></stem><stem n="&quot;0f&quot;"><phr n="&quot;0f&quot;"><ent r="3" t="21" w="1335" /></phr></stem><stem n="%f"><phr n="%f"><ent r="3" t="21" w="1361" /></phr></stem><stem n="ddd"><phr n="ddd"><ent r="3" t="21" w="1365" /><ent r="3" t="21" w="1366" /></phr></stem><stem n="ddd.ddd"><phr n="ddd.ddd"><ent r="3" t="21" w="1366" /><ent r="3" t="21" w="1365" /></phr></stem><stem n="ddd.ddd'"><phr n="ddd.ddd'"><ent r="3" t="21" w="1366" /><ent r="3" t="21" w="1365" /></phr></stem><stem n="'[-]ddd.ddd',"><phr n="'[-]ddd.ddd',"><ent r="3" t="21" w="1367" /></phr></stem><stem n="%e"><phr n="%e"><ent r="3" t="21" w="1368" /></phr></stem><stem n="ddde+"><phr n="ddde+"><ent r="3" t="21" w="1373" /></phr></stem><stem n="ddde+-dd"><phr n="ddde+-dd"><ent r="3" t="21" w="1373" /></phr></stem><stem n="dd"><phr n="dd"><ent r="3" t="21" w="1374" /><ent r="3" t="28" w="199" /></phr><phr n="dD"><ent r="3" t="47" w="710" /><ent r="3" t="47" w="763" /></phr></stem><stem n="d.ddde+-dd'"><phr n="d.ddde+-dd'"><ent r="3" t="21" w="1374" /><ent r="3" t="21" w="1372" /></phr></stem><stem n="'[-]d.ddde+-dd'."><phr n="'[-]d.ddde+-dd'."><ent r="3" t="21" w="1375" /></phr></stem><stem n="&quot;%f&quot;,"><phr n="&quot;%f&quot;,"><ent r="3" t="21" w="1378" /></phr></stem><stem n="/2"><phr n="/2"><ent r="3" t="21" w="1379" /><ent r="3" t="21" w="1389" /><ent r="3" t="21" w="1398" /><ent r="3" t="21" w="1408" /><ent r="3" t="23" w="608" /></phr></stem><stem n="1/2"><phr n="1/2"><ent r="3" t="21" w="1379" /><ent r="3" t="21" w="1378" /><ent r="3" t="21" w="1389" /><ent r="3" t="21" w="1388" /><ent r="3" t="21" w="1398" /><ent r="3" t="21" w="1397" /><ent r="3" t="21" w="1408" /><ent r="3" t="21" w="1407" /></phr></stem><stem n="0.500000"><phr n="0.500000"><ent r="3" t="21" w="1383" /><ent r="3" t="21" w="1382" /></phr></stem><stem n="500000"><phr n="500000"><ent r="3" t="21" w="1383" /></phr></stem><stem n="&quot;0.500000&quot;"><phr n="&quot;0.500000&quot;"><ent r="3" t="21" w="1384" /></phr></stem><stem n="5.3f"><phr n="5.3f"><ent r="3" t="21" w="1387" /><ent r="3" t="21" w="1386" /></phr></stem><stem n="3f"><phr n="3f"><ent r="3" t="21" w="1387" /></phr><phr n="3F"><ent r="4" t="55" w="1423" /></phr></stem><stem n="&quot;%5.3f&quot;,"><phr n="&quot;%5.3f&quot;,"><ent r="3" t="21" w="1388" /></phr></stem><stem n="0.500"><phr n="0.500"><ent r="3" t="21" w="1393" /><ent r="3" t="21" w="1392" /></phr></stem><stem n="500"><phr n="500"><ent r="3" t="21" w="1393" /><ent r="3" t="31" w="1259" /><ent r="3" t="31" w="1304" /><ent r="4" t="31" w="1821" /><ent r="3" t="31" w="2935" /><ent r="3" t="31" w="3518" /><ent r="3" t="31" w="3971" /><ent r="3" t="31" w="4038" /><ent r="3" t="31" w="4074" /><ent r="3" t="31" w="4112" /></phr></stem><stem n="&quot;0.500&quot;"><phr n="&quot;0.500&quot;"><ent r="3" t="21" w="1394" /></phr></stem><stem n="&quot;%e&quot;,"><phr n="&quot;%e&quot;,"><ent r="3" t="21" w="1397" /></phr></stem><stem n="000000e"><phr n="000000e"><ent r="3" t="21" w="1402" /></phr></stem><stem n="000000e-01"><phr n="000000e-01"><ent r="3" t="21" w="1402" /></phr></stem><stem n="&quot;5.000000e-01&quot;"><phr n="&quot;5.000000e-01&quot;"><ent r="3" t="21" w="1404" /></phr></stem><stem n="&quot;%g&quot;,"><phr n="&quot;%g&quot;,"><ent r="3" t="21" w="1407" /></phr></stem><stem n="0.5"><phr n="0.5"><ent r="3" t="21" w="1412" /><ent r="3" t="21" w="1411" /></phr></stem><stem n="&quot;0.5&quot;"><phr n="&quot;0.5&quot;"><ent r="3" t="21" w="1413" /></phr></stem><stem n="%a"><phr n="%a"><ent r="3" t="21" w="1418" /></phr></stem><stem n="&quot;%a&quot;,"><phr n="&quot;%a&quot;,"><ent r="3" t="21" w="1429" /><ent r="3" t="21" w="1441" /></phr></stem><stem n="x01"><phr n="x01"><ent r="3" t="21" w="1429" /></phr></stem><stem n="x02"><phr n="x02"><ent r="3" t="21" w="1430" /></phr></stem><stem n="x03"><phr n="x03"><ent r="3" t="21" w="1431" /></phr></stem><stem n="&quot;\x01\x02\x03&quot;"><phr n="&quot;\x01\x02\x03&quot;"><ent r="3" t="21" w="1432" /></phr></stem><stem n="&quot;01:02:03&quot;"><phr n="&quot;01:02:03&quot;"><ent r="3" t="21" w="1438" /></phr></stem><stem n="44"><phr n="44"><ent r="3" t="21" w="1445" /></phr></stem><stem n="61"><phr n="61"><ent r="3" t="21" w="1446" /><ent r="3" t="21" w="1450" /><ent r="4" t="21" w="1599" /></phr></stem><stem n="74"><phr n="74"><ent r="3" t="21" w="1448" /></phr></stem><stem n="77"><phr n="77"><ent r="3" t="21" w="1449" /></phr></stem><stem n="65"><phr n="65"><ent r="3" t="21" w="1452" /><ent r="3" t="31" w="3066" /></phr></stem><stem n="&quot;44:61:72:74:77:61:72:65&quot;"><phr n="&quot;44:61:72:74:77:61:72:65&quot;"><ent r="3" t="21" w="1453" /></phr></stem><stem n="[,"><phr n="[,"><ent r="3" t="21" w="1459" /></phr></stem><stem n="abbrevi"><phr n="Abbreviated"><ent r="4" t="21" w="1516" /><ent r="4" t="21" w="1526" /></phr></stem><stem n="weekdai"><phr n="weekday"><ent r="4" t="21" w="1517" /><ent r="4" t="21" w="1522" /></phr><phr n="Weekday"><ent r="4" t="21" w="1619" /></phr></stem><stem n="month"><phr n="month"><ent r="4" t="21" w="1527" /><ent r="4" t="21" w="1532" /><ent r="4" t="21" w="1553" /></phr><phr n="Month"><ent r="4" t="21" w="1579" /></phr></stem><stem n="someth"><phr n="something"><ent r="4" t="21" w="1540" /><ent r="3" t="25" w="291" /><ent r="3" t="31" w="1873" /><ent r="3" t="31" w="3930" /><ent r="4" t="33" w="873" /><ent r="7" t="53" w="557" /></phr></stem><stem n="&quot;tue"><phr n="&quot;Tue"><ent r="4" t="21" w="1542" /><ent r="3" t="21" w="1704" /></phr></stem><stem n="tue"><phr n="Tue"><ent r="4" t="21" w="1542" /><ent r="3" t="21" w="1704" /></phr></stem><stem n="feb"><phr n="Feb"><ent r="4" t="21" w="1543" /><ent r="3" t="21" w="1705" /></phr></stem><stem n="06"><phr n="06"><ent r="4" t="21" w="1544" /><ent r="3" t="21" w="1722" /><ent r="3" t="26" w="64" /><ent r="3" t="26" w="97" /><ent r="4" t="26" w="165" /><ent r="3" t="31" w="3434" /></phr></stem><stem n="25"><phr n="25"><ent r="4" t="21" w="1546" /><ent r="3" t="27" w="53" /><ent r="3" t="37" w="643" /><ent r="3" t="37" w="666" /></phr></stem><stem n=":25:22"><phr n=":25:22"><ent r="4" t="21" w="1547" /></phr></stem><stem n="22"><phr n="22"><ent r="4" t="21" w="1547" /><ent r="3" t="31" w="3585" /></phr></stem><stem n="2007"><phr n="2007"><ent r="4" t="21" w="1548" /><ent r="4" t="21" w="1664" /><ent r="3" t="21" w="1710" /><ent r="3" t="21" w="1720" /><ent r="3" t="27" w="38" /><ent r="3" t="27" w="78" /><ent r="3" t="27" w="91" /><ent r="3" t="27" w="103" /><ent r="3" t="28" w="55" /><ent r="3" t="28" w="59" /><ent r="3" t="35" w="93" /><ent r="3" t="36" w="355" /><ent r="3" t="36" w="367" /></phr></stem><stem n="01-31"><phr n="01-31"><ent r="4" t="21" w="1554" /></phr></stem><stem n="31"><phr n="31"><ent r="4" t="21" w="1555" /><ent r="3" t="21" w="2533" /><ent r="3" t="36" w="343" /><ent r="3" t="40" w="515" /></phr></stem><stem n="(01-31)"><phr n="(01-31)"><ent r="4" t="21" w="1556" /></phr></stem><stem n="h"><phr n="H"><ent r="4" t="21" w="1557" /><ent r="7" t="21" w="2456" /><ent r="6" t="21" w="2473" /><ent r="3" t="21" w="2531" /><ent r="3" t="21" w="2536" /><ent r="7" t="33" w="1160" /></phr></stem><stem n="hour"><phr n="Hour"><ent r="4" t="21" w="1558" /><ent r="4" t="21" w="1564" /></phr><phr n="hours"><ent r="6" t="55" w="428" /><ent r="5" t="55" w="441" /></phr></stem><stem n="00-23"><phr n="00-23"><ent r="4" t="21" w="1560" /></phr></stem><stem n="(00-23)"><phr n="(00-23)"><ent r="4" t="21" w="1562" /></phr></stem><stem n="01-12"><phr n="01-12"><ent r="4" t="21" w="1566" /><ent r="4" t="21" w="1581" /></phr></stem><stem n="(01-12)"><phr n="(01-12)"><ent r="4" t="21" w="1568" /><ent r="4" t="21" w="1583" /></phr></stem><stem n="j"><phr n="j"><ent r="4" t="21" w="1569" /></phr></stem><stem n="year"><phr n="year"><ent r="4" t="21" w="1573" /><ent r="4" t="21" w="1605" /><ent r="4" t="21" w="1631" /><ent r="4" t="21" w="1653" /></phr><phr n="Year"><ent r="4" t="21" w="1659" /></phr></stem><stem n="001"><phr n="001"><ent r="4" t="21" w="1575" /><ent r="3" t="41" w="641" /><ent r="3" t="41" w="643" /></phr></stem><stem n="001-366"><phr n="001-366"><ent r="4" t="21" w="1575" /></phr></stem><stem n="366"><phr n="366"><ent r="4" t="21" w="1576" /></phr></stem><stem n="(001-366)"><phr n="(001-366)"><ent r="4" t="21" w="1577" /></phr></stem><stem n="00-59"><phr n="00-59"><ent r="4" t="21" w="1587" /></phr></stem><stem n="59"><phr n="59"><ent r="4" t="21" w="1588" /><ent r="3" t="39" w="490" /></phr></stem><stem n="(00-59)"><phr n="(00-59)"><ent r="4" t="21" w="1589" /></phr></stem><stem n="am"><phr n="AM"><ent r="4" t="21" w="1591" /></phr></stem><stem n="&quot;am&quot;"><phr n="&quot;AM&quot;"><ent r="4" t="21" w="1592" /></phr></stem><stem n="pm"><phr n="PM"><ent r="4" t="21" w="1593" /></phr></stem><stem n="&quot;pm&quot;"><phr n="&quot;PM&quot;"><ent r="4" t="21" w="1594" /></phr></stem><stem n="00-61"><phr n="00-61"><ent r="4" t="21" w="1598" /></phr></stem><stem n="(00-61)"><phr n="(00-61)"><ent r="4" t="21" w="1600" /></phr></stem><stem n="week"><phr n="Week"><ent r="4" t="21" w="1602" /><ent r="4" t="21" w="1628" /></phr><phr n="week"><ent r="4" t="21" w="1615" /><ent r="4" t="21" w="1641" /></phr></stem><stem n="00-53"><phr n="00-53"><ent r="4" t="21" w="1607" /><ent r="4" t="21" w="1633" /></phr></stem><stem n="53"><phr n="53"><ent r="4" t="21" w="1608" /><ent r="4" t="21" w="1634" /></phr></stem><stem n="(00-53)."><phr n="(00-53)."><ent r="4" t="21" w="1609" /><ent r="4" t="21" w="1635" /></phr></stem><stem n="sundai"><phr n="Sunday"><ent r="4" t="21" w="1610" /><ent r="4" t="21" w="1623" /></phr></stem><stem n="w"><phr n="w"><ent r="4" t="21" w="1618" /><ent r="7" t="33" w="1163" /><ent r="3" t="37" w="637" /></phr><phr n="W"><ent r="4" t="21" w="1627" /></phr></stem><stem n="0-6"><phr n="0-6"><ent r="4" t="21" w="1621" /></phr></stem><stem n="(0-6)."><phr n="(0-6)."><ent r="4" t="21" w="1623" /></phr></stem><stem n="mondai"><phr n="Monday"><ent r="4" t="21" w="1636" /></phr></stem><stem n="-digit"><phr n="-digit"><ent r="4" t="21" w="1651" /><ent r="4" t="21" w="1651" /></phr></stem><stem n="two-digit"><phr n="Two-digit"><ent r="4" t="21" w="1651" /></phr></stem><stem n="00-99"><phr n="00-99"><ent r="4" t="21" w="1655" /></phr></stem><stem n="99"><phr n="99"><ent r="4" t="21" w="1656" /><ent r="3" t="26" w="124" /><ent r="3" t="26" w="134" /><ent r="4" t="26" w="277" /><ent r="4" t="26" w="287" /></phr></stem><stem n="(00-99)"><phr n="(00-99)"><ent r="4" t="21" w="1657" /></phr></stem><stem n="centuri"><phr n="century"><ent r="4" t="21" w="1661" /></phr></stem><stem n="z"><phr n="z"><ent r="4" t="21" w="1666" /></phr></stem><stem n="zone"><phr n="zone"><ent r="4" t="21" w="1668" /></phr></stem><stem n="underli"><phr n="underlying"><ent r="3" t="21" w="1687" /><ent r="3" t="21" w="1768" /></phr></stem><stem n="portabl"><phr n="portable"><ent r="3" t="21" w="1698" /></phr></stem><stem n="&quot;%c&quot;)"><phr n="&quot;%c&quot;)"><ent r="3" t="21" w="1702" /></phr></stem><stem n=":19:24"><phr n=":19:24"><ent r="3" t="21" w="1709" /></phr></stem><stem n="24"><phr n="24"><ent r="3" t="21" w="1709" /><ent r="3" t="31" w="3466" /><ent r="3" t="31" w="3600" /><ent r="3" t="34" w="385" /><ent r="3" t="34" w="639" /></phr></stem><stem n="y-"><phr n="Y-"><ent r="3" t="21" w="1712" /></phr></stem><stem n="m-"><phr n="m-"><ent r="3" t="21" w="1714" /></phr></stem><stem n="&quot;%y-%m-%d&quot;,"><phr n="&quot;%Y-%m-%d&quot;,"><ent r="3" t="21" w="1717" /></phr></stem><stem n="1170778895"><phr n="1170778895"><ent r="3" t="21" w="1717" /></phr></stem><stem n="2007-02"><phr n="2007-02"><ent r="3" t="21" w="1720" /></phr></stem><stem n="2007-02-06"><phr n="2007-02-06"><ent r="3" t="21" w="1720" /></phr></stem><stem n="02-06"><phr n="02-06"><ent r="3" t="21" w="1721" /></phr></stem><stem n="&quot;2007-02-06&quot;"><phr n="&quot;2007-02-06&quot;"><ent r="3" t="21" w="1723" /></phr></stem><stem n="basic"><phr n="Basically"><ent r="3" t="21" w="1753" /></phr><phr n="Basic"><ent r="4" t="43" w="105" /><ent r="3" t="46" w="13" /></phr></stem><stem n="&quot;%y&quot;,"><phr n="&quot;%Y&quot;,"><ent r="3" t="21" w="1778" /></phr></stem><stem n="1990"><phr n="1990"><ent r="3" t="21" w="1779" /><ent r="3" t="21" w="1783" /></phr></stem><stem n="&quot;1990&quot;,"><phr n="&quot;1990&quot;,"><ent r="3" t="21" w="1780" /></phr></stem><stem n="&quot;%y&quot;))"><phr n="&quot;%Y&quot;))"><ent r="3" t="21" w="1781" /></phr></stem><stem n="&quot;1990&quot;"><phr n="&quot;1990&quot;"><ent r="3" t="21" w="1784" /></phr></stem><stem n="neg"><phr n="negative"><ent r="3" t="21" w="1818" /><ent r="4" t="21" w="2071" /><ent r="4" t="21" w="2121" /></phr><phr n="negatively"><ent r="3" t="31" w="1060" /></phr></stem><stem n="(&quot;1.3.6.1.2.1.4.20.1.1.10.10.2.20&quot;,"><phr n="(&quot;1.3.6.1.2.1.4.20.1.1.10.10.2.20&quot;,"><ent r="3" t="21" w="1848" /><ent r="3" t="21" w="1868" /></phr></stem><stem n="&quot;1.3&quot;"><phr n="&quot;1.3&quot;"><ent r="3" t="21" w="1853" /></phr></stem><stem n="&quot;10.10.2.20&quot;"><phr n="&quot;10.10.2.20&quot;"><ent r="3" t="21" w="1875" /></phr></stem><stem n="(\&quot;1.3.6.1.2.1.4.20.1.1.10.10.2.20\&quot;,"><phr n="(\&quot;1.3.6.1.2.1.4.20.1.1.10.10.2.20\&quot;,"><ent r="3" t="21" w="1890" /><ent r="3" t="21" w="1910" /><ent r="3" t="21" w="1932" /><ent r="3" t="21" w="1954" /></phr></stem></index>