﻿<?xml version="1.0" encoding="utf-8"?><index><stem n=":macintosh"><phr n=":Macintosh"><ent r="100" t="6" w="77" /></phr></stem><stem n="macintosh"><phr n="Macintosh"><ent r="100" t="6" w="77" /><ent r="100" t="6" w="80" /><ent r="100" t="6" w="83" /></phr></stem><stem n=":limit"><phr n=":limit"><ent r="100" t="6" w="85" /></phr></stem><stem n="organization'"><phr n="organization's"><ent r="4" t="6" w="96" /><ent r="4" t="6" w="95" /></phr></stem><stem n="segment"><phr n="segments"><ent r="4" t="6" w="102" /></phr></stem><stem n="thu"><phr n="Thus"><ent r="4" t="6" w="104" /><ent r="6" t="16" w="617" /><ent r="3" t="25" w="1487" /><ent r="4" t="42" w="443" /></phr><phr n="thus"><ent r="6" t="21" w="2870" /><ent r="3" t="23" w="1157" /><ent r="4" t="42" w="412" /></phr></stem><stem n="com.dartware."><phr n="com.dartware."><ent r="4" t="6" w="117" /><ent r="4" t="6" w="116" /></phr></stem><stem n="&quot;com.dartware.&quot;"><phr n="&quot;com.dartware.&quot;"><ent r="4" t="6" w="118" /></phr></stem><stem n="share"><phr n="share"><ent r="4" t="6" w="123" /><ent r="3" t="23" w="982" /><ent r="3" t="48" w="99" /></phr></stem><stem n="sinc"><phr n="since"><ent r="4" t="6" w="127" /><ent r="3" t="11" w="133" /><ent r="3" t="19" w="1257" /><ent r="4" t="21" w="643" /><ent r="4" t="21" w="763" /><ent r="3" t="21" w="1490" /><ent r="3" t="21" w="1736" /><ent r="4" t="31" w="1802" /><ent r="4" t="31" w="3159" /><ent r="5" t="42" w="254" /><ent r="3" t="47" w="832" /><ent r="3" t="51" w="370" /><ent r="5" t="55" w="421" /></phr><phr n="Since"><ent r="3" t="23" w="932" /><ent r="3" t="24" w="1023" /></phr></stem><stem n="collid"><phr n="collide"><ent r="4" t="6" w="133" /></phr></stem><stem n="definition'"><phr n="definition's"><ent r="3" t="6" w="187" /><ent r="3" t="6" w="186" /></phr></stem><stem n="recommend"><phr n="recommends"><ent r="3" t="6" w="191" /><ent r="3" t="25" w="309" /><ent r="3" t="47" w="82" /></phr><phr n="recommend"><ent r="3" t="33" w="253" /></phr><phr n="recommended"><ent r="4" t="33" w="854" /></phr></stem><stem n="shown"><phr n="shown"><ent r="3" t="6" w="208" /><ent r="3" t="7" w="75" /><ent r="3" t="7" w="485" /><ent r="3" t="8" w="33" /><ent r="6" t="16" w="762" /><ent r="3" t="19" w="1228" /><ent r="3" t="23" w="1119" /><ent r="3" t="23" w="1524" /><ent r="3" t="28" w="262" /><ent r="3" t="29" w="138" /><ent r="4" t="36" w="146" /><ent r="3" t="37" w="698" /><ent r="4" t="40" w="670" /><ent r="4" t="40" w="760" /><ent r="3" t="55" w="1439" /><ent r="5" t="55" w="1491" /></phr></stem><stem n="abov"><phr n="above"><ent r="3" t="6" w="209" /><ent r="3" t="6" w="221" /><ent r="3" t="7" w="548" /><ent r="4" t="7" w="585" /><ent r="4" t="7" w="621" /><ent r="3" t="8" w="229" /><ent r="3" t="8" w="327" /><ent r="3" t="10" w="310" /><ent r="3" t="10" w="381" /><ent r="3" t="12" w="101" /><ent r="3" t="14" w="2014" /><ent r="4" t="15" w="200" /><ent r="3" t="15" w="661" /><ent r="3" t="16" w="1074" /><ent r="3" t="16" w="1124" /><ent r="3" t="16" w="1344" /><ent r="4" t="19" w="362" /><ent r="4" t="19" w="412" /><ent r="3" t="19" w="876" /><ent r="3" t="19" w="1135" /><ent r="3" t="21" w="2715" /><ent r="3" t="23" w="392" /><ent r="3" t="23" w="409" /><ent r="3" t="23" w="546" /><ent r="3" t="24" w="932" /><ent r="3" t="25" w="1337" /><ent r="3" t="35" w="143" /><ent r="3" t="38" w="467" /><ent r="3" t="39" w="395" /><ent r="4" t="40" w="671" /><ent r="3" t="44" w="192" /><ent r="3" t="44" w="353" /><ent r="5" t="55" w="1492" /></phr></stem><stem n="&quot;tcp.custom&quot;"><phr n="&quot;tcp.custom&quot;"><ent r="3" t="6" w="234" /><ent r="3" t="32" w="139" /></phr></stem><stem n="m1++"><phr n="M1++"><ent r="100" t="7" w="5" /><ent r="7" t="7" w="506" /></phr></stem><stem n="/big"><phr n="/Big"><ent r="100" t="7" w="6" /></phr></stem><stem n="m1++/big"><phr n="M1++/Big"><ent r="100" t="7" w="6" /><ent r="100" t="7" w="5" /></phr></stem><stem n="/bold"><phr n="/Bold"><ent r="100" t="7" w="9" /></phr></stem><stem n="b/bold"><phr n="B/Bold"><ent r="100" t="7" w="9" /><ent r="100" t="7" w="8" /></phr></stem><stem n="bold"><phr n="Bold"><ent r="100" t="7" w="9" /><ent r="7" t="7" w="488" /><ent r="7" t="7" w="490" /><ent r="8" t="7" w="497" /><ent r="9" t="7" w="499" /></phr><phr n="bold"><ent r="3" t="7" w="84" /><ent r="5" t="7" w="373" /><ent r="6" t="55" w="1684" /><ent r="5" t="55" w="1696" /><ent r="6" t="55" w="1753" /><ent r="5" t="55" w="1761" /></phr></stem><stem n="p"><phr n="P"><ent r="100" t="7" w="11" /><ent r="6" t="7" w="384" /><ent r="3" t="27" w="156" /><ent r="100" t="32" w="10" /><ent r="3" t="32" w="171" /><ent r="3" t="36" w="358" /></phr><phr n="p"><ent r="7" t="7" w="494" /><ent r="7" t="7" w="510" /><ent r="3" t="14" w="1858" /><ent r="4" t="21" w="1590" /><ent r="3" t="21" w="2345" /><ent r="3" t="21" w="2353" /><ent r="3" t="27" w="235" /><ent r="3" t="27" w="308" /><ent r="3" t="27" w="332" /><ent r="3" t="27" w="391" /><ent r="3" t="27" w="408" /><ent r="3" t="27" w="546" /><ent r="3" t="27" w="561" /><ent r="100" t="32" w="26" /><ent r="100" t="32" w="33" /><ent r="3" t="32" w="227" /><ent r="3" t="32" w="281" /><ent r="3" t="32" w="322" /><ent r="3" t="32" w="358" /><ent r="3" t="32" w="377" /><ent r="3" t="32" w="396" /><ent r="3" t="34" w="435" /><ent r="3" t="34" w="689" /><ent r="3" t="36" w="426" /><ent r="3" t="40" w="92" /><ent r="5" t="40" w="215" /><ent r="3" t="47" w="216" /><ent r="3" t="47" w="252" /><ent r="3" t="47" w="486" /><ent r="3" t="47" w="501" /><ent r="3" t="47" w="809" /></phr></stem><stem n="/plain"><phr n="/Plain"><ent r="100" t="7" w="12" /></phr></stem><stem n="p/plain"><phr n="P/Plain"><ent r="100" t="7" w="12" /><ent r="100" t="7" w="11" /></phr></stem><stem n="plain"><phr n="Plain"><ent r="100" t="7" w="12" /><ent r="100" t="7" w="67" /><ent r="7" t="7" w="495" /><ent r="7" t="7" w="504" /></phr><phr n="plain"><ent r="3" t="7" w="86" /><ent r="5" t="7" w="393" /><ent r="4" t="31" w="1754" /><ent r="3" t="51" w="246" /></phr></stem><stem n="&lt;description&gt;"><phr n="&lt;description&gt;"><ent r="3" t="7" w="61" /><ent r="4" t="7" w="133" /><ent r="65" t="15" w="267" /><ent r="3" t="19" w="1307" /><ent r="3" t="27" w="151" /><ent r="3" t="32" w="166" /><ent r="5" t="33" w="905" /><ent r="3" t="34" w="420" /><ent r="3" t="34" w="674" /><ent r="3" t="35" w="126" /><ent r="3" t="36" w="419" /></phr></stem><stem n="/description&gt;"><phr n="/description&gt;"><ent r="3" t="7" w="63" /><ent r="4" t="7" w="138" /><ent r="3" t="19" w="1309" /><ent r="3" t="27" w="705" /><ent r="3" t="32" w="426" /><ent r="3" t="34" w="493" /><ent r="3" t="34" w="747" /><ent r="3" t="35" w="166" /><ent r="3" t="36" w="461" /></phr></stem><stem n="&lt;/description&gt;"><phr n="&lt;/description&gt;"><ent r="3" t="7" w="63" /><ent r="3" t="7" w="62" /><ent r="4" t="7" w="138" /><ent r="4" t="7" w="137" /><ent r="3" t="19" w="1309" /><ent r="3" t="19" w="1308" /><ent r="3" t="27" w="705" /><ent r="3" t="27" w="704" /><ent r="3" t="32" w="426" /><ent r="3" t="32" w="425" /><ent r="3" t="34" w="493" /><ent r="3" t="34" w="492" /><ent r="3" t="34" w="747" /><ent r="3" t="34" w="746" /><ent r="3" t="35" w="166" /><ent r="3" t="35" w="165" /><ent r="3" t="36" w="461" /><ent r="3" t="36" w="460" /></phr></stem><stem n="description&gt;"><phr n="description&gt;"><ent r="3" t="7" w="63" /><ent r="4" t="7" w="138" /><ent r="3" t="19" w="1309" /><ent r="3" t="27" w="705" /><ent r="3" t="32" w="426" /><ent r="3" t="34" w="493" /><ent r="3" t="34" w="747" /><ent r="3" t="35" w="166" /><ent r="3" t="36" w="461" /></phr></stem><stem n="ital"><phr n="Italic"><ent r="100" t="7" w="70" /><ent r="7" t="7" w="491" /><ent r="7" t="7" w="493" /><ent r="9" t="7" w="500" /><ent r="8" t="7" w="502" /></phr><phr n="italic"><ent r="3" t="7" w="85" /><ent r="5" t="7" w="382" /></phr></stem><stem n="mark"><phr n="marked"><ent r="3" t="7" w="81" /></phr><phr n="marks"><ent r="3" t="51" w="495" /></phr><phr n="mark"><ent r="5" t="55" w="1656" /></phr></stem><stem n="underlin"><phr n="Underlined"><ent r="3" t="7" w="88" /></phr><phr n="underlined"><ent r="4" t="7" w="115" /><ent r="5" t="7" w="407" /><ent r="4" t="7" w="641" /><ent r="3" t="16" w="1385" /></phr><phr n="underline"><ent r="3" t="7" w="568" /><ent r="4" t="7" w="623" /></phr></stem><stem n="extern"><phr n="external"><ent r="3" t="7" w="95" /><ent r="3" t="43" w="34" /><ent r="3" t="45" w="279" /><ent r="3" t="48" w="31" /></phr></stem><stem n="rfc"><phr n="RFC"><ent r="100" t="7" w="101" /><ent r="4" t="7" w="123" /><ent r="5" t="14" w="864" /><ent r="100" t="30" w="1454" /><ent r="5" t="30" w="1462" /></phr></stem><stem n="show"><phr n="showing"><ent r="4" t="7" w="107" /><ent r="5" t="55" w="943" /></phr><phr n="shows"><ent r="3" t="7" w="197" /><ent r="3" t="7" w="549" /><ent r="3" t="8" w="575" /><ent r="4" t="12" w="250" /><ent r="3" t="18" w="282" /><ent r="4" t="19" w="323" /><ent r="4" t="19" w="388" /><ent r="3" t="23" w="90" /><ent r="3" t="23" w="393" /><ent r="3" t="23" w="413" /><ent r="3" t="23" w="654" /><ent r="4" t="26" w="255" /><ent r="4" t="26" w="291" /><ent r="3" t="26" w="323" /><ent r="3" t="27" w="13" /><ent r="3" t="27" w="376" /><ent r="3" t="28" w="37" /><ent r="3" t="29" w="104" /><ent r="3" t="31" w="2772" /><ent r="3" t="34" w="466" /><ent r="3" t="34" w="720" /><ent r="3" t="35" w="129" /><ent r="93" t="39" w="189" /><ent r="93" t="39" w="280" /><ent r="3" t="39" w="396" /><ent r="93" t="39" w="447" /><ent r="100" t="55" w="246" /><ent r="5" t="55" w="248" /><ent r="5" t="55" w="270" /><ent r="5" t="55" w="348" /><ent r="5" t="55" w="408" /><ent r="5" t="55" w="431" /><ent r="5" t="55" w="450" /><ent r="5" t="55" w="465" /><ent r="5" t="55" w="609" /><ent r="5" t="55" w="657" /><ent r="5" t="55" w="675" /></phr><phr n="show"><ent r="3" t="16" w="1218" /><ent r="3" t="18" w="414" /><ent r="3" t="19" w="313" /><ent r="4" t="19" w="355" /><ent r="4" t="19" w="405" /><ent r="3" t="23" w="369" /><ent r="3" t="27" w="316" /><ent r="3" t="28" w="137" /><ent r="3" t="31" w="3829" /><ent r="4" t="50" w="222" /><ent r="7" t="55" w="316" /><ent r="3" t="56" w="105" /></phr></stem><stem n="blue"><phr n="blue"><ent r="4" t="7" w="114" /><ent r="8" t="7" w="453" /><ent r="3" t="7" w="567" /><ent r="4" t="7" w="639" /><ent r="3" t="18" w="412" /><ent r="3" t="18" w="428" /><ent r="3" t="18" w="449" /><ent r="3" t="18" w="518" /></phr><phr n="Blue"><ent r="8" t="7" w="463" /></phr></stem><stem n="actual"><phr n="actually"><ent r="4" t="7" w="118" /><ent r="4" t="33" w="919" /></phr><phr n="actual"><ent r="6" t="16" w="644" /><ent r="6" t="16" w="669" /><ent r="5" t="18" w="215" /><ent r="4" t="19" w="255" /><ent r="3" t="19" w="896" /><ent r="3" t="20" w="80" /><ent r="3" t="41" w="493" /></phr></stem><stem n="relev"><phr n="relevant"><ent r="4" t="7" w="122" /><ent r="4" t="15" w="239" /><ent r="3" t="19" w="531" /></phr></stem><stem n="delimit"><phr n="delimited"><ent r="3" t="7" w="130" /><ent r="3" t="18" w="808" /><ent r="4" t="19" w="242" /><ent r="4" t="45" w="129" /><ent r="4" t="45" w="138" /><ent r="3" t="45" w="236" /></phr><phr n="delimiters"><ent r="4" t="31" w="1784" /></phr><phr n="delimiter"><ent r="6" t="55" w="1189" /></phr></stem><stem n="entir"><phr n="entire"><ent r="3" t="7" w="142" /><ent r="6" t="21" w="2854" /><ent r="3" t="23" w="1567" /><ent r="3" t="55" w="45" /></phr><phr n="entirely"><ent r="4" t="23" w="859" /></phr></stem><stem n="place"><phr n="placed"><ent r="3" t="7" w="148" /><ent r="4" t="12" w="269" /><ent r="4" t="16" w="917" /><ent r="6" t="21" w="2833" /><ent r="3" t="31" w="2100" /><ent r="3" t="48" w="74" /><ent r="4" t="51" w="116" /><ent r="4" t="51" w="296" /><ent r="4" t="51" w="316" /><ent r="3" t="56" w="233" /></phr><phr n="place"><ent r="3" t="8" w="283" /><ent r="3" t="30" w="687" /><ent r="3" t="31" w="1098" /><ent r="4" t="33" w="715" /><ent r="3" t="39" w="429" /><ent r="3" t="51" w="428" /><ent r="6" t="53" w="299" /><ent r="6" t="53" w="668" /><ent r="3" t="54" w="129" /><ent r="65" t="55" w="91" /><ent r="93" t="55" w="1127" /><ent r="6" t="55" w="1152" /><ent r="6" t="55" w="2075" /></phr><phr n="places"><ent r="3" t="16" w="1409" /><ent r="3" t="21" w="934" /><ent r="3" t="21" w="1356" /><ent r="4" t="30" w="760" /><ent r="3" t="31" w="2616" /></phr><phr n="Place"><ent r="4" t="30" w="621" /><ent r="4" t="30" w="701" /><ent r="4" t="30" w="727" /><ent r="3" t="30" w="1937" /><ent r="4" t="54" w="233" /></phr><phr n="placing"><ent r="4" t="31" w="749" /><ent r="3" t="57" w="49" /></phr></stem><stem n="backslash"><phr n="backslash"><ent r="3" t="7" w="176" /><ent r="4" t="7" w="631" /><ent r="3" t="30" w="459" /></phr><phr n="Backslash"><ent r="5" t="30" w="521" /></phr><phr n="backslashes"><ent r="4" t="54" w="234" /></phr></stem><stem n="(&quot;\&quot;)"><phr n="(&quot;\&quot;)"><ent r="3" t="7" w="177" /><ent r="4" t="54" w="235" /></phr></stem><stem n="charact"><phr n="characters"><ent r="3" t="7" w="177" /><ent r="3" t="7" w="190" /><ent r="3" t="7" w="213" /><ent r="3" t="7" w="227" /><ent r="4" t="8" w="180" /><ent r="3" t="20" w="96" /><ent r="3" t="21" w="1176" /><ent r="3" t="21" w="1184" /><ent r="3" t="21" w="2058" /><ent r="4" t="21" w="2130" /><ent r="6" t="21" w="2788" /><ent r="6" t="21" w="2811" /><ent r="3" t="30" w="452" /><ent r="5" t="30" w="1614" /><ent r="3" t="31" w="3068" /><ent r="3" t="31" w="4143" /><ent r="3" t="33" w="156" /><ent r="4" t="33" w="521" /><ent r="5" t="55" w="1101" /></phr><phr n="character"><ent r="4" t="18" w="835" /><ent r="4" t="19" w="331" /><ent r="4" t="21" w="1033" /><ent r="6" t="21" w="2375" /><ent r="6" t="21" w="2384" /><ent r="6" t="21" w="2794" /><ent r="3" t="24" w="373" /><ent r="4" t="37" w="546" /><ent r="4" t="54" w="246" /><ent r="3" t="55" w="1411" /></phr><phr n="Characters"><ent r="100" t="30" w="444" /><ent r="82" t="30" w="447" /></phr><phr n="Character"><ent r="5" t="30" w="511" /><ent r="100" t="30" w="540" /><ent r="4" t="30" w="544" /><ent r="100" t="30" w="657" /><ent r="82" t="30" w="662" /></phr></stem><stem n="pair"><phr n="pair"><ent r="3" t="7" w="186" /><ent r="6" t="21" w="2823" /></phr><phr n="pairs"><ent r="3" t="8" w="70" /><ent r="6" t="16" w="571" /><ent r="4" t="33" w="529" /><ent r="4" t="37" w="564" /></phr></stem><stem n="\...\"><phr n="\...\"><ent r="4" t="7" w="189" /><ent r="4" t="7" w="236" /></phr></stem><stem n="histor"><phr n="Historical"><ent r="4" t="7" w="203" /></phr></stem><stem n="4"><phr n="4"><ent r="3" t="7" w="209" /><ent r="8" t="7" w="451" /><ent r="3" t="8" w="459" /><ent r="3" t="10" w="210" /><ent r="3" t="10" w="217" /><ent r="3" t="10" w="224" /><ent r="3" t="14" w="1327" /><ent r="3" t="14" w="1493" /><ent r="3" t="14" w="1588" /><ent r="3" t="14" w="1596" /><ent r="3" t="14" w="1597" /><ent r="3" t="15" w="582" /><ent r="3" t="15" w="599" /><ent r="3" t="15" w="600" /><ent r="4" t="16" w="222" /><ent r="4" t="16" w="242" /><ent r="6" t="16" w="803" /><ent r="3" t="16" w="986" /><ent r="3" t="16" w="1000" /><ent r="3" t="16" w="1001" /><ent r="3" t="16" w="1308" /><ent r="3" t="19" w="1177" /><ent r="3" t="19" w="1186" /><ent r="3" t="19" w="1248" /><ent r="3" t="19" w="1320" /><ent r="3" t="19" w="1337" /><ent r="3" t="19" w="1354" /><ent r="3" t="19" w="1430" /><ent r="3" t="19" w="1486" /><ent r="3" t="19" w="1496" /><ent r="3" t="19" w="1521" /><ent r="3" t="19" w="1531" /><ent r="3" t="19" w="1549" /><ent r="3" t="19" w="1557" /><ent r="3" t="19" w="1565" /><ent r="3" t="21" w="1840" /><ent r="3" t="21" w="1860" /><ent r="3" t="21" w="1868" /><ent r="3" t="21" w="1869" /><ent r="3" t="21" w="1882" /><ent r="3" t="21" w="1902" /><ent r="3" t="21" w="1910" /><ent r="3" t="21" w="1911" /><ent r="3" t="21" w="1924" /><ent r="3" t="21" w="1932" /><ent r="3" t="21" w="1933" /><ent r="3" t="21" w="1937" /><ent r="3" t="21" w="1946" /><ent r="3" t="21" w="1955" /><ent r="3" t="21" w="1964" /><ent r="3" t="21" w="1971" /><ent r="3" t="21" w="1978" /><ent r="3" t="21" w="1979" /><ent r="3" t="21" w="1989" /><ent r="3" t="21" w="2171" /><ent r="3" t="21" w="2178" /><ent r="6" t="21" w="2395" /><ent r="6" t="21" w="2404" /><ent r="3" t="21" w="2498" /><ent r="3" t="21" w="2507" /><ent r="3" t="23" w="1294" /><ent r="3" t="23" w="1427" /><ent r="3" t="24" w="335" /><ent r="3" t="24" w="884" /><ent r="3" t="24" w="885" /><ent r="3" t="24" w="1081" /><ent r="4" t="25" w="553" /><ent r="3" t="25" w="881" /><ent r="3" t="25" w="915" /><ent r="3" t="26" w="79" /><ent r="3" t="26" w="112" /><ent r="3" t="26" w="121" /><ent r="3" t="26" w="131" /><ent r="4" t="26" w="215" /><ent r="4" t="26" w="274" /><ent r="4" t="26" w="284" /><ent r="3" t="27" w="59" /><ent r="3" t="27" w="71" /><ent r="3" t="27" w="72" /><ent r="3" t="27" w="349" /><ent r="3" t="27" w="443" /><ent r="3" t="27" w="457" /><ent r="3" t="27" w="474" /><ent r="3" t="27" w="487" /><ent r="3" t="27" w="501" /><ent r="3" t="27" w="506" /><ent r="3" t="27" w="516" /><ent r="3" t="27" w="532" /><ent r="3" t="27" w="597" /><ent r="3" t="27" w="604" /><ent r="3" t="27" w="618" /><ent r="3" t="27" w="635" /><ent r="3" t="27" w="648" /><ent r="3" t="27" w="662" /><ent r="3" t="27" w="667" /><ent r="3" t="27" w="677" /><ent r="3" t="27" w="693" /><ent r="3" t="27" w="727" /><ent r="3" t="27" w="741" /><ent r="3" t="27" w="758" /><ent r="3" t="27" w="771" /><ent r="3" t="27" w="785" /><ent r="3" t="27" w="790" /><ent r="3" t="27" w="800" /><ent r="3" t="27" w="816" /><ent r="3" t="27" w="837" /><ent r="3" t="27" w="851" /><ent r="3" t="27" w="868" /><ent r="3" t="27" w="881" /><ent r="3" t="27" w="895" /><ent r="3" t="27" w="900" /><ent r="3" t="27" w="910" /><ent r="3" t="27" w="926" /><ent r="3" t="27" w="941" /><ent r="3" t="27" w="954" /><ent r="3" t="27" w="967" /><ent r="3" t="27" w="980" /><ent r="3" t="27" w="993" /><ent r="3" t="27" w="1006" /><ent r="3" t="27" w="1026" /><ent r="3" t="27" w="1033" /><ent r="3" t="27" w="1050" /><ent r="3" t="27" w="1063" /><ent r="3" t="27" w="1077" /><ent r="3" t="27" w="1082" /><ent r="3" t="27" w="1092" /><ent r="3" t="27" w="1108" /><ent r="3" t="27" w="1180" /><ent r="3" t="27" w="1194" /><ent r="3" t="27" w="1208" /><ent r="3" t="27" w="1225" /><ent r="3" t="27" w="1230" /><ent r="3" t="27" w="1240" /><ent r="3" t="27" w="1256" /><ent r="3" t="27" w="1520" /><ent r="3" t="27" w="1524" /><ent r="3" t="27" w="1528" /><ent r="3" t="27" w="1532" /><ent r="3" t="27" w="1536" /><ent r="3" t="27" w="1544" /><ent r="3" t="27" w="1552" /><ent r="3" t="27" w="1560" /><ent r="3" t="27" w="1568" /><ent r="3" t="27" w="1578" /><ent r="3" t="27" w="1596" /><ent r="3" t="27" w="1602" /><ent r="3" t="27" w="1609" /><ent r="3" t="27" w="1616" /><ent r="3" t="27" w="1623" /><ent r="3" t="27" w="1631" /><ent r="3" t="27" w="1653" /><ent r="3" t="27" w="1660" /><ent r="3" t="27" w="1667" /><ent r="3" t="27" w="1674" /><ent r="3" t="27" w="1676" /><ent r="3" t="27" w="1681" /><ent r="3" t="27" w="1688" /><ent r="3" t="27" w="1695" /><ent r="3" t="27" w="1702" /><ent r="3" t="27" w="1709" /><ent r="3" t="27" w="1716" /><ent r="3" t="28" w="301" /><ent r="4" t="30" w="279" /><ent r="3" t="31" w="3464" /><ent r="4" t="31" w="3845" /><ent r="3" t="32" w="609" /><ent r="3" t="32" w="618" /><ent r="3" t="34" w="523" /><ent r="3" t="34" w="555" /><ent r="3" t="34" w="559" /><ent r="3" t="34" w="777" /><ent r="3" t="34" w="809" /><ent r="3" t="34" w="813" /><ent r="3" t="36" w="282" /><ent r="65" t="37" w="452" /><ent r="3" t="39" w="376" /><ent r="3" t="39" w="379" /><ent r="3" t="40" w="832" /><ent r="3" t="40" w="865" /><ent r="3" t="40" w="1000" /><ent r="3" t="41" w="512" /><ent r="3" t="41" w="622" /><ent r="3" t="41" w="672" /><ent r="3" t="41" w="674" /><ent r="3" t="41" w="687" /></phr></stem><stem n="4.0"><phr n="4.0"><ent r="3" t="7" w="210" /><ent r="3" t="7" w="209" /></phr></stem><stem n="4.0,"><phr n="4.0,"><ent r="3" t="7" w="210" /><ent r="3" t="7" w="209" /></phr></stem><stem n=".0,"><phr n=".0,"><ent r="3" t="7" w="211" /></phr></stem><stem n="«"><phr n="«"><ent r="3" t="7" w="215" /></phr></stem><stem n="»"><phr n="»"><ent r="3" t="7" w="216" /></phr></stem><stem n="("><phr n="("><ent r="3" t="7" w="216" /><ent r="3" t="14" w="1544" /><ent r="3" t="16" w="1263" /><ent r="3" t="19" w="986" /><ent r="3" t="19" w="1080" /><ent r="4" t="21" w="402" /><ent r="4" t="21" w="425" /><ent r="4" t="21" w="436" /><ent r="4" t="21" w="444" /><ent r="4" t="21" w="455" /><ent r="4" t="21" w="468" /><ent r="4" t="21" w="480" /><ent r="4" t="21" w="492" /><ent r="4" t="21" w="506" /><ent r="4" t="21" w="520" /><ent r="4" t="21" w="531" /><ent r="4" t="21" w="544" /><ent r="4" t="21" w="555" /><ent r="4" t="21" w="580" /><ent r="4" t="21" w="592" /><ent r="4" t="21" w="599" /><ent r="4" t="21" w="617" /><ent r="4" t="21" w="624" /><ent r="4" t="21" w="635" /><ent r="4" t="21" w="716" /><ent r="4" t="21" w="740" /><ent r="4" t="21" w="756" /><ent r="4" t="21" w="811" /><ent r="4" t="21" w="817" /><ent r="3" t="21" w="920" /><ent r="3" t="21" w="935" /><ent r="3" t="21" w="985" /><ent r="3" t="21" w="989" /><ent r="3" t="21" w="998" /><ent r="3" t="21" w="1202" /><ent r="3" t="21" w="1209" /><ent r="3" t="21" w="1250" /><ent r="3" t="21" w="1258" /><ent r="3" t="21" w="1296" /><ent r="3" t="21" w="1304" /><ent r="3" t="21" w="1312" /><ent r="3" t="21" w="1320" /><ent r="3" t="21" w="1328" /><ent r="3" t="21" w="1377" /><ent r="3" t="21" w="1386" /><ent r="3" t="21" w="1396" /><ent r="3" t="21" w="1406" /><ent r="3" t="21" w="1428" /><ent r="3" t="21" w="1440" /><ent r="3" t="21" w="1458" /><ent r="3" t="21" w="1701" /><ent r="3" t="21" w="1712" /><ent r="3" t="21" w="1728" /><ent r="3" t="21" w="1777" /><ent r="3" t="21" w="1779" /><ent r="3" t="21" w="1998" /><ent r="3" t="21" w="2013" /><ent r="3" t="21" w="2164" /><ent r="3" t="21" w="2170" /><ent r="3" t="21" w="2177" /><ent r="3" t="21" w="2184" /><ent r="3" t="21" w="2194" /><ent r="3" t="21" w="2489" /><ent r="3" t="21" w="2495" /><ent r="3" t="21" w="2504" /><ent r="3" t="21" w="2513" /><ent r="3" t="21" w="2523" /><ent r="3" t="21" w="2530" /><ent r="3" t="21" w="2535" /><ent r="3" t="30" w="228" /><ent r="3" t="30" w="927" /><ent r="4" t="31" w="551" /><ent r="4" t="31" w="590" /><ent r="4" t="31" w="629" /><ent r="4" t="31" w="762" /><ent r="3" t="31" w="2060" /><ent r="3" t="31" w="2186" /><ent r="3" t="31" w="2284" /><ent r="3" t="31" w="2520" /><ent r="3" t="31" w="2601" /><ent r="3" t="33" w="195" /><ent r="3" t="37" w="26" /><ent r="5" t="37" w="819" /><ent r="3" t="41" w="222" /><ent r="3" t="41" w="253" /><ent r="5" t="55" w="470" /></phr></stem><stem n="le"><phr n="le"><ent r="4" t="7" w="217" /></phr></stem><stem n="&amp;le;"><phr n="&amp;le;"><ent r="4" t="7" w="218" /></phr></stem><stem n="ge"><phr n="ge"><ent r="4" t="7" w="221" /></phr></stem><stem n="&amp;ge;"><phr n="&amp;ge;"><ent r="4" t="7" w="222" /></phr></stem><stem n="still"><phr n="still"><ent r="3" t="7" w="224" /><ent r="3" t="31" w="3733" /></phr></stem><stem n="accept"><phr n="accepts"><ent r="3" t="7" w="225" /></phr><phr n="accepted"><ent r="4" t="16" w="1456" /></phr></stem><stem n="although"><phr n="although"><ent r="3" t="7" w="228" /><ent r="4" t="16" w="209" /><ent r="3" t="18" w="416" /><ent r="3" t="23" w="1259" /></phr><phr n="Although"><ent r="3" t="14" w="1304" /></phr></stem><stem n="encourag"><phr n="encourage"><ent r="3" t="7" w="230" /></phr></stem><stem n="everyon"><phr n="everyone"><ent r="3" t="7" w="231" /></phr></stem><stem n="'re"><phr n="'re"><ent r="3" t="7" w="243" /></phr></stem><stem n="they'r"><phr n="they're"><ent r="3" t="7" w="243" /><ent r="3" t="7" w="242" /></phr></stem><stem n="re"><phr n="re"><ent r="3" t="7" w="243" /><ent r="3" t="19" w="884" /><ent r="3" t="25" w="165" /><ent r="3" t="25" w="224" /></phr></stem><stem n="easier"><phr n="easier"><ent r="3" t="7" w="244" /><ent r="3" t="25" w="1172" /><ent r="3" t="47" w="80" /></phr></stem><stem n="pass"><phr n="pass"><ent r="3" t="7" w="249" /><ent r="3" t="14" w="1165" /><ent r="3" t="31" w="4056" /><ent r="3" t="33" w="401" /><ent r="4" t="33" w="1372" /><ent r="3" t="40" w="547" /><ent r="3" t="40" w="559" /></phr><phr n="passed"><ent r="92" t="14" w="1142" /><ent r="3" t="33" w="435" /><ent r="3" t="35" w="28" /><ent r="5" t="55" w="1643" /></phr><phr n="passing"><ent r="3" t="14" w="1154" /><ent r="3" t="33" w="130" /><ent r="3" t="58" w="34" /></phr><phr n="passes"><ent r="3" t="25" w="86" /></phr><phr n="PASS"><ent r="100" t="31" w="3432" /><ent r="3" t="31" w="3436" /><ent r="3" t="31" w="3592" /></phr><phr n="Passes"><ent r="3" t="35" w="30" /></phr></stem><stem n="unchang"><phr n="unchanged"><ent r="3" t="7" w="250" /></phr></stem><stem n="counteract"><phr n="counteract"><ent r="4" t="7" w="280" /></phr></stem><stem n="previou"><phr n="previous"><ent r="4" t="7" w="282" /><ent r="6" t="16" w="441" /><ent r="5" t="31" w="1378" /><ent r="3" t="31" w="1558" /><ent r="3" t="31" w="2046" /><ent r="4" t="31" w="3171" /><ent r="4" t="33" w="544" /><ent r="5" t="55" w="435" /><ent r="5" t="55" w="457" /><ent r="5" t="55" w="1319" /></phr></stem><stem n="summari"><phr n="Summary"><ent r="100" t="7" w="290" /><ent r="82" t="7" w="294" /><ent r="92" t="53" w="39" /></phr><phr n="summary"><ent r="3" t="15" w="112" /><ent r="3" t="40" w="1229" /></phr></stem><stem n="m"><phr n="M"><ent r="6" t="7" w="301" /><ent r="3" t="14" w="1794" /><ent r="4" t="21" w="1584" /><ent r="5" t="31" w="1892" /></phr><phr n="m"><ent r="3" t="14" w="1829" /><ent r="4" t="21" w="1578" /><ent r="3" t="21" w="1714" /><ent r="3" t="30" w="867" /><ent r="3" t="30" w="888" /><ent r="3" t="30" w="904" /></phr></stem><stem n="monospac"><phr n="Monospaced"><ent r="100" t="7" w="304" /><ent r="100" t="10" w="121" /></phr><phr n="Monospace"><ent r="100" t="7" w="306" /></phr><phr n="monospaced"><ent r="5" t="7" w="316" /><ent r="3" t="10" w="134" /></phr><phr n="monospace"><ent r="7" t="7" w="509" /><ent r="8" t="7" w="514" /></phr></stem><stem n="monaco"><phr n="Monaco"><ent r="100" t="7" w="308" /><ent r="5" t="7" w="314" /></phr></stem><stem n="font"><phr n="font"><ent r="5" t="7" w="312" /><ent r="5" t="7" w="317" /><ent r="5" t="7" w="326" /><ent r="5" t="7" w="332" /><ent r="5" t="7" w="339" /><ent r="5" t="7" w="347" /><ent r="5" t="7" w="358" /><ent r="3" t="10" w="125" /><ent r="3" t="10" w="135" /><ent r="5" t="55" w="1700" /></phr><phr n="Fonts"><ent r="4" t="44" w="31" /><ent r="6" t="44" w="271" /><ent r="6" t="47" w="416" /><ent r="3" t="47" w="643" /></phr><phr n="fonts"><ent r="6" t="44" w="274" /><ent r="6" t="47" w="419" /><ent r="3" t="47" w="641" /></phr></stem><stem n="geneva"><phr n="Geneva"><ent r="100" t="7" w="322" /><ent r="5" t="7" w="328" /></phr></stem><stem n="proport"><phr n="proportional"><ent r="5" t="7" w="330" /></phr></stem><stem n="space"><phr n="spaced"><ent r="5" t="7" w="331" /></phr><phr n="spaces"><ent r="3" t="8" w="136" /><ent r="4" t="16" w="263" /><ent r="3" t="16" w="1517" /><ent r="3" t="16" w="1544" /><ent r="3" t="16" w="1581" /><ent r="3" t="21" w="1197" /></phr><phr n="space"><ent r="5" t="14" w="1223" /><ent r="5" t="14" w="1242" /><ent r="6" t="16" w="578" /><ent r="4" t="30" w="306" /><ent r="4" t="30" w="333" /><ent r="3" t="31" w="3713" /><ent r="4" t="37" w="582" /><ent r="3" t="51" w="492" /><ent r="3" t="55" w="1410" /></phr></stem></index>