﻿<?xml version="1.0" encoding="utf-8"?><index><stem n="&quot;\{"><phr n="&quot;\{"><ent r="3" t="34" w="581" /><ent r="3" t="34" w="836" /><ent r="3" t="35" w="57" /></phr></stem><stem n="abcdef"><phr n="abcdef"><ent r="3" t="34" w="584" /><ent r="3" t="34" w="839" /></phr></stem><stem n="'abcdef'"><phr n="'abcdef'"><ent r="3" t="34" w="585" /><ent r="3" t="34" w="840" /></phr></stem><stem n="}condit"><phr n="}Condition"><ent r="3" t="34" w="585" /><ent r="3" t="34" w="840" /></phr></stem><stem n="(warn"><phr n="(Warn"><ent r="3" t="34" w="596" /><ent r="3" t="34" w="851" /></phr></stem><stem n="vbscript"><phr n="VBScript"><ent r="3" t="34" w="614" /><ent r="3" t="34" w="658" /><ent r="3" t="34" w="671" /><ent r="3" t="34" w="680" /></phr><phr n="vbscript"><ent r="3" t="34" w="623" /><ent r="3" t="34" w="653" /><ent r="5" t="47" w="41" /><ent r="82" t="47" w="256" /><ent r="3" t="47" w="260" /></phr></stem><stem n="com.dartware.companionscript.vbscript"><phr n="com.dartware.companionscript.vbscript"><ent r="3" t="34" w="623" /><ent r="3" t="34" w="620" /></phr></stem><stem n="com.dartware.companionscript.vbscript.txt"><phr n="com.dartware.companionscript.vbscript.txt"><ent r="3" t="34" w="624" /><ent r="3" t="34" w="620" /></phr></stem><stem n="(com.dartware.companionscript.vbscript.txt)"><phr n="(com.dartware.companionscript.vbscript.txt)"><ent r="3" t="34" w="625" /></phr></stem><stem n="companionscript.vbscript"><phr n="companionscript.vbscript"><ent r="3" t="34" w="653" /><ent r="3" t="34" w="652" /></phr></stem><stem n="&quot;companionscript.vbscript&quot;"><phr n="&quot;companionscript.vbscript&quot;"><ent r="3" t="34" w="654" /></phr></stem><stem n="script-vbscript"><phr n="Script-VBScript"><ent r="3" t="34" w="657" /><ent r="3" t="34" w="670" /></phr></stem><stem n="-vbscript&quot;"><phr n="-VBScript&quot;"><ent r="3" t="34" w="659" /><ent r="3" t="34" w="659" /><ent r="3" t="34" w="672" /><ent r="3" t="34" w="672" /></phr></stem><stem n="vb"><phr n="VB"><ent r="3" t="34" w="700" /></phr><phr n="vbs"><ent r="3" t="34" w="759" /><ent r="3" t="47" w="279" /><ent r="3" t="47" w="322" /></phr></stem><stem n="=&quot;${cscript}&quot;"><phr n="=&quot;${CSCRIPT}&quot;"><ent r="3" t="34" w="757" /></phr></stem><stem n="test.vb"><phr n="test.vbs"><ent r="3" t="34" w="759" /><ent r="3" t="34" w="758" /></phr></stem><stem n="=&quot;test.vbs&quot;"><phr n="=&quot;test.vbs&quot;"><ent r="3" t="34" w="760" /></phr></stem><stem n=":test.vbs&gt;"><phr n=":test.vbs&gt;"><ent r="3" t="34" w="822" /></phr></stem><stem n="test.vbs&gt;"><phr n="test.vbs&gt;"><ent r="3" t="34" w="822" /><ent r="3" t="34" w="821" /><ent r="3" t="34" w="859" /><ent r="3" t="34" w="858" /></phr></stem><stem n="vbs&gt;"><phr n="vbs&gt;"><ent r="3" t="34" w="822" /><ent r="3" t="34" w="859" /></phr></stem><stem n="wscript"><phr n="wscript"><ent r="3" t="34" w="834" /><ent r="3" t="34" w="853" /></phr></stem><stem n=".echo"><phr n=".Echo"><ent r="3" t="34" w="835" /></phr></stem><stem n="wscript.echo"><phr n="wscript.Echo"><ent r="3" t="34" w="835" /><ent r="3" t="34" w="834" /></phr></stem><stem n="echo"><phr n="Echo"><ent r="3" t="34" w="835" /></phr><phr n="echo"><ent r="3" t="35" w="56" /><ent r="3" t="47" w="589" /><ent r="3" t="47" w="593" /><ent r="3" t="47" w="699" /><ent r="3" t="47" w="752" /><ent r="3" t="47" w="813" /></phr><phr n="echoes"><ent r="5" t="42" w="392" /></phr></stem><stem n="wscript.quit"><phr n="wscript.quit"><ent r="3" t="34" w="854" /><ent r="3" t="34" w="853" /></phr></stem><stem n=".quit(1)"><phr n=".quit(1)"><ent r="3" t="34" w="856" /></phr></stem><stem n="/tool:test.vbs&gt;"><phr n="/tool:test.vbs&gt;"><ent r="3" t="34" w="859" /></phr></stem><stem n="bin"><phr n="bin"><ent r="3" t="35" w="23" /><ent r="6" t="36" w="116" /><ent r="3" t="36" w="221" /><ent r="3" t="47" w="454" /></phr></stem><stem n="#!/bin/sh"><phr n="#!/bin/sh"><ent r="3" t="35" w="24" /></phr></stem><stem n="bin/sh"><phr n="bin/sh"><ent r="3" t="35" w="24" /><ent r="3" t="35" w="23" /></phr></stem><stem n="sh"><phr n="sh"><ent r="3" t="35" w="24" /><ent r="3" t="35" w="175" /><ent r="3" t="47" w="204" /><ent r="3" t="47" w="243" /><ent r="82" t="47" w="396" /></phr></stem><stem n="pretend"><phr n="pretend"><ent r="3" t="35" w="36" /></phr><phr n="Pretending"><ent r="3" t="36" w="284" /></phr></stem><stem n="&quot;\$&quot;"><phr n="&quot;\$&quot;"><ent r="3" t="35" w="43" /></phr></stem><stem n="&quot;$&quot;"><phr n="&quot;$&quot;"><ent r="3" t="35" w="47" /><ent r="3" t="35" w="49" /></phr></stem><stem n="\$addr"><phr n="\$addr"><ent r="3" t="35" w="57" /></phr></stem><stem n="$addr"><phr n="$addr"><ent r="3" t="35" w="57" /><ent r="3" t="35" w="210" /></phr></stem><stem n="$1"><phr n="$1"><ent r="3" t="35" w="58" /></phr></stem><stem n="\&quot;$1\&quot;,"><phr n="\&quot;$1\&quot;,"><ent r="3" t="35" w="59" /></phr></stem><stem n="\$result"><phr n="\$result"><ent r="3" t="35" w="59" /></phr></stem><stem n="$result"><phr n="$result"><ent r="3" t="35" w="59" /><ent r="3" t="35" w="212" /><ent r="3" t="35" w="215" /></phr></stem><stem n=":=1.2345"><phr n=":=1.2345"><ent r="3" t="35" w="61" /></phr></stem><stem n="1.2345"><phr n="1.2345"><ent r="3" t="35" w="61" /><ent r="3" t="35" w="60" /></phr></stem><stem n="2345"><phr n="2345"><ent r="3" t="35" w="61" /></phr></stem><stem n="plug"><phr n="Plug"><ent r="100" t="35" w="79" /></phr></stem><stem n="plug-in"><phr n="Plug-in"><ent r="100" t="35" w="79" /></phr></stem><stem n="com.dartware.cmd"><phr n="com.dartware.cmd"><ent r="3" t="35" w="89" /><ent r="3" t="35" w="87" /></phr></stem><stem n="com.dartware.cmd.simpl"><phr n="com.dartware.cmd.simple"><ent r="3" t="35" w="90" /><ent r="3" t="35" w="87" /></phr></stem><stem n="(com.dartware.cmd.simple)"><phr n="(com.dartware.cmd.simple)"><ent r="3" t="35" w="91" /></phr></stem><stem n="cmd.simpl"><phr n="cmd.simple"><ent r="3" t="35" w="110" /><ent r="3" t="35" w="109" /></phr></stem><stem n="&quot;cmd.simple&quot;"><phr n="&quot;cmd.simple&quot;"><ent r="3" t="35" w="111" /></phr></stem><stem n="&quot;simpl"><phr n="&quot;Simple"><ent r="3" t="35" w="113" /></phr></stem><stem n="&quot;simple.sh"><phr n="&quot;simple.sh"><ent r="3" t="35" w="175" /></phr></stem><stem n="simple.sh"><phr n="simple.sh"><ent r="3" t="35" w="175" /><ent r="3" t="35" w="174" /></phr></stem><stem n="{address}&quot;"><phr n="{ADDRESS}&quot;"><ent r="3" t="35" w="178" /><ent r="3" t="36" w="475" /></phr></stem><stem n="&lt;/down"><phr n="&lt;/down"><ent r="3" t="35" w="183" /><ent r="3" t="35" w="178" /><ent r="3" t="36" w="481" /><ent r="3" t="36" w="476" /></phr></stem><stem n="\b5\simpl"><phr n="\B5\Simple"><ent r="3" t="35" w="204" /></phr></stem><stem n="(${chartable:"><phr n="(${chartable:"><ent r="3" t="35" w="215" /></phr></stem><stem n="#.####"><phr n="#.####"><ent r="3" t="35" w="215" /></phr></stem><stem n="})"><phr n="})"><ent r="3" t="35" w="216" /></phr></stem><stem n="visit"><phr n="visit"><ent r="3" t="35" w="225" /><ent r="3" t="37" w="710" /></phr></stem><stem n="site"><phr n="site"><ent r="3" t="35" w="228" /><ent r="3" t="37" w="713" /></phr></stem><stem n="logo"><phr n="logo"><ent r="3" t="35" w="240" /><ent r="3" t="37" w="214" /><ent r="3" t="37" w="725" /><ent r="3" t="52" w="142" /><ent r="5" t="52" w="214" /><ent r="4" t="52" w="237" /><ent r="5" t="55" w="1267" /></phr><phr n="Logo"><ent r="100" t="52" w="228" /></phr></stem><stem n="trademark"><phr n="trademarks"><ent r="3" t="35" w="243" /><ent r="3" t="37" w="217" /><ent r="3" t="37" w="728" /></phr></stem><stem n="ethan"><phr n="Ethan"><ent r="3" t="35" w="245" /><ent r="3" t="37" w="219" /><ent r="3" t="37" w="730" /></phr></stem><stem n="galstad"><phr n="Galstad"><ent r="3" t="35" w="246" /><ent r="3" t="37" w="220" /><ent r="3" t="37" w="731" /></phr></stem><stem n="ship"><phr n="ships"><ent r="3" t="36" w="11" /><ent r="3" t="56" w="76" /></phr><phr n="ship"><ent r="3" t="36" w="58" /></phr><phr n="shipped"><ent r="3" t="36" w="86" /></phr></stem><stem n="across"><phr n="across"><ent r="3" t="36" w="43" /></phr></stem><stem n=".3.0"><phr n=".3.0"><ent r="4" t="36" w="51" /><ent r="4" t="60" w="47" /></phr></stem><stem n="5.3.0"><phr n="5.3.0"><ent r="4" t="36" w="51" /><ent r="4" t="36" w="49" /><ent r="4" t="60" w="47" /><ent r="4" t="60" w="45" /></phr></stem><stem n=".6"><phr n=".6"><ent r="4" t="36" w="62" /><ent r="65" t="37" w="573" /><ent r="66" t="37" w="822" /><ent r="4" t="60" w="53" /></phr></stem><stem n="2.6"><phr n="2.6"><ent r="4" t="36" w="62" /><ent r="4" t="36" w="61" /><ent r="65" t="37" w="573" /><ent r="65" t="37" w="572" /><ent r="66" t="37" w="822" /><ent r="66" t="37" w="821" /><ent r="4" t="60" w="53" /><ent r="4" t="60" w="52" /></phr></stem><stem n="optim"><phr n="optimized"><ent r="3" t="36" w="65" /><ent r="3" t="36" w="94" /></phr></stem><stem n="librari"><phr n="libraries"><ent r="3" t="36" w="67" /></phr></stem><stem n="introductori"><phr n="introductory"><ent r="3" t="36" w="71" /></phr></stem><stem n="docs.python"><phr n="docs.python"><ent r="64" t="36" w="81" /><ent r="64" t="36" w="80" /></phr></stem><stem n="docs.python.org"><phr n="docs.python.org"><ent r="64" t="36" w="82" /><ent r="64" t="36" w="80" /></phr></stem><stem n="://docs.python.org/tut"><phr n="://docs.python.org/tut"><ent r="64" t="36" w="83" /></phr></stem><stem n="docs.python.org/tut"><phr n="docs.python.org/tut"><ent r="64" t="36" w="83" /><ent r="64" t="36" w="80" /></phr></stem><stem n="tut"><phr n="tut"><ent r="64" t="36" w="83" /></phr></stem><stem n="oo"><phr n="OO"><ent r="3" t="36" w="98" /><ent r="6" t="36" w="118" /><ent r="6" t="36" w="133" /><ent r="5" t="36" w="165" /><ent r="3" t="36" w="223" /></phr></stem><stem n="(-oo),"><phr n="(-OO),"><ent r="3" t="36" w="99" /></phr></stem><stem n="macosx"><phr n="MacOSX"><ent r="6" t="36" w="107" /></phr></stem><stem n="macosx/linux"><phr n="MacOSX/Linux"><ent r="6" t="36" w="108" /><ent r="6" t="36" w="107" /></phr></stem><stem n="linux"><phr n="Linux"><ent r="6" t="36" w="108" /><ent r="4" t="47" w="37" /></phr></stem><stem n="macosx/linux/unix"><phr n="MacOSX/Linux/Unix"><ent r="6" t="36" w="109" /><ent r="6" t="36" w="107" /></phr></stem><stem n="/linux/unix:"><phr n="/Linux/Unix:"><ent r="6" t="36" w="110" /></phr></stem><stem n="usr"><phr n="usr"><ent r="6" t="36" w="111" /><ent r="3" t="36" w="216" /></phr></stem><stem n="usr/loc"><phr n="usr/local"><ent r="6" t="36" w="112" /><ent r="6" t="36" w="111" /><ent r="3" t="36" w="217" /><ent r="3" t="36" w="216" /></phr></stem><stem n="usr/local/imdc"><phr n="usr/local/imdc"><ent r="6" t="36" w="113" /><ent r="6" t="36" w="111" /><ent r="3" t="36" w="218" /><ent r="3" t="36" w="216" /></phr></stem><stem n="imdc"><phr n="imdc"><ent r="6" t="36" w="113" /><ent r="6" t="36" w="117" /><ent r="6" t="36" w="131" /><ent r="3" t="36" w="218" /><ent r="3" t="36" w="222" /></phr></stem><stem n="usr/local/imdc/cor"><phr n="usr/local/imdc/core"><ent r="6" t="36" w="114" /><ent r="6" t="36" w="111" /><ent r="3" t="36" w="219" /><ent r="3" t="36" w="216" /></phr></stem><stem n="core"><phr n="core"><ent r="6" t="36" w="114" /><ent r="6" t="36" w="129" /><ent r="3" t="36" w="219" /></phr></stem><stem n="usr/local/imdc/core/python"><phr n="usr/local/imdc/core/python"><ent r="6" t="36" w="115" /><ent r="6" t="36" w="111" /><ent r="3" t="36" w="220" /><ent r="3" t="36" w="216" /></phr></stem><stem n="usr/local/imdc/core/python/bin"><phr n="usr/local/imdc/core/python/bin"><ent r="6" t="36" w="116" /><ent r="6" t="36" w="111" /><ent r="3" t="36" w="221" /><ent r="3" t="36" w="216" /></phr></stem><stem n="/usr/local/imdc/core/python/bin/imdc"><phr n="/usr/local/imdc/core/python/bin/imdc"><ent r="6" t="36" w="117" /><ent r="3" t="36" w="222" /></phr></stem><stem n="usr/local/imdc/core/python/bin/imdc"><phr n="usr/local/imdc/core/python/bin/imdc"><ent r="6" t="36" w="117" /><ent r="6" t="36" w="111" /><ent r="3" t="36" w="222" /><ent r="3" t="36" w="216" /></phr></stem><stem n="-oo"><phr n="-OO"><ent r="6" t="36" w="118" /><ent r="6" t="36" w="118" /><ent r="6" t="36" w="133" /><ent r="6" t="36" w="133" /><ent r="5" t="36" w="165" /><ent r="5" t="36" w="165" /><ent r="3" t="36" w="223" /><ent r="3" t="36" w="223" /></phr></stem><stem n="script_nam"><phr n="script_name"><ent r="6" t="36" w="120" /><ent r="6" t="36" w="119" /><ent r="6" t="36" w="135" /><ent r="6" t="36" w="134" /></phr></stem><stem n="[script_name]"><phr n="[script_name]"><ent r="6" t="36" w="121" /><ent r="6" t="36" w="136" /></phr></stem><stem n=":\program"><phr n=":\Program"><ent r="6" t="36" w="125" /></phr></stem><stem n="dwf"><phr n="dwf"><ent r="6" t="36" w="128" /></phr></stem><stem n="\intermapper\dwf\core\python\imdc.ex"><phr n="\InterMapper\dwf\core\python\imdc.exe"><ent r="6" t="36" w="132" /></phr></stem><stem n="imdc.ex"><phr n="imdc.exe"><ent r="6" t="36" w="132" /><ent r="6" t="36" w="131" /></phr></stem><stem n="sample.py&gt;"><phr n="sample.py&gt;"><ent r="4" t="36" w="178" /><ent r="4" t="36" w="177" /></phr></stem><stem n="(&lt;tools:sample.py&gt;)"><phr n="(&lt;tools:sample.py&gt;)"><ent r="4" t="36" w="179" /></phr></stem><stem n=".py"><phr n=".py"><ent r="3" t="36" w="208" /><ent r="3" t="36" w="241" /><ent r="3" t="36" w="472" /></phr></stem><stem n="sample.pi"><phr n="sample.py"><ent r="3" t="36" w="208" /><ent r="3" t="36" w="207" /><ent r="3" t="36" w="241" /><ent r="3" t="36" w="240" /><ent r="3" t="36" w="472" /><ent r="3" t="36" w="471" /></phr></stem><stem n="#!"><phr n="#!"><ent r="3" t="36" w="216" /><ent r="3" t="47" w="454" /></phr></stem><stem n="sys.argv"><phr n="sys.argv"><ent r="3" t="36" w="251" /><ent r="3" t="36" w="250" /><ent r="3" t="36" w="259" /><ent r="3" t="36" w="258" /><ent r="3" t="36" w="266" /><ent r="3" t="36" w="265" /></phr></stem><stem n="argv"><phr n="argv"><ent r="3" t="36" w="251" /><ent r="3" t="36" w="259" /><ent r="3" t="36" w="266" /></phr></stem><stem n="(len(sys.argv)"><phr n="(len(sys.argv)"><ent r="3" t="36" w="252" /></phr></stem><stem n="&quot;usage:"><phr n="&quot;Usage:"><ent r="3" t="36" w="256" /><ent r="3" t="47" w="506" /></phr></stem><stem n="%s"><phr n="%s"><ent r="3" t="36" w="256" /><ent r="3" t="47" w="506" /></phr></stem><stem n="_address_&quot;"><phr n="_address_&quot;"><ent r="3" t="36" w="258" /></phr></stem><stem n=".argv[0]"><phr n=".argv[0]"><ent r="3" t="36" w="261" /></phr></stem><stem n="sys.exit"><phr n="sys.exit"><ent r="3" t="36" w="262" /><ent r="3" t="36" w="261" /><ent r="3" t="36" w="297" /><ent r="3" t="36" w="296" /></phr></stem><stem n=".exit(0)"><phr n=".exit(0)"><ent r="3" t="36" w="264" /></phr></stem><stem n="addr"><phr n="addr"><ent r="3" t="36" w="264" /><ent r="3" t="36" w="276" /><ent r="3" t="36" w="295" /></phr></stem><stem n=".argv[1]"><phr n=".argv[1]"><ent r="3" t="36" w="268" /></phr></stem><stem n="random"><phr n="random"><ent r="3" t="36" w="278" /><ent r="3" t="36" w="280" /><ent r="3" t="36" w="444" /><ent r="7" t="55" w="340" /></phr></stem><stem n="random.randrang"><phr n="random.randrange"><ent r="3" t="36" w="281" /><ent r="3" t="36" w="280" /></phr></stem><stem n="randrang"><phr n="randrange"><ent r="3" t="36" w="281" /></phr></stem><stem n=".randrange(4)"><phr n=".randrange(4)"><ent r="3" t="36" w="283" /></phr></stem><stem n="&quot;pretend"><phr n="&quot;Pretending"><ent r="3" t="36" w="284" /></phr></stem><stem n="got"><phr n="got"><ent r="3" t="36" w="286" /><ent r="3" t="39" w="511" /></phr></stem><stem n="%d"><phr n="%d"><ent r="3" t="36" w="288" /></phr></stem><stem n="%s&quot;"><phr n="%s&quot;"><ent r="3" t="36" w="294" /></phr></stem><stem n="(result,"><phr n="(result,"><ent r="3" t="36" w="295" /></phr></stem><stem n=".exit(result)"><phr n=".exit(result)"><ent r="3" t="36" w="299" /></phr></stem><stem n="com.dartware.python"><phr n="com.dartware.python"><ent r="3" t="36" w="318" /><ent r="3" t="36" w="316" /></phr></stem><stem n="com.dartware.python.sampl"><phr n="com.dartware.python.sample"><ent r="3" t="36" w="319" /><ent r="3" t="36" w="316" /></phr></stem><stem n="com.dartware.python.sample.txt"><phr n="com.dartware.python.sample.txt"><ent r="3" t="36" w="320" /><ent r="3" t="36" w="316" /></phr></stem><stem n="(com.dartware.python.sample.txt)"><phr n="(com.dartware.python.sample.txt)"><ent r="3" t="36" w="321" /></phr></stem><stem n="mar"><phr n="Mar"><ent r="3" t="36" w="344" /></phr></stem><stem n="2004"><phr n="2004"><ent r="3" t="36" w="345" /></phr></stem><stem n="christoph"><phr n="Christopher"><ent r="3" t="36" w="347" /></phr></stem><stem n="sweenei"><phr n="Sweeney"><ent r="3" t="36" w="349" /></phr></stem><stem n="stephen"><phr n="Stephen"><ent r="3" t="36" w="357" /></phr></stem><stem n="ryan"><phr n="Ryan"><ent r="3" t="36" w="359" /></phr></stem><stem n="dec"><phr n="Dec"><ent r="3" t="36" w="366" /></phr></stem><stem n="jan"><phr n="Jan"><ent r="3" t="36" w="381" /></phr></stem><stem n="2010"><phr n="2010"><ent r="3" t="36" w="382" /><ent r="3" t="60" w="56" /></phr></stem><stem n="=&quot;cmd-line&quot;"><phr n="=&quot;cmd-line&quot;"><ent r="3" t="36" w="394" /></phr></stem><stem n="=&quot;com.dartware&quot;"><phr n="=&quot;com.dartware&quot;"><ent r="3" t="36" w="397" /></phr></stem><stem n="probe_python"><phr n="probe_python"><ent r="3" t="36" w="399" /><ent r="3" t="36" w="397" /></phr></stem><stem n="probe_python.sampl"><phr n="probe_python.sample"><ent r="3" t="36" w="400" /><ent r="3" t="36" w="397" /></phr></stem><stem n="_name=&quot;python.sample&quot;"><phr n="_name=&quot;python.sample&quot;"><ent r="3" t="36" w="401" /></phr></stem><stem n="_name=&quot;python"><phr n="_name=&quot;Python"><ent r="3" t="36" w="403" /></phr></stem><stem n="human_python"><phr n="human_Python"><ent r="3" t="36" w="403" /><ent r="3" t="36" w="401" /></phr></stem><stem n="1.1"><phr n="1.1"><ent r="3" t="36" w="407" /><ent r="3" t="36" w="406" /></phr></stem><stem n="=&quot;1.1&quot;"><phr n="=&quot;1.1&quot;"><ent r="3" t="36" w="408" /></phr></stem><stem n="address_ip"><phr n="address_IP"><ent r="3" t="36" w="410" /><ent r="3" t="36" w="408" /></phr></stem><stem n="_type=&quot;ip&quot;"><phr n="_type=&quot;IP&quot;"><ent r="3" t="36" w="411" /></phr></stem><stem n="&quot;miscellaneous/test/python"><phr n="&quot;Miscellaneous/Test/Python"><ent r="3" t="36" w="415" /></phr></stem><stem n="miscellaneous/test/python"><phr n="Miscellaneous/Test/Python"><ent r="3" t="36" w="415" /><ent r="3" t="36" w="413" /></phr></stem><stem n="\gb\python"><phr n="\GB\Python"><ent r="3" t="36" w="421" /></phr></stem><stem n="down/alarm"><phr n="Down/Alarm"><ent r="3" t="36" w="457" /><ent r="3" t="36" w="456" /></phr></stem><stem n="down/alarm/warn"><phr n="Down/Alarm/Warning"><ent r="3" t="36" w="458" /><ent r="3" t="36" w="456" /></phr></stem><stem n="down/alarm/warning/ok"><phr n="Down/Alarm/Warning/OK"><ent r="3" t="36" w="459" /><ent r="3" t="36" w="456" /></phr></stem><stem n="down/alarm/warning/ok."><phr n="Down/Alarm/Warning/OK."><ent r="3" t="36" w="459" /><ent r="3" t="36" w="456" /></phr></stem><stem n="/alarm/warning/ok."><phr n="/Alarm/Warning/OK."><ent r="3" t="36" w="460" /></phr></stem><stem n=":${exit_code}=3"><phr n=":${EXIT_CODE}=3"><ent r="3" t="36" w="485" /></phr></stem><stem n=":${exit_code}=2"><phr n=":${EXIT_CODE}=2"><ent r="3" t="36" w="490" /></phr></stem><stem n=":${exit_code}=1"><phr n=":${EXIT_CODE}=1"><ent r="3" t="36" w="495" /></phr></stem><stem n=":${exit_code}=0"><phr n=":${EXIT_CODE}=0"><ent r="3" t="36" w="500" /></phr></stem><stem n="&lt;/&lt;"><phr n="&lt;/&lt;"><ent r="3" t="36" w="506" /><ent r="3" t="36" w="501" /></phr></stem><stem n="--intermapp"><phr n="--InterMapper"><ent r="3" t="37" w="111" /><ent r="3" t="37" w="112" /></phr></stem><stem n="line-"><phr n="line-"><ent r="3" t="37" w="111" /></phr></stem><stem n="line--intermapp"><phr n="line--InterMapper"><ent r="3" t="37" w="111" /></phr></stem><stem n="up/okai"><phr n="UP/Okay"><ent r="3" t="37" w="143" /><ent r="3" t="37" w="142" /></phr></stem><stem n="up/okay,"><phr n="UP/Okay,"><ent r="3" t="37" w="143" /><ent r="3" t="37" w="142" /></phr></stem><stem n="/okay,"><phr n="/Okay,"><ent r="3" t="37" w="144" /></phr></stem><stem n="up/alarm"><phr n="UP/Alarm"><ent r="3" t="37" w="145" /><ent r="3" t="37" w="144" /></phr></stem><stem n="up/alarm,"><phr n="UP/Alarm,"><ent r="3" t="37" w="145" /><ent r="3" t="37" w="144" /></phr></stem><stem n="/alarm,"><phr n="/Alarm,"><ent r="3" t="37" w="146" /></phr></stem><stem n="up/crit"><phr n="UP/Critical"><ent r="3" t="37" w="147" /><ent r="3" t="37" w="146" /></phr></stem><stem n="up/critical,"><phr n="UP/Critical,"><ent r="3" t="37" w="147" /><ent r="3" t="37" w="146" /></phr></stem><stem n="/critical,"><phr n="/Critical,"><ent r="3" t="37" w="148" /></phr></stem><stem n="nice"><phr n="nicely"><ent r="3" t="37" w="170" /></phr></stem><stem n="/condit"><phr n="/condition"><ent r="3" t="37" w="186" /></phr></stem><stem n="reason/condit"><phr n="reason/condition"><ent r="3" t="37" w="186" /><ent r="3" t="37" w="185" /></phr></stem><stem n="-directori"><phr n="-directory"><ent r="3" t="37" w="202" /><ent r="3" t="37" w="202" /><ent r="4" t="37" w="281" /><ent r="4" t="37" w="281" /></phr></stem><stem n="sub-directori"><phr n="sub-directory"><ent r="3" t="37" w="202" /><ent r="4" t="37" w="281" /></phr></stem><stem n="www.nagios.org/"><phr n="www.nagios.org/"><ent r="64" t="37" w="229" /><ent r="64" t="37" w="227" /></phr></stem><stem n="://www.nagios.org/"><phr n="://www.nagios.org/"><ent r="64" t="37" w="230" /></phr></stem><stem n="/execut"><phr n="/executable"><ent r="100" t="37" w="242" /><ent r="4" t="37" w="250" /></phr></stem><stem n="runnable/execut"><phr n="Runnable/executable"><ent r="100" t="37" w="242" /><ent r="100" t="37" w="241" /></phr><phr n="runnable/executable"><ent r="4" t="37" w="250" /><ent r="4" t="37" w="249" /></phr></stem><stem n="creator"><phr n="creator"><ent r="4" t="37" w="257" /></phr></stem><stem n="link/alia"><phr n="Link/alias"><ent r="100" t="37" w="260" /><ent r="100" t="37" w="259" /></phr><phr n="link/alias"><ent r="4" t="37" w="270" /><ent r="4" t="37" w="269" /></phr></stem><stem n="/alias/shortcut"><phr n="/alias/shortcut"><ent r="100" t="37" w="261" /><ent r="4" t="37" w="271" /></phr></stem><stem n="link/alias/shortcut"><phr n="Link/alias/shortcut"><ent r="100" t="37" w="261" /><ent r="100" t="37" w="259" /></phr><phr n="link/alias/shortcut"><ent r="4" t="37" w="271" /><ent r="4" t="37" w="269" /></phr></stem><stem n="shortcut"><phr n="shortcut"><ent r="100" t="37" w="261" /><ent r="4" t="37" w="271" /></phr></stem><stem n="move"><phr n="Move"><ent r="4" t="37" w="263" /></phr><phr n="move"><ent r="3" t="47" w="660" /></phr></stem><stem n="templat"><phr n="Template"><ent r="100" t="37" w="311" /><ent r="3" t="37" w="746" /><ent r="5" t="37" w="762" /><ent r="5" t="37" w="793" /><ent r="5" t="37" w="859" /><ent r="66" t="50" w="169" /><ent r="1000" t="52" w="1" /><ent r="100" t="52" w="4" /><ent r="102" t="52" w="7" /><ent r="100" t="52" w="73" /><ent r="92" t="52" w="77" /><ent r="100" t="53" w="62" /><ent r="100" t="56" w="355" /><ent r="3" t="56" w="359" /><ent r="100" t="56" w="362" /></phr><phr n="template"><ent r="4" t="50" w="119" /><ent r="3" t="50" w="267" /><ent r="4" t="52" w="24" /><ent r="3" t="52" w="36" /><ent r="3" t="52" w="53" /><ent r="3" t="52" w="85" /><ent r="6" t="53" w="60" /><ent r="7" t="53" w="67" /><ent r="6" t="53" w="77" /><ent r="7" t="53" w="82" /><ent r="7" t="53" w="87" /><ent r="6" t="53" w="104" /><ent r="6" t="53" w="110" /><ent r="7" t="53" w="405" /><ent r="7" t="53" w="426" /><ent r="3" t="55" w="120" /><ent r="5" t="55" w="1374" /><ent r="3" t="56" w="14" /><ent r="3" t="56" w="238" /><ent r="3" t="56" w="373" /><ent r="3" t="56" w="374" /><ent r="3" t="56" w="393" /><ent r="3" t="56" w="398" /><ent r="3" t="57" w="27" /></phr><phr n="templates"><ent r="4" t="50" w="217" /><ent r="4" t="50" w="253" /><ent r="3" t="56" w="101" /><ent r="3" t="56" w="163" /><ent r="3" t="56" w="258" /></phr></stem><stem n="files'"><phr n="files's"><ent r="4" t="37" w="322" /><ent r="4" t="37" w="321" /></phr></stem><stem n=":nagio"><phr n=":Nagios"><ent r="100" t="37" w="378" /></phr></stem><stem n="posix"><phr n="POSIX"><ent r="5" t="37" w="442" /></phr></stem><stem n="2.4"><phr n="2.4"><ent r="65" t="37" w="452" /><ent r="65" t="37" w="451" /></phr></stem><stem n="(yellow);"><phr n="(yellow);"><ent r="4" t="37" w="472" /></phr></stem><stem n="(red);"><phr n="(red);"><ent r="4" t="37" w="476" /></phr></stem><stem n="&lt;descript"><phr n="&lt;description"><ent r="3" t="37" w="491" /><ent r="4" t="37" w="499" /></phr></stem><stem n="status&gt;|perfdata"><phr n="status&gt;|Perfdata"><ent r="3" t="37" w="495" /></phr></stem><stem n="status&gt;"><phr n="status&gt;"><ent r="4" t="37" w="503" /></phr></stem><stem n="pipe"><phr n="pipe"><ent r="4" t="37" w="545" /></phr></stem><stem n="&quot;pipe&quot;"><phr n="&quot;pipe&quot;"><ent r="4" t="37" w="546" /></phr></stem><stem n="perfdata"><phr n="Perfdata"><ent r="4" t="37" w="553" /><ent r="4" t="37" w="555" /></phr><phr n="PERFDATA"><ent r="5" t="37" w="818" /></phr></stem><stem n="&quot;perfdata&quot;"><phr n="&quot;Perfdata&quot;"><ent r="4" t="37" w="554" /></phr></stem><stem n="(perform"><phr n="(Performance"><ent r="4" t="37" w="556" /></phr></stem><stem n="space-separ"><phr n="space-separated"><ent r="4" t="37" w="582" /></phr></stem><stem n="label'valu"><phr n="label'value"><ent r="3" t="37" w="592" /><ent r="3" t="37" w="591" /></phr></stem><stem n="uom"><phr n="UOM"><ent r="3" t="37" w="593" /></phr></stem><stem n="'label'=value[uom];[warn];[crit];[min];[max]"><phr n="'label'=value[UOM];[warn];[crit];[min];[max]"><ent r="3" t="37" w="598" /></phr></stem><stem n="/code&gt;"><phr n="/code&gt;"><ent r="3" t="37" w="600" /></phr></stem><stem n="&lt;/code&gt;"><phr n="&lt;/code&gt;"><ent r="3" t="37" w="600" /><ent r="3" t="37" w="599" /></phr></stem><stem n="code&gt;"><phr n="code&gt;"><ent r="3" t="37" w="600" /></phr></stem><stem n="_load"><phr n="_load"><ent r="3" t="37" w="609" /></phr></stem><stem n="check_load"><phr n="check_load"><ent r="3" t="37" w="609" /><ent r="3" t="37" w="608" /><ent r="3" t="37" w="636" /><ent r="3" t="37" w="635" /></phr></stem><stem n="./check_load"><phr n="./check_load"><ent r="3" t="37" w="636" /></phr></stem><stem n="15,10"><phr n="15,10"><ent r="3" t="37" w="639" /><ent r="3" t="37" w="638" /></phr></stem><stem n=",10,5"><phr n=",10,5"><ent r="3" t="37" w="640" /></phr></stem><stem n="15,10,5"><phr n="15,10,5"><ent r="3" t="37" w="640" /><ent r="3" t="37" w="638" /></phr></stem><stem n="30,25"><phr n="30,25"><ent r="3" t="37" w="643" /><ent r="3" t="37" w="642" /></phr></stem><stem n=",25,20"><phr n=",25,20"><ent r="3" t="37" w="644" /></phr></stem><stem n="30,25,20"><phr n="30,25,20"><ent r="3" t="37" w="644" /><ent r="3" t="37" w="642" /></phr></stem><stem n="0.95"><phr n="0.95"><ent r="3" t="37" w="649" /><ent r="3" t="37" w="648" /></phr></stem><stem n="95"><phr n="95"><ent r="3" t="37" w="649" /></phr></stem><stem n="0.95,"><phr n="0.95,"><ent r="3" t="37" w="649" /><ent r="3" t="37" w="648" /></phr></stem><stem n=".95,"><phr n=".95,"><ent r="3" t="37" w="650" /></phr></stem><stem n="0.72"><phr n="0.72"><ent r="3" t="37" w="651" /><ent r="3" t="37" w="650" /></phr></stem><stem n="0.72,"><phr n="0.72,"><ent r="3" t="37" w="651" /><ent r="3" t="37" w="650" /></phr></stem><stem n=".72,"><phr n=".72,"><ent r="3" t="37" w="652" /></phr></stem><stem n="0.64|load1"><phr n="0.64|load1"><ent r="3" t="37" w="653" /><ent r="3" t="37" w="652" /></phr></stem><stem n="64|load1"><phr n="64|load1"><ent r="3" t="37" w="653" /></phr></stem><stem n="0.0.954"><phr n="0.0.954"><ent r="3" t="37" w="655" /><ent r="3" t="37" w="652" /></phr></stem><stem n="954"><phr n="954"><ent r="3" t="37" w="655" /></phr></stem><stem n="15.000"><phr n="15.000"><ent r="3" t="37" w="657" /><ent r="3" t="37" w="656" /></phr></stem><stem n="000"><phr n="000"><ent r="3" t="37" w="657" /><ent r="3" t="37" w="659" /><ent r="3" t="37" w="665" /><ent r="3" t="37" w="667" /><ent r="3" t="37" w="673" /><ent r="3" t="37" w="675" /><ent r="3" t="40" w="592" /></phr></stem><stem n="30.000"><phr n="30.000"><ent r="3" t="37" w="659" /><ent r="3" t="37" w="658" /></phr></stem><stem n=".64|load1=0.954;15.000;30.000;0;"><phr n=".64|load1=0.954;15.000;30.000;0;"><ent r="3" t="37" w="661" /></phr></stem></index>