﻿<?xml version="1.0" encoding="utf-8"?><index><stem n="~files/tool"><phr n="~files/tools"><ent r="6" t="44" w="300" /><ent r="6" t="44" w="299" /><ent r="6" t="47" w="445" /><ent r="6" t="47" w="444" /></phr></stem><stem n="/~files/webpag"><phr n="/~files/webpages"><ent r="6" t="44" w="306" /><ent r="6" t="47" w="451" /></phr></stem><stem n="~files/webpag"><phr n="~files/webpages"><ent r="6" t="44" w="306" /><ent r="6" t="44" w="305" /><ent r="6" t="47" w="451" /><ent r="6" t="47" w="450" /></phr></stem><stem n="webpag"><phr n="webpages"><ent r="6" t="44" w="306" /><ent r="6" t="47" w="451" /><ent r="3" t="47" w="637" /></phr></stem><stem n="payload"><phr n="payload"><ent r="3" t="44" w="333" /><ent r="3" t="45" w="298" /></phr></stem><stem n="port/~fil"><phr n="port/~files"><ent r="3" t="44" w="365" /><ent r="3" t="44" w="364" /><ent r="3" t="44" w="521" /><ent r="3" t="44" w="520" /></phr></stem><stem n="port/~files/icon"><phr n="port/~files/icons"><ent r="3" t="44" w="366" /><ent r="3" t="44" w="364" /></phr></stem><stem n="port/~files/icons/fold"><phr n="port/~files/icons/Folder"><ent r="3" t="44" w="367" /><ent r="3" t="44" w="364" /></phr></stem><stem n="port/~files/icons/folder/filenam"><phr n="port/~files/icons/Folder/Filename"><ent r="3" t="44" w="368" /><ent r="3" t="44" w="364" /></phr></stem><stem n="://imserver:port/~files/icons/folder/filename.typ"><phr n="://imserver:port/~files/icons/Folder/Filename.type"><ent r="3" t="44" w="369" /></phr></stem><stem n="port/~files/icons/folder/filename.typ"><phr n="port/~files/icons/Folder/Filename.type"><ent r="3" t="44" w="369" /><ent r="3" t="44" w="364" /></phr></stem><stem n="(jpeg"><phr n="(jpeg"><ent r="3" t="44" w="380" /></phr></stem><stem n="jpeg"><phr n="jpeg"><ent r="3" t="44" w="380" /><ent r="5" t="55" w="825" /><ent r="5" t="55" w="1238" /></phr><phr n="Jpeg"><ent r="100" t="55" w="811" /></phr></stem><stem n="png"><phr n="png"><ent r="3" t="44" w="382" /><ent r="3" t="44" w="417" /><ent r="3" t="44" w="425" /><ent r="5" t="55" w="815" /><ent r="6" t="55" w="1225" /><ent r="5" t="55" w="1236" /></phr><phr n="Png"><ent r="100" t="55" w="809" /></phr><phr n="PNG"><ent r="5" t="55" w="822" /></phr></stem><stem n="curl"><phr n="curl"><ent r="3" t="44" w="393" /><ent r="3" t="44" w="411" /><ent r="3" t="44" w="493" /><ent r="3" t="44" w="507" /><ent r="3" t="45" w="388" /><ent r="3" t="45" w="401" /><ent r="3" t="46" w="130" /><ent r="3" t="46" w="144" /><ent r="3" t="46" w="165" /><ent r="3" t="46" w="182" /><ent r="3" t="47" w="188" /><ent r="3" t="47" w="468" /><ent r="3" t="47" w="552" /><ent r="3" t="47" w="577" /><ent r="3" t="47" w="666" /><ent r="3" t="47" w="845" /></phr></stem><stem n="(should"><phr n="(should"><ent r="3" t="44" w="404" /></phr></stem><stem n="--data-binari"><phr n="--data-binary"><ent r="3" t="44" w="412" /><ent r="3" t="44" w="414" /><ent r="3" t="44" w="511" /><ent r="3" t="44" w="513" /><ent r="3" t="45" w="405" /><ent r="3" t="45" w="407" /></phr></stem><stem n="data-binari"><phr n="data-binary"><ent r="3" t="44" w="412" /><ent r="3" t="44" w="511" /><ent r="3" t="45" w="405" /></phr></stem><stem n="path/to"><phr n="path/to"><ent r="3" t="44" w="415" /><ent r="3" t="44" w="414" /><ent r="3" t="44" w="514" /><ent r="3" t="44" w="513" /><ent r="3" t="45" w="408" /><ent r="3" t="45" w="407" /></phr></stem><stem n="path/to/sampl"><phr n="path/to/sample"><ent r="3" t="44" w="416" /><ent r="3" t="44" w="414" /></phr></stem><stem n="@/path/to/sample.png"><phr n="@/path/to/sample.png"><ent r="3" t="44" w="417" /></phr></stem><stem n="path/to/sample.png"><phr n="path/to/sample.png"><ent r="3" t="44" w="417" /><ent r="3" t="44" w="414" /></phr></stem><stem n="8080"><phr n="8080"><ent r="3" t="44" w="420" /><ent r="3" t="47" w="226" /><ent r="3" t="47" w="249" /><ent r="3" t="47" w="328" /><ent r="3" t="47" w="475" /></phr></stem><stem n="8080/~file"><phr n="8080/~files"><ent r="3" t="44" w="421" /><ent r="3" t="44" w="420" /></phr></stem><stem n="8080/~files/icon"><phr n="8080/~files/icons"><ent r="3" t="44" w="422" /><ent r="3" t="44" w="420" /></phr></stem><stem n="8080/~files/icons/default"><phr n="8080/~files/icons/Default"><ent r="3" t="44" w="423" /><ent r="3" t="44" w="420" /></phr></stem><stem n="8080/~files/icons/default/sampl"><phr n="8080/~files/icons/Default/sample"><ent r="3" t="44" w="424" /><ent r="3" t="44" w="420" /></phr></stem><stem n="://localhost:8080/~files/icons/default/sample.png"><phr n="://localhost:8080/~files/icons/Default/sample.png"><ent r="3" t="44" w="425" /></phr></stem><stem n="8080/~files/icons/default/sample.png"><phr n="8080/~files/icons/Default/sample.png"><ent r="3" t="44" w="425" /><ent r="3" t="44" w="420" /></phr></stem><stem n="renam"><phr n="renamed"><ent r="3" t="44" w="451" /></phr></stem><stem n="overwrit"><phr n="overwriting"><ent r="3" t="44" w="454" /></phr></stem><stem n="&quot;.1&quot;,"><phr n="&quot;.1&quot;,"><ent r="3" t="44" w="461" /></phr></stem><stem n="&quot;.2&quot;,"><phr n="&quot;.2&quot;,"><ent r="3" t="44" w="462" /></phr></stem><stem n="--user"><phr n="--user"><ent r="3" t="44" w="508" /><ent r="3" t="44" w="509" /><ent r="3" t="45" w="402" /><ent r="3" t="45" w="403" /><ent r="3" t="46" w="145" /><ent r="3" t="46" w="146" /><ent r="3" t="46" w="183" /><ent r="3" t="46" w="184" /></phr></stem><stem n=":pa55w0rd"><phr n=":Pa55w0rd"><ent r="3" t="44" w="510" /><ent r="3" t="45" w="404" /><ent r="3" t="46" w="147" /><ent r="3" t="46" w="185" /></phr></stem><stem n="pa55w0rd"><phr n="Pa55w0rd"><ent r="3" t="44" w="510" /><ent r="3" t="45" w="404" /><ent r="3" t="46" w="147" /><ent r="3" t="46" w="185" /></phr></stem><stem n="path/to/loc"><phr n="path/to/local"><ent r="3" t="44" w="515" /><ent r="3" t="44" w="513" /></phr></stem><stem n="path/to/local/map"><phr n="path/to/local/map"><ent r="3" t="44" w="516" /><ent r="3" t="44" w="513" /></phr></stem><stem n="@/path/to/local/map_fil"><phr n="@/path/to/local/map_file"><ent r="3" t="44" w="517" /></phr></stem><stem n="path/to/local/map_fil"><phr n="path/to/local/map_file"><ent r="3" t="44" w="517" /><ent r="3" t="44" w="513" /></phr></stem><stem n="port/~files/map"><phr n="port/~files/maps"><ent r="3" t="44" w="522" /><ent r="3" t="44" w="520" /></phr></stem><stem n="port/~files/maps/map"><phr n="port/~files/maps/map"><ent r="3" t="44" w="523" /><ent r="3" t="44" w="520" /></phr></stem><stem n="://imserver:port/~files/maps/map_fil"><phr n="://imserver:port/~files/maps/map_file"><ent r="3" t="44" w="524" /></phr></stem><stem n="port/~files/maps/map_fil"><phr n="port/~files/maps/map_file"><ent r="3" t="44" w="524" /><ent r="3" t="44" w="520" /></phr></stem><stem n="table-bas"><phr n="Table-based"><ent r="3" t="45" w="9" /><ent r="82" t="45" w="274" /></phr><phr n="table-based"><ent r="3" t="45" w="15" /></phr></stem><stem n="&quot;tables&quot;"><phr n="&quot;tables&quot;"><ent r="3" t="45" w="54" /></phr></stem><stem n="port/~export"><phr n="port/~export"><ent r="3" t="45" w="114" /><ent r="3" t="45" w="113" /><ent r="3" t="45" w="184" /><ent r="3" t="45" w="183" /><ent r="3" t="45" w="220" /><ent r="3" t="45" w="219" /><ent r="3" t="45" w="244" /><ent r="3" t="45" w="243" /><ent r="3" t="46" w="189" /><ent r="3" t="46" w="188" /></phr></stem><stem n="~export"><phr n="~export"><ent r="3" t="45" w="114" /><ent r="3" t="45" w="184" /><ent r="3" t="45" w="220" /><ent r="3" t="45" w="244" /><ent r="3" t="46" w="189" /></phr></stem><stem n="port/~export/tablenam"><phr n="port/~export/tablename"><ent r="3" t="45" w="115" /><ent r="3" t="45" w="113" /></phr></stem><stem n="tablenam"><phr n="tablename"><ent r="3" t="45" w="115" /></phr></stem><stem n="port/~export/tablename.format"><phr n="port/~export/tablename.format"><ent r="3" t="45" w="116" /><ent r="3" t="45" w="113" /></phr></stem><stem n="://imserver:port/~export/tablename.format?"><phr n="://imserver:port/~export/tablename.format?"><ent r="3" t="45" w="117" /></phr></stem><stem n="(options)"><phr n="(options)"><ent r="4" t="45" w="119" /></phr></stem><stem n=".tab"><phr n=".tab"><ent r="4" t="45" w="124" /></phr></stem><stem n=".csv"><phr n=".csv"><ent r="4" t="45" w="133" /></phr></stem><stem n=".xml"><phr n=".xml"><ent r="4" t="45" w="142" /></phr></stem><stem n="xml"><phr n="xml"><ent r="4" t="45" w="142" /></phr><phr n="XML"><ent r="4" t="45" w="146" /></phr></stem><stem n=".html-"><phr n=".html-"><ent r="4" t="45" w="150" /></phr></stem><stem n="html-"><phr n="html-"><ent r="4" t="45" w="150" /></phr></stem><stem n="&quot;fields=....&quot;"><phr n="&quot;fields=....&quot;"><ent r="3" t="45" w="165" /></phr></stem><stem n="&quot;schema&quot;"><phr n="&quot;schema&quot;"><ent r="3" t="45" w="175" /></phr></stem><stem n="port/~export/schema"><phr n="port/~export/schema"><ent r="3" t="45" w="185" /><ent r="3" t="45" w="183" /></phr></stem><stem n="://imserver:port/~export/schema.html"><phr n="://imserver:port/~export/schema.html"><ent r="3" t="45" w="186" /></phr></stem><stem n="port/~export/schema.html"><phr n="port/~export/schema.html"><ent r="3" t="45" w="186" /><ent r="3" t="45" w="183" /></phr></stem><stem n="port/~export/devic"><phr n="port/~export/devices"><ent r="3" t="45" w="221" /><ent r="3" t="45" w="219" /><ent r="3" t="45" w="245" /><ent r="3" t="45" w="243" /><ent r="3" t="46" w="190" /><ent r="3" t="46" w="188" /></phr></stem><stem n="://imserver:port/~export/devices.tab"><phr n="://imserver:port/~export/devices.tab"><ent r="3" t="45" w="222" /></phr></stem><stem n="port/~export/devices.tab"><phr n="port/~export/devices.tab"><ent r="3" t="45" w="222" /><ent r="3" t="45" w="219" /><ent r="3" t="45" w="246" /><ent r="3" t="45" w="243" /><ent r="3" t="46" w="191" /><ent r="3" t="46" w="188" /></phr></stem><stem n="id,nam"><phr n="id,name"><ent r="3" t="45" w="249" /><ent r="3" t="45" w="248" /></phr></stem><stem n="id,name,macadress"><phr n="id,name,macadress"><ent r="3" t="45" w="250" /><ent r="3" t="45" w="248" /></phr></stem><stem n="macadress"><phr n="macadress"><ent r="3" t="45" w="250" /></phr></stem><stem n="://imserver:port/~export/devices.tab?fields=id,name,macadress,address"><phr n="://imserver:port/~export/devices.tab?fields=id,name,macadress,address"><ent r="3" t="45" w="251" /></phr></stem><stem n="id,name,macadress,address"><phr n="id,name,macadress,address"><ent r="3" t="45" w="251" /><ent r="3" t="45" w="248" /></phr></stem><stem n="macaddress"><phr n="MACAddress"><ent r="3" t="45" w="268" /></phr></stem><stem n="port/~import"><phr n="port/~import"><ent r="3" t="45" w="303" /><ent r="3" t="45" w="302" /><ent r="3" t="45" w="414" /><ent r="3" t="45" w="413" /></phr></stem><stem n="~import"><phr n="~import"><ent r="3" t="45" w="303" /><ent r="3" t="45" w="414" /></phr></stem><stem n="://imserver:port/~import/filenam"><phr n="://imserver:port/~import/filename"><ent r="3" t="45" w="304" /></phr></stem><stem n="port/~import/filenam"><phr n="port/~import/filename"><ent r="3" t="45" w="304" /><ent r="3" t="45" w="302" /></phr></stem><stem n="-&gt;data"><phr n="-&gt;Data"><ent r="3" t="45" w="374" /><ent r="3" t="45" w="374" /></phr></stem><stem n="import-&gt;data"><phr n="Import-&gt;Data"><ent r="3" t="45" w="374" /></phr></stem><stem n="&gt;data"><phr n="&gt;Data"><ent r="3" t="45" w="375" /></phr></stem><stem n="remoteaccess'"><phr n="RemoteAccess's"><ent r="3" t="45" w="382" /><ent r="3" t="45" w="381" /></phr></stem><stem n="path/to/import"><phr n="path/to/import"><ent r="3" t="45" w="409" /><ent r="3" t="45" w="407" /></phr></stem><stem n="@/path/to/import/fil"><phr n="@/path/to/import/file"><ent r="3" t="45" w="410" /></phr></stem><stem n="path/to/import/fil"><phr n="path/to/import/file"><ent r="3" t="45" w="410" /><ent r="3" t="45" w="407" /></phr></stem><stem n="://imserver:port/~import/fil"><phr n="://imserver:port/~import/file"><ent r="3" t="45" w="415" /></phr></stem><stem n="port/~import/fil"><phr n="port/~import/file"><ent r="3" t="45" w="415" /><ent r="3" t="45" w="413" /></phr></stem><stem n="port/mapid"><phr n="port/mapid"><ent r="3" t="46" w="32" /><ent r="3" t="46" w="31" /><ent r="3" t="46" w="151" /><ent r="3" t="46" w="150" /></phr></stem><stem n="mapid"><phr n="mapid"><ent r="3" t="46" w="32" /><ent r="5" t="46" w="42" /><ent r="4" t="46" w="45" /><ent r="3" t="46" w="151" /></phr><phr n="MapId"><ent r="4" t="46" w="124" /><ent r="3" t="46" w="193" /></phr><phr n="MapID"><ent r="3" t="46" w="178" /></phr><phr n="mapId"><ent r="3" t="46" w="224" /><ent r="3" t="46" w="240" /></phr></stem><stem n="port/mapid/devic"><phr n="port/mapid/device"><ent r="3" t="46" w="33" /><ent r="3" t="46" w="31" /><ent r="3" t="46" w="152" /><ent r="3" t="46" w="150" /></phr></stem><stem n="port/mapid/device/deviceimid"><phr n="port/mapid/device/deviceIMID"><ent r="3" t="46" w="34" /><ent r="3" t="46" w="31" /><ent r="3" t="46" w="153" /><ent r="3" t="46" w="150" /></phr></stem><stem n="deviceimid"><phr n="deviceIMID"><ent r="3" t="46" w="34" /><ent r="5" t="46" w="51" /><ent r="3" t="46" w="153" /></phr></stem><stem n="port/mapid/device/deviceimid/"><phr n="port/mapid/device/deviceIMID/"><ent r="3" t="46" w="34" /><ent r="3" t="46" w="31" /><ent r="3" t="46" w="153" /><ent r="3" t="46" w="150" /></phr></stem><stem n="acknowledge.cgi"><phr n="acknowledge.cgi"><ent r="3" t="46" w="36" /><ent r="3" t="46" w="35" /><ent r="4" t="46" w="106" /><ent r="4" t="46" w="105" /><ent r="3" t="46" w="155" /><ent r="3" t="46" w="154" /><ent r="3" t="46" w="221" /><ent r="3" t="46" w="220" /><ent r="3" t="46" w="237" /><ent r="3" t="46" w="236" /></phr></stem><stem n="cgi"><phr n="cgi"><ent r="3" t="46" w="36" /><ent r="4" t="46" w="106" /><ent r="3" t="46" w="155" /><ent r="3" t="46" w="221" /><ent r="3" t="46" w="237" /></phr></stem><stem n="://imserver:port/mapid/device/deviceimid/*acknowledge.cgi?message=url+encoded+str"><phr n="://imserver:port/mapid/device/deviceIMID/*acknowledge.cgi?message=URL+encoded+string"><ent r="3" t="46" w="38" /></phr></stem><stem n="url+encoded+str"><phr n="URL+encoded+string"><ent r="3" t="46" w="38" /><ent r="3" t="46" w="242" /></phr></stem><stem n="imid"><phr n="IMID"><ent r="4" t="46" w="54" /><ent r="4" t="46" w="126" /><ent r="3" t="46" w="180" /><ent r="3" t="46" w="194" /><ent r="3" t="46" w="225" /><ent r="3" t="46" w="241" /></phr></stem><stem n="-encod"><phr n="-encoded"><ent r="4" t="46" w="67" /><ent r="4" t="46" w="67" /></phr></stem><stem n="url-encod"><phr n="URL-encoded"><ent r="4" t="46" w="67" /></phr></stem><stem n="device.html"><phr n="device.html"><ent r="4" t="46" w="97" /><ent r="4" t="46" w="96" /><ent r="5" t="51" w="597" /><ent r="5" t="51" w="596" /><ent r="100" t="55" w="1458" /><ent r="100" t="55" w="1457" /><ent r="4" t="55" w="1470" /><ent r="4" t="55" w="1469" /><ent r="5" t="55" w="1514" /><ent r="5" t="55" w="1513" /><ent r="5" t="55" w="1592" /><ent r="5" t="55" w="1591" /></phr><phr n="Device.html"><ent r="100" t="51" w="594" /><ent r="100" t="51" w="593" /><ent r="100" t="55" w="1447" /><ent r="100" t="55" w="1446" /></phr></stem><stem n="&quot;!device.html&quot;"><phr n="&quot;!device.html&quot;"><ent r="4" t="46" w="98" /></phr></stem><stem n="&quot;*acknowledge.cgi?message=....&quot;."><phr n="&quot;*acknowledge.cgi?message=....&quot;."><ent r="4" t="46" w="108" /></phr></stem><stem n="review"><phr n="Review"><ent r="4" t="46" w="109" /></phr></stem><stem n="(you"><phr n="(you"><ent r="4" t="46" w="113" /></phr></stem><stem n="://imserver:port/mapid/device/deviceimid/*acknowledge.cgi?message=url+encoded+text+str"><phr n="://imserver:port/mapid/device/deviceIMID/*acknowledge.cgi?message=URL+encoded+text+string"><ent r="3" t="46" w="157" /></phr></stem><stem n="url+encoded+text+str"><phr n="URL+encoded+text+string"><ent r="3" t="46" w="157" /></phr></stem><stem n="-d"><phr n="-d"><ent r="3" t="46" w="158" /><ent r="3" t="46" w="158" /></phr></stem><stem n="&quot;dummi"><phr n="&quot;dummy"><ent r="3" t="46" w="159" /></phr></stem><stem n="dummi"><phr n="dummy"><ent r="3" t="46" w="159" /><ent r="3" t="47" w="87" /></phr></stem><stem n="mapid,imid"><phr n="MapId,IMID"><ent r="3" t="46" w="194" /><ent r="3" t="46" w="193" /></phr></stem><stem n="mapid,imid,address"><phr n="MapId,IMID,address"><ent r="3" t="46" w="195" /><ent r="3" t="46" w="193" /></phr></stem><stem n="://imserver:port/~export/devices.tab?fields=mapid,imid,address,nam"><phr n="://imserver:port/~export/devices.tab?fields=MapId,IMID,address,name"><ent r="3" t="46" w="196" /></phr></stem><stem n="mapid,imid,address,nam"><phr n="MapId,IMID,address,name"><ent r="3" t="46" w="196" /><ent r="3" t="46" w="193" /></phr></stem><stem n="s/devic"><phr n="s/device"><ent r="3" t="46" w="218" /><ent r="3" t="46" w="217" /><ent r="3" t="46" w="234" /><ent r="3" t="46" w="233" /></phr></stem><stem n="s/device/"><phr n="s/device/"><ent r="3" t="46" w="218" /><ent r="3" t="46" w="217" /><ent r="3" t="46" w="234" /><ent r="3" t="46" w="233" /></phr></stem><stem n="&quot;http://imserver:port/%s/device/%s/*acknowledge.cgi?message=%s&quot;"><phr n="&quot;http://imserver:port/%s/device/%s/*acknowledge.cgi?message=%s&quot;"><ent r="3" t="46" w="224" /><ent r="3" t="46" w="240" /></phr></stem><stem n="(mapid,"><phr n="(mapId,"><ent r="3" t="46" w="225" /><ent r="3" t="46" w="241" /></phr></stem><stem n="imid,urllib"><phr n="IMID,urllib"><ent r="3" t="46" w="226" /><ent r="3" t="46" w="225" /></phr></stem><stem n="urllib"><phr n="urllib"><ent r="3" t="46" w="226" /></phr></stem><stem n="imid,urllib.urlencod"><phr n="IMID,urllib.urlencode"><ent r="3" t="46" w="227" /><ent r="3" t="46" w="225" /></phr></stem><stem n=",urllib.urlencode([('message',"><phr n=",urllib.urlencode([('message',"><ent r="3" t="46" w="229" /></phr></stem><stem n="messagestr"><phr n="messageStr"><ent r="3" t="46" w="229" /></phr></stem><stem n=")]))"><phr n=")]))"><ent r="3" t="46" w="230" /></phr></stem><stem n="imid,url+encoded+str"><phr n="IMID,URL+encoded+string"><ent r="3" t="46" w="242" /><ent r="3" t="46" w="241" /></phr></stem><stem n=",url+encoded+string)"><phr n=",URL+encoded+string)"><ent r="3" t="46" w="243" /></phr></stem><stem n="/linux"><phr n="/Linux"><ent r="4" t="47" w="37" /></phr></stem><stem n="unix/linux"><phr n="Unix/Linux"><ent r="4" t="47" w="37" /><ent r="4" t="47" w="36" /></phr></stem><stem n="intend"><phr n="intended"><ent r="3" t="47" w="76" /></phr></stem><stem n="someplac"><phr n="someplace"><ent r="3" t="47" w="91" /></phr></stem><stem n="&quot;temporary&quot;"><phr n="&quot;Temporary&quot;"><ent r="3" t="47" w="171" /><ent r="4" t="47" w="392" /></phr></stem><stem n="bash"><phr n="bash"><ent r="3" t="47" w="187" /><ent r="3" t="47" w="455" /></phr></stem><stem n="tr"><phr n="tr"><ent r="3" t="47" w="189" /><ent r="3" t="47" w="560" /><ent r="3" t="47" w="582" /></phr></stem><stem n="grep"><phr n="grep"><ent r="3" t="47" w="190" /><ent r="3" t="47" w="596" /></phr></stem><stem n="sed"><phr n="sed"><ent r="3" t="47" w="191" /><ent r="3" t="47" w="702" /><ent r="3" t="47" w="707" /><ent r="3" t="47" w="755" /><ent r="3" t="47" w="760" /></phr></stem><stem n="awk"><phr n="awk"><ent r="3" t="47" w="193" /><ent r="3" t="47" w="471" /><ent r="3" t="47" w="695" /><ent r="3" t="47" w="713" /><ent r="3" t="47" w="748" /><ent r="3" t="47" w="766" /></phr></stem><stem n="clone_im"><phr n="clone_im"><ent r="3" t="47" w="203" /><ent r="3" t="47" w="202" /><ent r="3" t="47" w="242" /><ent r="3" t="47" w="241" /><ent r="3" t="47" w="278" /><ent r="3" t="47" w="277" /><ent r="3" t="47" w="321" /><ent r="3" t="47" w="320" /><ent r="82" t="47" w="395" /><ent r="82" t="47" w="394" /></phr></stem><stem n="_im.sh"><phr n="_im.sh"><ent r="3" t="47" w="204" /><ent r="3" t="47" w="243" /><ent r="82" t="47" w="396" /></phr></stem><stem n="clone_im.sh"><phr n="clone_im.sh"><ent r="3" t="47" w="204" /><ent r="3" t="47" w="202" /><ent r="3" t="47" w="243" /><ent r="3" t="47" w="241" /><ent r="82" t="47" w="396" /><ent r="82" t="47" w="394" /></phr></stem><stem n="[options]"><phr n="[options]"><ent r="3" t="47" w="206" /></phr></stem><stem n="remote_host"><phr n="remote_host"><ent r="3" t="47" w="208" /><ent r="3" t="47" w="207" /><ent r="3" t="47" w="221" /><ent r="3" t="47" w="220" /><ent r="3" t="47" w="294" /><ent r="3" t="47" w="293" /></phr></stem><stem n="[remote_host_nam"><phr n="[remote_host_name"><ent r="3" t="47" w="209" /></phr></stem><stem n="remote_host_nam"><phr n="remote_host_name"><ent r="3" t="47" w="209" /><ent r="3" t="47" w="207" /><ent r="3" t="47" w="222" /><ent r="3" t="47" w="220" /><ent r="3" t="47" w="295" /><ent r="3" t="47" w="293" /></phr></stem><stem n="[remote_port"><phr n="[remote_port"><ent r="3" t="47" w="212" /></phr></stem><stem n="remote_port"><phr n="remote_port"><ent r="3" t="47" w="212" /><ent r="3" t="47" w="211" /><ent r="3" t="47" w="225" /><ent r="3" t="47" w="224" /><ent r="3" t="47" w="285" /><ent r="3" t="47" w="284" /><ent r="3" t="47" w="301" /><ent r="3" t="47" w="300" /></phr></stem><stem n="-u"><phr n="-u"><ent r="3" t="47" w="213" /><ent r="3" t="47" w="213" /><ent r="3" t="47" w="250" /><ent r="3" t="47" w="250" /></phr></stem><stem n="[remote_us"><phr n="[remote_user"><ent r="3" t="47" w="215" /></phr></stem><stem n="remote_us"><phr n="remote_user"><ent r="3" t="47" w="215" /><ent r="3" t="47" w="214" /><ent r="3" t="47" w="235" /><ent r="3" t="47" w="234" /><ent r="3" t="47" w="288" /><ent r="3" t="47" w="287" /></phr></stem><stem n="remote_password"><phr n="remote_password"><ent r="3" t="47" w="218" /><ent r="3" t="47" w="217" /><ent r="3" t="47" w="238" /><ent r="3" t="47" w="237" /><ent r="3" t="47" w="291" /><ent r="3" t="47" w="290" /></phr></stem><stem n="[remote_password]"><phr n="[remote_password]"><ent r="3" t="47" w="219" /></phr></stem><stem n="_host_nam"><phr n="_host_name"><ent r="3" t="47" w="222" /><ent r="3" t="47" w="295" /></phr></stem><stem n="&quot;localhost&quot;"><phr n="&quot;localhost&quot;"><ent r="3" t="47" w="224" /></phr></stem><stem n="_port"><phr n="_port"><ent r="3" t="47" w="225" /><ent r="3" t="47" w="301" /></phr></stem><stem n="_user"><phr n="_user"><ent r="3" t="47" w="235" /></phr></stem><stem n="_password"><phr n="_password"><ent r="3" t="47" w="238" /></phr></stem><stem n="nitro"><phr n="nitro"><ent r="3" t="47" w="245" /><ent r="3" t="47" w="324" /></phr></stem><stem n="nitro.dartwar"><phr n="nitro.dartware"><ent r="3" t="47" w="246" /><ent r="3" t="47" w="245" /><ent r="3" t="47" w="325" /><ent r="3" t="47" w="324" /></phr></stem><stem n=".dartware.com"><phr n=".dartware.com"><ent r="3" t="47" w="247" /></phr></stem><stem n="nitro.dartware.com"><phr n="nitro.dartware.com"><ent r="3" t="47" w="247" /><ent r="3" t="47" w="245" /><ent r="3" t="47" w="326" /><ent r="3" t="47" w="324" /></phr></stem><stem n="imus"><phr n="IMuser"><ent r="3" t="47" w="251" /><ent r="3" t="47" w="330" /></phr></stem><stem n="userpass"><phr n="UsErpaSS"><ent r="3" t="47" w="253" /><ent r="3" t="47" w="332" /></phr></stem><stem n="intermapper_settings."><phr n="InterMapper_Settings."><ent r="3" t="47" w="271" /><ent r="3" t="47" w="270" /></phr></stem><stem n="_settings."><phr n="_Settings."><ent r="3" t="47" w="272" /></phr></stem><stem n="_im.vb"><phr n="_im.vbs"><ent r="3" t="47" w="279" /><ent r="3" t="47" w="322" /></phr></stem><stem n="clone_im.vb"><phr n="clone_im.vbs"><ent r="3" t="47" w="279" /><ent r="3" t="47" w="277" /><ent r="3" t="47" w="322" /><ent r="3" t="47" w="320" /></phr></stem><stem n="remote_hostnam"><phr n="remote_hostname"><ent r="3" t="47" w="282" /><ent r="3" t="47" w="281" /></phr></stem><stem n="hostnam"><phr n="hostname"><ent r="3" t="47" w="282" /></phr></stem><stem n="/host:[remote_hostname]"><phr n="/host:[remote_hostname]"><ent r="3" t="47" w="283" /></phr></stem><stem n="/port:[remote_port]"><phr n="/port:[remote_port]"><ent r="3" t="47" w="286" /></phr></stem><stem n="/user:[remote_user]"><phr n="/user:[remote_user]"><ent r="3" t="47" w="289" /></phr></stem><stem n="/password:[remote_password]"><phr n="/password:[remote_password]"><ent r="3" t="47" w="292" /></phr></stem><stem n="(none,"><phr n="(none,"><ent r="3" t="47" w="297" /><ent r="3" t="47" w="305" /><ent r="3" t="47" w="312" /></phr></stem><stem n="80"><phr n="80"><ent r="3" t="47" w="302" /></phr></stem><stem n="-login"><phr n="-login"><ent r="3" t="47" w="306" /><ent r="3" t="47" w="306" /><ent r="3" t="47" w="313" /><ent r="3" t="47" w="313" /><ent r="4" t="47" w="363" /><ent r="4" t="47" w="363" /></phr></stem><stem n="auto-login"><phr n="auto-login"><ent r="3" t="47" w="306" /><ent r="3" t="47" w="313" /><ent r="4" t="47" w="363" /></phr></stem><stem n="/host:nitro.dartware.com"><phr n="/host:nitro.dartware.com"><ent r="3" t="47" w="326" /></phr></stem><stem n="/port:8080"><phr n="/port:8080"><ent r="3" t="47" w="328" /></phr></stem><stem n="/user:imus"><phr n="/user:IMuser"><ent r="3" t="47" w="330" /></phr></stem><stem n="/password:userpass"><phr n="/password:UsErpaSS"><ent r="3" t="47" w="332" /></phr></stem><stem n="/secure:tru"><phr n="/secure:true"><ent r="3" t="47" w="334" /></phr></stem><stem n="&quot;secure&quot;"><phr n="&quot;secure&quot;"><ent r="4" t="47" w="348" /></phr></stem><stem n="-level"><phr n="-level"><ent r="4" t="47" w="381" /><ent r="4" t="47" w="381" /><ent r="3" t="47" w="544" /><ent r="3" t="47" w="544" /><ent r="5" t="55" w="1582" /><ent r="5" t="55" w="1582" /></phr></stem><stem n="top-level"><phr n="top-level"><ent r="4" t="47" w="381" /><ent r="3" t="47" w="544" /></phr></stem><stem n="/bin/bash"><phr n="/bin/bash"><ent r="3" t="47" w="455" /></phr></stem><stem n="bin/bash"><phr n="bin/bash"><ent r="3" t="47" w="455" /><ent r="3" t="47" w="454" /></phr></stem><stem n="gnu"><phr n="gnu"><ent r="3" t="47" w="470" /><ent r="3" t="47" w="694" /></phr></stem><stem n="=localhost"><phr n="=localhost"><ent r="3" t="47" w="473" /></phr></stem><stem n="=8080"><phr n="=8080"><ent r="3" t="47" w="475" /></phr></stem><stem n="=admin"><phr n="=admin"><ent r="3" t="47" w="477" /><ent r="3" t="47" w="479" /></phr></stem><stem n="getopt"><phr n="getopts"><ent r="3" t="47" w="482" /></phr></stem><stem n="'r:t:u:p:'"><phr n="'r:t:u:p:'"><ent r="3" t="47" w="487" /></phr></stem><stem n="$option"><phr n="$OPTION"><ent r="3" t="47" w="490" /></phr></stem><stem n="$optarg"><phr n="$OPTARG"><ent r="3" t="47" w="494" /><ent r="3" t="47" w="497" /><ent r="3" t="47" w="500" /><ent r="3" t="47" w="503" /></phr></stem><stem n="=&quot;$optarg&quot;"><phr n="=&quot;$OPTARG&quot;"><ent r="3" t="47" w="495" /><ent r="3" t="47" w="498" /><ent r="3" t="47" w="501" /><ent r="3" t="47" w="504" /></phr></stem><stem n=";;"><phr n=";;"><ent r="3" t="47" w="495" /><ent r="3" t="47" w="498" /><ent r="3" t="47" w="501" /><ent r="3" t="47" w="504" /><ent r="3" t="47" w="517" /><ent r="3" t="47" w="624" /><ent r="3" t="47" w="627" /><ent r="3" t="47" w="631" /><ent r="3" t="47" w="634" /><ent r="3" t="47" w="637" /><ent r="3" t="47" w="644" /><ent r="3" t="47" w="647" /><ent r="3" t="47" w="650" /></phr></stem><stem n="?)"><phr n="?)"><ent r="3" t="47" w="504" /></phr></stem><stem n="remotehost"><phr n="remotehost"><ent r="3" t="47" w="508" /></phr></stem><stem n="\n&quot;"><phr n="\n&quot;"><ent r="3" t="47" w="510" /></phr></stem><stem n="(basenam"><phr n="(basename"><ent r="3" t="47" w="511" /><ent r="3" t="47" w="815" /><ent r="3" t="47" w="820" /></phr></stem><stem n="basenam"><phr n="basename"><ent r="3" t="47" w="511" /><ent r="3" t="47" w="587" /><ent r="3" t="47" w="673" /><ent r="3" t="47" w="815" /><ent r="3" t="47" w="820" /></phr></stem><stem n="$0"><phr n="$0"><ent r="3" t="47" w="512" /><ent r="3" t="47" w="716" /><ent r="3" t="47" w="725" /><ent r="3" t="47" w="727" /><ent r="3" t="47" w="736" /><ent r="3" t="47" w="740" /><ent r="3" t="47" w="769" /><ent r="3" t="47" w="778" /><ent r="3" t="47" w="780" /><ent r="3" t="47" w="789" /><ent r="3" t="47" w="793" /></phr></stem><stem n="&amp;2"><phr n="&amp;2"><ent r="3" t="47" w="514" /></phr></stem><stem n="esac"><phr n="esac"><ent r="3" t="47" w="517" /><ent r="3" t="47" w="650" /></phr></stem><stem n="$user"><phr n="$user"><ent r="3" t="47" w="520" /><ent r="3" t="47" w="524" /></phr></stem></index>