﻿<?xml version="1.0" encoding="utf-8"?><index><stem n="{intermapperlogo}"><phr n="{intermapperlogo}"><ent r="6" t="55" w="1253" /></phr></stem><stem n="&quot;made"><phr n="&quot;Made"><ent r="5" t="55" w="1264" /></phr></stem><stem n="advantag"><phr n="advantage"><ent r="3" t="55" w="1302" /></phr></stem><stem n="htmlrefreshmetatag"><phr n="Htmlrefreshmetatag"><ent r="100" t="55" w="1307" /></phr><phr n="htmlrefreshmetatag"><ent r="6" t="55" w="1310" /><ent r="6" t="55" w="1365" /></phr></stem><stem n="{htmlrefreshmetatag}"><phr n="{htmlrefreshmetatag}"><ent r="6" t="55" w="1311" /><ent r="6" t="55" w="1366" /></phr></stem><stem n="(insert"><phr n="(Inserts"><ent r="5" t="55" w="1326" /></phr></stem><stem n="-equiv"><phr n="-equiv"><ent r="100" t="55" w="1330" /><ent r="100" t="55" w="1330" /></phr></stem><stem n="http-equiv"><phr n="http-equiv"><ent r="100" t="55" w="1330" /><ent r="6" t="55" w="1334" /></phr></stem><stem n="equiv"><phr n="equiv"><ent r="100" t="55" w="1331" /><ent r="6" t="55" w="1335" /></phr></stem><stem n="&lt;meta"><phr n="&lt;meta"><ent r="6" t="55" w="1333" /></phr></stem><stem n="-equiv=&quot;refresh&quot;...&gt;"><phr n="-equiv=&quot;refresh&quot;...&gt;"><ent r="6" t="55" w="1337" /><ent r="6" t="55" w="1337" /></phr></stem><stem n="htmlrefreshmetaopt"><phr n="Htmlrefreshmetaoptions"><ent r="100" t="55" w="1345" /></phr><phr n="htmlrefreshmetaoptions"><ent r="6" t="55" w="1348" /><ent r="6" t="55" w="1388" /></phr></stem><stem n="{htmlrefreshmetaoptions}"><phr n="{htmlrefreshmetaoptions}"><ent r="6" t="55" w="1349" /><ent r="6" t="55" w="1389" /></phr></stem><stem n="&lt;form&gt;&lt;select&gt;"><phr n="&lt;form&gt;&lt;select&gt;"><ent r="6" t="55" w="1379" /></phr></stem><stem n="&lt;/select&gt;&lt;"><phr n="&lt;/select&gt;&lt;"><ent r="6" t="55" w="1381" /><ent r="6" t="55" w="1380" /></phr></stem><stem n="select&gt;&lt;"><phr n="select&gt;&lt;"><ent r="6" t="55" w="1381" /></phr></stem><stem n="...&lt;/select&gt;&lt;/form&gt;"><phr n="...&lt;/select&gt;&lt;/form&gt;"><ent r="6" t="55" w="1382" /></phr></stem><stem n="&lt;/select&gt;&lt;/form&gt;"><phr n="&lt;/select&gt;&lt;/form&gt;"><ent r="6" t="55" w="1382" /><ent r="6" t="55" w="1380" /></phr></stem><stem n="form&gt;"><phr n="form&gt;"><ent r="6" t="55" w="1382" /></phr></stem><stem n="surround"><phr n="surrounding"><ent r="5" t="55" w="1384" /></phr></stem><stem n="-escap"><phr n="-escaped"><ent r="3" t="55" w="1404" /><ent r="3" t="55" w="1404" /></phr></stem><stem n="fulli"><phr n="fully"><ent r="3" t="55" w="1404" /></phr></stem><stem n="fully-escap"><phr n="fully-escaped"><ent r="3" t="55" w="1404" /></phr></stem><stem n="(&quot;"><phr n="(&quot;"><ent r="3" t="55" w="1412" /></phr></stem><stem n="&quot;?&quot;"><phr n="&quot;?&quot;"><ent r="3" t="55" w="1421" /></phr></stem><stem n="%3f"><phr n="%3F"><ent r="4" t="55" w="1423" /></phr></stem><stem n="localhost/map1"><phr n="Localhost/Map1"><ent r="100" t="55" w="1450" /><ent r="100" t="55" w="1449" /></phr><phr n="localhost/Map1"><ent r="4" t="55" w="1462" /><ent r="4" t="55" w="1461" /></phr></stem><stem n="map1"><phr n="Map1"><ent r="100" t="55" w="1450" /><ent r="4" t="55" w="1462" /><ent r="5" t="55" w="1506" /><ent r="5" t="55" w="1537" /><ent r="5" t="55" w="1616" /></phr></stem><stem n="localhost/map1/devic"><phr n="Localhost/Map1/device"><ent r="100" t="55" w="1451" /><ent r="100" t="55" w="1449" /></phr><phr n="localhost/Map1/device"><ent r="4" t="55" w="1463" /><ent r="4" t="55" w="1461" /></phr></stem><stem n="localhost/map1/device/192"><phr n="Localhost/Map1/device/192"><ent r="100" t="55" w="1452" /><ent r="100" t="55" w="1449" /></phr><phr n="localhost/Map1/device/192"><ent r="4" t="55" w="1464" /><ent r="4" t="55" w="1461" /></phr></stem><stem n="localhost/map1/device/192.168"><phr n="Localhost/Map1/device/192.168"><ent r="100" t="55" w="1453" /><ent r="100" t="55" w="1449" /></phr><phr n="localhost/Map1/device/192.168"><ent r="4" t="55" w="1465" /><ent r="4" t="55" w="1461" /></phr></stem><stem n="localhost/map1/device/192.168.0"><phr n="Localhost/Map1/device/192.168.0"><ent r="100" t="55" w="1454" /><ent r="100" t="55" w="1449" /></phr><phr n="localhost/Map1/device/192.168.0"><ent r="4" t="55" w="1466" /><ent r="4" t="55" w="1461" /></phr></stem><stem n="localhost/map1/device/192.168.0.1"><phr n="Localhost/Map1/device/192.168.0.1"><ent r="100" t="55" w="1455" /><ent r="100" t="55" w="1449" /></phr><phr n="localhost/Map1/device/192.168.0.1"><ent r="4" t="55" w="1467" /><ent r="4" t="55" w="1461" /></phr></stem><stem n="3asnmp"><phr n="3ASNMP"><ent r="100" t="55" w="1456" /><ent r="4" t="55" w="1468" /><ent r="5" t="55" w="1512" /><ent r="5" t="55" w="1576" /><ent r="5" t="55" w="1622" /></phr></stem><stem n="/map1/device/192.168.0.1%3asnmp/!device.html"><phr n="/Map1/device/192.168.0.1%3ASNMP/!device.html"><ent r="100" t="55" w="1458" /></phr></stem><stem n="://localhost/map1/device/192.168.0.1%3asnmp/!device.html"><phr n="://localhost/Map1/device/192.168.0.1%3ASNMP/!device.html"><ent r="4" t="55" w="1470" /></phr></stem><stem n="webpageurl"><phr n="Webpageurl"><ent r="100" t="55" w="1472" /></phr><phr n="webpageurl"><ent r="6" t="55" w="1475" /></phr></stem><stem n="{webpageurl}"><phr n="{webpageurl}"><ent r="6" t="55" w="1476" /></phr></stem><stem n="httppath"><phr n="httppath"><ent r="6" t="55" w="1495" /></phr></stem><stem n="{httppath}"><phr n="{httppath}"><ent r="6" t="55" w="1496" /></phr></stem><stem n="map1/devic"><phr n="Map1/device"><ent r="5" t="55" w="1507" /><ent r="5" t="55" w="1506" /><ent r="5" t="55" w="1617" /><ent r="5" t="55" w="1616" /></phr></stem><stem n="map1/device/192"><phr n="Map1/device/192"><ent r="5" t="55" w="1508" /><ent r="5" t="55" w="1506" /><ent r="5" t="55" w="1618" /><ent r="5" t="55" w="1616" /></phr></stem><stem n="map1/device/192.168"><phr n="Map1/device/192.168"><ent r="5" t="55" w="1509" /><ent r="5" t="55" w="1506" /><ent r="5" t="55" w="1619" /><ent r="5" t="55" w="1616" /></phr></stem><stem n="map1/device/192.168.0"><phr n="Map1/device/192.168.0"><ent r="5" t="55" w="1510" /><ent r="5" t="55" w="1506" /><ent r="5" t="55" w="1620" /><ent r="5" t="55" w="1616" /></phr></stem><stem n="map1/device/192.168.0.1"><phr n="Map1/device/192.168.0.1"><ent r="5" t="55" w="1511" /><ent r="5" t="55" w="1506" /><ent r="5" t="55" w="1621" /><ent r="5" t="55" w="1616" /></phr></stem><stem n="&quot;/map1/device/192.168.0.1%3asnmp/!device.html&quot;)"><phr n="&quot;/Map1/device/192.168.0.1%3ASNMP/!device.html&quot;)"><ent r="5" t="55" w="1515" /></phr></stem><stem n="httpdocument"><phr n="httpdocument"><ent r="6" t="55" w="1517" /><ent r="6" t="55" w="1602" /></phr></stem><stem n="{httpdocument}"><phr n="{httpdocument}"><ent r="6" t="55" w="1518" /><ent r="6" t="55" w="1603" /></phr></stem><stem n="httpclass"><phr n="httpclass"><ent r="6" t="55" w="1540" /><ent r="6" t="55" w="1606" /></phr></stem><stem n="{httpclass}"><phr n="{httpclass}"><ent r="6" t="55" w="1541" /><ent r="6" t="55" w="1607" /></phr></stem><stem n="(device,"><phr n="(device,"><ent r="5" t="55" w="1551" /></phr></stem><stem n="&quot;device&quot;)"><phr n="&quot;device&quot;)"><ent r="5" t="55" w="1558" /></phr></stem><stem n="httpinstanc"><phr n="httpinstance"><ent r="6" t="55" w="1560" /><ent r="6" t="55" w="1610" /></phr></stem><stem n="{httpinstance}"><phr n="{httpinstance}"><ent r="6" t="55" w="1561" /><ent r="6" t="55" w="1611" /></phr></stem><stem n="192.168.0"><phr n="192.168.0"><ent r="5" t="55" w="1574" /><ent r="5" t="55" w="1572" /></phr></stem><stem n="192.168.0.1"><phr n="192.168.0.1"><ent r="5" t="55" w="1575" /><ent r="5" t="55" w="1572" /></phr></stem><stem n="&quot;192.168.0.1%3asnmp&quot;)"><phr n="&quot;192.168.0.1%3ASNMP&quot;)"><ent r="5" t="55" w="1577" /></phr></stem><stem n="httpmethod"><phr n="httpmethod"><ent r="6" t="55" w="1579" /></phr></stem><stem n="{httpmethod}"><phr n="{httpmethod}"><ent r="6" t="55" w="1580" /></phr></stem><stem n="fourth-level"><phr n="fourth-level"><ent r="5" t="55" w="1582" /></phr></stem><stem n="&quot;!device.html&quot;)"><phr n="&quot;!device.html&quot;)"><ent r="5" t="55" w="1593" /></phr></stem><stem n="httpinstancepath"><phr n="httpinstancepath"><ent r="6" t="55" w="1595" /></phr></stem><stem n="{httpinstancepath}"><phr n="{httpinstancepath}"><ent r="6" t="55" w="1596" /></phr></stem><stem n="&quot;/map1/device/192.168.0.1%3asnmp&quot;)"><phr n="&quot;/Map1/device/192.168.0.1%3ASNMP&quot;)"><ent r="5" t="55" w="1623" /></phr></stem><stem n="httpparam"><phr n="httpparam"><ent r="6" t="55" w="1625" /><ent r="5" t="55" w="1687" /><ent r="5" t="55" w="1693" /><ent r="5" t="55" w="1699" /></phr><phr n="httpparams"><ent r="6" t="55" w="1710" /><ent r="5" t="55" w="1756" /><ent r="100" t="55" w="1763" /><ent r="6" t="55" w="1767" /><ent r="100" t="55" w="1770" /><ent r="6" t="55" w="1774" /><ent r="100" t="55" w="1777" /><ent r="6" t="55" w="1781" /><ent r="100" t="55" w="1784" /><ent r="6" t="55" w="1788" /><ent r="100" t="55" w="1791" /><ent r="6" t="55" w="1795" /><ent r="6" t="55" w="1799" /><ent r="5" t="55" w="1825" /><ent r="6" t="55" w="1851" /><ent r="6" t="55" w="1878" /><ent r="6" t="55" w="1904" /><ent r="6" t="55" w="1931" /></phr></stem><stem n="{httpparam:"><phr n="{httpparam:"><ent r="6" t="55" w="1626" /><ent r="5" t="55" w="1688" /><ent r="5" t="55" w="1694" /><ent r="5" t="55" w="1700" /></phr></stem><stem n="affix"><phr n="affixed"><ent r="5" t="55" w="1649" /></phr></stem><stem n="question"><phr n="question"><ent r="5" t="55" w="1655" /></phr></stem><stem n="www.example.com/testmap"><phr n="www.example.com/TestMap"><ent r="6" t="55" w="1680" /><ent r="6" t="55" w="1677" /><ent r="6" t="55" w="1749" /><ent r="6" t="55" w="1746" /></phr></stem><stem n="www.example.com/testmap/"><phr n="www.example.com/TestMap/"><ent r="6" t="55" w="1680" /><ent r="6" t="55" w="1677" /><ent r="6" t="55" w="1749" /><ent r="6" t="55" w="1746" /></phr></stem><stem n="://www.example.com/testmap/?color=red&amp;style=bold"><phr n="://www.example.com/TestMap/?color=red&amp;style=bold"><ent r="6" t="55" w="1684" /><ent r="6" t="55" w="1753" /></phr></stem><stem n="&quot;red&quot;"><phr n="&quot;red&quot;"><ent r="5" t="55" w="1691" /></phr></stem><stem n="&quot;bold&quot;"><phr n="&quot;bold&quot;"><ent r="5" t="55" w="1697" /></phr></stem><stem n="{httpparams}"><phr n="{httpparams}"><ent r="6" t="55" w="1711" /><ent r="5" t="55" w="1757" /><ent r="6" t="55" w="1932" /></phr></stem><stem n="&quot;color=red&amp;style=bold&quot;"><phr n="&quot;color=red&amp;style=bold&quot;"><ent r="5" t="55" w="1762" /></phr></stem><stem n="_endchart"><phr n="_endchart"><ent r="100" t="55" w="1764" /></phr></stem><stem n="httpparams_endchart"><phr n="httpparams_endchart"><ent r="100" t="55" w="1764" /><ent r="100" t="55" w="1763" /><ent r="6" t="55" w="1768" /><ent r="6" t="55" w="1767" /><ent r="6" t="55" w="1800" /><ent r="6" t="55" w="1799" /></phr></stem><stem n="endchart"><phr n="endchart"><ent r="100" t="55" w="1764" /><ent r="6" t="55" w="1768" /><ent r="6" t="55" w="1800" /></phr></stem><stem n="{httpparams_endchart}"><phr n="{httpparams_endchart}"><ent r="6" t="55" w="1769" /><ent r="6" t="55" w="1801" /></phr></stem><stem n="_nextchart"><phr n="_nextchart"><ent r="100" t="55" w="1771" /></phr></stem><stem n="httpparams_nextchart"><phr n="httpparams_nextchart"><ent r="100" t="55" w="1771" /><ent r="100" t="55" w="1770" /><ent r="6" t="55" w="1775" /><ent r="6" t="55" w="1774" /><ent r="5" t="55" w="1826" /><ent r="5" t="55" w="1825" /></phr></stem><stem n="nextchart"><phr n="nextchart"><ent r="100" t="55" w="1771" /><ent r="6" t="55" w="1775" /><ent r="5" t="55" w="1826" /></phr></stem><stem n="{httpparams_nextchart}"><phr n="{httpparams_nextchart}"><ent r="6" t="55" w="1776" /><ent r="5" t="55" w="1827" /></phr></stem><stem n="_prevchart"><phr n="_prevchart"><ent r="100" t="55" w="1778" /></phr></stem><stem n="httpparams_prevchart"><phr n="httpparams_prevchart"><ent r="100" t="55" w="1778" /><ent r="100" t="55" w="1777" /><ent r="6" t="55" w="1782" /><ent r="6" t="55" w="1781" /><ent r="6" t="55" w="1852" /><ent r="6" t="55" w="1851" /></phr></stem><stem n="prevchart"><phr n="prevchart"><ent r="100" t="55" w="1778" /><ent r="6" t="55" w="1782" /><ent r="6" t="55" w="1852" /></phr></stem><stem n="{httpparams_prevchart}"><phr n="{httpparams_prevchart}"><ent r="6" t="55" w="1783" /><ent r="6" t="55" w="1853" /></phr></stem><stem n="_startchart"><phr n="_startchart"><ent r="100" t="55" w="1785" /></phr></stem><stem n="httpparams_startchart"><phr n="httpparams_startchart"><ent r="100" t="55" w="1785" /><ent r="100" t="55" w="1784" /><ent r="6" t="55" w="1789" /><ent r="6" t="55" w="1788" /><ent r="6" t="55" w="1879" /><ent r="6" t="55" w="1878" /></phr></stem><stem n="startchart"><phr n="startchart"><ent r="100" t="55" w="1785" /><ent r="6" t="55" w="1789" /><ent r="6" t="55" w="1879" /></phr></stem><stem n="{httpparams_startchart}"><phr n="{httpparams_startchart}"><ent r="6" t="55" w="1790" /><ent r="6" t="55" w="1880" /></phr></stem><stem n="_timescal"><phr n="_timescale"><ent r="100" t="55" w="1792" /></phr></stem><stem n="httpparams_timescal"><phr n="httpparams_timescale"><ent r="100" t="55" w="1792" /><ent r="100" t="55" w="1791" /><ent r="6" t="55" w="1796" /><ent r="6" t="55" w="1795" /><ent r="6" t="55" w="1905" /><ent r="6" t="55" w="1904" /></phr></stem><stem n="timescal"><phr n="timescale"><ent r="100" t="55" w="1792" /><ent r="6" t="55" w="1796" /><ent r="6" t="55" w="1905" /><ent r="5" t="55" w="1913" /></phr></stem><stem n="{httpparams_timescale}"><phr n="{httpparams_timescale}"><ent r="6" t="55" w="1797" /></phr></stem><stem n="endtim"><phr n="endtime"><ent r="5" t="55" w="1807" /><ent r="5" t="55" w="1832" /><ent r="5" t="55" w="1859" /><ent r="5" t="55" w="1886" /></phr></stem><stem n="&quot;endtime&quot;"><phr n="&quot;endtime&quot;"><ent r="5" t="55" w="1808" /><ent r="5" t="55" w="1833" /><ent r="5" t="55" w="1860" /><ent r="5" t="55" w="1887" /></phr></stem><stem n="chart'"><phr n="chart's"><ent r="5" t="55" w="1812" /><ent r="5" t="55" w="1811" /><ent r="5" t="55" w="1891" /><ent r="5" t="55" w="1890" /></phr></stem><stem n="scroll"><phr n="scrolling"><ent r="5" t="55" w="1816" /><ent r="5" t="55" w="1895" /><ent r="5" t="55" w="1938" /></phr><phr n="scrolls"><ent r="5" t="55" w="1841" /><ent r="5" t="55" w="1868" /></phr></stem><stem n="{httpparams_timescale:"><phr n="{httpparams_timescale:"><ent r="6" t="55" w="1906" /></phr></stem><stem n="&quot;timescale&quot;"><phr n="&quot;timescale&quot;"><ent r="5" t="55" w="1914" /></phr></stem><stem n="nearli"><phr n="nearly"><ent r="5" t="55" w="1926" /></phr></stem><stem n="{anchor:"><phr n="{anchor:"><ent r="6" t="55" w="1964" /><ent r="7" t="55" w="1987" /></phr></stem><stem n="attr"><phr n="attr"><ent r="6" t="55" w="1967" /><ent r="7" t="55" w="2016" /><ent r="6" t="55" w="2033" /><ent r="6" t="55" w="2043" /><ent r="6" t="55" w="2051" /><ent r="6" t="55" w="2070" /></phr></stem><stem n="{attr}"><phr n="{attr}"><ent r="6" t="55" w="1968" /><ent r="7" t="55" w="2017" /><ent r="6" t="55" w="2071" /></phr></stem><stem n="&quot;anchor&quot;"><phr n="&quot;anchor&quot;"><ent r="6" t="55" w="1973" /><ent r="6" t="55" w="1979" /><ent r="6" t="55" w="1992" /></phr></stem><stem n="{anchor}"><phr n="{anchor}"><ent r="7" t="55" w="2010" /></phr></stem><stem n="{anchor:class=&quot;header&quot;}"><phr n="{anchor:class=&quot;header&quot;}"><ent r="6" t="55" w="2027" /></phr></stem><stem n="maplist.html"><phr n="maplist.html"><ent r="6" t="55" w="2031" /><ent r="6" t="55" w="2030" /></phr></stem><stem n="=&quot;maplist.html&quot;"><phr n="=&quot;maplist.html&quot;"><ent r="6" t="55" w="2032" /></phr></stem><stem n="{attr}&gt;map"><phr n="{attr}&gt;Map"><ent r="6" t="55" w="2034" /></phr></stem><stem n="&gt;map"><phr n="&gt;Map"><ent r="6" t="55" w="2034" /></phr></stem><stem n="list&lt;"><phr n="List&lt;"><ent r="6" t="55" w="2035" /></phr></stem><stem n="/a&gt;"><phr n="/A&gt;"><ent r="6" t="55" w="2036" /></phr></stem><stem n="list&lt;/a&gt;"><phr n="List&lt;/A&gt;"><ent r="6" t="55" w="2036" /><ent r="6" t="55" w="2035" /></phr></stem><stem n="a&gt;"><phr n="A&gt;"><ent r="6" t="55" w="2036" /><ent r="6" t="55" w="2045" /><ent r="6" t="55" w="2053" /></phr></stem><stem n="=&quot;${telnetserverurl}&quot;"><phr n="=&quot;${TelnetServerURL}&quot;"><ent r="6" t="55" w="2042" /></phr></stem><stem n="&gt;telnet&lt;"><phr n="&gt;Telnet&lt;"><ent r="6" t="55" w="2044" /></phr></stem><stem n="{attr}&gt;telnet&lt;/a&gt;"><phr n="{attr}&gt;Telnet&lt;/A&gt;"><ent r="6" t="55" w="2045" /></phr></stem><stem n="&gt;telnet&lt;/a&gt;"><phr n="&gt;Telnet&lt;/A&gt;"><ent r="6" t="55" w="2045" /><ent r="6" t="55" w="2044" /></phr></stem><stem n="&gt;home&lt;"><phr n="&gt;Home&lt;"><ent r="6" t="55" w="2052" /></phr></stem><stem n="=&quot;${webserverurl}&quot;${attr}&gt;home&lt;/a&gt;"><phr n="=&quot;${WebServerURL}&quot;${attr}&gt;Home&lt;/A&gt;"><ent r="6" t="55" w="2053" /></phr></stem><stem n="&gt;home&lt;/a&gt;"><phr n="&gt;Home&lt;/A&gt;"><ent r="6" t="55" w="2053" /><ent r="6" t="55" w="2052" /></phr></stem><stem n="{anchor:}"><phr n="{anchor:}"><ent r="6" t="55" w="2056" /><ent r="6" t="55" w="2085" /></phr></stem><stem n="'class=&quot;header&quot;'."><phr n="'class=&quot;header&quot;'."><ent r="6" t="55" w="2067" /></phr></stem><stem n="afterward"><phr n="Afterward"><ent r="6" t="55" w="2082" /></phr></stem><stem n="structur"><phr n="Structure"><ent r="1000" t="56" w="2" /><ent r="100" t="56" w="5" /><ent r="102" t="56" w="8" /></phr></stem><stem n=":level"><phr n=":level"><ent r="100" t="56" w="44" /><ent r="100" t="57" w="14" /></phr></stem><stem n="adminhtml"><phr n="AdminHTML"><ent r="100" t="56" w="91" /></phr></stem><stem n="~adminhtml"><phr n="~AdminHTML"><ent r="3" t="56" w="93" /><ent r="3" t="56" w="411" /></phr></stem><stem n="peopl"><phr n="People"><ent r="3" t="56" w="113" /></phr></stem><stem n="intermapper.domainnam"><phr n="intermapper.domainname"><ent r="3" t="56" w="149" /><ent r="3" t="56" w="148" /><ent r="3" t="56" w="207" /><ent r="3" t="56" w="206" /><ent r="3" t="56" w="283" /><ent r="3" t="56" w="282" /></phr></stem><stem n="domainnam"><phr n="domainname"><ent r="3" t="56" w="149" /><ent r="3" t="56" w="207" /><ent r="3" t="56" w="283" /></phr></stem><stem n="intermapper.domainname.com"><phr n="intermapper.domainname.com"><ent r="3" t="56" w="150" /><ent r="3" t="56" w="148" /><ent r="3" t="56" w="208" /><ent r="3" t="56" w="206" /><ent r="3" t="56" w="284" /><ent r="3" t="56" w="282" /></phr></stem><stem n="intermapper.domainname.com/~admin"><phr n="intermapper.domainname.com/~admin"><ent r="3" t="56" w="151" /><ent r="3" t="56" w="148" /></phr></stem><stem n="intermapper.domainname.com/~admin/filenam"><phr n="intermapper.domainname.com/~admin/filename"><ent r="3" t="56" w="152" /><ent r="3" t="56" w="148" /></phr></stem><stem n="://intermapper.domainname.com/~admin/filename.html"><phr n="://intermapper.domainname.com/~admin/filename.html"><ent r="3" t="56" w="153" /></phr></stem><stem n="intermapper.domainname.com/~admin/filename.html"><phr n="intermapper.domainname.com/~admin/filename.html"><ent r="3" t="56" w="153" /><ent r="3" t="56" w="148" /></phr></stem><stem n="guesthtml"><phr n="GuestHTML"><ent r="100" t="56" w="155" /></phr></stem><stem n="~guesthtml"><phr n="~GuestHTML"><ent r="3" t="56" w="157" /></phr></stem><stem n="author"><phr n="authorized"><ent r="3" t="56" w="183" /></phr></stem><stem n="bypass"><phr n="bypass"><ent r="3" t="56" w="190" /></phr></stem><stem n="mechan"><phr n="mechanism"><ent r="3" t="56" w="195" /></phr></stem><stem n="intermapper.domainname.com/~error"><phr n="intermapper.domainname.com/~error"><ent r="3" t="56" w="209" /><ent r="3" t="56" w="206" /></phr></stem><stem n="~error"><phr n="~error"><ent r="3" t="56" w="209" /></phr></stem><stem n="intermapper.domainname.com/~error/filenam"><phr n="intermapper.domainname.com/~error/filename"><ent r="3" t="56" w="210" /><ent r="3" t="56" w="206" /></phr></stem><stem n="://intermapper.domainname.com/~error/filename.html"><phr n="://intermapper.domainname.com/~error/filename.html"><ent r="3" t="56" w="211" /></phr></stem><stem n="intermapper.domainname.com/~error/filename.html"><phr n="intermapper.domainname.com/~error/filename.html"><ent r="3" t="56" w="211" /><ent r="3" t="56" w="206" /></phr></stem><stem n="permaphtml"><phr n="PerMapHTML"><ent r="100" t="56" w="250" /><ent r="3" t="56" w="252" /><ent r="3" t="56" w="413" /></phr></stem><stem n="document'"><phr n="document's"><ent r="3" t="56" w="274" /><ent r="3" t="56" w="273" /></phr></stem><stem n="://intermapper.domainname.com/docnam"><phr n="://intermapper.domainname.com/docname"><ent r="3" t="56" w="285" /></phr></stem><stem n="intermapper.domainname.com/docnam"><phr n="intermapper.domainname.com/docname"><ent r="3" t="56" w="285" /><ent r="3" t="56" w="282" /></phr></stem><stem n="docnam"><phr n="docname"><ent r="3" t="56" w="285" /><ent r="3" t="56" w="459" /><ent r="3" t="56" w="473" /></phr></stem><stem n="/!index.html"><phr n="/!index.html"><ent r="100" t="56" w="312" /><ent r="3" t="56" w="322" /></phr></stem><stem n="unqualifi"><phr n="unqualified"><ent r="3" t="56" w="327" /></phr></stem><stem n="index.html."><phr n="index.html."><ent r="3" t="56" w="352" /><ent r="3" t="56" w="351" /><ent r="3" t="56" w="448" /><ent r="3" t="56" w="447" /><ent r="3" t="56" w="477" /><ent r="3" t="56" w="476" /></phr></stem><stem n="/!index.html."><phr n="/!index.html."><ent r="3" t="56" w="353" /></phr></stem><stem n="&quot;!template.html&quot;"><phr n="&quot;!template.html&quot;"><ent r="3" t="56" w="376" /></phr></stem><stem n="(note"><phr n="(note"><ent r="3" t="56" w="376" /></phr></stem><stem n="exclam"><phr n="exclamation"><ent r="3" t="56" w="378" /></phr></stem><stem n="&quot;~adminhtml&quot;"><phr n="&quot;~AdminHTML&quot;"><ent r="3" t="56" w="412" /></phr></stem><stem n="&quot;permaphtml&quot;"><phr n="&quot;PerMapHTML&quot;"><ent r="3" t="56" w="414" /></phr></stem><stem n="&quot;!index.html&quot;."><phr n="&quot;!index.html&quot;."><ent r="3" t="56" w="422" /></phr></stem><stem n="intermapper.domain"><phr n="Intermapper.domain"><ent r="100" t="56" w="427" /><ent r="100" t="56" w="426" /></phr><phr n="intermapper.domain"><ent r="4" t="56" w="432" /><ent r="4" t="56" w="431" /><ent r="3" t="56" w="444" /><ent r="3" t="56" w="443" /><ent r="3" t="56" w="457" /><ent r="3" t="56" w="456" /><ent r="3" t="56" w="471" /><ent r="3" t="56" w="470" /></phr></stem><stem n=".domain.com"><phr n=".domain.com"><ent r="100" t="56" w="428" /></phr></stem><stem n="intermapper.domain.com"><phr n="Intermapper.domain.com"><ent r="100" t="56" w="428" /><ent r="100" t="56" w="426" /></phr><phr n="intermapper.domain.com"><ent r="4" t="56" w="433" /><ent r="4" t="56" w="431" /><ent r="3" t="56" w="445" /><ent r="3" t="56" w="443" /><ent r="3" t="56" w="458" /><ent r="3" t="56" w="456" /><ent r="3" t="56" w="472" /><ent r="3" t="56" w="470" /></phr></stem><stem n="intermapper.domain.com/"><phr n="intermapper.domain.com/"><ent r="4" t="56" w="433" /><ent r="4" t="56" w="431" /></phr></stem><stem n="://intermapper.domain.com/"><phr n="://intermapper.domain.com/"><ent r="4" t="56" w="434" /></phr></stem><stem n="intermapper.domain.com/~admin"><phr n="intermapper.domain.com/~admin"><ent r="3" t="56" w="446" /><ent r="3" t="56" w="443" /></phr></stem><stem n="intermapper.domain.com/~admin/"><phr n="intermapper.domain.com/~admin/"><ent r="3" t="56" w="446" /><ent r="3" t="56" w="443" /></phr></stem><stem n="://intermapper.domain.com/~admin/!index.html."><phr n="://intermapper.domain.com/~admin/!index.html."><ent r="3" t="56" w="449" /></phr></stem><stem n="similarli"><phr n="Similarly"><ent r="3" t="56" w="450" /></phr></stem><stem n="://intermapper.domain.com/docnam"><phr n="://intermapper.domain.com/docname"><ent r="3" t="56" w="459" /></phr></stem><stem n="intermapper.domain.com/docnam"><phr n="intermapper.domain.com/docname"><ent r="3" t="56" w="459" /><ent r="3" t="56" w="456" /><ent r="3" t="56" w="473" /><ent r="3" t="56" w="470" /></phr></stem><stem n="intermapper.domain.com/docname/docu"><phr n="intermapper.domain.com/docname/document"><ent r="3" t="56" w="474" /><ent r="3" t="56" w="470" /></phr></stem><stem n="intermapper.domain.com/docname/document/main"><phr n="intermapper.domain.com/docname/document/main"><ent r="3" t="56" w="475" /><ent r="3" t="56" w="470" /></phr></stem><stem n="intermapper.domain.com/docname/document/main/"><phr n="intermapper.domain.com/docname/document/main/"><ent r="3" t="56" w="475" /><ent r="3" t="56" w="470" /></phr></stem><stem n="://intermapper.domain.com/docname/document/main/!index.html."><phr n="://intermapper.domain.com/docname/document/main/!index.html."><ent r="3" t="56" w="478" /></phr></stem><stem n="mimetyp"><phr n="Mimetypes"><ent r="100" t="57" w="18" /><ent r="100" t="57" w="73" /></phr><phr n="mimetypes"><ent r="3" t="57" w="53" /><ent r="3" t="57" w="84" /></phr><phr n="MIMEtypes"><ent r="100" t="57" w="77" /><ent r="3" t="57" w="93" /></phr></stem><stem n="mime-typ"><phr n="MIME-type"><ent r="100" t="57" w="20" /><ent r="3" t="57" w="34" /></phr></stem><stem n="file'"><phr n="file's"><ent r="3" t="57" w="31" /><ent r="3" t="57" w="30" /></phr></stem><stem n="suffix"><phr n="suffix"><ent r="3" t="57" w="32" /></phr></stem><stem n="&quot;mimetypes&quot;"><phr n="&quot;mimetypes&quot;"><ent r="3" t="57" w="54" /></phr></stem><stem n="-descriptor"><phr n="-descriptor"><ent r="100" t="57" w="87" /><ent r="100" t="57" w="87" /></phr></stem><stem n="mime-descriptor"><phr n="MIME-descriptor"><ent r="100" t="57" w="87" /></phr></stem><stem n="descriptor"><phr n="descriptor"><ent r="100" t="57" w="88" /></phr></stem><stem n="whitespac"><phr n="Whitespace"><ent r="100" t="57" w="90" /></phr></stem><stem n="-suffix&gt;"><phr n="-suffix&gt;"><ent r="3" t="57" w="97" /><ent r="3" t="57" w="97" /></phr></stem><stem n="&lt;file"><phr n="&lt;file"><ent r="3" t="57" w="97" /></phr></stem><stem n="&lt;file-suffix&gt;"><phr n="&lt;file-suffix&gt;"><ent r="3" t="57" w="97" /></phr></stem><stem n="suffix&gt;"><phr n="suffix&gt;"><ent r="3" t="57" w="98" /></phr></stem><stem n="&lt;whitespace&gt;"><phr n="&lt;whitespace&gt;"><ent r="3" t="57" w="99" /></phr></stem><stem n="-descriptor&gt;"><phr n="-descriptor&gt;"><ent r="3" t="57" w="100" /><ent r="3" t="57" w="100" /></phr></stem><stem n="&lt;mime"><phr n="&lt;MIME"><ent r="3" t="57" w="100" /></phr></stem><stem n="&lt;mime-descriptor&gt;"><phr n="&lt;MIME-descriptor&gt;"><ent r="3" t="57" w="100" /></phr></stem><stem n="descriptor&gt;"><phr n="descriptor&gt;"><ent r="3" t="57" w="101" /></phr></stem><stem n="wml"><phr n="wml"><ent r="3" t="57" w="102" /><ent r="3" t="57" w="106" /></phr><phr n="wmls"><ent r="3" t="57" w="107" /></phr></stem><stem n="text/vnd"><phr n="text/vnd"><ent r="3" t="57" w="104" /><ent r="3" t="57" w="103" /><ent r="3" t="57" w="109" /><ent r="3" t="57" w="108" /></phr></stem><stem n="vnd"><phr n="vnd"><ent r="3" t="57" w="104" /><ent r="3" t="57" w="109" /><ent r="3" t="57" w="114" /><ent r="3" t="57" w="119" /><ent r="3" t="57" w="124" /><ent r="3" t="57" w="129" /></phr></stem><stem n="text/vnd.wap"><phr n="text/vnd.wap"><ent r="3" t="57" w="105" /><ent r="3" t="57" w="103" /><ent r="3" t="57" w="110" /><ent r="3" t="57" w="108" /></phr></stem><stem n="wap"><phr n="wap"><ent r="3" t="57" w="105" /><ent r="3" t="57" w="110" /><ent r="3" t="57" w="115" /><ent r="3" t="57" w="120" /><ent r="3" t="57" w="125" /><ent r="3" t="57" w="130" /></phr></stem><stem n="/vnd.wap.wml"><phr n="/vnd.wap.wml"><ent r="3" t="57" w="106" /></phr></stem><stem n="text/vnd.wap.wml"><phr n="text/vnd.wap.wml"><ent r="3" t="57" w="106" /><ent r="3" t="57" w="103" /></phr></stem><stem n="/vnd.wap.wmlscript"><phr n="/vnd.wap.wmlscript"><ent r="3" t="57" w="111" /></phr></stem><stem n="text/vnd.wap.wmlscript"><phr n="text/vnd.wap.wmlscript"><ent r="3" t="57" w="111" /><ent r="3" t="57" w="108" /></phr></stem><stem n="wmlscript"><phr n="wmlscript"><ent r="3" t="57" w="111" /></phr></stem><stem n="wbmp"><phr n="wbmp"><ent r="3" t="57" w="112" /><ent r="3" t="57" w="116" /></phr></stem><stem n="image/vnd"><phr n="image/vnd"><ent r="3" t="57" w="114" /><ent r="3" t="57" w="113" /></phr></stem><stem n="image/vnd.wap"><phr n="image/vnd.wap"><ent r="3" t="57" w="115" /><ent r="3" t="57" w="113" /></phr></stem><stem n="/vnd.wap.wbmp"><phr n="/vnd.wap.wbmp"><ent r="3" t="57" w="116" /></phr></stem><stem n="image/vnd.wap.wbmp"><phr n="image/vnd.wap.wbmp"><ent r="3" t="57" w="116" /><ent r="3" t="57" w="113" /></phr></stem><stem n="wbxml"><phr n="wbxml"><ent r="3" t="57" w="117" /><ent r="3" t="57" w="121" /></phr></stem><stem n="application/vnd"><phr n="application/vnd"><ent r="3" t="57" w="119" /><ent r="3" t="57" w="118" /><ent r="3" t="57" w="124" /><ent r="3" t="57" w="123" /><ent r="3" t="57" w="129" /><ent r="3" t="57" w="128" /></phr></stem></index>