﻿<?xml version="1.0" encoding="utf-8"?><index><stem n="-output&gt;"><phr n="-output&gt;"><ent r="4" t="10" w="252" /><ent r="4" t="10" w="252" /><ent r="82" t="14" w="1074" /><ent r="82" t="14" w="1074" /><ent r="5" t="14" w="1397" /><ent r="5" t="14" w="1397" /><ent r="4" t="16" w="1292" /><ent r="4" t="16" w="1292" /><ent r="4" t="16" w="1665" /><ent r="4" t="16" w="1665" /><ent r="3" t="32" w="599" /><ent r="3" t="32" w="599" /><ent r="92" t="42" w="261" /><ent r="92" t="42" w="261" /><ent r="4" t="42" w="269" /><ent r="4" t="42" w="269" /><ent r="4" t="42" w="355" /><ent r="4" t="42" w="355" /></phr></stem><stem n="&lt;script"><phr n="&lt;script"><ent r="4" t="10" w="252" /><ent r="82" t="14" w="1074" /><ent r="5" t="14" w="1397" /><ent r="4" t="16" w="1665" /><ent r="3" t="32" w="599" /><ent r="92" t="42" w="261" /><ent r="4" t="42" w="269" /><ent r="4" t="42" w="355" /></phr></stem><stem n="&lt;script-output&gt;"><phr n="&lt;script-output&gt;"><ent r="4" t="10" w="252" /><ent r="82" t="14" w="1074" /><ent r="5" t="14" w="1397" /><ent r="4" t="16" w="1665" /><ent r="3" t="32" w="599" /><ent r="92" t="42" w="261" /><ent r="4" t="42" w="269" /><ent r="4" t="42" w="355" /></phr></stem><stem n="output&gt;"><phr n="output&gt;"><ent r="4" t="10" w="253" /><ent r="82" t="14" w="1075" /><ent r="5" t="14" w="1398" /><ent r="4" t="16" w="1293" /><ent r="4" t="16" w="1666" /><ent r="3" t="32" w="600" /><ent r="3" t="32" w="630" /><ent r="5" t="33" w="1418" /><ent r="92" t="42" w="262" /><ent r="4" t="42" w="270" /><ent r="4" t="42" w="356" /></phr></stem><stem n="-display&gt;"><phr n="-display&gt;"><ent r="4" t="10" w="321" /><ent r="4" t="10" w="321" /><ent r="82" t="14" w="268" /><ent r="82" t="14" w="268" /><ent r="3" t="14" w="279" /><ent r="3" t="14" w="279" /><ent r="5" t="14" w="1376" /><ent r="5" t="14" w="1376" /><ent r="4" t="16" w="1645" /><ent r="4" t="16" w="1645" /><ent r="5" t="33" w="1403" /><ent r="5" t="33" w="1403" /><ent r="3" t="34" w="547" /><ent r="3" t="34" w="547" /><ent r="3" t="34" w="801" /><ent r="3" t="34" w="801" /><ent r="3" t="35" w="201" /><ent r="3" t="35" w="201" /><ent r="3" t="36" w="504" /><ent r="3" t="36" w="504" /></phr></stem><stem n="&lt;command"><phr n="&lt;command"><ent r="4" t="10" w="321" /><ent r="82" t="14" w="95" /><ent r="82" t="14" w="98" /><ent r="3" t="14" w="108" /><ent r="3" t="14" w="111" /><ent r="5" t="14" w="197" /><ent r="82" t="14" w="268" /><ent r="3" t="14" w="279" /><ent r="5" t="14" w="1376" /><ent r="4" t="16" w="1645" /><ent r="3" t="33" w="416" /><ent r="4" t="33" w="477" /><ent r="5" t="33" w="924" /><ent r="5" t="33" w="1213" /><ent r="5" t="33" w="1350" /><ent r="5" t="33" w="1403" /><ent r="4" t="34" w="240" /><ent r="3" t="34" w="497" /><ent r="3" t="34" w="509" /><ent r="3" t="34" w="547" /><ent r="3" t="34" w="751" /><ent r="3" t="34" w="763" /><ent r="3" t="34" w="801" /><ent r="3" t="35" w="170" /><ent r="3" t="35" w="181" /><ent r="3" t="35" w="201" /><ent r="3" t="36" w="465" /><ent r="3" t="36" w="479" /><ent r="3" t="36" w="504" /></phr></stem><stem n="&lt;command-display&gt;"><phr n="&lt;command-display&gt;"><ent r="4" t="10" w="321" /><ent r="82" t="14" w="268" /><ent r="3" t="14" w="279" /><ent r="5" t="14" w="1376" /><ent r="4" t="16" w="1645" /><ent r="5" t="33" w="1403" /><ent r="3" t="34" w="547" /><ent r="3" t="34" w="801" /><ent r="3" t="35" w="201" /><ent r="3" t="36" w="504" /></phr></stem><stem n="-line-bas"><phr n="-line-based"><ent r="3" t="10" w="333" /><ent r="3" t="10" w="334" /></phr></stem><stem n="command-line-bas"><phr n="command-line-based"><ent r="3" t="10" w="333" /></phr></stem><stem n="line-bas"><phr n="line-based"><ent r="3" t="10" w="334" /></phr></stem><stem n="&lt;tools&gt;"><phr n="&lt;tools&gt;"><ent r="3" t="11" w="11" /></phr></stem><stem n="emb"><phr n="embed"><ent r="3" t="11" w="19" /><ent r="3" t="33" w="324" /></phr></stem><stem n="directli"><phr n="directly"><ent r="3" t="11" w="25" /><ent r="3" t="11" w="125" /><ent r="3" t="23" w="1161" /><ent r="3" t="33" w="327" /><ent r="3" t="34" w="199" /><ent r="4" t="36" w="184" /><ent r="3" t="43" w="192" /><ent r="4" t="45" w="155" /></phr></stem><stem n="keep"><phr n="keeps"><ent r="3" t="11" w="32" /><ent r="4" t="31" w="1477" /><ent r="3" t="31" w="1946" /></phr></stem><stem n="ensur"><phr n="ensuring"><ent r="3" t="11" w="41" /><ent r="3" t="33" w="353" /></phr><phr n="ensures"><ent r="3" t="34" w="28" /></phr></stem><stem n="&lt;tool"><phr n="&lt;tool"><ent r="3" t="11" w="53" /><ent r="3" t="34" w="59" /><ent r="3" t="34" w="270" /><ent r="4" t="34" w="327" /><ent r="3" t="34" w="363" /><ent r="3" t="34" w="429" /><ent r="3" t="34" w="566" /><ent r="3" t="34" w="617" /><ent r="3" t="34" w="683" /><ent r="3" t="34" w="820" /></phr><phr n="&lt;tools"><ent r="4" t="36" w="176" /></phr></stem><stem n=":scriptname&gt;"><phr n=":scriptname&gt;"><ent r="3" t="11" w="54" /><ent r="3" t="34" w="60" /></phr></stem><stem n="scriptname&gt;"><phr n="scriptname&gt;"><ent r="3" t="11" w="54" /><ent r="3" t="11" w="59" /><ent r="3" t="34" w="60" /><ent r="3" t="34" w="63" /></phr></stem><stem n="[script"><phr n="[script"><ent r="3" t="11" w="55" /><ent r="4" t="11" w="79" /></phr></stem><stem n="]"><phr n="]"><ent r="3" t="11" w="57" /><ent r="4" t="11" w="81" /><ent r="5" t="13" w="87" /><ent r="5" t="13" w="128" /><ent r="3" t="19" w="41" /><ent r="3" t="20" w="32" /><ent r="3" t="21" w="1149" /><ent r="3" t="21" w="1460" /><ent r="4" t="26" w="171" /><ent r="4" t="26" w="193" /><ent r="4" t="26" w="219" /><ent r="4" t="26" w="311" /><ent r="65" t="31" w="396" /><ent r="3" t="31" w="1215" /><ent r="83" t="31" w="1688" /><ent r="3" t="31" w="2926" /><ent r="3" t="47" w="210" /><ent r="3" t="47" w="213" /><ent r="3" t="47" w="216" /><ent r="3" t="47" w="521" /><ent r="3" t="47" w="606" /></phr></stem><stem n="&lt;/tool"><phr n="&lt;/tool"><ent r="3" t="11" w="58" /><ent r="3" t="11" w="57" /><ent r="3" t="34" w="62" /><ent r="3" t="34" w="61" /><ent r="3" t="34" w="281" /><ent r="3" t="34" w="280" /><ent r="4" t="34" w="334" /><ent r="4" t="34" w="333" /><ent r="3" t="34" w="602" /><ent r="3" t="34" w="601" /><ent r="3" t="34" w="857" /><ent r="3" t="34" w="856" /></phr></stem><stem n="/tool:scriptname&gt;"><phr n="/tool:scriptname&gt;"><ent r="3" t="11" w="59" /><ent r="3" t="34" w="63" /></phr></stem><stem n="scriptnam"><phr n="scriptname"><ent r="4" t="11" w="63" /><ent r="4" t="34" w="67" /><ent r="4" t="34" w="137" /></phr></stem><stem n="load"><phr n="load"><ent r="3" t="11" w="93" /><ent r="3" t="37" w="609" /><ent r="3" t="37" w="615" /><ent r="3" t="37" w="636" /><ent r="3" t="37" w="646" /></phr><phr n="loaded"><ent r="4" t="24" w="467" /></phr></stem><stem n="/tool"><phr n="/Tools"><ent r="3" t="11" w="104" /><ent r="7" t="33" w="1047" /><ent r="3" t="34" w="206" /><ent r="3" t="36" w="213" /></phr></stem><stem n="settings/tool"><phr n="Settings/Tools"><ent r="3" t="11" w="104" /><ent r="3" t="11" w="103" /><ent r="7" t="33" w="1047" /><ent r="7" t="33" w="1046" /><ent r="3" t="34" w="206" /><ent r="3" t="34" w="205" /><ent r="3" t="36" w="213" /><ent r="3" t="36" w="212" /></phr></stem><stem n="directori"><phr n="directory"><ent r="3" t="11" w="105" /><ent r="3" t="11" w="132" /><ent r="4" t="33" w="722" /><ent r="3" t="34" w="190" /><ent r="3" t="34" w="207" /><ent r="3" t="36" w="214" /><ent r="3" t="36" w="245" /><ent r="3" t="37" w="203" /><ent r="3" t="37" w="208" /><ent r="4" t="37" w="282" /><ent r="4" t="37" w="292" /><ent r="4" t="40" w="213" /><ent r="3" t="41" w="127" /><ent r="3" t="43" w="149" /><ent r="3" t="43" w="176" /><ent r="3" t="47" w="56" /><ent r="3" t="47" w="66" /><ent r="3" t="47" w="100" /><ent r="3" t="47" w="130" /><ent r="3" t="47" w="167" /><ent r="3" t="47" w="266" /><ent r="4" t="47" w="377" /><ent r="4" t="47" w="388" /><ent r="3" t="47" w="574" /><ent r="3" t="47" w="800" /><ent r="3" t="47" w="844" /><ent r="3" t="50" w="84" /><ent r="66" t="50" w="231" /><ent r="3" t="55" w="227" /><ent r="5" t="55" w="1522" /><ent r="5" t="55" w="1545" /><ent r="5" t="55" w="1565" /></phr><phr n="directories"><ent r="6" t="33" w="970" /><ent r="3" t="47" w="547" /></phr></stem><stem n="overwritten"><phr n="overwritten"><ent r="3" t="11" w="116" /><ent r="3" t="11" w="136" /><ent r="7" t="53" w="520" /></phr></stem><stem n="subdirectori"><phr n="subdirectories"><ent r="3" t="11" w="128" /><ent r="3" t="34" w="202" /></phr><phr n="subdirectory"><ent r="3" t="34" w="118" /><ent r="3" t="34" w="134" /><ent r="3" t="34" w="145" /><ent r="3" t="34" w="184" /><ent r="3" t="34" w="292" /><ent r="4" t="47" w="392" /></phr></stem><stem n="autorecord"><phr n="autorecord"><ent r="100" t="12" w="25" /></phr></stem><stem n="store"><phr n="stored"><ent r="3" t="12" w="46" /><ent r="3" t="38" w="107" /><ent r="3" t="47" w="835" /><ent r="3" t="56" w="80" /></phr><phr n="Stores"><ent r="4" t="21" w="119" /><ent r="4" t="31" w="724" /></phr><phr n="store"><ent r="3" t="23" w="19" /><ent r="3" t="30" w="857" /><ent r="3" t="41" w="90" /></phr><phr n="stores"><ent r="3" t="31" w="2968" /><ent r="3" t="41" w="56" /><ent r="3" t="41" w="271" /><ent r="3" t="41" w="434" /></phr></stem><stem n="msec"><phr n="msec"><ent r="4" t="12" w="60" /><ent r="4" t="14" w="1682" /><ent r="3" t="14" w="1837" /></phr><phr n="Msecs"><ent r="100" t="32" w="607" /></phr><phr n="msecs"><ent r="3" t="32" w="617" /><ent r="3" t="32" w="627" /></phr></stem><stem n="birt"><phr n="BiRt"><ent r="5" t="12" w="63" /></phr></stem><stem n="-term"><phr n="-term"><ent r="4" t="12" w="65" /><ent r="4" t="12" w="65" /></phr></stem><stem n="short"><phr n="short"><ent r="4" t="12" w="65" /><ent r="4" t="12" w="181" /><ent r="4" t="12" w="225" /><ent r="3" t="14" w="1779" /><ent r="4" t="21" w="162" /><ent r="6" t="21" w="2411" /><ent r="6" t="21" w="2420" /><ent r="3" t="24" w="864" /><ent r="4" t="37" w="506" /><ent r="3" t="48" w="42" /></phr><phr n="Short"><ent r="3" t="26" w="34" /><ent r="4" t="26" w="60" /><ent r="4" t="26" w="251" /></phr></stem><stem n="short-term"><phr n="short-term"><ent r="4" t="12" w="65" /></phr></stem><stem n="packet"><phr n="packet"><ent r="4" t="12" w="67" /><ent r="4" t="15" w="153" /><ent r="3" t="21" w="52" /><ent r="3" t="25" w="22" /><ent r="3" t="25" w="92" /><ent r="3" t="25" w="289" /><ent r="3" t="25" w="297" /><ent r="3" t="25" w="306" /><ent r="3" t="25" w="520" /><ent r="3" t="27" w="207" /><ent r="3" t="27" w="1272" /><ent r="3" t="41" w="340" /><ent r="3" t="41" w="347" /></phr><phr n="Packet"><ent r="5" t="13" w="578" /><ent r="5" t="25" w="388" /><ent r="82" t="25" w="495" /></phr><phr n="packets"><ent r="3" t="27" w="162" /></phr></stem><stem n="(%)"><phr n="(%)"><ent r="4" t="12" w="69" /><ent r="5" t="13" w="741" /></phr></stem><stem n="rpkl"><phr n="RPkL"><ent r="5" t="12" w="71" /></phr></stem><stem n="byte"><phr n="byte"><ent r="4" t="12" w="74" /><ent r="4" t="12" w="85" /><ent r="4" t="15" w="151" /><ent r="6" t="16" w="804" /><ent r="6" t="16" w="814" /><ent r="4" t="21" w="2318" /><ent r="6" t="21" w="2378" /><ent r="6" t="21" w="2387" /></phr><phr n="bytes"><ent r="5" t="14" w="1021" /><ent r="3" t="14" w="1736" /><ent r="3" t="14" w="1746" /><ent r="3" t="14" w="1754" /><ent r="3" t="14" w="1764" /><ent r="3" t="14" w="1790" /><ent r="3" t="14" w="1798" /><ent r="3" t="14" w="1806" /><ent r="3" t="14" w="1817" /><ent r="3" t="14" w="1825" /><ent r="3" t="14" w="1828" /><ent r="4" t="21" w="696" /><ent r="3" t="21" w="969" /><ent r="3" t="21" w="980" /><ent r="4" t="21" w="1098" /><ent r="4" t="21" w="2249" /><ent r="4" t="21" w="2264" /><ent r="4" t="21" w="2295" /><ent r="6" t="21" w="2396" /><ent r="6" t="21" w="2405" /><ent r="6" t="21" w="2414" /><ent r="6" t="21" w="2423" /><ent r="6" t="21" w="2434" /></phr></stem><stem n="rate"><phr n="rates"><ent r="4" t="12" w="75" /><ent r="4" t="12" w="86" /><ent r="4" t="15" w="154" /></phr><phr n="rate"><ent r="6" t="16" w="654" /><ent r="6" t="16" w="679" /><ent r="6" t="16" w="706" /></phr></stem><stem n="visibl"><phr n="visible"><ent r="4" t="12" w="78" /><ent r="4" t="12" w="89" /><ent r="3" t="22" w="77" /><ent r="5" t="22" w="218" /><ent r="4" t="22" w="233" /><ent r="4" t="22" w="241" /><ent r="4" t="22" w="254" /><ent r="3" t="31" w="3788" /></phr></stem><stem n="bytr"><phr n="BytR"><ent r="5" t="12" w="82" /></phr></stem><stem n="output"><phr n="output"><ent r="4" t="12" w="84" /><ent r="5" t="14" w="375" /><ent r="5" t="14" w="380" /><ent r="5" t="14" w="408" /><ent r="5" t="14" w="415" /><ent r="3" t="14" w="1319" /><ent r="3" t="14" w="1362" /><ent r="3" t="14" w="1569" /><ent r="3" t="14" w="1785" /><ent r="3" t="14" w="1888" /><ent r="4" t="14" w="1905" /><ent r="3" t="14" w="1938" /><ent r="3" t="14" w="2011" /><ent r="3" t="14" w="2039" /><ent r="3" t="21" w="1167" /><ent r="3" t="21" w="1178" /><ent r="3" t="21" w="1183" /><ent r="3" t="21" w="1193" /><ent r="3" t="21" w="1237" /><ent r="3" t="33" w="163" /><ent r="3" t="33" w="595" /><ent r="3" t="35" w="136" /><ent r="5" t="37" w="481" /><ent r="4" t="37" w="529" /><ent r="3" t="37" w="690" /><ent r="5" t="37" w="829" /><ent r="4" t="40" w="684" /><ent r="4" t="40" w="728" /><ent r="4" t="40" w="748" /><ent r="3" t="41" w="58" /><ent r="3" t="41" w="114" /><ent r="6" t="55" w="594" /><ent r="5" t="55" w="933" /><ent r="5" t="55" w="1736" /><ent r="5" t="55" w="1947" /><ent r="6" t="55" w="1996" /></phr><phr n="Output"><ent r="5" t="13" w="106" /><ent r="3" t="35" w="116" /><ent r="3" t="35" w="208" /><ent r="5" t="55" w="297" /><ent r="5" t="55" w="376" /><ent r="6" t="55" w="572" /><ent r="6" t="55" w="700" /><ent r="5" t="55" w="906" /><ent r="5" t="55" w="940" /><ent r="5" t="55" w="1712" /></phr><phr n="outputs"><ent r="3" t="21" w="1421" /><ent r="7" t="55" w="324" /><ent r="5" t="55" w="1062" /><ent r="6" t="55" w="1167" /><ent r="5" t="55" w="1667" /><ent r="5" t="55" w="1689" /><ent r="5" t="55" w="1695" /><ent r="5" t="55" w="1701" /><ent r="5" t="55" w="1757" /></phr><phr n="Outputs"><ent r="6" t="55" w="483" /><ent r="5" t="55" w="1053" /><ent r="5" t="55" w="1628" /><ent r="6" t="55" w="1975" /></phr></stem><stem n="bytt"><phr n="BytT"><ent r="5" t="12" w="93" /></phr></stem><stem n="addit"><phr n="addition"><ent r="3" t="12" w="96" /><ent r="3" t="17" w="282" /><ent r="3" t="23" w="889" /><ent r="3" t="24" w="42" /><ent r="3" t="25" w="500" /><ent r="3" t="30" w="1554" /><ent r="3" t="33" w="150" /><ent r="6" t="33" w="1128" /><ent r="3" t="34" w="476" /><ent r="3" t="34" w="730" /><ent r="3" t="51" w="56" /><ent r="3" t="52" w="52" /></phr><phr n="additional"><ent r="5" t="14" w="389" /><ent r="3" t="20" w="130" /><ent r="4" t="33" w="491" /><ent r="4" t="33" w="586" /><ent r="3" t="56" w="338" /></phr><phr n="Addition"><ent r="100" t="21" w="361" /><ent r="4" t="21" w="364" /></phr><phr n="additions"><ent r="3" t="23" w="966" /></phr></stem><stem n="-record"><phr n="-Recorded"><ent r="64" t="12" w="111" /><ent r="64" t="12" w="111" /><ent r="4" t="12" w="207" /><ent r="4" t="12" w="207" /><ent r="1000" t="13" w="1" /><ent r="1000" t="13" w="1" /><ent r="102" t="13" w="6" /><ent r="102" t="13" w="6" /></phr></stem><stem n="automatically-record"><phr n="Automatically-Recorded"><ent r="64" t="12" w="111" /><ent r="4" t="12" w="207" /><ent r="1000" t="13" w="1" /><ent r="102" t="13" w="6" /></phr></stem><stem n="&lt;autorecord&gt;"><phr n="&lt;autorecord&gt;"><ent r="3" t="12" w="145" /></phr></stem><stem n="$var1"><phr n="$var1"><ent r="3" t="12" w="147" /></phr></stem><stem n="label1"><phr n="label1"><ent r="3" t="12" w="148" /></phr></stem><stem n="'label1',"><phr n="'label1',"><ent r="3" t="12" w="149" /></phr></stem><stem n="&quot;legend"><phr n="&quot;Legend"><ent r="3" t="12" w="149" /><ent r="3" t="12" w="154" /><ent r="3" t="12" w="159" /></phr></stem><stem n="legend"><phr n="Legend"><ent r="3" t="12" w="149" /><ent r="3" t="12" w="154" /><ent r="3" t="12" w="159" /><ent r="5" t="12" w="236" /><ent r="3" t="16" w="134" /></phr><phr n="legend"><ent r="4" t="12" w="264" /><ent r="4" t="12" w="268" /><ent r="6" t="14" w="532" /><ent r="5" t="14" w="537" /><ent r="4" t="15" w="536" /><ent r="5" t="16" w="902" /><ent r="83" t="16" w="1585" /><ent r="4" t="16" w="1603" /><ent r="3" t="16" w="1610" /><ent r="3" t="16" w="1629" /></phr><phr n="LEGEND"><ent r="3" t="15" w="568" /><ent r="100" t="16" w="94" /><ent r="3" t="16" w="978" /></phr><phr n="legends"><ent r="4" t="16" w="927" /></phr></stem><stem n="$var2"><phr n="$var2"><ent r="3" t="12" w="152" /><ent r="3" t="21" w="892" /><ent r="3" t="21" w="895" /></phr></stem><stem n="label2"><phr n="label2"><ent r="3" t="12" w="153" /></phr></stem><stem n="'label2',"><phr n="'label2',"><ent r="3" t="12" w="154" /></phr></stem><stem n="$var3"><phr n="$var3"><ent r="3" t="12" w="157" /></phr></stem><stem n="label3"><phr n="label3"><ent r="3" t="12" w="158" /></phr></stem><stem n="'label3',"><phr n="'label3',"><ent r="3" t="12" w="159" /></phr></stem><stem n="/autorecord&gt;"><phr n="/autorecord&gt;"><ent r="3" t="12" w="163" /></phr></stem><stem n="&lt;/autorecord&gt;"><phr n="&lt;/autorecord&gt;"><ent r="3" t="12" w="163" /><ent r="3" t="12" w="162" /></phr></stem><stem n="autorecord&gt;"><phr n="autorecord&gt;"><ent r="3" t="12" w="163" /></phr></stem><stem n="$varx"><phr n="$varX"><ent r="5" t="12" w="167" /></phr></stem><stem n="labelx"><phr n="labelX"><ent r="5" t="12" w="177" /></phr></stem><stem n="dataset"><phr n="dataset"><ent r="4" t="12" w="189" /><ent r="4" t="12" w="248" /></phr></stem><stem n="cpu"><phr n="CPU"><ent r="4" t="12" w="202" /><ent r="5" t="13" w="451" /><ent r="5" t="13" w="457" /><ent r="5" t="13" w="465" /><ent r="5" t="13" w="474" /><ent r="5" t="13" w="497" /><ent r="5" t="13" w="506" /><ent r="5" t="13" w="525" /><ent r="5" t="13" w="534" /><ent r="5" t="13" w="557" /><ent r="5" t="13" w="616" /><ent r="5" t="13" w="625" /><ent r="3" t="14" w="2054" /><ent r="3" t="14" w="2058" /><ent r="3" t="14" w="2069" /><ent r="100" t="15" w="37" /><ent r="100" t="15" w="43" /><ent r="3" t="15" w="71" /><ent r="4" t="23" w="181" /></phr><phr n="cpu"><ent r="5" t="13" w="447" /></phr></stem><stem n="%,"><phr n="%,"><ent r="4" t="12" w="203" /><ent r="4" t="21" w="96" /></phr></stem><stem n="temperatur"><phr n="temperature"><ent r="4" t="12" w="203" /><ent r="5" t="13" w="73" /><ent r="5" t="13" w="76" /><ent r="5" t="13" w="151" /><ent r="5" t="13" w="154" /><ent r="5" t="13" w="301" /><ent r="5" t="13" w="304" /><ent r="5" t="13" w="694" /><ent r="5" t="13" w="697" /><ent r="5" t="13" w="730" /><ent r="5" t="13" w="733" /><ent r="3" t="14" w="1294" /><ent r="3" t="14" w="1299" /><ent r="3" t="15" w="76" /><ent r="3" t="18" w="42" /><ent r="4" t="23" w="182" /></phr><phr n="Temperature"><ent r="3" t="14" w="1328" /></phr></stem><stem n="writer"><phr n="writers"><ent r="4" t="12" w="218" /></phr></stem><stem n="free"><phr n="free"><ent r="4" t="12" w="220" /><ent r="3" t="27" w="42" /><ent r="3" t="32" w="109" /><ent r="3" t="34" w="373" /><ent r="3" t="34" w="627" /><ent r="3" t="36" w="331" /><ent r="3" t="48" w="97" /></phr></stem><stem n="don"><phr n="don"><ent r="4" t="12" w="231" /><ent r="3" t="19" w="904" /><ent r="3" t="24" w="805" /><ent r="3" t="25" w="312" /><ent r="3" t="25" w="929" /><ent r="3" t="31" w="3718" /><ent r="3" t="39" w="27" /><ent r="3" t="41" w="378" /></phr></stem><stem n="don't"><phr n="don't"><ent r="4" t="12" w="232" /><ent r="4" t="12" w="231" /><ent r="3" t="19" w="905" /><ent r="3" t="19" w="904" /><ent r="3" t="24" w="806" /><ent r="3" t="24" w="805" /><ent r="3" t="25" w="313" /><ent r="3" t="25" w="312" /><ent r="3" t="25" w="930" /><ent r="3" t="25" w="929" /><ent r="3" t="31" w="3719" /><ent r="3" t="31" w="3718" /><ent r="3" t="39" w="28" /><ent r="3" t="39" w="27" /><ent r="3" t="41" w="379" /><ent r="3" t="41" w="378" /></phr></stem><stem n="start"><phr n="start"><ent r="4" t="12" w="233" /><ent r="4" t="21" w="784" /><ent r="4" t="21" w="800" /><ent r="3" t="21" w="1790" /><ent r="3" t="21" w="1807" /><ent r="3" t="21" w="1815" /><ent r="3" t="21" w="2061" /><ent r="3" t="23" w="1214" /><ent r="3" t="23" w="1226" /><ent r="3" t="24" w="1118" /><ent r="3" t="24" w="1133" /><ent r="3" t="40" w="293" /><ent r="3" t="40" w="339" /><ent r="3" t="47" w="862" /><ent r="4" t="53" w="31" /></phr><phr n="starting"><ent r="4" t="21" w="797" /><ent r="3" t="21" w="1804" /><ent r="3" t="21" w="2053" /><ent r="3" t="23" w="374" /><ent r="4" t="24" w="242" /><ent r="4" t="24" w="256" /><ent r="3" t="40" w="304" /><ent r="3" t="40" w="577" /><ent r="3" t="41" w="322" /><ent r="5" t="55" w="1892" /></phr><phr n="starts"><ent r="4" t="21" w="803" /><ent r="3" t="21" w="1810" /><ent r="4" t="21" w="2074" /><ent r="3" t="31" w="3082" /><ent r="3" t="34" w="101" /><ent r="3" t="34" w="287" /></phr><phr n="Starts"><ent r="100" t="31" w="31" /><ent r="4" t="31" w="807" /><ent r="4" t="31" w="3107" /><ent r="5" t="42" w="227" /></phr><phr n="Start"><ent r="100" t="40" w="34" /><ent r="100" t="40" w="73" /><ent r="4" t="41" w="733" /></phr><phr n="started"><ent r="3" t="40" w="794" /><ent r="3" t="41" w="193" /><ent r="3" t="41" w="393" /><ent r="5" t="42" w="258" /><ent r="3" t="48" w="37" /><ent r="6" t="53" w="722" /></phr></stem><stem n="&quot;_&quot;."><phr n="&quot;_&quot;."><ent r="4" t="12" w="235" /></phr></stem><stem n="x"><phr n="X"><ent r="5" t="12" w="237" /><ent r="5" t="13" w="307" /><ent r="5" t="13" w="326" /><ent r="5" t="13" w="345" /><ent r="5" t="13" w="371" /><ent r="5" t="13" w="390" /><ent r="5" t="13" w="409" /><ent r="5" t="13" w="443" /><ent r="4" t="21" w="1061" /><ent r="4" t="21" w="1647" /><ent r="6" t="33" w="1024" /><ent r="3" t="41" w="510" /></phr><phr n="x"><ent r="3" t="14" w="1815" /><ent r="3" t="14" w="1864" /><ent r="3" t="16" w="1731" /><ent r="4" t="21" w="402" /><ent r="4" t="21" w="406" /><ent r="4" t="21" w="412" /><ent r="4" t="21" w="414" /><ent r="4" t="21" w="417" /><ent r="4" t="21" w="425" /><ent r="4" t="21" w="468" /><ent r="4" t="21" w="473" /><ent r="4" t="21" w="480" /><ent r="4" t="21" w="485" /><ent r="4" t="21" w="492" /><ent r="4" t="21" w="496" /><ent r="4" t="21" w="506" /><ent r="4" t="21" w="510" /><ent r="4" t="21" w="520" /><ent r="4" t="21" w="526" /><ent r="4" t="21" w="531" /><ent r="4" t="21" w="534" /><ent r="4" t="21" w="536" /><ent r="4" t="21" w="544" /><ent r="4" t="21" w="547" /><ent r="4" t="21" w="549" /><ent r="4" t="21" w="555" /><ent r="4" t="21" w="558" /><ent r="4" t="21" w="560" /><ent r="4" t="21" w="580" /><ent r="4" t="21" w="582" /><ent r="4" t="21" w="592" /><ent r="4" t="21" w="596" /><ent r="4" t="21" w="599" /><ent r="4" t="21" w="605" /><ent r="4" t="21" w="617" /><ent r="4" t="21" w="621" /><ent r="4" t="21" w="624" /><ent r="4" t="21" w="628" /><ent r="3" t="21" w="903" /><ent r="3" t="21" w="911" /><ent r="4" t="21" w="921" /><ent r="4" t="21" w="1051" /><ent r="4" t="21" w="1644" /><ent r="6" t="55" w="448" /><ent r="5" t="55" w="456" /></phr></stem><stem n="-readabl"><phr n="-readable"><ent r="4" t="12" w="241" /><ent r="4" t="12" w="241" /><ent r="4" t="23" w="756" /><ent r="4" t="23" w="756" /><ent r="3" t="28" w="349" /><ent r="3" t="28" w="349" /></phr></stem><stem n="human-read"><phr n="human-readable"><ent r="4" t="12" w="241" /><ent r="4" t="23" w="756" /><ent r="3" t="28" w="349" /></phr></stem><stem n="readabl"><phr n="readable"><ent r="4" t="12" w="242" /><ent r="4" t="23" w="757" /><ent r="3" t="28" w="350" /></phr><phr n="readability"><ent r="5" t="14" w="365" /><ent r="5" t="14" w="524" /><ent r="5" t="14" w="1134" /><ent r="3" t="31" w="3800" /></phr></stem><stem n="-device-variable&gt;"><phr n="-device-variable&gt;"><ent r="4" t="12" w="272" /><ent r="4" t="12" w="273" /></phr></stem><stem n="&lt;snmp-device-variable&gt;"><phr n="&lt;snmp-device-variable&gt;"><ent r="4" t="12" w="272" /></phr></stem><stem n="device-variable&gt;"><phr n="device-variable&gt;"><ent r="4" t="12" w="273" /></phr></stem><stem n="variable&gt;"><phr n="variable&gt;"><ent r="4" t="12" w="274" /></phr></stem><stem n="seem"><phr n="seem"><ent r="3" t="13" w="26" /></phr></stem><stem n="sensibl"><phr n="sensible"><ent r="3" t="13" w="27" /></phr></stem><stem n="$variabl"><phr n="$variable"><ent r="5" t="13" w="34" /></phr></stem><stem n="(30)"><phr n="(30)"><ent r="5" t="13" w="40" /></phr></stem><stem n="255"><phr n="255"><ent r="5" t="13" w="42" /><ent r="3" t="28" w="179" /><ent r="3" t="28" w="212" /><ent r="3" t="28" w="244" /><ent r="3" t="28" w="278" /><ent r="3" t="28" w="309" /><ent r="3" t="28" w="334" /><ent r="3" t="31" w="2675" /><ent r="3" t="33" w="155" /></phr></stem><stem n="(255)"><phr n="(255)"><ent r="5" t="13" w="43" /></phr></stem><stem n="apc"><phr n="APC"><ent r="5" t="13" w="44" /><ent r="5" t="13" w="79" /><ent r="5" t="13" w="85" /><ent r="100" t="15" w="847" /><ent r="100" t="15" w="851" /><ent r="4" t="15" w="864" /><ent r="100" t="22" w="153" /><ent r="100" t="22" w="157" /><ent r="4" t="22" w="170" /></phr></stem><stem n="leftcharg"><phr n="leftCharge"><ent r="5" t="13" w="47" /></phr><phr n="LeftCharge"><ent r="5" t="13" w="182" /><ent r="5" t="13" w="274" /><ent r="5" t="13" w="667" /><ent r="5" t="13" w="703" /></phr></stem><stem n="pctcharg"><phr n="pctcharge"><ent r="5" t="13" w="49" /><ent r="5" t="13" w="184" /><ent r="5" t="13" w="276" /><ent r="5" t="13" w="669" /><ent r="5" t="13" w="705" /></phr></stem><stem n="percent"><phr n="Percent"><ent r="5" t="13" w="51" /><ent r="5" t="13" w="186" /><ent r="5" t="13" w="278" /><ent r="5" t="13" w="466" /><ent r="5" t="13" w="475" /><ent r="5" t="13" w="498" /><ent r="5" t="13" w="507" /><ent r="5" t="13" w="526" /><ent r="5" t="13" w="535" /><ent r="5" t="13" w="558" /><ent r="5" t="13" w="626" /><ent r="5" t="13" w="671" /><ent r="5" t="13" w="707" /></phr><phr n="percent"><ent r="4" t="21" w="1135" /><ent r="4" t="21" w="1672" /></phr></stem><stem n="charg"><phr n="Charge"><ent r="5" t="13" w="52" /><ent r="5" t="13" w="187" /><ent r="5" t="13" w="279" /><ent r="5" t="13" w="672" /><ent r="5" t="13" w="708" /></phr></stem><stem n="batmin"><phr n="batMin"><ent r="5" t="13" w="54" /></phr></stem><stem n="batttimeleft"><phr n="batttimeleft"><ent r="5" t="13" w="56" /><ent r="5" t="13" w="134" /><ent r="5" t="13" w="191" /><ent r="5" t="13" w="283" /><ent r="5" t="13" w="676" /><ent r="5" t="13" w="712" /><ent r="5" t="13" w="748" /></phr></stem><stem n="batteri"><phr n="battery"><ent r="5" t="13" w="61" /><ent r="5" t="13" w="139" /><ent r="5" t="13" w="196" /><ent r="5" t="13" w="288" /><ent r="5" t="13" w="681" /><ent r="5" t="13" w="717" /><ent r="5" t="13" w="753" /></phr></stem><stem n="min"><phr n="min"><ent r="5" t="13" w="62" /><ent r="5" t="13" w="140" /><ent r="5" t="13" w="197" /><ent r="5" t="13" w="289" /><ent r="5" t="13" w="682" /><ent r="5" t="13" w="718" /><ent r="5" t="13" w="754" /><ent r="4" t="21" w="443" /><ent r="3" t="37" w="596" /></phr><phr n="Min"><ent r="100" t="21" w="89" /></phr></stem><stem n="(min)"><phr n="(min)"><ent r="5" t="13" w="63" /><ent r="5" t="13" w="141" /><ent r="5" t="13" w="198" /><ent r="5" t="13" w="290" /><ent r="5" t="13" w="683" /><ent r="5" t="13" w="719" /><ent r="5" t="13" w="755" /></phr></stem></index>