﻿<?xml version="1.0" encoding="utf-8"?><index><stem n="like"><phr n="like"><ent r="3" t="1" w="128" /><ent r="3" t="8" w="108" /><ent r="3" t="8" w="293" /><ent r="4" t="12" w="198" /><ent r="3" t="14" w="2048" /><ent r="4" t="16" w="1454" /><ent r="3" t="18" w="531" /><ent r="100" t="21" w="225" /><ent r="4" t="21" w="264" /><ent r="4" t="21" w="1541" /><ent r="3" t="23" w="295" /><ent r="3" t="25" w="1496" /><ent r="6" t="33" w="1109" /><ent r="6" t="33" w="1152" /><ent r="3" t="36" w="201" /><ent r="3" t="36" w="308" /><ent r="3" t="37" w="632" /><ent r="3" t="44" w="402" /><ent r="3" t="56" w="437" /><ent r="3" t="56" w="464" /></phr><phr n="Like"><ent r="3" t="15" w="89" /><ent r="3" t="15" w="769" /><ent r="3" t="22" w="34" /></phr><phr n="likely"><ent r="4" t="47" w="180" /></phr></stem><stem n="ani"><phr n="any"><ent r="3" t="1" w="129" /><ent r="3" t="1" w="221" /><ent r="3" t="1" w="266" /><ent r="3" t="1" w="337" /><ent r="3" t="1" w="355" /><ent r="3" t="1" w="369" /><ent r="3" t="1" w="397" /><ent r="3" t="1" w="426" /><ent r="3" t="1" w="499" /><ent r="3" t="1" w="588" /><ent r="3" t="1" w="596" /><ent r="3" t="3" w="115" /><ent r="3" t="4" w="167" /><ent r="4" t="5" w="1121" /><ent r="5" t="14" w="258" /><ent r="3" t="14" w="1426" /><ent r="4" t="16" w="919" /><ent r="3" t="18" w="113" /><ent r="3" t="18" w="131" /><ent r="3" t="18" w="456" /><ent r="3" t="18" w="676" /><ent r="4" t="19" w="432" /><ent r="6" t="21" w="2792" /><ent r="3" t="24" w="211" /><ent r="3" t="24" w="819" /><ent r="3" t="27" w="187" /><ent r="3" t="27" w="321" /><ent r="3" t="30" w="217" /><ent r="3" t="31" w="1062" /><ent r="3" t="31" w="1411" /><ent r="3" t="31" w="1858" /><ent r="3" t="31" w="3062" /><ent r="3" t="33" w="151" /><ent r="4" t="33" w="589" /><ent r="6" t="33" w="1088" /><ent r="3" t="37" w="95" /><ent r="5" t="37" w="852" /><ent r="3" t="38" w="71" /><ent r="3" t="42" w="342" /><ent r="3" t="50" w="278" /><ent r="3" t="51" w="479" /><ent r="3" t="51" w="490" /><ent r="3" t="56" w="337" /></phr><phr n="Any"><ent r="5" t="14" w="374" /></phr></stem><stem n="materi"><phr n="material"><ent r="3" t="1" w="132" /><ent r="3" t="2" w="22" /></phr></stem><stem n="e.g"><phr n="e.g"><ent r="3" t="1" w="134" /><ent r="3" t="1" w="133" /><ent r="4" t="7" w="599" /><ent r="4" t="7" w="598" /><ent r="5" t="14" w="1239" /><ent r="5" t="14" w="1238" /><ent r="4" t="16" w="234" /><ent r="4" t="16" w="233" /><ent r="3" t="18" w="20" /><ent r="3" t="18" w="19" /><ent r="4" t="18" w="867" /><ent r="4" t="18" w="866" /><ent r="4" t="19" w="162" /><ent r="4" t="19" w="161" /><ent r="4" t="21" w="434" /><ent r="4" t="21" w="433" /><ent r="4" t="21" w="575" /><ent r="4" t="21" w="574" /><ent r="4" t="21" w="633" /><ent r="4" t="21" w="632" /><ent r="4" t="21" w="1663" /><ent r="4" t="21" w="1662" /><ent r="4" t="30" w="319" /><ent r="4" t="30" w="318" /><ent r="5" t="30" w="1475" /><ent r="5" t="30" w="1474" /><ent r="3" t="31" w="3879" /><ent r="3" t="31" w="3878" /><ent r="4" t="33" w="494" /><ent r="4" t="33" w="493" /><ent r="5" t="55" w="1486" /><ent r="5" t="55" w="1485" /><ent r="5" t="55" w="1505" /><ent r="5" t="55" w="1504" /><ent r="5" t="55" w="1536" /><ent r="5" t="55" w="1535" /><ent r="5" t="55" w="1556" /><ent r="5" t="55" w="1555" /><ent r="5" t="55" w="1571" /><ent r="5" t="55" w="1570" /><ent r="5" t="55" w="1590" /><ent r="5" t="55" w="1589" /><ent r="5" t="55" w="1615" /><ent r="5" t="55" w="1614" /></phr></stem><stem n="g"><phr n="g"><ent r="3" t="1" w="134" /><ent r="4" t="7" w="599" /><ent r="5" t="14" w="1038" /><ent r="5" t="14" w="1239" /><ent r="4" t="16" w="234" /><ent r="3" t="18" w="20" /><ent r="4" t="18" w="867" /><ent r="4" t="19" w="162" /><ent r="4" t="21" w="434" /><ent r="4" t="21" w="575" /><ent r="4" t="21" w="633" /><ent r="4" t="21" w="1122" /><ent r="3" t="21" w="1406" /><ent r="4" t="21" w="1663" /><ent r="4" t="30" w="319" /><ent r="5" t="30" w="1475" /><ent r="3" t="31" w="3879" /><ent r="4" t="33" w="494" /><ent r="3" t="47" w="705" /><ent r="3" t="47" w="711" /><ent r="3" t="47" w="758" /><ent r="3" t="47" w="764" /><ent r="5" t="55" w="1486" /><ent r="5" t="55" w="1505" /><ent r="5" t="55" w="1536" /><ent r="5" t="55" w="1556" /><ent r="5" t="55" w="1571" /><ent r="5" t="55" w="1590" /><ent r="5" t="55" w="1615" /></phr><phr n="G"><ent r="6" t="7" w="319" /><ent r="3" t="14" w="1802" /><ent r="6" t="31" w="560" /><ent r="5" t="31" w="2195" /></phr></stem><stem n="e.g."><phr n="e.g."><ent r="3" t="1" w="134" /><ent r="3" t="1" w="133" /><ent r="4" t="7" w="599" /><ent r="4" t="7" w="598" /><ent r="5" t="14" w="1239" /><ent r="5" t="14" w="1238" /><ent r="4" t="16" w="234" /><ent r="4" t="16" w="233" /><ent r="3" t="18" w="20" /><ent r="3" t="18" w="19" /><ent r="4" t="18" w="867" /><ent r="4" t="18" w="866" /><ent r="4" t="19" w="162" /><ent r="4" t="19" w="161" /><ent r="4" t="21" w="434" /><ent r="4" t="21" w="433" /><ent r="4" t="21" w="575" /><ent r="4" t="21" w="574" /><ent r="4" t="21" w="633" /><ent r="4" t="21" w="632" /><ent r="4" t="21" w="1663" /><ent r="4" t="21" w="1662" /><ent r="4" t="30" w="319" /><ent r="4" t="30" w="318" /><ent r="5" t="30" w="1475" /><ent r="5" t="30" w="1474" /><ent r="3" t="31" w="3879" /><ent r="3" t="31" w="3878" /><ent r="4" t="33" w="494" /><ent r="4" t="33" w="493" /><ent r="5" t="55" w="1486" /><ent r="5" t="55" w="1485" /><ent r="5" t="55" w="1505" /><ent r="5" t="55" w="1504" /><ent r="5" t="55" w="1536" /><ent r="5" t="55" w="1535" /><ent r="5" t="55" w="1556" /><ent r="5" t="55" w="1555" /><ent r="5" t="55" w="1571" /><ent r="5" t="55" w="1570" /><ent r="5" t="55" w="1590" /><ent r="5" t="55" w="1589" /><ent r="5" t="55" w="1615" /><ent r="5" t="55" w="1614" /></phr></stem><stem n="(e.g.,"><phr n="(e.g.,"><ent r="3" t="1" w="135" /><ent r="4" t="7" w="600" /><ent r="3" t="18" w="21" /><ent r="4" t="18" w="868" /><ent r="4" t="33" w="495" /><ent r="5" t="55" w="1487" /><ent r="5" t="55" w="1506" /><ent r="5" t="55" w="1537" /><ent r="5" t="55" w="1557" /><ent r="5" t="55" w="1572" /><ent r="5" t="55" w="1591" /><ent r="5" t="55" w="1616" /></phr></stem><stem n="book"><phr n="book"><ent r="3" t="1" w="136" /></phr></stem><stem n="music"><phr n="musical"><ent r="3" t="1" w="138" /></phr></stem><stem n="record"><phr n="recording"><ent r="3" t="1" w="139" /><ent r="100" t="12" w="21" /><ent r="3" t="13" w="12" /></phr><phr n="Recording"><ent r="1000" t="12" w="1" /><ent r="102" t="12" w="5" /></phr><phr n="recorded"><ent r="3" t="12" w="23" /><ent r="3" t="12" w="55" /><ent r="3" t="12" w="136" /></phr><phr n="record"><ent r="3" t="12" w="39" /><ent r="3" t="12" w="106" /><ent r="3" t="13" w="29" /></phr><phr n="Recorded"><ent r="64" t="12" w="112" /><ent r="4" t="12" w="208" /><ent r="1000" t="13" w="2" /><ent r="102" t="13" w="7" /></phr><phr n="Records"><ent r="5" t="42" w="169" /><ent r="5" t="42" w="185" /></phr></stem><stem n=")."><phr n=")."><ent r="3" t="1" w="140" /><ent r="4" t="3" w="208" /><ent r="3" t="4" w="433" /><ent r="5" t="5" w="572" /><ent r="3" t="7" w="223" /><ent r="5" t="7" w="318" /><ent r="5" t="7" w="333" /><ent r="3" t="8" w="35" /><ent r="4" t="15" w="157" /><ent r="4" t="16" w="339" /><ent r="4" t="16" w="1473" /><ent r="3" t="17" w="212" /><ent r="4" t="19" w="851" /><ent r="3" t="19" w="1121" /><ent r="3" t="19" w="1241" /><ent r="3" t="20" w="166" /><ent r="4" t="21" w="806" /><ent r="3" t="21" w="873" /><ent r="3" t="21" w="938" /><ent r="3" t="21" w="1813" /><ent r="4" t="21" w="2160" /><ent r="3" t="21" w="2237" /><ent r="4" t="21" w="2328" /><ent r="3" t="25" w="34" /><ent r="4" t="25" w="640" /><ent r="4" t="25" w="654" /><ent r="3" t="30" w="246" /><ent r="5" t="30" w="1446" /><ent r="3" t="31" w="178" /><ent r="4" t="31" w="2155" /><ent r="3" t="31" w="3968" /><ent r="3" t="31" w="4091" /><ent r="3" t="33" w="201" /><ent r="3" t="33" w="275" /><ent r="4" t="33" w="590" /><ent r="3" t="37" w="32" /><ent r="3" t="37" w="416" /><ent r="3" t="41" w="383" /><ent r="3" t="43" w="30" /><ent r="3" t="45" w="46" /><ent r="3" t="47" w="112" /><ent r="3" t="51" w="389" /><ent r="5" t="55" w="1823" /><ent r="5" t="55" w="1902" /><ent r="3" t="56" w="386" /></phr></stem><stem n="decompil"><phr n="Decompile"><ent r="100" t="1" w="143" /></phr><phr n="decompile"><ent r="3" t="1" w="213" /></phr></stem><stem n="allow"><phr n="allows"><ent r="3" t="1" w="147" /><ent r="3" t="14" w="1956" /><ent r="3" t="18" w="70" /><ent r="3" t="19" w="569" /><ent r="4" t="22" w="245" /><ent r="4" t="22" w="312" /><ent r="3" t="23" w="1168" /><ent r="3" t="30" w="392" /><ent r="3" t="30" w="997" /><ent r="100" t="31" w="1035" /><ent r="3" t="31" w="1067" /><ent r="3" t="31" w="3342" /><ent r="4" t="33" w="930" /><ent r="4" t="33" w="1220" /><ent r="4" t="33" w="1369" /><ent r="3" t="43" w="32" /><ent r="4" t="43" w="114" /></phr><phr n="ALLOW"><ent r="6" t="5" w="918" /></phr><phr n="allow"><ent r="6" t="5" w="954" /><ent r="3" t="14" w="1162" /><ent r="3" t="14" w="1995" /><ent r="4" t="22" w="276" /><ent r="3" t="24" w="754" /><ent r="3" t="24" w="916" /><ent r="3" t="52" w="11" /></phr><phr n="allowed"><ent r="5" t="7" w="364" /><ent r="3" t="24" w="79" /><ent r="4" t="33" w="542" /></phr><phr n="allowing"><ent r="3" t="14" w="1436" /><ent r="3" t="43" w="142" /></phr><phr n="allowable"><ent r="6" t="16" w="398" /></phr></stem><stem n="right"><phr n="right"><ent r="3" t="1" w="150" /><ent r="3" t="1" w="227" /><ent r="3" t="8" w="398" /><ent r="3" t="19" w="1263" /><ent r="4" t="21" w="512" /><ent r="3" t="21" w="1222" /><ent r="4" t="33" w="1444" /><ent r="3" t="45" w="209" /></phr><phr n="rights"><ent r="3" t="1" w="469" /><ent r="3" t="1" w="514" /><ent r="3" t="28" w="64" /><ent r="3" t="35" w="97" /></phr><phr n="Right"><ent r="4" t="38" w="324" /></phr></stem><stem n="singl"><phr n="single"><ent r="3" t="1" w="160" /><ent r="3" t="8" w="285" /><ent r="3" t="18" w="17" /><ent r="3" t="18" w="22" /><ent r="4" t="18" w="575" /><ent r="3" t="18" w="714" /><ent r="3" t="19" w="899" /><ent r="6" t="21" w="2793" /><ent r="4" t="23" w="159" /><ent r="3" t="23" w="1410" /><ent r="4" t="30" w="1378" /><ent r="3" t="33" w="350" /><ent r="5" t="37" w="480" /><ent r="4" t="42" w="478" /></phr></stem><stem n="make"><phr n="make"><ent r="3" t="1" w="164" /><ent r="3" t="1" w="185" /><ent r="3" t="3" w="456" /><ent r="3" t="3" w="481" /><ent r="4" t="22" w="248" /><ent r="4" t="22" w="279" /><ent r="3" t="30" w="398" /><ent r="4" t="30" w="794" /><ent r="3" t="31" w="3780" /><ent r="4" t="33" w="674" /><ent r="4" t="33" w="753" /><ent r="4" t="33" w="829" /><ent r="3" t="34" w="180" /><ent r="3" t="43" w="49" /><ent r="3" t="47" w="49" /><ent r="3" t="47" w="78" /><ent r="3" t="50" w="310" /><ent r="7" t="53" w="435" /></phr><phr n="making"><ent r="5" t="5" w="564" /><ent r="100" t="7" w="417" /><ent r="5" t="7" w="422" /><ent r="3" t="27" w="223" /><ent r="3" t="29" w="152" /><ent r="3" t="37" w="173" /></phr><phr n="makes"><ent r="3" t="16" w="1164" /><ent r="3" t="16" w="1324" /><ent r="3" t="18" w="431" /><ent r="4" t="22" w="237" /><ent r="5" t="37" w="831" /><ent r="3" t="41" w="710" /></phr><phr n="Make"><ent r="4" t="37" w="247" /><ent r="3" t="47" w="796" /><ent r="4" t="50" w="198" /></phr></stem><stem n="1"><phr n="1"><ent r="3" t="1" w="166" /><ent r="3" t="1" w="487" /><ent r="3" t="5" w="742" /><ent r="8" t="7" w="455" /><ent r="3" t="12" w="150" /><ent r="5" t="13" w="204" /><ent r="5" t="13" w="296" /><ent r="5" t="13" w="689" /><ent r="5" t="13" w="725" /><ent r="5" t="13" w="762" /><ent r="3" t="14" w="1494" /><ent r="3" t="14" w="1517" /><ent r="3" t="14" w="1582" /><ent r="3" t="14" w="1585" /><ent r="3" t="14" w="1587" /><ent r="3" t="14" w="1590" /><ent r="3" t="14" w="1591" /><ent r="3" t="14" w="1617" /><ent r="3" t="14" w="1655" /><ent r="3" t="14" w="1813" /><ent r="3" t="14" w="1818" /><ent r="3" t="14" w="1822" /><ent r="3" t="14" w="1862" /><ent r="3" t="14" w="2055" /><ent r="3" t="15" w="576" /><ent r="3" t="15" w="579" /><ent r="3" t="15" w="581" /><ent r="3" t="15" w="593" /><ent r="3" t="15" w="596" /><ent r="3" t="15" w="598" /><ent r="3" t="15" w="622" /><ent r="3" t="15" w="625" /><ent r="3" t="15" w="627" /><ent r="3" t="15" w="641" /><ent r="3" t="15" w="644" /><ent r="3" t="15" w="646" /><ent r="3" t="15" w="647" /><ent r="3" t="15" w="648" /><ent r="3" t="16" w="980" /><ent r="3" t="16" w="983" /><ent r="3" t="16" w="985" /><ent r="3" t="16" w="994" /><ent r="3" t="16" w="997" /><ent r="3" t="16" w="999" /><ent r="3" t="16" w="1010" /><ent r="3" t="16" w="1013" /><ent r="3" t="16" w="1015" /><ent r="3" t="16" w="1026" /><ent r="3" t="16" w="1029" /><ent r="3" t="16" w="1031" /><ent r="3" t="16" w="1032" /><ent r="3" t="16" w="1033" /><ent r="3" t="16" w="1721" /><ent r="3" t="16" w="1724" /><ent r="3" t="16" w="1726" /><ent r="3" t="16" w="1729" /><ent r="3" t="16" w="1741" /><ent r="3" t="16" w="1752" /><ent r="3" t="17" w="156" /><ent r="3" t="19" w="1173" /><ent r="3" t="19" w="1176" /><ent r="3" t="19" w="1178" /><ent r="3" t="19" w="1181" /><ent r="3" t="19" w="1182" /><ent r="3" t="19" w="1185" /><ent r="3" t="19" w="1187" /><ent r="3" t="19" w="1190" /><ent r="3" t="19" w="1192" /><ent r="3" t="19" w="1294" /><ent r="3" t="19" w="1316" /><ent r="3" t="19" w="1319" /><ent r="3" t="19" w="1321" /><ent r="3" t="19" w="1324" /><ent r="3" t="19" w="1326" /><ent r="3" t="19" w="1331" /><ent r="3" t="19" w="1333" /><ent r="3" t="19" w="1336" /><ent r="3" t="19" w="1338" /><ent r="3" t="19" w="1341" /><ent r="3" t="19" w="1343" /><ent r="3" t="19" w="1350" /><ent r="3" t="19" w="1353" /><ent r="3" t="19" w="1355" /><ent r="3" t="19" w="1358" /><ent r="3" t="19" w="1360" /><ent r="4" t="21" w="151" /><ent r="3" t="21" w="302" /><ent r="4" t="21" w="644" /><ent r="4" t="21" w="672" /><ent r="3" t="21" w="854" /><ent r="3" t="21" w="891" /><ent r="3" t="21" w="1378" /><ent r="3" t="21" w="1388" /><ent r="3" t="21" w="1397" /><ent r="3" t="21" w="1407" /><ent r="4" t="21" w="1613" /><ent r="4" t="21" w="1616" /><ent r="4" t="21" w="1639" /><ent r="4" t="21" w="1642" /><ent r="3" t="21" w="1834" /><ent r="3" t="21" w="1837" /><ent r="3" t="21" w="1839" /><ent r="3" t="21" w="1842" /><ent r="3" t="21" w="1843" /><ent r="3" t="21" w="1851" /><ent r="3" t="21" w="1854" /><ent r="3" t="21" w="1857" /><ent r="3" t="21" w="1859" /><ent r="3" t="21" w="1862" /><ent r="3" t="21" w="1863" /><ent r="3" t="21" w="1876" /><ent r="3" t="21" w="1879" /><ent r="3" t="21" w="1881" /><ent r="3" t="21" w="1884" /><ent r="3" t="21" w="1885" /><ent r="3" t="21" w="1893" /><ent r="3" t="21" w="1896" /><ent r="3" t="21" w="1899" /><ent r="3" t="21" w="1901" /><ent r="3" t="21" w="1904" /><ent r="3" t="21" w="1905" /><ent r="3" t="21" w="1918" /><ent r="3" t="21" w="1921" /><ent r="3" t="21" w="1923" /><ent r="3" t="21" w="1926" /><ent r="3" t="21" w="1927" /><ent r="3" t="21" w="1936" /><ent r="3" t="21" w="1940" /><ent r="3" t="21" w="1943" /><ent r="3" t="21" w="1945" /><ent r="3" t="21" w="1948" /><ent r="3" t="21" w="1949" /><ent r="3" t="21" w="1960" /><ent r="3" t="21" w="1967" /><ent r="3" t="21" w="1975" /><ent r="3" t="21" w="1981" /><ent r="3" t="21" w="1985" /><ent r="3" t="21" w="2186" /><ent r="5" t="21" w="2270" /><ent r="5" t="21" w="2281" /><ent r="6" t="21" w="2377" /><ent r="6" t="21" w="2386" /><ent r="3" t="21" w="2489" /><ent r="3" t="21" w="2492" /><ent r="3" t="21" w="2495" /><ent r="3" t="21" w="2504" /><ent r="3" t="21" w="2523" /><ent r="3" t="21" w="2611" /><ent r="4" t="21" w="2671" /><ent r="4" t="21" w="2674" /><ent r="4" t="21" w="2676" /><ent r="4" t="21" w="2677" /><ent r="4" t="21" w="2678" /><ent r="4" t="21" w="2694" /><ent r="4" t="21" w="2724" /><ent r="4" t="21" w="2727" /><ent r="4" t="21" w="2729" /><ent r="4" t="21" w="2730" /><ent r="4" t="21" w="2731" /><ent r="6" t="21" w="2838" /><ent r="6" t="21" w="2850" /><ent r="6" t="21" w="2862" /><ent r="6" t="21" w="2877" /><ent r="3" t="23" w="489" /><ent r="3" t="23" w="492" /><ent r="3" t="23" w="494" /><ent r="3" t="23" w="497" /><ent r="3" t="23" w="515" /><ent r="3" t="23" w="518" /><ent r="3" t="23" w="520" /><ent r="3" t="23" w="523" /><ent r="3" t="23" w="574" /><ent r="3" t="23" w="591" /><ent r="3" t="23" w="609" /><ent r="3" t="23" w="626" /><ent r="3" t="23" w="644" /><ent r="4" t="23" w="739" /><ent r="3" t="23" w="994" /><ent r="3" t="23" w="1271" /><ent r="3" t="23" w="1285" /><ent r="3" t="23" w="1293" /><ent r="3" t="23" w="1407" /><ent r="3" t="23" w="1426" /><ent r="3" t="24" w="89" /><ent r="3" t="24" w="91" /><ent r="3" t="24" w="93" /><ent r="3" t="24" w="100" /><ent r="3" t="24" w="104" /><ent r="3" t="24" w="114" /><ent r="3" t="24" w="121" /><ent r="3" t="24" w="124" /><ent r="3" t="24" w="126" /><ent r="3" t="24" w="191" /><ent r="3" t="24" w="194" /><ent r="3" t="24" w="195" /><ent r="3" t="24" w="665" /><ent r="3" t="24" w="877" /><ent r="3" t="24" w="902" /><ent r="3" t="24" w="905" /><ent r="3" t="24" w="907" /><ent r="3" t="24" w="1077" /><ent r="3" t="24" w="1080" /><ent r="3" t="24" w="1084" /><ent r="4" t="25" w="544" /><ent r="4" t="25" w="713" /><ent r="3" t="25" w="811" /><ent r="3" t="25" w="877" /><ent r="3" t="25" w="880" /><ent r="3" t="25" w="882" /><ent r="3" t="25" w="885" /><ent r="3" t="25" w="886" /><ent r="3" t="25" w="911" /><ent r="3" t="25" w="914" /><ent r="3" t="25" w="916" /><ent r="3" t="25" w="919" /><ent r="3" t="25" w="920" /><ent r="3" t="25" w="1378" /><ent r="3" t="26" w="74" /><ent r="3" t="26" w="75" /><ent r="3" t="26" w="78" /><ent r="3" t="26" w="80" /><ent r="3" t="26" w="89" /><ent r="3" t="26" w="107" /><ent r="3" t="26" w="108" /><ent r="3" t="26" w="111" /><ent r="3" t="26" w="113" /><ent r="3" t="26" w="117" /><ent r="3" t="26" w="120" /><ent r="3" t="26" w="122" /><ent r="3" t="26" w="125" /><ent r="3" t="26" w="127" /><ent r="3" t="26" w="130" /><ent r="3" t="26" w="132" /><ent r="3" t="26" w="140" /><ent r="4" t="26" w="192" /><ent r="4" t="26" w="211" /><ent r="4" t="26" w="214" /><ent r="4" t="26" w="216" /><ent r="4" t="26" w="270" /><ent r="4" t="26" w="273" /><ent r="4" t="26" w="275" /><ent r="4" t="26" w="278" /><ent r="4" t="26" w="280" /><ent r="4" t="26" w="283" /><ent r="4" t="26" w="285" /><ent r="4" t="26" w="309" /><ent r="3" t="27" w="101" /><ent r="3" t="27" w="435" /><ent r="3" t="27" w="439" /><ent r="3" t="27" w="442" /><ent r="3" t="27" w="444" /><ent r="3" t="27" w="453" /><ent r="3" t="27" w="456" /><ent r="3" t="27" w="458" /><ent r="3" t="27" w="461" /><ent r="3" t="27" w="462" /><ent r="3" t="27" w="470" /><ent r="3" t="27" w="473" /><ent r="3" t="27" w="475" /><ent r="3" t="27" w="478" /><ent r="3" t="27" w="483" /><ent r="3" t="27" w="486" /><ent r="3" t="27" w="488" /><ent r="3" t="27" w="491" /><ent r="3" t="27" w="497" /><ent r="3" t="27" w="500" /><ent r="3" t="27" w="502" /><ent r="3" t="27" w="505" /><ent r="3" t="27" w="512" /><ent r="3" t="27" w="515" /><ent r="3" t="27" w="517" /><ent r="3" t="27" w="520" /><ent r="3" t="27" w="527" /><ent r="3" t="27" w="528" /><ent r="3" t="27" w="531" /><ent r="3" t="27" w="533" /><ent r="3" t="27" w="536" /><ent r="3" t="27" w="593" /><ent r="3" t="27" w="596" /><ent r="3" t="27" w="598" /><ent r="3" t="27" w="600" /><ent r="3" t="27" w="603" /><ent r="3" t="27" w="605" /><ent r="3" t="27" w="614" /><ent r="3" t="27" w="617" /><ent r="3" t="27" w="619" /><ent r="3" t="27" w="622" /><ent r="3" t="27" w="623" /><ent r="3" t="27" w="631" /><ent r="3" t="27" w="634" /><ent r="3" t="27" w="636" /><ent r="3" t="27" w="639" /><ent r="3" t="27" w="644" /><ent r="3" t="27" w="647" /><ent r="3" t="27" w="649" /><ent r="3" t="27" w="652" /><ent r="3" t="27" w="658" /><ent r="3" t="27" w="661" /><ent r="3" t="27" w="663" /><ent r="3" t="27" w="666" /><ent r="3" t="27" w="673" /><ent r="3" t="27" w="676" /><ent r="3" t="27" w="678" /><ent r="3" t="27" w="681" /><ent r="3" t="27" w="688" /><ent r="3" t="27" w="689" /><ent r="3" t="27" w="692" /><ent r="3" t="27" w="694" /><ent r="3" t="27" w="697" /><ent r="3" t="27" w="719" /><ent r="3" t="27" w="723" /><ent r="3" t="27" w="726" /><ent r="3" t="27" w="728" /><ent r="3" t="27" w="737" /><ent r="3" t="27" w="740" /><ent r="3" t="27" w="742" /><ent r="3" t="27" w="745" /><ent r="3" t="27" w="746" /><ent r="3" t="27" w="754" /><ent r="3" t="27" w="757" /><ent r="3" t="27" w="759" /><ent r="3" t="27" w="762" /><ent r="3" t="27" w="767" /><ent r="3" t="27" w="770" /><ent r="3" t="27" w="772" /><ent r="3" t="27" w="775" /><ent r="3" t="27" w="781" /><ent r="3" t="27" w="784" /><ent r="3" t="27" w="786" /><ent r="3" t="27" w="789" /><ent r="3" t="27" w="796" /><ent r="3" t="27" w="799" /><ent r="3" t="27" w="801" /><ent r="3" t="27" w="804" /><ent r="3" t="27" w="811" /><ent r="3" t="27" w="812" /><ent r="3" t="27" w="815" /><ent r="3" t="27" w="817" /><ent r="3" t="27" w="820" /><ent r="3" t="27" w="829" /><ent r="3" t="27" w="833" /><ent r="3" t="27" w="836" /><ent r="3" t="27" w="838" /><ent r="3" t="27" w="847" /><ent r="3" t="27" w="850" /><ent r="3" t="27" w="852" /><ent r="3" t="27" w="855" /><ent r="3" t="27" w="856" /><ent r="3" t="27" w="864" /><ent r="3" t="27" w="867" /><ent r="3" t="27" w="869" /><ent r="3" t="27" w="872" /><ent r="3" t="27" w="877" /><ent r="3" t="27" w="880" /><ent r="3" t="27" w="882" /><ent r="3" t="27" w="885" /><ent r="3" t="27" w="891" /><ent r="3" t="27" w="894" /><ent r="3" t="27" w="896" /><ent r="3" t="27" w="899" /><ent r="3" t="27" w="906" /><ent r="3" t="27" w="909" /><ent r="3" t="27" w="911" /><ent r="3" t="27" w="914" /><ent r="3" t="27" w="921" /><ent r="3" t="27" w="922" /><ent r="3" t="27" w="925" /><ent r="3" t="27" w="927" /><ent r="3" t="27" w="930" /><ent r="3" t="27" w="937" /><ent r="3" t="27" w="940" /><ent r="3" t="27" w="942" /><ent r="3" t="27" w="945" /><ent r="3" t="27" w="950" /><ent r="3" t="27" w="953" /><ent r="3" t="27" w="955" /><ent r="3" t="27" w="958" /><ent r="3" t="27" w="963" /><ent r="3" t="27" w="966" /><ent r="3" t="27" w="968" /><ent r="3" t="27" w="971" /><ent r="3" t="27" w="976" /><ent r="3" t="27" w="979" /><ent r="3" t="27" w="981" /><ent r="3" t="27" w="984" /><ent r="3" t="27" w="989" /><ent r="3" t="27" w="992" /><ent r="3" t="27" w="994" /><ent r="3" t="27" w="997" /><ent r="3" t="27" w="1002" /><ent r="3" t="27" w="1005" /><ent r="3" t="27" w="1007" /><ent r="3" t="27" w="1010" /><ent r="3" t="27" w="1022" /><ent r="3" t="27" w="1025" /><ent r="3" t="27" w="1027" /><ent r="3" t="27" w="1029" /><ent r="3" t="27" w="1032" /><ent r="3" t="27" w="1034" /><ent r="3" t="27" w="1037" /><ent r="3" t="27" w="1038" /><ent r="3" t="27" w="1046" /><ent r="3" t="27" w="1049" /><ent r="3" t="27" w="1051" /><ent r="3" t="27" w="1054" /><ent r="3" t="27" w="1059" /><ent r="3" t="27" w="1062" /><ent r="3" t="27" w="1064" /><ent r="3" t="27" w="1067" /><ent r="3" t="27" w="1073" /><ent r="3" t="27" w="1076" /><ent r="3" t="27" w="1078" /><ent r="3" t="27" w="1081" /><ent r="3" t="27" w="1088" /><ent r="3" t="27" w="1091" /><ent r="3" t="27" w="1093" /><ent r="3" t="27" w="1096" /><ent r="3" t="27" w="1103" /><ent r="3" t="27" w="1104" /><ent r="3" t="27" w="1107" /><ent r="3" t="27" w="1109" /><ent r="3" t="27" w="1112" /><ent r="3" t="27" w="1176" /><ent r="3" t="27" w="1179" /><ent r="3" t="27" w="1181" /><ent r="3" t="27" w="1184" /><ent r="3" t="27" w="1185" /><ent r="3" t="27" w="1190" /><ent r="3" t="27" w="1193" /><ent r="3" t="27" w="1195" /><ent r="3" t="27" w="1198" /><ent r="3" t="27" w="1204" /><ent r="3" t="27" w="1207" /><ent r="3" t="27" w="1209" /><ent r="3" t="27" w="1212" /><ent r="3" t="27" w="1221" /><ent r="3" t="27" w="1224" /><ent r="3" t="27" w="1226" /><ent r="3" t="27" w="1229" /><ent r="3" t="27" w="1236" /><ent r="3" t="27" w="1239" /><ent r="3" t="27" w="1241" /><ent r="3" t="27" w="1244" /><ent r="3" t="27" w="1252" /><ent r="3" t="27" w="1255" /><ent r="3" t="27" w="1257" /><ent r="3" t="27" w="1260" /><ent r="3" t="27" w="1575" /><ent r="3" t="27" w="1655" /><ent r="100" t="28" w="18" /><ent r="3" t="28" w="43" /><ent r="3" t="28" w="171" /><ent r="3" t="28" w="204" /><ent r="3" t="28" w="390" /><ent r="3" t="28" w="422" /><ent r="4" t="30" w="772" /><ent r="3" t="30" w="885" /><ent r="3" t="30" w="901" /><ent r="3" t="30" w="917" /><ent r="3" t="30" w="1906" /><ent r="4" t="31" w="3214" /><ent r="3" t="31" w="3407" /><ent r="3" t="31" w="3511" /><ent r="4" t="31" w="3631" /><ent r="3" t="31" w="3680" /><ent r="3" t="31" w="3772" /><ent r="3" t="31" w="3794" /><ent r="3" t="31" w="3826" /><ent r="3" t="32" w="148" /><ent r="4" t="33" w="893" /><ent r="3" t="34" w="406" /><ent r="3" t="34" w="482" /><ent r="3" t="34" w="538" /><ent r="3" t="34" w="582" /><ent r="3" t="34" w="597" /><ent r="3" t="34" w="600" /><ent r="3" t="34" w="660" /><ent r="3" t="34" w="736" /><ent r="3" t="34" w="792" /><ent r="3" t="34" w="837" /><ent r="3" t="34" w="852" /><ent r="3" t="34" w="855" /><ent r="3" t="35" w="60" /><ent r="3" t="35" w="119" /><ent r="3" t="35" w="192" /><ent r="3" t="36" w="267" /><ent r="3" t="36" w="406" /><ent r="3" t="36" w="407" /><ent r="3" t="36" w="495" /><ent r="4" t="37" w="469" /><ent r="65" t="37" w="523" /><ent r="3" t="37" w="618" /><ent r="3" t="39" w="346" /><ent r="3" t="39" w="347" /><ent r="3" t="39" w="350" /><ent r="3" t="39" w="352" /><ent r="3" t="39" w="353" /><ent r="3" t="39" w="358" /><ent r="3" t="39" w="361" /><ent r="3" t="39" w="363" /><ent r="3" t="39" w="364" /><ent r="3" t="39" w="365" /><ent r="3" t="39" w="369" /><ent r="3" t="39" w="372" /><ent r="3" t="39" w="374" /><ent r="3" t="39" w="375" /><ent r="3" t="39" w="380" /><ent r="3" t="39" w="383" /><ent r="3" t="39" w="385" /><ent r="3" t="39" w="386" /><ent r="3" t="39" w="497" /><ent r="3" t="39" w="498" /><ent r="3" t="39" w="500" /><ent r="3" t="39" w="503" /><ent r="3" t="39" w="505" /><ent r="3" t="39" w="508" /><ent r="3" t="39" w="512" /><ent r="3" t="39" w="515" /><ent r="3" t="39" w="517" /><ent r="3" t="39" w="520" /><ent r="3" t="39" w="522" /><ent r="3" t="39" w="543" /><ent r="3" t="39" w="546" /><ent r="3" t="39" w="548" /><ent r="3" t="39" w="551" /><ent r="3" t="40" w="430" /><ent r="3" t="40" w="431" /><ent r="3" t="40" w="446" /><ent r="3" t="40" w="447" /><ent r="3" t="40" w="448" /><ent r="3" t="40" w="451" /><ent r="3" t="40" w="453" /><ent r="3" t="40" w="509" /><ent r="3" t="40" w="512" /><ent r="3" t="40" w="514" /><ent r="3" t="40" w="516" /><ent r="3" t="40" w="517" /><ent r="3" t="40" w="534" /><ent r="3" t="40" w="563" /><ent r="3" t="40" w="565" /><ent r="3" t="40" w="568" /><ent r="3" t="40" w="570" /><ent r="3" t="40" w="600" /><ent r="3" t="40" w="607" /><ent r="3" t="40" w="608" /><ent r="3" t="40" w="609" /><ent r="3" t="40" w="612" /><ent r="3" t="40" w="614" /><ent r="3" t="40" w="770" /><ent r="3" t="40" w="771" /><ent r="3" t="40" w="773" /><ent r="3" t="40" w="792" /><ent r="3" t="40" w="793" /><ent r="3" t="40" w="799" /><ent r="3" t="40" w="800" /><ent r="3" t="40" w="801" /><ent r="3" t="40" w="804" /><ent r="3" t="40" w="806" /><ent r="3" t="40" w="807" /><ent r="3" t="40" w="808" /><ent r="3" t="40" w="816" /><ent r="3" t="40" w="817" /><ent r="3" t="40" w="818" /><ent r="3" t="40" w="821" /><ent r="3" t="40" w="823" /><ent r="3" t="40" w="824" /><ent r="3" t="40" w="828" /><ent r="3" t="40" w="831" /><ent r="3" t="40" w="833" /><ent r="3" t="40" w="835" /><ent r="3" t="40" w="840" /><ent r="3" t="40" w="841" /><ent r="3" t="40" w="842" /><ent r="3" t="40" w="845" /><ent r="3" t="40" w="847" /><ent r="3" t="40" w="848" /><ent r="3" t="40" w="856" /><ent r="3" t="40" w="857" /><ent r="3" t="40" w="858" /><ent r="3" t="40" w="861" /><ent r="3" t="40" w="863" /><ent r="3" t="40" w="864" /><ent r="3" t="40" w="874" /><ent r="3" t="40" w="875" /><ent r="3" t="40" w="876" /><ent r="3" t="40" w="879" /><ent r="3" t="40" w="881" /><ent r="3" t="40" w="882" /><ent r="3" t="40" w="893" /><ent r="3" t="40" w="894" /><ent r="3" t="40" w="895" /><ent r="3" t="40" w="898" /><ent r="3" t="40" w="900" /><ent r="3" t="40" w="901" /><ent r="3" t="40" w="912" /><ent r="3" t="40" w="913" /><ent r="3" t="40" w="914" /><ent r="3" t="40" w="917" /><ent r="3" t="40" w="919" /><ent r="3" t="40" w="920" /><ent r="3" t="40" w="928" /><ent r="3" t="40" w="929" /><ent r="3" t="40" w="930" /><ent r="3" t="40" w="933" /><ent r="3" t="40" w="935" /><ent r="3" t="40" w="936" /><ent r="3" t="40" w="944" /><ent r="3" t="40" w="945" /><ent r="3" t="40" w="946" /><ent r="3" t="40" w="949" /><ent r="3" t="40" w="951" /><ent r="3" t="40" w="952" /><ent r="3" t="40" w="954" /><ent r="3" t="40" w="956" /><ent r="3" t="40" w="958" /><ent r="3" t="40" w="961" /><ent r="3" t="40" w="963" /><ent r="3" t="40" w="964" /><ent r="3" t="40" w="966" /><ent r="3" t="40" w="970" /><ent r="3" t="40" w="971" /><ent r="3" t="40" w="972" /><ent r="3" t="40" w="975" /><ent r="3" t="40" w="977" /><ent r="3" t="40" w="978" /><ent r="3" t="40" w="980" /><ent r="3" t="40" w="982" /><ent r="3" t="40" w="989" /><ent r="3" t="40" w="990" /><ent r="3" t="40" w="991" /><ent r="3" t="40" w="994" /><ent r="3" t="40" w="996" /><ent r="3" t="40" w="997" /><ent r="3" t="40" w="999" /><ent r="3" t="40" w="1001" /><ent r="3" t="40" w="1007" /><ent r="3" t="40" w="1008" /><ent r="3" t="40" w="1009" /><ent r="3" t="40" w="1012" /><ent r="3" t="40" w="1014" /><ent r="3" t="40" w="1016" /><ent r="3" t="40" w="1023" /><ent r="3" t="40" w="1024" /><ent r="3" t="40" w="1025" /><ent r="3" t="40" w="1028" /><ent r="3" t="40" w="1030" /><ent r="3" t="40" w="1033" /><ent r="3" t="40" w="1034" /><ent r="3" t="40" w="1035" /><ent r="3" t="40" w="1037" /><ent r="3" t="40" w="1041" /><ent r="3" t="40" w="1042" /><ent r="3" t="40" w="1043" /><ent r="3" t="40" w="1046" /><ent r="3" t="40" w="1048" /><ent r="3" t="40" w="1051" /><ent r="3" t="40" w="1052" /><ent r="3" t="40" w="1059" /><ent r="3" t="40" w="1060" /><ent r="3" t="41" w="108" /><ent r="3" t="41" w="177" /><ent r="3" t="41" w="182" /><ent r="3" t="41" w="186" /><ent r="3" t="41" w="197" /><ent r="3" t="41" w="482" /><ent r="3" t="41" w="540" /><ent r="3" t="41" w="543" /><ent r="3" t="41" w="544" /><ent r="3" t="41" w="546" /><ent r="3" t="41" w="562" /><ent r="3" t="41" w="565" /><ent r="3" t="41" w="587" /><ent r="3" t="41" w="613" /><ent r="3" t="41" w="616" /><ent r="3" t="41" w="618" /><ent r="3" t="41" w="619" /><ent r="3" t="41" w="620" /><ent r="3" t="41" w="629" /><ent r="3" t="41" w="632" /><ent r="3" t="41" w="634" /><ent r="3" t="41" w="635" /><ent r="3" t="41" w="651" /><ent r="3" t="41" w="654" /><ent r="3" t="41" w="656" /><ent r="3" t="41" w="657" /><ent r="3" t="41" w="665" /><ent r="3" t="41" w="668" /><ent r="3" t="41" w="670" /><ent r="3" t="41" w="671" /><ent r="3" t="41" w="678" /><ent r="3" t="41" w="681" /><ent r="3" t="41" w="683" /><ent r="3" t="41" w="684" /><ent r="3" t="44" w="460" /><ent r="3" t="47" w="728" /><ent r="3" t="47" w="730" /><ent r="3" t="47" w="781" /><ent r="3" t="47" w="783" /><ent r="7" t="53" w="330" /><ent r="6" t="53" w="639" /><ent r="5" t="55" w="1104" /><ent r="100" t="55" w="1455" /><ent r="4" t="55" w="1467" /><ent r="5" t="55" w="1511" /><ent r="5" t="55" w="1575" /><ent r="5" t="55" w="1621" /></phr></stem></index>