﻿<?xml version="1.0" encoding="utf-8"?><index><stem n="get"><phr n="Get"><ent r="100" t="3" w="4" /><ent r="100" t="4" w="411" /><ent r="100" t="15" w="821" /><ent r="100" t="15" w="824" /><ent r="4" t="15" w="831" /><ent r="4" t="15" w="835" /><ent r="100" t="16" w="283" /><ent r="6" t="16" w="436" /><ent r="100" t="22" w="127" /><ent r="100" t="22" w="130" /><ent r="4" t="22" w="137" /><ent r="4" t="22" w="141" /><ent r="3" t="24" w="50" /><ent r="92" t="24" w="548" /><ent r="3" t="24" w="728" /><ent r="4" t="41" w="744" /><ent r="3" t="47" w="541" /><ent r="3" t="47" w="568" /><ent r="3" t="47" w="656" /></phr><phr n="get"><ent r="3" t="14" w="1989" /><ent r="5" t="15" w="817" /><ent r="3" t="15" w="920" /><ent r="6" t="16" w="449" /><ent r="3" t="22" w="62" /><ent r="5" t="22" w="123" /><ent r="3" t="24" w="559" /><ent r="3" t="24" w="741" /><ent r="3" t="25" w="275" /><ent r="3" t="25" w="1200" /><ent r="3" t="27" w="246" /><ent r="3" t="31" w="229" /><ent r="3" t="36" w="270" /><ent r="4" t="46" w="122" /><ent r="3" t="48" w="35" /></phr><phr n="gets"><ent r="3" t="18" w="323" /><ent r="6" t="21" w="2871" /></phr><phr n="Gets"><ent r="4" t="21" w="786" /><ent r="3" t="21" w="1793" /></phr><phr n="GET"><ent r="3" t="43" w="41" /><ent r="5" t="55" w="1647" /><ent r="5" t="55" w="1720" /></phr></stem><stem n="info"><phr n="Info"><ent r="100" t="3" w="5" /><ent r="100" t="4" w="412" /><ent r="5" t="13" w="445" /></phr><phr n="INFO"><ent r="3" t="28" w="95" /></phr></stem><stem n="window"><phr n="window"><ent r="100" t="3" w="6" /><ent r="3" t="4" w="55" /><ent r="3" t="4" w="155" /><ent r="3" t="4" w="225" /><ent r="100" t="4" w="413" /><ent r="3" t="4" w="422" /><ent r="3" t="4" w="432" /><ent r="5" t="5" w="410" /><ent r="100" t="5" w="499" /><ent r="100" t="7" w="27" /><ent r="3" t="7" w="52" /><ent r="4" t="7" w="106" /><ent r="3" t="7" w="153" /><ent r="100" t="8" w="11" /><ent r="3" t="8" w="32" /><ent r="3" t="8" w="94" /><ent r="3" t="8" w="124" /><ent r="3" t="8" w="338" /><ent r="3" t="8" w="450" /><ent r="3" t="10" w="69" /><ent r="3" t="10" w="106" /><ent r="3" t="10" w="117" /><ent r="3" t="10" w="129" /><ent r="3" t="10" w="153" /><ent r="3" t="10" w="272" /><ent r="3" t="10" w="282" /><ent r="3" t="10" w="342" /><ent r="3" t="10" w="352" /><ent r="3" t="14" w="1323" /><ent r="3" t="14" w="1975" /><ent r="3" t="14" w="2035" /><ent r="4" t="15" w="251" /><ent r="4" t="15" w="407" /><ent r="3" t="15" w="706" /><ent r="3" t="17" w="271" /><ent r="3" t="18" w="522" /><ent r="3" t="18" w="535" /><ent r="4" t="18" w="546" /><ent r="4" t="18" w="622" /><ent r="4" t="19" w="770" /><ent r="3" t="23" w="62" /><ent r="3" t="23" w="69" /><ent r="3" t="23" w="95" /><ent r="3" t="23" w="395" /><ent r="3" t="23" w="411" /><ent r="4" t="23" w="766" /><ent r="3" t="23" w="1125" /><ent r="3" t="23" w="1466" /><ent r="3" t="23" w="1474" /><ent r="3" t="23" w="1506" /><ent r="3" t="23" w="1523" /><ent r="3" t="27" w="714" /><ent r="100" t="31" w="42" /><ent r="3" t="31" w="1294" /><ent r="3" t="31" w="1299" /><ent r="3" t="33" w="179" /><ent r="4" t="33" w="751" /><ent r="3" t="37" w="169" /><ent r="4" t="37" w="333" /><ent r="3" t="37" w="696" /><ent r="4" t="38" w="250" /><ent r="4" t="38" w="292" /><ent r="4" t="38" w="337" /><ent r="4" t="38" w="351" /><ent r="93" t="39" w="201" /><ent r="93" t="39" w="279" /><ent r="100" t="39" w="308" /><ent r="100" t="39" w="311" /><ent r="3" t="39" w="317" /><ent r="93" t="39" w="446" /><ent r="3" t="39" w="474" /><ent r="100" t="40" w="129" /><ent r="4" t="40" w="667" /><ent r="4" t="40" w="758" /><ent r="3" t="40" w="1099" /><ent r="100" t="40" w="1207" /><ent r="3" t="40" w="1225" /><ent r="4" t="41" w="793" /><ent r="4" t="42" w="137" /><ent r="3" t="42" w="290" /><ent r="3" t="42" w="363" /><ent r="4" t="46" w="89" /><ent r="7" t="53" w="753" /><ent r="6" t="53" w="770" /><ent r="6" t="53" w="772" /><ent r="6" t="53" w="790" /><ent r="6" t="53" w="803" /></phr><phr n="Windows"><ent r="6" t="5" w="915" /><ent r="1000" t="10" w="4" /><ent r="5" t="14" w="211" /><ent r="5" t="14" w="234" /><ent r="5" t="14" w="1195" /><ent r="64" t="15" w="731" /><ent r="4" t="21" w="2323" /><ent r="100" t="33" w="9" /><ent r="100" t="33" w="51" /><ent r="6" t="33" w="1028" /><ent r="6" t="36" w="122" /><ent r="64" t="42" w="324" /><ent r="5" t="47" w="40" /><ent r="4" t="47" w="44" /><ent r="82" t="47" w="255" /><ent r="3" t="47" w="259" /><ent r="72" t="47" w="273" /></phr><phr n="windows"><ent r="100" t="10" w="7" /><ent r="100" t="10" w="10" /><ent r="100" t="10" w="17" /><ent r="102" t="10" w="23" /><ent r="3" t="10" w="49" /><ent r="100" t="15" w="727" /></phr><phr n="Window"><ent r="100" t="15" w="673" /><ent r="92" t="15" w="677" /><ent r="3" t="19" w="567" /><ent r="3" t="27" w="175" /><ent r="3" t="27" w="213" /><ent r="3" t="27" w="284" /><ent r="3" t="27" w="314" /><ent r="100" t="53" w="749" /></phr></stem><stem n="overview"><phr n="Overview"><ent r="102" t="3" w="15" /><ent r="102" t="43" w="8" /></phr></stem><stem n="ldap"><phr n="LDAP"><ent r="100" t="3" w="17" /><ent r="3" t="3" w="64" /></phr></stem><stem n="internet"><phr n="Internet"><ent r="3" t="3" w="21" /></phr></stem><stem n="servic"><phr n="services"><ent r="3" t="3" w="22" /></phr><phr n="Services"><ent r="6" t="5" w="901" /></phr><phr n="Service"><ent r="3" t="28" w="99" /></phr><phr n="service"><ent r="3" t="31" w="4063" /></phr><phr n="SERVICE"><ent r="3" t="37" w="537" /></phr></stem><stem n="simpli"><phr n="simply"><ent r="3" t="3" w="23" /><ent r="3" t="23" w="918" /><ent r="3" t="50" w="270" /><ent r="3" t="51" w="422" /></phr></stem><stem n="ping"><phr n="pinging"><ent r="3" t="3" w="24" /></phr><phr n="ping"><ent r="6" t="5" w="861" /><ent r="100" t="33" w="821" /><ent r="4" t="33" w="888" /><ent r="100" t="33" w="1060" /><ent r="6" t="33" w="1077" /><ent r="7" t="33" w="1157" /><ent r="4" t="42" w="122" /></phr><phr n="Pings"><ent r="100" t="42" w="96" /><ent r="100" t="42" w="101" /><ent r="100" t="42" w="103" /><ent r="5" t="42" w="108" /><ent r="5" t="42" w="388" /></phr><phr n="Ping"><ent r="4" t="42" w="406" /></phr></stem><stem n="&quot;pinging&quot;"><phr n="&quot;pinging&quot;"><ent r="3" t="3" w="25" /></phr></stem><stem n="suffici"><phr n="sufficient"><ent r="3" t="3" w="30" /></phr></stem><stem n="oper"><phr n="operating"><ent r="3" t="3" w="36" /><ent r="4" t="33" w="458" /></phr><phr n="operation"><ent r="3" t="3" w="55" /><ent r="5" t="14" w="265" /><ent r="5" t="18" w="190" /><ent r="5" t="18" w="202" /><ent r="3" t="32" w="213" /><ent r="4" t="33" w="502" /><ent r="3" t="45" w="290" /></phr><phr n="operators"><ent r="3" t="14" w="1427" /><ent r="6" t="16" w="370" /><ent r="3" t="17" w="298" /><ent r="4" t="17" w="368" /><ent r="4" t="21" w="140" /><ent r="4" t="21" w="165" /></phr><phr n="operations"><ent r="3" t="14" w="1461" /><ent r="3" t="14" w="1466" /><ent r="4" t="21" w="211" /><ent r="3" t="31" w="459" /></phr><phr n="operational"><ent r="3" t="15" w="115" /></phr><phr n="operator"><ent r="3" t="18" w="385" /><ent r="4" t="18" w="561" /><ent r="4" t="18" w="579" /><ent r="4" t="21" w="273" /><ent r="6" t="21" w="2762" /><ent r="4" t="24" w="275" /><ent r="3" t="24" w="719" /><ent r="3" t="24" w="851" /><ent r="3" t="30" w="926" /></phr><phr n="Operation"><ent r="5" t="19" w="654" /></phr><phr n="Operational"><ent r="3" t="23" w="320" /></phr><phr n="operate"><ent r="3" t="31" w="150" /><ent r="4" t="31" w="428" /><ent r="3" t="31" w="2383" /></phr></stem><stem n="correctli"><phr n="correctly"><ent r="3" t="3" w="37" /></phr></stem><stem n="number"><phr n="number"><ent r="3" t="3" w="41" /><ent r="3" t="4" w="29" /><ent r="100" t="5" w="477" /><ent r="6" t="5" w="480" /><ent r="6" t="5" w="637" /><ent r="3" t="5" w="750" /><ent r="3" t="8" w="362" /><ent r="5" t="14" w="168" /><ent r="5" t="14" w="819" /><ent r="5" t="14" w="848" /><ent r="5" t="14" w="873" /><ent r="5" t="14" w="969" /><ent r="5" t="14" w="987" /><ent r="5" t="14" w="1035" /><ent r="4" t="15" w="885" /><ent r="6" t="16" w="590" /><ent r="6" t="16" w="603" /><ent r="6" t="16" w="616" /><ent r="6" t="16" w="631" /><ent r="6" t="16" w="662" /><ent r="6" t="16" w="687" /><ent r="3" t="16" w="1188" /><ent r="3" t="16" w="1406" /><ent r="4" t="16" w="1421" /><ent r="3" t="16" w="1786" /><ent r="3" t="19" w="1302" /><ent r="3" t="20" w="128" /><ent r="4" t="21" w="760" /><ent r="3" t="21" w="931" /><ent r="4" t="21" w="1057" /><ent r="4" t="21" w="1067" /><ent r="3" t="21" w="1174" /><ent r="3" t="21" w="1181" /><ent r="3" t="21" w="1353" /><ent r="4" t="21" w="1559" /><ent r="4" t="21" w="1565" /><ent r="4" t="21" w="1574" /><ent r="4" t="21" w="1580" /><ent r="4" t="21" w="1586" /><ent r="4" t="21" w="1597" /><ent r="4" t="21" w="1606" /><ent r="4" t="21" w="1620" /><ent r="4" t="21" w="1632" /><ent r="4" t="21" w="1654" /><ent r="3" t="21" w="1733" /><ent r="4" t="21" w="2247" /><ent r="3" t="21" w="2928" /><ent r="4" t="22" w="189" /><ent r="4" t="23" w="173" /><ent r="4" t="23" w="177" /><ent r="3" t="23" w="365" /><ent r="3" t="23" w="415" /><ent r="3" t="23" w="465" /><ent r="3" t="23" w="963" /><ent r="4" t="23" w="1365" /><ent r="4" t="25" w="722" /><ent r="3" t="27" w="142" /><ent r="3" t="27" w="1584" /><ent r="3" t="30" w="986" /><ent r="3" t="30" w="1339" /><ent r="5" t="30" w="1488" /><ent r="5" t="30" w="1527" /><ent r="5" t="30" w="1543" /><ent r="3" t="30" w="1556" /><ent r="3" t="30" w="1733" /><ent r="3" t="30" w="1744" /><ent r="100" t="31" w="303" /><ent r="4" t="31" w="310" /><ent r="4" t="31" w="379" /><ent r="4" t="31" w="542" /><ent r="4" t="31" w="696" /><ent r="65" t="31" w="760" /><ent r="4" t="31" w="834" /><ent r="4" t="31" w="851" /><ent r="3" t="31" w="1010" /><ent r="3" t="31" w="1133" /><ent r="3" t="31" w="1412" /><ent r="3" t="31" w="1591" /><ent r="3" t="31" w="1620" /><ent r="3" t="31" w="1656" /><ent r="3" t="31" w="1664" /><ent r="83" t="31" w="2054" /><ent r="3" t="31" w="2087" /><ent r="4" t="31" w="2152" /><ent r="4" t="31" w="2158" /><ent r="3" t="31" w="2450" /><ent r="3" t="31" w="2495" /><ent r="3" t="31" w="2989" /><ent r="3" t="31" w="3131" /><ent r="4" t="31" w="3156" /><ent r="3" t="31" w="3203" /><ent r="3" t="31" w="3223" /><ent r="3" t="31" w="3267" /><ent r="3" t="31" w="3276" /><ent r="3" t="31" w="3286" /><ent r="3" t="31" w="3647" /><ent r="100" t="32" w="159" /><ent r="3" t="32" w="162" /><ent r="3" t="32" w="284" /><ent r="3" t="32" w="300" /><ent r="3" t="33" w="370" /><ent r="3" t="34" w="344" /><ent r="3" t="36" w="445" /><ent r="3" t="38" w="158" /><ent r="3" t="38" w="190" /><ent r="100" t="40" w="175" /><ent r="4" t="40" w="183" /><ent r="4" t="40" w="227" /><ent r="3" t="40" w="316" /><ent r="3" t="40" w="776" /><ent r="4" t="40" w="1146" /><ent r="3" t="41" w="312" /><ent r="3" t="41" w="356" /><ent r="3" t="41" w="409" /><ent r="4" t="42" w="457" /><ent r="3" t="43" w="134" /><ent r="3" t="45" w="51" /><ent r="3" t="51" w="519" /><ent r="6" t="53" w="309" /><ent r="6" t="53" w="611" /><ent r="3" t="59" w="34" /></phr><phr n="numbering"><ent r="3" t="4" w="125" /></phr><phr n="Number"><ent r="5" t="13" w="658" /><ent r="100" t="15" w="609" /><ent r="100" t="15" w="611" /><ent r="100" t="15" w="617" /><ent r="3" t="15" w="632" /><ent r="100" t="16" w="938" /><ent r="100" t="16" w="940" /><ent r="100" t="16" w="946" /><ent r="3" t="16" w="1020" /><ent r="100" t="30" w="526" /><ent r="5" t="30" w="529" /><ent r="100" t="30" w="534" /><ent r="5" t="30" w="537" /><ent r="100" t="31" w="103" /><ent r="100" t="31" w="300" /><ent r="100" t="40" w="62" /><ent r="100" t="40" w="177" /></phr><phr n="numbers"><ent r="5" t="14" w="359" /><ent r="5" t="14" w="518" /><ent r="5" t="14" w="1128" /><ent r="3" t="14" w="1644" /><ent r="4" t="16" w="309" /><ent r="4" t="21" w="130" /><ent r="3" t="24" w="67" /><ent r="6" t="53" w="595" /></phr><phr n="numbered"><ent r="6" t="21" w="2836" /><ent r="3" t="22" w="69" /><ent r="4" t="22" w="239" /><ent r="4" t="22" w="280" /><ent r="5" t="22" w="285" /><ent r="4" t="22" w="300" /><ent r="4" t="22" w="309" /><ent r="4" t="30" w="765" /></phr></stem><stem n="differ"><phr n="different"><ent r="3" t="3" w="49" /><ent r="3" t="3" w="374" /><ent r="6" t="5" w="282" /><ent r="5" t="14" w="704" /><ent r="6" t="16" w="352" /><ent r="4" t="19" w="119" /><ent r="4" t="25" w="686" /><ent r="3" t="42" w="49" /><ent r="3" t="42" w="372" /><ent r="3" t="56" w="392" /><ent r="4" t="58" w="80" /></phr><phr n="differences"><ent r="3" t="5" w="787" /><ent r="3" t="15" w="305" /><ent r="3" t="18" w="538" /></phr><phr n="difference"><ent r="6" t="16" w="714" /></phr><phr n="differently"><ent r="3" t="24" w="303" /></phr><phr n="Differences"><ent r="5" t="55" w="303" /></phr></stem><stem n="aspect"><phr n="aspects"><ent r="3" t="3" w="50" /><ent r="4" t="15" w="423" /><ent r="3" t="15" w="760" /><ent r="3" t="22" w="25" /></phr></stem><stem n="device'"><phr n="device's"><ent r="3" t="3" w="54" /><ent r="3" t="3" w="53" /><ent r="4" t="3" w="220" /><ent r="4" t="3" w="219" /><ent r="4" t="3" w="237" /><ent r="4" t="3" w="236" /><ent r="3" t="3" w="265" /><ent r="3" t="3" w="264" /><ent r="3" t="3" w="354" /><ent r="3" t="3" w="353" /><ent r="3" t="3" w="409" /><ent r="3" t="3" w="408" /><ent r="3" t="3" w="437" /><ent r="3" t="3" w="436" /><ent r="6" t="5" w="608" /><ent r="6" t="5" w="607" /><ent r="6" t="5" w="630" /><ent r="6" t="5" w="629" /><ent r="5" t="14" w="158" /><ent r="5" t="14" w="157" /><ent r="5" t="14" w="302" /><ent r="5" t="14" w="301" /><ent r="5" t="14" w="450" /><ent r="5" t="14" w="449" /><ent r="5" t="14" w="1089" /><ent r="5" t="14" w="1088" /><ent r="4" t="15" w="145" /><ent r="4" t="15" w="144" /><ent r="4" t="15" w="377" /><ent r="4" t="15" w="376" /><ent r="3" t="17" w="225" /><ent r="3" t="17" w="224" /><ent r="3" t="17" w="269" /><ent r="3" t="17" w="268" /><ent r="3" t="18" w="287" /><ent r="3" t="18" w="286" /><ent r="3" t="18" w="344" /><ent r="3" t="18" w="343" /><ent r="3" t="18" w="496" /><ent r="3" t="18" w="495" /><ent r="3" t="19" w="481" /><ent r="3" t="19" w="480" /><ent r="3" t="19" w="565" /><ent r="3" t="19" w="564" /><ent r="4" t="19" w="663" /><ent r="4" t="19" w="662" /><ent r="4" t="19" w="781" /><ent r="4" t="19" w="780" /><ent r="3" t="19" w="892" /><ent r="3" t="19" w="891" /><ent r="3" t="23" w="288" /><ent r="3" t="23" w="287" /><ent r="3" t="25" w="49" /><ent r="3" t="25" w="48" /><ent r="3" t="25" w="246" /><ent r="3" t="25" w="245" /><ent r="3" t="27" w="211" /><ent r="3" t="27" w="210" /><ent r="3" t="28" w="319" /><ent r="3" t="28" w="318" /><ent r="3" t="28" w="344" /><ent r="3" t="28" w="343" /><ent r="3" t="29" w="40" /><ent r="3" t="29" w="39" /><ent r="3" t="32" w="305" /><ent r="3" t="32" w="304" /><ent r="3" t="32" w="331" /><ent r="3" t="32" w="330" /><ent r="3" t="32" w="367" /><ent r="3" t="32" w="366" /><ent r="3" t="32" w="386" /><ent r="3" t="32" w="385" /><ent r="3" t="32" w="405" /><ent r="3" t="32" w="404" /><ent r="3" t="32" w="419" /><ent r="3" t="32" w="418" /><ent r="3" t="33" w="80" /><ent r="3" t="33" w="79" /><ent r="3" t="33" w="138" /><ent r="3" t="33" w="137" /><ent r="3" t="33" w="170" /><ent r="3" t="33" w="169" /><ent r="4" t="33" w="566" /><ent r="4" t="33" w="565" /><ent r="3" t="33" w="616" /><ent r="3" t="33" w="615" /><ent r="3" t="37" w="117" /><ent r="3" t="37" w="116" /><ent r="4" t="37" w="360" /><ent r="4" t="37" w="359" /><ent r="4" t="37" w="465" /><ent r="4" t="37" w="464" /><ent r="3" t="46" w="176" /><ent r="3" t="46" w="175" /><ent r="4" t="51" w="164" /><ent r="4" t="51" w="163" /></phr><phr n="Device's"><ent r="5" t="18" w="189" /><ent r="5" t="18" w="188" /><ent r="5" t="18" w="201" /><ent r="5" t="18" w="200" /></phr></stem><stem n="it'"><phr n="it's"><ent r="3" t="3" w="58" /><ent r="3" t="3" w="57" /><ent r="6" t="5" w="361" /><ent r="6" t="5" w="360" /><ent r="3" t="18" w="332" /><ent r="3" t="18" w="331" /><ent r="3" t="24" w="710" /><ent r="3" t="24" w="709" /><ent r="4" t="33" w="679" /><ent r="4" t="33" w="678" /><ent r="4" t="33" w="700" /><ent r="4" t="33" w="699" /><ent r="3" t="47" w="834" /><ent r="3" t="47" w="833" /></phr><phr n="It's"><ent r="3" t="3" w="442" /><ent r="3" t="3" w="441" /><ent r="3" t="8" w="480" /><ent r="3" t="8" w="479" /></phr></stem><stem n="etc"><phr n="etc"><ent r="3" t="3" w="66" /><ent r="4" t="12" w="204" /><ent r="5" t="14" w="1243" /><ent r="4" t="14" w="1684" /><ent r="4" t="14" w="1700" /><ent r="3" t="15" w="82" /><ent r="3" t="15" w="490" /><ent r="3" t="16" w="91" /><ent r="3" t="18" w="726" /><ent r="3" t="21" w="55" /><ent r="6" t="21" w="2843" /><ent r="4" t="23" w="186" /><ent r="4" t="23" w="221" /><ent r="3" t="25" w="1504" /><ent r="3" t="30" w="821" /><ent r="3" t="44" w="462" /><ent r="3" t="47" w="536" /><ent r="3" t="47" w="858" /><ent r="3" t="51" w="504" /><ent r="5" t="55" w="682" /><ent r="3" t="55" w="1425" /></phr></stem><stem n="text"><phr n="text"><ent r="3" t="3" w="106" /><ent r="3" t="3" w="117" /><ent r="3" t="4" w="146" /><ent r="3" t="4" w="157" /><ent r="3" t="4" w="188" /><ent r="3" t="4" w="195" /><ent r="3" t="7" w="37" /><ent r="3" t="7" w="87" /><ent r="3" t="7" w="89" /><ent r="3" t="7" w="143" /><ent r="3" t="7" w="165" /><ent r="3" t="7" w="170" /><ent r="4" t="7" w="268" /><ent r="5" t="7" w="371" /><ent r="5" t="7" w="380" /><ent r="5" t="7" w="391" /><ent r="5" t="7" w="405" /><ent r="5" t="7" w="439" /><ent r="3" t="7" w="481" /><ent r="3" t="7" w="570" /><ent r="4" t="7" w="588" /><ent r="4" t="7" w="628" /><ent r="4" t="7" w="648" /><ent r="4" t="8" w="169" /><ent r="4" t="8" w="176" /><ent r="3" t="8" w="216" /><ent r="3" t="10" w="96" /><ent r="3" t="10" w="119" /><ent r="3" t="10" w="131" /><ent r="3" t="10" w="139" /><ent r="3" t="10" w="149" /><ent r="3" t="10" w="259" /><ent r="3" t="10" w="328" /><ent r="4" t="12" w="243" /><ent r="5" t="14" w="884" /><ent r="5" t="14" w="1193" /><ent r="5" t="14" w="1211" /><ent r="5" t="14" w="1233" /><ent r="4" t="15" w="247" /><ent r="6" t="16" w="733" /><ent r="4" t="16" w="913" /><ent r="4" t="18" w="626" /><ent r="5" t="18" w="873" /><ent r="3" t="23" w="1545" /><ent r="3" t="23" w="1551" /><ent r="3" t="30" w="257" /><ent r="4" t="30" w="317" /><ent r="3" t="30" w="408" /><ent r="4" t="30" w="762" /><ent r="4" t="30" w="1836" /><ent r="82" t="30" w="1858" /><ent r="3" t="30" w="1867" /><ent r="3" t="30" w="1878" /><ent r="82" t="30" w="1918" /><ent r="3" t="30" w="1989" /><ent r="4" t="31" w="1485" /><ent r="3" t="31" w="1528" /><ent r="3" t="31" w="1954" /><ent r="4" t="31" w="3023" /><ent r="3" t="31" w="3805" /><ent r="3" t="31" w="3961" /><ent r="4" t="33" w="558" /><ent r="4" t="33" w="578" /><ent r="3" t="34" w="324" /><ent r="3" t="34" w="577" /><ent r="3" t="34" w="831" /><ent r="3" t="36" w="235" /><ent r="3" t="36" w="370" /><ent r="4" t="37" w="507" /><ent r="3" t="37" w="540" /><ent r="3" t="41" w="417" /><ent r="3" t="41" w="469" /><ent r="3" t="44" w="195" /><ent r="3" t="44" w="235" /><ent r="4" t="45" w="130" /><ent r="4" t="45" w="139" /><ent r="4" t="46" w="69" /><ent r="4" t="50" w="159" /><ent r="3" t="50" w="271" /><ent r="3" t="50" w="279" /><ent r="3" t="51" w="39" /><ent r="3" t="51" w="61" /><ent r="4" t="51" w="122" /><ent r="4" t="51" w="144" /><ent r="3" t="51" w="208" /><ent r="3" t="51" w="231" /><ent r="3" t="51" w="241" /><ent r="3" t="51" w="247" /><ent r="3" t="51" w="250" /><ent r="4" t="51" w="291" /><ent r="3" t="51" w="352" /><ent r="3" t="51" w="393" /><ent r="3" t="52" w="66" /><ent r="4" t="52" w="177" /><ent r="4" t="52" w="194" /><ent r="6" t="53" w="125" /><ent r="6" t="53" w="185" /><ent r="3" t="54" w="32" /><ent r="3" t="54" w="63" /><ent r="3" t="54" w="163" /><ent r="3" t="54" w="171" /><ent r="3" t="54" w="207" /><ent r="3" t="55" w="14" /><ent r="3" t="55" w="53" /><ent r="3" t="57" w="103" /><ent r="3" t="57" w="108" /></phr><phr n="Text"><ent r="64" t="4" w="128" /><ent r="100" t="7" w="13" /><ent r="100" t="7" w="68" /><ent r="7" t="7" w="533" /><ent r="7" t="7" w="537" /><ent r="4" t="7" w="632" /><ent r="5" t="8" w="165" /><ent r="82" t="8" w="207" /><ent r="3" t="8" w="223" /><ent r="3" t="8" w="224" /><ent r="4" t="8" w="235" /><ent r="3" t="8" w="584" /><ent r="3" t="8" w="585" /><ent r="100" t="15" w="674" /><ent r="92" t="15" w="678" /></phr><phr n="TEXT"><ent r="3" t="41" w="227" /><ent r="3" t="41" w="231" /><ent r="3" t="41" w="249" /><ent r="3" t="41" w="257" /><ent r="3" t="41" w="259" /></phr></stem><stem n="duplic"><phr n="duplicated"><ent r="3" t="3" w="111" /></phr></stem><stem n="standard"><phr n="standard"><ent r="3" t="3" w="116" /><ent r="65" t="5" w="780" /><ent r="5" t="14" w="379" /><ent r="4" t="14" w="1904" /><ent r="3" t="14" w="1937" /><ent r="65" t="15" w="298" /><ent r="3" t="33" w="162" /><ent r="64" t="33" w="209" /><ent r="64" t="37" w="37" /><ent r="3" t="43" w="38" /></phr><phr n="Standard"><ent r="5" t="13" w="663" /></phr></stem><stem n="edit"><phr n="editing"><ent r="3" t="3" w="118" /><ent r="3" t="34" w="197" /></phr><phr n="edit"><ent r="3" t="11" w="123" /><ent r="3" t="50" w="275" /><ent r="7" t="53" w="420" /><ent r="7" t="53" w="448" /></phr><phr n="Edit"><ent r="100" t="50" w="333" /><ent r="4" t="50" w="338" /></phr><phr n="edited"><ent r="7" t="53" w="510" /></phr></stem><stem n="becom"><phr n="becomes"><ent r="3" t="3" w="127" /><ent r="3" t="4" w="398" /><ent r="3" t="7" w="90" /><ent r="3" t="33" w="77" /><ent r="4" t="37" w="510" /><ent r="6" t="53" w="128" /></phr><phr n="become"><ent r="3" t="23" w="383" /><ent r="3" t="24" w="30" /></phr><phr n="Becoming"><ent r="100" t="54" w="106" /><ent r="100" t="54" w="114" /><ent r="92" t="54" w="123" /></phr></stem><stem n="-class"><phr n="-class"><ent r="3" t="3" w="129" /><ent r="3" t="3" w="129" /></phr></stem><stem n="first"><phr n="first"><ent r="3" t="3" w="129" /><ent r="6" t="5" w="225" /><ent r="4" t="7" w="579" /><ent r="5" t="14" w="306" /><ent r="5" t="14" w="454" /><ent r="5" t="14" w="1093" /><ent r="9" t="16" w="876" /><ent r="3" t="19" w="288" /><ent r="3" t="19" w="1213" /><ent r="4" t="21" w="114" /><ent r="4" t="23" w="708" /><ent r="4" t="23" w="714" /><ent r="4" t="23" w="788" /><ent r="3" t="24" w="651" /><ent r="3" t="24" w="662" /><ent r="3" t="25" w="57" /><ent r="3" t="25" w="1024" /><ent r="3" t="27" w="258" /><ent r="3" t="28" w="253" /><ent r="4" t="30" w="323" /><ent r="4" t="30" w="768" /><ent r="5" t="30" w="1612" /><ent r="4" t="31" w="977" /><ent r="3" t="31" w="2469" /><ent r="3" t="31" w="2475" /><ent r="3" t="31" w="4141" /><ent r="3" t="32" w="338" /><ent r="4" t="33" w="857" /><ent r="3" t="39" w="393" /><ent r="4" t="40" w="285" /><ent r="4" t="51" w="274" /><ent r="4" t="53" w="36" /><ent r="4" t="54" w="242" /><ent r="7" t="55" w="323" /><ent r="6" t="55" w="1208" /><ent r="6" t="55" w="1230" /></phr><phr n="First"><ent r="4" t="21" w="1609" /><ent r="4" t="21" w="1635" /><ent r="3" t="25" w="1039" /><ent r="3" t="28" w="154" /></phr></stem><stem n="first-class"><phr n="first-class"><ent r="3" t="3" w="129" /></phr></stem><stem n="class"><phr n="class"><ent r="3" t="3" w="130" /><ent r="4" t="12" w="187" /><ent r="7" t="55" w="1164" /><ent r="7" t="55" w="1174" /><ent r="6" t="55" w="2025" /><ent r="6" t="55" w="2065" /></phr></stem><stem n="citizen"><phr n="citizen"><ent r="3" t="3" w="131" /></phr></stem><stem n="appear"><phr n="appears"><ent r="3" t="3" w="133" /><ent r="3" t="4" w="112" /><ent r="3" t="4" w="148" /><ent r="5" t="5" w="401" /><ent r="4" t="7" w="637" /><ent r="3" t="8" w="84" /><ent r="3" t="8" w="581" /><ent r="3" t="10" w="98" /><ent r="3" t="10" w="261" /><ent r="3" t="10" w="278" /><ent r="3" t="10" w="330" /><ent r="3" t="10" w="348" /><ent r="3" t="15" w="702" /><ent r="3" t="18" w="459" /><ent r="3" t="34" w="111" /><ent r="4" t="38" w="338" /><ent r="4" t="40" w="668" /><ent r="4" t="42" w="132" /><ent r="3" t="42" w="286" /><ent r="4" t="50" w="369" /></phr><phr n="appear"><ent r="3" t="8" w="331" /><ent r="3" t="33" w="175" /><ent r="4" t="40" w="754" /><ent r="6" t="53" w="799" /><ent r="3" t="54" w="165" /></phr><phr n="appearance"><ent r="3" t="10" w="146" /><ent r="3" t="18" w="120" /><ent r="3" t="50" w="142" /></phr></stem><stem n="type"><phr n="Type"><ent r="100" t="3" w="138" /><ent r="4" t="3" w="141" /><ent r="100" t="4" w="11" /><ent r="5" t="4" w="117" /><ent r="100" t="5" w="112" /><ent r="5" t="14" w="771" /><ent r="4" t="15" w="533" /><ent r="100" t="16" w="99" /><ent r="3" t="16" w="132" /><ent r="5" t="16" w="456" /><ent r="3" t="23" w="1045" /><ent r="3" t="23" w="1310" /><ent r="3" t="27" w="1336" /><ent r="3" t="27" w="1354" /><ent r="3" t="27" w="1372" /><ent r="3" t="27" w="1390" /><ent r="3" t="27" w="1408" /><ent r="3" t="27" w="1426" /><ent r="3" t="27" w="1444" /><ent r="3" t="27" w="1462" /><ent r="3" t="27" w="1480" /><ent r="3" t="27" w="1498" /><ent r="3" t="27" w="1633" /><ent r="3" t="27" w="1649" /><ent r="100" t="37" w="295" /><ent r="4" t="37" w="307" /><ent r="100" t="38" w="322" /></phr><phr n="type"><ent r="6" t="5" w="95" /><ent r="6" t="5" w="99" /><ent r="6" t="5" w="163" /><ent r="6" t="5" w="188" /><ent r="6" t="5" w="202" /><ent r="6" t="5" w="219" /><ent r="100" t="5" w="450" /><ent r="6" t="5" w="453" /><ent r="3" t="5" w="715" /><ent r="3" t="5" w="745" /><ent r="4" t="5" w="790" /><ent r="3" t="7" w="246" /><ent r="3" t="8" w="212" /><ent r="3" t="8" w="580" /><ent r="3" t="14" w="90" /><ent r="3" t="14" w="287" /><ent r="3" t="14" w="431" /><ent r="5" t="14" w="579" /><ent r="3" t="14" w="785" /><ent r="4" t="16" w="333" /><ent r="6" t="16" w="488" /><ent r="6" t="16" w="492" /><ent r="6" t="16" w="742" /><ent r="10" t="16" w="844" /><ent r="3" t="16" w="1092" /><ent r="4" t="19" w="413" /><ent r="3" t="19" w="1276" /><ent r="3" t="19" w="1296" /><ent r="3" t="21" w="2226" /><ent r="3" t="23" w="312" /><ent r="4" t="25" w="776" /><ent r="3" t="25" w="1057" /><ent r="3" t="25" w="1482" /><ent r="3" t="25" w="1500" /><ent r="3" t="27" w="119" /><ent r="3" t="27" w="138" /><ent r="3" t="28" w="221" /><ent r="3" t="28" w="346" /><ent r="3" t="32" w="125" /><ent r="100" t="32" w="152" /><ent r="3" t="32" w="155" /><ent r="100" t="33" w="812" /><ent r="4" t="33" w="833" /><ent r="4" t="33" w="879" /><ent r="4" t="33" w="898" /><ent r="3" t="34" w="390" /><ent r="3" t="34" w="409" /><ent r="3" t="34" w="644" /><ent r="3" t="34" w="663" /><ent r="3" t="35" w="101" /><ent r="3" t="35" w="122" /><ent r="3" t="36" w="391" /><ent r="3" t="36" w="409" /><ent r="4" t="38" w="344" /><ent r="3" t="41" w="260" /><ent r="3" t="41" w="478" /><ent r="3" t="41" w="483" /><ent r="3" t="42" w="48" /><ent r="3" t="44" w="99" /><ent r="3" t="44" w="336" /><ent r="3" t="44" w="369" /><ent r="3" t="44" w="374" /><ent r="100" t="57" w="21" /><ent r="3" t="57" w="35" /></phr><phr n="types"><ent r="6" t="5" w="109" /><ent r="6" t="5" w="464" /><ent r="3" t="8" w="158" /><ent r="3" t="8" w="275" /><ent r="3" t="8" w="568" /><ent r="6" t="16" w="505" /><ent r="6" t="16" w="837" /><ent r="3" t="23" w="151" /><ent r="3" t="24" w="232" /><ent r="4" t="50" w="260" /></phr><phr n="Types"><ent r="92" t="8" w="155" /><ent r="66" t="50" w="249" /><ent r="1000" t="57" w="2" /><ent r="100" t="57" w="5" /><ent r="102" t="57" w="8" /></phr><phr n="TYPE"><ent r="3" t="15" w="566" /><ent r="3" t="16" w="976" /><ent r="3" t="28" w="74" /><ent r="3" t="28" w="76" /><ent r="3" t="28" w="174" /><ent r="3" t="28" w="207" /><ent r="3" t="28" w="239" /><ent r="3" t="28" w="273" /><ent r="3" t="28" w="304" /><ent r="3" t="28" w="329" /><ent r="3" t="28" w="359" /><ent r="3" t="28" w="365" /><ent r="3" t="28" w="369" /><ent r="3" t="28" w="398" /></phr><phr n="Typing"><ent r="3" t="40" w="1219" /></phr><phr n="typed"><ent r="5" t="55" w="691" /></phr></stem></index>