﻿<?xml version="1.0" encoding="utf-8"?><index><stem n="condition-str"><phr n="Condition-String"><ent r="3" t="19" w="36" /><ent r="3" t="19" w="56" /><ent r="5" t="19" w="215" /><ent r="3" t="20" w="176" /></phr><phr n="condition-string"><ent r="3" t="19" w="988" /><ent r="3" t="19" w="1018" /><ent r="3" t="19" w="1082" /><ent r="3" t="19" w="1099" /></phr></stem><stem n="["><phr n="["><ent r="3" t="19" w="38" /><ent r="3" t="20" w="30" /><ent r="4" t="26" w="165" /><ent r="4" t="26" w="188" /><ent r="4" t="26" w="211" /><ent r="4" t="26" w="306" /><ent r="3" t="47" w="520" /><ent r="3" t="47" w="604" /></phr></stem><stem n="-list"><phr n="-list"><ent r="3" t="19" w="39" /><ent r="3" t="19" w="39" /><ent r="5" t="19" w="235" /><ent r="5" t="19" w="235" /><ent r="3" t="20" w="47" /><ent r="3" t="20" w="47" /></phr><phr n="-List"><ent r="3" t="19" w="59" /><ent r="3" t="19" w="59" /><ent r="3" t="19" w="991" /><ent r="3" t="19" w="991" /><ent r="3" t="19" w="1085" /><ent r="3" t="19" w="1085" /><ent r="3" t="19" w="1092" /><ent r="3" t="19" w="1092" /><ent r="3" t="20" w="179" /><ent r="3" t="20" w="179" /></phr><phr n="-lists"><ent r="5" t="55" w="619" /><ent r="5" t="55" w="619" /></phr></stem><stem n="notifier-list"><phr n="Notifier-list"><ent r="3" t="19" w="39" /><ent r="5" t="19" w="235" /></phr><phr n="Notifier-List"><ent r="3" t="19" w="991" /><ent r="3" t="19" w="1030" /><ent r="3" t="19" w="1085" /><ent r="3" t="19" w="1092" /></phr><phr n="notifier-list"><ent r="3" t="20" w="47" /></phr></stem><stem n="notifer-list"><phr n="Notifer-List"><ent r="3" t="19" w="59" /><ent r="3" t="20" w="179" /></phr></stem><stem n="sitetemp"><phr n="SiteTemp"><ent r="3" t="19" w="61" /><ent r="3" t="19" w="71" /><ent r="4" t="19" w="357" /><ent r="7" t="19" w="366" /><ent r="4" t="19" w="407" /><ent r="7" t="19" w="416" /><ent r="3" t="20" w="182" /><ent r="3" t="20" w="193" /><ent r="3" t="20" w="231" /></phr></stem><stem n="($temp"><phr n="($Temp"><ent r="3" t="19" w="63" /><ent r="3" t="19" w="73" /><ent r="3" t="20" w="184" /><ent r="3" t="20" w="195" /></phr></stem><stem n="$temp"><phr n="$Temp"><ent r="3" t="19" w="63" /><ent r="3" t="19" w="73" /><ent r="4" t="19" w="163" /><ent r="4" t="19" w="196" /><ent r="3" t="20" w="184" /><ent r="3" t="20" w="195" /></phr></stem><stem n="$criticalhightemp"><phr n="$CriticalHighTemp"><ent r="3" t="19" w="65" /><ent r="4" t="19" w="165" /><ent r="4" t="19" w="205" /><ent r="3" t="20" w="186" /></phr></stem><stem n="veri"><phr n="VERY"><ent r="3" t="19" w="66" /><ent r="4" t="19" w="425" /><ent r="3" t="20" w="187" /></phr><phr n="very"><ent r="4" t="33" w="625" /><ent r="3" t="33" w="638" /><ent r="3" t="39" w="416" /></phr></stem><stem n="very_high"><phr n="VERY_HIGH"><ent r="3" t="19" w="67" /><ent r="3" t="19" w="66" /><ent r="4" t="19" w="426" /><ent r="4" t="19" w="425" /><ent r="3" t="20" w="188" /><ent r="3" t="20" w="187" /></phr></stem><stem n="very_high_temp"><phr n="VERY_HIGH_TEMP"><ent r="3" t="19" w="68" /><ent r="3" t="19" w="66" /><ent r="4" t="19" w="427" /><ent r="4" t="19" w="425" /><ent r="3" t="20" w="189" /><ent r="3" t="20" w="187" /></phr></stem><stem n="&quot;very_high_temp&quot;"><phr n="&quot;VERY_HIGH_TEMP&quot;"><ent r="3" t="19" w="69" /><ent r="3" t="20" w="190" /></phr></stem><stem n="pagefr"><phr n="PageFred"><ent r="3" t="19" w="70" /><ent r="3" t="19" w="79" /><ent r="3" t="20" w="191" /><ent r="3" t="20" w="201" /><ent r="3" t="20" w="212" /><ent r="3" t="20" w="235" /><ent r="3" t="20" w="251" /></phr></stem><stem n="$majorhightemp"><phr n="$MajorHighTemp"><ent r="3" t="19" w="75" /><ent r="4" t="19" w="207" /><ent r="3" t="20" w="197" /></phr></stem><stem n="high_temp"><phr n="HIGH_TEMP"><ent r="3" t="19" w="77" /><ent r="3" t="19" w="76" /><ent r="3" t="20" w="199" /><ent r="3" t="20" w="198" /></phr></stem><stem n="&quot;high_temp&quot;"><phr n="&quot;HIGH_TEMP&quot;"><ent r="3" t="19" w="78" /><ent r="3" t="20" w="200" /></phr></stem><stem n="/snmp-device-alarmpoints&gt;"><phr n="/snmp-device-alarmpoints&gt;"><ent r="3" t="19" w="82" /><ent r="3" t="19" w="1537" /><ent r="3" t="20" w="204" /></phr></stem><stem n="snmp-device-alarmpoints&gt;"><phr n="snmp-device-alarmpoints&gt;"><ent r="3" t="19" w="82" /><ent r="3" t="19" w="1537" /><ent r="3" t="20" w="204" /></phr></stem><stem n="'critical',"><phr n="'critical',"><ent r="4" t="19" w="133" /></phr></stem><stem n="'major',"><phr n="'major',"><ent r="4" t="19" w="134" /></phr></stem><stem n="'minor'"><phr n="'minor'"><ent r="4" t="19" w="135" /></phr></stem><stem n="'clear'."><phr n="'clear'."><ent r="4" t="19" w="137" /></phr></stem><stem n="-to-test"><phr n="-to-test"><ent r="5" t="19" w="148" /><ent r="5" t="19" w="149" /><ent r="4" t="19" w="228" /><ent r="4" t="19" w="229" /></phr></stem><stem n="boolean"><phr n="boolean"><ent r="4" t="19" w="159" /><ent r="3" t="41" w="365" /></phr></stem><stem n=".g."><phr n=".g."><ent r="4" t="19" w="163" /><ent r="4" t="21" w="435" /><ent r="4" t="21" w="634" /><ent r="3" t="31" w="3880" /></phr></stem><stem n="&quot;($temp"><phr n="&quot;($Temp"><ent r="4" t="19" w="163" /></phr></stem><stem n=")&quot;"><phr n=")&quot;"><ent r="4" t="19" w="166" /><ent r="4" t="40" w="1134" /><ent r="4" t="40" w="1156" /><ent r="3" t="41" w="579" /></phr></stem><stem n="valid"><phr n="valid"><ent r="4" t="19" w="191" /><ent r="3" t="24" w="1157" /><ent r="3" t="44" w="377" /><ent r="3" t="45" w="168" /></phr></stem><stem n="comma-delimit"><phr n="comma-delimited"><ent r="4" t="19" w="241" /><ent r="4" t="45" w="137" /></phr><phr n="comma-delimiter"><ent r="6" t="55" w="1188" /></phr></stem><stem n="&quot;intermapp"><phr n="&quot;InterMapper"><ent r="4" t="19" w="256" /></phr></stem><stem n="-device-notifiers&gt;"><phr n="-device-notifiers&gt;"><ent r="4" t="19" w="261" /><ent r="4" t="19" w="262" /><ent r="3" t="19" w="1372" /><ent r="3" t="19" w="1373" /><ent r="4" t="20" w="15" /><ent r="4" t="20" w="16" /><ent r="3" t="20" w="208" /><ent r="3" t="20" w="209" /><ent r="4" t="20" w="243" /><ent r="4" t="20" w="244" /></phr></stem><stem n="&lt;snmp-device-notifiers&gt;"><phr n="&lt;snmp-device-notifiers&gt;"><ent r="4" t="19" w="261" /><ent r="3" t="19" w="1372" /><ent r="4" t="20" w="15" /><ent r="3" t="20" w="208" /><ent r="4" t="20" w="243" /></phr></stem><stem n="device-notifiers&gt;"><phr n="device-notifiers&gt;"><ent r="4" t="19" w="262" /><ent r="3" t="19" w="1373" /><ent r="3" t="19" w="1382" /><ent r="4" t="20" w="16" /><ent r="3" t="20" w="209" /><ent r="3" t="20" w="222" /><ent r="4" t="20" w="244" /></phr></stem><stem n="notifiers&gt;"><phr n="notifiers&gt;"><ent r="4" t="19" w="263" /><ent r="3" t="19" w="1374" /><ent r="3" t="19" w="1383" /><ent r="4" t="20" w="17" /><ent r="3" t="20" w="210" /><ent r="3" t="20" w="223" /><ent r="4" t="20" w="245" /></phr></stem><stem n="scan"><phr n="scans"><ent r="3" t="19" w="273" /><ent r="3" t="31" w="3704" /><ent r="3" t="38" w="131" /></phr><phr n="Scanning"><ent r="100" t="31" w="54" /><ent r="100" t="31" w="1786" /></phr><phr n="scanning"><ent r="100" t="31" w="1791" /><ent r="4" t="31" w="1799" /></phr></stem><stem n="&quot;triggers&quot;."><phr n="&quot;triggers&quot;."><ent r="3" t="19" w="292" /></phr></stem><stem n="alarmpointnam"><phr n="alarmpointname"><ent r="5" t="19" w="321" /><ent r="5" t="19" w="385" /></phr></stem><stem n="{alarmpointname}"><phr n="{alarmpointname}"><ent r="5" t="19" w="322" /></phr></stem><stem n="alarmpoint"><phr n="alarmpoint"><ent r="4" t="19" w="325" /><ent r="4" t="19" w="347" /><ent r="4" t="19" w="390" /></phr><phr n="AlarmPoint"><ent r="92" t="19" w="445" /></phr></stem><stem n="alarmpoint'"><phr n="alarmpoint's"><ent r="4" t="19" w="326" /><ent r="4" t="19" w="325" /><ent r="4" t="19" w="391" /><ent r="4" t="19" w="390" /></phr></stem><stem n="{...}."><phr n="{...}."><ent r="4" t="19" w="352" /></phr></stem><stem n="(above),"><phr n="(above),"><ent r="4" t="19" w="363" /></phr></stem><stem n="{sitetemp}"><phr n="{SiteTemp}"><ent r="7" t="19" w="367" /></phr></stem><stem n="&quot;crit"><phr n="&quot;CRIT"><ent r="4" t="19" w="374" /></phr></stem><stem n="&quot;major&quot;,"><phr n="&quot;MAJOR&quot;,"><ent r="4" t="19" w="376" /></phr></stem><stem n="&quot;minor&quot;,"><phr n="&quot;MINOR&quot;,"><ent r="4" t="19" w="377" /></phr></stem><stem n="&quot;clear&quot;,"><phr n="&quot;CLEAR&quot;,"><ent r="4" t="19" w="379" /></phr></stem><stem n="{alarmpointname:condition}"><phr n="{alarmpointname:condition}"><ent r="5" t="19" w="387" /></phr></stem><stem n="{sitetemp:condition}"><phr n="{SiteTemp:condition}"><ent r="7" t="19" w="418" /></phr></stem><stem n="&quot;very_high_temp&quot;."><phr n="&quot;VERY_HIGH_TEMP&quot;."><ent r="4" t="19" w="428" /></phr></stem><stem n="featur"><phr n="Feature"><ent r="83" t="19" w="456" /></phr><phr n="feature"><ent r="3" t="19" w="461" /><ent r="3" t="34" w="350" /><ent r="3" t="41" w="38" /><ent r="3" t="41" w="66" /></phr><phr n="features"><ent r="3" t="19" w="1133" /><ent r="3" t="21" w="85" /><ent r="3" t="43" w="57" /><ent r="3" t="43" w="155" /></phr></stem><stem n="perman"><phr n="permanently"><ent r="3" t="19" w="470" /></phr><phr n="permanent"><ent r="4" t="19" w="813" /></phr></stem><stem n="temporarili"><phr n="temporarily"><ent r="3" t="19" w="472" /><ent r="4" t="19" w="825" /></phr></stem><stem n="reset"><phr n="reset"><ent r="3" t="19" w="475" /><ent r="3" t="19" w="572" /><ent r="3" t="19" w="945" /><ent r="3" t="19" w="985" /><ent r="3" t="19" w="986" /><ent r="3" t="19" w="995" /><ent r="3" t="19" w="1395" /><ent r="3" t="19" w="1419" /><ent r="3" t="19" w="1423" /><ent r="3" t="19" w="1476" /><ent r="3" t="19" w="1480" /><ent r="3" t="19" w="1511" /></phr><phr n="Resetting"><ent r="5" t="19" w="752" /><ent r="83" t="19" w="852" /></phr><phr n="Reset"><ent r="5" t="19" w="764" /><ent r="5" t="19" w="801" /></phr><phr n="resets"><ent r="3" t="19" w="948" /><ent r="4" t="30" w="788" /></phr><phr n="resetting"><ent r="3" t="19" w="1402" /></phr></stem><stem n="i."><phr n="i.e"><ent r="4" t="19" w="499" /><ent r="4" t="19" w="498" /><ent r="3" t="24" w="296" /><ent r="3" t="24" w="295" /><ent r="3" t="31" w="3479" /><ent r="3" t="31" w="3478" /><ent r="3" t="41" w="377" /><ent r="3" t="41" w="376" /></phr></stem><stem n="i.e."><phr n="i.e."><ent r="4" t="19" w="499" /><ent r="4" t="19" w="498" /><ent r="3" t="24" w="296" /><ent r="3" t="24" w="295" /><ent r="3" t="31" w="3479" /><ent r="3" t="31" w="3478" /><ent r="3" t="41" w="377" /><ent r="3" t="41" w="376" /></phr></stem><stem n="(i.e.,"><phr n="(i.e.,"><ent r="4" t="19" w="500" /></phr></stem><stem n="recent"><phr n="recently"><ent r="5" t="19" w="510" /><ent r="3" t="19" w="552" /><ent r="3" t="31" w="199" /></phr><phr n="recent"><ent r="4" t="31" w="840" /><ent r="3" t="31" w="3137" /><ent r="4" t="31" w="3162" /><ent r="3" t="38" w="173" /></phr></stem><stem n="clutter"><phr n="clutter"><ent r="3" t="19" w="522" /></phr></stem><stem n="interest"><phr n="interesting"><ent r="3" t="19" w="533" /><ent r="3" t="21" w="2625" /></phr></stem><stem n="(all"><phr n="(All"><ent r="3" t="19" w="535" /></phr><phr n="(all"><ent r="6" t="21" w="2433" /></phr></stem><stem n="assum"><phr n="assumed"><ent r="3" t="19" w="541" /></phr><phr n="assume"><ent r="3" t="24" w="657" /><ent r="3" t="47" w="59" /></phr><phr n="assumes"><ent r="3" t="47" w="145" /><ent r="3" t="47" w="162" /><ent r="3" t="47" w="261" /></phr></stem><stem n="&quot;recent"><phr n="&quot;recently"><ent r="3" t="19" w="552" /></phr></stem><stem n="qualifi"><phr n="qualifier"><ent r="3" t="19" w="555" /></phr></stem><stem n="deserv"><phr n="deserves"><ent r="3" t="19" w="556" /></phr></stem><stem n="explan"><phr n="explanation"><ent r="3" t="19" w="557" /></phr><phr n="Explanation"><ent r="82" t="31" w="3613" /></phr></stem><stem n="&quot;reset"><phr n="&quot;reset"><ent r="3" t="19" w="572" /></phr></stem><stem n="(&quot;_&quot;)"><phr n="(&quot;_&quot;)"><ent r="3" t="19" w="592" /></phr></stem><stem n="(henc"><phr n="(hence"><ent r="3" t="19" w="597" /></phr></stem><stem n="henc"><phr n="hence"><ent r="3" t="19" w="597" /></phr></stem><stem n="swo"><phr n="SWO"><ent r="3" t="19" w="605" /><ent r="3" t="19" w="607" /><ent r="3" t="19" w="615" /><ent r="3" t="19" w="617" /></phr></stem><stem n="swo_proc"><phr n="SWO_PROC"><ent r="3" t="19" w="606" /><ent r="3" t="19" w="605" /><ent r="3" t="19" w="616" /><ent r="3" t="19" w="615" /></phr></stem><stem n="proc"><phr n="PROC"><ent r="3" t="19" w="606" /><ent r="3" t="19" w="608" /><ent r="3" t="19" w="616" /><ent r="3" t="19" w="618" /></phr></stem><stem n="swo_proc_swo"><phr n="SWO_PROC_SWO"><ent r="3" t="19" w="607" /><ent r="3" t="19" w="605" /><ent r="3" t="19" w="617" /><ent r="3" t="19" w="615" /></phr></stem><stem n="_swo_proc_swo_proc"><phr n="_SWO_PROC_SWO_PROC"><ent r="3" t="19" w="608" /></phr></stem><stem n="swo_proc_swo_proc"><phr n="SWO_PROC_SWO_PROC"><ent r="3" t="19" w="608" /><ent r="3" t="19" w="605" /><ent r="3" t="19" w="618" /><ent r="3" t="19" w="615" /></phr></stem><stem n="wherea"><phr n="whereas"><ent r="3" t="19" w="614" /></phr></stem><stem n="_proc_swo_proc"><phr n="_PROC_SWO_PROC"><ent r="3" t="19" w="618" /></phr></stem><stem n="startup"><phr n="Startup"><ent r="5" t="19" w="630" /><ent r="3" t="19" w="873" /></phr></stem><stem n="grei"><phr n="grey"><ent r="4" t="19" w="645" /><ent r="3" t="19" w="940" /></phr></stem><stem n="(grey)"><phr n="(grey)"><ent r="4" t="19" w="646" /></phr></stem><stem n="empti"><phr n="empty"><ent r="4" t="19" w="651" /><ent r="3" t="19" w="1022" /><ent r="3" t="19" w="1103" /><ent r="4" t="31" w="475" /><ent r="3" t="31" w="889" /><ent r="3" t="31" w="894" /><ent r="5" t="55" w="896" /><ent r="5" t="55" w="1036" /><ent r="5" t="55" w="1315" /><ent r="6" t="55" w="2090" /></phr></stem><stem n="-underscor"><phr n="-underscore"><ent r="4" t="19" w="686" /><ent r="4" t="19" w="686" /><ent r="4" t="19" w="819" /><ent r="4" t="19" w="819" /><ent r="4" t="19" w="828" /><ent r="4" t="19" w="828" /></phr></stem><stem n="non-underscor"><phr n="non-underscore"><ent r="4" t="19" w="686" /><ent r="4" t="19" w="819" /><ent r="4" t="19" w="828" /></phr></stem><stem n="(one"><phr n="(one"><ent r="4" t="19" w="690" /></phr></stem><stem n="proper"><phr n="proper"><ent r="4" t="19" w="705" /><ent r="4" t="36" w="157" /><ent r="4" t="39" w="238" /><ent r="3" t="39" w="422" /><ent r="3" t="46" w="137" /><ent r="3" t="47" w="664" /></phr></stem><stem n="color/sever"><phr n="color/severity"><ent r="4" t="19" w="707" /><ent r="4" t="19" w="706" /></phr></stem><stem n="color/severity."><phr n="color/severity."><ent r="4" t="19" w="707" /><ent r="4" t="19" w="706" /></phr></stem><stem n="/severity."><phr n="/severity."><ent r="4" t="19" w="708" /></phr></stem><stem n="updat"><phr n="updates"><ent r="4" t="19" w="735" /></phr><phr n="updated"><ent r="4" t="19" w="747" /><ent r="3" t="27" w="98" /><ent r="3" t="27" w="1149" /><ent r="7" t="53" w="489" /></phr><phr n="UPDATED"><ent r="3" t="28" w="89" /></phr><phr n="Updated"><ent r="3" t="28" w="134" /><ent r="3" t="36" w="352" /><ent r="3" t="36" w="364" /><ent r="3" t="36" w="379" /></phr><phr n="update"><ent r="3" t="36" w="369" /></phr><phr n="updating"><ent r="3" t="59" w="44" /></phr></stem><stem n="alarmpointlist'"><phr n="AlarmPointList's"><ent r="4" t="19" w="762" /><ent r="4" t="19" w="761" /></phr></stem><stem n="(not"><phr n="(not"><ent r="4" t="19" w="790" /><ent r="3" t="24" w="118" /><ent r="3" t="24" w="130" /></phr></stem><stem n="&quot;underscore&quot;"><phr n="&quot;underscore&quot;"><ent r="4" t="19" w="817" /><ent r="3" t="19" w="1222" /></phr></stem><stem n="reappear"><phr n="reappear"><ent r="4" t="19" w="832" /></phr></stem><stem n="refresh"><phr n="refresh"><ent r="4" t="19" w="840" /><ent r="6" t="53" w="742" /><ent r="3" t="55" w="1285" /><ent r="5" t="55" w="1320" /><ent r="6" t="55" w="1336" /></phr><phr n="refreshed"><ent r="3" t="23" w="81" /></phr><phr n="Refresh"><ent r="3" t="23" w="432" /></phr><phr n="refreshes"><ent r="65" t="55" w="104" /><ent r="93" t="55" w="1277" /></phr></stem><stem n="(unless"><phr n="(unless"><ent r="4" t="19" w="841" /></phr></stem><stem n="neutral"><phr n="Neutral"><ent r="83" t="19" w="854" /></phr></stem><stem n="&quot;startup&quot;"><phr n="&quot;Startup&quot;"><ent r="3" t="19" w="874" /></phr></stem><stem n="-synchron"><phr n="-synchronizing"><ent r="3" t="19" w="884" /><ent r="3" t="19" w="884" /></phr></stem><stem n="re-synchron"><phr n="re-synchronizing"><ent r="3" t="19" w="884" /></phr></stem><stem n="synchron"><phr n="synchronizing"><ent r="3" t="19" w="885" /></phr><phr n="synchronization"><ent r="3" t="47" w="95" /></phr><phr n="Synchronize"><ent r="3" t="47" w="456" /></phr></stem><stem n="notion"><phr n="notion"><ent r="3" t="19" w="888" /></phr></stem><stem n="&quot;i"><phr n="&quot;I"><ent r="3" t="19" w="903" /></phr></stem><stem n="(perhap"><phr n="(perhaps"><ent r="3" t="19" w="912" /></phr></stem><stem n="perhap"><phr n="perhaps"><ent r="3" t="19" w="912" /></phr></stem><stem n="gone"><phr n="gone"><ent r="3" t="19" w="916" /></phr></stem><stem n="came"><phr n="came"><ent r="3" t="19" w="920" /></phr></stem><stem n="back"><phr n="back"><ent r="3" t="19" w="921" /><ent r="3" t="31" w="2095" /><ent r="3" t="31" w="3668" /></phr></stem><stem n="lack"><phr n="lack"><ent r="3" t="19" w="927" /></phr></stem><stem n="certainti"><phr n="certainty"><ent r="3" t="19" w="929" /></phr></stem><stem n="&quot;reset&quot;"><phr n="&quot;reset&quot;"><ent r="3" t="19" w="946" /></phr></stem><stem n="&quot;power"><phr n="&quot;power"><ent r="3" t="19" w="953" /></phr></stem><stem n="never"><phr n="never"><ent r="3" t="19" w="976" /><ent r="3" t="19" w="1069" /><ent r="3" t="19" w="1249" /><ent r="3" t="25" w="477" /><ent r="3" t="25" w="483" /></phr></stem><stem n="deviceresetrul"><phr n="DeviceResetRule"><ent r="3" t="19" w="984" /></phr></stem><stem n="-condit"><phr n="-condition"><ent r="3" t="19" w="986" /><ent r="3" t="19" w="986" /><ent r="3" t="19" w="995" /><ent r="3" t="19" w="995" /><ent r="3" t="19" w="1080" /><ent r="3" t="19" w="1080" /></phr><phr n="-Conditional"><ent r="92" t="24" w="745" /><ent r="92" t="24" w="745" /></phr><phr n="-conditional"><ent r="3" t="24" w="750" /><ent r="3" t="24" w="750" /><ent r="3" t="24" w="937" /><ent r="3" t="24" w="937" /></phr></stem><stem n="reset-condit"><phr n="reset-condition"><ent r="3" t="19" w="986" /><ent r="3" t="19" w="995" /></phr></stem><stem n="-list."><phr n="-List."><ent r="3" t="19" w="1032" /><ent r="3" t="19" w="1032" /></phr></stem><stem n="speed"><phr n="speed"><ent r="83" t="19" w="1035" /><ent r="3" t="23" w="315" /></phr><phr n="Speed"><ent r="3" t="23" w="1054" /></phr></stem><stem n="break"><phr n="Break"><ent r="3" t="19" w="1044" /></phr><phr n="break"><ent r="3" t="19" w="1079" /><ent r="3" t="19" w="1080" /><ent r="3" t="19" w="1090" /><ent r="3" t="19" w="1261" /><ent r="3" t="19" w="1445" /><ent r="3" t="19" w="1449" /><ent r="3" t="19" w="1484" /><ent r="3" t="19" w="1488" /><ent r="3" t="19" w="1519" /><ent r="6" t="53" w="373" /><ent r="6" t="55" w="748" /></phr><phr n="breaks"><ent r="6" t="21" w="2782" /></phr></stem><stem n="&quot;break&quot;"><phr n="&quot;Break&quot;"><ent r="3" t="19" w="1045" /></phr></stem><stem n="abort"><phr n="abort"><ent r="3" t="19" w="1048" /></phr></stem><stem n="ever"><phr n="ever"><ent r="3" t="19" w="1059" /></phr></stem><stem n="breakrul"><phr n="BreakRule"><ent r="3" t="19" w="1078" /></phr></stem><stem n="break-condit"><phr n="break-condition"><ent r="3" t="19" w="1080" /></phr></stem><stem n="everytim"><phr n="everytime"><ent r="3" t="19" w="1111" /></phr></stem><stem n="fire"><phr n="fires"><ent r="3" t="19" w="1114" /></phr></stem><stem n="(thi"><phr n="(this"><ent r="3" t="19" w="1115" /><ent r="3" t="23" w="1419" /><ent r="3" t="47" w="227" /></phr><phr n="(This"><ent r="4" t="47" w="178" /></phr></stem><stem n="debug"><phr n="debugging"><ent r="3" t="19" w="1119" /><ent r="6" t="53" w="317" /><ent r="6" t="53" w="616" /></phr><phr n="Debug"><ent r="92" t="39" w="40" /><ent r="3" t="39" w="124" /><ent r="100" t="39" w="307" /><ent r="100" t="39" w="310" /><ent r="3" t="39" w="316" /><ent r="3" t="39" w="473" /><ent r="100" t="40" w="5" /><ent r="100" t="40" w="128" /><ent r="5" t="40" w="693" /><ent r="4" t="40" w="711" /><ent r="4" t="40" w="757" /><ent r="3" t="41" w="24" /><ent r="3" t="41" w="162" /></phr><phr n="Debugging"><ent r="1000" t="40" w="1" /><ent r="102" t="40" w="37" /></phr><phr n="debug"><ent r="3" t="40" w="57" /></phr></stem><stem n="decrib"><phr n="decribed"><ent r="3" t="19" w="1134" /></phr></stem><stem n="net"><phr n="net"><ent r="3" t="19" w="1142" /><ent r="3" t="27" w="304" /><ent r="3" t="27" w="336" /><ent r="3" t="27" w="344" /><ent r="3" t="27" w="361" /><ent r="64" t="33" w="267" /><ent r="64" t="37" w="408" /><ent r="3" t="39" w="335" /></phr><phr n="Net"><ent r="3" t="24" w="134" /></phr></stem><stem n="net-snmp"><phr n="net-snmp"><ent r="3" t="19" w="1142" /><ent r="3" t="27" w="304" /><ent r="3" t="27" w="336" /><ent r="3" t="27" w="344" /><ent r="3" t="27" w="361" /></phr><phr n="Net-SNMP"><ent r="3" t="24" w="134" /></phr></stem><stem n="snmptrap"><phr n="snmptrap"><ent r="4" t="19" w="1145" /><ent r="3" t="19" w="1167" /><ent r="3" t="27" w="307" /><ent r="3" t="27" w="331" /><ent r="3" t="27" w="351" /><ent r="3" t="27" w="368" /><ent r="3" t="27" w="419" /><ent r="3" t="27" w="433" /><ent r="3" t="27" w="572" /><ent r="3" t="27" w="586" /><ent r="3" t="27" w="717" /><ent r="3" t="27" w="827" /><ent r="3" t="27" w="1015" /></phr></stem><stem n="$trapvar"><phr n="$trapVar"><ent r="3" t="19" w="1158" /><ent r="3" t="19" w="1245" /><ent r="3" t="19" w="1412" /><ent r="3" t="19" w="1420" /><ent r="3" t="19" w="1446" /><ent r="3" t="19" w="1552" /></phr></stem><stem n="snmptrap.ex"><phr n="snmptrap.exe"><ent r="3" t="19" w="1168" /><ent r="3" t="19" w="1167" /></phr></stem><stem n="-v2c"><phr n="-v2c"><ent r="3" t="19" w="1169" /><ent r="3" t="19" w="1169" /></phr></stem><stem n="-c"><phr n="-c"><ent r="3" t="19" w="1170" /><ent r="3" t="19" w="1170" /><ent r="3" t="27" w="436" /><ent r="3" t="27" w="436" /><ent r="3" t="27" w="589" /><ent r="3" t="27" w="589" /><ent r="3" t="27" w="720" /><ent r="3" t="27" w="720" /><ent r="3" t="27" w="830" /><ent r="3" t="27" w="830" /><ent r="3" t="27" w="1018" /><ent r="3" t="27" w="1018" /><ent r="7" t="33" w="1166" /><ent r="7" t="33" w="1166" /><ent r="3" t="37" w="641" /><ent r="3" t="37" w="641" /><ent r="3" t="40" w="84" /><ent r="3" t="40" w="84" /><ent r="5" t="40" w="125" /><ent r="5" t="40" w="125" /><ent r="3" t="40" w="442" /><ent r="3" t="40" w="442" /><ent r="3" t="40" w="499" /><ent r="3" t="40" w="499" /><ent r="3" t="40" w="556" /><ent r="3" t="40" w="556" /><ent r="3" t="40" w="601" /><ent r="3" t="40" w="601" /><ent r="3" t="41" w="103" /><ent r="3" t="41" w="103" /><ent r="3" t="41" w="170" /><ent r="3" t="41" w="170" /></phr></stem><stem n="computernam"><phr n="computername"><ent r="3" t="19" w="1172" /></phr></stem><stem n="''"><phr n="''"><ent r="3" t="19" w="1173" /></phr></stem><stem n="1.3.6.1.4"><phr n="1.3.6.1.4"><ent r="3" t="19" w="1177" /><ent r="3" t="19" w="1173" /><ent r="3" t="19" w="1186" /><ent r="3" t="19" w="1182" /><ent r="3" t="19" w="1320" /><ent r="3" t="19" w="1316" /><ent r="3" t="19" w="1337" /><ent r="3" t="19" w="1333" /><ent r="3" t="19" w="1354" /><ent r="3" t="19" w="1350" /><ent r="3" t="25" w="881" /><ent r="3" t="25" w="877" /><ent r="3" t="25" w="915" /><ent r="3" t="25" w="911" /><ent r="3" t="26" w="79" /><ent r="3" t="26" w="75" /><ent r="3" t="26" w="112" /><ent r="3" t="26" w="108" /><ent r="3" t="26" w="121" /><ent r="3" t="26" w="117" /><ent r="3" t="26" w="131" /><ent r="3" t="26" w="127" /><ent r="4" t="26" w="215" /><ent r="4" t="26" w="211" /><ent r="4" t="26" w="274" /><ent r="4" t="26" w="270" /><ent r="4" t="26" w="284" /><ent r="4" t="26" w="280" /><ent r="3" t="27" w="443" /><ent r="3" t="27" w="439" /><ent r="3" t="27" w="457" /><ent r="3" t="27" w="453" /><ent r="3" t="27" w="474" /><ent r="3" t="27" w="470" /><ent r="3" t="27" w="487" /><ent r="3" t="27" w="483" /><ent r="3" t="27" w="501" /><ent r="3" t="27" w="497" /><ent r="3" t="27" w="516" /><ent r="3" t="27" w="512" /><ent r="3" t="27" w="532" /><ent r="3" t="27" w="528" /><ent r="3" t="27" w="597" /><ent r="3" t="27" w="593" /><ent r="3" t="27" w="604" /><ent r="3" t="27" w="600" /><ent r="3" t="27" w="618" /><ent r="3" t="27" w="614" /><ent r="3" t="27" w="635" /><ent r="3" t="27" w="631" /><ent r="3" t="27" w="648" /><ent r="3" t="27" w="644" /><ent r="3" t="27" w="662" /><ent r="3" t="27" w="658" /><ent r="3" t="27" w="677" /><ent r="3" t="27" w="673" /><ent r="3" t="27" w="693" /><ent r="3" t="27" w="689" /><ent r="3" t="27" w="727" /><ent r="3" t="27" w="723" /><ent r="3" t="27" w="741" /><ent r="3" t="27" w="737" /><ent r="3" t="27" w="758" /><ent r="3" t="27" w="754" /><ent r="3" t="27" w="771" /><ent r="3" t="27" w="767" /><ent r="3" t="27" w="785" /><ent r="3" t="27" w="781" /><ent r="3" t="27" w="800" /><ent r="3" t="27" w="796" /><ent r="3" t="27" w="816" /><ent r="3" t="27" w="812" /><ent r="3" t="27" w="837" /><ent r="3" t="27" w="833" /><ent r="3" t="27" w="851" /><ent r="3" t="27" w="847" /><ent r="3" t="27" w="868" /><ent r="3" t="27" w="864" /><ent r="3" t="27" w="881" /><ent r="3" t="27" w="877" /><ent r="3" t="27" w="895" /><ent r="3" t="27" w="891" /><ent r="3" t="27" w="910" /><ent r="3" t="27" w="906" /><ent r="3" t="27" w="926" /><ent r="3" t="27" w="922" /><ent r="3" t="27" w="941" /><ent r="3" t="27" w="937" /><ent r="3" t="27" w="954" /><ent r="3" t="27" w="950" /><ent r="3" t="27" w="967" /><ent r="3" t="27" w="963" /><ent r="3" t="27" w="980" /><ent r="3" t="27" w="976" /><ent r="3" t="27" w="993" /><ent r="3" t="27" w="989" /><ent r="3" t="27" w="1006" /><ent r="3" t="27" w="1002" /><ent r="3" t="27" w="1026" /><ent r="3" t="27" w="1022" /><ent r="3" t="27" w="1033" /><ent r="3" t="27" w="1029" /><ent r="3" t="27" w="1050" /><ent r="3" t="27" w="1046" /><ent r="3" t="27" w="1063" /><ent r="3" t="27" w="1059" /><ent r="3" t="27" w="1077" /><ent r="3" t="27" w="1073" /><ent r="3" t="27" w="1092" /><ent r="3" t="27" w="1088" /><ent r="3" t="27" w="1108" /><ent r="3" t="27" w="1104" /><ent r="3" t="27" w="1180" /><ent r="3" t="27" w="1176" /><ent r="3" t="27" w="1194" /><ent r="3" t="27" w="1190" /><ent r="3" t="27" w="1208" /><ent r="3" t="27" w="1204" /><ent r="3" t="27" w="1225" /><ent r="3" t="27" w="1221" /><ent r="3" t="27" w="1240" /><ent r="3" t="27" w="1236" /><ent r="3" t="27" w="1256" /><ent r="3" t="27" w="1252" /><ent r="3" t="40" w="832" /><ent r="3" t="40" w="828" /></phr></stem><stem n="1.3.6.1.4.1"><phr n="1.3.6.1.4.1"><ent r="3" t="19" w="1178" /><ent r="3" t="19" w="1173" /><ent r="3" t="19" w="1187" /><ent r="3" t="19" w="1182" /><ent r="3" t="19" w="1321" /><ent r="3" t="19" w="1316" /><ent r="3" t="19" w="1338" /><ent r="3" t="19" w="1333" /><ent r="3" t="19" w="1355" /><ent r="3" t="19" w="1350" /><ent r="3" t="25" w="882" /><ent r="3" t="25" w="877" /><ent r="3" t="25" w="916" /><ent r="3" t="25" w="911" /><ent r="3" t="26" w="80" /><ent r="3" t="26" w="75" /><ent r="3" t="26" w="113" /><ent r="3" t="26" w="108" /><ent r="3" t="26" w="122" /><ent r="3" t="26" w="117" /><ent r="3" t="26" w="132" /><ent r="3" t="26" w="127" /><ent r="4" t="26" w="216" /><ent r="4" t="26" w="211" /><ent r="4" t="26" w="275" /><ent r="4" t="26" w="270" /><ent r="4" t="26" w="285" /><ent r="4" t="26" w="280" /><ent r="3" t="27" w="444" /><ent r="3" t="27" w="439" /><ent r="3" t="27" w="458" /><ent r="3" t="27" w="453" /><ent r="3" t="27" w="475" /><ent r="3" t="27" w="470" /><ent r="3" t="27" w="488" /><ent r="3" t="27" w="483" /><ent r="3" t="27" w="502" /><ent r="3" t="27" w="497" /><ent r="3" t="27" w="517" /><ent r="3" t="27" w="512" /><ent r="3" t="27" w="533" /><ent r="3" t="27" w="528" /><ent r="3" t="27" w="598" /><ent r="3" t="27" w="593" /><ent r="3" t="27" w="605" /><ent r="3" t="27" w="600" /><ent r="3" t="27" w="619" /><ent r="3" t="27" w="614" /><ent r="3" t="27" w="636" /><ent r="3" t="27" w="631" /><ent r="3" t="27" w="649" /><ent r="3" t="27" w="644" /><ent r="3" t="27" w="663" /><ent r="3" t="27" w="658" /><ent r="3" t="27" w="678" /><ent r="3" t="27" w="673" /><ent r="3" t="27" w="694" /><ent r="3" t="27" w="689" /><ent r="3" t="27" w="728" /><ent r="3" t="27" w="723" /><ent r="3" t="27" w="742" /><ent r="3" t="27" w="737" /><ent r="3" t="27" w="759" /><ent r="3" t="27" w="754" /><ent r="3" t="27" w="772" /><ent r="3" t="27" w="767" /><ent r="3" t="27" w="786" /><ent r="3" t="27" w="781" /><ent r="3" t="27" w="801" /><ent r="3" t="27" w="796" /><ent r="3" t="27" w="817" /><ent r="3" t="27" w="812" /><ent r="3" t="27" w="838" /><ent r="3" t="27" w="833" /><ent r="3" t="27" w="852" /><ent r="3" t="27" w="847" /><ent r="3" t="27" w="869" /><ent r="3" t="27" w="864" /><ent r="3" t="27" w="882" /><ent r="3" t="27" w="877" /><ent r="3" t="27" w="896" /><ent r="3" t="27" w="891" /><ent r="3" t="27" w="911" /><ent r="3" t="27" w="906" /><ent r="3" t="27" w="927" /><ent r="3" t="27" w="922" /><ent r="3" t="27" w="942" /><ent r="3" t="27" w="937" /><ent r="3" t="27" w="955" /><ent r="3" t="27" w="950" /><ent r="3" t="27" w="968" /><ent r="3" t="27" w="963" /><ent r="3" t="27" w="981" /><ent r="3" t="27" w="976" /><ent r="3" t="27" w="994" /><ent r="3" t="27" w="989" /><ent r="3" t="27" w="1007" /><ent r="3" t="27" w="1002" /><ent r="3" t="27" w="1027" /><ent r="3" t="27" w="1022" /><ent r="3" t="27" w="1034" /><ent r="3" t="27" w="1029" /><ent r="3" t="27" w="1051" /><ent r="3" t="27" w="1046" /><ent r="3" t="27" w="1064" /><ent r="3" t="27" w="1059" /><ent r="3" t="27" w="1078" /><ent r="3" t="27" w="1073" /><ent r="3" t="27" w="1093" /><ent r="3" t="27" w="1088" /><ent r="3" t="27" w="1109" /><ent r="3" t="27" w="1104" /><ent r="3" t="27" w="1181" /><ent r="3" t="27" w="1176" /><ent r="3" t="27" w="1195" /><ent r="3" t="27" w="1190" /><ent r="3" t="27" w="1209" /><ent r="3" t="27" w="1204" /><ent r="3" t="27" w="1226" /><ent r="3" t="27" w="1221" /><ent r="3" t="27" w="1241" /><ent r="3" t="27" w="1236" /><ent r="3" t="27" w="1257" /><ent r="3" t="27" w="1252" /><ent r="3" t="40" w="833" /><ent r="3" t="40" w="828" /></phr></stem></index>