﻿<?xml version="1.0" encoding="utf-8"?><index><stem n="+"><phr n="+"><ent r="6" t="7" w="334" /><ent r="4" t="21" w="95" /><ent r="4" t="21" w="269" /><ent r="4" t="21" w="367" /><ent r="4" t="21" w="2688" /><ent r="4" t="21" w="2689" /><ent r="4" t="21" w="2691" /><ent r="6" t="21" w="2802" /><ent r="3" t="23" w="298" /><ent r="3" t="23" w="300" /><ent r="3" t="23" w="590" /><ent r="3" t="23" w="643" /><ent r="3" t="24" w="566" /><ent r="3" t="30" w="871" /><ent r="3" t="30" w="892" /><ent r="3" t="30" w="908" /><ent r="4" t="30" w="1010" /><ent r="3" t="41" w="639" /><ent r="3" t="47" w="704" /><ent r="3" t="47" w="757" /></phr></stem><stem n="size"><phr n="size"><ent r="5" t="7" w="340" /><ent r="5" t="7" w="348" /><ent r="5" t="7" w="359" /><ent r="5" t="13" w="93" /><ent r="5" t="13" w="102" /></phr><phr n="SIZE"><ent r="3" t="28" w="177" /><ent r="3" t="28" w="210" /><ent r="3" t="28" w="242" /><ent r="3" t="28" w="276" /><ent r="3" t="28" w="307" /><ent r="3" t="28" w="332" /></phr></stem><stem n="multipl"><phr n="Multiples"><ent r="5" t="7" w="343" /><ent r="5" t="7" w="362" /></phr><phr n="multiple"><ent r="4" t="15" w="905" /><ent r="3" t="18" w="13" /><ent r="3" t="18" w="74" /><ent r="4" t="18" w="601" /><ent r="4" t="19" w="103" /><ent r="6" t="21" w="2808" /><ent r="4" t="22" w="209" /><ent r="3" t="24" w="111" /><ent r="3" t="41" w="135" /></phr><phr n="Multiplication"><ent r="100" t="21" w="371" /><ent r="4" t="21" w="374" /></phr></stem><stem n="++"><phr n="++"><ent r="5" t="7" w="344" /></phr></stem><stem n="(&quot;++&quot;)"><phr n="(&quot;++&quot;)"><ent r="5" t="7" w="345" /></phr></stem><stem n="decreas"><phr n="Decrease"><ent r="5" t="7" w="356" /></phr></stem><stem n="undo"><phr n="undoes"><ent r="5" t="7" w="395" /></phr></stem><stem n="u"><phr n="U"><ent r="6" t="7" w="400" /><ent r="4" t="21" w="1601" /></phr><phr n="u"><ent r="3" t="14" w="1838" /><ent r="4" t="21" w="1071" /><ent r="3" t="47" w="213" /><ent r="3" t="47" w="250" /><ent r="3" t="47" w="485" /><ent r="3" t="47" w="498" /></phr></stem><stem n="hyperlink"><phr n="Hyperlinks"><ent r="100" t="7" w="414" /><ent r="100" t="7" w="416" /></phr><phr n="hyperlinks"><ent r="5" t="7" w="423" /></phr><phr n="hyperlink"><ent r="3" t="23" w="1513" /><ent r="3" t="23" w="1517" /><ent r="6" t="55" w="526" /></phr></stem><stem n=":make"><phr n=":making"><ent r="100" t="7" w="417" /></phr></stem><stem n="off"><phr n="off"><ent r="5" t="7" w="428" /><ent r="4" t="21" w="2131" /></phr><phr n="OFF"><ent r="100" t="31" w="23" /><ent r="100" t="31" w="390" /><ent r="65" t="31" w="395" /><ent r="83" t="31" w="1687" /><ent r="100" t="31" w="1771" /><ent r="6" t="31" w="1774" /></phr></stem><stem n="digit"><phr n="digit"><ent r="7" t="7" w="435" /><ent r="9" t="16" w="877" /><ent r="4" t="21" w="1652" /><ent r="100" t="53" w="592" /><ent r="6" t="53" w="600" /><ent r="6" t="53" w="601" /></phr><phr n="digits"><ent r="4" t="16" w="166" /><ent r="6" t="16" w="574" /><ent r="6" t="16" w="587" /><ent r="4" t="16" w="1426" /><ent r="4" t="21" w="428" /><ent r="4" t="30" w="951" /><ent r="4" t="33" w="1441" /></phr><phr n="Digit"><ent r="100" t="53" w="591" /></phr></stem><stem n="color"><phr n="color"><ent r="5" t="7" w="440" /><ent r="3" t="7" w="565" /><ent r="3" t="18" w="150" /><ent r="3" t="18" w="327" /><ent r="3" t="18" w="349" /><ent r="3" t="18" w="430" /><ent r="3" t="18" w="497" /><ent r="4" t="19" w="382" /><ent r="4" t="19" w="677" /><ent r="4" t="19" w="706" /><ent r="6" t="55" w="1681" /><ent r="5" t="55" w="1688" /><ent r="6" t="55" w="1750" /><ent r="5" t="55" w="1758" /></phr><phr n="Color"><ent r="5" t="18" w="158" /></phr><phr n="colored"><ent r="3" t="18" w="290" /><ent r="3" t="18" w="373" /><ent r="4" t="19" w="336" /></phr><phr n="colors"><ent r="3" t="18" w="306" /><ent r="3" t="18" w="409" /></phr><phr n="coloring"><ent r="3" t="18" w="316" /></phr></stem><stem n="black"><phr n="Black"><ent r="8" t="7" w="448" /></phr></stem><stem n="light"><phr n="Light"><ent r="8" t="7" w="452" /></phr></stem><stem n="red"><phr n="Red"><ent r="8" t="7" w="456" /><ent r="5" t="18" w="198" /></phr><phr n="red"><ent r="7" t="7" w="508" /><ent r="8" t="7" w="513" /><ent r="5" t="18" w="210" /><ent r="3" t="18" w="326" /><ent r="3" t="18" w="376" /><ent r="3" t="18" w="465" /><ent r="3" t="30" w="814" /><ent r="4" t="37" w="475" /><ent r="6" t="55" w="1682" /><ent r="5" t="55" w="1690" /><ent r="6" t="55" w="1751" /><ent r="5" t="55" w="1759" /></phr></stem><stem n="green"><phr n="Green"><ent r="8" t="7" w="460" /><ent r="5" t="18" w="164" /></phr><phr n="green"><ent r="3" t="18" w="445" /></phr></stem><stem n="6"><phr n="6"><ent r="8" t="7" w="466" /><ent r="3" t="14" w="1584" /><ent r="3" t="14" w="1840" /><ent r="3" t="15" w="578" /><ent r="3" t="15" w="583" /><ent r="3" t="15" w="595" /><ent r="3" t="15" w="624" /><ent r="3" t="15" w="628" /><ent r="3" t="15" w="643" /><ent r="6" t="16" w="635" /><ent r="3" t="16" w="982" /><ent r="3" t="16" w="987" /><ent r="3" t="16" w="996" /><ent r="3" t="16" w="1012" /><ent r="3" t="16" w="1016" /><ent r="3" t="16" w="1028" /><ent r="3" t="16" w="1723" /><ent r="3" t="19" w="1175" /><ent r="3" t="19" w="1184" /><ent r="3" t="19" w="1318" /><ent r="3" t="19" w="1335" /><ent r="3" t="19" w="1352" /><ent r="3" t="19" w="1447" /><ent r="3" t="19" w="1457" /><ent r="3" t="21" w="943" /><ent r="3" t="21" w="1312" /><ent r="4" t="21" w="1622" /><ent r="3" t="21" w="1706" /><ent r="3" t="21" w="1836" /><ent r="3" t="21" w="1856" /><ent r="3" t="21" w="1878" /><ent r="3" t="21" w="1898" /><ent r="3" t="21" w="1920" /><ent r="3" t="21" w="1942" /><ent r="3" t="21" w="1962" /><ent r="3" t="21" w="1969" /><ent r="3" t="21" w="1973" /><ent r="3" t="21" w="1977" /><ent r="3" t="21" w="1983" /><ent r="3" t="21" w="1987" /><ent r="3" t="21" w="1992" /><ent r="4" t="21" w="2673" /><ent r="4" t="21" w="2726" /><ent r="3" t="23" w="491" /><ent r="3" t="23" w="517" /><ent r="3" t="24" w="95" /><ent r="3" t="24" w="106" /><ent r="3" t="24" w="116" /><ent r="3" t="24" w="123" /><ent r="3" t="24" w="193" /><ent r="3" t="24" w="904" /><ent r="4" t="25" w="559" /><ent r="3" t="25" w="879" /><ent r="3" t="25" w="913" /><ent r="3" t="25" w="1262" /><ent r="3" t="26" w="77" /><ent r="3" t="26" w="110" /><ent r="3" t="26" w="119" /><ent r="3" t="26" w="129" /><ent r="4" t="26" w="213" /><ent r="4" t="26" w="272" /><ent r="4" t="26" w="282" /><ent r="3" t="27" w="441" /><ent r="3" t="27" w="450" /><ent r="3" t="27" w="455" /><ent r="3" t="27" w="472" /><ent r="3" t="27" w="485" /><ent r="3" t="27" w="499" /><ent r="3" t="27" w="514" /><ent r="3" t="27" w="530" /><ent r="3" t="27" w="537" /><ent r="3" t="27" w="595" /><ent r="3" t="27" w="602" /><ent r="3" t="27" w="611" /><ent r="3" t="27" w="616" /><ent r="3" t="27" w="633" /><ent r="3" t="27" w="646" /><ent r="3" t="27" w="660" /><ent r="3" t="27" w="675" /><ent r="3" t="27" w="691" /><ent r="3" t="27" w="698" /><ent r="3" t="27" w="725" /><ent r="3" t="27" w="734" /><ent r="3" t="27" w="739" /><ent r="3" t="27" w="756" /><ent r="3" t="27" w="769" /><ent r="3" t="27" w="783" /><ent r="3" t="27" w="798" /><ent r="3" t="27" w="814" /><ent r="3" t="27" w="821" /><ent r="3" t="27" w="835" /><ent r="3" t="27" w="844" /><ent r="3" t="27" w="849" /><ent r="3" t="27" w="866" /><ent r="3" t="27" w="879" /><ent r="3" t="27" w="893" /><ent r="3" t="27" w="908" /><ent r="3" t="27" w="924" /><ent r="3" t="27" w="931" /><ent r="3" t="27" w="939" /><ent r="3" t="27" w="952" /><ent r="3" t="27" w="965" /><ent r="3" t="27" w="978" /><ent r="3" t="27" w="991" /><ent r="3" t="27" w="1004" /><ent r="3" t="27" w="1024" /><ent r="3" t="27" w="1031" /><ent r="3" t="27" w="1048" /><ent r="3" t="27" w="1061" /><ent r="3" t="27" w="1075" /><ent r="3" t="27" w="1090" /><ent r="3" t="27" w="1106" /><ent r="3" t="27" w="1113" /><ent r="3" t="27" w="1178" /><ent r="3" t="27" w="1192" /><ent r="3" t="27" w="1206" /><ent r="3" t="27" w="1223" /><ent r="3" t="27" w="1238" /><ent r="3" t="27" w="1254" /><ent r="3" t="27" w="1261" /><ent r="3" t="27" w="1690" /><ent r="3" t="28" w="353" /><ent r="4" t="31" w="2132" /><ent r="4" t="36" w="62" /><ent r="65" t="37" w="573" /><ent r="66" t="37" w="822" /><ent r="3" t="39" w="349" /><ent r="3" t="39" w="360" /><ent r="3" t="39" w="371" /><ent r="3" t="39" w="382" /><ent r="3" t="39" w="387" /><ent r="3" t="39" w="502" /><ent r="3" t="39" w="514" /><ent r="3" t="39" w="545" /><ent r="3" t="40" w="450" /><ent r="3" t="40" w="511" /><ent r="3" t="40" w="567" /><ent r="3" t="40" w="611" /><ent r="3" t="40" w="803" /><ent r="3" t="40" w="820" /><ent r="3" t="40" w="830" /><ent r="3" t="40" w="844" /><ent r="3" t="40" w="860" /><ent r="3" t="40" w="878" /><ent r="3" t="40" w="897" /><ent r="3" t="40" w="902" /><ent r="3" t="40" w="916" /><ent r="3" t="40" w="932" /><ent r="3" t="40" w="948" /><ent r="3" t="40" w="960" /><ent r="3" t="40" w="974" /><ent r="3" t="40" w="993" /><ent r="3" t="40" w="1011" /><ent r="3" t="40" w="1027" /><ent r="3" t="40" w="1045" /><ent r="3" t="41" w="615" /><ent r="3" t="41" w="631" /><ent r="3" t="41" w="638" /><ent r="3" t="41" w="653" /><ent r="3" t="41" w="667" /><ent r="3" t="41" w="680" /><ent r="4" t="60" w="53" /></phr></stem><stem n="orang"><phr n="Orange"><ent r="8" t="7" w="467" /><ent r="5" t="18" w="186" /></phr><phr n="orange"><ent r="3" t="18" w="336" /><ent r="3" t="18" w="463" /></phr></stem><stem n="grai"><phr n="Gray"><ent r="8" t="7" w="470" /></phr></stem><stem n="7"><phr n="7"><ent r="8" t="7" w="473" /><ent r="3" t="21" w="2165" /><ent r="3" t="27" w="946" /><ent r="3" t="27" w="1697" /><ent r="3" t="30" w="368" /><ent r="3" t="30" w="379" /><ent r="5" t="33" w="1399" /><ent r="3" t="39" w="373" /><ent r="3" t="39" w="432" /><ent r="3" t="40" w="921" /></phr></stem><stem n="yellow"><phr n="Yellow"><ent r="8" t="7" w="474" /><ent r="5" t="18" w="173" /></phr><phr n="yellow"><ent r="3" t="18" w="462" /><ent r="3" t="34" w="590" /><ent r="3" t="34" w="845" /><ent r="4" t="37" w="471" /></phr></stem><stem n="render"><phr n="rendered"><ent r="3" t="7" w="483" /></phr></stem><stem n="\b\bold"><phr n="\b\Bold"><ent r="7" t="7" w="488" /></phr></stem><stem n="\i\bold"><phr n="\i\Bold"><ent r="7" t="7" w="490" /></phr></stem><stem n="\!b\ital"><phr n="\!b\Italic"><ent r="7" t="7" w="493" /></phr></stem><stem n="\p\plain"><phr n="\p\Plain"><ent r="7" t="7" w="495" /></phr></stem><stem n="\m1++\big"><phr n="\M1++\Big"><ent r="7" t="7" w="507" /></phr></stem><stem n="\p\"><phr n="\p\"><ent r="7" t="7" w="511" /><ent r="3" t="27" w="236" /><ent r="3" t="27" w="392" /><ent r="3" t="27" w="547" /><ent r="3" t="32" w="228" /><ent r="3" t="32" w="282" /><ent r="3" t="32" w="323" /><ent r="3" t="32" w="359" /><ent r="3" t="32" w="378" /><ent r="3" t="32" w="397" /><ent r="3" t="34" w="436" /><ent r="3" t="34" w="690" /><ent r="3" t="36" w="427" /></phr><phr n="\P\"><ent r="3" t="27" w="157" /><ent r="3" t="32" w="172" /></phr></stem><stem n="2u"><phr n="2U"><ent r="7" t="7" w="516" /><ent r="7" t="7" w="528" /><ent r="3" t="7" w="561" /></phr></stem><stem n="www.exampl"><phr n="www.example"><ent r="7" t="7" w="519" /><ent r="7" t="7" w="518" /><ent r="7" t="7" w="525" /><ent r="7" t="7" w="524" /><ent r="7" t="7" w="531" /><ent r="7" t="7" w="530" /><ent r="4" t="7" w="602" /><ent r="4" t="7" w="601" /><ent r="3" t="40" w="907" /><ent r="3" t="40" w="906" /><ent r="6" t="55" w="1678" /><ent r="6" t="55" w="1677" /><ent r="6" t="55" w="1747" /><ent r="6" t="55" w="1746" /></phr></stem><stem n="www.example.com"><phr n="www.example.com"><ent r="7" t="7" w="520" /><ent r="7" t="7" w="518" /><ent r="7" t="7" w="526" /><ent r="7" t="7" w="524" /><ent r="7" t="7" w="532" /><ent r="7" t="7" w="530" /><ent r="4" t="7" w="603" /><ent r="4" t="7" w="601" /><ent r="3" t="40" w="908" /><ent r="3" t="40" w="906" /><ent r="6" t="55" w="1679" /><ent r="6" t="55" w="1677" /><ent r="6" t="55" w="1748" /><ent r="6" t="55" w="1746" /></phr></stem><stem n="p0"><phr n="p0"><ent r="7" t="7" w="521" /><ent r="7" t="7" w="535" /><ent r="3" t="27" w="355" /><ent r="3" t="34" w="554" /><ent r="3" t="34" w="808" /></phr><phr n="P0"><ent r="3" t="14" w="2071" /><ent r="3" t="14" w="2076" /></phr></stem><stem n="\2u\http://www.example.com\p0\"><phr n="\2U\http://www.example.com\p0\"><ent r="7" t="7" w="522" /></phr></stem><stem n="://www.example.com"><phr n="://www.example.com"><ent r="7" t="7" w="526" /><ent r="3" t="40" w="908" /></phr></stem><stem n="\2u=http://www.example.com\text"><phr n="\2U=http://www.example.com\Text"><ent r="7" t="7" w="533" /></phr></stem><stem n="\p0\"><phr n="\p0\"><ent r="7" t="7" w="536" /><ent r="3" t="27" w="356" /><ent r="3" t="34" w="555" /><ent r="3" t="34" w="809" /></phr></stem><stem n="last"><phr n="last"><ent r="3" t="7" w="545" /><ent r="4" t="7" w="618" /><ent r="5" t="14" w="887" /><ent r="5" t="14" w="919" /><ent r="5" t="30" w="1505" /><ent r="5" t="30" w="1617" /><ent r="3" t="38" w="161" /><ent r="100" t="53" w="458" /><ent r="7" t="53" w="463" /><ent r="5" t="55" w="439" /><ent r="5" t="55" w="455" /><ent r="5" t="55" w="1813" /></phr><phr n="LAST"><ent r="3" t="28" w="88" /></phr></stem><stem n="both"><phr n="both"><ent r="3" t="7" w="559" /><ent r="4" t="7" w="644" /><ent r="4" t="16" w="247" /><ent r="6" t="16" w="826" /><ent r="4" t="17" w="331" /><ent r="3" t="24" w="839" /><ent r="4" t="25" w="1138" /><ent r="3" t="30" w="573" /><ent r="3" t="33" w="284" /><ent r="3" t="37" w="425" /><ent r="4" t="42" w="65" /><ent r="5" t="54" w="239" /><ent r="3" t="56" w="409" /></phr><phr n="Both"><ent r="3" t="14" w="1702" /><ent r="4" t="31" w="1493" /><ent r="3" t="31" w="1962" /><ent r="3" t="47" w="47" /><ent r="3" t="47" w="57" /></phr></stem><stem n="&quot;\2u\&quot;"><phr n="&quot;\2U\&quot;"><ent r="3" t="7" w="562" /></phr></stem><stem n="&quot;set"><phr n="&quot;set"><ent r="3" t="7" w="563" /></phr></stem><stem n=".&quot;"><phr n=".&quot;"><ent r="3" t="7" w="571" /><ent r="3" t="23" w="1280" /><ent r="3" t="25" w="1383" /><ent r="3" t="28" w="131" /><ent r="3" t="28" w="144" /><ent r="3" t="28" w="151" /><ent r="3" t="28" w="160" /><ent r="3" t="28" w="235" /><ent r="3" t="28" w="269" /><ent r="3" t="28" w="300" /><ent r="3" t="28" w="325" /><ent r="3" t="28" w="352" /><ent r="3" t="28" w="390" /><ent r="3" t="28" w="421" /><ent r="3" t="31" w="1262" /><ent r="3" t="31" w="1307" /><ent r="3" t="31" w="2938" /><ent r="3" t="31" w="3543" /><ent r="3" t="31" w="3991" /><ent r="3" t="32" w="597" /><ent r="4" t="33" w="1327" /><ent r="3" t="35" w="73" /><ent r="93" t="39" w="195" /></phr></stem><stem n="close"><phr n="closing"><ent r="4" t="7" w="593" /><ent r="4" t="30" w="708" /><ent r="4" t="30" w="734" /><ent r="4" t="33" w="582" /></phr><phr n="closed"><ent r="3" t="15" w="774" /><ent r="3" t="22" w="39" /></phr><phr n="closely"><ent r="3" t="18" w="308" /><ent r="6" t="55" w="2005" /></phr><phr n="closes"><ent r="3" t="31" w="1535" /><ent r="3" t="31" w="1565" /><ent r="3" t="31" w="2002" /><ent r="3" t="31" w="2835" /><ent r="3" t="31" w="3760" /></phr></stem><stem n="://www.example.com),"><phr n="://www.example.com),"><ent r="4" t="7" w="604" /></phr></stem><stem n="&quot;=[url]&quot;,"><phr n="&quot;=[URL]&quot;,"><ent r="4" t="7" w="627" /></phr></stem><stem n="(&quot;text"><phr n="(&quot;Text"><ent r="4" t="7" w="632" /></phr></stem><stem n=")"><phr n=")"><ent r="4" t="7" w="637" /><ent r="4" t="12" w="61" /><ent r="5" t="13" w="252" /><ent r="5" t="13" w="621" /><ent r="3" t="14" w="433" /><ent r="5" t="14" w="625" /><ent r="5" t="14" w="635" /><ent r="5" t="14" w="646" /><ent r="5" t="14" w="655" /><ent r="5" t="14" w="665" /><ent r="5" t="14" w="675" /><ent r="5" t="14" w="707" /><ent r="4" t="15" w="135" /><ent r="6" t="16" w="750" /><ent r="9" t="16" w="879" /><ent r="9" t="16" w="884" /><ent r="3" t="16" w="1265" /><ent r="3" t="16" w="1518" /><ent r="3" t="16" w="1545" /><ent r="3" t="16" w="1582" /><ent r="3" t="17" w="80" /><ent r="3" t="18" w="26" /><ent r="3" t="18" w="448" /><ent r="3" t="18" w="456" /><ent r="4" t="18" w="845" /><ent r="3" t="19" w="66" /><ent r="3" t="19" w="76" /><ent r="4" t="19" w="504" /><ent r="4" t="19" w="792" /><ent r="3" t="19" w="988" /><ent r="3" t="19" w="1082" /><ent r="3" t="20" w="187" /><ent r="3" t="20" w="198" /><ent r="92" t="21" w="321" /><ent r="4" t="21" w="403" /><ent r="4" t="21" w="426" /><ent r="4" t="21" w="447" /><ent r="4" t="21" w="458" /><ent r="4" t="21" w="470" /><ent r="4" t="21" w="482" /><ent r="4" t="21" w="494" /><ent r="4" t="21" w="508" /><ent r="4" t="21" w="522" /><ent r="4" t="21" w="532" /><ent r="4" t="21" w="545" /><ent r="4" t="21" w="556" /><ent r="4" t="21" w="582" /><ent r="4" t="21" w="593" /><ent r="4" t="21" w="600" /><ent r="4" t="21" w="618" /><ent r="4" t="21" w="626" /><ent r="4" t="21" w="637" /><ent r="4" t="21" w="758" /><ent r="4" t="21" w="786" /><ent r="4" t="21" w="814" /><ent r="4" t="21" w="820" /><ent r="3" t="21" w="923" /><ent r="3" t="21" w="950" /><ent r="3" t="21" w="986" /><ent r="3" t="21" w="991" /><ent r="3" t="21" w="999" /><ent r="4" t="21" w="1060" /><ent r="4" t="21" w="1070" /><ent r="4" t="21" w="1089" /><ent r="4" t="21" w="1111" /><ent r="4" t="21" w="1121" /><ent r="4" t="21" w="1132" /><ent r="3" t="21" w="1204" /><ent r="3" t="21" w="1211" /><ent r="3" t="21" w="1252" /><ent r="3" t="21" w="1261" /><ent r="3" t="21" w="1298" /><ent r="3" t="21" w="1306" /><ent r="3" t="21" w="1315" /><ent r="3" t="21" w="1322" /><ent r="3" t="21" w="1331" /><ent r="3" t="21" w="1380" /><ent r="3" t="21" w="1390" /><ent r="3" t="21" w="1399" /><ent r="3" t="21" w="1409" /><ent r="3" t="21" w="1432" /><ent r="3" t="21" w="1442" /><ent r="3" t="21" w="1460" /><ent r="4" t="21" w="1665" /><ent r="3" t="21" w="1718" /><ent r="3" t="21" w="1730" /><ent r="3" t="21" w="1792" /><ent r="3" t="21" w="1850" /><ent r="3" t="21" w="1870" /><ent r="3" t="21" w="1892" /><ent r="3" t="21" w="1912" /><ent r="3" t="21" w="1934" /><ent r="3" t="21" w="1956" /><ent r="3" t="21" w="1965" /><ent r="3" t="21" w="1972" /><ent r="3" t="21" w="1980" /><ent r="3" t="21" w="1990" /><ent r="3" t="21" w="2166" /><ent r="3" t="21" w="2173" /><ent r="3" t="21" w="2187" /><ent r="6" t="21" w="2379" /><ent r="6" t="21" w="2388" /><ent r="6" t="21" w="2397" /><ent r="6" t="21" w="2406" /><ent r="6" t="21" w="2415" /><ent r="6" t="21" w="2424" /><ent r="6" t="21" w="2435" /><ent r="4" t="23" w="239" /><ent r="3" t="23" w="363" /><ent r="4" t="23" w="813" /><ent r="4" t="23" w="1369" /><ent r="4" t="23" w="1377" /><ent r="3" t="24" w="103" /><ent r="3" t="24" w="113" /><ent r="3" t="24" w="120" /><ent r="3" t="24" w="132" /><ent r="3" t="24" w="365" /><ent r="3" t="24" w="369" /><ent r="3" t="24" w="380" /><ent r="3" t="24" w="390" /><ent r="3" t="24" w="401" /><ent r="3" t="24" w="411" /><ent r="3" t="25" w="80" /><ent r="3" t="27" w="393" /><ent r="3" t="27" w="410" /><ent r="3" t="27" w="417" /><ent r="3" t="27" w="548" /><ent r="3" t="27" w="563" /><ent r="3" t="27" w="570" /><ent r="3" t="27" w="586" /><ent r="3" t="27" w="1543" /><ent r="3" t="27" w="1551" /><ent r="3" t="27" w="1559" /><ent r="3" t="27" w="1567" /><ent r="3" t="27" w="1587" /><ent r="3" t="27" w="1652" /><ent r="3" t="28" w="257" /><ent r="3" t="30" w="209" /><ent r="4" t="30" w="321" /><ent r="3" t="30" w="881" /><ent r="3" t="30" w="928" /><ent r="3" t="30" w="1201" /><ent r="4" t="31" w="567" /><ent r="4" t="31" w="606" /><ent r="4" t="31" w="645" /><ent r="4" t="31" w="769" /><ent r="3" t="31" w="1300" /><ent r="3" t="31" w="2067" /><ent r="3" t="31" w="2202" /><ent r="3" t="31" w="2300" /><ent r="3" t="31" w="2375" /><ent r="3" t="31" w="2536" /><ent r="3" t="31" w="2610" /><ent r="3" t="31" w="2857" /><ent r="3" t="31" w="3391" /><ent r="3" t="31" w="3396" /><ent r="3" t="31" w="3398" /><ent r="3" t="31" w="3403" /><ent r="3" t="31" w="3415" /><ent r="3" t="31" w="3424" /><ent r="3" t="31" w="3435" /><ent r="3" t="31" w="3443" /><ent r="3" t="31" w="3454" /><ent r="3" t="31" w="3460" /><ent r="3" t="31" w="3469" /><ent r="3" t="31" w="3475" /><ent r="3" t="31" w="3483" /><ent r="3" t="31" w="3488" /><ent r="3" t="31" w="3492" /><ent r="3" t="31" w="3499" /><ent r="3" t="31" w="3515" /><ent r="3" t="31" w="3517" /><ent r="3" t="31" w="3531" /><ent r="3" t="31" w="3545" /><ent r="3" t="31" w="3558" /><ent r="3" t="31" w="3560" /><ent r="3" t="31" w="3575" /><ent r="3" t="31" w="3586" /><ent r="3" t="31" w="3599" /><ent r="3" t="31" w="3601" /><ent r="3" t="31" w="3619" /><ent r="3" t="31" w="3624" /><ent r="3" t="31" w="3626" /><ent r="3" t="31" w="3676" /><ent r="3" t="31" w="3801" /><ent r="3" t="31" w="3836" /><ent r="3" t="31" w="3906" /><ent r="3" t="31" w="3970" /><ent r="3" t="31" w="3979" /><ent r="3" t="31" w="3993" /><ent r="3" t="32" w="457" /><ent r="3" t="33" w="157" /><ent r="4" t="33" w="496" /><ent r="4" t="33" w="752" /><ent r="3" t="34" w="313" /><ent r="3" t="34" w="486" /><ent r="3" t="34" w="598" /><ent r="3" t="34" w="740" /><ent r="3" t="34" w="853" /><ent r="3" t="36" w="296" /><ent r="4" t="37" w="274" /><ent r="4" t="37" w="558" /><ent r="5" t="37" w="827" /><ent r="3" t="39" w="162" /><ent r="3" t="39" w="177" /><ent r="3" t="39" w="347" /><ent r="3" t="39" w="358" /><ent r="3" t="39" w="369" /><ent r="3" t="39" w="380" /><ent r="4" t="40" w="145" /><ent r="4" t="40" w="194" /><ent r="4" t="40" w="224" /><ent r="4" t="40" w="243" /><ent r="4" t="40" w="261" /><ent r="3" t="40" w="650" /><ent r="3" t="40" w="780" /><ent r="3" t="40" w="1066" /><ent r="4" t="41" w="794" /><ent r="5" t="42" w="393" /><ent r="3" t="43" w="43" /><ent r="4" t="46" w="121" /><ent r="3" t="47" w="234" /><ent r="3" t="47" w="300" /><ent r="3" t="47" w="310" /><ent r="3" t="47" w="317" /><ent r="3" t="47" w="493" /><ent r="3" t="47" w="496" /><ent r="3" t="47" w="499" /><ent r="3" t="47" w="502" /><ent r="3" t="47" w="513" /><ent r="3" t="47" w="589" /><ent r="3" t="47" w="621" /><ent r="3" t="47" w="625" /><ent r="3" t="47" w="628" /><ent r="3" t="47" w="632" /><ent r="3" t="47" w="635" /><ent r="3" t="47" w="638" /><ent r="3" t="47" w="642" /><ent r="3" t="47" w="645" /><ent r="3" t="47" w="648" /><ent r="3" t="47" w="675" /><ent r="3" t="47" w="822" /><ent r="3" t="50" w="102" /><ent r="3" t="51" w="499" /><ent r="7" t="53" w="559" /><ent r="5" t="55" w="473" /><ent r="5" t="55" w="1493" /><ent r="5" t="55" w="1555" /><ent r="5" t="55" w="1708" /></phr></stem><stem n="(shown"><phr n="(shown"><ent r="3" t="8" w="33" /></phr></stem><stem n="numer"><phr n="numeric"><ent r="3" t="8" w="40" /><ent r="6" t="16" w="516" /><ent r="6" t="16" w="541" /><ent r="3" t="17" w="296" /><ent r="3" t="17" w="319" /><ent r="4" t="21" w="1029" /><ent r="4" t="21" w="1037" /><ent r="4" t="21" w="1045" /><ent r="4" t="21" w="1053" /><ent r="4" t="21" w="1063" /><ent r="4" t="21" w="1073" /><ent r="4" t="21" w="1104" /><ent r="4" t="21" w="1114" /><ent r="4" t="21" w="1124" /><ent r="4" t="23" w="826" /><ent r="4" t="23" w="866" /><ent r="3" t="24" w="119" /><ent r="3" t="24" w="131" /><ent r="3" t="24" w="150" /><ent r="3" t="24" w="159" /><ent r="3" t="24" w="895" /><ent r="3" t="30" w="939" /><ent r="3" t="30" w="977" /><ent r="4" t="30" w="1046" /><ent r="3" t="30" w="1740" /><ent r="4" t="31" w="608" /><ent r="4" t="31" w="771" /><ent r="3" t="31" w="2070" /><ent r="3" t="31" w="2084" /><ent r="4" t="31" w="2238" /><ent r="3" t="31" w="2266" /><ent r="3" t="31" w="2304" /><ent r="3" t="31" w="2337" /><ent r="3" t="31" w="2985" /></phr><phr n="Numeric"><ent r="3" t="14" w="1537" /><ent r="100" t="17" w="288" /><ent r="82" t="17" w="291" /><ent r="100" t="21" w="391" /><ent r="92" t="21" w="396" /><ent r="3" t="24" w="24" /><ent r="92" t="24" w="58" /><ent r="3" t="24" w="62" /><ent r="100" t="30" w="121" /><ent r="65" t="30" w="127" /><ent r="92" t="30" w="932" /><ent r="4" t="30" w="942" /><ent r="82" t="30" w="964" /><ent r="100" t="31" w="5" /><ent r="100" t="31" w="37" /><ent r="100" t="31" w="44" /></phr></stem><stem n="sent"><phr n="sent"><ent r="3" t="8" w="46" /><ent r="4" t="15" w="428" /><ent r="3" t="15" w="765" /><ent r="3" t="18" w="89" /><ent r="4" t="18" w="247" /><ent r="3" t="19" w="1027" /><ent r="3" t="22" w="30" /><ent r="3" t="25" w="23" /><ent r="3" t="25" w="229" /><ent r="3" t="25" w="285" /><ent r="4" t="25" w="680" /><ent r="4" t="26" w="259" /><ent r="3" t="26" w="329" /><ent r="3" t="27" w="1166" /><ent r="3" t="28" w="128" /><ent r="3" t="31" w="2761" /><ent r="3" t="31" w="3898" /><ent r="3" t="32" w="232" /><ent r="3" t="32" w="259" /><ent r="4" t="50" w="164" /></phr></stem><stem n="/valu"><phr n="/value"><ent r="100" t="8" w="59" /><ent r="3" t="8" w="69" /><ent r="3" t="8" w="83" /><ent r="4" t="37" w="563" /></phr></stem><stem n="name/valu"><phr n="Name/value"><ent r="100" t="8" w="59" /><ent r="100" t="8" w="58" /></phr><phr n="name/value"><ent r="3" t="8" w="69" /><ent r="3" t="8" w="68" /><ent r="3" t="8" w="83" /><ent r="3" t="8" w="82" /><ent r="4" t="37" w="563" /><ent r="4" t="37" w="562" /></phr></stem><stem n="&quot;paramet"><phr n="&quot;parameter"><ent r="3" t="8" w="75" /><ent r="3" t="8" w="77" /></phr></stem><stem n="&quot;="><phr n="&quot;="><ent r="3" t="8" w="77" /></phr></stem><stem n="/warn"><phr n="/warning"><ent r="100" t="8" w="97" /><ent r="3" t="8" w="117" /></phr></stem><stem n="alarm/warn"><phr n="Alarm/warning"><ent r="100" t="8" w="97" /><ent r="100" t="8" w="96" /></phr><phr n="alarm/warning"><ent r="3" t="8" w="117" /><ent r="3" t="8" w="116" /></phr></stem><stem n="access"><phr n="accessed"><ent r="3" t="8" w="104" /><ent r="3" t="44" w="20" /><ent r="3" t="44" w="209" /></phr><phr n="access"><ent r="3" t="23" w="148" /><ent r="4" t="23" w="214" /><ent r="3" t="24" w="992" /><ent r="4" t="25" w="423" /><ent r="3" t="25" w="741" /><ent r="3" t="25" w="1159" /><ent r="3" t="25" w="1392" /><ent r="3" t="41" w="521" /><ent r="4" t="43" w="68" /><ent r="4" t="43" w="82" /><ent r="3" t="43" w="172" /><ent r="3" t="44" w="224" /><ent r="3" t="47" w="232" /><ent r="3" t="56" w="116" /><ent r="3" t="56" w="130" /><ent r="3" t="56" w="193" /><ent r="3" t="56" w="198" /></phr><phr n="accessible"><ent r="3" t="23" w="1155" /><ent r="3" t="23" w="1187" /><ent r="4" t="23" w="1620" /><ent r="3" t="24" w="995" /></phr><phr n="Accessing"><ent r="82" t="25" w="1146" /><ent r="92" t="41" w="503" /></phr><phr n="accessing"><ent r="3" t="25" w="1153" /><ent r="3" t="25" w="1209" /></phr><phr n="Access"><ent r="3" t="25" w="1167" /></phr><phr n="ACCESS"><ent r="3" t="28" w="181" /><ent r="3" t="28" w="214" /><ent r="3" t="28" w="246" /><ent r="3" t="28" w="280" /><ent r="3" t="28" w="311" /><ent r="3" t="28" w="336" /></phr></stem><stem n="just"><phr n="just"><ent r="3" t="8" w="107" /><ent r="4" t="31" w="1752" /><ent r="6" t="33" w="1139" /><ent r="3" t="35" w="45" /></phr></stem></index>