﻿<?xml version="1.0" encoding="utf-8"?><index><stem n="total"><phr n="Total"><ent r="100" t="16" w="466" /><ent r="7" t="16" w="639" /><ent r="9" t="16" w="863" /></phr><phr n="TOTAL"><ent r="4" t="25" w="1108" /></phr><phr n="total"><ent r="3" t="27" w="1583" /></phr></stem><stem n="total-valu"><phr n="Total-value"><ent r="100" t="16" w="466" /><ent r="7" t="16" w="639" /></phr><phr n="Total-Value"><ent r="9" t="16" w="863" /></phr><phr n="TOTAL-VALUE"><ent r="4" t="25" w="1108" /></phr></stem><stem n="-minut"><phr n="-minute"><ent r="100" t="16" w="469" /><ent r="100" t="16" w="469" /><ent r="7" t="16" w="698" /><ent r="7" t="16" w="698" /></phr></stem><stem n="deduc"><phr n="deduces"><ent r="6" t="16" w="485" /></phr></stem><stem n="applic"><phr n="applicable"><ent r="6" t="16" w="487" /></phr><phr n="application"><ent r="3" t="44" w="101" /><ent r="3" t="44" w="339" /><ent r="3" t="57" w="118" /><ent r="3" t="57" w="123" /><ent r="3" t="57" w="128" /></phr></stem><stem n="&quot;format"><phr n="&quot;Format"><ent r="6" t="16" w="502" /></phr></stem><stem n="integ"><phr n="Integer"><ent r="7" t="16" w="509" /><ent r="9" t="16" w="866" /><ent r="9" t="16" w="869" /><ent r="100" t="21" w="408" /><ent r="72" t="21" w="1266" /><ent r="3" t="40" w="923" /><ent r="3" t="40" w="1018" /><ent r="3" t="40" w="1036" /><ent r="3" t="40" w="1054" /></phr><phr n="INTEGER"><ent r="6" t="16" w="529" /><ent r="6" t="16" w="558" /><ent r="3" t="16" w="1739" /><ent r="3" t="16" w="1775" /><ent r="3" t="21" w="847" /><ent r="3" t="21" w="906" /><ent r="3" t="21" w="913" /><ent r="3" t="21" w="2005" /><ent r="3" t="21" w="2020" /><ent r="3" t="21" w="2024" /><ent r="4" t="25" w="1123" /><ent r="3" t="41" w="223" /><ent r="3" t="41" w="229" /><ent r="3" t="41" w="233" /><ent r="3" t="41" w="235" /><ent r="3" t="41" w="237" /><ent r="3" t="41" w="239" /><ent r="3" t="41" w="241" /><ent r="3" t="41" w="243" /><ent r="3" t="41" w="245" /><ent r="3" t="41" w="247" /><ent r="3" t="41" w="255" /><ent r="3" t="41" w="261" /></phr><phr n="integer"><ent r="3" t="16" w="1274" /><ent r="3" t="16" w="1709" /><ent r="3" t="16" w="1845" /><ent r="4" t="21" w="420" /><ent r="3" t="21" w="926" /><ent r="4" t="21" w="1041" /><ent r="4" t="21" w="1049" /><ent r="4" t="21" w="1077" /><ent r="6" t="21" w="2467" /><ent r="4" t="33" w="1430" /><ent r="3" t="41" w="484" /></phr><phr n="Integers"><ent r="3" t="21" w="1269" /></phr><phr n="integers"><ent r="4" t="23" w="172" /></phr></stem><stem n="coerc"><phr n="coerced"><ent r="6" t="16" w="513" /><ent r="6" t="16" w="538" /></phr></stem><stem n="78fred"><phr n="78Fred"><ent r="6" t="16" w="525" /><ent r="6" t="16" w="554" /></phr></stem><stem n="&quot;78fred&quot;,"><phr n="&quot;78Fred&quot;,"><ent r="6" t="16" w="526" /><ent r="6" t="16" w="555" /></phr></stem><stem n="78"><phr n="78"><ent r="6" t="16" w="532" /><ent r="6" t="16" w="561" /><ent r="3" t="27" w="407" /><ent r="3" t="27" w="449" /><ent r="3" t="27" w="610" /><ent r="3" t="27" w="733" /><ent r="3" t="27" w="843" /></phr></stem><stem n="integer64"><phr n="Integer64"><ent r="7" t="16" w="534" /></phr></stem><stem n="(up"><phr n="(up"><ent r="6" t="16" w="543" /><ent r="6" t="16" w="688" /><ent r="6" t="21" w="2468" /><ent r="3" t="33" w="153" /></phr></stem><stem n="64"><phr n="64"><ent r="6" t="16" w="545" /><ent r="6" t="16" w="690" /><ent r="100" t="30" w="1628" /><ent r="5" t="30" w="1632" /></phr></stem><stem n="64-bit"><phr n="64-bits"><ent r="6" t="16" w="545" /><ent r="6" t="16" w="690" /></phr></stem><stem n="bit"><phr n="bits"><ent r="6" t="16" w="546" /><ent r="6" t="16" w="691" /><ent r="4" t="21" w="501" /><ent r="4" t="21" w="515" /><ent r="6" t="21" w="2471" /></phr><phr n="Bits"><ent r="4" t="21" w="494" /><ent r="4" t="21" w="508" /></phr><phr n="bit"><ent r="4" t="25" w="594" /></phr></stem><stem n="-bits)."><phr n="-bits)."><ent r="6" t="16" w="547" /><ent r="6" t="16" w="547" /><ent r="6" t="16" w="692" /><ent r="6" t="16" w="692" /></phr></stem><stem n="0x"><phr n="0x"><ent r="6" t="16" w="568" /><ent r="3" t="47" w="734" /><ent r="3" t="47" w="787" /></phr></stem><stem n="&quot;0x&quot;"><phr n="&quot;0x&quot;"><ent r="6" t="16" w="569" /></phr></stem><stem n="hex"><phr n="hex"><ent r="6" t="16" w="573" /></phr></stem><stem n="hexnumb"><phr n="Hexnumber"><ent r="7" t="16" w="580" /></phr><phr n="HEXNUMBER"><ent r="4" t="25" w="1129" /></phr></stem><stem n="convert"><phr n="converts"><ent r="6" t="16" w="582" /><ent r="6" t="16" w="608" /></phr><phr n="converted"><ent r="6" t="16" w="600" /><ent r="3" t="31" w="2081" /><ent r="3" t="31" w="2094" /></phr><phr n="convert"><ent r="3" t="21" w="2215" /></phr><phr n="Convert"><ent r="3" t="47" w="607" /></phr></stem><stem n="fe"><phr n="FE"><ent r="6" t="16" w="597" /></phr></stem><stem n="&quot;fe&quot;"><phr n="&quot;FE&quot;"><ent r="6" t="16" w="598" /></phr></stem><stem n="254"><phr n="254"><ent r="6" t="16" w="604" /></phr></stem><stem n="5.678"><phr n="5.678"><ent r="6" t="16" w="622" /><ent r="6" t="16" w="621" /></phr></stem><stem n="678"><phr n="678"><ent r="6" t="16" w="622" /></phr></stem><stem n="&quot;5.678&quot;"><phr n="&quot;5.678&quot;"><ent r="6" t="16" w="623" /></phr></stem><stem n="counter"><phr n="counter"><ent r="6" t="16" w="648" /><ent r="6" t="16" w="673" /></phr><phr n="counters"><ent r="4" t="23" w="176" /></phr></stem><stem n="gaug"><phr n="gauge"><ent r="6" t="16" w="650" /><ent r="6" t="16" w="675" /></phr><phr n="Gauge"><ent r="9" t="16" w="860" /></phr><phr n="gauges"><ent r="4" t="23" w="180" /></phr></stem><stem n="unsign"><phr n="unsigned"><ent r="6" t="16" w="661" /><ent r="6" t="16" w="686" /><ent r="4" t="21" w="1078" /><ent r="6" t="21" w="2383" /><ent r="6" t="21" w="2401" /><ent r="6" t="21" w="2419" /></phr></stem><stem n="total64"><phr n="Total64"><ent r="7" t="16" w="664" /></phr></stem><stem n="total64-valu"><phr n="Total64-value"><ent r="7" t="16" w="664" /></phr></stem><stem n="success"><phr n="successive"><ent r="6" t="16" w="717" /></phr><phr n="success"><ent r="4" t="33" w="468" /></phr></stem><stem n="divid"><phr n="dividing"><ent r="6" t="16" w="720" /></phr><phr n="divide"><ent r="3" t="21" w="2574" /></phr></stem><stem n="elaps"><phr n="elapsed"><ent r="6" t="16" w="723" /><ent r="4" t="31" w="818" /><ent r="3" t="31" w="3093" /><ent r="5" t="42" w="253" /></phr></stem><stem n="oid'"><phr n="OID's"><ent r="6" t="16" w="740" /><ent r="6" t="16" w="739" /><ent r="3" t="24" w="23" /><ent r="3" t="24" w="22" /><ent r="92" t="24" w="60" /><ent r="92" t="24" w="59" /><ent r="3" t="24" w="64" /><ent r="3" t="24" w="63" /><ent r="3" t="24" w="143" /><ent r="3" t="24" w="142" /><ent r="3" t="24" w="152" /><ent r="3" t="24" w="151" /><ent r="3" t="24" w="161" /><ent r="3" t="24" w="160" /><ent r="92" t="24" w="200" /><ent r="92" t="24" w="199" /><ent r="3" t="24" w="236" /><ent r="3" t="24" w="235" /><ent r="3" t="24" w="416" /><ent r="3" t="24" w="415" /><ent r="82" t="24" w="453" /><ent r="82" t="24" w="452" /><ent r="4" t="24" w="457" /><ent r="4" t="24" w="456" /><ent r="3" t="24" w="563" /><ent r="3" t="24" w="562" /><ent r="3" t="24" w="892" /><ent r="3" t="24" w="891" /><ent r="4" t="26" w="299" /><ent r="4" t="26" w="298" /><ent r="3" t="41" w="359" /><ent r="3" t="41" w="358" /></phr></stem><stem n="enumer"><phr n="enumerated"><ent r="6" t="16" w="741" /></phr><phr n="Enumerated"><ent r="92" t="16" w="1702" /></phr></stem><stem n="trapvari"><phr n="TrapVariable"><ent r="7" t="16" w="768" /><ent r="100" t="25" w="342" /><ent r="100" t="25" w="345" /></phr><phr n="TRAPVARIABLE"><ent r="3" t="19" w="1328" /><ent r="3" t="19" w="1345" /><ent r="3" t="19" w="1362" /><ent r="3" t="25" w="888" /><ent r="3" t="25" w="968" /><ent r="3" t="25" w="973" /><ent r="3" t="25" w="979" /><ent r="3" t="25" w="984" /><ent r="3" t="25" w="989" /><ent r="3" t="25" w="995" /><ent r="3" t="25" w="1001" /><ent r="3" t="25" w="1007" /><ent r="3" t="25" w="1013" /><ent r="3" t="25" w="1019" /><ent r="3" t="25" w="1038" /><ent r="3" t="25" w="1045" /><ent r="3" t="25" w="1056" /><ent r="4" t="25" w="1107" /><ent r="4" t="25" w="1111" /><ent r="4" t="25" w="1115" /><ent r="4" t="25" w="1119" /><ent r="4" t="25" w="1122" /><ent r="4" t="25" w="1125" /><ent r="4" t="25" w="1128" /><ent r="4" t="25" w="1131" /><ent r="3" t="25" w="1303" /><ent r="3" t="25" w="1312" /><ent r="3" t="25" w="1320" /><ent r="3" t="25" w="1410" /><ent r="3" t="25" w="1419" /><ent r="3" t="25" w="1427" /><ent r="3" t="27" w="1187" /><ent r="3" t="27" w="1201" /><ent r="3" t="27" w="1215" /><ent r="3" t="27" w="1232" /><ent r="3" t="27" w="1247" /><ent r="3" t="27" w="1263" /><ent r="3" t="27" w="1276" /><ent r="3" t="27" w="1281" /><ent r="3" t="27" w="1286" /><ent r="3" t="27" w="1290" /><ent r="3" t="27" w="1294" /><ent r="3" t="27" w="1299" /><ent r="3" t="27" w="1304" /><ent r="3" t="27" w="1308" /><ent r="3" t="27" w="1313" /><ent r="3" t="27" w="1318" /><ent r="3" t="27" w="1329" /><ent r="3" t="27" w="1335" /><ent r="3" t="27" w="1341" /><ent r="3" t="27" w="1347" /><ent r="3" t="27" w="1353" /><ent r="3" t="27" w="1359" /><ent r="3" t="27" w="1365" /><ent r="3" t="27" w="1371" /><ent r="3" t="27" w="1377" /><ent r="3" t="27" w="1383" /><ent r="3" t="27" w="1389" /><ent r="3" t="27" w="1395" /><ent r="3" t="27" w="1401" /><ent r="3" t="27" w="1407" /><ent r="3" t="27" w="1413" /><ent r="3" t="27" w="1419" /><ent r="3" t="27" w="1425" /><ent r="3" t="27" w="1431" /><ent r="3" t="27" w="1437" /><ent r="3" t="27" w="1443" /><ent r="3" t="27" w="1449" /><ent r="3" t="27" w="1455" /><ent r="3" t="27" w="1461" /><ent r="3" t="27" w="1467" /><ent r="3" t="27" w="1473" /><ent r="3" t="27" w="1479" /><ent r="3" t="27" w="1485" /><ent r="3" t="27" w="1491" /><ent r="3" t="27" w="1497" /><ent r="3" t="27" w="1503" /></phr><phr n="trapvariable"><ent r="3" t="25" w="1091" /></phr><phr n="TrapVariables"><ent r="3" t="27" w="1147" /></phr></stem><stem n="discuss"><phr n="discussion"><ent r="6" t="16" w="784" /><ent r="4" t="33" w="728" /><ent r="3" t="44" w="165" /></phr></stem><stem n="ipaddress"><phr n="IPADDRESS"><ent r="7" t="16" w="798" /></phr><phr n="IPAddress"><ent r="9" t="16" w="891" /></phr></stem><stem n="-byte"><phr n="-byte"><ent r="6" t="16" w="803" /><ent r="6" t="16" w="803" /><ent r="6" t="16" w="813" /><ent r="6" t="16" w="813" /></phr></stem><stem n="4-byte"><phr n="4-byte"><ent r="6" t="16" w="803" /></phr></stem><stem n="octet"><phr n="octet"><ent r="6" t="16" w="805" /><ent r="6" t="16" w="815" /><ent r="3" t="44" w="102" /><ent r="3" t="44" w="340" /></phr></stem><stem n="ipv4"><phr n="IPv4"><ent r="6" t="16" w="809" /></phr></stem><stem n="16"><phr n="16"><ent r="6" t="16" w="813" /><ent r="3" t="31" w="1982" /><ent r="3" t="31" w="3430" /><ent r="3" t="31" w="3516" /><ent r="3" t="31" w="3912" /><ent r="3" t="31" w="3938" /><ent r="3" t="31" w="3967" /><ent r="3" t="31" w="3969" /><ent r="4" t="31" w="4006" /><ent r="3" t="31" w="4009" /><ent r="3" t="40" w="782" /><ent r="3" t="40" w="1067" /></phr></stem><stem n="16-byte"><phr n="16-byte"><ent r="6" t="16" w="813" /></phr></stem><stem n="ipv6"><phr n="IPv6"><ent r="6" t="16" w="819" /></phr></stem><stem n="can't"><phr n="can't"><ent r="6" t="16" w="830" /><ent r="6" t="16" w="829" /><ent r="3" t="24" w="656" /><ent r="3" t="24" w="655" /><ent r="4" t="25" w="1142" /><ent r="4" t="25" w="1141" /><ent r="3" t="31" w="2753" /><ent r="3" t="31" w="2752" /><ent r="3" t="31" w="2759" /><ent r="3" t="31" w="2758" /><ent r="3" t="31" w="3481" /><ent r="3" t="31" w="3480" /></phr></stem><stem n="counter32"><phr n="Counter32"><ent r="9" t="16" w="852" /></phr></stem><stem n="counter64"><phr n="Counter64"><ent r="9" t="16" w="853" /></phr></stem><stem n="unsigned32"><phr n="Unsigned32"><ent r="9" t="16" w="859" /></phr></stem><stem n="(gauge)"><phr n="(Gauge)"><ent r="9" t="16" w="861" /></phr></stem><stem n="octetstr"><phr n="OctetString"><ent r="9" t="16" w="871" /><ent r="100" t="40" w="765" /><ent r="3" t="40" w="810" /><ent r="3" t="40" w="867" /><ent r="3" t="40" w="885" /><ent r="3" t="40" w="904" /><ent r="3" t="40" w="983" /></phr></stem><stem n="printabl"><phr n="printable"><ent r="9" t="16" w="878" /></phr></stem><stem n="timetick"><phr n="TimeTicks"><ent r="9" t="16" w="896" /><ent r="100" t="40" w="763" /><ent r="3" t="40" w="851" /><ent r="3" t="40" w="939" /><ent r="3" t="40" w="1002" /></phr></stem><stem n="incorpor"><phr n="incorporate"><ent r="4" t="16" w="923" /><ent r="4" t="36" w="180" /></phr><phr n="incorporates"><ent r="4" t="31" w="2396" /></phr></stem><stem n="embed"><phr n="embedded"><ent r="4" t="16" w="930" /><ent r="4" t="21" w="234" /><ent r="3" t="34" w="450" /><ent r="3" t="34" w="704" /><ent r="3" t="36" w="14" /></phr></stem><stem n="-poll"><phr n="-polled"><ent r="3" t="16" w="1036" /><ent r="3" t="16" w="1036" /></phr><phr n="-polls"><ent r="3" t="25" w="224" /><ent r="3" t="25" w="224" /></phr></stem><stem n="non-pol"><phr n="Non-polled"><ent r="3" t="16" w="1036" /></phr></stem><stem n="sinevalu"><phr n="SineValue"><ent r="100" t="16" w="1040" /><ent r="3" t="16" w="1053" /><ent r="3" t="16" w="1126" /><ent r="3" t="16" w="1143" /></phr></stem><stem n="intermappertimestamp"><phr n="InterMapperTimeStamp"><ent r="100" t="16" w="1044" /><ent r="3" t="25" w="876" /></phr><phr n="intermapperTimestamp"><ent r="3" t="28" w="172" /><ent r="3" t="28" w="373" /><ent r="3" t="28" w="400" /></phr></stem><stem n="sin"><phr n="sin"><ent r="3" t="16" w="1055" /><ent r="3" t="16" w="1061" /><ent r="3" t="16" w="1128" /><ent r="3" t="16" w="1134" /><ent r="3" t="16" w="1154" /><ent r="4" t="21" w="530" /></phr></stem><stem n="0.01"><phr n="0.01"><ent r="3" t="16" w="1057" /><ent r="3" t="16" w="1056" /><ent r="3" t="16" w="1063" /><ent r="3" t="16" w="1062" /><ent r="3" t="16" w="1130" /><ent r="3" t="16" w="1129" /><ent r="3" t="16" w="1136" /><ent r="3" t="16" w="1135" /><ent r="3" t="16" w="1156" /><ent r="3" t="16" w="1155" /></phr></stem><stem n="01"><phr n="01"><ent r="3" t="16" w="1057" /><ent r="3" t="16" w="1063" /><ent r="3" t="16" w="1130" /><ent r="3" t="16" w="1136" /><ent r="3" t="16" w="1156" /><ent r="3" t="21" w="1403" /><ent r="3" t="21" w="1435" /><ent r="4" t="21" w="1554" /><ent r="4" t="21" w="1566" /><ent r="4" t="21" w="1581" /><ent r="3" t="31" w="3390" /><ent r="3" t="31" w="3618" /></phr></stem><stem n="(10*sin(0.01*time())),"><phr n="(10*sin(0.01*time())),"><ent r="3" t="16" w="1059" /><ent r="3" t="16" w="1132" /></phr></stem><stem n="&quot;10"><phr n="&quot;10"><ent r="3" t="16" w="1060" /><ent r="3" t="16" w="1133" /></phr></stem><stem n="(0.01"><phr n="(0.01"><ent r="3" t="16" w="1063" /><ent r="3" t="16" w="1136" /><ent r="3" t="16" w="1156" /></phr></stem><stem n="())&quot;"><phr n="())&quot;"><ent r="3" t="16" w="1065" /><ent r="3" t="16" w="1138" /></phr></stem><stem n="&quot;sinevalue&quot;"><phr n="&quot;SineValue&quot;"><ent r="3" t="16" w="1144" /></phr></stem><stem n="(10"><phr n="(10"><ent r="3" t="16" w="1153" /><ent r="3" t="41" w="201" /></phr></stem><stem n="())."><phr n="())."><ent r="3" t="16" w="1158" /></phr></stem><stem n="sine"><phr n="sine"><ent r="3" t="16" w="1161" /><ent r="4" t="21" w="532" /></phr></stem><stem n="wave"><phr n="wave"><ent r="3" t="16" w="1162" /></phr></stem><stem n="attract"><phr n="attractive"><ent r="3" t="16" w="1166" /></phr></stem><stem n="$sinevalu"><phr n="$SineValue"><ent r="3" t="16" w="1170" /></phr></stem><stem n="&quot;$sinevalue&quot;"><phr n="&quot;$SineValue&quot;"><ent r="3" t="16" w="1171" /></phr></stem><stem n="elsewher"><phr n="elsewhere"><ent r="3" t="16" w="1176" /><ent r="4" t="23" w="729" /><ent r="3" t="30" w="1102" /></phr></stem><stem n="topic"><phr n="topic"><ent r="3" t="16" w="1204" /><ent r="3" t="16" w="1700" /><ent r="4" t="30" w="1306" /><ent r="3" t="30" w="1353" /></phr><phr n="topics"><ent r="3" t="43" w="164" /></phr></stem><stem n="{variablename}"><phr n="{variablename}"><ent r="83" t="16" w="1226" /></phr></stem><stem n=":3.14159265"><phr n=":3.14159265"><ent r="100" t="16" w="1233" /></phr></stem><stem n="3.14159265"><phr n="3.14159265"><ent r="100" t="16" w="1233" /><ent r="100" t="16" w="1232" /><ent r="3" t="16" w="1286" /><ent r="3" t="16" w="1285" /></phr></stem><stem n="14159265"><phr n="14159265"><ent r="100" t="16" w="1233" /><ent r="3" t="16" w="1286" /></phr></stem><stem n="occurr"><phr n="occurrence"><ent r="3" t="16" w="1252" /></phr></stem><stem n="(with"><phr n="(with"><ent r="3" t="16" w="1257" /><ent r="3" t="16" w="1514" /></phr></stem><stem n="{...}"><phr n="{...}"><ent r="4" t="16" w="1264" /></phr></stem><stem n="nearest"><phr n="nearest"><ent r="3" t="16" w="1273" /><ent r="4" t="21" w="419" /><ent r="3" t="21" w="925" /></phr></stem><stem n="3.14159265,"><phr n="3.14159265,"><ent r="3" t="16" w="1286" /><ent r="3" t="16" w="1285" /></phr></stem><stem n=".14159265,"><phr n=".14159265,"><ent r="3" t="16" w="1287" /></phr></stem><stem n="&lt;displai"><phr n="&lt;display"><ent r="4" t="16" w="1292" /></phr></stem><stem n="&lt;display-output&gt;"><phr n="&lt;display-output&gt;"><ent r="4" t="16" w="1292" /></phr></stem><stem n="&quot;3&quot;;"><phr n="&quot;3&quot;;"><ent r="3" t="16" w="1302" /></phr></stem><stem n=".75"><phr n=".75"><ent r="3" t="16" w="1309" /></phr></stem><stem n="4.75"><phr n="4.75"><ent r="3" t="16" w="1309" /><ent r="3" t="16" w="1308" /></phr></stem><stem n="75"><phr n="75"><ent r="3" t="16" w="1309" /></phr></stem><stem n="&quot;5&quot;."><phr n="&quot;5&quot;."><ent r="3" t="16" w="1316" /></phr></stem><stem n="drag"><phr n="dragging"><ent r="3" t="16" w="1330" /></phr></stem><stem n="could"><phr n="could"><ent r="3" t="16" w="1345" /><ent r="3" t="19" w="901" /><ent r="4" t="23" w="165" /><ent r="4" t="23" w="201" /><ent r="4" t="25" w="684" /><ent r="3" t="25" w="1354" /><ent r="3" t="27" w="1128" /><ent r="3" t="30" w="1689" /><ent r="3" t="30" w="1697" /><ent r="3" t="30" w="1709" /><ent r="3" t="31" w="3808" /><ent r="3" t="32" w="238" /><ent r="6" t="33" w="1137" /><ent r="3" t="39" w="76" /><ent r="3" t="51" w="395" /><ent r="3" t="52" w="88" /><ent r="6" t="53" w="282" /><ent r="7" t="53" w="429" /><ent r="7" t="53" w="548" /></phr></stem><stem n="either"><phr n="either"><ent r="3" t="16" w="1350" /><ent r="4" t="16" w="1442" /><ent r="4" t="19" w="665" /><ent r="3" t="20" w="228" /><ent r="3" t="25" w="1161" /><ent r="3" t="30" w="1674" /><ent r="3" t="31" w="2014" /><ent r="3" t="44" w="177" /><ent r="3" t="55" w="180" /><ent r="5" t="55" w="1313" /></phr><phr n="Either"><ent r="3" t="27" w="310" /></phr></stem><stem n="$ipforwdatagram"><phr n="$ipForwDatagrams"><ent r="3" t="16" w="1358" /></phr></stem><stem n="yyi"><phr n="yyy"><ent r="83" t="16" w="1363" /><ent r="5" t="58" w="75" /></phr></stem><stem n="...}"><phr n="...}"><ent r="4" t="16" w="1381" /></phr></stem><stem n="width"><phr n="width"><ent r="3" t="16" w="1404" /><ent r="3" t="21" w="1160" /><ent r="3" t="21" w="1164" /><ent r="3" t="21" w="1191" /><ent r="3" t="21" w="1282" /><ent r="3" t="21" w="2347" /><ent r="5" t="55" w="1089" /><ent r="5" t="55" w="1108" /><ent r="5" t="55" w="1114" /><ent r="5" t="55" w="1120" /><ent r="3" t="58" w="29" /><ent r="4" t="58" w="52" /><ent r="4" t="58" w="59" /><ent r="5" t="58" w="74" /></phr></stem><stem n="decim"><phr n="decimal"><ent r="3" t="16" w="1408" /><ent r="4" t="16" w="1429" /><ent r="4" t="21" w="431" /><ent r="3" t="21" w="933" /><ent r="4" t="21" w="1040" /><ent r="4" t="21" w="1076" /><ent r="3" t="21" w="1355" /><ent r="3" t="21" w="1359" /><ent r="4" t="33" w="1447" /></phr></stem><stem n="placement"><phr n="placement"><ent r="4" t="16" w="1423" /></phr></stem><stem n="mask"><phr n="mask"><ent r="4" t="16" w="1444" /></phr></stem><stem n="'#'"><phr n="'#'"><ent r="4" t="16" w="1448" /></phr></stem><stem n="symbol"><phr n="symbol"><ent r="4" t="16" w="1448" /><ent r="4" t="21" w="188" /><ent r="4" t="24" w="243" /><ent r="4" t="24" w="257" /><ent r="4" t="24" w="282" /><ent r="3" t="24" w="292" /><ent r="3" t="24" w="299" /><ent r="4" t="24" w="527" /><ent r="3" t="39" w="73" /></phr><phr n="symbolic"><ent r="4" t="23" w="1625" /><ent r="3" t="24" w="203" /><ent r="3" t="24" w="234" /><ent r="3" t="24" w="414" /><ent r="4" t="24" w="475" /><ent r="4" t="24" w="489" /><ent r="3" t="24" w="920" /></phr><phr n="Symbolic"><ent r="3" t="24" w="26" /><ent r="3" t="24" w="28" /><ent r="92" t="24" w="198" /><ent r="3" t="24" w="319" /><ent r="82" t="24" w="451" /><ent r="4" t="24" w="455" /></phr><phr n="symbols"><ent r="3" t="24" w="226" /><ent r="4" t="24" w="239" /><ent r="4" t="24" w="253" /><ent r="4" t="24" w="263" /><ent r="4" t="24" w="266" /><ent r="3" t="24" w="287" /></phr></stem><stem n="(but"><phr n="(but"><ent r="4" t="16" w="1469" /></phr></stem><stem n="}:"><phr n="}:"><ent r="3" t="16" w="1492" /><ent r="3" t="16" w="1501" /><ent r="3" t="16" w="1511" /><ent r="3" t="16" w="1524" /><ent r="3" t="16" w="1535" /></phr></stem><stem n=".14"><phr n=".14"><ent r="3" t="16" w="1493" /><ent r="3" t="16" w="1496" /></phr></stem><stem n="3.14"><phr n="3.14"><ent r="3" t="16" w="1493" /><ent r="3" t="16" w="1492" /><ent r="3" t="16" w="1496" /><ent r="3" t="16" w="1495" /></phr></stem><stem n="14"><phr n="14"><ent r="3" t="16" w="1493" /><ent r="3" t="16" w="1496" /><ent r="3" t="30" w="1897" /><ent r="3" t="30" w="1901" /><ent r="3" t="30" w="1908" /><ent r="3" t="31" w="1514" /><ent r="3" t="31" w="3409" /><ent r="3" t="31" w="3498" /><ent r="3" t="31" w="3682" /><ent r="3" t="31" w="3770" /><ent r="3" t="31" w="3817" /><ent r="3" t="31" w="3821" /></phr></stem><stem n="#.#######"><phr n="#.#######"><ent r="3" t="16" w="1500" /><ent r="3" t="16" w="1548" /></phr></stem><stem n=".1415927"><phr n=".1415927"><ent r="3" t="16" w="1502" /><ent r="3" t="16" w="1505" /><ent r="3" t="16" w="1525" /><ent r="3" t="16" w="1528" /><ent r="3" t="16" w="1536" /></phr></stem><stem n="3.1415927"><phr n="3.1415927"><ent r="3" t="16" w="1502" /><ent r="3" t="16" w="1501" /><ent r="3" t="16" w="1505" /><ent r="3" t="16" w="1504" /><ent r="3" t="16" w="1525" /><ent r="3" t="16" w="1524" /><ent r="3" t="16" w="1528" /><ent r="3" t="16" w="1527" /><ent r="3" t="16" w="1536" /><ent r="3" t="16" w="1535" /><ent r="3" t="16" w="1539" /><ent r="3" t="16" w="1538" /></phr></stem><stem n="1415927"><phr n="1415927"><ent r="3" t="16" w="1502" /><ent r="3" t="16" w="1505" /><ent r="3" t="16" w="1525" /><ent r="3" t="16" w="1528" /><ent r="3" t="16" w="1536" /><ent r="3" t="16" w="1539" /></phr></stem><stem n="3d"><phr n="3d"><ent r="3" t="16" w="1509" /></phr></stem><stem n="&quot;%3d&quot;"><phr n="&quot;%3d&quot;"><ent r="3" t="16" w="1510" /></phr></stem><stem n="__3"><phr n="__3"><ent r="3" t="16" w="1513" /></phr></stem><stem n="lead"><phr n="leading"><ent r="3" t="16" w="1516" /><ent r="3" t="16" w="1543" /><ent r="3" t="16" w="1580" /><ent r="3" t="31" w="2255" /></phr></stem><stem n="9.7f"><phr n="9.7f"><ent r="3" t="16" w="1522" /><ent r="3" t="16" w="1521" /><ent r="3" t="16" w="1559" /><ent r="3" t="16" w="1558" /></phr></stem><stem n="7f"><phr n="7f"><ent r="3" t="16" w="1522" /><ent r="3" t="16" w="1533" /><ent r="3" t="16" w="1559" /><ent r="3" t="16" w="1571" /></phr></stem><stem n="&quot;%9.7f&quot;"><phr n="&quot;%9.7f&quot;"><ent r="3" t="16" w="1523" /><ent r="3" t="16" w="1560" /></phr></stem><stem n="-&gt;"><phr n="-&gt;"><ent r="3" t="16" w="1526" /><ent r="3" t="16" w="1526" /><ent r="3" t="16" w="1537" /><ent r="3" t="16" w="1537" /><ent r="3" t="16" w="1564" /><ent r="3" t="16" w="1564" /><ent r="3" t="16" w="1576" /><ent r="3" t="16" w="1576" /><ent r="3" t="21" w="2532" /><ent r="3" t="21" w="2532" /><ent r="3" t="21" w="2537" /><ent r="3" t="21" w="2537" /><ent r="4" t="41" w="740" /><ent r="4" t="41" w="740" /><ent r="4" t="41" w="778" /><ent r="4" t="41" w="778" /><ent r="4" t="41" w="788" /><ent r="4" t="41" w="788" /><ent r="3" t="45" w="29" /><ent r="3" t="45" w="29" /><ent r="3" t="45" w="34" /><ent r="3" t="45" w="34" /></phr></stem><stem n="11"><phr n="11"><ent r="3" t="16" w="1532" /><ent r="3" t="16" w="1570" /><ent r="3" t="21" w="1707" /><ent r="3" t="25" w="1232" /><ent r="3" t="27" w="998" /><ent r="3" t="31" w="3474" /></phr></stem><stem n="11.7f"><phr n="11.7f"><ent r="3" t="16" w="1533" /><ent r="3" t="16" w="1532" /><ent r="3" t="16" w="1571" /><ent r="3" t="16" w="1570" /></phr></stem><stem n="&quot;%11.7f&quot;"><phr n="&quot;%11.7f&quot;"><ent r="3" t="16" w="1534" /><ent r="3" t="16" w="1572" /></phr></stem><stem n="__3.1415927"><phr n="__3.1415927"><ent r="3" t="16" w="1539" /></phr></stem><stem n="(also"><phr n="(also"><ent r="3" t="16" w="1540" /></phr></stem><stem n="*100}:"><phr n="*100}:"><ent r="3" t="16" w="1550" /><ent r="3" t="16" w="1562" /><ent r="3" t="16" w="1574" /></phr></stem><stem n="314"><phr n="314"><ent r="3" t="16" w="1550" /><ent r="3" t="16" w="1553" /><ent r="3" t="16" w="1562" /><ent r="3" t="16" w="1565" /><ent r="3" t="16" w="1574" /><ent r="3" t="16" w="1577" /></phr></stem><stem n=".1592650"><phr n=".1592650"><ent r="3" t="16" w="1551" /><ent r="3" t="16" w="1554" /><ent r="3" t="16" w="1563" /><ent r="3" t="16" w="1566" /><ent r="3" t="16" w="1575" /><ent r="3" t="16" w="1578" /></phr></stem><stem n="314.1592650"><phr n="314.1592650"><ent r="3" t="16" w="1551" /><ent r="3" t="16" w="1550" /><ent r="3" t="16" w="1554" /><ent r="3" t="16" w="1553" /><ent r="3" t="16" w="1563" /><ent r="3" t="16" w="1562" /><ent r="3" t="16" w="1566" /><ent r="3" t="16" w="1565" /><ent r="3" t="16" w="1575" /><ent r="3" t="16" w="1574" /><ent r="3" t="16" w="1578" /><ent r="3" t="16" w="1577" /></phr></stem><stem n="1592650"><phr n="1592650"><ent r="3" t="16" w="1551" /><ent r="3" t="16" w="1554" /><ent r="3" t="16" w="1563" /><ent r="3" t="16" w="1566" /><ent r="3" t="16" w="1575" /><ent r="3" t="16" w="1578" /></phr></stem><stem n="(no"><phr n="(no"><ent r="3" t="16" w="1579" /><ent r="3" t="24" w="101" /></phr><phr n="(No"><ent r="4" t="40" w="1153" /></phr></stem><stem n="{variablename:legend}"><phr n="{variablename:legend}"><ent r="83" t="16" w="1586" /><ent r="4" t="16" w="1604" /></phr></stem><stem n="{ipforwdatagrams:legend}"><phr n="{ipForwDatagrams:legend}"><ent r="3" t="16" w="1630" /></phr></stem><stem n="&quot;."><phr n="&quot;."><ent r="3" t="16" w="1637" /><ent r="3" t="18" w="64" /><ent r="3" t="31" w="3710" /><ent r="3" t="32" w="334" /><ent r="3" t="54" w="66" /></phr></stem><stem n="inth"><phr n="inthe"><ent r="3" t="16" w="1693" /></phr></stem><stem n="ifoperstatu"><phr n="ifOperStatus"><ent r="4" t="16" w="1719" /><ent r="3" t="23" w="319" /><ent r="4" t="23" w="842" /><ent r="3" t="23" w="1075" /><ent r="3" t="23" w="1078" /></phr></stem><stem n="1.3.6.1.2.1.2"><phr n="1.3.6.1.2.1.2"><ent r="3" t="16" w="1727" /><ent r="3" t="16" w="1721" /><ent r="3" t="23" w="495" /><ent r="3" t="23" w="489" /><ent r="3" t="23" w="521" /><ent r="3" t="23" w="515" /><ent r="3" t="39" w="506" /><ent r="3" t="39" w="500" /><ent r="3" t="39" w="518" /><ent r="3" t="39" w="512" /><ent r="3" t="39" w="549" /><ent r="3" t="39" w="543" /><ent r="3" t="40" w="454" /><ent r="3" t="40" w="448" /><ent r="3" t="40" w="571" /><ent r="3" t="40" w="565" /><ent r="3" t="40" w="615" /><ent r="3" t="40" w="609" /><ent r="3" t="40" w="1015" /><ent r="3" t="40" w="1009" /><ent r="3" t="40" w="1031" /><ent r="3" t="40" w="1025" /><ent r="3" t="40" w="1049" /><ent r="3" t="40" w="1043" /></phr></stem><stem n="1.3.6.1.2.1.2.2"><phr n="1.3.6.1.2.1.2.2"><ent r="3" t="16" w="1728" /><ent r="3" t="16" w="1721" /><ent r="3" t="23" w="496" /><ent r="3" t="23" w="489" /><ent r="3" t="23" w="522" /><ent r="3" t="23" w="515" /><ent r="3" t="39" w="507" /><ent r="3" t="39" w="500" /><ent r="3" t="39" w="519" /><ent r="3" t="39" w="512" /><ent r="3" t="39" w="550" /><ent r="3" t="39" w="543" /><ent r="3" t="40" w="455" /><ent r="3" t="40" w="448" /><ent r="3" t="40" w="572" /><ent r="3" t="40" w="565" /><ent r="3" t="40" w="616" /><ent r="3" t="40" w="609" /><ent r="3" t="40" w="1032" /><ent r="3" t="40" w="1025" /><ent r="3" t="40" w="1050" /><ent r="3" t="40" w="1043" /></phr></stem></index>