﻿<?xml version="1.0" encoding="utf-8"?><index><stem n="script"><phr n="scripts"><ent r="3" t="0" w="164" /><ent r="3" t="11" w="124" /><ent r="4" t="18" w="263" /><ent r="3" t="31" w="911" /><ent r="3" t="31" w="1147" /><ent r="3" t="31" w="3346" /><ent r="3" t="33" w="376" /><ent r="3" t="34" w="198" /><ent r="3" t="36" w="27" /><ent r="4" t="43" w="124" /><ent r="3" t="43" w="139" /><ent r="3" t="43" w="216" /><ent r="3" t="44" w="219" /><ent r="3" t="47" w="14" /><ent r="3" t="47" w="18" /><ent r="3" t="47" w="48" /><ent r="3" t="47" w="58" /><ent r="3" t="48" w="56" /><ent r="3" t="48" w="59" /><ent r="3" t="48" w="67" /></phr><phr n="Scripting"><ent r="64" t="3" w="363" /><ent r="64" t="4" w="227" /><ent r="3" t="30" w="34" /><ent r="100" t="31" w="75" /><ent r="3" t="31" w="90" /><ent r="64" t="43" w="209" /><ent r="1000" t="47" w="3" /><ent r="102" t="47" w="8" /><ent r="102" t="59" w="11" /><ent r="4" t="59" w="69" /></phr><phr n="script"><ent r="3" t="3" w="378" /><ent r="64" t="4" w="297" /><ent r="100" t="5" w="121" /><ent r="8" t="5" w="124" /><ent r="8" t="5" w="161" /><ent r="3" t="5" w="711" /><ent r="3" t="5" w="717" /><ent r="100" t="5" w="1103" /><ent r="5" t="5" w="1108" /><ent r="3" t="7" w="551" /><ent r="3" t="8" w="317" /><ent r="3" t="11" w="34" /><ent r="3" t="11" w="51" /><ent r="3" t="11" w="55" /><ent r="3" t="11" w="75" /><ent r="4" t="11" w="79" /><ent r="3" t="11" w="87" /><ent r="3" t="11" w="97" /><ent r="3" t="11" w="108" /><ent r="5" t="14" w="385" /><ent r="3" t="14" w="787" /><ent r="5" t="14" w="972" /><ent r="3" t="14" w="1365" /><ent r="3" t="14" w="1942" /><ent r="3" t="14" w="1958" /><ent r="3" t="18" w="725" /><ent r="3" t="29" w="23" /><ent r="3" t="30" w="43" /><ent r="3" t="30" w="71" /><ent r="3" t="30" w="268" /><ent r="3" t="30" w="403" /><ent r="3" t="30" w="984" /><ent r="4" t="30" w="1071" /><ent r="4" t="30" w="1074" /><ent r="3" t="30" w="1094" /><ent r="3" t="30" w="1105" /><ent r="3" t="30" w="1236" /><ent r="5" t="30" w="1531" /><ent r="3" t="30" w="1670" /><ent r="3" t="30" w="1688" /><ent r="3" t="30" w="1715" /><ent r="3" t="30" w="1724" /><ent r="3" t="30" w="1748" /><ent r="3" t="30" w="1779" /><ent r="3" t="30" w="1794" /><ent r="3" t="30" w="1833" /><ent r="4" t="30" w="1843" /><ent r="3" t="31" w="99" /><ent r="4" t="31" w="400" /><ent r="92" t="31" w="449" /><ent r="3" t="31" w="462" /><ent r="4" t="31" w="490" /><ent r="4" t="31" w="502" /><ent r="4" t="31" w="671" /><ent r="3" t="31" w="896" /><ent r="4" t="31" w="981" /><ent r="3" t="31" w="985" /><ent r="3" t="31" w="1089" /><ent r="3" t="31" w="1126" /><ent r="3" t="31" w="1157" /><ent r="3" t="31" w="1189" /><ent r="3" t="31" w="1333" /><ent r="3" t="31" w="1342" /><ent r="5" t="31" w="1365" /><ent r="4" t="31" w="1423" /><ent r="4" t="31" w="1438" /><ent r="3" t="31" w="1540" /><ent r="3" t="31" w="1567" /><ent r="3" t="31" w="1626" /><ent r="3" t="31" w="1670" /><ent r="3" t="31" w="1699" /><ent r="4" t="31" w="1716" /><ent r="3" t="31" w="1912" /><ent r="3" t="31" w="2011" /><ent r="3" t="31" w="2017" /><ent r="3" t="31" w="2035" /><ent r="4" t="31" w="2162" /><ent r="3" t="31" w="2445" /><ent r="3" t="31" w="2473" /><ent r="3" t="31" w="2808" /><ent r="3" t="31" w="2838" /><ent r="3" t="31" w="2859" /><ent r="3" t="31" w="2887" /><ent r="3" t="31" w="2897" /><ent r="3" t="31" w="2996" /><ent r="4" t="31" w="3030" /><ent r="3" t="31" w="3246" /><ent r="3" t="31" w="3262" /><ent r="3" t="31" w="3311" /><ent r="3" t="31" w="3330" /><ent r="3" t="31" w="3641" /><ent r="3" t="31" w="3663" /><ent r="3" t="31" w="3703" /><ent r="3" t="31" w="3752" /><ent r="3" t="31" w="3766" /><ent r="3" t="31" w="3803" /><ent r="3" t="31" w="3918" /><ent r="3" t="31" w="3934" /><ent r="3" t="31" w="4076" /><ent r="3" t="31" w="4114" /><ent r="3" t="31" w="4125" /><ent r="100" t="32" w="47" /><ent r="100" t="32" w="51" /><ent r="100" t="32" w="55" /><ent r="3" t="32" w="80" /><ent r="100" t="32" w="123" /><ent r="3" t="32" w="127" /><ent r="3" t="32" w="629" /><ent r="3" t="33" w="60" /><ent r="100" t="33" w="91" /><ent r="100" t="33" w="97" /><ent r="100" t="33" w="100" /><ent r="3" t="33" w="121" /><ent r="3" t="33" w="148" /><ent r="3" t="33" w="160" /><ent r="3" t="33" w="316" /><ent r="3" t="33" w="325" /><ent r="3" t="33" w="344" /><ent r="3" t="33" w="359" /><ent r="3" t="33" w="398" /><ent r="3" t="33" w="425" /><ent r="3" t="33" w="437" /><ent r="3" t="33" w="447" /><ent r="4" t="33" w="487" /><ent r="4" t="33" w="507" /><ent r="4" t="33" w="554" /><ent r="4" t="33" w="574" /><ent r="3" t="33" w="598" /><ent r="4" t="33" w="685" /><ent r="3" t="33" w="1461" /><ent r="3" t="34" w="9" /><ent r="3" t="34" w="21" /><ent r="3" t="34" w="34" /><ent r="3" t="34" w="45" /><ent r="3" t="34" w="76" /><ent r="3" t="34" w="131" /><ent r="3" t="34" w="159" /><ent r="3" t="34" w="447" /><ent r="3" t="34" w="455" /><ent r="3" t="34" w="701" /><ent r="3" t="34" w="709" /><ent r="3" t="35" w="14" /><ent r="3" t="35" w="55" /><ent r="3" t="35" w="141" /><ent r="6" t="36" w="119" /><ent r="6" t="36" w="134" /><ent r="4" t="36" w="183" /><ent r="3" t="36" w="198" /><ent r="3" t="36" w="226" /><ent r="3" t="36" w="306" /><ent r="3" t="36" w="436" /><ent r="3" t="36" w="439" /><ent r="5" t="42" w="200" /><ent r="3" t="42" w="219" /><ent r="3" t="43" w="152" /><ent r="5" t="47" w="33" /><ent r="3" t="47" w="111" /><ent r="3" t="47" w="144" /><ent r="82" t="47" w="156" /><ent r="3" t="47" w="161" /><ent r="3" t="47" w="185" /><ent r="72" t="47" w="199" /><ent r="72" t="47" w="274" /><ent r="3" t="47" w="528" /></phr><phr n="scripting"><ent r="5" t="4" w="235" /><ent r="3" t="43" w="136" /><ent r="3" t="59" w="64" /></phr><phr n="Script"><ent r="64" t="11" w="22" /><ent r="1000" t="30" w="2" /><ent r="100" t="30" w="10" /><ent r="100" t="30" w="15" /><ent r="102" t="30" w="20" /><ent r="100" t="30" w="83" /><ent r="65" t="30" w="87" /><ent r="100" t="30" w="91" /><ent r="65" t="30" w="95" /><ent r="100" t="30" w="155" /><ent r="100" t="30" w="158" /><ent r="100" t="30" w="165" /><ent r="65" t="30" w="169" /><ent r="92" t="30" w="185" /><ent r="92" t="30" w="263" /><ent r="100" t="30" w="1032" /><ent r="82" t="30" w="1038" /><ent r="92" t="30" w="1664" /><ent r="92" t="30" w="1822" /><ent r="100" t="31" w="72" /><ent r="64" t="31" w="120" /><ent r="92" t="31" w="3388" /><ent r="82" t="31" w="3616" /><ent r="92" t="33" w="388" /><ent r="3" t="34" w="357" /><ent r="3" t="34" w="403" /><ent r="3" t="34" w="416" /><ent r="3" t="34" w="423" /><ent r="3" t="34" w="442" /><ent r="3" t="34" w="551" /><ent r="3" t="34" w="611" /><ent r="3" t="34" w="657" /><ent r="3" t="34" w="670" /><ent r="3" t="34" w="677" /><ent r="3" t="34" w="696" /><ent r="3" t="34" w="805" /><ent r="65" t="36" w="173" /><ent r="100" t="42" w="203" /><ent r="92" t="42" w="207" /></phr><phr n="Scripts"><ent r="64" t="11" w="148" /><ent r="64" t="33" w="383" /><ent r="1000" t="34" w="2" /><ent r="102" t="34" w="5" /></phr></stem><stem n="web"><phr n="Web"><ent r="64" t="0" w="167" /><ent r="3" t="0" w="189" /><ent r="3" t="1" w="739" /><ent r="5" t="13" w="411" /><ent r="4" t="44" w="42" /><ent r="6" t="44" w="302" /><ent r="6" t="47" w="447" /><ent r="3" t="47" w="639" /><ent r="1000" t="50" w="2" /><ent r="100" t="50" w="5" /><ent r="100" t="50" w="8" /><ent r="100" t="50" w="15" /><ent r="102" t="50" w="19" /><ent r="100" t="50" w="22" /><ent r="3" t="50" w="82" /><ent r="66" t="50" w="229" /><ent r="100" t="50" w="286" /><ent r="100" t="50" w="291" /><ent r="100" t="50" w="296" /><ent r="92" t="50" w="303" /><ent r="4" t="50" w="329" /><ent r="6" t="50" w="361" /><ent r="4" t="50" w="365" /><ent r="4" t="50" w="376" /><ent r="3" t="56" w="10" /><ent r="100" t="56" w="21" /><ent r="100" t="56" w="24" /><ent r="4" t="56" w="27" /><ent r="100" t="56" w="42" /><ent r="4" t="56" w="70" /><ent r="4" t="56" w="84" /><ent r="100" t="56" w="287" /><ent r="92" t="56" w="293" /><ent r="100" t="56" w="300" /><ent r="3" t="56" w="304" /><ent r="100" t="57" w="12" /><ent r="100" t="57" w="62" /><ent r="100" t="57" w="65" /><ent r="4" t="57" w="68" /></phr><phr n="web"><ent r="3" t="0" w="181" /><ent r="3" t="3" w="60" /><ent r="6" t="5" w="603" /><ent r="3" t="21" w="2934" /><ent r="3" t="29" w="72" /><ent r="4" t="31" w="1803" /><ent r="3" t="35" w="227" /><ent r="3" t="37" w="712" /><ent r="4" t="46" w="84" /><ent r="3" t="47" w="231" /><ent r="3" t="47" w="609" /><ent r="3" t="50" w="32" /><ent r="3" t="50" w="40" /><ent r="3" t="50" w="66" /><ent r="3" t="50" w="73" /><ent r="3" t="50" w="87" /><ent r="3" t="50" w="131" /><ent r="3" t="50" w="145" /><ent r="3" t="50" w="150" /><ent r="4" t="50" w="178" /><ent r="4" t="50" w="192" /><ent r="4" t="50" w="239" /><ent r="4" t="50" w="380" /><ent r="3" t="51" w="16" /><ent r="4" t="51" w="129" /><ent r="4" t="51" w="151" /><ent r="3" t="51" w="215" /><ent r="4" t="51" w="307" /><ent r="3" t="51" w="385" /><ent r="3" t="51" w="485" /><ent r="3" t="52" w="14" /><ent r="3" t="52" w="49" /><ent r="3" t="53" w="18" /><ent r="6" t="53" w="205" /><ent r="7" t="53" w="404" /><ent r="7" t="53" w="425" /><ent r="7" t="53" w="490" /><ent r="6" t="53" w="710" /><ent r="6" t="53" w="719" /><ent r="6" t="53" w="726" /><ent r="6" t="53" w="737" /><ent r="6" t="53" w="780" /><ent r="65" t="55" w="78" /><ent r="5" t="55" w="153" /><ent r="93" t="55" w="172" /><ent r="6" t="55" w="531" /><ent r="6" t="55" w="582" /><ent r="5" t="55" w="642" /><ent r="6" t="55" w="706" /><ent r="5" t="55" w="818" /><ent r="5" t="55" w="1245" /><ent r="3" t="55" w="1281" /><ent r="3" t="55" w="1288" /><ent r="5" t="55" w="1324" /><ent r="5" t="55" w="1356" /><ent r="5" t="55" w="1483" /><ent r="5" t="55" w="1943" /><ent r="5" t="55" w="1953" /><ent r="3" t="56" w="55" /><ent r="3" t="56" w="136" /><ent r="3" t="56" w="178" /><ent r="3" t="56" w="186" /><ent r="3" t="56" w="227" /><ent r="3" t="56" w="316" /><ent r="3" t="58" w="21" /></phr></stem><stem n="page"><phr n="Pages"><ent r="64" t="0" w="168" /><ent r="4" t="44" w="43" /><ent r="6" t="44" w="303" /><ent r="6" t="47" w="448" /><ent r="3" t="47" w="640" /><ent r="1000" t="50" w="3" /><ent r="100" t="50" w="6" /><ent r="100" t="50" w="9" /><ent r="100" t="50" w="16" /><ent r="102" t="50" w="20" /><ent r="3" t="50" w="83" /><ent r="100" t="56" w="22" /><ent r="100" t="56" w="25" /><ent r="4" t="56" w="28" /><ent r="100" t="56" w="43" /><ent r="4" t="56" w="71" /><ent r="4" t="56" w="85" /><ent r="100" t="57" w="13" /><ent r="100" t="57" w="63" /><ent r="100" t="57" w="66" /><ent r="4" t="57" w="69" /></phr><phr n="pages"><ent r="3" t="0" w="182" /><ent r="4" t="31" w="1804" /><ent r="3" t="50" w="41" /><ent r="3" t="50" w="51" /><ent r="3" t="50" w="62" /><ent r="3" t="50" w="76" /><ent r="3" t="50" w="146" /><ent r="4" t="50" w="163" /><ent r="4" t="50" w="179" /><ent r="4" t="50" w="193" /><ent r="4" t="50" w="206" /><ent r="4" t="50" w="240" /><ent r="4" t="50" w="381" /><ent r="3" t="52" w="15" /><ent r="3" t="52" w="34" /><ent r="3" t="53" w="52" /><ent r="6" t="53" w="159" /><ent r="6" t="53" w="324" /><ent r="6" t="53" w="623" /><ent r="6" t="53" w="711" /><ent r="6" t="53" w="727" /><ent r="6" t="53" w="738" /><ent r="3" t="54" w="192" /><ent r="3" t="56" w="103" /><ent r="3" t="56" w="119" /><ent r="3" t="56" w="127" /></phr><phr n="page"><ent r="4" t="7" w="612" /><ent r="4" t="7" w="651" /><ent r="3" t="12" w="116" /><ent r="4" t="12" w="211" /><ent r="4" t="19" w="443" /><ent r="4" t="19" w="836" /><ent r="4" t="23" w="780" /><ent r="3" t="23" w="899" /><ent r="3" t="23" w="1530" /><ent r="3" t="28" w="36" /><ent r="64" t="33" w="302" /><ent r="3" t="38" w="465" /><ent r="3" t="50" w="33" /><ent r="3" t="51" w="17" /><ent r="3" t="51" w="44" /><ent r="3" t="51" w="59" /><ent r="4" t="51" w="81" /><ent r="4" t="51" w="102" /><ent r="4" t="51" w="130" /><ent r="4" t="51" w="152" /><ent r="3" t="51" w="204" /><ent r="3" t="51" w="216" /><ent r="3" t="51" w="218" /><ent r="3" t="51" w="226" /><ent r="3" t="51" w="239" /><ent r="4" t="51" w="285" /><ent r="4" t="51" w="308" /><ent r="4" t="51" w="328" /><ent r="4" t="51" w="342" /><ent r="4" t="51" w="358" /><ent r="3" t="51" w="369" /><ent r="3" t="51" w="386" /><ent r="3" t="51" w="401" /><ent r="3" t="51" w="415" /><ent r="4" t="51" w="555" /><ent r="3" t="52" w="50" /><ent r="3" t="52" w="69" /><ent r="3" t="53" w="25" /><ent r="6" t="53" w="108" /><ent r="6" t="53" w="133" /><ent r="6" t="53" w="144" /><ent r="6" t="53" w="206" /><ent r="6" t="53" w="232" /><ent r="6" t="53" w="684" /><ent r="6" t="53" w="694" /><ent r="6" t="53" w="763" /><ent r="6" t="53" w="781" /><ent r="3" t="54" w="19" /><ent r="3" t="54" w="23" /><ent r="3" t="54" w="45" /><ent r="3" t="54" w="142" /><ent r="3" t="54" w="174" /><ent r="3" t="55" w="56" /><ent r="65" t="55" w="79" /><ent r="65" t="55" w="95" /><ent r="65" t="55" w="103" /><ent r="5" t="55" w="154" /><ent r="93" t="55" w="173" /><ent r="3" t="55" w="193" /><ent r="3" t="55" w="201" /><ent r="3" t="55" w="223" /><ent r="6" t="55" w="532" /><ent r="6" t="55" w="583" /><ent r="6" t="55" w="592" /><ent r="5" t="55" w="643" /><ent r="5" t="55" w="660" /><ent r="5" t="55" w="917" /><ent r="5" t="55" w="928" /><ent r="93" t="55" w="1131" /><ent r="6" t="55" w="1157" /><ent r="93" t="55" w="1276" /><ent r="3" t="55" w="1289" /><ent r="3" t="55" w="1299" /><ent r="5" t="55" w="1343" /><ent r="5" t="55" w="1484" /><ent r="5" t="55" w="1525" /><ent r="5" t="55" w="1548" /><ent r="5" t="55" w="1568" /><ent r="5" t="55" w="1587" /><ent r="5" t="55" w="1845" /><ent r="5" t="55" w="1872" /><ent r="5" t="55" w="1954" /><ent r="3" t="56" w="317" /><ent r="3" t="56" w="406" /><ent r="3" t="56" w="418" /></phr><phr n="paging"><ent r="4" t="18" w="257" /><ent r="3" t="18" w="721" /></phr><phr n="Page"><ent r="100" t="50" w="287" /><ent r="100" t="50" w="292" /><ent r="100" t="50" w="297" /><ent r="92" t="50" w="304" /><ent r="4" t="50" w="330" /><ent r="100" t="53" w="115" /><ent r="7" t="53" w="122" /><ent r="7" t="53" w="217" /><ent r="100" t="54" w="35" /><ent r="4" t="54" w="38" /><ent r="3" t="54" w="65" /><ent r="100" t="56" w="288" /><ent r="92" t="56" w="294" /><ent r="100" t="56" w="301" /><ent r="3" t="56" w="305" /></phr></stem><stem n="tell"><phr n="Tells"><ent r="3" t="0" w="170" /></phr><phr n="tells"><ent r="6" t="5" w="886" /></phr></stem><stem n="chang"><phr n="change"><ent r="3" t="0" w="174" /><ent r="3" t="10" w="144" /><ent r="3" t="18" w="788" /><ent r="4" t="47" w="182" /><ent r="3" t="53" w="49" /><ent r="7" t="53" w="431" /></phr><phr n="changes"><ent r="6" t="5" w="1080" /><ent r="3" t="18" w="226" /><ent r="3" t="18" w="802" /><ent r="3" t="31" w="914" /><ent r="3" t="37" w="756" /><ent r="3" t="50" w="308" /></phr><phr n="changed"><ent r="3" t="17" w="84" /><ent r="4" t="19" w="850" /><ent r="5" t="37" w="844" /><ent r="4" t="50" w="379" /></phr><phr n="Changed"><ent r="3" t="27" w="62" /><ent r="3" t="27" w="92" /><ent r="3" t="27" w="104" /><ent r="100" t="50" w="285" /><ent r="100" t="50" w="290" /><ent r="100" t="50" w="295" /><ent r="92" t="50" w="302" /></phr><phr n="Changes"><ent r="82" t="37" w="733" /></phr><phr n="changing"><ent r="7" t="53" w="452" /></phr></stem><stem n="look"><phr n="look"><ent r="3" t="0" w="176" /><ent r="3" t="0" w="197" /><ent r="3" t="14" w="2047" /><ent r="3" t="18" w="529" /><ent r="3" t="25" w="1495" /><ent r="6" t="33" w="975" /><ent r="4" t="33" w="1277" /><ent r="3" t="36" w="200" /><ent r="3" t="39" w="319" /><ent r="3" t="39" w="476" /><ent r="3" t="44" w="401" /><ent r="3" t="47" w="71" /><ent r="3" t="52" w="20" /></phr><phr n="Looking"><ent r="3" t="20" w="237" /></phr><phr n="looks"><ent r="3" t="23" w="294" /><ent r="3" t="31" w="3919" /><ent r="3" t="36" w="307" /></phr><phr n="looked"><ent r="3" t="31" w="2078" /></phr><phr n="Look"><ent r="3" t="39" w="403" /><ent r="4" t="46" w="81" /></phr></stem><stem n="function"><phr n="function"><ent r="3" t="0" w="178" /><ent r="3" t="4" w="161" /><ent r="4" t="16" w="1462" /><ent r="3" t="21" w="877" /><ent r="3" t="21" w="1677" /><ent r="3" t="21" w="1684" /><ent r="3" t="21" w="1755" /><ent r="3" t="21" w="1764" /><ent r="4" t="21" w="2149" /><ent r="4" t="21" w="2336" /><ent r="3" t="21" w="2549" /><ent r="3" t="31" w="3798" /><ent r="3" t="39" w="167" /></phr><phr n="functions"><ent r="3" t="14" w="1429" /><ent r="3" t="14" w="1454" /><ent r="6" t="16" w="368" /><ent r="100" t="21" w="179" /><ent r="4" t="21" w="184" /><ent r="4" t="21" w="208" /><ent r="4" t="21" w="217" /><ent r="3" t="45" w="17" /><ent r="3" t="59" w="36" /></phr><phr n="Functions"><ent r="100" t="21" w="174" /><ent r="100" t="21" w="200" /><ent r="100" t="21" w="392" /><ent r="92" t="21" w="397" /><ent r="100" t="21" w="652" /><ent r="92" t="21" w="657" /></phr><phr n="FUNCTION"><ent r="100" t="21" w="176" /><ent r="3" t="21" w="843" /><ent r="3" t="21" w="901" /><ent r="3" t="21" w="909" /><ent r="3" t="21" w="955" /><ent r="3" t="21" w="996" /><ent r="3" t="21" w="1456" /><ent r="3" t="21" w="1726" /><ent r="3" t="21" w="1787" /><ent r="3" t="21" w="1996" /><ent r="100" t="21" w="2008" /><ent r="3" t="21" w="2011" /><ent r="3" t="21" w="2192" /></phr><phr n="Function"><ent r="100" t="21" w="835" /><ent r="92" t="21" w="838" /></phr><phr n="functioning"><ent r="3" t="25" w="1381" /></phr></stem><stem n="avail"><phr n="available"><ent r="3" t="0" w="183" /><ent r="3" t="1" w="187" /><ent r="3" t="3" w="483" /><ent r="3" t="8" w="163" /><ent r="3" t="8" w="391" /><ent r="3" t="14" w="21" /><ent r="3" t="14" w="32" /><ent r="3" t="14" w="80" /><ent r="3" t="14" w="106" /><ent r="5" t="14" w="232" /><ent r="3" t="14" w="276" /><ent r="3" t="14" w="426" /><ent r="3" t="14" w="780" /><ent r="3" t="14" w="1152" /><ent r="3" t="14" w="1368" /><ent r="6" t="16" w="373" /><ent r="6" t="16" w="789" /><ent r="3" t="21" w="2931" /><ent r="3" t="23" w="874" /><ent r="3" t="23" w="894" /><ent r="3" t="24" w="31" /><ent r="3" t="25" w="950" /><ent r="3" t="25" w="1100" /><ent r="4" t="33" w="755" /><ent r="3" t="36" w="76" /><ent r="3" t="37" w="57" /><ent r="3" t="38" w="90" /><ent r="3" t="40" w="642" /><ent r="4" t="43" w="93" /><ent r="3" t="44" w="71" /><ent r="3" t="44" w="386" /><ent r="3" t="45" w="41" /><ent r="3" t="45" w="378" /><ent r="3" t="47" w="16" /><ent r="4" t="47" w="368" /><ent r="3" t="48" w="81" /><ent r="3" t="49" w="20" /><ent r="3" t="49" w="38" /><ent r="4" t="50" w="242" /><ent r="5" t="55" w="476" /><ent r="5" t="55" w="617" /></phr><phr n="Available"><ent r="5" t="13" w="482" /><ent r="5" t="13" w="513" /><ent r="5" t="13" w="542" /></phr><phr n="availability"><ent r="3" t="21" w="54" /></phr></stem><stem n="-in"><phr n="-in"><ent r="3" t="0" w="187" /><ent r="3" t="0" w="187" /><ent r="3" t="3" w="43" /><ent r="3" t="3" w="43" /><ent r="3" t="3" w="71" /><ent r="3" t="3" w="71" /><ent r="3" t="3" w="151" /><ent r="3" t="3" w="151" /><ent r="4" t="6" w="106" /><ent r="4" t="6" w="106" /><ent r="3" t="6" w="148" /><ent r="3" t="6" w="148" /><ent r="3" t="12" w="102" /><ent r="3" t="12" w="102" /><ent r="3" t="12" w="122" /><ent r="3" t="12" w="122" /><ent r="3" t="13" w="15" /><ent r="3" t="13" w="15" /><ent r="1000" t="14" w="1" /><ent r="1000" t="14" w="1" /><ent r="102" t="14" w="7" /><ent r="102" t="14" w="7" /><ent r="3" t="14" w="18" /><ent r="3" t="14" w="18" /><ent r="3" t="14" w="1452" /><ent r="3" t="14" w="1452" /><ent r="3" t="15" w="62" /><ent r="3" t="15" w="62" /><ent r="4" t="15" w="146" /><ent r="4" t="15" w="146" /><ent r="92" t="16" w="1181" /><ent r="92" t="16" w="1181" /><ent r="3" t="16" w="1190" /><ent r="3" t="16" w="1190" /><ent r="64" t="16" w="1199" /><ent r="64" t="16" w="1199" /><ent r="64" t="16" w="1695" /><ent r="64" t="16" w="1695" /><ent r="4" t="21" w="206" /><ent r="4" t="21" w="206" /><ent r="100" t="21" w="389" /><ent r="100" t="21" w="389" /><ent r="92" t="21" w="394" /><ent r="92" t="21" w="394" /><ent r="100" t="21" w="649" /><ent r="100" t="21" w="649" /><ent r="92" t="21" w="654" /><ent r="92" t="21" w="654" /><ent r="65" t="30" w="1301" /><ent r="65" t="30" w="1301" /><ent r="100" t="30" w="1328" /><ent r="100" t="30" w="1328" /><ent r="82" t="30" w="1332" /><ent r="82" t="30" w="1332" /><ent r="3" t="30" w="1341" /><ent r="3" t="30" w="1341" /><ent r="64" t="30" w="1348" /><ent r="64" t="30" w="1348" /><ent r="4" t="30" w="1371" /><ent r="4" t="30" w="1371" /><ent r="100" t="30" w="1579" /><ent r="100" t="30" w="1579" /><ent r="82" t="30" w="1583" /><ent r="82" t="30" w="1583" /><ent r="3" t="30" w="1602" /><ent r="3" t="30" w="1602" /><ent r="100" t="35" w="79" /><ent r="100" t="35" w="79" /><ent r="3" t="38" w="103" /><ent r="3" t="38" w="103" /><ent r="3" t="38" w="120" /><ent r="3" t="38" w="120" /><ent r="3" t="38" w="145" /><ent r="3" t="38" w="145" /><ent r="3" t="38" w="181" /><ent r="3" t="38" w="181" /><ent r="3" t="41" w="516" /><ent r="3" t="41" w="516" /><ent r="3" t="50" w="71" /><ent r="3" t="50" w="71" /><ent r="100" t="51" w="506" /><ent r="100" t="51" w="506" /><ent r="92" t="51" w="511" /><ent r="92" t="51" w="511" /><ent r="3" t="51" w="521" /><ent r="3" t="51" w="521" /><ent r="3" t="51" w="541" /><ent r="3" t="51" w="541" /><ent r="7" t="53" w="442" /><ent r="7" t="53" w="442" /><ent r="7" t="53" w="476" /><ent r="7" t="53" w="476" /><ent r="7" t="53" w="501" /><ent r="7" t="53" w="501" /></phr></stem><stem n="built"><phr n="built"><ent r="3" t="0" w="187" /><ent r="3" t="3" w="43" /><ent r="3" t="3" w="71" /><ent r="3" t="3" w="151" /><ent r="3" t="4" w="371" /><ent r="4" t="6" w="106" /><ent r="3" t="6" w="148" /><ent r="3" t="12" w="102" /><ent r="3" t="12" w="122" /><ent r="3" t="13" w="15" /><ent r="5" t="13" w="605" /><ent r="3" t="14" w="18" /><ent r="3" t="14" w="1452" /><ent r="3" t="15" w="62" /><ent r="4" t="15" w="146" /><ent r="3" t="16" w="1190" /><ent r="4" t="21" w="206" /><ent r="3" t="23" w="885" /><ent r="3" t="30" w="1341" /><ent r="4" t="30" w="1371" /><ent r="3" t="30" w="1602" /><ent r="3" t="38" w="120" /><ent r="3" t="38" w="145" /><ent r="3" t="38" w="181" /><ent r="3" t="41" w="516" /><ent r="3" t="50" w="71" /><ent r="3" t="51" w="521" /><ent r="3" t="51" w="541" /><ent r="7" t="53" w="442" /><ent r="7" t="53" w="476" /><ent r="7" t="53" w="501" /></phr><phr n="Built"><ent r="1000" t="14" w="1" /><ent r="102" t="14" w="7" /><ent r="92" t="16" w="1181" /><ent r="64" t="16" w="1199" /><ent r="64" t="16" w="1695" /><ent r="100" t="21" w="389" /><ent r="92" t="21" w="394" /><ent r="100" t="21" w="649" /><ent r="92" t="21" w="654" /><ent r="65" t="30" w="1301" /><ent r="100" t="30" w="1328" /><ent r="82" t="30" w="1332" /><ent r="64" t="30" w="1348" /><ent r="100" t="30" w="1579" /><ent r="82" t="30" w="1583" /><ent r="3" t="38" w="103" /><ent r="100" t="51" w="506" /><ent r="92" t="51" w="511" /></phr></stem><stem n="built-in"><phr n="built-in"><ent r="3" t="0" w="187" /><ent r="3" t="3" w="43" /><ent r="3" t="3" w="71" /><ent r="3" t="3" w="151" /><ent r="4" t="6" w="106" /><ent r="3" t="6" w="148" /><ent r="3" t="12" w="102" /><ent r="3" t="12" w="122" /><ent r="3" t="13" w="15" /><ent r="5" t="13" w="605" /><ent r="3" t="14" w="18" /><ent r="3" t="14" w="1452" /><ent r="3" t="15" w="62" /><ent r="4" t="15" w="146" /><ent r="3" t="16" w="1190" /><ent r="4" t="21" w="206" /><ent r="3" t="30" w="1341" /><ent r="4" t="30" w="1371" /><ent r="3" t="30" w="1602" /><ent r="3" t="38" w="120" /><ent r="3" t="38" w="145" /><ent r="3" t="38" w="181" /><ent r="3" t="41" w="516" /><ent r="3" t="50" w="71" /><ent r="3" t="51" w="521" /><ent r="3" t="51" w="541" /><ent r="7" t="53" w="442" /><ent r="7" t="53" w="476" /><ent r="7" t="53" w="501" /></phr><phr n="Built-in"><ent r="1000" t="14" w="1" /><ent r="102" t="14" w="7" /><ent r="92" t="16" w="1181" /><ent r="64" t="16" w="1199" /><ent r="64" t="16" w="1695" /><ent r="100" t="21" w="389" /><ent r="92" t="21" w="394" /><ent r="100" t="21" w="649" /><ent r="92" t="21" w="654" /><ent r="65" t="30" w="1301" /><ent r="100" t="30" w="1328" /><ent r="82" t="30" w="1332" /><ent r="64" t="30" w="1348" /><ent r="100" t="30" w="1579" /><ent r="82" t="30" w="1583" /><ent r="3" t="38" w="103" /><ent r="100" t="51" w="506" /><ent r="92" t="51" w="511" /></phr></stem><stem n="retriev"><phr n="Retrieving"><ent r="64" t="0" w="192" /><ent r="102" t="48" w="5" /></phr><phr n="retrieved"><ent r="3" t="10" w="185" /><ent r="3" t="15" w="517" /><ent r="3" t="16" w="71" /><ent r="3" t="16" w="119" /><ent r="3" t="21" w="42" /><ent r="3" t="21" w="2647" /><ent r="3" t="23" w="429" /></phr><phr n="retrieve"><ent r="3" t="15" w="467" /><ent r="3" t="16" w="21" /><ent r="3" t="16" w="1771" /><ent r="3" t="23" w="26" /><ent r="3" t="23" w="435" /><ent r="3" t="23" w="1324" /><ent r="2" t="23" w="1386" /><ent r="3" t="24" w="678" /><ent r="3" t="24" w="1101" /><ent r="3" t="25" w="491" /><ent r="3" t="39" w="214" /><ent r="3" t="39" w="569" /><ent r="3" t="44" w="111" /><ent r="3" t="44" w="124" /></phr><phr n="retrieves"><ent r="6" t="16" w="427" /><ent r="3" t="23" w="49" /><ent r="3" t="46" w="167" /><ent r="3" t="48" w="19" /><ent r="6" t="55" w="2018" /></phr><phr n="retrieving"><ent r="3" t="21" w="2581" /><ent r="3" t="23" w="1243" /><ent r="3" t="43" w="16" /></phr><phr n="Retrieve"><ent r="4" t="21" w="2719" /></phr></stem><stem n="collect"><phr n="Collected"><ent r="64" t="0" w="193" /><ent r="102" t="48" w="6" /></phr><phr n="collected"><ent r="3" t="12" w="12" /><ent r="4" t="12" w="258" /></phr><phr n="collect"><ent r="4" t="15" w="342" /><ent r="3" t="23" w="1221" /><ent r="3" t="23" w="1233" /><ent r="3" t="24" w="1125" /><ent r="3" t="24" w="1140" /></phr></stem><stem n="databas"><phr n="Database"><ent r="3" t="0" w="201" /><ent r="3" t="12" w="29" /><ent r="4" t="41" w="787" /><ent r="4" t="41" w="790" /><ent r="102" t="48" w="10" /><ent r="3" t="48" w="13" /><ent r="1000" t="49" w="2" /><ent r="102" t="49" w="6" /><ent r="3" t="49" w="18" /><ent r="64" t="49" w="27" /></phr><phr n="database"><ent r="3" t="3" w="63" /><ent r="4" t="40" w="734" /><ent r="3" t="41" w="62" /><ent r="3" t="41" w="73" /><ent r="3" t="41" w="86" /><ent r="3" t="41" w="118" /><ent r="3" t="41" w="129" /><ent r="3" t="41" w="217" /><ent r="3" t="41" w="527" /><ent r="3" t="41" w="707" /><ent r="4" t="41" w="799" /><ent r="3" t="48" w="17" /></phr></stem><stem n="link"><phr n="links"><ent r="3" t="0" w="203" /><ent r="6" t="5" w="825" /><ent r="4" t="7" w="116" /><ent r="4" t="7" w="119" /><ent r="4" t="15" w="400" /><ent r="66" t="50" w="196" /><ent r="4" t="50" w="203" /><ent r="3" t="51" w="481" /><ent r="3" t="52" w="60" /><ent r="6" t="53" w="156" /><ent r="3" t="54" w="189" /><ent r="65" t="55" w="111" /><ent r="5" t="55" w="256" /><ent r="5" t="55" w="275" /><ent r="5" t="55" w="356" /><ent r="93" t="55" w="1395" /></phr><phr n="link"><ent r="6" t="5" w="1066" /><ent r="3" t="7" w="92" /><ent r="6" t="7" w="412" /><ent r="82" t="7" w="542" /><ent r="3" t="7" w="557" /><ent r="4" t="7" w="583" /><ent r="4" t="7" w="609" /><ent r="4" t="7" w="619" /><ent r="3" t="19" w="561" /><ent r="4" t="19" w="766" /><ent r="4" t="19" w="803" /><ent r="3" t="23" w="1470" /><ent r="3" t="31" w="3321" /><ent r="4" t="37" w="269" /><ent r="4" t="51" w="99" /><ent r="4" t="51" w="132" /><ent r="3" t="51" w="365" /><ent r="3" t="51" w="398" /><ent r="5" t="51" w="610" /><ent r="4" t="51" w="619" /><ent r="6" t="53" w="243" /><ent r="6" t="53" w="786" /><ent r="6" t="53" w="813" /><ent r="3" t="54" w="16" /><ent r="3" t="54" w="42" /><ent r="3" t="54" w="217" /><ent r="4" t="54" w="231" /><ent r="5" t="55" w="1552" /><ent r="6" t="55" w="2081" /></phr><phr n="Link"><ent r="7" t="7" w="534" /><ent r="7" t="7" w="538" /><ent r="4" t="7" w="633" /><ent r="3" t="23" w="311" /><ent r="3" t="23" w="314" /><ent r="3" t="23" w="1044" /><ent r="3" t="23" w="1053" /><ent r="100" t="37" w="259" /><ent r="100" t="51" w="607" /><ent r="100" t="54" w="7" /><ent r="100" t="54" w="116" /><ent r="92" t="54" w="125" /></phr><phr n="Links"><ent r="5" t="13" w="354" /><ent r="5" t="13" w="361" /><ent r="5" t="13" w="368" /><ent r="100" t="51" w="87" /><ent r="66" t="51" w="90" /><ent r="92" t="51" w="347" /><ent r="64" t="51" w="435" /><ent r="1000" t="54" w="2" /><ent r="100" t="54" w="5" /><ent r="102" t="54" w="10" /></phr></stem></index>