﻿<?xml version="1.0" encoding="utf-8"?>
<CatapultToc Version="1" DescendantCount="60">
    <TocEntry Title="Introduction" Link="/Content/Introduction.html" conditions="Primary.online,Primary.print" StartChapter="true" StartSection="false" SectionNumberReset="reset" ChapterNumberReset="reset" ChapterNumber="1" ChapterNumberFormat="decimal" ComputeToc="False" ComputedTocDepth="1" VolumeNumberReset="same" MasterPage="/Content/Resources/MasterPages/PrintDoc.flmsp" PageLayout="/Content/Resources/PageLayouts/DartwareChapter.flpgl" PageNumber="1" PageNumberReset="reset" ReplaceMergeNode="false" FrameName="" PageNumberFormat="decimal" PageType="first" ComputedResetPageLayout="true" ComputedFirstTopic="true" DescendantCount="0" />
    <TocEntry Title="Licensing Information" StartSection="true" MasterPage="/Content/Resources/MasterPages/PrintDoc.flmsp" StartChapter="false" conditions="Primary.online,Primary.print" ComputeToc="False" PageLayout="/Content/Resources/PageLayouts/DartwareChapter.flpgl" PageType="first" PageNumber="2" PageNumberReset="continue" VolumeNumberReset="same" SectionNumberReset="continue" ChapterNumberReset="continue" ComputedResetPageLayout="true" ComputedFirstTopic="false" DescendantCount="2">
        <TocEntry Title="Warranty and License" Link="/Content/01-Preface/warranty.html" ChapterNumber="" conditions="Primary.online,Primary.print" ComputedFirstTopic="false" DescendantCount="0" />
        <TocEntry Title="Third-party Licenses" Link="/Content/01-Preface/ThirdParty.htm" conditions="Primary.online" StartSection="False" StartChapter="False" ComputedFirstTopic="false" DescendantCount="0" />
    </TocEntry>
    <TocEntry Title="Creating Custom Probes" Link="/Content/02-CustomProbes/customprobes.html" conditions="Primary.online,Primary.print" StartChapter="true" StartSection="false" MasterPage="/Content/Resources/MasterPages/PrintDoc.flmsp" PageLayout="/Content/Resources/PageLayouts/DartwareChapter.flpgl" PageType="first" PageNumber="3" PageNumberReset="continue" VolumeNumberReset="same" SectionNumberReset="reset" ChapterNumberReset="reset" ChapterNumber="2" ComputedResetPageLayout="true" ComputedFirstTopic="false" DescendantCount="39">
        <TocEntry Title="Parts of a Probe" StartChapter="false" PageNumber="1" PageNumberReset="continue" PageType="first" StartSection="false" PageLayout="/Content/Resources/PageLayouts/DartwareChapter.flpgl" ComputedFirstTopic="false" DescendantCount="8">
            <TocEntry Title="Probe File Format" Link="/Content/02-CustomProbes/Probe_File_Format.htm" conditions="Primary.online,Primary.print" StartChapter="false" PageNumber="1" PageNumberReset="continue" PageLayout="/Content/Resources/PageLayouts/DartwareChapter.flpgl" PageType="normal" StartSection="false" ComputedFirstTopic="false" DescendantCount="0" />
            <TocEntry Title="Probe Header" conditions="Primary.online,Primary.print" ComputedFirstTopic="false" DescendantCount="2">
                <TocEntry Title="Probe File Header" Link="/Content/02-CustomProbes/header.html" conditions="Primary.online,Primary.print" StartChapter="false" PageNumber="1" PageNumberReset="continue" PageLayout="/Content/Resources/PageLayouts/DartwareChapter.flpgl" StartSection="false" ComputedFirstTopic="false" DescendantCount="0" />
                <TocEntry Title="Probe Files" Link="/Content/02-CustomProbes/filenames.html" conditions="Primary.online,Primary.print" ComputedFirstTopic="false" DescendantCount="0" />
            </TocEntry>
            <TocEntry Title="Probe Description" Link="/Content/02-CustomProbes/description.html" conditions="Primary.online,Primary.print" ComputedFirstTopic="false" DescendantCount="0" />
            <TocEntry Title="Probe Parameters" Link="/Content/02-CustomProbes/parameters.html" conditions="Primary.online,Primary.print" ComputedFirstTopic="false" DescendantCount="0" />
            <TocEntry Title="Probe Comments" Link="/Content/02-CustomProbes/comments.html" conditions="Primary.online,Primary.print" ComputedFirstTopic="false" DescendantCount="0" />
            <TocEntry Title="Probe Status Windows" Link="/Content/02-CustomProbes/customstatuswindows.html" conditions="Primary.online,Primary.print" ComputedFirstTopic="false" DescendantCount="0" />
            <TocEntry Title="Probe Tools Section" Link="/Content/02-CustomProbes/Probe_Tools_Section.htm" ComputedFirstTopic="false" DescendantCount="0" />
        </TocEntry>
        <TocEntry Title="Recording Probe Data" Link="/Content/02-CustomProbes/recordingdata.htm" ComputedFirstTopic="false" DescendantCount="0" />
        <TocEntry Title="Automatically-Recorded Data Values" Link="/Content/02-CustomProbes/dartwareprobedata.htm" StartSection="false" StartChapter="false" ComputedFirstTopic="false" DescendantCount="0" />
        <TocEntry Title="Built-in Variables" Link="/Content/02-CustomProbes/builtinvariablereference.htm" ComputedFirstTopic="false" DescendantCount="0" />
        <TocEntry Title="Custom SNMP Probes" Link="/Content/02-CustomProbes/customsnmpprobes.html" conditions="Primary.online,Primary.print" StartChapter="true" PageLayout="/Content/Resources/PageLayouts/DartwareChapter.flpgl" PageType="first" PageNumber="1" PageNumberReset="reset" StartSection="false" VolumeNumberReset="same" SectionNumberReset="continue" ChapterNumberReset="continue" ComputeToc="false" ReplaceMergeNode="false" FrameName="" ChapterNumber="2" ComputedResetPageLayout="true" ComputedFirstTopic="false" DescendantCount="9">
            <TocEntry Title="SNMP Probe Variables" Link="/Content/02-CustomProbes/Probe_Variables.htm" conditions="Primary.online,Primary.print" StartChapter="false" PageLayout="/Content/Resources/PageLayouts/DartwareChapter.flpgl" PageType="first" PageNumber="1" PageNumberReset="continue" StartSection="false" ComputedFirstTopic="false" DescendantCount="0" />
            <TocEntry Title="Thresholds" Link="/Content/02-CustomProbes/Thresholds.htm" conditions="Primary.online,Primary.print" ComputedFirstTopic="false" DescendantCount="0" />
            <TocEntry Title="Alarm Points" Link="/Content/02-CustomProbes/alarmpoints.htm" ChapterNumber="" conditions="Primary.online,Primary.print" ComputedFirstTopic="false" DescendantCount="2">
                <TocEntry Title="Alarm Point Format" Link="/Content/02-CustomProbes/alarmpointformat.htm" conditions="Primary.online,Primary.print" ComputedFirstTopic="false" DescendantCount="0" />
                <TocEntry Title="Alarm Point Notifiers" Link="/Content/02-CustomProbes/alarmpointnotifiers.htm" conditions="Primary.online,Primary.print" ComputedFirstTopic="false" DescendantCount="0" />
            </TocEntry>
            <TocEntry Title="Probe Calculations" Link="/Content/02-CustomProbes/probecalculations.htm" conditions="Primary.online,Primary.print" ComputedFirstTopic="false" DescendantCount="0" />
            <TocEntry Title="Probe Properties" Link="/Content/02-CustomProbes/probeproperties.htm" conditions="Primary.online,Primary.print" ComputedFirstTopic="false" DescendantCount="0" />
            <TocEntry Title="On-Demand Tables" Link="/Content/02-CustomProbes/OnDemandTables.htm" conditions="Primary.online,Primary.print" ComputedFirstTopic="false" DescendantCount="0" />
            <TocEntry Title="Specifying SNMP OIDs" Link="/Content/02-CustomProbes/snmpoids.htm" conditions="Primary.online,Primary.print" ComputedFirstTopic="false" DescendantCount="0" />
        </TocEntry>
        <TocEntry Title="Custom SNMP Trap Probes" Link="" StartChapter="false" PageLayout="/Content/Resources/PageLayouts/DartwareChapter.flpgl" PageType="first" PageNumberReset="continue" StartSection="false" ComputedFirstTopic="false" DescendantCount="4">
            <TocEntry Title="About Custom SNMP Trap Probes" Link="/Content/02-CustomProbes/handlingtraps.htm" ComputedFirstTopic="false" DescendantCount="0" />
            <TocEntry Title="Trap Viewing and Logging" Link="/Content/02-CustomProbes/trap_viewing_and_logging.htm" conditions="Primary.online,Primary.print" ComputedFirstTopic="false" DescendantCount="0" />
            <TocEntry Title="Example -  Trap Viewer Probe" Link="/Content/02-CustomProbes/trapexample.htm" conditions="Primary.online,Primary.print" ComputedFirstTopic="false" DescendantCount="0" />
            <TocEntry Title="The Dartware MIB" Link="/Content/02-CustomProbes/dartwaremib.html" conditions="Primary.online,Primary.print" ComputedFirstTopic="false" DescendantCount="0" />
        </TocEntry>
        <TocEntry Title="TCP Probes" Link="/Content/02-CustomProbes/TCP_Probes.htm" conditions="Primary.online,Primary.print" StartChapter="true" PageLayout="/Content/Resources/PageLayouts/DartwareChapter.flpgl" PageType="first" PageNumber="1" PageNumberReset="continue" StartSection="false" MasterPage="/Content/Resources/MasterPages/PrintDoc.flmsp" VolumeNumberReset="same" SectionNumberReset="reset" ChapterNumberReset="continue" ComputedResetPageLayout="true" ComputedFirstTopic="false" DescendantCount="3">
            <TocEntry Title="TCP Probe Script Reference" Link="/Content/02-CustomProbes/language.html" conditions="Primary.online,Primary.print" StartChapter="false" PageLayout="/Content/Resources/PageLayouts/DartwareChapter.flpgl" PageType="first" PageNumber="1" PageNumberReset="continue" StartSection="false" ComputedFirstTopic="false" DescendantCount="0" />
            <TocEntry Title="TCP Probe Command Reference" Link="/Content/02-CustomProbes/commandref.html" conditions="Primary.online,Primary.print" ComputedFirstTopic="false" DescendantCount="0" />
            <TocEntry Title="TCP Example" Link="/Content/02-CustomProbes/tcpexample.html" conditions="Primary.online,Primary.print" ComputedFirstTopic="false" DescendantCount="0" />
        </TocEntry>
        <TocEntry Title="Command Line Probes" Link="/Content/02-CustomProbes/commandlineprobes.htm" conditions="Primary.online,Primary.print" StartChapter="true" PageLayout="/Content/Resources/PageLayouts/DartwareChapter.flpgl" PageType="first" PageNumber="1" PageNumberReset="continue" StartSection="false" SectionNumberReset="reset" VolumeNumberReset="same" ChapterNumberReset="continue" ComputedResetPageLayout="true" ComputedFirstTopic="false" DescendantCount="4">
            <TocEntry Title="Companion Scripts" Link="/Content/02-CustomProbes/Companion_Scripts.htm" ComputedFirstTopic="false" DescendantCount="0" />
            <TocEntry Title="Command Line Probe Example" Link="/Content/02-CustomProbes/cmdlineprobeexample.htm" conditions="Primary.online,Primary.print" ComputedFirstTopic="false" DescendantCount="0" />
            <TocEntry Title="InterMapper Python Plugins" Link="/Content/02-CustomProbes/PythonPlugins.htm" ComputedFirstTopic="false" DescendantCount="0" />
            <TocEntry Title="Nagios Plugins" Link="/Content/02-CustomProbes/nagios.htm" conditions="Primary.online,Primary.print" ComputedFirstTopic="false" DescendantCount="0" />
        </TocEntry>
        <TocEntry Title="Installing Custom Probes" Link="/Content/02-CustomProbes/installing.html" conditions="Primary.online,Primary.print" ComputedFirstTopic="false" DescendantCount="0" />
        <TocEntry Title="Troubleshooting" conditions="Primary.online,Primary.print" ComputedFirstTopic="false" DescendantCount="4">
            <TocEntry Title="Error Messages" Link="/Content/02-CustomProbes/errors.html" conditions="Primary.online,Primary.print" StartChapter="true" PageLayout="/Content/Resources/PageLayouts/DartwareChapter.flpgl" PageType="first" PageNumber="1" PageNumberReset="continue" StartSection="false" ComputedResetPageLayout="true" ComputedFirstTopic="false" DescendantCount="0" />
            <TocEntry Title="Debugging with SNMPWalk" Link="/Content/02-CustomProbes/Debugging_with_SNMPWalk.htm" conditions="Primary.online,Primary.print" ComputedFirstTopic="false" DescendantCount="0" />
            <TocEntry Title="Using the SNMPWALK -O Option" Link="/Content/02-CustomProbes/snmpwalk_o.htm" conditions="Primary.online,Primary.print" ComputedFirstTopic="false" DescendantCount="0" />
            <TocEntry Title="Response Times" Link="/Content/02-CustomProbes/timing.html" conditions="Primary.online,Primary.print" ComputedFirstTopic="false" DescendantCount="0" />
        </TocEntry>
    </TocEntry>
    <TocEntry Title="InterMapper HTTP API" Link="/Content/02-CustomProbes/APIOverview.htm" StartChapter="true" PageLayout="/Content/Resources/PageLayouts/DartwareChapter.flpgl" PageType="first" SectionNumberReset="reset" PageNumber="1" PageNumberReset="continue" StartSection="false" VolumeNumberReset="same" ChapterNumberReset="continue" ComputeToc="false" ReplaceMergeNode="false" ComputedResetPageLayout="true" ComputedFirstTopic="false" DescendantCount="4">
        <TocEntry Title="Importing &amp; Exporting Files" Link="/Content/02-CustomProbes/APIImportingExportingFiles.htm" ComputedFirstTopic="false" DescendantCount="0" />
        <TocEntry Title="Importing &amp; Exporting Tables" Link="/Content/02-CustomProbes/APIImportingExportingTables.htm" ComputedFirstTopic="false" DescendantCount="0" />
        <TocEntry Title="Acknowledging with HTTP" Link="/Content/02-CustomProbes/APIAcknowledgements.htm" ComputedFirstTopic="false" DescendantCount="0" />
        <TocEntry Title="HTTP API Scripting Examples" Link="/Content/02-CustomProbes/APIScriptingExamples.htm" ComputedFirstTopic="false" DescendantCount="0" />
    </TocEntry>
    <TocEntry Title="Retrieving Collected Data" StartChapter="true" PageLayout="/Content/Resources/PageLayouts/DartwareChapter.flpgl" PageNumber="1" PageNumberReset="continue" StartSection="false" VolumeNumberReset="same" SectionNumberReset="reset" ChapterNumberReset="continue" PageType="first" Link="/Content/04-CustomReports/IMDBOverview.htm" ComputedResetPageLayout="true" ComputedFirstTopic="false" DescendantCount="1">
        <TocEntry Title="InterMapper Database Schemas" Link="/Content/04-CustomReports/DatabaseSchemas.htm" ComputedFirstTopic="false" DescendantCount="0" />
    </TocEntry>
    <TocEntry Title="Customizing Web Pages" conditions="Primary.online,Primary.print" StartChapter="true" StartSection="false" MasterPage="/Content/Resources/MasterPages/PrintDoc.flmsp" PageLayout="/Content/Resources/PageLayouts/DartwareChapter.flpgl" PageNumber="4" PageNumberReset="continue" VolumeNumberReset="same" SectionNumberReset="reset" ChapterNumberReset="continue" PageType="first" Link="/Content/03-CustomWebPages/customizingwebpages.html" ComputedResetPageLayout="true" ComputedFirstTopic="false" DescendantCount="8">
        <TocEntry Title="Targets" Link="/Content/03-CustomWebPages/targetfiles.html" conditions="Primary.online,Primary.print" ComputedFirstTopic="false" DescendantCount="0" />
        <TocEntry Title="Templates" Link="/Content/03-CustomWebPages/templatefiles.html" conditions="Primary.online,Primary.print" ComputedFirstTopic="false" DescendantCount="0" />
        <TocEntry Title="Directives" Link="/Content/03-CustomWebPages/directives.html" conditions="Primary.online,Primary.print" ComputedFirstTopic="false" DescendantCount="0" />
        <TocEntry Title="Quoted Links" Link="/Content/03-CustomWebPages/quotedlinks.html" conditions="Primary.online,Primary.print" ComputedFirstTopic="false" DescendantCount="0" />
        <TocEntry Title="Macros" Link="/Content/03-CustomWebPages/macros.htm" conditions="Primary.online,Primary.print" ComputedFirstTopic="false" DescendantCount="0" />
        <TocEntry Title="Folders" Link="/Content/03-CustomWebPages/folders.html" conditions="Primary.online,Primary.print" ComputedFirstTopic="false" DescendantCount="0" />
        <TocEntry Title="MIME Types" Link="/Content/03-CustomWebPages/Mime_Types.htm" conditions="Primary.online,Primary.print" ComputedFirstTopic="false" DescendantCount="0" />
        <TocEntry Title="Tip for Calling Charts" Link="/Content/03-CustomWebPages/charts.html" conditions="Primary.online,Primary.print" ComputedFirstTopic="false" DescendantCount="0" />
    </TocEntry>
    <TocEntry Title="Scripting RemoteAccess" Link="/Content/02-CustomProbes/Using_the_Command_Line_Interface.htm" conditions="Primary.online,Primary.print" StartChapter="true" PageLayout="/Content/Resources/PageLayouts/DartwareChapter.flpgl" PageNumber="1" PageNumberReset="continue" StartSection="false" PageType="first" SectionNumberReset="reset" VolumeNumberReset="same" ChapterNumberReset="continue" ComputedResetPageLayout="true" ComputedFirstTopic="false" DescendantCount="0" />
</CatapultToc>