﻿<?xml version="1.0" encoding="utf-8"?>
<Stylesheet>
    <Resources>
    </Resources>
    <Styles>
        <Style Name="ToolbarItem">
            <Classes>
                <StyleClass Name="Logo">
                    <Properties>
                        <Property Name="Icon">url(logoicon.png)</Property>
                        <Property Name="ControlType">Logo</Property>
                    </Properties>
                </StyleClass>
                <StyleClass Name="AccordionTitle">
                    <Properties>
                        <Property Name="ControlType">AccordionTitle</Property>
                    </Properties>
                </StyleClass>
                <StyleClass Name="QuickSearch">
                    <Properties>
                        <Property Name="Icon">url('resources:WebHelp/Default.flwht/Images/QuickSearch.gif')</Property>
                        <Property Name="PressedIcon">url('resources:WebHelp/Default.flwht/Images/QuickSearch_selected.gif')</Property>
                        <Property Name="HoverIcon">url('resources:WebHelp/Default.flwht/Images/QuickSearch_over.gif')</Property>
                        <Property Name="ControlType">QuickSearch</Property>
                    </Properties>
                </StyleClass>
                <StyleClass Name="ExpandAll">
                    <Properties>
                        <Property Name="Icon">url('resources:WebHelp/Default.flwht/Images/Expand.gif')</Property>
                        <Property Name="PressedIcon">url('resources:WebHelp/Default.flwht/Images/Expand_selected.gif')</Property>
                        <Property Name="HoverIcon">url('resources:WebHelp/Default.flwht/Images/Expand_over.gif')</Property>
                        <Property Name="ControlType">ExpandAll</Property>
                    </Properties>
                </StyleClass>
                <StyleClass Name="CollapseAll">
                    <Properties>
                        <Property Name="Icon">url('resources:WebHelp/Default.flwht/Images/Collapse.gif')</Property>
                        <Property Name="PressedIcon">url('resources:WebHelp/Default.flwht/Images/Collapse_selected.gif')</Property>
                        <Property Name="HoverIcon">url('resources:WebHelp/Default.flwht/Images/Collapse_over.gif')</Property>
                        <Property Name="ControlType">CollapseAll</Property>
                    </Properties>
                </StyleClass>
                <StyleClass Name="RemoveHighlight">
                    <Properties>
                        <Property Name="Icon">url('resources:WebHelp/Default.flwht/Images/Highlight.gif')</Property>
                        <Property Name="PressedIcon">url('resources:WebHelp/Default.flwht/Images/Highlight_selected.gif')</Property>
                        <Property Name="HoverIcon">url('resources:WebHelp/Default.flwht/Images/Highlight_over.gif')</Property>
                        <Property Name="ControlType">RemoveHighlight</Property>
                    </Properties>
                </StyleClass>
                <StyleClass Name="Print">
                    <Properties>
                        <Property Name="Icon">url('resources:WebHelp/Default.flwht/Images/Print.gif')</Property>
                        <Property Name="PressedIcon">url('resources:WebHelp/Default.flwht/Images/Print_selected.gif')</Property>
                        <Property Name="HoverIcon">url('resources:WebHelp/Default.flwht/Images/Print_over.gif')</Property>
                        <Property Name="ControlType">Print</Property>
                    </Properties>
                </StyleClass>
                <StyleClass Name="ToggleNavigationPane">
                    <Properties>
                        <Property Name="Icon">url('HideNavigation.gif')</Property>
                        <Property Name="PressedIcon">url('HideNavigation_selected.gif')</Property>
                        <Property Name="HoverIcon">url('HideNavigation_over.gif')</Property>
                        <Property Name="ControlType">ToggleNavigationPane</Property>
                        <Property Name="CheckedIcon">url('HideNavigation_checked.gif')</Property>
                    </Properties>
                </StyleClass>
                <StyleClass Name="Back">
                    <Properties>
                        <Property Name="Icon">url('Back.gif')</Property>
                        <Property Name="PressedIcon">url('Back_selected.gif')</Property>
                        <Property Name="HoverIcon">url('Back_over.gif')</Property>
                        <Property Name="ControlType">Back</Property>
                    </Properties>
                </StyleClass>
                <StyleClass Name="Forward">
                    <Properties>
                        <Property Name="Icon">url('Forward.gif')</Property>
                        <Property Name="PressedIcon">url('Forward_selected.gif')</Property>
                        <Property Name="HoverIcon">url('Forward_over.gif')</Property>
                        <Property Name="ControlType">Forward</Property>
                    </Properties>
                </StyleClass>
                <StyleClass Name="Home">
                    <Properties>
                        <Property Name="Icon">url('resources:WebHelp/Default.flwht/Images/Home.gif')</Property>
                        <Property Name="PressedIcon">url('resources:WebHelp/Default.flwht/Images/Home_selected.gif')</Property>
                        <Property Name="HoverIcon">url('resources:WebHelp/Default.flwht/Images/Home_over.gif')</Property>
                        <Property Name="ControlType">Home</Property>
                    </Properties>
                </StyleClass>
                <StyleClass Name="Stop">
                    <Properties>
                        <Property Name="Icon">url('resources:WebHelp/Default.flwht/Images/Stop.gif')</Property>
                        <Property Name="PressedIcon">url('resources:WebHelp/Default.flwht/Images/Stop_selected.gif')</Property>
                        <Property Name="HoverIcon">url('resources:WebHelp/Default.flwht/Images/Stop_over.gif')</Property>
                        <Property Name="ControlType">Stop</Property>
                    </Properties>
                </StyleClass>
                <StyleClass Name="Refresh">
                    <Properties>
                        <Property Name="Icon">url('resources:WebHelp/Default.flwht/Images/Refresh.gif')</Property>
                        <Property Name="PressedIcon">url('resources:WebHelp/Default.flwht/Images/Refresh_selected.gif')</Property>
                        <Property Name="HoverIcon">url('resources:WebHelp/Default.flwht/Images/Refresh_over.gif')</Property>
                        <Property Name="ControlType">Refresh</Property>
                    </Properties>
                </StyleClass>
                <StyleClass Name="SelectTOC">
                    <Properties>
                        <Property Name="Icon">url('resources:WebHelp/Default.flwht/Images/SelectToc.gif')</Property>
                        <Property Name="PressedIcon">url('resources:WebHelp/Default.flwht/Images/SelectToc_selected.gif')</Property>
                        <Property Name="HoverIcon">url('resources:WebHelp/Default.flwht/Images/SelectToc_over.gif')</Property>
                        <Property Name="ControlType">SelectTOC</Property>
                    </Properties>
                </StyleClass>
                <StyleClass Name="SelectIndex">
                    <Properties>
                        <Property Name="Icon">url('resources:WebHelp/Default.flwht/Images/SelectIndex.gif')</Property>
                        <Property Name="PressedIcon">url('resources:WebHelp/Default.flwht/Images/SelectIndex_selected.gif')</Property>
                        <Property Name="HoverIcon">url('resources:WebHelp/Default.flwht/Images/SelectIndex_over.gif')</Property>
                        <Property Name="ControlType">SelectIndex</Property>
                    </Properties>
                </StyleClass>
                <StyleClass Name="SelectSearch">
                    <Properties>
                        <Property Name="Icon">url('resources:WebHelp/Default.flwht/Images/SelectSearch.gif')</Property>
                        <Property Name="PressedIcon">url('resources:WebHelp/Default.flwht/Images/SelectSearch_selected.gif')</Property>
                        <Property Name="HoverIcon">url('resources:WebHelp/Default.flwht/Images/SelectSearch_over.gif')</Property>
                        <Property Name="ControlType">SelectSearch</Property>
                    </Properties>
                </StyleClass>
                <StyleClass Name="SelectFavorites">
                    <Properties>
                        <Property Name="Icon">url('resources:WebHelp/Default.flwht/Images/SelectFavorites.gif')</Property>
                        <Property Name="PressedIcon">url('resources:WebHelp/Default.flwht/Images/SelectFavorites_selected.gif')</Property>
                        <Property Name="HoverIcon">url('resources:WebHelp/Default.flwht/Images/SelectFavorites_over.gif')</Property>
                        <Property Name="ControlType">SelectFavorites</Property>
                    </Properties>
                </StyleClass>
                <StyleClass Name="SelectGlossary">
                    <Properties>
                        <Property Name="Icon">url('resources:WebHelp/Default.flwht/Images/SelectGlossary.gif')</Property>
                        <Property Name="PressedIcon">url('resources:WebHelp/Default.flwht/Images/SelectGlossary_selected.gif')</Property>
                        <Property Name="HoverIcon">url('resources:WebHelp/Default.flwht/Images/SelectGlossary_over.gif')</Property>
                        <Property Name="ControlType">SelectGlossary</Property>
                    </Properties>
                </StyleClass>
                <StyleClass Name="SelectBrowseSequence">
                    <Properties>
                        <Property Name="Icon">url('resources:WebHelp/Default.flwht/Images/SelectBrowseSequences.gif')</Property>
                        <Property Name="PressedIcon">url('resources:WebHelp/Default.flwht/Images/SelectBrowseSequences_selected.gif')</Property>
                        <Property Name="HoverIcon">url('resources:WebHelp/Default.flwht/Images/SelectBrowseSequences_over.gif')</Property>
                        <Property Name="ControlType">SelectBrowseSequence</Property>
                    </Properties>
                </StyleClass>
                <StyleClass Name="SelectTopicComments">
                    <Properties>
                        <Property Name="Icon">url('resources:WebHelp/Default.flwht/Images/SelectTopicComments.gif')</Property>
                        <Property Name="PressedIcon">url('resources:WebHelp/Default.flwht/Images/SelectTopicComments_selected.gif')</Property>
                        <Property Name="HoverIcon">url('resources:WebHelp/Default.flwht/Images/SelectTopicComments_over.gif')</Property>
                        <Property Name="ControlType">SelectTopicComments</Property>
                    </Properties>
                </StyleClass>
                <StyleClass Name="SelectRecentComments">
                    <Properties>
                        <Property Name="Icon">url('resources:WebHelp/Default.flwht/Images/SelectRecentComments.gif')</Property>
                        <Property Name="PressedIcon">url('resources:WebHelp/Default.flwht/Images/SelectRecentComments_selected.gif')</Property>
                        <Property Name="HoverIcon">url('resources:WebHelp/Default.flwht/Images/SelectRecentComments_over.gif')</Property>
                        <Property Name="ControlType">SelectRecentComments</Property>
                    </Properties>
                </StyleClass>
                <StyleClass Name="AddTopicToFavorites">
                    <Properties>
                        <Property Name="Icon">url('resources:WebHelp/Default.flwht/Images/AddTopicToFavorites.gif')</Property>
                        <Property Name="PressedIcon">url('resources:WebHelp/Default.flwht/Images/AddTopicToFavorites_selected.gif')</Property>
                        <Property Name="HoverIcon">url('resources:WebHelp/Default.flwht/Images/AddTopicToFavorites_over.gif')</Property>
                        <Property Name="ControlType">AddTopicToFavorites</Property>
                    </Properties>
                </StyleClass>
                <StyleClass Name="TopicRatings">
                    <Properties>
                        <Property Name="ControlType">TopicRatings</Property>
                        <Property Name="EmptyIcon">url('resources:WebHelp/Default.flwht/Images/Rating0.gif')</Property>
                        <Property Name="HalfFullIcon">url('resources:WebHelp/Default.flwht/Images/RatingGold50.gif')</Property>
                        <Property Name="FullIcon">url('resources:WebHelp/Default.flwht/Images/RatingGold100.gif')</Property>
                    </Properties>
                </StyleClass>
                <StyleClass Name="EditUserProfile">
                    <Properties>
                        <Property Name="Icon">url('resources:WebHelp/Default.flwht/Images/EditUserProfile.gif')</Property>
                        <Property Name="PressedIcon">url('resources:WebHelp/Default.flwht/Images/EditUserProfile_selected.gif')</Property>
                        <Property Name="HoverIcon">url('resources:WebHelp/Default.flwht/Images/EditUserProfile_over.gif')</Property>
                        <Property Name="ControlType">EditUserProfile</Property>
                    </Properties>
                </StyleClass>
                <StyleClass Name="PreviousTopic">
                    <Properties>
                        <Property Name="Icon">url('resources:WebHelp/Default.flwht/Images/PreviousTopic.gif')</Property>
                        <Property Name="PressedIcon">url('resources:WebHelp/Default.flwht/Images/PreviousTopic_selected.gif')</Property>
                        <Property Name="HoverIcon">url('resources:WebHelp/Default.flwht/Images/PreviousTopic_over.gif')</Property>
                        <Property Name="ControlType">PreviousTopic</Property>
                    </Properties>
                </StyleClass>
                <StyleClass Name="NextTopic">
                    <Properties>
                        <Property Name="Icon">url('resources:WebHelp/Default.flwht/Images/NextTopic.gif')</Property>
                        <Property Name="PressedIcon">url('resources:WebHelp/Default.flwht/Images/NextTopic_selected.gif')</Property>
                        <Property Name="HoverIcon">url('resources:WebHelp/Default.flwht/Images/NextTopic_over.gif')</Property>
                        <Property Name="ControlType">NextTopic</Property>
                    </Properties>
                </StyleClass>
                <StyleClass Name="CurrentTopicIndex">
                    <Properties>
                        <Property Name="Label">Page {n} of {total}</Property>
                        <Property Name="PaddingLeft">2px</Property>
                        <Property Name="PaddingRight">2px</Property>
                        <Property Name="ControlType">CurrentTopicIndex</Property>
                    </Properties>
                </StyleClass>
                <StyleClass Name="Separator">
                    <Properties>
                        <Property Name="ControlType">Separator</Property>
                    </Properties>
                </StyleClass>
            </Classes>
        </Style>
        <Style Name="Formats">
            <Properties>
                <Property Name="CrossReferenceFormat">See \"{paratext}\"</Property>
                <Property Name="CrossReferencePrintFormat">See \"{paratext}\" on page {page}</Property>
                <Property Name="CrossReferenceBelow">below</Property>
                <Property Name="CrossReferenceAbove">above</Property>
                <Property Name="CrossReferenceOnPage">on page </Property>
                <Property Name="CrossReferenceOnPreviousPage">on previous page</Property>
                <Property Name="CrossReferenceOnNextPage">on next page</Property>
                <Property Name="CrossReferenceOnFacingPage">on the facing page</Property>
                <Property Name="BreadcrumbsYouAreHereText">You are here: </Property>
                <Property Name="KeywordLinkText">Search Index</Property>
                <Property Name="RelatedTopicsText">Related Topics</Property>
                <Property Name="ConceptLinkText">See Also</Property>
            </Properties>
        </Style>
        <Style Name="Relationships">
            <Classes>
                <StyleClass Name="concept">
                    <Properties>
                        <Property Name="Label">Concept Information</Property>
                    </Properties>
                </StyleClass>
                <StyleClass Name="task">
                    <Properties>
                        <Property Name="Label">Related Tasks</Property>
                    </Properties>
                </StyleClass>
                <StyleClass Name="reference">
                    <Properties>
                        <Property Name="Label">Reference Materials</Property>
                    </Properties>
                </StyleClass>
            </Classes>
        </Style>
        <Style Name="TocEntry">
            <Properties>
                <Property Name="TopicIcon">url('Topic.gif')</Property>
                <Property Name="BookIcon">url('Book.gif')</Property>
                <Property Name="BookOpenIcon">url('BookOpen.gif')</Property>
            </Properties>
        </Style>
        <Style Name="AccordionItem">
            <Properties>
                <Property Name="ItemHeight">28px</Property>
            </Properties>
            <Classes>
                <StyleClass Name="IconTray">
                    <Properties>
                        <Property Name="BackgroundImage">url('AccordionIconsBackground.jpg')</Property>
                        <Property Name="ItemHeight">28px</Property>
                    </Properties>
                </StyleClass>
                <StyleClass Name="TOC">
                    <Properties>
                        <Property Name="Icon">url('TocIcon.gif')</Property>
                        <Property Name="Label">TOC</Property>
                        <Property Name="BackgroundImage">url('TocAccordionBackground.jpg')</Property>
                        <Property Name="BackgroundImageHover">url('TocAccordionBackground_over.jpg')</Property>
                        <Property Name="ItemHeight">28px</Property>
                    </Properties>
                </StyleClass>
                <StyleClass Name="Index">
                    <Properties>
                        <Property Name="Icon">url('IndexIcon.gif')</Property>
                        <Property Name="Label">Index</Property>
                        <Property Name="BackgroundImage">url('IndexAccordionBackground.jpg')</Property>
                        <Property Name="BackgroundImageHover">url('IndexAccordionBackground_over.jpg')</Property>
                        <Property Name="ItemHeight">28px</Property>
                    </Properties>
                </StyleClass>
                <StyleClass Name="Favorites">
                    <Properties>
                        <Property Name="Icon">url('FavoritesIcon.gif')</Property>
                        <Property Name="Label">Favorites</Property>
                        <Property Name="BackgroundImage">url('FavoritesAccordionBackground.jpg')</Property>
                        <Property Name="BackgroundImageHover">url('FavoritesAccordionBackground_over.jpg')</Property>
                        <Property Name="ItemHeight">28px</Property>
                    </Properties>
                </StyleClass>
                <StyleClass Name="Glossary">
                    <Properties>
                        <Property Name="Icon">url('GlossaryIcon.gif')</Property>
                        <Property Name="Label">Glossary</Property>
                        <Property Name="BackgroundImage">url('GlossaryAccordionBackground.jpg')</Property>
                        <Property Name="BackgroundImageHover">url('GlossaryAccordionBackground_over.jpg')</Property>
                        <Property Name="ItemHeight">28px</Property>
                    </Properties>
                </StyleClass>
                <StyleClass Name="BrowseSequence">
                    <Properties>
                        <Property Name="Icon">url('BrowsesequencesIcon.gif')</Property>
                        <Property Name="Label">Browse Sequences</Property>
                        <Property Name="BackgroundImage">url('BrowsesequencesAccordionBackground.jpg')</Property>
                        <Property Name="BackgroundImageHover">url('BrowsesequencesAccordionBackground_over.jpg')</Property>
                        <Property Name="ItemHeight">28px</Property>
                    </Properties>
                </StyleClass>
                <StyleClass Name="Search">
                    <Properties>
                        <Property Name="Icon">url('SearchIcon.gif')</Property>
                        <Property Name="Label">Search</Property>
                        <Property Name="BackgroundImage">url('SearchAccordionBackground.jpg')</Property>
                        <Property Name="BackgroundImageHover">url('SearchAccordionBackground_over.jpg')</Property>
                        <Property Name="ItemHeight">28px</Property>
                    </Properties>
                </StyleClass>
                <StyleClass Name="TopicComments">
                    <Properties>
                        <Property Name="Icon">url('TopicCommentsIcon.gif')</Property>
                        <Property Name="Label">Topic Comments</Property>
                        <Property Name="BackgroundImage">url('TopicCommentsAccordionBackground.jpg')</Property>
                        <Property Name="BackgroundImageHover">url('TopicCommentsAccordionBackground_over.jpg')</Property>
                        <Property Name="ItemHeight">28px</Property>
                    </Properties>
                </StyleClass>
                <StyleClass Name="RecentComments">
                    <Properties>
                        <Property Name="Icon">url('RecentCommentsIcon.gif')</Property>
                        <Property Name="Label">Recent Comments</Property>
                        <Property Name="BackgroundImage">url('RecentCommentsAccordionBackground.jpg')</Property>
                        <Property Name="BackgroundImageHover">url('RecentCommentsAccordionBackground_over.jpg')</Property>
                        <Property Name="ItemHeight">28px</Property>
                    </Properties>
                </StyleClass>
            </Classes>
        </Style>
        <Style Name="FeedbackUserProfileItem">
            <Classes>
                <StyleClass Name="MiddleName">
                    <Properties>
                        <Property Name="Label">Middle Name</Property>
                    </Properties>
                </StyleClass>
                <StyleClass Name="Address1">
                    <Properties>
                        <Property Name="Label">Address</Property>
                    </Properties>
                </StyleClass>
                <StyleClass Name="Address2">
                    <Properties>
                        <Property Name="Label">Address2</Property>
                    </Properties>
                </StyleClass>
                <StyleClass Name="Address3">
                    <Properties>
                        <Property Name="Label">Address3</Property>
                    </Properties>
                </StyleClass>
                <StyleClass Name="Address4">
                    <Properties>
                        <Property Name="Label">Address4</Property>
                    </Properties>
                </StyleClass>
                <StyleClass Name="City">
                    <Properties>
                        <Property Name="Label">City</Property>
                    </Properties>
                </StyleClass>
                <StyleClass Name="State">
                    <Properties>
                        <Property Name="Label">State</Property>
                    </Properties>
                </StyleClass>
                <StyleClass Name="Phone1">
                    <Properties>
                        <Property Name="Label">Home Phone</Property>
                    </Properties>
                </StyleClass>
                <StyleClass Name="Phone2">
                    <Properties>
                        <Property Name="Label">Work Phone</Property>
                    </Properties>
                </StyleClass>
                <StyleClass Name="Phone3">
                    <Properties>
                        <Property Name="Label">Mobile Phone</Property>
                    </Properties>
                </StyleClass>
                <StyleClass Name="Fax">
                    <Properties>
                        <Property Name="Label">Fax</Property>
                    </Properties>
                </StyleClass>
                <StyleClass Name="Birthdate">
                    <Properties>
                        <Property Name="Label">Birthdate</Property>
                    </Properties>
                </StyleClass>
                <StyleClass Name="Date">
                    <Properties>
                        <Property Name="Label">Date</Property>
                    </Properties>
                </StyleClass>
                <StyleClass Name="Employer">
                    <Properties>
                        <Property Name="Label">Employer</Property>
                    </Properties>
                </StyleClass>
                <StyleClass Name="Occupation">
                    <Properties>
                        <Property Name="Label">Occupation</Property>
                    </Properties>
                </StyleClass>
                <StyleClass Name="Department">
                    <Properties>
                        <Property Name="Label">Department</Property>
                    </Properties>
                </StyleClass>
                <StyleClass Name="Custom1">
                    <Properties>
                        <Property Name="Label">Custom1</Property>
                    </Properties>
                </StyleClass>
                <StyleClass Name="Custom2">
                    <Properties>
                        <Property Name="Label">Custom2</Property>
                    </Properties>
                </StyleClass>
                <StyleClass Name="Custom3">
                    <Properties>
                        <Property Name="Label">Custom3</Property>
                    </Properties>
                </StyleClass>
                <StyleClass Name="Custom4">
                    <Properties>
                        <Property Name="Label">Custom4</Property>
                    </Properties>
                </StyleClass>
                <StyleClass Name="Custom5">
                    <Properties>
                        <Property Name="Label">Custom5</Property>
                    </Properties>
                </StyleClass>
                <StyleClass Name="Custom6">
                    <Properties>
                        <Property Name="Label">Custom6</Property>
                    </Properties>
                </StyleClass>
                <StyleClass Name="Custom7">
                    <Properties>
                        <Property Name="Label">Custom7</Property>
                    </Properties>
                </StyleClass>
                <StyleClass Name="Custom8">
                    <Properties>
                        <Property Name="Label">Custom8</Property>
                    </Properties>
                </StyleClass>
                <StyleClass Name="Custom9">
                    <Properties>
                        <Property Name="Label">Custom9</Property>
                    </Properties>
                </StyleClass>
                <StyleClass Name="Custom10">
                    <Properties>
                        <Property Name="Label">Custom10</Property>
                    </Properties>
                </StyleClass>
            </Classes>
        </Style>
        <Style Name="Frame">
            <Classes>
                <StyleClass Name="Toolbar">
                    <Properties>
                        <Property Name="Height">28px</Property>
                        <Property Name="BackgroundImage">url('ToolbarBackground.jpg')</Property>
                    </Properties>
                </StyleClass>
                <StyleClass Name="TopicToolbar">
                    <Properties>
                        <Property Name="Height">28px</Property>
                    </Properties>
                </StyleClass>
                <StyleClass Name="NavigationTopDivider">
                    <Properties>
                        <Property Name="BackgroundImage">url('NavigationTopGradient.jpg')</Property>
                    </Properties>
                </StyleClass>
                <StyleClass Name="NavigationDragHandle">
                    <Properties>
                        <Property Name="BackgroundImage">url('NavigationBottomGradient.jpg')</Property>
                        <Property Name="BackgroundImagePressed">url('NavigationBottomGradient_selected.jpg')</Property>
                    </Properties>
                </StyleClass>
                <StyleClass Name="BodyComments">
                    <Properties>
                        <Property Name="Label">Comments</Property>
                    </Properties>
                </StyleClass>
                <StyleClass Name="RecentComments">
                    <Properties>
                        <Property Name="Label">Recent Comments</Property>
                    </Properties>
                </StyleClass>
            </Classes>
        </Style>
        <Style Name="Control">
            <Classes>
                <StyleClass Name="SearchFavoritesDeleteButton">
                    <Properties>
                        <Property Name="Icon">url('Delete.gif')</Property>
                        <Property Name="PressedIcon">url('Delete_selected.gif')</Property>
                        <Property Name="HoverIcon">url('Delete_over.gif')</Property>
                    </Properties>
                </StyleClass>
                <StyleClass Name="TopicFavoritesDeleteButton">
                    <Properties>
                        <Property Name="Icon">url('Delete.gif')</Property>
                        <Property Name="PressedIcon">url('Delete_selected.gif')</Property>
                        <Property Name="HoverIcon">url('Delete_over.gif')</Property>
                    </Properties>
                </StyleClass>
                <StyleClass Name="AddSearchToFavoritesButton">
                    <Properties>
                        <Property Name="Icon">url('AddSearchToFavorites.gif')</Property>
                        <Property Name="PressedIcon">url('AddSearchToFavorites_selected.gif')</Property>
                        <Property Name="HoverIcon">url('AddSearchToFavorites_over.gif')</Property>
                    </Properties>
                </StyleClass>
                <StyleClass Name="SearchResults">
                    <Properties>
                        <Property Name="RankLabel">Rank</Property>
                        <Property Name="TitleLabel">Title</Property>
                    </Properties>
                </StyleClass>
                <StyleClass Name="CommentsAddButton">
                    <Properties>
                        <Property Name="Icon">url('AddComment.gif')</Property>
                        <Property Name="PressedIcon">url('AddComment_selected.gif')</Property>
                        <Property Name="HoverIcon">url('AddComment_over.gif')</Property>
                    </Properties>
                </StyleClass>
                <StyleClass Name="CommentsReplyButton">
                    <Properties>
                        <Property Name="Icon">url('ReplyComment.gif')</Property>
                        <Property Name="PressedIcon">url('ReplyComment_selected.gif')</Property>
                        <Property Name="HoverIcon">url('ReplyComment_over.gif')</Property>
                    </Properties>
                </StyleClass>
                <StyleClass Name="CommentsRefreshButton">
                    <Properties>
                        <Property Name="Icon">url('RefreshTopicComments.gif')</Property>
                        <Property Name="PressedIcon">url('RefreshTopicComments_selected.gif')</Property>
                        <Property Name="HoverIcon">url('RefreshTopicComments_over.gif')</Property>
                    </Properties>
                </StyleClass>
                <StyleClass Name="CommentNode">
                    <Properties>
                        <Property Name="Icon">url('Comment.gif')</Property>
                    </Properties>
                </StyleClass>
                <StyleClass Name="CommentReplyNode">
                    <Properties>
                        <Property Name="Icon">url('CommentReply.gif')</Property>
                    </Properties>
                </StyleClass>
                <StyleClass Name="NavigationLinkTop">
                    <Properties>
                        <Property Name="Label">Open topic with navigation</Property>
                    </Properties>
                </StyleClass>
                <StyleClass Name="NavigationLinkBottom">
                    <Properties>
                        <Property Name="Label">Open topic with navigation</Property>
                    </Properties>
                </StyleClass>
            </Classes>
        </Style>
        <Style Name="Dialog">
            <Classes>
                <StyleClass Name="Rating">
                    <Properties>
                        <Property Name="CommentLengthExceeded">The maximum comment length was exceeded by {n} characters.</Property>
                    </Properties>
                </StyleClass>
                <StyleClass Name="AddComment">
                    <Properties>
                        <Property Name="CommentLengthExceeded">The maximum comment length was exceeded by {n} characters.</Property>
                    </Properties>
                </StyleClass>
                <StyleClass Name="ReplyComment">
                    <Properties>
                        <Property Name="CommentLengthExceeded">The maximum comment length was exceeded by {n} characters.</Property>
                    </Properties>
                </StyleClass>
            </Classes>
        </Style>
    </Styles>
    <ResourcesInfo>
        <Resource Name="Back.gif" Width="23" Height="22" />
        <Resource Name="Back_selected.gif" Width="23" Height="22" />
        <Resource Name="Back_over.gif" Width="23" Height="22" />
        <Resource Name="Forward.gif" Width="23" Height="22" />
        <Resource Name="Forward_selected.gif" Width="23" Height="22" />
        <Resource Name="Forward_over.gif" Width="23" Height="22" />
        <Resource Name="HideNavigation.gif" Width="23" Height="22" />
        <Resource Name="HideNavigation_selected.gif" Width="23" Height="22" />
        <Resource Name="HideNavigation_over.gif" Width="23" Height="22" />
        <Resource Name="HideNavigation_checked.gif" Width="23" Height="22" />
        <Resource Name="logoicon.png" Width="111" Height="25" />
        <Resource Name="TocIcon.gif" Width="16" Height="16" />
        <Resource Name="TocAccordionBackground.jpg" Width="2" Height="28" />
        <Resource Name="TocAccordionBackground_over.jpg" Width="2" Height="28" />
        <Resource Name="IndexIcon.gif" Width="16" Height="16" />
        <Resource Name="IndexAccordionBackground.jpg" Width="2" Height="28" />
        <Resource Name="IndexAccordionBackground_over.jpg" Width="2" Height="28" />
        <Resource Name="SearchIcon.gif" Width="16" Height="16" />
        <Resource Name="SearchAccordionBackground.jpg" Width="2" Height="28" />
        <Resource Name="SearchAccordionBackground_over.jpg" Width="2" Height="28" />
        <Resource Name="FavoritesIcon.gif" Width="16" Height="16" />
        <Resource Name="FavoritesAccordionBackground.jpg" Width="2" Height="28" />
        <Resource Name="FavoritesAccordionBackground_over.jpg" Width="2" Height="28" />
        <Resource Name="BrowsesequencesIcon.gif" Width="16" Height="16" />
        <Resource Name="BrowsesequencesAccordionBackground.jpg" Width="2" Height="28" />
        <Resource Name="BrowsesequencesAccordionBackground_over.jpg" Width="2" Height="28" />
        <Resource Name="GlossaryIcon.gif" Width="16" Height="16" />
        <Resource Name="GlossaryAccordionBackground.jpg" Width="2" Height="28" />
        <Resource Name="GlossaryAccordionBackground_over.jpg" Width="2" Height="28" />
        <Resource Name="TopicCommentsIcon.gif" Width="16" Height="16" />
        <Resource Name="TopicCommentsAccordionBackground.jpg" Width="2" Height="28" />
        <Resource Name="TopicCommentsAccordionBackground_over.jpg" Width="2" Height="28" />
        <Resource Name="RecentCommentsIcon.gif" Width="16" Height="16" />
        <Resource Name="RecentCommentsAccordionBackground.jpg" Width="2" Height="28" />
        <Resource Name="RecentCommentsAccordionBackground_over.jpg" Width="2" Height="28" />
        <Resource Name="AccordionIconsBackground.jpg" Width="2" Height="28" />
        <Resource Name="Topic.gif" Width="16" Height="16" />
        <Resource Name="Book.gif" Width="16" Height="16" />
        <Resource Name="BookOpen.gif" Width="16" Height="16" />
        <Resource Name="ToolbarBackground.jpg" Width="2" Height="28" />
        <Resource Name="NavigationTopGradient.jpg" Width="2" Height="8" />
        <Resource Name="NavigationBottomGradient.jpg" Width="2" Height="7" />
        <Resource Name="NavigationBottomGradient_selected.jpg" Width="2" Height="7" />
        <Resource Name="Delete.gif" Width="23" Height="22" />
        <Resource Name="Delete_selected.gif" Width="23" Height="22" />
        <Resource Name="Delete_over.gif" Width="23" Height="22" />
        <Resource Name="Delete.gif" Width="23" Height="22" />
        <Resource Name="Delete_selected.gif" Width="23" Height="22" />
        <Resource Name="Delete_over.gif" Width="23" Height="22" />
        <Resource Name="AddSearchToFavorites.gif" Width="23" Height="22" />
        <Resource Name="AddSearchToFavorites_selected.gif" Width="23" Height="22" />
        <Resource Name="AddSearchToFavorites_over.gif" Width="23" Height="22" />
        <Resource Name="AddComment.gif" Width="23" Height="22" />
        <Resource Name="AddComment_selected.gif" Width="23" Height="22" />
        <Resource Name="AddComment_over.gif" Width="23" Height="22" />
        <Resource Name="ReplyComment.gif" Width="23" Height="22" />
        <Resource Name="ReplyComment_selected.gif" Width="23" Height="22" />
        <Resource Name="ReplyComment_over.gif" Width="23" Height="22" />
        <Resource Name="RefreshTopicComments.gif" Width="23" Height="22" />
        <Resource Name="RefreshTopicComments_selected.gif" Width="23" Height="22" />
        <Resource Name="RefreshTopicComments_over.gif" Width="23" Height="22" />
        <Resource Name="Comment.gif" Width="16" Height="16" />
        <Resource Name="CommentReply.gif" Width="16" Height="16" />
    </ResourcesInfo>
</Stylesheet>