<?xml version="1.0" encoding="utf-8"?><CatapultTargetIndex><IndexEntry><Entries><IndexEntry Term="Numeric Branch Not Equal"><Entries /><Links><IndexLink Title="TCP Probe Command Reference" Link="/Content/02-CustomProbes/commandref.html#kanchor360" UsedConditions="" LocalConditions="" /></Links><SeeAlsoLinks /><IndexControlLinks /><SortAsLinks /></IndexEntry><IndexEntry Term="Numeric Comparisons"><Entries /><Links><IndexLink Title="The &lt;snmp-device-thresholds&gt; Section" Link="/Content/02-CustomProbes/Thresholds.htm#kanchor167" UsedConditions="" LocalConditions="" /></Links><SeeAlsoLinks /><IndexControlLinks /><SortAsLinks /></IndexEntry><IndexEntry Term="Octal Number"><Entries /><Links><IndexLink Title="The &lt;script&gt; Section" Link="/Content/02-CustomProbes/language.html#kanchor330" UsedConditions="" LocalConditions="" /></Links><SeeAlsoLinks /><IndexControlLinks /><SortAsLinks /></IndexEntry><IndexEntry Term="OctetString"><Entries /><Links><IndexLink Title="Debugging with the SNMPWalk Command" Link="/Content/02-CustomProbes/Debugging_with_SNMPWalk.htm#kanchor646" UsedConditions="" LocalConditions="" /></Links><SeeAlsoLinks /><IndexControlLinks /><SortAsLinks /></IndexEntry><IndexEntry Term="OFF"><Entries /><Links><IndexLink Title="TCP Probe Command Reference" Link="/Content/02-CustomProbes/commandref.html#kanchor399" UsedConditions="" LocalConditions="" /></Links><SeeAlsoLinks /><IndexControlLinks /><SortAsLinks /></IndexEntry><IndexEntry Term="OID"><Entries><IndexEntry Term="number"><Entries /><Links><IndexLink Title="Debugging with the SNMPWalk Command" Link="/Content/02-CustomProbes/Debugging_with_SNMPWalk.htm#kanchor625" UsedConditions="" LocalConditions="" /></Links><SeeAlsoLinks /><IndexControlLinks /><SortAsLinks /></IndexEntry></Entries><Links><IndexLink Title="The &lt;snmp-device-variables&gt; Section" Link="/Content/02-CustomProbes/snmp-device-variables.htm#kanchor148" UsedConditions="" LocalConditions="" /><IndexLink Title="Errors with Custom Probes" Link="/Content/02-CustomProbes/errors.html#kanchor597" UsedConditions="" LocalConditions="" /><IndexLink Title="Debugging with the SNMPWalk Command" Link="/Content/02-CustomProbes/Debugging_with_SNMPWalk.htm#kanchor608" UsedConditions="" LocalConditions="" /></Links><SeeAlsoLinks /><IndexControlLinks /><SortAsLinks /></IndexEntry><IndexEntry Term="OID Error"><Entries /><Links><IndexLink Title="Errors with Custom Probes" Link="/Content/02-CustomProbes/errors.html#kanchor602" UsedConditions="" LocalConditions="" /></Links><SeeAlsoLinks /><IndexControlLinks /><SortAsLinks /></IndexEntry><IndexEntry Term="OK"><Entries /><Links><IndexLink Title="The &lt;script&gt; Section" Link="/Content/02-CustomProbes/language.html#kanchor315" UsedConditions="" LocalConditions="" /><IndexLink Title="Example TCP Probe File" Link="/Content/02-CustomProbes/tcpexample.html#kanchor518" UsedConditions="" LocalConditions="" /></Links><SeeAlsoLinks /><IndexControlLinks /><SortAsLinks /></IndexEntry><IndexEntry Term="OK Response"><Entries /><Links><IndexLink Title="Example TCP Probe File" Link="/Content/02-CustomProbes/tcpexample.html#kanchor517" UsedConditions="" LocalConditions="" /></Links><SeeAlsoLinks /><IndexControlLinks /><SortAsLinks /></IndexEntry><IndexEntry Term="OKAY"><Entries /><Links><IndexLink Title="TCP Probe Command Reference" Link="/Content/02-CustomProbes/commandref.html#kanchor437" UsedConditions="" LocalConditions="" /></Links><SeeAlsoLinks /><IndexControlLinks /><SortAsLinks /></IndexEntry><IndexEntry Term="Old_protocol"><Entries /><Links><IndexLink Title="The &lt;header&gt; Section" Link="/Content/02-CustomProbes/header.html#kanchor73" UsedConditions="" LocalConditions="" /></Links><SeeAlsoLinks /><IndexControlLinks /><SortAsLinks /></IndexEntry><IndexEntry Term="Old_script"><Entries /><Links><IndexLink Title="The &lt;header&gt; Section" Link="/Content/02-CustomProbes/header.html#kanchor74" UsedConditions="" LocalConditions="" /></Links><SeeAlsoLinks /><IndexControlLinks /><SortAsLinks /></IndexEntry><IndexEntry Term="ON"><Entries /><Links><IndexLink Title="TCP Probe Command Reference" Link="/Content/02-CustomProbes/commandref.html#kanchor376" UsedConditions="" LocalConditions="" /></Links><SeeAlsoLinks /><IndexControlLinks /><SortAsLinks /></IndexEntry><IndexEntry Term="P/Plain Text"><Entries /><Links><IndexLink Title="IMML - InterMapper Markup Language" Link="/Content/02-CustomProbes/IMML - InterMapper Markup Language.htm#kanchor129" UsedConditions="" LocalConditions="" /></Links><SeeAlsoLinks /><IndexControlLinks /><SortAsLinks /></IndexEntry><IndexEntry Term="Pagetitle"><Entries /><Links><IndexLink Title="Template Files" Link="/Content/03-CustomWebPages/templatefiles.html#kanchor686" UsedConditions="" LocalConditions="" /><IndexLink Title="Macro Reference" Link="/Content/03-CustomWebPages/macros.htm#kanchor751" UsedConditions="" LocalConditions="" /></Links><SeeAlsoLinks /><IndexControlLinks /><SortAsLinks /></IndexEntry><IndexEntry Term="Param"><Entries /><Links><IndexLink Title="The &lt;script&gt; Section" Link="/Content/02-CustomProbes/language.html#kanchor353" UsedConditions="" LocalConditions="" /></Links><SeeAlsoLinks /><IndexControlLinks /><SortAsLinks /></IndexEntry><IndexEntry Term="Parameter Section Example"><Entries /><Links><IndexLink Title="The &lt;parameters&gt; Section" Link="/Content/02-CustomProbes/parameters.html#kanchor99" UsedConditions="" LocalConditions="" /></Links><SeeAlsoLinks /><IndexControlLinks /><SortAsLinks /></IndexEntry><IndexEntry Term="PASS"><Entries /><Links><IndexLink Title="TCP Probe Command Reference" Link="/Content/02-CustomProbes/commandref.html#kanchor470" UsedConditions="" LocalConditions="" /></Links><SeeAlsoLinks /><IndexControlLinks /><SortAsLinks /></IndexEntry><IndexEntry Term="PASSWORD"><Entries /><Links><IndexLink Title="The &lt;parameters&gt; Section" Link="/Content/02-CustomProbes/parameters.html#kanchor97" UsedConditions="" LocalConditions="" /></Links><SeeAlsoLinks /><IndexControlLinks /><SortAsLinks /></IndexEntry><IndexEntry Term="Password Fields"><Entries /><Links><IndexLink Title="The &lt;parameters&gt; Section" Link="/Content/02-CustomProbes/parameters.html#kanchor98" UsedConditions="" LocalConditions="" /></Links><SeeAlsoLinks /><IndexControlLinks /><SortAsLinks /></IndexEntry><IndexEntry Term="PATH"><Entries /><Links><IndexLink Title="The &lt;command-line&gt; Section" Link="/Content/02-CustomProbes/command-line-section.htm#kanchor562" UsedConditions="" LocalConditions="" /></Links><SeeAlsoLinks /><IndexControlLinks /><SortAsLinks /></IndexEntry><IndexEntry Term="Pdutype"><Entries /><Links><IndexLink Title="The &lt;snmp-device-properties&gt; &#xA;  Section" Link="/Content/02-CustomProbes/snmp-device-properties.htm#kanchor176" UsedConditions="" LocalConditions="" /><IndexLink Title="Probe Properties" Link="/Content/02-CustomProbes/probeproperties.htm#kanchor272" UsedConditions="" LocalConditions="" /></Links><SeeAlsoLinks /><IndexControlLinks /><SortAsLinks /></IndexEntry><IndexEntry Term="Perl"><Entries /><Links><IndexLink Title="Probe Calculations" Link="/Content/02-CustomProbes/probecalculations.htm#kanchor222" UsedConditions="" LocalConditions="" /><IndexLink Title="Command Line Probes" Link="/Content/02-CustomProbes/commandlineprobes.htm#kanchor542" UsedConditions="" LocalConditions="" /></Links><SeeAlsoLinks /><IndexControlLinks /><SortAsLinks /></IndexEntry><IndexEntry Term="Perl-like"><Entries /><Links><IndexLink Title="Probe Calculations" Link="/Content/02-CustomProbes/probecalculations.htm#kanchor219" UsedConditions="" LocalConditions="" /></Links><SeeAlsoLinks /><IndexControlLinks /><SortAsLinks /></IndexEntry><IndexEntry Term="PerMapHTML"><Entries /><Links><IndexLink Title="Folder Structure" Link="/Content/03-CustomWebPages/folders.html#kanchor783" UsedConditions="" LocalConditions="" /></Links><SeeAlsoLinks /><IndexControlLinks /><SortAsLinks /></IndexEntry><IndexEntry Term="PI"><Entries><IndexEntry Term="value"><Entries /><Links><IndexLink Title="Probe Calculations" Link="/Content/02-CustomProbes/probecalculations.htm#kanchor201" UsedConditions="" LocalConditions="" /></Links><SeeAlsoLinks /><IndexControlLinks /><SortAsLinks /></IndexEntry></Entries><Links><IndexLink Title="Probe Calculations" Link="/Content/02-CustomProbes/probecalculations.htm#kanchor246" UsedConditions="" LocalConditions="" /></Links><SeeAlsoLinks /><IndexControlLinks /><SortAsLinks /></IndexEntry><IndexEntry Term="Plugin"><Entries /><Links><IndexLink Title="Nagios Plugins" Link="/Content/02-CustomProbes/nagios.htm#kanchor566" UsedConditions="" LocalConditions="" /></Links><SeeAlsoLinks /><IndexControlLinks /><SortAsLinks /></IndexEntry><IndexEntry Term="Png"><Entries /><Links><IndexLink Title="Macro Reference" Link="/Content/03-CustomWebPages/macros.htm#kanchor737" UsedConditions="" LocalConditions="" /></Links><SeeAlsoLinks /><IndexControlLinks /><SortAsLinks /></IndexEntry><IndexEntry Term="PORT"><Entries /><Links><IndexLink Title="TCP Probe Command Reference" Link="/Content/02-CustomProbes/commandref.html#kanchor396" UsedConditions="" LocalConditions="" /><IndexLink Title="The &lt;command-line&gt; Section" Link="/Content/02-CustomProbes/command-line-section.htm#kanchor563" UsedConditions="" LocalConditions="" /><IndexLink Title="Nagios Plugins" Link="/Content/02-CustomProbes/nagios.htm#kanchor574" UsedConditions="" LocalConditions="" /></Links><SeeAlsoLinks /><IndexControlLinks /><SortAsLinks /></IndexEntry><IndexEntry Term="Port_num"><Entries /><Links><IndexLink Title="TCP Probe Command Reference" Link="/Content/02-CustomProbes/commandref.html#kanchor396" UsedConditions="" LocalConditions="" /></Links><SeeAlsoLinks /><IndexControlLinks /><SortAsLinks /></IndexEntry><IndexEntry Term="Port_number"><Entries /><Links><IndexLink Title="The &lt;header&gt; Section" Link="/Content/02-CustomProbes/header.html#kanchor55" UsedConditions="" LocalConditions="" /><IndexLink Title="Example TCP Probe File" Link="/Content/02-CustomProbes/tcpexample.html#kanchor506" UsedConditions="" LocalConditions="" /></Links><SeeAlsoLinks /><IndexControlLinks /><SortAsLinks /></IndexEntry><IndexEntry Term="Possible Failures"><Entries /><Links><IndexLink Title="TCP Probe Command Reference" Link="/Content/02-CustomProbes/commandref.html#kanchor432" UsedConditions="" LocalConditions="" /></Links><SeeAlsoLinks /><IndexControlLinks /><SortAsLinks /></IndexEntry><IndexEntry Term="Precedence Table"><Entries /><Links><IndexLink Title="Probe Calculations" Link="/Content/02-CustomProbes/probecalculations.htm#kanchor224" UsedConditions="" LocalConditions="" /></Links><SeeAlsoLinks /><IndexControlLinks /><SortAsLinks /></IndexEntry><IndexEntry Term="Preventing"><Entries><IndexEntry Term="Quoted String From Becoming a Link"><Entries /><Links><IndexLink Title="Quoted Links" Link="/Content/03-CustomWebPages/quotedlinks.html#kanchor712" UsedConditions="" LocalConditions="" /></Links><SeeAlsoLinks /><IndexControlLinks /><SortAsLinks /></IndexEntry></Entries><Links><IndexLink Title="Quoted Links" Link="/Content/03-CustomWebPages/quotedlinks.html#kanchor711" UsedConditions="" LocalConditions="" /></Links><SeeAlsoLinks /><IndexControlLinks /><SortAsLinks /></IndexEntry><IndexEntry Term="Previousoutages"><Entries /><Links><IndexLink Title="Macro Reference" Link="/Content/03-CustomWebPages/macros.htm#kanchor726" UsedConditions="" LocalConditions="" /></Links><SeeAlsoLinks /><IndexControlLinks /><SortAsLinks /></IndexEntry><IndexEntry Term="Priv"><Entries /><Links><IndexLink Title="Debugging with the SNMPWalk Command" Link="/Content/02-CustomProbes/Debugging_with_SNMPWalk.htm#kanchor635" UsedConditions="" LocalConditions="" /></Links><SeeAlsoLinks /><IndexControlLinks /><SortAsLinks /></IndexEntry><IndexEntry Term="Privpassword"><Entries /><Links><IndexLink Title="Debugging with the SNMPWalk Command" Link="/Content/02-CustomProbes/Debugging_with_SNMPWalk.htm#kanchor629" UsedConditions="" LocalConditions="" /></Links><SeeAlsoLinks /><IndexControlLinks /><SortAsLinks /></IndexEntry><IndexEntry Term="Probe Calculations"><Entries /><Links><IndexLink Title="Probe Calculations" Link="/Content/02-CustomProbes/probecalculations.htm#kanchor195" UsedConditions="" LocalConditions="" /></Links><SeeAlsoLinks /><IndexControlLinks /><SortAsLinks /></IndexEntry><IndexEntry Term="Probe Command Details"><Entries /><Links><IndexLink Title="TCP Probe Command Reference" Link="/Content/02-CustomProbes/commandref.html#kanchor431" UsedConditions="" LocalConditions="" /></Links><SeeAlsoLinks /><IndexControlLinks /><SortAsLinks /></IndexEntry><IndexEntry Term="Probe Command Reference"><Entries><IndexEntry Term="scanning"><Entries /><Links><IndexLink Title="TCP Probe Command Reference" Link="/Content/02-CustomProbes/commandref.html#kanchor456" UsedConditions="" LocalConditions="" /></Links><SeeAlsoLinks /><IndexControlLinks /><SortAsLinks /></IndexEntry></Entries><Links><IndexLink Title="TCP Probe Command Reference" Link="/Content/02-CustomProbes/commandref.html#kanchor362" UsedConditions="" LocalConditions="" /><IndexLink Title="TCP Probe Command Reference" Link="/Content/02-CustomProbes/commandref.html#kanchor363" UsedConditions="" LocalConditions="" /></Links><SeeAlsoLinks /><IndexControlLinks /><SortAsLinks /></IndexEntry><IndexEntry Term="Probe Comments"><Entries /><Links><IndexLink Title="Probe Comments" Link="/Content/02-CustomProbes/comments.html#kanchor130" UsedConditions="" LocalConditions="" /></Links><SeeAlsoLinks /><IndexControlLinks /><SortAsLinks /></IndexEntry><IndexEntry Term="Probe Configuration window"><Entries /><Links><IndexLink Title="The &lt;description&gt; Section" Link="/Content/02-CustomProbes/description.html#kanchor90" UsedConditions="" LocalConditions="" /><IndexLink Title="The &lt;parameters&gt; Section" Link="/Content/02-CustomProbes/parameters.html#kanchor93" UsedConditions="" LocalConditions="" /></Links><SeeAlsoLinks /><IndexControlLinks /><SortAsLinks /></IndexEntry><IndexEntry Term="probe data, recording"><Entries /><Links><IndexLink Title="The &lt;datasets&gt; section" Link="/Content/02-CustomProbes/recordingdata.htm#kanchor102" UsedConditions="" LocalConditions="" /></Links><SeeAlsoLinks /><IndexControlLinks /><SortAsLinks /></IndexEntry><IndexEntry Term="Probe File Description"><Entries /><Links><IndexLink Title="The &lt;description&gt; Section" Link="/Content/02-CustomProbes/description.html#kanchor88" UsedConditions="" LocalConditions="" /></Links><SeeAlsoLinks /><IndexControlLinks /><SortAsLinks /></IndexEntry><IndexEntry Term="Probe Files"><Entries /><Links><IndexLink Title="The &lt;header&gt; Section" Link="/Content/02-CustomProbes/header.html#kanchor77" UsedConditions="" LocalConditions="" /><IndexLink Title="Installing and Reloading Probes" Link="/Content/02-CustomProbes/installing.html#kanchor582" UsedConditions="" LocalConditions="" /><IndexLink Title="Probe Files and File Names" Link="/Content/02-CustomProbes/filenames.html#kanchor813" UsedConditions="" LocalConditions="" /></Links><SeeAlsoLinks /><IndexControlLinks /><SortAsLinks /></IndexEntry><IndexEntry Term="Probe Parameters"><Entries /><Links><IndexLink Title="The &lt;parameters&gt; Section" Link="/Content/02-CustomProbes/parameters.html#kanchor92" UsedConditions="" LocalConditions="" /></Links><SeeAlsoLinks /><IndexControlLinks /><SortAsLinks /></IndexEntry><IndexEntry Term="Probe Properties"><Entries /><Links><IndexLink Title="Probe Properties" Link="/Content/02-CustomProbes/probeproperties.htm#kanchor267" UsedConditions="" LocalConditions="" /></Links><SeeAlsoLinks /><IndexControlLinks /><SortAsLinks /></IndexEntry><IndexEntry Term="Probe Type"><Entries /><Links><IndexLink Title="Anatomy of a Probe" Link="/Content/02-CustomProbes/Anatomy_of_a_Probe.htm#kanchor23" UsedConditions="" LocalConditions="" /><IndexLink Title="The &lt;header&gt; Section" Link="/Content/02-CustomProbes/header.html#kanchor38" UsedConditions="" LocalConditions="" /><IndexLink Title="Nagios Plugins" Link="/Content/02-CustomProbes/nagios.htm#kanchor572" UsedConditions="" LocalConditions="" /><IndexLink Title="Installing and Reloading Probes" Link="/Content/02-CustomProbes/installing.html#kanchor589" UsedConditions="" LocalConditions="" /></Links><SeeAlsoLinks /><IndexControlLinks /><SortAsLinks /></IndexEntry><IndexEntry Term="Probe_name"><Entries /><Links><IndexLink Title="The &lt;header&gt; Section" Link="/Content/02-CustomProbes/header.html#kanchor51" UsedConditions="" LocalConditions="" /><IndexLink Title="Example TCP Probe File" Link="/Content/02-CustomProbes/tcpexample.html#kanchor503" UsedConditions="" LocalConditions="" /></Links><SeeAlsoLinks /><IndexControlLinks /><SortAsLinks /></IndexEntry><IndexEntry Term="Probes"><Entries /><Links><IndexLink Title="Overview" Link="/Content/02-CustomProbes/customprobes.html#kanchor14" UsedConditions="" LocalConditions="" /><IndexLink Title="The &lt;header&gt; Section" Link="/Content/02-CustomProbes/header.html#kanchor78" UsedConditions="" LocalConditions="" /><IndexLink Title="Command Line Probes" Link="/Content/02-CustomProbes/commandlineprobes.htm#kanchor535" UsedConditions="" LocalConditions="" /><IndexLink Title="Installing and Reloading Probes" Link="/Content/02-CustomProbes/installing.html#kanchor585" UsedConditions="" LocalConditions="" /><IndexLink Title="Probe Files and File Names" Link="/Content/02-CustomProbes/filenames.html#kanchor814" UsedConditions="" LocalConditions="" /></Links><SeeAlsoLinks /><IndexControlLinks /><SortAsLinks /></IndexEntry><IndexEntry Term="Probes/plugins"><Entries /><Links><IndexLink Title="Command Line Probes" Link="/Content/02-CustomProbes/commandlineprobes.htm#kanchor556" UsedConditions="" LocalConditions="" /><IndexLink Title="Nagios Plugins" Link="/Content/02-CustomProbes/nagios.htm#kanchor581" UsedConditions="" LocalConditions="" /></Links><SeeAlsoLinks /><IndexControlLinks /><SortAsLinks /></IndexEntry><IndexEntry Term="Program Control"><Entries><IndexEntry Term="Using Labels"><Entries /><Links><IndexLink Title="The &lt;script&gt; Section" Link="/Content/02-CustomProbes/language.html#kanchor298" UsedConditions="" LocalConditions="" /></Links><SeeAlsoLinks /><IndexControlLinks /><SortAsLinks /></IndexEntry></Entries><Links><IndexLink Title="The &lt;script&gt; Section" Link="/Content/02-CustomProbes/language.html#kanchor298" UsedConditions="" LocalConditions="" /></Links><SeeAlsoLinks /><IndexControlLinks /><SortAsLinks /></IndexEntry><IndexEntry Term="Program/script"><Entries><IndexEntry Term="name"><Entries /><Links><IndexLink Title="Command Line Probes" Link="/Content/02-CustomProbes/commandlineprobes.htm#kanchor550" UsedConditions="" LocalConditions="" /></Links><SeeAlsoLinks /><IndexControlLinks /><SortAsLinks /></IndexEntry></Entries><Links><IndexLink Title="Command Line Probes" Link="/Content/02-CustomProbes/commandlineprobes.htm#kanchor549" UsedConditions="" LocalConditions="" /></Links><SeeAlsoLinks /><IndexControlLinks /><SortAsLinks /></IndexEntry><IndexEntry Term="Python"><Entries /><Links><IndexLink Title="Command Line Probes" Link="/Content/02-CustomProbes/commandlineprobes.htm#kanchor560" UsedConditions="" LocalConditions="" /></Links><SeeAlsoLinks /><IndexControlLinks /><SortAsLinks /></IndexEntry><IndexEntry Term="Query"><Entries><IndexEntry Term="APC-UPS MIB"><Entries /><Links><IndexLink Title="The &lt;snmp-device-properties&gt; &#xA;  Section" Link="/Content/02-CustomProbes/snmp-device-properties.htm#kanchor180" UsedConditions="" LocalConditions="" /><IndexLink Title="Probe Properties" Link="/Content/02-CustomProbes/probeproperties.htm#kanchor279" UsedConditions="" LocalConditions="" /></Links><SeeAlsoLinks /><IndexControlLinks /><SortAsLinks /></IndexEntry><IndexEntry Term="sysUptime MIB-2"><Entries /><Links><IndexLink Title="The &lt;snmp-device-properties&gt; &#xA;  Section" Link="/Content/02-CustomProbes/snmp-device-properties.htm#kanchor174" UsedConditions="" LocalConditions="" /><IndexLink Title="Probe Properties" Link="/Content/02-CustomProbes/probeproperties.htm#kanchor274" UsedConditions="" LocalConditions="" /></Links><SeeAlsoLinks /><IndexControlLinks /><SortAsLinks /></IndexEntry></Entries><Links><IndexLink Title="The &lt;snmp-device-properties&gt; &#xA;  Section" Link="/Content/02-CustomProbes/snmp-device-properties.htm#kanchor171" UsedConditions="" LocalConditions="" /><IndexLink Title="Probe Properties" Link="/Content/02-CustomProbes/probeproperties.htm#kanchor273" UsedConditions="" LocalConditions="" /></Links><SeeAlsoLinks /><IndexControlLinks /><SortAsLinks /></IndexEntry><IndexEntry Term="QUIT/r/n"><Entries /><Links><IndexLink Title="TCP Probe Command Reference" Link="/Content/02-CustomProbes/commandref.html#kanchor360" UsedConditions="" LocalConditions="" /></Links><SeeAlsoLinks /><IndexControlLinks /><SortAsLinks /></IndexEntry><IndexEntry Term="Quoted Links"><Entries /><Links><IndexLink Title="Target Files" Link="/Content/03-CustomWebPages/targetfiles.html#kanchor669" UsedConditions="" LocalConditions="" /><IndexLink Title="Quoted Links" Link="/Content/03-CustomWebPages/quotedlinks.html#kanchor707" UsedConditions="" LocalConditions="" /></Links><SeeAlsoLinks /><IndexControlLinks /><SortAsLinks /></IndexEntry><IndexEntry Term="Recognize"><Entries><IndexEntry Term="USER"><Entries /><Links><IndexLink Title="TCP Probe Command Reference" Link="/Content/02-CustomProbes/commandref.html#kanchor445" UsedConditions="" LocalConditions="" /></Links><SeeAlsoLinks /><IndexControlLinks /><SortAsLinks /></IndexEntry></Entries><Links><IndexLink Title="TCP Probe Command Reference" Link="/Content/02-CustomProbes/commandref.html#kanchor476" UsedConditions="" LocalConditions="" /></Links><SeeAlsoLinks /><IndexControlLinks /><SortAsLinks /></IndexEntry><IndexEntry Term="Relational Tests"><Entries /><Links><IndexLink Title="Probe Calculations" Link="/Content/02-CustomProbes/probecalculations.htm#kanchor229" UsedConditions="" LocalConditions="" /></Links><SeeAlsoLinks /><IndexControlLinks /><SortAsLinks /></IndexEntry><IndexEntry Term="Relative Offsets"><Entries><IndexEntry Term="Transfer Control"><Entries /><Links><IndexLink Title="The &lt;script&gt; Section" Link="/Content/02-CustomProbes/language.html#kanchor349" UsedConditions="" LocalConditions="" /></Links><SeeAlsoLinks /><IndexControlLinks /><SortAsLinks /></IndexEntry></Entries><Links><IndexLink Title="The &lt;script&gt; Section" Link="/Content/02-CustomProbes/language.html#kanchor342" UsedConditions="" LocalConditions="" /></Links><SeeAlsoLinks /><IndexControlLinks /><SortAsLinks /></IndexEntry><IndexEntry Term="Reload"><Entries><IndexEntry Term="Changed Web Page Files"><Entries /><Links><IndexLink Title="Customizing Web Pages" Link="/Content/03-CustomWebPages/customizingwebpages.html#kanchor660" UsedConditions="" LocalConditions="" /></Links><SeeAlsoLinks /><IndexControlLinks /><SortAsLinks /></IndexEntry></Entries><Links><IndexLink Title="Anatomy of a Probe" Link="/Content/02-CustomProbes/Anatomy_of_a_Probe.htm#kanchor33" UsedConditions="" LocalConditions="" /><IndexLink Title="Customizing Web Pages" Link="/Content/03-CustomWebPages/customizingwebpages.html#kanchor659" UsedConditions="" LocalConditions="" /></Links><SeeAlsoLinks /><IndexControlLinks /><SortAsLinks /></IndexEntry><IndexEntry Term="REMOTEPORT"><Entries /><Links><IndexLink Title="TCP Probe Command Reference" Link="/Content/02-CustomProbes/commandref.html#kanchor474" UsedConditions="" LocalConditions="" /></Links><SeeAlsoLinks /><IndexControlLinks /><SortAsLinks /></IndexEntry><IndexEntry Term="Response"><Entries /><Links><IndexLink Title="TCP Probe Command Reference" Link="/Content/02-CustomProbes/commandref.html#kanchor415" UsedConditions="" LocalConditions="" /></Links><SeeAlsoLinks /><IndexControlLinks /><SortAsLinks /></IndexEntry><IndexEntry Term="Response Times"><Entries><IndexEntry Term="Measuring"><Entries /><Links><IndexLink Title="Measuring TCP&#160;Response Times" Link="/Content/02-CustomProbes/timing.html#kanchor487" UsedConditions="" LocalConditions="" /></Links><SeeAlsoLinks /><IndexControlLinks /><SortAsLinks /></IndexEntry></Entries><Links><IndexLink Title="Measuring TCP&#160;Response Times" Link="/Content/02-CustomProbes/timing.html#kanchor486" UsedConditions="" LocalConditions="" /></Links><SeeAlsoLinks /><IndexControlLinks /><SortAsLinks /></IndexEntry><IndexEntry Term="RFC"><Entries /><Links><IndexLink Title="The &lt;description&gt; Section" Link="/Content/02-CustomProbes/description.html#kanchor91" UsedConditions="" LocalConditions="" /></Links><SeeAlsoLinks /><IndexControlLinks /><SortAsLinks /></IndexEntry><IndexEntry Term="Runnable"><Entries /><Links><IndexLink Title="Command Line Probes" Link="/Content/02-CustomProbes/commandlineprobes.htm#kanchor561" UsedConditions="" LocalConditions="" /></Links><SeeAlsoLinks /><IndexControlLinks /><SortAsLinks /></IndexEntry><IndexEntry Term="Runnable/executable"><Entries /><Links><IndexLink Title="Nagios Plugins" Link="/Content/02-CustomProbes/nagios.htm#kanchor568" UsedConditions="" LocalConditions="" /></Links><SeeAlsoLinks /><IndexControlLinks /><SortAsLinks /></IndexEntry><IndexEntry Term="Sample &lt;snmp-device-threshold"><Entries /><Links><IndexLink Title="SNMP Probes" Link="/Content/02-CustomProbes/customsnmpprobes.html#kanchor132" UsedConditions="" LocalConditions="" /></Links><SeeAlsoLinks /><IndexControlLinks /><SortAsLinks /></IndexEntry></Entries></IndexEntry></CatapultTargetIndex>