<?xml version="1.0" encoding="utf-8"?><CatapultTargetIndex><IndexEntry><Entries><IndexEntry Term="httpparams_nextchart"><Entries /><Links><IndexLink Title="Macro Reference" Link="/Content/03-CustomWebPages/macros.htm#kanchor765" UsedConditions="" LocalConditions="" /></Links><SeeAlsoLinks /><IndexControlLinks /><SortAsLinks /></IndexEntry><IndexEntry Term="httpparams_prevchart"><Entries /><Links><IndexLink Title="Macro Reference" Link="/Content/03-CustomWebPages/macros.htm#kanchor766" UsedConditions="" LocalConditions="" /></Links><SeeAlsoLinks /><IndexControlLinks /><SortAsLinks /></IndexEntry><IndexEntry Term="httpparams_startchart"><Entries /><Links><IndexLink Title="Macro Reference" Link="/Content/03-CustomWebPages/macros.htm#kanchor767" UsedConditions="" LocalConditions="" /></Links><SeeAlsoLinks /><IndexControlLinks /><SortAsLinks /></IndexEntry><IndexEntry Term="httpparams_timescale"><Entries /><Links><IndexLink Title="Macro Reference" Link="/Content/03-CustomWebPages/macros.htm#kanchor768" UsedConditions="" LocalConditions="" /></Links><SeeAlsoLinks /><IndexControlLinks /><SortAsLinks /></IndexEntry><IndexEntry Term="Human_name"><Entries /><Links><IndexLink Title="The &lt;header&gt; Section" Link="/Content/02-CustomProbes/header.html#kanchor52" UsedConditions="" LocalConditions="" /><IndexLink Title="Example TCP Probe File" Link="/Content/02-CustomProbes/tcpexample.html#kanchor504" UsedConditions="" LocalConditions="" /></Links><SeeAlsoLinks /><IndexControlLinks /><SortAsLinks /></IndexEntry><IndexEntry Term="Hyperlinks"><Entries><IndexEntry Term="making"><Entries /><Links><IndexLink Title="IMML - InterMapper Markup Language" Link="/Content/02-CustomProbes/IMML - InterMapper Markup Language.htm#kanchor128" UsedConditions="" LocalConditions="" /></Links><SeeAlsoLinks /><IndexControlLinks /><SortAsLinks /></IndexEntry></Entries><Links><IndexLink Title="IMML - InterMapper Markup Language" Link="/Content/02-CustomProbes/IMML - InterMapper Markup Language.htm#kanchor127" UsedConditions="" LocalConditions="" /></Links><SeeAlsoLinks /><IndexControlLinks /><SortAsLinks /></IndexEntry><IndexEntry Term="ICMP"><Entries><IndexEntry Term="send"><Entries /><Links><IndexLink Title="The &lt;header&gt; Section" Link="/Content/02-CustomProbes/header.html#kanchor70" UsedConditions="" LocalConditions="" /></Links><SeeAlsoLinks /><IndexControlLinks /><SortAsLinks /></IndexEntry></Entries><Links><IndexLink Title="The &lt;header&gt; Section" Link="/Content/02-CustomProbes/header.html#kanchor69" UsedConditions="" LocalConditions="" /><IndexLink Title="Measuring TCP&#160;Response Times" Link="/Content/02-CustomProbes/timing.html#kanchor495" UsedConditions="" LocalConditions="" /></Links><SeeAlsoLinks /><IndexControlLinks /><SortAsLinks /></IndexEntry><IndexEntry Term="ID"><Entries /><Links><IndexLink Title="TCP Probe Command Reference" Link="/Content/02-CustomProbes/commandref.html#kanchor410" UsedConditions="" LocalConditions="" /></Links><SeeAlsoLinks /><IndexControlLinks /><SortAsLinks /></IndexEntry><IndexEntry Term="IDLE"><Entries /><Links><IndexLink Title="The &lt;script&gt; Section" Link="/Content/02-CustomProbes/language.html#kanchor346" UsedConditions="" LocalConditions="" /><IndexLink Title="Example TCP Probe File" Link="/Content/02-CustomProbes/tcpexample.html#kanchor525" UsedConditions="" LocalConditions="" /></Links><SeeAlsoLinks /><IndexControlLinks /><SortAsLinks /></IndexEntry><IndexEntry Term="Idlefail"><Entries /><Links><IndexLink Title="TCP Probe Command Reference" Link="/Content/02-CustomProbes/commandref.html#kanchor410" UsedConditions="" LocalConditions="" /></Links><SeeAlsoLinks /><IndexControlLinks /><SortAsLinks /></IndexEntry><IndexEntry Term="IDLELINE"><Entries /><Links><IndexLink Title="Example TCP Probe File" Link="/Content/02-CustomProbes/tcpexample.html#kanchor533" UsedConditions="" LocalConditions="" /></Links><SeeAlsoLinks /><IndexControlLinks /><SortAsLinks /></IndexEntry><IndexEntry Term="If apcups"><Entries /><Links><IndexLink Title="The &lt;snmp-device-properties&gt; &#xA;  Section" Link="/Content/02-CustomProbes/snmp-device-properties.htm#kanchor179" UsedConditions="" LocalConditions="" /><IndexLink Title="Probe Properties" Link="/Content/02-CustomProbes/probeproperties.htm#kanchor278" UsedConditions="" LocalConditions="" /></Links><SeeAlsoLinks /><IndexControlLinks /><SortAsLinks /></IndexEntry><IndexEntry Term="Ifadmin"><Entries /><Links><IndexLink Title="Macro Reference" Link="/Content/03-CustomWebPages/macros.htm#kanchor750" UsedConditions="" LocalConditions="" /></Links><SeeAlsoLinks /><IndexControlLinks /><SortAsLinks /></IndexEntry><IndexEntry Term="IfDescr"><Entries /><Links><IndexLink Title="Errors with Custom Probes" Link="/Content/02-CustomProbes/errors.html#kanchor604" UsedConditions="" LocalConditions="" /></Links><SeeAlsoLinks /><IndexControlLinks /><SortAsLinks /></IndexEntry><IndexEntry Term="IfTable"><Entries /><Links><IndexLink Title="Debugging with the SNMPWalk Command" Link="/Content/02-CustomProbes/Debugging_with_SNMPWalk.htm#kanchor637" UsedConditions="" LocalConditions="" /></Links><SeeAlsoLinks /><IndexControlLinks /><SortAsLinks /></IndexEntry><IndexEntry Term="IfXTable"><Entries /><Links><IndexLink Title="Debugging with the SNMPWalk Command" Link="/Content/02-CustomProbes/Debugging_with_SNMPWalk.htm#kanchor638" UsedConditions="" LocalConditions="" /></Links><SeeAlsoLinks /><IndexControlLinks /><SortAsLinks /></IndexEntry><IndexEntry Term="Ignore"><Entries><IndexEntry Term="telnet"><Entries /><Links><IndexLink Title="TCP Probe Command Reference" Link="/Content/02-CustomProbes/commandref.html#kanchor390" UsedConditions="" LocalConditions="" /></Links><SeeAlsoLinks /><IndexControlLinks /><SortAsLinks /></IndexEntry></Entries><Links><IndexLink Title="TCP Probe Command Reference" Link="/Content/02-CustomProbes/commandref.html#kanchor385" UsedConditions="" LocalConditions="" /></Links><SeeAlsoLinks /><IndexControlLinks /><SortAsLinks /></IndexEntry><IndexEntry Term="Imagefile"><Entries /><Links><IndexLink Title="Macro Reference" Link="/Content/03-CustomWebPages/macros.htm#kanchor754" UsedConditions="" LocalConditions="" /></Links><SeeAlsoLinks /><IndexControlLinks /><SortAsLinks /></IndexEntry><IndexEntry Term="Imageref"><Entries /><Links><IndexLink Title="Template Files" Link="/Content/03-CustomWebPages/templatefiles.html#kanchor689" UsedConditions="" LocalConditions="" /><IndexLink Title="Macro Reference" Link="/Content/03-CustomWebPages/macros.htm#kanchor753" UsedConditions="" LocalConditions="" /><IndexLink Title="Folder Structure" Link="/Content/03-CustomWebPages/folders.html#kanchor782" UsedConditions="" LocalConditions="" /></Links><SeeAlsoLinks /><IndexControlLinks /><SortAsLinks /></IndexEntry><IndexEntry Term="Imagesuffix"><Entries /><Links><IndexLink Title="Macro Reference" Link="/Content/03-CustomWebPages/macros.htm#kanchor736" UsedConditions="" LocalConditions="" /></Links><SeeAlsoLinks /><IndexControlLinks /><SortAsLinks /></IndexEntry><IndexEntry Term="Img"><Entries /><Links><IndexLink Title="Template Files" Link="/Content/03-CustomWebPages/templatefiles.html#kanchor692" UsedConditions="" LocalConditions="" /><IndexLink Title="Macro Reference" Link="/Content/03-CustomWebPages/macros.htm#kanchor755" UsedConditions="" LocalConditions="" /></Links><SeeAlsoLinks /><IndexControlLinks /><SortAsLinks /></IndexEntry><IndexEntry Term="Include"><Entries><IndexEntry Term="carriage-return"><Entries /><Links><IndexLink Title="TCP Probe Command Reference" Link="/Content/02-CustomProbes/commandref.html#kanchor479" UsedConditions="" LocalConditions="" /></Links><SeeAlsoLinks /><IndexControlLinks /><SortAsLinks /></IndexEntry><IndexEntry Term="CPU"><Entries /><Links><IndexLink Title="SNMP Probes" Link="/Content/02-CustomProbes/customsnmpprobes.html#kanchor136" UsedConditions="" LocalConditions="" /></Links><SeeAlsoLinks /><IndexControlLinks /><SortAsLinks /></IndexEntry><IndexEntry Term="SNMP MIB"><Entries /><Links><IndexLink Title="Probe Calculations" Link="/Content/02-CustomProbes/probecalculations.htm#kanchor197" UsedConditions="" LocalConditions="" /></Links><SeeAlsoLinks /><IndexControlLinks /><SortAsLinks /></IndexEntry><IndexEntry Term="WAIT"><Entries /><Links><IndexLink Title="TCP Probe Command Reference" Link="/Content/02-CustomProbes/commandref.html#kanchor410" UsedConditions="" LocalConditions="" /></Links><SeeAlsoLinks /><IndexControlLinks /><SortAsLinks /></IndexEntry></Entries><Links><IndexLink Title="SNMP Probes" Link="/Content/02-CustomProbes/customsnmpprobes.html#kanchor135" UsedConditions="" LocalConditions="" /><IndexLink Title="Probe Calculations" Link="/Content/02-CustomProbes/probecalculations.htm#kanchor195" UsedConditions="" LocalConditions="" /><IndexLink Title="TCP Probe Command Reference" Link="/Content/02-CustomProbes/commandref.html#kanchor464" UsedConditions="" LocalConditions="" /></Links><SeeAlsoLinks /><IndexControlLinks /><SortAsLinks /></IndexEntry><IndexEntry Term="Incoming"><Entries><IndexEntry Term="Telnet"><Entries /><Links><IndexLink Title="TCP Probe Command Reference" Link="/Content/02-CustomProbes/commandref.html#kanchor390" UsedConditions="" LocalConditions="" /></Links><SeeAlsoLinks /><IndexControlLinks /><SortAsLinks /></IndexEntry></Entries><Links><IndexLink Title="TCP Probe Command Reference" Link="/Content/02-CustomProbes/commandref.html#kanchor380" UsedConditions="" LocalConditions="" /></Links><SeeAlsoLinks /><IndexControlLinks /><SortAsLinks /></IndexEntry><IndexEntry Term="Incorrect login"><Entries /><Links><IndexLink Title="TCP Probe Command Reference" Link="/Content/02-CustomProbes/commandref.html#kanchor477" UsedConditions="" LocalConditions="" /></Links><SeeAlsoLinks /><IndexControlLinks /><SortAsLinks /></IndexEntry><IndexEntry Term="Index.html"><Entries /><Links><IndexLink Title="Target Files" Link="/Content/03-CustomWebPages/targetfiles.html#kanchor674" UsedConditions="" LocalConditions="" /><IndexLink Title="Directives" Link="/Content/03-CustomWebPages/directives.html#kanchor701" UsedConditions="" LocalConditions="" /><IndexLink Title="Folder Structure" Link="/Content/03-CustomWebPages/folders.html#kanchor786" UsedConditions="" LocalConditions="" /></Links><SeeAlsoLinks /><IndexControlLinks /><SortAsLinks /></IndexEntry><IndexEntry Term="Indicates"><Entries><IndexEntry Term="SNMP"><Entries /><Links><IndexLink Title="Debugging with the SNMPWalk Command" Link="/Content/02-CustomProbes/Debugging_with_SNMPWalk.htm#kanchor606" UsedConditions="" LocalConditions="" /></Links><SeeAlsoLinks /><IndexControlLinks /><SortAsLinks /></IndexEntry></Entries><Links><IndexLink Title="Debugging with the SNMPWalk Command" Link="/Content/02-CustomProbes/Debugging_with_SNMPWalk.htm#kanchor620" UsedConditions="" LocalConditions="" /></Links><SeeAlsoLinks /><IndexControlLinks /><SortAsLinks /></IndexEntry><IndexEntry Term="Installing"><Entries><IndexEntry Term="Command-line Probe"><Entries /><Links><IndexLink Title="Command Line Probes" Link="/Content/02-CustomProbes/commandlineprobes.htm#kanchor551" UsedConditions="" LocalConditions="" /></Links><SeeAlsoLinks /><IndexControlLinks /><SortAsLinks /></IndexEntry><IndexEntry Term="Custom Probes"><Entries /><Links><IndexLink Title="Installing and Reloading Probes" Link="/Content/02-CustomProbes/installing.html#kanchor587" UsedConditions="" LocalConditions="" /></Links><SeeAlsoLinks /><IndexControlLinks /><SortAsLinks /></IndexEntry></Entries><Links><IndexLink Title="Command Line Probes" Link="/Content/02-CustomProbes/commandlineprobes.htm#kanchor557" UsedConditions="" LocalConditions="" /><IndexLink Title="Installing and Reloading Probes" Link="/Content/02-CustomProbes/installing.html#kanchor586" UsedConditions="" LocalConditions="" /></Links><SeeAlsoLinks /><IndexControlLinks /><SortAsLinks /></IndexEntry><IndexEntry Term="Integer"><Entries /><Links><IndexLink Title="Probe Calculations" Link="/Content/02-CustomProbes/probecalculations.htm#kanchor236" UsedConditions="" LocalConditions="" /></Links><SeeAlsoLinks /><IndexControlLinks /><SortAsLinks /></IndexEntry><IndexEntry Term="InterMapper Logs"><Entries /><Links><IndexLink Title="Debugging with the SNMPWalk Command" Link="/Content/02-CustomProbes/Debugging_with_SNMPWalk.htm#kanchor644" UsedConditions="" LocalConditions="" /></Links><SeeAlsoLinks /><IndexControlLinks /><SortAsLinks /></IndexEntry><IndexEntry Term="InterMapper Remote"><Entries /><Links><IndexLink Title="Command-line Options for InterMapper" Link="/Content/02-CustomProbes/Using_the_Command_Line_Interface.htm#kanchor810" UsedConditions="" LocalConditions="" /></Links><SeeAlsoLinks /><IndexControlLinks /><SortAsLinks /></IndexEntry><IndexEntry Term="InterMapper Scripting Language"><Entries /><Links><IndexLink Title="TCP Probe Command Reference" Link="/Content/02-CustomProbes/commandref.html#kanchor365" UsedConditions="" LocalConditions="" /></Links><SeeAlsoLinks /><IndexControlLinks /><SortAsLinks /></IndexEntry><IndexEntry Term="InterMapper Server"><Entries><IndexEntry Term="testing"><Entries /><Links><IndexLink Title="Command-line Options for InterMapper" Link="/Content/02-CustomProbes/Using_the_Command_Line_Interface.htm#kanchor809" UsedConditions="" LocalConditions="" /></Links><SeeAlsoLinks /><IndexControlLinks /><SortAsLinks /></IndexEntry></Entries><Links /><SeeAlsoLinks /><IndexControlLinks /><SortAsLinks /></IndexEntry><IndexEntry Term="InterMapper Settings"><Entries /><Links><IndexLink Title="The &lt;header&gt; Section" Link="/Content/02-CustomProbes/header.html#kanchor75" UsedConditions="" LocalConditions="" /><IndexLink Title="Nagios Plugins" Link="/Content/02-CustomProbes/nagios.htm#kanchor571" UsedConditions="" LocalConditions="" /><IndexLink Title="Debugging with the SNMPWalk Command" Link="/Content/02-CustomProbes/Debugging_with_SNMPWalk.htm#kanchor643" UsedConditions="" LocalConditions="" /><IndexLink Title="Folder Structure" Link="/Content/03-CustomWebPages/folders.html#kanchor773" UsedConditions="" LocalConditions="" /><IndexLink Title="Probe Files and File Names" Link="/Content/02-CustomProbes/filenames.html#kanchor811" UsedConditions="" LocalConditions="" /></Links><SeeAlsoLinks /><IndexControlLinks /><SortAsLinks /></IndexEntry><IndexEntry Term="Intermapper.domain.com"><Entries /><Links><IndexLink Title="Folder Structure" Link="/Content/03-CustomWebPages/folders.html#kanchor791" UsedConditions="" LocalConditions="" /></Links><SeeAlsoLinks /><IndexControlLinks /><SortAsLinks /></IndexEntry><IndexEntry Term="InterMapper®"><Entries /><Links><IndexLink Title="Software License Agreement" Link="/Content/01-Preface/warranty.html#kanchor5" UsedConditions="" LocalConditions="" /></Links><SeeAlsoLinks /><IndexControlLinks /><SortAsLinks /></IndexEntry><IndexEntry Term="Intermapperaddress"><Entries /><Links><IndexLink Title="Macro Reference" Link="/Content/03-CustomWebPages/macros.htm#kanchor735" UsedConditions="" LocalConditions="" /></Links><SeeAlsoLinks /><IndexControlLinks /><SortAsLinks /></IndexEntry><IndexEntry Term="Intermapperlogo"><Entries /><Links><IndexLink Title="Macro Reference" Link="/Content/03-CustomWebPages/macros.htm#kanchor756" UsedConditions="" LocalConditions="" /></Links><SeeAlsoLinks /><IndexControlLinks /><SortAsLinks /></IndexEntry><IndexEntry Term="Invoking"><Entries><IndexEntry Term="snmpwalk"><Entries /><Links><IndexLink Title="Debugging with the SNMPWalk Command" Link="/Content/02-CustomProbes/Debugging_with_SNMPWalk.htm#kanchor606" UsedConditions="" LocalConditions="" /></Links><SeeAlsoLinks /><IndexControlLinks /><SortAsLinks /></IndexEntry></Entries><Links><IndexLink Title="Debugging with the SNMPWalk Command" Link="/Content/02-CustomProbes/Debugging_with_SNMPWalk.htm#kanchor640" UsedConditions="" LocalConditions="" /></Links><SeeAlsoLinks /><IndexControlLinks /><SortAsLinks /></IndexEntry><IndexEntry Term="IP"><Entries /><Links><IndexLink Title="The &lt;header&gt; Section" Link="/Content/02-CustomProbes/header.html#kanchor36" UsedConditions="" LocalConditions="" /><IndexLink Title="SNMP Probes" Link="/Content/02-CustomProbes/customsnmpprobes.html#kanchor138" UsedConditions="" LocalConditions="" /><IndexLink Title="Example TCP Probe File" Link="/Content/02-CustomProbes/tcpexample.html#kanchor497" UsedConditions="" LocalConditions="" /><IndexLink Title="Command Line Probes" Link="/Content/02-CustomProbes/commandlineprobes.htm#kanchor540" UsedConditions="" LocalConditions="" /><IndexLink Title="Nagios Plugins" Link="/Content/02-CustomProbes/nagios.htm#kanchor575" UsedConditions="" LocalConditions="" /><IndexLink Title="Debugging with the SNMPWalk Command" Link="/Content/02-CustomProbes/Debugging_with_SNMPWalk.htm#kanchor610" UsedConditions="" LocalConditions="" /><IndexLink Title="Macro Reference" Link="/Content/03-CustomWebPages/macros.htm#kanchor734" UsedConditions="" LocalConditions="" /></Links><SeeAlsoLinks /><IndexControlLinks /><SortAsLinks /></IndexEntry><IndexEntry Term="IP-address"><Entries /><Links><IndexLink Title="Debugging with the SNMPWalk Command" Link="/Content/02-CustomProbes/Debugging_with_SNMPWalk.htm#kanchor612" UsedConditions="" LocalConditions="" /></Links><SeeAlsoLinks /><IndexControlLinks /><SortAsLinks /></IndexEntry><IndexEntry Term="IP-address startOID"><Entries /><Links><IndexLink Title="Debugging with the SNMPWalk Command" Link="/Content/02-CustomProbes/Debugging_with_SNMPWalk.htm#kanchor615" UsedConditions="" LocalConditions="" /></Links><SeeAlsoLinks /><IndexControlLinks /><SortAsLinks /></IndexEntry><IndexEntry Term="IpForwarded datagrams"><Entries /><Links><IndexLink Title="The &lt;snmp-device-thresholds&gt; Section" Link="/Content/02-CustomProbes/Thresholds.htm#kanchor164" UsedConditions="" LocalConditions="" /></Links><SeeAlsoLinks /><IndexControlLinks /><SortAsLinks /></IndexEntry><IndexEntry Term="IpForwDatagrams"><Entries /><Links><IndexLink Title="Probe Status Windows" Link="/Content/02-CustomProbes/probestatuswindows.html#kanchor115" UsedConditions="" LocalConditions="" /><IndexLink Title="The &lt;snmp-device-variables&gt; Section" Link="/Content/02-CustomProbes/snmp-device-variables.htm#kanchor151" UsedConditions="" LocalConditions="" /><IndexLink Title="The &lt;snmp-device-display&gt; Section" Link="/Content/02-CustomProbes/snmp-device-display.htm#kanchor187" UsedConditions="" LocalConditions="" /></Links><SeeAlsoLinks /><IndexControlLinks /><SortAsLinks /></IndexEntry><IndexEntry Term="IpInHdrErrors"><Entries /><Links><IndexLink Title="Probe Status Windows" Link="/Content/02-CustomProbes/probestatuswindows.html#kanchor114" UsedConditions="" LocalConditions="" /><IndexLink Title="The &lt;snmp-device-variables&gt; Section" Link="/Content/02-CustomProbes/snmp-device-variables.htm#kanchor153" UsedConditions="" LocalConditions="" /><IndexLink Title="The &lt;snmp-device-display&gt; Section" Link="/Content/02-CustomProbes/snmp-device-display.htm#kanchor186" UsedConditions="" LocalConditions="" /></Links><SeeAlsoLinks /><IndexControlLinks /><SortAsLinks /></IndexEntry><IndexEntry Term="Issue"><Entries><IndexEntry Term="LINE OFF command"><Entries /><Links><IndexLink Title="TCP Probe Command Reference" Link="/Content/02-CustomProbes/commandref.html#kanchor360" UsedConditions="" LocalConditions="" /></Links><SeeAlsoLinks /><IndexControlLinks /><SortAsLinks /></IndexEntry></Entries><Links><IndexLink Title="TCP Probe Command Reference" Link="/Content/02-CustomProbes/commandref.html#kanchor453" UsedConditions="" LocalConditions="" /></Links><SeeAlsoLinks /><IndexControlLinks /><SortAsLinks /></IndexEntry><IndexEntry Term="Jpeg"><Entries /><Links><IndexLink Title="Macro Reference" Link="/Content/03-CustomWebPages/macros.htm#kanchor738" UsedConditions="" LocalConditions="" /></Links><SeeAlsoLinks /><IndexControlLinks /><SortAsLinks /></IndexEntry><IndexEntry Term="jsrefreshmetaoptions"><Entries /><Links><IndexLink Title="Macro Reference" Link="/Content/03-CustomWebPages/macros.htm#kanchor760" UsedConditions="" LocalConditions="" /></Links><SeeAlsoLinks /><IndexControlLinks /><SortAsLinks /></IndexEntry><IndexEntry Term="Jumping"><Entries><IndexEntry Term="Label"><Entries /><Links><IndexLink Title="The &lt;script&gt; Section" Link="/Content/02-CustomProbes/language.html#kanchor298" UsedConditions="" LocalConditions="" /></Links><SeeAlsoLinks /><IndexControlLinks /><SortAsLinks /></IndexEntry></Entries><Links><IndexLink Title="The &lt;script&gt; Section" Link="/Content/02-CustomProbes/language.html#kanchor347" UsedConditions="" LocalConditions="" /></Links><SeeAlsoLinks /><IndexControlLinks /><SortAsLinks /></IndexEntry><IndexEntry Term="Label"><Entries><IndexEntry Term="Jumping"><Entries /><Links><IndexLink Title="The &lt;script&gt; Section" Link="/Content/02-CustomProbes/language.html#kanchor348" UsedConditions="" LocalConditions="" /></Links><SeeAlsoLinks /><IndexControlLinks /><SortAsLinks /></IndexEntry></Entries><Links><IndexLink Title="The &lt;script&gt; Section" Link="/Content/02-CustomProbes/language.html#kanchor298" UsedConditions="" LocalConditions="" /></Links><SeeAlsoLinks /><IndexControlLinks /><SortAsLinks /></IndexEntry><IndexEntry Term="Label_name"><Entries /><Links><IndexLink Title="The &lt;script&gt; Section" Link="/Content/02-CustomProbes/language.html#kanchor345" UsedConditions="" LocalConditions="" /></Links><SeeAlsoLinks /><IndexControlLinks /><SortAsLinks /></IndexEntry><IndexEntry Term="LDAP"><Entries /><Links><IndexLink Title="Overview" Link="/Content/02-CustomProbes/customprobes.html#kanchor15" UsedConditions="" LocalConditions="" /></Links><SeeAlsoLinks /><IndexControlLinks /><SortAsLinks /></IndexEntry><IndexEntry Term="Len"><Entries /><Links><IndexLink Title="Probe Calculations" Link="/Content/02-CustomProbes/probecalculations.htm#kanchor249" UsedConditions="" LocalConditions="" /></Links><SeeAlsoLinks /><IndexControlLinks /><SortAsLinks /></IndexEntry><IndexEntry Term="Level"><Entries><IndexEntry Term="Web Pages"><Entries /><Links><IndexLink Title="Folder Structure" Link="/Content/03-CustomWebPages/folders.html#kanchor771" UsedConditions="" LocalConditions="" /><IndexLink Title="MIME Types" Link="/Content/03-CustomWebPages/Mime_Types.htm#kanchor798" UsedConditions="" LocalConditions="" /></Links><SeeAlsoLinks /><IndexControlLinks /><SortAsLinks /></IndexEntry></Entries><Links><IndexLink Title="Folder Structure" Link="/Content/03-CustomWebPages/folders.html#kanchor774" UsedConditions="" LocalConditions="" /><IndexLink Title="MIME Types" Link="/Content/03-CustomWebPages/Mime_Types.htm#kanchor793" UsedConditions="" LocalConditions="" /></Links><SeeAlsoLinks /><IndexControlLinks /><SortAsLinks /></IndexEntry><IndexEntry Term="LF"><Entries /><Links><IndexLink Title="TCP Probe Command Reference" Link="/Content/02-CustomProbes/commandref.html#kanchor452" UsedConditions="" LocalConditions="" /></Links><SeeAlsoLinks /><IndexControlLinks /><SortAsLinks /></IndexEntry><IndexEntry Term="Limit"><Entries><IndexEntry Term="Macintosh file"><Entries /><Links><IndexLink Title="The &lt;header&gt; Section" Link="/Content/02-CustomProbes/header.html#kanchor82" UsedConditions="" LocalConditions="" /><IndexLink Title="Probe Files and File Names" Link="/Content/02-CustomProbes/filenames.html#kanchor818" UsedConditions="" LocalConditions="" /></Links><SeeAlsoLinks /><IndexControlLinks /><SortAsLinks /></IndexEntry></Entries><Links><IndexLink Title="The &lt;header&gt; Section" Link="/Content/02-CustomProbes/header.html#kanchor81" UsedConditions="" LocalConditions="" /><IndexLink Title="Probe Files and File Names" Link="/Content/02-CustomProbes/filenames.html#kanchor817" UsedConditions="" LocalConditions="" /></Links><SeeAlsoLinks /><IndexControlLinks /><SortAsLinks /></IndexEntry><IndexEntry Term="LINE"><Entries><IndexEntry Term="Use"><Entries /><Links><IndexLink Title="TCP Probe Command Reference" Link="/Content/02-CustomProbes/commandref.html#kanchor426" UsedConditions="" LocalConditions="" /></Links><SeeAlsoLinks /><IndexControlLinks /><SortAsLinks /></IndexEntry></Entries><Links><IndexLink Title="The &lt;script&gt; Section" Link="/Content/02-CustomProbes/language.html#kanchor324" UsedConditions="" LocalConditions="" /><IndexLink Title="TCP Probe Command Reference" Link="/Content/02-CustomProbes/commandref.html#kanchor372" UsedConditions="" LocalConditions="" /><IndexLink Title="Example TCP Probe File" Link="/Content/02-CustomProbes/tcpexample.html#kanchor511" UsedConditions="" LocalConditions="" /></Links><SeeAlsoLinks /><IndexControlLinks /><SortAsLinks /></IndexEntry><IndexEntry Term="LINE OFF"><Entries /><Links><IndexLink Title="TCP Probe Command Reference" Link="/Content/02-CustomProbes/commandref.html#kanchor454" UsedConditions="" LocalConditions="" /></Links><SeeAlsoLinks /><IndexControlLinks /><SortAsLinks /></IndexEntry><IndexEntry Term="LINE ON"><Entries /><Links><IndexLink Title="TCP Probe Command Reference" Link="/Content/02-CustomProbes/commandref.html#kanchor449" UsedConditions="" LocalConditions="" /></Links><SeeAlsoLinks /><IndexControlLinks /><SortAsLinks /></IndexEntry><IndexEntry Term="Link"><Entries /><Links><IndexLink Title="Quoted Links" Link="/Content/03-CustomWebPages/quotedlinks.html#kanchor708" UsedConditions="" LocalConditions="" /></Links><SeeAlsoLinks /><IndexControlLinks /><SortAsLinks /></IndexEntry></Entries></IndexEntry></CatapultTargetIndex>