<?xml version="1.0" encoding="utf-8"?><index><stem n="sourc"><phr n="source"><ent r="3" t="2" w="21" /><ent r="4" t="3" w="522" /><ent r="4" t="40" w="991" /><ent r="3" t="64" w="378" /></phr><phr n="Source"><ent r="3" t="28" w="86" /><ent r="3" t="32" w="1249" /><ent r="3" t="32" w="1626" /></phr><phr n="sources"><ent r="3" t="64" w="426" /></phr></stem><stem n="oss"><phr n="OSS"><ent r="3" t="2" w="23" /></phr></stem><stem n="(oss),"><phr n="(OSS),"><ent r="3" t="2" w="24" /></phr></stem><stem n="inform"><phr n="information"><ent r="3" t="2" w="34" /><ent r="3" t="3" w="579" /><ent r="4" t="4" w="329" /><ent r="6" t="5" w="394" /><ent r="5" t="13" w="400" /><ent r="5" t="13" w="738" /><ent r="3" t="15" w="370" /><ent r="4" t="15" w="454" /><ent r="4" t="15" w="505" /><ent r="4" t="15" w="514" /><ent r="3" t="16" w="253" /><ent r="3" t="16" w="278" /><ent r="4" t="16" w="433" /><ent r="4" t="16" w="1099" /><ent r="3" t="19" w="20" /><ent r="3" t="19" w="29" /><ent r="3" t="19" w="51" /><ent r="3" t="19" w="64" /><ent r="4" t="19" w="192" /><ent r="4" t="19" w="225" /><ent r="4" t="19" w="241" /><ent r="3" t="19" w="284" /><ent r="3" t="19" w="335" /><ent r="4" t="19" w="836" /><ent r="3" t="22" w="321" /><ent r="3" t="22" w="494" /><ent r="3" t="22" w="541" /><ent r="4" t="22" w="666" /><ent r="4" t="22" w="689" /><ent r="4" t="22" w="741" /><ent r="3" t="24" w="2752" /><ent r="3" t="26" w="1071" /><ent r="3" t="28" w="49" /><ent r="3" t="28" w="72" /><ent r="3" t="28" w="250" /><ent r="3" t="30" w="47" /><ent r="3" t="31" w="326" /><ent r="3" t="32" w="328" /><ent r="4" t="34" w="340" /><ent r="3" t="34" w="415" /><ent r="3" t="34" w="594" /><ent r="3" t="34" w="826" /><ent r="4" t="35" w="1361" /><ent r="3" t="36" w="26" /><ent r="4" t="37" w="435" /><ent r="3" t="37" w="988" /><ent r="3" t="37" w="1115" /><ent r="4" t="37" w="1968" /><ent r="3" t="37" w="2438" /><ent r="3" t="37" w="2853" /><ent r="3" t="40" w="274" /><ent r="3" t="40" w="481" /><ent r="3" t="40" w="577" /><ent r="3" t="40" w="660" /><ent r="3" t="40" w="878" /><ent r="3" t="41" w="24" /><ent r="4" t="41" w="75" /><ent r="4" t="41" w="229" /><ent r="4" t="41" w="382" /><ent r="3" t="45" w="222" /><ent r="3" t="47" w="155" /><ent r="3" t="47" w="222" /><ent r="3" t="47" w="536" /><ent r="3" t="47" w="697" /><ent r="3" t="48" w="177" /><ent r="3" t="49" w="152" /><ent r="3" t="49" w="167" /><ent r="3" t="49" w="702" /><ent r="3" t="53" w="101" /><ent r="3" t="54" w="216" /><ent r="4" t="55" w="265" /><ent r="4" t="55" w="797" /><ent r="3" t="59" w="55" /><ent r="3" t="59" w="285" /><ent r="3" t="59" w="355" /><ent r="3" t="64" w="56" /><ent r="3" t="65" w="115" /><ent r="4" t="65" w="227" /><ent r="4" t="66" w="176" /><ent r="3" t="66" w="429" /><ent r="4" t="66" w="588" /><ent r="4" t="66" w="602" /><ent r="4" t="66" w="616" /><ent r="3" t="66" w="652" /><ent r="6" t="68" w="203" /><ent r="6" t="68" w="805" /><ent r="4" t="70" w="25" /><ent r="4" t="70" w="41" /><ent r="3" t="70" w="232" /><ent r="3" t="71" w="267" /><ent r="3" t="71" w="275" /><ent r="3" t="71" w="342" /><ent r="3" t="72" w="36" /><ent r="3" t="74" w="60" /></phr><phr n="Information"><ent r="82" t="4" w="692" /><ent r="3" t="5" w="57" /><ent r="3" t="19" w="576" /><ent r="3" t="32" w="1516" /><ent r="100" t="39" w="20" /><ent r="3" t="39" w="604" /><ent r="3" t="45" w="206" /></phr></stem><stem n="see"><phr n="see"><ent r="3" t="2" w="35" /><ent r="5" t="13" w="739" /><ent r="3" t="14" w="985" /><ent r="3" t="14" w="1206" /><ent r="3" t="14" w="1269" /><ent r="3" t="16" w="279" /><ent r="4" t="16" w="434" /><ent r="65" t="16" w="507" /><ent r="6" t="16" w="810" /><ent r="4" t="16" w="1130" /><ent r="3" t="16" w="2255" /><ent r="3" t="21" w="443" /><ent r="3" t="23" w="250" /><ent r="3" t="26" w="885" /><ent r="3" t="26" w="1072" /><ent r="3" t="30" w="48" /><ent r="3" t="32" w="287" /><ent r="3" t="34" w="595" /><ent r="3" t="34" w="827" /><ent r="3" t="35" w="127" /><ent r="3" t="37" w="101" /><ent r="4" t="37" w="1969" /><ent r="3" t="37" w="2439" /><ent r="3" t="37" w="4522" /><ent r="3" t="40" w="402" /><ent r="3" t="40" w="487" /><ent r="3" t="40" w="578" /><ent r="3" t="40" w="879" /><ent r="3" t="40" w="1228" /><ent r="4" t="41" w="199" /><ent r="4" t="41" w="230" /><ent r="3" t="41" w="465" /><ent r="3" t="44" w="490" /><ent r="3" t="47" w="34" /><ent r="3" t="47" w="223" /><ent r="3" t="48" w="178" /><ent r="3" t="49" w="563" /><ent r="3" t="54" w="23" /><ent r="4" t="55" w="190" /><ent r="4" t="55" w="266" /><ent r="4" t="55" w="798" /><ent r="3" t="62" w="145" /><ent r="3" t="64" w="57" /><ent r="3" t="66" w="430" /><ent r="3" t="74" w="74" /><ent r="4" t="77" w="237" /></phr><phr n="See"><ent r="3" t="3" w="572" /><ent r="6" t="5" w="379" /><ent r="6" t="5" w="1149" /><ent r="4" t="8" w="127" /><ent r="4" t="8" w="689" /><ent r="3" t="10" w="131" /><ent r="5" t="11" w="279" /><ent r="5" t="13" w="396" /><ent r="3" t="15" w="363" /><ent r="4" t="16" w="1037" /><ent r="4" t="16" w="1068" /><ent r="4" t="16" w="1082" /><ent r="4" t="19" w="831" /><ent r="4" t="22" w="184" /><ent r="4" t="24" w="279" /><ent r="4" t="24" w="869" /><ent r="4" t="24" w="2313" /><ent r="3" t="24" w="2390" /><ent r="3" t="28" w="203" /><ent r="3" t="35" w="642" /><ent r="4" t="35" w="860" /><ent r="4" t="35" w="1349" /><ent r="3" t="35" w="1609" /><ent r="4" t="37" w="478" /><ent r="3" t="37" w="964" /><ent r="3" t="37" w="1086" /><ent r="3" t="37" w="1105" /><ent r="3" t="37" w="2983" /><ent r="3" t="37" w="3586" /><ent r="3" t="40" w="495" /><ent r="4" t="40" w="1002" /><ent r="3" t="40" w="1084" /><ent r="3" t="40" w="1262" /><ent r="4" t="41" w="385" /><ent r="3" t="43" w="85" /><ent r="4" t="47" w="885" /><ent r="4" t="47" w="905" /><ent r="3" t="49" w="945" /><ent r="100" t="55" w="179" /><ent r="3" t="55" w="1044" /><ent r="4" t="70" w="1595" /></phr><phr n="Sees"><ent r="92" t="21" w="278" /></phr></stem><stem n="section"><phr n="section"><ent r="64" t="2" w="41" /><ent r="3" t="4" w="39" /><ent r="3" t="4" w="51" /><ent r="3" t="4" w="91" /><ent r="3" t="4" w="127" /><ent r="3" t="4" w="173" /><ent r="3" t="4" w="200" /><ent r="66" t="4" w="270" /><ent r="66" t="4" w="296" /><ent r="66" t="4" w="325" /><ent r="66" t="4" w="354" /><ent r="66" t="4" w="433" /><ent r="66" t="4" w="473" /><ent r="66" t="4" w="509" /><ent r="66" t="4" w="559" /><ent r="65" t="4" w="606" /><ent r="65" t="4" w="631" /><ent r="66" t="4" w="655" /><ent r="65" t="4" w="676" /><ent r="3" t="5" w="17" /><ent r="6" t="5" w="557" /><ent r="5" t="5" w="612" /><ent r="3" t="5" w="800" /><ent r="65" t="5" w="812" /><ent r="6" t="5" w="1155" /><ent r="3" t="5" w="1379" /><ent r="3" t="5" w="1403" /><ent r="3" t="6" w="23" /><ent r="3" t="6" w="52" /><ent r="3" t="6" w="88" /><ent r="3" t="7" w="66" /><ent r="3" t="7" w="569" /><ent r="1000" t="8" w="3" /><ent r="102" t="8" w="9" /><ent r="3" t="8" w="16" /><ent r="3" t="8" w="43" /><ent r="3" t="8" w="50" /><ent r="3" t="8" w="55" /><ent r="3" t="8" w="66" /><ent r="4" t="8" w="225" /><ent r="3" t="8" w="416" /><ent r="92" t="8" w="586" /><ent r="3" t="8" w="593" /><ent r="3" t="8" w="602" /><ent r="3" t="8" w="614" /><ent r="4" t="8" w="775" /><ent r="4" t="8" w="781" /><ent r="5" t="10" w="65" /><ent r="5" t="10" w="80" /><ent r="5" t="10" w="95" /><ent r="5" t="10" w="109" /><ent r="3" t="10" w="170" /><ent r="3" t="10" w="251" /><ent r="3" t="10" w="340" /><ent r="3" t="10" w="360" /><ent r="3" t="10" w="397" /><ent r="3" t="10" w="418" /><ent r="3" t="10" w="439" /><ent r="3" t="10" w="450" /><ent r="3" t="11" w="71" /><ent r="82" t="13" w="280" /><ent r="3" t="13" w="291" /><ent r="3" t="13" w="513" /><ent r="3" t="13" w="555" /><ent r="82" t="13" w="625" /><ent r="5" t="13" w="735" /><ent r="82" t="13" w="751" /><ent r="82" t="13" w="797" /><ent r="82" t="13" w="989" /><ent r="82" t="13" w="1271" /><ent r="3" t="13" w="1531" /><ent r="4" t="13" w="1771" /><ent r="4" t="13" w="1783" /><ent r="4" t="13" w="1793" /><ent r="3" t="13" w="2033" /><ent r="3" t="13" w="2062" /><ent r="3" t="13" w="2099" /><ent r="3" t="13" w="2411" /><ent r="3" t="14" w="610" /><ent r="3" t="14" w="1024" /><ent r="4" t="15" w="242" /><ent r="4" t="15" w="275" /><ent r="4" t="15" w="304" /><ent r="4" t="15" w="332" /><ent r="66" t="15" w="395" /><ent r="66" t="15" w="421" /><ent r="66" t="15" w="450" /><ent r="66" t="15" w="479" /><ent r="3" t="16" w="36" /><ent r="3" t="16" w="81" /><ent r="3" t="16" w="269" /><ent r="3" t="16" w="331" /><ent r="3" t="16" w="383" /><ent r="3" t="16" w="1166" /><ent r="3" t="16" w="1442" /><ent r="64" t="16" w="1901" /><ent r="3" t="17" w="27" /><ent r="3" t="17" w="48" /><ent r="3" t="18" w="27" /><ent r="3" t="19" w="735" /><ent r="3" t="19" w="1743" /><ent r="3" t="19" w="1773" /><ent r="4" t="19" w="1886" /><ent r="4" t="19" w="1939" /><ent r="3" t="20" w="45" /><ent r="3" t="20" w="126" /><ent r="3" t="20" w="420" /><ent r="3" t="21" w="770" /><ent r="3" t="21" w="918" /><ent r="3" t="22" w="23" /><ent r="4" t="22" w="108" /><ent r="4" t="22" w="176" /><ent r="4" t="22" w="180" /><ent r="65" t="22" w="193" /><ent r="4" t="22" w="271" /><ent r="4" t="22" w="408" /><ent r="3" t="23" w="20" /><ent r="3" t="23" w="50" /><ent r="3" t="23" w="55" /><ent r="3" t="23" w="248" /><ent r="3" t="24" w="2792" /><ent r="3" t="25" w="22" /><ent r="3" t="27" w="65" /><ent r="3" t="27" w="400" /><ent r="3" t="28" w="214" /><ent r="64" t="29" w="538" /><ent r="3" t="29" w="972" /><ent r="3" t="30" w="26" /><ent r="4" t="34" w="185" /><ent r="4" t="34" w="214" /><ent r="4" t="34" w="242" /><ent r="4" t="34" w="273" /><ent r="4" t="34" w="306" /><ent r="4" t="34" w="332" /><ent r="64" t="34" w="832" /><ent r="3" t="35" w="16" /><ent r="3" t="35" w="49" /><ent r="4" t="35" w="1312" /><ent r="3" t="36" w="18" /><ent r="3" t="38" w="211" /><ent r="3" t="38" w="224" /><ent r="3" t="38" w="242" /><ent r="3" t="38" w="296" /><ent r="4" t="40" w="121" /><ent r="4" t="40" w="150" /><ent r="4" t="40" w="178" /><ent r="4" t="40" w="211" /><ent r="4" t="40" w="238" /><ent r="4" t="40" w="260" /><ent r="3" t="40" w="283" /><ent r="92" t="40" w="513" /><ent r="3" t="40" w="625" /><ent r="4" t="40" w="691" /><ent r="4" t="40" w="752" /><ent r="4" t="40" w="1022" /><ent r="4" t="40" w="1067" /><ent r="3" t="40" w="1250" /><ent r="3" t="41" w="18" /><ent r="3" t="42" w="25" /><ent r="3" t="43" w="18" /><ent r="3" t="43" w="34" /><ent r="3" t="44" w="16" /><ent r="3" t="44" w="38" /><ent r="92" t="44" w="100" /><ent r="3" t="44" w="118" /><ent r="3" t="44" w="231" /><ent r="3" t="44" w="255" /><ent r="3" t="44" w="353" /><ent r="3" t="44" w="387" /><ent r="3" t="44" w="418" /><ent r="3" t="45" w="150" /><ent r="64" t="47" w="62" /><ent r="65" t="47" w="447" /><ent r="65" t="47" w="519" /><ent r="65" t="47" w="567" /><ent r="65" t="47" w="810" /><ent r="4" t="47" w="881" /><ent r="4" t="47" w="901" /><ent r="4" t="49" w="308" /><ent r="4" t="49" w="332" /><ent r="4" t="49" w="352" /><ent r="3" t="54" w="255" /><ent r="3" t="59" w="92" /><ent r="3" t="65" w="44" /><ent r="4" t="66" w="324" /><ent r="6" t="70" w="1217" /><ent r="3" t="74" w="99" /><ent r="3" t="78" w="191" /><ent r="3" t="78" w="215" /></phr><phr n="sections"><ent r="3" t="3" w="298" /><ent r="3" t="3" w="304" /><ent r="3" t="4" w="23" /><ent r="3" t="4" w="73" /><ent r="3" t="4" w="239" /><ent r="3" t="4" w="415" /><ent r="3" t="10" w="119" /><ent r="3" t="13" w="92" /><ent r="82" t="13" w="109" /><ent r="3" t="13" w="122" /><ent r="3" t="18" w="41" /><ent r="3" t="25" w="36" /><ent r="3" t="37" w="1809" /><ent r="3" t="40" w="115" /></phr><phr n="Sections"><ent r="92" t="4" w="75" /><ent r="3" t="4" w="191" /><ent r="92" t="4" w="233" /><ent r="82" t="4" w="248" /><ent r="82" t="4" w="391" /><ent r="82" t="4" w="492" /><ent r="82" t="4" w="587" /><ent r="92" t="15" w="253" /><ent r="92" t="15" w="346" /><ent r="92" t="34" w="163" /><ent r="92" t="34" w="256" /><ent r="92" t="40" w="92" /><ent r="92" t="40" w="192" /></phr><phr n="Section"><ent r="64" t="4" w="83" /><ent r="64" t="4" w="121" /><ent r="64" t="4" w="167" /><ent r="66" t="4" w="374" /><ent r="1000" t="5" w="3" /><ent r="102" t="5" w="9" /><ent r="100" t="5" w="168" /><ent r="100" t="5" w="719" /><ent r="100" t="5" w="722" /><ent r="100" t="5" w="726" /><ent r="92" t="5" w="730" /><ent r="92" t="5" w="790" /><ent r="1000" t="6" w="3" /><ent r="102" t="6" w="15" /><ent r="1000" t="7" w="3" /><ent r="102" t="7" w="12" /><ent r="100" t="7" w="552" /><ent r="92" t="7" w="556" /><ent r="66" t="15" w="500" /><ent r="1000" t="16" w="5" /><ent r="102" t="16" w="13" /><ent r="82" t="16" w="112" /><ent r="92" t="16" w="240" /><ent r="1000" t="17" w="5" /><ent r="102" t="17" w="13" /><ent r="82" t="17" w="142" /><ent r="1000" t="18" w="5" /><ent r="102" t="18" w="13" /><ent r="1000" t="19" w="6" /><ent r="102" t="19" w="15" /><ent r="1000" t="20" w="5" /><ent r="102" t="20" w="13" /><ent r="1000" t="21" w="5" /><ent r="102" t="21" w="16" /><ent r="3" t="26" w="1086" /><ent r="64" t="28" w="210" /><ent r="1000" t="29" w="5" /><ent r="102" t="29" w="15" /><ent r="1000" t="30" w="5" /><ent r="102" t="30" w="15" /><ent r="64" t="30" w="57" /><ent r="1000" t="35" w="3" /><ent r="102" t="35" w="9" /><ent r="1000" t="36" w="4" /><ent r="102" t="36" w="11" /><ent r="92" t="38" w="202" /><ent r="64" t="40" w="582" /><ent r="4" t="40" w="1277" /><ent r="1000" t="41" w="4" /><ent r="102" t="41" w="11" /><ent r="82" t="41" w="93" /><ent r="1000" t="42" w="4" /><ent r="102" t="42" w="11" /><ent r="3" t="42" w="18" /><ent r="1000" t="43" w="4" /><ent r="102" t="43" w="11" /><ent r="1000" t="44" w="3" /><ent r="102" t="44" w="9" /></phr></stem><stem n="overview"><phr n="Overview"><ent r="1000" t="3" w="1" /><ent r="102" t="3" w="12" /><ent r="1000" t="57" w="4" /><ent r="102" t="57" w="9" /><ent r="1000" t="76" w="3" /><ent r="102" t="76" w="7" /></phr><phr n="overview"><ent r="3" t="34" w="439" /></phr></stem><stem n="get"><phr n="Get"><ent r="100" t="3" w="3" /><ent r="100" t="4" w="764" /><ent r="100" t="16" w="452" /><ent r="4" t="16" w="1115" /><ent r="100" t="18" w="91" /><ent r="100" t="18" w="94" /><ent r="4" t="18" w="101" /><ent r="4" t="18" w="105" /><ent r="100" t="25" w="126" /><ent r="100" t="25" w="129" /><ent r="4" t="25" w="136" /><ent r="4" t="25" w="140" /><ent r="3" t="26" w="50" /><ent r="92" t="26" w="620" /><ent r="3" t="26" w="800" /><ent r="4" t="56" w="748" /><ent r="3" t="61" w="550" /><ent r="3" t="61" w="577" /><ent r="3" t="61" w="665" /><ent r="3" t="61" w="1002" /><ent r="3" t="61" w="1098" /></phr><phr n="get"><ent r="3" t="13" w="2473" /><ent r="3" t="14" w="761" /><ent r="3" t="14" w="1257" /><ent r="4" t="16" w="1128" /><ent r="5" t="18" w="87" /><ent r="3" t="18" w="190" /><ent r="4" t="19" w="1584" /><ent r="3" t="25" w="62" /><ent r="5" t="25" w="122" /><ent r="3" t="26" w="631" /><ent r="3" t="26" w="813" /><ent r="3" t="27" w="134" /><ent r="3" t="28" w="283" /><ent r="3" t="29" w="879" /><ent r="3" t="32" w="247" /><ent r="3" t="34" w="583" /><ent r="3" t="37" w="230" /><ent r="3" t="46" w="463" /><ent r="4" t="60" w="122" /><ent r="3" t="62" w="50" /><ent r="3" t="64" w="49" /></phr><phr n="gets"><ent r="3" t="21" w="331" /><ent r="6" t="24" w="2996" /><ent r="3" t="46" w="211" /></phr><phr n="Gets"><ent r="4" t="24" w="832" /><ent r="3" t="24" w="1951" /></phr><phr n="GET"><ent r="3" t="44" w="883" /><ent r="3" t="57" w="42" /><ent r="3" t="61" w="1206" /><ent r="6" t="70" w="2025" /><ent r="6" t="70" w="2097" /></phr></stem><stem n="info"><phr n="Info"><ent r="100" t="3" w="4" /><ent r="100" t="4" w="765" /><ent r="5" t="9" w="503" /></phr><phr n="INFO"><ent r="3" t="33" w="95" /></phr></stem><stem n="window"><phr n="window"><ent r="100" t="3" w="5" /><ent r="3" t="3" w="147" /><ent r="3" t="4" w="61" /><ent r="3" t="4" w="138" /><ent r="3" t="4" w="188" /><ent r="3" t="4" w="210" /><ent r="3" t="4" w="220" /><ent r="4" t="4" w="342" /><ent r="4" t="4" w="573" /><ent r="4" t="4" w="577" /><ent r="4" t="4" w="689" /><ent r="100" t="4" w="766" /><ent r="3" t="4" w="775" /><ent r="3" t="4" w="785" /><ent r="5" t="5" w="440" /><ent r="100" t="5" w="529" /><ent r="100" t="6" w="19" /><ent r="3" t="6" w="44" /><ent r="4" t="6" w="95" /><ent r="100" t="7" w="16" /><ent r="3" t="7" w="37" /><ent r="3" t="7" w="104" /><ent r="3" t="7" w="134" /><ent r="3" t="7" w="348" /><ent r="3" t="7" w="460" /><ent r="92" t="10" w="148" /><ent r="3" t="10" w="184" /><ent r="3" t="10" w="195" /><ent r="3" t="10" w="207" /><ent r="3" t="10" w="232" /><ent r="92" t="10" w="324" /><ent r="3" t="10" w="355" /><ent r="3" t="10" w="365" /><ent r="92" t="10" w="380" /><ent r="3" t="10" w="413" /><ent r="3" t="10" w="423" /><ent r="3" t="11" w="32" /><ent r="3" t="13" w="2459" /><ent r="3" t="13" w="2519" /><ent r="3" t="14" w="218" /><ent r="3" t="14" w="767" /><ent r="4" t="15" w="250" /><ent r="4" t="15" w="315" /><ent r="4" t="15" w="344" /><ent r="4" t="15" w="467" /><ent r="3" t="16" w="261" /><ent r="3" t="17" w="322" /><ent r="3" t="19" w="62" /><ent r="3" t="19" w="69" /><ent r="3" t="19" w="95" /><ent r="3" t="19" w="395" /><ent r="3" t="19" w="411" /><ent r="4" t="19" w="817" /><ent r="3" t="19" w="1170" /><ent r="3" t="19" w="1752" /><ent r="3" t="19" w="1760" /><ent r="3" t="19" w="1792" /><ent r="3" t="19" w="1809" /><ent r="92" t="20" w="22" /><ent r="3" t="20" w="59" /><ent r="3" t="20" w="70" /><ent r="3" t="20" w="82" /><ent r="3" t="20" w="107" /><ent r="3" t="20" w="221" /><ent r="3" t="21" w="530" /><ent r="3" t="21" w="543" /><ent r="4" t="21" w="554" /><ent r="4" t="21" w="630" /><ent r="4" t="22" w="777" /><ent r="3" t="27" w="216" /><ent r="3" t="30" w="33" /><ent r="3" t="32" w="715" /><ent r="4" t="34" w="225" /><ent r="4" t="34" w="254" /><ent r="4" t="34" w="353" /><ent r="3" t="36" w="39" /><ent r="100" t="37" w="43" /><ent r="3" t="37" w="1592" /><ent r="3" t="37" w="1597" /><ent r="3" t="38" w="229" /><ent r="3" t="38" w="300" /><ent r="4" t="40" w="161" /><ent r="4" t="40" w="190" /><ent r="4" t="40" w="269" /><ent r="3" t="40" w="336" /><ent r="4" t="40" w="1078" /><ent r="3" t="43" w="26" /><ent r="3" t="47" w="169" /><ent r="4" t="47" w="330" /><ent r="3" t="47" w="687" /><ent r="4" t="49" w="100" /><ent r="4" t="50" w="92" /><ent r="4" t="50" w="128" /><ent r="4" t="50" w="183" /><ent r="4" t="50" w="194" /><ent r="3" t="53" w="37" /><ent r="93" t="54" w="201" /><ent r="93" t="54" w="279" /><ent r="100" t="54" w="308" /><ent r="100" t="54" w="311" /><ent r="3" t="54" w="317" /><ent r="93" t="54" w="446" /><ent r="3" t="54" w="474" /><ent r="100" t="55" w="178" /><ent r="4" t="55" w="727" /><ent r="4" t="55" w="818" /><ent r="3" t="55" w="1159" /><ent r="100" t="55" w="1267" /><ent r="3" t="55" w="1285" /><ent r="4" t="56" w="797" /><ent r="4" t="60" w="89" /><ent r="7" t="68" w="761" /><ent r="6" t="68" w="778" /><ent r="6" t="68" w="780" /><ent r="6" t="68" w="798" /><ent r="6" t="68" w="811" /></phr><phr n="Windows"><ent r="6" t="5" w="945" /><ent r="1000" t="10" w="3" /><ent r="102" t="10" w="22" /><ent r="5" t="13" w="220" /><ent r="5" t="13" w="243" /><ent r="5" t="13" w="1390" /><ent r="64" t="16" w="286" /><ent r="3" t="20" w="390" /><ent r="4" t="24" w="2481" /><ent r="64" t="38" w="262" /><ent r="100" t="40" w="9" /><ent r="100" t="40" w="84" /><ent r="3" t="40" w="1222" /><ent r="4" t="41" w="164" /><ent r="3" t="41" w="459" /><ent r="3" t="44" w="739" /><ent r="6" t="46" w="123" /><ent r="4" t="49" w="227" /><ent r="4" t="49" w="256" /><ent r="5" t="61" w="40" /><ent r="4" t="61" w="44" /><ent r="82" t="61" w="320" /><ent r="3" t="61" w="324" /><ent r="72" t="61" w="338" /></phr><phr n="windows"><ent r="100" t="10" w="6" /><ent r="100" t="10" w="9" /><ent r="100" t="10" w="16" /><ent r="3" t="10" w="42" /><ent r="100" t="16" w="282" /><ent r="6" t="70" w="1388" /></phr><phr n="Window"><ent r="3" t="14" w="624" /><ent r="100" t="16" w="228" /><ent r="92" t="16" w="232" /><ent r="3" t="20" w="433" /><ent r="3" t="22" w="574" /><ent r="3" t="27" w="162" /><ent r="3" t="27" w="251" /><ent r="3" t="27" w="413" /><ent r="3" t="32" w="176" /><ent r="3" t="32" w="214" /><ent r="3" t="32" w="285" /><ent r="3" t="32" w="315" /><ent r="100" t="68" w="757" /><ent r="6" t="70" w="1381" /></phr></stem><stem n="ldap"><phr n="LDAP"><ent r="100" t="3" w="14" /><ent r="3" t="3" w="61" /><ent r="4" t="37" w="479" /><ent r="3" t="37" w="965" /><ent r="3" t="37" w="1087" /></phr></stem><stem n="internet"><phr n="Internet"><ent r="3" t="3" w="18" /></phr></stem><stem n="servic"><phr n="services"><ent r="3" t="3" w="19" /><ent r="4" t="49" w="386" /></phr><phr n="Services"><ent r="6" t="5" w="931" /></phr><phr n="Service"><ent r="3" t="33" w="99" /><ent r="5" t="49" w="64" /><ent r="3" t="49" w="156" /><ent r="3" t="49" w="477" /><ent r="3" t="49" w="525" /><ent r="3" t="49" w="538" /></phr><phr n="service"><ent r="3" t="37" w="4551" /><ent r="3" t="49" w="129" /><ent r="4" t="49" w="425" /></phr><phr n="SERVICE"><ent r="3" t="47" w="534" /></phr></stem><stem n="simpli"><phr n="simply"><ent r="3" t="3" w="20" /><ent r="3" t="4" w="406" /><ent r="3" t="19" w="971" /><ent r="4" t="19" w="1629" /><ent r="3" t="27" w="196" /><ent r="3" t="65" w="270" /><ent r="4" t="77" w="81" /></phr></stem><stem n="ping"><phr n="pinging"><ent r="3" t="3" w="21" /></phr><phr n="ping"><ent r="6" t="5" w="891" /><ent r="4" t="41" w="264" /><ent r="5" t="41" w="357" /><ent r="3" t="48" w="190" /></phr><phr n="Pings"><ent r="5" t="38" w="325" /></phr><phr n="Ping"><ent r="4" t="38" w="343" /></phr></stem><stem n="&quot;pinging&quot;"><phr n="&quot;pinging&quot;"><ent r="3" t="3" w="22" /></phr></stem><stem n="suffici"><phr n="sufficient"><ent r="3" t="3" w="27" /><ent r="3" t="55" w="74" /></phr></stem><stem n="oper"><phr n="operating"><ent r="3" t="3" w="33" /><ent r="4" t="40" w="665" /></phr><phr n="operation"><ent r="3" t="3" w="52" /><ent r="5" t="13" w="274" /><ent r="4" t="15" w="295" /><ent r="5" t="21" w="198" /><ent r="5" t="21" w="210" /><ent r="4" t="34" w="205" /><ent r="3" t="39" w="213" /><ent r="4" t="40" w="141" /><ent r="3" t="59" w="290" /></phr><phr n="operators"><ent r="3" t="13" w="1820" /><ent r="4" t="16" w="1049" /><ent r="3" t="17" w="349" /><ent r="4" t="17" w="420" /><ent r="4" t="24" w="143" /><ent r="4" t="24" w="168" /><ent r="3" t="37" w="1677" /></phr><phr n="operations"><ent r="3" t="13" w="1854" /><ent r="3" t="13" w="1859" /><ent r="4" t="24" w="214" /><ent r="3" t="37" w="498" /><ent r="3" t="37" w="1709" /><ent r="3" t="37" w="1714" /></phr><phr n="operational"><ent r="3" t="15" w="115" /></phr><phr n="Operational"><ent r="3" t="19" w="320" /></phr><phr n="operator"><ent r="3" t="21" w="393" /><ent r="4" t="21" w="569" /><ent r="4" t="21" w="587" /><ent r="4" t="24" w="276" /><ent r="6" t="24" w="2887" /><ent r="4" t="26" w="274" /><ent r="3" t="26" w="791" /><ent r="3" t="26" w="923" /><ent r="3" t="34" w="643" /><ent r="3" t="35" w="978" /></phr><phr n="Operation"><ent r="5" t="22" w="661" /></phr><phr n="operate"><ent r="3" t="37" w="151" /><ent r="4" t="37" w="431" /><ent r="3" t="37" w="2849" /></phr></stem><stem n="correctli"><phr n="correctly"><ent r="3" t="3" w="34" /></phr></stem><stem n="number"><phr n="number"><ent r="3" t="3" w="38" /><ent r="3" t="4" w="42" /><ent r="100" t="5" w="507" /><ent r="6" t="5" w="510" /><ent r="6" t="5" w="667" /><ent r="3" t="5" w="780" /><ent r="3" t="7" w="372" /><ent r="5" t="13" w="177" /><ent r="5" t="13" w="1017" /><ent r="5" t="13" w="1046" /><ent r="5" t="13" w="1071" /><ent r="5" t="13" w="1167" /><ent r="5" t="13" w="1185" /><ent r="5" t="13" w="1233" /><ent r="3" t="13" w="1564" /><ent r="4" t="13" w="1581" /><ent r="3" t="14" w="180" /><ent r="3" t="14" w="1216" /><ent r="3" t="14" w="1228" /><ent r="3" t="14" w="1304" /><ent r="3" t="14" w="1308" /><ent r="3" t="14" w="1321" /><ent r="4" t="15" w="288" /><ent r="6" t="16" w="632" /><ent r="6" t="16" w="639" /><ent r="6" t="16" w="688" /><ent r="6" t="16" w="700" /><ent r="6" t="16" w="725" /><ent r="6" t="16" w="749" /><ent r="4" t="16" w="1349" /><ent r="4" t="16" w="1402" /><ent r="3" t="16" w="1830" /><ent r="4" t="16" w="2000" /><ent r="4" t="18" w="155" /><ent r="4" t="19" w="173" /><ent r="4" t="19" w="177" /><ent r="3" t="19" w="365" /><ent r="3" t="19" w="415" /><ent r="3" t="19" w="465" /><ent r="3" t="19" w="1016" /><ent r="4" t="19" w="1391" /><ent r="3" t="20" w="350" /><ent r="3" t="22" w="1310" /><ent r="3" t="23" w="129" /><ent r="4" t="24" w="806" /><ent r="3" t="24" w="977" /><ent r="4" t="24" w="1226" /><ent r="4" t="24" w="1236" /><ent r="3" t="24" w="1343" /><ent r="3" t="24" w="1350" /><ent r="3" t="24" w="1515" /><ent r="4" t="24" w="1717" /><ent r="4" t="24" w="1723" /><ent r="4" t="24" w="1732" /><ent r="4" t="24" w="1738" /><ent r="4" t="24" w="1744" /><ent r="4" t="24" w="1755" /><ent r="4" t="24" w="1764" /><ent r="4" t="24" w="1778" /><ent r="4" t="24" w="1790" /><ent r="4" t="24" w="1812" /><ent r="3" t="24" w="1891" /><ent r="4" t="24" w="2405" /><ent r="3" t="24" w="3053" /><ent r="4" t="25" w="188" /><ent r="3" t="27" w="116" /><ent r="4" t="29" w="401" /><ent r="3" t="32" w="143" /><ent r="3" t="32" w="1585" /><ent r="4" t="34" w="198" /><ent r="3" t="34" w="966" /><ent r="3" t="35" w="1038" /><ent r="3" t="35" w="1534" /><ent r="3" t="35" w="1545" /><ent r="100" t="37" w="304" /><ent r="4" t="37" w="311" /><ent r="4" t="37" w="382" /><ent r="4" t="37" w="581" /><ent r="4" t="37" w="735" /><ent r="65" t="37" w="818" /><ent r="4" t="37" w="892" /><ent r="4" t="37" w="909" /><ent r="4" t="37" w="1018" /><ent r="3" t="37" w="1276" /><ent r="3" t="37" w="1430" /><ent r="3" t="37" w="1877" /><ent r="3" t="37" w="2057" /><ent r="3" t="37" w="2086" /><ent r="3" t="37" w="2122" /><ent r="3" t="37" w="2130" /><ent r="83" t="37" w="2520" /><ent r="3" t="37" w="2553" /><ent r="4" t="37" w="2618" /><ent r="4" t="37" w="2624" /><ent r="3" t="37" w="2916" /><ent r="3" t="37" w="2961" /><ent r="3" t="37" w="3477" /><ent r="3" t="37" w="3619" /><ent r="4" t="37" w="3644" /><ent r="3" t="37" w="3691" /><ent r="3" t="37" w="3711" /><ent r="3" t="37" w="3755" /><ent r="3" t="37" w="3764" /><ent r="3" t="37" w="3774" /><ent r="3" t="37" w="4135" /><ent r="4" t="38" w="395" /><ent r="100" t="39" w="159" /><ent r="3" t="39" w="162" /><ent r="3" t="39" w="284" /><ent r="3" t="39" w="300" /><ent r="4" t="40" w="134" /><ent r="3" t="40" w="568" /><ent r="3" t="44" w="332" /><ent r="3" t="46" w="354" /><ent r="5" t="51" w="96" /><ent r="3" t="51" w="124" /><ent r="3" t="53" w="10" /><ent r="3" t="53" w="117" /><ent r="100" t="55" w="224" /><ent r="4" t="55" w="232" /><ent r="4" t="55" w="287" /><ent r="3" t="55" w="376" /><ent r="3" t="55" w="836" /><ent r="4" t="55" w="1206" /><ent r="3" t="56" w="312" /><ent r="3" t="56" w="356" /><ent r="3" t="56" w="409" /><ent r="3" t="57" w="135" /><ent r="3" t="59" w="51" /><ent r="3" t="66" w="517" /><ent r="7" t="68" w="316" /><ent r="6" t="68" w="619" /><ent r="3" t="74" w="39" /></phr><phr n="numbering"><ent r="3" t="4" w="116" /></phr><phr n="Number"><ent r="5" t="9" w="736" /><ent r="3" t="14" w="1133" /><ent r="3" t="16" w="168" /><ent r="100" t="16" w="213" /><ent r="100" t="16" w="215" /><ent r="100" t="16" w="221" /><ent r="100" t="16" w="1136" /><ent r="100" t="16" w="1138" /><ent r="100" t="16" w="1144" /><ent r="100" t="35" w="580" /><ent r="5" t="35" w="583" /><ent r="100" t="35" w="588" /><ent r="5" t="35" w="591" /><ent r="100" t="37" w="104" /><ent r="100" t="37" w="301" /><ent r="3" t="44" w="894" /><ent r="3" t="44" w="903" /><ent r="100" t="55" w="111" /><ent r="100" t="55" w="226" /></phr><phr n="numbers"><ent r="5" t="13" w="369" /><ent r="5" t="13" w="708" /><ent r="5" t="13" w="1323" /><ent r="3" t="13" w="2127" /><ent r="4" t="16" w="479" /><ent r="4" t="24" w="133" /><ent r="3" t="26" w="67" /><ent r="6" t="68" w="603" /></phr><phr n="numbered"><ent r="6" t="24" w="2961" /><ent r="3" t="25" w="69" /><ent r="4" t="25" w="238" /><ent r="4" t="25" w="279" /><ent r="5" t="25" w="284" /><ent r="4" t="25" w="299" /><ent r="4" t="25" w="308" /><ent r="4" t="35" w="819" /></phr></stem></index>