<?xml version="1.0" encoding="utf-8"?><index><stem n="perl-lik"><phr n="Perl-like"><ent r="100" t="24" w="227" /><ent r="4" t="24" w="266" /></phr></stem><stem n="concaten"><phr n="Concatenation"><ent r="100" t="24" w="230" /><ent r="4" t="24" w="369" /></phr><phr n="concatenation"><ent r="4" t="24" w="275" /><ent r="6" t="70" w="1976" /></phr><phr n="ConCATenate"><ent r="100" t="37" w="799" /><ent r="100" t="37" w="801" /></phr><phr n="Concatenates"><ent r="4" t="37" w="803" /></phr><phr n="concatenates"><ent r="3" t="37" w="3097" /></phr></stem><stem n="interpol"><phr n="interpolated"><ent r="4" t="24" w="261" /></phr></stem><stem n="excel"><phr n="Excel"><ent r="100" t="24" w="291" /><ent r="3" t="24" w="302" /></phr></stem><stem n="capabl"><phr n="capabilities"><ent r="3" t="24" w="296" /><ent r="3" t="24" w="3046" /><ent r="3" t="50" w="18" /><ent r="3" t="59" w="25" /></phr></stem><stem n="(1)."><phr n="(1)."><ent r="3" t="24" w="306" /></phr></stem><stem n="keyword"><phr n="keywords"><ent r="92" t="24" w="308" /><ent r="3" t="35" w="324" /><ent r="4" t="66" w="181" /></phr></stem><stem n="(least"><phr n="(Least"><ent r="92" t="24" w="321" /></phr></stem><stem n="least"><phr n="Least"><ent r="92" t="24" w="321" /></phr></stem><stem n="?:"><phr n="?:"><ent r="4" t="24" w="332" /><ent r="3" t="26" w="923" /><ent r="3" t="26" w="1017" /></phr></stem><stem n="&amp;&amp;"><phr n="&amp;&amp;"><ent r="4" t="24" w="347" /><ent r="3" t="54" w="175" /></phr></stem><stem n="!=,"><phr n="!=,"><ent r="4" t="24" w="353" /></phr></stem><stem n="subtract"><phr n="Subtraction"><ent r="100" t="24" w="365" /><ent r="4" t="24" w="368" /></phr><phr n="subtraction"><ent r="3" t="37" w="1729" /></phr></stem><stem n=",-"><phr n=",-"><ent r="4" t="24" w="371" /></phr></stem><stem n="divis"><phr n="Division"><ent r="100" t="24" w="375" /><ent r="4" t="24" w="378" /></phr></stem><stem n="=~,"><phr n="=~,"><ent r="4" t="24" w="387" /></phr></stem><stem n="!,"><phr n="!,"><ent r="4" t="24" w="390" /></phr></stem><stem n="ab"><phr n="Abs"><ent r="100" t="24" w="402" /></phr><phr n="abs"><ent r="4" t="24" w="404" /></phr></stem><stem n="absolut"><phr n="Absolute"><ent r="4" t="24" w="406" /></phr><phr n="absolute"><ent r="3" t="26" w="155" /></phr></stem><stem n="'x'."><phr n="'x'."><ent r="4" t="24" w="410" /><ent r="4" t="24" w="600" /><ent r="4" t="24" w="625" /></phr></stem><stem n="x,y"><phr n="x,y"><ent r="4" t="24" w="418" /><ent r="4" t="24" w="417" /></phr></stem><stem n="y"><phr n="y"><ent r="4" t="24" w="418" /><ent r="4" t="24" w="472" /><ent r="4" t="24" w="478" /><ent r="4" t="24" w="484" /><ent r="4" t="24" w="490" /><ent r="4" t="24" w="496" /><ent r="4" t="24" w="503" /><ent r="4" t="24" w="510" /><ent r="4" t="24" w="517" /><ent r="4" t="24" w="524" /><ent r="4" t="24" w="531" /><ent r="4" t="24" w="584" /><ent r="4" t="24" w="590" /><ent r="4" t="24" w="628" /><ent r="4" t="24" w="634" /><ent r="3" t="24" w="951" /><ent r="4" t="24" w="982" /><ent r="4" t="24" w="1808" /></phr><phr n="Y"><ent r="4" t="24" w="1816" /><ent r="3" t="24" w="1870" /><ent r="3" t="24" w="1935" /><ent r="3" t="24" w="1938" /></phr></stem><stem n="(x),round(x,y)"><phr n="(x),round(x,y)"><ent r="4" t="24" w="419" /></phr></stem><stem n="'x'"><phr n="'x'"><ent r="4" t="24" w="421" /><ent r="4" t="24" w="477" /><ent r="4" t="24" w="489" /><ent r="4" t="24" w="500" /><ent r="4" t="24" w="514" /><ent r="4" t="24" w="530" /><ent r="4" t="24" w="538" /><ent r="4" t="24" w="540" /><ent r="4" t="24" w="551" /><ent r="4" t="24" w="553" /><ent r="4" t="24" w="562" /><ent r="4" t="24" w="564" /><ent r="4" t="24" w="586" /><ent r="4" t="24" w="632" /></phr></stem><stem n="trunc"><phr n="Trunc"><ent r="100" t="24" w="425" /></phr><phr n="trunc"><ent r="4" t="24" w="427" /><ent r="4" t="24" w="438" /></phr></stem><stem n="3.987"><phr n="3.987"><ent r="4" t="24" w="440" /><ent r="4" t="24" w="439" /></phr></stem><stem n="987"><phr n="987"><ent r="4" t="24" w="440" /></phr></stem><stem n=".987)"><phr n=".987)"><ent r="4" t="24" w="441" /></phr></stem><stem n=":x1"><phr n=":x1"><ent r="100" t="24" w="444" /></phr></stem><stem n="x1"><phr n="x1"><ent r="100" t="24" w="444" /><ent r="4" t="24" w="447" /><ent r="4" t="24" w="453" /><ent r="4" t="24" w="458" /><ent r="4" t="24" w="464" /></phr></stem><stem n="x2"><phr n="x2"><ent r="4" t="24" w="448" /><ent r="4" t="24" w="454" /><ent r="4" t="24" w="459" /><ent r="4" t="24" w="465" /></phr></stem><stem n="xn"><phr n="xn"><ent r="4" t="24" w="449" /><ent r="4" t="24" w="455" /><ent r="4" t="24" w="460" /><ent r="4" t="24" w="466" /></phr></stem><stem n="minimum"><phr n="Minimum"><ent r="4" t="24" w="450" /></phr><phr n="minimum"><ent r="3" t="24" w="1332" /><ent r="3" t="24" w="1358" /></phr></stem><stem n="...,"><phr n="...,"><ent r="4" t="24" w="455" /><ent r="4" t="24" w="466" /></phr></stem><stem n="max"><phr n="max"><ent r="4" t="24" w="457" /><ent r="3" t="47" w="591" /></phr><phr n="MAX"><ent r="3" t="33" w="180" /><ent r="3" t="33" w="213" /><ent r="3" t="33" w="245" /><ent r="3" t="33" w="280" /><ent r="3" t="33" w="311" /><ent r="3" t="33" w="336" /></phr></stem><stem n="bitand"><phr n="Bitand"><ent r="100" t="24" w="468" /></phr><phr n="bitand"><ent r="4" t="24" w="470" /></phr></stem><stem n="'and'"><phr n="'and'"><ent r="4" t="24" w="475" /></phr></stem><stem n="'y'."><phr n="'y'."><ent r="4" t="24" w="479" /><ent r="4" t="24" w="491" /><ent r="4" t="24" w="532" /><ent r="4" t="24" w="591" /></phr></stem><stem n="bitor"><phr n="Bitor"><ent r="100" t="24" w="480" /></phr><phr n="bitor"><ent r="4" t="24" w="482" /></phr></stem><stem n="'or'"><phr n="'or'"><ent r="4" t="24" w="487" /></phr></stem><stem n="bitlshift"><phr n="Bitlshift"><ent r="100" t="24" w="492" /></phr><phr n="bitlshift"><ent r="4" t="24" w="494" /></phr></stem><stem n="shift"><phr n="shifted"><ent r="4" t="24" w="500" /><ent r="4" t="24" w="514" /></phr></stem><stem n="'y'"><phr n="'y'"><ent r="4" t="24" w="504" /><ent r="4" t="24" w="518" /></phr></stem><stem n="bitrshift"><phr n="Bitrshift"><ent r="100" t="24" w="506" /></phr><phr n="bitrshift"><ent r="4" t="24" w="508" /></phr></stem><stem n="bitxor"><phr n="Bitxor"><ent r="100" t="24" w="520" /></phr><phr n="bitxor"><ent r="4" t="24" w="522" /></phr></stem><stem n="-or"><phr n="-or"><ent r="4" t="24" w="526" /><ent r="4" t="24" w="526" /></phr></stem><stem n="exclusive-or"><phr n="exclusive-or"><ent r="4" t="24" w="526" /></phr></stem><stem n="radian"><phr n="radians"><ent r="4" t="24" w="542" /><ent r="4" t="24" w="555" /><ent r="4" t="24" w="566" /></phr></stem><stem n="co"><phr n="Cos"><ent r="100" t="24" w="544" /></phr><phr n="cos"><ent r="4" t="24" w="546" /></phr></stem><stem n="cosin"><phr n="cosine"><ent r="4" t="24" w="548" /></phr></stem><stem n="tan"><phr n="tan"><ent r="4" t="24" w="557" /></phr></stem><stem n="tangent"><phr n="tangent"><ent r="4" t="24" w="559" /></phr></stem><stem n=":pi"><phr n=":PI"><ent r="100" t="24" w="569" /></phr></stem><stem n="()"><phr n="()"><ent r="4" t="24" w="574" /><ent r="4" t="24" w="643" /><ent r="3" t="24" w="2700" /></phr></stem><stem n="3.14159"><phr n="3.14159"><ent r="4" t="24" w="580" /><ent r="4" t="24" w="579" /><ent r="3" t="24" w="994" /><ent r="3" t="24" w="993" /></phr></stem><stem n="14159"><phr n="14159"><ent r="4" t="24" w="580" /><ent r="3" t="24" w="994" /></phr></stem><stem n="3.14159."><phr n="3.14159."><ent r="4" t="24" w="580" /><ent r="4" t="24" w="579" /></phr></stem><stem n=".14159...)"><phr n=".14159...)"><ent r="4" t="24" w="581" /></phr></stem><stem n="pow"><phr n="pow"><ent r="4" t="24" w="582" /></phr></stem><stem n="sqrt"><phr n="Sqrt"><ent r="100" t="24" w="592" /></phr><phr n="sqrt"><ent r="4" t="24" w="594" /></phr></stem><stem n="squar"><phr n="square"><ent r="4" t="24" w="596" /></phr></stem><stem n="root"><phr n="root"><ent r="4" t="24" w="597" /></phr></stem><stem n="'x',"><phr n="'x',"><ent r="4" t="24" w="609" /></phr></stem><stem n="natur"><phr n="natural"><ent r="4" t="24" w="616" /><ent r="4" t="24" w="621" /></phr><phr n="nature"><ent r="3" t="40" w="1178" /></phr></stem><stem n="logarithm"><phr n="logarithms"><ent r="4" t="24" w="617" /></phr><phr n="logarithm"><ent r="4" t="24" w="622" /><ent r="4" t="24" w="629" /></phr></stem><stem n="'y',"><phr n="'y',"><ent r="4" t="24" w="635" /></phr></stem><stem n="januari"><phr n="January"><ent r="4" t="24" w="648" /><ent r="4" t="75" w="54" /></phr></stem><stem n="1970"><phr n="1970"><ent r="4" t="24" w="649" /><ent r="4" t="24" w="811" /><ent r="3" t="24" w="1650" /><ent r="3" t="24" w="1896" /></phr></stem><stem n="utc"><phr n="UTC"><ent r="4" t="24" w="650" /><ent r="4" t="24" w="810" /><ent r="3" t="24" w="1649" /><ent r="3" t="24" w="1895" /><ent r="3" t="56" w="387" /><ent r="3" t="56" w="398" /></phr></stem><stem n="(str)"><phr n="(str)"><ent r="4" t="24" w="665" /><ent r="4" t="24" w="738" /><ent r="3" t="61" w="1179" /></phr></stem><stem n="strfind"><phr n="strfind"><ent r="65" t="24" w="688" /><ent r="82" t="24" w="999" /><ent r="3" t="24" w="1002" /><ent r="3" t="24" w="1045" /></phr></stem><stem n="strtobesearch"><phr n="strToBeSearched"><ent r="4" t="24" w="693" /><ent r="4" t="24" w="715" /><ent r="3" t="24" w="1003" /><ent r="3" t="24" w="1062" /></phr></stem><stem n="substrtofind"><phr n="substrToFind"><ent r="4" t="24" w="695" /><ent r="4" t="24" w="717" /><ent r="3" t="24" w="1005" /><ent r="3" t="24" w="1064" /></phr></stem><stem n="substr"><phr n="substring"><ent r="4" t="24" w="707" /><ent r="4" t="24" w="729" /><ent r="3" t="24" w="1025" /><ent r="3" t="24" w="1031" /><ent r="3" t="24" w="1056" /><ent r="3" t="24" w="1084" /><ent r="3" t="24" w="1090" /><ent r="3" t="24" w="1113" /><ent r="100" t="24" w="2194" /><ent r="3" t="24" w="2198" /><ent r="3" t="24" w="2208" /><ent r="4" t="24" w="2231" /><ent r="4" t="24" w="2250" /><ent r="3" t="39" w="325" /><ent r="3" t="39" w="361" /><ent r="3" t="39" w="380" /><ent r="3" t="39" w="399" /></phr><phr n="Substr"><ent r="100" t="24" w="853" /></phr><phr n="substr"><ent r="65" t="24" w="855" /><ent r="82" t="24" w="2152" /><ent r="3" t="24" w="2155" /><ent r="100" t="24" w="2167" /><ent r="3" t="24" w="2170" /><ent r="5" t="24" w="2316" /><ent r="3" t="24" w="2321" /><ent r="3" t="24" w="2327" /><ent r="3" t="24" w="2334" /><ent r="3" t="24" w="2341" /><ent r="3" t="61" w="735" /><ent r="3" t="61" w="744" /><ent r="3" t="61" w="748" /><ent r="3" t="61" w="788" /><ent r="3" t="61" w="797" /><ent r="3" t="61" w="801" /></phr><phr n="Substring"><ent r="100" t="24" w="2186" /><ent r="100" t="24" w="2188" /><ent r="100" t="39" w="312" /></phr></stem><stem n="strifind"><phr n="strifind"><ent r="65" t="24" w="709" /><ent r="82" t="24" w="1058" /><ent r="3" t="24" w="1061" /><ent r="3" t="24" w="1104" /></phr></stem><stem n="insensit"><phr n="insensitive"><ent r="4" t="24" w="720" /><ent r="3" t="24" w="1069" /><ent r="100" t="35" w="673" /><ent r="4" t="35" w="690" /><ent r="4" t="35" w="801" /><ent r="4" t="35" w="1347" /></phr></stem><stem n="strlen"><phr n="Strlen"><ent r="100" t="24" w="733" /></phr><phr n="strlen"><ent r="65" t="24" w="735" /><ent r="82" t="24" w="1118" /><ent r="3" t="24" w="1121" /><ent r="3" t="24" w="1151" /><ent r="3" t="24" w="1155" /></phr></stem><stem n="'str'"><phr n="'str'"><ent r="4" t="24" w="747" /></phr></stem><stem n="...)"><phr n="...)"><ent r="4" t="24" w="763" /></phr></stem><stem n="'fmt'."><phr n="'fmt'."><ent r="4" t="24" w="770" /><ent r="4" t="24" w="797" /><ent r="3" t="24" w="1628" /></phr></stem><stem n="'fmt'"><phr n="'fmt'"><ent r="4" t="24" w="773" /><ent r="3" t="24" w="1631" /></phr></stem><stem n="'%'."><phr n="'%'."><ent r="4" t="24" w="779" /><ent r="3" t="24" w="1189" /><ent r="3" t="24" w="1637" /></phr></stem><stem n="strftime"><phr n="Strftime"><ent r="100" t="24" w="782" /></phr><phr n="strftime"><ent r="65" t="24" w="784" /><ent r="82" t="24" w="1612" /><ent r="3" t="24" w="1615" /><ent r="3" t="24" w="1834" /><ent r="3" t="24" w="1858" /><ent r="3" t="24" w="1869" /><ent r="3" t="24" w="1930" /><ent r="3" t="24" w="1934" /></phr></stem><stem n="[secs])"><phr n="[secs])"><ent r="4" t="24" w="788" /></phr></stem><stem n="/time"><phr n="/time"><ent r="4" t="24" w="791" /><ent r="4" t="24" w="817" /><ent r="3" t="24" w="1622" /><ent r="3" t="24" w="1902" /></phr></stem><stem n="date/tim"><phr n="date/time"><ent r="4" t="24" w="791" /><ent r="4" t="24" w="790" /><ent r="4" t="24" w="817" /><ent r="4" t="24" w="816" /><ent r="3" t="24" w="1622" /><ent r="3" t="24" w="1621" /><ent r="3" t="24" w="1902" /><ent r="3" t="24" w="1901" /></phr></stem><stem n="strptime"><phr n="Strptime"><ent r="100" t="24" w="798" /></phr><phr n="strptime"><ent r="65" t="24" w="800" /><ent r="82" t="24" w="1882" /><ent r="3" t="24" w="1885" /><ent r="3" t="24" w="1936" /></phr></stem><stem n="(oid,"><phr n="(oid,"><ent r="4" t="24" w="830" /><ent r="3" t="24" w="1948" /></phr></stem><stem n="-oid"><phr n="-OIDs"><ent r="4" t="24" w="836" /><ent r="4" t="24" w="836" /><ent r="3" t="24" w="1955" /><ent r="3" t="24" w="1955" /><ent r="100" t="55" w="116" /><ent r="100" t="55" w="116" /><ent r="5" t="55" w="220" /><ent r="5" t="55" w="220" /></phr></stem><stem n="sub-oid"><phr n="sub-OIDs"><ent r="4" t="24" w="836" /><ent r="3" t="24" w="1955" /></phr></stem><stem n="offset"><phr n="offset"><ent r="4" t="24" w="858" /><ent r="4" t="24" w="2161" /><ent r="4" t="24" w="2176" /><ent r="4" t="24" w="2214" /><ent r="5" t="24" w="2226" /><ent r="5" t="24" w="2263" /><ent r="5" t="24" w="2298" /><ent r="4" t="35" w="1070" /><ent r="3" t="35" w="1240" /><ent r="3" t="35" w="1250" /></phr><phr n="Offsets"><ent r="100" t="35" w="1024" /><ent r="100" t="35" w="1216" /><ent r="100" t="35" w="1227" /><ent r="82" t="35" w="1231" /></phr><phr n="offsets"><ent r="3" t="35" w="1057" /></phr></stem><stem n="unpack"><phr n="unpack"><ent r="65" t="24" w="861" /><ent r="82" t="24" w="2348" /><ent r="3" t="24" w="2351" /><ent r="4" t="24" w="2393" /><ent r="5" t="24" w="2427" /><ent r="5" t="24" w="2438" /><ent r="3" t="24" w="2646" /><ent r="3" t="24" w="2651" /><ent r="3" t="24" w="2659" /><ent r="3" t="24" w="2667" /><ent r="3" t="24" w="2676" /><ent r="3" t="24" w="2683" /><ent r="3" t="24" w="2688" /><ent r="3" t="24" w="2699" /></phr><phr n="unpacked"><ent r="3" t="24" w="2389" /><ent r="4" t="24" w="2410" /></phr></stem><stem n="binari"><phr n="binary"><ent r="4" t="24" w="863" /><ent r="4" t="40" w="997" /><ent r="3" t="56" w="495" /><ent r="3" t="58" w="94" /><ent r="3" t="58" w="414" /><ent r="3" t="58" w="429" /><ent r="3" t="58" w="489" /><ent r="3" t="59" w="406" /></phr></stem><stem n="(variable:string):integer;"><phr n="(variable:STRING):INTEGER;"><ent r="3" t="24" w="894" /></phr></stem><stem n="(it"><phr n="(it"><ent r="3" t="24" w="912" /><ent r="3" t="32" w="427" /><ent r="3" t="32" w="580" /></phr><phr n="(its"><ent r="3" t="66" w="387" /></phr></stem><stem n="var2"><phr n="var2"><ent r="3" t="24" w="936" /><ent r="3" t="29" w="722" /><ent r="3" t="35" w="902" /><ent r="3" t="35" w="942" /><ent r="3" t="35" w="952" /></phr></stem><stem n="(&quot;var2&quot;)"><phr n="(&quot;var2&quot;)"><ent r="3" t="24" w="937" /></phr></stem><stem n="&quot;$var2"><phr n="&quot;$var2"><ent r="3" t="24" w="938" /><ent r="3" t="24" w="941" /></phr></stem><stem n="undefin"><phr n="undefined"><ent r="3" t="24" w="943" /><ent r="3" t="29" w="619" /><ent r="3" t="54" w="66" /><ent r="3" t="54" w="161" /></phr><phr n="Undefined"><ent r="92" t="54" w="37" /><ent r="3" t="54" w="139" /></phr></stem><stem n="(x:double,"><phr n="(x:DOUBLE,"><ent r="3" t="24" w="951" /></phr></stem><stem n=":integer):double;"><phr n=":INTEGER):DOUBLE;"><ent r="3" t="24" w="954" /></phr></stem><stem n="(x:double):integer;"><phr n="(x:DOUBLE):INTEGER;"><ent r="3" t="24" w="960" /></phr></stem><stem n="8.6"><phr n="8.6"><ent r="3" t="24" w="989" /><ent r="3" t="24" w="988" /></phr></stem><stem n="(8.6)"><phr n="(8.6)"><ent r="3" t="24" w="990" /></phr></stem><stem n="3.14159,"><phr n="3.14159,"><ent r="3" t="24" w="994" /><ent r="3" t="24" w="993" /></phr></stem><stem n="(3.14159,"><phr n="(3.14159,"><ent r="3" t="24" w="995" /></phr></stem><stem n=".142"><phr n=".142"><ent r="3" t="24" w="997" /></phr></stem><stem n="3.142"><phr n="3.142"><ent r="3" t="24" w="997" /><ent r="3" t="24" w="996" /></phr></stem><stem n="142"><phr n="142"><ent r="3" t="24" w="997" /></phr></stem><stem n=":string,"><phr n=":STRING,"><ent r="3" t="24" w="1005" /><ent r="3" t="24" w="1064" /><ent r="3" t="24" w="1167" /><ent r="3" t="24" w="2160" /><ent r="3" t="24" w="2175" /><ent r="3" t="24" w="2356" /></phr></stem><stem n="):integ"><phr n="):INTEGER"><ent r="3" t="24" w="1007" /></phr></stem><stem n="-sensit"><phr n="-sensitive"><ent r="3" t="24" w="1009" /><ent r="3" t="24" w="1009" /></phr><phr n="-Sensitivity"><ent r="100" t="35" w="653" /><ent r="100" t="35" w="653" /><ent r="82" t="35" w="661" /><ent r="82" t="35" w="661" /></phr></stem><stem n="-1."><phr n="-1."><ent r="3" t="24" w="1042" /><ent r="3" t="24" w="1042" /><ent r="3" t="24" w="1101" /><ent r="3" t="24" w="1101" /></phr></stem><stem n="&quot;ethernet"><phr n="&quot;Ethernet"><ent r="3" t="24" w="1046" /><ent r="3" t="24" w="1105" /></phr></stem><stem n="ethernet"><phr n="Ethernet"><ent r="3" t="24" w="1046" /><ent r="3" t="24" w="1105" /></phr></stem><stem n="&quot;int&quot;)"><phr n="&quot;int&quot;)"><ent r="3" t="24" w="1049" /><ent r="3" t="24" w="1108" /></phr></stem><stem n="-1"><phr n="-1"><ent r="3" t="24" w="1051" /><ent r="3" t="24" w="1051" /><ent r="3" t="61" w="1301" /><ent r="3" t="61" w="1301" /><ent r="6" t="70" w="1128" /><ent r="6" t="70" w="1128" /></phr></stem><stem n="(did"><phr n="(did"><ent r="3" t="24" w="1052" /></phr></stem><stem n="did"><phr n="did"><ent r="3" t="24" w="1052" /><ent r="3" t="37" w="4025" /><ent r="3" t="37" w="4473" /><ent r="3" t="37" w="4585" /><ent r="3" t="56" w="426" /></phr><phr n="Did"><ent r="3" t="39" w="569" /></phr></stem><stem n="-insensit"><phr n="-insensitive"><ent r="3" t="24" w="1068" /><ent r="3" t="24" w="1068" /><ent r="100" t="35" w="672" /><ent r="100" t="35" w="672" /></phr></stem><stem n="case-insensit"><phr n="Case-insensitive"><ent r="3" t="24" w="1068" /><ent r="100" t="35" w="672" /></phr><phr n="case-insensitive"><ent r="4" t="35" w="689" /><ent r="4" t="35" w="800" /><ent r="4" t="35" w="1346" /></phr></stem><stem n="(found"><phr n="(found"><ent r="3" t="24" w="1111" /><ent r="3" t="47" w="399" /></phr></stem><stem n="(str[,"><phr n="(str[,"><ent r="3" t="24" w="1123" /></phr></stem><stem n="...]:string):integ"><phr n="...]:STRING):INTEGER"><ent r="3" t="24" w="1124" /></phr></stem><stem n="&quot;dartware&quot;"><phr n="&quot;Dartware&quot;"><ent r="3" t="24" w="1153" /><ent r="3" t="24" w="1373" /><ent r="3" t="24" w="1379" /><ent r="3" t="24" w="1383" /><ent r="3" t="24" w="1420" /><ent r="3" t="24" w="1428" /><ent r="3" t="24" w="1600" /></phr></stem><stem n="&quot;dartware&quot;,"><phr n="&quot;Dartware&quot;,"><ent r="3" t="24" w="1157" /></phr></stem><stem n="2000"><phr n="2000"><ent r="3" t="24" w="1157" /><ent r="3" t="33" w="58" /><ent r="3" t="39" w="103" /><ent r="3" t="55" w="839" /><ent r="3" t="56" w="555" /><ent r="3" t="56" w="574" /><ent r="3" t="56" w="578" /><ent r="3" t="56" w="580" /><ent r="3" t="56" w="602" /></phr></stem><stem n="&quot;2000&quot;"><phr n="&quot;2000&quot;"><ent r="3" t="24" w="1158" /></phr></stem><stem n="):string"><phr n="):STRING"><ent r="3" t="24" w="1167" /></phr></stem><stem n="ascii"><phr n="ascii"><ent r="4" t="24" w="1201" /><ent r="4" t="24" w="1254" /></phr></stem><stem n="octal"><phr n="octal"><ent r="4" t="24" w="1217" /></phr><phr n="Octal"><ent r="100" t="35" w="579" /><ent r="5" t="35" w="582" /></phr></stem><stem n="(lower"><phr n="(lower"><ent r="4" t="24" w="1227" /></phr></stem><stem n="hexadcim"><phr n="hexadcimal"><ent r="4" t="24" w="1235" /></phr></stem><stem n="(upper"><phr n="(upper"><ent r="4" t="24" w="1237" /></phr></stem><stem n="upper"><phr n="upper"><ent r="4" t="24" w="1237" /></phr><phr n="UPPER"><ent r="100" t="35" w="343" /><ent r="4" t="35" w="353" /></phr></stem><stem n="(unsigned)"><phr n="(unsigned)"><ent r="4" t="24" w="1248" /></phr></stem><stem n="(nul"><phr n="(NUL"><ent r="4" t="24" w="1256" /></phr></stem><stem n="nul"><phr n="NUL"><ent r="4" t="24" w="1256" /></phr></stem><stem n="':'"><phr n="':'"><ent r="4" t="24" w="1270" /></phr></stem><stem n="(fix"><phr n="(fixed"><ent r="4" t="24" w="1278" /></phr></stem><stem n="fix"><phr n="fixed"><ent r="4" t="24" w="1278" /></phr></stem><stem n="(scientif"><phr n="(scientific"><ent r="4" t="24" w="1288" /></phr></stem><stem n="scientif"><phr n="scientific"><ent r="4" t="24" w="1288" /></phr></stem><stem n="(easi"><phr n="(easy"><ent r="4" t="24" w="1298" /></phr></stem><stem n="sign"><phr n="sign"><ent r="4" t="24" w="1305" /><ent r="4" t="24" w="1831" /><ent r="3" t="26" w="774" /><ent r="3" t="34" w="967" /><ent r="4" t="35" w="1000" /><ent r="4" t="35" w="1061" /><ent r="4" t="35" w="1334" /></phr><phr n="signed"><ent r="6" t="24" w="2532" /><ent r="6" t="24" w="2550" /><ent r="6" t="24" w="2568" /></phr></stem><stem n="[-]"><phr n="[-]"><ent r="3" t="24" w="1316" /></phr></stem><stem n="&lt;width&gt;"><phr n="&lt;width&gt;"><ent r="3" t="24" w="1316" /></phr></stem><stem n="[&lt;width&gt;]"><phr n="[&lt;width&gt;]"><ent r="3" t="24" w="1317" /></phr></stem><stem n="[."><phr n="[."><ent r="3" t="24" w="1317" /></phr></stem><stem n="&lt;precision&gt;"><phr n="&lt;precision&gt;"><ent r="3" t="24" w="1317" /><ent r="3" t="24" w="1443" /><ent r="3" t="24" w="1510" /></phr></stem><stem n="&lt;code&gt;"><phr n="&lt;code&gt;"><ent r="3" t="24" w="1318" /></phr></stem><stem n="%s,"><phr n="%s,"><ent r="3" t="24" w="1328" /><ent r="3" t="24" w="1408" /></phr></stem><stem n="less"><phr n="less"><ent r="3" t="24" w="1355" /><ent r="6" t="34" w="781" /><ent r="3" t="41" w="495" /></phr></stem><stem n="pad"><phr n="padded"><ent r="3" t="24" w="1364" /><ent r="4" t="24" w="2419" /></phr><phr n="padding"><ent r="3" t="24" w="1392" /><ent r="3" t="24" w="1455" /><ent r="3" t="24" w="2515" /><ent r="3" t="24" w="2521" /></phr><phr n="pads"><ent r="6" t="70" w="1119" /></phr></stem><stem n="&quot;%10s&quot;,"><phr n="&quot;%10s&quot;,"><ent r="3" t="24" w="1372" /></phr></stem><stem n="&quot;%s&quot;,"><phr n="&quot;%s&quot;,"><ent r="3" t="24" w="1378" /></phr></stem><stem n="'-'"><phr n="'-'"><ent r="3" t="24" w="1413" /></phr></stem><stem n="'%':"><phr n="'%':"><ent r="3" t="24" w="1416" /></phr></stem><stem n="&quot;%-10s&quot;,"><phr n="&quot;%-10s&quot;,"><ent r="3" t="24" w="1419" /></phr></stem><stem n="&quot;dartwar"><phr n="&quot;Dartware"><ent r="3" t="24" w="1423" /></phr></stem><stem n="10.4"><phr n="10.4s"><ent r="3" t="24" w="1426" /><ent r="3" t="24" w="1425" /></phr><phr n="10.4"><ent r="3" t="56" w="513" /><ent r="3" t="56" w="512" /></phr></stem><stem n="4s"><phr n="4s"><ent r="3" t="24" w="1426" /></phr></stem><stem n="&quot;%-10.4s&quot;,"><phr n="&quot;%-10.4s&quot;,"><ent r="3" t="24" w="1427" /></phr></stem><stem n="&quot;dart"><phr n="&quot;Dart"><ent r="3" t="24" w="1431" /></phr></stem><stem n="dart"><phr n="Dart"><ent r="3" t="24" w="1431" /></phr></stem><stem n="0'"><phr n="0's"><ent r="3" t="24" w="1458" /><ent r="3" t="24" w="1457" /></phr></stem><stem n="5d"><phr n="5d"><ent r="3" t="24" w="1463" /><ent r="3" t="24" w="1470" /><ent r="3" t="24" w="1478" /></phr></stem><stem n="&quot;%5d&quot;,"><phr n="&quot;%5d&quot;,"><ent r="3" t="24" w="1464" /></phr></stem><stem n="&quot;%-5d&quot;,"><phr n="&quot;%-5d&quot;,"><ent r="3" t="24" w="1471" /></phr></stem><stem n="&quot;12"><phr n="&quot;12"><ent r="3" t="24" w="1475" /></phr></stem><stem n="6.5d"><phr n="6.5d"><ent r="3" t="24" w="1478" /><ent r="3" t="24" w="1477" /></phr></stem><stem n="&quot;%6.5d&quot;,"><phr n="&quot;%6.5d&quot;,"><ent r="3" t="24" w="1479" /></phr></stem><stem n="00012"><phr n="00012"><ent r="3" t="24" w="1482" /></phr></stem><stem n="2x"><phr n="2X"><ent r="3" t="24" w="1484" /></phr><phr n="2x"><ent r="3" t="24" w="1492" /></phr></stem><stem n="&quot;%-2x&quot;,"><phr n="&quot;%-2X&quot;,"><ent r="3" t="24" w="1485" /></phr></stem><stem n="&quot;f"><phr n="&quot;F"><ent r="3" t="24" w="1489" /></phr></stem><stem n="2.2x"><phr n="2.2x"><ent r="3" t="24" w="1492" /><ent r="3" t="24" w="1491" /></phr></stem><stem n="&quot;%-2.2x&quot;,"><phr n="&quot;%-2.2x&quot;,"><ent r="3" t="24" w="1493" /></phr></stem><stem n="0f"><phr n="0f"><ent r="3" t="24" w="1497" /></phr></stem><stem n="&quot;0f&quot;"><phr n="&quot;0f&quot;"><ent r="3" t="24" w="1498" /></phr></stem><stem n="%f"><phr n="%f"><ent r="3" t="24" w="1523" /></phr></stem><stem n="ddd"><phr n="ddd"><ent r="3" t="24" w="1527" /><ent r="3" t="24" w="1528" /></phr></stem><stem n="ddd.ddd"><phr n="ddd.ddd"><ent r="3" t="24" w="1528" /><ent r="3" t="24" w="1527" /></phr></stem><stem n="ddd.ddd'"><phr n="ddd.ddd'"><ent r="3" t="24" w="1528" /><ent r="3" t="24" w="1527" /></phr></stem><stem n="'[-]ddd.ddd',"><phr n="'[-]ddd.ddd',"><ent r="3" t="24" w="1529" /></phr></stem><stem n="%e"><phr n="%e"><ent r="3" t="24" w="1530" /></phr></stem><stem n="ddde+"><phr n="ddde+"><ent r="3" t="24" w="1535" /></phr></stem><stem n="ddde+-dd"><phr n="ddde+-dd"><ent r="3" t="24" w="1535" /></phr></stem><stem n="dd"><phr n="dd"><ent r="3" t="24" w="1536" /><ent r="3" t="33" w="199" /></phr><phr n="dD"><ent r="3" t="61" w="719" /><ent r="3" t="61" w="772" /></phr></stem><stem n="d.ddde+-dd'"><phr n="d.ddde+-dd'"><ent r="3" t="24" w="1536" /><ent r="3" t="24" w="1534" /></phr></stem><stem n="'[-]d.ddde+-dd'."><phr n="'[-]d.ddde+-dd'."><ent r="3" t="24" w="1537" /></phr></stem><stem n="&quot;%f&quot;,"><phr n="&quot;%f&quot;,"><ent r="3" t="24" w="1540" /></phr></stem><stem n="/2"><phr n="/2"><ent r="3" t="24" w="1541" /><ent r="3" t="24" w="1550" /><ent r="3" t="24" w="1558" /><ent r="3" t="24" w="1567" /></phr></stem><stem n="1/2"><phr n="1/2"><ent r="3" t="24" w="1541" /><ent r="3" t="24" w="1540" /><ent r="3" t="24" w="1550" /><ent r="3" t="24" w="1549" /><ent r="3" t="24" w="1558" /><ent r="3" t="24" w="1557" /><ent r="3" t="24" w="1567" /><ent r="3" t="24" w="1566" /></phr></stem><stem n="0.500000"><phr n="0.500000"><ent r="3" t="24" w="1545" /><ent r="3" t="24" w="1544" /></phr></stem><stem n="500000"><phr n="500000"><ent r="3" t="24" w="1545" /></phr></stem><stem n="&quot;0.500000&quot;"><phr n="&quot;0.500000&quot;"><ent r="3" t="24" w="1546" /></phr></stem><stem n="5.3f"><phr n="5.3f"><ent r="3" t="24" w="1548" /><ent r="3" t="24" w="1547" /></phr></stem><stem n="3f"><phr n="3f"><ent r="3" t="24" w="1548" /></phr><phr n="3F"><ent r="4" t="70" w="1801" /></phr></stem><stem n="&quot;%5.3f&quot;,"><phr n="&quot;%5.3f&quot;,"><ent r="3" t="24" w="1549" /></phr></stem><stem n="0.500"><phr n="0.500"><ent r="3" t="24" w="1554" /><ent r="3" t="24" w="1553" /></phr></stem><stem n="500"><phr n="500"><ent r="3" t="24" w="1554" /><ent r="3" t="37" w="1556" /><ent r="3" t="37" w="1602" /><ent r="3" t="37" w="3423" /><ent r="3" t="37" w="4006" /><ent r="3" t="37" w="4459" /><ent r="3" t="37" w="4526" /><ent r="3" t="37" w="4562" /><ent r="3" t="37" w="4600" /></phr></stem><stem n="&quot;0.500&quot;"><phr n="&quot;0.500&quot;"><ent r="3" t="24" w="1555" /></phr></stem><stem n="&quot;%e&quot;,"><phr n="&quot;%e&quot;,"><ent r="3" t="24" w="1557" /></phr></stem><stem n="000000e"><phr n="000000e"><ent r="3" t="24" w="1562" /></phr></stem><stem n="000000e-01"><phr n="000000e-01"><ent r="3" t="24" w="1562" /></phr></stem><stem n="&quot;5.000000e-01&quot;"><phr n="&quot;5.000000e-01&quot;"><ent r="3" t="24" w="1564" /></phr></stem><stem n="5.sprintf"><phr n="5.sprintf"><ent r="3" t="24" w="1564" /><ent r="3" t="24" w="1561" /></phr></stem><stem n="&quot;%g&quot;,"><phr n="&quot;%g&quot;,"><ent r="3" t="24" w="1566" /></phr></stem><stem n="0.5"><phr n="0.5"><ent r="3" t="24" w="1571" /><ent r="3" t="24" w="1570" /></phr></stem><stem n="&quot;0.5&quot;"><phr n="&quot;0.5&quot;"><ent r="3" t="24" w="1572" /></phr></stem><stem n="%a"><phr n="%a"><ent r="3" t="24" w="1577" /></phr></stem></index>