<?xml version="1.0" encoding="utf-8"?><index><stem n="introduct"><phr n="Introduction"><ent r="1000" t="0" w="5" /><ent r="102" t="0" w="11" /><ent r="92" t="26" w="15" /></phr></stem><stem n="document"><phr n="Documents"><ent r="3" t="0" w="13" /></phr><phr n="Document"><ent r="3" t="0" w="22" /><ent r="100" t="66" w="565" /></phr><phr n="documentation"><ent r="3" t="1" w="42" /><ent r="3" t="1" w="268" /><ent r="3" t="1" w="490" /><ent r="3" t="1" w="535" /><ent r="3" t="26" w="466" /><ent r="3" t="32" w="339" /><ent r="3" t="55" w="1272" /></phr><phr n="Documentation"><ent r="3" t="8" w="51" /><ent r="3" t="37" w="971" /><ent r="3" t="37" w="1094" /><ent r="4" t="49" w="976" /></phr><phr n="document"><ent r="3" t="29" w="542" /><ent r="5" t="66" w="568" /><ent r="7" t="70" w="1460" /><ent r="7" t="70" w="1514" /><ent r="7" t="70" w="1555" /><ent r="6" t="70" w="1931" /><ent r="3" t="71" w="273" /><ent r="3" t="71" w="474" /><ent r="3" t="75" w="13" /></phr></stem><stem n="remoteaccess"><phr n="RemoteAccess"><ent r="3" t="0" w="17" /><ent r="4" t="57" w="97" /><ent r="3" t="59" w="40" /><ent r="3" t="59" w="381" /><ent r="3" t="74" w="30" /><ent r="3" t="74" w="73" /><ent r="4" t="74" w="89" /></phr></stem><stem n="5"><phr n="5"><ent r="4" t="0" w="19" /><ent r="8" t="11" w="330" /><ent r="3" t="13" w="575" /><ent r="3" t="13" w="1936" /><ent r="3" t="13" w="1941" /><ent r="3" t="13" w="1953" /><ent r="3" t="17" w="190" /><ent r="3" t="17" w="200" /><ent r="3" t="19" w="658" /><ent r="4" t="19" w="1592" /><ent r="3" t="19" w="1692" /><ent r="3" t="22" w="1167" /><ent r="3" t="22" w="1202" /><ent r="3" t="22" w="1446" /><ent r="3" t="24" w="1547" /><ent r="3" t="24" w="1561" /><ent r="3" t="24" w="1571" /><ent r="3" t="26" w="336" /><ent r="64" t="26" w="477" /><ent r="4" t="29" w="235" /><ent r="4" t="29" w="261" /><ent r="3" t="29" w="929" /><ent r="3" t="29" w="934" /><ent r="3" t="32" w="522" /><ent r="3" t="32" w="683" /><ent r="3" t="32" w="806" /><ent r="3" t="32" w="916" /><ent r="3" t="32" w="1098" /><ent r="3" t="32" w="1246" /><ent r="3" t="32" w="1684" /><ent r="3" t="33" w="327" /><ent r="3" t="34" w="661" /><ent r="6" t="34" w="774" /><ent r="3" t="34" w="1060" /><ent r="4" t="37" w="4403" /><ent r="3" t="37" w="4503" /><ent r="3" t="40" w="851" /><ent r="3" t="44" w="849" /><ent r="4" t="46" w="49" /><ent r="3" t="47" w="610" /><ent r="3" t="47" w="631" /><ent r="3" t="47" w="663" /><ent r="82" t="47" w="726" /><ent r="4" t="49" w="253" /><ent r="3" t="49" w="761" /><ent r="3" t="49" w="770" /><ent r="3" t="49" w="771" /><ent r="3" t="55" w="943" /><ent r="3" t="56" w="615" /><ent r="3" t="56" w="689" /><ent r="3" t="56" w="724" /><ent r="4" t="56" w="740" /><ent r="3" t="61" w="1202" /><ent r="3" t="64" w="29" /><ent r="3" t="64" w="88" /><ent r="3" t="64" w="154" /><ent r="4" t="64" w="270" /><ent r="3" t="64" w="295" /><ent r="3" t="64" w="429" /><ent r="3" t="64" w="441" /><ent r="4" t="75" w="45" /></phr></stem><stem n=".6"><phr n=".6"><ent r="4" t="0" w="20" /><ent r="4" t="46" w="50" /><ent r="4" t="46" w="61" /><ent r="65" t="47" w="569" /><ent r="65" t="47" w="812" /><ent r="4" t="75" w="46" /><ent r="4" t="75" w="52" /></phr></stem><stem n="5.6"><phr n="5.6"><ent r="4" t="0" w="20" /><ent r="4" t="0" w="19" /><ent r="4" t="46" w="50" /><ent r="4" t="46" w="49" /><ent r="4" t="75" w="46" /><ent r="4" t="75" w="45" /></phr></stem><stem n="6"><phr n="6"><ent r="4" t="0" w="20" /><ent r="8" t="11" w="337" /><ent r="3" t="13" w="1977" /><ent r="3" t="13" w="2075" /><ent r="3" t="13" w="2080" /><ent r="3" t="13" w="2323" /><ent r="3" t="16" w="128" /><ent r="3" t="16" w="133" /><ent r="3" t="16" w="143" /><ent r="3" t="16" w="160" /><ent r="3" t="16" w="164" /><ent r="3" t="16" w="177" /><ent r="3" t="16" w="1180" /><ent r="3" t="16" w="1195" /><ent r="4" t="16" w="1252" /><ent r="4" t="16" w="1294" /><ent r="4" t="16" w="1299" /><ent r="4" t="16" w="1336" /><ent r="4" t="16" w="1367" /><ent r="5" t="16" w="1665" /><ent r="3" t="16" w="1925" /><ent r="3" t="19" w="491" /><ent r="3" t="19" w="517" /><ent r="3" t="19" w="586" /><ent r="3" t="19" w="608" /><ent r="3" t="19" w="629" /><ent r="3" t="19" w="651" /><ent r="4" t="19" w="1429" /><ent r="4" t="19" w="1602" /><ent r="3" t="19" w="1701" /><ent r="3" t="20" w="320" /><ent r="3" t="22" w="1182" /><ent r="3" t="22" w="1191" /><ent r="3" t="22" w="1326" /><ent r="3" t="22" w="1343" /><ent r="3" t="22" w="1360" /><ent r="3" t="22" w="1454" /><ent r="3" t="22" w="1464" /><ent r="3" t="24" w="989" /><ent r="3" t="24" w="1477" /><ent r="4" t="24" w="1780" /><ent r="3" t="24" w="1864" /><ent r="3" t="24" w="1994" /><ent r="3" t="24" w="2014" /><ent r="3" t="24" w="2036" /><ent r="3" t="24" w="2056" /><ent r="3" t="24" w="2078" /><ent r="3" t="24" w="2100" /><ent r="3" t="24" w="2120" /><ent r="3" t="24" w="2127" /><ent r="3" t="24" w="2131" /><ent r="3" t="24" w="2135" /><ent r="3" t="24" w="2141" /><ent r="3" t="24" w="2145" /><ent r="3" t="24" w="2150" /><ent r="3" t="24" w="2804" /><ent r="4" t="24" w="2851" /><ent r="3" t="26" w="95" /><ent r="3" t="26" w="106" /><ent r="3" t="26" w="116" /><ent r="3" t="26" w="123" /><ent r="3" t="26" w="193" /><ent r="3" t="26" w="976" /><ent r="4" t="29" w="238" /><ent r="3" t="29" w="558" /><ent r="3" t="29" w="592" /><ent r="3" t="29" w="941" /><ent r="3" t="31" w="77" /><ent r="3" t="31" w="110" /><ent r="3" t="31" w="119" /><ent r="3" t="31" w="129" /><ent r="4" t="31" w="213" /><ent r="4" t="31" w="272" /><ent r="4" t="31" w="282" /><ent r="3" t="32" w="442" /><ent r="3" t="32" w="451" /><ent r="3" t="32" w="456" /><ent r="3" t="32" w="473" /><ent r="3" t="32" w="486" /><ent r="3" t="32" w="500" /><ent r="3" t="32" w="515" /><ent r="3" t="32" w="531" /><ent r="3" t="32" w="538" /><ent r="3" t="32" w="596" /><ent r="3" t="32" w="603" /><ent r="3" t="32" w="612" /><ent r="3" t="32" w="617" /><ent r="3" t="32" w="634" /><ent r="3" t="32" w="647" /><ent r="3" t="32" w="661" /><ent r="3" t="32" w="676" /><ent r="3" t="32" w="692" /><ent r="3" t="32" w="699" /><ent r="3" t="32" w="726" /><ent r="3" t="32" w="735" /><ent r="3" t="32" w="740" /><ent r="3" t="32" w="757" /><ent r="3" t="32" w="770" /><ent r="3" t="32" w="784" /><ent r="3" t="32" w="799" /><ent r="3" t="32" w="815" /><ent r="3" t="32" w="822" /><ent r="3" t="32" w="836" /><ent r="3" t="32" w="845" /><ent r="3" t="32" w="850" /><ent r="3" t="32" w="867" /><ent r="3" t="32" w="880" /><ent r="3" t="32" w="894" /><ent r="3" t="32" w="909" /><ent r="3" t="32" w="925" /><ent r="3" t="32" w="932" /><ent r="3" t="32" w="940" /><ent r="3" t="32" w="953" /><ent r="3" t="32" w="966" /><ent r="3" t="32" w="979" /><ent r="3" t="32" w="992" /><ent r="3" t="32" w="1005" /><ent r="3" t="32" w="1025" /><ent r="3" t="32" w="1032" /><ent r="3" t="32" w="1049" /><ent r="3" t="32" w="1062" /><ent r="3" t="32" w="1076" /><ent r="3" t="32" w="1091" /><ent r="3" t="32" w="1107" /><ent r="3" t="32" w="1114" /><ent r="3" t="32" w="1179" /><ent r="3" t="32" w="1193" /><ent r="3" t="32" w="1207" /><ent r="3" t="32" w="1224" /><ent r="3" t="32" w="1239" /><ent r="3" t="32" w="1255" /><ent r="3" t="32" w="1262" /><ent r="3" t="32" w="1691" /><ent r="3" t="33" w="354" /><ent r="4" t="37" w="2598" /><ent r="4" t="46" w="50" /><ent r="4" t="46" w="61" /><ent r="65" t="47" w="569" /><ent r="65" t="47" w="812" /><ent r="3" t="48" w="46" /><ent r="3" t="54" w="349" /><ent r="3" t="54" w="360" /><ent r="3" t="54" w="371" /><ent r="3" t="54" w="382" /><ent r="3" t="54" w="387" /><ent r="3" t="54" w="502" /><ent r="3" t="54" w="514" /><ent r="3" t="54" w="545" /><ent r="3" t="55" w="510" /><ent r="3" t="55" w="571" /><ent r="3" t="55" w="627" /><ent r="3" t="55" w="671" /><ent r="3" t="55" w="863" /><ent r="3" t="55" w="880" /><ent r="3" t="55" w="890" /><ent r="3" t="55" w="904" /><ent r="3" t="55" w="920" /><ent r="3" t="55" w="938" /><ent r="3" t="55" w="957" /><ent r="3" t="55" w="962" /><ent r="3" t="55" w="976" /><ent r="3" t="55" w="992" /><ent r="3" t="55" w="1008" /><ent r="3" t="55" w="1020" /><ent r="3" t="55" w="1034" /><ent r="3" t="55" w="1053" /><ent r="3" t="55" w="1071" /><ent r="3" t="55" w="1087" /><ent r="3" t="55" w="1105" /><ent r="3" t="56" w="619" /><ent r="3" t="56" w="635" /><ent r="3" t="56" w="642" /><ent r="3" t="56" w="657" /><ent r="3" t="56" w="671" /><ent r="3" t="56" w="684" /><ent r="3" t="64" w="452" /><ent r="3" t="64" w="464" /><ent r="4" t="75" w="46" /><ent r="4" t="75" w="52" /></phr></stem><stem n="built"><phr n="built"><ent r="3" t="0" w="23" /><ent r="3" t="0" w="196" /><ent r="3" t="3" w="40" /><ent r="3" t="3" w="68" /><ent r="3" t="3" w="151" /><ent r="3" t="3" w="329" /><ent r="4" t="5" w="1296" /><ent r="3" t="5" w="1335" /><ent r="3" t="8" w="348" /><ent r="3" t="8" w="368" /><ent r="3" t="9" w="15" /><ent r="5" t="9" w="679" /><ent r="3" t="13" w="20" /><ent r="3" t="13" w="1845" /><ent r="3" t="14" w="699" /><ent r="3" t="15" w="63" /><ent r="4" t="15" w="145" /><ent r="3" t="16" w="1832" /><ent r="3" t="19" w="938" /><ent r="4" t="24" w="209" /><ent r="3" t="35" w="1403" /><ent r="3" t="37" w="1700" /><ent r="3" t="37" w="1776" /><ent r="4" t="49" w="188" /><ent r="3" t="51" w="38" /><ent r="3" t="51" w="71" /><ent r="3" t="51" w="115" /><ent r="3" t="52" w="27" /><ent r="3" t="56" w="518" /><ent r="3" t="64" w="330" /><ent r="3" t="64" w="382" /><ent r="3" t="65" w="71" /><ent r="3" t="66" w="519" /><ent r="3" t="66" w="543" /><ent r="7" t="68" w="450" /><ent r="7" t="68" w="484" /><ent r="7" t="68" w="509" /><ent r="4" t="78" w="108" /><ent r="3" t="78" w="150" /></phr><phr n="Built"><ent r="1000" t="13" w="1" /><ent r="102" t="13" w="8" /><ent r="65" t="16" w="437" /><ent r="92" t="16" w="1823" /><ent r="64" t="16" w="1839" /><ent r="3" t="16" w="1893" /><ent r="100" t="24" w="392" /><ent r="92" t="24" w="397" /><ent r="100" t="24" w="652" /><ent r="92" t="24" w="657" /><ent r="3" t="34" w="835" /><ent r="65" t="35" w="1353" /><ent r="100" t="35" w="1380" /><ent r="82" t="35" w="1384" /><ent r="65" t="47" w="907" /><ent r="1000" t="51" w="2" /><ent r="102" t="51" w="7" /><ent r="3" t="51" w="11" /><ent r="100" t="66" w="504" /><ent r="92" t="66" w="509" /></phr></stem><stem n="2"><phr n="2"><ent r="4" t="0" w="25" /><ent r="3" t="1" w="546" /><ent r="3" t="8" w="639" /><ent r="8" t="11" w="333" /><ent r="3" t="13" w="1682" /><ent r="3" t="13" w="1703" /><ent r="3" t="13" w="1907" /><ent r="3" t="13" w="1979" /><ent r="3" t="13" w="1987" /><ent r="3" t="13" w="1995" /><ent r="3" t="13" w="2012" /><ent r="3" t="13" w="2077" /><ent r="3" t="14" w="1106" /><ent r="3" t="16" w="130" /><ent r="3" t="16" w="145" /><ent r="3" t="16" w="162" /><ent r="3" t="16" w="179" /><ent r="3" t="16" w="1182" /><ent r="3" t="16" w="1197" /><ent r="4" t="16" w="1254" /><ent r="4" t="16" w="1296" /><ent r="4" t="16" w="1338" /><ent r="4" t="16" w="1369" /><ent r="4" t="16" w="1371" /><ent r="4" t="16" w="1372" /><ent r="5" t="16" w="1667" /><ent r="3" t="16" w="1927" /><ent r="3" t="16" w="1929" /><ent r="3" t="16" w="1930" /><ent r="3" t="16" w="1945" /><ent r="3" t="16" w="1959" /><ent r="3" t="16" w="2264" /><ent r="3" t="16" w="2284" /><ent r="3" t="17" w="195" /><ent r="100" t="18" w="68" /><ent r="100" t="18" w="72" /><ent r="4" t="18" w="81" /><ent r="3" t="19" w="493" /><ent r="3" t="19" w="495" /><ent r="3" t="19" w="496" /><ent r="3" t="19" w="519" /><ent r="3" t="19" w="521" /><ent r="3" t="19" w="522" /><ent r="3" t="19" w="588" /><ent r="3" t="19" w="590" /><ent r="3" t="19" w="591" /><ent r="3" t="19" w="610" /><ent r="3" t="19" w="612" /><ent r="3" t="19" w="613" /><ent r="3" t="19" w="615" /><ent r="3" t="19" w="631" /><ent r="3" t="19" w="633" /><ent r="3" t="19" w="634" /><ent r="3" t="19" w="653" /><ent r="3" t="19" w="655" /><ent r="3" t="19" w="656" /><ent r="4" t="19" w="1431" /><ent r="4" t="19" w="1566" /><ent r="4" t="19" w="1576" /><ent r="3" t="19" w="1659" /><ent r="3" t="19" w="1662" /><ent r="3" t="19" w="1668" /><ent r="3" t="20" w="476" /><ent r="3" t="20" w="480" /><ent r="3" t="20" w="485" /><ent r="3" t="20" w="490" /><ent r="3" t="20" w="495" /><ent r="3" t="20" w="500" /><ent r="3" t="20" w="505" /><ent r="3" t="20" w="514" /><ent r="3" t="20" w="533" /><ent r="3" t="22" w="1187" /><ent r="3" t="22" w="1196" /><ent r="3" t="22" w="1331" /><ent r="3" t="22" w="1348" /><ent r="3" t="22" w="1356" /><ent r="3" t="22" w="1365" /><ent r="3" t="22" w="1420" /><ent r="3" t="22" w="1477" /><ent r="3" t="22" w="1512" /><ent r="4" t="24" w="640" /><ent r="3" t="24" w="1491" /><ent r="3" t="24" w="1541" /><ent r="3" t="24" w="1550" /><ent r="3" t="24" w="1558" /><ent r="3" t="24" w="1567" /><ent r="3" t="24" w="1996" /><ent r="3" t="24" w="2004" /><ent r="3" t="24" w="2007" /><ent r="3" t="24" w="2016" /><ent r="3" t="24" w="2024" /><ent r="3" t="24" w="2031" /><ent r="3" t="24" w="2038" /><ent r="3" t="24" w="2046" /><ent r="3" t="24" w="2049" /><ent r="3" t="24" w="2058" /><ent r="3" t="24" w="2066" /><ent r="3" t="24" w="2073" /><ent r="3" t="24" w="2080" /><ent r="3" t="24" w="2088" /><ent r="3" t="24" w="2093" /><ent r="3" t="24" w="2102" /><ent r="3" t="24" w="2110" /><ent r="3" t="24" w="2112" /><ent r="3" t="24" w="2115" /><ent r="3" t="24" w="2128" /><ent r="3" t="24" w="2146" /><ent r="3" t="24" w="2330" /><ent r="3" t="24" w="2337" /><ent r="3" t="24" w="2343" /><ent r="5" t="24" w="2429" /><ent r="5" t="24" w="2440" /><ent r="6" t="24" w="2571" /><ent r="6" t="24" w="2580" /><ent r="3" t="24" w="2653" /><ent r="3" t="24" w="2661" /><ent r="3" t="24" w="2678" /><ent r="3" t="24" w="2763" /><ent r="3" t="24" w="2806" /><ent r="3" t="24" w="2830" /><ent r="4" t="24" w="2853" /><ent r="6" t="24" w="2965" /><ent r="4" t="24" w="3016" /><ent r="3" t="25" w="71" /><ent r="3" t="25" w="79" /><ent r="100" t="25" w="105" /><ent r="100" t="25" w="109" /><ent r="4" t="25" w="118" /><ent r="3" t="26" w="125" /><ent r="3" t="26" w="196" /><ent r="3" t="26" w="333" /><ent r="3" t="26" w="978" /><ent r="4" t="29" w="226" /><ent r="3" t="29" w="563" /><ent r="3" t="29" w="597" /><ent r="3" t="31" w="73" /><ent r="3" t="31" w="106" /><ent r="3" t="31" w="135" /><ent r="4" t="31" w="191" /><ent r="4" t="31" w="288" /><ent r="3" t="32" w="136" /><ent r="3" t="32" w="137" /><ent r="3" t="32" w="461" /><ent r="3" t="32" w="478" /><ent r="3" t="32" w="480" /><ent r="3" t="32" w="491" /><ent r="3" t="32" w="505" /><ent r="3" t="32" w="520" /><ent r="3" t="32" w="536" /><ent r="3" t="32" w="622" /><ent r="3" t="32" w="639" /><ent r="3" t="32" w="641" /><ent r="3" t="32" w="652" /><ent r="3" t="32" w="666" /><ent r="3" t="32" w="681" /><ent r="3" t="32" w="697" /><ent r="3" t="32" w="745" /><ent r="3" t="32" w="762" /><ent r="3" t="32" w="764" /><ent r="3" t="32" w="775" /><ent r="3" t="32" w="789" /><ent r="3" t="32" w="804" /><ent r="3" t="32" w="820" /><ent r="3" t="32" w="855" /><ent r="3" t="32" w="872" /><ent r="3" t="32" w="874" /><ent r="3" t="32" w="885" /><ent r="3" t="32" w="899" /><ent r="3" t="32" w="914" /><ent r="3" t="32" w="930" /><ent r="3" t="32" w="945" /><ent r="3" t="32" w="958" /><ent r="3" t="32" w="971" /><ent r="3" t="32" w="984" /><ent r="3" t="32" w="997" /><ent r="3" t="32" w="1010" /><ent r="3" t="32" w="1037" /><ent r="3" t="32" w="1054" /><ent r="3" t="32" w="1056" /><ent r="3" t="32" w="1067" /><ent r="3" t="32" w="1081" /><ent r="3" t="32" w="1096" /><ent r="3" t="32" w="1112" /><ent r="3" t="32" w="1184" /><ent r="3" t="32" w="1198" /><ent r="3" t="32" w="1200" /><ent r="3" t="32" w="1212" /><ent r="3" t="32" w="1229" /><ent r="3" t="32" w="1244" /><ent r="3" t="32" w="1260" /><ent r="3" t="32" w="1663" /><ent r="3" t="33" w="166" /><ent r="3" t="33" w="236" /><ent r="3" t="34" w="587" /><ent r="4" t="35" w="831" /><ent r="4" t="37" w="3744" /><ent r="3" t="37" w="3916" /><ent r="3" t="37" w="4010" /><ent r="4" t="37" w="4142" /><ent r="3" t="37" w="4398" /><ent r="3" t="37" w="4463" /><ent r="3" t="39" w="149" /><ent r="3" t="40" w="853" /><ent r="4" t="42" w="116" /><ent r="3" t="42" w="136" /><ent r="3" t="44" w="558" /><ent r="3" t="44" w="595" /><ent r="3" t="44" w="615" /><ent r="3" t="44" w="814" /><ent r="3" t="45" w="187" /><ent r="4" t="46" w="60" /><ent r="3" t="46" w="399" /><ent r="3" t="46" w="446" /><ent r="65" t="47" w="448" /><ent r="6" t="47" w="471" /><ent r="65" t="47" w="520" /><ent r="65" t="47" w="568" /><ent r="4" t="47" w="758" /><ent r="4" t="47" w="769" /><ent r="65" t="47" w="811" /><ent r="3" t="48" w="239" /><ent r="4" t="49" w="254" /><ent r="3" t="49" w="529" /><ent r="3" t="49" w="638" /><ent r="3" t="49" w="783" /><ent r="3" t="54" w="342" /><ent r="3" t="54" w="351" /><ent r="3" t="54" w="357" /><ent r="3" t="54" w="362" /><ent r="3" t="54" w="384" /><ent r="3" t="54" w="427" /><ent r="3" t="54" w="504" /><ent r="3" t="54" w="506" /><ent r="3" t="54" w="507" /><ent r="3" t="54" w="509" /><ent r="3" t="54" w="516" /><ent r="3" t="54" w="518" /><ent r="3" t="54" w="519" /><ent r="3" t="54" w="547" /><ent r="3" t="54" w="549" /><ent r="3" t="54" w="550" /><ent r="3" t="54" w="552" /><ent r="3" t="55" w="512" /><ent r="3" t="55" w="514" /><ent r="3" t="55" w="515" /><ent r="3" t="55" w="534" /><ent r="3" t="55" w="567" /><ent r="3" t="55" w="573" /><ent r="3" t="55" w="595" /><ent r="3" t="55" w="624" /><ent r="3" t="55" w="629" /><ent r="3" t="55" w="631" /><ent r="3" t="55" w="632" /><ent r="3" t="55" w="673" /><ent r="3" t="55" w="675" /><ent r="3" t="55" w="676" /><ent r="3" t="55" w="865" /><ent r="3" t="55" w="882" /><ent r="3" t="55" w="885" /><ent r="3" t="55" w="906" /><ent r="3" t="55" w="922" /><ent r="3" t="55" w="940" /><ent r="3" t="55" w="959" /><ent r="3" t="55" w="978" /><ent r="3" t="55" w="994" /><ent r="3" t="55" w="1010" /><ent r="3" t="55" w="1015" /><ent r="3" t="55" w="1022" /><ent r="3" t="55" w="1036" /><ent r="3" t="55" w="1055" /><ent r="3" t="55" w="1073" /><ent r="3" t="55" w="1075" /><ent r="3" t="55" w="1079" /><ent r="3" t="55" w="1089" /><ent r="3" t="55" w="1091" /><ent r="3" t="55" w="1092" /><ent r="3" t="55" w="1107" /><ent r="3" t="55" w="1109" /><ent r="3" t="55" w="1110" /><ent r="3" t="55" w="1113" /><ent r="3" t="55" w="1115" /><ent r="3" t="56" w="563" /><ent r="3" t="56" w="567" /><ent r="3" t="56" w="601" /><ent r="3" t="56" w="610" /><ent r="3" t="56" w="616" /><ent r="3" t="56" w="621" /><ent r="3" t="56" w="632" /><ent r="3" t="56" w="637" /><ent r="3" t="56" w="640" /><ent r="3" t="56" w="654" /><ent r="3" t="56" w="659" /><ent r="3" t="56" w="668" /><ent r="3" t="56" w="673" /><ent r="3" t="56" w="681" /><ent r="3" t="56" w="686" /><ent r="3" t="61" w="523" /><ent r="3" t="61" w="525" /><ent r="3" t="61" w="747" /><ent r="3" t="61" w="800" /><ent r="3" t="61" w="1381" /><ent r="3" t="67" w="106" /><ent r="7" t="68" w="337" /><ent r="4" t="75" w="51" /><ent r="4" t="77" w="246" /><ent r="5" t="77" w="265" /></phr></stem><stem n="2/18"><phr n="2/18"><ent r="4" t="0" w="26" /><ent r="4" t="0" w="25" /></phr></stem><stem n="18"><phr n="18"><ent r="4" t="0" w="26" /><ent r="3" t="1" w="558" /><ent r="3" t="14" w="139" /><ent r="3" t="14" w="772" /><ent r="3" t="22" w="1198" /><ent r="3" t="22" w="1200" /><ent r="3" t="22" w="1333" /><ent r="3" t="22" w="1335" /><ent r="3" t="22" w="1350" /><ent r="3" t="22" w="1367" /><ent r="3" t="37" w="4032" /><ent r="3" t="37" w="4480" /><ent r="3" t="37" w="4608" /><ent r="3" t="49" w="776" /></phr></stem><stem n="/18/2013"><phr n="/18/2013"><ent r="4" t="0" w="27" /></phr></stem><stem n="2/18/2013"><phr n="2/18/2013"><ent r="4" t="0" w="27" /><ent r="4" t="0" w="25" /></phr></stem><stem n="2013"><phr n="2013"><ent r="4" t="0" w="27" /><ent r="4" t="75" w="55" /></phr></stem><stem n="10"><phr n="10"><ent r="4" t="0" w="30" /><ent r="3" t="13" w="1985" /><ent r="3" t="13" w="1986" /><ent r="3" t="13" w="1993" /><ent r="3" t="13" w="1994" /><ent r="3" t="13" w="2349" /><ent r="4" t="16" w="1374" /><ent r="4" t="16" w="1794" /><ent r="3" t="17" w="168" /><ent r="3" t="17" w="182" /><ent r="5" t="18" w="149" /><ent r="3" t="18" w="197" /><ent r="4" t="24" w="639" /><ent r="3" t="24" w="1425" /><ent r="4" t="24" w="1703" /><ent r="3" t="24" w="2002" /><ent r="3" t="24" w="2003" /><ent r="3" t="24" w="2022" /><ent r="3" t="24" w="2023" /><ent r="3" t="24" w="2029" /><ent r="3" t="24" w="2030" /><ent r="3" t="24" w="2044" /><ent r="3" t="24" w="2045" /><ent r="3" t="24" w="2064" /><ent r="3" t="24" w="2065" /><ent r="3" t="24" w="2071" /><ent r="3" t="24" w="2072" /><ent r="3" t="24" w="2086" /><ent r="3" t="24" w="2087" /><ent r="3" t="24" w="2108" /><ent r="3" t="24" w="2109" /><ent r="3" t="25" w="67" /><ent r="5" t="25" w="182" /><ent r="3" t="27" w="39" /><ent r="3" t="32" w="986" /><ent r="3" t="32" w="1140" /><ent r="3" t="32" w="1719" /><ent r="3" t="37" w="3956" /><ent r="5" t="41" w="365" /><ent r="3" t="47" w="630" /><ent r="3" t="47" w="655" /><ent r="3" t="48" w="196" /><ent r="3" t="49" w="769" /><ent r="3" t="54" w="510" /><ent r="3" t="54" w="564" /><ent r="3" t="55" w="146" /><ent r="4" t="55" w="319" /><ent r="3" t="55" w="532" /><ent r="3" t="55" w="533" /><ent r="3" t="55" w="565" /><ent r="3" t="55" w="566" /><ent r="3" t="55" w="651" /><ent r="3" t="56" w="175" /><ent r="3" t="56" w="201" /><ent r="3" t="56" w="512" /></phr><phr n="10s"><ent r="3" t="24" w="1371" /><ent r="3" t="24" w="1418" /></phr></stem><stem n=":00"><phr n=":00"><ent r="4" t="0" w="31" /></phr></stem><stem n="00"><phr n="00"><ent r="4" t="0" w="31" /><ent r="3" t="13" w="2310" /><ent r="3" t="13" w="2352" /><ent r="4" t="24" w="1718" /><ent r="4" t="24" w="1745" /><ent r="4" t="24" w="1756" /><ent r="4" t="24" w="1765" /><ent r="4" t="24" w="1791" /><ent r="4" t="24" w="1813" /><ent r="3" t="35" w="904" /><ent r="3" t="54" w="332" /><ent r="3" t="64" w="407" /><ent r="3" t="64" w="408" /><ent r="3" t="64" w="409" /><ent r="3" t="64" w="445" /><ent r="3" t="64" w="446" /><ent r="3" t="64" w="447" /><ent r="3" t="64" w="468" /><ent r="3" t="64" w="469" /><ent r="3" t="64" w="470" /><ent r="3" t="64" w="491" /><ent r="3" t="64" w="492" /><ent r="3" t="64" w="493" /></phr></stem><stem n="am"><phr n="AM"><ent r="4" t="0" w="32" /><ent r="4" t="24" w="1749" /></phr></stem><stem n="-mail"><phr n="-mail"><ent r="100" t="0" w="34" /><ent r="100" t="0" w="34" /><ent r="3" t="52" w="77" /><ent r="3" t="52" w="77" /></phr></stem><stem n="e"><phr n="E"><ent r="100" t="0" w="34" /><ent r="3" t="33" w="114" /><ent r="3" t="34" w="517" /><ent r="6" t="37" w="642" /><ent r="6" t="37" w="681" /><ent r="5" t="37" w="2763" /><ent r="5" t="37" w="3019" /></phr><phr n="e"><ent r="3" t="0" w="76" /><ent r="3" t="1" w="144" /><ent r="4" t="11" w="479" /><ent r="5" t="13" w="1433" /><ent r="4" t="16" w="1569" /><ent r="3" t="21" w="27" /><ent r="4" t="21" w="263" /><ent r="3" t="21" w="726" /><ent r="4" t="21" w="874" /><ent r="4" t="22" w="162" /><ent r="4" t="22" w="506" /><ent r="4" t="24" w="436" /><ent r="4" t="24" w="577" /><ent r="4" t="24" w="603" /><ent r="4" t="24" w="610" /><ent r="4" t="24" w="635" /><ent r="4" t="24" w="1281" /><ent r="3" t="24" w="1530" /><ent r="3" t="24" w="1556" /><ent r="4" t="24" w="1820" /><ent r="3" t="26" w="295" /><ent r="4" t="35" w="372" /><ent r="3" t="37" w="3967" /><ent r="3" t="37" w="4366" /><ent r="3" t="44" w="646" /><ent r="3" t="44" w="651" /><ent r="3" t="44" w="656" /><ent r="3" t="44" w="660" /><ent r="3" t="44" w="664" /><ent r="3" t="49" w="687" /><ent r="3" t="49" w="832" /><ent r="3" t="49" w="835" /><ent r="3" t="49" w="850" /><ent r="3" t="49" w="855" /><ent r="3" t="49" w="870" /><ent r="3" t="52" w="77" /><ent r="100" t="55" w="11" /><ent r="3" t="55" w="137" /><ent r="5" t="55" w="195" /><ent r="4" t="55" w="237" /><ent r="4" t="55" w="406" /><ent r="4" t="55" w="412" /><ent r="3" t="55" w="663" /><ent r="3" t="56" w="377" /><ent r="6" t="70" w="1863" /><ent r="6" t="70" w="1882" /><ent r="6" t="70" w="1913" /><ent r="6" t="70" w="1933" /><ent r="6" t="70" w="1948" /><ent r="6" t="70" w="1967" /><ent r="6" t="70" w="1992" /></phr></stem><stem n="e-mail"><phr n="E-mail"><ent r="100" t="0" w="34" /><ent r="3" t="33" w="114" /></phr><phr n="e-mail"><ent r="3" t="0" w="76" /><ent r="4" t="21" w="263" /><ent r="3" t="21" w="726" /><ent r="3" t="52" w="77" /></phr></stem><stem n="mail"><phr n="mail"><ent r="100" t="0" w="35" /><ent r="3" t="0" w="77" /><ent r="3" t="11" w="123" /><ent r="4" t="21" w="264" /><ent r="3" t="21" w="727" /><ent r="3" t="33" w="115" /><ent r="3" t="52" w="78" /></phr></stem><stem n="network"><phr n="network"><ent r="3" t="0" w="40" /><ent r="3" t="0" w="60" /><ent r="3" t="0" w="108" /><ent r="3" t="0" w="142" /><ent r="3" t="1" w="186" /><ent r="4" t="3" w="523" /><ent r="6" t="5" w="952" /><ent r="6" t="5" w="995" /><ent r="6" t="5" w="1038" /><ent r="5" t="13" w="138" /><ent r="5" t="13" w="175" /><ent r="5" t="13" w="326" /><ent r="5" t="13" w="652" /><ent r="5" t="13" w="662" /><ent r="5" t="13" w="1001" /><ent r="5" t="13" w="1015" /><ent r="5" t="13" w="1030" /><ent r="5" t="13" w="1044" /><ent r="5" t="13" w="1298" /><ent r="3" t="28" w="302" /><ent r="3" t="33" w="321" /><ent r="3" t="37" w="3253" /><ent r="4" t="66" w="167" /><ent r="5" t="66" w="583" /><ent r="4" t="66" w="592" /><ent r="3" t="66" w="637" /><ent r="3" t="66" w="656" /><ent r="6" t="70" w="1377" /><ent r="6" t="70" w="1932" /></phr><phr n="Network"><ent r="100" t="66" w="580" /></phr><phr n="networks"><ent r="3" t="66" w="668" /><ent r="6" t="70" w="1418" /></phr></stem><stem n="monitor"><phr n="monitoring"><ent r="3" t="0" w="41" /><ent r="3" t="0" w="143" /><ent r="4" t="3" w="524" /><ent r="3" t="28" w="330" /></phr><phr n="monitors"><ent r="3" t="0" w="106" /></phr><phr n="monitor"><ent r="3" t="3" w="81" /><ent r="3" t="15" w="52" /><ent r="3" t="21" w="20" /></phr><phr n="monitored"><ent r="5" t="13" w="181" /><ent r="3" t="59" w="60" /></phr><phr n="Monitor"><ent r="3" t="55" w="54" /></phr></stem><stem n="alert"><phr n="alerting"><ent r="3" t="0" w="43" /></phr><phr n="alert"><ent r="4" t="3" w="415" /></phr><phr n="Alert"><ent r="100" t="4" w="768" /><ent r="5" t="35" w="563" /></phr></stem><stem n="program"><phr n="program"><ent r="3" t="0" w="44" /><ent r="3" t="0" w="83" /><ent r="4" t="3" w="493" /><ent r="4" t="3" w="525" /><ent r="4" t="4" w="536" /><ent r="5" t="13" w="1075" /><ent r="3" t="22" w="1154" /><ent r="3" t="29" w="853" /><ent r="3" t="40" w="39" /><ent r="3" t="40" w="50" /><ent r="3" t="40" w="287" /><ent r="3" t="40" w="308" /><ent r="3" t="40" w="348" /><ent r="100" t="40" w="363" /><ent r="3" t="40" w="596" /><ent r="4" t="40" w="951" /><ent r="4" t="40" w="1057" /><ent r="3" t="49" w="124" /><ent r="3" t="49" w="159" /><ent r="5" t="49" w="213" /><ent r="5" t="49" w="305" /><ent r="4" t="49" w="318" /><ent r="3" t="57" w="36" /><ent r="3" t="59" w="280" /><ent r="3" t="71" w="112" /></phr><phr n="Program"><ent r="100" t="35" w="188" /><ent r="100" t="35" w="191" /><ent r="65" t="35" w="201" /><ent r="92" t="35" w="1139" /><ent r="100" t="40" w="369" /><ent r="100" t="40" w="372" /><ent r="5" t="46" w="126" /></phr><phr n="programs"><ent r="3" t="40" w="1220" /><ent r="3" t="41" w="457" /><ent r="3" t="44" w="427" /><ent r="3" t="62" w="38" /></phr><phr n="Programs"><ent r="4" t="49" w="346" /></phr></stem></index>