<?xml version="1.0" encoding="utf-8"?><index><stem n="1.3.6.1.2"><phr n="1.3.6.1.2"><ent r="3" t="13" w="1979" /><ent r="3" t="13" w="1975" /><ent r="3" t="13" w="2077" /><ent r="3" t="13" w="2073" /><ent r="3" t="16" w="130" /><ent r="3" t="16" w="126" /><ent r="3" t="16" w="145" /><ent r="3" t="16" w="141" /><ent r="3" t="16" w="162" /><ent r="3" t="16" w="158" /><ent r="3" t="16" w="179" /><ent r="3" t="16" w="175" /><ent r="3" t="16" w="1182" /><ent r="3" t="16" w="1178" /><ent r="3" t="16" w="1197" /><ent r="3" t="16" w="1193" /><ent r="4" t="16" w="1254" /><ent r="4" t="16" w="1250" /><ent r="4" t="16" w="1296" /><ent r="4" t="16" w="1292" /><ent r="4" t="16" w="1338" /><ent r="4" t="16" w="1334" /><ent r="4" t="16" w="1369" /><ent r="4" t="16" w="1365" /><ent r="5" t="16" w="1667" /><ent r="5" t="16" w="1663" /><ent r="3" t="16" w="1927" /><ent r="3" t="16" w="1923" /><ent r="3" t="19" w="493" /><ent r="3" t="19" w="489" /><ent r="3" t="19" w="519" /><ent r="3" t="19" w="515" /><ent r="3" t="19" w="588" /><ent r="3" t="19" w="584" /><ent r="3" t="19" w="610" /><ent r="3" t="19" w="606" /><ent r="3" t="19" w="631" /><ent r="3" t="19" w="627" /><ent r="3" t="19" w="653" /><ent r="3" t="19" w="649" /><ent r="4" t="19" w="1431" /><ent r="4" t="19" w="1427" /><ent r="3" t="24" w="1996" /><ent r="3" t="24" w="1992" /><ent r="3" t="24" w="2016" /><ent r="3" t="24" w="2012" /><ent r="3" t="24" w="2038" /><ent r="3" t="24" w="2034" /><ent r="3" t="24" w="2058" /><ent r="3" t="24" w="2054" /><ent r="3" t="24" w="2080" /><ent r="3" t="24" w="2076" /><ent r="3" t="24" w="2102" /><ent r="3" t="24" w="2098" /><ent r="3" t="24" w="2806" /><ent r="3" t="24" w="2802" /><ent r="4" t="24" w="2853" /><ent r="4" t="24" w="2849" /><ent r="3" t="26" w="125" /><ent r="3" t="26" w="121" /><ent r="3" t="26" w="978" /><ent r="3" t="26" w="974" /><ent r="3" t="54" w="351" /><ent r="3" t="54" w="347" /><ent r="3" t="54" w="362" /><ent r="3" t="54" w="358" /><ent r="3" t="54" w="384" /><ent r="3" t="54" w="380" /><ent r="3" t="54" w="504" /><ent r="3" t="54" w="500" /><ent r="3" t="54" w="516" /><ent r="3" t="54" w="512" /><ent r="3" t="54" w="547" /><ent r="3" t="54" w="543" /><ent r="3" t="55" w="512" /><ent r="3" t="55" w="508" /><ent r="3" t="55" w="573" /><ent r="3" t="55" w="569" /><ent r="3" t="55" w="629" /><ent r="3" t="55" w="625" /><ent r="3" t="55" w="673" /><ent r="3" t="55" w="669" /><ent r="3" t="55" w="865" /><ent r="3" t="55" w="861" /><ent r="3" t="55" w="882" /><ent r="3" t="55" w="878" /><ent r="3" t="55" w="906" /><ent r="3" t="55" w="902" /><ent r="3" t="55" w="922" /><ent r="3" t="55" w="918" /><ent r="3" t="55" w="940" /><ent r="3" t="55" w="936" /><ent r="3" t="55" w="959" /><ent r="3" t="55" w="955" /><ent r="3" t="55" w="978" /><ent r="3" t="55" w="974" /><ent r="3" t="55" w="994" /><ent r="3" t="55" w="990" /><ent r="3" t="55" w="1010" /><ent r="3" t="55" w="1006" /><ent r="3" t="55" w="1022" /><ent r="3" t="55" w="1018" /><ent r="3" t="55" w="1036" /><ent r="3" t="55" w="1032" /><ent r="3" t="55" w="1055" /><ent r="3" t="55" w="1051" /><ent r="3" t="55" w="1073" /><ent r="3" t="55" w="1069" /><ent r="3" t="55" w="1089" /><ent r="3" t="55" w="1085" /><ent r="3" t="55" w="1107" /><ent r="3" t="55" w="1103" /><ent r="3" t="56" w="621" /><ent r="3" t="56" w="617" /><ent r="3" t="56" w="637" /><ent r="3" t="56" w="633" /><ent r="3" t="56" w="659" /><ent r="3" t="56" w="655" /><ent r="3" t="56" w="673" /><ent r="3" t="56" w="669" /><ent r="3" t="56" w="686" /><ent r="3" t="56" w="682" /></phr></stem><stem n="1.3.6.1.2.1"><phr n="1.3.6.1.2.1"><ent r="3" t="13" w="1980" /><ent r="3" t="13" w="1975" /><ent r="3" t="13" w="2078" /><ent r="3" t="13" w="2073" /><ent r="3" t="16" w="131" /><ent r="3" t="16" w="126" /><ent r="3" t="16" w="146" /><ent r="3" t="16" w="141" /><ent r="3" t="16" w="163" /><ent r="3" t="16" w="158" /><ent r="3" t="16" w="180" /><ent r="3" t="16" w="175" /><ent r="3" t="16" w="1183" /><ent r="3" t="16" w="1178" /><ent r="3" t="16" w="1198" /><ent r="3" t="16" w="1193" /><ent r="4" t="16" w="1255" /><ent r="4" t="16" w="1250" /><ent r="4" t="16" w="1297" /><ent r="4" t="16" w="1292" /><ent r="4" t="16" w="1339" /><ent r="4" t="16" w="1334" /><ent r="4" t="16" w="1370" /><ent r="4" t="16" w="1365" /><ent r="5" t="16" w="1668" /><ent r="5" t="16" w="1663" /><ent r="3" t="16" w="1928" /><ent r="3" t="16" w="1923" /><ent r="3" t="19" w="494" /><ent r="3" t="19" w="489" /><ent r="3" t="19" w="520" /><ent r="3" t="19" w="515" /><ent r="3" t="19" w="589" /><ent r="3" t="19" w="584" /><ent r="3" t="19" w="611" /><ent r="3" t="19" w="606" /><ent r="3" t="19" w="632" /><ent r="3" t="19" w="627" /><ent r="3" t="19" w="654" /><ent r="3" t="19" w="649" /><ent r="4" t="19" w="1432" /><ent r="4" t="19" w="1427" /><ent r="3" t="24" w="1997" /><ent r="3" t="24" w="1992" /><ent r="3" t="24" w="2017" /><ent r="3" t="24" w="2012" /><ent r="3" t="24" w="2039" /><ent r="3" t="24" w="2034" /><ent r="3" t="24" w="2059" /><ent r="3" t="24" w="2054" /><ent r="3" t="24" w="2081" /><ent r="3" t="24" w="2076" /><ent r="3" t="24" w="2103" /><ent r="3" t="24" w="2098" /><ent r="3" t="24" w="2807" /><ent r="3" t="24" w="2802" /><ent r="4" t="24" w="2854" /><ent r="4" t="24" w="2849" /><ent r="3" t="26" w="126" /><ent r="3" t="26" w="121" /><ent r="3" t="26" w="979" /><ent r="3" t="26" w="974" /><ent r="3" t="54" w="352" /><ent r="3" t="54" w="347" /><ent r="3" t="54" w="363" /><ent r="3" t="54" w="358" /><ent r="3" t="54" w="385" /><ent r="3" t="54" w="380" /><ent r="3" t="54" w="505" /><ent r="3" t="54" w="500" /><ent r="3" t="54" w="517" /><ent r="3" t="54" w="512" /><ent r="3" t="54" w="548" /><ent r="3" t="54" w="543" /><ent r="3" t="55" w="513" /><ent r="3" t="55" w="508" /><ent r="3" t="55" w="574" /><ent r="3" t="55" w="569" /><ent r="3" t="55" w="630" /><ent r="3" t="55" w="625" /><ent r="3" t="55" w="674" /><ent r="3" t="55" w="669" /><ent r="3" t="55" w="866" /><ent r="3" t="55" w="861" /><ent r="3" t="55" w="883" /><ent r="3" t="55" w="878" /><ent r="3" t="55" w="907" /><ent r="3" t="55" w="902" /><ent r="3" t="55" w="923" /><ent r="3" t="55" w="918" /><ent r="3" t="55" w="941" /><ent r="3" t="55" w="936" /><ent r="3" t="55" w="960" /><ent r="3" t="55" w="955" /><ent r="3" t="55" w="979" /><ent r="3" t="55" w="974" /><ent r="3" t="55" w="995" /><ent r="3" t="55" w="990" /><ent r="3" t="55" w="1011" /><ent r="3" t="55" w="1006" /><ent r="3" t="55" w="1023" /><ent r="3" t="55" w="1018" /><ent r="3" t="55" w="1037" /><ent r="3" t="55" w="1032" /><ent r="3" t="55" w="1056" /><ent r="3" t="55" w="1051" /><ent r="3" t="55" w="1074" /><ent r="3" t="55" w="1069" /><ent r="3" t="55" w="1090" /><ent r="3" t="55" w="1085" /><ent r="3" t="55" w="1108" /><ent r="3" t="55" w="1103" /><ent r="3" t="56" w="622" /><ent r="3" t="56" w="617" /><ent r="3" t="56" w="638" /><ent r="3" t="56" w="633" /><ent r="3" t="56" w="660" /><ent r="3" t="56" w="655" /><ent r="3" t="56" w="674" /><ent r="3" t="56" w="669" /><ent r="3" t="56" w="687" /><ent r="3" t="56" w="682" /></phr></stem><stem n="1.3.6.1.2.1.4"><phr n="1.3.6.1.2.1.4"><ent r="3" t="13" w="1981" /><ent r="3" t="13" w="1975" /><ent r="3" t="13" w="2079" /><ent r="3" t="13" w="2073" /><ent r="3" t="16" w="132" /><ent r="3" t="16" w="126" /><ent r="3" t="16" w="147" /><ent r="3" t="16" w="141" /><ent r="3" t="16" w="1199" /><ent r="3" t="16" w="1193" /><ent r="4" t="16" w="1340" /><ent r="4" t="16" w="1334" /><ent r="4" t="19" w="1433" /><ent r="4" t="19" w="1427" /><ent r="3" t="24" w="1998" /><ent r="3" t="24" w="1992" /><ent r="3" t="24" w="2018" /><ent r="3" t="24" w="2012" /><ent r="3" t="24" w="2040" /><ent r="3" t="24" w="2034" /><ent r="3" t="24" w="2060" /><ent r="3" t="24" w="2054" /><ent r="3" t="24" w="2082" /><ent r="3" t="24" w="2076" /><ent r="3" t="24" w="2104" /><ent r="3" t="24" w="2098" /></phr></stem><stem n="1.3.6.1.2.1.4.20"><phr n="1.3.6.1.2.1.4.20"><ent r="3" t="13" w="1982" /><ent r="3" t="13" w="1975" /><ent r="3" t="24" w="1999" /><ent r="3" t="24" w="1992" /><ent r="3" t="24" w="2019" /><ent r="3" t="24" w="2012" /><ent r="3" t="24" w="2041" /><ent r="3" t="24" w="2034" /><ent r="3" t="24" w="2061" /><ent r="3" t="24" w="2054" /><ent r="3" t="24" w="2083" /><ent r="3" t="24" w="2076" /><ent r="3" t="24" w="2105" /><ent r="3" t="24" w="2098" /></phr></stem><stem n="1.3.6.1.2.1.4.20.1"><phr n="1.3.6.1.2.1.4.20.1"><ent r="3" t="13" w="1983" /><ent r="3" t="13" w="1975" /><ent r="3" t="24" w="2000" /><ent r="3" t="24" w="1992" /><ent r="3" t="24" w="2020" /><ent r="3" t="24" w="2012" /><ent r="3" t="24" w="2042" /><ent r="3" t="24" w="2034" /><ent r="3" t="24" w="2062" /><ent r="3" t="24" w="2054" /><ent r="3" t="24" w="2084" /><ent r="3" t="24" w="2076" /><ent r="3" t="24" w="2106" /><ent r="3" t="24" w="2098" /></phr></stem><stem n="1.3.6.1.2.1.4.20.1.1"><phr n="1.3.6.1.2.1.4.20.1.1"><ent r="3" t="13" w="1984" /><ent r="3" t="13" w="1975" /><ent r="3" t="24" w="2001" /><ent r="3" t="24" w="1992" /><ent r="3" t="24" w="2021" /><ent r="3" t="24" w="2012" /><ent r="3" t="24" w="2043" /><ent r="3" t="24" w="2034" /><ent r="3" t="24" w="2063" /><ent r="3" t="24" w="2054" /><ent r="3" t="24" w="2085" /><ent r="3" t="24" w="2076" /><ent r="3" t="24" w="2107" /><ent r="3" t="24" w="2098" /></phr></stem><stem n="1.3.6.1.2.1.4.20.1.1.10"><phr n="1.3.6.1.2.1.4.20.1.1.10"><ent r="3" t="13" w="1985" /><ent r="3" t="13" w="1975" /><ent r="3" t="24" w="2002" /><ent r="3" t="24" w="1992" /><ent r="3" t="24" w="2022" /><ent r="3" t="24" w="2012" /><ent r="3" t="24" w="2044" /><ent r="3" t="24" w="2034" /><ent r="3" t="24" w="2064" /><ent r="3" t="24" w="2054" /><ent r="3" t="24" w="2086" /><ent r="3" t="24" w="2076" /><ent r="3" t="24" w="2108" /><ent r="3" t="24" w="2098" /></phr></stem><stem n="1.3.6.1.2.1.4.20.1.1.10.10"><phr n="1.3.6.1.2.1.4.20.1.1.10.10"><ent r="3" t="13" w="1986" /><ent r="3" t="13" w="1975" /><ent r="3" t="24" w="2003" /><ent r="3" t="24" w="1992" /><ent r="3" t="24" w="2023" /><ent r="3" t="24" w="2012" /><ent r="3" t="24" w="2045" /><ent r="3" t="24" w="2034" /><ent r="3" t="24" w="2065" /><ent r="3" t="24" w="2054" /><ent r="3" t="24" w="2087" /><ent r="3" t="24" w="2076" /><ent r="3" t="24" w="2109" /><ent r="3" t="24" w="2098" /></phr></stem><stem n="1.3.6.1.2.1.4.20.1.1.10.10.2"><phr n="1.3.6.1.2.1.4.20.1.1.10.10.2"><ent r="3" t="13" w="1987" /><ent r="3" t="13" w="1975" /><ent r="3" t="24" w="2004" /><ent r="3" t="24" w="1992" /><ent r="3" t="24" w="2024" /><ent r="3" t="24" w="2012" /><ent r="3" t="24" w="2046" /><ent r="3" t="24" w="2034" /><ent r="3" t="24" w="2066" /><ent r="3" t="24" w="2054" /><ent r="3" t="24" w="2088" /><ent r="3" t="24" w="2076" /><ent r="3" t="24" w="2110" /><ent r="3" t="24" w="2098" /></phr></stem><stem n="1.3.6.1.2.1.4.20.1.1.10.10.2.20"><phr n="1.3.6.1.2.1.4.20.1.1.10.10.2.20"><ent r="3" t="13" w="1988" /><ent r="3" t="13" w="1975" /><ent r="3" t="24" w="2005" /><ent r="3" t="24" w="1992" /><ent r="3" t="24" w="2025" /><ent r="3" t="24" w="2012" /><ent r="3" t="24" w="2047" /><ent r="3" t="24" w="2034" /><ent r="3" t="24" w="2067" /><ent r="3" t="24" w="2054" /><ent r="3" t="24" w="2089" /><ent r="3" t="24" w="2076" /><ent r="3" t="24" w="2111" /><ent r="3" t="24" w="2098" /></phr></stem><stem n="{eval:subid(&quot;1.3.6.1.2.1.4.20.1.1.10.10.2.20&quot;,"><phr n="{eval:subid(&quot;1.3.6.1.2.1.4.20.1.1.10.10.2.20&quot;,"><ent r="3" t="13" w="1989" /></phr></stem><stem n="-4,"><phr n="-4,"><ent r="3" t="13" w="1990" /><ent r="3" t="13" w="1990" /><ent r="3" t="24" w="2027" /><ent r="3" t="24" w="2027" /><ent r="3" t="24" w="2069" /><ent r="3" t="24" w="2069" /><ent r="3" t="24" w="2137" /><ent r="3" t="24" w="2137" /></phr></stem><stem n=")}"><phr n=")}"><ent r="3" t="13" w="1991" /></phr></stem><stem n="10.10"><phr n="10.10"><ent r="3" t="13" w="1994" /><ent r="3" t="13" w="1993" /><ent r="3" t="24" w="2030" /><ent r="3" t="24" w="2029" /><ent r="3" t="24" w="2072" /><ent r="3" t="24" w="2071" /><ent r="3" t="55" w="533" /><ent r="3" t="55" w="532" /><ent r="3" t="55" w="566" /><ent r="3" t="55" w="565" /></phr></stem><stem n="10.10.2"><phr n="10.10.2"><ent r="3" t="13" w="1995" /><ent r="3" t="13" w="1993" /><ent r="3" t="24" w="2031" /><ent r="3" t="24" w="2029" /><ent r="3" t="24" w="2073" /><ent r="3" t="24" w="2071" /><ent r="3" t="55" w="534" /><ent r="3" t="55" w="532" /><ent r="3" t="55" w="567" /><ent r="3" t="55" w="565" /></phr></stem><stem n="10.10.2.20"><phr n="10.10.2.20"><ent r="3" t="13" w="1996" /><ent r="3" t="13" w="1993" /><ent r="3" t="24" w="2032" /><ent r="3" t="24" w="2029" /><ent r="3" t="24" w="2074" /><ent r="3" t="24" w="2071" /><ent r="3" t="55" w="535" /><ent r="3" t="55" w="532" /><ent r="3" t="55" w="568" /><ent r="3" t="55" w="565" /></phr></stem><stem n="=&quot;10.10.2.20&quot;"><phr n="=&quot;10.10.2.20&quot;"><ent r="3" t="13" w="1997" /></phr></stem><stem n="test123"><phr n="test123"><ent r="3" t="13" w="2003" /></phr></stem><stem n="&quot;test123&quot;"><phr n="&quot;test123&quot;"><ent r="3" t="13" w="2004" /></phr></stem><stem n="=~"><phr n="=~"><ent r="3" t="13" w="2004" /><ent r="4" t="17" w="417" /><ent r="3" t="24" w="2816" /><ent r="3" t="25" w="74" /><ent r="3" t="25" w="82" /><ent r="3" t="37" w="1758" /></phr></stem><stem n="~"><phr n="~"><ent r="3" t="13" w="2004" /><ent r="4" t="17" w="417" /><ent r="4" t="17" w="419" /><ent r="4" t="24" w="386" /><ent r="4" t="24" w="387" /><ent r="3" t="24" w="2816" /><ent r="6" t="24" w="2886" /><ent r="3" t="25" w="74" /><ent r="3" t="25" w="82" /><ent r="3" t="37" w="1758" /></phr></stem><stem n="^te"><phr n="^te"><ent r="3" t="13" w="2005" /></phr></stem><stem n="st"><phr n="st"><ent r="3" t="13" w="2006" /><ent r="3" t="13" w="2015" /></phr></stem><stem n="0-9"><phr n="0-9"><ent r="3" t="13" w="2007" /><ent r="3" t="35" w="923" /><ent r="3" t="35" w="943" /><ent r="3" t="35" w="958" /></phr></stem><stem n="&quot;^te([st]*)([0-9]*)&quot;;"><phr n="&quot;^te([st]*)([0-9]*)&quot;;"><ent r="3" t="13" w="2009" /></phr></stem><stem n="&quot;${1}"><phr n="&quot;${1}"><ent r="3" t="13" w="2011" /></phr></stem><stem n="{2}&quot;}"><phr n="{2}&quot;}"><ent r="3" t="13" w="2013" /></phr></stem><stem n="&quot;st"><phr n="&quot;st"><ent r="3" t="13" w="2015" /></phr></stem><stem n="123"><phr n="123"><ent r="3" t="13" w="2016" /><ent r="3" t="13" w="2307" /><ent r="3" t="13" w="2309" /><ent r="3" t="32" w="452" /><ent r="3" t="32" w="613" /><ent r="3" t="32" w="736" /><ent r="3" t="32" w="846" /></phr></stem><stem n="&quot;--&gt;"><phr n="&quot;--&gt;"><ent r="3" t="13" w="2017" /></phr></stem><stem n="{variablename:legend}"><phr n="{variablename:legend}"><ent r="82" t="13" w="2024" /><ent r="4" t="13" w="2043" /><ent r="4" t="16" w="1877" /></phr></stem><stem n="1.3.6.1.2.1.4.6"><phr n="1.3.6.1.2.1.4.6"><ent r="3" t="13" w="2080" /><ent r="3" t="13" w="2073" /><ent r="3" t="16" w="133" /><ent r="3" t="16" w="126" /></phr></stem><stem n="1.3.6.1.2.1.4.6.0"><phr n="1.3.6.1.2.1.4.6.0"><ent r="3" t="13" w="2081" /><ent r="3" t="13" w="2073" /><ent r="3" t="16" w="134" /><ent r="3" t="16" w="126" /></phr></stem><stem n="1.3.6.1.2.1.4.6.0,"><phr n="1.3.6.1.2.1.4.6.0,"><ent r="3" t="13" w="2081" /><ent r="3" t="13" w="2073" /><ent r="3" t="16" w="134" /><ent r="3" t="16" w="126" /></phr></stem><stem n=".3.6.1.2.1.4.6.0,"><phr n=".3.6.1.2.1.4.6.0,"><ent r="3" t="13" w="2082" /><ent r="3" t="16" w="135" /></phr></stem><stem n="per-second"><phr n="PER-SECOND"><ent r="3" t="13" w="2082" /><ent r="3" t="14" w="405" /><ent r="3" t="14" w="497" /><ent r="3" t="14" w="701" /><ent r="3" t="16" w="135" /><ent r="100" t="16" w="528" /><ent r="4" t="29" w="791" /></phr><phr n="Per-second"><ent r="100" t="16" w="519" /><ent r="7" t="16" w="755" /></phr><phr n="Per-Second"><ent r="9" t="16" w="941" /></phr><phr n="per-second"><ent r="4" t="16" w="1418" /></phr></stem><stem n="-second,"><phr n="-SECOND,"><ent r="3" t="13" w="2084" /><ent r="3" t="13" w="2084" /><ent r="3" t="14" w="499" /><ent r="3" t="14" w="499" /><ent r="3" t="16" w="137" /><ent r="3" t="16" w="137" /></phr></stem><stem n="&quot;forward"><phr n="&quot;Forwarded"><ent r="3" t="13" w="2084" /><ent r="3" t="13" w="2101" /><ent r="3" t="16" w="137" /></phr></stem><stem n="&quot;."><phr n="&quot;."><ent r="3" t="13" w="2103" /><ent r="4" t="15" w="521" /><ent r="3" t="21" w="72" /><ent r="3" t="37" w="4198" /><ent r="3" t="39" w="334" /><ent r="3" t="40" w="849" /><ent r="3" t="69" w="60" /></phr></stem><stem n="{ipforwdatagrams:legend}"><phr n="{ipForwDatagrams:legend}"><ent r="3" t="13" w="2107" /></phr></stem><stem n="{scalable10}"><phr n="{scalable10}"><ent r="82" t="13" w="2112" /><ent r="3" t="13" w="2121" /><ent r="4" t="13" w="2158" /><ent r="4" t="16" w="1884" /></phr></stem><stem n="{scalable2}"><phr n="{scalable2}"><ent r="82" t="13" w="2115" /><ent r="3" t="13" w="2124" /><ent r="4" t="13" w="2172" /><ent r="4" t="16" w="1887" /></phr></stem><stem n="appropri"><phr n="appropriate"><ent r="3" t="13" w="2130" /><ent r="3" t="13" w="2189" /><ent r="4" t="22" w="388" /><ent r="4" t="40" w="1000" /><ent r="3" t="44" w="420" /><ent r="3" t="58" w="325" /><ent r="3" t="67" w="65" /><ent r="3" t="70" w="53" /></phr><phr n="appropriately"><ent r="3" t="28" w="181" /></phr></stem><stem n="alwai"><phr n="always"><ent r="3" t="13" w="2136" /><ent r="6" t="16" w="722" /><ent r="6" t="16" w="746" /><ent r="3" t="16" w="2062" /></phr></stem><stem n=".0"><phr n=".0"><ent r="3" t="13" w="2139" /><ent r="3" t="13" w="2346" /><ent r="4" t="16" w="1285" /><ent r="5" t="16" w="1676" /><ent r="3" t="24" w="2776" /><ent r="4" t="24" w="2846" /><ent r="3" t="26" w="330" /><ent r="3" t="26" w="680" /><ent r="3" t="26" w="888" /><ent r="3" t="26" w="901" /><ent r="3" t="26" w="919" /><ent r="82" t="47" w="727" /></phr></stem><stem n="factor"><phr n="factor"><ent r="3" t="13" w="2149" /><ent r="4" t="13" w="2162" /><ent r="4" t="13" w="2176" /><ent r="3" t="13" w="2261" /></phr></stem><stem n="1024"><phr n="1024"><ent r="3" t="13" w="2153" /><ent r="4" t="13" w="2178" /></phr></stem><stem n="mbp"><phr n="Mbps"><ent r="4" t="13" w="2166" /></phr></stem><stem n=".)."><phr n=".)."><ent r="4" t="13" w="2168" /><ent r="4" t="61" w="248" /></phr></stem><stem n="gbyte"><phr n="GBytes"><ent r="4" t="13" w="2181" /></phr><phr n="Gbytes"><ent r="3" t="13" w="2292" /></phr></stem><stem n="terabyt"><phr n="Terabytes"><ent r="4" t="13" w="2182" /></phr></stem><stem n="{scalable10[:fmt]:expr}"><phr n="{scalable10[:fmt]:expr}"><ent r="3" t="13" w="2208" /></phr></stem><stem n="{scalable2[:fmt]:expr}"><phr n="{scalable2[:fmt]:expr}"><ent r="3" t="13" w="2213" /></phr></stem><stem n="{scalable10:"><phr n="{scalable10:"><ent r="3" t="13" w="2218" /><ent r="3" t="14" w="694" /></phr></stem><stem n="12304"><phr n="12304"><ent r="3" t="13" w="2218" /><ent r="3" t="13" w="2228" /><ent r="3" t="13" w="2236" /><ent r="3" t="13" w="2246" /><ent r="3" t="13" w="2272" /></phr></stem><stem n="}byte"><phr n="}bytes"><ent r="3" t="13" w="2219" /><ent r="3" t="13" w="2229" /><ent r="3" t="13" w="2237" /><ent r="3" t="13" w="2247" /></phr></stem><stem n="=&gt;"><phr n="=&gt;"><ent r="3" t="13" w="2220" /><ent r="3" t="13" w="2230" /><ent r="3" t="13" w="2238" /><ent r="3" t="13" w="2248" /><ent r="3" t="22" w="39" /><ent r="3" t="22" w="59" /><ent r="3" t="22" w="70" /><ent r="3" t="22" w="79" /><ent r="3" t="22" w="997" /><ent r="3" t="22" w="1091" /><ent r="3" t="22" w="1423" /><ent r="3" t="22" w="1431" /><ent r="3" t="22" w="1440" /><ent r="3" t="22" w="1449" /><ent r="3" t="22" w="1457" /><ent r="3" t="22" w="1467" /><ent r="3" t="22" w="1480" /><ent r="3" t="22" w="1488" /><ent r="3" t="22" w="1496" /><ent r="3" t="22" w="1506" /><ent r="3" t="22" w="1515" /><ent r="3" t="22" w="1523" /><ent r="3" t="22" w="1531" /><ent r="3" t="22" w="1541" /><ent r="3" t="23" w="179" /><ent r="3" t="23" w="191" /><ent r="3" t="23" w="201" /></phr></stem><stem n="12"><phr n="12"><ent r="3" t="13" w="2221" /><ent r="3" t="13" w="2231" /><ent r="3" t="13" w="2239" /><ent r="3" t="13" w="2249" /><ent r="3" t="13" w="2274" /><ent r="3" t="13" w="2343" /><ent r="3" t="24" w="1159" /><ent r="3" t="24" w="1464" /><ent r="3" t="24" w="1468" /><ent r="3" t="24" w="1471" /><ent r="3" t="24" w="1475" /><ent r="3" t="24" w="1479" /><ent r="4" t="24" w="1725" /><ent r="4" t="24" w="1740" /><ent r="3" t="32" w="1012" /><ent r="3" t="35" w="901" /><ent r="3" t="37" w="3975" /><ent r="3" t="54" w="330" /></phr></stem><stem n=".30"><phr n=".30"><ent r="3" t="13" w="2222" /><ent r="3" t="13" w="2232" /><ent r="3" t="13" w="2275" /></phr></stem><stem n="12.30"><phr n="12.30"><ent r="3" t="13" w="2222" /><ent r="3" t="13" w="2221" /><ent r="3" t="13" w="2232" /><ent r="3" t="13" w="2231" /><ent r="3" t="13" w="2275" /><ent r="3" t="13" w="2274" /></phr></stem><stem n="3.2d"><phr n="3.2d"><ent r="3" t="13" w="2227" /><ent r="3" t="13" w="2226" /><ent r="3" t="13" w="2245" /><ent r="3" t="13" w="2244" /></phr></stem><stem n="2d"><phr n="2d"><ent r="3" t="13" w="2227" /><ent r="3" t="13" w="2245" /></phr></stem><stem n="{scalable10:&quot;%3.2d&quot;"><phr n="{scalable10:&quot;%3.2d&quot;"><ent r="3" t="13" w="2228" /></phr></stem><stem n="{scalable2:"><phr n="{scalable2:"><ent r="3" t="13" w="2236" /><ent r="3" t="13" w="2244" /></phr></stem><stem n=".02"><phr n=".02"><ent r="3" t="13" w="2240" /><ent r="3" t="13" w="2250" /></phr></stem><stem n="12.02"><phr n="12.02"><ent r="3" t="13" w="2240" /><ent r="3" t="13" w="2239" /><ent r="3" t="13" w="2250" /><ent r="3" t="13" w="2249" /></phr></stem><stem n="02"><phr n="02"><ent r="3" t="13" w="2240" /><ent r="3" t="13" w="2250" /><ent r="3" t="24" w="1595" /><ent r="3" t="24" w="1879" /><ent r="3" t="37" w="3885" /><ent r="3" t="37" w="4113" /></phr></stem><stem n="&quot;%3.2d&quot;"><phr n="&quot;%3.2d&quot;"><ent r="3" t="13" w="2246" /></phr></stem><stem n="char"><phr n="char"><ent r="3" t="13" w="2259" /></phr><phr n="chars"><ent r="6" t="70" w="1147" /></phr></stem><stem n="val"><phr n="val"><ent r="3" t="13" w="2265" /></phr></stem><stem n="----"><phr n="----"><ent r="3" t="13" w="2269" /><ent r="3" t="13" w="2272" /><ent r="3" t="16" w="122" /><ent r="3" t="16" w="125" /><ent r="3" t="16" w="1175" /><ent r="3" t="16" w="1178" /></phr></stem><stem n="------------"><phr n="------------"><ent r="3" t="13" w="2269" /><ent r="3" t="13" w="2280" /></phr></stem><stem n="---------"><phr n="---------"><ent r="3" t="13" w="2269" /><ent r="3" t="13" w="2277" /></phr></stem><stem n="-----------"><phr n="-----------"><ent r="3" t="13" w="2269" /><ent r="3" t="13" w="2279" /></phr></stem><stem n="-----"><phr n="-----"><ent r="3" t="13" w="2269" /><ent r="3" t="13" w="2273" /></phr></stem><stem n="--------------"><phr n="--------------"><ent r="3" t="13" w="2269" /><ent r="3" t="13" w="2282" /></phr></stem><stem n="k"><phr n="k"><ent r="3" t="13" w="2269" /><ent r="3" t="58" w="427" /><ent r="4" t="58" w="444" /></phr></stem><stem n="kilo"><phr n="kilo"><ent r="3" t="13" w="2271" /></phr></stem><stem n="1e6"><phr n="1e6"><ent r="3" t="13" w="2278" /></phr></stem><stem n="mega"><phr n="Mega"><ent r="3" t="13" w="2279" /></phr></stem><stem n="3421814"><phr n="3421814"><ent r="3" t="13" w="2280" /></phr></stem><stem n=".42"><phr n=".42"><ent r="3" t="13" w="2283" /></phr></stem><stem n="3.42"><phr n="3.42"><ent r="3" t="13" w="2283" /><ent r="3" t="13" w="2282" /></phr></stem><stem n="42"><phr n="42"><ent r="3" t="13" w="2283" /></phr></stem><stem n="mbyte"><phr n="Mbytes"><ent r="3" t="13" w="2284" /></phr></stem><stem n="1e9"><phr n="1e9"><ent r="3" t="13" w="2286" /></phr></stem><stem n="giga"><phr n="Giga"><ent r="3" t="13" w="2287" /></phr></stem><stem n="125032100300"><phr n="125032100300"><ent r="3" t="13" w="2288" /></phr></stem><stem n="125"><phr n="125"><ent r="3" t="13" w="2290" /></phr></stem><stem n=".03"><phr n=".03"><ent r="3" t="13" w="2291" /></phr></stem><stem n="125.03"><phr n="125.03"><ent r="3" t="13" w="2291" /><ent r="3" t="13" w="2290" /></phr></stem><stem n="03"><phr n="03"><ent r="3" t="13" w="2291" /><ent r="3" t="24" w="1596" /><ent r="3" t="29" w="909" /><ent r="3" t="37" w="3890" /><ent r="3" t="37" w="4163" /></phr></stem><stem n="1e12"><phr n="1e12"><ent r="3" t="13" w="2294" /></phr></stem><stem n="tera"><phr n="Tera"><ent r="3" t="13" w="2295" /></phr></stem><stem n=".23"><phr n=".23"><ent r="3" t="13" w="2297" /><ent r="3" t="13" w="2302" /></phr></stem><stem n="1.23"><phr n="1.23"><ent r="3" t="13" w="2297" /><ent r="3" t="13" w="2296" /><ent r="3" t="13" w="2302" /><ent r="3" t="13" w="2301" /></phr></stem><stem n="23"><phr n="23"><ent r="3" t="13" w="2297" /><ent r="3" t="13" w="2302" /><ent r="4" t="24" w="1719" /><ent r="3" t="29" w="910" /><ent r="3" t="32" w="468" /><ent r="3" t="37" w="4086" /><ent r="3" t="39" w="163" /></phr></stem><stem n="10^12"><phr n="10^12"><ent r="3" t="13" w="2299" /></phr></stem><stem n="tbyte"><phr n="Tbytes"><ent r="3" t="13" w="2303" /></phr></stem><stem n="none"><phr n="none"><ent r="3" t="13" w="2304" /><ent r="3" t="14" w="198" /><ent r="3" t="20" w="364" /><ent r="3" t="20" w="394" /><ent r="3" t="20" w="400" /><ent r="3" t="20" w="408" /><ent r="3" t="42" w="142" /><ent r="3" t="55" w="620" /><ent r="3" t="61" w="361" /><ent r="3" t="61" w="369" /><ent r="3" t="61" w="376" /><ent r="4" t="66" w="558" /><ent r="6" t="68" w="96" /></phr><phr n="None"><ent r="3" t="37" w="1195" /><ent r="3" t="37" w="1409" /><ent r="3" t="37" w="1621" /><ent r="3" t="37" w="2344" /><ent r="3" t="37" w="2638" /><ent r="3" t="37" w="2738" /><ent r="3" t="37" w="2820" /><ent r="3" t="37" w="2891" /><ent r="3" t="37" w="2975" /><ent r="3" t="37" w="2995" /><ent r="3" t="37" w="3076" /><ent r="3" t="37" w="3561" /><ent r="3" t="37" w="3602" /><ent r="3" t="37" w="3675" /><ent r="3" t="37" w="3846" /></phr></stem><stem n="noth"><phr n="nothing"><ent r="3" t="13" w="2306" /></phr><phr n="Nothing"><ent r="5" t="21" w="174" /><ent r="3" t="44" w="843" /><ent r="3" t="61" w="1244" /><ent r="3" t="61" w="1318" /></phr></stem><stem n=".00"><phr n=".00"><ent r="3" t="13" w="2310" /><ent r="3" t="13" w="2352" /></phr></stem><stem n="123.00"><phr n="123.00"><ent r="3" t="13" w="2310" /><ent r="3" t="13" w="2309" /></phr></stem><stem n="/"><phr n="/"><ent r="3" t="13" w="2313" /><ent r="3" t="13" w="2322" /><ent r="3" t="13" w="2332" /><ent r="3" t="13" w="2342" /><ent r="3" t="14" w="681" /><ent r="3" t="32" w="1649" /><ent r="3" t="32" w="1651" /><ent r="3" t="32" w="1659" /><ent r="3" t="32" w="1660" /><ent r="3" t="32" w="1666" /><ent r="3" t="32" w="1667" /><ent r="3" t="32" w="1673" /><ent r="3" t="32" w="1674" /><ent r="3" t="32" w="1680" /><ent r="3" t="32" w="1681" /><ent r="3" t="32" w="1687" /><ent r="3" t="32" w="1688" /><ent r="3" t="32" w="1694" /><ent r="3" t="32" w="1695" /><ent r="3" t="32" w="1701" /><ent r="3" t="32" w="1702" /><ent r="3" t="32" w="1708" /><ent r="3" t="32" w="1709" /><ent r="3" t="32" w="1715" /><ent r="3" t="32" w="1716" /><ent r="3" t="32" w="1722" /><ent r="3" t="32" w="1723" /><ent r="3" t="34" w="662" /><ent r="6" t="46" w="107" /><ent r="6" t="46" w="109" /></phr></stem></index>