<?xml version="1.0" encoding="utf-8"?><index><stem n="server"><phr n="servers"><ent r="3" t="0" w="49" /><ent r="3" t="37" w="4176" /></phr><phr n="server"><ent r="3" t="0" w="199" /><ent r="3" t="3" w="58" /><ent r="3" t="3" w="62" /><ent r="6" t="5" w="932" /><ent r="4" t="19" w="220" /><ent r="3" t="34" w="78" /><ent r="3" t="34" w="454" /><ent r="4" t="37" w="358" /><ent r="3" t="37" w="4558" /><ent r="3" t="37" w="4584" /><ent r="3" t="37" w="4594" /><ent r="3" t="44" w="105" /><ent r="3" t="44" w="758" /><ent r="3" t="49" w="843" /><ent r="3" t="49" w="859" /><ent r="3" t="55" w="82" /><ent r="3" t="55" w="98" /><ent r="3" t="55" w="1149" /><ent r="3" t="56" w="98" /><ent r="3" t="57" w="26" /><ent r="4" t="57" w="111" /><ent r="3" t="58" w="158" /><ent r="3" t="61" w="114" /><ent r="3" t="61" w="883" /><ent r="3" t="61" w="1165" /><ent r="3" t="62" w="30" /><ent r="3" t="62" w="107" /><ent r="3" t="65" w="67" /><ent r="3" t="65" w="74" /><ent r="3" t="65" w="151" /><ent r="4" t="65" w="167" /><ent r="3" t="66" w="484" /><ent r="4" t="67" w="247" /><ent r="3" t="68" w="19" /><ent r="6" t="68" w="728" /><ent r="6" t="70" w="708" /><ent r="6" t="70" w="717" /><ent r="6" t="70" w="778" /><ent r="6" t="70" w="847" /><ent r="6" t="70" w="864" /><ent r="3" t="70" w="1621" /><ent r="3" t="71" w="56" /><ent r="3" t="71" w="187" /><ent r="3" t="71" w="228" /><ent r="3" t="73" w="22" /></phr><phr n="Server"><ent r="5" t="9" w="287" /><ent r="5" t="9" w="351" /><ent r="5" t="9" w="372" /><ent r="5" t="9" w="393" /><ent r="5" t="9" w="422" /><ent r="5" t="9" w="443" /><ent r="5" t="9" w="464" /><ent r="5" t="9" w="502" /><ent r="5" t="13" w="667" /><ent r="4" t="31" w="52" /><ent r="100" t="55" w="688" /><ent r="3" t="55" w="700" /><ent r="5" t="55" w="721" /><ent r="4" t="55" w="725" /><ent r="3" t="55" w="1157" /><ent r="3" t="58" w="149" /><ent r="1000" t="62" w="7" /><ent r="102" t="62" w="15" /><ent r="3" t="62" w="19" /><ent r="3" t="62" w="62" /><ent r="64" t="63" w="28" /><ent r="100" t="65" w="23" /><ent r="100" t="65" w="355" /><ent r="100" t="65" w="358" /><ent r="6" t="65" w="361" /><ent r="4" t="65" w="366" /><ent r="6" t="65" w="374" /><ent r="4" t="65" w="378" /><ent r="4" t="65" w="389" /><ent r="100" t="74" w="18" /></phr><phr n="Servers"><ent r="100" t="55" w="21" /><ent r="100" t="65" w="371" /></phr></stem><stem n="hub"><phr n="hubs"><ent r="3" t="0" w="50" /></phr></stem><stem n="comput"><phr n="computer"><ent r="3" t="0" w="53" /><ent r="3" t="1" w="170" /><ent r="3" t="1" w="203" /><ent r="4" t="31" w="316" /><ent r="3" t="37" w="1271" /><ent r="3" t="37" w="2954" /></phr><phr n="Computer"><ent r="3" t="1" w="475" /></phr><phr n="compute"><ent r="3" t="13" w="1749" /><ent r="6" t="16" w="766" /><ent r="3" t="19" w="1250" /><ent r="3" t="24" w="38" /><ent r="4" t="38" w="353" /></phr><phr n="computations"><ent r="3" t="14" w="320" /><ent r="3" t="24" w="60" /></phr><phr n="computes"><ent r="3" t="14" w="360" /><ent r="3" t="14" w="376" /><ent r="3" t="14" w="389" /></phr><phr n="computed"><ent r="3" t="14" w="480" /><ent r="6" t="16" w="717" /><ent r="6" t="16" w="741" /><ent r="3" t="27" w="369" /><ent r="4" t="38" w="372" /></phr><phr n="Computed"><ent r="3" t="14" w="673" /></phr><phr n="computing"><ent r="6" t="16" w="774" /></phr></stem><stem n="devic"><phr n="devices"><ent r="3" t="0" w="54" /><ent r="3" t="3" w="77" /><ent r="3" t="4" w="404" /><ent r="6" t="5" w="688" /><ent r="4" t="15" w="222" /><ent r="4" t="15" w="503" /><ent r="4" t="18" w="139" /><ent r="3" t="19" w="18" /><ent r="3" t="21" w="282" /><ent r="3" t="21" w="292" /><ent r="3" t="21" w="532" /><ent r="4" t="21" w="610" /><ent r="4" t="22" w="644" /><ent r="3" t="24" w="44" /><ent r="4" t="25" w="174" /><ent r="3" t="26" w="1031" /><ent r="3" t="28" w="133" /><ent r="4" t="38" w="397" /><ent r="3" t="50" w="29" /><ent r="4" t="57" w="120" /><ent r="3" t="57" w="202" /><ent r="3" t="59" w="58" /><ent r="3" t="59" w="221" /><ent r="3" t="59" w="229" /><ent r="3" t="59" w="245" /><ent r="3" t="59" w="258" /><ent r="3" t="60" w="172" /><ent r="3" t="60" w="190" /><ent r="3" t="66" w="669" /><ent r="6" t="70" w="254" /><ent r="6" t="70" w="273" /><ent r="6" t="70" w="354" /><ent r="6" t="70" w="412" /><ent r="6" t="70" w="997" /><ent r="6" t="70" w="1011" /><ent r="6" t="70" w="1417" /></phr><phr n="device"><ent r="3" t="3" w="23" /><ent r="3" t="3" w="50" /><ent r="3" t="3" w="175" /><ent r="4" t="3" w="224" /><ent r="4" t="3" w="229" /><ent r="4" t="3" w="246" /><ent r="4" t="3" w="259" /><ent r="4" t="3" w="263" /><ent r="4" t="3" w="365" /><ent r="4" t="3" w="422" /><ent r="4" t="3" w="442" /><ent r="4" t="3" w="455" /><ent r="4" t="3" w="509" /><ent r="4" t="3" w="537" /><ent r="3" t="4" w="207" /><ent r="100" t="4" w="263" /><ent r="67" t="4" w="267" /><ent r="4" t="4" w="280" /><ent r="100" t="4" w="285" /><ent r="100" t="4" w="289" /><ent r="67" t="4" w="293" /><ent r="4" t="4" w="311" /><ent r="100" t="4" w="318" /><ent r="67" t="4" w="322" /><ent r="4" t="4" w="332" /><ent r="100" t="4" w="347" /><ent r="67" t="4" w="351" /><ent r="4" t="4" w="366" /><ent r="67" t="4" w="371" /><ent r="4" t="4" w="384" /><ent r="4" t="4" w="388" /><ent r="67" t="4" w="430" /><ent r="100" t="4" w="437" /><ent r="4" t="4" w="448" /><ent r="100" t="4" w="462" /><ent r="100" t="4" w="466" /><ent r="67" t="4" w="470" /><ent r="4" t="4" w="488" /><ent r="4" t="4" w="641" /><ent r="4" t="4" w="686" /><ent r="5" t="5" w="454" /><ent r="6" t="5" w="637" /><ent r="6" t="5" w="659" /><ent r="6" t="5" w="703" /><ent r="6" t="5" w="870" /><ent r="6" t="5" w="894" /><ent r="6" t="5" w="996" /><ent r="6" t="5" w="1099" /><ent r="6" t="5" w="1108" /><ent r="3" t="7" w="57" /><ent r="3" t="7" w="479" /><ent r="3" t="7" w="495" /><ent r="5" t="8" w="222" /><ent r="3" t="8" w="259" /><ent r="3" t="8" w="290" /><ent r="4" t="8" w="750" /><ent r="5" t="8" w="772" /><ent r="67" t="10" w="59" /><ent r="67" t="10" w="74" /><ent r="4" t="10" w="135" /><ent r="93" t="10" w="155" /><ent r="100" t="10" w="159" /><ent r="4" t="10" w="167" /><ent r="4" t="10" w="248" /><ent r="3" t="10" w="264" /><ent r="3" t="10" w="286" /><ent r="3" t="10" w="315" /><ent r="3" t="10" w="372" /><ent r="3" t="10" w="430" /><ent r="4" t="10" w="447" /><ent r="5" t="13" w="142" /><ent r="5" t="13" w="148" /><ent r="5" t="13" w="152" /><ent r="5" t="13" w="160" /><ent r="5" t="13" w="166" /><ent r="5" t="13" w="311" /><ent r="5" t="13" w="330" /><ent r="4" t="13" w="510" /><ent r="82" t="13" w="623" /><ent r="5" t="13" w="637" /><ent r="5" t="13" w="656" /><ent r="5" t="13" w="733" /><ent r="82" t="13" w="749" /><ent r="82" t="13" w="795" /><ent r="5" t="13" w="1283" /><ent r="5" t="13" w="1302" /><ent r="5" t="13" w="1780" /><ent r="4" t="13" w="2030" /><ent r="4" t="13" w="2059" /><ent r="3" t="13" w="2070" /><ent r="3" t="13" w="2088" /><ent r="3" t="13" w="2097" /><ent r="3" t="14" w="195" /><ent r="3" t="14" w="203" /><ent r="3" t="14" w="442" /><ent r="3" t="14" w="459" /><ent r="3" t="14" w="488" /><ent r="3" t="14" w="491" /><ent r="3" t="14" w="582" /><ent r="3" t="14" w="590" /><ent r="3" t="14" w="598" /><ent r="3" t="14" w="603" /><ent r="3" t="14" w="608" /><ent r="3" t="14" w="621" /><ent r="3" t="14" w="627" /><ent r="3" t="14" w="708" /><ent r="3" t="14" w="1000" /><ent r="100" t="15" w="13" /><ent r="100" t="15" w="18" /><ent r="3" t="15" w="106" /><ent r="4" t="15" w="125" /><ent r="4" t="15" w="143" /><ent r="4" t="15" w="209" /><ent r="4" t="15" w="234" /><ent r="100" t="15" w="388" /><ent r="67" t="15" w="392" /><ent r="4" t="15" w="405" /><ent r="100" t="15" w="410" /><ent r="100" t="15" w="414" /><ent r="67" t="15" w="418" /><ent r="4" t="15" w="436" /><ent r="100" t="15" w="443" /><ent r="67" t="15" w="447" /><ent r="4" t="15" w="457" /><ent r="100" t="15" w="472" /><ent r="67" t="15" w="476" /><ent r="4" t="15" w="491" /><ent r="66" t="15" w="496" /><ent r="1000" t="16" w="3" /><ent r="103" t="16" w="10" /><ent r="4" t="16" w="28" /><ent r="4" t="16" w="75" /><ent r="83" t="16" w="109" /><ent r="3" t="16" w="115" /><ent r="3" t="16" w="188" /><ent r="93" t="16" w="237" /><ent r="4" t="16" w="246" /><ent r="4" t="16" w="266" /><ent r="3" t="16" w="297" /><ent r="100" t="16" w="309" /><ent r="4" t="16" w="313" /><ent r="4" t="16" w="380" /><ent r="4" t="16" w="1163" /><ent r="3" t="16" w="1169" /><ent r="3" t="16" w="1239" /><ent r="1000" t="17" w="3" /><ent r="103" t="17" w="10" /><ent r="4" t="17" w="19" /><ent r="3" t="17" w="92" /><ent r="83" t="17" w="139" /><ent r="3" t="17" w="145" /><ent r="3" t="17" w="210" /><ent r="3" t="17" w="275" /><ent r="3" t="17" w="280" /><ent r="3" t="17" w="319" /><ent r="1000" t="18" w="3" /><ent r="103" t="18" w="10" /><ent r="4" t="18" w="24" /><ent r="3" t="18" w="38" /><ent r="3" t="18" w="49" /><ent r="3" t="18" w="184" /><ent r="3" t="18" w="201" /><ent r="1000" t="19" w="3" /><ent r="103" t="19" w="11" /><ent r="3" t="19" w="54" /><ent r="3" t="19" w="107" /><ent r="4" t="19" w="198" /><ent r="3" t="19" w="287" /><ent r="3" t="19" w="569" /><ent r="3" t="19" w="712" /><ent r="4" t="19" w="731" /><ent r="5" t="19" w="828" /><ent r="3" t="19" w="1042" /><ent r="3" t="19" w="1138" /><ent r="3" t="19" w="1326" /><ent r="3" t="19" w="1370" /><ent r="4" t="19" w="1404" /><ent r="3" t="19" w="1636" /><ent r="3" t="19" w="1725" /><ent r="3" t="19" w="1771" /><ent r="3" t="19" w="1779" /><ent r="3" t="19" w="1787" /><ent r="3" t="19" w="1845" /><ent r="3" t="19" w="1856" /><ent r="4" t="19" w="1884" /><ent r="4" t="19" w="1936" /><ent r="1000" t="20" w="3" /><ent r="103" t="20" w="10" /><ent r="93" t="20" w="29" /><ent r="100" t="20" w="34" /><ent r="4" t="20" w="42" /><ent r="4" t="20" w="123" /><ent r="3" t="20" w="139" /><ent r="3" t="20" w="161" /><ent r="3" t="20" w="190" /><ent r="3" t="20" w="362" /><ent r="3" t="20" w="368" /><ent r="3" t="20" w="398" /><ent r="3" t="20" w="403" /><ent r="3" t="20" w="406" /><ent r="3" t="20" w="411" /><ent r="3" t="20" w="414" /><ent r="3" t="20" w="418" /><ent r="3" t="20" w="430" /><ent r="3" t="20" w="573" /><ent r="1000" t="21" w="3" /><ent r="103" t="21" w="13" /><ent r="3" t="21" w="26" /><ent r="3" t="21" w="61" /><ent r="3" t="21" w="87" /><ent r="3" t="21" w="131" /><ent r="3" t="21" w="294" /><ent r="3" t="21" w="351" /><ent r="3" t="21" w="367" /><ent r="3" t="21" w="503" /><ent r="3" t="21" w="523" /><ent r="4" t="21" w="551" /><ent r="4" t="21" w="599" /><ent r="4" t="21" w="622" /><ent r="3" t="21" w="664" /><ent r="4" t="21" w="865" /><ent r="3" t="22" w="21" /><ent r="3" t="22" w="49" /><ent r="3" t="22" w="84" /><ent r="4" t="22" w="174" /><ent r="4" t="22" w="211" /><ent r="4" t="22" w="269" /><ent r="4" t="22" w="406" /><ent r="3" t="22" w="487" /><ent r="3" t="22" w="571" /><ent r="4" t="22" w="669" /><ent r="4" t="22" w="787" /><ent r="3" t="22" w="877" /><ent r="3" t="22" w="898" /><ent r="3" t="22" w="918" /><ent r="3" t="22" w="946" /><ent r="3" t="22" w="957" /><ent r="3" t="22" w="966" /><ent r="3" t="22" w="1160" /><ent r="3" t="22" w="1320" /><ent r="3" t="22" w="1377" /><ent r="3" t="22" w="1381" /><ent r="3" t="22" w="1390" /><ent r="3" t="22" w="1394" /><ent r="3" t="22" w="1411" /><ent r="3" t="22" w="1545" /><ent r="3" t="22" w="1549" /><ent r="3" t="22" w="1584" /><ent r="4" t="23" w="17" /><ent r="3" t="23" w="169" /><ent r="3" t="23" w="206" /><ent r="3" t="23" w="210" /><ent r="3" t="23" w="223" /><ent r="4" t="23" w="245" /><ent r="3" t="24" w="68" /><ent r="3" t="24" w="2736" /><ent r="3" t="24" w="2790" /><ent r="3" t="24" w="2798" /><ent r="3" t="24" w="2841" /><ent r="100" t="25" w="15" /><ent r="4" t="25" w="19" /><ent r="3" t="25" w="33" /><ent r="3" t="25" w="44" /><ent r="3" t="25" w="57" /><ent r="3" t="25" w="86" /><ent r="4" t="26" w="1082" /><ent r="3" t="27" w="129" /><ent r="3" t="27" w="138" /><ent r="3" t="27" w="159" /><ent r="3" t="27" w="185" /><ent r="3" t="27" w="332" /><ent r="3" t="27" w="350" /><ent r="3" t="27" w="377" /><ent r="3" t="27" w="379" /><ent r="3" t="27" w="394" /><ent r="3" t="27" w="398" /><ent r="3" t="27" w="410" /><ent r="3" t="27" w="415" /><ent r="3" t="27" w="426" /><ent r="3" t="28" w="30" /><ent r="3" t="28" w="52" /><ent r="3" t="28" w="64" /><ent r="3" t="28" w="101" /><ent r="3" t="28" w="113" /><ent r="3" t="28" w="179" /><ent r="64" t="28" w="208" /><ent r="3" t="28" w="235" /><ent r="3" t="28" w="253" /><ent r="3" t="28" w="335" /><ent r="1000" t="29" w="3" /><ent r="103" t="29" w="12" /><ent r="4" t="29" w="357" /><ent r="3" t="29" w="553" /><ent r="3" t="29" w="571" /><ent r="3" t="29" w="643" /><ent r="3" t="29" w="729" /><ent r="3" t="29" w="975" /><ent r="3" t="29" w="1005" /><ent r="3" t="29" w="1041" /><ent r="3" t="29" w="1065" /><ent r="3" t="29" w="1082" /><ent r="3" t="29" w="1112" /><ent r="1000" t="30" w="3" /><ent r="103" t="30" w="12" /><ent r="4" t="30" w="23" /><ent r="3" t="30" w="30" /><ent r="64" t="30" w="55" /><ent r="4" t="31" w="198" /><ent r="3" t="32" w="183" /><ent r="3" t="32" w="211" /><ent r="3" t="32" w="396" /><ent r="3" t="32" w="551" /><ent r="3" t="32" w="1146" /><ent r="3" t="32" w="1510" /><ent r="3" t="32" w="1513" /><ent r="3" t="32" w="1726" /><ent r="3" t="33" w="260" /><ent r="3" t="33" w="291" /><ent r="3" t="33" w="319" /><ent r="3" t="33" w="344" /><ent r="3" t="34" w="22" /><ent r="3" t="34" w="36" /><ent r="3" t="34" w="44" /><ent r="3" t="34" w="95" /><ent r="3" t="34" w="118" /><ent r="3" t="34" w="135" /><ent r="4" t="34" w="293" /><ent r="4" t="34" w="301" /><ent r="4" t="34" w="344" /><ent r="4" t="34" w="350" /><ent r="3" t="34" w="390" /><ent r="3" t="34" w="468" /><ent r="3" t="35" w="36" /><ent r="3" t="35" w="44" /><ent r="3" t="35" w="102" /><ent r="3" t="35" w="110" /><ent r="3" t="35" w="265" /><ent r="3" t="35" w="280" /><ent r="3" t="36" w="30" /><ent r="3" t="36" w="36" /><ent r="3" t="37" w="154" /><ent r="3" t="37" w="160" /><ent r="3" t="37" w="176" /><ent r="3" t="37" w="184" /><ent r="4" t="37" w="447" /><ent r="3" t="37" w="1567" /><ent r="3" t="37" w="1583" /><ent r="3" t="37" w="1589" /><ent r="3" t="37" w="3196" /><ent r="3" t="37" w="3256" /><ent r="3" t="37" w="3372" /><ent r="3" t="37" w="4569" /><ent r="3" t="38" w="35" /><ent r="3" t="38" w="237" /><ent r="100" t="38" w="250" /><ent r="4" t="38" w="254" /><ent r="3" t="39" w="200" /><ent r="3" t="39" w="304" /><ent r="3" t="39" w="330" /><ent r="3" t="39" w="342" /><ent r="3" t="39" w="366" /><ent r="3" t="39" w="385" /><ent r="3" t="39" w="404" /><ent r="3" t="39" w="418" /><ent r="3" t="40" w="56" /><ent r="4" t="40" w="242" /><ent r="4" t="40" w="266" /><ent r="3" t="40" w="298" /><ent r="3" t="40" w="327" /><ent r="4" t="40" w="786" /><ent r="3" t="40" w="836" /><ent r="3" t="41" w="413" /><ent r="3" t="41" w="431" /><ent r="3" t="42" w="39" /><ent r="3" t="42" w="123" /><ent r="3" t="42" w="138" /><ent r="3" t="42" w="156" /><ent r="3" t="43" w="23" /><ent r="3" t="46" w="358" /><ent r="3" t="46" w="466" /><ent r="3" t="46" w="483" /><ent r="3" t="47" w="116" /><ent r="3" t="47" w="140" /><ent r="4" t="47" w="299" /><ent r="4" t="47" w="350" /><ent r="4" t="47" w="460" /><ent r="3" t="47" w="493" /><ent r="4" t="47" w="501" /><ent r="4" t="47" w="843" /><ent r="3" t="48" w="88" /><ent r="3" t="48" w="131" /><ent r="4" t="49" w="53" /><ent r="4" t="50" w="151" /><ent r="4" t="50" w="161" /><ent r="4" t="50" w="173" /><ent r="4" t="50" w="222" /><ent r="3" t="53" w="34" /><ent r="3" t="53" w="72" /><ent r="3" t="53" w="110" /><ent r="93" t="54" w="188" /><ent r="3" t="54" w="219" /><ent r="4" t="54" w="227" /><ent r="3" t="54" w="304" /><ent r="3" t="54" w="468" /><ent r="3" t="54" w="561" /><ent r="4" t="55" w="331" /><ent r="3" t="55" w="358" /><ent r="3" t="55" w="393" /><ent r="3" t="55" w="484" /><ent r="3" t="55" w="528" /><ent r="3" t="55" w="588" /><ent r="3" t="55" w="646" /><ent r="3" t="56" w="305" /><ent r="3" t="56" w="317" /><ent r="3" t="60" w="17" /><ent r="3" t="60" w="33" /><ent r="4" t="60" w="57" /><ent r="4" t="60" w="92" /><ent r="4" t="60" w="96" /><ent r="4" t="60" w="111" /><ent r="3" t="60" w="142" /><ent r="3" t="60" w="152" /><ent r="3" t="60" w="175" /><ent r="3" t="60" w="218" /><ent r="4" t="66" w="163" /><ent r="5" t="66" w="597" /><ent r="4" t="66" w="606" /><ent r="3" t="66" w="639" /><ent r="3" t="66" w="657" /><ent r="6" t="68" w="199" /><ent r="6" t="68" w="819" /><ent r="7" t="70" w="317" /><ent r="6" t="70" w="892" /><ent r="6" t="70" w="899" /><ent r="6" t="70" w="913" /><ent r="6" t="70" w="917" /><ent r="6" t="70" w="936" /><ent r="6" t="70" w="950" /><ent r="6" t="70" w="1023" /><ent r="6" t="70" w="1056" /><ent r="6" t="70" w="1068" /><ent r="6" t="70" w="1376" /><ent r="100" t="70" w="1829" /><ent r="100" t="70" w="1835" /><ent r="4" t="70" w="1841" /><ent r="4" t="70" w="1847" /><ent r="6" t="70" w="1885" /><ent r="6" t="70" w="1891" /><ent r="6" t="70" w="1928" /><ent r="6" t="70" w="1935" /><ent r="6" t="70" w="1969" /><ent r="6" t="70" w="1995" /></phr><phr n="Device"><ent r="3" t="17" w="155" /><ent r="5" t="21" w="183" /><ent r="5" t="21" w="196" /><ent r="5" t="21" w="208" /><ent r="5" t="21" w="220" /><ent r="3" t="29" w="983" /><ent r="3" t="29" w="992" /><ent r="3" t="29" w="1000" /><ent r="3" t="29" w="1051" /><ent r="3" t="29" w="1090" /><ent r="3" t="29" w="1099" /><ent r="3" t="29" w="1107" /><ent r="5" t="31" w="185" /><ent r="3" t="32" w="1220" /><ent r="3" t="32" w="1604" /><ent r="3" t="32" w="1611" /><ent r="100" t="37" w="41" /><ent r="100" t="37" w="124" /><ent r="92" t="37" w="129" /><ent r="3" t="37" w="1595" /><ent r="100" t="66" w="594" /><ent r="100" t="70" w="1824" /></phr><phr n="Devices"><ent r="64" t="57" w="196" /><ent r="4" t="59" w="65" /></phr></stem><stem n="attach"><phr n="attached"><ent r="3" t="0" w="57" /><ent r="3" t="14" w="833" /><ent r="3" t="59" w="350" /><ent r="6" t="70" w="2108" /></phr><phr n="attach"><ent r="3" t="26" w="636" /></phr></stem><stem n="if"><phr n="If"><ent r="3" t="0" w="61" /><ent r="3" t="1" w="227" /><ent r="3" t="1" w="296" /><ent r="3" t="1" w="432" /><ent r="3" t="1" w="599" /><ent r="4" t="3" w="238" /><ent r="3" t="3" w="555" /><ent r="6" t="5" w="989" /><ent r="6" t="5" w="1094" /><ent r="4" t="11" w="456" /><ent r="4" t="11" w="495" /><ent r="3" t="13" w="596" /><ent r="3" t="13" w="1651" /><ent r="3" t="13" w="2401" /><ent r="3" t="13" w="2491" /><ent r="4" t="15" w="188" /><ent r="6" t="16" w="582" /><ent r="6" t="16" w="610" /><ent r="6" t="16" w="627" /><ent r="6" t="16" w="917" /><ent r="4" t="16" w="1466" /><ent r="4" t="16" w="1980" /><ent r="4" t="16" w="2002" /><ent r="3" t="16" w="2034" /><ent r="3" t="16" w="2085" /><ent r="3" t="16" w="2119" /><ent r="3" t="16" w="2147" /><ent r="3" t="17" w="68" /><ent r="3" t="17" w="323" /><ent r="100" t="18" w="113" /><ent r="4" t="18" w="125" /><ent r="4" t="18" w="164" /><ent r="3" t="19" w="1818" /><ent r="4" t="22" w="103" /><ent r="3" t="22" w="299" /><ent r="4" t="22" w="687" /><ent r="4" t="22" w="715" /><ent r="4" t="22" w="738" /><ent r="3" t="22" w="1001" /><ent r="3" t="22" w="1023" /><ent r="3" t="22" w="1104" /><ent r="3" t="23" w="113" /><ent r="3" t="23" w="137" /><ent r="3" t="23" w="151" /><ent r="3" t="24" w="1029" /><ent r="3" t="24" w="1088" /><ent r="3" t="24" w="1348" /><ent r="3" t="24" w="1637" /><ent r="3" t="24" w="1651" /><ent r="4" t="24" w="2224" /><ent r="4" t="24" w="2254" /><ent r="4" t="24" w="2274" /><ent r="4" t="24" w="2295" /><ent r="4" t="24" w="2396" /><ent r="4" t="24" w="2445" /><ent r="4" t="24" w="2462" /><ent r="4" t="24" w="2487" /><ent r="100" t="25" w="148" /><ent r="4" t="25" w="160" /><ent r="4" t="25" w="197" /><ent r="4" t="26" w="542" /><ent r="3" t="27" w="177" /><ent r="3" t="27" w="221" /><ent r="3" t="28" w="182" /><ent r="3" t="28" w="256" /><ent r="3" t="28" w="298" /><ent r="4" t="29" w="131" /><ent r="4" t="29" w="255" /><ent r="3" t="34" w="84" /><ent r="3" t="34" w="527" /><ent r="3" t="34" w="576" /><ent r="3" t="34" w="735" /><ent r="3" t="34" w="1068" /><ent r="4" t="35" w="1093" /><ent r="4" t="35" w="1112" /><ent r="3" t="35" w="1543" /><ent r="3" t="35" w="1575" /><ent r="3" t="35" w="1593" /><ent r="3" t="37" w="206" /><ent r="3" t="37" w="1155" /><ent r="3" t="37" w="1227" /><ent r="3" t="37" w="1291" /><ent r="3" t="37" w="1625" /><ent r="4" t="37" w="1882" /><ent r="4" t="37" w="1896" /><ent r="3" t="37" w="2083" /><ent r="3" t="37" w="2127" /><ent r="4" t="37" w="2231" /><ent r="3" t="37" w="2375" /><ent r="3" t="37" w="2453" /><ent r="3" t="37" w="2494" /><ent r="4" t="37" w="2588" /><ent r="4" t="37" w="2599" /><ent r="4" t="37" w="2622" /><ent r="3" t="37" w="2927" /><ent r="3" t="37" w="3151" /><ent r="3" t="37" w="3243" /><ent r="3" t="37" w="3320" /><ent r="3" t="37" w="3331" /><ent r="3" t="37" w="3464" /><ent r="4" t="37" w="3655" /><ent r="3" t="37" w="3719" /><ent r="3" t="37" w="3747" /><ent r="3" t="37" w="3789" /><ent r="3" t="37" w="3815" /><ent r="3" t="37" w="4238" /><ent r="3" t="37" w="4417" /><ent r="3" t="37" w="4556" /><ent r="3" t="37" w="4592" /><ent r="3" t="39" w="292" /><ent r="3" t="39" w="334" /><ent r="3" t="39" w="408" /><ent r="3" t="40" w="441" /><ent r="4" t="40" w="939" /><ent r="4" t="40" w="956" /><ent r="4" t="40" w="977" /><ent r="4" t="40" w="1012" /><ent r="4" t="41" w="175" /><ent r="3" t="42" w="141" /><ent r="3" t="43" w="39" /><ent r="3" t="44" w="152" /><ent r="3" t="44" w="391" /><ent r="3" t="44" w="855" /><ent r="3" t="44" w="870" /><ent r="3" t="44" w="892" /><ent r="3" t="44" w="901" /><ent r="3" t="44" w="916" /><ent r="3" t="44" w="918" /><ent r="3" t="44" w="919" /><ent r="3" t="44" w="936" /><ent r="3" t="47" w="382" /><ent r="3" t="50" w="228" /><ent r="4" t="50" w="271" /><ent r="3" t="51" w="69" /><ent r="3" t="51" w="108" /><ent r="3" t="52" w="54" /><ent r="3" t="55" w="410" /><ent r="3" t="58" w="371" /><ent r="3" t="61" w="908" /><ent r="3" t="61" w="936" /><ent r="3" t="61" w="937" /><ent r="3" t="61" w="954" /><ent r="3" t="61" w="955" /><ent r="3" t="61" w="969" /><ent r="3" t="61" w="970" /><ent r="3" t="61" w="984" /><ent r="3" t="61" w="1001" /><ent r="3" t="61" w="1119" /><ent r="3" t="61" w="1150" /><ent r="3" t="61" w="1153" /><ent r="3" t="61" w="1208" /><ent r="3" t="61" w="1218" /><ent r="3" t="61" w="1237" /><ent r="3" t="61" w="1241" /><ent r="3" t="61" w="1302" /><ent r="3" t="61" w="1314" /><ent r="3" t="61" w="1331" /><ent r="3" t="61" w="1340" /><ent r="3" t="61" w="1341" /><ent r="3" t="61" w="1352" /><ent r="3" t="62" w="134" /><ent r="3" t="64" w="310" /><ent r="4" t="66" w="112" /><ent r="7" t="68" w="426" /><ent r="7" t="68" w="454" /><ent r="7" t="68" w="488" /><ent r="6" t="68" w="633" /><ent r="3" t="69" w="122" /><ent r="3" t="70" w="219" /><ent r="6" t="70" w="584" /><ent r="6" t="70" w="714" /><ent r="6" t="70" w="930" /><ent r="6" t="70" w="1240" /><ent r="6" t="70" w="2035" /><ent r="6" t="70" w="2103" /><ent r="6" t="70" w="2367" /><ent r="4" t="77" w="102" /><ent r="4" t="77" w="124" /><ent r="4" t="77" w="173" /></phr><phr n="IF"><ent r="3" t="1" w="61" /><ent r="3" t="1" w="81" /><ent r="3" t="19" w="1008" /><ent r="3" t="19" w="1052" /><ent r="3" t="19" w="1060" /><ent r="3" t="19" w="1067" /><ent r="3" t="19" w="1078" /><ent r="3" t="19" w="1088" /><ent r="3" t="19" w="1096" /><ent r="3" t="19" w="1104" /><ent r="3" t="19" w="1113" /><ent r="3" t="19" w="1121" /><ent r="3" t="19" w="1130" /><ent r="3" t="19" w="1646" /><ent r="3" t="19" w="1677" /><ent r="3" t="19" w="1687" /><ent r="3" t="26" w="402" /></phr><phr n="if"><ent r="3" t="1" w="384" /><ent r="3" t="1" w="458" /><ent r="3" t="1" w="508" /><ent r="4" t="3" w="497" /><ent r="6" t="5" w="895" /><ent r="3" t="13" w="537" /><ent r="3" t="13" w="562" /><ent r="5" t="13" w="896" /><ent r="5" t="13" w="1199" /><ent r="3" t="14" w="986" /><ent r="3" t="14" w="1200" /><ent r="3" t="14" w="1207" /><ent r="3" t="14" w="1218" /><ent r="3" t="14" w="1264" /><ent r="3" t="14" w="1270" /><ent r="3" t="14" w="1280" /><ent r="4" t="15" w="194" /><ent r="4" t="15" w="216" /><ent r="4" t="16" w="485" /><ent r="4" t="16" w="501" /><ent r="9" t="16" w="957" /><ent r="9" t="16" w="963" /><ent r="3" t="16" w="1228" /><ent r="3" t="16" w="1728" /><ent r="3" t="16" w="2047" /><ent r="3" t="16" w="2067" /><ent r="3" t="16" w="2167" /><ent r="3" t="16" w="2222" /><ent r="3" t="16" w="2230" /><ent r="3" t="16" w="2237" /><ent r="3" t="16" w="2256" /><ent r="3" t="17" w="75" /><ent r="3" t="17" w="99" /><ent r="3" t="17" w="266" /><ent r="4" t="22" w="233" /><ent r="4" t="22" w="731" /><ent r="3" t="22" w="1065" /><ent r="4" t="24" w="676" /><ent r="3" t="24" w="901" /><ent r="3" t="24" w="1459" /><ent r="4" t="24" w="2416" /><ent r="4" t="25" w="254" /><ent r="3" t="26" w="80" /><ent r="4" t="26" w="533" /><ent r="3" t="26" w="1054" /><ent r="3" t="28" w="111" /><ent r="4" t="31" w="317" /><ent r="3" t="34" w="898" /><ent r="4" t="35" w="682" /><ent r="3" t="35" w="1567" /><ent r="3" t="37" w="214" /><ent r="4" t="37" w="312" /><ent r="4" t="37" w="562" /><ent r="4" t="37" w="611" /><ent r="4" t="37" w="655" /><ent r="4" t="37" w="694" /><ent r="3" t="37" w="1431" /><ent r="4" t="37" w="1928" /><ent r="3" t="37" w="1991" /><ent r="3" t="37" w="2018" /><ent r="3" t="37" w="2061" /><ent r="4" t="37" w="2290" /><ent r="3" t="37" w="2398" /><ent r="3" t="37" w="2465" /><ent r="3" t="37" w="2675" /><ent r="4" t="37" w="2702" /><ent r="3" t="37" w="2778" /><ent r="3" t="37" w="2801" /><ent r="4" t="37" w="2878" /><ent r="3" t="37" w="3034" /><ent r="4" t="37" w="3057" /><ent r="3" t="37" w="3756" /><ent r="3" t="37" w="3823" /><ent r="3" t="37" w="4149" /><ent r="3" t="37" w="4440" /><ent r="3" t="37" w="4501" /><ent r="3" t="37" w="4507" /><ent r="3" t="37" w="4523" /><ent r="3" t="37" w="4539" /><ent r="4" t="41" w="295" /><ent r="3" t="42" w="121" /><ent r="3" t="42" w="133" /><ent r="3" t="44" w="115" /><ent r="3" t="44" w="292" /><ent r="3" t="44" w="491" /><ent r="3" t="44" w="649" /><ent r="3" t="46" w="441" /><ent r="4" t="47" w="868" /><ent r="3" t="49" w="833" /><ent r="4" t="50" w="62" /><ent r="3" t="54" w="53" /><ent r="3" t="54" w="67" /><ent r="4" t="55" w="207" /><ent r="4" t="55" w="228" /><ent r="4" t="55" w="294" /><ent r="4" t="55" w="337" /><ent r="3" t="55" w="387" /><ent r="3" t="56" w="142" /><ent r="4" t="61" w="430" /><ent r="3" t="61" w="528" /><ent r="3" t="61" w="612" /><ent r="3" t="61" w="985" /><ent r="3" t="61" w="1029" /><ent r="3" t="61" w="1221" /><ent r="3" t="61" w="1226" /><ent r="4" t="64" w="136" /><ent r="3" t="64" w="194" /><ent r="3" t="64" w="207" /><ent r="3" t="66" w="52" /><ent r="3" t="66" w="412" /><ent r="6" t="68" w="95" /><ent r="6" t="68" w="268" /><ent r="7" t="68" w="313" /><ent r="6" t="70" w="817" /><ent r="6" t="70" w="1079" /><ent r="6" t="70" w="1262" /><ent r="4" t="77" w="72" /><ent r="5" t="77" w="143" /><ent r="5" t="77" w="203" /><ent r="5" t="77" w="211" /><ent r="5" t="77" w="218" /><ent r="4" t="77" w="238" /></phr></stem></index>