<?xml version="1.0" encoding="utf-8"?><index><stem n="&lt;snmp-device-variables&gt;"><phr n="&lt;snmp-device-variables&gt;"><ent r="67" t="4" w="266" /><ent r="67" t="4" w="429" /><ent r="3" t="7" w="478" /><ent r="5" t="13" w="732" /><ent r="82" t="13" w="794" /><ent r="4" t="13" w="2058" /><ent r="3" t="13" w="2069" /><ent r="3" t="14" w="490" /><ent r="67" t="15" w="391" /><ent r="1000" t="16" w="2" /><ent r="103" t="16" w="9" /><ent r="4" t="16" w="27" /><ent r="4" t="16" w="74" /><ent r="83" t="16" w="108" /><ent r="3" t="16" w="114" /><ent r="4" t="16" w="312" /><ent r="4" t="16" w="379" /><ent r="4" t="16" w="1162" /><ent r="3" t="16" w="1168" /><ent r="5" t="19" w="827" /><ent r="4" t="19" w="1883" /><ent r="3" t="20" w="397" /><ent r="4" t="22" w="173" /><ent r="3" t="22" w="1319" /><ent r="3" t="24" w="2789" /><ent r="3" t="24" w="2797" /><ent r="3" t="27" w="378" /><ent r="64" t="28" w="207" /><ent r="1000" t="29" w="2" /><ent r="103" t="29" w="11" /><ent r="3" t="29" w="552" /><ent r="3" t="29" w="642" /><ent r="3" t="29" w="974" /><ent r="3" t="29" w="1081" /><ent r="3" t="32" w="1145" /></phr></stem><stem n="device-variables&gt;"><phr n="device-variables&gt;"><ent r="67" t="4" w="267" /><ent r="67" t="4" w="430" /><ent r="3" t="7" w="479" /><ent r="3" t="7" w="495" /><ent r="5" t="13" w="733" /><ent r="82" t="13" w="795" /><ent r="4" t="13" w="2059" /><ent r="3" t="13" w="2070" /><ent r="3" t="13" w="2088" /><ent r="3" t="14" w="491" /><ent r="3" t="14" w="582" /><ent r="67" t="15" w="392" /><ent r="1000" t="16" w="3" /><ent r="103" t="16" w="10" /><ent r="4" t="16" w="28" /><ent r="4" t="16" w="75" /><ent r="83" t="16" w="109" /><ent r="3" t="16" w="115" /><ent r="3" t="16" w="188" /><ent r="4" t="16" w="313" /><ent r="4" t="16" w="380" /><ent r="4" t="16" w="1163" /><ent r="3" t="16" w="1169" /><ent r="3" t="16" w="1239" /><ent r="5" t="19" w="828" /><ent r="4" t="19" w="1884" /><ent r="3" t="20" w="398" /><ent r="3" t="20" w="403" /><ent r="4" t="22" w="174" /><ent r="3" t="22" w="1320" /><ent r="3" t="22" w="1377" /><ent r="3" t="24" w="2790" /><ent r="3" t="24" w="2798" /><ent r="3" t="24" w="2841" /><ent r="3" t="27" w="379" /><ent r="3" t="27" w="394" /><ent r="64" t="28" w="208" /><ent r="1000" t="29" w="3" /><ent r="103" t="29" w="12" /><ent r="3" t="29" w="553" /><ent r="3" t="29" w="571" /><ent r="3" t="29" w="643" /><ent r="3" t="29" w="729" /><ent r="3" t="29" w="975" /><ent r="3" t="29" w="1005" /><ent r="3" t="29" w="1082" /><ent r="3" t="29" w="1112" /><ent r="3" t="32" w="1146" /><ent r="3" t="32" w="1510" /></phr></stem><stem n="variables&gt;"><phr n="variables&gt;"><ent r="67" t="4" w="268" /><ent r="67" t="4" w="431" /><ent r="3" t="7" w="480" /><ent r="3" t="7" w="496" /><ent r="5" t="13" w="734" /><ent r="82" t="13" w="796" /><ent r="4" t="13" w="2060" /><ent r="3" t="13" w="2071" /><ent r="3" t="13" w="2089" /><ent r="3" t="14" w="492" /><ent r="3" t="14" w="583" /><ent r="67" t="15" w="393" /><ent r="1000" t="16" w="4" /><ent r="103" t="16" w="11" /><ent r="4" t="16" w="29" /><ent r="4" t="16" w="76" /><ent r="83" t="16" w="110" /><ent r="3" t="16" w="116" /><ent r="3" t="16" w="189" /><ent r="4" t="16" w="314" /><ent r="4" t="16" w="381" /><ent r="4" t="16" w="1164" /><ent r="3" t="16" w="1170" /><ent r="3" t="16" w="1240" /><ent r="5" t="19" w="829" /><ent r="4" t="19" w="1885" /><ent r="3" t="20" w="399" /><ent r="3" t="20" w="404" /><ent r="4" t="22" w="175" /><ent r="3" t="22" w="1321" /><ent r="3" t="22" w="1378" /><ent r="3" t="24" w="2791" /><ent r="3" t="24" w="2799" /><ent r="3" t="24" w="2842" /><ent r="3" t="27" w="380" /><ent r="3" t="27" w="395" /><ent r="64" t="28" w="209" /><ent r="1000" t="29" w="4" /><ent r="103" t="29" w="13" /><ent r="3" t="29" w="554" /><ent r="3" t="29" w="572" /><ent r="3" t="29" w="644" /><ent r="3" t="29" w="730" /><ent r="3" t="29" w="976" /><ent r="3" t="29" w="1006" /><ent r="3" t="29" w="1083" /><ent r="3" t="29" w="1113" /><ent r="3" t="32" w="1147" /><ent r="3" t="32" w="1511" /></phr></stem><stem n="mib"><phr n="MIB"><ent r="4" t="4" w="274" /><ent r="4" t="4" w="442" /><ent r="5" t="9" w="517" /><ent r="100" t="15" w="41" /><ent r="3" t="15" w="54" /><ent r="3" t="15" w="67" /><ent r="4" t="15" w="147" /><ent r="4" t="15" w="399" /><ent r="100" t="16" w="289" /><ent r="3" t="16" w="293" /><ent r="3" t="16" w="336" /><ent r="4" t="16" w="426" /><ent r="4" t="16" w="488" /><ent r="6" t="16" w="809" /><ent r="4" t="16" w="1102" /><ent r="3" t="16" w="1937" /><ent r="4" t="16" w="2013" /><ent r="3" t="16" w="2036" /><ent r="3" t="16" w="2089" /><ent r="3" t="16" w="2097" /><ent r="3" t="16" w="2121" /><ent r="100" t="18" w="67" /><ent r="100" t="18" w="71" /><ent r="4" t="18" w="80" /><ent r="100" t="18" w="119" /><ent r="100" t="18" w="123" /><ent r="4" t="18" w="136" /><ent r="4" t="19" w="254" /><ent r="3" t="19" w="275" /><ent r="3" t="19" w="680" /><ent r="3" t="19" w="694" /><ent r="3" t="19" w="707" /><ent r="4" t="19" w="909" /><ent r="3" t="19" w="961" /><ent r="3" t="19" w="1009" /><ent r="3" t="19" w="1053" /><ent r="3" t="19" w="1061" /><ent r="3" t="19" w="1068" /><ent r="3" t="19" w="1079" /><ent r="3" t="19" w="1089" /><ent r="3" t="19" w="1097" /><ent r="3" t="19" w="1105" /><ent r="3" t="19" w="1114" /><ent r="3" t="19" w="1122" /><ent r="3" t="19" w="1131" /><ent r="3" t="19" w="1647" /><ent r="3" t="19" w="1678" /><ent r="3" t="19" w="1688" /><ent r="4" t="19" w="1904" /><ent r="100" t="24" w="18" /><ent r="100" t="24" w="23" /><ent r="3" t="24" w="47" /><ent r="100" t="25" w="104" /><ent r="100" t="25" w="108" /><ent r="4" t="25" w="117" /><ent r="100" t="25" w="154" /><ent r="100" t="25" w="158" /><ent r="4" t="25" w="171" /><ent r="3" t="26" w="34" /><ent r="3" t="26" w="221" /><ent r="4" t="26" w="271" /><ent r="3" t="26" w="306" /><ent r="3" t="26" w="348" /><ent r="3" t="26" w="352" /><ent r="3" t="26" w="393" /><ent r="3" t="26" w="403" /><ent r="3" t="26" w="407" /><ent r="3" t="26" w="498" /><ent r="3" t="26" w="516" /><ent r="4" t="26" w="536" /><ent r="4" t="26" w="551" /><ent r="4" t="26" w="573" /><ent r="4" t="26" w="594" /><ent r="3" t="26" w="951" /><ent r="3" t="27" w="152" /><ent r="3" t="27" w="168" /><ent r="3" t="27" w="182" /><ent r="3" t="29" w="922" /><ent r="3" t="29" w="927" /><ent r="3" t="29" w="932" /><ent r="3" t="29" w="939" /><ent r="3" t="29" w="959" /><ent r="3" t="29" w="980" /><ent r="3" t="29" w="989" /><ent r="3" t="29" w="997" /><ent r="3" t="29" w="1087" /><ent r="3" t="29" w="1096" /><ent r="3" t="29" w="1104" /><ent r="3" t="32" w="388" /><ent r="3" t="32" w="1163" /><ent r="1000" t="33" w="3" /><ent r="100" t="33" w="6" /><ent r="102" t="33" w="10" /><ent r="3" t="33" w="40" /><ent r="3" t="33" w="48" /><ent r="3" t="33" w="67" /><ent r="3" t="33" w="121" /><ent r="3" t="33" w="157" /><ent r="3" t="53" w="66" /><ent r="100" t="55" w="197" /><ent r="100" t="55" w="199" /><ent r="100" t="55" w="205" /><ent r="4" t="55" w="217" /><ent r="3" t="55" w="425" /><ent r="3" t="55" w="1124" /><ent r="4" t="55" w="1185" /><ent r="4" t="55" w="1192" /><ent r="4" t="58" w="35" /><ent r="6" t="58" w="281" /><ent r="6" t="61" w="192" /><ent r="3" t="61" w="638" /><ent r="3" t="61" w="1069" /><ent r="3" t="77" w="17" /><ent r="4" t="77" w="74" /><ent r="4" t="77" w="104" /></phr><phr n="MIBs"><ent r="3" t="16" w="1908" /><ent r="3" t="26" w="455" /></phr><phr n="mibs"><ent r="6" t="58" w="285" /><ent r="6" t="61" w="196" /><ent r="3" t="61" w="636" /><ent r="3" t="61" w="1067" /></phr></stem><stem n="-device-threshold"><phr n="-device-threshold"><ent r="100" t="4" w="284" /><ent r="100" t="4" w="285" /><ent r="100" t="4" w="461" /><ent r="100" t="4" w="462" /><ent r="100" t="15" w="17" /><ent r="100" t="15" w="18" /><ent r="100" t="15" w="409" /><ent r="100" t="15" w="410" /></phr><phr n="-device-thresholds"><ent r="100" t="4" w="288" /><ent r="100" t="4" w="289" /><ent r="100" t="4" w="465" /><ent r="100" t="4" w="466" /><ent r="100" t="15" w="413" /><ent r="100" t="15" w="414" /></phr></stem><stem n="snmp-device-threshold"><phr n="Snmp-device-threshold"><ent r="100" t="4" w="284" /><ent r="100" t="4" w="461" /><ent r="100" t="15" w="409" /></phr><phr n="Snmp-device-thresholds"><ent r="100" t="4" w="288" /><ent r="100" t="4" w="465" /><ent r="100" t="15" w="413" /></phr></stem><stem n="device-threshold"><phr n="device-threshold"><ent r="100" t="4" w="285" /><ent r="100" t="4" w="462" /><ent r="100" t="15" w="18" /><ent r="100" t="15" w="410" /></phr><phr n="device-thresholds"><ent r="100" t="4" w="289" /><ent r="100" t="4" w="466" /><ent r="100" t="15" w="414" /></phr></stem><stem n="-device-thresholds&gt;"><phr n="-device-thresholds&gt;"><ent r="67" t="4" w="292" /><ent r="67" t="4" w="293" /><ent r="67" t="4" w="469" /><ent r="67" t="4" w="470" /><ent r="3" t="14" w="597" /><ent r="3" t="14" w="598" /><ent r="67" t="15" w="417" /><ent r="67" t="15" w="418" /><ent r="1000" t="17" w="2" /><ent r="1000" t="17" w="3" /><ent r="103" t="17" w="9" /><ent r="103" t="17" w="10" /><ent r="4" t="17" w="18" /><ent r="4" t="17" w="19" /><ent r="3" t="17" w="144" /><ent r="3" t="17" w="145" /><ent r="3" t="20" w="405" /><ent r="3" t="20" w="406" /><ent r="3" t="29" w="1040" /><ent r="3" t="29" w="1041" /></phr></stem><stem n="&lt;snmp-device-thresholds&gt;"><phr n="&lt;snmp-device-thresholds&gt;"><ent r="67" t="4" w="292" /><ent r="67" t="4" w="469" /><ent r="3" t="14" w="597" /><ent r="67" t="15" w="417" /><ent r="1000" t="17" w="2" /><ent r="103" t="17" w="9" /><ent r="4" t="17" w="18" /><ent r="3" t="17" w="144" /><ent r="3" t="20" w="405" /><ent r="3" t="29" w="1040" /></phr></stem><stem n="device-thresholds&gt;"><phr n="device-thresholds&gt;"><ent r="67" t="4" w="293" /><ent r="67" t="4" w="470" /><ent r="3" t="14" w="598" /><ent r="3" t="14" w="603" /><ent r="67" t="15" w="418" /><ent r="1000" t="17" w="3" /><ent r="103" t="17" w="10" /><ent r="4" t="17" w="19" /><ent r="3" t="17" w="145" /><ent r="3" t="20" w="406" /><ent r="3" t="20" w="411" /><ent r="3" t="29" w="1041" /><ent r="3" t="29" w="1065" /></phr></stem><stem n="thresholds&gt;"><phr n="thresholds&gt;"><ent r="67" t="4" w="294" /><ent r="67" t="4" w="471" /><ent r="3" t="14" w="599" /><ent r="3" t="14" w="604" /><ent r="67" t="15" w="419" /><ent r="1000" t="17" w="4" /><ent r="103" t="17" w="11" /><ent r="4" t="17" w="20" /><ent r="3" t="17" w="146" /><ent r="3" t="20" w="407" /><ent r="3" t="20" w="412" /><ent r="3" t="29" w="1042" /><ent r="3" t="29" w="1066" /></phr></stem><stem n="-device-displai"><phr n="-device-display"><ent r="100" t="4" w="317" /><ent r="100" t="4" w="318" /><ent r="100" t="10" w="158" /><ent r="100" t="10" w="159" /><ent r="100" t="15" w="442" /><ent r="100" t="15" w="443" /><ent r="100" t="20" w="33" /><ent r="100" t="20" w="34" /><ent r="100" t="38" w="249" /><ent r="100" t="38" w="250" /></phr></stem><stem n="snmp-device-displai"><phr n="Snmp-device-display"><ent r="100" t="4" w="317" /><ent r="100" t="10" w="158" /><ent r="100" t="15" w="442" /><ent r="100" t="20" w="33" /><ent r="100" t="38" w="249" /></phr></stem><stem n="device-displai"><phr n="device-display"><ent r="100" t="4" w="318" /><ent r="100" t="10" w="159" /><ent r="100" t="15" w="443" /><ent r="100" t="20" w="34" /><ent r="100" t="38" w="250" /></phr></stem><stem n="-device-display&gt;"><phr n="-device-display&gt;"><ent r="67" t="4" w="321" /><ent r="67" t="4" w="322" /><ent r="67" t="10" w="58" /><ent r="67" t="10" w="59" /><ent r="67" t="10" w="73" /><ent r="67" t="10" w="74" /><ent r="4" t="10" w="134" /><ent r="4" t="10" w="135" /><ent r="93" t="10" w="154" /><ent r="93" t="10" w="155" /><ent r="4" t="10" w="166" /><ent r="4" t="10" w="167" /><ent r="4" t="10" w="247" /><ent r="4" t="10" w="248" /><ent r="3" t="10" w="285" /><ent r="3" t="10" w="286" /><ent r="4" t="10" w="446" /><ent r="4" t="10" w="447" /><ent r="4" t="13" w="509" /><ent r="4" t="13" w="510" /><ent r="82" t="13" w="622" /><ent r="82" t="13" w="623" /><ent r="5" t="13" w="1779" /><ent r="5" t="13" w="1780" /><ent r="4" t="13" w="2029" /><ent r="4" t="13" w="2030" /><ent r="3" t="13" w="2096" /><ent r="3" t="13" w="2097" /><ent r="3" t="14" w="607" /><ent r="3" t="14" w="608" /><ent r="3" t="14" w="626" /><ent r="3" t="14" w="627" /><ent r="67" t="15" w="446" /><ent r="67" t="15" w="447" /><ent r="93" t="16" w="236" /><ent r="93" t="16" w="237" /><ent r="4" t="16" w="245" /><ent r="4" t="16" w="246" /><ent r="4" t="16" w="265" /><ent r="4" t="16" w="266" /><ent r="3" t="19" w="1770" /><ent r="3" t="19" w="1771" /><ent r="3" t="19" w="1778" /><ent r="3" t="19" w="1779" /><ent r="3" t="19" w="1844" /><ent r="3" t="19" w="1845" /><ent r="1000" t="20" w="2" /><ent r="1000" t="20" w="3" /><ent r="103" t="20" w="9" /><ent r="103" t="20" w="10" /><ent r="93" t="20" w="28" /><ent r="93" t="20" w="29" /><ent r="4" t="20" w="41" /><ent r="4" t="20" w="42" /><ent r="4" t="20" w="122" /><ent r="4" t="20" w="123" /><ent r="3" t="20" w="160" /><ent r="3" t="20" w="161" /><ent r="3" t="20" w="413" /><ent r="3" t="20" w="414" /><ent r="3" t="20" w="417" /><ent r="3" t="20" w="418" /><ent r="3" t="22" w="1548" /><ent r="3" t="22" w="1549" /><ent r="3" t="27" w="397" /><ent r="3" t="27" w="398" /><ent r="3" t="27" w="414" /><ent r="3" t="27" w="415" /><ent r="1000" t="30" w="2" /><ent r="1000" t="30" w="3" /><ent r="103" t="30" w="11" /><ent r="103" t="30" w="12" /><ent r="4" t="30" w="22" /><ent r="4" t="30" w="23" /><ent r="64" t="30" w="54" /><ent r="64" t="30" w="55" /><ent r="3" t="32" w="1512" /><ent r="3" t="32" w="1513" /><ent r="4" t="38" w="253" /><ent r="4" t="38" w="254" /></phr></stem><stem n="&lt;snmp-device-display&gt;"><phr n="&lt;snmp-device-display&gt;"><ent r="67" t="4" w="321" /><ent r="67" t="10" w="58" /><ent r="67" t="10" w="73" /><ent r="4" t="10" w="134" /><ent r="93" t="10" w="154" /><ent r="4" t="10" w="166" /><ent r="4" t="10" w="247" /><ent r="3" t="10" w="285" /><ent r="4" t="10" w="446" /><ent r="4" t="13" w="509" /><ent r="82" t="13" w="622" /><ent r="5" t="13" w="1779" /><ent r="4" t="13" w="2029" /><ent r="3" t="13" w="2096" /><ent r="3" t="14" w="607" /><ent r="3" t="14" w="626" /><ent r="67" t="15" w="446" /><ent r="93" t="16" w="236" /><ent r="4" t="16" w="245" /><ent r="4" t="16" w="265" /><ent r="3" t="19" w="1770" /><ent r="3" t="19" w="1778" /><ent r="3" t="19" w="1844" /><ent r="1000" t="20" w="2" /><ent r="103" t="20" w="9" /><ent r="93" t="20" w="28" /><ent r="4" t="20" w="41" /><ent r="4" t="20" w="122" /><ent r="3" t="20" w="160" /><ent r="3" t="20" w="413" /><ent r="3" t="20" w="417" /><ent r="3" t="22" w="1548" /><ent r="3" t="27" w="397" /><ent r="3" t="27" w="414" /><ent r="1000" t="30" w="2" /><ent r="103" t="30" w="11" /><ent r="4" t="30" w="22" /><ent r="64" t="30" w="54" /><ent r="3" t="32" w="1512" /><ent r="4" t="38" w="253" /></phr></stem><stem n="device-display&gt;"><phr n="device-display&gt;"><ent r="67" t="4" w="322" /><ent r="67" t="10" w="59" /><ent r="67" t="10" w="74" /><ent r="4" t="10" w="135" /><ent r="93" t="10" w="155" /><ent r="4" t="10" w="167" /><ent r="4" t="10" w="248" /><ent r="3" t="10" w="286" /><ent r="3" t="10" w="315" /><ent r="4" t="10" w="447" /><ent r="4" t="13" w="510" /><ent r="82" t="13" w="623" /><ent r="5" t="13" w="1780" /><ent r="4" t="13" w="2030" /><ent r="3" t="13" w="2097" /><ent r="3" t="14" w="608" /><ent r="3" t="14" w="627" /><ent r="3" t="14" w="708" /><ent r="67" t="15" w="447" /><ent r="93" t="16" w="237" /><ent r="4" t="16" w="246" /><ent r="4" t="16" w="266" /><ent r="3" t="19" w="1771" /><ent r="3" t="19" w="1779" /><ent r="3" t="19" w="1787" /><ent r="3" t="19" w="1845" /><ent r="3" t="19" w="1856" /><ent r="1000" t="20" w="3" /><ent r="103" t="20" w="10" /><ent r="93" t="20" w="29" /><ent r="4" t="20" w="42" /><ent r="4" t="20" w="123" /><ent r="3" t="20" w="161" /><ent r="3" t="20" w="190" /><ent r="3" t="20" w="414" /><ent r="3" t="20" w="418" /><ent r="3" t="20" w="573" /><ent r="3" t="22" w="1549" /><ent r="3" t="22" w="1584" /><ent r="3" t="27" w="398" /><ent r="3" t="27" w="415" /><ent r="3" t="27" w="426" /><ent r="1000" t="30" w="3" /><ent r="103" t="30" w="12" /><ent r="4" t="30" w="23" /><ent r="64" t="30" w="55" /><ent r="3" t="32" w="1513" /><ent r="3" t="32" w="1726" /><ent r="4" t="38" w="254" /></phr></stem><stem n="display&gt;"><phr n="display&gt;"><ent r="67" t="4" w="323" /><ent r="66" t="4" w="674" /><ent r="67" t="10" w="60" /><ent r="67" t="10" w="75" /><ent r="67" t="10" w="104" /><ent r="4" t="10" w="136" /><ent r="93" t="10" w="156" /><ent r="4" t="10" w="168" /><ent r="4" t="10" w="249" /><ent r="3" t="10" w="287" /><ent r="3" t="10" w="316" /><ent r="93" t="10" w="388" /><ent r="4" t="10" w="395" /><ent r="4" t="10" w="448" /><ent r="82" t="13" w="279" /><ent r="3" t="13" w="290" /><ent r="4" t="13" w="511" /><ent r="82" t="13" w="624" /><ent r="5" t="13" w="1769" /><ent r="5" t="13" w="1781" /><ent r="4" t="13" w="2031" /><ent r="3" t="13" w="2098" /><ent r="3" t="14" w="609" /><ent r="3" t="14" w="628" /><ent r="3" t="14" w="709" /><ent r="3" t="14" w="1121" /><ent r="3" t="14" w="1137" /><ent r="67" t="15" w="448" /><ent r="93" t="16" w="238" /><ent r="4" t="16" w="247" /><ent r="4" t="16" w="267" /><ent r="3" t="19" w="1772" /><ent r="3" t="19" w="1780" /><ent r="3" t="19" w="1788" /><ent r="3" t="19" w="1846" /><ent r="3" t="19" w="1857" /><ent r="1000" t="20" w="4" /><ent r="103" t="20" w="11" /><ent r="93" t="20" w="30" /><ent r="4" t="20" w="43" /><ent r="4" t="20" w="124" /><ent r="3" t="20" w="162" /><ent r="3" t="20" w="191" /><ent r="3" t="20" w="415" /><ent r="3" t="20" w="419" /><ent r="3" t="20" w="574" /><ent r="3" t="22" w="1550" /><ent r="3" t="22" w="1585" /><ent r="3" t="27" w="399" /><ent r="3" t="27" w="416" /><ent r="3" t="27" w="427" /><ent r="1000" t="30" w="4" /><ent r="103" t="30" w="13" /><ent r="4" t="30" w="24" /><ent r="64" t="30" w="56" /><ent r="3" t="32" w="1514" /><ent r="3" t="32" w="1727" /><ent r="4" t="38" w="255" /><ent r="66" t="40" w="258" /><ent r="5" t="40" w="750" /><ent r="1000" t="43" w="3" /><ent r="103" t="43" w="9" /><ent r="4" t="43" w="16" /><ent r="3" t="44" w="573" /><ent r="3" t="44" w="576" /><ent r="3" t="44" w="829" /><ent r="3" t="44" w="834" /><ent r="3" t="45" w="202" /><ent r="3" t="45" w="218" /><ent r="3" t="46" w="414" /><ent r="3" t="46" w="417" /><ent r="5" t="47" w="899" /><ent r="3" t="48" w="254" /><ent r="3" t="48" w="268" /><ent r="3" t="49" w="654" /><ent r="3" t="49" w="668" /></phr></stem><stem n="should"><phr n="should"><ent r="4" t="4" w="336" /><ent r="3" t="4" w="734" /><ent r="6" t="5" w="690" /><ent r="6" t="5" w="1142" /><ent r="3" t="8" w="75" /><ent r="4" t="8" w="190" /><ent r="3" t="8" w="382" /><ent r="3" t="14" w="1003" /><ent r="4" t="15" w="461" /><ent r="3" t="17" w="33" /><ent r="3" t="17" w="119" /><ent r="4" t="19" w="788" /><ent r="3" t="19" w="1753" /><ent r="6" t="24" w="2893" /><ent r="6" t="24" w="2981" /><ent r="3" t="26" w="309" /><ent r="3" t="28" w="70" /><ent r="3" t="32" w="428" /><ent r="3" t="32" w="581" /><ent r="3" t="34" w="618" /><ent r="4" t="35" w="847" /><ent r="4" t="37" w="404" /><ent r="3" t="37" w="1790" /><ent r="3" t="37" w="2166" /><ent r="3" t="37" w="3851" /><ent r="3" t="39" w="327" /><ent r="3" t="39" w="363" /><ent r="3" t="39" w="382" /><ent r="3" t="39" w="401" /><ent r="4" t="40" w="803" /><ent r="4" t="41" w="108" /><ent r="3" t="42" w="68" /><ent r="3" t="42" w="74" /><ent r="3" t="43" w="48" /><ent r="3" t="44" w="176" /><ent r="3" t="47" w="392" /><ent r="4" t="47" w="529" /><ent r="3" t="48" w="111" /><ent r="3" t="54" w="424" /><ent r="3" t="55" w="442" /><ent r="3" t="56" w="371" /><ent r="3" t="58" w="337" /><ent r="3" t="58" w="356" /><ent r="3" t="58" w="404" /><ent r="3" t="58" w="478" /><ent r="3" t="59" w="395" /><ent r="3" t="61" w="131" /><ent r="4" t="61" w="418" /><ent r="4" t="61" w="438" /><ent r="3" t="64" w="222" /><ent r="4" t="66" w="82" /><ent r="6" t="68" w="393" /><ent r="6" t="70" w="1712" /><ent r="5" t="70" w="1761" /><ent r="4" t="77" w="130" /></phr></stem><stem n="-device-properti"><phr n="-device-properties"><ent r="100" t="4" w="346" /><ent r="100" t="4" w="347" /><ent r="100" t="15" w="471" /><ent r="100" t="15" w="472" /><ent r="100" t="25" w="14" /><ent r="100" t="25" w="15" /></phr></stem><stem n="snmp-device-properti"><phr n="Snmp-device-properties"><ent r="100" t="4" w="346" /><ent r="100" t="15" w="471" /><ent r="100" t="25" w="14" /></phr></stem><stem n="device-properti"><phr n="device-properties"><ent r="100" t="4" w="347" /><ent r="100" t="15" w="472" /><ent r="100" t="25" w="15" /></phr></stem><stem n="properti"><phr n="properties"><ent r="100" t="4" w="348" /><ent r="4" t="15" w="291" /><ent r="100" t="15" w="473" /><ent r="100" t="25" w="16" /><ent r="3" t="25" w="90" /><ent r="4" t="34" w="201" /><ent r="4" t="40" w="137" /><ent r="3" t="40" w="618" /></phr><phr n="property"><ent r="3" t="5" w="37" /><ent r="4" t="25" w="243" /><ent r="4" t="25" w="272" /><ent r="4" t="25" w="310" /><ent r="3" t="40" w="1243" /><ent r="4" t="41" w="100" /><ent r="4" t="41" w="137" /><ent r="4" t="41" w="248" /><ent r="4" t="41" w="294" /><ent r="4" t="41" w="305" /><ent r="4" t="41" w="328" /><ent r="4" t="41" w="341" /><ent r="4" t="41" w="379" /><ent r="3" t="44" w="380" /></phr><phr n="Properties"><ent r="65" t="16" w="1133" /><ent r="1000" t="25" w="2" /><ent r="100" t="25" w="5" /><ent r="102" t="25" w="8" /><ent r="82" t="41" w="86" /></phr></stem><stem n="-device-properties&gt;"><phr n="-device-properties&gt;"><ent r="67" t="4" w="350" /><ent r="67" t="4" w="351" /><ent r="82" t="13" w="748" /><ent r="82" t="13" w="749" /><ent r="3" t="14" w="194" /><ent r="3" t="14" w="195" /><ent r="67" t="15" w="475" /><ent r="67" t="15" w="476" /><ent r="1000" t="18" w="2" /><ent r="1000" t="18" w="3" /><ent r="103" t="18" w="9" /><ent r="103" t="18" w="10" /><ent r="4" t="18" w="23" /><ent r="4" t="18" w="24" /><ent r="3" t="18" w="183" /><ent r="3" t="18" w="184" /><ent r="3" t="20" w="361" /><ent r="3" t="20" w="362" /><ent r="4" t="25" w="18" /><ent r="4" t="25" w="19" /><ent r="3" t="25" w="56" /><ent r="3" t="25" w="57" /><ent r="3" t="27" w="128" /><ent r="3" t="27" w="129" /></phr></stem><stem n="&lt;snmp-device-properties&gt;"><phr n="&lt;snmp-device-properties&gt;"><ent r="67" t="4" w="350" /><ent r="82" t="13" w="748" /><ent r="3" t="14" w="194" /><ent r="67" t="15" w="475" /><ent r="1000" t="18" w="2" /><ent r="103" t="18" w="9" /><ent r="4" t="18" w="23" /><ent r="3" t="18" w="183" /><ent r="3" t="20" w="361" /><ent r="4" t="25" w="18" /><ent r="3" t="25" w="56" /><ent r="3" t="27" w="128" /></phr></stem><stem n="device-properties&gt;"><phr n="device-properties&gt;"><ent r="67" t="4" w="351" /><ent r="82" t="13" w="749" /><ent r="3" t="14" w="195" /><ent r="3" t="14" w="203" /><ent r="67" t="15" w="476" /><ent r="1000" t="18" w="3" /><ent r="103" t="18" w="10" /><ent r="4" t="18" w="24" /><ent r="3" t="18" w="49" /><ent r="3" t="18" w="184" /><ent r="3" t="18" w="201" /><ent r="3" t="20" w="362" /><ent r="3" t="20" w="368" /><ent r="4" t="25" w="19" /><ent r="3" t="25" w="44" /><ent r="3" t="25" w="57" /><ent r="3" t="25" w="86" /><ent r="3" t="27" w="129" /><ent r="3" t="27" w="138" /></phr></stem><stem n="properties&gt;"><phr n="properties&gt;"><ent r="67" t="4" w="352" /><ent r="82" t="13" w="750" /><ent r="3" t="14" w="196" /><ent r="3" t="14" w="204" /><ent r="67" t="15" w="477" /><ent r="1000" t="18" w="4" /><ent r="103" t="18" w="11" /><ent r="4" t="18" w="25" /><ent r="3" t="18" w="50" /><ent r="3" t="18" w="185" /><ent r="3" t="18" w="202" /><ent r="3" t="20" w="363" /><ent r="3" t="20" w="369" /><ent r="4" t="25" w="20" /><ent r="3" t="25" w="45" /><ent r="3" t="25" w="58" /><ent r="3" t="25" w="87" /><ent r="3" t="27" w="130" /><ent r="3" t="27" w="139" /></phr></stem><stem n="sent"><phr n="sent"><ent r="4" t="4" w="363" /><ent r="4" t="4" w="621" /><ent r="3" t="7" w="51" /><ent r="4" t="15" w="488" /><ent r="3" t="18" w="35" /><ent r="3" t="21" w="97" /><ent r="4" t="21" w="255" /><ent r="3" t="22" w="1034" /><ent r="3" t="25" w="30" /><ent r="3" t="28" w="27" /><ent r="3" t="28" w="237" /><ent r="3" t="28" w="293" /><ent r="4" t="29" w="359" /><ent r="4" t="31" w="259" /><ent r="3" t="31" w="329" /><ent r="3" t="32" w="1167" /><ent r="3" t="33" w="128" /><ent r="3" t="37" w="3249" /><ent r="3" t="37" w="4386" /><ent r="3" t="39" w="232" /><ent r="3" t="39" w="259" /><ent r="4" t="65" w="164" /></phr></stem><stem n="-device-alarmpoints&gt;"><phr n="-device-alarmpoints&gt;"><ent r="67" t="4" w="370" /><ent r="67" t="4" w="371" /><ent r="1000" t="21" w="2" /><ent r="1000" t="21" w="3" /><ent r="103" t="21" w="12" /><ent r="103" t="21" w="13" /><ent r="3" t="22" w="20" /><ent r="3" t="22" w="21" /><ent r="3" t="22" w="48" /><ent r="3" t="22" w="49" /><ent r="4" t="22" w="405" /><ent r="4" t="22" w="406" /><ent r="3" t="22" w="1393" /><ent r="3" t="22" w="1394" /><ent r="3" t="23" w="168" /><ent r="3" t="23" w="169" /></phr></stem><stem n="&lt;snmp-device-alarmpoints&gt;"><phr n="&lt;snmp-device-alarmpoints&gt;"><ent r="67" t="4" w="370" /><ent r="1000" t="21" w="2" /><ent r="103" t="21" w="12" /><ent r="3" t="22" w="20" /><ent r="3" t="22" w="48" /><ent r="4" t="22" w="405" /><ent r="3" t="22" w="1393" /><ent r="3" t="23" w="168" /></phr></stem><stem n="device-alarmpoints&gt;"><phr n="device-alarmpoints&gt;"><ent r="67" t="4" w="371" /><ent r="1000" t="21" w="3" /><ent r="103" t="21" w="13" /><ent r="3" t="22" w="21" /><ent r="3" t="22" w="49" /><ent r="3" t="22" w="84" /><ent r="4" t="22" w="406" /><ent r="3" t="22" w="1394" /><ent r="3" t="22" w="1545" /><ent r="3" t="23" w="169" /><ent r="3" t="23" w="206" /></phr></stem><stem n="alarmpoints&gt;"><phr n="alarmpoints&gt;"><ent r="67" t="4" w="372" /><ent r="1000" t="21" w="4" /><ent r="103" t="21" w="14" /><ent r="3" t="22" w="22" /><ent r="3" t="22" w="50" /><ent r="3" t="22" w="85" /><ent r="4" t="22" w="407" /><ent r="3" t="22" w="1395" /><ent r="3" t="22" w="1546" /><ent r="3" t="23" w="170" /><ent r="3" t="23" w="207" /></phr></stem><stem n="wait"><phr n="wait"><ent r="3" t="4" w="407" /><ent r="3" t="7" w="161" /><ent r="3" t="37" w="1280" /><ent r="3" t="37" w="2965" /><ent r="3" t="37" w="3715" /><ent r="3" t="39" w="280" /><ent r="3" t="39" w="288" /><ent r="3" t="39" w="433" /><ent r="3" t="39" w="473" /><ent r="3" t="39" w="580" /></phr><phr n="waits"><ent r="3" t="34" w="125" /><ent r="4" t="37" w="740" /><ent r="4" t="37" w="914" /><ent r="3" t="37" w="3696" /><ent r="4" t="55" w="313" /></phr><phr n="WAIT"><ent r="100" t="35" w="1007" /><ent r="3" t="35" w="1009" /><ent r="3" t="35" w="1208" /><ent r="64" t="35" w="1612" /><ent r="100" t="37" w="15" /><ent r="100" t="37" w="718" /><ent r="100" t="37" w="720" /><ent r="65" t="37" w="726" /><ent r="100" t="37" w="850" /><ent r="65" t="37" w="902" /><ent r="3" t="37" w="1468" /><ent r="3" t="37" w="2025" /><ent r="5" t="37" w="2045" /><ent r="5" t="37" w="2514" /><ent r="5" t="37" w="3334" /><ent r="5" t="37" w="3342" /><ent r="83" t="37" w="3677" /><ent r="5" t="37" w="3685" /><ent r="100" t="37" w="3707" /><ent r="5" t="37" w="3726" /><ent r="5" t="37" w="3859" /><ent r="3" t="37" w="3886" /><ent r="3" t="37" w="4114" /><ent r="3" t="37" w="4145" /><ent r="100" t="39" w="23" /><ent r="100" t="39" w="30" /><ent r="100" t="39" w="272" /><ent r="3" t="39" w="469" /></phr><phr n="Wait"><ent r="100" t="39" w="25" /><ent r="100" t="39" w="32" /></phr></stem></index>