<?xml version="1.0" encoding="utf-8"?><index><stem n="(no"><phr n="(no"><ent r="3" t="13" w="1731" /><ent r="3" t="26" w="101" /></phr><phr n="(No"><ent r="4" t="55" w="1213" /></phr></stem><stem n="{eval}"><phr n="{eval}"><ent r="82" t="13" w="1739" /><ent r="4" t="13" w="1746" /><ent r="3" t="13" w="1806" /><ent r="66" t="37" w="1800" /></phr></stem><stem n="{eval:[expr]}"><phr n="{eval:[expr]}"><ent r="3" t="13" w="1814" /></phr></stem><stem n="arithmet"><phr n="arithmetic"><ent r="3" t="13" w="1835" /><ent r="3" t="16" w="1744" /><ent r="4" t="24" w="95" /><ent r="3" t="37" w="1690" /></phr><phr n="Arithmetic"><ent r="3" t="13" w="1881" /></phr></stem><stem n="bitwis"><phr n="bitwise"><ent r="3" t="13" w="1850" /><ent r="100" t="24" w="204" /><ent r="4" t="24" w="213" /><ent r="3" t="37" w="1705" /></phr><phr n="Bitwise"><ent r="100" t="24" w="181" /><ent r="100" t="24" w="206" /><ent r="4" t="24" w="473" /><ent r="4" t="24" w="485" /><ent r="4" t="24" w="525" /></phr></stem><stem n="mathemat"><phr n="mathematical"><ent r="3" t="13" w="1853" /><ent r="4" t="24" w="219" /><ent r="3" t="37" w="1708" /></phr></stem><stem n="regular"><phr n="regular"><ent r="3" t="13" w="1866" /><ent r="3" t="19" w="75" /><ent r="4" t="19" w="1882" /><ent r="3" t="21" w="291" /><ent r="4" t="24" w="242" /><ent r="3" t="24" w="2722" /><ent r="6" t="24" w="2898" /><ent r="6" t="24" w="2905" /><ent r="3" t="24" w="3048" /><ent r="3" t="28" w="341" /><ent r="4" t="34" w="405" /><ent r="3" t="34" w="500" /><ent r="3" t="34" w="544" /><ent r="3" t="35" w="640" /><ent r="3" t="35" w="735" /><ent r="3" t="35" w="748" /><ent r="4" t="35" w="778" /><ent r="3" t="37" w="1718" /><ent r="3" t="37" w="1752" /><ent r="4" t="37" w="1964" /><ent r="3" t="37" w="2434" /><ent r="3" t="64" w="364" /></phr><phr n="Regular"><ent r="3" t="13" w="1999" /><ent r="65" t="24" w="287" /><ent r="4" t="24" w="867" /><ent r="65" t="24" w="877" /><ent r="92" t="24" w="2711" /><ent r="64" t="24" w="3066" /><ent r="92" t="34" w="476" /><ent r="64" t="34" w="598" /></phr></stem><stem n="{eval:${test}"><phr n="{eval:${test}"><ent r="3" t="13" w="1886" /></phr></stem><stem n=":="><phr n=":="><ent r="3" t="13" w="1886" /><ent r="3" t="13" w="1943" /><ent r="3" t="13" w="1945" /><ent r="3" t="14" w="1316" /><ent r="3" t="14" w="1318" /><ent r="4" t="24" w="326" /><ent r="3" t="34" w="659" /><ent r="6" t="34" w="771" /><ent r="6" t="34" w="801" /><ent r="65" t="37" w="761" /><ent r="82" t="37" w="1653" /><ent r="3" t="37" w="1727" /><ent r="3" t="37" w="1735" /><ent r="3" t="37" w="1745" /><ent r="3" t="37" w="1757" /><ent r="3" t="40" w="767" /><ent r="3" t="40" w="851" /><ent r="3" t="40" w="853" /><ent r="3" t="45" w="58" /><ent r="3" t="49" w="874" /><ent r="3" t="49" w="876" /><ent r="3" t="49" w="924" /><ent r="3" t="49" w="926" /></phr></stem><stem n="4-1"><phr n="4-1"><ent r="3" t="13" w="1886" /></phr></stem><stem n="2+1"><phr n="2+1"><ent r="3" t="13" w="1888" /></phr></stem><stem n="9/3"><phr n="9/3"><ent r="3" t="13" w="1890" /><ent r="3" t="13" w="1889" /></phr></stem><stem n="(4-1)*(2+1)/(9/3)}"><phr n="(4-1)*(2+1)/(9/3)}"><ent r="3" t="13" w="1891" /></phr></stem><stem n="{test}"><phr n="{test}"><ent r="3" t="13" w="1900" /><ent r="3" t="13" w="1915" /><ent r="3" t="13" w="1952" /></phr></stem><stem n="modulo"><phr n="Modulo"><ent r="3" t="13" w="1902" /><ent r="100" t="24" w="372" /><ent r="4" t="24" w="379" /></phr></stem><stem n="{eval:${test}%2}"><phr n="{eval:${test}%2}"><ent r="3" t="13" w="1908" /></phr></stem><stem n="ye"><phr n="yes"><ent r="3" t="13" w="1923" /></phr><phr n="Yes"><ent r="3" t="13" w="1924" /><ent r="3" t="13" w="1943" /><ent r="3" t="13" w="1948" /></phr></stem><stem n="{eval:${yes}:=&quot;yes&quot;}"><phr n="{eval:${yes}:=&quot;Yes&quot;}"><ent r="3" t="13" w="1925" /></phr></stem><stem n="{eval:${no}:=&quot;no&quot;}"><phr n="{eval:${no}:=&quot;No&quot;}"><ent r="3" t="13" w="1930" /></phr></stem><stem n="{eval:${test}:=5}"><phr n="{eval:${test}:=5}"><ent r="3" t="13" w="1937" /></phr></stem><stem n="{eval:"><phr n="{eval:"><ent r="3" t="13" w="1940" /><ent r="3" t="13" w="2003" /><ent r="4" t="16" w="1880" /></phr></stem><stem n="$test"><phr n="$test"><ent r="3" t="13" w="1940" /><ent r="3" t="37" w="1748" /></phr></stem><stem n="==5"><phr n="==5"><ent r="3" t="13" w="1941" /></phr></stem><stem n="($respons"><phr n="($response"><ent r="3" t="13" w="1942" /><ent r="3" t="13" w="1944" /></phr></stem><stem n="$respons"><phr n="$response"><ent r="3" t="13" w="1942" /><ent r="3" t="13" w="1944" /></phr></stem><stem n="&quot;yes&quot;)"><phr n="&quot;Yes&quot;)"><ent r="3" t="13" w="1944" /></phr></stem><stem n="&quot;no&quot;)"><phr n="&quot;No&quot;)"><ent r="3" t="13" w="1946" /></phr></stem><stem n="}"><phr n="}"><ent r="3" t="13" w="1946" /><ent r="3" t="14" w="683" /><ent r="3" t="14" w="695" /><ent r="3" t="14" w="1319" /><ent r="4" t="16" w="1873" /><ent r="4" t="16" w="1881" /><ent r="3" t="16" w="1948" /><ent r="3" t="19" w="1854" /><ent r="3" t="29" w="942" /><ent r="3" t="31" w="86" /><ent r="3" t="31" w="137" /><ent r="4" t="31" w="255" /><ent r="4" t="31" w="290" /><ent r="3" t="33" w="162" /><ent r="3" t="33" w="167" /><ent r="3" t="33" w="172" /><ent r="3" t="33" w="205" /><ent r="3" t="33" w="237" /><ent r="3" t="33" w="272" /><ent r="3" t="33" w="303" /><ent r="3" t="33" w="328" /><ent r="3" t="33" w="355" /><ent r="3" t="33" w="378" /><ent r="3" t="33" w="397" /><ent r="3" t="33" w="407" /><ent r="3" t="33" w="424" /><ent r="65" t="37" w="452" /><ent r="65" t="37" w="469" /><ent r="3" t="37" w="934" /><ent r="4" t="37" w="1001" /><ent r="3" t="37" w="1061" /><ent r="3" t="37" w="1061" /><ent r="3" t="37" w="1068" /><ent r="3" t="37" w="1137" /><ent r="3" t="37" w="4625" /><ent r="5" t="38" w="189" /><ent r="3" t="39" w="474" /><ent r="3" t="39" w="581" /><ent r="3" t="40" w="854" /><ent r="3" t="45" w="62" /><ent r="3" t="49" w="877" /><ent r="7" t="70" w="1076" /><ent r="7" t="70" w="2005" /><ent r="6" t="70" w="2066" /><ent r="6" t="70" w="2072" /><ent r="6" t="70" w="2078" /><ent r="7" t="70" w="2285" /><ent r="7" t="70" w="2343" /><ent r="7" t="70" w="2366" /><ent r="4" t="71" w="247" /></phr></stem><stem n="=&quot;yes&quot;,"><phr n="=&quot;Yes&quot;,"><ent r="3" t="13" w="1949" /></phr></stem><stem n="{response}"><phr n="{response}"><ent r="3" t="13" w="1961" /><ent r="3" t="13" w="1970" /></phr></stem><stem n="subid"><phr n="subid"><ent r="3" t="13" w="1971" /><ent r="3" t="13" w="1974" /><ent r="3" t="19" w="1262" /><ent r="3" t="19" w="1272" /><ent r="3" t="19" w="1281" /><ent r="3" t="19" w="1291" /><ent r="3" t="19" w="1442" /><ent r="3" t="19" w="1451" /><ent r="3" t="19" w="1482" /><ent r="3" t="19" w="1499" /><ent r="65" t="24" w="827" /><ent r="82" t="24" w="1943" /><ent r="3" t="24" w="1946" /><ent r="3" t="24" w="1991" /><ent r="3" t="24" w="2011" /><ent r="3" t="24" w="2033" /><ent r="3" t="24" w="2053" /><ent r="3" t="24" w="2075" /><ent r="3" t="24" w="2097" /><ent r="3" t="24" w="2117" /><ent r="3" t="24" w="2124" /><ent r="3" t="24" w="2132" /><ent r="3" t="24" w="2142" /><ent r="3" t="26" w="85" /><ent r="4" t="26" w="248" /><ent r="4" t="26" w="261" /></phr><phr n="subids"><ent r="3" t="19" w="1276" /><ent r="3" t="19" w="1296" /><ent r="3" t="26" w="112" /></phr></stem><stem n="():"><phr n="():"><ent r="3" t="13" w="1972" /></phr></stem><stem n="1.3"><phr n="1.3"><ent r="3" t="13" w="1976" /><ent r="3" t="13" w="1975" /><ent r="3" t="13" w="2074" /><ent r="3" t="13" w="2073" /><ent r="3" t="16" w="127" /><ent r="3" t="16" w="126" /><ent r="3" t="16" w="142" /><ent r="3" t="16" w="141" /><ent r="3" t="16" w="159" /><ent r="3" t="16" w="158" /><ent r="3" t="16" w="176" /><ent r="3" t="16" w="175" /><ent r="3" t="16" w="1179" /><ent r="3" t="16" w="1178" /><ent r="3" t="16" w="1194" /><ent r="3" t="16" w="1193" /><ent r="4" t="16" w="1251" /><ent r="4" t="16" w="1250" /><ent r="4" t="16" w="1293" /><ent r="4" t="16" w="1292" /><ent r="4" t="16" w="1335" /><ent r="4" t="16" w="1334" /><ent r="4" t="16" w="1366" /><ent r="4" t="16" w="1365" /><ent r="5" t="16" w="1664" /><ent r="5" t="16" w="1663" /><ent r="3" t="16" w="1924" /><ent r="3" t="16" w="1923" /><ent r="3" t="19" w="490" /><ent r="3" t="19" w="489" /><ent r="3" t="19" w="516" /><ent r="3" t="19" w="515" /><ent r="3" t="19" w="585" /><ent r="3" t="19" w="584" /><ent r="3" t="19" w="607" /><ent r="3" t="19" w="606" /><ent r="3" t="19" w="628" /><ent r="3" t="19" w="627" /><ent r="3" t="19" w="650" /><ent r="3" t="19" w="649" /><ent r="4" t="19" w="1428" /><ent r="4" t="19" w="1427" /><ent r="3" t="22" w="1181" /><ent r="3" t="22" w="1180" /><ent r="3" t="22" w="1190" /><ent r="3" t="22" w="1189" /><ent r="3" t="22" w="1325" /><ent r="3" t="22" w="1324" /><ent r="3" t="22" w="1342" /><ent r="3" t="22" w="1341" /><ent r="3" t="22" w="1359" /><ent r="3" t="22" w="1358" /><ent r="3" t="24" w="1993" /><ent r="3" t="24" w="1992" /><ent r="3" t="24" w="2010" /><ent r="3" t="24" w="2009" /><ent r="3" t="24" w="2013" /><ent r="3" t="24" w="2012" /><ent r="3" t="24" w="2035" /><ent r="3" t="24" w="2034" /><ent r="3" t="24" w="2052" /><ent r="3" t="24" w="2051" /><ent r="3" t="24" w="2055" /><ent r="3" t="24" w="2054" /><ent r="3" t="24" w="2077" /><ent r="3" t="24" w="2076" /><ent r="3" t="24" w="2099" /><ent r="3" t="24" w="2098" /><ent r="3" t="24" w="2119" /><ent r="3" t="24" w="2118" /><ent r="3" t="24" w="2126" /><ent r="3" t="24" w="2125" /><ent r="3" t="24" w="2134" /><ent r="3" t="24" w="2133" /><ent r="3" t="24" w="2140" /><ent r="3" t="24" w="2139" /><ent r="3" t="24" w="2144" /><ent r="3" t="24" w="2143" /><ent r="3" t="24" w="2803" /><ent r="3" t="24" w="2802" /><ent r="4" t="24" w="2850" /><ent r="4" t="24" w="2849" /><ent r="3" t="26" w="94" /><ent r="3" t="26" w="93" /><ent r="3" t="26" w="105" /><ent r="3" t="26" w="104" /><ent r="3" t="26" w="115" /><ent r="3" t="26" w="114" /><ent r="3" t="26" w="122" /><ent r="3" t="26" w="121" /><ent r="3" t="26" w="192" /><ent r="3" t="26" w="191" /><ent r="3" t="26" w="975" /><ent r="3" t="26" w="974" /><ent r="3" t="29" w="557" /><ent r="3" t="29" w="556" /><ent r="3" t="29" w="591" /><ent r="3" t="29" w="590" /><ent r="3" t="31" w="76" /><ent r="3" t="31" w="75" /><ent r="3" t="31" w="109" /><ent r="3" t="31" w="108" /><ent r="3" t="31" w="118" /><ent r="3" t="31" w="117" /><ent r="3" t="31" w="128" /><ent r="3" t="31" w="127" /><ent r="4" t="31" w="212" /><ent r="4" t="31" w="211" /><ent r="4" t="31" w="271" /><ent r="4" t="31" w="270" /><ent r="4" t="31" w="281" /><ent r="4" t="31" w="280" /><ent r="3" t="32" w="441" /><ent r="3" t="32" w="440" /><ent r="3" t="32" w="455" /><ent r="3" t="32" w="454" /><ent r="3" t="32" w="472" /><ent r="3" t="32" w="471" /><ent r="3" t="32" w="485" /><ent r="3" t="32" w="484" /><ent r="3" t="32" w="499" /><ent r="3" t="32" w="498" /><ent r="3" t="32" w="514" /><ent r="3" t="32" w="513" /><ent r="3" t="32" w="530" /><ent r="3" t="32" w="529" /><ent r="3" t="32" w="595" /><ent r="3" t="32" w="594" /><ent r="3" t="32" w="602" /><ent r="3" t="32" w="601" /><ent r="3" t="32" w="616" /><ent r="3" t="32" w="615" /><ent r="3" t="32" w="633" /><ent r="3" t="32" w="632" /><ent r="3" t="32" w="646" /><ent r="3" t="32" w="645" /><ent r="3" t="32" w="660" /><ent r="3" t="32" w="659" /><ent r="3" t="32" w="675" /><ent r="3" t="32" w="674" /><ent r="3" t="32" w="691" /><ent r="3" t="32" w="690" /><ent r="3" t="32" w="725" /><ent r="3" t="32" w="724" /><ent r="3" t="32" w="739" /><ent r="3" t="32" w="738" /><ent r="3" t="32" w="756" /><ent r="3" t="32" w="755" /><ent r="3" t="32" w="769" /><ent r="3" t="32" w="768" /><ent r="3" t="32" w="783" /><ent r="3" t="32" w="782" /><ent r="3" t="32" w="798" /><ent r="3" t="32" w="797" /><ent r="3" t="32" w="814" /><ent r="3" t="32" w="813" /><ent r="3" t="32" w="835" /><ent r="3" t="32" w="834" /><ent r="3" t="32" w="849" /><ent r="3" t="32" w="848" /><ent r="3" t="32" w="866" /><ent r="3" t="32" w="865" /><ent r="3" t="32" w="879" /><ent r="3" t="32" w="878" /><ent r="3" t="32" w="893" /><ent r="3" t="32" w="892" /><ent r="3" t="32" w="908" /><ent r="3" t="32" w="907" /><ent r="3" t="32" w="924" /><ent r="3" t="32" w="923" /><ent r="3" t="32" w="939" /><ent r="3" t="32" w="938" /><ent r="3" t="32" w="952" /><ent r="3" t="32" w="951" /><ent r="3" t="32" w="965" /><ent r="3" t="32" w="964" /><ent r="3" t="32" w="978" /><ent r="3" t="32" w="977" /><ent r="3" t="32" w="991" /><ent r="3" t="32" w="990" /><ent r="3" t="32" w="1004" /><ent r="3" t="32" w="1003" /><ent r="3" t="32" w="1024" /><ent r="3" t="32" w="1023" /><ent r="3" t="32" w="1031" /><ent r="3" t="32" w="1030" /><ent r="3" t="32" w="1048" /><ent r="3" t="32" w="1047" /><ent r="3" t="32" w="1061" /><ent r="3" t="32" w="1060" /><ent r="3" t="32" w="1075" /><ent r="3" t="32" w="1074" /><ent r="3" t="32" w="1090" /><ent r="3" t="32" w="1089" /><ent r="3" t="32" w="1106" /><ent r="3" t="32" w="1105" /><ent r="3" t="32" w="1178" /><ent r="3" t="32" w="1177" /><ent r="3" t="32" w="1192" /><ent r="3" t="32" w="1191" /><ent r="3" t="32" w="1206" /><ent r="3" t="32" w="1205" /><ent r="3" t="32" w="1223" /><ent r="3" t="32" w="1222" /><ent r="3" t="32" w="1238" /><ent r="3" t="32" w="1237" /><ent r="3" t="32" w="1254" /><ent r="3" t="32" w="1253" /><ent r="3" t="54" w="348" /><ent r="3" t="54" w="347" /><ent r="3" t="54" w="359" /><ent r="3" t="54" w="358" /><ent r="3" t="54" w="370" /><ent r="3" t="54" w="369" /><ent r="3" t="54" w="381" /><ent r="3" t="54" w="380" /><ent r="3" t="54" w="501" /><ent r="3" t="54" w="500" /><ent r="3" t="54" w="513" /><ent r="3" t="54" w="512" /><ent r="3" t="54" w="544" /><ent r="3" t="54" w="543" /><ent r="3" t="55" w="509" /><ent r="3" t="55" w="508" /><ent r="3" t="55" w="570" /><ent r="3" t="55" w="569" /><ent r="3" t="55" w="626" /><ent r="3" t="55" w="625" /><ent r="3" t="55" w="670" /><ent r="3" t="55" w="669" /><ent r="3" t="55" w="834" /><ent r="3" t="55" w="833" /><ent r="3" t="55" w="862" /><ent r="3" t="55" w="861" /><ent r="3" t="55" w="879" /><ent r="3" t="55" w="878" /><ent r="3" t="55" w="889" /><ent r="3" t="55" w="888" /><ent r="3" t="55" w="903" /><ent r="3" t="55" w="902" /><ent r="3" t="55" w="919" /><ent r="3" t="55" w="918" /><ent r="3" t="55" w="937" /><ent r="3" t="55" w="936" /><ent r="3" t="55" w="956" /><ent r="3" t="55" w="955" /><ent r="3" t="55" w="975" /><ent r="3" t="55" w="974" /><ent r="3" t="55" w="991" /><ent r="3" t="55" w="990" /><ent r="3" t="55" w="1007" /><ent r="3" t="55" w="1006" /><ent r="3" t="55" w="1019" /><ent r="3" t="55" w="1018" /><ent r="3" t="55" w="1033" /><ent r="3" t="55" w="1032" /><ent r="3" t="55" w="1052" /><ent r="3" t="55" w="1051" /><ent r="3" t="55" w="1070" /><ent r="3" t="55" w="1069" /><ent r="3" t="55" w="1086" /><ent r="3" t="55" w="1085" /><ent r="3" t="55" w="1104" /><ent r="3" t="55" w="1103" /><ent r="3" t="56" w="109" /><ent r="3" t="56" w="108" /><ent r="3" t="56" w="178" /><ent r="3" t="56" w="177" /><ent r="3" t="56" w="187" /><ent r="3" t="56" w="186" /><ent r="3" t="56" w="618" /><ent r="3" t="56" w="617" /><ent r="3" t="56" w="634" /><ent r="3" t="56" w="633" /><ent r="3" t="56" w="656" /><ent r="3" t="56" w="655" /><ent r="3" t="56" w="670" /><ent r="3" t="56" w="669" /><ent r="3" t="56" w="683" /><ent r="3" t="56" w="682" /></phr></stem><stem n="1.3.6"><phr n="1.3.6"><ent r="3" t="13" w="1977" /><ent r="3" t="13" w="1975" /><ent r="3" t="13" w="2075" /><ent r="3" t="13" w="2073" /><ent r="3" t="16" w="128" /><ent r="3" t="16" w="126" /><ent r="3" t="16" w="143" /><ent r="3" t="16" w="141" /><ent r="3" t="16" w="160" /><ent r="3" t="16" w="158" /><ent r="3" t="16" w="177" /><ent r="3" t="16" w="175" /><ent r="3" t="16" w="1180" /><ent r="3" t="16" w="1178" /><ent r="3" t="16" w="1195" /><ent r="3" t="16" w="1193" /><ent r="4" t="16" w="1252" /><ent r="4" t="16" w="1250" /><ent r="4" t="16" w="1294" /><ent r="4" t="16" w="1292" /><ent r="4" t="16" w="1336" /><ent r="4" t="16" w="1334" /><ent r="4" t="16" w="1367" /><ent r="4" t="16" w="1365" /><ent r="5" t="16" w="1665" /><ent r="5" t="16" w="1663" /><ent r="3" t="16" w="1925" /><ent r="3" t="16" w="1923" /><ent r="3" t="19" w="491" /><ent r="3" t="19" w="489" /><ent r="3" t="19" w="517" /><ent r="3" t="19" w="515" /><ent r="3" t="19" w="586" /><ent r="3" t="19" w="584" /><ent r="3" t="19" w="608" /><ent r="3" t="19" w="606" /><ent r="3" t="19" w="629" /><ent r="3" t="19" w="627" /><ent r="3" t="19" w="651" /><ent r="3" t="19" w="649" /><ent r="4" t="19" w="1429" /><ent r="4" t="19" w="1427" /><ent r="3" t="22" w="1182" /><ent r="3" t="22" w="1180" /><ent r="3" t="22" w="1191" /><ent r="3" t="22" w="1189" /><ent r="3" t="22" w="1326" /><ent r="3" t="22" w="1324" /><ent r="3" t="22" w="1343" /><ent r="3" t="22" w="1341" /><ent r="3" t="22" w="1360" /><ent r="3" t="22" w="1358" /><ent r="3" t="24" w="1994" /><ent r="3" t="24" w="1992" /><ent r="3" t="24" w="2014" /><ent r="3" t="24" w="2012" /><ent r="3" t="24" w="2036" /><ent r="3" t="24" w="2034" /><ent r="3" t="24" w="2056" /><ent r="3" t="24" w="2054" /><ent r="3" t="24" w="2078" /><ent r="3" t="24" w="2076" /><ent r="3" t="24" w="2100" /><ent r="3" t="24" w="2098" /><ent r="3" t="24" w="2120" /><ent r="3" t="24" w="2118" /><ent r="3" t="24" w="2127" /><ent r="3" t="24" w="2125" /><ent r="3" t="24" w="2135" /><ent r="3" t="24" w="2133" /><ent r="3" t="24" w="2141" /><ent r="3" t="24" w="2139" /><ent r="3" t="24" w="2145" /><ent r="3" t="24" w="2143" /><ent r="3" t="24" w="2804" /><ent r="3" t="24" w="2802" /><ent r="4" t="24" w="2851" /><ent r="4" t="24" w="2849" /><ent r="3" t="26" w="95" /><ent r="3" t="26" w="93" /><ent r="3" t="26" w="106" /><ent r="3" t="26" w="104" /><ent r="3" t="26" w="116" /><ent r="3" t="26" w="114" /><ent r="3" t="26" w="123" /><ent r="3" t="26" w="121" /><ent r="3" t="26" w="193" /><ent r="3" t="26" w="191" /><ent r="3" t="26" w="976" /><ent r="3" t="26" w="974" /><ent r="3" t="29" w="558" /><ent r="3" t="29" w="556" /><ent r="3" t="29" w="592" /><ent r="3" t="29" w="590" /><ent r="3" t="31" w="77" /><ent r="3" t="31" w="75" /><ent r="3" t="31" w="110" /><ent r="3" t="31" w="108" /><ent r="3" t="31" w="119" /><ent r="3" t="31" w="117" /><ent r="3" t="31" w="129" /><ent r="3" t="31" w="127" /><ent r="4" t="31" w="213" /><ent r="4" t="31" w="211" /><ent r="4" t="31" w="272" /><ent r="4" t="31" w="270" /><ent r="4" t="31" w="282" /><ent r="4" t="31" w="280" /><ent r="3" t="32" w="442" /><ent r="3" t="32" w="440" /><ent r="3" t="32" w="456" /><ent r="3" t="32" w="454" /><ent r="3" t="32" w="473" /><ent r="3" t="32" w="471" /><ent r="3" t="32" w="486" /><ent r="3" t="32" w="484" /><ent r="3" t="32" w="500" /><ent r="3" t="32" w="498" /><ent r="3" t="32" w="515" /><ent r="3" t="32" w="513" /><ent r="3" t="32" w="531" /><ent r="3" t="32" w="529" /><ent r="3" t="32" w="596" /><ent r="3" t="32" w="594" /><ent r="3" t="32" w="603" /><ent r="3" t="32" w="601" /><ent r="3" t="32" w="617" /><ent r="3" t="32" w="615" /><ent r="3" t="32" w="634" /><ent r="3" t="32" w="632" /><ent r="3" t="32" w="647" /><ent r="3" t="32" w="645" /><ent r="3" t="32" w="661" /><ent r="3" t="32" w="659" /><ent r="3" t="32" w="676" /><ent r="3" t="32" w="674" /><ent r="3" t="32" w="692" /><ent r="3" t="32" w="690" /><ent r="3" t="32" w="726" /><ent r="3" t="32" w="724" /><ent r="3" t="32" w="740" /><ent r="3" t="32" w="738" /><ent r="3" t="32" w="757" /><ent r="3" t="32" w="755" /><ent r="3" t="32" w="770" /><ent r="3" t="32" w="768" /><ent r="3" t="32" w="784" /><ent r="3" t="32" w="782" /><ent r="3" t="32" w="799" /><ent r="3" t="32" w="797" /><ent r="3" t="32" w="815" /><ent r="3" t="32" w="813" /><ent r="3" t="32" w="836" /><ent r="3" t="32" w="834" /><ent r="3" t="32" w="850" /><ent r="3" t="32" w="848" /><ent r="3" t="32" w="867" /><ent r="3" t="32" w="865" /><ent r="3" t="32" w="880" /><ent r="3" t="32" w="878" /><ent r="3" t="32" w="894" /><ent r="3" t="32" w="892" /><ent r="3" t="32" w="909" /><ent r="3" t="32" w="907" /><ent r="3" t="32" w="925" /><ent r="3" t="32" w="923" /><ent r="3" t="32" w="940" /><ent r="3" t="32" w="938" /><ent r="3" t="32" w="953" /><ent r="3" t="32" w="951" /><ent r="3" t="32" w="966" /><ent r="3" t="32" w="964" /><ent r="3" t="32" w="979" /><ent r="3" t="32" w="977" /><ent r="3" t="32" w="992" /><ent r="3" t="32" w="990" /><ent r="3" t="32" w="1005" /><ent r="3" t="32" w="1003" /><ent r="3" t="32" w="1025" /><ent r="3" t="32" w="1023" /><ent r="3" t="32" w="1032" /><ent r="3" t="32" w="1030" /><ent r="3" t="32" w="1049" /><ent r="3" t="32" w="1047" /><ent r="3" t="32" w="1062" /><ent r="3" t="32" w="1060" /><ent r="3" t="32" w="1076" /><ent r="3" t="32" w="1074" /><ent r="3" t="32" w="1091" /><ent r="3" t="32" w="1089" /><ent r="3" t="32" w="1107" /><ent r="3" t="32" w="1105" /><ent r="3" t="32" w="1179" /><ent r="3" t="32" w="1177" /><ent r="3" t="32" w="1193" /><ent r="3" t="32" w="1191" /><ent r="3" t="32" w="1207" /><ent r="3" t="32" w="1205" /><ent r="3" t="32" w="1224" /><ent r="3" t="32" w="1222" /><ent r="3" t="32" w="1239" /><ent r="3" t="32" w="1237" /><ent r="3" t="32" w="1255" /><ent r="3" t="32" w="1253" /><ent r="3" t="54" w="349" /><ent r="3" t="54" w="347" /><ent r="3" t="54" w="360" /><ent r="3" t="54" w="358" /><ent r="3" t="54" w="371" /><ent r="3" t="54" w="369" /><ent r="3" t="54" w="382" /><ent r="3" t="54" w="380" /><ent r="3" t="54" w="502" /><ent r="3" t="54" w="500" /><ent r="3" t="54" w="514" /><ent r="3" t="54" w="512" /><ent r="3" t="54" w="545" /><ent r="3" t="54" w="543" /><ent r="3" t="55" w="510" /><ent r="3" t="55" w="508" /><ent r="3" t="55" w="571" /><ent r="3" t="55" w="569" /><ent r="3" t="55" w="627" /><ent r="3" t="55" w="625" /><ent r="3" t="55" w="671" /><ent r="3" t="55" w="669" /><ent r="3" t="55" w="863" /><ent r="3" t="55" w="861" /><ent r="3" t="55" w="880" /><ent r="3" t="55" w="878" /><ent r="3" t="55" w="890" /><ent r="3" t="55" w="888" /><ent r="3" t="55" w="904" /><ent r="3" t="55" w="902" /><ent r="3" t="55" w="920" /><ent r="3" t="55" w="918" /><ent r="3" t="55" w="938" /><ent r="3" t="55" w="936" /><ent r="3" t="55" w="957" /><ent r="3" t="55" w="955" /><ent r="3" t="55" w="976" /><ent r="3" t="55" w="974" /><ent r="3" t="55" w="992" /><ent r="3" t="55" w="990" /><ent r="3" t="55" w="1008" /><ent r="3" t="55" w="1006" /><ent r="3" t="55" w="1020" /><ent r="3" t="55" w="1018" /><ent r="3" t="55" w="1034" /><ent r="3" t="55" w="1032" /><ent r="3" t="55" w="1053" /><ent r="3" t="55" w="1051" /><ent r="3" t="55" w="1071" /><ent r="3" t="55" w="1069" /><ent r="3" t="55" w="1087" /><ent r="3" t="55" w="1085" /><ent r="3" t="55" w="1105" /><ent r="3" t="55" w="1103" /><ent r="3" t="56" w="619" /><ent r="3" t="56" w="617" /><ent r="3" t="56" w="635" /><ent r="3" t="56" w="633" /><ent r="3" t="56" w="657" /><ent r="3" t="56" w="655" /><ent r="3" t="56" w="671" /><ent r="3" t="56" w="669" /><ent r="3" t="56" w="684" /><ent r="3" t="56" w="682" /></phr></stem><stem n="1.3.6.1"><phr n="1.3.6.1"><ent r="3" t="13" w="1978" /><ent r="3" t="13" w="1975" /><ent r="3" t="13" w="2076" /><ent r="3" t="13" w="2073" /><ent r="3" t="16" w="129" /><ent r="3" t="16" w="126" /><ent r="3" t="16" w="144" /><ent r="3" t="16" w="141" /><ent r="3" t="16" w="161" /><ent r="3" t="16" w="158" /><ent r="3" t="16" w="178" /><ent r="3" t="16" w="175" /><ent r="3" t="16" w="1181" /><ent r="3" t="16" w="1178" /><ent r="3" t="16" w="1196" /><ent r="3" t="16" w="1193" /><ent r="4" t="16" w="1253" /><ent r="4" t="16" w="1250" /><ent r="4" t="16" w="1295" /><ent r="4" t="16" w="1292" /><ent r="4" t="16" w="1337" /><ent r="4" t="16" w="1334" /><ent r="4" t="16" w="1368" /><ent r="4" t="16" w="1365" /><ent r="5" t="16" w="1666" /><ent r="5" t="16" w="1663" /><ent r="3" t="16" w="1926" /><ent r="3" t="16" w="1923" /><ent r="3" t="19" w="492" /><ent r="3" t="19" w="489" /><ent r="3" t="19" w="518" /><ent r="3" t="19" w="515" /><ent r="3" t="19" w="587" /><ent r="3" t="19" w="584" /><ent r="3" t="19" w="609" /><ent r="3" t="19" w="606" /><ent r="3" t="19" w="630" /><ent r="3" t="19" w="627" /><ent r="3" t="19" w="652" /><ent r="3" t="19" w="649" /><ent r="4" t="19" w="1430" /><ent r="4" t="19" w="1427" /><ent r="3" t="22" w="1183" /><ent r="3" t="22" w="1180" /><ent r="3" t="22" w="1192" /><ent r="3" t="22" w="1189" /><ent r="3" t="22" w="1327" /><ent r="3" t="22" w="1324" /><ent r="3" t="22" w="1344" /><ent r="3" t="22" w="1341" /><ent r="3" t="22" w="1361" /><ent r="3" t="22" w="1358" /><ent r="3" t="24" w="1995" /><ent r="3" t="24" w="1992" /><ent r="3" t="24" w="2015" /><ent r="3" t="24" w="2012" /><ent r="3" t="24" w="2037" /><ent r="3" t="24" w="2034" /><ent r="3" t="24" w="2057" /><ent r="3" t="24" w="2054" /><ent r="3" t="24" w="2079" /><ent r="3" t="24" w="2076" /><ent r="3" t="24" w="2101" /><ent r="3" t="24" w="2098" /><ent r="3" t="24" w="2805" /><ent r="3" t="24" w="2802" /><ent r="4" t="24" w="2852" /><ent r="4" t="24" w="2849" /><ent r="3" t="26" w="124" /><ent r="3" t="26" w="121" /><ent r="3" t="26" w="194" /><ent r="3" t="26" w="191" /><ent r="3" t="26" w="977" /><ent r="3" t="26" w="974" /><ent r="3" t="29" w="559" /><ent r="3" t="29" w="556" /><ent r="3" t="29" w="593" /><ent r="3" t="29" w="590" /><ent r="3" t="31" w="78" /><ent r="3" t="31" w="75" /><ent r="3" t="31" w="111" /><ent r="3" t="31" w="108" /><ent r="3" t="31" w="120" /><ent r="3" t="31" w="117" /><ent r="3" t="31" w="130" /><ent r="3" t="31" w="127" /><ent r="4" t="31" w="214" /><ent r="4" t="31" w="211" /><ent r="4" t="31" w="273" /><ent r="4" t="31" w="270" /><ent r="4" t="31" w="283" /><ent r="4" t="31" w="280" /><ent r="3" t="32" w="443" /><ent r="3" t="32" w="440" /><ent r="3" t="32" w="457" /><ent r="3" t="32" w="454" /><ent r="3" t="32" w="474" /><ent r="3" t="32" w="471" /><ent r="3" t="32" w="487" /><ent r="3" t="32" w="484" /><ent r="3" t="32" w="501" /><ent r="3" t="32" w="498" /><ent r="3" t="32" w="516" /><ent r="3" t="32" w="513" /><ent r="3" t="32" w="532" /><ent r="3" t="32" w="529" /><ent r="3" t="32" w="597" /><ent r="3" t="32" w="594" /><ent r="3" t="32" w="604" /><ent r="3" t="32" w="601" /><ent r="3" t="32" w="618" /><ent r="3" t="32" w="615" /><ent r="3" t="32" w="635" /><ent r="3" t="32" w="632" /><ent r="3" t="32" w="648" /><ent r="3" t="32" w="645" /><ent r="3" t="32" w="662" /><ent r="3" t="32" w="659" /><ent r="3" t="32" w="677" /><ent r="3" t="32" w="674" /><ent r="3" t="32" w="693" /><ent r="3" t="32" w="690" /><ent r="3" t="32" w="727" /><ent r="3" t="32" w="724" /><ent r="3" t="32" w="741" /><ent r="3" t="32" w="738" /><ent r="3" t="32" w="758" /><ent r="3" t="32" w="755" /><ent r="3" t="32" w="771" /><ent r="3" t="32" w="768" /><ent r="3" t="32" w="785" /><ent r="3" t="32" w="782" /><ent r="3" t="32" w="800" /><ent r="3" t="32" w="797" /><ent r="3" t="32" w="816" /><ent r="3" t="32" w="813" /><ent r="3" t="32" w="837" /><ent r="3" t="32" w="834" /><ent r="3" t="32" w="851" /><ent r="3" t="32" w="848" /><ent r="3" t="32" w="868" /><ent r="3" t="32" w="865" /><ent r="3" t="32" w="881" /><ent r="3" t="32" w="878" /><ent r="3" t="32" w="895" /><ent r="3" t="32" w="892" /><ent r="3" t="32" w="910" /><ent r="3" t="32" w="907" /><ent r="3" t="32" w="926" /><ent r="3" t="32" w="923" /><ent r="3" t="32" w="941" /><ent r="3" t="32" w="938" /><ent r="3" t="32" w="954" /><ent r="3" t="32" w="951" /><ent r="3" t="32" w="967" /><ent r="3" t="32" w="964" /><ent r="3" t="32" w="980" /><ent r="3" t="32" w="977" /><ent r="3" t="32" w="993" /><ent r="3" t="32" w="990" /><ent r="3" t="32" w="1006" /><ent r="3" t="32" w="1003" /><ent r="3" t="32" w="1026" /><ent r="3" t="32" w="1023" /><ent r="3" t="32" w="1033" /><ent r="3" t="32" w="1030" /><ent r="3" t="32" w="1050" /><ent r="3" t="32" w="1047" /><ent r="3" t="32" w="1063" /><ent r="3" t="32" w="1060" /><ent r="3" t="32" w="1077" /><ent r="3" t="32" w="1074" /><ent r="3" t="32" w="1092" /><ent r="3" t="32" w="1089" /><ent r="3" t="32" w="1108" /><ent r="3" t="32" w="1105" /><ent r="3" t="32" w="1180" /><ent r="3" t="32" w="1177" /><ent r="3" t="32" w="1194" /><ent r="3" t="32" w="1191" /><ent r="3" t="32" w="1208" /><ent r="3" t="32" w="1205" /><ent r="3" t="32" w="1225" /><ent r="3" t="32" w="1222" /><ent r="3" t="32" w="1240" /><ent r="3" t="32" w="1237" /><ent r="3" t="32" w="1256" /><ent r="3" t="32" w="1253" /><ent r="3" t="54" w="350" /><ent r="3" t="54" w="347" /><ent r="3" t="54" w="361" /><ent r="3" t="54" w="358" /><ent r="3" t="54" w="372" /><ent r="3" t="54" w="369" /><ent r="3" t="54" w="383" /><ent r="3" t="54" w="380" /><ent r="3" t="54" w="503" /><ent r="3" t="54" w="500" /><ent r="3" t="54" w="515" /><ent r="3" t="54" w="512" /><ent r="3" t="54" w="546" /><ent r="3" t="54" w="543" /><ent r="3" t="55" w="511" /><ent r="3" t="55" w="508" /><ent r="3" t="55" w="572" /><ent r="3" t="55" w="569" /><ent r="3" t="55" w="628" /><ent r="3" t="55" w="625" /><ent r="3" t="55" w="672" /><ent r="3" t="55" w="669" /><ent r="3" t="55" w="864" /><ent r="3" t="55" w="861" /><ent r="3" t="55" w="881" /><ent r="3" t="55" w="878" /><ent r="3" t="55" w="891" /><ent r="3" t="55" w="888" /><ent r="3" t="55" w="905" /><ent r="3" t="55" w="902" /><ent r="3" t="55" w="921" /><ent r="3" t="55" w="918" /><ent r="3" t="55" w="939" /><ent r="3" t="55" w="936" /><ent r="3" t="55" w="958" /><ent r="3" t="55" w="955" /><ent r="3" t="55" w="977" /><ent r="3" t="55" w="974" /><ent r="3" t="55" w="993" /><ent r="3" t="55" w="990" /><ent r="3" t="55" w="1009" /><ent r="3" t="55" w="1006" /><ent r="3" t="55" w="1021" /><ent r="3" t="55" w="1018" /><ent r="3" t="55" w="1035" /><ent r="3" t="55" w="1032" /><ent r="3" t="55" w="1054" /><ent r="3" t="55" w="1051" /><ent r="3" t="55" w="1072" /><ent r="3" t="55" w="1069" /><ent r="3" t="55" w="1088" /><ent r="3" t="55" w="1085" /><ent r="3" t="55" w="1106" /><ent r="3" t="55" w="1103" /><ent r="3" t="56" w="620" /><ent r="3" t="56" w="617" /><ent r="3" t="56" w="636" /><ent r="3" t="56" w="633" /><ent r="3" t="56" w="658" /><ent r="3" t="56" w="655" /><ent r="3" t="56" w="672" /><ent r="3" t="56" w="669" /><ent r="3" t="56" w="685" /><ent r="3" t="56" w="682" /></phr></stem></index>