<?xml version="1.0" encoding="utf-8"?><index><stem n="&quot;[value]&quot;"><phr n="&quot;[value]&quot;"><ent r="3" t="5" w="51" /></phr></stem><stem n="/header&gt;"><phr n="/header&gt;"><ent r="3" t="5" w="53" /><ent r="3" t="5" w="786" /><ent r="3" t="14" w="192" /><ent r="3" t="14" w="811" /><ent r="3" t="15" w="359" /><ent r="3" t="20" w="360" /><ent r="3" t="22" w="1313" /><ent r="3" t="27" w="127" /><ent r="3" t="32" w="151" /><ent r="3" t="39" w="165" /><ent r="3" t="44" w="479" /><ent r="3" t="44" w="741" /><ent r="3" t="45" w="125" /><ent r="3" t="46" w="327" /><ent r="3" t="48" w="59" /><ent r="3" t="49" w="541" /></phr></stem><stem n="&lt;/header&gt;"><phr n="&lt;/header&gt;"><ent r="3" t="5" w="53" /><ent r="3" t="5" w="52" /><ent r="3" t="5" w="786" /><ent r="3" t="5" w="785" /><ent r="3" t="14" w="192" /><ent r="3" t="14" w="191" /><ent r="3" t="14" w="811" /><ent r="3" t="14" w="810" /><ent r="3" t="15" w="359" /><ent r="3" t="15" w="358" /><ent r="3" t="20" w="360" /><ent r="3" t="20" w="359" /><ent r="3" t="22" w="1313" /><ent r="3" t="22" w="1312" /><ent r="3" t="27" w="127" /><ent r="3" t="27" w="126" /><ent r="3" t="32" w="151" /><ent r="3" t="32" w="150" /><ent r="3" t="39" w="165" /><ent r="3" t="39" w="164" /><ent r="3" t="44" w="479" /><ent r="3" t="44" w="478" /><ent r="3" t="44" w="741" /><ent r="3" t="44" w="740" /><ent r="3" t="45" w="125" /><ent r="3" t="45" w="124" /><ent r="3" t="46" w="327" /><ent r="3" t="46" w="326" /><ent r="3" t="48" w="59" /><ent r="3" t="48" w="58" /><ent r="3" t="49" w="541" /><ent r="3" t="49" w="540" /></phr></stem><stem n="header&gt;"><phr n="header&gt;"><ent r="3" t="5" w="53" /><ent r="3" t="5" w="786" /><ent r="3" t="14" w="192" /><ent r="3" t="14" w="811" /><ent r="3" t="15" w="359" /><ent r="3" t="20" w="360" /><ent r="3" t="22" w="1313" /><ent r="3" t="27" w="127" /><ent r="3" t="32" w="151" /><ent r="3" t="39" w="165" /><ent r="3" t="44" w="479" /><ent r="3" t="44" w="741" /><ent r="3" t="45" w="125" /><ent r="3" t="46" w="327" /><ent r="3" t="48" w="59" /><ent r="3" t="49" w="541" /></phr></stem><stem n="note"><phr n="Note"><ent r="4" t="5" w="55" /><ent r="7" t="5" w="310" /><ent r="4" t="5" w="1157" /><ent r="4" t="6" w="100" /><ent r="3" t="7" w="308" /><ent r="4" t="8" w="37" /><ent r="3" t="10" w="252" /><ent r="3" t="12" w="35" /><ent r="3" t="13" w="29" /><ent r="6" t="13" w="154" /><ent r="6" t="13" w="196" /><ent r="6" t="13" w="235" /><ent r="6" t="13" w="911" /><ent r="3" t="14" w="997" /><ent r="3" t="14" w="1011" /><ent r="4" t="15" w="361" /><ent r="4" t="16" w="191" /><ent r="4" t="16" w="1309" /><ent r="4" t="16" w="1376" /><ent r="4" t="16" w="1493" /><ent r="4" t="19" w="726" /><ent r="3" t="19" w="1309" /><ent r="3" t="20" w="127" /><ent r="3" t="21" w="311" /><ent r="5" t="22" w="804" /><ent r="3" t="22" w="1248" /><ent r="4" t="24" w="920" /><ent r="3" t="24" w="928" /><ent r="4" t="24" w="2696" /><ent r="4" t="24" w="3032" /><ent r="5" t="25" w="269" /><ent r="3" t="26" w="799" /><ent r="4" t="28" w="288" /><ent r="4" t="29" w="484" /><ent r="4" t="29" w="732" /><ent r="4" t="34" w="1026" /><ent r="3" t="35" w="971" /><ent r="4" t="35" w="1591" /><ent r="4" t="37" w="1781" /><ent r="4" t="37" w="2717" /><ent r="4" t="37" w="3427" /><ent r="4" t="37" w="3544" /><ent r="3" t="37" w="4199" /><ent r="3" t="37" w="4306" /><ent r="3" t="37" w="4369" /><ent r="92" t="38" w="303" /><ent r="5" t="40" w="1010" /><ent r="4" t="40" w="1173" /><ent r="4" t="41" w="265" /><ent r="3" t="41" w="396" /><ent r="3" t="45" w="38" /><ent r="3" t="45" w="62" /><ent r="5" t="49" w="233" /><ent r="3" t="54" w="390" /><ent r="4" t="55" w="435" /><ent r="4" t="55" w="777" /><ent r="4" t="58" w="440" /><ent r="3" t="66" w="349" /><ent r="3" t="66" w="389" /><ent r="4" t="66" w="634" /><ent r="8" t="68" w="521" /><ent r="7" t="68" w="704" /><ent r="4" t="69" w="67" /><ent r="7" t="70" w="597" /><ent r="7" t="70" w="735" /><ent r="4" t="70" w="1560" /><ent r="6" t="70" w="1707" /><ent r="5" t="70" w="1756" /><ent r="7" t="70" w="2298" /><ent r="7" t="70" w="2377" /><ent r="3" t="75" w="6" /></phr><phr n="note"><ent r="4" t="11" w="74" /><ent r="65" t="16" w="508" /><ent r="3" t="32" w="376" /><ent r="3" t="34" w="397" /><ent r="4" t="55" w="191" /><ent r="3" t="71" w="376" /></phr><phr n="Notes"><ent r="4" t="16" w="1019" /><ent r="5" t="37" w="1916" /><ent r="4" t="37" w="2177" /><ent r="4" t="37" w="2386" /><ent r="4" t="37" w="2855" /><ent r="5" t="41" w="173" /><ent r="4" t="46" w="138" /><ent r="7" t="70" w="1202" /></phr></stem><stem n="uniqu"><phr n="uniquely"><ent r="3" t="5" w="61" /></phr><phr n="unique"><ent r="3" t="5" w="91" /><ent r="4" t="5" w="1251" /><ent r="4" t="19" w="265" /><ent r="3" t="19" w="450" /><ent r="3" t="56" w="283" /><ent r="4" t="78" w="63" /></phr></stem><stem n="requir"><phr n="required"><ent r="3" t="5" w="74" /><ent r="6" t="5" w="372" /><ent r="3" t="11" w="434" /><ent r="3" t="14" w="199" /><ent r="3" t="14" w="1153" /><ent r="3" t="20" w="365" /><ent r="3" t="23" w="99" /><ent r="4" t="37" w="378" /><ent r="3" t="37" w="2908" /><ent r="3" t="37" w="4448" /><ent r="5" t="38" w="111" /><ent r="4" t="50" w="205" /><ent r="3" t="64" w="305" /><ent r="3" t="66" w="531" /><ent r="3" t="70" w="32" /><ent r="6" t="70" w="508" /></phr><phr n="requires"><ent r="4" t="18" w="168" /><ent r="4" t="25" w="201" /><ent r="3" t="46" w="89" /><ent r="4" t="60" w="65" /><ent r="3" t="61" w="251" /><ent r="3" t="61" w="538" /></phr><phr n="requirements"><ent r="3" t="35" w="328" /></phr><phr n="require"><ent r="4" t="49" w="263" /><ent r="3" t="61" w="104" /><ent r="4" t="61" w="439" /><ent r="3" t="62" w="89" /><ent r="3" t="70" w="38" /></phr><phr n="requiring"><ent r="3" t="56" w="720" /></phr><phr n="Requires"><ent r="3" t="61" w="476" /></phr></stem><stem n="strongli"><phr n="strongly"><ent r="3" t="5" w="76" /></phr></stem><stem n="identif"><phr n="identifer"><ent r="3" t="5" w="92" /></phr><phr n="identification"><ent r="3" t="21" w="162" /></phr></stem><stem n="support"><phr n="supports"><ent r="6" t="5" w="115" /><ent r="3" t="13" w="1474" /><ent r="3" t="16" w="1850" /><ent r="3" t="19" w="1026" /><ent r="3" t="22" w="316" /><ent r="3" t="24" w="2701" /><ent r="3" t="26" w="18" /><ent r="3" t="26" w="44" /><ent r="3" t="38" w="150" /></phr><phr n="Supports"><ent r="4" t="24" w="94" /><ent r="4" t="24" w="106" /><ent r="4" t="24" w="141" /><ent r="4" t="24" w="164" /><ent r="4" t="24" w="184" /><ent r="4" t="24" w="208" /><ent r="4" t="24" w="236" /></phr><phr n="supported"><ent r="4" t="24" w="278" /><ent r="3" t="24" w="1194" /><ent r="3" t="24" w="1668" /><ent r="3" t="35" w="982" /><ent r="3" t="37" w="4535" /><ent r="3" t="59" w="193" /><ent r="3" t="61" w="1005" /></phr><phr n="Supported"><ent r="3" t="26" w="954" /><ent r="3" t="59" w="120" /></phr><phr n="support"><ent r="3" t="33" w="116" /><ent r="64" t="52" w="81" /><ent r="3" t="55" w="928" /><ent r="4" t="61" w="410" /><ent r="6" t="70" w="2313" /></phr></stem><stem n="builtin"><phr n="Builtin"><ent r="100" t="5" w="124" /></phr><phr n="builtin"><ent r="8" t="5" w="126" /></phr></stem><stem n="-script"><phr n="-script"><ent r="100" t="5" w="130" /><ent r="100" t="5" w="130" /><ent r="8" t="5" w="133" /><ent r="8" t="5" w="133" /><ent r="8" t="5" w="213" /><ent r="8" t="5" w="213" /><ent r="100" t="39" w="122" /><ent r="100" t="39" w="122" /></phr></stem><stem n="tcp-script"><phr n="Tcp-script"><ent r="100" t="5" w="130" /><ent r="100" t="39" w="122" /></phr><phr n="tcp-script"><ent r="8" t="5" w="133" /><ent r="8" t="5" w="213" /><ent r="3" t="5" w="746" /><ent r="3" t="13" w="983" /><ent r="3" t="34" w="13" /><ent r="3" t="39" w="126" /></phr></stem><stem n="-snmp"><phr n="-snmp"><ent r="100" t="5" w="138" /><ent r="100" t="5" w="138" /><ent r="8" t="5" w="141" /><ent r="8" t="5" w="141" /><ent r="8" t="5" w="181" /><ent r="8" t="5" w="181" /><ent r="3" t="22" w="1149" /><ent r="3" t="22" w="1149" /><ent r="3" t="26" w="464" /><ent r="3" t="26" w="464" /><ent r="3" t="32" w="305" /><ent r="3" t="32" w="305" /><ent r="3" t="32" w="337" /><ent r="3" t="32" w="337" /></phr><phr n="-SNMP"><ent r="5" t="9" w="688" /><ent r="5" t="9" w="688" /></phr></stem><stem n="custom-snmp"><phr n="Custom-snmp"><ent r="100" t="5" w="138" /></phr><phr n="custom-snmp"><ent r="8" t="5" w="141" /><ent r="7" t="5" w="144" /><ent r="8" t="5" w="181" /><ent r="7" t="5" w="194" /><ent r="4" t="5" w="827" /><ent r="3" t="14" w="152" /><ent r="3" t="15" w="8" /><ent r="3" t="15" w="355" /><ent r="3" t="20" w="327" /><ent r="3" t="22" w="1285" /><ent r="3" t="27" w="93" /><ent r="3" t="28" w="15" /><ent r="3" t="32" w="65" /><ent r="3" t="32" w="121" /></phr></stem><stem n="-snmp-trap"><phr n="-snmp-trap"><ent r="7" t="5" w="144" /><ent r="7" t="5" w="145" /><ent r="7" t="5" w="194" /><ent r="7" t="5" w="195" /></phr></stem><stem n="custom-snmp-trap"><phr n="custom-snmp-trap"><ent r="7" t="5" w="144" /><ent r="7" t="5" w="194" /><ent r="3" t="28" w="15" /><ent r="3" t="32" w="65" /><ent r="3" t="32" w="121" /></phr></stem><stem n="snmp-trap"><phr n="snmp-trap"><ent r="7" t="5" w="145" /><ent r="7" t="5" w="195" /><ent r="3" t="28" w="16" /><ent r="3" t="32" w="66" /><ent r="3" t="32" w="122" /></phr></stem><stem n="cmd"><phr n="cmd"><ent r="8" t="5" w="154" /><ent r="6" t="5" w="158" /><ent r="8" t="5" w="230" /><ent r="3" t="13" w="99" /><ent r="3" t="13" w="298" /><ent r="3" t="14" w="781" /><ent r="3" t="14" w="1068" /><ent r="3" t="40" w="21" /><ent r="4" t="40" w="612" /><ent r="5" t="41" w="51" /><ent r="5" t="41" w="245" /><ent r="4" t="41" w="281" /><ent r="5" t="41" w="292" /><ent r="5" t="41" w="326" /><ent r="5" t="41" w="339" /><ent r="5" t="41" w="355" /><ent r="3" t="41" w="523" /><ent r="4" t="44" w="222" /><ent r="3" t="44" w="234" /><ent r="3" t="44" w="246" /><ent r="4" t="44" w="378" /><ent r="3" t="44" w="452" /><ent r="3" t="44" w="511" /><ent r="3" t="44" w="711" /><ent r="3" t="44" w="775" /><ent r="3" t="45" w="89" /><ent r="3" t="45" w="102" /><ent r="3" t="45" w="109" /><ent r="3" t="45" w="173" /><ent r="3" t="46" w="301" /><ent r="3" t="46" w="377" /><ent r="3" t="48" w="31" /><ent r="3" t="48" w="213" /><ent r="5" t="49" w="210" /><ent r="3" t="49" w="513" /><ent r="3" t="49" w="599" /></phr></stem><stem n="cmd-line"><phr n="cmd-line"><ent r="8" t="5" w="154" /><ent r="6" t="5" w="158" /><ent r="8" t="5" w="230" /><ent r="3" t="13" w="99" /><ent r="3" t="13" w="298" /><ent r="3" t="14" w="781" /><ent r="3" t="40" w="21" /><ent r="3" t="44" w="452" /><ent r="3" t="44" w="711" /><ent r="3" t="45" w="102" /><ent r="3" t="46" w="301" /><ent r="3" t="48" w="31" /><ent r="3" t="49" w="513" /></phr></stem><stem n="&quot;cmd-line&quot;"><phr n="&quot;cmd-line&quot;"><ent r="6" t="5" w="160" /><ent r="3" t="14" w="783" /><ent r="3" t="44" w="454" /><ent r="3" t="44" w="713" /><ent r="3" t="45" w="104" /><ent r="3" t="48" w="33" /><ent r="3" t="49" w="515" /></phr></stem><stem n=":custom"><phr n=":Custom"><ent r="100" t="5" w="169" /><ent r="100" t="39" w="45" /><ent r="100" t="50" w="46" /></phr><phr n=":Customizing"><ent r="100" t="10" w="10" /><ent r="100" t="65" w="10" /></phr></stem><stem n="packag"><phr n="package"><ent r="6" t="5" w="236" /><ent r="6" t="5" w="249" /><ent r="6" t="5" w="278" /><ent r="6" t="5" w="287" /><ent r="6" t="5" w="292" /><ent r="6" t="5" w="326" /><ent r="3" t="5" w="749" /><ent r="5" t="5" w="1246" /><ent r="4" t="5" w="1280" /><ent r="4" t="5" w="1304" /><ent r="3" t="5" w="1366" /><ent r="3" t="5" w="1392" /><ent r="3" t="5" w="1417" /><ent r="3" t="14" w="155" /><ent r="3" t="14" w="783" /><ent r="3" t="20" w="329" /><ent r="3" t="22" w="1287" /><ent r="3" t="27" w="95" /><ent r="3" t="32" w="124" /><ent r="3" t="39" w="128" /><ent r="3" t="44" w="454" /><ent r="3" t="44" w="713" /><ent r="3" t="45" w="104" /><ent r="3" t="46" w="303" /><ent r="3" t="48" w="33" /><ent r="3" t="49" w="515" /><ent r="5" t="78" w="58" /><ent r="4" t="78" w="92" /><ent r="4" t="78" w="116" /><ent r="3" t="78" w="178" /><ent r="3" t="78" w="204" /><ent r="3" t="78" w="229" /></phr><phr n="packaged"><ent r="3" t="62" w="99" /></phr></stem><stem n="up"><phr n="up"><ent r="6" t="5" w="252" /><ent r="6" t="16" w="606" /><ent r="6" t="16" w="750" /><ent r="3" t="16" w="1942" /><ent r="3" t="16" w="1957" /><ent r="4" t="16" w="2029" /><ent r="4" t="18" w="178" /><ent r="3" t="22" w="929" /><ent r="82" t="22" w="1043" /><ent r="6" t="24" w="2626" /><ent r="4" t="25" w="211" /><ent r="3" t="28" w="247" /><ent r="3" t="34" w="1048" /><ent r="3" t="37" w="1287" /><ent r="3" t="37" w="2545" /><ent r="3" t="37" w="3261" /><ent r="3" t="37" w="3552" /><ent r="3" t="58" w="92" /><ent r="3" t="61" w="73" /><ent r="3" t="63" w="11" /><ent r="6" t="70" w="1122" /><ent r="6" t="70" w="1387" /></phr><phr n="UPS"><ent r="5" t="9" w="46" /><ent r="5" t="9" w="88" /><ent r="5" t="9" w="94" /><ent r="5" t="9" w="147" /><ent r="5" t="9" w="206" /><ent r="5" t="9" w="310" /><ent r="5" t="9" w="742" /><ent r="5" t="9" w="783" /><ent r="5" t="9" w="830" /><ent r="100" t="18" w="118" /><ent r="100" t="18" w="122" /><ent r="4" t="18" w="135" /><ent r="100" t="25" w="153" /><ent r="100" t="25" w="157" /><ent r="4" t="25" w="170" /></phr><phr n="Up"><ent r="3" t="33" w="225" /></phr><phr n="UP"><ent r="100" t="35" w="291" /><ent r="4" t="35" w="293" /><ent r="3" t="47" w="142" /><ent r="3" t="47" w="144" /><ent r="3" t="47" w="146" /></phr></stem><stem n="domain"><phr n="domain"><ent r="6" t="5" w="255" /><ent r="4" t="5" w="1288" /><ent r="100" t="71" w="427" /><ent r="4" t="71" w="432" /><ent r="3" t="71" w="444" /><ent r="3" t="71" w="457" /><ent r="3" t="71" w="471" /><ent r="4" t="78" w="100" /></phr></stem><stem n="organ"><phr n="organization"><ent r="6" t="5" w="259" /><ent r="5" t="5" w="418" /><ent r="4" t="5" w="1254" /><ent r="4" t="5" w="1285" /><ent r="4" t="78" w="66" /><ent r="4" t="78" w="97" /></phr><phr n="organizations"><ent r="6" t="5" w="297" /><ent r="4" t="5" w="1309" /><ent r="4" t="78" w="121" /></phr><phr n="ORGANIZATION"><ent r="3" t="33" w="91" /></phr></stem><stem n="label"><phr n="labels"><ent r="6" t="5" w="266" /></phr><phr n="label"><ent r="4" t="8" w="208" /><ent r="5" t="13" w="320" /><ent r="5" t="13" w="646" /><ent r="5" t="13" w="1292" /><ent r="4" t="16" w="995" /><ent r="3" t="33" w="257" /><ent r="3" t="35" w="1144" /><ent r="3" t="35" w="1167" /><ent r="3" t="35" w="1204" /><ent r="4" t="37" w="2698" /><ent r="3" t="37" w="2797" /><ent r="4" t="37" w="3053" /><ent r="3" t="37" w="3177" /><ent r="3" t="37" w="4265" /><ent r="3" t="47" w="585" /></phr><phr n="Label"><ent r="100" t="35" w="186" /><ent r="100" t="35" w="196" /><ent r="100" t="35" w="1164" /><ent r="100" t="35" w="1186" /><ent r="82" t="35" w="1192" /></phr><phr n="Labels"><ent r="100" t="35" w="194" /><ent r="65" t="35" w="199" /><ent r="92" t="35" w="1137" /><ent r="3" t="35" w="1159" /><ent r="4" t="35" w="1170" /></phr></stem><stem n="revers"><phr n="reversed"><ent r="6" t="5" w="267" /><ent r="4" t="5" w="1293" /><ent r="4" t="78" w="105" /></phr></stem><stem n=".dartwar"><phr n=".dartware"><ent r="100" t="5" w="285" /><ent r="100" t="5" w="1262" /><ent r="100" t="39" w="85" /><ent r="100" t="78" w="74" /></phr></stem><stem n="com.dartwar"><phr n="Com.dartware"><ent r="100" t="5" w="285" /><ent r="100" t="5" w="284" /><ent r="100" t="5" w="316" /><ent r="100" t="5" w="315" /><ent r="100" t="5" w="1262" /><ent r="100" t="5" w="1261" /><ent r="100" t="5" w="1354" /><ent r="100" t="5" w="1353" /><ent r="100" t="39" w="85" /><ent r="100" t="39" w="84" /><ent r="100" t="39" w="91" /><ent r="100" t="39" w="90" /><ent r="100" t="78" w="74" /><ent r="100" t="78" w="73" /><ent r="100" t="78" w="166" /><ent r="100" t="78" w="165" /></phr><phr n="com.dartware"><ent r="6" t="5" w="289" /><ent r="6" t="5" w="288" /><ent r="6" t="5" w="345" /><ent r="6" t="5" w="344" /><ent r="3" t="5" w="751" /><ent r="3" t="5" w="750" /><ent r="4" t="5" w="1307" /><ent r="4" t="5" w="1306" /><ent r="5" t="5" w="1359" /><ent r="5" t="5" w="1358" /><ent r="3" t="5" w="1419" /><ent r="3" t="5" w="1418" /><ent r="3" t="14" w="58" /><ent r="3" t="14" w="57" /><ent r="3" t="14" w="157" /><ent r="3" t="14" w="156" /><ent r="3" t="14" w="736" /><ent r="3" t="14" w="735" /><ent r="3" t="14" w="785" /><ent r="3" t="14" w="784" /><ent r="3" t="20" w="295" /><ent r="3" t="20" w="294" /><ent r="3" t="20" w="331" /><ent r="3" t="20" w="330" /><ent r="3" t="22" w="1289" /><ent r="3" t="22" w="1288" /><ent r="3" t="27" w="15" /><ent r="3" t="27" w="14" /><ent r="3" t="27" w="97" /><ent r="3" t="27" w="96" /><ent r="3" t="32" w="26" /><ent r="3" t="32" w="25" /><ent r="3" t="32" w="126" /><ent r="3" t="32" w="125" /><ent r="3" t="39" w="98" /><ent r="3" t="39" w="97" /><ent r="3" t="39" w="130" /><ent r="3" t="39" w="129" /><ent r="4" t="44" w="215" /><ent r="4" t="44" w="214" /><ent r="4" t="44" w="286" /><ent r="4" t="44" w="285" /><ent r="3" t="44" w="436" /><ent r="3" t="44" w="435" /><ent r="3" t="44" w="456" /><ent r="3" t="44" w="455" /><ent r="3" t="44" w="715" /><ent r="3" t="44" w="714" /><ent r="3" t="45" w="88" /><ent r="3" t="45" w="87" /><ent r="3" t="45" w="106" /><ent r="3" t="45" w="105" /><ent r="3" t="46" w="226" /><ent r="3" t="46" w="225" /><ent r="3" t="46" w="305" /><ent r="3" t="46" w="304" /><ent r="3" t="48" w="17" /><ent r="3" t="48" w="16" /><ent r="3" t="48" w="35" /><ent r="3" t="48" w="34" /><ent r="3" t="49" w="488" /><ent r="3" t="49" w="487" /><ent r="3" t="49" w="517" /><ent r="3" t="49" w="516" /><ent r="3" t="54" w="134" /><ent r="3" t="54" w="133" /><ent r="4" t="78" w="119" /><ent r="4" t="78" w="118" /><ent r="5" t="78" w="171" /><ent r="5" t="78" w="170" /><ent r="3" t="78" w="231" /><ent r="3" t="78" w="230" /></phr></stem><stem n="&quot;com.dartware&quot;"><phr n="&quot;com.dartware&quot;"><ent r="6" t="5" w="290" /><ent r="3" t="5" w="752" /><ent r="3" t="5" w="1420" /><ent r="3" t="14" w="158" /><ent r="3" t="14" w="786" /><ent r="3" t="20" w="332" /><ent r="3" t="22" w="1290" /><ent r="3" t="27" w="98" /><ent r="3" t="32" w="127" /><ent r="3" t="39" w="131" /><ent r="3" t="44" w="457" /><ent r="3" t="44" w="716" /><ent r="3" t="45" w="107" /><ent r="3" t="48" w="36" /><ent r="3" t="49" w="518" /><ent r="3" t="78" w="232" /></phr></stem><stem n="guarante"><phr n="guarantees"><ent r="6" t="5" w="294" /><ent r="3" t="28" w="241" /></phr></stem><stem n="concern"><phr n="concern"><ent r="6" t="5" w="302" /></phr></stem><stem n="conflict"><phr n="conflict"><ent r="6" t="5" w="308" /></phr><phr n="conflicts"><ent r="3" t="26" w="999" /><ent r="92" t="51" w="53" /></phr></stem><stem n=".custom"><phr n=".custom"><ent r="100" t="5" w="313" /><ent r="100" t="5" w="1351" /><ent r="100" t="39" w="88" /><ent r="100" t="78" w="163" /></phr></stem><stem n="tcp.custom"><phr n="Tcp.custom"><ent r="100" t="5" w="313" /><ent r="100" t="5" w="312" /><ent r="100" t="5" w="1351" /><ent r="100" t="5" w="1350" /><ent r="100" t="39" w="88" /><ent r="100" t="39" w="87" /><ent r="100" t="78" w="163" /><ent r="100" t="78" w="162" /></phr><phr n="tcp.custom"><ent r="3" t="5" w="1423" /><ent r="3" t="5" w="1422" /><ent r="3" t="39" w="138" /><ent r="3" t="39" w="137" /><ent r="3" t="78" w="235" /><ent r="3" t="78" w="234" /></phr></stem><stem n="com.dartware.tcp"><phr n="Com.dartware.tcp"><ent r="100" t="5" w="317" /><ent r="100" t="5" w="315" /><ent r="100" t="5" w="1355" /><ent r="100" t="5" w="1353" /><ent r="100" t="39" w="92" /><ent r="100" t="39" w="90" /><ent r="100" t="78" w="167" /><ent r="100" t="78" w="165" /></phr><phr n="com.dartware.tcp"><ent r="6" t="5" w="346" /><ent r="6" t="5" w="344" /><ent r="5" t="5" w="1360" /><ent r="5" t="5" w="1358" /><ent r="3" t="39" w="99" /><ent r="3" t="39" w="97" /><ent r="5" t="78" w="172" /><ent r="5" t="78" w="170" /></phr></stem><stem n=".dartware.tcp.custom"><phr n=".dartware.tcp.custom"><ent r="100" t="5" w="318" /><ent r="100" t="5" w="1356" /><ent r="5" t="5" w="1361" /><ent r="100" t="39" w="93" /><ent r="100" t="78" w="168" /><ent r="5" t="78" w="173" /></phr></stem><stem n="com.dartware.tcp.custom"><phr n="Com.dartware.tcp.custom"><ent r="100" t="5" w="318" /><ent r="100" t="5" w="315" /><ent r="100" t="5" w="1356" /><ent r="100" t="5" w="1353" /><ent r="100" t="39" w="93" /><ent r="100" t="39" w="90" /><ent r="100" t="78" w="168" /><ent r="100" t="78" w="165" /></phr><phr n="com.dartware.tcp.custom"><ent r="6" t="5" w="347" /><ent r="6" t="5" w="344" /><ent r="5" t="5" w="1361" /><ent r="5" t="5" w="1358" /><ent r="3" t="39" w="100" /><ent r="3" t="39" w="97" /><ent r="5" t="78" w="173" /><ent r="5" t="78" w="170" /></phr></stem><stem n="_name"><phr n="_name"><ent r="100" t="5" w="321" /><ent r="6" t="5" w="398" /><ent r="5" t="5" w="411" /><ent r="100" t="5" w="423" /><ent r="6" t="5" w="426" /><ent r="100" t="5" w="522" /><ent r="6" t="5" w="525" /><ent r="6" t="5" w="534" /><ent r="6" t="5" w="563" /><ent r="6" t="5" w="574" /><ent r="3" t="14" w="103" /><ent r="3" t="14" w="787" /><ent r="3" t="14" w="791" /><ent r="3" t="14" w="803" /><ent r="3" t="20" w="353" /><ent r="3" t="22" w="1291" /><ent r="3" t="22" w="1295" /><ent r="100" t="35" w="1165" /><ent r="100" t="39" w="133" /><ent r="3" t="39" w="136" /><ent r="100" t="39" w="141" /><ent r="3" t="39" w="144" /><ent r="3" t="44" w="458" /><ent r="3" t="44" w="463" /><ent r="3" t="44" w="473" /><ent r="3" t="44" w="717" /><ent r="3" t="44" w="722" /><ent r="3" t="44" w="732" /><ent r="3" t="45" w="108" /><ent r="3" t="45" w="112" /><ent r="3" t="46" w="284" /><ent r="3" t="46" w="321" /><ent r="3" t="48" w="37" /><ent r="3" t="48" w="41" /><ent r="3" t="48" w="51" /><ent r="3" t="49" w="519" /><ent r="3" t="49" w="523" /><ent r="3" t="49" w="534" /><ent r="100" t="68" w="758" /></phr></stem><stem n="probe_nam"><phr n="Probe_name"><ent r="100" t="5" w="321" /><ent r="100" t="5" w="320" /><ent r="100" t="39" w="133" /><ent r="100" t="39" w="132" /></phr><phr n="probe_name"><ent r="6" t="5" w="328" /><ent r="6" t="5" w="327" /><ent r="6" t="5" w="398" /><ent r="6" t="5" w="397" /><ent r="5" t="5" w="411" /><ent r="5" t="5" w="410" /><ent r="3" t="5" w="754" /><ent r="3" t="5" w="753" /><ent r="3" t="14" w="160" /><ent r="3" t="14" w="159" /><ent r="3" t="14" w="787" /><ent r="3" t="14" w="786" /><ent r="3" t="20" w="333" /><ent r="3" t="20" w="332" /><ent r="3" t="22" w="1291" /><ent r="3" t="22" w="1290" /><ent r="3" t="27" w="99" /><ent r="3" t="27" w="98" /><ent r="3" t="32" w="128" /><ent r="3" t="32" w="127" /><ent r="3" t="39" w="136" /><ent r="3" t="39" w="135" /><ent r="3" t="44" w="458" /><ent r="3" t="44" w="457" /><ent r="3" t="44" w="717" /><ent r="3" t="44" w="716" /><ent r="3" t="45" w="108" /><ent r="3" t="45" w="107" /><ent r="3" t="46" w="307" /><ent r="3" t="46" w="306" /><ent r="3" t="48" w="37" /><ent r="3" t="48" w="36" /><ent r="3" t="49" w="519" /><ent r="3" t="49" w="518" /></phr></stem><stem n="combin"><phr n="combination"><ent r="6" t="5" w="324" /><ent r="3" t="5" w="1389" /><ent r="3" t="26" w="925" /><ent r="3" t="39" w="249" /><ent r="3" t="78" w="201" /></phr><phr n="combined"><ent r="4" t="24" w="749" /><ent r="3" t="24" w="1140" /></phr><phr n="combine"><ent r="3" t="64" w="425" /><ent r="4" t="70" w="1566" /></phr></stem><stem n="[package].[probe_name]"><phr n="[package].[probe_name]"><ent r="6" t="5" w="329" /></phr></stem><stem n="togeth"><phr n="together"><ent r="6" t="5" w="329" /></phr></stem><stem n="(in"><phr n="(In"><ent r="6" t="5" w="336" /></phr><phr n="(in"><ent r="4" t="8" w="305" /><ent r="4" t="16" w="2023" /><ent r="3" t="21" w="458" /><ent r="3" t="34" w="630" /><ent r="3" t="35" w="1251" /><ent r="3" t="37" w="4576" /><ent r="3" t="44" w="298" /></phr></stem><stem n="&quot;com.dartware.tcp.custom&quot;)"><phr n="&quot;com.dartware.tcp.custom&quot;)"><ent r="6" t="5" w="348" /></phr></stem><stem n="hold"><phr n="holds"><ent r="6" t="5" w="356" /><ent r="4" t="15" w="231" /></phr><phr n="hold"><ent r="3" t="10" w="370" /><ent r="3" t="10" w="428" /><ent r="4" t="19" w="191" /><ent r="4" t="19" w="240" /><ent r="3" t="38" w="234" /></phr></stem><stem n="good"><phr n="good"><ent r="6" t="5" w="377" /><ent r="3" t="14" w="1044" /><ent r="3" t="14" w="1224" /><ent r="3" t="14" w="1286" /><ent r="3" t="40" w="570" /><ent r="3" t="44" w="334" /><ent r="3" t="46" w="37" /><ent r="3" t="61" w="20" /></phr></stem><stem n="idea"><phr n="idea"><ent r="6" t="5" w="378" /></phr></stem><stem n="second"><phr n="second"><ent r="5" t="5" w="401" /><ent r="7" t="8" w="464" /><ent r="7" t="8" w="471" /><ent r="7" t="8" w="478" /><ent r="7" t="8" w="485" /><ent r="7" t="8" w="506" /><ent r="7" t="8" w="513" /><ent r="7" t="8" w="520" /><ent r="7" t="8" w="527" /><ent r="7" t="8" w="534" /><ent r="5" t="9" w="473" /><ent r="5" t="9" w="482" /><ent r="100" t="16" w="520" /><ent r="7" t="16" w="756" /><ent r="4" t="16" w="1407" /><ent r="4" t="16" w="1419" /><ent r="4" t="19" w="786" /><ent r="4" t="24" w="3013" /><ent r="4" t="29" w="293" /><ent r="3" t="29" w="705" /><ent r="4" t="35" w="828" /><ent r="3" t="37" w="1293" /><ent r="3" t="37" w="3395" /><ent r="4" t="69" w="239" /><ent r="6" t="70" w="1921" /></phr><phr n="seconds"><ent r="6" t="5" w="669" /><ent r="7" t="8" w="433" /><ent r="5" t="13" w="1104" /><ent r="5" t="13" w="1187" /><ent r="3" t="14" w="669" /><ent r="4" t="24" w="645" /><ent r="4" t="24" w="808" /><ent r="3" t="24" w="1647" /><ent r="3" t="24" w="1893" /><ent r="3" t="34" w="127" /><ent r="3" t="35" w="1210" /><ent r="4" t="37" w="737" /><ent r="4" t="37" w="911" /><ent r="3" t="37" w="1278" /><ent r="3" t="37" w="2963" /><ent r="3" t="37" w="3693" /><ent r="3" t="37" w="3713" /><ent r="3" t="37" w="3739" /><ent r="3" t="37" w="3766" /><ent r="3" t="37" w="3888" /><ent r="3" t="37" w="4116" /><ent r="3" t="37" w="4159" /><ent r="3" t="37" w="4252" /><ent r="3" t="39" w="286" /><ent r="3" t="39" w="302" /><ent r="3" t="39" w="581" /><ent r="4" t="55" w="310" /><ent r="4" t="55" w="320" /></phr><phr n="Seconds"><ent r="100" t="7" w="109" /><ent r="3" t="7" w="159" /><ent r="100" t="39" w="28" /><ent r="3" t="39" w="278" /><ent r="3" t="39" w="431" /><ent r="3" t="39" w="471" /><ent r="3" t="39" w="578" /></phr><phr n="SECOND"><ent r="3" t="13" w="2083" /><ent r="3" t="14" w="406" /><ent r="3" t="14" w="498" /><ent r="3" t="14" w="702" /><ent r="3" t="16" w="136" /><ent r="100" t="16" w="529" /><ent r="4" t="29" w="792" /></phr><phr n="Second"><ent r="9" t="16" w="942" /><ent r="3" t="20" w="250" /><ent r="3" t="20" w="456" /><ent r="3" t="20" w="491" /><ent r="3" t="20" w="523" /><ent r="3" t="20" w="553" /><ent r="4" t="24" w="1754" /><ent r="3" t="29" w="725" /></phr></stem></index>