<?xml version="1.0" encoding="utf-8"?><index><stem n="add"><phr n="add"><ent r="3" t="0" w="136" /><ent r="6" t="5" w="550" /><ent r="5" t="5" w="605" /><ent r="4" t="11" w="147" /><ent r="3" t="13" w="1551" /><ent r="3" t="14" w="1295" /><ent r="3" t="19" w="1764" /><ent r="3" t="35" w="1630" /><ent r="3" t="35" w="1667" /><ent r="3" t="35" w="1732" /><ent r="3" t="49" w="819" /><ent r="3" t="56" w="701" /></phr><phr n="Add"><ent r="6" t="5" w="1072" /><ent r="3" t="32" w="394" /><ent r="3" t="32" w="549" /><ent r="100" t="35" w="226" /><ent r="100" t="35" w="228" /><ent r="4" t="35" w="1636" /><ent r="4" t="35" w="1647" /><ent r="100" t="37" w="39" /><ent r="6" t="37" w="825" /><ent r="5" t="37" w="2531" /><ent r="4" t="47" w="297" /><ent r="4" t="50" w="148" /><ent r="4" t="56" w="745" /><ent r="4" t="56" w="749" /></phr><phr n="adds"><ent r="5" t="13" w="227" /><ent r="5" t="13" w="266" /><ent r="3" t="13" w="590" /><ent r="3" t="14" w="872" /><ent r="3" t="37" w="2534" /><ent r="4" t="37" w="2577" /><ent r="4" t="37" w="2629" /></phr><phr n="Adds"><ent r="4" t="37" w="827" /></phr></stem><stem n="power"><phr n="power"><ent r="3" t="0" w="137" /><ent r="7" t="8" w="551" /><ent r="7" t="8" w="558" /><ent r="3" t="22" w="960" /><ent r="4" t="24" w="588" /><ent r="4" t="24" w="606" /></phr><phr n="powerful"><ent r="3" t="34" w="881" /></phr></stem><stem n="flexibl"><phr n="flexibility"><ent r="3" t="0" w="139" /></phr></stem><stem n="http"><phr n="HTTP"><ent r="64" t="0" w="146" /><ent r="3" t="0" w="152" /><ent r="5" t="9" w="100" /><ent r="5" t="9" w="138" /><ent r="5" t="9" w="143" /><ent r="5" t="9" w="236" /><ent r="5" t="9" w="261" /><ent r="5" t="9" w="266" /><ent r="5" t="9" w="269" /><ent r="5" t="9" w="274" /><ent r="5" t="9" w="277" /><ent r="5" t="9" w="282" /><ent r="5" t="9" w="285" /><ent r="5" t="9" w="291" /><ent r="5" t="9" w="298" /><ent r="5" t="9" w="306" /><ent r="3" t="34" w="57" /><ent r="3" t="34" w="70" /><ent r="3" t="37" w="1555" /><ent r="3" t="37" w="1601" /><ent r="4" t="37" w="2266" /><ent r="3" t="37" w="3422" /><ent r="1000" t="57" w="2" /><ent r="102" t="57" w="7" /><ent r="3" t="57" w="14" /><ent r="3" t="57" w="40" /><ent r="3" t="57" w="61" /><ent r="4" t="57" w="113" /><ent r="3" t="57" w="159" /><ent r="3" t="57" w="207" /><ent r="3" t="58" w="23" /><ent r="3" t="58" w="211" /><ent r="82" t="58" w="309" /><ent r="3" t="58" w="318" /><ent r="3" t="58" w="350" /><ent r="3" t="58" w="411" /><ent r="3" t="58" w="465" /><ent r="3" t="59" w="21" /><ent r="3" t="59" w="288" /><ent r="1000" t="60" w="3" /><ent r="102" t="60" w="7" /><ent r="4" t="60" w="119" /><ent r="1000" t="61" w="1" /><ent r="102" t="61" w="6" /><ent r="3" t="61" w="28" /><ent r="6" t="70" w="2011" /><ent r="6" t="70" w="2017" /><ent r="6" t="70" w="2039" /><ent r="6" t="70" w="2092" /><ent r="65" t="74" w="105" /></phr><phr n="http"><ent r="64" t="1" w="750" /><ent r="6" t="5" w="646" /><ent r="7" t="11" w="398" /><ent r="7" t="11" w="404" /><ent r="7" t="11" w="410" /><ent r="4" t="11" w="481" /><ent r="3" t="14" w="66" /><ent r="3" t="20" w="302" /><ent r="64" t="26" w="470" /><ent r="3" t="27" w="23" /><ent r="3" t="27" w="82" /><ent r="3" t="32" w="33" /><ent r="3" t="32" w="343" /><ent r="3" t="32" w="360" /><ent r="3" t="44" w="872" /><ent r="64" t="45" w="231" /><ent r="64" t="46" w="78" /><ent r="3" t="46" w="234" /><ent r="64" t="47" w="27" /><ent r="64" t="47" w="225" /><ent r="64" t="47" w="402" /><ent r="64" t="47" w="706" /><ent r="3" t="48" w="180" /><ent r="3" t="49" w="571" /><ent r="3" t="49" w="578" /><ent r="3" t="49" w="689" /><ent r="3" t="49" w="789" /><ent r="64" t="49" w="981" /><ent r="64" t="49" w="993" /><ent r="64" t="49" w="1019" /><ent r="65" t="52" w="128" /><ent r="3" t="55" w="965" /><ent r="3" t="58" w="178" /><ent r="3" t="58" w="182" /><ent r="3" t="58" w="362" /><ent r="3" t="58" w="417" /><ent r="3" t="58" w="495" /><ent r="3" t="59" w="111" /><ent r="3" t="59" w="181" /><ent r="3" t="59" w="217" /><ent r="3" t="59" w="241" /><ent r="3" t="59" w="300" /><ent r="3" t="59" w="411" /><ent r="3" t="60" w="29" /><ent r="3" t="60" w="148" /><ent r="3" t="60" w="186" /><ent r="3" t="60" w="214" /><ent r="3" t="61" w="564" /><ent r="3" t="61" w="694" /><ent r="3" t="61" w="858" /><ent r="3" t="61" w="1195" /><ent r="3" t="61" w="1198" /><ent r="3" t="61" w="1204" /><ent r="3" t="61" w="1212" /><ent r="3" t="61" w="1219" /><ent r="3" t="61" w="1222" /><ent r="3" t="61" w="1230" /><ent r="3" t="61" w="1234" /><ent r="3" t="61" w="1243" /><ent r="3" t="61" w="1338" /><ent r="64" t="62" w="114" /><ent r="64" t="63" w="42" /><ent r="7" t="70" w="856" /><ent r="100" t="70" w="1668" /><ent r="7" t="70" w="1672" /><ent r="4" t="70" w="1838" /><ent r="7" t="70" w="2053" /><ent r="7" t="70" w="2121" /><ent r="3" t="71" w="147" /><ent r="3" t="71" w="205" /><ent r="3" t="71" w="281" /><ent r="4" t="71" w="430" /><ent r="3" t="71" w="442" /><ent r="3" t="71" w="455" /><ent r="3" t="71" w="469" /><ent r="5" t="73" w="69" /><ent r="5" t="73" w="88" /><ent r="64" t="75" w="29" /></phr><phr n="HTTPS"><ent r="5" t="9" w="135" /><ent r="5" t="9" w="294" /><ent r="5" t="9" w="301" /><ent r="3" t="37" w="1399" /><ent r="3" t="58" w="425" /><ent r="3" t="58" w="448" /></phr><phr n="https"><ent r="3" t="58" w="180" /><ent r="3" t="58" w="432" /><ent r="3" t="61" w="1335" /><ent r="64" t="63" w="24" /></phr></stem><stem n="api"><phr n="API"><ent r="64" t="0" w="147" /><ent r="3" t="0" w="153" /><ent r="92" t="40" w="588" /><ent r="1000" t="57" w="3" /><ent r="102" t="57" w="8" /><ent r="3" t="57" w="15" /><ent r="3" t="57" w="32" /><ent r="3" t="57" w="62" /><ent r="3" t="57" w="129" /><ent r="3" t="57" w="160" /><ent r="3" t="57" w="208" /><ent r="3" t="58" w="24" /><ent r="3" t="58" w="466" /><ent r="3" t="59" w="22" /><ent r="4" t="60" w="120" /><ent r="1000" t="61" w="2" /><ent r="102" t="61" w="7" /><ent r="3" t="61" w="29" /><ent r="65" t="74" w="106" /></phr></stem><stem n="import"><phr n="import"><ent r="3" t="0" w="160" /><ent r="3" t="4" w="731" /><ent r="3" t="14" w="1177" /><ent r="3" t="14" w="1179" /><ent r="3" t="14" w="1181" /><ent r="4" t="40" w="1042" /><ent r="3" t="44" w="110" /><ent r="3" t="44" w="581" /><ent r="3" t="44" w="583" /><ent r="3" t="46" w="439" /><ent r="3" t="46" w="470" /><ent r="3" t="49" w="707" /><ent r="3" t="49" w="709" /><ent r="3" t="49" w="711" /><ent r="3" t="49" w="713" /><ent r="3" t="49" w="715" /><ent r="3" t="49" w="717" /><ent r="3" t="49" w="719" /><ent r="3" t="49" w="724" /><ent r="4" t="50" w="104" /><ent r="4" t="50" w="250" /><ent r="3" t="57" w="188" /><ent r="3" t="58" w="314" /><ent r="3" t="58" w="347" /><ent r="3" t="58" w="458" /><ent r="3" t="58" w="474" /><ent r="3" t="59" w="47" /><ent r="3" t="59" w="283" /><ent r="3" t="59" w="332" /><ent r="3" t="59" w="392" /><ent r="3" t="59" w="409" /></phr><phr n="imported"><ent r="4" t="16" w="491" /><ent r="3" t="16" w="2039" /><ent r="3" t="16" w="2101" /><ent r="3" t="26" w="37" /><ent r="3" t="27" w="180" /><ent r="3" t="29" w="956" /><ent r="3" t="58" w="53" /><ent r="3" t="59" w="357" /><ent r="4" t="77" w="77" /></phr><phr n="important"><ent r="4" t="17" w="248" /><ent r="3" t="22" w="493" /><ent r="3" t="67" w="168" /></phr><phr n="IMPORTS"><ent r="3" t="33" w="70" /></phr><phr n="Import"><ent r="4" t="40" w="1069" /><ent r="5" t="50" w="71" /><ent r="5" t="57" w="65" /><ent r="5" t="57" w="79" /><ent r="4" t="57" w="98" /><ent r="3" t="59" w="11" /><ent r="3" t="59" w="28" /><ent r="4" t="59" w="89" /><ent r="3" t="59" w="374" /></phr><phr n="importing"><ent r="4" t="50" w="136" /><ent r="3" t="57" w="29" /><ent r="3" t="59" w="103" /><ent r="3" t="59" w="370" /></phr><phr n="Importing"><ent r="64" t="57" w="167" /><ent r="64" t="57" w="182" /><ent r="1000" t="58" w="1" /><ent r="102" t="58" w="5" /><ent r="1000" t="59" w="1" /><ent r="102" t="59" w="5" /><ent r="82" t="59" w="273" /></phr><phr n="imports"><ent r="82" t="58" w="311" /></phr></stem><stem n="export"><phr n="export"><ent r="3" t="0" w="162" /><ent r="3" t="57" w="190" /><ent r="3" t="59" w="49" /><ent r="3" t="59" w="175" /></phr><phr n="exporting"><ent r="3" t="57" w="27" /><ent r="3" t="59" w="105" /></phr><phr n="Export"><ent r="5" t="57" w="66" /><ent r="5" t="57" w="80" /><ent r="4" t="57" w="100" /><ent r="3" t="59" w="12" /><ent r="3" t="59" w="33" /><ent r="4" t="59" w="90" /></phr><phr n="Exporting"><ent r="64" t="57" w="168" /><ent r="64" t="57" w="183" /><ent r="1000" t="58" w="2" /><ent r="102" t="58" w="6" /><ent r="1000" t="59" w="2" /><ent r="102" t="59" w="6" /></phr><phr n="exported"><ent r="3" t="58" w="50" /></phr></stem><stem n="file"><phr n="files"><ent r="3" t="0" w="163" /><ent r="4" t="3" w="112" /><ent r="3" t="3" w="116" /><ent r="3" t="3" w="550" /><ent r="3" t="4" w="20" /><ent r="3" t="4" w="728" /><ent r="3" t="5" w="1209" /><ent r="3" t="5" w="1232" /><ent r="4" t="5" w="1257" /><ent r="3" t="11" w="110" /><ent r="3" t="12" w="16" /><ent r="3" t="15" w="269" /><ent r="3" t="26" w="307" /><ent r="4" t="26" w="595" /><ent r="3" t="34" w="179" /><ent r="3" t="35" w="1737" /><ent r="3" t="40" w="111" /><ent r="3" t="44" w="163" /><ent r="4" t="47" w="318" /><ent r="4" t="49" w="357" /><ent r="3" t="56" w="712" /><ent r="4" t="57" w="71" /><ent r="3" t="58" w="12" /><ent r="3" t="58" w="89" /><ent r="3" t="58" w="95" /><ent r="3" t="58" w="131" /><ent r="3" t="58" w="226" /><ent r="3" t="58" w="242" /><ent r="3" t="58" w="316" /><ent r="3" t="61" w="150" /><ent r="3" t="61" w="580" /><ent r="3" t="61" w="1100" /><ent r="3" t="65" w="55" /><ent r="3" t="65" w="79" /><ent r="66" t="65" w="154" /><ent r="66" t="65" w="170" /><ent r="4" t="65" w="185" /><ent r="4" t="65" w="220" /><ent r="4" t="65" w="256" /><ent r="3" t="65" w="268" /><ent r="3" t="65" w="272" /><ent r="3" t="65" w="325" /><ent r="4" t="65" w="343" /><ent r="3" t="66" w="522" /><ent r="3" t="66" w="545" /><ent r="3" t="66" w="646" /><ent r="4" t="67" w="25" /><ent r="3" t="67" w="54" /><ent r="6" t="68" w="385" /><ent r="7" t="68" w="414" /><ent r="7" t="68" w="435" /><ent r="7" t="68" w="499" /><ent r="7" t="68" w="519" /><ent r="7" t="68" w="525" /><ent r="7" t="68" w="545" /><ent r="3" t="69" w="71" /><ent r="3" t="69" w="93" /><ent r="3" t="70" w="122" /><ent r="3" t="70" w="125" /><ent r="3" t="70" w="129" /><ent r="6" t="70" w="1244" /><ent r="3" t="71" w="12" /><ent r="3" t="71" w="15" /><ent r="3" t="71" w="61" /><ent r="3" t="71" w="132" /><ent r="3" t="71" w="189" /><ent r="3" t="71" w="369" /><ent r="3" t="78" w="25" /><ent r="3" t="78" w="44" /><ent r="4" t="78" w="69" /></phr><phr n="file"><ent r="3" t="3" w="165" /><ent r="3" t="3" w="561" /><ent r="64" t="4" w="67" /><ent r="3" t="5" w="21" /><ent r="64" t="5" w="83" /><ent r="6" t="5" w="113" /><ent r="6" t="5" w="354" /><ent r="5" t="5" w="466" /><ent r="3" t="5" w="804" /><ent r="100" t="5" w="1268" /><ent r="100" t="5" w="1271" /><ent r="100" t="5" w="1274" /><ent r="4" t="5" w="1319" /><ent r="3" t="5" w="1344" /><ent r="3" t="5" w="1386" /><ent r="3" t="6" w="27" /><ent r="3" t="12" w="33" /><ent r="3" t="13" w="517" /><ent r="3" t="13" w="1535" /><ent r="3" t="13" w="2037" /><ent r="3" t="14" w="1242" /><ent r="4" t="15" w="138" /><ent r="4" t="15" w="180" /><ent r="3" t="16" w="2122" /><ent r="3" t="17" w="308" /><ent r="4" t="19" w="784" /><ent r="3" t="19" w="945" /><ent r="4" t="21" w="250" /><ent r="3" t="21" w="759" /><ent r="3" t="21" w="783" /><ent r="4" t="21" w="835" /><ent r="4" t="25" w="314" /><ent r="3" t="26" w="222" /><ent r="4" t="26" w="537" /><ent r="4" t="26" w="552" /><ent r="4" t="26" w="574" /><ent r="4" t="26" w="580" /><ent r="3" t="29" w="37" /><ent r="3" t="29" w="545" /><ent r="64" t="29" w="626" /><ent r="3" t="31" w="22" /><ent r="3" t="31" w="153" /><ent r="3" t="33" w="300" /><ent r="4" t="34" w="337" /><ent r="4" t="35" w="1316" /><ent r="4" t="35" w="1654" /><ent r="3" t="35" w="1744" /><ent r="3" t="36" w="23" /><ent r="3" t="40" w="322" /><ent r="3" t="40" w="550" /><ent r="4" t="40" w="695" /><ent r="3" t="44" w="53" /><ent r="3" t="44" w="149" /><ent r="3" t="44" w="302" /><ent r="4" t="46" w="189" /><ent r="4" t="47" w="274" /><ent r="4" t="49" w="282" /><ent r="4" t="49" w="295" /><ent r="4" t="49" w="312" /><ent r="4" t="49" w="365" /><ent r="3" t="49" w="466" /><ent r="3" t="49" w="972" /><ent r="4" t="50" w="61" /><ent r="4" t="50" w="94" /><ent r="4" t="50" w="100" /><ent r="4" t="50" w="264" /><ent r="4" t="50" w="279" /><ent r="3" t="54" w="126" /><ent r="100" t="55" w="8" /><ent r="4" t="55" w="255" /><ent r="4" t="55" w="761" /><ent r="3" t="56" w="34" /><ent r="3" t="56" w="74" /><ent r="3" t="56" w="119" /><ent r="3" t="56" w="130" /><ent r="3" t="56" w="139" /><ent r="3" t="56" w="532" /><ent r="3" t="57" w="179" /><ent r="3" t="58" w="105" /><ent r="82" t="58" w="310" /><ent r="3" t="58" w="329" /><ent r="3" t="58" w="373" /><ent r="3" t="58" w="379" /><ent r="3" t="58" w="477" /><ent r="3" t="58" w="494" /><ent r="3" t="58" w="501" /><ent r="3" t="59" w="31" /><ent r="3" t="59" w="36" /><ent r="4" t="59" w="131" /><ent r="4" t="59" w="140" /><ent r="4" t="59" w="148" /><ent r="3" t="59" w="237" /><ent r="3" t="59" w="318" /><ent r="3" t="59" w="351" /><ent r="3" t="59" w="360" /><ent r="3" t="59" w="410" /><ent r="3" t="59" w="415" /><ent r="3" t="61" w="555" /><ent r="3" t="61" w="661" /><ent r="3" t="61" w="667" /><ent r="3" t="61" w="838" /><ent r="3" t="61" w="897" /><ent r="3" t="61" w="1116" /><ent r="3" t="61" w="1121" /><ent r="3" t="61" w="1128" /><ent r="3" t="61" w="1130" /><ent r="3" t="61" w="1140" /><ent r="3" t="61" w="1156" /><ent r="3" t="65" w="95" /><ent r="4" t="65" w="100" /><ent r="3" t="65" w="109" /><ent r="4" t="65" w="120" /><ent r="3" t="65" w="124" /><ent r="4" t="66" w="33" /><ent r="3" t="66" w="47" /><ent r="3" t="66" w="64" /><ent r="4" t="66" w="173" /><ent r="3" t="66" w="453" /><ent r="3" t="66" w="524" /><ent r="3" t="67" w="37" /><ent r="3" t="67" w="86" /><ent r="4" t="67" w="185" /><ent r="4" t="67" w="198" /><ent r="4" t="67" w="205" /><ent r="100" t="67" w="230" /><ent r="4" t="67" w="239" /><ent r="4" t="67" w="260" /><ent r="6" t="68" w="73" /><ent r="6" t="68" w="78" /><ent r="6" t="68" w="102" /><ent r="6" t="68" w="167" /><ent r="6" t="68" w="266" /><ent r="6" t="68" w="282" /><ent r="6" t="68" w="300" /><ent r="6" t="68" w="308" /><ent r="6" t="68" w="348" /><ent r="7" t="68" w="458" /><ent r="7" t="68" w="595" /><ent r="6" t="68" w="614" /><ent r="6" t="68" w="643" /><ent r="6" t="68" w="681" /><ent r="7" t="70" w="141" /><ent r="6" t="70" w="149" /><ent r="6" t="70" w="157" /><ent r="7" t="70" w="631" /><ent r="6" t="70" w="640" /><ent r="6" t="70" w="1233" /><ent r="6" t="70" w="1880" /><ent r="3" t="71" w="172" /><ent r="3" t="71" w="239" /><ent r="3" t="71" w="324" /><ent r="3" t="71" w="341" /><ent r="3" t="71" w="347" /><ent r="100" t="71" w="356" /><ent r="3" t="71" w="360" /><ent r="3" t="71" w="388" /><ent r="3" t="71" w="394" /><ent r="3" t="72" w="30" /><ent r="3" t="72" w="43" /><ent r="3" t="72" w="51" /><ent r="100" t="72" w="74" /><ent r="100" t="72" w="78" /><ent r="3" t="72" w="85" /><ent r="3" t="72" w="94" /><ent r="4" t="77" w="105" /><ent r="100" t="78" w="80" /><ent r="100" t="78" w="83" /><ent r="100" t="78" w="86" /><ent r="4" t="78" w="131" /><ent r="3" t="78" w="159" /><ent r="3" t="78" w="198" /></phr><phr n="File"><ent r="100" t="4" w="16" /><ent r="64" t="4" w="716" /><ent r="64" t="4" w="722" /><ent r="67" t="5" w="382" /><ent r="67" t="5" w="388" /><ent r="92" t="5" w="1194" /><ent r="100" t="5" w="1200" /><ent r="92" t="5" w="1227" /><ent r="100" t="6" w="6" /><ent r="64" t="6" w="82" /><ent r="64" t="11" w="65" /><ent r="92" t="21" w="773" /><ent r="1000" t="22" w="3" /><ent r="102" t="22" w="8" /><ent r="65" t="22" w="447" /><ent r="64" t="35" w="134" /><ent r="1000" t="39" w="4" /><ent r="102" t="39" w="67" /><ent r="65" t="47" w="888" /><ent r="3" t="49" w="469" /><ent r="4" t="50" w="67" /><ent r="5" t="57" w="64" /><ent r="3" t="59" w="44" /><ent r="3" t="59" w="376" /><ent r="3" t="59" w="383" /><ent r="100" t="66" w="192" /><ent r="92" t="66" w="196" /><ent r="100" t="66" w="437" /><ent r="92" t="66" w="446" /><ent r="100" t="67" w="74" /><ent r="92" t="67" w="78" /><ent r="100" t="70" w="133" /><ent r="1000" t="78" w="4" /><ent r="102" t="78" w="10" /><ent r="100" t="78" w="16" /></phr><phr n="Files"><ent r="100" t="5" w="1204" /><ent r="5" t="46" w="127" /><ent r="100" t="50" w="32" /><ent r="64" t="57" w="169" /><ent r="1000" t="58" w="3" /><ent r="102" t="58" w="7" /><ent r="4" t="58" w="36" /><ent r="6" t="58" w="282" /><ent r="6" t="61" w="193" /><ent r="3" t="61" w="639" /><ent r="3" t="61" w="1070" /><ent r="100" t="65" w="300" /><ent r="100" t="65" w="305" /><ent r="100" t="65" w="310" /><ent r="92" t="65" w="317" /><ent r="1000" t="66" w="2" /><ent r="102" t="66" w="5" /><ent r="100" t="66" w="507" /><ent r="92" t="66" w="512" /><ent r="1000" t="67" w="2" /><ent r="100" t="67" w="5" /><ent r="102" t="67" w="8" /><ent r="100" t="71" w="289" /><ent r="92" t="71" w="295" /><ent r="1000" t="78" w="2" /><ent r="102" t="78" w="8" /><ent r="100" t="78" w="20" /></phr></stem><stem n="tabl"><phr n="tables"><ent r="3" t="0" w="165" /><ent r="6" t="5" w="961" /><ent r="6" t="5" w="1051" /><ent r="4" t="15" w="508" /><ent r="3" t="19" w="23" /><ent r="3" t="19" w="99" /><ent r="3" t="19" w="121" /><ent r="3" t="19" w="137" /><ent r="3" t="19" w="566" /><ent r="3" t="19" w="923" /><ent r="3" t="19" w="1033" /><ent r="3" t="19" w="1525" /><ent r="4" t="19" w="1879" /><ent r="4" t="19" w="1893" /><ent r="3" t="26" w="457" /><ent r="3" t="26" w="1028" /><ent r="4" t="57" w="86" /><ent r="3" t="59" w="53" /><ent r="3" t="59" w="62" /><ent r="3" t="59" w="80" /><ent r="3" t="59" w="194" /><ent r="3" t="64" w="26" /><ent r="3" t="64" w="53" /><ent r="3" t="64" w="85" /><ent r="3" t="64" w="228" /></phr><phr n="table"><ent r="6" t="5" w="1007" /><ent r="6" t="5" w="1021" /><ent r="5" t="9" w="691" /><ent r="6" t="16" w="570" /><ent r="6" t="16" w="931" /><ent r="4" t="16" w="1395" /><ent r="4" t="16" w="1547" /><ent r="5" t="16" w="1557" /><ent r="4" t="16" w="1565" /><ent r="4" t="16" w="1594" /><ent r="3" t="19" w="47" /><ent r="3" t="19" w="126" /><ent r="3" t="19" w="128" /><ent r="3" t="19" w="279" /><ent r="3" t="19" w="356" /><ent r="3" t="19" w="400" /><ent r="3" t="19" w="420" /><ent r="3" t="19" w="447" /><ent r="3" t="19" w="509" /><ent r="3" t="19" w="537" /><ent r="3" t="19" w="722" /><ent r="3" t="19" w="747" /><ent r="4" t="19" w="763" /><ent r="4" t="19" w="769" /><ent r="4" t="19" w="779" /><ent r="4" t="19" w="801" /><ent r="4" t="19" w="845" /><ent r="4" t="19" w="873" /><ent r="3" t="19" w="965" /><ent r="3" t="19" w="969" /><ent r="3" t="19" w="976" /><ent r="3" t="19" w="984" /><ent r="3" t="19" w="1002" /><ent r="3" t="19" w="1023" /><ent r="3" t="19" w="1038" /><ent r="3" t="19" w="1312" /><ent r="3" t="19" w="1416" /><ent r="3" t="19" w="1462" /><ent r="3" t="19" w="1540" /><ent r="3" t="19" w="1795" /><ent r="3" t="19" w="1808" /><ent r="3" t="19" w="1825" /><ent r="4" t="19" w="1867" /><ent r="4" t="24" w="192" /><ent r="3" t="54" w="74" /><ent r="3" t="54" w="539" /><ent r="3" t="56" w="270" /><ent r="3" t="56" w="433" /><ent r="3" t="56" w="452" /><ent r="4" t="56" w="808" /><ent r="3" t="59" w="15" /><ent r="3" t="59" w="200" /><ent r="3" t="59" w="284" /><ent r="3" t="59" w="294" /><ent r="4" t="60" w="112" /><ent r="3" t="64" w="102" /><ent r="3" t="64" w="112" /><ent r="3" t="64" w="120" /><ent r="3" t="64" w="130" /><ent r="3" t="64" w="171" /><ent r="3" t="64" w="205" /><ent r="3" t="64" w="377" /><ent r="6" t="70" w="378" /><ent r="6" t="70" w="384" /><ent r="6" t="70" w="947" /><ent r="6" t="70" w="957" /></phr><phr n="Tables"><ent r="65" t="16" w="1087" /><ent r="92" t="19" w="142" /><ent r="92" t="19" w="958" /><ent r="92" t="19" w="1513" /><ent r="92" t="19" w="1732" /><ent r="64" t="57" w="184" /><ent r="1000" t="59" w="3" /><ent r="102" t="59" w="7" /></phr><phr n="Table"><ent r="92" t="16" w="1537" /><ent r="5" t="19" w="188" /><ent r="82" t="19" w="439" /><ent r="92" t="19" w="531" /><ent r="4" t="19" w="932" /><ent r="3" t="19" w="950" /><ent r="3" t="19" w="1853" /><ent r="100" t="24" w="317" /><ent r="92" t="24" w="320" /><ent r="82" t="56" w="265" /><ent r="82" t="56" w="428" /><ent r="5" t="57" w="78" /><ent r="3" t="59" w="9" /><ent r="82" t="59" w="274" /></phr><phr n="TABLE"><ent r="3" t="19" w="575" /><ent r="4" t="19" w="794" /><ent r="3" t="19" w="1047" /><ent r="3" t="19" w="1331" /><ent r="3" t="19" w="1642" /><ent r="3" t="19" w="1738" /><ent r="3" t="56" w="220" /><ent r="3" t="56" w="251" /></phr></stem><stem n="script"><phr n="scripts"><ent r="3" t="0" w="171" /><ent r="4" t="21" w="271" /><ent r="3" t="37" w="1176" /><ent r="3" t="37" w="1444" /><ent r="3" t="37" w="3834" /><ent r="3" t="40" w="574" /><ent r="3" t="44" w="179" /><ent r="92" t="44" w="342" /><ent r="3" t="44" w="423" /><ent r="3" t="46" w="27" /><ent r="4" t="49" w="290" /><ent r="4" t="57" w="125" /><ent r="3" t="57" w="140" /><ent r="3" t="57" w="217" /><ent r="3" t="58" w="219" /><ent r="3" t="61" w="14" /><ent r="3" t="61" w="18" /><ent r="3" t="61" w="48" /><ent r="3" t="61" w="58" /><ent r="3" t="62" w="85" /><ent r="3" t="62" w="88" /><ent r="3" t="62" w="96" /></phr><phr n="Scripting"><ent r="65" t="3" w="465" /><ent r="65" t="4" w="526" /><ent r="65" t="34" w="312" /><ent r="3" t="35" w="54" /><ent r="92" t="35" w="78" /><ent r="3" t="35" w="86" /><ent r="100" t="37" w="76" /><ent r="3" t="37" w="91" /><ent r="64" t="57" w="210" /><ent r="1000" t="61" w="3" /><ent r="102" t="61" w="8" /><ent r="3" t="61" w="1264" /></phr><phr n="script"><ent r="4" t="3" w="480" /><ent r="4" t="3" w="495" /><ent r="4" t="4" w="516" /><ent r="4" t="4" w="649" /><ent r="4" t="4" w="663" /><ent r="100" t="5" w="131" /><ent r="8" t="5" w="134" /><ent r="8" t="5" w="214" /><ent r="3" t="5" w="741" /><ent r="3" t="5" w="747" /><ent r="100" t="5" w="1168" /><ent r="5" t="5" w="1173" /><ent r="3" t="7" w="327" /><ent r="3" t="11" w="432" /><ent r="5" t="13" w="395" /><ent r="3" t="13" w="984" /><ent r="5" t="13" w="1170" /><ent r="3" t="13" w="1757" /><ent r="3" t="13" w="2426" /><ent r="3" t="13" w="2442" /><ent r="3" t="14" w="760" /><ent r="3" t="14" w="835" /><ent r="3" t="14" w="852" /><ent r="3" t="14" w="865" /><ent r="3" t="14" w="885" /><ent r="3" t="14" w="908" /><ent r="3" t="14" w="922" /><ent r="3" t="14" w="942" /><ent r="3" t="14" w="978" /><ent r="3" t="14" w="1032" /><ent r="3" t="21" w="733" /><ent r="3" t="34" w="14" /><ent r="3" t="34" w="28" /><ent r="4" t="34" w="356" /><ent r="3" t="34" w="442" /><ent r="3" t="34" w="457" /><ent r="3" t="34" w="616" /><ent r="3" t="34" w="1046" /><ent r="3" t="35" w="95" /><ent r="3" t="35" w="125" /><ent r="3" t="35" w="322" /><ent r="3" t="35" w="457" /><ent r="3" t="35" w="1036" /><ent r="4" t="35" w="1123" /><ent r="4" t="35" w="1126" /><ent r="3" t="35" w="1146" /><ent r="3" t="35" w="1157" /><ent r="3" t="35" w="1288" /><ent r="3" t="35" w="1471" /><ent r="3" t="35" w="1489" /><ent r="3" t="35" w="1516" /><ent r="3" t="35" w="1525" /><ent r="3" t="35" w="1549" /><ent r="3" t="35" w="1580" /><ent r="3" t="35" w="1595" /><ent r="3" t="35" w="1634" /><ent r="4" t="35" w="1644" /><ent r="3" t="36" w="42" /><ent r="3" t="37" w="100" /><ent r="4" t="37" w="403" /><ent r="92" t="37" w="488" /><ent r="3" t="37" w="501" /><ent r="4" t="37" w="529" /><ent r="4" t="37" w="541" /><ent r="4" t="37" w="710" /><ent r="3" t="37" w="1161" /><ent r="4" t="37" w="1247" /><ent r="3" t="37" w="1251" /><ent r="3" t="37" w="1355" /><ent r="3" t="37" w="1423" /><ent r="3" t="37" w="1454" /><ent r="3" t="37" w="1486" /><ent r="3" t="37" w="1631" /><ent r="3" t="37" w="1640" /><ent r="5" t="37" w="1830" /><ent r="4" t="37" w="1888" /><ent r="4" t="37" w="1903" /><ent r="3" t="37" w="2006" /><ent r="3" t="37" w="2033" /><ent r="3" t="37" w="2092" /><ent r="3" t="37" w="2136" /><ent r="3" t="37" w="2165" /><ent r="4" t="37" w="2182" /><ent r="3" t="37" w="2378" /><ent r="3" t="37" w="2477" /><ent r="3" t="37" w="2483" /><ent r="3" t="37" w="2501" /><ent r="4" t="37" w="2628" /><ent r="3" t="37" w="2911" /><ent r="3" t="37" w="2939" /><ent r="3" t="37" w="3296" /><ent r="3" t="37" w="3326" /><ent r="3" t="37" w="3347" /><ent r="3" t="37" w="3375" /><ent r="3" t="37" w="3385" /><ent r="3" t="37" w="3484" /><ent r="4" t="37" w="3518" /><ent r="3" t="37" w="3734" /><ent r="3" t="37" w="3750" /><ent r="3" t="37" w="3799" /><ent r="3" t="37" w="3818" /><ent r="3" t="37" w="4129" /><ent r="3" t="37" w="4151" /><ent r="3" t="37" w="4191" /><ent r="3" t="37" w="4240" /><ent r="3" t="37" w="4254" /><ent r="3" t="37" w="4291" /><ent r="3" t="37" w="4406" /><ent r="3" t="37" w="4422" /><ent r="3" t="37" w="4564" /><ent r="3" t="37" w="4602" /><ent r="3" t="37" w="4613" /><ent r="5" t="38" w="139" /><ent r="3" t="38" w="158" /><ent r="100" t="39" w="47" /><ent r="100" t="39" w="51" /><ent r="100" t="39" w="55" /><ent r="3" t="39" w="80" /><ent r="100" t="39" w="123" /><ent r="3" t="39" w="127" /><ent r="3" t="39" w="629" /><ent r="3" t="40" w="37" /><ent r="3" t="40" w="289" /><ent r="3" t="40" w="310" /><ent r="3" t="40" w="318" /><ent r="100" t="40" w="364" /><ent r="100" t="40" w="370" /><ent r="100" t="40" w="373" /><ent r="3" t="40" w="506" /><ent r="92" t="40" w="517" /><ent r="3" t="40" w="523" /><ent r="3" t="40" w="542" /><ent r="3" t="40" w="557" /><ent r="3" t="40" w="598" /><ent r="3" t="40" w="629" /><ent r="3" t="40" w="643" /><ent r="3" t="40" w="654" /><ent r="4" t="40" w="698" /><ent r="4" t="40" w="719" /><ent r="4" t="40" w="770" /><ent r="4" t="40" w="798" /><ent r="3" t="40" w="819" /><ent r="4" t="40" w="945" /><ent r="4" t="40" w="964" /><ent r="4" t="40" w="1016" /><ent r="4" t="40" w="1035" /><ent r="4" t="40" w="1061" /><ent r="3" t="40" w="1095" /><ent r="4" t="41" w="46" /><ent r="4" t="41" w="56" /><ent r="4" t="41" w="69" /><ent r="4" t="41" w="82" /><ent r="3" t="41" w="504" /><ent r="3" t="43" w="96" /><ent r="3" t="44" w="25" /><ent r="3" t="44" w="49" /><ent r="3" t="44" w="57" /><ent r="3" t="44" w="76" /><ent r="4" t="44" w="80" /><ent r="3" t="44" w="88" /><ent r="3" t="44" w="139" /><ent r="3" t="44" w="168" /><ent r="3" t="44" w="364" /><ent r="3" t="45" w="14" /><ent r="3" t="45" w="55" /><ent r="3" t="45" w="141" /><ent r="5" t="46" w="120" /><ent r="5" t="46" w="135" /><ent r="4" t="46" w="184" /><ent r="3" t="46" w="203" /><ent r="3" t="46" w="209" /><ent r="3" t="46" w="345" /><ent r="3" t="46" w="348" /><ent r="3" t="46" w="433" /><ent r="4" t="49" w="274" /><ent r="3" t="49" w="967" /><ent r="3" t="57" w="153" /><ent r="5" t="61" w="33" /><ent r="3" t="61" w="111" /><ent r="3" t="61" w="144" /><ent r="82" t="61" w="221" /><ent r="3" t="61" w="226" /><ent r="3" t="61" w="250" /><ent r="72" t="61" w="264" /><ent r="72" t="61" w="339" /><ent r="3" t="61" w="537" /></phr><phr n="Scripts"><ent r="4" t="4" w="517" /><ent r="92" t="34" w="608" /><ent r="92" t="34" w="693" /><ent r="92" t="34" w="844" /><ent r="3" t="34" w="848" /></phr><phr n="Script"><ent r="3" t="34" w="481" /><ent r="100" t="35" w="137" /><ent r="65" t="35" w="141" /><ent r="100" t="35" w="145" /><ent r="65" t="35" w="149" /><ent r="100" t="35" w="209" /><ent r="100" t="35" w="212" /><ent r="100" t="35" w="219" /><ent r="65" t="35" w="223" /><ent r="92" t="35" w="239" /><ent r="92" t="35" w="317" /><ent r="100" t="35" w="1084" /><ent r="82" t="35" w="1090" /><ent r="92" t="35" w="1465" /><ent r="92" t="35" w="1623" /><ent r="100" t="37" w="73" /><ent r="64" t="37" w="121" /><ent r="92" t="37" w="3876" /><ent r="82" t="37" w="4104" /><ent r="100" t="38" w="142" /><ent r="92" t="38" w="146" /><ent r="92" t="40" w="587" /></phr><phr n="scripting"><ent r="3" t="57" w="137" /><ent r="3" t="74" w="69" /></phr></stem></index>