<?xml version="1.0" encoding="utf-8"?><index><stem n="macadress"><phr n="macadress"><ent r="3" t="59" w="250" /></phr></stem><stem n="://imserver:port/~export/devices.tab?fields=id,name,macadress,address"><phr n="://imserver:port/~export/devices.tab?fields=id,name,macadress,address"><ent r="3" t="59" w="251" /></phr></stem><stem n="id,name,macadress,address"><phr n="id,name,macadress,address"><ent r="3" t="59" w="251" /><ent r="3" t="59" w="248" /></phr></stem><stem n="macaddress"><phr n="MACAddress"><ent r="3" t="59" w="268" /></phr></stem><stem n="port/~import"><phr n="port/~import"><ent r="3" t="59" w="303" /><ent r="3" t="59" w="302" /><ent r="3" t="59" w="414" /><ent r="3" t="59" w="413" /></phr></stem><stem n="~import"><phr n="~import"><ent r="3" t="59" w="303" /><ent r="3" t="59" w="414" /></phr></stem><stem n="://imserver:port/~import/filenam"><phr n="://imserver:port/~import/filename"><ent r="3" t="59" w="304" /></phr></stem><stem n="port/~import/filenam"><phr n="port/~import/filename"><ent r="3" t="59" w="304" /><ent r="3" t="59" w="302" /></phr></stem><stem n="-&gt;data"><phr n="-&gt;Data"><ent r="3" t="59" w="374" /><ent r="3" t="59" w="374" /></phr></stem><stem n="import-&gt;data"><phr n="Import-&gt;Data"><ent r="3" t="59" w="374" /></phr></stem><stem n="&gt;data"><phr n="&gt;Data"><ent r="3" t="59" w="375" /></phr></stem><stem n="remoteaccess'"><phr n="RemoteAccess's"><ent r="3" t="59" w="382" /><ent r="3" t="59" w="381" /></phr></stem><stem n="path/to/import"><phr n="path/to/import"><ent r="3" t="59" w="409" /><ent r="3" t="59" w="407" /></phr></stem><stem n="@/path/to/import/fil"><phr n="@/path/to/import/file"><ent r="3" t="59" w="410" /></phr></stem><stem n="path/to/import/fil"><phr n="path/to/import/file"><ent r="3" t="59" w="410" /><ent r="3" t="59" w="407" /></phr></stem><stem n="://imserver:port/~import/fil"><phr n="://imserver:port/~import/file"><ent r="3" t="59" w="415" /></phr></stem><stem n="port/~import/fil"><phr n="port/~import/file"><ent r="3" t="59" w="415" /><ent r="3" t="59" w="413" /></phr></stem><stem n="port/mapid"><phr n="port/mapid"><ent r="3" t="60" w="32" /><ent r="3" t="60" w="31" /><ent r="3" t="60" w="151" /><ent r="3" t="60" w="150" /></phr></stem><stem n="mapid"><phr n="mapid"><ent r="3" t="60" w="32" /><ent r="5" t="60" w="42" /><ent r="4" t="60" w="45" /><ent r="3" t="60" w="151" /></phr><phr n="MapId"><ent r="4" t="60" w="124" /><ent r="3" t="60" w="193" /></phr><phr n="MapID"><ent r="3" t="60" w="178" /></phr><phr n="mapId"><ent r="3" t="60" w="224" /></phr></stem><stem n="port/mapid/devic"><phr n="port/mapid/device"><ent r="3" t="60" w="33" /><ent r="3" t="60" w="31" /><ent r="3" t="60" w="152" /><ent r="3" t="60" w="150" /></phr></stem><stem n="port/mapid/device/deviceimid"><phr n="port/mapid/device/deviceIMID"><ent r="3" t="60" w="34" /><ent r="3" t="60" w="31" /><ent r="3" t="60" w="153" /><ent r="3" t="60" w="150" /></phr></stem><stem n="deviceimid"><phr n="deviceIMID"><ent r="3" t="60" w="34" /><ent r="5" t="60" w="51" /><ent r="3" t="60" w="153" /></phr></stem><stem n="port/mapid/device/deviceimid/"><phr n="port/mapid/device/deviceIMID/"><ent r="3" t="60" w="34" /><ent r="3" t="60" w="31" /><ent r="3" t="60" w="153" /><ent r="3" t="60" w="150" /></phr></stem><stem n="acknowledge.cgi"><phr n="acknowledge.cgi"><ent r="3" t="60" w="36" /><ent r="3" t="60" w="35" /><ent r="4" t="60" w="106" /><ent r="4" t="60" w="105" /><ent r="3" t="60" w="155" /><ent r="3" t="60" w="154" /><ent r="3" t="60" w="221" /><ent r="3" t="60" w="220" /></phr></stem><stem n="cgi"><phr n="cgi"><ent r="3" t="60" w="36" /><ent r="4" t="60" w="106" /><ent r="3" t="60" w="155" /><ent r="3" t="60" w="221" /></phr></stem><stem n="://imserver:port/mapid/device/deviceimid/*acknowledge.cgi?message=url+encoded+str"><phr n="://imserver:port/mapid/device/deviceIMID/*acknowledge.cgi?message=URL+encoded+string"><ent r="3" t="60" w="38" /></phr></stem><stem n="url+encoded+str"><phr n="URL+encoded+string"><ent r="3" t="60" w="38" /></phr></stem><stem n="imid"><phr n="IMID"><ent r="4" t="60" w="54" /><ent r="4" t="60" w="126" /><ent r="3" t="60" w="180" /><ent r="3" t="60" w="194" /><ent r="3" t="60" w="225" /></phr></stem><stem n="-encod"><phr n="-encoded"><ent r="4" t="60" w="67" /><ent r="4" t="60" w="67" /></phr></stem><stem n="url-encod"><phr n="URL-encoded"><ent r="4" t="60" w="67" /></phr></stem><stem n="device.html"><phr n="device.html"><ent r="4" t="60" w="97" /><ent r="4" t="60" w="96" /><ent r="5" t="66" w="598" /><ent r="5" t="66" w="597" /><ent r="3" t="66" w="640" /><ent r="3" t="66" w="639" /><ent r="100" t="70" w="1836" /><ent r="100" t="70" w="1835" /><ent r="4" t="70" w="1848" /><ent r="4" t="70" w="1847" /><ent r="6" t="70" w="1892" /><ent r="6" t="70" w="1891" /><ent r="6" t="70" w="1970" /><ent r="6" t="70" w="1969" /></phr><phr n="Device.html"><ent r="100" t="66" w="595" /><ent r="100" t="66" w="594" /><ent r="100" t="70" w="1825" /><ent r="100" t="70" w="1824" /></phr></stem><stem n="&quot;!device.html&quot;"><phr n="&quot;!device.html&quot;"><ent r="4" t="60" w="98" /></phr></stem><stem n="&quot;*acknowledge.cgi?message=....&quot;."><phr n="&quot;*acknowledge.cgi?message=....&quot;."><ent r="4" t="60" w="108" /></phr></stem><stem n="review"><phr n="Review"><ent r="4" t="60" w="109" /></phr></stem><stem n="(you"><phr n="(you"><ent r="4" t="60" w="113" /></phr></stem><stem n="://imserver:port/mapid/device/deviceimid/*acknowledge.cgi?message=url+encoded+text+str"><phr n="://imserver:port/mapid/device/deviceIMID/*acknowledge.cgi?message=URL+encoded+text+string"><ent r="3" t="60" w="157" /></phr></stem><stem n="url+encoded+text+str"><phr n="URL+encoded+text+string"><ent r="3" t="60" w="157" /></phr></stem><stem n="-d"><phr n="-d"><ent r="3" t="60" w="158" /><ent r="3" t="60" w="158" /></phr></stem><stem n="&quot;dummi"><phr n="&quot;dummy"><ent r="3" t="60" w="159" /></phr></stem><stem n="dummi"><phr n="dummy"><ent r="3" t="60" w="159" /><ent r="3" t="61" w="87" /></phr></stem><stem n="mapid,imid"><phr n="MapId,IMID"><ent r="3" t="60" w="194" /><ent r="3" t="60" w="193" /></phr></stem><stem n="mapid,imid,address"><phr n="MapId,IMID,address"><ent r="3" t="60" w="195" /><ent r="3" t="60" w="193" /></phr></stem><stem n="://imserver:port/~export/devices.tab?fields=mapid,imid,address,nam"><phr n="://imserver:port/~export/devices.tab?fields=MapId,IMID,address,name"><ent r="3" t="60" w="196" /></phr></stem><stem n="mapid,imid,address,nam"><phr n="MapId,IMID,address,name"><ent r="3" t="60" w="196" /><ent r="3" t="60" w="193" /></phr></stem><stem n="s/devic"><phr n="s/device"><ent r="3" t="60" w="218" /><ent r="3" t="60" w="217" /></phr></stem><stem n="s/device/"><phr n="s/device/"><ent r="3" t="60" w="218" /><ent r="3" t="60" w="217" /></phr></stem><stem n="&quot;http://imserver:port/%s/device/%s/*acknowledge.cgi?message=%s&quot;"><phr n="&quot;http://imserver:port/%s/device/%s/*acknowledge.cgi?message=%s&quot;"><ent r="3" t="60" w="224" /></phr></stem><stem n="(mapid,"><phr n="(mapId,"><ent r="3" t="60" w="225" /></phr></stem><stem n="imid,urllib"><phr n="IMID,urllib"><ent r="3" t="60" w="226" /><ent r="3" t="60" w="225" /></phr></stem><stem n="imid,urllib.urlencod"><phr n="IMID,urllib.urlencode"><ent r="3" t="60" w="227" /><ent r="3" t="60" w="225" /></phr></stem><stem n=",urllib.urlencode([('message',"><phr n=",urllib.urlencode([('message',"><ent r="3" t="60" w="229" /></phr></stem><stem n="messagestr"><phr n="messageStr"><ent r="3" t="60" w="229" /></phr></stem><stem n=")]))"><phr n=")]))"><ent r="3" t="60" w="230" /></phr></stem><stem n="/linux"><phr n="/Linux"><ent r="4" t="61" w="37" /></phr></stem><stem n="unix/linux"><phr n="Unix/Linux"><ent r="4" t="61" w="37" /><ent r="4" t="61" w="36" /></phr></stem><stem n="vbscript"><phr n="vbscript"><ent r="5" t="61" w="41" /><ent r="82" t="61" w="321" /><ent r="3" t="61" w="325" /></phr></stem><stem n="intend"><phr n="intended"><ent r="3" t="61" w="76" /><ent r="3" t="66" w="649" /></phr></stem><stem n="someplac"><phr n="someplace"><ent r="3" t="61" w="91" /></phr></stem><stem n="&quot;temporary&quot;"><phr n="&quot;Temporary&quot;"><ent r="3" t="61" w="236" /><ent r="4" t="61" w="457" /></phr></stem><stem n="bash"><phr n="bash"><ent r="3" t="61" w="252" /><ent r="3" t="61" w="464" /></phr></stem><stem n="tr"><phr n="tr"><ent r="3" t="61" w="254" /><ent r="3" t="61" w="569" /><ent r="3" t="61" w="591" /></phr></stem><stem n="grep"><phr n="grep"><ent r="3" t="61" w="255" /><ent r="3" t="61" w="605" /></phr></stem><stem n="sed"><phr n="sed"><ent r="3" t="61" w="256" /><ent r="3" t="61" w="711" /><ent r="3" t="61" w="716" /><ent r="3" t="61" w="764" /><ent r="3" t="61" w="769" /></phr></stem><stem n="awk"><phr n="awk"><ent r="3" t="61" w="258" /><ent r="3" t="61" w="480" /><ent r="3" t="61" w="704" /><ent r="3" t="61" w="722" /><ent r="3" t="61" w="757" /><ent r="3" t="61" w="775" /></phr></stem><stem n="clone_im"><phr n="clone_im"><ent r="3" t="61" w="268" /><ent r="3" t="61" w="267" /><ent r="3" t="61" w="307" /><ent r="3" t="61" w="306" /><ent r="3" t="61" w="343" /><ent r="3" t="61" w="342" /><ent r="3" t="61" w="386" /><ent r="3" t="61" w="385" /><ent r="82" t="61" w="460" /><ent r="82" t="61" w="459" /><ent r="82" t="61" w="874" /><ent r="82" t="61" w="873" /></phr></stem><stem n="_im.sh"><phr n="_im.sh"><ent r="3" t="61" w="269" /><ent r="3" t="61" w="308" /><ent r="82" t="61" w="461" /></phr></stem><stem n="clone_im.sh"><phr n="clone_im.sh"><ent r="3" t="61" w="269" /><ent r="3" t="61" w="267" /><ent r="3" t="61" w="308" /><ent r="3" t="61" w="306" /><ent r="82" t="61" w="461" /><ent r="82" t="61" w="459" /></phr></stem><stem n="[options]"><phr n="[options]"><ent r="3" t="61" w="271" /></phr></stem><stem n="remote_host"><phr n="remote_host"><ent r="3" t="61" w="273" /><ent r="3" t="61" w="272" /><ent r="3" t="61" w="286" /><ent r="3" t="61" w="285" /><ent r="3" t="61" w="359" /><ent r="3" t="61" w="358" /></phr></stem><stem n="[remote_host_nam"><phr n="[remote_host_name"><ent r="3" t="61" w="274" /></phr></stem><stem n="remote_host_nam"><phr n="remote_host_name"><ent r="3" t="61" w="274" /><ent r="3" t="61" w="272" /><ent r="3" t="61" w="287" /><ent r="3" t="61" w="285" /><ent r="3" t="61" w="360" /><ent r="3" t="61" w="358" /></phr></stem><stem n="[remote_port"><phr n="[remote_port"><ent r="3" t="61" w="277" /></phr></stem><stem n="remote_port"><phr n="remote_port"><ent r="3" t="61" w="277" /><ent r="3" t="61" w="276" /><ent r="3" t="61" w="290" /><ent r="3" t="61" w="289" /><ent r="3" t="61" w="350" /><ent r="3" t="61" w="349" /><ent r="3" t="61" w="366" /><ent r="3" t="61" w="365" /></phr></stem><stem n="-u"><phr n="-u"><ent r="3" t="61" w="278" /><ent r="3" t="61" w="278" /><ent r="3" t="61" w="315" /><ent r="3" t="61" w="315" /></phr></stem><stem n="[remote_us"><phr n="[remote_user"><ent r="3" t="61" w="280" /></phr></stem><stem n="remote_us"><phr n="remote_user"><ent r="3" t="61" w="280" /><ent r="3" t="61" w="279" /><ent r="3" t="61" w="300" /><ent r="3" t="61" w="299" /><ent r="3" t="61" w="353" /><ent r="3" t="61" w="352" /></phr></stem><stem n="remote_password"><phr n="remote_password"><ent r="3" t="61" w="283" /><ent r="3" t="61" w="282" /><ent r="3" t="61" w="303" /><ent r="3" t="61" w="302" /><ent r="3" t="61" w="356" /><ent r="3" t="61" w="355" /></phr></stem><stem n="[remote_password]"><phr n="[remote_password]"><ent r="3" t="61" w="284" /></phr></stem><stem n="_host_nam"><phr n="_host_name"><ent r="3" t="61" w="287" /><ent r="3" t="61" w="360" /></phr></stem><stem n="&quot;localhost&quot;"><phr n="&quot;localhost&quot;"><ent r="3" t="61" w="289" /></phr></stem><stem n="_port"><phr n="_port"><ent r="3" t="61" w="290" /><ent r="3" t="61" w="366" /></phr></stem><stem n="_user"><phr n="_user"><ent r="3" t="61" w="300" /></phr></stem><stem n="_password"><phr n="_password"><ent r="3" t="61" w="303" /></phr></stem><stem n="nitro"><phr n="nitro"><ent r="3" t="61" w="310" /><ent r="3" t="61" w="389" /></phr></stem><stem n="nitro.dartwar"><phr n="nitro.dartware"><ent r="3" t="61" w="311" /><ent r="3" t="61" w="310" /><ent r="3" t="61" w="390" /><ent r="3" t="61" w="389" /></phr></stem><stem n=".dartware.com"><phr n=".dartware.com"><ent r="3" t="61" w="312" /></phr></stem><stem n="nitro.dartware.com"><phr n="nitro.dartware.com"><ent r="3" t="61" w="312" /><ent r="3" t="61" w="310" /><ent r="3" t="61" w="391" /><ent r="3" t="61" w="389" /></phr></stem><stem n="imus"><phr n="IMuser"><ent r="3" t="61" w="316" /><ent r="3" t="61" w="395" /></phr></stem><stem n="userpass"><phr n="UsErpaSS"><ent r="3" t="61" w="318" /><ent r="3" t="61" w="397" /></phr></stem><stem n="_im.vb"><phr n="_im.vbs"><ent r="3" t="61" w="344" /><ent r="3" t="61" w="387" /><ent r="82" t="61" w="875" /></phr></stem><stem n="clone_im.vb"><phr n="clone_im.vbs"><ent r="3" t="61" w="344" /><ent r="3" t="61" w="342" /><ent r="3" t="61" w="387" /><ent r="3" t="61" w="385" /><ent r="82" t="61" w="875" /><ent r="82" t="61" w="873" /></phr></stem><stem n="remote_hostnam"><phr n="remote_hostname"><ent r="3" t="61" w="347" /><ent r="3" t="61" w="346" /></phr></stem><stem n="/host:[remote_hostname]"><phr n="/host:[remote_hostname]"><ent r="3" t="61" w="348" /></phr></stem><stem n="/port:[remote_port]"><phr n="/port:[remote_port]"><ent r="3" t="61" w="351" /></phr></stem><stem n="/user:[remote_user]"><phr n="/user:[remote_user]"><ent r="3" t="61" w="354" /></phr></stem><stem n="/password:[remote_password]"><phr n="/password:[remote_password]"><ent r="3" t="61" w="357" /></phr></stem><stem n="(none,"><phr n="(none,"><ent r="3" t="61" w="362" /><ent r="3" t="61" w="370" /><ent r="3" t="61" w="377" /></phr></stem><stem n="-login"><phr n="-login"><ent r="3" t="61" w="371" /><ent r="3" t="61" w="371" /><ent r="3" t="61" w="378" /><ent r="3" t="61" w="378" /><ent r="4" t="61" w="428" /><ent r="4" t="61" w="428" /></phr></stem><stem n="auto-login"><phr n="auto-login"><ent r="3" t="61" w="371" /><ent r="3" t="61" w="378" /><ent r="4" t="61" w="428" /></phr></stem><stem n="/host:nitro.dartware.com"><phr n="/host:nitro.dartware.com"><ent r="3" t="61" w="391" /></phr></stem><stem n="/port:8080"><phr n="/port:8080"><ent r="3" t="61" w="393" /></phr></stem><stem n="/user:imus"><phr n="/user:IMuser"><ent r="3" t="61" w="395" /></phr></stem><stem n="/password:userpass"><phr n="/password:UsErpaSS"><ent r="3" t="61" w="397" /></phr></stem><stem n="/secure:tru"><phr n="/secure:true"><ent r="3" t="61" w="399" /></phr></stem><stem n="&quot;secure&quot;"><phr n="&quot;secure&quot;"><ent r="4" t="61" w="413" /></phr></stem><stem n="-level"><phr n="-level"><ent r="4" t="61" w="446" /><ent r="4" t="61" w="446" /><ent r="3" t="61" w="553" /><ent r="3" t="61" w="553" /><ent r="3" t="61" w="1035" /><ent r="3" t="61" w="1035" /><ent r="6" t="70" w="1960" /><ent r="6" t="70" w="1960" /></phr></stem><stem n="top-level"><phr n="top-level"><ent r="4" t="61" w="446" /><ent r="3" t="61" w="553" /><ent r="3" t="61" w="1035" /></phr></stem><stem n="/bin/bash"><phr n="/bin/bash"><ent r="3" t="61" w="464" /></phr></stem><stem n="bin/bash"><phr n="bin/bash"><ent r="3" t="61" w="464" /><ent r="3" t="61" w="463" /></phr></stem><stem n="sdk"><phr n="SDK"><ent r="3" t="61" w="475" /></phr></stem><stem n="gnu"><phr n="gnu"><ent r="3" t="61" w="479" /><ent r="3" t="61" w="703" /></phr></stem><stem n="=localhost"><phr n="=localhost"><ent r="3" t="61" w="482" /></phr></stem><stem n="=8080"><phr n="=8080"><ent r="3" t="61" w="484" /></phr></stem><stem n="=admin"><phr n="=admin"><ent r="3" t="61" w="486" /><ent r="3" t="61" w="488" /></phr></stem><stem n="'r:t:u:p:'"><phr n="'r:t:u:p:'"><ent r="3" t="61" w="496" /></phr></stem><stem n="$option"><phr n="$OPTION"><ent r="3" t="61" w="499" /></phr></stem><stem n="$optarg"><phr n="$OPTARG"><ent r="3" t="61" w="503" /><ent r="3" t="61" w="506" /><ent r="3" t="61" w="509" /><ent r="3" t="61" w="512" /></phr></stem><stem n="=&quot;$optarg&quot;"><phr n="=&quot;$OPTARG&quot;"><ent r="3" t="61" w="504" /><ent r="3" t="61" w="507" /><ent r="3" t="61" w="510" /><ent r="3" t="61" w="513" /></phr></stem><stem n=";;"><phr n=";;"><ent r="3" t="61" w="504" /><ent r="3" t="61" w="507" /><ent r="3" t="61" w="510" /><ent r="3" t="61" w="513" /><ent r="3" t="61" w="526" /><ent r="3" t="61" w="633" /><ent r="3" t="61" w="636" /><ent r="3" t="61" w="640" /><ent r="3" t="61" w="643" /><ent r="3" t="61" w="646" /><ent r="3" t="61" w="653" /><ent r="3" t="61" w="656" /><ent r="3" t="61" w="659" /></phr></stem><stem n="?)"><phr n="?)"><ent r="3" t="61" w="513" /></phr></stem><stem n="remotehost"><phr n="remotehost"><ent r="3" t="61" w="517" /></phr></stem><stem n="\n&quot;"><phr n="\n&quot;"><ent r="3" t="61" w="519" /></phr></stem><stem n="(basenam"><phr n="(basename"><ent r="3" t="61" w="520" /><ent r="3" t="61" w="824" /><ent r="3" t="61" w="829" /></phr></stem><stem n="basenam"><phr n="basename"><ent r="3" t="61" w="520" /><ent r="3" t="61" w="596" /><ent r="3" t="61" w="682" /><ent r="3" t="61" w="824" /><ent r="3" t="61" w="829" /></phr></stem><stem n="$0"><phr n="$0"><ent r="3" t="61" w="521" /><ent r="3" t="61" w="725" /><ent r="3" t="61" w="734" /><ent r="3" t="61" w="736" /><ent r="3" t="61" w="745" /><ent r="3" t="61" w="749" /><ent r="3" t="61" w="778" /><ent r="3" t="61" w="787" /><ent r="3" t="61" w="789" /><ent r="3" t="61" w="798" /><ent r="3" t="61" w="802" /></phr></stem><stem n="&amp;2"><phr n="&amp;2"><ent r="3" t="61" w="523" /></phr></stem><stem n="esac"><phr n="esac"><ent r="3" t="61" w="526" /><ent r="3" t="61" w="659" /></phr></stem><stem n="$user"><phr n="$user"><ent r="3" t="61" w="529" /><ent r="3" t="61" w="533" /></phr></stem><stem n="&quot;$user&quot;"><phr n="&quot;$user&quot;"><ent r="3" t="61" w="530" /></phr></stem><stem n="=&quot;--user"><phr n="=&quot;--user"><ent r="3" t="61" w="532" /></phr></stem><stem n="$password"><phr n="$password"><ent r="3" t="61" w="534" /></phr></stem><stem n=":$password&quot;"><phr n=":$password&quot;"><ent r="3" t="61" w="535" /></phr></stem><stem n="fi"><phr n="fi"><ent r="3" t="61" w="535" /><ent r="3" t="61" w="835" /></phr></stem><stem n="etc/init"><phr n="etc/init"><ent r="3" t="61" w="546" /><ent r="3" t="61" w="545" /><ent r="3" t="61" w="868" /><ent r="3" t="61" w="867" /></phr></stem><stem n="init"><phr n="init"><ent r="3" t="61" w="546" /><ent r="3" t="61" w="868" /></phr></stem><stem n="etc/init.d"><phr n="etc/init.d"><ent r="3" t="61" w="547" /><ent r="3" t="61" w="545" /><ent r="3" t="61" w="869" /><ent r="3" t="61" w="867" /></phr></stem><stem n="#/etc/init.d/intermapperd"><phr n="#/etc/init.d/intermapperd"><ent r="3" t="61" w="548" /><ent r="3" t="61" w="870" /></phr></stem><stem n="etc/init.d/intermapperd"><phr n="etc/init.d/intermapperd"><ent r="3" t="61" w="548" /><ent r="3" t="61" w="545" /><ent r="3" t="61" w="870" /><ent r="3" t="61" w="867" /></phr></stem><stem n="intermapperd"><phr n="intermapperd"><ent r="3" t="61" w="548" /><ent r="3" t="61" w="870" /></phr></stem><stem n="topdir"><phr n="topdirs"><ent r="3" t="61" w="559" /></phr></stem><stem n="=$(curl"><phr n="=$(curl"><ent r="3" t="61" w="561" /><ent r="3" t="61" w="586" /></phr></stem><stem n="$auth"><phr n="$auth"><ent r="3" t="61" w="562" /><ent r="3" t="61" w="587" /><ent r="3" t="61" w="676" /><ent r="3" t="61" w="855" /></phr></stem><stem n="-s"><phr n="-s"><ent r="3" t="61" w="563" /><ent r="3" t="61" w="563" /><ent r="3" t="61" w="588" /><ent r="3" t="61" w="588" /><ent r="3" t="61" w="677" /><ent r="3" t="61" w="677" /><ent r="3" t="61" w="856" /><ent r="3" t="61" w="856" /></phr></stem><stem n="$remot"><phr n="$remote"><ent r="3" t="61" w="565" /><ent r="3" t="61" w="859" /></phr></stem><stem n="$port"><phr n="$port"><ent r="3" t="61" w="566" /><ent r="3" t="61" w="860" /></phr></stem><stem n="://$remote:$port/~fil"><phr n="://$remote:$port/~files"><ent r="3" t="61" w="567" /></phr></stem><stem n="$port/~fil"><phr n="$port/~files"><ent r="3" t="61" w="567" /><ent r="3" t="61" w="566" /><ent r="3" t="61" w="861" /><ent r="3" t="61" w="860" /></phr></stem><stem n="'\r'"><phr n="'\r'"><ent r="3" t="61" w="571" /><ent r="3" t="61" w="593" /></phr></stem><stem n="'\n')"><phr n="'\n')"><ent r="3" t="61" w="572" /><ent r="3" t="61" w="594" /></phr></stem><stem n="dir"><phr n="dir"><ent r="3" t="61" w="573" /><ent r="3" t="61" w="895" /><ent r="3" t="61" w="1026" /><ent r="3" t="61" w="1030" /><ent r="3" t="61" w="1048" /><ent r="3" t="61" w="1050" /><ent r="3" t="61" w="1107" /><ent r="3" t="61" w="1124" /><ent r="3" t="61" w="1132" /></phr></stem><stem n="$topdir"><phr n="$topdirs"><ent r="3" t="61" w="575" /></phr></stem><stem n="filelist"><phr n="filelist"><ent r="3" t="61" w="584" /></phr><phr n="fileList"><ent r="3" t="61" w="896" /><ent r="3" t="61" w="1104" /><ent r="3" t="61" w="1118" /></phr></stem><stem n="$dir"><phr n="$dir"><ent r="3" t="61" w="589" /><ent r="3" t="61" w="597" /></phr></stem><stem n="webdir"><phr n="webdir"><ent r="3" t="61" w="594" /></phr><phr n="webDir"><ent r="3" t="61" w="901" /><ent r="3" t="61" w="1046" /><ent r="3" t="61" w="1056" /></phr></stem><stem n="=$(basenam"><phr n="=$(basename"><ent r="3" t="61" w="596" /><ent r="3" t="61" w="682" /></phr></stem><stem n="&quot;process"><phr n="&quot;Processing"><ent r="3" t="61" w="599" /></phr></stem><stem n="$webdir"><phr n="$webdir"><ent r="3" t="61" w="600" /><ent r="3" t="61" w="627" /></phr></stem><stem n="localdir"><phr n="localdir"><ent r="3" t="61" w="601" /><ent r="3" t="61" w="630" /><ent r="3" t="61" w="634" /><ent r="3" t="61" w="637" /><ent r="3" t="61" w="641" /><ent r="3" t="61" w="644" /><ent r="3" t="61" w="647" /><ent r="3" t="61" w="651" /><ent r="3" t="61" w="654" /><ent r="3" t="61" w="657" /><ent r="3" t="61" w="1086" /></phr><phr n="localDir"><ent r="3" t="61" w="902" /><ent r="3" t="61" w="1059" /><ent r="3" t="61" w="1064" /><ent r="3" t="61" w="1068" /><ent r="3" t="61" w="1073" /><ent r="3" t="61" w="1077" /><ent r="3" t="61" w="1081" /><ent r="3" t="61" w="1090" /><ent r="3" t="61" w="1094" /><ent r="3" t="61" w="1135" /></phr></stem><stem n="$filelist"><phr n="$filelist"><ent r="3" t="61" w="603" /><ent r="3" t="61" w="663" /></phr></stem><stem n="&quot;doe"><phr n="&quot;does"><ent r="3" t="61" w="606" /></phr></stem><stem n="dev"><phr n="dev"><ent r="3" t="61" w="610" /></phr></stem><stem n="/dev/nul"><phr n="/dev/null"><ent r="3" t="61" w="611" /></phr></stem><stem n="dev/nul"><phr n="dev/null"><ent r="3" t="61" w="611" /><ent r="3" t="61" w="610" /></phr></stem><stem n="=&quot;custom"><phr n="=&quot;Custom"><ent r="3" t="61" w="631" /></phr></stem><stem n="=&quot;sounds&quot;"><phr n="=&quot;Sounds&quot;"><ent r="3" t="61" w="636" /></phr></stem><stem n="=&quot;mib"><phr n="=&quot;MIB"><ent r="3" t="61" w="638" /></phr></stem><stem n="=&quot;probes&quot;"><phr n="=&quot;Probes&quot;"><ent r="3" t="61" w="643" /></phr></stem><stem n="=&quot;tools&quot;"><phr n="=&quot;Tools&quot;"><ent r="3" t="61" w="646" /></phr></stem><stem n="=&quot;web"><phr n="=&quot;Web"><ent r="3" t="61" w="648" /></phr></stem><stem n="&quot;;;"><phr n="&quot;;;"><ent r="3" t="61" w="650" /></phr></stem><stem n="=&quot;fonts&quot;"><phr n="=&quot;Fonts&quot;"><ent r="3" t="61" w="653" /></phr></stem><stem n="=&quot;extensions&quot;"><phr n="=&quot;Extensions&quot;"><ent r="3" t="61" w="656" /></phr></stem><stem n="=&quot;maps&quot;"><phr n="=&quot;Maps&quot;"><ent r="3" t="61" w="659" /></phr></stem><stem n="$file"><phr n="$file"><ent r="3" t="61" w="679" /><ent r="3" t="61" w="683" /><ent r="3" t="61" w="830" /></phr></stem><stem n="real"><phr n="real"><ent r="3" t="61" w="690" /></phr></stem><stem n="do.homeunix"><phr n="do.homeunix"><ent r="3" t="61" w="696" /><ent r="3" t="61" w="695" /></phr></stem><stem n="homeunix"><phr n="homeunix"><ent r="3" t="61" w="696" /></phr></stem><stem n="do.homeunix.org"><phr n="do.homeunix.org"><ent r="3" t="61" w="697" /><ent r="3" t="61" w="695" /></phr></stem><stem n="do.homeunix.org/urldecod"><phr n="do.homeunix.org/UrlDecoding"><ent r="3" t="61" w="698" /><ent r="3" t="61" w="695" /></phr></stem><stem n="urldecod"><phr n="UrlDecoding"><ent r="3" t="61" w="698" /></phr><phr n="URLDecode"><ent r="3" t="61" w="1136" /><ent r="3" t="61" w="1177" /><ent r="3" t="61" w="1179" /></phr></stem><stem n="://do.homeunix.org/urldecoding.html"><phr n="://do.homeunix.org/UrlDecoding.html"><ent r="3" t="61" w="699" /></phr></stem><stem n="do.homeunix.org/urldecoding.html"><phr n="do.homeunix.org/UrlDecoding.html"><ent r="3" t="61" w="699" /><ent r="3" t="61" w="695" /></phr></stem><stem n="local_filenam"><phr n="local_filename"><ent r="3" t="61" w="706" /><ent r="3" t="61" w="705" /><ent r="3" t="61" w="759" /><ent r="3" t="61" w="758" /></phr></stem><stem n="local_$"><phr n="local_$"><ent r="3" t="61" w="707" /><ent r="3" t="61" w="705" /><ent r="3" t="61" w="760" /><ent r="3" t="61" w="758" /><ent r="3" t="61" w="813" /><ent r="3" t="61" w="811" /></phr></stem><stem n="_filename=$(echo"><phr n="_filename=$(echo"><ent r="3" t="61" w="708" /><ent r="3" t="61" w="761" /></phr></stem><stem n="$filenam"><phr n="$filename"><ent r="3" t="61" w="709" /><ent r="3" t="61" w="762" /></phr></stem><stem n="\"><phr n="\"><ent r="3" t="61" w="711" /><ent r="3" t="61" w="716" /><ent r="3" t="61" w="722" /><ent r="3" t="61" w="764" /><ent r="3" t="61" w="769" /><ent r="3" t="61" w="775" /></phr></stem><stem n="s/+"><phr n="s/+"><ent r="3" t="61" w="713" /><ent r="3" t="61" w="712" /><ent r="3" t="61" w="766" /><ent r="3" t="61" w="765" /></phr></stem><stem n="s/+/"><phr n="s/+/"><ent r="3" t="61" w="713" /><ent r="3" t="61" w="712" /><ent r="3" t="61" w="766" /><ent r="3" t="61" w="765" /></phr></stem><stem n="'s/+/"><phr n="'s/+/"><ent r="3" t="61" w="714" /><ent r="3" t="61" w="767" /></phr></stem><stem n="/g'|"><phr n="/g'|"><ent r="3" t="61" w="715" /><ent r="3" t="61" w="768" /></phr></stem><stem n="g'|"><phr n="g'|"><ent r="3" t="61" w="715" /><ent r="3" t="61" w="714" /><ent r="3" t="61" w="768" /><ent r="3" t="61" w="767" /></phr></stem><stem n="'s/\%0[dd]//g'"><phr n="'s/\%0[dD]//g'"><ent r="3" t="61" w="721" /><ent r="3" t="61" w="774" /></phr></stem><stem n="0-9a"><phr n="0-9a"><ent r="3" t="61" w="726" /><ent r="3" t="61" w="730" /><ent r="3" t="61" w="779" /><ent r="3" t="61" w="783" /></phr></stem><stem n="0-9a-fa"><phr n="0-9a-fA"><ent r="3" t="61" w="726" /><ent r="3" t="61" w="730" /><ent r="3" t="61" w="779" /><ent r="3" t="61" w="783" /></phr></stem><stem n="0-9a-fa-f"><phr n="0-9a-fA-F"><ent r="3" t="61" w="726" /><ent r="3" t="61" w="730" /><ent r="3" t="61" w="779" /><ent r="3" t="61" w="783" /></phr></stem><stem n="9a"><phr n="9a"><ent r="3" t="61" w="727" /><ent r="3" t="61" w="731" /><ent r="3" t="61" w="780" /><ent r="3" t="61" w="784" /></phr></stem><stem n="9a-fa"><phr n="9a-fA"><ent r="3" t="61" w="727" /><ent r="3" t="61" w="731" /><ent r="3" t="61" w="780" /><ent r="3" t="61" w="784" /></phr></stem><stem n="9a-fa-f"><phr n="9a-fA-F"><ent r="3" t="61" w="727" /><ent r="3" t="61" w="731" /><ent r="3" t="61" w="780" /><ent r="3" t="61" w="784" /></phr></stem><stem n="fa"><phr n="fA"><ent r="3" t="61" w="728" /><ent r="3" t="61" w="732" /><ent r="3" t="61" w="781" /><ent r="3" t="61" w="785" /></phr></stem><stem n="fa-f"><phr n="fA-F"><ent r="3" t="61" w="728" /><ent r="3" t="61" w="732" /><ent r="3" t="61" w="781" /><ent r="3" t="61" w="785" /></phr></stem><stem n="$0,1"><phr n="$0,1"><ent r="3" t="61" w="737" /><ent r="3" t="61" w="736" /><ent r="3" t="61" w="790" /><ent r="3" t="61" w="789" /></phr></stem><stem n="rstart"><phr n="RSTART"><ent r="3" t="61" w="738" /><ent r="3" t="61" w="791" /></phr></stem><stem n="rstart-1"><phr n="RSTART-1"><ent r="3" t="61" w="738" /><ent r="3" t="61" w="791" /></phr></stem><stem n="$0,1,sprintf"><phr n="$0,1,sprintf"><ent r="3" t="61" w="740" /><ent r="3" t="61" w="736" /><ent r="3" t="61" w="793" /><ent r="3" t="61" w="789" /></phr></stem><stem n="strtonum"><phr n="strtonum"><ent r="3" t="61" w="742" /></phr></stem><stem n="$0,rstart+1"><phr n="$0,RSTART+1"><ent r="3" t="61" w="746" /><ent r="3" t="61" w="745" /><ent r="3" t="61" w="799" /><ent r="3" t="61" w="798" /></phr></stem></index>