<?xml version="1.0" encoding="utf-8"?><index><stem n="(com.dartware.cmd.simple)"><phr n="(com.dartware.cmd.simple)"><ent r="3" t="45" w="91" /></phr></stem><stem n="cmd.simpl"><phr n="cmd.simple"><ent r="3" t="45" w="110" /><ent r="3" t="45" w="109" /></phr></stem><stem n="&quot;cmd.simple&quot;"><phr n="&quot;cmd.simple&quot;"><ent r="3" t="45" w="111" /></phr></stem><stem n="&quot;simpl"><phr n="&quot;Simple"><ent r="3" t="45" w="113" /></phr></stem><stem n="&quot;simple.sh"><phr n="&quot;simple.sh"><ent r="3" t="45" w="175" /></phr></stem><stem n="simple.sh"><phr n="simple.sh"><ent r="3" t="45" w="175" /><ent r="3" t="45" w="174" /></phr></stem><stem n="{address}&quot;"><phr n="{ADDRESS}&quot;"><ent r="3" t="45" w="178" /><ent r="3" t="46" w="384" /></phr></stem><stem n="\b5\simpl"><phr n="\B5\Simple"><ent r="3" t="45" w="204" /></phr></stem><stem n="(${chartable:"><phr n="(${chartable:"><ent r="3" t="45" w="215" /></phr></stem><stem n="#.####"><phr n="#.####"><ent r="3" t="45" w="215" /></phr></stem><stem n="})"><phr n="})"><ent r="3" t="45" w="216" /></phr></stem><stem n="visit"><phr n="visit"><ent r="3" t="45" w="225" /><ent r="3" t="47" w="700" /><ent r="3" t="49" w="568" /></phr></stem><stem n="site"><phr n="site"><ent r="3" t="45" w="228" /><ent r="3" t="47" w="703" /></phr></stem><stem n="www.nagio"><phr n="www.nagios"><ent r="64" t="45" w="233" /><ent r="64" t="45" w="232" /><ent r="64" t="47" w="29" /><ent r="64" t="47" w="28" /><ent r="64" t="47" w="227" /><ent r="64" t="47" w="226" /><ent r="64" t="47" w="708" /><ent r="64" t="47" w="707" /><ent r="3" t="48" w="182" /><ent r="3" t="48" w="181" /></phr></stem><stem n="://www.nagios.org"><phr n="://www.nagios.org"><ent r="64" t="45" w="234" /><ent r="64" t="47" w="30" /><ent r="64" t="47" w="709" /></phr></stem><stem n="www.nagios.org"><phr n="www.nagios.org"><ent r="64" t="45" w="234" /><ent r="64" t="45" w="232" /><ent r="64" t="47" w="30" /><ent r="64" t="47" w="28" /><ent r="64" t="47" w="228" /><ent r="64" t="47" w="226" /><ent r="64" t="47" w="709" /><ent r="64" t="47" w="707" /><ent r="3" t="48" w="183" /><ent r="3" t="48" w="181" /></phr></stem><stem n="logo"><phr n="logo"><ent r="3" t="45" w="240" /><ent r="3" t="47" w="213" /><ent r="3" t="47" w="715" /><ent r="3" t="48" w="168" /><ent r="3" t="67" w="142" /><ent r="5" t="67" w="214" /><ent r="4" t="67" w="237" /><ent r="6" t="70" w="1292" /></phr><phr n="Logo"><ent r="100" t="67" w="228" /></phr></stem><stem n="trademark"><phr n="trademarks"><ent r="3" t="45" w="243" /><ent r="3" t="47" w="216" /><ent r="3" t="47" w="718" /><ent r="3" t="48" w="171" /></phr></stem><stem n="ethan"><phr n="Ethan"><ent r="3" t="45" w="245" /><ent r="3" t="47" w="218" /><ent r="3" t="47" w="720" /><ent r="3" t="48" w="173" /></phr></stem><stem n="galstad"><phr n="Galstad"><ent r="3" t="45" w="246" /><ent r="3" t="47" w="219" /><ent r="3" t="47" w="721" /><ent r="3" t="48" w="174" /></phr></stem><stem n="ship"><phr n="ships"><ent r="3" t="46" w="11" /><ent r="3" t="71" w="76" /></phr><phr n="ship"><ent r="3" t="46" w="57" /></phr><phr n="shipped"><ent r="3" t="46" w="85" /></phr></stem><stem n="across"><phr n="across"><ent r="3" t="46" w="43" /></phr></stem><stem n="2.6"><phr n="2.6"><ent r="4" t="46" w="61" /><ent r="4" t="46" w="60" /><ent r="65" t="47" w="569" /><ent r="65" t="47" w="568" /><ent r="65" t="47" w="812" /><ent r="65" t="47" w="811" /><ent r="4" t="75" w="52" /><ent r="4" t="75" w="51" /></phr></stem><stem n="optim"><phr n="optimized"><ent r="3" t="46" w="64" /><ent r="3" t="46" w="93" /></phr></stem><stem n="librari"><phr n="libraries"><ent r="3" t="46" w="66" /><ent r="4" t="49" w="371" /></phr><phr n="library"><ent r="4" t="49" w="414" /><ent r="4" t="49" w="427" /><ent r="64" t="49" w="985" /><ent r="64" t="49" w="997" /><ent r="3" t="52" w="37" /></phr></stem><stem n="introductori"><phr n="introductory"><ent r="3" t="46" w="70" /></phr></stem><stem n="docs.python"><phr n="docs.python"><ent r="64" t="46" w="80" /><ent r="64" t="46" w="79" /><ent r="64" t="49" w="983" /><ent r="64" t="49" w="982" /><ent r="64" t="49" w="995" /><ent r="64" t="49" w="994" /></phr></stem><stem n="docs.python.org"><phr n="docs.python.org"><ent r="64" t="46" w="81" /><ent r="64" t="46" w="79" /><ent r="64" t="49" w="984" /><ent r="64" t="49" w="982" /><ent r="64" t="49" w="996" /><ent r="64" t="49" w="994" /></phr></stem><stem n="://docs.python.org/tut"><phr n="://docs.python.org/tut"><ent r="64" t="46" w="82" /></phr></stem><stem n="docs.python.org/tut"><phr n="docs.python.org/tut"><ent r="64" t="46" w="82" /><ent r="64" t="46" w="79" /></phr></stem><stem n="tut"><phr n="tut"><ent r="64" t="46" w="82" /></phr></stem><stem n="(-oo),"><phr n="(-OO),"><ent r="3" t="46" w="98" /></phr></stem><stem n="macosx"><phr n="MacOSX"><ent r="6" t="46" w="106" /></phr></stem><stem n="linux"><phr n="Linux"><ent r="6" t="46" w="108" /><ent r="4" t="49" w="230" /><ent r="4" t="49" w="259" /><ent r="4" t="61" w="37" /></phr></stem><stem n="/usr/local/imdc/core/python/bin/imdc"><phr n="/usr/local/imdc/core/python/bin/imdc"><ent r="5" t="46" w="118" /><ent r="3" t="46" w="429" /></phr></stem><stem n="script_nam"><phr n="script_name"><ent r="5" t="46" w="121" /><ent r="5" t="46" w="120" /><ent r="5" t="46" w="136" /><ent r="5" t="46" w="135" /></phr></stem><stem n="[script_name]"><phr n="[script_name]"><ent r="5" t="46" w="122" /><ent r="5" t="46" w="137" /></phr></stem><stem n=":\program"><phr n=":\Program"><ent r="5" t="46" w="126" /></phr></stem><stem n="dwf"><phr n="dwf"><ent r="5" t="46" w="129" /></phr></stem><stem n="\intermapper\dwf\core\python\imdc.ex"><phr n="\InterMapper\dwf\core\python\imdc.exe"><ent r="5" t="46" w="133" /></phr></stem><stem n="imdc.ex"><phr n="imdc.exe"><ent r="5" t="46" w="133" /><ent r="5" t="46" w="132" /></phr></stem><stem n="(&lt;tools:sample.py&gt;"><phr n="(&lt;tools:sample.py&gt;"><ent r="4" t="46" w="175" /></phr></stem><stem n="sample.py&gt;"><phr n="sample.py&gt;"><ent r="4" t="46" w="175" /><ent r="4" t="46" w="174" /><ent r="3" t="46" w="421" /><ent r="3" t="46" w="420" /><ent r="3" t="46" w="496" /><ent r="3" t="46" w="495" /></phr></stem><stem n="com.dartware.python"><phr n="com.dartware.python"><ent r="3" t="46" w="227" /><ent r="3" t="46" w="225" /></phr></stem><stem n="com.dartware.python.sampl"><phr n="com.dartware.python.sample"><ent r="3" t="46" w="228" /><ent r="3" t="46" w="225" /></phr></stem><stem n="com.dartware.python.sample.txt"><phr n="com.dartware.python.sample.txt"><ent r="3" t="46" w="229" /><ent r="3" t="46" w="225" /></phr></stem><stem n="(com.dartware.python.sample.txt)"><phr n="(com.dartware.python.sample.txt)"><ent r="3" t="46" w="230" /></phr></stem><stem n="mar"><phr n="Mar"><ent r="3" t="46" w="253" /><ent r="3" t="49" w="704" /></phr></stem><stem n="2004"><phr n="2004"><ent r="3" t="46" w="254" /></phr></stem><stem n="christoph"><phr n="Christopher"><ent r="3" t="46" w="256" /></phr></stem><stem n="sweenei"><phr n="Sweeney"><ent r="3" t="46" w="258" /></phr></stem><stem n="stephen"><phr n="Stephen"><ent r="3" t="46" w="266" /></phr></stem><stem n="ryan"><phr n="Ryan"><ent r="3" t="46" w="268" /></phr></stem><stem n="dec"><phr n="Dec"><ent r="3" t="46" w="275" /></phr></stem><stem n="jan"><phr n="Jan"><ent r="3" t="46" w="290" /></phr></stem><stem n="=&quot;com.dartware&quot;"><phr n="=&quot;com.dartware&quot;"><ent r="3" t="46" w="306" /></phr></stem><stem n="probe_python"><phr n="probe_python"><ent r="3" t="46" w="308" /><ent r="3" t="46" w="306" /></phr></stem><stem n="probe_python.sampl"><phr n="probe_python.sample"><ent r="3" t="46" w="309" /><ent r="3" t="46" w="306" /></phr></stem><stem n="_name=&quot;python.sample&quot;"><phr n="_name=&quot;python.sample&quot;"><ent r="3" t="46" w="310" /></phr></stem><stem n="_name=&quot;python"><phr n="_name=&quot;Python"><ent r="3" t="46" w="312" /></phr></stem><stem n="human_python"><phr n="human_Python"><ent r="3" t="46" w="312" /><ent r="3" t="46" w="310" /></phr></stem><stem n="=&quot;1.1&quot;"><phr n="=&quot;1.1&quot;"><ent r="3" t="46" w="317" /></phr></stem><stem n="address_ip"><phr n="address_IP"><ent r="3" t="46" w="319" /><ent r="3" t="46" w="317" /></phr></stem><stem n="_type=&quot;ip&quot;"><phr n="_type=&quot;IP&quot;"><ent r="3" t="46" w="320" /></phr></stem><stem n="&quot;miscellaneous/test/python"><phr n="&quot;Miscellaneous/Test/Python"><ent r="3" t="46" w="324" /></phr></stem><stem n="miscellaneous/test/python"><phr n="Miscellaneous/Test/Python"><ent r="3" t="46" w="324" /><ent r="3" t="46" w="322" /></phr></stem><stem n="\gb\python"><phr n="\GB\Python"><ent r="3" t="46" w="330" /></phr></stem><stem n="random"><phr n="random"><ent r="3" t="46" w="353" /><ent r="3" t="46" w="471" /><ent r="3" t="46" w="473" /><ent r="7" t="70" w="340" /></phr></stem><stem n="down/alarm"><phr n="Down/Alarm"><ent r="3" t="46" w="366" /><ent r="3" t="46" w="365" /></phr></stem><stem n="down/alarm/warn"><phr n="Down/Alarm/Warning"><ent r="3" t="46" w="367" /><ent r="3" t="46" w="365" /></phr></stem><stem n="down/alarm/warning/ok"><phr n="Down/Alarm/Warning/OK"><ent r="3" t="46" w="368" /><ent r="3" t="46" w="365" /></phr></stem><stem n="down/alarm/warning/ok."><phr n="Down/Alarm/Warning/OK."><ent r="3" t="46" w="368" /><ent r="3" t="46" w="365" /></phr></stem><stem n="/alarm/warning/ok."><phr n="/Alarm/Warning/OK."><ent r="3" t="46" w="369" /></phr></stem><stem n="sample.pi"><phr n="sample.py"><ent r="3" t="46" w="381" /><ent r="3" t="46" w="380" /></phr></stem><stem n=":${exit_code}=1"><phr n=":${EXIT_CODE}=1"><ent r="3" t="46" w="404" /></phr></stem><stem n=":sample.py&gt;"><phr n=":sample.py&gt;"><ent r="3" t="46" w="421" /></phr></stem><stem n="#!"><phr n="#!"><ent r="3" t="46" w="423" /><ent r="3" t="61" w="463" /></phr></stem><stem n="(len(sys.argv)"><phr n="(len(sys.argv)"><ent r="3" t="46" w="445" /></phr></stem><stem n="%s"><phr n="%s"><ent r="3" t="46" w="449" /><ent r="3" t="61" w="515" /></phr></stem><stem n="_address_&quot;"><phr n="_address_&quot;"><ent r="3" t="46" w="451" /></phr></stem><stem n=".argv[0]"><phr n=".argv[0]"><ent r="3" t="46" w="454" /></phr></stem><stem n=".exit(0)"><phr n=".exit(0)"><ent r="3" t="46" w="457" /></phr></stem><stem n="addr"><phr n="addr"><ent r="3" t="46" w="457" /><ent r="3" t="46" w="469" /><ent r="3" t="46" w="488" /></phr></stem><stem n="random.randrang"><phr n="random.randrange"><ent r="3" t="46" w="474" /><ent r="3" t="46" w="473" /></phr></stem><stem n="randrang"><phr n="randrange"><ent r="3" t="46" w="474" /></phr></stem><stem n=".randrange(4)"><phr n=".randrange(4)"><ent r="3" t="46" w="476" /></phr></stem><stem n="&quot;pretend"><phr n="&quot;Pretending"><ent r="3" t="46" w="477" /></phr></stem><stem n="got"><phr n="got"><ent r="3" t="46" w="479" /><ent r="3" t="54" w="511" /></phr></stem><stem n="%d"><phr n="%d"><ent r="3" t="46" w="481" /></phr></stem><stem n="(result,"><phr n="(result,"><ent r="3" t="46" w="488" /></phr></stem><stem n=".exit(result)"><phr n=".exit(result)"><ent r="3" t="46" w="492" /></phr></stem><stem n="/tool:sample.py&gt;"><phr n="/tool:sample.py&gt;"><ent r="3" t="46" w="496" /></phr></stem><stem n="--intermapp"><phr n="--InterMapper"><ent r="3" t="47" w="111" /><ent r="3" t="47" w="112" /></phr></stem><stem n="line-"><phr n="line-"><ent r="3" t="47" w="111" /></phr></stem><stem n="line--intermapp"><phr n="line--InterMapper"><ent r="3" t="47" w="111" /></phr></stem><stem n="up/okai"><phr n="UP/Okay"><ent r="3" t="47" w="143" /><ent r="3" t="47" w="142" /></phr></stem><stem n="up/okay,"><phr n="UP/Okay,"><ent r="3" t="47" w="143" /><ent r="3" t="47" w="142" /></phr></stem><stem n="/okay,"><phr n="/Okay,"><ent r="3" t="47" w="144" /></phr></stem><stem n="up/alarm"><phr n="UP/Alarm"><ent r="3" t="47" w="145" /><ent r="3" t="47" w="144" /></phr></stem><stem n="up/alarm,"><phr n="UP/Alarm,"><ent r="3" t="47" w="145" /><ent r="3" t="47" w="144" /></phr></stem><stem n="/alarm,"><phr n="/Alarm,"><ent r="3" t="47" w="146" /></phr></stem><stem n="up/crit"><phr n="UP/Critical"><ent r="3" t="47" w="147" /><ent r="3" t="47" w="146" /></phr></stem><stem n="up/critical,"><phr n="UP/Critical,"><ent r="3" t="47" w="147" /><ent r="3" t="47" w="146" /></phr></stem><stem n="/critical,"><phr n="/Critical,"><ent r="3" t="47" w="148" /></phr></stem><stem n="nice"><phr n="nicely"><ent r="3" t="47" w="170" /></phr><phr n="nice"><ent r="3" t="48" w="100" /></phr></stem><stem n="/condit"><phr n="/condition"><ent r="3" t="47" w="186" /></phr></stem><stem n="reason/condit"><phr n="reason/condition"><ent r="3" t="47" w="186" /><ent r="3" t="47" w="185" /></phr></stem><stem n="-directori"><phr n="-directory"><ent r="3" t="47" w="202" /><ent r="3" t="47" w="202" /><ent r="4" t="47" w="287" /><ent r="4" t="47" w="287" /><ent r="3" t="48" w="153" /><ent r="3" t="48" w="153" /></phr></stem><stem n="sub-directori"><phr n="sub-directory"><ent r="3" t="47" w="202" /><ent r="4" t="47" w="287" /><ent r="3" t="48" w="153" /></phr></stem><stem n="www.nagios.org/"><phr n="www.nagios.org/"><ent r="64" t="47" w="228" /><ent r="64" t="47" w="226" /></phr></stem><stem n="://www.nagios.org/"><phr n="://www.nagios.org/"><ent r="64" t="47" w="229" /></phr></stem><stem n="/execut"><phr n="/executable"><ent r="100" t="47" w="232" /></phr></stem><stem n="runnable/execut"><phr n="Runnable/executable"><ent r="100" t="47" w="232" /><ent r="100" t="47" w="231" /></phr></stem><stem n="link/alia"><phr n="Link/alias"><ent r="100" t="47" w="235" /><ent r="100" t="47" w="234" /></phr><phr n="link/alias"><ent r="4" t="47" w="278" /><ent r="4" t="47" w="277" /></phr></stem><stem n="/alias/shortcut"><phr n="/alias/shortcut"><ent r="100" t="47" w="236" /><ent r="4" t="47" w="279" /></phr></stem><stem n="link/alias/shortcut"><phr n="Link/alias/shortcut"><ent r="100" t="47" w="236" /><ent r="100" t="47" w="234" /></phr><phr n="link/alias/shortcut"><ent r="4" t="47" w="279" /><ent r="4" t="47" w="277" /></phr></stem><stem n="shortcut"><phr n="shortcut"><ent r="100" t="47" w="236" /><ent r="4" t="47" w="279" /></phr></stem><stem n="templat"><phr n="Template"><ent r="100" t="47" w="247" /><ent r="3" t="47" w="736" /><ent r="4" t="47" w="752" /><ent r="4" t="47" w="783" /><ent r="4" t="47" w="849" /><ent r="66" t="65" w="169" /><ent r="1000" t="67" w="1" /><ent r="100" t="67" w="4" /><ent r="102" t="67" w="7" /><ent r="100" t="67" w="73" /><ent r="92" t="67" w="77" /><ent r="100" t="68" w="62" /><ent r="100" t="71" w="355" /><ent r="3" t="71" w="359" /><ent r="100" t="71" w="362" /></phr><phr n="template"><ent r="3" t="48" w="19" /><ent r="3" t="48" w="39" /><ent r="4" t="65" w="119" /><ent r="3" t="65" w="267" /><ent r="4" t="67" w="24" /><ent r="3" t="67" w="36" /><ent r="3" t="67" w="53" /><ent r="3" t="67" w="85" /><ent r="7" t="68" w="60" /><ent r="7" t="68" w="67" /><ent r="6" t="68" w="77" /><ent r="7" t="68" w="82" /><ent r="7" t="68" w="87" /><ent r="7" t="68" w="105" /><ent r="6" t="68" w="112" /><ent r="7" t="68" w="413" /><ent r="7" t="68" w="434" /><ent r="3" t="70" w="121" /><ent r="6" t="70" w="1711" /><ent r="5" t="70" w="1760" /><ent r="3" t="71" w="14" /><ent r="3" t="71" w="238" /><ent r="3" t="71" w="373" /><ent r="3" t="71" w="374" /><ent r="3" t="71" w="393" /><ent r="3" t="71" w="398" /><ent r="3" t="72" w="27" /></phr><phr n="templates"><ent r="4" t="65" w="217" /><ent r="4" t="65" w="253" /><ent r="3" t="71" w="101" /><ent r="3" t="71" w="163" /><ent r="3" t="71" w="258" /></phr></stem><stem n="creator"><phr n="creator"><ent r="4" t="47" w="269" /></phr></stem><stem n="move"><phr n="Move"><ent r="4" t="47" w="271" /></phr><phr n="move"><ent r="3" t="61" w="669" /></phr></stem><stem n="files'"><phr n="files's"><ent r="4" t="47" w="319" /><ent r="4" t="47" w="318" /></phr></stem><stem n=":nagio"><phr n=":Nagios"><ent r="100" t="47" w="375" /></phr></stem><stem n="nagiosplug"><phr n="nagiosplug"><ent r="64" t="47" w="403" /></phr></stem><stem n="nagiosplug.sourceforg"><phr n="nagiosplug.sourceforge"><ent r="64" t="47" w="404" /><ent r="64" t="47" w="403" /></phr></stem><stem n="sourceforg"><phr n="sourceforge"><ent r="64" t="47" w="404" /></phr></stem><stem n="nagiosplug.sourceforge.net"><phr n="nagiosplug.sourceforge.net"><ent r="64" t="47" w="405" /><ent r="64" t="47" w="403" /></phr></stem><stem n="developer-guidelin"><phr n="developer-guidelines"><ent r="64" t="47" w="406" /></phr></stem><stem n="://nagiosplug.sourceforge.net/developer-guidelines.html"><phr n="://nagiosplug.sourceforge.net/developer-guidelines.html"><ent r="64" t="47" w="408" /></phr></stem><stem n="nagiosplug.sourceforge.net/developer-guidelines.html"><phr n="nagiosplug.sourceforge.net/developer-guidelines.html"><ent r="64" t="47" w="408" /><ent r="64" t="47" w="403" /></phr></stem><stem n="posix"><phr n="POSIX"><ent r="5" t="47" w="439" /></phr></stem><stem n="2.4"><phr n="2.4"><ent r="65" t="47" w="449" /><ent r="65" t="47" w="448" /></phr></stem><stem n="(yellow);"><phr n="(yellow);"><ent r="6" t="47" w="470" /></phr></stem><stem n="(red);"><phr n="(red);"><ent r="6" t="47" w="474" /></phr></stem><stem n="&lt;descript"><phr n="&lt;description"><ent r="3" t="47" w="490" /><ent r="4" t="47" w="498" /></phr></stem><stem n="status&gt;|perfdata"><phr n="status&gt;|Perfdata"><ent r="3" t="47" w="494" /></phr></stem><stem n="status&gt;"><phr n="status&gt;"><ent r="4" t="47" w="502" /></phr></stem><stem n="pipe"><phr n="pipe"><ent r="4" t="47" w="542" /></phr></stem><stem n="&quot;pipe&quot;"><phr n="&quot;pipe&quot;"><ent r="4" t="47" w="543" /></phr></stem><stem n="perfdata"><phr n="Perfdata"><ent r="4" t="47" w="550" /><ent r="4" t="47" w="552" /></phr><phr n="PERFDATA"><ent r="4" t="47" w="808" /></phr></stem><stem n="&quot;perfdata&quot;"><phr n="&quot;Perfdata&quot;"><ent r="4" t="47" w="551" /></phr></stem><stem n="(perform"><phr n="(Performance"><ent r="4" t="47" w="553" /></phr></stem><stem n="space-separ"><phr n="space-separated"><ent r="4" t="47" w="578" /></phr></stem><stem n="label'valu"><phr n="label'value"><ent r="3" t="47" w="586" /><ent r="3" t="47" w="585" /></phr></stem><stem n="uom"><phr n="UOM"><ent r="3" t="47" w="587" /></phr></stem><stem n="'label'=value[uom];[warn];[crit];[min];[max]"><phr n="'label'=value[UOM];[warn];[crit];[min];[max]"><ent r="3" t="47" w="592" /></phr></stem><stem n="_load"><phr n="_load"><ent r="3" t="47" w="600" /></phr></stem><stem n="check_load"><phr n="check_load"><ent r="3" t="47" w="600" /><ent r="3" t="47" w="599" /><ent r="3" t="47" w="627" /><ent r="3" t="47" w="626" /></phr></stem><stem n="./check_load"><phr n="./check_load"><ent r="3" t="47" w="627" /></phr></stem><stem n="15,10"><phr n="15,10"><ent r="3" t="47" w="630" /><ent r="3" t="47" w="629" /></phr></stem><stem n=",10,5"><phr n=",10,5"><ent r="3" t="47" w="631" /></phr></stem><stem n="15,10,5"><phr n="15,10,5"><ent r="3" t="47" w="631" /><ent r="3" t="47" w="629" /></phr></stem><stem n="30,25"><phr n="30,25"><ent r="3" t="47" w="634" /><ent r="3" t="47" w="633" /></phr></stem><stem n=",25,20"><phr n=",25,20"><ent r="3" t="47" w="635" /></phr></stem><stem n="30,25,20"><phr n="30,25,20"><ent r="3" t="47" w="635" /><ent r="3" t="47" w="633" /></phr></stem><stem n="0.95"><phr n="0.95"><ent r="3" t="47" w="640" /><ent r="3" t="47" w="639" /></phr></stem><stem n="95"><phr n="95"><ent r="3" t="47" w="640" /></phr></stem><stem n="0.95,"><phr n="0.95,"><ent r="3" t="47" w="640" /><ent r="3" t="47" w="639" /></phr></stem><stem n=".95,"><phr n=".95,"><ent r="3" t="47" w="641" /></phr></stem><stem n="0.72"><phr n="0.72"><ent r="3" t="47" w="642" /><ent r="3" t="47" w="641" /></phr></stem><stem n="0.72,"><phr n="0.72,"><ent r="3" t="47" w="642" /><ent r="3" t="47" w="641" /></phr></stem><stem n=".72,"><phr n=".72,"><ent r="3" t="47" w="643" /></phr></stem><stem n="0.64|load1"><phr n="0.64|load1"><ent r="3" t="47" w="644" /><ent r="3" t="47" w="643" /></phr></stem><stem n="64|load1"><phr n="64|load1"><ent r="3" t="47" w="644" /></phr></stem><stem n="0.0.954"><phr n="0.0.954"><ent r="3" t="47" w="646" /><ent r="3" t="47" w="643" /></phr></stem><stem n="954"><phr n="954"><ent r="3" t="47" w="646" /></phr></stem><stem n="15.000"><phr n="15.000"><ent r="3" t="47" w="648" /><ent r="3" t="47" w="647" /></phr></stem><stem n="000"><phr n="000"><ent r="3" t="47" w="648" /><ent r="3" t="47" w="650" /><ent r="3" t="47" w="656" /><ent r="3" t="47" w="658" /><ent r="3" t="47" w="664" /><ent r="3" t="47" w="666" /><ent r="3" t="55" w="652" /></phr></stem><stem n="30.000"><phr n="30.000"><ent r="3" t="47" w="650" /><ent r="3" t="47" w="649" /></phr></stem><stem n=".64|load1=0.954;15.000;30.000;0;"><phr n=".64|load1=0.954;15.000;30.000;0;"><ent r="3" t="47" w="652" /></phr></stem><stem n="load5"><phr n="load5"><ent r="3" t="47" w="652" /></phr></stem><stem n="0.718"><phr n="0.718"><ent r="3" t="47" w="654" /><ent r="3" t="47" w="653" /></phr></stem><stem n="718"><phr n="718"><ent r="3" t="47" w="654" /></phr></stem><stem n="10.000"><phr n="10.000"><ent r="3" t="47" w="656" /><ent r="3" t="47" w="655" /></phr></stem><stem n="25.000"><phr n="25.000"><ent r="3" t="47" w="658" /><ent r="3" t="47" w="657" /></phr></stem><stem n="=0.718;10.000;25.000;0;"><phr n="=0.718;10.000;25.000;0;"><ent r="3" t="47" w="660" /></phr></stem><stem n="load15"><phr n="load15"><ent r="3" t="47" w="660" /></phr></stem><stem n="0.635"><phr n="0.635"><ent r="3" t="47" w="662" /><ent r="3" t="47" w="661" /></phr></stem><stem n="635"><phr n="635"><ent r="3" t="47" w="662" /></phr></stem><stem n="5.000"><phr n="5.000"><ent r="3" t="47" w="664" /><ent r="3" t="47" w="663" /></phr></stem><stem n="20.000"><phr n="20.000"><ent r="3" t="47" w="666" /><ent r="3" t="47" w="665" /></phr></stem><stem n="=0.635;5.000;20.000;0;"><phr n="=0.635;5.000;20.000;0;"><ent r="3" t="47" w="668" /></phr></stem><stem n="5.0"><phr n="5.0"><ent r="82" t="47" w="727" /><ent r="82" t="47" w="726" /></phr></stem><stem n="familiar"><phr n="familiar"><ent r="3" t="47" w="731" /></phr></stem><stem n="took"><phr n="took"><ent r="4" t="47" w="785" /></phr></stem><stem n="&quot;condition&quot;"><phr n="&quot;condition&quot;"><ent r="4" t="47" w="793" /></phr></stem><stem n="&quot;reason&quot;"><phr n="&quot;reason&quot;"><ent r="4" t="47" w="795" /></phr></stem><stem n="presenc"><phr n="presence"><ent r="4" t="47" w="804" /></phr></stem><stem n="('perfdata')"><phr n="('PERFDATA')"><ent r="4" t="47" w="809" /></phr></stem><stem n="com.dartware.nagiosx"><phr n="com.dartware.nagiosx"><ent r="3" t="48" w="18" /><ent r="3" t="48" w="16" /></phr></stem><stem n="nagiosx"><phr n="nagiosx"><ent r="3" t="48" w="18" /></phr></stem><stem n="com.dartware.nagiosx.templ"><phr n="com.dartware.nagiosx.template"><ent r="3" t="48" w="19" /><ent r="3" t="48" w="16" /></phr></stem><stem n="(com.dartware.nagiosx.template)"><phr n="(com.dartware.nagiosx.template)"><ent r="3" t="48" w="20" /></phr></stem><stem n="nagios.templ"><phr n="nagios.template"><ent r="3" t="48" w="39" /><ent r="3" t="48" w="38" /></phr></stem><stem n="&quot;nagios.template&quot;"><phr n="&quot;nagios.template&quot;"><ent r="3" t="48" w="40" /></phr></stem><stem n="&quot;nagio"><phr n="&quot;Nagios"><ent r="3" t="48" w="42" /></phr></stem><stem n="1.6"><phr n="1.6"><ent r="3" t="48" w="46" /><ent r="3" t="48" w="45" /></phr></stem><stem n="&quot;1.6&quot;"><phr n="&quot;1.6&quot;"><ent r="3" t="48" w="47" /></phr></stem><stem n="miscellaneous/nagio"><phr n="Miscellaneous/Nagios"><ent r="3" t="48" w="53" /><ent r="3" t="48" w="52" /></phr></stem><stem n="&quot;miscellaneous/nagios/nagio"><phr n="&quot;Miscellaneous/Nagios/Nagios"><ent r="3" t="48" w="54" /></phr></stem><stem n="miscellaneous/nagios/nagio"><phr n="Miscellaneous/Nagios/Nagios"><ent r="3" t="48" w="54" /><ent r="3" t="48" w="52" /></phr></stem><stem n="\gb\nagio"><phr n="\GB\Nagios"><ent r="3" t="48" w="62" /></phr></stem><stem n="\i\plugin\p\"><phr n="\i\Plugin\p\"><ent r="3" t="48" w="109" /></phr></stem><stem n="\${address}"><phr n="\${ADDRESS}"><ent r="3" t="48" w="127" /></phr></stem><stem n="\${port}"><phr n="\${PORT}"><ent r="3" t="48" w="138" /></phr></stem><stem n="\u2\http://www.nagios.org\p0\"><phr n="\U2\http://www.nagios.org\P0\"><ent r="3" t="48" w="185" /></phr></stem><stem n="&quot;check_p"><phr n="&quot;check_ping"><ent r="3" t="48" w="190" /></phr></stem><stem n="-h"><phr n="-H"><ent r="3" t="48" w="191" /><ent r="3" t="48" w="191" /></phr></stem><stem n="{plugin}"><phr n="{Plugin}"><ent r="3" t="48" w="216" /></phr></stem><stem n="\b5\nagio"><phr n="\B5\NAGIOS"><ent r="3" t="48" w="256" /></phr></stem><stem n="{plugin}\p0\"><phr n="{Plugin}\P0\"><ent r="3" t="48" w="263" /></phr></stem><stem n="noaa"><phr n="NOAA"><ent r="1000" t="49" w="1" /><ent r="102" t="49" w="6" /><ent r="64" t="49" w="35" /><ent r="4" t="49" w="423" /><ent r="92" t="49" w="443" /><ent r="3" t="49" w="484" /><ent r="3" t="49" w="559" /><ent r="3" t="49" w="683" /></phr><phr n="noaa"><ent r="4" t="49" w="320" /><ent r="3" t="49" w="490" /><ent r="3" t="49" w="521" /><ent r="3" t="49" w="602" /><ent r="3" t="49" w="671" /><ent r="3" t="49" w="675" /><ent r="3" t="49" w="941" /></phr></stem><stem n="weather"><phr n="Weather"><ent r="1000" t="49" w="2" /><ent r="102" t="49" w="7" /><ent r="5" t="49" w="63" /><ent r="3" t="49" w="155" /><ent r="3" t="49" w="476" /><ent r="3" t="49" w="524" /><ent r="3" t="49" w="537" /><ent r="3" t="49" w="590" /><ent r="3" t="49" w="607" /></phr><phr n="weather"><ent r="64" t="49" w="36" /><ent r="4" t="49" w="81" /><ent r="4" t="49" w="106" /><ent r="3" t="49" w="128" /><ent r="4" t="49" w="321" /><ent r="3" t="49" w="485" /><ent r="3" t="49" w="560" /><ent r="3" t="49" w="573" /><ent r="3" t="49" w="580" /><ent r="3" t="49" w="603" /><ent r="3" t="49" w="672" /><ent r="3" t="49" w="676" /><ent r="3" t="49" w="691" /><ent r="3" t="49" w="700" /><ent r="3" t="49" w="791" /><ent r="3" t="49" w="942" /></phr></stem><stem n="fun"><phr n="fun"><ent r="3" t="49" w="25" /></phr></stem><stem n="citi"><phr n="city"><ent r="3" t="49" w="42" /><ent r="4" t="49" w="76" /><ent r="3" t="49" w="137" /><ent r="3" t="49" w="566" /></phr></stem><stem n="right-click"><phr n="Right-click"><ent r="4" t="49" w="50" /><ent r="4" t="50" w="170" /></phr></stem><stem n="-temp"><phr n="-Temp"><ent r="5" t="49" w="64" /><ent r="5" t="49" w="64" /></phr></stem><stem n="service-temp"><phr n="Service-Temp"><ent r="5" t="49" w="64" /><ent r="3" t="49" w="538" /></phr></stem><stem n="/test"><phr n="/Test"><ent r="4" t="49" w="71" /></phr></stem><stem n="categori"><phr n="category"><ent r="4" t="49" w="72" /><ent r="4" t="65" w="368" /></phr><phr n="categories"><ent r="3" t="70" w="66" /></phr></stem><stem n="closest"><phr n="closest"><ent r="4" t="49" w="80" /></phr></stem><stem n="station"><phr n="station"><ent r="4" t="49" w="82" /><ent r="4" t="49" w="107" /><ent r="3" t="49" w="736" /><ent r="3" t="49" w="756" /><ent r="3" t="49" w="803" /></phr><phr n="Station"><ent r="3" t="49" w="591" /><ent r="3" t="49" w="608" /></phr></stem><stem n="(kleb"><phr n="(KLEB"><ent r="4" t="49" w="83" /></phr></stem><stem n="kleb"><phr n="KLEB"><ent r="4" t="49" w="83" /><ent r="3" t="49" w="592" /><ent r="3" t="49" w="696" /></phr></stem><stem n="municip"><phr n="Municipal"><ent r="4" t="49" w="87" /></phr></stem><stem n="airport"><phr n="Airport"><ent r="4" t="49" w="88" /></phr></stem><stem n="half"><phr n="half"><ent r="4" t="49" w="91" /></phr></stem><stem n="south"><phr n="south"><ent r="4" t="49" w="95" /></phr></stem><stem n="launch"><phr n="launches"><ent r="3" t="49" w="121" /></phr></stem><stem n="meteorolog"><phr n="meteorological"><ent r="3" t="49" w="132" /></phr></stem><stem n="xml"><phr n="XML"><ent r="3" t="49" w="142" /><ent r="4" t="49" w="418" /><ent r="3" t="49" w="486" /><ent r="3" t="49" w="680" /><ent r="3" t="49" w="685" /><ent r="3" t="49" w="1013" /><ent r="4" t="59" w="146" /></phr><phr n="xml"><ent r="5" t="49" w="410" /><ent r="3" t="49" w="575" /><ent r="3" t="49" w="582" /><ent r="3" t="49" w="693" /><ent r="3" t="49" w="697" /><ent r="3" t="49" w="722" /><ent r="3" t="49" w="793" /><ent r="3" t="49" w="797" /><ent r="3" t="49" w="989" /><ent r="64" t="49" w="998" /><ent r="64" t="49" w="1022" /><ent r="4" t="59" w="142" /></phr></stem></index>