<?xml version="1.0" encoding="utf-8"?><index><stem n="overrid"><phr n="overrides"><ent r="6" t="5" w="671" /><ent r="4" t="8" w="214" /><ent r="4" t="8" w="764" /><ent r="3" t="37" w="3439" /></phr><phr n="override"><ent r="6" t="5" w="705" /><ent r="3" t="10" w="36" /><ent r="4" t="25" w="316" /></phr></stem><stem n="map"><phr n="map"><ent r="6" t="5" w="673" /><ent r="3" t="10" w="375" /><ent r="3" t="10" w="433" /><ent r="4" t="21" w="864" /><ent r="4" t="22" w="641" /><ent r="3" t="28" w="129" /><ent r="4" t="31" w="195" /><ent r="3" t="32" w="399" /><ent r="3" t="32" w="554" /><ent r="3" t="33" w="265" /><ent r="3" t="33" w="357" /><ent r="3" t="40" w="62" /><ent r="4" t="47" w="302" /><ent r="4" t="50" w="142" /><ent r="3" t="57" w="191" /><ent r="3" t="58" w="461" /><ent r="3" t="58" w="476" /><ent r="3" t="58" w="493" /><ent r="3" t="58" w="500" /><ent r="3" t="59" w="393" /><ent r="4" t="60" w="49" /><ent r="4" t="66" w="578" /><ent r="6" t="68" w="744" /><ent r="6" t="68" w="817" /><ent r="3" t="70" w="213" /><ent r="6" t="70" w="259" /><ent r="6" t="70" w="288" /><ent r="6" t="70" w="369" /><ent r="6" t="70" w="551" /><ent r="6" t="70" w="565" /><ent r="6" t="70" w="627" /><ent r="6" t="70" w="873" /><ent r="6" t="70" w="1001" /><ent r="6" t="70" w="1015" /><ent r="7" t="70" w="1409" /><ent r="6" t="70" w="1426" /><ent r="7" t="70" w="1462" /><ent r="6" t="70" w="1482" /><ent r="6" t="70" w="1491" /><ent r="6" t="70" w="1533" /><ent r="6" t="70" w="1547" /><ent r="4" t="70" w="1568" /><ent r="4" t="70" w="1602" /><ent r="3" t="71" w="126" /><ent r="3" t="71" w="265" /></phr><phr n="Map"><ent r="3" t="19" w="1332" /><ent r="5" t="31" w="182" /></phr><phr n="mapped"><ent r="4" t="22" w="260" /><ent r="4" t="47" w="754" /></phr><phr n="maps"><ent r="3" t="28" w="69" /><ent r="3" t="28" w="104" /><ent r="3" t="28" w="121" /><ent r="4" t="47" w="765" /><ent r="6" t="58" w="279" /><ent r="3" t="58" w="459" /><ent r="3" t="58" w="499" /><ent r="3" t="59" w="232" /><ent r="3" t="59" w="261" /><ent r="6" t="61" w="190" /><ent r="3" t="61" w="656" /><ent r="3" t="61" w="1093" /><ent r="3" t="66" w="667" /><ent r="3" t="70" w="238" /><ent r="6" t="70" w="475" /><ent r="6" t="70" w="617" /><ent r="3" t="74" w="51" /></phr><phr n="Maps"><ent r="4" t="58" w="33" /><ent r="4" t="58" w="84" /><ent r="6" t="58" w="276" /><ent r="92" t="58" w="454" /><ent r="4" t="59" w="71" /><ent r="6" t="61" w="187" /><ent r="3" t="61" w="658" /><ent r="3" t="61" w="1095" /></phr></stem><stem n="map'"><phr n="map's"><ent r="6" t="5" w="674" /><ent r="6" t="5" w="673" /><ent r="6" t="68" w="818" /><ent r="6" t="68" w="817" /><ent r="6" t="70" w="874" /><ent r="6" t="70" w="873" /><ent r="3" t="71" w="266" /><ent r="3" t="71" w="265" /></phr></stem><stem n="avoid"><phr n="avoid"><ent r="6" t="5" w="682" /><ent r="4" t="26" w="611" /></phr></stem><stem n="-frequent"><phr n="-frequent"><ent r="6" t="5" w="683" /><ent r="6" t="5" w="683" /></phr></stem><stem n="too"><phr n="too"><ent r="6" t="5" w="683" /><ent r="6" t="5" w="694" /><ent r="4" t="16" w="1302" /><ent r="3" t="17" w="171" /><ent r="3" t="17" w="184" /><ent r="3" t="35" w="1599" /><ent r="3" t="66" w="390" /></phr><phr n="TOO"><ent r="100" t="37" w="3127" /><ent r="5" t="37" w="3133" /><ent r="4" t="37" w="3174" /></phr></stem><stem n="too-frequ"><phr n="too-frequent"><ent r="6" t="5" w="683" /></phr></stem><stem n="frequent"><phr n="frequent"><ent r="6" t="5" w="684" /></phr></stem><stem n="physic"><phr n="physical"><ent r="6" t="5" w="687" /><ent r="3" t="19" w="579" /><ent r="3" t="19" w="1337" /></phr></stem><stem n="(physical)"><phr n="(physical)"><ent r="6" t="5" w="688" /></phr></stem><stem n="often"><phr n="often"><ent r="6" t="5" w="695" /><ent r="4" t="19" w="248" /><ent r="3" t="26" w="1034" /><ent r="3" t="67" w="55" /><ent r="3" t="70" w="177" /></phr></stem><stem n="*for"><phr n="*for"><ent r="6" t="5" w="701" /></phr></stem><stem n="*"><phr n="*"><ent r="6" t="5" w="704" /><ent r="3" t="13" w="2270" /><ent r="3" t="13" w="2278" /><ent r="3" t="13" w="2286" /><ent r="3" t="13" w="2294" /><ent r="3" t="13" w="2305" /><ent r="3" t="14" w="682" /><ent r="3" t="16" w="1231" /><ent r="5" t="16" w="1522" /><ent r="3" t="16" w="1773" /><ent r="4" t="16" w="1795" /><ent r="4" t="16" w="1798" /><ent r="4" t="29" w="813" /><ent r="3" t="34" w="661" /><ent r="3" t="56" w="542" /><ent r="3" t="56" w="605" /><ent r="4" t="64" w="315" /></phr></stem><stem n="300"><phr n="300"><ent r="6" t="5" w="713" /><ent r="7" t="70" w="1361" /></phr></stem><stem n="&quot;300&quot;"><phr n="&quot;300&quot;"><ent r="6" t="5" w="714" /></phr></stem><stem n=":header"><phr n=":Header"><ent r="100" t="5" w="718" /></phr></stem><stem n="sampl"><phr n="Sample"><ent r="100" t="5" w="724" /><ent r="92" t="5" w="728" /><ent r="100" t="15" w="11" /><ent r="100" t="15" w="16" /><ent r="82" t="16" w="106" /><ent r="82" t="17" w="136" /><ent r="92" t="22" w="1129" /><ent r="3" t="46" w="224" /><ent r="3" t="46" w="313" /><ent r="3" t="46" w="325" /><ent r="3" t="46" w="331" /><ent r="3" t="46" w="431" /><ent r="3" t="58" w="391" /><ent r="100" t="72" w="76" /><ent r="3" t="72" w="92" /></phr><phr n="sample"><ent r="3" t="5" w="735" /><ent r="3" t="6" w="86" /><ent r="3" t="10" w="245" /><ent r="3" t="11" w="69" /><ent r="3" t="16" w="1160" /><ent r="3" t="19" w="92" /><ent r="3" t="20" w="120" /><ent r="3" t="22" w="1134" /><ent r="3" t="22" w="1206" /><ent r="3" t="22" w="1396" /><ent r="3" t="40" w="504" /><ent r="3" t="40" w="1093" /><ent r="4" t="41" w="337" /><ent r="3" t="43" w="94" /><ent r="4" t="46" w="174" /><ent r="3" t="46" w="197" /><ent r="3" t="46" w="228" /><ent r="3" t="46" w="309" /><ent r="3" t="46" w="337" /><ent r="3" t="46" w="380" /><ent r="3" t="46" w="420" /><ent r="3" t="46" w="495" /><ent r="3" t="58" w="415" /><ent r="3" t="58" w="423" /><ent r="3" t="58" w="430" /><ent r="3" t="58" w="437" /><ent r="3" t="58" w="469" /><ent r="3" t="59" w="387" /><ent r="3" t="67" w="165" /><ent r="3" t="70" w="1808" /><ent r="3" t="72" w="83" /></phr><phr n="samples"><ent r="6" t="16" w="780" /><ent r="3" t="64" w="34" /></phr></stem><stem n="&quot;type&quot;"><phr n="&quot;type&quot;"><ent r="3" t="5" w="746" /><ent r="4" t="5" w="821" /><ent r="3" t="14" w="152" /><ent r="3" t="20" w="327" /><ent r="3" t="27" w="93" /><ent r="3" t="32" w="121" /></phr><phr n="&quot;Type&quot;"><ent r="3" t="19" w="1367" /></phr></stem><stem n="&quot;tcp-script&quot;"><phr n="&quot;tcp-script&quot;"><ent r="3" t="5" w="748" /><ent r="3" t="39" w="128" /></phr></stem><stem n="&quot;package&quot;"><phr n="&quot;package&quot;"><ent r="3" t="5" w="750" /><ent r="3" t="14" w="156" /><ent r="3" t="20" w="330" /><ent r="3" t="27" w="96" /><ent r="3" t="32" w="125" /></phr></stem><stem n="&quot;probe_name&quot;"><phr n="&quot;probe_name&quot;"><ent r="3" t="5" w="755" /><ent r="3" t="14" w="161" /><ent r="3" t="20" w="334" /><ent r="3" t="27" w="100" /><ent r="3" t="32" w="129" /></phr></stem><stem n="snmp.exampl"><phr n="snmp.example"><ent r="3" t="5" w="756" /><ent r="3" t="5" w="755" /></phr></stem><stem n="&quot;snmp.example&quot;"><phr n="&quot;snmp.example&quot;"><ent r="3" t="5" w="757" /></phr></stem><stem n="&quot;human_name&quot;"><phr n="&quot;human_name&quot;"><ent r="3" t="5" w="760" /><ent r="3" t="14" w="166" /><ent r="3" t="20" w="339" /><ent r="3" t="27" w="104" /><ent r="3" t="32" w="133" /></phr></stem><stem n="&quot;exampl"><phr n="&quot;Example"><ent r="3" t="5" w="760" /></phr></stem><stem n="&quot;display_name&quot;"><phr n="&quot;display_name&quot;"><ent r="3" t="5" w="766" /><ent r="3" t="14" w="185" /><ent r="3" t="32" w="147" /></phr></stem><stem n="miscellan"><phr n="Miscellaneous"><ent r="3" t="5" w="766" /><ent r="3" t="14" w="185" /><ent r="3" t="14" w="804" /><ent r="3" t="20" w="354" /><ent r="3" t="44" w="474" /><ent r="3" t="44" w="733" /><ent r="3" t="46" w="322" /><ent r="3" t="48" w="52" /><ent r="4" t="49" w="70" /><ent r="3" t="49" w="535" /><ent r="93" t="70" w="646" /></phr></stem><stem n="&quot;miscellaneous/exampl"><phr n="&quot;Miscellaneous/Example"><ent r="3" t="5" w="767" /></phr></stem><stem n="miscellaneous/exampl"><phr n="Miscellaneous/Example"><ent r="3" t="5" w="767" /><ent r="3" t="5" w="766" /></phr></stem><stem n="&quot;version&quot;"><phr n="&quot;version&quot;"><ent r="3" t="5" w="772" /><ent r="3" t="14" w="171" /><ent r="3" t="20" w="343" /><ent r="3" t="27" w="109" /><ent r="3" t="32" w="136" /></phr></stem><stem n="1.0"><phr n="1.0"><ent r="3" t="5" w="773" /><ent r="3" t="5" w="772" /><ent r="3" t="13" w="2139" /><ent r="3" t="13" w="2138" /><ent r="3" t="13" w="2346" /><ent r="3" t="13" w="2345" /><ent r="3" t="13" w="2540" /><ent r="3" t="13" w="2539" /><ent r="3" t="20" w="344" /><ent r="3" t="20" w="343" /><ent r="4" t="24" w="155" /><ent r="4" t="24" w="154" /><ent r="3" t="45" w="120" /><ent r="3" t="45" w="119" /><ent r="6" t="68" w="648" /><ent r="6" t="68" w="647" /></phr></stem><stem n="0"><phr n="0"><ent r="3" t="5" w="773" /><ent r="3" t="7" w="471" /><ent r="3" t="7" w="476" /><ent r="3" t="10" w="295" /><ent r="3" t="10" w="302" /><ent r="3" t="10" w="309" /><ent r="3" t="11" w="80" /><ent r="8" t="11" w="318" /><ent r="5" t="13" w="1198" /><ent r="3" t="13" w="2007" /><ent r="3" t="13" w="2081" /><ent r="3" t="13" w="2139" /><ent r="3" t="13" w="2315" /><ent r="3" t="13" w="2325" /><ent r="3" t="13" w="2335" /><ent r="3" t="13" w="2346" /><ent r="3" t="13" w="2537" /><ent r="3" t="13" w="2540" /><ent r="3" t="14" w="374" /><ent r="3" t="14" w="516" /><ent r="3" t="14" w="642" /><ent r="3" t="14" w="651" /><ent r="3" t="14" w="660" /><ent r="3" t="14" w="675" /><ent r="3" t="14" w="691" /><ent r="3" t="14" w="1116" /><ent r="3" t="14" w="1202" /><ent r="3" t="14" w="1217" /><ent r="3" t="14" w="1231" /><ent r="3" t="14" w="1290" /><ent r="3" t="16" w="134" /><ent r="3" t="16" w="149" /><ent r="3" t="16" w="166" /><ent r="3" t="16" w="183" /><ent r="3" t="16" w="199" /><ent r="4" t="16" w="1062" /><ent r="3" t="16" w="1186" /><ent r="3" t="16" w="1190" /><ent r="3" t="16" w="1201" /><ent r="4" t="16" w="1258" /><ent r="4" t="16" w="1285" /><ent r="4" t="16" w="1300" /><ent r="4" t="16" w="1342" /><ent r="4" t="16" w="1643" /><ent r="5" t="16" w="1671" /><ent r="5" t="16" w="1676" /><ent r="4" t="16" w="1682" /><ent r="4" t="16" w="1796" /><ent r="3" t="16" w="2189" /><ent r="3" t="16" w="2278" /><ent r="3" t="17" w="154" /><ent r="3" t="19" w="1343" /><ent r="3" t="19" w="1475" /><ent r="3" t="20" w="170" /><ent r="3" t="20" w="177" /><ent r="3" t="20" w="184" /><ent r="3" t="20" w="344" /><ent r="3" t="22" w="1301" /><ent r="3" t="22" w="1385" /><ent r="3" t="22" w="1386" /><ent r="3" t="22" w="1387" /><ent r="3" t="22" w="1558" /><ent r="3" t="22" w="1566" /><ent r="3" t="22" w="1574" /><ent r="3" t="23" w="217" /><ent r="3" t="23" w="218" /><ent r="3" t="23" w="219" /><ent r="4" t="24" w="155" /><ent r="4" t="24" w="161" /><ent r="4" t="24" w="162" /><ent r="4" t="24" w="851" /><ent r="3" t="24" w="1457" /><ent r="3" t="24" w="1544" /><ent r="3" t="24" w="1553" /><ent r="3" t="24" w="1570" /><ent r="4" t="24" w="1779" /><ent r="4" t="24" w="1783" /><ent r="3" t="24" w="1970" /><ent r="3" t="24" w="2006" /><ent r="3" t="24" w="2048" /><ent r="5" t="24" w="2442" /><ent r="3" t="24" w="2508" /><ent r="3" t="24" w="2514" /><ent r="3" t="24" w="2516" /><ent r="3" t="24" w="2755" /><ent r="3" t="24" w="2776" /><ent r="3" t="24" w="2810" /><ent r="4" t="24" w="2846" /><ent r="4" t="24" w="2857" /><ent r="3" t="26" w="129" /><ent r="3" t="26" w="330" /><ent r="3" t="26" w="344" /><ent r="3" t="26" w="355" /><ent r="3" t="26" w="376" /><ent r="3" t="26" w="673" /><ent r="3" t="26" w="680" /><ent r="3" t="26" w="864" /><ent r="3" t="26" w="888" /><ent r="3" t="26" w="901" /><ent r="3" t="26" w="919" /><ent r="3" t="26" w="942" /><ent r="3" t="26" w="981" /><ent r="3" t="27" w="336" /><ent r="4" t="29" w="220" /><ent r="4" t="29" w="260" /><ent r="4" t="29" w="266" /><ent r="4" t="29" w="390" /><ent r="3" t="29" w="566" /><ent r="3" t="29" w="600" /><ent r="3" t="32" w="464" /><ent r="3" t="32" w="481" /><ent r="3" t="32" w="494" /><ent r="3" t="32" w="508" /><ent r="3" t="32" w="523" /><ent r="3" t="32" w="526" /><ent r="3" t="32" w="527" /><ent r="3" t="32" w="539" /><ent r="3" t="32" w="625" /><ent r="3" t="32" w="642" /><ent r="3" t="32" w="655" /><ent r="3" t="32" w="669" /><ent r="3" t="32" w="684" /><ent r="3" t="32" w="687" /><ent r="3" t="32" w="688" /><ent r="3" t="32" w="700" /><ent r="3" t="32" w="748" /><ent r="3" t="32" w="765" /><ent r="3" t="32" w="778" /><ent r="3" t="32" w="792" /><ent r="3" t="32" w="807" /><ent r="3" t="32" w="810" /><ent r="3" t="32" w="811" /><ent r="3" t="32" w="823" /><ent r="3" t="32" w="858" /><ent r="3" t="32" w="875" /><ent r="3" t="32" w="888" /><ent r="3" t="32" w="902" /><ent r="3" t="32" w="917" /><ent r="3" t="32" w="920" /><ent r="3" t="32" w="921" /><ent r="3" t="32" w="933" /><ent r="3" t="32" w="948" /><ent r="3" t="32" w="961" /><ent r="3" t="32" w="974" /><ent r="3" t="32" w="987" /><ent r="3" t="32" w="1000" /><ent r="3" t="32" w="1013" /><ent r="3" t="32" w="1040" /><ent r="3" t="32" w="1057" /><ent r="3" t="32" w="1070" /><ent r="3" t="32" w="1084" /><ent r="3" t="32" w="1099" /><ent r="3" t="32" w="1102" /><ent r="3" t="32" w="1103" /><ent r="3" t="32" w="1115" /><ent r="3" t="32" w="1187" /><ent r="3" t="32" w="1201" /><ent r="3" t="32" w="1215" /><ent r="3" t="32" w="1232" /><ent r="3" t="32" w="1247" /><ent r="3" t="32" w="1263" /><ent r="3" t="32" w="1523" /><ent r="3" t="32" w="1527" /><ent r="3" t="32" w="1531" /><ent r="3" t="32" w="1535" /><ent r="3" t="32" w="1539" /><ent r="3" t="32" w="1547" /><ent r="3" t="32" w="1555" /><ent r="3" t="32" w="1563" /><ent r="3" t="32" w="1571" /><ent r="3" t="32" w="1574" /><ent r="3" t="32" w="1581" /><ent r="3" t="32" w="1599" /><ent r="3" t="32" w="1606" /><ent r="3" t="32" w="1613" /><ent r="3" t="32" w="1620" /><ent r="3" t="32" w="1628" /><ent r="3" t="32" w="1635" /><ent r="3" t="32" w="1657" /><ent r="3" t="32" w="1664" /><ent r="3" t="32" w="1671" /><ent r="3" t="32" w="1678" /><ent r="3" t="32" w="1685" /><ent r="3" t="32" w="1692" /><ent r="3" t="32" w="1699" /><ent r="3" t="32" w="1706" /><ent r="3" t="32" w="1713" /><ent r="3" t="32" w="1720" /><ent r="3" t="33" w="178" /><ent r="3" t="33" w="211" /><ent r="3" t="33" w="243" /><ent r="3" t="33" w="278" /><ent r="3" t="33" w="309" /><ent r="3" t="33" w="334" /><ent r="3" t="33" w="396" /><ent r="6" t="34" w="778" /><ent r="6" t="34" w="807" /><ent r="3" t="35" w="923" /><ent r="3" t="35" w="943" /><ent r="3" t="35" w="958" /><ent r="4" t="35" w="1110" /><ent r="4" t="35" w="1115" /><ent r="3" t="37" w="1749" /><ent r="3" t="39" w="614" /><ent r="3" t="39" w="624" /><ent r="3" t="44" w="267" /><ent r="3" t="44" w="568" /><ent r="3" t="44" w="591" /><ent r="3" t="44" w="824" /><ent r="3" t="44" w="876" /><ent r="3" t="44" w="896" /><ent r="3" t="44" w="904" /><ent r="3" t="44" w="911" /><ent r="3" t="44" w="922" /><ent r="3" t="45" w="120" /><ent r="3" t="45" w="197" /><ent r="3" t="46" w="409" /><ent r="3" t="46" w="453" /><ent r="3" t="46" w="456" /><ent r="6" t="47" w="464" /><ent r="3" t="47" w="639" /><ent r="3" t="47" w="641" /><ent r="3" t="47" w="643" /><ent r="3" t="47" w="645" /><ent r="3" t="47" w="651" /><ent r="3" t="47" w="653" /><ent r="3" t="47" w="659" /><ent r="3" t="47" w="661" /><ent r="3" t="47" w="667" /><ent r="82" t="47" w="727" /><ent r="3" t="48" w="249" /><ent r="3" t="49" w="648" /><ent r="3" t="49" w="758" /><ent r="3" t="49" w="762" /><ent r="3" t="49" w="878" /><ent r="3" t="49" w="891" /><ent r="3" t="49" w="908" /><ent r="3" t="49" w="919" /><ent r="3" t="54" w="138" /><ent r="3" t="54" w="176" /><ent r="3" t="55" w="869" /><ent r="3" t="55" w="886" /><ent r="3" t="55" w="910" /><ent r="3" t="55" w="926" /><ent r="3" t="55" w="944" /><ent r="3" t="55" w="963" /><ent r="3" t="55" w="982" /><ent r="3" t="55" w="998" /><ent r="3" t="55" w="1077" /><ent r="3" t="56" w="551" /><ent r="3" t="56" w="552" /><ent r="3" t="56" w="556" /><ent r="3" t="56" w="559" /><ent r="3" t="56" w="571" /><ent r="3" t="56" w="575" /><ent r="3" t="56" w="592" /><ent r="3" t="56" w="625" /><ent r="3" t="56" w="641" /><ent r="3" t="56" w="663" /><ent r="3" t="56" w="677" /><ent r="3" t="56" w="690" /><ent r="3" t="61" w="614" /><ent r="3" t="61" w="718" /><ent r="3" t="61" w="726" /><ent r="3" t="61" w="730" /><ent r="3" t="61" w="771" /><ent r="3" t="61" w="779" /><ent r="3" t="61" w="783" /><ent r="3" t="61" w="991" /><ent r="3" t="61" w="998" /><ent r="3" t="61" w="1216" /><ent r="3" t="61" w="1260" /><ent r="3" t="61" w="1267" /><ent r="3" t="61" w="1299" /><ent r="6" t="68" w="648" /><ent r="100" t="70" w="1832" /><ent r="4" t="70" w="1844" /><ent r="6" t="70" w="1888" /><ent r="6" t="70" w="1952" /><ent r="6" t="70" w="1998" /><ent r="5" t="77" w="164" /><ent r="5" t="77" w="259" /></phr></stem><stem n="&quot;1.0&quot;"><phr n="&quot;1.0&quot;"><ent r="3" t="5" w="774" /><ent r="3" t="20" w="345" /><ent r="3" t="45" w="121" /><ent r="6" t="68" w="649" /></phr></stem><stem n="&quot;address_type&quot;"><phr n="&quot;address_type&quot;"><ent r="3" t="5" w="776" /><ent r="3" t="14" w="176" /><ent r="3" t="20" w="347" /><ent r="3" t="32" w="140" /></phr></stem><stem n="ip,at"><phr n="IP,AT"><ent r="3" t="5" w="777" /><ent r="3" t="5" w="776" /><ent r="3" t="14" w="177" /><ent r="3" t="14" w="176" /><ent r="3" t="20" w="348" /><ent r="3" t="20" w="347" /><ent r="3" t="22" w="1306" /><ent r="3" t="22" w="1305" /><ent r="3" t="27" w="114" /><ent r="3" t="27" w="113" /><ent r="3" t="32" w="141" /><ent r="3" t="32" w="140" /></phr></stem><stem n="&quot;ip,at&quot;"><phr n="&quot;IP,AT&quot;"><ent r="3" t="5" w="778" /><ent r="3" t="14" w="178" /><ent r="3" t="20" w="349" /><ent r="3" t="22" w="1307" /><ent r="3" t="27" w="115" /><ent r="3" t="32" w="142" /></phr></stem><stem n="&quot;port_number&quot;"><phr n="&quot;port_number&quot;"><ent r="3" t="5" w="781" /><ent r="3" t="14" w="181" /><ent r="3" t="20" w="351" /><ent r="3" t="27" w="117" /><ent r="3" t="32" w="144" /></phr></stem><stem n="161"><phr n="161"><ent r="3" t="5" w="781" /><ent r="3" t="14" w="181" /><ent r="3" t="20" w="351" /><ent r="3" t="22" w="1311" /><ent r="3" t="27" w="117" /><ent r="3" t="32" w="144" /><ent r="3" t="55" w="142" /><ent r="4" t="55" w="283" /><ent r="3" t="56" w="549" /><ent r="3" t="56" w="568" /></phr></stem><stem n="&quot;161&quot;"><phr n="&quot;161&quot;"><ent r="3" t="5" w="782" /><ent r="3" t="14" w="182" /><ent r="3" t="20" w="352" /><ent r="3" t="22" w="1312" /><ent r="3" t="27" w="118" /><ent r="3" t="32" w="145" /></phr></stem><stem n="flag"><phr n="flags"><ent r="3" t="5" w="783" /><ent r="6" t="5" w="1124" /><ent r="3" t="22" w="1307" /><ent r="3" t="27" w="124" /><ent r="4" t="47" w="874" /><ent r="3" t="48" w="56" /></phr><phr n="FLAGS"><ent r="100" t="5" w="830" /><ent r="4" t="5" w="835" /></phr><phr n="flag"><ent r="6" t="5" w="976" /><ent r="6" t="5" w="1013" /><ent r="6" t="5" w="1074" /><ent r="6" t="5" w="1104" /><ent r="4" t="8" w="184" /><ent r="3" t="56" w="366" /></phr></stem><stem n="&quot;flags&quot;"><phr n="&quot;flags&quot;"><ent r="3" t="5" w="784" /><ent r="6" t="5" w="1125" /><ent r="3" t="27" w="125" /><ent r="4" t="47" w="875" /></phr></stem><stem n="&quot;&quot;"><phr n="&quot;&quot;"><ent r="3" t="5" w="784" /><ent r="3" t="7" w="307" /><ent r="3" t="7" w="597" /><ent r="3" t="14" w="513" /><ent r="3" t="14" w="525" /><ent r="3" t="14" w="1280" /><ent r="3" t="16" w="2058" /><ent r="3" t="16" w="2080" /><ent r="3" t="16" w="2084" /><ent r="3" t="26" w="520" /><ent r="3" t="27" w="338" /><ent r="3" t="27" w="339" /><ent r="3" t="37" w="1061" /><ent r="3" t="39" w="431" /><ent r="3" t="39" w="437" /><ent r="3" t="39" w="439" /><ent r="3" t="39" w="441" /><ent r="3" t="39" w="443" /><ent r="5" t="41" w="354" /><ent r="3" t="44" w="603" /><ent r="3" t="44" w="935" /><ent r="3" t="45" w="173" /><ent r="3" t="48" w="213" /><ent r="3" t="61" w="1032" /><ent r="3" t="61" w="1211" /><ent r="3" t="61" w="1240" /><ent r="3" t="61" w="1276" /><ent r="6" t="70" w="2079" /></phr></stem><stem n="&quot;custom-snmp&quot;."><phr n="&quot;custom-snmp&quot;."><ent r="4" t="5" w="829" /></phr></stem><stem n="xxx"><phr n="xxx"><ent r="4" t="5" w="836" /><ent r="4" t="5" w="837" /><ent r="3" t="8" w="634" /><ent r="5" t="8" w="725" /><ent r="4" t="8" w="783" /><ent r="5" t="73" w="73" /></phr></stem><stem n="=xxx,xxx"><phr n="=xxx,xxx"><ent r="4" t="5" w="837" /></phr></stem><stem n="xxx,xxx"><phr n="xxx,xxx"><ent r="4" t="5" w="837" /><ent r="4" t="5" w="836" /></phr></stem><stem n="take"><phr n="takes"><ent r="4" t="5" w="840" /><ent r="3" t="14" w="836" /><ent r="3" t="19" w="1495" /><ent r="3" t="21" w="354" /><ent r="3" t="24" w="924" /><ent r="4" t="35" w="1096" /><ent r="3" t="35" w="1531" /><ent r="4" t="38" w="411" /><ent r="7" t="68" w="596" /><ent r="6" t="70" w="1496" /></phr><phr n="Takes"><ent r="4" t="24" w="665" /><ent r="3" t="37" w="2979" /><ent r="6" t="70" w="1323" /><ent r="6" t="70" w="1442" /></phr><phr n="Take"><ent r="3" t="24" w="2362" /></phr><phr n="take"><ent r="4" t="29" w="215" /><ent r="3" t="32" w="187" /><ent r="3" t="35" w="477" /><ent r="3" t="35" w="990" /><ent r="3" t="35" w="1160" /><ent r="3" t="58" w="357" /><ent r="3" t="58" w="479" /><ent r="3" t="59" w="396" /><ent r="3" t="65" w="328" /><ent r="7" t="68" w="445" /><ent r="7" t="68" w="479" /><ent r="7" t="68" w="513" /><ent r="3" t="70" w="1640" /></phr></stem><stem n="option"><phr n="optional"><ent r="4" t="5" w="843" /><ent r="4" t="8" w="759" /><ent r="3" t="10" w="164" /><ent r="3" t="10" w="335" /><ent r="3" t="10" w="392" /><ent r="4" t="16" w="989" /><ent r="3" t="17" w="60" /><ent r="3" t="20" w="39" /><ent r="4" t="22" w="247" /><ent r="3" t="34" w="1042" /><ent r="3" t="37" w="1184" /><ent r="3" t="37" w="1519" /><ent r="3" t="38" w="206" /><ent r="3" t="44" w="358" /><ent r="4" t="66" w="183" /><ent r="6" t="68" w="94" /><ent r="6" t="68" w="224" /><ent r="6" t="68" w="256" /><ent r="6" t="68" w="341" /><ent r="6" t="68" w="373" /></phr><phr n="option"><ent r="5" t="13" w="233" /><ent r="3" t="33" w="390" /><ent r="3" t="33" w="421" /><ent r="3" t="37" w="1404" /><ent r="64" t="53" w="79" /><ent r="4" t="55" w="784" /><ent r="3" t="56" w="45" /><ent r="3" t="56" w="54" /><ent r="3" t="56" w="78" /><ent r="3" t="56" w="151" /><ent r="3" t="58" w="446" /><ent r="3" t="59" w="162" /><ent r="6" t="70" w="1444" /><ent r="6" t="70" w="1498" /><ent r="6" t="70" w="1689" /><ent r="5" t="70" w="1735" /></phr><phr n="options"><ent r="5" t="13" w="271" /><ent r="64" t="26" w="480" /><ent r="4" t="37" w="350" /><ent r="3" t="37" w="1225" /><ent r="3" t="37" w="1263" /><ent r="3" t="37" w="1331" /><ent r="3" t="37" w="1341" /><ent r="3" t="49" w="734" /><ent r="4" t="59" w="118" /><ent r="72" t="61" w="265" /><ent r="3" t="61" w="270" /><ent r="72" t="61" w="340" /></phr><phr n="optionally"><ent r="4" t="40" w="700" /></phr><phr n="Option"><ent r="65" t="55" w="272" /><ent r="65" t="55" w="804" /><ent r="1000" t="56" w="5" /><ent r="102" t="56" w="11" /><ent r="3" t="61" w="884" /></phr><phr n="OPTION"><ent r="3" t="61" w="496" /></phr><phr n="Options"><ent r="1000" t="74" w="3" /><ent r="102" t="74" w="13" /><ent r="4" t="74" w="78" /><ent r="4" t="74" w="86" /></phr></stem><stem n="item"><phr n="items"><ent r="4" t="5" w="844" /><ent r="5" t="9" w="684" /><ent r="3" t="16" w="272" /><ent r="3" t="18" w="53" /><ent r="3" t="32" w="76" /><ent r="3" t="32" w="261" /><ent r="3" t="32" w="1327" /><ent r="3" t="70" w="235" /><ent r="4" t="70" w="1589" /></phr><phr n="item"><ent r="6" t="5" w="1004" /><ent r="5" t="13" w="931" /><ent r="3" t="42" w="66" /><ent r="3" t="54" w="410" /><ent r="4" t="56" w="767" /></phr><phr n="Items"><ent r="3" t="32" w="1592" /><ent r="3" t="32" w="1642" /></phr><phr n="Item"><ent r="3" t="61" w="919" /><ent r="3" t="61" w="948" /><ent r="3" t="61" w="966" /><ent r="3" t="61" w="981" /><ent r="3" t="61" w="997" /></phr></stem><stem n="nolink"><phr n="NOLINKS"><ent r="100" t="5" w="848" /><ent r="6" t="5" w="850" /></phr></stem><stem n="interfac"><phr n="interfaces"><ent r="6" t="5" w="856" /><ent r="4" t="8" w="325" /><ent r="4" t="8" w="336" /><ent r="4" t="15" w="155" /><ent r="4" t="19" w="175" /><ent r="4" t="19" w="203" /><ent r="3" t="19" w="289" /><ent r="3" t="19" w="580" /><ent r="4" t="25" w="229" /><ent r="4" t="25" w="239" /><ent r="4" t="25" w="252" /><ent r="4" t="25" w="280" /><ent r="3" t="57" w="130" /><ent r="3" t="57" w="204" /><ent r="7" t="70" w="325" /><ent r="7" t="70" w="329" /><ent r="7" t="70" w="338" /></phr><phr n="interface"><ent r="5" t="13" w="763" /><ent r="5" t="13" w="770" /><ent r="5" t="13" w="777" /><ent r="5" t="13" w="784" /><ent r="3" t="14" w="358" /><ent r="4" t="15" w="161" /><ent r="3" t="16" w="1216" /><ent r="3" t="16" w="1226" /><ent r="3" t="16" w="1726" /><ent r="3" t="19" w="458" /><ent r="3" t="19" w="468" /><ent r="4" t="19" w="1394" /><ent r="3" t="20" w="208" /><ent r="3" t="25" w="68" /><ent r="3" t="25" w="76" /><ent r="5" t="25" w="216" /><ent r="5" t="25" w="283" /><ent r="4" t="25" w="296" /><ent r="4" t="25" w="306" /><ent r="3" t="26" w="724" /><ent r="3" t="26" w="735" /><ent r="3" t="26" w="757" /><ent r="3" t="54" w="558" /><ent r="4" t="60" w="85" /><ent r="6" t="70" w="381" /><ent r="6" t="70" w="1379" /><ent r="6" t="70" w="2322" /></phr><phr n="Interface"><ent r="3" t="14" w="446" /><ent r="3" t="14" w="635" /><ent r="3" t="19" w="305" /><ent r="3" t="19" w="595" /><ent r="3" t="19" w="1056" /><ent r="3" t="19" w="1346" /><ent r="3" t="24" w="1047" /><ent r="3" t="24" w="1106" /><ent r="8" t="70" w="396" /><ent r="100" t="74" w="9" /></phr><phr n="Interfaces"><ent r="4" t="59" w="67" /></phr></stem><stem n="(interfaces)"><phr n="(interfaces)"><ent r="6" t="5" w="857" /></phr></stem><stem n="snmpv2c"><phr n="SNMPV2C"><ent r="100" t="5" w="860" /><ent r="6" t="5" w="862" /><ent r="100" t="55" w="156" /></phr><phr n="SNMPv2c"><ent r="6" t="5" w="866" /><ent r="5" t="13" w="866" /><ent r="3" t="22" w="1308" /><ent r="4" t="29" w="318" /><ent r="4" t="29" w="331" /><ent r="3" t="32" w="545" /><ent r="3" t="32" w="1577" /><ent r="4" t="55" w="170" /><ent r="3" t="55" w="493" /></phr></stem><stem n=":icmp"><phr n=":ICMP"><ent r="100" t="5" w="875" /></phr></stem><stem n="icmp"><phr n="ICMP"><ent r="100" t="5" w="875" /><ent r="100" t="5" w="879" /><ent r="100" t="5" w="881" /><ent r="6" t="5" w="890" /><ent r="5" t="9" w="417" /><ent r="100" t="38" w="321" /><ent r="5" t="38" w="326" /></phr></stem><stem n="noicmpfallback"><phr n="NOICMPFALLBACK"><ent r="100" t="5" w="877" /><ent r="6" t="5" w="884" /></phr></stem><stem n=":send"><phr n=":send"><ent r="100" t="5" w="882" /></phr><phr n=":Send"><ent r="100" t="37" w="140" /></phr></stem><stem n="minim"><phr n="MINIMAL"><ent r="100" t="5" w="901" /><ent r="6" t="5" w="903" /></phr><phr n="minimizes"><ent r="3" t="22" w="527" /></phr><phr n="Minimal"><ent r="3" t="27" w="125" /></phr></stem></index>