<?xml version="1.0" encoding="utf-8"?><index><stem n="$trapvar"><phr n="$trapVar"><ent r="3" t="22" w="1165" /><ent r="3" t="22" w="1252" /><ent r="3" t="22" w="1419" /><ent r="3" t="22" w="1427" /><ent r="3" t="22" w="1453" /><ent r="3" t="22" w="1559" /></phr></stem><stem n="snmptrap.ex"><phr n="snmptrap.exe"><ent r="3" t="22" w="1175" /><ent r="3" t="22" w="1174" /></phr></stem><stem n="-v2c"><phr n="-v2c"><ent r="3" t="22" w="1176" /><ent r="3" t="22" w="1176" /></phr></stem><stem n="-c"><phr n="-c"><ent r="3" t="22" w="1177" /><ent r="3" t="22" w="1177" /><ent r="3" t="32" w="437" /><ent r="3" t="32" w="437" /><ent r="3" t="32" w="590" /><ent r="3" t="32" w="590" /><ent r="3" t="32" w="721" /><ent r="3" t="32" w="721" /><ent r="3" t="32" w="831" /><ent r="3" t="32" w="831" /><ent r="3" t="32" w="1019" /><ent r="3" t="32" w="1019" /><ent r="5" t="41" w="366" /><ent r="5" t="41" w="366" /><ent r="3" t="47" w="632" /><ent r="3" t="47" w="632" /><ent r="3" t="48" w="197" /><ent r="3" t="48" w="197" /><ent r="3" t="55" w="133" /><ent r="3" t="55" w="133" /><ent r="5" t="55" w="174" /><ent r="5" t="55" w="174" /><ent r="3" t="55" w="502" /><ent r="3" t="55" w="502" /><ent r="3" t="55" w="559" /><ent r="3" t="55" w="559" /><ent r="3" t="55" w="616" /><ent r="3" t="55" w="616" /><ent r="3" t="55" w="661" /><ent r="3" t="55" w="661" /><ent r="3" t="56" w="103" /><ent r="3" t="56" w="103" /><ent r="3" t="56" w="170" /><ent r="3" t="56" w="170" /></phr></stem><stem n="computernam"><phr n="computername"><ent r="3" t="22" w="1179" /></phr></stem><stem n="''"><phr n="''"><ent r="3" t="22" w="1180" /></phr></stem><stem n="1.3.6.1.4"><phr n="1.3.6.1.4"><ent r="3" t="22" w="1184" /><ent r="3" t="22" w="1180" /><ent r="3" t="22" w="1193" /><ent r="3" t="22" w="1189" /><ent r="3" t="22" w="1328" /><ent r="3" t="22" w="1324" /><ent r="3" t="22" w="1345" /><ent r="3" t="22" w="1341" /><ent r="3" t="22" w="1362" /><ent r="3" t="22" w="1358" /><ent r="3" t="29" w="560" /><ent r="3" t="29" w="556" /><ent r="3" t="29" w="594" /><ent r="3" t="29" w="590" /><ent r="3" t="31" w="79" /><ent r="3" t="31" w="75" /><ent r="3" t="31" w="112" /><ent r="3" t="31" w="108" /><ent r="3" t="31" w="121" /><ent r="3" t="31" w="117" /><ent r="3" t="31" w="131" /><ent r="3" t="31" w="127" /><ent r="4" t="31" w="215" /><ent r="4" t="31" w="211" /><ent r="4" t="31" w="274" /><ent r="4" t="31" w="270" /><ent r="4" t="31" w="284" /><ent r="4" t="31" w="280" /><ent r="3" t="32" w="444" /><ent r="3" t="32" w="440" /><ent r="3" t="32" w="458" /><ent r="3" t="32" w="454" /><ent r="3" t="32" w="475" /><ent r="3" t="32" w="471" /><ent r="3" t="32" w="488" /><ent r="3" t="32" w="484" /><ent r="3" t="32" w="502" /><ent r="3" t="32" w="498" /><ent r="3" t="32" w="517" /><ent r="3" t="32" w="513" /><ent r="3" t="32" w="533" /><ent r="3" t="32" w="529" /><ent r="3" t="32" w="598" /><ent r="3" t="32" w="594" /><ent r="3" t="32" w="605" /><ent r="3" t="32" w="601" /><ent r="3" t="32" w="619" /><ent r="3" t="32" w="615" /><ent r="3" t="32" w="636" /><ent r="3" t="32" w="632" /><ent r="3" t="32" w="649" /><ent r="3" t="32" w="645" /><ent r="3" t="32" w="663" /><ent r="3" t="32" w="659" /><ent r="3" t="32" w="678" /><ent r="3" t="32" w="674" /><ent r="3" t="32" w="694" /><ent r="3" t="32" w="690" /><ent r="3" t="32" w="728" /><ent r="3" t="32" w="724" /><ent r="3" t="32" w="742" /><ent r="3" t="32" w="738" /><ent r="3" t="32" w="759" /><ent r="3" t="32" w="755" /><ent r="3" t="32" w="772" /><ent r="3" t="32" w="768" /><ent r="3" t="32" w="786" /><ent r="3" t="32" w="782" /><ent r="3" t="32" w="801" /><ent r="3" t="32" w="797" /><ent r="3" t="32" w="817" /><ent r="3" t="32" w="813" /><ent r="3" t="32" w="838" /><ent r="3" t="32" w="834" /><ent r="3" t="32" w="852" /><ent r="3" t="32" w="848" /><ent r="3" t="32" w="869" /><ent r="3" t="32" w="865" /><ent r="3" t="32" w="882" /><ent r="3" t="32" w="878" /><ent r="3" t="32" w="896" /><ent r="3" t="32" w="892" /><ent r="3" t="32" w="911" /><ent r="3" t="32" w="907" /><ent r="3" t="32" w="927" /><ent r="3" t="32" w="923" /><ent r="3" t="32" w="942" /><ent r="3" t="32" w="938" /><ent r="3" t="32" w="955" /><ent r="3" t="32" w="951" /><ent r="3" t="32" w="968" /><ent r="3" t="32" w="964" /><ent r="3" t="32" w="981" /><ent r="3" t="32" w="977" /><ent r="3" t="32" w="994" /><ent r="3" t="32" w="990" /><ent r="3" t="32" w="1007" /><ent r="3" t="32" w="1003" /><ent r="3" t="32" w="1027" /><ent r="3" t="32" w="1023" /><ent r="3" t="32" w="1034" /><ent r="3" t="32" w="1030" /><ent r="3" t="32" w="1051" /><ent r="3" t="32" w="1047" /><ent r="3" t="32" w="1064" /><ent r="3" t="32" w="1060" /><ent r="3" t="32" w="1078" /><ent r="3" t="32" w="1074" /><ent r="3" t="32" w="1093" /><ent r="3" t="32" w="1089" /><ent r="3" t="32" w="1109" /><ent r="3" t="32" w="1105" /><ent r="3" t="32" w="1181" /><ent r="3" t="32" w="1177" /><ent r="3" t="32" w="1195" /><ent r="3" t="32" w="1191" /><ent r="3" t="32" w="1209" /><ent r="3" t="32" w="1205" /><ent r="3" t="32" w="1226" /><ent r="3" t="32" w="1222" /><ent r="3" t="32" w="1241" /><ent r="3" t="32" w="1237" /><ent r="3" t="32" w="1257" /><ent r="3" t="32" w="1253" /><ent r="3" t="55" w="892" /><ent r="3" t="55" w="888" /></phr></stem><stem n="1.3.6.1.4.1"><phr n="1.3.6.1.4.1"><ent r="3" t="22" w="1185" /><ent r="3" t="22" w="1180" /><ent r="3" t="22" w="1194" /><ent r="3" t="22" w="1189" /><ent r="3" t="22" w="1329" /><ent r="3" t="22" w="1324" /><ent r="3" t="22" w="1346" /><ent r="3" t="22" w="1341" /><ent r="3" t="22" w="1363" /><ent r="3" t="22" w="1358" /><ent r="3" t="29" w="561" /><ent r="3" t="29" w="556" /><ent r="3" t="29" w="595" /><ent r="3" t="29" w="590" /><ent r="3" t="31" w="80" /><ent r="3" t="31" w="75" /><ent r="3" t="31" w="113" /><ent r="3" t="31" w="108" /><ent r="3" t="31" w="122" /><ent r="3" t="31" w="117" /><ent r="3" t="31" w="132" /><ent r="3" t="31" w="127" /><ent r="4" t="31" w="216" /><ent r="4" t="31" w="211" /><ent r="4" t="31" w="275" /><ent r="4" t="31" w="270" /><ent r="4" t="31" w="285" /><ent r="4" t="31" w="280" /><ent r="3" t="32" w="445" /><ent r="3" t="32" w="440" /><ent r="3" t="32" w="459" /><ent r="3" t="32" w="454" /><ent r="3" t="32" w="476" /><ent r="3" t="32" w="471" /><ent r="3" t="32" w="489" /><ent r="3" t="32" w="484" /><ent r="3" t="32" w="503" /><ent r="3" t="32" w="498" /><ent r="3" t="32" w="518" /><ent r="3" t="32" w="513" /><ent r="3" t="32" w="534" /><ent r="3" t="32" w="529" /><ent r="3" t="32" w="599" /><ent r="3" t="32" w="594" /><ent r="3" t="32" w="606" /><ent r="3" t="32" w="601" /><ent r="3" t="32" w="620" /><ent r="3" t="32" w="615" /><ent r="3" t="32" w="637" /><ent r="3" t="32" w="632" /><ent r="3" t="32" w="650" /><ent r="3" t="32" w="645" /><ent r="3" t="32" w="664" /><ent r="3" t="32" w="659" /><ent r="3" t="32" w="679" /><ent r="3" t="32" w="674" /><ent r="3" t="32" w="695" /><ent r="3" t="32" w="690" /><ent r="3" t="32" w="729" /><ent r="3" t="32" w="724" /><ent r="3" t="32" w="743" /><ent r="3" t="32" w="738" /><ent r="3" t="32" w="760" /><ent r="3" t="32" w="755" /><ent r="3" t="32" w="773" /><ent r="3" t="32" w="768" /><ent r="3" t="32" w="787" /><ent r="3" t="32" w="782" /><ent r="3" t="32" w="802" /><ent r="3" t="32" w="797" /><ent r="3" t="32" w="818" /><ent r="3" t="32" w="813" /><ent r="3" t="32" w="839" /><ent r="3" t="32" w="834" /><ent r="3" t="32" w="853" /><ent r="3" t="32" w="848" /><ent r="3" t="32" w="870" /><ent r="3" t="32" w="865" /><ent r="3" t="32" w="883" /><ent r="3" t="32" w="878" /><ent r="3" t="32" w="897" /><ent r="3" t="32" w="892" /><ent r="3" t="32" w="912" /><ent r="3" t="32" w="907" /><ent r="3" t="32" w="928" /><ent r="3" t="32" w="923" /><ent r="3" t="32" w="943" /><ent r="3" t="32" w="938" /><ent r="3" t="32" w="956" /><ent r="3" t="32" w="951" /><ent r="3" t="32" w="969" /><ent r="3" t="32" w="964" /><ent r="3" t="32" w="982" /><ent r="3" t="32" w="977" /><ent r="3" t="32" w="995" /><ent r="3" t="32" w="990" /><ent r="3" t="32" w="1008" /><ent r="3" t="32" w="1003" /><ent r="3" t="32" w="1028" /><ent r="3" t="32" w="1023" /><ent r="3" t="32" w="1035" /><ent r="3" t="32" w="1030" /><ent r="3" t="32" w="1052" /><ent r="3" t="32" w="1047" /><ent r="3" t="32" w="1065" /><ent r="3" t="32" w="1060" /><ent r="3" t="32" w="1079" /><ent r="3" t="32" w="1074" /><ent r="3" t="32" w="1094" /><ent r="3" t="32" w="1089" /><ent r="3" t="32" w="1110" /><ent r="3" t="32" w="1105" /><ent r="3" t="32" w="1182" /><ent r="3" t="32" w="1177" /><ent r="3" t="32" w="1196" /><ent r="3" t="32" w="1191" /><ent r="3" t="32" w="1210" /><ent r="3" t="32" w="1205" /><ent r="3" t="32" w="1227" /><ent r="3" t="32" w="1222" /><ent r="3" t="32" w="1242" /><ent r="3" t="32" w="1237" /><ent r="3" t="32" w="1258" /><ent r="3" t="32" w="1253" /><ent r="3" t="55" w="893" /><ent r="3" t="55" w="888" /></phr></stem><stem n="1.3.6.1.4.1.11898"><phr n="1.3.6.1.4.1.11898"><ent r="3" t="22" w="1186" /><ent r="3" t="22" w="1180" /><ent r="3" t="22" w="1195" /><ent r="3" t="22" w="1189" /><ent r="3" t="22" w="1330" /><ent r="3" t="22" w="1324" /><ent r="3" t="22" w="1347" /><ent r="3" t="22" w="1341" /><ent r="3" t="22" w="1364" /><ent r="3" t="22" w="1358" /></phr></stem><stem n="11898"><phr n="11898"><ent r="3" t="22" w="1186" /><ent r="3" t="22" w="1195" /><ent r="3" t="22" w="1330" /><ent r="3" t="22" w="1347" /><ent r="3" t="22" w="1364" /></phr></stem><stem n="1.3.6.1.4.1.11898.2"><phr n="1.3.6.1.4.1.11898.2"><ent r="3" t="22" w="1187" /><ent r="3" t="22" w="1180" /><ent r="3" t="22" w="1196" /><ent r="3" t="22" w="1189" /><ent r="3" t="22" w="1331" /><ent r="3" t="22" w="1324" /><ent r="3" t="22" w="1348" /><ent r="3" t="22" w="1341" /><ent r="3" t="22" w="1365" /><ent r="3" t="22" w="1358" /></phr></stem><stem n=".3.6.1.4.1.11898.2.1"><phr n=".3.6.1.4.1.11898.2.1"><ent r="3" t="22" w="1188" /></phr></stem><stem n="1.3.6.1.4.1.11898.2.1"><phr n="1.3.6.1.4.1.11898.2.1"><ent r="3" t="22" w="1188" /><ent r="3" t="22" w="1180" /><ent r="3" t="22" w="1197" /><ent r="3" t="22" w="1189" /><ent r="3" t="22" w="1332" /><ent r="3" t="22" w="1324" /><ent r="3" t="22" w="1349" /><ent r="3" t="22" w="1341" /><ent r="3" t="22" w="1366" /><ent r="3" t="22" w="1358" /></phr></stem><stem n="1.3.6.1.4.1.11898.2.1.18"><phr n="1.3.6.1.4.1.11898.2.1.18"><ent r="3" t="22" w="1198" /><ent r="3" t="22" w="1189" /><ent r="3" t="22" w="1333" /><ent r="3" t="22" w="1324" /><ent r="3" t="22" w="1350" /><ent r="3" t="22" w="1341" /><ent r="3" t="22" w="1367" /><ent r="3" t="22" w="1358" /></phr></stem><stem n="1.3.6.1.4.1.11898.2.1.18.1"><phr n="1.3.6.1.4.1.11898.2.1.18.1"><ent r="3" t="22" w="1199" /><ent r="3" t="22" w="1189" /><ent r="3" t="22" w="1334" /><ent r="3" t="22" w="1324" /><ent r="3" t="22" w="1351" /><ent r="3" t="22" w="1341" /><ent r="3" t="22" w="1368" /><ent r="3" t="22" w="1358" /></phr></stem><stem n=".3.6.1.4.1.11898.2.1.18.1.18"><phr n=".3.6.1.4.1.11898.2.1.18.1.18"><ent r="3" t="22" w="1200" /></phr></stem><stem n="1.3.6.1.4.1.11898.2.1.18.1.18"><phr n="1.3.6.1.4.1.11898.2.1.18.1.18"><ent r="3" t="22" w="1200" /><ent r="3" t="22" w="1189" /><ent r="3" t="22" w="1335" /><ent r="3" t="22" w="1324" /></phr></stem><stem n="group"><phr n="group"><ent r="3" t="22" w="1221" /><ent r="4" t="24" w="112" /><ent r="4" t="35" w="812" /></phr><phr n="groups"><ent r="3" t="34" w="581" /><ent r="3" t="35" w="974" /></phr></stem><stem n="trapvarap"><phr n="trapVarAP"><ent r="3" t="22" w="1225" /><ent r="3" t="22" w="1417" /><ent r="3" t="22" w="1425" /><ent r="3" t="22" w="1433" /><ent r="3" t="22" w="1442" /><ent r="3" t="22" w="1451" /><ent r="3" t="22" w="1459" /><ent r="3" t="22" w="1561" /></phr></stem><stem n="(_trapvarap)"><phr n="(_trapVarAP)"><ent r="3" t="22" w="1226" /></phr></stem><stem n="reach"><phr n="reaches"><ent r="3" t="22" w="1240" /></phr><phr n="reach"><ent r="3" t="49" w="841" /></phr><phr n="reached"><ent r="3" t="55" w="648" /><ent r="3" t="55" w="1125" /><ent r="4" t="55" w="1193" /></phr></stem><stem n="-clear"><phr n="-clear"><ent r="3" t="22" w="1242" /><ent r="3" t="22" w="1242" /></phr></stem><stem n="non-clear"><phr n="non-clear"><ent r="3" t="22" w="1242" /></phr></stem><stem n="(minor,"><phr n="(minor,"><ent r="3" t="22" w="1246" /></phr></stem><stem n="bring"><phr n="brings"><ent r="3" t="22" w="1257" /><ent r="3" t="22" w="1275" /></phr></stem><stem n="snmp.testalarmpoint"><phr n="snmp.testalarmpoint"><ent r="3" t="22" w="1293" /><ent r="3" t="22" w="1292" /></phr></stem><stem n="testalarmpoint"><phr n="testalarmpoint"><ent r="3" t="22" w="1293" /></phr></stem><stem n="&quot;snmp.testalarmpoint&quot;"><phr n="&quot;snmp.testalarmpoint&quot;"><ent r="3" t="22" w="1294" /></phr></stem><stem n="0.1"><phr n="0.1"><ent r="3" t="22" w="1302" /><ent r="3" t="22" w="1301" /></phr></stem><stem n="&quot;0.1&quot;"><phr n="&quot;0.1&quot;"><ent r="3" t="22" w="1303" /></phr></stem><stem n="&quot;snmpv2c&quot;"><phr n="&quot;SNMPv2c&quot;"><ent r="3" t="22" w="1309" /></phr></stem><stem n="trapvar"><phr n="trapVar"><ent r="3" t="22" w="1323" /><ent r="3" t="22" w="1421" /><ent r="3" t="22" w="1429" /><ent r="3" t="22" w="1436" /><ent r="3" t="22" w="1438" /><ent r="3" t="22" w="1445" /><ent r="3" t="22" w="1447" /><ent r="3" t="22" w="1455" /><ent r="3" t="22" w="1462" /><ent r="3" t="22" w="1465" /></phr><phr n="trapvar"><ent r="3" t="22" w="1539" /><ent r="3" t="22" w="1557" /></phr></stem><stem n="1.3.6.1.4.1.11898.2.1.18.1.18,"><phr n="1.3.6.1.4.1.11898.2.1.18.1.18,"><ent r="3" t="22" w="1335" /><ent r="3" t="22" w="1324" /></phr></stem><stem n=".3.6.1.4.1.11898.2.1.18.1.18,"><phr n=".3.6.1.4.1.11898.2.1.18.1.18,"><ent r="3" t="22" w="1336" /></phr></stem><stem n="&quot;trap"><phr n="&quot;trap"><ent r="3" t="22" w="1337" /><ent r="3" t="22" w="1354" /><ent r="3" t="22" w="1371" /></phr><phr n="&quot;Trap"><ent r="3" t="26" w="933" /><ent r="3" t="29" w="675" /><ent r="3" t="32" w="97" /><ent r="3" t="32" w="109" /><ent r="3" t="32" w="133" /><ent r="3" t="32" w="1301" /></phr></stem><stem n="trapvar2"><phr n="trapVar2"><ent r="3" t="22" w="1340" /><ent r="3" t="22" w="1478" /><ent r="3" t="22" w="1486" /><ent r="3" t="22" w="1494" /><ent r="3" t="22" w="1501" /></phr><phr n="trapvar2"><ent r="3" t="22" w="1504" /><ent r="3" t="22" w="1565" /></phr></stem><stem n="1.3.6.1.4.1.11898.2.1.18.1.19"><phr n="1.3.6.1.4.1.11898.2.1.18.1.19"><ent r="3" t="22" w="1352" /><ent r="3" t="22" w="1341" /></phr></stem><stem n="1.3.6.1.4.1.11898.2.1.18.1.19,"><phr n="1.3.6.1.4.1.11898.2.1.18.1.19,"><ent r="3" t="22" w="1352" /><ent r="3" t="22" w="1341" /></phr></stem><stem n=".3.6.1.4.1.11898.2.1.18.1.19,"><phr n=".3.6.1.4.1.11898.2.1.18.1.19,"><ent r="3" t="22" w="1353" /></phr></stem><stem n="trapvar3"><phr n="trapVar3"><ent r="3" t="22" w="1357" /><ent r="3" t="22" w="1513" /><ent r="3" t="22" w="1521" /><ent r="3" t="22" w="1536" /></phr><phr n="trapvar3"><ent r="3" t="22" w="1573" /></phr></stem><stem n="1.3.6.1.4.1.11898.2.1.18.1.20"><phr n="1.3.6.1.4.1.11898.2.1.18.1.20"><ent r="3" t="22" w="1369" /><ent r="3" t="22" w="1358" /></phr></stem><stem n="1.3.6.1.4.1.11898.2.1.18.1.20,"><phr n="1.3.6.1.4.1.11898.2.1.18.1.20,"><ent r="3" t="22" w="1369" /><ent r="3" t="22" w="1358" /></phr></stem><stem n=".3.6.1.4.1.11898.2.1.18.1.20,"><phr n=".3.6.1.4.1.11898.2.1.18.1.20,"><ent r="3" t="22" w="1370" /></phr></stem><stem n="notifysomeon"><phr n="NotifySomeone"><ent r="3" t="22" w="1383" /><ent r="3" t="22" w="1424" /><ent r="3" t="22" w="1432" /><ent r="3" t="22" w="1441" /><ent r="3" t="22" w="1450" /><ent r="3" t="22" w="1458" /><ent r="3" t="22" w="1468" /><ent r="3" t="22" w="1481" /><ent r="3" t="22" w="1489" /><ent r="3" t="22" w="1497" /><ent r="3" t="22" w="1507" /><ent r="3" t="22" w="1516" /><ent r="3" t="22" w="1524" /><ent r="3" t="22" w="1532" /><ent r="3" t="22" w="1542" /></phr></stem><stem n="notifyfr"><phr n="NotifyFred"><ent r="3" t="22" w="1384" /></phr></stem><stem n="&quot;notifyfred:0:0:0&quot;"><phr n="&quot;NotifyFred:0:0:0&quot;"><ent r="3" t="22" w="1388" /></phr></stem><stem n="/snmp-device-notifiers&gt;"><phr n="/snmp-device-notifiers&gt;"><ent r="3" t="22" w="1389" /><ent r="3" t="23" w="222" /></phr></stem><stem n="snmp-device-notifiers&gt;"><phr n="snmp-device-notifiers&gt;"><ent r="3" t="22" w="1389" /><ent r="3" t="23" w="222" /></phr></stem><stem n="_trapvarap:"><phr n="_trapVarAP:"><ent r="3" t="22" w="1418" /><ent r="3" t="22" w="1426" /><ent r="3" t="22" w="1434" /><ent r="3" t="22" w="1443" /><ent r="3" t="22" w="1452" /><ent r="3" t="22" w="1460" /></phr></stem><stem n="($trapvar"><phr n="($trapVar"><ent r="3" t="22" w="1419" /><ent r="3" t="22" w="1427" /><ent r="3" t="22" w="1453" /></phr></stem><stem n="&quot;2&quot;)"><phr n="&quot;2&quot;)"><ent r="3" t="22" w="1421" /><ent r="3" t="22" w="1478" /><ent r="3" t="22" w="1513" /></phr></stem><stem n="&quot;trapvar"><phr n="&quot;trapVar"><ent r="3" t="22" w="1421" /><ent r="3" t="22" w="1429" /><ent r="3" t="22" w="1438" /><ent r="3" t="22" w="1447" /><ent r="3" t="22" w="1455" /><ent r="3" t="22" w="1465" /></phr><phr n="&quot;trapvar"><ent r="3" t="22" w="1539" /></phr></stem><stem n="&quot;3&quot;)"><phr n="&quot;3&quot;)"><ent r="3" t="22" w="1429" /><ent r="3" t="22" w="1486" /><ent r="3" t="22" w="1521" /></phr></stem><stem n="(${trapvar}"><phr n="(${trapVar}"><ent r="3" t="22" w="1437" /><ent r="3" t="22" w="1446" /><ent r="3" t="22" w="1463" /></phr></stem><stem n="&quot;4&quot;)"><phr n="&quot;4&quot;)"><ent r="3" t="22" w="1438" /><ent r="3" t="22" w="1494" /><ent r="3" t="22" w="1504" /><ent r="3" t="22" w="1529" /><ent r="3" t="22" w="1539" /></phr></stem><stem n="&quot;5&quot;)"><phr n="&quot;5&quot;)"><ent r="3" t="22" w="1447" /></phr></stem><stem n="&quot;6&quot;)"><phr n="&quot;6&quot;)"><ent r="3" t="22" w="1455" /><ent r="3" t="22" w="1465" /></phr></stem><stem n="trapvarap2"><phr n="trapVarAP2"><ent r="3" t="22" w="1474" /><ent r="3" t="22" w="1482" /><ent r="3" t="22" w="1490" /><ent r="3" t="22" w="1498" /><ent r="3" t="22" w="1569" /></phr></stem><stem n="($trapvar2"><phr n="($trapVar2"><ent r="3" t="22" w="1476" /><ent r="3" t="22" w="1484" /><ent r="3" t="22" w="1492" /></phr></stem><stem n="$trapvar2"><phr n="$trapVar2"><ent r="3" t="22" w="1476" /><ent r="3" t="22" w="1484" /><ent r="3" t="22" w="1492" /><ent r="3" t="22" w="1567" /></phr></stem><stem n="&quot;trapvar2"><phr n="&quot;trapVar2"><ent r="3" t="22" w="1478" /><ent r="3" t="22" w="1486" /><ent r="3" t="22" w="1494" /></phr><phr n="&quot;trapvar2"><ent r="3" t="22" w="1504" /></phr></stem><stem n="(${trapvar2}"><phr n="(${trapVar2}"><ent r="3" t="22" w="1502" /></phr></stem><stem n="trapvarap3"><phr n="trapVarAP3"><ent r="3" t="22" w="1509" /><ent r="3" t="22" w="1517" /><ent r="3" t="22" w="1525" /><ent r="3" t="22" w="1533" /><ent r="3" t="22" w="1577" /></phr></stem><stem n="($trapvar3"><phr n="($trapVar3"><ent r="3" t="22" w="1511" /><ent r="3" t="22" w="1519" /><ent r="3" t="22" w="1527" /></phr></stem><stem n="$trapvar3"><phr n="$trapVar3"><ent r="3" t="22" w="1511" /><ent r="3" t="22" w="1519" /><ent r="3" t="22" w="1527" /><ent r="3" t="22" w="1575" /></phr></stem><stem n="&quot;trapvar3"><phr n="&quot;trapVar3"><ent r="3" t="22" w="1513" /><ent r="3" t="22" w="1521" /></phr></stem><stem n="&quot;trapvar4"><phr n="&quot;trapVar4"><ent r="3" t="22" w="1529" /></phr></stem><stem n="trapvar4"><phr n="trapVar4"><ent r="3" t="22" w="1529" /></phr></stem><stem n="(${trapvar3}"><phr n="(${trapVar3}"><ent r="3" t="22" w="1537" /></phr></stem><stem n="\b5\trap"><phr n="\B5\Trap"><ent r="3" t="22" w="1552" /></phr></stem><stem n="\4\trapvar:\0\"><phr n="\4\trapvar:\0\"><ent r="3" t="22" w="1559" /></phr></stem><stem n="{_trapvarap:condition}\0p\"><phr n="{_trapVarAP:condition}\0P\"><ent r="3" t="22" w="1564" /></phr></stem><stem n="\4\trapvar2:\0\"><phr n="\4\trapvar2:\0\"><ent r="3" t="22" w="1567" /></phr></stem><stem n="{trapvarap2:condition}"><phr n="{trapVarAP2:condition}"><ent r="3" t="22" w="1571" /></phr></stem><stem n="\4\trapvar3:\0\"><phr n="\4\trapvar3:\0\"><ent r="3" t="22" w="1575" /></phr></stem><stem n="{trapvarap3:condition}"><phr n="{trapVarAP3:condition}"><ent r="3" t="22" w="1579" /></phr></stem><stem n="$alarmpointlist"><phr n="$alarmpointlist"><ent r="3" t="22" w="1581" /></phr></stem><stem n="notifiernam"><phr n="NotifierName"><ent r="3" t="23" w="28" /><ent r="4" t="23" w="37" /></phr></stem><stem n="notifier-rul"><phr n="notifier-rule"><ent r="3" t="23" w="29" /><ent r="3" t="23" w="31" /><ent r="4" t="23" w="59" /><ent r="4" t="23" w="73" /></phr></stem><stem n="&quot;notifier-rule&quot;"><phr n="&quot;notifier-rule&quot;"><ent r="3" t="23" w="31" /><ent r="3" t="23" w="33" /></phr></stem><stem n="-point"><phr n="-points"><ent r="3" t="23" w="53" /><ent r="3" t="23" w="53" /></phr></stem><stem n="alarm-point"><phr n="alarm-points"><ent r="3" t="23" w="53" /></phr></stem><stem n="-rule"><phr n="-rule"><ent r="4" t="23" w="59" /><ent r="4" t="23" w="59" /><ent r="4" t="23" w="73" /><ent r="4" t="23" w="73" /></phr></stem><stem n="):"><phr n="):"><ent r="3" t="23" w="100" /><ent r="3" t="24" w="1066" /><ent r="3" t="32" w="434" /><ent r="3" t="46" w="447" /><ent r="3" t="58" w="410" /></phr></stem><stem n="&quot;name:delay:repeat:count&quot;"><phr n="&quot;name:delay:repeat:count&quot;"><ent r="3" t="23" w="105" /></phr></stem><stem n="omit"><phr n="omitted"><ent r="3" t="23" w="120" /><ent r="3" t="23" w="160" /><ent r="4" t="24" w="2259" /><ent r="3" t="35" w="1547" /></phr></stem><stem n="zero"><phr n="zero"><ent r="3" t="23" w="124" /><ent r="3" t="23" w="140" /><ent r="3" t="23" w="155" /><ent r="4" t="24" w="673" /><ent r="3" t="24" w="898" /><ent r="4" t="24" w="2421" /><ent r="4" t="26" w="244" /><ent r="4" t="29" w="265" /><ent r="3" t="34" w="753" /><ent r="4" t="37" w="2620" /><ent r="4" t="37" w="2630" /><ent r="4" t="37" w="3670" /></phr></stem><stem n="-zero"><phr n="-zero"><ent r="3" t="23" w="154" /><ent r="3" t="23" w="154" /><ent r="4" t="24" w="672" /><ent r="4" t="24" w="672" /><ent r="3" t="24" w="897" /><ent r="3" t="24" w="897" /></phr></stem><stem n="non-zero"><phr n="non-zero"><ent r="3" t="23" w="154" /><ent r="4" t="24" w="672" /><ent r="3" t="24" w="897" /></phr></stem><stem n="infinit"><phr n="infinite"><ent r="3" t="23" w="164" /></phr></stem><stem n="(repeat"><phr n="(repeat"><ent r="3" t="23" w="165" /></phr></stem><stem n="forev"><phr n="forever"><ent r="3" t="23" w="166" /></phr></stem><stem n=":0:0:0&quot;"><phr n=":0:0:0&quot;"><ent r="3" t="23" w="220" /></phr></stem><stem n="&quot;pagefred&quot;"><phr n="&quot;PageFred&quot;"><ent r="3" t="23" w="237" /><ent r="3" t="23" w="253" /></phr></stem><stem n="farther"><phr n="farther"><ent r="3" t="23" w="239" /></phr></stem><stem n=":valu"><phr n=":value"><ent r="100" t="24" w="26" /><ent r="100" t="24" w="29" /><ent r="100" t="24" w="32" /></phr><phr n=":values"><ent r="100" t="37" w="1516" /></phr></stem><stem n="pi"><phr n="PI"><ent r="100" t="24" w="28" /><ent r="100" t="24" w="569" /><ent r="100" t="24" w="571" /><ent r="4" t="24" w="576" /></phr><phr n="pi"><ent r="4" t="24" w="573" /></phr></stem><stem n="exp"><phr n="Exp"><ent r="100" t="24" w="79" /></phr><phr n="exp"><ent r="4" t="24" w="601" /></phr><phr n="EXP"><ent r="5" t="37" w="1861" /></phr></stem><stem n="unari"><phr n="Unary"><ent r="100" t="24" w="90" /><ent r="4" t="24" w="389" /></phr><phr n="unary"><ent r="4" t="24" w="100" /></phr></stem><stem n="-,"><phr n="-,"><ent r="4" t="24" w="99" /><ent r="4" t="24" w="99" /><ent r="4" t="24" w="390" /><ent r="4" t="24" w="390" /></phr></stem><stem n="*,"><phr n="*,"><ent r="4" t="24" w="99" /><ent r="4" t="24" w="380" /></phr></stem><stem n="/,"><phr n="/,"><ent r="4" t="24" w="99" /><ent r="4" t="24" w="380" /></phr></stem><stem n="minu"><phr n="minus"><ent r="4" t="24" w="101" /></phr></stem><stem n="-express"><phr n="-expressions"><ent r="100" t="24" w="103" /><ent r="100" t="24" w="103" /><ent r="4" t="24" w="113" /><ent r="4" t="24" w="113" /></phr></stem><stem n="sub"><phr n="Sub"><ent r="100" t="24" w="103" /><ent r="3" t="61" w="1249" /><ent r="3" t="61" w="1320" /></phr><phr n="sub"><ent r="4" t="24" w="113" /><ent r="4" t="24" w="836" /><ent r="3" t="24" w="1955" /><ent r="3" t="47" w="202" /><ent r="4" t="47" w="287" /><ent r="3" t="48" w="153" /><ent r="6" t="70" w="620" /></phr></stem><stem n="sub-express"><phr n="Sub-expressions"><ent r="100" t="24" w="103" /></phr><phr n="sub-expressions"><ent r="4" t="24" w="113" /></phr></stem><stem n="parenthes"><phr n="parentheses"><ent r="4" t="24" w="110" /><ent r="3" t="34" w="549" /><ent r="4" t="35" w="808" /><ent r="3" t="70" w="1819" /></phr><phr n="Parentheses"><ent r="6" t="24" w="2938" /></phr></stem><stem n="-precis"><phr n="-precision"><ent r="100" t="24" w="119" /><ent r="100" t="24" w="119" /><ent r="4" t="24" w="129" /><ent r="4" t="24" w="129" /></phr></stem><stem n="double-precis"><phr n="Double-precision"><ent r="100" t="24" w="119" /></phr><phr n="double-precision"><ent r="4" t="24" w="129" /></phr></stem><stem n="precis"><phr n="precision"><ent r="100" t="24" w="120" /><ent r="4" t="24" w="130" /><ent r="4" t="24" w="1279" /><ent r="3" t="24" w="1340" /></phr></stem><stem n="intermedi"><phr n="intermediate"><ent r="4" t="24" w="124" /></phr></stem><stem n=":fals"><phr n=":FALSE"><ent r="100" t="24" w="136" /></phr></stem><stem n=":true"><phr n=":TRUE"><ent r="100" t="24" w="139" /></phr></stem><stem n="&lt;&gt;"><phr n="&lt;&gt;"><ent r="4" t="24" w="148" /><ent r="3" t="44" w="895" /><ent r="3" t="44" w="921" /><ent r="3" t="61" w="1031" /><ent r="3" t="61" w="1210" /><ent r="3" t="61" w="1275" /><ent r="3" t="61" w="1343" /></phr></stem><stem n="==,"><phr n="==,"><ent r="4" t="24" w="149" /><ent r="4" t="24" w="353" /></phr></stem><stem n="&quot;1.0&quot;."><phr n="&quot;1.0&quot;."><ent r="4" t="24" w="156" /></phr></stem><stem n="0.0"><phr n="0.0"><ent r="4" t="24" w="162" /><ent r="4" t="24" w="161" /><ent r="3" t="47" w="645" /><ent r="3" t="47" w="643" /></phr></stem><stem n="&quot;0.0&quot;."><phr n="&quot;0.0&quot;."><ent r="4" t="24" w="163" /></phr></stem><stem n="-circuit"><phr n="-circuit"><ent r="4" t="24" w="165" /><ent r="4" t="24" w="165" /></phr></stem><stem n="short-circuit"><phr n="short-circuit"><ent r="4" t="24" w="165" /></phr></stem><stem n="circuit"><phr n="circuit"><ent r="4" t="24" w="166" /></phr></stem><stem n="'and',"><phr n="'and',"><ent r="4" t="24" w="170" /><ent r="4" t="24" w="347" /></phr></stem><stem n="'or',"><phr n="'or',"><ent r="4" t="24" w="171" /><ent r="4" t="24" w="339" /></phr></stem><stem n="'not'"><phr n="'not'"><ent r="4" t="24" w="172" /><ent r="4" t="24" w="391" /></phr></stem><stem n="||"><phr n="||"><ent r="4" t="24" w="175" /><ent r="4" t="24" w="339" /></phr></stem><stem n="&amp;&amp;,||,!,."><phr n="&amp;&amp;,||,!,."><ent r="4" t="24" w="176" /></phr></stem><stem n=":function"><phr n=":functions"><ent r="100" t="24" w="182" /></phr></stem><stem n="$var"><phr n="$var"><ent r="4" t="24" w="196" /></phr></stem><stem n="{var}"><phr n="{var}"><ent r="4" t="24" w="201" /></phr></stem><stem n=":bitwis"><phr n=":bitwise"><ent r="100" t="24" w="204" /></phr></stem><stem n="-like"><phr n="-like"><ent r="100" t="24" w="227" /><ent r="100" t="24" w="227" /><ent r="4" t="24" w="266" /><ent r="4" t="24" w="266" /></phr></stem><stem n="perl"><phr n="Perl"><ent r="100" t="24" w="227" /><ent r="100" t="24" w="234" /><ent r="4" t="24" w="266" /><ent r="3" t="24" w="301" /><ent r="4" t="24" w="2314" /><ent r="64" t="24" w="3065" /><ent r="100" t="40" w="82" /><ent r="4" t="40" w="960" /></phr><phr n="perl"><ent r="3" t="24" w="2391" /><ent r="3" t="40" w="42" /><ent r="3" t="62" w="84" /><ent r="3" t="62" w="87" /></phr></stem></index>