<?xml version="1.0" encoding="utf-8"?><index><stem n=":statu"><phr n=":Status"><ent r="100" t="10" w="15" /></phr></stem><stem n="(pg"><phr n="(Pg"><ent r="128" t="10" w="62" /><ent r="128" t="10" w="77" /><ent r="128" t="10" w="92" /><ent r="128" t="10" w="106" /><ent r="126" t="24" w="690" /><ent r="126" t="24" w="711" /><ent r="125" t="28" w="350" /><ent r="126" t="37" w="1803" /><ent r="125" t="40" w="1269" /><ent r="126" t="41" w="237" /><ent r="125" t="49" w="953" /><ent r="125" t="62" w="151" /><ent r="125" t="64" w="63" /></phr></stem><stem n="pg"><phr n="Pg"><ent r="128" t="10" w="62" /><ent r="128" t="10" w="77" /><ent r="128" t="10" w="92" /><ent r="128" t="10" w="106" /><ent r="126" t="24" w="690" /><ent r="126" t="24" w="711" /><ent r="125" t="28" w="350" /><ent r="126" t="37" w="1803" /><ent r="125" t="40" w="1269" /><ent r="126" t="41" w="237" /><ent r="125" t="49" w="953" /><ent r="125" t="62" w="151" /><ent r="125" t="64" w="63" /></phr><phr n="pg"><ent r="3" t="62" w="93" /></phr></stem><stem n="window'"><phr n="window's"><ent r="3" t="10" w="196" /><ent r="3" t="10" w="195" /><ent r="3" t="10" w="208" /><ent r="3" t="10" w="207" /><ent r="3" t="20" w="71" /><ent r="3" t="20" w="70" /><ent r="3" t="20" w="83" /><ent r="3" t="20" w="82" /></phr></stem><stem n="monospac"><phr n="Monospaced"><ent r="100" t="10" w="199" /><ent r="100" t="11" w="174" /><ent r="100" t="20" w="74" /></phr><phr n="Monospace"><ent r="100" t="11" w="176" /></phr><phr n="monospace"><ent r="7" t="11" w="390" /><ent r="8" t="11" w="395" /></phr></stem><stem n="font"><phr n="font"><ent r="3" t="10" w="203" /><ent r="3" t="10" w="214" /><ent r="5" t="11" w="182" /><ent r="5" t="11" w="187" /><ent r="5" t="11" w="196" /><ent r="5" t="11" w="203" /><ent r="5" t="11" w="210" /><ent r="5" t="11" w="218" /><ent r="5" t="11" w="229" /><ent r="3" t="20" w="78" /><ent r="3" t="20" w="89" /><ent r="6" t="70" w="2077" /></phr><phr n="Fonts"><ent r="4" t="58" w="31" /><ent r="6" t="58" w="271" /><ent r="6" t="61" w="182" /><ent r="3" t="61" w="652" /><ent r="3" t="61" w="1087" /></phr><phr n="fonts"><ent r="6" t="58" w="274" /><ent r="6" t="61" w="185" /><ent r="3" t="61" w="650" /><ent r="3" t="61" w="1085" /></phr></stem><stem n="-space"><phr n="-spaced"><ent r="3" t="10" w="212" /><ent r="3" t="10" w="212" /><ent r="5" t="11" w="185" /><ent r="5" t="11" w="185" /><ent r="5" t="11" w="201" /><ent r="5" t="11" w="201" /><ent r="3" t="20" w="87" /><ent r="3" t="20" w="87" /></phr></stem><stem n="mono"><phr n="mono"><ent r="3" t="10" w="212" /><ent r="5" t="11" w="185" /><ent r="3" t="20" w="87" /></phr></stem><stem n="mono-spac"><phr n="mono-spaced"><ent r="3" t="10" w="212" /><ent r="5" t="11" w="185" /><ent r="3" t="20" w="87" /></phr></stem><stem n="align"><phr n="alignment"><ent r="3" t="10" w="216" /><ent r="3" t="20" w="91" /><ent r="3" t="24" w="1386" /></phr><phr n="align"><ent r="3" t="24" w="1403" /></phr></stem><stem n="ipinhdrerror"><phr n="IpInHdrErrors"><ent r="100" t="10" w="273" /><ent r="100" t="16" w="211" /><ent r="100" t="16" w="1146" /><ent r="100" t="20" w="148" /></phr><phr n="ipInHdrErrors"><ent r="3" t="10" w="301" /><ent r="3" t="10" w="304" /><ent r="3" t="16" w="140" /><ent r="3" t="16" w="1192" /><ent r="3" t="17" w="159" /><ent r="3" t="17" w="162" /><ent r="3" t="17" w="180" /><ent r="3" t="17" w="183" /><ent r="3" t="17" w="198" /><ent r="3" t="20" w="176" /><ent r="3" t="20" w="179" /></phr></stem><stem n="ipforwdatagram"><phr n="IpForwDatagrams"><ent r="100" t="10" w="275" /><ent r="100" t="16" w="206" /><ent r="100" t="16" w="1148" /><ent r="100" t="20" w="150" /></phr><phr n="ipForwDatagrams"><ent r="3" t="10" w="294" /><ent r="3" t="10" w="297" /><ent r="3" t="13" w="2072" /><ent r="3" t="13" w="2105" /><ent r="3" t="16" w="125" /><ent r="3" t="17" w="166" /><ent r="3" t="17" w="188" /><ent r="3" t="17" w="193" /><ent r="3" t="20" w="169" /><ent r="3" t="20" w="172" /></phr></stem><stem n="/minut"><phr n="/minute"><ent r="100" t="10" w="278" /><ent r="3" t="10" w="306" /><ent r="100" t="20" w="153" /><ent r="3" t="20" w="181" /></phr></stem><stem n="errors/minut"><phr n="Errors/minute"><ent r="100" t="10" w="278" /><ent r="100" t="10" w="277" /><ent r="100" t="20" w="153" /><ent r="100" t="20" w="152" /></phr><phr n="errors/minute"><ent r="3" t="10" w="306" /><ent r="3" t="10" w="305" /><ent r="3" t="20" w="181" /><ent r="3" t="20" w="180" /></phr></stem><stem n="datagrams/sec"><phr n="Datagrams/sec"><ent r="100" t="10" w="281" /><ent r="100" t="10" w="280" /><ent r="100" t="20" w="156" /><ent r="100" t="20" w="155" /></phr><phr n="datagrams/sec"><ent r="3" t="10" w="299" /><ent r="3" t="10" w="298" /><ent r="3" t="20" w="174" /><ent r="3" t="20" w="173" /></phr></stem><stem n="tcpcurrestab"><phr n="TcpCurrEstab"><ent r="100" t="10" w="283" /><ent r="100" t="16" w="223" /><ent r="100" t="16" w="1150" /><ent r="100" t="20" w="158" /></phr><phr n="tcpCurrEstab"><ent r="3" t="10" w="308" /><ent r="3" t="10" w="311" /><ent r="3" t="16" w="157" /><ent r="3" t="17" w="175" /><ent r="3" t="20" w="183" /><ent r="3" t="20" w="186" /></phr></stem><stem n="b5"><phr n="B5"><ent r="3" t="10" w="288" /><ent r="3" t="13" w="2547" /><ent r="3" t="14" w="630" /><ent r="3" t="20" w="163" /><ent r="3" t="20" w="434" /><ent r="3" t="22" w="1551" /><ent r="3" t="27" w="417" /><ent r="3" t="32" w="1515" /><ent r="3" t="32" w="1589" /><ent r="3" t="32" w="1639" /><ent r="100" t="39" w="17" /><ent r="3" t="39" w="601" /><ent r="3" t="45" w="203" /><ent r="3" t="48" w="255" /></phr><phr n="b5"><ent r="3" t="14" w="1122" /><ent r="3" t="49" w="655" /></phr></stem><stem n="\b5\custom"><phr n="\B5\Custom"><ent r="3" t="10" w="289" /><ent r="3" t="20" w="164" /><ent r="3" t="39" w="602" /></phr></stem><stem n="0p"><phr n="0P"><ent r="3" t="10" w="292" /><ent r="3" t="13" w="2551" /><ent r="3" t="14" w="637" /><ent r="3" t="20" w="167" /><ent r="3" t="20" w="438" /><ent r="3" t="22" w="1555" /><ent r="3" t="22" w="1563" /><ent r="3" t="22" w="1571" /><ent r="3" t="22" w="1579" /><ent r="3" t="27" w="419" /><ent r="3" t="32" w="1520" /><ent r="3" t="32" w="1596" /><ent r="3" t="32" w="1645" /><ent r="100" t="39" w="21" /><ent r="3" t="39" w="605" /><ent r="3" t="45" w="207" /></phr><phr n="0p"><ent r="3" t="32" w="371" /></phr></stem><stem n="\0p\"><phr n="\0P\"><ent r="3" t="10" w="293" /><ent r="3" t="13" w="2552" /><ent r="3" t="20" w="168" /><ent r="3" t="20" w="439" /><ent r="3" t="22" w="1556" /><ent r="3" t="22" w="1572" /><ent r="3" t="22" w="1580" /><ent r="3" t="32" w="1521" /><ent r="3" t="32" w="1597" /><ent r="3" t="32" w="1646" /><ent r="3" t="39" w="606" /><ent r="3" t="45" w="208" /></phr></stem><stem n="\4\ipforwdatagrams:\0\"><phr n="\4\ipForwDatagrams:\0\"><ent r="3" t="10" w="296" /><ent r="3" t="20" w="171" /></phr></stem><stem n="{ipforwdatagrams}"><phr n="{ipForwDatagrams}"><ent r="3" t="10" w="298" /><ent r="3" t="17" w="167" /><ent r="3" t="17" w="189" /><ent r="3" t="17" w="194" /><ent r="3" t="20" w="173" /></phr></stem><stem n="\4\ipinhdrerrors:\0\"><phr n="\4\ipInHdrErrors:\0\"><ent r="3" t="10" w="303" /><ent r="3" t="20" w="178" /></phr></stem><stem n="{ipinhdrerrors}"><phr n="{ipInHdrErrors}"><ent r="3" t="10" w="305" /><ent r="3" t="17" w="160" /><ent r="3" t="17" w="181" /><ent r="3" t="17" w="199" /><ent r="3" t="20" w="180" /></phr></stem><stem n="\4\tcpcurrestab:\0\"><phr n="\4\tcpCurrEstab:\0\"><ent r="3" t="10" w="310" /><ent r="3" t="20" w="185" /></phr></stem><stem n="{tcpcurrestab}"><phr n="{tcpCurrEstab}"><ent r="3" t="10" w="312" /><ent r="3" t="17" w="176" /><ent r="3" t="20" w="187" /></phr></stem><stem n="/snmp-device-display&gt;"><phr n="/snmp-device-display&gt;"><ent r="3" t="10" w="314" /><ent r="3" t="14" w="707" /><ent r="3" t="19" w="1786" /><ent r="3" t="19" w="1855" /><ent r="3" t="20" w="189" /><ent r="3" t="20" w="572" /><ent r="3" t="22" w="1583" /><ent r="3" t="27" w="425" /><ent r="3" t="32" w="1725" /></phr></stem><stem n="snmp-device-display&gt;"><phr n="snmp-device-display&gt;"><ent r="3" t="10" w="314" /><ent r="3" t="14" w="707" /><ent r="3" t="19" w="1786" /><ent r="3" t="19" w="1855" /><ent r="3" t="20" w="189" /><ent r="3" t="20" w="572" /><ent r="3" t="22" w="1583" /><ent r="3" t="27" w="425" /><ent r="3" t="32" w="1725" /></phr></stem><stem n="-base"><phr n="-based"><ent r="100" t="10" w="318" /><ent r="100" t="10" w="318" /><ent r="3" t="10" w="349" /><ent r="3" t="10" w="349" /><ent r="3" t="34" w="111" /><ent r="3" t="34" w="111" /><ent r="5" t="38" w="362" /><ent r="5" t="38" w="362" /><ent r="5" t="38" w="365" /><ent r="5" t="38" w="365" /><ent r="3" t="59" w="9" /><ent r="3" t="59" w="9" /><ent r="3" t="59" w="15" /><ent r="3" t="59" w="15" /><ent r="82" t="59" w="274" /><ent r="82" t="59" w="274" /></phr><phr n="-base"><ent r="3" t="52" w="11" /><ent r="3" t="52" w="11" /></phr></stem><stem n="tcp-base"><phr n="TCP-based"><ent r="100" t="10" w="318" /><ent r="3" t="10" w="349" /><ent r="3" t="34" w="111" /><ent r="5" t="38" w="365" /></phr></stem><stem n="-line-bas"><phr n="-line-based"><ent r="3" t="10" w="406" /><ent r="3" t="10" w="407" /></phr></stem><stem n="command-line-bas"><phr n="command-line-based"><ent r="3" t="10" w="406" /></phr></stem><stem n="line-bas"><phr n="line-based"><ent r="3" t="10" w="407" /></phr></stem><stem n="style"><phr n="styles"><ent r="3" t="11" w="18" /></phr><phr n="Stylings"><ent r="100" t="11" w="258" /></phr><phr n="stylings"><ent r="5" t="11" w="269" /></phr><phr n="style"><ent r="3" t="26" w="633" /><ent r="7" t="70" w="2060" /><ent r="6" t="70" w="2071" /><ent r="7" t="70" w="2128" /><ent r="6" t="70" w="2137" /></phr></stem><stem n="consist"><phr n="consists"><ent r="3" t="11" w="40" /><ent r="3" t="13" w="437" /><ent r="3" t="19" w="549" /></phr></stem><stem n="backslash"><phr n="backslash"><ent r="3" t="11" w="46" /><ent r="4" t="11" w="512" /><ent r="3" t="35" w="513" /></phr><phr n="Backslash"><ent r="5" t="35" w="575" /></phr><phr n="backslashes"><ent r="4" t="69" w="229" /></phr></stem><stem n="(&quot;\&quot;)"><phr n="(&quot;\&quot;)"><ent r="3" t="11" w="47" /><ent r="4" t="69" w="230" /></phr></stem><stem n="\...\"><phr n="\...\"><ent r="4" t="11" w="59" /><ent r="4" t="11" w="106" /></phr></stem><stem n="histor"><phr n="Historical"><ent r="4" t="11" w="73" /></phr></stem><stem n="4.0"><phr n="4.0"><ent r="3" t="11" w="80" /><ent r="3" t="11" w="79" /></phr></stem><stem n="4.0,"><phr n="4.0,"><ent r="3" t="11" w="80" /><ent r="3" t="11" w="79" /></phr></stem><stem n=".0,"><phr n=".0,"><ent r="3" t="11" w="81" /><ent r="3" t="14" w="375" /><ent r="3" t="14" w="517" /><ent r="3" t="16" w="1191" /></phr></stem><stem n="«"><phr n="«"><ent r="3" t="11" w="85" /></phr></stem><stem n="»"><phr n="»"><ent r="3" t="11" w="86" /></phr></stem><stem n="("><phr n="("><ent r="3" t="11" w="86" /><ent r="3" t="13" w="1937" /><ent r="4" t="16" w="506" /><ent r="3" t="22" w="993" /><ent r="3" t="22" w="1087" /><ent r="4" t="24" w="405" /><ent r="4" t="24" w="428" /><ent r="4" t="24" w="439" /><ent r="4" t="24" w="447" /><ent r="4" t="24" w="458" /><ent r="4" t="24" w="471" /><ent r="4" t="24" w="483" /><ent r="4" t="24" w="495" /><ent r="4" t="24" w="509" /><ent r="4" t="24" w="523" /><ent r="4" t="24" w="534" /><ent r="4" t="24" w="547" /><ent r="4" t="24" w="558" /><ent r="4" t="24" w="583" /><ent r="4" t="24" w="595" /><ent r="4" t="24" w="602" /><ent r="4" t="24" w="620" /><ent r="4" t="24" w="627" /><ent r="4" t="24" w="638" /><ent r="4" t="24" w="693" /><ent r="4" t="24" w="715" /><ent r="4" t="24" w="762" /><ent r="4" t="24" w="786" /><ent r="4" t="24" w="802" /><ent r="4" t="24" w="857" /><ent r="4" t="24" w="863" /><ent r="3" t="24" w="966" /><ent r="3" t="24" w="981" /><ent r="3" t="24" w="1003" /><ent r="3" t="24" w="1046" /><ent r="3" t="24" w="1062" /><ent r="3" t="24" w="1105" /><ent r="3" t="24" w="1152" /><ent r="3" t="24" w="1156" /><ent r="3" t="24" w="1165" /><ent r="3" t="24" w="1371" /><ent r="3" t="24" w="1377" /><ent r="3" t="24" w="1418" /><ent r="3" t="24" w="1425" /><ent r="3" t="24" w="1463" /><ent r="3" t="24" w="1470" /><ent r="3" t="24" w="1477" /><ent r="3" t="24" w="1484" /><ent r="3" t="24" w="1491" /><ent r="3" t="24" w="1539" /><ent r="3" t="24" w="1547" /><ent r="3" t="24" w="1556" /><ent r="3" t="24" w="1565" /><ent r="3" t="24" w="1587" /><ent r="3" t="24" w="1598" /><ent r="3" t="24" w="1616" /><ent r="3" t="24" w="1859" /><ent r="3" t="24" w="1870" /><ent r="3" t="24" w="1886" /><ent r="3" t="24" w="1935" /><ent r="3" t="24" w="1937" /><ent r="3" t="24" w="2156" /><ent r="3" t="24" w="2171" /><ent r="3" t="24" w="2322" /><ent r="3" t="24" w="2328" /><ent r="3" t="24" w="2335" /><ent r="3" t="24" w="2342" /><ent r="3" t="24" w="2352" /><ent r="3" t="24" w="2647" /><ent r="3" t="24" w="2652" /><ent r="3" t="24" w="2660" /><ent r="3" t="24" w="2668" /><ent r="3" t="24" w="2677" /><ent r="3" t="24" w="2684" /><ent r="3" t="24" w="2689" /><ent r="3" t="35" w="282" /><ent r="3" t="35" w="979" /><ent r="4" t="37" w="590" /><ent r="4" t="37" w="629" /><ent r="4" t="37" w="668" /><ent r="4" t="37" w="820" /><ent r="3" t="37" w="2526" /><ent r="3" t="37" w="2652" /><ent r="3" t="37" w="2750" /><ent r="3" t="37" w="3006" /><ent r="3" t="37" w="3087" /><ent r="3" t="47" w="26" /><ent r="4" t="47" w="809" /><ent r="3" t="56" w="222" /><ent r="3" t="56" w="253" /><ent r="6" t="70" w="470" /></phr></stem><stem n="le"><phr n="le"><ent r="4" t="11" w="87" /></phr></stem><stem n="&amp;le;"><phr n="&amp;le;"><ent r="4" t="11" w="88" /></phr></stem><stem n="ge"><phr n="ge"><ent r="4" t="11" w="91" /></phr></stem><stem n="&amp;ge;"><phr n="&amp;ge;"><ent r="4" t="11" w="92" /></phr></stem><stem n="still"><phr n="still"><ent r="3" t="11" w="94" /><ent r="3" t="14" w="340" /><ent r="3" t="37" w="4221" /><ent r="3" t="64" w="342" /></phr></stem><stem n="accept"><phr n="accepts"><ent r="3" t="11" w="95" /><ent r="3" t="64" w="380" /></phr><phr n="accepted"><ent r="4" t="13" w="1616" /></phr></stem><stem n="although"><phr n="although"><ent r="3" t="11" w="98" /><ent r="3" t="19" w="1319" /><ent r="3" t="21" w="424" /></phr><phr n="Although"><ent r="3" t="62" w="40" /></phr></stem><stem n="encourag"><phr n="encourage"><ent r="3" t="11" w="100" /></phr><phr n="encouraged"><ent r="3" t="52" w="32" /></phr></stem><stem n="everyon"><phr n="everyone"><ent r="3" t="11" w="101" /></phr></stem><stem n="'re"><phr n="'re"><ent r="3" t="11" w="113" /><ent r="4" t="49" w="200" /><ent r="3" t="64" w="234" /></phr></stem><stem n="they'r"><phr n="they're"><ent r="3" t="11" w="113" /><ent r="3" t="11" w="112" /><ent r="3" t="64" w="234" /><ent r="3" t="64" w="233" /></phr></stem><stem n="re"><phr n="re"><ent r="3" t="11" w="113" /><ent r="3" t="22" w="891" /><ent r="3" t="28" w="169" /><ent r="3" t="28" w="232" /><ent r="4" t="49" w="200" /><ent r="3" t="49" w="710" /><ent r="3" t="64" w="234" /></phr><phr n="Re"><ent r="3" t="14" w="333" /><ent r="4" t="50" w="249" /></phr></stem><stem n="easier"><phr n="easier"><ent r="3" t="11" w="114" /><ent r="3" t="29" w="851" /><ent r="3" t="49" w="14" /><ent r="4" t="49" w="287" /><ent r="3" t="61" w="80" /><ent r="3" t="64" w="237" /><ent r="3" t="77" w="55" /></phr></stem><stem n="pass"><phr n="pass"><ent r="3" t="11" w="119" /><ent r="3" t="13" w="1360" /><ent r="3" t="14" w="757" /><ent r="3" t="37" w="4544" /><ent r="3" t="40" w="291" /><ent r="3" t="40" w="1189" /><ent r="3" t="40" w="1252" /><ent r="4" t="41" w="77" /><ent r="4" t="41" w="220" /><ent r="4" t="41" w="381" /><ent r="3" t="41" w="482" /><ent r="3" t="41" w="509" /><ent r="3" t="55" w="607" /><ent r="3" t="55" w="619" /></phr><phr n="passed"><ent r="92" t="13" w="1337" /><ent r="3" t="14" w="919" /><ent r="3" t="14" w="936" /><ent r="3" t="14" w="981" /><ent r="3" t="14" w="1165" /><ent r="4" t="41" w="66" /><ent r="3" t="45" w="28" /><ent r="6" t="70" w="2021" /></phr><phr n="passing"><ent r="3" t="13" w="1349" /><ent r="3" t="14" w="824" /><ent r="3" t="40" w="1184" /><ent r="3" t="73" w="34" /></phr><phr n="passes"><ent r="3" t="28" w="90" /><ent r="3" t="40" w="600" /></phr><phr n="PASS"><ent r="100" t="37" w="3920" /><ent r="3" t="37" w="3924" /><ent r="3" t="37" w="4080" /></phr><phr n="Passing"><ent r="92" t="40" w="1100" /></phr><phr n="Pass"><ent r="3" t="40" w="1108" /></phr><phr n="Passes"><ent r="3" t="45" w="30" /></phr></stem><stem n="unchang"><phr n="unchanged"><ent r="3" t="11" w="120" /></phr></stem><stem n="counteract"><phr n="counteract"><ent r="4" t="11" w="150" /></phr></stem><stem n="previou"><phr n="previous"><ent r="4" t="11" w="152" /><ent r="3" t="14" w="257" /><ent r="3" t="14" w="343" /><ent r="3" t="14" w="367" /><ent r="4" t="16" w="1120" /><ent r="4" t="19" w="1581" /><ent r="5" t="37" w="1843" /><ent r="3" t="37" w="2024" /><ent r="3" t="37" w="2512" /><ent r="4" t="37" w="3659" /><ent r="6" t="70" w="435" /><ent r="6" t="70" w="457" /><ent r="6" t="70" w="1657" /></phr></stem><stem n="summari"><phr n="Summary"><ent r="100" t="11" w="160" /><ent r="82" t="11" w="164" /><ent r="92" t="68" w="39" /></phr><phr n="summary"><ent r="3" t="15" w="112" /><ent r="3" t="55" w="1289" /></phr></stem><stem n="m"><phr n="M"><ent r="6" t="11" w="171" /><ent r="3" t="13" w="2277" /><ent r="4" t="24" w="1742" /><ent r="5" t="37" w="2358" /></phr><phr n="m"><ent r="3" t="13" w="2312" /><ent r="4" t="24" w="1736" /><ent r="3" t="24" w="1872" /><ent r="3" t="35" w="921" /><ent r="3" t="35" w="941" /><ent r="3" t="35" w="956" /></phr></stem><stem n="monaco"><phr n="Monaco"><ent r="100" t="11" w="178" /></phr></stem><stem n="geneva"><phr n="Geneva"><ent r="100" t="11" w="192" /><ent r="5" t="11" w="198" /></phr></stem><stem n="proport"><phr n="proportional"><ent r="5" t="11" w="201" /></phr></stem><stem n="proportional-spac"><phr n="proportional-spaced"><ent r="5" t="11" w="201" /></phr></stem><stem n="+"><phr n="+"><ent r="6" t="11" w="205" /><ent r="3" t="14" w="1293" /><ent r="3" t="19" w="298" /><ent r="3" t="19" w="300" /><ent r="3" t="19" w="1657" /><ent r="3" t="19" w="1716" /><ent r="4" t="24" w="98" /><ent r="4" t="24" w="272" /><ent r="4" t="24" w="370" /><ent r="3" t="24" w="2819" /><ent r="3" t="24" w="2820" /><ent r="3" t="24" w="2822" /><ent r="6" t="24" w="2927" /><ent r="3" t="26" w="638" /><ent r="3" t="34" w="516" /><ent r="3" t="34" w="1043" /><ent r="3" t="35" w="925" /><ent r="3" t="35" w="945" /><ent r="3" t="35" w="960" /><ent r="4" t="35" w="1062" /><ent r="3" t="37" w="1761" /><ent r="3" t="44" w="655" /><ent r="3" t="44" w="671" /><ent r="3" t="44" w="673" /><ent r="3" t="44" w="676" /><ent r="3" t="44" w="679" /><ent r="3" t="44" w="680" /><ent r="3" t="44" w="873" /><ent r="3" t="44" w="929" /><ent r="3" t="44" w="931" /><ent r="3" t="49" w="846" /><ent r="3" t="49" w="868" /><ent r="3" t="49" w="880" /><ent r="3" t="49" w="931" /><ent r="3" t="49" w="934" /><ent r="3" t="56" w="643" /><ent r="3" t="61" w="713" /><ent r="3" t="61" w="766" /><ent r="3" t="61" w="1184" /><ent r="3" t="61" w="1281" /></phr></stem><stem n="multipl"><phr n="Multiples"><ent r="5" t="11" w="214" /><ent r="5" t="11" w="233" /></phr><phr n="multiple"><ent r="4" t="18" w="175" /><ent r="3" t="21" w="21" /><ent r="3" t="21" w="82" /><ent r="4" t="21" w="609" /><ent r="4" t="22" w="104" /><ent r="6" t="24" w="2933" /><ent r="4" t="25" w="208" /><ent r="3" t="26" w="111" /><ent r="3" t="44" w="397" /><ent r="3" t="56" w="135" /></phr><phr n="Multiplication"><ent r="100" t="24" w="374" /><ent r="4" t="24" w="377" /></phr></stem><stem n="++"><phr n="++"><ent r="5" t="11" w="215" /></phr></stem><stem n="(&quot;++&quot;)"><phr n="(&quot;++&quot;)"><ent r="5" t="11" w="216" /></phr></stem><stem n="amount"><phr n="amount"><ent r="5" t="11" w="223" /><ent r="3" t="40" w="339" /><ent r="3" t="40" w="866" /></phr></stem><stem n="decreas"><phr n="Decrease"><ent r="5" t="11" w="227" /></phr></stem><stem n="bold"><phr n="bold"><ent r="5" t="11" w="244" /><ent r="7" t="70" w="2061" /><ent r="6" t="70" w="2073" /><ent r="7" t="70" w="2129" /><ent r="6" t="70" w="2138" /></phr><phr n="Bold"><ent r="100" t="11" w="362" /><ent r="7" t="11" w="369" /><ent r="7" t="11" w="371" /><ent r="8" t="11" w="378" /><ent r="9" t="11" w="380" /></phr></stem><stem n="ital"><phr n="italic"><ent r="5" t="11" w="253" /></phr><phr n="Italic"><ent r="7" t="11" w="372" /><ent r="7" t="11" w="374" /><ent r="9" t="11" w="381" /><ent r="8" t="11" w="383" /></phr></stem><stem n="p"><phr n="P"><ent r="6" t="11" w="255" /><ent r="100" t="11" w="364" /><ent r="3" t="14" w="248" /><ent r="3" t="20" w="375" /><ent r="3" t="27" w="145" /><ent r="3" t="32" w="157" /><ent r="100" t="39" w="10" /><ent r="3" t="39" w="171" /><ent r="3" t="46" w="267" /></phr><phr n="p"><ent r="7" t="11" w="375" /><ent r="7" t="11" w="391" /><ent r="3" t="13" w="2341" /><ent r="3" t="14" w="349" /><ent r="3" t="14" w="818" /><ent r="3" t="14" w="859" /><ent r="3" t="14" w="863" /><ent r="3" t="14" w="998" /><ent r="3" t="14" w="1009" /><ent r="3" t="14" w="1012" /><ent r="4" t="24" w="1748" /><ent r="3" t="24" w="2503" /><ent r="3" t="24" w="2511" /><ent r="3" t="27" w="165" /><ent r="3" t="27" w="203" /><ent r="3" t="27" w="235" /><ent r="3" t="27" w="267" /><ent r="3" t="32" w="236" /><ent r="3" t="32" w="309" /><ent r="3" t="32" w="333" /><ent r="3" t="32" w="392" /><ent r="3" t="32" w="409" /><ent r="3" t="32" w="547" /><ent r="3" t="32" w="562" /><ent r="100" t="39" w="26" /><ent r="100" t="39" w="33" /><ent r="3" t="39" w="227" /><ent r="3" t="39" w="281" /><ent r="3" t="39" w="322" /><ent r="3" t="39" w="358" /><ent r="3" t="39" w="377" /><ent r="3" t="39" w="396" /><ent r="3" t="44" w="485" /><ent r="3" t="44" w="746" /><ent r="3" t="46" w="335" /><ent r="3" t="48" w="64" /><ent r="3" t="48" w="108" /><ent r="3" t="49" w="549" /><ent r="3" t="55" w="141" /><ent r="5" t="55" w="275" /><ent r="3" t="61" w="281" /><ent r="3" t="61" w="317" /><ent r="3" t="61" w="495" /><ent r="3" t="61" w="510" /><ent r="3" t="61" w="818" /></phr></stem><stem n="plain"><phr n="plain"><ent r="5" t="11" w="264" /><ent r="4" t="37" w="2220" /><ent r="3" t="66" w="246" /></phr><phr n="Plain"><ent r="100" t="11" w="365" /><ent r="7" t="11" w="376" /><ent r="7" t="11" w="385" /></phr></stem><stem n="undo"><phr n="undoes"><ent r="5" t="11" w="266" /></phr></stem><stem n="u"><phr n="U"><ent r="6" t="11" w="271" /><ent r="4" t="24" w="1759" /><ent r="3" t="49" w="764" /></phr><phr n="u"><ent r="3" t="13" w="2321" /><ent r="4" t="24" w="1240" /><ent r="3" t="61" w="278" /><ent r="3" t="61" w="315" /><ent r="3" t="61" w="494" /><ent r="3" t="61" w="507" /></phr></stem><stem n="hyperlink"><phr n="Hyperlinks"><ent r="100" t="11" w="285" /><ent r="100" t="11" w="287" /></phr><phr n="hyperlinks"><ent r="5" t="11" w="294" /></phr><phr n="hyperlink"><ent r="3" t="19" w="1799" /><ent r="3" t="19" w="1803" /><ent r="6" t="70" w="526" /></phr></stem><stem n=":make"><phr n=":making"><ent r="100" t="11" w="288" /></phr></stem><stem n="off"><phr n="off"><ent r="5" t="11" w="299" /><ent r="4" t="24" w="2289" /><ent r="3" t="37" w="1392" /></phr><phr n="OFF"><ent r="100" t="37" w="24" /><ent r="100" t="37" w="393" /><ent r="65" t="37" w="398" /><ent r="83" t="37" w="2153" /><ent r="100" t="37" w="2237" /><ent r="6" t="37" w="2240" /></phr></stem><stem n="digit"><phr n="digit"><ent r="7" t="11" w="306" /><ent r="9" t="16" w="959" /><ent r="9" t="16" w="965" /><ent r="4" t="16" w="1380" /><ent r="4" t="16" w="1582" /><ent r="4" t="24" w="1810" /><ent r="3" t="34" w="1053" /><ent r="100" t="68" w="600" /><ent r="6" t="68" w="608" /><ent r="6" t="68" w="609" /></phr><phr n="digits"><ent r="3" t="13" w="440" /><ent r="4" t="13" w="1586" /><ent r="6" t="16" w="685" /><ent r="4" t="16" w="1584" /><ent r="4" t="24" w="431" /><ent r="3" t="34" w="1065" /><ent r="4" t="35" w="1003" /><ent r="3" t="43" w="56" /></phr><phr n="Digit"><ent r="100" t="68" w="599" /></phr></stem><stem n="color"><phr n="color"><ent r="5" t="11" w="311" /><ent r="3" t="11" w="446" /><ent r="3" t="21" w="158" /><ent r="3" t="21" w="335" /><ent r="3" t="21" w="357" /><ent r="3" t="21" w="438" /><ent r="3" t="21" w="505" /><ent r="4" t="22" w="389" /><ent r="4" t="22" w="684" /><ent r="4" t="22" w="713" /><ent r="7" t="70" w="2058" /><ent r="6" t="70" w="2065" /><ent r="7" t="70" w="2126" /><ent r="6" t="70" w="2135" /></phr><phr n="Color"><ent r="5" t="21" w="166" /></phr><phr n="colored"><ent r="3" t="21" w="298" /><ent r="3" t="21" w="381" /><ent r="4" t="22" w="343" /></phr><phr n="colors"><ent r="3" t="21" w="314" /><ent r="3" t="21" w="417" /></phr><phr n="coloring"><ent r="3" t="21" w="324" /></phr></stem><stem n="black"><phr n="Black"><ent r="8" t="11" w="319" /></phr></stem><stem n="light"><phr n="Light"><ent r="8" t="11" w="323" /></phr></stem><stem n="red"><phr n="Red"><ent r="8" t="11" w="327" /><ent r="5" t="21" w="206" /></phr><phr n="red"><ent r="7" t="11" w="389" /><ent r="8" t="11" w="394" /><ent r="5" t="21" w="218" /><ent r="3" t="21" w="334" /><ent r="3" t="21" w="384" /><ent r="3" t="21" w="473" /><ent r="3" t="35" w="868" /><ent r="6" t="47" w="473" /><ent r="7" t="70" w="2059" /><ent r="6" t="70" w="2067" /><ent r="7" t="70" w="2127" /><ent r="6" t="70" w="2136" /></phr></stem><stem n="green"><phr n="Green"><ent r="8" t="11" w="331" /><ent r="5" t="21" w="172" /></phr><phr n="green"><ent r="3" t="21" w="453" /></phr></stem><stem n="orang"><phr n="Orange"><ent r="8" t="11" w="338" /><ent r="5" t="21" w="194" /></phr><phr n="orange"><ent r="3" t="21" w="344" /><ent r="3" t="21" w="471" /></phr></stem><stem n="grai"><phr n="Gray"><ent r="8" t="11" w="341" /></phr></stem><stem n="yellow"><phr n="Yellow"><ent r="8" t="11" w="345" /><ent r="5" t="21" w="181" /></phr><phr n="yellow"><ent r="3" t="21" w="470" /><ent r="6" t="47" w="469" /></phr></stem><stem n="render"><phr n="rendered"><ent r="3" t="11" w="354" /></phr></stem><stem n="m1++"><phr n="M1++"><ent r="100" t="11" w="358" /><ent r="7" t="11" w="387" /></phr></stem><stem n="/big"><phr n="/Big"><ent r="100" t="11" w="359" /></phr></stem><stem n="m1++/big"><phr n="M1++/Big"><ent r="100" t="11" w="359" /><ent r="100" t="11" w="358" /></phr></stem><stem n="/bold"><phr n="/Bold"><ent r="100" t="11" w="362" /></phr></stem><stem n="b/bold"><phr n="B/Bold"><ent r="100" t="11" w="362" /><ent r="100" t="11" w="361" /></phr></stem><stem n="/plain"><phr n="/Plain"><ent r="100" t="11" w="365" /></phr></stem><stem n="p/plain"><phr n="P/Plain"><ent r="100" t="11" w="365" /><ent r="100" t="11" w="364" /></phr></stem><stem n="\b\bold"><phr n="\b\Bold"><ent r="7" t="11" w="369" /></phr></stem><stem n="\i\bold"><phr n="\i\Bold"><ent r="7" t="11" w="371" /></phr></stem><stem n="\!b\ital"><phr n="\!b\Italic"><ent r="7" t="11" w="374" /></phr></stem><stem n="\p\plain"><phr n="\p\Plain"><ent r="7" t="11" w="376" /></phr></stem><stem n="\m1++\big"><phr n="\M1++\Big"><ent r="7" t="11" w="388" /></phr></stem><stem n="\p\"><phr n="\p\"><ent r="7" t="11" w="392" /><ent r="3" t="14" w="350" /><ent r="3" t="14" w="819" /><ent r="3" t="32" w="237" /><ent r="3" t="32" w="393" /><ent r="3" t="32" w="548" /><ent r="3" t="39" w="228" /><ent r="3" t="39" w="282" /><ent r="3" t="39" w="323" /><ent r="3" t="39" w="359" /><ent r="3" t="39" w="378" /><ent r="3" t="39" w="397" /><ent r="3" t="44" w="486" /><ent r="3" t="44" w="747" /><ent r="3" t="46" w="336" /><ent r="3" t="48" w="65" /><ent r="3" t="49" w="550" /></phr><phr n="\P\"><ent r="3" t="14" w="249" /><ent r="3" t="20" w="376" /><ent r="3" t="27" w="146" /><ent r="3" t="32" w="158" /><ent r="3" t="39" w="172" /></phr></stem></index>