<?xml version="1.0" encoding="utf-8"?><index><stem n="statu"><phr n="status"><ent r="4" t="3" w="248" /><ent r="4" t="3" w="265" /><ent r="4" t="3" w="367" /><ent r="4" t="3" w="396" /><ent r="4" t="3" w="457" /><ent r="4" t="3" w="511" /><ent r="4" t="3" w="539" /><ent r="4" t="4" w="313" /><ent r="4" t="4" w="490" /><ent r="6" t="5" w="1109" /><ent r="3" t="7" w="133" /><ent r="3" t="13" w="2458" /><ent r="3" t="13" w="2518" /><ent r="3" t="14" w="766" /><ent r="3" t="15" w="100" /><ent r="4" t="15" w="210" /><ent r="4" t="15" w="224" /><ent r="4" t="15" w="438" /><ent r="4" t="17" w="52" /><ent r="3" t="17" w="98" /><ent r="3" t="17" w="104" /><ent r="3" t="17" w="269" /><ent r="3" t="17" w="278" /><ent r="3" t="17" w="284" /><ent r="3" t="19" w="321" /><ent r="3" t="19" w="324" /><ent r="3" t="19" w="1751" /><ent r="3" t="19" w="1791" /><ent r="3" t="21" w="116" /><ent r="4" t="22" w="232" /><ent r="3" t="22" w="291" /><ent r="4" t="22" w="776" /><ent r="4" t="22" w="842" /><ent r="3" t="24" w="69" /><ent r="3" t="27" w="215" /><ent r="3" t="28" w="180" /><ent r="3" t="29" w="1052" /><ent r="3" t="34" w="46" /><ent r="3" t="34" w="387" /><ent r="3" t="34" w="470" /><ent r="3" t="35" w="115" /><ent r="3" t="35" w="281" /><ent r="3" t="35" w="1555" /><ent r="66" t="37" w="523" /><ent r="65" t="37" w="701" /><ent r="4" t="37" w="706" /><ent r="84" t="37" w="1473" /><ent r="3" t="37" w="1531" /><ent r="3" t="37" w="1564" /><ent r="3" t="37" w="1649" /><ent r="5" t="37" w="1833" /><ent r="3" t="37" w="2104" /><ent r="3" t="37" w="2148" /><ent r="84" t="37" w="3356" /><ent r="3" t="37" w="3369" /><ent r="3" t="37" w="3399" /><ent r="3" t="37" w="4575" /><ent r="3" t="37" w="4619" /><ent r="3" t="39" w="197" /><ent r="3" t="39" w="306" /><ent r="3" t="39" w="348" /><ent r="3" t="39" w="420" /><ent r="3" t="40" w="58" /><ent r="3" t="40" w="300" /><ent r="3" t="40" w="335" /><ent r="3" t="46" w="359" /><ent r="3" t="46" w="464" /><ent r="3" t="47" w="168" /><ent r="3" t="47" w="686" /><ent r="4" t="47" w="797" /><ent r="93" t="54" w="200" /><ent r="93" t="54" w="278" /><ent r="3" t="54" w="338" /><ent r="93" t="54" w="445" /><ent r="4" t="60" w="88" /><ent r="6" t="70" w="301" /><ent r="3" t="71" w="108" /></phr><phr n="Status"><ent r="3" t="4" w="209" /><ent r="3" t="4" w="219" /><ent r="4" t="4" w="341" /><ent r="4" t="4" w="572" /><ent r="4" t="4" w="576" /><ent r="4" t="4" w="688" /><ent r="3" t="7" w="459" /><ent r="1000" t="10" w="2" /><ent r="100" t="10" w="5" /><ent r="100" t="10" w="8" /><ent r="100" t="10" w="15" /><ent r="100" t="10" w="18" /><ent r="102" t="10" w="21" /><ent r="3" t="10" w="41" /><ent r="92" t="10" w="147" /><ent r="3" t="10" w="183" /><ent r="3" t="10" w="194" /><ent r="3" t="10" w="206" /><ent r="3" t="10" w="231" /><ent r="92" t="10" w="323" /><ent r="3" t="10" w="354" /><ent r="3" t="10" w="364" /><ent r="92" t="10" w="379" /><ent r="3" t="10" w="412" /><ent r="3" t="10" w="422" /><ent r="3" t="11" w="31" /><ent r="3" t="14" w="623" /><ent r="4" t="15" w="249" /><ent r="4" t="15" w="466" /><ent r="100" t="16" w="227" /><ent r="92" t="16" w="231" /><ent r="3" t="16" w="260" /><ent r="100" t="16" w="281" /><ent r="64" t="16" w="285" /><ent r="3" t="17" w="321" /><ent r="92" t="20" w="21" /><ent r="3" t="20" w="58" /><ent r="3" t="20" w="69" /><ent r="3" t="20" w="81" /><ent r="3" t="20" w="106" /><ent r="3" t="20" w="389" /><ent r="3" t="22" w="573" /><ent r="3" t="27" w="161" /><ent r="3" t="27" w="250" /><ent r="3" t="29" w="1001" /><ent r="3" t="29" w="1108" /><ent r="3" t="30" w="32" /><ent r="3" t="32" w="175" /><ent r="3" t="32" w="213" /><ent r="3" t="32" w="284" /><ent r="3" t="32" w="314" /><ent r="3" t="32" w="1203" /><ent r="3" t="32" w="1605" /><ent r="4" t="34" w="352" /><ent r="3" t="36" w="38" /><ent r="3" t="37" w="1591" /><ent r="3" t="38" w="228" /><ent r="64" t="38" w="261" /><ent r="3" t="38" w="299" /><ent r="4" t="40" w="268" /><ent r="3" t="43" w="25" /><ent r="3" t="44" w="907" /><ent r="4" t="49" w="99" /><ent r="3" t="53" w="36" /><ent r="3" t="61" w="1223" /><ent r="8" t="70" w="962" /><ent r="6" t="70" w="1380" /></phr><phr n="STATUS"><ent r="3" t="33" w="184" /><ent r="3" t="33" w="217" /><ent r="3" t="33" w="249" /><ent r="3" t="33" w="284" /><ent r="3" t="33" w="315" /><ent r="3" t="33" w="340" /><ent r="3" t="33" w="407" /><ent r="3" t="47" w="535" /></phr></stem><stem n="examin"><phr n="examines"><ent r="4" t="3" w="253" /><ent r="3" t="28" w="77" /><ent r="3" t="34" w="38" /><ent r="3" t="35" w="270" /><ent r="3" t="59" w="344" /></phr><phr n="examine"><ent r="3" t="35" w="106" /><ent r="3" t="42" w="69" /><ent r="3" t="42" w="126" /></phr></stem><stem n="(s)"><phr n="(s)"><ent r="4" t="3" w="257" /><ent r="3" t="28" w="66" /></phr></stem><stem n="accordingli"><phr n="accordingly"><ent r="4" t="3" w="266" /><ent r="4" t="3" w="540" /><ent r="3" t="14" w="995" /><ent r="4" t="22" w="685" /></phr></stem><stem n="type"><phr n="types"><ent r="3" t="3" w="277" /><ent r="3" t="3" w="354" /><ent r="3" t="4" w="32" /><ent r="6" t="5" w="119" /><ent r="6" t="5" w="494" /><ent r="3" t="6" w="47" /><ent r="3" t="7" w="168" /><ent r="3" t="7" w="285" /><ent r="3" t="7" w="577" /><ent r="6" t="16" w="569" /><ent r="7" t="16" w="899" /><ent r="3" t="19" w="151" /><ent r="3" t="26" w="231" /><ent r="3" t="43" w="38" /><ent r="3" t="43" w="68" /><ent r="4" t="65" w="260" /></phr><phr n="type"><ent r="3" t="3" w="312" /><ent r="3" t="4" w="195" /><ent r="3" t="4" w="237" /><ent r="3" t="4" w="246" /><ent r="6" t="5" w="105" /><ent r="6" t="5" w="109" /><ent r="6" t="5" w="157" /><ent r="6" t="5" w="184" /><ent r="6" t="5" w="198" /><ent r="6" t="5" w="216" /><ent r="6" t="5" w="233" /><ent r="100" t="5" w="480" /><ent r="6" t="5" w="483" /><ent r="3" t="5" w="745" /><ent r="3" t="5" w="775" /><ent r="4" t="5" w="820" /><ent r="3" t="7" w="222" /><ent r="3" t="7" w="589" /><ent r="3" t="10" w="50" /><ent r="3" t="11" w="116" /><ent r="3" t="13" w="98" /><ent r="3" t="13" w="297" /><ent r="3" t="13" w="503" /><ent r="5" t="13" w="771" /><ent r="3" t="13" w="982" /><ent r="3" t="14" w="151" /><ent r="3" t="14" w="175" /><ent r="3" t="14" w="703" /><ent r="3" t="14" w="780" /><ent r="3" t="14" w="800" /><ent r="3" t="15" w="7" /><ent r="4" t="15" w="284" /><ent r="3" t="15" w="354" /><ent r="4" t="16" w="503" /><ent r="4" t="16" w="538" /><ent r="6" t="16" w="552" /><ent r="6" t="16" w="556" /><ent r="7" t="16" w="672" /><ent r="6" t="16" w="804" /><ent r="7" t="16" w="818" /><ent r="6" t="16" w="907" /><ent r="3" t="16" w="1737" /><ent r="3" t="16" w="1968" /><ent r="3" t="19" w="312" /><ent r="3" t="20" w="326" /><ent r="3" t="20" w="346" /><ent r="4" t="22" w="420" /><ent r="3" t="22" w="1284" /><ent r="3" t="22" w="1304" /><ent r="3" t="24" w="2384" /><ent r="3" t="27" w="92" /><ent r="3" t="27" w="112" /><ent r="3" t="28" w="14" /><ent r="4" t="29" w="455" /><ent r="3" t="29" w="736" /><ent r="3" t="32" w="120" /><ent r="3" t="32" w="139" /><ent r="3" t="33" w="221" /><ent r="3" t="33" w="347" /><ent r="3" t="34" w="12" /><ent r="4" t="34" w="194" /><ent r="3" t="39" w="125" /><ent r="100" t="39" w="152" /><ent r="3" t="39" w="155" /><ent r="3" t="40" w="20" /><ent r="4" t="40" w="130" /><ent r="3" t="44" w="451" /><ent r="3" t="44" w="470" /><ent r="3" t="44" w="710" /><ent r="3" t="44" w="729" /><ent r="3" t="45" w="101" /><ent r="3" t="45" w="122" /><ent r="3" t="46" w="300" /><ent r="3" t="46" w="318" /><ent r="3" t="48" w="30" /><ent r="3" t="48" w="48" /><ent r="3" t="49" w="512" /><ent r="3" t="49" w="531" /><ent r="3" t="56" w="260" /><ent r="3" t="56" w="478" /><ent r="3" t="56" w="483" /><ent r="3" t="58" w="99" /><ent r="3" t="58" w="336" /><ent r="3" t="58" w="369" /><ent r="3" t="58" w="374" /><ent r="3" t="64" w="336" /><ent r="3" t="64" w="350" /><ent r="100" t="72" w="21" /><ent r="3" t="72" w="35" /><ent r="4" t="77" w="88" /></phr><phr n="Types"><ent r="92" t="3" w="314" /><ent r="92" t="7" w="165" /><ent r="66" t="65" w="249" /><ent r="1000" t="72" w="2" /><ent r="100" t="72" w="5" /><ent r="102" t="72" w="8" /></phr><phr n="Type"><ent r="100" t="4" w="12" /><ent r="5" t="4" w="110" /><ent r="92" t="4" w="230" /><ent r="100" t="5" w="122" /><ent r="5" t="13" w="967" /><ent r="3" t="16" w="102" /><ent r="100" t="16" w="370" /><ent r="3" t="16" w="403" /><ent r="5" t="16" w="512" /><ent r="6" t="16" w="914" /><ent r="10" t="16" w="933" /><ent r="3" t="19" w="639" /><ent r="3" t="19" w="1093" /><ent r="3" t="19" w="1366" /><ent r="3" t="32" w="1337" /><ent r="3" t="32" w="1355" /><ent r="3" t="32" w="1373" /><ent r="3" t="32" w="1391" /><ent r="3" t="32" w="1409" /><ent r="3" t="32" w="1427" /><ent r="3" t="32" w="1445" /><ent r="3" t="32" w="1463" /><ent r="3" t="32" w="1481" /><ent r="3" t="32" w="1499" /><ent r="3" t="32" w="1634" /><ent r="3" t="32" w="1650" /><ent r="100" t="47" w="244" /><ent r="4" t="47" w="307" /><ent r="100" t="50" w="168" /><ent r="3" t="61" w="1371" /></phr><phr n="TYPE"><ent r="3" t="16" w="121" /><ent r="3" t="16" w="1174" /><ent r="3" t="33" w="74" /><ent r="3" t="33" w="76" /><ent r="3" t="33" w="174" /><ent r="3" t="33" w="207" /><ent r="3" t="33" w="239" /><ent r="3" t="33" w="274" /><ent r="3" t="33" w="305" /><ent r="3" t="33" w="330" /><ent r="3" t="33" w="360" /><ent r="3" t="33" w="366" /><ent r="3" t="33" w="370" /><ent r="3" t="33" w="399" /></phr><phr n="Typing"><ent r="3" t="55" w="1279" /></phr><phr n="typed"><ent r="6" t="70" w="692" /></phr></stem><stem n="structur"><phr n="structure"><ent r="3" t="3" w="283" /></phr><phr n="Structure"><ent r="1000" t="71" w="2" /><ent r="100" t="71" w="5" /><ent r="102" t="71" w="8" /></phr></stem><stem n="outlin"><phr n="outlined"><ent r="3" t="3" w="286" /></phr><phr n="outline"><ent r="3" t="19" w="291" /><ent r="3" t="19" w="545" /></phr><phr n="outLine"><ent r="3" t="26" w="512" /></phr></stem><stem n="anatomi"><phr n="Anatomy"><ent r="64" t="3" w="289" /><ent r="1000" t="4" w="1" /><ent r="102" t="4" w="6" /></phr></stem><stem n="common"><phr n="common"><ent r="3" t="3" w="297" /><ent r="3" t="4" w="28" /><ent r="92" t="4" w="76" /><ent r="3" t="4" w="418" /><ent r="4" t="24" w="218" /><ent r="3" t="35" w="249" /><ent r="3" t="40" w="114" /><ent r="3" t="54" w="33" /><ent r="3" t="54" w="223" /></phr><phr n="Common"><ent r="92" t="15" w="252" /><ent r="92" t="34" w="162" /><ent r="92" t="40" w="91" /></phr></stem><stem n="specif"><phr n="specific"><ent r="3" t="3" w="307" /><ent r="4" t="3" w="428" /><ent r="3" t="4" w="242" /><ent r="82" t="4" w="249" /><ent r="82" t="4" w="392" /><ent r="5" t="13" w="810" /><ent r="4" t="29" w="241" /><ent r="4" t="31" w="226" /><ent r="4" t="37" w="984" /><ent r="64" t="37" w="1108" /><ent r="3" t="55" w="86" /><ent r="4" t="65" w="258" /><ent r="3" t="66" w="655" /><ent r="3" t="71" w="272" /></phr><phr n="Specific"><ent r="92" t="4" w="231" /><ent r="82" t="4" w="493" /><ent r="82" t="4" w="588" /><ent r="92" t="15" w="347" /><ent r="3" t="29" w="653" /><ent r="3" t="32" w="1283" /><ent r="92" t="34" w="257" /><ent r="92" t="40" w="193" /></phr><phr n="specifications"><ent r="4" t="6" w="113" /><ent r="4" t="16" w="1067" /></phr><phr n="specifically"><ent r="3" t="19" w="84" /></phr><phr n="specification"><ent r="3" t="23" w="65" /><ent r="3" t="24" w="1309" /></phr></stem><stem n="as-i"><phr n="as-is"><ent r="3" t="3" w="332" /><ent r="3" t="69" w="152" /></phr></stem><stem n="-is,"><phr n="-is,"><ent r="3" t="3" w="334" /><ent r="3" t="3" w="334" /></phr></stem><stem n="scratch"><phr n="scratch"><ent r="3" t="3" w="348" /></phr></stem><stem n="-"><phr n="-"><ent r="4" t="3" w="362" /><ent r="4" t="3" w="362" /><ent r="4" t="3" w="385" /><ent r="4" t="3" w="385" /><ent r="4" t="3" w="435" /><ent r="4" t="3" w="435" /><ent r="4" t="3" w="489" /><ent r="4" t="3" w="489" /><ent r="4" t="3" w="517" /><ent r="4" t="3" w="517" /><ent r="4" t="4" w="272" /><ent r="4" t="4" w="272" /><ent r="4" t="4" w="298" /><ent r="4" t="4" w="298" /><ent r="4" t="4" w="327" /><ent r="4" t="4" w="327" /><ent r="4" t="4" w="356" /><ent r="4" t="4" w="356" /><ent r="4" t="4" w="376" /><ent r="4" t="4" w="376" /><ent r="3" t="4" w="405" /><ent r="3" t="4" w="405" /><ent r="4" t="4" w="440" /><ent r="4" t="4" w="440" /><ent r="4" t="4" w="475" /><ent r="4" t="4" w="475" /><ent r="4" t="4" w="511" /><ent r="4" t="4" w="511" /><ent r="4" t="4" w="561" /><ent r="4" t="4" w="561" /><ent r="4" t="4" w="608" /><ent r="4" t="4" w="608" /><ent r="4" t="4" w="633" /><ent r="4" t="4" w="633" /><ent r="4" t="4" w="657" /><ent r="4" t="4" w="657" /><ent r="4" t="4" w="678" /><ent r="4" t="4" w="678" /><ent r="6" t="5" w="851" /><ent r="6" t="5" w="851" /><ent r="6" t="5" w="863" /><ent r="6" t="5" w="863" /><ent r="6" t="5" w="885" /><ent r="6" t="5" w="885" /><ent r="6" t="5" w="904" /><ent r="6" t="5" w="904" /><ent r="6" t="5" w="916" /><ent r="6" t="5" w="916" /><ent r="6" t="5" w="950" /><ent r="6" t="5" w="950" /><ent r="6" t="5" w="1037" /><ent r="6" t="5" w="1037" /><ent r="6" t="5" w="1094" /><ent r="6" t="5" w="1094" /><ent r="6" t="5" w="1123" /><ent r="6" t="5" w="1123" /><ent r="5" t="5" w="1248" /><ent r="5" t="5" w="1248" /><ent r="4" t="5" w="1328" /><ent r="4" t="5" w="1328" /><ent r="4" t="7" w="177" /><ent r="4" t="7" w="177" /><ent r="4" t="7" w="184" /><ent r="4" t="7" w="184" /><ent r="4" t="7" w="194" /><ent r="4" t="7" w="194" /><ent r="4" t="7" w="202" /><ent r="4" t="7" w="202" /><ent r="4" t="8" w="93" /><ent r="4" t="8" w="93" /><ent r="4" t="8" w="102" /><ent r="4" t="8" w="102" /><ent r="4" t="8" w="162" /><ent r="4" t="8" w="162" /><ent r="4" t="8" w="182" /><ent r="4" t="8" w="182" /><ent r="4" t="8" w="198" /><ent r="4" t="8" w="198" /><ent r="4" t="8" w="307" /><ent r="4" t="8" w="307" /><ent r="4" t="8" w="315" /><ent r="4" t="8" w="315" /><ent r="4" t="8" w="326" /><ent r="4" t="8" w="326" /><ent r="4" t="8" w="337" /><ent r="4" t="8" w="337" /><ent r="5" t="9" w="89" /><ent r="5" t="9" w="89" /><ent r="5" t="9" w="136" /><ent r="5" t="9" w="136" /><ent r="5" t="9" w="311" /><ent r="5" t="9" w="311" /><ent r="5" t="9" w="352" /><ent r="5" t="9" w="352" /><ent r="5" t="9" w="373" /><ent r="5" t="9" w="373" /><ent r="5" t="9" w="394" /><ent r="5" t="9" w="394" /><ent r="5" t="9" w="423" /><ent r="5" t="9" w="423" /><ent r="5" t="9" w="444" /><ent r="5" t="9" w="444" /><ent r="5" t="9" w="465" /><ent r="5" t="9" w="465" /><ent r="5" t="9" w="514" /><ent r="5" t="9" w="514" /><ent r="5" t="9" w="515" /><ent r="5" t="9" w="515" /><ent r="5" t="9" w="548" /><ent r="5" t="9" w="548" /><ent r="5" t="9" w="549" /><ent r="5" t="9" w="549" /><ent r="5" t="9" w="582" /><ent r="5" t="9" w="582" /><ent r="5" t="9" w="614" /><ent r="5" t="9" w="614" /><ent r="5" t="9" w="654" /><ent r="5" t="9" w="654" /><ent r="5" t="9" w="665" /><ent r="5" t="9" w="665" /><ent r="5" t="9" w="677" /><ent r="5" t="9" w="677" /><ent r="5" t="9" w="704" /><ent r="5" t="9" w="704" /><ent r="5" t="9" w="716" /><ent r="5" t="9" w="716" /><ent r="5" t="9" w="728" /><ent r="5" t="9" w="728" /><ent r="4" t="10" w="67" /><ent r="4" t="10" w="67" /><ent r="4" t="10" w="82" /><ent r="4" t="10" w="82" /><ent r="4" t="10" w="97" /><ent r="4" t="10" w="97" /><ent r="4" t="10" w="111" /><ent r="4" t="10" w="111" /><ent r="1000" t="11" w="2" /><ent r="1000" t="11" w="2" /><ent r="102" t="11" w="7" /><ent r="102" t="11" w="7" /><ent r="6" t="11" w="225" /><ent r="6" t="11" w="225" /><ent r="4" t="13" w="1575" /><ent r="4" t="13" w="1575" /><ent r="4" t="13" w="1626" /><ent r="4" t="13" w="1626" /><ent r="3" t="14" w="96" /><ent r="3" t="14" w="96" /><ent r="3" t="14" w="101" /><ent r="3" t="14" w="101" /><ent r="3" t="14" w="117" /><ent r="3" t="14" w="117" /><ent r="3" t="14" w="131" /><ent r="3" t="14" w="131" /><ent r="3" t="14" w="142" /><ent r="3" t="14" w="142" /><ent r="3" t="14" w="308" /><ent r="3" t="14" w="308" /><ent r="3" t="14" w="318" /><ent r="3" t="14" w="318" /><ent r="3" t="14" w="324" /><ent r="3" t="14" w="324" /><ent r="3" t="14" w="333" /><ent r="3" t="14" w="333" /><ent r="3" t="14" w="523" /><ent r="3" t="14" w="523" /><ent r="3" t="14" w="545" /><ent r="3" t="14" w="545" /><ent r="3" t="14" w="940" /><ent r="3" t="14" w="940" /><ent r="3" t="14" w="947" /><ent r="3" t="14" w="947" /><ent r="3" t="14" w="964" /><ent r="3" t="14" w="964" /><ent r="100" t="15" w="22" /><ent r="100" t="15" w="22" /><ent r="4" t="15" w="397" /><ent r="4" t="15" w="397" /><ent r="4" t="15" w="423" /><ent r="4" t="15" w="423" /><ent r="4" t="15" w="452" /><ent r="4" t="15" w="452" /><ent r="4" t="15" w="481" /><ent r="4" t="15" w="481" /><ent r="4" t="15" w="502" /><ent r="4" t="15" w="502" /><ent r="92" t="16" w="234" /><ent r="92" t="16" w="234" /><ent r="4" t="16" w="531" /><ent r="4" t="16" w="531" /><ent r="6" t="16" w="548" /><ent r="6" t="16" w="548" /><ent r="6" t="16" w="575" /><ent r="6" t="16" w="575" /><ent r="6" t="16" w="599" /><ent r="6" t="16" w="599" /><ent r="6" t="16" w="627" /><ent r="6" t="16" w="627" /><ent r="6" t="16" w="680" /><ent r="6" t="16" w="680" /><ent r="6" t="16" w="706" /><ent r="6" t="16" w="706" /><ent r="6" t="16" w="730" /><ent r="6" t="16" w="730" /><ent r="6" t="16" w="763" /><ent r="6" t="16" w="763" /><ent r="6" t="16" w="790" /><ent r="6" t="16" w="790" /><ent r="6" t="16" w="826" /><ent r="6" t="16" w="826" /><ent r="6" t="16" w="843" /><ent r="6" t="16" w="843" /><ent r="6" t="16" w="873" /><ent r="6" t="16" w="873" /><ent r="6" t="16" w="901" /><ent r="6" t="16" w="901" /><ent r="4" t="16" w="1632" /><ent r="4" t="16" w="1632" /><ent r="4" t="18" w="74" /><ent r="4" t="18" w="74" /><ent r="4" t="18" w="98" /><ent r="4" t="18" w="98" /><ent r="4" t="18" w="125" /><ent r="4" t="18" w="125" /><ent r="4" t="18" w="151" /><ent r="4" t="18" w="151" /><ent r="3" t="19" w="304" /><ent r="3" t="19" w="304" /><ent r="3" t="19" w="307" /><ent r="3" t="19" w="307" /><ent r="3" t="19" w="310" /><ent r="3" t="19" w="310" /><ent r="3" t="19" w="313" /><ent r="3" t="19" w="313" /><ent r="3" t="19" w="316" /><ent r="3" t="19" w="316" /><ent r="3" t="19" w="319" /><ent r="3" t="19" w="319" /><ent r="3" t="19" w="322" /><ent r="3" t="19" w="322" /><ent r="3" t="19" w="325" /><ent r="3" t="19" w="325" /><ent r="3" t="19" w="1260" /><ent r="3" t="19" w="1260" /><ent r="3" t="19" w="1279" /><ent r="3" t="19" w="1279" /><ent r="4" t="19" w="1621" /><ent r="4" t="19" w="1621" /><ent r="3" t="19" w="1707" /><ent r="3" t="19" w="1707" /><ent r="3" t="20" w="320" /><ent r="3" t="20" w="320" /><ent r="92" t="21" w="275" /><ent r="92" t="21" w="275" /><ent r="3" t="22" w="1422" /><ent r="3" t="22" w="1422" /><ent r="3" t="22" w="1430" /><ent r="3" t="22" w="1430" /><ent r="3" t="22" w="1439" /><ent r="3" t="22" w="1439" /><ent r="3" t="22" w="1448" /><ent r="3" t="22" w="1448" /><ent r="3" t="22" w="1456" /><ent r="3" t="22" w="1456" /><ent r="3" t="22" w="1466" /><ent r="3" t="22" w="1466" /><ent r="3" t="22" w="1479" /><ent r="3" t="22" w="1479" /><ent r="3" t="22" w="1487" /><ent r="3" t="22" w="1487" /><ent r="3" t="22" w="1495" /><ent r="3" t="22" w="1495" /><ent r="3" t="22" w="1505" /><ent r="3" t="22" w="1505" /><ent r="4" t="24" w="406" /><ent r="4" t="24" w="406" /><ent r="4" t="24" w="419" /><ent r="4" t="24" w="419" /><ent r="4" t="24" w="429" /><ent r="4" t="24" w="429" /><ent r="4" t="24" w="450" /><ent r="4" t="24" w="450" /><ent r="4" t="24" w="461" /><ent r="4" t="24" w="461" /><ent r="4" t="24" w="473" /><ent r="4" t="24" w="473" /><ent r="4" t="24" w="485" /><ent r="4" t="24" w="485" /><ent r="4" t="24" w="497" /><ent r="4" t="24" w="497" /><ent r="4" t="24" w="511" /><ent r="4" t="24" w="511" /><ent r="4" t="24" w="525" /><ent r="4" t="24" w="525" /><ent r="4" t="24" w="535" /><ent r="4" t="24" w="535" /><ent r="4" t="24" w="548" /><ent r="4" t="24" w="548" /><ent r="4" t="24" w="559" /><ent r="4" t="24" w="559" /><ent r="4" t="24" w="574" /><ent r="4" t="24" w="574" /><ent r="4" t="24" w="585" /><ent r="4" t="24" w="585" /><ent r="4" t="24" w="596" /><ent r="4" t="24" w="596" /><ent r="4" t="24" w="603" /><ent r="4" t="24" w="603" /><ent r="4" t="24" w="621" /><ent r="4" t="24" w="621" /><ent r="4" t="24" w="629" /><ent r="4" t="24" w="629" /><ent r="4" t="24" w="643" /><ent r="4" t="24" w="643" /><ent r="4" t="24" w="665" /><ent r="4" t="24" w="665" /><ent r="4" t="24" w="697" /><ent r="4" t="24" w="697" /><ent r="4" t="24" w="719" /><ent r="4" t="24" w="719" /><ent r="4" t="24" w="738" /><ent r="4" t="24" w="738" /><ent r="4" t="24" w="763" /><ent r="4" t="24" w="763" /><ent r="4" t="24" w="788" /><ent r="4" t="24" w="788" /><ent r="4" t="24" w="804" /><ent r="4" t="24" w="804" /><ent r="4" t="24" w="832" /><ent r="4" t="24" w="832" /><ent r="4" t="24" w="869" /><ent r="4" t="24" w="869" /><ent r="4" t="24" w="1197" /><ent r="4" t="24" w="1197" /><ent r="4" t="24" w="1205" /><ent r="4" t="24" w="1205" /><ent r="4" t="24" w="1213" /><ent r="4" t="24" w="1213" /><ent r="4" t="24" w="1221" /><ent r="4" t="24" w="1221" /><ent r="4" t="24" w="1231" /><ent r="4" t="24" w="1231" /><ent r="4" t="24" w="1241" /><ent r="4" t="24" w="1241" /><ent r="4" t="24" w="1250" /><ent r="4" t="24" w="1250" /><ent r="4" t="24" w="1260" /><ent r="4" t="24" w="1260" /><ent r="4" t="24" w="1272" /><ent r="4" t="24" w="1272" /><ent r="4" t="24" w="1282" /><ent r="4" t="24" w="1282" /><ent r="4" t="24" w="1292" /><ent r="4" t="24" w="1292" /><ent r="4" t="24" w="1302" /><ent r="4" t="24" w="1302" /><ent r="4" t="24" w="1674" /><ent r="4" t="24" w="1674" /><ent r="4" t="24" w="1679" /><ent r="4" t="24" w="1679" /><ent r="4" t="24" w="1684" /><ent r="4" t="24" w="1684" /><ent r="4" t="24" w="1689" /><ent r="4" t="24" w="1689" /><ent r="4" t="24" w="1694" /><ent r="4" t="24" w="1694" /><ent r="4" t="24" w="1709" /><ent r="4" t="24" w="1709" /><ent r="4" t="24" w="1716" /><ent r="4" t="24" w="1716" /><ent r="4" t="24" w="1722" /><ent r="4" t="24" w="1722" /><ent r="4" t="24" w="1728" /><ent r="4" t="24" w="1728" /><ent r="4" t="24" w="1737" /><ent r="4" t="24" w="1737" /><ent r="4" t="24" w="1743" /><ent r="4" t="24" w="1743" /><ent r="4" t="24" w="1749" /><ent r="4" t="24" w="1749" /><ent r="4" t="24" w="1754" /><ent r="4" t="24" w="1754" /><ent r="4" t="24" w="1760" /><ent r="4" t="24" w="1760" /><ent r="4" t="24" w="1777" /><ent r="4" t="24" w="1777" /><ent r="4" t="24" w="1786" /><ent r="4" t="24" w="1786" /><ent r="4" t="24" w="1803" /><ent r="4" t="24" w="1803" /><ent r="4" t="24" w="1806" /><ent r="4" t="24" w="1806" /><ent r="4" t="24" w="1809" /><ent r="4" t="24" w="1809" /><ent r="4" t="24" w="1817" /><ent r="4" t="24" w="1817" /><ent r="4" t="24" w="1825" /><ent r="4" t="24" w="1825" /><ent r="4" t="24" w="1828" /><ent r="4" t="24" w="1828" /><ent r="4" t="25" w="220" /><ent r="4" t="25" w="220" /><ent r="4" t="25" w="287" /><ent r="4" t="25" w="287" /><ent r="3" t="26" w="636" /><ent r="3" t="26" w="636" /><ent r="3" t="27" w="105" /><ent r="3" t="27" w="105" /><ent r="4" t="29" w="71" /><ent r="4" t="29" w="71" /><ent r="4" t="29" w="89" /><ent r="4" t="29" w="89" /><ent r="4" t="29" w="120" /><ent r="4" t="29" w="120" /><ent r="4" t="29" w="205" /><ent r="4" t="29" w="205" /><ent r="4" t="29" w="221" /><ent r="4" t="29" w="221" /><ent r="4" t="29" w="224" /><ent r="4" t="29" w="224" /><ent r="4" t="29" w="227" /><ent r="4" t="29" w="227" /><ent r="4" t="29" w="230" /><ent r="4" t="29" w="230" /><ent r="4" t="29" w="233" /><ent r="4" t="29" w="233" /><ent r="4" t="29" w="236" /><ent r="4" t="29" w="236" /><ent r="4" t="29" w="239" /><ent r="4" t="29" w="239" /><ent r="4" t="29" w="246" /><ent r="4" t="29" w="246" /><ent r="4" t="29" w="283" /><ent r="4" t="29" w="283" /><ent r="4" t="29" w="297" /><ent r="4" t="29" w="297" /><ent r="4" t="29" w="308" /><ent r="4" t="29" w="308" /><ent r="4" t="29" w="322" /><ent r="4" t="29" w="322" /><ent r="4" t="29" w="336" /><ent r="4" t="29" w="336" /><ent r="4" t="29" w="352" /><ent r="4" t="29" w="352" /><ent r="4" t="29" w="381" /><ent r="4" t="29" w="381" /><ent r="4" t="29" w="400" /><ent r="4" t="29" w="400" /><ent r="4" t="29" w="438" /><ent r="4" t="29" w="438" /><ent r="4" t="29" w="454" /><ent r="4" t="29" w="454" /><ent r="4" t="29" w="470" /><ent r="4" t="29" w="470" /><ent r="3" t="29" w="935" /><ent r="3" t="29" w="935" /><ent r="4" t="31" w="165" /><ent r="4" t="31" w="165" /><ent r="4" t="31" w="188" /><ent r="4" t="31" w="188" /><ent r="4" t="31" w="211" /><ent r="4" t="31" w="211" /><ent r="4" t="31" w="236" /><ent r="4" t="31" w="236" /><ent r="4" t="31" w="306" /><ent r="4" t="31" w="306" /><ent r="1000" t="32" w="2" /><ent r="1000" t="32" w="2" /><ent r="102" t="32" w="7" /><ent r="102" t="32" w="7" /><ent r="3" t="32" w="59" /><ent r="3" t="32" w="59" /><ent r="3" t="33" w="224" /><ent r="3" t="33" w="224" /><ent r="3" t="33" w="232" /><ent r="3" t="33" w="232" /><ent r="3" t="34" w="660" /><ent r="3" t="34" w="660" /><ent r="3" t="37" w="196" /><ent r="3" t="37" w="196" /><ent r="4" t="37" w="246" /><ent r="4" t="37" w="246" /><ent r="4" t="37" w="263" /><ent r="4" t="37" w="263" /><ent r="4" t="37" w="284" /><ent r="4" t="37" w="284" /><ent r="4" t="37" w="306" /><ent r="4" t="37" w="306" /><ent r="4" t="37" w="338" /><ent r="4" t="37" w="338" /><ent r="4" t="37" w="354" /><ent r="4" t="37" w="354" /><ent r="4" t="37" w="376" /><ent r="4" t="37" w="376" /><ent r="4" t="37" w="400" /><ent r="4" t="37" w="400" /><ent r="4" t="37" w="419" /><ent r="4" t="37" w="419" /><ent r="4" t="37" w="440" /><ent r="4" t="37" w="440" /><ent r="4" t="37" w="453" /><ent r="4" t="37" w="453" /><ent r="4" t="37" w="470" /><ent r="4" t="37" w="470" /><ent r="4" t="37" w="509" /><ent r="4" t="37" w="509" /><ent r="4" t="37" w="527" /><ent r="4" t="37" w="527" /><ent r="4" t="37" w="539" /><ent r="4" t="37" w="539" /><ent r="4" t="37" w="556" /><ent r="4" t="37" w="556" /><ent r="4" t="37" w="575" /><ent r="4" t="37" w="575" /><ent r="4" t="37" w="590" /><ent r="4" t="37" w="590" /><ent r="4" t="37" w="629" /><ent r="4" t="37" w="629" /><ent r="4" t="37" w="668" /><ent r="4" t="37" w="668" /><ent r="4" t="37" w="704" /><ent r="4" t="37" w="704" /><ent r="4" t="37" w="733" /><ent r="4" t="37" w="733" /><ent r="4" t="37" w="763" /><ent r="4" t="37" w="763" /><ent r="4" t="37" w="782" /><ent r="4" t="37" w="782" /><ent r="4" t="37" w="803" /><ent r="4" t="37" w="803" /><ent r="4" t="37" w="820" /><ent r="4" t="37" w="820" /><ent r="4" t="37" w="865" /><ent r="4" t="37" w="865" /><ent r="4" t="37" w="885" /><ent r="4" t="37" w="885" /><ent r="4" t="37" w="907" /><ent r="4" t="37" w="907" /><ent r="92" t="37" w="929" /><ent r="92" t="37" w="929" /><ent r="4" t="37" w="993" /><ent r="4" t="37" w="993" /><ent r="4" t="37" w="1001" /><ent r="4" t="37" w="1001" /><ent r="4" t="37" w="1005" /><ent r="4" t="37" w="1005" /><ent r="4" t="37" w="1010" /><ent r="4" t="37" w="1010" /><ent r="4" t="37" w="1015" /><ent r="4" t="37" w="1015" /><ent r="4" t="37" w="1021" /><ent r="4" t="37" w="1021" /><ent r="3" t="37" w="1736" /><ent r="3" t="37" w="1736" /><ent r="4" t="37" w="1926" /><ent r="4" t="37" w="1926" /><ent r="4" t="37" w="1941" /><ent r="4" t="37" w="1941" /><ent r="3" t="37" w="2396" /><ent r="3" t="37" w="2396" /><ent r="3" t="37" w="2411" /><ent r="3" t="37" w="2411" /><ent r="4" t="37" w="3703" /><ent r="4" t="37" w="3703" /><ent r="4" t="37" w="3745" /><ent r="4" t="37" w="3745" /><ent r="4" t="37" w="3813" /><ent r="4" t="37" w="3813" /><ent r="4" t="38" w="331" /><ent r="4" t="38" w="331" /><ent r="4" t="38" w="369" /><ent r="4" t="38" w="369" /><ent r="4" t="40" w="212" /><ent r="4" t="40" w="212" /><ent r="4" t="40" w="239" /><ent r="4" t="40" w="239" /><ent r="4" t="40" w="261" /><ent r="4" t="40" w="261" /><ent r="92" t="40" w="514" /><ent r="92" t="40" w="514" /><ent r="4" t="41" w="40" /><ent r="4" t="41" w="40" /><ent r="4" t="41" w="53" /><ent r="4" t="41" w="53" /><ent r="4" t="41" w="61" /><ent r="4" t="41" w="61" /><ent r="4" t="41" w="74" /><ent r="4" t="41" w="74" /><ent r="4" t="41" w="175" /><ent r="4" t="41" w="175" /><ent r="4" t="41" w="191" /><ent r="4" t="41" w="191" /><ent r="3" t="47" w="637" /><ent r="3" t="47" w="637" /><ent r="4" t="47" w="874" /><ent r="4" t="47" w="874" /><ent r="4" t="47" w="892" /><ent r="4" t="47" w="892" /><ent r="3" t="49" w="158" /><ent r="3" t="49" w="158" /><ent r="3" t="49" w="479" /><ent r="3" t="49" w="479" /><ent r="3" t="49" w="956" /><ent r="3" t="49" w="956" /><ent r="3" t="49" w="965" /><ent r="3" t="49" w="965" /><ent r="3" t="49" w="980" /><ent r="3" t="49" w="980" /><ent r="3" t="49" w="992" /><ent r="3" t="49" w="992" /><ent r="4" t="55" w="244" /><ent r="4" t="55" w="244" /><ent r="4" t="56" w="743" /><ent r="4" t="56" w="743" /><ent r="4" t="56" w="747" /><ent r="4" t="56" w="747" /><ent r="4" t="57" w="105" /><ent r="4" t="57" w="105" /><ent r="3" t="57" w="171" /><ent r="3" t="57" w="171" /><ent r="3" t="57" w="186" /><ent r="3" t="57" w="186" /><ent r="3" t="57" w="198" /><ent r="3" t="57" w="198" /><ent r="3" t="57" w="213" /><ent r="3" t="57" w="213" /><ent r="4" t="59" w="125" /><ent r="4" t="59" w="125" /><ent r="4" t="59" w="134" /><ent r="4" t="59" w="134" /><ent r="4" t="59" w="143" /><ent r="4" t="59" w="143" /><ent r="4" t="61" w="35" /><ent r="4" t="61" w="35" /><ent r="4" t="61" w="43" /><ent r="4" t="61" w="43" /><ent r="3" t="61" w="74" /><ent r="3" t="61" w="74" /><ent r="3" t="61" w="1051" /><ent r="3" t="61" w="1051" /><ent r="3" t="61" w="1053" /><ent r="3" t="61" w="1053" /><ent r="3" t="61" w="1131" /><ent r="3" t="61" w="1131" /><ent r="3" t="61" w="1133" /><ent r="3" t="61" w="1133" /><ent r="3" t="61" w="1291" /><ent r="3" t="61" w="1291" /><ent r="4" t="65" w="156" /><ent r="4" t="65" w="156" /><ent r="4" t="65" w="172" /><ent r="4" t="65" w="172" /><ent r="4" t="65" w="183" /><ent r="4" t="65" w="183" /><ent r="4" t="65" w="198" /><ent r="4" t="65" w="198" /><ent r="4" t="65" w="211" /><ent r="4" t="65" w="211" /><ent r="4" t="65" w="237" /><ent r="4" t="65" w="237" /><ent r="4" t="65" w="252" /><ent r="4" t="65" w="252" /><ent r="4" t="66" w="73" /><ent r="4" t="66" w="73" /><ent r="4" t="66" w="92" /><ent r="4" t="66" w="92" /><ent r="4" t="66" w="138" /><ent r="4" t="66" w="138" /><ent r="4" t="66" w="553" /><ent r="4" t="66" w="553" /><ent r="4" t="66" w="571" /><ent r="4" t="66" w="571" /><ent r="4" t="66" w="586" /><ent r="4" t="66" w="586" /><ent r="4" t="66" w="600" /><ent r="4" t="66" w="600" /><ent r="4" t="66" w="614" /><ent r="4" t="66" w="614" /><ent r="4" t="66" w="628" /><ent r="4" t="66" w="628" /><ent r="4" t="67" w="174" /><ent r="4" t="67" w="174" /><ent r="4" t="67" w="190" /><ent r="4" t="67" w="190" /><ent r="4" t="67" w="217" /><ent r="4" t="67" w="217" /><ent r="4" t="67" w="254" /><ent r="4" t="67" w="254" /><ent r="6" t="68" w="136" /><ent r="6" t="68" w="136" /><ent r="6" t="70" w="2179" /><ent r="6" t="70" w="2179" /><ent r="6" t="70" w="2205" /><ent r="6" t="70" w="2205" /><ent r="6" t="70" w="2232" /><ent r="6" t="70" w="2232" /><ent r="6" t="70" w="2259" /><ent r="6" t="70" w="2259" /><ent r="6" t="70" w="2286" /><ent r="6" t="70" w="2286" /><ent r="5" t="78" w="60" /><ent r="5" t="78" w="60" /><ent r="4" t="78" w="140" /><ent r="4" t="78" w="140" /></phr></stem></index>