<?xml version="1.0" encoding="utf-8"?><index><stem n="-oo"><phr n="-OO"><ent r="3" t="14" w="1148" /><ent r="3" t="14" w="1148" /><ent r="5" t="46" w="119" /><ent r="5" t="46" w="119" /><ent r="5" t="46" w="134" /><ent r="5" t="46" w="134" /><ent r="5" t="46" w="166" /><ent r="5" t="46" w="166" /><ent r="3" t="46" w="430" /><ent r="3" t="46" w="430" /></phr></stem><stem n="oo"><phr n="OO"><ent r="3" t="14" w="1148" /><ent r="3" t="46" w="97" /><ent r="5" t="46" w="119" /><ent r="5" t="46" w="134" /><ent r="5" t="46" w="166" /><ent r="3" t="46" w="430" /></phr></stem><stem n="#"><phr n="#"><ent r="3" t="14" w="1149" /><ent r="3" t="14" w="1160" /><ent r="3" t="14" w="1162" /><ent r="3" t="14" w="1173" /><ent r="3" t="14" w="1204" /><ent r="3" t="14" w="1218" /><ent r="3" t="14" w="1232" /><ent r="3" t="14" w="1239" /><ent r="3" t="14" w="1251" /><ent r="3" t="14" w="1257" /><ent r="3" t="14" w="1267" /><ent r="3" t="14" w="1280" /><ent r="3" t="14" w="1295" /><ent r="3" t="14" w="1306" /><ent r="4" t="35" w="1000" /><ent r="4" t="35" w="1066" /><ent r="4" t="37" w="559" /><ent r="4" t="37" w="612" /><ent r="4" t="37" w="1015" /><ent r="82" t="37" w="2053" /><ent r="83" t="37" w="2641" /><ent r="3" t="37" w="2676" /><ent r="4" t="37" w="2723" /><ent r="3" t="44" w="261" /><ent r="3" t="44" w="585" /><ent r="3" t="44" w="608" /><ent r="3" t="44" w="616" /><ent r="3" t="45" w="25" /><ent r="3" t="45" w="38" /><ent r="3" t="45" w="52" /><ent r="3" t="46" w="431" /><ent r="3" t="46" w="461" /><ent r="3" t="49" w="675" /><ent r="3" t="49" w="678" /><ent r="3" t="49" w="687" /><ent r="3" t="49" w="698" /><ent r="3" t="49" w="703" /><ent r="3" t="49" w="727" /><ent r="3" t="49" w="731" /><ent r="3" t="49" w="734" /><ent r="3" t="49" w="805" /><ent r="3" t="49" w="828" /><ent r="3" t="49" w="850" /><ent r="3" t="49" w="885" /><ent r="3" t="49" w="892" /><ent r="3" t="61" w="465" /><ent r="3" t="61" w="476" /><ent r="3" t="61" w="476" /><ent r="3" t="61" w="536" /><ent r="3" t="61" w="550" /><ent r="3" t="61" w="577" /><ent r="3" t="61" w="616" /><ent r="3" t="61" w="665" /><ent r="3" t="61" w="684" /><ent r="3" t="61" w="692" /><ent r="3" t="61" w="752" /><ent r="3" t="61" w="758" /><ent r="3" t="61" w="764" /><ent r="3" t="61" w="769" /><ent r="3" t="61" w="775" /><ent r="3" t="61" w="805" /><ent r="3" t="61" w="837" /><ent r="3" t="61" w="865" /><ent r="3" t="72" w="92" /><ent r="3" t="72" w="95" /></phr></stem><stem n="sy"><phr n="sys"><ent r="3" t="14" w="1180" /><ent r="3" t="14" w="1188" /><ent r="3" t="14" w="1249" /><ent r="3" t="14" w="1323" /><ent r="3" t="26" w="370" /><ent r="3" t="26" w="446" /><ent r="3" t="44" w="582" /><ent r="3" t="44" w="605" /><ent r="3" t="44" w="613" /><ent r="3" t="44" w="625" /><ent r="3" t="44" w="685" /><ent r="3" t="46" w="440" /><ent r="3" t="46" w="443" /><ent r="3" t="46" w="451" /><ent r="3" t="46" w="454" /><ent r="3" t="46" w="458" /><ent r="3" t="46" w="489" /><ent r="3" t="49" w="712" /><ent r="3" t="49" w="743" /><ent r="3" t="49" w="882" /><ent r="3" t="49" w="936" /></phr></stem><stem n="getopt"><phr n="getopt"><ent r="3" t="14" w="1182" /><ent r="3" t="14" w="1186" /><ent r="3" t="14" w="1187" /><ent r="3" t="14" w="1192" /><ent r="3" t="14" w="1196" /><ent r="3" t="49" w="714" /><ent r="3" t="49" w="741" /><ent r="3" t="49" w="742" /><ent r="3" t="49" w="747" /><ent r="3" t="49" w="751" /></phr><phr n="getopts"><ent r="3" t="61" w="491" /></phr></stem><stem n="opt"><phr n="opts"><ent r="3" t="14" w="1184" /><ent r="3" t="49" w="739" /></phr></stem><stem n="getopt.getopt"><phr n="getopt.getopt"><ent r="3" t="14" w="1187" /><ent r="3" t="14" w="1186" /><ent r="3" t="49" w="742" /><ent r="3" t="49" w="741" /></phr></stem><stem n="sys.argv"><phr n="sys.argv"><ent r="3" t="14" w="1189" /><ent r="3" t="14" w="1188" /><ent r="3" t="44" w="606" /><ent r="3" t="44" w="605" /><ent r="3" t="44" w="614" /><ent r="3" t="44" w="613" /><ent r="3" t="46" w="444" /><ent r="3" t="46" w="443" /><ent r="3" t="46" w="452" /><ent r="3" t="46" w="451" /><ent r="3" t="46" w="459" /><ent r="3" t="46" w="458" /><ent r="3" t="49" w="744" /><ent r="3" t="49" w="743" /></phr></stem><stem n="argv"><phr n="argv"><ent r="3" t="14" w="1189" /><ent r="3" t="44" w="606" /><ent r="3" t="44" w="614" /><ent r="3" t="46" w="444" /><ent r="3" t="46" w="452" /><ent r="3" t="46" w="459" /><ent r="3" t="49" w="744" /></phr></stem><stem n=".getopt(sys.argv[1:],"><phr n=".getopt(sys.argv[1:],"><ent r="3" t="14" w="1191" /><ent r="3" t="49" w="746" /></phr></stem><stem n="&quot;&quot;)"><phr n="&quot;&quot;)"><ent r="3" t="14" w="1191" /><ent r="3" t="49" w="746" /><ent r="3" t="61" w="1344" /></phr></stem><stem n="getopt.getopterror"><phr n="getopt.GetoptError"><ent r="3" t="14" w="1193" /><ent r="3" t="14" w="1192" /><ent r="3" t="49" w="748" /><ent r="3" t="49" w="747" /></phr></stem><stem n="getopterror"><phr n="GetoptError"><ent r="3" t="14" w="1193" /><ent r="3" t="49" w="748" /></phr></stem><stem n="getopt.getopterror,"><phr n="getopt.GetoptError,"><ent r="3" t="14" w="1193" /><ent r="3" t="14" w="1192" /><ent r="3" t="49" w="748" /><ent r="3" t="49" w="747" /></phr></stem><stem n=".getopterror,"><phr n=".GetoptError,"><ent r="3" t="14" w="1194" /><ent r="3" t="49" w="749" /></phr></stem><stem n="err"><phr n="err"><ent r="3" t="14" w="1194" /><ent r="3" t="14" w="1199" /><ent r="3" t="16" w="155" /><ent r="3" t="16" w="1207" /><ent r="3" t="44" w="893" /><ent r="3" t="44" w="902" /><ent r="3" t="49" w="749" /><ent r="3" t="49" w="754" /></phr></stem><stem n="&quot;getopt"><phr n="&quot;getopt"><ent r="3" t="14" w="1196" /><ent r="3" t="49" w="751" /></phr></stem><stem n="%d&quot;"><phr n="%d&quot;"><ent r="3" t="14" w="1199" /><ent r="3" t="49" w="754" /></phr></stem><stem n="(err)"><phr n="(err)"><ent r="3" t="14" w="1200" /><ent r="3" t="49" w="755" /></phr></stem><stem n="(args[0]"><phr n="(args[0]"><ent r="3" t="14" w="1203" /></phr></stem><stem n="=="><phr n="=="><ent r="3" t="14" w="1203" /><ent r="3" t="14" w="1266" /><ent r="3" t="16" w="2189" /><ent r="3" t="22" w="1420" /><ent r="3" t="22" w="1428" /><ent r="3" t="22" w="1437" /><ent r="3" t="22" w="1446" /><ent r="3" t="22" w="1454" /><ent r="3" t="22" w="1477" /><ent r="3" t="22" w="1485" /><ent r="3" t="22" w="1493" /><ent r="3" t="22" w="1512" /><ent r="3" t="22" w="1520" /><ent r="3" t="22" w="1528" /><ent r="3" t="24" w="937" /><ent r="3" t="25" w="71" /><ent r="3" t="25" w="79" /><ent r="3" t="29" w="1046" /><ent r="3" t="29" w="1057" /><ent r="3" t="37" w="1747" /><ent r="5" t="77" w="164" /></phr></stem><stem n="&quot;$numericparam&quot;):"><phr n="&quot;$numericParam&quot;):"><ent r="3" t="14" w="1204" /></phr></stem><stem n="int"><phr n="int"><ent r="3" t="14" w="1229" /><ent r="3" t="24" w="1048" /><ent r="3" t="24" w="1107" /></phr></stem><stem n="(args[0])"><phr n="(args[0])"><ent r="3" t="14" w="1232" /></phr></stem><stem n="convert"><phr n="convert"><ent r="3" t="14" w="1233" /><ent r="3" t="24" w="2373" /><ent r="3" t="34" w="957" /></phr><phr n="converts"><ent r="6" t="16" w="680" /></phr><phr n="converted"><ent r="6" t="16" w="697" /><ent r="3" t="34" w="996" /><ent r="3" t="34" w="1007" /><ent r="3" t="37" w="2547" /><ent r="3" t="37" w="2560" /></phr><phr n="Convert"><ent r="3" t="61" w="616" /><ent r="3" t="61" w="1033" /></phr></stem><stem n="stdin"><phr n="stdin"><ent r="3" t="14" w="1241" /><ent r="3" t="14" w="1250" /><ent r="3" t="14" w="1252" /><ent r="4" t="41" w="223" /><ent r="3" t="41" w="486" /></phr><phr n="STDIN"><ent r="3" t="40" w="1193" /><ent r="92" t="40" w="1201" /><ent r="4" t="40" w="1257" /><ent r="64" t="40" w="1267" /><ent r="4" t="41" w="79" /><ent r="65" t="41" w="235" /><ent r="4" t="41" w="384" /><ent r="65" t="41" w="390" /><ent r="92" t="41" w="438" /></phr></stem><stem n=".stdin"><phr n=".stdin"><ent r="3" t="14" w="1250" /></phr></stem><stem n="sys.stdin"><phr n="sys.stdin"><ent r="3" t="14" w="1250" /><ent r="3" t="14" w="1249" /></phr></stem><stem n="f.readlin"><phr n="f.readline"><ent r="3" t="14" w="1255" /><ent r="3" t="14" w="1254" /></phr></stem><stem n="readlin"><phr n="readline"><ent r="3" t="14" w="1255" /></phr></stem><stem n=".readline().strip()"><phr n=".readline().strip()"><ent r="3" t="14" w="1257" /></phr></stem><stem n="&amp;"><phr n="&amp;"><ent r="3" t="14" w="1260" /><ent r="3" t="14" w="1262" /><ent r="64" t="57" w="168" /><ent r="64" t="57" w="183" /><ent r="1000" t="58" w="2" /><ent r="102" t="58" w="6" /><ent r="1000" t="59" w="2" /><ent r="102" t="59" w="6" /><ent r="3" t="61" w="610" /><ent r="3" t="61" w="1136" /><ent r="3" t="61" w="1136" /><ent r="3" t="61" w="1169" /><ent r="3" t="61" w="1347" /><ent r="3" t="61" w="1347" /><ent r="3" t="61" w="1355" /><ent r="3" t="61" w="1356" /><ent r="4" t="73" w="59" /></phr></stem><stem n="trail"><phr n="trailing"><ent r="3" t="14" w="1262" /><ent r="3" t="16" w="198" /><ent r="3" t="26" w="76" /><ent r="3" t="26" w="107" /><ent r="4" t="26" w="247" /><ent r="3" t="26" w="378" /><ent r="4" t="60" w="95" /></phr></stem><stem n="whitespac"><phr n="whitespace"><ent r="3" t="14" w="1263" /></phr><phr n="Whitespace"><ent r="100" t="72" w="90" /></phr></stem><stem n="(searchstr"><phr n="(searchString"><ent r="3" t="14" w="1265" /></phr></stem><stem n="&quot;$searchstring&quot;):"><phr n="&quot;$SearchString&quot;):"><ent r="3" t="14" w="1267" /></phr></stem><stem n="retcod"><phr n="retcode"><ent r="3" t="14" w="1289" /><ent r="3" t="14" w="1325" /><ent r="3" t="44" w="600" /><ent r="3" t="44" w="647" /><ent r="3" t="44" w="687" /><ent r="3" t="49" w="807" /><ent r="3" t="49" w="884" /><ent r="3" t="49" w="890" /><ent r="3" t="49" w="938" /></phr></stem><stem n="=0"><phr n="=0"><ent r="3" t="14" w="1290" /></phr></stem><stem n="anoth"><phr n="another"><ent r="3" t="14" w="1296" /><ent r="3" t="19" w="968" /><ent r="3" t="19" w="983" /><ent r="3" t="21" w="239" /><ent r="3" t="28" w="257" /><ent r="3" t="28" w="278" /><ent r="3" t="32" w="1172" /><ent r="3" t="34" w="102" /><ent r="3" t="34" w="110" /><ent r="4" t="35" w="855" /><ent r="3" t="35" w="1400" /><ent r="4" t="66" w="101" /><ent r="4" t="66" w="127" /><ent r="4" t="66" w="172" /><ent r="3" t="69" w="18" /><ent r="3" t="69" w="136" /><ent r="3" t="69" w="168" /></phr></stem><stem n="number+1"><phr n="number+1"><ent r="3" t="14" w="1305" /></phr></stem><stem n="increment"><phr n="increment"><ent r="3" t="14" w="1306" /></phr><phr n="incremented"><ent r="7" t="68" w="506" /></phr></stem><stem n="retstr"><phr n="retstring"><ent r="3" t="14" w="1311" /><ent r="3" t="14" w="1322" /></phr></stem><stem n="&quot;hunki"><phr n="&quot;Hunky"><ent r="3" t="14" w="1312" /></phr></stem><stem n="hunki"><phr n="Hunky"><ent r="3" t="14" w="1312" /></phr></stem><stem n="dori"><phr n="Dory"><ent r="3" t="14" w="1313" /></phr></stem><stem n="&quot;\{"><phr n="&quot;\{"><ent r="3" t="14" w="1315" /><ent r="3" t="45" w="57" /><ent r="3" t="49" w="873" /><ent r="3" t="49" w="923" /></phr></stem><stem n="'%s',"><phr n="'%s',"><ent r="3" t="14" w="1317" /><ent r="3" t="49" w="875" /><ent r="3" t="49" w="925" /></phr></stem><stem n="'%d'"><phr n="'%d'"><ent r="3" t="14" w="1319" /></phr></stem><stem n="%s&quot;"><phr n="%s&quot;"><ent r="3" t="14" w="1320" /><ent r="3" t="46" w="487" /><ent r="3" t="49" w="878" /></phr></stem><stem n="(searchstring,"><phr n="(searchString,"><ent r="3" t="14" w="1321" /></phr></stem><stem n="sys.exit"><phr n="sys.exit"><ent r="3" t="14" w="1324" /><ent r="3" t="14" w="1323" /><ent r="3" t="44" w="626" /><ent r="3" t="44" w="625" /><ent r="3" t="44" w="686" /><ent r="3" t="44" w="685" /><ent r="3" t="46" w="455" /><ent r="3" t="46" w="454" /><ent r="3" t="46" w="490" /><ent r="3" t="46" w="489" /><ent r="3" t="49" w="883" /><ent r="3" t="49" w="882" /><ent r="3" t="49" w="937" /><ent r="3" t="49" w="936" /></phr></stem><stem n=".exit(retcode)"><phr n=".exit(retcode)"><ent r="3" t="14" w="1326" /><ent r="3" t="44" w="688" /><ent r="3" t="49" w="885" /><ent r="3" t="49" w="939" /></phr></stem><stem n="/tool&gt;"><phr n="/tool&gt;"><ent r="3" t="14" w="1327" /></phr></stem><stem n="&lt;/tool&gt;"><phr n="&lt;/tool&gt;"><ent r="3" t="14" w="1327" /><ent r="3" t="14" w="1326" /></phr></stem><stem n="tool&gt;"><phr n="tool&gt;"><ent r="3" t="14" w="1327" /></phr></stem><stem n="=&quot;custom-snmp&quot;"><phr n="=&quot;custom-snmp&quot;"><ent r="3" t="15" w="10" /></phr></stem><stem n="&lt;snmp-device-vari"><phr n="&lt;snmp-device-variables"><ent r="100" t="15" w="12" /><ent r="66" t="15" w="495" /><ent r="1000" t="19" w="2" /><ent r="103" t="19" w="10" /><ent r="3" t="19" w="568" /><ent r="4" t="19" w="730" /><ent r="3" t="19" w="1041" /><ent r="3" t="19" w="1325" /><ent r="3" t="19" w="1635" /><ent r="4" t="19" w="1935" /><ent r="4" t="26" w="1081" /></phr></stem><stem n="&lt;snmp-device-threshold"><phr n="&lt;snmp-device-threshold"><ent r="100" t="15" w="17" /></phr></stem><stem n="-name"><phr n="-name"><ent r="100" t="15" w="24" /><ent r="100" t="15" w="24" /><ent r="100" t="16" w="15" /><ent r="100" t="16" w="15" /><ent r="4" t="34" w="916" /><ent r="4" t="34" w="916" /></phr></stem><stem n="variable-nam"><phr n="Variable-name"><ent r="100" t="15" w="24" /><ent r="100" t="16" w="15" /><ent r="3" t="16" w="99" /><ent r="3" t="16" w="118" /><ent r="3" t="16" w="1171" /></phr><phr n="variable-name"><ent r="4" t="34" w="916" /></phr></stem><stem n=":cpu"><phr n=":CPU"><ent r="100" t="15" w="39" /></phr></stem><stem n="aren"><phr n="aren"><ent r="3" t="15" w="57" /></phr></stem><stem n="aren't"><phr n="aren't"><ent r="3" t="15" w="58" /><ent r="3" t="15" w="57" /></phr></stem><stem n="insid"><phr n="inside"><ent r="3" t="15" w="78" /><ent r="4" t="35" w="805" /><ent r="3" t="61" w="237" /></phr></stem><stem n="switch"><phr n="switch"><ent r="3" t="15" w="81" /><ent r="4" t="19" w="208" /><ent r="3" t="56" w="107" /><ent r="3" t="56" w="176" /><ent r="3" t="56" w="192" /><ent r="4" t="61" w="413" /></phr><phr n="Switch"><ent r="3" t="56" w="630" /><ent r="3" t="56" w="694" /></phr></stem><stem n="closur"><phr n="closures"><ent r="3" t="15" w="82" /></phr></stem><stem n=":string"><phr n=":String"><ent r="100" t="15" w="88" /><ent r="100" t="24" w="225" /><ent r="100" t="35" w="160" /></phr><phr n=":STRING"><ent r="3" t="24" w="1006" /><ent r="3" t="24" w="1065" /></phr></stem><stem n="here'"><phr n="Here's"><ent r="3" t="15" w="110" /><ent r="3" t="15" w="109" /><ent r="3" t="19" w="330" /><ent r="3" t="19" w="329" /><ent r="3" t="26" w="739" /><ent r="3" t="26" w="738" /><ent r="3" t="29" w="632" /><ent r="3" t="29" w="631" /></phr></stem><stem n="(call"><phr n="(called"><ent r="4" t="15" w="129" /><ent r="3" t="65" w="96" /></phr></stem><stem n="seri"><phr n="series"><ent r="4" t="15" w="174" /><ent r="6" t="16" w="650" /><ent r="4" t="47" w="557" /></phr></stem><stem n="trigger"><phr n="triggered"><ent r="4" t="15" w="192" /><ent r="4" t="17" w="73" /><ent r="4" t="17" w="238" /><ent r="3" t="17" w="295" /><ent r="3" t="17" w="301" /></phr><phr n="triggers"><ent r="3" t="22" w="298" /><ent r="3" t="22" w="302" /><ent r="3" t="23" w="234" /></phr></stem><stem n="(generally,"><phr n="(generally,"><ent r="4" t="15" w="194" /></phr></stem><stem n="wors"><phr n="worse"><ent r="4" t="15" w="219" /><ent r="3" t="21" w="341" /></phr></stem><stem n="&quot;worse&quot;"><phr n="&quot;worse&quot;"><ent r="4" t="15" w="220" /><ent r="3" t="21" w="342" /></phr></stem><stem n="fundament"><phr n="fundamental"><ent r="4" t="15" w="292" /><ent r="4" t="34" w="202" /><ent r="4" t="40" w="138" /></phr></stem><stem n="handl"><phr n="handle"><ent r="3" t="15" w="375" /><ent r="4" t="47" w="864" /></phr><phr n="handling"><ent r="3" t="32" w="16" /></phr><phr n="Handling"><ent r="100" t="35" w="214" /><ent r="100" t="35" w="216" /><ent r="100" t="35" w="218" /><ent r="65" t="35" w="222" /><ent r="92" t="35" w="1464" /></phr><phr n="handled"><ent r="4" t="40" w="686" /><ent r="4" t="40" w="741" /></phr></stem><stem n="-device-variables-ondemand&gt;"><phr n="-device-variables-ondemand&gt;"><ent r="66" t="15" w="495" /><ent r="66" t="15" w="497" /><ent r="1000" t="19" w="2" /><ent r="1000" t="19" w="4" /><ent r="103" t="19" w="10" /><ent r="103" t="19" w="12" /><ent r="3" t="19" w="568" /><ent r="3" t="19" w="570" /><ent r="4" t="19" w="730" /><ent r="4" t="19" w="732" /><ent r="3" t="19" w="1041" /><ent r="3" t="19" w="1043" /><ent r="3" t="19" w="1325" /><ent r="3" t="19" w="1327" /><ent r="3" t="19" w="1635" /><ent r="3" t="19" w="1637" /><ent r="4" t="19" w="1935" /><ent r="4" t="19" w="1937" /><ent r="4" t="26" w="1081" /><ent r="4" t="26" w="1083" /></phr></stem><stem n="&lt;snmp-device-variables-ondemand&gt;"><phr n="&lt;snmp-device-variables-ondemand&gt;"><ent r="66" t="15" w="495" /><ent r="1000" t="19" w="2" /><ent r="103" t="19" w="10" /><ent r="3" t="19" w="568" /><ent r="4" t="19" w="730" /><ent r="3" t="19" w="1041" /><ent r="3" t="19" w="1325" /><ent r="3" t="19" w="1635" /><ent r="4" t="19" w="1935" /><ent r="4" t="26" w="1081" /></phr></stem><stem n="device-variables-ondemand&gt;"><phr n="device-variables-ondemand&gt;"><ent r="66" t="15" w="496" /><ent r="1000" t="19" w="3" /><ent r="103" t="19" w="11" /><ent r="3" t="19" w="569" /><ent r="3" t="19" w="712" /><ent r="4" t="19" w="731" /><ent r="3" t="19" w="1042" /><ent r="3" t="19" w="1138" /><ent r="3" t="19" w="1326" /><ent r="3" t="19" w="1370" /><ent r="3" t="19" w="1636" /><ent r="3" t="19" w="1725" /><ent r="4" t="19" w="1936" /><ent r="4" t="26" w="1082" /></phr></stem><stem n="variables-ondemand&gt;"><phr n="variables-ondemand&gt;"><ent r="66" t="15" w="497" /><ent r="1000" t="19" w="4" /><ent r="103" t="19" w="12" /><ent r="3" t="19" w="570" /><ent r="3" t="19" w="713" /><ent r="4" t="19" w="732" /><ent r="3" t="19" w="1043" /><ent r="3" t="19" w="1139" /><ent r="3" t="19" w="1327" /><ent r="3" t="19" w="1371" /><ent r="3" t="19" w="1637" /><ent r="3" t="19" w="1726" /><ent r="4" t="19" w="1937" /><ent r="4" t="26" w="1083" /></phr></stem><stem n="ondemand&gt;"><phr n="ondemand&gt;"><ent r="66" t="15" w="498" /><ent r="1000" t="19" w="5" /><ent r="103" t="19" w="13" /><ent r="3" t="19" w="571" /><ent r="3" t="19" w="714" /><ent r="4" t="19" w="733" /><ent r="3" t="19" w="1044" /><ent r="3" t="19" w="1140" /><ent r="3" t="19" w="1328" /><ent r="3" t="19" w="1372" /><ent r="3" t="19" w="1638" /><ent r="3" t="19" w="1727" /><ent r="4" t="19" w="1938" /><ent r="4" t="26" w="1084" /></phr></stem><stem n="tabular"><phr n="tabular"><ent r="4" t="15" w="513" /><ent r="4" t="16" w="1098" /><ent r="3" t="19" w="28" /></phr></stem><stem n="&quot;on"><phr n="&quot;on"><ent r="4" t="15" w="519" /><ent r="3" t="19" w="34" /></phr></stem><stem n="demand"><phr n="demand"><ent r="4" t="15" w="520" /><ent r="3" t="19" w="35" /><ent r="3" t="19" w="68" /><ent r="3" t="19" w="94" /><ent r="3" t="19" w="98" /><ent r="3" t="19" w="120" /><ent r="3" t="19" w="399" /><ent r="3" t="19" w="536" /><ent r="3" t="19" w="721" /><ent r="4" t="19" w="816" /><ent r="3" t="19" w="1169" /><ent r="92" t="19" w="1512" /><ent r="3" t="19" w="1524" /><ent r="92" t="19" w="1731" /><ent r="3" t="19" w="1807" /><ent r="4" t="19" w="1862" /><ent r="4" t="19" w="1892" /></phr><phr n="Demand"><ent r="65" t="16" w="1085" /></phr></stem><stem n="var"><phr n="Var"><ent r="100" t="16" w="19" /><ent r="100" t="24" w="20" /></phr><phr n="var"><ent r="4" t="24" w="200" /></phr></stem><stem n="[variable-name],"><phr n="[Variable-name],"><ent r="3" t="16" w="101" /></phr></stem><stem n="[oid],"><phr n="[OID],"><ent r="3" t="16" w="102" /><ent r="3" t="16" w="403" /></phr></stem><stem n="[type],"><phr n="[Type],"><ent r="3" t="16" w="103" /><ent r="3" t="16" w="404" /></phr></stem><stem n="chart-legend"><phr n="Chart-legend"><ent r="3" t="16" w="103" /><ent r="5" t="16" w="982" /></phr></stem><stem n="[chart-legend]"><phr n="[Chart-legend]"><ent r="3" t="16" w="105" /></phr></stem><stem n="--variable-nam"><phr n="--Variable-name"><ent r="3" t="16" w="118" /><ent r="3" t="16" w="120" /><ent r="3" t="16" w="1171" /><ent r="3" t="16" w="1173" /></phr></stem><stem n="---"><phr n="---"><ent r="3" t="16" w="121" /><ent r="3" t="16" w="123" /><ent r="3" t="16" w="1174" /><ent r="3" t="16" w="1176" /></phr></stem><stem n="------"><phr n="------"><ent r="3" t="16" w="124" /><ent r="3" t="16" w="129" /><ent r="3" t="16" w="1177" /><ent r="3" t="16" w="1182" /></phr></stem><stem n="1.3.6.1.2.1.4.4"><phr n="1.3.6.1.2.1.4.4"><ent r="3" t="16" w="148" /><ent r="3" t="16" w="141" /><ent r="3" t="16" w="1200" /><ent r="3" t="16" w="1193" /><ent r="4" t="16" w="1341" /><ent r="4" t="16" w="1334" /></phr></stem><stem n="1.3.6.1.2.1.4.4.0"><phr n="1.3.6.1.2.1.4.4.0"><ent r="3" t="16" w="149" /><ent r="3" t="16" w="141" /><ent r="3" t="16" w="1201" /><ent r="3" t="16" w="1193" /><ent r="4" t="16" w="1342" /><ent r="4" t="16" w="1334" /></phr></stem><stem n="1.3.6.1.2.1.4.4.0,"><phr n="1.3.6.1.2.1.4.4.0,"><ent r="3" t="16" w="149" /><ent r="3" t="16" w="141" /><ent r="3" t="16" w="1201" /><ent r="3" t="16" w="1193" /><ent r="4" t="16" w="1342" /><ent r="4" t="16" w="1334" /></phr></stem><stem n=".3.6.1.2.1.4.4.0,"><phr n=".3.6.1.2.1.4.4.0,"><ent r="3" t="16" w="150" /><ent r="3" t="16" w="1202" /><ent r="4" t="16" w="1343" /></phr></stem><stem n="per-minut"><phr n="PER-MINUTE"><ent r="3" t="16" w="150" /><ent r="3" t="16" w="1202" /><ent r="4" t="29" w="795" /></phr><phr n="Per-minute"><ent r="100" t="16" w="525" /><ent r="7" t="16" w="760" /></phr></stem><stem n="-minute,"><phr n="-MINUTE,"><ent r="3" t="16" w="152" /><ent r="3" t="16" w="152" /><ent r="3" t="16" w="1204" /><ent r="3" t="16" w="1204" /></phr><phr n="-minute,"><ent r="3" t="64" w="31" /><ent r="3" t="64" w="31" /></phr></stem><stem n="&quot;ip"><phr n="&quot;IP"><ent r="3" t="16" w="152" /><ent r="3" t="16" w="1204" /><ent r="3" t="19" w="1354" /></phr></stem><stem n="1.3.6.1.2.1.6"><phr n="1.3.6.1.2.1.6"><ent r="3" t="16" w="164" /><ent r="3" t="16" w="158" /></phr></stem><stem n="1.3.6.1.2.1.6.9"><phr n="1.3.6.1.2.1.6.9"><ent r="3" t="16" w="165" /><ent r="3" t="16" w="158" /></phr></stem><stem n="1.3.6.1.2.1.6.9.0"><phr n="1.3.6.1.2.1.6.9.0"><ent r="3" t="16" w="166" /><ent r="3" t="16" w="158" /></phr></stem><stem n="1.3.6.1.2.1.6.9.0,"><phr n="1.3.6.1.2.1.6.9.0,"><ent r="3" t="16" w="166" /><ent r="3" t="16" w="158" /></phr></stem><stem n=".3.6.1.2.1.6.9.0,"><phr n=".3.6.1.2.1.6.9.0,"><ent r="3" t="16" w="167" /></phr></stem><stem n="&quot;number"><phr n="&quot;Number"><ent r="3" t="16" w="168" /></phr></stem><stem n="conn"><phr n="conn"><ent r="3" t="16" w="171" /></phr><phr n="CONN"><ent r="100" t="37" w="144" /><ent r="65" t="37" w="331" /><ent r="4" t="37" w="564" /><ent r="83" t="37" w="1197" /><ent r="5" t="37" w="1205" /><ent r="5" t="37" w="1235" /><ent r="5" t="37" w="1258" /><ent r="5" t="37" w="1298" /><ent r="3" t="37" w="2075" /><ent r="100" t="39" w="178" /><ent r="3" t="39" w="451" /></phr></stem><stem n="conn'"><phr n="conn's"><ent r="3" t="16" w="172" /><ent r="3" t="16" w="171" /></phr></stem><stem n="'s&quot;"><phr n="'s&quot;"><ent r="3" t="16" w="173" /></phr></stem><stem n="sysdescr"><phr n="sysDescr"><ent r="3" t="16" w="174" /><ent r="3" t="16" w="1177" /><ent r="4" t="16" w="1657" /><ent r="5" t="16" w="1675" /><ent r="3" t="24" w="2754" /><ent r="3" t="24" w="2775" /><ent r="3" t="24" w="2801" /><ent r="4" t="24" w="2845" /></phr><phr n="SysDescr"><ent r="100" t="16" w="225" /><ent r="100" t="16" w="1155" /></phr></stem><stem n="1.3.6.1.2.1.1"><phr n="1.3.6.1.2.1.1"><ent r="3" t="16" w="181" /><ent r="3" t="16" w="175" /><ent r="3" t="16" w="1184" /><ent r="3" t="16" w="1178" /><ent r="4" t="16" w="1256" /><ent r="4" t="16" w="1250" /><ent r="4" t="16" w="1298" /><ent r="4" t="16" w="1292" /><ent r="5" t="16" w="1669" /><ent r="5" t="16" w="1663" /><ent r="3" t="24" w="2808" /><ent r="3" t="24" w="2802" /><ent r="4" t="24" w="2855" /><ent r="4" t="24" w="2849" /><ent r="3" t="54" w="353" /><ent r="3" t="54" w="347" /><ent r="3" t="54" w="364" /><ent r="3" t="54" w="358" /><ent r="3" t="54" w="386" /><ent r="3" t="54" w="380" /><ent r="3" t="55" w="867" /><ent r="3" t="55" w="861" /><ent r="3" t="55" w="884" /><ent r="3" t="55" w="878" /><ent r="3" t="55" w="908" /><ent r="3" t="55" w="902" /><ent r="3" t="55" w="924" /><ent r="3" t="55" w="918" /><ent r="3" t="55" w="942" /><ent r="3" t="55" w="936" /><ent r="3" t="55" w="961" /><ent r="3" t="55" w="955" /><ent r="3" t="55" w="980" /><ent r="3" t="55" w="974" /><ent r="3" t="55" w="996" /><ent r="3" t="55" w="990" /><ent r="3" t="55" w="1012" /><ent r="3" t="55" w="1006" /><ent r="3" t="55" w="1024" /><ent r="3" t="55" w="1018" /><ent r="3" t="55" w="1038" /><ent r="3" t="55" w="1032" /><ent r="3" t="55" w="1057" /><ent r="3" t="55" w="1051" /><ent r="3" t="56" w="623" /><ent r="3" t="56" w="617" /><ent r="3" t="56" w="639" /><ent r="3" t="56" w="633" /><ent r="3" t="56" w="661" /><ent r="3" t="56" w="655" /><ent r="3" t="56" w="675" /><ent r="3" t="56" w="669" /><ent r="3" t="56" w="688" /><ent r="3" t="56" w="682" /></phr></stem><stem n="1.3.6.1.2.1.1.1"><phr n="1.3.6.1.2.1.1.1"><ent r="3" t="16" w="182" /><ent r="3" t="16" w="175" /><ent r="3" t="16" w="1185" /><ent r="3" t="16" w="1178" /><ent r="4" t="16" w="1257" /><ent r="4" t="16" w="1250" /><ent r="5" t="16" w="1670" /><ent r="5" t="16" w="1663" /><ent r="3" t="24" w="2809" /><ent r="3" t="24" w="2802" /><ent r="4" t="24" w="2856" /><ent r="4" t="24" w="2849" /><ent r="3" t="54" w="365" /><ent r="3" t="54" w="358" /><ent r="3" t="55" w="868" /><ent r="3" t="55" w="861" /><ent r="3" t="56" w="624" /><ent r="3" t="56" w="617" /></phr></stem><stem n="1.3.6.1.2.1.1.1.0"><phr n="1.3.6.1.2.1.1.1.0"><ent r="3" t="16" w="183" /><ent r="3" t="16" w="175" /><ent r="3" t="16" w="1186" /><ent r="3" t="16" w="1178" /><ent r="4" t="16" w="1258" /><ent r="4" t="16" w="1250" /><ent r="5" t="16" w="1671" /><ent r="5" t="16" w="1663" /><ent r="3" t="24" w="2810" /><ent r="3" t="24" w="2802" /><ent r="4" t="24" w="2857" /><ent r="4" t="24" w="2849" /><ent r="3" t="55" w="869" /><ent r="3" t="55" w="861" /><ent r="3" t="56" w="625" /><ent r="3" t="56" w="617" /></phr></stem><stem n="1.3.6.1.2.1.1.1.0,"><phr n="1.3.6.1.2.1.1.1.0,"><ent r="3" t="16" w="183" /><ent r="3" t="16" w="175" /><ent r="3" t="16" w="1186" /><ent r="3" t="16" w="1178" /><ent r="3" t="24" w="2810" /><ent r="3" t="24" w="2802" /></phr></stem><stem n=".3.6.1.2.1.1.1.0,"><phr n=".3.6.1.2.1.1.1.0,"><ent r="3" t="16" w="184" /><ent r="3" t="16" w="1187" /><ent r="3" t="24" w="2811" /></phr></stem><stem n="&quot;.0&quot;"><phr n="&quot;.0&quot;"><ent r="3" t="16" w="200" /><ent r="4" t="16" w="1063" /><ent r="4" t="16" w="1644" /></phr></stem><stem n=":tcp"><phr n=":TCP"><ent r="100" t="16" w="216" /><ent r="100" t="16" w="1139" /></phr></stem><stem n=":number"><phr n=":Number"><ent r="100" t="16" w="221" /><ent r="100" t="16" w="1144" /></phr><phr n=":number"><ent r="100" t="37" w="304" /><ent r="100" t="55" w="224" /></phr></stem><stem n="gather"><phr n="gathered"><ent r="3" t="16" w="254" /></phr></stem><stem n=":defin"><phr n=":defines"><ent r="100" t="16" w="319" /></phr></stem><stem n=":oid"><phr n=":OID"><ent r="100" t="16" w="324" /></phr><phr n=":OIDs"><ent r="100" t="16" w="329" /><ent r="100" t="55" w="112" /></phr></stem><stem n="[variablename],"><phr n="[VariableName],"><ent r="3" t="16" w="402" /></phr></stem></index>