<?xml version="1.0" encoding="utf-8"?><index><stem n="/08"><phr n="/08"><ent r="3" t="31" w="65" /><ent r="3" t="31" w="98" /><ent r="4" t="31" w="166" /></phr></stem><stem n="06/08"><phr n="06/08"><ent r="3" t="31" w="65" /><ent r="3" t="31" w="64" /><ent r="3" t="31" w="98" /><ent r="3" t="31" w="97" /><ent r="4" t="31" w="166" /><ent r="4" t="31" w="165" /></phr></stem><stem n="08"><phr n="08"><ent r="3" t="31" w="65" /><ent r="3" t="31" w="98" /><ent r="4" t="31" w="166" /><ent r="3" t="32" w="467" /><ent r="3" t="32" w="628" /><ent r="3" t="32" w="751" /><ent r="3" t="32" w="861" /><ent r="3" t="32" w="1043" /><ent r="3" t="37" w="3941" /></phr></stem><stem n=":50:29"><phr n=":50:29"><ent r="3" t="31" w="68" /></phr></stem><stem n="testmap"><phr n="TestMap"><ent r="3" t="31" w="70" /><ent r="3" t="31" w="103" /><ent r="4" t="31" w="188" /><ent r="7" t="70" w="2057" /><ent r="7" t="70" w="2125" /></phr></stem><stem n="192"><phr n="192"><ent r="3" t="31" w="71" /><ent r="3" t="31" w="87" /><ent r="3" t="31" w="104" /><ent r="3" t="31" w="138" /><ent r="4" t="31" w="189" /><ent r="4" t="31" w="307" /><ent r="3" t="32" w="405" /><ent r="3" t="32" w="447" /><ent r="3" t="32" w="608" /><ent r="3" t="32" w="731" /><ent r="3" t="32" w="841" /><ent r="3" t="54" w="495" /><ent r="3" t="55" w="488" /><ent r="3" t="55" w="504" /><ent r="3" t="55" w="592" /><ent r="3" t="55" w="621" /><ent r="3" t="55" w="665" /><ent r="3" t="55" w="828" /><ent r="3" t="55" w="850" /><ent r="3" t="55" w="857" /><ent r="3" t="55" w="874" /><ent r="3" t="55" w="898" /><ent r="3" t="55" w="914" /><ent r="3" t="55" w="932" /><ent r="3" t="55" w="951" /><ent r="3" t="55" w="970" /><ent r="3" t="55" w="986" /><ent r="3" t="55" w="1002" /><ent r="3" t="55" w="1028" /><ent r="3" t="55" w="1047" /><ent r="3" t="55" w="1065" /><ent r="3" t="55" w="1081" /><ent r="3" t="55" w="1099" /><ent r="3" t="55" w="1117" /><ent r="3" t="56" w="180" /><ent r="3" t="56" w="195" /><ent r="3" t="56" w="545" /><ent r="3" t="56" w="564" /><ent r="100" t="70" w="1830" /><ent r="4" t="70" w="1842" /><ent r="6" t="70" w="1886" /><ent r="6" t="70" w="1950" /><ent r="6" t="70" w="1996" /></phr></stem><stem n="192.168"><phr n="192.168"><ent r="3" t="31" w="72" /><ent r="3" t="31" w="71" /><ent r="3" t="31" w="88" /><ent r="3" t="31" w="87" /><ent r="3" t="31" w="105" /><ent r="3" t="31" w="104" /><ent r="3" t="31" w="139" /><ent r="3" t="31" w="138" /><ent r="4" t="31" w="190" /><ent r="4" t="31" w="189" /><ent r="4" t="31" w="308" /><ent r="4" t="31" w="307" /><ent r="3" t="32" w="406" /><ent r="3" t="32" w="405" /><ent r="3" t="32" w="448" /><ent r="3" t="32" w="447" /><ent r="3" t="32" w="609" /><ent r="3" t="32" w="608" /><ent r="3" t="32" w="732" /><ent r="3" t="32" w="731" /><ent r="3" t="32" w="842" /><ent r="3" t="32" w="841" /><ent r="3" t="54" w="496" /><ent r="3" t="54" w="495" /><ent r="3" t="55" w="489" /><ent r="3" t="55" w="488" /><ent r="3" t="55" w="505" /><ent r="3" t="55" w="504" /><ent r="3" t="55" w="593" /><ent r="3" t="55" w="592" /><ent r="3" t="55" w="622" /><ent r="3" t="55" w="621" /><ent r="3" t="55" w="666" /><ent r="3" t="55" w="665" /><ent r="3" t="55" w="829" /><ent r="3" t="55" w="828" /><ent r="3" t="55" w="851" /><ent r="3" t="55" w="850" /><ent r="3" t="55" w="858" /><ent r="3" t="55" w="857" /><ent r="3" t="55" w="875" /><ent r="3" t="55" w="874" /><ent r="3" t="55" w="899" /><ent r="3" t="55" w="898" /><ent r="3" t="55" w="915" /><ent r="3" t="55" w="914" /><ent r="3" t="55" w="933" /><ent r="3" t="55" w="932" /><ent r="3" t="55" w="952" /><ent r="3" t="55" w="951" /><ent r="3" t="55" w="971" /><ent r="3" t="55" w="970" /><ent r="3" t="55" w="987" /><ent r="3" t="55" w="986" /><ent r="3" t="55" w="1003" /><ent r="3" t="55" w="1002" /><ent r="3" t="55" w="1029" /><ent r="3" t="55" w="1028" /><ent r="3" t="55" w="1048" /><ent r="3" t="55" w="1047" /><ent r="3" t="55" w="1066" /><ent r="3" t="55" w="1065" /><ent r="3" t="55" w="1082" /><ent r="3" t="55" w="1081" /><ent r="3" t="55" w="1100" /><ent r="3" t="55" w="1099" /><ent r="3" t="55" w="1118" /><ent r="3" t="55" w="1117" /><ent r="3" t="56" w="181" /><ent r="3" t="56" w="180" /><ent r="3" t="56" w="196" /><ent r="3" t="56" w="195" /><ent r="3" t="56" w="546" /><ent r="3" t="56" w="545" /><ent r="3" t="56" w="565" /><ent r="3" t="56" w="564" /><ent r="6" t="70" w="1951" /><ent r="6" t="70" w="1950" /></phr></stem><stem n="168"><phr n="168"><ent r="3" t="31" w="72" /><ent r="3" t="31" w="88" /><ent r="3" t="31" w="105" /><ent r="3" t="31" w="139" /><ent r="4" t="31" w="190" /><ent r="4" t="31" w="308" /><ent r="3" t="32" w="406" /><ent r="3" t="32" w="448" /><ent r="3" t="32" w="609" /><ent r="3" t="32" w="732" /><ent r="3" t="32" w="842" /><ent r="3" t="54" w="496" /><ent r="3" t="55" w="489" /><ent r="3" t="55" w="505" /><ent r="3" t="55" w="593" /><ent r="3" t="55" w="622" /><ent r="3" t="55" w="666" /><ent r="3" t="55" w="829" /><ent r="3" t="55" w="851" /><ent r="3" t="55" w="858" /><ent r="3" t="55" w="875" /><ent r="3" t="55" w="899" /><ent r="3" t="55" w="915" /><ent r="3" t="55" w="933" /><ent r="3" t="55" w="952" /><ent r="3" t="55" w="971" /><ent r="3" t="55" w="987" /><ent r="3" t="55" w="1003" /><ent r="3" t="55" w="1029" /><ent r="3" t="55" w="1048" /><ent r="3" t="55" w="1066" /><ent r="3" t="55" w="1082" /><ent r="3" t="55" w="1100" /><ent r="3" t="55" w="1118" /><ent r="3" t="56" w="181" /><ent r="3" t="56" w="196" /><ent r="3" t="56" w="546" /><ent r="3" t="56" w="565" /><ent r="100" t="70" w="1831" /><ent r="4" t="70" w="1843" /><ent r="6" t="70" w="1887" /><ent r="6" t="70" w="1951" /><ent r="6" t="70" w="1997" /></phr></stem><stem n="192.168.2"><phr n="192.168.2"><ent r="3" t="31" w="73" /><ent r="3" t="31" w="71" /><ent r="3" t="31" w="106" /><ent r="3" t="31" w="104" /><ent r="4" t="31" w="191" /><ent r="4" t="31" w="189" /></phr></stem><stem n=":192.168.2.1"><phr n=":192.168.2.1"><ent r="3" t="31" w="74" /><ent r="3" t="31" w="107" /><ent r="4" t="31" w="192" /></phr></stem><stem n="192.168.2.1"><phr n="192.168.2.1"><ent r="3" t="31" w="74" /><ent r="3" t="31" w="71" /><ent r="3" t="31" w="107" /><ent r="3" t="31" w="104" /><ent r="4" t="31" w="192" /><ent r="4" t="31" w="189" /></phr></stem><stem n=".3.6.1.4.1.6306"><phr n=".3.6.1.4.1.6306"><ent r="3" t="31" w="81" /><ent r="3" t="31" w="114" /><ent r="4" t="31" w="217" /><ent r="3" t="32" w="446" /><ent r="3" t="32" w="600" /><ent r="3" t="32" w="607" /><ent r="3" t="32" w="730" /><ent r="3" t="32" w="840" /><ent r="3" t="32" w="1029" /></phr></stem><stem n="333"><phr n="333"><ent r="3" t="31" w="82" /><ent r="3" t="31" w="115" /><ent r="4" t="31" w="218" /></phr></stem><stem n="(333)"><phr n="(333)"><ent r="3" t="31" w="83" /><ent r="3" t="31" w="116" /><ent r="4" t="31" w="219" /></phr></stem><stem n="321"><phr n="321"><ent r="3" t="31" w="84" /><ent r="3" t="31" w="126" /><ent r="4" t="31" w="253" /><ent r="4" t="31" w="279" /></phr></stem><stem n="&quot;321&quot;,"><phr n="&quot;321&quot;,"><ent r="3" t="31" w="85" /><ent r="3" t="31" w="127" /><ent r="4" t="31" w="254" /><ent r="4" t="31" w="280" /></phr></stem><stem n="456"><phr n="456"><ent r="3" t="31" w="85" /><ent r="3" t="31" w="136" /><ent r="4" t="31" w="254" /><ent r="4" t="31" w="289" /></phr></stem><stem n="&quot;456&quot;"><phr n="&quot;456&quot;"><ent r="3" t="31" w="86" /><ent r="3" t="31" w="137" /><ent r="4" t="31" w="255" /><ent r="4" t="31" w="290" /></phr></stem><stem n="(via"><phr n="(via"><ent r="3" t="31" w="86" /><ent r="3" t="31" w="137" /><ent r="4" t="31" w="306" /></phr></stem><stem n="192.168.1"><phr n="192.168.1"><ent r="3" t="31" w="89" /><ent r="3" t="31" w="87" /><ent r="3" t="31" w="140" /><ent r="3" t="31" w="138" /><ent r="4" t="31" w="309" /><ent r="4" t="31" w="307" /><ent r="3" t="54" w="497" /><ent r="3" t="54" w="495" /><ent r="3" t="55" w="490" /><ent r="3" t="55" w="488" /><ent r="3" t="55" w="506" /><ent r="3" t="55" w="504" /><ent r="3" t="55" w="594" /><ent r="3" t="55" w="592" /><ent r="3" t="55" w="623" /><ent r="3" t="55" w="621" /><ent r="3" t="55" w="667" /><ent r="3" t="55" w="665" /><ent r="3" t="55" w="830" /><ent r="3" t="55" w="828" /><ent r="3" t="55" w="852" /><ent r="3" t="55" w="850" /><ent r="3" t="55" w="859" /><ent r="3" t="55" w="857" /><ent r="3" t="55" w="876" /><ent r="3" t="55" w="874" /><ent r="3" t="55" w="900" /><ent r="3" t="55" w="898" /><ent r="3" t="55" w="916" /><ent r="3" t="55" w="914" /><ent r="3" t="55" w="934" /><ent r="3" t="55" w="932" /><ent r="3" t="55" w="953" /><ent r="3" t="55" w="951" /><ent r="3" t="55" w="972" /><ent r="3" t="55" w="970" /><ent r="3" t="55" w="988" /><ent r="3" t="55" w="986" /><ent r="3" t="55" w="1004" /><ent r="3" t="55" w="1002" /><ent r="3" t="55" w="1030" /><ent r="3" t="55" w="1028" /><ent r="3" t="55" w="1049" /><ent r="3" t="55" w="1047" /><ent r="3" t="55" w="1067" /><ent r="3" t="55" w="1065" /><ent r="3" t="55" w="1083" /><ent r="3" t="55" w="1081" /><ent r="3" t="55" w="1101" /><ent r="3" t="55" w="1099" /><ent r="3" t="55" w="1119" /><ent r="3" t="55" w="1117" /><ent r="3" t="56" w="182" /><ent r="3" t="56" w="180" /><ent r="3" t="56" w="197" /><ent r="3" t="56" w="195" /><ent r="3" t="56" w="547" /><ent r="3" t="56" w="545" /><ent r="3" t="56" w="566" /><ent r="3" t="56" w="564" /></phr></stem><stem n="192.168.1.233"><phr n="192.168.1.233"><ent r="3" t="31" w="90" /><ent r="3" t="31" w="87" /><ent r="3" t="31" w="141" /><ent r="3" t="31" w="138" /><ent r="4" t="31" w="310" /><ent r="4" t="31" w="307" /></phr></stem><stem n="233"><phr n="233"><ent r="3" t="31" w="90" /><ent r="3" t="31" w="141" /><ent r="4" t="31" w="310" /></phr></stem><stem n=".168.1.233)&lt;p&gt;"><phr n=".168.1.233)&lt;p&gt;"><ent r="3" t="31" w="91" /><ent r="3" t="31" w="142" /></phr></stem><stem n="&lt;p&gt;"><phr n="&lt;p&gt;"><ent r="3" t="31" w="91" /><ent r="3" t="31" w="142" /></phr><phr n="&lt;P&gt;"><ent r="3" t="66" w="496" /></phr></stem><stem n=":50:05"><phr n=":50:05"><ent r="3" t="31" w="101" /><ent r="4" t="31" w="169" /></phr></stem><stem n="05"><phr n="05"><ent r="3" t="31" w="101" /><ent r="4" t="31" w="169" /><ent r="3" t="32" w="466" /><ent r="3" t="32" w="627" /><ent r="3" t="32" w="750" /><ent r="3" t="32" w="860" /><ent r="3" t="32" w="1042" /><ent r="3" t="37" w="3911" /><ent r="3" t="37" w="4393" /></phr></stem><stem n="1.3.6.1.4.1.6306.99"><phr n="1.3.6.1.4.1.6306.99"><ent r="3" t="31" w="124" /><ent r="3" t="31" w="117" /><ent r="3" t="31" w="134" /><ent r="3" t="31" w="127" /><ent r="4" t="31" w="277" /><ent r="4" t="31" w="270" /><ent r="4" t="31" w="287" /><ent r="4" t="31" w="280" /></phr></stem><stem n=".3.6.1.4.1.6306.99.1"><phr n=".3.6.1.4.1.6306.99.1"><ent r="3" t="31" w="125" /><ent r="4" t="31" w="278" /></phr></stem><stem n="1.3.6.1.4.1.6306.99.1"><phr n="1.3.6.1.4.1.6306.99.1"><ent r="3" t="31" w="125" /><ent r="3" t="31" w="117" /><ent r="4" t="31" w="278" /><ent r="4" t="31" w="270" /></phr></stem><stem n=".3.6.1.4.1.6306.99.2"><phr n=".3.6.1.4.1.6306.99.2"><ent r="3" t="31" w="135" /><ent r="4" t="31" w="288" /></phr></stem><stem n="1.3.6.1.4.1.6306.99.2"><phr n="1.3.6.1.4.1.6306.99.2"><ent r="3" t="31" w="135" /><ent r="3" t="31" w="127" /><ent r="4" t="31" w="288" /><ent r="4" t="31" w="280" /></phr></stem><stem n="&quot;["><phr n="&quot;["><ent r="3" t="31" w="160" /></phr></stem><stem n="]&quot;:"><phr n="]&quot;:"><ent r="3" t="31" w="160" /></phr></stem><stem n="word"><phr n="word"><ent r="4" t="31" w="179" /><ent r="3" t="37" w="1366" /></phr></stem><stem n="&quot;trap&quot;"><phr n="&quot;TRAP&quot;"><ent r="4" t="31" w="181" /></phr></stem><stem n="(&quot;:&quot;)"><phr n="(&quot;:&quot;)"><ent r="4" t="31" w="204" /></phr></stem><stem n="(&quot;:&quot;),"><phr n="(&quot;:&quot;),"><ent r="4" t="31" w="296" /></phr></stem><stem n=".168.1.233)"><phr n=".168.1.233)"><ent r="4" t="31" w="311" /></phr></stem><stem n="com.dartware.snmp.trapdisplai"><phr n="com.dartware.snmp.trapdisplay"><ent r="3" t="32" w="28" /><ent r="3" t="32" w="25" /></phr></stem><stem n="trapdisplai"><phr n="trapdisplay"><ent r="3" t="32" w="28" /><ent r="3" t="32" w="130" /></phr></stem><stem n="com.dartware.snmp.trapdisplay.txt"><phr n="com.dartware.snmp.trapdisplay.txt"><ent r="3" t="32" w="29" /><ent r="3" t="32" w="25" /></phr></stem><stem n="(com.dartware.snmp.trapdisplay.txt)"><phr n="(com.dartware.snmp.trapdisplay.txt)"><ent r="3" t="32" w="30" /></phr></stem><stem n="basi"><phr n="basis"><ent r="3" t="32" w="49" /><ent r="3" t="34" w="155" /><ent r="3" t="39" w="115" /></phr></stem><stem n="im"><phr n="IM"><ent r="3" t="32" w="71" /></phr><phr n="im"><ent r="3" t="61" w="268" /><ent r="3" t="61" w="307" /><ent r="3" t="61" w="343" /><ent r="3" t="61" w="386" /><ent r="82" t="61" w="460" /><ent r="82" t="61" w="874" /></phr></stem><stem n="/displai"><phr n="/display"><ent r="3" t="32" w="75" /></phr></stem><stem n="header/displai"><phr n="header/display"><ent r="3" t="32" w="75" /><ent r="3" t="32" w="74" /></phr></stem><stem n="jun"><phr n="Jun"><ent r="3" t="32" w="103" /><ent r="3" t="46" w="263" /></phr></stem><stem n="&quot;;"><phr n="&quot;;"><ent r="3" t="32" w="111" /></phr></stem><stem n="tweak"><phr n="tweaked"><ent r="3" t="32" w="111" /></phr></stem><stem n="canon"><phr n="canonical"><ent r="3" t="32" w="114" /><ent r="3" t="44" w="131" /><ent r="3" t="44" w="210" /><ent r="4" t="47" w="836" /></phr></stem><stem n="alon"><phr n="alone"><ent r="3" t="32" w="116" /><ent r="4" t="35" w="1173" /></phr></stem><stem n="snmp.trapdisplai"><phr n="snmp.trapdisplay"><ent r="3" t="32" w="130" /><ent r="3" t="32" w="129" /></phr></stem><stem n="&quot;snmp.trapdisplay&quot;"><phr n="&quot;snmp.trapdisplay&quot;"><ent r="3" t="32" w="131" /></phr></stem><stem n="2.2"><phr n="2.2"><ent r="3" t="32" w="137" /><ent r="3" t="32" w="136" /></phr></stem><stem n="&quot;2.2&quot;"><phr n="&quot;2.2&quot;"><ent r="3" t="32" w="138" /></phr></stem><stem n="&quot;snmp/trap"><phr n="&quot;SNMP/Trap"><ent r="3" t="32" w="148" /></phr></stem><stem n="snmp/trap"><phr n="SNMP/Trap"><ent r="3" t="32" w="148" /><ent r="3" t="32" w="147" /></phr></stem><stem n="\gb\trap"><phr n="\GB\Trap"><ent r="3" t="32" w="154" /></phr></stem><stem n="prototyp"><phr n="prototype"><ent r="3" t="32" w="222" /></phr></stem><stem n="\b\how"><phr n="\B\How"><ent r="3" t="32" w="230" /></phr></stem><stem n="ten"><phr n="ten"><ent r="3" t="32" w="260" /></phr></stem><stem n="\b\snmptrap\p\"><phr n="\b\snmptrap\p\"><ent r="3" t="32" w="310" /><ent r="3" t="32" w="334" /></phr></stem><stem n="u2"><phr n="u2"><ent r="3" t="32" w="342" /><ent r="3" t="32" w="359" /></phr><phr n="U2"><ent r="3" t="48" w="179" /></phr></stem><stem n="tutorial-4"><phr n="tutorial-4"><ent r="3" t="32" w="349" /></phr></stem><stem n="www.net-snmp.org/tutorial/tutorial-4/command"><phr n="www.net-snmp.org/tutorial/tutorial-4/commands"><ent r="3" t="32" w="351" /><ent r="3" t="32" w="344" /></phr></stem><stem n="www.net-snmp.org/tutorial/tutorial-4/commands/snmptrap"><phr n="www.net-snmp.org/tutorial/tutorial-4/commands/snmptrap"><ent r="3" t="32" w="352" /><ent r="3" t="32" w="344" /></phr></stem><stem n="www.net-snmp.org/tutorial/tutorial-4/commands/snmptrap.html"><phr n="www.net-snmp.org/tutorial/tutorial-4/commands/snmptrap.html"><ent r="3" t="32" w="353" /><ent r="3" t="32" w="344" /></phr></stem><stem n="\u2=http://www.net-snmp.org/tutorial/tutorial-4/commands/snmptrap.html\trap"><phr n="\u2=http://www.net-snmp.org/tutorial/tutorial-4/commands/snmptrap.html\trap"><ent r="3" t="32" w="354" /></phr></stem><stem n="www.net-snmp.org/doc"><phr n="www.net-snmp.org/docs"><ent r="3" t="32" w="365" /><ent r="3" t="32" w="361" /></phr></stem><stem n="doc"><phr n="docs"><ent r="3" t="32" w="365" /><ent r="64" t="46" w="79" /><ent r="64" t="49" w="982" /><ent r="64" t="49" w="994" /><ent r="64" t="75" w="33" /></phr></stem><stem n="www.net-snmp.org/docs/man"><phr n="www.net-snmp.org/docs/man"><ent r="3" t="32" w="366" /><ent r="3" t="32" w="361" /></phr></stem><stem n="man"><phr n="man"><ent r="3" t="32" w="366" /></phr></stem><stem n="www.net-snmp.org/docs/man/snmpinform"><phr n="www.net-snmp.org/docs/man/snmpinform"><ent r="3" t="32" w="367" /><ent r="3" t="32" w="361" /></phr></stem><stem n="snmpinform"><phr n="snmpinform"><ent r="3" t="32" w="367" /></phr></stem><stem n="www.net-snmp.org/docs/man/snmpinform.html"><phr n="www.net-snmp.org/docs/man/snmpinform.html"><ent r="3" t="32" w="368" /><ent r="3" t="32" w="361" /></phr></stem><stem n="\u2=http://www.net-snmp.org/docs/man/snmpinform.html\snmptrap"><phr n="\u2=http://www.net-snmp.org/docs/man/snmpinform.html\snmptrap"><ent r="3" t="32" w="369" /></phr></stem><stem n="\0p\."><phr n="\0p\."><ent r="3" t="32" w="372" /></phr></stem><stem n="\i\snmpv1"><phr n="\i\SNMPv1"><ent r="3" t="32" w="390" /></phr></stem><stem n="192.168.56"><phr n="192.168.56"><ent r="3" t="32" w="407" /><ent r="3" t="32" w="405" /><ent r="3" t="32" w="449" /><ent r="3" t="32" w="447" /><ent r="3" t="32" w="610" /><ent r="3" t="32" w="608" /><ent r="3" t="32" w="733" /><ent r="3" t="32" w="731" /><ent r="3" t="32" w="843" /><ent r="3" t="32" w="841" /></phr></stem><stem n="56"><phr n="56"><ent r="3" t="32" w="407" /><ent r="3" t="32" w="449" /><ent r="3" t="32" w="610" /><ent r="3" t="32" w="733" /><ent r="3" t="32" w="843" /><ent r="3" t="55" w="846" /></phr></stem><stem n="192.168.56.78"><phr n="192.168.56.78"><ent r="3" t="32" w="408" /><ent r="3" t="32" w="405" /><ent r="3" t="32" w="450" /><ent r="3" t="32" w="447" /><ent r="3" t="32" w="611" /><ent r="3" t="32" w="608" /><ent r="3" t="32" w="734" /><ent r="3" t="32" w="731" /><ent r="3" t="32" w="844" /><ent r="3" t="32" w="841" /></phr></stem><stem n="\i\192.168.56.78\p\"><phr n="\i\192.168.56.78\p\"><ent r="3" t="32" w="410" /></phr></stem><stem n="-v"><phr n="-v"><ent r="3" t="32" w="435" /><ent r="3" t="32" w="435" /><ent r="3" t="32" w="588" /><ent r="3" t="32" w="588" /><ent r="3" t="32" w="719" /><ent r="3" t="32" w="719" /><ent r="3" t="32" w="829" /><ent r="3" t="32" w="829" /><ent r="3" t="32" w="1017" /><ent r="3" t="32" w="1017" /><ent r="3" t="55" w="131" /><ent r="3" t="55" w="131" /><ent r="5" t="55" w="153" /><ent r="5" t="55" w="153" /><ent r="3" t="55" w="500" /><ent r="3" t="55" w="500" /><ent r="3" t="55" w="557" /><ent r="3" t="55" w="557" /><ent r="3" t="55" w="614" /><ent r="3" t="55" w="614" /><ent r="3" t="55" w="659" /><ent r="3" t="55" w="659" /></phr></stem><stem n="v"><phr n="v"><ent r="3" t="32" w="435" /><ent r="3" t="32" w="588" /><ent r="3" t="32" w="719" /><ent r="3" t="32" w="829" /><ent r="3" t="32" w="1017" /><ent r="6" t="35" w="553" /><ent r="3" t="55" w="131" /><ent r="5" t="55" w="153" /><ent r="3" t="55" w="500" /><ent r="3" t="55" w="557" /><ent r="3" t="55" w="614" /><ent r="3" t="55" w="659" /></phr></stem><stem n="commstr"><phr n="commString"><ent r="3" t="32" w="438" /><ent r="3" t="32" w="591" /><ent r="3" t="32" w="722" /><ent r="3" t="32" w="832" /><ent r="3" t="32" w="1020" /></phr></stem><stem n=".168.56.78"><phr n=".168.56.78"><ent r="3" t="32" w="450" /><ent r="3" t="32" w="611" /><ent r="3" t="32" w="734" /><ent r="3" t="32" w="844" /></phr></stem><stem n="4567890"><phr n="4567890"><ent r="3" t="32" w="453" /><ent r="3" t="32" w="593" /><ent r="3" t="32" w="614" /><ent r="3" t="32" w="737" /><ent r="3" t="32" w="847" /><ent r="3" t="32" w="1022" /></phr></stem><stem n="&quot;05/08"><phr n="&quot;05/08"><ent r="3" t="32" w="467" /><ent r="3" t="32" w="628" /><ent r="3" t="32" w="751" /><ent r="3" t="32" w="861" /><ent r="3" t="32" w="1043" /></phr></stem><stem n="05/08"><phr n="05/08"><ent r="3" t="32" w="467" /><ent r="3" t="32" w="466" /><ent r="3" t="32" w="628" /><ent r="3" t="32" w="627" /><ent r="3" t="32" w="751" /><ent r="3" t="32" w="750" /><ent r="3" t="32" w="861" /><ent r="3" t="32" w="860" /><ent r="3" t="32" w="1043" /><ent r="3" t="32" w="1042" /></phr></stem><stem n="26"><phr n="26"><ent r="3" t="32" w="469" /><ent r="3" t="32" w="630" /><ent r="3" t="32" w="753" /><ent r="3" t="32" w="863" /><ent r="3" t="32" w="1045" /></phr></stem><stem n=":26:35&quot;"><phr n=":26:35&quot;"><ent r="3" t="32" w="471" /><ent r="3" t="32" w="632" /><ent r="3" t="32" w="755" /><ent r="3" t="32" w="865" /><ent r="3" t="32" w="1047" /></phr></stem><stem n="1.3.6.1.4.1.6306.2.1.2"><phr n="1.3.6.1.4.1.6306.2.1.2"><ent r="3" t="32" w="480" /><ent r="3" t="32" w="471" /><ent r="3" t="32" w="641" /><ent r="3" t="32" w="632" /><ent r="3" t="32" w="764" /><ent r="3" t="32" w="755" /><ent r="3" t="32" w="874" /><ent r="3" t="32" w="865" /><ent r="3" t="32" w="1056" /><ent r="3" t="32" w="1047" /><ent r="3" t="32" w="1200" /><ent r="3" t="32" w="1191" /></phr></stem><stem n=".3.6.1.4.1.6306.2.1.2.0"><phr n=".3.6.1.4.1.6306.2.1.2.0"><ent r="3" t="32" w="481" /><ent r="3" t="32" w="642" /><ent r="3" t="32" w="765" /><ent r="3" t="32" w="875" /><ent r="3" t="32" w="1057" /></phr></stem><stem n="1.3.6.1.4.1.6306.2.1.2.0"><phr n="1.3.6.1.4.1.6306.2.1.2.0"><ent r="3" t="32" w="481" /><ent r="3" t="32" w="471" /><ent r="3" t="32" w="642" /><ent r="3" t="32" w="632" /><ent r="3" t="32" w="765" /><ent r="3" t="32" w="755" /><ent r="3" t="32" w="875" /><ent r="3" t="32" w="865" /><ent r="3" t="32" w="1057" /><ent r="3" t="32" w="1047" /><ent r="3" t="32" w="1201" /><ent r="3" t="32" w="1191" /></phr></stem><stem n="1.3.6.1.4.1.6306.2.1.3"><phr n="1.3.6.1.4.1.6306.2.1.3"><ent r="3" t="32" w="493" /><ent r="3" t="32" w="484" /><ent r="3" t="32" w="654" /><ent r="3" t="32" w="645" /><ent r="3" t="32" w="777" /><ent r="3" t="32" w="768" /><ent r="3" t="32" w="887" /><ent r="3" t="32" w="878" /><ent r="3" t="32" w="1069" /><ent r="3" t="32" w="1060" /><ent r="3" t="32" w="1214" /><ent r="3" t="32" w="1205" /></phr></stem><stem n=".3.6.1.4.1.6306.2.1.3.0"><phr n=".3.6.1.4.1.6306.2.1.3.0"><ent r="3" t="32" w="494" /><ent r="3" t="32" w="655" /><ent r="3" t="32" w="778" /><ent r="3" t="32" w="888" /><ent r="3" t="32" w="1070" /></phr></stem><stem n="1.3.6.1.4.1.6306.2.1.3.0"><phr n="1.3.6.1.4.1.6306.2.1.3.0"><ent r="3" t="32" w="494" /><ent r="3" t="32" w="484" /><ent r="3" t="32" w="655" /><ent r="3" t="32" w="645" /><ent r="3" t="32" w="778" /><ent r="3" t="32" w="768" /><ent r="3" t="32" w="888" /><ent r="3" t="32" w="878" /><ent r="3" t="32" w="1070" /><ent r="3" t="32" w="1060" /><ent r="3" t="32" w="1215" /><ent r="3" t="32" w="1205" /></phr></stem><stem n="&quot;big"><phr n="&quot;Big"><ent r="3" t="32" w="496" /><ent r="3" t="32" w="657" /><ent r="3" t="32" w="780" /><ent r="3" t="32" w="890" /><ent r="3" t="32" w="1072" /></phr></stem><stem n="1.3.6.1.4.1.6306.2.1.4"><phr n="1.3.6.1.4.1.6306.2.1.4"><ent r="3" t="32" w="507" /><ent r="3" t="32" w="498" /><ent r="3" t="32" w="668" /><ent r="3" t="32" w="659" /><ent r="3" t="32" w="791" /><ent r="3" t="32" w="782" /><ent r="3" t="32" w="901" /><ent r="3" t="32" w="892" /><ent r="3" t="32" w="1083" /><ent r="3" t="32" w="1074" /><ent r="3" t="32" w="1231" /><ent r="3" t="32" w="1222" /></phr></stem><stem n=".3.6.1.4.1.6306.2.1.4.0"><phr n=".3.6.1.4.1.6306.2.1.4.0"><ent r="3" t="32" w="508" /><ent r="3" t="32" w="669" /><ent r="3" t="32" w="792" /><ent r="3" t="32" w="902" /><ent r="3" t="32" w="1084" /></phr></stem><stem n="1.3.6.1.4.1.6306.2.1.4.0"><phr n="1.3.6.1.4.1.6306.2.1.4.0"><ent r="3" t="32" w="508" /><ent r="3" t="32" w="498" /><ent r="3" t="32" w="669" /><ent r="3" t="32" w="659" /><ent r="3" t="32" w="792" /><ent r="3" t="32" w="782" /><ent r="3" t="32" w="902" /><ent r="3" t="32" w="892" /><ent r="3" t="32" w="1084" /><ent r="3" t="32" w="1074" /><ent r="3" t="32" w="1232" /><ent r="3" t="32" w="1222" /></phr></stem><stem n="&quot;critical:"><phr n="&quot;Critical:"><ent r="3" t="32" w="511" /><ent r="3" t="32" w="672" /><ent r="3" t="32" w="795" /><ent r="3" t="32" w="905" /><ent r="3" t="32" w="1087" /></phr></stem><stem n="1.3.6.1.4.1.6306.2.1.5"><phr n="1.3.6.1.4.1.6306.2.1.5"><ent r="3" t="32" w="522" /><ent r="3" t="32" w="513" /><ent r="3" t="32" w="683" /><ent r="3" t="32" w="674" /><ent r="3" t="32" w="806" /><ent r="3" t="32" w="797" /><ent r="3" t="32" w="916" /><ent r="3" t="32" w="907" /><ent r="3" t="32" w="1098" /><ent r="3" t="32" w="1089" /><ent r="3" t="32" w="1246" /><ent r="3" t="32" w="1237" /></phr></stem><stem n=".3.6.1.4.1.6306.2.1.5.0"><phr n=".3.6.1.4.1.6306.2.1.5.0"><ent r="3" t="32" w="523" /><ent r="3" t="32" w="684" /><ent r="3" t="32" w="807" /><ent r="3" t="32" w="917" /><ent r="3" t="32" w="1099" /></phr></stem><stem n="1.3.6.1.4.1.6306.2.1.5.0"><phr n="1.3.6.1.4.1.6306.2.1.5.0"><ent r="3" t="32" w="523" /><ent r="3" t="32" w="513" /><ent r="3" t="32" w="684" /><ent r="3" t="32" w="674" /><ent r="3" t="32" w="807" /><ent r="3" t="32" w="797" /><ent r="3" t="32" w="917" /><ent r="3" t="32" w="907" /><ent r="3" t="32" w="1099" /><ent r="3" t="32" w="1089" /><ent r="3" t="32" w="1247" /><ent r="3" t="32" w="1237" /></phr></stem><stem n="127"><phr n="127"><ent r="3" t="32" w="525" /><ent r="3" t="32" w="686" /><ent r="3" t="32" w="809" /><ent r="3" t="32" w="919" /><ent r="3" t="32" w="1101" /></phr></stem><stem n="127.0"><phr n="127.0"><ent r="3" t="32" w="526" /><ent r="3" t="32" w="525" /><ent r="3" t="32" w="687" /><ent r="3" t="32" w="686" /><ent r="3" t="32" w="810" /><ent r="3" t="32" w="809" /><ent r="3" t="32" w="920" /><ent r="3" t="32" w="919" /><ent r="3" t="32" w="1102" /><ent r="3" t="32" w="1101" /></phr></stem><stem n="127.0.0"><phr n="127.0.0"><ent r="3" t="32" w="527" /><ent r="3" t="32" w="525" /><ent r="3" t="32" w="688" /><ent r="3" t="32" w="686" /><ent r="3" t="32" w="811" /><ent r="3" t="32" w="809" /><ent r="3" t="32" w="921" /><ent r="3" t="32" w="919" /><ent r="3" t="32" w="1103" /><ent r="3" t="32" w="1101" /></phr></stem><stem n="127.0.0.1"><phr n="127.0.0.1"><ent r="3" t="32" w="528" /><ent r="3" t="32" w="525" /><ent r="3" t="32" w="689" /><ent r="3" t="32" w="686" /><ent r="3" t="32" w="812" /><ent r="3" t="32" w="809" /><ent r="3" t="32" w="922" /><ent r="3" t="32" w="919" /><ent r="3" t="32" w="1104" /><ent r="3" t="32" w="1101" /></phr></stem><stem n="&quot;127.0.0.1&quot;"><phr n="&quot;127.0.0.1&quot;"><ent r="3" t="32" w="529" /><ent r="3" t="32" w="690" /><ent r="3" t="32" w="813" /><ent r="3" t="32" w="923" /><ent r="3" t="32" w="1105" /></phr></stem><stem n="1.3.6.1.4.1.6306.2.1.6"><phr n="1.3.6.1.4.1.6306.2.1.6"><ent r="3" t="32" w="538" /><ent r="3" t="32" w="529" /><ent r="3" t="32" w="699" /><ent r="3" t="32" w="690" /><ent r="3" t="32" w="822" /><ent r="3" t="32" w="813" /><ent r="3" t="32" w="932" /><ent r="3" t="32" w="923" /><ent r="3" t="32" w="1114" /><ent r="3" t="32" w="1105" /><ent r="3" t="32" w="1262" /><ent r="3" t="32" w="1253" /></phr></stem><stem n=".3.6.1.4.1.6306.2.1.6.0"><phr n=".3.6.1.4.1.6306.2.1.6.0"><ent r="3" t="32" w="539" /><ent r="3" t="32" w="700" /><ent r="3" t="32" w="823" /><ent r="3" t="32" w="933" /><ent r="3" t="32" w="1115" /></phr></stem><stem n="1.3.6.1.4.1.6306.2.1.6.0"><phr n="1.3.6.1.4.1.6306.2.1.6.0"><ent r="3" t="32" w="539" /><ent r="3" t="32" w="529" /><ent r="3" t="32" w="700" /><ent r="3" t="32" w="690" /><ent r="3" t="32" w="823" /><ent r="3" t="32" w="813" /><ent r="3" t="32" w="933" /><ent r="3" t="32" w="923" /><ent r="3" t="32" w="1115" /><ent r="3" t="32" w="1105" /><ent r="3" t="32" w="1263" /><ent r="3" t="32" w="1253" /></phr></stem></index>