<?xml version="1.0" encoding="utf-8"?><index><stem n="&quot;%a&quot;,"><phr n="&quot;%a&quot;,"><ent r="3" t="24" w="1588" /><ent r="3" t="24" w="1599" /></phr></stem><stem n="x01"><phr n="x01"><ent r="3" t="24" w="1588" /></phr></stem><stem n="x02"><phr n="x02"><ent r="3" t="24" w="1589" /></phr></stem><stem n="x03"><phr n="x03"><ent r="3" t="24" w="1590" /></phr></stem><stem n="&quot;\x01\x02\x03&quot;"><phr n="&quot;\x01\x02\x03&quot;"><ent r="3" t="24" w="1591" /></phr></stem><stem n="&quot;01:02:03&quot;"><phr n="&quot;01:02:03&quot;"><ent r="3" t="24" w="1597" /></phr></stem><stem n="74"><phr n="74"><ent r="3" t="24" w="1606" /></phr></stem><stem n="65"><phr n="65"><ent r="3" t="24" w="1610" /><ent r="3" t="37" w="3161" /><ent r="3" t="37" w="3554" /></phr></stem><stem n="&quot;44:61:72:74:77:61:72:65&quot;"><phr n="&quot;44:61:72:74:77:61:72:65&quot;"><ent r="3" t="24" w="1611" /></phr></stem><stem n="[,"><phr n="[,"><ent r="3" t="24" w="1617" /></phr></stem><stem n="abbrevi"><phr n="Abbreviated"><ent r="4" t="24" w="1674" /><ent r="4" t="24" w="1684" /></phr></stem><stem n="weekdai"><phr n="weekday"><ent r="4" t="24" w="1675" /><ent r="4" t="24" w="1680" /></phr><phr n="Weekday"><ent r="4" t="24" w="1777" /></phr></stem><stem n="month"><phr n="month"><ent r="4" t="24" w="1685" /><ent r="4" t="24" w="1690" /><ent r="4" t="24" w="1711" /></phr><phr n="Month"><ent r="4" t="24" w="1737" /></phr></stem><stem n="someth"><phr n="something"><ent r="4" t="24" w="1698" /><ent r="3" t="28" w="299" /><ent r="3" t="34" w="547" /><ent r="3" t="37" w="2339" /><ent r="3" t="37" w="4418" /><ent r="7" t="68" w="565" /></phr></stem><stem n="&quot;tue"><phr n="&quot;Tue"><ent r="4" t="24" w="1700" /><ent r="3" t="24" w="1862" /></phr></stem><stem n="tue"><phr n="Tue"><ent r="4" t="24" w="1700" /><ent r="3" t="24" w="1862" /></phr></stem><stem n="feb"><phr n="Feb"><ent r="4" t="24" w="1701" /><ent r="3" t="24" w="1863" /></phr></stem><stem n="06"><phr n="06"><ent r="4" t="24" w="1702" /><ent r="3" t="24" w="1880" /><ent r="3" t="31" w="64" /><ent r="3" t="31" w="97" /><ent r="4" t="31" w="165" /><ent r="3" t="37" w="3922" /></phr></stem><stem n="25"><phr n="25"><ent r="4" t="24" w="1704" /><ent r="3" t="32" w="54" /><ent r="3" t="47" w="634" /><ent r="3" t="47" w="657" /><ent r="3" t="49" w="703" /></phr></stem><stem n=":25:22"><phr n=":25:22"><ent r="4" t="24" w="1705" /></phr></stem><stem n="2007"><phr n="2007"><ent r="4" t="24" w="1706" /><ent r="4" t="24" w="1822" /><ent r="3" t="24" w="1868" /><ent r="3" t="24" w="1878" /><ent r="3" t="27" w="41" /><ent r="3" t="27" w="50" /><ent r="3" t="32" w="39" /><ent r="3" t="32" w="79" /><ent r="3" t="32" w="92" /><ent r="3" t="32" w="104" /><ent r="3" t="33" w="55" /><ent r="3" t="33" w="59" /><ent r="3" t="45" w="93" /><ent r="3" t="46" w="264" /><ent r="3" t="46" w="276" /></phr></stem><stem n="01-31"><phr n="01-31"><ent r="4" t="24" w="1712" /></phr></stem><stem n="31"><phr n="31"><ent r="4" t="24" w="1713" /><ent r="3" t="24" w="2687" /><ent r="3" t="46" w="252" /><ent r="3" t="55" w="575" /></phr></stem><stem n="(01-31)"><phr n="(01-31)"><ent r="4" t="24" w="1714" /></phr></stem><stem n="h"><phr n="H"><ent r="4" t="24" w="1715" /><ent r="7" t="24" w="2614" /><ent r="6" t="24" w="2631" /><ent r="3" t="24" w="2685" /><ent r="3" t="24" w="2690" /><ent r="3" t="40" w="1169" /><ent r="5" t="41" w="360" /><ent r="3" t="48" w="191" /></phr></stem><stem n="hour"><phr n="Hour"><ent r="4" t="24" w="1716" /><ent r="4" t="24" w="1722" /></phr><phr n="hours"><ent r="7" t="70" w="428" /><ent r="6" t="70" w="441" /></phr></stem><stem n="00-23"><phr n="00-23"><ent r="4" t="24" w="1718" /></phr></stem><stem n="(00-23)"><phr n="(00-23)"><ent r="4" t="24" w="1720" /></phr></stem><stem n="01-12"><phr n="01-12"><ent r="4" t="24" w="1724" /><ent r="4" t="24" w="1739" /></phr></stem><stem n="(01-12)"><phr n="(01-12)"><ent r="4" t="24" w="1726" /><ent r="4" t="24" w="1741" /></phr></stem><stem n="j"><phr n="j"><ent r="4" t="24" w="1727" /></phr></stem><stem n="year"><phr n="year"><ent r="4" t="24" w="1731" /><ent r="4" t="24" w="1763" /><ent r="4" t="24" w="1789" /><ent r="4" t="24" w="1811" /></phr><phr n="Year"><ent r="4" t="24" w="1817" /></phr></stem><stem n="001"><phr n="001"><ent r="4" t="24" w="1733" /><ent r="3" t="56" w="645" /><ent r="3" t="56" w="647" /></phr></stem><stem n="001-366"><phr n="001-366"><ent r="4" t="24" w="1733" /></phr></stem><stem n="366"><phr n="366"><ent r="4" t="24" w="1734" /></phr></stem><stem n="(001-366)"><phr n="(001-366)"><ent r="4" t="24" w="1735" /></phr></stem><stem n="00-59"><phr n="00-59"><ent r="4" t="24" w="1745" /></phr></stem><stem n="59"><phr n="59"><ent r="4" t="24" w="1746" /><ent r="3" t="54" w="490" /></phr></stem><stem n="(00-59)"><phr n="(00-59)"><ent r="4" t="24" w="1747" /></phr></stem><stem n="&quot;am&quot;"><phr n="&quot;AM&quot;"><ent r="4" t="24" w="1750" /></phr></stem><stem n="pm"><phr n="PM"><ent r="4" t="24" w="1751" /></phr></stem><stem n="&quot;pm&quot;"><phr n="&quot;PM&quot;"><ent r="4" t="24" w="1752" /></phr></stem><stem n="00-61"><phr n="00-61"><ent r="4" t="24" w="1756" /></phr></stem><stem n="(00-61)"><phr n="(00-61)"><ent r="4" t="24" w="1758" /></phr></stem><stem n="week"><phr n="Week"><ent r="4" t="24" w="1760" /><ent r="4" t="24" w="1786" /></phr><phr n="week"><ent r="4" t="24" w="1773" /><ent r="4" t="24" w="1799" /></phr></stem><stem n="00-53"><phr n="00-53"><ent r="4" t="24" w="1765" /><ent r="4" t="24" w="1791" /></phr></stem><stem n="53"><phr n="53"><ent r="4" t="24" w="1766" /><ent r="4" t="24" w="1792" /></phr></stem><stem n="(00-53)."><phr n="(00-53)."><ent r="4" t="24" w="1767" /><ent r="4" t="24" w="1793" /></phr></stem><stem n="sundai"><phr n="Sunday"><ent r="4" t="24" w="1768" /><ent r="4" t="24" w="1781" /></phr></stem><stem n="w"><phr n="w"><ent r="4" t="24" w="1776" /><ent r="5" t="41" w="363" /><ent r="3" t="47" w="628" /><ent r="3" t="48" w="194" /></phr><phr n="W"><ent r="4" t="24" w="1785" /></phr></stem><stem n="0-6"><phr n="0-6"><ent r="4" t="24" w="1779" /></phr></stem><stem n="(0-6)."><phr n="(0-6)."><ent r="4" t="24" w="1781" /></phr></stem><stem n="mondai"><phr n="Monday"><ent r="4" t="24" w="1794" /></phr></stem><stem n="-digit"><phr n="-digit"><ent r="4" t="24" w="1809" /><ent r="4" t="24" w="1809" /><ent r="3" t="34" w="1052" /><ent r="3" t="34" w="1052" /></phr></stem><stem n="two-digit"><phr n="Two-digit"><ent r="4" t="24" w="1809" /></phr></stem><stem n="00-99"><phr n="00-99"><ent r="4" t="24" w="1813" /></phr></stem><stem n="99"><phr n="99"><ent r="4" t="24" w="1814" /><ent r="3" t="31" w="124" /><ent r="3" t="31" w="134" /><ent r="4" t="31" w="277" /><ent r="4" t="31" w="287" /></phr></stem><stem n="(00-99)"><phr n="(00-99)"><ent r="4" t="24" w="1815" /></phr></stem><stem n="centuri"><phr n="century"><ent r="4" t="24" w="1819" /></phr></stem><stem n="z"><phr n="z"><ent r="4" t="24" w="1824" /></phr></stem><stem n="zone"><phr n="zone"><ent r="4" t="24" w="1826" /></phr></stem><stem n="underli"><phr n="underlying"><ent r="3" t="24" w="1845" /><ent r="3" t="24" w="1926" /></phr></stem><stem n="portabl"><phr n="portable"><ent r="3" t="24" w="1856" /></phr></stem><stem n="&quot;%c&quot;)"><phr n="&quot;%c&quot;)"><ent r="3" t="24" w="1860" /></phr></stem><stem n=":19:24"><phr n=":19:24"><ent r="3" t="24" w="1867" /></phr></stem><stem n="y-"><phr n="Y-"><ent r="3" t="24" w="1870" /></phr></stem><stem n="m-"><phr n="m-"><ent r="3" t="24" w="1872" /></phr></stem><stem n="&quot;%y-%m-%d&quot;,"><phr n="&quot;%Y-%m-%d&quot;,"><ent r="3" t="24" w="1875" /></phr></stem><stem n="1170778895"><phr n="1170778895"><ent r="3" t="24" w="1875" /></phr></stem><stem n="2007-02"><phr n="2007-02"><ent r="3" t="24" w="1878" /></phr></stem><stem n="2007-02-06"><phr n="2007-02-06"><ent r="3" t="24" w="1878" /></phr></stem><stem n="02-06"><phr n="02-06"><ent r="3" t="24" w="1879" /></phr></stem><stem n="&quot;2007-02-06&quot;"><phr n="&quot;2007-02-06&quot;"><ent r="3" t="24" w="1881" /></phr></stem><stem n="&quot;%y&quot;,"><phr n="&quot;%Y&quot;,"><ent r="3" t="24" w="1936" /></phr></stem><stem n="1990"><phr n="1990"><ent r="3" t="24" w="1937" /><ent r="3" t="24" w="1941" /></phr></stem><stem n="&quot;1990&quot;,"><phr n="&quot;1990&quot;,"><ent r="3" t="24" w="1938" /></phr></stem><stem n="&quot;%y&quot;))"><phr n="&quot;%Y&quot;))"><ent r="3" t="24" w="1939" /></phr></stem><stem n="&quot;1990&quot;"><phr n="&quot;1990&quot;"><ent r="3" t="24" w="1942" /></phr></stem><stem n="neg"><phr n="negative"><ent r="3" t="24" w="1976" /><ent r="4" t="24" w="2229" /><ent r="4" t="24" w="2279" /></phr><phr n="negatively"><ent r="3" t="37" w="1326" /></phr></stem><stem n="(&quot;1.3.6.1.2.1.4.20.1.1.10.10.2.20&quot;,"><phr n="(&quot;1.3.6.1.2.1.4.20.1.1.10.10.2.20&quot;,"><ent r="3" t="24" w="2006" /><ent r="3" t="24" w="2026" /></phr></stem><stem n="&quot;1.3&quot;"><phr n="&quot;1.3&quot;"><ent r="3" t="24" w="2011" /></phr></stem><stem n="&quot;10.10.2.20&quot;"><phr n="&quot;10.10.2.20&quot;"><ent r="3" t="24" w="2033" /></phr></stem><stem n="(\&quot;1.3.6.1.2.1.4.20.1.1.10.10.2.20\&quot;,"><phr n="(\&quot;1.3.6.1.2.1.4.20.1.1.10.10.2.20\&quot;,"><ent r="3" t="24" w="2048" /><ent r="3" t="24" w="2068" /><ent r="3" t="24" w="2090" /><ent r="3" t="24" w="2112" /></phr></stem><stem n="\&quot;1.3\&quot;"><phr n="\&quot;1.3\&quot;"><ent r="3" t="24" w="2053" /></phr></stem><stem n="\&quot;10.10.2.20\&quot;"><phr n="\&quot;10.10.2.20\&quot;"><ent r="3" t="24" w="2075" /></phr></stem><stem n="2.1"><phr n="2.1"><ent r="3" t="24" w="2094" /><ent r="3" t="24" w="2093" /><ent r="65" t="47" w="521" /><ent r="65" t="47" w="520" /><ent r="7" t="68" w="338" /><ent r="7" t="68" w="337" /></phr></stem><stem n="2.1.4"><phr n="2.1.4"><ent r="3" t="24" w="2095" /><ent r="3" t="24" w="2093" /></phr></stem><stem n="2.1.4.20"><phr n="2.1.4.20"><ent r="3" t="24" w="2096" /><ent r="3" t="24" w="2093" /></phr></stem><stem n="\&quot;2.1.4.20\&quot;"><phr n="\&quot;2.1.4.20\&quot;"><ent r="3" t="24" w="2097" /></phr></stem><stem n="-2,"><phr n="-2,"><ent r="3" t="24" w="2113" /><ent r="3" t="24" w="2113" /><ent r="3" t="24" w="2147" /><ent r="3" t="24" w="2147" /><ent r="3" t="24" w="2344" /><ent r="3" t="24" w="2344" /></phr></stem><stem n="2.20"><phr n="2.20"><ent r="3" t="24" w="2116" /><ent r="3" t="24" w="2115" /></phr></stem><stem n="\&quot;2.20\&quot;"><phr n="\&quot;2.20\&quot;"><ent r="3" t="24" w="2117" /></phr></stem><stem n="(\&quot;1.3.6\&quot;,"><phr n="(\&quot;1.3.6\&quot;,"><ent r="3" t="24" w="2121" /><ent r="3" t="24" w="2128" /><ent r="3" t="24" w="2136" /><ent r="3" t="24" w="2146" /></phr></stem><stem n="\&quot;\&quot;"><phr n="\&quot;\&quot;"><ent r="3" t="24" w="2124" /></phr></stem><stem n="\&quot;6\&quot;"><phr n="\&quot;6\&quot;"><ent r="3" t="24" w="2132" /></phr></stem><stem n="\&quot;1.3.6\&quot;"><phr n="\&quot;1.3.6\&quot;"><ent r="3" t="24" w="2142" /></phr></stem><stem n="3.6"><phr n="3.6"><ent r="3" t="24" w="2150" /><ent r="3" t="24" w="2149" /></phr></stem><stem n="\&quot;3.6\&quot;"><phr n="\&quot;3.6\&quot;"><ent r="3" t="24" w="2151" /></phr></stem><stem n=":integer):string;"><phr n=":INTEGER):STRING;"><ent r="3" t="24" w="2165" /><ent r="3" t="24" w="2184" /></phr></stem><stem n=":integer,"><phr n=":INTEGER,"><ent r="3" t="24" w="2179" /></phr></stem><stem n=":extract"><phr n=":Extract"><ent r="100" t="24" w="2189" /></phr></stem><stem n="extract"><phr n="Extract"><ent r="100" t="24" w="2189" /><ent r="100" t="24" w="2191" /><ent r="100" t="24" w="2193" /><ent r="3" t="24" w="2196" /></phr><phr n="extracted"><ent r="3" t="24" w="2210" /></phr><phr n="extract"><ent r="4" t="24" w="2252" /></phr></stem><stem n=":substr"><phr n=":substring"><ent r="100" t="24" w="2194" /></phr></stem><stem n="neither"><phr n="neither"><ent r="4" t="24" w="2296" /></phr></stem><stem n="0123456789"><phr n="0123456789"><ent r="3" t="24" w="2322" /><ent r="3" t="24" w="2328" /><ent r="3" t="24" w="2335" /><ent r="3" t="24" w="2342" /></phr></stem><stem n="&quot;0123456789&quot;,"><phr n="&quot;0123456789&quot;,"><ent r="3" t="24" w="2323" /><ent r="3" t="24" w="2329" /><ent r="3" t="24" w="2336" /><ent r="3" t="24" w="2343" /></phr></stem><stem n="789"><phr n="789"><ent r="3" t="24" w="2325" /></phr></stem><stem n="&quot;789&quot;"><phr n="&quot;789&quot;"><ent r="3" t="24" w="2326" /></phr></stem><stem n="45"><phr n="45"><ent r="3" t="24" w="2332" /><ent r="3" t="35" w="906" /></phr></stem><stem n="&quot;45&quot;"><phr n="&quot;45&quot;"><ent r="3" t="24" w="2333" /></phr></stem><stem n="-2)"><phr n="-2)"><ent r="3" t="24" w="2338" /><ent r="3" t="24" w="2338" /></phr></stem><stem n="4567"><phr n="4567"><ent r="3" t="24" w="2339" /></phr></stem><stem n="&quot;4567&quot;"><phr n="&quot;4567&quot;"><ent r="3" t="24" w="2340" /></phr></stem><stem n="&quot;8&quot;"><phr n="&quot;8&quot;"><ent r="3" t="24" w="2347" /></phr></stem><stem n=":string):valu"><phr n=":STRING):VALUE"><ent r="3" t="24" w="2360" /></phr></stem><stem n="shorter"><phr n="shorter"><ent r="4" t="24" w="2401" /></phr></stem><stem n="(&quot;\1\2\3&quot;,"><phr n="(&quot;\1\2\3&quot;,"><ent r="5" t="24" w="2431" /></phr></stem><stem n="&gt;l"><phr n="&gt;L"><ent r="5" t="24" w="2431" /><ent r="5" t="24" w="2443" /><ent r="3" t="24" w="2656" /><ent r="3" t="24" w="2680" /></phr></stem><stem n="&quot;&gt;l&quot;)"><phr n="&quot;&gt;L&quot;)"><ent r="5" t="24" w="2432" /><ent r="5" t="24" w="2444" /><ent r="3" t="24" w="2657" /><ent r="3" t="24" w="2681" /></phr></stem><stem n="(&quot;\1\2\3\0&quot;,"><phr n="(&quot;\1\2\3\0&quot;,"><ent r="5" t="24" w="2443" /></phr></stem><stem n="longer"><phr n="longer"><ent r="4" t="24" w="2450" /><ent r="3" t="34" w="868" /><ent r="4" t="37" w="377" /><ent r="4" t="37" w="2293" /><ent r="3" t="37" w="2907" /></phr></stem><stem n="endian"><phr n="Endian"><ent r="100" t="24" w="2460" /></phr><phr n="endian"><ent r="4" t="24" w="2464" /><ent r="4" t="24" w="2479" /><ent r="4" t="24" w="2483" /><ent r="100" t="24" w="2598" /><ent r="6" t="24" w="2601" /><ent r="100" t="24" w="2608" /><ent r="6" t="24" w="2611" /></phr></stem><stem n="target"><phr n="target"><ent r="4" t="24" w="2473" /><ent r="3" t="56" w="304" /><ent r="3" t="56" w="316" /><ent r="4" t="65" w="99" /><ent r="3" t="65" w="108" /><ent r="4" t="65" w="219" /><ent r="4" t="65" w="255" /><ent r="3" t="65" w="265" /><ent r="3" t="66" w="26" /><ent r="4" t="66" w="32" /><ent r="3" t="66" w="46" /><ent r="3" t="66" w="63" /><ent r="3" t="66" w="452" /><ent r="3" t="66" w="521" /><ent r="4" t="67" w="184" /><ent r="4" t="67" w="197" /><ent r="4" t="67" w="204" /><ent r="6" t="68" w="72" /><ent r="6" t="68" w="166" /><ent r="6" t="68" w="281" /><ent r="6" t="68" w="299" /><ent r="6" t="68" w="680" /><ent r="7" t="68" w="755" /><ent r="7" t="68" w="760" /><ent r="7" t="68" w="766" /><ent r="6" t="68" w="797" /><ent r="3" t="69" w="70" /><ent r="3" t="69" w="92" /><ent r="3" t="70" w="124" /><ent r="3" t="71" w="11" /><ent r="3" t="71" w="236" /><ent r="3" t="71" w="323" /><ent r="3" t="71" w="368" /><ent r="3" t="71" w="387" /><ent r="3" t="72" w="29" /></phr><phr n="Target"><ent r="66" t="65" w="153" /><ent r="1000" t="66" w="1" /><ent r="102" t="66" w="4" /><ent r="100" t="66" w="191" /><ent r="92" t="66" w="195" /><ent r="100" t="66" w="436" /><ent r="92" t="66" w="445" /><ent r="100" t="66" w="506" /><ent r="92" t="66" w="511" /></phr><phr n="targets"><ent r="3" t="66" w="648" /><ent r="3" t="66" w="676" /><ent r="3" t="66" w="686" /></phr></stem><stem n="platform'"><phr n="platform's"><ent r="4" t="24" w="2475" /><ent r="4" t="24" w="2474" /></phr></stem><stem n="(littl"><phr n="(little"><ent r="4" t="24" w="2478" /></phr></stem><stem n="littl"><phr n="little"><ent r="4" t="24" w="2478" /><ent r="6" t="24" w="2610" /></phr><phr n="Little"><ent r="100" t="24" w="2607" /></phr></stem><stem n="#format"><phr n="#formats"><ent r="3" t="24" w="2501" /><ent r="3" t="24" w="2509" /><ent r="3" t="24" w="2517" /></phr></stem><stem n="td"><phr n="td"><ent r="3" t="24" w="2502" /><ent r="3" t="24" w="2510" /><ent r="3" t="24" w="2512" /><ent r="3" t="24" w="2518" /></phr></stem><stem n=".code"><phr n=".code"><ent r="3" t="24" w="2504" /></phr></stem><stem n="p.code"><phr n="p.code"><ent r="3" t="24" w="2504" /><ent r="3" t="24" w="2503" /></phr></stem><stem n="{width:"><phr n="{width:"><ent r="3" t="24" w="2506" /></phr></stem><stem n="40px"><phr n="40px"><ent r="3" t="24" w="2506" /></phr></stem><stem n="margin"><phr n="margin"><ent r="3" t="24" w="2507" /><ent r="3" t="24" w="2513" /></phr></stem><stem n=";margin:"><phr n=";margin:"><ent r="3" t="24" w="2508" /></phr></stem><stem n=";}"><phr n=";}"><ent r="3" t="24" w="2509" /><ent r="3" t="24" w="2523" /></phr></stem><stem n=".td"><phr n=".td"><ent r="3" t="24" w="2512" /></phr></stem><stem n="p.td"><phr n="p.td"><ent r="3" t="24" w="2512" /><ent r="3" t="24" w="2511" /></phr></stem><stem n="{margin:0;padding:0;}"><phr n="{margin:0;padding:0;}"><ent r="3" t="24" w="2517" /></phr></stem><stem n="height"><phr n="height"><ent r="3" t="24" w="2519" /><ent r="3" t="73" w="27" /><ent r="4" t="73" w="50" /><ent r="4" t="73" w="58" /><ent r="100" t="73" w="67" /><ent r="5" t="73" w="72" /></phr></stem><stem n="{height:"><phr n="{height:"><ent r="3" t="24" w="2520" /></phr></stem><stem n=";padding:"><phr n=";padding:"><ent r="3" t="24" w="2522" /></phr></stem><stem n="5px"><phr n="5px"><ent r="3" t="24" w="2522" /></phr></stem><stem n="(1"><phr n="(1"><ent r="6" t="24" w="2535" /><ent r="6" t="24" w="2544" /></phr></stem><stem n="(4"><phr n="(4"><ent r="6" t="24" w="2553" /><ent r="6" t="24" w="2562" /></phr></stem><stem n="(2"><phr n="(2"><ent r="6" t="24" w="2571" /><ent r="6" t="24" w="2580" /></phr></stem><stem n="#b"><phr n="#B"><ent r="7" t="24" w="2583" /></phr></stem><stem n="-endian"><phr n="-endian"><ent r="100" t="24" w="2597" /><ent r="100" t="24" w="2597" /><ent r="6" t="24" w="2600" /><ent r="6" t="24" w="2600" /><ent r="100" t="24" w="2607" /><ent r="100" t="24" w="2607" /><ent r="6" t="24" w="2610" /><ent r="6" t="24" w="2610" /></phr></stem><stem n="big-endian"><phr n="Big-endian"><ent r="100" t="24" w="2597" /></phr><phr n="big-endian"><ent r="6" t="24" w="2600" /></phr></stem><stem n="little-endian"><phr n="Little-endian"><ent r="100" t="24" w="2607" /></phr><phr n="little-endian"><ent r="6" t="24" w="2610" /></phr></stem><stem n="decod"><phr n="decodes"><ent r="6" t="24" w="2617" /><ent r="6" t="24" w="2634" /></phr><phr n="decode"><ent r="4" t="37" w="457" /><ent r="3" t="37" w="939" /></phr><phr n="Decode"><ent r="3" t="61" w="684" /></phr></stem><stem n="32"><phr n="32"><ent r="6" t="24" w="2628" /><ent r="4" t="29" w="272" /><ent r="3" t="34" w="660" /></phr></stem><stem n="32-bit"><phr n="32-bits"><ent r="6" t="24" w="2628" /></phr><phr n="32-bit"><ent r="4" t="29" w="272" /></phr></stem><stem n="-bits)"><phr n="-bits)"><ent r="6" t="24" w="2630" /><ent r="6" t="24" w="2630" /></phr></stem><stem n="#h"><phr n="#H"><ent r="6" t="24" w="2631" /></phr></stem><stem n="&quot;\1&quot;,"><phr n="&quot;\1&quot;,"><ent r="3" t="24" w="2648" /></phr></stem><stem n="&quot;c&quot;)"><phr n="&quot;c&quot;)"><ent r="3" t="24" w="2649" /></phr></stem><stem n="&quot;\1\2\3\4&quot;,"><phr n="&quot;\1\2\3\4&quot;,"><ent r="3" t="24" w="2656" /><ent r="3" t="24" w="2664" /></phr></stem><stem n="16909060"><phr n="16909060"><ent r="3" t="24" w="2658" /></phr></stem><stem n="&lt;l"><phr n="&lt;L"><ent r="3" t="24" w="2664" /></phr></stem><stem n="&quot;&lt;l&quot;)"><phr n="&quot;&lt;L&quot;)"><ent r="3" t="24" w="2665" /></phr></stem><stem n="67305985"><phr n="67305985"><ent r="3" t="24" w="2666" /></phr></stem><stem n="bs64"><phr n="BS64"><ent r="3" t="24" w="2668" /></phr></stem><stem n="&quot;bs64&quot;,"><phr n="&quot;BS64&quot;,"><ent r="3" t="24" w="2669" /></phr></stem><stem n="&quot;#b&quot;)"><phr n="&quot;#B&quot;)"><ent r="3" t="24" w="2670" /></phr></stem><stem n="&quot;...&quot;"><phr n="&quot;...&quot;"><ent r="3" t="24" w="2671" /><ent r="3" t="24" w="2672" /></phr></stem><stem n="(where"><phr n="(where"><ent r="3" t="24" w="2671" /><ent r="3" t="54" w="149" /></phr></stem><stem n="x5"><phr n="x5"><ent r="3" t="24" w="2673" /></phr></stem><stem n="x2e"><phr n="x2e"><ent r="3" t="24" w="2674" /></phr></stem><stem n="xb8"><phr n="xb8"><ent r="3" t="24" w="2675" /></phr></stem><stem n="&quot;\x5\x2e\xb8&quot;)"><phr n="&quot;\x5\x2e\xb8&quot;)"><ent r="3" t="24" w="2676" /></phr></stem><stem n="&quot;\1\2\3&quot;,"><phr n="&quot;\1\2\3&quot;,"><ent r="3" t="24" w="2680" /></phr></stem><stem n="16909056"><phr n="16909056"><ent r="3" t="24" w="2682" /></phr></stem><stem n="1f"><phr n="1F"><ent r="3" t="24" w="2684" /></phr></stem><stem n="&quot;1f&quot;,"><phr n="&quot;1F&quot;,"><ent r="3" t="24" w="2685" /></phr></stem><stem n="&quot;h&quot;)"><phr n="&quot;H&quot;)"><ent r="3" t="24" w="2686" /></phr></stem><stem n="42696c6c207761732068657265"><phr n="42696c6c207761732068657265"><ent r="3" t="24" w="2689" /></phr></stem><stem n="&quot;42696c6c207761732068657265&quot;,"><phr n="&quot;42696c6c207761732068657265&quot;,"><ent r="3" t="24" w="2690" /></phr></stem><stem n="&quot;#h&quot;)"><phr n="&quot;#H&quot;)"><ent r="3" t="24" w="2691" /></phr></stem><stem n="&quot;bill"><phr n="&quot;Bill"><ent r="3" t="24" w="2692" /></phr></stem><stem n="bill"><phr n="Bill"><ent r="3" t="24" w="2692" /><ent r="3" t="56" w="679" /></phr></stem><stem n=".0:"><phr n=".0:"><ent r="3" t="24" w="2756" /></phr></stem><stem n="fw"><phr n="FW"><ent r="3" t="24" w="2757" /></phr></stem><stem n="tr6"><phr n="TR6"><ent r="3" t="24" w="2758" /></phr></stem><stem n="tr6-3"><phr n="TR6-3"><ent r="3" t="24" w="2758" /></phr></stem><stem n="tr6-3.1"><phr n="TR6-3.1"><ent r="3" t="24" w="2760" /><ent r="3" t="24" w="2759" /></phr></stem><stem n="tr6-3.1.4rt"><phr n="TR6-3.1.4Rt"><ent r="3" t="24" w="2761" /><ent r="3" t="24" w="2759" /></phr></stem><stem n="4rt"><phr n="4Rt"><ent r="3" t="24" w="2761" /></phr></stem><stem n="tr6-3.1.4rt_f213e4"><phr n="TR6-3.1.4Rt_F213E4"><ent r="3" t="24" w="2762" /><ent r="3" t="24" w="2759" /></phr></stem><stem n="f213e4"><phr n="F213E4"><ent r="3" t="24" w="2762" /></phr></stem><stem n="tr6-3.1.4rt_f213e4,"><phr n="TR6-3.1.4Rt_F213E4,"><ent r="3" t="24" w="2762" /><ent r="3" t="24" w="2759" /></phr></stem><stem n="-3.1.4rt_f213e4,"><phr n="-3.1.4Rt_F213E4,"><ent r="3" t="24" w="2763" /><ent r="3" t="24" w="2763" /></phr></stem><stem n="2.4ghz"><phr n="2.4GHz"><ent r="3" t="24" w="2764" /><ent r="3" t="24" w="2763" /></phr></stem><stem n="4ghz"><phr n="4GHz"><ent r="3" t="24" w="2764" /></phr></stem><stem n="2.4ghz,"><phr n="2.4GHz,"><ent r="3" t="24" w="2764" /><ent r="3" t="24" w="2763" /></phr></stem><stem n=".4ghz,"><phr n=".4GHz,"><ent r="3" t="24" w="2765" /></phr></stem><stem n="0dbi"><phr n="0dBi"><ent r="3" t="24" w="2765" /></phr></stem><stem n="ext"><phr n="ext"><ent r="3" t="24" w="2766" /></phr></stem><stem n="antenna"><phr n="antenna"><ent r="3" t="24" w="2767" /><ent r="3" t="24" w="2823" /><ent r="3" t="24" w="2833" /></phr><phr n="Antenna"><ent r="3" t="24" w="2837" /></phr></stem><stem n="&quot;system"><phr n="&quot;system"><ent r="3" t="24" w="2812" /></phr></stem><stem n="&quot;$sysdescr&quot;"><phr n="&quot;$sysDescr&quot;"><ent r="3" t="24" w="2816" /></phr></stem><stem n="&quot;^fw"><phr n="&quot;^FW"><ent r="3" t="24" w="2817" /></phr></stem><stem n="^fw"><phr n="^FW"><ent r="3" t="24" w="2817" /></phr></stem><stem n="^"><phr n="^"><ent r="3" t="24" w="2818" /><ent r="6" t="24" w="2915" /></phr></stem><stem n="([^,]+),"><phr n="([^,]+),"><ent r="3" t="24" w="2820" /></phr></stem><stem n="hz"><phr n="Hz"><ent r="3" t="24" w="2821" /></phr></stem><stem n="(.+)hz,"><phr n="(.+)Hz,"><ent r="3" t="24" w="2822" /></phr></stem><stem n="(.+)"><phr n="(.+)"><ent r="3" t="24" w="2823" /></phr></stem><stem n=";&quot;${1}&quot;,"><phr n=";&quot;${1}&quot;,"><ent r="3" t="24" w="2826" /></phr></stem><stem n="&quot;firmware&quot;"><phr n="&quot;Firmware&quot;"><ent r="3" t="24" w="2828" /></phr></stem><stem n="frequenc"><phr n="frequency"><ent r="3" t="24" w="2828" /></phr><phr n="Frequency"><ent r="3" t="24" w="2832" /></phr></stem><stem n="&quot;${2}&quot;,"><phr n="&quot;${2}&quot;,"><ent r="3" t="24" w="2831" /></phr></stem><stem n="&quot;frequency&quot;"><phr n="&quot;Frequency&quot;"><ent r="3" t="24" w="2833" /></phr></stem><stem n="&quot;${3}&quot;,"><phr n="&quot;${3}&quot;,"><ent r="3" t="24" w="2836" /></phr></stem><stem n="&quot;antenna&quot;"><phr n="&quot;Antenna&quot;"><ent r="3" t="24" w="2838" /></phr></stem><stem n="(oid"><phr n="(OID"><ent r="4" t="24" w="2847" /></phr></stem><stem n=".3.6.1.2.1.1.1.0)"><phr n=".3.6.1.2.1.1.1.0)"><ent r="4" t="24" w="2858" /></phr></stem><stem n="$firmwar"><phr n="$firmware"><ent r="4" t="24" w="2870" /><ent r="6" t="24" w="2994" /></phr></stem><stem n="thing"><phr n="things"><ent r="4" t="24" w="2878" /><ent r="4" t="38" w="392" /><ent r="3" t="50" w="242" /></phr><phr n="thing"><ent r="3" t="27" w="295" /><ent r="3" t="42" w="88" /></phr></stem><stem n="go"><phr n="going"><ent r="4" t="24" w="2879" /><ent r="3" t="37" w="1230" /><ent r="4" t="37" w="1943" /><ent r="3" t="37" w="2413" /></phr><phr n="go"><ent r="3" t="27" w="85" /><ent r="3" t="35" w="1040" /><ent r="3" t="35" w="1603" /><ent r="65" t="52" w="131" /></phr></stem><stem n="&quot;=~&quot;"><phr n="&quot;=~&quot;"><ent r="6" t="24" w="2887" /></phr></stem><stem n="&quot;[^,]&quot;"><phr n="&quot;[^,]&quot;"><ent r="6" t="24" w="2916" /></phr></stem><stem n="&quot;+&quot;"><phr n="&quot;+&quot;"><ent r="6" t="24" w="2928" /></phr></stem><stem n="pattern"><phr n="pattern"><ent r="6" t="24" w="2930" /><ent r="6" t="24" w="2941" /><ent r="3" t="35" w="730" /></phr><phr n="patterns"><ent r="3" t="35" w="739" /></phr></stem><stem n="-comma"><phr n="-comma"><ent r="6" t="24" w="2934" /><ent r="6" t="24" w="2934" /></phr></stem><stem n="non-comma"><phr n="non-comma"><ent r="6" t="24" w="2934" /></phr></stem><stem n="serv"><phr n="serve"><ent r="6" t="24" w="2942" /></phr><phr n="served"><ent r="3" t="58" w="91" /></phr><phr n="serves"><ent r="3" t="71" w="57" /></phr></stem><stem n="memor"><phr n="memorize"><ent r="6" t="24" w="2944" /></phr></stem><stem n="paren"><phr n="paren"><ent r="6" t="24" w="2950" /><ent r="4" t="31" w="230" /></phr></stem><stem n="paren'"><phr n="paren's"><ent r="6" t="24" w="2951" /><ent r="6" t="24" w="2950" /><ent r="4" t="31" w="231" /><ent r="4" t="31" w="230" /></phr></stem><stem n="{1},"><phr n="{1},"><ent r="6" t="24" w="2964" /><ent r="4" t="35" w="827" /></phr></stem><stem n="{2},"><phr n="{2},"><ent r="6" t="24" w="2966" /><ent r="3" t="34" w="588" /><ent r="4" t="35" w="832" /></phr></stem><stem n="{3},"><phr n="{3},"><ent r="6" t="24" w="2968" /><ent r="3" t="34" w="590" /></phr></stem><stem n="semicolon"><phr n="semicolon"><ent r="6" t="24" w="2971" /></phr></stem><stem n="&quot;${1}&quot;"><phr n="&quot;${1}&quot;"><ent r="6" t="24" w="2976" /><ent r="3" t="34" w="526" /><ent r="3" t="35" w="940" /><ent r="3" t="35" w="955" /><ent r="3" t="35" w="970" /></phr></stem><stem n="{1}"><phr n="{1}"><ent r="6" t="24" w="2988" /><ent r="6" t="24" w="3003" /><ent r="3" t="34" w="575" /></phr></stem><stem n="$frequenc"><phr n="$frequency"><ent r="4" t="24" w="3007" /></phr></stem><stem n="(${2})."><phr n="(${2})."><ent r="4" t="24" w="3017" /></phr></stem><stem n="$antenna"><phr n="$antenna"><ent r="4" t="24" w="3021" /></phr></stem><stem n="(${3})."><phr n="(${3})."><ent r="4" t="24" w="3031" /></phr></stem><stem n="beyond"><phr n="beyond"><ent r="3" t="24" w="3036" /><ent r="3" t="37" w="976" /><ent r="3" t="37" w="1099" /></phr></stem><stem n="scope"><phr n="scope"><ent r="3" t="24" w="3038" /><ent r="4" t="26" w="273" /><ent r="3" t="37" w="978" /><ent r="3" t="37" w="1101" /></phr><phr n="Scoped"><ent r="4" t="26" w="264" /><ent r="3" t="26" w="346" /><ent r="3" t="26" w="391" /></phr><phr n="scoped"><ent r="3" t="26" w="285" /><ent r="3" t="26" w="312" /><ent r="3" t="26" w="399" /><ent r="4" t="26" w="616" /><ent r="3" t="26" w="1002" /></phr></stem><stem n="tutori"><phr n="tutorials"><ent r="3" t="24" w="3055" /></phr><phr n="Tutorial"><ent r="64" t="24" w="3068" /></phr><phr n="tutorial"><ent r="64" t="26" w="475" /><ent r="64" t="26" w="476" /><ent r="3" t="32" w="348" /><ent r="3" t="32" w="349" /><ent r="3" t="32" w="355" /><ent r="3" t="46" w="71" /></phr></stem><stem n="&quot;false&quot;"><phr n="&quot;false&quot;"><ent r="3" t="25" w="66" /></phr></stem><stem n="&quot;10&quot;"><phr n="&quot;10&quot;"><ent r="3" t="25" w="68" /><ent r="3" t="32" w="1141" /></phr></stem><stem n="interface_numb"><phr n="interface_numbered"><ent r="3" t="25" w="69" /><ent r="3" t="25" w="68" /><ent r="5" t="25" w="284" /><ent r="5" t="25" w="283" /></phr></stem><stem n="$ifdescr"><phr n="$ifDescr"><ent r="3" t="25" w="73" /><ent r="3" t="25" w="81" /><ent r="4" t="25" w="263" /></phr></stem><stem n="en2"><phr n="en2"><ent r="3" t="25" w="75" /><ent r="3" t="25" w="83" /></phr></stem></index>