<?xml version="1.0" encoding="utf-8"?><index><stem n="-acknowledg"><phr n="-acknowledged"><ent r="3" t="21" w="436" /><ent r="3" t="21" w="436" /><ent r="3" t="21" w="511" /><ent r="3" t="21" w="511" /></phr></stem><stem n="blue-acknowledg"><phr n="blue-acknowledged"><ent r="3" t="21" w="436" /></phr></stem><stem n="easi"><phr n="easy"><ent r="3" t="21" w="441" /><ent r="4" t="24" w="1298" /><ent r="3" t="40" w="532" /><ent r="4" t="49" w="380" /><ent r="4" t="65" w="200" /></phr></stem><stem n="glanc"><phr n="glance"><ent r="3" t="21" w="448" /></phr></stem><stem n="(work"><phr n="(working"><ent r="3" t="21" w="454" /></phr></stem><stem n="leav"><phr n="leaves"><ent r="3" t="21" w="501" /></phr><phr n="leave"><ent r="4" t="24" w="2285" /></phr></stem><stem n="un"><phr n="un"><ent r="3" t="21" w="511" /></phr></stem><stem n="un-acknowledg"><phr n="un-acknowledged"><ent r="3" t="21" w="511" /></phr></stem><stem n="sort"><phr n="sorted"><ent r="4" t="21" w="563" /><ent r="6" t="70" w="485" /></phr></stem><stem n="why"><phr n="why"><ent r="4" t="21" w="650" /></phr></stem><stem n="point'"><phr n="point's"><ent r="3" t="21" w="676" /><ent r="3" t="21" w="675" /><ent r="4" t="22" w="367" /><ent r="4" t="22" w="366" /><ent r="4" t="22" w="417" /><ent r="4" t="22" w="416" /><ent r="4" t="22" w="750" /><ent r="4" t="22" w="749" /></phr></stem><stem n="transit"><phr n="transition"><ent r="3" t="21" w="688" /></phr><phr n="Transitions"><ent r="82" t="22" w="635" /></phr></stem><stem n="scheme"><phr n="scheme"><ent r="3" t="21" w="707" /></phr></stem><stem n="ident"><phr n="identity"><ent r="3" t="21" w="714" /><ent r="3" t="21" w="716" /><ent r="4" t="21" w="857" /></phr><phr n="Identity"><ent r="5" t="21" w="854" /></phr><phr n="identically"><ent r="3" t="24" w="1840" /></phr><phr n="IDENTITY"><ent r="3" t="33" w="72" /><ent r="3" t="33" w="87" /></phr><phr n="identical"><ent r="4" t="37" w="1920" /><ent r="3" t="37" w="2390" /><ent r="6" t="70" w="2305" /></phr></stem><stem n="method"><phr n="method"><ent r="3" t="21" w="724" /></phr></stem><stem n="(sound,"><phr n="(sound,"><ent r="3" t="21" w="726" /></phr></stem><stem n="desir"><phr n="desired"><ent r="3" t="21" w="738" /><ent r="3" t="37" w="2462" /><ent r="3" t="54" w="532" /><ent r="3" t="66" w="43" /><ent r="3" t="66" w="53" /><ent r="6" t="70" w="1316" /><ent r="3" t="70" w="1631" /></phr></stem><stem n="repeat"><phr n="repeats"><ent r="3" t="21" w="747" /></phr><phr n="repeat"><ent r="3" t="23" w="88" /><ent r="3" t="23" w="103" /><ent r="3" t="23" w="108" /><ent r="3" t="23" w="118" /><ent r="3" t="23" w="138" /><ent r="3" t="23" w="150" /><ent r="3" t="23" w="152" /><ent r="3" t="23" w="165" /></phr><phr n="repeated"><ent r="3" t="23" w="136" /></phr></stem><stem n="delai"><phr n="delays"><ent r="3" t="21" w="748" /></phr><phr n="delay"><ent r="3" t="23" w="87" /><ent r="3" t="23" w="102" /><ent r="3" t="23" w="116" /></phr><phr n="Delay"><ent r="3" t="23" w="106" /></phr></stem><stem n="mainten"><phr n="maintenance"><ent r="100" t="21" w="805" /><ent r="3" t="21" w="808" /></phr></stem><stem n="mode"><phr n="mode"><ent r="100" t="21" w="806" /><ent r="3" t="21" w="809" /><ent r="3" t="37" w="1318" /><ent r="3" t="37" w="1349" /><ent r="4" t="37" w="2201" /><ent r="3" t="37" w="2319" /><ent r="4" t="37" w="2886" /><ent r="3" t="46" w="96" /><ent r="3" t="55" w="107" /><ent r="3" t="56" w="538" /></phr></stem><stem n="-delimit"><phr n="-delimited"><ent r="3" t="21" w="815" /><ent r="3" t="21" w="815" /><ent r="4" t="22" w="248" /><ent r="4" t="22" w="248" /><ent r="4" t="59" w="128" /><ent r="4" t="59" w="128" /><ent r="4" t="59" w="137" /><ent r="4" t="59" w="137" /><ent r="3" t="59" w="235" /><ent r="3" t="59" w="235" /></phr><phr n="-delimiter"><ent r="6" t="70" w="1212" /><ent r="6" t="70" w="1212" /></phr></stem><stem n="tab"><phr n="tab"><ent r="3" t="21" w="815" /><ent r="3" t="35" w="607" /><ent r="4" t="59" w="124" /><ent r="4" t="59" w="128" /><ent r="3" t="59" w="222" /><ent r="3" t="59" w="235" /><ent r="3" t="59" w="246" /><ent r="3" t="60" w="191" /></phr><phr n="Tab"><ent r="100" t="35" w="538" /><ent r="5" t="35" w="541" /><ent r="100" t="35" w="556" /><ent r="5" t="35" w="559" /></phr></stem><stem n="tab-delimit"><phr n="tab-delimited"><ent r="3" t="21" w="815" /><ent r="4" t="59" w="128" /><ent r="3" t="59" w="235" /></phr></stem><stem n="delimit"><phr n="delimited"><ent r="3" t="21" w="816" /><ent r="4" t="22" w="249" /><ent r="4" t="59" w="129" /><ent r="4" t="59" w="138" /><ent r="3" t="59" w="236" /></phr><phr n="delimiters"><ent r="3" t="37" w="1052" /><ent r="4" t="37" w="2250" /></phr><phr n="delimiter"><ent r="6" t="70" w="1213" /></phr></stem><stem n="-time"><phr n="-time"><ent r="5" t="21" w="822" /><ent r="5" t="21" w="822" /></phr></stem><stem n="date"><phr n="Date"><ent r="5" t="21" w="822" /><ent r="4" t="21" w="825" /><ent r="4" t="24" w="1694" /><ent r="4" t="24" w="1803" /><ent r="5" t="31" w="161" /><ent r="100" t="68" w="465" /><ent r="8" t="70" w="390" /><ent r="8" t="70" w="971" /></phr><phr n="date"><ent r="4" t="24" w="790" /><ent r="4" t="24" w="816" /><ent r="3" t="24" w="1621" /><ent r="3" t="24" w="1901" /><ent r="3" t="28" w="249" /><ent r="4" t="31" w="173" /><ent r="3" t="33" w="189" /><ent r="5" t="51" w="106" /><ent r="3" t="63" w="13" /><ent r="3" t="66" w="265" /><ent r="3" t="66" w="271" /><ent r="4" t="66" w="332" /><ent r="4" t="66" w="339" /><ent r="7" t="68" w="470" /><ent r="7" t="70" w="792" /><ent r="6" t="70" w="796" /></phr><phr n="dates"><ent r="3" t="24" w="1919" /></phr></stem><stem n="date-tim"><phr n="Date-time"><ent r="5" t="21" w="822" /></phr></stem><stem n="-charact"><phr n="-character"><ent r="4" t="21" w="842" /><ent r="4" t="21" w="842" /><ent r="4" t="22" w="337" /><ent r="4" t="22" w="337" /></phr></stem><stem n="five-charact"><phr n="five-character"><ent r="4" t="21" w="842" /><ent r="4" t="22" w="337" /></phr></stem><stem n="(clear,"><phr n="(clear,"><ent r="4" t="21" w="849" /></phr></stem><stem n="crit"><phr n="crit"><ent r="4" t="21" w="851" /><ent r="3" t="47" w="589" /></phr><phr n="CRIT"><ent r="4" t="22" w="381" /><ent r="3" t="37" w="3413" /></phr></stem><stem n="unkn"><phr n="unkn"><ent r="4" t="21" w="852" /></phr></stem><stem n="mapnam"><phr n="MapName"><ent r="4" t="21" w="876" /></phr><phr n="mapname"><ent r="7" t="70" w="603" /><ent r="7" t="70" w="869" /><ent r="7" t="70" w="1911" /></phr><phr n="Mapname"><ent r="100" t="70" w="866" /></phr></stem><stem n="pointnam"><phr n="PointName"><ent r="4" t="21" w="878" /></phr></stem><stem n=":devicename:pointname)"><phr n=":DeviceName:PointName)"><ent r="4" t="21" w="879" /></phr></stem><stem n="-text"><phr n="-text"><ent r="5" t="21" w="880" /><ent r="5" t="21" w="880" /></phr></stem><stem n="explanatori"><phr n="Explanatory"><ent r="5" t="21" w="880" /></phr></stem><stem n="explanatory-text"><phr n="Explanatory-text"><ent r="5" t="21" w="880" /></phr></stem><stem n="-descript"><phr n="-description"><ent r="4" t="21" w="887" /><ent r="4" t="21" w="887" /></phr></stem><stem n="result-descript"><phr n="result-description"><ent r="4" t="21" w="887" /></phr></stem><stem n="condition-to"><phr n="condition-to"><ent r="3" t="22" w="34" /></phr><phr n="Condition-to"><ent r="3" t="22" w="54" /><ent r="5" t="22" w="149" /><ent r="4" t="22" w="235" /><ent r="3" t="23" w="174" /></phr></stem><stem n="condition-to-test"><phr n="condition-to-test"><ent r="3" t="22" w="34" /></phr><phr n="Condition-to-Test"><ent r="3" t="22" w="54" /><ent r="3" t="23" w="174" /></phr><phr n="Condition-to-test"><ent r="5" t="22" w="149" /><ent r="4" t="22" w="235" /></phr></stem><stem n="to-test"><phr n="to-test"><ent r="3" t="22" w="35" /><ent r="5" t="22" w="150" /><ent r="4" t="22" w="236" /></phr><phr n="to-Test"><ent r="3" t="22" w="55" /><ent r="3" t="23" w="175" /></phr></stem><stem n="(condition-to-test)"><phr n="(condition-to-test)"><ent r="3" t="22" w="37" /></phr><phr n="(Condition-to-Test)"><ent r="3" t="22" w="57" /><ent r="3" t="23" w="177" /></phr></stem><stem n="-string"><phr n="-String"><ent r="3" t="22" w="37" /><ent r="3" t="22" w="37" /><ent r="3" t="22" w="57" /><ent r="3" t="22" w="57" /><ent r="5" t="22" w="222" /><ent r="5" t="22" w="222" /><ent r="3" t="23" w="177" /><ent r="3" t="23" w="177" /></phr><phr n="-string"><ent r="3" t="22" w="995" /><ent r="3" t="22" w="995" /><ent r="3" t="22" w="1025" /><ent r="3" t="22" w="1025" /><ent r="3" t="22" w="1089" /><ent r="3" t="22" w="1089" /><ent r="3" t="22" w="1106" /><ent r="3" t="22" w="1106" /></phr></stem><stem n="condition-str"><phr n="Condition-String"><ent r="3" t="22" w="37" /><ent r="3" t="22" w="57" /><ent r="5" t="22" w="222" /><ent r="3" t="23" w="177" /></phr><phr n="condition-string"><ent r="3" t="22" w="995" /><ent r="3" t="22" w="1025" /><ent r="3" t="22" w="1089" /><ent r="3" t="22" w="1106" /></phr></stem><stem n="["><phr n="["><ent r="3" t="22" w="39" /><ent r="3" t="23" w="31" /><ent r="4" t="31" w="165" /><ent r="4" t="31" w="188" /><ent r="4" t="31" w="211" /><ent r="4" t="31" w="306" /><ent r="4" t="37" w="1005" /><ent r="3" t="61" w="529" /><ent r="3" t="61" w="613" /></phr></stem><stem n="-list"><phr n="-list"><ent r="3" t="22" w="40" /><ent r="3" t="22" w="40" /><ent r="5" t="22" w="242" /><ent r="5" t="22" w="242" /><ent r="3" t="23" w="48" /><ent r="3" t="23" w="48" /></phr><phr n="-List"><ent r="3" t="22" w="60" /><ent r="3" t="22" w="60" /><ent r="3" t="22" w="998" /><ent r="3" t="22" w="998" /><ent r="3" t="22" w="1092" /><ent r="3" t="22" w="1092" /><ent r="3" t="22" w="1099" /><ent r="3" t="22" w="1099" /><ent r="3" t="23" w="180" /><ent r="3" t="23" w="180" /></phr><phr n="-lists"><ent r="6" t="70" w="620" /><ent r="6" t="70" w="620" /></phr></stem><stem n="notifier-list"><phr n="Notifier-list"><ent r="3" t="22" w="40" /><ent r="5" t="22" w="242" /></phr><phr n="Notifier-List"><ent r="3" t="22" w="998" /><ent r="3" t="22" w="1037" /><ent r="3" t="22" w="1092" /><ent r="3" t="22" w="1099" /></phr><phr n="notifier-list"><ent r="3" t="23" w="48" /></phr></stem><stem n="notifer-list"><phr n="Notifer-List"><ent r="3" t="22" w="60" /><ent r="3" t="23" w="180" /></phr></stem><stem n="sitetemp"><phr n="SiteTemp"><ent r="3" t="22" w="62" /><ent r="3" t="22" w="72" /><ent r="4" t="22" w="364" /><ent r="5" t="22" w="373" /><ent r="4" t="22" w="414" /><ent r="5" t="22" w="423" /><ent r="3" t="23" w="183" /><ent r="3" t="23" w="194" /><ent r="3" t="23" w="232" /></phr></stem><stem n="($temp"><phr n="($Temp"><ent r="3" t="22" w="64" /><ent r="3" t="22" w="74" /><ent r="3" t="23" w="185" /><ent r="3" t="23" w="196" /></phr></stem><stem n="$criticalhightemp"><phr n="$CriticalHighTemp"><ent r="3" t="22" w="66" /><ent r="4" t="22" w="166" /><ent r="4" t="22" w="212" /><ent r="3" t="23" w="187" /></phr></stem><stem n="very_high"><phr n="VERY_HIGH"><ent r="3" t="22" w="68" /><ent r="3" t="22" w="67" /><ent r="4" t="22" w="433" /><ent r="4" t="22" w="432" /><ent r="3" t="23" w="189" /><ent r="3" t="23" w="188" /></phr></stem><stem n="very_high_temp"><phr n="VERY_HIGH_TEMP"><ent r="3" t="22" w="69" /><ent r="3" t="22" w="67" /><ent r="4" t="22" w="434" /><ent r="4" t="22" w="432" /><ent r="3" t="23" w="190" /><ent r="3" t="23" w="188" /></phr></stem><stem n="&quot;very_high_temp&quot;"><phr n="&quot;VERY_HIGH_TEMP&quot;"><ent r="3" t="22" w="70" /><ent r="3" t="23" w="191" /></phr></stem><stem n="pagefr"><phr n="PageFred"><ent r="3" t="22" w="71" /><ent r="3" t="22" w="80" /><ent r="3" t="23" w="192" /><ent r="3" t="23" w="202" /><ent r="3" t="23" w="213" /><ent r="3" t="23" w="236" /><ent r="3" t="23" w="252" /></phr></stem><stem n="$majorhightemp"><phr n="$MajorHighTemp"><ent r="3" t="22" w="76" /><ent r="4" t="22" w="214" /><ent r="3" t="23" w="198" /></phr></stem><stem n="high_temp"><phr n="HIGH_TEMP"><ent r="3" t="22" w="78" /><ent r="3" t="22" w="77" /><ent r="3" t="23" w="200" /><ent r="3" t="23" w="199" /></phr></stem><stem n="&quot;high_temp&quot;"><phr n="&quot;HIGH_TEMP&quot;"><ent r="3" t="22" w="79" /><ent r="3" t="23" w="201" /></phr></stem><stem n="/snmp-device-alarmpoints&gt;"><phr n="/snmp-device-alarmpoints&gt;"><ent r="3" t="22" w="83" /><ent r="3" t="22" w="1544" /><ent r="3" t="23" w="205" /></phr></stem><stem n="snmp-device-alarmpoints&gt;"><phr n="snmp-device-alarmpoints&gt;"><ent r="3" t="22" w="83" /><ent r="3" t="22" w="1544" /><ent r="3" t="23" w="205" /></phr></stem><stem n="'critical',"><phr n="'critical',"><ent r="4" t="22" w="134" /></phr></stem><stem n="'major',"><phr n="'major',"><ent r="4" t="22" w="135" /></phr></stem><stem n="'minor'"><phr n="'minor'"><ent r="4" t="22" w="136" /></phr></stem><stem n="'clear'."><phr n="'clear'."><ent r="4" t="22" w="138" /></phr></stem><stem n="-to-test"><phr n="-to-test"><ent r="5" t="22" w="149" /><ent r="5" t="22" w="150" /><ent r="4" t="22" w="235" /><ent r="4" t="22" w="236" /></phr></stem><stem n=".g."><phr n=".g."><ent r="4" t="22" w="164" /><ent r="4" t="24" w="438" /><ent r="4" t="24" w="637" /><ent r="3" t="37" w="4368" /></phr></stem><stem n="&quot;($temp"><phr n="&quot;($Temp"><ent r="4" t="22" w="164" /></phr></stem><stem n=")&quot;"><phr n=")&quot;"><ent r="4" t="22" w="167" /><ent r="4" t="55" w="1194" /><ent r="4" t="55" w="1216" /><ent r="3" t="56" w="583" /></phr></stem><stem n="valid"><phr n="valid"><ent r="4" t="22" w="198" /><ent r="3" t="58" w="377" /><ent r="3" t="59" w="168" /></phr></stem><stem n="comma-delimit"><phr n="comma-delimited"><ent r="4" t="22" w="248" /><ent r="4" t="59" w="137" /></phr><phr n="comma-delimiter"><ent r="6" t="70" w="1212" /></phr></stem><stem n="&quot;intermapp"><phr n="&quot;InterMapper"><ent r="4" t="22" w="263" /></phr></stem><stem n="-device-notifiers&gt;"><phr n="-device-notifiers&gt;"><ent r="4" t="22" w="268" /><ent r="4" t="22" w="269" /><ent r="3" t="22" w="1380" /><ent r="3" t="22" w="1381" /><ent r="4" t="23" w="16" /><ent r="4" t="23" w="17" /><ent r="3" t="23" w="209" /><ent r="3" t="23" w="210" /><ent r="4" t="23" w="244" /><ent r="4" t="23" w="245" /></phr></stem><stem n="&lt;snmp-device-notifiers&gt;"><phr n="&lt;snmp-device-notifiers&gt;"><ent r="4" t="22" w="268" /><ent r="3" t="22" w="1380" /><ent r="4" t="23" w="16" /><ent r="3" t="23" w="209" /><ent r="4" t="23" w="244" /></phr></stem><stem n="device-notifiers&gt;"><phr n="device-notifiers&gt;"><ent r="4" t="22" w="269" /><ent r="3" t="22" w="1381" /><ent r="3" t="22" w="1390" /><ent r="4" t="23" w="17" /><ent r="3" t="23" w="210" /><ent r="3" t="23" w="223" /><ent r="4" t="23" w="245" /></phr></stem><stem n="notifiers&gt;"><phr n="notifiers&gt;"><ent r="4" t="22" w="270" /><ent r="3" t="22" w="1382" /><ent r="3" t="22" w="1391" /><ent r="4" t="23" w="18" /><ent r="3" t="23" w="211" /><ent r="3" t="23" w="224" /><ent r="4" t="23" w="246" /></phr></stem><stem n="scan"><phr n="scans"><ent r="3" t="22" w="280" /><ent r="3" t="37" w="4192" /><ent r="3" t="51" w="56" /></phr><phr n="Scanning"><ent r="100" t="37" w="55" /><ent r="100" t="37" w="2252" /></phr><phr n="scanning"><ent r="100" t="37" w="2257" /><ent r="4" t="37" w="2265" /></phr><phr n="Scan"><ent r="3" t="49" w="678" /></phr></stem><stem n="&quot;triggers&quot;."><phr n="&quot;triggers&quot;."><ent r="3" t="22" w="299" /></phr></stem><stem n="alarmpointnam"><phr n="alarmpointname"><ent r="5" t="22" w="328" /><ent r="5" t="22" w="392" /></phr></stem><stem n="{alarmpointname}"><phr n="{alarmpointname}"><ent r="5" t="22" w="329" /></phr></stem><stem n="alarmpoint"><phr n="alarmpoint"><ent r="4" t="22" w="332" /><ent r="4" t="22" w="354" /><ent r="4" t="22" w="397" /></phr><phr n="AlarmPoint"><ent r="92" t="22" w="452" /></phr></stem><stem n="alarmpoint'"><phr n="alarmpoint's"><ent r="4" t="22" w="333" /><ent r="4" t="22" w="332" /><ent r="4" t="22" w="398" /><ent r="4" t="22" w="397" /></phr></stem><stem n="{...}."><phr n="{...}."><ent r="4" t="22" w="359" /></phr></stem><stem n="(above),"><phr n="(above),"><ent r="4" t="22" w="370" /></phr></stem><stem n="{sitetemp}"><phr n="{SiteTemp}"><ent r="5" t="22" w="374" /></phr></stem><stem n="&quot;crit"><phr n="&quot;CRIT"><ent r="4" t="22" w="381" /></phr></stem><stem n="&quot;major&quot;,"><phr n="&quot;MAJOR&quot;,"><ent r="4" t="22" w="383" /></phr></stem><stem n="&quot;minor&quot;,"><phr n="&quot;MINOR&quot;,"><ent r="4" t="22" w="384" /></phr></stem><stem n="&quot;clear&quot;,"><phr n="&quot;CLEAR&quot;,"><ent r="4" t="22" w="386" /></phr></stem><stem n="{alarmpointname:condition}"><phr n="{alarmpointname:condition}"><ent r="5" t="22" w="394" /></phr></stem><stem n="{sitetemp:condition}"><phr n="{SiteTemp:condition}"><ent r="5" t="22" w="425" /></phr></stem><stem n="&quot;very_high_temp&quot;."><phr n="&quot;VERY_HIGH_TEMP&quot;."><ent r="4" t="22" w="435" /></phr></stem><stem n="perman"><phr n="permanently"><ent r="3" t="22" w="477" /></phr><phr n="permanent"><ent r="4" t="22" w="820" /></phr></stem><stem n="temporarili"><phr n="temporarily"><ent r="3" t="22" w="479" /><ent r="4" t="22" w="832" /></phr></stem><stem n="reset"><phr n="reset"><ent r="3" t="22" w="482" /><ent r="3" t="22" w="579" /><ent r="3" t="22" w="952" /><ent r="3" t="22" w="992" /><ent r="3" t="22" w="993" /><ent r="3" t="22" w="1002" /><ent r="3" t="22" w="1402" /><ent r="3" t="22" w="1426" /><ent r="3" t="22" w="1430" /><ent r="3" t="22" w="1483" /><ent r="3" t="22" w="1487" /><ent r="3" t="22" w="1518" /></phr><phr n="Resetting"><ent r="5" t="22" w="759" /><ent r="83" t="22" w="859" /></phr><phr n="Reset"><ent r="5" t="22" w="771" /><ent r="5" t="22" w="808" /></phr><phr n="resets"><ent r="3" t="22" w="955" /><ent r="4" t="35" w="842" /></phr><phr n="resetting"><ent r="3" t="22" w="1409" /></phr></stem><stem n="i."><phr n="i.e"><ent r="4" t="22" w="506" /><ent r="4" t="22" w="505" /><ent r="3" t="26" w="295" /><ent r="3" t="26" w="294" /><ent r="3" t="37" w="3967" /><ent r="3" t="37" w="3966" /><ent r="3" t="56" w="377" /><ent r="3" t="56" w="376" /></phr></stem><stem n="i.e."><phr n="i.e."><ent r="4" t="22" w="506" /><ent r="4" t="22" w="505" /><ent r="3" t="26" w="295" /><ent r="3" t="26" w="294" /><ent r="3" t="37" w="3967" /><ent r="3" t="37" w="3966" /><ent r="3" t="56" w="377" /><ent r="3" t="56" w="376" /></phr></stem><stem n="(i.e.,"><phr n="(i.e.,"><ent r="4" t="22" w="507" /></phr></stem><stem n="recent"><phr n="recently"><ent r="5" t="22" w="517" /><ent r="3" t="22" w="559" /><ent r="3" t="37" w="200" /></phr><phr n="recent"><ent r="4" t="37" w="898" /><ent r="3" t="37" w="3625" /><ent r="4" t="37" w="3650" /><ent r="3" t="51" w="84" /></phr></stem><stem n="clutter"><phr n="clutter"><ent r="3" t="22" w="529" /></phr></stem><stem n="interest"><phr n="interesting"><ent r="3" t="22" w="540" /><ent r="4" t="49" w="369" /></phr></stem><stem n="(all"><phr n="(All"><ent r="3" t="22" w="542" /></phr><phr n="(all"><ent r="6" t="24" w="2591" /></phr></stem><stem n="assum"><phr n="assumed"><ent r="3" t="22" w="548" /></phr><phr n="assume"><ent r="3" t="26" w="729" /><ent r="3" t="61" w="59" /></phr><phr n="assumes"><ent r="3" t="61" w="145" /><ent r="3" t="61" w="227" /><ent r="3" t="61" w="326" /></phr></stem><stem n="&quot;recent"><phr n="&quot;recently"><ent r="3" t="22" w="559" /></phr></stem><stem n="qualifi"><phr n="qualifier"><ent r="3" t="22" w="562" /></phr></stem><stem n="deserv"><phr n="deserves"><ent r="3" t="22" w="563" /></phr></stem><stem n="explan"><phr n="explanation"><ent r="3" t="22" w="564" /></phr><phr n="Explanation"><ent r="82" t="37" w="4101" /></phr></stem><stem n="&quot;reset"><phr n="&quot;reset"><ent r="3" t="22" w="579" /></phr></stem><stem n="(&quot;_&quot;)"><phr n="(&quot;_&quot;)"><ent r="3" t="22" w="599" /></phr></stem><stem n="(henc"><phr n="(hence"><ent r="3" t="22" w="604" /></phr></stem><stem n="henc"><phr n="hence"><ent r="3" t="22" w="604" /></phr></stem><stem n="swo"><phr n="SWO"><ent r="3" t="22" w="612" /><ent r="3" t="22" w="614" /><ent r="3" t="22" w="622" /><ent r="3" t="22" w="624" /></phr></stem><stem n="swo_proc"><phr n="SWO_PROC"><ent r="3" t="22" w="613" /><ent r="3" t="22" w="612" /><ent r="3" t="22" w="623" /><ent r="3" t="22" w="622" /></phr></stem><stem n="proc"><phr n="PROC"><ent r="3" t="22" w="613" /><ent r="3" t="22" w="615" /><ent r="3" t="22" w="623" /><ent r="3" t="22" w="625" /></phr></stem><stem n="swo_proc_swo"><phr n="SWO_PROC_SWO"><ent r="3" t="22" w="614" /><ent r="3" t="22" w="612" /><ent r="3" t="22" w="624" /><ent r="3" t="22" w="622" /></phr></stem><stem n="_swo_proc_swo_proc"><phr n="_SWO_PROC_SWO_PROC"><ent r="3" t="22" w="615" /></phr></stem><stem n="swo_proc_swo_proc"><phr n="SWO_PROC_SWO_PROC"><ent r="3" t="22" w="615" /><ent r="3" t="22" w="612" /><ent r="3" t="22" w="625" /><ent r="3" t="22" w="622" /></phr></stem><stem n="wherea"><phr n="whereas"><ent r="3" t="22" w="621" /></phr></stem><stem n="_proc_swo_proc"><phr n="_PROC_SWO_PROC"><ent r="3" t="22" w="625" /></phr></stem><stem n="unknown"><phr n="Unknown"><ent r="4" t="22" w="651" /><ent r="3" t="22" w="976" /><ent r="3" t="49" w="876" /></phr><phr n="unknown"><ent r="3" t="35" w="1712" /><ent r="3" t="42" w="160" /><ent r="3" t="44" w="668" /></phr></stem><stem n="grei"><phr n="grey"><ent r="4" t="22" w="652" /><ent r="3" t="22" w="947" /></phr></stem><stem n="(grey)"><phr n="(grey)"><ent r="4" t="22" w="653" /></phr></stem><stem n="-underscor"><phr n="-underscore"><ent r="4" t="22" w="693" /><ent r="4" t="22" w="693" /><ent r="4" t="22" w="826" /><ent r="4" t="22" w="826" /><ent r="4" t="22" w="835" /><ent r="4" t="22" w="835" /></phr></stem><stem n="non-underscor"><phr n="non-underscore"><ent r="4" t="22" w="693" /><ent r="4" t="22" w="826" /><ent r="4" t="22" w="835" /></phr></stem><stem n="proper"><phr n="proper"><ent r="4" t="22" w="712" /><ent r="4" t="46" w="158" /><ent r="4" t="49" w="220" /><ent r="3" t="49" w="565" /><ent r="4" t="54" w="238" /><ent r="3" t="54" w="422" /><ent r="3" t="60" w="137" /><ent r="3" t="61" w="673" /></phr></stem><stem n="color/sever"><phr n="color/severity"><ent r="4" t="22" w="714" /><ent r="4" t="22" w="713" /></phr></stem><stem n="color/severity."><phr n="color/severity."><ent r="4" t="22" w="714" /><ent r="4" t="22" w="713" /></phr></stem><stem n="/severity."><phr n="/severity."><ent r="4" t="22" w="715" /></phr></stem><stem n="alarmpointlist'"><phr n="AlarmPointList's"><ent r="4" t="22" w="769" /><ent r="4" t="22" w="768" /></phr></stem><stem n="(not"><phr n="(not"><ent r="4" t="22" w="797" /><ent r="3" t="26" w="118" /><ent r="3" t="26" w="130" /></phr></stem><stem n="&quot;underscore&quot;"><phr n="&quot;underscore&quot;"><ent r="4" t="22" w="824" /><ent r="3" t="22" w="1229" /></phr></stem><stem n="reappear"><phr n="reappear"><ent r="4" t="22" w="839" /></phr></stem><stem n="(unless"><phr n="(unless"><ent r="4" t="22" w="848" /></phr></stem><stem n="neutral"><phr n="Neutral"><ent r="83" t="22" w="861" /></phr></stem><stem n="&quot;startup&quot;"><phr n="&quot;Startup&quot;"><ent r="3" t="22" w="881" /></phr></stem><stem n="-synchron"><phr n="-synchronizing"><ent r="3" t="22" w="891" /><ent r="3" t="22" w="891" /></phr></stem><stem n="re-synchron"><phr n="re-synchronizing"><ent r="3" t="22" w="891" /></phr></stem><stem n="synchron"><phr n="synchronizing"><ent r="3" t="22" w="892" /></phr><phr n="synchronization"><ent r="3" t="61" w="95" /></phr><phr n="Synchronize"><ent r="3" t="61" w="465" /><ent r="3" t="61" w="878" /></phr><phr n="synchronize"><ent r="3" t="61" w="931" /></phr></stem><stem n="notion"><phr n="notion"><ent r="3" t="22" w="895" /></phr></stem><stem n="&quot;i"><phr n="&quot;I"><ent r="3" t="22" w="910" /></phr></stem><stem n="(perhap"><phr n="(perhaps"><ent r="3" t="22" w="919" /></phr></stem><stem n="gone"><phr n="gone"><ent r="3" t="22" w="923" /></phr></stem><stem n="came"><phr n="came"><ent r="3" t="22" w="927" /></phr></stem><stem n="lack"><phr n="lack"><ent r="3" t="22" w="934" /></phr></stem><stem n="certainti"><phr n="certainty"><ent r="3" t="22" w="936" /></phr></stem><stem n="&quot;reset&quot;"><phr n="&quot;reset&quot;"><ent r="3" t="22" w="953" /></phr></stem><stem n="&quot;power"><phr n="&quot;power"><ent r="3" t="22" w="960" /></phr></stem><stem n="never"><phr n="never"><ent r="3" t="22" w="983" /><ent r="3" t="22" w="1076" /><ent r="3" t="22" w="1256" /><ent r="3" t="29" w="156" /><ent r="3" t="29" w="162" /></phr></stem><stem n="deviceresetrul"><phr n="DeviceResetRule"><ent r="3" t="22" w="991" /></phr></stem><stem n="-condit"><phr n="-condition"><ent r="3" t="22" w="993" /><ent r="3" t="22" w="993" /><ent r="3" t="22" w="1002" /><ent r="3" t="22" w="1002" /><ent r="3" t="22" w="1087" /><ent r="3" t="22" w="1087" /></phr><phr n="-Conditional"><ent r="92" t="26" w="817" /><ent r="92" t="26" w="817" /></phr><phr n="-conditional"><ent r="3" t="26" w="822" /><ent r="3" t="26" w="822" /><ent r="3" t="26" w="1009" /><ent r="3" t="26" w="1009" /></phr></stem><stem n="reset-condit"><phr n="reset-condition"><ent r="3" t="22" w="993" /><ent r="3" t="22" w="1002" /></phr></stem><stem n="-list."><phr n="-List."><ent r="3" t="22" w="1039" /><ent r="3" t="22" w="1039" /></phr></stem><stem n="break"><phr n="Break"><ent r="3" t="22" w="1051" /></phr><phr n="break"><ent r="3" t="22" w="1086" /><ent r="3" t="22" w="1087" /><ent r="3" t="22" w="1097" /><ent r="3" t="22" w="1268" /><ent r="3" t="22" w="1452" /><ent r="3" t="22" w="1456" /><ent r="3" t="22" w="1491" /><ent r="3" t="22" w="1495" /><ent r="3" t="22" w="1526" /><ent r="6" t="68" w="381" /><ent r="6" t="70" w="749" /></phr><phr n="breaks"><ent r="6" t="24" w="2907" /></phr></stem><stem n="&quot;break&quot;"><phr n="&quot;Break&quot;"><ent r="3" t="22" w="1052" /></phr></stem><stem n="abort"><phr n="abort"><ent r="3" t="22" w="1055" /></phr></stem><stem n="ever"><phr n="ever"><ent r="3" t="22" w="1066" /><ent r="3" t="49" w="16" /></phr></stem><stem n="breakrul"><phr n="BreakRule"><ent r="3" t="22" w="1085" /></phr></stem><stem n="break-condit"><phr n="break-condition"><ent r="3" t="22" w="1087" /></phr></stem><stem n="everytim"><phr n="everytime"><ent r="3" t="22" w="1118" /></phr></stem><stem n="fire"><phr n="fires"><ent r="3" t="22" w="1121" /></phr></stem><stem n="debug"><phr n="debugging"><ent r="3" t="22" w="1126" /><ent r="3" t="49" w="732" /><ent r="6" t="68" w="325" /><ent r="6" t="68" w="624" /></phr><phr n="Debug"><ent r="3" t="53" w="87" /><ent r="92" t="54" w="40" /><ent r="3" t="54" w="124" /><ent r="100" t="54" w="307" /><ent r="100" t="54" w="310" /><ent r="3" t="54" w="316" /><ent r="3" t="54" w="473" /><ent r="100" t="55" w="7" /><ent r="100" t="55" w="177" /><ent r="5" t="55" w="753" /><ent r="4" t="55" w="771" /><ent r="4" t="55" w="817" /><ent r="3" t="56" w="24" /><ent r="3" t="56" w="162" /></phr><phr n="Debugging"><ent r="1000" t="55" w="1" /><ent r="102" t="55" w="39" /></phr><phr n="debug"><ent r="3" t="55" w="106" /></phr></stem><stem n="decrib"><phr n="decribed"><ent r="3" t="22" w="1141" /></phr></stem><stem n="net"><phr n="net"><ent r="3" t="22" w="1149" /><ent r="3" t="26" w="464" /><ent r="64" t="26" w="472" /><ent r="3" t="32" w="305" /><ent r="3" t="32" w="337" /><ent r="3" t="32" w="345" /><ent r="3" t="32" w="362" /><ent r="64" t="47" w="405" /><ent r="3" t="54" w="335" /></phr><phr n="Net"><ent r="3" t="26" w="134" /></phr><phr n="NET"><ent r="3" t="26" w="495" /><ent r="3" t="26" w="513" /></phr></stem><stem n="net-snmp"><phr n="net-snmp"><ent r="3" t="22" w="1149" /><ent r="3" t="26" w="464" /><ent r="64" t="26" w="472" /><ent r="3" t="32" w="305" /><ent r="3" t="32" w="337" /><ent r="3" t="32" w="345" /><ent r="3" t="32" w="362" /></phr><phr n="Net-SNMP"><ent r="3" t="26" w="134" /></phr><phr n="NET-SNMP"><ent r="3" t="26" w="495" /><ent r="3" t="26" w="513" /></phr></stem><stem n="snmptrap"><phr n="snmptrap"><ent r="4" t="22" w="1152" /><ent r="3" t="22" w="1174" /><ent r="3" t="32" w="308" /><ent r="3" t="32" w="332" /><ent r="3" t="32" w="352" /><ent r="3" t="32" w="369" /><ent r="3" t="32" w="420" /><ent r="3" t="32" w="434" /><ent r="3" t="32" w="573" /><ent r="3" t="32" w="587" /><ent r="3" t="32" w="718" /><ent r="3" t="32" w="828" /><ent r="3" t="32" w="1016" /></phr></stem></index>