<?xml version="1.0" encoding="utf-8"?><index><stem n="[chart"><phr n="[Chart"><ent r="3" t="16" w="404" /></phr></stem><stem n="repres"><phr n="represent"><ent r="4" t="16" w="423" /><ent r="3" t="16" w="1913" /><ent r="4" t="19" w="166" /><ent r="3" t="19" w="501" /><ent r="4" t="19" w="777" /><ent r="3" t="77" w="22" /></phr><phr n="represented"><ent r="6" t="16" w="647" /><ent r="4" t="16" w="1660" /><ent r="4" t="19" w="227" /><ent r="3" t="19" w="472" /><ent r="4" t="24" w="812" /><ent r="3" t="24" w="1897" /><ent r="3" t="37" w="2833" /></phr><phr n="represents"><ent r="3" t="16" w="1955" /><ent r="3" t="16" w="1960" /><ent r="3" t="16" w="1964" /><ent r="3" t="19" w="462" /><ent r="4" t="19" w="882" /><ent r="3" t="40" w="1234" /><ent r="4" t="41" w="209" /><ent r="3" t="41" w="471" /></phr><phr n="representing"><ent r="3" t="24" w="1016" /><ent r="3" t="24" w="1075" /><ent r="3" t="24" w="2368" /></phr><phr n="Represents"><ent r="4" t="29" w="381" /></phr></stem><stem n="topic"><phr n="topic"><ent r="4" t="16" w="442" /><ent r="3" t="16" w="1844" /><ent r="3" t="16" w="1897" /><ent r="4" t="22" w="188" /><ent r="3" t="26" w="1087" /><ent r="3" t="30" w="59" /><ent r="3" t="34" w="1101" /><ent r="4" t="35" w="1358" /></phr><phr n="topics"><ent r="3" t="57" w="165" /></phr></stem><stem n=":request"><phr n=":request"><ent r="100" t="16" w="447" /></phr></stem><stem n="-next-request"><phr n="-Next-Request"><ent r="100" t="16" w="452" /><ent r="100" t="16" w="453" /><ent r="4" t="16" w="1115" /><ent r="4" t="16" w="1116" /><ent r="100" t="18" w="94" /><ent r="100" t="18" w="95" /><ent r="4" t="18" w="105" /><ent r="4" t="18" w="106" /><ent r="100" t="25" w="129" /><ent r="100" t="25" w="130" /><ent r="4" t="25" w="140" /><ent r="4" t="25" w="141" /></phr></stem><stem n="get-next"><phr n="Get-Next"><ent r="100" t="16" w="452" /><ent r="4" t="16" w="1115" /><ent r="100" t="18" w="94" /><ent r="4" t="18" w="105" /><ent r="100" t="25" w="129" /><ent r="4" t="25" w="140" /><ent r="3" t="26" w="50" /><ent r="92" t="26" w="620" /><ent r="3" t="26" w="800" /></phr><phr n="get-next"><ent r="3" t="26" w="631" /></phr></stem><stem n="get-next-request"><phr n="Get-Next-Request"><ent r="100" t="16" w="452" /><ent r="4" t="16" w="1115" /><ent r="100" t="18" w="94" /><ent r="4" t="18" w="105" /><ent r="100" t="25" w="129" /><ent r="4" t="25" w="140" /></phr></stem><stem n="next-request"><phr n="Next-Request"><ent r="100" t="16" w="453" /><ent r="4" t="16" w="1116" /><ent r="100" t="18" w="95" /><ent r="4" t="18" w="106" /><ent r="100" t="25" w="130" /><ent r="4" t="25" w="141" /></phr></stem><stem n="object"><phr n="Object"><ent r="100" t="16" w="456" /><ent r="4" t="16" w="462" /><ent r="9" t="16" w="969" /></phr><phr n="OBJECT"><ent r="3" t="33" w="73" /><ent r="3" t="33" w="163" /><ent r="3" t="33" w="168" /><ent r="3" t="33" w="173" /><ent r="3" t="33" w="206" /><ent r="3" t="33" w="238" /><ent r="3" t="33" w="273" /><ent r="3" t="33" w="304" /><ent r="3" t="33" w="329" /><ent r="3" t="33" w="393" /></phr><phr n="objects"><ent r="3" t="33" w="124" /><ent r="6" t="70" w="1432" /></phr><phr n="OBJECTS"><ent r="3" t="33" w="400" /></phr></stem><stem n="id"><phr n="ID"><ent r="100" t="16" w="457" /><ent r="4" t="16" w="463" /><ent r="9" t="16" w="970" /><ent r="3" t="29" w="985" /><ent r="3" t="29" w="1092" /><ent r="5" t="31" w="186" /><ent r="4" t="31" w="199" /><ent r="100" t="37" w="724" /><ent r="100" t="37" w="3900" /><ent r="3" t="37" w="3907" /><ent r="3" t="37" w="4071" /><ent r="3" t="37" w="4328" /><ent r="3" t="37" w="4361" /><ent r="3" t="59" w="266" /><ent r="6" t="70" w="914" /></phr><phr n="id"><ent r="3" t="56" w="222" /><ent r="3" t="56" w="254" /><ent r="3" t="56" w="284" /><ent r="3" t="56" w="291" /><ent r="3" t="56" w="446" /><ent r="3" t="56" w="455" /><ent r="3" t="56" w="458" /><ent r="3" t="56" w="464" /><ent r="3" t="56" w="590" /><ent r="3" t="56" w="600" /><ent r="3" t="56" w="609" /><ent r="3" t="59" w="248" /><ent r="3" t="64" w="153" /><ent r="3" t="64" w="255" /><ent r="4" t="64" w="269" /><ent r="3" t="64" w="432" /><ent r="3" t="64" w="455" /><ent r="3" t="64" w="478" /><ent r="3" t="64" w="499" /></phr></stem><stem n="dot"><phr n="dotted"><ent r="4" t="16" w="478" /></phr></stem><stem n="&quot;calculation&quot;"><phr n="&quot;CALCULATION&quot;"><ent r="4" t="16" w="506" /></phr><phr n="&quot;calculation&quot;"><ent r="4" t="16" w="1512" /></phr></stem><stem n="-valu"><phr n="-value"><ent r="100" t="16" w="522" /><ent r="100" t="16" w="522" /><ent r="7" t="16" w="703" /><ent r="7" t="16" w="703" /><ent r="7" t="16" w="727" /><ent r="7" t="16" w="727" /><ent r="5" t="40" w="758" /><ent r="5" t="40" w="758" /><ent r="4" t="64" w="333" /><ent r="4" t="64" w="333" /></phr><phr n="-Value"><ent r="9" t="16" w="947" /><ent r="9" t="16" w="947" /></phr></stem><stem n="total"><phr n="Total"><ent r="100" t="16" w="522" /><ent r="7" t="16" w="703" /><ent r="9" t="16" w="947" /></phr><phr n="TOTAL"><ent r="4" t="29" w="787" /></phr><phr n="total"><ent r="3" t="32" w="1584" /><ent r="3" t="40" w="338" /></phr></stem><stem n="total-valu"><phr n="Total-value"><ent r="100" t="16" w="522" /><ent r="7" t="16" w="703" /></phr><phr n="Total-Value"><ent r="9" t="16" w="947" /></phr><phr n="TOTAL-VALUE"><ent r="4" t="29" w="787" /></phr></stem><stem n="-minut"><phr n="-minute"><ent r="100" t="16" w="525" /><ent r="100" t="16" w="525" /><ent r="7" t="16" w="760" /><ent r="7" t="16" w="760" /></phr></stem><stem n="deduc"><phr n="deduces"><ent r="6" t="16" w="549" /></phr></stem><stem n="applic"><phr n="applicable"><ent r="6" t="16" w="551" /></phr><phr n="application"><ent r="3" t="58" w="101" /><ent r="3" t="58" w="339" /><ent r="3" t="72" w="118" /><ent r="3" t="72" w="123" /><ent r="3" t="72" w="128" /></phr></stem><stem n="&quot;format"><phr n="&quot;Format"><ent r="6" t="16" w="566" /></phr></stem><stem n="coerc"><phr n="coerced"><ent r="6" t="16" w="577" /><ent r="6" t="16" w="601" /></phr></stem><stem n="78fred"><phr n="78Fred"><ent r="6" t="16" w="589" /><ent r="6" t="16" w="617" /></phr></stem><stem n="&quot;78fred&quot;,"><phr n="&quot;78Fred&quot;,"><ent r="6" t="16" w="590" /><ent r="6" t="16" w="618" /></phr></stem><stem n="78"><phr n="78"><ent r="6" t="16" w="595" /><ent r="6" t="16" w="623" /><ent r="3" t="32" w="408" /><ent r="3" t="32" w="450" /><ent r="3" t="32" w="611" /><ent r="3" t="32" w="734" /><ent r="3" t="32" w="844" /></phr></stem><stem n="integer64"><phr n="Integer64"><ent r="7" t="16" w="597" /></phr></stem><stem n="(up"><phr n="(up"><ent r="6" t="16" w="606" /><ent r="6" t="16" w="750" /><ent r="6" t="24" w="2626" /></phr></stem><stem n="64"><phr n="64"><ent r="6" t="16" w="608" /><ent r="6" t="16" w="752" /><ent r="100" t="35" w="1429" /><ent r="5" t="35" w="1433" /></phr></stem><stem n="64-bit"><phr n="64-bits"><ent r="6" t="16" w="608" /><ent r="6" t="16" w="752" /></phr></stem><stem n="-bits)."><phr n="-bits)."><ent r="6" t="16" w="610" /><ent r="6" t="16" w="610" /><ent r="6" t="16" w="754" /><ent r="6" t="16" w="754" /></phr></stem><stem n="hex"><phr n="hex"><ent r="6" t="16" w="638" /><ent r="6" t="16" w="652" /></phr></stem><stem n="preced"><phr n="preceded"><ent r="6" t="16" w="640" /><ent r="3" t="35" w="604" /><ent r="4" t="35" w="1330" /><ent r="6" t="70" w="499" /></phr><phr n="Precedence"><ent r="100" t="24" w="316" /><ent r="92" t="24" w="319" /></phr><phr n="Preceding"><ent r="3" t="26" w="71" /></phr><phr n="preceding"><ent r="3" t="26" w="212" /><ent r="3" t="26" w="708" /></phr><phr n="precedence"><ent r="7" t="68" w="446" /><ent r="7" t="68" w="480" /><ent r="7" t="68" w="514" /><ent r="7" t="68" w="597" /></phr></stem><stem n="0x"><phr n="0x"><ent r="6" t="16" w="642" /><ent r="3" t="61" w="743" /><ent r="3" t="61" w="796" /></phr></stem><stem n="&quot;0x&quot;"><phr n="&quot;0x&quot;"><ent r="6" t="16" w="643" /></phr></stem><stem n="0xffffffff"><phr n="0xFFFFFFFF"><ent r="6" t="16" w="643" /></phr></stem><stem n="(0xffffffff)."><phr n="(0xFFFFFFFF)."><ent r="6" t="16" w="644" /></phr></stem><stem n="(44"><phr n="(44"><ent r="6" t="16" w="657" /></phr></stem><stem n="44"><phr n="44"><ent r="6" t="16" w="657" /><ent r="3" t="24" w="1603" /></phr></stem><stem n="61"><phr n="61"><ent r="6" t="16" w="658" /><ent r="6" t="16" w="668" /><ent r="3" t="24" w="1604" /><ent r="3" t="24" w="1608" /><ent r="4" t="24" w="1757" /><ent r="3" t="37" w="1058" /></phr></stem><stem n="72"><phr n="72"><ent r="6" t="16" w="659" /><ent r="6" t="16" w="669" /><ent r="3" t="24" w="1605" /><ent r="3" t="24" w="1609" /><ent r="3" t="47" w="642" /><ent r="3" t="55" w="984" /></phr></stem><stem n="77"><phr n="77"><ent r="6" t="16" w="660" /><ent r="3" t="24" w="1607" /></phr></stem><stem n="69"><phr n="69"><ent r="6" t="16" w="661" /><ent r="6" t="16" w="665" /></phr></stem><stem n="6e"><phr n="6E"><ent r="6" t="16" w="662" /></phr></stem><stem n="63"><phr n="63"><ent r="6" t="16" w="666" /></phr></stem><stem n="68"><phr n="68"><ent r="6" t="16" w="667" /></phr></stem><stem n="hexnumb"><phr n="Hexnumber"><ent r="7" t="16" w="678" /></phr><phr n="HEXNUMBER"><ent r="4" t="29" w="808" /></phr></stem><stem n="fe"><phr n="FE"><ent r="6" t="16" w="695" /></phr></stem><stem n="&quot;fe&quot;"><phr n="&quot;FE&quot;"><ent r="6" t="16" w="696" /></phr></stem><stem n="254"><phr n="254"><ent r="6" t="16" w="701" /></phr></stem><stem n="counter"><phr n="counter"><ent r="6" t="16" w="712" /><ent r="6" t="16" w="736" /><ent r="4" t="16" w="1416" /></phr><phr n="counters"><ent r="4" t="19" w="176" /></phr></stem><stem n="gaug"><phr n="gauge"><ent r="6" t="16" w="714" /><ent r="6" t="16" w="738" /></phr><phr n="Gauge"><ent r="9" t="16" w="945" /></phr><phr n="gauges"><ent r="4" t="19" w="180" /></phr></stem><stem n="unsign"><phr n="unsigned"><ent r="6" t="16" w="724" /><ent r="6" t="16" w="748" /><ent r="4" t="24" w="1247" /><ent r="6" t="24" w="2541" /><ent r="6" t="24" w="2559" /><ent r="6" t="24" w="2577" /><ent r="3" t="58" w="451" /></phr></stem><stem n="total64"><phr n="Total64"><ent r="7" t="16" w="727" /></phr></stem><stem n="total64-valu"><phr n="Total64-value"><ent r="7" t="16" w="727" /></phr></stem><stem n="success"><phr n="successive"><ent r="6" t="16" w="779" /></phr><phr n="success"><ent r="4" t="40" w="680" /></phr></stem><stem n="divid"><phr n="dividing"><ent r="6" t="16" w="782" /></phr><phr n="divide"><ent r="3" t="24" w="2725" /></phr></stem><stem n="elaps"><phr n="elapsed"><ent r="6" t="16" w="785" /><ent r="4" t="37" w="876" /><ent r="3" t="37" w="3581" /><ent r="5" t="38" w="192" /></phr></stem><stem n="oid'"><phr n="OID's"><ent r="6" t="16" w="802" /><ent r="6" t="16" w="801" /><ent r="3" t="26" w="23" /><ent r="3" t="26" w="22" /><ent r="92" t="26" w="60" /><ent r="92" t="26" w="59" /><ent r="3" t="26" w="64" /><ent r="3" t="26" w="63" /><ent r="3" t="26" w="143" /><ent r="3" t="26" w="142" /><ent r="3" t="26" w="152" /><ent r="3" t="26" w="151" /><ent r="3" t="26" w="161" /><ent r="3" t="26" w="160" /><ent r="92" t="26" w="200" /><ent r="92" t="26" w="199" /><ent r="3" t="26" w="235" /><ent r="3" t="26" w="234" /><ent r="3" t="26" w="416" /><ent r="3" t="26" w="415" /><ent r="82" t="26" w="525" /><ent r="82" t="26" w="524" /><ent r="4" t="26" w="529" /><ent r="4" t="26" w="528" /><ent r="3" t="26" w="635" /><ent r="3" t="26" w="634" /><ent r="3" t="26" w="964" /><ent r="3" t="26" w="963" /><ent r="4" t="31" w="299" /><ent r="4" t="31" w="298" /><ent r="3" t="56" w="359" /><ent r="3" t="56" w="358" /></phr></stem><stem n="enumer"><phr n="enumerated"><ent r="6" t="16" w="803" /><ent r="3" t="77" w="52" /></phr><phr n="Enumerated"><ent r="67" t="16" w="812" /><ent r="92" t="16" w="1904" /><ent r="92" t="16" w="2116" /><ent r="1000" t="77" w="1" /><ent r="102" t="77" w="7" /></phr><phr n="enumeration"><ent r="3" t="77" w="14" /></phr><phr n="enumerations"><ent r="4" t="77" w="71" /></phr></stem><stem n="(see"><phr n="(see"><ent r="6" t="16" w="810" /><ent r="4" t="16" w="1130" /><ent r="4" t="55" w="190" /></phr><phr n="(See"><ent r="4" t="24" w="2313" /><ent r="3" t="24" w="2390" /><ent r="4" t="37" w="478" /><ent r="4" t="40" w="1002" /></phr></stem><stem n="trapvari"><phr n="TrapVariable"><ent r="7" t="16" w="841" /><ent r="100" t="29" w="21" /><ent r="100" t="29" w="24" /></phr><phr n="TRAPVARIABLE"><ent r="3" t="22" w="1336" /><ent r="3" t="22" w="1353" /><ent r="3" t="22" w="1370" /><ent r="3" t="29" w="567" /><ent r="3" t="29" w="647" /><ent r="3" t="29" w="652" /><ent r="3" t="29" w="658" /><ent r="3" t="29" w="663" /><ent r="3" t="29" w="668" /><ent r="3" t="29" w="674" /><ent r="3" t="29" w="680" /><ent r="3" t="29" w="686" /><ent r="3" t="29" w="692" /><ent r="3" t="29" w="698" /><ent r="3" t="29" w="717" /><ent r="3" t="29" w="724" /><ent r="3" t="29" w="735" /><ent r="4" t="29" w="786" /><ent r="4" t="29" w="790" /><ent r="4" t="29" w="794" /><ent r="4" t="29" w="798" /><ent r="4" t="29" w="801" /><ent r="4" t="29" w="804" /><ent r="4" t="29" w="807" /><ent r="4" t="29" w="810" /><ent r="3" t="29" w="982" /><ent r="3" t="29" w="991" /><ent r="3" t="29" w="999" /><ent r="3" t="29" w="1089" /><ent r="3" t="29" w="1098" /><ent r="3" t="29" w="1106" /><ent r="3" t="32" w="1188" /><ent r="3" t="32" w="1202" /><ent r="3" t="32" w="1216" /><ent r="3" t="32" w="1233" /><ent r="3" t="32" w="1248" /><ent r="3" t="32" w="1264" /><ent r="3" t="32" w="1277" /><ent r="3" t="32" w="1282" /><ent r="3" t="32" w="1287" /><ent r="3" t="32" w="1291" /><ent r="3" t="32" w="1295" /><ent r="3" t="32" w="1300" /><ent r="3" t="32" w="1305" /><ent r="3" t="32" w="1309" /><ent r="3" t="32" w="1314" /><ent r="3" t="32" w="1319" /><ent r="3" t="32" w="1330" /><ent r="3" t="32" w="1336" /><ent r="3" t="32" w="1342" /><ent r="3" t="32" w="1348" /><ent r="3" t="32" w="1354" /><ent r="3" t="32" w="1360" /><ent r="3" t="32" w="1366" /><ent r="3" t="32" w="1372" /><ent r="3" t="32" w="1378" /><ent r="3" t="32" w="1384" /><ent r="3" t="32" w="1390" /><ent r="3" t="32" w="1396" /><ent r="3" t="32" w="1402" /><ent r="3" t="32" w="1408" /><ent r="3" t="32" w="1414" /><ent r="3" t="32" w="1420" /><ent r="3" t="32" w="1426" /><ent r="3" t="32" w="1432" /><ent r="3" t="32" w="1438" /><ent r="3" t="32" w="1444" /><ent r="3" t="32" w="1450" /><ent r="3" t="32" w="1456" /><ent r="3" t="32" w="1462" /><ent r="3" t="32" w="1468" /><ent r="3" t="32" w="1474" /><ent r="3" t="32" w="1480" /><ent r="3" t="32" w="1486" /><ent r="3" t="32" w="1492" /><ent r="3" t="32" w="1498" /><ent r="3" t="32" w="1504" /></phr><phr n="trapvariable"><ent r="3" t="29" w="770" /></phr><phr n="TrapVariables"><ent r="3" t="32" w="1148" /></phr></stem><stem n="discuss"><phr n="discussion"><ent r="6" t="16" w="857" /><ent r="4" t="40" w="1007" /><ent r="3" t="58" w="165" /></phr></stem><stem n="ipaddress"><phr n="IPADDRESS"><ent r="7" t="16" w="871" /></phr><phr n="IPAddress"><ent r="9" t="16" w="974" /></phr></stem><stem n="-byte"><phr n="-byte"><ent r="6" t="16" w="876" /><ent r="6" t="16" w="876" /><ent r="6" t="16" w="886" /><ent r="6" t="16" w="886" /></phr></stem><stem n="4-byte"><phr n="4-byte"><ent r="6" t="16" w="876" /></phr></stem><stem n="ipv4"><phr n="IPv4"><ent r="6" t="16" w="882" /></phr></stem><stem n="16"><phr n="16"><ent r="6" t="16" w="886" /><ent r="3" t="37" w="2448" /><ent r="3" t="37" w="3918" /><ent r="3" t="37" w="4004" /><ent r="3" t="37" w="4400" /><ent r="3" t="37" w="4426" /><ent r="3" t="37" w="4455" /><ent r="3" t="37" w="4457" /><ent r="4" t="37" w="4494" /><ent r="3" t="37" w="4497" /><ent r="3" t="55" w="842" /><ent r="3" t="55" w="1127" /></phr></stem><stem n="16-byte"><phr n="16-byte"><ent r="6" t="16" w="886" /></phr></stem><stem n="ipv6"><phr n="IPv6"><ent r="6" t="16" w="892" /></phr></stem><stem n="inher"><phr n="inherent"><ent r="6" t="16" w="906" /></phr></stem><stem n="(one"><phr n="(one"><ent r="6" t="16" w="908" /><ent r="4" t="22" w="697" /></phr></stem><stem n="declar"><phr n="declared"><ent r="6" t="16" w="922" /><ent r="3" t="16" w="2051" /><ent r="3" t="16" w="2071" /><ent r="3" t="29" w="62" /><ent r="3" t="29" w="968" /></phr><phr n="declares"><ent r="4" t="19" w="1561" /></phr><phr n="declare"><ent r="4" t="19" w="1927" /><ent r="4" t="77" w="82" /></phr></stem><stem n="counter32"><phr n="Counter32"><ent r="9" t="16" w="938" /></phr></stem><stem n="counter64"><phr n="Counter64"><ent r="9" t="16" w="939" /></phr></stem><stem n="unsigned32"><phr n="Unsigned32"><ent r="9" t="16" w="944" /></phr></stem><stem n="(gauge)"><phr n="(Gauge)"><ent r="9" t="16" w="946" /></phr></stem><stem n="octetstr"><phr n="OctetString"><ent r="9" t="16" w="954" /><ent r="100" t="55" w="825" /><ent r="3" t="55" w="870" /><ent r="3" t="55" w="927" /><ent r="3" t="55" w="945" /><ent r="3" t="55" w="964" /><ent r="3" t="55" w="1043" /></phr></stem><stem n="1st"><phr n="1st"><ent r="9" t="16" w="958" /><ent r="9" t="16" w="964" /></phr></stem><stem n="printabl"><phr n="printable"><ent r="9" t="16" w="960" /><ent r="9" t="16" w="967" /></phr></stem><stem n="timetick"><phr n="TimeTicks"><ent r="9" t="16" w="978" /><ent r="100" t="55" w="823" /><ent r="3" t="55" w="911" /><ent r="3" t="55" w="999" /><ent r="3" t="55" w="1062" /></phr></stem><stem n="-legend"><phr n="-legend"><ent r="5" t="16" w="982" /><ent r="5" t="16" w="982" /></phr></stem><stem n="incorpor"><phr n="incorporate"><ent r="4" t="16" w="1004" /><ent r="4" t="46" w="181" /></phr><phr n="incorporates"><ent r="4" t="37" w="2862" /></phr></stem><stem n="embed"><phr n="embedded"><ent r="4" t="16" w="1011" /><ent r="4" t="24" w="237" /><ent r="3" t="46" w="14" /></phr><phr n="embedding"><ent r="92" t="40" w="514" /></phr></stem><stem n="slightli"><phr n="slightly"><ent r="4" t="16" w="1030" /><ent r="4" t="38" w="388" /></phr></stem><stem n="scalar"><phr n="scalar"><ent r="4" t="16" w="1056" /><ent r="4" t="16" w="1551" /><ent r="5" t="16" w="1624" /><ent r="3" t="24" w="2377" /></phr><phr n="Scalar"><ent r="92" t="16" w="1535" /><ent r="5" t="19" w="155" /></phr><phr n="scalars"><ent r="4" t="19" w="238" /></phr></stem><stem n="scalar'"><phr n="scalar's"><ent r="4" t="16" w="1057" /><ent r="4" t="16" w="1056" /></phr></stem><stem n="-demand"><phr n="-Demand"><ent r="65" t="16" w="1084" /><ent r="65" t="16" w="1084" /></phr><phr n="-demand"><ent r="3" t="19" w="67" /><ent r="3" t="19" w="67" /><ent r="3" t="19" w="93" /><ent r="3" t="19" w="93" /><ent r="3" t="19" w="97" /><ent r="3" t="19" w="97" /><ent r="3" t="19" w="119" /><ent r="3" t="19" w="119" /><ent r="3" t="19" w="398" /><ent r="3" t="19" w="398" /><ent r="3" t="19" w="535" /><ent r="3" t="19" w="535" /><ent r="3" t="19" w="720" /><ent r="3" t="19" w="720" /><ent r="4" t="19" w="815" /><ent r="4" t="19" w="815" /><ent r="3" t="19" w="1168" /><ent r="3" t="19" w="1168" /><ent r="92" t="19" w="1511" /><ent r="92" t="19" w="1511" /><ent r="3" t="19" w="1523" /><ent r="3" t="19" w="1523" /><ent r="92" t="19" w="1730" /><ent r="92" t="19" w="1730" /><ent r="3" t="19" w="1806" /><ent r="3" t="19" w="1806" /><ent r="4" t="19" w="1861" /><ent r="4" t="19" w="1861" /><ent r="4" t="19" w="1891" /><ent r="4" t="19" w="1891" /></phr></stem><stem n="on-demand"><phr n="On-Demand"><ent r="65" t="16" w="1084" /></phr><phr n="on-demand"><ent r="3" t="19" w="67" /><ent r="3" t="19" w="93" /><ent r="3" t="19" w="119" /><ent r="3" t="19" w="398" /><ent r="3" t="19" w="535" /><ent r="3" t="19" w="720" /><ent r="4" t="19" w="815" /><ent r="3" t="19" w="1168" /><ent r="3" t="19" w="1523" /><ent r="3" t="19" w="1806" /><ent r="4" t="19" w="1891" /></phr><phr n="On-demand"><ent r="3" t="19" w="97" /><ent r="92" t="19" w="1511" /><ent r="92" t="19" w="1730" /><ent r="4" t="19" w="1861" /></phr></stem><stem n="issu"><phr n="issues"><ent r="4" t="16" w="1112" /><ent r="3" t="34" w="65" /></phr><phr n="Issue"><ent r="3" t="32" w="418" /><ent r="3" t="32" w="571" /><ent r="100" t="37" w="22" /><ent r="100" t="37" w="2229" /></phr><phr n="issue"><ent r="4" t="37" w="2233" /><ent r="4" t="49" w="397" /><ent r="3" t="58" w="319" /></phr><phr n="issuing"><ent r="3" t="60" w="19" /></phr></stem><stem n="unless"><phr n="unless"><ent r="4" t="16" w="1122" /><ent r="4" t="22" w="848" /><ent r="3" t="22" w="1236" /><ent r="3" t="35" w="881" /><ent r="3" t="55" w="404" /><ent r="3" t="61" w="373" /><ent r="3" t="61" w="380" /></phr><phr n="Unless"><ent r="100" t="55" w="10" /></phr></stem><stem n="pdutyp"><phr n="pdutype"><ent r="4" t="16" w="1124" /><ent r="5" t="18" w="86" /><ent r="3" t="18" w="189" /><ent r="3" t="25" w="61" /><ent r="5" t="25" w="121" /><ent r="3" t="27" w="133" /></phr><phr n="Pdutype"><ent r="100" t="18" w="84" /><ent r="100" t="25" w="54" /></phr></stem><stem n="get-request"><phr n="get-request"><ent r="4" t="16" w="1128" /><ent r="5" t="18" w="87" /><ent r="3" t="18" w="190" /><ent r="3" t="25" w="62" /><ent r="5" t="25" w="122" /><ent r="3" t="26" w="813" /><ent r="3" t="27" w="134" /></phr><phr n="Get-Request"><ent r="100" t="18" w="91" /><ent r="4" t="18" w="101" /><ent r="100" t="25" w="126" /><ent r="4" t="25" w="136" /></phr></stem><stem n="&quot;get-request&quot;"><phr n="&quot;get-request&quot;"><ent r="4" t="16" w="1130" /><ent r="3" t="25" w="64" /><ent r="3" t="27" w="136" /></phr></stem><stem n="sysloc"><phr n="sysLocation"><ent r="3" t="16" w="1188" /><ent r="3" t="16" w="1189" /><ent r="4" t="16" w="1284" /></phr></stem><stem n="syslocation.0"><phr n="sysLocation.0"><ent r="3" t="16" w="1190" /><ent r="3" t="16" w="1189" /><ent r="4" t="16" w="1285" /><ent r="4" t="16" w="1284" /></phr></stem><stem n="syslocation.0,"><phr n="sysLocation.0,"><ent r="3" t="16" w="1190" /><ent r="3" t="16" w="1189" /></phr></stem><stem n="ifinoctets1"><phr n="ifInOctets1"><ent r="3" t="16" w="1208" /></phr></stem><stem n="ifinoctets.1"><phr n="ifInOctets.1"><ent r="3" t="16" w="1210" /><ent r="3" t="16" w="1209" /><ent r="4" t="16" w="1364" /><ent r="4" t="16" w="1363" /><ent r="5" t="16" w="1480" /><ent r="5" t="16" w="1479" /><ent r="5" t="16" w="1602" /><ent r="5" t="16" w="1601" /></phr></stem><stem n="ifinoctets.1,"><phr n="ifInOctets.1,"><ent r="3" t="16" w="1210" /><ent r="3" t="16" w="1209" /></phr></stem><stem n=".1,"><phr n=".1,"><ent r="3" t="16" w="1211" /><ent r="3" t="19" w="575" /><ent r="3" t="19" w="1047" /><ent r="3" t="19" w="1331" /><ent r="3" t="19" w="1642" /></phr></stem><stem n="&quot;bytes/sec"><phr n="&quot;bytes/sec"><ent r="3" t="16" w="1213" /><ent r="3" t="16" w="1223" /><ent r="3" t="16" w="1723" /></phr></stem><stem n="ifinoctets2"><phr n="ifInOctets2"><ent r="3" t="16" w="1218" /><ent r="3" t="16" w="1718" /></phr></stem><stem n="ifinoctets.$if"><phr n="ifInOctets.$if"><ent r="3" t="16" w="1220" /><ent r="3" t="16" w="1219" /><ent r="3" t="16" w="1720" /><ent r="3" t="16" w="1719" /></phr></stem><stem n="$if"><phr n="$if"><ent r="3" t="16" w="1220" /><ent r="5" t="16" w="1457" /><ent r="4" t="16" w="1467" /><ent r="5" t="16" w="1496" /><ent r="4" t="16" w="1705" /><ent r="3" t="16" w="1720" /></phr></stem><stem n="ifinoctets.$if,"><phr n="ifInOctets.$if,"><ent r="3" t="16" w="1220" /><ent r="3" t="16" w="1219" /><ent r="3" t="16" w="1720" /><ent r="3" t="16" w="1719" /></phr></stem><stem n=".$if,"><phr n=".$if,"><ent r="3" t="16" w="1221" /><ent r="3" t="16" w="1721" /></phr></stem><stem n="{if}&quot;"><phr n="{if}&quot;"><ent r="3" t="16" w="1229" /><ent r="3" t="16" w="1729" /></phr></stem><stem n="tempf"><phr n="TempF"><ent r="3" t="16" w="1229" /><ent r="3" t="16" w="1771" /><ent r="3" t="16" w="1784" /></phr></stem><stem n="($tempc"><phr n="($TempC"><ent r="3" t="16" w="1230" /><ent r="5" t="16" w="1521" /><ent r="3" t="16" w="1772" /></phr></stem><stem n="$tempc"><phr n="$TempC"><ent r="3" t="16" w="1230" /><ent r="5" t="16" w="1521" /><ent r="5" t="16" w="1528" /><ent r="3" t="16" w="1772" /></phr></stem><stem n="1.8"><phr n="1.8"><ent r="3" t="16" w="1232" /><ent r="3" t="16" w="1231" /><ent r="5" t="16" w="1523" /><ent r="5" t="16" w="1522" /><ent r="3" t="16" w="1774" /><ent r="3" t="16" w="1773" /></phr></stem><stem n="8"><phr n="8"><ent r="3" t="16" w="1232" /><ent r="5" t="16" w="1523" /><ent r="3" t="16" w="1774" /><ent r="3" t="16" w="1932" /><ent r="4" t="19" w="1613" /><ent r="3" t="19" w="1720" /><ent r="3" t="24" w="988" /><ent r="3" t="24" w="1154" /><ent r="3" t="24" w="2346" /><ent r="3" t="32" w="77" /><ent r="3" t="32" w="960" /><ent r="3" t="32" w="1705" /><ent r="3" t="55" w="997" /></phr></stem><stem n="+32"><phr n="+32"><ent r="3" t="16" w="1233" /><ent r="5" t="16" w="1524" /><ent r="3" t="16" w="1775" /></phr></stem><stem n=".8)+32,"><phr n=".8)+32,"><ent r="3" t="16" w="1234" /><ent r="3" t="16" w="1776" /></phr></stem><stem n="$sysdescr"><phr n="$sysDescr"><ent r="5" t="16" w="1242" /><ent r="3" t="24" w="2815" /><ent r="4" t="24" w="2864" /><ent r="6" t="24" w="2891" /></phr></stem><stem n=".3.6.1.2.1.1.1.0"><phr n=".3.6.1.2.1.1.1.0"><ent r="4" t="16" w="1258" /><ent r="5" t="16" w="1671" /><ent r="3" t="55" w="869" /></phr></stem><stem n="$sysloc"><phr n="$sysLocation"><ent r="5" t="16" w="1276" /></phr></stem><stem n="(which"><phr n="(which"><ent r="4" t="16" w="1286" /><ent r="4" t="19" w="235" /><ent r="3" t="23" w="261" /><ent r="3" t="37" w="1584" /></phr></stem><stem n="equival"><phr n="equivalent"><ent r="4" t="16" w="1288" /><ent r="4" t="19" w="913" /><ent r="3" t="29" w="766" /></phr></stem><stem n="1.3.6.1.2.1.1.6"><phr n="1.3.6.1.2.1.1.6"><ent r="4" t="16" w="1299" /><ent r="4" t="16" w="1292" /><ent r="3" t="54" w="387" /><ent r="3" t="54" w="380" /><ent r="3" t="55" w="962" /><ent r="3" t="55" w="955" /></phr></stem><stem n="1.3.6.1.2.1.1.6.0"><phr n="1.3.6.1.2.1.1.6.0"><ent r="4" t="16" w="1300" /><ent r="4" t="16" w="1292" /><ent r="3" t="55" w="963" /><ent r="3" t="55" w="955" /></phr></stem><stem n=".3.6.1.2.1.1.6.0)."><phr n=".3.6.1.2.1.1.6.0)."><ent r="4" t="16" w="1301" /></phr></stem><stem n="$ipinhdrerror"><phr n="$ipInHdrErrors"><ent r="5" t="16" w="1326" /></phr></stem><stem n="*per"><phr n="*per"><ent r="4" t="16" w="1352" /></phr></stem><stem n="*."><phr n="*."><ent r="4" t="16" w="1354" /></phr></stem><stem n="$ifinoctets1"><phr n="$ifInOctets1"><ent r="5" t="16" w="1355" /><ent r="5" t="16" w="1491" /></phr></stem><stem n=".1"><phr n=".1"><ent r="4" t="16" w="1364" /><ent r="5" t="16" w="1480" /><ent r="5" t="16" w="1602" /><ent r="3" t="26" w="89" /><ent r="100" t="33" w="18" /><ent r="3" t="33" w="43" /><ent r="65" t="47" w="521" /><ent r="3" t="56" w="482" /></phr></stem><stem n="1.3.6.1.2.1.2"><phr n="1.3.6.1.2.1.2"><ent r="4" t="16" w="1371" /><ent r="4" t="16" w="1365" /><ent r="3" t="16" w="1929" /><ent r="3" t="16" w="1923" /><ent r="3" t="19" w="495" /><ent r="3" t="19" w="489" /><ent r="3" t="19" w="521" /><ent r="3" t="19" w="515" /><ent r="3" t="19" w="590" /><ent r="3" t="19" w="584" /><ent r="3" t="19" w="612" /><ent r="3" t="19" w="606" /><ent r="3" t="19" w="633" /><ent r="3" t="19" w="627" /><ent r="3" t="19" w="655" /><ent r="3" t="19" w="649" /><ent r="3" t="54" w="506" /><ent r="3" t="54" w="500" /><ent r="3" t="54" w="518" /><ent r="3" t="54" w="512" /><ent r="3" t="54" w="549" /><ent r="3" t="54" w="543" /><ent r="3" t="55" w="514" /><ent r="3" t="55" w="508" /><ent r="3" t="55" w="631" /><ent r="3" t="55" w="625" /><ent r="3" t="55" w="675" /><ent r="3" t="55" w="669" /><ent r="3" t="55" w="1075" /><ent r="3" t="55" w="1069" /><ent r="3" t="55" w="1091" /><ent r="3" t="55" w="1085" /><ent r="3" t="55" w="1109" /><ent r="3" t="55" w="1103" /></phr></stem></index>