<?xml version="1.0" encoding="utf-8"?><index><stem n=":units(xxx)"><phr n=":units(xxx)"><ent r="5" t="8" w="726" /><ent r="4" t="8" w="784" /></phr></stem><stem n="&quot;:units&quot;"><phr n="&quot;:units&quot;"><ent r="4" t="8" w="761" /></phr></stem><stem n="attribut"><phr n="attribute"><ent r="4" t="8" w="761" /><ent r="6" t="70" w="2453" /></phr><phr n="attributes"><ent r="3" t="16" w="97" /><ent r="3" t="16" w="399" /><ent r="3" t="16" w="411" /></phr></stem><stem n="$lcpu"><phr n="$lcpu"><ent r="3" t="8" w="795" /><ent r="3" t="8" w="801" /><ent r="5" t="9" w="519" /><ent r="5" t="9" w="528" /><ent r="5" t="9" w="554" /><ent r="5" t="9" w="563" /><ent r="5" t="9" w="585" /><ent r="5" t="9" w="594" /></phr></stem><stem n="$lcpu.busyp"><phr n="$lcpu.busyPer"><ent r="3" t="8" w="796" /><ent r="3" t="8" w="795" /><ent r="5" t="9" w="520" /><ent r="5" t="9" w="519" /><ent r="5" t="9" w="555" /><ent r="5" t="9" w="554" /><ent r="5" t="9" w="586" /><ent r="5" t="9" w="585" /></phr></stem><stem n="busyp"><phr n="busyPer"><ent r="3" t="8" w="796" /><ent r="5" t="9" w="520" /><ent r="5" t="9" w="555" /><ent r="5" t="9" w="586" /></phr></stem><stem n="$lcpu.busyper,"><phr n="$lcpu.busyPer,"><ent r="3" t="8" w="796" /><ent r="3" t="8" w="795" /></phr></stem><stem n=".busyper,"><phr n=".busyPer,"><ent r="3" t="8" w="797" /></phr></stem><stem n="cpuperc"><phr n="cpupercent"><ent r="3" t="8" w="797" /><ent r="5" t="9" w="508" /><ent r="5" t="9" w="523" /><ent r="5" t="9" w="558" /><ent r="5" t="9" w="589" /></phr></stem><stem n="'cpupercent',"><phr n="'cpupercent',"><ent r="3" t="8" w="798" /></phr></stem><stem n="&quot;cpu"><phr n="&quot;CPU"><ent r="3" t="8" w="798" /></phr></stem><stem n=":units(%)&quot;"><phr n=":units(%)&quot;"><ent r="3" t="8" w="801" /><ent r="3" t="8" w="808" /></phr></stem><stem n="$lcpu.avgbusy1"><phr n="$lcpu.avgBusy1"><ent r="3" t="8" w="802" /><ent r="3" t="8" w="801" /><ent r="5" t="9" w="529" /><ent r="5" t="9" w="528" /><ent r="5" t="9" w="564" /><ent r="5" t="9" w="563" /><ent r="5" t="9" w="595" /><ent r="5" t="9" w="594" /></phr></stem><stem n="avgbusy1"><phr n="avgBusy1"><ent r="3" t="8" w="802" /><ent r="5" t="9" w="529" /><ent r="5" t="9" w="564" /><ent r="5" t="9" w="595" /></phr></stem><stem n="$lcpu.avgbusy1,"><phr n="$lcpu.avgBusy1,"><ent r="3" t="8" w="802" /><ent r="3" t="8" w="801" /></phr></stem><stem n=".avgbusy1,"><phr n=".avgBusy1,"><ent r="3" t="8" w="803" /></phr></stem><stem n="cpupercentavg"><phr n="cpupercentavg"><ent r="3" t="8" w="803" /><ent r="5" t="9" w="532" /><ent r="5" t="9" w="567" /><ent r="5" t="9" w="598" /><ent r="5" t="9" w="623" /><ent r="5" t="9" w="697" /></phr></stem><stem n="'cpupercentavg',"><phr n="'cpupercentavg',"><ent r="3" t="8" w="804" /></phr></stem><stem n="&quot;averag"><phr n="&quot;Average"><ent r="3" t="8" w="804" /></phr></stem><stem n="averag"><phr n="Average"><ent r="3" t="8" w="804" /><ent r="5" t="9" w="130" /><ent r="5" t="9" w="534" /><ent r="5" t="9" w="569" /><ent r="5" t="9" w="600" /><ent r="5" t="9" w="625" /><ent r="5" t="9" w="634" /><ent r="5" t="9" w="642" /><ent r="5" t="9" w="682" /><ent r="5" t="9" w="699" /></phr><phr n="average"><ent r="3" t="47" w="607" /><ent r="3" t="47" w="638" /></phr></stem><stem n="$lmem"><phr n="$lmem"><ent r="3" t="8" w="808" /><ent r="5" t="9" w="538" /><ent r="5" t="9" w="604" /></phr></stem><stem n="$lmem.freemem"><phr n="$lmem.freeMem"><ent r="3" t="8" w="809" /><ent r="3" t="8" w="808" /><ent r="5" t="9" w="539" /><ent r="5" t="9" w="538" /><ent r="5" t="9" w="605" /><ent r="5" t="9" w="604" /></phr></stem><stem n="freemem"><phr n="freeMem"><ent r="3" t="8" w="809" /><ent r="5" t="9" w="539" /><ent r="5" t="9" w="605" /></phr><phr n="freemem"><ent r="3" t="8" w="810" /><ent r="5" t="9" w="542" /><ent r="5" t="9" w="576" /><ent r="5" t="9" w="608" /></phr></stem><stem n="$lmem.freemem,"><phr n="$lmem.freeMem,"><ent r="3" t="8" w="809" /><ent r="3" t="8" w="808" /></phr></stem><stem n=".freemem,"><phr n=".freeMem,"><ent r="3" t="8" w="810" /></phr></stem><stem n="'freemem',"><phr n="'freemem',"><ent r="3" t="8" w="811" /></phr></stem><stem n="&quot;avail"><phr n="&quot;Available"><ent r="3" t="8" w="811" /></phr></stem><stem n="memori"><phr n="memory"><ent r="3" t="8" w="812" /><ent r="5" t="9" w="545" /><ent r="5" t="9" w="579" /><ent r="5" t="9" w="611" /><ent r="4" t="19" w="184" /><ent r="3" t="21" w="56" /><ent r="6" t="70" w="681" /></phr><phr n="Memory"><ent r="5" t="9" w="551" /></phr></stem><stem n=":units(bytes)&quot;"><phr n=":units(bytes)&quot;"><ent r="3" t="8" w="815" /></phr></stem><stem n="seem"><phr n="seem"><ent r="3" t="9" w="26" /></phr></stem><stem n="sensibl"><phr n="sensible"><ent r="3" t="9" w="27" /><ent r="3" t="14" w="973" /></phr></stem><stem n="$variabl"><phr n="$variable"><ent r="5" t="9" w="34" /></phr><phr n="$variables"><ent r="3" t="14" w="122" /></phr><phr n="$Variable"><ent r="3" t="27" w="384" /><ent r="3" t="27" w="389" /></phr></stem><stem n="(30)"><phr n="(30)"><ent r="5" t="9" w="41" /></phr></stem><stem n="255"><phr n="255"><ent r="5" t="9" w="43" /><ent r="3" t="33" w="179" /><ent r="3" t="33" w="212" /><ent r="3" t="33" w="244" /><ent r="3" t="33" w="279" /><ent r="3" t="33" w="310" /><ent r="3" t="33" w="335" /></phr></stem><stem n="(255)"><phr n="(255)"><ent r="5" t="9" w="44" /></phr></stem><stem n="apc"><phr n="APC"><ent r="5" t="9" w="45" /><ent r="5" t="9" w="87" /><ent r="5" t="9" w="93" /><ent r="100" t="18" w="117" /><ent r="100" t="18" w="121" /><ent r="4" t="18" w="134" /><ent r="100" t="25" w="152" /><ent r="100" t="25" w="156" /><ent r="4" t="25" w="169" /></phr></stem><stem n="$leftcharg"><phr n="$leftCharge"><ent r="5" t="9" w="48" /></phr><phr n="$LeftCharge"><ent r="5" t="9" w="208" /><ent r="5" t="9" w="313" /><ent r="5" t="9" w="745" /><ent r="5" t="9" w="785" /></phr></stem><stem n="pctcharg"><phr n="pctcharge"><ent r="5" t="9" w="51" /><ent r="5" t="9" w="211" /><ent r="5" t="9" w="316" /><ent r="5" t="9" w="748" /><ent r="5" t="9" w="788" /></phr></stem><stem n="charg"><phr n="Charge"><ent r="5" t="9" w="54" /><ent r="5" t="9" w="214" /><ent r="5" t="9" w="319" /><ent r="5" t="9" w="751" /><ent r="5" t="9" w="791" /></phr></stem><stem n="$batmin"><phr n="$batMin"><ent r="5" t="9" w="57" /></phr></stem><stem n="batttimeleft"><phr n="batttimeleft"><ent r="5" t="9" w="60" /><ent r="5" t="9" w="152" /><ent r="5" t="9" w="219" /><ent r="5" t="9" w="324" /><ent r="5" t="9" w="756" /><ent r="5" t="9" w="796" /><ent r="5" t="9" w="836" /></phr></stem><stem n="batteri"><phr n="battery"><ent r="5" t="9" w="65" /><ent r="5" t="9" w="157" /><ent r="5" t="9" w="224" /><ent r="5" t="9" w="329" /><ent r="5" t="9" w="761" /><ent r="5" t="9" w="801" /><ent r="5" t="9" w="841" /></phr></stem><stem n="(min)"><phr n="(min)"><ent r="5" t="9" w="67" /><ent r="5" t="9" w="159" /><ent r="5" t="9" w="226" /><ent r="5" t="9" w="331" /><ent r="5" t="9" w="763" /><ent r="5" t="9" w="803" /><ent r="5" t="9" w="843" /></phr></stem><stem n="$involt"><phr n="$inVolt"><ent r="5" t="9" w="69" /></phr></stem><stem n="involt"><phr n="involts"><ent r="5" t="9" w="72" /><ent r="5" t="9" w="164" /><ent r="5" t="9" w="230" /><ent r="5" t="9" w="335" /><ent r="5" t="9" w="767" /><ent r="5" t="9" w="807" /><ent r="5" t="9" w="848" /></phr></stem><stem n="voltag"><phr n="Voltage"><ent r="5" t="9" w="75" /><ent r="5" t="9" w="167" /><ent r="5" t="9" w="234" /><ent r="5" t="9" w="339" /><ent r="5" t="9" w="771" /><ent r="5" t="9" w="811" /><ent r="5" t="9" w="852" /></phr></stem><stem n="$battempc"><phr n="$batTempC"><ent r="5" t="9" w="78" /><ent r="5" t="9" w="773" /></phr></stem><stem n="(c)"><phr n="(C)"><ent r="5" t="9" w="86" /><ent r="5" t="9" w="178" /><ent r="5" t="9" w="781" /><ent r="5" t="9" w="821" /></phr><phr n="(c)"><ent r="3" t="14" w="742" /><ent r="3" t="32" w="39" /><ent r="3" t="33" w="58" /><ent r="3" t="44" w="443" /><ent r="3" t="44" w="702" /><ent r="3" t="45" w="93" /><ent r="3" t="48" w="22" /><ent r="3" t="49" w="494" /></phr></stem><stem n="ap961x"><phr n="AP961x"><ent r="5" t="9" w="89" /></phr></stem><stem n="[same"><phr n="[same"><ent r="5" t="9" w="91" /></phr><phr n="[Same"><ent r="5" t="9" w="140" /></phr></stem><stem n="barracuda"><phr n="Barracuda"><ent r="5" t="9" w="99" /><ent r="5" t="9" w="134" /><ent r="5" t="9" w="142" /><ent r="3" t="37" w="2985" /></phr></stem><stem n="$in"><phr n="$in"><ent r="5" t="9" w="102" /></phr></stem><stem n="$in_queu"><phr n="$in_queue"><ent r="5" t="9" w="103" /><ent r="5" t="9" w="102" /></phr></stem><stem n="queue"><phr n="queue"><ent r="5" t="9" w="103" /><ent r="5" t="9" w="114" /></phr><phr n="Queue"><ent r="5" t="9" w="110" /><ent r="5" t="9" w="121" /></phr><phr n="queues"><ent r="5" t="9" w="428" /></phr><phr n="Queues"><ent r="5" t="9" w="431" /></phr></stem><stem n="_queue_siz"><phr n="_queue_size"><ent r="5" t="9" w="104" /><ent r="5" t="9" w="115" /></phr></stem><stem n="$in_queue_s"><phr n="$in_queue_size"><ent r="5" t="9" w="104" /><ent r="5" t="9" w="102" /></phr></stem><stem n="size"><phr n="size"><ent r="5" t="9" w="104" /><ent r="5" t="9" w="115" /><ent r="5" t="11" w="211" /><ent r="5" t="11" w="219" /><ent r="5" t="11" w="230" /></phr><phr n="SIZE"><ent r="3" t="33" w="177" /><ent r="3" t="33" w="210" /><ent r="3" t="33" w="242" /><ent r="3" t="33" w="277" /><ent r="3" t="33" w="308" /><ent r="3" t="33" w="333" /></phr></stem><stem n="inqueu"><phr n="inqueue"><ent r="5" t="9" w="107" /></phr></stem><stem n="$out"><phr n="$out"><ent r="5" t="9" w="113" /></phr></stem><stem n="$out_queu"><phr n="$out_queue"><ent r="5" t="9" w="114" /><ent r="5" t="9" w="113" /></phr></stem><stem n="$out_queue_s"><phr n="$out_queue_size"><ent r="5" t="9" w="115" /><ent r="5" t="9" w="113" /></phr></stem><stem n="outqueu"><phr n="outqueue"><ent r="5" t="9" w="118" /></phr></stem><stem n="$avg"><phr n="$avg"><ent r="5" t="9" w="124" /></phr></stem><stem n="_latenc"><phr n="_latency"><ent r="5" t="9" w="125" /></phr></stem><stem n="$avg_lat"><phr n="$avg_latency"><ent r="5" t="9" w="125" /><ent r="5" t="9" w="124" /></phr></stem><stem n="latenc"><phr n="latency"><ent r="5" t="9" w="125" /><ent r="5" t="9" w="128" /></phr><phr n="Latency"><ent r="5" t="9" w="132" /><ent r="5" t="9" w="643" /></phr></stem><stem n="messag"><phr n="Message"><ent r="5" t="9" w="131" /></phr><phr n="message"><ent r="5" t="13" w="1248" /><ent r="5" t="13" w="1382" /><ent r="5" t="13" w="1387" /><ent r="5" t="13" w="1400" /><ent r="5" t="13" w="1405" /><ent r="5" t="13" w="1422" /><ent r="5" t="13" w="1427" /><ent r="3" t="21" w="739" /><ent r="3" t="22" w="1114" /><ent r="3" t="26" w="181" /><ent r="3" t="26" w="436" /><ent r="3" t="31" w="15" /><ent r="65" t="37" w="525" /><ent r="65" t="37" w="702" /><ent r="83" t="37" w="1475" /><ent r="3" t="37" w="1520" /><ent r="83" t="37" w="3358" /><ent r="3" t="37" w="4580" /><ent r="3" t="37" w="4638" /><ent r="3" t="54" w="121" /><ent r="4" t="55" w="1194" /><ent r="4" t="55" w="1216" /><ent r="4" t="55" w="1245" /><ent r="3" t="60" w="37" /><ent r="5" t="60" w="63" /><ent r="4" t="60" w="107" /><ent r="3" t="60" w="156" /><ent r="3" t="60" w="222" /><ent r="3" t="60" w="228" /></phr><phr n="messages"><ent r="3" t="13" w="1361" /><ent r="3" t="21" w="778" /><ent r="3" t="53" w="29" /><ent r="3" t="54" w="148" /></phr><phr n="Messages"><ent r="92" t="21" w="774" /><ent r="64" t="53" w="45" /></phr></stem><stem n="bestpow"><phr n="BestPower"><ent r="5" t="9" w="146" /></phr></stem><stem n="$ctimeonbatteri"><phr n="$cTimeOnBattery"><ent r="5" t="9" w="149" /></phr></stem><stem n="$cinputvoltag"><phr n="$cInputVoltage"><ent r="5" t="9" w="161" /></phr></stem><stem n="$cinttempc"><phr n="$cIntTempC"><ent r="5" t="9" w="170" /></phr></stem><stem n="_connect"><phr n="_connect"><ent r="5" t="9" w="183" /><ent r="5" t="9" w="239" /><ent r="3" t="44" w="434" /><ent r="3" t="44" w="622" /></phr></stem><stem n="$_connect"><phr n="$_connect"><ent r="5" t="9" w="183" /><ent r="5" t="9" w="182" /><ent r="5" t="9" w="239" /><ent r="5" t="9" w="238" /></phr></stem><stem n="conntim"><phr n="conntime"><ent r="5" t="9" w="186" /><ent r="5" t="9" w="242" /></phr></stem><stem n="_activ"><phr n="_active"><ent r="5" t="9" w="194" /><ent r="5" t="9" w="250" /></phr></stem><stem n="$_activ"><phr n="$_active"><ent r="5" t="9" w="194" /><ent r="5" t="9" w="193" /><ent r="5" t="9" w="250" /><ent r="5" t="9" w="249" /></phr></stem><stem n="activ"><phr n="active"><ent r="5" t="9" w="194" /><ent r="5" t="9" w="250" /><ent r="6" t="38" w="122" /><ent r="4" t="38" w="274" /><ent r="3" t="39" w="626" /><ent r="3" t="50" w="247" /><ent r="3" t="59" w="231" /><ent r="3" t="59" w="260" /><ent r="3" t="61" w="137" /></phr><phr n="actively"><ent r="3" t="32" w="180" /></phr><phr n="activate"><ent r="4" t="50" w="300" /></phr></stem><stem n="connact"><phr n="connactive"><ent r="5" t="9" w="197" /><ent r="5" t="9" w="253" /></phr></stem><stem n="spent"><phr n="spent"><ent r="5" t="9" w="200" /><ent r="5" t="9" w="256" /><ent r="5" t="13" w="1190" /><ent r="3" t="39" w="620" /></phr></stem><stem n="host"><phr n="host"><ent r="5" t="9" w="203" /><ent r="5" t="9" w="259" /><ent r="3" t="39" w="623" /><ent r="3" t="44" w="604" /><ent r="3" t="44" w="610" /><ent r="3" t="44" w="640" /><ent r="3" t="44" w="678" /><ent r="3" t="49" w="848" /><ent r="3" t="61" w="273" /><ent r="3" t="61" w="286" /><ent r="3" t="61" w="345" /><ent r="3" t="61" w="359" /><ent r="3" t="61" w="388" /><ent r="3" t="61" w="472" /><ent r="3" t="61" w="913" /><ent r="3" t="61" w="920" /><ent r="3" t="61" w="929" /><ent r="3" t="61" w="1325" /><ent r="3" t="61" w="1346" /><ent r="3" t="61" w="1350" /></phr><phr n="Host"><ent r="5" t="9" w="677" /></phr><phr n="Hosting"><ent r="100" t="40" w="68" /></phr><phr n="hosting"><ent r="4" t="41" w="149" /></phr><phr n="HOST"><ent r="3" t="44" w="623" /></phr></stem><stem n="exid"><phr n="Exide"><ent r="5" t="9" w="205" /></phr></stem><stem n="$leftmin"><phr n="$LeftMin"><ent r="5" t="9" w="216" /><ent r="5" t="9" w="321" /><ent r="5" t="9" w="753" /><ent r="5" t="9" w="793" /></phr></stem><stem n="$in1volt"><phr n="$in1Volt"><ent r="5" t="9" w="227" /><ent r="5" t="9" w="332" /><ent r="5" t="9" w="764" /><ent r="5" t="9" w="804" /></phr></stem><stem n="authent"><phr n="Authenticate"><ent r="5" t="9" w="262" /></phr><phr n="Authenticated"><ent r="5" t="9" w="380" /></phr><phr n="authentication"><ent r="3" t="55" w="542" /><ent r="3" t="55" w="545" /><ent r="3" t="55" w="602" /><ent r="3" t="55" w="605" /><ent r="6" t="70" w="696" /></phr></stem><stem n="(authenticate)"><phr n="(Authenticate)"><ent r="5" t="9" w="263" /></phr></stem><stem n="post"><phr n="Post"><ent r="5" t="9" w="270" /><ent r="5" t="9" w="302" /></phr><phr n="post"><ent r="3" t="14" w="764" /><ent r="3" t="52" w="90" /><ent r="3" t="60" w="160" /></phr><phr n="POST"><ent r="3" t="57" w="43" /><ent r="3" t="58" w="321" /><ent r="3" t="59" w="289" /><ent r="3" t="60" w="21" /><ent r="3" t="60" w="134" /><ent r="3" t="60" w="212" /></phr></stem><stem n="(post)"><phr n="(Post)"><ent r="5" t="9" w="271" /><ent r="5" t="9" w="303" /></phr></stem><stem n="proxi"><phr n="Proxy"><ent r="5" t="9" w="278" /></phr></stem><stem n="(proxy)"><phr n="(Proxy)"><ent r="5" t="9" w="279" /></phr></stem><stem n="(virtual"><phr n="(Virtual"><ent r="5" t="9" w="286" /></phr></stem><stem n="virtual"><phr n="Virtual"><ent r="5" t="9" w="286" /></phr><phr n="virtual"><ent r="4" t="19" w="216" /><ent r="7" t="68" w="577" /></phr></stem><stem n="liebert"><phr n="Liebert"><ent r="5" t="9" w="309" /></phr></stem><stem n="opencomm"><phr n="OpenComms"><ent r="5" t="9" w="311" /></phr></stem><stem n="$batterytempc"><phr n="$batteryTempC"><ent r="5" t="9" w="341" /></phr></stem><stem n="os"><phr n="OS"><ent r="5" t="9" w="349" /><ent r="5" t="9" w="370" /><ent r="5" t="9" w="391" /><ent r="5" t="9" w="420" /><ent r="5" t="9" w="441" /><ent r="5" t="9" w="462" /><ent r="5" t="9" w="500" /><ent r="100" t="40" w="89" /><ent r="4" t="41" w="159" /><ent r="3" t="49" w="767" /><ent r="3" t="56" w="510" /></phr><phr n="os"><ent r="3" t="14" w="1178" /><ent r="3" t="49" w="708" /></phr></stem><stem n="afp"><phr n="AFP"><ent r="5" t="9" w="352" /></phr></stem><stem n="$currentthroughput"><phr n="$currentThroughput"><ent r="5" t="9" w="354" /><ent r="5" t="9" w="454" /><ent r="5" t="9" w="484" /></phr></stem><stem n="throughput"><phr n="throughput"><ent r="5" t="9" w="357" /><ent r="5" t="9" w="360" /><ent r="5" t="9" w="457" /><ent r="5" t="9" w="460" /><ent r="5" t="9" w="487" /><ent r="5" t="9" w="490" /><ent r="5" t="9" w="498" /></phr></stem><stem n="$currentconnect"><phr n="$currentConnections"><ent r="5" t="9" w="362" /><ent r="5" t="9" w="446" /></phr></stem><stem n="ftp"><phr n="FTP"><ent r="5" t="9" w="373" /><ent r="3" t="34" w="428" /><ent r="3" t="34" w="453" /><ent r="100" t="37" w="105" /><ent r="100" t="37" w="109" /><ent r="100" t="37" w="113" /><ent r="64" t="37" w="119" /><ent r="100" t="37" w="138" /><ent r="100" t="37" w="303" /><ent r="100" t="37" w="3863" /><ent r="92" t="37" w="3874" /><ent r="3" t="37" w="3989" /><ent r="3" t="37" w="4021" /><ent r="3" t="37" w="4035" /><ent r="3" t="37" w="4065" /><ent r="3" t="37" w="4076" /><ent r="3" t="37" w="4091" /><ent r="3" t="37" w="4137" /><ent r="3" t="37" w="4175" /><ent r="3" t="37" w="4187" /><ent r="100" t="37" w="4342" /><ent r="100" t="37" w="4346" /><ent r="3" t="37" w="4351" /><ent r="3" t="37" w="4469" /><ent r="3" t="37" w="4483" /><ent r="3" t="37" w="4554" /></phr></stem><stem n="$realconnectioncount"><phr n="$realConnectionCount"><ent r="5" t="9" w="375" /></phr></stem><stem n="authconn"><phr n="authconns"><ent r="5" t="9" w="378" /></phr></stem><stem n="$anonymousconnectioncount"><phr n="$anonymousConnectionCount"><ent r="5" t="9" w="383" /></phr></stem><stem n="anonconn"><phr n="anonconns"><ent r="5" t="9" w="386" /></phr></stem><stem n="anonym"><phr n="Anonymous"><ent r="5" t="9" w="388" /></phr><phr n="anonymous"><ent r="3" t="37" w="1379" /><ent r="3" t="37" w="4368" /></phr></stem><stem n="nat"><phr n="NAT"><ent r="5" t="9" w="394" /><ent r="6" t="70" w="751" /></phr></stem><stem n="$activetcp"><phr n="$activeTCP"><ent r="5" t="9" w="396" /></phr></stem><stem n="tcpconn"><phr n="tcpconns"><ent r="5" t="9" w="399" /></phr></stem><stem n="$activeudp"><phr n="$activeUDP"><ent r="5" t="9" w="404" /></phr></stem><stem n="udpconn"><phr n="udpconns"><ent r="5" t="9" w="407" /></phr></stem><stem n="$activeicmp"><phr n="$activeICMP"><ent r="5" t="9" w="412" /></phr></stem><stem n="icmpconn"><phr n="icmpconns"><ent r="5" t="9" w="415" /></phr></stem><stem n="print"><phr n="Print"><ent r="5" t="9" w="423" /></phr><phr n="printed"><ent r="5" t="13" w="1228" /><ent r="3" t="33" w="296" /></phr><phr n="print"><ent r="3" t="14" w="1314" /><ent r="3" t="44" w="263" /><ent r="3" t="44" w="619" /><ent r="3" t="44" w="683" /><ent r="3" t="46" w="447" /><ent r="3" t="46" w="476" /><ent r="3" t="49" w="805" /><ent r="3" t="49" w="828" /><ent r="3" t="49" w="872" /><ent r="3" t="49" w="922" /><ent r="3" t="61" w="751" /><ent r="3" t="61" w="804" /></phr><phr n="Prints"><ent r="4" t="24" w="1302" /><ent r="4" t="24" w="1828" /></phr></stem><stem n="$currentqueu"><phr n="$currentQueues"><ent r="5" t="9" w="425" /></phr></stem><stem n="$currentjob"><phr n="$currentJobs"><ent r="5" t="9" w="433" /></phr></stem><stem n="numjob"><phr n="numjobs"><ent r="5" t="9" w="436" /></phr></stem><stem n="spool"><phr n="Spooled"><ent r="5" t="9" w="438" /></phr></stem><stem n="job"><phr n="Jobs"><ent r="5" t="9" w="439" /></phr></stem><stem n="qtss"><phr n="QTSS"><ent r="5" t="9" w="444" /></phr></stem><stem n="$currentrequestsby10"><phr n="$currentRequestsBy10"><ent r="5" t="9" w="467" /></phr></stem><stem n="requestr"><phr n="requestrate"><ent r="5" t="9" w="470" /></phr></stem><stem n="/second"><phr n="/second"><ent r="5" t="9" w="473" /><ent r="5" t="9" w="482" /></phr></stem><stem n="requests/second"><phr n="Requests/second"><ent r="5" t="9" w="473" /><ent r="5" t="9" w="472" /><ent r="5" t="9" w="482" /><ent r="5" t="9" w="481" /></phr></stem><stem n="$cachecurrentrequestsby10"><phr n="$cacheCurrentRequestsBy10"><ent r="5" t="9" w="475" /></phr></stem><stem n="cachehitr"><phr n="cachehitrate"><ent r="5" t="9" w="478" /></phr></stem><stem n="cach"><phr n="Cache"><ent r="5" t="9" w="480" /><ent r="5" t="9" w="497" /></phr></stem><stem n="$cachecurrentthroughput"><phr n="$cacheCurrentThroughput"><ent r="5" t="9" w="492" /></phr></stem><stem n="throughputcach"><phr n="throughputcache"><ent r="5" t="9" w="495" /></phr></stem><stem n="$cpu"><phr n="$cpu"><ent r="5" t="9" w="505" /></phr><phr n="$CPU"><ent r="3" t="13" w="2556" /></phr></stem><stem n="usag"><phr n="Usage"><ent r="5" t="9" w="511" /><ent r="72" t="13" w="1521" /><ent r="72" t="13" w="1798" /><ent r="72" t="13" w="2202" /><ent r="3" t="22" w="989" /><ent r="3" t="22" w="1083" /><ent r="3" t="44" w="620" /><ent r="3" t="44" w="862" /><ent r="3" t="46" w="448" /><ent r="3" t="61" w="514" /><ent r="6" t="70" w="1340" /><ent r="6" t="70" w="1392" /><ent r="6" t="70" w="1454" /><ent r="6" t="70" w="1508" /><ent r="6" t="70" w="1549" /></phr><phr n="usage"><ent r="3" t="24" w="930" /><ent r="4" t="35" w="1364" /><ent r="6" t="70" w="682" /></phr></stem><stem n="cisco"><phr n="Cisco"><ent r="5" t="9" w="514" /><ent r="5" t="9" w="548" /><ent r="5" t="9" w="582" /><ent r="5" t="9" w="614" /></phr></stem><stem n=".busyp"><phr n=".busyPer"><ent r="5" t="9" w="520" /><ent r="5" t="9" w="555" /><ent r="5" t="9" w="586" /></phr></stem><stem n=".avgbusy1"><phr n=".avgBusy1"><ent r="5" t="9" w="529" /><ent r="5" t="9" w="564" /><ent r="5" t="9" w="595" /></phr></stem><stem n=".freemem"><phr n=".freeMem"><ent r="5" t="9" w="539" /><ent r="5" t="9" w="605" /></phr></stem><stem n="pool"><phr n="Pool"><ent r="5" t="9" w="552" /></phr></stem><stem n="$ciscomemorypoolfree1"><phr n="$ciscoMemoryPoolFree1"><ent r="5" t="9" w="573" /></phr></stem><stem n="v2c"><phr n="v2c"><ent r="5" t="9" w="583" /><ent r="5" t="13" w="838" /><ent r="5" t="13" w="857" /><ent r="3" t="22" w="1176" /><ent r="4" t="29" w="393" /><ent r="3" t="29" w="924" /><ent r="3" t="32" w="1566" /></phr></stem><stem n="(v2c)"><phr n="(v2c)"><ent r="5" t="9" w="584" /><ent r="4" t="29" w="394" /><ent r="3" t="29" w="925" /></phr></stem><stem n="sla"><phr n="SLA"><ent r="5" t="9" w="616" /></phr></stem><stem n="jitter"><phr n="Jitter"><ent r="5" t="9" w="617" /><ent r="5" t="9" w="635" /></phr></stem><stem n="$cpmcputotal1min"><phr n="$cpmCPUTotal1min"><ent r="5" t="9" w="620" /></phr></stem><stem n="$avgjitt"><phr n="$AvgJitter"><ent r="5" t="9" w="629" /></phr></stem><stem n="jitteravg"><phr n="jitteravg"><ent r="5" t="9" w="632" /></phr></stem><stem n="$avglat"><phr n="$AvgLatency"><ent r="5" t="9" w="637" /></phr></stem><stem n="latencyavg"><phr n="latencyavg"><ent r="5" t="9" w="640" /></phr></stem><stem n="$percentpacketloss"><phr n="$PercentPacketLoss"><ent r="5" t="9" w="645" /></phr></stem><stem n="pktloss"><phr n="pktloss"><ent r="5" t="9" w="648" /></phr></stem><stem n="comparison"><phr n="Comparison"><ent r="5" t="9" w="654" /></phr><phr n="comparisons"><ent r="3" t="13" w="1840" /><ent r="3" t="14" w="423" /><ent r="3" t="17" w="31" /><ent r="3" t="17" w="224" /><ent r="4" t="17" w="253" /><ent r="3" t="17" w="289" /><ent r="3" t="17" w="372" /><ent r="4" t="17" w="433" /><ent r="4" t="24" w="239" /><ent r="3" t="27" w="314" /><ent r="4" t="34" w="410" /><ent r="3" t="34" w="703" /><ent r="3" t="37" w="1695" /></phr><phr n="comparison"><ent r="3" t="14" w="394" /><ent r="4" t="15" w="190" /><ent r="4" t="17" w="56" /><ent r="3" t="17" w="70" /><ent r="4" t="17" w="236" /><ent r="3" t="17" w="299" /><ent r="3" t="17" w="336" /><ent r="3" t="17" w="348" /><ent r="4" t="17" w="393" /><ent r="4" t="17" w="406" /><ent r="3" t="34" w="737" /></phr><phr n="Comparisons"><ent r="100" t="17" w="23" /><ent r="100" t="17" w="25" /><ent r="100" t="17" w="215" /><ent r="92" t="17" w="219" /><ent r="100" t="17" w="340" /><ent r="82" t="17" w="343" /><ent r="92" t="34" w="691" /><ent r="92" t="34" w="842" /></phr></stem><stem n="$theoid"><phr n="$theOID"><ent r="5" t="9" w="656" /><ent r="5" t="9" w="668" /><ent r="5" t="9" w="707" /><ent r="5" t="9" w="719" /><ent r="3" t="27" w="420" /><ent r="3" t="27" w="429" /></phr></stem><stem n="high"><phr n="High"><ent r="5" t="9" w="665" /><ent r="3" t="27" w="44" /><ent r="3" t="32" w="511" /><ent r="3" t="32" w="672" /><ent r="3" t="32" w="795" /><ent r="3" t="32" w="905" /><ent r="3" t="32" w="1087" /></phr><phr n="high"><ent r="3" t="17" w="172" /><ent r="3" t="17" w="185" /><ent r="3" t="21" w="49" /><ent r="4" t="40" w="847" /><ent r="3" t="40" w="859" /><ent r="7" t="70" w="331" /></phr><phr n="HIGH"><ent r="3" t="22" w="68" /><ent r="3" t="22" w="77" /><ent r="4" t="22" w="433" /><ent r="3" t="23" w="189" /><ent r="3" t="23" w="199" /></phr></stem><stem n="(built-in)"><phr n="(built-in)"><ent r="5" t="9" w="681" /></phr></stem><stem n="hrprocessort"><phr n="hrProcessorTable"><ent r="5" t="9" w="686" /></phr></stem><stem n="ucd"><phr n="UCD"><ent r="5" t="9" w="688" /></phr></stem><stem n="ucd-snmp"><phr n="UCD-SNMP"><ent r="5" t="9" w="688" /></phr></stem><stem n="(anchor"><phr n="(anchor"><ent r="5" t="9" w="692" /></phr></stem><stem n="anchor"><phr n="anchor"><ent r="5" t="9" w="692" /><ent r="100" t="70" w="2338" /><ent r="7" t="70" w="2341" /><ent r="6" t="70" w="2350" /><ent r="6" t="70" w="2356" /><ent r="7" t="70" w="2364" /><ent r="6" t="70" w="2369" /><ent r="7" t="70" w="2387" /><ent r="6" t="70" w="2402" /><ent r="6" t="70" w="2431" /><ent r="6" t="70" w="2437" /><ent r="6" t="70" w="2460" /><ent r="6" t="70" w="2463" /></phr></stem><stem n="ucur"><phr n="UcuR"><ent r="5" t="9" w="694" /></phr></stem><stem n="low"><phr n="Low"><ent r="5" t="9" w="704" /></phr><phr n="low"><ent r="3" t="21" w="55" /></phr></stem><stem n="$tcpcurrestab"><phr n="$tcpCurrEstab"><ent r="5" t="9" w="731" /></phr></stem><stem n="numconn"><phr n="numconns"><ent r="5" t="9" w="734" /></phr></stem><stem n="rfc1628"><phr n="RFC1628"><ent r="5" t="9" w="743" /></phr></stem><stem n="(rfc1628)"><phr n="(RFC1628)"><ent r="5" t="9" w="744" /></phr></stem><stem n="tripplit"><phr n="TrippLite"><ent r="5" t="9" w="782" /></phr></stem><stem n="$envtempc"><phr n="$envTempC"><ent r="5" t="9" w="813" /></phr></stem><stem n="ambient"><phr n="Ambient"><ent r="5" t="9" w="818" /></phr></stem><stem n="$envhumid"><phr n="$envHumid"><ent r="5" t="9" w="822" /></phr></stem><stem n="humid"><phr n="humidity"><ent r="5" t="9" w="825" /></phr><phr n="Humidity"><ent r="5" t="9" w="827" /></phr></stem><stem n="victron"><phr n="Victron"><ent r="5" t="9" w="829" /></phr></stem><stem n="$batt"><phr n="$batt"><ent r="5" t="9" w="832" /></phr></stem><stem n=".rem"><phr n=".rem"><ent r="5" t="9" w="833" /></phr></stem><stem n="$batt.rem"><phr n="$batt.rem"><ent r="5" t="9" w="833" /><ent r="5" t="9" w="832" /></phr></stem><stem n="rem"><phr n="rem"><ent r="5" t="9" w="833" /></phr><phr n="Rem"><ent r="3" t="61" w="877" /></phr></stem><stem n="$input"><phr n="$input"><ent r="5" t="9" w="844" /></phr></stem><stem n=".volt1"><phr n=".volt1"><ent r="5" t="9" w="845" /></phr></stem><stem n="$input.volt1"><phr n="$input.volt1"><ent r="5" t="9" w="845" /><ent r="5" t="9" w="844" /></phr></stem><stem n="volt1"><phr n="volt1"><ent r="5" t="9" w="845" /></phr></stem></index>