<?xml version="1.0" encoding="utf-8"?><index><stem n="arriv"><phr n="arrive"><ent r="3" t="4" w="411" /><ent r="3" t="32" w="165" /><ent r="3" t="32" w="325" /></phr><phr n="arrives"><ent r="3" t="28" w="59" /><ent r="3" t="28" w="259" /><ent r="3" t="29" w="586" /><ent r="3" t="32" w="240" /><ent r="3" t="32" w="1154" /><ent r="3" t="37" w="4420" /><ent r="4" t="38" w="349" /><ent r="3" t="71" w="330" /></phr><phr n="arrival"><ent r="4" t="38" w="340" /></phr></stem><stem n="work"><phr n="work"><ent r="3" t="4" w="423" /><ent r="6" t="5" w="1082" /><ent r="4" t="19" w="1945" /><ent r="3" t="24" w="1851" /><ent r="4" t="26" w="532" /><ent r="3" t="26" w="806" /><ent r="3" t="26" w="1052" /><ent r="3" t="37" w="1343" /><ent r="3" t="40" w="469" /><ent r="3" t="47" w="420" /><ent r="3" t="49" w="48" /><ent r="3" t="61" w="701" /><ent r="3" t="70" w="210" /></phr><phr n="works"><ent r="3" t="14" w="238" /><ent r="3" t="32" w="291" /><ent r="3" t="61" w="754" /><ent r="6" t="68" w="715" /></phr><phr n="working"><ent r="3" t="21" w="405" /><ent r="3" t="21" w="454" /><ent r="3" t="54" w="17" /><ent r="3" t="61" w="231" /><ent r="3" t="61" w="330" /></phr><phr n="worked"><ent r="3" t="21" w="462" /></phr><phr n="Works"><ent r="3" t="32" w="235" /></phr></stem><stem n="somewhat"><phr n="somewhat"><ent r="3" t="4" w="424" /></phr></stem><stem n="&lt;script&gt;"><phr n="&lt;script&gt;"><ent r="67" t="4" w="507" /><ent r="82" t="13" w="988" /><ent r="5" t="34" w="271" /><ent r="5" t="34" w="304" /><ent r="1000" t="35" w="2" /><ent r="103" t="35" w="7" /><ent r="4" t="35" w="14" /><ent r="4" t="35" w="47" /><ent r="3" t="35" w="70" /><ent r="3" t="39" w="445" /></phr></stem><stem n="flow"><phr n="flow"><ent r="4" t="4" w="537" /><ent r="3" t="15" w="116" /><ent r="3" t="35" w="251" /><ent r="92" t="37" w="489" /></phr><phr n="Flow"><ent r="100" t="35" w="139" /><ent r="65" t="35" w="143" /><ent r="92" t="35" w="241" /></phr></stem><stem n="basic"><phr n="Basic"><ent r="4" t="4" w="542" /><ent r="3" t="37" w="958" /><ent r="3" t="37" w="1080" /><ent r="4" t="57" w="106" /><ent r="3" t="60" w="13" /></phr><phr n="basic"><ent r="3" t="20" w="224" /><ent r="3" t="53" w="22" /></phr><phr n="Basically"><ent r="3" t="24" w="1911" /></phr></stem><stem n="rich"><phr n="rich"><ent r="4" t="4" w="544" /><ent r="65" t="34" w="321" /><ent r="64" t="35" w="64" /></phr></stem><stem n="-output&gt;"><phr n="-output&gt;"><ent r="67" t="4" w="556" /><ent r="67" t="4" w="556" /><ent r="67" t="10" w="89" /><ent r="67" t="10" w="89" /><ent r="93" t="10" w="330" /><ent r="93" t="10" w="330" /><ent r="4" t="10" w="337" /><ent r="4" t="10" w="337" /><ent r="4" t="13" w="552" /><ent r="4" t="13" w="552" /><ent r="82" t="13" w="1269" /><ent r="82" t="13" w="1269" /><ent r="5" t="13" w="1790" /><ent r="5" t="13" w="1790" /><ent r="5" t="34" w="329" /><ent r="5" t="34" w="329" /><ent r="1000" t="36" w="2" /><ent r="1000" t="36" w="2" /><ent r="103" t="36" w="8" /><ent r="103" t="36" w="8" /><ent r="4" t="36" w="15" /><ent r="4" t="36" w="15" /><ent r="92" t="38" w="200" /><ent r="92" t="38" w="200" /><ent r="4" t="38" w="208" /><ent r="4" t="38" w="208" /><ent r="4" t="38" w="293" /><ent r="4" t="38" w="293" /><ent r="3" t="39" w="599" /><ent r="3" t="39" w="599" /></phr></stem><stem n="&lt;script"><phr n="&lt;script"><ent r="67" t="4" w="556" /><ent r="67" t="10" w="89" /><ent r="93" t="10" w="330" /><ent r="4" t="10" w="337" /><ent r="82" t="13" w="1269" /><ent r="5" t="13" w="1790" /><ent r="5" t="34" w="329" /><ent r="1000" t="36" w="2" /><ent r="103" t="36" w="8" /><ent r="4" t="36" w="15" /><ent r="92" t="38" w="200" /><ent r="4" t="38" w="208" /><ent r="4" t="38" w="293" /><ent r="3" t="39" w="599" /></phr></stem><stem n="&lt;script-output&gt;"><phr n="&lt;script-output&gt;"><ent r="67" t="4" w="556" /><ent r="67" t="10" w="89" /><ent r="93" t="10" w="330" /><ent r="4" t="10" w="337" /><ent r="82" t="13" w="1269" /><ent r="5" t="13" w="1790" /><ent r="5" t="34" w="329" /><ent r="1000" t="36" w="2" /><ent r="103" t="36" w="8" /><ent r="4" t="36" w="15" /><ent r="92" t="38" w="200" /><ent r="4" t="38" w="208" /><ent r="4" t="38" w="293" /><ent r="3" t="39" w="599" /></phr></stem><stem n="output&gt;"><phr n="output&gt;"><ent r="67" t="4" w="557" /><ent r="67" t="10" w="90" /><ent r="93" t="10" w="331" /><ent r="4" t="10" w="338" /><ent r="4" t="13" w="553" /><ent r="82" t="13" w="1270" /><ent r="5" t="13" w="1791" /><ent r="5" t="34" w="330" /><ent r="1000" t="36" w="3" /><ent r="103" t="36" w="9" /><ent r="4" t="36" w="16" /><ent r="92" t="38" w="201" /><ent r="4" t="38" w="209" /><ent r="4" t="38" w="294" /><ent r="3" t="39" w="600" /><ent r="3" t="39" w="630" /></phr></stem><stem n="-line&gt;"><phr n="-line&gt;"><ent r="66" t="4" w="603" /><ent r="66" t="4" w="603" /><ent r="82" t="13" w="104" /><ent r="82" t="13" w="104" /><ent r="3" t="13" w="117" /><ent r="3" t="13" w="117" /><ent r="3" t="14" w="1055" /><ent r="3" t="14" w="1055" /><ent r="66" t="40" w="208" /><ent r="66" t="40" w="208" /><ent r="4" t="40" w="280" /><ent r="4" t="40" w="280" /><ent r="4" t="40" w="622" /><ent r="4" t="40" w="622" /><ent r="4" t="40" w="1247" /><ent r="4" t="40" w="1247" /><ent r="4" t="40" w="1275" /><ent r="4" t="40" w="1275" /><ent r="1000" t="41" w="2" /><ent r="1000" t="41" w="2" /><ent r="103" t="41" w="8" /><ent r="103" t="41" w="8" /><ent r="4" t="41" w="15" /><ent r="4" t="41" w="15" /><ent r="83" t="41" w="90" /><ent r="83" t="41" w="90" /><ent r="5" t="41" w="350" /><ent r="5" t="41" w="350" /><ent r="3" t="41" w="520" /><ent r="3" t="41" w="520" /><ent r="4" t="44" w="228" /><ent r="4" t="44" w="228" /><ent r="4" t="44" w="384" /><ent r="4" t="44" w="384" /><ent r="3" t="44" w="509" /><ent r="3" t="44" w="509" /><ent r="3" t="44" w="764" /><ent r="3" t="44" w="764" /><ent r="3" t="45" w="170" /><ent r="3" t="45" w="170" /><ent r="3" t="46" w="374" /><ent r="3" t="46" w="374" /><ent r="3" t="48" w="202" /><ent r="3" t="48" w="202" /><ent r="3" t="49" w="596" /><ent r="3" t="49" w="596" /></phr></stem><stem n="&lt;command"><phr n="&lt;command"><ent r="66" t="4" w="603" /><ent r="66" t="4" w="628" /><ent r="66" t="4" w="673" /><ent r="67" t="10" w="103" /><ent r="93" t="10" w="387" /><ent r="4" t="10" w="394" /><ent r="82" t="13" w="104" /><ent r="82" t="13" w="107" /><ent r="3" t="13" w="117" /><ent r="3" t="13" w="120" /><ent r="5" t="13" w="206" /><ent r="82" t="13" w="278" /><ent r="3" t="13" w="289" /><ent r="5" t="13" w="1768" /><ent r="3" t="14" w="1055" /><ent r="3" t="14" w="1081" /><ent r="3" t="14" w="1120" /><ent r="66" t="40" w="208" /><ent r="66" t="40" w="235" /><ent r="66" t="40" w="257" /><ent r="4" t="40" w="280" /><ent r="4" t="40" w="622" /><ent r="4" t="40" w="689" /><ent r="5" t="40" w="749" /><ent r="4" t="40" w="1247" /><ent r="4" t="40" w="1275" /><ent r="1000" t="41" w="2" /><ent r="103" t="41" w="8" /><ent r="4" t="41" w="15" /><ent r="83" t="41" w="90" /><ent r="5" t="41" w="350" /><ent r="3" t="41" w="520" /><ent r="1000" t="42" w="2" /><ent r="103" t="42" w="8" /><ent r="4" t="42" w="15" /><ent r="4" t="42" w="22" /><ent r="1000" t="43" w="2" /><ent r="103" t="43" w="8" /><ent r="4" t="43" w="15" /><ent r="4" t="44" w="228" /><ent r="4" t="44" w="384" /><ent r="3" t="44" w="509" /><ent r="3" t="44" w="526" /><ent r="3" t="44" w="533" /><ent r="3" t="44" w="572" /><ent r="3" t="44" w="764" /><ent r="3" t="44" w="791" /><ent r="3" t="44" w="798" /><ent r="3" t="44" w="828" /><ent r="3" t="45" w="170" /><ent r="3" t="45" w="181" /><ent r="3" t="45" w="201" /><ent r="3" t="46" w="374" /><ent r="3" t="46" w="388" /><ent r="3" t="46" w="413" /><ent r="5" t="47" w="898" /><ent r="3" t="48" w="202" /><ent r="3" t="48" w="219" /><ent r="3" t="48" w="253" /><ent r="3" t="49" w="596" /><ent r="3" t="49" w="613" /><ent r="3" t="49" w="653" /></phr></stem><stem n="&lt;command-line&gt;"><phr n="&lt;command-line&gt;"><ent r="66" t="4" w="603" /><ent r="82" t="13" w="104" /><ent r="3" t="13" w="117" /><ent r="3" t="14" w="1055" /><ent r="66" t="40" w="208" /><ent r="4" t="40" w="280" /><ent r="4" t="40" w="622" /><ent r="4" t="40" w="1247" /><ent r="4" t="40" w="1275" /><ent r="1000" t="41" w="2" /><ent r="103" t="41" w="8" /><ent r="4" t="41" w="15" /><ent r="83" t="41" w="90" /><ent r="5" t="41" w="350" /><ent r="3" t="41" w="520" /><ent r="4" t="44" w="228" /><ent r="4" t="44" w="384" /><ent r="3" t="44" w="509" /><ent r="3" t="44" w="764" /><ent r="3" t="45" w="170" /><ent r="3" t="46" w="374" /><ent r="3" t="48" w="202" /><ent r="3" t="49" w="596" /></phr></stem><stem n="line&gt;"><phr n="line&gt;"><ent r="66" t="4" w="604" /><ent r="82" t="13" w="105" /><ent r="3" t="13" w="118" /><ent r="3" t="14" w="1056" /><ent r="3" t="14" w="1080" /><ent r="66" t="40" w="209" /><ent r="4" t="40" w="281" /><ent r="4" t="40" w="623" /><ent r="4" t="40" w="1248" /><ent r="4" t="40" w="1276" /><ent r="1000" t="41" w="3" /><ent r="103" t="41" w="9" /><ent r="4" t="41" w="16" /><ent r="83" t="41" w="91" /><ent r="5" t="41" w="351" /><ent r="5" t="41" w="372" /><ent r="3" t="41" w="521" /><ent r="3" t="41" w="533" /><ent r="4" t="44" w="229" /><ent r="4" t="44" w="385" /><ent r="3" t="44" w="510" /><ent r="3" t="44" w="525" /><ent r="3" t="44" w="765" /><ent r="3" t="44" w="790" /><ent r="3" t="45" w="171" /><ent r="3" t="45" w="180" /><ent r="3" t="46" w="375" /><ent r="3" t="46" w="387" /><ent r="3" t="48" w="203" /><ent r="3" t="48" w="218" /><ent r="3" t="49" w="597" /><ent r="3" t="49" w="611" /></phr></stem><stem n="build"><phr n="builds"><ent r="4" t="4" w="608" /></phr><phr n="Build"><ent r="100" t="40" w="414" /><ent r="100" t="47" w="64" /></phr><phr n="build"><ent r="3" t="40" w="436" /><ent r="3" t="47" w="76" /><ent r="3" t="49" w="18" /><ent r="4" t="49" w="394" /><ent r="3" t="49" w="816" /><ent r="93" t="54" w="273" /><ent r="93" t="54" w="440" /></phr></stem><stem n="-line,"><phr n="-line,"><ent r="4" t="4" w="612" /><ent r="4" t="4" w="612" /><ent r="3" t="37" w="1813" /><ent r="3" t="37" w="1813" /><ent r="4" t="40" w="216" /><ent r="4" t="40" w="216" /></phr></stem><stem n="path"><phr n="path"><ent r="4" t="4" w="615" /><ent r="5" t="13" w="217" /><ent r="5" t="13" w="252" /><ent r="3" t="14" w="1060" /><ent r="3" t="14" w="1067" /><ent r="4" t="40" w="218" /><ent r="4" t="40" w="609" /><ent r="65" t="40" w="1005" /><ent r="5" t="41" w="38" /><ent r="4" t="41" w="42" /><ent r="5" t="41" w="98" /><ent r="4" t="41" w="122" /><ent r="5" t="41" w="135" /><ent r="4" t="41" w="162" /><ent r="4" t="41" w="177" /><ent r="4" t="41" w="189" /><ent r="5" t="41" w="353" /><ent r="3" t="44" w="372" /><ent r="4" t="44" w="402" /><ent r="3" t="44" w="767" /><ent r="3" t="44" w="774" /><ent r="3" t="45" w="172" /><ent r="4" t="46" w="159" /><ent r="3" t="46" w="376" /><ent r="3" t="48" w="205" /><ent r="3" t="48" w="212" /><ent r="4" t="49" w="185" /><ent r="4" t="49" w="221" /><ent r="3" t="49" w="598" /><ent r="3" t="49" w="958" /><ent r="4" t="55" w="766" /><ent r="3" t="58" w="490" /><ent r="3" t="59" w="407" /><ent r="3" t="61" w="619" /><ent r="3" t="61" w="625" /><ent r="6" t="70" w="1877" /><ent r="3" t="71" w="339" /></phr><phr n="PATH"><ent r="100" t="41" w="49" /><ent r="4" t="41" w="127" /><ent r="4" t="41" w="143" /></phr><phr n="paths"><ent r="3" t="44" w="395" /></phr></stem><stem n="paramt"><phr n="paramters"><ent r="4" t="4" w="618" /></phr></stem><stem n="-exit&gt;"><phr n="-exit&gt;"><ent r="66" t="4" w="628" /><ent r="66" t="4" w="628" /><ent r="82" t="13" w="107" /><ent r="82" t="13" w="107" /><ent r="3" t="13" w="120" /><ent r="3" t="13" w="120" /><ent r="5" t="13" w="206" /><ent r="5" t="13" w="206" /><ent r="3" t="14" w="1081" /><ent r="3" t="14" w="1081" /><ent r="66" t="40" w="235" /><ent r="66" t="40" w="235" /><ent r="4" t="40" w="689" /><ent r="4" t="40" w="689" /><ent r="1000" t="42" w="2" /><ent r="1000" t="42" w="2" /><ent r="103" t="42" w="8" /><ent r="103" t="42" w="8" /><ent r="4" t="42" w="15" /><ent r="4" t="42" w="15" /><ent r="4" t="42" w="22" /><ent r="4" t="42" w="22" /><ent r="3" t="44" w="533" /><ent r="3" t="44" w="533" /><ent r="3" t="44" w="798" /><ent r="3" t="44" w="798" /><ent r="3" t="45" w="181" /><ent r="3" t="45" w="181" /><ent r="3" t="46" w="388" /><ent r="3" t="46" w="388" /><ent r="3" t="48" w="219" /><ent r="3" t="48" w="219" /><ent r="3" t="49" w="613" /><ent r="3" t="49" w="613" /></phr></stem><stem n="&lt;command-exit&gt;"><phr n="&lt;command-exit&gt;"><ent r="66" t="4" w="628" /><ent r="82" t="13" w="107" /><ent r="3" t="13" w="120" /><ent r="5" t="13" w="206" /><ent r="3" t="14" w="1081" /><ent r="66" t="40" w="235" /><ent r="4" t="40" w="689" /><ent r="1000" t="42" w="2" /><ent r="103" t="42" w="8" /><ent r="4" t="42" w="15" /><ent r="4" t="42" w="22" /><ent r="3" t="44" w="533" /><ent r="3" t="44" w="798" /><ent r="3" t="45" w="181" /><ent r="3" t="46" w="388" /><ent r="3" t="48" w="219" /><ent r="3" t="49" w="613" /></phr></stem><stem n="exit&gt;"><phr n="exit&gt;"><ent r="66" t="4" w="629" /><ent r="82" t="13" w="108" /><ent r="3" t="13" w="121" /><ent r="5" t="13" w="207" /><ent r="3" t="14" w="1082" /><ent r="3" t="14" w="1119" /><ent r="66" t="40" w="236" /><ent r="4" t="40" w="690" /><ent r="1000" t="42" w="3" /><ent r="103" t="42" w="9" /><ent r="4" t="42" w="16" /><ent r="4" t="42" w="23" /><ent r="3" t="44" w="534" /><ent r="3" t="44" w="571" /><ent r="3" t="44" w="799" /><ent r="3" t="44" w="827" /><ent r="3" t="45" w="182" /><ent r="3" t="45" w="200" /><ent r="3" t="46" w="389" /><ent r="3" t="46" w="412" /><ent r="3" t="48" w="220" /><ent r="3" t="48" w="252" /><ent r="3" t="49" w="614" /><ent r="3" t="49" w="651" /></phr></stem><stem n="depend"><phr n="depending"><ent r="4" t="4" w="642" /><ent r="3" t="37" w="1180" /><ent r="3" t="39" w="201" /></phr><phr n="depends"><ent r="3" t="10" w="47" /></phr><phr n="Depending"><ent r="3" t="40" w="1175" /></phr></stem><stem n="return"><phr n="returned"><ent r="4" t="4" w="646" /><ent r="6" t="16" w="588" /><ent r="6" t="16" w="616" /><ent r="3" t="16" w="2140" /><ent r="4" t="24" w="2272" /><ent r="3" t="24" w="2749" /><ent r="3" t="28" w="269" /><ent r="3" t="35" w="897" /><ent r="3" t="40" w="345" /><ent r="3" t="47" w="178" /><ent r="3" t="48" w="93" /><ent r="4" t="49" w="420" /><ent r="3" t="53" w="68" /><ent r="4" t="54" w="96" /><ent r="3" t="56" w="497" /><ent r="3" t="65" w="126" /><ent r="3" t="65" w="147" /><ent r="6" t="70" w="422" /><ent r="6" t="70" w="904" /><ent r="4" t="77" w="123" /></phr><phr n="return"><ent r="6" t="5" w="899" /><ent r="6" t="5" w="1140" /><ent r="3" t="14" w="957" /><ent r="3" t="14" w="1171" /><ent r="3" t="15" w="98" /><ent r="3" t="16" w="2173" /><ent r="3" t="16" w="2178" /><ent r="3" t="16" w="2227" /><ent r="3" t="16" w="2234" /><ent r="3" t="16" w="2241" /><ent r="3" t="16" w="2245" /><ent r="3" t="24" w="2205" /><ent r="4" t="24" w="2309" /><ent r="4" t="24" w="2496" /><ent r="6" t="24" w="2982" /><ent r="3" t="35" w="113" /><ent r="3" t="35" w="613" /><ent r="100" t="37" w="4337" /><ent r="100" t="37" w="4340" /><ent r="3" t="37" w="4376" /><ent r="3" t="40" w="52" /><ent r="3" t="40" w="304" /><ent r="3" t="40" w="350" /><ent r="3" t="40" w="656" /><ent r="4" t="40" w="667" /><ent r="4" t="40" w="701" /><ent r="4" t="40" w="725" /><ent r="4" t="40" w="773" /><ent r="3" t="44" w="586" /><ent r="5" t="47" w="440" /><ent r="4" t="55" w="299" /><ent r="3" t="70" w="1780" /><ent r="5" t="77" w="148" /><ent r="5" t="77" w="151" /><ent r="5" t="77" w="208" /><ent r="5" t="77" w="215" /><ent r="5" t="77" w="222" /><ent r="5" t="77" w="226" /></phr><phr n="returning"><ent r="6" t="5" w="1000" /></phr><phr n="returns"><ent r="3" t="7" w="438" /><ent r="3" t="7" w="537" /><ent r="5" t="13" w="924" /><ent r="3" t="14" w="842" /><ent r="3" t="14" w="878" /><ent r="4" t="24" w="670" /><ent r="4" t="24" w="700" /><ent r="4" t="24" w="722" /><ent r="3" t="24" w="1013" /><ent r="3" t="24" w="1037" /><ent r="3" t="24" w="1050" /><ent r="3" t="24" w="1072" /><ent r="3" t="24" w="1096" /><ent r="3" t="24" w="1109" /><ent r="6" t="24" w="2623" /><ent r="6" t="24" w="2640" /><ent r="3" t="43" w="42" /><ent r="3" t="46" w="351" /><ent r="3" t="47" w="436" /><ent r="3" t="47" w="602" /><ent r="3" t="47" w="620" /><ent r="3" t="64" w="324" /><ent r="3" t="66" w="501" /></phr><phr n="Return"><ent r="3" t="14" w="734" /><ent r="100" t="35" w="520" /><ent r="5" t="35" w="523" /><ent r="82" t="47" w="594" /><ent r="4" t="56" w="760" /></phr><phr n="Returns"><ent r="4" t="24" w="738" /><ent r="4" t="24" w="763" /><ent r="4" t="24" w="788" /><ent r="4" t="24" w="804" /><ent r="3" t="24" w="895" /><ent r="3" t="24" w="1126" /><ent r="3" t="24" w="1138" /><ent r="3" t="24" w="1169" /><ent r="3" t="24" w="1619" /><ent r="3" t="24" w="1889" /></phr></stem><stem n="&lt;tool&gt;"><phr n="&lt;tool&gt;"><ent r="67" t="4" w="653" /><ent r="92" t="40" w="512" /><ent r="64" t="40" w="581" /><ent r="5" t="40" w="1020" /><ent r="5" t="40" w="1065" /><ent r="1000" t="44" w="2" /><ent r="103" t="44" w="7" /><ent r="4" t="44" w="14" /><ent r="4" t="44" w="36" /><ent r="92" t="44" w="99" /><ent r="4" t="44" w="351" /><ent r="4" t="44" w="416" /></phr></stem><stem n="code"><phr n="code"><ent r="4" t="4" w="659" /><ent r="3" t="11" w="433" /><ent r="5" t="13" w="185" /><ent r="5" t="13" w="189" /><ent r="5" t="13" w="201" /><ent r="4" t="24" w="825" /><ent r="3" t="24" w="1313" /><ent r="3" t="24" w="1579" /><ent r="3" t="24" w="1910" /><ent r="3" t="24" w="2504" /><ent r="3" t="24" w="2704" /><ent r="3" t="35" w="515" /><ent r="3" t="40" w="305" /><ent r="3" t="40" w="351" /><ent r="3" t="40" w="524" /><ent r="4" t="40" w="668" /><ent r="5" t="40" w="672" /><ent r="3" t="42" w="96" /><ent r="3" t="42" w="129" /><ent r="3" t="44" w="27" /><ent r="3" t="44" w="58" /><ent r="4" t="44" w="81" /><ent r="3" t="44" w="85" /><ent r="3" t="44" w="661" /><ent r="3" t="44" w="665" /><ent r="5" t="47" w="441" /><ent r="4" t="47" w="757" /><ent r="4" t="47" w="768" /><ent r="4" t="47" w="775" /><ent r="4" t="49" w="77" /><ent r="3" t="49" w="567" /><ent r="3" t="49" w="856" /><ent r="3" t="49" w="867" /><ent r="3" t="49" w="871" /><ent r="3" t="75" w="9" /><ent r="3" t="75" w="21" /></phr><phr n="codes"><ent r="3" t="14" w="1087" /><ent r="4" t="24" w="775" /><ent r="3" t="24" w="1185" /><ent r="3" t="24" w="1192" /><ent r="3" t="24" w="1507" /><ent r="3" t="24" w="1633" /><ent r="3" t="24" w="1666" /><ent r="3" t="24" w="1849" /><ent r="3" t="24" w="1928" /><ent r="3" t="44" w="539" /><ent r="3" t="44" w="587" /><ent r="3" t="48" w="225" /><ent r="3" t="49" w="619" /></phr><phr n="CODE"><ent r="3" t="14" w="1095" /><ent r="3" t="14" w="1100" /><ent r="3" t="14" w="1105" /><ent r="3" t="14" w="1110" /><ent r="3" t="14" w="1115" /><ent r="100" t="42" w="46" /><ent r="3" t="42" w="103" /><ent r="4" t="42" w="115" /><ent r="3" t="44" w="547" /><ent r="3" t="44" w="552" /><ent r="3" t="44" w="557" /><ent r="3" t="44" w="562" /><ent r="3" t="44" w="567" /><ent r="3" t="44" w="803" /><ent r="3" t="44" w="808" /><ent r="3" t="44" w="813" /><ent r="3" t="44" w="818" /><ent r="3" t="44" w="823" /><ent r="3" t="45" w="186" /><ent r="3" t="45" w="191" /><ent r="3" t="45" w="196" /><ent r="3" t="46" w="393" /><ent r="3" t="46" w="398" /><ent r="3" t="46" w="403" /><ent r="3" t="46" w="408" /><ent r="3" t="48" w="233" /><ent r="3" t="48" w="238" /><ent r="3" t="48" w="243" /><ent r="3" t="48" w="248" /><ent r="3" t="49" w="627" /><ent r="3" t="49" w="632" /><ent r="3" t="49" w="637" /><ent r="3" t="49" w="642" /><ent r="3" t="49" w="647" /></phr><phr n="Code"><ent r="3" t="46" w="461" /></phr></stem><stem n="companion"><phr n="companion"><ent r="4" t="4" w="662" /><ent r="92" t="40" w="516" /><ent r="3" t="40" w="573" /></phr></stem><stem n="execut"><phr n="executed"><ent r="4" t="4" w="666" /><ent r="3" t="14" w="902" /><ent r="3" t="37" w="220" /><ent r="3" t="37" w="4499" /></phr><phr n="executions"><ent r="3" t="14" w="383" /></phr><phr n="execute"><ent r="3" t="34" w="26" /><ent r="4" t="38" w="414" /><ent r="4" t="40" w="225" /><ent r="3" t="41" w="27" /><ent r="3" t="55" w="78" /><ent r="3" t="55" w="692" /></phr><phr n="executes"><ent r="3" t="37" w="1252" /><ent r="3" t="46" w="342" /></phr><phr n="executable"><ent r="4" t="40" w="221" /><ent r="3" t="40" w="632" /><ent r="4" t="40" w="948" /><ent r="4" t="40" w="1056" /><ent r="4" t="41" w="45" /><ent r="4" t="41" w="112" /><ent r="4" t="41" w="252" /><ent r="4" t="41" w="311" /><ent r="3" t="41" w="524" /><ent r="3" t="44" w="69" /><ent r="3" t="44" w="367" /><ent r="3" t="44" w="413" /><ent r="100" t="47" w="232" /><ent r="4" t="47" w="262" /><ent r="4" t="47" w="273" /></phr><phr n="execution"><ent r="4" t="40" w="711" /></phr><phr n="executables"><ent r="92" t="44" w="345" /></phr></stem><stem n="-display&gt;"><phr n="-display&gt;"><ent r="66" t="4" w="673" /><ent r="66" t="4" w="673" /><ent r="67" t="10" w="103" /><ent r="67" t="10" w="103" /><ent r="93" t="10" w="387" /><ent r="93" t="10" w="387" /><ent r="4" t="10" w="394" /><ent r="4" t="10" w="394" /><ent r="82" t="13" w="278" /><ent r="82" t="13" w="278" /><ent r="3" t="13" w="289" /><ent r="3" t="13" w="289" /><ent r="5" t="13" w="1768" /><ent r="5" t="13" w="1768" /><ent r="3" t="14" w="1120" /><ent r="3" t="14" w="1120" /><ent r="66" t="40" w="257" /><ent r="66" t="40" w="257" /><ent r="5" t="40" w="749" /><ent r="5" t="40" w="749" /><ent r="1000" t="43" w="2" /><ent r="1000" t="43" w="2" /><ent r="103" t="43" w="8" /><ent r="103" t="43" w="8" /><ent r="4" t="43" w="15" /><ent r="4" t="43" w="15" /><ent r="3" t="44" w="572" /><ent r="3" t="44" w="572" /><ent r="3" t="44" w="828" /><ent r="3" t="44" w="828" /><ent r="3" t="45" w="201" /><ent r="3" t="45" w="201" /><ent r="3" t="46" w="413" /><ent r="3" t="46" w="413" /><ent r="5" t="47" w="898" /><ent r="5" t="47" w="898" /><ent r="3" t="48" w="253" /><ent r="3" t="48" w="253" /><ent r="3" t="49" w="653" /><ent r="3" t="49" w="653" /></phr></stem><stem n="&lt;command-display&gt;"><phr n="&lt;command-display&gt;"><ent r="66" t="4" w="673" /><ent r="67" t="10" w="103" /><ent r="93" t="10" w="387" /><ent r="4" t="10" w="394" /><ent r="82" t="13" w="278" /><ent r="3" t="13" w="289" /><ent r="5" t="13" w="1768" /><ent r="3" t="14" w="1120" /><ent r="66" t="40" w="257" /><ent r="5" t="40" w="749" /><ent r="1000" t="43" w="2" /><ent r="103" t="43" w="8" /><ent r="4" t="43" w="15" /><ent r="3" t="44" w="572" /><ent r="3" t="44" w="828" /><ent r="3" t="45" w="201" /><ent r="3" t="46" w="413" /><ent r="5" t="47" w="898" /><ent r="3" t="48" w="253" /><ent r="3" t="49" w="653" /></phr></stem><stem n="html"><phr n="HTML"><ent r="3" t="4" w="712" /><ent r="100" t="12" w="10" /><ent r="3" t="12" w="23" /><ent r="3" t="12" w="37" /><ent r="100" t="35" w="1724" /><ent r="3" t="35" w="1728" /><ent r="3" t="35" w="1745" /><ent r="4" t="59" w="154" /><ent r="3" t="59" w="203" /><ent r="100" t="66" w="35" /><ent r="3" t="66" w="50" /><ent r="4" t="66" w="147" /><ent r="3" t="66" w="248" /><ent r="100" t="67" w="27" /><ent r="3" t="67" w="41" /><ent r="100" t="67" w="95" /><ent r="3" t="67" w="100" /><ent r="3" t="67" w="104" /><ent r="100" t="68" w="65" /><ent r="100" t="68" w="89" /><ent r="6" t="68" w="749" /><ent r="100" t="70" w="131" /><ent r="100" t="70" w="245" /><ent r="6" t="70" w="467" /><ent r="6" t="70" w="612" /><ent r="6" t="70" w="1390" /><ent r="6" t="70" w="1527" /><ent r="6" t="70" w="1710" /><ent r="5" t="70" w="1759" /><ent r="100" t="71" w="89" /><ent r="3" t="71" w="100" /><ent r="3" t="71" w="162" /><ent r="3" t="71" w="257" /><ent r="100" t="71" w="402" /><ent r="3" t="71" w="405" /><ent r="3" t="71" w="417" /></phr><phr n="html"><ent r="64" t="26" w="481" /><ent r="3" t="32" w="353" /><ent r="3" t="32" w="368" /><ent r="64" t="47" w="408" /><ent r="64" t="49" w="987" /><ent r="64" t="49" w="1001" /><ent r="4" t="59" w="150" /><ent r="3" t="59" w="186" /><ent r="4" t="60" w="97" /><ent r="3" t="61" w="699" /><ent r="64" t="63" w="33" /><ent r="100" t="66" w="548" /><ent r="5" t="66" w="551" /><ent r="100" t="66" w="566" /><ent r="5" t="66" w="569" /><ent r="100" t="66" w="581" /><ent r="5" t="66" w="584" /><ent r="100" t="66" w="595" /><ent r="5" t="66" w="598" /><ent r="100" t="66" w="609" /><ent r="5" t="66" w="612" /><ent r="100" t="66" w="623" /><ent r="5" t="66" w="626" /><ent r="3" t="66" w="638" /><ent r="3" t="66" w="640" /><ent r="3" t="66" w="642" /><ent r="3" t="66" w="645" /><ent r="100" t="68" w="63" /><ent r="7" t="68" w="69" /><ent r="7" t="68" w="106" /><ent r="7" t="68" w="253" /><ent r="100" t="68" w="276" /><ent r="6" t="68" w="285" /><ent r="7" t="68" w="294" /><ent r="6" t="68" w="311" /><ent r="7" t="68" w="560" /><ent r="7" t="68" w="581" /><ent r="7" t="68" w="656" /><ent r="7" t="68" w="670" /><ent r="6" t="68" w="696" /><ent r="100" t="70" w="137" /><ent r="7" t="70" w="145" /><ent r="7" t="70" w="635" /><ent r="7" t="70" w="1367" /><ent r="7" t="70" w="1397" /><ent r="6" t="70" w="1440" /><ent r="7" t="70" w="1522" /><ent r="7" t="70" w="1558" /><ent r="4" t="70" w="1603" /><ent r="100" t="70" w="1825" /><ent r="100" t="70" w="1836" /><ent r="4" t="70" w="1848" /><ent r="6" t="70" w="1892" /><ent r="6" t="70" w="1970" /><ent r="6" t="70" w="2408" /><ent r="3" t="71" w="153" /><ent r="3" t="71" w="211" /><ent r="100" t="71" w="308" /><ent r="100" t="71" w="312" /><ent r="3" t="71" w="322" /><ent r="3" t="71" w="352" /><ent r="100" t="71" w="363" /><ent r="3" t="71" w="375" /><ent r="3" t="71" w="421" /><ent r="3" t="71" w="448" /><ent r="3" t="71" w="477" /><ent r="100" t="73" w="66" /><ent r="5" t="73" w="71" /><ent r="100" t="73" w="85" /><ent r="5" t="73" w="90" /></phr></stem><stem n="locat"><phr n="Locations"><ent r="64" t="4" w="717" /><ent r="67" t="5" w="383" /><ent r="92" t="5" w="1195" /></phr><phr n="locate"><ent r="3" t="26" w="219" /></phr><phr n="location"><ent r="3" t="49" w="916" /><ent r="4" t="50" w="266" /><ent r="3" t="61" w="674" /></phr><phr n="located"><ent r="4" t="50" w="280" /><ent r="3" t="51" w="23" /><ent r="3" t="54" w="251" /><ent r="3" t="56" w="122" /><ent r="3" t="71" w="62" /></phr><phr n="locates"><ent r="3" t="51" w="81" /></phr></stem><stem n="recommend"><phr n="recommended"><ent r="3" t="4" w="736" /><ent r="3" t="44" w="355" /><ent r="3" t="64" w="42" /><ent r="3" t="64" w="284" /><ent r="3" t="64" w="309" /></phr><phr n="recommends"><ent r="3" t="5" w="77" /><ent r="3" t="5" w="1381" /><ent r="3" t="28" w="317" /><ent r="3" t="61" w="82" /><ent r="3" t="78" w="193" /></phr><phr n="recommend"><ent r="3" t="40" w="452" /></phr></stem></index>