<?xml version="1.0" encoding="utf-8"?><index><stem n="protect"><phr n="protected"><ent r="3" t="1" w="118" /></phr></stem><stem n="unit"><phr n="United"><ent r="3" t="1" w="120" /><ent r="3" t="1" w="447" /><ent r="3" t="1" w="520" /></phr><phr n="unit"><ent r="3" t="1" w="442" /><ent r="3" t="1" w="515" /><ent r="4" t="8" w="163" /><ent r="3" t="27" w="258" /><ent r="4" t="70" w="1594" /></phr><phr n="Units"><ent r="4" t="8" w="175" /><ent r="92" t="8" w="397" /><ent r="3" t="27" w="234" /><ent r="3" t="27" w="338" /></phr><phr n="units"><ent r="3" t="8" w="404" /><ent r="3" t="8" w="633" /><ent r="5" t="8" w="724" /><ent r="4" t="8" w="753" /><ent r="4" t="8" w="760" /><ent r="4" t="8" w="782" /><ent r="3" t="8" w="800" /><ent r="3" t="8" w="807" /><ent r="3" t="8" w="813" /><ent r="5" t="13" w="372" /><ent r="5" t="13" w="711" /><ent r="5" t="13" w="1326" /><ent r="3" t="13" w="2132" /><ent r="3" t="13" w="2266" /></phr><phr n="Unit"><ent r="3" t="29" w="984" /><ent r="3" t="29" w="1091" /></phr></stem><stem n="copyright"><phr n="copyright"><ent r="3" t="1" w="122" /></phr><phr n="copyrighted"><ent r="3" t="1" w="142" /><ent r="3" t="2" w="19" /></phr><phr n="Copyright"><ent r="3" t="14" w="740" /><ent r="3" t="32" w="37" /><ent r="3" t="33" w="56" /><ent r="3" t="39" w="101" /><ent r="3" t="44" w="441" /><ent r="3" t="44" w="700" /><ent r="3" t="45" w="91" /><ent r="3" t="48" w="20" /><ent r="3" t="49" w="492" /></phr></stem><stem n="law"><phr n="laws"><ent r="3" t="1" w="123" /><ent r="3" t="1" w="592" /></phr></stem><stem n="intern"><phr n="international"><ent r="3" t="1" w="125" /></phr><phr n="Internal"><ent r="5" t="9" w="83" /><ent r="5" t="9" w="175" /><ent r="5" t="9" w="346" /><ent r="5" t="9" w="778" /></phr><phr n="internal"><ent r="3" t="14" w="1034" /><ent r="7" t="68" w="408" /></phr></stem><stem n="treati"><phr n="treaty"><ent r="3" t="1" w="126" /></phr></stem><stem n="provis"><phr n="provisions"><ent r="3" t="1" w="127" /><ent r="3" t="1" w="452" /></phr><phr n="provision"><ent r="3" t="1" w="610" /><ent r="3" t="1" w="621" /></phr></stem><stem n="therefor"><phr n="Therefore"><ent r="3" t="1" w="133" /><ent r="3" t="28" w="315" /></phr><phr n="therefore"><ent r="3" t="22" w="553" /><ent r="3" t="77" w="35" /></phr></stem><stem n="must"><phr n="must"><ent r="3" t="1" w="135" /><ent r="3" t="1" w="245" /><ent r="3" t="4" w="730" /><ent r="4" t="5" w="1249" /><ent r="3" t="7" w="462" /><ent r="3" t="13" w="445" /><ent r="4" t="16" w="1059" /><ent r="4" t="16" w="1640" /><ent r="3" t="19" w="736" /><ent r="4" t="19" w="1864" /><ent r="4" t="19" w="1926" /><ent r="3" t="24" w="1644" /><ent r="3" t="26" w="215" /><ent r="3" t="26" w="396" /><ent r="3" t="26" w="775" /><ent r="3" t="29" w="878" /><ent r="4" t="35" w="357" /><ent r="4" t="35" w="483" /><ent r="4" t="35" w="1171" /><ent r="4" t="37" w="1240" /><ent r="3" t="37" w="1492" /><ent r="3" t="37" w="1539" /><ent r="3" t="37" w="2070" /><ent r="3" t="37" w="2931" /><ent r="3" t="37" w="3205" /><ent r="3" t="37" w="3400" /><ent r="3" t="37" w="4372" /><ent r="3" t="46" w="101" /><ent r="4" t="49" w="243" /><ent r="4" t="50" w="288" /><ent r="3" t="61" w="362" /><ent r="3" t="64" w="121" /><ent r="3" t="65" w="285" /><ent r="4" t="68" w="30" /><ent r="6" t="68" w="168" /><ent r="6" t="68" w="604" /><ent r="6" t="70" w="158" /><ent r="4" t="78" w="61" /></phr><phr n="MUST"><ent r="100" t="35" w="346" /><ent r="4" t="35" w="350" /></phr><phr n="Must"><ent r="3" t="61" w="924" /></phr></stem><stem n="treat"><phr n="treat"><ent r="3" t="1" w="136" /><ent r="3" t="14" w="965" /><ent r="4" t="24" w="2411" /><ent r="3" t="37" w="2728" /><ent r="3" t="64" w="358" /><ent r="6" t="68" w="264" /></phr><phr n="treated"><ent r="6" t="5" w="1144" /><ent r="4" t="22" w="117" /><ent r="3" t="22" w="600" /><ent r="3" t="22" w="627" /><ent r="4" t="24" w="252" /><ent r="3" t="35" w="425" /><ent r="3" t="35" w="1374" /><ent r="3" t="35" w="1785" /><ent r="4" t="37" w="2299" /><ent r="3" t="71" w="436" /><ent r="3" t="71" w="463" /></phr><phr n="treats"><ent r="4" t="11" w="486" /></phr></stem><stem n="like"><phr n="like"><ent r="3" t="1" w="139" /><ent r="3" t="7" w="118" /><ent r="3" t="7" w="303" /><ent r="4" t="8" w="120" /><ent r="4" t="8" w="682" /><ent r="4" t="13" w="1614" /><ent r="3" t="13" w="2532" /><ent r="3" t="16" w="2184" /><ent r="3" t="16" w="2273" /><ent r="3" t="19" w="295" /><ent r="3" t="21" w="539" /><ent r="100" t="24" w="228" /><ent r="4" t="24" w="267" /><ent r="4" t="24" w="1699" /><ent r="3" t="26" w="509" /><ent r="4" t="41" w="298" /><ent r="4" t="41" w="347" /><ent r="3" t="46" w="206" /><ent r="3" t="47" w="623" /><ent r="3" t="49" w="778" /><ent r="3" t="49" w="893" /><ent r="3" t="58" w="402" /><ent r="3" t="71" w="437" /><ent r="3" t="71" w="464" /><ent r="4" t="77" w="159" /><ent r="4" t="77" w="254" /></phr><phr n="Like"><ent r="3" t="15" w="90" /><ent r="3" t="18" w="39" /><ent r="3" t="25" w="34" /></phr><phr n="likely"><ent r="3" t="41" w="512" /><ent r="4" t="61" w="245" /></phr></stem><stem n="ani"><phr n="any"><ent r="3" t="1" w="140" /><ent r="3" t="1" w="230" /><ent r="3" t="1" w="277" /><ent r="3" t="1" w="348" /><ent r="3" t="1" w="366" /><ent r="3" t="1" w="380" /><ent r="3" t="1" w="408" /><ent r="3" t="1" w="441" /><ent r="3" t="1" w="514" /><ent r="3" t="1" w="601" /><ent r="3" t="1" w="609" /><ent r="3" t="3" w="124" /><ent r="4" t="4" w="617" /><ent r="4" t="5" w="1186" /><ent r="3" t="8" w="610" /><ent r="5" t="13" w="267" /><ent r="3" t="13" w="1819" /><ent r="4" t="16" w="1000" /><ent r="3" t="21" w="121" /><ent r="3" t="21" w="139" /><ent r="3" t="21" w="464" /><ent r="3" t="21" w="684" /><ent r="4" t="22" w="439" /><ent r="6" t="24" w="2917" /><ent r="3" t="26" w="211" /><ent r="3" t="26" w="891" /><ent r="3" t="27" w="218" /><ent r="3" t="32" w="188" /><ent r="3" t="32" w="322" /><ent r="3" t="35" w="271" /><ent r="3" t="37" w="1328" /><ent r="3" t="37" w="1676" /><ent r="3" t="37" w="1876" /><ent r="3" t="37" w="2324" /><ent r="3" t="37" w="3550" /><ent r="3" t="38" w="280" /><ent r="4" t="40" w="227" /><ent r="3" t="40" w="313" /><ent r="3" t="40" w="636" /><ent r="4" t="40" w="808" /><ent r="4" t="41" w="275" /><ent r="3" t="47" w="95" /><ent r="4" t="47" w="842" /><ent r="3" t="52" w="106" /><ent r="3" t="65" w="278" /><ent r="3" t="66" w="477" /><ent r="3" t="66" w="488" /><ent r="3" t="71" w="337" /></phr><phr n="Any"><ent r="5" t="13" w="384" /><ent r="5" t="13" w="1457" /></phr></stem><stem n="materi"><phr n="material"><ent r="3" t="1" w="143" /><ent r="3" t="2" w="22" /></phr></stem><stem n="e.g"><phr n="e.g"><ent r="3" t="1" w="145" /><ent r="3" t="1" w="144" /><ent r="4" t="11" w="480" /><ent r="4" t="11" w="479" /><ent r="5" t="13" w="1434" /><ent r="5" t="13" w="1433" /><ent r="4" t="16" w="1570" /><ent r="4" t="16" w="1569" /><ent r="3" t="21" w="28" /><ent r="3" t="21" w="27" /><ent r="4" t="21" w="875" /><ent r="4" t="21" w="874" /><ent r="4" t="22" w="163" /><ent r="4" t="22" w="162" /><ent r="4" t="24" w="437" /><ent r="4" t="24" w="436" /><ent r="4" t="24" w="578" /><ent r="4" t="24" w="577" /><ent r="4" t="24" w="636" /><ent r="4" t="24" w="635" /><ent r="4" t="24" w="1821" /><ent r="4" t="24" w="1820" /><ent r="4" t="35" w="373" /><ent r="4" t="35" w="372" /><ent r="3" t="37" w="4367" /><ent r="3" t="37" w="4366" /><ent r="3" t="49" w="688" /><ent r="3" t="49" w="687" /><ent r="6" t="70" w="1864" /><ent r="6" t="70" w="1863" /><ent r="6" t="70" w="1883" /><ent r="6" t="70" w="1882" /><ent r="6" t="70" w="1914" /><ent r="6" t="70" w="1913" /><ent r="6" t="70" w="1934" /><ent r="6" t="70" w="1933" /><ent r="6" t="70" w="1949" /><ent r="6" t="70" w="1948" /><ent r="6" t="70" w="1968" /><ent r="6" t="70" w="1967" /><ent r="6" t="70" w="1993" /><ent r="6" t="70" w="1992" /></phr></stem><stem n="g"><phr n="g"><ent r="3" t="1" w="145" /><ent r="4" t="11" w="480" /><ent r="5" t="13" w="1236" /><ent r="5" t="13" w="1434" /><ent r="4" t="16" w="1570" /><ent r="3" t="21" w="28" /><ent r="4" t="21" w="875" /><ent r="4" t="22" w="163" /><ent r="4" t="24" w="437" /><ent r="4" t="24" w="578" /><ent r="4" t="24" w="636" /><ent r="4" t="24" w="1291" /><ent r="3" t="24" w="1565" /><ent r="4" t="24" w="1821" /><ent r="4" t="35" w="373" /><ent r="3" t="37" w="4367" /><ent r="3" t="49" w="688" /><ent r="3" t="61" w="714" /><ent r="3" t="61" w="720" /><ent r="3" t="61" w="767" /><ent r="3" t="61" w="773" /><ent r="6" t="70" w="1864" /><ent r="6" t="70" w="1883" /><ent r="6" t="70" w="1914" /><ent r="6" t="70" w="1934" /><ent r="6" t="70" w="1949" /><ent r="6" t="70" w="1968" /><ent r="6" t="70" w="1993" /></phr><phr n="G"><ent r="6" t="11" w="189" /><ent r="3" t="13" w="2285" /><ent r="6" t="37" w="599" /><ent r="5" t="37" w="2661" /></phr></stem><stem n="e.g."><phr n="e.g."><ent r="3" t="1" w="145" /><ent r="3" t="1" w="144" /><ent r="4" t="11" w="480" /><ent r="4" t="11" w="479" /><ent r="5" t="13" w="1434" /><ent r="5" t="13" w="1433" /><ent r="4" t="16" w="1570" /><ent r="4" t="16" w="1569" /><ent r="3" t="21" w="28" /><ent r="3" t="21" w="27" /><ent r="4" t="21" w="875" /><ent r="4" t="21" w="874" /><ent r="4" t="22" w="163" /><ent r="4" t="22" w="162" /><ent r="4" t="24" w="437" /><ent r="4" t="24" w="436" /><ent r="4" t="24" w="578" /><ent r="4" t="24" w="577" /><ent r="4" t="24" w="636" /><ent r="4" t="24" w="635" /><ent r="4" t="24" w="1821" /><ent r="4" t="24" w="1820" /><ent r="4" t="35" w="373" /><ent r="4" t="35" w="372" /><ent r="3" t="37" w="4367" /><ent r="3" t="37" w="4366" /><ent r="3" t="49" w="688" /><ent r="3" t="49" w="687" /><ent r="6" t="70" w="1864" /><ent r="6" t="70" w="1863" /><ent r="6" t="70" w="1883" /><ent r="6" t="70" w="1882" /><ent r="6" t="70" w="1914" /><ent r="6" t="70" w="1913" /><ent r="6" t="70" w="1934" /><ent r="6" t="70" w="1933" /><ent r="6" t="70" w="1949" /><ent r="6" t="70" w="1948" /><ent r="6" t="70" w="1968" /><ent r="6" t="70" w="1967" /><ent r="6" t="70" w="1993" /><ent r="6" t="70" w="1992" /></phr></stem><stem n="(e.g.,"><phr n="(e.g.,"><ent r="3" t="1" w="146" /><ent r="4" t="11" w="481" /><ent r="3" t="21" w="29" /><ent r="4" t="21" w="876" /><ent r="6" t="70" w="1865" /><ent r="6" t="70" w="1884" /><ent r="6" t="70" w="1915" /><ent r="6" t="70" w="1935" /><ent r="6" t="70" w="1950" /><ent r="6" t="70" w="1969" /><ent r="6" t="70" w="1994" /></phr></stem><stem n="book"><phr n="book"><ent r="3" t="1" w="147" /></phr></stem><stem n="music"><phr n="musical"><ent r="3" t="1" w="149" /></phr></stem><stem n="record"><phr n="recording"><ent r="3" t="1" w="150" /><ent r="92" t="8" w="250" /><ent r="100" t="8" w="264" /><ent r="3" t="8" w="609" /><ent r="3" t="9" w="12" /></phr><phr n="recorded"><ent r="3" t="8" w="32" /><ent r="4" t="8" w="192" /><ent r="3" t="8" w="266" /><ent r="3" t="8" w="301" /><ent r="3" t="8" w="384" /></phr><phr n="Recorded"><ent r="65" t="8" w="131" /><ent r="64" t="8" w="358" /><ent r="65" t="8" w="693" /><ent r="1000" t="9" w="2" /><ent r="102" t="9" w="7" /></phr><phr n="record"><ent r="3" t="8" w="283" /><ent r="3" t="8" w="352" /><ent r="3" t="9" w="29" /></phr><phr n="Records"><ent r="5" t="38" w="108" /><ent r="5" t="38" w="124" /></phr></stem><stem n=")."><phr n=")."><ent r="3" t="1" w="151" /><ent r="4" t="3" w="235" /><ent r="3" t="4" w="786" /><ent r="5" t="5" w="602" /><ent r="3" t="7" w="40" /><ent r="3" t="11" w="93" /><ent r="5" t="11" w="204" /><ent r="4" t="13" w="1635" /><ent r="4" t="15" w="156" /><ent r="4" t="16" w="511" /><ent r="6" t="16" w="670" /><ent r="3" t="17" w="245" /><ent r="4" t="22" w="858" /><ent r="3" t="22" w="1128" /><ent r="3" t="22" w="1248" /><ent r="3" t="23" w="167" /><ent r="4" t="24" w="852" /><ent r="3" t="24" w="919" /><ent r="3" t="24" w="984" /><ent r="3" t="24" w="1971" /><ent r="4" t="24" w="2318" /><ent r="3" t="24" w="2395" /><ent r="4" t="24" w="2486" /><ent r="3" t="28" w="38" /><ent r="4" t="29" w="319" /><ent r="4" t="29" w="333" /><ent r="3" t="35" w="300" /><ent r="3" t="37" w="179" /><ent r="4" t="37" w="2621" /><ent r="3" t="37" w="4456" /><ent r="3" t="37" w="4579" /><ent r="3" t="47" w="32" /><ent r="3" t="47" w="413" /><ent r="3" t="56" w="383" /><ent r="3" t="57" w="31" /><ent r="3" t="59" w="46" /><ent r="3" t="61" w="112" /><ent r="3" t="66" w="389" /><ent r="6" t="70" w="1871" /><ent r="6" t="70" w="2200" /><ent r="6" t="70" w="2280" /><ent r="3" t="71" w="386" /></phr></stem><stem n="allow"><phr n="allows"><ent r="3" t="1" w="156" /><ent r="4" t="4" w="633" /><ent r="4" t="4" w="678" /><ent r="3" t="13" w="2440" /><ent r="3" t="19" w="1214" /><ent r="3" t="20" w="211" /><ent r="3" t="21" w="78" /><ent r="3" t="22" w="576" /><ent r="4" t="25" w="244" /><ent r="4" t="25" w="311" /><ent r="3" t="35" w="446" /><ent r="3" t="35" w="1049" /><ent r="100" t="37" w="1301" /><ent r="3" t="37" w="1333" /><ent r="3" t="37" w="3830" /><ent r="3" t="41" w="19" /><ent r="3" t="42" w="26" /><ent r="3" t="55" w="57" /><ent r="3" t="57" w="33" /><ent r="4" t="57" w="115" /><ent r="3" t="77" w="18" /></phr><phr n="Allows"><ent r="4" t="4" w="376" /></phr><phr n="ALLOW"><ent r="6" t="5" w="948" /></phr><phr n="allow"><ent r="6" t="5" w="984" /><ent r="3" t="13" w="1357" /><ent r="3" t="13" w="2479" /><ent r="4" t="25" w="275" /><ent r="3" t="26" w="826" /><ent r="3" t="26" w="988" /><ent r="3" t="67" w="11" /></phr><phr n="allowed"><ent r="5" t="11" w="235" /><ent r="3" t="26" w="79" /></phr><phr n="allowing"><ent r="3" t="13" w="1829" /><ent r="3" t="37" w="1684" /><ent r="3" t="57" w="143" /></phr><phr n="allowable"><ent r="4" t="16" w="1077" /></phr></stem><stem n="right"><phr n="right"><ent r="3" t="1" w="159" /><ent r="3" t="1" w="236" /><ent r="3" t="7" w="408" /><ent r="3" t="22" w="1270" /><ent r="4" t="24" w="515" /><ent r="3" t="24" w="1390" /><ent r="3" t="43" w="59" /><ent r="4" t="50" w="87" /><ent r="4" t="50" w="298" /><ent r="3" t="59" w="209" /></phr><phr n="rights"><ent r="3" t="1" w="484" /><ent r="3" t="1" w="529" /><ent r="3" t="14" w="747" /><ent r="3" t="33" w="64" /><ent r="3" t="44" w="447" /><ent r="3" t="44" w="706" /><ent r="3" t="45" w="97" /><ent r="3" t="48" w="26" /></phr><phr n="Right"><ent r="4" t="49" w="50" /><ent r="4" t="50" w="170" /><ent r="3" t="61" w="1047" /><ent r="3" t="61" w="1127" /></phr></stem><stem n="singl"><phr n="single"><ent r="3" t="1" w="169" /><ent r="3" t="7" w="295" /><ent r="4" t="16" w="1636" /><ent r="3" t="16" w="2258" /><ent r="4" t="19" w="159" /><ent r="3" t="19" w="1441" /><ent r="3" t="21" w="25" /><ent r="3" t="21" w="30" /><ent r="4" t="21" w="583" /><ent r="3" t="21" w="722" /><ent r="3" t="22" w="906" /><ent r="6" t="24" w="2918" /><ent r="3" t="27" w="150" /><ent r="4" t="38" w="416" /><ent r="3" t="40" w="548" /><ent r="3" t="44" w="52" /><ent r="5" t="47" w="479" /><ent r="3" t="64" w="326" /><ent r="4" t="70" w="1592" /><ent r="4" t="77" w="240" /></phr><phr n="Single"><ent r="3" t="27" w="10" /><ent r="3" t="27" w="55" /><ent r="3" t="27" w="105" /><ent r="3" t="27" w="121" /><ent r="3" t="27" w="142" /></phr></stem><stem n="make"><phr n="make"><ent r="3" t="1" w="173" /><ent r="3" t="1" w="194" /><ent r="3" t="3" w="557" /><ent r="3" t="14" w="15" /><ent r="4" t="25" w="247" /><ent r="4" t="25" w="278" /><ent r="3" t="34" w="702" /><ent r="3" t="35" w="452" /><ent r="4" t="35" w="848" /><ent r="3" t="37" w="4268" /><ent r="4" t="40" w="953" /><ent r="4" t="40" w="1080" /><ent r="4" t="49" w="382" /><ent r="3" t="49" w="885" /><ent r="3" t="50" w="230" /><ent r="4" t="50" w="273" /><ent r="3" t="57" w="50" /><ent r="3" t="61" w="49" /><ent r="3" t="61" w="78" /><ent r="3" t="61" w="1253" /><ent r="3" t="65" w="322" /><ent r="7" t="68" w="443" /></phr><phr n="making"><ent r="5" t="5" w="594" /><ent r="100" t="11" w="288" /><ent r="5" t="11" w="293" /><ent r="3" t="19" w="1530" /><ent r="3" t="32" w="224" /><ent r="3" t="34" w="157" /><ent r="3" t="37" w="1394" /><ent r="3" t="47" w="173" /></phr><phr n="makes"><ent r="3" t="13" w="583" /><ent r="3" t="16" w="1806" /><ent r="3" t="21" w="439" /><ent r="4" t="25" w="236" /><ent r="4" t="47" w="821" /><ent r="4" t="49" w="284" /><ent r="4" t="49" w="378" /><ent r="3" t="56" w="714" /><ent r="3" t="77" w="38" /></phr><phr n="Make"><ent r="4" t="47" w="260" /><ent r="3" t="61" w="805" /><ent r="4" t="65" w="198" /></phr></stem><stem n="1"><phr n="1"><ent r="3" t="1" w="175" /><ent r="3" t="1" w="502" /><ent r="3" t="5" w="772" /><ent r="3" t="8" w="74" /><ent r="3" t="8" w="632" /><ent r="5" t="9" w="233" /><ent r="5" t="9" w="338" /><ent r="5" t="9" w="770" /><ent r="5" t="9" w="810" /><ent r="5" t="9" w="851" /><ent r="128" t="10" w="63" /><ent r="128" t="10" w="78" /><ent r="128" t="10" w="93" /><ent r="128" t="10" w="107" /><ent r="8" t="11" w="326" /><ent r="3" t="13" w="1887" /><ent r="3" t="13" w="1910" /><ent r="3" t="13" w="1975" /><ent r="3" t="13" w="1978" /><ent r="3" t="13" w="1980" /><ent r="3" t="13" w="1983" /><ent r="3" t="13" w="1984" /><ent r="3" t="13" w="2010" /><ent r="3" t="13" w="2073" /><ent r="3" t="13" w="2076" /><ent r="3" t="13" w="2078" /><ent r="3" t="13" w="2138" /><ent r="3" t="13" w="2296" /><ent r="3" t="13" w="2301" /><ent r="3" t="13" w="2305" /><ent r="3" t="13" w="2345" /><ent r="3" t="13" w="2539" /><ent r="3" t="14" w="171" /><ent r="3" t="14" w="172" /><ent r="3" t="14" w="797" /><ent r="3" t="14" w="798" /><ent r="3" t="14" w="873" /><ent r="3" t="14" w="1111" /><ent r="3" t="14" w="1190" /><ent r="3" t="16" w="126" /><ent r="3" t="16" w="129" /><ent r="3" t="16" w="131" /><ent r="3" t="16" w="141" /><ent r="3" t="16" w="144" /><ent r="3" t="16" w="146" /><ent r="3" t="16" w="158" /><ent r="3" t="16" w="161" /><ent r="3" t="16" w="163" /><ent r="3" t="16" w="175" /><ent r="3" t="16" w="178" /><ent r="3" t="16" w="180" /><ent r="3" t="16" w="181" /><ent r="3" t="16" w="182" /><ent r="3" t="16" w="1178" /><ent r="3" t="16" w="1181" /><ent r="3" t="16" w="1183" /><ent r="3" t="16" w="1184" /><ent r="3" t="16" w="1185" /><ent r="3" t="16" w="1193" /><ent r="3" t="16" w="1196" /><ent r="3" t="16" w="1198" /><ent r="3" t="16" w="1210" /><ent r="3" t="16" w="1217" /><ent r="3" t="16" w="1231" /><ent r="4" t="16" w="1250" /><ent r="4" t="16" w="1253" /><ent r="4" t="16" w="1255" /><ent r="4" t="16" w="1256" /><ent r="4" t="16" w="1257" /><ent r="4" t="16" w="1292" /><ent r="4" t="16" w="1295" /><ent r="4" t="16" w="1297" /><ent r="4" t="16" w="1298" /><ent r="4" t="16" w="1334" /><ent r="4" t="16" w="1337" /><ent r="4" t="16" w="1339" /><ent r="4" t="16" w="1364" /><ent r="4" t="16" w="1365" /><ent r="4" t="16" w="1368" /><ent r="4" t="16" w="1370" /><ent r="4" t="16" w="1373" /><ent r="4" t="16" w="1375" /><ent r="4" t="16" w="1382" /><ent r="4" t="16" w="1389" /><ent r="4" t="16" w="1471" /><ent r="5" t="16" w="1480" /><ent r="5" t="16" w="1522" /><ent r="5" t="16" w="1602" /><ent r="5" t="16" w="1663" /><ent r="5" t="16" w="1666" /><ent r="5" t="16" w="1668" /><ent r="5" t="16" w="1669" /><ent r="5" t="16" w="1670" /><ent r="3" t="16" w="1773" /><ent r="3" t="16" w="1923" /><ent r="3" t="16" w="1926" /><ent r="3" t="16" w="1928" /><ent r="3" t="16" w="1931" /><ent r="3" t="16" w="1943" /><ent r="3" t="16" w="1954" /><ent r="3" t="16" w="2263" /><ent r="3" t="16" w="2281" /><ent r="3" t="17" w="177" /><ent r="3" t="17" w="203" /><ent r="3" t="17" w="204" /><ent r="3" t="19" w="489" /><ent r="3" t="19" w="492" /><ent r="3" t="19" w="494" /><ent r="3" t="19" w="497" /><ent r="3" t="19" w="515" /><ent r="3" t="19" w="518" /><ent r="3" t="19" w="520" /><ent r="3" t="19" w="523" /><ent r="3" t="19" w="574" /><ent r="3" t="19" w="584" /><ent r="3" t="19" w="587" /><ent r="3" t="19" w="589" /><ent r="3" t="19" w="592" /><ent r="3" t="19" w="593" /><ent r="3" t="19" w="606" /><ent r="3" t="19" w="609" /><ent r="3" t="19" w="611" /><ent r="3" t="19" w="614" /><ent r="3" t="19" w="627" /><ent r="3" t="19" w="630" /><ent r="3" t="19" w="632" /><ent r="3" t="19" w="635" /><ent r="3" t="19" w="649" /><ent r="3" t="19" w="652" /><ent r="3" t="19" w="654" /><ent r="3" t="19" w="657" /><ent r="4" t="19" w="790" /><ent r="3" t="19" w="1046" /><ent r="3" t="19" w="1330" /><ent r="3" t="19" w="1344" /><ent r="3" t="19" w="1351" /><ent r="4" t="19" w="1427" /><ent r="4" t="19" w="1430" /><ent r="4" t="19" w="1432" /><ent r="4" t="19" w="1435" /><ent r="3" t="19" w="1493" /><ent r="4" t="19" w="1560" /><ent r="4" t="19" w="1574" /><ent r="3" t="19" w="1641" /><ent r="3" t="19" w="1651" /><ent r="3" t="19" w="1658" /><ent r="3" t="19" w="1669" /><ent r="3" t="19" w="1707" /><ent r="3" t="19" w="1717" /><ent r="3" t="20" w="343" /><ent r="3" t="20" w="441" /><ent r="3" t="20" w="445" /><ent r="3" t="20" w="450" /><ent r="3" t="20" w="455" /><ent r="3" t="20" w="460" /><ent r="3" t="20" w="465" /><ent r="3" t="20" w="470" /><ent r="3" t="20" w="473" /><ent r="3" t="20" w="544" /><ent r="3" t="20" w="547" /><ent r="3" t="20" w="570" /><ent r="3" t="22" w="1180" /><ent r="3" t="22" w="1183" /><ent r="3" t="22" w="1185" /><ent r="3" t="22" w="1188" /><ent r="3" t="22" w="1189" /><ent r="3" t="22" w="1192" /><ent r="3" t="22" w="1194" /><ent r="3" t="22" w="1197" /><ent r="3" t="22" w="1199" /><ent r="3" t="22" w="1302" /><ent r="3" t="22" w="1324" /><ent r="3" t="22" w="1327" /><ent r="3" t="22" w="1329" /><ent r="3" t="22" w="1332" /><ent r="3" t="22" w="1334" /><ent r="3" t="22" w="1339" /><ent r="3" t="22" w="1341" /><ent r="3" t="22" w="1344" /><ent r="3" t="22" w="1346" /><ent r="3" t="22" w="1349" /><ent r="3" t="22" w="1351" /><ent r="3" t="22" w="1358" /><ent r="3" t="22" w="1361" /><ent r="3" t="22" w="1363" /><ent r="3" t="22" w="1366" /><ent r="3" t="22" w="1368" /><ent r="4" t="24" w="154" /><ent r="3" t="24" w="305" /><ent r="4" t="24" w="647" /><ent r="4" t="24" w="675" /><ent r="126" t="24" w="691" /><ent r="126" t="24" w="712" /><ent r="3" t="24" w="900" /><ent r="3" t="24" w="937" /><ent r="3" t="24" w="1041" /><ent r="3" t="24" w="1051" /><ent r="3" t="24" w="1100" /><ent r="3" t="24" w="1540" /><ent r="3" t="24" w="1549" /><ent r="3" t="24" w="1557" /><ent r="3" t="24" w="1566" /><ent r="4" t="24" w="1771" /><ent r="4" t="24" w="1774" /><ent r="4" t="24" w="1797" /><ent r="4" t="24" w="1800" /><ent r="3" t="24" w="1992" /><ent r="3" t="24" w="1995" /><ent r="3" t="24" w="1997" /><ent r="3" t="24" w="2000" /><ent r="3" t="24" w="2001" /><ent r="3" t="24" w="2009" /><ent r="3" t="24" w="2012" /><ent r="3" t="24" w="2015" /><ent r="3" t="24" w="2017" /><ent r="3" t="24" w="2020" /><ent r="3" t="24" w="2021" /><ent r="3" t="24" w="2034" /><ent r="3" t="24" w="2037" /><ent r="3" t="24" w="2039" /><ent r="3" t="24" w="2042" /><ent r="3" t="24" w="2043" /><ent r="3" t="24" w="2051" /><ent r="3" t="24" w="2054" /><ent r="3" t="24" w="2057" /><ent r="3" t="24" w="2059" /><ent r="3" t="24" w="2062" /><ent r="3" t="24" w="2063" /><ent r="3" t="24" w="2076" /><ent r="3" t="24" w="2079" /><ent r="3" t="24" w="2081" /><ent r="3" t="24" w="2084" /><ent r="3" t="24" w="2085" /><ent r="3" t="24" w="2094" /><ent r="3" t="24" w="2098" /><ent r="3" t="24" w="2101" /><ent r="3" t="24" w="2103" /><ent r="3" t="24" w="2106" /><ent r="3" t="24" w="2107" /><ent r="3" t="24" w="2118" /><ent r="3" t="24" w="2125" /><ent r="3" t="24" w="2133" /><ent r="3" t="24" w="2139" /><ent r="3" t="24" w="2143" /><ent r="3" t="24" w="2344" /><ent r="5" t="24" w="2428" /><ent r="5" t="24" w="2439" /><ent r="6" t="24" w="2535" /><ent r="6" t="24" w="2544" /><ent r="3" t="24" w="2647" /><ent r="3" t="24" w="2650" /><ent r="3" t="24" w="2652" /><ent r="3" t="24" w="2660" /><ent r="3" t="24" w="2677" /><ent r="3" t="24" w="2760" /><ent r="3" t="24" w="2802" /><ent r="3" t="24" w="2805" /><ent r="3" t="24" w="2807" /><ent r="3" t="24" w="2808" /><ent r="3" t="24" w="2809" /><ent r="3" t="24" w="2825" /><ent r="4" t="24" w="2849" /><ent r="4" t="24" w="2852" /><ent r="4" t="24" w="2854" /><ent r="4" t="24" w="2855" /><ent r="4" t="24" w="2856" /><ent r="6" t="24" w="2963" /><ent r="6" t="24" w="2975" /><ent r="6" t="24" w="2987" /><ent r="6" t="24" w="3002" /><ent r="3" t="26" w="89" /><ent r="3" t="26" w="91" /><ent r="3" t="26" w="93" /><ent r="3" t="26" w="100" /><ent r="3" t="26" w="104" /><ent r="3" t="26" w="114" /><ent r="3" t="26" w="121" /><ent r="3" t="26" w="124" /><ent r="3" t="26" w="126" /><ent r="3" t="26" w="191" /><ent r="3" t="26" w="194" /><ent r="3" t="26" w="195" /><ent r="3" t="26" w="737" /><ent r="3" t="26" w="949" /><ent r="3" t="26" w="974" /><ent r="3" t="26" w="977" /><ent r="3" t="26" w="979" /><ent r="3" t="27" w="109" /><ent r="125" t="28" w="351" /><ent r="4" t="29" w="223" /><ent r="4" t="29" w="392" /><ent r="3" t="29" w="490" /><ent r="3" t="29" w="556" /><ent r="3" t="29" w="559" /><ent r="3" t="29" w="561" /><ent r="3" t="29" w="564" /><ent r="3" t="29" w="565" /><ent r="3" t="29" w="590" /><ent r="3" t="29" w="593" /><ent r="3" t="29" w="595" /><ent r="3" t="29" w="598" /><ent r="3" t="29" w="599" /><ent r="3" t="29" w="1057" /><ent r="3" t="31" w="74" /><ent r="3" t="31" w="75" /><ent r="3" t="31" w="78" /><ent r="3" t="31" w="80" /><ent r="3" t="31" w="89" /><ent r="3" t="31" w="107" /><ent r="3" t="31" w="108" /><ent r="3" t="31" w="111" /><ent r="3" t="31" w="113" /><ent r="3" t="31" w="117" /><ent r="3" t="31" w="120" /><ent r="3" t="31" w="122" /><ent r="3" t="31" w="125" /><ent r="3" t="31" w="127" /><ent r="3" t="31" w="130" /><ent r="3" t="31" w="132" /><ent r="3" t="31" w="140" /><ent r="4" t="31" w="192" /><ent r="4" t="31" w="211" /><ent r="4" t="31" w="214" /><ent r="4" t="31" w="216" /><ent r="4" t="31" w="270" /><ent r="4" t="31" w="273" /><ent r="4" t="31" w="275" /><ent r="4" t="31" w="278" /><ent r="4" t="31" w="280" /><ent r="4" t="31" w="283" /><ent r="4" t="31" w="285" /><ent r="4" t="31" w="309" /><ent r="3" t="32" w="102" /><ent r="3" t="32" w="436" /><ent r="3" t="32" w="440" /><ent r="3" t="32" w="443" /><ent r="3" t="32" w="445" /><ent r="3" t="32" w="454" /><ent r="3" t="32" w="457" /><ent r="3" t="32" w="459" /><ent r="3" t="32" w="462" /><ent r="3" t="32" w="463" /><ent r="3" t="32" w="471" /><ent r="3" t="32" w="474" /><ent r="3" t="32" w="476" /><ent r="3" t="32" w="479" /><ent r="3" t="32" w="484" /><ent r="3" t="32" w="487" /><ent r="3" t="32" w="489" /><ent r="3" t="32" w="492" /><ent r="3" t="32" w="498" /><ent r="3" t="32" w="501" /><ent r="3" t="32" w="503" /><ent r="3" t="32" w="506" /><ent r="3" t="32" w="513" /><ent r="3" t="32" w="516" /><ent r="3" t="32" w="518" /><ent r="3" t="32" w="521" /><ent r="3" t="32" w="528" /><ent r="3" t="32" w="529" /><ent r="3" t="32" w="532" /><ent r="3" t="32" w="534" /><ent r="3" t="32" w="537" /><ent r="3" t="32" w="594" /><ent r="3" t="32" w="597" /><ent r="3" t="32" w="599" /><ent r="3" t="32" w="601" /><ent r="3" t="32" w="604" /><ent r="3" t="32" w="606" /><ent r="3" t="32" w="615" /><ent r="3" t="32" w="618" /><ent r="3" t="32" w="620" /><ent r="3" t="32" w="623" /><ent r="3" t="32" w="624" /><ent r="3" t="32" w="632" /><ent r="3" t="32" w="635" /><ent r="3" t="32" w="637" /><ent r="3" t="32" w="640" /><ent r="3" t="32" w="645" /><ent r="3" t="32" w="648" /><ent r="3" t="32" w="650" /><ent r="3" t="32" w="653" /><ent r="3" t="32" w="659" /><ent r="3" t="32" w="662" /><ent r="3" t="32" w="664" /><ent r="3" t="32" w="667" /><ent r="3" t="32" w="674" /><ent r="3" t="32" w="677" /><ent r="3" t="32" w="679" /><ent r="3" t="32" w="682" /><ent r="3" t="32" w="689" /><ent r="3" t="32" w="690" /><ent r="3" t="32" w="693" /><ent r="3" t="32" w="695" /><ent r="3" t="32" w="698" /><ent r="3" t="32" w="720" /><ent r="3" t="32" w="724" /><ent r="3" t="32" w="727" /><ent r="3" t="32" w="729" /><ent r="3" t="32" w="738" /><ent r="3" t="32" w="741" /><ent r="3" t="32" w="743" /><ent r="3" t="32" w="746" /><ent r="3" t="32" w="747" /><ent r="3" t="32" w="755" /><ent r="3" t="32" w="758" /><ent r="3" t="32" w="760" /><ent r="3" t="32" w="763" /><ent r="3" t="32" w="768" /><ent r="3" t="32" w="771" /><ent r="3" t="32" w="773" /><ent r="3" t="32" w="776" /><ent r="3" t="32" w="782" /><ent r="3" t="32" w="785" /><ent r="3" t="32" w="787" /><ent r="3" t="32" w="790" /><ent r="3" t="32" w="797" /><ent r="3" t="32" w="800" /><ent r="3" t="32" w="802" /><ent r="3" t="32" w="805" /><ent r="3" t="32" w="812" /><ent r="3" t="32" w="813" /><ent r="3" t="32" w="816" /><ent r="3" t="32" w="818" /><ent r="3" t="32" w="821" /><ent r="3" t="32" w="830" /><ent r="3" t="32" w="834" /><ent r="3" t="32" w="837" /><ent r="3" t="32" w="839" /><ent r="3" t="32" w="848" /><ent r="3" t="32" w="851" /><ent r="3" t="32" w="853" /><ent r="3" t="32" w="856" /><ent r="3" t="32" w="857" /><ent r="3" t="32" w="865" /><ent r="3" t="32" w="868" /><ent r="3" t="32" w="870" /><ent r="3" t="32" w="873" /><ent r="3" t="32" w="878" /><ent r="3" t="32" w="881" /><ent r="3" t="32" w="883" /><ent r="3" t="32" w="886" /><ent r="3" t="32" w="892" /><ent r="3" t="32" w="895" /><ent r="3" t="32" w="897" /><ent r="3" t="32" w="900" /><ent r="3" t="32" w="907" /><ent r="3" t="32" w="910" /><ent r="3" t="32" w="912" /><ent r="3" t="32" w="915" /><ent r="3" t="32" w="922" /><ent r="3" t="32" w="923" /><ent r="3" t="32" w="926" /><ent r="3" t="32" w="928" /><ent r="3" t="32" w="931" /><ent r="3" t="32" w="938" /><ent r="3" t="32" w="941" /><ent r="3" t="32" w="943" /><ent r="3" t="32" w="946" /><ent r="3" t="32" w="951" /><ent r="3" t="32" w="954" /><ent r="3" t="32" w="956" /><ent r="3" t="32" w="959" /><ent r="3" t="32" w="964" /><ent r="3" t="32" w="967" /><ent r="3" t="32" w="969" /><ent r="3" t="32" w="972" /><ent r="3" t="32" w="977" /><ent r="3" t="32" w="980" /><ent r="3" t="32" w="982" /><ent r="3" t="32" w="985" /><ent r="3" t="32" w="990" /><ent r="3" t="32" w="993" /><ent r="3" t="32" w="995" /><ent r="3" t="32" w="998" /><ent r="3" t="32" w="1003" /><ent r="3" t="32" w="1006" /><ent r="3" t="32" w="1008" /><ent r="3" t="32" w="1011" /><ent r="3" t="32" w="1023" /><ent r="3" t="32" w="1026" /><ent r="3" t="32" w="1028" /><ent r="3" t="32" w="1030" /><ent r="3" t="32" w="1033" /><ent r="3" t="32" w="1035" /><ent r="3" t="32" w="1038" /><ent r="3" t="32" w="1039" /><ent r="3" t="32" w="1047" /><ent r="3" t="32" w="1050" /><ent r="3" t="32" w="1052" /><ent r="3" t="32" w="1055" /><ent r="3" t="32" w="1060" /><ent r="3" t="32" w="1063" /><ent r="3" t="32" w="1065" /><ent r="3" t="32" w="1068" /><ent r="3" t="32" w="1074" /><ent r="3" t="32" w="1077" /><ent r="3" t="32" w="1079" /><ent r="3" t="32" w="1082" /><ent r="3" t="32" w="1089" /><ent r="3" t="32" w="1092" /><ent r="3" t="32" w="1094" /><ent r="3" t="32" w="1097" /><ent r="3" t="32" w="1104" /><ent r="3" t="32" w="1105" /><ent r="3" t="32" w="1108" /><ent r="3" t="32" w="1110" /><ent r="3" t="32" w="1113" /><ent r="3" t="32" w="1177" /><ent r="3" t="32" w="1180" /><ent r="3" t="32" w="1182" /><ent r="3" t="32" w="1185" /><ent r="3" t="32" w="1186" /><ent r="3" t="32" w="1191" /><ent r="3" t="32" w="1194" /><ent r="3" t="32" w="1196" /><ent r="3" t="32" w="1199" /><ent r="3" t="32" w="1205" /><ent r="3" t="32" w="1208" /><ent r="3" t="32" w="1210" /><ent r="3" t="32" w="1213" /><ent r="3" t="32" w="1222" /><ent r="3" t="32" w="1225" /><ent r="3" t="32" w="1227" /><ent r="3" t="32" w="1230" /><ent r="3" t="32" w="1237" /><ent r="3" t="32" w="1240" /><ent r="3" t="32" w="1242" /><ent r="3" t="32" w="1245" /><ent r="3" t="32" w="1253" /><ent r="3" t="32" w="1256" /><ent r="3" t="32" w="1258" /><ent r="3" t="32" w="1261" /><ent r="3" t="32" w="1576" /><ent r="3" t="32" w="1656" /><ent r="100" t="33" w="18" /><ent r="3" t="33" w="43" /><ent r="3" t="33" w="171" /><ent r="3" t="33" w="204" /><ent r="3" t="33" w="391" /><ent r="3" t="33" w="423" /><ent r="3" t="34" w="525" /><ent r="3" t="34" w="574" /><ent r="3" t="34" w="748" /><ent r="4" t="35" w="826" /><ent r="3" t="35" w="939" /><ent r="3" t="35" w="954" /><ent r="3" t="35" w="969" /><ent r="3" t="35" w="1707" /><ent r="3" t="37" w="963" /><ent r="3" t="37" w="1057" /><ent r="3" t="37" w="1085" /><ent r="3" t="37" w="1127" /><ent r="3" t="37" w="1747" /><ent r="126" t="37" w="1804" /><ent r="4" t="37" w="3702" /><ent r="3" t="37" w="3895" /><ent r="3" t="37" w="3999" /><ent r="4" t="37" w="4119" /><ent r="3" t="37" w="4168" /><ent r="3" t="37" w="4260" /><ent r="3" t="37" w="4282" /><ent r="3" t="37" w="4314" /><ent r="3" t="39" w="148" /><ent r="125" t="40" w="1270" /><ent r="126" t="41" w="238" /><ent r="3" t="44" w="467" /><ent r="3" t="44" w="468" /><ent r="3" t="44" w="563" /><ent r="3" t="44" w="593" /><ent r="3" t="44" w="607" /><ent r="3" t="44" w="726" /><ent r="3" t="44" w="727" /><ent r="3" t="44" w="819" /><ent r="3" t="44" w="850" /><ent r="3" t="44" w="858" /><ent r="3" t="45" w="60" /><ent r="3" t="45" w="119" /><ent r="3" t="45" w="192" /><ent r="3" t="46" w="315" /><ent r="3" t="46" w="316" /><ent r="3" t="46" w="404" /><ent r="3" t="46" w="460" /><ent r="6" t="47" w="467" /><ent r="65" t="47" w="521" /><ent r="3" t="47" w="609" /><ent r="3" t="48" w="45" /><ent r="3" t="48" w="244" /><ent r="3" t="49" w="528" /><ent r="3" t="49" w="643" /><ent r="3" t="49" w="730" /><ent r="3" t="49" w="745" /><ent r="3" t="49" w="782" /><ent r="3" t="49" w="787" /><ent r="3" t="49" w="852" /><ent r="125" t="49" w="954" /><ent r="3" t="54" w="346" /><ent r="3" t="54" w="347" /><ent r="3" t="54" w="350" /><ent r="3" t="54" w="352" /><ent r="3" t="54" w="353" /><ent r="3" t="54" w="358" /><ent r="3" t="54" w="361" /><ent r="3" t="54" w="363" /><ent r="3" t="54" w="364" /><ent r="3" t="54" w="365" /><ent r="3" t="54" w="369" /><ent r="3" t="54" w="372" /><ent r="3" t="54" w="374" /><ent r="3" t="54" w="375" /><ent r="3" t="54" w="380" /><ent r="3" t="54" w="383" /><ent r="3" t="54" w="385" /><ent r="3" t="54" w="386" /><ent r="3" t="54" w="497" /><ent r="3" t="54" w="498" /><ent r="3" t="54" w="500" /><ent r="3" t="54" w="503" /><ent r="3" t="54" w="505" /><ent r="3" t="54" w="508" /><ent r="3" t="54" w="512" /><ent r="3" t="54" w="515" /><ent r="3" t="54" w="517" /><ent r="3" t="54" w="520" /><ent r="3" t="54" w="522" /><ent r="3" t="54" w="543" /><ent r="3" t="54" w="546" /><ent r="3" t="54" w="548" /><ent r="3" t="54" w="551" /><ent r="3" t="55" w="490" /><ent r="3" t="55" w="491" /><ent r="3" t="55" w="506" /><ent r="3" t="55" w="507" /><ent r="3" t="55" w="508" /><ent r="3" t="55" w="511" /><ent r="3" t="55" w="513" /><ent r="3" t="55" w="569" /><ent r="3" t="55" w="572" /><ent r="3" t="55" w="574" /><ent r="3" t="55" w="576" /><ent r="3" t="55" w="577" /><ent r="3" t="55" w="594" /><ent r="3" t="55" w="623" /><ent r="3" t="55" w="625" /><ent r="3" t="55" w="628" /><ent r="3" t="55" w="630" /><ent r="3" t="55" w="660" /><ent r="3" t="55" w="667" /><ent r="3" t="55" w="668" /><ent r="3" t="55" w="669" /><ent r="3" t="55" w="672" /><ent r="3" t="55" w="674" /><ent r="3" t="55" w="830" /><ent r="3" t="55" w="831" /><ent r="3" t="55" w="833" /><ent r="3" t="55" w="852" /><ent r="3" t="55" w="853" /><ent r="3" t="55" w="859" /><ent r="3" t="55" w="860" /><ent r="3" t="55" w="861" /><ent r="3" t="55" w="864" /><ent r="3" t="55" w="866" /><ent r="3" t="55" w="867" /><ent r="3" t="55" w="868" /><ent r="3" t="55" w="876" /><ent r="3" t="55" w="877" /><ent r="3" t="55" w="878" /><ent r="3" t="55" w="881" /><ent r="3" t="55" w="883" /><ent r="3" t="55" w="884" /><ent r="3" t="55" w="888" /><ent r="3" t="55" w="891" /><ent r="3" t="55" w="893" /><ent r="3" t="55" w="895" /><ent r="3" t="55" w="900" /><ent r="3" t="55" w="901" /><ent r="3" t="55" w="902" /><ent r="3" t="55" w="905" /><ent r="3" t="55" w="907" /><ent r="3" t="55" w="908" /><ent r="3" t="55" w="916" /><ent r="3" t="55" w="917" /><ent r="3" t="55" w="918" /><ent r="3" t="55" w="921" /><ent r="3" t="55" w="923" /><ent r="3" t="55" w="924" /><ent r="3" t="55" w="934" /><ent r="3" t="55" w="935" /><ent r="3" t="55" w="936" /><ent r="3" t="55" w="939" /><ent r="3" t="55" w="941" /><ent r="3" t="55" w="942" /><ent r="3" t="55" w="953" /><ent r="3" t="55" w="954" /><ent r="3" t="55" w="955" /><ent r="3" t="55" w="958" /><ent r="3" t="55" w="960" /><ent r="3" t="55" w="961" /><ent r="3" t="55" w="972" /><ent r="3" t="55" w="973" /><ent r="3" t="55" w="974" /><ent r="3" t="55" w="977" /><ent r="3" t="55" w="979" /><ent r="3" t="55" w="980" /><ent r="3" t="55" w="988" /><ent r="3" t="55" w="989" /><ent r="3" t="55" w="990" /><ent r="3" t="55" w="993" /><ent r="3" t="55" w="995" /><ent r="3" t="55" w="996" /><ent r="3" t="55" w="1004" /><ent r="3" t="55" w="1005" /><ent r="3" t="55" w="1006" /><ent r="3" t="55" w="1009" /><ent r="3" t="55" w="1011" /><ent r="3" t="55" w="1012" /><ent r="3" t="55" w="1014" /><ent r="3" t="55" w="1016" /><ent r="3" t="55" w="1018" /><ent r="3" t="55" w="1021" /><ent r="3" t="55" w="1023" /><ent r="3" t="55" w="1024" /><ent r="3" t="55" w="1026" /><ent r="3" t="55" w="1030" /><ent r="3" t="55" w="1031" /><ent r="3" t="55" w="1032" /><ent r="3" t="55" w="1035" /><ent r="3" t="55" w="1037" /><ent r="3" t="55" w="1038" /><ent r="3" t="55" w="1040" /><ent r="3" t="55" w="1042" /><ent r="3" t="55" w="1049" /><ent r="3" t="55" w="1050" /><ent r="3" t="55" w="1051" /><ent r="3" t="55" w="1054" /><ent r="3" t="55" w="1056" /><ent r="3" t="55" w="1057" /><ent r="3" t="55" w="1059" /><ent r="3" t="55" w="1061" /><ent r="3" t="55" w="1067" /><ent r="3" t="55" w="1068" /><ent r="3" t="55" w="1069" /><ent r="3" t="55" w="1072" /><ent r="3" t="55" w="1074" /><ent r="3" t="55" w="1076" /><ent r="3" t="55" w="1083" /><ent r="3" t="55" w="1084" /><ent r="3" t="55" w="1085" /><ent r="3" t="55" w="1088" /><ent r="3" t="55" w="1090" /><ent r="3" t="55" w="1093" /><ent r="3" t="55" w="1094" /><ent r="3" t="55" w="1095" /><ent r="3" t="55" w="1097" /><ent r="3" t="55" w="1101" /><ent r="3" t="55" w="1102" /><ent r="3" t="55" w="1103" /><ent r="3" t="55" w="1106" /><ent r="3" t="55" w="1108" /><ent r="3" t="55" w="1111" /><ent r="3" t="55" w="1112" /><ent r="3" t="55" w="1119" /><ent r="3" t="55" w="1120" /><ent r="3" t="56" w="108" /><ent r="3" t="56" w="177" /><ent r="3" t="56" w="182" /><ent r="3" t="56" w="186" /><ent r="3" t="56" w="197" /><ent r="3" t="56" w="482" /><ent r="3" t="56" w="544" /><ent r="3" t="56" w="547" /><ent r="3" t="56" w="548" /><ent r="3" t="56" w="550" /><ent r="3" t="56" w="566" /><ent r="3" t="56" w="569" /><ent r="3" t="56" w="591" /><ent r="3" t="56" w="617" /><ent r="3" t="56" w="620" /><ent r="3" t="56" w="622" /><ent r="3" t="56" w="623" /><ent r="3" t="56" w="624" /><ent r="3" t="56" w="633" /><ent r="3" t="56" w="636" /><ent r="3" t="56" w="638" /><ent r="3" t="56" w="639" /><ent r="3" t="56" w="655" /><ent r="3" t="56" w="658" /><ent r="3" t="56" w="660" /><ent r="3" t="56" w="661" /><ent r="3" t="56" w="669" /><ent r="3" t="56" w="672" /><ent r="3" t="56" w="674" /><ent r="3" t="56" w="675" /><ent r="3" t="56" w="682" /><ent r="3" t="56" w="685" /><ent r="3" t="56" w="687" /><ent r="3" t="56" w="688" /><ent r="3" t="61" w="737" /><ent r="3" t="61" w="739" /><ent r="3" t="61" w="790" /><ent r="3" t="61" w="792" /><ent r="3" t="61" w="1022" /><ent r="3" t="61" w="1053" /><ent r="3" t="61" w="1112" /><ent r="3" t="61" w="1133" /><ent r="3" t="61" w="1203" /><ent r="3" t="61" w="1282" /><ent r="3" t="61" w="1291" /><ent r="3" t="61" w="1297" /><ent r="3" t="61" w="1301" /><ent r="3" t="61" w="1372" /><ent r="125" t="62" w="152" /><ent r="125" t="64" w="64" /><ent r="3" t="64" w="403" /><ent r="7" t="68" w="338" /><ent r="6" t="68" w="647" /><ent r="6" t="70" w="1128" /><ent r="100" t="70" w="1833" /><ent r="4" t="70" w="1845" /><ent r="6" t="70" w="1889" /><ent r="6" t="70" w="1953" /><ent r="6" t="70" w="1999" /><ent r="4" t="77" w="245" /><ent r="5" t="77" w="262" /></phr></stem></index>