<?xml version="1.0" encoding="utf-8"?><index><stem n="(1)"><phr n="(1)"><ent r="3" t="1" w="176" /><ent r="4" t="24" w="676" /><ent r="3" t="24" w="901" /></phr></stem><stem n="backup"><phr n="backup"><ent r="3" t="1" w="182" /></phr></stem><stem n="otherwis"><phr n="otherwise"><ent r="3" t="1" w="190" /><ent r="3" t="14" w="1232" /><ent r="3" t="16" w="2176" /><ent r="3" t="27" w="195" /><ent r="4" t="29" w="267" /><ent r="3" t="34" w="749" /><ent r="3" t="59" w="321" /><ent r="6" t="70" w="827" /><ent r="6" t="70" w="1272" /><ent r="5" t="77" w="150" /></phr><phr n="Otherwise"><ent r="6" t="16" w="644" /><ent r="6" t="70" w="1085" /></phr></stem><stem n="same"><phr n="same"><ent r="3" t="1" w="206" /><ent r="3" t="3" w="189" /><ent r="3" t="4" w="702" /><ent r="6" t="5" w="362" /><ent r="5" t="9" w="91" /><ent r="5" t="9" w="136" /><ent r="3" t="10" w="442" /><ent r="3" t="13" w="2194" /><ent r="3" t="14" w="950" /><ent r="3" t="15" w="263" /><ent r="4" t="16" w="1487" /><ent r="3" t="19" w="979" /><ent r="3" t="19" w="991" /><ent r="3" t="19" w="1037" /><ent r="3" t="19" w="1167" /><ent r="3" t="19" w="1536" /><ent r="3" t="21" w="60" /><ent r="4" t="21" w="605" /><ent r="3" t="21" w="659" /><ent r="4" t="22" w="111" /><ent r="4" t="22" w="124" /><ent r="3" t="22" w="1407" /><ent r="3" t="24" w="1925" /><ent r="4" t="24" w="2435" /><ent r="3" t="26" w="297" /><ent r="4" t="26" w="598" /><ent r="3" t="27" w="294" /><ent r="3" t="28" w="128" /><ent r="3" t="29" w="872" /><ent r="3" t="30" w="36" /><ent r="3" t="34" w="173" /><ent r="3" t="35" w="428" /><ent r="3" t="35" w="1377" /><ent r="3" t="35" w="1693" /><ent r="3" t="38" w="245" /><ent r="3" t="40" w="105" /><ent r="3" t="43" w="29" /><ent r="3" t="48" w="114" /><ent r="4" t="57" w="89" /><ent r="3" t="59" w="364" /><ent r="3" t="61" w="121" /><ent r="3" t="67" w="19" /><ent r="6" t="68" w="360" /><ent r="6" t="68" w="388" /><ent r="7" t="68" w="552" /><ent r="3" t="69" w="75" /><ent r="6" t="70" w="162" /><ent r="3" t="71" w="372" /></phr><phr n="Same"><ent r="5" t="9" w="140" /><ent r="5" t="9" w="264" /><ent r="5" t="9" w="272" /><ent r="5" t="9" w="280" /><ent r="5" t="9" w="289" /><ent r="5" t="9" w="296" /><ent r="5" t="9" w="304" /></phr></stem><stem n="time"><phr n="time"><ent r="3" t="1" w="207" /><ent r="4" t="8" w="304" /><ent r="5" t="13" w="1060" /><ent r="3" t="14" w="378" /><ent r="3" t="14" w="536" /><ent r="3" t="14" w="560" /><ent r="3" t="14" w="569" /><ent r="3" t="14" w="578" /><ent r="3" t="14" w="906" /><ent r="6" t="16" w="786" /><ent r="4" t="16" w="1798" /><ent r="3" t="19" w="425" /><ent r="3" t="21" w="230" /><ent r="4" t="21" w="584" /><ent r="4" t="21" w="606" /><ent r="5" t="21" w="823" /><ent r="4" t="21" w="827" /><ent r="3" t="24" w="51" /><ent r="4" t="24" w="642" /><ent r="4" t="24" w="791" /><ent r="4" t="24" w="817" /><ent r="3" t="24" w="1617" /><ent r="3" t="24" w="1622" /><ent r="3" t="24" w="1639" /><ent r="3" t="24" w="1653" /><ent r="3" t="24" w="1662" /><ent r="4" t="24" w="1696" /><ent r="3" t="24" w="1902" /><ent r="4" t="26" w="565" /><ent r="3" t="29" w="583" /><ent r="3" t="31" w="25" /><ent r="4" t="31" w="175" /><ent r="3" t="33" w="191" /><ent r="92" t="37" w="838" /><ent r="4" t="37" w="877" /><ent r="3" t="37" w="3582" /><ent r="3" t="38" w="32" /><ent r="4" t="38" w="59" /><ent r="4" t="38" w="68" /><ent r="5" t="38" w="110" /><ent r="4" t="38" w="384" /><ent r="4" t="40" w="844" /><ent r="3" t="40" w="856" /><ent r="3" t="64" w="157" /><ent r="3" t="64" w="289" /><ent r="3" t="64" w="396" /><ent r="3" t="64" w="415" /><ent r="3" t="64" w="434" /><ent r="3" t="64" w="457" /><ent r="3" t="64" w="480" /><ent r="3" t="64" w="501" /><ent r="7" t="70" w="799" /><ent r="6" t="70" w="803" /><ent r="6" t="70" w="2191" /><ent r="6" t="70" w="2215" /><ent r="6" t="70" w="2242" /><ent r="6" t="70" w="2271" /><ent r="3" t="73" w="44" /><ent r="4" t="73" w="81" /><ent r="100" t="73" w="86" /><ent r="5" t="73" w="91" /></phr><phr n="Time"><ent r="5" t="9" w="62" /><ent r="5" t="9" w="154" /><ent r="5" t="9" w="188" /><ent r="5" t="9" w="199" /><ent r="5" t="9" w="221" /><ent r="5" t="9" w="244" /><ent r="5" t="9" w="255" /><ent r="5" t="9" w="326" /><ent r="5" t="9" w="758" /><ent r="5" t="9" w="798" /><ent r="5" t="9" w="838" /><ent r="4" t="24" w="643" /><ent r="4" t="24" w="1806" /><ent r="4" t="24" w="1825" /><ent r="5" t="31" w="163" /><ent r="100" t="38" w="84" /><ent r="92" t="38" w="89" /><ent r="3" t="39" w="610" /><ent r="3" t="39" w="619" /><ent r="8" t="70" w="393" /><ent r="8" t="70" w="974" /></phr><phr n="times"><ent r="4" t="19" w="1575" /><ent r="3" t="23" w="132" /><ent r="3" t="38" w="77" /><ent r="3" t="38" w="316" /><ent r="4" t="38" w="356" /><ent r="64" t="53" w="106" /><ent r="4" t="64" w="275" /></phr><phr n="TIME"><ent r="4" t="35" w="1324" /><ent r="100" t="37" w="319" /><ent r="65" t="37" w="882" /><ent r="3" t="37" w="3588" /><ent r="83" t="37" w="3604" /><ent r="5" t="37" w="3609" /><ent r="5" t="37" w="3633" /><ent r="100" t="38" w="6" /><ent r="6" t="38" w="173" /><ent r="3" t="38" w="285" /></phr><phr n="Times"><ent r="1000" t="38" w="4" /><ent r="100" t="38" w="13" /><ent r="100" t="38" w="16" /><ent r="100" t="38" w="19" /><ent r="102" t="38" w="25" /><ent r="3" t="38" w="45" /></phr><phr n="timings"><ent r="4" t="38" w="336" /><ent r="4" t="38" w="370" /></phr></stem><stem n="rent"><phr n="rent"><ent r="3" t="1" w="211" /></phr></stem><stem n="leas"><phr n="lease"><ent r="3" t="1" w="213" /></phr></stem><stem n="nor"><phr n="nor"><ent r="3" t="1" w="216" /><ent r="3" t="19" w="78" /><ent r="4" t="24" w="2300" /><ent r="3" t="32" w="184" /><ent r="3" t="59" w="333" /></phr></stem><stem n="modifi"><phr n="modify"><ent r="3" t="1" w="219" /><ent r="3" t="3" w="338" /><ent r="3" t="3" w="547" /><ent r="3" t="51" w="36" /><ent r="4" t="66" w="77" /></phr><phr n="modified"><ent r="3" t="3" w="122" /><ent r="5" t="51" w="105" /><ent r="3" t="51" w="132" /><ent r="100" t="68" w="467" /><ent r="7" t="68" w="472" /></phr><phr n="modifier"><ent r="4" t="24" w="2465" /><ent r="6" t="24" w="2602" /><ent r="6" t="24" w="2612" /></phr><phr n="Modified"><ent r="3" t="32" w="69" /><ent r="3" t="61" w="692" /></phr><phr n="modifies"><ent r="3" t="35" w="1394" /></phr><phr n="Modifying"><ent r="1000" t="51" w="1" /><ent r="102" t="51" w="6" /></phr><phr n="modifying"><ent r="3" t="51" w="113" /><ent r="3" t="65" w="53" /></phr></stem><stem n="adapt"><phr n="adapt"><ent r="3" t="1" w="220" /></phr></stem><stem n="translat"><phr n="translate"><ent r="3" t="1" w="221" /></phr></stem><stem n="decompil"><phr n="decompile"><ent r="3" t="1" w="222" /></phr></stem><stem n="disassembl"><phr n="disassemble"><ent r="3" t="1" w="224" /></phr></stem><stem n="violat"><phr n="violate"><ent r="3" t="1" w="229" /></phr></stem><stem n="part"><phr n="part"><ent r="3" t="1" w="231" /><ent r="3" t="5" w="48" /><ent r="6" t="5" w="240" /><ent r="6" t="5" w="293" /><ent r="5" t="5" w="402" /><ent r="5" t="13" w="259" /><ent r="3" t="13" w="2448" /><ent r="3" t="13" w="2455" /><ent r="3" t="19" w="72" /><ent r="3" t="19" w="1156" /><ent r="3" t="19" w="1188" /><ent r="3" t="26" w="784" /><ent r="3" t="34" w="506" /><ent r="3" t="35" w="444" /><ent r="3" t="37" w="1756" /><ent r="4" t="41" w="288" /><ent r="3" t="70" w="200" /><ent r="6" t="70" w="1962" /></phr><phr n="Parts"><ent r="92" t="3" w="268" /><ent r="100" t="5" w="99" /><ent r="92" t="5" w="102" /></phr><phr n="parts"><ent r="4" t="3" w="477" /><ent r="4" t="5" w="1175" /><ent r="3" t="5" w="1237" /><ent r="3" t="5" w="1243" /><ent r="3" t="37" w="3481" /><ent r="4" t="37" w="3515" /><ent r="3" t="78" w="49" /><ent r="3" t="78" w="55" /></phr></stem><stem n="termin"><phr n="terminates"><ent r="3" t="1" w="241" /><ent r="3" t="37" w="1642" /><ent r="3" t="37" w="2093" /><ent r="3" t="37" w="2137" /><ent r="3" t="37" w="4611" /></phr><phr n="terminated"><ent r="4" t="24" w="1257" /><ent r="4" t="35" w="1128" /><ent r="4" t="37" w="2212" /><ent r="3" t="37" w="4566" /><ent r="3" t="39" w="264" /></phr><phr n="terminal"><ent r="3" t="32" w="714" /></phr><phr n="Termination"><ent r="100" t="35" w="1085" /><ent r="82" t="35" w="1091" /></phr><phr n="terminate"><ent r="3" t="35" w="1551" /><ent r="3" t="37" w="1484" /><ent r="5" t="37" w="1828" /><ent r="3" t="37" w="3383" /><ent r="4" t="55" w="1239" /></phr><phr n="Terminates"><ent r="4" t="37" w="527" /><ent r="4" t="37" w="539" /></phr></stem><stem n="automat"><phr n="automatically"><ent r="3" t="1" w="242" /><ent r="4" t="4" w="452" /><ent r="3" t="8" w="33" /><ent r="3" t="8" w="274" /><ent r="3" t="8" w="351" /><ent r="5" t="13" w="226" /><ent r="5" t="13" w="265" /><ent r="4" t="29" w="75" /><ent r="4" t="29" w="93" /><ent r="3" t="37" w="1323" /><ent r="3" t="37" w="1641" /><ent r="4" t="46" w="150" /><ent r="3" t="46" w="210" /><ent r="4" t="47" w="853" /><ent r="4" t="47" w="863" /><ent r="4" t="49" w="250" /><ent r="6" t="70" w="1544" /><ent r="3" t="70" w="1623" /><ent r="4" t="77" w="68" /></phr><phr n="Automatically"><ent r="65" t="8" w="130" /><ent r="64" t="8" w="357" /><ent r="65" t="8" w="692" /><ent r="1000" t="9" w="1" /><ent r="102" t="9" w="6" /></phr></stem><stem n="disclaim"><phr n="Disclaimer"><ent r="92" t="1" w="257" /></phr><phr n="disclaims"><ent r="3" t="1" w="334" /></phr></stem><stem n="warranti"><phr n="Warranty"><ent r="92" t="1" w="259" /></phr><phr n="warranty"><ent r="3" t="1" w="275" /></phr><phr n="warranties"><ent r="3" t="1" w="336" /><ent r="3" t="1" w="350" /></phr></stem><stem n="merchant"><phr n="Merchantability"><ent r="100" t="1" w="261" /></phr><phr n="merchantability"><ent r="3" t="1" w="352" /></phr></stem><stem n="relat"><phr n="related"><ent r="3" t="1" w="267" /><ent r="6" t="5" w="960" /><ent r="6" t="5" w="1050" /><ent r="3" t="49" w="701" /><ent r="4" t="64" w="145" /><ent r="65" t="70" w="110" /><ent r="6" t="70" w="529" /><ent r="6" t="70" w="578" /><ent r="6" t="70" w="591" /><ent r="6" t="70" w="918" /><ent r="6" t="70" w="937" /><ent r="93" t="70" w="1771" /><ent r="6" t="70" w="2384" /></phr><phr n="relating"><ent r="3" t="1" w="337" /><ent r="3" t="1" w="716" /></phr><phr n="relational"><ent r="3" t="13" w="1837" /><ent r="4" t="24" w="142" /><ent r="3" t="37" w="1692" /></phr><phr n="Relational"><ent r="100" t="24" w="354" /><ent r="4" t="24" w="357" /></phr></stem><stem n="provid"><phr n="provided"><ent r="3" t="1" w="270" /><ent r="3" t="8" w="622" /><ent r="4" t="24" w="190" /><ent r="3" t="24" w="1642" /><ent r="3" t="24" w="1656" /><ent r="100" t="39" w="39" /><ent r="100" t="39" w="43" /><ent r="100" t="39" w="57" /><ent r="3" t="39" w="74" /><ent r="3" t="47" w="187" /><ent r="3" t="57" w="142" /><ent r="3" t="58" w="214" /></phr><phr n="Provides"><ent r="5" t="5" w="459" /></phr><phr n="provides"><ent r="3" t="8" w="604" /><ent r="4" t="16" w="992" /><ent r="3" t="16" w="1828" /><ent r="3" t="19" w="147" /><ent r="3" t="19" w="1516" /><ent r="3" t="22" w="456" /><ent r="3" t="22" w="950" /><ent r="3" t="40" w="25" /><ent r="3" t="40" w="530" /><ent r="3" t="41" w="493" /><ent r="3" t="44" w="39" /><ent r="3" t="55" w="46" /><ent r="3" t="57" w="12" /><ent r="3" t="58" w="233" /><ent r="3" t="59" w="188" /><ent r="3" t="59" w="224" /><ent r="3" t="59" w="253" /><ent r="3" t="66" w="515" /><ent r="6" t="68" w="155" /><ent r="6" t="68" w="230" /><ent r="6" t="70" w="1484" /></phr><phr n="provide"><ent r="4" t="17" w="422" /><ent r="3" t="37" w="1524" /><ent r="3" t="40" w="566" /><ent r="3" t="44" w="330" /><ent r="3" t="44" w="393" /><ent r="3" t="61" w="19" /><ent r="3" t="67" w="44" /><ent r="6" t="70" w="1449" /><ent r="6" t="70" w="1503" /></phr><phr n="providing"><ent r="3" t="19" w="1014" /><ent r="3" t="44" w="369" /></phr><phr n="Provide"><ent r="4" t="66" w="92" /></phr></stem><stem n="&quot;a"><phr n="&quot;AS"><ent r="3" t="1" w="271" /></phr></stem><stem n="&quot;"><phr n="&quot;"><ent r="3" t="1" w="273" /><ent r="3" t="1" w="477" /><ent r="3" t="1" w="485" /><ent r="3" t="5" w="763" /><ent r="3" t="5" w="770" /><ent r="3" t="7" w="236" /><ent r="3" t="7" w="596" /><ent r="3" t="8" w="238" /><ent r="3" t="8" w="246" /><ent r="3" t="8" w="640" /><ent r="3" t="8" w="645" /><ent r="4" t="11" w="515" /><ent r="3" t="12" w="56" /><ent r="3" t="12" w="62" /><ent r="3" t="12" w="69" /><ent r="3" t="12" w="71" /><ent r="5" t="13" w="1394" /><ent r="3" t="13" w="2086" /><ent r="3" t="14" w="169" /><ent r="3" t="14" w="190" /><ent r="3" t="14" w="300" /><ent r="3" t="14" w="501" /><ent r="3" t="14" w="508" /><ent r="3" t="14" w="520" /><ent r="3" t="14" w="561" /><ent r="3" t="14" w="570" /><ent r="3" t="14" w="579" /><ent r="3" t="14" w="796" /><ent r="3" t="14" w="810" /><ent r="3" t="14" w="1074" /><ent r="3" t="16" w="139" /><ent r="3" t="16" w="156" /><ent r="6" t="16" w="570" /><ent r="3" t="16" w="1208" /><ent r="3" t="16" w="1218" /><ent r="3" t="16" w="1237" /><ent r="4" t="16" w="1632" /><ent r="3" t="16" w="1779" /><ent r="3" t="16" w="2197" /><ent r="3" t="16" w="2292" /><ent r="3" t="17" w="157" /><ent r="3" t="17" w="164" /><ent r="3" t="17" w="173" /><ent r="3" t="17" w="186" /><ent r="3" t="17" w="208" /><ent r="5" t="17" w="402" /><ent r="4" t="17" w="433" /><ent r="3" t="19" w="307" /><ent r="3" t="19" w="313" /><ent r="3" t="19" w="316" /><ent r="3" t="19" w="319" /><ent r="3" t="19" w="322" /><ent r="3" t="19" w="325" /><ent r="3" t="19" w="513" /><ent r="3" t="19" w="581" /><ent r="3" t="19" w="597" /><ent r="3" t="19" w="640" /><ent r="3" t="19" w="662" /><ent r="3" t="19" w="675" /><ent r="3" t="19" w="1050" /><ent r="3" t="19" w="1058" /><ent r="3" t="19" w="1094" /><ent r="3" t="19" w="1102" /><ent r="3" t="19" w="1119" /><ent r="3" t="19" w="1348" /><ent r="3" t="19" w="1356" /><ent r="3" t="19" w="1362" /><ent r="3" t="19" w="1838" /><ent r="4" t="19" w="1915" /><ent r="3" t="20" w="342" /><ent r="3" t="20" w="359" /><ent r="4" t="22" w="266" /><ent r="3" t="22" w="562" /><ent r="3" t="22" w="584" /><ent r="3" t="22" w="919" /><ent r="3" t="22" w="962" /><ent r="3" t="22" w="1300" /><ent r="3" t="22" w="1340" /><ent r="3" t="22" w="1357" /><ent r="3" t="22" w="1374" /><ent r="3" t="22" w="1423" /><ent r="3" t="22" w="1431" /><ent r="3" t="22" w="1440" /><ent r="3" t="22" w="1449" /><ent r="3" t="22" w="1457" /><ent r="3" t="22" w="1467" /><ent r="3" t="22" w="1480" /><ent r="3" t="22" w="1488" /><ent r="3" t="22" w="1496" /><ent r="3" t="22" w="1506" /><ent r="3" t="22" w="1515" /><ent r="3" t="22" w="1523" /><ent r="3" t="22" w="1531" /><ent r="3" t="22" w="1541" /><ent r="3" t="23" w="261" /><ent r="3" t="24" w="941" /><ent r="3" t="24" w="944" /><ent r="3" t="24" w="1375" /><ent r="3" t="24" w="1376" /><ent r="3" t="24" w="1424" /><ent r="3" t="24" w="1432" /><ent r="3" t="24" w="1468" /><ent r="3" t="24" w="1469" /><ent r="3" t="24" w="1476" /><ent r="3" t="24" w="1482" /><ent r="3" t="24" w="1483" /><ent r="3" t="24" w="1490" /><ent r="4" t="24" w="1707" /><ent r="3" t="24" w="1869" /><ent r="3" t="24" w="2695" /><ent r="3" t="24" w="2814" /><ent r="3" t="24" w="2824" /><ent r="4" t="25" w="224" /><ent r="4" t="25" w="291" /><ent r="3" t="26" w="935" /><ent r="3" t="27" w="108" /><ent r="3" t="27" w="124" /><ent r="3" t="29" w="650" /><ent r="3" t="29" w="655" /><ent r="3" t="29" w="671" /><ent r="3" t="29" w="677" /><ent r="3" t="29" w="683" /><ent r="3" t="29" w="689" /><ent r="3" t="29" w="695" /><ent r="3" t="29" w="701" /><ent r="3" t="29" w="720" /><ent r="3" t="29" w="727" /><ent r="3" t="29" w="986" /><ent r="3" t="29" w="994" /><ent r="3" t="29" w="1002" /><ent r="3" t="29" w="1054" /><ent r="3" t="29" w="1093" /><ent r="3" t="29" w="1101" /><ent r="3" t="29" w="1109" /><ent r="3" t="32" w="135" /><ent r="3" t="32" w="150" /><ent r="3" t="32" w="498" /><ent r="3" t="32" w="513" /><ent r="3" t="32" w="544" /><ent r="3" t="32" w="659" /><ent r="3" t="32" w="674" /><ent r="3" t="32" w="705" /><ent r="3" t="32" w="782" /><ent r="3" t="32" w="797" /><ent r="3" t="32" w="828" /><ent r="3" t="32" w="892" /><ent r="3" t="32" w="907" /><ent r="3" t="32" w="938" /><ent r="3" t="32" w="1074" /><ent r="3" t="32" w="1089" /><ent r="3" t="32" w="1120" /><ent r="3" t="32" w="1221" /><ent r="3" t="32" w="1236" /><ent r="3" t="32" w="1252" /><ent r="3" t="32" w="1269" /><ent r="3" t="32" w="1280" /><ent r="3" t="32" w="1285" /><ent r="3" t="32" w="1298" /><ent r="3" t="32" w="1303" /><ent r="3" t="32" w="1312" /><ent r="3" t="32" w="1317" /><ent r="3" t="32" w="1322" /><ent r="3" t="32" w="1334" /><ent r="3" t="32" w="1340" /><ent r="3" t="32" w="1346" /><ent r="3" t="32" w="1352" /><ent r="3" t="32" w="1358" /><ent r="3" t="32" w="1364" /><ent r="3" t="32" w="1370" /><ent r="3" t="32" w="1376" /><ent r="3" t="32" w="1382" /><ent r="3" t="32" w="1388" /><ent r="3" t="32" w="1394" /><ent r="3" t="32" w="1400" /><ent r="3" t="32" w="1406" /><ent r="3" t="32" w="1412" /><ent r="3" t="32" w="1418" /><ent r="3" t="32" w="1424" /><ent r="3" t="32" w="1430" /><ent r="3" t="32" w="1436" /><ent r="3" t="32" w="1442" /><ent r="3" t="32" w="1448" /><ent r="3" t="32" w="1454" /><ent r="3" t="32" w="1460" /><ent r="3" t="32" w="1466" /><ent r="3" t="32" w="1472" /><ent r="3" t="32" w="1478" /><ent r="3" t="32" w="1484" /><ent r="3" t="32" w="1490" /><ent r="3" t="32" w="1496" /><ent r="3" t="32" w="1502" /><ent r="3" t="32" w="1508" /><ent r="3" t="33" w="94" /><ent r="3" t="35" w="444" /><ent r="3" t="35" w="496" /><ent r="3" t="35" w="1698" /><ent r="3" t="35" w="1701" /><ent r="3" t="35" w="1705" /><ent r="4" t="35" w="1760" /><ent r="4" t="35" w="1766" /><ent r="4" t="35" w="1773" /><ent r="4" t="35" w="1775" /><ent r="3" t="37" w="961" /><ent r="4" t="37" w="1021" /><ent r="3" t="37" w="1047" /><ent r="3" t="37" w="1049" /><ent r="3" t="37" w="1083" /><ent r="3" t="37" w="1649" /><ent r="3" t="37" w="1860" /><ent r="3" t="37" w="1979" /><ent r="3" t="37" w="2357" /><ent r="3" t="37" w="3893" /><ent r="3" t="37" w="4166" /><ent r="3" t="37" w="4245" /><ent r="3" t="37" w="4305" /><ent r="3" t="39" w="431" /><ent r="3" t="39" w="434" /><ent r="3" t="39" w="437" /><ent r="3" t="39" w="439" /><ent r="3" t="39" w="441" /><ent r="3" t="39" w="443" /><ent r="3" t="40" w="841" /><ent r="3" t="44" w="466" /><ent r="3" t="44" w="478" /><ent r="3" t="44" w="625" /><ent r="3" t="44" w="676" /><ent r="3" t="44" w="725" /><ent r="3" t="44" w="737" /><ent r="3" t="44" w="866" /><ent r="3" t="44" w="929" /><ent r="3" t="45" w="118" /><ent r="3" t="46" w="314" /><ent r="3" t="46" w="326" /><ent r="3" t="48" w="44" /><ent r="3" t="48" w="56" /><ent r="3" t="49" w="592" /><ent r="92" t="54" w="39" /><ent r="3" t="54" w="180" /><ent r="3" t="56" w="563" /><ent r="3" t="56" w="681" /><ent r="3" t="56" w="696" /><ent r="3" t="56" w="706" /><ent r="4" t="56" w="767" /><ent r="3" t="60" w="162" /><ent r="3" t="61" w="609" /><ent r="3" t="61" w="633" /><ent r="3" t="61" w="640" /><ent r="3" t="61" w="823" /><ent r="3" t="61" w="823" /><ent r="3" t="61" w="933" /><ent r="3" t="61" w="1062" /><ent r="3" t="61" w="1071" /><ent r="3" t="61" w="1084" /><ent r="3" t="61" w="1185" /><ent r="3" t="66" w="205" /><ent r="4" t="66" w="359" /><ent r="7" t="68" w="125" /><ent r="7" t="68" w="222" /><ent r="7" t="68" w="579" /><ent r="4" t="69" w="36" /><ent r="6" t="70" w="1292" /><ent r="4" t="77" w="136" /><ent r="5" t="77" w="172" /><ent r="5" t="77" w="273" /></phr></stem><stem n="without"><phr n="without"><ent r="3" t="1" w="274" /><ent r="3" t="1" w="346" /><ent r="6" t="5" w="301" /><ent r="4" t="37" w="2246" /><ent r="7" t="68" w="459" /><ent r="3" t="71" w="336" /></phr></stem><stem n="kind"><phr n="kind"><ent r="3" t="1" w="278" /><ent r="4" t="16" w="1631" /></phr><phr n="kinds"><ent r="3" t="3" w="75" /><ent r="3" t="3" w="321" /><ent r="4" t="8" w="742" /><ent r="3" t="16" w="1543" /><ent r="3" t="26" w="20" /><ent r="3" t="26" w="46" /><ent r="3" t="29" w="52" /><ent r="3" t="40" w="658" /></phr></stem><stem n="person"><phr n="person"><ent r="3" t="1" w="280" /></phr></stem><stem n="bear"><phr n="bears"><ent r="3" t="1" w="284" /></phr></stem><stem n="risk"><phr n="risk"><ent r="3" t="1" w="286" /></phr></stem><stem n="qualiti"><phr n="quality"><ent r="3" t="1" w="290" /></phr></stem><stem n="perform"><phr n="performance"><ent r="3" t="1" w="292" /><ent r="3" t="47" w="176" /><ent r="4" t="47" w="806" /><ent r="3" t="48" w="91" /></phr><phr n="perform"><ent r="3" t="13" w="1832" /><ent r="3" t="13" w="1849" /><ent r="3" t="13" w="1858" /><ent r="4" t="17" w="427" /><ent r="3" t="34" w="611" /><ent r="3" t="37" w="1687" /><ent r="3" t="37" w="1704" /><ent r="3" t="37" w="1713" /><ent r="3" t="55" w="60" /><ent r="3" t="60" w="11" /></phr><phr n="performs"><ent r="3" t="17" w="370" /><ent r="4" t="17" w="403" /></phr><phr n="Performance"><ent r="4" t="47" w="553" /><ent r="3" t="48" w="258" /></phr></stem><stem n="paid"><phr n="paid"><ent r="3" t="1" w="298" /></phr></stem><stem n="within"><phr n="within"><ent r="3" t="1" w="303" /><ent r="5" t="5" w="591" /><ent r="3" t="12" w="71" /><ent r="3" t="19" w="136" /><ent r="4" t="19" w="196" /><ent r="92" t="19" w="1510" /><ent r="3" t="19" w="1534" /><ent r="3" t="20" w="512" /><ent r="3" t="21" w="23" /><ent r="3" t="34" w="613" /><ent r="3" t="34" w="954" /><ent r="4" t="35" w="817" /><ent r="82" t="35" w="1660" /><ent r="4" t="35" w="1775" /><ent r="3" t="37" w="4157" /><ent r="3" t="37" w="4250" /><ent r="3" t="39" w="297" /><ent r="3" t="39" w="576" /><ent r="4" t="49" w="339" /><ent r="4" t="56" w="795" /><ent r="3" t="58" w="243" /><ent r="4" t="65" w="184" /><ent r="6" t="68" w="186" /><ent r="6" t="70" w="437" /><ent r="6" t="70" w="2329" /><ent r="3" t="71" w="31" /></phr><phr n="Within"><ent r="6" t="70" w="534" /><ent r="6" t="70" w="984" /></phr></stem><stem n="30"><phr n="30"><ent r="3" t="1" w="304" /><ent r="5" t="9" w="40" /><ent r="3" t="13" w="2222" /><ent r="3" t="13" w="2232" /><ent r="3" t="13" w="2275" /><ent r="3" t="35" w="1010" /><ent r="3" t="35" w="1209" /><ent r="3" t="37" w="3887" /><ent r="3" t="37" w="4115" /><ent r="3" t="37" w="4158" /><ent r="3" t="37" w="4251" /><ent r="3" t="39" w="434" /><ent r="3" t="47" w="633" /><ent r="3" t="47" w="649" /></phr></stem><stem n="dai"><phr n="days"><ent r="3" t="1" w="305" /></phr><phr n="Day"><ent r="4" t="24" w="1709" /><ent r="4" t="24" w="1728" /></phr><phr n="day"><ent r="4" t="24" w="1770" /><ent r="4" t="24" w="1796" /></phr></stem><stem n="find"><phr n="find"><ent r="3" t="1" w="306" /><ent r="4" t="16" w="2015" /><ent r="3" t="24" w="1054" /><ent r="3" t="37" w="4243" /><ent r="3" t="52" w="60" /><ent r="3" t="54" w="409" /><ent r="3" t="61" w="688" /><ent r="6" t="68" w="667" /></phr><phr n="finds"><ent r="3" t="1" w="608" /><ent r="4" t="37" w="1946" /><ent r="3" t="37" w="2416" /><ent r="3" t="65" w="92" /></phr><phr n="finding"><ent r="3" t="60" w="77" /></phr></stem><stem n="doesn"><phr n="doesn"><ent r="3" t="1" w="309" /><ent r="6" t="5" w="997" /><ent r="4" t="17" w="430" /><ent r="3" t="37" w="4152" /><ent r="3" t="37" w="4444" /><ent r="3" t="44" w="294" /><ent r="4" t="54" w="228" /><ent r="4" t="55" w="297" /><ent r="3" t="56" w="144" /><ent r="3" t="61" w="101" /><ent r="7" t="70" w="314" /><ent r="6" t="70" w="2082" /></phr></stem><stem n="'t"><phr n="'t"><ent r="3" t="1" w="310" /><ent r="6" t="5" w="998" /><ent r="4" t="8" w="156" /><ent r="4" t="8" w="718" /><ent r="3" t="15" w="58" /><ent r="3" t="16" w="2092" /><ent r="3" t="16" w="2099" /><ent r="3" t="22" w="912" /><ent r="6" t="24" w="2922" /><ent r="3" t="26" w="387" /><ent r="3" t="26" w="728" /><ent r="3" t="26" w="878" /><ent r="3" t="28" w="321" /><ent r="3" t="29" w="609" /><ent r="4" t="29" w="821" /><ent r="3" t="37" w="1038" /><ent r="3" t="37" w="2322" /><ent r="3" t="37" w="3241" /><ent r="3" t="37" w="3247" /><ent r="3" t="37" w="3969" /><ent r="3" t="37" w="4153" /><ent r="3" t="37" w="4207" /><ent r="3" t="37" w="4445" /><ent r="3" t="37" w="4534" /><ent r="3" t="44" w="295" /><ent r="3" t="54" w="28" /><ent r="4" t="54" w="229" /><ent r="4" t="54" w="235" /><ent r="4" t="55" w="298" /><ent r="3" t="56" w="145" /><ent r="3" t="56" w="379" /><ent r="3" t="61" w="102" /><ent r="3" t="64" w="354" /><ent r="7" t="70" w="315" /><ent r="6" t="70" w="897" /><ent r="6" t="70" w="1066" /><ent r="6" t="70" w="2083" /></phr></stem><stem n="doesn't"><phr n="doesn't"><ent r="3" t="1" w="310" /><ent r="3" t="1" w="309" /><ent r="6" t="5" w="998" /><ent r="6" t="5" w="997" /><ent r="4" t="17" w="431" /><ent r="4" t="17" w="430" /><ent r="3" t="37" w="4153" /><ent r="3" t="37" w="4152" /><ent r="3" t="37" w="4445" /><ent r="3" t="37" w="4444" /><ent r="3" t="44" w="295" /><ent r="3" t="44" w="294" /><ent r="4" t="54" w="229" /><ent r="4" t="54" w="228" /><ent r="4" t="55" w="298" /><ent r="4" t="55" w="297" /><ent r="3" t="56" w="145" /><ent r="3" t="56" w="144" /><ent r="3" t="61" w="102" /><ent r="3" t="61" w="101" /><ent r="7" t="70" w="315" /><ent r="7" t="70" w="314" /><ent r="6" t="70" w="2083" /><ent r="6" t="70" w="2082" /></phr></stem><stem n="t"><phr n="t"><ent r="3" t="1" w="310" /><ent r="6" t="5" w="998" /><ent r="4" t="8" w="156" /><ent r="4" t="8" w="718" /><ent r="3" t="15" w="58" /><ent r="3" t="16" w="2092" /><ent r="3" t="16" w="2099" /><ent r="4" t="17" w="431" /><ent r="3" t="22" w="912" /><ent r="6" t="24" w="2922" /><ent r="3" t="26" w="387" /><ent r="3" t="26" w="728" /><ent r="3" t="26" w="878" /><ent r="3" t="28" w="321" /><ent r="3" t="29" w="609" /><ent r="4" t="29" w="821" /><ent r="6" t="35" w="535" /><ent r="3" t="37" w="1038" /><ent r="3" t="37" w="2322" /><ent r="3" t="37" w="3241" /><ent r="3" t="37" w="3247" /><ent r="3" t="37" w="3969" /><ent r="3" t="37" w="4153" /><ent r="3" t="37" w="4207" /><ent r="3" t="37" w="4445" /><ent r="3" t="37" w="4534" /><ent r="3" t="44" w="295" /><ent r="3" t="49" w="861" /><ent r="3" t="54" w="28" /><ent r="4" t="54" w="229" /><ent r="4" t="54" w="235" /><ent r="3" t="55" w="145" /><ent r="4" t="55" w="298" /><ent r="5" t="55" w="304" /><ent r="3" t="56" w="145" /><ent r="3" t="56" w="379" /><ent r="3" t="61" w="102" /><ent r="3" t="61" w="275" /><ent r="3" t="61" w="313" /><ent r="3" t="61" w="493" /><ent r="3" t="61" w="504" /><ent r="3" t="64" w="354" /><ent r="7" t="70" w="315" /><ent r="6" t="70" w="897" /><ent r="6" t="70" w="1066" /><ent r="6" t="70" w="2083" /></phr><phr n="T"><ent r="3" t="13" w="2293" /><ent r="6" t="37" w="603" /><ent r="5" t="37" w="1865" /><ent r="5" t="37" w="2665" /></phr></stem><stem n="what"><phr n="what"><ent r="3" t="1" w="312" /><ent r="3" t="4" w="203" /><ent r="4" t="4" w="328" /><ent r="4" t="4" w="644" /><ent r="4" t="4" w="682" /><ent r="3" t="14" w="232" /><ent r="4" t="15" w="453" /><ent r="4" t="37" w="1937" /><ent r="4" t="37" w="1954" /><ent r="3" t="37" w="2407" /><ent r="3" t="37" w="2424" /><ent r="3" t="39" w="244" /><ent r="4" t="40" w="262" /><ent r="3" t="42" w="65" /><ent r="3" t="42" w="71" /><ent r="4" t="49" w="197" /><ent r="3" t="59" w="354" /></phr><phr n="What"><ent r="92" t="3" w="155" /><ent r="92" t="21" w="275" /><ent r="92" t="44" w="90" /><ent r="92" t="66" w="441" /></phr></stem></index>