<?xml version="1.0" encoding="utf-8"?><index><stem n="acknowledg"><phr n="acknowledgements"><ent r="3" t="0" w="174" /><ent r="3" t="21" w="801" /></phr><phr n="Acknowledgements"><ent r="100" t="1" w="5" /><ent r="92" t="21" w="386" /><ent r="5" t="57" w="103" /><ent r="4" t="57" w="107" /></phr><phr n="Acknowledgement"><ent r="92" t="1" w="656" /><ent r="3" t="60" w="14" /></phr><phr n="acknowledge"><ent r="3" t="1" w="659" /><ent r="4" t="21" w="580" /><ent r="4" t="21" w="601" /><ent r="3" t="37" w="1327" /><ent r="4" t="57" w="118" /><ent r="3" t="57" w="200" /><ent r="3" t="60" w="35" /><ent r="4" t="60" w="61" /><ent r="4" t="60" w="105" /><ent r="3" t="60" w="140" /><ent r="3" t="60" w="154" /><ent r="3" t="60" w="220" /></phr><phr n="acknowledged"><ent r="3" t="2" w="30" /><ent r="3" t="21" w="437" /><ent r="3" t="21" w="480" /><ent r="3" t="21" w="512" /><ent r="3" t="21" w="521" /></phr><phr n="Acknowledging"><ent r="3" t="21" w="388" /><ent r="3" t="21" w="497" /><ent r="64" t="57" w="195" /><ent r="1000" t="60" w="1" /><ent r="102" t="60" w="5" /></phr><phr n="acknowledgement"><ent r="3" t="21" w="409" /></phr><phr n="acknowledging"><ent r="3" t="21" w="484" /><ent r="4" t="21" w="549" /><ent r="4" t="21" w="612" /><ent r="4" t="21" w="646" /></phr><phr n="Acknowledge"><ent r="3" t="21" w="529" /><ent r="3" t="21" w="542" /><ent r="4" t="21" w="553" /><ent r="4" t="21" w="629" /></phr><phr n="acknowledges"><ent r="4" t="21" w="616" /></phr></stem><stem n="web"><phr n="Web"><ent r="64" t="0" w="177" /><ent r="3" t="0" w="198" /><ent r="3" t="1" w="748" /><ent r="5" t="9" w="465" /><ent r="3" t="44" w="699" /><ent r="3" t="44" w="724" /><ent r="3" t="44" w="736" /><ent r="3" t="44" w="745" /><ent r="4" t="58" w="42" /><ent r="6" t="58" w="302" /><ent r="6" t="61" w="213" /><ent r="3" t="61" w="648" /><ent r="3" t="61" w="1082" /><ent r="1000" t="65" w="2" /><ent r="100" t="65" w="5" /><ent r="100" t="65" w="8" /><ent r="100" t="65" w="15" /><ent r="102" t="65" w="19" /><ent r="100" t="65" w="22" /><ent r="3" t="65" w="82" /><ent r="66" t="65" w="229" /><ent r="100" t="65" w="298" /><ent r="100" t="65" w="303" /><ent r="100" t="65" w="308" /><ent r="92" t="65" w="315" /><ent r="4" t="65" w="341" /><ent r="6" t="65" w="373" /><ent r="4" t="65" w="377" /><ent r="4" t="65" w="388" /><ent r="4" t="70" w="1599" /><ent r="3" t="71" w="10" /><ent r="100" t="71" w="21" /><ent r="100" t="71" w="24" /><ent r="4" t="71" w="27" /><ent r="100" t="71" w="42" /><ent r="4" t="71" w="70" /><ent r="4" t="71" w="84" /><ent r="100" t="71" w="287" /><ent r="92" t="71" w="293" /><ent r="100" t="71" w="300" /><ent r="3" t="71" w="304" /><ent r="100" t="72" w="12" /><ent r="100" t="72" w="62" /><ent r="100" t="72" w="65" /><ent r="4" t="72" w="68" /></phr><phr n="web"><ent r="3" t="0" w="190" /><ent r="3" t="3" w="57" /><ent r="6" t="5" w="633" /><ent r="3" t="24" w="3059" /><ent r="3" t="34" w="77" /><ent r="4" t="37" w="2269" /><ent r="3" t="44" w="720" /><ent r="3" t="44" w="757" /><ent r="3" t="44" w="779" /><ent r="3" t="44" w="837" /><ent r="3" t="44" w="840" /><ent r="3" t="44" w="842" /><ent r="3" t="44" w="845" /><ent r="3" t="44" w="864" /><ent r="3" t="44" w="881" /><ent r="3" t="44" w="890" /><ent r="3" t="44" w="906" /><ent r="3" t="44" w="943" /><ent r="3" t="45" w="227" /><ent r="3" t="47" w="702" /><ent r="4" t="49" w="385" /><ent r="4" t="49" w="424" /><ent r="4" t="60" w="84" /><ent r="3" t="61" w="296" /><ent r="3" t="61" w="618" /><ent r="3" t="65" w="32" /><ent r="3" t="65" w="40" /><ent r="3" t="65" w="66" /><ent r="3" t="65" w="73" /><ent r="3" t="65" w="87" /><ent r="3" t="65" w="131" /><ent r="3" t="65" w="145" /><ent r="3" t="65" w="150" /><ent r="4" t="65" w="178" /><ent r="4" t="65" w="192" /><ent r="4" t="65" w="239" /><ent r="4" t="65" w="392" /><ent r="3" t="66" w="16" /><ent r="4" t="66" w="129" /><ent r="4" t="66" w="151" /><ent r="3" t="66" w="215" /><ent r="4" t="66" w="307" /><ent r="3" t="66" w="385" /><ent r="3" t="66" w="483" /><ent r="3" t="67" w="14" /><ent r="3" t="67" w="49" /><ent r="3" t="68" w="18" /><ent r="6" t="68" w="209" /><ent r="7" t="68" w="412" /><ent r="7" t="68" w="433" /><ent r="7" t="68" w="498" /><ent r="6" t="68" w="718" /><ent r="6" t="68" w="727" /><ent r="6" t="68" w="734" /><ent r="6" t="68" w="745" /><ent r="6" t="68" w="788" /><ent r="65" t="70" w="79" /><ent r="6" t="70" w="154" /><ent r="93" t="70" w="173" /><ent r="6" t="70" w="531" /><ent r="6" t="70" w="582" /><ent r="6" t="70" w="643" /><ent r="6" t="70" w="707" /><ent r="6" t="70" w="819" /><ent r="6" t="70" w="1264" /><ent r="4" t="70" w="1564" /><ent r="3" t="70" w="1620" /><ent r="3" t="70" w="1627" /><ent r="6" t="70" w="1662" /><ent r="6" t="70" w="1693" /><ent r="5" t="70" w="1739" /><ent r="6" t="70" w="1861" /><ent r="6" t="70" w="2321" /><ent r="6" t="70" w="2331" /><ent r="3" t="71" w="55" /><ent r="3" t="71" w="136" /><ent r="3" t="71" w="178" /><ent r="3" t="71" w="186" /><ent r="3" t="71" w="227" /><ent r="3" t="71" w="316" /><ent r="3" t="73" w="21" /></phr></stem><stem n="page"><phr n="Pages"><ent r="64" t="0" w="178" /><ent r="4" t="58" w="43" /><ent r="6" t="58" w="303" /><ent r="6" t="61" w="214" /><ent r="3" t="61" w="649" /><ent r="3" t="61" w="1083" /><ent r="1000" t="65" w="3" /><ent r="100" t="65" w="6" /><ent r="100" t="65" w="9" /><ent r="100" t="65" w="16" /><ent r="102" t="65" w="20" /><ent r="3" t="65" w="83" /><ent r="66" t="65" w="230" /><ent r="4" t="70" w="1600" /><ent r="100" t="71" w="22" /><ent r="100" t="71" w="25" /><ent r="4" t="71" w="28" /><ent r="100" t="71" w="43" /><ent r="4" t="71" w="71" /><ent r="4" t="71" w="85" /><ent r="100" t="72" w="13" /><ent r="100" t="72" w="63" /><ent r="100" t="72" w="66" /><ent r="4" t="72" w="69" /></phr><phr n="pages"><ent r="3" t="0" w="191" /><ent r="4" t="37" w="2270" /><ent r="3" t="65" w="41" /><ent r="3" t="65" w="51" /><ent r="3" t="65" w="62" /><ent r="3" t="65" w="76" /><ent r="3" t="65" w="146" /><ent r="4" t="65" w="163" /><ent r="4" t="65" w="179" /><ent r="4" t="65" w="193" /><ent r="4" t="65" w="206" /><ent r="4" t="65" w="240" /><ent r="4" t="65" w="393" /><ent r="3" t="67" w="15" /><ent r="3" t="67" w="34" /><ent r="3" t="68" w="52" /><ent r="6" t="68" w="163" /><ent r="6" t="68" w="332" /><ent r="6" t="68" w="631" /><ent r="6" t="68" w="719" /><ent r="6" t="68" w="735" /><ent r="6" t="68" w="746" /><ent r="3" t="69" w="187" /><ent r="4" t="70" w="1565" /><ent r="3" t="71" w="103" /><ent r="3" t="71" w="119" /><ent r="3" t="71" w="127" /></phr><phr n="page"><ent r="4" t="8" w="135" /><ent r="3" t="8" w="362" /><ent r="4" t="8" w="697" /><ent r="4" t="11" w="493" /><ent r="4" t="11" w="532" /><ent r="4" t="19" w="833" /><ent r="3" t="19" w="952" /><ent r="3" t="19" w="1816" /><ent r="4" t="22" w="450" /><ent r="4" t="22" w="843" /><ent r="3" t="33" w="36" /><ent r="64" t="40" w="492" /><ent r="3" t="52" w="95" /><ent r="3" t="65" w="33" /><ent r="3" t="66" w="17" /><ent r="3" t="66" w="44" /><ent r="3" t="66" w="59" /><ent r="4" t="66" w="81" /><ent r="4" t="66" w="102" /><ent r="4" t="66" w="130" /><ent r="4" t="66" w="152" /><ent r="3" t="66" w="204" /><ent r="3" t="66" w="216" /><ent r="3" t="66" w="218" /><ent r="3" t="66" w="226" /><ent r="3" t="66" w="239" /><ent r="4" t="66" w="285" /><ent r="4" t="66" w="308" /><ent r="4" t="66" w="328" /><ent r="4" t="66" w="342" /><ent r="4" t="66" w="358" /><ent r="3" t="66" w="369" /><ent r="3" t="66" w="386" /><ent r="3" t="66" w="401" /><ent r="3" t="66" w="415" /><ent r="4" t="66" w="556" /><ent r="3" t="67" w="50" /><ent r="3" t="67" w="69" /><ent r="3" t="68" w="25" /><ent r="6" t="68" w="110" /><ent r="6" t="68" w="135" /><ent r="6" t="68" w="148" /><ent r="6" t="68" w="210" /><ent r="6" t="68" w="236" /><ent r="6" t="68" w="692" /><ent r="6" t="68" w="702" /><ent r="6" t="68" w="771" /><ent r="6" t="68" w="789" /><ent r="3" t="69" w="19" /><ent r="3" t="69" w="23" /><ent r="3" t="69" w="42" /><ent r="3" t="69" w="137" /><ent r="3" t="69" w="169" /><ent r="3" t="70" w="57" /><ent r="65" t="70" w="80" /><ent r="65" t="70" w="96" /><ent r="65" t="70" w="104" /><ent r="6" t="70" w="155" /><ent r="93" t="70" w="174" /><ent r="3" t="70" w="195" /><ent r="3" t="70" w="203" /><ent r="3" t="70" w="225" /><ent r="6" t="70" w="532" /><ent r="6" t="70" w="583" /><ent r="6" t="70" w="592" /><ent r="6" t="70" w="644" /><ent r="6" t="70" w="661" /><ent r="6" t="70" w="922" /><ent r="6" t="70" w="933" /><ent r="93" t="70" w="1155" /><ent r="6" t="70" w="1181" /><ent r="93" t="70" w="1615" /><ent r="3" t="70" w="1628" /><ent r="3" t="70" w="1638" /><ent r="6" t="70" w="1681" /><ent r="6" t="70" w="1862" /><ent r="6" t="70" w="1903" /><ent r="6" t="70" w="1926" /><ent r="6" t="70" w="1946" /><ent r="6" t="70" w="1965" /><ent r="6" t="70" w="2223" /><ent r="6" t="70" w="2250" /><ent r="6" t="70" w="2332" /><ent r="3" t="71" w="317" /><ent r="3" t="71" w="406" /><ent r="3" t="71" w="418" /></phr><phr n="paging"><ent r="4" t="21" w="265" /><ent r="3" t="21" w="729" /></phr><phr n="Page"><ent r="100" t="65" w="299" /><ent r="100" t="65" w="304" /><ent r="100" t="65" w="309" /><ent r="92" t="65" w="316" /><ent r="4" t="65" w="342" /><ent r="100" t="68" w="117" /><ent r="7" t="68" w="124" /><ent r="7" t="68" w="221" /><ent r="4" t="69" w="35" /><ent r="3" t="69" w="59" /><ent r="100" t="69" w="65" /><ent r="100" t="71" w="288" /><ent r="92" t="71" w="294" /><ent r="100" t="71" w="301" /><ent r="3" t="71" w="305" /></phr></stem><stem n="chang"><phr n="change"><ent r="3" t="0" w="183" /><ent r="3" t="10" w="223" /><ent r="3" t="14" w="433" /><ent r="3" t="20" w="98" /><ent r="3" t="21" w="796" /><ent r="3" t="27" w="323" /><ent r="4" t="50" w="275" /><ent r="4" t="61" w="247" /><ent r="3" t="68" w="49" /><ent r="7" t="68" w="439" /></phr><phr n="changes"><ent r="4" t="4" w="385" /><ent r="6" t="5" w="1110" /><ent r="3" t="21" w="234" /><ent r="3" t="21" w="810" /><ent r="3" t="37" w="1179" /><ent r="3" t="47" w="746" /><ent r="3" t="50" w="231" /><ent r="3" t="50" w="245" /><ent r="4" t="50" w="302" /><ent r="3" t="65" w="320" /></phr><phr n="Changed"><ent r="3" t="14" w="117" /><ent r="3" t="27" w="51" /><ent r="3" t="32" w="63" /><ent r="3" t="32" w="93" /><ent r="3" t="32" w="105" /><ent r="100" t="65" w="297" /><ent r="100" t="65" w="302" /><ent r="100" t="65" w="307" /><ent r="92" t="65" w="314" /></phr><phr n="changed"><ent r="3" t="17" w="94" /><ent r="4" t="22" w="857" /><ent r="4" t="47" w="834" /><ent r="4" t="65" w="391" /></phr><phr n="Changes"><ent r="82" t="47" w="723" /></phr><phr n="changing"><ent r="7" t="68" w="460" /></phr></stem><stem n="look"><phr n="look"><ent r="3" t="0" w="185" /><ent r="3" t="0" w="206" /><ent r="3" t="13" w="2531" /><ent r="3" t="21" w="537" /><ent r="4" t="41" w="109" /><ent r="3" t="42" w="91" /><ent r="3" t="46" w="205" /><ent r="3" t="49" w="887" /><ent r="3" t="54" w="319" /><ent r="3" t="54" w="476" /><ent r="3" t="58" w="401" /><ent r="3" t="61" w="71" /><ent r="3" t="67" w="20" /><ent r="4" t="77" w="158" /></phr><phr n="looks"><ent r="3" t="14" w="398" /><ent r="3" t="16" w="2183" /><ent r="3" t="16" w="2272" /><ent r="3" t="19" w="294" /><ent r="3" t="37" w="4407" /><ent r="3" t="44" w="406" /><ent r="3" t="48" w="149" /><ent r="3" t="49" w="892" /><ent r="4" t="77" w="253" /></phr><phr n="Looking"><ent r="3" t="23" w="238" /></phr><phr n="looked"><ent r="3" t="37" w="2544" /></phr><phr n="Look"><ent r="3" t="54" w="403" /><ent r="4" t="60" w="81" /></phr></stem><stem n="function"><phr n="function"><ent r="3" t="0" w="187" /><ent r="3" t="4" w="143" /><ent r="4" t="13" w="1622" /><ent r="3" t="24" w="923" /><ent r="3" t="24" w="1036" /><ent r="3" t="24" w="1095" /><ent r="3" t="24" w="1835" /><ent r="3" t="24" w="1842" /><ent r="3" t="24" w="1913" /><ent r="3" t="24" w="1922" /><ent r="4" t="24" w="2307" /><ent r="4" t="24" w="2494" /><ent r="3" t="24" w="2700" /><ent r="3" t="37" w="1739" /><ent r="3" t="37" w="4286" /><ent r="3" t="54" w="167" /><ent r="3" t="64" w="178" /><ent r="92" t="64" w="186" /><ent r="3" t="64" w="190" /><ent r="3" t="64" w="247" /><ent r="3" t="64" w="323" /><ent r="3" t="64" w="373" /></phr><phr n="functions"><ent r="3" t="13" w="1822" /><ent r="3" t="13" w="1847" /><ent r="4" t="16" w="1047" /><ent r="100" t="24" w="182" /><ent r="4" t="24" w="187" /><ent r="4" t="24" w="211" /><ent r="4" t="24" w="220" /><ent r="3" t="37" w="1679" /><ent r="3" t="37" w="1702" /><ent r="3" t="59" w="17" /><ent r="3" t="74" w="41" /></phr><phr n="Functions"><ent r="100" t="24" w="177" /><ent r="100" t="24" w="203" /><ent r="100" t="24" w="395" /><ent r="92" t="24" w="400" /><ent r="100" t="24" w="655" /><ent r="92" t="24" w="660" /></phr><phr n="FUNCTION"><ent r="100" t="24" w="179" /><ent r="3" t="24" w="889" /><ent r="3" t="24" w="947" /><ent r="3" t="24" w="955" /><ent r="3" t="24" w="1001" /><ent r="3" t="24" w="1060" /><ent r="3" t="24" w="1120" /><ent r="3" t="24" w="1163" /><ent r="3" t="24" w="1614" /><ent r="3" t="24" w="1884" /><ent r="3" t="24" w="1945" /><ent r="3" t="24" w="2154" /><ent r="100" t="24" w="2166" /><ent r="3" t="24" w="2169" /><ent r="3" t="24" w="2350" /></phr><phr n="Function"><ent r="100" t="24" w="881" /><ent r="92" t="24" w="884" /><ent r="3" t="61" w="1176" /><ent r="3" t="61" w="1187" /><ent r="3" t="61" w="1188" /><ent r="3" t="61" w="1248" /><ent r="3" t="61" w="1321" /><ent r="3" t="61" w="1358" /><ent r="3" t="61" w="1359" /><ent r="3" t="61" w="1383" /></phr><phr n="functioning"><ent r="3" t="29" w="1060" /></phr></stem><stem n="avail"><phr n="available"><ent r="3" t="0" w="192" /><ent r="3" t="1" w="196" /><ent r="4" t="4" w="552" /><ent r="3" t="7" w="173" /><ent r="3" t="7" w="401" /><ent r="3" t="8" w="21" /><ent r="3" t="8" w="616" /><ent r="3" t="13" w="23" /><ent r="3" t="13" w="34" /><ent r="3" t="13" w="88" /><ent r="3" t="13" w="115" /><ent r="5" t="13" w="241" /><ent r="3" t="13" w="286" /><ent r="3" t="13" w="498" /><ent r="3" t="13" w="977" /><ent r="3" t="13" w="1347" /><ent r="3" t="13" w="1760" /><ent r="6" t="16" w="862" /><ent r="4" t="16" w="1052" /><ent r="3" t="16" w="2124" /><ent r="3" t="19" w="927" /><ent r="3" t="19" w="947" /><ent r="3" t="24" w="3056" /><ent r="3" t="26" w="31" /><ent r="3" t="29" w="629" /><ent r="3" t="29" w="779" /><ent r="3" t="37" w="1806" /><ent r="4" t="40" w="1082" /><ent r="3" t="46" w="75" /><ent r="3" t="47" w="57" /><ent r="4" t="50" w="123" /><ent r="3" t="52" w="125" /><ent r="3" t="53" w="122" /><ent r="3" t="55" w="51" /><ent r="3" t="55" w="702" /><ent r="4" t="57" w="94" /><ent r="3" t="58" w="71" /><ent r="3" t="58" w="386" /><ent r="3" t="59" w="41" /><ent r="3" t="59" w="378" /><ent r="3" t="61" w="16" /><ent r="4" t="61" w="433" /><ent r="3" t="62" w="78" /><ent r="3" t="62" w="110" /><ent r="3" t="63" w="20" /><ent r="3" t="63" w="38" /><ent r="4" t="65" w="242" /><ent r="6" t="70" w="476" /><ent r="6" t="70" w="618" /><ent r="4" t="77" w="107" /></phr><phr n="Available"><ent r="3" t="8" w="811" /><ent r="5" t="9" w="544" /><ent r="5" t="9" w="578" /><ent r="5" t="9" w="610" /></phr><phr n="availability"><ent r="3" t="24" w="54" /></phr></stem><stem n="-in"><phr n="-in"><ent r="3" t="0" w="196" /><ent r="3" t="0" w="196" /><ent r="3" t="3" w="40" /><ent r="3" t="3" w="40" /><ent r="3" t="3" w="68" /><ent r="3" t="3" w="68" /><ent r="3" t="3" w="151" /><ent r="3" t="3" w="151" /><ent r="3" t="3" w="329" /><ent r="3" t="3" w="329" /><ent r="4" t="5" w="1296" /><ent r="4" t="5" w="1296" /><ent r="3" t="5" w="1335" /><ent r="3" t="5" w="1335" /><ent r="3" t="8" w="348" /><ent r="3" t="8" w="348" /><ent r="3" t="8" w="368" /><ent r="3" t="8" w="368" /><ent r="3" t="9" w="15" /><ent r="3" t="9" w="15" /><ent r="1000" t="13" w="1" /><ent r="1000" t="13" w="1" /><ent r="102" t="13" w="8" /><ent r="102" t="13" w="8" /><ent r="3" t="13" w="20" /><ent r="3" t="13" w="20" /><ent r="3" t="13" w="1845" /><ent r="3" t="13" w="1845" /><ent r="3" t="14" w="699" /><ent r="3" t="14" w="699" /><ent r="3" t="14" w="981" /><ent r="3" t="14" w="981" /><ent r="3" t="14" w="1165" /><ent r="3" t="14" w="1165" /><ent r="3" t="15" w="63" /><ent r="3" t="15" w="63" /><ent r="4" t="15" w="145" /><ent r="4" t="15" w="145" /><ent r="65" t="16" w="437" /><ent r="65" t="16" w="437" /><ent r="92" t="16" w="1823" /><ent r="92" t="16" w="1823" /><ent r="3" t="16" w="1832" /><ent r="3" t="16" w="1832" /><ent r="64" t="16" w="1839" /><ent r="64" t="16" w="1839" /><ent r="3" t="16" w="1893" /><ent r="3" t="16" w="1893" /><ent r="4" t="24" w="209" /><ent r="4" t="24" w="209" /><ent r="100" t="24" w="392" /><ent r="100" t="24" w="392" /><ent r="92" t="24" w="397" /><ent r="92" t="24" w="397" /><ent r="100" t="24" w="652" /><ent r="100" t="24" w="652" /><ent r="92" t="24" w="657" /><ent r="92" t="24" w="657" /><ent r="3" t="34" w="835" /><ent r="3" t="34" w="835" /><ent r="65" t="35" w="1353" /><ent r="65" t="35" w="1353" /><ent r="100" t="35" w="1380" /><ent r="100" t="35" w="1380" /><ent r="82" t="35" w="1384" /><ent r="82" t="35" w="1384" /><ent r="3" t="35" w="1403" /><ent r="3" t="35" w="1403" /><ent r="3" t="37" w="1700" /><ent r="3" t="37" w="1700" /><ent r="3" t="37" w="1776" /><ent r="3" t="37" w="1776" /><ent r="100" t="45" w="79" /><ent r="100" t="45" w="79" /><ent r="65" t="47" w="907" /><ent r="65" t="47" w="907" /><ent r="3" t="48" w="13" /><ent r="3" t="48" w="13" /><ent r="4" t="49" w="188" /><ent r="4" t="49" w="188" /><ent r="1000" t="51" w="2" /><ent r="1000" t="51" w="2" /><ent r="102" t="51" w="7" /><ent r="102" t="51" w="7" /><ent r="3" t="51" w="11" /><ent r="3" t="51" w="11" /><ent r="3" t="51" w="38" /><ent r="3" t="51" w="38" /><ent r="3" t="51" w="71" /><ent r="3" t="51" w="71" /><ent r="3" t="51" w="115" /><ent r="3" t="51" w="115" /><ent r="3" t="52" w="27" /><ent r="3" t="52" w="27" /><ent r="3" t="56" w="518" /><ent r="3" t="56" w="518" /><ent r="3" t="64" w="330" /><ent r="3" t="64" w="330" /><ent r="3" t="64" w="382" /><ent r="3" t="64" w="382" /><ent r="3" t="65" w="71" /><ent r="3" t="65" w="71" /><ent r="100" t="66" w="504" /><ent r="100" t="66" w="504" /><ent r="92" t="66" w="509" /><ent r="92" t="66" w="509" /><ent r="3" t="66" w="519" /><ent r="3" t="66" w="519" /><ent r="3" t="66" w="543" /><ent r="3" t="66" w="543" /><ent r="7" t="68" w="450" /><ent r="7" t="68" w="450" /><ent r="7" t="68" w="484" /><ent r="7" t="68" w="484" /><ent r="7" t="68" w="509" /><ent r="7" t="68" w="509" /><ent r="4" t="78" w="108" /><ent r="4" t="78" w="108" /><ent r="3" t="78" w="150" /><ent r="3" t="78" w="150" /></phr></stem><stem n="built-in"><phr n="built-in"><ent r="3" t="0" w="196" /><ent r="3" t="3" w="40" /><ent r="3" t="3" w="68" /><ent r="3" t="3" w="151" /><ent r="3" t="3" w="329" /><ent r="4" t="5" w="1296" /><ent r="3" t="5" w="1335" /><ent r="3" t="8" w="348" /><ent r="3" t="8" w="368" /><ent r="3" t="9" w="15" /><ent r="5" t="9" w="679" /><ent r="3" t="13" w="20" /><ent r="3" t="13" w="1845" /><ent r="3" t="14" w="699" /><ent r="3" t="15" w="63" /><ent r="4" t="15" w="145" /><ent r="3" t="16" w="1832" /><ent r="4" t="24" w="209" /><ent r="3" t="35" w="1403" /><ent r="3" t="37" w="1700" /><ent r="3" t="37" w="1776" /><ent r="4" t="49" w="188" /><ent r="3" t="51" w="38" /><ent r="3" t="51" w="71" /><ent r="3" t="51" w="115" /><ent r="3" t="52" w="27" /><ent r="3" t="56" w="518" /><ent r="3" t="64" w="330" /><ent r="3" t="64" w="382" /><ent r="3" t="65" w="71" /><ent r="3" t="66" w="519" /><ent r="3" t="66" w="543" /><ent r="7" t="68" w="450" /><ent r="7" t="68" w="484" /><ent r="7" t="68" w="509" /><ent r="4" t="78" w="108" /><ent r="3" t="78" w="150" /></phr><phr n="Built-in"><ent r="1000" t="13" w="1" /><ent r="102" t="13" w="8" /><ent r="65" t="16" w="437" /><ent r="92" t="16" w="1823" /><ent r="64" t="16" w="1839" /><ent r="3" t="16" w="1893" /><ent r="100" t="24" w="392" /><ent r="92" t="24" w="397" /><ent r="100" t="24" w="652" /><ent r="92" t="24" w="657" /><ent r="3" t="34" w="835" /><ent r="65" t="35" w="1353" /><ent r="100" t="35" w="1380" /><ent r="82" t="35" w="1384" /><ent r="65" t="47" w="907" /><ent r="1000" t="51" w="2" /><ent r="102" t="51" w="7" /><ent r="3" t="51" w="11" /><ent r="100" t="66" w="504" /><ent r="92" t="66" w="509" /></phr></stem><stem n="retriev"><phr n="Retrieving"><ent r="64" t="0" w="201" /><ent r="1000" t="62" w="1" /><ent r="102" t="62" w="9" /></phr><phr n="retrieved"><ent r="3" t="10" w="261" /><ent r="3" t="14" w="456" /><ent r="3" t="14" w="485" /><ent r="3" t="16" w="88" /><ent r="3" t="16" w="342" /><ent r="3" t="16" w="390" /><ent r="3" t="19" w="429" /><ent r="3" t="20" w="136" /><ent r="3" t="24" w="42" /><ent r="3" t="24" w="2774" /><ent r="3" t="27" w="347" /><ent r="3" t="27" w="374" /><ent r="4" t="34" w="341" /><ent r="3" t="36" w="27" /></phr><phr n="retrieve"><ent r="4" t="15" w="511" /><ent r="3" t="16" w="44" /><ent r="4" t="16" w="1477" /><ent r="4" t="16" w="1986" /><ent r="3" t="19" w="26" /><ent r="3" t="19" w="435" /><ent r="3" t="19" w="1411" /><ent r="3" t="26" w="750" /><ent r="3" t="27" w="176" /><ent r="3" t="28" w="356" /><ent r="3" t="29" w="170" /><ent r="3" t="49" w="130" /><ent r="3" t="49" w="145" /><ent r="4" t="49" w="400" /><ent r="3" t="54" w="214" /><ent r="3" t="54" w="569" /><ent r="3" t="58" w="111" /><ent r="3" t="58" w="124" /><ent r="3" t="62" w="143" /><ent r="3" t="64" w="17" /><ent r="3" t="64" w="164" /><ent r="3" t="64" w="264" /></phr><phr n="retrieves"><ent r="3" t="16" w="292" /><ent r="4" t="16" w="1106" /><ent r="3" t="19" w="49" /><ent r="3" t="19" w="1464" /><ent r="3" t="27" w="148" /><ent r="3" t="49" w="28" /><ent r="3" t="49" w="553" /><ent r="3" t="60" w="167" /><ent r="3" t="62" w="25" /><ent r="6" t="70" w="2396" /></phr><phr n="retrieving"><ent r="4" t="16" w="1247" /><ent r="3" t="19" w="1303" /><ent r="3" t="24" w="2732" /><ent r="3" t="57" w="17" /><ent r="3" t="64" w="45" /></phr><phr n="Retrieve"><ent r="4" t="24" w="2844" /><ent r="3" t="49" w="479" /><ent r="3" t="49" w="545" /></phr></stem><stem n="collect"><phr n="Collected"><ent r="64" t="0" w="202" /><ent r="1000" t="62" w="2" /><ent r="102" t="62" w="10" /></phr><phr n="collect"><ent r="4" t="4" w="277" /><ent r="4" t="4" w="445" /><ent r="4" t="15" w="402" /><ent r="3" t="19" w="1274" /><ent r="3" t="19" w="1293" /></phr><phr n="collected"><ent r="3" t="8" w="256" /><ent r="4" t="8" w="746" /></phr></stem><stem n="databas"><phr n="Database"><ent r="3" t="0" w="210" /><ent r="3" t="8" w="273" /><ent r="4" t="56" w="791" /><ent r="4" t="56" w="794" /><ent r="1000" t="63" w="2" /><ent r="102" t="63" w="6" /><ent r="3" t="63" w="18" /><ent r="64" t="63" w="27" /><ent r="3" t="64" w="21" /><ent r="64" t="64" w="60" /></phr><phr n="database"><ent r="3" t="3" w="60" /><ent r="3" t="53" w="92" /><ent r="4" t="55" w="794" /><ent r="3" t="56" w="62" /><ent r="3" t="56" w="73" /><ent r="3" t="56" w="86" /><ent r="3" t="56" w="118" /><ent r="3" t="56" w="129" /><ent r="3" t="56" w="217" /><ent r="3" t="56" w="531" /><ent r="3" t="56" w="711" /><ent r="4" t="56" w="803" /><ent r="3" t="62" w="23" /><ent r="3" t="62" w="54" /><ent r="3" t="62" w="63" /></phr></stem><stem n="link"><phr n="links"><ent r="3" t="0" w="212" /><ent r="4" t="4" w="335" /><ent r="6" t="5" w="855" /><ent r="4" t="6" w="105" /><ent r="4" t="6" w="108" /><ent r="4" t="15" w="460" /><ent r="66" t="65" w="196" /><ent r="4" t="65" w="203" /><ent r="3" t="66" w="479" /><ent r="3" t="66" w="673" /><ent r="3" t="67" w="60" /><ent r="6" t="68" w="160" /><ent r="3" t="69" w="184" /><ent r="65" t="70" w="112" /><ent r="6" t="70" w="256" /><ent r="6" t="70" w="275" /><ent r="6" t="70" w="356" /><ent r="6" t="70" w="1420" /><ent r="6" t="70" w="1541" /><ent r="93" t="70" w="1773" /></phr><phr n="link"><ent r="6" t="5" w="1096" /><ent r="6" t="11" w="283" /><ent r="82" t="11" w="423" /><ent r="3" t="11" w="438" /><ent r="4" t="11" w="464" /><ent r="4" t="11" w="490" /><ent r="4" t="11" w="500" /><ent r="3" t="19" w="1756" /><ent r="3" t="22" w="568" /><ent r="4" t="22" w="773" /><ent r="4" t="22" w="810" /><ent r="3" t="37" w="3809" /><ent r="4" t="47" w="277" /><ent r="4" t="66" w="99" /><ent r="4" t="66" w="132" /><ent r="3" t="66" w="365" /><ent r="3" t="66" w="398" /><ent r="5" t="66" w="611" /><ent r="4" t="66" w="620" /><ent r="3" t="66" w="641" /><ent r="3" t="66" w="658" /><ent r="6" t="68" w="247" /><ent r="6" t="68" w="794" /><ent r="6" t="68" w="821" /><ent r="3" t="69" w="16" /><ent r="3" t="69" w="39" /><ent r="3" t="69" w="212" /><ent r="4" t="69" w="226" /><ent r="6" t="70" w="1930" /><ent r="6" t="70" w="2457" /></phr><phr n="Links"><ent r="5" t="9" w="402" /><ent r="5" t="9" w="410" /><ent r="5" t="9" w="418" /><ent r="100" t="66" w="87" /><ent r="66" t="66" w="90" /><ent r="92" t="66" w="347" /><ent r="64" t="66" w="433" /><ent r="1000" t="69" w="2" /><ent r="100" t="69" w="5" /><ent r="102" t="69" w="10" /></phr><phr n="Link"><ent r="7" t="11" w="415" /><ent r="7" t="11" w="419" /><ent r="4" t="11" w="514" /><ent r="3" t="19" w="311" /><ent r="3" t="19" w="314" /><ent r="3" t="19" w="638" /><ent r="3" t="19" w="660" /><ent r="3" t="19" w="1092" /><ent r="3" t="19" w="1100" /><ent r="100" t="47" w="234" /><ent r="100" t="66" w="608" /><ent r="100" t="69" w="7" /><ent r="92" t="69" w="110" /><ent r="100" t="69" w="120" /></phr></stem><stem n="us"><phr n="useful"><ent r="3" t="0" w="214" /><ent r="3" t="3" w="91" /><ent r="3" t="3" w="565" /><ent r="7" t="8" w="578" /><ent r="3" t="19" w="101" /><ent r="3" t="19" w="1018" /><ent r="3" t="19" w="1528" /><ent r="3" t="22" w="886" /><ent r="3" t="26" w="1035" /><ent r="3" t="29" w="635" /><ent r="3" t="29" w="746" /><ent r="4" t="37" w="2263" /><ent r="3" t="52" w="45" /><ent r="3" t="52" w="61" /><ent r="4" t="65" w="225" /><ent r="6" t="68" w="195" /><ent r="6" t="68" w="323" /><ent r="6" t="68" w="622" /><ent r="3" t="74" w="45" /></phr><phr n="us"><ent r="3" t="0" w="219" /><ent r="3" t="3" w="571" /><ent r="4" t="49" w="97" /><ent r="3" t="49" w="773" /><ent r="3" t="52" w="75" /></phr><phr n="using"><ent r="3" t="1" w="53" /><ent r="3" t="1" w="281" /><ent r="3" t="3" w="123" /><ent r="3" t="4" w="156" /><ent r="3" t="4" w="221" /><ent r="4" t="4" w="578" /><ent r="6" t="5" w="540" /><ent r="6" t="5" w="922" /><ent r="3" t="6" w="56" /><ent r="3" t="6" w="70" /><ent r="4" t="8" w="757" /><ent r="3" t="10" w="123" /><ent r="3" t="10" w="233" /><ent r="3" t="11" w="33" /><ent r="3" t="13" w="547" /><ent r="5" t="13" w="1142" /><ent r="5" t="13" w="1249" /><ent r="3" t="13" w="1862" /><ent r="3" t="14" w="401" /><ent r="3" t="14" w="698" /><ent r="4" t="15" w="319" /><ent r="3" t="16" w="45" /><ent r="4" t="16" w="1260" /><ent r="3" t="19" w="598" /><ent r="3" t="19" w="619" /><ent r="3" t="19" w="641" /><ent r="3" t="19" w="663" /><ent r="3" t="19" w="676" /><ent r="3" t="19" w="690" /><ent r="3" t="19" w="703" /><ent r="4" t="19" w="877" /><ent r="4" t="19" w="901" /><ent r="3" t="20" w="108" /><ent r="4" t="21" w="256" /><ent r="3" t="23" w="91" /><ent r="4" t="24" w="97" /><ent r="4" t="24" w="766" /><ent r="4" t="24" w="793" /><ent r="4" t="24" w="821" /><ent r="3" t="24" w="1172" /><ent r="3" t="24" w="1326" /><ent r="3" t="24" w="1624" /><ent r="3" t="24" w="1838" /><ent r="3" t="24" w="1906" /><ent r="6" t="24" w="2896" /><ent r="4" t="26" w="549" /><ent r="4" t="26" w="614" /><ent r="3" t="26" w="706" /><ent r="3" t="26" w="921" /><ent r="3" t="29" w="430" /><ent r="4" t="34" w="229" /><ent r="4" t="34" w="358" /><ent r="3" t="35" w="511" /><ent r="4" t="35" w="998" /><ent r="4" t="35" w="1319" /><ent r="4" t="35" w="1650" /><ent r="3" t="36" w="44" /><ent r="3" t="37" w="1462" /><ent r="3" t="37" w="1717" /><ent r="3" t="37" w="3211" /><ent r="4" t="40" w="165" /><ent r="3" t="40" w="871" /><ent r="4" t="40" w="942" /><ent r="3" t="40" w="1213" /><ent r="3" t="41" w="450" /><ent r="3" t="43" w="27" /><ent r="3" t="43" w="76" /><ent r="3" t="44" w="143" /><ent r="3" t="44" w="240" /><ent r="3" t="44" w="348" /><ent r="4" t="49" w="201" /><ent r="4" t="50" w="215" /><ent r="3" t="55" w="492" /><ent r="3" t="55" w="536" /><ent r="3" t="55" w="596" /><ent r="4" t="57" w="112" /><ent r="3" t="57" w="205" /><ent r="3" t="58" w="463" /><ent r="3" t="59" w="372" /><ent r="4" t="60" w="117" /><ent r="3" t="62" w="64" /><ent r="4" t="66" w="103" /><ent r="6" t="68" w="366" /><ent r="6" t="70" w="745" /><ent r="3" t="70" w="1813" /><ent r="6" t="70" w="2361" /><ent r="3" t="71" w="140" /><ent r="3" t="71" w="200" /><ent r="3" t="71" w="240" /><ent r="3" t="71" w="396" /></phr><phr n="USING"><ent r="3" t="1" w="57" /></phr><phr n="US"><ent r="92" t="1" w="420" /><ent r="64" t="49" w="34" /></phr><phr n="uses"><ent r="4" t="3" w="460" /><ent r="4" t="4" w="530" /><ent r="3" t="13" w="1911" /><ent r="3" t="14" w="420" /><ent r="3" t="16" w="1703" /><ent r="4" t="16" w="2011" /><ent r="3" t="17" w="282" /><ent r="4" t="18" w="99" /><ent r="3" t="19" w="977" /><ent r="3" t="19" w="1179" /><ent r="3" t="19" w="1480" /><ent r="4" t="19" w="1579" /><ent r="3" t="22" w="1137" /><ent r="65" t="24" w="286" /><ent r="65" t="24" w="876" /><ent r="3" t="24" w="1524" /><ent r="3" t="24" w="1531" /><ent r="3" t="24" w="1923" /><ent r="4" t="25" w="134" /><ent r="3" t="27" w="311" /><ent r="4" t="34" w="286" /><ent r="4" t="34" w="307" /><ent r="3" t="34" w="483" /><ent r="3" t="35" w="29" /><ent r="3" t="35" w="50" /><ent r="3" t="37" w="1265" /><ent r="3" t="37" w="1402" /><ent r="3" t="37" w="4621" /><ent r="3" t="38" w="308" /><ent r="3" t="40" w="272" /><ent r="100" t="40" w="367" /><ent r="3" t="46" w="434" /><ent r="4" t="47" w="455" /><ent r="3" t="47" w="677" /><ent r="3" t="48" w="78" /><ent r="3" t="48" w="90" /><ent r="4" t="49" w="366" /><ent r="4" t="49" w="407" /><ent r="3" t="51" w="130" /><ent r="3" t="61" w="370" /><ent r="3" t="61" w="377" /><ent r="3" t="65" w="36" /><ent r="3" t="65" w="58" /><ent r="3" t="65" w="135" /><ent r="3" t="67" w="22" /><ent r="6" t="68" w="100" /><ent r="7" t="68" w="417" /><ent r="6" t="68" w="612" /><ent r="3" t="70" w="178" /><ent r="6" t="70" w="1210" /></phr><phr n="used"><ent r="5" t="5" w="515" /><ent r="6" t="5" w="680" /><ent r="3" t="7" w="42" /><ent r="3" t="7" w="116" /><ent r="3" t="7" w="123" /><ent r="4" t="8" w="166" /><ent r="5" t="13" w="204" /><ent r="3" t="13" w="2375" /><ent r="4" t="13" w="2391" /><ent r="3" t="13" w="2515" /><ent r="3" t="14" w="548" /><ent r="3" t="14" w="846" /><ent r="3" t="14" w="955" /><ent r="3" t="14" w="1088" /><ent r="4" t="16" w="421" /><ent r="4" t="16" w="1500" /><ent r="3" t="16" w="2063" /><ent r="4" t="19" w="775" /><ent r="3" t="19" w="1409" /><ent r="4" t="21" w="638" /><ent r="3" t="22" w="1103" /><ent r="3" t="22" w="1213" /><ent r="3" t="23" w="45" /><ent r="3" t="24" w="1916" /><ent r="3" t="26" w="227" /><ent r="3" t="26" w="1057" /><ent r="3" t="27" w="208" /><ent r="3" t="27" w="232" /><ent r="3" t="27" w="283" /><ent r="3" t="32" w="276" /><ent r="3" t="32" w="1131" /><ent r="3" t="34" w="152" /><ent r="3" t="34" w="686" /><ent r="3" t="35" w="1032" /><ent r="3" t="37" w="1173" /><ent r="3" t="37" w="1786" /><ent r="3" t="37" w="3741" /><ent r="3" t="37" w="4266" /><ent r="3" t="40" w="324" /><ent r="4" t="40" w="675" /><ent r="4" t="40" w="782" /><ent r="4" t="41" w="132" /><ent r="4" t="41" w="186" /><ent r="3" t="44" w="540" /><ent r="3" t="45" w="69" /><ent r="4" t="47" w="845" /><ent r="3" t="48" w="119" /><ent r="3" t="48" w="226" /><ent r="3" t="49" w="620" /><ent r="3" t="56" w="153" /><ent r="3" t="56" w="213" /><ent r="3" t="56" w="287" /><ent r="3" t="59" w="326" /><ent r="3" t="59" w="336" /><ent r="3" t="59" w="368" /><ent r="3" t="61" w="158" /><ent r="3" t="67" w="90" /><ent r="6" t="68" w="243" /><ent r="6" t="68" w="303" /><ent r="6" t="68" w="350" /><ent r="6" t="68" w="379" /><ent r="6" t="68" w="395" /><ent r="7" t="68" w="591" /><ent r="6" t="68" w="650" /><ent r="6" t="68" w="686" /><ent r="6" t="70" w="2449" /><ent r="3" t="71" w="223" /><ent r="3" t="71" w="261" /></phr><phr n="Using"><ent r="3" t="13" w="2461" /><ent r="1000" t="14" w="1" /><ent r="102" t="14" w="5" /><ent r="3" t="15" w="47" /><ent r="92" t="16" w="1684" /><ent r="92" t="20" w="193" /><ent r="92" t="24" w="2710" /><ent r="100" t="35" w="193" /><ent r="65" t="35" w="198" /><ent r="65" t="35" w="206" /><ent r="82" t="35" w="1015" /><ent r="92" t="35" w="1136" /><ent r="100" t="35" w="1225" /><ent r="82" t="35" w="1229" /><ent r="92" t="35" w="1279" /><ent r="3" t="40" w="1203" /><ent r="3" t="41" w="440" /><ent r="92" t="52" w="99" /><ent r="65" t="55" w="268" /><ent r="65" t="55" w="800" /><ent r="1000" t="56" w="1" /><ent r="102" t="56" w="7" /><ent r="92" t="64" w="182" /></phr><phr n="Used"><ent r="100" t="71" w="217" /><ent r="92" t="71" w="297" /></phr></stem></index>