<?xml version="1.0" encoding="utf-8"?><index><stem n="detect"><phr n="detects"><ent r="3" t="0" w="63" /><ent r="4" t="38" w="338" /><ent r="4" t="47" w="802" /><ent r="3" t="54" w="55" /><ent r="3" t="55" w="1171" /></phr><phr n="detect"><ent r="3" t="14" w="910" /><ent r="3" t="14" w="944" /><ent r="4" t="18" w="142" /><ent r="4" t="25" w="177" /></phr><phr n="detected"><ent r="4" t="55" w="1252" /></phr></stem><stem n="failur"><phr n="failure"><ent r="3" t="0" w="65" /><ent r="3" t="35" w="1044" /><ent r="3" t="35" w="1521" /><ent r="3" t="35" w="1537" /><ent r="3" t="37" w="3254" /><ent r="3" t="37" w="3257" /><ent r="3" t="37" w="3259" /><ent r="3" t="37" w="3803" /><ent r="4" t="40" w="681" /></phr><phr n="failures"><ent r="7" t="8" w="508" /><ent r="7" t="8" w="511" /><ent r="4" t="37" w="1193" /></phr><phr n="Failures"><ent r="100" t="35" w="210" /><ent r="100" t="35" w="213" /><ent r="100" t="35" w="220" /><ent r="65" t="35" w="224" /><ent r="92" t="35" w="1466" /><ent r="100" t="37" w="1190" /><ent r="4" t="37" w="1407" /><ent r="4" t="37" w="1619" /><ent r="4" t="37" w="1982" /><ent r="4" t="37" w="2080" /><ent r="4" t="37" w="2125" /><ent r="4" t="37" w="2342" /><ent r="4" t="37" w="2451" /><ent r="4" t="37" w="2636" /><ent r="4" t="37" w="2736" /><ent r="4" t="37" w="2818" /><ent r="4" t="37" w="2889" /><ent r="4" t="37" w="2973" /><ent r="4" t="37" w="2993" /><ent r="4" t="37" w="3074" /><ent r="4" t="37" w="3149" /><ent r="4" t="37" w="3236" /><ent r="4" t="37" w="3318" /><ent r="4" t="37" w="3559" /><ent r="4" t="37" w="3600" /><ent r="4" t="37" w="3673" /><ent r="4" t="37" w="3844" /></phr></stem><stem n="send"><phr n="sends"><ent r="3" t="0" w="67" /><ent r="4" t="3" w="206" /><ent r="4" t="3" w="445" /><ent r="4" t="18" w="174" /><ent r="3" t="23" w="253" /><ent r="4" t="25" w="207" /><ent r="3" t="29" w="163" /><ent r="3" t="34" w="30" /><ent r="3" t="34" w="121" /><ent r="4" t="34" w="346" /><ent r="3" t="35" w="253" /><ent r="3" t="36" w="32" /><ent r="3" t="60" w="132" /><ent r="3" t="71" w="344" /></phr><phr n="Sending"><ent r="100" t="3" w="198" /><ent r="100" t="3" w="360" /><ent r="92" t="40" w="1198" /><ent r="64" t="40" w="1264" /><ent r="65" t="41" w="232" /><ent r="65" t="41" w="387" /><ent r="92" t="41" w="435" /><ent r="100" t="55" w="19" /></phr><phr n="sending"><ent r="4" t="3" w="369" /><ent r="3" t="3" w="568" /><ent r="3" t="21" w="709" /><ent r="3" t="37" w="156" /><ent r="3" t="57" w="21" /></phr><phr n="SEND"><ent r="100" t="5" w="872" /><ent r="100" t="5" w="874" /><ent r="100" t="37" w="142" /><ent r="3" t="37" w="216" /><ent r="65" t="37" w="437" /><ent r="100" t="37" w="859" /><ent r="6" t="37" w="2859" /><ent r="83" t="37" w="3179" /><ent r="5" t="37" w="3185" /><ent r="4" t="37" w="3220" /><ent r="3" t="37" w="3903" /><ent r="3" t="37" w="3923" /><ent r="3" t="37" w="3942" /><ent r="3" t="37" w="3957" /><ent r="3" t="37" w="4324" /><ent r="100" t="37" w="4345" /><ent r="100" t="39" w="176" /><ent r="3" t="39" w="457" /></phr><phr n="send"><ent r="100" t="5" w="882" /><ent r="6" t="5" w="888" /><ent r="3" t="21" w="45" /><ent r="3" t="21" w="736" /><ent r="3" t="22" w="1156" /><ent r="3" t="32" w="298" /><ent r="3" t="32" w="380" /><ent r="3" t="34" w="73" /><ent r="3" t="35" w="98" /><ent r="4" t="37" w="477" /><ent r="3" t="37" w="1076" /><ent r="3" t="37" w="3189" /><ent r="3" t="37" w="3199" /><ent r="3" t="37" w="4178" /><ent r="3" t="37" w="4358" /><ent r="3" t="39" w="186" /><ent r="3" t="39" w="226" /><ent r="3" t="39" w="430" /><ent r="3" t="39" w="461" /><ent r="4" t="57" w="105" /><ent r="6" t="70" w="1314" /><ent r="3" t="72" w="40" /></phr><phr n="Send"><ent r="100" t="37" w="140" /><ent r="3" t="37" w="4349" /><ent r="3" t="44" w="891" /><ent r="3" t="52" w="74" /><ent r="4" t="55" w="741" /><ent r="3" t="61" w="1220" /></phr><phr n="Sends"><ent r="4" t="37" w="440" /></phr></stem><stem n="notif"><phr n="notifications"><ent r="3" t="0" w="68" /><ent r="3" t="21" w="38" /><ent r="3" t="21" w="46" /><ent r="3" t="21" w="94" /><ent r="3" t="21" w="119" /><ent r="3" t="21" w="412" /><ent r="3" t="21" w="670" /><ent r="3" t="21" w="679" /><ent r="3" t="21" w="743" /><ent r="3" t="21" w="800" /></phr><phr n="notification"><ent r="4" t="21" w="253" /><ent r="3" t="21" w="660" /><ent r="3" t="21" w="697" /><ent r="3" t="21" w="711" /><ent r="3" t="21" w="723" /><ent r="3" t="22" w="1031" /><ent r="3" t="23" w="68" /><ent r="3" t="23" w="86" /><ent r="3" t="23" w="134" /><ent r="3" t="23" w="255" /><ent r="3" t="33" w="389" /><ent r="3" t="33" w="420" /></phr><phr n="Notifications"><ent r="92" t="21" w="652" /><ent r="3" t="21" w="699" /></phr><phr n="Notifer"><ent r="3" t="22" w="60" /><ent r="3" t="23" w="180" /></phr><phr n="Notification"><ent r="4" t="23" w="267" /></phr><phr n="NOTIFICATION"><ent r="3" t="33" w="75" /><ent r="3" t="33" w="365" /><ent r="3" t="33" w="398" /></phr></stem><stem n="on"><phr n="one"><ent r="3" t="0" w="70" /><ent r="3" t="1" w="162" /><ent r="3" t="1" w="174" /><ent r="3" t="1" w="202" /><ent r="4" t="3" w="207" /><ent r="5" t="5" w="470" /><ent r="6" t="5" w="490" /><ent r="3" t="7" w="22" /><ent r="3" t="7" w="143" /><ent r="7" t="8" w="561" /><ent r="5" t="11" w="213" /><ent r="5" t="11" w="232" /><ent r="5" t="11" w="313" /><ent r="3" t="13" w="485" /><ent r="3" t="14" w="24" /><ent r="3" t="14" w="271" /><ent r="4" t="16" w="541" /><ent r="6" t="16" w="908" /><ent r="4" t="16" w="1628" /><ent r="3" t="16" w="1914" /><ent r="3" t="17" w="110" /><ent r="3" t="17" w="293" /><ent r="4" t="17" w="381" /><ent r="4" t="18" w="144" /><ent r="3" t="19" w="563" /><ent r="3" t="19" w="1030" /><ent r="3" t="19" w="1183" /><ent r="3" t="19" w="1481" /><ent r="3" t="21" w="110" /><ent r="3" t="21" w="236" /><ent r="3" t="21" w="372" /><ent r="3" t="21" w="376" /><ent r="3" t="21" w="485" /><ent r="4" t="21" w="550" /><ent r="4" t="21" w="572" /><ent r="4" t="21" w="590" /><ent r="4" t="21" w="625" /><ent r="4" t="22" w="131" /><ent r="4" t="22" w="697" /><ent r="3" t="24" w="2702" /><ent r="4" t="25" w="179" /><ent r="3" t="26" w="84" /><ent r="4" t="26" w="258" /><ent r="4" t="26" w="579" /><ent r="3" t="28" w="42" /><ent r="3" t="29" w="57" /><ent r="3" t="29" w="752" /><ent r="3" t="32" w="432" /><ent r="3" t="32" w="585" /><ent r="3" t="34" w="557" /><ent r="3" t="37" w="164" /><ent r="3" t="37" w="225" /><ent r="3" t="37" w="1494" /><ent r="3" t="37" w="3402" /><ent r="3" t="37" w="4179" /><ent r="3" t="46" w="361" /><ent r="3" t="50" w="239" /><ent r="3" t="54" w="301" /><ent r="3" t="54" w="465" /><ent r="3" t="56" w="272" /><ent r="3" t="56" w="441" /><ent r="3" t="58" w="408" /><ent r="7" t="68" w="429" /><ent r="3" t="69" w="89" /><ent r="3" t="69" w="99" /><ent r="3" t="69" w="205" /><ent r="6" t="70" w="493" /><ent r="6" t="70" w="1209" /><ent r="6" t="70" w="2020" /><ent r="6" t="70" w="2222" /><ent r="6" t="70" w="2249" /></phr><phr n="One"><ent r="92" t="12" w="107" /><ent r="3" t="24" w="3060" /><ent r="3" t="29" w="1030" /><ent r="3" t="34" w="903" /><ent r="7" t="68" w="554" /></phr><phr n="ons"><ent r="4" t="56" w="746" /><ent r="4" t="56" w="750" /></phr></stem><stem n="individu"><phr n="individuals"><ent r="3" t="0" w="73" /><ent r="3" t="40" w="420" /><ent r="3" t="47" w="46" /></phr><phr n="Individual"><ent r="3" t="19" w="469" /></phr><phr n="individual"><ent r="3" t="21" w="785" /><ent r="3" t="64" w="71" /><ent r="3" t="64" w="92" /><ent r="3" t="64" w="212" /></phr></stem><stem n="via"><phr n="via"><ent r="3" t="0" w="74" /><ent r="5" t="13" w="1234" /><ent r="4" t="22" w="266" /><ent r="3" t="23" w="215" /><ent r="3" t="23" w="259" /><ent r="3" t="31" w="86" /><ent r="3" t="31" w="137" /><ent r="4" t="31" w="306" /><ent r="3" t="58" w="349" /></phr></stem><stem n="sound"><phr n="sounds"><ent r="3" t="0" w="75" /><ent r="4" t="21" w="262" /><ent r="6" t="58" w="295" /><ent r="6" t="61" w="206" /><ent r="3" t="61" w="633" /><ent r="3" t="61" w="1063" /></phr><phr n="sound"><ent r="3" t="21" w="725" /></phr><phr n="Sounds"><ent r="4" t="58" w="40" /><ent r="6" t="58" w="292" /><ent r="6" t="61" w="203" /><ent r="3" t="61" w="635" /><ent r="3" t="61" w="1065" /></phr></stem><stem n="-mail,"><phr n="-mail,"><ent r="3" t="0" w="78" /><ent r="3" t="0" w="78" /><ent r="4" t="21" w="265" /><ent r="4" t="21" w="265" /><ent r="3" t="21" w="728" /><ent r="3" t="21" w="728" /></phr></stem><stem n="pager"><phr n="pagers"><ent r="3" t="0" w="78" /></phr><phr n="Pager"><ent r="3" t="23" w="216" /><ent r="3" t="23" w="260" /></phr></stem><stem n="run"><phr n="running"><ent r="3" t="0" w="81" /><ent r="4" t="21" w="270" /><ent r="3" t="21" w="731" /><ent r="3" t="61" w="139" /><ent r="3" t="61" w="544" /></phr><phr n="run"><ent r="6" t="5" w="938" /><ent r="3" t="14" w="334" /><ent r="3" t="14" w="1155" /><ent r="3" t="40" w="29" /><ent r="4" t="40" w="972" /><ent r="4" t="41" w="114" /><ent r="4" t="41" w="256" /><ent r="3" t="47" w="92" /></phr><phr n="runs"><ent r="3" t="40" w="545" /></phr></stem><stem n="correct"><phr n="correct"><ent r="3" t="0" w="85" /><ent r="4" t="19" w="1919" /><ent r="3" t="33" w="140" /><ent r="3" t="44" w="371" /><ent r="3" t="65" w="288" /></phr></stem><stem n="problem"><phr n="problem"><ent r="3" t="0" w="87" /><ent r="3" t="19" w="115" /><ent r="3" t="21" w="400" /><ent r="3" t="21" w="426" /></phr><phr n="problems"><ent r="4" t="3" w="418" /><ent r="3" t="21" w="445" /><ent r="3" t="24" w="72" /><ent r="3" t="54" w="34" /><ent r="3" t="75" w="18" /></phr><phr n="Problem"><ent r="3" t="29" w="1047" /></phr></stem><stem n="-line"><phr n="-line"><ent r="3" t="0" w="91" /><ent r="3" t="0" w="91" /><ent r="66" t="3" w="485" /><ent r="66" t="3" w="485" /><ent r="82" t="4" w="590" /><ent r="82" t="4" w="590" /><ent r="3" t="4" w="595" /><ent r="3" t="4" w="595" /><ent r="100" t="5" w="148" /><ent r="100" t="5" w="148" /><ent r="8" t="5" w="151" /><ent r="8" t="5" w="151" /><ent r="8" t="5" w="154" /><ent r="8" t="5" w="154" /><ent r="6" t="5" w="219" /><ent r="6" t="5" w="219" /><ent r="8" t="5" w="225" /><ent r="8" t="5" w="225" /><ent r="8" t="5" w="230" /><ent r="8" t="5" w="230" /><ent r="6" t="5" w="1133" /><ent r="6" t="5" w="1133" /><ent r="4" t="10" w="112" /><ent r="4" t="10" w="112" /><ent r="92" t="12" w="107" /><ent r="92" t="12" w="107" /><ent r="65" t="13" w="46" /><ent r="65" t="13" w="46" /><ent r="3" t="13" w="94" /><ent r="3" t="13" w="94" /><ent r="5" t="13" w="192" /><ent r="5" t="13" w="192" /><ent r="5" t="13" w="231" /><ent r="5" t="13" w="231" /><ent r="5" t="13" w="269" /><ent r="5" t="13" w="269" /><ent r="5" t="13" w="393" /><ent r="5" t="13" w="393" /><ent r="92" t="13" w="1339" /><ent r="92" t="13" w="1339" /><ent r="3" t="13" w="1365" /><ent r="3" t="13" w="1365" /><ent r="4" t="13" w="1773" /><ent r="4" t="13" w="1773" /><ent r="3" t="13" w="2366" /><ent r="3" t="13" w="2366" /><ent r="3" t="13" w="2414" /><ent r="3" t="13" w="2414" /><ent r="3" t="14" w="11" /><ent r="3" t="14" w="11" /><ent r="3" t="14" w="727" /><ent r="3" t="14" w="727" /><ent r="3" t="14" w="732" /><ent r="3" t="14" w="732" /><ent r="3" t="14" w="829" /><ent r="3" t="14" w="829" /><ent r="4" t="15" w="278" /><ent r="4" t="15" w="278" /><ent r="4" t="34" w="188" /><ent r="4" t="34" w="188" /><ent r="4" t="40" w="32" /><ent r="4" t="40" w="32" /><ent r="100" t="40" w="71" /><ent r="100" t="40" w="71" /><ent r="3" t="40" w="100" /><ent r="3" t="40" w="100" /><ent r="4" t="40" w="124" /><ent r="4" t="40" w="124" /><ent r="92" t="40" w="195" /><ent r="92" t="40" w="195" /><ent r="3" t="40" w="200" /><ent r="3" t="40" w="200" /><ent r="100" t="40" w="381" /><ent r="100" t="40" w="381" /><ent r="3" t="40" w="387" /><ent r="3" t="40" w="387" /><ent r="3" t="40" w="448" /><ent r="3" t="40" w="448" /><ent r="3" t="40" w="537" /><ent r="3" t="40" w="537" /><ent r="100" t="40" w="895" /><ent r="100" t="40" w="895" /><ent r="92" t="40" w="902" /><ent r="92" t="40" w="902" /><ent r="4" t="40" w="928" /><ent r="4" t="40" w="928" /><ent r="4" t="40" w="1050" /><ent r="4" t="40" w="1050" /><ent r="92" t="40" w="1104" /><ent r="92" t="40" w="1104" /><ent r="3" t="44" w="19" /><ent r="3" t="44" w="19" /><ent r="3" t="44" w="31" /><ent r="3" t="44" w="31" /><ent r="3" t="44" w="205" /><ent r="3" t="44" w="205" /><ent r="3" t="45" w="19" /><ent r="3" t="45" w="19" /><ent r="3" t="45" w="162" /><ent r="3" t="45" w="162" /><ent r="3" t="46" w="24" /><ent r="3" t="46" w="24" /><ent r="3" t="46" w="29" /><ent r="3" t="46" w="29" /><ent r="3" t="47" w="16" /><ent r="3" t="47" w="16" /><ent r="3" t="49" w="19" /><ent r="3" t="49" w="19" /><ent r="1000" t="74" w="1" /><ent r="1000" t="74" w="1" /><ent r="102" t="74" w="11" /><ent r="102" t="74" w="11" /><ent r="3" t="74" w="66" /><ent r="3" t="74" w="66" /><ent r="4" t="74" w="76" /><ent r="4" t="74" w="76" /><ent r="4" t="74" w="84" /><ent r="4" t="74" w="84" /></phr><phr n="-Line"><ent r="92" t="10" w="382" /><ent r="92" t="10" w="382" /><ent r="92" t="40" w="95" /><ent r="92" t="40" w="95" /><ent r="3" t="46" w="332" /><ent r="3" t="46" w="332" /></phr></stem><stem n="on-lin"><phr n="on-line"><ent r="3" t="0" w="91" /></phr></stem><stem n="line"><phr n="line"><ent r="3" t="0" w="92" /><ent r="66" t="3" w="486" /><ent r="4" t="3" w="501" /><ent r="82" t="4" w="591" /><ent r="3" t="4" w="596" /><ent r="4" t="4" w="611" /><ent r="100" t="5" w="149" /><ent r="8" t="5" w="152" /><ent r="8" t="5" w="155" /><ent r="6" t="5" w="159" /><ent r="6" t="5" w="220" /><ent r="8" t="5" w="226" /><ent r="8" t="5" w="231" /><ent r="6" t="5" w="553" /><ent r="6" t="5" w="577" /><ent r="5" t="5" w="608" /><ent r="6" t="5" w="941" /><ent r="6" t="5" w="1134" /><ent r="3" t="7" w="238" /><ent r="3" t="7" w="279" /><ent r="4" t="10" w="113" /><ent r="3" t="10" w="407" /><ent r="92" t="12" w="108" /><ent r="3" t="12" w="123" /><ent r="3" t="12" w="128" /><ent r="3" t="12" w="135" /><ent r="65" t="13" w="47" /><ent r="3" t="13" w="95" /><ent r="3" t="13" w="100" /><ent r="3" t="13" w="125" /><ent r="5" t="13" w="193" /><ent r="5" t="13" w="232" /><ent r="5" t="13" w="270" /><ent r="3" t="13" w="294" /><ent r="3" t="13" w="299" /><ent r="5" t="13" w="317" /><ent r="5" t="13" w="394" /><ent r="5" t="13" w="643" /><ent r="5" t="13" w="1078" /><ent r="5" t="13" w="1086" /><ent r="5" t="13" w="1166" /><ent r="5" t="13" w="1289" /><ent r="92" t="13" w="1340" /><ent r="3" t="13" w="1353" /><ent r="3" t="13" w="1366" /><ent r="4" t="13" w="1774" /><ent r="3" t="13" w="1966" /><ent r="3" t="13" w="2367" /><ent r="3" t="13" w="2415" /><ent r="3" t="14" w="12" /><ent r="3" t="14" w="728" /><ent r="3" t="14" w="733" /><ent r="3" t="14" w="782" /><ent r="3" t="14" w="830" /><ent r="3" t="14" w="1150" /><ent r="3" t="14" w="1259" /><ent r="4" t="15" w="279" /><ent r="3" t="16" w="70" /><ent r="3" t="16" w="375" /><ent r="3" t="17" w="44" /><ent r="4" t="19" w="760" /><ent r="3" t="20" w="246" /><ent r="3" t="20" w="251" /><ent r="3" t="20" w="255" /><ent r="3" t="20" w="259" /><ent r="3" t="20" w="452" /><ent r="3" t="20" w="457" /><ent r="3" t="20" w="462" /><ent r="3" t="20" w="467" /><ent r="3" t="20" w="487" /><ent r="3" t="20" w="492" /><ent r="3" t="20" w="497" /><ent r="3" t="20" w="502" /><ent r="3" t="20" w="519" /><ent r="3" t="20" w="524" /><ent r="3" t="20" w="549" /><ent r="3" t="20" w="554" /><ent r="3" t="20" w="559" /><ent r="3" t="20" w="564" /><ent r="3" t="22" w="1172" /><ent r="4" t="24" w="2883" /><ent r="3" t="32" w="426" /><ent r="3" t="32" w="433" /><ent r="3" t="32" w="579" /><ent r="3" t="32" w="586" /><ent r="3" t="33" w="254" /><ent r="4" t="34" w="189" /><ent r="3" t="34" w="530" /><ent r="3" t="35" w="934" /><ent r="4" t="35" w="1176" /><ent r="5" t="35" w="1419" /><ent r="3" t="35" w="1570" /><ent r="82" t="35" w="1663" /><ent r="3" t="35" w="1674" /><ent r="3" t="35" w="1682" /><ent r="4" t="37" w="192" /><ent r="3" t="37" w="202" /><ent r="3" t="37" w="211" /><ent r="3" t="37" w="233" /><ent r="4" t="37" w="267" /><ent r="4" t="37" w="310" /><ent r="4" t="37" w="558" /><ent r="65" t="37" w="588" /><ent r="5" t="37" w="609" /><ent r="65" t="37" w="627" /><ent r="4" t="37" w="654" /><ent r="65" t="37" w="666" /><ent r="4" t="37" w="693" /><ent r="3" t="37" w="1167" /><ent r="3" t="37" w="1346" /><ent r="3" t="37" w="1348" /><ent r="3" t="37" w="1373" /><ent r="3" t="37" w="1429" /><ent r="3" t="37" w="1457" /><ent r="3" t="37" w="1812" /><ent r="4" t="37" w="1931" /><ent r="4" t="37" w="1948" /><ent r="3" t="37" w="2040" /><ent r="3" t="37" w="2056" /><ent r="3" t="37" w="2077" /><ent r="4" t="37" w="2225" /><ent r="4" t="37" w="2249" /><ent r="4" t="37" w="2284" /><ent r="3" t="37" w="2374" /><ent r="3" t="37" w="2401" /><ent r="3" t="37" w="2418" /><ent r="3" t="37" w="2457" /><ent r="3" t="37" w="2472" /><ent r="3" t="37" w="2508" /><ent r="83" t="37" w="2645" /><ent r="4" t="37" w="2673" /><ent r="83" t="37" w="2743" /><ent r="3" t="37" w="2777" /><ent r="83" t="37" w="3000" /><ent r="3" t="37" w="3033" /><ent r="3" t="37" w="3201" /><ent r="3" t="37" w="3306" /><ent r="3" t="37" w="3754" /><ent r="3" t="37" w="3773" /><ent r="3" t="37" w="3822" /><ent r="3" t="37" w="4236" /><ent r="3" t="37" w="4378" /><ent r="3" t="37" w="4390" /><ent r="3" t="37" w="4443" /><ent r="3" t="37" w="4635" /><ent r="3" t="39" w="263" /><ent r="3" t="39" w="339" /><ent r="3" t="39" w="573" /><ent r="3" t="39" w="594" /><ent r="3" t="40" w="22" /><ent r="4" t="40" w="33" /><ent r="100" t="40" w="66" /><ent r="100" t="40" w="72" /><ent r="100" t="40" w="79" /><ent r="3" t="40" w="101" /><ent r="4" t="40" w="125" /><ent r="92" t="40" w="196" /><ent r="3" t="40" w="201" /><ent r="4" t="40" w="215" /><ent r="100" t="40" w="378" /><ent r="100" t="40" w="382" /><ent r="3" t="40" w="388" /><ent r="3" t="40" w="449" /><ent r="3" t="40" w="538" /><ent r="3" t="40" w="595" /><ent r="3" t="40" w="605" /><ent r="100" t="40" w="896" /><ent r="92" t="40" w="903" /><ent r="4" t="40" w="929" /><ent r="4" t="40" w="976" /><ent r="4" t="40" w="1051" /><ent r="92" t="40" w="1105" /><ent r="3" t="40" w="1113" /><ent r="3" t="40" w="1134" /><ent r="3" t="40" w="1231" /><ent r="4" t="41" w="202" /><ent r="3" t="41" w="468" /><ent r="3" t="42" w="110" /><ent r="3" t="44" w="20" /><ent r="3" t="44" w="32" /><ent r="3" t="44" w="206" /><ent r="3" t="44" w="453" /><ent r="3" t="44" w="712" /><ent r="3" t="45" w="20" /><ent r="3" t="45" w="103" /><ent r="3" t="45" w="163" /><ent r="3" t="46" w="25" /><ent r="3" t="46" w="30" /><ent r="3" t="46" w="286" /><ent r="3" t="46" w="302" /><ent r="3" t="46" w="339" /><ent r="3" t="47" w="17" /><ent r="3" t="47" w="111" /><ent r="4" t="47" w="345" /><ent r="5" t="47" w="481" /><ent r="3" t="47" w="675" /><ent r="3" t="48" w="32" /><ent r="3" t="48" w="116" /><ent r="3" t="49" w="20" /><ent r="3" t="49" w="514" /><ent r="3" t="54" w="394" /><ent r="72" t="55" w="1264" /><ent r="3" t="58" w="395" /><ent r="3" t="58" w="409" /><ent r="3" t="58" w="472" /><ent r="3" t="59" w="347" /><ent r="3" t="59" w="390" /><ent r="3" t="61" w="13" /><ent r="3" t="61" w="906" /><ent r="4" t="66" w="275" /><ent r="6" t="70" w="495" /><ent r="6" t="70" w="498" /><ent r="1000" t="74" w="2" /><ent r="102" t="74" w="12" /><ent r="3" t="74" w="34" /><ent r="3" t="74" w="67" /><ent r="4" t="74" w="77" /><ent r="4" t="74" w="85" /></phr><phr n="lines"><ent r="3" t="4" w="44" /><ent r="3" t="5" w="1415" /><ent r="3" t="12" w="96" /><ent r="3" t="19" w="554" /><ent r="3" t="19" w="753" /><ent r="4" t="19" w="821" /><ent r="4" t="19" w="858" /><ent r="4" t="19" w="892" /><ent r="3" t="21" w="812" /><ent r="3" t="22" w="27" /><ent r="4" t="22" w="105" /><ent r="3" t="23" w="23" /><ent r="3" t="32" w="711" /><ent r="3" t="37" w="167" /><ent r="3" t="37" w="228" /><ent r="4" t="37" w="248" /><ent r="4" t="37" w="287" /><ent r="4" t="37" w="409" /><ent r="3" t="37" w="1880" /><ent r="3" t="37" w="2171" /><ent r="4" t="37" w="2276" /><ent r="4" t="37" w="2291" /><ent r="4" t="37" w="2302" /><ent r="3" t="37" w="3288" /><ent r="3" t="37" w="4183" /><ent r="3" t="37" w="4195" /><ent r="3" t="37" w="4224" /><ent r="3" t="37" w="4605" /><ent r="3" t="54" w="407" /><ent r="3" t="56" w="157" /><ent r="3" t="78" w="227" /></phr><phr n="Line"><ent r="92" t="10" w="383" /><ent r="65" t="13" w="60" /><ent r="92" t="13" w="80" /><ent r="92" t="14" w="712" /><ent r="3" t="14" w="793" /><ent r="3" t="14" w="807" /><ent r="3" t="14" w="815" /><ent r="4" t="37" w="4118" /><ent r="4" t="37" w="4141" /><ent r="4" t="37" w="4172" /><ent r="4" t="37" w="4332" /><ent r="4" t="37" w="4402" /><ent r="4" t="37" w="4493" /><ent r="3" t="39" w="582" /><ent r="1000" t="40" w="2" /><ent r="100" t="40" w="13" /><ent r="102" t="40" w="17" /><ent r="92" t="40" w="96" /><ent r="64" t="40" w="498" /><ent r="92" t="40" w="586" /><ent r="64" t="40" w="1087" /><ent r="64" t="43" w="88" /><ent r="1000" t="45" w="2" /><ent r="102" t="45" w="7" /><ent r="100" t="45" w="77" /><ent r="3" t="45" w="85" /><ent r="3" t="45" w="115" /><ent r="3" t="46" w="222" /><ent r="3" t="46" w="333" /><ent r="3" t="48" w="11" /><ent r="100" t="74" w="8" /></phr><phr n="LINE"><ent r="100" t="35" w="527" /><ent r="6" t="35" w="1409" /><ent r="100" t="37" w="23" /><ent r="100" t="37" w="136" /><ent r="65" t="37" w="395" /><ent r="100" t="37" w="853" /><ent r="83" t="37" w="2150" /><ent r="5" t="37" w="2158" /><ent r="100" t="37" w="2186" /><ent r="6" t="37" w="2189" /><ent r="100" t="37" w="2236" /><ent r="6" t="37" w="2239" /><ent r="5" t="37" w="2316" /><ent r="4" t="37" w="2838" /><ent r="6" t="37" w="2884" /><ent r="3" t="37" w="3997" /><ent r="3" t="37" w="4042" /><ent r="3" t="37" w="4083" /><ent r="3" t="37" w="4098" /><ent r="3" t="37" w="4490" /><ent r="3" t="37" w="4624" /><ent r="100" t="39" w="218" /><ent r="3" t="39" w="506" /><ent r="3" t="39" w="524" /><ent r="3" t="39" w="542" /><ent r="3" t="39" w="560" /></phr></stem><stem n="manual"><phr n="manual"><ent r="3" t="0" w="93" /><ent r="3" t="19" w="955" /><ent r="3" t="21" w="921" /><ent r="3" t="24" w="3041" /><ent r="3" t="37" w="981" /><ent r="3" t="37" w="1104" /><ent r="3" t="74" w="110" /></phr><phr n="manually"><ent r="3" t="16" w="1436" /><ent r="3" t="48" w="124" /></phr><phr n="Manually"><ent r="4" t="50" w="268" /></phr></stem><stem n="learn"><phr n="learn"><ent r="3" t="0" w="95" /><ent r="3" t="27" w="74" /><ent r="3" t="65" w="46" /></phr><phr n="Learn"><ent r="3" t="4" w="85" /></phr><phr n="learned"><ent r="3" t="54" w="577" /></phr></stem><stem n="tool"><phr n="tools"><ent r="3" t="0" w="98" /><ent r="6" t="58" w="300" /><ent r="6" t="61" w="211" /><ent r="3" t="61" w="643" /><ent r="3" t="61" w="1076" /></phr><phr n="tool"><ent r="3" t="14" w="737" /><ent r="3" t="14" w="788" /><ent r="3" t="44" w="60" /><ent r="3" t="44" w="117" /><ent r="3" t="44" w="254" /><ent r="3" t="44" w="269" /><ent r="4" t="44" w="322" /><ent r="3" t="44" w="689" /><ent r="3" t="44" w="941" /><ent r="3" t="46" w="494" /><ent r="3" t="49" w="489" /><ent r="3" t="49" w="520" /><ent r="3" t="49" w="940" /><ent r="3" t="56" w="719" /></phr><phr n="Tools"><ent r="3" t="14" w="1065" /><ent r="4" t="40" w="1038" /><ent r="5" t="41" w="183" /><ent r="3" t="44" w="128" /><ent r="3" t="44" w="186" /><ent r="3" t="44" w="282" /><ent r="3" t="44" w="772" /><ent r="3" t="46" w="217" /><ent r="3" t="47" w="201" /><ent r="100" t="47" w="238" /><ent r="5" t="47" w="285" /><ent r="3" t="48" w="152" /><ent r="3" t="48" w="210" /><ent r="4" t="49" w="341" /><ent r="4" t="56" w="743" /><ent r="4" t="56" w="781" /><ent r="4" t="58" w="60" /><ent r="6" t="58" w="297" /><ent r="6" t="61" w="208" /><ent r="3" t="61" w="645" /><ent r="3" t="61" w="1078" /></phr></stem><stem n="custom"><phr n="customize"><ent r="3" t="0" w="103" /><ent r="3" t="65" w="49" /></phr><phr n="Customizing"><ent r="64" t="0" w="117" /><ent r="64" t="0" w="176" /><ent r="100" t="10" w="10" /><ent r="100" t="10" w="12" /><ent r="100" t="10" w="14" /><ent r="1000" t="65" w="1" /><ent r="100" t="65" w="10" /><ent r="100" t="65" w="12" /><ent r="100" t="65" w="14" /><ent r="102" t="65" w="18" /></phr><phr n="custom"><ent r="3" t="0" w="128" /><ent r="4" t="3" w="412" /><ent r="3" t="4" w="255" /><ent r="3" t="4" w="499" /><ent r="8" t="5" w="141" /><ent r="7" t="5" w="144" /><ent r="6" t="5" w="173" /><ent r="8" t="5" w="181" /><ent r="6" t="5" w="187" /><ent r="7" t="5" w="194" /><ent r="6" t="5" w="205" /><ent r="100" t="5" w="313" /><ent r="100" t="5" w="318" /><ent r="6" t="5" w="347" /><ent r="4" t="5" w="827" /><ent r="100" t="5" w="1351" /><ent r="100" t="5" w="1356" /><ent r="5" t="5" w="1361" /><ent r="3" t="5" w="1423" /><ent r="3" t="10" w="32" /><ent r="3" t="10" w="179" /><ent r="3" t="10" w="351" /><ent r="3" t="10" w="409" /><ent r="3" t="13" w="25" /><ent r="3" t="14" w="152" /><ent r="3" t="15" w="8" /><ent r="3" t="15" w="355" /><ent r="4" t="18" w="166" /><ent r="3" t="19" w="540" /><ent r="3" t="20" w="54" /><ent r="3" t="20" w="327" /><ent r="3" t="21" w="74" /><ent r="3" t="22" w="1285" /><ent r="4" t="25" w="199" /><ent r="3" t="26" w="177" /><ent r="3" t="26" w="432" /><ent r="3" t="26" w="656" /><ent r="3" t="26" w="808" /><ent r="3" t="27" w="93" /><ent r="3" t="28" w="15" /><ent r="3" t="29" w="35" /><ent r="3" t="32" w="65" /><ent r="3" t="32" w="121" /><ent r="3" t="35" w="90" /><ent r="3" t="37" w="98" /><ent r="5" t="38" w="170" /><ent r="3" t="38" w="217" /><ent r="100" t="39" w="88" /><ent r="100" t="39" w="93" /><ent r="3" t="39" w="100" /><ent r="3" t="39" w="138" /><ent r="3" t="50" w="12" /><ent r="4" t="50" w="52" /><ent r="4" t="50" w="133" /><ent r="3" t="53" w="17" /><ent r="3" t="54" w="19" /><ent r="93" t="54" w="275" /><ent r="93" t="54" w="442" /><ent r="3" t="66" w="682" /><ent r="100" t="78" w="163" /><ent r="100" t="78" w="168" /><ent r="5" t="78" w="173" /><ent r="3" t="78" w="235" /></phr><phr n="Custom"><ent r="100" t="3" w="7" /><ent r="100" t="4" w="14" /><ent r="100" t="5" w="138" /><ent r="100" t="5" w="163" /><ent r="100" t="5" w="169" /><ent r="100" t="5" w="202" /><ent r="6" t="5" w="575" /><ent r="100" t="5" w="715" /><ent r="3" t="5" w="739" /><ent r="92" t="5" w="792" /><ent r="4" t="5" w="823" /><ent r="3" t="5" w="1337" /><ent r="100" t="5" w="1347" /><ent r="100" t="7" w="559" /><ent r="5" t="9" w="179" /><ent r="100" t="10" w="141" /><ent r="3" t="10" w="289" /><ent r="3" t="14" w="62" /><ent r="100" t="15" w="32" /><ent r="67" t="16" w="866" /><ent r="100" t="20" w="15" /><ent r="3" t="20" w="164" /><ent r="3" t="21" w="904" /><ent r="92" t="24" w="2714" /><ent r="1000" t="26" w="5" /><ent r="102" t="26" w="12" /><ent r="3" t="27" w="12" /><ent r="3" t="27" w="19" /><ent r="1000" t="28" w="2" /><ent r="102" t="28" w="8" /><ent r="3" t="34" w="139" /><ent r="3" t="34" w="837" /><ent r="100" t="39" w="7" /><ent r="100" t="39" w="18" /><ent r="100" t="39" w="35" /><ent r="100" t="39" w="45" /><ent r="100" t="39" w="49" /><ent r="100" t="39" w="53" /><ent r="3" t="39" w="78" /><ent r="3" t="39" w="95" /><ent r="3" t="39" w="145" /><ent r="3" t="39" w="168" /><ent r="3" t="39" w="502" /><ent r="3" t="39" w="520" /><ent r="3" t="39" w="538" /><ent r="3" t="39" w="556" /><ent r="3" t="39" w="568" /><ent r="3" t="39" w="588" /><ent r="3" t="39" w="602" /><ent r="3" t="46" w="230" /><ent r="100" t="50" w="34" /><ent r="100" t="50" w="37" /><ent r="100" t="50" w="46" /><ent r="1000" t="54" w="3" /><ent r="100" t="54" w="8" /><ent r="102" t="54" w="13" /><ent r="4" t="58" w="28" /><ent r="6" t="58" w="260" /><ent r="6" t="61" w="171" /><ent r="3" t="61" w="631" /><ent r="3" t="61" w="1060" /><ent r="1000" t="76" w="1" /><ent r="102" t="76" w="5" /><ent r="100" t="78" w="144" /><ent r="3" t="78" w="152" /></phr><phr n="customer"><ent r="4" t="8" w="740" /><ent r="3" t="14" w="431" /><ent r="3" t="14" w="1038" /><ent r="3" t="24" w="2742" /><ent r="3" t="27" w="321" /><ent r="6" t="70" w="1486" /></phr><phr n="Customized"><ent r="64" t="16" w="284" /><ent r="64" t="38" w="260" /></phr><phr n="Customer"><ent r="3" t="33" w="98" /></phr><phr n="customers"><ent r="3" t="52" w="121" /></phr></stem></index>