<?xml version="1.0" encoding="utf-8"?><index><stem n="actinoctet"><phr n="actInOctets"><ent r="3" t="14" w="494" /></phr></stem><stem n="ifinoctets.$interfac"><phr n="ifInOctets.$Interface"><ent r="3" t="14" w="496" /><ent r="3" t="14" w="495" /><ent r="3" t="14" w="504" /><ent r="3" t="14" w="503" /></phr></stem><stem n="$interfac"><phr n="$Interface"><ent r="3" t="14" w="496" /><ent r="3" t="14" w="504" /></phr><phr n="$interface"><ent r="3" t="14" w="636" /></phr></stem><stem n="ifinoctets.$interface,"><phr n="ifInOctets.$Interface,"><ent r="3" t="14" w="496" /><ent r="3" t="14" w="495" /><ent r="3" t="14" w="504" /><ent r="3" t="14" w="503" /></phr></stem><stem n=".$interface,"><phr n=".$Interface,"><ent r="3" t="14" w="497" /><ent r="3" t="14" w="505" /></phr></stem><stem n="&quot;actual"><phr n="&quot;actual"><ent r="3" t="14" w="499" /></phr></stem><stem n="inoctet"><phr n="inOctets"><ent r="3" t="14" w="500" /><ent r="3" t="14" w="502" /><ent r="3" t="14" w="566" /></phr></stem><stem n="&quot;current"><phr n="&quot;current"><ent r="3" t="14" w="506" /><ent r="3" t="14" w="518" /></phr></stem><stem n="deltabyt"><phr n="deltaBytes"><ent r="3" t="14" w="509" /></phr></stem><stem n="$inoctet"><phr n="$inOctets"><ent r="3" t="14" w="510" /><ent r="3" t="14" w="563" /><ent r="3" t="14" w="652" /></phr></stem><stem n="$inoctets-$oldinoctet"><phr n="$inOctets-$oldInOctets"><ent r="3" t="14" w="510" /></phr></stem><stem n="$oldinoctet"><phr n="$oldInOctets"><ent r="3" t="14" w="511" /><ent r="3" t="14" w="556" /></phr></stem><stem n="-$oldinoctets,"><phr n="-$oldInOctets,"><ent r="3" t="14" w="512" /><ent r="3" t="14" w="512" /></phr></stem><stem n="cursysuptim"><phr n="curSysUpTime"><ent r="3" t="14" w="514" /></phr></stem><stem n="deltatim"><phr n="deltaTime"><ent r="3" t="14" w="521" /></phr></stem><stem n="$cursysuptim"><phr n="$curSysUptime"><ent r="3" t="14" w="522" /></phr><phr n="$curSysUpTime"><ent r="3" t="14" w="572" /></phr></stem><stem n="$oldsysuptim"><phr n="$oldSysUpTime"><ent r="3" t="14" w="523" /></phr></stem><stem n="now"><phr n="Now"><ent r="3" t="14" w="526" /></phr><phr n="now"><ent r="3" t="17" w="281" /><ent r="4" t="22" w="523" /><ent r="3" t="22" w="926" /><ent r="4" t="37" w="384" /><ent r="3" t="37" w="2918" /><ent r="4" t="47" w="852" /><ent r="3" t="49" w="13" /><ent r="4" t="49" w="207" /><ent r="3" t="64" w="105" /></phr></stem><stem n="oldxxxx"><phr n="oldXXXX"><ent r="3" t="14" w="529" /></phr></stem><stem n="nb"><phr n="NB"><ent r="3" t="14" w="538" /></phr></stem><stem n="previnoctet"><phr n="prevInOctets"><ent r="3" t="14" w="539" /><ent r="3" t="14" w="555" /></phr></stem><stem n="oldinoctet"><phr n="oldInOctets"><ent r="3" t="14" w="562" /></phr></stem><stem n="oldsysuptim"><phr n="oldSysUpTime"><ent r="3" t="14" w="571" /></phr></stem><stem n="/snmp-device-thresholds&gt;"><phr n="/snmp-device-thresholds&gt;"><ent r="3" t="14" w="602" /><ent r="3" t="20" w="410" /><ent r="3" t="29" w="1064" /></phr></stem><stem n="snmp-device-thresholds&gt;"><phr n="snmp-device-thresholds&gt;"><ent r="3" t="14" w="602" /><ent r="3" t="20" w="410" /><ent r="3" t="29" w="1064" /></phr></stem><stem n="append"><phr n="appended"><ent r="3" t="14" w="617" /><ent r="3" t="20" w="427" /><ent r="3" t="27" w="407" /></phr><phr n="appends"><ent r="3" t="14" w="866" /></phr></stem><stem n="\b5\persist"><phr n="\B5\Persistent"><ent r="3" t="14" w="631" /></phr></stem><stem n="=$interface\0p\"><phr n="=$interface\0P\"><ent r="3" t="14" w="638" /></phr></stem><stem n="\4\old"><phr n="\4\Old"><ent r="3" t="14" w="640" /></phr></stem><stem n="octet"><phr n="Octets"><ent r="3" t="14" w="641" /><ent r="3" t="14" w="650" /></phr><phr n="octet"><ent r="6" t="16" w="878" /><ent r="6" t="16" w="888" /><ent r="3" t="58" w="102" /><ent r="3" t="58" w="340" /></phr><phr n="octets"><ent r="4" t="16" w="1404" /></phr></stem><stem n=":\0\"><phr n=":\0\"><ent r="3" t="14" w="643" /><ent r="3" t="14" w="652" /><ent r="3" t="14" w="676" /><ent r="3" t="14" w="692" /><ent r="3" t="32" w="1528" /><ent r="3" t="32" w="1532" /><ent r="3" t="32" w="1536" /><ent r="3" t="32" w="1540" /><ent r="3" t="32" w="1548" /><ent r="3" t="32" w="1556" /><ent r="3" t="32" w="1564" /><ent r="3" t="32" w="1572" /><ent r="3" t="32" w="1582" /><ent r="3" t="32" w="1600" /><ent r="3" t="32" w="1607" /><ent r="3" t="32" w="1614" /><ent r="3" t="32" w="1621" /><ent r="3" t="32" w="1629" /><ent r="3" t="32" w="1636" /><ent r="3" t="39" w="615" /><ent r="3" t="39" w="625" /></phr></stem><stem n="$previnoctet"><phr n="$prevInOctets"><ent r="3" t="14" w="643" /></phr></stem><stem n="3g"><phr n="3g"><ent r="3" t="14" w="644" /><ent r="3" t="14" w="653" /><ent r="3" t="14" w="662" /><ent r="3" t="14" w="667" /><ent r="3" t="14" w="683" /><ent r="3" t="14" w="695" /><ent r="3" t="49" w="662" /></phr><phr n="3G"><ent r="3" t="27" w="421" /></phr></stem><stem n="0mp"><phr n="0mp"><ent r="3" t="14" w="646" /><ent r="3" t="14" w="655" /><ent r="3" t="14" w="664" /><ent r="3" t="14" w="670" /><ent r="3" t="14" w="686" /><ent r="3" t="14" w="704" /></phr></stem><stem n="\3g\bytes\0mp\"><phr n="\3g\bytes\0mp\"><ent r="3" t="14" w="647" /><ent r="3" t="14" w="656" /><ent r="3" t="14" w="665" /></phr></stem><stem n="\4\cur"><phr n="\4\Cur"><ent r="3" t="14" w="649" /></phr></stem><stem n="cur"><phr n="Cur"><ent r="3" t="14" w="649" /></phr></stem><stem n="delta'"><phr n="Delta's"><ent r="3" t="14" w="659" /><ent r="3" t="14" w="658" /></phr></stem><stem n="\4\delta's:\0\"><phr n="\4\Delta's:\0\"><ent r="3" t="14" w="661" /></phr></stem><stem n="$deltabyt"><phr n="$deltaBytes"><ent r="3" t="14" w="661" /><ent r="3" t="14" w="680" /></phr></stem><stem n="$deltatim"><phr n="$deltaTime"><ent r="3" t="14" w="666" /><ent r="3" t="14" w="681" /></phr></stem><stem n="\3g\centi-second"><phr n="\3g\centi-seconds"><ent r="3" t="14" w="668" /></phr></stem><stem n="centi"><phr n="centi"><ent r="3" t="14" w="668" /></phr></stem><stem n="centi-second"><phr n="centi-seconds"><ent r="3" t="14" w="668" /></phr></stem><stem n="\0mp\"><phr n="\0mp\"><ent r="3" t="14" w="671" /><ent r="3" t="14" w="705" /></phr></stem><stem n="\4\comput"><phr n="\4\Computed"><ent r="3" t="14" w="673" /></phr></stem><stem n="{eval:sprintf(&quot;%d&quot;,($deltabytes)"><phr n="{eval:sprintf(&quot;%d&quot;,($deltaBytes)"><ent r="3" t="14" w="681" /></phr></stem><stem n="\3g\bytes/sec\0mp\"><phr n="\3g\bytes/sec\0mp\"><ent r="3" t="14" w="687" /></phr></stem><stem n="\4\actual"><phr n="\4\Actual"><ent r="3" t="14" w="689" /></phr></stem><stem n="#.###"><phr n="#.###"><ent r="3" t="14" w="694" /></phr></stem><stem n="$actinoctet"><phr n="$actInOctets"><ent r="3" t="14" w="694" /></phr></stem><stem n="bytes/sec,"><phr n="bytes/sec,"><ent r="3" t="14" w="697" /><ent r="3" t="14" w="696" /></phr></stem><stem n="\3g\bytes/sec,"><phr n="\3g\bytes/sec,"><ent r="3" t="14" w="698" /></phr></stem><stem n="com.dartware.tool"><phr n="com.dartware.tool"><ent r="3" t="14" w="737" /><ent r="3" t="14" w="735" /><ent r="3" t="49" w="489" /><ent r="3" t="49" w="487" /></phr></stem><stem n="com.dartware.tool.persist"><phr n="com.dartware.tool.persistent"><ent r="3" t="14" w="738" /><ent r="3" t="14" w="735" /></phr></stem><stem n="com.dartware.tool.persistent.txt"><phr n="com.dartware.tool.persistent.txt"><ent r="3" t="14" w="739" /><ent r="3" t="14" w="735" /></phr></stem><stem n="txt"><phr n="txt"><ent r="3" t="14" w="739" /><ent r="3" t="20" w="298" /><ent r="3" t="27" w="18" /><ent r="3" t="32" w="29" /><ent r="3" t="44" w="440" /><ent r="3" t="46" w="229" /><ent r="3" t="49" w="491" /><ent r="100" t="55" w="17" /><ent r="4" t="55" w="775" /></phr></stem><stem n="(com.dartware.tool.persistent.txt)"><phr n="(com.dartware.tool.persistent.txt)"><ent r="3" t="14" w="740" /></phr></stem><stem n="-2011"><phr n="-2011"><ent r="3" t="14" w="742" /><ent r="3" t="14" w="742" /></phr></stem><stem n="2008"><phr n="2008"><ent r="3" t="14" w="742" /><ent r="3" t="48" w="22" /></phr></stem><stem n="2008-2011"><phr n="2008-2011"><ent r="3" t="14" w="742" /></phr></stem><stem n="reserv"><phr n="reserved"><ent r="3" t="14" w="748" /><ent r="3" t="33" w="65" /><ent r="3" t="44" w="448" /><ent r="3" t="44" w="707" /><ent r="3" t="45" w="98" /><ent r="3" t="48" w="27" /></phr><phr n="Reserved"><ent r="92" t="24" w="307" /></phr></stem><stem n="-trip"><phr n="-tripping"><ent r="3" t="14" w="754" /><ent r="3" t="14" w="754" /></phr><phr n="-trip"><ent r="3" t="14" w="1162" /><ent r="3" t="14" w="1162" /><ent r="3" t="24" w="49" /><ent r="3" t="24" w="49" /><ent r="3" t="38" w="314" /><ent r="3" t="38" w="314" /><ent r="4" t="40" w="842" /><ent r="4" t="40" w="842" /><ent r="3" t="40" w="854" /><ent r="3" t="40" w="854" /></phr></stem><stem n="round-trip"><phr n="round-tripping"><ent r="3" t="14" w="754" /></phr><phr n="Round-trip"><ent r="3" t="14" w="1162" /><ent r="4" t="40" w="842" /><ent r="3" t="40" w="854" /></phr><phr n="round-trip"><ent r="3" t="24" w="49" /><ent r="3" t="38" w="314" /></phr></stem><stem n="trip"><phr n="tripping"><ent r="3" t="14" w="755" /></phr><phr n="trip"><ent r="3" t="14" w="1163" /><ent r="3" t="24" w="50" /><ent r="3" t="38" w="315" /><ent r="4" t="40" w="843" /><ent r="3" t="40" w="855" /></phr></stem><stem n="back"><phr n="back"><ent r="3" t="14" w="763" /><ent r="4" t="19" w="1588" /><ent r="3" t="22" w="928" /><ent r="3" t="37" w="2561" /><ent r="3" t="37" w="4156" /></phr></stem><stem n="tool.persist"><phr n="tool.persistent"><ent r="3" t="14" w="789" /><ent r="3" t="14" w="788" /></phr></stem><stem n="&quot;tool.persistent&quot;"><phr n="&quot;tool.persistent&quot;"><ent r="3" t="14" w="790" /></phr></stem><stem n="&quot;command"><phr n="&quot;Command"><ent r="3" t="14" w="792" /></phr></stem><stem n="&quot;miscellaneous/test/command"><phr n="&quot;Miscellaneous/Test/Command"><ent r="3" t="14" w="806" /></phr></stem><stem n="miscellaneous/test/command"><phr n="Miscellaneous/Test/Command"><ent r="3" t="14" w="806" /><ent r="3" t="14" w="804" /></phr></stem><stem n="\gb\command"><phr n="\GB\Command"><ent r="3" t="14" w="814" /></phr></stem><stem n="iter"><phr n="iteration"><ent r="3" t="14" w="850" /></phr></stem><stem n="$searchstr"><phr n="$SearchString"><ent r="3" t="14" w="858" /><ent r="3" t="14" w="870" /><ent r="3" t="14" w="933" /><ent r="3" t="14" w="940" /><ent r="3" t="14" w="1132" /><ent r="3" t="14" w="1266" /><ent r="3" t="14" w="1315" /></phr></stem><stem n="\b\$searchstring\p\"><phr n="\b\$SearchString\p\"><ent r="3" t="14" w="860" /></phr></stem><stem n="$numericparam"><phr n="$numericParam"><ent r="3" t="14" w="862" /><ent r="3" t="14" w="876" /><ent r="3" t="14" w="1073" /><ent r="3" t="14" w="1134" /><ent r="3" t="14" w="1203" /><ent r="3" t="14" w="1317" /></phr></stem><stem n="\b\$numericparam\p\."><phr n="\b\$numericParam\p\."><ent r="3" t="14" w="864" /></phr></stem><stem n="&quot;a&quot;"><phr n="&quot;a&quot;"><ent r="3" t="14" w="869" /><ent r="3" t="14" w="1295" /><ent r="3" t="14" w="1298" /></phr></stem><stem n="(thi"><phr n="(This"><ent r="3" t="14" w="881" /><ent r="4" t="61" w="243" /></phr><phr n="(this"><ent r="3" t="22" w="1122" /><ent r="3" t="61" w="292" /></phr></stem><stem n="useless"><phr n="useless"><ent r="3" t="14" w="884" /></phr></stem><stem n="uniniti"><phr n="uninitialized"><ent r="3" t="14" w="897" /><ent r="3" t="14" w="916" /><ent r="3" t="14" w="969" /></phr></stem><stem n="veri"><phr n="very"><ent r="3" t="14" w="904" /><ent r="4" t="40" w="846" /><ent r="3" t="40" w="858" /><ent r="3" t="49" w="1009" /><ent r="3" t="54" w="416" /></phr><phr n="VERY"><ent r="3" t="22" w="67" /><ent r="4" t="22" w="432" /><ent r="3" t="23" w="188" /></phr></stem><stem n="startup"><phr n="startup"><ent r="3" t="14" w="912" /></phr><phr n="Startup"><ent r="5" t="22" w="637" /><ent r="3" t="22" w="880" /></phr></stem><stem n="&quot;$searchstring&quot;."><phr n="&quot;$SearchString&quot;."><ent r="3" t="14" w="941" /></phr></stem><stem n="passed-in"><phr n="passed-in"><ent r="3" t="14" w="981" /><ent r="3" t="14" w="1165" /></phr></stem><stem n="expect"><phr n="expected"><ent r="3" t="14" w="990" /><ent r="4" t="24" w="2404" /><ent r="3" t="34" w="90" /><ent r="3" t="34" w="493" /><ent r="3" t="34" w="951" /><ent r="3" t="37" w="949" /><ent r="3" t="37" w="1993" /><ent r="3" t="54" w="499" /></phr><phr n="expect"><ent r="3" t="34" w="1036" /><ent r="3" t="54" w="29" /></phr><phr n="expects"><ent r="3" t="35" w="1505" /><ent r="3" t="47" w="193" /><ent r="4" t="55" w="1220" /></phr><phr n="EXPecT"><ent r="100" t="37" w="1984" /></phr><phr n="Expects"><ent r="3" t="45" w="25" /></phr></stem><stem n="\i\note:\p\"><phr n="\i\Note:\p\"><ent r="3" t="14" w="999" /><ent r="3" t="14" w="1013" /></phr></stem><stem n="localhost"><phr n="localhost"><ent r="3" t="14" w="1008" /><ent r="3" t="32" w="439" /><ent r="3" t="32" w="561" /><ent r="3" t="32" w="592" /><ent r="3" t="32" w="723" /><ent r="3" t="32" w="833" /><ent r="3" t="32" w="1021" /><ent r="3" t="58" w="418" /><ent r="3" t="58" w="433" /><ent r="3" t="61" w="288" /><ent r="3" t="61" w="482" /><ent r="4" t="70" w="1839" /></phr><phr n="Localhost"><ent r="100" t="70" w="1827" /></phr></stem><stem n="\i\localhost\p\."><phr n="\i\localhost\p\."><ent r="3" t="14" w="1010" /></phr></stem><stem n="could"><phr n="could"><ent r="3" t="14" w="1015" /><ent r="4" t="19" w="165" /><ent r="4" t="19" w="201" /><ent r="3" t="22" w="908" /><ent r="3" t="26" w="506" /><ent r="4" t="29" w="363" /><ent r="3" t="29" w="1033" /><ent r="3" t="32" w="1129" /><ent r="3" t="35" w="1490" /><ent r="3" t="35" w="1498" /><ent r="3" t="35" w="1510" /><ent r="3" t="37" w="4296" /><ent r="3" t="39" w="238" /><ent r="3" t="40" w="1162" /><ent r="4" t="41" w="330" /><ent r="3" t="49" w="160" /><ent r="3" t="54" w="76" /><ent r="3" t="66" w="395" /><ent r="3" t="67" w="88" /><ent r="6" t="68" w="286" /><ent r="7" t="68" w="437" /><ent r="7" t="68" w="556" /></phr></stem><stem n="&lt;parameter&gt;"><phr n="&lt;parameter&gt;"><ent r="3" t="14" w="1023" /><ent r="5" t="35" w="1310" /></phr></stem><stem n="expos"><phr n="exposes"><ent r="3" t="14" w="1027" /></phr></stem><stem n="lot"><phr n="lot"><ent r="3" t="14" w="1029" /><ent r="3" t="53" w="99" /></phr><phr n="lots"><ent r="3" t="49" w="150" /></phr></stem><stem n="script'"><phr n="script's"><ent r="3" t="14" w="1033" /><ent r="3" t="14" w="1032" /><ent r="3" t="37" w="1455" /><ent r="3" t="37" w="1454" /><ent r="3" t="40" w="319" /><ent r="3" t="40" w="318" /><ent r="4" t="40" w="720" /><ent r="4" t="40" w="719" /><ent r="4" t="40" w="799" /><ent r="4" t="40" w="798" /><ent r="3" t="44" w="26" /><ent r="3" t="44" w="25" /></phr></stem><stem n="design"><phr n="design"><ent r="3" t="14" w="1045" /></phr><phr n="designer"><ent r="3" t="77" w="20" /></phr></stem><stem n="-edit"><phr n="-editable"><ent r="3" t="14" w="1050" /><ent r="3" t="14" w="1050" /></phr><phr n="-edited"><ent r="7" t="68" w="517" /><ent r="7" t="68" w="517" /></phr></stem><stem n="human-edit"><phr n="human-editable"><ent r="3" t="14" w="1050" /></phr></stem><stem n="unix"><phr n="Unix"><ent r="3" t="14" w="1057" /><ent r="100" t="35" w="529" /><ent r="5" t="35" w="532" /><ent r="100" t="40" w="74" /><ent r="3" t="40" w="1210" /><ent r="4" t="41" w="156" /><ent r="4" t="41" w="192" /><ent r="3" t="41" w="447" /><ent r="6" t="46" w="110" /><ent r="4" t="49" w="231" /><ent r="4" t="49" w="261" /><ent r="5" t="61" w="31" /><ent r="4" t="61" w="36" /><ent r="82" t="61" w="219" /><ent r="3" t="61" w="224" /><ent r="72" t="61" w="263" /><ent r="4" t="61" w="405" /><ent r="4" t="61" w="416" /><ent r="4" t="61" w="436" /></phr></stem><stem n="unix/osx"><phr n="Unix/OSX"><ent r="3" t="14" w="1058" /><ent r="3" t="14" w="1057" /></phr></stem><stem n="osx"><phr n="OSX"><ent r="3" t="14" w="1058" /><ent r="4" t="49" w="228" /><ent r="4" t="49" w="258" /></phr></stem><stem n="/osx:"><phr n="/OSX:"><ent r="3" t="14" w="1059" /></phr></stem><stem n="empti"><phr n="Empty"><ent r="3" t="14" w="1059" /><ent r="3" t="44" w="766" /><ent r="3" t="48" w="204" /></phr><phr n="empty"><ent r="4" t="22" w="658" /><ent r="3" t="22" w="1029" /><ent r="3" t="22" w="1110" /><ent r="4" t="37" w="514" /><ent r="3" t="37" w="1154" /><ent r="3" t="37" w="1159" /><ent r="6" t="70" w="901" /><ent r="6" t="70" w="1060" /><ent r="6" t="70" w="1653" /><ent r="6" t="70" w="2466" /></phr></stem><stem n=":tool"><phr n=":Tools"><ent r="3" t="14" w="1065" /><ent r="3" t="44" w="772" /><ent r="3" t="48" w="210" /></phr></stem><stem n="directori"><phr n="directory"><ent r="3" t="14" w="1066" /><ent r="4" t="40" w="1001" /><ent r="4" t="40" w="1039" /><ent r="3" t="44" w="187" /><ent r="3" t="44" w="773" /><ent r="3" t="46" w="218" /><ent r="3" t="47" w="203" /><ent r="3" t="47" w="208" /><ent r="4" t="47" w="288" /><ent r="4" t="47" w="295" /><ent r="3" t="48" w="154" /><ent r="3" t="48" w="160" /><ent r="3" t="48" w="211" /><ent r="4" t="49" w="342" /><ent r="4" t="49" w="360" /><ent r="4" t="50" w="120" /><ent r="4" t="50" w="286" /><ent r="3" t="51" w="31" /><ent r="4" t="55" w="262" /><ent r="3" t="56" w="127" /><ent r="3" t="57" w="150" /><ent r="3" t="57" w="177" /><ent r="3" t="61" w="56" /><ent r="3" t="61" w="66" /><ent r="3" t="61" w="100" /><ent r="3" t="61" w="130" /><ent r="3" t="61" w="232" /><ent r="3" t="61" w="331" /><ent r="4" t="61" w="442" /><ent r="4" t="61" w="453" /><ent r="3" t="61" w="583" /><ent r="3" t="61" w="809" /><ent r="3" t="61" w="853" /><ent r="3" t="65" w="84" /><ent r="3" t="70" w="229" /><ent r="6" t="70" w="1900" /><ent r="6" t="70" w="1923" /><ent r="6" t="70" w="1943" /></phr><phr n="directories"><ent r="4" t="41" w="104" /><ent r="3" t="44" w="398" /><ent r="3" t="44" w="410" /><ent r="3" t="61" w="556" /></phr></stem><stem n="=&quot;&quot;"><phr n="=&quot;&quot;"><ent r="3" t="14" w="1068" /><ent r="3" t="46" w="377" /><ent r="3" t="46" w="385" /><ent r="3" t="49" w="599" /><ent r="3" t="61" w="602" /></phr></stem><stem n="=&quot;${python}"><phr n="=&quot;${PYTHON}"><ent r="3" t="14" w="1071" /><ent r="3" t="44" w="249" /><ent r="3" t="46" w="380" /><ent r="3" t="49" w="602" /></phr></stem><stem n=".py"><phr n=".py"><ent r="3" t="14" w="1072" /><ent r="3" t="14" w="1161" /><ent r="3" t="46" w="381" /></phr></stem><stem n="persistent.pi"><phr n="persistent.py"><ent r="3" t="14" w="1072" /><ent r="3" t="14" w="1071" /><ent r="3" t="14" w="1161" /><ent r="3" t="14" w="1160" /></phr></stem><stem n="py"><phr n="py"><ent r="3" t="14" w="1072" /><ent r="3" t="14" w="1161" /><ent r="3" t="44" w="237" /><ent r="3" t="44" w="250" /><ent r="3" t="44" w="305" /><ent r="3" t="44" w="517" /><ent r="3" t="46" w="381" /><ent r="5" t="49" w="214" /><ent r="4" t="49" w="322" /><ent r="3" t="49" w="604" /><ent r="3" t="49" w="677" /></phr></stem><stem n="arg"><phr n="arg"><ent r="3" t="14" w="1074" /><ent r="4" t="40" w="616" /><ent r="4" t="40" w="1159" /><ent r="3" t="40" w="1168" /><ent r="5" t="41" w="59" /><ent r="5" t="41" w="303" /><ent r="5" t="41" w="359" /><ent r="3" t="44" w="514" /><ent r="3" t="44" w="781" /><ent r="3" t="46" w="384" /><ent r="3" t="49" w="605" /></phr><phr n="args"><ent r="3" t="14" w="1185" /><ent r="3" t="14" w="1201" /><ent r="3" t="14" w="1230" /><ent r="3" t="49" w="740" /><ent r="3" t="49" w="757" /></phr></stem><stem n="=''"><phr n="=''"><ent r="3" t="14" w="1075" /></phr></stem><stem n="searchstr"><phr n="SearchString"><ent r="3" t="14" w="1077" /><ent r="3" t="14" w="1126" /></phr><phr n="searchString"><ent r="3" t="14" w="1195" /><ent r="3" t="14" w="1253" /><ent r="3" t="14" w="1265" /><ent r="3" t="14" w="1279" /><ent r="3" t="14" w="1291" /><ent r="3" t="14" w="1292" /><ent r="3" t="14" w="1320" /><ent r="3" t="49" w="750" /></phr></stem><stem n="=&quot;${searchstring}&quot;"><phr n="=&quot;${SearchString}&quot;"><ent r="3" t="14" w="1078" /></phr></stem><stem n="/command-line&gt;"><phr n="/command-line&gt;"><ent r="3" t="14" w="1079" /><ent r="5" t="41" w="371" /><ent r="3" t="41" w="532" /><ent r="3" t="44" w="524" /><ent r="3" t="44" w="789" /><ent r="3" t="45" w="179" /><ent r="3" t="46" w="386" /><ent r="3" t="48" w="217" /><ent r="3" t="49" w="610" /></phr></stem><stem n="command-line&gt;"><phr n="command-line&gt;"><ent r="3" t="14" w="1079" /><ent r="5" t="41" w="371" /><ent r="3" t="41" w="532" /><ent r="3" t="44" w="524" /><ent r="3" t="44" w="789" /><ent r="3" t="45" w="179" /><ent r="3" t="46" w="386" /><ent r="3" t="48" w="217" /><ent r="3" t="49" w="610" /></phr></stem><stem n="&lt;/these"><phr n="&lt;/These"><ent r="3" t="14" w="1083" /><ent r="3" t="14" w="1078" /><ent r="3" t="44" w="535" /><ent r="3" t="44" w="530" /><ent r="3" t="48" w="221" /><ent r="3" t="48" w="216" /></phr></stem><stem n="{exit_code}=4"><phr n="{EXIT_CODE}=4"><ent r="3" t="14" w="1096" /><ent r="3" t="44" w="548" /><ent r="3" t="49" w="628" /></phr></stem><stem n="{exit_code}=3"><phr n="{EXIT_CODE}=3"><ent r="3" t="14" w="1101" /><ent r="3" t="44" w="553" /><ent r="3" t="48" w="234" /><ent r="3" t="49" w="633" /></phr></stem><stem n="{exit_code}=2"><phr n="{EXIT_CODE}=2"><ent r="3" t="14" w="1106" /><ent r="3" t="44" w="558" /><ent r="3" t="48" w="239" /><ent r="3" t="49" w="638" /></phr></stem><stem n="{exit_code}=1"><phr n="{EXIT_CODE}=1"><ent r="3" t="14" w="1111" /><ent r="3" t="44" w="563" /><ent r="3" t="48" w="244" /><ent r="3" t="49" w="643" /></phr></stem><stem n="okai"><phr n="okay"><ent r="3" t="14" w="1112" /><ent r="4" t="17" w="134" /><ent r="3" t="17" w="202" /><ent r="3" t="29" w="1055" /><ent r="4" t="42" w="56" /><ent r="3" t="44" w="264" /><ent r="3" t="44" w="564" /><ent r="3" t="44" w="820" /><ent r="3" t="45" w="193" /><ent r="3" t="46" w="405" /><ent r="3" t="48" w="245" /><ent r="3" t="49" w="644" /></phr><phr n="OKAY"><ent r="100" t="37" w="1499" /><ent r="3" t="37" w="1505" /><ent r="4" t="37" w="1647" /><ent r="3" t="37" w="3405" /><ent r="100" t="37" w="3973" /><ent r="3" t="37" w="3977" /><ent r="100" t="39" w="498" /><ent r="3" t="39" w="501" /><ent r="3" t="44" w="590" /><ent r="3" t="44" w="601" /></phr><phr n="Okay"><ent r="3" t="47" w="143" /></phr></stem><stem n="{exit_code}=0"><phr n="{EXIT_CODE}=0"><ent r="3" t="14" w="1116" /><ent r="3" t="44" w="568" /><ent r="3" t="48" w="249" /><ent r="3" t="49" w="648" /></phr></stem><stem n="/command-exit&gt;"><phr n="/command-exit&gt;"><ent r="3" t="14" w="1118" /><ent r="3" t="44" w="570" /><ent r="3" t="44" w="826" /><ent r="3" t="45" w="199" /><ent r="3" t="46" w="411" /><ent r="3" t="48" w="251" /><ent r="3" t="49" w="650" /></phr></stem><stem n="command-exit&gt;"><phr n="command-exit&gt;"><ent r="3" t="14" w="1118" /><ent r="3" t="44" w="570" /><ent r="3" t="44" w="826" /><ent r="3" t="45" w="199" /><ent r="3" t="46" w="411" /><ent r="3" t="48" w="251" /><ent r="3" t="49" w="650" /></phr></stem><stem n="&lt;/b5"><phr n="&lt;/b5"><ent r="3" t="14" w="1122" /><ent r="3" t="14" w="1117" /></phr><phr n="&lt;/B5"><ent r="3" t="32" w="1515" /><ent r="3" t="32" w="1508" /><ent r="3" t="45" w="203" /><ent r="3" t="45" w="198" /><ent r="3" t="48" w="255" /><ent r="3" t="48" w="250" /></phr></stem><stem n="\b5\"><phr n="\b5\"><ent r="3" t="14" w="1123" /><ent r="3" t="49" w="656" /></phr><phr n="\B5\"><ent r="3" t="27" w="418" /></phr></stem><stem n="numericparam"><phr n="numericParam"><ent r="3" t="14" w="1128" /></phr></stem><stem n="search"><phr n="Search"><ent r="3" t="14" w="1130" /><ent r="4" t="56" w="756" /></phr><phr n="search"><ent r="3" t="14" w="1246" /><ent r="4" t="25" w="289" /><ent r="3" t="37" w="1868" /><ent r="3" t="37" w="2365" /></phr><phr n="Searches"><ent r="4" t="37" w="246" /><ent r="4" t="37" w="263" /></phr><phr n="searches"><ent r="6" t="70" w="1225" /></phr></stem><stem n="/command-display&gt;"><phr n="/command-display&gt;"><ent r="3" t="14" w="1136" /><ent r="3" t="44" w="575" /><ent r="3" t="44" w="833" /><ent r="3" t="45" w="217" /><ent r="3" t="46" w="416" /><ent r="3" t="48" w="267" /><ent r="3" t="49" w="667" /></phr></stem><stem n="command-display&gt;"><phr n="command-display&gt;"><ent r="3" t="14" w="1136" /><ent r="3" t="44" w="575" /><ent r="3" t="44" w="833" /><ent r="3" t="45" w="217" /><ent r="3" t="46" w="416" /><ent r="3" t="48" w="267" /><ent r="3" t="49" w="667" /></phr></stem><stem n="&lt;/&lt;tool"><phr n="&lt;/&lt;tool"><ent r="3" t="14" w="1138" /><ent r="3" t="14" w="1135" /><ent r="3" t="44" w="835" /><ent r="3" t="44" w="832" /></phr></stem><stem n="&lt;tool"><phr n="&lt;tool"><ent r="3" t="14" w="1138" /><ent r="3" t="44" w="55" /><ent r="3" t="44" w="258" /><ent r="4" t="44" w="315" /><ent r="3" t="44" w="577" /><ent r="3" t="44" w="835" /><ent r="3" t="46" w="419" /><ent r="5" t="49" w="304" /><ent r="3" t="49" w="670" /></phr><phr n="&lt;tools"><ent r="4" t="46" w="173" /></phr></stem><stem n=":persistent.py&gt;"><phr n=":persistent.py&gt;"><ent r="3" t="14" w="1140" /></phr></stem><stem n="persistent.py&gt;"><phr n="persistent.py&gt;"><ent r="3" t="14" w="1140" /><ent r="3" t="14" w="1139" /></phr></stem><stem n="py&gt;"><phr n="py&gt;"><ent r="3" t="14" w="1140" /><ent r="3" t="44" w="260" /><ent r="3" t="44" w="271" /><ent r="4" t="44" w="317" /><ent r="4" t="44" w="324" /><ent r="3" t="44" w="580" /><ent r="3" t="44" w="692" /><ent r="4" t="46" w="175" /><ent r="3" t="46" w="421" /><ent r="3" t="46" w="496" /><ent r="3" t="49" w="673" /><ent r="3" t="49" w="943" /></phr></stem><stem n="usr"><phr n="usr"><ent r="3" t="14" w="1141" /><ent r="5" t="46" w="112" /><ent r="3" t="46" w="423" /></phr></stem><stem n="usr/loc"><phr n="usr/local"><ent r="3" t="14" w="1142" /><ent r="3" t="14" w="1141" /><ent r="5" t="46" w="113" /><ent r="5" t="46" w="112" /><ent r="3" t="46" w="424" /><ent r="3" t="46" w="423" /></phr></stem><stem n="usr/local/imdc"><phr n="usr/local/imdc"><ent r="3" t="14" w="1143" /><ent r="3" t="14" w="1141" /><ent r="5" t="46" w="114" /><ent r="5" t="46" w="112" /><ent r="3" t="46" w="425" /><ent r="3" t="46" w="423" /></phr></stem><stem n="imdc"><phr n="imdc"><ent r="3" t="14" w="1143" /><ent r="3" t="14" w="1147" /><ent r="5" t="46" w="114" /><ent r="5" t="46" w="118" /><ent r="5" t="46" w="132" /><ent r="3" t="46" w="425" /><ent r="3" t="46" w="429" /></phr><phr n="IMDC"><ent r="3" t="14" w="1158" /><ent r="4" t="49" w="242" /><ent r="4" t="49" w="246" /><ent r="4" t="49" w="268" /></phr></stem><stem n="usr/local/imdc/cor"><phr n="usr/local/imdc/core"><ent r="3" t="14" w="1144" /><ent r="3" t="14" w="1141" /><ent r="5" t="46" w="115" /><ent r="5" t="46" w="112" /><ent r="3" t="46" w="426" /><ent r="3" t="46" w="423" /></phr></stem><stem n="core"><phr n="core"><ent r="3" t="14" w="1144" /><ent r="5" t="46" w="115" /><ent r="5" t="46" w="130" /><ent r="3" t="46" w="426" /></phr></stem><stem n="usr/local/imdc/core/python"><phr n="usr/local/imdc/core/python"><ent r="3" t="14" w="1145" /><ent r="3" t="14" w="1141" /><ent r="5" t="46" w="116" /><ent r="5" t="46" w="112" /><ent r="3" t="46" w="427" /><ent r="3" t="46" w="423" /></phr></stem><stem n="usr/local/imdc/core/python/bin"><phr n="usr/local/imdc/core/python/bin"><ent r="3" t="14" w="1146" /><ent r="3" t="14" w="1141" /><ent r="5" t="46" w="117" /><ent r="5" t="46" w="112" /><ent r="3" t="46" w="428" /><ent r="3" t="46" w="423" /></phr></stem><stem n="bin"><phr n="bin"><ent r="3" t="14" w="1146" /><ent r="3" t="45" w="23" /><ent r="5" t="46" w="117" /><ent r="3" t="46" w="428" /><ent r="3" t="61" w="463" /></phr></stem><stem n="#!/usr/local/imdc/core/python/bin/imdc"><phr n="#!/usr/local/imdc/core/python/bin/imdc"><ent r="3" t="14" w="1147" /></phr></stem><stem n="usr/local/imdc/core/python/bin/imdc"><phr n="usr/local/imdc/core/python/bin/imdc"><ent r="3" t="14" w="1147" /><ent r="3" t="14" w="1141" /><ent r="5" t="46" w="118" /><ent r="5" t="46" w="112" /><ent r="3" t="46" w="429" /><ent r="3" t="46" w="423" /></phr></stem></index>