<?xml version="1.0" encoding="utf-8"?><index><stem n="&quot;7&quot;"><phr n="&quot;7&quot;"><ent r="3" t="40" w="1153" /><ent r="3" t="54" w="433" /></phr></stem><stem n="&quot;-h"><phr n="&quot;-H"><ent r="3" t="40" w="1169" /><ent r="5" t="41" w="360" /></phr></stem><stem n="{timeout}&quot;"><phr n="{Timeout}&quot;"><ent r="3" t="40" w="1172" /></phr></stem><stem n="ps"><phr n="ps"><ent r="4" t="40" w="1206" /><ent r="4" t="41" w="206" /><ent r="4" t="41" w="443" /></phr></stem><stem n="vulner"><phr n="vulnerability"><ent r="3" t="40" w="1237" /><ent r="3" t="40" w="1261" /><ent r="4" t="41" w="212" /><ent r="4" t="41" w="226" /><ent r="3" t="41" w="474" /><ent r="3" t="41" w="489" /></phr></stem><stem n="script/command"><phr n="script/command"><ent r="4" t="41" w="47" /><ent r="4" t="41" w="46" /><ent r="4" t="41" w="57" /><ent r="4" t="41" w="56" /><ent r="4" t="41" w="70" /><ent r="4" t="41" w="69" /><ent r="4" t="41" w="83" /><ent r="4" t="41" w="82" /></phr></stem><stem n="script/command."><phr n="script/command."><ent r="4" t="41" w="47" /><ent r="4" t="41" w="46" /><ent r="4" t="41" w="57" /><ent r="4" t="41" w="56" /><ent r="4" t="41" w="70" /><ent r="4" t="41" w="69" /><ent r="4" t="41" w="83" /><ent r="4" t="41" w="82" /></phr></stem><stem n="/command."><phr n="/command."><ent r="4" t="41" w="48" /><ent r="4" t="41" w="58" /><ent r="4" t="41" w="71" /><ent r="4" t="41" w="84" /></phr></stem><stem n="environ"><phr n="environment"><ent r="4" t="41" w="128" /><ent r="4" t="41" w="144" /><ent r="65" t="70" w="88" /><ent r="93" t="70" w="653" /></phr></stem><stem n="&quot;\&quot;"><phr n="&quot;\&quot;"><ent r="4" t="41" w="167" /><ent r="3" t="61" w="1136" /></phr></stem><stem n="&quot;;&quot;"><phr n="&quot;;&quot;"><ent r="4" t="41" w="170" /></phr></stem><stem n="/tool"><phr n="/Tools"><ent r="5" t="41" w="183" /><ent r="3" t="46" w="217" /></phr></stem><stem n="settings/tool"><phr n="Settings/Tools"><ent r="5" t="41" w="183" /><ent r="5" t="41" w="182" /><ent r="3" t="46" w="217" /><ent r="3" t="46" w="216" /></phr></stem><stem n="'ps'"><phr n="'ps'"><ent r="4" t="41" w="207" /></phr></stem><stem n="check_p"><phr n="check_ping"><ent r="4" t="41" w="264" /><ent r="4" t="41" w="263" /><ent r="5" t="41" w="357" /><ent r="5" t="41" w="356" /><ent r="3" t="48" w="190" /><ent r="3" t="48" w="189" /></phr></stem><stem n="&quot;check_ping&quot;."><phr n="&quot;check_ping&quot;."><ent r="4" t="41" w="265" /></phr></stem><stem n="exact"><phr n="exact"><ent r="4" t="41" w="272" /></phr></stem><stem n="extens"><phr n="extensions"><ent r="4" t="41" w="276" /><ent r="6" t="58" w="269" /><ent r="6" t="61" w="180" /><ent r="3" t="61" w="653" /><ent r="3" t="61" w="1089" /></phr><phr n="extensive"><ent r="3" t="46" w="69" /></phr><phr n="Extensions"><ent r="4" t="58" w="55" /><ent r="6" t="58" w="266" /><ent r="6" t="61" w="177" /><ent r="3" t="61" w="655" /><ent r="3" t="61" w="1091" /></phr></stem><stem n=".cmd."><phr n=".cmd."><ent r="4" t="41" w="282" /></phr></stem><stem n="'d"><phr n="'d"><ent r="4" t="41" w="297" /></phr></stem><stem n="you'd"><phr n="you'd"><ent r="4" t="41" w="297" /><ent r="4" t="41" w="296" /></phr></stem><stem n="&quot;check_ping&quot;"><phr n="&quot;check_ping&quot;"><ent r="5" t="41" w="358" /></phr></stem><stem n="-w"><phr n="-w"><ent r="5" t="41" w="363" /><ent r="5" t="41" w="363" /><ent r="3" t="47" w="628" /><ent r="3" t="47" w="628" /><ent r="3" t="48" w="194" /><ent r="3" t="48" w="194" /></phr></stem><stem n="100,10"><phr n="100,10"><ent r="5" t="41" w="365" /><ent r="5" t="41" w="364" /><ent r="3" t="48" w="196" /><ent r="3" t="48" w="195" /></phr></stem><stem n=",10%"><phr n=",10%"><ent r="5" t="41" w="366" /><ent r="3" t="48" w="197" /></phr></stem><stem n="1000,90"><phr n="1000,90"><ent r="5" t="41" w="368" /><ent r="5" t="41" w="367" /><ent r="3" t="48" w="199" /><ent r="3" t="48" w="198" /></phr></stem><stem n="90"><phr n="90"><ent r="5" t="41" w="368" /><ent r="3" t="48" w="199" /></phr></stem><stem n=",90%&quot;"><phr n=",90%&quot;"><ent r="5" t="41" w="369" /><ent r="3" t="48" w="200" /></phr></stem><stem n="&quot;${address}&quot;"><phr n="&quot;${ADDRESS}&quot;"><ent r="3" t="41" w="403" /></phr></stem><stem n="&quot;${port}&quot;"><phr n="&quot;${PORT}&quot;"><ent r="3" t="41" w="423" /></phr></stem><stem n="mechan"><phr n="mechanism"><ent r="3" t="41" w="492" /><ent r="3" t="71" w="195" /></phr></stem><stem n="channel"><phr n="channel"><ent r="3" t="41" w="497" /></phr></stem><stem n="-phrase"><phr n="-phrases"><ent r="3" t="41" w="509" /><ent r="3" t="41" w="509" /></phr></stem><stem n="pass-phras"><phr n="pass-phrases"><ent r="3" t="41" w="509" /></phr></stem><stem n="phrase"><phr n="phrases"><ent r="3" t="41" w="510" /></phr></stem><stem n="candid"><phr n="candidates"><ent r="3" t="41" w="513" /></phr></stem><stem n="&quot;executable&quot;"><phr n="&quot;executable&quot;"><ent r="3" t="41" w="525" /></phr></stem><stem n="&quot;${user}"><phr n="&quot;${User}"><ent r="3" t="41" w="528" /></phr></stem><stem n="{password}&quot;"><phr n="{Password}&quot;"><ent r="3" t="41" w="530" /></phr></stem><stem n="_code"><phr n="_CODE"><ent r="100" t="42" w="46" /></phr></stem><stem n="{exit_code}."><phr n="{EXIT_CODE}."><ent r="3" t="42" w="104" /></phr></stem><stem n="&quot;to"><phr n="&quot;To"><ent r="3" t="42" w="119" /></phr></stem><stem n="criteria"><phr n="criteria"><ent r="3" t="42" w="145" /></phr></stem><stem n="&quot;unknown&quot;."><phr n="&quot;unknown&quot;."><ent r="3" t="42" w="161" /></phr></stem><stem n="{chartable:...}"><phr n="{chartable:...}"><ent r="3" t="43" w="53" /></phr></stem><stem n="maintain"><phr n="maintain"><ent r="3" t="44" w="44" /></phr></stem><stem n=":scriptname&gt;"><phr n=":scriptname&gt;"><ent r="3" t="44" w="56" /></phr></stem><stem n="scriptname&gt;"><phr n="scriptname&gt;"><ent r="3" t="44" w="56" /><ent r="3" t="44" w="61" /></phr></stem><stem n="[script"><phr n="[script"><ent r="3" t="44" w="57" /><ent r="4" t="44" w="80" /></phr></stem><stem n="&lt;/tool"><phr n="&lt;/tool"><ent r="3" t="44" w="60" /><ent r="3" t="44" w="59" /><ent r="3" t="44" w="269" /><ent r="3" t="44" w="268" /><ent r="4" t="44" w="322" /><ent r="4" t="44" w="321" /><ent r="3" t="44" w="689" /><ent r="3" t="44" w="688" /><ent r="3" t="44" w="941" /><ent r="3" t="44" w="940" /><ent r="3" t="46" w="494" /><ent r="3" t="46" w="493" /><ent r="3" t="49" w="940" /><ent r="3" t="49" w="939" /></phr></stem><stem n="/tool:scriptname&gt;"><phr n="/tool:scriptname&gt;"><ent r="3" t="44" w="61" /></phr></stem><stem n="scriptnam"><phr n="scriptname"><ent r="4" t="44" w="65" /><ent r="4" t="44" w="145" /></phr></stem><stem n="subdirectori"><phr n="subdirectory"><ent r="3" t="44" w="126" /><ent r="3" t="44" w="142" /><ent r="3" t="44" w="154" /><ent r="3" t="44" w="280" /><ent r="4" t="61" w="457" /></phr><phr n="subdirectories"><ent r="3" t="44" w="183" /></phr></stem><stem n="-hidden"><phr n="-hidden"><ent r="3" t="44" w="161" /><ent r="3" t="44" w="161" /></phr></stem><stem n="non-hidden"><phr n="non-hidden"><ent r="3" t="44" w="161" /></phr></stem><stem n="delet"><phr n="deleted"><ent r="3" t="44" w="165" /></phr><phr n="Deleted"><ent r="4" t="58" w="81" /></phr><phr n="Delete"><ent r="3" t="76" w="9" /></phr></stem><stem n="overwritten"><phr n="overwritten"><ent r="3" t="44" w="191" /><ent r="7" t="68" w="528" /></phr></stem><stem n="trivial"><phr n="trivial"><ent r="3" t="44" w="201" /></phr><phr n="Trivial"><ent r="3" t="44" w="261" /></phr></stem><stem n="com.dartware.cmdlin"><phr n="com.dartware.cmdline"><ent r="4" t="44" w="216" /><ent r="4" t="44" w="214" /><ent r="4" t="44" w="287" /><ent r="4" t="44" w="285" /></phr></stem><stem n="cmdline"><phr n="cmdline"><ent r="4" t="44" w="216" /><ent r="4" t="44" w="287" /></phr></stem><stem n=".dartware.cmdline.test"><phr n=".dartware.cmdline.test"><ent r="4" t="44" w="217" /><ent r="4" t="44" w="288" /></phr></stem><stem n="com.dartware.cmdline.test"><phr n="com.dartware.cmdline.test"><ent r="4" t="44" w="217" /><ent r="4" t="44" w="214" /><ent r="4" t="44" w="288" /><ent r="4" t="44" w="285" /></phr></stem><stem n="=&quot;python"><phr n="=&quot;python"><ent r="3" t="44" w="235" /></phr></stem><stem n="test.pi"><phr n="test.py"><ent r="3" t="44" w="237" /><ent r="3" t="44" w="236" /><ent r="3" t="44" w="250" /><ent r="3" t="44" w="249" /><ent r="3" t="44" w="305" /><ent r="3" t="44" w="304" /></phr></stem><stem n=".py&quot;"><phr n=".py&quot;"><ent r="3" t="44" w="238" /><ent r="3" t="44" w="251" /><ent r="5" t="49" w="215" /></phr></stem><stem n=":test.py&gt;"><phr n=":test.py&gt;"><ent r="3" t="44" w="260" /><ent r="4" t="44" w="317" /></phr></stem><stem n="test.py&gt;"><phr n="test.py&gt;"><ent r="3" t="44" w="260" /><ent r="3" t="44" w="259" /><ent r="3" t="44" w="271" /><ent r="3" t="44" w="270" /><ent r="4" t="44" w="317" /><ent r="4" t="44" w="316" /><ent r="4" t="44" w="324" /><ent r="4" t="44" w="323" /></phr></stem><stem n="&quot;okay&quot;"><phr n="&quot;okay&quot;"><ent r="3" t="44" w="265" /></phr></stem><stem n="rais"><phr n="raise"><ent r="3" t="44" w="265" /></phr></stem><stem n="systemexit"><phr n="SystemExit"><ent r="3" t="44" w="266" /></phr></stem><stem n="/tool:test.py&gt;"><phr n="/tool:test.py&gt;"><ent r="3" t="44" w="271" /><ent r="4" t="44" w="324" /></phr></stem><stem n="&quot;test.py&quot;"><phr n="&quot;test.py&quot;"><ent r="3" t="44" w="306" /></phr></stem><stem n="check_connect"><phr n="check_connect"><ent r="3" t="44" w="434" /><ent r="3" t="44" w="433" /><ent r="3" t="44" w="516" /><ent r="3" t="44" w="515" /><ent r="3" t="44" w="579" /><ent r="3" t="44" w="578" /><ent r="3" t="44" w="622" /><ent r="3" t="44" w="621" /><ent r="3" t="44" w="691" /><ent r="3" t="44" w="690" /></phr></stem><stem n="com.dartware.commandlin"><phr n="com.dartware.commandline"><ent r="3" t="44" w="437" /><ent r="3" t="44" w="435" /></phr></stem><stem n="commandlin"><phr n="commandline"><ent r="3" t="44" w="437" /><ent r="3" t="44" w="459" /><ent r="3" t="44" w="718" /></phr></stem><stem n="com.dartware.commandline.check"><phr n="com.dartware.commandline.check"><ent r="3" t="44" w="438" /><ent r="3" t="44" w="435" /></phr></stem><stem n="com.dartware.commandline.check_connect"><phr n="com.dartware.commandline.check_connect"><ent r="3" t="44" w="439" /><ent r="3" t="44" w="435" /></phr></stem><stem n="com.dartware.commandline.check_connect.txt"><phr n="com.dartware.commandline.check_connect.txt"><ent r="3" t="44" w="440" /><ent r="3" t="44" w="435" /></phr></stem><stem n="(com.dartware.commandline.check_connect.txt)"><phr n="(com.dartware.commandline.check_connect.txt)"><ent r="3" t="44" w="441" /></phr></stem><stem n="2009"><phr n="2009"><ent r="3" t="44" w="443" /><ent r="3" t="44" w="702" /><ent r="3" t="49" w="494" /><ent r="3" t="49" w="705" /></phr></stem><stem n="commandline.check"><phr n="commandline.check"><ent r="3" t="44" w="460" /><ent r="3" t="44" w="459" /><ent r="3" t="44" w="719" /><ent r="3" t="44" w="718" /></phr></stem><stem n="commandline.check_connect"><phr n="commandline.check_connect"><ent r="3" t="44" w="461" /><ent r="3" t="44" w="459" /></phr></stem><stem n="&quot;commandline.check_connect&quot;"><phr n="&quot;commandline.check_connect&quot;"><ent r="3" t="44" w="462" /></phr></stem><stem n="&quot;check"><phr n="&quot;Check"><ent r="3" t="44" w="464" /><ent r="3" t="44" w="723" /></phr></stem><stem n="&quot;miscellaneous/test/check"><phr n="&quot;Miscellaneous/Test/Check"><ent r="3" t="44" w="476" /><ent r="3" t="44" w="735" /></phr></stem><stem n="miscellaneous/test/check"><phr n="Miscellaneous/Test/Check"><ent r="3" t="44" w="476" /><ent r="3" t="44" w="474" /><ent r="3" t="44" w="735" /><ent r="3" t="44" w="733" /></phr></stem><stem n="\gb\check"><phr n="\GB\Check"><ent r="3" t="44" w="482" /><ent r="3" t="44" w="744" /></phr></stem><stem n="check_port"><phr n="CHECK_PORT"><ent r="3" t="44" w="505" /><ent r="3" t="44" w="504" /><ent r="3" t="44" w="522" /><ent r="3" t="44" w="521" /></phr></stem><stem n="&quot;check_port&quot;"><phr n="&quot;CHECK_PORT&quot;"><ent r="3" t="44" w="506" /></phr></stem><stem n="&quot;80&quot;"><phr n="&quot;80&quot;"><ent r="3" t="44" w="507" /></phr></stem><stem n="=${python}"><phr n="=${PYTHON}"><ent r="3" t="44" w="514" /></phr></stem><stem n="=&quot;check_connect.pi"><phr n="=&quot;check_connect.py"><ent r="3" t="44" w="517" /></phr></stem><stem n="check_connect.pi"><phr n="check_connect.py"><ent r="3" t="44" w="517" /><ent r="3" t="44" w="515" /></phr></stem><stem n="{check_port}&quot;"><phr n="{CHECK_PORT}&quot;"><ent r="3" t="44" w="523" /></phr></stem><stem n="-data&gt;"><phr n="-data&gt;"><ent r="3" t="44" w="526" /><ent r="3" t="44" w="526" /><ent r="3" t="44" w="791" /><ent r="3" t="44" w="791" /></phr></stem><stem n="&lt;command-data&gt;"><phr n="&lt;command-data&gt;"><ent r="3" t="44" w="526" /><ent r="3" t="44" w="791" /></phr></stem><stem n="data&gt;"><phr n="data&gt;"><ent r="3" t="44" w="527" /><ent r="3" t="44" w="532" /><ent r="3" t="44" w="792" /><ent r="3" t="44" w="797" /></phr></stem><stem n="&lt;/current"><phr n="&lt;/Currently"><ent r="3" t="44" w="528" /><ent r="3" t="44" w="523" /><ent r="3" t="44" w="793" /><ent r="3" t="44" w="788" /></phr></stem><stem n="/command-data&gt;"><phr n="/command-data&gt;"><ent r="3" t="44" w="531" /><ent r="3" t="44" w="796" /></phr></stem><stem n="command-data&gt;"><phr n="command-data&gt;"><ent r="3" t="44" w="531" /><ent r="3" t="44" w="796" /></phr></stem><stem n="&lt;/&lt;"><phr n="&lt;/&lt;"><ent r="3" t="44" w="574" /><ent r="3" t="44" w="569" /><ent r="3" t="46" w="415" /><ent r="3" t="46" w="410" /></phr></stem><stem n="&lt;/&lt;/&lt;tool"><phr n="&lt;/&lt;/&lt;tool"><ent r="3" t="44" w="577" /><ent r="3" t="44" w="569" /></phr></stem><stem n=":check_connect.py&gt;"><phr n=":check_connect.py&gt;"><ent r="3" t="44" w="580" /></phr></stem><stem n="check_connect.py&gt;"><phr n="check_connect.py&gt;"><ent r="3" t="44" w="580" /><ent r="3" t="44" w="578" /><ent r="3" t="44" w="692" /><ent r="3" t="44" w="690" /></phr></stem><stem n="socket"><phr n="socket"><ent r="3" t="44" w="584" /><ent r="3" t="44" w="630" /><ent r="3" t="44" w="631" /><ent r="3" t="44" w="632" /><ent r="3" t="44" w="635" /></phr></stem><stem n=".argv[1]"><phr n=".argv[1]"><ent r="3" t="44" w="608" /><ent r="3" t="46" w="461" /></phr></stem><stem n="(sys.argv[2])"><phr n="(sys.argv[2])"><ent r="3" t="44" w="616" /></phr></stem><stem n="&quot;usage:"><phr n="&quot;Usage:"><ent r="3" t="44" w="621" /><ent r="3" t="44" w="863" /><ent r="3" t="46" w="449" /><ent r="3" t="61" w="515" /></phr></stem><stem n=".exit(down)"><phr n=".exit(DOWN)"><ent r="3" t="44" w="628" /></phr></stem><stem n="socket.socket"><phr n="socket.socket"><ent r="3" t="44" w="631" /><ent r="3" t="44" w="630" /></phr></stem><stem n="socket.af"><phr n="socket.AF"><ent r="3" t="44" w="633" /><ent r="3" t="44" w="632" /></phr></stem><stem n="af"><phr n="AF"><ent r="3" t="44" w="633" /></phr></stem><stem n="socket.af_inet"><phr n="socket.AF_INET"><ent r="3" t="44" w="634" /><ent r="3" t="44" w="632" /></phr></stem><stem n="inet"><phr n="INET"><ent r="3" t="44" w="634" /></phr></stem><stem n="socket.af_inet,"><phr n="socket.AF_INET,"><ent r="3" t="44" w="634" /><ent r="3" t="44" w="632" /></phr></stem><stem n=".socket(socket.af_inet,"><phr n=".socket(socket.AF_INET,"><ent r="3" t="44" w="635" /></phr></stem><stem n="socket.sock"><phr n="socket.SOCK"><ent r="3" t="44" w="636" /><ent r="3" t="44" w="635" /></phr></stem><stem n="sock"><phr n="SOCK"><ent r="3" t="44" w="636" /></phr></stem><stem n="socket.sock_stream"><phr n="socket.SOCK_STREAM"><ent r="3" t="44" w="637" /><ent r="3" t="44" w="635" /></phr></stem><stem n=".sock_stream)"><phr n=".SOCK_STREAM)"><ent r="3" t="44" w="638" /></phr></stem><stem n="s.connect"><phr n="s.connect"><ent r="3" t="44" w="639" /><ent r="3" t="44" w="638" /></phr></stem><stem n=".connect((host,"><phr n=".connect((host,"><ent r="3" t="44" w="641" /></phr></stem><stem n="))"><phr n="))"><ent r="3" t="44" w="642" /><ent r="3" t="61" w="1292" /></phr></stem><stem n="s.close"><phr n="s.close"><ent r="3" t="44" w="643" /><ent r="3" t="44" w="642" /></phr></stem><stem n=".close()"><phr n=".close()"><ent r="3" t="44" w="644" /></phr></stem><stem n="ioerror"><phr n="IOError"><ent r="3" t="44" w="645" /><ent r="3" t="49" w="831" /></phr></stem><stem n="hasattr"><phr n="hasattr"><ent r="3" t="44" w="650" /><ent r="3" t="44" w="659" /><ent r="3" t="49" w="834" /><ent r="3" t="49" w="854" /></phr></stem><stem n="(e,"><phr n="(e,"><ent r="3" t="44" w="652" /><ent r="3" t="44" w="661" /><ent r="3" t="49" w="836" /><ent r="3" t="49" w="856" /></phr></stem><stem n="'reason'):"><phr n="'reason'):"><ent r="3" t="44" w="653" /><ent r="3" t="49" w="837" /></phr></stem><stem n="'reason:"><phr n="'Reason:"><ent r="3" t="44" w="655" /><ent r="3" t="49" w="846" /></phr></stem><stem n=".reason"><phr n=".reason"><ent r="3" t="44" w="657" /></phr></stem><stem n="e.reason"><phr n="e.reason"><ent r="3" t="44" w="657" /><ent r="3" t="44" w="656" /><ent r="3" t="49" w="851" /><ent r="3" t="49" w="850" /></phr></stem><stem n="elif"><phr n="elif"><ent r="3" t="44" w="658" /><ent r="3" t="49" w="853" /></phr></stem><stem n="'code'):"><phr n="'code'):"><ent r="3" t="44" w="662" /><ent r="3" t="49" w="857" /></phr></stem><stem n="e.cod"><phr n="e.code"><ent r="3" t="44" w="665" /><ent r="3" t="44" w="664" /><ent r="3" t="49" w="871" /><ent r="3" t="49" w="870" /></phr></stem><stem n="(e.code)"><phr n="(e.code)"><ent r="3" t="44" w="666" /><ent r="3" t="49" w="872" /></phr></stem><stem n="&quot;unknown&quot;"><phr n="&quot;unknown&quot;"><ent r="3" t="44" w="669" /></phr></stem><stem n="&quot;error"><phr n="&quot;Error"><ent r="3" t="44" w="670" /><ent r="3" t="44" w="926" /></phr></stem><stem n="(&quot;"><phr n="(&quot;"><ent r="3" t="44" w="671" /><ent r="3" t="70" w="1790" /></phr></stem><stem n="(host)"><phr n="(host)"><ent r="3" t="44" w="679" /></phr></stem><stem n="&quot;:&quot;"><phr n="&quot;:&quot;"><ent r="3" t="44" w="680" /><ent r="3" t="61" w="1347" /></phr></stem><stem n="(port)"><phr n="(port)"><ent r="3" t="44" w="683" /></phr></stem><stem n="/tool:check_connect.py&gt;"><phr n="/tool:check_connect.py&gt;"><ent r="3" t="44" w="692" /></phr></stem><stem n="commandline.check_web"><phr n="commandline.check_web"><ent r="3" t="44" w="720" /><ent r="3" t="44" w="718" /></phr></stem><stem n="&quot;commandline.check_web&quot;"><phr n="&quot;commandline.check_web&quot;"><ent r="3" t="44" w="721" /></phr></stem><stem n="_in"><phr n="_in"><ent r="3" t="44" w="738" /></phr></stem><stem n="visible_in"><phr n="visible_in"><ent r="3" t="44" w="738" /><ent r="3" t="44" w="737" /></phr></stem><stem n="&quot;windows&quot;"><phr n="&quot;Windows&quot;"><ent r="3" t="44" w="740" /></phr></stem><stem n="hostnam"><phr n="hostname"><ent r="3" t="44" w="751" /><ent r="3" t="44" w="865" /><ent r="3" t="61" w="347" /></phr></stem><stem n="=&quot;${cscript}"><phr n="=&quot;${CSCRIPT}"><ent r="3" t="44" w="778" /></phr></stem><stem n="check_web"><phr n="check_web"><ent r="3" t="44" w="779" /><ent r="3" t="44" w="778" /><ent r="3" t="44" w="837" /><ent r="3" t="44" w="836" /><ent r="3" t="44" w="864" /><ent r="3" t="44" w="863" /><ent r="3" t="44" w="943" /><ent r="3" t="44" w="942" /></phr></stem><stem n="check_web.vb"><phr n="check_web.vbs"><ent r="3" t="44" w="780" /><ent r="3" t="44" w="778" /></phr></stem><stem n="vb"><phr n="vbs"><ent r="3" t="44" w="780" /><ent r="3" t="61" w="344" /><ent r="3" t="61" w="387" /><ent r="82" t="61" w="875" /></phr></stem><stem n="_web.vbs&quot;"><phr n="_web.vbs&quot;"><ent r="3" t="44" w="781" /></phr></stem><stem n="=&quot;${address}&quot;"><phr n="=&quot;${address}&quot;"><ent r="3" t="44" w="784" /></phr></stem><stem n="{timeout"><phr n="{Timeout"><ent r="3" t="44" w="786" /></phr></stem><stem n="(sec)}"><phr n="(sec)}"><ent r="3" t="44" w="788" /></phr></stem><stem n="&lt;/down"><phr n="&lt;/down"><ent r="3" t="44" w="800" /><ent r="3" t="44" w="795" /><ent r="3" t="45" w="183" /><ent r="3" t="45" w="178" /><ent r="3" t="46" w="390" /><ent r="3" t="46" w="385" /></phr></stem><stem n=":${exit_code}=4"><phr n=":${EXIT_CODE}=4"><ent r="3" t="44" w="804" /></phr></stem><stem n=":${exit_code}=3"><phr n=":${EXIT_CODE}=3"><ent r="3" t="44" w="809" /><ent r="3" t="46" w="394" /></phr></stem><stem n=":${exit_code}=2"><phr n=":${EXIT_CODE}=2"><ent r="3" t="44" w="814" /><ent r="3" t="46" w="399" /></phr></stem><stem n=":${exit_code}=0"><phr n=":${EXIT_CODE}=0"><ent r="3" t="44" w="824" /><ent r="3" t="46" w="409" /></phr></stem><stem n="&lt;/$"><phr n="&lt;/$"><ent r="3" t="44" w="830" /><ent r="3" t="44" w="825" /></phr></stem><stem n=":check_web.vbs&gt;"><phr n=":check_web.vbs&gt;"><ent r="3" t="44" w="838" /></phr></stem><stem n="check_web.vbs&gt;"><phr n="check_web.vbs&gt;"><ent r="3" t="44" w="838" /><ent r="3" t="44" w="836" /><ent r="3" t="44" w="944" /><ent r="3" t="44" w="942" /></phr></stem><stem n="vbs&gt;"><phr n="vbs&gt;"><ent r="3" t="44" w="838" /><ent r="3" t="44" w="944" /></phr></stem><stem n="dim"><phr n="Dim"><ent r="3" t="44" w="839" /><ent r="3" t="61" w="886" /><ent r="3" t="61" w="892" /><ent r="3" t="61" w="900" /><ent r="3" t="61" w="1194" /><ent r="3" t="61" w="1255" /><ent r="3" t="61" w="1328" /><ent r="3" t="61" w="1363" /></phr></stem><stem n="createobject"><phr n="CreateObject"><ent r="3" t="44" w="846" /><ent r="3" t="61" w="1199" /><ent r="3" t="61" w="1263" /><ent r="3" t="61" w="1367" /></phr></stem><stem n="winhttp"><phr n="WinHttp"><ent r="3" t="44" w="847" /><ent r="3" t="61" w="1200" /></phr></stem><stem n="winhttp.winhttprequest"><phr n="WinHttp.WinHttpRequest"><ent r="3" t="44" w="848" /><ent r="3" t="44" w="847" /><ent r="3" t="61" w="1201" /><ent r="3" t="61" w="1200" /></phr></stem><stem n="winhttprequest"><phr n="WinHttpRequest"><ent r="3" t="44" w="848" /><ent r="3" t="61" w="1201" /></phr></stem><stem n="winhttp.winhttprequest.5"><phr n="WinHttp.WinHttpRequest.5"><ent r="3" t="44" w="849" /><ent r="3" t="44" w="847" /><ent r="3" t="61" w="1202" /><ent r="3" t="61" w="1200" /></phr></stem><stem n="winhttp.winhttprequest.5.1"><phr n="WinHttp.WinHttpRequest.5.1"><ent r="3" t="44" w="850" /><ent r="3" t="44" w="847" /><ent r="3" t="61" w="1203" /><ent r="3" t="61" w="1200" /></phr></stem><stem n="(&quot;winhttp.winhttprequest.5.1&quot;)"><phr n="(&quot;WinHttp.WinHttpRequest.5.1&quot;)"><ent r="3" t="44" w="851" /><ent r="3" t="61" w="1204" /></phr></stem><stem n="numarg"><phr n="numargs"><ent r="3" t="44" w="851" /><ent r="3" t="44" w="856" /></phr></stem><stem n="wscript"><phr n="wscript"><ent r="3" t="44" w="852" /><ent r="3" t="44" w="860" /><ent r="3" t="44" w="866" /><ent r="3" t="44" w="874" /><ent r="3" t="44" w="924" /><ent r="3" t="44" w="933" /><ent r="3" t="44" w="937" /></phr><phr n="WScript"><ent r="3" t="61" w="909" /><ent r="3" t="61" w="916" /><ent r="3" t="61" w="922" /><ent r="3" t="61" w="933" /><ent r="3" t="61" w="938" /><ent r="3" t="61" w="945" /><ent r="3" t="61" w="956" /><ent r="3" t="61" w="963" /><ent r="3" t="61" w="971" /><ent r="3" t="61" w="978" /><ent r="3" t="61" w="986" /><ent r="3" t="61" w="994" /></phr></stem><stem n="wscript.argu"><phr n="wscript.arguments"><ent r="3" t="44" w="853" /><ent r="3" t="44" w="852" /><ent r="3" t="44" w="875" /><ent r="3" t="44" w="874" /></phr><phr n="WScript.Arguments"><ent r="3" t="61" w="910" /><ent r="3" t="61" w="909" /><ent r="3" t="61" w="917" /><ent r="3" t="61" w="916" /><ent r="3" t="61" w="939" /><ent r="3" t="61" w="938" /><ent r="3" t="61" w="946" /><ent r="3" t="61" w="945" /><ent r="3" t="61" w="957" /><ent r="3" t="61" w="956" /><ent r="3" t="61" w="964" /><ent r="3" t="61" w="963" /><ent r="3" t="61" w="972" /><ent r="3" t="61" w="971" /><ent r="3" t="61" w="979" /><ent r="3" t="61" w="978" /><ent r="3" t="61" w="987" /><ent r="3" t="61" w="986" /><ent r="3" t="61" w="995" /><ent r="3" t="61" w="994" /></phr></stem><stem n=".arguments.count"><phr n=".arguments.count"><ent r="3" t="44" w="854" /></phr></stem><stem n="wscript.arguments.count"><phr n="wscript.arguments.count"><ent r="3" t="44" w="854" /><ent r="3" t="44" w="852" /></phr></stem><stem n="(numarg"><phr n="(numargs"><ent r="3" t="44" w="856" /></phr></stem><stem n=".echo"><phr n=".Echo"><ent r="3" t="44" w="861" /><ent r="3" t="44" w="925" /><ent r="3" t="44" w="934" /><ent r="3" t="61" w="923" /></phr></stem><stem n="wscript.echo"><phr n="wscript.Echo"><ent r="3" t="44" w="861" /><ent r="3" t="44" w="860" /><ent r="3" t="44" w="925" /><ent r="3" t="44" w="924" /><ent r="3" t="44" w="934" /><ent r="3" t="44" w="933" /></phr><phr n="WScript.Echo"><ent r="3" t="61" w="923" /><ent r="3" t="61" w="922" /></phr></stem><stem n="_web"><phr n="_web"><ent r="3" t="44" w="864" /></phr></stem><stem n="wscript.quit"><phr n="wscript.quit"><ent r="3" t="44" w="867" /><ent r="3" t="44" w="866" /><ent r="3" t="44" w="938" /><ent r="3" t="44" w="937" /></phr><phr n="WScript.Quit"><ent r="3" t="61" w="934" /><ent r="3" t="61" w="933" /></phr></stem><stem n=".quit(4)"><phr n=".quit(4)"><ent r="3" t="44" w="869" /></phr></stem><stem n="&quot;http://&quot;"><phr n="&quot;http://&quot;"><ent r="3" t="44" w="873" /><ent r="3" t="61" w="1339" /></phr></stem><stem n=".arguments(0)"><phr n=".arguments(0)"><ent r="3" t="44" w="877" /></phr></stem><stem n="resum"><phr n="resume"><ent r="3" t="44" w="879" /><ent r="3" t="44" w="888" /></phr></stem><stem n=".open"><phr n=".Open"><ent r="3" t="44" w="882" /><ent r="3" t="61" w="1205" /></phr></stem><stem n="web.open"><phr n="web.Open"><ent r="3" t="44" w="882" /><ent r="3" t="44" w="881" /></phr></stem><stem n="&quot;get&quot;,"><phr n="&quot;GET&quot;,"><ent r="3" t="44" w="884" /><ent r="3" t="61" w="1207" /></phr></stem><stem n=".send"><phr n=".Send"><ent r="3" t="44" w="891" /><ent r="3" t="61" w="1220" /></phr></stem><stem n="web.send"><phr n="web.Send"><ent r="3" t="44" w="891" /><ent r="3" t="44" w="890" /></phr></stem><stem n=".number"><phr n=".Number"><ent r="3" t="44" w="894" /><ent r="3" t="44" w="903" /></phr></stem><stem n="err.numb"><phr n="err.Number"><ent r="3" t="44" w="894" /><ent r="3" t="44" w="893" /><ent r="3" t="44" w="903" /><ent r="3" t="44" w="902" /></phr></stem><stem n="returncod"><phr n="returncode"><ent r="3" t="44" w="898" /><ent r="3" t="44" w="910" /><ent r="3" t="44" w="913" /><ent r="3" t="44" w="920" /><ent r="3" t="44" w="939" /></phr></stem><stem n=".statu"><phr n=".Status"><ent r="3" t="44" w="907" /><ent r="3" t="61" w="1223" /></phr></stem><stem n="web.statu"><phr n="web.Status"><ent r="3" t="44" w="907" /><ent r="3" t="44" w="906" /></phr></stem><stem n="&quot;.&quot;"><phr n="&quot;.&quot;"><ent r="3" t="44" w="932" /></phr></stem><stem n=".quit(returncode)"><phr n=".quit(returncode)"><ent r="3" t="44" w="940" /></phr></stem><stem n="/tool:check_web.vbs&gt;"><phr n="/tool:check_web.vbs&gt;"><ent r="3" t="44" w="944" /></phr></stem><stem n="#!/bin/sh"><phr n="#!/bin/sh"><ent r="3" t="45" w="24" /></phr></stem><stem n="bin/sh"><phr n="bin/sh"><ent r="3" t="45" w="24" /><ent r="3" t="45" w="23" /></phr></stem><stem n="sh"><phr n="sh"><ent r="3" t="45" w="24" /><ent r="3" t="45" w="175" /><ent r="3" t="61" w="269" /><ent r="3" t="61" w="308" /><ent r="82" t="61" w="461" /></phr></stem><stem n="pretend"><phr n="pretend"><ent r="3" t="45" w="36" /></phr><phr n="Pretending"><ent r="3" t="46" w="477" /></phr></stem><stem n="&quot;\$&quot;"><phr n="&quot;\$&quot;"><ent r="3" t="45" w="43" /></phr></stem><stem n="&quot;$&quot;"><phr n="&quot;$&quot;"><ent r="3" t="45" w="47" /><ent r="3" t="45" w="49" /></phr></stem><stem n="\$addr"><phr n="\$addr"><ent r="3" t="45" w="57" /></phr></stem><stem n="$addr"><phr n="$addr"><ent r="3" t="45" w="57" /><ent r="3" t="45" w="210" /></phr></stem><stem n="$1"><phr n="$1"><ent r="3" t="45" w="58" /></phr></stem><stem n="\&quot;$1\&quot;,"><phr n="\&quot;$1\&quot;,"><ent r="3" t="45" w="59" /></phr></stem><stem n="\$result"><phr n="\$result"><ent r="3" t="45" w="59" /></phr></stem><stem n=":=1.2345"><phr n=":=1.2345"><ent r="3" t="45" w="61" /></phr></stem><stem n="1.2345"><phr n="1.2345"><ent r="3" t="45" w="61" /><ent r="3" t="45" w="60" /></phr></stem><stem n="2345"><phr n="2345"><ent r="3" t="45" w="61" /></phr></stem><stem n="com.dartware.cmd"><phr n="com.dartware.cmd"><ent r="3" t="45" w="89" /><ent r="3" t="45" w="87" /></phr></stem><stem n="com.dartware.cmd.simpl"><phr n="com.dartware.cmd.simple"><ent r="3" t="45" w="90" /><ent r="3" t="45" w="87" /></phr></stem></index>