<?xml version="1.0" encoding="utf-8"?><index><stem n="differ"><phr n="different"><ent r="3" t="3" w="46" /><ent r="3" t="3" w="352" /><ent r="4" t="3" w="476" /><ent r="6" t="5" w="296" /><ent r="5" t="13" w="897" /><ent r="4" t="16" w="1031" /><ent r="4" t="22" w="120" /><ent r="3" t="27" w="286" /><ent r="3" t="27" w="289" /><ent r="4" t="29" w="365" /><ent r="3" t="38" w="309" /><ent r="3" t="53" w="12" /><ent r="3" t="53" w="119" /><ent r="3" t="71" w="392" /><ent r="4" t="73" w="80" /></phr><phr n="differently"><ent r="3" t="4" w="425" /><ent r="3" t="26" w="302" /></phr><phr n="differences"><ent r="3" t="5" w="817" /><ent r="3" t="21" w="546" /></phr><phr n="difference"><ent r="3" t="14" w="362" /><ent r="6" t="16" w="776" /></phr><phr n="Differences"><ent r="6" t="70" w="303" /></phr></stem><stem n="aspect"><phr n="aspects"><ent r="3" t="3" w="47" /><ent r="4" t="4" w="358" /><ent r="4" t="15" w="483" /><ent r="3" t="18" w="30" /><ent r="3" t="25" w="25" /></phr></stem><stem n="device'"><phr n="device's"><ent r="3" t="3" w="51" /><ent r="3" t="3" w="50" /><ent r="4" t="3" w="247" /><ent r="4" t="3" w="246" /><ent r="4" t="3" w="264" /><ent r="4" t="3" w="263" /><ent r="4" t="3" w="366" /><ent r="4" t="3" w="365" /><ent r="4" t="3" w="456" /><ent r="4" t="3" w="455" /><ent r="4" t="3" w="510" /><ent r="4" t="3" w="509" /><ent r="4" t="3" w="538" /><ent r="4" t="3" w="537" /><ent r="3" t="4" w="208" /><ent r="3" t="4" w="207" /><ent r="4" t="4" w="312" /><ent r="4" t="4" w="311" /><ent r="4" t="4" w="489" /><ent r="4" t="4" w="488" /><ent r="4" t="4" w="687" /><ent r="4" t="4" w="686" /><ent r="6" t="5" w="638" /><ent r="6" t="5" w="637" /><ent r="6" t="5" w="660" /><ent r="6" t="5" w="659" /><ent r="5" t="13" w="167" /><ent r="5" t="13" w="166" /><ent r="5" t="13" w="312" /><ent r="5" t="13" w="311" /><ent r="5" t="13" w="638" /><ent r="5" t="13" w="637" /><ent r="5" t="13" w="1284" /><ent r="5" t="13" w="1283" /><ent r="3" t="14" w="622" /><ent r="3" t="14" w="621" /><ent r="3" t="14" w="1001" /><ent r="3" t="14" w="1000" /><ent r="4" t="15" w="144" /><ent r="4" t="15" w="143" /><ent r="4" t="15" w="437" /><ent r="4" t="15" w="436" /><ent r="3" t="17" w="276" /><ent r="3" t="17" w="275" /><ent r="3" t="17" w="320" /><ent r="3" t="17" w="319" /><ent r="3" t="19" w="288" /><ent r="3" t="19" w="287" /><ent r="3" t="20" w="431" /><ent r="3" t="20" w="430" /><ent r="3" t="21" w="295" /><ent r="3" t="21" w="294" /><ent r="3" t="21" w="352" /><ent r="3" t="21" w="351" /><ent r="3" t="21" w="504" /><ent r="3" t="21" w="503" /><ent r="3" t="22" w="488" /><ent r="3" t="22" w="487" /><ent r="3" t="22" w="572" /><ent r="3" t="22" w="571" /><ent r="4" t="22" w="670" /><ent r="4" t="22" w="669" /><ent r="4" t="22" w="788" /><ent r="4" t="22" w="787" /><ent r="3" t="22" w="899" /><ent r="3" t="22" w="898" /><ent r="3" t="27" w="160" /><ent r="3" t="27" w="159" /><ent r="3" t="27" w="411" /><ent r="3" t="27" w="410" /><ent r="3" t="28" w="53" /><ent r="3" t="28" w="52" /><ent r="3" t="28" w="254" /><ent r="3" t="28" w="253" /><ent r="3" t="30" w="31" /><ent r="3" t="30" w="30" /><ent r="3" t="32" w="212" /><ent r="3" t="32" w="211" /><ent r="3" t="33" w="320" /><ent r="3" t="33" w="319" /><ent r="3" t="33" w="345" /><ent r="3" t="33" w="344" /><ent r="3" t="34" w="45" /><ent r="3" t="34" w="44" /><ent r="4" t="34" w="351" /><ent r="4" t="34" w="350" /><ent r="3" t="34" w="469" /><ent r="3" t="34" w="468" /><ent r="3" t="36" w="37" /><ent r="3" t="36" w="36" /><ent r="3" t="37" w="1590" /><ent r="3" t="37" w="1589" /><ent r="3" t="39" w="305" /><ent r="3" t="39" w="304" /><ent r="3" t="39" w="331" /><ent r="3" t="39" w="330" /><ent r="3" t="39" w="367" /><ent r="3" t="39" w="366" /><ent r="3" t="39" w="386" /><ent r="3" t="39" w="385" /><ent r="3" t="39" w="405" /><ent r="3" t="39" w="404" /><ent r="3" t="39" w="419" /><ent r="3" t="39" w="418" /><ent r="3" t="40" w="57" /><ent r="3" t="40" w="56" /><ent r="4" t="40" w="243" /><ent r="4" t="40" w="242" /><ent r="4" t="40" w="267" /><ent r="4" t="40" w="266" /><ent r="3" t="40" w="299" /><ent r="3" t="40" w="298" /><ent r="3" t="40" w="328" /><ent r="3" t="40" w="327" /><ent r="4" t="40" w="787" /><ent r="4" t="40" w="786" /><ent r="3" t="40" w="837" /><ent r="3" t="40" w="836" /><ent r="3" t="43" w="24" /><ent r="3" t="43" w="23" /><ent r="3" t="47" w="117" /><ent r="3" t="47" w="116" /><ent r="4" t="47" w="351" /><ent r="4" t="47" w="350" /><ent r="4" t="47" w="461" /><ent r="4" t="47" w="460" /><ent r="3" t="48" w="132" /><ent r="3" t="48" w="131" /><ent r="3" t="53" w="35" /><ent r="3" t="53" w="34" /><ent r="3" t="60" w="176" /><ent r="3" t="60" w="175" /><ent r="4" t="66" w="164" /><ent r="4" t="66" w="163" /></phr><phr n="Device's"><ent r="5" t="21" w="197" /><ent r="5" t="21" w="196" /><ent r="5" t="21" w="209" /><ent r="5" t="21" w="208" /></phr></stem><stem n="it'"><phr n="it's"><ent r="3" t="3" w="55" /><ent r="3" t="3" w="54" /><ent r="6" t="5" w="375" /><ent r="6" t="5" w="374" /><ent r="3" t="14" w="948" /><ent r="3" t="14" w="947" /><ent r="4" t="16" w="1651" /><ent r="4" t="16" w="1650" /><ent r="3" t="21" w="340" /><ent r="3" t="21" w="339" /><ent r="3" t="26" w="782" /><ent r="3" t="26" w="781" /><ent r="3" t="34" w="566" /><ent r="3" t="34" w="565" /><ent r="4" t="40" w="958" /><ent r="4" t="40" w="957" /><ent r="4" t="40" w="979" /><ent r="4" t="40" w="978" /><ent r="3" t="61" w="843" /><ent r="3" t="61" w="842" /></phr><phr n="It's"><ent r="3" t="3" w="543" /><ent r="3" t="3" w="542" /><ent r="3" t="7" w="490" /><ent r="3" t="7" w="489" /><ent r="3" t="27" w="80" /><ent r="3" t="27" w="79" /><ent r="4" t="49" w="388" /><ent r="4" t="49" w="387" /></phr></stem><stem n="etc"><phr n="etc"><ent r="3" t="3" w="63" /><ent r="4" t="8" w="126" /><ent r="4" t="8" w="688" /><ent r="5" t="13" w="1438" /><ent r="4" t="13" w="2167" /><ent r="4" t="13" w="2183" /><ent r="3" t="15" w="83" /><ent r="3" t="16" w="67" /><ent r="3" t="16" w="362" /><ent r="3" t="16" w="2266" /><ent r="4" t="19" w="186" /><ent r="4" t="19" w="221" /><ent r="3" t="21" w="734" /><ent r="3" t="24" w="55" /><ent r="6" t="24" w="2968" /><ent r="3" t="27" w="264" /><ent r="3" t="34" w="590" /><ent r="3" t="35" w="875" /><ent r="3" t="61" w="545" /><ent r="3" t="61" w="867" /><ent r="3" t="66" w="502" /><ent r="6" t="70" w="683" /><ent r="3" t="70" w="1803" /><ent r="4" t="77" w="248" /></phr></stem><stem n="wai"><phr n="ways"><ent r="3" t="3" w="87" /><ent r="3" t="35" w="1628" /><ent r="3" t="53" w="13" /><ent r="3" t="60" w="75" /><ent r="3" t="77" w="61" /></phr><phr n="way"><ent r="3" t="3" w="169" /><ent r="3" t="13" w="1483" /><ent r="3" t="16" w="252" /><ent r="3" t="21" w="288" /><ent r="3" t="22" w="603" /><ent r="3" t="26" w="488" /><ent r="4" t="26" w="569" /><ent r="3" t="29" w="500" /><ent r="3" t="29" w="1031" /><ent r="3" t="30" w="37" /><ent r="3" t="32" w="312" /><ent r="3" t="40" w="533" /><ent r="3" t="44" w="42" /><ent r="3" t="46" w="38" /><ent r="3" t="62" w="48" /><ent r="4" t="66" w="79" /><ent r="4" t="66" w="95" /><ent r="3" t="66" w="679" /><ent r="3" t="68" w="23" /><ent r="3" t="68" w="51" /><ent r="6" t="68" w="232" /></phr></stem><stem n="simpl"><phr n="simple"><ent r="3" t="3" w="114" /><ent r="3" t="7" w="225" /><ent r="4" t="24" w="241" /><ent r="4" t="26" w="278" /><ent r="3" t="34" w="878" /><ent r="3" t="35" w="734" /><ent r="3" t="37" w="1345" /><ent r="3" t="45" w="90" /><ent r="3" t="45" w="110" /><ent r="3" t="45" w="139" /><ent r="3" t="45" w="174" /><ent r="3" t="46" w="196" /><ent r="3" t="55" w="48" /><ent r="3" t="55" w="101" /><ent r="3" t="67" w="84" /></phr><phr n="Simple"><ent r="4" t="26" w="237" /><ent r="3" t="26" w="327" /><ent r="3" t="26" w="360" /><ent r="92" t="34" w="841" /><ent r="4" t="35" w="865" /><ent r="3" t="37" w="1723" /><ent r="3" t="37" w="1728" /><ent r="3" t="45" w="83" /><ent r="3" t="45" w="113" /><ent r="3" t="45" w="204" /><ent r="82" t="46" w="192" /><ent r="100" t="55" w="92" /></phr></stem><stem n="text"><phr n="text"><ent r="3" t="3" w="115" /><ent r="3" t="3" w="126" /><ent r="3" t="3" w="164" /><ent r="3" t="4" w="131" /><ent r="3" t="6" w="29" /><ent r="4" t="7" w="179" /><ent r="4" t="7" w="186" /><ent r="3" t="7" w="226" /><ent r="4" t="8" w="201" /><ent r="4" t="8" w="731" /><ent r="3" t="10" w="174" /><ent r="3" t="10" w="197" /><ent r="3" t="10" w="209" /><ent r="3" t="10" w="218" /><ent r="3" t="10" w="228" /><ent r="3" t="10" w="344" /><ent r="3" t="10" w="401" /><ent r="3" t="11" w="17" /><ent r="3" t="11" w="24" /><ent r="4" t="11" w="138" /><ent r="5" t="11" w="242" /><ent r="5" t="11" w="251" /><ent r="5" t="11" w="262" /><ent r="5" t="11" w="276" /><ent r="5" t="11" w="310" /><ent r="3" t="11" w="352" /><ent r="3" t="11" w="451" /><ent r="4" t="11" w="469" /><ent r="4" t="11" w="509" /><ent r="4" t="11" w="529" /><ent r="5" t="13" w="1082" /><ent r="5" t="13" w="1388" /><ent r="5" t="13" w="1406" /><ent r="5" t="13" w="1428" /><ent r="3" t="14" w="209" /><ent r="3" t="14" w="613" /><ent r="4" t="15" w="246" /><ent r="4" t="15" w="308" /><ent r="6" t="16" w="795" /><ent r="4" t="16" w="994" /><ent r="3" t="19" w="1831" /><ent r="3" t="19" w="1837" /><ent r="3" t="20" w="49" /><ent r="3" t="20" w="72" /><ent r="3" t="20" w="84" /><ent r="3" t="20" w="93" /><ent r="3" t="20" w="103" /><ent r="3" t="20" w="218" /><ent r="3" t="20" w="423" /><ent r="4" t="21" w="634" /><ent r="5" t="21" w="881" /><ent r="3" t="27" w="206" /><ent r="3" t="27" w="238" /><ent r="3" t="27" w="271" /><ent r="3" t="27" w="403" /><ent r="4" t="34" w="218" /><ent r="3" t="35" w="311" /><ent r="4" t="35" w="371" /><ent r="3" t="35" w="462" /><ent r="4" t="35" w="816" /><ent r="4" t="35" w="1637" /><ent r="82" t="35" w="1659" /><ent r="3" t="35" w="1668" /><ent r="3" t="35" w="1679" /><ent r="82" t="35" w="1719" /><ent r="3" t="35" w="1783" /><ent r="4" t="37" w="1950" /><ent r="3" t="37" w="1994" /><ent r="3" t="37" w="2420" /><ent r="4" t="37" w="3511" /><ent r="3" t="37" w="4293" /><ent r="3" t="37" w="4449" /><ent r="4" t="40" w="154" /><ent r="4" t="40" w="802" /><ent r="3" t="44" w="312" /><ent r="3" t="46" w="279" /><ent r="4" t="47" w="506" /><ent r="3" t="47" w="537" /><ent r="4" t="49" w="278" /><ent r="3" t="49" w="453" /><ent r="3" t="49" w="459" /><ent r="3" t="49" w="465" /><ent r="3" t="56" w="417" /><ent r="3" t="56" w="469" /><ent r="3" t="58" w="195" /><ent r="3" t="58" w="235" /><ent r="4" t="59" w="130" /><ent r="4" t="59" w="139" /><ent r="4" t="60" w="69" /><ent r="4" t="65" w="159" /><ent r="3" t="65" w="271" /><ent r="3" t="65" w="279" /><ent r="3" t="66" w="39" /><ent r="3" t="66" w="61" /><ent r="4" t="66" w="122" /><ent r="4" t="66" w="144" /><ent r="3" t="66" w="208" /><ent r="3" t="66" w="231" /><ent r="3" t="66" w="241" /><ent r="3" t="66" w="247" /><ent r="3" t="66" w="250" /><ent r="4" t="66" w="291" /><ent r="3" t="66" w="352" /><ent r="3" t="66" w="393" /><ent r="3" t="67" w="66" /><ent r="4" t="67" w="177" /><ent r="4" t="67" w="194" /><ent r="6" t="68" w="127" /><ent r="6" t="68" w="189" /><ent r="3" t="69" w="32" /><ent r="3" t="69" w="57" /><ent r="3" t="69" w="158" /><ent r="3" t="69" w="166" /><ent r="3" t="69" w="202" /><ent r="3" t="70" w="14" /><ent r="3" t="70" w="54" /><ent r="3" t="72" w="103" /><ent r="3" t="72" w="108" /><ent r="3" t="76" w="11" /><ent r="3" t="77" w="23" /></phr><phr n="Text"><ent r="5" t="7" w="175" /><ent r="82" t="7" w="217" /><ent r="3" t="7" w="233" /><ent r="3" t="7" w="234" /><ent r="4" t="7" w="245" /><ent r="3" t="7" w="593" /><ent r="3" t="7" w="594" /><ent r="100" t="11" w="366" /><ent r="7" t="11" w="414" /><ent r="7" t="11" w="418" /><ent r="4" t="11" w="513" /><ent r="100" t="16" w="229" /><ent r="92" t="16" w="233" /></phr><phr n="TEXT"><ent r="3" t="56" w="227" /><ent r="3" t="56" w="231" /><ent r="3" t="56" w="249" /><ent r="3" t="56" w="257" /><ent r="3" t="56" w="259" /></phr></stem><stem n="duplic"><phr n="duplicated"><ent r="3" t="3" w="120" /></phr></stem><stem n="standard"><phr n="standard"><ent r="3" t="3" w="125" /><ent r="65" t="5" w="810" /><ent r="5" t="13" w="389" /><ent r="4" t="13" w="2388" /><ent r="3" t="13" w="2421" /><ent r="3" t="14" w="404" /><ent r="3" t="40" w="320" /><ent r="64" t="40" w="408" /><ent r="64" t="47" w="37" /><ent r="3" t="57" w="39" /></phr><phr n="Standard"><ent r="5" t="9" w="741" /></phr></stem><stem n="edit"><phr n="editing"><ent r="3" t="3" w="127" /><ent r="3" t="14" w="143" /><ent r="3" t="14" w="776" /></phr><phr n="editable"><ent r="3" t="14" w="1051" /></phr><phr n="edit"><ent r="3" t="44" w="178" /><ent r="3" t="65" w="275" /><ent r="3" t="65" w="291" /><ent r="3" t="66" w="689" /><ent r="7" t="68" w="428" /><ent r="7" t="68" w="456" /></phr><phr n="Edit"><ent r="100" t="65" w="345" /><ent r="4" t="65" w="350" /></phr><phr n="edited"><ent r="7" t="68" w="518" /></phr></stem><stem n="becom"><phr n="becomes"><ent r="3" t="3" w="136" /><ent r="3" t="4" w="751" /><ent r="3" t="14" w="296" /><ent r="3" t="40" w="54" /><ent r="4" t="47" w="509" /><ent r="4" t="50" w="122" /><ent r="6" t="68" w="130" /></phr><phr n="become"><ent r="3" t="19" w="383" /><ent r="3" t="26" w="30" /><ent r="3" t="50" w="246" /></phr><phr n="Becoming"><ent r="92" t="69" w="108" /><ent r="100" t="69" w="118" /></phr></stem><stem n="-class"><phr n="-class"><ent r="3" t="3" w="138" /><ent r="3" t="3" w="138" /></phr></stem><stem n="first"><phr n="first"><ent r="3" t="3" w="138" /><ent r="6" t="5" w="239" /><ent r="4" t="11" w="460" /><ent r="5" t="13" w="316" /><ent r="5" t="13" w="642" /><ent r="5" t="13" w="1288" /><ent r="3" t="14" w="905" /><ent r="4" t="16" w="1452" /><ent r="4" t="16" w="1613" /><ent r="4" t="17" w="254" /><ent r="4" t="19" w="759" /><ent r="4" t="19" w="765" /><ent r="4" t="19" w="841" /><ent r="3" t="22" w="295" /><ent r="3" t="22" w="1220" /><ent r="4" t="24" w="117" /><ent r="4" t="24" w="705" /><ent r="4" t="24" w="727" /><ent r="3" t="24" w="1021" /><ent r="3" t="24" w="1080" /><ent r="3" t="26" w="723" /><ent r="3" t="26" w="734" /><ent r="3" t="28" w="61" /><ent r="3" t="29" w="703" /><ent r="3" t="32" w="259" /><ent r="3" t="33" w="253" /><ent r="3" t="34" w="1051" /><ent r="4" t="35" w="377" /><ent r="4" t="35" w="822" /><ent r="5" t="35" w="1413" /><ent r="4" t="37" w="1243" /><ent r="3" t="37" w="2935" /><ent r="3" t="37" w="2941" /><ent r="3" t="37" w="4629" /><ent r="3" t="39" w="338" /><ent r="3" t="54" w="393" /><ent r="4" t="55" w="345" /><ent r="4" t="66" w="274" /><ent r="4" t="68" w="36" /><ent r="4" t="69" w="237" /><ent r="7" t="70" w="323" /><ent r="6" t="70" w="1232" /><ent r="6" t="70" w="1254" /></phr><phr n="First"><ent r="3" t="20" w="245" /><ent r="3" t="20" w="451" /><ent r="3" t="20" w="486" /><ent r="3" t="20" w="518" /><ent r="3" t="20" w="548" /><ent r="4" t="24" w="1767" /><ent r="4" t="24" w="1793" /><ent r="3" t="29" w="718" /><ent r="3" t="33" w="154" /><ent r="4" t="49" w="372" /></phr></stem><stem n="first-class"><phr n="first-class"><ent r="3" t="3" w="138" /></phr></stem><stem n="class"><phr n="class"><ent r="3" t="3" w="139" /><ent r="4" t="8" w="109" /><ent r="4" t="8" w="671" /><ent r="3" t="27" w="277" /><ent r="7" t="70" w="1188" /><ent r="7" t="70" w="1198" /><ent r="6" t="70" w="2403" /><ent r="6" t="70" w="2441" /></phr></stem><stem n="citizen"><phr n="citizen"><ent r="3" t="3" w="140" /></phr></stem><stem n="appear"><phr n="appears"><ent r="3" t="3" w="142" /><ent r="3" t="4" w="105" /><ent r="3" t="4" w="133" /><ent r="3" t="4" w="204" /><ent r="4" t="4" w="683" /><ent r="5" t="5" w="431" /><ent r="3" t="7" w="94" /><ent r="3" t="7" w="590" /><ent r="4" t="8" w="204" /><ent r="3" t="10" w="176" /><ent r="3" t="10" w="346" /><ent r="3" t="10" w="361" /><ent r="3" t="10" w="403" /><ent r="3" t="10" w="419" /><ent r="4" t="11" w="518" /><ent r="4" t="15" w="310" /><ent r="3" t="16" w="257" /><ent r="3" t="20" w="51" /><ent r="3" t="21" w="467" /><ent r="4" t="34" w="220" /><ent r="3" t="38" w="225" /><ent r="4" t="40" w="156" /><ent r="4" t="40" w="263" /><ent r="3" t="40" w="332" /><ent r="3" t="44" w="119" /><ent r="4" t="50" w="96" /><ent r="4" t="50" w="184" /><ent r="4" t="55" w="728" /><ent r="4" t="65" w="381" /></phr><phr n="appearance"><ent r="3" t="4" w="217" /><ent r="3" t="10" w="225" /><ent r="3" t="20" w="100" /><ent r="3" t="21" w="128" /><ent r="3" t="43" w="72" /><ent r="3" t="65" w="142" /></phr><phr n="appear"><ent r="3" t="7" w="341" /><ent r="3" t="53" w="31" /><ent r="4" t="55" w="814" /><ent r="6" t="68" w="807" /><ent r="3" t="69" w="160" /></phr></stem><stem n="set"><phr n="Set"><ent r="3" t="3" w="145" /><ent r="3" t="4" w="136" /><ent r="3" t="4" w="186" /><ent r="3" t="4" w="773" /><ent r="5" t="5" w="438" /><ent r="6" t="5" w="657" /><ent r="3" t="6" w="42" /><ent r="4" t="6" w="93" /><ent r="3" t="7" w="35" /><ent r="3" t="7" w="102" /><ent r="4" t="7" w="202" /><ent r="3" t="7" w="346" /><ent r="5" t="11" w="180" /><ent r="5" t="11" w="194" /><ent r="5" t="11" w="240" /><ent r="5" t="11" w="249" /><ent r="5" t="11" w="260" /><ent r="5" t="11" w="274" /><ent r="5" t="11" w="309" /><ent r="3" t="14" w="216" /><ent r="4" t="15" w="313" /><ent r="4" t="15" w="342" /><ent r="4" t="24" w="2866" /><ent r="3" t="32" w="411" /><ent r="3" t="32" w="564" /><ent r="4" t="34" w="223" /><ent r="4" t="34" w="252" /><ent r="100" t="39" w="180" /><ent r="100" t="39" w="274" /><ent r="4" t="40" w="159" /><ent r="4" t="40" w="1076" /><ent r="3" t="44" w="841" /><ent r="3" t="44" w="844" /><ent r="4" t="50" w="90" /><ent r="4" t="50" w="126" /><ent r="5" t="50" w="177" /><ent r="3" t="61" w="1197" /><ent r="3" t="61" w="1242" /><ent r="3" t="61" w="1261" /><ent r="3" t="61" w="1316" /><ent r="3" t="61" w="1365" /><ent r="6" t="70" w="814" /><ent r="6" t="70" w="1111" /><ent r="6" t="70" w="1259" /></phr><phr n="sets"><ent r="4" t="3" w="244" /><ent r="4" t="3" w="261" /><ent r="4" t="3" w="535" /><ent r="3" t="7" w="240" /><ent r="4" t="15" w="207" /><ent r="6" t="16" w="790" /><ent r="6" t="16" w="826" /><ent r="6" t="16" w="843" /><ent r="3" t="16" w="1757" /><ent r="4" t="16" w="2020" /><ent r="3" t="22" w="289" /><ent r="3" t="22" w="305" /><ent r="4" t="22" w="681" /><ent r="4" t="22" w="690" /><ent r="3" t="22" w="875" /><ent r="3" t="28" w="177" /><ent r="3" t="34" w="42" /><ent r="3" t="34" w="93" /><ent r="3" t="34" w="645" /><ent r="3" t="35" w="278" /><ent r="3" t="35" w="302" /><ent r="3" t="37" w="1562" /><ent r="4" t="37" w="3115" /><ent r="4" t="37" w="3136" /><ent r="4" t="37" w="3505" /><ent r="4" t="37" w="3534" /><ent r="3" t="37" w="3612" /><ent r="4" t="37" w="3636" /><ent r="3" t="40" w="296" /><ent r="3" t="40" w="820" /><ent r="3" t="40" w="834" /><ent r="3" t="46" w="356" /><ent r="4" t="66" w="280" /><ent r="6" t="70" w="2389" /><ent r="6" t="70" w="2461" /></phr><phr n="set"><ent r="4" t="3" w="394" /><ent r="4" t="4" w="451" /><ent r="4" t="4" w="545" /><ent r="6" t="5" w="1011" /><ent r="6" t="5" w="1106" /><ent r="3" t="7" w="29" /><ent r="3" t="7" w="71" /><ent r="4" t="11" w="153" /><ent r="3" t="11" w="444" /><ent r="3" t="13" w="1658" /><ent r="3" t="14" w="1005" /><ent r="3" t="14" w="1220" /><ent r="3" t="14" w="1282" /><ent r="4" t="16" w="1126" /><ent r="4" t="16" w="1245" /><ent r="4" t="16" w="1279" /><ent r="4" t="16" w="1329" /><ent r="4" t="16" w="1358" /><ent r="3" t="16" w="1432" /><ent r="3" t="16" w="1435" /><ent r="4" t="16" w="1450" /><ent r="4" t="16" w="1469" /><ent r="4" t="16" w="1515" /><ent r="4" t="16" w="1531" /><ent r="3" t="16" w="1786" /><ent r="3" t="18" w="57" /><ent r="3" t="21" w="506" /><ent r="3" t="21" w="677" /><ent r="4" t="22" w="217" /><ent r="3" t="22" w="973" /><ent r="3" t="22" w="1164" /><ent r="3" t="24" w="67" /><ent r="3" t="24" w="294" /><ent r="3" t="25" w="94" /><ent r="3" t="26" w="850" /><ent r="3" t="26" w="881" /><ent r="3" t="28" w="189" /><ent r="3" t="29" w="41" /><ent r="4" t="29" w="72" /><ent r="4" t="29" w="76" /><ent r="4" t="29" w="90" /><ent r="4" t="29" w="94" /><ent r="4" t="29" w="144" /><ent r="3" t="29" w="190" /><ent r="3" t="29" w="502" /><ent r="3" t="29" w="523" /><ent r="3" t="29" w="581" /><ent r="3" t="29" w="612" /><ent r="3" t="29" w="1018" /><ent r="3" t="32" w="1133" /><ent r="3" t="32" w="1156" /><ent r="65" t="34" w="322" /><ent r="3" t="34" w="385" /><ent r="3" t="34" w="466" /><ent r="3" t="34" w="665" /><ent r="3" t="34" w="728" /><ent r="3" t="34" w="746" /><ent r="64" t="35" w="65" /><ent r="3" t="37" w="1461" /><ent r="3" t="37" w="1599" /><ent r="3" t="37" w="3442" /><ent r="3" t="37" w="3468" /><ent r="4" t="37" w="3668" /><ent r="3" t="38" w="282" /><ent r="100" t="39" w="174" /><ent r="3" t="39" w="195" /><ent r="3" t="39" w="308" /><ent r="3" t="39" w="422" /><ent r="4" t="40" w="246" /><ent r="64" t="40" w="409" /><ent r="4" t="40" w="965" /><ent r="4" t="40" w="1028" /><ent r="3" t="40" w="1164" /><ent r="3" t="42" w="82" /><ent r="3" t="42" w="158" /><ent r="3" t="45" w="154" /><ent r="64" t="47" w="38" /><ent r="3" t="47" w="135" /><ent r="4" t="47" w="304" /><ent r="3" t="48" w="83" /><ent r="4" t="54" w="106" /><ent r="3" t="65" w="29" /><ent r="7" t="68" w="422" /><ent r="7" t="68" w="575" /><ent r="6" t="70" w="1097" /><ent r="6" t="70" w="1130" /><ent r="6" t="70" w="2360" /><ent r="6" t="70" w="2373" /><ent r="6" t="70" w="2439" /></phr><phr n="setting"><ent r="6" t="5" w="676" /><ent r="6" t="5" w="709" /><ent r="3" t="8" w="386" /><ent r="3" t="14" w="281" /><ent r="3" t="14" w="588" /><ent r="3" t="14" w="1019" /><ent r="3" t="22" w="1250" /><ent r="5" t="37" w="1831" /></phr><phr n="Setting"><ent r="6" t="5" w="697" /><ent r="4" t="25" w="241" /><ent r="3" t="61" w="623" /></phr><phr n="settings"><ent r="6" t="5" w="933" /><ent r="3" t="21" w="661" /><ent r="3" t="58" w="159" /><ent r="4" t="65" w="379" /></phr><phr n="Settings"><ent r="100" t="5" w="1198" /><ent r="5" t="5" w="1222" /><ent r="3" t="14" w="1064" /><ent r="100" t="18" w="19" /><ent r="4" t="31" w="53" /><ent r="5" t="41" w="182" /><ent r="3" t="44" w="771" /><ent r="3" t="46" w="216" /><ent r="3" t="47" w="207" /><ent r="100" t="47" w="241" /><ent r="5" t="47" w="293" /><ent r="3" t="48" w="159" /><ent r="3" t="48" w="209" /><ent r="4" t="49" w="345" /><ent r="4" t="50" w="118" /><ent r="4" t="50" w="284" /><ent r="4" t="51" w="28" /><ent r="4" t="55" w="260" /><ent r="100" t="55" w="756" /><ent r="4" t="55" w="768" /><ent r="3" t="56" w="125" /><ent r="4" t="57" w="75" /><ent r="3" t="57" w="149" /><ent r="3" t="57" w="176" /><ent r="3" t="58" w="16" /><ent r="3" t="58" w="118" /><ent r="3" t="58" w="205" /><ent r="3" t="58" w="250" /><ent r="6" t="58" w="254" /><ent r="3" t="61" w="55" /><ent r="3" t="61" w="89" /><ent r="6" t="61" w="165" /><ent r="3" t="61" w="241" /><ent r="3" t="61" w="336" /><ent r="4" t="61" w="452" /><ent r="3" t="61" w="467" /><ent r="3" t="61" w="852" /><ent r="100" t="65" w="356" /><ent r="100" t="65" w="359" /><ent r="6" t="65" w="362" /><ent r="4" t="70" w="1598" /><ent r="100" t="71" w="35" /><ent r="4" t="71" w="38" /><ent r="100" t="78" w="14" /><ent r="5" t="78" w="38" /></phr><phr n="Sets"><ent r="4" t="37" w="885" /><ent r="5" t="38" w="179" /><ent r="6" t="70" w="2347" /></phr></stem><stem n="along"><phr n="along"><ent r="3" t="3" w="148" /><ent r="3" t="21" w="88" /><ent r="3" t="47" w="93" /></phr></stem><stem n="?"><phr n="?"><ent r="92" t="3" w="159" /><ent r="3" t="13" w="1942" /><ent r="3" t="16" w="2158" /><ent r="3" t="16" w="2190" /><ent r="3" t="16" w="2210" /><ent r="3" t="16" w="2212" /><ent r="3" t="16" w="2214" /><ent r="3" t="16" w="2279" /><ent r="3" t="16" w="2282" /><ent r="3" t="16" w="2285" /><ent r="3" t="24" w="938" /><ent r="3" t="27" w="383" /><ent r="3" t="37" w="1748" /><ent r="92" t="44" w="101" /><ent r="3" t="49" w="49" /><ent r="3" t="61" w="614" /><ent r="92" t="66" w="449" /><ent r="4" t="77" w="134" /><ent r="5" t="77" w="165" /><ent r="5" t="77" w="190" /><ent r="5" t="77" w="192" /><ent r="5" t="77" w="194" /><ent r="5" t="77" w="260" /><ent r="5" t="77" w="263" /><ent r="5" t="77" w="266" /></phr></stem><stem n="specifi"><phr n="specifies"><ent r="3" t="3" w="167" /><ent r="3" t="4" w="128" /><ent r="4" t="8" w="186" /><ent r="3" t="14" w="611" /><ent r="4" t="15" w="281" /><ent r="4" t="15" w="305" /><ent r="4" t="16" w="531" /><ent r="3" t="18" w="28" /><ent r="4" t="19" w="268" /><ent r="3" t="20" w="421" /><ent r="3" t="24" w="1330" /><ent r="3" t="24" w="1341" /><ent r="3" t="24" w="1445" /><ent r="3" t="24" w="2382" /><ent r="3" t="25" w="23" /><ent r="4" t="25" w="220" /><ent r="4" t="25" w="287" /><ent r="4" t="25" w="304" /><ent r="3" t="26" w="681" /><ent r="3" t="26" w="689" /><ent r="3" t="27" w="166" /><ent r="3" t="27" w="401" /><ent r="4" t="34" w="191" /><ent r="4" t="34" w="215" /><ent r="4" t="37" w="556" /><ent r="3" t="37" w="2943" /><ent r="3" t="37" w="4130" /><ent r="3" t="37" w="4147" /><ent r="4" t="40" w="127" /><ent r="4" t="40" w="151" /></phr><phr n="specified"><ent r="4" t="3" w="378" /><ent r="4" t="3" w="482" /><ent r="6" t="5" w="910" /><ent r="3" t="13" w="91" /><ent r="5" t="13" w="729" /><ent r="5" t="13" w="1260" /><ent r="5" t="13" w="1447" /><ent r="3" t="14" w="357" /><ent r="4" t="15" w="134" /><ent r="4" t="15" w="212" /><ent r="4" t="19" w="258" /><ent r="3" t="23" w="110" /><ent r="4" t="24" w="680" /><ent r="4" t="24" w="823" /><ent r="4" t="24" w="834" /><ent r="3" t="24" w="905" /><ent r="3" t="24" w="1908" /><ent r="3" t="24" w="1953" /><ent r="4" t="29" w="275" /><ent r="3" t="34" w="21" /><ent r="3" t="34" w="62" /><ent r="3" t="34" w="123" /><ent r="4" t="37" w="251" /><ent r="4" t="37" w="270" /><ent r="4" t="37" w="290" /><ent r="4" t="37" w="309" /><ent r="4" t="37" w="357" /><ent r="4" t="37" w="442" /><ent r="4" t="37" w="532" /><ent r="4" t="37" w="545" /><ent r="4" t="37" w="579" /><ent r="3" t="37" w="1165" /><ent r="3" t="37" w="1428" /><ent r="3" t="37" w="1489" /><ent r="5" t="37" w="1840" /><ent r="3" t="37" w="1871" /><ent r="4" t="37" w="1908" /><ent r="4" t="37" w="1939" /><ent r="4" t="37" w="1956" /><ent r="3" t="37" w="2011" /><ent r="3" t="37" w="2021" /><ent r="3" t="37" w="2041" /><ent r="3" t="37" w="2120" /><ent r="3" t="37" w="2368" /><ent r="3" t="37" w="2409" /><ent r="3" t="37" w="2426" /><ent r="3" t="37" w="2488" /><ent r="3" t="37" w="2509" /><ent r="3" t="37" w="3191" /><ent r="3" t="37" w="3291" /><ent r="3" t="37" w="3763" /><ent r="3" t="37" w="3775" /><ent r="3" t="37" w="4362" /><ent r="3" t="39" w="299" /><ent r="3" t="39" w="414" /><ent r="4" t="41" w="179" /><ent r="3" t="44" w="409" /><ent r="3" t="47" w="122" /><ent r="4" t="47" w="356" /><ent r="3" t="48" w="143" /><ent r="3" t="55" w="65" /><ent r="3" t="55" w="361" /><ent r="3" t="55" w="375" /><ent r="3" t="55" w="398" /><ent r="3" t="55" w="409" /><ent r="3" t="55" w="415" /><ent r="3" t="55" w="428" /><ent r="4" t="55" w="1205" /><ent r="3" t="56" w="324" /><ent r="3" t="56" w="335" /><ent r="3" t="56" w="342" /><ent r="3" t="56" w="350" /><ent r="3" t="56" w="360" /><ent r="3" t="56" w="444" /><ent r="3" t="61" w="364" /><ent r="3" t="61" w="374" /><ent r="3" t="61" w="381" /><ent r="3" t="65" w="116" /><ent r="4" t="66" w="560" /><ent r="4" t="66" w="577" /><ent r="4" t="66" w="591" /><ent r="4" t="66" w="605" /><ent r="4" t="66" w="619" /><ent r="4" t="66" w="630" /><ent r="6" t="70" w="639" /><ent r="6" t="70" w="2013" /><ent r="6" t="70" w="2295" /><ent r="3" t="71" w="348" /></phr><phr n="Specifies"><ent r="4" t="4" w="272" /><ent r="4" t="4" w="298" /><ent r="4" t="4" w="327" /><ent r="4" t="4" w="356" /><ent r="4" t="4" w="440" /><ent r="4" t="4" w="475" /><ent r="4" t="15" w="397" /><ent r="4" t="15" w="423" /><ent r="4" t="15" w="452" /><ent r="4" t="15" w="481" /><ent r="100" t="37" w="336" /><ent r="4" t="37" w="338" /><ent r="4" t="37" w="400" /><ent r="4" t="37" w="704" /><ent r="4" t="37" w="733" /><ent r="4" t="37" w="907" /><ent r="100" t="37" w="2192" /></phr><phr n="specifying"><ent r="4" t="4" w="612" /><ent r="3" t="7" w="44" /><ent r="3" t="35" w="634" /><ent r="4" t="40" w="216" /><ent r="4" t="41" w="321" /><ent r="4" t="66" w="108" /></phr><phr n="Specify"><ent r="6" t="5" w="531" /><ent r="4" t="8" w="751" /><ent r="3" t="14" w="425" /><ent r="3" t="14" w="462" /><ent r="3" t="14" w="585" /><ent r="3" t="27" w="315" /><ent r="3" t="27" w="352" /><ent r="3" t="35" w="1248" /><ent r="3" t="37" w="2054" /></phr><phr n="specify"><ent r="6" t="5" w="544" /><ent r="3" t="7" w="289" /><ent r="3" t="8" w="28" /><ent r="3" t="8" w="277" /><ent r="3" t="8" w="378" /><ent r="3" t="16" w="38" /><ent r="3" t="16" w="201" /><ent r="4" t="16" w="1641" /><ent r="3" t="17" w="29" /><ent r="3" t="19" w="1749" /><ent r="3" t="19" w="1834" /><ent r="4" t="19" w="1901" /><ent r="3" t="20" w="272" /><ent r="3" t="24" w="1513" /><ent r="4" t="26" w="239" /><ent r="4" t="26" w="253" /><ent r="4" t="26" w="266" /><ent r="3" t="26" w="456" /><ent r="3" t="26" w="649" /><ent r="3" t="26" w="660" /><ent r="3" t="26" w="671" /><ent r="3" t="26" w="743" /><ent r="3" t="26" w="762" /><ent r="3" t="26" w="812" /><ent r="3" t="26" w="910" /><ent r="3" t="35" w="628" /><ent r="3" t="35" w="1034" /><ent r="4" t="35" w="1114" /><ent r="3" t="35" w="1238" /><ent r="100" t="37" w="1209" /><ent r="3" t="37" w="1213" /><ent r="3" t="37" w="2162" /><ent r="3" t="37" w="3207" /><ent r="3" t="37" w="3367" /><ent r="3" t="37" w="3389" /><ent r="3" t="37" w="3689" /><ent r="3" t="37" w="3852" /><ent r="3" t="40" w="627" /><ent r="4" t="40" w="790" /><ent r="3" t="41" w="22" /><ent r="4" t="41" w="40" /><ent r="4" t="41" w="53" /><ent r="4" t="41" w="61" /><ent r="4" t="41" w="74" /><ent r="4" t="41" w="102" /><ent r="4" t="41" w="250" /><ent r="4" t="41" w="270" /><ent r="4" t="41" w="285" /><ent r="4" t="41" w="307" /><ent r="3" t="42" w="29" /><ent r="3" t="47" w="87" /><ent r="3" t="48" w="69" /><ent r="3" t="56" w="68" /><ent r="3" t="59" w="338" /><ent r="3" t="61" w="925" /><ent r="6" t="68" w="75" /><ent r="3" t="71" w="390" /></phr><phr n="specifier"><ent r="4" t="13" w="1613" /><ent r="4" t="24" w="768" /><ent r="4" t="24" w="771" /><ent r="4" t="24" w="795" /><ent r="3" t="24" w="1174" /><ent r="3" t="24" w="1179" /><ent r="3" t="24" w="1626" /><ent r="3" t="24" w="1629" /><ent r="4" t="24" w="2489" /><ent r="6" t="24" w="2525" /></phr><phr n="Specifying"><ent r="1000" t="26" w="1" /><ent r="102" t="26" w="8" /></phr></stem></index>