<?xml version="1.0" encoding="utf-8"?><index><stem n="mtch"><phr n="MTCH"><ent r="5" t="13" w="1120" /><ent r="3" t="34" w="485" /><ent r="3" t="34" w="513" /><ent r="3" t="34" w="543" /><ent r="100" t="35" w="397" /><ent r="5" t="35" w="399" /><ent r="3" t="35" w="406" /><ent r="3" t="35" w="418" /><ent r="3" t="35" w="431" /><ent r="3" t="35" w="623" /><ent r="3" t="35" w="751" /><ent r="4" t="35" w="838" /><ent r="3" t="35" w="920" /><ent r="3" t="35" w="940" /><ent r="3" t="35" w="955" /><ent r="3" t="35" w="1272" /><ent r="3" t="35" w="1564" /><ent r="3" t="35" w="1586" /><ent r="3" t="35" w="1696" /><ent r="3" t="35" w="1699" /><ent r="3" t="35" w="1703" /><ent r="100" t="37" w="255" /><ent r="65" t="37" w="257" /><ent r="6" t="37" w="427" /><ent r="4" t="37" w="1922" /><ent r="4" t="37" w="1926" /><ent r="4" t="37" w="1961" /><ent r="83" t="37" w="2346" /><ent r="5" t="37" w="2353" /><ent r="3" t="37" w="2388" /><ent r="3" t="37" w="2396" /><ent r="3" t="37" w="2431" /><ent r="3" t="37" w="2446" /><ent r="5" t="37" w="2845" /><ent r="5" t="37" w="3270" /><ent r="5" t="37" w="3786" /><ent r="3" t="37" w="3912" /><ent r="3" t="37" w="3931" /><ent r="3" t="37" w="3948" /><ent r="3" t="37" w="4005" /><ent r="3" t="37" w="4048" /><ent r="3" t="37" w="4394" /><ent r="5" t="37" w="4435" /><ent r="3" t="37" w="4458" /><ent r="100" t="39" w="488" /><ent r="3" t="39" w="490" /><ent r="3" t="39" w="508" /><ent r="3" t="39" w="526" /><ent r="3" t="39" w="544" /></phr></stem><stem n="base64"><phr n="base64"><ent r="5" t="13" w="1124" /><ent r="5" t="13" w="1132" /><ent r="6" t="24" w="2589" /></phr><phr n="Base64"><ent r="100" t="24" w="2586" /><ent r="100" t="35" w="1422" /></phr><phr n="BASE64"><ent r="6" t="35" w="1425" /></phr></stem><stem n="str"><phr n="str"><ent r="5" t="13" w="1125" /><ent r="5" t="13" w="1136" /><ent r="5" t="13" w="1150" /><ent r="5" t="13" w="1210" /><ent r="5" t="13" w="1256" /><ent r="5" t="13" w="1442" /><ent r="6" t="13" w="1450" /><ent r="6" t="13" w="1462" /><ent r="4" t="24" w="664" /><ent r="4" t="24" w="737" /><ent r="4" t="24" w="746" /><ent r="4" t="24" w="802" /><ent r="4" t="24" w="857" /><ent r="4" t="24" w="864" /><ent r="3" t="24" w="1122" /><ent r="4" t="24" w="1133" /><ent r="3" t="24" w="1886" /><ent r="4" t="24" w="2157" /><ent r="4" t="24" w="2172" /><ent r="4" t="24" w="2202" /><ent r="5" t="24" w="2311" /><ent r="4" t="24" w="2353" /><ent r="4" t="24" w="2366" /><ent r="5" t="24" w="2498" /><ent r="3" t="44" w="663" /><ent r="3" t="44" w="677" /><ent r="3" t="44" w="681" /><ent r="3" t="49" w="869" /><ent r="3" t="61" w="1178" /><ent r="3" t="61" w="1183" /></phr><phr n="Str"><ent r="100" t="24" w="232" /></phr></stem><stem n="{_base64:str}"><phr n="{_base64:str}"><ent r="5" t="13" w="1126" /></phr></stem><stem n="encod"><phr n="Encode"><ent r="5" t="13" w="1127" /><ent r="5" t="13" w="1138" /><ent r="4" t="37" w="470" /><ent r="3" t="37" w="1069" /></phr><phr n="Encodes"><ent r="5" t="13" w="1258" /></phr><phr n="encoding"><ent r="5" t="35" w="1434" /></phr><phr n="encoded"><ent r="5" t="35" w="1452" /><ent r="4" t="60" w="68" /></phr><phr n="Encoding"><ent r="3" t="37" w="959" /><ent r="3" t="37" w="1081" /></phr></stem><stem n="argument"><phr n="argument"><ent r="5" t="13" w="1130" /><ent r="5" t="13" w="1141" /><ent r="5" t="13" w="1158" /><ent r="5" t="13" w="1217" /><ent r="5" t="13" w="1226" /><ent r="3" t="14" w="1209" /><ent r="4" t="24" w="668" /><ent r="3" t="24" w="927" /><ent r="4" t="24" w="1199" /><ent r="4" t="24" w="1207" /><ent r="4" t="24" w="1215" /><ent r="4" t="24" w="1223" /><ent r="4" t="24" w="1233" /><ent r="4" t="24" w="1243" /><ent r="4" t="24" w="1251" /><ent r="4" t="24" w="1261" /><ent r="4" t="24" w="1274" /><ent r="4" t="24" w="1284" /><ent r="4" t="24" w="1294" /><ent r="3" t="24" w="1640" /><ent r="3" t="24" w="1654" /><ent r="3" t="34" w="626" /><ent r="4" t="35" w="366" /><ent r="4" t="35" w="378" /><ent r="4" t="35" w="1099" /><ent r="3" t="35" w="1542" /><ent r="3" t="37" w="3396" /><ent r="4" t="41" w="346" /><ent r="4" t="46" w="168" /><ent r="4" t="55" w="342" /></phr><phr n="arguments"><ent r="3" t="13" w="1367" /><ent r="4" t="24" w="754" /><ent r="3" t="24" w="1145" /><ent r="3" t="34" w="908" /><ent r="3" t="34" w="943" /><ent r="3" t="34" w="1038" /><ent r="4" t="35" w="391" /><ent r="3" t="35" w="479" /><ent r="4" t="35" w="482" /><ent r="3" t="35" w="992" /><ent r="4" t="35" w="995" /><ent r="3" t="35" w="1030" /><ent r="4" t="35" w="1641" /><ent r="3" t="35" w="1670" /><ent r="4" t="37" w="648" /><ent r="4" t="37" w="687" /><ent r="3" t="37" w="2730" /><ent r="3" t="37" w="2771" /><ent r="3" t="37" w="2780" /><ent r="3" t="37" w="3027" /><ent r="3" t="37" w="3036" /><ent r="4" t="40" w="228" /><ent r="3" t="40" w="292" /><ent r="3" t="40" w="637" /><ent r="3" t="40" w="651" /><ent r="3" t="40" w="1109" /><ent r="3" t="40" w="1127" /><ent r="3" t="40" w="1232" /><ent r="4" t="41" w="63" /><ent r="4" t="41" w="203" /><ent r="4" t="41" w="286" /><ent r="4" t="41" w="308" /><ent r="3" t="41" w="469" /><ent r="3" t="44" w="853" /><ent r="3" t="44" w="875" /><ent r="4" t="47" w="322" /><ent r="3" t="48" w="118" /><ent r="3" t="55" w="87" /><ent r="3" t="61" w="907" /></phr><phr n="Argument"><ent r="100" t="35" w="156" /><ent r="100" t="35" w="162" /><ent r="65" t="35" w="166" /><ent r="100" t="35" w="176" /><ent r="65" t="35" w="182" /><ent r="92" t="35" w="472" /><ent r="92" t="35" w="985" /></phr><phr n="Arguments"><ent r="82" t="35" w="1017" /><ent r="3" t="61" w="910" /><ent r="3" t="61" w="917" /><ent r="3" t="61" w="939" /><ent r="3" t="61" w="946" /><ent r="3" t="61" w="957" /><ent r="3" t="61" w="964" /><ent r="3" t="61" w="972" /><ent r="3" t="61" w="979" /><ent r="3" t="61" w="987" /><ent r="3" t="61" w="995" /></phr></stem><stem n="cvspassword"><phr n="cvspassword"><ent r="5" t="13" w="1135" /></phr><phr n="CVSPASSWORD"><ent r="100" t="35" w="1442" /><ent r="6" t="35" w="1445" /></phr></stem><stem n="{_cvspassword:str}"><phr n="{_cvspassword:str}"><ent r="5" t="13" w="1137" /></phr></stem><stem n="cv"><phr n="cvs"><ent r="5" t="13" w="1144" /></phr><phr n="CVS"><ent r="5" t="35" w="1460" /></phr></stem><stem n="algorithm"><phr n="algorithm"><ent r="5" t="13" w="1146" /></phr></stem><stem n="md5"><phr n="md5"><ent r="5" t="13" w="1149" /><ent r="3" t="55" w="561" /><ent r="3" t="55" w="618" /></phr><phr n="MD5"><ent r="5" t="13" w="1153" /><ent r="5" t="13" w="1245" /><ent r="100" t="55" w="459" /><ent r="3" t="55" w="544" /><ent r="3" t="55" w="604" /></phr></stem><stem n="{_md5:str}"><phr n="{_md5:str}"><ent r="5" t="13" w="1151" /></phr></stem><stem n="hash"><phr n="hash"><ent r="5" t="13" w="1154" /></phr></stem><stem n="hexadecim"><phr n="hexadecimal"><ent r="5" t="13" w="1160" /><ent r="6" t="16" w="684" /><ent r="4" t="24" w="1225" /><ent r="4" t="24" w="1264" /><ent r="3" t="24" w="1584" /><ent r="6" t="24" w="2620" /><ent r="6" t="24" w="2637" /><ent r="4" t="37" w="1007" /><ent r="4" t="37" w="1012" /></phr><phr n="Hexadecimal"><ent r="100" t="15" w="21" /><ent r="100" t="16" w="514" /><ent r="7" t="16" w="625" /><ent r="9" t="16" w="962" /><ent r="100" t="35" w="587" /><ent r="5" t="35" w="590" /></phr><phr n="HEXADECIMAL"><ent r="3" t="19" w="672" /><ent r="3" t="19" w="1116" /><ent r="3" t="19" w="1359" /><ent r="4" t="29" w="805" /><ent r="4" t="29" w="815" /></phr></stem><stem n="idlelin"><phr n="idleline"><ent r="5" t="13" w="1163" /></phr><phr n="IDLELINE"><ent r="100" t="39" w="564" /><ent r="3" t="39" w="584" /></phr></stem><stem n="{_idleline}"><phr n="{_idleline}"><ent r="5" t="13" w="1164" /></phr></stem><stem n="handler"><phr n="handler"><ent r="5" t="13" w="1177" /><ent r="3" t="35" w="1522" /><ent r="3" t="35" w="1608" /><ent r="3" t="37" w="3769" /><ent r="3" t="37" w="3804" /></phr></stem><stem n="secsconnect"><phr n="secsconnected"><ent r="5" t="13" w="1182" /></phr></stem><stem n="{_secsconnected}"><phr n="{_secsconnected}"><ent r="5" t="13" w="1183" /></phr></stem><stem n="disconnect"><phr n="disconnected"><ent r="5" t="13" w="1202" /><ent r="4" t="37" w="317" /><ent r="3" t="37" w="1436" /><ent r="3" t="37" w="3828" /><ent r="3" t="39" w="590" /></phr><phr n="disconnection"><ent r="3" t="35" w="1509" /><ent r="3" t="37" w="1451" /><ent r="3" t="37" w="3841" /></phr><phr n="disconnect"><ent r="3" t="37" w="1456" /></phr><phr n="DISCONNECT"><ent r="100" t="39" w="480" /><ent r="3" t="39" w="486" /><ent r="3" t="39" w="585" /></phr></stem><stem n="immedi"><phr n="immediately"><ent r="5" t="13" w="1203" /><ent r="3" t="19" w="55" /><ent r="3" t="24" w="1413" /><ent r="3" t="26" w="776" /><ent r="3" t="35" w="1517" /><ent r="4" t="37" w="576" /><ent r="3" t="37" w="2072" /><ent r="3" t="37" w="2117" /><ent r="3" t="37" w="4439" /><ent r="3" t="58" w="389" /></phr></stem><stem n="{_length:str}"><phr n="{_length:str}"><ent r="5" t="13" w="1211" /></phr></stem><stem n="float"><phr n="float"><ent r="5" t="13" w="1222" /></phr><phr n="floating"><ent r="5" t="13" w="1231" /><ent r="4" t="24" w="131" /><ent r="4" t="24" w="1276" /><ent r="4" t="24" w="1286" /><ent r="4" t="24" w="1296" /><ent r="3" t="24" w="1504" /><ent r="3" t="34" w="712" /><ent r="3" t="34" w="1077" /></phr><phr n="Floating"><ent r="72" t="24" w="1499" /></phr></stem><stem n="num"><phr n="num"><ent r="5" t="13" w="1223" /><ent r="100" t="37" w="368" /><ent r="65" t="37" w="372" /><ent r="83" t="37" w="2895" /><ent r="3" t="55" w="139" /><ent r="5" t="55" w="220" /></phr><phr n="Num"><ent r="100" t="35" w="179" /><ent r="100" t="55" w="116" /></phr></stem><stem n="{_float:num}"><phr n="{_float:num}"><ent r="5" t="13" w="1224" /></phr></stem><stem n="pretti"><phr n="pretty"><ent r="5" t="13" w="1227" /></phr></stem><stem n="pretty-print"><phr n="pretty-printed"><ent r="5" t="13" w="1227" /></phr></stem><stem n="&quot;pretty-printed&quot;"><phr n="&quot;pretty-printed&quot;"><ent r="5" t="13" w="1229" /></phr></stem><stem n="printf"><phr n="printf"><ent r="5" t="13" w="1235" /><ent r="4" t="13" w="1612" /><ent r="3" t="61" w="513" /></phr></stem><stem n="%g."><phr n="%g."><ent r="5" t="13" w="1237" /></phr></stem><stem n="hmac"><phr n="hmac"><ent r="5" t="13" w="1239" /></phr><phr n="HMAC"><ent r="5" t="13" w="1244" /></phr></stem><stem n="kei"><phr n="key"><ent r="5" t="13" w="1240" /><ent r="5" t="13" w="1252" /><ent r="3" t="37" w="1382" /></phr><phr n="KEY"><ent r="3" t="56" w="225" /></phr></stem><stem n="msg"><phr n="msg"><ent r="5" t="13" w="1241" /></phr></stem><stem n="{_hmac:key:msg}"><phr n="{_hmac:key:msg}"><ent r="5" t="13" w="1242" /></phr></stem><stem n="-md5"><phr n="-MD5"><ent r="5" t="13" w="1244" /><ent r="5" t="13" w="1244" /></phr></stem><stem n="hmac-md5"><phr n="HMAC-MD5"><ent r="5" t="13" w="1244" /></phr></stem><stem n="urlencod"><phr n="urlencode"><ent r="5" t="13" w="1255" /><ent r="3" t="60" w="227" /></phr></stem><stem n="{_urlencode:str}"><phr n="{_urlencode:str}"><ent r="5" t="13" w="1257" /></phr></stem><stem n="platform"><phr n="platform"><ent r="3" t="13" w="1372" /><ent r="4" t="24" w="2474" /><ent r="4" t="46" w="153" /><ent r="4" t="49" w="198" /><ent r="3" t="56" w="718" /><ent r="3" t="61" w="122" /></phr><phr n="platforms"><ent r="3" t="24" w="1671" /><ent r="4" t="61" w="38" /><ent r="4" t="61" w="45" /><ent r="3" t="65" w="283" /></phr></stem><stem n="platform-friendli"><phr n="platform-friendly"><ent r="3" t="13" w="1372" /></phr></stem><stem n="friendli"><phr n="friendly"><ent r="3" t="13" w="1373" /></phr></stem><stem n="-friendly."><phr n="-friendly."><ent r="3" t="13" w="1374" /><ent r="3" t="13" w="1374" /></phr></stem><stem n="{message}"><phr n="{message}"><ent r="5" t="13" w="1383" /></phr></stem><stem n="notifier'"><phr n="notifier's"><ent r="5" t="13" w="1386" /><ent r="5" t="13" w="1385" /><ent r="5" t="13" w="1404" /><ent r="5" t="13" w="1403" /><ent r="5" t="13" w="1426" /><ent r="5" t="13" w="1425" /></phr></stem><stem n="(on"><phr n="(On"><ent r="5" t="13" w="1389" /></phr></stem><stem n="-quot"><phr n="-quote"><ent r="5" t="13" w="1392" /><ent r="5" t="13" w="1392" /></phr><phr n="-quotes"><ent r="4" t="17" w="388" /><ent r="4" t="17" w="388" /><ent r="4" t="24" w="248" /><ent r="4" t="24" w="248" /><ent r="4" t="66" w="118" /><ent r="4" t="66" w="118" /><ent r="4" t="66" w="293" /><ent r="4" t="66" w="293" /></phr><phr n="-quoted"><ent r="4" t="24" w="257" /><ent r="4" t="24" w="257" /></phr></stem><stem n="double-quot"><phr n="double-quote"><ent r="5" t="13" w="1392" /></phr><phr n="double-quotes"><ent r="4" t="17" w="388" /><ent r="4" t="24" w="248" /><ent r="4" t="35" w="487" /><ent r="4" t="66" w="118" /><ent r="4" t="66" w="293" /><ent r="3" t="69" w="27" /></phr><phr n="double-quoted"><ent r="4" t="24" w="257" /></phr></stem><stem n="escap"><phr n="escaped"><ent r="5" t="13" w="1395" /><ent r="5" t="13" w="1421" /><ent r="5" t="13" w="1429" /><ent r="3" t="70" w="1783" /></phr><phr n="Escapes"><ent r="5" t="13" w="1444" /></phr><phr n="escaping"><ent r="5" t="13" w="1468" /></phr><phr n="escape"><ent r="3" t="35" w="514" /></phr></stem><stem n="\&quot;.)"><phr n="\&quot;.)"><ent r="5" t="13" w="1397" /></phr></stem><stem n="strip"><phr n="stripped"><ent r="5" t="13" w="1399" /><ent r="3" t="46" w="95" /></phr><phr n="strip"><ent r="3" t="14" w="1256" /><ent r="4" t="16" w="1001" /><ent r="3" t="27" w="219" /><ent r="4" t="66" w="631" /><ent r="6" t="70" w="1300" /></phr></stem><stem n="stripped_messag"><phr n="stripped_message"><ent r="5" t="13" w="1400" /><ent r="5" t="13" w="1399" /></phr></stem><stem n="{stripped_message}"><phr n="{stripped_message}"><ent r="5" t="13" w="1401" /></phr></stem><stem n="('"><phr n="('"><ent r="5" t="13" w="1409" /></phr></stem><stem n="&quot;)"><phr n="&quot;)"><ent r="5" t="13" w="1410" /><ent r="3" t="20" w="387" /><ent r="3" t="34" w="889" /><ent r="3" t="34" w="926" /><ent r="3" t="34" w="932" /><ent r="3" t="44" w="674" /><ent r="6" t="70" w="1389" /><ent r="3" t="70" w="1790" /></phr></stem><stem n="newlin"><phr n="newlines"><ent r="5" t="13" w="1412" /></phr></stem><stem n="(\r"><phr n="(\r"><ent r="5" t="13" w="1413" /></phr></stem><stem n="r"><phr n="r"><ent r="5" t="13" w="1413" /><ent r="3" t="34" w="518" /><ent r="6" t="35" w="517" /><ent r="3" t="35" w="616" /><ent r="5" t="35" w="758" /><ent r="3" t="35" w="869" /><ent r="100" t="37" w="12" /><ent r="100" t="37" w="19" /><ent r="100" t="37" w="35" /><ent r="4" t="37" w="3222" /><ent r="3" t="37" w="3908" /><ent r="3" t="37" w="3927" /><ent r="3" t="37" w="3944" /><ent r="3" t="37" w="3959" /><ent r="3" t="37" w="4329" /><ent r="3" t="39" w="462" /><ent r="3" t="39" w="483" /><ent r="3" t="55" w="143" /><ent r="5" t="55" w="285" /><ent r="3" t="61" w="271" /><ent r="3" t="61" w="309" /><ent r="3" t="61" w="492" /><ent r="3" t="61" w="501" /><ent r="3" t="61" w="516" /><ent r="3" t="61" w="570" /><ent r="3" t="61" w="592" /></phr></stem><stem n="\n)"><phr n="\n)"><ent r="5" t="13" w="1416" /></phr></stem><stem n="escaped_messag"><phr n="escaped_message"><ent r="5" t="13" w="1422" /><ent r="5" t="13" w="1421" /></phr></stem><stem n="{escaped_message}"><phr n="{escaped_message}"><ent r="5" t="13" w="1423" /></phr></stem><stem n="(e.g."><phr n="(e.g."><ent r="5" t="13" w="1435" /><ent r="4" t="16" w="1571" /><ent r="4" t="24" w="579" /><ent r="4" t="24" w="1822" /><ent r="4" t="35" w="374" /></phr></stem><stem n="%20"><phr n="%20"><ent r="5" t="13" w="1435" /><ent r="4" t="70" w="1796" /></phr></stem><stem n="20"><phr n="20"><ent r="5" t="13" w="1435" /><ent r="3" t="13" w="1982" /><ent r="3" t="13" w="1988" /><ent r="3" t="13" w="1996" /><ent r="3" t="13" w="2339" /><ent r="3" t="14" w="128" /><ent r="3" t="14" w="768" /><ent r="3" t="14" w="1173" /><ent r="6" t="16" w="663" /><ent r="3" t="22" w="1369" /><ent r="3" t="24" w="1999" /><ent r="3" t="24" w="2005" /><ent r="3" t="24" w="2019" /><ent r="3" t="24" w="2025" /><ent r="3" t="24" w="2032" /><ent r="3" t="24" w="2041" /><ent r="3" t="24" w="2047" /><ent r="3" t="24" w="2061" /><ent r="3" t="24" w="2067" /><ent r="3" t="24" w="2074" /><ent r="3" t="24" w="2083" /><ent r="3" t="24" w="2089" /><ent r="3" t="24" w="2096" /><ent r="3" t="24" w="2105" /><ent r="3" t="24" w="2111" /><ent r="3" t="24" w="2116" /><ent r="3" t="31" w="66" /><ent r="3" t="31" w="99" /><ent r="4" t="31" w="167" /><ent r="3" t="37" w="3937" /><ent r="3" t="37" w="4047" /><ent r="3" t="47" w="635" /><ent r="3" t="47" w="665" /><ent r="3" t="49" w="786" /><ent r="3" t="55" w="535" /><ent r="3" t="55" w="568" /><ent r="6" t="70" w="1146" /><ent r="4" t="70" w="1796" /></phr></stem><stem n="urlescap"><phr n="urlescape"><ent r="5" t="13" w="1441" /></phr></stem><stem n="{urlescape:str}"><phr n="{urlescape:str}"><ent r="5" t="13" w="1443" /></phr></stem><stem n="expand"><phr n="expanded"><ent r="5" t="13" w="1465" /><ent r="3" t="19" w="1840" /></phr><phr n="expand"><ent r="3" t="20" w="215" /></phr><phr n="expander"><ent r="3" t="20" w="297" /><ent r="3" t="20" w="335" /><ent r="3" t="20" w="385" /><ent r="3" t="20" w="440" /><ent r="3" t="20" w="449" /><ent r="3" t="20" w="472" /><ent r="3" t="20" w="475" /><ent r="3" t="20" w="484" /><ent r="3" t="20" w="507" /><ent r="3" t="20" w="516" /><ent r="3" t="20" w="529" /><ent r="3" t="20" w="532" /><ent r="3" t="20" w="535" /><ent r="3" t="20" w="546" /><ent r="3" t="20" w="569" /></phr><phr n="Expander"><ent r="3" t="20" w="340" /><ent r="3" t="20" w="357" /><ent r="3" t="20" w="436" /><ent r="3" t="20" w="444" /><ent r="3" t="20" w="454" /><ent r="3" t="20" w="459" /><ent r="3" t="20" w="464" /><ent r="3" t="20" w="469" /><ent r="3" t="20" w="479" /><ent r="3" t="20" w="489" /><ent r="3" t="20" w="494" /><ent r="3" t="20" w="499" /><ent r="3" t="20" w="504" /><ent r="3" t="20" w="509" /><ent r="3" t="20" w="513" /><ent r="3" t="20" w="521" /><ent r="3" t="20" w="526" /><ent r="3" t="20" w="539" /><ent r="3" t="20" w="543" /><ent r="3" t="20" w="551" /><ent r="3" t="20" w="556" /><ent r="3" t="20" w="561" /><ent r="3" t="20" w="566" /></phr><phr n="expands"><ent r="4" t="46" w="155" /><ent r="3" t="66" w="462" /></phr></stem><stem n="manipul"><phr n="manipulate"><ent r="3" t="13" w="1481" /><ent r="3" t="37" w="754" /></phr></stem><stem n="{chartable:"><phr n="{chartable:"><ent r="4" t="13" w="1540" /><ent r="3" t="13" w="1665" /><ent r="3" t="13" w="1671" /><ent r="3" t="13" w="1677" /><ent r="3" t="13" w="1687" /><ent r="3" t="13" w="1695" /><ent r="3" t="13" w="1708" /><ent r="3" t="13" w="1715" /><ent r="3" t="13" w="1724" /></phr></stem><stem n="...}"><phr n="...}"><ent r="4" t="13" w="1540" /></phr></stem><stem n="width"><phr n="width"><ent r="3" t="13" w="1562" /><ent r="3" t="24" w="1329" /><ent r="3" t="24" w="1333" /><ent r="3" t="24" w="1360" /><ent r="3" t="24" w="1449" /><ent r="3" t="24" w="2505" /><ent r="6" t="70" w="1113" /><ent r="6" t="70" w="1132" /><ent r="6" t="70" w="1138" /><ent r="6" t="70" w="1144" /><ent r="6" t="70" w="1326" /><ent r="7" t="70" w="1360" /><ent r="3" t="73" w="29" /><ent r="4" t="73" w="52" /><ent r="4" t="73" w="59" /><ent r="5" t="73" w="74" /></phr></stem><stem n="decim"><phr n="decimal"><ent r="3" t="13" w="1566" /><ent r="4" t="13" w="1589" /><ent r="4" t="24" w="434" /><ent r="3" t="24" w="979" /><ent r="4" t="24" w="1209" /><ent r="4" t="24" w="1245" /><ent r="3" t="24" w="1517" /><ent r="3" t="24" w="1521" /><ent r="3" t="43" w="62" /></phr></stem><stem n="placement"><phr n="placement"><ent r="4" t="13" w="1583" /></phr></stem><stem n="either"><phr n="either"><ent r="4" t="13" w="1602" /><ent r="4" t="22" w="672" /><ent r="3" t="23" w="229" /><ent r="3" t="29" w="840" /><ent r="3" t="34" w="705" /><ent r="3" t="34" w="709" /><ent r="3" t="35" w="1475" /><ent r="3" t="37" w="2480" /><ent r="3" t="58" w="177" /><ent r="3" t="70" w="181" /></phr><phr n="Either"><ent r="3" t="32" w="311" /><ent r="6" t="70" w="1651" /></phr></stem><stem n="mask"><phr n="mask"><ent r="4" t="13" w="1604" /></phr></stem><stem n="'#'"><phr n="'#'"><ent r="4" t="13" w="1608" /></phr></stem><stem n="sprintf"><phr n="sprintf"><ent r="65" t="13" w="1620" /><ent r="3" t="13" w="1863" /><ent r="3" t="14" w="678" /><ent r="65" t="24" w="760" /><ent r="82" t="24" w="1161" /><ent r="3" t="24" w="1164" /><ent r="3" t="24" w="1370" /><ent r="3" t="24" w="1376" /><ent r="3" t="24" w="1417" /><ent r="3" t="24" w="1424" /><ent r="3" t="24" w="1462" /><ent r="3" t="24" w="1469" /><ent r="3" t="24" w="1476" /><ent r="3" t="24" w="1483" /><ent r="3" t="24" w="1490" /><ent r="3" t="24" w="1538" /><ent r="3" t="24" w="1546" /><ent r="3" t="24" w="1555" /><ent r="3" t="24" w="1564" /><ent r="3" t="24" w="1586" /><ent r="3" t="24" w="1597" /><ent r="3" t="61" w="740" /><ent r="3" t="61" w="793" /></phr><phr n="Sprintf"><ent r="100" t="24" w="758" /></phr></stem><stem n="(but"><phr n="(but"><ent r="4" t="13" w="1631" /></phr></stem><stem n="accord"><phr n="according"><ent r="4" t="13" w="1643" /><ent r="6" t="16" w="563" /><ent r="6" t="16" w="928" /><ent r="4" t="16" w="1063" /><ent r="3" t="21" w="299" /><ent r="3" t="65" w="113" /></phr></stem><stem n="$pi"><phr n="$pi"><ent r="4" t="13" w="1655" /><ent r="3" t="13" w="1665" /><ent r="3" t="13" w="1671" /><ent r="3" t="13" w="1678" /><ent r="3" t="13" w="1689" /><ent r="3" t="13" w="1697" /><ent r="3" t="13" w="1708" /><ent r="3" t="13" w="1717" /><ent r="3" t="13" w="1726" /></phr></stem><stem n="#.##"><phr n="#.##"><ent r="3" t="13" w="1665" /><ent r="3" t="13" w="2218" /><ent r="3" t="13" w="2236" /></phr></stem><stem n="}:"><phr n="}:"><ent r="3" t="13" w="1666" /><ent r="3" t="13" w="1672" /><ent r="3" t="13" w="1679" /><ent r="3" t="13" w="1690" /><ent r="3" t="13" w="1698" /></phr></stem><stem n=".14"><phr n=".14"><ent r="3" t="13" w="1668" /></phr></stem><stem n="3.14"><phr n="3.14"><ent r="3" t="13" w="1668" /><ent r="3" t="13" w="1667" /></phr></stem><stem n="14"><phr n="14"><ent r="3" t="13" w="1668" /><ent r="3" t="35" w="1698" /><ent r="3" t="35" w="1702" /><ent r="3" t="35" w="1709" /><ent r="3" t="37" w="1979" /><ent r="3" t="37" w="3897" /><ent r="3" t="37" w="3986" /><ent r="3" t="37" w="4170" /><ent r="3" t="37" w="4258" /><ent r="3" t="37" w="4305" /><ent r="3" t="37" w="4309" /><ent r="3" t="64" w="475" /><ent r="3" t="64" w="487" /></phr></stem><stem n="#.#######"><phr n="#.#######"><ent r="3" t="13" w="1671" /><ent r="3" t="13" w="1708" /></phr></stem><stem n=".1415927"><phr n=".1415927"><ent r="3" t="13" w="1674" /><ent r="3" t="13" w="1692" /><ent r="3" t="13" w="1700" /></phr></stem><stem n="3.1415927"><phr n="3.1415927"><ent r="3" t="13" w="1674" /><ent r="3" t="13" w="1673" /><ent r="3" t="13" w="1692" /><ent r="3" t="13" w="1691" /><ent r="3" t="13" w="1700" /><ent r="3" t="13" w="1699" /></phr></stem><stem n="1415927"><phr n="1415927"><ent r="3" t="13" w="1674" /><ent r="3" t="13" w="1692" /><ent r="3" t="13" w="1700" /></phr></stem><stem n="3d"><phr n="3d"><ent r="3" t="13" w="1677" /></phr></stem><stem n="&quot;%3d&quot;"><phr n="&quot;%3d&quot;"><ent r="3" t="13" w="1678" /></phr></stem><stem n="(with"><phr n="(with"><ent r="3" t="13" w="1681" /><ent r="3" t="34" w="641" /><ent r="3" t="34" w="1040" /></phr></stem><stem n="lead"><phr n="leading"><ent r="3" t="13" w="1683" /><ent r="3" t="13" w="1704" /><ent r="3" t="13" w="1732" /><ent r="3" t="14" w="1261" /><ent r="3" t="37" w="2721" /></phr></stem><stem n="9"><phr n="9"><ent r="3" t="13" w="1687" /><ent r="3" t="13" w="1715" /><ent r="3" t="13" w="1889" /><ent r="3" t="13" w="2008" /><ent r="3" t="13" w="2333" /><ent r="3" t="16" w="165" /><ent r="3" t="24" w="991" /><ent r="3" t="24" w="1110" /><ent r="3" t="24" w="1116" /><ent r="3" t="26" w="332" /><ent r="3" t="32" w="973" /><ent r="3" t="32" w="1712" /><ent r="3" t="34" w="662" /><ent r="3" t="35" w="924" /><ent r="3" t="35" w="944" /><ent r="3" t="35" w="959" /><ent r="4" t="49" w="434" /><ent r="3" t="55" w="841" /><ent r="3" t="55" w="894" /><ent r="3" t="55" w="1013" /><ent r="3" t="55" w="1025" /><ent r="3" t="55" w="1039" /><ent r="3" t="55" w="1058" /><ent r="3" t="55" w="1126" /></phr></stem><stem n="9.7f"><phr n="9.7f"><ent r="3" t="13" w="1688" /><ent r="3" t="13" w="1687" /><ent r="3" t="13" w="1716" /><ent r="3" t="13" w="1715" /></phr></stem><stem n="7f"><phr n="7f"><ent r="3" t="13" w="1688" /><ent r="3" t="13" w="1696" /><ent r="3" t="13" w="1716" /><ent r="3" t="13" w="1725" /></phr></stem><stem n="&quot;%9.7f&quot;"><phr n="&quot;%9.7f&quot;"><ent r="3" t="13" w="1689" /><ent r="3" t="13" w="1717" /></phr></stem><stem n="11"><phr n="11"><ent r="3" t="13" w="1695" /><ent r="3" t="13" w="1724" /><ent r="3" t="24" w="1865" /><ent r="3" t="29" w="911" /><ent r="3" t="32" w="999" /><ent r="3" t="37" w="3962" /><ent r="3" t="64" w="405" /><ent r="3" t="64" w="443" /><ent r="3" t="64" w="466" /><ent r="3" t="64" w="489" /></phr></stem><stem n="11.7f"><phr n="11.7f"><ent r="3" t="13" w="1696" /><ent r="3" t="13" w="1695" /><ent r="3" t="13" w="1725" /><ent r="3" t="13" w="1724" /></phr></stem><stem n="&quot;%11.7f&quot;"><phr n="&quot;%11.7f&quot;"><ent r="3" t="13" w="1697" /><ent r="3" t="13" w="1726" /></phr></stem><stem n="(also"><phr n="(also"><ent r="3" t="13" w="1701" /></phr></stem><stem n="100"><phr n="100"><ent r="3" t="13" w="1709" /><ent r="3" t="13" w="2351" /><ent r="3" t="13" w="2536" /><ent r="3" t="14" w="682" /><ent r="4" t="24" w="638" /><ent r="3" t="34" w="976" /><ent r="3" t="34" w="1001" /><ent r="3" t="34" w="1020" /><ent r="5" t="41" w="364" /><ent r="3" t="48" w="195" /></phr></stem><stem n="*100}:"><phr n="*100}:"><ent r="3" t="13" w="1710" /></phr></stem><stem n="314"><phr n="314"><ent r="3" t="13" w="1711" /></phr></stem><stem n=".1592650"><phr n=".1592650"><ent r="3" t="13" w="1712" /></phr></stem><stem n="314.1592650"><phr n="314.1592650"><ent r="3" t="13" w="1712" /><ent r="3" t="13" w="1711" /></phr></stem><stem n="1592650"><phr n="1592650"><ent r="3" t="13" w="1712" /></phr></stem><stem n="1000"><phr n="1000"><ent r="3" t="13" w="1718" /><ent r="3" t="13" w="2141" /><ent r="3" t="13" w="2151" /><ent r="4" t="13" w="2163" /><ent r="3" t="13" w="2270" /><ent r="3" t="13" w="2313" /><ent r="5" t="41" w="367" /><ent r="3" t="48" w="198" /></phr></stem><stem n="*1000}:"><phr n="*1000}:"><ent r="3" t="13" w="1719" /></phr></stem><stem n="3141"><phr n="3141"><ent r="3" t="13" w="1720" /></phr></stem><stem n=".5926500"><phr n=".5926500"><ent r="3" t="13" w="1721" /></phr></stem><stem n="3141.5926500"><phr n="3141.5926500"><ent r="3" t="13" w="1721" /><ent r="3" t="13" w="1720" /></phr></stem><stem n="5926500"><phr n="5926500"><ent r="3" t="13" w="1721" /></phr></stem><stem n="10000"><phr n="10000"><ent r="3" t="13" w="1727" /><ent r="3" t="56" w="553" /><ent r="3" t="56" w="572" /></phr></stem><stem n="*10000}:"><phr n="*10000}:"><ent r="3" t="13" w="1728" /></phr></stem><stem n="31415"><phr n="31415"><ent r="3" t="13" w="1729" /></phr></stem><stem n=".9265000"><phr n=".9265000"><ent r="3" t="13" w="1730" /></phr></stem><stem n="31415.9265000"><phr n="31415.9265000"><ent r="3" t="13" w="1730" /><ent r="3" t="13" w="1729" /></phr></stem><stem n="9265000"><phr n="9265000"><ent r="3" t="13" w="1730" /></phr></stem></index>