﻿<?xml version="1.0" encoding="utf-8"?><CatapultTargetIndex><IndexEntry><Entries><IndexEntry Term="Hexadecimal Number"><Entries /><Links><IndexLink Title="Probe Script Language Reference" Link="/Content/02-CustomProbes/language.html#kanchor332" UsedConditions="" /></Links></IndexEntry><IndexEntry Term="Horizontal Tab"><Entries /><Links><IndexLink Title="Probe Script Language Reference" Link="/Content/02-CustomProbes/language.html#kanchor327" UsedConditions="" /></Links></IndexEntry><IndexEntry Term="Hosting"><Entries><IndexEntry Term="InterMapper"><Entries /><Links><IndexLink Title="Command Line Probes" Link="/Content/02-CustomProbes/commandlineprobes.htm#kanchor537" UsedConditions="" /></Links></IndexEntry></Entries><Links><IndexLink Title="Command Line Probes" Link="/Content/02-CustomProbes/commandlineprobes.htm#kanchor573" UsedConditions="" /></Links></IndexEntry><IndexEntry Term="HREF"><Entries /><Links><IndexLink Title="Target Files" Link="/Content/03-CustomWebPages/targetfiles.html#kanchor715" UsedConditions="" /><IndexLink Title="Directives" Link="/Content/03-CustomWebPages/directives.html#kanchor749" UsedConditions="" /></Links></IndexEntry><IndexEntry Term="HTML"><Entries><IndexEntry Term="shows"><Entries /><Links><IndexLink Title="Macro Reference" Link="/Content/03-CustomWebPages/macros.htm#kanchor766" UsedConditions="" /></Links></IndexEntry><IndexEntry Term="Use"><Entries /><Links><IndexLink Title="Probe Script Language Reference" Link="/Content/02-CustomProbes/language.html#kanchor287" UsedConditions="" /><IndexLink Title="Directives" Link="/Content/03-CustomWebPages/directives.html#kanchor741" UsedConditions="" /></Links></IndexEntry></Entries><Links><IndexLink Title="Probe File Format" Link="/Content/02-CustomProbes/Probe_File_Format.htm#kanchor23" UsedConditions="" /><IndexLink Title="Probe Comments" Link="/Content/02-CustomProbes/comments.html#kanchor112" UsedConditions="" /><IndexLink Title="Probe Script Language Reference" Link="/Content/02-CustomProbes/language.html#kanchor375" UsedConditions="" /><IndexLink Title="Target Files" Link="/Content/03-CustomWebPages/targetfiles.html#kanchor711" UsedConditions="" /><IndexLink Title="Template Files" Link="/Content/03-CustomWebPages/templatefiles.html#kanchor724" UsedConditions="" /><IndexLink Title="Directives" Link="/Content/03-CustomWebPages/directives.html#kanchor740" UsedConditions="" /><IndexLink Title="Macro Reference" Link="/Content/03-CustomWebPages/macros.htm#kanchor760" UsedConditions="" /><IndexLink Title="Folder Structure" Link="/Content/03-CustomWebPages/folders.html#kanchor820" UsedConditions="" /></Links></IndexEntry><IndexEntry Term="Htmlrefreshmetaoptions"><Entries /><Links><IndexLink Title="Macro Reference" Link="/Content/03-CustomWebPages/macros.htm#kanchor804" UsedConditions="" /></Links></IndexEntry><IndexEntry Term="Htmlrefreshmetatag"><Entries /><Links><IndexLink Title="Macro Reference" Link="/Content/03-CustomWebPages/macros.htm#kanchor802" UsedConditions="" /></Links></IndexEntry><IndexEntry Term="httpparams_endchart"><Entries /><Links><IndexLink Title="Macro Reference" Link="/Content/03-CustomWebPages/macros.htm#kanchor808" UsedConditions="" /></Links></IndexEntry><IndexEntry Term="httpparams_nextchart"><Entries /><Links><IndexLink Title="Macro Reference" Link="/Content/03-CustomWebPages/macros.htm#kanchor809" UsedConditions="" /></Links></IndexEntry><IndexEntry Term="httpparams_prevchart"><Entries /><Links><IndexLink Title="Macro Reference" Link="/Content/03-CustomWebPages/macros.htm#kanchor810" UsedConditions="" /></Links></IndexEntry><IndexEntry Term="httpparams_startchart"><Entries /><Links><IndexLink Title="Macro Reference" Link="/Content/03-CustomWebPages/macros.htm#kanchor811" UsedConditions="" /></Links></IndexEntry><IndexEntry Term="httpparams_timescale"><Entries /><Links><IndexLink Title="Macro Reference" Link="/Content/03-CustomWebPages/macros.htm#kanchor812" UsedConditions="" /></Links></IndexEntry><IndexEntry Term="Human_name"><Entries /><Links><IndexLink Title="Probe File Header" Link="/Content/02-CustomProbes/header.html#kanchor48" UsedConditions="" /><IndexLink Title="Example TCP Probe File" Link="/Content/02-CustomProbes/tcpexample.html#kanchor505" UsedConditions="" /></Links></IndexEntry><IndexEntry Term="Hyperlinks"><Entries><IndexEntry Term="making"><Entries /><Links><IndexLink Title="Probe File Description" Link="/Content/02-CustomProbes/description.html#kanchor100" UsedConditions="" /></Links></IndexEntry></Entries><Links><IndexLink Title="Probe File Description" Link="/Content/02-CustomProbes/description.html#kanchor99" UsedConditions="" /></Links></IndexEntry><IndexEntry Term="ICMP"><Entries><IndexEntry Term="send"><Entries /><Links><IndexLink Title="Probe File Header" Link="/Content/02-CustomProbes/header.html#kanchor66" UsedConditions="" /></Links></IndexEntry></Entries><Links><IndexLink Title="Probe File Header" Link="/Content/02-CustomProbes/header.html#kanchor65" UsedConditions="" /><IndexLink Title="Measuring Response Times" Link="/Content/02-CustomProbes/timing.html#kanchor693" UsedConditions="" /></Links></IndexEntry><IndexEntry Term="ID"><Entries /><Links><IndexLink Title="Probe Command Reference" Link="/Content/02-CustomProbes/commandref.html#kanchor426" UsedConditions="" /></Links></IndexEntry><IndexEntry Term="IDLE"><Entries /><Links><IndexLink Title="Probe Script Language Reference" Link="/Content/02-CustomProbes/language.html#kanchor347" UsedConditions="" /><IndexLink Title="Example TCP Probe File" Link="/Content/02-CustomProbes/tcpexample.html#kanchor526" UsedConditions="" /></Links></IndexEntry><IndexEntry Term="IDLE timeout"><Entries /><Links><IndexLink Title="Probe Script Language Reference" Link="/Content/02-CustomProbes/language.html#kanchor365" UsedConditions="" /></Links></IndexEntry><IndexEntry Term="Idlefail"><Entries /><Links><IndexLink Title="Probe Command Reference" Link="/Content/02-CustomProbes/commandref.html#kanchor426" UsedConditions="" /></Links></IndexEntry><IndexEntry Term="IDLELINE"><Entries /><Links><IndexLink Title="Probe Script Language Reference" Link="/Content/02-CustomProbes/language.html#kanchor368" UsedConditions="" /><IndexLink Title="Example TCP Probe File" Link="/Content/02-CustomProbes/tcpexample.html#kanchor534" UsedConditions="" /></Links></IndexEntry><IndexEntry Term="IDLETIMEOUT"><Entries /><Links><IndexLink Title="Probe Script Language Reference" Link="/Content/02-CustomProbes/language.html#kanchor364" UsedConditions="" /></Links></IndexEntry><IndexEntry Term="If apcups"><Entries /><Links><IndexLink Title="Custom SNMP Probes" Link="/Content/02-CustomProbes/customsnmpprobes.html#kanchor172" UsedConditions="" /><IndexLink Title="Probe Properties" Link="/Content/02-CustomProbes/probeproperties.htm#kanchor272" UsedConditions="" /></Links></IndexEntry><IndexEntry Term="Ifadmin"><Entries /><Links><IndexLink Title="Macro Reference" Link="/Content/03-CustomWebPages/macros.htm#kanchor795" UsedConditions="" /></Links></IndexEntry><IndexEntry Term="IfDescr"><Entries /><Links><IndexLink Title="Errors with Custom Probes" Link="/Content/02-CustomProbes/errors.html#kanchor626" UsedConditions="" /></Links></IndexEntry><IndexEntry Term="IfTable"><Entries /><Links><IndexLink Title="Debugging with SNMPWalk" Link="/Content/02-CustomProbes/Debugging_with_SNMPWalk.htm#kanchor659" UsedConditions="" /></Links></IndexEntry><IndexEntry Term="IfXTable"><Entries /><Links><IndexLink Title="Debugging with SNMPWalk" Link="/Content/02-CustomProbes/Debugging_with_SNMPWalk.htm#kanchor660" UsedConditions="" /></Links></IndexEntry><IndexEntry Term="Ignore"><Entries><IndexEntry Term="telnet"><Entries /><Links><IndexLink Title="Probe Command Reference" Link="/Content/02-CustomProbes/commandref.html#kanchor406" UsedConditions="" /></Links></IndexEntry></Entries><Links><IndexLink Title="Probe Command Reference" Link="/Content/02-CustomProbes/commandref.html#kanchor401" UsedConditions="" /></Links></IndexEntry><IndexEntry Term="Imagefile"><Entries /><Links><IndexLink Title="Macro Reference" Link="/Content/03-CustomWebPages/macros.htm#kanchor799" UsedConditions="" /></Links></IndexEntry><IndexEntry Term="Imageref"><Entries /><Links><IndexLink Title="Template Files" Link="/Content/03-CustomWebPages/templatefiles.html#kanchor732" UsedConditions="" /><IndexLink Title="Macro Reference" Link="/Content/03-CustomWebPages/macros.htm#kanchor798" UsedConditions="" /><IndexLink Title="Folder Structure" Link="/Content/03-CustomWebPages/folders.html#kanchor826" UsedConditions="" /></Links></IndexEntry><IndexEntry Term="Imagesuffix"><Entries /><Links><IndexLink Title="Macro Reference" Link="/Content/03-CustomWebPages/macros.htm#kanchor781" UsedConditions="" /></Links></IndexEntry><IndexEntry Term="Img"><Entries /><Links><IndexLink Title="Template Files" Link="/Content/03-CustomWebPages/templatefiles.html#kanchor735" UsedConditions="" /><IndexLink Title="Macro Reference" Link="/Content/03-CustomWebPages/macros.htm#kanchor800" UsedConditions="" /></Links></IndexEntry><IndexEntry Term="Import Probe"><Entries /><Links><IndexLink Title="Installing Custom Probes" Link="/Content/02-CustomProbes/installing.html#kanchor606" UsedConditions="" /></Links></IndexEntry><IndexEntry Term="Include"><Entries><IndexEntry Term="carriage-return"><Entries /><Links><IndexLink Title="Probe Command Reference" Link="/Content/02-CustomProbes/commandref.html#kanchor494" UsedConditions="" /></Links></IndexEntry><IndexEntry Term="CPU"><Entries /><Links><IndexLink Title="Custom SNMP Probes" Link="/Content/02-CustomProbes/customsnmpprobes.html#kanchor137" UsedConditions="" /></Links></IndexEntry><IndexEntry Term="SNMP MIB"><Entries /><Links><IndexLink Title="Probe Calculations" Link="/Content/02-CustomProbes/probecalculations.htm#kanchor191" UsedConditions="" /></Links></IndexEntry><IndexEntry Term="WAIT"><Entries /><Links><IndexLink Title="Probe Command Reference" Link="/Content/02-CustomProbes/commandref.html#kanchor426" UsedConditions="" /></Links></IndexEntry></Entries><Links><IndexLink Title="Custom SNMP Probes" Link="/Content/02-CustomProbes/customsnmpprobes.html#kanchor136" UsedConditions="" /><IndexLink Title="Probe Calculations" Link="/Content/02-CustomProbes/probecalculations.htm#kanchor189" UsedConditions="" /><IndexLink Title="Probe Command Reference" Link="/Content/02-CustomProbes/commandref.html#kanchor479" UsedConditions="" /></Links></IndexEntry><IndexEntry Term="Incoming"><Entries><IndexEntry Term="Telnet"><Entries /><Links><IndexLink Title="Probe Command Reference" Link="/Content/02-CustomProbes/commandref.html#kanchor406" UsedConditions="" /></Links></IndexEntry></Entries><Links><IndexLink Title="Probe Command Reference" Link="/Content/02-CustomProbes/commandref.html#kanchor396" UsedConditions="" /></Links></IndexEntry><IndexEntry Term="Incorrect login"><Entries /><Links><IndexLink Title="Probe Command Reference" Link="/Content/02-CustomProbes/commandref.html#kanchor492" UsedConditions="" /></Links></IndexEntry><IndexEntry Term="Index.html"><Entries /><Links><IndexLink Title="Target Files" Link="/Content/03-CustomWebPages/targetfiles.html#kanchor717" UsedConditions="" /><IndexLink Title="Directives" Link="/Content/03-CustomWebPages/directives.html#kanchor744" UsedConditions="" /><IndexLink Title="Folder Structure" Link="/Content/03-CustomWebPages/folders.html#kanchor830" UsedConditions="" /></Links></IndexEntry><IndexEntry Term="Indicates"><Entries><IndexEntry Term="SNMP"><Entries /><Links><IndexLink Title="Debugging with SNMPWalk" Link="/Content/02-CustomProbes/Debugging_with_SNMPWalk.htm#kanchor628" UsedConditions="" /></Links></IndexEntry></Entries><Links><IndexLink Title="Debugging with SNMPWalk" Link="/Content/02-CustomProbes/Debugging_with_SNMPWalk.htm#kanchor642" UsedConditions="" /></Links></IndexEntry><IndexEntry Term="Information"><Entries /><Links><IndexLink Title="Customized Pop-up Windows" Link="/Content/02-CustomProbes/customstatuswindows.html#kanchor122" UsedConditions="" /></Links></IndexEntry><IndexEntry Term="Installing"><Entries><IndexEntry Term="Command-line Probe"><Entries /><Links><IndexLink Title="Command Line Probes" Link="/Content/02-CustomProbes/commandlineprobes.htm#kanchor552" UsedConditions="" /></Links></IndexEntry><IndexEntry Term="Custom Probes"><Entries /><Links><IndexLink Title="Installing Custom Probes" Link="/Content/02-CustomProbes/installing.html#kanchor600" UsedConditions="" /></Links></IndexEntry></Entries><Links><IndexLink Title="Command Line Probes" Link="/Content/02-CustomProbes/commandlineprobes.htm#kanchor559" UsedConditions="" /><IndexLink Title="Installing Custom Probes" Link="/Content/02-CustomProbes/installing.html#kanchor599" UsedConditions="" /></Links></IndexEntry><IndexEntry Term="Integer"><Entries /><Links><IndexLink Title="Probe Calculations" Link="/Content/02-CustomProbes/probecalculations.htm#kanchor230" UsedConditions="" /></Links></IndexEntry><IndexEntry Term="InterMapper Logs"><Entries /><Links><IndexLink Title="Debugging with SNMPWalk" Link="/Content/02-CustomProbes/Debugging_with_SNMPWalk.htm#kanchor666" UsedConditions="" /></Links></IndexEntry><IndexEntry Term="InterMapper Remote"><Entries /><Links><IndexLink Title="Using the Command Line Interface" Link="/Content/02-CustomProbes/Using_the_Command_Line_Interface.htm#kanchor854" UsedConditions="" /></Links></IndexEntry><IndexEntry Term="InterMapper Scripting Language"><Entries /><Links><IndexLink Title="Probe Command Reference" Link="/Content/02-CustomProbes/commandref.html#kanchor381" UsedConditions="" /></Links></IndexEntry><IndexEntry Term="InterMapper Server"><Entries><IndexEntry Term="testing"><Entries /><Links><IndexLink Title="Using the Command Line Interface" Link="/Content/02-CustomProbes/Using_the_Command_Line_Interface.htm#kanchor853" UsedConditions="" /></Links></IndexEntry></Entries><Links /></IndexEntry><IndexEntry Term="InterMapper Settings"><Entries /><Links><IndexLink Title="Probe File Names" Link="/Content/02-CustomProbes/filenames.html#kanchor71" UsedConditions="" /><IndexLink Title="Nagios Plugins" Link="/Content/02-CustomProbes/nagios.htm#kanchor584" UsedConditions="" /><IndexLink Title="Debugging with SNMPWalk" Link="/Content/02-CustomProbes/Debugging_with_SNMPWalk.htm#kanchor665" UsedConditions="" /><IndexLink Title="Folder Structure" Link="/Content/03-CustomWebPages/folders.html#kanchor817" UsedConditions="" /></Links></IndexEntry><IndexEntry Term="Intermapper.domain.com"><Entries /><Links><IndexLink Title="Folder Structure" Link="/Content/03-CustomWebPages/folders.html#kanchor835" UsedConditions="" /></Links></IndexEntry><IndexEntry Term="Intermapperaddress"><Entries /><Links><IndexLink Title="Macro Reference" Link="/Content/03-CustomWebPages/macros.htm#kanchor780" UsedConditions="" /></Links></IndexEntry><IndexEntry Term="Intermapperlogo"><Entries /><Links><IndexLink Title="Macro Reference" Link="/Content/03-CustomWebPages/macros.htm#kanchor801" UsedConditions="" /></Links></IndexEntry><IndexEntry Term="Invoking"><Entries><IndexEntry Term="snmpwalk"><Entries /><Links><IndexLink Title="Debugging with SNMPWalk" Link="/Content/02-CustomProbes/Debugging_with_SNMPWalk.htm#kanchor628" UsedConditions="" /></Links></IndexEntry></Entries><Links><IndexLink Title="Debugging with SNMPWalk" Link="/Content/02-CustomProbes/Debugging_with_SNMPWalk.htm#kanchor662" UsedConditions="" /></Links></IndexEntry><IndexEntry Term="IP"><Entries /><Links><IndexLink Title="Probe File Header" Link="/Content/02-CustomProbes/header.html#kanchor30" UsedConditions="" /><IndexLink Title="Custom SNMP Probes" Link="/Content/02-CustomProbes/customsnmpprobes.html#kanchor139" UsedConditions="" /><IndexLink Title="Probe Script Language Reference" Link="/Content/02-CustomProbes/language.html#kanchor285" UsedConditions="" /><IndexLink Title="Example TCP Probe File" Link="/Content/02-CustomProbes/tcpexample.html#kanchor498" UsedConditions="" /><IndexLink Title="Command Line Probes" Link="/Content/02-CustomProbes/commandlineprobes.htm#kanchor541" UsedConditions="" /><IndexLink Title="Nagios Plugins" Link="/Content/02-CustomProbes/nagios.htm#kanchor588" UsedConditions="" /><IndexLink Title="Debugging with SNMPWalk" Link="/Content/02-CustomProbes/Debugging_with_SNMPWalk.htm#kanchor632" UsedConditions="" /><IndexLink Title="Macro Reference" Link="/Content/03-CustomWebPages/macros.htm#kanchor779" UsedConditions="" /></Links></IndexEntry><IndexEntry Term="IP-address"><Entries /><Links><IndexLink Title="Debugging with SNMPWalk" Link="/Content/02-CustomProbes/Debugging_with_SNMPWalk.htm#kanchor634" UsedConditions="" /></Links></IndexEntry><IndexEntry Term="IP-address startOID"><Entries /><Links><IndexLink Title="Debugging with SNMPWalk" Link="/Content/02-CustomProbes/Debugging_with_SNMPWalk.htm#kanchor637" UsedConditions="" /></Links></IndexEntry><IndexEntry Term="IpForwarded datagrams"><Entries /><Links><IndexLink Title="Thresholds" Link="/Content/02-CustomProbes/Thresholds.htm#kanchor178" UsedConditions="" /></Links></IndexEntry><IndexEntry Term="IpForwDatagrams"><Entries /><Links><IndexLink Title="Customized Pop-up Windows" Link="/Content/02-CustomProbes/customstatuswindows.html#kanchor125" UsedConditions="" /><IndexLink Title="Custom SNMP Probes" Link="/Content/02-CustomProbes/customsnmpprobes.html#kanchor153" UsedConditions="" /></Links></IndexEntry><IndexEntry Term="IpInHdrErrors"><Entries /><Links><IndexLink Title="Customized Pop-up Windows" Link="/Content/02-CustomProbes/customstatuswindows.html#kanchor124" UsedConditions="" /><IndexLink Title="Custom SNMP Probes" Link="/Content/02-CustomProbes/customsnmpprobes.html#kanchor155" UsedConditions="" /></Links></IndexEntry><IndexEntry Term="Issue"><Entries><IndexEntry Term="LINE OFF command"><Entries /><Links><IndexLink Title="Probe Command Reference" Link="/Content/02-CustomProbes/commandref.html#kanchor376" UsedConditions="" /></Links></IndexEntry></Entries><Links><IndexLink Title="Probe Command Reference" Link="/Content/02-CustomProbes/commandref.html#kanchor468" UsedConditions="" /></Links></IndexEntry><IndexEntry Term="Italic"><Entries /><Links><IndexLink Title="Probe File Description" Link="/Content/02-CustomProbes/description.html#kanchor90" UsedConditions="" /></Links></IndexEntry><IndexEntry Term="Jpeg"><Entries /><Links><IndexLink Title="Macro Reference" Link="/Content/03-CustomWebPages/macros.htm#kanchor783" UsedConditions="" /></Links></IndexEntry><IndexEntry Term="Jumping"><Entries><IndexEntry Term="Label"><Entries /><Links><IndexLink Title="Probe Script Language Reference" Link="/Content/02-CustomProbes/language.html#kanchor299" UsedConditions="" /></Links></IndexEntry></Entries><Links><IndexLink Title="Probe Script Language Reference" Link="/Content/02-CustomProbes/language.html#kanchor348" UsedConditions="" /></Links></IndexEntry><IndexEntry Term="Label"><Entries><IndexEntry Term="Jumping"><Entries /><Links><IndexLink Title="Probe Script Language Reference" Link="/Content/02-CustomProbes/language.html#kanchor349" UsedConditions="" /></Links></IndexEntry></Entries><Links><IndexLink Title="Probe Script Language Reference" Link="/Content/02-CustomProbes/language.html#kanchor299" UsedConditions="" /></Links></IndexEntry><IndexEntry Term="Label_name"><Entries /><Links><IndexLink Title="Probe Script Language Reference" Link="/Content/02-CustomProbes/language.html#kanchor346" UsedConditions="" /></Links></IndexEntry><IndexEntry Term="LDAP"><Entries /><Links><IndexLink Title="Custom Probes" Link="/Content/02-CustomProbes/customprobes.html#kanchor10" UsedConditions="" /></Links></IndexEntry><IndexEntry Term="Len"><Entries /><Links><IndexLink Title="Probe Calculations" Link="/Content/02-CustomProbes/probecalculations.htm#kanchor243" UsedConditions="" /></Links></IndexEntry><IndexEntry Term="Level"><Entries><IndexEntry Term="Web Pages"><Entries /><Links><IndexLink Title="Folder Structure" Link="/Content/03-CustomWebPages/folders.html#kanchor815" UsedConditions="" /><IndexLink Title="Mime Types" Link="/Content/03-CustomWebPages/Mime_Types.htm#kanchor842" UsedConditions="" /></Links></IndexEntry></Entries><Links><IndexLink Title="Folder Structure" Link="/Content/03-CustomWebPages/folders.html#kanchor818" UsedConditions="" /><IndexLink Title="Mime Types" Link="/Content/03-CustomWebPages/Mime_Types.htm#kanchor837" UsedConditions="" /></Links></IndexEntry><IndexEntry Term="LF"><Entries /><Links><IndexLink Title="Probe Command Reference" Link="/Content/02-CustomProbes/commandref.html#kanchor467" UsedConditions="" /></Links></IndexEntry><IndexEntry Term="Limit"><Entries><IndexEntry Term="Macintosh file"><Entries /><Links><IndexLink Title="Probe File Names" Link="/Content/02-CustomProbes/filenames.html#kanchor78" UsedConditions="" /></Links></IndexEntry></Entries><Links><IndexLink Title="Probe File Names" Link="/Content/02-CustomProbes/filenames.html#kanchor77" UsedConditions="" /></Links></IndexEntry><IndexEntry Term="LINE"><Entries><IndexEntry Term="Use"><Entries /><Links><IndexLink Title="Probe Command Reference" Link="/Content/02-CustomProbes/commandref.html#kanchor441" UsedConditions="" /></Links></IndexEntry></Entries><Links><IndexLink Title="Probe Script Language Reference" Link="/Content/02-CustomProbes/language.html#kanchor325" UsedConditions="" /><IndexLink Title="Probe Command Reference" Link="/Content/02-CustomProbes/commandref.html#kanchor388" UsedConditions="" /><IndexLink Title="Example TCP Probe File" Link="/Content/02-CustomProbes/tcpexample.html#kanchor512" UsedConditions="" /></Links></IndexEntry><IndexEntry Term="LINE OFF"><Entries /><Links><IndexLink Title="Probe Command Reference" Link="/Content/02-CustomProbes/commandref.html#kanchor469" UsedConditions="" /></Links></IndexEntry><IndexEntry Term="LINE ON"><Entries /><Links><IndexLink Title="Probe Command Reference" Link="/Content/02-CustomProbes/commandref.html#kanchor464" UsedConditions="" /></Links></IndexEntry><IndexEntry Term="Linefeed./r/n"><Entries /><Links><IndexLink Title="Probe Script Language Reference" Link="/Content/02-CustomProbes/language.html#kanchor283" UsedConditions="" /></Links></IndexEntry><IndexEntry Term="Link"><Entries /><Links><IndexLink Title="Quoted Links" Link="/Content/03-CustomWebPages/quotedlinks.html#kanchor751" UsedConditions="" /></Links></IndexEntry><IndexEntry Term="Link.html"><Entries /><Links><IndexLink Title="Target Files" Link="/Content/03-CustomWebPages/targetfiles.html#kanchor721" UsedConditions="" /></Links></IndexEntry><IndexEntry Term="Link/alias/shortcut"><Entries /><Links><IndexLink Title="Nagios Plugins" Link="/Content/02-CustomProbes/nagios.htm#kanchor582" UsedConditions="" /></Links></IndexEntry><IndexEntry Term="Little-endian"><Entries /><Links><IndexLink Title="Probe Calculations" Link="/Content/02-CustomProbes/probecalculations.htm#kanchor260" UsedConditions="" /></Links></IndexEntry><IndexEntry Term="LOCALADDRESS"><Entries /><Links><IndexLink Title="Probe Script Language Reference" Link="/Content/02-CustomProbes/language.html#kanchor359" UsedConditions="" /></Links></IndexEntry><IndexEntry Term="Localhost/Map1/device/192.168.0.1%3ASNMP/!device.html"><Entries /><Links><IndexLink Title="Macro Reference" Link="/Content/03-CustomWebPages/macros.htm#kanchor806" UsedConditions="" /></Links></IndexEntry><IndexEntry Term="LOCALPORT"><Entries /><Links><IndexLink Title="Probe Script Language Reference" Link="/Content/02-CustomProbes/language.html#kanchor360" UsedConditions="" /></Links></IndexEntry><IndexEntry Term="Logical And"><Entries /><Links><IndexLink Title="Probe Calculations" Link="/Content/02-CustomProbes/probecalculations.htm#kanchor221" UsedConditions="" /></Links></IndexEntry><IndexEntry Term="Logical Or"><Entries /><Links><IndexLink Title="Probe Calculations" Link="/Content/02-CustomProbes/probecalculations.htm#kanchor220" UsedConditions="" /></Links></IndexEntry><IndexEntry Term="Login"><Entries /><Links><IndexLink Title="Probe Command Reference" Link="/Content/02-CustomProbes/commandref.html#kanchor382" UsedConditions="" /></Links></IndexEntry><IndexEntry Term="Logo.gif file"><Entries /><Links><IndexLink Title="Template Files" Link="/Content/03-CustomWebPages/templatefiles.html#kanchor737" UsedConditions="" /></Links></IndexEntry><IndexEntry Term="M1++/Big"><Entries /><Links><IndexLink Title="Probe File Description" Link="/Content/02-CustomProbes/description.html#kanchor84" UsedConditions="" /></Links></IndexEntry><IndexEntry Term="Mac OS"><Entries /><Links><IndexLink Title="Command Line Probes" Link="/Content/02-CustomProbes/commandlineprobes.htm#kanchor546" UsedConditions="" /></Links></IndexEntry><IndexEntry Term="Macintosh file"><Entries><IndexEntry Term="limit"><Entries /><Links><IndexLink Title="Probe File Names" Link="/Content/02-CustomProbes/filenames.html#kanchor80" UsedConditions="" /></Links></IndexEntry></Entries><Links><IndexLink Title="Probe File Names" Link="/Content/02-CustomProbes/filenames.html#kanchor79" UsedConditions="" /></Links></IndexEntry><IndexEntry Term="Macro Reference"><Entries /><Links><IndexLink Title="Macro Reference" Link="/Content/03-CustomWebPages/macros.htm#kanchor757" UsedConditions="" /></Links></IndexEntry><IndexEntry Term="Macroname"><Entries /><Links><IndexLink Title="Macro Reference" Link="/Content/03-CustomWebPages/macros.htm#kanchor758" UsedConditions="" /></Links></IndexEntry><IndexEntry Term="Main Template file"><Entries /><Links><IndexLink Title="Folder Structure" Link="/Content/03-CustomWebPages/folders.html#kanchor832" UsedConditions="" /></Links></IndexEntry><IndexEntry Term="Main Web Page"><Entries /><Links><IndexLink Title="Folder Structure" Link="/Content/03-CustomWebPages/folders.html#kanchor829" UsedConditions="" /></Links></IndexEntry><IndexEntry Term="maintenance mode"><Entries /><Links><IndexLink Title="Alarm Points" Link="/Content/02-CustomProbes/alarmpoints.htm#kanchor186" UsedConditions="" /></Links></IndexEntry><IndexEntry Term="Maplist"><Entries /><Links><IndexLink Title="Macro Reference" Link="/Content/03-CustomWebPages/macros.htm#kanchor773" UsedConditions="" /></Links></IndexEntry><IndexEntry Term="Maplistwithcharts"><Entries /><Links><IndexLink Title="Macro Reference" Link="/Content/03-CustomWebPages/macros.htm#kanchor776" UsedConditions="" /></Links></IndexEntry><IndexEntry Term="Mapname"><Entries /><Links><IndexLink Title="Macro Reference" Link="/Content/03-CustomWebPages/macros.htm#kanchor787" UsedConditions="" /></Links></IndexEntry><IndexEntry Term="Markup Commands"><Entries /><Links><IndexLink Title="Probe File Description" Link="/Content/02-CustomProbes/description.html#kanchor92" UsedConditions="" /></Links></IndexEntry><IndexEntry Term="Markup Tag Summary"><Entries /><Links><IndexLink Title="Probe File Description" Link="/Content/02-CustomProbes/description.html#kanchor93" UsedConditions="" /></Links></IndexEntry><IndexEntry Term="MaTCH"><Entries /><Links><IndexLink Title="Probe Command Reference" Link="/Content/02-CustomProbes/commandref.html#kanchor472" UsedConditions="" /></Links></IndexEntry><IndexEntry Term="Matches"><Entries><IndexEntry Term="String"><Entries /><Links><IndexLink Title="Custom SNMP Probes" Link="/Content/02-CustomProbes/customsnmpprobes.html#kanchor142" UsedConditions="" /><IndexLink Title="Probe Calculations" Link="/Content/02-CustomProbes/probecalculations.htm#kanchor212" UsedConditions="" /><IndexLink Title="Probe Script Language Reference" Link="/Content/02-CustomProbes/language.html#kanchor292" UsedConditions="" /></Links></IndexEntry></Entries><Links><IndexLink Title="Thresholds" Link="/Content/02-CustomProbes/Thresholds.htm#kanchor183" UsedConditions="" /><IndexLink Title="Probe Calculations" Link="/Content/02-CustomProbes/probecalculations.htm#kanchor189" UsedConditions="" /><IndexLink Title="Probe Script Language Reference" Link="/Content/02-CustomProbes/language.html#kanchor339" UsedConditions="" /></Links></IndexEntry></Entries></IndexEntry></CatapultTargetIndex>