﻿<?xml version="1.0" encoding="utf-8"?><CatapultTargetIndex Count="711" Char_65="0" Char_97="18" Char_66="31" Char_67="55" Char_99="67" Char_68="126" Char_100="159" Char_69="177" Char_70="207" Char_71="235" Char_72="250" Char_104="268" Char_73="276" Char_74="332" Char_76="335" Char_77="361" Char_109="369" Char_78="403" Char_79="438" Char_80="450" Char_112="487" Char_81="502" Char_82="508" Char_83="525" Char_84="618" Char_85="660" Char_86="679" Char_87="691"><Chunks><Chunk FirstTerm="Abs" Link="Index_Chunk1.xml" Start="0" Count="124" /><Chunk FirstTerm="Customtimer" Link="Index_Chunk2.xml" Start="124" Count="134" /><Chunk FirstTerm="Hexadecimal Number" Link="Index_Chunk3.xml" Start="258" Count="120" /><Chunk FirstTerm="Maxrows" Link="Index_Chunk4.xml" Start="378" Count="124" /><Chunk FirstTerm="Query" Link="Index_Chunk5.xml" Start="502" Count="120" /><Chunk FirstTerm="TCP-based" Link="Index_Chunk6.xml" Start="622" Count="89" /></Chunks><IndexEntry><Entries></Entries><Links /></IndexEntry></CatapultTargetIndex>