﻿<?xml version="1.0" encoding="utf-8"?><CatapultTargetIndex><IndexEntry><Entries><IndexEntry Term="Query"><Entries><IndexEntry Term="APC-UPS MIB"><Entries /><Links><IndexLink Title="Custom SNMP Probes" Link="/Content/02-CustomProbes/customsnmpprobes.html#kanchor173" UsedConditions="" /><IndexLink Title="Probe Properties" Link="/Content/02-CustomProbes/probeproperties.htm#kanchor273" UsedConditions="" /></Links></IndexEntry><IndexEntry Term="sysUptime MIB-2"><Entries /><Links><IndexLink Title="Custom SNMP Probes" Link="/Content/02-CustomProbes/customsnmpprobes.html#kanchor167" UsedConditions="" /><IndexLink Title="Probe Properties" Link="/Content/02-CustomProbes/probeproperties.htm#kanchor268" UsedConditions="" /></Links></IndexEntry></Entries><Links><IndexLink Title="Custom SNMP Probes" Link="/Content/02-CustomProbes/customsnmpprobes.html#kanchor164" UsedConditions="" /><IndexLink Title="Probe Properties" Link="/Content/02-CustomProbes/probeproperties.htm#kanchor267" UsedConditions="" /></Links></IndexEntry><IndexEntry Term="QUIT/r/n"><Entries /><Links><IndexLink Title="Probe Command Reference" Link="/Content/02-CustomProbes/commandref.html#kanchor376" UsedConditions="" /></Links></IndexEntry><IndexEntry Term="Quoted Links"><Entries /><Links><IndexLink Title="Target Files" Link="/Content/03-CustomWebPages/targetfiles.html#kanchor712" UsedConditions="" /><IndexLink Title="Quoted Links" Link="/Content/03-CustomWebPages/quotedlinks.html#kanchor750" UsedConditions="" /></Links></IndexEntry><IndexEntry Term="Quoted String From Becoming"><Entries /><Links><IndexLink Title="Quoted Links" Link="/Content/03-CustomWebPages/quotedlinks.html#kanchor754" UsedConditions="" /></Links></IndexEntry><IndexEntry Term="Recognize"><Entries><IndexEntry Term="USER"><Entries /><Links><IndexLink Title="Probe Command Reference" Link="/Content/02-CustomProbes/commandref.html#kanchor460" UsedConditions="" /></Links></IndexEntry></Entries><Links><IndexLink Title="Probe Command Reference" Link="/Content/02-CustomProbes/commandref.html#kanchor491" UsedConditions="" /></Links></IndexEntry><IndexEntry Term="Relational Tests"><Entries /><Links><IndexLink Title="Probe Calculations" Link="/Content/02-CustomProbes/probecalculations.htm#kanchor223" UsedConditions="" /></Links></IndexEntry><IndexEntry Term="Relative Offsets"><Entries><IndexEntry Term="Transfer Control"><Entries /><Links><IndexLink Title="Probe Script Language Reference" Link="/Content/02-CustomProbes/language.html#kanchor350" UsedConditions="" /></Links></IndexEntry></Entries><Links><IndexLink Title="Probe Script Language Reference" Link="/Content/02-CustomProbes/language.html#kanchor343" UsedConditions="" /></Links></IndexEntry><IndexEntry Term="Reload"><Entries><IndexEntry Term="Changed Web Page Files"><Entries /><Links><IndexLink Title="Customizing Web Pages" Link="/Content/03-CustomWebPages/customizingwebpages.html#kanchor703" UsedConditions="" /></Links></IndexEntry></Entries><Links><IndexLink Title="Probe File Format" Link="/Content/02-CustomProbes/Probe_File_Format.htm#kanchor27" UsedConditions="" /><IndexLink Title="Customizing Web Pages" Link="/Content/03-CustomWebPages/customizingwebpages.html#kanchor702" UsedConditions="" /></Links></IndexEntry><IndexEntry Term="Reloading Probes"><Entries /><Links><IndexLink Title="Installing Custom Probes" Link="/Content/02-CustomProbes/installing.html#kanchor605" UsedConditions="" /></Links></IndexEntry><IndexEntry Term="REMOTEADDRESS"><Entries /><Links><IndexLink Title="Probe Script Language Reference" Link="/Content/02-CustomProbes/language.html#kanchor357" UsedConditions="" /></Links></IndexEntry><IndexEntry Term="REMOTEPORT"><Entries /><Links><IndexLink Title="Probe Script Language Reference" Link="/Content/02-CustomProbes/language.html#kanchor358" UsedConditions="" /><IndexLink Title="Probe Command Reference" Link="/Content/02-CustomProbes/commandref.html#kanchor489" UsedConditions="" /></Links></IndexEntry><IndexEntry Term="Response"><Entries /><Links><IndexLink Title="Probe Command Reference" Link="/Content/02-CustomProbes/commandref.html#kanchor431" UsedConditions="" /></Links></IndexEntry><IndexEntry Term="Response Times"><Entries><IndexEntry Term="Measuring"><Entries /><Links><IndexLink Title="Measuring Response Times" Link="/Content/02-CustomProbes/timing.html#kanchor678" UsedConditions="" /></Links></IndexEntry></Entries><Links><IndexLink Title="Measuring Response Times" Link="/Content/02-CustomProbes/timing.html#kanchor677" UsedConditions="" /></Links></IndexEntry><IndexEntry Term="RFC"><Entries /><Links><IndexLink Title="Probe File Description" Link="/Content/02-CustomProbes/description.html#kanchor91" UsedConditions="" /></Links></IndexEntry><IndexEntry Term="RFC 822"><Entries /><Links><IndexLink Title="Probe Script Language Reference" Link="/Content/02-CustomProbes/language.html#kanchor363" UsedConditions="" /></Links></IndexEntry><IndexEntry Term="Runnable"><Entries /><Links><IndexLink Title="Command Line Probes" Link="/Content/02-CustomProbes/commandlineprobes.htm#kanchor563" UsedConditions="" /></Links></IndexEntry><IndexEntry Term="Runnable/executable"><Entries /><Links><IndexLink Title="Nagios Plugins" Link="/Content/02-CustomProbes/nagios.htm#kanchor581" UsedConditions="" /></Links></IndexEntry><IndexEntry Term="Sample &lt;snmp-device-threshold"><Entries /><Links><IndexLink Title="Custom SNMP Probes" Link="/Content/02-CustomProbes/customsnmpprobes.html#kanchor133" UsedConditions="" /></Links></IndexEntry><IndexEntry Term="Sample &lt;snmp-device-variables"><Entries /><Links><IndexLink Title="Custom SNMP Probes" Link="/Content/02-CustomProbes/customsnmpprobes.html#kanchor133" UsedConditions="" /></Links></IndexEntry><IndexEntry Term="Sample Header Section"><Entries /><Links><IndexLink Title="Probe File Header" Link="/Content/02-CustomProbes/header.html#kanchor58" UsedConditions="" /></Links></IndexEntry><IndexEntry Term="Sample MIMEtypes file"><Entries /><Links><IndexLink Title="Mime Types" Link="/Content/03-CustomWebPages/Mime_Types.htm#kanchor845" UsedConditions="" /></Links></IndexEntry><IndexEntry Term="SBNE"><Entries /><Links><IndexLink Title="Probe Command Reference" Link="/Content/02-CustomProbes/commandref.html#kanchor425" UsedConditions="" /></Links></IndexEntry><IndexEntry Term="Scanning"><Entries><IndexEntry Term="Probe Command Reference"><Entries /><Links><IndexLink Title="Probe Command Reference" Link="/Content/02-CustomProbes/commandref.html#kanchor377" UsedConditions="" /></Links></IndexEntry></Entries><Links><IndexLink Title="Probe Command Reference" Link="/Content/02-CustomProbes/commandref.html#kanchor470" UsedConditions="" /></Links></IndexEntry><IndexEntry Term="SCAT"><Entries /><Links><IndexLink Title="Probe Command Reference" Link="/Content/02-CustomProbes/commandref.html#kanchor433" UsedConditions="" /></Links></IndexEntry><IndexEntry Term="Script"><Entries /><Links><IndexLink Title="Probe Script Language Reference" Link="/Content/02-CustomProbes/language.html#kanchor284" UsedConditions="" /><IndexLink Title="Probe Command Reference" Link="/Content/02-CustomProbes/commandref.html#kanchor380" UsedConditions="" /></Links></IndexEntry><IndexEntry Term="Script Command Format"><Entries /><Links><IndexLink Title="Probe Script Language Reference" Link="/Content/02-CustomProbes/language.html#kanchor291" UsedConditions="" /></Links></IndexEntry><IndexEntry Term="Script Failures"><Entries><IndexEntry Term="Handling"><Entries /><Links><IndexLink Title="Probe Script Language Reference" Link="/Content/02-CustomProbes/language.html#kanchor304" UsedConditions="" /></Links></IndexEntry></Entries><Links><IndexLink Title="Probe Script Language Reference" Link="/Content/02-CustomProbes/language.html#kanchor304" UsedConditions="" /></Links></IndexEntry><IndexEntry Term="Script Process Flow"><Entries /><Links><IndexLink Title="Probe Script Language Reference" Link="/Content/02-CustomProbes/language.html#kanchor290" UsedConditions="" /></Links></IndexEntry><IndexEntry Term="Script Termination"><Entries /><Links><IndexLink Title="Probe Script Language Reference" Link="/Content/02-CustomProbes/language.html#kanchor345" UsedConditions="" /></Links></IndexEntry><IndexEntry Term="Seconds"><Entries /><Links><IndexLink Title="Parameters" Link="/Content/02-CustomProbes/parameters.html#kanchor105" UsedConditions="" /></Links></IndexEntry><IndexEntry Term="Secs"><Entries /><Links><IndexLink Title="Probe Calculations" Link="/Content/02-CustomProbes/probecalculations.htm#kanchor247" UsedConditions="" /><IndexLink Title="Probe Command Reference" Link="/Content/02-CustomProbes/commandref.html#kanchor426" UsedConditions="" /><IndexLink Title="Example TCP Probe File" Link="/Content/02-CustomProbes/tcpexample.html#kanchor523" UsedConditions="" /></Links></IndexEntry><IndexEntry Term="SECSCONNECTED"><Entries /><Links><IndexLink Title="Probe Script Language Reference" Link="/Content/02-CustomProbes/language.html#kanchor369" UsedConditions="" /></Links></IndexEntry><IndexEntry Term="Select Misc"><Entries /><Links><IndexLink Title="Debugging with SNMPWalk" Link="/Content/02-CustomProbes/Debugging_with_SNMPWalk.htm#kanchor628" UsedConditions="" /></Links></IndexEntry><IndexEntry Term="Select Probe window"><Entries /><Links><IndexLink Title="Probe File Header" Link="/Content/02-CustomProbes/header.html#kanchor53" UsedConditions="" /></Links></IndexEntry><IndexEntry Term="SEND"><Entries><IndexEntry Term="FTP USER"><Entries /><Links><IndexLink Title="Probe Command Reference" Link="/Content/02-CustomProbes/commandref.html#kanchor497" UsedConditions="" /></Links></IndexEntry><IndexEntry Term="ICMP"><Entries /><Links><IndexLink Title="Probe File Header" Link="/Content/02-CustomProbes/header.html#kanchor63" UsedConditions="" /></Links></IndexEntry><IndexEntry Term="Use"><Entries /><Links><IndexLink Title="Probe Command Reference" Link="/Content/02-CustomProbes/commandref.html#kanchor443" UsedConditions="" /></Links></IndexEntry></Entries><Links><IndexLink Title="Probe File Header" Link="/Content/02-CustomProbes/header.html#kanchor62" UsedConditions="" /><IndexLink Title="Probe Command Reference" Link="/Content/02-CustomProbes/commandref.html#kanchor390" UsedConditions="" /><IndexLink Title="Example TCP Probe File" Link="/Content/02-CustomProbes/tcpexample.html#kanchor509" UsedConditions="" /></Links></IndexEntry><IndexEntry Term="Sending"><Entries><IndexEntry Term="SNMP"><Entries /><Links><IndexLink Title="Custom Probes" Link="/Content/02-CustomProbes/customprobes.html#kanchor16" UsedConditions="" /></Links></IndexEntry></Entries><Links><IndexLink Title="Custom Probes" Link="/Content/02-CustomProbes/customprobes.html#kanchor19" UsedConditions="" /><IndexLink Title="Debugging with SNMPWalk" Link="/Content/02-CustomProbes/Debugging_with_SNMPWalk.htm#kanchor628" UsedConditions="" /></Links></IndexEntry><IndexEntry Term="Server Command"><Entries /><Links><IndexLink Title="Debugging with SNMPWalk" Link="/Content/02-CustomProbes/Debugging_with_SNMPWalk.htm#kanchor663" UsedConditions="" /></Links></IndexEntry><IndexEntry Term="Server Settings"><Entries /><Links><IndexLink Title="Customizing Web Pages" Link="/Content/03-CustomWebPages/customizingwebpages.html#kanchor708" UsedConditions="" /></Links></IndexEntry><IndexEntry Term="Servers"><Entries /><Links><IndexLink Title="Debugging with SNMPWalk" Link="/Content/02-CustomProbes/Debugging_with_SNMPWalk.htm#kanchor628" UsedConditions="" /><IndexLink Title="Customizing Web Pages" Link="/Content/03-CustomWebPages/customizingwebpages.html#kanchor709" UsedConditions="" /></Links></IndexEntry><IndexEntry Term="Set"><Entries><IndexEntry Term="DOWN"><Entries /><Links><IndexLink Title="Example TCP Probe File" Link="/Content/02-CustomProbes/tcpexample.html#kanchor516" UsedConditions="" /></Links></IndexEntry></Entries><Links><IndexLink Title="Example TCP Probe File" Link="/Content/02-CustomProbes/tcpexample.html#kanchor511" UsedConditions="" /></Links></IndexEntry><IndexEntry Term="SetNameFieldWidth"><Entries /><Links><IndexLink Title="Macro Reference" Link="/Content/03-CustomWebPages/macros.htm#kanchor797" UsedConditions="" /></Links></IndexEntry><IndexEntry Term="Simple snmpwalk facility"><Entries /><Links><IndexLink Title="Debugging with SNMPWalk" Link="/Content/02-CustomProbes/Debugging_with_SNMPWalk.htm#kanchor629" UsedConditions="" /></Links></IndexEntry><IndexEntry Term="SKIP"><Entries /><Links><IndexLink Title="Probe Command Reference" Link="/Content/02-CustomProbes/commandref.html#kanchor399" UsedConditions="" /></Links></IndexEntry><IndexEntry Term="SNMP"><Entries /><Links><IndexLink Title="Custom Probes" Link="/Content/02-CustomProbes/customprobes.html#kanchor13" UsedConditions="" /><IndexLink Title="Probe File Format" Link="/Content/02-CustomProbes/Probe_File_Format.htm#kanchor24" UsedConditions="" /><IndexLink Title="Probe File Header" Link="/Content/02-CustomProbes/header.html#kanchor38" UsedConditions="" /><IndexLink Title="Customized Pop-up Windows" Link="/Content/02-CustomProbes/customstatuswindows.html#kanchor118" UsedConditions="" /><IndexLink Title="Custom SNMP Probes" Link="/Content/02-CustomProbes/customsnmpprobes.html#kanchor134" UsedConditions="" /><IndexLink Title="Probe Properties" Link="/Content/02-CustomProbes/probeproperties.htm#kanchor262" UsedConditions="" /><IndexLink Title="The Dartware MIB" Link="/Content/02-CustomProbes/dartwaremib.html#kanchor279" UsedConditions="" /><IndexLink Title="Errors with Custom Probes" Link="/Content/02-CustomProbes/errors.html#kanchor616" UsedConditions="" /><IndexLink Title="Debugging with SNMPWalk" Link="/Content/02-CustomProbes/Debugging_with_SNMPWalk.htm#kanchor628" UsedConditions="" /></Links></IndexEntry><IndexEntry Term="Snmp-device-display"><Entries /><Links><IndexLink Title="Customized Pop-up Windows" Link="/Content/02-CustomProbes/customstatuswindows.html#kanchor121" UsedConditions="" /><IndexLink Title="Custom SNMP Probes" Link="/Content/02-CustomProbes/customsnmpprobes.html#kanchor147" UsedConditions="" /><IndexLink Title="Measuring Response Times" Link="/Content/02-CustomProbes/timing.html#kanchor692" UsedConditions="" /></Links></IndexEntry><IndexEntry Term="Snmp-device-properties"><Entries /><Links><IndexLink Title="Custom SNMP Probes" Link="/Content/02-CustomProbes/customsnmpprobes.html#kanchor148" UsedConditions="" /><IndexLink Title="Probe Properties" Link="/Content/02-CustomProbes/probeproperties.htm#kanchor263" UsedConditions="" /></Links></IndexEntry><IndexEntry Term="Snmp-device-threshold"><Entries /><Links><IndexLink Title="Custom SNMP Probes" Link="/Content/02-CustomProbes/customsnmpprobes.html#kanchor145" UsedConditions="" /></Links></IndexEntry><IndexEntry Term="Snmp-device-thresholds"><Entries /><Links><IndexLink Title="Custom SNMP Probes" Link="/Content/02-CustomProbes/customsnmpprobes.html#kanchor145" UsedConditions="" /></Links></IndexEntry><IndexEntry Term="Snmp-device-variables"><Entries /><Links><IndexLink Title="Custom SNMP Probes" Link="/Content/02-CustomProbes/customsnmpprobes.html#kanchor144" UsedConditions="" /></Links></IndexEntry><IndexEntry Term="SNMP FAQ"><Entries /><Links><IndexLink Title="Errors with Custom Probes" Link="/Content/02-CustomProbes/errors.html#kanchor617" UsedConditions="" /></Links></IndexEntry><IndexEntry Term="SNMP Get-Request"><Entries /><Links><IndexLink Title="Custom SNMP Probes" Link="/Content/02-CustomProbes/customsnmpprobes.html#kanchor170" UsedConditions="" /><IndexLink Title="Probe Properties" Link="/Content/02-CustomProbes/probeproperties.htm#kanchor270" UsedConditions="" /></Links></IndexEntry><IndexEntry Term="SNMP MIB"><Entries /><Links><IndexLink Title="Probe Calculations" Link="/Content/02-CustomProbes/probecalculations.htm#kanchor193" UsedConditions="" /></Links></IndexEntry><IndexEntry Term="SNMP OID"><Entries /><Links><IndexLink Title="Custom SNMP Probes" Link="/Content/02-CustomProbes/customsnmpprobes.html#kanchor151" UsedConditions="" /></Links></IndexEntry><IndexEntry Term="SNMP Probe Variables"><Entries /><Links><IndexLink Title="Custom SNMP Probes" Link="/Content/02-CustomProbes/customsnmpprobes.html#kanchor149" UsedConditions="" /></Links></IndexEntry><IndexEntry Term="SNMP Probes"><Entries /><Links><IndexLink Title="Probe File Format" Link="/Content/02-CustomProbes/Probe_File_Format.htm#kanchor24" UsedConditions="" /></Links></IndexEntry><IndexEntry Term="SNMP Query Settings"><Entries /><Links><IndexLink Title="Custom SNMP Probes" Link="/Content/02-CustomProbes/customsnmpprobes.html#kanchor165" UsedConditions="" /></Links></IndexEntry><IndexEntry Term="SNMP Response"><Entries /><Links><IndexLink Title="Errors with Custom Probes" Link="/Content/02-CustomProbes/errors.html#kanchor615" UsedConditions="" /></Links></IndexEntry><IndexEntry Term="SNMPv1"><Entries /><Links><IndexLink Title="Debugging with SNMPWalk" Link="/Content/02-CustomProbes/Debugging_with_SNMPWalk.htm#kanchor639" UsedConditions="" /></Links></IndexEntry><IndexEntry Term="SNMPV2C"><Entries /><Links><IndexLink Title="Probe File Header" Link="/Content/02-CustomProbes/header.html#kanchor61" UsedConditions="" /><IndexLink Title="Debugging with SNMPWalk" Link="/Content/02-CustomProbes/Debugging_with_SNMPWalk.htm#kanchor638" UsedConditions="" /></Links></IndexEntry><IndexEntry Term="SNMPv3"><Entries /><Links><IndexLink Title="Debugging with SNMPWalk" Link="/Content/02-CustomProbes/Debugging_with_SNMPWalk.htm#kanchor640" UsedConditions="" /></Links></IndexEntry><IndexEntry Term="Snmpwalk"><Entries><IndexEntry Term="Invoking"><Entries /><Links><IndexLink Title="Debugging with SNMPWalk" Link="/Content/02-CustomProbes/Debugging_with_SNMPWalk.htm#kanchor661" UsedConditions="" /></Links></IndexEntry></Entries><Links><IndexLink Title="Debugging with SNMPWalk" Link="/Content/02-CustomProbes/Debugging_with_SNMPWalk.htm#kanchor628" UsedConditions="" /></Links></IndexEntry><IndexEntry Term="Snmpwalk stopall"><Entries /><Links><IndexLink Title="Debugging with SNMPWalk" Link="/Content/02-CustomProbes/Debugging_with_SNMPWalk.htm#kanchor669" UsedConditions="" /></Links></IndexEntry><IndexEntry Term="SNMPwalks"><Entries /><Links><IndexLink Title="Debugging with SNMPWalk" Link="/Content/02-CustomProbes/Debugging_with_SNMPWalk.htm#kanchor670" UsedConditions="" /></Links></IndexEntry><IndexEntry Term="Special Character Example"><Entries /><Links><IndexLink Title="Probe Script Language Reference" Link="/Content/02-CustomProbes/language.html#kanchor333" UsedConditions="" /></Links></IndexEntry><IndexEntry Term="Special Characters"><Entries /><Links><IndexLink Title="Probe Script Language Reference" Link="/Content/02-CustomProbes/language.html#kanchor323" UsedConditions="" /></Links></IndexEntry><IndexEntry Term="Specifies"><Entries><IndexEntry Term="CR-LF"><Entries /><Links><IndexLink Title="Probe Command Reference" Link="/Content/02-CustomProbes/commandref.html#kanchor465" UsedConditions="" /></Links></IndexEntry></Entries><Links><IndexLink Title="Probe Command Reference" Link="/Content/02-CustomProbes/commandref.html#kanchor411" UsedConditions="" /></Links></IndexEntry><IndexEntry Term="Sprintf"><Entries /><Links><IndexLink Title="Probe Calculations" Link="/Content/02-CustomProbes/probecalculations.htm#kanchor246" UsedConditions="" /></Links></IndexEntry><IndexEntry Term="Sqrt"><Entries /><Links><IndexLink Title="Probe Calculations" Link="/Content/02-CustomProbes/probecalculations.htm#kanchor241" UsedConditions="" /></Links></IndexEntry><IndexEntry Term="Start"><Entries><IndexEntry Term="SNMP"><Entries /><Links><IndexLink Title="Debugging with SNMPWalk" Link="/Content/02-CustomProbes/Debugging_with_SNMPWalk.htm#kanchor628" UsedConditions="" /></Links></IndexEntry></Entries><Links><IndexLink Title="Debugging with SNMPWalk" Link="/Content/02-CustomProbes/Debugging_with_SNMPWalk.htm#kanchor635" UsedConditions="" /></Links></IndexEntry><IndexEntry Term="StartOID"><Entries /><Links><IndexLink Title="Debugging with SNMPWalk" Link="/Content/02-CustomProbes/Debugging_with_SNMPWalk.htm#kanchor636" UsedConditions="" /></Links></IndexEntry><IndexEntry Term="STAT"><Entries /><Links><IndexLink Title="Probe Command Reference" Link="/Content/02-CustomProbes/commandref.html#kanchor393" UsedConditions="" /></Links></IndexEntry><IndexEntry Term="STAT ALRM"><Entries /><Links><IndexLink Title="Probe Command Reference" Link="/Content/02-CustomProbes/commandref.html#kanchor476" UsedConditions="" /></Links></IndexEntry><IndexEntry Term="Statshtml"><Entries /><Links><IndexLink Title="Macro Reference" Link="/Content/03-CustomWebPages/macros.htm#kanchor777" UsedConditions="" /></Links></IndexEntry><IndexEntry Term="Status"><Entries /><Links><IndexLink Title="Customized Pop-up Windows" Link="/Content/02-CustomProbes/customstatuswindows.html#kanchor117" UsedConditions="" /></Links></IndexEntry><IndexEntry Term="Status Window Text"><Entries /><Links><IndexLink Title="Custom SNMP Probes" Link="/Content/02-CustomProbes/customsnmpprobes.html#kanchor162" UsedConditions="" /></Links></IndexEntry><IndexEntry Term="Status windows"><Entries><IndexEntry Term="Customizing"><Entries /><Links><IndexLink Title="Customized Pop-up Windows" Link="/Content/02-CustomProbes/customstatuswindows.html#kanchor114" UsedConditions="" /></Links></IndexEntry></Entries><Links><IndexLink Title="Customized Pop-up Windows" Link="/Content/02-CustomProbes/customstatuswindows.html#kanchor113" UsedConditions="" /><IndexLink Title="Custom SNMP Probes" Link="/Content/02-CustomProbes/customsnmpprobes.html#kanchor163" UsedConditions="" /></Links></IndexEntry><IndexEntry Term="STOR"><Entries /><Links><IndexLink Title="Probe Command Reference" Link="/Content/02-CustomProbes/commandref.html#kanchor432" UsedConditions="" /></Links></IndexEntry><IndexEntry Term="Str"><Entries /><Links><IndexLink Title="Probe Calculations" Link="/Content/02-CustomProbes/probecalculations.htm#kanchor215" UsedConditions="" /></Links></IndexEntry><IndexEntry Term="Strftime"><Entries /><Links><IndexLink Title="Probe Calculations" Link="/Content/02-CustomProbes/probecalculations.htm#kanchor248" UsedConditions="" /></Links></IndexEntry><IndexEntry Term="String"><Entries><IndexEntry Term="Argument Format"><Entries /><Links><IndexLink Title="Probe Script Language Reference" Link="/Content/02-CustomProbes/language.html#kanchor292" UsedConditions="" /></Links></IndexEntry><IndexEntry Term="Branch Not Equal"><Entries /><Links><IndexLink Title="Probe Command Reference" Link="/Content/02-CustomProbes/commandref.html#kanchor376" UsedConditions="" /></Links></IndexEntry><IndexEntry Term="ConCATenate"><Entries /><Links><IndexLink Title="Probe Command Reference" Link="/Content/02-CustomProbes/commandref.html#kanchor434" UsedConditions="" /></Links></IndexEntry><IndexEntry Term="foobar"><Entries /><Links><IndexLink Title="Probe Command Reference" Link="/Content/02-CustomProbes/commandref.html#kanchor477" UsedConditions="" /></Links></IndexEntry><IndexEntry Term="Matches"><Entries /><Links><IndexLink Title="Thresholds" Link="/Content/02-CustomProbes/Thresholds.htm#kanchor182" UsedConditions="" /></Links></IndexEntry><IndexEntry Term="Matching"><Entries /><Links><IndexLink Title="Probe Calculations" Link="/Content/02-CustomProbes/probecalculations.htm#kanchor227" UsedConditions="" /><IndexLink Title="Probe Script Language Reference" Link="/Content/02-CustomProbes/language.html#kanchor296" UsedConditions="" /></Links></IndexEntry></Entries><Links><IndexLink Title="Custom SNMP Probes" Link="/Content/02-CustomProbes/customsnmpprobes.html#kanchor141" UsedConditions="" /><IndexLink Title="Probe Calculations" Link="/Content/02-CustomProbes/probecalculations.htm#kanchor211" UsedConditions="" /><IndexLink Title="Probe Script Language Reference" Link="/Content/02-CustomProbes/language.html#kanchor292" UsedConditions="" /><IndexLink Title="Probe Command Reference" Link="/Content/02-CustomProbes/commandref.html#kanchor387" UsedConditions="" /></Links></IndexEntry><IndexEntry Term="STRINGTOMATCH"><Entries /><Links><IndexLink Title="Probe Script Language Reference" Link="/Content/02-CustomProbes/language.html#kanchor366" UsedConditions="" /></Links></IndexEntry><IndexEntry Term="Strlen"><Entries /><Links><IndexLink Title="Probe Calculations" Link="/Content/02-CustomProbes/probecalculations.htm#kanchor244" UsedConditions="" /></Links></IndexEntry><IndexEntry Term="Strptime"><Entries /><Links><IndexLink Title="Probe Calculations" Link="/Content/02-CustomProbes/probecalculations.htm#kanchor249" UsedConditions="" /></Links></IndexEntry><IndexEntry Term="STRT"><Entries /><Links><IndexLink Title="Probe Command Reference" Link="/Content/02-CustomProbes/commandref.html#kanchor437" UsedConditions="" /><IndexLink Title="Measuring Response Times" Link="/Content/02-CustomProbes/timing.html#kanchor689" UsedConditions="" /></Links></IndexEntry><IndexEntry Term="STRT Starts"><Entries /><Links><IndexLink Title="Probe Command Reference" Link="/Content/02-CustomProbes/commandref.html#kanchor376" UsedConditions="" /></Links></IndexEntry><IndexEntry Term="Stylings"><Entries /><Links><IndexLink Title="Probe File Description" Link="/Content/02-CustomProbes/description.html#kanchor98" UsedConditions="" /></Links></IndexEntry><IndexEntry Term="Sub-expressions"><Entries /><Links><IndexLink Title="Probe Calculations" Link="/Content/02-CustomProbes/probecalculations.htm#kanchor202" UsedConditions="" /></Links></IndexEntry><IndexEntry Term="Substr"><Entries /><Links><IndexLink Title="Probe Calculations" Link="/Content/02-CustomProbes/probecalculations.htm#kanchor250" UsedConditions="" /></Links></IndexEntry><IndexEntry Term="Substring"><Entries><IndexEntry Term="Extract"><Entries /><Links><IndexLink Title="Probe Calculations" Link="/Content/02-CustomProbes/probecalculations.htm#kanchor254" UsedConditions="" /></Links></IndexEntry></Entries><Links><IndexLink Title="Probe Calculations" Link="/Content/02-CustomProbes/probecalculations.htm#kanchor253" UsedConditions="" /><IndexLink Title="Example TCP Probe File" Link="/Content/02-CustomProbes/tcpexample.html#kanchor517" UsedConditions="" /></Links></IndexEntry><IndexEntry Term="SysContact"><Entries /><Links><IndexLink Title="Thresholds" Link="/Content/02-CustomProbes/Thresholds.htm#kanchor184" UsedConditions="" /></Links></IndexEntry><IndexEntry Term="SysDescr"><Entries /><Links><IndexLink Title="Custom SNMP Probes" Link="/Content/02-CustomProbes/customsnmpprobes.html#kanchor161" UsedConditions="" /></Links></IndexEntry><IndexEntry Term="SysUptime MIB-2"><Entries /><Links><IndexLink Title="Custom SNMP Probes" Link="/Content/02-CustomProbes/customsnmpprobes.html#kanchor168" UsedConditions="" /><IndexLink Title="Probe Properties" Link="/Content/02-CustomProbes/probeproperties.htm#kanchor269" UsedConditions="" /></Links></IndexEntry><IndexEntry Term="Target File Example"><Entries /><Links><IndexLink Title="Target Files" Link="/Content/03-CustomWebPages/targetfiles.html#kanchor713" UsedConditions="" /></Links></IndexEntry><IndexEntry Term="Target File Is Read"><Entries /><Links><IndexLink Title="Target Files" Link="/Content/03-CustomWebPages/targetfiles.html#kanchor714" UsedConditions="" /></Links></IndexEntry><IndexEntry Term="TCP"><Entries><IndexEntry Term="Number"><Entries /><Links><IndexLink Title="Custom SNMP Probes" Link="/Content/02-CustomProbes/customsnmpprobes.html#kanchor159" UsedConditions="" /></Links></IndexEntry></Entries><Links><IndexLink Title="Custom Probes" Link="/Content/02-CustomProbes/customprobes.html#kanchor14" UsedConditions="" /><IndexLink Title="Probe File Format" Link="/Content/02-CustomProbes/Probe_File_Format.htm#kanchor22" UsedConditions="" /><IndexLink Title="Probe File Header" Link="/Content/02-CustomProbes/header.html#kanchor36" UsedConditions="" /><IndexLink Title="Customized Pop-up Windows" Link="/Content/02-CustomProbes/customstatuswindows.html#kanchor119" UsedConditions="" /><IndexLink Title="Custom SNMP Probes" Link="/Content/02-CustomProbes/customsnmpprobes.html#kanchor158" UsedConditions="" /><IndexLink Title="Probe Script Language Reference" Link="/Content/02-CustomProbes/language.html#kanchor289" UsedConditions="" /><IndexLink Title="Probe Command Reference" Link="/Content/02-CustomProbes/commandref.html#kanchor450" UsedConditions="" /><IndexLink Title="Example TCP Probe File" Link="/Content/02-CustomProbes/tcpexample.html#kanchor499" UsedConditions="" /><IndexLink Title="Measuring Response Times" Link="/Content/02-CustomProbes/timing.html#kanchor679" UsedConditions="" /></Links></IndexEntry></Entries></IndexEntry></CatapultTargetIndex>