﻿<?xml version="1.0" encoding="utf-8"?><CatapultTargetIndex><IndexEntry><Entries><IndexEntry Term="Abs"><Entries /><Links><IndexLink Title="Probe Calculations" Link="/Content/02-CustomProbes/probecalculations.htm#kanchor229" UsedConditions="" /></Links></IndexEntry><IndexEntry Term="Add"><Entries><IndexEntry Term="Comments"><Entries /><Links><IndexLink Title="Probe Script Language Reference" Link="/Content/02-CustomProbes/language.html#kanchor308" UsedConditions="" /></Links></IndexEntry></Entries><Links><IndexLink Title="Probe Script Language Reference" Link="/Content/02-CustomProbes/language.html#kanchor308" UsedConditions="" /></Links></IndexEntry><IndexEntry Term="Addition, Subtraction"><Entries /><Links><IndexLink Title="Probe Calculations" Link="/Content/02-CustomProbes/probecalculations.htm#kanchor224" UsedConditions="" /></Links></IndexEntry><IndexEntry Term="ADDRESS"><Entries /><Links><IndexLink Title="Command Line Probes" Link="/Content/02-CustomProbes/commandlineprobes.htm#kanchor568" UsedConditions="" /><IndexLink Title="Nagios Plugins" Link="/Content/02-CustomProbes/nagios.htm#kanchor589" UsedConditions="" /></Links></IndexEntry><IndexEntry Term="Address_type"><Entries /><Links><IndexLink Title="Probe File Header" Link="/Content/02-CustomProbes/header.html#kanchor49" UsedConditions="" /><IndexLink Title="Example TCP Probe File" Link="/Content/02-CustomProbes/tcpexample.html#kanchor506" UsedConditions="" /><IndexLink Title="Command Line Probes" Link="/Content/02-CustomProbes/commandlineprobes.htm#kanchor566" UsedConditions="" /></Links></IndexEntry><IndexEntry Term="Admin"><Entries /><Links><IndexLink Title="Macro Reference" Link="/Content/03-CustomWebPages/macros.htm#kanchor763" UsedConditions="" /></Links></IndexEntry><IndexEntry Term="Admin/!index.html"><Entries /><Links><IndexLink Title="Folder Structure" Link="/Content/03-CustomWebPages/folders.html#kanchor831" UsedConditions="" /></Links></IndexEntry><IndexEntry Term="AdminHTML"><Entries /><Links><IndexLink Title="Folder Structure" Link="/Content/03-CustomWebPages/folders.html#kanchor821" UsedConditions="" /></Links></IndexEntry><IndexEntry Term="Administrators"><Entries /><Links><IndexLink Title="Customizing Web Pages" Link="/Content/03-CustomWebPages/customizingwebpages.html#kanchor701" UsedConditions="" /></Links></IndexEntry><IndexEntry Term="AGREEMENT"><Entries /><Links><IndexLink Title="Software License Agreement" Link="/Content/01-Preface/warranty.html#kanchor2" UsedConditions="" /></Links></IndexEntry><IndexEntry Term="ALARM"><Entries /><Links><IndexLink Title="Probe Script Language Reference" Link="/Content/02-CustomProbes/language.html#kanchor315" UsedConditions="" /><IndexLink Title="Probe Command Reference" Link="/Content/02-CustomProbes/commandref.html#kanchor461" UsedConditions="" /></Links></IndexEntry><IndexEntry Term="Alarm Point"><Entries /><Links><IndexLink Title="Alarm Points" Link="/Content/02-CustomProbes/alarmpoints.htm#kanchor185" UsedConditions="" /><IndexLink Title="Alarm Point Format" Link="/Content/02-CustomProbes/alarmpointformat.htm#kanchor187" UsedConditions="" /><IndexLink Title="Alarm Point Notifiers" Link="/Content/02-CustomProbes/alarmpointnotifiers.htm#kanchor188" UsedConditions="" /></Links></IndexEntry><IndexEntry Term="Alarm/warning"><Entries /><Links><IndexLink Title="Parameters" Link="/Content/02-CustomProbes/parameters.html#kanchor104" UsedConditions="" /></Links></IndexEntry><IndexEntry Term="Alert"><Entries /><Links><IndexLink Title="Probe File Format" Link="/Content/02-CustomProbes/Probe_File_Format.htm#kanchor29" UsedConditions="" /></Links></IndexEntry><IndexEntry Term="ALRM"><Entries /><Links><IndexLink Title="Probe Command Reference" Link="/Content/02-CustomProbes/commandref.html#kanchor453" UsedConditions="" /></Links></IndexEntry><IndexEntry Term="ALRM Response"><Entries /><Links><IndexLink Title="Example TCP Probe File" Link="/Content/02-CustomProbes/tcpexample.html#kanchor521" UsedConditions="" /></Links></IndexEntry><IndexEntry Term="Alt_title"><Entries /><Links><IndexLink Title="Directives" Link="/Content/03-CustomWebPages/directives.html#kanchor743" UsedConditions="" /><IndexLink Title="Quoted Links" Link="/Content/03-CustomWebPages/quotedlinks.html#kanchor753" UsedConditions="" /></Links></IndexEntry><IndexEntry Term="anchor"><Entries /><Links><IndexLink Title="Macro Reference" Link="/Content/03-CustomWebPages/macros.htm#kanchor813" UsedConditions="" /></Links></IndexEntry><IndexEntry Term="Annotated Example"><Entries><IndexEntry Term="FTP"><Entries /><Links><IndexLink Title="Probe Command Reference" Link="/Content/02-CustomProbes/commandref.html#kanchor382" UsedConditions="" /></Links></IndexEntry></Entries><Links><IndexLink Title="Probe Command Reference" Link="/Content/02-CustomProbes/commandref.html#kanchor483" UsedConditions="" /></Links></IndexEntry><IndexEntry Term="APC-UPS MIB"><Entries /><Links><IndexLink Title="Custom SNMP Probes" Link="/Content/02-CustomProbes/customsnmpprobes.html#kanchor174" UsedConditions="" /><IndexLink Title="Probe Properties" Link="/Content/02-CustomProbes/probeproperties.htm#kanchor274" UsedConditions="" /></Links></IndexEntry><IndexEntry Term="AppleTalk"><Entries /><Links><IndexLink Title="Measuring Response Times" Link="/Content/02-CustomProbes/timing.html#kanchor694" UsedConditions="" /><IndexLink Title="Macro Reference" Link="/Content/03-CustomWebPages/macros.htm#kanchor789" UsedConditions="" /></Links></IndexEntry><IndexEntry Term="AppleTalk datagrams"><Entries /><Links><IndexLink Title="Custom Probes" Link="/Content/02-CustomProbes/customprobes.html#kanchor17" UsedConditions="" /></Links></IndexEntry><IndexEntry Term="AppleTalk NBP"><Entries /><Links><IndexLink Title="Macro Reference" Link="/Content/03-CustomWebPages/macros.htm#kanchor794" UsedConditions="" /></Links></IndexEntry><IndexEntry Term="Argument Format"><Entries /><Links><IndexLink Title="Probe Script Language Reference" Link="/Content/02-CustomProbes/language.html#kanchor292" UsedConditions="" /></Links></IndexEntry><IndexEntry Term="ASN.1"><Entries /><Links><IndexLink Title="The Dartware MIB" Link="/Content/02-CustomProbes/dartwaremib.html#kanchor281" UsedConditions="" /></Links></IndexEntry><IndexEntry Term="AT"><Entries /><Links><IndexLink Title="Probe File Header" Link="/Content/02-CustomProbes/header.html#kanchor31" UsedConditions="" /></Links></IndexEntry><IndexEntry Term="Auth"><Entries /><Links><IndexLink Title="Debugging with SNMPWalk" Link="/Content/02-CustomProbes/Debugging_with_SNMPWalk.htm#kanchor653" UsedConditions="" /></Links></IndexEntry><IndexEntry Term="Authpassword"><Entries /><Links><IndexLink Title="Debugging with SNMPWalk" Link="/Content/02-CustomProbes/Debugging_with_SNMPWalk.htm#kanchor658" UsedConditions="" /></Links></IndexEntry><IndexEntry Term="autorecord"><Entries /><Links><IndexLink Title="Recording Probe Data" Link="/Content/02-CustomProbes/recordingdata.htm#kanchor132" UsedConditions="" /></Links></IndexEntry><IndexEntry Term="B/Bold"><Entries /><Links><IndexLink Title="Probe File Description" Link="/Content/02-CustomProbes/description.html#kanchor84" UsedConditions="" /></Links></IndexEntry><IndexEntry Term="B5/Custom TCP Information/0P"><Entries /><Links><IndexLink Title="Example TCP Probe File" Link="/Content/02-CustomProbes/tcpexample.html#kanchor498" UsedConditions="" /></Links></IndexEntry><IndexEntry Term="Base-64"><Entries /><Links><IndexLink Title="Probe Script Language Reference" Link="/Content/02-CustomProbes/language.html#kanchor372" UsedConditions="" /></Links></IndexEntry><IndexEntry Term="Base64"><Entries /><Links><IndexLink Title="Probe Calculations" Link="/Content/02-CustomProbes/probecalculations.htm#kanchor258" UsedConditions="" /><IndexLink Title="Probe Script Language Reference" Link="/Content/02-CustomProbes/language.html#kanchor371" UsedConditions="" /></Links></IndexEntry><IndexEntry Term="Big-endian"><Entries /><Links><IndexLink Title="Probe Calculations" Link="/Content/02-CustomProbes/probecalculations.htm#kanchor259" UsedConditions="" /></Links></IndexEntry><IndexEntry Term="Bitand"><Entries /><Links><IndexLink Title="Probe Calculations" Link="/Content/02-CustomProbes/probecalculations.htm#kanchor233" UsedConditions="" /></Links></IndexEntry><IndexEntry Term="Bitlshift"><Entries /><Links><IndexLink Title="Probe Calculations" Link="/Content/02-CustomProbes/probecalculations.htm#kanchor235" UsedConditions="" /></Links></IndexEntry><IndexEntry Term="Bitor"><Entries /><Links><IndexLink Title="Probe Calculations" Link="/Content/02-CustomProbes/probecalculations.htm#kanchor234" UsedConditions="" /></Links></IndexEntry><IndexEntry Term="Bitrshift"><Entries /><Links><IndexLink Title="Probe Calculations" Link="/Content/02-CustomProbes/probecalculations.htm#kanchor236" UsedConditions="" /></Links></IndexEntry><IndexEntry Term="Bitwise"><Entries><IndexEntry Term="functions"><Entries /><Links><IndexLink Title="Probe Calculations" Link="/Content/02-CustomProbes/probecalculations.htm#kanchor208" UsedConditions="" /></Links></IndexEntry></Entries><Links><IndexLink Title="Probe Calculations" Link="/Content/02-CustomProbes/probecalculations.htm#kanchor210" UsedConditions="" /></Links></IndexEntry><IndexEntry Term="Bitxor"><Entries /><Links><IndexLink Title="Probe Calculations" Link="/Content/02-CustomProbes/probecalculations.htm#kanchor237" UsedConditions="" /></Links></IndexEntry><IndexEntry Term="BODY"><Entries /><Links><IndexLink Title="Template Files" Link="/Content/03-CustomWebPages/templatefiles.html#kanchor730" UsedConditions="" /></Links></IndexEntry><IndexEntry Term="BODY BGCOLOR"><Entries /><Links><IndexLink Title="Template Files" Link="/Content/03-CustomWebPages/templatefiles.html#kanchor731" UsedConditions="" /></Links></IndexEntry><IndexEntry Term="Bodytext"><Entries /><Links><IndexLink Title="Template Files" Link="/Content/03-CustomWebPages/templatefiles.html#kanchor733" UsedConditions="" /><IndexLink Title="Macro Reference" Link="/Content/03-CustomWebPages/macros.htm#kanchor762" UsedConditions="" /></Links></IndexEntry><IndexEntry Term="Branch Not Equal"><Entries /><Links><IndexLink Title="Probe Command Reference" Link="/Content/02-CustomProbes/commandref.html#kanchor376" UsedConditions="" /></Links></IndexEntry><IndexEntry Term="Buffer"><Entries /><Links><IndexLink Title="Probe Command Reference" Link="/Content/02-CustomProbes/commandref.html#kanchor416" UsedConditions="" /></Links></IndexEntry><IndexEntry Term="Build/compile"><Entries /><Links><IndexLink Title="Command Line Probes" Link="/Content/02-CustomProbes/commandlineprobes.htm#kanchor557" UsedConditions="" /><IndexLink Title="Nagios Plugins" Link="/Content/02-CustomProbes/nagios.htm#kanchor580" UsedConditions="" /></Links></IndexEntry><IndexEntry Term="Built-in Macros"><Entries /><Links><IndexLink Title="Probe Script Language Reference" Link="/Content/02-CustomProbes/language.html#kanchor370" UsedConditions="" /></Links></IndexEntry><IndexEntry Term="Built-in Numeric Functions"><Entries /><Links><IndexLink Title="Probe Calculations" Link="/Content/02-CustomProbes/probecalculations.htm#kanchor228" UsedConditions="" /></Links></IndexEntry><IndexEntry Term="Built-in String Functions"><Entries /><Links><IndexLink Title="Probe Calculations" Link="/Content/02-CustomProbes/probecalculations.htm#kanchor242" UsedConditions="" /></Links></IndexEntry><IndexEntry Term="Built-in Target Files"><Entries /><Links><IndexLink Title="Target Files" Link="/Content/03-CustomWebPages/targetfiles.html#kanchor716" UsedConditions="" /></Links></IndexEntry><IndexEntry Term="Built-in Variables"><Entries /><Links><IndexLink Title="Probe Script Language Reference" Link="/Content/02-CustomProbes/language.html#kanchor355" UsedConditions="" /></Links></IndexEntry><IndexEntry Term="Builtin"><Entries /><Links><IndexLink Title="Probe File Header" Link="/Content/02-CustomProbes/header.html#kanchor35" UsedConditions="" /></Links></IndexEntry><IndexEntry Term="Calling Charts"><Entries /><Links><IndexLink Title="Tip for Calling Charts" Link="/Content/03-CustomWebPages/charts.html#kanchor848" UsedConditions="" /></Links></IndexEntry><IndexEntry Term="Carriage-return"><Entries /><Links><IndexLink Title="Probe Command Reference" Link="/Content/02-CustomProbes/commandref.html#kanchor495" UsedConditions="" /></Links></IndexEntry><IndexEntry Term="Carriage Return"><Entries /><Links><IndexLink Title="Probe Script Language Reference" Link="/Content/02-CustomProbes/language.html#kanchor324" UsedConditions="" /></Links></IndexEntry><IndexEntry Term="Case-insensitive"><Entries /><Links><IndexLink Title="Probe Script Language Reference" Link="/Content/02-CustomProbes/language.html#kanchor338" UsedConditions="" /></Links></IndexEntry><IndexEntry Term="Case-Sensitivity"><Entries><IndexEntry Term="Controlling"><Entries /><Links><IndexLink Title="Probe Script Language Reference" Link="/Content/02-CustomProbes/language.html#kanchor337" UsedConditions="" /></Links></IndexEntry></Entries><Links><IndexLink Title="Probe Script Language Reference" Link="/Content/02-CustomProbes/language.html#kanchor336" UsedConditions="" /></Links></IndexEntry><IndexEntry Term="Changed Web Page Files"><Entries><IndexEntry Term="Reloading"><Entries /><Links><IndexLink Title="Customizing Web Pages" Link="/Content/03-CustomWebPages/customizingwebpages.html#kanchor705" UsedConditions="" /></Links></IndexEntry></Entries><Links><IndexLink Title="Customizing Web Pages" Link="/Content/03-CustomWebPages/customizingwebpages.html#kanchor704" UsedConditions="" /></Links></IndexEntry><IndexEntry Term="Chart.html"><Entries /><Links><IndexLink Title="Target Files" Link="/Content/03-CustomWebPages/targetfiles.html#kanchor722" UsedConditions="" /></Links></IndexEntry><IndexEntry Term="Chart.html?height"><Entries /><Links><IndexLink Title="Tip for Calling Charts" Link="/Content/03-CustomWebPages/charts.html#kanchor850" UsedConditions="" /></Links></IndexEntry><IndexEntry Term="Chart.html?time"><Entries /><Links><IndexLink Title="Tip for Calling Charts" Link="/Content/03-CustomWebPages/charts.html#kanchor851" UsedConditions="" /></Links></IndexEntry><IndexEntry Term="Chartlist"><Entries /><Links><IndexLink Title="Macro Reference" Link="/Content/03-CustomWebPages/macros.htm#kanchor774" UsedConditions="" /></Links></IndexEntry><IndexEntry Term="chartname"><Entries /><Links><IndexLink Title="Macro Reference" Link="/Content/03-CustomWebPages/macros.htm#kanchor775" UsedConditions="" /></Links></IndexEntry><IndexEntry Term="CHCK"><Entries /><Links><IndexLink Title="Probe Command Reference" Link="/Content/02-CustomProbes/commandref.html#kanchor417" UsedConditions="" /></Links></IndexEntry><IndexEntry Term="Check_ping"><Entries /><Links><IndexLink Title="Command Line Probes" Link="/Content/02-CustomProbes/commandlineprobes.htm#kanchor574" UsedConditions="" /></Links></IndexEntry><IndexEntry Term="Cmd"><Entries /><Links><IndexLink Title="Command Line Probes" Link="/Content/02-CustomProbes/commandlineprobes.htm#kanchor570" UsedConditions="" /></Links></IndexEntry><IndexEntry Term="Cmd-line"><Entries /><Links><IndexLink Title="Command Line Probes" Link="/Content/02-CustomProbes/commandlineprobes.htm#kanchor565" UsedConditions="" /></Links></IndexEntry><IndexEntry Term="Cmd.nagios.ping"><Entries /><Links><IndexLink Title="Command Line Probes" Link="/Content/02-CustomProbes/commandlineprobes.htm#kanchor569" UsedConditions="" /></Links></IndexEntry><IndexEntry Term="Com.dartware"><Entries /><Links><IndexLink Title="Probe File Header" Link="/Content/02-CustomProbes/header.html#kanchor44" UsedConditions="" /><IndexLink Title="Probe File Names" Link="/Content/02-CustomProbes/filenames.html#kanchor76" UsedConditions="" /><IndexLink Title="Example TCP Probe File" Link="/Content/02-CustomProbes/tcpexample.html#kanchor500" UsedConditions="" /></Links></IndexEntry><IndexEntry Term="Com.dartware.tcp.custom"><Entries /><Links><IndexLink Title="Probe File Header" Link="/Content/02-CustomProbes/header.html#kanchor46" UsedConditions="" /><IndexLink Title="Probe File Names" Link="/Content/02-CustomProbes/filenames.html#kanchor83" UsedConditions="" /><IndexLink Title="Example TCP Probe File" Link="/Content/02-CustomProbes/tcpexample.html#kanchor502" UsedConditions="" /></Links></IndexEntry><IndexEntry Term="Comma-separated"><Entries /><Links><IndexLink Title="Custom SNMP Probes" Link="/Content/02-CustomProbes/customsnmpprobes.html#kanchor152" UsedConditions="" /></Links></IndexEntry><IndexEntry Term="Comma-separated list"><Entries /><Links><IndexLink Title="Probe File Header" Link="/Content/02-CustomProbes/header.html#kanchor50" UsedConditions="" /></Links></IndexEntry><IndexEntry Term="Command-line"><Entries><IndexEntry Term="Create"><Entries /><Links><IndexLink Title="Command Line Probes" Link="/Content/02-CustomProbes/commandlineprobes.htm#kanchor542" UsedConditions="" /></Links></IndexEntry></Entries><Links><IndexLink Title="Probe File Header" Link="/Content/02-CustomProbes/header.html#kanchor40" UsedConditions="" /><IndexLink Title="Command Line Probes" Link="/Content/02-CustomProbes/commandlineprobes.htm#kanchor538" UsedConditions="" /></Links></IndexEntry><IndexEntry Term="Command-line Probe"><Entries><IndexEntry Term="Installing"><Entries /><Links><IndexLink Title="Command Line Probes" Link="/Content/02-CustomProbes/commandlineprobes.htm#kanchor560" UsedConditions="" /></Links></IndexEntry></Entries><Links><IndexLink Title="Command Line Probes" Link="/Content/02-CustomProbes/commandlineprobes.htm#kanchor553" UsedConditions="" /></Links></IndexEntry><IndexEntry Term="Command-line Probe File Format"><Entries /><Links><IndexLink Title="Command Line Probes" Link="/Content/02-CustomProbes/commandlineprobes.htm#kanchor564" UsedConditions="" /></Links></IndexEntry><IndexEntry Term="Command Line Interface"><Entries /><Links><IndexLink Title="Using the Command Line Interface" Link="/Content/02-CustomProbes/Using_the_Command_Line_Interface.htm#kanchor852" UsedConditions="" /></Links></IndexEntry><IndexEntry Term="Command Line Nagios Plug-in Example"><Entries /><Links><IndexLink Title="Command-line Probe Example" Link="/Content/02-CustomProbes/cmdlineprobeexample.htm#kanchor578" UsedConditions="" /></Links></IndexEntry><IndexEntry Term="Command Line Probes"><Entries /><Links><IndexLink Title="Command Line Probes" Link="/Content/02-CustomProbes/commandlineprobes.htm#kanchor536" UsedConditions="" /></Links></IndexEntry><IndexEntry Term="Command List"><Entries /><Links><IndexLink Title="Probe Command Reference" Link="/Content/02-CustomProbes/commandref.html#kanchor445" UsedConditions="" /></Links></IndexEntry><IndexEntry Term="Comments"><Entries><IndexEntry Term="Adding"><Entries /><Links><IndexLink Title="Probe Script Language Reference" Link="/Content/02-CustomProbes/language.html#kanchor308" UsedConditions="" /></Links></IndexEntry></Entries><Links><IndexLink Title="Probe Script Language Reference" Link="/Content/02-CustomProbes/language.html#kanchor308" UsedConditions="" /></Links></IndexEntry><IndexEntry Term="Comparisons"><Entries><IndexEntry Term="Creating"><Entries /><Links><IndexLink Title="Thresholds" Link="/Content/02-CustomProbes/Thresholds.htm#kanchor180" UsedConditions="" /></Links></IndexEntry></Entries><Links><IndexLink Title="Thresholds" Link="/Content/02-CustomProbes/Thresholds.htm#kanchor177" UsedConditions="" /></Links></IndexEntry><IndexEntry Term="ConCATenate"><Entries /><Links><IndexLink Title="Probe Command Reference" Link="/Content/02-CustomProbes/commandref.html#kanchor435" UsedConditions="" /></Links></IndexEntry><IndexEntry Term="Concatenation"><Entries /><Links><IndexLink Title="Probe Calculations" Link="/Content/02-CustomProbes/probecalculations.htm#kanchor214" UsedConditions="" /></Links></IndexEntry><IndexEntry Term="Conditional Expression"><Entries /><Links><IndexLink Title="Probe Calculations" Link="/Content/02-CustomProbes/probecalculations.htm#kanchor219" UsedConditions="" /></Links></IndexEntry><IndexEntry Term="CONN"><Entries /><Links><IndexLink Title="Probe Command Reference" Link="/Content/02-CustomProbes/commandref.html#kanchor391" UsedConditions="" /><IndexLink Title="Example TCP Probe File" Link="/Content/02-CustomProbes/tcpexample.html#kanchor510" UsedConditions="" /></Links></IndexEntry><IndexEntry Term="Connect_timeout"><Entries /><Links><IndexLink Title="Probe Command Reference" Link="/Content/02-CustomProbes/commandref.html#kanchor412" UsedConditions="" /></Links></IndexEntry><IndexEntry Term="Connecttime"><Entries /><Links><IndexLink Title="Probe Command Reference" Link="/Content/02-CustomProbes/commandref.html#kanchor478" UsedConditions="" /></Links></IndexEntry><IndexEntry Term="Consequently"><Entries /><Links><IndexLink Title="Errors with Custom Probes" Link="/Content/02-CustomProbes/errors.html#kanchor627" UsedConditions="" /></Links></IndexEntry><IndexEntry Term="Contributions"><Entries /><Links><IndexLink Title="Installing Custom Probes" Link="/Content/02-CustomProbes/installing.html#kanchor612" UsedConditions="" /></Links></IndexEntry><IndexEntry Term="Controlling"><Entries><IndexEntry Term="Case-Sensitivity"><Entries /><Links><IndexLink Title="Probe Script Language Reference" Link="/Content/02-CustomProbes/language.html#kanchor335" UsedConditions="" /></Links></IndexEntry></Entries><Links><IndexLink Title="Probe Script Language Reference" Link="/Content/02-CustomProbes/language.html#kanchor334" UsedConditions="" /></Links></IndexEntry><IndexEntry Term="Cos"><Entries /><Links><IndexLink Title="Probe Calculations" Link="/Content/02-CustomProbes/probecalculations.htm#kanchor238" UsedConditions="" /></Links></IndexEntry><IndexEntry Term="CPU"><Entries /><Links><IndexLink Title="Custom SNMP Probes" Link="/Content/02-CustomProbes/customsnmpprobes.html#kanchor140" UsedConditions="" /></Links></IndexEntry><IndexEntry Term="CR-LF"><Entries><IndexEntry Term="specify"><Entries /><Links><IndexLink Title="Probe Command Reference" Link="/Content/02-CustomProbes/commandref.html#kanchor448" UsedConditions="" /></Links></IndexEntry></Entries><Links><IndexLink Title="Probe Command Reference" Link="/Content/02-CustomProbes/commandref.html#kanchor466" UsedConditions="" /><IndexLink Title="Example TCP Probe File" Link="/Content/02-CustomProbes/tcpexample.html#kanchor513" UsedConditions="" /></Links></IndexEntry><IndexEntry Term="Creating"><Entries><IndexEntry Term="Command-line"><Entries /><Links><IndexLink Title="Command Line Probes" Link="/Content/02-CustomProbes/commandlineprobes.htm#kanchor539" UsedConditions="" /></Links></IndexEntry><IndexEntry Term="Comparisons"><Entries /><Links><IndexLink Title="Thresholds" Link="/Content/02-CustomProbes/Thresholds.htm#kanchor176" UsedConditions="" /></Links></IndexEntry><IndexEntry Term="Nagios Probes"><Entries /><Links><IndexLink Title="Nagios Plugins" Link="/Content/02-CustomProbes/nagios.htm#kanchor593" UsedConditions="" /></Links></IndexEntry><IndexEntry Term="Your Own Custom Probes"><Entries /><Links><IndexLink Title="Installing Custom Probes" Link="/Content/02-CustomProbes/installing.html#kanchor611" UsedConditions="" /></Links></IndexEntry></Entries><Links><IndexLink Title="Thresholds" Link="/Content/02-CustomProbes/Thresholds.htm#kanchor179" UsedConditions="" /><IndexLink Title="Command Line Probes" Link="/Content/02-CustomProbes/commandlineprobes.htm#kanchor536" UsedConditions="" /><IndexLink Title="Nagios Plugins" Link="/Content/02-CustomProbes/nagios.htm#kanchor592" UsedConditions="" /><IndexLink Title="Installing Custom Probes" Link="/Content/02-CustomProbes/installing.html#kanchor610" UsedConditions="" /></Links></IndexEntry><IndexEntry Term="Currentlinkoutages"><Entries /><Links><IndexLink Title="Macro Reference" Link="/Content/03-CustomWebPages/macros.htm#kanchor770" UsedConditions="" /></Links></IndexEntry><IndexEntry Term="Currentoutages"><Entries /><Links><IndexLink Title="Macro Reference" Link="/Content/03-CustomWebPages/macros.htm#kanchor769" UsedConditions="" /></Links></IndexEntry><IndexEntry Term="Custom-snmp"><Entries /><Links><IndexLink Title="Probe File Header" Link="/Content/02-CustomProbes/header.html#kanchor39" UsedConditions="" /></Links></IndexEntry><IndexEntry Term="Custom Probe File Format"><Entries /><Links><IndexLink Title="Probe File Format" Link="/Content/02-CustomProbes/Probe_File_Format.htm#kanchor21" UsedConditions="" /></Links></IndexEntry><IndexEntry Term="Custom Probes"><Entries><IndexEntry Term="Installing"><Entries /><Links><IndexLink Title="Installing Custom Probes" Link="/Content/02-CustomProbes/installing.html#kanchor597" UsedConditions="" /></Links></IndexEntry></Entries><Links><IndexLink Title="Custom Probes" Link="/Content/02-CustomProbes/customprobes.html#kanchor8" UsedConditions="" /><IndexLink Title="Installing Custom Probes" Link="/Content/02-CustomProbes/installing.html#kanchor596" UsedConditions="" /><IndexLink Title="Errors with Custom Probes" Link="/Content/02-CustomProbes/errors.html#kanchor614" UsedConditions="" /></Links></IndexEntry><IndexEntry Term="Custom SNMP Probes"><Entries><IndexEntry Term="Header Section"><Entries /><Links><IndexLink Title="Probe File Header" Link="/Content/02-CustomProbes/header.html#kanchor56" UsedConditions="" /></Links></IndexEntry></Entries><Links><IndexLink Title="Probe File Header" Link="/Content/02-CustomProbes/header.html#kanchor42" UsedConditions="" /><IndexLink Title="Customized Pop-up Windows" Link="/Content/02-CustomProbes/customstatuswindows.html#kanchor120" UsedConditions="" /><IndexLink Title="Custom SNMP Probes" Link="/Content/02-CustomProbes/customsnmpprobes.html#kanchor135" UsedConditions="" /></Links></IndexEntry><IndexEntry Term="Custom TCP"><Entries /><Links><IndexLink Title="Probe File Header" Link="/Content/02-CustomProbes/header.html#kanchor41" UsedConditions="" /><IndexLink Title="Probe File Names" Link="/Content/02-CustomProbes/filenames.html#kanchor81" UsedConditions="" /><IndexLink Title="Parameters" Link="/Content/02-CustomProbes/parameters.html#kanchor109" UsedConditions="" /><IndexLink Title="Example TCP Probe File" Link="/Content/02-CustomProbes/tcpexample.html#kanchor498" UsedConditions="" /></Links></IndexEntry><IndexEntry Term="Custom TCP-Based Probes"><Entries /><Links><IndexLink Title="Customized Pop-up Windows" Link="/Content/02-CustomProbes/customstatuswindows.html#kanchor130" UsedConditions="" /></Links></IndexEntry><IndexEntry Term="Custom TCP script"><Entries><IndexEntry Term="Dartware-provided probe"><Entries /><Links><IndexLink Title="Example TCP Probe File" Link="/Content/02-CustomProbes/tcpexample.html#kanchor498" UsedConditions="" /></Links></IndexEntry></Entries><Links><IndexLink Title="Example TCP Probe File" Link="/Content/02-CustomProbes/tcpexample.html#kanchor498" UsedConditions="" /></Links></IndexEntry><IndexEntry Term="Customizing"><Entries><IndexEntry Term="Status windows"><Entries /><Links><IndexLink Title="Customized Pop-up Windows" Link="/Content/02-CustomProbes/customstatuswindows.html#kanchor116" UsedConditions="" /></Links></IndexEntry><IndexEntry Term="Web Pages"><Entries /><Links><IndexLink Title="Customizing Web Pages" Link="/Content/03-CustomWebPages/customizingwebpages.html#kanchor698" UsedConditions="" /></Links></IndexEntry></Entries><Links><IndexLink Title="Customized Pop-up Windows" Link="/Content/02-CustomProbes/customstatuswindows.html#kanchor115" UsedConditions="" /><IndexLink Title="Customizing Web Pages" Link="/Content/03-CustomWebPages/customizingwebpages.html#kanchor697" UsedConditions="" /></Links></IndexEntry></Entries></IndexEntry></CatapultTargetIndex>