﻿<?xml version="1.0" encoding="utf-8"?><index><stem n="&quot;value&quot;"><phr n="&quot;value&quot;"><ent r="3" t="5" w="77" /></phr></stem><stem n="enclos"><phr n="enclosed"><ent r="3" t="5" w="83" /><ent r="3" t="8" w="143" /><ent r="4" t="16" w="229" /><ent r="4" t="17" w="359" /><ent r="4" t="19" w="349" /><ent r="3" t="23" w="663" /><ent r="4" t="26" w="242" /><ent r="4" t="30" w="431" /><ent r="4" t="30" w="1286" /><ent r="4" t="33" w="522" /><ent r="4" t="51" w="187" /><ent r="6" t="53" w="135" /></phr><phr n="enclose"><ent r="4" t="16" w="268" /><ent r="3" t="31" w="2987" /></phr><phr n="Enclose"><ent r="4" t="17" w="328" /></phr></stem><stem n="doubl"><phr n="double"><ent r="3" t="5" w="85" /><ent r="5" t="5" w="558" /><ent r="5" t="5" w="569" /><ent r="3" t="9" w="101" /><ent r="5" t="14" w="1197" /><ent r="4" t="17" w="336" /><ent r="4" t="21" w="126" /><ent r="4" t="21" w="245" /><ent r="4" t="21" w="254" /><ent r="3" t="21" w="918" /><ent r="4" t="30" w="433" /><ent r="4" t="51" w="118" /><ent r="4" t="51" w="293" /><ent r="3" t="54" w="27" /></phr><phr n="Double"><ent r="7" t="16" w="606" /><ent r="100" t="21" w="116" /><ent r="100" t="30" w="514" /><ent r="5" t="30" w="517" /><ent r="4" t="41" w="758" /></phr><phr n="DOUBLE"><ent r="3" t="21" w="904" /><ent r="3" t="21" w="907" /><ent r="3" t="21" w="912" /><ent r="4" t="25" w="1132" /></phr></stem><stem n="double-quot"><phr n="double-quotes"><ent r="3" t="5" w="85" /><ent r="4" t="17" w="336" /><ent r="4" t="21" w="245" /><ent r="4" t="30" w="433" /><ent r="4" t="51" w="118" /><ent r="4" t="51" w="293" /><ent r="3" t="54" w="27" /></phr><phr n="double-quote"><ent r="5" t="14" w="1197" /></phr><phr n="double-quoted"><ent r="4" t="21" w="254" /></phr></stem><stem n="quot"><phr n="quotes"><ent r="3" t="5" w="86" /><ent r="5" t="14" w="1213" /><ent r="4" t="17" w="337" /><ent r="4" t="17" w="361" /><ent r="4" t="21" w="246" /><ent r="4" t="26" w="264" /><ent r="4" t="26" w="302" /><ent r="4" t="30" w="434" /><ent r="3" t="31" w="1044" /><ent r="3" t="31" w="2991" /><ent r="4" t="51" w="119" /><ent r="4" t="51" w="294" /><ent r="3" t="51" w="376" /><ent r="6" t="53" w="127" /><ent r="3" t="54" w="28" /><ent r="3" t="54" w="133" /><ent r="3" t="54" w="167" /><ent r="4" t="54" w="224" /></phr><phr n="quote"><ent r="5" t="14" w="1198" /><ent r="3" t="20" w="95" /><ent r="4" t="30" w="627" /><ent r="4" t="30" w="709" /><ent r="4" t="30" w="735" /><ent r="4" t="54" w="245" /></phr><phr n="quoted"><ent r="4" t="16" w="1451" /><ent r="3" t="20" w="63" /><ent r="4" t="21" w="255" /><ent r="3" t="51" w="425" /><ent r="3" t="51" w="480" /><ent r="3" t="52" w="59" /><ent r="6" t="53" w="155" /><ent r="6" t="53" w="184" /><ent r="6" t="53" w="242" /><ent r="6" t="53" w="268" /><ent r="3" t="54" w="155" /><ent r="3" t="54" w="188" /><ent r="3" t="54" w="206" /><ent r="4" t="54" w="230" /></phr><phr n="Quote"><ent r="100" t="30" w="515" /><ent r="5" t="30" w="518" /></phr><phr n="quoting"><ent r="3" t="31" w="2725" /></phr><phr n="Quoted"><ent r="66" t="50" w="195" /><ent r="100" t="51" w="86" /><ent r="66" t="51" w="89" /><ent r="92" t="51" w="346" /><ent r="64" t="51" w="434" /><ent r="1000" t="54" w="1" /><ent r="100" t="54" w="4" /><ent r="102" t="54" w="9" /><ent r="100" t="54" w="103" /><ent r="100" t="54" w="111" /><ent r="92" t="54" w="120" /></phr></stem><stem n="-quotes."><phr n="-quotes."><ent r="3" t="5" w="87" /><ent r="3" t="5" w="87" /><ent r="4" t="30" w="435" /><ent r="4" t="30" w="435" /><ent r="3" t="54" w="29" /><ent r="3" t="54" w="29" /></phr></stem><stem n="builtin"><phr n="Builtin"><ent r="100" t="5" w="114" /></phr><phr n="builtin"><ent r="8" t="5" w="116" /></phr></stem><stem n="-script"><phr n="-script"><ent r="100" t="5" w="120" /><ent r="100" t="5" w="120" /><ent r="8" t="5" w="123" /><ent r="8" t="5" w="123" /><ent r="8" t="5" w="160" /><ent r="8" t="5" w="160" /><ent r="100" t="32" w="122" /><ent r="100" t="32" w="122" /></phr></stem><stem n="tcp-script"><phr n="Tcp-script"><ent r="100" t="5" w="120" /><ent r="100" t="32" w="122" /></phr><phr n="tcp-script"><ent r="8" t="5" w="123" /><ent r="8" t="5" w="160" /><ent r="3" t="5" w="716" /><ent r="3" t="14" w="786" /><ent r="3" t="32" w="126" /></phr></stem><stem n="-snmp"><phr n="-snmp"><ent r="100" t="5" w="128" /><ent r="100" t="5" w="128" /><ent r="8" t="5" w="131" /><ent r="8" t="5" w="131" /><ent r="8" t="5" w="185" /><ent r="8" t="5" w="185" /><ent r="3" t="19" w="1142" /><ent r="3" t="19" w="1142" /><ent r="3" t="27" w="304" /><ent r="3" t="27" w="304" /><ent r="3" t="27" w="336" /><ent r="3" t="27" w="336" /></phr><phr n="-SNMP"><ent r="5" t="13" w="614" /><ent r="5" t="13" w="614" /></phr></stem><stem n="custom-snmp"><phr n="Custom-snmp"><ent r="100" t="5" w="128" /></phr><phr n="custom-snmp"><ent r="8" t="5" w="131" /><ent r="7" t="5" w="134" /><ent r="8" t="5" w="185" /><ent r="7" t="5" w="198" /><ent r="4" t="5" w="797" /><ent r="3" t="19" w="1277" /><ent r="3" t="25" w="1484" /><ent r="3" t="25" w="1501" /><ent r="3" t="27" w="64" /><ent r="3" t="27" w="120" /></phr></stem><stem n="-snmp-trap"><phr n="-snmp-trap"><ent r="7" t="5" w="134" /><ent r="7" t="5" w="135" /><ent r="7" t="5" w="198" /><ent r="7" t="5" w="199" /></phr></stem><stem n="custom-snmp-trap"><phr n="custom-snmp-trap"><ent r="7" t="5" w="134" /><ent r="7" t="5" w="198" /><ent r="3" t="25" w="1484" /><ent r="3" t="25" w="1501" /><ent r="3" t="27" w="64" /><ent r="3" t="27" w="120" /></phr></stem><stem n="snmp-trap"><phr n="snmp-trap"><ent r="7" t="5" w="135" /><ent r="7" t="5" w="199" /><ent r="3" t="25" w="1485" /><ent r="3" t="25" w="1502" /><ent r="3" t="27" w="65" /><ent r="3" t="27" w="121" /></phr></stem><stem n="cmd"><phr n="cmd"><ent r="8" t="5" w="144" /><ent r="8" t="5" w="216" /><ent r="3" t="14" w="91" /><ent r="3" t="14" w="288" /><ent r="3" t="33" w="413" /><ent r="4" t="33" w="838" /><ent r="4" t="33" w="867" /><ent r="4" t="33" w="889" /><ent r="5" t="33" w="957" /><ent r="7" t="33" w="1060" /><ent r="6" t="33" w="1097" /><ent r="6" t="33" w="1107" /><ent r="6" t="33" w="1137" /><ent r="6" t="33" w="1148" /><ent r="7" t="33" w="1158" /><ent r="4" t="34" w="234" /><ent r="3" t="34" w="246" /><ent r="3" t="34" w="258" /><ent r="3" t="34" w="391" /><ent r="3" t="34" w="500" /><ent r="3" t="34" w="645" /><ent r="3" t="34" w="754" /><ent r="3" t="35" w="89" /><ent r="3" t="35" w="102" /><ent r="3" t="35" w="109" /><ent r="3" t="35" w="173" /><ent r="3" t="36" w="392" /><ent r="3" t="36" w="468" /></phr><phr n="Cmd"><ent r="100" t="33" w="811" /><ent r="100" t="33" w="822" /><ent r="100" t="33" w="826" /></phr></stem><stem n="cmd-line"><phr n="cmd-line"><ent r="8" t="5" w="144" /><ent r="8" t="5" w="216" /><ent r="3" t="14" w="91" /><ent r="3" t="14" w="288" /><ent r="4" t="33" w="838" /><ent r="3" t="34" w="391" /><ent r="3" t="34" w="645" /><ent r="3" t="35" w="102" /><ent r="3" t="36" w="392" /></phr><phr n="Cmd-line"><ent r="100" t="33" w="811" /></phr></stem><stem n=":custom"><phr n=":Custom"><ent r="100" t="5" w="173" /><ent r="100" t="32" w="45" /><ent r="100" t="38" w="20" /></phr><phr n=":Customizing"><ent r="100" t="10" w="11" /><ent r="100" t="50" w="10" /></phr></stem><stem n="packag"><phr n="package"><ent r="6" t="5" w="222" /><ent r="6" t="5" w="235" /><ent r="6" t="5" w="264" /><ent r="6" t="5" w="273" /><ent r="6" t="5" w="278" /><ent r="6" t="5" w="312" /><ent r="3" t="5" w="719" /><ent r="5" t="6" w="56" /><ent r="4" t="6" w="90" /><ent r="4" t="6" w="114" /><ent r="3" t="6" w="176" /><ent r="3" t="6" w="202" /><ent r="3" t="6" w="227" /><ent r="3" t="19" w="1279" /><ent r="3" t="27" w="123" /><ent r="3" t="32" w="128" /><ent r="4" t="33" w="845" /><ent r="3" t="34" w="393" /><ent r="3" t="34" w="647" /><ent r="3" t="35" w="104" /><ent r="3" t="36" w="394" /></phr><phr n="packaged"><ent r="3" t="48" w="70" /></phr></stem><stem n="domain"><phr n="domain"><ent r="6" t="5" w="241" /><ent r="4" t="6" w="98" /><ent r="4" t="33" w="850" /><ent r="100" t="56" w="427" /><ent r="4" t="56" w="432" /><ent r="3" t="56" w="444" /><ent r="3" t="56" w="457" /><ent r="3" t="56" w="471" /></phr></stem><stem n="organ"><phr n="organization"><ent r="6" t="5" w="245" /><ent r="5" t="5" w="388" /><ent r="4" t="6" w="64" /><ent r="4" t="6" w="95" /></phr><phr n="organizations"><ent r="6" t="5" w="283" /><ent r="4" t="6" w="119" /></phr><phr n="ORGANIZATION"><ent r="3" t="28" w="91" /></phr></stem><stem n="label"><phr n="labels"><ent r="6" t="5" w="252" /><ent r="4" t="12" w="192" /><ent r="4" t="12" w="216" /><ent r="4" t="12" w="226" /></phr><phr n="label"><ent r="4" t="12" w="182" /><ent r="5" t="14" w="310" /><ent r="5" t="14" w="458" /><ent r="5" t="14" w="1097" /><ent r="4" t="16" w="914" /><ent r="3" t="28" w="257" /><ent r="3" t="30" w="1092" /><ent r="3" t="30" w="1115" /><ent r="3" t="30" w="1152" /><ent r="4" t="31" w="2232" /><ent r="3" t="31" w="2331" /><ent r="4" t="31" w="2567" /><ent r="3" t="31" w="2689" /><ent r="3" t="31" w="3777" /><ent r="3" t="37" w="591" /></phr><phr n="Label"><ent r="5" t="13" w="41" /><ent r="100" t="30" w="132" /><ent r="100" t="30" w="142" /><ent r="100" t="30" w="1112" /><ent r="100" t="30" w="1134" /><ent r="82" t="30" w="1140" /></phr><phr n="Labels"><ent r="100" t="30" w="140" /><ent r="65" t="30" w="145" /><ent r="92" t="30" w="1085" /><ent r="3" t="30" w="1107" /><ent r="4" t="30" w="1118" /></phr></stem><stem n="revers"><phr n="reversed"><ent r="6" t="5" w="253" /><ent r="4" t="6" w="103" /><ent r="4" t="33" w="849" /></phr></stem><stem n=".dartwar"><phr n=".dartware"><ent r="100" t="5" w="271" /><ent r="100" t="6" w="72" /><ent r="100" t="32" w="85" /></phr></stem><stem n="com.dartwar"><phr n="Com.dartware"><ent r="100" t="5" w="271" /><ent r="100" t="5" w="270" /><ent r="100" t="5" w="302" /><ent r="100" t="5" w="301" /><ent r="100" t="6" w="72" /><ent r="100" t="6" w="71" /><ent r="100" t="6" w="164" /><ent r="100" t="6" w="163" /><ent r="100" t="32" w="85" /><ent r="100" t="32" w="84" /><ent r="100" t="32" w="91" /><ent r="100" t="32" w="90" /></phr><phr n="com.dartware"><ent r="6" t="5" w="275" /><ent r="6" t="5" w="274" /><ent r="6" t="5" w="331" /><ent r="6" t="5" w="330" /><ent r="3" t="5" w="721" /><ent r="3" t="5" w="720" /><ent r="4" t="6" w="117" /><ent r="4" t="6" w="116" /><ent r="5" t="6" w="169" /><ent r="5" t="6" w="168" /><ent r="3" t="6" w="229" /><ent r="3" t="6" w="228" /><ent r="3" t="19" w="1281" /><ent r="3" t="19" w="1280" /><ent r="3" t="27" w="25" /><ent r="3" t="27" w="24" /><ent r="3" t="27" w="125" /><ent r="3" t="27" w="124" /><ent r="3" t="32" w="98" /><ent r="3" t="32" w="97" /><ent r="3" t="32" w="130" /><ent r="3" t="32" w="129" /><ent r="4" t="34" w="227" /><ent r="4" t="34" w="226" /><ent r="4" t="34" w="298" /><ent r="4" t="34" w="297" /><ent r="3" t="34" w="367" /><ent r="3" t="34" w="366" /><ent r="3" t="34" w="395" /><ent r="3" t="34" w="394" /><ent r="3" t="34" w="621" /><ent r="3" t="34" w="620" /><ent r="3" t="34" w="649" /><ent r="3" t="34" w="648" /><ent r="3" t="35" w="88" /><ent r="3" t="35" w="87" /><ent r="3" t="35" w="106" /><ent r="3" t="35" w="105" /><ent r="3" t="36" w="317" /><ent r="3" t="36" w="316" /><ent r="3" t="36" w="396" /><ent r="3" t="36" w="395" /><ent r="3" t="39" w="134" /><ent r="3" t="39" w="133" /></phr></stem><stem n="&quot;com.dartware&quot;"><phr n="&quot;com.dartware&quot;"><ent r="6" t="5" w="276" /><ent r="3" t="5" w="722" /><ent r="3" t="6" w="230" /><ent r="3" t="19" w="1282" /><ent r="3" t="27" w="126" /><ent r="3" t="32" w="131" /><ent r="3" t="34" w="396" /><ent r="3" t="34" w="650" /><ent r="3" t="35" w="107" /></phr></stem><stem n="guarante"><phr n="guarantees"><ent r="6" t="5" w="280" /><ent r="3" t="25" w="233" /></phr></stem><stem n="concern"><phr n="concern"><ent r="6" t="5" w="288" /></phr></stem><stem n="conflict"><phr n="conflict"><ent r="6" t="5" w="294" /></phr><phr n="conflicts"><ent r="3" t="24" w="927" /></phr></stem><stem n=".custom"><phr n=".custom"><ent r="100" t="5" w="299" /><ent r="100" t="6" w="161" /><ent r="100" t="32" w="88" /></phr></stem><stem n="tcp.custom"><phr n="Tcp.custom"><ent r="100" t="5" w="299" /><ent r="100" t="5" w="298" /><ent r="100" t="6" w="161" /><ent r="100" t="6" w="160" /><ent r="100" t="32" w="88" /><ent r="100" t="32" w="87" /></phr><phr n="tcp.custom"><ent r="3" t="6" w="233" /><ent r="3" t="6" w="232" /><ent r="3" t="32" w="138" /><ent r="3" t="32" w="137" /></phr></stem><stem n="com.dartware.tcp"><phr n="Com.dartware.tcp"><ent r="100" t="5" w="303" /><ent r="100" t="5" w="301" /><ent r="100" t="6" w="165" /><ent r="100" t="6" w="163" /><ent r="100" t="32" w="92" /><ent r="100" t="32" w="90" /></phr><phr n="com.dartware.tcp"><ent r="6" t="5" w="332" /><ent r="6" t="5" w="330" /><ent r="5" t="6" w="170" /><ent r="5" t="6" w="168" /><ent r="3" t="32" w="99" /><ent r="3" t="32" w="97" /></phr></stem><stem n=".dartware.tcp.custom"><phr n=".dartware.tcp.custom"><ent r="100" t="5" w="304" /><ent r="100" t="6" w="166" /><ent r="5" t="6" w="171" /><ent r="100" t="32" w="93" /></phr></stem><stem n="com.dartware.tcp.custom"><phr n="Com.dartware.tcp.custom"><ent r="100" t="5" w="304" /><ent r="100" t="5" w="301" /><ent r="100" t="6" w="166" /><ent r="100" t="6" w="163" /><ent r="100" t="32" w="93" /><ent r="100" t="32" w="90" /></phr><phr n="com.dartware.tcp.custom"><ent r="6" t="5" w="333" /><ent r="6" t="5" w="330" /><ent r="5" t="6" w="171" /><ent r="5" t="6" w="168" /><ent r="3" t="32" w="100" /><ent r="3" t="32" w="97" /></phr></stem><stem n="_name"><phr n="_name"><ent r="100" t="5" w="307" /><ent r="6" t="5" w="368" /><ent r="5" t="5" w="381" /><ent r="100" t="5" w="393" /><ent r="6" t="5" w="396" /><ent r="100" t="5" w="492" /><ent r="6" t="5" w="495" /><ent r="6" t="5" w="504" /><ent r="6" t="5" w="533" /><ent r="6" t="5" w="544" /><ent r="3" t="19" w="1283" /><ent r="3" t="19" w="1287" /><ent r="100" t="30" w="1113" /><ent r="100" t="32" w="133" /><ent r="3" t="32" w="136" /><ent r="100" t="32" w="141" /><ent r="3" t="32" w="144" /><ent r="100" t="33" w="818" /><ent r="3" t="34" w="397" /><ent r="3" t="34" w="401" /><ent r="3" t="34" w="412" /><ent r="3" t="34" w="651" /><ent r="3" t="34" w="655" /><ent r="3" t="34" w="666" /><ent r="3" t="35" w="108" /><ent r="3" t="35" w="112" /><ent r="3" t="36" w="375" /><ent r="3" t="36" w="412" /><ent r="100" t="53" w="750" /></phr></stem><stem n="probe_nam"><phr n="Probe_name"><ent r="100" t="5" w="307" /><ent r="100" t="5" w="306" /><ent r="100" t="32" w="133" /><ent r="100" t="32" w="132" /><ent r="100" t="33" w="818" /><ent r="100" t="33" w="817" /></phr><phr n="probe_name"><ent r="6" t="5" w="314" /><ent r="6" t="5" w="313" /><ent r="6" t="5" w="368" /><ent r="6" t="5" w="367" /><ent r="5" t="5" w="381" /><ent r="5" t="5" w="380" /><ent r="3" t="5" w="724" /><ent r="3" t="5" w="723" /><ent r="3" t="19" w="1283" /><ent r="3" t="19" w="1282" /><ent r="3" t="27" w="127" /><ent r="3" t="27" w="126" /><ent r="3" t="32" w="136" /><ent r="3" t="32" w="135" /><ent r="4" t="33" w="865" /><ent r="4" t="33" w="864" /><ent r="4" t="33" w="873" /><ent r="4" t="33" w="872" /><ent r="3" t="34" w="397" /><ent r="3" t="34" w="396" /><ent r="3" t="34" w="651" /><ent r="3" t="34" w="650" /><ent r="3" t="35" w="108" /><ent r="3" t="35" w="107" /><ent r="3" t="36" w="398" /><ent r="3" t="36" w="397" /></phr></stem><stem n="combin"><phr n="combination"><ent r="6" t="5" w="310" /><ent r="3" t="6" w="199" /><ent r="3" t="24" w="853" /><ent r="3" t="32" w="249" /></phr><phr n="combined"><ent r="4" t="21" w="703" /><ent r="3" t="21" w="973" /></phr></stem><stem n="[package].[probe_name]"><phr n="[package].[probe_name]"><ent r="6" t="5" w="315" /></phr></stem><stem n="togeth"><phr n="together"><ent r="6" t="5" w="315" /><ent r="3" t="11" w="40" /></phr></stem><stem n="(in"><phr n="(In"><ent r="6" t="5" w="322" /></phr><phr n="(in"><ent r="4" t="12" w="59" /><ent r="3" t="18" w="450" /><ent r="3" t="30" w="1199" /><ent r="3" t="31" w="4088" /><ent r="3" t="34" w="310" /></phr></stem><stem n="&quot;com.dartware.tcp.custom&quot;)"><phr n="&quot;com.dartware.tcp.custom&quot;)"><ent r="6" t="5" w="334" /></phr></stem><stem n="convent"><phr n="convention"><ent r="6" t="5" w="335" /><ent r="4" t="6" w="88" /><ent r="3" t="14" w="2004" /><ent r="3" t="31" w="2726" /><ent r="4" t="33" w="853" /></phr><phr n="conventions"><ent r="6" t="33" w="1007" /></phr></stem><stem n="hold"><phr n="holds"><ent r="6" t="5" w="342" /><ent r="4" t="15" w="232" /></phr><phr n="hold"><ent r="3" t="10" w="287" /><ent r="3" t="10" w="357" /><ent r="4" t="23" w="191" /><ent r="4" t="23" w="240" /><ent r="3" t="42" w="295" /></phr></stem><stem n="requir"><phr n="required"><ent r="6" t="5" w="358" /><ent r="3" t="7" w="553" /><ent r="4" t="16" w="224" /><ent r="3" t="20" w="98" /><ent r="4" t="31" w="375" /><ent r="3" t="31" w="2442" /><ent r="3" t="31" w="3960" /><ent r="4" t="38" w="362" /><ent r="5" t="42" w="172" /><ent r="3" t="51" w="533" /><ent r="3" t="55" w="32" /><ent r="6" t="55" w="508" /></phr><phr n="requires"><ent r="4" t="15" w="898" /><ent r="4" t="22" w="202" /><ent r="3" t="36" w="90" /><ent r="4" t="46" w="65" /><ent r="3" t="47" w="186" /><ent r="3" t="47" w="529" /></phr><phr n="requirements"><ent r="3" t="30" w="274" /></phr><phr n="requiring"><ent r="3" t="41" w="716" /></phr><phr n="require"><ent r="3" t="47" w="104" /><ent r="4" t="47" w="374" /><ent r="3" t="48" w="60" /></phr><phr n="Requires"><ent r="3" t="47" w="467" /></phr></stem><stem n="good"><phr n="good"><ent r="6" t="5" w="363" /><ent r="3" t="33" w="375" /><ent r="3" t="34" w="346" /><ent r="3" t="36" w="37" /><ent r="3" t="47" w="20" /></phr></stem><stem n="idea"><phr n="idea"><ent r="6" t="5" w="364" /></phr></stem><stem n="second"><phr n="second"><ent r="5" t="5" w="371" /><ent r="5" t="13" w="418" /><ent r="5" t="13" w="426" /><ent r="100" t="16" w="464" /><ent r="7" t="16" w="694" /><ent r="4" t="21" w="2888" /><ent r="4" t="23" w="735" /><ent r="4" t="25" w="614" /><ent r="3" t="25" w="1026" /><ent r="4" t="30" w="774" /><ent r="3" t="31" w="1027" /><ent r="3" t="31" w="2907" /><ent r="4" t="54" w="244" /><ent r="5" t="55" w="1543" /></phr><phr n="seconds"><ent r="6" t="5" w="639" /><ent r="5" t="14" w="906" /><ent r="5" t="14" w="989" /><ent r="4" t="21" w="642" /><ent r="4" t="21" w="762" /><ent r="3" t="21" w="1489" /><ent r="3" t="21" w="1735" /><ent r="3" t="29" w="122" /><ent r="3" t="30" w="1158" /><ent r="5" t="30" w="1490" /><ent r="5" t="30" w="1545" /><ent r="4" t="31" w="698" /><ent r="4" t="31" w="853" /><ent r="3" t="31" w="1012" /><ent r="3" t="31" w="2497" /><ent r="3" t="31" w="3205" /><ent r="3" t="31" w="3225" /><ent r="3" t="31" w="3251" /><ent r="3" t="31" w="3278" /><ent r="3" t="31" w="3400" /><ent r="3" t="31" w="3628" /><ent r="3" t="31" w="3671" /><ent r="3" t="31" w="3764" /><ent r="3" t="32" w="286" /><ent r="3" t="32" w="302" /><ent r="3" t="32" w="581" /><ent r="4" t="40" w="250" /><ent r="4" t="40" w="260" /></phr><phr n="Seconds"><ent r="100" t="8" w="99" /><ent r="3" t="8" w="149" /><ent r="100" t="32" w="28" /><ent r="3" t="32" w="278" /><ent r="3" t="32" w="431" /><ent r="3" t="32" w="471" /><ent r="3" t="32" w="578" /></phr><phr n="SECOND"><ent r="3" t="15" w="586" /><ent r="100" t="16" w="473" /><ent r="3" t="16" w="990" /><ent r="4" t="25" w="1113" /></phr><phr n="Second"><ent r="9" t="16" w="857" /><ent r="4" t="21" w="1596" /><ent r="3" t="25" w="1046" /></phr></stem><stem n="whatev"><phr n="whatever"><ent r="5" t="5" w="384" /><ent r="5" t="31" w="1373" /></phr></stem><stem n="string"><phr n="string"><ent r="5" t="5" w="385" /><ent r="5" t="5" w="399" /><ent r="5" t="5" w="412" /><ent r="4" t="8" w="170" /><ent r="4" t="8" w="177" /><ent r="3" t="8" w="221" /><ent r="3" t="8" w="253" /><ent r="4" t="12" w="244" /><ent r="5" t="14" w="404" /><ent r="5" t="14" w="912" /><ent r="5" t="14" w="1067" /><ent r="92" t="14" w="1879" /><ent r="3" t="14" w="1889" /><ent r="4" t="14" w="1911" /><ent r="3" t="14" w="1986" /><ent r="3" t="14" w="2002" /><ent r="3" t="14" w="2012" /><ent r="3" t="14" w="2030" /><ent r="3" t="15" w="103" /><ent r="4" t="16" w="306" /><ent r="6" t="16" w="522" /><ent r="6" t="16" w="551" /><ent r="6" t="16" w="584" /><ent r="6" t="16" w="594" /><ent r="6" t="16" w="610" /><ent r="6" t="16" w="619" /><ent r="6" t="16" w="734" /><ent r="6" t="16" w="806" /><ent r="6" t="16" w="816" /><ent r="4" t="16" w="1417" /><ent r="4" t="16" w="1439" /><ent r="4" t="16" w="1485" /><ent r="3" t="16" w="1634" /><ent r="3" t="16" w="1803" /><ent r="4" t="17" w="53" /><ent r="3" t="17" w="275" /><ent r="3" t="17" w="286" /><ent r="4" t="17" w="353" /><ent r="4" t="17" w="372" /><ent r="4" t="18" w="877" /><ent r="4" t="19" w="220" /><ent r="4" t="19" w="332" /><ent r="4" t="19" w="393" /><ent r="4" t="19" w="424" /><ent r="4" t="19" w="429" /><ent r="3" t="19" w="989" /><ent r="3" t="19" w="1019" /><ent r="3" t="19" w="1083" /><ent r="3" t="19" w="1100" /><ent r="4" t="21" w="235" /><ent r="4" t="21" w="252" /><ent r="4" t="21" w="664" /><ent r="4" t="21" w="681" /><ent r="4" t="21" w="699" /><ent r="4" t="21" w="707" /><ent r="4" t="21" w="719" /><ent r="4" t="21" w="746" /><ent r="4" t="21" w="772" /><ent r="4" t="21" w="796" /><ent r="3" t="21" w="863" /><ent r="3" t="21" w="880" /><ent r="3" t="21" w="964" /><ent r="3" t="21" w="977" /><ent r="3" t="21" w="1002" /><ent r="4" t="21" w="1086" /><ent r="4" t="21" w="1096" /><ent r="3" t="21" w="1155" /><ent r="3" t="21" w="1232" /><ent r="3" t="21" w="1423" /><ent r="3" t="21" w="1465" /><ent r="3" t="21" w="1745" /><ent r="3" t="21" w="1803" /><ent r="3" t="21" w="1829" /><ent r="3" t="21" w="2064" /><ent r="4" t="21" w="2082" /><ent r="4" t="21" w="2112" /><ent r="4" t="21" w="2136" /><ent r="3" t="21" w="2206" /><ent r="3" t="21" w="2223" /><ent r="4" t="21" w="2241" /><ent r="4" t="21" w="2256" /><ent r="4" t="21" w="2290" /><ent r="6" t="21" w="2432" /><ent r="6" t="21" w="2484" /><ent r="3" t="21" w="2557" /><ent r="3" t="21" w="2576" /><ent r="3" t="21" w="2629" /><ent r="6" t="21" w="2775" /><ent r="6" t="21" w="2784" /><ent r="6" t="21" w="2821" /><ent r="6" t="21" w="2829" /><ent r="6" t="21" w="2865" /><ent r="3" t="28" w="194" /><ent r="3" t="28" w="234" /><ent r="3" t="28" w="268" /><ent r="3" t="28" w="324" /><ent r="3" t="28" w="351" /><ent r="3" t="29" w="119" /><ent r="4" t="30" w="252" /><ent r="3" t="30" w="353" /><ent r="3" t="30" w="424" /><ent r="3" t="30" w="441" /><ent r="3" t="30" w="576" /><ent r="3" t="30" w="582" /><ent r="4" t="30" w="612" /><ent r="4" t="30" w="713" /><ent r="4" t="30" w="721" /><ent r="4" t="30" w="739" /><ent r="3" t="30" w="834" /><ent r="3" t="30" w="1596" /><ent r="3" t="30" w="1600" /><ent r="5" t="30" w="1636" /><ent r="3" t="30" w="1702" /><ent r="3" t="31" w="186" /><ent r="65" t="31" w="237" /><ent r="5" t="31" w="252" /><ent r="65" t="31" w="257" /><ent r="4" t="31" w="270" /><ent r="65" t="31" w="275" /><ent r="5" t="31" w="291" /><ent r="65" t="31" w="435" /><ent r="4" t="31" w="440" /><ent r="65" t="31" w="467" /><ent r="4" t="31" w="472" /><ent r="4" t="31" w="647" /><ent r="65" t="31" w="722" /><ent r="4" t="31" w="726" /><ent r="4" t="31" w="752" /><ent r="83" t="31" w="874" /><ent r="3" t="31" w="886" /><ent r="3" t="31" w="892" /><ent r="5" t="31" w="1371" /><ent r="83" t="31" w="1385" /><ent r="4" t="31" w="1408" /><ent r="4" t="31" w="1419" /><ent r="4" t="31" w="1433" /><ent r="83" t="31" w="1881" /><ent r="3" t="31" w="1903" /><ent r="3" t="31" w="1997" /><ent r="3" t="31" w="2098" /><ent r="4" t="31" w="2149" /><ent r="3" t="31" w="2540" /><ent r="4" t="31" w="2573" /><ent r="3" t="31" w="2619" /><ent r="4" t="31" w="2638" /><ent r="83" t="31" w="2692" /><ent r="3" t="31" w="2704" /><ent r="83" t="31" w="2787" /><ent r="4" t="31" w="2805" /><ent r="4" t="31" w="2826" /><ent r="3" t="31" w="2904" /><ent r="83" t="31" w="2961" /><ent r="3" t="31" w="2970" /><ent r="4" t="31" w="3024" /><ent r="4" t="31" w="3052" /><ent r="3" t="31" w="3791" /><ent r="3" t="31" w="3897" /><ent r="3" t="32" w="189" /><ent r="3" t="32" w="231" /><ent r="3" t="32" w="257" /><ent r="3" t="33" w="174" /><ent r="4" t="33" w="572" /><ent r="3" t="33" w="621" /><ent r="3" t="34" w="474" /><ent r="3" t="34" w="579" /><ent r="3" t="34" w="586" /><ent r="3" t="34" w="728" /><ent r="3" t="34" w="833" /><ent r="3" t="34" w="841" /><ent r="4" t="37" w="508" /><ent r="4" t="37" w="515" /><ent r="4" t="37" w="531" /><ent r="3" t="37" w="610" /><ent r="3" t="39" w="179" /><ent r="4" t="39" w="243" /><ent r="4" t="40" w="140" /><ent r="3" t="40" w="436" /><ent r="4" t="46" w="70" /><ent r="3" t="46" w="138" /><ent r="4" t="51" w="114" /><ent r="4" t="51" w="161" /><ent r="3" t="51" w="374" /><ent r="3" t="51" w="426" /><ent r="6" t="53" w="269" /><ent r="3" t="54" w="131" /><ent r="3" t="54" w="136" /><ent r="3" t="54" w="156" /><ent r="4" t="54" w="222" /><ent r="3" t="55" w="15" /><ent r="5" t="55" w="897" /><ent r="5" t="55" w="1037" /><ent r="5" t="55" w="1316" /><ent r="3" t="55" w="1406" /><ent r="6" t="55" w="2078" /><ent r="6" t="55" w="2091" /></phr><phr n="strings"><ent r="3" t="8" w="43" /><ent r="3" t="14" w="1468" /><ent r="6" t="16" w="827" /><ent r="4" t="17" w="326" /><ent r="4" t="19" w="334" /><ent r="4" t="19" w="373" /><ent r="4" t="21" w="256" /><ent r="3" t="21" w="1273" /><ent r="3" t="21" w="2655" /><ent r="4" t="23" w="163" /><ent r="4" t="25" w="1139" /><ent r="3" t="28" w="141" /><ent r="3" t="31" w="716" /><ent r="3" t="31" w="2673" /></phr><phr n="String"><ent r="3" t="14" w="1525" /><ent r="100" t="15" w="84" /><ent r="100" t="15" w="87" /><ent r="7" t="16" w="726" /><ent r="9" t="16" w="874" /><ent r="9" t="16" w="889" /><ent r="9" t="16" w="894" /><ent r="9" t="16" w="899" /><ent r="100" t="17" w="307" /><ent r="83" t="17" w="312" /><ent r="3" t="19" w="37" /><ent r="3" t="19" w="57" /><ent r="5" t="19" w="216" /><ent r="3" t="20" w="177" /><ent r="100" t="21" w="219" /><ent r="100" t="21" w="222" /><ent r="100" t="21" w="378" /><ent r="4" t="21" w="381" /><ent r="100" t="21" w="651" /><ent r="92" t="21" w="656" /><ent r="72" t="21" w="1151" /><ent r="3" t="25" w="991" /><ent r="3" t="27" w="1234" /><ent r="3" t="27" w="1296" /><ent r="3" t="27" w="1618" /><ent r="100" t="30" w="99" /><ent r="100" t="30" w="101" /><ent r="100" t="30" w="106" /><ent r="65" t="30" w="111" /><ent r="100" t="30" w="115" /><ent r="65" t="30" w="118" /><ent r="92" t="30" w="417" /><ent r="4" t="30" w="427" /><ent r="92" t="30" w="565" /><ent r="100" t="31" w="49" /><ent r="100" t="31" w="133" /><ent r="92" t="31" w="706" /><ent r="100" t="31" w="740" /><ent r="65" t="31" w="1506" /><ent r="64" t="31" w="1975" /><ent r="100" t="31" w="3010" /><ent r="3" t="31" w="3058" /><ent r="3" t="32" w="224" /><ent r="3" t="32" w="428" /><ent r="3" t="32" w="459" /><ent r="82" t="37" w="604" /><ent r="100" t="54" w="104" /><ent r="100" t="54" w="112" /><ent r="92" t="54" w="121" /></phr><phr n="STRING"><ent r="6" t="16" w="822" /><ent r="3" t="16" w="1793" /><ent r="3" t="21" w="846" /><ent r="3" t="21" w="2001" /><ent r="3" t="21" w="2006" /><ent r="3" t="21" w="2016" /><ent r="3" t="21" w="2025" /><ent r="3" t="21" w="2197" /><ent r="3" t="21" w="2201" /><ent r="3" t="23" w="1043" /><ent r="3" t="23" w="1079" /><ent r="3" t="23" w="1309" /><ent r="4" t="25" w="1120" /><ent r="4" t="25" w="1134" /></phr></stem></index>