﻿<?xml version="1.0" encoding="utf-8"?><index><stem n="device-variables&gt;"><phr n="device-variables&gt;"><ent r="3" t="8" w="469" /><ent r="3" t="8" w="485" /><ent r="5" t="14" w="543" /><ent r="82" t="14" w="602" /><ent r="67" t="15" w="332" /><ent r="93" t="15" w="442" /><ent r="4" t="15" w="451" /><ent r="83" t="15" w="493" /><ent r="4" t="15" w="504" /><ent r="83" t="15" w="554" /><ent r="3" t="15" w="560" /><ent r="3" t="15" w="654" /><ent r="4" t="16" w="42" /><ent r="4" t="16" w="109" /><ent r="4" t="16" w="965" /><ent r="3" t="16" w="971" /><ent r="3" t="16" w="1067" /><ent r="4" t="16" w="1620" /><ent r="4" t="19" w="173" /><ent r="3" t="19" w="1312" /><ent r="3" t="19" w="1369" /><ent r="3" t="21" w="2663" /><ent r="4" t="23" w="776" /><ent r="4" t="23" w="1601" /><ent r="3" t="25" w="874" /><ent r="3" t="25" w="892" /><ent r="3" t="25" w="964" /><ent r="3" t="25" w="1050" /><ent r="3" t="25" w="1296" /><ent r="3" t="25" w="1326" /><ent r="3" t="25" w="1403" /><ent r="3" t="25" w="1433" /><ent r="3" t="27" w="1145" /><ent r="3" t="27" w="1509" /></phr></stem><stem n="variables&gt;"><phr n="variables&gt;"><ent r="3" t="8" w="470" /><ent r="3" t="8" w="486" /><ent r="5" t="14" w="544" /><ent r="82" t="14" w="603" /><ent r="67" t="15" w="333" /><ent r="93" t="15" w="443" /><ent r="4" t="15" w="452" /><ent r="83" t="15" w="494" /><ent r="4" t="15" w="505" /><ent r="83" t="15" w="555" /><ent r="3" t="15" w="561" /><ent r="3" t="15" w="655" /><ent r="4" t="16" w="43" /><ent r="4" t="16" w="110" /><ent r="4" t="16" w="966" /><ent r="3" t="16" w="972" /><ent r="3" t="16" w="1068" /><ent r="4" t="16" w="1621" /><ent r="4" t="19" w="174" /><ent r="3" t="19" w="1313" /><ent r="3" t="19" w="1370" /><ent r="3" t="21" w="2664" /><ent r="4" t="23" w="777" /><ent r="4" t="23" w="1602" /><ent r="3" t="25" w="875" /><ent r="3" t="25" w="893" /><ent r="3" t="25" w="965" /><ent r="3" t="25" w="1051" /><ent r="3" t="25" w="1297" /><ent r="3" t="25" w="1327" /><ent r="3" t="25" w="1404" /><ent r="3" t="25" w="1434" /><ent r="3" t="27" w="1146" /><ent r="3" t="27" w="1510" /></phr></stem><stem n="choice1"><phr n="Choice1"><ent r="3" t="8" w="474" /><ent r="3" t="8" w="589" /></phr></stem><stem n="choice1,choice2"><phr n="Choice1,Choice2"><ent r="3" t="8" w="475" /><ent r="3" t="8" w="474" /><ent r="3" t="8" w="590" /><ent r="3" t="8" w="589" /></phr></stem><stem n="choice2"><phr n="Choice2"><ent r="3" t="8" w="475" /><ent r="3" t="8" w="478" /><ent r="3" t="8" w="482" /><ent r="3" t="8" w="590" /><ent r="3" t="8" w="592" /></phr></stem><stem n="choice1,choice2,choice3"><phr n="Choice1,Choice2,Choice3"><ent r="3" t="8" w="476" /><ent r="3" t="8" w="474" /><ent r="3" t="8" w="591" /><ent r="3" t="8" w="589" /></phr></stem><stem n="choice3"><phr n="Choice3"><ent r="3" t="8" w="476" /><ent r="3" t="8" w="591" /></phr></stem><stem n="(${dropdown[choice1,choice2,choice3]}"><phr n="(${Dropdown[Choice1,Choice2,Choice3]}"><ent r="3" t="8" w="477" /></phr></stem><stem n="!="><phr n="!="><ent r="3" t="8" w="477" /><ent r="5" t="17" w="348" /><ent r="3" t="47" w="605" /></phr></stem><stem n="&quot;choice2&quot;)"><phr n="&quot;Choice2&quot;)"><ent r="3" t="8" w="479" /></phr></stem><stem n="&quot;it'"><phr n="&quot;It's"><ent r="3" t="8" w="480" /></phr></stem><stem n="!&quot;"><phr n="!&quot;"><ent r="3" t="8" w="483" /></phr></stem><stem n="/snmp-device-variables&gt;"><phr n="/snmp-device-variables&gt;"><ent r="3" t="8" w="484" /><ent r="3" t="15" w="653" /><ent r="3" t="16" w="1066" /><ent r="3" t="19" w="1368" /><ent r="3" t="25" w="891" /><ent r="3" t="25" w="1049" /><ent r="3" t="25" w="1325" /><ent r="3" t="25" w="1432" /><ent r="3" t="27" w="1508" /></phr></stem><stem n="snmp-devic"><phr n="snmp-device"><ent r="3" t="8" w="484" /><ent r="3" t="10" w="231" /><ent r="3" t="15" w="653" /><ent r="3" t="15" w="778" /><ent r="3" t="15" w="930" /><ent r="3" t="16" w="1066" /><ent r="3" t="17" w="181" /><ent r="3" t="19" w="82" /><ent r="3" t="19" w="1368" /><ent r="3" t="19" w="1381" /><ent r="3" t="19" w="1537" /><ent r="3" t="19" w="1576" /><ent r="3" t="20" w="204" /><ent r="3" t="20" w="221" /><ent r="3" t="22" w="43" /><ent r="3" t="22" w="86" /><ent r="3" t="23" w="647" /><ent r="3" t="23" w="671" /><ent r="3" t="23" w="1092" /><ent r="3" t="23" w="1313" /><ent r="3" t="23" w="1500" /><ent r="3" t="23" w="1572" /><ent r="3" t="25" w="891" /><ent r="3" t="25" w="1049" /><ent r="3" t="25" w="1325" /><ent r="3" t="25" w="1385" /><ent r="3" t="25" w="1432" /><ent r="3" t="27" w="1508" /><ent r="3" t="27" w="1724" /></phr><phr n="Snmp-device"><ent r="100" t="10" w="79" /><ent r="100" t="15" w="327" /><ent r="100" t="15" w="349" /><ent r="100" t="15" w="353" /><ent r="100" t="15" w="382" /><ent r="100" t="15" w="411" /><ent r="100" t="16" w="37" /><ent r="100" t="16" w="1235" /><ent r="100" t="22" w="14" /><ent r="100" t="42" w="310" /></phr></stem><stem n="snmp-device-variables&gt;"><phr n="snmp-device-variables&gt;"><ent r="3" t="8" w="484" /><ent r="3" t="15" w="653" /><ent r="3" t="16" w="1066" /><ent r="3" t="19" w="1368" /><ent r="3" t="25" w="891" /><ent r="3" t="25" w="1049" /><ent r="3" t="25" w="1325" /><ent r="3" t="25" w="1432" /><ent r="3" t="27" w="1508" /></phr></stem><stem n="true,fals"><phr n="true,false"><ent r="3" t="8" w="503" /><ent r="3" t="8" w="502" /><ent r="3" t="8" w="595" /><ent r="3" t="8" w="594" /></phr></stem><stem n="&quot;checkbox[true,false]&quot;"><phr n="&quot;Checkbox[true,false]&quot;"><ent r="3" t="8" w="504" /><ent r="3" t="8" w="596" /></phr></stem><stem n="&quot;true&quot;"><phr n="&quot;true&quot;"><ent r="3" t="8" w="505" /><ent r="3" t="8" w="510" /><ent r="3" t="8" w="597" /></phr></stem><stem n="{checkbox[equal,notequal]},"><phr n="{Checkbox[Equal,NotEqual]},"><ent r="3" t="8" w="526" /></phr></stem><stem n="demonstr"><phr n="demonstrates"><ent r="3" t="8" w="562" /></phr></stem><stem n="screenshot"><phr n="screenshot"><ent r="3" t="8" w="573" /></phr></stem><stem n="&lt;parameters&gt;"><phr n="&lt;parameters&gt;"><ent r="3" t="8" w="583" /><ent r="4" t="19" w="178" /><ent r="3" t="27" w="1137" /><ent r="3" t="32" w="427" /><ent r="5" t="33" w="1367" /><ent r="3" t="34" w="494" /><ent r="3" t="34" w="748" /><ent r="3" t="35" w="167" /><ent r="3" t="36" w="462" /></phr></stem><stem n="&quot;dropdown[choice1,choice2,choice3]&quot;"><phr n="&quot;Dropdown[Choice1,Choice2,Choice3]&quot;"><ent r="3" t="8" w="592" /></phr></stem><stem n="&quot;choice2&quot;"><phr n="&quot;Choice2&quot;"><ent r="3" t="8" w="593" /></phr></stem><stem n="/parameters&gt;"><phr n="/parameters&gt;"><ent r="3" t="8" w="598" /><ent r="3" t="27" w="1143" /><ent r="3" t="32" w="444" /><ent r="3" t="34" w="496" /><ent r="3" t="34" w="750" /><ent r="3" t="35" w="169" /><ent r="3" t="36" w="464" /></phr></stem><stem n="&lt;/parameters&gt;"><phr n="&lt;/parameters&gt;"><ent r="3" t="8" w="598" /><ent r="3" t="8" w="597" /><ent r="3" t="27" w="1143" /><ent r="3" t="27" w="1142" /><ent r="3" t="32" w="444" /><ent r="3" t="32" w="443" /><ent r="3" t="34" w="496" /><ent r="3" t="34" w="495" /><ent r="3" t="34" w="750" /><ent r="3" t="34" w="749" /><ent r="3" t="35" w="169" /><ent r="3" t="35" w="168" /><ent r="3" t="36" w="464" /><ent r="3" t="36" w="463" /></phr></stem><stem n="parameters&gt;"><phr n="parameters&gt;"><ent r="3" t="8" w="598" /><ent r="3" t="27" w="1143" /><ent r="3" t="32" w="444" /><ent r="3" t="34" w="496" /><ent r="3" t="34" w="750" /><ent r="3" t="35" w="169" /><ent r="3" t="36" w="464" /></phr></stem><stem n="quit"><phr n="quite"><ent r="3" t="9" w="18" /></phr><phr n="QUIT"><ent r="100" t="31" w="17" /><ent r="3" t="31" w="3470" /></phr><phr n="quit"><ent r="3" t="34" w="854" /></phr></stem><stem n="interspers"><phr n="interspersed"><ent r="3" t="9" w="28" /></phr></stem><stem n="anywher"><phr n="anywhere"><ent r="3" t="9" w="29" /><ent r="3" t="30" w="1939" /></phr></stem><stem n="complic"><phr n="complicated"><ent r="3" t="9" w="41" /><ent r="3" t="30" w="1951" /></phr></stem><stem n="simplifi"><phr n="simplified"><ent r="3" t="9" w="46" /><ent r="3" t="30" w="1956" /></phr></stem><stem n="rule"><phr n="rule"><ent r="3" t="9" w="50" /><ent r="3" t="9" w="77" /><ent r="83" t="19" w="1037" /><ent r="3" t="19" w="1091" /><ent r="3" t="19" w="1113" /><ent r="3" t="19" w="1262" /><ent r="3" t="19" w="1266" /><ent r="3" t="20" w="29" /><ent r="3" t="20" w="31" /><ent r="4" t="20" w="59" /><ent r="3" t="20" w="68" /><ent r="4" t="20" w="73" /><ent r="3" t="30" w="1960" /><ent r="3" t="39" w="131" /></phr><phr n="rules"><ent r="3" t="19" w="1054" /></phr></stem><stem n="begin"><phr n="Begin"><ent r="3" t="9" w="52" /><ent r="3" t="30" w="1962" /></phr><phr n="beginning"><ent r="3" t="9" w="120" /><ent r="3" t="21" w="1229" /><ent r="3" t="31" w="3638" /><ent r="5" t="55" w="1898" /><ent r="3" t="56" w="382" /></phr><phr n="begin"><ent r="4" t="16" w="172" /><ent r="3" t="19" w="588" /><ent r="4" t="21" w="731" /><ent r="3" t="21" w="1018" /><ent r="3" t="21" w="1477" /><ent r="3" t="24" w="145" /><ent r="3" t="51" w="529" /></phr><phr n="begins"><ent r="3" t="24" w="205" /><ent r="4" t="38" w="373" /></phr><phr n="BEGIN"><ent r="3" t="28" w="69" /></phr></stem><stem n="!--"><phr n="!--"><ent r="4" t="9" w="58" /><ent r="3" t="9" w="86" /><ent r="3" t="14" w="1337" /><ent r="3" t="14" w="1499" /><ent r="3" t="14" w="1516" /><ent r="3" t="14" w="1554" /><ent r="3" t="14" w="1599" /><ent r="3" t="14" w="1621" /><ent r="3" t="23" w="584" /><ent r="3" t="23" w="595" /><ent r="3" t="23" w="612" /><ent r="3" t="23" w="629" /><ent r="3" t="23" w="1024" /><ent r="3" t="23" w="1035" /><ent r="3" t="27" w="20" /><ent r="3" t="27" w="707" /><ent r="4" t="30" w="1968" /><ent r="3" t="30" w="1988" /><ent r="3" t="32" w="83" /><ent r="3" t="34" w="356" /><ent r="3" t="34" w="610" /><ent r="3" t="35" w="75" /><ent r="3" t="36" w="312" /></phr></stem><stem n="&quot;,"><phr n="&quot;,"><ent r="3" t="9" w="59" /><ent r="3" t="9" w="65" /><ent r="4" t="19" w="375" /><ent r="3" t="23" w="36" /><ent r="3" t="23" w="460" /><ent r="3" t="25" w="1258" /><ent r="3" t="27" w="98" /><ent r="3" t="30" w="1969" /><ent r="3" t="30" w="1975" /><ent r="3" t="31" w="1402" /><ent r="3" t="31" w="1898" /><ent r="3" t="51" w="227" /></phr></stem><stem n="--&gt;"><phr n="--&gt;"><ent r="4" t="9" w="63" /><ent r="4" t="9" w="64" /><ent r="3" t="9" w="104" /><ent r="3" t="9" w="105" /><ent r="3" t="14" w="1341" /><ent r="3" t="14" w="1342" /><ent r="3" t="14" w="1507" /><ent r="3" t="14" w="1508" /><ent r="3" t="14" w="1523" /><ent r="3" t="14" w="1524" /><ent r="3" t="14" w="1574" /><ent r="3" t="14" w="1575" /><ent r="3" t="14" w="1604" /><ent r="3" t="14" w="1605" /><ent r="3" t="16" w="1494" /><ent r="3" t="16" w="1495" /><ent r="3" t="16" w="1503" /><ent r="3" t="16" w="1504" /><ent r="3" t="16" w="1512" /><ent r="3" t="16" w="1513" /><ent r="3" t="16" w="1552" /><ent r="3" t="16" w="1553" /><ent r="3" t="21" w="944" /><ent r="3" t="21" w="945" /><ent r="3" t="21" w="986" /><ent r="3" t="21" w="987" /><ent r="3" t="21" w="991" /><ent r="3" t="21" w="992" /><ent r="3" t="21" w="1850" /><ent r="3" t="21" w="1851" /><ent r="3" t="21" w="1870" /><ent r="3" t="21" w="1871" /><ent r="3" t="21" w="1892" /><ent r="3" t="21" w="1893" /><ent r="3" t="21" w="1912" /><ent r="3" t="21" w="1913" /><ent r="3" t="21" w="1934" /><ent r="3" t="21" w="1935" /><ent r="3" t="21" w="1956" /><ent r="3" t="21" w="1957" /><ent r="3" t="21" w="1965" /><ent r="3" t="21" w="1966" /><ent r="3" t="21" w="1972" /><ent r="3" t="21" w="1973" /><ent r="3" t="21" w="1980" /><ent r="3" t="21" w="1981" /><ent r="3" t="21" w="1990" /><ent r="3" t="21" w="1991" /><ent r="3" t="21" w="2166" /><ent r="3" t="21" w="2167" /><ent r="3" t="21" w="2173" /><ent r="3" t="21" w="2174" /><ent r="3" t="21" w="2180" /><ent r="3" t="21" w="2181" /><ent r="3" t="21" w="2187" /><ent r="3" t="21" w="2188" /><ent r="3" t="21" w="2491" /><ent r="3" t="21" w="2492" /><ent r="3" t="21" w="2500" /><ent r="3" t="21" w="2501" /><ent r="3" t="21" w="2509" /><ent r="3" t="21" w="2510" /><ent r="3" t="21" w="2515" /><ent r="3" t="21" w="2516" /><ent r="3" t="21" w="2527" /><ent r="3" t="21" w="2528" /><ent r="3" t="23" w="586" /><ent r="3" t="23" w="587" /><ent r="3" t="23" w="604" /><ent r="3" t="23" w="605" /><ent r="3" t="23" w="622" /><ent r="3" t="23" w="623" /><ent r="3" t="23" w="639" /><ent r="3" t="23" w="640" /><ent r="3" t="23" w="1025" /><ent r="3" t="23" w="1026" /><ent r="3" t="23" w="1036" /><ent r="3" t="23" w="1037" /><ent r="3" t="27" w="117" /><ent r="3" t="27" w="118" /><ent r="3" t="27" w="1119" /><ent r="3" t="27" w="1120" /><ent r="4" t="30" w="1973" /><ent r="4" t="30" w="1974" /><ent r="3" t="30" w="1999" /><ent r="3" t="30" w="2000" /><ent r="3" t="32" w="119" /><ent r="3" t="32" w="120" /><ent r="3" t="34" w="388" /><ent r="3" t="34" w="389" /><ent r="3" t="34" w="642" /><ent r="3" t="34" w="643" /><ent r="3" t="35" w="99" /><ent r="3" t="35" w="100" /><ent r="3" t="36" w="389" /><ent r="3" t="36" w="390" /></phr></stem><stem n="--"><phr n="--"><ent r="4" t="9" w="70" /><ent r="4" t="9" w="71" /><ent r="3" t="9" w="134" /><ent r="3" t="9" w="135" /><ent r="3" t="16" w="1036" /><ent r="3" t="16" w="1037" /><ent r="3" t="16" w="1046" /><ent r="3" t="16" w="1047" /><ent r="3" t="19" w="51" /><ent r="3" t="19" w="52" /><ent r="3" t="19" w="1389" /><ent r="3" t="19" w="1390" /><ent r="3" t="19" w="1393" /><ent r="3" t="19" w="1394" /><ent r="3" t="19" w="1463" /><ent r="3" t="19" w="1464" /><ent r="3" t="20" w="171" /><ent r="3" t="20" w="172" /><ent r="4" t="22" w="112" /><ent r="4" t="22" w="113" /><ent r="4" t="22" w="134" /><ent r="4" t="22" w="135" /><ent r="4" t="22" w="161" /><ent r="4" t="22" w="162" /><ent r="4" t="22" w="185" /><ent r="4" t="22" w="186" /><ent r="3" t="25" w="1023" /><ent r="3" t="25" w="1024" /><ent r="3" t="27" w="1120" /><ent r="3" t="27" w="1121" /><ent r="3" t="27" w="1132" /><ent r="3" t="27" w="1133" /><ent r="3" t="27" w="1147" /><ent r="3" t="27" w="1148" /><ent r="3" t="27" w="1154" /><ent r="3" t="27" w="1155" /><ent r="3" t="27" w="1163" /><ent r="3" t="27" w="1164" /><ent r="3" t="27" w="1268" /><ent r="3" t="27" w="1269" /><ent r="3" t="27" w="1321" /><ent r="3" t="27" w="1322" /><ent r="3" t="28" w="47" /><ent r="3" t="28" w="48" /><ent r="3" t="28" w="47" /><ent r="3" t="28" w="48" /><ent r="3" t="28" w="54" /><ent r="3" t="28" w="55" /><ent r="3" t="28" w="54" /><ent r="3" t="28" w="55" /><ent r="3" t="28" w="56" /><ent r="3" t="28" w="57" /><ent r="3" t="28" w="56" /><ent r="3" t="28" w="57" /><ent r="3" t="28" w="63" /><ent r="3" t="28" w="64" /><ent r="3" t="28" w="66" /><ent r="3" t="28" w="67" /><ent r="3" t="28" w="354" /><ent r="3" t="28" w="355" /><ent r="3" t="28" w="367" /><ent r="3" t="28" w="368" /><ent r="3" t="28" w="367" /><ent r="3" t="28" w="368" /><ent r="3" t="28" w="367" /><ent r="3" t="28" w="368" /><ent r="3" t="28" w="370" /><ent r="3" t="28" w="371" /><ent r="3" t="28" w="372" /><ent r="3" t="28" w="373" /><ent r="3" t="28" w="375" /><ent r="3" t="28" w="376" /><ent r="3" t="28" w="377" /><ent r="3" t="28" w="378" /><ent r="3" t="28" w="378" /><ent r="3" t="28" w="379" /><ent r="3" t="28" w="390" /><ent r="3" t="28" w="391" /><ent r="3" t="30" w="1909" /><ent r="3" t="30" w="1910" /><ent r="4" t="30" w="1980" /><ent r="4" t="30" w="1981" /><ent r="3" t="31" w="3740" /><ent r="3" t="31" w="3741" /><ent r="3" t="34" w="443" /><ent r="3" t="34" w="444" /><ent r="3" t="34" w="511" /><ent r="3" t="34" w="512" /><ent r="3" t="34" w="697" /><ent r="3" t="34" w="698" /><ent r="3" t="34" w="765" /><ent r="3" t="34" w="766" /><ent r="3" t="40" w="781" /><ent r="3" t="40" w="782" /><ent r="3" t="40" w="1066" /><ent r="3" t="40" w="1067" /><ent r="5" t="55" w="354" /><ent r="5" t="55" w="355" /></phr></stem><stem n="well"><phr n="well"><ent r="3" t="9" w="81" /><ent r="3" t="14" w="1449" /><ent r="4" t="15" w="141" /><ent r="3" t="17" w="259" /><ent r="3" t="18" w="744" /><ent r="4" t="21" w="170" /><ent r="3" t="27" w="255" /><ent r="3" t="30" w="1875" /><ent r="3" t="31" w="3813" /><ent r="3" t="38" w="135" /><ent r="3" t="38" w="443" /><ent r="3" t="42" w="340" /><ent r="3" t="48" w="51" /><ent r="3" t="48" w="103" /><ent r="6" t="53" w="319" /><ent r="6" t="53" w="618" /><ent r="6" t="53" w="682" /></phr></stem><stem n="span"><phr n="spans"><ent r="3" t="9" w="94" /></phr></stem><stem n="double-hyphen"><phr n="double-hyphens"><ent r="3" t="9" w="101" /></phr></stem><stem n="hyphen"><phr n="hyphens"><ent r="3" t="9" w="102" /></phr></stem><stem n="-hyphens."><phr n="-hyphens."><ent r="3" t="9" w="103" /><ent r="3" t="9" w="103" /></phr></stem><stem n="one-lin"><phr n="One-line"><ent r="92" t="9" w="107" /></phr></stem><stem n="&quot;--&quot;"><phr n="&quot;--&quot;"><ent r="3" t="9" w="118" /></phr></stem><stem n=":statu"><phr n=":Status"><ent r="100" t="10" w="16" /></phr></stem><stem n="done"><phr n="done"><ent r="3" t="10" w="52" /><ent r="3" t="19" w="1117" /><ent r="3" t="47" w="518" /><ent r="3" t="47" w="825" /><ent r="3" t="47" w="827" /></phr><phr n="DONE"><ent r="100" t="31" w="478" /><ent r="100" t="31" w="480" /><ent r="65" t="31" w="482" /><ent r="100" t="31" w="789" /><ent r="83" t="31" w="1174" /><ent r="5" t="31" w="1183" /><ent r="100" t="31" w="1218" /><ent r="5" t="31" w="1239" /><ent r="100" t="31" w="1253" /><ent r="3" t="31" w="1256" /><ent r="5" t="31" w="1338" /><ent r="3" t="31" w="1347" /><ent r="5" t="31" w="1631" /><ent r="5" t="31" w="1675" /><ent r="5" t="31" w="2948" /><ent r="100" t="31" w="3484" /><ent r="3" t="31" w="3488" /><ent r="100" t="31" w="3493" /><ent r="3" t="31" w="3499" /><ent r="3" t="31" w="3531" /><ent r="3" t="31" w="3545" /><ent r="100" t="31" w="3571" /><ent r="3" t="31" w="3575" /><ent r="3" t="31" w="3586" /><ent r="3" t="31" w="3601" /><ent r="3" t="31" w="3979" /><ent r="3" t="31" w="3993" /><ent r="100" t="32" w="497" /><ent r="3" t="32" w="500" /><ent r="100" t="32" w="515" /><ent r="3" t="32" w="518" /><ent r="100" t="32" w="533" /><ent r="3" t="32" w="536" /><ent r="100" t="32" w="551" /><ent r="3" t="32" w="554" /><ent r="3" t="32" w="566" /><ent r="3" t="32" w="586" /></phr></stem><stem n="bottom"><phr n="bottom"><ent r="3" t="10" w="65" /><ent r="3" t="17" w="201" /><ent r="3" t="17" w="265" /><ent r="93" t="39" w="197" /></phr></stem><stem n="-device-displai"><phr n="-device-display"><ent r="100" t="10" w="79" /><ent r="100" t="10" w="80" /><ent r="100" t="15" w="382" /><ent r="100" t="15" w="383" /><ent r="100" t="16" w="1235" /><ent r="100" t="16" w="1236" /><ent r="100" t="42" w="310" /><ent r="100" t="42" w="311" /></phr></stem><stem n="snmp-device-displai"><phr n="Snmp-device-display"><ent r="100" t="10" w="79" /><ent r="100" t="15" w="382" /><ent r="100" t="16" w="1235" /><ent r="100" t="42" w="310" /></phr></stem><stem n="device-displai"><phr n="device-display"><ent r="100" t="10" w="80" /><ent r="100" t="15" w="383" /><ent r="100" t="16" w="1236" /><ent r="100" t="42" w="311" /></phr></stem><stem n="-device-display&gt;"><phr n="-device-display&gt;"><ent r="4" t="10" w="86" /><ent r="4" t="10" w="87" /><ent r="4" t="10" w="170" /><ent r="4" t="10" w="171" /><ent r="3" t="10" w="202" /><ent r="3" t="10" w="203" /><ent r="4" t="10" w="304" /><ent r="4" t="10" w="305" /><ent r="4" t="10" w="375" /><ent r="4" t="10" w="376" /><ent r="67" t="15" w="386" /><ent r="67" t="15" w="387" /><ent r="93" t="15" w="681" /><ent r="93" t="15" w="682" /><ent r="4" t="15" w="690" /><ent r="4" t="15" w="691" /><ent r="4" t="15" w="710" /><ent r="4" t="15" w="711" /><ent r="4" t="16" w="1242" /><ent r="4" t="16" w="1243" /><ent r="4" t="16" w="1368" /><ent r="4" t="16" w="1369" /><ent r="4" t="16" w="1590" /><ent r="4" t="16" w="1591" /><ent r="3" t="19" w="1541" /><ent r="3" t="19" w="1542" /><ent r="3" t="23" w="1484" /><ent r="3" t="23" w="1485" /><ent r="3" t="23" w="1492" /><ent r="3" t="23" w="1493" /><ent r="3" t="23" w="1558" /><ent r="3" t="23" w="1559" /><ent r="3" t="27" w="1511" /><ent r="3" t="27" w="1512" /><ent r="4" t="42" w="314" /><ent r="4" t="42" w="315" /></phr></stem><stem n="&lt;snmp-device-display&gt;"><phr n="&lt;snmp-device-display&gt;"><ent r="4" t="10" w="86" /><ent r="4" t="10" w="170" /><ent r="3" t="10" w="202" /><ent r="4" t="10" w="304" /><ent r="4" t="10" w="375" /><ent r="67" t="15" w="386" /><ent r="93" t="15" w="681" /><ent r="4" t="15" w="690" /><ent r="4" t="15" w="710" /><ent r="4" t="16" w="1242" /><ent r="4" t="16" w="1368" /><ent r="4" t="16" w="1590" /><ent r="3" t="19" w="1541" /><ent r="3" t="23" w="1484" /><ent r="3" t="23" w="1492" /><ent r="3" t="23" w="1558" /><ent r="3" t="27" w="1511" /><ent r="4" t="42" w="314" /></phr></stem><stem n="device-display&gt;"><phr n="device-display&gt;"><ent r="4" t="10" w="87" /><ent r="4" t="10" w="171" /><ent r="3" t="10" w="203" /><ent r="3" t="10" w="232" /><ent r="4" t="10" w="305" /><ent r="4" t="10" w="376" /><ent r="67" t="15" w="387" /><ent r="93" t="15" w="682" /><ent r="4" t="15" w="691" /><ent r="4" t="15" w="711" /><ent r="4" t="16" w="1243" /><ent r="4" t="16" w="1369" /><ent r="4" t="16" w="1591" /><ent r="3" t="19" w="1542" /><ent r="3" t="19" w="1577" /><ent r="3" t="23" w="1485" /><ent r="3" t="23" w="1493" /><ent r="3" t="23" w="1501" /><ent r="3" t="23" w="1559" /><ent r="3" t="23" w="1573" /><ent r="3" t="27" w="1512" /><ent r="3" t="27" w="1725" /><ent r="4" t="42" w="315" /></phr></stem><stem n="display&gt;"><phr n="display&gt;"><ent r="4" t="10" w="88" /><ent r="4" t="10" w="172" /><ent r="3" t="10" w="204" /><ent r="3" t="10" w="233" /><ent r="4" t="10" w="306" /><ent r="4" t="10" w="322" /><ent r="4" t="10" w="377" /><ent r="82" t="14" w="269" /><ent r="3" t="14" w="280" /><ent r="5" t="14" w="1377" /><ent r="67" t="15" w="388" /><ent r="93" t="15" w="683" /><ent r="4" t="15" w="692" /><ent r="4" t="15" w="712" /><ent r="4" t="16" w="1244" /><ent r="4" t="16" w="1370" /><ent r="4" t="16" w="1592" /><ent r="4" t="16" w="1646" /><ent r="3" t="19" w="1543" /><ent r="3" t="19" w="1578" /><ent r="3" t="23" w="1486" /><ent r="3" t="23" w="1494" /><ent r="3" t="23" w="1502" /><ent r="3" t="23" w="1560" /><ent r="3" t="23" w="1574" /><ent r="3" t="27" w="1513" /><ent r="3" t="27" w="1726" /><ent r="5" t="33" w="1407" /><ent r="3" t="34" w="548" /><ent r="3" t="34" w="565" /><ent r="3" t="34" w="802" /><ent r="3" t="34" w="819" /><ent r="3" t="35" w="202" /><ent r="3" t="35" w="218" /><ent r="3" t="36" w="505" /><ent r="3" t="36" w="508" /><ent r="4" t="42" w="316" /></phr></stem><stem n="replac"><phr n="replaced"><ent r="3" t="10" w="110" /><ent r="3" t="10" w="181" /><ent r="5" t="14" w="1221" /><ent r="3" t="16" w="1266" /><ent r="3" t="16" w="1607" /><ent r="5" t="33" w="1186" /><ent r="4" t="51" w="142" /><ent r="4" t="51" w="157" /><ent r="4" t="51" w="335" /><ent r="3" t="52" w="63" /><ent r="3" t="55" w="49" /><ent r="3" t="55" w="1414" /></phr><phr n="Replace"><ent r="3" t="11" w="61" /><ent r="3" t="11" w="77" /></phr><phr n="replace"><ent r="3" t="23" w="1536" /><ent r="4" t="46" w="102" /><ent r="3" t="47" w="149" /></phr><phr n="replacing"><ent r="4" t="44" w="429" /></phr><phr n="Replaced"><ent r="4" t="52" w="174" /><ent r="4" t="52" w="190" /><ent r="4" t="52" w="217" /><ent r="4" t="52" w="254" /></phr><phr n="Replaces"><ent r="5" t="55" w="1802" /><ent r="5" t="55" w="1827" /><ent r="5" t="55" w="1854" /><ent r="5" t="55" w="1881" /><ent r="5" t="55" w="1908" /></phr></stem><stem n="window'"><phr n="window's"><ent r="3" t="10" w="118" /><ent r="3" t="10" w="117" /><ent r="3" t="10" w="130" /><ent r="3" t="10" w="129" /></phr></stem><stem n="align"><phr n="alignment"><ent r="3" t="10" w="137" /><ent r="3" t="21" w="1218" /></phr><phr n="align"><ent r="3" t="21" w="1235" /></phr></stem><stem n="here"><phr n="Here"><ent r="3" t="10" w="165" /><ent r="3" t="14" w="13" /><ent r="3" t="14" w="1478" /><ent r="3" t="15" w="109" /><ent r="3" t="16" w="959" /><ent r="3" t="19" w="42" /><ent r="3" t="21" w="2708" /><ent r="3" t="23" w="329" /><ent r="3" t="23" w="1238" /><ent r="3" t="23" w="1347" /><ent r="3" t="24" w="666" /><ent r="3" t="25" w="868" /><ent r="3" t="25" w="952" /><ent r="3" t="39" w="30" /><ent r="3" t="41" w="209" /><ent r="3" t="52" w="81" /><ent r="3" t="55" w="1427" /></phr><phr n="here"><ent r="4" t="19" w="251" /><ent r="3" t="21" w="2540" /><ent r="3" t="23" w="872" /></phr></stem><stem n="ipinhdrerror"><phr n="IpInHdrErrors"><ent r="100" t="10" w="190" /><ent r="100" t="15" w="590" /><ent r="100" t="16" w="948" /></phr><phr n="ipInHdrErrors"><ent r="3" t="10" w="218" /><ent r="3" t="10" w="221" /><ent r="3" t="15" w="592" /><ent r="3" t="16" w="993" /><ent r="3" t="17" w="138" /><ent r="3" t="17" w="141" /><ent r="3" t="17" w="159" /><ent r="3" t="17" w="162" /><ent r="3" t="17" w="177" /></phr></stem><stem n="ipforwdatagram"><phr n="IpForwDatagrams"><ent r="100" t="10" w="192" /><ent r="100" t="15" w="570" /><ent r="100" t="16" w="950" /></phr><phr n="ipForwDatagrams"><ent r="3" t="10" w="211" /><ent r="3" t="10" w="214" /><ent r="3" t="15" w="575" /><ent r="3" t="16" w="979" /><ent r="4" t="16" w="1340" /><ent r="3" t="16" w="1356" /><ent r="3" t="16" w="1628" /><ent r="3" t="17" w="145" /><ent r="3" t="17" w="167" /><ent r="3" t="17" w="172" /></phr></stem><stem n="error"><phr n="Errors"><ent r="100" t="10" w="194" /><ent r="3" t="24" w="157" /><ent r="3" t="24" w="412" /><ent r="1000" t="39" w="1" /><ent r="100" t="39" w="6" /><ent r="102" t="39" w="11" /></phr><phr n="errors"><ent r="3" t="10" w="222" /><ent r="4" t="23" w="179" /><ent r="5" t="55" w="300" /><ent r="3" t="56" w="166" /></phr><phr n="error"><ent r="3" t="24" w="173" /><ent r="3" t="24" w="180" /><ent r="3" t="24" w="188" /><ent r="3" t="24" w="428" /><ent r="3" t="24" w="435" /><ent r="3" t="24" w="443" /><ent r="4" t="24" w="486" /><ent r="5" t="30" w="1517" /><ent r="3" t="31" w="3284" /><ent r="3" t="39" w="129" /><ent r="3" t="39" w="147" /><ent r="3" t="39" w="296" /><ent r="3" t="39" w="337" /><ent r="3" t="39" w="399" /><ent r="3" t="39" w="460" /><ent r="3" t="40" w="1114" /><ent r="4" t="40" w="1184" /><ent r="3" t="51" w="411" /><ent r="7" t="55" w="327" /></phr><phr n="Error"><ent r="92" t="39" w="36" /><ent r="93" t="39" w="186" /><ent r="93" t="39" w="270" /><ent r="93" t="39" w="437" /><ent r="100" t="39" w="484" /><ent r="3" t="39" w="492" /><ent r="100" t="40" w="1104" /><ent r="72" t="40" w="1107" /></phr></stem><stem n="/minut"><phr n="/minute"><ent r="100" t="10" w="195" /><ent r="3" t="10" w="223" /></phr></stem><stem n="errors/minut"><phr n="Errors/minute"><ent r="100" t="10" w="195" /><ent r="100" t="10" w="194" /></phr><phr n="errors/minute"><ent r="3" t="10" w="223" /><ent r="3" t="10" w="222" /></phr></stem><stem n="minut"><phr n="minute"><ent r="100" t="10" w="195" /><ent r="3" t="10" w="223" /><ent r="100" t="16" w="470" /><ent r="7" t="16" w="699" /></phr><phr n="MINUTE"><ent r="3" t="15" w="603" /><ent r="3" t="16" w="1004" /><ent r="4" t="25" w="1117" /></phr><phr n="minutes"><ent r="3" t="20" w="111" /><ent r="3" t="37" w="622" /></phr><phr n="Minute"><ent r="4" t="21" w="1585" /></phr></stem></index>