﻿<?xml version="1.0" encoding="utf-8"?><index><stem n="&quot;http://${address}:${port}&quot;"><phr n="&quot;http://${address}:${port}&quot;"><ent r="6" t="5" w="621" /></phr></stem><stem n="poll"><phr n="poll"><ent r="5" t="5" w="624" /><ent r="6" t="5" w="632" /><ent r="6" t="5" w="669" /><ent r="6" t="5" w="677" /><ent r="6" t="5" w="681" /><ent r="6" t="5" w="824" /><ent r="6" t="5" w="838" /><ent r="3" t="16" w="1051" /><ent r="4" t="19" w="668" /><ent r="3" t="25" w="259" /><ent r="3" t="25" w="267" /><ent r="3" t="25" w="1469" /><ent r="3" t="27" w="180" /></phr><phr n="polling"><ent r="6" t="5" w="655" /><ent r="3" t="15" w="701" /><ent r="3" t="23" w="76" /><ent r="3" t="25" w="273" /><ent r="3" t="25" w="334" /><ent r="4" t="42" w="442" /><ent r="4" t="42" w="481" /></phr><phr n="polled"><ent r="6" t="5" w="663" /><ent r="3" t="16" w="1037" /><ent r="3" t="16" w="1106" /><ent r="3" t="25" w="479" /></phr><phr n="polls"><ent r="4" t="15" w="124" /><ent r="4" t="15" w="160" /><ent r="3" t="25" w="225" /></phr></stem><stem n="_interv"><phr n="_interval"><ent r="5" t="5" w="625" /><ent r="6" t="5" w="678" /><ent r="6" t="5" w="682" /></phr></stem><stem n="poll_interv"><phr n="poll_interval"><ent r="5" t="5" w="625" /><ent r="5" t="5" w="624" /><ent r="6" t="5" w="678" /><ent r="6" t="5" w="677" /><ent r="6" t="5" w="682" /><ent r="6" t="5" w="681" /></phr></stem><stem n="interv"><phr n="interval"><ent r="5" t="5" w="625" /><ent r="6" t="5" w="633" /><ent r="6" t="5" w="670" /><ent r="6" t="5" w="678" /><ent r="6" t="5" w="682" /><ent r="4" t="42" w="118" /><ent r="6" t="42" w="164" /><ent r="6" t="42" w="180" /><ent r="65" t="55" w="101" /><ent r="93" t="55" w="1274" /><ent r="3" t="55" w="1293" /></phr><phr n="intervals"><ent r="3" t="42" w="216" /></phr></stem><stem n="default"><phr n="default"><ent r="6" t="5" w="631" /><ent r="6" t="5" w="645" /><ent r="6" t="5" w="1090" /><ent r="3" t="10" w="43" /><ent r="3" t="10" w="124" /><ent r="6" t="16" w="431" /><ent r="3" t="17" w="316" /><ent r="3" t="21" w="1217" /><ent r="4" t="22" w="235" /><ent r="4" t="22" w="302" /><ent r="3" t="23" w="1538" /><ent r="3" t="25" w="1443" /><ent r="4" t="30" w="611" /><ent r="4" t="30" w="1055" /><ent r="4" t="30" w="1248" /><ent r="4" t="31" w="1714" /><ent r="3" t="31" w="2479" /><ent r="3" t="31" w="3248" /><ent r="3" t="31" w="3393" /><ent r="3" t="31" w="3621" /><ent r="3" t="31" w="3644" /><ent r="4" t="40" w="221" /><ent r="4" t="40" w="240" /><ent r="4" t="40" w="257" /><ent r="4" t="47" w="356" /><ent r="3" t="50" w="31" /><ent r="4" t="51" w="554" /><ent r="7" t="53" w="424" /><ent r="6" t="53" w="637" /><ent r="5" t="55" w="1119" /><ent r="3" t="56" w="135" /><ent r="3" t="56" w="366" /><ent r="3" t="56" w="416" /></phr><phr n="Default"><ent r="3" t="8" w="379" /><ent r="3" t="8" w="505" /><ent r="100" t="16" w="462" /><ent r="7" t="16" w="482" /><ent r="100" t="30" w="1029" /><ent r="82" t="30" w="1035" /><ent r="3" t="44" w="423" /><ent r="100" t="56" w="401" /><ent r="3" t="56" w="404" /></phr><phr n="DEFAULT"><ent r="3" t="15" w="631" /><ent r="3" t="15" w="650" /><ent r="100" t="16" w="460" /><ent r="6" t="16" w="504" /><ent r="6" t="16" w="836" /><ent r="3" t="16" w="1019" /><ent r="3" t="16" w="1035" /><ent r="3" t="16" w="1777" /><ent r="4" t="21" w="2680" /><ent r="3" t="23" w="582" /><ent r="3" t="23" w="1004" /><ent r="3" t="23" w="1013" /><ent r="3" t="23" w="1021" /><ent r="3" t="23" w="1032" /><ent r="3" t="23" w="1052" /><ent r="3" t="23" w="1061" /><ent r="3" t="23" w="1088" /><ent r="3" t="23" w="1286" /><ent r="3" t="23" w="1295" /></phr><phr n="defaults"><ent r="3" t="21" w="1500" /></phr><phr n="Defaults"><ent r="3" t="47" w="219" /><ent r="3" t="47" w="292" /></phr></stem><stem n="indic"><phr n="indicated"><ent r="6" t="5" w="636" /><ent r="4" t="31" w="614" /><ent r="4" t="31" w="653" /><ent r="3" t="31" w="2310" /><ent r="3" t="31" w="2546" /><ent r="4" t="33" w="1288" /></phr><phr n="indices"><ent r="6" t="5" w="925" /></phr><phr n="indicator"><ent r="3" t="9" w="117" /></phr><phr n="indicates"><ent r="4" t="16" w="1419" /><ent r="4" t="21" w="2087" /><ent r="6" t="21" w="2763" /><ent r="6" t="21" w="2851" /><ent r="4" t="23" w="744" /><ent r="3" t="31" w="3730" /><ent r="3" t="32" w="243" /><ent r="3" t="39" w="565" /><ent r="4" t="40" w="134" /><ent r="4" t="40" w="181" /><ent r="4" t="40" w="283" /><ent r="4" t="40" w="1187" /></phr><phr n="indicate"><ent r="3" t="18" w="329" /><ent r="3" t="18" w="386" /><ent r="3" t="19" w="902" /><ent r="3" t="21" w="71" /><ent r="4" t="30" w="715" /><ent r="4" t="30" w="741" /><ent r="3" t="31" w="4041" /><ent r="4" t="33" w="468" /><ent r="4" t="33" w="879" /><ent r="5" t="33" w="1204" /><ent r="4" t="33" w="1232" /><ent r="4" t="33" w="1253" /></phr><phr n="indication"><ent r="3" t="31" w="1312" /></phr><phr n="Indicates"><ent r="100" t="40" w="28" /><ent r="100" t="40" w="132" /></phr><phr n="indicating"><ent r="3" t="41" w="367" /><ent r="3" t="41" w="418" /></phr></stem><stem n="overrid"><phr n="overrides"><ent r="6" t="5" w="641" /><ent r="3" t="31" w="2951" /></phr><phr n="override"><ent r="6" t="5" w="675" /><ent r="3" t="10" w="41" /><ent r="4" t="12" w="266" /><ent r="4" t="22" w="317" /></phr></stem><stem n="map"><phr n="map"><ent r="6" t="5" w="643" /><ent r="3" t="10" w="292" /><ent r="3" t="10" w="362" /><ent r="4" t="18" w="856" /><ent r="4" t="19" w="634" /><ent r="3" t="25" w="125" /><ent r="4" t="26" w="195" /><ent r="3" t="27" w="398" /><ent r="3" t="27" w="553" /><ent r="3" t="28" w="265" /><ent r="3" t="28" w="356" /><ent r="3" t="33" w="85" /><ent r="4" t="37" w="302" /><ent r="4" t="38" w="297" /><ent r="3" t="43" w="190" /><ent r="3" t="44" w="484" /><ent r="3" t="44" w="499" /><ent r="3" t="44" w="516" /><ent r="3" t="44" w="523" /><ent r="3" t="45" w="393" /><ent r="4" t="46" w="49" /><ent r="4" t="51" w="577" /><ent r="6" t="53" w="736" /><ent r="6" t="53" w="809" /><ent r="3" t="55" w="211" /><ent r="5" t="55" w="259" /><ent r="5" t="55" w="288" /><ent r="5" t="55" w="369" /><ent r="6" t="55" w="551" /><ent r="6" t="55" w="565" /><ent r="5" t="55" w="626" /><ent r="5" t="55" w="868" /><ent r="5" t="55" w="996" /><ent r="5" t="55" w="1010" /><ent r="3" t="56" w="126" /><ent r="3" t="56" w="265" /></phr><phr n="mapped"><ent r="4" t="19" w="253" /><ent r="5" t="37" w="764" /></phr><phr n="Map"><ent r="3" t="23" w="1273" /><ent r="5" t="26" w="182" /></phr><phr n="maps"><ent r="3" t="25" w="65" /><ent r="3" t="25" w="100" /><ent r="3" t="25" w="117" /><ent r="5" t="37" w="775" /><ent r="6" t="44" w="279" /><ent r="3" t="44" w="482" /><ent r="3" t="44" w="522" /><ent r="3" t="45" w="232" /><ent r="3" t="45" w="261" /><ent r="6" t="47" w="424" /><ent r="3" t="47" w="647" /><ent r="3" t="55" w="236" /><ent r="5" t="55" w="475" /><ent r="5" t="55" w="616" /><ent r="3" t="59" w="46" /></phr><phr n="Maps"><ent r="4" t="44" w="33" /><ent r="4" t="44" w="84" /><ent r="6" t="44" w="276" /><ent r="92" t="44" w="477" /><ent r="4" t="45" w="71" /><ent r="6" t="47" w="421" /><ent r="3" t="47" w="649" /></phr></stem><stem n="map'"><phr n="map's"><ent r="6" t="5" w="644" /><ent r="6" t="5" w="643" /><ent r="6" t="53" w="810" /><ent r="6" t="53" w="809" /><ent r="5" t="55" w="869" /><ent r="5" t="55" w="868" /><ent r="3" t="56" w="266" /><ent r="3" t="56" w="265" /></phr></stem><stem n="avoid"><phr n="avoid"><ent r="6" t="5" w="652" /><ent r="4" t="24" w="539" /><ent r="3" t="34" w="196" /></phr></stem><stem n="-frequent"><phr n="-frequent"><ent r="6" t="5" w="653" /><ent r="6" t="5" w="653" /></phr></stem><stem n="too"><phr n="too"><ent r="6" t="5" w="653" /><ent r="6" t="5" w="664" /><ent r="3" t="17" w="150" /><ent r="3" t="17" w="163" /><ent r="3" t="30" w="1798" /><ent r="3" t="51" w="390" /></phr><phr n="TOO"><ent r="100" t="31" w="2641" /><ent r="5" t="31" w="2647" /><ent r="4" t="31" w="2686" /></phr></stem><stem n="too-frequ"><phr n="too-frequent"><ent r="6" t="5" w="653" /></phr></stem><stem n="frequent"><phr n="frequent"><ent r="6" t="5" w="654" /></phr></stem><stem n="physic"><phr n="physical"><ent r="6" t="5" w="657" /><ent r="3" t="23" w="1278" /></phr></stem><stem n="(physical)"><phr n="(physical)"><ent r="6" t="5" w="658" /></phr></stem><stem n="should"><phr n="should"><ent r="6" t="5" w="660" /><ent r="3" t="11" w="121" /><ent r="3" t="12" w="134" /><ent r="4" t="15" w="401" /><ent r="3" t="17" w="23" /><ent r="6" t="21" w="2768" /><ent r="6" t="21" w="2856" /><ent r="4" t="23" w="737" /><ent r="3" t="23" w="1467" /><ent r="3" t="24" w="310" /><ent r="3" t="25" w="66" /><ent r="3" t="25" w="1478" /><ent r="3" t="25" w="1494" /><ent r="3" t="27" w="427" /><ent r="3" t="27" w="580" /><ent r="4" t="30" w="793" /><ent r="4" t="31" w="401" /><ent r="3" t="31" w="1700" /><ent r="3" t="31" w="3363" /><ent r="3" t="32" w="327" /><ent r="3" t="32" w="363" /><ent r="3" t="32" w="382" /><ent r="3" t="32" w="401" /><ent r="4" t="33" w="846" /><ent r="4" t="33" w="874" /><ent r="4" t="33" w="894" /><ent r="4" t="33" w="902" /><ent r="4" t="33" w="911" /><ent r="6" t="33" w="977" /><ent r="4" t="33" w="1257" /><ent r="4" t="33" w="1263" /><ent r="4" t="33" w="1436" /><ent r="3" t="34" w="195" /><ent r="3" t="34" w="588" /><ent r="3" t="34" w="843" /><ent r="3" t="37" w="395" /><ent r="4" t="37" w="532" /><ent r="3" t="39" w="424" /><ent r="3" t="40" w="382" /><ent r="3" t="41" w="371" /><ent r="3" t="44" w="337" /><ent r="3" t="44" w="356" /><ent r="3" t="44" w="400" /><ent r="3" t="44" w="404" /><ent r="3" t="44" w="501" /><ent r="3" t="45" w="395" /><ent r="3" t="47" w="131" /><ent r="4" t="47" w="353" /><ent r="4" t="47" w="373" /><ent r="4" t="51" w="82" /><ent r="6" t="53" w="385" /><ent r="5" t="55" w="1375" /></phr></stem><stem n="often"><phr n="often"><ent r="6" t="5" w="665" /><ent r="4" t="23" w="248" /><ent r="3" t="24" w="962" /><ent r="3" t="52" w="55" /><ent r="3" t="55" w="176" /></phr></stem><stem n="*for"><phr n="*for"><ent r="6" t="5" w="671" /></phr></stem><stem n="*"><phr n="*"><ent r="6" t="5" w="674" /><ent r="3" t="14" w="1787" /><ent r="3" t="14" w="1795" /><ent r="3" t="14" w="1803" /><ent r="3" t="14" w="1811" /><ent r="3" t="14" w="1822" /><ent r="7" t="16" w="564" /><ent r="7" t="16" w="727" /><ent r="6" t="16" w="822" /><ent r="3" t="16" w="1061" /><ent r="3" t="16" w="1064" /><ent r="3" t="16" w="1134" /><ent r="3" t="16" w="1137" /><ent r="3" t="16" w="1154" /><ent r="3" t="16" w="1157" /><ent r="4" t="25" w="1134" /><ent r="3" t="41" w="538" /><ent r="3" t="41" w="601" /></phr></stem><stem n="300"><phr n="300"><ent r="6" t="5" w="683" /></phr></stem><stem n="&quot;300&quot;"><phr n="&quot;300&quot;"><ent r="6" t="5" w="684" /></phr></stem><stem n=":header"><phr n=":Header"><ent r="100" t="5" w="688" /></phr></stem><stem n="sampl"><phr n="Sample"><ent r="100" t="5" w="694" /><ent r="92" t="5" w="698" /><ent r="100" t="15" w="9" /><ent r="100" t="15" w="14" /><ent r="82" t="15" w="551" /><ent r="82" t="17" w="121" /><ent r="92" t="19" w="1122" /><ent r="3" t="36" w="224" /><ent r="3" t="36" w="315" /><ent r="3" t="36" w="404" /><ent r="3" t="36" w="416" /><ent r="3" t="36" w="422" /><ent r="100" t="57" w="76" /><ent r="3" t="57" w="92" /></phr><phr n="sample"><ent r="3" t="5" w="705" /><ent r="3" t="7" w="73" /><ent r="3" t="7" w="199" /><ent r="3" t="10" w="168" /><ent r="3" t="16" w="962" /><ent r="3" t="19" w="1127" /><ent r="3" t="19" w="1199" /><ent r="3" t="19" w="1389" /><ent r="3" t="23" w="92" /><ent r="3" t="33" w="317" /><ent r="6" t="33" w="1147" /><ent r="3" t="33" w="1462" /><ent r="4" t="36" w="177" /><ent r="3" t="36" w="196" /><ent r="3" t="36" w="207" /><ent r="3" t="36" w="240" /><ent r="3" t="36" w="319" /><ent r="3" t="36" w="400" /><ent r="3" t="36" w="428" /><ent r="3" t="36" w="471" /><ent r="3" t="44" w="392" /><ent r="3" t="44" w="416" /><ent r="3" t="44" w="424" /><ent r="3" t="44" w="492" /><ent r="3" t="45" w="387" /><ent r="3" t="52" w="165" /><ent r="3" t="55" w="1430" /><ent r="3" t="57" w="83" /></phr><phr n="samples"><ent r="6" t="16" w="718" /></phr></stem><stem n="&quot;type&quot;"><phr n="&quot;type&quot;"><ent r="3" t="5" w="716" /><ent r="4" t="5" w="791" /><ent r="3" t="25" w="1501" /><ent r="3" t="27" w="120" /><ent r="4" t="33" w="837" /></phr><phr n="&quot;Type&quot;"><ent r="3" t="23" w="1311" /></phr></stem><stem n="&quot;tcp-script&quot;"><phr n="&quot;tcp-script&quot;"><ent r="3" t="5" w="718" /><ent r="3" t="32" w="128" /></phr></stem><stem n="&quot;package&quot;"><phr n="&quot;package&quot;"><ent r="3" t="5" w="720" /><ent r="3" t="27" w="124" /><ent r="4" t="33" w="846" /></phr></stem><stem n="&quot;probe_name&quot;"><phr n="&quot;probe_name&quot;"><ent r="3" t="5" w="725" /><ent r="3" t="27" w="128" /><ent r="4" t="33" w="866" /><ent r="4" t="33" w="874" /></phr></stem><stem n="snmp.exampl"><phr n="snmp.example"><ent r="3" t="5" w="726" /><ent r="3" t="5" w="725" /></phr></stem><stem n="&quot;snmp.example&quot;"><phr n="&quot;snmp.example&quot;"><ent r="3" t="5" w="727" /></phr></stem><stem n="&quot;human_name&quot;"><phr n="&quot;human_name&quot;"><ent r="3" t="5" w="730" /><ent r="3" t="27" w="132" /></phr></stem><stem n="&quot;exampl"><phr n="&quot;Example"><ent r="3" t="5" w="730" /></phr></stem><stem n="&quot;display_name&quot;"><phr n="&quot;display_name&quot;"><ent r="3" t="5" w="736" /><ent r="3" t="27" w="146" /></phr></stem><stem n="miscellan"><phr n="Miscellaneous"><ent r="3" t="5" w="736" /><ent r="3" t="34" w="413" /><ent r="3" t="34" w="667" /><ent r="3" t="36" w="413" /><ent r="93" t="55" w="645" /></phr></stem><stem n="&quot;miscellaneous/exampl"><phr n="&quot;Miscellaneous/Example"><ent r="3" t="5" w="737" /></phr></stem><stem n="miscellaneous/exampl"><phr n="Miscellaneous/Example"><ent r="3" t="5" w="737" /><ent r="3" t="5" w="736" /></phr></stem><stem n="&quot;version&quot;"><phr n="&quot;version&quot;"><ent r="3" t="5" w="742" /><ent r="3" t="27" w="135" /><ent r="4" t="33" w="894" /></phr></stem><stem n="1.0"><phr n="1.0"><ent r="3" t="5" w="743" /><ent r="3" t="5" w="742" /><ent r="3" t="14" w="1656" /><ent r="3" t="14" w="1655" /><ent r="3" t="14" w="1863" /><ent r="3" t="14" w="1862" /><ent r="3" t="14" w="2056" /><ent r="3" t="14" w="2055" /><ent r="4" t="21" w="152" /><ent r="4" t="21" w="151" /><ent r="4" t="33" w="897" /><ent r="4" t="33" w="896" /><ent r="3" t="34" w="407" /><ent r="3" t="34" w="406" /><ent r="3" t="34" w="661" /><ent r="3" t="34" w="660" /><ent r="3" t="35" w="120" /><ent r="3" t="35" w="119" /><ent r="6" t="53" w="640" /><ent r="6" t="53" w="639" /></phr></stem><stem n="0"><phr n="0"><ent r="3" t="5" w="743" /><ent r="3" t="7" w="210" /><ent r="8" t="7" w="447" /><ent r="3" t="8" w="461" /><ent r="3" t="8" w="466" /><ent r="3" t="10" w="212" /><ent r="3" t="10" w="219" /><ent r="3" t="10" w="226" /><ent r="5" t="14" w="1000" /><ent r="3" t="14" w="1330" /><ent r="3" t="14" w="1614" /><ent r="3" t="14" w="1656" /><ent r="3" t="14" w="1832" /><ent r="3" t="14" w="1842" /><ent r="3" t="14" w="1852" /><ent r="3" t="14" w="1863" /><ent r="3" t="14" w="2053" /><ent r="3" t="14" w="2056" /><ent r="3" t="15" w="584" /><ent r="3" t="15" w="601" /><ent r="3" t="15" w="630" /><ent r="3" t="15" w="649" /><ent r="3" t="15" w="665" /><ent r="6" t="16" w="383" /><ent r="3" t="16" w="988" /><ent r="3" t="16" w="1002" /><ent r="3" t="16" w="1018" /><ent r="3" t="16" w="1034" /><ent r="3" t="16" w="1056" /><ent r="3" t="16" w="1062" /><ent r="3" t="16" w="1078" /><ent r="3" t="16" w="1129" /><ent r="3" t="16" w="1135" /><ent r="3" t="16" w="1155" /><ent r="3" t="19" w="1293" /><ent r="3" t="19" w="1377" /><ent r="3" t="19" w="1378" /><ent r="3" t="19" w="1379" /><ent r="3" t="19" w="1551" /><ent r="3" t="19" w="1559" /><ent r="3" t="19" w="1567" /><ent r="3" t="20" w="216" /><ent r="3" t="20" w="217" /><ent r="3" t="20" w="218" /><ent r="4" t="21" w="152" /><ent r="4" t="21" w="158" /><ent r="4" t="21" w="159" /><ent r="4" t="21" w="805" /><ent r="3" t="21" w="1290" /><ent r="3" t="21" w="1382" /><ent r="3" t="21" w="1392" /><ent r="3" t="21" w="1411" /><ent r="4" t="21" w="1621" /><ent r="4" t="21" w="1625" /><ent r="3" t="21" w="1812" /><ent r="3" t="21" w="1848" /><ent r="3" t="21" w="1890" /><ent r="5" t="21" w="2284" /><ent r="3" t="21" w="2350" /><ent r="3" t="21" w="2356" /><ent r="3" t="21" w="2358" /><ent r="3" t="21" w="2606" /><ent r="3" t="21" w="2649" /><ent r="4" t="21" w="2679" /><ent r="4" t="21" w="2721" /><ent r="4" t="21" w="2732" /><ent r="3" t="23" w="1284" /><ent r="3" t="23" w="1406" /><ent r="3" t="24" w="129" /><ent r="3" t="24" w="330" /><ent r="3" t="24" w="344" /><ent r="3" t="24" w="355" /><ent r="3" t="24" w="376" /><ent r="3" t="24" w="601" /><ent r="3" t="24" w="608" /><ent r="3" t="24" w="792" /><ent r="3" t="24" w="816" /><ent r="3" t="24" w="829" /><ent r="3" t="24" w="847" /><ent r="3" t="24" w="870" /><ent r="3" t="24" w="909" /><ent r="3" t="24" w="1076" /><ent r="4" t="25" w="541" /><ent r="4" t="25" w="581" /><ent r="4" t="25" w="587" /><ent r="4" t="25" w="711" /><ent r="3" t="25" w="887" /><ent r="3" t="25" w="921" /><ent r="3" t="27" w="463" /><ent r="3" t="27" w="480" /><ent r="3" t="27" w="493" /><ent r="3" t="27" w="507" /><ent r="3" t="27" w="522" /><ent r="3" t="27" w="525" /><ent r="3" t="27" w="526" /><ent r="3" t="27" w="538" /><ent r="3" t="27" w="624" /><ent r="3" t="27" w="641" /><ent r="3" t="27" w="654" /><ent r="3" t="27" w="668" /><ent r="3" t="27" w="683" /><ent r="3" t="27" w="686" /><ent r="3" t="27" w="687" /><ent r="3" t="27" w="699" /><ent r="3" t="27" w="747" /><ent r="3" t="27" w="764" /><ent r="3" t="27" w="777" /><ent r="3" t="27" w="791" /><ent r="3" t="27" w="806" /><ent r="3" t="27" w="809" /><ent r="3" t="27" w="810" /><ent r="3" t="27" w="822" /><ent r="3" t="27" w="857" /><ent r="3" t="27" w="874" /><ent r="3" t="27" w="887" /><ent r="3" t="27" w="901" /><ent r="3" t="27" w="916" /><ent r="3" t="27" w="919" /><ent r="3" t="27" w="920" /><ent r="3" t="27" w="932" /><ent r="3" t="27" w="947" /><ent r="3" t="27" w="960" /><ent r="3" t="27" w="973" /><ent r="3" t="27" w="986" /><ent r="3" t="27" w="999" /><ent r="3" t="27" w="1012" /><ent r="3" t="27" w="1039" /><ent r="3" t="27" w="1056" /><ent r="3" t="27" w="1069" /><ent r="3" t="27" w="1083" /><ent r="3" t="27" w="1098" /><ent r="3" t="27" w="1101" /><ent r="3" t="27" w="1102" /><ent r="3" t="27" w="1114" /><ent r="3" t="27" w="1186" /><ent r="3" t="27" w="1200" /><ent r="3" t="27" w="1214" /><ent r="3" t="27" w="1231" /><ent r="3" t="27" w="1246" /><ent r="3" t="27" w="1262" /><ent r="3" t="27" w="1522" /><ent r="3" t="27" w="1526" /><ent r="3" t="27" w="1530" /><ent r="3" t="27" w="1534" /><ent r="3" t="27" w="1538" /><ent r="3" t="27" w="1546" /><ent r="3" t="27" w="1554" /><ent r="3" t="27" w="1562" /><ent r="3" t="27" w="1570" /><ent r="3" t="27" w="1573" /><ent r="3" t="27" w="1580" /><ent r="3" t="27" w="1598" /><ent r="3" t="27" w="1605" /><ent r="3" t="27" w="1612" /><ent r="3" t="27" w="1619" /><ent r="3" t="27" w="1627" /><ent r="3" t="27" w="1634" /><ent r="3" t="27" w="1656" /><ent r="3" t="27" w="1663" /><ent r="3" t="27" w="1670" /><ent r="3" t="27" w="1677" /><ent r="3" t="27" w="1684" /><ent r="3" t="27" w="1691" /><ent r="3" t="27" w="1698" /><ent r="3" t="27" w="1705" /><ent r="3" t="27" w="1712" /><ent r="3" t="27" w="1719" /><ent r="3" t="28" w="178" /><ent r="3" t="28" w="211" /><ent r="3" t="28" w="243" /><ent r="3" t="28" w="277" /><ent r="3" t="28" w="308" /><ent r="3" t="28" w="333" /><ent r="3" t="28" w="395" /><ent r="3" t="30" w="869" /><ent r="3" t="30" w="890" /><ent r="3" t="30" w="906" /><ent r="4" t="30" w="1058" /><ent r="4" t="30" w="1063" /><ent r="3" t="32" w="614" /><ent r="3" t="32" w="624" /><ent r="4" t="33" w="897" /><ent r="3" t="34" w="279" /><ent r="3" t="34" w="407" /><ent r="3" t="34" w="543" /><ent r="3" t="34" w="557" /><ent r="3" t="34" w="561" /><ent r="3" t="34" w="661" /><ent r="3" t="34" w="797" /><ent r="3" t="34" w="811" /><ent r="3" t="34" w="815" /><ent r="3" t="35" w="120" /><ent r="3" t="35" w="197" /><ent r="3" t="36" w="260" /><ent r="3" t="36" w="263" /><ent r="3" t="36" w="500" /><ent r="4" t="37" w="467" /><ent r="3" t="37" w="648" /><ent r="3" t="37" w="650" /><ent r="3" t="37" w="652" /><ent r="3" t="37" w="654" /><ent r="3" t="37" w="660" /><ent r="3" t="37" w="662" /><ent r="3" t="37" w="668" /><ent r="3" t="37" w="670" /><ent r="3" t="37" w="676" /><ent r="82" t="37" w="737" /><ent r="3" t="39" w="138" /><ent r="3" t="39" w="176" /><ent r="3" t="40" w="809" /><ent r="3" t="40" w="826" /><ent r="3" t="40" w="850" /><ent r="3" t="40" w="866" /><ent r="3" t="40" w="884" /><ent r="3" t="40" w="903" /><ent r="3" t="40" w="922" /><ent r="3" t="40" w="938" /><ent r="3" t="40" w="1017" /><ent r="3" t="41" w="547" /><ent r="3" t="41" w="548" /><ent r="3" t="41" w="552" /><ent r="3" t="41" w="555" /><ent r="3" t="41" w="567" /><ent r="3" t="41" w="571" /><ent r="3" t="41" w="588" /><ent r="3" t="41" w="621" /><ent r="3" t="41" w="637" /><ent r="3" t="41" w="659" /><ent r="3" t="41" w="673" /><ent r="3" t="41" w="686" /><ent r="3" t="47" w="605" /><ent r="3" t="47" w="709" /><ent r="3" t="47" w="717" /><ent r="3" t="47" w="721" /><ent r="3" t="47" w="762" /><ent r="3" t="47" w="770" /><ent r="3" t="47" w="774" /><ent r="6" t="53" w="640" /><ent r="100" t="55" w="1454" /><ent r="4" t="55" w="1466" /><ent r="5" t="55" w="1510" /><ent r="5" t="55" w="1574" /><ent r="5" t="55" w="1620" /></phr></stem><stem n="&quot;1.0&quot;"><phr n="&quot;1.0&quot;"><ent r="3" t="5" w="744" /><ent r="4" t="33" w="898" /><ent r="3" t="34" w="408" /><ent r="3" t="34" w="662" /><ent r="3" t="35" w="121" /><ent r="6" t="53" w="641" /></phr></stem><stem n="&quot;address_type&quot;"><phr n="&quot;address_type&quot;"><ent r="3" t="5" w="746" /><ent r="3" t="27" w="139" /><ent r="4" t="33" w="902" /></phr></stem><stem n="ip,at"><phr n="IP,AT"><ent r="3" t="5" w="747" /><ent r="3" t="5" w="746" /><ent r="3" t="19" w="1298" /><ent r="3" t="19" w="1297" /><ent r="3" t="27" w="140" /><ent r="3" t="27" w="139" /></phr></stem><stem n="&quot;ip,at&quot;"><phr n="&quot;IP,AT&quot;"><ent r="3" t="5" w="748" /><ent r="3" t="19" w="1299" /><ent r="3" t="27" w="141" /></phr></stem><stem n="&quot;port_number&quot;"><phr n="&quot;port_number&quot;"><ent r="3" t="5" w="751" /><ent r="3" t="27" w="143" /></phr></stem><stem n="161"><phr n="161"><ent r="3" t="5" w="751" /><ent r="3" t="19" w="1303" /><ent r="3" t="27" w="143" /><ent r="3" t="40" w="93" /><ent r="4" t="40" w="223" /><ent r="3" t="41" w="545" /><ent r="3" t="41" w="564" /></phr></stem><stem n="&quot;161&quot;"><phr n="&quot;161&quot;"><ent r="3" t="5" w="752" /><ent r="3" t="19" w="1304" /><ent r="3" t="27" w="144" /></phr></stem><stem n="flag"><phr n="flags"><ent r="3" t="5" w="753" /><ent r="3" t="19" w="1299" /></phr><phr n="FLAGS"><ent r="100" t="5" w="800" /><ent r="4" t="5" w="805" /></phr><phr n="flag"><ent r="6" t="5" w="946" /><ent r="6" t="5" w="983" /><ent r="6" t="5" w="1044" /><ent r="6" t="5" w="1074" /><ent r="3" t="41" w="366" /></phr></stem><stem n="&quot;flags&quot;"><phr n="&quot;flags&quot;"><ent r="3" t="5" w="754" /></phr></stem><stem n="&quot;&quot;"><phr n="&quot;&quot;"><ent r="3" t="5" w="754" /><ent r="3" t="8" w="297" /><ent r="3" t="8" w="588" /><ent r="3" t="32" w="431" /><ent r="3" t="32" w="437" /><ent r="3" t="32" w="439" /><ent r="3" t="32" w="441" /><ent r="3" t="32" w="443" /><ent r="3" t="35" w="173" /><ent r="5" t="55" w="1702" /></phr></stem><stem n="&quot;custom-snmp&quot;."><phr n="&quot;custom-snmp&quot;."><ent r="4" t="5" w="799" /></phr></stem><stem n="xxx"><phr n="xxx"><ent r="4" t="5" w="806" /><ent r="4" t="5" w="807" /><ent r="83" t="16" w="1362" /><ent r="5" t="58" w="73" /></phr></stem><stem n="=xxx,xxx"><phr n="=xxx,xxx"><ent r="4" t="5" w="807" /></phr></stem><stem n="xxx,xxx"><phr n="xxx,xxx"><ent r="4" t="5" w="807" /><ent r="4" t="5" w="806" /></phr></stem><stem n="take"><phr n="takes"><ent r="4" t="5" w="810" /><ent r="3" t="18" w="346" /><ent r="3" t="21" w="878" /><ent r="4" t="30" w="1044" /><ent r="3" t="30" w="1730" /><ent r="4" t="42" w="473" /><ent r="7" t="53" w="588" /></phr><phr n="Takes"><ent r="4" t="21" w="662" /></phr><phr n="Take"><ent r="3" t="21" w="2204" /><ent r="3" t="24" w="997" /></phr><phr n="take"><ent r="4" t="25" w="536" /><ent r="3" t="27" w="186" /><ent r="3" t="30" w="423" /><ent r="3" t="30" w="938" /><ent r="3" t="30" w="1108" /><ent r="3" t="44" w="357" /><ent r="3" t="44" w="502" /><ent r="3" t="45" w="396" /><ent r="3" t="50" w="316" /><ent r="7" t="53" w="437" /><ent r="7" t="53" w="471" /><ent r="7" t="53" w="505" /><ent r="3" t="55" w="36" /><ent r="3" t="55" w="1301" /></phr></stem><stem n="option"><phr n="optional"><ent r="4" t="5" w="813" /><ent r="3" t="10" w="250" /><ent r="3" t="10" w="319" /><ent r="3" t="16" w="135" /><ent r="4" t="16" w="908" /><ent r="3" t="17" w="50" /><ent r="4" t="19" w="240" /><ent r="3" t="31" w="919" /><ent r="3" t="31" w="1222" /><ent r="3" t="42" w="267" /><ent r="4" t="51" w="183" /><ent r="6" t="53" w="94" /><ent r="6" t="53" w="220" /><ent r="6" t="53" w="252" /><ent r="6" t="53" w="333" /><ent r="6" t="53" w="365" /></phr><phr n="option"><ent r="5" t="14" w="224" /><ent r="3" t="28" w="389" /><ent r="3" t="28" w="420" /><ent r="4" t="40" w="724" /><ent r="3" t="41" w="45" /><ent r="3" t="41" w="54" /><ent r="3" t="41" w="78" /><ent r="3" t="41" w="151" /><ent r="3" t="45" w="162" /><ent r="5" t="55" w="1352" /></phr><phr n="options"><ent r="5" t="14" w="262" /><ent r="4" t="31" w="348" /><ent r="3" t="31" w="959" /><ent r="3" t="31" w="997" /><ent r="3" t="31" w="1065" /><ent r="3" t="31" w="1075" /><ent r="4" t="45" w="118" /><ent r="72" t="47" w="200" /><ent r="3" t="47" w="205" /><ent r="72" t="47" w="275" /></phr><phr n="optionally"><ent r="4" t="33" w="492" /></phr><phr n="Option"><ent r="65" t="40" w="744" /><ent r="1000" t="41" w="5" /><ent r="102" t="41" w="11" /></phr><phr n="OPTION"><ent r="3" t="47" w="487" /></phr></stem><stem n="item"><phr n="items"><ent r="4" t="5" w="814" /><ent r="5" t="13" w="610" /><ent r="3" t="15" w="717" /><ent r="3" t="15" w="783" /><ent r="3" t="25" w="1456" /><ent r="3" t="27" w="75" /><ent r="3" t="27" w="260" /><ent r="3" t="27" w="1326" /><ent r="3" t="55" w="233" /></phr><phr n="item"><ent r="6" t="5" w="974" /><ent r="5" t="14" w="738" /><ent r="2" t="23" w="1388" /><ent r="4" t="33" w="1255" /><ent r="3" t="39" w="410" /><ent r="4" t="41" w="763" /></phr><phr n="Items"><ent r="3" t="27" w="1591" /><ent r="3" t="27" w="1641" /></phr></stem><stem n="nolink"><phr n="NOLINKS"><ent r="100" t="5" w="818" /><ent r="6" t="5" w="820" /></phr></stem><stem n="-"><phr n="-"><ent r="6" t="5" w="821" /><ent r="6" t="5" w="821" /><ent r="6" t="5" w="833" /><ent r="6" t="5" w="833" /><ent r="6" t="5" w="855" /><ent r="6" t="5" w="855" /><ent r="6" t="5" w="874" /><ent r="6" t="5" w="874" /><ent r="6" t="5" w="886" /><ent r="6" t="5" w="886" /><ent r="6" t="5" w="920" /><ent r="6" t="5" w="920" /><ent r="6" t="5" w="1007" /><ent r="6" t="5" w="1007" /><ent r="6" t="5" w="1064" /><ent r="6" t="5" w="1064" /><ent r="5" t="6" w="58" /><ent r="5" t="6" w="58" /><ent r="4" t="6" w="138" /><ent r="4" t="6" w="138" /><ent r="6" t="7" w="354" /><ent r="6" t="7" w="354" /><ent r="4" t="8" w="167" /><ent r="4" t="8" w="167" /><ent r="4" t="8" w="174" /><ent r="4" t="8" w="174" /><ent r="4" t="8" w="184" /><ent r="4" t="8" w="184" /><ent r="4" t="8" w="192" /><ent r="4" t="8" w="192" /><ent r="4" t="12" w="61" /><ent r="4" t="12" w="61" /><ent r="4" t="12" w="69" /><ent r="4" t="12" w="69" /><ent r="4" t="12" w="80" /><ent r="4" t="12" w="80" /><ent r="4" t="12" w="91" /><ent r="4" t="12" w="91" /><ent r="5" t="13" w="81" /><ent r="5" t="13" w="81" /><ent r="5" t="13" w="120" /><ent r="5" t="13" w="120" /><ent r="5" t="13" w="272" /><ent r="5" t="13" w="272" /><ent r="5" t="13" w="309" /><ent r="5" t="13" w="309" /><ent r="5" t="13" w="328" /><ent r="5" t="13" w="328" /><ent r="5" t="13" w="347" /><ent r="5" t="13" w="347" /><ent r="5" t="13" w="373" /><ent r="5" t="13" w="373" /><ent r="5" t="13" w="392" /><ent r="5" t="13" w="392" /><ent r="5" t="13" w="411" /><ent r="5" t="13" w="411" /><ent r="5" t="13" w="455" /><ent r="5" t="13" w="455" /><ent r="5" t="13" w="456" /><ent r="5" t="13" w="456" /><ent r="5" t="13" w="486" /><ent r="5" t="13" w="486" /><ent r="5" t="13" w="487" /><ent r="5" t="13" w="487" /><ent r="5" t="13" w="517" /><ent r="5" t="13" w="517" /><ent r="5" t="13" w="546" /><ent r="5" t="13" w="546" /><ent r="5" t="13" w="582" /><ent r="5" t="13" w="582" /><ent r="5" t="13" w="592" /><ent r="5" t="13" w="592" /><ent r="5" t="13" w="603" /><ent r="5" t="13" w="603" /><ent r="5" t="13" w="629" /><ent r="5" t="13" w="629" /><ent r="5" t="13" w="640" /><ent r="5" t="13" w="640" /><ent r="5" t="13" w="651" /><ent r="5" t="13" w="651" /><ent r="100" t="15" w="20" /><ent r="100" t="15" w="20" /><ent r="4" t="15" w="337" /><ent r="4" t="15" w="337" /><ent r="4" t="15" w="363" /><ent r="4" t="15" w="363" /><ent r="4" t="15" w="392" /><ent r="4" t="15" w="392" /><ent r="4" t="15" w="421" /><ent r="4" t="15" w="421" /><ent r="93" t="15" w="440" /><ent r="93" t="15" w="440" /><ent r="92" t="15" w="679" /><ent r="92" t="15" w="679" /><ent r="92" t="15" w="743" /><ent r="92" t="15" w="743" /><ent r="4" t="15" w="804" /><ent r="4" t="15" w="804" /><ent r="4" t="15" w="828" /><ent r="4" t="15" w="828" /><ent r="4" t="15" w="855" /><ent r="4" t="15" w="855" /><ent r="4" t="15" w="881" /><ent r="4" t="15" w="881" /><ent r="4" t="16" w="475" /><ent r="4" t="16" w="475" /><ent r="6" t="16" w="484" /><ent r="6" t="16" w="484" /><ent r="6" t="16" w="511" /><ent r="6" t="16" w="511" /><ent r="6" t="16" w="536" /><ent r="6" t="16" w="536" /><ent r="6" t="16" w="565" /><ent r="6" t="16" w="565" /><ent r="6" t="16" w="582" /><ent r="6" t="16" w="582" /><ent r="6" t="16" w="608" /><ent r="6" t="16" w="608" /><ent r="6" t="16" w="642" /><ent r="6" t="16" w="642" /><ent r="6" t="16" w="667" /><ent r="6" t="16" w="667" /><ent r="6" t="16" w="701" /><ent r="6" t="16" w="701" /><ent r="6" t="16" w="728" /><ent r="6" t="16" w="728" /><ent r="6" t="16" w="753" /><ent r="6" t="16" w="753" /><ent r="6" t="16" w="770" /><ent r="6" t="16" w="770" /><ent r="6" t="16" w="800" /><ent r="6" t="16" w="800" /><ent r="92" t="18" w="267" /><ent r="92" t="18" w="267" /><ent r="3" t="19" w="1415" /><ent r="3" t="19" w="1415" /><ent r="3" t="19" w="1423" /><ent r="3" t="19" w="1423" /><ent r="3" t="19" w="1432" /><ent r="3" t="19" w="1432" /><ent r="3" t="19" w="1441" /><ent r="3" t="19" w="1441" /><ent r="3" t="19" w="1449" /><ent r="3" t="19" w="1449" /><ent r="3" t="19" w="1459" /><ent r="3" t="19" w="1459" /><ent r="3" t="19" w="1472" /><ent r="3" t="19" w="1472" /><ent r="3" t="19" w="1480" /><ent r="3" t="19" w="1480" /><ent r="3" t="19" w="1488" /><ent r="3" t="19" w="1488" /><ent r="3" t="19" w="1498" /><ent r="3" t="19" w="1498" /><ent r="4" t="21" w="403" /><ent r="4" t="21" w="403" /><ent r="4" t="21" w="416" /><ent r="4" t="21" w="416" /><ent r="4" t="21" w="426" /><ent r="4" t="21" w="426" /><ent r="4" t="21" w="447" /><ent r="4" t="21" w="447" /><ent r="4" t="21" w="458" /><ent r="4" t="21" w="458" /><ent r="4" t="21" w="470" /><ent r="4" t="21" w="470" /><ent r="4" t="21" w="482" /><ent r="4" t="21" w="482" /><ent r="4" t="21" w="494" /><ent r="4" t="21" w="494" /><ent r="4" t="21" w="508" /><ent r="4" t="21" w="508" /><ent r="4" t="21" w="522" /><ent r="4" t="21" w="522" /><ent r="4" t="21" w="532" /><ent r="4" t="21" w="532" /><ent r="4" t="21" w="545" /><ent r="4" t="21" w="545" /><ent r="4" t="21" w="556" /><ent r="4" t="21" w="556" /><ent r="4" t="21" w="571" /><ent r="4" t="21" w="571" /><ent r="4" t="21" w="582" /><ent r="4" t="21" w="582" /><ent r="4" t="21" w="593" /><ent r="4" t="21" w="593" /><ent r="4" t="21" w="600" /><ent r="4" t="21" w="600" /><ent r="4" t="21" w="618" /><ent r="4" t="21" w="618" /><ent r="4" t="21" w="626" /><ent r="4" t="21" w="626" /><ent r="4" t="21" w="640" /><ent r="4" t="21" w="640" /><ent r="4" t="21" w="662" /><ent r="4" t="21" w="662" /><ent r="4" t="21" w="692" /><ent r="4" t="21" w="692" /><ent r="4" t="21" w="717" /><ent r="4" t="21" w="717" /><ent r="4" t="21" w="742" /><ent r="4" t="21" w="742" /><ent r="4" t="21" w="758" /><ent r="4" t="21" w="758" /><ent r="4" t="21" w="786" /><ent r="4" t="21" w="786" /><ent r="4" t="21" w="823" /><ent r="4" t="21" w="823" /><ent r="4" t="21" w="1028" /><ent r="4" t="21" w="1028" /><ent r="4" t="21" w="1036" /><ent r="4" t="21" w="1036" /><ent r="4" t="21" w="1044" /><ent r="4" t="21" w="1044" /><ent r="4" t="21" w="1052" /><ent r="4" t="21" w="1052" /><ent r="4" t="21" w="1062" /><ent r="4" t="21" w="1062" /><ent r="4" t="21" w="1072" /><ent r="4" t="21" w="1072" /><ent r="4" t="21" w="1081" /><ent r="4" t="21" w="1081" /><ent r="4" t="21" w="1091" /><ent r="4" t="21" w="1091" /><ent r="4" t="21" w="1103" /><ent r="4" t="21" w="1103" /><ent r="4" t="21" w="1113" /><ent r="4" t="21" w="1113" /><ent r="4" t="21" w="1123" /><ent r="4" t="21" w="1123" /><ent r="4" t="21" w="1133" /><ent r="4" t="21" w="1133" /><ent r="4" t="21" w="1516" /><ent r="4" t="21" w="1516" /><ent r="4" t="21" w="1521" /><ent r="4" t="21" w="1521" /><ent r="4" t="21" w="1526" /><ent r="4" t="21" w="1526" /><ent r="4" t="21" w="1531" /><ent r="4" t="21" w="1531" /><ent r="4" t="21" w="1536" /><ent r="4" t="21" w="1536" /><ent r="4" t="21" w="1551" /><ent r="4" t="21" w="1551" /><ent r="4" t="21" w="1558" /><ent r="4" t="21" w="1558" /><ent r="4" t="21" w="1564" /><ent r="4" t="21" w="1564" /><ent r="4" t="21" w="1570" /><ent r="4" t="21" w="1570" /><ent r="4" t="21" w="1579" /><ent r="4" t="21" w="1579" /><ent r="4" t="21" w="1585" /><ent r="4" t="21" w="1585" /><ent r="4" t="21" w="1591" /><ent r="4" t="21" w="1591" /><ent r="4" t="21" w="1596" /><ent r="4" t="21" w="1596" /><ent r="4" t="21" w="1602" /><ent r="4" t="21" w="1602" /><ent r="4" t="21" w="1619" /><ent r="4" t="21" w="1619" /><ent r="4" t="21" w="1628" /><ent r="4" t="21" w="1628" /><ent r="4" t="21" w="1645" /><ent r="4" t="21" w="1645" /><ent r="4" t="21" w="1648" /><ent r="4" t="21" w="1648" /><ent r="4" t="21" w="1651" /><ent r="4" t="21" w="1651" /><ent r="4" t="21" w="1659" /><ent r="4" t="21" w="1659" /><ent r="4" t="21" w="1667" /><ent r="4" t="21" w="1667" /><ent r="4" t="21" w="1670" /><ent r="4" t="21" w="1670" /><ent r="4" t="22" w="221" /><ent r="4" t="22" w="221" /><ent r="4" t="22" w="288" /><ent r="4" t="22" w="288" /><ent r="3" t="23" w="304" /><ent r="3" t="23" w="304" /><ent r="3" t="23" w="307" /><ent r="3" t="23" w="307" /><ent r="3" t="23" w="310" /><ent r="3" t="23" w="310" /><ent r="3" t="23" w="313" /><ent r="3" t="23" w="313" /><ent r="3" t="23" w="316" /><ent r="3" t="23" w="316" /><ent r="3" t="23" w="319" /><ent r="3" t="23" w="319" /><ent r="3" t="23" w="322" /><ent r="3" t="23" w="322" /><ent r="3" t="23" w="325" /><ent r="3" t="23" w="325" /><ent r="3" t="23" w="609" /><ent r="3" t="23" w="609" /><ent r="3" t="23" w="626" /><ent r="3" t="23" w="626" /><ent r="3" t="24" w="564" /><ent r="3" t="24" w="564" /><ent r="4" t="25" w="392" /><ent r="4" t="25" w="392" /><ent r="4" t="25" w="410" /><ent r="4" t="25" w="410" /><ent r="4" t="25" w="441" /><ent r="4" t="25" w="441" /><ent r="4" t="25" w="526" /><ent r="4" t="25" w="526" /><ent r="4" t="25" w="542" /><ent r="4" t="25" w="542" /><ent r="4" t="25" w="545" /><ent r="4" t="25" w="545" /><ent r="4" t="25" w="548" /><ent r="4" t="25" w="548" /><ent r="4" t="25" w="551" /><ent r="4" t="25" w="551" /><ent r="4" t="25" w="554" /><ent r="4" t="25" w="554" /><ent r="4" t="25" w="557" /><ent r="4" t="25" w="557" /><ent r="4" t="25" w="560" /><ent r="4" t="25" w="560" /><ent r="4" t="25" w="567" /><ent r="4" t="25" w="567" /><ent r="4" t="25" w="604" /><ent r="4" t="25" w="604" /><ent r="4" t="25" w="618" /><ent r="4" t="25" w="618" /><ent r="4" t="25" w="629" /><ent r="4" t="25" w="629" /><ent r="4" t="25" w="643" /><ent r="4" t="25" w="643" /><ent r="4" t="25" w="657" /><ent r="4" t="25" w="657" /><ent r="4" t="25" w="673" /><ent r="4" t="25" w="673" /><ent r="4" t="25" w="702" /><ent r="4" t="25" w="702" /><ent r="4" t="25" w="721" /><ent r="4" t="25" w="721" /><ent r="4" t="25" w="759" /><ent r="4" t="25" w="759" /><ent r="4" t="25" w="775" /><ent r="4" t="25" w="775" /><ent r="4" t="25" w="791" /><ent r="4" t="25" w="791" /><ent r="3" t="25" w="1256" /><ent r="3" t="25" w="1256" /><ent r="4" t="26" w="165" /><ent r="4" t="26" w="165" /><ent r="4" t="26" w="188" /><ent r="4" t="26" w="188" /><ent r="4" t="26" w="211" /><ent r="4" t="26" w="211" /><ent r="4" t="26" w="236" /><ent r="4" t="26" w="236" /><ent r="4" t="26" w="306" /><ent r="4" t="26" w="306" /><ent r="102" t="27" w="6" /><ent r="102" t="27" w="6" /><ent r="3" t="27" w="58" /><ent r="3" t="27" w="58" /><ent r="3" t="28" w="224" /><ent r="3" t="28" w="224" /><ent r="3" t="28" w="232" /><ent r="3" t="28" w="232" /><ent r="3" t="31" w="195" /><ent r="3" t="31" w="195" /><ent r="4" t="31" w="245" /><ent r="4" t="31" w="245" /><ent r="4" t="31" w="262" /><ent r="4" t="31" w="262" /><ent r="4" t="31" w="283" /><ent r="4" t="31" w="283" /><ent r="4" t="31" w="305" /><ent r="4" t="31" w="305" /><ent r="4" t="31" w="336" /><ent r="4" t="31" w="336" /><ent r="4" t="31" w="351" /><ent r="4" t="31" w="351" /><ent r="4" t="31" w="373" /><ent r="4" t="31" w="373" /><ent r="4" t="31" w="397" /><ent r="4" t="31" w="397" /><ent r="4" t="31" w="416" /><ent r="4" t="31" w="416" /><ent r="4" t="31" w="437" /><ent r="4" t="31" w="437" /><ent r="4" t="31" w="470" /><ent r="4" t="31" w="470" /><ent r="4" t="31" w="488" /><ent r="4" t="31" w="488" /><ent r="4" t="31" w="500" /><ent r="4" t="31" w="500" /><ent r="4" t="31" w="517" /><ent r="4" t="31" w="517" /><ent r="4" t="31" w="536" /><ent r="4" t="31" w="536" /><ent r="4" t="31" w="551" /><ent r="4" t="31" w="551" /><ent r="4" t="31" w="590" /><ent r="4" t="31" w="590" /><ent r="4" t="31" w="629" /><ent r="4" t="31" w="629" /><ent r="4" t="31" w="665" /><ent r="4" t="31" w="665" /><ent r="4" t="31" w="694" /><ent r="4" t="31" w="694" /><ent r="4" t="31" w="724" /><ent r="4" t="31" w="724" /><ent r="4" t="31" w="745" /><ent r="4" t="31" w="745" /><ent r="4" t="31" w="762" /><ent r="4" t="31" w="762" /><ent r="4" t="31" w="807" /><ent r="4" t="31" w="807" /><ent r="4" t="31" w="827" /><ent r="4" t="31" w="827" /><ent r="4" t="31" w="849" /><ent r="4" t="31" w="849" /><ent r="92" t="31" w="871" /><ent r="92" t="31" w="871" /><ent r="4" t="31" w="1461" /><ent r="4" t="31" w="1461" /><ent r="4" t="31" w="1476" /><ent r="4" t="31" w="1476" /><ent r="3" t="31" w="1930" /><ent r="3" t="31" w="1930" /><ent r="3" t="31" w="1945" /><ent r="3" t="31" w="1945" /><ent r="4" t="31" w="3215" /><ent r="4" t="31" w="3215" /><ent r="4" t="31" w="3257" /><ent r="4" t="31" w="3257" /><ent r="4" t="31" w="3325" /><ent r="4" t="31" w="3325" /><ent r="3" t="34" w="361" /><ent r="3" t="34" w="361" /><ent r="3" t="34" w="427" /><ent r="3" t="34" w="427" /><ent r="3" t="34" w="587" /><ent r="3" t="34" w="587" /><ent r="3" t="34" w="615" /><ent r="3" t="34" w="615" /><ent r="3" t="34" w="681" /><ent r="3" t="34" w="681" /><ent r="3" t="34" w="842" /><ent r="3" t="34" w="842" /><ent r="3" t="37" w="646" /><ent r="3" t="37" w="646" /><ent r="4" t="40" w="195" /><ent r="4" t="40" w="195" /><ent r="4" t="41" w="739" /><ent r="4" t="41" w="739" /><ent r="4" t="41" w="743" /><ent r="4" t="41" w="743" /><ent r="4" t="42" w="63" /><ent r="4" t="42" w="63" /><ent r="4" t="42" w="115" /><ent r="4" t="42" w="115" /><ent r="4" t="42" w="394" /><ent r="4" t="42" w="394" /><ent r="4" t="42" w="431" /><ent r="4" t="42" w="431" /><ent r="4" t="43" w="104" /><ent r="4" t="43" w="104" /><ent r="3" t="43" w="170" /><ent r="3" t="43" w="170" /><ent r="3" t="43" w="185" /><ent r="3" t="43" w="185" /><ent r="3" t="43" w="197" /><ent r="3" t="43" w="197" /><ent r="3" t="43" w="212" /><ent r="3" t="43" w="212" /><ent r="4" t="45" w="125" /><ent r="4" t="45" w="125" /><ent r="4" t="45" w="134" /><ent r="4" t="45" w="134" /><ent r="4" t="45" w="143" /><ent r="4" t="45" w="143" /><ent r="4" t="47" w="35" /><ent r="4" t="47" w="35" /><ent r="4" t="47" w="43" /><ent r="4" t="47" w="43" /><ent r="3" t="47" w="74" /><ent r="3" t="47" w="74" /><ent r="4" t="50" w="156" /><ent r="4" t="50" w="156" /><ent r="4" t="50" w="172" /><ent r="4" t="50" w="172" /><ent r="4" t="50" w="183" /><ent r="4" t="50" w="183" /><ent r="4" t="50" w="198" /><ent r="4" t="50" w="198" /><ent r="4" t="50" w="211" /><ent r="4" t="50" w="211" /><ent r="4" t="50" w="237" /><ent r="4" t="50" w="237" /><ent r="4" t="50" w="252" /><ent r="4" t="50" w="252" /><ent r="4" t="51" w="73" /><ent r="4" t="51" w="73" /><ent r="4" t="51" w="92" /><ent r="4" t="51" w="92" /><ent r="4" t="51" w="138" /><ent r="4" t="51" w="138" /><ent r="4" t="51" w="552" /><ent r="4" t="51" w="552" /><ent r="4" t="51" w="570" /><ent r="4" t="51" w="570" /><ent r="4" t="51" w="585" /><ent r="4" t="51" w="585" /><ent r="4" t="51" w="599" /><ent r="4" t="51" w="599" /><ent r="4" t="51" w="613" /><ent r="4" t="51" w="613" /><ent r="4" t="51" w="627" /><ent r="4" t="51" w="627" /><ent r="4" t="52" w="174" /><ent r="4" t="52" w="174" /><ent r="4" t="52" w="190" /><ent r="4" t="52" w="190" /><ent r="4" t="52" w="217" /><ent r="4" t="52" w="217" /><ent r="4" t="52" w="254" /><ent r="4" t="52" w="254" /><ent r="6" t="53" w="134" /><ent r="6" t="53" w="134" /><ent r="5" t="55" w="1802" /><ent r="5" t="55" w="1802" /><ent r="5" t="55" w="1827" /><ent r="5" t="55" w="1827" /><ent r="5" t="55" w="1854" /><ent r="5" t="55" w="1854" /><ent r="5" t="55" w="1881" /><ent r="5" t="55" w="1881" /><ent r="5" t="55" w="1908" /><ent r="5" t="55" w="1908" /></phr></stem></index>