﻿<?xml version="1.0" encoding="utf-8"?><index><stem n="&quot;${1}"><phr n="&quot;${1}"><ent r="3" t="14" w="1618" /></phr></stem><stem n="{2}&quot;}"><phr n="{2}&quot;}"><ent r="3" t="14" w="1620" /></phr></stem><stem n="&quot;st"><phr n="&quot;st"><ent r="3" t="14" w="1622" /></phr></stem><stem n="123"><phr n="123"><ent r="3" t="14" w="1623" /><ent r="3" t="14" w="1824" /><ent r="3" t="14" w="1826" /><ent r="3" t="27" w="451" /><ent r="3" t="27" w="612" /><ent r="3" t="27" w="735" /><ent r="3" t="27" w="845" /></phr></stem><stem n="&quot;--&gt;"><phr n="&quot;--&gt;"><ent r="3" t="14" w="1624" /></phr></stem><stem n="{scalable10}"><phr n="{scalable10}"><ent r="92" t="14" w="1629" /><ent r="3" t="14" w="1638" /><ent r="4" t="14" w="1675" /></phr></stem><stem n="{scalable2}"><phr n="{scalable2}"><ent r="92" t="14" w="1632" /><ent r="3" t="14" w="1641" /><ent r="4" t="14" w="1689" /></phr></stem><stem n="appropri"><phr n="appropriate"><ent r="3" t="14" w="1647" /><ent r="3" t="14" w="1706" /><ent r="4" t="19" w="381" /><ent r="4" t="33" w="724" /><ent r="3" t="44" w="325" /><ent r="3" t="52" w="65" /><ent r="3" t="55" w="52" /></phr><phr n="appropriately"><ent r="3" t="25" w="177" /></phr></stem><stem n="alwai"><phr n="always"><ent r="3" t="14" w="1653" /><ent r="6" t="16" w="658" /><ent r="6" t="16" w="683" /></phr></stem><stem n=".0"><phr n=".0"><ent r="3" t="14" w="1656" /><ent r="3" t="14" w="1863" /><ent r="3" t="21" w="2649" /><ent r="4" t="21" w="2721" /><ent r="3" t="24" w="330" /><ent r="3" t="24" w="608" /><ent r="3" t="24" w="816" /><ent r="3" t="24" w="829" /><ent r="3" t="24" w="847" /><ent r="82" t="37" w="737" /></phr></stem><stem n="1000"><phr n="1000"><ent r="3" t="14" w="1658" /><ent r="3" t="14" w="1668" /><ent r="4" t="14" w="1680" /><ent r="3" t="14" w="1787" /><ent r="3" t="14" w="1830" /><ent r="7" t="33" w="1170" /></phr></stem><stem n="factor"><phr n="factor"><ent r="3" t="14" w="1666" /><ent r="4" t="14" w="1679" /><ent r="4" t="14" w="1693" /><ent r="3" t="14" w="1778" /></phr></stem><stem n="1024"><phr n="1024"><ent r="3" t="14" w="1670" /><ent r="4" t="14" w="1695" /></phr></stem><stem n="(for"><phr n="(for"><ent r="4" t="14" w="1681" /><ent r="4" t="14" w="1696" /><ent r="3" t="25" w="77" /><ent r="3" t="31" w="211" /></phr><phr n="(For"><ent r="5" t="55" w="1815" /><ent r="5" t="55" w="1894" /></phr></stem><stem n="mbp"><phr n="Mbps"><ent r="4" t="14" w="1683" /></phr></stem><stem n=".)."><phr n=".)."><ent r="4" t="14" w="1685" /><ent r="4" t="47" w="183" /></phr></stem><stem n="kbyte"><phr n="KBytes"><ent r="4" t="14" w="1697" /></phr><phr n="kbytes"><ent r="3" t="14" w="1740" /><ent r="3" t="14" w="1750" /><ent r="3" t="14" w="1758" /><ent r="3" t="14" w="1768" /><ent r="3" t="14" w="1793" /></phr></stem><stem n="gbyte"><phr n="GBytes"><ent r="4" t="14" w="1698" /></phr><phr n="Gbytes"><ent r="3" t="14" w="1809" /></phr></stem><stem n="terabyt"><phr n="Terabytes"><ent r="4" t="14" w="1699" /></phr></stem><stem n="{scalable10[:fmt]:expr}"><phr n="{scalable10[:fmt]:expr}"><ent r="3" t="14" w="1725" /></phr></stem><stem n="{scalable2[:fmt]:expr}"><phr n="{scalable2[:fmt]:expr}"><ent r="3" t="14" w="1730" /></phr></stem><stem n="{scalable10:"><phr n="{scalable10:"><ent r="3" t="14" w="1735" /></phr></stem><stem n="#.##"><phr n="#.##"><ent r="3" t="14" w="1735" /><ent r="3" t="14" w="1753" /><ent r="3" t="16" w="1491" /></phr></stem><stem n="12304"><phr n="12304"><ent r="3" t="14" w="1735" /><ent r="3" t="14" w="1745" /><ent r="3" t="14" w="1753" /><ent r="3" t="14" w="1763" /><ent r="3" t="14" w="1789" /></phr></stem><stem n="}byte"><phr n="}bytes"><ent r="3" t="14" w="1736" /><ent r="3" t="14" w="1746" /><ent r="3" t="14" w="1754" /><ent r="3" t="14" w="1764" /></phr></stem><stem n="=&gt;"><phr n="=&gt;"><ent r="3" t="14" w="1737" /><ent r="3" t="14" w="1747" /><ent r="3" t="14" w="1755" /><ent r="3" t="14" w="1765" /><ent r="9" t="16" w="855" /><ent r="9" t="16" w="862" /><ent r="9" t="16" w="868" /><ent r="9" t="16" w="873" /><ent r="9" t="16" w="888" /><ent r="9" t="16" w="893" /><ent r="9" t="16" w="898" /><ent r="3" t="19" w="38" /><ent r="3" t="19" w="58" /><ent r="3" t="19" w="69" /><ent r="3" t="19" w="78" /><ent r="3" t="19" w="990" /><ent r="3" t="19" w="1084" /><ent r="3" t="19" w="1416" /><ent r="3" t="19" w="1424" /><ent r="3" t="19" w="1433" /><ent r="3" t="19" w="1442" /><ent r="3" t="19" w="1450" /><ent r="3" t="19" w="1460" /><ent r="3" t="19" w="1473" /><ent r="3" t="19" w="1481" /><ent r="3" t="19" w="1489" /><ent r="3" t="19" w="1499" /><ent r="3" t="19" w="1508" /><ent r="3" t="19" w="1516" /><ent r="3" t="19" w="1524" /><ent r="3" t="19" w="1534" /><ent r="3" t="20" w="178" /><ent r="3" t="20" w="190" /><ent r="3" t="20" w="200" /></phr></stem><stem n="12"><phr n="12"><ent r="3" t="14" w="1738" /><ent r="3" t="14" w="1748" /><ent r="3" t="14" w="1756" /><ent r="3" t="14" w="1766" /><ent r="3" t="14" w="1791" /><ent r="3" t="14" w="1860" /><ent r="3" t="21" w="992" /><ent r="3" t="21" w="1297" /><ent r="3" t="21" w="1301" /><ent r="3" t="21" w="1305" /><ent r="3" t="21" w="1309" /><ent r="3" t="21" w="1314" /><ent r="4" t="21" w="1567" /><ent r="4" t="21" w="1582" /><ent r="3" t="27" w="1011" /><ent r="3" t="30" w="847" /><ent r="3" t="31" w="3487" /><ent r="3" t="39" w="330" /></phr></stem><stem n=".30"><phr n=".30"><ent r="3" t="14" w="1739" /><ent r="3" t="14" w="1749" /><ent r="3" t="14" w="1792" /></phr></stem><stem n="12.30"><phr n="12.30"><ent r="3" t="14" w="1739" /><ent r="3" t="14" w="1738" /><ent r="3" t="14" w="1749" /><ent r="3" t="14" w="1748" /><ent r="3" t="14" w="1792" /><ent r="3" t="14" w="1791" /></phr></stem><stem n="3.2d"><phr n="3.2d"><ent r="3" t="14" w="1744" /><ent r="3" t="14" w="1743" /><ent r="3" t="14" w="1762" /><ent r="3" t="14" w="1761" /></phr></stem><stem n="2d"><phr n="2d"><ent r="3" t="14" w="1744" /><ent r="3" t="14" w="1762" /></phr></stem><stem n="{scalable10:&quot;%3.2d&quot;"><phr n="{scalable10:&quot;%3.2d&quot;"><ent r="3" t="14" w="1745" /></phr></stem><stem n="{scalable2:"><phr n="{scalable2:"><ent r="3" t="14" w="1753" /><ent r="3" t="14" w="1761" /></phr></stem><stem n=".02"><phr n=".02"><ent r="3" t="14" w="1757" /><ent r="3" t="14" w="1767" /></phr></stem><stem n="12.02"><phr n="12.02"><ent r="3" t="14" w="1757" /><ent r="3" t="14" w="1756" /><ent r="3" t="14" w="1767" /><ent r="3" t="14" w="1766" /></phr></stem><stem n="02"><phr n="02"><ent r="3" t="14" w="1757" /><ent r="3" t="14" w="1767" /><ent r="3" t="21" w="1436" /><ent r="3" t="21" w="1721" /><ent r="3" t="31" w="3397" /><ent r="3" t="31" w="3625" /></phr></stem><stem n="&quot;%3.2d&quot;"><phr n="&quot;%3.2d&quot;"><ent r="3" t="14" w="1763" /></phr></stem><stem n="char"><phr n="char"><ent r="3" t="14" w="1776" /></phr><phr n="chars"><ent r="4" t="31" w="1822" /><ent r="5" t="55" w="1123" /></phr></stem><stem n="val"><phr n="val"><ent r="3" t="14" w="1782" /></phr></stem><stem n="----"><phr n="----"><ent r="3" t="14" w="1786" /><ent r="3" t="14" w="1789" /><ent r="3" t="15" w="567" /><ent r="3" t="15" w="570" /><ent r="3" t="16" w="977" /><ent r="3" t="16" w="980" /></phr></stem><stem n="------------"><phr n="------------"><ent r="3" t="14" w="1786" /><ent r="3" t="14" w="1797" /></phr></stem><stem n="---------"><phr n="---------"><ent r="3" t="14" w="1786" /><ent r="3" t="14" w="1794" /></phr></stem><stem n="-----------"><phr n="-----------"><ent r="3" t="14" w="1786" /><ent r="3" t="14" w="1796" /></phr></stem><stem n="-----"><phr n="-----"><ent r="3" t="14" w="1786" /><ent r="3" t="14" w="1790" /></phr></stem><stem n="--------------"><phr n="--------------"><ent r="3" t="14" w="1786" /><ent r="3" t="14" w="1799" /></phr></stem><stem n="k"><phr n="k"><ent r="3" t="14" w="1786" /></phr></stem><stem n="kilo"><phr n="kilo"><ent r="3" t="14" w="1788" /></phr></stem><stem n="1e6"><phr n="1e6"><ent r="3" t="14" w="1795" /></phr></stem><stem n="mega"><phr n="Mega"><ent r="3" t="14" w="1796" /></phr></stem><stem n="3421814"><phr n="3421814"><ent r="3" t="14" w="1797" /></phr></stem><stem n=".42"><phr n=".42"><ent r="3" t="14" w="1800" /></phr></stem><stem n="3.42"><phr n="3.42"><ent r="3" t="14" w="1800" /><ent r="3" t="14" w="1799" /></phr></stem><stem n="42"><phr n="42"><ent r="3" t="14" w="1800" /></phr></stem><stem n="mbyte"><phr n="Mbytes"><ent r="3" t="14" w="1801" /></phr></stem><stem n="1e9"><phr n="1e9"><ent r="3" t="14" w="1803" /></phr></stem><stem n="giga"><phr n="Giga"><ent r="3" t="14" w="1804" /></phr></stem><stem n="125032100300"><phr n="125032100300"><ent r="3" t="14" w="1805" /></phr></stem><stem n="125"><phr n="125"><ent r="3" t="14" w="1807" /></phr></stem><stem n=".03"><phr n=".03"><ent r="3" t="14" w="1808" /></phr></stem><stem n="125.03"><phr n="125.03"><ent r="3" t="14" w="1808" /><ent r="3" t="14" w="1807" /></phr></stem><stem n="03"><phr n="03"><ent r="3" t="14" w="1808" /><ent r="3" t="21" w="1437" /><ent r="3" t="25" w="1230" /><ent r="3" t="31" w="3402" /><ent r="3" t="31" w="3675" /></phr></stem><stem n="1e12"><phr n="1e12"><ent r="3" t="14" w="1811" /></phr></stem><stem n="tera"><phr n="Tera"><ent r="3" t="14" w="1812" /></phr></stem><stem n=".23"><phr n=".23"><ent r="3" t="14" w="1814" /><ent r="3" t="14" w="1819" /></phr></stem><stem n="1.23"><phr n="1.23"><ent r="3" t="14" w="1814" /><ent r="3" t="14" w="1813" /><ent r="3" t="14" w="1819" /><ent r="3" t="14" w="1818" /></phr></stem><stem n="23"><phr n="23"><ent r="3" t="14" w="1814" /><ent r="3" t="14" w="1819" /><ent r="4" t="21" w="1561" /><ent r="3" t="25" w="1231" /><ent r="3" t="27" w="467" /><ent r="3" t="31" w="3598" /><ent r="3" t="32" w="163" /></phr></stem><stem n="10^12"><phr n="10^12"><ent r="3" t="14" w="1816" /></phr></stem><stem n="tbyte"><phr n="Tbytes"><ent r="3" t="14" w="1820" /></phr></stem><stem n="none"><phr n="none"><ent r="3" t="14" w="1821" /><ent r="4" t="33" w="1331" /><ent r="3" t="40" w="560" /><ent r="3" t="47" w="296" /><ent r="3" t="47" w="304" /><ent r="3" t="47" w="311" /><ent r="4" t="51" w="557" /><ent r="6" t="53" w="96" /></phr><phr n="None"><ent r="3" t="31" w="930" /><ent r="3" t="31" w="1112" /><ent r="3" t="31" w="1323" /><ent r="3" t="31" w="1878" /><ent r="3" t="31" w="2172" /><ent r="3" t="31" w="2272" /><ent r="3" t="31" w="2354" /><ent r="3" t="31" w="2425" /><ent r="3" t="31" w="2509" /><ent r="3" t="31" w="2590" /><ent r="3" t="31" w="3073" /><ent r="3" t="31" w="3114" /><ent r="3" t="31" w="3187" /><ent r="3" t="31" w="3358" /></phr></stem><stem n="noth"><phr n="nothing"><ent r="3" t="14" w="1823" /></phr><phr n="Nothing"><ent r="5" t="18" w="166" /></phr></stem><stem n=".00"><phr n=".00"><ent r="3" t="14" w="1827" /><ent r="3" t="14" w="1869" /></phr></stem><stem n="123.00"><phr n="123.00"><ent r="3" t="14" w="1827" /><ent r="3" t="14" w="1826" /></phr></stem><stem n="00"><phr n="00"><ent r="3" t="14" w="1827" /><ent r="3" t="14" w="1869" /><ent r="4" t="21" w="1560" /><ent r="4" t="21" w="1587" /><ent r="4" t="21" w="1598" /><ent r="4" t="21" w="1607" /><ent r="4" t="21" w="1633" /><ent r="4" t="21" w="1655" /><ent r="3" t="30" w="850" /><ent r="3" t="39" w="332" /></phr></stem><stem n="milli"><phr n="milli"><ent r="3" t="14" w="1831" /></phr></stem><stem n=".02835"><phr n=".02835"><ent r="3" t="14" w="1833" /></phr></stem><stem n="0.02835"><phr n="0.02835"><ent r="3" t="14" w="1833" /><ent r="3" t="14" w="1832" /></phr></stem><stem n="02835"><phr n="02835"><ent r="3" t="14" w="1833" /></phr></stem><stem n="28"><phr n="28"><ent r="3" t="14" w="1835" /><ent r="3" t="36" w="365" /><ent r="3" t="39" w="340" /></phr></stem><stem n=".35"><phr n=".35"><ent r="3" t="14" w="1836" /></phr></stem><stem n="28.35"><phr n="28.35"><ent r="3" t="14" w="1836" /><ent r="3" t="14" w="1835" /></phr></stem><stem n="35"><phr n="35"><ent r="3" t="14" w="1836" /><ent r="3" t="27" w="469" /><ent r="3" t="27" w="630" /><ent r="3" t="27" w="753" /><ent r="3" t="27" w="863" /><ent r="3" t="27" w="1045" /></phr></stem><stem n="-6"><phr n="-6"><ent r="3" t="14" w="1839" /><ent r="3" t="14" w="1839" /></phr></stem><stem n="1e"><phr n="1e"><ent r="3" t="14" w="1839" /><ent r="3" t="14" w="1849" /><ent r="3" t="14" w="1859" /></phr></stem><stem n="1e-6"><phr n="1e-6"><ent r="3" t="14" w="1839" /></phr></stem><stem n="micro"><phr n="micro"><ent r="3" t="14" w="1841" /></phr></stem><stem n=".00047658"><phr n=".00047658"><ent r="3" t="14" w="1843" /></phr></stem><stem n="0.00047658"><phr n="0.00047658"><ent r="3" t="14" w="1843" /><ent r="3" t="14" w="1842" /></phr></stem><stem n="00047658"><phr n="00047658"><ent r="3" t="14" w="1843" /></phr></stem><stem n="476"><phr n="476"><ent r="3" t="14" w="1845" /></phr></stem><stem n=".58"><phr n=".58"><ent r="3" t="14" w="1846" /></phr></stem><stem n="476.58"><phr n="476.58"><ent r="3" t="14" w="1846" /><ent r="3" t="14" w="1845" /></phr></stem><stem n="58"><phr n="58"><ent r="3" t="14" w="1846" /></phr></stem><stem n="usec"><phr n="usec"><ent r="3" t="14" w="1847" /></phr></stem><stem n="-9"><phr n="-9"><ent r="3" t="14" w="1849" /><ent r="3" t="14" w="1849" /></phr></stem><stem n="1e-9"><phr n="1e-9"><ent r="3" t="14" w="1849" /></phr></stem><stem n="nano"><phr n="nano"><ent r="3" t="14" w="1851" /></phr></stem><stem n=".0000000032"><phr n=".0000000032"><ent r="3" t="14" w="1853" /></phr></stem><stem n="0.0000000032"><phr n="0.0000000032"><ent r="3" t="14" w="1853" /><ent r="3" t="14" w="1852" /></phr></stem><stem n="0000000032"><phr n="0000000032"><ent r="3" t="14" w="1853" /></phr></stem><stem n=".20"><phr n=".20"><ent r="3" t="14" w="1856" /></phr></stem><stem n="3.20"><phr n="3.20"><ent r="3" t="14" w="1856" /><ent r="3" t="14" w="1855" /></phr></stem><stem n="nsec"><phr n="nsec"><ent r="3" t="14" w="1857" /></phr></stem><stem n="-12"><phr n="-12"><ent r="3" t="14" w="1859" /><ent r="3" t="14" w="1859" /></phr></stem><stem n="1e-12"><phr n="1e-12"><ent r="3" t="14" w="1859" /></phr></stem><stem n="pico"><phr n="pico"><ent r="3" t="14" w="1861" /></phr></stem><stem n="-10"><phr n="-10"><ent r="3" t="14" w="1865" /><ent r="3" t="14" w="1865" /></phr></stem><stem n="10^"><phr n="10^"><ent r="3" t="14" w="1865" /></phr></stem><stem n="10^-10"><phr n="10^-10"><ent r="3" t="14" w="1865" /></phr></stem><stem n="100"><phr n="100"><ent r="3" t="14" w="1868" /><ent r="3" t="14" w="2052" /><ent r="3" t="16" w="1549" /><ent r="3" t="16" w="1561" /><ent r="3" t="16" w="1573" /><ent r="4" t="21" w="635" /><ent r="7" t="33" w="1167" /></phr></stem><stem n="100.00"><phr n="100.00"><ent r="3" t="14" w="1869" /><ent r="3" t="14" w="1868" /></phr></stem><stem n="psec"><phr n="psec"><ent r="3" t="14" w="1870" /></phr></stem><stem n="anyth"><phr n="anything"><ent r="4" t="14" w="1900" /><ent r="3" t="14" w="1934" /><ent r="5" t="37" w="796" /><ent r="5" t="55" w="889" /><ent r="5" t="55" w="1039" /></phr></stem><stem n="els"><phr n="else"><ent r="4" t="14" w="1901" /><ent r="3" t="30" w="366" /><ent r="3" t="30" w="388" /><ent r="3" t="30" w="873" /><ent r="3" t="30" w="894" /><ent r="3" t="30" w="910" /><ent r="3" t="30" w="1159" /><ent r="3" t="30" w="1224" /><ent r="3" t="30" w="1900" /><ent r="3" t="30" w="1904" /><ent r="3" t="31" w="3405" /><ent r="3" t="31" w="3426" /><ent r="3" t="31" w="3445" /><ent r="3" t="31" w="3462" /><ent r="3" t="31" w="3519" /><ent r="3" t="31" w="3562" /><ent r="3" t="31" w="3678" /><ent r="3" t="31" w="3792" /><ent r="3" t="31" w="3908" /><ent r="3" t="31" w="3931" /><ent r="3" t="31" w="3972" /><ent r="3" t="32" w="474" /><ent r="3" t="32" w="484" /><ent r="3" t="32" w="494" /><ent r="3" t="32" w="512" /><ent r="3" t="32" w="530" /><ent r="3" t="32" w="548" /><ent r="7" t="53" w="558" /></phr><phr n="ELSE"><ent r="100" t="30" w="362" /><ent r="3" t="30" w="1787" /></phr></stem><stem n="-displai"><phr n="-display"><ent r="3" t="14" w="1925" /><ent r="3" t="14" w="1925" /><ent r="3" t="35" w="148" /><ent r="3" t="35" w="148" /></phr></stem><stem n="command-displai"><phr n="command-display"><ent r="3" t="14" w="1925" /><ent r="3" t="35" w="148" /></phr></stem><stem n="programmat"><phr n="programmatically"><ent r="3" t="14" w="1960" /></phr></stem><stem n="lower"><phr n="lower"><ent r="3" t="14" w="1970" /><ent r="4" t="21" w="1058" /><ent r="3" t="23" w="422" /></phr></stem><stem n="doe"><phr n="does"><ent r="3" t="14" w="1987" /><ent r="4" t="15" w="805" /><ent r="4" t="15" w="860" /><ent r="3" t="18" w="480" /><ent r="4" t="22" w="113" /><ent r="4" t="22" w="274" /><ent r="3" t="24" w="914" /><ent r="3" t="25" w="1466" /><ent r="3" t="27" w="177" /><ent r="3" t="27" w="184" /><ent r="3" t="30" w="409" /><ent r="3" t="30" w="823" /><ent r="4" t="31" w="1469" /><ent r="3" t="31" w="1938" /><ent r="3" t="31" w="1992" /><ent r="3" t="31" w="2819" /><ent r="4" t="31" w="2892" /><ent r="3" t="31" w="4109" /><ent r="4" t="33" w="923" /><ent r="3" t="40" w="334" /><ent r="4" t="42" w="439" /><ent r="3" t="47" w="115" /><ent r="4" t="47" w="342" /><ent r="3" t="47" w="597" /><ent r="3" t="51" w="487" /><ent r="3" t="54" w="138" /></phr></stem><stem n="compens"><phr n="compensate"><ent r="3" t="14" w="1992" /></phr></stem><stem n="meaning"><phr n="meaningful"><ent r="3" t="14" w="2000" /></phr></stem><stem n="-format"><phr n="-formatted"><ent r="3" t="14" w="2009" /><ent r="3" t="14" w="2009" /><ent r="3" t="35" w="134" /><ent r="3" t="35" w="134" /></phr><phr n="-format"><ent r="4" t="40" w="204" /><ent r="4" t="40" w="204" /></phr></stem><stem n="specially-format"><phr n="specially-formatted"><ent r="3" t="14" w="2009" /><ent r="3" t="35" w="134" /></phr></stem><stem n="mention"><phr n="mentioned"><ent r="3" t="14" w="2013" /><ent r="3" t="23" w="408" /><ent r="3" t="38" w="466" /></phr></stem><stem n="wmi"><phr n="WMI"><ent r="3" t="14" w="2042" /><ent r="3" t="14" w="2064" /><ent r="3" t="33" w="369" /><ent r="3" t="34" w="340" /></phr></stem><stem n="processtime0"><phr n="ProcessTime0"><ent r="3" t="14" w="2051" /></phr></stem><stem n="100.0"><phr n="100.0"><ent r="3" t="14" w="2053" /><ent r="3" t="14" w="2052" /></phr></stem><stem n="100.0,cpu"><phr n="100.0,CPU"><ent r="3" t="14" w="2054" /><ent r="3" t="14" w="2052" /></phr></stem><stem n="1.0,reason"><phr n="1.0,reason"><ent r="3" t="14" w="2057" /><ent r="3" t="14" w="2055" /></phr></stem><stem n="\{processtime0:=100.0,cpu:=1.0,reason:=&quot;cpu"><phr n="\{ProcessTime0:=100.0,CPU:=1.0,reason:=&quot;CPU"><ent r="3" t="14" w="2058" /></phr></stem><stem n="60"><phr n="60"><ent r="3" t="14" w="2062" /><ent r="100" t="31" w="3241" /><ent r="3" t="31" w="3250" /><ent r="3" t="32" w="452" /></phr></stem><stem n="%&quot;}"><phr n="%&quot;}"><ent r="3" t="14" w="2063" /></phr></stem><stem n="\b5\wmi"><phr n="\B5\WMI"><ent r="3" t="14" w="2064" /></phr></stem><stem n="b4"><phr n="B4"><ent r="3" t="14" w="2068" /><ent r="3" t="14" w="2073" /></phr></stem><stem n="\b4\cpu"><phr n="\B4\CPU"><ent r="3" t="14" w="2069" /></phr></stem><stem n=":\p0\"><phr n=":\P0\"><ent r="3" t="14" w="2072" /></phr></stem><stem n="$cpu"><phr n="$CPU"><ent r="3" t="14" w="2072" /></phr></stem><stem n="%"><phr n="%"><ent r="3" t="14" w="2073" /><ent r="3" t="14" w="2078" /><ent r="4" t="21" w="377" /><ent r="4" t="21" w="1133" /><ent r="3" t="21" w="1147" /><ent r="4" t="21" w="1670" /><ent r="3" t="36" w="258" /><ent r="3" t="36" w="294" /><ent r="3" t="37" w="635" /><ent r="3" t="46" w="224" /><ent r="3" t="46" w="240" /></phr></stem><stem n="wmiprvs"><phr n="wmiprvse"><ent r="3" t="14" w="2074" /></phr></stem><stem n="3924"><phr n="3924"><ent r="3" t="14" w="2075" /></phr></stem><stem n="\b4\wmiprvse(3924)\p0\"><phr n="\B4\wmiprvse(3924)\P0\"><ent r="3" t="14" w="2077" /></phr></stem><stem n="$processtime0"><phr n="$ProcessTime0"><ent r="3" t="14" w="2077" /></phr></stem><stem n="-device-vari"><phr n="-device-variables"><ent r="100" t="15" w="10" /><ent r="100" t="15" w="11" /><ent r="100" t="15" w="327" /><ent r="100" t="15" w="328" /><ent r="100" t="16" w="37" /><ent r="100" t="16" w="38" /></phr></stem><stem n="&lt;snmp-device-vari"><phr n="&lt;snmp-device-variables"><ent r="100" t="15" w="10" /><ent r="3" t="23" w="568" /><ent r="3" t="23" w="665" /><ent r="3" t="23" w="680" /><ent r="3" t="23" w="988" /><ent r="3" t="23" w="1265" /><ent r="4" t="23" w="1651" /></phr></stem><stem n="device-vari"><phr n="device-variables"><ent r="100" t="15" w="11" /><ent r="100" t="15" w="328" /><ent r="100" t="16" w="38" /><ent r="3" t="23" w="569" /><ent r="3" t="23" w="648" /><ent r="3" t="23" w="666" /><ent r="3" t="23" w="672" /><ent r="3" t="23" w="681" /><ent r="3" t="23" w="989" /><ent r="3" t="23" w="1093" /><ent r="3" t="23" w="1266" /><ent r="3" t="23" w="1314" /><ent r="4" t="23" w="1652" /></phr></stem><stem n="-device-threshold"><phr n="-device-threshold"><ent r="100" t="15" w="15" /><ent r="100" t="15" w="16" /><ent r="100" t="15" w="349" /><ent r="100" t="15" w="350" /></phr><phr n="-device-thresholds"><ent r="100" t="15" w="353" /><ent r="100" t="15" w="354" /></phr></stem><stem n="&lt;snmp-device-threshold"><phr n="&lt;snmp-device-threshold"><ent r="100" t="15" w="15" /></phr></stem><stem n="device-threshold"><phr n="device-threshold"><ent r="100" t="15" w="16" /><ent r="100" t="15" w="350" /></phr><phr n="device-thresholds"><ent r="100" t="15" w="354" /></phr></stem><stem n="variable-nam"><phr n="Variable-name"><ent r="100" t="15" w="22" /><ent r="4" t="15" w="528" /><ent r="3" t="15" w="563" /><ent r="100" t="16" w="8" /><ent r="3" t="16" w="973" /></phr></stem><stem n=":cpu"><phr n=":CPU"><ent r="100" t="15" w="37" /></phr></stem><stem n="aren"><phr n="aren"><ent r="3" t="15" w="56" /></phr></stem><stem n="aren't"><phr n="aren't"><ent r="3" t="15" w="57" /><ent r="3" t="15" w="56" /></phr></stem><stem n="insid"><phr n="inside"><ent r="3" t="15" w="77" /><ent r="4" t="30" w="751" /><ent r="3" t="47" w="172" /></phr></stem><stem n="switch"><phr n="switch"><ent r="3" t="15" w="80" /><ent r="4" t="23" w="208" /><ent r="3" t="41" w="107" /><ent r="3" t="41" w="176" /><ent r="3" t="41" w="192" /><ent r="4" t="47" w="348" /></phr><phr n="Switch"><ent r="3" t="41" w="626" /><ent r="3" t="41" w="690" /></phr></stem><stem n="closur"><phr n="closures"><ent r="3" t="15" w="81" /></phr></stem><stem n=":string"><phr n=":String"><ent r="100" t="15" w="87" /><ent r="100" t="21" w="222" /><ent r="100" t="30" w="106" /></phr></stem><stem n="here'"><phr n="Here's"><ent r="3" t="15" w="110" /><ent r="3" t="15" w="109" /><ent r="3" t="23" w="330" /><ent r="3" t="23" w="329" /><ent r="3" t="23" w="1348" /><ent r="3" t="23" w="1347" /><ent r="3" t="24" w="667" /><ent r="3" t="24" w="666" /><ent r="3" t="25" w="953" /><ent r="3" t="25" w="952" /></phr></stem><stem n="flow"><phr n="flow"><ent r="3" t="15" w="116" /><ent r="3" t="30" w="197" /><ent r="92" t="31" w="450" /></phr><phr n="Flow"><ent r="100" t="30" w="85" /><ent r="65" t="30" w="89" /><ent r="92" t="30" w="187" /></phr></stem><stem n="(call"><phr n="(called"><ent r="4" t="15" w="130" /><ent r="3" t="50" w="96" /></phr></stem><stem n="(usual"><phr n="(usually"><ent r="4" t="15" w="150" /><ent r="5" t="30" w="1442" /></phr></stem><stem n="seri"><phr n="series"><ent r="4" t="15" w="175" /><ent r="4" t="37" w="560" /></phr></stem><stem n="trigger"><phr n="triggered"><ent r="4" t="15" w="193" /><ent r="4" t="17" w="63" /><ent r="3" t="17" w="206" /><ent r="3" t="17" w="244" /><ent r="3" t="17" w="250" /></phr><phr n="triggers"><ent r="3" t="19" w="291" /><ent r="3" t="19" w="295" /><ent r="3" t="20" w="233" /></phr></stem><stem n="(generally,"><phr n="(generally,"><ent r="4" t="15" w="195" /></phr></stem><stem n="wors"><phr n="worse"><ent r="4" t="15" w="220" /><ent r="3" t="18" w="333" /></phr></stem><stem n="&quot;worse&quot;"><phr n="&quot;worse&quot;"><ent r="4" t="15" w="221" /><ent r="3" t="18" w="334" /></phr></stem><stem n="&lt;parameter&gt;"><phr n="&lt;parameter&gt;"><ent r="65" t="15" w="271" /><ent r="5" t="30" w="1258" /></phr></stem><stem n="few"><phr n="few"><ent r="3" t="15" w="304" /></phr></stem><stem n="snmp-device-vari"><phr n="Snmp-device-variables"><ent r="100" t="15" w="327" /><ent r="100" t="16" w="37" /></phr><phr n="snmp-device-variables"><ent r="3" t="23" w="647" /><ent r="3" t="23" w="671" /><ent r="3" t="23" w="1092" /><ent r="3" t="23" w="1313" /></phr></stem><stem n="snmp-device-threshold"><phr n="Snmp-device-threshold"><ent r="100" t="15" w="349" /></phr><phr n="Snmp-device-thresholds"><ent r="100" t="15" w="353" /></phr></stem><stem n="-device-thresholds&gt;"><phr n="-device-thresholds&gt;"><ent r="67" t="15" w="357" /><ent r="67" t="15" w="358" /><ent r="4" t="17" w="8" /><ent r="4" t="17" w="9" /><ent r="3" t="17" w="129" /><ent r="3" t="17" w="130" /><ent r="3" t="25" w="1361" /><ent r="3" t="25" w="1362" /></phr></stem><stem n="&lt;snmp-device-thresholds&gt;"><phr n="&lt;snmp-device-thresholds&gt;"><ent r="67" t="15" w="357" /><ent r="4" t="17" w="8" /><ent r="3" t="17" w="129" /><ent r="3" t="25" w="1361" /></phr></stem><stem n="device-thresholds&gt;"><phr n="device-thresholds&gt;"><ent r="67" t="15" w="358" /><ent r="4" t="17" w="9" /><ent r="3" t="17" w="130" /><ent r="3" t="25" w="1362" /><ent r="3" t="25" w="1386" /></phr></stem><stem n="thresholds&gt;"><phr n="thresholds&gt;"><ent r="67" t="15" w="359" /><ent r="4" t="17" w="10" /><ent r="3" t="17" w="131" /><ent r="3" t="25" w="1363" /><ent r="3" t="25" w="1387" /></phr></stem><stem n="-device-properti"><phr n="-device-properties"><ent r="100" t="15" w="411" /><ent r="100" t="15" w="412" /><ent r="100" t="22" w="14" /><ent r="100" t="22" w="15" /></phr></stem><stem n="snmp-device-properti"><phr n="Snmp-device-properties"><ent r="100" t="15" w="411" /><ent r="100" t="22" w="14" /></phr></stem><stem n="device-properti"><phr n="device-properties"><ent r="100" t="15" w="412" /><ent r="100" t="22" w="15" /></phr></stem><stem n="properti"><phr n="properties"><ent r="100" t="15" w="413" /><ent r="100" t="22" w="16" /><ent r="3" t="22" w="91" /></phr><phr n="Properties"><ent r="67" t="16" w="454" /><ent r="1000" t="22" w="2" /><ent r="100" t="22" w="5" /><ent r="102" t="22" w="8" /></phr><phr n="property"><ent r="4" t="22" w="244" /><ent r="4" t="22" w="273" /><ent r="4" t="22" w="311" /></phr></stem><stem n="-device-properties&gt;"><phr n="-device-properties&gt;"><ent r="67" t="15" w="415" /><ent r="67" t="15" w="416" /><ent r="93" t="15" w="745" /><ent r="93" t="15" w="746" /><ent r="4" t="15" w="753" /><ent r="4" t="15" w="754" /><ent r="3" t="15" w="913" /><ent r="3" t="15" w="914" /><ent r="4" t="22" w="18" /><ent r="4" t="22" w="19" /><ent r="3" t="22" w="56" /><ent r="3" t="22" w="57" /></phr></stem><stem n="&lt;snmp-device-properties&gt;"><phr n="&lt;snmp-device-properties&gt;"><ent r="67" t="15" w="415" /><ent r="93" t="15" w="745" /><ent r="4" t="15" w="753" /><ent r="3" t="15" w="913" /><ent r="4" t="22" w="18" /><ent r="3" t="22" w="56" /></phr></stem><stem n="device-properties&gt;"><phr n="device-properties&gt;"><ent r="67" t="15" w="416" /><ent r="93" t="15" w="746" /><ent r="4" t="15" w="754" /><ent r="3" t="15" w="779" /><ent r="3" t="15" w="914" /><ent r="3" t="15" w="931" /><ent r="4" t="22" w="19" /><ent r="3" t="22" w="44" /><ent r="3" t="22" w="57" /><ent r="3" t="22" w="87" /></phr></stem><stem n="properties&gt;"><phr n="properties&gt;"><ent r="67" t="15" w="417" /><ent r="93" t="15" w="747" /><ent r="4" t="15" w="755" /><ent r="3" t="15" w="780" /><ent r="3" t="15" w="915" /><ent r="3" t="15" w="932" /><ent r="4" t="22" w="20" /><ent r="3" t="22" w="45" /><ent r="3" t="22" w="58" /><ent r="3" t="22" w="88" /></phr></stem><stem n="attribut"><phr n="attributes"><ent r="3" t="15" w="526" /><ent r="3" t="16" w="128" /><ent r="3" t="16" w="141" /></phr><phr n="attribute"><ent r="6" t="55" w="2077" /></phr></stem></index>