﻿<?xml version="1.0" encoding="utf-8"?><index><stem n="/vnd.wap.wbxml"><phr n="/vnd.wap.wbxml"><ent r="3" t="57" w="121" /></phr></stem><stem n="application/vnd.wap.wbxml"><phr n="application/vnd.wap.wbxml"><ent r="3" t="57" w="121" /><ent r="3" t="57" w="118" /></phr></stem><stem n="wmlc"><phr n="wmlc"><ent r="3" t="57" w="122" /><ent r="3" t="57" w="126" /></phr></stem><stem n="/vnd.wap.wmlc"><phr n="/vnd.wap.wmlc"><ent r="3" t="57" w="126" /></phr></stem><stem n="application/vnd.wap.wmlc"><phr n="application/vnd.wap.wmlc"><ent r="3" t="57" w="126" /><ent r="3" t="57" w="123" /></phr></stem><stem n="wmlsc"><phr n="wmlsc"><ent r="3" t="57" w="127" /></phr></stem><stem n="/vnd.wap.wmlscriptc"><phr n="/vnd.wap.wmlscriptc"><ent r="3" t="57" w="131" /></phr></stem><stem n="application/vnd.wap.wmlscriptc"><phr n="application/vnd.wap.wmlscriptc"><ent r="3" t="57" w="131" /><ent r="3" t="57" w="128" /></phr></stem><stem n="wmlscriptc"><phr n="wmlscriptc"><ent r="3" t="57" w="131" /></phr></stem><stem n=".html?height"><phr n=".html?height"><ent r="100" t="58" w="67" /></phr></stem><stem n="://.../!chart.html?height=xxx&amp;width=yyi"><phr n="://.../!chart.html?height=xxx&amp;width=yyy"><ent r="5" t="58" w="75" /></phr></stem><stem n=".html?time"><phr n=".html?time"><ent r="100" t="58" w="86" /></phr></stem><stem n="://.../!chart.html?time=xxxxx"><phr n="://.../!chart.html?time=XXXXX"><ent r="5" t="58" w="92" /></phr></stem><stem n="xxxxx"><phr n="XXXXX"><ent r="5" t="58" w="92" /></phr></stem><stem n=":test"><phr n=":testing"><ent r="100" t="59" w="16" /></phr></stem><stem n="signific"><phr n="significant"><ent r="3" t="59" w="33" /></phr></stem><stem n="autom"><phr n="automating"><ent r="3" t="59" w="42" /></phr></stem><stem n="guide'"><phr n="Guide's"><ent r="3" t="59" w="85" /><ent r="3" t="59" w="84" /></phr></stem><stem n="onlin"><phr n="online"><ent r="3" t="60" w="25" /></phr></stem><stem n="download.dartware.com/doc"><phr n="download.dartware.com/docs"><ent r="64" t="60" w="33" /><ent r="64" t="60" w="30" /></phr></stem><stem n="download.dartware.com/docs/devguid"><phr n="download.dartware.com/docs/DevGuide"><ent r="64" t="60" w="34" /><ent r="64" t="60" w="30" /></phr></stem><stem n="devguid"><phr n="DevGuide"><ent r="64" t="60" w="34" /></phr></stem><stem n="download.dartware.com/docs/devguide/"><phr n="download.dartware.com/docs/DevGuide/"><ent r="64" t="60" w="34" /><ent r="64" t="60" w="30" /></phr></stem><stem n="://download.dartware.com/docs/devguide/"><phr n="://download.dartware.com/docs/DevGuide/"><ent r="64" t="60" w="35" /></phr></stem><stem n="5.1"><phr n="5.1"><ent r="4" t="60" w="46" /><ent r="4" t="60" w="45" /></phr></stem></index>