﻿<?xml version="1.0" encoding="utf-8"?><index><stem n="examin"><phr n="examines"><ent r="4" t="3" w="226" /><ent r="3" t="25" w="73" /><ent r="3" t="29" w="33" /><ent r="3" t="30" w="216" /><ent r="3" t="45" w="344" /></phr><phr n="examine"><ent r="3" t="30" w="54" /><ent r="4" t="33" w="1258" /><ent r="4" t="33" w="1315" /></phr></stem><stem n="(s)"><phr n="(s)"><ent r="4" t="3" w="230" /><ent r="3" t="25" w="62" /></phr></stem><stem n="accordingli"><phr n="accordingly"><ent r="4" t="3" w="239" /><ent r="3" t="3" w="439" /><ent r="4" t="19" w="678" /></phr></stem><stem n="compar"><phr n="comparing"><ent r="3" t="3" w="272" /><ent r="4" t="15" w="182" /><ent r="3" t="17" w="68" /></phr><phr n="compared"><ent r="3" t="15" w="483" /><ent r="3" t="16" w="84" /><ent r="3" t="21" w="63" /></phr><phr n="compare"><ent r="4" t="17" w="323" /></phr><phr n="compares"><ent r="3" t="31" w="184" /><ent r="3" t="31" w="2301" /><ent r="3" t="31" w="2537" /></phr><phr n="Compares"><ent r="4" t="31" w="606" /><ent r="4" t="31" w="645" /></phr></stem><stem n="-specifi"><phr n="-specified"><ent r="3" t="3" w="276" /><ent r="3" t="3" w="276" /></phr></stem><stem n="user-specifi"><phr n="user-specified"><ent r="3" t="3" w="276" /></phr></stem><stem n="specifi"><phr n="specified"><ent r="3" t="3" w="277" /><ent r="3" t="3" w="380" /><ent r="6" t="5" w="880" /><ent r="3" t="11" w="111" /><ent r="3" t="14" w="83" /><ent r="5" t="14" w="539" /><ent r="5" t="14" w="1066" /><ent r="4" t="15" w="135" /><ent r="4" t="15" w="213" /><ent r="3" t="20" w="109" /><ent r="4" t="21" w="677" /><ent r="4" t="21" w="777" /><ent r="4" t="21" w="788" /><ent r="3" t="21" w="859" /><ent r="3" t="21" w="1750" /><ent r="3" t="21" w="1795" /><ent r="4" t="23" w="258" /><ent r="4" t="25" w="596" /><ent r="3" t="29" w="16" /><ent r="3" t="29" w="57" /><ent r="3" t="29" w="118" /><ent r="5" t="30" w="1491" /><ent r="4" t="31" w="250" /><ent r="4" t="31" w="269" /><ent r="4" t="31" w="289" /><ent r="4" t="31" w="308" /><ent r="4" t="31" w="354" /><ent r="4" t="31" w="439" /><ent r="4" t="31" w="493" /><ent r="4" t="31" w="506" /><ent r="4" t="31" w="540" /><ent r="3" t="31" w="900" /><ent r="3" t="31" w="1131" /><ent r="3" t="31" w="1192" /><ent r="5" t="31" w="1375" /><ent r="3" t="31" w="1406" /><ent r="4" t="31" w="1443" /><ent r="4" t="31" w="1474" /><ent r="4" t="31" w="1491" /><ent r="3" t="31" w="1545" /><ent r="3" t="31" w="1555" /><ent r="3" t="31" w="1575" /><ent r="3" t="31" w="1654" /><ent r="3" t="31" w="1902" /><ent r="3" t="31" w="1943" /><ent r="3" t="31" w="1960" /><ent r="3" t="31" w="2022" /><ent r="3" t="31" w="2043" /><ent r="3" t="31" w="2703" /><ent r="3" t="31" w="2803" /><ent r="3" t="31" w="3275" /><ent r="3" t="31" w="3287" /><ent r="3" t="31" w="3874" /><ent r="3" t="32" w="299" /><ent r="3" t="32" w="414" /><ent r="6" t="33" w="1046" /><ent r="4" t="33" w="1398" /><ent r="3" t="34" w="172" /><ent r="3" t="37" w="122" /><ent r="4" t="37" w="365" /><ent r="3" t="40" w="301" /><ent r="3" t="40" w="315" /><ent r="3" t="40" w="338" /><ent r="3" t="40" w="349" /><ent r="3" t="40" w="355" /><ent r="3" t="40" w="368" /><ent r="4" t="40" w="1145" /><ent r="3" t="41" w="324" /><ent r="3" t="41" w="335" /><ent r="3" t="41" w="342" /><ent r="3" t="41" w="350" /><ent r="3" t="41" w="360" /><ent r="3" t="41" w="444" /><ent r="3" t="47" w="299" /><ent r="3" t="47" w="309" /><ent r="3" t="47" w="316" /><ent r="3" t="50" w="116" /><ent r="4" t="51" w="559" /><ent r="4" t="51" w="576" /><ent r="4" t="51" w="590" /><ent r="4" t="51" w="604" /><ent r="4" t="51" w="618" /><ent r="4" t="51" w="629" /><ent r="5" t="55" w="638" /><ent r="5" t="55" w="1635" /><ent r="5" t="55" w="1917" /><ent r="3" t="56" w="348" /></phr><phr n="specifies"><ent r="3" t="4" w="143" /><ent r="3" t="15" w="758" /><ent r="3" t="21" w="1161" /><ent r="3" t="21" w="1172" /><ent r="3" t="21" w="1278" /><ent r="3" t="21" w="2224" /><ent r="3" t="22" w="23" /><ent r="4" t="22" w="221" /><ent r="4" t="22" w="288" /><ent r="4" t="22" w="305" /><ent r="4" t="23" w="268" /><ent r="3" t="24" w="609" /><ent r="3" t="24" w="617" /><ent r="4" t="31" w="517" /><ent r="3" t="31" w="2477" /><ent r="3" t="31" w="3642" /><ent r="3" t="31" w="3659" /></phr><phr n="specify"><ent r="3" t="4" w="245" /><ent r="3" t="4" w="377" /><ent r="6" t="5" w="514" /><ent r="3" t="8" w="279" /><ent r="3" t="12" w="33" /><ent r="3" t="12" w="131" /><ent r="3" t="15" w="461" /><ent r="3" t="15" w="667" /><ent r="3" t="16" w="1080" /><ent r="3" t="17" w="19" /><ent r="3" t="21" w="1351" /><ent r="3" t="23" w="1463" /><ent r="3" t="23" w="1548" /><ent r="4" t="23" w="1618" /><ent r="4" t="24" w="240" /><ent r="4" t="24" w="254" /><ent r="4" t="24" w="267" /><ent r="3" t="24" w="577" /><ent r="3" t="24" w="588" /><ent r="3" t="24" w="599" /><ent r="3" t="24" w="671" /><ent r="3" t="24" w="690" /><ent r="3" t="24" w="740" /><ent r="3" t="24" w="838" /><ent r="3" t="24" w="1054" /><ent r="3" t="30" w="574" /><ent r="3" t="30" w="982" /><ent r="4" t="30" w="1062" /><ent r="3" t="30" w="1186" /><ent r="100" t="31" w="943" /><ent r="3" t="31" w="947" /><ent r="3" t="31" w="1696" /><ent r="3" t="31" w="2719" /><ent r="3" t="31" w="2879" /><ent r="3" t="31" w="2901" /><ent r="3" t="31" w="3201" /><ent r="3" t="31" w="3364" /><ent r="4" t="33" w="936" /><ent r="6" t="33" w="971" /><ent r="6" t="33" w="1066" /><ent r="6" t="33" w="1086" /><ent r="6" t="33" w="1101" /><ent r="6" t="33" w="1119" /><ent r="4" t="33" w="1226" /><ent r="3" t="37" w="87" /><ent r="3" t="41" w="68" /><ent r="3" t="45" w="338" /><ent r="6" t="53" w="75" /><ent r="3" t="56" w="390" /></phr><phr n="Specify"><ent r="6" t="5" w="501" /><ent r="3" t="30" w="1196" /><ent r="3" t="31" w="1588" /></phr><phr n="specifying"><ent r="3" t="8" w="39" /><ent r="3" t="30" w="580" /><ent r="6" t="33" w="1133" /><ent r="4" t="51" w="108" /></phr><phr n="Specifies"><ent r="4" t="15" w="337" /><ent r="4" t="15" w="363" /><ent r="4" t="15" w="392" /><ent r="4" t="15" w="421" /><ent r="100" t="31" w="334" /><ent r="4" t="31" w="336" /><ent r="4" t="31" w="397" /><ent r="4" t="31" w="665" /><ent r="4" t="31" w="694" /><ent r="4" t="31" w="849" /><ent r="100" t="31" w="1726" /></phr><phr n="specifier"><ent r="4" t="16" w="1453" /><ent r="4" t="21" w="722" /><ent r="4" t="21" w="725" /><ent r="4" t="21" w="749" /><ent r="3" t="21" w="1005" /><ent r="3" t="21" w="1010" /><ent r="3" t="21" w="1468" /><ent r="3" t="21" w="1471" /><ent r="4" t="21" w="2331" /><ent r="6" t="21" w="2367" /></phr><phr n="Specifying"><ent r="1000" t="24" w="1" /><ent r="102" t="24" w="8" /></phr></stem><stem n="threshold"><phr n="thresholds"><ent r="3" t="3" w="278" /><ent r="3" t="4" w="380" /><ent r="3" t="8" w="41" /><ent r="3" t="8" w="118" /><ent r="4" t="15" w="187" /><ent r="100" t="15" w="355" /><ent r="4" t="15" w="372" /><ent r="3" t="15" w="485" /><ent r="3" t="16" w="32" /><ent r="3" t="16" w="86" /><ent r="3" t="18" w="83" /><ent r="4" t="19" w="120" /><ent r="3" t="21" w="65" /><ent r="3" t="27" w="1133" /></phr><phr n="Threshold"><ent r="5" t="13" w="593" /><ent r="5" t="13" w="630" /><ent r="5" t="13" w="641" /></phr><phr n="threshold"><ent r="100" t="15" w="17" /><ent r="4" t="15" w="205" /><ent r="100" t="15" w="351" /><ent r="3" t="17" w="37" /><ent r="3" t="17" w="97" /></phr><phr n="Thresholds"><ent r="100" t="15" w="169" /><ent r="1000" t="17" w="1" /><ent r="102" t="17" w="3" /></phr></stem><stem n="trap"><phr n="Trap"><ent r="64" t="3" w="281" /><ent r="6" t="5" w="193" /><ent r="5" t="14" w="615" /><ent r="5" t="14" w="629" /><ent r="5" t="14" w="639" /><ent r="5" t="14" w="650" /><ent r="5" t="14" w="659" /><ent r="5" t="14" w="669" /><ent r="5" t="14" w="679" /><ent r="5" t="14" w="687" /><ent r="5" t="14" w="697" /><ent r="5" t="14" w="711" /><ent r="5" t="14" w="743" /><ent r="5" t="14" w="754" /><ent r="5" t="14" w="765" /><ent r="6" t="16" w="786" /><ent r="67" t="16" w="795" /><ent r="3" t="19" w="1545" /><ent r="3" t="24" w="52" /><ent r="92" t="24" w="745" /><ent r="3" t="24" w="750" /><ent r="3" t="24" w="857" /><ent r="3" t="24" w="861" /><ent r="3" t="24" w="937" /><ent r="102" t="25" w="12" /><ent r="64" t="25" w="203" /><ent r="92" t="25" w="337" /><ent r="4" t="25" w="347" /><ent r="3" t="25" w="375" /><ent r="5" t="25" w="389" /><ent r="5" t="25" w="407" /><ent r="4" t="25" w="420" /><ent r="5" t="25" w="438" /><ent r="3" t="25" w="474" /><ent r="82" t="25" w="496" /><ent r="82" t="25" w="816" /><ent r="3" t="25" w="826" /><ent r="3" t="25" w="926" /><ent r="3" t="25" w="970" /><ent r="3" t="25" w="975" /><ent r="3" t="25" w="996" /><ent r="82" t="25" w="1147" /><ent r="82" t="25" w="1438" /><ent r="1000" t="26" w="1" /><ent r="102" t="26" w="6" /><ent r="4" t="26" w="45" /><ent r="4" t="26" w="61" /><ent r="4" t="26" w="94" /><ent r="5" t="26" w="208" /><ent r="1000" t="27" w="1" /><ent r="102" t="27" w="6" /><ent r="3" t="27" w="21" /><ent r="3" t="27" w="96" /><ent r="3" t="27" w="108" /><ent r="3" t="27" w="132" /><ent r="3" t="27" w="147" /><ent r="3" t="27" w="153" /><ent r="3" t="27" w="231" /><ent r="3" t="27" w="1278" /><ent r="3" t="27" w="1283" /><ent r="3" t="27" w="1300" /><ent r="3" t="27" w="1518" /><ent r="3" t="27" w="1624" /><ent r="3" t="28" w="231" /></phr><phr n="traps"><ent r="3" t="3" w="290" /><ent r="3" t="19" w="1150" /><ent r="3" t="25" w="79" /><ent r="3" t="25" w="317" /><ent r="4" t="25" w="695" /><ent r="3" t="25" w="1186" /><ent r="3" t="25" w="1464" /><ent r="3" t="27" w="17" /><ent r="3" t="27" w="298" /><ent r="3" t="27" w="322" /><ent r="3" t="28" w="127" /></phr><phr n="trap"><ent r="3" t="3" w="304" /><ent r="3" t="3" w="327" /><ent r="7" t="5" w="136" /><ent r="7" t="5" w="200" /><ent r="5" t="14" w="618" /><ent r="5" t="14" w="622" /><ent r="5" t="14" w="632" /><ent r="5" t="14" w="641" /><ent r="5" t="14" w="671" /><ent r="5" t="14" w="681" /><ent r="5" t="14" w="689" /><ent r="5" t="14" w="699" /><ent r="6" t="16" w="781" /><ent r="4" t="19" w="672" /><ent r="3" t="19" w="862" /><ent r="3" t="19" w="900" /><ent r="3" t="19" w="1203" /><ent r="3" t="19" w="1329" /><ent r="3" t="19" w="1346" /><ent r="3" t="19" w="1363" /><ent r="3" t="24" w="771" /><ent r="3" t="24" w="802" /><ent r="3" t="24" w="822" /><ent r="3" t="24" w="834" /><ent r="3" t="24" w="842" /><ent r="3" t="24" w="890" /><ent r="3" t="24" w="924" /><ent r="4" t="25" w="17" /><ent r="3" t="25" w="35" /><ent r="3" t="25" w="54" /><ent r="3" t="25" w="71" /><ent r="3" t="25" w="91" /><ent r="3" t="25" w="136" /><ent r="3" t="25" w="148" /><ent r="3" t="25" w="153" /><ent r="3" t="25" w="181" /><ent r="3" t="25" w="189" /><ent r="3" t="25" w="212" /><ent r="3" t="25" w="222" /><ent r="3" t="25" w="231" /><ent r="3" t="25" w="250" /><ent r="3" t="25" w="283" /><ent r="3" t="25" w="305" /><ent r="3" t="25" w="369" /><ent r="4" t="25" w="402" /><ent r="4" t="25" w="427" /><ent r="4" t="25" w="458" /><ent r="4" t="25" w="471" /><ent r="3" t="25" w="519" /><ent r="4" t="25" w="531" /><ent r="4" t="25" w="575" /><ent r="4" t="25" w="609" /><ent r="4" t="25" w="637" /><ent r="4" t="25" w="651" /><ent r="4" t="25" w="667" /><ent r="4" t="25" w="682" /><ent r="4" t="25" w="707" /><ent r="4" t="25" w="768" /><ent r="4" t="25" w="784" /><ent r="4" t="25" w="800" /><ent r="3" t="25" w="833" /><ent r="3" t="25" w="906" /><ent r="3" t="25" w="937" /><ent r="64" t="25" w="946" /><ent r="3" t="25" w="957" /><ent r="3" t="25" w="1035" /><ent r="3" t="25" w="1042" /><ent r="3" t="25" w="1221" /><ent r="3" t="25" w="1265" /><ent r="3" t="25" w="1331" /><ent r="3" t="25" w="1345" /><ent r="3" t="25" w="1486" /><ent r="3" t="25" w="1503" /><ent r="3" t="26" w="14" /><ent r="3" t="26" w="27" /><ent r="3" t="26" w="148" /><ent r="4" t="26" w="227" /><ent r="3" t="26" w="332" /><ent r="3" t="27" w="66" /><ent r="3" t="27" w="81" /><ent r="3" t="27" w="122" /><ent r="3" t="27" w="161" /><ent r="3" t="27" w="171" /><ent r="3" t="27" w="192" /><ent r="3" t="27" w="206" /><ent r="3" t="27" w="226" /><ent r="3" t="27" w="238" /><ent r="3" t="27" w="244" /><ent r="3" t="27" w="251" /><ent r="3" t="27" w="353" /><ent r="3" t="27" w="381" /><ent r="3" t="27" w="1152" /><ent r="3" t="27" w="1169" /><ent r="3" t="27" w="1250" /><ent r="3" t="27" w="1267" /><ent r="3" t="27" w="1271" /><ent r="3" t="28" w="380" /><ent r="3" t="28" w="411" /><ent r="3" t="30" w="1567" /></phr><phr n="Traps"><ent r="1000" t="25" w="2" /><ent r="100" t="25" w="6" /><ent r="100" t="25" w="344" /><ent r="3" t="27" w="390" /><ent r="3" t="27" w="545" /><ent r="64" t="30" w="1576" /></phr><phr n="TRAP"><ent r="3" t="25" w="1235" /><ent r="3" t="26" w="69" /><ent r="3" t="26" w="102" /><ent r="4" t="26" w="170" /><ent r="4" t="26" w="180" /><ent r="3" t="28" w="358" /><ent r="3" t="28" w="368" /></phr></stem><stem n="receiv"><phr n="receive"><ent r="3" t="3" w="286" /><ent r="3" t="19" w="860" /><ent r="3" t="25" w="67" /><ent r="3" t="25" w="131" /><ent r="3" t="25" w="831" /><ent r="3" t="32" w="571" /><ent r="4" t="40" w="1140" /><ent r="3" t="41" w="281" /></phr><phr n="received"><ent r="3" t="8" w="49" /><ent r="5" t="14" w="889" /><ent r="3" t="15" w="605" /><ent r="6" t="16" w="777" /><ent r="3" t="16" w="1006" /><ent r="4" t="19" w="671" /><ent r="3" t="24" w="821" /><ent r="3" t="25" w="366" /><ent r="4" t="25" w="404" /><ent r="3" t="25" w="1333" /><ent r="3" t="26" w="29" /><ent r="3" t="29" w="77" /><ent r="3" t="30" w="1569" /><ent r="5" t="30" w="1619" /><ent r="4" t="31" w="431" /><ent r="3" t="31" w="1261" /><ent r="3" t="31" w="1306" /><ent r="3" t="31" w="1531" /><ent r="3" t="31" w="2386" /><ent r="3" t="31" w="2937" /><ent r="3" t="31" w="4028" /><ent r="3" t="32" w="205" /><ent r="3" t="32" w="296" /><ent r="3" t="32" w="340" /><ent r="3" t="32" w="596" /><ent r="3" t="40" w="321" /><ent r="3" t="40" w="330" /><ent r="3" t="40" w="373" /><ent r="3" t="40" w="596" /><ent r="4" t="40" w="1155" /><ent r="4" t="40" w="1164" /><ent r="3" t="41" w="167" /><ent r="3" t="41" w="558" /><ent r="3" t="50" w="90" /></phr><phr n="receives"><ent r="3" t="16" w="1094" /><ent r="4" t="19" w="658" /><ent r="3" t="25" w="1463" /><ent r="3" t="29" w="27" /><ent r="4" t="40" w="1169" /><ent r="3" t="51" w="11" /></phr><phr n="receiving"><ent r="3" t="25" w="220" /></phr></stem><stem n="process"><phr n="process"><ent r="3" t="3" w="288" /><ent r="3" t="19" w="882" /><ent r="3" t="30" w="196" /><ent r="4" t="31" w="346" /><ent r="3" t="31" w="713" /><ent r="3" t="31" w="957" /></phr><phr n="Process"><ent r="5" t="13" w="487" /><ent r="100" t="30" w="84" /><ent r="65" t="30" w="88" /><ent r="92" t="30" w="186" /></phr><phr n="Processes"><ent r="3" t="14" w="2044" /><ent r="3" t="14" w="2066" /></phr><phr n="processes"><ent r="4" t="15" w="237" /><ent r="3" t="31" w="1058" /><ent r="3" t="51" w="459" /></phr><phr n="processing"><ent r="3" t="19" w="1050" /><ent r="92" t="31" w="707" /><ent r="3" t="39" w="44" /><ent r="4" t="39" w="111" /></phr><phr n="processed"><ent r="3" t="30" w="1242" /><ent r="4" t="31" w="1761" /></phr><phr n="Processing"><ent r="3" t="47" w="590" /></phr></stem><stem n="base"><phr n="based"><ent r="3" t="3" w="298" /><ent r="3" t="3" w="321" /><ent r="100" t="10" w="236" /><ent r="3" t="10" w="265" /><ent r="3" t="10" w="335" /><ent r="6" t="16" w="773" /><ent r="3" t="19" w="285" /><ent r="4" t="21" w="2746" /><ent r="3" t="24" w="1148" /><ent r="3" t="25" w="513" /><ent r="3" t="27" w="189" /><ent r="3" t="29" w="44" /><ent r="3" t="29" w="107" /><ent r="3" t="30" w="64" /><ent r="3" t="33" w="142" /><ent r="100" t="42" w="57" /><ent r="5" t="42" w="60" /><ent r="100" t="42" w="99" /><ent r="5" t="42" w="112" /><ent r="5" t="42" w="425" /><ent r="5" t="42" w="428" /><ent r="3" t="45" w="10" /><ent r="3" t="45" w="16" /><ent r="82" t="45" w="275" /><ent r="3" t="50" w="77" /></phr><phr n="Based"><ent r="100" t="10" w="240" /><ent r="92" t="10" w="245" /><ent r="3" t="30" w="219" /></phr><phr n="base"><ent r="4" t="21" w="610" /><ent r="4" t="21" w="630" /><ent r="3" t="34" w="379" /><ent r="3" t="34" w="633" /><ent r="3" t="36" w="337" /></phr><phr n="Base"><ent r="100" t="30" w="1627" /><ent r="5" t="30" w="1631" /></phr></stem><stem n="content"><phr n="contents"><ent r="3" t="3" w="301" /><ent r="3" t="3" w="324" /><ent r="3" t="10" w="44" /><ent r="3" t="14" w="1967" /><ent r="3" t="26" w="12" /><ent r="4" t="26" w="237" /><ent r="3" t="27" w="168" /><ent r="3" t="27" w="193" /><ent r="4" t="30" w="718" /><ent r="4" t="30" w="799" /><ent r="3" t="38" w="139" /><ent r="3" t="44" w="47" /><ent r="3" t="44" w="63" /><ent r="3" t="44" w="113" /><ent r="3" t="44" w="330" /><ent r="4" t="51" w="170" /><ent r="4" t="52" w="257" /><ent r="3" t="55" w="203" /><ent r="5" t="55" w="1117" /></phr><phr n="content"><ent r="3" t="51" w="40" /><ent r="65" t="55" w="74" /><ent r="93" t="55" w="168" /></phr></stem><stem n="trap'"><phr n="trap's"><ent r="3" t="3" w="305" /><ent r="3" t="3" w="304" /><ent r="4" t="25" w="428" /><ent r="4" t="25" w="427" /><ent r="4" t="25" w="459" /><ent r="4" t="25" w="458" /><ent r="4" t="25" w="769" /><ent r="4" t="25" w="768" /><ent r="4" t="25" w="785" /><ent r="4" t="25" w="784" /><ent r="4" t="25" w="801" /><ent r="4" t="25" w="800" /><ent r="3" t="27" w="252" /><ent r="3" t="27" w="251" /></phr></stem><stem n="variabl"><phr n="variables"><ent r="3" t="3" w="306" /><ent r="3" t="3" w="328" /><ent r="3" t="4" w="368" /><ent r="3" t="4" w="383" /><ent r="6" t="5" w="881" /><ent r="3" t="8" w="109" /><ent r="3" t="10" w="108" /><ent r="3" t="10" w="178" /><ent r="3" t="12" w="35" /><ent r="3" t="12" w="133" /><ent r="4" t="12" w="199" /><ent r="3" t="14" w="20" /><ent r="3" t="14" w="30" /><ent r="3" t="14" w="38" /><ent r="3" t="14" w="78" /><ent r="3" t="14" w="104" /><ent r="3" t="14" w="274" /><ent r="92" t="14" w="421" /><ent r="3" t="14" w="424" /><ent r="5" t="14" w="716" /><ent r="3" t="14" w="778" /><ent r="3" t="14" w="1150" /><ent r="3" t="14" w="1894" /><ent r="100" t="15" w="12" /><ent r="3" t="15" w="54" /><ent r="3" t="15" w="67" /><ent r="5" t="15" w="133" /><ent r="4" t="15" w="149" /><ent r="4" t="15" w="165" /><ent r="4" t="15" w="185" /><ent r="100" t="15" w="329" /><ent r="4" t="15" w="340" /><ent r="4" t="15" w="366" /><ent r="4" t="15" w="478" /><ent r="3" t="15" w="544" /><ent r="4" t="15" w="887" /><ent r="4" t="15" w="900" /><ent r="4" t="15" w="911" /><ent r="3" t="16" w="23" /><ent r="100" t="16" w="39" /><ent r="3" t="16" w="66" /><ent r="4" t="16" w="78" /><ent r="6" t="16" w="348" /><ent r="3" t="16" w="1047" /><ent r="3" t="16" w="1103" /><ent r="3" t="16" w="1192" /><ent r="3" t="16" w="1687" /><ent r="3" t="17" w="28" /><ent r="3" t="17" w="57" /><ent r="4" t="19" w="169" /><ent r="3" t="19" w="1204" /><ent r="3" t="21" w="48" /><ent r="4" t="21" w="182" /><ent r="4" t="21" w="260" /><ent r="3" t="21" w="2579" /><ent r="6" t="21" w="2835" /><ent r="4" t="22" w="191" /><ent r="4" t="22" w="204" /><ent r="4" t="22" w="215" /><ent r="4" t="22" w="268" /><ent r="3" t="23" w="153" /><ent r="5" t="23" w="156" /><ent r="5" t="23" w="189" /><ent r="4" t="23" w="234" /><ent r="3" t="23" w="367" /><ent r="3" t="23" w="382" /><ent r="3" t="23" w="407" /><ent r="3" t="23" w="561" /><ent r="3" t="23" w="570" /><ent r="3" t="23" w="649" /><ent r="3" t="23" w="667" /><ent r="3" t="23" w="673" /><ent r="3" t="23" w="682" /><ent r="4" t="23" w="807" /><ent r="3" t="23" w="928" /><ent r="3" t="23" w="935" /><ent r="3" t="23" w="990" /><ent r="3" t="23" w="1094" /><ent r="3" t="23" w="1267" /><ent r="3" t="23" w="1315" /><ent r="4" t="23" w="1580" /><ent r="4" t="23" w="1622" /><ent r="4" t="23" w="1648" /><ent r="4" t="23" w="1653" /><ent r="3" t="24" w="1008" /><ent r="3" t="24" w="1015" /><ent r="3" t="25" w="154" /><ent r="3" t="25" w="213" /><ent r="4" t="25" w="395" /><ent r="4" t="25" w="413" /><ent r="4" t="25" w="441" /><ent r="3" t="25" w="503" /><ent r="3" t="25" w="512" /><ent r="4" t="25" w="724" /><ent r="3" t="25" w="752" /><ent r="3" t="25" w="958" /><ent r="3" t="25" w="1085" /><ent r="3" t="25" w="1287" /><ent r="3" t="25" w="1292" /><ent r="3" t="25" w="1336" /><ent r="3" t="25" w="1346" /><ent r="3" t="25" w="1394" /><ent r="3" t="27" w="82" /><ent r="3" t="27" w="199" /><ent r="3" t="27" w="271" /><ent r="3" t="27" w="383" /><ent r="3" t="27" w="1157" /><ent r="3" t="28" w="31" /><ent r="3" t="30" w="690" /><ent r="4" t="30" w="790" /><ent r="3" t="30" w="1233" /><ent r="3" t="30" w="1343" /><ent r="4" t="30" w="1369" /><ent r="4" t="30" w="1373" /><ent r="3" t="30" w="1558" /><ent r="3" t="31" w="3059" /><ent r="3" t="33" w="416" /><ent r="4" t="33" w="1411" /><ent r="3" t="39" w="305" /><ent r="3" t="39" w="469" /><ent r="3" t="42" w="338" /><ent r="3" t="42" w="343" /><ent r="4" t="51" w="139" /></phr><phr n="variable"><ent r="4" t="8" w="194" /><ent r="3" t="8" w="232" /><ent r="3" t="8" w="301" /><ent r="3" t="8" w="420" /><ent r="3" t="8" w="456" /><ent r="3" t="8" w="520" /><ent r="4" t="12" w="171" /><ent r="5" t="14" w="193" /><ent r="5" t="14" w="229" /><ent r="5" t="14" w="535" /><ent r="3" t="14" w="1440" /><ent r="3" t="14" w="1522" /><ent r="3" t="14" w="1559" /><ent r="3" t="14" w="1568" /><ent r="92" t="14" w="1875" /><ent r="3" t="14" w="1954" /><ent r="3" t="14" w="2017" /><ent r="4" t="15" w="198" /><ent r="3" t="15" w="514" /><ent r="4" t="15" w="812" /><ent r="3" t="16" w="116" /><ent r="4" t="16" w="182" /><ent r="4" t="16" w="226" /><ent r="4" t="16" w="259" /><ent r="4" t="16" w="270" /><ent r="4" t="16" w="298" /><ent r="6" t="16" w="495" /><ent r="6" t="16" w="710" /><ent r="6" t="16" w="730" /><ent r="6" t="16" w="755" /><ent r="6" t="16" w="772" /><ent r="10" t="16" w="841" /><ent r="4" t="16" w="925" /><ent r="4" t="16" w="931" /><ent r="3" t="16" w="1093" /><ent r="3" t="16" w="1117" /><ent r="3" t="16" w="1142" /><ent r="3" t="16" w="1175" /><ent r="3" t="16" w="1222" /><ent r="3" t="16" w="1255" /><ent r="3" t="16" w="1280" /><ent r="3" t="16" w="1304" /><ent r="3" t="16" w="1342" /><ent r="4" t="16" w="1433" /><ent r="4" t="16" w="1465" /><ent r="3" t="16" w="1615" /><ent r="3" t="16" w="1769" /><ent r="3" t="16" w="1809" /><ent r="3" t="17" w="71" /><ent r="3" t="17" w="77" /><ent r="4" t="19" w="199" /><ent r="3" t="19" w="1246" /><ent r="3" t="19" w="1330" /><ent r="3" t="19" w="1347" /><ent r="3" t="19" w="1364" /><ent r="3" t="19" w="1546" /><ent r="4" t="21" w="243" /><ent r="4" t="21" w="675" /><ent r="3" t="21" w="845" /><ent r="3" t="21" w="857" /><ent r="4" t="21" w="2738" /><ent r="6" t="21" w="2767" /><ent r="6" t="21" w="2868" /><ent r="4" t="21" w="2881" /><ent r="4" t="21" w="2895" /><ent r="4" t="22" w="120" /><ent r="3" t="23" w="705" /><ent r="3" t="23" w="1453" /><ent r="3" t="23" w="1480" /><ent r="3" t="23" w="1555" /><ent r="4" t="23" w="1590" /><ent r="3" t="24" w="579" /><ent r="3" t="24" w="633" /><ent r="3" t="24" w="759" /><ent r="3" t="24" w="786" /><ent r="3" t="24" w="793" /><ent r="3" t="24" w="970" /><ent r="3" t="25" w="182" /><ent r="3" t="25" w="193" /><ent r="3" t="25" w="352" /><ent r="4" t="25" w="463" /><ent r="4" t="25" w="765" /><ent r="4" t="25" w="781" /><ent r="4" t="25" w="797" /><ent r="3" t="25" w="847" /><ent r="3" t="25" w="854" /><ent r="3" t="25" w="899" /><ent r="4" t="30" w="766" /><ent r="4" t="30" w="769" /><ent r="4" t="30" w="802" /><ent r="3" t="30" w="860" /><ent r="3" t="30" w="864" /><ent r="4" t="30" w="1311" /><ent r="3" t="30" w="1326" /><ent r="3" t="30" w="1358" /><ent r="65" t="31" w="721" /><ent r="4" t="31" w="729" /><ent r="4" t="31" w="731" /><ent r="65" t="31" w="759" /><ent r="4" t="31" w="775" /><ent r="65" t="31" w="825" /><ent r="4" t="31" w="830" /><ent r="83" t="31" w="2053" /><ent r="3" t="31" w="2074" /><ent r="3" t="31" w="2076" /><ent r="3" t="31" w="2103" /><ent r="4" t="31" w="2118" /><ent r="3" t="31" w="2374" /><ent r="4" t="31" w="2631" /><ent r="4" t="31" w="2652" /><ent r="83" t="31" w="2960" /><ent r="3" t="31" w="2973" /><ent r="3" t="31" w="2975" /><ent r="3" t="31" w="2982" /><ent r="3" t="31" w="3001" /><ent r="4" t="31" w="3005" /><ent r="4" t="31" w="3019" /><ent r="4" t="31" w="3035" /><ent r="4" t="31" w="3048" /><ent r="83" t="31" w="3117" /><ent r="3" t="31" w="3127" /><ent r="4" t="31" w="3150" /><ent r="4" t="31" w="3177" /><ent r="6" t="33" w="998" /><ent r="6" t="33" w="1012" /><ent r="92" t="39" w="38" /><ent r="3" t="39" w="57" /><ent r="3" t="39" w="63" /><ent r="4" t="39" w="86" /><ent r="4" t="39" w="93" /><ent r="3" t="39" w="140" /><ent r="3" t="39" w="159" /><ent r="3" t="41" w="476" /><ent r="3" t="41" w="488" /><ent r="5" t="42" w="242" /></phr><phr n="Variables"><ent r="1000" t="14" w="5" /><ent r="102" t="14" w="11" /><ent r="65" t="14" w="47" /><ent r="65" t="14" w="51" /><ent r="65" t="14" w="55" /><ent r="65" t="14" w="60" /><ent r="92" t="14" w="74" /><ent r="66" t="14" w="553" /><ent r="92" t="14" w="775" /><ent r="92" t="14" w="1141" /><ent r="100" t="15" w="435" /><ent r="93" t="15" w="439" /><ent r="64" t="15" w="548" /><ent r="1000" t="16" w="2" /><ent r="102" t="16" w="6" /><ent r="100" t="16" w="15" /><ent r="100" t="16" w="343" /><ent r="6" t="16" w="787" /><ent r="92" t="16" w="1086" /><ent r="92" t="16" w="1183" /><ent r="4" t="21" w="190" /><ent r="92" t="23" w="1128" /><ent r="64" t="25" w="204" /><ent r="92" t="25" w="338" /><ent r="3" t="25" w="376" /><ent r="5" t="25" w="390" /><ent r="5" t="25" w="408" /><ent r="4" t="25" w="421" /><ent r="5" t="25" w="439" /><ent r="82" t="25" w="497" /><ent r="82" t="25" w="733" /><ent r="82" t="25" w="817" /><ent r="64" t="25" w="858" /><ent r="3" t="25" w="927" /><ent r="64" t="25" w="1104" /><ent r="82" t="25" w="1148" /><ent r="3" t="27" w="1268" /><ent r="100" t="30" w="150" /><ent r="65" t="30" w="153" /><ent r="92" t="30" w="1228" /><ent r="4" t="30" w="1244" /><ent r="100" t="30" w="1330" /><ent r="82" t="30" w="1334" /><ent r="100" t="42" w="148" /><ent r="92" t="42" w="153" /></phr><phr n="Variable"><ent r="5" t="14" w="119" /><ent r="5" t="14" w="122" /><ent r="5" t="14" w="291" /><ent r="5" t="14" w="294" /><ent r="5" t="14" w="439" /><ent r="5" t="14" w="442" /><ent r="5" t="14" w="561" /><ent r="5" t="14" w="564" /><ent r="5" t="14" w="606" /><ent r="5" t="14" w="609" /><ent r="5" t="14" w="793" /><ent r="5" t="14" w="796" /><ent r="5" t="14" w="1078" /><ent r="5" t="14" w="1081" /><ent r="5" t="14" w="1180" /><ent r="5" t="14" w="1183" /><ent r="100" t="15" w="22" /><ent r="4" t="15" w="528" /><ent r="3" t="15" w="563" /><ent r="100" t="16" w="8" /><ent r="3" t="16" w="973" /><ent r="64" t="16" w="1201" /><ent r="64" t="16" w="1697" /><ent r="4" t="25" w="348" /><ent r="3" t="25" w="475" /><ent r="3" t="25" w="827" /><ent r="4" t="30" w="1275" /><ent r="4" t="30" w="1291" /><ent r="65" t="30" w="1303" /><ent r="64" t="30" w="1350" /></phr><phr n="VARIABLES"><ent r="3" t="28" w="372" /></phr></stem></index>