﻿<?xml version="1.0" encoding="utf-8"?><index><stem n="refund"><phr n="refunded"><ent r="3" t="1" w="315" /></phr></stem><stem n="cancel"><phr n="canceled"><ent r="3" t="1" w="319" /></phr></stem><stem n="herebi"><phr n="hereby"><ent r="3" t="1" w="322" /><ent r="3" t="2" w="29" /></phr></stem><stem n="whether"><phr n="whether"><ent r="3" t="1" w="330" /><ent r="3" t="3" w="33" /><ent r="3" t="3" w="56" /><ent r="3" t="19" w="464" /><ent r="4" t="31" w="344" /><ent r="4" t="31" w="398" /><ent r="4" t="31" w="471" /><ent r="3" t="31" w="885" /><ent r="3" t="31" w="917" /><ent r="3" t="31" w="955" /><ent r="3" t="31" w="1697" /></phr></stem><stem n="express"><phr n="express"><ent r="3" t="1" w="331" /><ent r="3" t="30" w="1000" /><ent r="4" t="30" w="1015" /></phr><phr n="expressions"><ent r="3" t="8" w="417" /><ent r="3" t="8" w="517" /><ent r="3" t="14" w="1474" /><ent r="4" t="15" w="177" /><ent r="6" t="16" w="375" /><ent r="4" t="19" w="192" /><ent r="3" t="19" w="271" /><ent r="4" t="21" w="93" /><ent r="100" t="21" w="101" /><ent r="4" t="21" w="111" /><ent r="3" t="21" w="2924" /><ent r="3" t="24" w="49" /><ent r="3" t="24" w="731" /><ent r="3" t="24" w="753" /><ent r="3" t="24" w="940" /><ent r="3" t="24" w="1154" /><ent r="3" t="25" w="168" /><ent r="3" t="25" w="190" /><ent r="3" t="30" w="587" /><ent r="3" t="30" w="682" /><ent r="3" t="30" w="695" /><ent r="4" t="31" w="1500" /><ent r="3" t="31" w="1969" /></phr><phr n="expression"><ent r="3" t="14" w="1423" /><ent r="4" t="16" w="330" /><ent r="3" t="16" w="1100" /><ent r="3" t="16" w="1110" /><ent r="3" t="16" w="1152" /><ent r="4" t="16" w="1468" /><ent r="4" t="16" w="1476" /><ent r="3" t="17" w="67" /><ent r="4" t="19" w="154" /><ent r="4" t="19" w="182" /><ent r="3" t="19" w="289" /><ent r="3" t="19" w="294" /><ent r="3" t="19" w="1061" /><ent r="4" t="21" w="240" /><ent r="3" t="21" w="2572" /><ent r="6" t="21" w="2774" /><ent r="6" t="21" w="2781" /><ent r="4" t="22" w="224" /><ent r="4" t="22" w="259" /><ent r="4" t="22" w="291" /><ent r="4" t="23" w="1640" /><ent r="3" t="24" w="724" /><ent r="4" t="30" w="725" /><ent r="4" t="30" w="750" /><ent r="3" t="30" w="1591" /><ent r="3" t="39" w="52" /><ent r="3" t="39" w="136" /><ent r="3" t="39" w="170" /><ent r="3" t="46" w="204" /></phr><phr n="Expression"><ent r="3" t="14" w="1607" /><ent r="4" t="19" w="186" /><ent r="3" t="21" w="80" /><ent r="100" t="21" w="325" /><ent r="4" t="21" w="328" /><ent r="64" t="21" w="2942" /><ent r="3" t="24" w="1071" /></phr><phr n="expressed"><ent r="4" t="16" w="303" /></phr><phr n="Expressions"><ent r="65" t="21" w="285" /><ent r="4" t="21" w="822" /><ent r="65" t="21" w="832" /><ent r="92" t="21" w="2561" /><ent r="92" t="24" w="551" /><ent r="92" t="24" w="748" /><ent r="92" t="24" w="952" /></phr></stem><stem n="impli"><phr n="implied"><ent r="3" t="1" w="333" /><ent r="3" t="1" w="338" /></phr><phr n="imply"><ent r="3" t="44" w="173" /></phr></stem><stem n="includ"><phr n="including"><ent r="3" t="1" w="334" /><ent r="3" t="4" w="103" /><ent r="4" t="18" w="253" /><ent r="3" t="21" w="45" /><ent r="3" t="21" w="2630" /><ent r="3" t="24" w="592" /><ent r="3" t="31" w="1042" /><ent r="6" t="33" w="1090" /><ent r="3" t="45" w="292" /></phr><phr n="included"><ent r="3" t="4" w="333" /><ent r="3" t="24" w="794" /><ent r="3" t="30" w="455" /><ent r="3" t="31" w="3309" /><ent r="100" t="55" w="135" /><ent r="6" t="55" w="143" /><ent r="5" t="55" w="633" /></phr><phr n="includes"><ent r="3" t="45" w="264" /><ent r="5" t="55" w="1262" /></phr></stem><stem n="limit"><phr n="limitation"><ent r="3" t="1" w="336" /></phr><phr n="Limit"><ent r="100" t="6" w="74" /><ent r="100" t="6" w="76" /></phr><phr n="limit"><ent r="100" t="6" w="85" /><ent r="3" t="41" w="380" /><ent r="3" t="41" w="610" /></phr><phr n="Limitations"><ent r="92" t="23" w="1576" /><ent r="82" t="24" w="449" /></phr></stem><stem n="merchant"><phr n="merchantability"><ent r="3" t="1" w="341" /></phr></stem><stem n="fit"><phr n="fitness"><ent r="3" t="1" w="343" /></phr></stem><stem n="particular"><phr n="particular"><ent r="3" t="1" w="346" /><ent r="5" t="5" w="423" /><ent r="4" t="12" w="186" /><ent r="4" t="12" w="261" /><ent r="3" t="15" w="470" /><ent r="3" t="15" w="513" /><ent r="3" t="16" w="115" /><ent r="4" t="16" w="155" /><ent r="4" t="16" w="200" /><ent r="4" t="16" w="296" /><ent r="6" t="16" w="709" /><ent r="3" t="19" w="278" /><ent r="4" t="23" w="270" /><ent r="3" t="25" w="180" /><ent r="3" t="39" w="158" /><ent r="3" t="40" w="1088" /><ent r="5" t="55" w="886" /><ent r="5" t="55" w="1031" /><ent r="3" t="55" w="1287" /></phr></stem><stem n="purpos"><phr n="purpose"><ent r="3" t="1" w="347" /></phr><phr n="purposes"><ent r="3" t="19" w="1120" /><ent r="3" t="38" w="41" /><ent r="3" t="59" w="51" /></phr></stem><stem n="liabl"><phr n="liable"><ent r="3" t="1" w="353" /><ent r="3" t="1" w="395" /></phr></stem><stem n="special"><phr n="special"><ent r="3" t="1" w="356" /><ent r="3" t="24" w="139" /><ent r="3" t="24" w="556" /><ent r="3" t="27" w="80" /><ent r="3" t="30" w="451" /><ent r="3" t="30" w="995" /><ent r="3" t="30" w="1805" /><ent r="3" t="35" w="50" /><ent r="3" t="38" w="40" /><ent r="3" t="53" w="13" /></phr><phr n="Special"><ent r="4" t="7" w="572" /><ent r="100" t="30" w="443" /><ent r="82" t="30" w="446" /><ent r="100" t="30" w="539" /><ent r="4" t="30" w="543" /></phr><phr n="specially"><ent r="3" t="14" w="1886" /><ent r="3" t="14" w="2009" /><ent r="3" t="35" w="134" /></phr></stem><stem n="incident"><phr n="incidental"><ent r="3" t="1" w="357" /></phr></stem><stem n="consequenti"><phr n="consequential"><ent r="3" t="1" w="358" /></phr></stem><stem n="indirect"><phr n="indirect"><ent r="3" t="1" w="359" /></phr></stem><stem n="similar"><phr n="similar"><ent r="3" t="1" w="361" /><ent r="3" t="4" w="324" /><ent r="3" t="5" w="776" /><ent r="3" t="9" w="19" /><ent r="3" t="15" w="294" /><ent r="3" t="21" w="1271" /><ent r="4" t="23" w="194" /><ent r="3" t="33" w="190" /><ent r="3" t="37" w="20" /></phr><phr n="Similar"><ent r="6" t="55" w="599" /></phr></stem><stem n="damag"><phr n="damages"><ent r="3" t="1" w="362" /><ent r="3" t="1" w="387" /><ent r="3" t="1" w="398" /></phr></stem><stem n="due"><phr n="due"><ent r="3" t="1" w="363" /></phr></stem><stem n="loss"><phr n="loss"><ent r="3" t="1" w="365" /><ent r="4" t="12" w="68" /><ent r="3" t="21" w="53" /><ent r="3" t="25" w="298" /></phr><phr n="Loss"><ent r="5" t="13" w="579" /></phr></stem><stem n="reason"><phr n="reason"><ent r="3" t="1" w="371" /><ent r="3" t="1" w="589" /><ent r="3" t="11" w="119" /><ent r="6" t="14" w="402" /><ent r="4" t="14" w="1910" /><ent r="3" t="14" w="1985" /><ent r="3" t="14" w="2001" /><ent r="4" t="14" w="2020" /><ent r="3" t="14" w="2029" /><ent r="3" t="14" w="2057" /><ent r="3" t="31" w="1315" /><ent r="3" t="34" w="193" /><ent r="3" t="35" w="72" /><ent r="3" t="35" w="157" /><ent r="3" t="37" w="185" /><ent r="5" t="37" w="804" /><ent r="3" t="41" w="420" /></phr><phr n="Reason"><ent r="92" t="14" w="1878" /><ent r="93" t="39" w="191" /></phr><phr n="reasons"><ent r="3" t="39" w="206" /><ent r="3" t="39" w="265" /></phr></stem><stem n="even"><phr n="even"><ent r="3" t="1" w="372" /><ent r="4" t="15" w="867" /><ent r="4" t="22" w="173" /><ent r="3" t="23" w="1181" /><ent r="3" t="24" w="981" /><ent r="3" t="47" w="103" /><ent r="3" t="54" w="168" /></phr></stem><stem n="agent"><phr n="agent"><ent r="3" t="1" w="378" /><ent r="6" t="5" w="962" /><ent r="5" t="14" w="700" /><ent r="4" t="25" w="663" /><ent r="4" t="25" w="698" /><ent r="3" t="41" w="501" /></phr><phr n="Agent"><ent r="3" t="25" w="75" /><ent r="3" t="25" w="1002" /></phr></stem><stem n="advis"><phr n="advised"><ent r="3" t="1" w="381" /></phr></stem><stem n="possibl"><phr n="possibility"><ent r="3" t="1" w="384" /></phr><phr n="possible"><ent r="6" t="5" w="1038" /><ent r="3" t="24" w="317" /><ent r="3" t="25" w="301" /><ent r="3" t="31" w="4050" /><ent r="7" t="53" w="533" /></phr><phr n="Possible"><ent r="100" t="31" w="924" /><ent r="4" t="31" w="927" /><ent r="4" t="31" w="1109" /><ent r="4" t="31" w="1320" /><ent r="4" t="31" w="1516" /><ent r="4" t="31" w="1613" /><ent r="4" t="31" w="1658" /><ent r="4" t="31" w="1875" /><ent r="4" t="31" w="1984" /><ent r="4" t="31" w="2169" /><ent r="4" t="31" w="2269" /><ent r="4" t="31" w="2351" /><ent r="4" t="31" w="2422" /><ent r="4" t="31" w="2506" /><ent r="4" t="31" w="2587" /><ent r="4" t="31" w="2662" /><ent r="4" t="31" w="2747" /><ent r="4" t="31" w="2829" /><ent r="4" t="31" w="3070" /><ent r="4" t="31" w="3111" /><ent r="4" t="31" w="3184" /><ent r="4" t="31" w="3355" /></phr></stem><stem n="event"><phr n="event"><ent r="3" t="1" w="390" /><ent r="4" t="18" w="839" /><ent r="3" t="19" w="1007" /><ent r="3" t="19" w="1105" /><ent r="3" t="28" w="223" /><ent r="4" t="31" w="822" /><ent r="3" t="31" w="1538" /><ent r="3" t="31" w="3097" /></phr><phr n="Event"><ent r="3" t="18" w="773" /><ent r="3" t="24" w="169" /><ent r="3" t="24" w="424" /><ent r="3" t="25" w="1226" /><ent r="3" t="26" w="20" /></phr></stem><stem n="shall"><phr n="shall"><ent r="3" t="1" w="391" /><ent r="3" t="1" w="574" /><ent r="3" t="1" w="612" /><ent r="3" t="1" w="635" /></phr></stem><stem n="form"><phr n="form"><ent r="3" t="1" w="402" /><ent r="6" t="5" w="316" /><ent r="6" t="16" w="353" /><ent r="4" t="16" w="935" /><ent r="3" t="23" w="351" /><ent r="3" t="23" w="1556" /><ent r="4" t="23" w="1585" /><ent r="3" t="24" w="185" /><ent r="3" t="24" w="315" /><ent r="3" t="24" w="440" /><ent r="4" t="24" w="546" /><ent r="3" t="25" w="755" /><ent r="3" t="30" w="1110" /><ent r="4" t="33" w="535" /><ent r="4" t="33" w="1415" /><ent r="4" t="37" w="587" /><ent r="3" t="44" w="360" /><ent r="3" t="44" w="504" /><ent r="3" t="45" w="398" /><ent r="5" t="55" w="920" /><ent r="3" t="56" w="145" /><ent r="3" t="56" w="203" /><ent r="3" t="56" w="279" /></phr><phr n="forms"><ent r="4" t="16" w="248" /><ent r="3" t="16" w="1353" /><ent r="6" t="21" w="2803" /><ent r="3" t="26" w="33" /></phr><phr n="formed"><ent r="4" t="30" w="945" /></phr></stem><stem n="claim"><phr n="claim"><ent r="3" t="1" w="405" /></phr></stem><stem n="govern"><phr n="Government"><ent r="82" t="1" w="408" /><ent r="3" t="1" w="414" /><ent r="3" t="1" w="434" /><ent r="3" t="1" w="440" /><ent r="3" t="1" w="464" /><ent r="3" t="1" w="507" /><ent r="3" t="1" w="512" /></phr><phr n="governed"><ent r="3" t="1" w="576" /></phr></stem><stem n="dod"><phr n="DOD"><ent r="100" t="1" w="410" /></phr><phr n="DoD"><ent r="3" t="1" w="453" /><ent r="3" t="1" w="510" /></phr></stem><stem n="dfar"><phr n="DFARS"><ent r="100" t="1" w="412" /><ent r="3" t="1" w="490" /></phr></stem><stem n="end"><phr n="End"><ent r="3" t="1" w="415" /><ent r="100" t="40" w="153" /><ent r="100" t="40" w="155" /></phr><phr n="end"><ent r="3" t="9" w="59" /><ent r="5" t="14" w="808" /><ent r="5" t="14" w="823" /><ent r="5" t="14" w="837" /><ent r="5" t="14" w="852" /><ent r="5" t="14" w="997" /><ent r="6" t="16" w="381" /><ent r="3" t="21" w="1825" /><ent r="4" t="21" w="2079" /><ent r="4" t="21" w="2109" /><ent r="4" t="21" w="2133" /><ent r="4" t="21" w="2267" /><ent r="3" t="24" w="569" /><ent r="3" t="30" w="1969" /><ent r="3" t="31" w="1104" /><ent r="3" t="31" w="3894" /><ent r="100" t="40" w="151" /><ent r="4" t="40" w="165" /><ent r="3" t="40" w="312" /><ent r="3" t="40" w="326" /><ent r="3" t="40" w="362" /><ent r="3" t="40" w="583" /><ent r="3" t="40" w="1062" /><ent r="4" t="40" w="1122" /><ent r="4" t="40" w="1130" /><ent r="3" t="41" w="375" /><ent r="5" t="42" w="194" /><ent r="5" t="42" w="197" /><ent r="4" t="46" w="100" /><ent r="5" t="55" w="1819" /></phr><phr n="ending"><ent r="3" t="23" w="378" /><ent r="3" t="31" w="3903" /></phr><phr n="END"><ent r="3" t="28" w="423" /></phr><phr n="ends"><ent r="4" t="31" w="674" /><ent r="3" t="31" w="2888" /></phr></stem><stem n="user"><phr n="Users"><ent r="3" t="1" w="416" /><ent r="4" t="45" w="75" /></phr><phr n="User"><ent r="64" t="2" w="44" /><ent r="92" t="18" w="269" /><ent r="100" t="31" w="3411" /><ent r="3" t="31" w="3418" /><ent r="3" t="31" w="3582" /><ent r="3" t="31" w="3839" /><ent r="64" t="39" w="259" /><ent r="64" t="45" w="97" /><ent r="3" t="59" w="83" /></phr><phr n="user"><ent r="3" t="3" w="276" /><ent r="3" t="4" w="151" /><ent r="5" t="5" w="416" /><ent r="3" t="8" w="27" /><ent r="3" t="8" w="274" /><ent r="3" t="8" w="357" /><ent r="3" t="8" w="394" /><ent r="3" t="8" w="439" /><ent r="3" t="8" w="540" /><ent r="4" t="15" w="229" /><ent r="4" t="19" w="213" /><ent r="4" t="19" w="758" /><ent r="3" t="23" w="41" /><ent r="4" t="30" w="1367" /><ent r="3" t="31" w="1310" /><ent r="3" t="31" w="3872" /><ent r="3" t="31" w="3877" /><ent r="3" t="40" w="479" /><ent r="3" t="40" w="481" /><ent r="3" t="40" w="500" /><ent r="3" t="40" w="539" /><ent r="3" t="44" w="508" /><ent r="3" t="45" w="402" /><ent r="3" t="46" w="145" /><ent r="3" t="46" w="183" /><ent r="3" t="47" w="215" /><ent r="3" t="47" w="235" /><ent r="3" t="47" w="286" /><ent r="3" t="47" w="288" /><ent r="3" t="47" w="303" /><ent r="3" t="47" w="329" /><ent r="3" t="47" w="476" /><ent r="3" t="47" w="499" /><ent r="3" t="47" w="523" /><ent r="3" t="50" w="129" /><ent r="7" t="53" w="509" /><ent r="7" t="53" w="516" /><ent r="6" t="53" w="692" /><ent r="6" t="53" w="806" /><ent r="5" t="55" w="690" /><ent r="5" t="55" w="1057" /></phr><phr n="users"><ent r="64" t="3" w="506" /><ent r="4" t="23" w="209" /><ent r="4" t="33" w="918" /><ent r="65" t="38" w="97" /></phr><phr n="USER"><ent r="100" t="30" w="1361" /><ent r="3" t="30" w="1914" /><ent r="100" t="31" w="138" /><ent r="100" t="31" w="1275" /><ent r="100" t="31" w="1278" /><ent r="3" t="31" w="3416" /><ent r="100" t="31" w="3525" /><ent r="3" t="31" w="3541" /><ent r="3" t="31" w="3551" /><ent r="3" t="31" w="3837" /><ent r="100" t="31" w="3855" /><ent r="100" t="31" w="3859" /><ent r="3" t="31" w="3864" /><ent r="3" t="31" w="3926" /><ent r="3" t="31" w="3989" /><ent r="3" t="31" w="3999" /><ent r="3" t="31" w="4025" /><ent r="3" t="31" w="4058" /><ent r="3" t="31" w="4101" /></phr></stem><stem n="acquir"><phr n="acquiring"><ent r="3" t="1" w="420" /><ent r="3" t="1" w="466" /></phr></stem><stem n="behalf"><phr n="behalf"><ent r="3" t="1" w="424" /></phr></stem><stem n="agenc"><phr n="agency"><ent r="3" t="1" w="429" /><ent r="3" t="1" w="502" /></phr></stem><stem n="appli"><phr n="apply"><ent r="3" t="1" w="438" /><ent r="3" t="4" w="181" /><ent r="3" t="7" w="164" /></phr><phr n="Applied"><ent r="82" t="7" w="260" /></phr><phr n="applies"><ent r="4" t="7" w="265" /></phr></stem><stem n="i"><phr n="i"><ent r="3" t="1" w="442" /><ent r="7" t="7" w="489" /><ent r="4" t="19" w="498" /><ent r="3" t="19" w="1194" /><ent r="3" t="24" w="295" /><ent r="3" t="27" w="388" /><ent r="3" t="27" w="403" /><ent r="3" t="27" w="543" /><ent r="3" t="27" w="559" /><ent r="4" t="30" w="623" /><ent r="3" t="30" w="648" /><ent r="5" t="30" w="730" /><ent r="3" t="30" w="831" /><ent r="3" t="30" w="872" /><ent r="3" t="30" w="893" /><ent r="3" t="30" w="909" /><ent r="3" t="31" w="3478" /><ent r="100" t="32" w="27" /><ent r="3" t="32" w="223" /><ent r="3" t="32" w="277" /><ent r="3" t="32" w="319" /><ent r="3" t="32" w="355" /><ent r="3" t="32" w="374" /><ent r="3" t="32" w="393" /><ent r="3" t="41" w="376" /></phr><phr n="I"><ent r="6" t="7" w="375" /><ent r="3" t="19" w="903" /><ent r="4" t="21" w="1563" /><ent r="100" t="31" w="124" /><ent r="92" t="31" w="129" /><ent r="93" t="39" w="272" /><ent r="93" t="39" w="439" /></phr></stem><stem n="(i)"><phr n="(i)"><ent r="3" t="1" w="443" /></phr></stem><stem n="suppli"><phr n="supplied"><ent r="3" t="1" w="447" /><ent r="3" t="1" w="497" /><ent r="4" t="21" w="2147" /><ent r="4" t="21" w="2310" /><ent r="4" t="21" w="2334" /><ent r="3" t="31" w="922" /></phr><phr n="supply"><ent r="6" t="55" w="510" /><ent r="5" t="55" w="1376" /></phr></stem><stem n="depart"><phr n="Department"><ent r="3" t="1" w="450" /></phr><phr n="departed"><ent r="5" t="18" w="177" /></phr></stem><stem n="defens"><phr n="Defense"><ent r="3" t="1" w="452" /></phr></stem><stem n="(dod),"><phr n="(DoD),"><ent r="3" t="1" w="454" /></phr></stem><stem n="classifi"><phr n="classified"><ent r="3" t="1" w="457" /></phr></stem><stem n="&quot;commerci"><phr n="&quot;Commercial"><ent r="3" t="1" w="459" /></phr></stem><stem n="commerci"><phr n="Commercial"><ent r="3" t="1" w="459" /></phr></stem><stem n="&quot;restrict"><phr n="&quot;restricted"><ent r="3" t="1" w="468" /></phr></stem><stem n="restrict"><phr n="restricted"><ent r="3" t="1" w="468" /></phr><phr n="restrict"><ent r="3" t="24" w="824" /></phr></stem><stem n="defin"><phr n="defined"><ent r="3" t="1" w="480" /><ent r="3" t="1" w="524" /><ent r="3" t="3" w="98" /><ent r="3" t="5" w="33" /><ent r="5" t="5" w="568" /><ent r="3" t="6" w="154" /><ent r="3" t="6" w="182" /><ent r="3" t="7" w="55" /><ent r="4" t="12" w="172" /><ent r="4" t="12" w="215" /><ent r="3" t="14" w="1430" /><ent r="3" t="14" w="1990" /><ent r="3" t="14" w="2006" /><ent r="6" t="16" w="744" /><ent r="3" t="16" w="1343" /><ent r="3" t="16" w="1612" /><ent r="3" t="16" w="1733" /><ent r="3" t="16" w="1826" /><ent r="3" t="18" w="747" /><ent r="3" t="19" w="16" /><ent r="4" t="19" w="395" /><ent r="3" t="20" w="262" /><ent r="65" t="21" w="659" /><ent r="4" t="21" w="683" /><ent r="82" t="21" w="841" /><ent r="3" t="21" w="844" /><ent r="3" t="21" w="865" /><ent r="3" t="21" w="889" /><ent r="3" t="21" w="894" /><ent r="4" t="23" w="823" /><ent r="4" t="23" w="847" /><ent r="3" t="23" w="1355" /><ent r="4" t="23" w="1611" /><ent r="3" t="24" w="302" /><ent r="3" t="25" w="353" /><ent r="3" t="25" w="961" /><ent r="3" t="26" w="155" /><ent r="4" t="30" w="1252" /><ent r="4" t="30" w="1368" /><ent r="3" t="30" w="1561" /><ent r="3" t="31" w="84" /><ent r="3" t="31" w="2850" /><ent r="4" t="33" w="1340" /><ent r="3" t="39" w="61" /><ent r="3" t="39" w="166" /><ent r="3" t="39" w="173" /><ent r="3" t="44" w="155" /><ent r="3" t="53" w="57" /></phr><phr n="defines"><ent r="3" t="8" w="64" /><ent r="3" t="10" w="57" /><ent r="3" t="14" w="2015" /><ent r="3" t="15" w="511" /><ent r="100" t="16" w="48" /><ent r="3" t="16" w="61" /><ent r="3" t="16" w="113" /><ent r="4" t="19" w="138" /><ent r="3" t="23" w="277" /><ent r="3" t="24" w="224" /><ent r="3" t="25" w="1282" /><ent r="3" t="28" w="123" /></phr><phr n="define"><ent r="3" t="8" w="388" /><ent r="3" t="14" w="1893" /><ent r="3" t="14" w="1961" /><ent r="3" t="16" w="1767" /><ent r="3" t="16" w="1789" /><ent r="3" t="18" w="73" /><ent r="4" t="23" w="806" /><ent r="4" t="23" w="840" /><ent r="3" t="23" w="910" /><ent r="3" t="23" w="1450" /><ent r="4" t="24" w="524" /><ent r="4" t="25" w="443" /><ent r="3" t="25" w="1458" /></phr><phr n="Defines"><ent r="100" t="16" w="55" /><ent r="100" t="16" w="57" /></phr><phr n="defining"><ent r="3" t="23" w="559" /><ent r="3" t="25" w="211" /></phr><phr n="Defining"><ent r="64" t="25" w="202" /><ent r="92" t="25" w="336" /><ent r="82" t="25" w="1437" /></phr></stem><stem n="claus"><phr n="Clause"><ent r="3" t="1" w="482" /><ent r="3" t="1" w="526" /><ent r="3" t="1" w="542" /></phr><phr n="clause"><ent r="3" t="34" w="236" /></phr></stem><stem n="252"><phr n="252"><ent r="3" t="1" w="483" /></phr></stem><stem n="227"><phr n="227"><ent r="3" t="1" w="484" /><ent r="3" t="1" w="528" /><ent r="3" t="1" w="545" /></phr></stem><stem n="227-7013"><phr n="227-7013"><ent r="3" t="1" w="484" /></phr></stem><stem n="7013"><phr n="7013"><ent r="3" t="1" w="485" /></phr></stem><stem n="252.c"><phr n="252.c"><ent r="3" t="1" w="486" /><ent r="3" t="1" w="483" /></phr></stem><stem n="c"><phr n="c"><ent r="3" t="1" w="486" /><ent r="3" t="1" w="530" /><ent r="3" t="19" w="1170" /><ent r="4" t="21" w="1027" /><ent r="4" t="21" w="1535" /><ent r="3" t="21" w="1701" /><ent r="7" t="21" w="2371" /><ent r="3" t="21" w="2490" /><ent r="3" t="27" w="37" /><ent r="3" t="27" w="416" /><ent r="3" t="27" w="436" /><ent r="3" t="27" w="569" /><ent r="3" t="27" w="589" /><ent r="3" t="27" w="720" /><ent r="3" t="27" w="830" /><ent r="3" t="27" w="1018" /><ent r="3" t="28" w="57" /><ent r="7" t="33" w="1169" /><ent r="3" t="35" w="92" /><ent r="6" t="36" w="124" /><ent r="3" t="37" w="641" /><ent r="3" t="40" w="84" /><ent r="5" t="40" w="125" /><ent r="3" t="40" w="442" /><ent r="3" t="40" w="499" /><ent r="3" t="40" w="556" /><ent r="3" t="40" w="601" /><ent r="3" t="41" w="103" /><ent r="3" t="41" w="170" /><ent r="3" t="47" w="732" /><ent r="3" t="47" w="785" /></phr><phr n="C"><ent r="5" t="13" w="77" /><ent r="5" t="13" w="155" /><ent r="5" t="13" w="698" /><ent r="5" t="13" w="734" /><ent r="3" t="21" w="297" /><ent r="7" t="21" w="2380" /><ent r="3" t="33" w="66" /><ent r="4" t="33" w="706" /></phr></stem><stem n=".227-7013(c)(1)"><phr n=".227-7013(c)(1)"><ent r="3" t="1" w="488" /></phr></stem><stem n=";"><phr n=";"><ent r="3" t="1" w="491" /><ent r="5" t="14" w="215" /><ent r="5" t="14" w="254" /><ent r="5" t="14" w="621" /><ent r="6" t="16" w="828" /><ent r="3" t="16" w="1757" /><ent r="4" t="19" w="205" /><ent r="4" t="19" w="826" /><ent r="4" t="21" w="433" /><ent r="3" t="21" w="1223" /><ent r="4" t="21" w="2084" /><ent r="6" t="21" w="2800" /><ent r="4" t="23" w="255" /><ent r="3" t="23" w="620" /><ent r="3" t="23" w="637" /><ent r="3" t="24" w="149" /><ent r="4" t="24" w="509" /><ent r="3" t="24" w="926" /><ent r="3" t="24" w="1042" /><ent r="4" t="25" w="543" /><ent r="4" t="25" w="546" /><ent r="4" t="25" w="549" /><ent r="4" t="25" w="552" /><ent r="4" t="25" w="555" /><ent r="4" t="25" w="558" /><ent r="4" t="25" w="1140" /><ent r="3" t="27" w="112" /><ent r="3" t="31" w="3717" /><ent r="3" t="31" w="3806" /><ent r="3" t="31" w="4017" /><ent r="6" t="33" w="995" /><ent r="4" t="33" w="1322" /><ent r="4" t="36" w="148" /><ent r="4" t="37" w="469" /><ent r="5" t="37" w="852" /><ent r="3" t="41" w="540" /><ent r="3" t="41" w="588" /><ent r="3" t="41" w="598" /><ent r="3" t="41" w="612" /><ent r="3" t="44" w="114" /><ent r="3" t="44" w="212" /><ent r="3" t="44" w="334" /><ent r="3" t="47" w="17" /><ent r="3" t="47" w="488" /><ent r="3" t="47" w="521" /><ent r="3" t="47" w="567" /><ent r="3" t="47" w="606" /><ent r="3" t="47" w="655" /><ent r="6" t="53" w="95" /><ent r="6" t="55" w="741" /><ent r="3" t="55" w="1420" /><ent r="3" t="55" w="1425" /><ent r="6" t="55" w="2014" /><ent r="3" t="56" w="196" /></phr></stem><stem n="ii"><phr n="ii"><ent r="3" t="1" w="492" /></phr><phr n="II"><ent r="3" t="16" w="1736" /><ent r="3" t="23" w="276" /><ent r="3" t="25" w="1453" /></phr></stem><stem n="(ii)"><phr n="(ii)"><ent r="3" t="1" w="493" /></phr></stem><stem n="government'"><phr n="Government's"><ent r="3" t="1" w="513" /><ent r="3" t="1" w="512" /></phr></stem><stem n="52"><phr n="52"><ent r="3" t="1" w="527" /><ent r="3" t="1" w="544" /></phr></stem><stem n="227-19"><phr n="227-19"><ent r="3" t="1" w="528" /></phr></stem><stem n="19"><phr n="19"><ent r="3" t="1" w="529" /><ent r="3" t="19" w="1344" /><ent r="3" t="21" w="1708" /><ent r="3" t="31" w="3557" /></phr></stem><stem n="52.c"><phr n="52.c"><ent r="3" t="1" w="530" /><ent r="3" t="1" w="527" /></phr></stem><stem n=".227-19(c)(2)"><phr n=".227-19(c)(2)"><ent r="3" t="1" w="532" /></phr></stem><stem n="far"><phr n="FAR"><ent r="3" t="1" w="534" /><ent r="3" t="1" w="554" /></phr><phr n="far"><ent r="4" t="21" w="2076" /></phr></stem><stem n="case"><phr n="case"><ent r="3" t="1" w="538" /><ent r="3" t="3" w="87" /><ent r="4" t="16" w="179" /><ent r="3" t="17" w="106" /><ent r="4" t="21" w="1059" /><ent r="4" t="21" w="1069" /><ent r="3" t="24" w="322" /><ent r="3" t="24" w="368" /><ent r="4" t="30" w="286" /><ent r="4" t="30" w="615" /><ent r="4" t="30" w="635" /><ent r="4" t="30" w="746" /><ent r="4" t="30" w="1294" /><ent r="3" t="30" w="1713" /><ent r="3" t="31" w="2015" /><ent r="3" t="34" w="312" /><ent r="3" t="39" w="115" /><ent r="3" t="39" w="155" /><ent r="3" t="39" w="530" /><ent r="3" t="47" w="489" /><ent r="3" t="47" w="617" /><ent r="3" t="51" w="419" /><ent r="7" t="53" w="577" /></phr><phr n="Cases"><ent r="4" t="7" w="573" /></phr><phr n="cases"><ent r="4" t="7" w="645" /><ent r="5" t="14" w="149" /><ent r="3" t="23" w="1149" /><ent r="3" t="25" w="1197" /><ent r="3" t="30" w="667" /><ent r="3" t="30" w="976" /><ent r="6" t="53" w="394" /></phr><phr n="CASE"><ent r="100" t="30" w="290" /><ent r="4" t="30" w="300" /></phr><phr n="Case"><ent r="100" t="30" w="596" /><ent r="100" t="30" w="599" /><ent r="100" t="30" w="602" /><ent r="82" t="30" w="607" /><ent r="100" t="30" w="618" /></phr></stem><stem n="nasa"><phr n="NASA"><ent r="3" t="1" w="540" /><ent r="3" t="1" w="550" /></phr></stem><stem n="18"><phr n="18"><ent r="3" t="1" w="543" /><ent r="3" t="19" w="1191" /><ent r="3" t="19" w="1193" /><ent r="3" t="19" w="1325" /><ent r="3" t="19" w="1327" /><ent r="3" t="19" w="1342" /><ent r="3" t="19" w="1359" /><ent r="3" t="31" w="3544" /><ent r="3" t="31" w="3992" /><ent r="3" t="31" w="4120" /></phr></stem><stem n="18-52"><phr n="18-52"><ent r="3" t="1" w="543" /></phr></stem><stem n="227-86"><phr n="227-86"><ent r="3" t="1" w="545" /></phr></stem><stem n="86"><phr n="86"><ent r="3" t="1" w="546" /></phr></stem><stem n="18-52.d"><phr n="18-52.d"><ent r="3" t="1" w="547" /><ent r="3" t="1" w="544" /></phr></stem><stem n="d"><phr n="d"><ent r="3" t="1" w="547" /><ent r="4" t="21" w="1035" /><ent r="3" t="21" w="1372" /><ent r="4" t="21" w="1550" /><ent r="3" t="21" w="1716" /><ent r="6" t="33" w="1111" /><ent r="3" t="36" w="288" /><ent r="3" t="46" w="158" /><ent r="3" t="47" w="538" /><ent r="3" t="47" w="860" /></phr></stem><stem n="-52.227-86(d)"><phr n="-52.227-86(d)"><ent r="3" t="1" w="548" /><ent r="3" t="1" w="549" /></phr></stem><stem n="supplement"><phr n="Supplement"><ent r="3" t="1" w="551" /></phr></stem><stem n="manufactur"><phr n="manufacturer"><ent r="3" t="1" w="556" /></phr></stem><stem n="10"><phr n="10"><ent r="3" t="1" w="560" /><ent r="3" t="1" w="715" /><ent r="3" t="14" w="1592" /><ent r="3" t="14" w="1593" /><ent r="3" t="14" w="1600" /><ent r="3" t="14" w="1601" /><ent r="3" t="14" w="1866" /><ent r="5" t="15" w="879" /><ent r="3" t="15" w="927" /><ent r="3" t="16" w="1054" /><ent r="3" t="16" w="1060" /><ent r="3" t="16" w="1127" /><ent r="3" t="16" w="1133" /><ent r="3" t="16" w="1153" /><ent r="3" t="17" w="147" /><ent r="3" t="17" w="161" /><ent r="4" t="21" w="636" /><ent r="3" t="21" w="1258" /><ent r="4" t="21" w="1545" /><ent r="3" t="21" w="1844" /><ent r="3" t="21" w="1845" /><ent r="3" t="21" w="1864" /><ent r="3" t="21" w="1865" /><ent r="3" t="21" w="1871" /><ent r="3" t="21" w="1872" /><ent r="3" t="21" w="1886" /><ent r="3" t="21" w="1887" /><ent r="3" t="21" w="1906" /><ent r="3" t="21" w="1907" /><ent r="3" t="21" w="1913" /><ent r="3" t="21" w="1914" /><ent r="3" t="21" w="1928" /><ent r="3" t="21" w="1929" /><ent r="3" t="21" w="1950" /><ent r="3" t="21" w="1951" /><ent r="3" t="22" w="67" /><ent r="5" t="22" w="183" /><ent r="3" t="27" w="985" /><ent r="3" t="27" w="1139" /><ent r="3" t="27" w="1718" /><ent r="3" t="31" w="3468" /><ent r="7" t="33" w="1168" /><ent r="3" t="37" w="639" /><ent r="3" t="37" w="664" /><ent r="3" t="39" w="510" /><ent r="3" t="39" w="564" /><ent r="3" t="40" w="97" /><ent r="4" t="40" w="259" /><ent r="3" t="40" w="472" /><ent r="3" t="40" w="473" /><ent r="3" t="40" w="505" /><ent r="3" t="40" w="506" /><ent r="3" t="40" w="591" /><ent r="3" t="41" w="175" /><ent r="3" t="41" w="201" /><ent r="3" t="41" w="511" /></phr><phr n="10s"><ent r="3" t="21" w="1202" /><ent r="3" t="21" w="1250" /></phr></stem></index>