﻿<?xml version="1.0" encoding="utf-8"?><index><stem n="interfac"><phr n="interfaces"><ent r="6" t="5" w="826" /><ent r="4" t="12" w="79" /><ent r="4" t="12" w="90" /><ent r="4" t="15" w="156" /><ent r="4" t="22" w="230" /><ent r="4" t="22" w="240" /><ent r="4" t="22" w="253" /><ent r="4" t="22" w="281" /><ent r="4" t="23" w="175" /><ent r="4" t="23" w="203" /><ent r="3" t="23" w="289" /><ent r="3" t="43" w="129" /><ent r="3" t="43" w="203" /><ent r="7" t="55" w="325" /><ent r="7" t="55" w="329" /><ent r="7" t="55" w="338" /></phr><phr n="interface"><ent r="5" t="14" w="571" /><ent r="5" t="14" w="578" /><ent r="5" t="14" w="585" /><ent r="5" t="14" w="592" /><ent r="4" t="15" w="162" /><ent r="3" t="22" w="68" /><ent r="3" t="22" w="76" /><ent r="5" t="22" w="217" /><ent r="5" t="22" w="284" /><ent r="4" t="22" w="297" /><ent r="4" t="22" w="307" /><ent r="3" t="23" w="458" /><ent r="3" t="23" w="468" /><ent r="4" t="23" w="1368" /><ent r="3" t="24" w="652" /><ent r="3" t="24" w="663" /><ent r="3" t="24" w="685" /><ent r="3" t="39" w="558" /><ent r="4" t="46" w="85" /><ent r="5" t="55" w="381" /><ent r="5" t="55" w="1944" /></phr><phr n="Interface"><ent r="3" t="23" w="305" /><ent r="3" t="23" w="1005" /><ent r="3" t="23" w="1287" /><ent r="7" t="55" w="396" /><ent r="1000" t="59" w="5" /><ent r="100" t="59" w="9" /></phr><phr n="Interfaces"><ent r="4" t="45" w="67" /></phr></stem><stem n="(interfaces)"><phr n="(interfaces)"><ent r="6" t="5" w="827" /></phr></stem><stem n="snmpv2c"><phr n="SNMPV2C"><ent r="100" t="5" w="830" /><ent r="6" t="5" w="832" /><ent r="100" t="40" w="107" /></phr><phr n="SNMPv2c"><ent r="6" t="5" w="836" /><ent r="5" t="14" w="673" /><ent r="3" t="19" w="1300" /><ent r="4" t="25" w="639" /><ent r="4" t="25" w="652" /><ent r="3" t="27" w="544" /><ent r="3" t="27" w="1576" /><ent r="4" t="40" w="121" /><ent r="3" t="40" w="433" /></phr></stem><stem n=":icmp"><phr n=":ICMP"><ent r="100" t="5" w="845" /></phr></stem><stem n="icmp"><phr n="ICMP"><ent r="100" t="5" w="845" /><ent r="100" t="5" w="849" /><ent r="100" t="5" w="851" /><ent r="6" t="5" w="860" /><ent r="5" t="13" w="367" /><ent r="100" t="42" w="384" /><ent r="5" t="42" w="389" /></phr></stem><stem n="noicmpfallback"><phr n="NOICMPFALLBACK"><ent r="100" t="5" w="847" /><ent r="6" t="5" w="854" /></phr></stem><stem n=":send"><phr n=":send"><ent r="100" t="5" w="852" /></phr><phr n=":Send"><ent r="100" t="31" w="139" /></phr></stem><stem n="return"><phr n="return"><ent r="6" t="5" w="869" /><ent r="3" t="14" w="1292" /><ent r="3" t="15" w="98" /><ent r="3" t="21" w="2047" /><ent r="4" t="21" w="2151" /><ent r="4" t="21" w="2338" /><ent r="6" t="21" w="2857" /><ent r="3" t="30" w="61" /><ent r="3" t="30" w="559" /><ent r="100" t="31" w="3849" /><ent r="100" t="31" w="3852" /><ent r="3" t="31" w="3888" /><ent r="3" t="33" w="75" /><ent r="3" t="33" w="145" /><ent r="3" t="33" w="452" /><ent r="4" t="33" w="463" /><ent r="4" t="33" w="493" /><ent r="4" t="33" w="560" /><ent r="3" t="34" w="572" /><ent r="3" t="34" w="826" /><ent r="5" t="37" w="443" /><ent r="4" t="40" w="239" /><ent r="3" t="55" w="1402" /></phr><phr n="returning"><ent r="6" t="5" w="970" /></phr><phr n="returns"><ent r="3" t="8" w="428" /><ent r="3" t="8" w="528" /><ent r="5" t="14" w="731" /><ent r="4" t="21" w="667" /><ent r="6" t="21" w="2465" /><ent r="6" t="21" w="2482" /><ent r="3" t="23" w="1408" /><ent r="3" t="23" w="1428" /><ent r="4" t="33" w="1430" /><ent r="3" t="34" w="458" /><ent r="3" t="34" w="712" /><ent r="3" t="36" w="442" /><ent r="3" t="37" w="439" /><ent r="3" t="37" w="611" /><ent r="3" t="37" w="629" /><ent r="3" t="51" w="503" /><ent r="5" t="55" w="1235" /></phr><phr n="returned"><ent r="6" t="16" w="524" /><ent r="6" t="16" w="553" /><ent r="4" t="21" w="2114" /><ent r="3" t="21" w="2600" /><ent r="3" t="25" w="261" /><ent r="3" t="30" w="843" /><ent r="4" t="33" w="516" /><ent r="3" t="37" w="178" /><ent r="4" t="39" w="96" /><ent r="3" t="41" w="497" /><ent r="3" t="50" w="126" /><ent r="3" t="50" w="147" /><ent r="5" t="55" w="422" /><ent r="5" t="55" w="899" /></phr><phr n="Returns"><ent r="4" t="21" w="692" /><ent r="4" t="21" w="717" /><ent r="4" t="21" w="742" /><ent r="4" t="21" w="758" /><ent r="3" t="21" w="849" /><ent r="3" t="21" w="959" /><ent r="3" t="21" w="971" /><ent r="3" t="21" w="1000" /><ent r="3" t="21" w="1461" /><ent r="3" t="21" w="1731" /></phr><phr n="Return"><ent r="100" t="30" w="466" /><ent r="5" t="30" w="469" /><ent r="3" t="34" w="552" /><ent r="3" t="34" w="591" /><ent r="3" t="34" w="806" /><ent r="3" t="34" w="846" /><ent r="82" t="37" w="603" /><ent r="4" t="41" w="756" /></phr></stem><stem n="minim"><phr n="MINIMAL"><ent r="100" t="5" w="871" /><ent r="6" t="5" w="873" /></phr><phr n="minimizes"><ent r="3" t="19" w="520" /></phr></stem><stem n="(specified)"><phr n="(specified)"><ent r="6" t="5" w="881" /></phr></stem><stem n="ntcredenti"><phr n="NTCREDENTIALS"><ent r="100" t="5" w="883" /><ent r="6" t="5" w="885" /></phr></stem><stem n="elev"><phr n="elevate"><ent r="6" t="5" w="889" /></phr></stem><stem n="credenti"><phr n="credentials"><ent r="6" t="5" w="891" /></phr></stem><stem n="usernam"><phr n="username"><ent r="6" t="5" w="894" /><ent r="3" t="40" w="405" /><ent r="4" t="47" w="357" /></phr><phr n="Username"><ent r="100" t="40" w="397" /></phr></stem><stem n="password"><phr n="password"><ent r="6" t="5" w="896" /><ent r="4" t="8" w="260" /><ent r="3" t="8" w="277" /><ent r="3" t="8" w="281" /><ent r="3" t="8" w="328" /><ent r="5" t="14" w="947" /><ent r="3" t="30" w="1320" /><ent r="5" t="30" w="1656" /><ent r="3" t="32" w="255" /><ent r="3" t="40" w="486" /><ent r="3" t="40" w="493" /><ent r="3" t="40" w="546" /><ent r="3" t="47" w="218" /><ent r="3" t="47" w="238" /><ent r="3" t="47" w="289" /><ent r="3" t="47" w="291" /><ent r="3" t="47" w="310" /><ent r="3" t="47" w="331" /><ent r="4" t="47" w="359" /><ent r="3" t="47" w="478" /><ent r="3" t="47" w="502" /></phr><phr n="Password"><ent r="5" t="8" w="172" /><ent r="100" t="8" w="239" /><ent r="82" t="8" w="242" /><ent r="3" t="8" w="296" /><ent r="3" t="8" w="305" /><ent r="3" t="8" w="333" /><ent r="3" t="8" w="587" /><ent r="3" t="30" w="1317" /><ent r="3" t="31" w="3438" /></phr><phr n="PASSWORD"><ent r="100" t="8" w="237" /></phr></stem><stem n="nt"><phr n="NT"><ent r="6" t="5" w="900" /></phr></stem><stem n="panel"><phr n="panel"><ent r="6" t="5" w="904" /><ent r="4" t="50" w="368" /></phr></stem><stem n="long"><phr n="long"><ent r="6" t="5" w="905" /><ent r="4" t="12" w="228" /><ent r="6" t="21" w="2393" /><ent r="6" t="21" w="2402" /><ent r="4" t="30" w="281" /><ent r="4" t="30" w="326" /><ent r="3" t="30" w="1799" /><ent r="4" t="42" w="471" /></phr><phr n="LONG"><ent r="100" t="31" w="2642" /><ent r="5" t="31" w="2648" /><ent r="4" t="31" w="2687" /></phr></stem><stem n="enough"><phr n="enough"><ent r="6" t="5" w="906" /></phr></stem><stem n="(window"><phr n="(Windows"><ent r="6" t="5" w="915" /></phr></stem><stem n=".)"><phr n=".)"><ent r="6" t="5" w="917" /><ent r="3" t="8" w="263" /><ent r="5" t="14" w="1244" /><ent r="4" t="14" w="1701" /><ent r="3" t="17" w="95" /><ent r="3" t="18" w="727" /><ent r="3" t="19" w="550" /><ent r="3" t="19" w="603" /><ent r="3" t="20" w="269" /><ent r="3" t="25" w="1285" /><ent r="3" t="26" w="59" /><ent r="5" t="30" w="1519" /><ent r="4" t="31" w="389" /><ent r="3" t="33" w="72" /><ent r="4" t="33" w="733" /><ent r="4" t="33" w="746" /><ent r="3" t="33" w="789" /><ent r="3" t="39" w="582" /><ent r="6" t="53" w="363" /><ent r="3" t="54" w="218" /><ent r="5" t="55" w="1344" /></phr></stem><stem n="-loop"><phr n="-LOOPS"><ent r="6" t="5" w="918" /><ent r="6" t="5" w="918" /></phr></stem><stem n="allow-loop"><phr n="ALLOW-LOOPS"><ent r="6" t="5" w="918" /></phr></stem><stem n="loop"><phr n="LOOPS"><ent r="6" t="5" w="919" /></phr><phr n="loop"><ent r="6" t="5" w="988" /><ent r="4" t="40" w="1190" /></phr></stem><stem n="equip"><phr n="equipment"><ent r="6" t="5" w="923" /><ent r="6" t="5" w="1009" /><ent r="3" t="15" w="79" /><ent r="3" t="21" w="2598" /><ent r="3" t="23" w="1132" /><ent r="3" t="27" w="295" /></phr></stem><stem n="iftabl"><phr n="ifTable"><ent r="6" t="5" w="928" /><ent r="6" t="5" w="1018" /><ent r="6" t="5" w="1031" /><ent r="3" t="23" w="281" /><ent r="3" t="23" w="293" /><ent r="3" t="23" w="299" /><ent r="4" t="23" w="338" /><ent r="3" t="23" w="402" /><ent r="3" t="23" w="455" /><ent r="3" t="23" w="660" /><ent r="3" t="23" w="960" /><ent r="3" t="23" w="997" /><ent r="3" t="23" w="1113" /><ent r="3" t="40" w="421" /><ent r="3" t="40" w="525" /><ent r="3" t="40" w="580" /></phr><phr n="IfTable"><ent r="100" t="40" w="415" /></phr></stem><stem n="proce"><phr n="proceed"><ent r="6" t="5" w="934" /><ent r="4" t="40" w="162" /><ent r="3" t="41" w="372" /></phr></stem><stem n="usual"><phr n="usual"><ent r="6" t="5" w="937" /><ent r="3" t="35" w="160" /><ent r="3" t="56" w="192" /></phr><phr n="usually"><ent r="4" t="15" w="150" /><ent r="5" t="30" w="1442" /></phr></stem><stem n="strictli"><phr n="strictly"><ent r="6" t="5" w="938" /></phr></stem><stem n="increas"><phr n="increasing"><ent r="6" t="5" w="939" /><ent r="4" t="40" w="1166" /></phr><phr n="Increase"><ent r="5" t="7" w="337" /></phr><phr n="increase"><ent r="5" t="7" w="345" /></phr></stem><stem n="fashion"><phr n="fashion"><ent r="6" t="5" w="940" /><ent r="4" t="21" w="265" /></phr></stem><stem n="jump"><phr n="jumping"><ent r="6" t="5" w="941" /></phr><phr n="Jumping"><ent r="100" t="30" w="131" /><ent r="100" t="30" w="1132" /><ent r="100" t="30" w="1135" /><ent r="82" t="30" w="1137" /></phr><phr n="jumps"><ent r="3" t="30" w="1002" /><ent r="3" t="31" w="897" /><ent r="4" t="31" w="1439" /><ent r="3" t="31" w="1541" /><ent r="3" t="31" w="1568" /><ent r="3" t="31" w="2018" /><ent r="3" t="31" w="2036" /><ent r="3" t="31" w="2839" /><ent r="3" t="31" w="2860" /><ent r="3" t="31" w="3263" /><ent r="3" t="31" w="3331" /><ent r="3" t="31" w="3935" /></phr><phr n="jump"><ent r="3" t="30" w="1100" /><ent r="3" t="30" w="1149" /><ent r="3" t="30" w="1205" /><ent r="3" t="30" w="1690" /><ent r="4" t="31" w="521" /><ent r="3" t="31" w="1128" /><ent r="3" t="31" w="1593" /></phr><phr n="Jump"><ent r="4" t="31" w="305" /></phr></stem><stem n="around"><phr n="around"><ent r="6" t="5" w="942" /><ent r="6" t="5" w="1053" /><ent r="6" t="21" w="2814" /></phr></stem><stem n="instead"><phr n="instead"><ent r="6" t="5" w="943" /><ent r="4" t="15" w="833" /><ent r="4" t="21" w="2083" /><ent r="4" t="22" w="139" /><ent r="3" t="31" w="1582" /><ent r="3" t="31" w="2033" /><ent r="6" t="33" w="1034" /><ent r="6" t="33" w="1037" /><ent r="6" t="33" w="1127" /><ent r="3" t="35" w="43" /><ent r="6" t="53" w="745" /><ent r="6" t="55" w="1194" /></phr><phr n="Instead"><ent r="4" t="23" w="1627" /><ent r="3" t="41" w="13" /></phr></stem><stem n="instruct"><phr n="instruct"><ent r="6" t="5" w="951" /><ent r="6" t="5" w="985" /><ent r="6" t="5" w="1049" /></phr><phr n="instructions"><ent r="4" t="37" w="254" /></phr><phr n="instructed"><ent r="4" t="41" w="770" /></phr></stem><stem n="situat"><phr n="situation"><ent r="6" t="5" w="956" /><ent r="6" t="5" w="1055" /><ent r="3" t="30" w="1683" /></phr><phr n="situations"><ent r="6" t="55" w="751" /></phr></stem><stem n="n"><phr n="N"><ent r="6" t="5" w="957" /><ent r="4" t="25" w="763" /><ent r="4" t="25" w="779" /><ent r="4" t="25" w="795" /><ent r="3" t="25" w="807" /><ent r="6" t="31" w="552" /><ent r="6" t="31" w="591" /><ent r="6" t="31" w="599" /><ent r="6" t="31" w="638" /><ent r="6" t="31" w="763" /><ent r="5" t="31" w="2061" /><ent r="5" t="31" w="2187" /><ent r="5" t="31" w="2285" /><ent r="5" t="31" w="2293" /><ent r="5" t="31" w="2529" /><ent r="100" t="39" w="267" /><ent r="93" t="39" w="281" /></phr><phr n="n"><ent r="5" t="14" w="1220" /><ent r="3" t="14" w="1848" /><ent r="100" t="30" w="8" /><ent r="6" t="30" w="471" /><ent r="3" t="30" w="563" /><ent r="3" t="30" w="1203" /><ent r="4" t="30" w="1210" /><ent r="100" t="31" w="12" /><ent r="100" t="31" w="19" /><ent r="100" t="31" w="35" /><ent r="4" t="31" w="2735" /><ent r="3" t="31" w="3421" /><ent r="3" t="31" w="3440" /><ent r="3" t="31" w="3457" /><ent r="3" t="31" w="3472" /><ent r="3" t="31" w="3842" /><ent r="3" t="32" w="463" /><ent r="3" t="40" w="89" /><ent r="5" t="40" w="170" /><ent r="4" t="40" w="190" /><ent r="3" t="41" w="174" /><ent r="3" t="47" w="509" /><ent r="3" t="47" w="562" /><ent r="3" t="47" w="584" /></phr></stem><stem n="n.b"><phr n="N.B"><ent r="6" t="5" w="958" /><ent r="6" t="5" w="957" /></phr></stem><stem n="b"><phr n="B"><ent r="6" t="5" w="958" /><ent r="100" t="7" w="8" /><ent r="6" t="7" w="366" /><ent r="4" t="21" w="1530" /><ent r="7" t="21" w="2425" /><ent r="3" t="21" w="2514" /><ent r="3" t="27" w="228" /><ent r="6" t="31" w="556" /><ent r="6" t="31" w="595" /><ent r="6" t="31" w="634" /><ent r="5" t="31" w="2191" /><ent r="5" t="31" w="2289" /><ent r="5" t="31" w="2525" /></phr><phr n="b"><ent r="7" t="7" w="487" /><ent r="7" t="7" w="492" /><ent r="4" t="21" w="1525" /><ent r="4" t="23" w="1193" /><ent r="3" t="23" w="1212" /><ent r="3" t="23" w="1222" /><ent r="3" t="24" w="1093" /><ent r="3" t="24" w="1115" /><ent r="3" t="24" w="1126" /><ent r="3" t="27" w="306" /><ent r="3" t="27" w="330" /><ent r="3" t="27" w="409" /><ent r="3" t="27" w="562" /><ent r="6" t="30" w="495" /></phr></stem><stem n="n.b."><phr n="N.B."><ent r="6" t="5" w="958" /><ent r="6" t="5" w="957" /></phr></stem><stem n=".b."><phr n=".B."><ent r="6" t="5" w="959" /></phr></stem><stem n="stop"><phr n="stop"><ent r="6" t="5" w="969" /><ent r="6" t="5" w="1003" /><ent r="3" t="40" w="1083" /><ent r="3" t="47" w="540" /></phr><phr n="stopped"><ent r="3" t="41" w="423" /><ent r="3" t="47" w="533" /></phr><phr n="Stop"><ent r="4" t="50" w="371" /></phr></stem><stem n="everi"><phr n="every"><ent r="6" t="5" w="973" /><ent r="3" t="25" w="903" /><ent r="6" t="55" w="1181" /></phr><phr n="Every"><ent r="3" t="18" w="221" /><ent r="6" t="53" w="161" /></phr></stem><stem n="5000"><phr n="5000"><ent r="6" t="5" w="994" /></phr></stem><stem n="occur"><phr n="occurred"><ent r="6" t="5" w="997" /></phr><phr n="occurs"><ent r="3" t="24" w="763" /><ent r="3" t="30" w="993" /><ent r="3" t="30" w="1684" /></phr><phr n="occur"><ent r="3" t="30" w="1710" /></phr></stem><stem n="point"><phr n="point"><ent r="6" t="5" w="1000" /><ent r="5" t="14" w="485" /><ent r="5" t="14" w="1034" /><ent r="6" t="16" w="615" /><ent r="6" t="16" w="630" /><ent r="4" t="16" w="1430" /><ent r="3" t="17" w="214" /><ent r="3" t="18" w="63" /><ent r="3" t="18" w="98" /><ent r="3" t="18" w="103" /><ent r="3" t="18" w="116" /><ent r="3" t="18" w="225" /><ent r="3" t="18" w="355" /><ent r="3" t="18" w="479" /><ent r="3" t="18" w="492" /><ent r="3" t="18" w="506" /><ent r="4" t="18" w="611" /><ent r="3" t="18" w="667" /><ent r="3" t="18" w="734" /><ent r="3" t="18" w="779" /><ent r="4" t="18" w="853" /><ent r="4" t="18" w="861" /><ent r="4" t="18" w="884" /><ent r="4" t="19" w="101" /><ent r="4" t="19" w="125" /><ent r="4" t="19" w="145" /><ent r="3" t="19" w="270" /><ent r="3" t="19" w="280" /><ent r="3" t="19" w="301" /><ent r="3" t="19" w="318" /><ent r="4" t="19" w="359" /><ent r="4" t="19" w="409" /><ent r="3" t="19" w="452" /><ent r="3" t="19" w="467" /><ent r="3" t="19" w="575" /><ent r="3" t="19" w="585" /><ent r="3" t="19" w="613" /><ent r="3" t="19" w="625" /><ent r="4" t="19" w="689" /><ent r="4" t="19" w="716" /><ent r="4" t="19" w="739" /><ent r="4" t="19" w="742" /><ent r="3" t="19" w="934" /><ent r="3" t="19" w="974" /><ent r="3" t="19" w="1067" /><ent r="3" t="19" w="1223" /><ent r="3" t="19" w="1232" /><ent r="3" t="19" w="1253" /><ent r="3" t="19" w="1289" /><ent r="3" t="19" w="1392" /><ent r="3" t="19" w="1397" /><ent r="4" t="21" w="129" /><ent r="4" t="21" w="432" /><ent r="4" t="21" w="1108" /><ent r="4" t="21" w="1118" /><ent r="4" t="21" w="1128" /><ent r="3" t="21" w="1343" /><ent r="3" t="21" w="1360" /><ent r="4" t="23" w="215" /><ent r="4" t="33" w="1451" /><ent r="3" t="56" w="379" /></phr><phr n="Points"><ent r="1000" t="18" w="2" /><ent r="102" t="18" w="8" /><ent r="92" t="18" w="266" /><ent r="92" t="18" w="888" /></phr><phr n="Point"><ent r="100" t="18" w="5" /><ent r="64" t="18" w="758" /><ent r="64" t="18" w="907" /><ent r="1000" t="19" w="2" /><ent r="102" t="19" w="6" /><ent r="100" t="19" w="11" /><ent r="1000" t="20" w="2" /><ent r="102" t="20" w="6" /><ent r="100" t="20" w="11" /><ent r="72" t="21" w="1338" /></phr><phr n="points"><ent r="3" t="18" w="76" /><ent r="3" t="18" w="136" /><ent r="3" t="18" w="139" /><ent r="3" t="18" w="277" /><ent r="3" t="18" w="301" /><ent r="3" t="18" w="363" /><ent r="3" t="18" w="469" /><ent r="3" t="18" w="488" /><ent r="3" t="18" w="510" /><ent r="3" t="18" w="527" /><ent r="4" t="18" w="554" /><ent r="4" t="18" w="570" /><ent r="4" t="18" w="588" /><ent r="3" t="18" w="647" /><ent r="3" t="18" w="694" /><ent r="3" t="18" w="891" /><ent r="3" t="19" w="14" /><ent r="4" t="19" w="490" /><ent r="4" t="19" w="506" /><ent r="3" t="19" w="539" /><ent r="3" t="19" w="582" /><ent r="4" t="19" w="640" /><ent r="4" t="19" w="775" /><ent r="4" t="19" w="785" /><ent r="4" t="19" w="808" /><ent r="4" t="19" w="818" /><ent r="4" t="19" w="822" /><ent r="4" t="19" w="831" /><ent r="3" t="19" w="964" /><ent r="3" t="19" w="1211" /><ent r="3" t="19" w="1217" /><ent r="3" t="19" w="1466" /><ent r="3" t="20" w="53" /></phr></stem><stem n="-bug"><phr n="-BUG"><ent r="6" t="5" w="1005" /><ent r="6" t="5" w="1005" /></phr></stem><stem n="ifindex"><phr n="IFINDEX"><ent r="6" t="5" w="1005" /></phr><phr n="ifIndex"><ent r="5" t="14" w="568" /><ent r="3" t="23" w="302" /><ent r="3" t="23" w="304" /><ent r="3" t="23" w="376" /><ent r="3" t="23" w="578" /><ent r="3" t="23" w="581" /><ent r="4" t="23" w="808" /><ent r="3" t="23" w="1000" /><ent r="3" t="23" w="1003" /><ent r="3" t="24" w="383" /><ent r="3" t="24" w="385" /><ent r="3" t="24" w="621" /><ent r="3" t="24" w="659" /><ent r="3" t="24" w="687" /></phr></stem><stem n="ifindex-bug"><phr n="IFINDEX-BUG"><ent r="6" t="5" w="1005" /></phr></stem><stem n="bug"><phr n="BUG"><ent r="6" t="5" w="1006" /></phr><phr n="bugs"><ent r="82" t="47" w="337" /></phr></stem><stem n="incorrectli"><phr n="incorrectly"><ent r="6" t="5" w="1012" /></phr></stem><stem n="spars"><phr n="sparse"><ent r="6" t="5" w="1030" /></phr></stem><stem n="rather"><phr n="rather"><ent r="6" t="5" w="1032" /><ent r="6" t="5" w="1056" /><ent r="3" t="35" w="151" /><ent r="3" t="47" w="67" /><ent r="4" t="51" w="106" /></phr></stem><stem n="try"><phr n="trying"><ent r="6" t="5" w="1034" /><ent r="3" t="31" w="1016" /><ent r="3" t="47" w="69" /></phr><phr n="try"><ent r="3" t="31" w="4054" /><ent r="3" t="47" w="93" /></phr></stem><stem n="turn"><phr n="turn"><ent r="6" t="5" w="1041" /></phr><phr n="Turn"><ent r="5" t="7" w="427" /></phr><phr n="turns"><ent r="3" t="18" w="517" /></phr><phr n="turning"><ent r="3" t="19" w="937" /></phr></stem><stem n="work"><phr n="work"><ent r="6" t="5" w="1052" /><ent r="3" t="15" w="274" /><ent r="3" t="21" w="1693" /><ent r="4" t="23" w="1661" /><ent r="4" t="24" w="460" /><ent r="3" t="24" w="734" /><ent r="3" t="24" w="980" /><ent r="3" t="31" w="1077" /><ent r="3" t="33" w="285" /><ent r="3" t="37" w="423" /><ent r="3" t="47" w="692" /><ent r="3" t="55" w="208" /></phr><phr n="working"><ent r="3" t="18" w="397" /><ent r="3" t="18" w="446" /><ent r="3" t="34" w="189" /><ent r="3" t="39" w="17" /><ent r="3" t="47" w="166" /><ent r="3" t="47" w="265" /></phr><phr n="worked"><ent r="3" t="18" w="454" /></phr><phr n="works"><ent r="3" t="23" w="1351" /><ent r="3" t="27" w="290" /><ent r="3" t="47" w="745" /><ent r="6" t="53" w="707" /></phr><phr n="Works"><ent r="3" t="27" w="234" /></phr></stem><stem n="attempt"><phr n="attempting"><ent r="6" t="5" w="1058" /></phr><phr n="attempted"><ent r="5" t="14" w="914" /></phr><phr n="attempt"><ent r="4" t="40" w="233" /></phr></stem><stem n="effici"><phr n="efficient"><ent r="6" t="5" w="1061" /></phr></stem><stem n="linkcrit"><phr n="LINKCRITICAL"><ent r="6" t="5" w="1063" /></phr></stem><stem n="goe"><phr n="goes"><ent r="6" t="5" w="1070" /><ent r="3" t="45" w="342" /></phr></stem><stem n="critic"><phr n="critical"><ent r="6" t="5" w="1082" /><ent r="4" t="17" w="117" /><ent r="3" t="17" w="136" /><ent r="3" t="17" w="142" /><ent r="3" t="19" w="62" /><ent r="4" t="19" w="132" /><ent r="3" t="19" w="1240" /><ent r="3" t="19" w="1256" /><ent r="3" t="19" w="1272" /><ent r="3" t="19" w="1436" /><ent r="3" t="19" w="1453" /><ent r="3" t="19" w="1459" /><ent r="3" t="19" w="1492" /><ent r="3" t="19" w="1498" /><ent r="3" t="19" w="1527" /><ent r="3" t="20" w="183" /><ent r="3" t="25" w="1365" /><ent r="3" t="34" w="524" /><ent r="3" t="34" w="778" /><ent r="5" t="37" w="781" /></phr><phr n="Critical"><ent r="5" t="18" w="195" /><ent r="3" t="18" w="318" /><ent r="3" t="18" w="366" /><ent r="3" t="27" w="482" /><ent r="3" t="27" w="509" /><ent r="3" t="27" w="643" /><ent r="3" t="27" w="670" /><ent r="3" t="27" w="766" /><ent r="3" t="27" w="793" /><ent r="3" t="27" w="876" /><ent r="3" t="27" w="903" /><ent r="3" t="27" w="1058" /><ent r="3" t="27" w="1085" /><ent r="3" t="28" w="226" /><ent r="3" t="37" w="147" /><ent r="4" t="37" w="473" /></phr><phr n="CRITICAL"><ent r="4" t="30" w="241" /></phr></stem><stem n="old"><phr n="Old"><ent r="100" t="5" w="1096" /><ent r="100" t="5" w="1102" /><ent r="5" t="13" w="456" /></phr><phr n="old"><ent r="4" t="5" w="1099" /><ent r="5" t="5" w="1107" /><ent r="5" t="37" w="857" /></phr></stem><stem n="_protocol"><phr n="_protocol"><ent r="100" t="5" w="1097" /><ent r="4" t="5" w="1100" /></phr></stem><stem n="old_protocol"><phr n="Old_protocol"><ent r="100" t="5" w="1097" /><ent r="100" t="5" w="1096" /></phr><phr n="old_protocol"><ent r="4" t="5" w="1100" /><ent r="4" t="5" w="1099" /></phr></stem><stem n="protocol"><phr n="protocol"><ent r="100" t="5" w="1097" /><ent r="4" t="5" w="1100" /><ent r="3" t="23" w="146" /><ent r="5" t="30" w="1661" /><ent r="3" t="40" w="483" /><ent r="3" t="40" w="489" /><ent r="3" t="40" w="543" /><ent r="3" t="40" w="551" /></phr></stem><stem n="_script"><phr n="_script"><ent r="100" t="5" w="1103" /><ent r="5" t="5" w="1108" /></phr></stem><stem n="old_script"><phr n="Old_script"><ent r="100" t="5" w="1103" /><ent r="100" t="5" w="1102" /></phr><phr n="old_script"><ent r="5" t="5" w="1108" /><ent r="5" t="5" w="1107" /></phr></stem><stem n="backward"><phr n="backward"><ent r="4" t="5" w="1113" /><ent r="3" t="30" w="1208" /></phr></stem><stem n="compat"><phr n="compatibility"><ent r="4" t="5" w="1114" /><ent r="3" t="36" w="42" /></phr></stem><stem n="deprec"><phr n="deprecated"><ent r="4" t="5" w="1116" /><ent r="3" t="24" w="942" /><ent r="4" t="33" w="554" /></phr><phr n="Deprecated"><ent r="100" t="31" w="2433" /><ent r="4" t="31" w="2435" /></phr></stem><stem n="ignor"><phr n="ignored"><ent r="4" t="5" w="1119" /><ent r="3" t="9" w="130" /><ent r="3" t="19" w="549" /><ent r="3" t="20" w="144" /><ent r="4" t="21" w="2300" /><ent r="3" t="24" w="74" /><ent r="3" t="30" w="1998" /><ent r="4" t="33" w="1363" /><ent r="3" t="45" w="322" /></phr><phr n="ignoring"><ent r="3" t="24" w="210" /></phr><phr n="ignores"><ent r="3" t="30" w="386" /></phr><phr n="ignore"><ent r="100" t="31" w="279" /><ent r="3" t="31" w="1072" /><ent r="3" t="31" w="2797" /></phr><phr n="Ignore"><ent r="100" t="31" w="281" /><ent r="4" t="31" w="283" /><ent r="100" t="31" w="325" /></phr></stem><stem n="older"><phr n="older"><ent r="4" t="5" w="1122" /><ent r="3" t="37" w="744" /></phr></stem><stem n="folder"><phr n="folder"><ent r="3" t="6" w="31" /><ent r="3" t="6" w="38" /><ent r="3" t="38" w="142" /><ent r="4" t="43" w="75" /><ent r="3" t="44" w="17" /><ent r="3" t="44" w="46" /><ent r="4" t="44" w="58" /><ent r="4" t="44" w="75" /><ent r="4" t="44" w="79" /><ent r="3" t="44" w="115" /><ent r="3" t="44" w="134" /><ent r="3" t="44" w="246" /><ent r="3" t="44" w="251" /><ent r="6" t="44" w="255" /><ent r="3" t="47" w="90" /><ent r="3" t="47" w="171" /><ent r="6" t="47" w="400" /><ent r="3" t="47" w="459" /><ent r="3" t="47" w="615" /><ent r="4" t="52" w="243" /><ent r="5" t="55" w="162" /><ent r="6" t="55" w="1204" /><ent r="3" t="56" w="30" /><ent r="3" t="56" w="46" /><ent r="3" t="56" w="73" /><ent r="3" t="56" w="87" /><ent r="3" t="56" w="98" /><ent r="3" t="56" w="160" /><ent r="3" t="56" w="220" /><ent r="3" t="56" w="255" /><ent r="4" t="57" w="71" /></phr><phr n="folders"><ent r="3" t="44" w="67" /><ent r="4" t="44" w="85" /><ent r="3" t="44" w="201" /><ent r="3" t="56" w="50" /><ent r="3" t="56" w="79" /><ent r="3" t="56" w="414" /></phr><phr n="Folder"><ent r="3" t="44" w="367" /><ent r="1000" t="56" w="1" /><ent r="100" t="56" w="4" /><ent r="102" t="56" w="7" /></phr></stem><stem n="two"><phr n="two"><ent r="3" t="6" w="46" /><ent r="3" t="6" w="224" /><ent r="3" t="7" w="546" /><ent r="4" t="7" w="582" /><ent r="6" t="16" w="716" /><ent r="3" t="16" w="1412" /><ent r="3" t="16" w="1515" /><ent r="3" t="16" w="1542" /><ent r="3" t="18" w="361" /><ent r="3" t="23" w="150" /><ent r="3" t="23" w="1326" /><ent r="3" t="23" w="1358" /><ent r="3" t="24" w="19" /><ent r="3" t="24" w="305" /><ent r="4" t="24" w="519" /><ent r="3" t="24" w="1007" /><ent r="3" t="24" w="1014" /><ent r="3" t="25" w="116" /><ent r="3" t="26" w="32" /><ent r="3" t="30" w="1826" /><ent r="4" t="31" w="607" /><ent r="4" t="31" w="646" /><ent r="3" t="31" w="2303" /><ent r="3" t="31" w="2539" /><ent r="3" t="31" w="4116" /><ent r="3" t="33" w="603" /><ent r="3" t="34" w="444" /><ent r="3" t="34" w="459" /><ent r="3" t="34" w="573" /><ent r="3" t="34" w="698" /><ent r="3" t="34" w="713" /><ent r="3" t="34" w="827" /><ent r="3" t="38" w="222" /><ent r="3" t="39" w="221" /><ent r="3" t="42" w="212" /><ent r="6" t="53" w="346" /><ent r="7" t="53" w="536" /><ent r="6" t="55" w="1219" /><ent r="6" t="55" w="2002" /></phr><phr n="Two"><ent r="4" t="21" w="1651" /><ent r="3" t="43" w="138" /><ent r="3" t="47" w="11" /><ent r="3" t="54" w="69" /></phr></stem><stem n="period"><phr n="period"><ent r="3" t="6" w="51" /><ent r="3" t="24" w="77" /><ent r="3" t="24" w="102" /><ent r="3" t="24" w="108" /><ent r="3" t="24" w="148" /><ent r="3" t="24" w="379" /></phr><phr n="periods"><ent r="3" t="24" w="70" /><ent r="3" t="24" w="72" /><ent r="3" t="24" w="213" /></phr></stem><stem n="(&quot;.&quot;)."><phr n="(&quot;.&quot;)."><ent r="3" t="6" w="52" /></phr></stem><stem n="uniqu"><phr n="unique"><ent r="4" t="6" w="61" /><ent r="4" t="23" w="265" /><ent r="3" t="23" w="450" /><ent r="3" t="41" w="283" /></phr></stem><stem n="dn"><phr n="DNS"><ent r="100" t="6" w="69" /><ent r="4" t="6" w="97" /><ent r="3" t="27" w="1216" /><ent r="3" t="27" w="1611" /><ent r="100" t="38" w="299" /><ent r="4" t="38" w="309" /><ent r="100" t="55" w="1017" /><ent r="5" t="55" w="1023" /></phr></stem></index>