﻿<?xml version="1.0" encoding="utf-8"?><index><stem n="besid"><phr n="besides"><ent r="3" t="4" w="369" /></phr></stem><stem n="control"><phr n="control"><ent r="3" t="4" w="385" /><ent r="3" t="15" w="695" /><ent r="3" t="19" w="463" /><ent r="92" t="31" w="448" /><ent r="3" t="31" w="455" /><ent r="3" t="31" w="913" /><ent r="3" t="31" w="3700" /><ent r="3" t="32" w="211" /><ent r="3" t="33" w="426" /><ent r="3" t="50" w="140" /><ent r="4" t="50" w="187" /><ent r="3" t="52" w="30" /><ent r="3" t="53" w="21" /><ent r="65" t="55" w="99" /><ent r="93" t="55" w="1272" /><ent r="3" t="58" w="25" /><ent r="3" t="58" w="42" /><ent r="4" t="58" w="48" /><ent r="3" t="59" w="31" /></phr><phr n="controls"><ent r="4" t="15" w="882" /><ent r="3" t="16" w="1401" /><ent r="4" t="22" w="186" /></phr><phr n="controlled"><ent r="3" t="26" w="40" /></phr><phr n="Control"><ent r="100" t="30" w="135" /><ent r="100" t="30" w="138" /><ent r="65" t="30" w="148" /><ent r="92" t="30" w="1088" /><ent r="100" t="30" w="1166" /><ent r="100" t="30" w="1169" /><ent r="100" t="30" w="1172" /><ent r="82" t="30" w="1182" /><ent r="4" t="50" w="172" /></phr><phr n="Controlling"><ent r="100" t="30" w="593" /><ent r="100" t="30" w="595" /><ent r="100" t="30" w="604" /><ent r="82" t="30" w="606" /></phr><phr n="Controls"><ent r="4" t="50" w="237" /></phr></stem><stem n="warn"><phr n="warnings"><ent r="3" t="4" w="386" /><ent r="3" t="15" w="489" /><ent r="3" t="16" w="90" /></phr><phr n="warning"><ent r="100" t="8" w="97" /><ent r="3" t="8" w="117" /><ent r="4" t="17" w="113" /><ent r="3" t="17" w="165" /><ent r="3" t="17" w="170" /><ent r="3" t="17" w="175" /><ent r="5" t="17" w="345" /><ent r="3" t="29" w="94" /><ent r="3" t="32" w="368" /><ent r="4" t="33" w="1244" /><ent r="3" t="36" w="491" /><ent r="3" t="39" w="172" /><ent r="5" t="55" w="279" /><ent r="5" t="55" w="361" /></phr><phr n="Warning"><ent r="3" t="18" w="313" /><ent r="3" t="28" w="228" /><ent r="3" t="36" w="458" /><ent r="4" t="37" w="470" /><ent r="3" t="39" w="177" /></phr><phr n="WARN"><ent r="100" t="30" w="231" /><ent r="4" t="30" w="243" /><ent r="100" t="30" w="1217" /><ent r="3" t="30" w="1222" /><ent r="100" t="31" w="1206" /><ent r="3" t="31" w="1210" /><ent r="3" t="31" w="2919" /><ent r="100" t="31" w="3572" /><ent r="3" t="31" w="3576" /><ent r="100" t="32" w="352" /><ent r="3" t="32" w="356" /><ent r="3" t="32" w="437" /><ent r="3" t="32" w="510" /><ent r="100" t="32" w="516" /><ent r="3" t="32" w="519" /></phr><phr n="warn"><ent r="3" t="34" w="534" /><ent r="3" t="34" w="788" /><ent r="3" t="37" w="594" /></phr><phr n="Warn"><ent r="3" t="34" w="596" /><ent r="3" t="34" w="851" /></phr></stem><stem n="alarm"><phr n="alarms"><ent r="3" t="4" w="388" /><ent r="3" t="15" w="488" /><ent r="3" t="16" w="89" /><ent r="3" t="19" w="1002" /><ent r="3" t="20" w="232" /><ent r="3" t="27" w="1136" /><ent r="7" t="55" w="318" /></phr><phr n="alarm"><ent r="6" t="5" w="1086" /><ent r="3" t="8" w="116" /><ent r="3" t="8" w="471" /><ent r="5" t="14" w="484" /><ent r="4" t="17" w="115" /><ent r="3" t="17" w="143" /><ent r="3" t="17" w="152" /><ent r="3" t="17" w="157" /><ent r="3" t="18" w="43" /><ent r="3" t="18" w="62" /><ent r="3" t="18" w="75" /><ent r="3" t="18" w="97" /><ent r="3" t="18" w="115" /><ent r="3" t="18" w="135" /><ent r="3" t="18" w="224" /><ent r="3" t="18" w="276" /><ent r="3" t="18" w="300" /><ent r="3" t="18" w="354" /><ent r="3" t="18" w="362" /><ent r="3" t="18" w="382" /><ent r="3" t="18" w="407" /><ent r="3" t="18" w="451" /><ent r="3" t="18" w="458" /><ent r="3" t="18" w="478" /><ent r="3" t="18" w="487" /><ent r="3" t="18" w="491" /><ent r="3" t="18" w="505" /><ent r="3" t="18" w="509" /><ent r="3" t="18" w="526" /><ent r="4" t="18" w="553" /><ent r="4" t="18" w="569" /><ent r="4" t="18" w="587" /><ent r="4" t="18" w="610" /><ent r="4" t="18" w="640" /><ent r="3" t="18" w="666" /><ent r="3" t="18" w="693" /><ent r="3" t="18" w="778" /><ent r="4" t="18" w="852" /><ent r="4" t="18" w="860" /><ent r="4" t="18" w="883" /><ent r="4" t="19" w="100" /><ent r="4" t="19" w="124" /><ent r="3" t="19" w="269" /><ent r="3" t="19" w="279" /><ent r="3" t="19" w="300" /><ent r="3" t="19" w="317" /><ent r="4" t="19" w="358" /><ent r="4" t="19" w="408" /><ent r="3" t="19" w="451" /><ent r="3" t="19" w="466" /><ent r="4" t="19" w="489" /><ent r="5" t="19" w="496" /><ent r="4" t="19" w="505" /><ent r="5" t="19" w="512" /><ent r="3" t="19" w="538" /><ent r="3" t="19" w="554" /><ent r="3" t="19" w="574" /><ent r="3" t="19" w="581" /><ent r="3" t="19" w="612" /><ent r="3" t="19" w="624" /><ent r="4" t="19" w="639" /><ent r="4" t="19" w="688" /><ent r="4" t="19" w="715" /><ent r="4" t="19" w="738" /><ent r="4" t="19" w="774" /><ent r="4" t="19" w="784" /><ent r="4" t="19" w="789" /><ent r="4" t="19" w="807" /><ent r="4" t="19" w="817" /><ent r="4" t="19" w="821" /><ent r="4" t="19" w="830" /><ent r="3" t="19" w="933" /><ent r="3" t="19" w="963" /><ent r="3" t="19" w="973" /><ent r="3" t="19" w="1066" /><ent r="3" t="19" w="1210" /><ent r="3" t="19" w="1216" /><ent r="3" t="19" w="1222" /><ent r="3" t="19" w="1231" /><ent r="3" t="19" w="1252" /><ent r="3" t="19" w="1391" /><ent r="3" t="19" w="1396" /><ent r="3" t="19" w="1465" /><ent r="3" t="19" w="1507" /><ent r="3" t="19" w="1515" /><ent r="3" t="19" w="1523" /><ent r="3" t="19" w="1533" /><ent r="3" t="20" w="52" /><ent r="3" t="29" w="92" /><ent r="3" t="31" w="1318" /><ent r="3" t="32" w="387" /><ent r="4" t="33" w="1243" /><ent r="3" t="34" w="529" /><ent r="3" t="34" w="783" /><ent r="3" t="35" w="188" /><ent r="3" t="36" w="486" /><ent r="5" t="55" w="281" /><ent r="5" t="55" w="362" /></phr><phr n="Alarm"><ent r="100" t="8" w="96" /><ent r="1000" t="18" w="1" /><ent r="100" t="18" w="4" /><ent r="102" t="18" w="7" /><ent r="3" t="18" w="138" /><ent r="92" t="18" w="265" /><ent r="3" t="18" w="314" /><ent r="3" t="18" w="337" /><ent r="3" t="18" w="468" /><ent r="3" t="18" w="646" /><ent r="3" t="18" w="733" /><ent r="64" t="18" w="757" /><ent r="92" t="18" w="887" /><ent r="3" t="18" w="890" /><ent r="64" t="18" w="906" /><ent r="1000" t="19" w="1" /><ent r="102" t="19" w="5" /><ent r="100" t="19" w="10" /><ent r="3" t="19" w="13" /><ent r="3" t="19" w="584" /><ent r="83" t="19" w="855" /><ent r="3" t="19" w="1288" /><ent r="1000" t="20" w="1" /><ent r="102" t="20" w="5" /><ent r="100" t="20" w="10" /><ent r="3" t="28" w="227" /><ent r="3" t="36" w="457" /><ent r="3" t="37" w="145" /></phr><phr n="Alarms"><ent r="3" t="18" w="100" /></phr><phr n="ALARM"><ent r="100" t="30" w="233" /><ent r="4" t="30" w="242" /><ent r="100" t="31" w="1280" /><ent r="4" t="31" w="4085" /><ent r="4" t="31" w="4129" /></phr></stem><stem n="note"><phr n="Note"><ent r="4" t="4" w="390" /><ent r="7" t="5" w="296" /><ent r="4" t="5" w="1092" /><ent r="4" t="7" w="111" /><ent r="3" t="8" w="298" /><ent r="3" t="9" w="35" /><ent r="3" t="10" w="175" /><ent r="4" t="11" w="89" /><ent r="3" t="14" w="27" /><ent r="6" t="14" w="145" /><ent r="6" t="14" w="187" /><ent r="6" t="14" w="226" /><ent r="6" t="14" w="718" /><ent r="4" t="15" w="657" /><ent r="5" t="16" w="215" /><ent r="4" t="16" w="1070" /><ent r="3" t="18" w="303" /><ent r="5" t="19" w="797" /><ent r="3" t="19" w="1241" /><ent r="4" t="21" w="874" /><ent r="3" t="21" w="882" /><ent r="4" t="21" w="2542" /><ent r="4" t="21" w="2907" /><ent r="5" t="22" w="270" /><ent r="4" t="23" w="677" /><ent r="3" t="23" w="1249" /><ent r="3" t="24" w="727" /><ent r="4" t="25" w="280" /><ent r="4" t="25" w="805" /><ent r="4" t="25" w="1053" /><ent r="3" t="30" w="919" /><ent r="4" t="30" w="1790" /><ent r="3" t="30" w="1945" /><ent r="4" t="31" w="2251" /><ent r="4" t="31" w="2939" /><ent r="4" t="31" w="3056" /><ent r="3" t="31" w="3711" /><ent r="3" t="31" w="3818" /><ent r="3" t="31" w="3881" /><ent r="7" t="33" w="1040" /><ent r="6" t="33" w="1081" /><ent r="5" t="33" w="1175" /><ent r="4" t="34" w="95" /><ent r="3" t="35" w="38" /><ent r="3" t="35" w="62" /><ent r="4" t="38" w="101" /><ent r="3" t="39" w="390" /><ent r="4" t="40" w="375" /><ent r="4" t="40" w="717" /><ent r="92" t="42" w="366" /><ent r="4" t="44" w="427" /><ent r="3" t="51" w="349" /><ent r="3" t="51" w="389" /><ent r="8" t="53" w="513" /><ent r="7" t="53" w="696" /><ent r="4" t="54" w="67" /><ent r="7" t="55" w="597" /><ent r="7" t="55" w="734" /><ent r="5" t="55" w="1370" /><ent r="6" t="55" w="1920" /><ent r="7" t="55" w="1999" /><ent r="3" t="60" w="6" /></phr><phr n="note"><ent r="4" t="7" w="204" /><ent r="4" t="16" w="337" /><ent r="3" t="27" w="375" /><ent r="4" t="40" w="142" /><ent r="3" t="56" w="376" /></phr><phr n="Notes"><ent r="5" t="16" w="340" /><ent r="5" t="31" w="1451" /><ent r="4" t="31" w="1711" /><ent r="4" t="31" w="1920" /><ent r="4" t="31" w="2389" /><ent r="4" t="36" w="137" /><ent r="7" t="55" w="1178" /></phr></stem><stem n="modif"><phr n="modification"><ent r="3" t="4" w="394" /></phr></stem><stem n="need"><phr n="need"><ent r="3" t="4" w="401" /><ent r="3" t="8" w="140" /><ent r="3" t="21" w="1241" /><ent r="3" t="24" w="836" /><ent r="3" t="24" w="1036" /><ent r="6" t="33" w="1084" /><ent r="4" t="33" w="1251" /><ent r="3" t="38" w="125" /><ent r="3" t="47" w="117" /></phr><phr n="needed"><ent r="4" t="15" w="167" /><ent r="4" t="33" w="939" /></phr></stem><stem n="click"><phr n="click"><ent r="3" t="4" w="403" /><ent r="5" t="5" w="559" /><ent r="5" t="5" w="570" /><ent r="3" t="10" w="285" /><ent r="3" t="10" w="355" /><ent r="4" t="38" w="242" /><ent r="4" t="38" w="284" /><ent r="4" t="38" w="325" /><ent r="4" t="38" w="366" /><ent r="4" t="40" w="680" /><ent r="4" t="41" w="759" /><ent r="3" t="42" w="293" /></phr><phr n="clicking"><ent r="4" t="7" w="646" /><ent r="3" t="16" w="1322" /></phr><phr n="clicks"><ent r="4" t="15" w="230" /><ent r="4" t="19" w="759" /><ent r="6" t="53" w="807" /></phr><phr n="clicked"><ent r="3" t="16" w="1390" /></phr><phr n="Clicking"><ent r="3" t="23" w="1514" /></phr><phr n="Click"><ent r="4" t="41" w="743" /><ent r="4" t="41" w="801" /></phr></stem><stem n="reload"><phr n="Reload"><ent r="100" t="4" w="406" /><ent r="5" t="4" w="408" /><ent r="4" t="33" w="747" /><ent r="100" t="50" w="282" /><ent r="100" t="50" w="284" /></phr><phr n="reloaded"><ent r="3" t="11" w="140" /><ent r="3" t="34" w="106" /><ent r="4" t="50" w="383" /></phr><phr n="reloads"><ent r="3" t="34" w="289" /><ent r="3" t="50" w="320" /></phr><phr n="Reloading"><ent r="100" t="38" w="201" /><ent r="92" t="38" w="209" /><ent r="100" t="50" w="299" /><ent r="92" t="50" w="301" /></phr><phr n="reload"><ent r="4" t="50" w="327" /></phr></stem><stem n="button"><phr n="button"><ent r="3" t="4" w="417" /><ent r="3" t="23" w="433" /></phr></stem><stem n="(circular"><phr n="(circular"><ent r="3" t="4" w="423" /></phr></stem><stem n="circular"><phr n="circular"><ent r="3" t="4" w="423" /></phr></stem><stem n="arrow"><phr n="arrow"><ent r="3" t="4" w="424" /></phr></stem><stem n="icon"><phr n="icon"><ent r="3" t="4" w="425" /><ent r="3" t="18" w="288" /><ent r="3" t="18" w="345" /><ent r="3" t="18" w="411" /><ent r="3" t="18" w="466" /><ent r="3" t="18" w="516" /><ent r="4" t="19" w="676" /><ent r="4" t="38" w="245" /><ent r="4" t="38" w="287" /><ent r="4" t="44" w="430" /><ent r="3" t="44" w="437" /></phr><phr n="icons"><ent r="3" t="18" w="443" /><ent r="6" t="44" w="264" /><ent r="3" t="44" w="348" /><ent r="3" t="44" w="366" /><ent r="3" t="44" w="422" /><ent r="6" t="47" w="409" /><ent r="3" t="47" w="620" /></phr><phr n="Icons"><ent r="4" t="44" w="29" /><ent r="6" t="44" w="261" /><ent r="4" t="44" w="343" /><ent r="6" t="47" w="406" /><ent r="3" t="47" w="623" /></phr></stem><stem n="left"><phr n="left"><ent r="3" t="4" w="428" /><ent r="5" t="5" w="404" /><ent r="5" t="13" w="59" /><ent r="5" t="13" w="137" /><ent r="5" t="13" w="194" /><ent r="5" t="13" w="286" /><ent r="5" t="13" w="679" /><ent r="5" t="13" w="715" /><ent r="5" t="13" w="751" /><ent r="4" t="21" w="498" /><ent r="3" t="21" w="1234" /><ent r="3" t="23" w="423" /><ent r="3" t="25" w="939" /><ent r="3" t="27" w="112" /></phr></stem><stem n="pane"><phr n="pane"><ent r="3" t="4" w="429" /><ent r="5" t="5" w="405" /><ent r="3" t="26" w="58" /></phr></stem><stem n="ip"><phr n="IP"><ent r="100" t="5" w="18" /><ent r="6" t="5" w="467" /><ent r="5" t="5" w="483" /><ent r="6" t="5" w="609" /><ent r="3" t="5" w="746" /><ent r="5" t="13" w="547" /><ent r="5" t="14" w="159" /><ent r="100" t="15" w="41" /><ent r="3" t="15" w="604" /><ent r="100" t="16" w="904" /><ent r="3" t="16" w="1005" /><ent r="3" t="19" w="1297" /><ent r="3" t="23" w="1275" /><ent r="3" t="23" w="1296" /><ent r="4" t="23" w="1372" /><ent r="3" t="23" w="1436" /><ent r="3" t="25" w="83" /><ent r="3" t="25" w="102" /><ent r="3" t="25" w="112" /><ent r="4" t="25" w="658" /><ent r="4" t="25" w="674" /><ent r="3" t="27" w="139" /><ent r="3" t="27" w="401" /><ent r="3" t="27" w="556" /><ent r="100" t="30" w="12" /><ent r="5" t="30" w="1387" /><ent r="5" t="30" w="1419" /><ent r="100" t="32" w="60" /><ent r="3" t="32" w="156" /><ent r="100" t="33" w="43" /><ent r="4" t="33" w="904" /><ent r="3" t="34" w="410" /><ent r="3" t="34" w="664" /><ent r="3" t="35" w="123" /><ent r="3" t="36" w="410" /><ent r="3" t="37" w="118" /><ent r="100" t="37" w="337" /><ent r="4" t="37" w="361" /><ent r="100" t="38" w="301" /><ent r="4" t="38" w="311" /><ent r="100" t="40" w="65" /><ent r="100" t="40" w="70" /><ent r="100" t="40" w="77" /><ent r="3" t="40" w="98" /><ent r="5" t="40" w="262" /><ent r="4" t="40" w="267" /><ent r="3" t="40" w="302" /><ent r="3" t="40" w="426" /><ent r="3" t="40" w="470" /><ent r="3" t="40" w="530" /><ent r="6" t="55" w="702" /><ent r="6" t="55" w="726" /><ent r="100" t="55" w="756" /><ent r="5" t="55" w="759" /><ent r="5" t="55" w="772" /><ent r="5" t="55" w="880" /></phr></stem><stem n="formal"><phr n="formal"><ent r="3" t="5" w="26" /></phr></stem><stem n="tag"><phr n="tags"><ent r="3" t="5" w="37" /><ent r="3" t="7" w="59" /><ent r="3" t="7" w="140" /><ent r="3" t="7" w="146" /><ent r="4" t="7" w="275" /><ent r="4" t="7" w="286" /><ent r="4" t="7" w="594" /><ent r="3" t="23" w="675" /><ent r="4" t="51" w="303" /><ent r="3" t="51" w="477" /><ent r="6" t="53" w="140" /><ent r="6" t="55" w="520" /><ent r="6" t="55" w="1140" /><ent r="3" t="55" w="1296" /><ent r="4" t="58" w="60" /></phr><phr n="Tags"><ent r="82" t="7" w="258" /></phr><phr n="Tag"><ent r="100" t="7" w="289" /><ent r="82" t="7" w="293" /><ent r="5" t="7" w="296" /><ent r="5" t="13" w="38" /></phr><phr n="tag"><ent r="4" t="7" w="624" /><ent r="4" t="12" w="61" /><ent r="4" t="12" w="69" /><ent r="4" t="12" w="80" /><ent r="4" t="12" w="91" /><ent r="3" t="15" w="781" /><ent r="3" t="22" w="46" /><ent r="4" t="52" w="232" /><ent r="6" t="53" w="744" /><ent r="6" t="55" w="505" /><ent r="6" t="55" w="1150" /><ent r="5" t="55" w="1260" /><ent r="5" t="55" w="1339" /></phr><phr n="tagged"><ent r="3" t="51" w="249" /></phr></stem><stem n="&lt;header&gt;"><phr n="&lt;header&gt;"><ent r="3" t="5" w="39" /><ent r="6" t="5" w="526" /><ent r="5" t="5" w="581" /><ent r="3" t="5" w="713" /><ent r="4" t="5" w="768" /><ent r="65" t="5" w="781" /><ent r="4" t="15" w="284" /><ent r="65" t="15" w="299" /><ent r="3" t="19" w="1275" /><ent r="3" t="25" w="1489" /><ent r="3" t="25" w="1499" /><ent r="3" t="27" w="118" /><ent r="3" t="32" w="120" /><ent r="5" t="33" w="809" /><ent r="3" t="34" w="389" /><ent r="3" t="34" w="643" /><ent r="3" t="35" w="100" /><ent r="3" t="36" w="390" /></phr></stem><stem n="/header&gt;"><phr n="/header&gt;"><ent r="3" t="5" w="41" /><ent r="3" t="5" w="756" /><ent r="3" t="19" w="1305" /><ent r="3" t="25" w="1506" /><ent r="3" t="27" w="150" /><ent r="3" t="32" w="165" /><ent r="3" t="34" w="419" /><ent r="3" t="34" w="673" /><ent r="3" t="35" w="125" /><ent r="3" t="36" w="418" /></phr></stem><stem n="&lt;/header&gt;"><phr n="&lt;/header&gt;"><ent r="3" t="5" w="41" /><ent r="3" t="5" w="40" /><ent r="3" t="5" w="756" /><ent r="3" t="5" w="755" /><ent r="3" t="19" w="1305" /><ent r="3" t="19" w="1304" /><ent r="3" t="25" w="1506" /><ent r="3" t="25" w="1505" /><ent r="3" t="27" w="150" /><ent r="3" t="27" w="149" /><ent r="3" t="32" w="165" /><ent r="3" t="32" w="164" /><ent r="3" t="34" w="419" /><ent r="3" t="34" w="418" /><ent r="3" t="34" w="673" /><ent r="3" t="34" w="672" /><ent r="3" t="35" w="125" /><ent r="3" t="35" w="124" /><ent r="3" t="36" w="418" /><ent r="3" t="36" w="417" /></phr></stem><stem n="header&gt;"><phr n="header&gt;"><ent r="3" t="5" w="41" /><ent r="3" t="5" w="756" /><ent r="3" t="19" w="1305" /><ent r="3" t="25" w="1506" /><ent r="3" t="27" w="150" /><ent r="3" t="32" w="165" /><ent r="3" t="34" w="419" /><ent r="3" t="34" w="673" /><ent r="3" t="35" w="125" /><ent r="3" t="36" w="418" /></phr></stem><stem n="compos"><phr n="composed"><ent r="3" t="5" w="56" /><ent r="4" t="6" w="92" /><ent r="3" t="15" w="521" /><ent r="3" t="16" w="123" /><ent r="4" t="16" w="1445" /><ent r="3" t="23" w="341" /><ent r="3" t="23" w="698" /><ent r="3" t="44" w="145" /><ent r="4" t="51" w="179" /><ent r="3" t="52" w="39" /></phr></stem><stem n="correspond"><phr n="corresponding"><ent r="3" t="5" w="67" /><ent r="5" t="7" w="351" /><ent r="4" t="16" w="204" /><ent r="4" t="16" w="317" /><ent r="6" t="16" w="613" /><ent r="3" t="16" w="1829" /><ent r="3" t="17" w="87" /><ent r="3" t="28" w="363" /><ent r="3" t="33" w="321" /><ent r="3" t="33" w="1466" /><ent r="3" t="44" w="108" /><ent r="3" t="44" w="245" /><ent r="4" t="46" w="48" /><ent r="3" t="47" w="613" /><ent r="3" t="50" w="94" /></phr><phr n="corresponds"><ent r="6" t="16" w="736" /></phr><phr n="correspond"><ent r="3" t="18" w="307" /></phr><phr n="Corresponding"><ent r="6" t="44" w="257" /><ent r="6" t="47" w="402" /></phr></stem><stem n="valu"><phr n="value"><ent r="3" t="5" w="68" /><ent r="3" t="5" w="76" /><ent r="4" t="5" w="80" /><ent r="100" t="8" w="59" /><ent r="3" t="8" w="69" /><ent r="3" t="8" w="78" /><ent r="3" t="8" w="83" /><ent r="3" t="8" w="380" /><ent r="3" t="8" w="396" /><ent r="3" t="8" w="405" /><ent r="3" t="8" w="431" /><ent r="3" t="8" w="443" /><ent r="3" t="8" w="506" /><ent r="3" t="8" w="531" /><ent r="5" t="13" w="586" /><ent r="5" t="13" w="589" /><ent r="5" t="13" w="597" /><ent r="5" t="13" w="600" /><ent r="5" t="13" w="634" /><ent r="5" t="13" w="637" /><ent r="5" t="13" w="645" /><ent r="5" t="13" w="648" /><ent r="5" t="14" w="345" /><ent r="5" t="14" w="733" /><ent r="3" t="14" w="1277" /><ent r="3" t="14" w="1306" /><ent r="3" t="14" w="1312" /><ent r="3" t="14" w="1359" /><ent r="3" t="14" w="1947" /><ent r="3" t="14" w="2024" /><ent r="4" t="16" w="157" /><ent r="6" t="16" w="429" /><ent r="100" t="16" w="467" /><ent r="6" t="16" w="517" /><ent r="6" t="16" w="523" /><ent r="6" t="16" w="527" /><ent r="6" t="16" w="542" /><ent r="6" t="16" w="552" /><ent r="6" t="16" w="556" /><ent r="6" t="16" w="595" /><ent r="7" t="16" w="640" /><ent r="6" t="16" w="645" /><ent r="6" t="16" w="655" /><ent r="7" t="16" w="665" /><ent r="6" t="16" w="670" /><ent r="6" t="16" w="680" /><ent r="6" t="16" w="776" /><ent r="3" t="16" w="1114" /><ent r="3" t="16" w="1149" /><ent r="3" t="16" w="1168" /><ent r="3" t="16" w="1269" /><ent r="3" t="16" w="1283" /><ent r="3" t="16" w="1299" /><ent r="3" t="16" w="1307" /><ent r="3" t="16" w="1317" /><ent r="3" t="16" w="1386" /><ent r="3" t="16" w="1751" /><ent r="3" t="16" w="1773" /><ent r="3" t="16" w="1783" /><ent r="3" t="16" w="1812" /><ent r="3" t="16" w="1846" /><ent r="3" t="20" w="121" /><ent r="100" t="21" w="26" /><ent r="100" t="21" w="29" /><ent r="100" t="21" w="32" /><ent r="4" t="21" w="147" /><ent r="4" t="21" w="154" /><ent r="4" t="21" w="404" /><ent r="4" t="21" w="448" /><ent r="4" t="21" w="459" /><ent r="4" t="21" w="571" /><ent r="4" t="21" w="671" /><ent r="3" t="21" w="853" /><ent r="3" t="21" w="872" /><ent r="3" t="21" w="919" /><ent r="3" t="21" w="2213" /><ent r="3" t="21" w="2220" /><ent r="3" t="21" w="2228" /><ent r="6" t="21" w="2376" /><ent r="6" t="21" w="2385" /><ent r="6" t="21" w="2394" /><ent r="6" t="21" w="2403" /><ent r="6" t="21" w="2412" /><ent r="6" t="21" w="2421" /><ent r="6" t="21" w="2463" /><ent r="6" t="21" w="2480" /><ent r="4" t="21" w="2743" /><ent r="6" t="21" w="2831" /><ent r="6" t="21" w="2859" /><ent r="6" t="21" w="2874" /><ent r="3" t="23" w="1135" /><ent r="3" t="23" w="1206" /><ent r="3" t="23" w="1411" /><ent r="3" t="24" w="619" /><ent r="3" t="24" w="646" /><ent r="3" t="24" w="680" /><ent r="3" t="24" w="780" /><ent r="3" t="24" w="788" /><ent r="3" t="24" w="817" /><ent r="3" t="24" w="967" /><ent r="3" t="24" w="1051" /><ent r="3" t="24" w="1056" /><ent r="3" t="24" w="1103" /><ent r="3" t="25" w="360" /><ent r="3" t="25" w="365" /><ent r="4" t="25" w="468" /><ent r="3" t="25" w="493" /><ent r="4" t="25" w="563" /><ent r="4" t="25" w="568" /><ent r="4" t="25" w="579" /><ent r="4" t="25" w="595" /><ent r="4" t="25" w="619" /><ent r="4" t="25" w="630" /><ent r="4" t="25" w="644" /><ent r="4" t="25" w="760" /><ent r="3" t="25" w="828" /><ent r="3" t="25" w="850" /><ent r="3" t="25" w="1040" /><ent r="3" t="25" w="1047" /><ent r="3" t="25" w="1060" /><ent r="4" t="26" w="300" /><ent r="4" t="30" w="1056" /><ent r="5" t="30" w="1648" /><ent r="4" t="31" w="772" /><ent r="3" t="31" w="2071" /><ent r="3" t="31" w="2085" /><ent r="4" t="31" w="2115" /><ent r="4" t="31" w="2167" /><ent r="4" t="31" w="2659" /><ent r="3" t="31" w="2953" /><ent r="3" t="31" w="2986" /><ent r="4" t="31" w="3053" /><ent r="3" t="33" w="76" /><ent r="4" t="33" w="531" /><ent r="6" t="33" w="1108" /><ent r="6" t="33" w="1138" /><ent r="6" t="33" w="1149" /><ent r="4" t="33" w="1262" /><ent r="4" t="33" w="1434" /><ent r="3" t="37" w="133" /><ent r="4" t="37" w="563" /><ent r="3" t="37" w="592" /><ent r="4" t="39" w="90" /><ent r="4" t="39" w="103" /><ent r="3" t="39" w="533" /><ent r="3" t="39" w="587" /><ent r="3" t="41" w="262" /><ent r="3" t="41" w="490" /><ent r="3" t="41" w="496" /><ent r="7" t="53" w="465" /><ent r="7" t="53" w="496" /><ent r="5" t="55" w="1072" /><ent r="5" t="55" w="1367" /><ent r="5" t="55" w="1630" /><ent r="5" t="55" w="1804" /><ent r="5" t="55" w="1829" /><ent r="5" t="55" w="1838" /><ent r="5" t="55" w="1856" /><ent r="5" t="55" w="1865" /><ent r="5" t="55" w="1883" /><ent r="5" t="55" w="1910" /><ent r="5" t="55" w="1918" /><ent r="6" t="55" w="1964" /><ent r="6" t="55" w="1973" /><ent r="6" t="55" w="1980" /><ent r="7" t="55" w="1987" /><ent r="6" t="55" w="1992" /><ent r="6" t="55" w="2013" /></phr><phr n="values"><ent r="6" t="5" w="971" /><ent r="3" t="8" w="385" /><ent r="3" t="10" w="113" /><ent r="3" t="10" w="184" /><ent r="3" t="12" w="11" /><ent r="3" t="12" w="99" /><ent r="3" t="12" w="108" /><ent r="3" t="12" w="119" /><ent r="3" t="13" w="21" /><ent r="5" t="14" w="367" /><ent r="5" t="14" w="526" /><ent r="5" t="14" w="1136" /><ent r="3" t="14" w="1161" /><ent r="3" t="14" w="1651" /><ent r="3" t="14" w="1897" /><ent r="4" t="15" w="129" /><ent r="3" t="15" w="463" /><ent r="3" t="15" w="474" /><ent r="3" t="16" w="73" /><ent r="6" t="16" w="511" /><ent r="6" t="16" w="536" /><ent r="3" t="16" w="1038" /><ent r="3" t="16" w="1685" /><ent r="3" t="17" w="31" /><ent r="4" t="17" w="324" /><ent r="3" t="19" w="1547" /><ent r="3" t="20" w="113" /><ent r="3" t="21" w="39" /><ent r="3" t="21" w="2626" /><ent r="4" t="23" w="160" /><ent r="3" t="23" w="470" /><ent r="3" t="23" w="558" /><ent r="4" t="23" w="834" /><ent r="3" t="23" w="1173" /><ent r="3" t="23" w="1341" /><ent r="3" t="23" w="1360" /><ent r="3" t="23" w="1432" /><ent r="4" t="23" w="1631" /><ent r="3" t="24" w="984" /><ent r="3" t="25" w="42" /><ent r="3" t="25" w="145" /><ent r="4" t="25" w="539" /><ent r="3" t="25" w="742" /><ent r="3" t="25" w="932" /><ent r="3" t="25" w="1027" /><ent r="3" t="25" w="1202" /><ent r="3" t="25" w="1269" /><ent r="3" t="25" w="1342" /><ent r="4" t="26" w="258" /><ent r="3" t="27" w="248" /><ent r="3" t="27" w="269" /><ent r="3" t="27" w="318" /><ent r="4" t="30" w="1249" /><ent r="100" t="31" w="1219" /><ent r="3" t="31" w="1235" /><ent r="3" t="31" w="2267" /><ent r="4" t="33" w="495" /><ent r="4" t="33" w="527" /><ent r="4" t="33" w="590" /><ent r="3" t="33" w="604" /><ent r="4" t="33" w="950" /><ent r="3" t="34" w="460" /><ent r="3" t="34" w="574" /><ent r="3" t="34" w="714" /><ent r="3" t="34" w="828" /><ent r="3" t="36" w="455" /><ent r="3" t="37" w="613" /><ent r="93" t="39" w="285" /><ent r="93" t="39" w="451" /><ent r="3" t="46" w="79" /></phr><phr n="Value"><ent r="3" t="8" w="225" /><ent r="3" t="8" w="586" /><ent r="5" t="14" w="760" /><ent r="9" t="16" w="864" /><ent r="3" t="27" w="1330" /><ent r="3" t="27" w="1348" /><ent r="3" t="27" w="1366" /><ent r="3" t="27" w="1384" /><ent r="3" t="27" w="1402" /><ent r="3" t="27" w="1420" /><ent r="3" t="27" w="1438" /><ent r="3" t="27" w="1456" /><ent r="3" t="27" w="1474" /><ent r="3" t="27" w="1492" /><ent r="3" t="27" w="1647" /></phr><phr n="Values"><ent r="100" t="8" w="553" /><ent r="64" t="12" w="114" /><ent r="4" t="12" w="210" /><ent r="1000" t="13" w="4" /><ent r="102" t="13" w="9" /><ent r="100" t="16" w="50" /><ent r="100" t="16" w="1231" /><ent r="92" t="16" w="1703" /><ent r="100" t="21" w="14" /><ent r="100" t="21" w="132" /><ent r="100" t="21" w="135" /><ent r="100" t="21" w="440" /><ent r="100" t="21" w="565" /><ent r="4" t="25" w="708" /><ent r="100" t="30" w="1030" /><ent r="82" t="30" w="1036" /><ent r="100" t="31" w="477" /><ent r="100" t="31" w="1216" /><ent r="3" t="34" w="553" /><ent r="3" t="34" w="807" /></phr><phr n="VALUE"><ent r="100" t="21" w="34" /><ent r="3" t="21" w="2202" /><ent r="4" t="25" w="1109" /><ent r="6" t="55" w="1906" /></phr></stem><stem n="part-nam"><phr n="part-name"><ent r="3" t="5" w="74" /></phr></stem><stem n="="><phr n="="><ent r="3" t="5" w="76" /><ent r="6" t="5" w="274" /><ent r="6" t="5" w="534" /><ent r="6" t="5" w="545" /><ent r="6" t="5" w="593" /><ent r="6" t="5" w="616" /><ent r="6" t="5" w="683" /><ent r="3" t="5" w="716" /><ent r="3" t="5" w="720" /><ent r="3" t="5" w="725" /><ent r="3" t="5" w="730" /><ent r="3" t="5" w="736" /><ent r="3" t="5" w="742" /><ent r="3" t="5" w="746" /><ent r="3" t="5" w="751" /><ent r="3" t="5" w="754" /><ent r="3" t="6" w="228" /><ent r="3" t="6" w="232" /><ent r="3" t="8" w="224" /><ent r="3" t="8" w="297" /><ent r="3" t="8" w="378" /><ent r="3" t="8" w="504" /><ent r="3" t="8" w="585" /><ent r="3" t="8" w="588" /><ent r="3" t="8" w="592" /><ent r="3" t="8" w="596" /><ent r="3" t="14" w="432" /><ent r="3" t="14" w="786" /><ent r="3" t="14" w="1500" /><ent r="3" t="14" w="1517" /><ent r="3" t="14" w="1560" /><ent r="3" t="14" w="1622" /><ent r="3" t="17" w="156" /><ent r="3" t="17" w="174" /><ent r="3" t="17" w="305" /><ent r="3" t="19" w="1277" /><ent r="3" t="19" w="1280" /><ent r="3" t="19" w="1284" /><ent r="3" t="19" w="1288" /><ent r="3" t="19" w="1293" /><ent r="3" t="19" w="1297" /><ent r="3" t="19" w="1300" /><ent r="3" t="19" w="1303" /><ent r="3" t="19" w="1457" /><ent r="3" t="19" w="1496" /><ent r="3" t="19" w="1531" /><ent r="4" t="21" w="360" /><ent r="4" t="21" w="438" /><ent r="4" t="21" w="637" /><ent r="3" t="21" w="950" /><ent r="3" t="22" w="70" /><ent r="3" t="22" w="78" /><ent r="5" t="22" w="219" /><ent r="5" t="22" w="286" /><ent r="3" t="25" w="1374" /><ent r="3" t="25" w="1501" /><ent r="3" t="27" w="120" /><ent r="3" t="27" w="124" /><ent r="3" t="27" w="128" /><ent r="3" t="27" w="132" /><ent r="3" t="27" w="135" /><ent r="3" t="27" w="139" /><ent r="3" t="27" w="143" /><ent r="3" t="27" w="146" /><ent r="3" t="27" w="1139" /><ent r="3" t="27" w="1141" /><ent r="3" t="32" w="126" /><ent r="3" t="32" w="129" /><ent r="3" t="32" w="137" /><ent r="3" t="32" w="145" /><ent r="3" t="32" w="148" /><ent r="3" t="32" w="156" /><ent r="3" t="32" w="163" /><ent r="3" t="32" w="431" /><ent r="3" t="32" w="434" /><ent r="3" t="32" w="437" /><ent r="3" t="32" w="439" /><ent r="3" t="32" w="441" /><ent r="3" t="32" w="443" /><ent r="7" t="33" w="1159" /><ent r="7" t="33" w="1163" /><ent r="5" t="33" w="1305" /><ent r="5" t="33" w="1402" /><ent r="3" t="34" w="391" /><ent r="3" t="34" w="394" /><ent r="3" t="34" w="398" /><ent r="3" t="34" w="402" /><ent r="3" t="34" w="406" /><ent r="3" t="34" w="410" /><ent r="3" t="34" w="413" /><ent r="3" t="34" w="597" /><ent r="3" t="34" w="645" /><ent r="3" t="34" w="648" /><ent r="3" t="34" w="652" /><ent r="3" t="34" w="656" /><ent r="3" t="34" w="660" /><ent r="3" t="34" w="664" /><ent r="3" t="34" w="667" /><ent r="3" t="34" w="852" /><ent r="3" t="35" w="102" /><ent r="3" t="35" w="105" /><ent r="3" t="35" w="109" /><ent r="3" t="35" w="113" /><ent r="3" t="35" w="119" /><ent r="3" t="35" w="123" /><ent r="3" t="35" w="173" /><ent r="3" t="35" w="174" /><ent r="3" t="35" w="187" /><ent r="3" t="35" w="192" /><ent r="3" t="35" w="197" /><ent r="3" t="36" w="265" /><ent r="3" t="36" w="280" /><ent r="3" t="36" w="413" /><ent r="4" t="37" w="468" /><ent r="4" t="37" w="470" /><ent r="4" t="37" w="473" /><ent r="4" t="37" w="477" /><ent r="3" t="39" w="340" /><ent r="3" t="39" w="344" /><ent r="3" t="40" w="810" /><ent r="3" t="40" w="827" /><ent r="3" t="40" w="851" /><ent r="3" t="40" w="867" /><ent r="3" t="40" w="885" /><ent r="3" t="40" w="904" /><ent r="3" t="40" w="923" /><ent r="3" t="40" w="939" /><ent r="3" t="40" w="957" /><ent r="3" t="40" w="983" /><ent r="3" t="40" w="1002" /><ent r="3" t="40" w="1018" /><ent r="3" t="40" w="1036" /><ent r="3" t="40" w="1054" /><ent r="3" t="41" w="587" /><ent r="3" t="41" w="597" /><ent r="3" t="41" w="606" /><ent r="4" t="46" w="44" /><ent r="4" t="46" w="53" /><ent r="3" t="47" w="223" /><ent r="3" t="47" w="226" /><ent r="3" t="47" w="236" /><ent r="3" t="47" w="239" /><ent r="3" t="47" w="302" /><ent r="3" t="47" w="318" /><ent r="3" t="47" w="481" /><ent r="6" t="53" w="790" /></phr></stem></index>