﻿<?xml version="1.0" encoding="utf-8"?><index><stem n="resourc"><phr n="resources"><ent r="3" t="0" w="207" /></phr><phr n="Resources"><ent r="5" t="13" w="604" /></phr></stem><stem n="pleas"><phr n="Please"><ent r="3" t="0" w="209" /><ent r="3" t="24" w="943" /><ent r="3" t="32" w="107" /><ent r="3" t="34" w="371" /><ent r="3" t="34" w="625" /><ent r="3" t="36" w="329" /><ent r="3" t="48" w="95" /><ent r="3" t="60" w="19" /></phr><phr n="please"><ent r="3" t="3" w="465" /><ent r="3" t="38" w="432" /></phr></stem><stem n="give"><phr n="give"><ent r="3" t="0" w="210" /><ent r="3" t="18" w="27" /><ent r="3" t="25" w="44" /><ent r="3" t="31" w="1308" /><ent r="3" t="36" w="40" /><ent r="6" t="53" w="172" /><ent r="6" t="53" w="230" /></phr><phr n="gives"><ent r="3" t="16" w="1159" /><ent r="3" t="23" w="283" /><ent r="4" t="43" w="67" /><ent r="4" t="43" w="81" /></phr><phr n="giving"><ent r="3" t="31" w="1020" /></phr></stem><stem n="comment"><phr n="comments"><ent r="3" t="0" w="212" /><ent r="5" t="4" w="317" /><ent r="3" t="4" w="327" /><ent r="3" t="9" w="25" /><ent r="3" t="9" w="38" /><ent r="4" t="30" w="320" /><ent r="3" t="30" w="396" /><ent r="3" t="30" w="1830" /><ent r="3" t="30" w="1932" /><ent r="3" t="30" w="1938" /><ent r="3" t="30" w="1948" /></phr><phr n="Comments"><ent r="64" t="4" w="306" /><ent r="1000" t="9" w="2" /><ent r="100" t="9" w="5" /><ent r="102" t="9" w="8" /><ent r="3" t="9" w="12" /><ent r="92" t="9" w="109" /><ent r="100" t="30" w="175" /><ent r="100" t="30" w="177" /><ent r="100" t="30" w="179" /><ent r="65" t="30" w="183" /><ent r="92" t="30" w="1819" /></phr><phr n="Comment"><ent r="3" t="4" w="321" /><ent r="82" t="30" w="1920" /></phr><phr n="comment"><ent r="3" t="4" w="331" /><ent r="3" t="9" w="54" /><ent r="3" t="9" w="73" /><ent r="3" t="9" w="91" /><ent r="3" t="9" w="116" /><ent r="3" t="9" w="138" /><ent r="4" t="18" w="634" /><ent r="4" t="30" w="1848" /><ent r="4" t="30" w="1854" /><ent r="3" t="30" w="1928" /><ent r="3" t="30" w="1964" /><ent r="3" t="30" w="1983" /><ent r="3" t="30" w="1994" /><ent r="3" t="31" w="3824" /></phr></stem><stem n="address"><phr n="address"><ent r="3" t="0" w="215" /><ent r="6" t="5" w="452" /><ent r="6" t="5" w="463" /><ent r="6" t="5" w="610" /><ent r="6" t="5" w="618" /><ent r="3" t="5" w="744" /><ent r="5" t="14" w="126" /><ent r="5" t="14" w="130" /><ent r="5" t="14" w="160" /><ent r="5" t="14" w="317" /><ent r="5" t="14" w="465" /><ent r="5" t="14" w="475" /><ent r="5" t="14" w="692" /><ent r="5" t="14" w="702" /><ent r="5" t="14" w="804" /><ent r="5" t="14" w="833" /><ent r="5" t="14" w="1104" /><ent r="6" t="16" w="810" /><ent r="6" t="16" w="820" /><ent r="3" t="19" w="1295" /><ent r="4" t="23" w="1373" /><ent r="3" t="23" w="1437" /><ent r="3" t="25" w="84" /><ent r="3" t="25" w="103" /><ent r="3" t="25" w="113" /><ent r="4" t="25" w="659" /><ent r="4" t="25" w="675" /><ent r="4" t="26" w="312" /><ent r="3" t="27" w="137" /><ent r="3" t="27" w="402" /><ent r="3" t="27" w="557" /><ent r="3" t="28" w="321" /><ent r="5" t="30" w="1388" /><ent r="5" t="30" w="1420" /><ent r="3" t="32" w="154" /><ent r="4" t="33" w="900" /><ent r="5" t="33" w="1189" /><ent r="3" t="34" w="408" /><ent r="3" t="34" w="662" /><ent r="3" t="35" w="27" /><ent r="3" t="35" w="33" /><ent r="3" t="35" w="121" /><ent r="3" t="36" w="257" /><ent r="3" t="36" w="275" /><ent r="3" t="36" w="292" /><ent r="3" t="36" w="408" /><ent r="3" t="37" w="119" /><ent r="4" t="37" w="362" /><ent r="4" t="38" w="312" /><ent r="100" t="40" w="71" /><ent r="100" t="40" w="78" /><ent r="3" t="40" w="99" /><ent r="5" t="40" w="263" /><ent r="4" t="40" w="268" /><ent r="3" t="40" w="427" /><ent r="3" t="40" w="471" /><ent r="3" t="40" w="531" /><ent r="3" t="41" w="226" /><ent r="3" t="41" w="297" /><ent r="3" t="41" w="300" /><ent r="3" t="44" w="150" /><ent r="3" t="44" w="184" /><ent r="3" t="45" w="251" /><ent r="3" t="46" w="177" /><ent r="3" t="46" w="195" /><ent r="4" t="51" w="168" /><ent r="6" t="55" w="703" /><ent r="6" t="55" w="727" /><ent r="6" t="55" w="740" /><ent r="6" t="55" w="746" /><ent r="5" t="55" w="760" /><ent r="5" t="55" w="773" /><ent r="5" t="55" w="883" /></phr><phr n="Address"><ent r="100" t="5" w="449" /><ent r="72" t="21" w="1414" /><ent r="3" t="23" w="318" /><ent r="3" t="23" w="1072" /><ent r="3" t="23" w="1297" /><ent r="3" t="23" w="1304" /><ent r="3" t="25" w="76" /><ent r="3" t="25" w="1003" /><ent r="3" t="25" w="1009" /><ent r="5" t="26" w="304" /><ent r="3" t="27" w="1305" /><ent r="3" t="27" w="1310" /><ent r="100" t="32" w="151" /><ent r="100" t="33" w="814" /><ent r="3" t="40" w="303" /><ent r="3" t="45" w="270" /></phr><phr n="addresses"><ent r="3" t="23" w="1276" /><ent r="3" t="23" w="1279" /></phr><phr n="ADDRESS"><ent r="100" t="33" w="820" /><ent r="7" t="33" w="1165" /><ent r="5" t="33" w="1181" /><ent r="3" t="35" w="177" /><ent r="3" t="36" w="474" /><ent r="3" t="37" w="103" /><ent r="100" t="37" w="339" /><ent r="4" t="37" w="346" /></phr></stem><stem n="list"><phr n="listed"><ent r="3" t="0" w="216" /><ent r="3" t="12" w="100" /><ent r="3" t="14" w="40" /><ent r="4" t="19" w="250" /><ent r="3" t="19" w="977" /><ent r="3" t="19" w="1071" /><ent r="3" t="35" w="142" /><ent r="3" t="45" w="171" /><ent r="5" t="55" w="416" /></phr><phr n="list"><ent r="3" t="3" w="492" /><ent r="6" t="5" w="458" /><ent r="100" t="5" w="473" /><ent r="3" t="14" w="16" /><ent r="5" t="14" w="486" /><ent r="4" t="18" w="550" /><ent r="3" t="19" w="40" /><ent r="5" t="19" w="236" /><ent r="4" t="19" w="243" /><ent r="3" t="19" w="275" /><ent r="3" t="19" w="576" /><ent r="4" t="19" w="795" /><ent r="3" t="19" w="935" /><ent r="3" t="20" w="48" /><ent r="4" t="20" w="267" /><ent r="3" t="24" w="767" /><ent r="3" t="24" w="798" /><ent r="4" t="25" w="430" /><ent r="4" t="25" w="435" /><ent r="4" t="25" w="461" /><ent r="4" t="25" w="729" /><ent r="3" t="25" w="1350" /><ent r="3" t="25" w="1400" /><ent r="3" t="31" w="81" /><ent r="4" t="33" w="521" /><ent r="4" t="37" w="584" /><ent r="3" t="44" w="126" /><ent r="3" t="45" w="166" /><ent r="3" t="45" w="190" /><ent r="3" t="45" w="226" /><ent r="3" t="45" w="255" /><ent r="3" t="46" w="170" /><ent r="3" t="47" w="542" /><ent r="3" t="47" w="569" /><ent r="5" t="55" w="250" /><ent r="5" t="55" w="350" /><ent r="5" t="55" w="410" /><ent r="5" t="55" w="433" /><ent r="5" t="55" w="452" /><ent r="5" t="55" w="469" /><ent r="6" t="55" w="486" /><ent r="6" t="55" w="544" /><ent r="6" t="55" w="559" /><ent r="5" t="55" w="613" /><ent r="5" t="55" w="946" /><ent r="5" t="55" w="989" /><ent r="5" t="55" w="1004" /><ent r="5" t="55" w="1353" /><ent r="3" t="56" w="194" /></phr><phr n="lists"><ent r="3" t="12" w="117" /><ent r="3" t="39" w="262" /><ent r="7" t="55" w="337" /><ent r="5" t="55" w="620" /></phr><phr n="List"><ent r="64" t="18" w="760" /><ent r="3" t="19" w="60" /><ent r="3" t="19" w="992" /><ent r="3" t="19" w="1031" /><ent r="3" t="19" w="1086" /><ent r="3" t="19" w="1093" /><ent r="102" t="20" w="8" /><ent r="3" t="20" w="180" /><ent r="3" t="25" w="507" /><ent r="82" t="25" w="737" /><ent r="3" t="25" w="746" /><ent r="4" t="25" w="771" /><ent r="4" t="25" w="787" /><ent r="4" t="25" w="803" /><ent r="3" t="25" w="841" /><ent r="3" t="25" w="925" /><ent r="3" t="25" w="1031" /><ent r="3" t="25" w="1155" /><ent r="3" t="25" w="1189" /><ent r="3" t="25" w="1211" /><ent r="5" t="26" w="234" /><ent r="4" t="26" w="241" /><ent r="3" t="27" w="264" /><ent r="3" t="27" w="1325" /><ent r="3" t="27" w="1590" /><ent r="3" t="27" w="1640" /><ent r="100" t="31" w="41" /><ent r="100" t="31" w="862" /><ent r="3" t="31" w="1298" /></phr><phr n="listing"><ent r="3" t="44" w="196" /><ent r="3" t="44" w="236" /></phr></stem><stem n="below"><phr n="below"><ent r="3" t="0" w="217" /><ent r="3" t="4" w="24" /><ent r="3" t="4" w="426" /><ent r="6" t="5" w="325" /><ent r="3" t="7" w="76" /><ent r="3" t="7" w="99" /><ent r="5" t="7" w="420" /><ent r="3" t="8" w="34" /><ent r="3" t="8" w="574" /><ent r="5" t="14" w="387" /><ent r="3" t="14" w="2061" /><ent r="4" t="15" w="202" /><ent r="4" t="16" w="338" /><ent r="6" t="16" w="356" /><ent r="6" t="16" w="507" /><ent r="6" t="16" w="749" /><ent r="3" t="16" w="1209" /><ent r="3" t="19" w="1201" /><ent r="3" t="20" w="93" /><ent r="4" t="21" w="277" /><ent r="4" t="21" w="824" /><ent r="3" t="21" w="885" /><ent r="3" t="21" w="2590" /><ent r="3" t="23" w="89" /><ent r="3" t="25" w="207" /><ent r="3" t="26" w="156" /><ent r="3" t="27" w="421" /><ent r="3" t="27" w="574" /><ent r="3" t="30" w="591" /><ent r="4" t="30" w="809" /><ent r="4" t="33" w="732" /><ent r="6" t="33" w="1020" /><ent r="6" t="33" w="1076" /><ent r="4" t="33" w="1297" /><ent r="4" t="36" w="147" /><ent r="3" t="37" w="702" /><ent r="4" t="40" w="761" /><ent r="3" t="44" w="139" /><ent r="3" t="53" w="58" /><ent r="3" t="55" w="207" /><ent r="3" t="56" w="52" /></phr><phr n="Below"><ent r="3" t="19" w="1125" /><ent r="3" t="25" w="1205" /><ent r="3" t="57" w="80" /></phr></stem><stem n="thank"><phr n="Thanks"><ent r="3" t="0" w="218" /></phr></stem><stem n="!"><phr n="!"><ent r="3" t="0" w="219" /><ent r="6" t="7" w="425" /></phr></stem><stem n="dartwar"><phr n="Dartware"><ent r="64" t="0" w="220" /><ent r="3" t="1" w="19" /><ent r="3" t="1" w="30" /><ent r="3" t="1" w="103" /><ent r="3" t="1" w="308" /><ent r="3" t="1" w="320" /><ent r="3" t="1" w="348" /><ent r="3" t="1" w="374" /><ent r="3" t="1" w="392" /><ent r="3" t="1" w="558" /><ent r="3" t="1" w="682" /><ent r="3" t="1" w="701" /><ent r="3" t="1" w="712" /><ent r="3" t="2" w="12" /><ent r="6" t="5" w="261" /><ent r="3" t="6" w="190" /><ent r="3" t="13" w="18" /><ent r="3" t="21" w="985" /><ent r="3" t="21" w="989" /><ent r="3" t="21" w="1203" /><ent r="3" t="21" w="1206" /><ent r="3" t="21" w="1210" /><ent r="3" t="21" w="1214" /><ent r="3" t="21" w="1251" /><ent r="3" t="21" w="1255" /><ent r="3" t="21" w="1260" /><ent r="3" t="21" w="1441" /><ent r="3" t="25" w="308" /><ent r="3" t="27" w="39" /><ent r="3" t="27" w="386" /><ent r="3" t="27" w="1161" /><ent r="1000" t="28" w="2" /><ent r="100" t="28" w="5" /><ent r="102" t="28" w="9" /><ent r="3" t="28" w="20" /><ent r="3" t="28" w="39" /><ent r="3" t="28" w="61" /><ent r="3" t="28" w="92" /><ent r="3" t="28" w="96" /><ent r="100" t="32" w="38" /><ent r="100" t="32" w="42" /><ent r="100" t="32" w="56" /><ent r="3" t="32" w="73" /><ent r="3" t="32" w="105" /><ent r="3" t="35" w="94" /><ent r="3" t="36" w="350" /><ent r="3" t="36" w="360" /><ent r="3" t="38" w="76" /><ent r="3" t="47" w="81" /></phr><phr n="dartware"><ent r="64" t="1" w="743" /><ent r="64" t="3" w="474" /><ent r="64" t="3" w="503" /><ent r="100" t="5" w="271" /><ent r="6" t="5" w="275" /><ent r="100" t="5" w="302" /><ent r="6" t="5" w="331" /><ent r="3" t="5" w="721" /><ent r="100" t="6" w="72" /><ent r="4" t="6" w="117" /><ent r="100" t="6" w="164" /><ent r="5" t="6" w="169" /><ent r="3" t="6" w="229" /><ent r="3" t="19" w="1281" /><ent r="3" t="27" w="25" /><ent r="3" t="27" w="125" /><ent r="3" t="28" w="85" /><ent r="3" t="28" w="117" /><ent r="3" t="28" w="165" /><ent r="3" t="28" w="371" /><ent r="100" t="32" w="85" /><ent r="100" t="32" w="91" /><ent r="3" t="32" w="98" /><ent r="3" t="32" w="130" /><ent r="4" t="34" w="227" /><ent r="4" t="34" w="298" /><ent r="3" t="34" w="367" /><ent r="3" t="34" w="395" /><ent r="3" t="34" w="621" /><ent r="3" t="34" w="649" /><ent r="3" t="35" w="88" /><ent r="3" t="35" w="106" /><ent r="3" t="36" w="317" /><ent r="3" t="36" w="396" /><ent r="65" t="38" w="94" /><ent r="64" t="38" w="452" /><ent r="3" t="39" w="134" /><ent r="3" t="47" w="246" /><ent r="3" t="47" w="325" /><ent r="64" t="48" w="87" /><ent r="64" t="49" w="44" /><ent r="64" t="60" w="31" /></phr><phr n="DARTWARE"><ent r="3" t="28" w="47" /><ent r="3" t="28" w="66" /></phr></stem><stem n="llc"><phr n="LLC"><ent r="64" t="0" w="221" /><ent r="3" t="1" w="20" /><ent r="3" t="1" w="104" /><ent r="3" t="1" w="309" /><ent r="3" t="1" w="321" /><ent r="3" t="1" w="349" /><ent r="3" t="1" w="375" /><ent r="3" t="1" w="393" /><ent r="3" t="1" w="559" /><ent r="3" t="1" w="683" /><ent r="3" t="1" w="702" /><ent r="3" t="1" w="713" /><ent r="3" t="2" w="13" /><ent r="6" t="5" w="262" /><ent r="3" t="27" w="40" /><ent r="3" t="28" w="21" /><ent r="3" t="28" w="62" /><ent r="3" t="28" w="93" /><ent r="3" t="28" w="97" /><ent r="3" t="32" w="106" /><ent r="3" t="35" w="95" /><ent r="3" t="36" w="351" /><ent r="3" t="36" w="361" /></phr></stem><stem n="feedback"><phr n="Feedback"><ent r="64" t="0" w="224" /></phr></stem><stem n="licens"><phr n="License"><ent r="1000" t="1" w="2" /><ent r="102" t="1" w="8" /><ent r="82" t="1" w="141" /></phr><phr n="licensed"><ent r="3" t="1" w="119" /></phr><phr n="license"><ent r="3" t="1" w="146" /><ent r="3" t="1" w="318" /></phr><phr n="Licenses"><ent r="1000" t="2" w="3" /><ent r="102" t="2" w="7" /><ent r="64" t="2" w="40" /></phr></stem><stem n="agreement"><phr n="Agreement"><ent r="1000" t="1" w="3" /><ent r="102" t="1" w="9" /><ent r="3" t="1" w="573" /><ent r="3" t="1" w="600" /><ent r="3" t="1" w="611" /><ent r="3" t="1" w="634" /></phr><phr n="AGREEMENT"><ent r="100" t="1" w="5" /><ent r="3" t="1" w="73" /><ent r="3" t="1" w="84" /></phr><phr n="agreement"><ent r="3" t="1" w="15" /><ent r="3" t="1" w="44" /><ent r="3" t="1" w="225" /><ent r="3" t="1" w="652" /><ent r="3" t="1" w="678" /><ent r="3" t="1" w="710" /></phr><phr n="agreements"><ent r="3" t="1" w="690" /></phr></stem><stem n="legal"><phr n="legal"><ent r="3" t="1" w="14" /><ent r="3" t="17" w="300" /></phr></stem><stem n="cover"><phr n="covering"><ent r="3" t="1" w="21" /></phr></stem><stem n="intermapper®"><phr n="InterMapper®"><ent r="3" t="1" w="25" /></phr></stem><stem n="remote™"><phr n="Remote™"><ent r="3" t="1" w="27" /></phr></stem><stem n="product"><phr n="products"><ent r="3" t="1" w="31" /><ent r="3" t="28" w="53" /></phr><phr n="product"><ent r="3" t="1" w="290" /></phr></stem><stem n="associ"><phr n="associated"><ent r="3" t="1" w="34" /><ent r="3" t="17" w="217" /><ent r="4" t="23" w="210" /><ent r="3" t="37" w="96" /><ent r="5" t="55" w="1955" /></phr><phr n="associating"><ent r="4" t="25" w="445" /></phr><phr n="Associates"><ent r="4" t="50" w="252" /></phr><phr n="associate"><ent r="3" t="57" w="25" /></phr><phr n="association"><ent r="3" t="57" w="47" /></phr></stem><stem n="(the"><phr n="(the"><ent r="3" t="1" w="36" /><ent r="3" t="20" w="94" /><ent r="4" t="21" w="801" /><ent r="3" t="21" w="1808" /><ent r="4" t="23" w="1363" /><ent r="4" t="23" w="1371" /><ent r="4" t="31" w="376" /><ent r="3" t="47" w="98" /></phr><phr n="(The"><ent r="3" t="26" w="37" /><ent r="3" t="39" w="541" /></phr></stem><stem n="&quot;software&quot;)."><phr n="&quot;Software&quot;)."><ent r="3" t="1" w="38" /></phr></stem><stem n="sure"><phr n="sure"><ent r="3" t="1" w="39" /><ent r="4" t="33" w="833" /><ent r="3" t="38" w="185" /><ent r="3" t="38" w="193" /><ent r="3" t="47" w="797" /></phr></stem><stem n="read"><phr n="read"><ent r="3" t="1" w="41" /><ent r="3" t="1" w="650" /><ent r="6" t="5" w="980" /><ent r="4" t="19" w="200" /><ent r="4" t="21" w="1131" /><ent r="3" t="27" w="334" /><ent r="3" t="28" w="182" /><ent r="3" t="28" w="215" /><ent r="3" t="28" w="247" /><ent r="3" t="28" w="281" /><ent r="3" t="28" w="312" /><ent r="3" t="28" w="337" /><ent r="3" t="31" w="200" /><ent r="3" t="31" w="223" /><ent r="4" t="31" w="402" /><ent r="3" t="31" w="1701" /><ent r="4" t="31" w="1742" /><ent r="4" t="31" w="1779" /><ent r="3" t="31" w="2009" /><ent r="3" t="31" w="3739" /><ent r="4" t="39" w="240" /><ent r="4" t="40" w="137" /><ent r="3" t="51" w="457" /></phr><phr n="reading"><ent r="3" t="4" w="64" /><ent r="3" t="31" w="162" /></phr><phr n="reads"><ent r="6" t="5" w="995" /><ent r="3" t="31" w="181" /><ent r="4" t="31" w="1717" /></phr><phr n="Reading"><ent r="4" t="31" w="1793" /></phr><phr n="Read"><ent r="100" t="51" w="441" /><ent r="92" t="51" w="450" /></phr></stem><stem n="follow"><phr n="following"><ent r="3" t="1" w="43" /><ent r="3" t="1" w="436" /><ent r="3" t="2" w="18" /><ent r="3" t="5" w="36" /><ent r="6" t="5" w="107" /><ent r="6" t="5" w="522" /><ent r="5" t="5" w="577" /><ent r="6" t="5" w="598" /><ent r="3" t="5" w="786" /><ent r="4" t="5" w="812" /><ent r="3" t="7" w="58" /><ent r="5" t="7" w="370" /><ent r="5" t="7" w="379" /><ent r="5" t="7" w="390" /><ent r="5" t="7" w="404" /><ent r="5" t="7" w="445" /><ent r="3" t="7" w="479" /><ent r="4" t="7" w="629" /><ent r="3" t="9" w="48" /><ent r="3" t="12" w="52" /><ent r="3" t="14" w="77" /><ent r="3" t="14" w="103" /><ent r="3" t="14" w="273" /><ent r="3" t="14" w="1149" /><ent r="3" t="14" w="1371" /><ent r="3" t="14" w="1770" /><ent r="4" t="16" w="480" /><ent r="3" t="17" w="103" /><ent r="3" t="17" w="295" /><ent r="3" t="18" w="142" /><ent r="3" t="19" w="485" /><ent r="3" t="19" w="1163" /><ent r="3" t="21" w="84" /><ent r="3" t="21" w="1021" /><ent r="3" t="21" w="1246" /><ent r="3" t="21" w="1357" /><ent r="3" t="21" w="1506" /><ent r="3" t="21" w="2602" /><ent r="3" t="21" w="2658" /><ent r="3" t="23" w="1430" /><ent r="3" t="25" w="1075" /><ent r="3" t="25" w="1225" /><ent r="3" t="27" w="11" /><ent r="3" t="30" w="273" /><ent r="3" t="30" w="450" /><ent r="3" t="30" w="842" /><ent r="3" t="30" w="1760" /><ent r="3" t="30" w="1886" /><ent r="3" t="30" w="1958" /><ent r="3" t="31" w="148" /><ent r="3" t="31" w="453" /><ent r="3" t="31" w="711" /><ent r="3" t="31" w="3714" /><ent r="3" t="32" w="70" /><ent r="3" t="33" w="597" /><ent r="3" t="33" w="779" /><ent r="3" t="35" w="12" /><ent r="4" t="37" w="252" /><ent r="4" t="37" w="488" /><ent r="3" t="37" w="755" /><ent r="3" t="39" w="120" /><ent r="3" t="40" w="386" /><ent r="3" t="40" w="1113" /><ent r="3" t="41" w="75" /><ent r="3" t="41" w="97" /><ent r="3" t="44" w="66" /><ent r="3" t="44" w="164" /><ent r="3" t="44" w="231" /><ent r="3" t="44" w="359" /><ent r="3" t="45" w="108" /><ent r="3" t="50" w="137" /><ent r="5" t="55" w="1653" /><ent r="5" t="55" w="1672" /><ent r="5" t="55" w="1741" /></phr><phr n="follow"><ent r="3" t="3" w="159" /><ent r="3" t="15" w="256" /><ent r="3" t="18" w="695" /><ent r="4" t="23" w="771" /><ent r="3" t="24" w="705" /><ent r="3" t="31" w="1605" /><ent r="3" t="33" w="258" /><ent r="4" t="33" w="583" /><ent r="4" t="33" w="793" /><ent r="3" t="37" w="396" /></phr><phr n="follows"><ent r="6" t="5" w="268" /><ent r="4" t="7" w="270" /><ent r="3" t="12" w="143" /><ent r="3" t="14" w="1325" /><ent r="3" t="14" w="1416" /><ent r="6" t="21" w="2777" /><ent r="3" t="23" w="1414" /><ent r="3" t="24" w="688" /><ent r="3" t="24" w="1112" /><ent r="3" t="25" w="1359" /><ent r="5" t="30" w="1638" /><ent r="6" t="33" w="1005" /><ent r="3" t="34" w="57" /><ent r="3" t="45" w="362" /><ent r="3" t="55" w="42" /></phr><phr n="followed"><ent r="6" t="16" w="569" /><ent r="6" t="21" w="2847" /><ent r="3" t="23" w="477" /><ent r="2" t="23" w="1395" /><ent r="2" t="23" w="1399" /><ent r="4" t="24" w="276" /><ent r="3" t="24" w="897" /><ent r="4" t="26" w="176" /><ent r="4" t="26" w="223" /><ent r="3" t="30" w="555" /><ent r="4" t="30" w="949" /><ent r="3" t="31" w="2741" /></phr></stem><stem n="befor"><phr n="before"><ent r="3" t="1" w="45" /><ent r="3" t="8" w="321" /><ent r="5" t="14" w="976" /><ent r="3" t="19" w="1264" /><ent r="3" t="25" w="252" /><ent r="3" t="30" w="1238" /><ent r="3" t="31" w="1019" /><ent r="3" t="31" w="1532" /><ent r="3" t="31" w="1562" /><ent r="3" t="31" w="2003" /><ent r="3" t="31" w="3757" /><ent r="3" t="32" w="591" /><ent r="3" t="34" w="157" /><ent r="3" t="47" w="534" /></phr><phr n="Before"><ent r="3" t="4" w="392" /><ent r="3" t="38" w="212" /></phr></stem><stem n="(regardless"><phr n="(REGARDLESS"><ent r="3" t="1" w="53" /></phr></stem><stem n="regardless"><phr n="REGARDLESS"><ent r="3" t="1" w="53" /></phr><phr n="regardless"><ent r="3" t="1" w="399" /></phr></stem><stem n="regist"><phr n="REGISTERED"><ent r="3" t="1" w="57" /></phr><phr n="registered"><ent r="3" t="28" w="23" /><ent r="3" t="35" w="242" /><ent r="3" t="37" w="216" /><ent r="3" t="37" w="727" /></phr></stem><stem n="),"><phr n="),"><ent r="3" t="1" w="62" /><ent r="4" t="15" w="206" /><ent r="3" t="16" w="1840" /><ent r="4" t="19" w="697" /><ent r="3" t="19" w="923" /><ent r="4" t="23" w="172" /><ent r="4" t="23" w="176" /><ent r="4" t="23" w="180" /><ent r="4" t="23" w="186" /><ent r="3" t="23" w="424" /><ent r="3" t="25" w="1477" /><ent r="3" t="31" w="220" /><ent r="3" t="31" w="1045" /><ent r="3" t="34" w="464" /><ent r="3" t="34" w="718" /><ent r="3" t="44" w="383" /><ent r="6" t="53" w="739" /><ent r="3" t="56" w="343" /></phr></stem><stem n="agre"><phr n="AGREEING"><ent r="3" t="1" w="64" /></phr><phr n="AGREE"><ent r="3" t="1" w="78" /></phr><phr n="agrees"><ent r="3" t="1" w="441" /></phr><phr n="agree"><ent r="3" t="1" w="656" /><ent r="3" t="1" w="667" /></phr></stem><stem n="bound"><phr n="BOUND"><ent r="3" t="1" w="67" /></phr><phr n="bound"><ent r="3" t="1" w="659" /></phr><phr n="bounds"><ent r="3" t="31" w="1624" /><ent r="3" t="31" w="1668" /></phr></stem><stem n="term"><phr n="TERMS"><ent r="3" t="1" w="70" /><ent r="3" t="1" w="81" /></phr><phr n="term"><ent r="3" t="1" w="478" /><ent r="4" t="12" w="66" /></phr><phr n="terms"><ent r="3" t="1" w="662" /></phr></stem><stem n="destroi"><phr n="DESTROY"><ent r="3" t="1" w="91" /></phr><phr n="destroy"><ent r="3" t="1" w="238" /></phr></stem><stem n="copi"><phr n="COPIES"><ent r="3" t="1" w="93" /></phr><phr n="copy"><ent r="3" t="1" w="154" /><ent r="3" t="1" w="167" /><ent r="3" t="25" w="88" /><ent r="3" t="25" w="133" /><ent r="3" t="27" w="1172" /><ent r="4" t="30" w="796" /><ent r="3" t="47" w="51" /><ent r="7" t="53" w="401" /><ent r="7" t="53" w="444" /><ent r="7" t="53" w="478" /><ent r="7" t="53" w="503" /><ent r="5" t="55" w="786" /><ent r="3" t="60" w="20" /></phr><phr n="copies"><ent r="3" t="1" w="240" /></phr><phr n="Copy"><ent r="3" t="27" w="707" /></phr><phr n="copying"><ent r="3" t="60" w="8" /></phr></stem><stem n="possess"><phr n="POSSESSION"><ent r="3" t="1" w="96" /></phr><phr n="possession"><ent r="3" t="1" w="246" /></phr></stem><stem n="protect"><phr n="protected"><ent r="3" t="1" w="107" /></phr></stem><stem n="unit"><phr n="United"><ent r="3" t="1" w="109" /><ent r="3" t="1" w="432" /><ent r="3" t="1" w="505" /></phr><phr n="unit"><ent r="3" t="1" w="427" /><ent r="3" t="1" w="500" /></phr><phr n="units"><ent r="5" t="14" w="362" /><ent r="5" t="14" w="521" /><ent r="5" t="14" w="1131" /><ent r="3" t="14" w="1649" /><ent r="3" t="14" w="1783" /></phr><phr n="Unit"><ent r="3" t="25" w="1305" /><ent r="3" t="25" w="1412" /></phr></stem><stem n="state"><phr n="States"><ent r="3" t="1" w="110" /><ent r="3" t="1" w="433" /><ent r="3" t="1" w="506" /></phr><phr n="State"><ent r="3" t="1" w="582" /><ent r="82" t="19" w="627" /><ent r="83" t="19" w="856" /></phr><phr n="states"><ent r="3" t="16" w="1715" /><ent r="4" t="33" w="1237" /><ent r="4" t="33" w="1240" /><ent r="4" t="33" w="1337" /><ent r="5" t="55" w="282" /></phr><phr n="state"><ent r="3" t="18" w="94" /><ent r="5" t="18" w="182" /><ent r="5" t="18" w="216" /><ent r="3" t="18" w="319" /><ent r="3" t="18" w="484" /><ent r="4" t="19" w="503" /><ent r="4" t="19" w="646" /><ent r="4" t="19" w="664" /><ent r="4" t="19" w="692" /><ent r="3" t="19" w="874" /><ent r="3" t="19" w="893" /><ent r="3" t="19" w="897" /><ent r="3" t="19" w="908" /><ent r="3" t="19" w="955" /><ent r="3" t="19" w="970" /><ent r="3" t="19" w="1225" /><ent r="3" t="19" w="1237" /><ent r="3" t="19" w="1254" /><ent r="3" t="19" w="1270" /><ent r="3" t="19" w="1273" /><ent r="3" t="19" w="1405" /><ent r="3" t="19" w="1408" /><ent r="3" t="25" w="50" /><ent r="3" t="25" w="247" /><ent r="3" t="25" w="278" /><ent r="3" t="29" w="131" /><ent r="3" t="30" w="261" /><ent r="4" t="33" w="1249" /><ent r="4" t="33" w="1269" /><ent r="4" t="37" w="466" /></phr></stem><stem n="copyright"><phr n="copyright"><ent r="3" t="1" w="111" /></phr><phr n="copyrighted"><ent r="3" t="1" w="131" /><ent r="3" t="2" w="19" /></phr><phr n="Copyright"><ent r="3" t="27" w="36" /><ent r="3" t="28" w="56" /><ent r="3" t="32" w="101" /><ent r="3" t="35" w="91" /></phr></stem><stem n="law"><phr n="laws"><ent r="3" t="1" w="112" /><ent r="3" t="1" w="579" /></phr></stem><stem n="intern"><phr n="international"><ent r="3" t="1" w="114" /></phr><phr n="Internal"><ent r="5" t="13" w="75" /><ent r="5" t="13" w="153" /><ent r="5" t="13" w="303" /><ent r="5" t="13" w="696" /></phr><phr n="internally"><ent r="6" t="16" w="626" /></phr><phr n="internal"><ent r="7" t="53" w="400" /></phr></stem><stem n="treati"><phr n="treaty"><ent r="3" t="1" w="115" /></phr></stem><stem n="provis"><phr n="provisions"><ent r="3" t="1" w="116" /><ent r="3" t="1" w="437" /></phr><phr n="provision"><ent r="3" t="1" w="597" /><ent r="3" t="1" w="608" /></phr></stem><stem n="therefor"><phr n="Therefore"><ent r="3" t="1" w="122" /><ent r="3" t="25" w="307" /></phr><phr n="therefore"><ent r="3" t="19" w="546" /></phr></stem><stem n="must"><phr n="must"><ent r="3" t="1" w="124" /><ent r="3" t="1" w="236" /><ent r="4" t="6" w="59" /><ent r="3" t="8" w="452" /><ent r="4" t="16" w="171" /><ent r="5" t="16" w="266" /><ent r="6" t="16" w="380" /><ent r="3" t="21" w="1486" /><ent r="3" t="23" w="685" /><ent r="4" t="23" w="1581" /><ent r="4" t="23" w="1643" /><ent r="3" t="24" w="215" /><ent r="3" t="24" w="396" /><ent r="3" t="24" w="703" /><ent r="3" t="25" w="1199" /><ent r="4" t="30" w="303" /><ent r="4" t="30" w="429" /><ent r="4" t="30" w="1119" /><ent r="4" t="31" w="974" /><ent r="3" t="31" w="1195" /><ent r="3" t="31" w="1242" /><ent r="3" t="31" w="1604" /><ent r="3" t="31" w="2465" /><ent r="3" t="31" w="2717" /><ent r="3" t="31" w="2912" /><ent r="3" t="31" w="3884" /><ent r="3" t="36" w="102" /><ent r="3" t="38" w="220" /><ent r="3" t="47" w="297" /><ent r="4" t="53" w="30" /><ent r="6" t="53" w="164" /><ent r="6" t="53" w="596" /><ent r="5" t="55" w="157" /></phr><phr n="MUST"><ent r="100" t="30" w="292" /><ent r="4" t="30" w="296" /></phr></stem><stem n="treat"><phr n="treat"><ent r="3" t="1" w="125" /><ent r="4" t="21" w="2253" /><ent r="3" t="31" w="2262" /><ent r="6" t="53" w="260" /></phr><phr n="treats"><ent r="4" t="7" w="605" /></phr><phr n="treated"><ent r="4" t="19" w="116" /><ent r="3" t="19" w="593" /><ent r="3" t="19" w="620" /><ent r="4" t="21" w="249" /><ent r="3" t="30" w="371" /><ent r="3" t="30" w="1322" /><ent r="3" t="30" w="1991" /><ent r="4" t="31" w="1833" /><ent r="3" t="56" w="436" /><ent r="3" t="56" w="463" /></phr></stem></index>