﻿<?xml version="1.0" encoding="utf-8"?><index><stem n="describ"><phr n="described"><ent r="3" t="4" w="23" /><ent r="3" t="7" w="98" /><ent r="3" t="10" w="309" /><ent r="3" t="10" w="380" /><ent r="3" t="15" w="276" /><ent r="6" t="16" w="355" /><ent r="3" t="16" w="1208" /><ent r="3" t="18" w="753" /><ent r="4" t="19" w="435" /><ent r="3" t="19" w="875" /><ent r="3" t="23" w="871" /><ent r="4" t="33" w="798" /><ent r="3" t="37" w="431" /><ent r="4" t="37" w="447" /><ent r="4" t="37" w="518" /><ent r="4" t="37" w="567" /><ent r="3" t="38" w="417" /><ent r="3" t="42" w="318" /><ent r="3" t="43" w="161" /><ent r="3" t="44" w="352" /><ent r="3" t="56" w="51" /></phr><phr n="describes"><ent r="3" t="4" w="166" /><ent r="4" t="12" w="246" /><ent r="4" t="19" w="222" /><ent r="3" t="25" w="864" /></phr><phr n="Describes"><ent r="6" t="5" w="97" /></phr><phr n="describe"><ent r="3" t="10" w="94" /><ent r="3" t="10" w="257" /><ent r="3" t="10" w="326" /><ent r="3" t="21" w="2918" /><ent r="4" t="51" w="75" /><ent r="65" t="55" w="83" /><ent r="93" t="55" w="648" /></phr><phr n="describing"><ent r="3" t="23" w="703" /></phr></stem><stem n="contain"><phr n="contains"><ent r="3" t="4" w="27" /><ent r="3" t="4" w="290" /><ent r="3" t="5" w="24" /><ent r="3" t="6" w="222" /><ent r="3" t="7" w="36" /><ent r="4" t="7" w="625" /><ent r="3" t="8" w="132" /><ent r="3" t="9" w="99" /><ent r="4" t="16" w="262" /><ent r="3" t="17" w="39" /><ent r="4" t="17" w="376" /><ent r="4" t="18" w="624" /><ent r="3" t="19" w="24" /><ent r="3" t="19" w="483" /><ent r="3" t="19" w="530" /><ent r="3" t="20" w="20" /><ent r="3" t="20" w="75" /><ent r="4" t="21" w="727" /><ent r="3" t="21" w="1014" /><ent r="3" t="21" w="1473" /><ent r="3" t="25" w="37" /><ent r="3" t="25" w="835" /><ent r="3" t="25" w="1266" /><ent r="3" t="30" w="255" /><ent r="3" t="30" w="1772" /><ent r="4" t="31" w="2126" /><ent r="4" t="31" w="2137" /><ent r="3" t="37" w="753" /><ent r="3" t="51" w="37" /><ent r="3" t="52" w="166" /><ent r="3" t="54" w="61" /><ent r="3" t="56" w="99" /><ent r="3" t="56" w="161" /><ent r="3" t="56" w="221" /><ent r="3" t="56" w="256" /></phr><phr n="containing"><ent r="4" t="15" w="907" /><ent r="4" t="22" w="211" /><ent r="3" t="25" w="191" /><ent r="3" t="25" w="908" /><ent r="4" t="31" w="287" /><ent r="3" t="31" w="2801" /><ent r="3" t="34" w="322" /></phr><phr n="contain"><ent r="4" t="16" w="929" /><ent r="4" t="17" w="380" /><ent r="4" t="19" w="108" /><ent r="4" t="19" w="431" /><ent r="4" t="23" w="158" /><ent r="3" t="23" w="686" /><ent r="4" t="23" w="790" /><ent r="3" t="24" w="65" /><ent r="3" t="31" w="1994" /><ent r="3" t="31" w="2823" /><ent r="3" t="31" w="3958" /><ent r="4" t="33" w="912" /><ent r="3" t="34" w="87" /><ent r="3" t="41" w="134" /><ent r="3" t="51" w="49" /><ent r="3" t="51" w="66" /><ent r="3" t="51" w="244" /><ent r="3" t="52" w="56" /></phr><phr n="contained"><ent r="3" t="18" w="134" /><ent r="3" t="18" w="902" /><ent r="4" t="25" w="725" /><ent r="3" t="25" w="1187" /></phr><phr n="Contain"><ent r="4" t="50" w="156" /></phr></stem><stem n="bracket"><phr n="bracketed"><ent r="3" t="4" w="32" /><ent r="3" t="7" w="174" /></phr><phr n="brackets"><ent r="3" t="8" w="387" /><ent r="4" t="16" w="273" /><ent r="4" t="30" w="753" /></phr></stem><stem n="&lt;"><phr n="&lt;"><ent r="3" t="4" w="35" /><ent r="3" t="4" w="41" /><ent r="3" t="5" w="40" /><ent r="3" t="5" w="755" /><ent r="3" t="7" w="62" /><ent r="4" t="7" w="137" /><ent r="3" t="8" w="483" /><ent r="3" t="8" w="597" /><ent r="4" t="9" w="57" /><ent r="3" t="9" w="85" /><ent r="3" t="10" w="230" /><ent r="3" t="11" w="57" /><ent r="3" t="12" w="162" /><ent r="3" t="14" w="1336" /><ent r="3" t="14" w="1498" /><ent r="3" t="14" w="1515" /><ent r="3" t="14" w="1553" /><ent r="3" t="14" w="1598" /><ent r="3" t="14" w="1620" /><ent r="3" t="15" w="652" /><ent r="3" t="15" w="777" /><ent r="3" t="15" w="929" /><ent r="3" t="16" w="1065" /><ent r="3" t="17" w="173" /><ent r="3" t="17" w="180" /><ent r="3" t="17" w="303" /><ent r="3" t="17" w="304" /><ent r="3" t="19" w="81" /><ent r="3" t="19" w="1304" /><ent r="3" t="19" w="1308" /><ent r="3" t="19" w="1367" /><ent r="3" t="19" w="1380" /><ent r="3" t="19" w="1536" /><ent r="3" t="19" w="1575" /><ent r="3" t="20" w="203" /><ent r="3" t="20" w="220" /><ent r="4" t="21" w="141" /><ent r="4" t="21" w="143" /><ent r="4" t="21" w="356" /><ent r="4" t="21" w="358" /><ent r="7" t="21" w="2446" /><ent r="3" t="22" w="42" /><ent r="3" t="22" w="85" /><ent r="3" t="23" w="583" /><ent r="3" t="23" w="594" /><ent r="3" t="23" w="611" /><ent r="3" t="23" w="628" /><ent r="3" t="23" w="646" /><ent r="3" t="23" w="670" /><ent r="3" t="23" w="1023" /><ent r="3" t="23" w="1034" /><ent r="3" t="23" w="1091" /><ent r="3" t="23" w="1312" /><ent r="3" t="23" w="1499" /><ent r="3" t="23" w="1571" /><ent r="3" t="25" w="890" /><ent r="3" t="25" w="1048" /><ent r="3" t="25" w="1324" /><ent r="3" t="25" w="1384" /><ent r="3" t="25" w="1431" /><ent r="3" t="25" w="1505" /><ent r="3" t="27" w="19" /><ent r="3" t="27" w="149" /><ent r="3" t="27" w="704" /><ent r="3" t="27" w="706" /><ent r="3" t="27" w="1142" /><ent r="3" t="27" w="1507" /><ent r="3" t="27" w="1723" /><ent r="4" t="30" w="1967" /><ent r="3" t="30" w="1987" /><ent r="3" t="32" w="82" /><ent r="3" t="32" w="164" /><ent r="3" t="32" w="425" /><ent r="3" t="32" w="443" /><ent r="3" t="32" w="597" /><ent r="3" t="32" w="628" /><ent r="3" t="34" w="61" /><ent r="3" t="34" w="280" /><ent r="4" t="34" w="333" /><ent r="3" t="34" w="355" /><ent r="3" t="34" w="418" /><ent r="3" t="34" w="492" /><ent r="3" t="34" w="495" /><ent r="3" t="34" w="506" /><ent r="3" t="34" w="544" /><ent r="3" t="34" w="563" /><ent r="3" t="34" w="601" /><ent r="3" t="34" w="609" /><ent r="3" t="34" w="672" /><ent r="3" t="34" w="746" /><ent r="3" t="34" w="749" /><ent r="3" t="34" w="760" /><ent r="3" t="34" w="798" /><ent r="3" t="34" w="817" /><ent r="3" t="34" w="856" /><ent r="3" t="35" w="74" /><ent r="3" t="35" w="124" /><ent r="3" t="35" w="165" /><ent r="3" t="35" w="168" /><ent r="3" t="35" w="178" /><ent r="3" t="35" w="198" /><ent r="3" t="35" w="216" /><ent r="3" t="36" w="252" /><ent r="3" t="36" w="311" /><ent r="3" t="36" w="417" /><ent r="3" t="36" w="460" /><ent r="3" t="36" w="463" /><ent r="3" t="36" w="476" /><ent r="3" t="36" w="501" /><ent r="3" t="36" w="506" /><ent r="3" t="37" w="599" /><ent r="5" t="51" w="300" /><ent r="5" t="51" w="321" /><ent r="3" t="52" w="98" /><ent r="3" t="52" w="122" /><ent r="3" t="52" w="125" /><ent r="3" t="52" w="158" /><ent r="3" t="52" w="161" /><ent r="6" t="53" w="138" /><ent r="6" t="55" w="1380" /></phr></stem><stem n="-name"><phr n="-name"><ent r="4" t="4" w="37" /><ent r="4" t="4" w="37" /><ent r="4" t="4" w="43" /><ent r="4" t="4" w="43" /><ent r="3" t="5" w="74" /><ent r="3" t="5" w="74" /><ent r="100" t="15" w="22" /><ent r="100" t="15" w="22" /><ent r="4" t="15" w="528" /><ent r="4" t="15" w="528" /><ent r="100" t="16" w="8" /><ent r="100" t="16" w="8" /></phr></stem><stem n="section-nam"><phr n="section-name"><ent r="4" t="4" w="37" /><ent r="4" t="4" w="43" /></phr></stem><stem n="name"><phr n="name"><ent r="4" t="4" w="38" /><ent r="4" t="4" w="44" /><ent r="3" t="4" w="111" /><ent r="3" t="5" w="64" /><ent r="3" t="5" w="75" /><ent r="6" t="5" w="242" /><ent r="100" t="5" w="307" /><ent r="6" t="5" w="314" /><ent r="6" t="5" w="337" /><ent r="6" t="5" w="368" /><ent r="5" t="5" w="381" /><ent r="100" t="5" w="393" /><ent r="6" t="5" w="396" /><ent r="100" t="5" w="492" /><ent r="6" t="5" w="495" /><ent r="6" t="5" w="504" /><ent r="6" t="5" w="533" /><ent r="6" t="5" w="544" /><ent r="3" t="5" w="724" /><ent r="3" t="5" w="729" /><ent r="3" t="5" w="735" /><ent r="5" t="6" w="57" /><ent r="4" t="6" w="99" /><ent r="5" t="6" w="136" /><ent r="3" t="6" w="177" /><ent r="3" t="6" w="180" /><ent r="3" t="6" w="194" /><ent r="3" t="6" w="203" /><ent r="3" t="6" w="206" /><ent r="3" t="6" w="231" /><ent r="3" t="8" w="68" /><ent r="3" t="8" w="76" /><ent r="3" t="8" w="82" /><ent r="3" t="8" w="131" /><ent r="3" t="8" w="138" /><ent r="3" t="8" w="289" /><ent r="3" t="8" w="302" /><ent r="3" t="8" w="324" /><ent r="3" t="11" w="68" /><ent r="3" t="11" w="112" /><ent r="5" t="14" w="140" /><ent r="5" t="14" w="152" /><ent r="5" t="14" w="303" /><ent r="5" t="14" w="451" /><ent r="5" t="14" w="1090" /><ent r="100" t="15" w="23" /><ent r="4" t="15" w="529" /><ent r="3" t="15" w="564" /><ent r="100" t="16" w="9" /><ent r="4" t="16" w="150" /><ent r="4" t="16" w="205" /><ent r="4" t="16" w="260" /><ent r="4" t="16" w="314" /><ent r="3" t="16" w="974" /><ent r="3" t="16" w="1256" /><ent r="3" t="16" w="1823" /><ent r="4" t="17" w="357" /><ent r="3" t="19" w="31" /><ent r="4" t="19" w="97" /><ent r="4" t="19" w="348" /><ent r="3" t="19" w="599" /><ent r="3" t="19" w="1283" /><ent r="3" t="19" w="1287" /><ent r="3" t="20" w="77" /><ent r="3" t="20" w="100" /><ent r="4" t="21" w="676" /><ent r="3" t="21" w="858" /><ent r="4" t="21" w="1518" /><ent r="4" t="21" w="1523" /><ent r="4" t="21" w="1528" /><ent r="4" t="21" w="1533" /><ent r="3" t="23" w="476" /><ent r="3" t="23" w="512" /><ent r="4" t="23" w="720" /><ent r="4" t="23" w="793" /><ent r="4" t="23" w="797" /><ent r="4" t="23" w="850" /><ent r="3" t="23" w="1257" /><ent r="3" t="23" w="1481" /><ent r="3" t="23" w="1510" /><ent r="3" t="23" w="1540" /><ent r="4" t="23" w="1591" /><ent r="4" t="24" w="269" /><ent r="3" t="24" w="300" /><ent r="3" t="24" w="921" /><ent r="4" t="25" w="451" /><ent r="3" t="25" w="1163" /><ent r="3" t="25" w="1169" /><ent r="3" t="25" w="1194" /><ent r="3" t="25" w="1214" /><ent r="4" t="26" w="196" /><ent r="3" t="27" w="94" /><ent r="3" t="27" w="106" /><ent r="3" t="27" w="114" /><ent r="3" t="27" w="127" /><ent r="3" t="27" w="131" /><ent r="3" t="27" w="145" /><ent r="100" t="30" w="1113" /><ent r="3" t="30" w="1116" /><ent r="5" t="31" w="2626" /><ent r="5" t="31" w="2634" /><ent r="5" t="31" w="2645" /><ent r="5" t="31" w="2655" /><ent r="100" t="32" w="133" /><ent r="3" t="32" w="136" /><ent r="100" t="32" w="141" /><ent r="3" t="32" w="144" /><ent r="100" t="33" w="101" /><ent r="3" t="33" w="119" /><ent r="4" t="33" w="530" /><ent r="100" t="33" w="818" /><ent r="4" t="33" w="851" /><ent r="4" t="33" w="865" /><ent r="4" t="33" w="873" /><ent r="6" t="33" w="1089" /><ent r="3" t="34" w="71" /><ent r="3" t="34" w="124" /><ent r="3" t="34" w="142" /><ent r="3" t="34" w="148" /><ent r="3" t="34" w="223" /><ent r="3" t="34" w="397" /><ent r="3" t="34" w="401" /><ent r="3" t="34" w="412" /><ent r="3" t="34" w="651" /><ent r="3" t="34" w="655" /><ent r="3" t="34" w="666" /><ent r="3" t="35" w="108" /><ent r="3" t="35" w="112" /><ent r="6" t="36" w="120" /><ent r="6" t="36" w="135" /><ent r="3" t="36" w="375" /><ent r="3" t="36" w="398" /><ent r="3" t="36" w="402" /><ent r="3" t="36" w="412" /><ent r="4" t="37" w="323" /><ent r="4" t="37" w="562" /><ent r="5" t="37" w="847" /><ent r="100" t="38" w="300" /><ent r="4" t="38" w="310" /><ent r="4" t="39" w="87" /><ent r="4" t="40" w="201" /><ent r="3" t="40" w="480" /><ent r="3" t="40" w="540" /><ent r="3" t="41" w="70" /><ent r="3" t="41" w="256" /><ent r="3" t="44" w="442" /><ent r="3" t="45" w="249" /><ent r="3" t="46" w="196" /><ent r="3" t="47" w="209" /><ent r="3" t="47" w="222" /><ent r="3" t="47" w="295" /><ent r="4" t="51" w="105" /><ent r="4" t="51" w="165" /><ent r="6" t="53" w="175" /><ent r="6" t="53" w="196" /><ent r="6" t="53" w="235" /><ent r="6" t="53" w="381" /><ent r="7" t="53" w="545" /><ent r="100" t="53" w="750" /><ent r="7" t="53" w="754" /><ent r="6" t="53" w="773" /><ent r="6" t="53" w="791" /><ent r="5" t="55" w="688" /><ent r="5" t="55" w="870" /><ent r="5" t="55" w="1024" /><ent r="5" t="55" w="1028" /><ent r="5" t="55" w="1092" /><ent r="5" t="55" w="1097" /><ent r="6" t="55" w="1211" /><ent r="5" t="55" w="1666" /></phr><phr n="named"><ent r="3" t="4" w="87" /><ent r="3" t="6" w="44" /><ent r="3" t="6" w="158" /><ent r="3" t="14" w="2018" /><ent r="3" t="21" w="1683" /><ent r="3" t="23" w="280" /><ent r="3" t="25" w="825" /><ent r="3" t="25" w="846" /><ent r="4" t="31" w="730" /><ent r="4" t="31" w="829" /><ent r="3" t="31" w="2974" /><ent r="3" t="31" w="3126" /><ent r="4" t="33" w="1381" /><ent r="3" t="34" w="295" /><ent r="3" t="34" w="315" /><ent r="3" t="36" w="239" /><ent r="3" t="38" w="112" /><ent r="3" t="41" w="87" /><ent r="3" t="41" w="120" /><ent r="3" t="41" w="131" /><ent r="5" t="42" w="243" /><ent r="4" t="52" w="261" /><ent r="6" t="53" w="103" /><ent r="6" t="53" w="265" /><ent r="6" t="53" w="279" /><ent r="6" t="53" w="303" /><ent r="7" t="53" w="550" /><ent r="7" t="53" w="556" /><ent r="6" t="53" w="771" /><ent r="5" t="55" w="147" /><ent r="3" t="55" w="212" /><ent r="5" t="55" w="260" /><ent r="5" t="55" w="287" /><ent r="5" t="55" w="368" /><ent r="3" t="57" w="52" /></phr><phr n="Names"><ent r="1000" t="6" w="3" /><ent r="102" t="6" w="9" /><ent r="100" t="6" w="15" /><ent r="4" t="19" w="258" /></phr><phr n="names"><ent r="4" t="6" w="130" /><ent r="4" t="16" w="183" /><ent r="4" t="16" w="227" /><ent r="4" t="16" w="932" /><ent r="4" t="18" w="862" /><ent r="4" t="19" w="246" /><ent r="4" t="19" w="249" /><ent r="3" t="19" w="586" /><ent r="4" t="23" w="785" /><ent r="3" t="24" w="320" /><ent r="3" t="27" w="1322" /><ent r="4" t="30" w="1245" /><ent r="4" t="30" w="1276" /><ent r="4" t="30" w="1292" /><ent r="3" t="51" w="527" /><ent r="5" t="55" w="387" /><ent r="3" t="56" w="173" /></phr><phr n="Name"><ent r="100" t="8" w="58" /><ent r="5" t="13" w="32" /><ent r="5" t="14" w="120" /><ent r="5" t="14" w="292" /><ent r="5" t="14" w="440" /><ent r="5" t="14" w="562" /><ent r="5" t="14" w="607" /><ent r="5" t="14" w="794" /><ent r="5" t="14" w="1079" /><ent r="5" t="14" w="1181" /><ent r="3" t="19" w="51" /><ent r="5" t="19" w="93" /><ent r="4" t="19" w="111" /><ent r="3" t="20" w="171" /><ent r="3" t="23" w="1022" /><ent r="3" t="25" w="1314" /><ent r="3" t="25" w="1421" /><ent r="5" t="26" w="183" /><ent r="3" t="27" w="1217" /><ent r="100" t="33" w="87" /><ent r="100" t="33" w="89" /><ent r="3" t="45" w="267" /><ent r="7" t="55" w="960" /></phr><phr n="Named"><ent r="5" t="25" w="437" /><ent r="82" t="25" w="815" /></phr><phr n="naming"><ent r="3" t="41" w="473" /></phr><phr n="NAME"><ent r="6" t="55" w="1626" /><ent r="5" t="55" w="1637" /></phr></stem><stem n="&gt;"><phr n="&gt;"><ent r="3" t="4" w="40" /><ent r="3" t="4" w="46" /><ent r="4" t="9" w="63" /><ent r="3" t="9" w="104" /><ent r="3" t="14" w="1341" /><ent r="3" t="14" w="1507" /><ent r="3" t="14" w="1523" /><ent r="3" t="14" w="1574" /><ent r="3" t="14" w="1604" /><ent r="3" t="14" w="1624" /><ent r="3" t="14" w="1737" /><ent r="3" t="14" w="1747" /><ent r="3" t="14" w="1755" /><ent r="3" t="14" w="1765" /><ent r="9" t="16" w="855" /><ent r="9" t="16" w="862" /><ent r="9" t="16" w="868" /><ent r="9" t="16" w="873" /><ent r="9" t="16" w="888" /><ent r="9" t="16" w="893" /><ent r="9" t="16" w="898" /><ent r="3" t="16" w="1494" /><ent r="3" t="16" w="1503" /><ent r="3" t="16" w="1512" /><ent r="3" t="16" w="1526" /><ent r="3" t="16" w="1537" /><ent r="3" t="16" w="1552" /><ent r="3" t="16" w="1564" /><ent r="3" t="16" w="1576" /><ent r="3" t="17" w="139" /><ent r="3" t="17" w="146" /><ent r="3" t="17" w="155" /><ent r="3" t="17" w="160" /><ent r="3" t="17" w="168" /><ent r="3" t="17" w="178" /><ent r="3" t="17" w="301" /><ent r="3" t="17" w="302" /><ent r="3" t="19" w="38" /><ent r="3" t="19" w="58" /><ent r="3" t="19" w="64" /><ent r="3" t="19" w="69" /><ent r="3" t="19" w="74" /><ent r="3" t="19" w="78" /><ent r="4" t="19" w="164" /><ent r="3" t="19" w="990" /><ent r="3" t="19" w="1084" /><ent r="3" t="19" w="1416" /><ent r="3" t="19" w="1424" /><ent r="3" t="19" w="1433" /><ent r="3" t="19" w="1442" /><ent r="3" t="19" w="1450" /><ent r="3" t="19" w="1456" /><ent r="3" t="19" w="1460" /><ent r="3" t="19" w="1473" /><ent r="3" t="19" w="1481" /><ent r="3" t="19" w="1489" /><ent r="3" t="19" w="1495" /><ent r="3" t="19" w="1499" /><ent r="3" t="19" w="1508" /><ent r="3" t="19" w="1516" /><ent r="3" t="19" w="1524" /><ent r="3" t="19" w="1530" /><ent r="3" t="19" w="1534" /><ent r="3" t="20" w="178" /><ent r="3" t="20" w="185" /><ent r="3" t="20" w="190" /><ent r="3" t="20" w="196" /><ent r="3" t="20" w="200" /><ent r="4" t="21" w="142" /><ent r="4" t="21" w="144" /><ent r="4" t="21" w="357" /><ent r="4" t="21" w="359" /><ent r="3" t="21" w="944" /><ent r="3" t="21" w="986" /><ent r="3" t="21" w="991" /><ent r="3" t="21" w="1850" /><ent r="3" t="21" w="1870" /><ent r="3" t="21" w="1892" /><ent r="3" t="21" w="1912" /><ent r="3" t="21" w="1934" /><ent r="3" t="21" w="1956" /><ent r="3" t="21" w="1965" /><ent r="3" t="21" w="1972" /><ent r="3" t="21" w="1980" /><ent r="3" t="21" w="1990" /><ent r="3" t="21" w="2166" /><ent r="3" t="21" w="2173" /><ent r="3" t="21" w="2180" /><ent r="3" t="21" w="2187" /><ent r="7" t="21" w="2436" /><ent r="3" t="21" w="2491" /><ent r="3" t="21" w="2500" /><ent r="3" t="21" w="2509" /><ent r="3" t="21" w="2515" /><ent r="3" t="21" w="2527" /><ent r="3" t="21" w="2532" /><ent r="3" t="21" w="2537" /><ent r="3" t="23" w="586" /><ent r="3" t="23" w="604" /><ent r="3" t="23" w="622" /><ent r="3" t="23" w="639" /><ent r="3" t="23" w="1025" /><ent r="3" t="23" w="1036" /><ent r="4" t="26" w="54" /><ent r="3" t="27" w="117" /><ent r="3" t="27" w="1119" /><ent r="4" t="30" w="1973" /><ent r="3" t="30" w="1999" /><ent r="3" t="32" w="119" /><ent r="3" t="34" w="388" /><ent r="3" t="34" w="642" /><ent r="3" t="35" w="99" /><ent r="3" t="36" w="389" /><ent r="4" t="38" w="232" /><ent r="4" t="38" w="238" /><ent r="5" t="38" w="277" /><ent r="5" t="38" w="279" /><ent r="5" t="40" w="658" /><ent r="5" t="40" w="660" /><ent r="4" t="41" w="740" /><ent r="4" t="41" w="778" /><ent r="4" t="41" w="788" /><ent r="3" t="45" w="29" /><ent r="3" t="45" w="34" /><ent r="3" t="47" w="513" /><ent r="3" t="47" w="600" /><ent r="4" t="51" w="475" /><ent r="3" t="52" w="108" /><ent r="3" t="52" w="136" /><ent r="5" t="52" w="224" /><ent r="7" t="55" w="1148" /><ent r="7" t="55" w="1176" /><ent r="6" t="55" w="1258" /><ent r="6" t="55" w="1337" /></phr></stem><stem n="..."><phr n="..."><ent r="3" t="4" w="41" /><ent r="5" t="4" w="410" /><ent r="3" t="5" w="40" /><ent r="3" t="7" w="62" /><ent r="10" t="16" w="845" /><ent r="3" t="19" w="1308" /><ent r="4" t="21" w="446" /><ent r="4" t="21" w="457" /><ent r="3" t="21" w="999" /><ent r="3" t="23" w="325" /><ent r="3" t="23" w="328" /><ent r="3" t="23" w="1496" /><ent r="3" t="23" w="1562" /><ent r="3" t="25" w="1504" /><ent r="3" t="25" w="1505" /><ent r="3" t="26" w="160" /><ent r="3" t="27" w="717" /><ent r="4" t="33" w="524" /><ent r="5" t="38" w="333" /><ent r="5" t="40" w="663" /><ent r="3" t="40" w="1056" /><ent r="3" t="40" w="1099" /><ent r="3" t="41" w="190" /><ent r="3" t="41" w="203" /><ent r="3" t="45" w="32" /><ent r="3" t="45" w="37" /><ent r="3" t="45" w="377" /><ent r="6" t="50" w="351" /><ent r="5" t="52" w="224" /><ent r="6" t="53" w="792" /><ent r="7" t="55" w="1148" /><ent r="6" t="55" w="1258" /><ent r="4" t="56" w="247" /></phr></stem><stem n="/"><phr n="/"><ent r="3" t="4" w="42" /><ent r="3" t="14" w="1830" /><ent r="3" t="14" w="1839" /><ent r="3" t="14" w="1849" /><ent r="3" t="14" w="1859" /><ent r="3" t="27" w="1648" /><ent r="3" t="27" w="1650" /><ent r="3" t="27" w="1658" /><ent r="3" t="27" w="1659" /><ent r="3" t="27" w="1665" /><ent r="3" t="27" w="1666" /><ent r="3" t="27" w="1672" /><ent r="3" t="27" w="1673" /><ent r="3" t="27" w="1679" /><ent r="3" t="27" w="1680" /><ent r="3" t="27" w="1686" /><ent r="3" t="27" w="1687" /><ent r="3" t="27" w="1693" /><ent r="3" t="27" w="1694" /><ent r="3" t="27" w="1700" /><ent r="3" t="27" w="1701" /><ent r="3" t="27" w="1707" /><ent r="3" t="27" w="1708" /><ent r="3" t="27" w="1714" /><ent r="3" t="27" w="1715" /><ent r="3" t="27" w="1721" /><ent r="3" t="27" w="1722" /></phr></stem><stem n="separ"><phr n="separate"><ent r="3" t="4" w="54" /><ent r="3" t="18" w="28" /><ent r="3" t="18" w="674" /><ent r="3" t="19" w="1209" /><ent r="3" t="21" w="2578" /><ent r="3" t="23" w="61" /><ent r="3" t="24" w="306" /><ent r="4" t="31" w="383" /><ent r="4" t="31" w="1835" /><ent r="3" t="31" w="2454" /><ent r="4" t="37" w="548" /><ent r="3" t="47" w="831" /><ent r="6" t="53" w="802" /><ent r="3" t="56" w="125" /></phr><phr n="separated"><ent r="6" t="5" w="457" /><ent r="100" t="5" w="472" /><ent r="3" t="6" w="48" /><ent r="100" t="15" w="508" /><ent r="3" t="15" w="525" /><ent r="100" t="16" w="97" /><ent r="3" t="16" w="127" /><ent r="6" t="16" w="575" /><ent r="4" t="18" w="863" /><ent r="4" t="21" w="1099" /><ent r="3" t="23" w="557" /><ent r="3" t="23" w="701" /><ent r="3" t="24" w="68" /><ent r="4" t="26" w="200" /><ent r="4" t="26" w="247" /><ent r="4" t="30" w="330" /><ent r="4" t="33" w="520" /><ent r="4" t="37" w="583" /><ent r="5" t="55" w="1612" /></phr><phr n="separately"><ent r="3" t="18" w="99" /></phr></stem><stem n="exampl"><phr n="example"><ent r="64" t="4" w="59" /><ent r="6" t="5" w="256" /><ent r="6" t="5" w="324" /><ent r="6" t="5" w="599" /><ent r="3" t="5" w="726" /><ent r="3" t="6" w="146" /><ent r="3" t="6" w="220" /><ent r="7" t="7" w="519" /><ent r="7" t="7" w="525" /><ent r="7" t="7" w="531" /><ent r="3" t="7" w="560" /><ent r="4" t="7" w="602" /><ent r="4" t="7" w="620" /><ent r="4" t="7" w="636" /><ent r="3" t="8" w="558" /><ent r="3" t="14" w="1781" /><ent r="3" t="14" w="1784" /><ent r="3" t="14" w="2038" /><ent r="6" t="16" w="592" /><ent r="3" t="16" w="1123" /><ent r="3" t="16" w="1276" /><ent r="3" t="16" w="1625" /><ent r="3" t="16" w="1717" /><ent r="4" t="17" w="339" /><ent r="3" t="18" w="34" /><ent r="3" t="18" w="357" /><ent r="3" t="19" w="45" /><ent r="4" t="19" w="195" /><ent r="4" t="19" w="353" /><ent r="4" t="19" w="403" /><ent r="3" t="19" w="604" /><ent r="3" t="19" w="1155" /><ent r="3" t="19" w="1291" /><ent r="3" t="20" w="227" /><ent r="65" t="21" w="281" /><ent r="65" t="21" w="828" /><ent r="3" t="21" w="2589" /><ent r="3" t="21" w="2936" /><ent r="3" t="22" w="48" /><ent r="3" t="23" w="274" /><ent r="3" t="23" w="482" /><ent r="3" t="23" w="653" /><ent r="3" t="23" w="952" /><ent r="3" t="23" w="1099" /><ent r="3" t="23" w="1241" /><ent r="3" t="24" w="596" /><ent r="3" t="24" w="639" /><ent r="3" t="24" w="773" /><ent r="3" t="24" w="1001" /><ent r="3" t="24" w="1088" /><ent r="3" t="25" w="106" /><ent r="3" t="25" w="871" /><ent r="3" t="25" w="897" /><ent r="64" t="25" w="945" /><ent r="3" t="27" w="12" /><ent r="3" t="29" w="50" /><ent r="3" t="29" w="98" /><ent r="3" t="29" w="143" /><ent r="3" t="30" w="72" /><ent r="4" t="30" w="808" /><ent r="3" t="30" w="1686" /><ent r="3" t="30" w="1761" /><ent r="3" t="31" w="94" /><ent r="3" t="31" w="212" /><ent r="3" t="31" w="1264" /><ent r="6" t="33" w="1019" /><ent r="6" t="33" w="1075" /><ent r="4" t="33" w="1296" /><ent r="4" t="33" w="1391" /><ent r="3" t="34" w="210" /><ent r="3" t="34" w="214" /><ent r="3" t="34" w="274" /><ent r="3" t="34" w="485" /><ent r="3" t="34" w="570" /><ent r="3" t="34" w="739" /><ent r="3" t="34" w="824" /><ent r="82" t="36" w="192" /><ent r="3" t="39" w="135" /><ent r="3" t="39" w="334" /><ent r="3" t="39" w="420" /><ent r="3" t="40" w="869" /><ent r="3" t="40" w="907" /><ent r="3" t="44" w="161" /><ent r="3" t="45" w="177" /><ent r="3" t="48" w="43" /><ent r="3" t="48" w="54" /><ent r="4" t="51" w="314" /><ent r="6" t="53" w="275" /><ent r="3" t="54" w="30" /><ent r="6" t="55" w="1678" /><ent r="6" t="55" w="1747" /><ent r="6" t="55" w="2059" /></phr><phr n="Example"><ent r="6" t="5" w="541" /><ent r="3" t="5" w="730" /><ent r="3" t="5" w="737" /><ent r="64" t="7" w="193" /><ent r="3" t="8" w="147" /><ent r="100" t="8" w="544" /><ent r="92" t="8" w="548" /><ent r="3" t="9" w="83" /><ent r="3" t="9" w="132" /><ent r="82" t="14" w="1286" /><ent r="82" t="14" w="1731" /><ent r="3" t="21" w="887" /><ent r="3" t="21" w="1199" /><ent r="3" t="21" w="1774" /><ent r="1000" t="27" w="3" /><ent r="102" t="27" w="5" /><ent r="64" t="29" w="102" /><ent r="64" t="30" w="77" /><ent r="4" t="30" w="339" /><ent r="4" t="30" w="436" /><ent r="100" t="30" w="541" /><ent r="4" t="30" w="545" /><ent r="4" t="30" w="812" /><ent r="4" t="30" w="838" /><ent r="4" t="30" w="953" /><ent r="4" t="30" w="1024" /><ent r="4" t="30" w="1126" /><ent r="4" t="30" w="1154" /><ent r="4" t="30" w="1215" /><ent r="4" t="30" w="1314" /><ent r="4" t="30" w="1756" /><ent r="4" t="30" w="1985" /><ent r="100" t="31" w="111" /><ent r="64" t="31" w="115" /><ent r="4" t="31" w="1251" /><ent r="4" t="31" w="1510" /><ent r="4" t="31" w="1978" /><ent r="4" t="31" w="2105" /><ent r="4" t="31" w="2220" /><ent r="4" t="31" w="2319" /><ent r="4" t="31" w="2555" /><ent r="4" t="31" w="2623" /><ent r="4" t="31" w="2728" /><ent r="4" t="31" w="2927" /><ent r="4" t="31" w="3103" /><ent r="4" t="31" w="3141" /><ent r="100" t="31" w="3377" /><ent r="100" t="31" w="3380" /><ent r="92" t="31" w="3383" /><ent r="1000" t="32" w="1" /><ent r="100" t="32" w="12" /><ent r="102" t="32" w="64" /><ent r="64" t="33" w="313" /><ent r="4" t="33" w="594" /><ent r="64" t="33" w="787" /><ent r="64" t="33" w="1458" /><ent r="92" t="34" w="353" /><ent r="3" t="34" w="358" /><ent r="3" t="34" w="424" /><ent r="92" t="34" w="607" /><ent r="3" t="34" w="612" /><ent r="3" t="34" w="678" /><ent r="1000" t="35" w="4" /><ent r="102" t="35" w="9" /><ent r="100" t="35" w="81" /><ent r="3" t="35" w="86" /><ent r="3" t="35" w="117" /><ent r="82" t="37" w="602" /><ent r="4" t="40" w="413" /><ent r="4" t="40" w="457" /><ent r="4" t="40" w="519" /><ent r="4" t="40" w="574" /><ent r="3" t="40" w="886" /><ent r="4" t="41" w="80" /><ent r="4" t="44" w="188" /><ent r="3" t="46" w="128" /><ent r="3" t="46" w="163" /><ent r="3" t="46" w="198" /><ent r="3" t="47" w="240" /><ent r="3" t="47" w="319" /><ent r="100" t="51" w="193" /><ent r="92" t="51" w="197" /><ent r="100" t="52" w="75" /><ent r="92" t="52" w="79" /><ent r="6" t="55" w="1159" /><ent r="5" t="55" w="1669" /><ent r="5" t="55" w="1738" /><ent r="6" t="55" w="2021" /></phr><phr n="Examples"><ent r="82" t="7" w="476" /><ent r="82" t="14" w="1476" /><ent r="3" t="16" w="1487" /><ent r="3" t="21" w="939" /><ent r="3" t="21" w="982" /><ent r="3" t="21" w="1831" /><ent r="3" t="21" w="2161" /><ent r="3" t="21" w="2486" /><ent r="3" t="24" w="87" /><ent r="3" t="24" w="325" /><ent r="3" t="24" w="358" /><ent r="3" t="24" w="866" /><ent r="3" t="24" w="1073" /><ent r="4" t="30" w="638" /><ent r="4" t="30" w="1883" /><ent r="4" t="31" w="3008" /><ent r="92" t="40" w="411" /><ent r="64" t="43" w="210" /><ent r="3" t="43" w="212" /><ent r="1000" t="47" w="4" /><ent r="102" t="47" w="9" /></phr><phr n="examples"><ent r="3" t="7" w="547" /><ent r="4" t="7" w="584" /><ent r="3" t="14" w="1481" /><ent r="3" t="14" w="1771" /><ent r="3" t="24" w="98" /><ent r="3" t="25" w="1207" /><ent r="3" t="26" w="158" /><ent r="3" t="33" w="376" /><ent r="3" t="34" w="347" /><ent r="3" t="45" w="214" /><ent r="3" t="47" w="21" /><ent r="64" t="48" w="91" /><ent r="3" t="60" w="10" /><ent r="3" t="60" w="22" /></phr></stem></index>