﻿<?xml version="1.0" encoding="utf-8"?><index><stem n="subid's."><phr n="subid's."><ent r="4" t="24" w="250" /><ent r="4" t="24" w="249" /><ent r="3" t="24" w="1128" /><ent r="3" t="24" w="1127" /></phr></stem><stem n="'s."><phr n="'s."><ent r="4" t="24" w="251" /><ent r="3" t="24" w="1129" /><ent r="3" t="41" w="138" /></phr></stem><stem n="rel"><phr n="Relative"><ent r="4" t="24" w="252" /><ent r="3" t="24" w="284" /><ent r="3" t="24" w="338" /><ent r="3" t="24" w="381" /><ent r="100" t="30" w="971" /><ent r="100" t="30" w="1163" /><ent r="100" t="30" w="1174" /><ent r="82" t="30" w="1178" /></phr><phr n="relative"><ent r="4" t="24" w="281" /><ent r="3" t="30" w="1004" /><ent r="4" t="30" w="1017" /><ent r="3" t="44" w="141" /></phr></stem><stem n="::,"><phr n="::,"><ent r="4" t="24" w="276" /></phr></stem><stem n="handi"><phr n="handy"><ent r="3" t="24" w="289" /></phr></stem><stem n="ambigu"><phr n="ambiguous"><ent r="3" t="24" w="294" /></phr></stem><stem n=".e."><phr n=".e."><ent r="3" t="24" w="297" /></phr></stem><stem n="prefer"><phr n="prefer"><ent r="3" t="24" w="311" /></phr><phr n="preference"><ent r="3" t="26" w="57" /></phr><phr n="Preferences"><ent r="3" t="47" w="828" /><ent r="3" t="47" w="853" /><ent r="3" t="47" w="855" /></phr></stem><stem n="sysuptime.0"><phr n="sysUpTime.0"><ent r="3" t="24" w="330" /><ent r="3" t="24" w="329" /><ent r="3" t="24" w="376" /><ent r="3" t="24" w="375" /><ent r="3" t="24" w="601" /><ent r="3" t="24" w="600" /><ent r="3" t="24" w="792" /><ent r="3" t="24" w="791" /><ent r="3" t="24" w="816" /><ent r="3" t="24" w="815" /><ent r="3" t="24" w="829" /><ent r="3" t="24" w="828" /><ent r="3" t="24" w="847" /><ent r="3" t="24" w="846" /><ent r="3" t="24" w="870" /><ent r="3" t="24" w="869" /><ent r="3" t="24" w="909" /><ent r="3" t="24" w="908" /></phr></stem><stem n="enterprises.9"><phr n="enterprises.9"><ent r="3" t="24" w="332" /><ent r="3" t="24" w="331" /></phr></stem><stem n="enterprises.9.2"><phr n="enterprises.9.2"><ent r="3" t="24" w="333" /><ent r="3" t="24" w="331" /></phr></stem><stem n="enterprises.9.2.3"><phr n="enterprises.9.2.3"><ent r="3" t="24" w="334" /><ent r="3" t="24" w="331" /></phr></stem><stem n="enterprises.9.2.3.4"><phr n="enterprises.9.2.3.4"><ent r="3" t="24" w="335" /><ent r="3" t="24" w="331" /></phr></stem><stem n=".9.2.3.4.5"><phr n=".9.2.3.4.5"><ent r="3" t="24" w="336" /></phr></stem><stem n="enterprises.9.2.3.4.5"><phr n="enterprises.9.2.3.4.5"><ent r="3" t="24" w="336" /><ent r="3" t="24" w="331" /></phr></stem><stem n=".sysuptim"><phr n=".sysUpTime"><ent r="3" t="24" w="340" /></phr></stem><stem n="system.sysuptim"><phr n="system.sysUpTime"><ent r="3" t="24" w="340" /><ent r="3" t="24" w="339" /><ent r="3" t="24" w="343" /><ent r="3" t="24" w="342" /><ent r="3" t="24" w="354" /><ent r="3" t="24" w="353" /></phr></stem><stem n=".sysuptime.0"><phr n=".sysUpTime.0"><ent r="3" t="24" w="344" /></phr></stem><stem n="system.sysuptime.0"><phr n="system.sysUpTime.0"><ent r="3" t="24" w="344" /><ent r="3" t="24" w="342" /><ent r="3" t="24" w="355" /><ent r="3" t="24" w="353" /></phr></stem><stem n="snmpv2"><phr n="SNMPv2"><ent r="3" t="24" w="347" /><ent r="3" t="24" w="351" /><ent r="3" t="24" w="392" /><ent r="3" t="28" w="79" /><ent r="3" t="28" w="83" /></phr></stem><stem n="snmpv2-mib"><phr n="SNMPv2-MIB"><ent r="3" t="24" w="347" /><ent r="3" t="24" w="351" /><ent r="3" t="24" w="392" /></phr></stem><stem n="-mib::sysuptim"><phr n="-MIB::sysUpTime"><ent r="3" t="24" w="349" /><ent r="3" t="24" w="349" /><ent r="3" t="24" w="404" /><ent r="3" t="24" w="404" /></phr></stem><stem n="-mib::system.sysuptime.0"><phr n="-MIB::system.sysUpTime.0"><ent r="3" t="24" w="355" /><ent r="3" t="24" w="355" /></phr></stem><stem n="sysuptiim"><phr n="sysUpTiime"><ent r="3" t="24" w="361" /></phr></stem><stem n="misspel"><phr n="misspelled"><ent r="3" t="24" w="362" /></phr></stem><stem n="(misspelled;"><phr n="(misspelled;"><ent r="3" t="24" w="363" /></phr></stem><stem n="(wrong"><phr n="(wrong"><ent r="3" t="24" w="367" /></phr></stem><stem n="wrong"><phr n="wrong"><ent r="3" t="24" w="367" /><ent r="3" t="24" w="406" /><ent r="4" t="24" w="535" /></phr></stem><stem n="sy"><phr n="sys"><ent r="3" t="24" w="370" /><ent r="3" t="24" w="446" /><ent r="3" t="36" w="247" /><ent r="3" t="36" w="250" /><ent r="3" t="36" w="258" /><ent r="3" t="36" w="261" /><ent r="3" t="36" w="265" /><ent r="3" t="36" w="296" /></phr></stem><stem n="%ptime"><phr n="%pTime"><ent r="3" t="24" w="371" /></phr></stem><stem n="ptime"><phr n="pTime"><ent r="3" t="24" w="371" /><ent r="3" t="24" w="447" /></phr></stem><stem n="(disallow"><phr n="(disallowed"><ent r="3" t="24" w="372" /></phr></stem><stem n="disallow"><phr n="disallowed"><ent r="3" t="24" w="372" /></phr></stem><stem n="%)"><phr n="%)"><ent r="3" t="24" w="374" /></phr></stem><stem n="sysuptime.0."><phr n="sysUpTime.0."><ent r="3" t="24" w="376" /><ent r="3" t="24" w="375" /></phr></stem><stem n=".0."><phr n=".0."><ent r="3" t="24" w="377" /></phr></stem><stem n="bad"><phr n="bad"><ent r="3" t="24" w="377" /><ent r="3" t="24" w="384" /><ent r="3" t="24" w="395" /><ent r="3" t="24" w="405" /></phr></stem><stem n="(bad;"><phr n="(bad;"><ent r="3" t="24" w="378" /><ent r="3" t="24" w="385" /><ent r="3" t="24" w="396" /><ent r="3" t="24" w="406" /></phr></stem><stem n=".ifindex"><phr n=".ifIndex"><ent r="3" t="24" w="383" /></phr></stem><stem n="system.ifindex"><phr n="system.ifIndex"><ent r="3" t="24" w="383" /><ent r="3" t="24" w="382" /></phr></stem><stem n="-mib.sysuptim"><phr n="-MIB.sysUpTime"><ent r="3" t="24" w="394" /><ent r="3" t="24" w="394" /></phr></stem><stem n="snmpv2-mib.sysuptim"><phr n="SNMPv2-MIB.sysUpTime"><ent r="3" t="24" w="394" /><ent r="3" t="24" w="393" /></phr></stem><stem n="::"><phr n="::"><ent r="3" t="24" w="398" /><ent r="3" t="24" w="936" /></phr></stem><stem n="modul"><phr n="module"><ent r="3" t="24" w="408" /><ent r="3" t="28" w="122" /></phr><phr n="MODULE"><ent r="3" t="28" w="71" /><ent r="3" t="28" w="86" /></phr></stem><stem n="&quot;sys%ptime&quot;"><phr n="&quot;sys%pTime&quot;"><ent r="3" t="24" w="448" /></phr></stem><stem n="bundl"><phr n="bundle"><ent r="4" t="24" w="499" /></phr></stem><stem n="futur"><phr n="future"><ent r="4" t="24" w="512" /><ent r="3" t="24" w="947" /><ent r="5" t="55" w="1848" /></phr></stem><stem n="direct"><phr n="direction"><ent r="4" t="24" w="513" /></phr><phr n="direct"><ent r="4" t="40" w="726" /></phr><phr n="directive"><ent r="3" t="45" w="346" /><ent r="4" t="51" w="278" /><ent r="4" t="52" w="181" /><ent r="4" t="52" w="210" /><ent r="4" t="53" w="9" /><ent r="6" t="53" w="84" /><ent r="6" t="53" w="92" /><ent r="6" t="53" w="149" /><ent r="6" t="53" w="170" /><ent r="6" t="53" w="188" /><ent r="6" t="53" w="225" /><ent r="6" t="53" w="256" /><ent r="6" t="53" w="337" /><ent r="6" t="53" w="369" /><ent r="7" t="53" w="530" /><ent r="7" t="53" w="565" /><ent r="6" t="53" w="629" /><ent r="6" t="53" w="654" /><ent r="6" t="53" w="701" /><ent r="6" t="53" w="760" /><ent r="3" t="54" w="59" /><ent r="5" t="55" w="1079" /><ent r="3" t="56" w="399" /></phr><phr n="Directives"><ent r="66" t="50" w="181" /><ent r="66" t="51" w="71" /><ent r="1000" t="53" w="1" /><ent r="100" t="53" w="3" /><ent r="102" t="53" w="5" /><ent r="4" t="53" w="29" /><ent r="92" t="53" w="41" /></phr><phr n="directives"><ent r="3" t="51" w="461" /><ent r="3" t="53" w="46" /><ent r="6" t="53" w="362" /><ent r="3" t="54" w="203" /><ent r="3" t="54" w="213" /></phr></stem><stem n="happen"><phr n="happen"><ent r="4" t="24" w="517" /><ent r="3" t="39" w="77" /></phr><phr n="happens"><ent r="4" t="24" w="530" /><ent r="3" t="54" w="86" /></phr><phr n="Happens"><ent r="92" t="51" w="444" /></phr></stem><stem n="pick"><phr n="pick"><ent r="4" t="24" w="533" /></phr></stem><stem n="-next"><phr n="-Next"><ent r="92" t="24" w="548" /><ent r="92" t="24" w="548" /><ent r="3" t="24" w="728" /><ent r="3" t="24" w="728" /></phr></stem><stem n="&quot;get-next&quot;"><phr n="&quot;get-next&quot;"><ent r="3" t="24" w="561" /></phr></stem><stem n="instanc"><phr n="instance"><ent r="3" t="24" w="594" /><ent r="3" t="24" w="612" /></phr><phr n="instances"><ent r="3" t="25" w="1181" /><ent r="6" t="53" w="349" /></phr></stem><stem n="&quot;sysuptime.0&quot;"><phr n="&quot;sysUpTime.0&quot;"><ent r="3" t="24" w="602" /><ent r="3" t="24" w="793" /></phr></stem><stem n="ifinoctet"><phr n="ifInOctets"><ent r="3" t="24" w="603" /><ent r="3" t="24" w="614" /><ent r="3" t="24" w="648" /><ent r="3" t="24" w="682" /><ent r="3" t="24" w="697" /></phr></stem><stem n="ifinoctets.13"><phr n="ifInOctets.13"><ent r="3" t="24" w="604" /><ent r="3" t="24" w="603" /></phr></stem><stem n="13"><phr n="13"><ent r="3" t="24" w="604" /><ent r="3" t="24" w="616" /><ent r="3" t="24" w="622" /><ent r="3" t="24" w="689" /><ent r="3" t="27" w="628" /><ent r="3" t="27" w="751" /><ent r="3" t="27" w="861" /><ent r="3" t="27" w="1043" /><ent r="3" t="31" w="3491" /><ent r="3" t="36" w="353" /><ent r="3" t="39" w="488" /><ent r="3" t="40" w="784" /><ent r="3" t="40" w="1069" /></phr></stem><stem n="&quot;ifinoctets.13&quot;."><phr n="&quot;ifInOctets.13&quot;."><ent r="3" t="24" w="605" /></phr></stem><stem n="(only)"><phr n="(only)"><ent r="3" t="24" w="612" /></phr></stem><stem n=".13"><phr n=".13"><ent r="3" t="24" w="616" /></phr></stem><stem n="occas"><phr n="occasions"><ent r="3" t="24" w="626" /></phr></stem><stem n="ifinoctets+"><phr n="ifInOctets+"><ent r="3" t="24" w="675" /></phr></stem><stem n=".13+"><phr n=".13+"><ent r="3" t="24" w="698" /></phr></stem><stem n="ifinoctets.13+"><phr n="ifInOctets.13+"><ent r="3" t="24" w="698" /><ent r="3" t="24" w="697" /></phr></stem><stem n="13+"><phr n="13+"><ent r="3" t="24" w="698" /></phr></stem><stem n="technic"><phr n="Technically"><ent r="3" t="24" w="708" /></phr></stem><stem n="sysuptimecrash"><phr n="sysUpTimeCrashed"><ent r="3" t="24" w="785" /><ent r="3" t="24" w="810" /></phr></stem><stem n="&quot;sysuptimecrashed&quot;"><phr n="&quot;sysUpTimeCrashed&quot;"><ent r="3" t="24" w="786" /><ent r="3" t="24" w="811" /></phr></stem><stem n="systemcrash"><phr n="systemCrashed"><ent r="3" t="24" w="801" /><ent r="3" t="24" w="833" /><ent r="3" t="24" w="841" /><ent r="3" t="24" w="868" /></phr></stem><stem n="&quot;systemcrashed&quot;"><phr n="&quot;systemCrashed&quot;"><ent r="3" t="24" w="802" /></phr></stem><stem n="&quot;trap-conditional&quot;"><phr n="&quot;Trap-Conditional&quot;"><ent r="3" t="24" w="859" /></phr></stem><stem n="?:sysuptime.0"><phr n="?:sysUpTime.0"><ent r="3" t="24" w="870" /></phr></stem><stem n="systrapoid"><phr n="sysTrapOID"><ent r="3" t="24" w="872" /><ent r="3" t="24" w="876" /></phr></stem><stem n="?:syscontact"><phr n="?:sysContact"><ent r="3" t="24" w="873" /></phr></stem><stem n="somemib"><phr n="SOMEMIB"><ent r="3" t="24" w="875" /></phr></stem><stem n="systrapoid.1"><phr n="sysTrapOID.1"><ent r="3" t="24" w="877" /><ent r="3" t="24" w="876" /></phr></stem><stem n="smiv2"><phr n="SMIv2"><ent r="3" t="24" w="878" /><ent r="3" t="28" w="159" /><ent r="3" t="28" w="355" /></phr></stem><stem n="smiv2-mib"><phr n="SMIv2-MIB"><ent r="3" t="24" w="878" /></phr></stem><stem n="::systrapoid.1?:smiv2-mib::syscontact"><phr n="::sysTrapOID.1?:SMIv2-MIB::sysContact"><ent r="3" t="24" w="880" /></phr></stem><stem n="4.4"><phr n="4.4"><ent r="3" t="24" w="885" /><ent r="3" t="24" w="884" /><ent r="3" t="27" w="72" /><ent r="3" t="27" w="71" /></phr></stem><stem n="4.4,"><phr n="4.4,"><ent r="3" t="24" w="885" /><ent r="3" t="24" w="884" /></phr></stem><stem n=".4,"><phr n=".4,"><ent r="3" t="24" w="886" /><ent r="3" t="41" w="513" /></phr></stem><stem n="legaci"><phr n="legacy"><ent r="3" t="24" w="887" /><ent r="3" t="24" w="912" /></phr></stem><stem n=".3.6.1.2.1::sysuptime.0"><phr n=".3.6.1.2.1::sysUpTime.0"><ent r="3" t="24" w="909" /></phr></stem><stem n="row'"><phr n="row's"><ent r="3" t="24" w="974" /><ent r="3" t="24" w="973" /></phr></stem><stem n="techniqu"><phr n="technique"><ent r="3" t="24" w="978" /></phr><phr n="techniques"><ent r="3" t="42" w="373" /></phr></stem><stem n="not-access"><phr n="not-accessible"><ent r="3" t="24" w="994" /></phr></stem><stem n="&quot;not-accessible&quot;."><phr n="&quot;not-accessible&quot;."><ent r="3" t="24" w="996" /></phr></stem><stem n="[1:]"><phr n="[1:]"><ent r="3" t="24" w="1085" /></phr></stem><stem n="&lt;oid&gt;"><phr n="&lt;oid&gt;"><ent r="3" t="24" w="1091" /><ent r="3" t="24" w="1099" /></phr></stem><stem n="rest"><phr n="rest"><ent r="3" t="24" w="1142" /><ent r="4" t="33" w="869" /></phr></stem><stem n="zero-bas"><phr n="zero-based"><ent r="3" t="24" w="1147" /></phr></stem><stem n="handl"><phr n="Handling"><ent r="1000" t="25" w="1" /><ent r="100" t="25" w="7" /><ent r="100" t="30" w="160" /><ent r="100" t="30" w="162" /><ent r="100" t="30" w="164" /><ent r="65" t="30" w="168" /><ent r="64" t="30" w="1575" /><ent r="92" t="30" w="1663" /></phr><phr n="handling"><ent r="3" t="27" w="15" /></phr><phr n="handled"><ent r="4" t="33" w="477" /></phr></stem><stem n=":handl"><phr n=":Handling"><ent r="100" t="25" w="7" /><ent r="100" t="30" w="160" /></phr></stem><stem n="unsolicit"><phr n="unsolicited"><ent r="3" t="25" w="21" /></phr></stem><stem n="manag"><phr n="management"><ent r="3" t="25" w="32" /></phr><phr n="Manager"><ent r="3" t="41" w="701" /><ent r="4" t="41" w="731" /><ent r="4" t="41" w="762" /><ent r="4" t="41" w="775" /><ent r="4" t="41" w="780" /></phr></stem><stem n="consol"><phr n="console"><ent r="3" t="25" w="33" /></phr></stem><stem n="arriv"><phr n="arrives"><ent r="3" t="25" w="55" /><ent r="3" t="25" w="251" /><ent r="3" t="25" w="907" /><ent r="3" t="27" w="239" /><ent r="3" t="27" w="1153" /><ent r="3" t="31" w="3932" /><ent r="3" t="56" w="330" /></phr><phr n="arrive"><ent r="3" t="27" w="164" /><ent r="3" t="27" w="324" /></phr><phr n="arrival"><ent r="4" t="42" w="403" /></phr></stem><stem n="enabl"><phr n="enabled"><ent r="3" t="25" w="64" /></phr></stem><stem n="relai"><phr n="relayed"><ent r="3" t="25" w="78" /></phr><phr n="relaying"><ent r="4" t="26" w="315" /></phr></stem><stem n="twice"><phr n="twice"><ent r="3" t="25" w="121" /></phr></stem><stem n=".."><phr n=".."><ent r="3" t="25" w="163" /></phr></stem><stem n="-evalu"><phr n="-evaluates"><ent r="3" t="25" w="165" /><ent r="3" t="25" w="165" /></phr></stem><stem n="re-evalu"><phr n="re-evaluates"><ent r="3" t="25" w="165" /></phr></stem><stem n="incom"><phr n="incoming"><ent r="3" t="25" w="188" /><ent r="3" t="25" w="936" /><ent r="3" t="30" w="1768" /><ent r="100" t="31" w="241" /><ent r="4" t="31" w="246" /><ent r="4" t="31" w="265" /><ent r="4" t="31" w="285" /><ent r="4" t="31" w="403" /><ent r="3" t="31" w="1063" /><ent r="3" t="31" w="1414" /><ent r="3" t="31" w="1702" /><ent r="4" t="31" w="1739" /><ent r="3" t="31" w="1907" /><ent r="3" t="31" w="1990" /><ent r="3" t="31" w="2799" /><ent r="3" t="31" w="2817" /><ent r="3" t="31" w="3706" /><ent r="3" t="31" w="3724" /><ent r="3" t="31" w="3728" /></phr><phr n="Incoming"><ent r="100" t="31" w="243" /><ent r="100" t="31" w="322" /></phr></stem><stem n="re-pol"><phr n="re-polls"><ent r="3" t="25" w="224" /></phr></stem><stem n="-to-dat"><phr n="-to-date"><ent r="3" t="25" w="239" /><ent r="3" t="25" w="240" /><ent r="3" t="49" w="11" /><ent r="3" t="49" w="12" /></phr></stem><stem n="up-to"><phr n="up-to"><ent r="3" t="25" w="239" /><ent r="3" t="49" w="11" /></phr></stem><stem n="up-to-d"><phr n="up-to-date"><ent r="3" t="25" w="239" /><ent r="3" t="49" w="11" /></phr></stem><stem n="to-dat"><phr n="to-date"><ent r="3" t="25" w="240" /><ent r="3" t="49" w="12" /></phr></stem><stem n="caus"><phr n="causing"><ent r="3" t="25" w="296" /><ent r="7" t="53" w="468" /><ent r="7" t="53" w="499" /></phr><phr n="causes"><ent r="3" t="25" w="1058" /><ent r="6" t="53" w="257" /><ent r="6" t="53" w="291" /><ent r="6" t="53" w="655" /><ent r="6" t="53" w="794" /></phr><phr n="cause"><ent r="3" t="31" w="1124" /></phr></stem><stem n="lose"><phr n="lose"><ent r="3" t="25" w="303" /></phr></stem><stem n="reli"><phr n="rely"><ent r="3" t="25" w="314" /></phr></stem><stem n="health"><phr n="health"><ent r="3" t="25" w="324" /></phr></stem><stem n="substitut"><phr n="substitute"><ent r="3" t="25" w="331" /><ent r="3" t="30" w="1232" /><ent r="4" t="37" w="357" /></phr><phr n="substitutes"><ent r="3" t="37" w="114" /></phr></stem><stem n=":trapvari"><phr n=":TrapVariable"><ent r="100" t="25" w="345" /></phr></stem><stem n="declar"><phr n="declared"><ent r="3" t="25" w="383" /><ent r="3" t="25" w="1289" /></phr></stem><stem n="posit"><phr n="Positional"><ent r="5" t="25" w="406" /><ent r="82" t="25" w="732" /><ent r="3" t="27" w="1321" /></phr><phr n="positional"><ent r="4" t="25" w="419" /><ent r="3" t="25" w="853" /></phr><phr n="position"><ent r="4" t="25" w="432" /><ent r="4" t="25" w="749" /><ent r="3" t="25" w="1033" /><ent r="3" t="25" w="1166" /><ent r="3" t="25" w="1204" /><ent r="3" t="25" w="1217" /><ent r="3" t="25" w="1396" /><ent r="3" t="31" w="1862" /></phr><phr n="positive"><ent r="4" t="25" w="592" /></phr><phr n="Position"><ent r="82" t="25" w="1150" /><ent r="3" t="27" w="1643" /></phr></stem><stem n="getrequest"><phr n="GetRequest"><ent r="3" t="25" w="487" /><ent r="3" t="25" w="1474" /></phr></stem><stem n="getnextrequest"><phr n="GetNextRequest"><ent r="3" t="25" w="489" /><ent r="3" t="25" w="1476" /><ent r="100" t="39" w="486" /><ent r="3" t="39" w="493" /></phr></stem><stem n="’s"><phr n="’s"><ent r="3" t="25" w="521" /></phr></stem><stem n="$generictrap"><phr n="$GenericTrap"><ent r="5" t="25" w="524" /><ent r="4" t="25" w="578" /><ent r="3" t="25" w="967" /><ent r="3" t="27" w="1275" /></phr></stem><stem n="snmpv1"><phr n="SNMPv1"><ent r="4" t="25" w="532" /><ent r="4" t="25" w="600" /><ent r="4" t="25" w="622" /><ent r="4" t="25" w="625" /><ent r="4" t="25" w="638" /><ent r="3" t="27" w="389" /><ent r="3" t="27" w="1574" /><ent r="100" t="40" w="109" /><ent r="4" t="40" w="120" /><ent r="3" t="41" w="189" /></phr></stem><stem n="(snmpv1)."><phr n="(SNMPv1)."><ent r="4" t="25" w="533" /><ent r="4" t="25" w="601" /></phr></stem><stem n="coldstart"><phr n="coldStart"><ent r="4" t="25" w="542" /></phr></stem><stem n="warmstart"><phr n="warmStart"><ent r="4" t="25" w="545" /></phr></stem><stem n="linkdown"><phr n="linkDown"><ent r="4" t="25" w="548" /></phr></stem><stem n="linkup"><phr n="linkUp"><ent r="4" t="25" w="551" /></phr></stem><stem n="authenticationfailur"><phr n="authenticationFailure"><ent r="4" t="25" w="554" /></phr></stem><stem n="egpneighborloss"><phr n="egpNeighborLoss"><ent r="4" t="25" w="557" /></phr></stem><stem n="-specif"><phr n="-specific"><ent r="4" t="25" w="561" /><ent r="4" t="25" w="561" /></phr></stem><stem n="enterprise-specif"><phr n="enterprise-specific"><ent r="4" t="25" w="561" /></phr></stem><stem n="$specifictrap"><phr n="$SpecificTrap"><ent r="5" t="25" w="565" /><ent r="4" t="25" w="584" /><ent r="3" t="25" w="972" /><ent r="3" t="27" w="1280" /></phr></stem><stem n="0-5"><phr n="0-5"><ent r="4" t="25" w="581" /></phr></stem><stem n="-5,"><phr n="-5,"><ent r="4" t="25" w="583" /><ent r="4" t="25" w="583" /></phr></stem><stem n="(0);"><phr n="(0);"><ent r="4" t="25" w="588" /></phr></stem><stem n="-bit"><phr n="-bit"><ent r="4" t="25" w="593" /><ent r="4" t="25" w="593" /></phr></stem><stem n="vendor"><phr n="vendor"><ent r="4" t="25" w="599" /><ent r="3" t="25" w="1184" /></phr><phr n="vendors"><ent r="3" t="33" w="222" /><ent r="3" t="37" w="44" /></phr></stem><stem n="$timestamp"><phr n="$TimeStamp"><ent r="5" t="25" w="602" /><ent r="3" t="25" w="978" /><ent r="3" t="27" w="1285" /></phr></stem><stem n="hundredth"><phr n="hundredths"><ent r="4" t="25" w="611" /></phr></stem><stem n="$enterpris"><phr n="$Enterprise"><ent r="5" t="25" w="616" /><ent r="3" t="25" w="983" /><ent r="3" t="27" w="1289" /></phr></stem><stem n="(snmpv1)"><phr n="(SNMPv1)"><ent r="4" t="25" w="626" /></phr></stem><stem n="$communitystr"><phr n="$CommunityString"><ent r="5" t="25" w="627" /><ent r="3" t="25" w="988" /><ent r="3" t="27" w="1293" /></phr></stem><stem n="(snmpv1,"><phr n="(SNMPv1,"><ent r="4" t="25" w="639" /></phr></stem><stem n="$trapoid"><phr n="$TrapOID"><ent r="5" t="25" w="641" /><ent r="3" t="25" w="994" /><ent r="3" t="27" w="1298" /></phr></stem><stem n="snmpv3"><phr n="SNMPv3"><ent r="4" t="25" w="653" /><ent r="100" t="40" w="111" /><ent r="4" t="40" w="123" /><ent r="4" t="40" w="144" /><ent r="3" t="40" w="378" /><ent r="3" t="40" w="477" /><ent r="3" t="40" w="537" /></phr></stem><stem n="$agentaddress"><phr n="$AgentAddress"><ent r="5" t="25" w="655" /><ent r="4" t="25" w="689" /><ent r="3" t="25" w="1000" /><ent r="3" t="27" w="1303" /></phr></stem><stem n="$snmpversion"><phr n="$SnmpVersion"><ent r="5" t="25" w="700" /><ent r="3" t="25" w="1012" /><ent r="3" t="27" w="1312" /></phr></stem><stem n="(v1),"><phr n="(v1),"><ent r="4" t="25" w="713" /></phr></stem><stem n="(v3)."><phr n="(v3)."><ent r="4" t="25" w="718" /></phr></stem><stem n="$varbindcount"><phr n="$VarbindCount"><ent r="5" t="25" w="719" /><ent r="3" t="25" w="1018" /><ent r="3" t="27" w="1317" /></phr></stem><stem n="$varbindvaluen"><phr n="$VarbindValueN"><ent r="5" t="25" w="757" /></phr></stem><stem n="n'th"><phr n="N'th"><ent r="4" t="25" w="764" /><ent r="4" t="25" w="763" /><ent r="4" t="25" w="780" /><ent r="4" t="25" w="779" /><ent r="4" t="25" w="796" /><ent r="4" t="25" w="795" /></phr></stem><stem n="$varbindtypen"><phr n="$VarbindTypeN"><ent r="5" t="25" w="773" /></phr></stem><stem n="$varbindoidn"><phr n="$VarbindOIDN"><ent r="5" t="25" w="789" /></phr></stem><stem n="1.3.6.1.4.1.6306"><phr n="1.3.6.1.4.1.6306"><ent r="3" t="25" w="883" /><ent r="3" t="25" w="877" /><ent r="3" t="25" w="917" /><ent r="3" t="25" w="911" /><ent r="3" t="26" w="81" /><ent r="3" t="26" w="75" /><ent r="3" t="26" w="114" /><ent r="3" t="26" w="108" /><ent r="3" t="26" w="123" /><ent r="3" t="26" w="117" /><ent r="3" t="26" w="133" /><ent r="3" t="26" w="127" /><ent r="4" t="26" w="217" /><ent r="4" t="26" w="211" /><ent r="4" t="26" w="276" /><ent r="4" t="26" w="270" /><ent r="4" t="26" w="286" /><ent r="4" t="26" w="280" /><ent r="3" t="27" w="445" /><ent r="3" t="27" w="439" /><ent r="3" t="27" w="459" /><ent r="3" t="27" w="453" /><ent r="3" t="27" w="476" /><ent r="3" t="27" w="470" /><ent r="3" t="27" w="489" /><ent r="3" t="27" w="483" /><ent r="3" t="27" w="503" /><ent r="3" t="27" w="497" /><ent r="3" t="27" w="518" /><ent r="3" t="27" w="512" /><ent r="3" t="27" w="534" /><ent r="3" t="27" w="528" /><ent r="3" t="27" w="599" /><ent r="3" t="27" w="593" /><ent r="3" t="27" w="606" /><ent r="3" t="27" w="600" /><ent r="3" t="27" w="620" /><ent r="3" t="27" w="614" /><ent r="3" t="27" w="637" /><ent r="3" t="27" w="631" /><ent r="3" t="27" w="650" /><ent r="3" t="27" w="644" /><ent r="3" t="27" w="664" /><ent r="3" t="27" w="658" /><ent r="3" t="27" w="679" /><ent r="3" t="27" w="673" /><ent r="3" t="27" w="695" /><ent r="3" t="27" w="689" /><ent r="3" t="27" w="729" /><ent r="3" t="27" w="723" /><ent r="3" t="27" w="743" /><ent r="3" t="27" w="737" /><ent r="3" t="27" w="760" /><ent r="3" t="27" w="754" /><ent r="3" t="27" w="773" /><ent r="3" t="27" w="767" /><ent r="3" t="27" w="787" /><ent r="3" t="27" w="781" /><ent r="3" t="27" w="802" /><ent r="3" t="27" w="796" /><ent r="3" t="27" w="818" /><ent r="3" t="27" w="812" /><ent r="3" t="27" w="839" /><ent r="3" t="27" w="833" /><ent r="3" t="27" w="853" /><ent r="3" t="27" w="847" /><ent r="3" t="27" w="870" /><ent r="3" t="27" w="864" /><ent r="3" t="27" w="883" /><ent r="3" t="27" w="877" /><ent r="3" t="27" w="897" /><ent r="3" t="27" w="891" /><ent r="3" t="27" w="912" /><ent r="3" t="27" w="906" /><ent r="3" t="27" w="928" /><ent r="3" t="27" w="922" /><ent r="3" t="27" w="943" /><ent r="3" t="27" w="937" /><ent r="3" t="27" w="956" /><ent r="3" t="27" w="950" /><ent r="3" t="27" w="969" /><ent r="3" t="27" w="963" /><ent r="3" t="27" w="982" /><ent r="3" t="27" w="976" /><ent r="3" t="27" w="995" /><ent r="3" t="27" w="989" /><ent r="3" t="27" w="1008" /><ent r="3" t="27" w="1002" /><ent r="3" t="27" w="1028" /><ent r="3" t="27" w="1022" /><ent r="3" t="27" w="1035" /><ent r="3" t="27" w="1029" /><ent r="3" t="27" w="1052" /><ent r="3" t="27" w="1046" /><ent r="3" t="27" w="1065" /><ent r="3" t="27" w="1059" /><ent r="3" t="27" w="1079" /><ent r="3" t="27" w="1073" /><ent r="3" t="27" w="1094" /><ent r="3" t="27" w="1088" /><ent r="3" t="27" w="1110" /><ent r="3" t="27" w="1104" /><ent r="3" t="27" w="1182" /><ent r="3" t="27" w="1176" /><ent r="3" t="27" w="1196" /><ent r="3" t="27" w="1190" /><ent r="3" t="27" w="1210" /><ent r="3" t="27" w="1204" /><ent r="3" t="27" w="1227" /><ent r="3" t="27" w="1221" /><ent r="3" t="27" w="1242" /><ent r="3" t="27" w="1236" /><ent r="3" t="27" w="1258" /><ent r="3" t="27" w="1252" /></phr></stem><stem n="6306"><phr n="6306"><ent r="3" t="25" w="883" /><ent r="3" t="25" w="917" /><ent r="3" t="26" w="81" /><ent r="3" t="26" w="114" /><ent r="3" t="26" w="123" /><ent r="3" t="26" w="133" /><ent r="4" t="26" w="217" /><ent r="4" t="26" w="276" /><ent r="4" t="26" w="286" /><ent r="3" t="27" w="445" /><ent r="3" t="27" w="459" /><ent r="3" t="27" w="476" /><ent r="3" t="27" w="489" /><ent r="3" t="27" w="503" /><ent r="3" t="27" w="518" /><ent r="3" t="27" w="534" /><ent r="3" t="27" w="599" /><ent r="3" t="27" w="606" /><ent r="3" t="27" w="620" /><ent r="3" t="27" w="637" /><ent r="3" t="27" w="650" /><ent r="3" t="27" w="664" /><ent r="3" t="27" w="679" /><ent r="3" t="27" w="695" /><ent r="3" t="27" w="729" /><ent r="3" t="27" w="743" /><ent r="3" t="27" w="760" /><ent r="3" t="27" w="773" /><ent r="3" t="27" w="787" /><ent r="3" t="27" w="802" /><ent r="3" t="27" w="818" /><ent r="3" t="27" w="839" /><ent r="3" t="27" w="853" /><ent r="3" t="27" w="870" /><ent r="3" t="27" w="883" /><ent r="3" t="27" w="897" /><ent r="3" t="27" w="912" /><ent r="3" t="27" w="928" /><ent r="3" t="27" w="943" /><ent r="3" t="27" w="956" /><ent r="3" t="27" w="969" /><ent r="3" t="27" w="982" /><ent r="3" t="27" w="995" /><ent r="3" t="27" w="1008" /><ent r="3" t="27" w="1028" /><ent r="3" t="27" w="1035" /><ent r="3" t="27" w="1052" /><ent r="3" t="27" w="1065" /><ent r="3" t="27" w="1079" /><ent r="3" t="27" w="1094" /><ent r="3" t="27" w="1110" /><ent r="3" t="27" w="1182" /><ent r="3" t="27" w="1196" /><ent r="3" t="27" w="1210" /><ent r="3" t="27" w="1227" /><ent r="3" t="27" w="1242" /><ent r="3" t="27" w="1258" /><ent r="100" t="28" w="15" /><ent r="3" t="28" w="26" /><ent r="3" t="28" w="161" /></phr></stem><stem n="1.3.6.1.4.1.6306.2"><phr n="1.3.6.1.4.1.6306.2"><ent r="3" t="25" w="884" /><ent r="3" t="25" w="877" /><ent r="3" t="25" w="918" /><ent r="3" t="25" w="911" /><ent r="3" t="27" w="460" /><ent r="3" t="27" w="453" /><ent r="3" t="27" w="477" /><ent r="3" t="27" w="470" /><ent r="3" t="27" w="490" /><ent r="3" t="27" w="483" /><ent r="3" t="27" w="504" /><ent r="3" t="27" w="497" /><ent r="3" t="27" w="519" /><ent r="3" t="27" w="512" /><ent r="3" t="27" w="535" /><ent r="3" t="27" w="528" /><ent r="3" t="27" w="621" /><ent r="3" t="27" w="614" /><ent r="3" t="27" w="638" /><ent r="3" t="27" w="631" /><ent r="3" t="27" w="651" /><ent r="3" t="27" w="644" /><ent r="3" t="27" w="665" /><ent r="3" t="27" w="658" /><ent r="3" t="27" w="680" /><ent r="3" t="27" w="673" /><ent r="3" t="27" w="696" /><ent r="3" t="27" w="689" /><ent r="3" t="27" w="744" /><ent r="3" t="27" w="737" /><ent r="3" t="27" w="761" /><ent r="3" t="27" w="754" /><ent r="3" t="27" w="774" /><ent r="3" t="27" w="767" /><ent r="3" t="27" w="788" /><ent r="3" t="27" w="781" /><ent r="3" t="27" w="803" /><ent r="3" t="27" w="796" /><ent r="3" t="27" w="819" /><ent r="3" t="27" w="812" /><ent r="3" t="27" w="854" /><ent r="3" t="27" w="847" /><ent r="3" t="27" w="871" /><ent r="3" t="27" w="864" /><ent r="3" t="27" w="884" /><ent r="3" t="27" w="877" /><ent r="3" t="27" w="898" /><ent r="3" t="27" w="891" /><ent r="3" t="27" w="913" /><ent r="3" t="27" w="906" /><ent r="3" t="27" w="929" /><ent r="3" t="27" w="922" /><ent r="3" t="27" w="944" /><ent r="3" t="27" w="937" /><ent r="3" t="27" w="957" /><ent r="3" t="27" w="950" /><ent r="3" t="27" w="970" /><ent r="3" t="27" w="963" /><ent r="3" t="27" w="983" /><ent r="3" t="27" w="976" /><ent r="3" t="27" w="996" /><ent r="3" t="27" w="989" /><ent r="3" t="27" w="1009" /><ent r="3" t="27" w="1002" /><ent r="3" t="27" w="1036" /><ent r="3" t="27" w="1029" /><ent r="3" t="27" w="1053" /><ent r="3" t="27" w="1046" /><ent r="3" t="27" w="1066" /><ent r="3" t="27" w="1059" /><ent r="3" t="27" w="1080" /><ent r="3" t="27" w="1073" /><ent r="3" t="27" w="1095" /><ent r="3" t="27" w="1088" /><ent r="3" t="27" w="1111" /><ent r="3" t="27" w="1104" /><ent r="3" t="27" w="1183" /><ent r="3" t="27" w="1176" /><ent r="3" t="27" w="1197" /><ent r="3" t="27" w="1190" /><ent r="3" t="27" w="1211" /><ent r="3" t="27" w="1204" /><ent r="3" t="27" w="1228" /><ent r="3" t="27" w="1221" /><ent r="3" t="27" w="1243" /><ent r="3" t="27" w="1236" /><ent r="3" t="27" w="1259" /><ent r="3" t="27" w="1252" /></phr></stem></index>