﻿<?xml version="1.0" encoding="utf-8"?><index><stem n="introduct"><phr n="Introduction"><ent r="1000" t="0" w="1" /><ent r="102" t="0" w="7" /><ent r="92" t="23" w="15" /><ent r="92" t="24" w="15" /></phr></stem><stem n="intermapp"><phr n="InterMapper"><ent r="102" t="0" w="3" /><ent r="3" t="0" w="10" /><ent r="3" t="0" w="12" /><ent r="3" t="0" w="22" /><ent r="3" t="0" w="47" /><ent r="3" t="0" w="83" /><ent r="3" t="0" w="98" /><ent r="64" t="0" w="111" /><ent r="64" t="0" w="138" /><ent r="3" t="0" w="186" /><ent r="3" t="0" w="201" /><ent r="64" t="0" w="223" /><ent r="3" t="1" w="26" /><ent r="3" t="3" w="38" /><ent r="3" t="3" w="69" /><ent r="3" t="3" w="94" /><ent r="3" t="3" w="156" /><ent r="4" t="3" w="216" /><ent r="4" t="3" w="225" /><ent r="3" t="3" w="245" /><ent r="3" t="3" w="261" /><ent r="3" t="3" w="284" /><ent r="3" t="3" w="333" /><ent r="3" t="3" w="387" /><ent r="3" t="3" w="425" /><ent r="3" t="4" w="212" /><ent r="3" t="4" w="373" /><ent r="6" t="5" w="104" /><ent r="6" t="5" w="465" /><ent r="6" t="5" w="821" /><ent r="6" t="5" w="833" /><ent r="6" t="5" w="855" /><ent r="6" t="5" w="887" /><ent r="6" t="5" w="952" /><ent r="6" t="5" w="986" /><ent r="6" t="5" w="1023" /><ent r="6" t="5" w="1050" /><ent r="100" t="6" w="11" /><ent r="5" t="6" w="35" /><ent r="4" t="6" w="110" /><ent r="3" t="7" w="208" /><ent r="3" t="7" w="223" /><ent r="4" t="7" w="604" /><ent r="3" t="9" w="14" /><ent r="3" t="9" w="79" /><ent r="3" t="11" w="102" /><ent r="3" t="12" w="28" /><ent r="5" t="14" w="252" /><ent r="5" t="14" w="478" /><ent r="5" t="14" w="876" /><ent r="3" t="15" w="60" /><ent r="4" t="15" w="123" /><ent r="4" t="15" w="158" /><ent r="4" t="15" w="171" /><ent r="4" t="15" w="207" /><ent r="4" t="15" w="236" /><ent r="4" t="15" w="804" /><ent r="4" t="15" w="828" /><ent r="4" t="15" w="859" /><ent r="4" t="15" w="903" /><ent r="3" t="16" w="19" /><ent r="4" t="16" w="219" /><ent r="4" t="16" w="323" /><ent r="6" t="16" w="426" /><ent r="6" t="16" w="484" /><ent r="6" t="16" w="702" /><ent r="6" t="16" w="800" /><ent r="10" t="16" w="846" /><ent r="3" t="16" w="1107" /><ent r="3" t="16" w="1185" /><ent r="3" t="16" w="1213" /><ent r="4" t="16" w="1473" /><ent r="3" t="17" w="317" /><ent r="3" t="18" w="10" /><ent r="3" t="18" w="64" /><ent r="3" t="18" w="91" /><ent r="4" t="18" w="251" /><ent r="3" t="18" w="272" /><ent r="3" t="18" w="310" /><ent r="3" t="18" w="698" /><ent r="3" t="18" w="768" /><ent r="4" t="19" w="256" /><ent r="3" t="19" w="267" /><ent r="3" t="19" w="297" /><ent r="3" t="19" w="308" /><ent r="3" t="19" w="448" /><ent r="4" t="19" w="657" /><ent r="3" t="19" w="858" /><ent r="3" t="19" w="886" /><ent r="3" t="19" w="924" /><ent r="3" t="19" w="942" /><ent r="3" t="20" w="81" /><ent r="3" t="21" w="36" /><ent r="3" t="21" w="78" /><ent r="4" t="22" w="112" /><ent r="4" t="22" w="134" /><ent r="4" t="22" w="165" /><ent r="4" t="22" w="207" /><ent r="4" t="22" w="236" /><ent r="3" t="23" w="24" /><ent r="3" t="23" w="48" /><ent r="3" t="23" w="887" /><ent r="3" t="23" w="968" /><ent r="3" t="23" w="1163" /><ent r="3" t="23" w="1319" /><ent r="3" t="24" w="17" /><ent r="3" t="24" w="39" /><ent r="3" t="24" w="43" /><ent r="3" t="24" w="136" /><ent r="3" t="24" w="214" /><ent r="4" t="24" w="469" /><ent r="4" t="24" w="471" /><ent r="4" t="24" w="531" /><ent r="3" t="24" w="553" /><ent r="3" t="24" w="721" /><ent r="3" t="25" w="28" /><ent r="3" t="25" w="56" /><ent r="3" t="25" w="72" /><ent r="3" t="25" w="138" /><ent r="3" t="25" w="163" /><ent r="3" t="25" w="223" /><ent r="3" t="25" w="235" /><ent r="3" t="25" w="262" /><ent r="3" t="25" w="370" /><ent r="4" t="25" w="399" /><ent r="4" t="25" w="417" /><ent r="3" t="25" w="482" /><ent r="3" t="25" w="1222" /><ent r="3" t="25" w="1274" /><ent r="3" t="25" w="1444" /><ent r="3" t="27" w="31" /><ent r="3" t="27" w="300" /><ent r="3" t="27" w="1174" /><ent r="3" t="28" w="50" /><ent r="3" t="28" w="130" /><ent r="3" t="28" w="385" /><ent r="3" t="28" w="416" /><ent r="3" t="29" w="32" /><ent r="3" t="30" w="31" /><ent r="3" t="30" w="385" /><ent r="3" t="30" w="863" /><ent r="3" t="30" w="1336" /><ent r="5" t="30" w="1473" /><ent r="4" t="30" w="1851" /><ent r="100" t="31" w="74" /><ent r="3" t="31" w="87" /><ent r="4" t="31" w="812" /><ent r="3" t="31" w="998" /><ent r="4" t="31" w="1811" /><ent r="3" t="31" w="2260" /><ent r="3" t="31" w="3087" /><ent r="3" t="32" w="409" /><ent r="100" t="33" w="21" /><ent r="3" t="33" w="23" /><ent r="3" t="33" w="84" /><ent r="3" t="33" w="127" /><ent r="3" t="33" w="136" /><ent r="3" t="33" w="184" /><ent r="3" t="33" w="288" /><ent r="3" t="33" w="296" /><ent r="3" t="33" w="395" /><ent r="3" t="33" w="458" /><ent r="6" t="33" w="976" /><ent r="6" t="33" w="992" /><ent r="6" t="33" w="1017" /><ent r="7" t="33" w="1048" /><ent r="4" t="33" w="1235" /><ent r="4" t="33" w="1256" /><ent r="4" t="33" w="1278" /><ent r="3" t="34" w="99" /><ent r="3" t="34" w="115" /><ent r="3" t="34" w="164" /><ent r="3" t="34" w="204" /><ent r="3" t="34" w="286" /><ent r="3" t="34" w="515" /><ent r="3" t="34" w="769" /><ent r="1000" t="36" w="1" /><ent r="102" t="36" w="5" /><ent r="3" t="36" w="9" /><ent r="3" t="36" w="46" /><ent r="6" t="36" w="127" /><ent r="3" t="36" w="211" /><ent r="3" t="36" w="229" /><ent r="3" t="36" w="324" /><ent r="3" t="37" w="14" /><ent r="3" t="37" w="112" /><ent r="3" t="37" w="113" /><ent r="3" t="37" w="124" /><ent r="3" t="37" w="151" /><ent r="3" t="37" w="167" /><ent r="3" t="37" w="206" /><ent r="100" t="37" w="286" /><ent r="5" t="37" w="289" /><ent r="4" t="37" w="355" /><ent r="3" t="37" w="426" /><ent r="4" t="37" w="457" /><ent r="4" t="37" w="512" /><ent r="3" t="37" w="678" /><ent r="82" t="37" w="735" /><ent r="3" t="38" w="32" /><ent r="3" t="38" w="130" /><ent r="3" t="38" w="195" /><ent r="4" t="38" w="296" /><ent r="4" t="38" w="372" /><ent r="3" t="39" w="47" /><ent r="3" t="39" w="116" /><ent r="3" t="39" w="208" /><ent r="3" t="39" w="572" /><ent r="3" t="39" w="583" /><ent r="3" t="40" w="48" /><ent r="4" t="40" w="210" /><ent r="4" t="40" w="231" /><ent r="4" t="40" w="252" /><ent r="100" t="40" w="695" /><ent r="100" t="40" w="698" /><ent r="4" t="40" w="707" /><ent r="4" t="40" w="709" /><ent r="3" t="40" w="1110" /><ent r="4" t="40" w="1118" /><ent r="4" t="40" w="1137" /><ent r="4" t="40" w="1168" /><ent r="3" t="40" w="1215" /><ent r="3" t="41" w="26" /><ent r="3" t="41" w="124" /><ent r="4" t="42" w="63" /><ent r="4" t="42" w="115" /><ent r="3" t="42" w="210" /><ent r="3" t="42" w="370" /><ent r="4" t="42" w="400" /><ent r="4" t="42" w="436" /><ent r="4" t="42" w="474" /><ent r="1000" t="43" w="1" /><ent r="102" t="43" w="5" /><ent r="3" t="43" w="10" /><ent r="3" t="43" w="24" /><ent r="4" t="43" w="73" /><ent r="4" t="43" w="109" /><ent r="3" t="43" w="147" /><ent r="3" t="43" w="174" /><ent r="3" t="44" w="15" /><ent r="4" t="44" w="77" /><ent r="3" t="44" w="117" /><ent r="3" t="44" w="148" /><ent r="3" t="44" w="204" /><ent r="3" t="44" w="249" /><ent r="6" t="44" w="253" /><ent r="3" t="44" w="458" /><ent r="3" t="45" w="20" /><ent r="3" t="45" w="39" /><ent r="64" t="45" w="96" /><ent r="3" t="45" w="343" /><ent r="3" t="45" w="380" /><ent r="3" t="47" w="27" /><ent r="3" t="47" w="54" /><ent r="3" t="47" w="88" /><ent r="3" t="47" w="106" /><ent r="3" t="47" w="138" /><ent r="3" t="47" w="175" /><ent r="3" t="47" w="230" /><ent r="3" t="47" w="270" /><ent r="4" t="47" w="386" /><ent r="6" t="47" w="398" /><ent r="3" t="47" w="457" /><ent r="3" t="47" w="465" /><ent r="3" t="47" w="530" /><ent r="3" t="47" w="549" /><ent r="3" t="47" w="842" /><ent r="3" t="47" w="857" /><ent r="102" t="48" w="9" /><ent r="3" t="48" w="12" /><ent r="3" t="48" w="23" /><ent r="1000" t="49" w="1" /><ent r="102" t="49" w="5" /><ent r="3" t="49" w="17" /><ent r="64" t="49" w="26" /><ent r="3" t="50" w="25" /><ent r="3" t="50" w="57" /><ent r="3" t="50" w="69" /><ent r="3" t="50" w="91" /><ent r="3" t="50" w="134" /><ent r="4" t="50" w="226" /><ent r="3" t="50" w="319" /><ent r="4" t="50" w="325" /><ent r="3" t="51" w="10" /><ent r="4" t="51" w="128" /><ent r="4" t="51" w="138" /><ent r="3" t="51" w="420" /><ent r="3" t="51" w="458" /><ent r="3" t="51" w="516" /><ent r="3" t="51" w="535" /><ent r="3" t="52" w="21" /><ent r="3" t="52" w="92" /><ent r="4" t="52" w="246" /><ent r="3" t="53" w="43" /><ent r="6" t="53" w="99" /><ent r="6" t="53" w="258" /><ent r="7" t="53" w="396" /><ent r="7" t="53" w="440" /><ent r="7" t="53" w="474" /><ent r="7" t="53" w="487" /><ent r="6" t="53" w="603" /><ent r="6" t="53" w="657" /><ent r="6" t="53" w="733" /><ent r="6" t="53" w="782" /><ent r="3" t="54" w="87" /><ent r="3" t="54" w="152" /><ent r="65" t="55" w="77" /><ent r="65" t="55" w="84" /><ent r="93" t="55" w="171" /><ent r="3" t="55" w="175" /><ent r="3" t="55" w="228" /><ent r="93" t="55" w="649" /><ent r="5" t="55" w="666" /><ent r="5" t="55" w="676" /><ent r="6" t="55" w="715" /><ent r="5" t="55" w="776" /><ent r="5" t="55" w="788" /><ent r="5" t="55" w="842" /><ent r="5" t="55" w="858" /><ent r="5" t="55" w="1094" /><ent r="5" t="55" w="1266" /><ent r="3" t="55" w="1279" /><ent r="100" t="56" w="34" /><ent r="4" t="56" w="37" /><ent r="3" t="56" w="54" /><ent r="3" t="56" w="75" /><ent r="3" t="56" w="111" /><ent r="3" t="56" w="226" /><ent r="3" t="56" w="343" /><ent r="100" t="59" w="14" /><ent r="100" t="59" w="18" /><ent r="3" t="59" w="24" /><ent r="3" t="59" w="65" /></phr><phr n="intermapper"><ent r="3" t="27" w="34" /><ent r="3" t="28" w="167" /><ent r="3" t="28" w="203" /><ent r="3" t="28" w="235" /><ent r="3" t="28" w="269" /><ent r="3" t="28" w="300" /><ent r="3" t="28" w="325" /><ent r="3" t="28" w="352" /><ent r="3" t="28" w="394" /><ent r="3" t="36" w="327" /><ent r="3" t="56" w="148" /><ent r="3" t="56" w="206" /><ent r="3" t="56" w="282" /><ent r="4" t="56" w="431" /><ent r="3" t="56" w="443" /><ent r="3" t="56" w="456" /><ent r="3" t="56" w="470" /></phr><phr n="Intermapper"><ent r="100" t="56" w="426" /></phr></stem><stem n="develop"><phr n="Developer"><ent r="102" t="0" w="4" /><ent r="3" t="0" w="85" /><ent r="1000" t="60" w="1" /><ent r="3" t="60" w="40" /></phr><phr n="develop"><ent r="3" t="33" w="249" /><ent r="3" t="37" w="389" /></phr><phr n="developer"><ent r="3" t="33" w="260" /><ent r="64" t="33" w="271" /><ent r="3" t="33" w="441" /><ent r="3" t="37" w="398" /><ent r="64" t="37" w="409" /></phr><phr n="development"><ent r="3" t="34" w="382" /><ent r="3" t="34" w="636" /><ent r="3" t="36" w="340" /><ent r="64" t="37" w="61" /></phr><phr n="developing"><ent r="3" t="38" w="177" /></phr></stem><stem n="guid"><phr n="Guide"><ent r="102" t="0" w="5" /><ent r="64" t="2" w="45" /><ent r="64" t="39" w="260" /><ent r="64" t="45" w="98" /><ent r="3" t="59" w="84" /><ent r="1000" t="60" w="2" /><ent r="3" t="60" w="41" /></phr><phr n="guides"><ent r="5" t="5" w="414" /></phr></stem><stem n=":"><phr n=":"><ent r="102" t="0" w="6" /><ent r="3" t="1" w="417" /><ent r="3" t="1" w="442" /><ent r="3" t="1" w="731" /><ent r="3" t="1" w="735" /><ent r="3" t="1" w="740" /><ent r="4" t="3" w="142" /><ent r="3" t="3" w="163" /><ent r="3" t="3" w="255" /><ent r="3" t="4" w="328" /><ent r="4" t="4" w="391" /><ent r="3" t="5" w="38" /><ent r="3" t="5" w="73" /><ent r="6" t="5" w="110" /><ent r="6" t="5" w="269" /><ent r="7" t="5" w="297" /><ent r="6" t="5" w="531" /><ent r="6" t="5" w="542" /><ent r="5" t="5" w="586" /><ent r="3" t="5" w="788" /><ent r="4" t="5" w="817" /><ent r="4" t="5" w="1093" /><ent r="3" t="6" w="55" /><ent r="3" t="6" w="159" /><ent r="3" t="6" w="226" /><ent r="3" t="7" w="60" /><ent r="4" t="7" w="205" /><ent r="5" t="7" w="446" /><ent r="8" t="7" w="448" /><ent r="8" t="7" w="452" /><ent r="8" t="7" w="456" /><ent r="8" t="7" w="460" /><ent r="8" t="7" w="463" /><ent r="8" t="7" w="467" /><ent r="8" t="7" w="470" /><ent r="8" t="7" w="474" /><ent r="3" t="7" w="486" /><ent r="4" t="7" w="574" /><ent r="3" t="8" w="74" /><ent r="3" t="8" w="164" /><ent r="3" t="8" w="295" /><ent r="3" t="8" w="374" /><ent r="3" t="8" w="472" /><ent r="3" t="8" w="500" /><ent r="3" t="9" w="51" /><ent r="3" t="9" w="84" /><ent r="3" t="9" w="133" /><ent r="4" t="11" w="90" /><ent r="3" t="12" w="56" /><ent r="4" t="12" w="62" /><ent r="4" t="12" w="70" /><ent r="4" t="12" w="81" /><ent r="4" t="12" w="92" /><ent r="3" t="12" w="144" /><ent r="3" t="12" w="166" /><ent r="6" t="14" w="146" /><ent r="6" t="14" w="188" /><ent r="6" t="14" w="227" /><ent r="5" t="14" w="617" /><ent r="5" t="14" w="631" /><ent r="5" t="14" w="641" /><ent r="5" t="14" w="652" /><ent r="5" t="14" w="661" /><ent r="5" t="14" w="671" /><ent r="5" t="14" w="681" /><ent r="5" t="14" w="689" /><ent r="5" t="14" w="699" /><ent r="5" t="14" w="713" /><ent r="6" t="14" w="719" /><ent r="5" t="14" w="745" /><ent r="5" t="14" w="756" /><ent r="5" t="14" w="767" /><ent r="3" t="14" w="1326" /><ent r="3" t="14" w="1373" /><ent r="3" t="14" w="1417" /><ent r="3" t="14" w="1487" /><ent r="3" t="14" w="1489" /><ent r="3" t="14" w="1510" /><ent r="3" t="14" w="1527" /><ent r="3" t="14" w="1539" /><ent r="3" t="14" w="1545" /><ent r="3" t="14" w="1551" /><ent r="3" t="14" w="1608" /><ent r="3" t="14" w="1671" /><ent r="3" t="14" w="1735" /><ent r="3" t="14" w="1745" /><ent r="3" t="14" w="1753" /><ent r="3" t="14" w="1763" /><ent r="3" t="14" w="2050" /><ent r="3" t="15" w="122" /><ent r="3" t="15" w="324" /><ent r="3" t="15" w="527" /><ent r="4" t="15" w="658" /><ent r="3" t="15" w="789" /><ent r="3" t="16" w="129" /><ent r="3" t="16" w="143" /><ent r="5" t="16" w="216" /><ent r="5" t="16" w="341" /><ent r="4" t="16" w="481" /><ent r="6" t="16" w="838" /><ent r="10" t="16" w="851" /><ent r="3" t="16" w="1039" /><ent r="4" t="16" w="1071" /><ent r="3" t="16" w="1125" /><ent r="3" t="16" w="1223" /><ent r="3" t="16" w="1354" /><ent r="83" t="16" w="1363" /><ent r="3" t="16" w="1414" /><ent r="3" t="16" w="1488" /><ent r="3" t="16" w="1491" /><ent r="3" t="16" w="1500" /><ent r="3" t="16" w="1510" /><ent r="3" t="16" w="1523" /><ent r="3" t="16" w="1534" /><ent r="3" t="16" w="1548" /><ent r="3" t="16" w="1560" /><ent r="3" t="16" w="1572" /><ent r="3" t="16" w="1626" /><ent r="3" t="16" w="1738" /><ent r="3" t="17" w="137" /><ent r="3" t="17" w="144" /><ent r="3" t="17" w="153" /><ent r="3" t="17" w="158" /><ent r="3" t="17" w="166" /><ent r="3" t="17" w="171" /><ent r="3" t="17" w="176" /><ent r="3" t="17" w="301" /><ent r="4" t="17" w="327" /><ent r="5" t="17" w="346" /><ent r="3" t="18" w="232" /><ent r="3" t="18" w="539" /><ent r="3" t="18" w="813" /><ent r="3" t="19" w="30" /><ent r="3" t="19" w="32" /><ent r="3" t="19" w="46" /><ent r="3" t="19" w="52" /><ent r="3" t="19" w="62" /><ent r="3" t="19" w="72" /><ent r="3" t="19" w="92" /><ent r="3" t="19" w="319" /><ent r="4" t="19" w="364" /><ent r="4" t="19" w="414" /><ent r="3" t="19" w="454" /><ent r="3" t="19" w="488" /><ent r="3" t="19" w="605" /><ent r="5" t="19" w="655" /><ent r="5" t="19" w="755" /><ent r="5" t="19" w="798" /><ent r="3" t="19" w="983" /><ent r="3" t="19" w="985" /><ent r="3" t="19" w="1077" /><ent r="3" t="19" w="1079" /><ent r="3" t="19" w="1166" /><ent r="3" t="19" w="1274" /><ent r="3" t="19" w="1376" /><ent r="3" t="19" w="1402" /><ent r="3" t="19" w="1468" /><ent r="3" t="19" w="1476" /><ent r="3" t="19" w="1484" /><ent r="3" t="19" w="1492" /><ent r="3" t="19" w="1503" /><ent r="3" t="19" w="1511" /><ent r="3" t="19" w="1519" /><ent r="3" t="19" w="1527" /><ent r="3" t="20" w="26" /><ent r="3" t="20" w="28" /><ent r="3" t="20" w="172" /><ent r="3" t="20" w="183" /><ent r="3" t="20" w="194" /><ent r="3" t="20" w="213" /><ent r="3" t="21" w="86" /><ent r="4" t="21" w="323" /><ent r="4" t="21" w="329" /><ent r="4" t="21" w="335" /><ent r="4" t="21" w="343" /><ent r="4" t="21" w="350" /><ent r="4" t="21" w="356" /><ent r="4" t="21" w="367" /><ent r="4" t="21" w="377" /><ent r="4" t="21" w="383" /><ent r="4" t="21" w="387" /><ent r="4" t="21" w="875" /><ent r="3" t="21" w="888" /><ent r="3" t="21" w="895" /><ent r="3" t="21" w="940" /><ent r="3" t="21" w="983" /><ent r="3" t="21" w="1026" /><ent r="3" t="21" w="1146" /><ent r="3" t="21" w="1200" /><ent r="3" t="21" w="1514" /><ent r="3" t="21" w="1775" /><ent r="3" t="21" w="1832" /><ent r="3" t="21" w="2162" /><ent r="3" t="21" w="2487" /><ent r="4" t="21" w="2543" /><ent r="3" t="21" w="2591" /><ent r="3" t="21" w="2669" /><ent r="3" t="21" w="2718" /><ent r="4" t="21" w="2759" /><ent r="4" t="21" w="2908" /><ent r="3" t="22" w="49" /><ent r="3" t="22" w="97" /><ent r="5" t="22" w="271" /><ent r="3" t="23" w="154" /><ent r="3" t="23" w="297" /><ent r="3" t="23" w="368" /><ent r="3" t="23" w="483" /><ent r="3" t="23" w="567" /><ent r="4" t="23" w="678" /><ent r="3" t="23" w="987" /><ent r="3" t="23" w="1210" /><ent r="3" t="23" w="1328" /><ent r="3" t="23" w="1361" /><ent r="3" t="23" w="1491" /><ent r="3" t="23" w="1557" /><ent r="3" t="24" w="50" /><ent r="3" t="24" w="88" /><ent r="3" t="24" w="99" /><ent r="3" t="24" w="186" /><ent r="3" t="24" w="326" /><ent r="3" t="24" w="328" /><ent r="3" t="24" w="339" /><ent r="3" t="24" w="347" /><ent r="3" t="24" w="359" /><ent r="3" t="24" w="361" /><ent r="3" t="24" w="382" /><ent r="3" t="24" w="392" /><ent r="3" t="24" w="441" /><ent r="3" t="24" w="674" /><ent r="3" t="24" w="696" /><ent r="3" t="24" w="728" /><ent r="3" t="24" w="867" /><ent r="3" t="24" w="901" /><ent r="3" t="24" w="1009" /><ent r="3" t="24" w="1074" /><ent r="3" t="24" w="1113" /><ent r="4" t="25" w="281" /><ent r="3" t="25" w="387" /><ent r="3" t="25" w="480" /><ent r="4" t="25" w="540" /><ent r="3" t="25" w="756" /><ent r="4" t="25" w="806" /><ent r="3" t="25" w="872" /><ent r="4" t="25" w="1054" /><ent r="3" t="25" w="1106" /><ent r="3" t="25" w="1195" /><ent r="3" t="25" w="1229" /><ent r="3" t="25" w="1250" /><ent r="3" t="25" w="1255" /><ent r="3" t="25" w="1262" /><ent r="3" t="25" w="1270" /><ent r="3" t="25" w="1294" /><ent r="3" t="25" w="1360" /><ent r="3" t="25" w="1366" /><ent r="3" t="25" w="1372" /><ent r="3" t="25" w="1377" /><ent r="3" t="25" w="1401" /><ent r="3" t="25" w="1498" /><ent r="3" t="26" w="34" /><ent r="4" t="26" w="96" /><ent r="3" t="26" w="126" /><ent r="3" t="26" w="136" /><ent r="4" t="26" w="253" /><ent r="4" t="26" w="270" /><ent r="4" t="26" w="279" /><ent r="4" t="26" w="289" /><ent r="3" t="27" w="388" /><ent r="3" t="28" w="101" /><ent r="3" t="28" w="110" /><ent r="3" t="28" w="367" /><ent r="3" t="30" w="275" /><ent r="4" t="30" w="340" /><ent r="4" t="30" w="437" /><ent r="3" t="30" w="462" /><ent r="4" t="30" w="546" /><ent r="4" t="30" w="639" /><ent r="3" t="30" w="700" /><ent r="4" t="30" w="813" /><ent r="4" t="30" w="839" /><ent r="3" t="30" w="845" /><ent r="3" t="30" w="865" /><ent r="3" t="30" w="920" /><ent r="4" t="30" w="954" /><ent r="4" t="30" w="1025" /><ent r="3" t="30" w="1111" /><ent r="4" t="30" w="1127" /><ent r="4" t="30" w="1155" /><ent r="4" t="30" w="1216" /><ent r="4" t="30" w="1315" /><ent r="3" t="30" w="1606" /><ent r="4" t="30" w="1757" /><ent r="4" t="30" w="1791" /><ent r="3" t="30" w="1834" /><ent r="4" t="30" w="1884" /><ent r="3" t="30" w="1894" /><ent r="3" t="30" w="1961" /><ent r="4" t="30" w="1986" /><ent r="4" t="31" w="929" /><ent r="4" t="31" w="1092" /><ent r="4" t="31" w="1111" /><ent r="4" t="31" w="1252" /><ent r="4" t="31" w="1322" /><ent r="4" t="31" w="1326" /><ent r="5" t="31" w="1452" /><ent r="4" t="31" w="1460" /><ent r="4" t="31" w="1511" /><ent r="4" t="31" w="1518" /><ent r="4" t="31" w="1615" /><ent r="4" t="31" w="1660" /><ent r="4" t="31" w="1712" /><ent r="4" t="31" w="1839" /><ent r="4" t="31" w="1877" /><ent r="4" t="31" w="1921" /><ent r="3" t="31" w="1929" /><ent r="4" t="31" w="1979" /><ent r="4" t="31" w="1986" /><ent r="4" t="31" w="2106" /><ent r="4" t="31" w="2171" /><ent r="4" t="31" w="2221" /><ent r="4" t="31" w="2252" /><ent r="4" t="31" w="2271" /><ent r="4" t="31" w="2320" /><ent r="4" t="31" w="2353" /><ent r="4" t="31" w="2390" /><ent r="4" t="31" w="2424" /><ent r="4" t="31" w="2508" /><ent r="4" t="31" w="2556" /><ent r="4" t="31" w="2589" /><ent r="4" t="31" w="2624" /><ent r="4" t="31" w="2664" /><ent r="4" t="31" w="2729" /><ent r="4" t="31" w="2749" /><ent r="4" t="31" w="2831" /><ent r="4" t="31" w="2928" /><ent r="4" t="31" w="2940" /><ent r="4" t="31" w="3009" /><ent r="4" t="31" w="3057" /><ent r="4" t="31" w="3072" /><ent r="4" t="31" w="3104" /><ent r="4" t="31" w="3113" /><ent r="4" t="31" w="3142" /><ent r="4" t="31" w="3186" /><ent r="4" t="31" w="3357" /><ent r="4" t="31" w="3361" /><ent r="4" t="31" w="3632" /><ent r="4" t="31" w="3655" /><ent r="4" t="31" w="3686" /><ent r="4" t="31" w="3846" /><ent r="4" t="31" w="3916" /><ent r="4" t="31" w="4007" /><ent r="3" t="32" w="217" /><ent r="3" t="33" w="459" /><ent r="4" t="33" w="595" /><ent r="3" t="33" w="608" /><ent r="4" t="33" w="665" /><ent r="4" t="33" w="951" /><ent r="7" t="33" w="1041" /><ent r="6" t="33" w="1157" /><ent r="4" t="33" w="1300" /><ent r="5" t="33" w="1302" /><ent r="4" t="33" w="1400" /><ent r="3" t="34" w="58" /><ent r="4" t="34" w="96" /><ent r="3" t="34" w="245" /><ent r="3" t="34" w="257" /><ent r="3" t="34" w="269" /><ent r="3" t="34" w="385" /><ent r="3" t="34" w="520" /><ent r="3" t="34" w="525" /><ent r="3" t="34" w="530" /><ent r="3" t="34" w="535" /><ent r="3" t="34" w="540" /><ent r="3" t="34" w="639" /><ent r="3" t="34" w="774" /><ent r="3" t="34" w="779" /><ent r="3" t="34" w="784" /><ent r="3" t="34" w="789" /><ent r="3" t="34" w="794" /><ent r="3" t="35" w="22" /><ent r="3" t="35" w="184" /><ent r="3" t="35" w="189" /><ent r="3" t="35" w="194" /><ent r="3" t="35" w="215" /><ent r="3" t="36" w="106" /><ent r="6" t="36" w="123" /><ent r="4" t="36" w="138" /><ent r="3" t="36" w="310" /><ent r="4" t="37" w="240" /><ent r="4" t="37" w="308" /><ent r="4" t="37" w="329" /><ent r="3" t="37" w="440" /><ent r="3" t="37" w="498" /><ent r="4" t="37" w="536" /><ent r="3" t="37" w="539" /><ent r="4" t="37" w="588" /><ent r="3" t="37" w="614" /><ent r="3" t="37" w="634" /><ent r="3" t="37" w="648" /><ent r="3" t="37" w="759" /><ent r="3" t="38" w="92" /><ent r="4" t="38" w="102" /><ent r="3" t="38" w="224" /><ent r="4" t="38" w="259" /><ent r="92" t="39" w="37" /><ent r="3" t="39" w="79" /><ent r="3" t="39" w="127" /><ent r="3" t="39" w="137" /><ent r="3" t="39" w="141" /><ent r="3" t="39" w="171" /><ent r="3" t="39" w="173" /><ent r="93" t="39" w="187" /><ent r="93" t="39" w="271" /><ent r="3" t="39" w="325" /><ent r="93" t="39" w="438" /><ent r="3" t="39" w="493" /><ent r="3" t="40" w="103" /><ent r="4" t="40" w="120" /><ent r="4" t="40" w="376" /><ent r="3" t="40" w="388" /><ent r="4" t="40" w="414" /><ent r="3" t="40" w="438" /><ent r="4" t="40" w="458" /><ent r="4" t="40" w="520" /><ent r="3" t="40" w="552" /><ent r="4" t="40" w="575" /><ent r="3" t="40" w="597" /><ent r="3" t="40" w="654" /><ent r="4" t="40" w="707" /><ent r="4" t="40" w="709" /><ent r="4" t="40" w="711" /><ent r="4" t="40" w="718" /><ent r="4" t="40" w="762" /><ent r="3" t="40" w="779" /><ent r="3" t="40" w="811" /><ent r="3" t="40" w="828" /><ent r="3" t="40" w="852" /><ent r="3" t="40" w="868" /><ent r="3" t="40" w="886" /><ent r="3" t="40" w="905" /><ent r="3" t="40" w="924" /><ent r="3" t="40" w="940" /><ent r="3" t="40" w="958" /><ent r="3" t="40" w="984" /><ent r="3" t="40" w="1003" /><ent r="3" t="40" w="1019" /><ent r="3" t="40" w="1037" /><ent r="3" t="40" w="1055" /><ent r="3" t="40" w="1116" /><ent r="4" t="41" w="81" /><ent r="3" t="41" w="164" /><ent r="3" t="41" w="168" /><ent r="3" t="41" w="185" /><ent r="3" t="41" w="200" /><ent r="3" t="41" w="218" /><ent r="82" t="41" w="266" /><ent r="3" t="41" w="296" /><ent r="82" t="41" w="429" /><ent r="3" t="41" w="529" /><ent r="4" t="41" w="732" /><ent r="4" t="41" w="776" /><ent r="3" t="42" w="53" /><ent r="3" t="42" w="161" /><ent r="3" t="42" w="222" /><ent r="3" t="43" w="62" /><ent r="3" t="43" w="165" /><ent r="3" t="44" w="27" /><ent r="3" t="44" w="54" /><ent r="3" t="44" w="72" /><ent r="3" t="44" w="179" /><ent r="4" t="44" w="189" /><ent r="3" t="44" w="361" /><ent r="4" t="44" w="432" /><ent r="3" t="44" w="505" /><ent r="3" t="45" w="64" /><ent r="3" t="45" w="110" /><ent r="3" t="45" w="123" /><ent r="3" t="45" w="180" /><ent r="3" t="45" w="216" /><ent r="3" t="45" w="240" /><ent r="3" t="45" w="399" /><ent r="3" t="46" w="28" /><ent r="3" t="46" w="41" /><ent r="4" t="46" w="65" /><ent r="3" t="46" w="80" /><ent r="3" t="46" w="129" /><ent r="3" t="46" w="143" /><ent r="3" t="46" w="164" /><ent r="3" t="46" w="199" /><ent r="3" t="46" w="213" /><ent r="3" t="47" w="30" /><ent r="3" t="47" w="220" /><ent r="3" t="47" w="241" /><ent r="3" t="47" w="293" /><ent r="3" t="47" w="320" /><ent r="3" t="48" w="83" /><ent r="3" t="49" w="22" /><ent r="3" t="49" w="40" /><ent r="3" t="50" w="152" /><ent r="4" t="50" w="263" /><ent r="4" t="50" w="332" /><ent r="3" t="51" w="70" /><ent r="92" t="51" w="198" /><ent r="3" t="51" w="417" /><ent r="3" t="51" w="545" /><ent r="3" t="52" w="93" /><ent r="3" t="52" w="170" /><ent r="3" t="53" w="59" /><ent r="6" t="53" w="395" /><ent r="8" t="53" w="514" /><ent r="7" t="53" w="697" /><ent r="4" t="54" w="68" /><ent r="4" t="54" w="232" /><ent r="3" t="55" w="66" /><ent r="5" t="55" w="309" /><ent r="7" t="55" w="598" /><ent r="5" t="55" w="679" /><ent r="7" t="55" w="735" /><ent r="5" t="55" w="837" /><ent r="5" t="55" w="853" /><ent r="5" t="55" w="921" /><ent r="6" t="55" w="1051" /><ent r="6" t="55" w="1160" /><ent r="7" t="55" w="1179" /><ent r="3" t="55" w="1445" /><ent r="5" t="55" w="1670" /><ent r="5" t="55" w="1674" /><ent r="5" t="55" w="1739" /><ent r="5" t="55" w="1743" /><ent r="6" t="55" w="1921" /><ent r="7" t="55" w="2000" /><ent r="6" t="55" w="2022" /><ent r="3" t="56" w="88" /><ent r="3" t="56" w="146" /><ent r="3" t="56" w="204" /><ent r="3" t="56" w="280" /><ent r="3" t="57" w="86" /><ent r="3" t="57" w="97" /><ent r="4" t="58" w="56" /><ent r="4" t="58" w="78" /><ent r="3" t="60" w="7" /><ent r="3" t="60" w="28" /></phr></stem><stem n="document"><phr n="Documents"><ent r="3" t="0" w="9" /></phr><phr n="documentation"><ent r="3" t="1" w="35" /><ent r="3" t="1" w="257" /><ent r="3" t="1" w="475" /><ent r="3" t="1" w="520" /><ent r="3" t="27" w="338" /><ent r="3" t="40" w="1212" /></phr><phr n="document"><ent r="3" t="25" w="863" /><ent r="5" t="51" w="567" /><ent r="5" t="55" w="1553" /><ent r="3" t="56" w="273" /><ent r="3" t="56" w="474" /><ent r="3" t="60" w="13" /></phr><phr n="Document"><ent r="100" t="51" w="564" /></phr></stem></index>