﻿<?xml version="1.0" encoding="utf-8"?><index><stem n="(shown"><phr n="(shown"><ent r="3" t="8" w="33" /></phr></stem><stem n="numer"><phr n="numeric"><ent r="3" t="8" w="40" /><ent r="6" t="16" w="516" /><ent r="6" t="16" w="541" /><ent r="3" t="17" w="296" /><ent r="3" t="17" w="319" /><ent r="4" t="21" w="1029" /><ent r="4" t="21" w="1037" /><ent r="4" t="21" w="1045" /><ent r="4" t="21" w="1053" /><ent r="4" t="21" w="1063" /><ent r="4" t="21" w="1073" /><ent r="4" t="21" w="1104" /><ent r="4" t="21" w="1114" /><ent r="4" t="21" w="1124" /><ent r="4" t="23" w="826" /><ent r="4" t="23" w="866" /><ent r="3" t="24" w="119" /><ent r="3" t="24" w="131" /><ent r="3" t="24" w="150" /><ent r="3" t="24" w="159" /><ent r="3" t="24" w="895" /><ent r="3" t="30" w="939" /><ent r="3" t="30" w="977" /><ent r="4" t="30" w="1046" /><ent r="3" t="30" w="1740" /><ent r="4" t="31" w="608" /><ent r="4" t="31" w="771" /><ent r="3" t="31" w="2070" /><ent r="3" t="31" w="2084" /><ent r="4" t="31" w="2238" /><ent r="3" t="31" w="2266" /><ent r="3" t="31" w="2304" /><ent r="3" t="31" w="2337" /><ent r="3" t="31" w="2985" /></phr><phr n="Numeric"><ent r="3" t="14" w="1537" /><ent r="100" t="17" w="288" /><ent r="82" t="17" w="291" /><ent r="100" t="21" w="391" /><ent r="92" t="21" w="396" /><ent r="3" t="24" w="24" /><ent r="92" t="24" w="58" /><ent r="3" t="24" w="62" /><ent r="100" t="30" w="121" /><ent r="65" t="30" w="127" /><ent r="92" t="30" w="932" /><ent r="4" t="30" w="942" /><ent r="82" t="30" w="964" /><ent r="100" t="31" w="5" /><ent r="100" t="31" w="37" /><ent r="100" t="31" w="44" /></phr></stem><stem n="sent"><phr n="sent"><ent r="3" t="8" w="46" /><ent r="4" t="15" w="428" /><ent r="3" t="15" w="765" /><ent r="3" t="18" w="89" /><ent r="4" t="18" w="247" /><ent r="3" t="19" w="1027" /><ent r="3" t="22" w="30" /><ent r="3" t="25" w="23" /><ent r="3" t="25" w="229" /><ent r="3" t="25" w="285" /><ent r="4" t="25" w="680" /><ent r="4" t="26" w="259" /><ent r="3" t="26" w="329" /><ent r="3" t="27" w="1166" /><ent r="3" t="28" w="128" /><ent r="3" t="31" w="2761" /><ent r="3" t="31" w="3898" /><ent r="3" t="32" w="232" /><ent r="3" t="32" w="259" /><ent r="4" t="50" w="164" /></phr></stem><stem n="/valu"><phr n="/value"><ent r="100" t="8" w="59" /><ent r="3" t="8" w="69" /><ent r="3" t="8" w="83" /><ent r="4" t="37" w="563" /></phr></stem><stem n="name/valu"><phr n="Name/value"><ent r="100" t="8" w="59" /><ent r="100" t="8" w="58" /></phr><phr n="name/value"><ent r="3" t="8" w="69" /><ent r="3" t="8" w="68" /><ent r="3" t="8" w="83" /><ent r="3" t="8" w="82" /><ent r="4" t="37" w="563" /><ent r="4" t="37" w="562" /></phr></stem><stem n="&quot;paramet"><phr n="&quot;parameter"><ent r="3" t="8" w="75" /><ent r="3" t="8" w="77" /></phr></stem><stem n="&quot;="><phr n="&quot;="><ent r="3" t="8" w="77" /></phr></stem><stem n="/warn"><phr n="/warning"><ent r="100" t="8" w="97" /><ent r="3" t="8" w="117" /></phr></stem><stem n="alarm/warn"><phr n="Alarm/warning"><ent r="100" t="8" w="97" /><ent r="100" t="8" w="96" /></phr><phr n="alarm/warning"><ent r="3" t="8" w="117" /><ent r="3" t="8" w="116" /></phr></stem><stem n="access"><phr n="accessed"><ent r="3" t="8" w="104" /><ent r="3" t="44" w="20" /><ent r="3" t="44" w="209" /></phr><phr n="access"><ent r="3" t="23" w="148" /><ent r="4" t="23" w="214" /><ent r="3" t="24" w="992" /><ent r="4" t="25" w="423" /><ent r="3" t="25" w="741" /><ent r="3" t="25" w="1159" /><ent r="3" t="25" w="1392" /><ent r="3" t="41" w="521" /><ent r="4" t="43" w="68" /><ent r="4" t="43" w="82" /><ent r="3" t="43" w="172" /><ent r="3" t="44" w="224" /><ent r="3" t="47" w="232" /><ent r="3" t="56" w="116" /><ent r="3" t="56" w="130" /><ent r="3" t="56" w="193" /><ent r="3" t="56" w="198" /></phr><phr n="accessible"><ent r="3" t="23" w="1155" /><ent r="3" t="23" w="1187" /><ent r="4" t="23" w="1620" /><ent r="3" t="24" w="995" /></phr><phr n="Accessing"><ent r="82" t="25" w="1146" /><ent r="92" t="41" w="503" /></phr><phr n="accessing"><ent r="3" t="25" w="1153" /><ent r="3" t="25" w="1209" /></phr><phr n="Access"><ent r="3" t="25" w="1167" /></phr><phr n="ACCESS"><ent r="3" t="28" w="181" /><ent r="3" t="28" w="214" /><ent r="3" t="28" w="246" /><ent r="3" t="28" w="280" /><ent r="3" t="28" w="311" /><ent r="3" t="28" w="336" /></phr></stem><stem n="just"><phr n="just"><ent r="3" t="8" w="107" /><ent r="4" t="31" w="1752" /><ent r="6" t="33" w="1142" /><ent r="3" t="35" w="45" /></phr></stem><stem n="calcul"><phr n="calculations"><ent r="3" t="8" w="115" /><ent r="3" t="14" w="1443" /><ent r="3" t="16" w="1681" /></phr><phr n="Calculations"><ent r="64" t="14" w="1434" /><ent r="67" t="16" w="361" /><ent r="1000" t="21" w="2" /><ent r="100" t="21" w="9" /><ent r="102" t="21" w="12" /></phr><phr n="CALCULATION"><ent r="4" t="16" w="335" /><ent r="100" t="16" w="345" /><ent r="3" t="16" w="1059" /><ent r="3" t="16" w="1132" /><ent r="4" t="21" w="2695" /><ent r="4" t="21" w="2700" /><ent r="4" t="21" w="2705" /><ent r="6" t="21" w="2855" /><ent r="3" t="23" w="593" /><ent r="3" t="23" w="610" /><ent r="3" t="23" w="627" /><ent r="3" t="23" w="645" /></phr><phr n="Calculation"><ent r="100" t="16" w="342" /><ent r="6" t="16" w="347" /><ent r="7" t="16" w="751" /><ent r="3" t="16" w="1046" /><ent r="92" t="16" w="1085" /><ent r="4" t="16" w="1090" /><ent r="3" t="39" w="128" /></phr><phr n="calculation"><ent r="6" t="16" w="761" /><ent r="3" t="16" w="1279" /><ent r="4" t="21" w="113" /><ent r="4" t="21" w="2749" /><ent r="3" t="23" w="585" /><ent r="3" t="23" w="595" /><ent r="3" t="23" w="603" /></phr><phr n="calculates"><ent r="3" t="16" w="1108" /></phr><phr n="calculated"><ent r="4" t="21" w="2125" /></phr></stem><stem n="refer"><phr n="refer"><ent r="3" t="8" w="126" /><ent r="3" t="8" w="310" /><ent r="3" t="16" w="1172" /><ent r="3" t="31" w="2998" /><ent r="4" t="31" w="3032" /></phr><phr n="Reference"><ent r="64" t="16" w="1202" /><ent r="64" t="16" w="1698" /><ent r="1000" t="30" w="4" /><ent r="100" t="30" w="16" /><ent r="102" t="30" w="21" /><ent r="65" t="30" w="1304" /><ent r="64" t="30" w="1351" /><ent r="1000" t="31" w="3" /><ent r="100" t="31" w="57" /><ent r="100" t="31" w="61" /><ent r="100" t="31" w="65" /><ent r="102" t="31" w="70" /><ent r="100" t="31" w="1790" /><ent r="1000" t="55" w="2" /><ent r="100" t="55" w="5" /><ent r="102" t="55" w="8" /><ent r="4" t="59" w="87" /></phr><phr n="referred"><ent r="3" t="16" w="1347" /></phr><phr n="reference"><ent r="4" t="23" w="1607" /><ent r="6" t="53" w="792" /></phr><phr n="references"><ent r="3" t="41" w="462" /></phr><phr n="refers"><ent r="3" t="51" w="536" /><ent r="4" t="52" w="234" /></phr></stem><stem n="whose"><phr n="whose"><ent r="3" t="8" w="130" /><ent r="4" t="19" w="691" /><ent r="6" t="21" w="2830" /><ent r="4" t="23" w="231" /><ent r="3" t="24" w="686" /><ent r="3" t="25" w="101" /><ent r="3" t="25" w="359" /><ent r="3" t="25" w="1093" /><ent r="3" t="31" w="912" /><ent r="6" t="55" w="1210" /></phr></stem><stem n="curli"><phr n="curly"><ent r="3" t="8" w="145" /><ent r="4" t="16" w="231" /><ent r="4" t="16" w="272" /><ent r="3" t="16" w="1261" /><ent r="4" t="26" w="244" /><ent r="4" t="30" w="1288" /></phr></stem><stem n="brace"><phr n="braces"><ent r="3" t="8" w="146" /><ent r="4" t="16" w="232" /><ent r="3" t="16" w="1262" /><ent r="4" t="26" w="245" /><ent r="4" t="30" w="1289" /></phr><phr n="brace"><ent r="3" t="35" w="67" /></phr></stem><stem n="(example:"><phr n="(Example:"><ent r="3" t="8" w="148" /></phr></stem><stem n="&quot;${second"><phr n="&quot;${Seconds"><ent r="3" t="8" w="149" /></phr></stem><stem n="wait"><phr n="wait"><ent r="3" t="8" w="151" /><ent r="3" t="31" w="1014" /><ent r="3" t="31" w="2499" /><ent r="3" t="31" w="3227" /><ent r="3" t="32" w="280" /><ent r="3" t="32" w="288" /><ent r="3" t="32" w="433" /><ent r="3" t="32" w="473" /><ent r="3" t="32" w="580" /></phr><phr n="waits"><ent r="3" t="29" w="120" /><ent r="4" t="31" w="701" /><ent r="4" t="31" w="856" /><ent r="3" t="31" w="3208" /><ent r="4" t="40" w="253" /></phr><phr n="WAIT"><ent r="100" t="30" w="955" /><ent r="3" t="30" w="957" /><ent r="3" t="30" w="1156" /><ent r="64" t="30" w="1811" /><ent r="100" t="31" w="14" /><ent r="100" t="31" w="679" /><ent r="100" t="31" w="681" /><ent r="65" t="31" w="687" /><ent r="100" t="31" w="792" /><ent r="65" t="31" w="844" /><ent r="3" t="31" w="1171" /><ent r="3" t="31" w="1559" /><ent r="5" t="31" w="1579" /><ent r="5" t="31" w="2048" /><ent r="5" t="31" w="2846" /><ent r="5" t="31" w="2854" /><ent r="83" t="31" w="3189" /><ent r="5" t="31" w="3197" /><ent r="100" t="31" w="3219" /><ent r="5" t="31" w="3238" /><ent r="5" t="31" w="3371" /><ent r="3" t="31" w="3398" /><ent r="3" t="31" w="3626" /><ent r="3" t="31" w="3657" /><ent r="100" t="32" w="23" /><ent r="100" t="32" w="30" /><ent r="100" t="32" w="272" /><ent r="3" t="32" w="469" /></phr><phr n="Wait"><ent r="100" t="32" w="25" /><ent r="100" t="32" w="32" /></phr></stem><stem n="}&quot;)."><phr n="}&quot;)."><ent r="3" t="8" w="152" /></phr></stem><stem n="input"><phr n="Input"><ent r="92" t="8" w="153" /><ent r="4" t="8" w="167" /><ent r="4" t="8" w="174" /><ent r="5" t="13" w="68" /><ent r="5" t="13" w="97" /><ent r="5" t="13" w="146" /><ent r="5" t="13" w="203" /><ent r="5" t="13" w="295" /><ent r="5" t="13" w="688" /><ent r="5" t="13" w="724" /><ent r="5" t="13" w="761" /></phr><phr n="input"><ent r="3" t="8" w="160" /><ent r="3" t="8" w="248" /><ent r="3" t="8" w="346" /><ent r="3" t="8" w="570" /><ent r="3" t="8" w="578" /><ent r="4" t="12" w="73" /><ent r="5" t="13" w="756" /><ent r="4" t="21" w="680" /><ent r="3" t="21" w="862" /><ent r="4" t="21" w="2240" /><ent r="4" t="21" w="2255" /><ent r="4" t="21" w="2289" /><ent r="4" t="21" w="2298" /><ent r="3" t="30" w="1595" /><ent r="3" t="31" w="169" /><ent r="4" t="31" w="418" /><ent r="3" t="31" w="2365" /><ent r="4" t="31" w="2413" /></phr></stem><stem n="four"><phr n="Four"><ent r="3" t="8" w="157" /></phr><phr n="four"><ent r="3" t="8" w="567" /><ent r="3" t="15" w="523" /><ent r="3" t="16" w="125" /><ent r="4" t="18" w="832" /><ent r="3" t="21" w="2716" /><ent r="4" t="23" w="804" /><ent r="3" t="23" w="1245" /><ent r="3" t="23" w="1431" /><ent r="4" t="33" w="1234" /><ent r="4" t="33" w="1239" /><ent r="3" t="36" w="454" /><ent r="3" t="41" w="156" /><ent r="3" t="56" w="78" /></phr></stem><stem n="obscur"><phr n="obscuring"><ent r="4" t="8" w="178" /></phr></stem><stem n="dropdown"><phr n="Dropdown"><ent r="5" t="8" w="182" /><ent r="82" t="8" w="340" /><ent r="3" t="8" w="460" /><ent r="3" t="8" w="473" /><ent r="3" t="8" w="588" /></phr><phr n="dropdown"><ent r="4" t="8" w="187" /><ent r="3" t="8" w="352" /><ent r="3" t="8" w="369" /><ent r="3" t="8" w="408" /><ent r="3" t="8" w="434" /><ent r="3" t="8" w="446" /></phr></stem><stem n="checkbox"><phr n="Checkbox"><ent r="5" t="8" w="190" /><ent r="3" t="8" w="501" /><ent r="3" t="8" w="523" /><ent r="3" t="8" w="593" /></phr><phr n="checkbox"><ent r="3" t="26" w="48" /></phr></stem><stem n="true"><phr n="true"><ent r="4" t="8" w="196" /><ent r="3" t="8" w="502" /><ent r="3" t="8" w="504" /><ent r="3" t="8" w="509" /><ent r="3" t="8" w="594" /><ent r="3" t="8" w="596" /><ent r="5" t="15" w="793" /><ent r="3" t="15" w="917" /><ent r="3" t="17" w="79" /><ent r="4" t="17" w="210" /><ent r="4" t="19" w="233" /><ent r="3" t="19" w="998" /><ent r="3" t="19" w="1063" /><ent r="3" t="22" w="60" /><ent r="5" t="22" w="99" /><ent r="4" t="33" w="1342" /><ent r="3" t="47" w="334" /></phr><phr n="TRUE"><ent r="100" t="21" w="25" /><ent r="100" t="21" w="136" /><ent r="4" t="21" w="149" /></phr><phr n="True"><ent r="3" t="30" w="920" /></phr></stem><stem n="fals"><phr n="false"><ent r="4" t="8" w="198" /><ent r="3" t="8" w="503" /><ent r="3" t="8" w="595" /><ent r="5" t="15" w="841" /><ent r="4" t="15" w="858" /><ent r="3" t="15" w="924" /><ent r="3" t="22" w="65" /><ent r="5" t="22" w="147" /><ent r="4" t="22" w="164" /><ent r="3" t="47" w="318" /></phr><phr n="FALSE"><ent r="100" t="21" w="31" /><ent r="100" t="21" w="133" /><ent r="4" t="21" w="156" /></phr></stem><stem n="clear"><phr n="clearing"><ent r="4" t="8" w="202" /><ent r="3" t="19" w="931" /></phr><phr n="Clear"><ent r="5" t="18" w="162" /><ent r="3" t="19" w="304" /><ent r="4" t="19" w="502" /><ent r="4" t="19" w="517" /><ent r="4" t="19" w="729" /><ent r="4" t="19" w="773" /><ent r="4" t="19" w="791" /></phr><phr n="clear"><ent r="5" t="18" w="181" /><ent r="4" t="18" w="840" /><ent r="4" t="19" w="136" /><ent r="3" t="19" w="544" /><ent r="4" t="19" w="806" /><ent r="4" t="19" w="847" /><ent r="3" t="19" w="1236" /><ent r="3" t="19" w="1411" /><ent r="3" t="19" w="1415" /><ent r="3" t="19" w="1468" /><ent r="3" t="19" w="1472" /><ent r="3" t="19" w="1503" /></phr><phr n="CLEAR"><ent r="4" t="19" w="378" /></phr><phr n="cleared"><ent r="3" t="19" w="469" /><ent r="3" t="19" w="580" /><ent r="4" t="19" w="824" /><ent r="4" t="19" w="827" /><ent r="3" t="19" w="1005" /></phr><phr n="Clears"><ent r="4" t="31" w="416" /></phr><phr n="clears"><ent r="3" t="31" w="2363" /></phr></stem><stem n="present"><phr n="presents"><ent r="3" t="8" w="213" /></phr><phr n="present"><ent r="3" t="8" w="350" /><ent r="3" t="17" w="277" /><ent r="3" t="25" w="120" /><ent r="4" t="26" w="318" /><ent r="3" t="27" w="319" /><ent r="3" t="31" w="2462" /><ent r="3" t="31" w="3260" /><ent r="3" t="31" w="3328" /><ent r="3" t="39" w="581" /><ent r="4" t="40" w="159" /><ent r="4" t="40" w="180" /><ent r="4" t="40" w="278" /><ent r="6" t="53" w="98" /><ent r="6" t="53" w="632" /></phr></stem><stem n="simpl"><phr n="simple"><ent r="3" t="8" w="215" /><ent r="4" t="21" w="238" /><ent r="4" t="24" w="279" /><ent r="3" t="30" w="680" /><ent r="3" t="31" w="1079" /><ent r="3" t="35" w="90" /><ent r="3" t="35" w="110" /><ent r="3" t="35" w="139" /><ent r="3" t="35" w="174" /><ent r="3" t="36" w="195" /><ent r="3" t="38" w="411" /><ent r="3" t="40" w="52" /><ent r="3" t="52" w="84" /></phr><phr n="Simple"><ent r="4" t="24" w="238" /><ent r="3" t="24" w="327" /><ent r="3" t="24" w="360" /><ent r="4" t="30" w="811" /><ent r="3" t="35" w="83" /><ent r="3" t="35" w="113" /><ent r="3" t="35" w="204" /><ent r="82" t="36" w="191" /><ent r="100" t="40" w="43" /></phr></stem><stem n="enter"><phr n="entering"><ent r="3" t="8" w="219" /><ent r="3" t="54" w="21" /></phr><phr n="enter"><ent r="4" t="18" w="632" /><ent r="4" t="19" w="345" /><ent r="4" t="19" w="363" /><ent r="3" t="40" w="1092" /><ent r="4" t="58" w="79" /></phr><phr n="Enter"><ent r="4" t="37" w="317" /><ent r="100" t="40" w="25" /><ent r="100" t="40" w="673" /><ent r="4" t="40" w="675" /><ent r="4" t="41" w="748" /><ent r="4" t="58" w="57" /></phr><phr n="entered"><ent r="4" t="39" w="236" /></phr></stem><stem n="&quot;text&quot;"><phr n="&quot;Text&quot;"><ent r="3" t="8" w="224" /><ent r="3" t="8" w="585" /></phr></stem><stem n="&quot;text"><phr n="&quot;Text"><ent r="3" t="8" w="224" /><ent r="3" t="8" w="585" /></phr></stem><stem n="{text}"><phr n="{Text}"><ent r="4" t="8" w="236" /></phr></stem><stem n="conceal"><phr n="conceal"><ent r="3" t="8" w="251" /></phr></stem><stem n="casual"><phr n="casual"><ent r="3" t="8" w="255" /></phr></stem><stem n="view"><phr n="view"><ent r="3" t="8" w="256" /><ent r="4" t="12" w="213" /><ent r="3" t="23" w="45" /><ent r="3" t="23" w="123" /><ent r="3" t="27" w="196" /><ent r="3" t="30" w="69" /><ent r="3" t="38" w="116" /><ent r="4" t="41" w="806" /><ent r="3" t="45" w="208" /><ent r="4" t="46" w="115" /><ent r="3" t="56" w="122" /><ent r="3" t="56" w="270" /></phr><phr n="View"><ent r="3" t="23" w="1565" /></phr><phr n="Viewing"><ent r="1000" t="26" w="2" /><ent r="102" t="26" w="7" /></phr></stem><stem n="(so-cal"><phr n="(so-called"><ent r="3" t="8" w="257" /></phr></stem><stem n="so-cal"><phr n="so-called"><ent r="3" t="8" w="257" /></phr></stem><stem n="call"><phr n="called"><ent r="3" t="8" w="258" /><ent r="4" t="15" w="130" /><ent r="3" t="15" w="475" /><ent r="3" t="16" w="75" /><ent r="3" t="18" w="60" /><ent r="4" t="23" w="249" /><ent r="3" t="24" w="855" /><ent r="3" t="35" w="16" /><ent r="3" t="41" w="699" /><ent r="3" t="50" w="96" /></phr><phr n="Calling"><ent r="1000" t="58" w="3" /><ent r="100" t="58" w="6" /><ent r="102" t="58" w="11" /></phr><phr n="calling"><ent r="3" t="58" w="17" /></phr><phr n="call"><ent r="3" t="59" w="23" /></phr></stem><stem n="asterisk"><phr n="asterisks"><ent r="3" t="8" w="271" /></phr><phr n="asterisk"><ent r="3" t="8" w="286" /></phr></stem><stem n="(&quot;*****&quot;)"><phr n="(&quot;*****&quot;)"><ent r="3" t="8" w="272" /></phr></stem><stem n="(&quot;*&quot;)"><phr n="(&quot;*&quot;)"><ent r="3" t="8" w="287" /></phr></stem><stem n="&quot;password*&quot;"><phr n="&quot;Password*&quot;"><ent r="3" t="8" w="297" /><ent r="3" t="8" w="588" /></phr></stem><stem n="remain"><phr n="remains"><ent r="3" t="8" w="303" /><ent r="3" t="18" w="419" /></phr><phr n="remain"><ent r="4" t="19" w="792" /></phr><phr n="remaining"><ent r="3" t="19" w="1053" /><ent r="4" t="21" w="2294" /><ent r="4" t="23" w="769" /><ent r="3" t="23" w="1235" /><ent r="4" t="30" w="336" /><ent r="3" t="51" w="229" /></phr></stem><stem n="{password*}"><phr n="{Password*}"><ent r="3" t="8" w="306" /></phr></stem><stem n="&quot;*&quot;"><phr n="&quot;*&quot;"><ent r="3" t="8" w="319" /></phr></stem><stem n="remov"><phr n="removed"><ent r="3" t="8" w="320" /><ent r="5" t="14" w="1215" /><ent r="4" t="19" w="777" /></phr><phr n="remove"><ent r="3" t="19" w="578" /><ent r="4" t="46" w="93" /></phr><phr n="removes"><ent r="4" t="19" w="804" /></phr><phr n="Remove"><ent r="4" t="21" w="426" /></phr></stem><stem n="&quot;password&quot;"><phr n="&quot;Password&quot;"><ent r="3" t="8" w="334" /></phr></stem><stem n="choic"><phr n="choices"><ent r="3" t="8" w="364" /><ent r="3" t="8" w="390" /></phr><phr n="choice"><ent r="4" t="22" w="319" /><ent r="5" t="55" w="1321" /></phr></stem><stem n="syntax"><phr n="syntax"><ent r="3" t="8" w="373" /><ent r="3" t="8" w="499" /><ent r="3" t="9" w="42" /><ent r="3" t="12" w="138" /><ent r="5" t="14" w="1237" /><ent r="3" t="14" w="1408" /><ent r="3" t="14" w="1712" /><ent r="4" t="21" w="194" /><ent r="4" t="21" w="198" /><ent r="3" t="23" w="971" /><ent r="4" t="23" w="1632" /><ent r="4" t="24" w="485" /><ent r="3" t="24" w="557" /><ent r="3" t="30" w="1929" /><ent r="3" t="30" w="1952" /><ent r="3" t="43" w="47" /></phr><phr n="Syntax"><ent r="3" t="21" w="81" /><ent r="92" t="23" w="532" /><ent r="3" t="24" w="187" /><ent r="3" t="24" w="442" /></phr><phr n="SYNTAX"><ent r="3" t="28" w="175" /><ent r="3" t="28" w="208" /><ent r="3" t="28" w="240" /><ent r="3" t="28" w="274" /><ent r="3" t="28" w="305" /><ent r="3" t="28" w="330" /></phr></stem><stem n="equal"><phr n="Equal"><ent r="3" t="8" w="376" /><ent r="3" t="8" w="424" /><ent r="3" t="8" w="464" /><ent r="3" t="8" w="524" /><ent r="100" t="31" w="28" /><ent r="100" t="31" w="47" /><ent r="100" t="31" w="52" /></phr><phr n="Equality"><ent r="100" t="21" w="345" /><ent r="4" t="21" w="348" /></phr><phr n="equal"><ent r="4" t="31" w="620" /><ent r="4" t="31" w="659" /><ent r="3" t="31" w="2317" /><ent r="3" t="31" w="2344" /><ent r="3" t="31" w="2553" /><ent r="4" t="31" w="2580" /></phr><phr n="equally"><ent r="3" t="31" w="3812" /></phr></stem><stem n="equal,notequ"><phr n="Equal,NotEqual"><ent r="3" t="8" w="377" /><ent r="3" t="8" w="376" /><ent r="3" t="8" w="425" /><ent r="3" t="8" w="424" /><ent r="3" t="8" w="465" /><ent r="3" t="8" w="464" /><ent r="3" t="8" w="525" /><ent r="3" t="8" w="524" /></phr></stem><stem n="notequ"><phr n="NotEqual"><ent r="3" t="8" w="377" /><ent r="3" t="8" w="378" /><ent r="3" t="8" w="382" /><ent r="3" t="8" w="425" /><ent r="3" t="8" w="465" /><ent r="3" t="8" w="525" /></phr></stem><stem n="&quot;test[equal,notequal]&quot;"><phr n="&quot;Test[Equal,NotEqual]&quot;"><ent r="3" t="8" w="378" /></phr></stem><stem n="&quot;notequal&quot;"><phr n="&quot;NotEqual&quot;"><ent r="3" t="8" w="379" /></phr></stem><stem n="//default"><phr n="//Default"><ent r="3" t="8" w="379" /><ent r="3" t="8" w="505" /></phr></stem><stem n="initi"><phr n="initial"><ent r="3" t="8" w="404" /><ent r="3" t="19" w="1407" /><ent r="3" t="32" w="230" /></phr><phr n="initiate"><ent r="3" t="25" w="269" /></phr><phr n="initiation"><ent r="6" t="42" w="163" /></phr></stem><stem n="{test[equal,notequal]},"><phr n="{Test[Equal,NotEqual]},"><ent r="3" t="8" w="426" /></phr></stem><stem n="\4\dropdown:\0\"><phr n="\4\Dropdown:\0\"><ent r="3" t="8" w="462" /></phr></stem><stem n="{test[equal,notequal]}\0\"><phr n="{Test[Equal,NotEqual]}\0\"><ent r="3" t="8" w="467" /></phr></stem><stem n="-device-variables&gt;"><phr n="-device-variables&gt;"><ent r="3" t="8" w="468" /><ent r="3" t="8" w="469" /><ent r="5" t="14" w="542" /><ent r="5" t="14" w="543" /><ent r="82" t="14" w="601" /><ent r="82" t="14" w="602" /><ent r="67" t="15" w="331" /><ent r="67" t="15" w="332" /><ent r="93" t="15" w="441" /><ent r="93" t="15" w="442" /><ent r="4" t="15" w="450" /><ent r="4" t="15" w="451" /><ent r="83" t="15" w="492" /><ent r="83" t="15" w="493" /><ent r="4" t="15" w="503" /><ent r="4" t="15" w="504" /><ent r="83" t="15" w="553" /><ent r="83" t="15" w="554" /><ent r="3" t="15" w="559" /><ent r="3" t="15" w="560" /><ent r="4" t="16" w="41" /><ent r="4" t="16" w="42" /><ent r="4" t="16" w="108" /><ent r="4" t="16" w="109" /><ent r="4" t="16" w="964" /><ent r="4" t="16" w="965" /><ent r="3" t="16" w="970" /><ent r="3" t="16" w="971" /><ent r="4" t="16" w="1619" /><ent r="4" t="16" w="1620" /><ent r="4" t="19" w="172" /><ent r="4" t="19" w="173" /><ent r="3" t="19" w="1311" /><ent r="3" t="19" w="1312" /><ent r="3" t="21" w="2662" /><ent r="3" t="21" w="2663" /><ent r="4" t="23" w="1600" /><ent r="4" t="23" w="1601" /><ent r="3" t="25" w="873" /><ent r="3" t="25" w="874" /><ent r="3" t="25" w="963" /><ent r="3" t="25" w="964" /><ent r="3" t="25" w="1295" /><ent r="3" t="25" w="1296" /><ent r="3" t="25" w="1402" /><ent r="3" t="25" w="1403" /><ent r="3" t="27" w="1144" /><ent r="3" t="27" w="1145" /></phr></stem><stem n="&lt;snmp"><phr n="&lt;snmp"><ent r="3" t="8" w="468" /><ent r="4" t="10" w="86" /><ent r="4" t="10" w="170" /><ent r="3" t="10" w="202" /><ent r="4" t="10" w="304" /><ent r="4" t="10" w="375" /><ent r="4" t="12" w="272" /><ent r="82" t="14" w="435" /><ent r="5" t="14" w="542" /><ent r="82" t="14" w="557" /><ent r="82" t="14" w="601" /><ent r="5" t="14" w="1387" /><ent r="100" t="15" w="10" /><ent r="100" t="15" w="15" /><ent r="67" t="15" w="331" /><ent r="67" t="15" w="357" /><ent r="67" t="15" w="386" /><ent r="67" t="15" w="415" /><ent r="93" t="15" w="441" /><ent r="4" t="15" w="450" /><ent r="83" t="15" w="492" /><ent r="4" t="15" w="503" /><ent r="83" t="15" w="553" /><ent r="3" t="15" w="559" /><ent r="93" t="15" w="681" /><ent r="4" t="15" w="690" /><ent r="4" t="15" w="710" /><ent r="93" t="15" w="745" /><ent r="4" t="15" w="753" /><ent r="3" t="15" w="913" /><ent r="4" t="16" w="41" /><ent r="4" t="16" w="108" /><ent r="4" t="16" w="964" /><ent r="3" t="16" w="970" /><ent r="4" t="16" w="1242" /><ent r="4" t="16" w="1368" /><ent r="4" t="16" w="1590" /><ent r="4" t="16" w="1619" /><ent r="4" t="16" w="1655" /><ent r="4" t="17" w="8" /><ent r="83" t="17" w="123" /><ent r="3" t="17" w="129" /><ent r="3" t="19" w="19" /><ent r="3" t="19" w="47" /><ent r="4" t="19" w="172" /><ent r="4" t="19" w="261" /><ent r="4" t="19" w="398" /><ent r="3" t="19" w="1311" /><ent r="3" t="19" w="1372" /><ent r="3" t="19" w="1385" /><ent r="3" t="19" w="1541" /><ent r="4" t="20" w="15" /><ent r="3" t="20" w="167" /><ent r="3" t="20" w="208" /><ent r="4" t="20" w="243" /><ent r="3" t="21" w="2662" /><ent r="4" t="22" w="18" /><ent r="3" t="22" w="56" /><ent r="3" t="23" w="568" /><ent r="3" t="23" w="665" /><ent r="3" t="23" w="680" /><ent r="4" t="23" w="775" /><ent r="3" t="23" w="988" /><ent r="3" t="23" w="1265" /><ent r="3" t="23" w="1484" /><ent r="3" t="23" w="1492" /><ent r="3" t="23" w="1558" /><ent r="4" t="23" w="1600" /><ent r="4" t="23" w="1651" /><ent r="3" t="25" w="873" /><ent r="3" t="25" w="963" /><ent r="3" t="25" w="1295" /><ent r="3" t="25" w="1361" /><ent r="3" t="25" w="1402" /><ent r="3" t="27" w="1144" /><ent r="3" t="27" w="1511" /><ent r="5" t="33" w="1419" /><ent r="4" t="42" w="314" /></phr></stem><stem n="&lt;snmp-devic"><phr n="&lt;snmp-device"><ent r="3" t="8" w="468" /><ent r="4" t="10" w="86" /><ent r="4" t="10" w="170" /><ent r="3" t="10" w="202" /><ent r="4" t="10" w="304" /><ent r="4" t="10" w="375" /><ent r="4" t="12" w="272" /><ent r="5" t="14" w="542" /><ent r="82" t="14" w="601" /><ent r="100" t="15" w="10" /><ent r="100" t="15" w="15" /><ent r="67" t="15" w="331" /><ent r="67" t="15" w="357" /><ent r="67" t="15" w="386" /><ent r="67" t="15" w="415" /><ent r="93" t="15" w="441" /><ent r="4" t="15" w="450" /><ent r="83" t="15" w="492" /><ent r="4" t="15" w="503" /><ent r="83" t="15" w="553" /><ent r="3" t="15" w="559" /><ent r="93" t="15" w="681" /><ent r="4" t="15" w="690" /><ent r="4" t="15" w="710" /><ent r="93" t="15" w="745" /><ent r="4" t="15" w="753" /><ent r="3" t="15" w="913" /><ent r="4" t="16" w="41" /><ent r="4" t="16" w="108" /><ent r="4" t="16" w="964" /><ent r="3" t="16" w="970" /><ent r="4" t="16" w="1242" /><ent r="4" t="16" w="1368" /><ent r="4" t="16" w="1590" /><ent r="4" t="16" w="1619" /><ent r="4" t="17" w="8" /><ent r="83" t="17" w="123" /><ent r="3" t="17" w="129" /><ent r="3" t="19" w="19" /><ent r="3" t="19" w="47" /><ent r="4" t="19" w="172" /><ent r="4" t="19" w="261" /><ent r="4" t="19" w="398" /><ent r="3" t="19" w="1311" /><ent r="3" t="19" w="1372" /><ent r="3" t="19" w="1385" /><ent r="3" t="19" w="1541" /><ent r="4" t="20" w="15" /><ent r="3" t="20" w="167" /><ent r="3" t="20" w="208" /><ent r="4" t="20" w="243" /><ent r="3" t="21" w="2662" /><ent r="4" t="22" w="18" /><ent r="3" t="22" w="56" /><ent r="3" t="23" w="568" /><ent r="3" t="23" w="665" /><ent r="3" t="23" w="680" /><ent r="4" t="23" w="775" /><ent r="3" t="23" w="988" /><ent r="3" t="23" w="1265" /><ent r="3" t="23" w="1484" /><ent r="3" t="23" w="1492" /><ent r="3" t="23" w="1558" /><ent r="4" t="23" w="1600" /><ent r="4" t="23" w="1651" /><ent r="3" t="25" w="873" /><ent r="3" t="25" w="963" /><ent r="3" t="25" w="1295" /><ent r="3" t="25" w="1361" /><ent r="3" t="25" w="1402" /><ent r="3" t="27" w="1144" /><ent r="3" t="27" w="1511" /><ent r="5" t="33" w="1419" /><ent r="4" t="42" w="314" /></phr></stem><stem n="&lt;snmp-device-variables&gt;"><phr n="&lt;snmp-device-variables&gt;"><ent r="3" t="8" w="468" /><ent r="5" t="14" w="542" /><ent r="82" t="14" w="601" /><ent r="67" t="15" w="331" /><ent r="93" t="15" w="441" /><ent r="4" t="15" w="450" /><ent r="83" t="15" w="492" /><ent r="4" t="15" w="503" /><ent r="83" t="15" w="553" /><ent r="3" t="15" w="559" /><ent r="4" t="16" w="41" /><ent r="4" t="16" w="108" /><ent r="4" t="16" w="964" /><ent r="3" t="16" w="970" /><ent r="4" t="16" w="1619" /><ent r="4" t="19" w="172" /><ent r="3" t="19" w="1311" /><ent r="3" t="21" w="2662" /><ent r="4" t="23" w="775" /><ent r="4" t="23" w="1600" /><ent r="3" t="25" w="873" /><ent r="3" t="25" w="963" /><ent r="3" t="25" w="1295" /><ent r="3" t="25" w="1402" /><ent r="3" t="27" w="1144" /></phr></stem></index>