﻿<?xml version="1.0" encoding="utf-8"?><index><stem n="popup"><phr n="Popup"><ent r="100" t="3" w="143" /><ent r="100" t="33" w="112" /></phr><phr n="popup"><ent r="3" t="3" w="146" /><ent r="3" t="33" w="180" /></phr></stem><stem n="menu"><phr n="menu"><ent r="100" t="3" w="144" /><ent r="3" t="3" w="147" /><ent r="3" t="4" w="121" /><ent r="4" t="8" w="188" /><ent r="3" t="8" w="353" /><ent r="3" t="40" w="646" /><ent r="3" t="40" w="649" /><ent r="3" t="45" w="45" /><ent r="3" t="45" w="384" /><ent r="100" t="50" w="334" /><ent r="4" t="50" w="339" /></phr></stem><stem n="along"><phr n="along"><ent r="3" t="3" w="148" /><ent r="3" t="18" w="80" /><ent r="3" t="34" w="46" /><ent r="3" t="37" w="93" /></phr></stem><stem n="logic"><phr n="logic"><ent r="3" t="3" w="162" /><ent r="3" t="45" w="365" /></phr><phr n="logical"><ent r="3" t="14" w="1446" /><ent r="4" t="21" w="164" /></phr><phr n="Logical"><ent r="100" t="21" w="330" /><ent r="4" t="21" w="333" /><ent r="100" t="21" w="338" /><ent r="4" t="21" w="341" /></phr></stem><stem n="snmp"><phr n="SNMP"><ent r="100" t="3" w="164" /><ent r="100" t="3" w="171" /><ent r="4" t="3" w="184" /><ent r="64" t="3" w="256" /><ent r="3" t="3" w="269" /><ent r="64" t="3" w="280" /><ent r="3" t="3" w="289" /><ent r="100" t="4" w="338" /><ent r="100" t="4" w="340" /><ent r="64" t="4" w="344" /><ent r="5" t="4" w="354" /><ent r="3" t="4" w="361" /><ent r="100" t="5" w="126" /><ent r="100" t="5" w="168" /><ent r="100" t="5" w="174" /><ent r="6" t="5" w="178" /><ent r="6" t="5" w="192" /><ent r="100" t="5" w="686" /><ent r="3" t="5" w="731" /><ent r="3" t="5" w="738" /><ent r="92" t="5" w="763" /><ent r="4" t="5" w="794" /><ent r="6" t="5" w="828" /><ent r="6" t="5" w="867" /><ent r="6" t="5" w="961" /><ent r="6" t="5" w="1014" /><ent r="100" t="10" w="25" /><ent r="3" t="10" w="37" /><ent r="100" t="10" w="72" /><ent r="92" t="10" w="76" /><ent r="3" t="10" w="102" /><ent r="3" t="10" w="207" /><ent r="5" t="13" w="454" /><ent r="5" t="13" w="485" /><ent r="5" t="13" w="516" /><ent r="5" t="13" w="545" /><ent r="5" t="13" w="581" /><ent r="5" t="13" w="591" /><ent r="5" t="13" w="602" /><ent r="5" t="13" w="615" /><ent r="5" t="13" w="628" /><ent r="5" t="13" w="639" /><ent r="5" t="13" w="650" /><ent r="65" t="14" w="49" /><ent r="92" t="14" w="419" /><ent r="3" t="14" w="428" /><ent r="66" t="14" w="551" /><ent r="5" t="14" w="619" /><ent r="5" t="14" w="633" /><ent r="5" t="14" w="643" /><ent r="5" t="14" w="653" /><ent r="5" t="14" w="662" /><ent r="3" t="14" w="1289" /><ent r="4" t="14" w="1392" /><ent r="1000" t="15" w="2" /><ent r="102" t="15" w="6" /><ent r="100" t="15" w="28" /><ent r="100" t="15" w="31" /><ent r="3" t="15" w="47" /><ent r="3" t="15" w="93" /><ent r="3" t="15" w="120" /><ent r="3" t="15" w="254" /><ent r="3" t="15" w="290" /><ent r="64" t="15" w="315" /><ent r="3" t="15" w="321" /><ent r="4" t="15" w="426" /><ent r="100" t="15" w="433" /><ent r="93" t="15" w="437" /><ent r="100" t="15" w="456" /><ent r="3" t="15" w="471" /><ent r="100" t="15" w="736" /><ent r="92" t="15" w="740" /><ent r="3" t="15" w="763" /><ent r="100" t="15" w="820" /><ent r="4" t="15" w="830" /><ent r="4" t="15" w="892" /><ent r="102" t="16" w="4" /><ent r="100" t="16" w="35" /><ent r="100" t="16" w="282" /><ent r="6" t="16" w="387" /><ent r="67" t="16" w="391" /><ent r="67" t="16" w="407" /><ent r="6" t="16" w="435" /><ent r="6" t="16" w="491" /><ent r="6" t="16" w="780" /><ent r="67" t="16" w="794" /><ent r="3" t="16" w="1660" /><ent r="3" t="18" w="67" /><ent r="3" t="18" w="897" /><ent r="4" t="19" w="203" /><ent r="100" t="21" w="17" /><ent r="100" t="21" w="22" /><ent r="3" t="21" w="46" /><ent r="92" t="21" w="2564" /><ent r="100" t="22" w="12" /><ent r="3" t="22" w="28" /><ent r="100" t="22" w="126" /><ent r="4" t="22" w="136" /><ent r="4" t="22" w="196" /><ent r="1000" t="23" w="2" /><ent r="102" t="23" w="9" /><ent r="3" t="23" w="22" /><ent r="92" t="23" w="141" /><ent r="3" t="23" w="145" /><ent r="3" t="23" w="446" /><ent r="3" t="23" w="541" /><ent r="4" t="23" w="878" /><ent r="3" t="23" w="1131" /><ent r="1000" t="24" w="2" /><ent r="102" t="24" w="9" /><ent r="3" t="24" w="135" /><ent r="3" t="24" w="585" /><ent r="3" t="24" w="737" /><ent r="3" t="24" w="958" /><ent r="3" t="24" w="1160" /><ent r="102" t="25" w="11" /><ent r="3" t="25" w="31" /><ent r="4" t="25" w="447" /><ent r="3" t="25" w="486" /><ent r="4" t="25" w="662" /><ent r="3" t="25" w="1014" /><ent r="3" t="25" w="1447" /><ent r="3" t="25" w="1473" /><ent r="4" t="26" w="55" /><ent r="3" t="27" w="20" /><ent r="3" t="27" w="146" /><ent r="3" t="27" w="540" /><ent r="3" t="27" w="701" /><ent r="3" t="27" w="824" /><ent r="3" t="27" w="934" /><ent r="3" t="27" w="1116" /><ent r="3" t="27" w="1314" /><ent r="100" t="28" w="12" /><ent r="3" t="28" w="30" /><ent r="3" t="28" w="126" /><ent r="3" t="28" w="379" /><ent r="3" t="28" w="410" /><ent r="3" t="30" w="1566" /><ent r="4" t="39" w="99" /><ent r="100" t="39" w="181" /><ent r="100" t="39" w="184" /><ent r="93" t="39" w="193" /><ent r="3" t="39" w="215" /><ent r="4" t="39" w="231" /><ent r="4" t="39" w="239" /><ent r="100" t="39" w="245" /><ent r="4" t="39" w="249" /><ent r="3" t="39" w="336" /><ent r="100" t="40" w="21" /><ent r="100" t="40" w="29" /><ent r="100" t="40" w="35" /><ent r="4" t="40" w="117" /><ent r="4" t="40" w="136" /><ent r="3" t="40" w="295" /><ent r="3" t="40" w="417" /><ent r="3" t="40" w="461" /><ent r="3" t="40" w="521" /><ent r="3" t="41" w="333" /><ent r="3" t="41" w="475" /><ent r="3" t="41" w="487" /><ent r="3" t="41" w="500" /></phr><phr n="snmp"><ent r="100" t="5" w="129" /><ent r="8" t="5" w="132" /><ent r="7" t="5" w="135" /><ent r="8" t="5" w="186" /><ent r="7" t="5" w="199" /><ent r="3" t="5" w="725" /><ent r="4" t="5" w="798" /><ent r="3" t="8" w="484" /><ent r="3" t="10" w="231" /><ent r="3" t="15" w="653" /><ent r="3" t="15" w="778" /><ent r="3" t="15" w="930" /><ent r="3" t="16" w="1066" /><ent r="3" t="17" w="181" /><ent r="3" t="19" w="82" /><ent r="3" t="19" w="1143" /><ent r="3" t="19" w="1278" /><ent r="3" t="19" w="1284" /><ent r="3" t="19" w="1368" /><ent r="3" t="19" w="1381" /><ent r="3" t="19" w="1537" /><ent r="3" t="19" w="1576" /><ent r="3" t="20" w="204" /><ent r="3" t="20" w="221" /><ent r="3" t="22" w="43" /><ent r="3" t="22" w="86" /><ent r="3" t="23" w="647" /><ent r="3" t="23" w="671" /><ent r="3" t="23" w="1092" /><ent r="3" t="23" w="1313" /><ent r="3" t="23" w="1500" /><ent r="3" t="23" w="1572" /><ent r="3" t="25" w="891" /><ent r="3" t="25" w="1049" /><ent r="3" t="25" w="1325" /><ent r="3" t="25" w="1385" /><ent r="3" t="25" w="1432" /><ent r="3" t="25" w="1485" /><ent r="3" t="25" w="1502" /><ent r="3" t="27" w="26" /><ent r="3" t="27" w="65" /><ent r="3" t="27" w="121" /><ent r="3" t="27" w="128" /><ent r="3" t="27" w="305" /><ent r="3" t="27" w="337" /><ent r="3" t="27" w="345" /><ent r="3" t="27" w="362" /><ent r="3" t="27" w="1508" /><ent r="3" t="27" w="1724" /></phr><phr n="Snmp"><ent r="100" t="10" w="79" /><ent r="100" t="15" w="327" /><ent r="100" t="15" w="349" /><ent r="100" t="15" w="353" /><ent r="100" t="15" w="382" /><ent r="100" t="15" w="411" /><ent r="100" t="16" w="37" /><ent r="100" t="16" w="1235" /><ent r="100" t="22" w="14" /><ent r="100" t="42" w="310" /></phr></stem><stem n="tcp"><phr n="TCP"><ent r="100" t="3" w="166" /><ent r="4" t="3" w="193" /><ent r="64" t="3" w="330" /><ent r="3" t="3" w="336" /><ent r="3" t="3" w="356" /><ent r="64" t="3" w="361" /><ent r="100" t="4" w="238" /><ent r="3" t="4" w="252" /><ent r="100" t="5" w="118" /><ent r="100" t="5" w="150" /><ent r="6" t="5" w="153" /><ent r="3" t="5" w="710" /><ent r="100" t="6" w="143" /><ent r="3" t="6" w="151" /><ent r="100" t="8" w="551" /><ent r="100" t="10" w="27" /><ent r="3" t="10" w="35" /><ent r="100" t="10" w="235" /><ent r="100" t="10" w="239" /><ent r="92" t="10" w="244" /><ent r="3" t="10" w="264" /><ent r="5" t="13" w="158" /><ent r="5" t="13" w="353" /><ent r="5" t="13" w="651" /><ent r="5" t="13" w="660" /><ent r="65" t="14" w="53" /><ent r="92" t="14" w="773" /><ent r="3" t="14" w="782" /><ent r="4" t="14" w="1402" /><ent r="100" t="15" w="612" /><ent r="100" t="15" w="614" /><ent r="100" t="15" w="616" /><ent r="3" t="15" w="634" /><ent r="100" t="16" w="941" /><ent r="100" t="16" w="943" /><ent r="100" t="16" w="945" /><ent r="3" t="16" w="1022" /><ent r="3" t="16" w="1670" /><ent r="1000" t="29" w="1" /><ent r="100" t="29" w="4" /><ent r="102" t="29" w="8" /><ent r="3" t="29" w="11" /><ent r="64" t="29" w="101" /><ent r="3" t="29" w="106" /><ent r="3" t="29" w="135" /><ent r="102" t="30" w="18" /><ent r="3" t="30" w="32" /><ent r="100" t="30" w="75" /><ent r="64" t="30" w="78" /><ent r="3" t="30" w="207" /><ent r="5" t="30" w="1403" /><ent r="5" t="30" w="1434" /><ent r="5" t="30" w="1530" /><ent r="5" t="30" w="1547" /><ent r="102" t="31" w="67" /><ent r="3" t="31" w="88" /><ent r="100" t="31" w="1037" /><ent r="3" t="31" w="1055" /><ent r="3" t="31" w="1153" /><ent r="4" t="31" w="1813" /><ent r="3" t="31" w="2480" /><ent r="3" t="31" w="3352" /><ent r="3" t="31" w="3645" /><ent r="3" t="31" w="4062" /><ent r="1000" t="32" w="2" /><ent r="100" t="32" w="8" /><ent r="100" t="32" w="13" /><ent r="100" t="32" w="19" /><ent r="100" t="32" w="36" /><ent r="100" t="32" w="46" /><ent r="100" t="32" w="50" /><ent r="100" t="32" w="54" /><ent r="100" t="32" w="62" /><ent r="102" t="32" w="65" /><ent r="3" t="32" w="79" /><ent r="3" t="32" w="96" /><ent r="3" t="32" w="146" /><ent r="3" t="32" w="169" /><ent r="3" t="32" w="192" /><ent r="3" t="32" w="235" /><ent r="3" t="32" w="415" /><ent r="3" t="32" w="603" /><ent r="100" t="42" w="54" /><ent r="100" t="42" w="56" /><ent r="5" t="42" w="59" /><ent r="100" t="42" w="155" /><ent r="3" t="42" w="158" /><ent r="100" t="42" w="202" /><ent r="92" t="42" w="206" /><ent r="3" t="42" w="279" /><ent r="5" t="42" w="427" /><ent r="6" t="55" w="731" /></phr><phr n="Tcp"><ent r="100" t="5" w="120" /><ent r="100" t="5" w="298" /><ent r="100" t="6" w="160" /><ent r="100" t="32" w="87" /><ent r="100" t="32" w="122" /></phr><phr n="tcp"><ent r="8" t="5" w="123" /><ent r="8" t="5" w="160" /><ent r="100" t="5" w="303" /><ent r="6" t="5" w="332" /><ent r="3" t="5" w="716" /><ent r="100" t="6" w="165" /><ent r="5" t="6" w="170" /><ent r="3" t="6" w="232" /><ent r="3" t="14" w="786" /><ent r="3" t="31" w="3394" /><ent r="3" t="31" w="3622" /><ent r="100" t="32" w="92" /><ent r="3" t="32" w="99" /><ent r="3" t="32" w="126" /><ent r="3" t="32" w="137" /></phr></stem><stem n="udp"><phr n="UDP"><ent r="100" t="3" w="168" /><ent r="4" t="3" w="186" /><ent r="5" t="13" w="360" /><ent r="3" t="25" w="288" /><ent r="5" t="42" w="424" /></phr><phr n="udp"><ent r="3" t="41" w="310" /></phr></stem><stem n=":snmp"><phr n=":SNMP"><ent r="100" t="3" w="171" /><ent r="100" t="21" w="17" /><ent r="100" t="40" w="29" /><ent r="100" t="40" w="35" /></phr></stem><stem n="appletalk"><phr n="AppleTalk"><ent r="100" t="3" w="173" /><ent r="4" t="3" w="188" /><ent r="100" t="42" w="386" /><ent r="5" t="42" w="391" /><ent r="100" t="55" w="877" /><ent r="5" t="55" w="882" /><ent r="100" t="55" w="1019" /><ent r="5" t="55" w="1026" /></phr></stem><stem n="datagram"><phr n="datagrams"><ent r="100" t="3" w="174" /><ent r="4" t="3" w="189" /><ent r="3" t="10" w="215" /><ent r="100" t="15" w="573" /><ent r="3" t="15" w="588" /><ent r="100" t="16" w="955" /><ent r="3" t="16" w="992" /><ent r="3" t="16" w="1636" /><ent r="100" t="17" w="134" /><ent r="3" t="17" w="149" /></phr><phr n="Datagrams"><ent r="100" t="10" w="197" /></phr><phr n="Datagram"><ent r="100" t="30" w="189" /><ent r="100" t="42" w="98" /></phr><phr n="datagram"><ent r="3" t="30" w="203" /><ent r="5" t="42" w="111" /></phr></stem><stem n="queri"><phr n="queries"><ent r="4" t="3" w="182" /><ent r="3" t="3" w="270" /><ent r="6" t="5" w="876" /><ent r="6" t="5" w="1015" /><ent r="6" t="5" w="1024" /><ent r="4" t="15" w="427" /><ent r="3" t="15" w="764" /><ent r="4" t="15" w="838" /><ent r="4" t="15" w="906" /><ent r="3" t="22" w="29" /><ent r="4" t="22" w="144" /><ent r="4" t="22" w="210" /><ent r="3" t="23" w="690" /><ent r="3" t="24" w="743" /></phr><phr n="query"><ent r="3" t="4" w="365" /><ent r="6" t="5" w="1036" /><ent r="4" t="15" w="807" /><ent r="4" t="15" w="862" /><ent r="4" t="22" w="115" /><ent r="4" t="22" w="168" /><ent r="4" t="23" w="1595" /><ent r="4" t="23" w="1658" /><ent r="3" t="24" w="581" /><ent r="3" t="24" w="631" /><ent r="3" t="24" w="644" /><ent r="3" t="24" w="1038" /><ent r="3" t="25" w="1450" /><ent r="3" t="39" w="339" /><ent r="4" t="40" w="273" /><ent r="3" t="45" w="179" /></phr><phr n="Query"><ent r="100" t="15" w="734" /><ent r="100" t="15" w="737" /><ent r="92" t="15" w="741" /><ent r="100" t="15" w="795" /><ent r="100" t="15" w="846" /><ent r="100" t="22" w="101" /><ent r="100" t="22" w="103" /><ent r="100" t="22" w="152" /></phr><phr n="queried"><ent r="3" t="23" w="1160" /></phr><phr n="querying"><ent r="3" t="24" w="955" /><ent r="3" t="24" w="1159" /></phr></stem><stem n="request"><phr n="requests"><ent r="4" t="3" w="185" /><ent r="3" t="3" w="345" /><ent r="3" t="43" w="51" /></phr><phr n="Requests"><ent r="5" t="13" w="417" /><ent r="5" t="13" w="425" /></phr><phr n="request"><ent r="5" t="15" w="818" /><ent r="4" t="15" w="893" /><ent r="3" t="15" w="921" /><ent r="100" t="16" w="278" /><ent r="6" t="16" w="450" /><ent r="3" t="22" w="63" /><ent r="5" t="22" w="124" /><ent r="4" t="22" w="197" /><ent r="3" t="23" w="85" /><ent r="3" t="24" w="742" /><ent r="3" t="29" w="66" /><ent r="4" t="40" w="288" /><ent r="5" t="42" w="191" /><ent r="3" t="44" w="229" /><ent r="3" t="44" w="322" /><ent r="3" t="50" w="88" /><ent r="3" t="51" w="13" /><ent r="3" t="51" w="29" /><ent r="3" t="55" w="215" /><ent r="5" t="55" w="1648" /><ent r="5" t="55" w="1721" /><ent r="5" t="55" w="1735" /><ent r="3" t="56" w="329" /><ent r="3" t="56" w="334" /><ent r="3" t="56" w="423" /><ent r="3" t="56" w="439" /><ent r="3" t="56" w="452" /><ent r="3" t="56" w="466" /></phr><phr n="Request"><ent r="100" t="15" w="822" /><ent r="100" t="15" w="826" /><ent r="4" t="15" w="832" /><ent r="4" t="15" w="837" /><ent r="100" t="16" w="52" /><ent r="100" t="16" w="280" /><ent r="100" t="16" w="285" /><ent r="6" t="16" w="438" /><ent r="100" t="22" w="128" /><ent r="100" t="22" w="132" /><ent r="4" t="22" w="138" /><ent r="4" t="22" w="143" /></phr><phr n="requested"><ent r="3" t="23" w="39" /><ent r="3" t="39" w="573" /><ent r="3" t="51" w="19" /><ent r="5" t="55" w="1482" /><ent r="5" t="55" w="1503" /><ent r="5" t="55" w="1526" /><ent r="5" t="55" w="1549" /><ent r="5" t="55" w="1569" /><ent r="5" t="55" w="1588" /></phr></stem><stem n="connect"><phr n="connection"><ent r="4" t="3" w="194" /><ent r="3" t="3" w="337" /><ent r="3" t="4" w="253" /><ent r="5" t="13" w="167" /><ent r="5" t="13" w="216" /><ent r="5" t="14" w="811" /><ent r="5" t="14" w="826" /><ent r="5" t="14" w="840" /><ent r="5" t="14" w="855" /><ent r="5" t="14" w="1007" /><ent r="3" t="30" w="208" /><ent r="5" t="30" w="1395" /><ent r="5" t="30" w="1411" /><ent r="5" t="30" w="1426" /><ent r="5" t="30" w="1441" /><ent r="3" t="31" w="172" /><ent r="3" t="31" w="204" /><ent r="3" t="31" w="1047" /><ent r="3" t="31" w="1097" /><ent r="3" t="31" w="1534" /><ent r="3" t="31" w="1564" /><ent r="3" t="31" w="2001" /><ent r="3" t="31" w="2834" /><ent r="3" t="31" w="3759" /><ent r="3" t="32" w="193" /><ent r="3" t="32" w="236" /><ent r="3" t="32" w="613" /><ent r="5" t="42" w="72" /><ent r="5" t="42" w="176" /><ent r="5" t="42" w="190" /><ent r="6" t="55" w="712" /><ent r="6" t="55" w="732" /></phr><phr n="connections"><ent r="3" t="10" w="229" /><ent r="5" t="13" w="320" /><ent r="5" t="13" w="323" /><ent r="5" t="13" w="396" /><ent r="5" t="13" w="399" /><ent r="5" t="13" w="661" /><ent r="3" t="31" w="3701" /></phr><phr n="connect"><ent r="5" t="13" w="160" /><ent r="5" t="13" w="209" /><ent r="3" t="29" w="13" /><ent r="4" t="31" w="338" /><ent r="65" t="31" w="370" /><ent r="4" t="31" w="529" /><ent r="3" t="31" w="949" /><ent r="3" t="31" w="1001" /><ent r="3" t="31" w="1018" /><ent r="3" t="31" w="1600" /><ent r="83" t="31" w="2430" /><ent r="3" t="31" w="2483" /><ent r="3" t="31" w="2490" /><ent r="3" t="31" w="2504" /><ent r="3" t="32" w="411" /><ent r="3" t="32" w="453" /><ent r="3" t="32" w="616" /><ent r="6" t="42" w="167" /><ent r="4" t="42" w="331" /></phr><phr n="connected"><ent r="5" t="13" w="175" /><ent r="5" t="13" w="224" /><ent r="5" t="14" w="993" /><ent r="5" t="30" w="1551" /><ent r="3" t="32" w="621" /></phr><phr n="Connections"><ent r="5" t="13" w="335" /><ent r="5" t="13" w="342" /></phr><phr n="connects"><ent r="3" t="29" w="54" /><ent r="3" t="29" w="110" /><ent r="5" t="55" w="839" /><ent r="5" t="55" w="855" /></phr><phr n="Connect"><ent r="100" t="31" w="361" /><ent r="4" t="41" w="789" /></phr><phr n="Connection"><ent r="3" t="32" w="589" /><ent r="6" t="42" w="162" /><ent r="6" t="42" w="178" /></phr></stem><stem n="be"><phr n="being"><ent r="4" t="3" w="198" /><ent r="3" t="4" w="271" /><ent r="4" t="12" w="257" /><ent r="5" t="14" w="171" /><ent r="3" t="15" w="107" /><ent r="3" t="17" w="261" /><ent r="3" t="18" w="453" /><ent r="3" t="30" w="51" /><ent r="3" t="31" w="176" /><ent r="4" t="33" w="1270" /><ent r="3" t="35" w="153" /><ent r="3" t="42" w="37" /><ent r="3" t="45" w="59" /><ent r="4" t="54" w="226" /></phr></stem><stem n="respond"><phr n="responds"><ent r="4" t="3" w="203" /></phr><phr n="respond"><ent r="4" t="3" w="207" /><ent r="6" t="5" w="1011" /></phr><phr n="responding"><ent r="3" t="56" w="176" /></phr></stem><stem n="(or"><phr n="(or"><ent r="4" t="3" w="204" /><ent r="3" t="23" w="486" /><ent r="3" t="25" w="29" /><ent r="4" t="37" w="267" /></phr></stem><stem n="fail"><phr n="fails"><ent r="4" t="3" w="205" /><ent r="3" t="23" w="620" /><ent r="3" t="23" w="637" /><ent r="4" t="30" w="1072" /><ent r="3" t="30" w="1777" /><ent r="4" t="31" w="527" /><ent r="4" t="31" w="1462" /><ent r="3" t="31" w="1598" /><ent r="3" t="31" w="1931" /><ent r="3" t="31" w="2012" /><ent r="3" t="31" w="3673" /><ent r="3" t="31" w="3753" /><ent r="3" t="31" w="3950" /><ent r="3" t="31" w="4016" /><ent r="4" t="40" w="1138" /></phr><phr n="failed"><ent r="5" t="14" w="1008" /></phr><phr n="fail"><ent r="3" t="30" w="354" /><ent r="3" t="30" w="1673" /><ent r="3" t="30" w="1698" /><ent r="3" t="30" w="1729" /><ent r="65" t="31" w="238" /><ent r="65" t="31" w="258" /><ent r="65" t="31" w="276" /><ent r="65" t="31" w="468" /><ent r="65" t="31" w="738" /><ent r="83" t="31" w="875" /><ent r="3" t="31" w="901" /><ent r="3" t="31" w="1149" /><ent r="83" t="31" w="1386" /><ent r="5" t="31" w="1447" /><ent r="3" t="31" w="1524" /><ent r="4" t="31" w="1548" /><ent r="83" t="31" w="1882" /><ent r="4" t="31" w="2025" /><ent r="83" t="31" w="2595" /><ent r="3" t="31" w="2680" /><ent r="3" t="31" w="2754" /><ent r="83" t="31" w="2788" /><ent r="3" t="31" w="2841" /><ent r="3" t="31" w="3348" /><ent r="3" t="31" w="3482" /></phr><phr n="FAIL"><ent r="100" t="31" w="513" /><ent r="65" t="31" w="515" /><ent r="100" t="31" w="1584" /><ent r="82" t="31" w="1586" /><ent r="3" t="31" w="1602" /></phr></stem><stem n="down"><phr n="DOWN"><ent r="100" t="3" w="209" /><ent r="4" t="3" w="223" /><ent r="100" t="30" w="229" /><ent r="4" t="30" w="240" /><ent r="5" t="30" w="1080" /><ent r="3" t="30" w="1753" /><ent r="100" t="31" w="1200" /><ent r="3" t="31" w="1214" /><ent r="4" t="31" w="1636" /><ent r="4" t="31" w="1680" /><ent r="3" t="31" w="2923" /><ent r="100" t="31" w="3494" /><ent r="3" t="31" w="3500" /><ent r="100" t="32" w="173" /><ent r="100" t="32" w="270" /><ent r="100" t="32" w="275" /><ent r="3" t="32" w="310" /><ent r="100" t="32" w="390" /><ent r="3" t="32" w="394" /><ent r="3" t="32" w="424" /><ent r="3" t="32" w="441" /><ent r="3" t="32" w="546" /><ent r="100" t="32" w="552" /><ent r="3" t="32" w="555" /><ent r="3" t="32" w="567" /><ent r="3" t="32" w="587" /><ent r="3" t="37" w="149" /></phr><phr n="down"><ent r="6" t="5" w="1071" /><ent r="3" t="16" w="1742" /><ent r="3" t="16" w="1759" /><ent r="3" t="16" w="1814" /><ent r="4" t="17" w="119" /><ent r="3" t="19" w="917" /><ent r="3" t="20" w="239" /><ent r="3" t="23" w="104" /><ent r="3" t="31" w="3964" /><ent r="3" t="32" w="406" /><ent r="4" t="33" w="1242" /><ent r="5" t="33" w="1301" /><ent r="4" t="33" w="1314" /><ent r="4" t="33" w="1329" /><ent r="3" t="34" w="519" /><ent r="3" t="34" w="773" /><ent r="3" t="35" w="183" /><ent r="3" t="36" w="481" /><ent r="5" t="37" w="770" /><ent r="5" t="37" w="789" /><ent r="4" t="43" w="118" /><ent r="3" t="43" w="200" /><ent r="5" t="55" w="284" /><ent r="5" t="55" w="365" /></phr><phr n="Down"><ent r="5" t="18" w="207" /><ent r="3" t="18" w="315" /><ent r="3" t="28" w="224" /><ent r="3" t="36" w="456" /><ent r="4" t="37" w="477" /></phr></stem><stem n="respons"><phr n="response"><ent r="4" t="3" w="215" /><ent r="4" t="3" w="228" /><ent r="3" t="4" w="256" /><ent r="4" t="12" w="57" /><ent r="3" t="14" w="1567" /><ent r="3" t="14" w="1576" /><ent r="3" t="25" w="255" /><ent r="3" t="29" w="81" /><ent r="3" t="29" w="126" /><ent r="3" t="30" w="67" /><ent r="3" t="30" w="1912" /><ent r="4" t="31" w="704" /><ent r="4" t="31" w="859" /><ent r="3" t="31" w="3211" /><ent r="3" t="31" w="3230" /><ent r="3" t="31" w="3549" /><ent r="3" t="31" w="3590" /><ent r="3" t="31" w="3605" /><ent r="3" t="31" w="3923" /><ent r="3" t="31" w="3997" /><ent r="3" t="31" w="4022" /><ent r="3" t="31" w="4030" /><ent r="3" t="31" w="4072" /><ent r="3" t="31" w="4108" /><ent r="3" t="31" w="4146" /><ent r="3" t="32" w="204" /><ent r="3" t="32" w="291" /><ent r="3" t="32" w="294" /><ent r="3" t="32" w="333" /><ent r="3" t="32" w="369" /><ent r="3" t="32" w="388" /><ent r="3" t="32" w="407" /><ent r="3" t="37" w="631" /><ent r="3" t="37" w="683" /><ent r="4" t="39" w="100" /><ent r="4" t="40" w="236" /><ent r="4" t="40" w="256" /><ent r="4" t="40" w="1142" /><ent r="4" t="40" w="1154" /><ent r="3" t="42" w="29" /><ent r="4" t="42" w="127" /><ent r="4" t="42" w="407" /><ent r="4" t="42" w="417" /><ent r="3" t="50" w="106" /></phr><phr n="responses"><ent r="3" t="3" w="349" /><ent r="6" t="5" w="868" /><ent r="3" t="29" w="35" /><ent r="3" t="30" w="55" /><ent r="3" t="30" w="218" /><ent r="3" t="30" w="221" /><ent r="3" t="31" w="3667" /><ent r="3" t="42" w="50" /></phr><phr n="responsibility"><ent r="3" t="18" w="423" /></phr><phr n="Response"><ent r="100" t="30" w="1218" /><ent r="3" t="30" w="1223" /><ent r="100" t="31" w="692" /><ent r="3" t="31" w="1260" /><ent r="3" t="31" w="1305" /><ent r="3" t="31" w="2936" /><ent r="100" t="32" w="315" /><ent r="3" t="32" w="321" /><ent r="100" t="32" w="353" /><ent r="3" t="32" w="357" /><ent r="100" t="32" w="372" /><ent r="3" t="32" w="376" /><ent r="100" t="32" w="391" /><ent r="3" t="32" w="395" /><ent r="3" t="32" w="436" /><ent r="3" t="32" w="438" /><ent r="3" t="32" w="440" /><ent r="3" t="32" w="442" /><ent r="3" t="32" w="493" /><ent r="3" t="32" w="503" /><ent r="3" t="32" w="511" /><ent r="3" t="32" w="521" /><ent r="3" t="32" w="529" /><ent r="3" t="32" w="539" /><ent r="3" t="32" w="547" /><ent r="3" t="32" w="557" /><ent r="100" t="39" w="182" /><ent r="93" t="39" w="194" /><ent r="1000" t="42" w="2" /><ent r="100" t="42" w="11" /><ent r="100" t="42" w="14" /><ent r="100" t="42" w="17" /><ent r="102" t="42" w="22" /></phr><phr n="responsible"><ent r="3" t="33" w="443" /></phr></stem><stem n="statu"><phr n="status"><ent r="4" t="3" w="221" /><ent r="4" t="3" w="238" /><ent r="3" t="3" w="266" /><ent r="3" t="3" w="294" /><ent r="3" t="3" w="355" /><ent r="3" t="3" w="410" /><ent r="3" t="3" w="438" /><ent r="3" t="4" w="267" /><ent r="6" t="5" w="1079" /><ent r="3" t="8" w="123" /><ent r="3" t="14" w="1322" /><ent r="3" t="14" w="1974" /><ent r="3" t="14" w="2034" /><ent r="3" t="15" w="100" /><ent r="4" t="15" w="211" /><ent r="4" t="15" w="225" /><ent r="4" t="15" w="378" /><ent r="4" t="17" w="42" /><ent r="3" t="17" w="88" /><ent r="3" t="17" w="94" /><ent r="3" t="17" w="218" /><ent r="3" t="17" w="227" /><ent r="3" t="17" w="233" /><ent r="3" t="18" w="108" /><ent r="4" t="19" w="225" /><ent r="3" t="19" w="284" /><ent r="4" t="19" w="769" /><ent r="4" t="19" w="835" /><ent r="3" t="21" w="69" /><ent r="3" t="23" w="321" /><ent r="3" t="23" w="324" /><ent r="3" t="23" w="1465" /><ent r="3" t="23" w="1505" /><ent r="3" t="25" w="176" /><ent r="3" t="25" w="1373" /><ent r="3" t="29" w="41" /><ent r="3" t="30" w="63" /><ent r="3" t="30" w="227" /><ent r="3" t="30" w="1754" /><ent r="66" t="31" w="484" /><ent r="65" t="31" w="662" /><ent r="4" t="31" w="667" /><ent r="84" t="31" w="1176" /><ent r="3" t="31" w="1234" /><ent r="3" t="31" w="1267" /><ent r="3" t="31" w="1351" /><ent r="5" t="31" w="1368" /><ent r="3" t="31" w="1638" /><ent r="3" t="31" w="1682" /><ent r="84" t="31" w="2868" /><ent r="3" t="31" w="2881" /><ent r="3" t="31" w="2911" /><ent r="3" t="31" w="4087" /><ent r="3" t="31" w="4131" /><ent r="3" t="32" w="197" /><ent r="3" t="32" w="306" /><ent r="3" t="32" w="348" /><ent r="3" t="32" w="420" /><ent r="3" t="33" w="81" /><ent r="3" t="33" w="141" /><ent r="3" t="33" w="181" /><ent r="3" t="34" w="479" /><ent r="3" t="34" w="516" /><ent r="3" t="34" w="595" /><ent r="3" t="34" w="733" /><ent r="3" t="34" w="770" /><ent r="3" t="34" w="850" /><ent r="3" t="36" w="271" /><ent r="3" t="36" w="450" /><ent r="3" t="37" w="168" /><ent r="3" t="37" w="695" /><ent r="5" t="37" w="807" /><ent r="93" t="39" w="200" /><ent r="93" t="39" w="278" /><ent r="3" t="39" w="338" /><ent r="93" t="39" w="445" /><ent r="4" t="46" w="88" /><ent r="5" t="55" w="301" /><ent r="3" t="56" w="108" /></phr><phr n="Status"><ent r="3" t="8" w="449" /><ent r="100" t="10" w="6" /><ent r="100" t="10" w="9" /><ent r="100" t="10" w="16" /><ent r="100" t="10" w="19" /><ent r="102" t="10" w="22" /><ent r="3" t="10" w="48" /><ent r="3" t="10" w="68" /><ent r="3" t="10" w="105" /><ent r="3" t="10" w="116" /><ent r="3" t="10" w="128" /><ent r="3" t="10" w="152" /><ent r="3" t="10" w="271" /><ent r="3" t="10" w="281" /><ent r="3" t="10" w="341" /><ent r="3" t="10" w="351" /><ent r="4" t="15" w="250" /><ent r="4" t="15" w="406" /><ent r="100" t="15" w="672" /><ent r="92" t="15" w="676" /><ent r="3" t="15" w="705" /><ent r="100" t="15" w="726" /><ent r="64" t="15" w="730" /><ent r="3" t="17" w="270" /><ent r="3" t="19" w="566" /><ent r="3" t="25" w="1322" /><ent r="3" t="25" w="1429" /><ent r="3" t="27" w="174" /><ent r="3" t="27" w="212" /><ent r="3" t="27" w="283" /><ent r="3" t="27" w="313" /><ent r="3" t="27" w="1202" /><ent r="3" t="27" w="1604" /><ent r="3" t="42" w="289" /><ent r="7" t="55" w="957" /></phr><phr n="STATUS"><ent r="3" t="28" w="184" /><ent r="3" t="28" w="217" /><ent r="3" t="28" w="249" /><ent r="3" t="28" w="283" /><ent r="3" t="28" w="314" /><ent r="3" t="28" w="339" /><ent r="3" t="28" w="406" /><ent r="3" t="37" w="538" /></phr></stem></index>