﻿<?xml version="1.0" encoding="utf-8"?><index><stem n="mirror"><phr n="mirrors"><ent r="3" t="23" w="543" /></phr></stem><stem n="-device-variables-ondemand&gt;"><phr n="-device-variables-ondemand&gt;"><ent r="3" t="23" w="568" /><ent r="3" t="23" w="570" /><ent r="3" t="23" w="665" /><ent r="3" t="23" w="667" /><ent r="3" t="23" w="680" /><ent r="3" t="23" w="682" /><ent r="3" t="23" w="988" /><ent r="3" t="23" w="990" /><ent r="3" t="23" w="1265" /><ent r="3" t="23" w="1267" /><ent r="4" t="23" w="1651" /><ent r="4" t="23" w="1653" /></phr></stem><stem n="&lt;snmp-device-variables-ondemand&gt;"><phr n="&lt;snmp-device-variables-ondemand&gt;"><ent r="3" t="23" w="568" /><ent r="3" t="23" w="665" /><ent r="3" t="23" w="680" /><ent r="3" t="23" w="988" /><ent r="3" t="23" w="1265" /><ent r="4" t="23" w="1651" /></phr></stem><stem n="device-variables-ondemand&gt;"><phr n="device-variables-ondemand&gt;"><ent r="3" t="23" w="569" /><ent r="3" t="23" w="648" /><ent r="3" t="23" w="666" /><ent r="3" t="23" w="672" /><ent r="3" t="23" w="681" /><ent r="3" t="23" w="989" /><ent r="3" t="23" w="1093" /><ent r="3" t="23" w="1266" /><ent r="3" t="23" w="1314" /><ent r="4" t="23" w="1652" /></phr></stem><stem n="variables-ondemand&gt;"><phr n="variables-ondemand&gt;"><ent r="3" t="23" w="570" /><ent r="3" t="23" w="649" /><ent r="3" t="23" w="667" /><ent r="3" t="23" w="673" /><ent r="3" t="23" w="682" /><ent r="3" t="23" w="990" /><ent r="3" t="23" w="1094" /><ent r="3" t="23" w="1267" /><ent r="3" t="23" w="1315" /><ent r="4" t="23" w="1653" /></phr></stem><stem n="ondemand&gt;"><phr n="ondemand&gt;"><ent r="3" t="23" w="571" /><ent r="3" t="23" w="650" /><ent r="3" t="23" w="668" /><ent r="3" t="23" w="674" /><ent r="3" t="23" w="683" /><ent r="3" t="23" w="991" /><ent r="3" t="23" w="1095" /><ent r="3" t="23" w="1268" /><ent r="3" t="23" w="1316" /><ent r="4" t="23" w="1654" /></phr></stem><stem n="iftabletest"><phr n="ifTableTest"><ent r="3" t="23" w="573" /><ent r="3" t="23" w="577" /><ent r="3" t="23" w="587" /><ent r="3" t="23" w="605" /><ent r="3" t="23" w="623" /><ent r="3" t="23" w="640" /></phr></stem><stem n=".1,"><phr n=".1,"><ent r="3" t="23" w="575" /><ent r="3" t="23" w="995" /><ent r="3" t="23" w="1272" /></phr></stem><stem n="iftabletest/ifindex"><phr n="ifTableTest/ifIndex"><ent r="3" t="23" w="578" /><ent r="3" t="23" w="577" /></phr></stem><stem n="iftabletest/ifindex,"><phr n="ifTableTest/ifIndex,"><ent r="3" t="23" w="578" /><ent r="3" t="23" w="577" /></phr></stem><stem n="/ifindex,"><phr n="/ifIndex,"><ent r="3" t="23" w="579" /><ent r="3" t="23" w="1001" /></phr></stem><stem n="if-mib"><phr n="IF-MIB"><ent r="3" t="23" w="579" /><ent r="3" t="23" w="955" /><ent r="3" t="23" w="1001" /><ent r="3" t="23" w="1010" /><ent r="3" t="23" w="1018" /><ent r="3" t="23" w="1029" /><ent r="3" t="23" w="1040" /><ent r="3" t="23" w="1049" /><ent r="3" t="23" w="1058" /><ent r="3" t="23" w="1067" /><ent r="3" t="23" w="1076" /><ent r="3" t="23" w="1085" /><ent r="3" t="24" w="402" /></phr></stem><stem n="-mib::ifindex,"><phr n="-MIB::ifIndex,"><ent r="3" t="23" w="582" /><ent r="3" t="23" w="582" /><ent r="3" t="23" w="1004" /><ent r="3" t="23" w="1004" /></phr></stem><stem n="iftabletest/ifindexplus1times2"><phr n="ifTableTest/ifIndexPlus1Times2"><ent r="3" t="23" w="588" /><ent r="3" t="23" w="587" /></phr></stem><stem n="ifindexplus1times2"><phr n="ifIndexPlus1Times2"><ent r="3" t="23" w="588" /></phr></stem><stem n="iftabletest/ifindexplus1times2,"><phr n="ifTableTest/ifIndexPlus1Times2,"><ent r="3" t="23" w="588" /><ent r="3" t="23" w="587" /></phr></stem><stem n="/ifindexplus1times2,"><phr n="/ifIndexPlus1Times2,"><ent r="3" t="23" w="589" /></phr></stem><stem n=")*2,"><phr n=")*2,"><ent r="3" t="23" w="593" /></phr></stem><stem n="depend"><phr n="depend"><ent r="3" t="23" w="597" /></phr><phr n="depends"><ent r="3" t="23" w="613" /><ent r="3" t="23" w="617" /><ent r="3" t="23" w="630" /><ent r="3" t="23" w="634" /></phr><phr n="depending"><ent r="3" t="31" w="915" /><ent r="3" t="32" w="201" /><ent r="5" t="55" w="1239" /></phr><phr n="Depending"><ent r="3" t="42" w="44" /></phr></stem><stem n="iftabletest/ifindexback"><phr n="ifTableTest/ifIndexBack"><ent r="3" t="23" w="606" /><ent r="3" t="23" w="605" /></phr></stem><stem n="ifindexback"><phr n="ifIndexBack"><ent r="3" t="23" w="606" /></phr></stem><stem n="iftabletest/ifindexback,"><phr n="ifTableTest/ifIndexBack,"><ent r="3" t="23" w="606" /><ent r="3" t="23" w="605" /></phr></stem><stem n="/ifindexback,"><phr n="/ifIndexBack,"><ent r="3" t="23" w="607" /></phr></stem><stem n="$ifindexplus1times2"><phr n="$ifIndexPlus1Times2"><ent r="3" t="23" w="607" /></phr></stem><stem n="$ifindexplus1times2/2"><phr n="$ifIndexPlus1Times2/2"><ent r="3" t="23" w="608" /><ent r="3" t="23" w="607" /></phr></stem><stem n="iffoo1"><phr n="ifFoo1"><ent r="3" t="23" w="612" /><ent r="3" t="23" w="619" /><ent r="3" t="23" w="624" /><ent r="3" t="23" w="632" /></phr></stem><stem n="iffoo2"><phr n="ifFoo2"><ent r="3" t="23" w="615" /><ent r="3" t="23" w="629" /><ent r="3" t="23" w="636" /><ent r="3" t="23" w="641" /></phr></stem><stem n="gracefulli"><phr n="gracefully"><ent r="3" t="23" w="621" /><ent r="3" t="23" w="638" /></phr></stem><stem n="iftabletest/iffoo1"><phr n="ifTableTest/ifFoo1"><ent r="3" t="23" w="624" /><ent r="3" t="23" w="623" /></phr></stem><stem n="iftabletest/iffoo1,"><phr n="ifTableTest/ifFoo1,"><ent r="3" t="23" w="624" /><ent r="3" t="23" w="623" /></phr></stem><stem n="/iffoo1,"><phr n="/ifFoo1,"><ent r="3" t="23" w="625" /></phr></stem><stem n="$iffoo2"><phr n="$ifFoo2"><ent r="3" t="23" w="625" /></phr></stem><stem n="iftabletest/iffoo2"><phr n="ifTableTest/ifFoo2"><ent r="3" t="23" w="641" /><ent r="3" t="23" w="640" /></phr></stem><stem n="iftabletest/iffoo2,"><phr n="ifTableTest/ifFoo2,"><ent r="3" t="23" w="641" /><ent r="3" t="23" w="640" /></phr></stem><stem n="/iffoo2,"><phr n="/ifFoo2,"><ent r="3" t="23" w="642" /></phr></stem><stem n="$iffoo1"><phr n="$ifFoo1"><ent r="3" t="23" w="642" /></phr></stem><stem n="/snmp-device-variables-ondemand&gt;"><phr n="/snmp-device-variables-ondemand&gt;"><ent r="3" t="23" w="647" /><ent r="3" t="23" w="671" /><ent r="3" t="23" w="1092" /><ent r="3" t="23" w="1313" /></phr></stem><stem n="snmp-device-variables-ondemand&gt;"><phr n="snmp-device-variables-ondemand&gt;"><ent r="3" t="23" w="647" /><ent r="3" t="23" w="671" /><ent r="3" t="23" w="1092" /><ent r="3" t="23" w="1313" /></phr></stem><stem n="&lt;/tags."><phr n="&lt;/tags."><ent r="3" t="23" w="675" /><ent r="3" t="23" w="670" /></phr></stem><stem n="fewer"><phr n="fewer"><ent r="3" t="23" w="687" /></phr></stem><stem n="50"><phr n="50"><ent r="3" t="23" w="689" /><ent r="4" t="23" w="1647" /><ent r="3" t="25" w="813" /><ent r="3" t="26" w="67" /><ent r="3" t="26" w="100" /><ent r="4" t="26" w="168" /><ent r="3" t="27" w="1141" /><ent r="3" t="31" w="3510" /><ent r="3" t="31" w="3555" /><ent r="3" t="31" w="3596" /><ent r="3" t="31" w="3611" /><ent r="3" t="31" w="4003" /><ent r="3" t="31" w="4142" /><ent r="3" t="32" w="507" /><ent r="3" t="32" w="525" /><ent r="3" t="32" w="543" /><ent r="3" t="32" w="561" /></phr></stem><stem n="table'"><phr n="table's"><ent r="4" t="23" w="719" /><ent r="4" t="23" w="718" /><ent r="3" t="24" w="1029" /><ent r="3" t="24" w="1028" /><ent r="5" t="55" w="385" /><ent r="5" t="55" w="384" /><ent r="5" t="55" w="953" /><ent r="5" t="55" w="952" /></phr></stem><stem n="&quot;.1&quot;."><phr n="&quot;.1&quot;."><ent r="4" t="23" w="740" /></phr></stem><stem n="(&quot;table&quot;)"><phr n="(&quot;TABLE&quot;)"><ent r="4" t="23" w="744" /></phr></stem><stem n="fourth"><phr n="fourth"><ent r="4" t="23" w="752" /><ent r="5" t="55" w="1582" /></phr></stem><stem n="-device-variables&gt;."><phr n="-device-variables&gt;."><ent r="4" t="23" w="778" /><ent r="4" t="23" w="779" /></phr></stem><stem n="&quot;/&quot;,"><phr n="&quot;/&quot;,"><ent r="4" t="23" w="795" /><ent r="3" t="56" w="336" /></phr></stem><stem n="(ifindex,"><phr n="(ifIndex,"><ent r="4" t="23" w="809" /></phr></stem><stem n="equival"><phr n="equivalent"><ent r="4" t="23" w="860" /><ent r="3" t="25" w="1087" /></phr></stem><stem n="/tabl"><phr n="/Table"><ent r="4" t="23" w="879" /></phr></stem><stem n="snmp/tabl"><phr n="SNMP/Table"><ent r="4" t="23" w="879" /><ent r="4" t="23" w="878" /></phr></stem><stem n="viewer"><phr n="Viewer"><ent r="4" t="23" w="880" /><ent r="3" t="23" w="898" /><ent r="102" t="27" w="7" /><ent r="3" t="27" w="22" /><ent r="3" t="27" w="109" /><ent r="3" t="27" w="133" /><ent r="3" t="27" w="148" /><ent r="3" t="27" w="154" /><ent r="3" t="27" w="232" /></phr></stem><stem n="that'"><phr n="that's"><ent r="3" t="23" w="884" /><ent r="3" t="23" w="883" /><ent r="3" t="34" w="449" /><ent r="3" t="34" w="448" /><ent r="3" t="34" w="703" /><ent r="3" t="34" w="702" /><ent r="3" t="39" w="434" /><ent r="3" t="39" w="433" /><ent r="4" t="47" w="367" /><ent r="4" t="47" w="366" /></phr></stem><stem n="augment"><phr n="Augmenting"><ent r="92" t="23" w="904" /></phr><phr n="augments"><ent r="3" t="23" w="914" /><ent r="3" t="23" w="959" /></phr><phr n="augmenting"><ent r="3" t="23" w="922" /></phr></stem><stem n="mib'"><phr n="MIB's"><ent r="3" t="23" w="909" /><ent r="3" t="23" w="908" /></phr></stem><stem n="&quot;augments&quot;"><phr n="&quot;augments&quot;"><ent r="3" t="23" w="915" /></phr></stem><stem n="-mib,"><phr n="-MIB,"><ent r="3" t="23" w="957" /><ent r="3" t="23" w="957" /></phr></stem><stem n="ifxtabl"><phr n="ifXTable"><ent r="3" t="23" w="958" /><ent r="3" t="23" w="993" /><ent r="3" t="23" w="999" /><ent r="3" t="23" w="1008" /><ent r="3" t="23" w="1016" /><ent r="3" t="23" w="1024" /><ent r="3" t="23" w="1027" /><ent r="3" t="23" w="1035" /><ent r="3" t="23" w="1038" /><ent r="3" t="23" w="1047" /><ent r="3" t="23" w="1056" /><ent r="3" t="23" w="1065" /><ent r="3" t="23" w="1074" /><ent r="3" t="23" w="1083" /><ent r="3" t="23" w="1106" /><ent r="3" t="40" w="465" /></phr><phr n="IfXTable"><ent r="100" t="40" w="459" /></phr></stem><stem n="easili"><phr n="easily"><ent r="3" t="23" w="972" /><ent r="3" t="31" w="3787" /><ent r="6" t="33" w="1144" /></phr></stem><stem n="mix"><phr n="mixing"><ent r="3" t="23" w="974" /></phr></stem><stem n="&quot;extend"><phr n="&quot;Extended"><ent r="3" t="23" w="996" /></phr></stem><stem n="extend"><phr n="Extended"><ent r="3" t="23" w="996" /></phr></stem><stem n="ifxtable/ifindex"><phr n="ifXTable/ifIndex"><ent r="3" t="23" w="1000" /><ent r="3" t="23" w="999" /></phr></stem><stem n="ifxtable/ifindex,"><phr n="ifXTable/ifIndex,"><ent r="3" t="23" w="1000" /><ent r="3" t="23" w="999" /></phr></stem><stem n="ifxtable/ifdescr"><phr n="ifXTable/ifDescr"><ent r="3" t="23" w="1009" /><ent r="3" t="23" w="1008" /></phr></stem><stem n="ifxtable/ifdescr,"><phr n="ifXTable/ifDescr,"><ent r="3" t="23" w="1009" /><ent r="3" t="23" w="1008" /></phr></stem><stem n="/ifdescr,"><phr n="/ifDescr,"><ent r="3" t="23" w="1010" /></phr></stem><stem n="-mib::ifdescr,"><phr n="-MIB::ifDescr,"><ent r="3" t="23" w="1013" /><ent r="3" t="23" w="1013" /></phr></stem><stem n="ifxtable/ifnam"><phr n="ifXTable/ifName"><ent r="3" t="23" w="1017" /><ent r="3" t="23" w="1016" /></phr></stem><stem n="ifnam"><phr n="ifName"><ent r="3" t="23" w="1017" /><ent r="3" t="23" w="1020" /><ent r="3" t="23" w="1100" /></phr></stem><stem n="ifxtable/ifname,"><phr n="ifXTable/ifName,"><ent r="3" t="23" w="1017" /><ent r="3" t="23" w="1016" /></phr></stem><stem n="/ifname,"><phr n="/ifName,"><ent r="3" t="23" w="1018" /></phr></stem><stem n="-mib::ifname,"><phr n="-MIB::ifName,"><ent r="3" t="23" w="1021" /><ent r="3" t="23" w="1021" /></phr></stem><stem n="&quot;name&quot;"><phr n="&quot;Name&quot;"><ent r="3" t="23" w="1023" /></phr><phr n="&quot;name&quot;"><ent r="5" t="31" w="2627" /><ent r="5" t="31" w="2646" /></phr></stem><stem n="ifxtable/ifalia"><phr n="ifXTable/ifAlias"><ent r="3" t="23" w="1028" /><ent r="3" t="23" w="1027" /></phr></stem><stem n="ifxtable/ifalias,"><phr n="ifXTable/ifAlias,"><ent r="3" t="23" w="1028" /><ent r="3" t="23" w="1027" /></phr></stem><stem n="/ifalias,"><phr n="/ifAlias,"><ent r="3" t="23" w="1029" /></phr></stem><stem n="-mib::ifalias,"><phr n="-MIB::ifAlias,"><ent r="3" t="23" w="1032" /><ent r="3" t="23" w="1032" /></phr></stem><stem n="&quot;alias&quot;"><phr n="&quot;Alias&quot;"><ent r="3" t="23" w="1034" /></phr></stem><stem n="ifxtable/iftyp"><phr n="ifXTable/ifType"><ent r="3" t="23" w="1039" /><ent r="3" t="23" w="1038" /></phr></stem><stem n="ifxtable/iftype,"><phr n="ifXTable/ifType,"><ent r="3" t="23" w="1039" /><ent r="3" t="23" w="1038" /></phr></stem><stem n="/iftype,"><phr n="/ifType,"><ent r="3" t="23" w="1040" /></phr></stem><stem n="-mib::iftype,"><phr n="-MIB::ifType,"><ent r="3" t="23" w="1043" /><ent r="3" t="23" w="1043" /></phr></stem><stem n="ifxtable/ifspe"><phr n="ifXTable/ifSpeed"><ent r="3" t="23" w="1048" /><ent r="3" t="23" w="1047" /></phr></stem><stem n="ifxtable/ifspeed,"><phr n="ifXTable/ifSpeed,"><ent r="3" t="23" w="1048" /><ent r="3" t="23" w="1047" /></phr></stem><stem n="/ifspeed,"><phr n="/ifSpeed,"><ent r="3" t="23" w="1049" /></phr></stem><stem n="-mib::ifspeed,"><phr n="-MIB::ifSpeed,"><ent r="3" t="23" w="1052" /><ent r="3" t="23" w="1052" /></phr></stem><stem n="ifxtable/ifhighspe"><phr n="ifXTable/ifHighSpeed"><ent r="3" t="23" w="1057" /><ent r="3" t="23" w="1056" /></phr></stem><stem n="ifhighspe"><phr n="ifHighSpeed"><ent r="3" t="23" w="1057" /><ent r="3" t="23" w="1060" /></phr></stem><stem n="ifxtable/ifhighspeed,"><phr n="ifXTable/ifHighSpeed,"><ent r="3" t="23" w="1057" /><ent r="3" t="23" w="1056" /></phr></stem><stem n="/ifhighspeed,"><phr n="/ifHighSpeed,"><ent r="3" t="23" w="1058" /></phr></stem><stem n="-mib::ifhighspeed,"><phr n="-MIB::ifHighSpeed,"><ent r="3" t="23" w="1061" /><ent r="3" t="23" w="1061" /></phr></stem><stem n="mbit"><phr n="Mbit"><ent r="3" t="23" w="1062" /></phr></stem><stem n="mbit/sec"><phr n="Mbit/sec"><ent r="3" t="23" w="1063" /><ent r="3" t="23" w="1062" /></phr></stem><stem n="&quot;mbit/sec&quot;"><phr n="&quot;Mbit/sec&quot;"><ent r="3" t="23" w="1064" /></phr></stem><stem n="ifxtable/ifphysaddress"><phr n="ifXTable/ifPhysAddress"><ent r="3" t="23" w="1066" /><ent r="3" t="23" w="1065" /></phr></stem><stem n="ifxtable/ifphysaddress,"><phr n="ifXTable/ifPhysAddress,"><ent r="3" t="23" w="1066" /><ent r="3" t="23" w="1065" /></phr></stem><stem n="/ifphysaddress,"><phr n="/ifPhysAddress,"><ent r="3" t="23" w="1067" /></phr></stem><stem n="-mib::ifphysaddress,"><phr n="-MIB::ifPhysAddress,"><ent r="3" t="23" w="1070" /><ent r="3" t="23" w="1070" /></phr></stem><stem n="ifxtable/ifoperstatu"><phr n="ifXTable/ifOperStatus"><ent r="3" t="23" w="1075" /><ent r="3" t="23" w="1074" /></phr></stem><stem n="ifxtable/ifoperstatus,"><phr n="ifXTable/ifOperStatus,"><ent r="3" t="23" w="1075" /><ent r="3" t="23" w="1074" /></phr></stem><stem n="/ifoperstatus,"><phr n="/ifOperStatus,"><ent r="3" t="23" w="1076" /></phr></stem><stem n="-mib::ifoperstatus,"><phr n="-MIB::ifOperStatus,"><ent r="3" t="23" w="1079" /><ent r="3" t="23" w="1079" /></phr></stem><stem n="opn"><phr n="Opn"><ent r="3" t="23" w="1080" /></phr></stem><stem n="opn'l"><phr n="Opn'l"><ent r="3" t="23" w="1081" /><ent r="3" t="23" w="1080" /></phr></stem><stem n="&quot;opn'l&quot;"><phr n="&quot;Opn'l&quot;"><ent r="3" t="23" w="1082" /></phr></stem><stem n="ifxtable/ifadminstatu"><phr n="ifXTable/ifAdminStatus"><ent r="3" t="23" w="1084" /><ent r="3" t="23" w="1083" /></phr></stem><stem n="ifxtable/ifadminstatus,"><phr n="ifXTable/ifAdminStatus,"><ent r="3" t="23" w="1084" /><ent r="3" t="23" w="1083" /></phr></stem><stem n="/ifadminstatus,"><phr n="/ifAdminStatus,"><ent r="3" t="23" w="1085" /></phr></stem><stem n="-mib::ifadminstatus,"><phr n="-MIB::ifAdminStatus,"><ent r="3" t="23" w="1088" /><ent r="3" t="23" w="1088" /></phr></stem><stem n="admin"><phr n="Admin"><ent r="3" t="23" w="1089" /><ent r="100" t="55" w="189" /><ent r="100" t="56" w="310" /></phr><phr n="admin"><ent r="3" t="44" w="509" /><ent r="3" t="45" w="403" /><ent r="3" t="46" w="146" /><ent r="3" t="46" w="184" /><ent r="3" t="47" w="236" /><ent r="3" t="47" w="239" /><ent r="3" t="47" w="477" /><ent r="3" t="47" w="479" /><ent r="5" t="55" w="1059" /></phr><phr n="ADMIN"><ent r="6" t="55" w="1050" /><ent r="5" t="55" w="1054" /></phr></stem><stem n="&quot;admin&quot;"><phr n="&quot;Admin&quot;"><ent r="3" t="23" w="1090" /></phr><phr n="&quot;admin&quot;"><ent r="3" t="47" w="237" /><ent r="3" t="47" w="240" /></phr></stem><stem n="yet"><phr n="Yet"><ent r="3" t="23" w="1114" /></phr><phr n="yet"><ent r="4" t="47" w="344" /></phr></stem><stem n="itself"><phr n="itself"><ent r="3" t="23" w="1152" /><ent r="3" t="23" w="1180" /><ent r="3" t="27" w="1273" /><ent r="4" t="36" w="189" /></phr></stem><stem n="cannot"><phr n="cannot"><ent r="3" t="23" w="1158" /><ent r="4" t="23" w="1594" /><ent r="4" t="23" w="1606" /><ent r="4" t="23" w="1617" /><ent r="4" t="24" w="472" /><ent r="3" t="32" w="410" /><ent r="3" t="54" w="96" /></phr></stem><stem n="[a:b]"><phr n="[a:b]"><ent r="4" t="23" w="1194" /><ent r="3" t="23" w="1213" /><ent r="3" t="24" w="1094" /><ent r="3" t="24" w="1116" /></phr></stem><stem n="fetch"><phr n="fetch"><ent r="3" t="23" w="1197" /><ent r="3" t="24" w="1096" /></phr></stem><stem n="'th"><phr n="'th"><ent r="3" t="23" w="1218" /><ent r="3" t="23" w="1230" /><ent r="3" t="24" w="1122" /><ent r="3" t="24" w="1137" /><ent r="4" t="25" w="764" /><ent r="4" t="25" w="780" /><ent r="4" t="25" w="796" /></phr></stem><stem n="a'th"><phr n="a'th"><ent r="3" t="23" w="1218" /><ent r="3" t="23" w="1217" /><ent r="3" t="23" w="1230" /><ent r="3" t="23" w="1229" /><ent r="3" t="24" w="1122" /><ent r="3" t="24" w="1121" /><ent r="3" t="24" w="1137" /><ent r="3" t="24" w="1136" /></phr></stem><stem n="th"><phr n="th"><ent r="3" t="23" w="1218" /><ent r="3" t="23" w="1230" /><ent r="3" t="24" w="1122" /><ent r="3" t="24" w="1137" /><ent r="4" t="25" w="764" /><ent r="4" t="25" w="780" /><ent r="4" t="25" w="796" /></phr></stem><stem n="[a:]"><phr n="[a:]"><ent r="3" t="23" w="1225" /><ent r="3" t="24" w="1131" /></phr></stem><stem n="ipnettomediat"><phr n="ipNetToMediaTable"><ent r="3" t="23" w="1248" /><ent r="3" t="23" w="1353" /><ent r="3" t="24" w="998" /></phr></stem><stem n="arptabl"><phr n="ARPTable"><ent r="3" t="23" w="1258" /><ent r="3" t="23" w="1270" /><ent r="3" t="23" w="1281" /><ent r="3" t="23" w="1290" /><ent r="3" t="23" w="1299" /><ent r="3" t="23" w="1306" /><ent r="3" t="23" w="1564" /></phr></stem><stem n="&quot;arptable&quot;,"><phr n="&quot;ARPTable&quot;,"><ent r="3" t="23" w="1259" /></phr></stem><stem n="ipnettomediaentri"><phr n="ipNetToMediaEntry"><ent r="3" t="23" w="1263" /></phr></stem><stem n="&quot;map"><phr n="&quot;Map"><ent r="3" t="23" w="1273" /></phr></stem><stem n="arptable/ipnettomediaifindex"><phr n="ARPTable/ipNetToMediaIfIndex"><ent r="3" t="23" w="1282" /><ent r="3" t="23" w="1281" /></phr></stem><stem n="ipnettomediaifindex"><phr n="ipNetToMediaIfIndex"><ent r="3" t="23" w="1282" /><ent r="3" t="23" w="1343" /><ent r="3" t="24" w="1009" /><ent r="3" t="24" w="1045" /></phr></stem><stem n="arptable/ipnettomediaifindex,"><phr n="ARPTable/ipNetToMediaIfIndex,"><ent r="3" t="23" w="1282" /><ent r="3" t="23" w="1281" /></phr></stem><stem n="/ipnettomediaifindex,"><phr n="/ipNetToMediaIfIndex,"><ent r="3" t="23" w="1283" /></phr></stem><stem n="ipnettomediatyp"><phr n="ipNetToMediaType"><ent r="3" t="23" w="1283" /><ent r="3" t="23" w="1292" /><ent r="3" t="23" w="1307" /><ent r="3" t="23" w="1308" /><ent r="3" t="23" w="1330" /><ent r="3" t="23" w="1405" /><ent r="3" t="23" w="1418" /><ent r="3" t="23" w="1425" /><ent r="3" t="24" w="1022" /><ent r="3" t="24" w="1041" /><ent r="3" t="24" w="1075" /><ent r="3" t="24" w="1079" /><ent r="3" t="24" w="1083" /></phr></stem><stem n="[0:1],"><phr n="[0:1],"><ent r="3" t="23" w="1286" /></phr></stem><stem n="arptable/ipnettomedianetaddress"><phr n="ARPTable/ipNetToMediaNetAddress"><ent r="3" t="23" w="1291" /><ent r="3" t="23" w="1290" /></phr></stem><stem n="ipnettomedianetaddress"><phr n="ipNetToMediaNetAddress"><ent r="3" t="23" w="1291" /><ent r="3" t="23" w="1345" /><ent r="4" t="23" w="1370" /><ent r="2" t="23" w="1401" /><ent r="3" t="24" w="1011" /><ent r="3" t="24" w="1047" /></phr></stem><stem n="arptable/ipnettomedianetaddress,"><phr n="ARPTable/ipNetToMediaNetAddress,"><ent r="3" t="23" w="1291" /><ent r="3" t="23" w="1290" /></phr></stem><stem n="/ipnettomedianetaddress,"><phr n="/ipNetToMediaNetAddress,"><ent r="3" t="23" w="1292" /></phr></stem><stem n="[1:4],"><phr n="[1:4],"><ent r="3" t="23" w="1295" /></phr></stem><stem n="arptable/ipnettomediaphysaddress"><phr n="ARPTable/ipNetToMediaPhysAddress"><ent r="3" t="23" w="1300" /><ent r="3" t="23" w="1299" /></phr></stem><stem n="ipnettomediaphysaddress"><phr n="ipNetToMediaPhysAddress"><ent r="3" t="23" w="1300" /><ent r="3" t="23" w="1301" /><ent r="3" t="23" w="1328" /><ent r="3" t="23" w="1337" /><ent r="3" t="24" w="1020" /><ent r="3" t="24" w="1039" /></phr></stem><stem n="arptable/ipnettomediaphysaddress,"><phr n="ARPTable/ipNetToMediaPhysAddress,"><ent r="3" t="23" w="1300" /><ent r="3" t="23" w="1299" /></phr></stem><stem n="/ipnettomediaphysaddress,"><phr n="/ipNetToMediaPhysAddress,"><ent r="3" t="23" w="1301" /></phr></stem><stem n=",&quot;mac"><phr n=",&quot;MAC"><ent r="3" t="23" w="1303" /></phr></stem><stem n="arptable/ipnettomediatyp"><phr n="ARPTable/ipNetToMediaType"><ent r="3" t="23" w="1307" /><ent r="3" t="23" w="1306" /></phr></stem><stem n="arptable/ipnettomediatype,"><phr n="ARPTable/ipNetToMediaType,"><ent r="3" t="23" w="1307" /><ent r="3" t="23" w="1306" /></phr></stem><stem n="/ipnettomediatype,"><phr n="/ipNetToMediaType,"><ent r="3" t="23" w="1308" /></phr></stem><stem n="ipnettomediaindex"><phr n="ipNetToMediaIndex"><ent r="4" t="23" w="1362" /><ent r="2" t="23" w="1398" /></phr></stem><stem n="[0:1]"><phr n="[0:1]"><ent r="3" t="23" w="1408" /><ent r="3" t="24" w="1078" /></phr></stem><stem n="fact"><phr n="fact"><ent r="3" t="23" w="1422" /></phr></stem><stem n=");"><phr n=");"><ent r="3" t="23" w="1425" /><ent r="3" t="41" w="250" /><ent r="3" t="41" w="264" /></phr></stem><stem n="[1:4]"><phr n="[1:4]"><ent r="3" t="23" w="1428" /><ent r="3" t="24" w="1082" /></phr></stem><stem n="compris"><phr n="comprise"><ent r="3" t="23" w="1434" /></phr></stem><stem n="ondemand"><phr n="ondemand"><ent r="3" t="23" w="1456" /><ent r="3" t="23" w="1473" /></phr></stem><stem n="&quot;ondemand&quot;"><phr n="&quot;ondemand&quot;"><ent r="3" t="23" w="1457" /></phr></stem><stem n="$arptabl"><phr n="$ARPTable"><ent r="3" t="23" w="1497" /></phr></stem><stem n="&quot;altern"><phr n="&quot;alternate"><ent r="3" t="23" w="1550" /></phr></stem><stem n="altern"><phr n="alternate"><ent r="3" t="23" w="1550" /><ent r="6" t="53" w="234" /><ent r="6" t="53" w="323" /><ent r="6" t="53" w="622" /></phr><phr n="Alternate"><ent r="3" t="30" w="925" /></phr></stem><stem n="expand"><phr n="expanded"><ent r="3" t="23" w="1554" /></phr><phr n="expands"><ent r="4" t="36" w="154" /><ent r="3" t="51" w="464" /></phr></stem><stem n="{arptable:view"><phr n="{ARPTable:View"><ent r="3" t="23" w="1565" /></phr></stem><stem n="&quot;/&quot;"><phr n="&quot;/&quot;"><ent r="4" t="23" w="1588" /><ent r="6" t="33" w="1036" /><ent r="5" t="55" w="1614" /></phr></stem><stem n="-access"><phr n="-accessible"><ent r="4" t="23" w="1619" /><ent r="4" t="23" w="1619" /></phr><phr n="-ACCESS"><ent r="3" t="28" w="180" /><ent r="3" t="28" w="180" /><ent r="3" t="28" w="213" /><ent r="3" t="28" w="213" /><ent r="3" t="28" w="245" /><ent r="3" t="28" w="245" /><ent r="3" t="28" w="279" /><ent r="3" t="28" w="279" /><ent r="3" t="28" w="310" /><ent r="3" t="28" w="310" /><ent r="3" t="28" w="335" /><ent r="3" t="28" w="335" /></phr></stem><stem n="non-access"><phr n="non-accessible"><ent r="4" t="23" w="1619" /></phr></stem><stem n="&quot;deriv"><phr n="&quot;derived"><ent r="4" t="23" w="1630" /></phr></stem><stem n="-deriv"><phr n="-derived"><ent r="4" t="23" w="1637" /><ent r="4" t="23" w="1637" /><ent r="3" t="24" w="1151" /><ent r="3" t="24" w="1151" /></phr><phr n="-Derived"><ent r="92" t="24" w="949" /><ent r="92" t="24" w="949" /><ent r="3" t="24" w="1068" /><ent r="3" t="24" w="1068" /></phr></stem><stem n="index-deriv"><phr n="index-derived"><ent r="4" t="23" w="1637" /></phr><phr n="Index-Derived"><ent r="3" t="24" w="55" /><ent r="92" t="24" w="949" /><ent r="3" t="24" w="1068" /></phr><phr n="Index-derived"><ent r="3" t="24" w="1151" /></phr></stem><stem n="'s:"><phr n="'s:"><ent r="3" t="24" w="24" /><ent r="3" t="24" w="237" /></phr></stem><stem n="-next,"><phr n="-Next,"><ent r="3" t="24" w="52" /><ent r="3" t="24" w="52" /></phr></stem><stem n="trap-condit"><phr n="Trap-Conditional"><ent r="3" t="24" w="52" /><ent r="92" t="24" w="745" /><ent r="3" t="24" w="857" /></phr><phr n="Trap-conditional"><ent r="3" t="24" w="750" /><ent r="3" t="24" w="937" /></phr></stem><stem n="-conditional,"><phr n="-Conditional,"><ent r="3" t="24" w="54" /><ent r="3" t="24" w="54" /></phr></stem><stem n="-derived."><phr n="-Derived."><ent r="3" t="24" w="57" /><ent r="3" t="24" w="57" /></phr></stem><stem n=".1"><phr n=".1"><ent r="3" t="24" w="89" /><ent r="100" t="28" w="18" /><ent r="3" t="28" w="43" /><ent r="65" t="37" w="523" /><ent r="3" t="41" w="482" /></phr></stem><stem n=".3.6"><phr n=".3.6"><ent r="3" t="24" w="95" /></phr></stem><stem n="invalid"><phr n="Invalid"><ent r="3" t="24" w="97" /><ent r="3" t="24" w="357" /></phr><phr n="invalid"><ent r="3" t="56" w="171" /></phr></stem><stem n="1.3.6."><phr n="1.3.6."><ent r="3" t="24" w="106" /><ent r="3" t="24" w="104" /></phr></stem><stem n=".3.6."><phr n=".3.6."><ent r="3" t="24" w="107" /></phr></stem><stem n="(trail"><phr n="(trailing"><ent r="3" t="24" w="107" /></phr></stem><stem n=".3.6.blah"><phr n=".3.6.blah"><ent r="3" t="24" w="117" /></phr></stem><stem n="1.3.6.blah"><phr n="1.3.6.blah"><ent r="3" t="24" w="117" /><ent r="3" t="24" w="114" /></phr></stem><stem n="blah"><phr n="blah"><ent r="3" t="24" w="117" /><ent r="3" t="30" w="365" /><ent r="3" t="30" w="378" /></phr><phr n="BLAH"><ent r="3" t="30" w="896" /><ent r="3" t="30" w="912" /></phr></stem><stem n="1.3.6.1.2.1.system"><phr n="1.3.6.1.2.1.system"><ent r="3" t="24" w="127" /><ent r="3" t="24" w="121" /></phr></stem><stem n="1.3.6.1.2.1.system.sysuptim"><phr n="1.3.6.1.2.1.system.sysUpTime"><ent r="3" t="24" w="128" /><ent r="3" t="24" w="121" /></phr></stem><stem n=".3.6.1.2.1.system.sysuptime.0"><phr n=".3.6.1.2.1.system.sysUpTime.0"><ent r="3" t="24" w="129" /></phr></stem><stem n="1.3.6.1.2.1.system.sysuptime.0"><phr n="1.3.6.1.2.1.system.sysUpTime.0"><ent r="3" t="24" w="129" /><ent r="3" t="24" w="121" /></phr></stem><stem n="unlik"><phr n="Unlike"><ent r="3" t="24" w="133" /><ent r="3" t="31" w="3939" /><ent r="6" t="55" w="1180" /></phr></stem><stem n="-snmp,"><phr n="-SNMP,"><ent r="3" t="24" w="136" /><ent r="3" t="24" w="136" /></phr></stem><stem n="ascrib"><phr n="ascribes"><ent r="3" t="24" w="137" /></phr></stem><stem n="1.3.6.1."><phr n="1.3.6.1."><ent r="3" t="24" w="194" /><ent r="3" t="24" w="191" /></phr></stem><stem n="1.2"><phr n="1.2"><ent r="3" t="24" w="196" /><ent r="3" t="24" w="195" /><ent r="3" t="32" w="149" /><ent r="3" t="32" w="148" /></phr></stem><stem n="&quot;1.3.6.1..1.2&quot;"><phr n="&quot;1.3.6.1..1.2&quot;"><ent r="3" t="24" w="197" /></phr></stem><stem n="abl"><phr n="able"><ent r="3" t="24" w="217" /><ent r="3" t="39" w="212" /></phr></stem><stem n="locat"><phr n="locate"><ent r="3" t="24" w="219" /></phr><phr n="located"><ent r="3" t="39" w="251" /><ent r="3" t="41" w="122" /><ent r="3" t="56" w="62" /></phr><phr n="location"><ent r="3" t="47" w="665" /></phr></stem><stem n="subid'"><phr n="subid's"><ent r="4" t="24" w="250" /><ent r="4" t="24" w="249" /><ent r="3" t="24" w="1107" /><ent r="3" t="24" w="1106" /><ent r="3" t="24" w="1128" /><ent r="3" t="24" w="1127" /><ent r="3" t="24" w="1145" /><ent r="3" t="24" w="1144" /></phr></stem></index>