﻿<?xml version="1.0" encoding="utf-8"?><index><stem n="\&quot;1.3\&quot;"><phr n="\&quot;1.3\&quot;"><ent r="3" t="21" w="1895" /></phr></stem><stem n="\&quot;10.10.2.20\&quot;"><phr n="\&quot;10.10.2.20\&quot;"><ent r="3" t="21" w="1917" /></phr></stem><stem n="2.1"><phr n="2.1"><ent r="3" t="21" w="1936" /><ent r="3" t="21" w="1935" /><ent r="65" t="37" w="523" /><ent r="65" t="37" w="522" /><ent r="7" t="53" w="330" /><ent r="7" t="53" w="329" /></phr></stem><stem n="2.1.4"><phr n="2.1.4"><ent r="3" t="21" w="1937" /><ent r="3" t="21" w="1935" /></phr></stem><stem n="2.1.4.20"><phr n="2.1.4.20"><ent r="3" t="21" w="1938" /><ent r="3" t="21" w="1935" /></phr></stem><stem n="\&quot;2.1.4.20\&quot;"><phr n="\&quot;2.1.4.20\&quot;"><ent r="3" t="21" w="1939" /></phr></stem><stem n="-2,"><phr n="-2,"><ent r="3" t="21" w="1955" /><ent r="3" t="21" w="1955" /><ent r="3" t="21" w="1989" /><ent r="3" t="21" w="1989" /><ent r="3" t="21" w="2186" /><ent r="3" t="21" w="2186" /></phr></stem><stem n="2.20"><phr n="2.20"><ent r="3" t="21" w="1958" /><ent r="3" t="21" w="1957" /></phr></stem><stem n="\&quot;2.20\&quot;"><phr n="\&quot;2.20\&quot;"><ent r="3" t="21" w="1959" /></phr></stem><stem n="(\&quot;1.3.6\&quot;,"><phr n="(\&quot;1.3.6\&quot;,"><ent r="3" t="21" w="1963" /><ent r="3" t="21" w="1970" /><ent r="3" t="21" w="1978" /><ent r="3" t="21" w="1988" /></phr></stem><stem n="\&quot;\&quot;"><phr n="\&quot;\&quot;"><ent r="3" t="21" w="1966" /></phr></stem><stem n="\&quot;6\&quot;"><phr n="\&quot;6\&quot;"><ent r="3" t="21" w="1974" /></phr></stem><stem n="\&quot;1.3.6\&quot;"><phr n="\&quot;1.3.6\&quot;"><ent r="3" t="21" w="1984" /></phr></stem><stem n="3.6"><phr n="3.6"><ent r="3" t="21" w="1992" /><ent r="3" t="21" w="1991" /></phr></stem><stem n="\&quot;3.6\&quot;"><phr n="\&quot;3.6\&quot;"><ent r="3" t="21" w="1993" /></phr></stem><stem n=":string,"><phr n=":STRING,"><ent r="3" t="21" w="2002" /><ent r="3" t="21" w="2017" /><ent r="3" t="21" w="2198" /></phr></stem><stem n=":integer):string;"><phr n=":INTEGER):STRING;"><ent r="3" t="21" w="2007" /><ent r="3" t="21" w="2026" /></phr></stem><stem n=":integer,"><phr n=":INTEGER,"><ent r="3" t="21" w="2021" /></phr></stem><stem n=":extract"><phr n=":Extract"><ent r="100" t="21" w="2031" /></phr></stem><stem n="extract"><phr n="Extract"><ent r="100" t="21" w="2031" /><ent r="100" t="21" w="2033" /><ent r="100" t="21" w="2035" /><ent r="3" t="21" w="2038" /></phr><phr n="extracted"><ent r="3" t="21" w="2052" /></phr><phr n="extract"><ent r="4" t="21" w="2094" /></phr></stem><stem n=":substr"><phr n=":substring"><ent r="100" t="21" w="2036" /></phr></stem><stem n="everyth"><phr n="everything"><ent r="4" t="21" w="2102" /><ent r="3" t="35" w="64" /><ent r="4" t="52" w="201" /></phr></stem><stem n="neither"><phr n="neither"><ent r="4" t="21" w="2138" /></phr></stem><stem n="0123456789"><phr n="0123456789"><ent r="3" t="21" w="2164" /><ent r="3" t="21" w="2170" /><ent r="3" t="21" w="2177" /><ent r="3" t="21" w="2184" /></phr></stem><stem n="&quot;0123456789&quot;,"><phr n="&quot;0123456789&quot;,"><ent r="3" t="21" w="2165" /><ent r="3" t="21" w="2171" /><ent r="3" t="21" w="2178" /><ent r="3" t="21" w="2185" /></phr></stem><stem n="789"><phr n="789"><ent r="3" t="21" w="2167" /></phr></stem><stem n="&quot;789&quot;"><phr n="&quot;789&quot;"><ent r="3" t="21" w="2168" /></phr></stem><stem n="45"><phr n="45"><ent r="3" t="21" w="2174" /><ent r="3" t="30" w="852" /></phr></stem><stem n="&quot;45&quot;"><phr n="&quot;45&quot;"><ent r="3" t="21" w="2175" /></phr></stem><stem n="-2)"><phr n="-2)"><ent r="3" t="21" w="2180" /><ent r="3" t="21" w="2180" /></phr></stem><stem n="4567"><phr n="4567"><ent r="3" t="21" w="2181" /></phr></stem><stem n="&quot;4567&quot;"><phr n="&quot;4567&quot;"><ent r="3" t="21" w="2182" /></phr></stem><stem n="&quot;8&quot;"><phr n="&quot;8&quot;"><ent r="3" t="21" w="2189" /></phr></stem><stem n=":string):valu"><phr n=":STRING):VALUE"><ent r="3" t="21" w="2202" /></phr></stem><stem n="shorter"><phr n="shorter"><ent r="4" t="21" w="2243" /></phr></stem><stem n="(&quot;\1\2\3&quot;,"><phr n="(&quot;\1\2\3&quot;,"><ent r="5" t="21" w="2273" /></phr></stem><stem n="&gt;l"><phr n="&gt;L"><ent r="5" t="21" w="2273" /><ent r="5" t="21" w="2285" /><ent r="3" t="21" w="2499" /><ent r="3" t="21" w="2526" /></phr></stem><stem n="&quot;&gt;l&quot;)"><phr n="&quot;&gt;L&quot;)"><ent r="5" t="21" w="2274" /><ent r="5" t="21" w="2286" /><ent r="3" t="21" w="2500" /><ent r="3" t="21" w="2527" /></phr></stem><stem n="(&quot;\1\2\3\0&quot;,"><phr n="(&quot;\1\2\3\0&quot;,"><ent r="5" t="21" w="2285" /></phr></stem><stem n="longer"><phr n="longer"><ent r="4" t="21" w="2292" /><ent r="4" t="31" w="374" /><ent r="4" t="31" w="1827" /><ent r="3" t="31" w="2441" /></phr></stem><stem n="endian"><phr n="Endian"><ent r="100" t="21" w="2302" /></phr><phr n="endian"><ent r="4" t="21" w="2306" /><ent r="4" t="21" w="2321" /><ent r="4" t="21" w="2325" /><ent r="100" t="21" w="2440" /><ent r="6" t="21" w="2443" /><ent r="100" t="21" w="2450" /><ent r="6" t="21" w="2453" /></phr></stem><stem n="target"><phr n="target"><ent r="4" t="21" w="2315" /><ent r="3" t="41" w="304" /><ent r="3" t="41" w="316" /><ent r="4" t="50" w="99" /><ent r="3" t="50" w="108" /><ent r="4" t="50" w="219" /><ent r="4" t="50" w="255" /><ent r="3" t="50" w="265" /><ent r="3" t="51" w="26" /><ent r="4" t="51" w="32" /><ent r="3" t="51" w="46" /><ent r="3" t="51" w="63" /><ent r="3" t="51" w="454" /><ent r="3" t="51" w="523" /><ent r="4" t="52" w="184" /><ent r="4" t="52" w="197" /><ent r="4" t="52" w="204" /><ent r="6" t="53" w="72" /><ent r="6" t="53" w="162" /><ent r="6" t="53" w="277" /><ent r="6" t="53" w="293" /><ent r="6" t="53" w="672" /><ent r="6" t="53" w="747" /><ent r="7" t="53" w="752" /><ent r="7" t="53" w="758" /><ent r="6" t="53" w="789" /><ent r="3" t="54" w="70" /><ent r="3" t="54" w="92" /><ent r="3" t="55" w="123" /><ent r="3" t="56" w="11" /><ent r="3" t="56" w="236" /><ent r="3" t="56" w="323" /><ent r="3" t="56" w="368" /><ent r="3" t="56" w="387" /><ent r="3" t="57" w="29" /></phr><phr n="Target"><ent r="66" t="50" w="153" /><ent r="1000" t="51" w="1" /><ent r="102" t="51" w="4" /><ent r="100" t="51" w="191" /><ent r="92" t="51" w="195" /><ent r="100" t="51" w="438" /><ent r="92" t="51" w="447" /><ent r="100" t="51" w="508" /><ent r="92" t="51" w="513" /></phr></stem><stem n="platform'"><phr n="platform's"><ent r="4" t="21" w="2317" /><ent r="4" t="21" w="2316" /></phr></stem><stem n="(littl"><phr n="(little"><ent r="4" t="21" w="2320" /></phr></stem><stem n="littl"><phr n="little"><ent r="4" t="21" w="2320" /><ent r="6" t="21" w="2452" /></phr><phr n="Little"><ent r="100" t="21" w="2449" /></phr></stem><stem n="mac"><phr n="Mac"><ent r="4" t="21" w="2327" /><ent r="100" t="33" w="55" /><ent r="6" t="33" w="1025" /><ent r="3" t="41" w="508" /></phr><phr n="MAC"><ent r="3" t="23" w="317" /><ent r="3" t="23" w="1071" /><ent r="3" t="23" w="1303" /></phr></stem><stem n="#format"><phr n="#formats"><ent r="3" t="21" w="2343" /><ent r="3" t="21" w="2351" /><ent r="3" t="21" w="2359" /></phr></stem><stem n="td"><phr n="td"><ent r="3" t="21" w="2344" /><ent r="3" t="21" w="2352" /><ent r="3" t="21" w="2354" /><ent r="3" t="21" w="2360" /></phr></stem><stem n=".code"><phr n=".code"><ent r="3" t="21" w="2346" /></phr></stem><stem n="p.code"><phr n="p.code"><ent r="3" t="21" w="2346" /><ent r="3" t="21" w="2345" /></phr></stem><stem n="{width:"><phr n="{width:"><ent r="3" t="21" w="2348" /></phr></stem><stem n="40px"><phr n="40px"><ent r="3" t="21" w="2348" /></phr></stem><stem n="margin"><phr n="margin"><ent r="3" t="21" w="2349" /><ent r="3" t="21" w="2355" /></phr></stem><stem n=";margin:"><phr n=";margin:"><ent r="3" t="21" w="2350" /></phr></stem><stem n=";}"><phr n=";}"><ent r="3" t="21" w="2351" /><ent r="3" t="21" w="2365" /></phr></stem><stem n=".td"><phr n=".td"><ent r="3" t="21" w="2354" /></phr></stem><stem n="p.td"><phr n="p.td"><ent r="3" t="21" w="2354" /><ent r="3" t="21" w="2353" /></phr></stem><stem n="{margin:0;padding:0;}"><phr n="{margin:0;padding:0;}"><ent r="3" t="21" w="2359" /></phr></stem><stem n="height"><phr n="height"><ent r="3" t="21" w="2361" /><ent r="3" t="58" w="27" /><ent r="4" t="58" w="50" /><ent r="4" t="58" w="58" /><ent r="100" t="58" w="67" /><ent r="5" t="58" w="72" /></phr></stem><stem n="{height:"><phr n="{height:"><ent r="3" t="21" w="2362" /></phr></stem><stem n=";padding:"><phr n=";padding:"><ent r="3" t="21" w="2364" /></phr></stem><stem n="5px"><phr n="5px"><ent r="3" t="21" w="2364" /></phr></stem><stem n="(1"><phr n="(1"><ent r="6" t="21" w="2377" /><ent r="6" t="21" w="2386" /></phr></stem><stem n="l"><phr n="l"><ent r="7" t="21" w="2389" /><ent r="3" t="23" w="1081" /></phr><phr n="L"><ent r="7" t="21" w="2398" /><ent r="3" t="36" w="348" /></phr></stem><stem n="(4"><phr n="(4"><ent r="6" t="21" w="2395" /><ent r="6" t="21" w="2404" /></phr></stem><stem n="(2"><phr n="(2"><ent r="6" t="21" w="2413" /><ent r="6" t="21" w="2422" /></phr></stem><stem n="#b"><phr n="#B"><ent r="7" t="21" w="2425" /></phr></stem><stem n="-endian"><phr n="-endian"><ent r="100" t="21" w="2439" /><ent r="100" t="21" w="2439" /><ent r="6" t="21" w="2442" /><ent r="6" t="21" w="2442" /><ent r="100" t="21" w="2449" /><ent r="100" t="21" w="2449" /><ent r="6" t="21" w="2452" /><ent r="6" t="21" w="2452" /></phr></stem><stem n="big-endian"><phr n="Big-endian"><ent r="100" t="21" w="2439" /></phr><phr n="big-endian"><ent r="6" t="21" w="2442" /></phr></stem><stem n="little-endian"><phr n="Little-endian"><ent r="100" t="21" w="2449" /></phr><phr n="little-endian"><ent r="6" t="21" w="2452" /></phr></stem><stem n="decod"><phr n="decodes"><ent r="6" t="21" w="2459" /><ent r="6" t="21" w="2476" /></phr><phr n="Decode"><ent r="3" t="47" w="675" /></phr></stem><stem n="32"><phr n="32"><ent r="6" t="21" w="2470" /><ent r="4" t="25" w="593" /></phr></stem><stem n="32-bit"><phr n="32-bits"><ent r="6" t="21" w="2470" /></phr><phr n="32-bit"><ent r="4" t="25" w="593" /></phr></stem><stem n="-bits)"><phr n="-bits)"><ent r="6" t="21" w="2472" /><ent r="6" t="21" w="2472" /></phr></stem><stem n="#h"><phr n="#H"><ent r="6" t="21" w="2473" /></phr></stem><stem n="&quot;\1&quot;,"><phr n="&quot;\1&quot;,"><ent r="3" t="21" w="2490" /></phr></stem><stem n="&quot;c&quot;)"><phr n="&quot;c&quot;)"><ent r="3" t="21" w="2491" /></phr></stem><stem n="&quot;\1\2\3\4&quot;,"><phr n="&quot;\1\2\3\4&quot;,"><ent r="3" t="21" w="2499" /><ent r="3" t="21" w="2508" /></phr></stem><stem n="16909060"><phr n="16909060"><ent r="3" t="21" w="2501" /></phr></stem><stem n="&lt;l"><phr n="&lt;L"><ent r="3" t="21" w="2508" /></phr></stem><stem n="&quot;&lt;l&quot;)"><phr n="&quot;&lt;L&quot;)"><ent r="3" t="21" w="2509" /></phr></stem><stem n="67305985"><phr n="67305985"><ent r="3" t="21" w="2510" /></phr></stem><stem n="bs64"><phr n="BS64"><ent r="3" t="21" w="2513" /></phr></stem><stem n="&quot;bs64&quot;,"><phr n="&quot;BS64&quot;,"><ent r="3" t="21" w="2514" /></phr></stem><stem n="&quot;#b&quot;)"><phr n="&quot;#B&quot;)"><ent r="3" t="21" w="2515" /></phr></stem><stem n="&quot;...&quot;"><phr n="&quot;...&quot;"><ent r="3" t="21" w="2516" /><ent r="3" t="21" w="2517" /></phr></stem><stem n="(where"><phr n="(where"><ent r="3" t="21" w="2516" /><ent r="3" t="39" w="149" /></phr></stem><stem n="x5"><phr n="x5"><ent r="3" t="21" w="2518" /></phr></stem><stem n="x2e"><phr n="x2e"><ent r="3" t="21" w="2519" /></phr></stem><stem n="xb8"><phr n="xb8"><ent r="3" t="21" w="2520" /></phr></stem><stem n="&quot;\x5\x2e\xb8&quot;)"><phr n="&quot;\x5\x2e\xb8&quot;)"><ent r="3" t="21" w="2521" /></phr></stem><stem n="&quot;\1\2\3&quot;,"><phr n="&quot;\1\2\3&quot;,"><ent r="3" t="21" w="2526" /></phr></stem><stem n="16909056"><phr n="16909056"><ent r="3" t="21" w="2528" /></phr></stem><stem n="1f"><phr n="1F"><ent r="3" t="21" w="2530" /></phr></stem><stem n="&quot;1f&quot;,"><phr n="&quot;1F&quot;,"><ent r="3" t="21" w="2531" /></phr></stem><stem n="&quot;h&quot;)"><phr n="&quot;H&quot;)"><ent r="3" t="21" w="2532" /></phr></stem><stem n="42696c6c207761732068657265"><phr n="42696c6c207761732068657265"><ent r="3" t="21" w="2535" /></phr></stem><stem n="&quot;42696c6c207761732068657265&quot;,"><phr n="&quot;42696c6c207761732068657265&quot;,"><ent r="3" t="21" w="2536" /></phr></stem><stem n="&quot;#h&quot;)"><phr n="&quot;#H&quot;)"><ent r="3" t="21" w="2537" /></phr></stem><stem n="&quot;bill"><phr n="&quot;Bill"><ent r="3" t="21" w="2538" /></phr></stem><stem n="bill"><phr n="Bill"><ent r="3" t="21" w="2538" /><ent r="3" t="41" w="675" /></phr></stem><stem n="sysdescr.0"><phr n="sysDescr.0"><ent r="3" t="21" w="2606" /><ent r="3" t="21" w="2605" /><ent r="3" t="21" w="2649" /><ent r="3" t="21" w="2648" /><ent r="4" t="21" w="2721" /><ent r="4" t="21" w="2720" /></phr></stem><stem n=".0:"><phr n=".0:"><ent r="3" t="21" w="2607" /></phr></stem><stem n="fw"><phr n="FW"><ent r="3" t="21" w="2608" /><ent r="3" t="21" w="2634" /></phr></stem><stem n="tr6"><phr n="TR6"><ent r="3" t="21" w="2609" /></phr></stem><stem n="tr6-3"><phr n="TR6-3"><ent r="3" t="21" w="2609" /></phr></stem><stem n="tr6-3.1"><phr n="TR6-3.1"><ent r="3" t="21" w="2611" /><ent r="3" t="21" w="2610" /></phr></stem><stem n="tr6-3.1.4rt"><phr n="TR6-3.1.4Rt"><ent r="3" t="21" w="2612" /><ent r="3" t="21" w="2610" /></phr></stem><stem n="4rt"><phr n="4Rt"><ent r="3" t="21" w="2612" /></phr></stem><stem n="tr6-3.1.4rt_f213e4"><phr n="TR6-3.1.4Rt_F213E4"><ent r="3" t="21" w="2613" /><ent r="3" t="21" w="2610" /></phr></stem><stem n="f213e4"><phr n="F213E4"><ent r="3" t="21" w="2613" /></phr></stem><stem n="tr6-3.1.4rt_f213e4,"><phr n="TR6-3.1.4Rt_F213E4,"><ent r="3" t="21" w="2613" /><ent r="3" t="21" w="2610" /></phr></stem><stem n="-3.1.4rt_f213e4,"><phr n="-3.1.4Rt_F213E4,"><ent r="3" t="21" w="2614" /><ent r="3" t="21" w="2614" /></phr></stem><stem n="2.4ghz"><phr n="2.4GHz"><ent r="3" t="21" w="2615" /><ent r="3" t="21" w="2614" /></phr></stem><stem n="4ghz"><phr n="4GHz"><ent r="3" t="21" w="2615" /></phr></stem><stem n="2.4ghz,"><phr n="2.4GHz,"><ent r="3" t="21" w="2615" /><ent r="3" t="21" w="2614" /></phr></stem><stem n=".4ghz,"><phr n=".4GHz,"><ent r="3" t="21" w="2616" /></phr></stem><stem n="0dbi"><phr n="0dBi"><ent r="3" t="21" w="2616" /></phr></stem><stem n="ext"><phr n="ext"><ent r="3" t="21" w="2617" /></phr></stem><stem n="antenna"><phr n="antenna"><ent r="3" t="21" w="2618" /><ent r="3" t="21" w="2639" /><ent r="4" t="21" w="2692" /><ent r="4" t="21" w="2702" /></phr><phr n="Antenna"><ent r="4" t="21" w="2706" /></phr></stem><stem n="firmwar"><phr n="firmware"><ent r="3" t="21" w="2632" /><ent r="4" t="21" w="2683" /><ent r="4" t="23" w="170" /></phr><phr n="Firmware"><ent r="4" t="21" w="2696" /></phr></stem><stem n="(&quot;fw&quot;),"><phr n="(&quot;FW&quot;),"><ent r="3" t="21" w="2635" /></phr></stem><stem n="frequenc"><phr n="frequency"><ent r="3" t="21" w="2636" /><ent r="4" t="21" w="2697" /></phr><phr n="Frequency"><ent r="4" t="21" w="2701" /></phr></stem><stem n="&quot;system"><phr n="&quot;system"><ent r="4" t="21" w="2681" /></phr></stem><stem n="$sysdescr"><phr n="$sysDescr"><ent r="4" t="21" w="2684" /><ent r="4" t="21" w="2739" /><ent r="6" t="21" w="2766" /></phr></stem><stem n="&quot;$sysdescr&quot;"><phr n="&quot;$sysDescr&quot;"><ent r="4" t="21" w="2685" /></phr></stem><stem n="&quot;^fw"><phr n="&quot;^FW"><ent r="4" t="21" w="2686" /></phr></stem><stem n="^fw"><phr n="^FW"><ent r="4" t="21" w="2686" /></phr></stem><stem n="^"><phr n="^"><ent r="4" t="21" w="2687" /><ent r="6" t="21" w="2790" /></phr></stem><stem n="([^,]+),"><phr n="([^,]+),"><ent r="4" t="21" w="2689" /></phr></stem><stem n="hz"><phr n="Hz"><ent r="4" t="21" w="2690" /></phr></stem><stem n="(.+)hz,"><phr n="(.+)Hz,"><ent r="4" t="21" w="2691" /></phr></stem><stem n="(.+)"><phr n="(.+)"><ent r="4" t="21" w="2692" /></phr></stem><stem n=";&quot;${1}&quot;,"><phr n=";&quot;${1}&quot;,"><ent r="4" t="21" w="2695" /></phr></stem><stem n="&quot;firmware&quot;"><phr n="&quot;Firmware&quot;"><ent r="4" t="21" w="2697" /></phr></stem><stem n="&quot;${2}&quot;,"><phr n="&quot;${2}&quot;,"><ent r="4" t="21" w="2700" /></phr></stem><stem n="&quot;frequency&quot;"><phr n="&quot;Frequency&quot;"><ent r="4" t="21" w="2702" /></phr></stem><stem n="&quot;${3}&quot;,"><phr n="&quot;${3}&quot;,"><ent r="4" t="21" w="2705" /></phr></stem><stem n="&quot;antenna&quot;"><phr n="&quot;Antenna&quot;"><ent r="4" t="21" w="2707" /></phr></stem><stem n="annot"><phr n="annotated"><ent r="3" t="21" w="2711" /></phr><phr n="Annotated"><ent r="100" t="31" w="110" /><ent r="64" t="31" w="114" /><ent r="100" t="31" w="3376" /><ent r="100" t="31" w="3379" /><ent r="92" t="31" w="3382" /></phr></stem><stem n="(oid"><phr n="(OID"><ent r="4" t="21" w="2722" /></phr></stem><stem n=".3.6.1.2.1.1.1.0)"><phr n=".3.6.1.2.1.1.1.0)"><ent r="4" t="21" w="2733" /></phr></stem><stem n="$firmwar"><phr n="$firmware"><ent r="4" t="21" w="2745" /><ent r="6" t="21" w="2869" /></phr></stem><stem n="thing"><phr n="things"><ent r="4" t="21" w="2753" /><ent r="3" t="38" w="223" /><ent r="4" t="42" w="454" /></phr><phr n="thing"><ent r="4" t="33" w="1277" /></phr></stem><stem n="go"><phr n="going"><ent r="4" t="21" w="2754" /><ent r="3" t="31" w="964" /><ent r="4" t="31" w="1478" /><ent r="3" t="31" w="1947" /></phr><phr n="go"><ent r="3" t="30" w="988" /><ent r="3" t="30" w="1802" /></phr></stem><stem n="&quot;=~&quot;"><phr n="&quot;=~&quot;"><ent r="6" t="21" w="2762" /></phr></stem><stem n="&quot;[^,]&quot;"><phr n="&quot;[^,]&quot;"><ent r="6" t="21" w="2791" /></phr></stem><stem n="&quot;+&quot;"><phr n="&quot;+&quot;"><ent r="6" t="21" w="2803" /></phr></stem><stem n="pattern"><phr n="pattern"><ent r="6" t="21" w="2805" /><ent r="6" t="21" w="2816" /><ent r="3" t="30" w="676" /></phr><phr n="patterns"><ent r="3" t="30" w="685" /></phr></stem><stem n="-comma"><phr n="-comma"><ent r="6" t="21" w="2809" /><ent r="6" t="21" w="2809" /></phr></stem><stem n="non-comma"><phr n="non-comma"><ent r="6" t="21" w="2809" /></phr></stem><stem n="serv"><phr n="serve"><ent r="6" t="21" w="2817" /></phr><phr n="served"><ent r="3" t="44" w="91" /></phr><phr n="serves"><ent r="3" t="56" w="57" /></phr></stem><stem n="memor"><phr n="memorize"><ent r="6" t="21" w="2819" /></phr></stem><stem n="paren"><phr n="paren"><ent r="6" t="21" w="2825" /><ent r="4" t="26" w="230" /></phr></stem><stem n="paren'"><phr n="paren's"><ent r="6" t="21" w="2826" /><ent r="6" t="21" w="2825" /><ent r="4" t="26" w="231" /><ent r="4" t="26" w="230" /></phr></stem><stem n="{1},"><phr n="{1},"><ent r="6" t="21" w="2839" /><ent r="4" t="30" w="773" /></phr></stem><stem n="{2},"><phr n="{2},"><ent r="6" t="21" w="2841" /><ent r="4" t="30" w="778" /></phr></stem><stem n="{3},"><phr n="{3},"><ent r="6" t="21" w="2843" /></phr></stem><stem n="semicolon"><phr n="semicolon"><ent r="6" t="21" w="2846" /><ent r="4" t="33" w="543" /></phr></stem><stem n="&quot;${1}&quot;"><phr n="&quot;${1}&quot;"><ent r="6" t="21" w="2851" /><ent r="3" t="30" w="886" /><ent r="3" t="30" w="902" /><ent r="3" t="30" w="918" /></phr></stem><stem n="{1}"><phr n="{1}"><ent r="6" t="21" w="2863" /><ent r="6" t="21" w="2878" /></phr></stem><stem n="$frequenc"><phr n="$frequency"><ent r="4" t="21" w="2882" /></phr></stem><stem n="(${2})."><phr n="(${2})."><ent r="4" t="21" w="2892" /></phr></stem><stem n="$antenna"><phr n="$antenna"><ent r="4" t="21" w="2896" /></phr></stem><stem n="(${3})."><phr n="(${3})."><ent r="4" t="21" w="2906" /></phr></stem><stem n="beyond"><phr n="beyond"><ent r="3" t="21" w="2911" /></phr></stem><stem n="scope"><phr n="scope"><ent r="3" t="21" w="2913" /><ent r="4" t="24" w="274" /></phr><phr n="Scoped"><ent r="4" t="24" w="265" /><ent r="3" t="24" w="346" /><ent r="3" t="24" w="391" /></phr><phr n="scoped"><ent r="3" t="24" w="286" /><ent r="3" t="24" w="313" /><ent r="3" t="24" w="399" /><ent r="4" t="24" w="544" /><ent r="3" t="24" w="930" /></phr></stem><stem n="tutori"><phr n="tutorials"><ent r="3" t="21" w="2930" /></phr><phr n="Tutorial"><ent r="64" t="21" w="2943" /></phr><phr n="tutorial"><ent r="3" t="27" w="347" /><ent r="3" t="27" w="348" /><ent r="3" t="27" w="354" /><ent r="3" t="36" w="72" /></phr></stem><stem n="interface_numb"><phr n="interface_numbered"><ent r="3" t="22" w="69" /><ent r="3" t="22" w="68" /><ent r="5" t="22" w="285" /><ent r="5" t="22" w="284" /></phr></stem><stem n="($ifindex"><phr n="($ifIndex"><ent r="3" t="22" w="70" /><ent r="3" t="22" w="78" /><ent r="3" t="23" w="589" /></phr></stem><stem n="$ifindex"><phr n="$ifIndex"><ent r="3" t="22" w="70" /><ent r="3" t="22" w="78" /><ent r="4" t="22" w="263" /><ent r="3" t="23" w="589" /></phr></stem><stem n="$ifdescr"><phr n="$ifDescr"><ent r="3" t="22" w="73" /><ent r="3" t="22" w="81" /><ent r="4" t="22" w="264" /></phr></stem><stem n="en2"><phr n="en2"><ent r="3" t="22" w="75" /><ent r="3" t="22" w="83" /></phr></stem><stem n="&quot;en2&quot;)"><phr n="&quot;en2&quot;)"><ent r="3" t="22" w="76" /><ent r="3" t="22" w="84" /></phr></stem><stem n="_visibl"><phr n="_visible"><ent r="3" t="22" w="77" /><ent r="5" t="22" w="218" /></phr></stem><stem n="interface_vis"><phr n="interface_visible"><ent r="3" t="22" w="77" /><ent r="3" t="22" w="76" /><ent r="5" t="22" w="218" /><ent r="5" t="22" w="217" /></phr></stem><stem n="&lt;expression&gt;"><phr n="&lt;expression&gt;"><ent r="5" t="22" w="219" /><ent r="5" t="22" w="286" /></phr></stem><stem n="&quot;filter"><phr n="&quot;filter"><ent r="4" t="22" w="223" /></phr></stem><stem n="filter"><phr n="filter"><ent r="4" t="22" w="223" /></phr></stem><stem n="unnumb"><phr n="unnumbered"><ent r="5" t="22" w="251" /><ent r="5" t="55" w="468" /><ent r="5" t="55" w="612" /></phr></stem><stem n="$iftyp"><phr n="$ifType"><ent r="4" t="22" w="265" /></phr></stem><stem n="$ifalia"><phr n="$ifAlias"><ent r="4" t="22" w="267" /></phr></stem><stem n="hidden"><phr n="hidden"><ent r="4" t="22" w="282" /><ent r="3" t="34" w="153" /></phr></stem><stem n="&quot;search"><phr n="&quot;search"><ent r="4" t="22" w="290" /></phr></stem><stem n="search"><phr n="search"><ent r="4" t="22" w="290" /><ent r="3" t="31" w="1403" /><ent r="3" t="31" w="1899" /></phr><phr n="Searches"><ent r="4" t="31" w="245" /><ent r="4" t="31" w="262" /></phr><phr n="Search"><ent r="4" t="41" w="752" /></phr><phr n="searches"><ent r="6" t="55" w="1201" /></phr></stem><stem n="ipaddrt"><phr n="ipAddrTable"><ent r="4" t="22" w="304" /></phr></stem><stem n="&quot;on"><phr n="&quot;on"><ent r="3" t="23" w="34" /></phr></stem><stem n="cycl"><phr n="cycle"><ent r="3" t="23" w="77" /></phr></stem><stem n="imag"><phr n="image"><ent r="3" t="23" w="88" /><ent r="3" t="23" w="391" /><ent r="3" t="37" w="701" /><ent r="3" t="44" w="378" /><ent r="3" t="44" w="474" /><ent r="4" t="51" w="573" /><ent r="6" t="55" w="1154" /><ent r="5" t="55" w="1268" /><ent r="3" t="57" w="113" /></phr><phr n="images"><ent r="65" t="55" w="92" /><ent r="5" t="55" w="823" /><ent r="93" t="55" w="1128" /><ent r="7" t="55" w="1171" /><ent r="6" t="55" w="1203" /><ent r="3" t="56" w="222" /><ent r="3" t="56" w="230" /></phr></stem><stem n="dig"><phr n="digging"><ent r="3" t="23" w="103" /></phr></stem><stem n="suspect"><phr n="suspect"><ent r="3" t="23" w="110" /></phr></stem><stem n="rout"><phr n="routing"><ent r="3" t="23" w="125" /></phr></stem><stem n="arp"><phr n="ARP"><ent r="3" t="23" w="127" /><ent r="3" t="23" w="1568" /></phr></stem><stem n="statist"><phr n="statistics"><ent r="3" t="23" w="131" /><ent r="5" t="55" w="678" /></phr></stem><stem n="kept"><phr n="kept"><ent r="3" t="23" w="135" /></phr></stem><stem n="background"><phr n="Background"><ent r="92" t="23" w="139" /></phr></stem><stem n="(that"><phr n="(that"><ent r="4" t="23" w="164" /><ent r="3" t="56" w="331" /></phr></stem><stem n="(number"><phr n="(number"><ent r="4" t="23" w="173" /><ent r="4" t="23" w="177" /></phr></stem><stem n="(cpu"><phr n="(CPU"><ent r="4" t="23" w="181" /></phr></stem><stem n="entiti"><phr n="entities"><ent r="4" t="23" w="195" /><ent r="4" t="23" w="200" /></phr><phr n="entity"><ent r="4" t="23" w="223" /><ent r="4" t="23" w="244" /></phr></stem><stem n="wireless"><phr n="wireless"><ent r="4" t="23" w="213" /></phr></stem><stem n="machin"><phr n="machines"><ent r="4" t="23" w="217" /></phr><phr n="machine"><ent r="3" t="47" w="126" /></phr></stem><stem n="entity'"><phr n="entity's"><ent r="4" t="23" w="224" /><ent r="4" t="23" w="223" /></phr></stem><stem n="row"><phr n="row"><ent r="4" t="23" w="230" /><ent r="4" t="23" w="246" /><ent r="4" t="23" w="271" /><ent r="3" t="23" w="358" /><ent r="3" t="23" w="388" /><ent r="3" t="23" w="443" /><ent r="3" t="23" w="505" /><ent r="3" t="23" w="1145" /><ent r="4" t="23" w="1364" /><ent r="3" t="24" w="973" /><ent r="3" t="24" w="989" /><ent r="3" t="24" w="1030" /><ent r="3" t="39" w="540" /><ent r="3" t="39" w="567" /><ent r="3" t="39" w="575" /><ent r="3" t="41" w="273" /><ent r="3" t="41" w="436" /></phr><phr n="rows"><ent r="3" t="23" w="353" /><ent r="3" t="23" w="417" /><ent r="3" t="41" w="412" /></phr></stem><stem n="themselv"><phr n="themselves"><ent r="4" t="23" w="237" /><ent r="4" t="33" w="528" /></phr></stem><stem n="&quot;entry&quot;"><phr n="&quot;entry&quot;"><ent r="4" t="23" w="252" /></phr></stem><stem n="prefix"><phr n="prefix"><ent r="4" t="23" w="262" /><ent r="2" t="23" w="1394" /><ent r="3" t="40" w="343" /><ent r="3" t="40" w="772" /><ent r="3" t="41" w="185" /></phr><phr n="prefixed"><ent r="4" t="30" w="1375" /></phr></stem><stem n="plu"><phr n="plus"><ent r="4" t="23" w="263" /><ent r="3" t="24" w="695" /><ent r="3" t="24" w="701" /><ent r="3" t="41" w="723" /></phr><phr n="Plus"><ent r="4" t="38" w="244" /><ent r="4" t="38" w="286" /></phr></stem><stem n="&quot;iftable&quot;"><phr n="&quot;ifTable&quot;"><ent r="3" t="23" w="282" /></phr></stem><stem n="outlin"><phr n="outline"><ent r="3" t="23" w="291" /><ent r="3" t="23" w="545" /></phr></stem><stem n="ifentri"><phr n="ifEntry"><ent r="3" t="23" w="301" /><ent r="4" t="23" w="347" /><ent r="4" t="23" w="361" /></phr></stem><stem n="[ifindex]"><phr n="[ifIndex]"><ent r="3" t="23" w="303" /></phr></stem><stem n="&quot;interfac"><phr n="&quot;Interface"><ent r="3" t="23" w="305" /><ent r="3" t="23" w="1005" /><ent r="3" t="23" w="1287" /></phr><phr n="&quot;interface"><ent r="3" t="23" w="458" /></phr></stem><stem n="&quot;description&quot;"><phr n="&quot;Description&quot;"><ent r="3" t="23" w="309" /><ent r="3" t="23" w="1015" /></phr></stem><stem n="&quot;link"><phr n="&quot;Link"><ent r="3" t="23" w="311" /><ent r="3" t="23" w="314" /><ent r="3" t="23" w="1044" /><ent r="3" t="23" w="1053" /></phr></stem><stem n="ifspe"><phr n="ifSpeed"><ent r="3" t="23" w="313" /><ent r="3" t="23" w="484" /><ent r="3" t="23" w="503" /><ent r="3" t="23" w="514" /><ent r="4" t="23" w="812" /><ent r="3" t="23" w="1048" /><ent r="3" t="23" w="1051" /></phr></stem><stem n="ifphysaddress"><phr n="ifPhysAddress"><ent r="3" t="23" w="316" /><ent r="4" t="23" w="841" /><ent r="3" t="23" w="1066" /><ent r="3" t="23" w="1069" /></phr></stem><stem n="&quot;mac"><phr n="&quot;MAC"><ent r="3" t="23" w="317" /><ent r="3" t="23" w="1071" /></phr></stem><stem n="&quot;oper"><phr n="&quot;Operational"><ent r="3" t="23" w="320" /></phr></stem><stem n="ifadminstatu"><phr n="ifAdminStatus"><ent r="3" t="23" w="322" /><ent r="3" t="23" w="380" /><ent r="4" t="23" w="844" /><ent r="3" t="23" w="1084" /><ent r="3" t="23" w="1087" /></phr></stem><stem n="&quot;administr"><phr n="&quot;Administrative"><ent r="3" t="23" w="323" /></phr></stem><stem n="administr"><phr n="Administrative"><ent r="3" t="23" w="323" /></phr><phr n="Administrators"><ent r="100" t="50" w="235" /><ent r="4" t="50" w="244" /></phr><phr n="administrator"><ent r="6" t="55" w="536" /><ent r="5" t="55" w="981" /></phr></stem><stem n="(each"><phr n="(each"><ent r="3" t="23" w="359" /></phr></stem><stem n="(at"><phr n="(at"><ent r="3" t="23" w="421" /></phr></stem><stem n="loos"><phr n="loosely"><ent r="3" t="23" w="461" /></phr></stem><stem n="ifspeed.3"><phr n="ifSpeed.3"><ent r="3" t="23" w="485" /><ent r="3" t="23" w="484" /></phr></stem><stem n="1.3.6.1.2.1.2.2.1.3"><phr n="1.3.6.1.2.1.2.2.1.3"><ent r="3" t="23" w="498" /><ent r="3" t="23" w="489" /><ent r="3" t="39" w="521" /><ent r="3" t="39" w="512" /></phr></stem><stem n=".3.6.1.2.1.2.2.1.3)"><phr n=".3.6.1.2.1.2.2.1.3)"><ent r="3" t="23" w="499" /></phr></stem><stem n="&quot;column"><phr n="&quot;column"><ent r="3" t="23" w="511" /></phr></stem><stem n="(1.3.6.1.2.1.2.2.1),"><phr n="(1.3.6.1.2.1.2.2.1),"><ent r="3" t="23" w="524" /></phr></stem><stem n="&quot;.3&quot;."><phr n="&quot;.3&quot;."><ent r="3" t="23" w="530" /></phr></stem></index>