﻿<?xml version="1.0" encoding="utf-8"?><index><stem n="while"><phr n="while"><ent r="3" t="4" w="63" /><ent r="3" t="23" w="1107" /><ent r="3" t="31" w="1015" /><ent r="3" t="47" w="481" /><ent r="3" t="47" w="714" /><ent r="3" t="47" w="767" /><ent r="3" t="51" w="227" /></phr></stem><stem n="subsequ"><phr n="subsequent"><ent r="3" t="4" w="66" /><ent r="4" t="30" w="783" /><ent r="4" t="31" w="422" /><ent r="3" t="31" w="2377" /><ent r="3" t="31" w="2776" /><ent r="3" t="31" w="2942" /><ent r="3" t="39" w="406" /></phr><phr n="Subsequent"><ent r="4" t="7" w="273" /><ent r="3" t="31" w="2992" /><ent r="4" t="31" w="3026" /></phr></stem><stem n="save"><phr n="saved"><ent r="3" t="4" w="77" /><ent r="3" t="6" w="25" /><ent r="4" t="40" w="207" /><ent r="4" t="41" w="797" /></phr><phr n="Save"><ent r="3" t="36" w="203" /><ent r="3" t="36" w="233" /></phr><phr n="save"><ent r="4" t="45" w="125" /><ent r="4" t="45" w="134" /><ent r="4" t="45" w="143" /></phr><phr n="saves"><ent r="3" t="48" w="26" /></phr></stem><stem n="hard"><phr n="hard"><ent r="3" t="4" w="80" /></phr></stem><stem n="drive"><phr n="drive"><ent r="3" t="4" w="81" /></phr></stem><stem n="header"><phr n="Header"><ent r="64" t="4" w="89" /><ent r="1000" t="5" w="3" /><ent r="92" t="5" w="12" /><ent r="100" t="5" w="45" /><ent r="92" t="5" w="49" /><ent r="100" t="5" w="88" /><ent r="92" t="5" w="91" /><ent r="100" t="5" w="171" /><ent r="100" t="5" w="688" /><ent r="100" t="5" w="691" /><ent r="100" t="5" w="695" /><ent r="92" t="5" w="699" /><ent r="92" t="5" w="759" /><ent r="64" t="15" w="311" /></phr><phr n="header"><ent r="5" t="4" w="96" /><ent r="4" t="5" w="16" /><ent r="3" t="5" w="54" /><ent r="3" t="5" w="706" /><ent r="6" t="5" w="949" /><ent r="6" t="5" w="1047" /><ent r="3" t="6" w="188" /><ent r="3" t="6" w="212" /><ent r="3" t="15" w="606" /><ent r="3" t="16" w="1007" /><ent r="3" t="25" w="522" /><ent r="3" t="27" w="73" /><ent r="3" t="27" w="253" /><ent r="3" t="36" w="376" /><ent r="6" t="55" w="2026" /><ent r="6" t="55" w="2066" /></phr></stem><stem n="definit"><phr n="definition"><ent r="3" t="4" w="102" /><ent r="3" t="4" w="141" /><ent r="3" t="4" w="288" /><ent r="6" t="5" w="345" /><ent r="3" t="6" w="186" /><ent r="3" t="6" w="217" /><ent r="3" t="8" w="457" /><ent r="3" t="14" w="1997" /><ent r="3" t="15" w="519" /><ent r="3" t="16" w="121" /><ent r="3" t="23" w="548" /><ent r="3" t="23" w="986" /><ent r="4" t="24" w="536" /></phr><phr n="definitions"><ent r="3" t="16" w="138" /></phr><phr n="definitely"><ent r="4" t="16" w="212" /></phr><phr n="DEFINITIONS"><ent r="3" t="28" w="68" /></phr></stem><stem n="identifi"><phr n="identified"><ent r="3" t="4" w="108" /></phr><phr n="identifier"><ent r="6" t="5" w="232" /><ent r="6" t="5" w="321" /><ent r="6" t="5" w="328" /><ent r="6" t="5" w="354" /><ent r="5" t="5" w="378" /><ent r="3" t="20" w="40" /></phr><phr n="identifiers"><ent r="6" t="5" w="292" /></phr><phr n="identifies"><ent r="4" t="6" w="138" /><ent r="4" t="12" w="184" /></phr><phr n="IDENTIFIER"><ent r="3" t="28" w="164" /><ent r="3" t="28" w="169" /><ent r="3" t="28" w="393" /></phr><phr n="identify"><ent r="3" t="31" w="1146" /><ent r="3" t="31" w="3345" /><ent r="3" t="41" w="289" /></phr></stem><stem n="-up"><phr n="-up"><ent r="3" t="4" w="119" /><ent r="3" t="4" w="119" /><ent r="1000" t="10" w="2" /><ent r="1000" t="10" w="2" /><ent r="3" t="10" w="46" /><ent r="3" t="10" w="46" /><ent r="3" t="10" w="269" /><ent r="3" t="10" w="269" /><ent r="3" t="10" w="339" /><ent r="3" t="10" w="339" /><ent r="3" t="31" w="1292" /><ent r="3" t="31" w="1292" /><ent r="4" t="42" w="135" /><ent r="4" t="42" w="135" /><ent r="64" t="42" w="322" /><ent r="64" t="42" w="322" /><ent r="3" t="42" w="361" /><ent r="3" t="42" w="361" /></phr><phr n="-UPS"><ent r="100" t="15" w="851" /><ent r="100" t="15" w="851" /><ent r="4" t="15" w="864" /><ent r="4" t="15" w="864" /><ent r="100" t="22" w="157" /><ent r="100" t="22" w="157" /><ent r="4" t="22" w="170" /><ent r="4" t="22" w="170" /></phr></stem><stem n="pop"><phr n="pop"><ent r="3" t="4" w="119" /><ent r="3" t="10" w="46" /><ent r="3" t="10" w="269" /><ent r="3" t="10" w="339" /><ent r="3" t="31" w="1292" /><ent r="4" t="42" w="135" /><ent r="3" t="42" w="361" /></phr><phr n="Pop"><ent r="1000" t="10" w="2" /><ent r="64" t="42" w="322" /></phr></stem><stem n="pop-up"><phr n="pop-up"><ent r="3" t="4" w="119" /><ent r="3" t="10" w="46" /><ent r="3" t="10" w="269" /><ent r="3" t="10" w="339" /><ent r="3" t="31" w="1292" /><ent r="4" t="42" w="135" /><ent r="3" t="42" w="361" /></phr><phr n="Pop-up"><ent r="1000" t="10" w="2" /><ent r="64" t="42" w="322" /></phr></stem><stem n="up"><phr n="up"><ent r="3" t="4" w="120" /><ent r="6" t="5" w="238" /><ent r="3" t="7" w="82" /><ent r="1000" t="10" w="3" /><ent r="3" t="10" w="47" /><ent r="3" t="10" w="270" /><ent r="3" t="10" w="340" /><ent r="4" t="15" w="908" /><ent r="6" t="16" w="543" /><ent r="6" t="16" w="688" /><ent r="3" t="16" w="1740" /><ent r="3" t="16" w="1755" /><ent r="3" t="16" w="1813" /><ent r="3" t="19" w="922" /><ent r="83" t="19" w="1036" /><ent r="6" t="21" w="2468" /><ent r="4" t="22" w="212" /><ent r="3" t="25" w="239" /><ent r="3" t="31" w="1021" /><ent r="3" t="31" w="1293" /><ent r="3" t="31" w="2079" /><ent r="3" t="31" w="2773" /><ent r="3" t="31" w="3064" /><ent r="3" t="33" w="155" /><ent r="4" t="42" w="136" /><ent r="64" t="42" w="323" /><ent r="3" t="42" w="362" /><ent r="3" t="44" w="92" /><ent r="3" t="47" w="73" /><ent r="3" t="49" w="11" /><ent r="5" t="55" w="1098" /></phr><phr n="UPS"><ent r="5" t="13" w="45" /><ent r="5" t="13" w="80" /><ent r="5" t="13" w="86" /><ent r="5" t="13" w="130" /><ent r="5" t="13" w="180" /><ent r="5" t="13" w="271" /><ent r="5" t="13" w="664" /><ent r="5" t="13" w="701" /><ent r="5" t="13" w="743" /><ent r="100" t="15" w="848" /><ent r="100" t="15" w="852" /><ent r="4" t="15" w="865" /><ent r="100" t="22" w="154" /><ent r="100" t="22" w="158" /><ent r="4" t="22" w="171" /></phr><phr n="Up"><ent r="3" t="28" w="225" /></phr><phr n="UP"><ent r="100" t="30" w="237" /><ent r="4" t="30" w="239" /><ent r="3" t="37" w="142" /><ent r="3" t="37" w="144" /><ent r="3" t="37" w="146" /></phr></stem><stem n="version"><phr n="version"><ent r="3" t="4" w="124" /><ent r="6" t="5" w="427" /><ent r="5" t="5" w="445" /><ent r="3" t="5" w="741" /><ent r="3" t="11" w="48" /><ent r="5" t="14" w="682" /><ent r="5" t="14" w="869" /><ent r="5" t="14" w="872" /><ent r="4" t="16" w="241" /><ent r="3" t="19" w="1292" /><ent r="3" t="21" w="2545" /><ent r="3" t="21" w="2633" /><ent r="4" t="23" w="171" /><ent r="4" t="25" w="704" /><ent r="3" t="27" w="57" /><ent r="3" t="27" w="134" /><ent r="3" t="28" w="155" /><ent r="5" t="30" w="1471" /><ent r="3" t="32" w="147" /><ent r="3" t="33" w="359" /><ent r="3" t="33" w="365" /><ent r="4" t="33" w="893" /><ent r="3" t="34" w="31" /><ent r="3" t="34" w="37" /><ent r="3" t="34" w="405" /><ent r="3" t="34" w="659" /><ent r="3" t="35" w="118" /><ent r="3" t="36" w="54" /><ent r="3" t="36" w="342" /><ent r="3" t="36" w="405" /><ent r="3" t="38" w="153" /><ent r="3" t="38" w="157" /><ent r="3" t="38" w="189" /><ent r="3" t="38" w="199" /><ent r="4" t="40" w="115" /><ent r="3" t="41" w="188" /><ent r="3" t="41" w="334" /><ent r="4" t="47" w="341" /><ent r="4" t="47" w="352" /><ent r="4" t="47" w="372" /><ent r="3" t="47" w="744" /><ent r="6" t="53" w="308" /><ent r="6" t="53" w="326" /><ent r="7" t="53" w="328" /><ent r="7" t="53" w="335" /><ent r="7" t="53" w="367" /><ent r="7" t="53" w="433" /><ent r="8" t="53" w="455" /><ent r="7" t="53" w="485" /><ent r="8" t="53" w="494" /><ent r="8" t="53" w="580" /><ent r="6" t="53" w="610" /><ent r="7" t="53" w="627" /><ent r="6" t="53" w="638" /><ent r="5" t="55" w="664" /><ent r="6" t="55" w="780" /><ent r="5" t="55" w="783" /><ent r="3" t="60" w="26" /></phr><phr n="Versions"><ent r="4" t="16" w="217" /></phr><phr n="Version"><ent r="3" t="25" w="1015" /><ent r="3" t="27" w="1315" /><ent r="3" t="34" w="384" /><ent r="3" t="34" w="638" /><ent r="6" t="53" w="594" /><ent r="3" t="60" w="43" /><ent r="3" t="60" w="50" /></phr><phr n="VERSION"><ent r="6" t="30" w="1467" /></phr><phr n="versions"><ent r="4" t="33" w="548" /></phr></stem><stem n="system"><phr n="system"><ent r="3" t="4" w="126" /><ent r="3" t="21" w="1688" /><ent r="4" t="21" w="2681" /><ent r="4" t="23" w="167" /><ent r="3" t="24" w="127" /><ent r="3" t="24" w="166" /><ent r="3" t="24" w="339" /><ent r="3" t="24" w="342" /><ent r="3" t="24" w="353" /><ent r="3" t="24" w="382" /><ent r="3" t="24" w="389" /><ent r="3" t="24" w="421" /><ent r="3" t="25" w="1454" /><ent r="4" t="33" w="462" /><ent r="6" t="33" w="1015" /><ent r="3" t="36" w="66" /><ent r="3" t="43" w="179" /></phr><phr n="systems"><ent r="3" t="7" w="254" /><ent r="3" t="36" w="44" /></phr><phr n="System"><ent r="3" t="25" w="1238" /></phr></stem><stem n="descript"><phr n="Description"><ent r="64" t="4" w="129" /><ent r="1000" t="7" w="3" /><ent r="100" t="7" w="17" /><ent r="100" t="7" w="19" /><ent r="102" t="7" w="23" /><ent r="3" t="7" w="30" /><ent r="64" t="10" w="161" /><ent r="5" t="14" w="123" /><ent r="5" t="14" w="295" /><ent r="5" t="14" w="443" /><ent r="5" t="14" w="565" /><ent r="5" t="14" w="610" /><ent r="5" t="14" w="797" /><ent r="5" t="14" w="1082" /><ent r="5" t="14" w="1184" /><ent r="5" t="18" w="160" /><ent r="65" t="19" w="441" /><ent r="6" t="21" w="2369" /><ent r="3" t="23" w="308" /><ent r="3" t="23" w="1014" /></phr><phr n="description"><ent r="5" t="4" w="135" /><ent r="3" t="5" w="27" /><ent r="3" t="7" w="44" /><ent r="3" t="7" w="78" /><ent r="4" t="7" w="109" /><ent r="3" t="7" w="127" /><ent r="3" t="7" w="169" /><ent r="3" t="7" w="200" /><ent r="3" t="7" w="480" /><ent r="5" t="14" w="586" /><ent r="3" t="15" w="541" /><ent r="6" t="16" w="365" /><ent r="6" t="16" w="396" /><ent r="6" t="16" w="412" /><ent r="4" t="18" w="880" /><ent r="4" t="21" w="2682" /><ent r="3" t="21" w="2712" /><ent r="4" t="23" w="168" /><ent r="4" t="23" w="758" /><ent r="3" t="27" w="99" /><ent r="3" t="27" w="111" /><ent r="3" t="30" w="258" /><ent r="4" t="33" w="914" /><ent r="4" t="37" w="550" /></phr><phr n="Descriptions"><ent r="100" t="21" w="836" /><ent r="92" t="21" w="839" /></phr><phr n="descriptions"><ent r="3" t="25" w="1095" /><ent r="3" t="28" w="135" /><ent r="3" t="36" w="371" /><ent r="3" t="45" w="83" /></phr><phr n="DESCRIPTION"><ent r="3" t="28" w="119" /><ent r="3" t="28" w="133" /><ent r="3" t="28" w="146" /><ent r="3" t="28" w="153" /><ent r="3" t="28" w="186" /><ent r="3" t="28" w="219" /><ent r="3" t="28" w="251" /><ent r="3" t="28" w="285" /><ent r="3" t="28" w="316" /><ent r="3" t="28" w="341" /><ent r="3" t="28" w="377" /><ent r="3" t="28" w="408" /></phr></stem><stem n="help"><phr n="help"><ent r="3" t="4" w="145" /><ent r="3" t="4" w="194" /><ent r="3" t="40" w="1218" /><ent r="3" t="40" w="1220" /></phr><phr n="helps"><ent r="5" t="5" w="413" /></phr><phr n="Help"><ent r="3" t="40" w="645" /><ent r="5" t="40" w="657" /><ent r="72" t="40" w="1199" /></phr></stem><stem n="user'"><phr n="user's"><ent r="3" t="4" w="152" /><ent r="3" t="4" w="151" /><ent r="3" t="50" w="130" /><ent r="3" t="50" w="129" /></phr></stem><stem n="typic"><phr n="typically"><ent r="3" t="4" w="158" /></phr><phr n="Typically"><ent r="6" t="5" w="233" /></phr></stem><stem n="paramet"><phr n="parameters"><ent r="3" t="4" w="168" /><ent r="5" t="4" w="207" /><ent r="4" t="5" w="816" /><ent r="3" t="8" w="20" /><ent r="3" t="8" w="22" /><ent r="3" t="8" w="102" /><ent r="3" t="8" w="249" /><ent r="4" t="8" w="261" /><ent r="3" t="16" w="1413" /><ent r="4" t="19" w="209" /><ent r="3" t="27" w="1121" /><ent r="3" t="31" w="988" /><ent r="3" t="31" w="3367" /><ent r="3" t="32" w="209" /><ent r="3" t="33" w="405" /><ent r="3" t="37" w="97" /><ent r="4" t="51" w="184" /><ent r="5" t="55" w="1716" /><ent r="5" t="55" w="1730" /><ent r="3" t="58" w="35" /></phr><phr n="Parameters"><ent r="64" t="4" w="197" /><ent r="1000" t="8" w="1" /><ent r="100" t="8" w="4" /><ent r="102" t="8" w="7" /><ent r="7" t="8" w="602" /></phr><phr n="parameter"><ent r="4" t="8" w="56" /><ent r="3" t="8" w="75" /><ent r="3" t="8" w="77" /><ent r="3" t="8" w="81" /><ent r="3" t="8" w="129" /><ent r="3" t="8" w="282" /><ent r="3" t="8" w="329" /><ent r="3" t="8" w="347" /><ent r="3" t="8" w="415" /><ent r="3" t="8" w="515" /><ent r="3" t="8" w="559" /><ent r="4" t="31" w="384" /><ent r="3" t="31" w="920" /><ent r="3" t="31" w="1028" /><ent r="3" t="31" w="1168" /><ent r="3" t="31" w="1224" /><ent r="4" t="31" w="1449" /><ent r="3" t="31" w="2455" /><ent r="3" t="31" w="2476" /><ent r="3" t="31" w="2492" /><ent r="3" t="31" w="3306" /><ent r="4" t="33" w="1397" /><ent r="6" t="55" w="1192" /><ent r="6" t="55" w="1215" /><ent r="5" t="55" w="1634" /><ent r="5" t="55" w="1640" /><ent r="5" t="55" w="1662" /><ent r="5" t="55" w="1704" /><ent r="5" t="55" w="1808" /><ent r="5" t="55" w="1833" /><ent r="5" t="55" w="1860" /><ent r="5" t="55" w="1887" /><ent r="5" t="55" w="1914" /><ent r="6" t="55" w="1979" /></phr><phr n="Parameter"><ent r="100" t="8" w="542" /><ent r="92" t="8" w="546" /><ent r="4" t="31" w="3213" /><ent r="4" t="31" w="3255" /><ent r="4" t="31" w="3323" /></phr></stem><stem n="markup"><phr n="markup"><ent r="3" t="4" w="175" /><ent r="3" t="7" w="172" /><ent r="3" t="7" w="182" /><ent r="3" t="7" w="212" /><ent r="4" t="7" w="263" /><ent r="4" t="7" w="274" /><ent r="4" t="7" w="285" /><ent r="3" t="10" w="156" /><ent r="4" t="19" w="433" /><ent r="3" t="51" w="51" /></phr><phr n="Markup"><ent r="100" t="7" w="155" /><ent r="92" t="7" w="159" /><ent r="82" t="7" w="257" /><ent r="100" t="7" w="288" /><ent r="82" t="7" w="292" /></phr></stem><stem n="amount"><phr n="amount"><ent r="3" t="4" w="184" /><ent r="5" t="7" w="352" /></phr></stem><stem n="style"><phr n="styling"><ent r="3" t="4" w="189" /></phr><phr n="styles"><ent r="3" t="7" w="166" /></phr><phr n="Stylings"><ent r="100" t="7" w="387" /></phr><phr n="stylings"><ent r="5" t="7" w="398" /></phr><phr n="style"><ent r="3" t="24" w="561" /><ent r="6" t="55" w="1683" /><ent r="5" t="55" w="1694" /><ent r="6" t="55" w="1752" /><ent r="5" t="55" w="1760" /></phr></stem><stem n="probe'"><phr n="probe's"><ent r="3" t="4" w="193" /><ent r="3" t="4" w="192" /><ent r="6" t="5" w="230" /><ent r="6" t="5" w="229" /><ent r="6" t="5" w="319" /><ent r="6" t="5" w="318" /><ent r="6" t="5" w="352" /><ent r="6" t="5" w="351" /><ent r="5" t="5" w="376" /><ent r="5" t="5" w="375" /><ent r="3" t="6" w="175" /><ent r="3" t="6" w="174" /><ent r="3" t="10" w="104" /><ent r="3" t="10" w="103" /><ent r="3" t="10" w="268" /><ent r="3" t="10" w="267" /><ent r="3" t="10" w="338" /><ent r="3" t="10" w="337" /><ent r="3" t="24" w="784" /><ent r="3" t="24" w="783" /><ent r="3" t="34" w="183" /><ent r="3" t="34" w="182" /><ent r="3" t="34" w="472" /><ent r="3" t="34" w="471" /><ent r="3" t="34" w="726" /><ent r="3" t="34" w="725" /><ent r="3" t="38" w="148" /><ent r="3" t="38" w="147" /><ent r="3" t="38" w="156" /><ent r="3" t="38" w="155" /><ent r="5" t="42" w="230" /><ent r="5" t="42" w="229" /></phr></stem><stem n="field"><phr n="fields"><ent r="3" t="4" w="215" /><ent r="3" t="8" w="161" /><ent r="3" t="8" w="348" /><ent r="3" t="8" w="571" /><ent r="3" t="18" w="809" /><ent r="3" t="19" w="87" /><ent r="3" t="25" w="516" /><ent r="3" t="26" w="145" /><ent r="4" t="38" w="360" /><ent r="3" t="45" w="164" /><ent r="3" t="45" w="169" /><ent r="3" t="45" w="197" /><ent r="3" t="45" w="247" /><ent r="3" t="45" w="271" /><ent r="3" t="46" w="192" /></phr><phr n="field"><ent r="4" t="7" w="110" /><ent r="3" t="8" w="89" /><ent r="3" t="8" w="211" /><ent r="3" t="8" w="292" /><ent r="3" t="8" w="370" /><ent r="3" t="8" w="409" /><ent r="3" t="8" w="579" /><ent r="6" t="16" w="766" /><ent r="4" t="16" w="909" /><ent r="3" t="16" w="1403" /><ent r="3" t="16" w="1611" /><ent r="4" t="18" w="627" /><ent r="3" t="21" w="1168" /><ent r="3" t="21" w="1190" /><ent r="3" t="21" w="1277" /><ent r="3" t="21" w="1281" /><ent r="3" t="21" w="1349" /><ent r="4" t="23" w="715" /><ent r="4" t="23" w="736" /><ent r="4" t="23" w="742" /><ent r="4" t="23" w="753" /><ent r="4" t="25" w="528" /><ent r="4" t="25" w="534" /><ent r="4" t="25" w="572" /><ent r="4" t="25" w="606" /><ent r="4" t="25" w="624" /><ent r="4" t="25" w="634" /><ent r="4" t="25" w="648" /><ent r="4" t="26" w="228" /><ent r="4" t="37" w="329" /><ent r="4" t="41" w="753" /><ent r="5" t="55" w="1093" /><ent r="5" t="55" w="1111" /></phr><phr n="Field"><ent r="92" t="8" w="154" /><ent r="5" t="14" w="616" /><ent r="5" t="14" w="630" /><ent r="5" t="14" w="640" /><ent r="5" t="14" w="651" /><ent r="5" t="14" w="660" /><ent r="5" t="14" w="670" /><ent r="5" t="14" w="680" /><ent r="5" t="14" w="688" /><ent r="5" t="14" w="698" /><ent r="5" t="14" w="712" /><ent r="5" t="14" w="744" /><ent r="5" t="14" w="755" /><ent r="5" t="14" w="766" /><ent r="5" t="26" w="209" /></phr><phr n="Fields"><ent r="82" t="8" w="208" /><ent r="100" t="8" w="240" /><ent r="82" t="8" w="243" /><ent r="82" t="8" w="341" /><ent r="82" t="8" w="490" /></phr></stem><stem n="entri"><phr n="entries"><ent r="3" t="4" w="218" /><ent r="6" t="5" w="1027" /><ent r="3" t="18" w="782" /><ent r="3" t="25" w="1156" /><ent r="3" t="25" w="1190" /><ent r="3" t="25" w="1212" /><ent r="3" t="39" w="321" /><ent r="3" t="39" w="478" /></phr><phr n="entry"><ent r="3" t="8" w="88" /><ent r="4" t="18" w="821" /><ent r="3" t="19" w="90" /><ent r="3" t="19" w="1009" /><ent r="4" t="23" w="251" /><ent r="3" t="25" w="1228" /><ent r="3" t="26" w="149" /><ent r="3" t="41" w="439" /></phr></stem><stem n="out"><phr n="out"><ent r="3" t="4" w="250" /><ent r="5" t="13" w="100" /><ent r="3" t="21" w="2041" /><ent r="3" t="21" w="2653" /><ent r="4" t="23" w="863" /><ent r="3" t="25" w="141" /><ent r="3" t="31" w="1622" /><ent r="3" t="31" w="1666" /><ent r="3" t="34" w="162" /><ent r="3" t="35" w="31" /><ent r="4" t="40" w="1174" /><ent r="3" t="56" w="58" /><ent r="3" t="56" w="345" /></phr></stem><stem n="expect"><phr n="expected"><ent r="3" t="4" w="255" /><ent r="4" t="21" w="2246" /><ent r="3" t="29" w="85" /><ent r="3" t="31" w="1527" /><ent r="3" t="39" w="499" /></phr><phr n="expects"><ent r="3" t="30" w="1704" /><ent r="3" t="37" w="193" /><ent r="4" t="40" w="1160" /></phr><phr n="EXPecT"><ent r="100" t="31" w="1519" /></phr><phr n="Expects"><ent r="3" t="35" w="25" /></phr><phr n="expect"><ent r="3" t="39" w="29" /></phr></stem><stem n="interpret"><phr n="interpret"><ent r="3" t="4" w="260" /><ent r="3" t="23" w="333" /></phr><phr n="interpreter"><ent r="5" t="14" w="247" /><ent r="3" t="36" w="16" /><ent r="3" t="36" w="21" /><ent r="3" t="36" w="34" /><ent r="3" t="36" w="89" /><ent r="3" t="36" w="101" /><ent r="4" t="36" w="161" /><ent r="3" t="36" w="232" /></phr><phr n="interpreted"><ent r="4" t="21" w="774" /><ent r="3" t="21" w="1747" /><ent r="100" t="33" w="667" /><ent r="4" t="33" w="711" /><ent r="3" t="53" w="15" /><ent r="4" t="54" w="227" /></phr><phr n="interprets"><ent r="3" t="37" w="153" /></phr></stem><stem n="code"><phr n="code"><ent r="3" t="4" w="292" /><ent r="3" t="7" w="552" /><ent r="3" t="11" w="24" /><ent r="3" t="11" w="35" /><ent r="3" t="11" w="39" /><ent r="3" t="11" w="56" /><ent r="4" t="11" w="80" /><ent r="3" t="11" w="84" /><ent r="5" t="14" w="176" /><ent r="5" t="14" w="180" /><ent r="5" t="14" w="192" /><ent r="4" t="21" w="779" /><ent r="3" t="21" w="1144" /><ent r="3" t="21" w="1420" /><ent r="3" t="21" w="1752" /><ent r="3" t="21" w="2346" /><ent r="3" t="21" w="2553" /><ent r="3" t="30" w="461" /><ent r="3" t="33" w="146" /><ent r="3" t="33" w="329" /><ent r="4" t="33" w="464" /><ent r="4" t="33" w="1285" /><ent r="4" t="33" w="1318" /><ent r="3" t="34" w="592" /><ent r="3" t="34" w="847" /><ent r="5" t="37" w="444" /><ent r="5" t="37" w="767" /><ent r="5" t="37" w="778" /><ent r="5" t="37" w="785" /><ent r="3" t="60" w="9" /><ent r="3" t="60" w="21" /></phr><phr n="codes"><ent r="4" t="21" w="729" /><ent r="3" t="21" w="1016" /><ent r="3" t="21" w="1023" /><ent r="3" t="21" w="1345" /><ent r="3" t="21" w="1475" /><ent r="3" t="21" w="1508" /><ent r="3" t="21" w="1691" /><ent r="3" t="21" w="1770" /><ent r="3" t="34" w="518" /><ent r="3" t="34" w="772" /></phr><phr n="CODE"><ent r="100" t="33" w="1220" /><ent r="4" t="33" w="1292" /><ent r="5" t="33" w="1304" /><ent r="3" t="34" w="522" /><ent r="3" t="34" w="527" /><ent r="3" t="34" w="532" /><ent r="3" t="34" w="537" /><ent r="3" t="34" w="542" /><ent r="3" t="34" w="776" /><ent r="3" t="34" w="781" /><ent r="3" t="34" w="786" /><ent r="3" t="34" w="791" /><ent r="3" t="34" w="796" /><ent r="3" t="35" w="186" /><ent r="3" t="35" w="191" /><ent r="3" t="35" w="196" /><ent r="3" t="36" w="484" /><ent r="3" t="36" w="489" /><ent r="3" t="36" w="494" /><ent r="3" t="36" w="499" /></phr><phr n="Code"><ent r="3" t="36" w="268" /></phr></stem><stem n="companion"><phr n="Companion"><ent r="64" t="4" w="296" /><ent r="64" t="11" w="21" /><ent r="64" t="11" w="147" /><ent r="64" t="33" w="385" /><ent r="1000" t="34" w="1" /><ent r="102" t="34" w="4" /><ent r="3" t="34" w="356" /><ent r="3" t="34" w="402" /><ent r="3" t="34" w="415" /><ent r="3" t="34" w="422" /><ent r="3" t="34" w="441" /><ent r="3" t="34" w="550" /><ent r="3" t="34" w="610" /><ent r="3" t="34" w="656" /><ent r="3" t="34" w="669" /><ent r="3" t="34" w="676" /><ent r="3" t="34" w="695" /><ent r="3" t="34" w="804" /><ent r="65" t="36" w="172" /></phr><phr n="companion"><ent r="3" t="33" w="378" /><ent r="3" t="34" w="8" /><ent r="3" t="34" w="75" /></phr></stem><stem n="execut"><phr n="executed"><ent r="3" t="4" w="301" /><ent r="3" t="31" w="219" /><ent r="3" t="31" w="4011" /></phr><phr n="execute"><ent r="3" t="29" w="21" /><ent r="4" t="33" w="941" /><ent r="3" t="40" w="632" /><ent r="4" t="42" w="476" /></phr><phr n="executes"><ent r="3" t="31" w="986" /><ent r="3" t="36" w="433" /></phr><phr n="executable"><ent r="6" t="33" w="981" /><ent r="6" t="33" w="1068" /><ent r="6" t="33" w="1123" /><ent r="100" t="37" w="242" /><ent r="4" t="37" w="250" /><ent r="4" t="37" w="265" /></phr></stem><stem n="ad"><phr n="adding"><ent r="3" t="4" w="315" /><ent r="6" t="21" w="2800" /><ent r="3" t="23" w="944" /><ent r="3" t="30" w="1877" /></phr><phr n="Adding"><ent r="6" t="5" w="944" /><ent r="100" t="30" w="180" /><ent r="65" t="30" w="182" /><ent r="92" t="30" w="1818" /><ent r="82" t="30" w="1857" /><ent r="82" t="30" w="1917" /></phr><phr n="added"><ent r="4" t="5" w="1111" /><ent r="3" t="10" w="62" /><ent r="3" t="17" w="262" /><ent r="4" t="19" w="699" /><ent r="4" t="19" w="719" /><ent r="3" t="21" w="1226" /><ent r="3" t="31" w="2089" /><ent r="4" t="33" w="1385" /></phr><phr n="Added"><ent r="3" t="27" w="79" /><ent r="3" t="28" w="147" /></phr></stem><stem n="detail"><phr n="details"><ent r="3" t="4" w="329" /><ent r="3" t="18" w="900" /><ent r="4" t="19" w="189" /><ent r="3" t="25" w="209" /><ent r="3" t="30" w="1816" /></phr><phr n="detailed"><ent r="3" t="11" w="143" /><ent r="3" t="16" w="1195" /><ent r="3" t="16" w="1692" /><ent r="4" t="30" w="1308" /><ent r="3" t="30" w="1355" /><ent r="3" t="45" w="82" /><ent r="4" t="51" w="586" /><ent r="4" t="51" w="600" /><ent r="4" t="51" w="614" /><ent r="6" t="53" w="796" /><ent r="3" t="59" w="54" /></phr><phr n="Details"><ent r="100" t="31" w="866" /><ent r="92" t="31" w="870" /></phr><phr n="detail"><ent r="3" t="31" w="1229" /></phr></stem><stem n="mib"><phr n="MIB"><ent r="100" t="4" w="357" /><ent r="3" t="4" w="367" /><ent r="3" t="4" w="382" /><ent r="5" t="13" w="458" /><ent r="100" t="15" w="39" /><ent r="3" t="15" w="53" /><ent r="3" t="15" w="66" /><ent r="4" t="15" w="148" /><ent r="4" t="15" w="339" /><ent r="100" t="15" w="797" /><ent r="100" t="15" w="801" /><ent r="4" t="15" w="810" /><ent r="100" t="15" w="849" /><ent r="100" t="15" w="853" /><ent r="4" t="15" w="866" /><ent r="100" t="16" w="17" /><ent r="3" t="16" w="22" /><ent r="3" t="16" w="65" /><ent r="4" t="16" w="156" /><ent r="4" t="16" w="208" /><ent r="4" t="16" w="318" /><ent r="6" t="16" w="423" /><ent r="6" t="16" w="747" /><ent r="3" t="16" w="1735" /><ent r="3" t="16" w="1799" /><ent r="3" t="16" w="1822" /><ent r="3" t="16" w="1830" /><ent r="100" t="21" w="18" /><ent r="100" t="21" w="23" /><ent r="3" t="21" w="47" /><ent r="100" t="22" w="105" /><ent r="100" t="22" w="109" /><ent r="4" t="22" w="118" /><ent r="100" t="22" w="155" /><ent r="100" t="22" w="159" /><ent r="4" t="22" w="172" /><ent r="4" t="23" w="254" /><ent r="3" t="23" w="275" /><ent r="3" t="23" w="580" /><ent r="4" t="23" w="856" /><ent r="3" t="23" w="908" /><ent r="3" t="23" w="956" /><ent r="3" t="23" w="1002" /><ent r="3" t="23" w="1011" /><ent r="3" t="23" w="1019" /><ent r="3" t="23" w="1030" /><ent r="3" t="23" w="1041" /><ent r="3" t="23" w="1050" /><ent r="3" t="23" w="1059" /><ent r="3" t="23" w="1068" /><ent r="3" t="23" w="1077" /><ent r="3" t="23" w="1086" /><ent r="4" t="23" w="1621" /><ent r="3" t="24" w="34" /><ent r="3" t="24" w="221" /><ent r="4" t="24" w="272" /><ent r="3" t="24" w="307" /><ent r="3" t="24" w="348" /><ent r="3" t="24" w="352" /><ent r="3" t="24" w="393" /><ent r="3" t="24" w="403" /><ent r="3" t="24" w="407" /><ent r="4" t="24" w="464" /><ent r="4" t="24" w="479" /><ent r="4" t="24" w="501" /><ent r="4" t="24" w="522" /><ent r="3" t="24" w="879" /><ent r="3" t="25" w="1243" /><ent r="3" t="25" w="1248" /><ent r="3" t="25" w="1253" /><ent r="3" t="25" w="1260" /><ent r="3" t="25" w="1280" /><ent r="3" t="25" w="1301" /><ent r="3" t="25" w="1310" /><ent r="3" t="25" w="1318" /><ent r="3" t="25" w="1408" /><ent r="3" t="25" w="1417" /><ent r="3" t="25" w="1425" /><ent r="3" t="25" w="1452" /><ent r="3" t="27" w="387" /><ent r="3" t="27" w="1162" /><ent r="1000" t="28" w="3" /><ent r="100" t="28" w="6" /><ent r="102" t="28" w="10" /><ent r="3" t="28" w="40" /><ent r="3" t="28" w="48" /><ent r="3" t="28" w="67" /><ent r="3" t="28" w="121" /><ent r="3" t="28" w="157" /><ent r="100" t="40" w="148" /><ent r="100" t="40" w="150" /><ent r="100" t="40" w="156" /><ent r="4" t="40" w="168" /><ent r="3" t="40" w="365" /><ent r="3" t="40" w="1064" /><ent r="4" t="40" w="1125" /><ent r="4" t="40" w="1132" /><ent r="4" t="44" w="35" /><ent r="6" t="44" w="281" /><ent r="6" t="47" w="426" /><ent r="3" t="47" w="629" /></phr><phr n="MIBs"><ent r="3" t="16" w="1706" /></phr><phr n="mibs"><ent r="6" t="44" w="285" /><ent r="6" t="47" w="430" /><ent r="3" t="47" w="627" /></phr></stem></index>