﻿<?xml version="1.0" encoding="utf-8"?><index><stem n="continu"><phr n="continually"><ent r="3" t="0" w="31" /></phr><phr n="continue"><ent r="3" t="1" w="636" /><ent r="3" t="40" w="359" /></phr><phr n="continuously"><ent r="6" t="5" w="992" /></phr></stem><stem n="test"><phr n="tests"><ent r="3" t="0" w="32" /><ent r="3" t="3" w="262" /><ent r="4" t="21" w="241" /></phr><phr n="test"><ent r="3" t="3" w="31" /><ent r="3" t="3" w="48" /><ent r="3" t="3" w="76" /><ent r="3" t="14" w="1492" /><ent r="3" t="14" w="1506" /><ent r="3" t="14" w="1513" /><ent r="3" t="14" w="1521" /><ent r="3" t="14" w="1542" /><ent r="3" t="14" w="1558" /><ent r="3" t="16" w="29" /><ent r="3" t="19" w="35" /><ent r="4" t="19" w="146" /><ent r="5" t="19" w="150" /><ent r="4" t="19" w="230" /><ent r="3" t="19" w="1137" /><ent r="3" t="19" w="1290" /><ent r="3" t="32" w="246" /><ent r="4" t="34" w="229" /><ent r="3" t="34" w="248" /><ent r="3" t="34" w="261" /><ent r="3" t="34" w="271" /><ent r="3" t="34" w="282" /><ent r="4" t="34" w="300" /><ent r="3" t="34" w="316" /><ent r="4" t="34" w="328" /><ent r="4" t="34" w="335" /><ent r="3" t="34" w="504" /><ent r="3" t="34" w="567" /><ent r="3" t="34" w="603" /><ent r="3" t="34" w="758" /><ent r="3" t="34" w="821" /><ent r="3" t="34" w="858" /><ent r="4" t="38" w="255" /><ent r="4" t="38" w="319" /><ent r="4" t="38" w="379" /><ent r="3" t="40" w="541" /><ent r="3" t="40" w="557" /><ent r="3" t="51" w="203" /><ent r="3" t="51" w="225" /><ent r="4" t="51" w="357" /></phr><phr n="tested"><ent r="4" t="3" w="199" /><ent r="3" t="15" w="58" /><ent r="3" t="15" w="108" /><ent r="4" t="15" w="370" /><ent r="3" t="30" w="52" /><ent r="3" t="30" w="214" /><ent r="3" t="31" w="177" /><ent r="3" t="42" w="38" /></phr><phr n="Test"><ent r="3" t="8" w="375" /><ent r="3" t="8" w="423" /><ent r="3" t="8" w="463" /><ent r="3" t="19" w="55" /><ent r="3" t="20" w="175" /><ent r="3" t="34" w="414" /><ent r="3" t="34" w="668" /><ent r="3" t="36" w="414" /><ent r="100" t="53" w="114" /><ent r="7" t="53" w="121" /><ent r="7" t="53" w="216" /><ent r="100" t="54" w="34" /><ent r="4" t="54" w="37" /><ent r="3" t="54" w="64" /></phr><phr n="testing"><ent r="3" t="16" w="1744" /><ent r="3" t="16" w="1763" /><ent r="3" t="16" w="1816" /><ent r="3" t="27" w="716" /><ent r="3" t="34" w="361" /><ent r="3" t="34" w="615" /><ent r="3" t="47" w="79" /><ent r="100" t="59" w="16" /><ent r="3" t="59" w="50" /></phr><phr n="Tests"><ent r="100" t="21" w="346" /><ent r="4" t="21" w="349" /><ent r="100" t="21" w="352" /><ent r="4" t="21" w="355" /></phr></stem><stem n="router"><phr n="routers"><ent r="3" t="0" w="33" /></phr><phr n="router"><ent r="3" t="3" w="62" /><ent r="3" t="15" w="75" /><ent r="4" t="23" w="206" /><ent r="3" t="39" w="333" /></phr><phr n="Router"><ent r="3" t="27" w="496" /><ent r="3" t="27" w="657" /><ent r="3" t="27" w="780" /><ent r="3" t="27" w="890" /><ent r="3" t="27" w="1072" /><ent r="3" t="40" w="888" /></phr></stem><stem n=","><phr n=","><ent r="3" t="0" w="34" /><ent r="3" t="0" w="35" /><ent r="3" t="0" w="36" /><ent r="3" t="0" w="51" /><ent r="3" t="0" w="61" /><ent r="3" t="0" w="64" /><ent r="3" t="0" w="102" /><ent r="3" t="0" w="123" /><ent r="3" t="0" w="158" /><ent r="3" t="0" w="203" /><ent r="64" t="0" w="221" /><ent r="3" t="1" w="20" /><ent r="3" t="1" w="26" /><ent r="3" t="1" w="28" /><ent r="3" t="1" w="85" /><ent r="3" t="1" w="104" /><ent r="3" t="1" w="123" /><ent r="3" t="1" w="207" /><ent r="3" t="1" w="211" /><ent r="3" t="1" w="212" /><ent r="3" t="1" w="213" /><ent r="3" t="1" w="214" /><ent r="3" t="1" w="226" /><ent r="3" t="1" w="291" /><ent r="3" t="1" w="304" /><ent r="3" t="1" w="309" /><ent r="3" t="1" w="321" /><ent r="3" t="1" w="330" /><ent r="3" t="1" w="334" /><ent r="3" t="1" w="349" /><ent r="3" t="1" w="357" /><ent r="3" t="1" w="358" /><ent r="3" t="1" w="359" /><ent r="3" t="1" w="372" /><ent r="3" t="1" w="375" /><ent r="3" t="1" w="393" /><ent r="3" t="1" w="399" /><ent r="3" t="1" w="435" /><ent r="3" t="1" w="511" /><ent r="3" t="1" w="536" /><ent r="3" t="1" w="541" /><ent r="3" t="1" w="559" /><ent r="3" t="1" w="560" /><ent r="3" t="1" w="563" /><ent r="3" t="1" w="566" /><ent r="3" t="1" w="567" /><ent r="3" t="1" w="601" /><ent r="3" t="1" w="604" /><ent r="3" t="1" w="607" /><ent r="3" t="1" w="629" /><ent r="3" t="1" w="653" /><ent r="3" t="1" w="655" /><ent r="3" t="1" w="683" /><ent r="3" t="1" w="691" /><ent r="3" t="1" w="694" /><ent r="3" t="1" w="702" /><ent r="3" t="1" w="713" /><ent r="3" t="1" w="718" /><ent r="3" t="1" w="723" /><ent r="3" t="2" w="13" /><ent r="3" t="2" w="20" /><ent r="3" t="2" w="35" /><ent r="3" t="3" w="23" /><ent r="3" t="3" w="56" /><ent r="3" t="3" w="62" /><ent r="3" t="3" w="63" /><ent r="3" t="3" w="64" /><ent r="3" t="3" w="69" /><ent r="3" t="3" w="88" /><ent r="3" t="3" w="104" /><ent r="3" t="3" w="108" /><ent r="3" t="3" w="126" /><ent r="4" t="3" w="183" /><ent r="4" t="3" w="186" /><ent r="4" t="3" w="216" /><ent r="4" t="3" w="233" /><ent r="3" t="3" w="291" /><ent r="3" t="3" w="372" /><ent r="3" t="3" w="465" /><ent r="3" t="4" w="23" /><ent r="3" t="4" w="82" /><ent r="3" t="4" w="103" /><ent r="3" t="4" w="109" /><ent r="3" t="4" w="122" /><ent r="3" t="4" w="142" /><ent r="3" t="4" w="165" /><ent r="3" t="4" w="240" /><ent r="3" t="4" w="254" /><ent r="3" t="4" w="257" /><ent r="3" t="4" w="289" /><ent r="3" t="4" w="363" /><ent r="3" t="4" w="400" /><ent r="3" t="5" w="65" /><ent r="3" t="5" w="69" /><ent r="7" t="5" w="156" /><ent r="7" t="5" w="181" /><ent r="6" t="5" w="195" /><ent r="6" t="5" w="208" /><ent r="6" t="5" w="234" /><ent r="6" t="5" w="250" /><ent r="6" t="5" w="257" /><ent r="6" t="5" w="262" /><ent r="6" t="5" w="326" /><ent r="6" t="5" w="336" /><ent r="6" t="5" w="359" /><ent r="6" t="5" w="510" /><ent r="6" t="5" w="520" /><ent r="5" t="5" w="575" /><ent r="6" t="5" w="647" /><ent r="65" t="5" w="783" /><ent r="6" t="5" w="924" /><ent r="6" t="5" w="941" /><ent r="6" t="5" w="981" /><ent r="6" t="5" w="998" /><ent r="6" t="5" w="1032" /><ent r="6" t="5" w="1077" /><ent r="6" t="5" w="1083" /><ent r="6" t="5" w="1087" /><ent r="4" t="5" w="1111" /><ent r="4" t="5" w="1115" /><ent r="4" t="5" w="1117" /><ent r="4" t="6" w="89" /><ent r="4" t="6" w="100" /><ent r="4" t="6" w="105" /><ent r="4" t="6" w="127" /><ent r="3" t="6" w="147" /><ent r="3" t="6" w="207" /><ent r="3" t="7" w="85" /><ent r="3" t="7" w="86" /><ent r="3" t="7" w="97" /><ent r="4" t="7" w="107" /><ent r="3" t="7" w="228" /><ent r="3" t="7" w="561" /><ent r="3" t="7" w="568" /><ent r="4" t="7" w="576" /><ent r="4" t="7" w="586" /><ent r="4" t="7" w="615" /><ent r="4" t="7" w="622" /><ent r="4" t="7" w="646" /><ent r="3" t="8" w="116" /><ent r="3" t="8" w="119" /><ent r="3" t="8" w="137" /><ent r="4" t="8" w="178" /><ent r="3" t="8" w="283" /><ent r="3" t="8" w="293" /><ent r="3" t="8" w="325" /><ent r="3" t="8" w="371" /><ent r="3" t="8" w="451" /><ent r="3" t="8" w="497" /><ent r="3" t="10" w="39" /><ent r="3" t="10" w="136" /><ent r="3" t="11" w="41" /><ent r="3" t="11" w="96" /><ent r="3" t="11" w="114" /><ent r="3" t="11" w="120" /><ent r="3" t="11" w="133" /><ent r="3" t="11" w="145" /><ent r="100" t="12" w="21" /><ent r="3" t="12" w="51" /><ent r="3" t="12" w="102" /><ent r="3" t="12" w="129" /><ent r="3" t="12" w="148" /><ent r="3" t="12" w="153" /><ent r="3" t="12" w="158" /><ent r="4" t="12" w="200" /><ent r="4" t="12" w="204" /><ent r="4" t="12" w="249" /><ent r="3" t="13" w="18" /><ent r="5" t="14" w="150" /><ent r="5" t="14" w="549" /><ent r="5" t="14" w="645" /><ent r="5" t="14" w="664" /><ent r="5" t="14" w="890" /><ent r="5" t="14" w="961" /><ent r="5" t="14" w="1051" /><ent r="5" t="14" w="1196" /><ent r="5" t="14" w="1243" /><ent r="3" t="14" w="1313" /><ent r="3" t="14" w="1436" /><ent r="3" t="14" w="1442" /><ent r="3" t="14" w="1444" /><ent r="3" t="14" w="1448" /><ent r="3" t="14" w="1458" /><ent r="3" t="14" w="1501" /><ent r="3" t="14" w="1518" /><ent r="3" t="14" w="1569" /><ent r="3" t="14" w="1659" /><ent r="3" t="14" w="1661" /><ent r="4" t="14" w="1683" /><ent r="4" t="14" w="1684" /><ent r="4" t="14" w="1698" /><ent r="4" t="14" w="1699" /><ent r="4" t="14" w="1700" /><ent r="3" t="14" w="1885" /><ent r="3" t="14" w="1899" /><ent r="3" t="14" w="1933" /><ent r="3" t="14" w="1993" /><ent r="3" t="14" w="2003" /><ent r="3" t="14" w="2022" /><ent r="3" t="14" w="2039" /><ent r="3" t="15" w="49" /><ent r="3" t="15" w="76" /><ent r="3" t="15" w="80" /><ent r="3" t="15" w="82" /><ent r="3" t="15" w="92" /><ent r="4" t="15" w="182" /><ent r="4" t="15" w="217" /><ent r="4" t="15" w="236" /><ent r="65" t="15" w="301" /><ent r="3" t="15" w="309" /><ent r="3" t="15" w="475" /><ent r="3" t="15" w="480" /><ent r="3" t="15" w="489" /><ent r="3" t="15" w="490" /><ent r="3" t="15" w="545" /><ent r="3" t="15" w="576" /><ent r="3" t="15" w="593" /><ent r="3" t="15" w="622" /><ent r="3" t="15" w="632" /><ent r="3" t="15" w="641" /><ent r="3" t="15" w="724" /><ent r="3" t="15" w="772" /><ent r="4" t="15" w="859" /><ent r="4" t="15" w="903" /><ent r="3" t="16" w="90" /><ent r="3" t="16" w="91" /><ent r="4" t="16" w="166" /><ent r="4" t="16" w="170" /><ent r="4" t="16" w="209" /><ent r="4" t="16" w="233" /><ent r="4" t="16" w="246" /><ent r="4" t="16" w="253" /><ent r="4" t="16" w="254" /><ent r="4" t="16" w="264" /><ent r="4" t="16" w="315" /><ent r="4" t="16" w="331" /><ent r="6" t="16" w="354" /><ent r="6" t="16" w="430" /><ent r="6" t="16" w="443" /><ent r="100" t="16" w="463" /><ent r="6" t="16" w="593" /><ent r="6" t="16" w="636" /><ent r="6" t="16" w="651" /><ent r="6" t="16" w="676" /><ent r="6" t="16" w="743" /><ent r="9" t="16" w="853" /><ent r="3" t="16" w="980" /><ent r="3" t="16" w="994" /><ent r="3" t="16" w="1010" /><ent r="3" t="16" w="1020" /><ent r="3" t="16" w="1026" /><ent r="3" t="16" w="1054" /><ent r="3" t="16" w="1060" /><ent r="3" t="16" w="1107" /><ent r="3" t="16" w="1111" /><ent r="3" t="16" w="1127" /><ent r="3" t="16" w="1133" /><ent r="3" t="16" w="1193" /><ent r="3" t="16" w="1251" /><ent r="3" t="16" w="1270" /><ent r="3" t="16" w="1277" /><ent r="3" t="16" w="1320" /><ent r="3" t="16" w="1322" /><ent r="3" t="16" w="1329" /><ent r="3" t="16" w="1377" /><ent r="4" t="16" w="1431" /><ent r="3" t="16" w="1599" /><ent r="3" t="16" w="1653" /><ent r="3" t="16" w="1662" /><ent r="3" t="16" w="1672" /><ent r="3" t="16" w="1718" /><ent r="3" t="16" w="1778" /><ent r="3" t="16" w="1794" /><ent r="3" t="16" w="1805" /><ent r="3" t="17" w="44" /><ent r="3" t="17" w="48" /><ent r="3" t="17" w="65" /><ent r="3" t="17" w="215" /><ent r="3" t="17" w="228" /><ent r="3" t="17" w="251" /><ent r="3" t="17" w="278" /><ent r="3" t="17" w="302" /><ent r="3" t="17" w="304" /><ent r="3" t="17" w="317" /><ent r="4" t="17" w="340" /><ent r="4" t="17" w="382" /><ent r="3" t="18" w="29" /><ent r="3" t="18" w="35" /><ent r="3" t="18" w="80" /><ent r="3" t="18" w="109" /><ent r="3" t="18" w="110" /><ent r="3" t="18" w="118" /><ent r="5" t="18" w="215" /><ent r="4" t="18" w="253" /><ent r="4" t="18" w="255" /><ent r="4" t="18" w="261" /><ent r="3" t="18" w="322" /><ent r="3" t="18" w="358" /><ent r="3" t="18" w="364" /><ent r="3" t="18" w="408" /><ent r="3" t="18" w="416" /><ent r="3" t="18" w="420" /><ent r="3" t="18" w="452" /><ent r="3" t="18" w="463" /><ent r="3" t="18" w="464" /><ent r="3" t="18" w="476" /><ent r="3" t="18" w="514" /><ent r="3" t="18" w="536" /><ent r="4" t="18" w="544" /><ent r="4" t="18" w="555" /><ent r="4" t="18" w="565" /><ent r="4" t="18" w="566" /><ent r="4" t="18" w="583" /><ent r="4" t="18" w="584" /><ent r="4" t="18" w="641" /><ent r="3" t="18" w="657" /><ent r="3" t="18" w="665" /><ent r="3" t="18" w="678" /><ent r="3" t="18" w="722" /><ent r="3" t="18" w="723" /><ent r="3" t="18" w="726" /><ent r="3" t="18" w="740" /><ent r="3" t="18" w="741" /><ent r="3" t="18" w="743" /><ent r="3" t="18" w="791" /><ent r="3" t="18" w="793" /><ent r="3" t="18" w="794" /><ent r="4" t="18" w="842" /><ent r="4" t="18" w="843" /><ent r="4" t="18" w="844" /><ent r="4" t="18" w="854" /><ent r="4" t="18" w="857" /><ent r="4" t="18" w="858" /><ent r="4" t="19" w="112" /><ent r="4" t="19" w="161" /><ent r="4" t="19" w="196" /><ent r="4" t="19" w="241" /><ent r="3" t="19" w="272" /><ent r="3" t="19" w="281" /><ent r="3" t="19" w="296" /><ent r="4" t="19" w="345" /><ent r="4" t="19" w="354" /><ent r="4" t="19" w="394" /><ent r="4" t="19" w="404" /><ent r="4" t="19" w="413" /><ent r="4" t="19" w="514" /><ent r="3" t="19" w="526" /><ent r="3" t="19" w="545" /><ent r="3" t="19" w="614" /><ent r="4" t="19" w="637" /><ent r="4" t="19" w="647" /><ent r="4" t="19" w="665" /><ent r="4" t="19" w="673" /><ent r="4" t="19" w="703" /><ent r="4" t="19" w="717" /><ent r="4" t="19" w="740" /><ent r="4" t="19" w="771" /><ent r="4" t="19" w="809" /><ent r="3" t="19" w="903" /><ent r="3" t="19" w="918" /><ent r="3" t="19" w="958" /><ent r="3" t="19" w="1006" /><ent r="3" t="19" w="1023" /><ent r="3" t="19" w="1092" /><ent r="3" t="19" w="1104" /><ent r="3" t="19" w="1140" /><ent r="3" t="19" w="1156" /><ent r="3" t="19" w="1161" /><ent r="3" t="19" w="1202" /><ent r="3" t="19" w="1224" /><ent r="3" t="19" w="1240" /><ent r="3" t="19" w="1316" /><ent r="3" t="19" w="1329" /><ent r="3" t="19" w="1333" /><ent r="3" t="19" w="1346" /><ent r="3" t="19" w="1350" /><ent r="3" t="19" w="1363" /><ent r="3" t="19" w="1464" /><ent r="3" t="19" w="1553" /><ent r="3" t="19" w="1561" /><ent r="3" t="19" w="1569" /><ent r="3" t="20" w="30" /><ent r="3" t="20" w="55" /><ent r="3" t="20" w="87" /><ent r="3" t="20" w="90" /><ent r="3" t="20" w="120" /><ent r="3" t="20" w="140" /><ent r="3" t="20" w="160" /><ent r="3" t="20" w="228" /><ent r="3" t="20" w="248" /><ent r="3" t="21" w="45" /><ent r="3" t="21" w="49" /><ent r="3" t="21" w="52" /><ent r="3" t="21" w="54" /><ent r="3" t="21" w="55" /><ent r="4" t="21" w="96" /><ent r="4" t="21" w="142" /><ent r="4" t="21" w="143" /><ent r="4" t="21" w="146" /><ent r="4" t="21" w="212" /><ent r="4" t="21" w="213" /><ent r="3" t="21" w="298" /><ent r="3" t="21" w="299" /><ent r="3" t="21" w="300" /><ent r="4" t="21" w="357" /><ent r="4" t="21" w="358" /><ent r="100" t="21" w="362" /><ent r="4" t="21" w="365" /><ent r="4" t="21" w="366" /><ent r="100" t="21" w="372" /><ent r="4" t="21" w="375" /><ent r="4" t="21" w="376" /><ent r="4" t="21" w="445" /><ent r="4" t="21" w="446" /><ent r="4" t="21" w="446" /><ent r="4" t="21" w="451" /><ent r="4" t="21" w="452" /><ent r="4" t="21" w="456" /><ent r="4" t="21" w="457" /><ent r="4" t="21" w="457" /><ent r="4" t="21" w="462" /><ent r="4" t="21" w="463" /><ent r="4" t="21" w="469" /><ent r="4" t="21" w="481" /><ent r="4" t="21" w="493" /><ent r="4" t="21" w="507" /><ent r="4" t="21" w="521" /><ent r="4" t="21" w="581" /><ent r="4" t="21" w="625" /><ent r="4" t="21" w="636" /><ent r="4" t="21" w="666" /><ent r="4" t="21" w="717" /><ent r="4" t="21" w="741" /><ent r="4" t="21" w="757" /><ent r="4" t="21" w="773" /><ent r="4" t="21" w="785" /><ent r="4" t="21" w="797" /><ent r="4" t="21" w="812" /><ent r="4" t="21" w="813" /><ent r="4" t="21" w="819" /><ent r="3" t="21" w="999" /><ent r="3" t="21" w="1169" /><ent r="3" t="21" w="1192" /><ent r="3" t="21" w="1274" /><ent r="3" t="21" w="1283" /><ent r="3" t="21" w="1485" /><ent r="3" t="21" w="1499" /><ent r="3" t="21" w="1694" /><ent r="3" t="21" w="1729" /><ent r="3" t="21" w="1746" /><ent r="3" t="21" w="1754" /><ent r="3" t="21" w="1791" /><ent r="3" t="21" w="1804" /><ent r="3" t="21" w="1819" /><ent r="3" t="21" w="1849" /><ent r="3" t="21" w="1891" /><ent r="3" t="21" w="1933" /><ent r="3" t="21" w="1964" /><ent r="3" t="21" w="1971" /><ent r="4" t="21" w="2072" /><ent r="4" t="21" w="2102" /><ent r="4" t="21" w="2122" /><ent r="4" t="21" w="2148" /><ent r="3" t="21" w="2172" /><ent r="3" t="21" w="2179" /><ent r="4" t="21" w="2253" /><ent r="4" t="21" w="2293" /><ent r="4" t="21" w="2311" /><ent r="4" t="21" w="2324" /><ent r="4" t="21" w="2335" /><ent r="3" t="21" w="2630" /><ent r="3" t="21" w="2637" /><ent r="4" t="21" w="2671" /><ent r="4" t="21" w="2681" /><ent r="4" t="21" w="2684" /><ent r="4" t="21" w="2696" /><ent r="4" t="21" w="2698" /><ent r="4" t="21" w="2701" /><ent r="4" t="21" w="2703" /><ent r="4" t="21" w="2706" /><ent r="3" t="22" w="37" /><ent r="4" t="22" w="165" /><ent r="4" t="22" w="207" /><ent r="4" t="22" w="236" /><ent r="4" t="22" w="264" /><ent r="4" t="22" w="265" /><ent r="4" t="22" w="266" /><ent r="4" t="22" w="303" /><ent r="3" t="23" w="38" /><ent r="3" t="23" w="48" /><ent r="3" t="23" w="78" /><ent r="3" t="23" w="127" /><ent r="3" t="23" w="129" /><ent r="4" t="23" w="209" /><ent r="4" t="23" w="216" /><ent r="4" t="23" w="221" /><ent r="4" t="23" w="231" /><ent r="3" t="23" w="275" /><ent r="3" t="23" w="374" /><ent r="3" t="23" w="430" /><ent r="3" t="23" w="574" /><ent r="3" t="23" w="610" /><ent r="3" t="23" w="627" /><ent r="3" t="23" w="645" /><ent r="4" t="23" w="794" /><ent r="4" t="23" w="810" /><ent r="4" t="23" w="842" /><ent r="4" t="23" w="843" /><ent r="3" t="23" w="890" /><ent r="3" t="23" w="939" /><ent r="3" t="23" w="953" /><ent r="3" t="23" w="961" /><ent r="3" t="23" w="994" /><ent r="3" t="23" w="996" /><ent r="3" t="23" w="1005" /><ent r="3" t="23" w="1014" /><ent r="3" t="23" w="1022" /><ent r="3" t="23" w="1033" /><ent r="3" t="23" w="1044" /><ent r="3" t="23" w="1053" /><ent r="3" t="23" w="1062" /><ent r="3" t="23" w="1071" /><ent r="3" t="23" w="1080" /><ent r="3" t="23" w="1089" /><ent r="3" t="23" w="1100" /><ent r="3" t="23" w="1150" /><ent r="3" t="23" w="1156" /><ent r="3" t="23" w="1181" /><ent r="3" t="23" w="1271" /><ent r="3" t="23" w="1273" /><ent r="3" t="23" w="1287" /><ent r="3" t="23" w="1296" /><ent r="3" t="23" w="1302" /><ent r="3" t="23" w="1309" /><ent r="3" t="23" w="1310" /><ent r="3" t="23" w="1322" /><ent r="3" t="23" w="1433" /><ent r="3" t="23" w="1461" /><ent r="3" t="23" w="1478" /><ent r="3" t="23" w="1546" /><ent r="4" t="23" w="1628" /><ent r="3" t="24" w="43" /><ent r="3" t="24" w="209" /><ent r="4" t="24" w="273" /><ent r="3" t="24" w="295" /><ent r="3" t="24" w="316" /><ent r="4" t="24" w="481" /><ent r="4" t="24" w="494" /><ent r="4" t="24" w="531" /><ent r="3" t="24" w="575" /><ent r="3" t="24" w="587" /><ent r="3" t="24" w="592" /><ent r="3" t="24" w="597" /><ent r="3" t="24" w="607" /><ent r="3" t="24" w="615" /><ent r="3" t="24" w="640" /><ent r="3" t="24" w="653" /><ent r="3" t="24" w="690" /><ent r="3" t="24" w="709" /><ent r="3" t="24" w="716" /><ent r="3" t="24" w="774" /><ent r="3" t="24" w="804" /><ent r="3" t="24" w="835" /><ent r="3" t="24" w="860" /><ent r="3" t="24" w="960" /><ent r="3" t="24" w="1034" /><ent r="3" t="24" w="1060" /><ent r="3" t="24" w="1064" /><ent r="3" t="24" w="1089" /><ent r="3" t="25" w="56" /><ent r="3" t="25" w="85" /><ent r="3" t="25" w="107" /><ent r="3" t="25" w="118" /><ent r="3" t="25" w="126" /><ent r="3" t="25" w="172" /><ent r="3" t="25" w="190" /><ent r="3" t="25" w="216" /><ent r="3" t="25" w="223" /><ent r="3" t="25" w="262" /><ent r="3" t="25" w="299" /><ent r="3" t="25" w="308" /><ent r="3" t="25" w="377" /><ent r="4" t="25" w="462" /><ent r="3" t="25" w="482" /><ent r="3" t="25" w="508" /><ent r="4" t="25" w="610" /><ent r="3" t="25" w="842" /><ent r="3" t="25" w="877" /><ent r="3" t="25" w="889" /><ent r="3" t="25" w="898" /><ent r="3" t="25" w="967" /><ent r="3" t="25" w="968" /><ent r="3" t="25" w="969" /><ent r="3" t="25" w="972" /><ent r="3" t="25" w="973" /><ent r="3" t="25" w="974" /><ent r="3" t="25" w="978" /><ent r="3" t="25" w="979" /><ent r="3" t="25" w="980" /><ent r="3" t="25" w="983" /><ent r="3" t="25" w="984" /><ent r="3" t="25" w="985" /><ent r="3" t="25" w="988" /><ent r="3" t="25" w="989" /><ent r="3" t="25" w="990" /><ent r="3" t="25" w="994" /><ent r="3" t="25" w="995" /><ent r="3" t="25" w="996" /><ent r="3" t="25" w="1000" /><ent r="3" t="25" w="1001" /><ent r="3" t="25" w="1002" /><ent r="3" t="25" w="1006" /><ent r="3" t="25" w="1007" /><ent r="3" t="25" w="1008" /><ent r="3" t="25" w="1012" /><ent r="3" t="25" w="1013" /><ent r="3" t="25" w="1014" /><ent r="3" t="25" w="1018" /><ent r="3" t="25" w="1019" /><ent r="3" t="25" w="1020" /><ent r="3" t="25" w="1038" /><ent r="3" t="25" w="1039" /><ent r="3" t="25" w="1045" /><ent r="3" t="25" w="1046" /><ent r="3" t="25" w="1093" /><ent r="3" t="25" w="1157" /><ent r="3" t="25" w="1177" /><ent r="3" t="25" w="1222" /><ent r="3" t="25" w="1271" /><ent r="3" t="25" w="1272" /><ent r="3" t="25" w="1300" /><ent r="3" t="25" w="1304" /><ent r="3" t="25" w="1309" /><ent r="3" t="25" w="1313" /><ent r="3" t="25" w="1317" /><ent r="3" t="25" w="1321" /><ent r="3" t="25" w="1334" /><ent r="3" t="25" w="1407" /><ent r="3" t="25" w="1411" /><ent r="3" t="25" w="1416" /><ent r="3" t="25" w="1420" /><ent r="3" t="25" w="1424" /><ent r="3" t="25" w="1428" /><ent r="3" t="25" w="1444" /><ent r="3" t="25" w="1488" /><ent r="3" t="26" w="157" /><ent r="4" t="26" w="200" /><ent r="4" t="26" w="223" /><ent r="4" t="26" w="242" /><ent r="4" t="26" w="246" /><ent r="4" t="26" w="294" /><ent r="4" t="26" w="317" /><ent r="3" t="27" w="39" /><ent r="3" t="27" w="40" /><ent r="3" t="27" w="183" /><ent r="3" t="27" w="240" /><ent r="3" t="27" w="291" /><ent r="3" t="27" w="301" /><ent r="3" t="27" w="312" /><ent r="3" t="27" w="334" /><ent r="3" t="27" w="1127" /><ent r="3" t="27" w="1176" /><ent r="3" t="27" w="1188" /><ent r="3" t="27" w="1190" /><ent r="3" t="27" w="1202" /><ent r="3" t="27" w="1204" /><ent r="3" t="27" w="1216" /><ent r="3" t="27" w="1221" /><ent r="3" t="27" w="1233" /><ent r="3" t="27" w="1236" /><ent r="3" t="27" w="1248" /><ent r="3" t="27" w="1252" /><ent r="3" t="27" w="1264" /><ent r="3" t="27" w="1275" /><ent r="3" t="27" w="1276" /><ent r="3" t="27" w="1277" /><ent r="3" t="27" w="1280" /><ent r="3" t="27" w="1281" /><ent r="3" t="27" w="1282" /><ent r="3" t="27" w="1285" /><ent r="3" t="27" w="1286" /><ent r="3" t="27" w="1287" /><ent r="3" t="27" w="1289" /><ent r="3" t="27" w="1290" /><ent r="3" t="27" w="1291" /><ent r="3" t="27" w="1293" /><ent r="3" t="27" w="1294" /><ent r="3" t="27" w="1295" /><ent r="3" t="27" w="1298" /><ent r="3" t="27" w="1299" /><ent r="3" t="27" w="1300" /><ent r="3" t="27" w="1303" /><ent r="3" t="27" w="1304" /><ent r="3" t="27" w="1305" /><ent r="3" t="27" w="1307" /><ent r="3" t="27" w="1308" /><ent r="3" t="27" w="1309" /><ent r="3" t="27" w="1312" /><ent r="3" t="27" w="1313" /><ent r="3" t="27" w="1314" /><ent r="3" t="27" w="1317" /><ent r="3" t="27" w="1318" /><ent r="3" t="27" w="1319" /><ent r="3" t="27" w="1328" /><ent r="3" t="27" w="1329" /><ent r="3" t="27" w="1330" /><ent r="3" t="27" w="1334" /><ent r="3" t="27" w="1335" /><ent r="3" t="27" w="1336" /><ent r="3" t="27" w="1340" /><ent r="3" t="27" w="1341" /><ent r="3" t="27" w="1342" /><ent r="3" t="27" w="1346" /><ent r="3" t="27" w="1347" /><ent r="3" t="27" w="1348" /><ent r="3" t="27" w="1352" /><ent r="3" t="27" w="1353" /><ent r="3" t="27" w="1354" /><ent r="3" t="27" w="1358" /><ent r="3" t="27" w="1359" /><ent r="3" t="27" w="1360" /><ent r="3" t="27" w="1364" /><ent r="3" t="27" w="1365" /><ent r="3" t="27" w="1366" /><ent r="3" t="27" w="1370" /><ent r="3" t="27" w="1371" /><ent r="3" t="27" w="1372" /><ent r="3" t="27" w="1376" /><ent r="3" t="27" w="1377" /><ent r="3" t="27" w="1378" /><ent r="3" t="27" w="1382" /><ent r="3" t="27" w="1383" /><ent r="3" t="27" w="1384" /><ent r="3" t="27" w="1388" /><ent r="3" t="27" w="1389" /><ent r="3" t="27" w="1390" /><ent r="3" t="27" w="1394" /><ent r="3" t="27" w="1395" /><ent r="3" t="27" w="1396" /><ent r="3" t="27" w="1400" /><ent r="3" t="27" w="1401" /><ent r="3" t="27" w="1402" /><ent r="3" t="27" w="1406" /><ent r="3" t="27" w="1407" /><ent r="3" t="27" w="1408" /><ent r="3" t="27" w="1412" /><ent r="3" t="27" w="1413" /><ent r="3" t="27" w="1414" /><ent r="3" t="27" w="1418" /><ent r="3" t="27" w="1419" /><ent r="3" t="27" w="1420" /><ent r="3" t="27" w="1424" /><ent r="3" t="27" w="1425" /><ent r="3" t="27" w="1426" /><ent r="3" t="27" w="1430" /><ent r="3" t="27" w="1431" /><ent r="3" t="27" w="1432" /><ent r="3" t="27" w="1436" /><ent r="3" t="27" w="1437" /><ent r="3" t="27" w="1438" /><ent r="3" t="27" w="1442" /><ent r="3" t="27" w="1443" /><ent r="3" t="27" w="1444" /><ent r="3" t="27" w="1448" /><ent r="3" t="27" w="1449" /><ent r="3" t="27" w="1450" /><ent r="3" t="27" w="1454" /><ent r="3" t="27" w="1455" /><ent r="3" t="27" w="1456" /><ent r="3" t="27" w="1460" /><ent r="3" t="27" w="1461" /><ent r="3" t="27" w="1462" /><ent r="3" t="27" w="1466" /><ent r="3" t="27" w="1467" /><ent r="3" t="27" w="1468" /><ent r="3" t="27" w="1472" /><ent r="3" t="27" w="1473" /><ent r="3" t="27" w="1474" /><ent r="3" t="27" w="1478" /><ent r="3" t="27" w="1479" /><ent r="3" t="27" w="1480" /><ent r="3" t="27" w="1484" /><ent r="3" t="27" w="1485" /><ent r="3" t="27" w="1486" /><ent r="3" t="27" w="1490" /><ent r="3" t="27" w="1491" /><ent r="3" t="27" w="1492" /><ent r="3" t="27" w="1496" /><ent r="3" t="27" w="1497" /><ent r="3" t="27" w="1498" /><ent r="3" t="27" w="1502" /><ent r="3" t="27" w="1503" /><ent r="3" t="27" w="1504" /><ent r="3" t="28" w="62" /><ent r="3" t="28" w="105" /><ent r="3" t="28" w="140" /><ent r="3" t="28" w="192" /><ent r="3" t="28" w="195" /><ent r="3" t="28" w="225" /><ent r="3" t="28" w="226" /><ent r="3" t="28" w="227" /><ent r="3" t="28" w="228" /><ent r="3" t="28" w="229" /><ent r="3" t="28" w="230" /><ent r="3" t="28" w="266" /><ent r="3" t="28" w="291" /><ent r="3" t="28" w="322" /><ent r="3" t="28" w="347" /><ent r="3" t="28" w="356" /><ent r="3" t="28" w="374" /><ent r="3" t="28" w="375" /><ent r="3" t="28" w="376" /><ent r="3" t="28" w="401" /><ent r="3" t="28" w="402" /><ent r="3" t="28" w="403" /><ent r="3" t="28" w="404" /><ent r="3" t="28" w="405" /><ent r="3" t="29" w="20" /><ent r="3" t="29" w="36" /><ent r="3" t="29" w="51" /><ent r="3" t="29" w="59" /><ent r="3" t="29" w="74" /><ent r="3" t="29" w="86" /><ent r="3" t="29" w="99" /><ent r="3" t="29" w="120" /><ent r="3" t="29" w="144" /><ent r="3" t="30" w="53" /><ent r="3" t="30" w="59" /><ent r="3" t="30" w="73" /><ent r="3" t="30" w="215" /><ent r="3" t="30" w="222" /><ent r="4" t="30" w="240" /><ent r="4" t="30" w="241" /><ent r="4" t="30" w="242" /><ent r="4" t="30" w="243" /><ent r="4" t="30" w="244" /><ent r="3" t="30" w="254" /><ent r="4" t="30" w="325" /><ent r="3" t="30" w="385" /><ent r="3" t="30" w="554" /><ent r="3" t="30" w="583" /><ent r="3" t="30" w="591" /><ent r="4" t="30" w="612" /><ent r="3" t="30" w="668" /><ent r="4" t="30" w="791" /><ent r="3" t="30" w="977" /><ent r="4" t="30" w="1048" /><ent r="4" t="30" w="1054" /><ent r="4" t="30" w="1073" /><ent r="4" t="30" w="1265" /><ent r="4" t="30" w="1270" /><ent r="4" t="30" w="1271" /><ent r="4" t="30" w="1370" /><ent r="3" t="30" w="1555" /><ent r="3" t="30" w="1573" /><ent r="3" t="30" w="1674" /><ent r="3" t="30" w="1687" /><ent r="3" t="30" w="1696" /><ent r="3" t="30" w="1705" /><ent r="3" t="30" w="1714" /><ent r="3" t="30" w="1747" /><ent r="3" t="30" w="1762" /><ent r="3" t="30" w="1778" /><ent r="3" t="30" w="1800" /><ent r="3" t="30" w="1874" /><ent r="3" t="30" w="1995" /><ent r="3" t="31" w="100" /><ent r="3" t="31" w="213" /><ent r="4" t="31" w="749" /><ent r="3" t="31" w="895" /><ent r="3" t="31" w="972" /><ent r="3" t="31" w="987" /><ent r="3" t="31" w="1098" /><ent r="3" t="31" w="1194" /><ent r="3" t="31" w="1341" /><ent r="5" t="31" w="1366" /><ent r="4" t="31" w="1422" /><ent r="4" t="31" w="1437" /><ent r="4" t="31" w="1458" /><ent r="4" t="31" w="1504" /><ent r="3" t="31" w="1539" /><ent r="3" t="31" w="1552" /><ent r="3" t="31" w="1566" /><ent r="3" t="31" w="1625" /><ent r="3" t="31" w="1669" /><ent r="4" t="31" w="1715" /><ent r="4" t="31" w="1738" /><ent r="4" t="31" w="1756" /><ent r="4" t="31" w="1777" /><ent r="4" t="31" w="1823" /><ent r="4" t="31" w="1830" /><ent r="3" t="31" w="1854" /><ent r="3" t="31" w="1911" /><ent r="3" t="31" w="1927" /><ent r="3" t="31" w="1973" /><ent r="3" t="31" w="1998" /><ent r="3" t="31" w="2010" /><ent r="3" t="31" w="2016" /><ent r="3" t="31" w="2034" /><ent r="3" t="31" w="2090" /><ent r="4" t="31" w="2161" /><ent r="3" t="31" w="2306" /><ent r="3" t="31" w="2463" /><ent r="3" t="31" w="2542" /><ent r="3" t="31" w="2676" /><ent r="3" t="31" w="2681" /><ent r="3" t="31" w="2716" /><ent r="3" t="31" w="2770" /><ent r="3" t="31" w="2837" /><ent r="3" t="31" w="2858" /><ent r="3" t="31" w="2987" /><ent r="4" t="31" w="3176" /><ent r="3" t="31" w="3247" /><ent r="3" t="31" w="3261" /><ent r="3" t="31" w="3293" /><ent r="3" t="31" w="3296" /><ent r="3" t="31" w="3310" /><ent r="3" t="31" w="3329" /><ent r="3" t="31" w="3650" /><ent r="3" t="31" w="3672" /><ent r="3" t="31" w="3765" /><ent r="3" t="31" w="3869" /><ent r="3" t="31" w="3878" /><ent r="3" t="31" w="3899" /><ent r="3" t="31" w="3933" /><ent r="3" t="31" w="3945" /><ent r="3" t="31" w="4019" /><ent r="3" t="32" w="106" /><ent r="3" t="32" w="247" /><ent r="3" t="32" w="264" /><ent r="3" t="32" w="303" /><ent r="3" t="32" w="341" /><ent r="3" t="32" w="417" /><ent r="3" t="33" w="59" /><ent r="3" t="33" w="66" /><ent r="3" t="33" w="67" /><ent r="3" t="33" w="68" /><ent r="3" t="33" w="132" /><ent r="3" t="33" w="153" /><ent r="3" t="33" w="175" /><ent r="3" t="33" w="255" /><ent r="3" t="33" w="300" /><ent r="3" t="33" w="356" /><ent r="3" t="33" w="383" /><ent r="3" t="33" w="413" /><ent r="3" t="33" w="414" /><ent r="3" t="33" w="432" /><ent r="4" t="33" w="549" /><ent r="3" t="33" w="615" /><ent r="3" t="33" w="635" /><ent r="4" t="33" w="676" /><ent r="4" t="33" w="685" /><ent r="4" t="33" w="686" /><ent r="4" t="33" w="689" /><ent r="4" t="33" w="707" /><ent r="4" t="33" w="708" /><ent r="4" t="33" w="713" /><ent r="4" t="33" w="832" /><ent r="4" t="33" w="844" /><ent r="4" t="33" w="854" /><ent r="4" t="33" w="887" /><ent r="4" t="33" w="956" /><ent r="4" t="33" w="959" /><ent r="6" t="33" w="1047" /><ent r="6" t="33" w="1077" /><ent r="6" t="33" w="1090" /><ent r="6" t="33" w="1155" /><ent r="4" t="33" w="1250" /><ent r="4" t="33" w="1275" /><ent r="4" t="33" w="1286" /><ent r="4" t="33" w="1294" /><ent r="4" t="33" w="1298" /><ent r="4" t="33" w="1308" /><ent r="4" t="33" w="1315" /><ent r="4" t="33" w="1326" /><ent r="4" t="33" w="1343" /><ent r="4" t="33" w="1392" /><ent r="4" t="33" w="1435" /><ent r="3" t="34" w="50" /><ent r="3" t="34" w="84" /><ent r="3" t="34" w="107" /><ent r="3" t="34" w="115" /><ent r="3" t="34" w="135" /><ent r="3" t="34" w="151" /><ent r="3" t="34" w="178" /><ent r="3" t="34" w="194" /><ent r="3" t="34" w="211" /><ent r="3" t="34" w="231" /><ent r="3" t="34" w="252" /><ent r="3" t="34" w="279" /><ent r="3" t="34" w="291" /><ent r="3" t="34" w="309" /><ent r="3" t="34" w="322" /><ent r="3" t="34" w="477" /><ent r="3" t="34" w="583" /><ent r="3" t="34" w="600" /><ent r="3" t="34" w="731" /><ent r="3" t="34" w="838" /><ent r="3" t="35" w="95" /><ent r="3" t="35" w="151" /><ent r="3" t="35" w="225" /><ent r="3" t="36" w="53" /><ent r="3" t="36" w="64" /><ent r="3" t="36" w="87" /><ent r="3" t="36" w="350" /><ent r="3" t="36" w="351" /><ent r="3" t="36" w="360" /><ent r="3" t="36" w="361" /><ent r="3" t="36" w="362" /><ent r="3" t="37" w="53" /><ent r="3" t="37" w="93" /><ent r="3" t="37" w="170" /><ent r="3" t="37" w="182" /><ent r="3" t="37" w="224" /><ent r="3" t="37" w="394" /><ent r="3" t="37" w="436" /><ent r="4" t="37" w="516" /><ent r="4" t="37" w="578" /><ent r="3" t="37" w="619" /><ent r="3" t="37" w="628" /><ent r="3" t="37" w="710" /><ent r="3" t="37" w="748" /><ent r="5" t="37" w="782" /><ent r="5" t="37" w="830" /><ent r="3" t="38" w="79" /><ent r="3" t="38" w="123" /><ent r="3" t="38" w="154" /><ent r="3" t="38" w="159" /><ent r="3" t="38" w="164" /><ent r="3" t="38" w="184" /><ent r="3" t="38" w="219" /><ent r="4" t="38" w="263" /><ent r="4" t="38" w="366" /><ent r="3" t="38" w="414" /><ent r="3" t="38" w="432" /><ent r="3" t="39" w="21" /><ent r="3" t="39" w="47" /><ent r="3" t="39" w="116" /><ent r="3" t="39" w="251" /><ent r="3" t="39" w="262" /><ent r="93" t="39" w="277" /><ent r="3" t="39" w="318" /><ent r="3" t="39" w="412" /><ent r="3" t="39" w="421" /><ent r="93" t="39" w="444" /><ent r="3" t="39" w="475" /><ent r="3" t="39" w="531" /><ent r="3" t="39" w="576" /><ent r="3" t="39" w="583" /><ent r="4" t="40" w="121" /><ent r="4" t="40" w="122" /><ent r="4" t="40" w="160" /><ent r="4" t="40" w="181" /><ent r="4" t="40" w="283" /><ent r="3" t="40" w="356" /><ent r="3" t="40" w="379" /><ent r="3" t="40" w="485" /><ent r="3" t="40" w="545" /><ent r="4" t="40" w="679" /><ent r="4" t="40" w="702" /><ent r="4" t="40" w="738" /><ent r="4" t="40" w="759" /><ent r="3" t="40" w="1090" /><ent r="4" t="40" w="1126" /><ent r="4" t="40" w="1149" /><ent r="4" t="40" w="1177" /><ent r="3" t="41" w="26" /><ent r="3" t="41" w="39" /><ent r="3" t="41" w="55" /><ent r="3" t="41" w="67" /><ent r="3" t="41" w="95" /><ent r="3" t="41" w="154" /><ent r="3" t="41" w="226" /><ent r="3" t="41" w="228" /><ent r="3" t="41" w="230" /><ent r="3" t="41" w="232" /><ent r="3" t="41" w="234" /><ent r="3" t="41" w="236" /><ent r="3" t="41" w="238" /><ent r="3" t="41" w="240" /><ent r="3" t="41" w="242" /><ent r="3" t="41" w="244" /><ent r="3" t="41" w="246" /><ent r="3" t="41" w="248" /><ent r="3" t="41" w="256" /><ent r="3" t="41" w="258" /><ent r="3" t="41" w="260" /><ent r="3" t="41" w="262" /><ent r="3" t="41" w="443" /><ent r="3" t="41" w="494" /><ent r="3" t="41" w="716" /><ent r="3" t="41" w="723" /><ent r="3" t="42" w="49" /><ent r="4" t="42" w="138" /><ent r="3" t="42" w="318" /><ent r="3" t="42" w="339" /><ent r="3" t="42" w="352" /><ent r="4" t="42" w="411" /><ent r="4" t="42" w="413" /><ent r="4" t="42" w="444" /><ent r="4" t="42" w="466" /><ent r="3" t="43" w="19" /><ent r="4" t="43" w="122" /><ent r="4" t="43" w="123" /><ent r="3" t="43" w="142" /><ent r="3" t="44" w="51" /><ent r="3" t="44" w="154" /><ent r="3" t="44" w="162" /><ent r="3" t="44" w="319" /><ent r="3" t="44" w="447" /><ent r="3" t="44" w="467" /><ent r="3" t="45" w="178" /><ent r="3" t="45" w="262" /><ent r="3" t="45" w="267" /><ent r="3" t="45" w="268" /><ent r="3" t="45" w="319" /><ent r="3" t="45" w="333" /><ent r="4" t="46" w="93" /><ent r="4" t="46" w="101" /><ent r="3" t="46" w="178" /><ent r="3" t="47" w="109" /><ent r="3" t="47" w="142" /><ent r="3" t="47" w="188" /><ent r="3" t="47" w="189" /><ent r="3" t="47" w="190" /><ent r="3" t="47" w="191" /><ent r="4" t="47" w="360" /><ent r="4" t="47" w="389" /><ent r="3" t="47" w="832" /><ent r="3" t="48" w="38" /><ent r="3" t="48" w="50" /><ent r="3" t="48" w="79" /><ent r="3" t="48" w="102" /><ent r="3" t="50" w="35" /><ent r="3" t="50" w="91" /><ent r="4" t="50" w="340" /><ent r="4" t="50" w="357" /><ent r="3" t="51" w="18" /><ent r="3" t="51" w="62" /><ent r="4" t="51" w="106" /><ent r="4" t="51" w="131" /><ent r="4" t="51" w="162" /><ent r="4" t="51" w="169" /><ent r="4" t="51" w="174" /><ent r="4" t="51" w="185" /><ent r="3" t="51" w="248" /><ent r="3" t="51" w="261" /><ent r="3" t="51" w="267" /><ent r="3" t="51" w="370" /><ent r="3" t="51" w="390" /><ent r="3" t="51" w="391" /><ent r="3" t="51" w="420" /><ent r="3" t="51" w="458" /><ent r="3" t="51" w="462" /><ent r="3" t="51" w="504" /><ent r="4" t="51" w="556" /><ent r="3" t="52" w="21" /><ent r="3" t="52" w="53" /><ent r="4" t="52" w="199" /><ent r="4" t="52" w="201" /><ent r="6" t="53" w="99" /><ent r="6" t="53" w="276" /><ent r="7" t="53" w="407" /><ent r="7" t="53" w="428" /><ent r="7" t="53" w="461" /><ent r="7" t="53" w="468" /><ent r="7" t="53" w="492" /><ent r="7" t="53" w="499" /><ent r="7" t="53" w="512" /><ent r="7" t="53" w="531" /><ent r="7" t="53" w="578" /><ent r="6" t="53" w="636" /><ent r="6" t="53" w="639" /><ent r="6" t="53" w="782" /><ent r="3" t="54" w="31" /><ent r="3" t="54" w="87" /><ent r="3" t="54" w="94" /><ent r="3" t="54" w="134" /><ent r="3" t="54" w="152" /><ent r="3" t="54" w="168" /><ent r="3" t="54" w="204" /><ent r="3" t="55" w="33" /><ent r="3" t="55" w="194" /><ent r="3" t="55" w="228" /><ent r="5" t="55" w="283" /><ent r="7" t="55" w="328" /><ent r="5" t="55" w="362" /><ent r="5" t="55" w="363" /><ent r="5" t="55" w="392" /><ent r="5" t="55" w="395" /><ent r="6" t="55" w="493" /><ent r="6" t="55" w="538" /><ent r="6" t="55" w="553" /><ent r="6" t="55" w="593" /><ent r="5" t="55" w="618" /><ent r="5" t="55" w="680" /><ent r="5" t="55" w="682" /><ent r="5" t="55" w="824" /><ent r="5" t="55" w="895" /><ent r="5" t="55" w="918" /><ent r="5" t="55" w="959" /><ent r="5" t="55" w="962" /><ent r="5" t="55" w="965" /><ent r="5" t="55" w="968" /><ent r="5" t="55" w="971" /><ent r="5" t="55" w="974" /><ent r="5" t="55" w="983" /><ent r="5" t="55" w="998" /><ent r="7" t="55" w="1164" /><ent r="6" t="55" w="1184" /><ent r="6" t="55" w="1221" /><ent r="3" t="55" w="1407" /><ent r="3" t="55" w="1409" /><ent r="5" t="55" w="1552" /><ent r="5" t="55" w="1553" /><ent r="5" t="55" w="1554" /><ent r="5" t="55" w="1604" /><ent r="5" t="55" w="1608" /><ent r="5" t="55" w="1649" /><ent r="5" t="55" w="1667" /><ent r="5" t="55" w="1736" /><ent r="6" t="55" w="1996" /><ent r="6" t="55" w="2060" /><ent r="6" t="55" w="2083" /><ent r="3" t="56" w="53" /><ent r="3" t="56" w="138" /><ent r="3" t="56" w="174" /><ent r="3" t="56" w="276" /><ent r="3" t="56" w="333" /><ent r="3" t="56" w="367" /><ent r="3" t="56" w="374" /><ent r="3" t="56" w="415" /><ent r="3" t="56" w="451" /><ent r="3" t="58" w="23" /><ent r="4" t="58" w="83" /><ent r="3" t="59" w="30" /><ent r="3" t="59" w="47" /><ent r="3" t="59" w="67" /><ent r="3" t="60" w="14" /></phr></stem></index>