﻿<?xml version="1.0" encoding="utf-8"?><index><stem n="buck"><phr n="Buck"><ent r="3" t="1" w="561" /><ent r="3" t="1" w="716" /></phr></stem><stem n="road"><phr n="Road"><ent r="3" t="1" w="562" /><ent r="3" t="1" w="717" /></phr></stem><stem n="po"><phr n="PO"><ent r="3" t="1" w="563" /><ent r="3" t="1" w="718" /><ent r="3" t="28" w="101" /></phr></stem><stem n="box"><phr n="Box"><ent r="3" t="1" w="564" /><ent r="3" t="1" w="719" /><ent r="82" t="8" w="489" /><ent r="3" t="28" w="102" /></phr><phr n="box"><ent r="4" t="8" w="205" /><ent r="3" t="8" w="217" /><ent r="3" t="8" w="496" /><ent r="3" t="8" w="535" /></phr></stem><stem n="130"><phr n="130"><ent r="3" t="1" w="565" /><ent r="3" t="1" w="720" /><ent r="3" t="28" w="103" /></phr></stem><stem n="hanov"><phr n="Hanover"><ent r="3" t="1" w="566" /><ent r="3" t="1" w="722" /><ent r="3" t="28" w="104" /></phr></stem><stem n="nh"><phr n="NH"><ent r="3" t="1" w="567" /><ent r="3" t="1" w="723" /><ent r="3" t="28" w="105" /></phr></stem><stem n="-0130"><phr n="-0130"><ent r="3" t="1" w="568" /><ent r="3" t="1" w="568" /><ent r="3" t="1" w="724" /><ent r="3" t="1" w="724" /><ent r="3" t="28" w="106" /><ent r="3" t="28" w="106" /></phr></stem><stem n="03755"><phr n="03755"><ent r="3" t="1" w="568" /><ent r="3" t="1" w="724" /><ent r="3" t="28" w="106" /></phr></stem><stem n="03755-0130"><phr n="03755-0130"><ent r="3" t="1" w="568" /><ent r="3" t="1" w="724" /><ent r="3" t="28" w="106" /></phr></stem><stem n="0130"><phr n="0130"><ent r="3" t="1" w="569" /><ent r="3" t="1" w="725" /><ent r="3" t="28" w="107" /></phr></stem><stem n="usa"><phr n="USA"><ent r="3" t="1" w="570" /><ent r="3" t="1" w="726" /><ent r="3" t="28" w="108" /></phr></stem><stem n="new"><phr n="New"><ent r="3" t="1" w="584" /></phr><phr n="new"><ent r="3" t="3" w="452" /><ent r="3" t="3" w="458" /><ent r="3" t="7" w="238" /><ent r="3" t="16" w="1326" /><ent r="4" t="18" w="235" /><ent r="3" t="18" w="321" /><ent r="3" t="18" w="436" /><ent r="3" t="18" w="457" /><ent r="3" t="18" w="683" /><ent r="4" t="19" w="685" /><ent r="4" t="19" w="713" /><ent r="4" t="19" w="733" /><ent r="4" t="23" w="749" /><ent r="3" t="25" w="258" /><ent r="3" t="25" w="277" /><ent r="3" t="27" w="51" /><ent r="3" t="31" w="3698" /><ent r="3" t="32" w="117" /><ent r="3" t="37" w="749" /><ent r="4" t="38" w="305" /><ent r="4" t="38" w="342" /><ent r="4" t="38" w="376" /><ent r="3" t="38" w="435" /><ent r="3" t="44" w="448" /><ent r="7" t="53" w="484" /><ent r="6" t="53" w="769" /><ent r="5" t="55" w="1836" /><ent r="5" t="55" w="1863" /></phr></stem><stem n="hampshir"><phr n="Hampshire"><ent r="3" t="1" w="585" /></phr></stem><stem n="court"><phr n="court"><ent r="3" t="1" w="591" /></phr></stem><stem n="compet"><phr n="competent"><ent r="3" t="1" w="593" /></phr></stem><stem n="jurisdict"><phr n="jurisdiction"><ent r="3" t="1" w="594" /></phr></stem><stem n="portion"><phr n="portion"><ent r="3" t="1" w="602" /></phr><phr n="Portions"><ent r="3" t="2" w="9" /></phr><phr n="portions"><ent r="5" t="42" w="80" /></phr></stem><stem n="thereof"><phr n="thereof"><ent r="3" t="1" w="603" /></phr></stem><stem n="unenforc"><phr n="unenforceable"><ent r="3" t="1" w="606" /></phr></stem><stem n="enforc"><phr n="enforced"><ent r="3" t="1" w="614" /><ent r="3" t="21" w="1286" /></phr></stem><stem n="maximum"><phr n="maximum"><ent r="3" t="1" w="617" /><ent r="4" t="15" w="884" /><ent r="3" t="21" w="1280" /><ent r="4" t="22" w="188" /><ent r="4" t="31" w="1817" /><ent r="3" t="36" w="41" /><ent r="3" t="40" w="369" /><ent r="3" t="40" w="775" /><ent r="3" t="41" w="355" /></phr><phr n="Maximum"><ent r="4" t="21" w="458" /></phr></stem><stem n="extent"><phr n="extent"><ent r="3" t="1" w="618" /></phr></stem><stem n="permiss"><phr n="permissible"><ent r="3" t="1" w="619" /></phr><phr n="permissions"><ent r="4" t="33" w="691" /></phr></stem><stem n="so"><phr n="so"><ent r="3" t="1" w="620" /><ent r="3" t="3" w="477" /><ent r="3" t="8" w="257" /><ent r="3" t="8" w="325" /><ent r="3" t="10" w="136" /><ent r="3" t="19" w="526" /><ent r="3" t="21" w="1223" /><ent r="3" t="23" w="326" /><ent r="4" t="30" w="779" /><ent r="4" t="30" w="791" /><ent r="4" t="31" w="420" /><ent r="4" t="31" w="1823" /><ent r="3" t="31" w="2375" /><ent r="4" t="33" w="692" /><ent r="3" t="36" w="99" /><ent r="3" t="38" w="437" /></phr><phr n="So"><ent r="4" t="33" w="1293" /></phr></stem><stem n="effect"><phr n="effect"><ent r="3" t="1" w="623" /><ent r="3" t="1" w="641" /><ent r="5" t="14" w="393" /><ent r="4" t="19" w="811" /><ent r="3" t="19" w="1401" /><ent r="3" t="30" w="1893" /><ent r="4" t="31" w="2411" /><ent r="3" t="50" w="317" /></phr><phr n="effective"><ent r="3" t="4" w="399" /></phr><phr n="effectively"><ent r="5" t="55" w="1840" /><ent r="5" t="55" w="1867" /></phr></stem><stem n="intent"><phr n="intent"><ent r="3" t="1" w="625" /></phr></stem><stem n="parti"><phr n="parties"><ent r="3" t="1" w="628" /></phr><phr n="party"><ent r="1000" t="2" w="2" /><ent r="102" t="2" w="6" /><ent r="64" t="2" w="39" /></phr></stem><stem n="remaind"><phr n="remainder"><ent r="3" t="1" w="631" /><ent r="3" t="9" w="125" /><ent r="3" t="23" w="693" /><ent r="3" t="25" w="159" /><ent r="3" t="27" w="372" /><ent r="3" t="28" w="33" /><ent r="3" t="31" w="1086" /><ent r="4" t="51" w="311" /></phr></stem><stem n="full"><phr n="full"><ent r="3" t="1" w="638" /><ent r="3" t="4" w="328" /><ent r="6" t="5" w="231" /><ent r="6" t="5" w="320" /><ent r="6" t="5" w="327" /><ent r="6" t="5" w="353" /><ent r="5" t="5" w="377" /><ent r="3" t="8" w="419" /><ent r="3" t="8" w="455" /><ent r="3" t="8" w="519" /><ent r="5" t="14" w="207" /><ent r="5" t="14" w="242" /><ent r="3" t="15" w="669" /><ent r="3" t="16" w="1082" /><ent r="3" t="21" w="2920" /><ent r="4" t="23" w="865" /><ent r="2" t="23" w="1382" /><ent r="3" t="25" w="943" /><ent r="3" t="29" w="140" /><ent r="3" t="32" w="593" /><ent r="3" t="34" w="512" /><ent r="3" t="34" w="766" /><ent r="3" t="44" w="175" /><ent r="3" t="46" w="169" /><ent r="4" t="51" w="110" /><ent r="5" t="55" w="1478" /><ent r="5" t="55" w="1488" /><ent r="5" t="55" w="1498" /></phr><phr n="Full"><ent r="4" t="21" w="1521" /><ent r="4" t="21" w="1531" /></phr></stem><stem n="forc"><phr n="force"><ent r="3" t="1" w="639" /><ent r="6" t="16" w="701" /><ent r="3" t="25" w="1077" /><ent r="3" t="31" w="2259" /><ent r="4" t="50" w="324" /><ent r="6" t="53" w="680" /></phr><phr n="forces"><ent r="6" t="53" w="761" /></phr></stem><stem n="understand"><phr n="understand"><ent r="3" t="1" w="653" /><ent r="3" t="25" w="1176" /></phr></stem><stem n="condit"><phr n="conditions"><ent r="3" t="1" w="664" /><ent r="3" t="3" w="381" /><ent r="3" t="18" w="14" /><ent r="3" t="18" w="58" /><ent r="3" t="40" w="1115" /></phr><phr n="Conditional"><ent r="3" t="14" w="1544" /><ent r="100" t="21" w="324" /><ent r="4" t="21" w="327" /><ent r="3" t="24" w="53" /><ent r="92" t="24" w="746" /><ent r="3" t="24" w="858" /></phr><phr n="condition"><ent r="3" t="15" w="102" /><ent r="3" t="16" w="1756" /><ent r="4" t="17" w="52" /><ent r="3" t="17" w="235" /><ent r="3" t="17" w="274" /><ent r="3" t="18" w="49" /><ent r="3" t="18" w="129" /><ent r="4" t="18" w="236" /><ent r="3" t="18" w="296" /><ent r="4" t="18" w="876" /><ent r="3" t="19" w="33" /><ent r="5" t="19" w="386" /><ent r="4" t="19" w="392" /><ent r="4" t="19" w="411" /><ent r="7" t="19" w="417" /><ent r="4" t="19" w="843" /><ent r="3" t="19" w="987" /><ent r="3" t="19" w="988" /><ent r="3" t="19" w="996" /><ent r="3" t="19" w="1018" /><ent r="3" t="19" w="1081" /><ent r="3" t="19" w="1082" /><ent r="3" t="19" w="1099" /><ent r="3" t="19" w="1555" /><ent r="3" t="19" w="1563" /><ent r="3" t="19" w="1571" /><ent r="3" t="28" w="287" /><ent r="3" t="29" w="43" /><ent r="4" t="30" w="251" /><ent r="4" t="30" w="1082" /><ent r="4" t="31" w="494" /><ent r="4" t="31" w="505" /><ent r="4" t="31" w="668" /><ent r="3" t="31" w="1193" /><ent r="3" t="31" w="1232" /><ent r="3" t="31" w="1283" /><ent r="5" t="31" w="1370" /><ent r="3" t="31" w="2903" /><ent r="3" t="33" w="173" /><ent r="4" t="33" w="570" /><ent r="3" t="33" w="620" /><ent r="3" t="34" w="473" /><ent r="3" t="34" w="578" /><ent r="3" t="34" w="727" /><ent r="3" t="34" w="832" /><ent r="3" t="37" w="137" /><ent r="3" t="37" w="186" /><ent r="5" t="37" w="802" /><ent r="3" t="39" w="178" /></phr><phr n="Condition"><ent r="3" t="19" w="36" /><ent r="3" t="19" w="53" /><ent r="3" t="19" w="56" /><ent r="5" t="19" w="148" /><ent r="5" t="19" w="215" /><ent r="4" t="19" w="228" /><ent r="3" t="20" w="173" /><ent r="3" t="20" w="176" /><ent r="3" t="27" w="1233" /><ent r="3" t="27" w="1617" /><ent r="3" t="34" w="585" /><ent r="3" t="34" w="840" /><ent r="4" t="37" w="514" /><ent r="7" t="55" w="963" /></phr><phr n="conditional"><ent r="3" t="24" w="751" /><ent r="3" t="24" w="938" /></phr><phr n="Conditions"><ent r="100" t="40" w="1105" /><ent r="72" t="40" w="1108" /></phr></stem><stem n="further"><phr n="further"><ent r="3" t="1" w="666" /><ent r="3" t="17" w="237" /><ent r="3" t="18" w="403" /><ent r="4" t="33" w="880" /><ent r="3" t="34" w="381" /><ent r="3" t="34" w="635" /><ent r="3" t="36" w="339" /></phr></stem><stem n="complet"><phr n="complete"><ent r="3" t="1" w="672" /><ent r="3" t="15" w="540" /><ent r="6" t="16" w="783" /><ent r="3" t="24" w="590" /><ent r="3" t="25" w="264" /><ent r="3" t="25" w="1094" /></phr><phr n="completely"><ent r="3" t="25" w="315" /></phr><phr n="completed"><ent r="3" t="41" w="404" /></phr></stem><stem n="exclus"><phr n="exclusive"><ent r="3" t="1" w="674" /><ent r="4" t="21" w="523" /><ent r="4" t="40" w="193" /></phr></stem><stem n="statement"><phr n="statement"><ent r="3" t="1" w="675" /><ent r="6" t="5" w="265" /><ent r="3" t="8" w="401" /><ent r="3" t="30" w="358" /><ent r="3" t="30" w="384" /><ent r="3" t="30" w="985" /><ent r="4" t="30" w="1022" /><ent r="4" t="30" w="1066" /><ent r="3" t="30" w="1237" /><ent r="3" t="30" w="1240" /><ent r="3" t="30" w="1732" /><ent r="3" t="30" w="1737" /><ent r="3" t="30" w="1782" /><ent r="65" t="31" w="534" /><ent r="4" t="31" w="541" /><ent r="4" t="31" w="978" /><ent r="3" t="31" w="994" /><ent r="3" t="31" w="1330" /><ent r="4" t="31" w="1429" /><ent r="4" t="31" w="1442" /><ent r="3" t="31" w="1544" /><ent r="3" t="31" w="1619" /><ent r="4" t="31" w="1641" /><ent r="3" t="31" w="1655" /><ent r="3" t="31" w="1663" /><ent r="3" t="31" w="1918" /><ent r="3" t="31" w="2021" /><ent r="3" t="31" w="2470" /><ent r="3" t="31" w="2814" /><ent r="3" t="31" w="3769" /><ent r="3" t="31" w="3807" /><ent r="3" t="31" w="3820" /><ent r="3" t="31" w="3937" /><ent r="3" t="31" w="3966" /><ent r="3" t="31" w="4014" /><ent r="3" t="31" w="4089" /><ent r="3" t="31" w="4119" /><ent r="3" t="31" w="4122" /></phr><phr n="statements"><ent r="3" t="4" w="243" /><ent r="3" t="30" w="44" /><ent r="3" t="30" w="1200" /><ent r="3" t="30" w="1212" /><ent r="3" t="30" w="1887" /><ent r="3" t="31" w="221" /></phr><phr n="Statement"><ent r="3" t="31" w="4008" /></phr></stem><stem n="superced"><phr n="supercedes"><ent r="3" t="1" w="685" /><ent r="3" t="31" w="3282" /></phr></stem><stem n="propos"><phr n="proposals"><ent r="3" t="1" w="687" /></phr></stem><stem n="prior"><phr n="prior"><ent r="3" t="1" w="689" /><ent r="4" t="16" w="220" /></phr><phr n="Prior"><ent r="3" t="7" w="206" /></phr></stem><stem n="oral"><phr n="oral"><ent r="3" t="1" w="691" /></phr></stem><stem n="written"><phr n="written"><ent r="3" t="1" w="693" /><ent r="3" t="5" w="69" /><ent r="3" t="11" w="99" /><ent r="5" t="14" w="376" /><ent r="4" t="14" w="1902" /><ent r="3" t="14" w="1935" /><ent r="3" t="17" w="253" /><ent r="3" t="18" w="785" /><ent r="3" t="31" w="3811" /><ent r="3" t="33" w="63" /><ent r="3" t="33" w="159" /><ent r="4" t="33" w="704" /><ent r="6" t="33" w="1145" /><ent r="3" t="34" w="80" /><ent r="3" t="34" w="161" /><ent r="3" t="34" w="319" /><ent r="3" t="37" w="156" /><ent r="5" t="37" w="797" /><ent r="4" t="40" w="689" /><ent r="3" t="41" w="159" /><ent r="3" t="45" w="314" /><ent r="3" t="48" w="40" /></phr></stem><stem n="commun"><phr n="communications"><ent r="3" t="1" w="697" /></phr><phr n="community"><ent r="5" t="14" w="661" /><ent r="3" t="19" w="1171" /><ent r="4" t="39" w="242" /><ent r="3" t="40" w="85" /><ent r="5" t="40" w="126" /><ent r="4" t="40" w="139" /><ent r="4" t="40" w="380" /><ent r="3" t="40" w="435" /></phr><phr n="Community"><ent r="3" t="25" w="990" /><ent r="3" t="27" w="1295" /></phr></stem><stem n="subject"><phr n="subject"><ent r="3" t="1" w="706" /></phr></stem><stem n="matter"><phr n="matter"><ent r="3" t="1" w="707" /></phr></stem><stem n="fax"><phr n="Fax"><ent r="100" t="1" w="728" /><ent r="3" t="1" w="734" /></phr></stem><stem n="voic"><phr n="Voice"><ent r="3" t="1" w="730" /></phr></stem><stem n="603"><phr n="603"><ent r="3" t="1" w="731" /><ent r="3" t="1" w="735" /><ent r="3" t="28" w="111" /></phr></stem><stem n="603-643"><phr n="603-643"><ent r="3" t="1" w="731" /><ent r="3" t="1" w="735" /></phr></stem><stem n="603-643-2268"><phr n="603-643-2268"><ent r="3" t="1" w="731" /></phr></stem><stem n="643"><phr n="643"><ent r="3" t="1" w="732" /><ent r="3" t="1" w="736" /><ent r="3" t="28" w="112" /></phr></stem><stem n="643-2268"><phr n="643-2268"><ent r="3" t="1" w="732" /></phr></stem><stem n="2268"><phr n="2268"><ent r="3" t="1" w="733" /></phr></stem><stem n="-643-2268;"><phr n="-643-2268;"><ent r="3" t="1" w="734" /><ent r="3" t="1" w="735" /></phr></stem><stem n="-643-2289"><phr n="-643-2289"><ent r="3" t="1" w="735" /><ent r="3" t="1" w="736" /></phr></stem><stem n="603-643-2289"><phr n="603-643-2289"><ent r="3" t="1" w="735" /></phr></stem><stem n="643-2289"><phr n="643-2289"><ent r="3" t="1" w="736" /></phr></stem><stem n="2289"><phr n="2289"><ent r="3" t="1" w="737" /></phr></stem><stem n="www"><phr n="www"><ent r="64" t="1" w="742" /><ent r="7" t="7" w="518" /><ent r="7" t="7" w="524" /><ent r="7" t="7" w="530" /><ent r="4" t="7" w="601" /><ent r="3" t="27" w="33" /><ent r="3" t="27" w="343" /><ent r="3" t="27" w="360" /><ent r="64" t="33" w="200" /><ent r="64" t="35" w="232" /><ent r="3" t="36" w="326" /><ent r="64" t="37" w="28" /><ent r="64" t="37" w="227" /><ent r="64" t="37" w="717" /><ent r="3" t="40" w="906" /><ent r="6" t="55" w="1677" /><ent r="6" t="55" w="1746" /></phr></stem><stem n="www.dartwar"><phr n="www.dartware"><ent r="64" t="1" w="743" /><ent r="64" t="1" w="742" /></phr></stem><stem n="://www.dartware.com"><phr n="://www.dartware.com"><ent r="64" t="1" w="744" /></phr></stem><stem n="www.dartware.com"><phr n="www.dartware.com"><ent r="64" t="1" w="744" /><ent r="64" t="1" w="742" /></phr></stem><stem n="com"><phr n="com"><ent r="64" t="1" w="744" /><ent r="64" t="3" w="475" /><ent r="64" t="3" w="504" /><ent r="6" t="5" w="274" /><ent r="6" t="5" w="330" /><ent r="3" t="5" w="720" /><ent r="4" t="6" w="116" /><ent r="5" t="6" w="168" /><ent r="3" t="6" w="228" /><ent r="7" t="7" w="520" /><ent r="7" t="7" w="526" /><ent r="7" t="7" w="532" /><ent r="4" t="7" w="603" /><ent r="3" t="19" w="1280" /><ent r="3" t="27" w="24" /><ent r="3" t="27" w="35" /><ent r="3" t="27" w="124" /><ent r="3" t="28" w="118" /><ent r="3" t="32" w="97" /><ent r="3" t="32" w="129" /><ent r="4" t="34" w="226" /><ent r="4" t="34" w="297" /><ent r="3" t="34" w="366" /><ent r="3" t="34" w="394" /><ent r="3" t="34" w="620" /><ent r="3" t="34" w="648" /><ent r="3" t="35" w="87" /><ent r="3" t="35" w="105" /><ent r="3" t="36" w="316" /><ent r="3" t="36" w="328" /><ent r="3" t="36" w="395" /><ent r="65" t="38" w="95" /><ent r="64" t="38" w="453" /><ent r="3" t="39" w="133" /><ent r="3" t="40" w="870" /><ent r="3" t="40" w="887" /><ent r="3" t="40" w="908" /><ent r="3" t="47" w="247" /><ent r="3" t="47" w="326" /><ent r="64" t="48" w="88" /><ent r="64" t="49" w="45" /><ent r="6" t="55" w="1679" /><ent r="6" t="55" w="1748" /><ent r="3" t="56" w="150" /><ent r="3" t="56" w="208" /><ent r="3" t="56" w="284" /><ent r="100" t="56" w="428" /><ent r="4" t="56" w="433" /><ent r="3" t="56" w="445" /><ent r="3" t="56" w="458" /><ent r="3" t="56" w="472" /><ent r="64" t="60" w="32" /></phr><phr n="Com"><ent r="100" t="5" w="270" /><ent r="100" t="5" w="301" /><ent r="100" t="6" w="71" /><ent r="100" t="6" w="163" /><ent r="100" t="32" w="84" /><ent r="100" t="32" w="90" /></phr></stem><stem n="-parti"><phr n="-party"><ent r="1000" t="2" w="1" /><ent r="1000" t="2" w="1" /><ent r="102" t="2" w="5" /><ent r="102" t="2" w="5" /><ent r="64" t="2" w="38" /><ent r="64" t="2" w="38" /></phr></stem><stem n="third"><phr n="Third"><ent r="1000" t="2" w="1" /><ent r="102" t="2" w="5" /><ent r="64" t="2" w="38" /></phr><phr n="third"><ent r="4" t="21" w="2902" /><ent r="4" t="23" w="741" /><ent r="3" t="31" w="1167" /><ent r="5" t="55" w="1563" /></phr></stem><stem n="third-parti"><phr n="Third-party"><ent r="1000" t="2" w="1" /><ent r="102" t="2" w="5" /><ent r="64" t="2" w="38" /></phr></stem><stem n="util"><phr n="utilize"><ent r="3" t="2" w="16" /></phr><phr n="utility"><ent r="3" t="3" w="119" /><ent r="5" t="14" w="214" /></phr><phr n="utilization"><ent r="3" t="14" w="2059" /><ent r="3" t="15" w="72" /><ent r="4" t="23" w="185" /><ent r="7" t="55" w="332" /></phr><phr n="Utilization"><ent r="3" t="14" w="2070" /></phr></stem><stem n="open"><phr n="open"><ent r="3" t="2" w="20" /><ent r="3" t="3" w="420" /><ent r="3" t="4" w="52" /><ent r="4" t="41" w="782" /><ent r="4" t="41" w="795" /></phr><phr n="opens"><ent r="3" t="4" w="221" /><ent r="4" t="7" w="649" /><ent r="3" t="23" w="1518" /><ent r="3" t="41" w="703" /></phr><phr n="opening"><ent r="4" t="7" w="591" /></phr><phr n="opened"><ent r="4" t="19" w="636" /><ent r="6" t="53" w="766" /></phr><phr n="Open"><ent r="4" t="38" w="294" /><ent r="100" t="39" w="312" /><ent r="3" t="39" w="314" /><ent r="3" t="39" w="471" /></phr></stem><stem n="sourc"><phr n="source"><ent r="3" t="2" w="21" /><ent r="3" t="3" w="421" /><ent r="4" t="33" w="715" /></phr><phr n="Source"><ent r="3" t="25" w="82" /><ent r="3" t="27" w="1248" /><ent r="3" t="27" w="1625" /></phr></stem><stem n="oss"><phr n="OSS"><ent r="3" t="2" w="23" /></phr></stem><stem n="(oss),"><phr n="(OSS),"><ent r="3" t="2" w="24" /></phr></stem><stem n="inform"><phr n="information"><ent r="3" t="2" w="34" /><ent r="3" t="11" w="144" /><ent r="5" t="14" w="390" /><ent r="5" t="14" w="548" /><ent r="3" t="15" w="308" /><ent r="4" t="15" w="394" /><ent r="3" t="15" w="698" /><ent r="3" t="15" w="723" /><ent r="6" t="16" w="420" /><ent r="3" t="16" w="1219" /><ent r="3" t="19" w="314" /><ent r="3" t="19" w="487" /><ent r="3" t="19" w="534" /><ent r="4" t="19" w="659" /><ent r="4" t="19" w="682" /><ent r="4" t="19" w="734" /><ent r="3" t="21" w="2603" /><ent r="3" t="23" w="20" /><ent r="3" t="23" w="29" /><ent r="3" t="23" w="51" /><ent r="3" t="23" w="64" /><ent r="4" t="23" w="192" /><ent r="4" t="23" w="225" /><ent r="4" t="23" w="241" /><ent r="3" t="23" w="284" /><ent r="3" t="23" w="335" /><ent r="4" t="23" w="783" /><ent r="3" t="25" w="45" /><ent r="3" t="25" w="68" /><ent r="3" t="25" w="242" /><ent r="3" t="26" w="326" /><ent r="3" t="27" w="327" /><ent r="4" t="30" w="1309" /><ent r="3" t="30" w="1356" /><ent r="3" t="30" w="1572" /><ent r="4" t="31" w="432" /><ent r="4" t="31" w="1503" /><ent r="3" t="31" w="1972" /><ent r="3" t="31" w="2387" /><ent r="3" t="33" w="294" /><ent r="3" t="33" w="382" /><ent r="3" t="33" w="456" /><ent r="4" t="33" w="938" /><ent r="3" t="35" w="222" /><ent r="3" t="37" w="155" /><ent r="3" t="37" w="223" /><ent r="3" t="37" w="539" /><ent r="3" t="37" w="707" /><ent r="3" t="39" w="216" /><ent r="4" t="40" w="737" /><ent r="3" t="45" w="55" /><ent r="3" t="45" w="285" /><ent r="3" t="45" w="355" /><ent r="3" t="50" w="115" /><ent r="4" t="50" w="227" /><ent r="4" t="51" w="176" /><ent r="3" t="51" w="431" /><ent r="4" t="51" w="587" /><ent r="4" t="51" w="601" /><ent r="4" t="51" w="615" /><ent r="6" t="53" w="199" /><ent r="6" t="53" w="797" /><ent r="4" t="55" w="25" /><ent r="4" t="55" w="39" /><ent r="3" t="55" w="230" /><ent r="3" t="56" w="267" /><ent r="3" t="56" w="275" /><ent r="3" t="56" w="342" /><ent r="3" t="57" w="36" /><ent r="3" t="59" w="55" /></phr><phr n="Information"><ent r="64" t="4" w="90" /><ent r="100" t="10" w="90" /><ent r="3" t="27" w="1515" /><ent r="100" t="32" w="20" /><ent r="3" t="32" w="604" /><ent r="3" t="35" w="206" /></phr></stem><stem n="see"><phr n="see"><ent r="3" t="2" w="35" /><ent r="3" t="11" w="145" /><ent r="5" t="14" w="549" /><ent r="3" t="15" w="309" /><ent r="3" t="15" w="545" /><ent r="3" t="15" w="724" /><ent r="4" t="16" w="336" /><ent r="6" t="16" w="451" /><ent r="6" t="16" w="748" /><ent r="3" t="18" w="435" /><ent r="3" t="20" w="249" /><ent r="3" t="24" w="813" /><ent r="3" t="27" w="286" /><ent r="3" t="30" w="73" /><ent r="3" t="30" w="1573" /><ent r="3" t="31" w="100" /><ent r="4" t="31" w="1504" /><ent r="3" t="31" w="1973" /><ent r="3" t="31" w="4034" /><ent r="3" t="33" w="206" /><ent r="3" t="33" w="300" /><ent r="3" t="33" w="383" /><ent r="4" t="33" w="740" /><ent r="3" t="37" w="34" /><ent r="3" t="37" w="224" /><ent r="3" t="39" w="23" /><ent r="4" t="40" w="141" /><ent r="4" t="40" w="738" /><ent r="3" t="51" w="432" /><ent r="3" t="59" w="67" /></phr><phr n="See"><ent r="5" t="7" w="408" /><ent r="4" t="12" w="205" /><ent r="5" t="14" w="386" /><ent r="6" t="16" w="358" /><ent r="6" t="16" w="389" /><ent r="6" t="16" w="403" /><ent r="4" t="19" w="183" /><ent r="4" t="21" w="276" /><ent r="4" t="21" w="823" /><ent r="4" t="21" w="2155" /><ent r="3" t="21" w="2232" /><ent r="4" t="23" w="778" /><ent r="3" t="25" w="199" /><ent r="3" t="30" w="588" /><ent r="4" t="30" w="806" /><ent r="4" t="30" w="1297" /><ent r="3" t="30" w="1344" /><ent r="3" t="30" w="1808" /><ent r="3" t="31" w="3098" /><ent r="3" t="33" w="308" /><ent r="4" t="33" w="726" /><ent r="3" t="33" w="781" /><ent r="3" t="33" w="1453" /><ent r="100" t="40" w="130" /><ent r="3" t="40" w="984" /></phr><phr n="Sees"><ent r="92" t="18" w="270" /></phr></stem><stem n="section"><phr n="section"><ent r="64" t="2" w="41" /><ent r="3" t="4" w="26" /><ent r="4" t="4" w="37" /><ent r="4" t="4" w="43" /><ent r="3" t="4" w="98" /><ent r="3" t="4" w="137" /><ent r="64" t="4" w="276" /><ent r="3" t="4" w="284" /><ent r="3" t="4" w="336" /><ent r="6" t="5" w="527" /><ent r="5" t="5" w="582" /><ent r="3" t="5" w="770" /><ent r="65" t="5" w="782" /><ent r="3" t="6" w="189" /><ent r="3" t="6" w="213" /><ent r="3" t="7" w="31" /><ent r="3" t="7" w="128" /><ent r="3" t="7" w="201" /><ent r="5" t="7" w="419" /><ent r="3" t="8" w="61" /><ent r="3" t="8" w="560" /><ent r="3" t="10" w="55" /><ent r="3" t="10" w="92" /><ent r="3" t="10" w="163" /><ent r="3" t="10" w="174" /><ent r="3" t="10" w="255" /><ent r="3" t="10" w="277" /><ent r="3" t="10" w="297" /><ent r="3" t="10" w="308" /><ent r="3" t="10" w="324" /><ent r="3" t="10" w="347" /><ent r="3" t="10" w="368" /><ent r="3" t="10" w="379" /><ent r="3" t="11" w="12" /><ent r="4" t="12" w="275" /><ent r="82" t="14" w="270" /><ent r="3" t="14" w="281" /><ent r="82" t="14" w="437" /><ent r="5" t="14" w="545" /><ent r="82" t="14" w="559" /><ent r="82" t="14" w="604" /><ent r="82" t="14" w="791" /><ent r="82" t="14" w="1076" /><ent r="4" t="14" w="1379" /><ent r="4" t="14" w="1390" /><ent r="4" t="14" w="1400" /><ent r="3" t="14" w="1927" /><ent r="4" t="15" w="243" /><ent r="3" t="15" w="286" /><ent r="65" t="15" w="300" /><ent r="66" t="15" w="335" /><ent r="66" t="15" w="361" /><ent r="66" t="15" w="390" /><ent r="66" t="15" w="419" /><ent r="3" t="15" w="459" /><ent r="3" t="15" w="510" /><ent r="3" t="15" w="714" /><ent r="3" t="15" w="757" /><ent r="3" t="16" w="60" /><ent r="3" t="16" w="112" /><ent r="3" t="16" w="968" /><ent r="3" t="16" w="1246" /><ent r="3" t="16" w="1295" /><ent r="3" t="16" w="1372" /><ent r="3" t="16" w="1594" /><ent r="3" t="16" w="1623" /><ent r="3" t="16" w="1648" /><ent r="3" t="16" w="1658" /><ent r="3" t="16" w="1668" /><ent r="3" t="17" w="17" /><ent r="3" t="17" w="38" /><ent r="3" t="18" w="762" /><ent r="3" t="18" w="910" /><ent r="3" t="19" w="22" /><ent r="4" t="19" w="107" /><ent r="4" t="19" w="175" /><ent r="4" t="19" w="179" /><ent r="4" t="19" w="187" /><ent r="4" t="19" w="264" /><ent r="4" t="19" w="401" /><ent r="3" t="20" w="19" /><ent r="3" t="20" w="49" /><ent r="3" t="20" w="54" /><ent r="3" t="20" w="247" /><ent r="3" t="21" w="2665" /><ent r="3" t="22" w="22" /><ent r="3" t="23" w="684" /><ent r="3" t="23" w="1457" /><ent r="3" t="23" w="1487" /><ent r="4" t="23" w="1603" /><ent r="4" t="23" w="1655" /><ent r="3" t="25" w="206" /><ent r="64" t="25" w="859" /><ent r="3" t="25" w="1293" /><ent r="3" t="25" w="1490" /><ent r="4" t="30" w="1260" /><ent r="3" t="33" w="422" /><ent r="4" t="33" w="482" /><ent r="66" t="33" w="744" /><ent r="4" t="33" w="828" /><ent r="4" t="33" w="910" /><ent r="4" t="33" w="932" /><ent r="4" t="33" w="1222" /><ent r="4" t="33" w="1356" /><ent r="4" t="33" w="1371" /><ent r="4" t="33" w="1409" /><ent r="4" t="33" w="1423" /><ent r="3" t="34" w="52" /><ent r="3" t="34" w="93" /><ent r="3" t="34" w="110" /><ent r="3" t="34" w="243" /><ent r="3" t="34" w="267" /><ent r="3" t="34" w="365" /><ent r="3" t="34" w="619" /><ent r="3" t="35" w="150" /><ent r="64" t="37" w="62" /><ent r="65" t="37" w="450" /><ent r="65" t="37" w="521" /><ent r="65" t="37" w="571" /><ent r="66" t="37" w="820" /><ent r="3" t="39" w="255" /><ent r="3" t="42" w="272" /><ent r="3" t="42" w="285" /><ent r="3" t="42" w="303" /><ent r="3" t="42" w="358" /><ent r="3" t="45" w="92" /><ent r="3" t="50" w="44" /><ent r="4" t="51" w="324" /><ent r="6" t="55" w="1193" /><ent r="3" t="59" w="80" /><ent r="3" t="59" w="89" /></phr><phr n="sections"><ent r="3" t="4" w="22" /><ent r="3" t="4" w="67" /><ent r="3" t="14" w="84" /><ent r="82" t="14" w="100" /><ent r="3" t="14" w="113" /><ent r="3" t="15" w="273" /><ent r="3" t="15" w="771" /><ent r="3" t="22" w="36" /></phr><phr n="Section"><ent r="100" t="5" w="172" /><ent r="100" t="5" w="689" /><ent r="100" t="5" w="692" /><ent r="100" t="5" w="696" /><ent r="92" t="5" w="700" /><ent r="92" t="5" w="760" /><ent r="100" t="8" w="543" /><ent r="92" t="8" w="547" /><ent r="1000" t="11" w="3" /><ent r="102" t="11" w="7" /><ent r="64" t="15" w="312" /><ent r="92" t="15" w="445" /><ent r="82" t="15" w="557" /><ent r="92" t="15" w="685" /><ent r="92" t="15" w="749" /><ent r="82" t="17" w="127" /><ent r="3" t="34" w="431" /><ent r="3" t="34" w="685" /><ent r="92" t="42" w="263" /></phr></stem><stem n="get"><phr n="Get"><ent r="100" t="3" w="4" /><ent r="100" t="4" w="411" /><ent r="100" t="15" w="821" /><ent r="100" t="15" w="824" /><ent r="4" t="15" w="831" /><ent r="4" t="15" w="835" /><ent r="100" t="16" w="283" /><ent r="6" t="16" w="436" /><ent r="100" t="22" w="127" /><ent r="100" t="22" w="130" /><ent r="4" t="22" w="137" /><ent r="4" t="22" w="141" /><ent r="3" t="24" w="50" /><ent r="92" t="24" w="548" /><ent r="3" t="24" w="728" /><ent r="4" t="41" w="744" /><ent r="3" t="47" w="541" /><ent r="3" t="47" w="568" /><ent r="3" t="47" w="656" /></phr><phr n="get"><ent r="3" t="14" w="1989" /><ent r="5" t="15" w="817" /><ent r="3" t="15" w="920" /><ent r="6" t="16" w="449" /><ent r="3" t="22" w="62" /><ent r="5" t="22" w="123" /><ent r="3" t="24" w="559" /><ent r="3" t="24" w="741" /><ent r="3" t="25" w="275" /><ent r="3" t="25" w="1200" /><ent r="3" t="27" w="246" /><ent r="3" t="31" w="229" /><ent r="3" t="36" w="270" /><ent r="4" t="46" w="122" /><ent r="3" t="48" w="35" /></phr><phr n="gets"><ent r="3" t="18" w="323" /><ent r="6" t="21" w="2871" /></phr><phr n="Gets"><ent r="4" t="21" w="786" /><ent r="3" t="21" w="1793" /></phr><phr n="GET"><ent r="3" t="43" w="41" /><ent r="5" t="55" w="1647" /><ent r="5" t="55" w="1720" /></phr></stem></index>