﻿<?xml version="1.0" encoding="utf-8"?><index><stem n="certain"><phr n="certain"><ent r="3" t="3" w="319" /><ent r="3" t="3" w="344" /><ent r="3" t="4" w="183" /><ent r="6" t="5" w="1026" /><ent r="3" t="14" w="29" /><ent r="3" t="14" w="35" /><ent r="3" t="15" w="52" /><ent r="4" t="15" w="422" /><ent r="3" t="15" w="759" /><ent r="3" t="22" w="24" /><ent r="4" t="22" w="249" /><ent r="3" t="24" w="770" /><ent r="3" t="25" w="1082" /><ent r="3" t="25" w="1451" /><ent r="3" t="38" w="44" /><ent r="93" t="39" w="284" /><ent r="93" t="39" w="450" /></phr><phr n="Certain"><ent r="3" t="12" w="9" /><ent r="3" t="23" w="907" /><ent r="3" t="23" w="1130" /><ent r="3" t="30" w="1669" /></phr></stem><stem n="specif"><phr n="specific"><ent r="3" t="3" w="326" /><ent r="3" t="4" w="366" /><ent r="5" t="14" w="617" /><ent r="4" t="25" w="562" /><ent r="4" t="26" w="226" /><ent r="4" t="50" w="258" /><ent r="3" t="56" w="272" /></phr><phr n="specifications"><ent r="4" t="7" w="124" /><ent r="6" t="16" w="388" /></phr><phr n="specification"><ent r="3" t="20" w="64" /><ent r="3" t="21" w="1140" /></phr><phr n="specifically"><ent r="3" t="23" w="84" /></phr><phr n="Specific"><ent r="3" t="25" w="974" /><ent r="3" t="27" w="1282" /></phr></stem><stem n="establish"><phr n="establishes"><ent r="3" t="3" w="334" /></phr><phr n="establish"><ent r="5" t="13" w="166" /><ent r="5" t="13" w="215" /><ent r="3" t="32" w="612" /><ent r="5" t="42" w="70" /><ent r="5" t="42" w="174" /></phr></stem><stem n="evalu"><phr n="evaluates"><ent r="3" t="3" w="347" /><ent r="4" t="15" w="173" /><ent r="4" t="16" w="1474" /><ent r="4" t="19" w="156" /><ent r="4" t="19" w="231" /><ent r="3" t="19" w="268" /><ent r="3" t="25" w="166" /></phr><phr n="Evaluates"><ent r="5" t="14" w="204" /><ent r="5" t="14" w="239" /></phr><phr n="Evaluate"><ent r="5" t="14" w="334" /></phr><phr n="evaluate"><ent r="3" t="14" w="1265" /><ent r="3" t="39" w="50" /></phr><phr n="evaluated"><ent r="3" t="17" w="195" /><ent r="3" t="25" w="198" /></phr><phr n="evaluation"><ent r="83" t="19" w="1038" /></phr></stem><stem n="determin"><phr n="determine"><ent r="3" t="3" w="351" /><ent r="3" t="3" w="406" /><ent r="5" t="5" w="433" /><ent r="4" t="15" w="374" /><ent r="4" t="23" w="1634" /><ent r="3" t="29" w="128" /><ent r="4" t="31" w="816" /><ent r="3" t="31" w="884" /><ent r="3" t="31" w="995" /><ent r="3" t="31" w="3091" /><ent r="4" t="33" w="1309" /><ent r="4" t="37" w="462" /><ent r="3" t="38" w="167" /><ent r="3" t="45" w="328" /><ent r="3" t="45" w="353" /><ent r="3" t="51" w="24" /><ent r="6" t="53" w="383" /><ent r="7" t="53" w="585" /></phr><phr n="determining"><ent r="4" t="22" w="228" /><ent r="4" t="22" w="295" /></phr><phr n="determines"><ent r="3" t="25" w="58" /><ent r="4" t="36" w="150" /><ent r="6" t="53" w="338" /></phr><phr n="Determines"><ent r="4" t="31" w="470" /></phr></stem><stem n="languag"><phr n="language"><ent r="64" t="3" w="364" /><ent r="3" t="4" w="176" /><ent r="5" t="4" w="236" /><ent r="3" t="24" w="725" /><ent r="3" t="30" w="35" /><ent r="3" t="33" w="71" /><ent r="4" t="33" w="712" /></phr><phr n="Language"><ent r="64" t="4" w="228" /><ent r="1000" t="30" w="3" /><ent r="100" t="31" w="76" /><ent r="3" t="31" w="91" /></phr></stem><stem n="sequenc"><phr n="sequence"><ent r="3" t="3" w="369" /><ent r="3" t="4" w="241" /><ent r="3" t="23" w="344" /><ent r="3" t="23" w="552" /></phr></stem><stem n="command"><phr n="commands"><ent r="3" t="3" w="371" /><ent r="3" t="7" w="173" /><ent r="3" t="7" w="183" /><ent r="4" t="7" w="264" /><ent r="3" t="10" w="157" /><ent r="3" t="21" w="2659" /><ent r="3" t="27" w="350" /><ent r="3" t="29" w="62" /><ent r="4" t="30" w="277" /><ent r="4" t="30" w="284" /><ent r="4" t="30" w="295" /><ent r="3" t="30" w="422" /><ent r="3" t="30" w="572" /><ent r="3" t="30" w="937" /><ent r="3" t="30" w="1671" /><ent r="3" t="31" w="83" /><ent r="3" t="31" w="149" /><ent r="4" t="31" w="426" /><ent r="3" t="31" w="454" /><ent r="92" t="31" w="708" /><ent r="3" t="31" w="712" /><ent r="3" t="31" w="2381" /><ent r="3" t="31" w="3300" /><ent r="4" t="33" w="943" /><ent r="3" t="42" w="213" /><ent r="3" t="43" w="40" /><ent r="4" t="43" w="100" /><ent r="3" t="45" w="37" /><ent r="3" t="52" w="42" /></phr><phr n="Command"><ent r="64" t="3" w="383" /><ent r="100" t="5" w="138" /><ent r="6" t="5" w="546" /><ent r="92" t="10" w="313" /><ent r="65" t="14" w="44" /><ent r="65" t="14" w="57" /><ent r="92" t="14" w="71" /><ent r="3" t="14" w="86" /><ent r="92" t="14" w="1144" /><ent r="100" t="30" w="92" /><ent r="65" t="30" w="96" /><ent r="92" t="30" w="264" /><ent r="100" t="30" w="961" /><ent r="82" t="30" w="969" /><ent r="1000" t="31" w="2" /><ent r="100" t="31" w="56" /><ent r="100" t="31" w="60" /><ent r="100" t="31" w="64" /><ent r="102" t="31" w="69" /><ent r="100" t="31" w="861" /><ent r="100" t="31" w="865" /><ent r="92" t="31" w="869" /><ent r="100" t="31" w="1789" /><ent r="1000" t="33" w="1" /><ent r="100" t="33" w="12" /><ent r="102" t="33" w="16" /><ent r="100" t="33" w="31" /><ent r="100" t="33" w="35" /><ent r="100" t="33" w="45" /><ent r="100" t="33" w="104" /><ent r="100" t="33" w="108" /><ent r="64" t="33" w="310" /><ent r="92" t="33" w="389" /><ent r="100" t="33" w="646" /><ent r="92" t="33" w="653" /><ent r="4" t="33" w="736" /><ent r="100" t="33" w="760" /><ent r="92" t="33" w="766" /><ent r="3" t="33" w="773" /><ent r="64" t="33" w="784" /><ent r="4" t="33" w="790" /><ent r="64" t="33" w="1455" /><ent r="1000" t="35" w="1" /><ent r="102" t="35" w="6" /><ent r="100" t="35" w="76" /><ent r="3" t="35" w="84" /><ent r="3" t="35" w="114" /><ent r="3" t="36" w="312" /><ent r="3" t="36" w="423" /><ent r="102" t="40" w="41" /><ent r="100" t="40" w="629" /><ent r="5" t="40" w="662" /><ent r="1000" t="59" w="3" /><ent r="100" t="59" w="7" /></phr><phr n="command"><ent r="3" t="3" w="396" /><ent r="8" t="5" w="141" /><ent r="6" t="5" w="205" /><ent r="8" t="5" w="211" /><ent r="4" t="5" w="808" /><ent r="6" t="5" w="910" /><ent r="3" t="10" w="333" /><ent r="3" t="11" w="15" /><ent r="3" t="11" w="28" /><ent r="3" t="14" w="115" /><ent r="5" t="14" w="183" /><ent r="5" t="14" w="222" /><ent r="5" t="14" w="260" /><ent r="3" t="14" w="283" /><ent r="5" t="14" w="383" /><ent r="5" t="14" w="923" /><ent r="3" t="14" w="1157" /><ent r="3" t="14" w="1170" /><ent r="4" t="14" w="1381" /><ent r="3" t="14" w="1882" /><ent r="3" t="14" w="1925" /><ent r="3" t="14" w="1930" /><ent r="3" t="16" w="1650" /><ent r="3" t="19" w="866" /><ent r="3" t="19" w="1164" /><ent r="3" t="27" w="309" /><ent r="3" t="27" w="333" /><ent r="3" t="27" w="369" /><ent r="3" t="27" w="420" /><ent r="3" t="27" w="424" /><ent r="3" t="27" w="573" /><ent r="3" t="27" w="577" /><ent r="3" t="30" w="269" /><ent r="4" t="30" w="309" /><ent r="3" t="30" w="347" /><ent r="3" t="30" w="357" /><ent r="4" t="30" w="787" /><ent r="4" t="30" w="1043" /><ent r="3" t="30" w="1147" /><ent r="3" t="30" w="1194" /><ent r="4" t="30" w="1273" /><ent r="5" t="30" w="1512" /><ent r="3" t="30" w="1695" /><ent r="3" t="30" w="1726" /><ent r="3" t="30" w="1764" /><ent r="3" t="30" w="1776" /><ent r="64" t="30" w="1812" /><ent r="4" t="30" w="1844" /><ent r="82" t="30" w="1861" /><ent r="3" t="30" w="1872" /><ent r="3" t="30" w="1915" /><ent r="100" t="31" w="24" /><ent r="3" t="31" w="179" /><ent r="3" t="31" w="216" /><ent r="4" t="31" w="526" /><ent r="4" t="31" w="842" /><ent r="3" t="31" w="882" /><ent r="3" t="31" w="905" /><ent r="3" t="31" w="945" /><ent r="3" t="31" w="971" /><ent r="3" t="31" w="1039" /><ent r="3" t="31" w="1122" /><ent r="3" t="31" w="1144" /><ent r="3" t="31" w="1172" /><ent r="3" t="31" w="1185" /><ent r="3" t="31" w="1241" /><ent r="3" t="31" w="1340" /><ent r="5" t="31" w="1361" /><ent r="5" t="31" w="1382" /><ent r="3" t="31" w="1393" /><ent r="3" t="31" w="1522" /><ent r="3" t="31" w="1560" /><ent r="3" t="31" w="1581" /><ent r="3" t="31" w="1603" /><ent r="3" t="31" w="1610" /><ent r="3" t="31" w="1633" /><ent r="3" t="31" w="1648" /><ent r="3" t="31" w="1677" /><ent r="3" t="31" w="1694" /><ent r="4" t="31" w="1776" /><ent r="3" t="31" w="1889" /><ent r="3" t="31" w="2050" /><ent r="3" t="31" w="2067" /><ent r="3" t="31" w="2202" /><ent r="3" t="31" w="2300" /><ent r="3" t="31" w="2362" /><ent r="4" t="31" w="2395" /><ent r="4" t="31" w="2402" /><ent r="4" t="31" w="2408" /><ent r="3" t="31" w="2438" /><ent r="3" t="31" w="2464" /><ent r="3" t="31" w="2536" /><ent r="3" t="31" w="2610" /><ent r="3" t="31" w="2678" /><ent r="3" t="31" w="2699" /><ent r="3" t="31" w="2751" /><ent r="3" t="31" w="2784" /><ent r="3" t="31" w="2795" /><ent r="3" t="31" w="2856" /><ent r="3" t="31" w="2877" /><ent r="3" t="31" w="2890" /><ent r="3" t="31" w="2950" /><ent r="3" t="31" w="2957" /><ent r="3" t="31" w="2967" /><ent r="3" t="31" w="3081" /><ent r="3" t="31" w="3101" /><ent r="3" t="31" w="3123" /><ent r="3" t="31" w="3139" /><ent r="4" t="31" w="3166" /><ent r="4" t="31" w="3175" /><ent r="3" t="31" w="3199" /><ent r="3" t="31" w="3243" /><ent r="3" t="31" w="3320" /><ent r="3" t="31" w="3373" /><ent r="3" t="31" w="3542" /><ent r="3" t="31" w="3552" /><ent r="3" t="31" w="3593" /><ent r="3" t="31" w="3608" /><ent r="3" t="31" w="3635" /><ent r="3" t="31" w="3658" /><ent r="3" t="31" w="3804" /><ent r="3" t="31" w="3865" /><ent r="3" t="31" w="3868" /><ent r="3" t="31" w="3927" /><ent r="3" t="31" w="3944" /><ent r="3" t="31" w="3949" /><ent r="3" t="31" w="3990" /><ent r="3" t="31" w="4000" /><ent r="3" t="31" w="4026" /><ent r="3" t="31" w="4044" /><ent r="3" t="31" w="4059" /><ent r="3" t="31" w="4102" /><ent r="3" t="32" w="241" /><ent r="3" t="32" w="252" /><ent r="4" t="33" w="38" /><ent r="3" t="33" w="186" /><ent r="3" t="33" w="252" /><ent r="3" t="33" w="342" /><ent r="3" t="33" w="398" /><ent r="3" t="33" w="409" /><ent r="4" t="33" w="662" /><ent r="4" t="33" w="699" /><ent r="6" t="33" w="1152" /><ent r="4" t="33" w="1231" /><ent r="4" t="33" w="1321" /><ent r="4" t="33" w="1388" /><ent r="3" t="34" w="17" /><ent r="3" t="34" w="170" /><ent r="3" t="34" w="175" /><ent r="3" t="34" w="217" /><ent r="3" t="34" w="507" /><ent r="3" t="34" w="545" /><ent r="3" t="34" w="564" /><ent r="3" t="34" w="761" /><ent r="3" t="34" w="799" /><ent r="3" t="34" w="818" /><ent r="3" t="35" w="19" /><ent r="3" t="35" w="148" /><ent r="3" t="35" w="162" /><ent r="3" t="35" w="179" /><ent r="3" t="35" w="199" /><ent r="3" t="35" w="217" /><ent r="3" t="36" w="24" /><ent r="3" t="36" w="29" /><ent r="3" t="36" w="429" /><ent r="3" t="36" w="477" /><ent r="3" t="36" w="502" /><ent r="3" t="36" w="507" /><ent r="3" t="37" w="16" /><ent r="3" t="37" w="110" /><ent r="4" t="37" w="353" /><ent r="4" t="38" w="240" /><ent r="4" t="38" w="282" /><ent r="3" t="40" w="291" /><ent r="92" t="40" w="626" /><ent r="3" t="40" w="637" /><ent r="3" t="40" w="641" /><ent r="3" t="40" w="653" /><ent r="4" t="40" w="666" /><ent r="4" t="40" w="678" /><ent r="72" t="40" w="1078" /><ent r="3" t="40" w="1094" /><ent r="3" t="40" w="1098" /><ent r="72" t="40" w="1203" /><ent r="3" t="40" w="1232" /><ent r="3" t="41" w="99" /><ent r="3" t="41" w="166" /><ent r="3" t="41" w="277" /><ent r="3" t="41" w="328" /><ent r="3" t="41" w="519" /><ent r="3" t="42" w="351" /><ent r="3" t="44" w="394" /><ent r="3" t="44" w="494" /><ent r="3" t="45" w="377" /><ent r="3" t="45" w="389" /><ent r="3" t="46" w="131" /><ent r="3" t="46" w="166" /><ent r="3" t="47" w="12" /><ent r="3" t="53" w="14" /><ent r="3" t="59" w="28" /><ent r="3" t="59" w="61" /></phr><phr n="Commands"><ent r="100" t="7" w="156" /><ent r="92" t="7" w="160" /><ent r="100" t="31" w="126" /><ent r="92" t="31" w="131" /><ent r="92" t="31" w="446" /><ent r="92" t="31" w="777" /><ent r="100" t="42" w="204" /><ent r="92" t="42" w="208" /><ent r="4" t="50" w="183" /><ent r="4" t="51" w="73" /></phr></stem><stem n="branch"><phr n="branching"><ent r="3" t="3" w="372" /></phr><phr n="branches"><ent r="3" t="30" w="1717" /><ent r="3" t="30" w="1780" /><ent r="4" t="31" w="567" /><ent r="4" t="31" w="611" /><ent r="4" t="31" w="650" /><ent r="4" t="31" w="2229" /><ent r="3" t="31" w="2307" /><ent r="3" t="31" w="2328" /><ent r="3" t="31" w="2543" /><ent r="4" t="31" w="2564" /><ent r="3" t="31" w="3312" /><ent r="3" t="31" w="3767" /></phr><phr n="Branch"><ent r="100" t="31" w="6" /><ent r="100" t="31" w="26" /><ent r="100" t="31" w="45" /><ent r="100" t="31" w="50" /></phr><phr n="Branches"><ent r="4" t="31" w="536" /></phr><phr n="branch"><ent r="3" t="31" w="1650" /><ent r="3" t="31" w="2204" /><ent r="3" t="31" w="3785" /></phr></stem><stem n="command-lin"><phr n="Command-line"><ent r="64" t="3" w="383" /><ent r="100" t="5" w="138" /><ent r="6" t="5" w="546" /><ent r="65" t="14" w="44" /><ent r="3" t="14" w="86" /><ent r="92" t="14" w="1144" /><ent r="100" t="33" w="31" /><ent r="100" t="33" w="35" /><ent r="100" t="33" w="45" /><ent r="100" t="33" w="104" /><ent r="100" t="33" w="108" /><ent r="100" t="33" w="646" /><ent r="92" t="33" w="653" /><ent r="4" t="33" w="736" /><ent r="100" t="33" w="760" /><ent r="92" t="33" w="766" /><ent r="3" t="33" w="773" /><ent r="4" t="33" w="790" /><ent r="1000" t="35" w="1" /></phr><phr n="command-line"><ent r="8" t="5" w="141" /><ent r="6" t="5" w="205" /><ent r="8" t="5" w="211" /><ent r="3" t="10" w="333" /><ent r="3" t="11" w="15" /><ent r="3" t="11" w="28" /><ent r="5" t="14" w="183" /><ent r="5" t="14" w="222" /><ent r="5" t="14" w="260" /><ent r="5" t="14" w="383" /><ent r="3" t="14" w="1170" /><ent r="4" t="14" w="1381" /><ent r="3" t="14" w="1882" /><ent r="3" t="14" w="1930" /><ent r="3" t="16" w="1650" /><ent r="4" t="33" w="38" /><ent r="3" t="33" w="186" /><ent r="3" t="33" w="252" /><ent r="3" t="33" w="342" /><ent r="4" t="33" w="662" /><ent r="3" t="34" w="175" /><ent r="3" t="34" w="217" /><ent r="3" t="35" w="19" /><ent r="3" t="35" w="162" /><ent r="3" t="36" w="24" /><ent r="3" t="36" w="29" /><ent r="3" t="37" w="16" /><ent r="3" t="59" w="61" /></phr><phr n="Command-Line"><ent r="92" t="10" w="313" /><ent r="3" t="36" w="423" /></phr></stem><stem n="invok"><phr n="invoke"><ent r="3" t="3" w="389" /><ent r="100" t="5" w="589" /><ent r="6" t="5" w="595" /><ent r="6" t="5" w="601" /><ent r="3" t="37" w="126" /></phr><phr n="invoked"><ent r="5" t="14" w="981" /><ent r="3" t="15" w="96" /><ent r="3" t="33" w="431" /><ent r="3" t="36" w="104" /><ent r="3" t="37" w="627" /><ent r="3" t="47" w="62" /></phr><phr n="invokes"><ent r="3" t="33" w="129" /><ent r="3" t="33" w="396" /></phr><phr n="Invoking"><ent r="100" t="40" w="31" /><ent r="100" t="40" w="619" /><ent r="100" t="40" w="621" /><ent r="92" t="40" w="623" /></phr></stem><stem n="(a"><phr n="(as"><ent r="3" t="3" w="392" /><ent r="3" t="30" w="201" /><ent r="3" t="31" w="2849" /><ent r="6" t="53" w="354" /></phr><phr n="(a"><ent r="5" t="7" w="315" /><ent r="5" t="7" w="329" /></phr></stem><stem n="&quot;from"><phr n="&quot;from"><ent r="3" t="3" w="394" /></phr></stem><stem n="&quot;),"><phr n="&quot;),"><ent r="3" t="3" w="398" /></phr></stem><stem n="big"><phr n="Big"><ent r="3" t="3" w="412" /><ent r="3" t="3" w="416" /><ent r="3" t="3" w="430" /><ent r="100" t="7" w="6" /><ent r="7" t="7" w="507" /><ent r="8" t="7" w="512" /><ent r="100" t="21" w="2439" /><ent r="3" t="27" w="495" /><ent r="3" t="27" w="656" /><ent r="3" t="27" w="779" /><ent r="3" t="27" w="889" /><ent r="3" t="27" w="1071" /></phr><phr n="big"><ent r="4" t="21" w="2324" /><ent r="6" t="21" w="2442" /></phr></stem><stem n="brother"><phr n="Brother"><ent r="3" t="3" w="413" /><ent r="3" t="3" w="431" /></phr></stem><stem n="brother™"><phr n="Brother™"><ent r="3" t="3" w="417" /></phr></stem><stem n="-sourc"><phr n="-source"><ent r="3" t="3" w="420" /><ent r="3" t="3" w="420" /></phr></stem><stem n="open-sourc"><phr n="open-source"><ent r="3" t="3" w="420" /></phr></stem><stem n="listen"><phr n="listens"><ent r="3" t="3" w="426" /><ent r="3" t="27" w="159" /></phr></stem><stem n="report"><phr n="reports"><ent r="3" t="3" w="428" /><ent r="3" t="31" w="4093" /><ent r="3" t="48" w="44" /></phr><phr n="report"><ent r="4" t="12" w="196" /><ent r="5" t="18" w="169" /><ent r="5" t="55" w="302" /></phr><phr n="reported"><ent r="3" t="24" w="163" /><ent r="3" t="24" w="418" /><ent r="3" t="32" w="344" /></phr><phr n="Reports"><ent r="1000" t="48" w="3" /><ent r="3" t="48" w="47" /></phr><phr n="reporting"><ent r="3" t="56" w="165" /></phr></stem><stem n="client"><phr n="clients"><ent r="3" t="3" w="432" /><ent r="3" t="56" w="179" /></phr><phr n="client"><ent r="5" t="55" w="819" /><ent r="5" t="55" w="1325" /><ent r="5" t="55" w="1357" /></phr></stem><stem n="fairli"><phr n="fairly"><ent r="3" t="3" w="443" /></phr></stem><stem n="straightforward"><phr n="straightforward"><ent r="3" t="3" w="444" /><ent r="3" t="10" w="141" /><ent r="3" t="43" w="45" /></phr></stem><stem n="exist"><phr n="existing"><ent r="3" t="3" w="448" /><ent r="3" t="16" w="1336" /><ent r="4" t="18" w="250" /><ent r="4" t="19" w="737" /><ent r="3" t="23" w="948" /><ent r="3" t="44" w="445" /></phr><phr n="exists"><ent r="3" t="11" w="113" /><ent r="3" t="14" w="1922" /><ent r="4" t="25" w="455" /><ent r="3" t="34" w="150" /><ent r="3" t="47" w="801" /><ent r="3" t="51" w="416" /></phr><phr n="existent"><ent r="3" t="30" w="1694" /><ent r="3" t="39" w="538" /></phr><phr n="exist"><ent r="3" t="34" w="308" /><ent r="3" t="41" w="146" /><ent r="3" t="47" w="599" /><ent r="6" t="53" w="713" /><ent r="5" t="55" w="1707" /></phr><phr n="Existing"><ent r="100" t="38" w="50" /><ent r="100" t="38" w="54" /><ent r="100" t="38" w="58" /><ent r="92" t="38" w="64" /></phr></stem><stem n="produc"><phr n="produce"><ent r="3" t="3" w="451" /><ent r="4" t="15" w="245" /><ent r="3" t="30" w="1598" /><ent r="3" t="37" w="693" /></phr><phr n="produces"><ent r="3" t="44" w="193" /></phr><phr n="produced"><ent r="6" t="55" w="743" /></phr></stem><stem n="might"><phr n="might"><ent r="3" t="3" w="462" /><ent r="3" t="4" w="49" /><ent r="6" t="5" w="648" /><ent r="3" t="14" w="1291" /><ent r="3" t="14" w="1314" /><ent r="3" t="14" w="2046" /><ent r="3" t="15" w="68" /><ent r="3" t="23" w="112" /><ent r="3" t="24" w="598" /><ent r="3" t="24" w="641" /><ent r="3" t="24" w="775" /><ent r="3" t="25" w="959" /><ent r="3" t="36" w="199" /><ent r="3" t="39" w="209" /><ent r="3" t="44" w="221" /></phr></stem><stem n="consid"><phr n="consider"><ent r="3" t="3" w="466" /></phr><phr n="considered"><ent r="3" t="24" w="154" /><ent r="4" t="24" w="483" /><ent r="3" t="24" w="717" /></phr></stem><stem n="support"><phr n="support"><ent r="64" t="3" w="473" /><ent r="64" t="3" w="505" /><ent r="3" t="28" w="116" /><ent r="65" t="38" w="96" /><ent r="64" t="38" w="451" /><ent r="3" t="40" w="868" /><ent r="4" t="47" w="345" /><ent r="5" t="55" w="1935" /></phr><phr n="supports"><ent r="6" t="5" w="105" /><ent r="3" t="16" w="1214" /><ent r="3" t="19" w="309" /><ent r="3" t="21" w="2550" /><ent r="3" t="23" w="973" /><ent r="3" t="24" w="18" /><ent r="3" t="24" w="44" /><ent r="3" t="42" w="211" /><ent r="5" t="55" w="1247" /></phr><phr n="Supports"><ent r="4" t="21" w="91" /><ent r="4" t="21" w="103" /><ent r="4" t="21" w="138" /><ent r="4" t="21" w="161" /><ent r="4" t="21" w="181" /><ent r="4" t="21" w="205" /><ent r="4" t="21" w="233" /></phr><phr n="supported"><ent r="4" t="21" w="275" /><ent r="3" t="21" w="1025" /><ent r="3" t="21" w="1510" /><ent r="3" t="30" w="930" /><ent r="3" t="31" w="4047" /><ent r="3" t="45" w="193" /></phr><phr n="Supported"><ent r="3" t="24" w="882" /><ent r="3" t="45" w="120" /></phr></stem><stem n="@dartware.com"><phr n="@dartware.com"><ent r="64" t="3" w="475" /><ent r="64" t="38" w="453" /></phr></stem><stem n="dartware.com"><phr n="dartware.com"><ent r="64" t="3" w="475" /><ent r="64" t="3" w="474" /><ent r="64" t="3" w="504" /><ent r="64" t="3" w="503" /><ent r="3" t="28" w="118" /><ent r="3" t="28" w="117" /><ent r="65" t="38" w="95" /><ent r="65" t="38" w="94" /><ent r="64" t="38" w="453" /><ent r="64" t="38" w="452" /></phr></stem><stem n="check"><phr n="check"><ent r="3" t="3" w="490" /><ent r="4" t="8" w="204" /><ent r="3" t="8" w="495" /><ent r="3" t="8" w="534" /><ent r="6" t="33" w="1079" /><ent r="7" t="33" w="1159" /><ent r="3" t="37" w="608" /><ent r="3" t="37" w="635" /><ent r="3" t="39" w="413" /></phr><phr n="Check"><ent r="82" t="8" w="488" /><ent r="5" t="13" w="652" /><ent r="100" t="33" w="1062" /></phr><phr n="checks"><ent r="3" t="29" w="124" /></phr><phr n="checked"><ent r="3" t="31" w="4032" /></phr></stem><stem n="alreadi"><phr n="already"><ent r="3" t="3" w="497" /><ent r="3" t="21" w="868" /><ent r="3" t="25" w="1276" /><ent r="3" t="34" w="149" /></phr></stem><stem n="contribut"><phr n="contributed"><ent r="3" t="3" w="499" /><ent r="3" t="38" w="82" /></phr><phr n="contribute"><ent r="3" t="38" w="433" /></phr><phr n="Contributions"><ent r="100" t="38" w="455" /><ent r="3" t="38" w="464" /></phr></stem><stem n="dartware.com/support"><phr n="dartware.com/support"><ent r="64" t="3" w="505" /><ent r="64" t="3" w="503" /><ent r="65" t="38" w="96" /><ent r="65" t="38" w="94" /></phr></stem><stem n="dartware.com/support/us"><phr n="dartware.com/support/users"><ent r="64" t="3" w="506" /><ent r="64" t="3" w="503" /><ent r="65" t="38" w="97" /><ent r="65" t="38" w="94" /></phr></stem><stem n="dartware.com/support/users/index"><phr n="dartware.com/support/users/index"><ent r="64" t="3" w="507" /><ent r="64" t="3" w="503" /><ent r="65" t="38" w="98" /><ent r="65" t="38" w="94" /></phr></stem><stem n="index"><phr n="index"><ent r="64" t="3" w="507" /><ent r="6" t="5" w="1039" /><ent r="5" t="14" w="572" /><ent r="4" t="21" w="799" /><ent r="4" t="21" w="802" /><ent r="3" t="21" w="1806" /><ent r="3" t="21" w="1809" /><ent r="3" t="21" w="1816" /><ent r="4" t="23" w="266" /><ent r="3" t="23" w="451" /><ent r="3" t="23" w="453" /><ent r="3" t="23" w="459" /><ent r="3" t="23" w="480" /><ent r="3" t="23" w="526" /><ent r="3" t="23" w="927" /><ent r="3" t="23" w="934" /><ent r="3" t="23" w="1006" /><ent r="3" t="23" w="1146" /><ent r="3" t="23" w="1179" /><ent r="3" t="23" w="1209" /><ent r="3" t="23" w="1288" /><ent r="3" t="23" w="1359" /><ent r="3" t="23" w="1424" /><ent r="3" t="23" w="1441" /><ent r="4" t="23" w="1637" /><ent r="3" t="24" w="976" /><ent r="3" t="24" w="987" /><ent r="3" t="24" w="1031" /><ent r="3" t="24" w="1050" /><ent r="3" t="24" w="1110" /><ent r="65" t="38" w="98" /><ent r="3" t="39" w="343" /><ent r="3" t="39" w="401" /><ent r="3" t="39" w="563" /><ent r="5" t="51" w="549" /><ent r="7" t="53" w="287" /><ent r="6" t="53" w="304" /><ent r="6" t="53" w="687" /><ent r="100" t="56" w="311" /><ent r="3" t="56" w="321" /><ent r="3" t="56" w="351" /><ent r="3" t="56" w="420" /><ent r="3" t="56" w="447" /><ent r="3" t="56" w="476" /></phr><phr n="Index"><ent r="3" t="23" w="306" /><ent r="3" t="24" w="55" /><ent r="92" t="24" w="949" /><ent r="3" t="24" w="1068" /><ent r="3" t="24" w="1151" /><ent r="100" t="51" w="546" /><ent r="100" t="53" w="271" /><ent r="100" t="56" w="307" /></phr><phr n="Indexes"><ent r="82" t="23" w="440" /></phr><phr n="indexed"><ent r="3" t="24" w="1005" /></phr><phr n="indexes"><ent r="3" t="24" w="1149" /></phr></stem><stem n="://dartware.com/support/users/index.html"><phr n="://dartware.com/support/users/index.html"><ent r="64" t="3" w="508" /><ent r="65" t="38" w="99" /></phr></stem><stem n="dartware.com/support/users/index.html"><phr n="dartware.com/support/users/index.html"><ent r="64" t="3" w="508" /><ent r="64" t="3" w="503" /><ent r="65" t="38" w="99" /><ent r="65" t="38" w="94" /></phr></stem><stem n="html"><phr n="html"><ent r="64" t="3" w="508" /><ent r="3" t="27" w="352" /><ent r="3" t="27" w="367" /><ent r="64" t="33" w="273" /><ent r="64" t="37" w="411" /><ent r="65" t="38" w="99" /><ent r="4" t="45" w="150" /><ent r="3" t="45" w="186" /><ent r="4" t="46" w="97" /><ent r="3" t="47" w="690" /><ent r="64" t="49" w="33" /><ent r="100" t="51" w="547" /><ent r="5" t="51" w="550" /><ent r="100" t="51" w="565" /><ent r="5" t="51" w="568" /><ent r="100" t="51" w="580" /><ent r="5" t="51" w="583" /><ent r="100" t="51" w="594" /><ent r="5" t="51" w="597" /><ent r="100" t="51" w="608" /><ent r="5" t="51" w="611" /><ent r="100" t="51" w="622" /><ent r="5" t="51" w="625" /><ent r="100" t="53" w="63" /><ent r="7" t="53" w="69" /><ent r="6" t="53" w="105" /><ent r="7" t="53" w="249" /><ent r="100" t="53" w="272" /><ent r="6" t="53" w="281" /><ent r="7" t="53" w="288" /><ent r="6" t="53" w="305" /><ent r="7" t="53" w="552" /><ent r="7" t="53" w="573" /><ent r="7" t="53" w="648" /><ent r="7" t="53" w="662" /><ent r="6" t="53" w="688" /><ent r="100" t="55" w="136" /><ent r="6" t="55" w="144" /><ent r="5" t="55" w="634" /><ent r="100" t="55" w="1447" /><ent r="100" t="55" w="1458" /><ent r="4" t="55" w="1470" /><ent r="5" t="55" w="1514" /><ent r="5" t="55" w="1592" /><ent r="6" t="55" w="2031" /><ent r="3" t="56" w="153" /><ent r="3" t="56" w="211" /><ent r="100" t="56" w="308" /><ent r="100" t="56" w="312" /><ent r="3" t="56" w="322" /><ent r="3" t="56" w="352" /><ent r="100" t="56" w="363" /><ent r="3" t="56" w="375" /><ent r="3" t="56" w="421" /><ent r="3" t="56" w="448" /><ent r="3" t="56" w="477" /><ent r="100" t="58" w="66" /><ent r="5" t="58" w="71" /><ent r="100" t="58" w="85" /><ent r="5" t="58" w="90" /></phr><phr n="HTML"><ent r="100" t="4" w="319" /><ent r="3" t="4" w="326" /><ent r="100" t="9" w="10" /><ent r="3" t="9" w="23" /><ent r="3" t="9" w="37" /><ent r="100" t="30" w="23" /><ent r="100" t="30" w="1923" /><ent r="3" t="30" w="1927" /><ent r="3" t="30" w="1947" /><ent r="4" t="45" w="154" /><ent r="3" t="45" w="203" /><ent r="100" t="51" w="35" /><ent r="3" t="51" w="50" /><ent r="4" t="51" w="147" /><ent r="3" t="51" w="248" /><ent r="100" t="52" w="27" /><ent r="3" t="52" w="41" /><ent r="100" t="52" w="95" /><ent r="3" t="52" w="100" /><ent r="3" t="52" w="104" /><ent r="100" t="53" w="65" /><ent r="100" t="53" w="89" /><ent r="6" t="53" w="741" /><ent r="100" t="55" w="130" /><ent r="100" t="55" w="245" /><ent r="5" t="55" w="467" /><ent r="5" t="55" w="611" /><ent r="5" t="55" w="1373" /><ent r="100" t="56" w="89" /><ent r="3" t="56" w="100" /><ent r="3" t="56" w="162" /><ent r="3" t="56" w="257" /><ent r="100" t="56" w="402" /><ent r="3" t="56" w="405" /><ent r="3" t="56" w="417" /></phr></stem><stem n="format"><phr n="Format"><ent r="1000" t="4" w="3" /><ent r="102" t="4" w="8" /><ent r="100" t="4" w="16" /><ent r="100" t="5" w="47" /><ent r="92" t="5" w="51" /><ent r="100" t="15" w="26" /><ent r="82" t="15" w="496" /><ent r="6" t="16" w="502" /><ent r="6" t="16" w="834" /><ent r="64" t="18" w="908" /><ent r="1000" t="19" w="3" /><ent r="102" t="19" w="8" /><ent r="4" t="21" w="724" /><ent r="3" t="21" w="1009" /><ent r="3" t="21" w="1470" /><ent r="6" t="21" w="2366" /><ent r="4" t="26" w="62" /><ent r="4" t="26" w="95" /><ent r="100" t="30" w="93" /><ent r="65" t="30" w="97" /><ent r="100" t="30" w="103" /><ent r="100" t="30" w="109" /><ent r="65" t="30" w="113" /><ent r="100" t="30" w="123" /><ent r="65" t="30" w="129" /><ent r="92" t="30" w="265" /><ent r="92" t="30" w="419" /><ent r="92" t="30" w="934" /><ent r="100" t="33" w="764" /><ent r="92" t="33" w="770" /><ent r="65" t="33" w="804" /><ent r="100" t="57" w="16" /><ent r="3" t="57" w="95" /></phr><phr n="formatting"><ent r="3" t="4" w="186" /><ent r="3" t="14" w="1471" /><ent r="4" t="16" w="1416" /><ent r="4" t="16" w="1438" /><ent r="4" t="16" w="1484" /><ent r="4" t="50" w="189" /><ent r="3" t="52" w="32" /><ent r="3" t="60" w="17" /></phr><phr n="format"><ent r="3" t="4" w="311" /><ent r="3" t="4" w="322" /><ent r="3" t="5" w="72" /><ent r="5" t="5" w="442" /><ent r="5" t="7" w="430" /><ent r="3" t="8" w="73" /><ent r="3" t="10" w="294" /><ent r="3" t="10" w="365" /><ent r="5" t="14" w="339" /><ent r="5" t="14" w="866" /><ent r="3" t="14" w="1271" /><ent r="3" t="14" w="1317" /><ent r="3" t="15" w="260" /><ent r="3" t="19" w="29" /><ent r="3" t="20" w="25" /><ent r="3" t="20" w="92" /><ent r="4" t="21" w="721" /><ent r="4" t="21" w="728" /><ent r="4" t="21" w="748" /><ent r="4" t="21" w="778" /><ent r="3" t="21" w="1004" /><ent r="3" t="21" w="1015" /><ent r="3" t="21" w="1022" /><ent r="3" t="21" w="1143" /><ent r="3" t="21" w="1270" /><ent r="3" t="21" w="1344" /><ent r="3" t="21" w="1364" /><ent r="3" t="21" w="1371" /><ent r="3" t="21" w="1419" /><ent r="3" t="21" w="1467" /><ent r="3" t="21" w="1474" /><ent r="3" t="21" w="1507" /><ent r="3" t="21" w="1690" /><ent r="3" t="21" w="1751" /><ent r="3" t="21" w="1769" /><ent r="4" t="21" w="2199" /><ent r="3" t="21" w="2222" /><ent r="4" t="21" w="2330" /><ent r="3" t="21" w="2552" /><ent r="3" t="21" w="2556" /><ent r="4" t="23" w="773" /><ent r="3" t="24" w="888" /><ent r="3" t="24" w="913" /><ent r="3" t="24" w="931" /><ent r="3" t="24" w="1025" /><ent r="3" t="25" w="867" /><ent r="3" t="25" w="1068" /><ent r="3" t="25" w="1083" /><ent r="3" t="26" w="38" /><ent r="4" t="26" w="252" /><ent r="4" t="26" w="269" /><ent r="3" t="26" w="322" /><ent r="3" t="28" w="139" /><ent r="3" t="28" w="197" /><ent r="3" t="30" w="350" /><ent r="5" t="30" w="1464" /><ent r="4" t="30" w="1855" /><ent r="82" t="30" w="1921" /><ent r="3" t="33" w="780" /><ent r="4" t="33" w="796" /><ent r="4" t="37" w="489" /><ent r="4" t="37" w="535" /><ent r="3" t="39" w="324" /><ent r="3" t="39" w="481" /><ent r="4" t="40" w="205" /><ent r="3" t="40" w="387" /><ent r="3" t="42" w="300" /><ent r="3" t="45" w="109" /><ent r="3" t="45" w="116" /><ent r="4" t="45" w="147" /><ent r="3" t="45" w="204" /><ent r="3" t="46" w="27" /><ent r="4" t="50" w="175" /><ent r="6" t="53" w="602" /><ent r="3" t="55" w="18" /><ent r="5" t="55" w="1243" /><ent r="5" t="55" w="1725" /></phr><phr n="formats"><ent r="3" t="14" w="1174" /><ent r="6" t="16" w="399" /><ent r="3" t="21" w="2343" /><ent r="3" t="21" w="2351" /><ent r="3" t="21" w="2359" /><ent r="3" t="25" w="1098" /><ent r="4" t="43" w="89" /><ent r="3" t="45" w="121" /></phr><phr n="formatted"><ent r="3" t="14" w="1887" /><ent r="3" t="14" w="2010" /><ent r="4" t="16" w="1436" /><ent r="4" t="21" w="718" /><ent r="4" t="21" w="743" /><ent r="3" t="21" w="1001" /><ent r="3" t="21" w="1462" /><ent r="4" t="21" w="1539" /><ent r="3" t="35" w="135" /><ent r="5" t="37" w="833" /><ent r="3" t="50" w="112" /><ent r="4" t="51" w="146" /><ent r="3" t="53" w="27" /><ent r="3" t="53" w="54" /></phr><phr n="Formats"><ent r="4" t="21" w="1028" /><ent r="4" t="21" w="1036" /><ent r="4" t="21" w="1044" /><ent r="4" t="21" w="1052" /><ent r="4" t="21" w="1062" /><ent r="4" t="21" w="1072" /><ent r="4" t="21" w="1081" /><ent r="4" t="21" w="1091" /><ent r="4" t="21" w="1103" /><ent r="4" t="21" w="1113" /><ent r="4" t="21" w="1123" /></phr><phr n="Formatting"><ent r="72" t="21" w="1152" /><ent r="72" t="21" w="1267" /><ent r="72" t="21" w="1339" /><ent r="72" t="21" w="1415" /></phr></stem></index>