﻿<?xml version="1.0" encoding="utf-8"?><index><stem n="choos"><phr n="chooses"><ent r="5" t="5" w="389" /><ent r="3" t="54" w="88" /></phr><phr n="Choose"><ent r="4" t="8" w="184" /></phr><phr n="choose"><ent r="3" t="8" w="359" /><ent r="4" t="38" w="329" /><ent r="4" t="50" w="340" /><ent r="4" t="50" w="357" /><ent r="5" t="55" w="1359" /></phr></stem><stem n="human"><phr n="Human"><ent r="100" t="5" w="392" /><ent r="100" t="32" w="140" /></phr><phr n="human"><ent r="6" t="5" w="395" /><ent r="3" t="5" w="728" /><ent r="4" t="12" w="241" /><ent r="3" t="19" w="1286" /><ent r="4" t="23" w="756" /><ent r="3" t="27" w="130" /><ent r="3" t="28" w="349" /><ent r="3" t="32" w="143" /><ent r="3" t="34" w="400" /><ent r="3" t="34" w="654" /><ent r="3" t="35" w="111" /><ent r="3" t="36" w="401" /></phr></stem><stem n="human_nam"><phr n="Human_name"><ent r="100" t="5" w="393" /><ent r="100" t="5" w="392" /><ent r="100" t="32" w="141" /><ent r="100" t="32" w="140" /></phr><phr n="human_name"><ent r="6" t="5" w="396" /><ent r="6" t="5" w="395" /><ent r="3" t="5" w="729" /><ent r="3" t="5" w="728" /><ent r="3" t="19" w="1287" /><ent r="3" t="19" w="1286" /><ent r="3" t="27" w="131" /><ent r="3" t="27" w="130" /><ent r="3" t="32" w="144" /><ent r="3" t="32" w="143" /><ent r="3" t="34" w="401" /><ent r="3" t="34" w="400" /><ent r="3" t="34" w="655" /><ent r="3" t="34" w="654" /><ent r="3" t="35" w="112" /><ent r="3" t="35" w="111" /><ent r="3" t="36" w="402" /><ent r="3" t="36" w="401" /></phr></stem><stem n="picker"><phr n="Picker"><ent r="5" t="5" w="409" /></phr></stem><stem n="select"><phr n="select"><ent r="5" t="5" w="418" /><ent r="4" t="18" w="563" /><ent r="4" t="18" w="581" /><ent r="3" t="41" w="537" /><ent r="3" t="41" w="580" /><ent r="3" t="41" w="590" /><ent r="3" t="41" w="600" /></phr><phr n="Select"><ent r="100" t="5" w="497" /><ent r="4" t="38" w="335" /><ent r="4" t="38" w="340" /><ent r="4" t="38" w="349" /><ent r="100" t="40" w="11" /><ent r="4" t="40" w="655" /></phr><phr n="selecting"><ent r="4" t="8" w="200" /></phr><phr n="selected"><ent r="3" t="8" w="436" /><ent r="3" t="8" w="537" /><ent r="3" t="13" w="20" /><ent r="6" t="53" w="693" /><ent r="5" t="55" w="1369" /></phr><phr n="Selecting"><ent r="4" t="18" w="600" /></phr></stem><stem n="mean"><phr n="means"><ent r="5" t="5" w="431" /><ent r="3" t="7" w="562" /><ent r="3" t="14" w="1982" /><ent r="3" t="16" w="1748" /><ent r="3" t="23" w="919" /><ent r="3" t="23" w="1195" /><ent r="3" t="23" w="1213" /><ent r="3" t="23" w="1225" /><ent r="2" t="23" w="1379" /><ent r="3" t="24" w="1094" /><ent r="3" t="24" w="1116" /><ent r="3" t="24" w="1131" /><ent r="3" t="25" w="320" /><ent r="4" t="33" w="1307" /><ent r="3" t="39" w="291" /><ent r="3" t="39" w="455" /><ent r="4" t="40" w="160" /></phr><phr n="meaning"><ent r="3" t="24" w="140" /><ent r="3" t="35" w="51" /></phr></stem><stem n="current"><phr n="current"><ent r="5" t="5" w="439" /><ent r="3" t="8" w="430" /><ent r="3" t="8" w="530" /><ent r="5" t="14" w="861" /><ent r="4" t="15" w="224" /><ent r="3" t="17" w="93" /><ent r="3" t="17" w="226" /><ent r="3" t="18" w="533" /><ent r="3" t="18" w="697" /><ent r="3" t="21" w="1503" /><ent r="3" t="23" w="436" /><ent r="3" t="25" w="266" /><ent r="3" t="28" w="185" /><ent r="3" t="28" w="188" /><ent r="3" t="28" w="218" /><ent r="3" t="28" w="250" /><ent r="3" t="28" w="284" /><ent r="3" t="28" w="315" /><ent r="3" t="28" w="340" /><ent r="3" t="28" w="407" /><ent r="4" t="30" w="1021" /><ent r="5" t="30" w="1458" /><ent r="5" t="30" w="1470" /><ent r="4" t="31" w="190" /><ent r="3" t="31" w="209" /><ent r="3" t="31" w="231" /><ent r="4" t="31" w="833" /><ent r="3" t="31" w="3130" /><ent r="3" t="31" w="3319" /><ent r="3" t="34" w="188" /><ent r="3" t="47" w="165" /><ent r="3" t="47" w="264" /><ent r="4" t="47" w="376" /><ent r="4" t="51" w="338" /><ent r="5" t="55" w="352" /><ent r="5" t="55" w="380" /><ent r="6" t="55" w="491" /><ent r="6" t="55" w="564" /><ent r="6" t="55" w="581" /><ent r="5" t="55" w="663" /><ent r="6" t="55" w="730" /><ent r="5" t="55" w="794" /><ent r="5" t="55" w="801" /><ent r="5" t="55" w="867" /><ent r="5" t="55" w="916" /><ent r="5" t="55" w="927" /><ent r="5" t="55" w="949" /><ent r="5" t="55" w="1009" /><ent r="5" t="55" w="1362" /><ent r="6" t="55" w="1971" /><ent r="6" t="55" w="1977" /></phr><phr n="Current"><ent r="5" t="13" w="315" /><ent r="5" t="13" w="322" /><ent r="5" t="13" w="379" /><ent r="5" t="13" w="398" /><ent r="5" t="13" w="405" /><ent r="5" t="13" w="432" /></phr><phr n="currently"><ent r="5" t="19" w="494" /><ent r="4" t="19" w="694" /><ent r="4" t="33" w="1359" /><ent r="4" t="43" w="92" /><ent r="3" t="44" w="70" /><ent r="5" t="55" w="359" /></phr><phr n="Currently"><ent r="3" t="34" w="83" /></phr></stem><stem n="&quot;#.#&quot;."><phr n="&quot;#.#&quot;."><ent r="5" t="5" w="447" /></phr></stem><stem n="_type"><phr n="_type"><ent r="100" t="5" w="450" /><ent r="6" t="5" w="453" /><ent r="3" t="19" w="1296" /><ent r="100" t="32" w="152" /><ent r="3" t="32" w="155" /><ent r="100" t="33" w="815" /><ent r="3" t="34" w="409" /><ent r="3" t="34" w="663" /><ent r="3" t="35" w="122" /></phr></stem><stem n="address_typ"><phr n="Address_type"><ent r="100" t="5" w="450" /><ent r="100" t="5" w="449" /><ent r="100" t="32" w="152" /><ent r="100" t="32" w="151" /><ent r="100" t="33" w="815" /><ent r="100" t="33" w="814" /></phr><phr n="address_type"><ent r="6" t="5" w="453" /><ent r="6" t="5" w="452" /><ent r="3" t="5" w="745" /><ent r="3" t="5" w="744" /><ent r="3" t="19" w="1296" /><ent r="3" t="19" w="1295" /><ent r="3" t="27" w="138" /><ent r="3" t="27" w="137" /><ent r="3" t="32" w="155" /><ent r="3" t="32" w="154" /><ent r="4" t="33" w="901" /><ent r="4" t="33" w="900" /><ent r="3" t="34" w="409" /><ent r="3" t="34" w="408" /><ent r="3" t="34" w="663" /><ent r="3" t="34" w="662" /><ent r="3" t="35" w="122" /><ent r="3" t="35" w="121" /><ent r="3" t="36" w="409" /><ent r="3" t="36" w="408" /></phr></stem><stem n="-separ"><phr n="-separated"><ent r="6" t="5" w="456" /><ent r="6" t="5" w="456" /><ent r="100" t="5" w="471" /><ent r="100" t="5" w="471" /><ent r="100" t="15" w="507" /><ent r="100" t="15" w="507" /><ent r="3" t="15" w="524" /><ent r="3" t="15" w="524" /><ent r="100" t="16" w="96" /><ent r="100" t="16" w="96" /><ent r="3" t="16" w="126" /><ent r="3" t="16" w="126" /><ent r="3" t="23" w="556" /><ent r="3" t="23" w="556" /><ent r="3" t="23" w="700" /><ent r="3" t="23" w="700" /><ent r="4" t="33" w="519" /><ent r="4" t="33" w="519" /><ent r="4" t="37" w="582" /><ent r="4" t="37" w="582" /></phr></stem><stem n="comma"><phr n="comma"><ent r="6" t="5" w="456" /><ent r="3" t="15" w="524" /><ent r="3" t="16" w="126" /><ent r="4" t="19" w="241" /><ent r="6" t="21" w="2787" /><ent r="6" t="21" w="2799" /><ent r="6" t="21" w="2810" /><ent r="3" t="23" w="556" /><ent r="3" t="23" w="700" /><ent r="4" t="33" w="519" /><ent r="4" t="45" w="137" /><ent r="6" t="55" w="1188" /></phr><phr n="Comma"><ent r="100" t="5" w="471" /><ent r="100" t="15" w="507" /><ent r="100" t="16" w="96" /></phr><phr n="commas"><ent r="4" t="26" w="249" /></phr></stem><stem n="comma-separ"><phr n="comma-separated"><ent r="6" t="5" w="456" /><ent r="3" t="15" w="524" /><ent r="3" t="16" w="126" /><ent r="3" t="23" w="556" /><ent r="3" t="23" w="700" /><ent r="4" t="33" w="519" /></phr><phr n="Comma-separated"><ent r="100" t="5" w="471" /><ent r="100" t="15" w="507" /><ent r="100" t="16" w="96" /></phr></stem><stem n="implement"><phr n="implements"><ent r="6" t="5" w="466" /><ent r="3" t="40" w="50" /></phr><phr n="implement"><ent r="3" t="19" w="1042" /><ent r="5" t="55" w="1934" /></phr><phr n="implemented"><ent r="3" t="21" w="1679" /></phr></stem><stem n="&quot;ip&quot;"><phr n="&quot;IP&quot;"><ent r="6" t="5" w="468" /><ent r="3" t="32" w="157" /><ent r="3" t="34" w="411" /><ent r="3" t="34" w="665" /><ent r="3" t="35" w="124" /></phr></stem><stem n="&quot;at&quot;."><phr n="&quot;AT&quot;."><ent r="6" t="5" w="470" /></phr></stem><stem n="port"><phr n="Port"><ent r="100" t="5" w="476" /><ent r="100" t="31" w="364" /><ent r="3" t="31" w="3534" /><ent r="3" t="31" w="3982" /><ent r="100" t="32" w="158" /><ent r="7" t="55" w="976" /></phr><phr n="port"><ent r="6" t="5" w="479" /><ent r="5" t="5" w="484" /><ent r="6" t="5" w="612" /><ent r="6" t="5" w="620" /><ent r="3" t="5" w="749" /><ent r="5" t="14" w="163" /><ent r="5" t="14" w="167" /><ent r="5" t="14" w="818" /><ent r="5" t="14" w="847" /><ent r="3" t="19" w="1301" /><ent r="3" t="23" w="464" /><ent r="3" t="27" w="141" /><ent r="3" t="29" w="19" /><ent r="3" t="29" w="58" /><ent r="5" t="30" w="1404" /><ent r="5" t="30" w="1435" /><ent r="5" t="30" w="1445" /><ent r="4" t="31" w="357" /><ent r="65" t="31" w="368" /><ent r="4" t="31" w="378" /><ent r="83" t="31" w="2428" /><ent r="3" t="31" w="2449" /><ent r="3" t="31" w="2481" /><ent r="3" t="31" w="3395" /><ent r="3" t="31" w="3505" /><ent r="3" t="31" w="3623" /><ent r="3" t="31" w="3646" /><ent r="3" t="31" w="3650" /><ent r="3" t="32" w="161" /><ent r="3" t="32" w="416" /><ent r="5" t="33" w="1206" /><ent r="3" t="37" w="123" /><ent r="4" t="37" w="366" /><ent r="4" t="40" w="220" /><ent r="3" t="41" w="228" /><ent r="3" t="41" w="307" /><ent r="3" t="41" w="311" /><ent r="3" t="44" w="364" /><ent r="3" t="44" w="520" /><ent r="3" t="45" w="113" /><ent r="3" t="45" w="183" /><ent r="3" t="45" w="219" /><ent r="3" t="45" w="243" /><ent r="3" t="45" w="302" /><ent r="3" t="45" w="413" /><ent r="3" t="46" w="31" /><ent r="3" t="46" w="150" /><ent r="3" t="46" w="188" /><ent r="3" t="46" w="216" /><ent r="3" t="46" w="232" /><ent r="3" t="47" w="212" /><ent r="3" t="47" w="225" /><ent r="3" t="47" w="233" /><ent r="3" t="47" w="283" /><ent r="3" t="47" w="285" /><ent r="3" t="47" w="301" /><ent r="3" t="47" w="327" /><ent r="3" t="47" w="474" /><ent r="3" t="47" w="496" /></phr><phr n="PORT"><ent r="100" t="31" w="359" /><ent r="65" t="31" w="367" /><ent r="83" t="31" w="2427" /><ent r="3" t="31" w="3391" /><ent r="3" t="31" w="3619" /><ent r="3" t="31" w="3634" /><ent r="100" t="33" w="1173" /><ent r="5" t="33" w="1201" /><ent r="3" t="37" w="106" /><ent r="100" t="37" w="335" /><ent r="4" t="37" w="349" /></phr></stem><stem n="_number"><phr n="_number"><ent r="100" t="5" w="477" /><ent r="6" t="5" w="480" /><ent r="3" t="19" w="1302" /><ent r="100" t="32" w="159" /><ent r="3" t="32" w="162" /></phr><phr n="_numbered"><ent r="3" t="22" w="69" /><ent r="5" t="22" w="285" /></phr></stem><stem n="port_numb"><phr n="Port_number"><ent r="100" t="5" w="477" /><ent r="100" t="5" w="476" /><ent r="100" t="32" w="159" /><ent r="100" t="32" w="158" /></phr><phr n="port_number"><ent r="6" t="5" w="480" /><ent r="6" t="5" w="479" /><ent r="3" t="5" w="750" /><ent r="3" t="5" w="749" /><ent r="3" t="19" w="1302" /><ent r="3" t="19" w="1301" /><ent r="3" t="27" w="142" /><ent r="3" t="27" w="141" /><ent r="3" t="32" w="162" /><ent r="3" t="32" w="161" /></phr></stem><stem n="display_nam"><phr n="display_name"><ent r="100" t="5" w="492" /><ent r="100" t="5" w="491" /><ent r="6" t="5" w="495" /><ent r="6" t="5" w="494" /><ent r="6" t="5" w="504" /><ent r="6" t="5" w="503" /><ent r="6" t="5" w="533" /><ent r="6" t="5" w="532" /><ent r="6" t="5" w="544" /><ent r="6" t="5" w="543" /><ent r="3" t="5" w="735" /><ent r="3" t="5" w="734" /><ent r="3" t="27" w="145" /><ent r="3" t="27" w="144" /><ent r="3" t="34" w="412" /><ent r="3" t="34" w="411" /><ent r="3" t="34" w="666" /><ent r="3" t="34" w="665" /><ent r="3" t="36" w="375" /><ent r="3" t="36" w="374" /><ent r="3" t="36" w="412" /><ent r="3" t="36" w="411" /></phr></stem><stem n="forward"><phr n="forward"><ent r="6" t="5" w="511" /><ent r="3" t="30" w="1206" /></phr><phr n="Forwarded"><ent r="100" t="15" w="572" /><ent r="3" t="15" w="587" /><ent r="100" t="16" w="954" /><ent r="3" t="16" w="991" /><ent r="3" t="16" w="1635" /></phr><phr n="forwarding"><ent r="4" t="25" w="694" /></phr></stem><stem n="slash"><phr n="slashes"><ent r="6" t="5" w="512" /></phr></stem><stem n="heirarchi"><phr n="heirarchy"><ent r="6" t="5" w="516" /></phr></stem><stem n="&quot;[top"><phr n="&quot;[top"><ent r="6" t="5" w="534" /></phr></stem><stem n="top"><phr n="top"><ent r="6" t="5" w="534" /><ent r="3" t="17" w="199" /><ent r="3" t="23" w="1527" /><ent r="4" t="47" w="381" /><ent r="3" t="47" w="544" /><ent r="3" t="47" w="838" /><ent r="5" t="55" w="1520" /><ent r="3" t="56" w="65" /><ent r="3" t="57" w="56" /></phr><phr n="Top"><ent r="3" t="14" w="2043" /><ent r="3" t="14" w="2065" /></phr></stem><stem n="level"><phr n="level"><ent r="6" t="5" w="535" /><ent r="6" t="5" w="537" /><ent r="6" t="5" w="539" /><ent r="4" t="47" w="382" /><ent r="3" t="47" w="545" /><ent r="3" t="47" w="839" /><ent r="5" t="55" w="1521" /><ent r="5" t="55" w="1544" /><ent r="5" t="55" w="1564" /><ent r="5" t="55" w="1583" /><ent r="100" t="56" w="44" /><ent r="3" t="56" w="66" /><ent r="100" t="57" w="14" /><ent r="3" t="57" w="57" /></phr><phr n="Level"><ent r="100" t="56" w="20" /><ent r="100" t="56" w="40" /><ent r="100" t="57" w="10" /><ent r="100" t="57" w="61" /></phr></stem><stem n="]/[next"><phr n="]/[next"><ent r="6" t="5" w="536" /><ent r="6" t="5" w="538" /></phr></stem><stem n="next"><phr n="next"><ent r="6" t="5" w="536" /><ent r="6" t="5" w="538" /><ent r="5" t="14" w="721" /><ent r="3" t="14" w="1572" /><ent r="4" t="19" w="839" /><ent r="4" t="23" w="803" /><ent r="3" t="24" w="560" /><ent r="3" t="30" w="878" /><ent r="4" t="31" w="264" /><ent r="4" t="31" w="1428" /><ent r="4" t="31" w="1465" /><ent r="3" t="31" w="1906" /><ent r="3" t="31" w="1917" /><ent r="3" t="31" w="1934" /><ent r="3" t="31" w="1989" /><ent r="3" t="31" w="2005" /><ent r="3" t="31" w="2813" /><ent r="3" t="31" w="3954" /><ent r="66" t="33" w="743" /></phr><phr n="Next"><ent r="100" t="15" w="825" /><ent r="4" t="15" w="836" /><ent r="100" t="16" w="284" /><ent r="6" t="16" w="437" /><ent r="100" t="22" w="131" /><ent r="4" t="22" w="142" /><ent r="3" t="24" w="51" /><ent r="92" t="24" w="549" /><ent r="3" t="24" w="729" /></phr><phr n="NEXT"><ent r="100" t="31" w="260" /><ent r="65" t="31" w="412" /><ent r="83" t="31" w="2356" /><ent r="5" t="31" w="2360" /><ent r="6" t="31" w="2400" /><ent r="6" t="31" w="2406" /></phr></stem><stem n="]&quot;"><phr n="]&quot;"><ent r="6" t="5" w="540" /></phr></stem><stem n="&quot;custom/command-line&quot;"><phr n="&quot;Custom/Command-line&quot;"><ent r="6" t="5" w="548" /></phr></stem><stem n="url"><phr n="Url"><ent r="100" t="5" w="550" /><ent r="100" t="5" w="587" /></phr><phr n="url"><ent r="6" t="5" w="553" /><ent r="6" t="5" w="591" /><ent r="6" t="5" w="593" /><ent r="6" t="5" w="614" /><ent r="5" t="14" w="1236" /></phr><phr n="URL"><ent r="100" t="7" w="65" /><ent r="3" t="7" w="96" /><ent r="4" t="7" w="597" /><ent r="4" t="7" w="626" /><ent r="3" t="43" w="46" /><ent r="3" t="44" w="109" /><ent r="3" t="44" w="122" /><ent r="3" t="44" w="144" /><ent r="3" t="44" w="167" /><ent r="3" t="44" w="176" /><ent r="3" t="44" w="191" /><ent r="6" t="44" w="258" /><ent r="3" t="44" w="326" /><ent r="3" t="44" w="355" /><ent r="3" t="45" w="239" /><ent r="3" t="45" w="312" /><ent r="3" t="46" w="24" /><ent r="4" t="46" w="67" /><ent r="3" t="46" w="210" /><ent r="6" t="47" w="403" /><ent r="3" t="47" w="677" /><ent r="64" t="49" w="29" /><ent r="100" t="51" w="7" /><ent r="3" t="51" w="20" /><ent r="4" t="51" w="111" /><ent r="4" t="51" w="562" /><ent r="100" t="55" w="106" /><ent r="3" t="55" w="216" /><ent r="3" t="55" w="219" /><ent r="5" t="55" w="263" /><ent r="6" t="55" w="741" /><ent r="5" t="55" w="837" /><ent r="5" t="55" w="853" /><ent r="3" t="55" w="1431" /><ent r="3" t="55" w="1437" /><ent r="5" t="55" w="1479" /><ent r="5" t="55" w="1489" /><ent r="5" t="55" w="1652" /><ent r="5" t="55" w="1673" /><ent r="5" t="55" w="1742" /><ent r="100" t="56" w="95" /><ent r="3" t="56" w="137" /><ent r="3" t="56" w="142" /><ent r="3" t="56" w="202" /><ent r="3" t="56" w="278" /><ent r="3" t="56" w="328" /><ent r="100" t="58" w="14" /><ent r="3" t="58" w="38" /></phr><phr n="URLs"><ent r="5" t="14" w="1071" /><ent r="3" t="14" w="1168" /><ent r="3" t="44" w="128" /><ent r="3" t="44" w="137" /><ent r="3" t="44" w="198" /><ent r="3" t="44" w="232" /><ent r="3" t="44" w="239" /><ent r="3" t="45" w="101" /><ent r="65" t="55" w="113" /><ent r="93" t="55" w="1397" /></phr></stem><stem n="_hint"><phr n="_hint"><ent r="100" t="5" w="551" /><ent r="6" t="5" w="554" /><ent r="6" t="5" w="592" /><ent r="6" t="5" w="615" /></phr></stem><stem n="url_hint"><phr n="Url_hint"><ent r="100" t="5" w="551" /><ent r="100" t="5" w="550" /></phr><phr n="url_hint"><ent r="6" t="5" w="554" /><ent r="6" t="5" w="553" /><ent r="6" t="5" w="592" /><ent r="6" t="5" w="591" /><ent r="6" t="5" w="615" /><ent r="6" t="5" w="614" /></phr></stem><stem n="hint"><phr n="hint"><ent r="100" t="5" w="551" /><ent r="6" t="5" w="554" /><ent r="6" t="5" w="592" /><ent r="6" t="5" w="615" /></phr></stem><stem n="assign"><phr n="Assign"><ent r="5" t="5" w="556" /><ent r="4" t="21" w="2879" /><ent r="4" t="21" w="2893" /></phr><phr n="assignments"><ent r="3" t="14" w="1441" /></phr><phr n="assigns"><ent r="3" t="14" w="1502" /><ent r="3" t="25" w="150" /><ent r="3" t="27" w="266" /></phr><phr n="assign"><ent r="3" t="14" w="1526" /><ent r="3" t="14" w="1538" /><ent r="3" t="16" w="1684" /><ent r="4" t="21" w="2734" /><ent r="3" t="24" w="757" /><ent r="3" t="24" w="965" /></phr><phr n="assigned"><ent r="3" t="14" w="1564" /><ent r="3" t="14" w="1944" /><ent r="3" t="14" w="2026" /><ent r="3" t="18" w="148" /><ent r="3" t="21" w="870" /><ent r="6" t="21" w="2872" /></phr><phr n="Assignment"><ent r="4" t="21" w="322" /></phr><phr n="assignment"><ent r="3" t="24" w="826" /></phr></stem><stem n="-click"><phr n="-click"><ent r="5" t="5" w="558" /><ent r="5" t="5" w="558" /><ent r="5" t="5" w="569" /><ent r="5" t="5" w="569" /><ent r="4" t="38" w="324" /><ent r="4" t="38" w="324" /><ent r="4" t="41" w="758" /><ent r="4" t="41" w="758" /></phr></stem><stem n="double-click"><phr n="double-click"><ent r="5" t="5" w="558" /><ent r="5" t="5" w="569" /></phr><phr n="Double-click"><ent r="4" t="41" w="758" /></phr></stem><stem n="action"><phr n="action"><ent r="5" t="5" w="560" /><ent r="5" t="5" w="571" /><ent r="4" t="18" w="618" /><ent r="3" t="19" w="1015" /><ent r="3" t="23" w="42" /><ent r="3" t="27" w="188" /></phr><phr n="Action"><ent r="5" t="7" w="299" /></phr><phr n="actions"><ent r="3" t="18" w="780" /></phr></stem><stem n="(make"><phr n="(making"><ent r="5" t="5" w="564" /></phr></stem><stem n="-defin"><phr n="-defined"><ent r="5" t="5" w="567" /><ent r="5" t="5" w="567" /><ent r="4" t="12" w="214" /><ent r="4" t="12" w="214" /><ent r="4" t="30" w="1367" /><ent r="4" t="30" w="1367" /></phr></stem><stem n="pre"><phr n="pre"><ent r="5" t="5" w="567" /><ent r="4" t="12" w="214" /></phr></stem><stem n="pre-defin"><phr n="pre-defined"><ent r="5" t="5" w="567" /><ent r="4" t="12" w="214" /></phr></stem><stem n="-to-invok"><phr n="-to-invoke"><ent r="100" t="5" w="587" /><ent r="100" t="5" w="588" /></phr></stem><stem n="url-to"><phr n="Url-to"><ent r="100" t="5" w="587" /></phr><phr n="url-to"><ent r="6" t="5" w="593" /></phr></stem><stem n="url-to-invok"><phr n="Url-to-invoke"><ent r="100" t="5" w="587" /></phr><phr n="url-to-invoke"><ent r="6" t="5" w="593" /></phr></stem><stem n="to-invok"><phr n="to-invoke"><ent r="100" t="5" w="588" /><ent r="6" t="5" w="594" /></phr></stem><stem n="&quot;url-to-invoke&quot;"><phr n="&quot;url-to-invoke&quot;"><ent r="6" t="5" w="596" /></phr></stem><stem n="would"><phr n="would"><ent r="6" t="5" w="600" /><ent r="3" t="8" w="330" /><ent r="6" t="16" w="598" /><ent r="4" t="19" w="370" /><ent r="4" t="19" w="421" /><ent r="3" t="23" w="500" /><ent r="3" t="24" w="670" /><ent r="3" t="27" w="1164" /><ent r="3" t="28" w="293" /><ent r="3" t="31" w="4040" /><ent r="6" t="33" w="1032" /><ent r="4" t="40" w="1178" /><ent r="3" t="44" w="172" /></phr></stem><stem n="browser"><phr n="browser"><ent r="6" t="5" w="604" /><ent r="4" t="7" w="654" /><ent r="4" t="45" w="158" /><ent r="3" t="45" w="212" /><ent r="3" t="50" w="132" /><ent r="5" t="55" w="764" /><ent r="5" t="55" w="1246" /></phr><phr n="browsers"><ent r="4" t="43" w="122" /></phr></stem><stem n="$"><phr n="$"><ent r="6" t="5" w="617" /><ent r="6" t="5" w="619" /><ent r="3" t="8" w="148" /><ent r="4" t="8" w="234" /><ent r="3" t="8" w="304" /><ent r="3" t="8" w="422" /><ent r="3" t="8" w="462" /><ent r="3" t="8" w="472" /><ent r="3" t="8" w="522" /><ent r="3" t="10" w="213" /><ent r="3" t="10" w="220" /><ent r="3" t="10" w="227" /><ent r="5" t="14" w="125" /><ent r="5" t="14" w="135" /><ent r="5" t="14" w="162" /><ent r="5" t="14" w="174" /><ent r="5" t="14" w="190" /><ent r="5" t="14" w="201" /><ent r="5" t="14" w="236" /><ent r="5" t="14" w="297" /><ent r="5" t="14" w="312" /><ent r="66" t="14" w="322" /><ent r="66" t="14" w="329" /><ent r="66" t="14" w="347" /><ent r="66" t="14" w="352" /><ent r="66" t="14" w="371" /><ent r="6" t="14" w="396" /><ent r="5" t="14" w="406" /><ent r="5" t="14" w="445" /><ent r="5" t="14" w="460" /><ent r="5" t="14" w="470" /><ent r="5" t="14" w="481" /><ent r="66" t="14" w="488" /><ent r="67" t="14" w="496" /><ent r="68" t="14" w="505" /><ent r="68" t="14" w="510" /><ent r="6" t="14" w="530" /><ent r="5" t="14" w="567" /><ent r="5" t="14" w="574" /><ent r="5" t="14" w="581" /><ent r="5" t="14" w="588" /><ent r="5" t="14" w="612" /><ent r="5" t="14" w="626" /><ent r="5" t="14" w="636" /><ent r="5" t="14" w="647" /><ent r="5" t="14" w="656" /><ent r="5" t="14" w="666" /><ent r="5" t="14" w="676" /><ent r="5" t="14" w="684" /><ent r="5" t="14" w="694" /><ent r="5" t="14" w="708" /><ent r="5" t="14" w="729" /><ent r="5" t="14" w="740" /><ent r="5" t="14" w="751" /><ent r="5" t="14" w="762" /><ent r="5" t="14" w="799" /><ent r="5" t="14" w="813" /><ent r="5" t="14" w="828" /><ent r="5" t="14" w="842" /><ent r="5" t="14" w="857" /><ent r="5" t="14" w="868" /><ent r="5" t="14" w="879" /><ent r="5" t="14" w="896" /><ent r="5" t="14" w="908" /><ent r="5" t="14" w="925" /><ent r="5" t="14" w="936" /><ent r="5" t="14" w="950" /><ent r="5" t="14" w="964" /><ent r="5" t="14" w="983" /><ent r="5" t="14" w="1010" /><ent r="5" t="14" w="1023" /><ent r="5" t="14" w="1040" /><ent r="5" t="14" w="1056" /><ent r="5" t="14" w="1060" /><ent r="5" t="14" w="1084" /><ent r="5" t="14" w="1099" /><ent r="66" t="14" w="1109" /><ent r="68" t="14" w="1116" /><ent r="68" t="14" w="1121" /><ent r="5" t="14" w="1186" /><ent r="5" t="14" w="1203" /><ent r="5" t="14" w="1225" /><ent r="5" t="14" w="1245" /><ent r="92" t="14" w="1255" /><ent r="3" t="14" w="1261" /><ent r="3" t="14" w="1281" /><ent r="3" t="14" w="1331" /><ent r="3" t="14" w="1333" /><ent r="92" t="14" w="1345" /><ent r="4" t="14" w="1352" /><ent r="3" t="14" w="1411" /><ent r="3" t="14" w="1418" /><ent r="3" t="14" w="1489" /><ent r="3" t="14" w="1491" /><ent r="3" t="14" w="1505" /><ent r="3" t="14" w="1510" /><ent r="3" t="14" w="1512" /><ent r="3" t="14" w="1520" /><ent r="3" t="14" w="1527" /><ent r="3" t="14" w="1529" /><ent r="3" t="14" w="1532" /><ent r="3" t="14" w="1534" /><ent r="3" t="14" w="1539" /><ent r="3" t="14" w="1541" /><ent r="3" t="14" w="1545" /><ent r="3" t="14" w="1557" /><ent r="3" t="14" w="1566" /><ent r="3" t="14" w="1575" /><ent r="3" t="14" w="1579" /><ent r="3" t="14" w="1608" /><ent r="3" t="14" w="1616" /><ent r="3" t="14" w="1618" /><ent r="92" t="14" w="1627" /><ent r="92" t="14" w="1630" /><ent r="3" t="14" w="1636" /><ent r="3" t="14" w="1639" /><ent r="4" t="14" w="1673" /><ent r="4" t="14" w="1687" /><ent r="3" t="14" w="1715" /><ent r="3" t="14" w="1721" /><ent r="3" t="14" w="1726" /><ent r="3" t="14" w="1733" /><ent r="3" t="14" w="1741" /><ent r="3" t="14" w="1751" /><ent r="3" t="14" w="1759" /><ent r="92" t="14" w="1873" /><ent r="4" t="14" w="1919" /><ent r="4" t="14" w="1951" /><ent r="4" t="14" w="1979" /><ent r="4" t="16" w="235" /><ent r="83" t="16" w="1224" /><ent r="3" t="16" w="1355" /><ent r="83" t="16" w="1360" /><ent r="4" t="16" w="1379" /><ent r="3" t="16" w="1489" /><ent r="3" t="16" w="1498" /><ent r="3" t="16" w="1507" /><ent r="3" t="16" w="1519" /><ent r="3" t="16" w="1530" /><ent r="3" t="16" w="1546" /><ent r="3" t="16" w="1556" /><ent r="3" t="16" w="1568" /><ent r="83" t="16" w="1583" /><ent r="4" t="16" w="1601" /><ent r="3" t="16" w="1627" /><ent r="83" t="16" w="1638" /><ent r="4" t="16" w="1675" /><ent r="3" t="17" w="137" /><ent r="3" t="17" w="144" /><ent r="3" t="17" w="153" /><ent r="3" t="17" w="158" /><ent r="3" t="17" w="166" /><ent r="3" t="17" w="171" /><ent r="3" t="17" w="176" /><ent r="5" t="17" w="346" /><ent r="5" t="19" w="320" /><ent r="4" t="19" w="351" /><ent r="7" t="19" w="365" /><ent r="5" t="19" w="384" /><ent r="7" t="19" w="415" /><ent r="3" t="19" w="1428" /><ent r="3" t="19" w="1437" /><ent r="3" t="19" w="1454" /><ent r="3" t="19" w="1493" /><ent r="3" t="19" w="1528" /><ent r="3" t="19" w="1553" /><ent r="3" t="19" w="1561" /><ent r="3" t="19" w="1569" /><ent r="4" t="21" w="196" /><ent r="4" t="21" w="2693" /><ent r="4" t="21" w="2698" /><ent r="4" t="21" w="2703" /><ent r="6" t="21" w="2837" /><ent r="6" t="21" w="2839" /><ent r="6" t="21" w="2841" /><ent r="6" t="21" w="2849" /><ent r="6" t="21" w="2861" /><ent r="6" t="21" w="2876" /><ent r="4" t="21" w="2890" /><ent r="4" t="21" w="2904" /><ent r="3" t="23" w="1563" /><ent r="4" t="25" w="669" /><ent r="4" t="30" w="771" /><ent r="4" t="30" w="776" /><ent r="3" t="30" w="884" /><ent r="3" t="30" w="900" /><ent r="3" t="30" w="916" /><ent r="3" t="30" w="1221" /><ent r="4" t="30" w="1283" /><ent r="3" t="30" w="1316" /><ent r="3" t="30" w="1319" /><ent r="6" t="30" w="1383" /><ent r="6" t="30" w="1399" /><ent r="6" t="30" w="1415" /><ent r="6" t="30" w="1430" /><ent r="6" t="30" w="1451" /><ent r="6" t="30" w="1466" /><ent r="6" t="30" w="1481" /><ent r="6" t="30" w="1499" /><ent r="6" t="30" w="1522" /><ent r="6" t="30" w="1539" /><ent r="6" t="30" w="1607" /><ent r="6" t="30" w="1623" /><ent r="6" t="30" w="1643" /><ent r="5" t="31" w="2223" /><ent r="5" t="31" w="2225" /><ent r="5" t="31" w="2240" /><ent r="5" t="31" w="2247" /><ent r="3" t="31" w="2322" /><ent r="3" t="31" w="2324" /><ent r="4" t="31" w="2339" /><ent r="4" t="31" w="2347" /><ent r="4" t="31" w="2371" /><ent r="5" t="31" w="2558" /><ent r="5" t="31" w="2560" /><ent r="5" t="31" w="2575" /><ent r="5" t="31" w="2583" /><ent r="5" t="31" w="2633" /><ent r="5" t="31" w="2654" /><ent r="4" t="31" w="3004" /><ent r="5" t="31" w="3038" /><ent r="3" t="31" w="3417" /><ent r="3" t="31" w="3437" /><ent r="3" t="31" w="3506" /><ent r="3" t="31" w="3508" /><ent r="3" t="31" w="3535" /><ent r="3" t="31" w="3553" /><ent r="3" t="31" w="3581" /><ent r="3" t="31" w="3594" /><ent r="3" t="31" w="3609" /><ent r="3" t="31" w="3838" /><ent r="3" t="31" w="3983" /><ent r="3" t="31" w="4001" /><ent r="3" t="31" w="4135" /><ent r="3" t="32" w="458" /><ent r="3" t="32" w="470" /><ent r="3" t="32" w="491" /><ent r="3" t="32" w="505" /><ent r="3" t="32" w="509" /><ent r="3" t="32" w="523" /><ent r="3" t="32" w="527" /><ent r="3" t="32" w="541" /><ent r="3" t="32" w="545" /><ent r="3" t="32" w="559" /><ent r="3" t="32" w="577" /><ent r="3" t="32" w="583" /><ent r="3" t="32" w="615" /><ent r="3" t="32" w="625" /><ent r="7" t="33" w="1164" /><ent r="5" t="33" w="1180" /><ent r="5" t="33" w="1200" /><ent r="4" t="33" w="1290" /><ent r="5" t="33" w="1302" /><ent r="4" t="33" w="1393" /><ent r="4" t="33" w="1439" /><ent r="3" t="34" w="254" /><ent r="3" t="34" w="259" /><ent r="3" t="34" w="501" /><ent r="3" t="34" w="520" /><ent r="3" t="34" w="525" /><ent r="3" t="34" w="530" /><ent r="3" t="34" w="535" /><ent r="3" t="34" w="540" /><ent r="3" t="34" w="755" /><ent r="3" t="34" w="774" /><ent r="3" t="34" w="779" /><ent r="3" t="34" w="784" /><ent r="3" t="34" w="789" /><ent r="3" t="34" w="794" /><ent r="3" t="35" w="42" /><ent r="3" t="35" w="46" /><ent r="3" t="35" w="48" /><ent r="3" t="35" w="176" /><ent r="3" t="35" w="184" /><ent r="3" t="35" w="189" /><ent r="3" t="35" w="194" /><ent r="3" t="35" w="213" /><ent r="4" t="36" w="142" /><ent r="3" t="36" w="385" /><ent r="3" t="36" w="469" /><ent r="3" t="36" w="473" /><ent r="3" t="36" w="482" /><ent r="3" t="36" w="487" /><ent r="3" t="36" w="492" /><ent r="3" t="36" w="497" /><ent r="3" t="37" w="102" /><ent r="3" t="37" w="105" /><ent r="4" t="37" w="345" /><ent r="4" t="37" w="348" /><ent r="3" t="37" w="688" /><ent r="3" t="41" w="530" /><ent r="6" t="42" w="166" /><ent r="6" t="42" w="182" /><ent r="5" t="42" w="244" /><ent r="4" t="42" w="330" /><ent r="4" t="42" w="335" /><ent r="3" t="44" w="506" /><ent r="3" t="45" w="400" /><ent r="3" t="47" w="510" /><ent r="3" t="47" w="551" /><ent r="3" t="47" w="576" /><ent r="3" t="47" w="586" /><ent r="3" t="47" w="604" /><ent r="3" t="47" w="672" /><ent r="3" t="47" w="698" /><ent r="3" t="47" w="751" /><ent r="3" t="47" w="804" /><ent r="3" t="47" w="814" /><ent r="3" t="47" w="819" /><ent r="4" t="51" w="189" /><ent r="3" t="51" w="264" /><ent r="4" t="51" w="331" /><ent r="3" t="52" w="140" /><ent r="3" t="52" w="147" /><ent r="3" t="52" w="153" /><ent r="5" t="52" w="171" /><ent r="5" t="52" w="187" /><ent r="5" t="52" w="212" /><ent r="5" t="52" w="249" /><ent r="4" t="55" w="22" /><ent r="6" t="55" w="138" /><ent r="4" t="55" w="186" /><ent r="6" t="55" w="242" /><ent r="6" t="55" w="267" /><ent r="6" t="55" w="293" /><ent r="6" t="55" w="306" /><ent r="8" t="55" w="310" /><ent r="8" t="55" w="320" /><ent r="8" t="55" w="334" /><ent r="6" t="55" w="345" /><ent r="6" t="55" w="373" /><ent r="6" t="55" w="405" /><ent r="6" t="55" w="426" /><ent r="6" t="55" w="445" /><ent r="6" t="55" w="462" /><ent r="6" t="55" w="480" /><ent r="7" t="55" w="539" /><ent r="7" t="55" w="554" /><ent r="6" t="55" w="569" /><ent r="6" t="55" w="601" /><ent r="6" t="55" w="606" /><ent r="5" t="55" w="628" /><ent r="6" t="55" w="654" /><ent r="6" t="55" w="670" /><ent r="6" t="55" w="684" /><ent r="6" t="55" w="697" /><ent r="6" t="55" w="753" /><ent r="6" t="55" w="768" /><ent r="6" t="55" w="779" /><ent r="6" t="55" w="790" /><ent r="6" t="55" w="797" /><ent r="6" t="55" w="806" /><ent r="6" t="55" w="832" /><ent r="6" t="55" w="848" /><ent r="6" t="55" w="863" /><ent r="6" t="55" w="874" /><ent r="6" t="55" w="903" /><ent r="6" t="55" w="937" /><ent r="6" t="55" w="984" /><ent r="6" t="55" w="999" /><ent r="6" t="55" w="1014" /><ent r="6" t="55" w="1048" /><ent r="6" t="55" w="1067" /><ent r="6" t="55" w="1083" /><ent r="6" t="55" w="1137" /><ent r="7" t="55" w="1161" /><ent r="6" t="55" w="1232" /><ent r="6" t="55" w="1251" /><ent r="6" t="55" w="1309" /><ent r="6" t="55" w="1347" /><ent r="6" t="55" w="1364" /><ent r="6" t="55" w="1387" /><ent r="6" t="55" w="1474" /><ent r="6" t="55" w="1494" /><ent r="6" t="55" w="1516" /><ent r="6" t="55" w="1532" /><ent r="6" t="55" w="1539" /><ent r="6" t="55" w="1559" /><ent r="6" t="55" w="1578" /><ent r="6" t="55" w="1594" /><ent r="6" t="55" w="1601" /><ent r="6" t="55" w="1605" /><ent r="6" t="55" w="1609" /><ent r="6" t="55" w="1624" /><ent r="5" t="55" w="1686" /><ent r="5" t="55" w="1692" /><ent r="5" t="55" w="1698" /><ent r="6" t="55" w="1709" /><ent r="5" t="55" w="1755" /><ent r="6" t="55" w="1766" /><ent r="6" t="55" w="1773" /><ent r="6" t="55" w="1780" /><ent r="6" t="55" w="1787" /><ent r="6" t="55" w="1794" /><ent r="6" t="55" w="1798" /><ent r="5" t="55" w="1824" /><ent r="6" t="55" w="1850" /><ent r="6" t="55" w="1877" /><ent r="6" t="55" w="1903" /><ent r="6" t="55" w="1930" /><ent r="6" t="55" w="1962" /><ent r="6" t="55" w="1966" /><ent r="7" t="55" w="1985" /><ent r="7" t="55" w="2008" /><ent r="7" t="55" w="2015" /><ent r="6" t="55" w="2023" /><ent r="6" t="55" w="2032" /><ent r="6" t="55" w="2040" /><ent r="6" t="55" w="2042" /><ent r="6" t="55" w="2048" /><ent r="6" t="55" w="2050" /><ent r="6" t="55" w="2054" /><ent r="6" t="55" w="2069" /><ent r="6" t="55" w="2083" /><ent r="4" t="56" w="245" /></phr></stem></index>