﻿<?xml version="1.0" encoding="utf-8"?><index><stem n=".3.6.1.4.1.6306.99.1"><phr n=".3.6.1.4.1.6306.99.1"><ent r="3" t="26" w="125" /><ent r="4" t="26" w="278" /></phr></stem><stem n="1.3.6.1.4.1.6306.99.1"><phr n="1.3.6.1.4.1.6306.99.1"><ent r="3" t="26" w="125" /><ent r="3" t="26" w="117" /><ent r="4" t="26" w="278" /><ent r="4" t="26" w="270" /></phr></stem><stem n=".3.6.1.4.1.6306.99.2"><phr n=".3.6.1.4.1.6306.99.2"><ent r="3" t="26" w="135" /><ent r="4" t="26" w="288" /></phr></stem><stem n="1.3.6.1.4.1.6306.99.2"><phr n="1.3.6.1.4.1.6306.99.2"><ent r="3" t="26" w="135" /><ent r="3" t="26" w="127" /><ent r="4" t="26" w="288" /><ent r="4" t="26" w="280" /></phr></stem><stem n="&quot;["><phr n="&quot;["><ent r="3" t="26" w="160" /></phr></stem><stem n="]&quot;:"><phr n="]&quot;:"><ent r="3" t="26" w="160" /></phr></stem><stem n="word"><phr n="word"><ent r="4" t="26" w="179" /><ent r="3" t="31" w="1100" /></phr></stem><stem n="&quot;trap&quot;"><phr n="&quot;TRAP&quot;"><ent r="4" t="26" w="181" /></phr></stem><stem n="(&quot;:&quot;)"><phr n="(&quot;:&quot;)"><ent r="4" t="26" w="204" /></phr></stem><stem n="(&quot;:&quot;),"><phr n="(&quot;:&quot;),"><ent r="4" t="26" w="296" /></phr></stem><stem n=".168.1.233)"><phr n=".168.1.233)"><ent r="4" t="26" w="311" /></phr></stem><stem n="com.dartware.snmp"><phr n="com.dartware.snmp"><ent r="3" t="27" w="26" /><ent r="3" t="27" w="24" /></phr></stem><stem n="com.dartware.snmp.trapdisplai"><phr n="com.dartware.snmp.trapdisplay"><ent r="3" t="27" w="27" /><ent r="3" t="27" w="24" /></phr></stem><stem n="trapdisplai"><phr n="trapdisplay"><ent r="3" t="27" w="27" /><ent r="3" t="27" w="129" /></phr></stem><stem n="com.dartware.snmp.trapdisplay.txt"><phr n="com.dartware.snmp.trapdisplay.txt"><ent r="3" t="27" w="28" /><ent r="3" t="27" w="24" /></phr></stem><stem n="txt"><phr n="txt"><ent r="3" t="27" w="28" /><ent r="3" t="34" w="370" /><ent r="3" t="34" w="624" /><ent r="3" t="36" w="320" /><ent r="100" t="40" w="15" /><ent r="4" t="40" w="715" /></phr></stem><stem n="(com.dartware.snmp.trapdisplay.txt)"><phr n="(com.dartware.snmp.trapdisplay.txt)"><ent r="3" t="27" w="29" /></phr></stem><stem n="www.intermapp"><phr n="www.intermapper"><ent r="3" t="27" w="34" /><ent r="3" t="27" w="33" /><ent r="3" t="36" w="327" /><ent r="3" t="36" w="326" /></phr></stem><stem n="www.intermapper.com"><phr n="www.intermapper.com"><ent r="3" t="27" w="35" /><ent r="3" t="27" w="33" /><ent r="3" t="36" w="328" /><ent r="3" t="36" w="326" /></phr></stem><stem n="(http://www.intermapper.com)"><phr n="(http://www.intermapper.com)"><ent r="3" t="27" w="36" /><ent r="3" t="36" w="329" /></phr></stem><stem n="feel"><phr n="Feel"><ent r="3" t="27" w="41" /></phr><phr n="feel"><ent r="3" t="32" w="108" /><ent r="3" t="34" w="372" /><ent r="3" t="34" w="626" /><ent r="3" t="36" w="330" /><ent r="3" t="48" w="96" /></phr></stem><stem n="basi"><phr n="basis"><ent r="3" t="27" w="48" /><ent r="3" t="29" w="150" /><ent r="3" t="32" w="115" /></phr></stem><stem n="apr"><phr n="Apr"><ent r="3" t="27" w="54" /></phr></stem><stem n="2005"><phr n="2005"><ent r="3" t="27" w="55" /><ent r="3" t="27" w="61" /><ent r="3" t="40" w="783" /><ent r="3" t="40" w="1068" /></phr></stem><stem n="origin"><phr n="Original"><ent r="3" t="27" w="56" /><ent r="3" t="34" w="383" /><ent r="3" t="34" w="637" /><ent r="3" t="36" w="341" /></phr><phr n="original"><ent r="3" t="44" w="456" /><ent r="7" t="53" w="413" /><ent r="5" t="55" w="299" /><ent r="5" t="55" w="1724" /><ent r="5" t="55" w="1734" /></phr><phr n="originating"><ent r="5" t="55" w="1646" /><ent r="5" t="55" w="1719" /></phr></stem><stem n="reb"><phr n="reb"><ent r="3" t="27" w="58" /><ent r="3" t="27" w="67" /><ent r="3" t="27" w="88" /><ent r="3" t="27" w="100" /><ent r="3" t="27" w="116" /><ent r="3" t="36" w="378" /><ent r="3" t="36" w="388" /></phr></stem><stem n="-reb"><phr n="-reb"><ent r="3" t="27" w="67" /><ent r="3" t="27" w="67" /><ent r="3" t="27" w="88" /><ent r="3" t="27" w="88" /><ent r="3" t="27" w="100" /><ent r="3" t="27" w="100" /><ent r="3" t="27" w="116" /><ent r="3" t="27" w="116" /><ent r="3" t="36" w="378" /><ent r="3" t="36" w="378" /><ent r="3" t="36" w="388" /><ent r="3" t="36" w="388" /></phr></stem><stem n="im"><phr n="IM"><ent r="3" t="27" w="70" /></phr><phr n="im"><ent r="3" t="47" w="203" /><ent r="3" t="47" w="242" /><ent r="3" t="47" w="278" /><ent r="3" t="47" w="321" /><ent r="82" t="47" w="395" /></phr></stem><stem n=".4"><phr n=".4"><ent r="3" t="27" w="72" /><ent r="65" t="37" w="452" /></phr></stem><stem n="/displai"><phr n="/display"><ent r="3" t="27" w="74" /></phr></stem><stem n="header/displai"><phr n="header/display"><ent r="3" t="27" w="74" /><ent r="3" t="27" w="73" /></phr></stem><stem n="jun"><phr n="Jun"><ent r="3" t="27" w="102" /><ent r="3" t="36" w="354" /></phr></stem><stem n="&quot;;"><phr n="&quot;;"><ent r="3" t="27" w="110" /></phr></stem><stem n="tweak"><phr n="tweaked"><ent r="3" t="27" w="110" /></phr></stem><stem n="canon"><phr n="canonical"><ent r="3" t="27" w="113" /><ent r="3" t="34" w="123" /><ent r="3" t="34" w="222" /><ent r="5" t="37" w="846" /></phr></stem><stem n="alon"><phr n="alone"><ent r="3" t="27" w="115" /><ent r="4" t="30" w="1121" /></phr></stem><stem n="snmp.trapdisplai"><phr n="snmp.trapdisplay"><ent r="3" t="27" w="129" /><ent r="3" t="27" w="128" /></phr></stem><stem n="&quot;snmp.trapdisplay&quot;"><phr n="&quot;snmp.trapdisplay&quot;"><ent r="3" t="27" w="130" /></phr></stem><stem n="2.2"><phr n="2.2"><ent r="3" t="27" w="136" /><ent r="3" t="27" w="135" /></phr></stem><stem n="&quot;2.2&quot;"><phr n="&quot;2.2&quot;"><ent r="3" t="27" w="137" /></phr></stem><stem n="&quot;snmp/trap"><phr n="&quot;SNMP/Trap"><ent r="3" t="27" w="147" /></phr></stem><stem n="snmp/trap"><phr n="SNMP/Trap"><ent r="3" t="27" w="147" /><ent r="3" t="27" w="146" /></phr></stem><stem n="gb"><phr n="GB"><ent r="3" t="27" w="152" /><ent r="100" t="32" w="6" /><ent r="3" t="32" w="167" /><ent r="3" t="34" w="421" /><ent r="3" t="34" w="675" /><ent r="3" t="36" w="420" /></phr></stem><stem n="\gb\trap"><phr n="\GB\Trap"><ent r="3" t="27" w="153" /></phr></stem><stem n="prototyp"><phr n="prototype"><ent r="3" t="27" w="221" /></phr></stem><stem n="\b\how"><phr n="\B\How"><ent r="3" t="27" w="229" /></phr></stem><stem n="ten"><phr n="ten"><ent r="3" t="27" w="259" /></phr></stem><stem n="\b\snmptrap\p\"><phr n="\b\snmptrap\p\"><ent r="3" t="27" w="309" /><ent r="3" t="27" w="333" /></phr></stem><stem n="u2"><phr n="u2"><ent r="3" t="27" w="341" /><ent r="3" t="27" w="358" /></phr></stem><stem n="www.net-snmp.org"><phr n="www.net-snmp.org"><ent r="3" t="27" w="346" /><ent r="3" t="27" w="343" /><ent r="3" t="27" w="363" /><ent r="3" t="27" w="360" /></phr></stem><stem n="org"><phr n="org"><ent r="3" t="27" w="346" /><ent r="3" t="27" w="363" /><ent r="64" t="33" w="202" /><ent r="64" t="35" w="234" /><ent r="64" t="36" w="82" /><ent r="64" t="37" w="30" /><ent r="64" t="37" w="229" /><ent r="64" t="37" w="719" /><ent r="3" t="47" w="688" /></phr></stem><stem n="www.net-snmp.org/tutori"><phr n="www.net-snmp.org/tutorial"><ent r="3" t="27" w="347" /><ent r="3" t="27" w="343" /></phr></stem><stem n="tutorial-4"><phr n="tutorial-4"><ent r="3" t="27" w="348" /></phr></stem><stem n="www.net-snmp.org/tutorial/tutorial-4/command"><phr n="www.net-snmp.org/tutorial/tutorial-4/commands"><ent r="3" t="27" w="350" /><ent r="3" t="27" w="343" /></phr></stem><stem n="www.net-snmp.org/tutorial/tutorial-4/commands/snmptrap"><phr n="www.net-snmp.org/tutorial/tutorial-4/commands/snmptrap"><ent r="3" t="27" w="351" /><ent r="3" t="27" w="343" /></phr></stem><stem n="www.net-snmp.org/tutorial/tutorial-4/commands/snmptrap.html"><phr n="www.net-snmp.org/tutorial/tutorial-4/commands/snmptrap.html"><ent r="3" t="27" w="352" /><ent r="3" t="27" w="343" /></phr></stem><stem n="\u2=http://www.net-snmp.org/tutorial/tutorial-4/commands/snmptrap.html\trap"><phr n="\u2=http://www.net-snmp.org/tutorial/tutorial-4/commands/snmptrap.html\trap"><ent r="3" t="27" w="353" /></phr></stem><stem n="www.net-snmp.org/doc"><phr n="www.net-snmp.org/docs"><ent r="3" t="27" w="364" /><ent r="3" t="27" w="360" /></phr></stem><stem n="doc"><phr n="docs"><ent r="3" t="27" w="364" /><ent r="64" t="36" w="80" /><ent r="64" t="60" w="33" /></phr></stem><stem n="www.net-snmp.org/docs/man"><phr n="www.net-snmp.org/docs/man"><ent r="3" t="27" w="365" /><ent r="3" t="27" w="360" /></phr></stem><stem n="man"><phr n="man"><ent r="3" t="27" w="365" /></phr></stem><stem n="www.net-snmp.org/docs/man/snmpinform"><phr n="www.net-snmp.org/docs/man/snmpinform"><ent r="3" t="27" w="366" /><ent r="3" t="27" w="360" /></phr></stem><stem n="snmpinform"><phr n="snmpinform"><ent r="3" t="27" w="366" /></phr></stem><stem n="www.net-snmp.org/docs/man/snmpinform.html"><phr n="www.net-snmp.org/docs/man/snmpinform.html"><ent r="3" t="27" w="367" /><ent r="3" t="27" w="360" /></phr></stem><stem n="\u2=http://www.net-snmp.org/docs/man/snmpinform.html\snmptrap"><phr n="\u2=http://www.net-snmp.org/docs/man/snmpinform.html\snmptrap"><ent r="3" t="27" w="368" /></phr></stem><stem n="\0p\."><phr n="\0p\."><ent r="3" t="27" w="371" /></phr></stem><stem n="\i\snmpv1"><phr n="\i\SNMPv1"><ent r="3" t="27" w="389" /></phr></stem><stem n="192.168.56"><phr n="192.168.56"><ent r="3" t="27" w="406" /><ent r="3" t="27" w="404" /><ent r="3" t="27" w="448" /><ent r="3" t="27" w="446" /><ent r="3" t="27" w="609" /><ent r="3" t="27" w="607" /><ent r="3" t="27" w="732" /><ent r="3" t="27" w="730" /><ent r="3" t="27" w="842" /><ent r="3" t="27" w="840" /></phr></stem><stem n="56"><phr n="56"><ent r="3" t="27" w="406" /><ent r="3" t="27" w="448" /><ent r="3" t="27" w="609" /><ent r="3" t="27" w="732" /><ent r="3" t="27" w="842" /><ent r="3" t="40" w="786" /></phr></stem><stem n="192.168.56.78"><phr n="192.168.56.78"><ent r="3" t="27" w="407" /><ent r="3" t="27" w="404" /><ent r="3" t="27" w="449" /><ent r="3" t="27" w="446" /><ent r="3" t="27" w="610" /><ent r="3" t="27" w="607" /><ent r="3" t="27" w="733" /><ent r="3" t="27" w="730" /><ent r="3" t="27" w="843" /><ent r="3" t="27" w="840" /></phr></stem><stem n="\i\192.168.56.78\p\"><phr n="\i\192.168.56.78\p\"><ent r="3" t="27" w="409" /></phr></stem><stem n="-v"><phr n="-v"><ent r="3" t="27" w="434" /><ent r="3" t="27" w="434" /><ent r="3" t="27" w="587" /><ent r="3" t="27" w="587" /><ent r="3" t="27" w="718" /><ent r="3" t="27" w="718" /><ent r="3" t="27" w="828" /><ent r="3" t="27" w="828" /><ent r="3" t="27" w="1016" /><ent r="3" t="27" w="1016" /><ent r="3" t="40" w="82" /><ent r="3" t="40" w="82" /><ent r="5" t="40" w="104" /><ent r="5" t="40" w="104" /><ent r="3" t="40" w="440" /><ent r="3" t="40" w="440" /><ent r="3" t="40" w="497" /><ent r="3" t="40" w="497" /><ent r="3" t="40" w="554" /><ent r="3" t="40" w="554" /><ent r="3" t="40" w="599" /><ent r="3" t="40" w="599" /></phr></stem><stem n="v"><phr n="v"><ent r="3" t="27" w="434" /><ent r="3" t="27" w="587" /><ent r="3" t="27" w="718" /><ent r="3" t="27" w="828" /><ent r="3" t="27" w="1016" /><ent r="6" t="30" w="499" /><ent r="3" t="40" w="82" /><ent r="5" t="40" w="104" /><ent r="3" t="40" w="440" /><ent r="3" t="40" w="497" /><ent r="3" t="40" w="554" /><ent r="3" t="40" w="599" /></phr></stem><stem n="commstr"><phr n="commString"><ent r="3" t="27" w="437" /><ent r="3" t="27" w="590" /><ent r="3" t="27" w="721" /><ent r="3" t="27" w="831" /><ent r="3" t="27" w="1019" /></phr></stem><stem n="localhost"><phr n="localhost"><ent r="3" t="27" w="438" /><ent r="3" t="27" w="560" /><ent r="3" t="27" w="591" /><ent r="3" t="27" w="722" /><ent r="3" t="27" w="832" /><ent r="3" t="27" w="1020" /><ent r="3" t="44" w="419" /><ent r="3" t="47" w="223" /><ent r="3" t="47" w="473" /><ent r="4" t="55" w="1461" /></phr><phr n="Localhost"><ent r="100" t="55" w="1449" /></phr></stem><stem n=".168.56.78"><phr n=".168.56.78"><ent r="3" t="27" w="449" /><ent r="3" t="27" w="610" /><ent r="3" t="27" w="733" /><ent r="3" t="27" w="843" /></phr></stem><stem n="4567890"><phr n="4567890"><ent r="3" t="27" w="452" /><ent r="3" t="27" w="592" /><ent r="3" t="27" w="613" /><ent r="3" t="27" w="736" /><ent r="3" t="27" w="846" /><ent r="3" t="27" w="1021" /></phr></stem><stem n="&quot;05/08"><phr n="&quot;05/08"><ent r="3" t="27" w="466" /><ent r="3" t="27" w="627" /><ent r="3" t="27" w="750" /><ent r="3" t="27" w="860" /><ent r="3" t="27" w="1042" /></phr></stem><stem n="05/08"><phr n="05/08"><ent r="3" t="27" w="466" /><ent r="3" t="27" w="465" /><ent r="3" t="27" w="627" /><ent r="3" t="27" w="626" /><ent r="3" t="27" w="750" /><ent r="3" t="27" w="749" /><ent r="3" t="27" w="860" /><ent r="3" t="27" w="859" /><ent r="3" t="27" w="1042" /><ent r="3" t="27" w="1041" /></phr></stem><stem n="26"><phr n="26"><ent r="3" t="27" w="468" /><ent r="3" t="27" w="629" /><ent r="3" t="27" w="752" /><ent r="3" t="27" w="862" /><ent r="3" t="27" w="1044" /></phr></stem><stem n=":26:35&quot;"><phr n=":26:35&quot;"><ent r="3" t="27" w="470" /><ent r="3" t="27" w="631" /><ent r="3" t="27" w="754" /><ent r="3" t="27" w="864" /><ent r="3" t="27" w="1046" /></phr></stem><stem n="1.3.6.1.4.1.6306.2.1.2"><phr n="1.3.6.1.4.1.6306.2.1.2"><ent r="3" t="27" w="479" /><ent r="3" t="27" w="470" /><ent r="3" t="27" w="640" /><ent r="3" t="27" w="631" /><ent r="3" t="27" w="763" /><ent r="3" t="27" w="754" /><ent r="3" t="27" w="873" /><ent r="3" t="27" w="864" /><ent r="3" t="27" w="1055" /><ent r="3" t="27" w="1046" /><ent r="3" t="27" w="1199" /><ent r="3" t="27" w="1190" /></phr></stem><stem n=".3.6.1.4.1.6306.2.1.2.0"><phr n=".3.6.1.4.1.6306.2.1.2.0"><ent r="3" t="27" w="480" /><ent r="3" t="27" w="641" /><ent r="3" t="27" w="764" /><ent r="3" t="27" w="874" /><ent r="3" t="27" w="1056" /></phr></stem><stem n="1.3.6.1.4.1.6306.2.1.2.0"><phr n="1.3.6.1.4.1.6306.2.1.2.0"><ent r="3" t="27" w="480" /><ent r="3" t="27" w="470" /><ent r="3" t="27" w="641" /><ent r="3" t="27" w="631" /><ent r="3" t="27" w="764" /><ent r="3" t="27" w="754" /><ent r="3" t="27" w="874" /><ent r="3" t="27" w="864" /><ent r="3" t="27" w="1056" /><ent r="3" t="27" w="1046" /><ent r="3" t="27" w="1200" /><ent r="3" t="27" w="1190" /></phr></stem><stem n="1.3.6.1.4.1.6306.2.1.3"><phr n="1.3.6.1.4.1.6306.2.1.3"><ent r="3" t="27" w="492" /><ent r="3" t="27" w="483" /><ent r="3" t="27" w="653" /><ent r="3" t="27" w="644" /><ent r="3" t="27" w="776" /><ent r="3" t="27" w="767" /><ent r="3" t="27" w="886" /><ent r="3" t="27" w="877" /><ent r="3" t="27" w="1068" /><ent r="3" t="27" w="1059" /><ent r="3" t="27" w="1213" /><ent r="3" t="27" w="1204" /></phr></stem><stem n=".3.6.1.4.1.6306.2.1.3.0"><phr n=".3.6.1.4.1.6306.2.1.3.0"><ent r="3" t="27" w="493" /><ent r="3" t="27" w="654" /><ent r="3" t="27" w="777" /><ent r="3" t="27" w="887" /><ent r="3" t="27" w="1069" /></phr></stem><stem n="1.3.6.1.4.1.6306.2.1.3.0"><phr n="1.3.6.1.4.1.6306.2.1.3.0"><ent r="3" t="27" w="493" /><ent r="3" t="27" w="483" /><ent r="3" t="27" w="654" /><ent r="3" t="27" w="644" /><ent r="3" t="27" w="777" /><ent r="3" t="27" w="767" /><ent r="3" t="27" w="887" /><ent r="3" t="27" w="877" /><ent r="3" t="27" w="1069" /><ent r="3" t="27" w="1059" /><ent r="3" t="27" w="1214" /><ent r="3" t="27" w="1204" /></phr></stem><stem n="&quot;big"><phr n="&quot;Big"><ent r="3" t="27" w="495" /><ent r="3" t="27" w="656" /><ent r="3" t="27" w="779" /><ent r="3" t="27" w="889" /><ent r="3" t="27" w="1071" /></phr></stem><stem n="1.3.6.1.4.1.6306.2.1.4"><phr n="1.3.6.1.4.1.6306.2.1.4"><ent r="3" t="27" w="506" /><ent r="3" t="27" w="497" /><ent r="3" t="27" w="667" /><ent r="3" t="27" w="658" /><ent r="3" t="27" w="790" /><ent r="3" t="27" w="781" /><ent r="3" t="27" w="900" /><ent r="3" t="27" w="891" /><ent r="3" t="27" w="1082" /><ent r="3" t="27" w="1073" /><ent r="3" t="27" w="1230" /><ent r="3" t="27" w="1221" /></phr></stem><stem n=".3.6.1.4.1.6306.2.1.4.0"><phr n=".3.6.1.4.1.6306.2.1.4.0"><ent r="3" t="27" w="507" /><ent r="3" t="27" w="668" /><ent r="3" t="27" w="791" /><ent r="3" t="27" w="901" /><ent r="3" t="27" w="1083" /></phr></stem><stem n="1.3.6.1.4.1.6306.2.1.4.0"><phr n="1.3.6.1.4.1.6306.2.1.4.0"><ent r="3" t="27" w="507" /><ent r="3" t="27" w="497" /><ent r="3" t="27" w="668" /><ent r="3" t="27" w="658" /><ent r="3" t="27" w="791" /><ent r="3" t="27" w="781" /><ent r="3" t="27" w="901" /><ent r="3" t="27" w="891" /><ent r="3" t="27" w="1083" /><ent r="3" t="27" w="1073" /><ent r="3" t="27" w="1231" /><ent r="3" t="27" w="1221" /></phr></stem><stem n="&quot;critical:"><phr n="&quot;Critical:"><ent r="3" t="27" w="510" /><ent r="3" t="27" w="671" /><ent r="3" t="27" w="794" /><ent r="3" t="27" w="904" /><ent r="3" t="27" w="1086" /></phr></stem><stem n="traffic"><phr n="Traffic"><ent r="3" t="27" w="511" /><ent r="3" t="27" w="541" /><ent r="3" t="27" w="672" /><ent r="3" t="27" w="702" /><ent r="3" t="27" w="795" /><ent r="3" t="27" w="825" /><ent r="3" t="27" w="905" /><ent r="3" t="27" w="935" /><ent r="3" t="27" w="1087" /><ent r="3" t="27" w="1117" /></phr></stem><stem n="1.3.6.1.4.1.6306.2.1.5"><phr n="1.3.6.1.4.1.6306.2.1.5"><ent r="3" t="27" w="521" /><ent r="3" t="27" w="512" /><ent r="3" t="27" w="682" /><ent r="3" t="27" w="673" /><ent r="3" t="27" w="805" /><ent r="3" t="27" w="796" /><ent r="3" t="27" w="915" /><ent r="3" t="27" w="906" /><ent r="3" t="27" w="1097" /><ent r="3" t="27" w="1088" /><ent r="3" t="27" w="1245" /><ent r="3" t="27" w="1236" /></phr></stem><stem n=".3.6.1.4.1.6306.2.1.5.0"><phr n=".3.6.1.4.1.6306.2.1.5.0"><ent r="3" t="27" w="522" /><ent r="3" t="27" w="683" /><ent r="3" t="27" w="806" /><ent r="3" t="27" w="916" /><ent r="3" t="27" w="1098" /></phr></stem><stem n="1.3.6.1.4.1.6306.2.1.5.0"><phr n="1.3.6.1.4.1.6306.2.1.5.0"><ent r="3" t="27" w="522" /><ent r="3" t="27" w="512" /><ent r="3" t="27" w="683" /><ent r="3" t="27" w="673" /><ent r="3" t="27" w="806" /><ent r="3" t="27" w="796" /><ent r="3" t="27" w="916" /><ent r="3" t="27" w="906" /><ent r="3" t="27" w="1098" /><ent r="3" t="27" w="1088" /><ent r="3" t="27" w="1246" /><ent r="3" t="27" w="1236" /></phr></stem><stem n="127"><phr n="127"><ent r="3" t="27" w="524" /><ent r="3" t="27" w="685" /><ent r="3" t="27" w="808" /><ent r="3" t="27" w="918" /><ent r="3" t="27" w="1100" /></phr></stem><stem n="127.0"><phr n="127.0"><ent r="3" t="27" w="525" /><ent r="3" t="27" w="524" /><ent r="3" t="27" w="686" /><ent r="3" t="27" w="685" /><ent r="3" t="27" w="809" /><ent r="3" t="27" w="808" /><ent r="3" t="27" w="919" /><ent r="3" t="27" w="918" /><ent r="3" t="27" w="1101" /><ent r="3" t="27" w="1100" /></phr></stem><stem n="127.0.0"><phr n="127.0.0"><ent r="3" t="27" w="526" /><ent r="3" t="27" w="524" /><ent r="3" t="27" w="687" /><ent r="3" t="27" w="685" /><ent r="3" t="27" w="810" /><ent r="3" t="27" w="808" /><ent r="3" t="27" w="920" /><ent r="3" t="27" w="918" /><ent r="3" t="27" w="1102" /><ent r="3" t="27" w="1100" /></phr></stem><stem n="127.0.0.1"><phr n="127.0.0.1"><ent r="3" t="27" w="527" /><ent r="3" t="27" w="524" /><ent r="3" t="27" w="688" /><ent r="3" t="27" w="685" /><ent r="3" t="27" w="811" /><ent r="3" t="27" w="808" /><ent r="3" t="27" w="921" /><ent r="3" t="27" w="918" /><ent r="3" t="27" w="1103" /><ent r="3" t="27" w="1100" /></phr></stem><stem n="&quot;127.0.0.1&quot;"><phr n="&quot;127.0.0.1&quot;"><ent r="3" t="27" w="528" /><ent r="3" t="27" w="689" /><ent r="3" t="27" w="812" /><ent r="3" t="27" w="922" /><ent r="3" t="27" w="1104" /></phr></stem><stem n="1.3.6.1.4.1.6306.2.1.6"><phr n="1.3.6.1.4.1.6306.2.1.6"><ent r="3" t="27" w="537" /><ent r="3" t="27" w="528" /><ent r="3" t="27" w="698" /><ent r="3" t="27" w="689" /><ent r="3" t="27" w="821" /><ent r="3" t="27" w="812" /><ent r="3" t="27" w="931" /><ent r="3" t="27" w="922" /><ent r="3" t="27" w="1113" /><ent r="3" t="27" w="1104" /><ent r="3" t="27" w="1261" /><ent r="3" t="27" w="1252" /></phr></stem><stem n=".3.6.1.4.1.6306.2.1.6.0"><phr n=".3.6.1.4.1.6306.2.1.6.0"><ent r="3" t="27" w="538" /><ent r="3" t="27" w="699" /><ent r="3" t="27" w="822" /><ent r="3" t="27" w="932" /><ent r="3" t="27" w="1114" /></phr></stem><stem n="1.3.6.1.4.1.6306.2.1.6.0"><phr n="1.3.6.1.4.1.6306.2.1.6.0"><ent r="3" t="27" w="538" /><ent r="3" t="27" w="528" /><ent r="3" t="27" w="699" /><ent r="3" t="27" w="689" /><ent r="3" t="27" w="822" /><ent r="3" t="27" w="812" /><ent r="3" t="27" w="932" /><ent r="3" t="27" w="922" /><ent r="3" t="27" w="1114" /><ent r="3" t="27" w="1104" /><ent r="3" t="27" w="1262" /><ent r="3" t="27" w="1252" /></phr></stem><stem n="\i\snmpv2c"><phr n="\i\SNMPv2c"><ent r="3" t="27" w="544" /></phr></stem><stem n="\i\localhost\p\"><phr n="\i\localhost\p\"><ent r="3" t="27" w="562" /></phr></stem><stem n="2c"><phr n="2c"><ent r="3" t="27" w="588" /><ent r="3" t="27" w="1017" /><ent r="3" t="40" w="441" /></phr></stem><stem n="/past"><phr n="/paste"><ent r="3" t="27" w="708" /></phr></stem><stem n="copy/past"><phr n="Copy/paste"><ent r="3" t="27" w="708" /><ent r="3" t="27" w="707" /></phr></stem><stem n="past"><phr n="paste"><ent r="3" t="27" w="708" /></phr><phr n="past"><ent r="5" t="55" w="1875" /></phr></stem><stem n="1.3.6.1.4.1.6306.2.1.7"><phr n="1.3.6.1.4.1.6306.2.1.7"><ent r="3" t="27" w="946" /><ent r="3" t="27" w="937" /></phr></stem><stem n=".3.6.1.4.1.6306.2.1.7.0"><phr n=".3.6.1.4.1.6306.2.1.7.0"><ent r="3" t="27" w="947" /></phr></stem><stem n="1.3.6.1.4.1.6306.2.1.7.0"><phr n="1.3.6.1.4.1.6306.2.1.7.0"><ent r="3" t="27" w="947" /><ent r="3" t="27" w="937" /></phr></stem><stem n="var7"><phr n="var7"><ent r="3" t="27" w="949" /></phr></stem><stem n="&quot;var7&quot;"><phr n="&quot;var7&quot;"><ent r="3" t="27" w="950" /></phr></stem><stem n="1.3.6.1.4.1.6306.2.1.8"><phr n="1.3.6.1.4.1.6306.2.1.8"><ent r="3" t="27" w="959" /><ent r="3" t="27" w="950" /></phr></stem><stem n=".3.6.1.4.1.6306.2.1.8.0"><phr n=".3.6.1.4.1.6306.2.1.8.0"><ent r="3" t="27" w="960" /></phr></stem><stem n="1.3.6.1.4.1.6306.2.1.8.0"><phr n="1.3.6.1.4.1.6306.2.1.8.0"><ent r="3" t="27" w="960" /><ent r="3" t="27" w="950" /></phr></stem><stem n="var8"><phr n="var8"><ent r="3" t="27" w="962" /></phr></stem><stem n="&quot;var8&quot;"><phr n="&quot;var8&quot;"><ent r="3" t="27" w="963" /></phr></stem><stem n="1.3.6.1.4.1.6306.2.1.9"><phr n="1.3.6.1.4.1.6306.2.1.9"><ent r="3" t="27" w="972" /><ent r="3" t="27" w="963" /></phr></stem><stem n=".3.6.1.4.1.6306.2.1.9.0"><phr n=".3.6.1.4.1.6306.2.1.9.0"><ent r="3" t="27" w="973" /></phr></stem><stem n="1.3.6.1.4.1.6306.2.1.9.0"><phr n="1.3.6.1.4.1.6306.2.1.9.0"><ent r="3" t="27" w="973" /><ent r="3" t="27" w="963" /></phr></stem><stem n="var9"><phr n="var9"><ent r="3" t="27" w="975" /></phr></stem><stem n="&quot;var9&quot;"><phr n="&quot;var9&quot;"><ent r="3" t="27" w="976" /></phr></stem><stem n="1.3.6.1.4.1.6306.2.1.10"><phr n="1.3.6.1.4.1.6306.2.1.10"><ent r="3" t="27" w="985" /><ent r="3" t="27" w="976" /></phr></stem><stem n=".3.6.1.4.1.6306.2.1.10.0"><phr n=".3.6.1.4.1.6306.2.1.10.0"><ent r="3" t="27" w="986" /></phr></stem><stem n="1.3.6.1.4.1.6306.2.1.10.0"><phr n="1.3.6.1.4.1.6306.2.1.10.0"><ent r="3" t="27" w="986" /><ent r="3" t="27" w="976" /></phr></stem><stem n="var10"><phr n="var10"><ent r="3" t="27" w="988" /></phr></stem><stem n="&quot;var10&quot;"><phr n="&quot;var10&quot;"><ent r="3" t="27" w="989" /></phr></stem><stem n="1.3.6.1.4.1.6306.2.1.11"><phr n="1.3.6.1.4.1.6306.2.1.11"><ent r="3" t="27" w="998" /><ent r="3" t="27" w="989" /></phr></stem><stem n=".3.6.1.4.1.6306.2.1.11.0"><phr n=".3.6.1.4.1.6306.2.1.11.0"><ent r="3" t="27" w="999" /></phr></stem><stem n="1.3.6.1.4.1.6306.2.1.11.0"><phr n="1.3.6.1.4.1.6306.2.1.11.0"><ent r="3" t="27" w="999" /><ent r="3" t="27" w="989" /></phr></stem><stem n="var11"><phr n="var11"><ent r="3" t="27" w="1001" /></phr></stem><stem n="&quot;var11&quot;"><phr n="&quot;var11&quot;"><ent r="3" t="27" w="1002" /></phr></stem><stem n="1.3.6.1.4.1.6306.2.1.12"><phr n="1.3.6.1.4.1.6306.2.1.12"><ent r="3" t="27" w="1011" /><ent r="3" t="27" w="1002" /></phr></stem><stem n=".3.6.1.4.1.6306.2.1.12.0"><phr n=".3.6.1.4.1.6306.2.1.12.0"><ent r="3" t="27" w="1012" /></phr></stem><stem n="1.3.6.1.4.1.6306.2.1.12.0"><phr n="1.3.6.1.4.1.6306.2.1.12.0"><ent r="3" t="27" w="1012" /><ent r="3" t="27" w="1002" /></phr></stem><stem n="var12"><phr n="var12"><ent r="3" t="27" w="1014" /></phr></stem><stem n="&quot;var12&quot;"><phr n="&quot;var12&quot;"><ent r="3" t="27" w="1015" /></phr></stem><stem n="unus"><phr n="unused"><ent r="3" t="27" w="1126" /></phr></stem><stem n="variou"><phr n="various"><ent r="3" t="27" w="1135" /><ent r="5" t="42" w="79" /><ent r="3" t="42" w="381" /><ent r="4" t="42" w="463" /><ent r="4" t="50" w="162" /><ent r="3" t="59" w="49" /></phr></stem><stem n="minvalu"><phr n="MinValue"><ent r="3" t="27" w="1138" /></phr></stem><stem n="&quot;minvalue&quot;"><phr n="&quot;MinValue&quot;"><ent r="3" t="27" w="1139" /></phr></stem><stem n="&quot;10&quot;"><phr n="&quot;10&quot;"><ent r="3" t="27" w="1140" /></phr></stem><stem n="maxvalu"><phr n="MaxValue"><ent r="3" t="27" w="1140" /></phr></stem><stem n="&quot;maxvalue&quot;"><phr n="&quot;MaxValue&quot;"><ent r="3" t="27" w="1141" /></phr></stem><stem n="&quot;50&quot;"><phr n="&quot;50&quot;"><ent r="3" t="27" w="1142" /></phr></stem><stem n="come"><phr n="comes"><ent r="3" t="27" w="1158" /><ent r="3" t="50" w="26" /><ent r="6" t="53" w="389" /></phr></stem><stem n="traptimestamp"><phr n="trapTimeStamp"><ent r="3" t="27" w="1175" /></phr></stem><stem n="1.3.6.1.4.1.6306.2.1.2.0,"><phr n="1.3.6.1.4.1.6306.2.1.2.0,"><ent r="3" t="27" w="1200" /><ent r="3" t="27" w="1190" /></phr></stem><stem n=".3.6.1.4.1.6306.2.1.2.0,"><phr n=".3.6.1.4.1.6306.2.1.2.0,"><ent r="3" t="27" w="1201" /></phr></stem><stem n="&quot;status&quot;"><phr n="&quot;Status&quot;"><ent r="3" t="27" w="1203" /></phr></stem><stem n="devicedn"><phr n="DeviceDNS"><ent r="3" t="27" w="1203" /></phr></stem><stem n="1.3.6.1.4.1.6306.2.1.3.0,"><phr n="1.3.6.1.4.1.6306.2.1.3.0,"><ent r="3" t="27" w="1214" /><ent r="3" t="27" w="1204" /></phr></stem><stem n=".3.6.1.4.1.6306.2.1.3.0,"><phr n=".3.6.1.4.1.6306.2.1.3.0,"><ent r="3" t="27" w="1215" /></phr></stem><stem n="&quot;dn"><phr n="&quot;DNS"><ent r="3" t="27" w="1216" /></phr></stem><stem n="devicecondit"><phr n="DeviceCondition"><ent r="3" t="27" w="1220" /></phr></stem><stem n="1.3.6.1.4.1.6306.2.1.4.0,"><phr n="1.3.6.1.4.1.6306.2.1.4.0,"><ent r="3" t="27" w="1231" /><ent r="3" t="27" w="1221" /></phr></stem><stem n=".3.6.1.4.1.6306.2.1.4.0,"><phr n=".3.6.1.4.1.6306.2.1.4.0,"><ent r="3" t="27" w="1232" /></phr></stem><stem n="&quot;condit"><phr n="&quot;Condition"><ent r="3" t="27" w="1233" /></phr></stem><stem n="trapsourceadr"><phr n="TrapSourceAdrs"><ent r="3" t="27" w="1235" /></phr></stem><stem n="1.3.6.1.4.1.6306.2.1.5.0,"><phr n="1.3.6.1.4.1.6306.2.1.5.0,"><ent r="3" t="27" w="1246" /><ent r="3" t="27" w="1236" /></phr></stem><stem n=".3.6.1.4.1.6306.2.1.5.0,"><phr n=".3.6.1.4.1.6306.2.1.5.0,"><ent r="3" t="27" w="1247" /></phr></stem><stem n="&quot;sourc"><phr n="&quot;Source"><ent r="3" t="27" w="1248" /></phr></stem><stem n="probetyp"><phr n="ProbeType"><ent r="3" t="27" w="1251" /></phr></stem><stem n="1.3.6.1.4.1.6306.2.1.6.0,"><phr n="1.3.6.1.4.1.6306.2.1.6.0,"><ent r="3" t="27" w="1262" /><ent r="3" t="27" w="1252" /></phr></stem><stem n=".3.6.1.4.1.6306.2.1.6.0,"><phr n=".3.6.1.4.1.6306.2.1.6.0,"><ent r="3" t="27" w="1263" /></phr></stem><stem n="&quot;probe"><phr n="&quot;Probe"><ent r="3" t="27" w="1264" /></phr></stem><stem n="&quot;address&quot;"><phr n="&quot;Address&quot;"><ent r="3" t="27" w="1306" /></phr></stem><stem n="vbval1"><phr n="vbVal1"><ent r="3" t="27" w="1327" /></phr></stem><stem n="&quot;valu"><phr n="&quot;Value"><ent r="3" t="27" w="1330" /><ent r="3" t="27" w="1348" /><ent r="3" t="27" w="1366" /><ent r="3" t="27" w="1384" /><ent r="3" t="27" w="1402" /><ent r="3" t="27" w="1420" /><ent r="3" t="27" w="1438" /><ent r="3" t="27" w="1456" /><ent r="3" t="27" w="1474" /><ent r="3" t="27" w="1492" /></phr></stem><stem n="varbind1"><phr n="Varbind1"><ent r="3" t="27" w="1332" /><ent r="3" t="27" w="1338" /><ent r="3" t="27" w="1344" /></phr></stem></index>