﻿<?xml version="1.0" encoding="utf-8"?><index><stem n="\i\second"><phr n="\i\Seconds"><ent r="3" t="32" w="278" /></phr></stem><stem n="\i\ok"><phr n="\i\OK"><ent r="3" t="32" w="320" /></phr></stem><stem n="&quot;ok"><phr n="&quot;ok"><ent r="3" t="32" w="332" /></phr><phr n="&quot;OK"><ent r="3" t="32" w="435" /></phr></stem><stem n="\i\warn"><phr n="\i\WARN"><ent r="3" t="32" w="356" /></phr></stem><stem n="\i\alrm"><phr n="\i\ALRM"><ent r="3" t="32" w="375" /></phr></stem><stem n="\i\down"><phr n="\i\DOWN"><ent r="3" t="32" w="394" /></phr></stem><stem n="&quot;string"><phr n="&quot;String"><ent r="3" t="32" w="428" /></phr></stem><stem n="&quot;30&quot;"><phr n="&quot;30&quot;"><ent r="3" t="32" w="435" /></phr></stem><stem n="&quot;warn"><phr n="&quot;WARN"><ent r="3" t="32" w="437" /></phr><phr n="&quot;Warning"><ent r="3" t="39" w="177" /></phr></stem><stem n="&quot;alrm"><phr n="&quot;ALRM"><ent r="3" t="32" w="439" /></phr></stem><stem n="&quot;down"><phr n="&quot;DOWN"><ent r="3" t="32" w="441" /></phr></stem><stem n="#60"><phr n="#60"><ent r="3" t="32" w="452" /></phr></stem><stem n="(connect"><phr n="(connect"><ent r="3" t="32" w="453" /></phr></stem><stem n="&quot;${string"><phr n="&quot;${String"><ent r="3" t="32" w="459" /></phr></stem><stem n="#${second"><phr n="#${Seconds"><ent r="3" t="32" w="471" /></phr></stem><stem n="&quot;.&quot;r"><phr n="&quot;.&quot;r"><ent r="3" t="32" w="483" /></phr></stem><stem n="@disconnect"><phr n="@DISCONNECT"><ent r="3" t="32" w="486" /></phr></stem><stem n="&quot;${ok"><phr n="&quot;${OK"><ent r="3" t="32" w="492" /></phr></stem><stem n="&quot;[custom]"><phr n="&quot;[Custom]"><ent r="3" t="32" w="503" /><ent r="3" t="32" w="521" /><ent r="3" t="32" w="539" /><ent r="3" t="32" w="557" /><ent r="3" t="32" w="569" /><ent r="3" t="32" w="589" /></phr></stem><stem n="\&quot;${_line:50}\&quot;.&quot;"><phr n="\&quot;${_LINE:50}\&quot;.&quot;"><ent r="3" t="32" w="508" /><ent r="3" t="32" w="526" /><ent r="3" t="32" w="544" /><ent r="3" t="32" w="562" /></phr></stem><stem n="&quot;${alrm"><phr n="&quot;${ALRM"><ent r="3" t="32" w="528" /></phr></stem><stem n="&quot;${down"><phr n="&quot;${DOWN"><ent r="3" t="32" w="546" /></phr></stem><stem n="@idle:"><phr n="@IDLE:"><ent r="3" t="32" w="563" /></phr></stem><stem n="{second"><phr n="{Seconds"><ent r="3" t="32" w="578" /></phr></stem><stem n="[line"><phr n="[Line"><ent r="3" t="32" w="582" /></phr></stem><stem n="{_idleline}]&quot;"><phr n="{_IDLELINE}]&quot;"><ent r="3" t="32" w="585" /></phr></stem><stem n="@disconnect:"><phr n="@DISCONNECT:"><ent r="3" t="32" w="586" /></phr></stem><stem n="/script&gt;"><phr n="/script&gt;"><ent r="3" t="32" w="598" /></phr></stem><stem n="&lt;/script&gt;"><phr n="&lt;/script&gt;"><ent r="3" t="32" w="598" /><ent r="3" t="32" w="597" /></phr></stem><stem n="script&gt;"><phr n="script&gt;"><ent r="3" t="32" w="598" /></phr></stem><stem n="\4\time"><phr n="\4\Time"><ent r="3" t="32" w="610" /><ent r="3" t="32" w="619" /></phr></stem><stem n="{_connect}"><phr n="{_connect}"><ent r="3" t="32" w="617" /><ent r="6" t="42" w="168" /><ent r="4" t="42" w="332" /></phr></stem><stem n="{_active}"><phr n="{_active}"><ent r="3" t="32" w="627" /><ent r="6" t="42" w="184" /><ent r="4" t="42" w="337" /></phr></stem><stem n="/script-output&gt;"><phr n="/script-output&gt;"><ent r="3" t="32" w="629" /></phr></stem><stem n="script-output&gt;"><phr n="script-output&gt;"><ent r="3" t="32" w="629" /></phr></stem><stem n=":intermapp"><phr n=":InterMapper"><ent r="100" t="33" w="21" /></phr></stem><stem n="abil"><phr n="ability"><ent r="3" t="33" w="26" /></phr></stem><stem n=":command-lin"><phr n=":Command-line"><ent r="100" t="33" w="35" /><ent r="100" t="33" w="104" /></phr></stem><stem n="-line:cr"><phr n="-line:Create"><ent r="100" t="33" w="47" /><ent r="100" t="33" w="47" /></phr></stem><stem n="daemon"><phr n="Daemon"><ent r="100" t="33" w="53" /></phr></stem><stem n="(written"><phr n="(written"><ent r="3" t="33" w="63" /></phr></stem><stem n="c++"><phr n="C++"><ent r="3" t="33" w="67" /><ent r="4" t="33" w="707" /></phr></stem><stem n="favorit"><phr n="favorite"><ent r="3" t="33" w="70" /></phr></stem><stem n="program'"><phr n="program's"><ent r="3" t="33" w="74" /><ent r="3" t="33" w="73" /></phr></stem><stem n=":program/script"><phr n=":program/script"><ent r="100" t="33" w="91" /></phr></stem><stem n="program/script"><phr n="program/script"><ent r="100" t="33" w="91" /><ent r="100" t="33" w="90" /><ent r="3" t="33" w="123" /><ent r="3" t="33" w="122" /><ent r="3" t="33" w="150" /><ent r="3" t="33" w="149" /><ent r="3" t="33" w="401" /><ent r="3" t="33" w="400" /></phr><phr n="Program/script"><ent r="100" t="33" w="97" /><ent r="100" t="33" w="96" /><ent r="100" t="33" w="100" /><ent r="100" t="33" w="99" /></phr></stem><stem n="/script"><phr n="/script"><ent r="100" t="33" w="97" /><ent r="3" t="33" w="123" /></phr></stem><stem n="/script:nam"><phr n="/script:name"><ent r="100" t="33" w="101" /></phr></stem><stem n="program/script."><phr n="program/script."><ent r="3" t="33" w="150" /><ent r="3" t="33" w="149" /></phr></stem><stem n="/script."><phr n="/script."><ent r="3" t="33" w="151" /></phr></stem><stem n="nagios®"><phr n="Nagios®"><ent r="4" t="33" w="195" /><ent r="3" t="35" w="236" /><ent r="4" t="37" w="23" /><ent r="3" t="37" w="721" /></phr></stem><stem n="www.nagio"><phr n="www.nagios"><ent r="64" t="33" w="201" /><ent r="64" t="33" w="200" /><ent r="64" t="35" w="233" /><ent r="64" t="35" w="232" /><ent r="64" t="37" w="29" /><ent r="64" t="37" w="28" /><ent r="64" t="37" w="228" /><ent r="64" t="37" w="227" /><ent r="64" t="37" w="718" /><ent r="64" t="37" w="717" /></phr></stem><stem n="://www.nagios.org"><phr n="://www.nagios.org"><ent r="64" t="33" w="202" /><ent r="64" t="35" w="234" /><ent r="64" t="37" w="30" /><ent r="64" t="37" w="719" /></phr></stem><stem n="www.nagios.org"><phr n="www.nagios.org"><ent r="64" t="33" w="202" /><ent r="64" t="33" w="200" /><ent r="64" t="35" w="234" /><ent r="64" t="35" w="232" /><ent r="64" t="37" w="30" /><ent r="64" t="37" w="28" /><ent r="64" t="37" w="229" /><ent r="64" t="37" w="227" /><ent r="64" t="37" w="719" /><ent r="64" t="37" w="717" /></phr></stem><stem n="build"><phr n="Build"><ent r="100" t="33" w="218" /><ent r="100" t="37" w="64" /></phr><phr n="build"><ent r="3" t="33" w="240" /><ent r="3" t="37" w="76" /><ent r="93" t="39" w="273" /><ent r="93" t="39" w="440" /></phr><phr n="Building"><ent r="64" t="38" w="420" /></phr></stem><stem n="/compil"><phr n="/compile"><ent r="100" t="33" w="219" /><ent r="3" t="33" w="241" /><ent r="100" t="37" w="65" /><ent r="3" t="37" w="77" /></phr></stem><stem n="build/compil"><phr n="Build/compile"><ent r="100" t="33" w="219" /><ent r="100" t="33" w="218" /><ent r="100" t="37" w="65" /><ent r="100" t="37" w="64" /></phr><phr n="build/compile"><ent r="3" t="33" w="241" /><ent r="3" t="33" w="240" /><ent r="3" t="37" w="77" /><ent r="3" t="37" w="76" /></phr></stem><stem n="compil"><phr n="compile"><ent r="100" t="33" w="219" /><ent r="3" t="33" w="241" /><ent r="4" t="33" w="713" /><ent r="100" t="37" w="65" /><ent r="3" t="37" w="77" /></phr></stem><stem n="download"><phr n="download"><ent r="3" t="33" w="235" /><ent r="3" t="37" w="71" /><ent r="3" t="41" w="726" /><ent r="64" t="48" w="86" /><ent r="64" t="49" w="43" /><ent r="64" t="60" w="30" /></phr><phr n="Download"><ent r="4" t="37" w="244" /><ent r="4" t="38" w="260" /></phr><phr n="downloads"><ent r="3" t="48" w="77" /></phr></stem><stem n="yourself"><phr n="yourself"><ent r="3" t="33" w="243" /><ent r="3" t="37" w="79" /></phr></stem><stem n="guidelin"><phr n="guidelines"><ent r="3" t="33" w="261" /><ent r="64" t="33" w="272" /><ent r="3" t="37" w="399" /><ent r="64" t="37" w="410" /></phr><phr n="Guidelines"><ent r="3" t="37" w="435" /><ent r="4" t="37" w="456" /><ent r="4" t="37" w="527" /><ent r="4" t="37" w="577" /><ent r="5" t="37" w="826" /></phr></stem><stem n="(found"><phr n="(found"><ent r="3" t="33" w="264" /><ent r="3" t="37" w="402" /></phr></stem><stem n="nagiosplug"><phr n="nagiosplug"><ent r="64" t="33" w="268" /><ent r="64" t="37" w="406" /></phr></stem><stem n="nagiosplug.sourceforg"><phr n="nagiosplug.sourceforge"><ent r="64" t="33" w="269" /><ent r="64" t="33" w="268" /><ent r="64" t="37" w="407" /><ent r="64" t="37" w="406" /></phr></stem><stem n="sourceforg"><phr n="sourceforge"><ent r="64" t="33" w="269" /><ent r="64" t="37" w="407" /></phr></stem><stem n="nagiosplug.sourceforge.net"><phr n="nagiosplug.sourceforge.net"><ent r="64" t="33" w="270" /><ent r="64" t="33" w="268" /><ent r="64" t="37" w="408" /><ent r="64" t="37" w="406" /></phr></stem><stem n="developer-guidelin"><phr n="developer-guidelines"><ent r="64" t="33" w="271" /><ent r="64" t="37" w="409" /></phr></stem><stem n="://nagiosplug.sourceforge.net/developer-guidelines.html"><phr n="://nagiosplug.sourceforge.net/developer-guidelines.html"><ent r="64" t="33" w="273" /><ent r="64" t="37" w="411" /></phr></stem><stem n="nagiosplug.sourceforge.net/developer-guidelines.html"><phr n="nagiosplug.sourceforge.net/developer-guidelines.html"><ent r="64" t="33" w="273" /><ent r="64" t="33" w="268" /><ent r="64" t="37" w="411" /><ent r="64" t="37" w="406" /></phr></stem><stem n="/plugin"><phr n="/plugins"><ent r="100" t="33" w="276" /><ent r="3" t="33" w="283" /><ent r="100" t="37" w="414" /><ent r="3" t="37" w="421" /></phr></stem><stem n="probes/plugin"><phr n="Probes/plugins"><ent r="100" t="33" w="276" /><ent r="100" t="33" w="275" /><ent r="100" t="37" w="414" /><ent r="100" t="37" w="413" /></phr><phr n="probes/plugins"><ent r="3" t="33" w="283" /><ent r="3" t="33" w="282" /><ent r="3" t="37" w="421" /><ent r="3" t="37" w="420" /></phr></stem><stem n="shell"><phr n="shell"><ent r="3" t="33" w="318" /><ent r="3" t="33" w="1463" /><ent r="3" t="35" w="13" /><ent r="3" t="35" w="54" /><ent r="3" t="35" w="140" /><ent r="5" t="47" w="32" /><ent r="82" t="47" w="155" /><ent r="3" t="47" w="160" /></phr></stem><stem n="deliv"><phr n="deliver"><ent r="3" t="33" w="340" /><ent r="3" t="34" w="15" /><ent r="3" t="34" w="43" /></phr><phr n="delivered"><ent r="3" t="50" w="63" /></phr></stem><stem n="program/script,"><phr n="program/script,"><ent r="3" t="33" w="401" /><ent r="3" t="33" w="400" /></phr></stem><stem n="/script,"><phr n="/script,"><ent r="3" t="33" w="402" /></phr></stem><stem n="arg"><phr n="arg"><ent r="3" t="33" w="415" /><ent r="5" t="33" w="961" /><ent r="7" t="33" w="1116" /><ent r="7" t="33" w="1162" /><ent r="3" t="34" w="503" /><ent r="3" t="34" w="757" /><ent r="3" t="36" w="475" /></phr></stem><stem n="success/failur"><phr n="success/failure"><ent r="4" t="33" w="472" /><ent r="4" t="33" w="471" /></phr></stem><stem n="success/failure/sever"><phr n="success/failure/severity"><ent r="4" t="33" w="473" /><ent r="4" t="33" w="471" /></phr></stem><stem n="success/failure/severity."><phr n="success/failure/severity."><ent r="4" t="33" w="473" /><ent r="4" t="33" w="471" /></phr></stem><stem n="/failure/severity."><phr n="/failure/severity."><ent r="4" t="33" w="474" /></phr></stem><stem n="discov"><phr n="discovered"><ent r="4" t="33" w="502" /></phr></stem><stem n="stdout"><phr n="stdout"><ent r="4" t="33" w="512" /><ent r="4" t="33" w="579" /><ent r="3" t="37" w="161" /><ent r="5" t="37" w="799" /></phr><phr n="STDOUT"><ent r="5" t="37" w="484" /></phr></stem><stem n="&quot;\{&quot;"><phr n="&quot;\{&quot;"><ent r="4" t="33" w="524" /></phr></stem><stem n="&quot;}&quot;"><phr n="&quot;}&quot;"><ent r="4" t="33" w="524" /><ent r="4" t="33" w="586" /></phr></stem><stem n="name-valu"><phr n="name-value"><ent r="4" t="33" w="530" /></phr></stem><stem n="&lt;name&gt;"><phr n="&lt;name&gt;"><ent r="4" t="33" w="536" /></phr></stem><stem n="&lt;value&gt;"><phr n="&lt;value&gt;"><ent r="4" t="33" w="537" /></phr></stem><stem n="(&quot;;&quot;)"><phr n="(&quot;;&quot;)"><ent r="4" t="33" w="544" /></phr></stem><stem n="$rtt"><phr n="$rtt"><ent r="4" t="33" w="609" /><ent r="3" t="33" w="633" /></phr></stem><stem n="$hop"><phr n="$hop"><ent r="4" t="33" w="613" /><ent r="3" t="33" w="635" /></phr></stem><stem n="\{"><phr n="\{"><ent r="3" t="33" w="633" /></phr></stem><stem n=":instal"><phr n=":Installing"><ent r="100" t="33" w="649" /><ent r="100" t="38" w="13" /></phr></stem><stem n="-interpret"><phr n="-interpreted"><ent r="100" t="33" w="666" /><ent r="100" t="33" w="666" /><ent r="4" t="33" w="710" /><ent r="4" t="33" w="710" /></phr></stem><stem n="non-interpret"><phr n="Non-interpreted"><ent r="100" t="33" w="666" /></phr><phr n="non-interpreted"><ent r="4" t="33" w="710" /></phr></stem><stem n="runnabl"><phr n="Runnable"><ent r="100" t="33" w="671" /><ent r="100" t="37" w="241" /></phr><phr n="runnable"><ent r="4" t="33" w="679" /><ent r="4" t="37" w="249" /></phr></stem><stem n="cmd.nagio"><phr n="Cmd.nagios"><ent r="100" t="33" w="823" /><ent r="100" t="33" w="822" /></phr><phr n="cmd.nagios"><ent r="4" t="33" w="890" /><ent r="4" t="33" w="889" /></phr></stem><stem n=".nagios.p"><phr n=".nagios.ping"><ent r="100" t="33" w="824" /></phr></stem><stem n="cmd.nagios.p"><phr n="Cmd.nagios.ping"><ent r="100" t="33" w="824" /><ent r="100" t="33" w="822" /></phr><phr n="cmd.nagios.ping"><ent r="4" t="33" w="891" /><ent r="4" t="33" w="889" /></phr></stem><stem n="&quot;cmd-line&quot;."><phr n="&quot;cmd-line&quot;."><ent r="4" t="33" w="840" /></phr></stem><stem n="&quot;cmd&quot;."><phr n="&quot;cmd&quot;."><ent r="4" t="33" w="868" /></phr></stem><stem n="&quot;cmd.nagios.ping&quot;."><phr n="&quot;cmd.nagios.ping&quot;."><ent r="4" t="33" w="892" /></phr></stem><stem n="&quot;ip&quot;."><phr n="&quot;IP&quot;."><ent r="4" t="33" w="905" /></phr></stem><stem n="remind"><phr n="remind"><ent r="4" t="33" w="917" /></phr></stem><stem n="environ"><phr n="environment"><ent r="6" t="33" w="997" /><ent r="6" t="33" w="1011" /><ent r="65" t="55" w="87" /><ent r="93" t="55" w="652" /></phr></stem><stem n="&quot;path&quot;"><phr n="&quot;path&quot;"><ent r="6" t="33" w="1005" /></phr></stem><stem n="&quot;\&quot;"><phr n="&quot;\&quot;"><ent r="6" t="33" w="1034" /></phr></stem><stem n="&quot;;&quot;"><phr n="&quot;;&quot;"><ent r="6" t="33" w="1037" /></phr></stem><stem n="_ping"><phr n="_ping"><ent r="100" t="33" w="1063" /></phr></stem><stem n="check_p"><phr n="Check_ping"><ent r="100" t="33" w="1063" /><ent r="100" t="33" w="1062" /></phr><phr n="check_ping"><ent r="6" t="33" w="1080" /><ent r="6" t="33" w="1079" /><ent r="7" t="33" w="1160" /><ent r="7" t="33" w="1159" /></phr></stem><stem n="&quot;check_ping&quot;."><phr n="&quot;check_ping&quot;."><ent r="6" t="33" w="1081" /></phr></stem><stem n="exact"><phr n="exact"><ent r="6" t="33" w="1088" /></phr></stem><stem n="extens"><phr n="extensions"><ent r="6" t="33" w="1092" /><ent r="6" t="44" w="269" /><ent r="6" t="47" w="414" /><ent r="3" t="47" w="644" /></phr><phr n="extensive"><ent r="3" t="36" w="70" /></phr><phr n="Extensions"><ent r="4" t="44" w="55" /><ent r="6" t="44" w="266" /><ent r="6" t="47" w="411" /><ent r="3" t="47" w="646" /></phr><phr n="extension"><ent r="3" t="44" w="466" /></phr></stem><stem n=".cmd."><phr n=".cmd."><ent r="6" t="33" w="1098" /></phr></stem><stem n="&quot;cmd&quot;"><phr n="&quot;cmd&quot;"><ent r="6" t="33" w="1108" /><ent r="6" t="33" w="1138" /><ent r="6" t="33" w="1149" /></phr></stem><stem n="'d"><phr n="'d"><ent r="6" t="33" w="1111" /></phr></stem><stem n="you'd"><phr n="you'd"><ent r="6" t="33" w="1111" /><ent r="6" t="33" w="1110" /></phr></stem><stem n="&quot;check_ping&quot;"><phr n="&quot;check_ping&quot;"><ent r="7" t="33" w="1161" /></phr></stem><stem n="&quot;-h"><phr n="&quot;-H"><ent r="7" t="33" w="1163" /></phr></stem><stem n="-w"><phr n="-w"><ent r="7" t="33" w="1166" /><ent r="7" t="33" w="1166" /><ent r="3" t="37" w="637" /><ent r="3" t="37" w="637" /></phr></stem><stem n="100,10"><phr n="100,10"><ent r="7" t="33" w="1168" /><ent r="7" t="33" w="1167" /></phr></stem><stem n=",10%"><phr n=",10%"><ent r="7" t="33" w="1169" /></phr></stem><stem n="1000,90"><phr n="1000,90"><ent r="7" t="33" w="1171" /><ent r="7" t="33" w="1170" /></phr></stem><stem n="90"><phr n="90"><ent r="7" t="33" w="1171" /></phr></stem><stem n=",90%&quot;"><phr n=",90%&quot;"><ent r="7" t="33" w="1172" /></phr></stem><stem n="&quot;${address}&quot;"><phr n="&quot;${ADDRESS}&quot;"><ent r="5" t="33" w="1182" /></phr></stem><stem n="&quot;${port}&quot;"><phr n="&quot;${PORT}&quot;"><ent r="5" t="33" w="1202" /></phr></stem><stem n="_code"><phr n="_CODE"><ent r="100" t="33" w="1220" /></phr></stem><stem n="&quot;alarm&quot;,"><phr n="&quot;alarm&quot;,"><ent r="4" t="33" w="1244" /></phr></stem><stem n="&quot;warning&quot;,"><phr n="&quot;warning&quot;,"><ent r="4" t="33" w="1245" /></phr></stem><stem n="&quot;okay&quot;."><phr n="&quot;okay&quot;."><ent r="4" t="33" w="1247" /></phr></stem><stem n="moment"><phr n="moment"><ent r="4" t="33" w="1274" /></phr></stem><stem n="{exit_code}."><phr n="{EXIT_CODE}."><ent r="4" t="33" w="1293" /></phr></stem><stem n="&quot;to"><phr n="&quot;To"><ent r="4" t="33" w="1308" /></phr></stem><stem n="criteria"><phr n="criteria"><ent r="4" t="33" w="1334" /></phr></stem><stem n="&quot;unknown&quot;."><phr n="&quot;unknown&quot;."><ent r="4" t="33" w="1350" /></phr></stem><stem n="-data&gt;"><phr n="-data&gt;"><ent r="5" t="33" w="1353" /><ent r="5" t="33" w="1353" /></phr></stem><stem n="&lt;command-data&gt;"><phr n="&lt;command-data&gt;"><ent r="5" t="33" w="1353" /></phr></stem><stem n="data&gt;"><phr n="data&gt;"><ent r="5" t="33" w="1354" /></phr></stem><stem n="{timeout}"><phr n="{Timeout}"><ent r="4" t="33" w="1395" /></phr></stem><stem n="&quot;timeout&quot;"><phr n="&quot;Timeout&quot;"><ent r="5" t="33" w="1402" /></phr></stem><stem n="&quot;7&quot;"><phr n="&quot;7&quot;"><ent r="5" t="33" w="1403" /><ent r="3" t="39" w="433" /></phr></stem><stem n="-device-output&gt;"><phr n="-device-output&gt;"><ent r="5" t="33" w="1419" /><ent r="5" t="33" w="1420" /></phr></stem><stem n="&lt;snmp-device-output&gt;"><phr n="&lt;snmp-device-output&gt;"><ent r="5" t="33" w="1419" /></phr></stem><stem n="device-output&gt;"><phr n="device-output&gt;"><ent r="5" t="33" w="1420" /></phr></stem><stem n="non-integ"><phr n="non-integer"><ent r="4" t="33" w="1432" /></phr></stem><stem n="{chartable:...}"><phr n="{chartable:...}"><ent r="4" t="33" w="1441" /></phr></stem><stem n="command-prob"><phr n="command-probe"><ent r="3" t="34" w="17" /></phr></stem><stem n="disk"><phr n="disk"><ent r="3" t="34" w="82" /><ent r="7" t="53" w="416" /><ent r="7" t="53" w="539" /><ent r="6" t="53" w="716" /></phr></stem><stem n="&lt;tool&gt;"><phr n="&lt;tool&gt;"><ent r="4" t="34" w="91" /></phr></stem><stem n="-hidden"><phr n="-hidden"><ent r="3" t="34" w="152" /><ent r="3" t="34" w="152" /></phr></stem><stem n="non-hidden"><phr n="non-hidden"><ent r="3" t="34" w="152" /></phr></stem><stem n="delet"><phr n="deleted"><ent r="3" t="34" w="156" /></phr><phr n="Deleted"><ent r="4" t="44" w="81" /></phr></stem><stem n="readi"><phr n="ready"><ent r="3" t="34" w="166" /></phr></stem><stem n="trivial"><phr n="trivial"><ent r="3" t="34" w="213" /><ent r="3" t="34" w="440" /><ent r="3" t="34" w="694" /></phr><phr n="Trivial"><ent r="3" t="34" w="273" /><ent r="3" t="34" w="569" /><ent r="3" t="34" w="823" /></phr></stem><stem n="com.dartware.cmdlin"><phr n="com.dartware.cmdline"><ent r="4" t="34" w="228" /><ent r="4" t="34" w="226" /><ent r="4" t="34" w="299" /><ent r="4" t="34" w="297" /></phr></stem><stem n="cmdline"><phr n="cmdline"><ent r="4" t="34" w="228" /><ent r="4" t="34" w="299" /></phr></stem><stem n=".dartware.cmdline.test"><phr n=".dartware.cmdline.test"><ent r="4" t="34" w="229" /><ent r="4" t="34" w="300" /></phr></stem><stem n="com.dartware.cmdline.test"><phr n="com.dartware.cmdline.test"><ent r="4" t="34" w="229" /><ent r="4" t="34" w="226" /><ent r="4" t="34" w="300" /><ent r="4" t="34" w="297" /></phr></stem><stem n="=&quot;python"><phr n="=&quot;python"><ent r="3" t="34" w="247" /></phr></stem><stem n="test.pi"><phr n="test.py"><ent r="3" t="34" w="249" /><ent r="3" t="34" w="248" /><ent r="3" t="34" w="262" /><ent r="3" t="34" w="261" /><ent r="3" t="34" w="317" /><ent r="3" t="34" w="316" /><ent r="3" t="34" w="505" /><ent r="3" t="34" w="504" /></phr></stem><stem n="py"><phr n="py"><ent r="3" t="34" w="249" /><ent r="3" t="34" w="262" /><ent r="3" t="34" w="317" /><ent r="3" t="34" w="505" /><ent r="3" t="36" w="208" /><ent r="3" t="36" w="241" /><ent r="3" t="36" w="472" /></phr></stem><stem n=".py&quot;"><phr n=".py&quot;"><ent r="3" t="34" w="250" /><ent r="3" t="34" w="263" /></phr></stem><stem n="=&quot;${python}"><phr n="=&quot;${PYTHON}"><ent r="3" t="34" w="261" /><ent r="3" t="36" w="471" /></phr></stem><stem n=":test.py&gt;"><phr n=":test.py&gt;"><ent r="3" t="34" w="272" /><ent r="4" t="34" w="329" /><ent r="3" t="34" w="568" /></phr></stem><stem n="test.py&gt;"><phr n="test.py&gt;"><ent r="3" t="34" w="272" /><ent r="3" t="34" w="271" /><ent r="3" t="34" w="283" /><ent r="3" t="34" w="282" /><ent r="4" t="34" w="329" /><ent r="4" t="34" w="328" /><ent r="4" t="34" w="336" /><ent r="4" t="34" w="335" /><ent r="3" t="34" w="568" /><ent r="3" t="34" w="567" /><ent r="3" t="34" w="604" /><ent r="3" t="34" w="603" /></phr></stem><stem n="py&gt;"><phr n="py&gt;"><ent r="3" t="34" w="272" /><ent r="3" t="34" w="283" /><ent r="4" t="34" w="329" /><ent r="4" t="34" w="336" /><ent r="3" t="34" w="568" /><ent r="3" t="34" w="604" /><ent r="4" t="36" w="178" /></phr></stem><stem n="&quot;okay&quot;"><phr n="&quot;okay&quot;"><ent r="3" t="34" w="277" /></phr></stem><stem n="rais"><phr n="raise"><ent r="3" t="34" w="277" /><ent r="3" t="34" w="598" /></phr></stem><stem n="systemexit"><phr n="SystemExit"><ent r="3" t="34" w="278" /><ent r="3" t="34" w="599" /></phr></stem><stem n="/tool:test.py&gt;"><phr n="/tool:test.py&gt;"><ent r="3" t="34" w="283" /><ent r="4" t="34" w="336" /><ent r="3" t="34" w="604" /></phr></stem><stem n="&quot;test.py&quot;"><phr n="&quot;test.py&quot;"><ent r="3" t="34" w="318" /></phr></stem><stem n=":xxx&gt;"><phr n=":xxx&gt;"><ent r="3" t="34" w="364" /><ent r="3" t="34" w="430" /><ent r="3" t="34" w="618" /><ent r="3" t="34" w="684" /></phr></stem><stem n="xxx&gt;"><phr n="xxx&gt;"><ent r="3" t="34" w="364" /><ent r="3" t="34" w="430" /><ent r="3" t="34" w="618" /><ent r="3" t="34" w="684" /></phr></stem><stem n="com.dartware.companionscript"><phr n="com.dartware.companionscript"><ent r="3" t="34" w="368" /><ent r="3" t="34" w="366" /><ent r="3" t="34" w="622" /><ent r="3" t="34" w="620" /></phr></stem><stem n="companionscript"><phr n="companionscript"><ent r="3" t="34" w="368" /><ent r="3" t="34" w="398" /><ent r="3" t="34" w="622" /><ent r="3" t="34" w="652" /></phr></stem><stem n="com.dartware.companionscript.python"><phr n="com.dartware.companionscript.python"><ent r="3" t="34" w="369" /><ent r="3" t="34" w="366" /></phr></stem><stem n="com.dartware.companionscript.python.txt"><phr n="com.dartware.companionscript.python.txt"><ent r="3" t="34" w="370" /><ent r="3" t="34" w="366" /></phr></stem><stem n="(com.dartware.companionscript.python.txt)"><phr n="(com.dartware.companionscript.python.txt)"><ent r="3" t="34" w="371" /></phr></stem><stem n="nov"><phr n="Nov"><ent r="3" t="34" w="386" /><ent r="3" t="34" w="640" /></phr></stem><stem n="2009"><phr n="2009"><ent r="3" t="34" w="387" /><ent r="3" t="34" w="641" /></phr></stem><stem n="&quot;cmd-line&quot;"><phr n="&quot;cmd-line&quot;"><ent r="3" t="34" w="393" /><ent r="3" t="34" w="647" /><ent r="3" t="35" w="104" /></phr></stem><stem n="companionscript.python"><phr n="companionscript.python"><ent r="3" t="34" w="399" /><ent r="3" t="34" w="398" /></phr></stem><stem n="&quot;companionscript.python&quot;"><phr n="&quot;companionscript.python&quot;"><ent r="3" t="34" w="400" /></phr></stem><stem n="&quot;companion"><phr n="&quot;Companion"><ent r="3" t="34" w="402" /><ent r="3" t="34" w="656" /></phr></stem><stem n="script-python"><phr n="Script-Python"><ent r="3" t="34" w="403" /><ent r="3" t="34" w="416" /></phr></stem><stem n="-python&quot;"><phr n="-Python&quot;"><ent r="3" t="34" w="405" /><ent r="3" t="34" w="405" /><ent r="3" t="34" w="418" /><ent r="3" t="34" w="418" /></phr></stem><stem n="miscellaneous/test"><phr n="Miscellaneous/Test"><ent r="3" t="34" w="414" /><ent r="3" t="34" w="413" /><ent r="3" t="34" w="668" /><ent r="3" t="34" w="667" /><ent r="3" t="36" w="414" /><ent r="3" t="36" w="413" /></phr></stem><stem n="&quot;miscellaneous/test/companion"><phr n="&quot;Miscellaneous/Test/Companion"><ent r="3" t="34" w="415" /><ent r="3" t="34" w="669" /></phr></stem><stem n="miscellaneous/test/companion"><phr n="Miscellaneous/Test/Companion"><ent r="3" t="34" w="415" /><ent r="3" t="34" w="413" /><ent r="3" t="34" w="669" /><ent r="3" t="34" w="667" /></phr></stem><stem n="\gb\companion"><phr n="\GB\Companion"><ent r="3" t="34" w="422" /><ent r="3" t="34" w="676" /></phr></stem><stem n="launch"><phr n="launches"><ent r="3" t="34" w="438" /><ent r="3" t="34" w="692" /></phr></stem><stem n="two-lin"><phr n="two-line"><ent r="3" t="34" w="444" /><ent r="3" t="34" w="698" /></phr></stem><stem n="($val1"><phr n="($val1"><ent r="3" t="34" w="461" /><ent r="3" t="34" w="715" /></phr></stem><stem n="$val1"><phr n="$val1"><ent r="3" t="34" w="461" /><ent r="3" t="34" w="558" /><ent r="3" t="34" w="581" /><ent r="3" t="34" w="715" /><ent r="3" t="34" w="812" /><ent r="3" t="34" w="836" /></phr></stem><stem n="$val2"><phr n="$val2"><ent r="3" t="34" w="463" /><ent r="3" t="34" w="562" /><ent r="3" t="34" w="583" /><ent r="3" t="34" w="717" /><ent r="3" t="34" w="816" /><ent r="3" t="34" w="838" /></phr></stem><stem n="(set"><phr n="(set"><ent r="3" t="34" w="480" /><ent r="3" t="34" w="734" /></phr></stem><stem n="&quot;1&quot;"><phr n="&quot;1&quot;"><ent r="3" t="34" w="483" /><ent r="3" t="34" w="737" /></phr></stem><stem n="=&quot;&quot;"><phr n="=&quot;&quot;"><ent r="3" t="34" w="500" /><ent r="3" t="34" w="754" /><ent r="3" t="36" w="468" /><ent r="3" t="36" w="476" /><ent r="3" t="47" w="593" /></phr></stem><stem n="=&quot;${python}&quot;"><phr n="=&quot;${PYTHON}&quot;"><ent r="3" t="34" w="503" /></phr></stem><stem n="=&quot;test.py&quot;"><phr n="=&quot;test.py&quot;"><ent r="3" t="34" w="506" /></phr></stem><stem n="/command-line&gt;"><phr n="/command-line&gt;"><ent r="3" t="34" w="507" /><ent r="3" t="34" w="761" /><ent r="3" t="35" w="179" /><ent r="3" t="36" w="477" /></phr></stem><stem n="command-line&gt;"><phr n="command-line&gt;"><ent r="3" t="34" w="507" /><ent r="3" t="34" w="761" /><ent r="3" t="35" w="179" /><ent r="3" t="36" w="477" /></phr></stem><stem n="&lt;/the"><phr n="&lt;/The"><ent r="3" t="34" w="511" /><ent r="3" t="34" w="506" /><ent r="3" t="34" w="765" /><ent r="3" t="34" w="760" /></phr></stem><stem n="/exit"><phr n="/exit"><ent r="3" t="34" w="517" /><ent r="3" t="34" w="771" /></phr></stem><stem n="status/exit"><phr n="status/exit"><ent r="3" t="34" w="517" /><ent r="3" t="34" w="516" /><ent r="3" t="34" w="771" /><ent r="3" t="34" w="770" /></phr></stem><stem n="{exit_code}=4"><phr n="{EXIT_CODE}=4"><ent r="3" t="34" w="523" /><ent r="3" t="34" w="777" /></phr></stem><stem n="{exit_code}=3"><phr n="{EXIT_CODE}=3"><ent r="3" t="34" w="528" /><ent r="3" t="34" w="782" /></phr></stem><stem n="{exit_code}=2"><phr n="{EXIT_CODE}=2"><ent r="3" t="34" w="533" /><ent r="3" t="34" w="787" /></phr></stem><stem n="{exit_code}=1"><phr n="{EXIT_CODE}=1"><ent r="3" t="34" w="538" /><ent r="3" t="34" w="792" /></phr></stem><stem n="{exit_code}=0"><phr n="{EXIT_CODE}=0"><ent r="3" t="34" w="543" /><ent r="3" t="34" w="797" /></phr></stem><stem n="/command-exit&gt;"><phr n="/command-exit&gt;"><ent r="3" t="34" w="545" /><ent r="3" t="34" w="799" /><ent r="3" t="35" w="199" /><ent r="3" t="36" w="502" /></phr></stem><stem n="command-exit&gt;"><phr n="command-exit&gt;"><ent r="3" t="34" w="545" /><ent r="3" t="34" w="799" /><ent r="3" t="35" w="199" /><ent r="3" t="36" w="502" /></phr></stem><stem n="\b5\companion"><phr n="\b5\Companion"><ent r="3" t="34" w="550" /><ent r="3" t="34" w="804" /></phr></stem><stem n="value1"><phr n="Value1"><ent r="3" t="34" w="556" /><ent r="3" t="34" w="810" /></phr></stem><stem n="value2"><phr n="Value2"><ent r="3" t="34" w="560" /><ent r="3" t="34" w="814" /></phr></stem><stem n="/command-display&gt;"><phr n="/command-display&gt;"><ent r="3" t="34" w="564" /><ent r="3" t="34" w="818" /><ent r="3" t="35" w="217" /><ent r="3" t="36" w="507" /></phr></stem><stem n="command-display&gt;"><phr n="command-display&gt;"><ent r="3" t="34" w="564" /><ent r="3" t="34" w="818" /><ent r="3" t="35" w="217" /><ent r="3" t="36" w="507" /></phr></stem><stem n="&lt;/&lt;tool"><phr n="&lt;/&lt;tool"><ent r="3" t="34" w="566" /><ent r="3" t="34" w="563" /><ent r="3" t="34" w="820" /><ent r="3" t="34" w="817" /></phr></stem></index>