﻿<?xml version="1.0" encoding="utf-8"?><index><stem n="&quot;blah&quot;"><phr n="&quot;blah&quot;"><ent r="3" t="30" w="366" /><ent r="3" t="30" w="379" /></phr></stem><stem n="#7"><phr n="#7"><ent r="3" t="30" w="368" /><ent r="3" t="30" w="379" /></phr></stem><stem n="exactli"><phr n="exactly"><ent r="3" t="30" w="372" /><ent r="3" t="30" w="1890" /></phr></stem><stem n="&quot;els"><phr n="&quot;else"><ent r="3" t="30" w="388" /><ent r="3" t="31" w="3792" /></phr></stem><stem n="behavior"><phr n="behavior"><ent r="3" t="30" w="400" /><ent r="3" t="37" w="758" /></phr></stem><stem n="obviou"><phr n="obvious"><ent r="3" t="30" w="405" /></phr></stem><stem n="extran"><phr n="extraneous"><ent r="3" t="30" w="407" /></phr></stem><stem n="uppercas"><phr n="uppercase"><ent r="3" t="30" w="415" /></phr><phr n="UPPERCASE"><ent r="100" t="31" w="1246" /><ent r="4" t="31" w="1248" /></phr></stem><stem n="\r"><phr n="\r"><ent r="6" t="30" w="463" /></phr></stem><stem n="carriag"><phr n="Carriage"><ent r="100" t="30" w="465" /><ent r="5" t="30" w="468" /><ent r="100" t="31" w="3851" /></phr><phr n="carriage"><ent r="3" t="30" w="558" /><ent r="100" t="31" w="3848" /><ent r="3" t="31" w="3887" /><ent r="3" t="51" w="502" /></phr></stem><stem n="\n"><phr n="\n"><ent r="6" t="30" w="471" /></phr></stem><stem n="unix"><phr n="Unix"><ent r="100" t="30" w="475" /><ent r="5" t="30" w="478" /><ent r="100" t="33" w="41" /><ent r="6" t="33" w="1023" /><ent r="6" t="36" w="109" /><ent r="5" t="47" w="31" /><ent r="4" t="47" w="36" /><ent r="82" t="47" w="154" /><ent r="3" t="47" w="159" /><ent r="72" t="47" w="198" /><ent r="4" t="47" w="340" /><ent r="4" t="47" w="351" /><ent r="4" t="47" w="371" /></phr></stem><stem n="\t"><phr n="\t"><ent r="6" t="30" w="481" /></phr></stem><stem n="horizont"><phr n="Horizontal"><ent r="100" t="30" w="483" /><ent r="5" t="30" w="486" /></phr></stem><stem n="\f"><phr n="\f"><ent r="6" t="30" w="489" /></phr></stem><stem n="formfe"><phr n="Formfeed"><ent r="100" t="30" w="491" /><ent r="5" t="30" w="493" /></phr></stem><stem n="\b"><phr n="\b"><ent r="6" t="30" w="495" /></phr></stem><stem n="backspac"><phr n="Backspace"><ent r="5" t="30" w="497" /></phr></stem><stem n="\v"><phr n="\v"><ent r="6" t="30" w="499" /></phr></stem><stem n="vertic"><phr n="Vertical"><ent r="100" t="30" w="501" /><ent r="5" t="30" w="504" /></phr><phr n="Vertices"><ent r="4" t="45" w="69" /></phr></stem><stem n="\a"><phr n="\a"><ent r="6" t="30" w="507" /></phr></stem><stem n="bell"><phr n="bell"><ent r="5" t="30" w="510" /></phr></stem><stem n="(bell)"><phr n="(bell)"><ent r="5" t="30" w="511" /></phr></stem><stem n="\&quot;"><phr n="\&quot;"><ent r="6" t="30" w="513" /></phr></stem><stem n="\\"><phr n="\\"><ent r="6" t="30" w="520" /></phr></stem><stem n="\ooo"><phr n="\ooo"><ent r="6" t="30" w="523" /></phr></stem><stem n="ooo"><phr n="ooo"><ent r="6" t="30" w="523" /></phr></stem><stem n="\xhh"><phr n="\xhh"><ent r="6" t="30" w="531" /></phr></stem><stem n="xhh"><phr n="xhh"><ent r="6" t="30" w="531" /></phr></stem><stem n="&quot;\tthi"><phr n="&quot;\tThis"><ent r="3" t="30" w="547" /></phr></stem><stem n="tthi"><phr n="tThis"><ent r="3" t="30" w="547" /></phr></stem><stem n="sentenc"><phr n="sentence"><ent r="3" t="30" w="548" /></phr></stem><stem n=".\r\n&quot;"><phr n=".\r\n&quot;"><ent r="3" t="30" w="564" /></phr></stem><stem n="wildcard"><phr n="Wildcard"><ent r="3" t="30" w="589" /></phr></stem><stem n=":case-sensit"><phr n=":Case-Sensitivity"><ent r="100" t="30" w="596" /></phr></stem><stem n="-sensit"><phr n="-Sensitivity"><ent r="100" t="30" w="599" /><ent r="100" t="30" w="599" /><ent r="82" t="30" w="607" /><ent r="82" t="30" w="607" /></phr></stem><stem n="-sensitivity:control"><phr n="-Sensitivity:Controlling"><ent r="100" t="30" w="604" /><ent r="100" t="30" w="604" /></phr></stem><stem n="-match"><phr n="-matching"><ent r="4" t="30" w="612" /><ent r="4" t="30" w="612" /></phr></stem><stem n="string-match"><phr n="string-matching"><ent r="4" t="30" w="612" /></phr></stem><stem n="-insensit"><phr n="-insensitive"><ent r="100" t="30" w="618" /><ent r="100" t="30" w="618" /></phr></stem><stem n="case-insensit"><phr n="Case-insensitive"><ent r="100" t="30" w="618" /></phr><phr n="case-insensitive"><ent r="4" t="30" w="635" /><ent r="4" t="30" w="746" /><ent r="4" t="30" w="1294" /></phr></stem><stem n="insensit"><phr n="insensitive"><ent r="100" t="30" w="619" /><ent r="4" t="30" w="636" /><ent r="4" t="30" w="747" /><ent r="4" t="30" w="1295" /></phr></stem><stem n="'i'"><phr n="'i'"><ent r="4" t="30" w="624" /></phr></stem><stem n="-insensitive."><phr n="-insensitive."><ent r="4" t="30" w="637" /><ent r="4" t="30" w="637" /><ent r="4" t="30" w="748" /><ent r="4" t="30" w="748" /><ent r="4" t="30" w="1296" /><ent r="4" t="30" w="1296" /></phr></stem><stem n="&quot;fred&quot;"><phr n="&quot;fred&quot;"><ent r="3" t="30" w="643" /><ent r="5" t="31" w="2109" /><ent r="5" t="31" w="3015" /><ent r="5" t="31" w="3044" /></phr><phr n="&quot;freD&quot;"><ent r="3" t="30" w="827" /></phr><phr n="&quot;Fred&quot;"><ent r="5" t="31" w="2628" /><ent r="4" t="31" w="2640" /></phr></stem><stem n="&quot;fred&quot;."><phr n="&quot;fred&quot;."><ent r="3" t="30" w="646" /></phr><phr n="&quot;FrEd&quot;."><ent r="3" t="30" w="654" /></phr></stem><stem n="&quot;fred&quot;i"><phr n="&quot;fred&quot;i"><ent r="3" t="30" w="648" /></phr></stem><stem n="&quot;fred&quot;,"><phr n="&quot;fred&quot;,"><ent r="3" t="30" w="651" /><ent r="3" t="30" w="818" /></phr><phr n="&quot;FRED&quot;,"><ent r="3" t="30" w="652" /></phr><phr n="&quot;Fred&quot;,"><ent r="3" t="30" w="819" /></phr></stem><stem n="-card"><phr n="-card"><ent r="100" t="30" w="655" /><ent r="100" t="30" w="655" /><ent r="82" t="30" w="660" /><ent r="82" t="30" w="660" /></phr></stem><stem n="wild"><phr n="Wild"><ent r="100" t="30" w="655" /><ent r="82" t="30" w="660" /></phr></stem><stem n="wild-card"><phr n="Wild-card"><ent r="100" t="30" w="655" /><ent r="82" t="30" w="660" /></phr></stem><stem n="card"><phr n="card"><ent r="100" t="30" w="656" /><ent r="82" t="30" w="661" /></phr></stem><stem n="'"><phr n="'"><ent r="4" t="30" w="703" /><ent r="4" t="30" w="706" /><ent r="4" t="30" w="729" /><ent r="4" t="30" w="732" /><ent r="3" t="34" w="823" /><ent r="3" t="34" w="846" /><ent r="3" t="40" w="1222" /></phr></stem><stem n="(parentheses)"><phr n="(parentheses)"><ent r="4" t="30" w="755" /></phr></stem><stem n="&quot;red&quot;r"><phr n="&quot;red&quot;r"><ent r="3" t="30" w="815" /></phr></stem><stem n="tred"><phr n="tred"><ent r="3" t="30" w="819" /></phr></stem><stem n="&quot;tred&quot;,"><phr n="&quot;tred&quot;,"><ent r="3" t="30" w="820" /></phr></stem><stem n="bred"><phr n="bred"><ent r="3" t="30" w="820" /></phr></stem><stem n="&quot;bred&quot;,"><phr n="&quot;bred&quot;,"><ent r="3" t="30" w="821" /></phr></stem><stem n="&quot;i&quot;"><phr n="&quot;i&quot;"><ent r="3" t="30" w="832" /></phr></stem><stem n="complex"><phr n="Complex"><ent r="4" t="30" w="837" /></phr></stem><stem n="&quot;var1=12"><phr n="&quot;var1=12"><ent r="3" t="30" w="847" /></phr></stem><stem n="1234"><phr n="1234"><ent r="3" t="30" w="849" /></phr></stem><stem n="=1234.00"><phr n="=1234.00"><ent r="3" t="30" w="850" /></phr></stem><stem n="1234.00"><phr n="1234.00"><ent r="3" t="30" w="850" /><ent r="3" t="30" w="849" /></phr></stem><stem n="var3"><phr n="var3"><ent r="3" t="30" w="851" /><ent r="3" t="30" w="905" /><ent r="3" t="30" w="915" /></phr></stem><stem n="=45&quot;"><phr n="=45&quot;"><ent r="3" t="30" w="853" /></phr></stem><stem n="&quot;var1=([0-9]+)&quot;i"><phr n="&quot;var1=([0-9]+)&quot;i"><ent r="3" t="30" w="872" /></phr></stem><stem n="(skip"><phr n="(skip"><ent r="3" t="30" w="876" /></phr><phr n="(Skipping"><ent r="3" t="31" w="3963" /></phr></stem><stem n="skip"><phr n="skip"><ent r="3" t="30" w="876" /></phr><phr n="SKIP"><ent r="100" t="31" w="272" /><ent r="65" t="31" w="274" /><ent r="83" t="31" w="2786" /><ent r="5" t="31" w="2793" /><ent r="5" t="31" w="3294" /></phr><phr n="Skipping"><ent r="3" t="31" w="3963" /></phr><phr n="skips"><ent r="3" t="31" w="4115" /></phr></stem><stem n="stor"><phr n="STOR"><ent r="3" t="30" w="879" /><ent r="3" t="30" w="882" /><ent r="3" t="30" w="898" /><ent r="3" t="30" w="914" /><ent r="4" t="30" w="1269" /><ent r="100" t="31" w="718" /><ent r="65" t="31" w="720" /><ent r="5" t="31" w="2625" /><ent r="83" t="31" w="2959" /><ent r="5" t="31" w="2965" /><ent r="5" t="31" w="3013" /><ent r="5" t="31" w="3042" /></phr></stem><stem n="&quot;var1&quot;"><phr n="&quot;var1&quot;"><ent r="3" t="30" w="884" /></phr></stem><stem n="&quot;var2=([0-9]+)&quot;i"><phr n="&quot;var2=([0-9]+)&quot;i"><ent r="3" t="30" w="893" /></phr></stem><stem n="@blah"><phr n="@BLAH"><ent r="3" t="30" w="896" /><ent r="3" t="30" w="912" /></phr></stem><stem n="&quot;var2&quot;"><phr n="&quot;var2&quot;"><ent r="3" t="30" w="900" /></phr></stem><stem n="&quot;var3=([0-9]+)&quot;i"><phr n="&quot;var3=([0-9]+)&quot;i"><ent r="3" t="30" w="909" /></phr></stem><stem n="&quot;var3&quot;"><phr n="&quot;var3&quot;"><ent r="3" t="30" w="916" /></phr></stem><stem n="regex"><phr n="Regex"><ent r="3" t="30" w="921" /></phr></stem><stem n="|"><phr n="|"><ent r="3" t="30" w="927" /><ent r="65" t="31" w="394" /><ent r="3" t="31" w="1209" /><ent r="3" t="31" w="1211" /><ent r="3" t="31" w="1213" /><ent r="83" t="31" w="1686" /><ent r="3" t="31" w="2918" /><ent r="3" t="31" w="2920" /><ent r="3" t="31" w="2922" /><ent r="3" t="31" w="2924" /><ent r="4" t="37" w="542" /><ent r="3" t="47" w="559" /><ent r="3" t="47" w="581" /><ent r="3" t="47" w="595" /><ent r="3" t="47" w="701" /><ent r="3" t="47" w="706" /><ent r="3" t="47" w="712" /><ent r="3" t="47" w="754" /><ent r="3" t="47" w="759" /><ent r="3" t="47" w="765" /></phr></stem><stem n="#"><phr n="#"><ent r="4" t="30" w="948" /><ent r="4" t="30" w="1014" /><ent r="4" t="31" w="520" /><ent r="4" t="31" w="573" /><ent r="82" t="31" w="1587" /><ent r="83" t="31" w="2175" /><ent r="3" t="31" w="2210" /><ent r="4" t="31" w="2257" /><ent r="3" t="34" w="273" /><ent r="3" t="34" w="569" /><ent r="3" t="34" w="591" /><ent r="3" t="35" w="25" /><ent r="3" t="35" w="38" /><ent r="3" t="35" w="52" /><ent r="3" t="36" w="224" /><ent r="3" t="36" w="233" /><ent r="3" t="36" w="268" /><ent r="3" t="47" w="456" /><ent r="3" t="47" w="467" /><ent r="3" t="47" w="467" /><ent r="3" t="47" w="527" /><ent r="3" t="47" w="541" /><ent r="3" t="47" w="568" /><ent r="3" t="47" w="607" /><ent r="3" t="47" w="656" /><ent r="3" t="47" w="675" /><ent r="3" t="47" w="683" /><ent r="3" t="47" w="743" /><ent r="3" t="47" w="749" /><ent r="3" t="47" w="755" /><ent r="3" t="47" w="760" /><ent r="3" t="47" w="766" /><ent r="3" t="47" w="796" /><ent r="3" t="47" w="828" /><ent r="3" t="47" w="856" /><ent r="3" t="57" w="92" /><ent r="3" t="57" w="95" /></phr></stem><stem n="#30"><phr n="#30"><ent r="3" t="30" w="958" /><ent r="3" t="30" w="1157" /><ent r="3" t="31" w="3399" /><ent r="3" t="31" w="3627" /></phr></stem><stem n="('+'"><phr n="('+'"><ent r="4" t="30" w="1011" /></phr></stem><stem n="'-')"><phr n="'-')"><ent r="4" t="30" w="1012" /></phr></stem><stem n="#+2"><phr n="#+2"><ent r="3" t="30" w="1027" /><ent r="3" t="30" w="1225" /><ent r="3" t="31" w="3521" /><ent r="3" t="31" w="3564" /><ent r="3" t="31" w="3974" /><ent r="3" t="32" w="495" /><ent r="3" t="32" w="513" /><ent r="3" t="32" w="531" /><ent r="3" t="32" w="549" /></phr></stem><stem n="+2"><phr n="+2"><ent r="3" t="30" w="1027" /><ent r="3" t="30" w="1225" /><ent r="3" t="31" w="3521" /><ent r="3" t="31" w="3564" /><ent r="3" t="31" w="3974" /><ent r="3" t="32" w="495" /><ent r="3" t="32" w="513" /><ent r="3" t="32" w="531" /><ent r="3" t="32" w="549" /></phr></stem><stem n="marker"><phr n="marker"><ent r="3" t="30" w="1095" /></phr></stem><stem n="label_nam"><phr n="Label_name"><ent r="100" t="30" w="1113" /><ent r="100" t="30" w="1112" /></phr><phr n="label_name"><ent r="3" t="30" w="1116" /><ent r="3" t="30" w="1115" /></phr></stem><stem n="@label_nam"><phr n="@label_name"><ent r="3" t="30" w="1116" /></phr></stem><stem n="@idl"><phr n="@IDLE"><ent r="3" t="30" w="1130" /><ent r="3" t="30" w="1161" /><ent r="3" t="32" w="476" /></phr></stem><stem n=":jump"><phr n=":Jumping"><ent r="100" t="30" w="1135" /></phr></stem><stem n=":transfer"><phr n=":Transfer"><ent r="100" t="30" w="1165" /></phr></stem><stem n="transfer"><phr n="Transfer"><ent r="100" t="30" w="1165" /><ent r="100" t="30" w="1168" /><ent r="100" t="30" w="1171" /><ent r="82" t="30" w="1181" /></phr><phr n="transfer"><ent r="3" t="31" w="2682" /></phr></stem><stem n="+n"><phr n="+n"><ent r="3" t="30" w="1201" /></phr></stem><stem n="&quot;#+n&quot;"><phr n="&quot;#+n&quot;"><ent r="3" t="30" w="1202" /></phr></stem><stem n="&quot;#-n&quot;"><phr n="&quot;#-n&quot;"><ent r="3" t="30" w="1204" /></phr></stem><stem n="(respectively)."><phr n="(respectively)."><ent r="3" t="30" w="1214" /></phr></stem><stem n="&quot;${warn"><phr n="&quot;${WARN"><ent r="3" t="30" w="1222" /><ent r="3" t="32" w="510" /></phr></stem><stem n="}&quot;"><phr n="}&quot;"><ent r="3" t="30" w="1224" /><ent r="3" t="32" w="494" /><ent r="3" t="32" w="512" /><ent r="3" t="32" w="530" /><ent r="3" t="32" w="548" /></phr></stem><stem n="param"><phr n="Param"><ent r="100" t="30" w="1256" /></phr></stem><stem n="nadd"><phr n="NADD"><ent r="4" t="30" w="1270" /><ent r="100" t="31" w="756" /><ent r="65" t="31" w="758" /><ent r="83" t="31" w="2052" /><ent r="5" t="31" w="2058" /><ent r="5" t="31" w="2107" /></phr></stem><stem n="dollar"><phr n="dollar"><ent r="4" t="30" w="1281" /></phr></stem><stem n="($),"><phr n="($),"><ent r="4" t="30" w="1284" /></phr></stem><stem n="{password}"><phr n="{Password}"><ent r="3" t="30" w="1318" /></phr><phr n="{password}"><ent r="3" t="30" w="1321" /></phr></stem><stem n="prevent"><phr n="prevent"><ent r="4" t="30" w="1364" /><ent r="3" t="44" w="453" /><ent r="4" t="54" w="220" /></phr><phr n="Preventing"><ent r="100" t="54" w="108" /><ent r="100" t="54" w="110" /><ent r="92" t="54" w="118" /></phr></stem><stem n="confus"><phr n="confusion"><ent r="4" t="30" w="1365" /></phr></stem><stem n="user-defin"><phr n="user-defined"><ent r="4" t="30" w="1367" /></phr></stem><stem n="side"><phr n="side"><ent r="5" t="30" w="1392" /><ent r="5" t="30" w="1408" /><ent r="5" t="30" w="1423" /><ent r="5" t="30" w="1438" /><ent r="6" t="55" w="709" /><ent r="6" t="55" w="725" /></phr></stem><stem n="ephemer"><phr n="ephemeral"><ent r="5" t="30" w="1444" /></phr></stem><stem n="gmt"><phr n="GMT"><ent r="100" t="30" w="1449" /><ent r="5" t="30" w="1459" /></phr></stem><stem n="3.5b4"><phr n="3.5b4"><ent r="5" t="30" w="1477" /><ent r="5" t="30" w="1476" /></phr></stem><stem n="5b4"><phr n="5b4"><ent r="5" t="30" w="1477" /></phr></stem><stem n="&quot;3.5b4&quot;)."><phr n="&quot;3.5b4&quot;)."><ent r="5" t="30" w="1478" /></phr></stem><stem n="(to"><phr n="(to"><ent r="5" t="30" w="1513" /></phr></stem><stem n="popul"><phr n="populated"><ent r="3" t="30" w="1563" /></phr></stem><stem n="&lt;line&gt;"><phr n="&lt;line&gt;"><ent r="6" t="30" w="1609" /></phr></stem><stem n="{_line:&lt;line&gt;}"><phr n="{_LINE:&lt;line&gt;}"><ent r="6" t="30" w="1610" /></phr></stem><stem n="&lt;num&gt;"><phr n="&lt;num&gt;"><ent r="5" t="30" w="1613" /></phr></stem><stem n="&lt;param&gt;"><phr n="&lt;param&gt;"><ent r="6" t="30" w="1625" /><ent r="6" t="30" w="1645" /><ent r="5" t="30" w="1650" /></phr></stem><stem n="{_base64:&lt;param&gt;}"><phr n="{_BASE64:&lt;param&gt;}"><ent r="6" t="30" w="1626" /></phr></stem><stem n="-64"><phr n="-64"><ent r="100" t="30" w="1627" /><ent r="100" t="30" w="1627" /><ent r="5" t="30" w="1631" /><ent r="5" t="30" w="1631" /></phr></stem><stem n="base-64"><phr n="Base-64"><ent r="100" t="30" w="1627" /><ent r="5" t="30" w="1631" /></phr></stem><stem n="&quot;:&quot;."><phr n="&quot;:&quot;."><ent r="5" t="30" w="1640" /><ent r="6" t="33" w="1039" /><ent r="3" t="55" w="44" /></phr></stem><stem n="{_cvspassword:&lt;param&gt;}"><phr n="{_CVSPASSWORD:&lt;param&gt;}"><ent r="6" t="30" w="1646" /></phr></stem><stem n="pserver"><phr n="pserver"><ent r="5" t="30" w="1660" /></phr></stem><stem n="unexpect"><phr n="Unexpected"><ent r="100" t="30" w="1667" /><ent r="3" t="30" w="1909" /><ent r="3" t="31" w="3502" /><ent r="3" t="31" w="3548" /><ent r="3" t="31" w="3589" /><ent r="3" t="31" w="3604" /><ent r="3" t="31" w="3996" /></phr><phr n="unexpected"><ent r="3" t="30" w="1682" /><ent r="3" t="30" w="1707" /><ent r="3" t="31" w="4021" /></phr></stem><stem n="malform"><phr n="malformed"><ent r="3" t="30" w="1678" /></phr></stem><stem n="-exist"><phr n="-existent"><ent r="3" t="30" w="1693" /><ent r="3" t="30" w="1693" /><ent r="3" t="39" w="537" /><ent r="3" t="39" w="537" /></phr></stem><stem n="non-exist"><phr n="non-existent"><ent r="3" t="30" w="1693" /><ent r="3" t="39" w="537" /></phr></stem><stem n="&quot;down&quot;"><phr n="&quot;DOWN&quot;"><ent r="3" t="30" w="1754" /></phr></stem><stem n="succe"><phr n="succeeds"><ent r="3" t="30" w="1765" /></phr></stem><stem n="220"><phr n="220"><ent r="3" t="30" w="1773" /><ent r="3" t="30" w="1786" /><ent r="3" t="31" w="1513" /><ent r="3" t="31" w="3404" /><ent r="3" t="31" w="3677" /><ent r="3" t="31" w="3694" /><ent r="3" t="31" w="3709" /><ent r="3" t="31" w="3716" /><ent r="3" t="31" w="3725" /><ent r="3" t="31" w="3735" /><ent r="3" t="31" w="3747" /><ent r="3" t="31" w="3756" /><ent r="3" t="31" w="3816" /></phr></stem><stem n="&quot;220&quot;."><phr n="&quot;220&quot;."><ent r="3" t="30" w="1774" /></phr></stem><stem n="&quot;220&quot;"><phr n="&quot;220&quot;"><ent r="3" t="30" w="1787" /><ent r="3" t="31" w="3695" /></phr></stem><stem n="#3"><phr n="#3"><ent r="3" t="30" w="1788" /><ent r="5" t="31" w="2109" /></phr></stem><stem n="&quot;idle&quot;"><phr n="&quot;idle&quot;"><ent r="3" t="30" w="1807" /></phr></stem><stem n="&quot;331"><phr n="&quot;331"><ent r="3" t="30" w="1896" /><ent r="3" t="30" w="1899" /><ent r="3" t="30" w="1903" /></phr></stem><stem n="331"><phr n="331"><ent r="3" t="30" w="1896" /><ent r="3" t="30" w="1899" /><ent r="3" t="30" w="1903" /><ent r="3" t="31" w="1981" /><ent r="3" t="31" w="3425" /><ent r="3" t="31" w="3907" /><ent r="3" t="31" w="3922" /></phr></stem><stem n="#14"><phr n="#14"><ent r="3" t="30" w="1897" /><ent r="3" t="30" w="1901" /><ent r="3" t="30" w="1908" /><ent r="3" t="31" w="1514" /><ent r="3" t="31" w="3409" /><ent r="3" t="31" w="3682" /><ent r="3" t="31" w="3817" /><ent r="3" t="31" w="3821" /></phr></stem><stem n="-1-"><phr n="-1-"><ent r="3" t="30" w="1906" /><ent r="3" t="30" w="1907" /><ent r="3" t="31" w="3407" /><ent r="3" t="31" w="3408" /><ent r="3" t="31" w="3511" /><ent r="3" t="31" w="3512" /><ent r="3" t="31" w="3680" /><ent r="3" t="31" w="3681" /></phr></stem><stem n="1-"><phr n="1-"><ent r="3" t="30" w="1906" /><ent r="3" t="31" w="3407" /><ent r="3" t="31" w="3511" /><ent r="3" t="31" w="3680" /><ent r="3" t="31" w="3772" /><ent r="3" t="31" w="3794" /><ent r="3" t="31" w="3826" /></phr></stem><stem n="greater"><phr n="Greater"><ent r="100" t="31" w="7" /></phr><phr n="greater"><ent r="4" t="31" w="577" /><ent r="3" t="31" w="2214" /><ent r="4" t="31" w="2244" /><ent r="3" t="41" w="722" /></phr></stem><stem n="noop"><phr n="NOOP"><ent r="100" t="31" w="10" /><ent r="100" t="31" w="3451" /><ent r="3" t="31" w="3455" /><ent r="3" t="31" w="3607" /></phr></stem><stem n="noop/r"><phr n="NOOP/r"><ent r="100" t="31" w="11" /><ent r="100" t="31" w="10" /></phr></stem><stem n="/r/n"><phr n="/r/n"><ent r="100" t="31" w="12" /><ent r="100" t="31" w="19" /></phr></stem><stem n="noop/r/n"><phr n="NOOP/r/n"><ent r="100" t="31" w="12" /><ent r="100" t="31" w="10" /></phr></stem><stem n="quit/r"><phr n="QUIT/r"><ent r="100" t="31" w="18" /><ent r="100" t="31" w="17" /></phr></stem><stem n="quit/r/n"><phr n="QUIT/r/n"><ent r="100" t="31" w="19" /><ent r="100" t="31" w="17" /></phr></stem><stem n=":line"><phr n=":LINE"><ent r="100" t="31" w="22" /></phr></stem><stem n="strt"><phr n="STRT"><ent r="100" t="31" w="30" /><ent r="100" t="31" w="782" /><ent r="65" t="31" w="784" /><ent r="4" t="31" w="841" /><ent r="83" t="31" w="3075" /><ent r="5" t="31" w="3079" /><ent r="5" t="31" w="3105" /><ent r="3" t="31" w="3138" /><ent r="6" t="31" w="3164" /><ent r="6" t="31" w="3173" /><ent r="100" t="42" w="223" /><ent r="6" t="42" w="225" /></phr></stem><stem n="greet"><phr n="Greetings"><ent r="100" t="31" w="33" /><ent r="100" t="31" w="2730" /><ent r="4" t="31" w="2733" /><ent r="3" t="31" w="2740" /></phr><phr n="greeting"><ent r="3" t="31" w="3503" /></phr><phr n="greet"><ent r="3" t="31" w="3697" /></phr></stem><stem n="!/r/n"><phr n="!/r/n"><ent r="100" t="31" w="35" /></phr></stem><stem n=":branch"><phr n=":Branch"><ent r="100" t="31" w="50" /></phr></stem><stem n=":probe"><phr n=":Probe"><ent r="100" t="31" w="55" /></phr><phr n=":probes"><ent r="100" t="33" w="10" /></phr></stem><stem n=":ftp"><phr n=":FTP"><ent r="100" t="31" w="104" /><ent r="100" t="31" w="112" /><ent r="100" t="31" w="3858" /></phr></stem><stem n="login"><phr n="Login"><ent r="100" t="31" w="106" /><ent r="64" t="31" w="119" /><ent r="92" t="31" w="3387" /></phr><phr n="login"><ent r="100" t="31" w="3569" /><ent r="3" t="31" w="3579" /><ent r="3" t="47" w="307" /><ent r="3" t="47" w="314" /><ent r="4" t="47" w="364" /></phr></stem><stem n="(login)"><phr n="(Login)"><ent r="64" t="31" w="120" /><ent r="92" t="31" w="3388" /></phr></stem><stem n="/o"><phr n="/O"><ent r="100" t="31" w="125" /><ent r="92" t="31" w="130" /></phr></stem><stem n="i/o"><phr n="I/O"><ent r="100" t="31" w="125" /><ent r="100" t="31" w="124" /><ent r="92" t="31" w="130" /><ent r="92" t="31" w="129" /></phr></stem><stem n="(from"><phr n="(from"><ent r="3" t="31" w="170" /><ent r="4" t="33" w="750" /></phr></stem><stem n="stat"><phr n="STAT"><ent r="100" t="31" w="193" /><ent r="6" t="31" w="510" /><ent r="65" t="31" w="661" /><ent r="7" t="31" w="1380" /><ent r="83" t="31" w="2866" /><ent r="5" t="31" w="2875" /><ent r="100" t="31" w="2929" /><ent r="3" t="31" w="2932" /><ent r="5" t="31" w="2944" /></phr></stem><stem n="-read"><phr n="-read"><ent r="3" t="31" w="199" /><ent r="3" t="31" w="199" /></phr></stem><stem n="recently-read"><phr n="recently-read"><ent r="3" t="31" w="199" /></phr></stem><stem n="telnet"><phr n="Telnet"><ent r="100" t="31" w="240" /><ent r="100" t="31" w="278" /><ent r="100" t="31" w="320" /><ent r="100" t="31" w="323" /><ent r="4" t="31" w="347" /><ent r="3" t="31" w="958" /><ent r="100" t="31" w="1034" /><ent r="3" t="31" w="1064" /><ent r="3" t="31" w="1069" /><ent r="100" t="40" w="1197" /><ent r="100" t="40" w="1206" /><ent r="100" t="55" w="828" /><ent r="5" t="55" w="843" /></phr><phr n="telnet"><ent r="100" t="31" w="326" /><ent r="3" t="31" w="1074" /><ent r="72" t="40" w="1202" /><ent r="3" t="40" w="1217" /><ent r="3" t="40" w="1224" /><ent r="5" t="55" w="836" /></phr><phr n="TELNET"><ent r="65" t="31" w="332" /><ent r="83" t="31" w="934" /><ent r="4" t="31" w="1023" /><ent r="3" t="31" w="1041" /></phr></stem><stem n=":incom"><phr n=":incoming"><ent r="100" t="31" w="241" /></phr></stem><stem n=":ignor"><phr n=":ignore"><ent r="100" t="31" w="279" /></phr></stem><stem n="disc"><phr n="DISC"><ent r="100" t="31" w="293" /><ent r="65" t="31" w="297" /><ent r="83" t="31" w="1114" /><ent r="5" t="31" w="1120" /></phr></stem><stem n="discfail"><phr n="Discfail"><ent r="100" t="31" w="295" /></phr><phr n="discfail"><ent r="65" t="31" w="298" /><ent r="65" t="31" w="690" /><ent r="65" t="31" w="847" /><ent r="83" t="31" w="1115" /><ent r="83" t="31" w="3192" /><ent r="4" t="31" w="3325" /></phr></stem><stem n="#discfail"><phr n="#discfail"><ent r="65" t="31" w="298" /><ent r="65" t="31" w="690" /><ent r="65" t="31" w="847" /><ent r="83" t="31" w="1115" /><ent r="83" t="31" w="3192" /></phr></stem><stem n="suddenli"><phr n="suddenly"><ent r="4" t="31" w="315" /><ent r="3" t="31" w="1138" /></phr></stem><stem n=":telnet"><phr n=":Telnet"><ent r="100" t="31" w="323" /></phr><phr n=":telnet"><ent r="100" t="31" w="326" /></phr></stem><stem n="#timeout"><phr n="#timeout"><ent r="65" t="31" w="331" /><ent r="83" t="31" w="933" /></phr></stem><stem n="[&quot;telnet&quot;]"><phr n="[&quot;TELNET&quot;]"><ent r="65" t="31" w="333" /><ent r="83" t="31" w="935" /></phr></stem><stem n="rcon"><phr n="RCON"><ent r="4" t="31" w="350" /></phr></stem><stem n="reconnect"><phr n="reconnects"><ent r="4" t="31" w="351" /></phr></stem><stem n="_timeout"><phr n="_timeout"><ent r="100" t="31" w="362" /></phr></stem><stem n="connect_timeout"><phr n="Connect_timeout"><ent r="100" t="31" w="362" /><ent r="100" t="31" w="361" /></phr><phr n="connect_timeout"><ent r="65" t="31" w="371" /><ent r="65" t="31" w="370" /><ent r="83" t="31" w="2431" /><ent r="83" t="31" w="2430" /><ent r="3" t="31" w="2491" /><ent r="3" t="31" w="2490" /></phr></stem><stem n="_num"><phr n="_num"><ent r="100" t="31" w="365" /></phr></stem><stem n="port_num"><phr n="Port_num"><ent r="100" t="31" w="365" /><ent r="100" t="31" w="364" /></phr><phr n="port_num"><ent r="65" t="31" w="369" /><ent r="65" t="31" w="368" /><ent r="83" t="31" w="2429" /><ent r="83" t="31" w="2428" /></phr></stem><stem n="#port_num"><phr n="#port_num"><ent r="65" t="31" w="369" /><ent r="83" t="31" w="2429" /></phr></stem><stem n="#connect_timeout"><phr n="#connect_timeout"><ent r="65" t="31" w="371" /><ent r="83" t="31" w="2431" /><ent r="3" t="31" w="2491" /></phr></stem><stem n="dialog"><phr n="dialog"><ent r="4" t="31" w="388" /><ent r="3" t="31" w="2459" /></phr></stem><stem n="[on"><phr n="[ON"><ent r="65" t="31" w="393" /><ent r="83" t="31" w="1685" /></phr></stem><stem n="raw"><phr n="raw"><ent r="4" t="31" w="409" /><ent r="3" t="31" w="1708" /><ent r="4" t="31" w="1794" /></phr></stem><stem n="buffer"><phr n="Buffer"><ent r="100" t="31" w="414" /></phr><phr n="buffer"><ent r="4" t="31" w="419" /><ent r="4" t="31" w="1819" /><ent r="3" t="31" w="1865" /><ent r="3" t="31" w="2366" /></phr></stem><stem n="-receiv"><phr n="-received"><ent r="4" t="31" w="430" /><ent r="4" t="31" w="430" /><ent r="3" t="31" w="2385" /><ent r="3" t="31" w="2385" /></phr></stem><stem n="newli"><phr n="newly"><ent r="4" t="31" w="430" /><ent r="3" t="31" w="2385" /></phr></stem><stem n="newly-receiv"><phr n="newly-received"><ent r="4" t="31" w="430" /><ent r="3" t="31" w="2385" /></phr></stem><stem n="chck"><phr n="CHCK"><ent r="100" t="31" w="464" /><ent r="65" t="31" w="466" /><ent r="83" t="31" w="873" /><ent r="5" t="31" w="880" /></phr></stem><stem n="non-empti"><phr n="non-empty"><ent r="4" t="31" w="474" /><ent r="3" t="31" w="888" /></phr></stem><stem n="-empty."><phr n="-empty."><ent r="4" t="31" w="476" /><ent r="4" t="31" w="476" /><ent r="3" t="31" w="890" /><ent r="3" t="31" w="890" /></phr></stem><stem n=":done"><phr n=":DONE"><ent r="100" t="31" w="478" /></phr></stem><stem n="[&quot;message&quot;]"><phr n="[&quot;message&quot;]"><ent r="65" t="31" w="487" /><ent r="65" t="31" w="664" /><ent r="83" t="31" w="1179" /><ent r="83" t="31" w="2871" /></phr></stem><stem n="previous"><phr n="previously"><ent r="4" t="31" w="507" /></phr></stem><stem n="#statement"><phr n="#statement"><ent r="65" t="31" w="534" /><ent r="4" t="31" w="1641" /></phr></stem><stem n="nbgt"><phr n="NBGT"><ent r="100" t="31" w="544" /><ent r="65" t="31" w="546" /><ent r="83" t="31" w="2174" /><ent r="5" t="31" w="2184" /><ent r="5" t="31" w="2222" /></phr></stem><stem n="#arg1"><phr n="#arg1"><ent r="65" t="31" w="547" /><ent r="65" t="31" w="586" /><ent r="83" t="31" w="2275" /></phr></stem><stem n="arg1"><phr n="arg1"><ent r="65" t="31" w="547" /><ent r="5" t="31" w="574" /><ent r="65" t="31" w="586" /><ent r="65" t="31" w="625" /><ent r="84" t="31" w="2176" /><ent r="4" t="31" w="2211" /><ent r="5" t="31" w="2224" /><ent r="5" t="31" w="2241" /><ent r="83" t="31" w="2275" /><ent r="3" t="31" w="2323" /><ent r="4" t="31" w="2340" /><ent r="83" t="31" w="2512" /><ent r="5" t="31" w="2559" /><ent r="5" t="31" w="2576" /></phr></stem><stem n="#arg2"><phr n="#arg2"><ent r="65" t="31" w="548" /><ent r="5" t="31" w="580" /><ent r="65" t="31" w="587" /><ent r="84" t="31" w="2177" /><ent r="4" t="31" w="2217" /><ent r="83" t="31" w="2276" /></phr></stem></index>