﻿<?xml version="1.0" encoding="utf-8"?><index><stem n=":$password&quot;"><phr n=":$password&quot;"><ent r="3" t="47" w="526" /></phr></stem><stem n="fi"><phr n="fi"><ent r="3" t="47" w="526" /><ent r="3" t="47" w="826" /></phr></stem><stem n="etc/init"><phr n="etc/init"><ent r="3" t="47" w="537" /><ent r="3" t="47" w="536" /><ent r="3" t="47" w="859" /><ent r="3" t="47" w="858" /></phr></stem><stem n="init"><phr n="init"><ent r="3" t="47" w="537" /><ent r="3" t="47" w="859" /></phr></stem><stem n="etc/init.d"><phr n="etc/init.d"><ent r="3" t="47" w="538" /><ent r="3" t="47" w="536" /><ent r="3" t="47" w="860" /><ent r="3" t="47" w="858" /></phr></stem><stem n="#/etc/init.d/intermapperd"><phr n="#/etc/init.d/intermapperd"><ent r="3" t="47" w="539" /><ent r="3" t="47" w="861" /></phr></stem><stem n="etc/init.d/intermapperd"><phr n="etc/init.d/intermapperd"><ent r="3" t="47" w="539" /><ent r="3" t="47" w="536" /><ent r="3" t="47" w="861" /><ent r="3" t="47" w="858" /></phr></stem><stem n="intermapperd"><phr n="intermapperd"><ent r="3" t="47" w="539" /><ent r="3" t="47" w="861" /></phr></stem><stem n="topdir"><phr n="topdirs"><ent r="3" t="47" w="550" /></phr></stem><stem n="=$(curl"><phr n="=$(curl"><ent r="3" t="47" w="552" /><ent r="3" t="47" w="577" /></phr></stem><stem n="$auth"><phr n="$auth"><ent r="3" t="47" w="553" /><ent r="3" t="47" w="578" /><ent r="3" t="47" w="667" /><ent r="3" t="47" w="846" /></phr></stem><stem n="-s"><phr n="-s"><ent r="3" t="47" w="554" /><ent r="3" t="47" w="554" /><ent r="3" t="47" w="579" /><ent r="3" t="47" w="579" /><ent r="3" t="47" w="668" /><ent r="3" t="47" w="668" /><ent r="3" t="47" w="847" /><ent r="3" t="47" w="847" /></phr></stem><stem n="$remot"><phr n="$remote"><ent r="3" t="47" w="556" /><ent r="3" t="47" w="850" /></phr></stem><stem n="$port"><phr n="$port"><ent r="3" t="47" w="557" /><ent r="3" t="47" w="851" /></phr></stem><stem n="://$remote:$port/~fil"><phr n="://$remote:$port/~files"><ent r="3" t="47" w="558" /></phr></stem><stem n="$port/~fil"><phr n="$port/~files"><ent r="3" t="47" w="558" /><ent r="3" t="47" w="557" /><ent r="3" t="47" w="852" /><ent r="3" t="47" w="851" /></phr></stem><stem n="'\r'"><phr n="'\r'"><ent r="3" t="47" w="562" /><ent r="3" t="47" w="584" /></phr></stem><stem n="'\n')"><phr n="'\n')"><ent r="3" t="47" w="563" /><ent r="3" t="47" w="585" /></phr></stem><stem n="dir"><phr n="dir"><ent r="3" t="47" w="564" /></phr></stem><stem n="$topdir"><phr n="$topdirs"><ent r="3" t="47" w="566" /></phr></stem><stem n="filelist"><phr n="filelist"><ent r="3" t="47" w="575" /></phr></stem><stem n="$dir"><phr n="$dir"><ent r="3" t="47" w="580" /><ent r="3" t="47" w="588" /></phr></stem><stem n="webdir"><phr n="webdir"><ent r="3" t="47" w="585" /></phr></stem><stem n="=$(basenam"><phr n="=$(basename"><ent r="3" t="47" w="587" /><ent r="3" t="47" w="673" /></phr></stem><stem n="&quot;process"><phr n="&quot;Processing"><ent r="3" t="47" w="590" /></phr></stem><stem n="$webdir"><phr n="$webdir"><ent r="3" t="47" w="591" /><ent r="3" t="47" w="618" /></phr></stem><stem n="localdir"><phr n="localdir"><ent r="3" t="47" w="592" /><ent r="3" t="47" w="621" /><ent r="3" t="47" w="625" /><ent r="3" t="47" w="628" /><ent r="3" t="47" w="632" /><ent r="3" t="47" w="635" /><ent r="3" t="47" w="638" /><ent r="3" t="47" w="642" /><ent r="3" t="47" w="645" /><ent r="3" t="47" w="648" /></phr></stem><stem n="$filelist"><phr n="$filelist"><ent r="3" t="47" w="594" /><ent r="3" t="47" w="654" /></phr></stem><stem n="&quot;doe"><phr n="&quot;does"><ent r="3" t="47" w="597" /></phr></stem><stem n="dev"><phr n="dev"><ent r="3" t="47" w="601" /></phr></stem><stem n="/dev/nul"><phr n="/dev/null"><ent r="3" t="47" w="602" /></phr></stem><stem n="dev/nul"><phr n="dev/null"><ent r="3" t="47" w="602" /><ent r="3" t="47" w="601" /></phr></stem><stem n="=&quot;custom"><phr n="=&quot;Custom"><ent r="3" t="47" w="622" /></phr></stem><stem n="=&quot;sounds&quot;"><phr n="=&quot;Sounds&quot;"><ent r="3" t="47" w="627" /></phr></stem><stem n="=&quot;mib"><phr n="=&quot;MIB"><ent r="3" t="47" w="629" /></phr></stem><stem n="=&quot;probes&quot;"><phr n="=&quot;Probes&quot;"><ent r="3" t="47" w="634" /></phr></stem><stem n="=&quot;tools&quot;"><phr n="=&quot;Tools&quot;"><ent r="3" t="47" w="637" /></phr></stem><stem n="=&quot;web"><phr n="=&quot;Web"><ent r="3" t="47" w="639" /></phr></stem><stem n="&quot;;;"><phr n="&quot;;;"><ent r="3" t="47" w="641" /></phr></stem><stem n="=&quot;fonts&quot;"><phr n="=&quot;Fonts&quot;"><ent r="3" t="47" w="644" /></phr></stem><stem n="=&quot;extensions&quot;"><phr n="=&quot;Extensions&quot;"><ent r="3" t="47" w="647" /></phr></stem><stem n="=&quot;maps&quot;"><phr n="=&quot;Maps&quot;"><ent r="3" t="47" w="650" /></phr></stem><stem n="$file"><phr n="$file"><ent r="3" t="47" w="670" /><ent r="3" t="47" w="674" /><ent r="3" t="47" w="821" /></phr></stem><stem n="real"><phr n="real"><ent r="3" t="47" w="681" /></phr></stem><stem n="do.homeunix"><phr n="do.homeunix"><ent r="3" t="47" w="687" /><ent r="3" t="47" w="686" /></phr></stem><stem n="homeunix"><phr n="homeunix"><ent r="3" t="47" w="687" /></phr></stem><stem n="do.homeunix.org"><phr n="do.homeunix.org"><ent r="3" t="47" w="688" /><ent r="3" t="47" w="686" /></phr></stem><stem n="do.homeunix.org/urldecod"><phr n="do.homeunix.org/UrlDecoding"><ent r="3" t="47" w="689" /><ent r="3" t="47" w="686" /></phr></stem><stem n="urldecod"><phr n="UrlDecoding"><ent r="3" t="47" w="689" /></phr></stem><stem n="://do.homeunix.org/urldecoding.html"><phr n="://do.homeunix.org/UrlDecoding.html"><ent r="3" t="47" w="690" /></phr></stem><stem n="do.homeunix.org/urldecoding.html"><phr n="do.homeunix.org/UrlDecoding.html"><ent r="3" t="47" w="690" /><ent r="3" t="47" w="686" /></phr></stem><stem n="local_filenam"><phr n="local_filename"><ent r="3" t="47" w="697" /><ent r="3" t="47" w="696" /><ent r="3" t="47" w="750" /><ent r="3" t="47" w="749" /></phr></stem><stem n="local_$"><phr n="local_$"><ent r="3" t="47" w="698" /><ent r="3" t="47" w="696" /><ent r="3" t="47" w="751" /><ent r="3" t="47" w="749" /><ent r="3" t="47" w="804" /><ent r="3" t="47" w="802" /></phr></stem><stem n="_filename=$(echo"><phr n="_filename=$(echo"><ent r="3" t="47" w="699" /><ent r="3" t="47" w="752" /></phr></stem><stem n="$filenam"><phr n="$filename"><ent r="3" t="47" w="700" /><ent r="3" t="47" w="753" /></phr></stem><stem n="\"><phr n="\"><ent r="3" t="47" w="702" /><ent r="3" t="47" w="707" /><ent r="3" t="47" w="713" /><ent r="3" t="47" w="755" /><ent r="3" t="47" w="760" /><ent r="3" t="47" w="766" /></phr></stem><stem n="s/+"><phr n="s/+"><ent r="3" t="47" w="704" /><ent r="3" t="47" w="703" /><ent r="3" t="47" w="757" /><ent r="3" t="47" w="756" /></phr></stem><stem n="s/+/"><phr n="s/+/"><ent r="3" t="47" w="704" /><ent r="3" t="47" w="703" /><ent r="3" t="47" w="757" /><ent r="3" t="47" w="756" /></phr></stem><stem n="'s/+/"><phr n="'s/+/"><ent r="3" t="47" w="705" /><ent r="3" t="47" w="758" /></phr></stem><stem n="/g'|"><phr n="/g'|"><ent r="3" t="47" w="706" /><ent r="3" t="47" w="759" /></phr></stem><stem n="g'|"><phr n="g'|"><ent r="3" t="47" w="706" /><ent r="3" t="47" w="705" /><ent r="3" t="47" w="759" /><ent r="3" t="47" w="758" /></phr></stem><stem n="'s/\%0[dd]//g'"><phr n="'s/\%0[dD]//g'"><ent r="3" t="47" w="712" /><ent r="3" t="47" w="765" /></phr></stem><stem n="0-9a"><phr n="0-9a"><ent r="3" t="47" w="717" /><ent r="3" t="47" w="721" /><ent r="3" t="47" w="770" /><ent r="3" t="47" w="774" /></phr></stem><stem n="0-9a-fa"><phr n="0-9a-fA"><ent r="3" t="47" w="717" /><ent r="3" t="47" w="721" /><ent r="3" t="47" w="770" /><ent r="3" t="47" w="774" /></phr></stem><stem n="0-9a-fa-f"><phr n="0-9a-fA-F"><ent r="3" t="47" w="717" /><ent r="3" t="47" w="721" /><ent r="3" t="47" w="770" /><ent r="3" t="47" w="774" /></phr></stem><stem n="9a"><phr n="9a"><ent r="3" t="47" w="718" /><ent r="3" t="47" w="722" /><ent r="3" t="47" w="771" /><ent r="3" t="47" w="775" /></phr></stem><stem n="9a-fa"><phr n="9a-fA"><ent r="3" t="47" w="718" /><ent r="3" t="47" w="722" /><ent r="3" t="47" w="771" /><ent r="3" t="47" w="775" /></phr></stem><stem n="9a-fa-f"><phr n="9a-fA-F"><ent r="3" t="47" w="718" /><ent r="3" t="47" w="722" /><ent r="3" t="47" w="771" /><ent r="3" t="47" w="775" /></phr></stem><stem n="fa"><phr n="fA"><ent r="3" t="47" w="719" /><ent r="3" t="47" w="723" /><ent r="3" t="47" w="772" /><ent r="3" t="47" w="776" /></phr></stem><stem n="fa-f"><phr n="fA-F"><ent r="3" t="47" w="719" /><ent r="3" t="47" w="723" /><ent r="3" t="47" w="772" /><ent r="3" t="47" w="776" /></phr></stem><stem n="$0,1"><phr n="$0,1"><ent r="3" t="47" w="728" /><ent r="3" t="47" w="727" /><ent r="3" t="47" w="781" /><ent r="3" t="47" w="780" /></phr></stem><stem n="rstart"><phr n="RSTART"><ent r="3" t="47" w="729" /><ent r="3" t="47" w="782" /></phr></stem><stem n="rstart-1"><phr n="RSTART-1"><ent r="3" t="47" w="729" /><ent r="3" t="47" w="782" /></phr></stem><stem n="$0,1,sprintf"><phr n="$0,1,sprintf"><ent r="3" t="47" w="731" /><ent r="3" t="47" w="727" /><ent r="3" t="47" w="784" /><ent r="3" t="47" w="780" /></phr></stem><stem n="strtonum"><phr n="strtonum"><ent r="3" t="47" w="733" /></phr></stem><stem n="$0,rstart+1"><phr n="$0,RSTART+1"><ent r="3" t="47" w="737" /><ent r="3" t="47" w="736" /><ent r="3" t="47" w="790" /><ent r="3" t="47" w="789" /></phr></stem><stem n="rstart+1"><phr n="RSTART+1"><ent r="3" t="47" w="737" /><ent r="3" t="47" w="790" /></phr></stem><stem n="$0,rstart+1,2"><phr n="$0,RSTART+1,2"><ent r="3" t="47" w="738" /><ent r="3" t="47" w="736" /><ent r="3" t="47" w="791" /><ent r="3" t="47" w="789" /></phr></stem><stem n="$0,rstart+3"><phr n="$0,RSTART+3"><ent r="3" t="47" w="741" /><ent r="3" t="47" w="740" /><ent r="3" t="47" w="794" /><ent r="3" t="47" w="793" /></phr></stem><stem n="rstart+3"><phr n="RSTART+3"><ent r="3" t="47" w="741" /><ent r="3" t="47" w="794" /></phr></stem><stem n="'/%/{while(match($0,/\%[0-9a-fa-f][0-9a-fa-f]/)){$0=substr($0,1,rstart-1)sprintf(&quot;%c&quot;,strtonum(&quot;0x&quot;substr($0,rstart+1,2)))substr($0,rstart+3);}}{print}')"><phr n="'/%/{while(match($0,/\%[0-9a-fA-F][0-9a-fA-F]/)){$0=substr($0,1,RSTART-1)sprintf(&quot;%c&quot;,strtonum(&quot;0x&quot;substr($0,RSTART+1,2)))substr($0,RSTART+3);}}{print}')"><ent r="3" t="47" w="743" /></phr></stem><stem n="bsd"><phr n="BSD"><ent r="3" t="47" w="747" /></phr></stem><stem n="0+"><phr n="0+"><ent r="3" t="47" w="786" /></phr></stem><stem n="'/%/{while(match($0,/\%[0-9a-fa-f][0-9a-fa-f]/)){$0=substr($0,1,rstart-1)sprintf(&quot;%c&quot;,0+(&quot;0x&quot;substr($0,rstart+1,2)))substr($0,rstart+3);}}{print}')"><phr n="'/%/{while(match($0,/\%[0-9a-fA-F][0-9a-fA-F]/)){$0=substr($0,1,RSTART-1)sprintf(&quot;%c&quot;,0+(&quot;0x&quot;substr($0,RSTART+1,2)))substr($0,RSTART+3);}}{print}')"><ent r="3" t="47" w="796" /></phr></stem><stem n="local_dirnam"><phr n="local_dirname"><ent r="3" t="47" w="803" /><ent r="3" t="47" w="802" /></phr></stem><stem n="dirnam"><phr n="dirname"><ent r="3" t="47" w="803" /><ent r="3" t="47" w="805" /><ent r="3" t="47" w="812" /></phr></stem><stem n="_dirname=$(dirnam"><phr n="_dirname=$(dirname"><ent r="3" t="47" w="805" /></phr></stem><stem n="$local"><phr n="$local"><ent r="3" t="47" w="806" /><ent r="3" t="47" w="811" /><ent r="3" t="47" w="816" /><ent r="3" t="47" w="823" /></phr></stem><stem n="$local_filenam"><phr n="$local_filename"><ent r="3" t="47" w="807" /><ent r="3" t="47" w="806" /><ent r="3" t="47" w="817" /><ent r="3" t="47" w="816" /></phr></stem><stem n="&quot;$local_filename&quot;)"><phr n="&quot;$local_filename&quot;)"><ent r="3" t="47" w="808" /><ent r="3" t="47" w="818" /></phr></stem><stem n="mkdir"><phr n="mkdir"><ent r="3" t="47" w="808" /></phr></stem><stem n="$localdir"><phr n="$localdir"><ent r="3" t="47" w="810" /><ent r="3" t="47" w="822" /></phr></stem><stem n="$localdir/$loc"><phr n="$localdir/$local"><ent r="3" t="47" w="811" /><ent r="3" t="47" w="810" /><ent r="3" t="47" w="823" /><ent r="3" t="47" w="822" /></phr></stem><stem n="$localdir/$local_dirnam"><phr n="$localdir/$local_dirname"><ent r="3" t="47" w="812" /><ent r="3" t="47" w="810" /></phr></stem><stem n="&quot;../$localdir/$local_dirname&quot;"><phr n="&quot;../$localdir/$local_dirname&quot;"><ent r="3" t="47" w="813" /></phr></stem><stem n="mv"><phr n="mv"><ent r="3" t="47" w="818" /><ent r="3" t="47" w="854" /></phr></stem><stem n="$localdir/$local_filenam"><phr n="$localdir/$local_filename"><ent r="3" t="47" w="824" /><ent r="3" t="47" w="822" /></phr></stem><stem n="&quot;../$localdir/$local_filename&quot;"><phr n="&quot;../$localdir/$local_filename&quot;"><ent r="3" t="47" w="825" /></phr></stem><stem n="://$remote:$port/~files/prefer"><phr n="://$remote:$port/~files/Preferences"><ent r="3" t="47" w="853" /></phr></stem><stem n="$port/~files/prefer"><phr n="$port/~files/Preferences"><ent r="3" t="47" w="853" /><ent r="3" t="47" w="851" /></phr></stem><stem n="../"><phr n="../"><ent r="3" t="47" w="856" /></phr></stem><stem n="postgresql"><phr n="PostgreSQL"><ent r="3" t="48" w="16" /></phr></stem><stem n="we'v"><phr n="we've"><ent r="3" t="48" w="39" /><ent r="3" t="48" w="38" /></phr></stem><stem n="crystal"><phr n="Crystal"><ent r="3" t="48" w="46" /></phr></stem><stem n="openrpt"><phr n="OpenRPT"><ent r="3" t="48" w="49" /></phr></stem><stem n="dbi"><phr n="DBI"><ent r="3" t="48" w="61" /></phr></stem><stem n="dbd"><phr n="DBD"><ent r="3" t="48" w="63" /></phr></stem><stem n="pg"><phr n="pg"><ent r="3" t="48" w="64" /></phr></stem><stem n="::pg."><phr n="::pg."><ent r="3" t="48" w="65" /></phr></stem><stem n="download.dartwar"><phr n="download.dartware"><ent r="64" t="48" w="87" /><ent r="64" t="48" w="86" /><ent r="64" t="49" w="44" /><ent r="64" t="49" w="43" /><ent r="64" t="60" w="31" /><ent r="64" t="60" w="30" /></phr></stem><stem n="download.dartware.com"><phr n="download.dartware.com"><ent r="64" t="48" w="88" /><ent r="64" t="48" w="86" /><ent r="64" t="49" w="45" /><ent r="64" t="49" w="43" /><ent r="64" t="60" w="32" /><ent r="64" t="60" w="30" /></phr></stem><stem n="download.dartware.com/sql"><phr n="download.dartware.com/sql"><ent r="64" t="48" w="89" /><ent r="64" t="48" w="86" /></phr></stem><stem n="sql"><phr n="sql"><ent r="64" t="48" w="89" /><ent r="64" t="48" w="90" /><ent r="64" t="49" w="48" /></phr></stem><stem n="download.dartware.com/sql/sql"><phr n="download.dartware.com/sql/sql"><ent r="64" t="48" w="90" /><ent r="64" t="48" w="86" /></phr></stem><stem n="download.dartware.com/sql/sql_exampl"><phr n="download.dartware.com/sql/sql_examples"><ent r="64" t="48" w="91" /><ent r="64" t="48" w="86" /></phr></stem><stem n="download.dartware.com/sql/sql_examples.tar"><phr n="download.dartware.com/sql/sql_examples.tar"><ent r="64" t="48" w="92" /><ent r="64" t="48" w="86" /></phr></stem><stem n="tar"><phr n="tar"><ent r="64" t="48" w="92" /></phr></stem><stem n="://download.dartware.com/sql/sql_examples.tar.gz"><phr n="://download.dartware.com/sql/sql_examples.tar.gz"><ent r="64" t="48" w="93" /></phr></stem><stem n="download.dartware.com/sql/sql_examples.tar.gz"><phr n="download.dartware.com/sql/sql_examples.tar.gz"><ent r="64" t="48" w="93" /><ent r="64" t="48" w="86" /></phr></stem><stem n="gz"><phr n="gz"><ent r="64" t="48" w="93" /></phr></stem><stem n="://[your"><phr n="://[Your"><ent r="64" t="49" w="25" /></phr></stem><stem n="8182"><phr n="8182"><ent r="64" t="49" w="30" /></phr></stem><stem n="8182/~imdatabas"><phr n="8182/~imdatabase"><ent r="64" t="49" w="31" /><ent r="64" t="49" w="30" /></phr></stem><stem n="~imdatabas"><phr n="~imdatabase"><ent r="64" t="49" w="31" /></phr></stem><stem n="8182/~imdatabase/schemaddl"><phr n="8182/~imdatabase/schemaddl"><ent r="64" t="49" w="32" /><ent r="64" t="49" w="30" /></phr></stem><stem n="schemaddl"><phr n="schemaddl"><ent r="64" t="49" w="32" /></phr></stem><stem n="]:8182/~imdatabase/schemaddl.html"><phr n="]:8182/~imdatabase/schemaddl.html"><ent r="64" t="49" w="33" /></phr></stem><stem n="8182/~imdatabase/schemaddl.html"><phr n="8182/~imdatabase/schemaddl.html"><ent r="64" t="49" w="33" /><ent r="64" t="49" w="30" /></phr></stem><stem n="download.dartware.com/schema"><phr n="download.dartware.com/schema"><ent r="64" t="49" w="46" /><ent r="64" t="49" w="43" /></phr></stem><stem n="download.dartware.com/schema/imdatabaseschema"><phr n="download.dartware.com/schema/imdatabaseschema"><ent r="64" t="49" w="47" /><ent r="64" t="49" w="43" /></phr></stem><stem n="imdatabaseschema"><phr n="imdatabaseschema"><ent r="64" t="49" w="47" /></phr></stem><stem n="://download.dartware.com/schema/imdatabaseschema.sql"><phr n="://download.dartware.com/schema/imdatabaseschema.sql"><ent r="64" t="49" w="48" /></phr></stem><stem n="download.dartware.com/schema/imdatabaseschema.sql"><phr n="download.dartware.com/schema/imdatabaseschema.sql"><ent r="64" t="49" w="48" /><ent r="64" t="49" w="43" /></phr></stem><stem n=":web"><phr n=":Web"><ent r="100" t="50" w="15" /><ent r="100" t="56" w="21" /><ent r="100" t="57" w="62" /></phr></stem><stem n="layout"><phr n="layouts"><ent r="3" t="50" w="34" /></phr></stem><stem n="element"><phr n="elements"><ent r="3" t="50" w="138" /><ent r="3" t="51" w="69" /></phr><phr n="Elements"><ent r="4" t="50" w="211" /></phr></stem><stem n="main"><phr n="main"><ent r="4" t="50" w="158" /><ent r="3" t="56" w="315" /><ent r="3" t="56" w="475" /></phr><phr n="Main"><ent r="100" t="56" w="299" /><ent r="3" t="56" w="303" /><ent r="100" t="56" w="354" /><ent r="3" t="56" w="358" /></phr></stem><stem n="overal"><phr n="overall"><ent r="4" t="50" w="174" /><ent r="3" t="56" w="107" /></phr></stem><stem n="insert"><phr n="insert"><ent r="4" t="50" w="214" /><ent r="3" t="51" w="489" /></phr><phr n="inserting"><ent r="6" t="53" w="193" /></phr><phr n="inserted"><ent r="5" t="55" w="150" /></phr><phr n="Inserts"><ent r="5" t="55" w="636" /><ent r="5" t="55" w="1326" /></phr></stem><stem n="guest"><phr n="Guests"><ent r="100" t="50" w="233" /><ent r="4" t="50" w="246" /></phr></stem><stem n="editor"><phr n="editor"><ent r="3" t="50" w="280" /></phr></stem><stem n=":chang"><phr n=":Changed"><ent r="100" t="50" w="285" /></phr></stem><stem n=":reload"><phr n=":Reloading"><ent r="100" t="50" w="299" /></phr></stem><stem n=":server"><phr n=":Server"><ent r="100" t="50" w="343" /></phr></stem><stem n="categori"><phr n="category"><ent r="4" t="50" w="356" /></phr><phr n="categories"><ent r="3" t="55" w="65" /></phr></stem><stem n="page'"><phr n="page's"><ent r="3" t="51" w="60" /><ent r="3" t="51" w="59" /><ent r="3" t="51" w="219" /><ent r="3" t="51" w="218" /><ent r="6" t="53" w="109" /><ent r="6" t="53" w="108" /><ent r="3" t="54" w="24" /><ent r="3" t="54" w="23" /><ent r="3" t="54" w="143" /><ent r="3" t="54" w="142" /><ent r="3" t="54" w="175" /><ent r="3" t="54" w="174" /><ent r="3" t="55" w="202" /><ent r="3" t="55" w="201" /></phr></stem><stem n="(&quot;)"><phr n="(&quot;)"><ent r="4" t="51" w="120" /></phr></stem><stem n="titl"><phr n="title"><ent r="4" t="51" w="125" /><ent r="3" t="51" w="199" /><ent r="3" t="51" w="220" /><ent r="4" t="51" w="282" /><ent r="4" t="51" w="381" /><ent r="3" t="51" w="404" /><ent r="4" t="52" w="180" /><ent r="6" t="53" w="112" /><ent r="7" t="53" w="117" /><ent r="6" t="53" w="130" /><ent r="7" t="53" w="147" /><ent r="7" t="53" w="168" /><ent r="6" t="53" w="202" /><ent r="100" t="53" w="209" /><ent r="6" t="53" w="212" /><ent r="7" t="53" w="215" /><ent r="7" t="53" w="223" /><ent r="3" t="54" w="25" /><ent r="4" t="54" w="49" /><ent r="100" t="54" w="54" /><ent r="4" t="54" w="57" /><ent r="4" t="54" w="77" /><ent r="4" t="54" w="82" /><ent r="4" t="54" w="145" /><ent r="4" t="54" w="150" /><ent r="4" t="54" w="177" /><ent r="4" t="54" w="182" /><ent r="4" t="54" w="196" /><ent r="4" t="54" w="201" /><ent r="6" t="55" w="523" /><ent r="6" t="55" w="574" /><ent r="6" t="55" w="1077" /></phr><phr n="Title"><ent r="100" t="52" w="116" /></phr></stem><stem n="static"><phr n="static"><ent r="4" t="51" w="160" /><ent r="6" t="53" w="704" /></phr></stem><stem n="&quot;${...}&quot;."><phr n="&quot;${...}&quot;."><ent r="4" t="51" w="190" /></phr></stem><stem n="#titl"><phr n="#title"><ent r="3" t="51" w="199" /><ent r="4" t="51" w="381" /><ent r="4" t="52" w="180" /><ent r="6" t="53" w="112" /><ent r="7" t="53" w="117" /><ent r="7" t="53" w="147" /><ent r="7" t="53" w="168" /><ent r="4" t="54" w="49" /><ent r="4" t="54" w="77" /><ent r="4" t="54" w="145" /><ent r="4" t="54" w="177" /><ent r="4" t="54" w="196" /><ent r="6" t="55" w="1077" /></phr></stem><stem n="bodi"><phr n="body"><ent r="3" t="51" w="236" /><ent r="3" t="51" w="394" /><ent r="3" t="51" w="406" /><ent r="4" t="52" w="193" /></phr><phr n="BODY"><ent r="100" t="52" w="128" /><ent r="100" t="52" w="130" /></phr></stem><stem n="&quot;body&quot;"><phr n="&quot;body&quot;"><ent r="3" t="51" w="237" /><ent r="3" t="51" w="395" /></phr></stem><stem n="&lt;b&gt;bold&lt;"><phr n="&lt;b&gt;bold&lt;"><ent r="3" t="51" w="253" /></phr></stem><stem n="/b&gt;"><phr n="/b&gt;"><ent r="3" t="51" w="254" /></phr></stem><stem n="&lt;b&gt;bold&lt;/b&gt;"><phr n="&lt;b&gt;bold&lt;/b&gt;"><ent r="3" t="51" w="254" /><ent r="3" t="51" w="253" /></phr></stem><stem n="b&gt;"><phr n="b&gt;"><ent r="3" t="51" w="254" /></phr></stem><stem n="&lt;i&gt;italic&lt;"><phr n="&lt;i&gt;italic&lt;"><ent r="3" t="51" w="256" /></phr></stem><stem n="&lt;i&gt;italic&lt;/i&gt;"><phr n="&lt;i&gt;italic&lt;/i&gt;"><ent r="3" t="51" w="257" /><ent r="3" t="51" w="256" /></phr></stem><stem n="i&gt;"><phr n="i&gt;"><ent r="3" t="51" w="257" /></phr></stem><stem n="&lt;i&gt;italic&lt;/i&gt;,"><phr n="&lt;i&gt;italic&lt;/i&gt;,"><ent r="3" t="51" w="257" /><ent r="3" t="51" w="256" /></phr></stem><stem n="/i&gt;,"><phr n="/i&gt;,"><ent r="3" t="51" w="258" /></phr></stem><stem n="{date}"><phr n="{date}"><ent r="3" t="51" w="266" /><ent r="4" t="51" w="333" /><ent r="6" t="55" w="792" /></phr></stem><stem n="todai"><phr n="today"><ent r="3" t="51" w="269" /></phr></stem><stem n="today'"><phr n="today's"><ent r="3" t="51" w="270" /><ent r="3" t="51" w="269" /></phr></stem><stem n="&lt;title&gt;"><phr n="&lt;title&gt;"><ent r="5" t="51" w="299" /><ent r="6" t="53" w="137" /></phr></stem><stem n="...&lt;/title&gt;"><phr n="...&lt;/title&gt;"><ent r="5" t="51" w="301" /><ent r="6" t="53" w="139" /></phr></stem><stem n="&lt;/title&gt;"><phr n="&lt;/title&gt;"><ent r="5" t="51" w="301" /><ent r="5" t="51" w="300" /><ent r="6" t="53" w="139" /><ent r="6" t="53" w="138" /></phr><phr n="&lt;/TITLE&gt;"><ent r="3" t="52" w="123" /><ent r="3" t="52" w="122" /></phr></stem><stem n="title&gt;"><phr n="title&gt;"><ent r="5" t="51" w="301" /><ent r="6" t="53" w="139" /></phr><phr n="TITLE&gt;"><ent r="3" t="52" w="123" /></phr></stem><stem n="&lt;body&gt;"><phr n="&lt;body&gt;"><ent r="5" t="51" w="320" /></phr></stem><stem n="...&lt;/body&gt;"><phr n="...&lt;/body&gt;"><ent r="5" t="51" w="322" /></phr></stem><stem n="&lt;/body&gt;"><phr n="&lt;/body&gt;"><ent r="5" t="51" w="322" /><ent r="5" t="51" w="321" /></phr><phr n="&lt;/BODY&gt;"><ent r="3" t="52" w="159" /><ent r="3" t="52" w="158" /></phr></stem><stem n="body&gt;"><phr n="body&gt;"><ent r="5" t="51" w="322" /></phr><phr n="BODY&gt;"><ent r="3" t="52" w="159" /></phr></stem><stem n="&quot;body&quot;."><phr n="&quot;body&quot;."><ent r="3" t="51" w="407" /></phr></stem><stem n="href"><phr n="HREF"><ent r="100" t="51" w="471" /><ent r="4" t="51" w="474" /><ent r="100" t="53" w="775" /><ent r="6" t="53" w="785" /><ent r="6" t="55" w="2029" /><ent r="6" t="55" w="2039" /><ent r="6" t="55" w="2047" /></phr></stem><stem n="&lt;a"><phr n="&lt;A"><ent r="4" t="51" w="473" /><ent r="6" t="55" w="2028" /><ent r="6" t="55" w="2038" /><ent r="6" t="55" w="2046" /></phr></stem><stem n="=...&gt;"><phr n="=...&gt;"><ent r="4" t="51" w="475" /></phr></stem><stem n="encount"><phr n="encounters"><ent r="3" t="51" w="483" /><ent r="3" t="51" w="501" /></phr></stem><stem n="paragraph"><phr n="paragraph"><ent r="3" t="51" w="494" /></phr></stem><stem n="(such"><phr n="(such"><ent r="3" t="51" w="496" /><ent r="6" t="53" w="685" /><ent r="6" t="53" w="734" /></phr></stem><stem n="&quot;!&quot;,"><phr n="&quot;!&quot;,"><ent r="3" t="51" w="531" /></phr></stem><stem n=".html"><phr n=".html"><ent r="100" t="51" w="547" /><ent r="100" t="51" w="565" /><ent r="100" t="51" w="580" /><ent r="100" t="51" w="594" /><ent r="100" t="51" w="608" /><ent r="100" t="51" w="622" /><ent r="100" t="53" w="63" /><ent r="100" t="53" w="272" /><ent r="7" t="53" w="662" /><ent r="100" t="55" w="1447" /><ent r="100" t="56" w="308" /><ent r="100" t="56" w="363" /></phr></stem><stem n="index.html"><phr n="Index.html"><ent r="100" t="51" w="547" /><ent r="100" t="51" w="546" /><ent r="100" t="53" w="272" /><ent r="100" t="53" w="271" /><ent r="100" t="56" w="308" /><ent r="100" t="56" w="307" /></phr><phr n="index.html"><ent r="5" t="51" w="550" /><ent r="5" t="51" w="549" /><ent r="7" t="53" w="288" /><ent r="7" t="53" w="287" /><ent r="6" t="53" w="305" /><ent r="6" t="53" w="304" /><ent r="6" t="53" w="688" /><ent r="6" t="53" w="687" /><ent r="100" t="56" w="312" /><ent r="100" t="56" w="311" /><ent r="3" t="56" w="322" /><ent r="3" t="56" w="321" /><ent r="3" t="56" w="352" /><ent r="3" t="56" w="351" /><ent r="3" t="56" w="421" /><ent r="3" t="56" w="420" /><ent r="3" t="56" w="448" /><ent r="3" t="56" w="447" /><ent r="3" t="56" w="477" /><ent r="3" t="56" w="476" /></phr></stem><stem n="!index.html"><phr n="!index.html"><ent r="5" t="51" w="550" /></phr></stem><stem n="document.html"><phr n="Document.html"><ent r="100" t="51" w="565" /><ent r="100" t="51" w="564" /></phr><phr n="document.html"><ent r="5" t="51" w="568" /><ent r="5" t="51" w="567" /></phr></stem><stem n="!document.html"><phr n="!document.html"><ent r="5" t="51" w="568" /></phr></stem><stem n="graphic"><phr n="graphical"><ent r="4" t="51" w="572" /></phr></stem><stem n="network.html"><phr n="Network.html"><ent r="100" t="51" w="580" /><ent r="100" t="51" w="579" /></phr><phr n="network.html"><ent r="5" t="51" w="583" /><ent r="5" t="51" w="582" /></phr></stem><stem n="!network.html"><phr n="!network.html"><ent r="5" t="51" w="583" /></phr></stem><stem n="!device.html"><phr n="!device.html"><ent r="5" t="51" w="597" /></phr></stem><stem n="link.html"><phr n="Link.html"><ent r="100" t="51" w="608" /><ent r="100" t="51" w="607" /></phr><phr n="link.html"><ent r="5" t="51" w="611" /><ent r="5" t="51" w="610" /></phr></stem><stem n="!link.html"><phr n="!link.html"><ent r="5" t="51" w="611" /></phr></stem><stem n="chart.html"><phr n="Chart.html"><ent r="100" t="51" w="622" /><ent r="100" t="51" w="621" /><ent r="100" t="58" w="66" /><ent r="100" t="58" w="65" /><ent r="100" t="58" w="85" /><ent r="100" t="58" w="84" /></phr><phr n="chart.html"><ent r="5" t="51" w="625" /><ent r="5" t="51" w="624" /><ent r="5" t="58" w="71" /><ent r="5" t="58" w="70" /><ent r="5" t="58" w="90" /><ent r="5" t="58" w="89" /></phr></stem><stem n="!chart.html"><phr n="!chart.html"><ent r="5" t="51" w="625" /></phr></stem><stem n="skeleton"><phr n="skeleton"><ent r="3" t="52" w="46" /></phr></stem><stem n="doctyp"><phr n="DOCTYPE"><ent r="100" t="52" w="94" /><ent r="3" t="52" w="99" /></phr></stem><stem n="!doctyp"><phr n="!DOCTYPE"><ent r="3" t="52" w="99" /></phr></stem><stem n="ietf"><phr n="IETF"><ent r="3" t="52" w="102" /></phr></stem><stem n="&quot;-//ietf//dtd"><phr n="&quot;-//IETF//DTD"><ent r="3" t="52" w="103" /></phr></stem><stem n="dtd"><phr n="DTD"><ent r="3" t="52" w="103" /></phr></stem><stem n="3.2"><phr n="3.2"><ent r="3" t="52" w="106" /><ent r="3" t="52" w="105" /></phr></stem><stem n="3.2/"><phr n="3.2/"><ent r="3" t="52" w="106" /><ent r="3" t="52" w="105" /></phr></stem><stem n="en"><phr n="EN"><ent r="3" t="52" w="107" /></phr></stem><stem n=".2//en&quot;&gt;"><phr n=".2//EN&quot;&gt;"><ent r="3" t="52" w="108" /></phr></stem><stem n="&lt;html&gt;"><phr n="&lt;HTML&gt;"><ent r="3" t="52" w="110" /></phr></stem><stem n="head"><phr n="HEAD"><ent r="100" t="52" w="112" /></phr></stem><stem n="&lt;head&gt;"><phr n="&lt;HEAD&gt;"><ent r="3" t="52" w="114" /></phr></stem><stem n="pagetitl"><phr n="Pagetitle"><ent r="100" t="52" w="118" /><ent r="100" t="55" w="1065" /></phr><phr n="pagetitle"><ent r="3" t="52" w="121" /><ent r="5" t="52" w="172" /><ent r="6" t="55" w="1068" /></phr></stem><stem n="&lt;title&gt;$"><phr n="&lt;TITLE&gt;$"><ent r="3" t="52" w="120" /></phr></stem></index>