﻿<?xml version="1.0" encoding="utf-8"?><index><stem n="{pagetitle}&lt;/title&gt;"><phr n="{pagetitle}&lt;/TITLE&gt;"><ent r="3" t="52" w="123" /></phr></stem><stem n="/head&gt;"><phr n="/HEAD&gt;"><ent r="3" t="52" w="126" /></phr></stem><stem n="&lt;/head&gt;"><phr n="&lt;/HEAD&gt;"><ent r="3" t="52" w="126" /><ent r="3" t="52" w="125" /></phr></stem><stem n="head&gt;"><phr n="HEAD&gt;"><ent r="3" t="52" w="126" /></phr></stem><stem n="bgcolor"><phr n="BGCOLOR"><ent r="100" t="52" w="131" /><ent r="3" t="52" w="134" /></phr></stem><stem n="&lt;bodi"><phr n="&lt;BODY"><ent r="3" t="52" w="133" /></phr></stem><stem n="ffffff"><phr n="FFFFFF"><ent r="3" t="52" w="135" /></phr></stem><stem n="=&quot;#ffffff&quot;&gt;"><phr n="=&quot;#FFFFFF&quot;&gt;"><ent r="3" t="52" w="136" /></phr></stem><stem n="imageref"><phr n="Imageref"><ent r="100" t="52" w="138" /><ent r="100" t="55" w="1133" /><ent r="100" t="56" w="243" /></phr><phr n="imageref"><ent r="3" t="52" w="141" /><ent r="5" t="52" w="213" /><ent r="6" t="55" w="1138" /><ent r="7" t="55" w="1162" /><ent r="4" t="56" w="246" /></phr></stem><stem n="logo.gif"><phr n="logo.gif"><ent r="3" t="52" w="143" /><ent r="3" t="52" w="142" /><ent r="5" t="52" w="215" /><ent r="5" t="52" w="214" /><ent r="4" t="52" w="238" /><ent r="4" t="52" w="237" /></phr><phr n="Logo.gif"><ent r="100" t="52" w="229" /><ent r="100" t="52" w="228" /></phr></stem><stem n="gif"><phr n="gif"><ent r="3" t="52" w="143" /><ent r="5" t="52" w="215" /><ent r="100" t="52" w="229" /><ent r="4" t="52" w="238" /><ent r="7" t="55" w="1173" /><ent r="6" t="55" w="1222" /><ent r="6" t="55" w="1227" /></phr></stem><stem n="{imageref:logo.gif}"><phr n="{imageref:logo.gif}"><ent r="3" t="52" w="144" /><ent r="5" t="52" w="216" /></phr></stem><stem n="bodytext"><phr n="Bodytext"><ent r="100" t="52" w="145" /><ent r="100" t="55" w="184" /></phr><phr n="bodytext"><ent r="3" t="52" w="148" /><ent r="5" t="52" w="188" /><ent r="4" t="55" w="187" /></phr></stem><stem n="{bodytext}"><phr n="{bodytext}"><ent r="3" t="52" w="149" /><ent r="5" t="52" w="189" /><ent r="4" t="55" w="188" /></phr></stem><stem n="footer"><phr n="Footer"><ent r="100" t="52" w="150" /></phr><phr n="footer"><ent r="3" t="52" w="155" /><ent r="5" t="52" w="251" /><ent r="4" t="52" w="262" /></phr></stem><stem n=".incl"><phr n=".incl"><ent r="100" t="52" w="151" /></phr></stem><stem n="footer.incl"><phr n="Footer.incl"><ent r="100" t="52" w="151" /><ent r="100" t="52" w="150" /></phr><phr n="footer.incl"><ent r="3" t="52" w="156" /><ent r="3" t="52" w="155" /><ent r="5" t="52" w="252" /><ent r="5" t="52" w="251" /><ent r="4" t="52" w="263" /><ent r="4" t="52" w="262" /></phr></stem><stem n="incl"><phr n="incl"><ent r="100" t="52" w="151" /><ent r="3" t="52" w="156" /><ent r="5" t="52" w="252" /><ent r="4" t="52" w="263" /></phr></stem><stem n="{include:footer.incl}"><phr n="{include:footer.incl}"><ent r="3" t="52" w="157" /><ent r="5" t="52" w="253" /></phr></stem><stem n="/body&gt;"><phr n="/BODY&gt;"><ent r="3" t="52" w="159" /></phr></stem><stem n="/html&gt;"><phr n="/HTML&gt;"><ent r="3" t="52" w="162" /></phr></stem><stem n="&lt;/html&gt;"><phr n="&lt;/HTML&gt;"><ent r="3" t="52" w="162" /><ent r="3" t="52" w="161" /></phr></stem><stem n="html&gt;"><phr n="HTML&gt;"><ent r="3" t="52" w="162" /></phr></stem><stem n="{pagetitle}"><phr n="{pagetitle}"><ent r="5" t="52" w="173" /><ent r="6" t="55" w="1069" /></phr></stem><stem n="img"><phr n="Img"><ent r="100" t="52" w="221" /><ent r="100" t="55" w="1145" /></phr></stem><stem n="&lt;img"><phr n="&lt;img"><ent r="5" t="52" w="223" /><ent r="7" t="55" w="1147" /><ent r="6" t="55" w="1257" /></phr><phr n="&lt;IMG"><ent r="7" t="55" w="1169" /></phr></stem><stem n="guestimag"><phr n="GuestImages"><ent r="100" t="52" w="226" /><ent r="100" t="56" w="213" /></phr></stem><stem n=".gif"><phr n=".gif"><ent r="100" t="52" w="229" /><ent r="4" t="52" w="238" /><ent r="6" t="55" w="1227" /></phr></stem><stem n="~guestimag"><phr n="~GuestImages"><ent r="4" t="52" w="242" /><ent r="3" t="56" w="215" /></phr></stem><stem n="footer.incl'"><phr n="footer.incl'"><ent r="4" t="52" w="263" /><ent r="4" t="52" w="262" /></phr></stem><stem n="'footer.incl'."><phr n="'footer.incl'."><ent r="4" t="52" w="264" /></phr></stem><stem n="&quot;#&quot;"><phr n="&quot;#&quot;"><ent r="4" t="53" w="34" /></phr></stem><stem n="#templat"><phr n="#template"><ent r="6" t="53" w="60" /><ent r="7" t="53" w="67" /><ent r="7" t="53" w="82" /><ent r="7" t="53" w="87" /><ent r="3" t="56" w="398" /></phr></stem><stem n="template.html"><phr n="Template.html"><ent r="100" t="53" w="63" /><ent r="100" t="53" w="62" /><ent r="100" t="56" w="363" /><ent r="100" t="56" w="362" /></phr><phr n="template.html"><ent r="6" t="53" w="105" /><ent r="6" t="53" w="104" /><ent r="3" t="56" w="375" /><ent r="3" t="56" w="374" /></phr></stem><stem n="othertempl"><phr n="othertemplate"><ent r="7" t="53" w="68" /></phr></stem><stem n="othertemplate.html"><phr n="othertemplate.html"><ent r="7" t="53" w="69" /><ent r="7" t="53" w="68" /></phr></stem><stem n="&quot;othertemplate.html&quot;"><phr n="&quot;othertemplate.html&quot;"><ent r="7" t="53" w="70" /></phr></stem><stem n="!template.html"><phr n="!template.html"><ent r="6" t="53" w="105" /></phr></stem><stem n="alt"><phr n="Alt"><ent r="100" t="53" w="208" /><ent r="100" t="54" w="53" /></phr><phr n="alt"><ent r="6" t="53" w="211" /><ent r="7" t="53" w="214" /><ent r="7" t="53" w="222" /><ent r="4" t="54" w="56" /><ent r="4" t="54" w="81" /><ent r="4" t="54" w="149" /><ent r="4" t="54" w="181" /><ent r="4" t="54" w="200" /></phr></stem><stem n="_titl"><phr n="_title"><ent r="100" t="53" w="209" /><ent r="100" t="54" w="54" /></phr></stem><stem n="alt_titl"><phr n="Alt_title"><ent r="100" t="53" w="209" /><ent r="100" t="53" w="208" /><ent r="100" t="54" w="54" /><ent r="100" t="54" w="53" /></phr><phr n="alt_title"><ent r="6" t="53" w="212" /><ent r="6" t="53" w="211" /><ent r="7" t="53" w="215" /><ent r="7" t="53" w="214" /><ent r="7" t="53" w="223" /><ent r="7" t="53" w="222" /><ent r="4" t="54" w="57" /><ent r="4" t="54" w="56" /><ent r="4" t="54" w="82" /><ent r="4" t="54" w="81" /><ent r="4" t="54" w="150" /><ent r="4" t="54" w="149" /><ent r="4" t="54" w="182" /><ent r="4" t="54" w="181" /><ent r="4" t="54" w="201" /><ent r="4" t="54" w="200" /></phr></stem><stem n="#alt_titl"><phr n="#alt_title"><ent r="6" t="53" w="212" /><ent r="7" t="53" w="215" /><ent r="7" t="53" w="223" /><ent r="4" t="54" w="57" /><ent r="4" t="54" w="82" /><ent r="4" t="54" w="150" /><ent r="4" t="54" w="182" /><ent r="4" t="54" w="201" /></phr></stem><stem n="&quot;test"><phr n="&quot;Test"><ent r="7" t="53" w="216" /><ent r="4" t="54" w="37" /><ent r="3" t="54" w="64" /></phr></stem><stem n="#filenam"><phr n="#filename"><ent r="6" t="53" w="245" /><ent r="7" t="53" w="247" /><ent r="7" t="53" w="254" /><ent r="7" t="53" w="286" /><ent r="7" t="53" w="360" /><ent r="8" t="53" w="528" /><ent r="8" t="53" w="563" /></phr></stem><stem n="otherpag"><phr n="otherpage"><ent r="7" t="53" w="248" /><ent r="7" t="53" w="647" /><ent r="7" t="53" w="661" /></phr></stem><stem n="otherpage.html"><phr n="otherpage.html"><ent r="7" t="53" w="249" /><ent r="7" t="53" w="248" /><ent r="7" t="53" w="648" /><ent r="7" t="53" w="647" /><ent r="7" t="53" w="662" /><ent r="7" t="53" w="661" /></phr></stem><stem n="&quot;otherpage.html&quot;"><phr n="&quot;otherpage.html&quot;"><ent r="7" t="53" w="250" /><ent r="7" t="53" w="649" /></phr></stem><stem n="xindex"><phr n="xindex"><ent r="6" t="53" w="280" /></phr></stem><stem n="xindex.html"><phr n="xindex.html"><ent r="6" t="53" w="281" /><ent r="6" t="53" w="280" /></phr></stem><stem n="&quot;xindex.html&quot;"><phr n="&quot;xindex.html&quot;"><ent r="6" t="53" w="282" /></phr></stem><stem n="&quot;!index.html&quot;"><phr n="&quot;!index.html&quot;"><ent r="7" t="53" w="289" /><ent r="6" t="53" w="306" /></phr></stem><stem n="higher"><phr n="higher"><ent r="6" t="53" w="311" /></phr></stem><stem n="experi"><phr n="experimenting"><ent r="6" t="53" w="321" /><ent r="6" t="53" w="620" /></phr><phr n="experience"><ent r="3" t="60" w="16" /></phr></stem><stem n="#version"><phr n="#version"><ent r="6" t="53" w="326" /><ent r="7" t="53" w="328" /><ent r="7" t="53" w="335" /><ent r="7" t="53" w="367" /><ent r="7" t="53" w="433" /><ent r="8" t="53" w="455" /><ent r="8" t="53" w="494" /><ent r="8" t="53" w="580" /><ent r="7" t="53" w="627" /></phr></stem><stem n="&quot;2.1&quot;"><phr n="&quot;2.1&quot;"><ent r="7" t="53" w="331" /></phr></stem><stem n="ti"><phr n="ties"><ent r="6" t="53" w="374" /></phr></stem><stem n="&quot;ties&quot;"><phr n="&quot;ties&quot;"><ent r="6" t="53" w="375" /></phr></stem><stem n="have"><phr n="having"><ent r="6" t="53" w="378" /></phr></stem><stem n="plai"><phr n="play"><ent r="6" t="53" w="391" /></phr></stem><stem n="-last-modifi"><phr n="-last-modified"><ent r="100" t="53" w="457" /><ent r="100" t="53" w="458" /><ent r="7" t="53" w="462" /><ent r="7" t="53" w="463" /></phr></stem><stem n="date-last"><phr n="Date-last"><ent r="100" t="53" w="457" /></phr><phr n="date-last"><ent r="7" t="53" w="462" /></phr></stem><stem n="date-last-modifi"><phr n="Date-last-modified"><ent r="100" t="53" w="457" /></phr><phr n="date-last-modified"><ent r="7" t="53" w="462" /></phr></stem><stem n="increment"><phr n="incremented"><ent r="7" t="53" w="498" /></phr></stem><stem n="-edit"><phr n="-edited"><ent r="7" t="53" w="509" /><ent r="7" t="53" w="509" /></phr></stem><stem n="user-edit"><phr n="user-edited"><ent r="7" t="53" w="509" /></phr></stem><stem n="-disk"><phr n="-disk"><ent r="7" t="53" w="538" /><ent r="7" t="53" w="538" /></phr></stem><stem n="on-disk"><phr n="on-disk"><ent r="7" t="53" w="538" /></phr></stem><stem n="essenti"><phr n="essentially"><ent r="7" t="53" w="542" /></phr></stem><stem n="&quot;essentially&quot;"><phr n="&quot;essentially&quot;"><ent r="7" t="53" w="543" /></phr></stem><stem n="foo.html"><phr n="foo.html"><ent r="7" t="53" w="552" /><ent r="7" t="53" w="551" /><ent r="7" t="53" w="573" /><ent r="7" t="53" w="572" /></phr></stem><stem n="&quot;foo.html&quot;,"><phr n="&quot;foo.html&quot;,"><ent r="7" t="53" w="553" /></phr></stem><stem n="(name"><phr n="(named"><ent r="7" t="53" w="556" /></phr></stem><stem n="&quot;virtual"><phr n="&quot;virtual"><ent r="7" t="53" w="569" /></phr></stem><stem n="&quot;foo.html&quot;."><phr n="&quot;foo.html&quot;."><ent r="7" t="53" w="574" /></phr></stem><stem n=".digit"><phr n=".digit"><ent r="100" t="53" w="592" /></phr></stem><stem n="digit.digit"><phr n="Digit.digit"><ent r="100" t="53" w="592" /><ent r="100" t="53" w="591" /></phr><phr n="digit.digit"><ent r="6" t="53" w="601" /><ent r="6" t="53" w="600" /></phr></stem><stem n="digit.digit'"><phr n="digit.digit'"><ent r="6" t="53" w="601" /><ent r="6" t="53" w="600" /></phr></stem><stem n="'digit.digit'"><phr n="'digit.digit'"><ent r="6" t="53" w="602" /></phr></stem><stem n="highest"><phr n="highest"><ent r="6" t="53" w="609" /></phr></stem><stem n="#redirect"><phr n="#redirect"><ent r="6" t="53" w="644" /><ent r="7" t="53" w="646" /><ent r="7" t="53" w="652" /></phr></stem><stem n="redirect"><phr n="redirect"><ent r="6" t="53" w="644" /><ent r="7" t="53" w="646" /><ent r="7" t="53" w="652" /><ent r="6" t="53" w="724" /></phr><phr n="redirection"><ent r="6" t="53" w="705" /></phr></stem><stem n="orign"><phr n="orignal"><ent r="6" t="53" w="671" /></phr></stem><stem n="-known"><phr n="-known"><ent r="6" t="53" w="682" /><ent r="6" t="53" w="682" /></phr></stem><stem n="well-known"><phr n="well-known"><ent r="6" t="53" w="682" /></phr></stem><stem n="!index.html)"><phr n="!index.html)"><ent r="6" t="53" w="689" /></phr></stem><stem n="-select"><phr n="-selected"><ent r="6" t="53" w="692" /><ent r="6" t="53" w="692" /></phr></stem><stem n="user-select"><phr n="user-selected"><ent r="6" t="53" w="692" /></phr></stem><stem n="meta"><phr n="Meta"><ent r="100" t="53" w="698" /><ent r="100" t="55" w="1329" /></phr><phr n="meta"><ent r="6" t="53" w="743" /></phr></stem><stem n="dynam"><phr n="dynamically"><ent r="6" t="53" w="731" /></phr></stem><stem n="#target"><phr n="#target"><ent r="6" t="53" w="747" /><ent r="7" t="53" w="752" /><ent r="7" t="53" w="758" /></phr></stem><stem n="window_nam"><phr n="Window_name"><ent r="100" t="53" w="750" /><ent r="100" t="53" w="749" /></phr><phr n="window_name"><ent r="7" t="53" w="754" /><ent r="7" t="53" w="753" /><ent r="6" t="53" w="773" /><ent r="6" t="53" w="772" /><ent r="6" t="53" w="791" /><ent r="6" t="53" w="790" /></phr></stem><stem n="&quot;window_name&quot;"><phr n="&quot;window_name&quot;"><ent r="7" t="53" w="755" /><ent r="6" t="53" w="792" /></phr></stem><stem n="&quot;window_name&quot;."><phr n="&quot;window_name&quot;."><ent r="6" t="53" w="774" /></phr></stem><stem n="...target"><phr n="...target"><ent r="6" t="53" w="789" /></phr></stem><stem n="predict"><phr n="predict"><ent r="3" t="54" w="97" /></phr></stem><stem n="chosen"><phr n="chosen"><ent r="3" t="54" w="101" /></phr></stem><stem n=":quot"><phr n=":Quoted"><ent r="100" t="54" w="111" /></phr></stem><stem n="as-i"><phr n="as-is"><ent r="3" t="54" w="157" /></phr></stem><stem n="-is."><phr n="-is."><ent r="3" t="54" w="159" /><ent r="3" t="54" w="159" /></phr></stem><stem n="rememb"><phr n="Remember"><ent r="3" t="54" w="184" /></phr></stem><stem n="(remember,"><phr n="(Remember,"><ent r="3" t="54" w="185" /></phr></stem><stem n="front"><phr n="front"><ent r="4" t="54" w="236" /></phr></stem><stem n="macronam"><phr n="Macroname"><ent r="100" t="55" w="20" /></phr><phr n="macroname"><ent r="4" t="55" w="23" /><ent r="4" t="55" w="29" /></phr></stem><stem n="other-inform"><phr n="other-information"><ent r="4" t="55" w="24" /><ent r="4" t="55" w="38" /></phr></stem><stem n="{macroname:other-information}"><phr n="{macroname:other-information}"><ent r="4" t="55" w="26" /></phr></stem><stem n="-inform"><phr n="-information"><ent r="4" t="55" w="38" /><ent r="4" t="55" w="38" /></phr></stem><stem n="&quot;content&quot;"><phr n="&quot;content&quot;"><ent r="65" t="55" w="75" /><ent r="93" t="55" w="169" /></phr></stem><stem n="onto"><phr n="onto"><ent r="65" t="55" w="93" /><ent r="93" t="55" w="1129" /></phr></stem><stem n="file-to"><phr n="File-to"><ent r="100" t="55" w="132" /></phr><phr n="file-to"><ent r="6" t="55" w="140" /><ent r="5" t="55" w="630" /></phr></stem><stem n="file-to-b"><phr n="File-to-be"><ent r="100" t="55" w="132" /></phr><phr n="file-to-be"><ent r="6" t="55" w="140" /><ent r="5" t="55" w="630" /></phr></stem><stem n="file-to-be-includ"><phr n="File-to-be-included"><ent r="100" t="55" w="132" /></phr><phr n="file-to-be-included"><ent r="6" t="55" w="140" /><ent r="5" t="55" w="630" /></phr></stem><stem n="to-b"><phr n="to-be"><ent r="100" t="55" w="133" /><ent r="6" t="55" w="141" /><ent r="5" t="55" w="631" /></phr></stem><stem n="to-be-includ"><phr n="to-be-included"><ent r="100" t="55" w="133" /><ent r="6" t="55" w="141" /><ent r="5" t="55" w="631" /></phr></stem><stem n="be-includ"><phr n="be-included"><ent r="100" t="55" w="134" /><ent r="6" t="55" w="142" /><ent r="5" t="55" w="632" /></phr></stem><stem n="-to-be-included.html"><phr n="-to-be-included.html"><ent r="100" t="55" w="136" /><ent r="100" t="55" w="138" /></phr></stem><stem n="file-to-be-included.html"><phr n="File-to-be-included.html"><ent r="100" t="55" w="136" /><ent r="100" t="55" w="135" /></phr><phr n="file-to-be-included.html"><ent r="6" t="55" w="144" /><ent r="6" t="55" w="143" /><ent r="5" t="55" w="634" /><ent r="5" t="55" w="633" /></phr></stem><stem n="{include:file-to-be-included.html}"><phr n="{include:file-to-be-included.html}"><ent r="6" t="55" w="145" /><ent r="5" t="55" w="635" /></phr></stem><stem n="~admin"><phr n="~admin"><ent r="3" t="55" w="226" /><ent r="3" t="56" w="151" /><ent r="3" t="56" w="320" /><ent r="3" t="56" w="350" /><ent r="3" t="56" w="446" /></phr></stem><stem n="ul"><phr n="UL"><ent r="100" t="55" w="238" /></phr></stem><stem n="fullstatu"><phr n="Fullstatus"><ent r="100" t="55" w="240" /></phr><phr n="fullstatus"><ent r="6" t="55" w="243" /></phr></stem><stem n="{fullstatus}"><phr n="{fullstatus}"><ent r="6" t="55" w="244" /></phr></stem><stem n=":show"><phr n=":shows"><ent r="100" t="55" w="246" /></phr></stem><stem n="errorstatu"><phr n="Errorstatus"><ent r="100" t="55" w="265" /><ent r="100" t="55" w="290" /></phr><phr n="errorstatus"><ent r="6" t="55" w="268" /><ent r="6" t="55" w="294" /><ent r="6" t="55" w="307" /><ent r="8" t="55" w="311" /><ent r="8" t="55" w="321" /><ent r="8" t="55" w="335" /></phr></stem><stem n="{errorstatus}"><phr n="{errorstatus}"><ent r="6" t="55" w="269" /><ent r="6" t="55" w="308" /><ent r="8" t="55" w="322" /><ent r="8" t="55" w="336" /></phr></stem><stem n="_orig"><phr n="_orig"><ent r="100" t="55" w="291" /></phr></stem><stem n="errorstatus_orig"><phr n="Errorstatus_orig"><ent r="100" t="55" w="291" /><ent r="100" t="55" w="290" /></phr><phr n="errorstatus_orig"><ent r="6" t="55" w="295" /><ent r="6" t="55" w="294" /><ent r="8" t="55" w="312" /><ent r="8" t="55" w="311" /></phr></stem><stem n="orig"><phr n="orig"><ent r="100" t="55" w="291" /><ent r="6" t="55" w="295" /><ent r="8" t="55" w="312" /></phr></stem><stem n="{errorstatus_orig}"><phr n="{errorstatus_orig}"><ent r="6" t="55" w="296" /><ent r="8" t="55" w="313" /></phr></stem><stem n="&quot;errors&quot;"><phr n="&quot;errors&quot;"><ent r="5" t="55" w="301" /></phr></stem><stem n="currentoutag"><phr n="Currentoutages"><ent r="100" t="55" w="343" /></phr><phr n="currentoutages"><ent r="6" t="55" w="346" /></phr></stem><stem n="{currentoutages}"><phr n="{currentoutages}"><ent r="6" t="55" w="347" /></phr></stem><stem n="outag"><phr n="outages"><ent r="5" t="55" w="353" /><ent r="5" t="55" w="382" /><ent r="5" t="55" w="418" /><ent r="5" t="55" w="436" /><ent r="5" t="55" w="458" /></phr></stem><stem n="currentlinkoutag"><phr n="Currentlinkoutages"><ent r="100" t="55" w="371" /></phr><phr n="currentlinkoutages"><ent r="6" t="55" w="374" /></phr></stem><stem n="{currentlinkoutages}"><phr n="{currentlinkoutages}"><ent r="6" t="55" w="375" /></phr></stem><stem n="previousoutag"><phr n="Previousoutages"><ent r="100" t="55" w="403" /></phr><phr n="previousoutages"><ent r="6" t="55" w="406" /><ent r="6" t="55" w="427" /><ent r="6" t="55" w="446" /></phr></stem><stem n="{previousoutages}"><phr n="{previousoutages}"><ent r="6" t="55" w="407" /></phr></stem><stem n="xx"><phr n="xx"><ent r="6" t="55" w="429" /><ent r="5" t="55" w="440" /><ent r="6" t="55" w="1085" /><ent r="5" t="55" w="1100" /></phr></stem><stem n="{previousoutages:hours=xx}"><phr n="{previousoutages:hours=xx}"><ent r="6" t="55" w="430" /></phr></stem><stem n="maxrow"><phr n="Maxrows"><ent r="100" t="55" w="443" /></phr><phr n="maxrows"><ent r="6" t="55" w="447" /></phr></stem><stem n="{previousoutages:maxrows=x}"><phr n="{previousoutages:maxrows=x}"><ent r="6" t="55" w="449" /></phr></stem><stem n="maplist"><phr n="Maplist"><ent r="100" t="55" w="460" /></phr><phr n="maplist"><ent r="6" t="55" w="463" /><ent r="6" t="55" w="2030" /></phr></stem><stem n="{maplist}"><phr n="{maplist}"><ent r="6" t="55" w="464" /></phr></stem><stem n="&lt;ul&gt;"><phr n="&lt;UL&gt;"><ent r="6" t="55" w="471" /><ent r="7" t="55" w="514" /></phr></stem><stem n="chartlist"><phr n="Chartlist"><ent r="100" t="55" w="478" /></phr><phr n="chartlist"><ent r="6" t="55" w="481" /><ent r="7" t="55" w="540" /><ent r="7" t="55" w="555" /></phr></stem><stem n="{chartlist}"><phr n="{chartlist}"><ent r="6" t="55" w="482" /><ent r="7" t="55" w="541" /><ent r="7" t="55" w="556" /></phr></stem><stem n="&lt;li&gt;"><phr n="&lt;LI&gt;"><ent r="7" t="55" w="503" /></phr></stem><stem n="&lt;ol&gt;"><phr n="&lt;OL&gt;"><ent r="7" t="55" w="518" /></phr></stem><stem n="per-map"><phr n="per-map"><ent r="6" t="55" w="550" /><ent r="5" t="55" w="995" /></phr></stem><stem n="&quot;per-map&quot;"><phr n="&quot;per-map&quot;"><ent r="6" t="55" w="552" /><ent r="5" t="55" w="997" /></phr></stem><stem n="chartnam"><phr n="chartname"><ent r="100" t="55" w="567" /><ent r="6" t="55" w="570" /></phr></stem><stem n="{chartname}"><phr n="{chartname}"><ent r="6" t="55" w="571" /></phr></stem><stem n="-relat"><phr n="-related"><ent r="6" t="55" w="590" /><ent r="6" t="55" w="590" /></phr></stem><stem n="chart-rel"><phr n="chart-related"><ent r="6" t="55" w="590" /></phr></stem><stem n="&quot;&quot;."><phr n="&quot;&quot;."><ent r="6" t="55" w="596" /><ent r="5" t="55" w="934" /><ent r="5" t="55" w="1668" /><ent r="5" t="55" w="1737" /><ent r="6" t="55" w="1998" /></phr></stem><stem n="{mapname}"><phr n="{mapname}"><ent r="6" t="55" w="603" /><ent r="6" t="55" w="865" /><ent r="6" t="55" w="1534" /></phr></stem><stem n="maplistwithchart"><phr n="Maplistwithcharts"><ent r="100" t="55" w="604" /></phr><phr n="maplistwithcharts"><ent r="6" t="55" w="607" /></phr></stem><stem n="{maplistwithcharts}"><phr n="{maplistwithcharts}"><ent r="6" t="55" w="608" /></phr></stem><stem n="sub-list"><phr n="sub-lists"><ent r="5" t="55" w="619" /></phr></stem><stem n="abouthtml"><phr n="abouthtml"><ent r="6" t="55" w="655" /></phr></stem><stem n="{abouthtml}"><phr n="{abouthtml}"><ent r="6" t="55" w="656" /></phr></stem><stem n="&quot;about&quot;"><phr n="&quot;About&quot;"><ent r="5" t="55" w="660" /></phr></stem><stem n="statshtml"><phr n="Statshtml"><ent r="100" t="55" w="668" /></phr><phr n="statshtml"><ent r="6" t="55" w="671" /></phr></stem><stem n="{statshtml}"><phr n="{statshtml}"><ent r="6" t="55" w="672" /></phr></stem><stem n="uptim"><phr n="Uptime"><ent r="100" t="55" w="673" /></phr><phr n="uptime"><ent r="5" t="55" w="679" /></phr></stem><stem n="httpuserid"><phr n="httpuserid"><ent r="6" t="55" w="685" /></phr></stem><stem n="{httpuserid}"><phr n="{httpuserid}"><ent r="6" t="55" w="686" /></phr></stem><stem n="ask"><phr n="asked"><ent r="5" t="55" w="693" /></phr></stem><stem n="httplocaladdress"><phr n="httplocaladdress"><ent r="6" t="55" w="698" /></phr></stem><stem n="{httplocaladdress}"><phr n="{httplocaladdress}"><ent r="6" t="55" w="699" /></phr></stem><stem n="multi"><phr n="multi"><ent r="6" t="55" w="718" /></phr></stem><stem n="multi-hom"><phr n="multi-homed"><ent r="6" t="55" w="718" /></phr></stem><stem n="home"><phr n="homed"><ent r="6" t="55" w="719" /></phr></stem><stem n="-homed,"><phr n="-homed,"><ent r="6" t="55" w="720" /><ent r="6" t="55" w="720" /></phr></stem><stem n="caution"><phr n="caution"><ent r="6" t="55" w="737" /></phr></stem><stem n="url'"><phr n="URL's"><ent r="6" t="55" w="742" /><ent r="6" t="55" w="741" /></phr></stem><stem n="httpremoteaddress"><phr n="httpremoteaddress"><ent r="6" t="55" w="754" /></phr></stem><stem n="{httpremoteaddress}"><phr n="{httpremoteaddress}"><ent r="6" t="55" w="755" /></phr></stem><stem n="intermapperaddress"><phr n="Intermapperaddress"><ent r="100" t="55" w="766" /></phr><phr n="intermapperaddress"><ent r="6" t="55" w="769" /></phr></stem><stem n="{intermapperaddress}"><phr n="{intermapperaddress}"><ent r="6" t="55" w="770" /></phr></stem><stem n="{version}"><phr n="{version}"><ent r="6" t="55" w="781" /></phr></stem><stem n="{time}"><phr n="{time}"><ent r="6" t="55" w="799" /></phr></stem><stem n="imagesuffix"><phr n="Imagesuffix"><ent r="100" t="55" w="804" /></phr><phr n="imagesuffix"><ent r="6" t="55" w="807" /><ent r="6" t="55" w="1233" /></phr></stem><stem n="{imagesuffix}"><phr n="{imagesuffix}"><ent r="6" t="55" w="808" /><ent r="6" t="55" w="1234" /></phr></stem><stem n="&quot;.png&quot;"><phr n="&quot;.png&quot;"><ent r="5" t="55" w="816" /><ent r="5" t="55" w="1237" /></phr></stem><stem n="&quot;.jpeg&quot;"><phr n="&quot;.jpeg&quot;"><ent r="5" t="55" w="826" /></phr></stem><stem n="telnetserverurl"><phr n="Telnetserverurl"><ent r="100" t="55" w="830" /></phr><phr n="telnetserverurl"><ent r="6" t="55" w="833" /></phr><phr n="TelnetServerURL"><ent r="6" t="55" w="2041" /></phr></stem><stem n="{telnetserverurl}"><phr n="{telnetserverurl}"><ent r="6" t="55" w="834" /></phr></stem><stem n="webserverurl"><phr n="Webserverurl"><ent r="100" t="55" w="846" /></phr><phr n="webserverurl"><ent r="6" t="55" w="849" /></phr><phr n="WebServerURL"><ent r="6" t="55" w="2049" /></phr></stem><stem n="{webserverurl}"><phr n="{webserverurl}"><ent r="6" t="55" w="850" /></phr></stem><stem n="deviceid"><phr n="Deviceid"><ent r="100" t="55" w="901" /></phr><phr n="deviceid"><ent r="6" t="55" w="904" /></phr></stem><stem n="{deviceid}"><phr n="{deviceid}"><ent r="6" t="55" w="905" /></phr></stem><stem n="gmmmm"><phr n="gMMMM"><ent r="6" t="55" w="922" /></phr></stem><stem n="gmmmm-rnn"><phr n="gMMMM-rNN"><ent r="6" t="55" w="922" /></phr></stem><stem n="rnn"><phr n="rNN"><ent r="6" t="55" w="923" /></phr></stem><stem n="&quot;gmmmm-rnn&quot;"><phr n="&quot;gMMMM-rNN&quot;"><ent r="6" t="55" w="924" /></phr></stem><stem n="device-rel"><phr n="device-related"><ent r="5" t="55" w="931" /></phr></stem><stem n="-related,"><phr n="-related,"><ent r="5" t="55" w="933" /><ent r="5" t="55" w="933" /></phr></stem><stem n="devicelist"><phr n="Devicelist"><ent r="100" t="55" w="935" /></phr><phr n="devicelist"><ent r="6" t="55" w="938" /><ent r="6" t="55" w="985" /><ent r="6" t="55" w="1000" /></phr></stem><stem n="{devicelist}"><phr n="{devicelist}"><ent r="6" t="55" w="939" /><ent r="6" t="55" w="986" /><ent r="6" t="55" w="1001" /></phr></stem><stem n="nbp"><phr n="NBP"><ent r="100" t="55" w="1020" /><ent r="5" t="55" w="1027" /></phr></stem><stem n="ifadmin"><phr n="Ifadmin"><ent r="100" t="55" w="1046" /></phr><phr n="ifadmin"><ent r="6" t="55" w="1049" /></phr></stem><stem n="{ifadmin:"><phr n="{ifadmin:"><ent r="6" t="55" w="1050" /></phr></stem><stem n="nonadmin"><phr n="NONADMIN"><ent r="6" t="55" w="1051" /><ent r="5" t="55" w="1063" /></phr></stem><stem n="privileg"><phr n="privileges"><ent r="5" t="55" w="1060" /></phr></stem><stem n="setnamefieldwidth"><phr n="SetNameFieldWidth"><ent r="100" t="55" w="1081" /><ent r="6" t="55" w="1084" /></phr></stem><stem n="{setnamefieldwidth:xx}"><phr n="{SetNameFieldWidth:xx}"><ent r="6" t="55" w="1086" /></phr></stem><stem n="wide"><phr n="wide"><ent r="5" t="55" w="1102" /></phr></stem><stem n="-1"><phr n="-1"><ent r="5" t="55" w="1104" /><ent r="5" t="55" w="1104" /></phr></stem><stem n="imagefil"><phr n="Imagefile"><ent r="100" t="55" w="1135" /></phr><phr n="IMAGEFILE"><ent r="6" t="55" w="1139" /><ent r="6" t="55" w="1214" /></phr></stem><stem n="{imageref:imagefil"><phr n="{imageref:IMAGEFILE"><ent r="6" t="55" w="1139" /></phr></stem><stem n="[,tags]}"><phr n="[,tags]}"><ent r="6" t="55" w="1141" /></phr></stem><stem n="{imageref:"><phr n="{imageref:"><ent r="7" t="55" w="1163" /><ent r="4" t="56" w="247" /></phr></stem><stem n="photo"><phr n="photo"><ent r="7" t="55" w="1163" /><ent r="7" t="55" w="1172" /><ent r="6" t="55" w="1221" /><ent r="6" t="55" w="1224" /><ent r="6" t="55" w="1226" /></phr></stem><stem n="grade4"><phr n="grade4"><ent r="7" t="55" w="1165" /><ent r="7" t="55" w="1175" /></phr></stem><stem n="='grade4'}"><phr n="='grade4'}"><ent r="7" t="55" w="1166" /></phr></stem><stem n="src"><phr n="SRC"><ent r="7" t="55" w="1170" /></phr></stem><stem n="images/photo"><phr n="images/photo"><ent r="7" t="55" w="1172" /><ent r="7" t="55" w="1171" /></phr></stem><stem n="images/photo.gif"><phr n="images/photo.gif"><ent r="7" t="55" w="1173" /><ent r="7" t="55" w="1171" /></phr></stem><stem n="=&quot;/images/photo.gif&quot;"><phr n="=&quot;/images/photo.gif&quot;"><ent r="7" t="55" w="1174" /></phr></stem><stem n="='grade4'&gt;"><phr n="='grade4'&gt;"><ent r="7" t="55" w="1176" /></phr></stem><stem n="grade4'&gt;"><phr n="grade4'&gt;"><ent r="7" t="55" w="1176" /><ent r="7" t="55" w="1175" /></phr></stem><stem n="photo.gif"><phr n="photo.gif"><ent r="6" t="55" w="1222" /><ent r="6" t="55" w="1221" /><ent r="6" t="55" w="1227" /><ent r="6" t="55" w="1226" /></phr></stem><stem n="&quot;photo.gif&quot;"><phr n="&quot;photo.gif&quot;"><ent r="6" t="55" w="1223" /></phr></stem><stem n="photo.png"><phr n="photo.png"><ent r="6" t="55" w="1225" /><ent r="6" t="55" w="1224" /></phr></stem><stem n="&quot;photo.png&quot;,"><phr n="&quot;photo.png&quot;,"><ent r="6" t="55" w="1226" /></phr></stem><stem n="&quot;.jpeg&quot;,"><phr n="&quot;.jpeg&quot;,"><ent r="5" t="55" w="1239" /></phr></stem><stem n="intermapperlogo"><phr n="Intermapperlogo"><ent r="100" t="55" w="1249" /></phr><phr n="intermapperlogo"><ent r="6" t="55" w="1252" /></phr></stem></index>