﻿<?xml version="1.0" encoding="utf-8"?><index><stem n="individu"><phr n="individuals"><ent r="3" t="0" w="58" /><ent r="3" t="33" w="224" /><ent r="3" t="37" w="46" /></phr><phr n="individual"><ent r="3" t="18" w="777" /></phr><phr n="Individual"><ent r="3" t="23" w="469" /></phr></stem><stem n="via"><phr n="via"><ent r="3" t="0" w="59" /><ent r="5" t="14" w="1036" /><ent r="4" t="19" w="259" /><ent r="3" t="20" w="214" /><ent r="3" t="20" w="258" /><ent r="3" t="26" w="86" /><ent r="3" t="26" w="137" /><ent r="4" t="26" w="306" /><ent r="3" t="44" w="349" /></phr></stem><stem n="sound"><phr n="sounds"><ent r="3" t="0" w="60" /><ent r="4" t="18" w="254" /><ent r="6" t="44" w="295" /><ent r="6" t="47" w="440" /><ent r="3" t="47" w="624" /></phr><phr n="sound"><ent r="3" t="18" w="717" /></phr><phr n="Sounds"><ent r="4" t="44" w="40" /><ent r="6" t="44" w="292" /><ent r="6" t="47" w="437" /><ent r="3" t="47" w="626" /></phr></stem><stem n="-mail,"><phr n="-mail,"><ent r="3" t="0" w="63" /><ent r="3" t="0" w="63" /><ent r="4" t="18" w="257" /><ent r="4" t="18" w="257" /><ent r="3" t="18" w="720" /><ent r="3" t="18" w="720" /></phr></stem><stem n="pager"><phr n="pagers"><ent r="3" t="0" w="63" /></phr><phr n="Pager"><ent r="3" t="20" w="215" /><ent r="3" t="20" w="259" /></phr></stem><stem n="run"><phr n="running"><ent r="3" t="0" w="66" /><ent r="3" t="11" w="45" /><ent r="4" t="18" w="262" /><ent r="3" t="18" w="723" /><ent r="3" t="47" w="139" /><ent r="3" t="47" w="535" /></phr><phr n="run"><ent r="6" t="5" w="908" /><ent r="3" t="33" w="28" /><ent r="4" t="33" w="696" /><ent r="6" t="33" w="983" /><ent r="6" t="33" w="1072" /><ent r="3" t="34" w="25" /><ent r="3" t="34" w="168" /><ent r="3" t="37" w="92" /></phr><phr n="runs"><ent r="3" t="33" w="350" /></phr></stem><stem n="correct"><phr n="correct"><ent r="3" t="0" w="70" /><ent r="3" t="11" w="47" /><ent r="4" t="23" w="1636" /><ent r="3" t="28" w="140" /></phr></stem><stem n="problem"><phr n="problem"><ent r="3" t="0" w="72" /><ent r="3" t="18" w="392" /><ent r="3" t="18" w="418" /><ent r="3" t="23" w="115" /></phr><phr n="problems"><ent r="3" t="3" w="316" /><ent r="3" t="18" w="437" /><ent r="3" t="21" w="72" /><ent r="3" t="39" w="34" /><ent r="3" t="60" w="18" /></phr><phr n="Problem"><ent r="3" t="25" w="1368" /></phr></stem><stem n="-line"><phr n="-line"><ent r="3" t="0" w="76" /><ent r="3" t="0" w="76" /><ent r="64" t="3" w="383" /><ent r="64" t="3" w="383" /><ent r="100" t="5" w="138" /><ent r="100" t="5" w="138" /><ent r="8" t="5" w="141" /><ent r="8" t="5" w="141" /><ent r="8" t="5" w="144" /><ent r="8" t="5" w="144" /><ent r="6" t="5" w="205" /><ent r="6" t="5" w="205" /><ent r="8" t="5" w="211" /><ent r="8" t="5" w="211" /><ent r="8" t="5" w="216" /><ent r="8" t="5" w="216" /><ent r="92" t="9" w="107" /><ent r="92" t="9" w="107" /><ent r="3" t="11" w="15" /><ent r="3" t="11" w="15" /><ent r="3" t="11" w="28" /><ent r="3" t="11" w="28" /><ent r="65" t="14" w="44" /><ent r="65" t="14" w="44" /><ent r="3" t="14" w="86" /><ent r="3" t="14" w="86" /><ent r="5" t="14" w="183" /><ent r="5" t="14" w="183" /><ent r="5" t="14" w="222" /><ent r="5" t="14" w="222" /><ent r="5" t="14" w="260" /><ent r="5" t="14" w="260" /><ent r="5" t="14" w="383" /><ent r="5" t="14" w="383" /><ent r="92" t="14" w="1144" /><ent r="92" t="14" w="1144" /><ent r="3" t="14" w="1170" /><ent r="3" t="14" w="1170" /><ent r="4" t="14" w="1381" /><ent r="4" t="14" w="1381" /><ent r="3" t="14" w="1882" /><ent r="3" t="14" w="1882" /><ent r="3" t="14" w="1930" /><ent r="3" t="14" w="1930" /><ent r="3" t="16" w="1650" /><ent r="3" t="16" w="1650" /><ent r="100" t="33" w="31" /><ent r="100" t="33" w="31" /><ent r="4" t="33" w="38" /><ent r="4" t="33" w="38" /><ent r="100" t="33" w="108" /><ent r="100" t="33" w="108" /><ent r="3" t="33" w="186" /><ent r="3" t="33" w="186" /><ent r="3" t="33" w="252" /><ent r="3" t="33" w="252" /><ent r="3" t="33" w="342" /><ent r="3" t="33" w="342" /><ent r="100" t="33" w="646" /><ent r="100" t="33" w="646" /><ent r="92" t="33" w="653" /><ent r="92" t="33" w="653" /><ent r="4" t="33" w="662" /><ent r="4" t="33" w="662" /><ent r="4" t="33" w="736" /><ent r="4" t="33" w="736" /><ent r="100" t="33" w="760" /><ent r="100" t="33" w="760" /><ent r="92" t="33" w="766" /><ent r="92" t="33" w="766" /><ent r="3" t="33" w="773" /><ent r="3" t="33" w="773" /><ent r="4" t="33" w="790" /><ent r="4" t="33" w="790" /><ent r="100" t="33" w="811" /><ent r="100" t="33" w="811" /><ent r="3" t="34" w="175" /><ent r="3" t="34" w="175" /><ent r="3" t="34" w="217" /><ent r="3" t="34" w="217" /><ent r="3" t="34" w="444" /><ent r="3" t="34" w="444" /><ent r="3" t="34" w="698" /><ent r="3" t="34" w="698" /><ent r="1000" t="35" w="1" /><ent r="1000" t="35" w="1" /><ent r="3" t="35" w="19" /><ent r="3" t="35" w="19" /><ent r="3" t="35" w="162" /><ent r="3" t="35" w="162" /><ent r="3" t="36" w="24" /><ent r="3" t="36" w="24" /><ent r="3" t="36" w="29" /><ent r="3" t="36" w="29" /><ent r="3" t="37" w="16" /><ent r="3" t="37" w="16" /><ent r="3" t="59" w="61" /><ent r="3" t="59" w="61" /></phr><phr n="-Line"><ent r="92" t="10" w="313" /><ent r="92" t="10" w="313" /><ent r="3" t="36" w="423" /><ent r="3" t="36" w="423" /></phr></stem><stem n="on-lin"><phr n="on-line"><ent r="3" t="0" w="76" /></phr></stem><stem n="line"><phr n="line"><ent r="3" t="0" w="77" /><ent r="64" t="3" w="384" /><ent r="3" t="3" w="397" /><ent r="100" t="5" w="139" /><ent r="8" t="5" w="142" /><ent r="8" t="5" w="145" /><ent r="6" t="5" w="206" /><ent r="8" t="5" w="212" /><ent r="8" t="5" w="217" /><ent r="6" t="5" w="523" /><ent r="6" t="5" w="547" /><ent r="5" t="5" w="578" /><ent r="6" t="5" w="911" /><ent r="3" t="8" w="228" /><ent r="3" t="8" w="269" /><ent r="92" t="9" w="108" /><ent r="3" t="9" w="123" /><ent r="3" t="9" w="128" /><ent r="3" t="9" w="135" /><ent r="3" t="10" w="334" /><ent r="3" t="11" w="16" /><ent r="3" t="11" w="29" /><ent r="65" t="14" w="45" /><ent r="3" t="14" w="87" /><ent r="3" t="14" w="92" /><ent r="3" t="14" w="116" /><ent r="5" t="14" w="184" /><ent r="5" t="14" w="223" /><ent r="5" t="14" w="261" /><ent r="3" t="14" w="284" /><ent r="3" t="14" w="289" /><ent r="5" t="14" w="307" /><ent r="5" t="14" w="384" /><ent r="5" t="14" w="455" /><ent r="5" t="14" w="880" /><ent r="5" t="14" w="888" /><ent r="5" t="14" w="968" /><ent r="5" t="14" w="1094" /><ent r="92" t="14" w="1145" /><ent r="3" t="14" w="1158" /><ent r="3" t="14" w="1171" /><ent r="4" t="14" w="1382" /><ent r="3" t="14" w="1573" /><ent r="3" t="14" w="1883" /><ent r="3" t="14" w="1931" /><ent r="3" t="15" w="499" /><ent r="3" t="16" w="104" /><ent r="3" t="16" w="1651" /><ent r="3" t="17" w="34" /><ent r="3" t="19" w="1165" /><ent r="4" t="21" w="2758" /><ent r="4" t="23" w="709" /><ent r="3" t="27" w="425" /><ent r="3" t="27" w="432" /><ent r="3" t="27" w="578" /><ent r="3" t="27" w="585" /><ent r="3" t="28" w="254" /><ent r="3" t="30" w="880" /><ent r="4" t="30" w="1124" /><ent r="5" t="30" w="1526" /><ent r="5" t="30" w="1618" /><ent r="3" t="30" w="1769" /><ent r="82" t="30" w="1862" /><ent r="3" t="30" w="1873" /><ent r="3" t="30" w="1881" /><ent r="4" t="31" w="191" /><ent r="3" t="31" w="201" /><ent r="3" t="31" w="210" /><ent r="3" t="31" w="232" /><ent r="4" t="31" w="266" /><ent r="4" t="31" w="309" /><ent r="4" t="31" w="519" /><ent r="65" t="31" w="549" /><ent r="5" t="31" w="570" /><ent r="65" t="31" w="588" /><ent r="4" t="31" w="615" /><ent r="65" t="31" w="627" /><ent r="4" t="31" w="654" /><ent r="3" t="31" w="902" /><ent r="3" t="31" w="1080" /><ent r="3" t="31" w="1082" /><ent r="3" t="31" w="1107" /><ent r="3" t="31" w="1132" /><ent r="3" t="31" w="1160" /><ent r="4" t="31" w="1466" /><ent r="4" t="31" w="1483" /><ent r="3" t="31" w="1574" /><ent r="3" t="31" w="1590" /><ent r="3" t="31" w="1611" /><ent r="4" t="31" w="1759" /><ent r="4" t="31" w="1783" /><ent r="4" t="31" w="1818" /><ent r="3" t="31" w="1908" /><ent r="3" t="31" w="1935" /><ent r="3" t="31" w="1952" /><ent r="3" t="31" w="1991" /><ent r="3" t="31" w="2006" /><ent r="3" t="31" w="2042" /><ent r="83" t="31" w="2179" /><ent r="4" t="31" w="2207" /><ent r="83" t="31" w="2277" /><ent r="3" t="31" w="2311" /><ent r="83" t="31" w="2514" /><ent r="3" t="31" w="2547" /><ent r="3" t="31" w="2713" /><ent r="3" t="31" w="2818" /><ent r="3" t="31" w="3266" /><ent r="3" t="31" w="3285" /><ent r="3" t="31" w="3334" /><ent r="3" t="31" w="3748" /><ent r="3" t="31" w="3890" /><ent r="3" t="31" w="3902" /><ent r="3" t="31" w="3955" /><ent r="3" t="31" w="4147" /><ent r="3" t="32" w="263" /><ent r="3" t="32" w="339" /><ent r="3" t="32" w="573" /><ent r="3" t="32" w="594" /><ent r="100" t="33" w="32" /><ent r="100" t="33" w="36" /><ent r="4" t="33" w="39" /><ent r="100" t="33" w="46" /><ent r="100" t="33" w="105" /><ent r="100" t="33" w="109" /><ent r="3" t="33" w="187" /><ent r="3" t="33" w="253" /><ent r="3" t="33" w="343" /><ent r="3" t="33" w="399" /><ent r="3" t="33" w="410" /><ent r="100" t="33" w="647" /><ent r="92" t="33" w="654" /><ent r="4" t="33" w="663" /><ent r="4" t="33" w="700" /><ent r="4" t="33" w="737" /><ent r="100" t="33" w="761" /><ent r="92" t="33" w="767" /><ent r="3" t="33" w="774" /><ent r="4" t="33" w="791" /><ent r="100" t="33" w="812" /><ent r="4" t="33" w="839" /><ent r="4" t="33" w="1299" /><ent r="4" t="33" w="1389" /><ent r="3" t="34" w="171" /><ent r="3" t="34" w="176" /><ent r="3" t="34" w="218" /><ent r="3" t="34" w="392" /><ent r="3" t="34" w="445" /><ent r="3" t="34" w="646" /><ent r="3" t="34" w="699" /><ent r="1000" t="35" w="2" /><ent r="3" t="35" w="20" /><ent r="3" t="35" w="103" /><ent r="3" t="35" w="163" /><ent r="3" t="36" w="25" /><ent r="3" t="36" w="30" /><ent r="3" t="36" w="377" /><ent r="3" t="36" w="393" /><ent r="3" t="36" w="430" /><ent r="3" t="37" w="17" /><ent r="3" t="37" w="111" /><ent r="4" t="37" w="354" /><ent r="5" t="37" w="482" /><ent r="3" t="37" w="684" /><ent r="3" t="39" w="394" /><ent r="72" t="40" w="1204" /><ent r="3" t="44" w="395" /><ent r="3" t="44" w="409" /><ent r="3" t="44" w="495" /><ent r="3" t="45" w="347" /><ent r="3" t="45" w="390" /><ent r="3" t="47" w="13" /><ent r="4" t="51" w="275" /><ent r="6" t="55" w="495" /><ent r="6" t="55" w="498" /><ent r="3" t="59" w="29" /><ent r="3" t="59" w="62" /></phr><phr n="lines"><ent r="3" t="4" w="31" /><ent r="3" t="4" w="47" /><ent r="3" t="6" w="225" /><ent r="3" t="9" w="96" /><ent r="3" t="18" w="804" /><ent r="3" t="19" w="26" /><ent r="4" t="19" w="104" /><ent r="3" t="20" w="22" /><ent r="3" t="21" w="2717" /><ent r="3" t="23" w="554" /><ent r="3" t="23" w="702" /><ent r="4" t="23" w="770" /><ent r="4" t="23" w="805" /><ent r="4" t="23" w="839" /><ent r="3" t="27" w="710" /><ent r="3" t="31" w="166" /><ent r="3" t="31" w="227" /><ent r="4" t="31" w="247" /><ent r="4" t="31" w="286" /><ent r="4" t="31" w="406" /><ent r="3" t="31" w="1415" /><ent r="3" t="31" w="1705" /><ent r="4" t="31" w="1810" /><ent r="4" t="31" w="1825" /><ent r="4" t="31" w="1836" /><ent r="3" t="31" w="2800" /><ent r="3" t="31" w="3695" /><ent r="3" t="31" w="3707" /><ent r="3" t="31" w="3736" /><ent r="3" t="31" w="4117" /><ent r="3" t="39" w="407" /><ent r="3" t="41" w="157" /></phr><phr n="Line"><ent r="92" t="10" w="314" /><ent r="65" t="14" w="58" /><ent r="92" t="14" w="72" /><ent r="4" t="31" w="3630" /><ent r="4" t="31" w="3653" /><ent r="4" t="31" w="3684" /><ent r="4" t="31" w="3844" /><ent r="4" t="31" w="3914" /><ent r="4" t="31" w="4005" /><ent r="3" t="32" w="582" /><ent r="1000" t="33" w="2" /><ent r="100" t="33" w="13" /><ent r="102" t="33" w="17" /><ent r="64" t="33" w="311" /><ent r="92" t="33" w="390" /><ent r="64" t="33" w="785" /><ent r="64" t="33" w="1456" /><ent r="102" t="35" w="7" /><ent r="100" t="35" w="77" /><ent r="3" t="35" w="85" /><ent r="3" t="35" w="115" /><ent r="3" t="36" w="313" /><ent r="3" t="36" w="424" /><ent r="1000" t="59" w="4" /><ent r="100" t="59" w="8" /></phr><phr n="LINE"><ent r="100" t="30" w="473" /><ent r="6" t="30" w="1608" /><ent r="100" t="31" w="22" /><ent r="100" t="31" w="135" /><ent r="65" t="31" w="392" /><ent r="100" t="31" w="795" /><ent r="83" t="31" w="1684" /><ent r="5" t="31" w="1692" /><ent r="100" t="31" w="1720" /><ent r="6" t="31" w="1723" /><ent r="100" t="31" w="1770" /><ent r="6" t="31" w="1773" /><ent r="5" t="31" w="1850" /><ent r="4" t="31" w="2372" /><ent r="6" t="31" w="2418" /><ent r="3" t="31" w="3509" /><ent r="3" t="31" w="3554" /><ent r="3" t="31" w="3595" /><ent r="3" t="31" w="3610" /><ent r="3" t="31" w="4002" /><ent r="3" t="31" w="4136" /><ent r="100" t="32" w="218" /><ent r="3" t="32" w="506" /><ent r="3" t="32" w="524" /><ent r="3" t="32" w="542" /><ent r="3" t="32" w="560" /></phr></stem><stem n="manual"><phr n="manual"><ent r="3" t="0" w="78" /><ent r="3" t="18" w="913" /><ent r="3" t="21" w="2916" /><ent r="3" t="23" w="902" /></phr></stem><stem n="learn"><phr n="learn"><ent r="3" t="0" w="80" /><ent r="3" t="4" w="172" /><ent r="3" t="50" w="46" /></phr><phr n="Learn"><ent r="3" t="4" w="72" /><ent r="3" t="4" w="92" /><ent r="3" t="4" w="131" /><ent r="3" t="4" w="203" /><ent r="3" t="4" w="230" /><ent r="3" t="4" w="278" /><ent r="3" t="4" w="308" /><ent r="3" t="4" w="347" /></phr><phr n="learned"><ent r="3" t="39" w="577" /></phr></stem><stem n="softwar"><phr n="Software"><ent r="3" t="0" w="84" /><ent r="1000" t="1" w="1" /><ent r="102" t="1" w="7" /><ent r="3" t="1" w="37" /><ent r="3" t="1" w="48" /><ent r="3" t="1" w="99" /><ent r="3" t="1" w="127" /><ent r="3" t="1" w="157" /><ent r="3" t="1" w="179" /><ent r="3" t="1" w="206" /><ent r="3" t="1" w="217" /><ent r="3" t="1" w="231" /><ent r="3" t="1" w="243" /><ent r="3" t="1" w="253" /><ent r="3" t="1" w="422" /><ent r="3" t="1" w="445" /><ent r="3" t="1" w="455" /><ent r="3" t="1" w="461" /><ent r="3" t="1" w="472" /><ent r="3" t="1" w="495" /><ent r="3" t="1" w="517" /><ent r="3" t="2" w="14" /></phr><phr n="SOFTWARE"><ent r="3" t="1" w="52" /><ent r="3" t="1" w="59" /><ent r="3" t="1" w="89" /></phr><phr n="software"><ent r="3" t="1" w="170" /><ent r="3" t="1" w="272" /><ent r="3" t="1" w="284" /><ent r="3" t="1" w="329" /></phr></stem><stem n="kit"><phr n="Kit"><ent r="3" t="0" w="86" /></phr></stem><stem n="sdk"><phr n="SDK"><ent r="3" t="0" w="87" /><ent r="3" t="47" w="466" /></phr></stem><stem n="(sdk)"><phr n="(SDK)"><ent r="3" t="0" w="88" /></phr></stem><stem n="—"><phr n="—"><ent r="3" t="0" w="88" /></phr></stem><stem n="set"><phr n="set"><ent r="3" t="0" w="89" /><ent r="3" t="3" w="292" /><ent r="3" t="4" w="264" /><ent r="6" t="5" w="981" /><ent r="6" t="5" w="1076" /><ent r="4" t="7" w="283" /><ent r="3" t="7" w="563" /><ent r="3" t="8" w="24" /><ent r="3" t="8" w="66" /><ent r="3" t="15" w="787" /><ent r="6" t="16" w="447" /><ent r="3" t="16" w="1146" /><ent r="3" t="16" w="1807" /><ent r="3" t="18" w="498" /><ent r="3" t="18" w="669" /><ent r="4" t="19" w="210" /><ent r="3" t="19" w="966" /><ent r="3" t="19" w="1157" /><ent r="3" t="21" w="67" /><ent r="3" t="21" w="291" /><ent r="3" t="22" w="95" /><ent r="3" t="24" w="778" /><ent r="3" t="24" w="809" /><ent r="3" t="25" w="185" /><ent r="3" t="25" w="362" /><ent r="4" t="25" w="393" /><ent r="4" t="25" w="397" /><ent r="4" t="25" w="411" /><ent r="4" t="25" w="415" /><ent r="4" t="25" w="465" /><ent r="3" t="25" w="511" /><ent r="3" t="25" w="823" /><ent r="3" t="25" w="844" /><ent r="3" t="25" w="902" /><ent r="3" t="25" w="933" /><ent r="3" t="25" w="1339" /><ent r="3" t="27" w="1132" /><ent r="3" t="27" w="1155" /><ent r="3" t="31" w="1164" /><ent r="3" t="31" w="1301" /><ent r="3" t="31" w="2954" /><ent r="3" t="31" w="2980" /><ent r="4" t="31" w="3180" /><ent r="100" t="32" w="174" /><ent r="3" t="32" w="195" /><ent r="3" t="32" w="308" /><ent r="3" t="32" w="422" /><ent r="64" t="33" w="213" /><ent r="4" t="33" w="689" /><ent r="4" t="33" w="1271" /><ent r="4" t="33" w="1347" /><ent r="3" t="34" w="469" /><ent r="3" t="34" w="480" /><ent r="3" t="34" w="723" /><ent r="3" t="34" w="734" /><ent r="3" t="35" w="154" /><ent r="64" t="37" w="38" /><ent r="3" t="37" w="135" /><ent r="4" t="37" w="304" /><ent r="4" t="39" w="106" /><ent r="3" t="42" w="344" /><ent r="3" t="50" w="29" /><ent r="7" t="53" w="414" /><ent r="7" t="53" w="567" /><ent r="5" t="55" w="813" /><ent r="5" t="55" w="1073" /><ent r="5" t="55" w="1106" /><ent r="6" t="55" w="1982" /><ent r="6" t="55" w="1995" /><ent r="6" t="55" w="2063" /></phr><phr n="sets"><ent r="4" t="3" w="217" /><ent r="4" t="3" w="234" /><ent r="3" t="3" w="434" /><ent r="3" t="8" w="230" /><ent r="4" t="15" w="208" /><ent r="6" t="16" w="728" /><ent r="6" t="16" w="753" /><ent r="6" t="16" w="770" /><ent r="3" t="16" w="1112" /><ent r="3" t="19" w="282" /><ent r="3" t="19" w="298" /><ent r="4" t="19" w="674" /><ent r="4" t="19" w="683" /><ent r="3" t="19" w="868" /><ent r="3" t="25" w="173" /><ent r="3" t="29" w="37" /><ent r="3" t="29" w="88" /><ent r="3" t="30" w="224" /><ent r="3" t="30" w="248" /><ent r="3" t="31" w="1265" /><ent r="4" t="31" w="2629" /><ent r="4" t="31" w="2650" /><ent r="4" t="31" w="3017" /><ent r="4" t="31" w="3046" /><ent r="3" t="31" w="3124" /><ent r="4" t="31" w="3148" /><ent r="3" t="33" w="137" /><ent r="3" t="33" w="602" /><ent r="3" t="33" w="616" /><ent r="3" t="34" w="456" /><ent r="3" t="34" w="486" /><ent r="3" t="34" w="593" /><ent r="3" t="34" w="710" /><ent r="3" t="34" w="740" /><ent r="3" t="34" w="848" /><ent r="3" t="36" w="447" /><ent r="4" t="51" w="280" /><ent r="6" t="55" w="2011" /><ent r="6" t="55" w="2085" /></phr><phr n="Set"><ent r="3" t="4" w="420" /><ent r="6" t="5" w="627" /><ent r="4" t="7" w="104" /><ent r="5" t="7" w="310" /><ent r="5" t="7" w="324" /><ent r="5" t="7" w="369" /><ent r="5" t="7" w="378" /><ent r="5" t="7" w="389" /><ent r="5" t="7" w="403" /><ent r="5" t="7" w="438" /><ent r="3" t="8" w="30" /><ent r="3" t="8" w="92" /><ent r="4" t="8" w="192" /><ent r="3" t="8" w="336" /><ent r="4" t="21" w="2741" /><ent r="3" t="27" w="410" /><ent r="3" t="27" w="563" /><ent r="100" t="32" w="180" /><ent r="100" t="32" w="274" /><ent r="4" t="33" w="752" /><ent r="4" t="38" w="248" /><ent r="4" t="38" w="290" /><ent r="5" t="38" w="331" /><ent r="5" t="55" w="1087" /></phr><phr n="setting"><ent r="6" t="5" w="646" /><ent r="6" t="5" w="679" /><ent r="3" t="19" w="1243" /><ent r="5" t="31" w="1366" /></phr><phr n="Setting"><ent r="6" t="5" w="667" /><ent r="4" t="22" w="242" /><ent r="3" t="47" w="614" /></phr><phr n="settings"><ent r="6" t="5" w="903" /><ent r="3" t="18" w="653" /><ent r="3" t="44" w="159" /><ent r="4" t="50" w="367" /></phr><phr n="Settings"><ent r="100" t="6" w="12" /><ent r="5" t="6" w="36" /><ent r="3" t="11" w="103" /><ent r="100" t="15" w="738" /><ent r="92" t="15" w="742" /><ent r="4" t="26" w="53" /><ent r="7" t="33" w="1049" /><ent r="3" t="34" w="205" /><ent r="3" t="36" w="212" /><ent r="3" t="37" w="207" /><ent r="100" t="37" w="287" /><ent r="5" t="37" w="290" /><ent r="4" t="40" w="211" /><ent r="100" t="40" w="696" /><ent r="4" t="40" w="708" /><ent r="3" t="41" w="125" /><ent r="4" t="43" w="74" /><ent r="3" t="43" w="148" /><ent r="3" t="43" w="175" /><ent r="3" t="44" w="16" /><ent r="3" t="44" w="118" /><ent r="3" t="44" w="205" /><ent r="3" t="44" w="250" /><ent r="6" t="44" w="254" /><ent r="3" t="47" w="55" /><ent r="3" t="47" w="89" /><ent r="3" t="47" w="176" /><ent r="3" t="47" w="271" /><ent r="4" t="47" w="387" /><ent r="6" t="47" w="399" /><ent r="3" t="47" w="458" /><ent r="3" t="47" w="843" /><ent r="100" t="50" w="344" /><ent r="100" t="50" w="347" /><ent r="6" t="50" w="350" /><ent r="100" t="56" w="35" /><ent r="4" t="56" w="38" /></phr><phr n="Sets"><ent r="4" t="31" w="827" /><ent r="5" t="42" w="240" /><ent r="6" t="55" w="1969" /></phr></stem><stem n="tool"><phr n="tools"><ent r="3" t="0" w="91" /><ent r="4" t="4" w="282" /><ent r="6" t="44" w="300" /><ent r="6" t="47" w="445" /><ent r="3" t="47" w="634" /></phr><phr n="Tools"><ent r="64" t="4" w="275" /><ent r="1000" t="11" w="2" /><ent r="102" t="11" w="6" /><ent r="3" t="11" w="104" /><ent r="3" t="11" w="131" /><ent r="7" t="33" w="1050" /><ent r="3" t="34" w="120" /><ent r="3" t="34" w="186" /><ent r="3" t="34" w="206" /><ent r="3" t="34" w="294" /><ent r="3" t="36" w="213" /><ent r="3" t="36" w="244" /><ent r="3" t="37" w="201" /><ent r="100" t="37" w="277" /><ent r="5" t="37" w="279" /><ent r="4" t="41" w="739" /><ent r="4" t="41" w="777" /><ent r="4" t="44" w="60" /><ent r="6" t="44" w="297" /><ent r="6" t="47" w="442" /><ent r="3" t="47" w="636" /></phr><phr n="tool"><ent r="3" t="11" w="58" /><ent r="3" t="34" w="62" /><ent r="3" t="34" w="109" /><ent r="3" t="34" w="266" /><ent r="3" t="34" w="281" /><ent r="4" t="34" w="334" /><ent r="3" t="34" w="602" /><ent r="3" t="34" w="857" /><ent r="3" t="38" w="416" /><ent r="3" t="41" w="715" /></phr></stem><stem n="custom"><phr n="customize"><ent r="3" t="0" w="96" /><ent r="3" t="50" w="49" /></phr><phr n="Customizing"><ent r="64" t="0" w="110" /><ent r="64" t="0" w="167" /><ent r="100" t="10" w="11" /><ent r="100" t="10" w="13" /><ent r="100" t="10" w="15" /><ent r="102" t="10" w="21" /><ent r="1000" t="50" w="1" /><ent r="100" t="50" w="10" /><ent r="100" t="50" w="12" /><ent r="100" t="50" w="14" /><ent r="102" t="50" w="18" /></phr><phr n="custom"><ent r="3" t="0" w="121" /><ent r="3" t="3" w="310" /><ent r="5" t="4" w="353" /><ent r="3" t="4" w="360" /><ent r="8" t="5" w="131" /><ent r="7" t="5" w="134" /><ent r="6" t="5" w="152" /><ent r="6" t="5" w="177" /><ent r="8" t="5" w="185" /><ent r="6" t="5" w="191" /><ent r="7" t="5" w="198" /><ent r="100" t="5" w="299" /><ent r="100" t="5" w="304" /><ent r="6" t="5" w="333" /><ent r="4" t="5" w="797" /><ent r="100" t="6" w="161" /><ent r="100" t="6" w="166" /><ent r="5" t="6" w="171" /><ent r="3" t="6" w="233" /><ent r="3" t="10" w="34" /><ent r="3" t="10" w="101" /><ent r="3" t="10" w="266" /><ent r="3" t="10" w="336" /><ent r="3" t="12" w="127" /><ent r="3" t="14" w="23" /><ent r="3" t="15" w="46" /><ent r="3" t="15" w="92" /><ent r="3" t="15" w="119" /><ent r="3" t="15" w="289" /><ent r="3" t="15" w="320" /><ent r="4" t="15" w="896" /><ent r="3" t="18" w="66" /><ent r="3" t="19" w="1277" /><ent r="4" t="22" w="200" /><ent r="3" t="23" w="540" /><ent r="3" t="24" w="177" /><ent r="3" t="24" w="432" /><ent r="3" t="24" w="584" /><ent r="3" t="24" w="736" /><ent r="3" t="25" w="356" /><ent r="3" t="25" w="1446" /><ent r="3" t="25" w="1484" /><ent r="3" t="25" w="1501" /><ent r="3" t="27" w="64" /><ent r="3" t="27" w="120" /><ent r="3" t="30" w="38" /><ent r="3" t="31" w="97" /><ent r="100" t="32" w="88" /><ent r="100" t="32" w="93" /><ent r="3" t="32" w="100" /><ent r="3" t="32" w="138" /><ent r="3" t="33" w="425" /><ent r="3" t="38" w="28" /><ent r="3" t="38" w="217" /><ent r="4" t="38" w="257" /><ent r="3" t="38" w="403" /><ent r="3" t="39" w="19" /><ent r="93" t="39" w="275" /><ent r="93" t="39" w="442" /><ent r="5" t="42" w="231" /><ent r="3" t="42" w="278" /></phr><phr n="Custom"><ent r="1000" t="3" w="1" /><ent r="100" t="3" w="8" /><ent r="102" t="3" w="13" /><ent r="102" t="4" w="5" /><ent r="100" t="4" w="13" /><ent r="64" t="4" w="343" /><ent r="100" t="5" w="128" /><ent r="100" t="5" w="149" /><ent r="100" t="5" w="167" /><ent r="100" t="5" w="173" /><ent r="6" t="5" w="545" /><ent r="100" t="5" w="685" /><ent r="3" t="5" w="709" /><ent r="92" t="5" w="762" /><ent r="4" t="5" w="793" /><ent r="100" t="6" w="142" /><ent r="3" t="6" w="150" /><ent r="100" t="8" w="550" /><ent r="100" t="10" w="71" /><ent r="92" t="10" w="75" /><ent r="3" t="10" w="206" /><ent r="100" t="10" w="238" /><ent r="92" t="10" w="243" /><ent r="92" t="10" w="312" /><ent r="5" t="13" w="157" /><ent r="1000" t="14" w="3" /><ent r="102" t="14" w="9" /><ent r="1000" t="15" w="1" /><ent r="102" t="15" w="5" /><ent r="100" t="15" w="30" /><ent r="3" t="15" w="253" /><ent r="64" t="15" w="314" /><ent r="67" t="16" w="793" /><ent r="3" t="18" w="896" /><ent r="92" t="21" w="2563" /><ent r="1000" t="23" w="5" /><ent r="102" t="23" w="12" /><ent r="1000" t="24" w="5" /><ent r="102" t="24" w="12" /><ent r="102" t="25" w="10" /><ent r="3" t="29" w="134" /><ent r="100" t="32" w="7" /><ent r="100" t="32" w="18" /><ent r="100" t="32" w="35" /><ent r="100" t="32" w="45" /><ent r="100" t="32" w="49" /><ent r="100" t="32" w="53" /><ent r="3" t="32" w="78" /><ent r="3" t="32" w="95" /><ent r="3" t="32" w="145" /><ent r="3" t="32" w="168" /><ent r="3" t="32" w="502" /><ent r="3" t="32" w="520" /><ent r="3" t="32" w="538" /><ent r="3" t="32" w="556" /><ent r="3" t="32" w="568" /><ent r="3" t="32" w="588" /><ent r="3" t="32" w="602" /><ent r="65" t="33" w="801" /><ent r="3" t="36" w="321" /><ent r="1000" t="38" w="2" /><ent r="100" t="38" w="8" /><ent r="100" t="38" w="11" /><ent r="100" t="38" w="20" /><ent r="102" t="38" w="24" /><ent r="100" t="38" w="51" /><ent r="100" t="38" w="55" /><ent r="100" t="38" w="59" /><ent r="92" t="38" w="65" /><ent r="92" t="38" w="206" /><ent r="100" t="38" w="388" /><ent r="92" t="38" w="394" /><ent r="64" t="38" w="421" /><ent r="1000" t="39" w="3" /><ent r="100" t="39" w="8" /><ent r="102" t="39" w="13" /><ent r="4" t="44" w="28" /><ent r="6" t="44" w="260" /><ent r="6" t="47" w="405" /><ent r="3" t="47" w="622" /><ent r="1000" t="48" w="2" /></phr><phr n="customers"><ent r="3" t="3" w="486" /><ent r="3" t="38" w="86" /></phr><phr n="Customized"><ent r="1000" t="10" w="1" /><ent r="64" t="15" w="729" /><ent r="64" t="42" w="321" /></phr><phr n="customer"><ent r="4" t="12" w="252" /><ent r="3" t="21" w="2593" /></phr><phr n="Customer"><ent r="3" t="28" w="98" /></phr></stem><stem n="how"><phr n="how"><ent r="3" t="0" w="97" /><ent r="3" t="0" w="116" /><ent r="3" t="0" w="124" /><ent r="3" t="0" w="147" /><ent r="3" t="0" w="172" /><ent r="3" t="4" w="83" /><ent r="3" t="4" w="104" /><ent r="3" t="4" w="109" /><ent r="3" t="4" w="258" /><ent r="3" t="4" w="349" /><ent r="3" t="8" w="576" /><ent r="4" t="15" w="364" /><ent r="6" t="16" w="414" /><ent r="3" t="23" w="331" /><ent r="3" t="23" w="1349" /><ent r="3" t="24" w="668" /><ent r="3" t="25" w="954" /><ent r="3" t="27" w="287" /><ent r="3" t="27" w="377" /><ent r="3" t="34" w="467" /><ent r="3" t="34" w="721" /><ent r="3" t="35" w="130" /><ent r="4" t="42" w="470" /><ent r="3" t="50" w="47" /></phr><phr n="How"><ent r="82" t="7" w="256" /><ent r="3" t="27" w="229" /><ent r="3" t="43" w="170" /><ent r="3" t="43" w="185" /><ent r="3" t="43" w="197" /><ent r="92" t="56" w="291" /></phr></stem></index>