﻿<?xml version="1.0" encoding="utf-8"?><index><stem n="(1)"><phr n="(1)"><ent r="3" t="1" w="167" /><ent r="4" t="21" w="673" /><ent r="3" t="21" w="855" /></phr></stem><stem n="backup"><phr n="backup"><ent r="3" t="1" w="173" /></phr></stem><stem n="otherwis"><phr n="otherwise"><ent r="3" t="1" w="181" /><ent r="4" t="25" w="588" /><ent r="3" t="45" w="321" /><ent r="5" t="55" w="826" /></phr><phr n="Otherwise"><ent r="5" t="55" w="1061" /></phr></stem><stem n="same"><phr n="same"><ent r="3" t="1" w="197" /><ent r="3" t="3" w="161" /><ent r="6" t="5" w="348" /><ent r="3" t="10" w="300" /><ent r="3" t="10" w="371" /><ent r="5" t="13" w="83" /><ent r="5" t="13" w="120" /><ent r="3" t="14" w="1711" /><ent r="3" t="15" w="258" /><ent r="3" t="18" w="52" /><ent r="4" t="18" w="597" /><ent r="3" t="18" w="651" /><ent r="4" t="19" w="110" /><ent r="4" t="19" w="123" /><ent r="3" t="19" w="1400" /><ent r="3" t="21" w="1767" /><ent r="4" t="21" w="2277" /><ent r="3" t="23" w="926" /><ent r="3" t="23" w="938" /><ent r="3" t="23" w="984" /><ent r="3" t="23" w="1122" /><ent r="3" t="24" w="298" /><ent r="4" t="24" w="526" /><ent r="3" t="25" w="124" /><ent r="3" t="25" w="1193" /><ent r="3" t="30" w="374" /><ent r="3" t="30" w="1325" /><ent r="3" t="30" w="1892" /><ent r="4" t="33" w="795" /><ent r="4" t="33" w="1414" /><ent r="3" t="42" w="306" /><ent r="4" t="43" w="88" /><ent r="3" t="44" w="441" /><ent r="3" t="45" w="364" /><ent r="3" t="47" w="121" /><ent r="3" t="52" w="19" /><ent r="6" t="53" w="352" /><ent r="6" t="53" w="380" /><ent r="7" t="53" w="544" /><ent r="3" t="54" w="75" /><ent r="5" t="55" w="161" /><ent r="3" t="56" w="372" /></phr><phr n="Same"><ent r="5" t="13" w="124" /><ent r="5" t="13" w="231" /><ent r="5" t="13" w="238" /><ent r="5" t="13" w="245" /><ent r="5" t="13" w="253" /><ent r="5" t="13" w="259" /><ent r="5" t="13" w="266" /></phr></stem><stem n="time"><phr n="time"><ent r="3" t="1" w="198" /><ent r="4" t="12" w="58" /><ent r="5" t="14" w="862" /><ent r="6" t="16" w="724" /><ent r="3" t="16" w="1052" /><ent r="3" t="16" w="1058" /><ent r="3" t="16" w="1064" /><ent r="3" t="16" w="1131" /><ent r="3" t="16" w="1137" /><ent r="3" t="16" w="1157" /><ent r="3" t="18" w="222" /><ent r="4" t="18" w="576" /><ent r="4" t="18" w="598" /><ent r="5" t="18" w="815" /><ent r="4" t="18" w="819" /><ent r="3" t="21" w="51" /><ent r="4" t="21" w="639" /><ent r="4" t="21" w="745" /><ent r="4" t="21" w="771" /><ent r="3" t="21" w="1459" /><ent r="3" t="21" w="1464" /><ent r="3" t="21" w="1481" /><ent r="3" t="21" w="1495" /><ent r="3" t="21" w="1504" /><ent r="4" t="21" w="1538" /><ent r="3" t="21" w="1744" /><ent r="3" t="23" w="425" /><ent r="4" t="24" w="493" /><ent r="3" t="25" w="904" /><ent r="3" t="26" w="25" /><ent r="4" t="26" w="175" /><ent r="3" t="28" w="191" /><ent r="5" t="30" w="1460" /><ent r="92" t="31" w="780" /><ent r="4" t="31" w="819" /><ent r="3" t="31" w="3094" /><ent r="4" t="33" w="626" /><ent r="3" t="33" w="639" /><ent r="3" t="42" w="30" /><ent r="5" t="42" w="68" /><ent r="5" t="42" w="77" /><ent r="4" t="42" w="128" /><ent r="4" t="42" w="130" /><ent r="5" t="42" w="171" /><ent r="4" t="42" w="410" /><ent r="4" t="42" w="446" /><ent r="6" t="55" w="798" /><ent r="5" t="55" w="802" /><ent r="5" t="55" w="1814" /><ent r="5" t="55" w="1837" /><ent r="5" t="55" w="1864" /><ent r="5" t="55" w="1893" /><ent r="3" t="58" w="44" /><ent r="4" t="58" w="81" /><ent r="100" t="58" w="86" /><ent r="5" t="58" w="91" /></phr><phr n="Time"><ent r="5" t="13" w="58" /><ent r="5" t="13" w="136" /><ent r="5" t="13" w="164" /><ent r="5" t="13" w="173" /><ent r="5" t="13" w="193" /><ent r="5" t="13" w="213" /><ent r="5" t="13" w="222" /><ent r="5" t="13" w="285" /><ent r="5" t="13" w="678" /><ent r="5" t="13" w="714" /><ent r="5" t="13" w="750" /><ent r="4" t="21" w="640" /><ent r="4" t="21" w="1648" /><ent r="4" t="21" w="1667" /><ent r="5" t="26" w="163" /><ent r="3" t="32" w="610" /><ent r="3" t="32" w="619" /><ent r="100" t="42" w="145" /><ent r="92" t="42" w="150" /><ent r="7" t="55" w="393" /><ent r="7" t="55" w="969" /></phr><phr n="times"><ent r="3" t="20" w="131" /><ent r="4" t="42" w="86" /><ent r="3" t="42" w="379" /><ent r="4" t="42" w="418" /></phr><phr n="TIME"><ent r="4" t="30" w="1272" /><ent r="100" t="31" w="318" /><ent r="65" t="31" w="824" /><ent r="3" t="31" w="3100" /><ent r="83" t="31" w="3116" /><ent r="5" t="31" w="3121" /><ent r="5" t="31" w="3145" /><ent r="100" t="42" w="5" /><ent r="6" t="42" w="234" /><ent r="3" t="42" w="347" /></phr><phr n="Times"><ent r="1000" t="42" w="3" /><ent r="100" t="42" w="12" /><ent r="100" t="42" w="15" /><ent r="100" t="42" w="18" /><ent r="102" t="42" w="23" /><ent r="3" t="42" w="39" /></phr><phr n="Timing"><ent r="100" t="42" w="93" /><ent r="100" t="42" w="95" /><ent r="100" t="42" w="104" /><ent r="5" t="42" w="106" /></phr><phr n="timings"><ent r="4" t="42" w="399" /><ent r="4" t="42" w="432" /></phr></stem><stem n="rent"><phr n="rent"><ent r="3" t="1" w="202" /></phr></stem><stem n="leas"><phr n="lease"><ent r="3" t="1" w="204" /></phr></stem><stem n="nor"><phr n="nor"><ent r="3" t="1" w="207" /><ent r="4" t="21" w="2142" /><ent r="3" t="23" w="78" /><ent r="3" t="27" w="183" /><ent r="3" t="45" w="333" /></phr></stem><stem n="modifi"><phr n="modify"><ent r="3" t="1" w="210" /><ent r="3" t="3" w="446" /><ent r="3" t="38" w="118" /><ent r="4" t="51" w="77" /></phr><phr n="modified"><ent r="3" t="3" w="113" /><ent r="3" t="38" w="162" /><ent r="3" t="38" w="198" /><ent r="100" t="53" w="459" /><ent r="7" t="53" w="464" /></phr><phr n="modifier"><ent r="4" t="21" w="2307" /><ent r="6" t="21" w="2444" /><ent r="6" t="21" w="2454" /></phr><phr n="Modified"><ent r="3" t="27" w="68" /><ent r="3" t="47" w="683" /></phr><phr n="modifies"><ent r="3" t="30" w="1593" /></phr><phr n="modifying"><ent r="3" t="38" w="179" /><ent r="3" t="50" w="53" /></phr></stem><stem n="adapt"><phr n="adapt"><ent r="3" t="1" w="211" /></phr></stem><stem n="translat"><phr n="translate"><ent r="3" t="1" w="212" /></phr></stem><stem n="disassembl"><phr n="disassemble"><ent r="3" t="1" w="215" /></phr></stem><stem n="violat"><phr n="violate"><ent r="3" t="1" w="220" /></phr></stem><stem n="part"><phr n="part"><ent r="3" t="1" w="222" /><ent r="3" t="5" w="61" /><ent r="3" t="5" w="74" /><ent r="6" t="5" w="226" /><ent r="6" t="5" w="279" /><ent r="5" t="5" w="372" /><ent r="5" t="14" w="250" /><ent r="3" t="14" w="1964" /><ent r="3" t="14" w="1971" /><ent r="3" t="23" w="72" /><ent r="3" t="23" w="1111" /><ent r="3" t="23" w="1142" /><ent r="3" t="24" w="712" /><ent r="3" t="30" w="390" /><ent r="4" t="33" w="861" /><ent r="6" t="33" w="1104" /><ent r="3" t="55" w="198" /><ent r="5" t="55" w="1584" /></phr><phr n="parts"><ent r="3" t="3" w="375" /><ent r="3" t="5" w="59" /><ent r="4" t="5" w="1110" /><ent r="3" t="6" w="47" /><ent r="3" t="6" w="53" /><ent r="3" t="31" w="2993" /><ent r="4" t="31" w="3027" /></phr><phr n="Parts"><ent r="102" t="5" w="5" /><ent r="100" t="5" w="89" /><ent r="92" t="5" w="92" /></phr><phr n="Part"><ent r="100" t="5" w="46" /><ent r="92" t="5" w="50" /></phr></stem><stem n="termin"><phr n="terminates"><ent r="3" t="1" w="232" /><ent r="3" t="31" w="1344" /><ent r="3" t="31" w="1627" /><ent r="3" t="31" w="1671" /><ent r="3" t="31" w="4123" /></phr><phr n="terminated"><ent r="4" t="21" w="1088" /><ent r="4" t="30" w="1076" /><ent r="4" t="31" w="1746" /><ent r="3" t="31" w="4078" /><ent r="3" t="32" w="264" /></phr><phr n="terminal"><ent r="3" t="27" w="713" /></phr><phr n="Termination"><ent r="100" t="30" w="1033" /><ent r="82" t="30" w="1039" /></phr><phr n="terminate"><ent r="3" t="30" w="1750" /><ent r="3" t="31" w="1187" /><ent r="5" t="31" w="1363" /><ent r="3" t="31" w="2895" /><ent r="4" t="40" w="1179" /></phr><phr n="Terminates"><ent r="4" t="31" w="488" /><ent r="4" t="31" w="500" /></phr></stem><stem n="automat"><phr n="automatically"><ent r="3" t="1" w="233" /><ent r="3" t="4" w="213" /><ent r="3" t="12" w="17" /><ent r="3" t="12" w="105" /><ent r="5" t="14" w="217" /><ent r="5" t="14" w="256" /><ent r="4" t="25" w="396" /><ent r="4" t="25" w="414" /><ent r="3" t="30" w="1560" /><ent r="3" t="31" w="1057" /><ent r="3" t="31" w="1343" /><ent r="4" t="36" w="149" /><ent r="5" t="37" w="863" /><ent r="3" t="55" w="1284" /></phr><phr n="Automatically"><ent r="64" t="12" w="111" /><ent r="4" t="12" w="207" /><ent r="1000" t="13" w="1" /><ent r="102" t="13" w="6" /></phr></stem><stem n="disclaim"><phr n="Disclaimer"><ent r="82" t="1" w="248" /></phr><phr n="disclaims"><ent r="3" t="1" w="323" /></phr></stem><stem n="warranti"><phr n="Warranty"><ent r="82" t="1" w="250" /></phr><phr n="warranty"><ent r="3" t="1" w="264" /></phr><phr n="warranties"><ent r="3" t="1" w="325" /><ent r="3" t="1" w="339" /></phr></stem><stem n="relat"><phr n="related"><ent r="3" t="1" w="256" /><ent r="6" t="5" w="930" /><ent r="6" t="5" w="1020" /><ent r="65" t="55" w="109" /><ent r="6" t="55" w="529" /><ent r="6" t="55" w="578" /><ent r="6" t="55" w="591" /><ent r="5" t="55" w="913" /><ent r="5" t="55" w="932" /><ent r="93" t="55" w="1393" /><ent r="6" t="55" w="2006" /></phr><phr n="relating"><ent r="3" t="1" w="326" /><ent r="3" t="1" w="703" /></phr><phr n="relational"><ent r="3" t="14" w="1444" /><ent r="4" t="21" w="139" /></phr><phr n="Relational"><ent r="100" t="21" w="351" /><ent r="4" t="21" w="354" /></phr></stem><stem n="provid"><phr n="provided"><ent r="3" t="1" w="259" /><ent r="4" t="21" w="187" /><ent r="3" t="21" w="1484" /><ent r="3" t="21" w="1498" /><ent r="100" t="32" w="39" /><ent r="100" t="32" w="43" /><ent r="100" t="32" w="57" /><ent r="3" t="32" w="74" /><ent r="3" t="37" w="187" /><ent r="3" t="43" w="141" /><ent r="3" t="44" w="214" /></phr><phr n="Provides"><ent r="5" t="5" w="429" /></phr><phr n="provides"><ent r="4" t="16" w="911" /><ent r="3" t="16" w="1186" /><ent r="3" t="19" w="449" /><ent r="3" t="19" w="943" /><ent r="3" t="23" w="147" /><ent r="3" t="33" w="24" /><ent r="3" t="33" w="335" /><ent r="3" t="34" w="10" /><ent r="3" t="43" w="11" /><ent r="3" t="44" w="233" /><ent r="3" t="45" w="188" /><ent r="3" t="45" w="224" /><ent r="3" t="45" w="253" /><ent r="3" t="51" w="517" /><ent r="6" t="53" w="151" /><ent r="6" t="53" w="226" /></phr><phr n="provide"><ent r="4" t="17" w="370" /><ent r="3" t="31" w="1227" /><ent r="3" t="33" w="371" /><ent r="3" t="34" w="342" /><ent r="3" t="47" w="19" /><ent r="3" t="52" w="44" /></phr><phr n="providing"><ent r="3" t="23" w="961" /></phr><phr n="Provide"><ent r="4" t="51" w="92" /></phr></stem><stem n="&quot;a"><phr n="&quot;AS"><ent r="3" t="1" w="260" /></phr></stem><stem n="&quot;"><phr n="&quot;"><ent r="3" t="1" w="262" /><ent r="3" t="1" w="462" /><ent r="3" t="1" w="470" /><ent r="3" t="5" w="733" /><ent r="3" t="5" w="740" /><ent r="4" t="7" w="634" /><ent r="3" t="8" w="79" /><ent r="3" t="8" w="226" /><ent r="3" t="8" w="587" /><ent r="3" t="9" w="56" /><ent r="3" t="9" w="62" /><ent r="3" t="9" w="69" /><ent r="3" t="9" w="71" /><ent r="3" t="12" w="151" /><ent r="3" t="12" w="156" /><ent r="3" t="12" w="161" /><ent r="5" t="14" w="1199" /><ent r="3" t="15" w="589" /><ent r="3" t="15" w="608" /><ent r="6" t="16" w="506" /><ent r="3" t="16" w="993" /><ent r="3" t="16" w="1009" /><ent r="3" t="17" w="143" /><ent r="3" t="17" w="152" /><ent r="3" t="17" w="165" /><ent r="5" t="17" w="350" /><ent r="4" t="17" w="381" /><ent r="4" t="19" w="259" /><ent r="3" t="19" w="555" /><ent r="3" t="19" w="577" /><ent r="3" t="19" w="912" /><ent r="3" t="19" w="955" /><ent r="3" t="19" w="1292" /><ent r="3" t="19" w="1332" /><ent r="3" t="19" w="1349" /><ent r="3" t="19" w="1366" /><ent r="3" t="19" w="1416" /><ent r="3" t="19" w="1424" /><ent r="3" t="19" w="1433" /><ent r="3" t="19" w="1442" /><ent r="3" t="19" w="1450" /><ent r="3" t="19" w="1460" /><ent r="3" t="19" w="1473" /><ent r="3" t="19" w="1481" /><ent r="3" t="19" w="1489" /><ent r="3" t="19" w="1499" /><ent r="3" t="19" w="1508" /><ent r="3" t="19" w="1516" /><ent r="3" t="19" w="1524" /><ent r="3" t="19" w="1534" /><ent r="3" t="20" w="260" /><ent r="3" t="21" w="895" /><ent r="3" t="21" w="898" /><ent r="3" t="21" w="1206" /><ent r="3" t="21" w="1207" /><ent r="3" t="21" w="1256" /><ent r="3" t="21" w="1265" /><ent r="3" t="21" w="1301" /><ent r="3" t="21" w="1302" /><ent r="3" t="21" w="1310" /><ent r="3" t="21" w="1317" /><ent r="3" t="21" w="1318" /><ent r="3" t="21" w="1326" /><ent r="4" t="21" w="1549" /><ent r="3" t="21" w="1711" /><ent r="3" t="21" w="2541" /><ent r="4" t="21" w="2683" /><ent r="4" t="21" w="2693" /><ent r="4" t="22" w="225" /><ent r="4" t="22" w="292" /><ent r="3" t="23" w="307" /><ent r="3" t="23" w="313" /><ent r="3" t="23" w="316" /><ent r="3" t="23" w="319" /><ent r="3" t="23" w="322" /><ent r="3" t="23" w="325" /><ent r="3" t="23" w="513" /><ent r="3" t="23" w="998" /><ent r="3" t="23" w="1007" /><ent r="3" t="23" w="1046" /><ent r="3" t="23" w="1055" /><ent r="3" t="23" w="1073" /><ent r="3" t="23" w="1289" /><ent r="3" t="23" w="1298" /><ent r="3" t="23" w="1305" /><ent r="3" t="23" w="1552" /><ent r="4" t="23" w="1632" /><ent r="3" t="24" w="863" /><ent r="3" t="25" w="971" /><ent r="3" t="25" w="976" /><ent r="3" t="25" w="992" /><ent r="3" t="25" w="998" /><ent r="3" t="25" w="1004" /><ent r="3" t="25" w="1010" /><ent r="3" t="25" w="1016" /><ent r="3" t="25" w="1022" /><ent r="3" t="25" w="1041" /><ent r="3" t="25" w="1048" /><ent r="3" t="25" w="1307" /><ent r="3" t="25" w="1315" /><ent r="3" t="25" w="1323" /><ent r="3" t="25" w="1375" /><ent r="3" t="25" w="1414" /><ent r="3" t="25" w="1422" /><ent r="3" t="25" w="1430" /><ent r="3" t="27" w="134" /><ent r="3" t="27" w="149" /><ent r="3" t="27" w="497" /><ent r="3" t="27" w="512" /><ent r="3" t="27" w="543" /><ent r="3" t="27" w="658" /><ent r="3" t="27" w="673" /><ent r="3" t="27" w="704" /><ent r="3" t="27" w="781" /><ent r="3" t="27" w="796" /><ent r="3" t="27" w="827" /><ent r="3" t="27" w="891" /><ent r="3" t="27" w="906" /><ent r="3" t="27" w="937" /><ent r="3" t="27" w="1073" /><ent r="3" t="27" w="1088" /><ent r="3" t="27" w="1119" /><ent r="3" t="27" w="1220" /><ent r="3" t="27" w="1235" /><ent r="3" t="27" w="1251" /><ent r="3" t="27" w="1268" /><ent r="3" t="27" w="1279" /><ent r="3" t="27" w="1284" /><ent r="3" t="27" w="1297" /><ent r="3" t="27" w="1302" /><ent r="3" t="27" w="1311" /><ent r="3" t="27" w="1316" /><ent r="3" t="27" w="1321" /><ent r="3" t="27" w="1333" /><ent r="3" t="27" w="1339" /><ent r="3" t="27" w="1345" /><ent r="3" t="27" w="1351" /><ent r="3" t="27" w="1357" /><ent r="3" t="27" w="1363" /><ent r="3" t="27" w="1369" /><ent r="3" t="27" w="1375" /><ent r="3" t="27" w="1381" /><ent r="3" t="27" w="1387" /><ent r="3" t="27" w="1393" /><ent r="3" t="27" w="1399" /><ent r="3" t="27" w="1405" /><ent r="3" t="27" w="1411" /><ent r="3" t="27" w="1417" /><ent r="3" t="27" w="1423" /><ent r="3" t="27" w="1429" /><ent r="3" t="27" w="1435" /><ent r="3" t="27" w="1441" /><ent r="3" t="27" w="1447" /><ent r="3" t="27" w="1453" /><ent r="3" t="27" w="1459" /><ent r="3" t="27" w="1465" /><ent r="3" t="27" w="1471" /><ent r="3" t="27" w="1477" /><ent r="3" t="27" w="1483" /><ent r="3" t="27" w="1489" /><ent r="3" t="27" w="1495" /><ent r="3" t="27" w="1501" /><ent r="3" t="27" w="1507" /><ent r="3" t="28" w="94" /><ent r="3" t="30" w="390" /><ent r="3" t="30" w="442" /><ent r="3" t="30" w="1897" /><ent r="3" t="30" w="1900" /><ent r="3" t="30" w="1904" /><ent r="3" t="30" w="1966" /><ent r="3" t="30" w="1972" /><ent r="3" t="30" w="1979" /><ent r="3" t="30" w="1981" /><ent r="3" t="31" w="1351" /><ent r="3" t="31" w="1395" /><ent r="3" t="31" w="1514" /><ent r="3" t="31" w="1891" /><ent r="3" t="31" w="3405" /><ent r="3" t="31" w="3678" /><ent r="3" t="31" w="3757" /><ent r="3" t="31" w="3817" /><ent r="3" t="32" w="431" /><ent r="3" t="32" w="434" /><ent r="3" t="32" w="437" /><ent r="3" t="32" w="439" /><ent r="3" t="32" w="441" /><ent r="3" t="32" w="443" /><ent r="3" t="33" w="623" /><ent r="3" t="33" w="632" /><ent r="3" t="34" w="591" /><ent r="3" t="34" w="846" /><ent r="3" t="35" w="118" /><ent r="3" t="36" w="405" /><ent r="3" t="36" w="417" /><ent r="92" t="39" w="39" /><ent r="3" t="39" w="180" /><ent r="3" t="41" w="559" /><ent r="3" t="41" w="677" /><ent r="3" t="41" w="692" /><ent r="3" t="41" w="702" /><ent r="4" t="41" w="763" /><ent r="3" t="46" w="162" /><ent r="3" t="47" w="600" /><ent r="3" t="47" w="624" /><ent r="3" t="47" w="631" /><ent r="3" t="47" w="814" /><ent r="3" t="47" w="814" /><ent r="3" t="51" w="205" /><ent r="4" t="51" w="359" /><ent r="7" t="53" w="123" /><ent r="7" t="53" w="218" /><ent r="7" t="53" w="571" /><ent r="4" t="54" w="39" /><ent r="5" t="55" w="1267" /></phr></stem><stem n="without"><phr n="without"><ent r="3" t="1" w="263" /><ent r="3" t="1" w="335" /><ent r="6" t="5" w="287" /><ent r="3" t="16" w="1259" /><ent r="4" t="31" w="1780" /><ent r="7" t="53" w="451" /><ent r="3" t="56" w="336" /></phr></stem><stem n="kind"><phr n="kind"><ent r="3" t="1" w="267" /></phr><phr n="kinds"><ent r="3" t="3" w="78" /><ent r="3" t="3" w="248" /><ent r="4" t="12" w="254" /><ent r="3" t="24" w="20" /><ent r="3" t="24" w="46" /><ent r="3" t="25" w="373" /><ent r="3" t="33" w="454" /></phr><phr n="Kinds"><ent r="92" t="3" w="241" /></phr></stem><stem n="person"><phr n="person"><ent r="3" t="1" w="269" /></phr></stem><stem n="bear"><phr n="bears"><ent r="3" t="1" w="273" /></phr></stem><stem n="risk"><phr n="risk"><ent r="3" t="1" w="275" /></phr></stem><stem n="qualiti"><phr n="quality"><ent r="3" t="1" w="279" /></phr></stem><stem n="perform"><phr n="performance"><ent r="3" t="1" w="281" /><ent r="3" t="37" w="176" /><ent r="5" t="37" w="816" /></phr><phr n="perform"><ent r="3" t="14" w="1439" /><ent r="3" t="14" w="1456" /><ent r="3" t="14" w="1465" /><ent r="3" t="16" w="1680" /><ent r="4" t="17" w="375" /><ent r="3" t="46" w="11" /></phr><phr n="performs"><ent r="3" t="17" w="318" /><ent r="4" t="17" w="351" /></phr><phr n="Performance"><ent r="4" t="37" w="556" /></phr></stem><stem n="paid"><phr n="paid"><ent r="3" t="1" w="287" /></phr></stem><stem n="within"><phr n="within"><ent r="3" t="1" w="292" /><ent r="5" t="5" w="561" /><ent r="3" t="9" w="71" /><ent r="3" t="18" w="15" /><ent r="3" t="23" w="136" /><ent r="4" t="23" w="196" /><ent r="4" t="30" w="763" /><ent r="82" t="30" w="1859" /><ent r="3" t="30" w="1981" /><ent r="3" t="31" w="3669" /><ent r="3" t="31" w="3762" /><ent r="3" t="32" w="297" /><ent r="3" t="32" w="576" /><ent r="3" t="34" w="451" /><ent r="3" t="34" w="705" /><ent r="4" t="41" w="791" /><ent r="3" t="44" w="243" /><ent r="4" t="50" w="184" /><ent r="6" t="53" w="182" /><ent r="5" t="55" w="437" /><ent r="5" t="55" w="1951" /><ent r="3" t="56" w="31" /></phr><phr n="Within"><ent r="6" t="55" w="534" /><ent r="5" t="55" w="979" /></phr></stem><stem n="30"><phr n="30"><ent r="3" t="1" w="293" /><ent r="5" t="13" w="39" /><ent r="3" t="14" w="1739" /><ent r="3" t="14" w="1749" /><ent r="3" t="14" w="1792" /><ent r="3" t="30" w="958" /><ent r="3" t="30" w="1157" /><ent r="3" t="31" w="3399" /><ent r="3" t="31" w="3627" /><ent r="3" t="31" w="3670" /><ent r="3" t="31" w="3763" /><ent r="3" t="32" w="434" /><ent r="3" t="37" w="642" /><ent r="3" t="37" w="658" /></phr></stem><stem n="dai"><phr n="days"><ent r="3" t="1" w="294" /></phr><phr n="Day"><ent r="4" t="21" w="1551" /><ent r="4" t="21" w="1570" /></phr><phr n="day"><ent r="4" t="21" w="1612" /><ent r="4" t="21" w="1638" /></phr></stem><stem n="find"><phr n="find"><ent r="3" t="1" w="295" /><ent r="3" t="16" w="1801" /><ent r="3" t="31" w="3755" /><ent r="3" t="38" w="430" /><ent r="3" t="39" w="409" /><ent r="3" t="47" w="679" /><ent r="6" t="53" w="659" /></phr><phr n="finds"><ent r="3" t="1" w="595" /><ent r="4" t="31" w="1481" /><ent r="3" t="31" w="1950" /><ent r="3" t="50" w="92" /></phr><phr n="Finding"><ent r="100" t="38" w="47" /><ent r="100" t="38" w="49" /><ent r="100" t="38" w="61" /><ent r="92" t="38" w="63" /></phr><phr n="finding"><ent r="3" t="46" w="77" /></phr></stem><stem n="doesn"><phr n="doesn"><ent r="3" t="1" w="298" /><ent r="6" t="5" w="967" /><ent r="4" t="17" w="378" /><ent r="3" t="31" w="3664" /><ent r="3" t="31" w="3956" /><ent r="3" t="34" w="306" /><ent r="4" t="39" w="228" /><ent r="4" t="40" w="237" /><ent r="3" t="41" w="144" /><ent r="3" t="47" w="101" /><ent r="7" t="55" w="314" /><ent r="5" t="55" w="1705" /></phr></stem><stem n="'t"><phr n="'t"><ent r="3" t="1" w="299" /><ent r="6" t="5" w="968" /><ent r="4" t="12" w="232" /><ent r="3" t="15" w="57" /><ent r="6" t="16" w="830" /><ent r="3" t="16" w="1825" /><ent r="3" t="16" w="1832" /><ent r="3" t="19" w="905" /><ent r="6" t="21" w="2797" /><ent r="3" t="24" w="387" /><ent r="3" t="24" w="656" /><ent r="3" t="24" w="806" /><ent r="3" t="25" w="313" /><ent r="3" t="25" w="930" /><ent r="4" t="25" w="1142" /><ent r="3" t="31" w="1856" /><ent r="3" t="31" w="2753" /><ent r="3" t="31" w="2759" /><ent r="3" t="31" w="3481" /><ent r="3" t="31" w="3665" /><ent r="3" t="31" w="3719" /><ent r="3" t="31" w="3957" /><ent r="3" t="31" w="4046" /><ent r="3" t="34" w="307" /><ent r="3" t="39" w="28" /><ent r="4" t="39" w="229" /><ent r="4" t="39" w="235" /><ent r="4" t="40" w="238" /><ent r="3" t="41" w="145" /><ent r="3" t="41" w="379" /><ent r="3" t="47" w="102" /><ent r="7" t="55" w="315" /><ent r="5" t="55" w="892" /><ent r="5" t="55" w="1042" /><ent r="5" t="55" w="1706" /></phr></stem><stem n="doesn't"><phr n="doesn't"><ent r="3" t="1" w="299" /><ent r="3" t="1" w="298" /><ent r="6" t="5" w="968" /><ent r="6" t="5" w="967" /><ent r="4" t="17" w="379" /><ent r="4" t="17" w="378" /><ent r="3" t="31" w="3665" /><ent r="3" t="31" w="3664" /><ent r="3" t="31" w="3957" /><ent r="3" t="31" w="3956" /><ent r="3" t="34" w="307" /><ent r="3" t="34" w="306" /><ent r="4" t="39" w="229" /><ent r="4" t="39" w="228" /><ent r="4" t="40" w="238" /><ent r="4" t="40" w="237" /><ent r="3" t="41" w="145" /><ent r="3" t="41" w="144" /><ent r="3" t="47" w="102" /><ent r="3" t="47" w="101" /><ent r="7" t="55" w="315" /><ent r="7" t="55" w="314" /><ent r="5" t="55" w="1706" /><ent r="5" t="55" w="1705" /></phr></stem><stem n="t"><phr n="t"><ent r="3" t="1" w="299" /><ent r="6" t="5" w="968" /><ent r="4" t="12" w="232" /><ent r="3" t="15" w="57" /><ent r="6" t="16" w="830" /><ent r="3" t="16" w="1825" /><ent r="3" t="16" w="1832" /><ent r="4" t="17" w="379" /><ent r="3" t="19" w="905" /><ent r="6" t="21" w="2797" /><ent r="3" t="24" w="387" /><ent r="3" t="24" w="656" /><ent r="3" t="24" w="806" /><ent r="3" t="25" w="313" /><ent r="3" t="25" w="930" /><ent r="4" t="25" w="1142" /><ent r="6" t="30" w="481" /><ent r="3" t="31" w="1856" /><ent r="3" t="31" w="2753" /><ent r="3" t="31" w="2759" /><ent r="3" t="31" w="3481" /><ent r="3" t="31" w="3665" /><ent r="3" t="31" w="3719" /><ent r="3" t="31" w="3957" /><ent r="3" t="31" w="4046" /><ent r="3" t="34" w="307" /><ent r="3" t="39" w="28" /><ent r="4" t="39" w="229" /><ent r="4" t="39" w="235" /><ent r="3" t="40" w="96" /><ent r="4" t="40" w="238" /><ent r="5" t="40" w="244" /><ent r="3" t="41" w="145" /><ent r="3" t="41" w="379" /><ent r="3" t="47" w="102" /><ent r="3" t="47" w="210" /><ent r="3" t="47" w="248" /><ent r="3" t="47" w="484" /><ent r="3" t="47" w="495" /><ent r="7" t="55" w="315" /><ent r="5" t="55" w="892" /><ent r="5" t="55" w="1042" /><ent r="5" t="55" w="1706" /></phr><phr n="T"><ent r="3" t="14" w="1810" /><ent r="6" t="31" w="564" /><ent r="5" t="31" w="1400" /><ent r="5" t="31" w="2199" /></phr></stem><stem n="what"><phr n="what"><ent r="3" t="1" w="301" /><ent r="4" t="15" w="393" /><ent r="4" t="31" w="1472" /><ent r="4" t="31" w="1489" /><ent r="3" t="31" w="1941" /><ent r="3" t="31" w="1958" /><ent r="3" t="32" w="244" /><ent r="4" t="33" w="881" /><ent r="4" t="33" w="919" /><ent r="4" t="33" w="1254" /><ent r="4" t="33" w="1260" /><ent r="3" t="45" w="354" /></phr><phr n="What"><ent r="92" t="18" w="267" /><ent r="92" t="51" w="443" /></phr></stem><stem n="want"><phr n="want"><ent r="3" t="1" w="303" /><ent r="3" t="3" w="82" /><ent r="3" t="4" w="50" /><ent r="3" t="11" w="70" /><ent r="3" t="12" w="37" /><ent r="3" t="14" w="1315" /><ent r="3" t="15" w="465" /><ent r="4" t="16" w="255" /><ent r="3" t="23" w="1534" /><ent r="3" t="24" w="629" /><ent r="3" t="24" w="642" /><ent r="3" t="24" w="776" /><ent r="3" t="24" w="807" /><ent r="4" t="30" w="630" /><ent r="3" t="31" w="3720" /><ent r="3" t="31" w="3742" /><ent r="4" t="38" w="317" /><ent r="3" t="44" w="222" /><ent r="3" t="54" w="162" /><ent r="3" t="57" w="38" /></phr><phr n="wanted"><ent r="3" t="21" w="2621" /></phr></stem><stem n="notifi"><phr n="notify"><ent r="3" t="1" w="307" /><ent r="3" t="28" w="162" /><ent r="3" t="28" w="170" /></phr><phr n="notifiers"><ent r="3" t="14" w="26" /><ent r="4" t="18" w="252" /><ent r="3" t="36" w="31" /></phr><phr n="Notifier"><ent r="65" t="14" w="59" /><ent r="64" t="18" w="759" /><ent r="3" t="19" w="39" /><ent r="5" t="19" w="235" /><ent r="4" t="19" w="257" /><ent r="3" t="19" w="991" /><ent r="3" t="19" w="1030" /><ent r="3" t="19" w="1085" /><ent r="3" t="19" w="1092" /><ent r="102" t="20" w="7" /></phr><phr n="Notifiers"><ent r="92" t="14" w="1146" /><ent r="1000" t="20" w="3" /><ent r="4" t="45" w="73" /></phr><phr n="notifier"><ent r="3" t="14" w="1159" /><ent r="5" t="14" w="1190" /><ent r="5" t="14" w="1208" /><ent r="5" t="14" w="1230" /><ent r="4" t="19" w="245" /><ent r="4" t="19" w="248" /><ent r="3" t="20" w="28" /><ent r="3" t="20" w="30" /><ent r="3" t="20" w="47" /><ent r="4" t="20" w="58" /><ent r="4" t="20" w="72" /><ent r="3" t="20" w="82" /><ent r="3" t="20" w="236" /></phr></stem><stem n="monei"><phr n="money"><ent r="3" t="1" w="312" /></phr></stem><stem n="will"><phr n="will"><ent r="3" t="1" w="313" /><ent r="3" t="1" w="350" /><ent r="3" t="1" w="521" /><ent r="3" t="3" w="388" /><ent r="6" t="5" w="293" /><ent r="6" t="5" w="674" /><ent r="6" t="5" w="822" /><ent r="6" t="5" w="834" /><ent r="6" t="5" w="856" /><ent r="6" t="5" w="950" /><ent r="6" t="5" w="1002" /><ent r="6" t="5" w="1010" /><ent r="4" t="6" w="131" /><ent r="3" t="7" w="39" /><ent r="3" t="7" w="248" /><ent r="3" t="8" w="139" /><ent r="3" t="10" w="60" /><ent r="3" t="10" w="179" /><ent r="4" t="12" w="265" /><ent r="4" t="16" w="184" /><ent r="6" t="16" w="530" /><ent r="6" t="16" w="559" /><ent r="6" t="16" w="623" /><ent r="6" t="16" w="657" /><ent r="6" t="16" w="682" /><ent r="10" t="16" w="847" /><ent r="3" t="16" w="1144" /><ent r="3" t="16" w="1780" /><ent r="3" t="16" w="1796" /><ent r="3" t="16" w="1806" /><ent r="3" t="16" w="1842" /><ent r="3" t="18" w="104" /><ent r="3" t="18" w="124" /><ent r="3" t="18" w="528" /><ent r="4" t="18" w="547" /><ent r="3" t="18" w="783" /><ent r="3" t="18" w="805" /><ent r="4" t="19" w="114" /><ent r="4" t="19" w="745" /><ent r="3" t="19" w="1010" /><ent r="3" t="19" w="1025" /><ent r="3" t="19" w="1041" /><ent r="3" t="19" w="1047" /><ent r="3" t="19" w="1068" /><ent r="3" t="19" w="1108" /><ent r="3" t="20" w="142" /><ent r="4" t="21" w="247" /><ent r="3" t="21" w="1820" /><ent r="4" t="21" w="2150" /><ent r="4" t="21" w="2312" /><ent r="4" t="21" w="2337" /><ent r="4" t="22" w="166" /><ent r="3" t="23" w="1323" /><ent r="4" t="23" w="1659" /><ent r="3" t="24" w="182" /><ent r="3" t="24" w="437" /><ent r="4" t="24" w="458" /><ent r="3" t="24" w="732" /><ent r="3" t="24" w="979" /><ent r="3" t="25" w="130" /><ent r="3" t="25" w="263" /><ent r="3" t="25" w="476" /><ent r="3" t="25" w="1449" /><ent r="3" t="27" w="315" /><ent r="3" t="30" w="1749" /><ent r="3" t="30" w="1996" /><ent r="3" t="31" w="222" /><ent r="4" t="31" w="427" /><ent r="4" t="31" w="2130" /><ent r="4" t="31" w="2141" /><ent r="3" t="31" w="2382" /><ent r="3" t="31" w="2679" /><ent r="4" t="31" w="3178" /><ent r="3" t="33" w="176" /><ent r="3" t="33" w="232" /><ent r="3" t="33" w="279" /><ent r="3" t="33" w="403" /><ent r="4" t="33" w="475" /><ent r="4" t="33" w="563" /><ent r="4" t="33" w="582" /><ent r="4" t="33" w="878" /><ent r="4" t="33" w="916" /><ent r="6" t="33" w="993" /><ent r="6" t="33" w="999" /><ent r="5" t="33" w="1184" /><ent r="3" t="34" w="179" /><ent r="3" t="37" w="68" /><ent r="3" t="37" w="125" /><ent r="4" t="37" w="356" /><ent r="3" t="37" w="417" /><ent r="5" t="37" w="861" /><ent r="3" t="39" w="48" /><ent r="3" t="39" w="64" /><ent r="3" t="39" w="117" /><ent r="4" t="40" w="232" /><ent r="3" t="40" w="292" /><ent r="3" t="40" w="311" /><ent r="3" t="40" w="324" /><ent r="3" t="40" w="358" /><ent r="4" t="40" w="752" /><ent r="3" t="40" w="1226" /><ent r="3" t="41" w="280" /><ent r="3" t="44" w="384" /><ent r="3" t="47" w="152" /><ent r="4" t="51" w="333" /><ent r="3" t="51" w="360" /><ent r="3" t="51" w="421" /><ent r="3" t="55" w="47" /><ent r="6" t="55" w="721" /><ent r="3" t="55" w="1412" /><ent r="3" t="56" w="461" /></phr></stem></index>