<?xml version="1.0" encoding="utf-8"?><CatapultTargetIndex Count="675" Char_36="0" Char_65="1" Char_97="20" Char_66="32" Char_67="55" Char_99="67" Char_68="121" Char_100="151" Char_69="169" Char_70="197" Char_71="222" Char_72="237" Char_104="254" Char_73="262" Char_74="314" Char_106="315" Char_76="318" Char_77="341" Char_109="349" Char_78="384" Char_79="419" Char_80="431" Char_112="463" Char_81="477" Char_82="482" Char_83="496" Char_84="586" Char_85="625" Char_86="643" Char_87="655"><Chunks><Chunk FirstTerm="${bodytext}" Link="Index_Chunk1.xml" Start="0" Count="85" /><Chunk FirstTerm="ConCATenate" Link="Index_Chunk2.xml" Start="85" Count="83" /><Chunk FirstTerm="DOWN Response" Link="Index_Chunk3.xml" Start="168" Count="87" /><Chunk FirstTerm="httpparams_nextchart" Link="Index_Chunk4.xml" Start="255" Count="78" /><Chunk FirstTerm="Link.html" Link="Index_Chunk5.xml" Start="333" Count="84" /><Chunk FirstTerm="Numeric Branch Not Equal" Link="Index_Chunk6.xml" Start="417" Count="80" /><Chunk FirstTerm="Sample &lt;snmp-device-variables" Link="Index_Chunk7.xml" Start="497" Count="77" /><Chunk FirstTerm="Strlen" Link="Index_Chunk8.xml" Start="574" Count="81" /><Chunk FirstTerm="WAIT" Link="Index_Chunk9.xml" Start="655" Count="20" /></Chunks><IndexEntry><Entries></Entries><Links /><SeeAlsoLinks /><IndexControlLinks /><SortAsLinks /></IndexEntry></CatapultTargetIndex>