<?xml version="1.0" encoding="utf-8"?><index><stem n="@dartware.com&quot;"><phr n="@dartware.com&quot;"><ent r="3" t="33" w="119" /></phr></stem><stem n="&quot;thi"><phr n="&quot;This"><ent r="3" t="33" w="120" /><ent r="3" t="35" w="492" /><ent r="3" t="66" w="200" /><ent r="3" t="66" w="222" /><ent r="4" t="66" w="354" /><ent r="7" t="68" w="120" /></phr></stem><stem n="revis"><phr n="REVISION"><ent r="3" t="33" w="131" /><ent r="3" t="33" w="144" /><ent r="3" t="33" w="151" /></phr></stem><stem n="200705300000z"><phr n="200705300000Z"><ent r="3" t="33" w="132" /></phr></stem><stem n="&quot;200705300000z&quot;"><phr n="&quot;200705300000Z&quot;"><ent r="3" t="33" w="133" /></phr></stem><stem n="&quot;updat"><phr n="&quot;Updated"><ent r="3" t="33" w="134" /></phr></stem><stem n="intermappermessag"><phr n="intermapperMessage"><ent r="3" t="33" w="143" /><ent r="3" t="33" w="205" /><ent r="3" t="33" w="375" /><ent r="3" t="33" w="402" /></phr></stem><stem n="200512150000z"><phr n="200512150000Z"><ent r="3" t="33" w="145" /></phr></stem><stem n="&quot;200512150000z&quot;"><phr n="&quot;200512150000Z&quot;"><ent r="3" t="33" w="146" /></phr></stem><stem n="&quot;ad"><phr n="&quot;Added"><ent r="3" t="33" w="147" /></phr></stem><stem n="intermapperdeviceaddress"><phr n="intermapperDeviceAddress"><ent r="3" t="33" w="148" /><ent r="3" t="33" w="303" /><ent r="3" t="33" w="405" /></phr></stem><stem n="intermapperprobetyp"><phr n="intermapperProbeType"><ent r="3" t="33" w="150" /><ent r="3" t="33" w="328" /><ent r="3" t="33" w="406" /></phr></stem><stem n="-type"><phr n="-TYPE"><ent r="3" t="33" w="173" /><ent r="3" t="33" w="173" /><ent r="3" t="33" w="206" /><ent r="3" t="33" w="206" /><ent r="3" t="33" w="238" /><ent r="3" t="33" w="238" /><ent r="3" t="33" w="273" /><ent r="3" t="33" w="273" /><ent r="3" t="33" w="304" /><ent r="3" t="33" w="304" /><ent r="3" t="33" w="329" /><ent r="3" t="33" w="329" /><ent r="3" t="33" w="359" /><ent r="3" t="33" w="359" /><ent r="3" t="33" w="365" /><ent r="3" t="33" w="365" /><ent r="3" t="33" w="369" /><ent r="3" t="33" w="369" /><ent r="3" t="33" w="398" /><ent r="3" t="33" w="398" /></phr><phr n="-type"><ent r="100" t="72" w="20" /><ent r="100" t="72" w="20" /><ent r="3" t="72" w="34" /><ent r="3" t="72" w="34" /></phr></stem><stem n="(size(0..255))"><phr n="(SIZE(0..255))"><ent r="3" t="33" w="180" /><ent r="3" t="33" w="213" /><ent r="3" t="33" w="245" /><ent r="3" t="33" w="280" /><ent r="3" t="33" w="311" /><ent r="3" t="33" w="336" /></phr></stem><stem n="max-access"><phr n="MAX-ACCESS"><ent r="3" t="33" w="180" /><ent r="3" t="33" w="213" /><ent r="3" t="33" w="245" /><ent r="3" t="33" w="280" /><ent r="3" t="33" w="311" /><ent r="3" t="33" w="336" /></phr></stem><stem n="-onli"><phr n="-only"><ent r="3" t="33" w="182" /><ent r="3" t="33" w="182" /><ent r="3" t="33" w="215" /><ent r="3" t="33" w="215" /><ent r="3" t="33" w="247" /><ent r="3" t="33" w="247" /><ent r="3" t="33" w="282" /><ent r="3" t="33" w="282" /><ent r="3" t="33" w="313" /><ent r="3" t="33" w="313" /><ent r="3" t="33" w="338" /><ent r="3" t="33" w="338" /><ent r="4" t="54" w="240" /><ent r="4" t="54" w="240" /><ent r="4" t="55" w="186" /><ent r="4" t="55" w="186" /></phr></stem><stem n="read-onli"><phr n="read-only"><ent r="3" t="33" w="182" /><ent r="3" t="33" w="215" /><ent r="3" t="33" w="247" /><ent r="3" t="33" w="282" /><ent r="3" t="33" w="313" /><ent r="3" t="33" w="338" /><ent r="4" t="54" w="240" /><ent r="4" t="55" w="186" /></phr></stem><stem n="mm"><phr n="mm"><ent r="3" t="33" w="198" /><ent r="3" t="33" w="201" /></phr></stem><stem n="'mm/dd"><phr n="'mm/dd"><ent r="3" t="33" w="199" /></phr></stem><stem n="mm/dd"><phr n="mm/dd"><ent r="3" t="33" w="199" /><ent r="3" t="33" w="198" /></phr></stem><stem n="hh"><phr n="hh"><ent r="3" t="33" w="200" /></phr></stem><stem n="ss"><phr n="ss"><ent r="3" t="33" w="202" /></phr></stem><stem n=":mm:ss'.&quot;"><phr n=":mm:ss'.&quot;"><ent r="3" t="33" w="203" /></phr></stem><stem n="intermapperdevicenam"><phr n="intermapperDeviceName"><ent r="3" t="33" w="237" /><ent r="3" t="33" w="376" /><ent r="3" t="33" w="403" /></phr></stem><stem n="(first"><phr n="(first"><ent r="3" t="33" w="253" /></phr></stem><stem n="intermappercondit"><phr n="intermapperCondition"><ent r="3" t="33" w="272" /><ent r="3" t="33" w="377" /><ent r="3" t="33" w="404" /></phr></stem><stem n="trap-typ"><phr n="TRAP-TYPE"><ent r="3" t="33" w="359" /><ent r="3" t="33" w="369" /></phr></stem><stem n="intermappertrap"><phr n="intermapperTrap"><ent r="3" t="33" w="368" /><ent r="3" t="33" w="397" /></phr></stem><stem n="intermappernotif"><phr n="intermapperNotifications"><ent r="3" t="33" w="392" /><ent r="3" t="33" w="422" /></phr></stem><stem n="=&quot;tcp-script&quot;"><phr n="=&quot;tcp-script&quot;"><ent r="3" t="34" w="15" /></phr></stem><stem n="verifi"><phr n="verifies"><ent r="3" t="34" w="80" /></phr></stem><stem n="interact"><phr n="interact"><ent r="4" t="34" w="288" /><ent r="3" t="35" w="31" /></phr><phr n="interaction"><ent r="4" t="38" w="74" /></phr></stem><stem n="sequenti"><phr n="sequential"><ent r="4" t="34" w="316" /><ent r="3" t="35" w="59" /></phr></stem><stem n="exchang"><phr n="exchange"><ent r="3" t="34" w="378" /><ent r="3" t="37" w="1383" /></phr></stem><stem n="overal"><phr n="Overall"><ent r="92" t="34" w="421" /></phr><phr n="overall"><ent r="4" t="65" w="174" /><ent r="3" t="71" w="107" /></phr></stem><stem n="annot"><phr n="annotated"><ent r="3" t="34" w="427" /></phr><phr n="Annotated"><ent r="100" t="37" w="111" /><ent r="64" t="37" w="115" /><ent r="100" t="37" w="3864" /><ent r="100" t="37" w="3867" /><ent r="92" t="37" w="3870" /></phr></stem><stem n="bcd"><phr n="BCD"><ent r="3" t="34" w="515" /></phr></stem><stem n="&quot;a([bcd]+)e&quot;r"><phr n="&quot;A([BCD]+)E&quot;r"><ent r="3" t="34" w="518" /></phr></stem><stem n="goto"><phr n="goto"><ent r="3" t="34" w="520" /><ent r="3" t="35" w="421" /><ent r="3" t="35" w="443" /><ent r="3" t="35" w="928" /><ent r="3" t="35" w="948" /><ent r="3" t="35" w="963" /><ent r="4" t="35" w="1120" /><ent r="3" t="35" w="1212" /><ent r="3" t="35" w="1706" /><ent r="3" t="37" w="3894" /><ent r="3" t="37" w="3915" /><ent r="3" t="37" w="3934" /><ent r="3" t="37" w="3951" /><ent r="3" t="37" w="4008" /><ent r="3" t="37" w="4051" /><ent r="3" t="37" w="4167" /><ent r="3" t="37" w="4281" /><ent r="3" t="37" w="4397" /><ent r="3" t="37" w="4461" /><ent r="3" t="39" w="475" /><ent r="3" t="39" w="485" /></phr><phr n="GOTO"><ent r="6" t="34" w="784" /><ent r="6" t="34" w="790" /><ent r="6" t="34" w="813" /><ent r="6" t="34" w="819" /><ent r="100" t="35" w="414" /><ent r="100" t="35" w="1012" /><ent r="82" t="35" w="1020" /><ent r="3" t="35" w="1078" /><ent r="4" t="35" w="1197" /><ent r="4" t="35" w="1244" /><ent r="100" t="37" w="570" /><ent r="65" t="37" w="572" /><ent r="100" t="37" w="844" /><ent r="4" t="37" w="2106" /><ent r="5" t="37" w="2112" /><ent r="100" t="39" w="465" /></phr></stem><stem n="@nomatch"><phr n="@NOMATCH"><ent r="3" t="34" w="521" /></phr></stem><stem n="nomatch"><phr n="NOMATCH"><ent r="3" t="34" w="521" /></phr></stem><stem n="stor"><phr n="STOR"><ent r="3" t="34" w="522" /><ent r="3" t="34" w="974" /><ent r="3" t="34" w="977" /><ent r="3" t="35" w="933" /><ent r="3" t="35" w="936" /><ent r="3" t="35" w="951" /><ent r="3" t="35" w="966" /><ent r="4" t="35" w="1321" /><ent r="100" t="37" w="776" /><ent r="65" t="37" w="778" /><ent r="5" t="37" w="3111" /><ent r="83" t="37" w="3447" /><ent r="5" t="37" w="3453" /><ent r="5" t="37" w="3501" /><ent r="5" t="37" w="3530" /></phr></stem><stem n="testval"><phr n="testval"><ent r="3" t="34" w="523" /><ent r="3" t="34" w="535" /></phr></stem><stem n="&quot;testval&quot;"><phr n="&quot;testval&quot;"><ent r="3" t="34" w="524" /><ent r="3" t="34" w="536" /></phr></stem><stem n="abd"><phr n="ABDE"><ent r="3" t="34" w="532" /></phr></stem><stem n="bd"><phr n="BD"><ent r="3" t="34" w="539" /></phr></stem><stem n="&quot;bd&quot;."><phr n="&quot;BD&quot;."><ent r="3" t="34" w="540" /></phr></stem><stem n="captur"><phr n="capturing"><ent r="3" t="34" w="554" /><ent r="3" t="34" w="580" /></phr></stem><stem n="subgroup"><phr n="subgroup"><ent r="3" t="34" w="555" /></phr></stem><stem n="bs"><phr n="Bs"><ent r="3" t="34" w="560" /></phr></stem><stem n="cs"><phr n="Cs"><ent r="3" t="34" w="561" /></phr></stem><stem n="ds"><phr n="Ds"><ent r="3" t="34" w="563" /></phr></stem><stem n="&quot;:=&quot;"><phr n="&quot;:=&quot;"><ent r="3" t="34" w="643" /></phr></stem><stem n="$celsiu"><phr n="$celsius"><ent r="3" t="34" w="658" /><ent r="3" t="34" w="668" /><ent r="3" t="34" w="682" /></phr></stem><stem n="(($fahrenheit"><phr n="(($fahrenheit"><ent r="3" t="34" w="659" /></phr></stem><stem n="$fahrenheit"><phr n="$fahrenheit"><ent r="3" t="34" w="659" /><ent r="3" t="34" w="676" /></phr></stem><stem n="(either"><phr n="(either"><ent r="3" t="34" w="709" /><ent r="3" t="58" w="177" /></phr></stem><stem n="$x"><phr n="$x"><ent r="6" t="34" w="770" /><ent r="6" t="34" w="777" /><ent r="6" t="34" w="800" /><ent r="6" t="34" w="806" /></phr></stem><stem n="($val"><phr n="($val"><ent r="6" t="34" w="771" /></phr></stem><stem n="$val"><phr n="$val"><ent r="6" t="34" w="771" /></phr></stem><stem n="50.5"><phr n="50.5"><ent r="6" t="34" w="774" /><ent r="6" t="34" w="773" /><ent r="3" t="34" w="1060" /><ent r="3" t="34" w="1059" /></phr></stem><stem n=".5)"><phr n=".5)"><ent r="6" t="34" w="775" /></phr></stem><stem n="nbne"><phr n="NBNE"><ent r="6" t="34" w="776" /><ent r="6" t="34" w="805" /><ent r="3" t="34" w="921" /><ent r="3" t="34" w="1030" /><ent r="100" t="37" w="622" /><ent r="65" t="37" w="624" /><ent r="83" t="37" w="2740" /><ent r="5" t="37" w="2748" /><ent r="3" t="37" w="2787" /></phr></stem><stem n="#$x"><phr n="#$x"><ent r="6" t="34" w="777" /><ent r="6" t="34" w="806" /></phr></stem><stem n="#0"><phr n="#0"><ent r="6" t="34" w="778" /><ent r="6" t="34" w="807" /></phr></stem><stem n="@greater"><phr n="@greater"><ent r="6" t="34" w="779" /></phr></stem><stem n="greater"><phr n="greater"><ent r="6" t="34" w="779" /><ent r="6" t="34" w="787" /><ent r="3" t="34" w="1022" /><ent r="4" t="37" w="616" /><ent r="3" t="37" w="2680" /><ent r="4" t="37" w="2710" /><ent r="3" t="56" w="726" /></phr><phr n="Greater"><ent r="3" t="34" w="930" /><ent r="100" t="37" w="8" /></phr></stem><stem n="@less:"><phr n="@less:"><ent r="6" t="34" w="782" /></phr></stem><stem n="@endif"><phr n="@ENDIF"><ent r="6" t="34" w="785" /><ent r="6" t="34" w="791" /><ent r="6" t="34" w="814" /><ent r="6" t="34" w="820" /></phr></stem><stem n="endif"><phr n="ENDIF"><ent r="6" t="34" w="785" /><ent r="6" t="34" w="791" /><ent r="6" t="34" w="793" /><ent r="6" t="34" w="814" /><ent r="6" t="34" w="820" /><ent r="6" t="34" w="822" /></phr></stem><stem n="@greater:"><phr n="@greater:"><ent r="6" t="34" w="788" /></phr></stem><stem n="@endif:"><phr n="@ENDIF:"><ent r="6" t="34" w="794" /><ent r="6" t="34" w="823" /></phr></stem><stem n="dog"><phr n="dog"><ent r="6" t="34" w="801" /><ent r="6" t="34" w="808" /><ent r="6" t="34" w="816" /></phr></stem><stem n="(&quot;dog&quot;"><phr n="(&quot;dog&quot;"><ent r="6" t="34" w="802" /></phr></stem><stem n="cat"><phr n="cat"><ent r="6" t="34" w="803" /><ent r="6" t="34" w="810" /></phr><phr n="CAT"><ent r="5" t="37" w="3093" /></phr></stem><stem n="&quot;cat&quot;)"><phr n="&quot;cat&quot;)"><ent r="6" t="34" w="804" /></phr></stem><stem n="@dog"><phr n="@dog"><ent r="6" t="34" w="808" /></phr></stem><stem n="@cat:"><phr n="@cat:"><ent r="6" t="34" w="811" /></phr></stem><stem n="@dog:"><phr n="@dog:"><ent r="6" t="34" w="817" /></phr></stem><stem n="sbne"><phr n="SBNE"><ent r="3" t="34" w="884" /><ent r="100" t="37" w="661" /><ent r="65" t="37" w="663" /><ent r="83" t="37" w="2997" /><ent r="5" t="37" w="3004" /><ent r="5" t="37" w="3043" /></phr></stem><stem n="(&quot;string"><phr n="(&quot;String"><ent r="3" t="34" w="885" /></phr></stem><stem n="}."><phr n="}."><ent r="3" t="34" w="919" /></phr></stem><stem n="(&quot;numer"><phr n="(&quot;Numeric"><ent r="3" t="34" w="922" /><ent r="3" t="34" w="928" /></phr></stem><stem n="nbgt"><phr n="NBGT"><ent r="3" t="34" w="927" /><ent r="3" t="34" w="980" /><ent r="3" t="34" w="1029" /><ent r="100" t="37" w="583" /><ent r="65" t="37" w="585" /><ent r="83" t="37" w="2640" /><ent r="5" t="37" w="2650" /><ent r="5" t="37" w="2688" /></phr></stem><stem n="(#)"><phr n="(#)"><ent r="3" t="34" w="968" /></phr></stem><stem n="val1"><phr n="val1"><ent r="3" t="34" w="975" /><ent r="3" t="34" w="982" /><ent r="3" t="34" w="993" /></phr></stem><stem n="&quot;val1&quot;"><phr n="&quot;val1&quot;"><ent r="3" t="34" w="976" /></phr></stem><stem n="&quot;100&quot;"><phr n="&quot;100&quot;"><ent r="3" t="34" w="977" /></phr></stem><stem n="val2"><phr n="val2"><ent r="3" t="34" w="978" /><ent r="3" t="34" w="984" /><ent r="3" t="34" w="1004" /></phr></stem><stem n="&quot;val2&quot;"><phr n="&quot;val2&quot;"><ent r="3" t="34" w="979" /></phr></stem><stem n="#${val1}"><phr n="#${val1}"><ent r="3" t="34" w="983" /></phr></stem><stem n="#${val2}"><phr n="#${val2}"><ent r="3" t="34" w="985" /></phr></stem><stem n="@exit"><phr n="@exit"><ent r="3" t="34" w="985" /><ent r="5" t="37" w="2693" /><ent r="5" t="37" w="2700" /><ent r="3" t="37" w="2792" /><ent r="4" t="37" w="2799" /><ent r="5" t="37" w="3048" /><ent r="5" t="37" w="3055" /></phr></stem><stem n="{val1}"><phr n="{val1}"><ent r="3" t="34" w="994" /></phr></stem><stem n="{val2}"><phr n="{val2}"><ent r="3" t="34" w="1005" /></phr></stem><stem n="-)."><phr n="-)."><ent r="3" t="34" w="1045" /><ent r="3" t="34" w="1045" /></phr></stem><stem n="non-digit"><phr n="non-digit"><ent r="3" t="34" w="1052" /></phr></stem><stem n="&quot;50.5&quot;"><phr n="&quot;50.5&quot;"><ent r="3" t="34" w="1061" /></phr></stem><stem n="wish"><phr n="wish"><ent r="3" t="34" w="1070" /><ent r="3" t="37" w="3466" /><ent r="3" t="40" w="443" /><ent r="4" t="41" w="254" /><ent r="3" t="47" w="384" /><ent r="4" t="60" w="59" /></phr></stem><stem n="fraction"><phr n="fraction"><ent r="3" t="34" w="1075" /></phr></stem><stem n="(describ"><phr n="(described"><ent r="3" t="35" w="56" /></phr></stem><stem n="/script&gt;"><phr n="/script&gt;"><ent r="3" t="35" w="74" /><ent r="3" t="39" w="598" /></phr></stem><stem n="&lt;/script&gt;"><phr n="&lt;/script&gt;"><ent r="3" t="35" w="74" /><ent r="3" t="35" w="73" /><ent r="3" t="39" w="598" /><ent r="3" t="39" w="597" /></phr></stem><stem n="script&gt;"><phr n="script&gt;"><ent r="3" t="35" w="74" /><ent r="3" t="39" w="598" /></phr></stem><stem n=":argument"><phr n=":Argument"><ent r="100" t="35" w="156" /></phr></stem><stem n=":label"><phr n=":Label"><ent r="100" t="35" w="186" /></phr></stem><stem n=":use"><phr n=":Using"><ent r="100" t="35" w="193" /><ent r="100" t="35" w="1225" /></phr><phr n=":Use"><ent r="100" t="37" w="845" /><ent r="100" t="37" w="848" /><ent r="100" t="37" w="851" /><ent r="100" t="37" w="854" /><ent r="100" t="37" w="857" /><ent r="100" t="37" w="860" /><ent r="100" t="37" w="863" /><ent r="100" t="68" w="90" /></phr><phr n=":uses"><ent r="100" t="40" w="367" /></phr></stem><stem n=":handl"><phr n=":Handling"><ent r="100" t="35" w="214" /></phr></stem><stem n=":script"><phr n=":Script"><ent r="100" t="35" w="219" /></phr></stem><stem n=":comment"><phr n=":Comments"><ent r="100" t="35" w="229" /></phr></stem><stem n=":ad"><phr n=":Adding"><ent r="100" t="35" w="234" /></phr></stem><stem n="white"><phr n="white"><ent r="4" t="35" w="359" /><ent r="4" t="35" w="386" /><ent r="3" t="66" w="489" /></phr></stem><stem n="&quot;string&quot;"><phr n="&quot;string&quot;"><ent r="3" t="35" w="408" /><ent r="65" t="37" w="239" /><ent r="65" t="37" w="259" /><ent r="65" t="37" w="277" /><ent r="65" t="37" w="439" /><ent r="65" t="37" w="507" /><ent r="4" t="37" w="512" /><ent r="65" t="37" w="781" /><ent r="4" t="37" w="1140" /><ent r="3" t="37" w="1152" /><ent r="83" t="37" w="1851" /><ent r="83" t="37" w="2348" /><ent r="83" t="37" w="3181" /><ent r="83" t="37" w="3276" /><ent r="83" t="37" w="3450" /></phr><phr n="&quot;STRING&quot;"><ent r="4" t="77" w="90" /></phr></stem><stem n="#fail"><phr n="#fail"><ent r="3" t="35" w="408" /><ent r="65" t="37" w="239" /><ent r="65" t="37" w="259" /><ent r="65" t="37" w="277" /><ent r="65" t="37" w="507" /><ent r="65" t="37" w="796" /><ent r="4" t="37" w="1140" /><ent r="3" t="37" w="1166" /><ent r="83" t="37" w="1851" /><ent r="5" t="37" w="1912" /><ent r="4" t="37" w="2014" /><ent r="83" t="37" w="2348" /><ent r="4" t="37" w="2491" /><ent r="83" t="37" w="3081" /><ent r="83" t="37" w="3276" /></phr></stem><stem n="&quot;blah&quot;"><phr n="&quot;blah&quot;"><ent r="3" t="35" w="420" /><ent r="3" t="35" w="433" /></phr></stem><stem n="&quot;els"><phr n="&quot;else"><ent r="3" t="35" w="442" /><ent r="3" t="37" w="4280" /></phr></stem><stem n="behavior"><phr n="behavior"><ent r="3" t="35" w="454" /><ent r="3" t="47" w="748" /></phr></stem><stem n="obviou"><phr n="obvious"><ent r="3" t="35" w="459" /></phr></stem><stem n="extran"><phr n="extraneous"><ent r="3" t="35" w="461" /></phr></stem><stem n="uppercas"><phr n="uppercase"><ent r="3" t="35" w="469" /></phr><phr n="UPPERCASE"><ent r="100" t="37" w="1543" /><ent r="4" t="37" w="1545" /></phr></stem><stem n="-quotes."><phr n="-quotes."><ent r="4" t="35" w="489" /><ent r="4" t="35" w="489" /><ent r="3" t="69" w="29" /><ent r="3" t="69" w="29" /></phr></stem><stem n="\r"><phr n="\r"><ent r="6" t="35" w="517" /></phr></stem><stem n="carriag"><phr n="Carriage"><ent r="100" t="35" w="519" /><ent r="5" t="35" w="522" /><ent r="100" t="37" w="4339" /></phr><phr n="carriage"><ent r="3" t="35" w="612" /><ent r="100" t="37" w="4336" /><ent r="3" t="37" w="4375" /><ent r="3" t="66" w="500" /></phr></stem><stem n="\n"><phr n="\n"><ent r="6" t="35" w="525" /></phr></stem><stem n="linefe"><phr n="Linefeed"><ent r="100" t="35" w="530" /><ent r="5" t="35" w="533" /></phr><phr n="linefeed"><ent r="3" t="35" w="615" /></phr></stem><stem n="\t"><phr n="\t"><ent r="6" t="35" w="535" /></phr></stem><stem n="horizont"><phr n="Horizontal"><ent r="100" t="35" w="537" /><ent r="5" t="35" w="540" /></phr></stem><stem n="\f"><phr n="\f"><ent r="6" t="35" w="543" /></phr></stem><stem n="formfe"><phr n="Formfeed"><ent r="100" t="35" w="545" /><ent r="5" t="35" w="547" /></phr></stem><stem n="\b"><phr n="\b"><ent r="6" t="35" w="549" /></phr></stem><stem n="backspac"><phr n="Backspace"><ent r="5" t="35" w="551" /></phr></stem><stem n="\v"><phr n="\v"><ent r="6" t="35" w="553" /></phr></stem><stem n="vertic"><phr n="Vertical"><ent r="100" t="35" w="555" /><ent r="5" t="35" w="558" /></phr><phr n="Vertices"><ent r="4" t="59" w="69" /></phr></stem><stem n="\a"><phr n="\a"><ent r="6" t="35" w="561" /></phr></stem><stem n="bell"><phr n="bell"><ent r="5" t="35" w="564" /></phr></stem><stem n="(bell)"><phr n="(bell)"><ent r="5" t="35" w="565" /></phr></stem><stem n="\&quot;"><phr n="\&quot;"><ent r="6" t="35" w="567" /></phr></stem><stem n="\\"><phr n="\\"><ent r="6" t="35" w="574" /></phr></stem><stem n="\ooo"><phr n="\ooo"><ent r="6" t="35" w="577" /></phr></stem><stem n="ooo"><phr n="ooo"><ent r="6" t="35" w="577" /></phr></stem><stem n="\xhh"><phr n="\xhh"><ent r="6" t="35" w="585" /></phr></stem><stem n="xhh"><phr n="xhh"><ent r="6" t="35" w="585" /></phr></stem><stem n="&quot;\tthi"><phr n="&quot;\tThis"><ent r="3" t="35" w="601" /></phr></stem><stem n="tthi"><phr n="tThis"><ent r="3" t="35" w="601" /></phr></stem><stem n="sentenc"><phr n="sentence"><ent r="3" t="35" w="602" /></phr></stem><stem n=".\r\n&quot;"><phr n=".\r\n&quot;"><ent r="3" t="35" w="618" /></phr></stem><stem n="wildcard"><phr n="Wildcard"><ent r="3" t="35" w="643" /></phr></stem><stem n=":case-sensit"><phr n=":Case-Sensitivity"><ent r="100" t="35" w="650" /></phr></stem><stem n="-sensitivity:control"><phr n="-Sensitivity:Controlling"><ent r="100" t="35" w="658" /><ent r="100" t="35" w="658" /></phr></stem><stem n="-match"><phr n="-matching"><ent r="4" t="35" w="666" /><ent r="4" t="35" w="666" /></phr></stem><stem n="string-match"><phr n="string-matching"><ent r="4" t="35" w="666" /></phr></stem><stem n="'i'"><phr n="'i'"><ent r="4" t="35" w="678" /></phr></stem><stem n="-insensitive."><phr n="-insensitive."><ent r="4" t="35" w="691" /><ent r="4" t="35" w="691" /><ent r="4" t="35" w="802" /><ent r="4" t="35" w="802" /><ent r="4" t="35" w="1348" /><ent r="4" t="35" w="1348" /></phr></stem><stem n="&quot;fred&quot;"><phr n="&quot;fred&quot;"><ent r="3" t="35" w="697" /><ent r="5" t="37" w="2575" /><ent r="5" t="37" w="3503" /><ent r="5" t="37" w="3532" /></phr><phr n="&quot;freD&quot;"><ent r="3" t="35" w="881" /></phr><phr n="&quot;Fred&quot;"><ent r="5" t="37" w="3114" /><ent r="4" t="37" w="3126" /></phr></stem><stem n="&quot;fred&quot;."><phr n="&quot;fred&quot;."><ent r="3" t="35" w="700" /></phr><phr n="&quot;FrEd&quot;."><ent r="3" t="35" w="708" /></phr></stem><stem n="&quot;fred&quot;i"><phr n="&quot;fred&quot;i"><ent r="3" t="35" w="702" /></phr></stem><stem n="&quot;fred&quot;,"><phr n="&quot;fred&quot;,"><ent r="3" t="35" w="705" /><ent r="3" t="35" w="872" /></phr><phr n="&quot;FRED&quot;,"><ent r="3" t="35" w="706" /></phr><phr n="&quot;Fred&quot;,"><ent r="3" t="35" w="873" /></phr></stem><stem n="-card"><phr n="-card"><ent r="100" t="35" w="709" /><ent r="100" t="35" w="709" /><ent r="82" t="35" w="714" /><ent r="82" t="35" w="714" /></phr></stem><stem n="wild"><phr n="Wild"><ent r="100" t="35" w="709" /><ent r="82" t="35" w="714" /></phr></stem><stem n="wild-card"><phr n="Wild-card"><ent r="100" t="35" w="709" /><ent r="82" t="35" w="714" /></phr></stem><stem n="card"><phr n="card"><ent r="100" t="35" w="710" /><ent r="82" t="35" w="715" /></phr></stem><stem n="'"><phr n="'"><ent r="4" t="35" w="757" /><ent r="4" t="35" w="760" /><ent r="4" t="35" w="783" /><ent r="4" t="35" w="786" /><ent r="3" t="44" w="655" /><ent r="3" t="49" w="844" /><ent r="3" t="49" w="846" /><ent r="3" t="49" w="865" /><ent r="3" t="49" w="932" /><ent r="3" t="49" w="934" /><ent r="3" t="55" w="1282" /><ent r="3" t="61" w="904" /><ent r="3" t="61" w="1002" /><ent r="3" t="61" w="1033" /><ent r="3" t="61" w="1098" /><ent r="3" t="61" w="1155" /></phr></stem><stem n="(parentheses)"><phr n="(parentheses)"><ent r="4" t="35" w="809" /></phr></stem><stem n="&quot;red&quot;r"><phr n="&quot;red&quot;r"><ent r="3" t="35" w="869" /></phr></stem><stem n="tred"><phr n="tred"><ent r="3" t="35" w="873" /></phr></stem><stem n="&quot;tred&quot;,"><phr n="&quot;tred&quot;,"><ent r="3" t="35" w="874" /></phr></stem><stem n="bred"><phr n="bred"><ent r="3" t="35" w="874" /></phr></stem><stem n="&quot;bred&quot;,"><phr n="&quot;bred&quot;,"><ent r="3" t="35" w="875" /></phr></stem><stem n="&quot;i&quot;"><phr n="&quot;i&quot;"><ent r="3" t="35" w="886" /></phr></stem><stem n="complex"><phr n="Complex"><ent r="4" t="35" w="891" /></phr></stem><stem n="&quot;var1=12"><phr n="&quot;var1=12"><ent r="3" t="35" w="901" /></phr></stem><stem n="1234"><phr n="1234"><ent r="3" t="35" w="903" /></phr></stem><stem n="=1234.00"><phr n="=1234.00"><ent r="3" t="35" w="904" /></phr></stem><stem n="1234.00"><phr n="1234.00"><ent r="3" t="35" w="904" /><ent r="3" t="35" w="903" /></phr></stem><stem n="var3"><phr n="var3"><ent r="3" t="35" w="905" /><ent r="3" t="35" w="957" /><ent r="3" t="35" w="967" /></phr></stem><stem n="=45&quot;"><phr n="=45&quot;"><ent r="3" t="35" w="907" /></phr></stem><stem n="&quot;var1=([0-9]+)&quot;i"><phr n="&quot;var1=([0-9]+)&quot;i"><ent r="3" t="35" w="926" /></phr></stem><stem n="(skip"><phr n="(skip"><ent r="3" t="35" w="930" /></phr><phr n="(Skipping"><ent r="3" t="37" w="4451" /></phr></stem><stem n="skip"><phr n="skip"><ent r="3" t="35" w="930" /></phr><phr n="SKIP"><ent r="100" t="37" w="273" /><ent r="65" t="37" w="275" /><ent r="83" t="37" w="3274" /><ent r="5" t="37" w="3281" /><ent r="5" t="37" w="3782" /></phr><phr n="Skipping"><ent r="3" t="37" w="4451" /></phr><phr n="skips"><ent r="3" t="37" w="4603" /></phr></stem><stem n="&quot;var1&quot;"><phr n="&quot;var1&quot;"><ent r="3" t="35" w="938" /></phr></stem><stem n="&quot;var2=([0-9]+)&quot;i"><phr n="&quot;var2=([0-9]+)&quot;i"><ent r="3" t="35" w="946" /></phr></stem><stem n="@blah"><phr n="@BLAH"><ent r="3" t="35" w="949" /><ent r="3" t="35" w="964" /></phr></stem><stem n="&quot;var2&quot;"><phr n="&quot;var2&quot;"><ent r="3" t="35" w="953" /></phr></stem><stem n="&quot;var3=([0-9]+)&quot;i"><phr n="&quot;var3=([0-9]+)&quot;i"><ent r="3" t="35" w="961" /></phr></stem><stem n="&quot;var3&quot;"><phr n="&quot;var3&quot;"><ent r="3" t="35" w="968" /></phr></stem><stem n="regex"><phr n="Regex"><ent r="3" t="35" w="973" /></phr></stem><stem n="|"><phr n="|"><ent r="3" t="35" w="979" /><ent r="65" t="37" w="397" /><ent r="3" t="37" w="1506" /><ent r="3" t="37" w="1508" /><ent r="3" t="37" w="1510" /><ent r="3" t="37" w="1759" /><ent r="83" t="37" w="2152" /><ent r="3" t="37" w="3406" /><ent r="3" t="37" w="3408" /><ent r="3" t="37" w="3410" /><ent r="3" t="37" w="3412" /><ent r="4" t="47" w="539" /><ent r="3" t="61" w="568" /><ent r="3" t="61" w="590" /><ent r="3" t="61" w="604" /><ent r="3" t="61" w="710" /><ent r="3" t="61" w="715" /><ent r="3" t="61" w="721" /><ent r="3" t="61" w="763" /><ent r="3" t="61" w="768" /><ent r="3" t="61" w="774" /></phr></stem><stem n="#30"><phr n="#30"><ent r="3" t="35" w="1010" /><ent r="3" t="35" w="1209" /><ent r="3" t="37" w="3887" /><ent r="3" t="37" w="4115" /></phr></stem><stem n="('+'"><phr n="('+'"><ent r="4" t="35" w="1063" /></phr></stem><stem n="'-')"><phr n="'-')"><ent r="4" t="35" w="1064" /></phr></stem><stem n="#+2"><phr n="#+2"><ent r="3" t="35" w="1079" /><ent r="3" t="35" w="1277" /><ent r="3" t="37" w="4009" /><ent r="3" t="37" w="4052" /><ent r="3" t="37" w="4462" /><ent r="3" t="39" w="495" /><ent r="3" t="39" w="513" /><ent r="3" t="39" w="531" /><ent r="3" t="39" w="549" /></phr></stem><stem n="+2"><phr n="+2"><ent r="3" t="35" w="1079" /><ent r="3" t="35" w="1277" /><ent r="3" t="37" w="4009" /><ent r="3" t="37" w="4052" /><ent r="3" t="37" w="4462" /><ent r="3" t="39" w="495" /><ent r="3" t="39" w="513" /><ent r="3" t="39" w="531" /><ent r="3" t="39" w="549" /></phr></stem><stem n="marker"><phr n="marker"><ent r="3" t="35" w="1147" /></phr></stem><stem n="label_nam"><phr n="Label_name"><ent r="100" t="35" w="1165" /><ent r="100" t="35" w="1164" /></phr><phr n="label_name"><ent r="3" t="35" w="1168" /><ent r="3" t="35" w="1167" /></phr></stem><stem n="@label_nam"><phr n="@label_name"><ent r="3" t="35" w="1168" /></phr></stem><stem n="@idl"><phr n="@IDLE"><ent r="3" t="35" w="1182" /><ent r="3" t="35" w="1213" /><ent r="3" t="39" w="476" /></phr></stem><stem n=":jump"><phr n=":Jumping"><ent r="100" t="35" w="1187" /></phr></stem><stem n=":transfer"><phr n=":Transfer"><ent r="100" t="35" w="1217" /></phr></stem><stem n="transfer"><phr n="Transfer"><ent r="100" t="35" w="1217" /><ent r="100" t="35" w="1220" /><ent r="100" t="35" w="1223" /><ent r="82" t="35" w="1233" /></phr><phr n="transfer"><ent r="3" t="37" w="3170" /></phr></stem><stem n="+n"><phr n="+n"><ent r="3" t="35" w="1253" /></phr></stem><stem n="&quot;#+n&quot;"><phr n="&quot;#+n&quot;"><ent r="3" t="35" w="1254" /></phr></stem><stem n="&quot;#-n&quot;"><phr n="&quot;#-n&quot;"><ent r="3" t="35" w="1256" /></phr></stem><stem n="(respectively)."><phr n="(respectively)."><ent r="3" t="35" w="1266" /></phr></stem><stem n="&quot;${warn"><phr n="&quot;${WARN"><ent r="3" t="35" w="1274" /><ent r="3" t="39" w="510" /></phr></stem><stem n="}&quot;"><phr n="}&quot;"><ent r="3" t="35" w="1276" /><ent r="3" t="39" w="494" /><ent r="3" t="39" w="512" /><ent r="3" t="39" w="530" /><ent r="3" t="39" w="548" /><ent r="3" t="49" w="609" /></phr></stem><stem n="param"><phr n="Param"><ent r="100" t="35" w="1308" /></phr></stem><stem n="nadd"><phr n="NADD"><ent r="4" t="35" w="1322" /><ent r="100" t="37" w="814" /><ent r="65" t="37" w="816" /><ent r="83" t="37" w="2518" /><ent r="5" t="37" w="2524" /><ent r="5" t="37" w="2573" /></phr></stem><stem n="dollar"><phr n="dollar"><ent r="4" t="35" w="1333" /></phr></stem><stem n="($),"><phr n="($),"><ent r="4" t="35" w="1336" /></phr></stem><stem n="{password}"><phr n="{Password}"><ent r="3" t="35" w="1370" /></phr><phr n="{password}"><ent r="3" t="35" w="1373" /></phr></stem></index>