<?xml version="1.0" encoding="utf-8"?><index><stem n="snmp"><phr n="SNMP"><ent r="100" t="3" w="192" /><ent r="100" t="3" w="199" /><ent r="4" t="3" w="212" /><ent r="66" t="3" w="356" /><ent r="4" t="3" w="370" /><ent r="66" t="3" w="381" /><ent r="4" t="3" w="390" /><ent r="82" t="4" w="251" /><ent r="3" t="4" w="256" /><ent r="4" t="4" w="361" /><ent r="82" t="4" w="394" /><ent r="3" t="4" w="398" /><ent r="3" t="4" w="420" /><ent r="100" t="5" w="136" /><ent r="100" t="5" w="164" /><ent r="100" t="5" w="170" /><ent r="6" t="5" w="174" /><ent r="6" t="5" w="188" /><ent r="100" t="5" w="716" /><ent r="3" t="5" w="761" /><ent r="3" t="5" w="768" /><ent r="92" t="5" w="793" /><ent r="4" t="5" w="824" /><ent r="6" t="5" w="858" /><ent r="6" t="5" w="897" /><ent r="6" t="5" w="991" /><ent r="6" t="5" w="1044" /><ent r="5" t="9" w="514" /><ent r="5" t="9" w="548" /><ent r="5" t="9" w="582" /><ent r="5" t="9" w="614" /><ent r="5" t="9" w="654" /><ent r="5" t="9" w="665" /><ent r="5" t="9" w="677" /><ent r="5" t="9" w="690" /><ent r="5" t="9" w="704" /><ent r="5" t="9" w="716" /><ent r="5" t="9" w="728" /><ent r="100" t="10" w="24" /><ent r="4" t="10" w="68" /><ent r="4" t="10" w="83" /><ent r="100" t="10" w="142" /><ent r="92" t="10" w="150" /><ent r="3" t="10" w="180" /><ent r="3" t="10" w="290" /><ent r="65" t="13" w="51" /><ent r="92" t="13" w="430" /><ent r="3" t="13" w="500" /><ent r="66" t="13" w="741" /><ent r="5" t="13" w="812" /><ent r="5" t="13" w="826" /><ent r="5" t="13" w="836" /><ent r="5" t="13" w="846" /><ent r="5" t="13" w="855" /><ent r="4" t="13" w="1785" /><ent r="3" t="14" w="9" /><ent r="92" t="14" w="32" /><ent r="3" t="14" w="47" /><ent r="3" t="14" w="52" /><ent r="3" t="14" w="166" /><ent r="3" t="14" w="187" /><ent r="3" t="14" w="243" /><ent r="3" t="14" w="265" /><ent r="3" t="14" w="452" /><ent r="3" t="14" w="632" /><ent r="1000" t="15" w="1" /><ent r="102" t="15" w="4" /><ent r="100" t="15" w="30" /><ent r="100" t="15" w="33" /><ent r="3" t="15" w="48" /><ent r="3" t="15" w="93" /><ent r="3" t="15" w="119" /><ent r="92" t="15" w="256" /><ent r="3" t="15" w="259" /><ent r="92" t="15" w="349" /><ent r="125" t="15" w="365" /><ent r="3" t="15" w="376" /><ent r="3" t="15" w="380" /><ent r="4" t="15" w="486" /><ent r="4" t="15" w="507" /><ent r="100" t="16" w="33" /><ent r="3" t="16" w="48" /><ent r="100" t="16" w="306" /><ent r="100" t="16" w="451" /><ent r="4" t="16" w="461" /><ent r="6" t="16" w="555" /><ent r="6" t="16" w="853" /><ent r="67" t="16" w="867" /><ent r="6" t="16" w="902" /><ent r="4" t="16" w="1066" /><ent r="65" t="16" w="1070" /><ent r="65" t="16" w="1086" /><ent r="4" t="16" w="1114" /><ent r="4" t="16" w="1317" /><ent r="92" t="16" w="1534" /><ent r="3" t="16" w="1540" /><ent r="3" t="16" w="1694" /><ent r="100" t="18" w="17" /><ent r="3" t="18" w="33" /><ent r="100" t="18" w="90" /><ent r="4" t="18" w="100" /><ent r="4" t="18" w="162" /><ent r="3" t="19" w="22" /><ent r="92" t="19" w="141" /><ent r="3" t="19" w="145" /><ent r="3" t="19" w="446" /><ent r="3" t="19" w="541" /><ent r="4" t="19" w="931" /><ent r="3" t="19" w="1177" /><ent r="100" t="20" w="16" /><ent r="92" t="20" w="24" /><ent r="3" t="20" w="55" /><ent r="3" t="20" w="165" /><ent r="3" t="21" w="75" /><ent r="3" t="21" w="905" /><ent r="4" t="22" w="204" /><ent r="100" t="24" w="17" /><ent r="100" t="24" w="22" /><ent r="3" t="24" w="46" /><ent r="92" t="24" w="2712" /><ent r="100" t="25" w="12" /><ent r="3" t="25" w="28" /><ent r="100" t="25" w="125" /><ent r="4" t="25" w="135" /><ent r="4" t="25" w="195" /><ent r="1000" t="26" w="2" /><ent r="102" t="26" w="9" /><ent r="3" t="26" w="135" /><ent r="3" t="26" w="496" /><ent r="3" t="26" w="504" /><ent r="3" t="26" w="514" /><ent r="3" t="26" w="657" /><ent r="3" t="26" w="809" /><ent r="3" t="26" w="1030" /><ent r="1000" t="27" w="1" /><ent r="102" t="27" w="5" /><ent r="3" t="27" w="104" /><ent r="3" t="27" w="120" /><ent r="3" t="27" w="151" /><ent r="3" t="27" w="343" /><ent r="1000" t="28" w="3" /><ent r="102" t="28" w="9" /><ent r="3" t="28" w="35" /><ent r="4" t="29" w="126" /><ent r="3" t="29" w="165" /><ent r="4" t="29" w="341" /><ent r="3" t="29" w="693" /><ent r="3" t="30" w="43" /><ent r="3" t="30" w="50" /><ent r="4" t="31" w="55" /><ent r="3" t="32" w="21" /><ent r="3" t="32" w="147" /><ent r="3" t="32" w="541" /><ent r="3" t="32" w="702" /><ent r="3" t="32" w="825" /><ent r="3" t="32" w="935" /><ent r="3" t="32" w="1117" /><ent r="3" t="32" w="1315" /><ent r="100" t="33" w="12" /><ent r="3" t="33" w="30" /><ent r="3" t="33" w="126" /><ent r="3" t="33" w="380" /><ent r="3" t="33" w="411" /><ent r="3" t="37" w="1813" /><ent r="3" t="53" w="55" /><ent r="3" t="53" w="71" /><ent r="4" t="54" w="99" /><ent r="100" t="54" w="181" /><ent r="100" t="54" w="184" /><ent r="93" t="54" w="193" /><ent r="3" t="54" w="215" /><ent r="4" t="54" w="231" /><ent r="4" t="54" w="239" /><ent r="100" t="54" w="245" /><ent r="4" t="54" w="249" /><ent r="3" t="54" w="336" /><ent r="100" t="55" w="23" /><ent r="100" t="55" w="31" /><ent r="100" t="55" w="37" /><ent r="4" t="55" w="166" /><ent r="4" t="55" w="185" /><ent r="3" t="55" w="355" /><ent r="3" t="55" w="477" /><ent r="3" t="55" w="521" /><ent r="3" t="55" w="581" /><ent r="3" t="56" w="333" /><ent r="3" t="56" w="475" /><ent r="3" t="56" w="487" /><ent r="3" t="56" w="500" /><ent r="1000" t="77" w="4" /><ent r="102" t="77" w="10" /></phr><phr n="Snmp"><ent r="100" t="4" w="262" /><ent r="100" t="4" w="284" /><ent r="100" t="4" w="288" /><ent r="100" t="4" w="317" /><ent r="100" t="4" w="346" /><ent r="100" t="4" w="429" /><ent r="100" t="4" w="460" /><ent r="100" t="4" w="464" /><ent r="100" t="10" w="158" /><ent r="100" t="15" w="387" /><ent r="100" t="15" w="409" /><ent r="100" t="15" w="413" /><ent r="100" t="15" w="442" /><ent r="100" t="15" w="471" /><ent r="100" t="16" w="308" /><ent r="100" t="20" w="33" /><ent r="100" t="25" w="14" /><ent r="100" t="38" w="249" /></phr><phr n="snmp"><ent r="100" t="5" w="139" /><ent r="8" t="5" w="142" /><ent r="7" t="5" w="145" /><ent r="8" t="5" w="182" /><ent r="7" t="5" w="195" /><ent r="3" t="5" w="755" /><ent r="4" t="5" w="828" /><ent r="3" t="7" w="494" /><ent r="3" t="10" w="314" /><ent r="3" t="13" w="2087" /><ent r="3" t="14" w="59" /><ent r="3" t="14" w="153" /><ent r="3" t="14" w="161" /><ent r="3" t="14" w="202" /><ent r="3" t="14" w="581" /><ent r="3" t="14" w="602" /><ent r="3" t="14" w="707" /><ent r="3" t="15" w="9" /><ent r="3" t="15" w="356" /><ent r="3" t="16" w="187" /><ent r="3" t="16" w="1238" /><ent r="3" t="17" w="209" /><ent r="3" t="18" w="48" /><ent r="3" t="18" w="200" /><ent r="3" t="19" w="711" /><ent r="3" t="19" w="1137" /><ent r="3" t="19" w="1369" /><ent r="3" t="19" w="1724" /><ent r="3" t="19" w="1786" /><ent r="3" t="19" w="1855" /><ent r="3" t="20" w="189" /><ent r="3" t="20" w="328" /><ent r="3" t="20" w="367" /><ent r="3" t="20" w="402" /><ent r="3" t="20" w="410" /><ent r="3" t="20" w="572" /><ent r="3" t="22" w="83" /><ent r="3" t="22" w="1144" /><ent r="3" t="22" w="1280" /><ent r="3" t="22" w="1286" /><ent r="3" t="22" w="1370" /><ent r="3" t="22" w="1383" /><ent r="3" t="22" w="1538" /><ent r="3" t="22" w="1577" /><ent r="3" t="23" w="205" /><ent r="3" t="23" w="222" /><ent r="3" t="24" w="2837" /><ent r="3" t="25" w="43" /><ent r="3" t="25" w="85" /><ent r="3" t="26" w="465" /><ent r="64" t="26" w="473" /><ent r="3" t="27" w="16" /><ent r="3" t="27" w="94" /><ent r="3" t="27" w="100" /><ent r="3" t="27" w="137" /><ent r="3" t="27" w="393" /><ent r="3" t="27" w="425" /><ent r="3" t="28" w="16" /><ent r="3" t="29" w="570" /><ent r="3" t="29" w="728" /><ent r="3" t="29" w="1004" /><ent r="3" t="29" w="1064" /><ent r="3" t="29" w="1111" /><ent r="3" t="32" w="27" /><ent r="3" t="32" w="66" /><ent r="3" t="32" w="122" /><ent r="3" t="32" w="129" /><ent r="3" t="32" w="306" /><ent r="3" t="32" w="338" /><ent r="3" t="32" w="346" /><ent r="3" t="32" w="363" /><ent r="3" t="32" w="1509" /><ent r="3" t="32" w="1725" /></phr></stem><stem n="tcp"><phr n="TCP"><ent r="100" t="3" w="194" /><ent r="4" t="3" w="220" /><ent r="66" t="3" w="432" /><ent r="4" t="3" w="438" /><ent r="4" t="3" w="458" /><ent r="65" t="3" w="463" /><ent r="82" t="4" w="494" /><ent r="3" t="4" w="499" /><ent r="65" t="4" w="523" /><ent r="65" t="4" w="547" /><ent r="100" t="5" w="128" /><ent r="100" t="5" w="203" /><ent r="6" t="5" w="206" /><ent r="3" t="5" w="740" /><ent r="3" t="5" w="1338" /><ent r="100" t="5" w="1348" /><ent r="100" t="7" w="560" /><ent r="5" t="9" w="181" /><ent r="5" t="9" w="402" /><ent r="5" t="9" w="729" /><ent r="5" t="9" w="739" /><ent r="100" t="10" w="26" /><ent r="4" t="10" w="98" /><ent r="100" t="10" w="318" /><ent r="92" t="10" w="326" /><ent r="3" t="10" w="349" /><ent r="65" t="13" w="55" /><ent r="92" t="13" w="970" /><ent r="3" t="13" w="979" /><ent r="4" t="13" w="1795" /><ent r="3" t="16" w="170" /><ent r="100" t="16" w="216" /><ent r="100" t="16" w="218" /><ent r="100" t="16" w="220" /><ent r="100" t="16" w="1139" /><ent r="100" t="16" w="1141" /><ent r="100" t="16" w="1143" /><ent r="1000" t="34" w="2" /><ent r="100" t="34" w="5" /><ent r="102" t="34" w="9" /><ent r="3" t="34" w="16" /><ent r="64" t="34" w="106" /><ent r="3" t="34" w="111" /><ent r="3" t="34" w="140" /><ent r="92" t="34" w="165" /><ent r="3" t="34" w="169" /><ent r="92" t="34" w="259" /><ent r="3" t="34" w="263" /><ent r="4" t="34" w="276" /><ent r="65" t="34" w="310" /><ent r="4" t="34" w="335" /><ent r="3" t="34" w="369" /><ent r="3" t="34" w="480" /><ent r="3" t="34" w="615" /><ent r="3" t="34" w="847" /><ent r="3" t="34" w="1033" /><ent r="64" t="34" w="1096" /><ent r="3" t="35" w="19" /><ent r="3" t="35" w="52" /><ent r="92" t="35" w="76" /><ent r="3" t="35" w="84" /><ent r="3" t="35" w="123" /><ent r="100" t="35" w="129" /><ent r="64" t="35" w="132" /><ent r="3" t="35" w="261" /><ent r="3" t="36" w="21" /><ent r="1000" t="37" w="1" /><ent r="102" t="37" w="68" /><ent r="3" t="37" w="89" /><ent r="4" t="37" w="454" /><ent r="3" t="37" w="936" /><ent r="100" t="37" w="1303" /><ent r="3" t="37" w="1321" /><ent r="3" t="37" w="1450" /><ent r="3" t="37" w="1778" /><ent r="3" t="37" w="1788" /><ent r="3" t="37" w="1815" /><ent r="4" t="37" w="2279" /><ent r="3" t="37" w="2946" /><ent r="3" t="37" w="3840" /><ent r="3" t="37" w="4133" /><ent r="3" t="37" w="4550" /><ent r="1000" t="38" w="2" /><ent r="102" t="38" w="23" /><ent r="3" t="38" w="43" /><ent r="3" t="38" w="52" /><ent r="100" t="38" w="94" /><ent r="3" t="38" w="97" /><ent r="100" t="38" w="141" /><ent r="92" t="38" w="145" /><ent r="3" t="38" w="218" /><ent r="5" t="38" w="365" /><ent r="1000" t="39" w="2" /><ent r="100" t="39" w="8" /><ent r="100" t="39" w="13" /><ent r="100" t="39" w="19" /><ent r="100" t="39" w="36" /><ent r="100" t="39" w="46" /><ent r="100" t="39" w="50" /><ent r="100" t="39" w="54" /><ent r="100" t="39" w="62" /><ent r="102" t="39" w="65" /><ent r="3" t="39" w="79" /><ent r="3" t="39" w="96" /><ent r="3" t="39" w="146" /><ent r="3" t="39" w="169" /><ent r="3" t="39" w="192" /><ent r="3" t="39" w="235" /><ent r="3" t="39" w="415" /><ent r="3" t="39" w="603" /><ent r="6" t="70" w="732" /><ent r="100" t="78" w="145" /><ent r="3" t="78" w="153" /></phr><phr n="Tcp"><ent r="100" t="5" w="130" /><ent r="100" t="5" w="312" /><ent r="100" t="5" w="1350" /><ent r="100" t="39" w="87" /><ent r="100" t="39" w="122" /><ent r="100" t="78" w="162" /></phr><phr n="tcp"><ent r="8" t="5" w="133" /><ent r="8" t="5" w="213" /><ent r="100" t="5" w="317" /><ent r="6" t="5" w="346" /><ent r="3" t="5" w="746" /><ent r="100" t="5" w="1355" /><ent r="5" t="5" w="1360" /><ent r="3" t="5" w="1422" /><ent r="3" t="13" w="983" /><ent r="3" t="34" w="13" /><ent r="3" t="37" w="3882" /><ent r="3" t="37" w="4110" /><ent r="100" t="39" w="92" /><ent r="3" t="39" w="99" /><ent r="3" t="39" w="126" /><ent r="3" t="39" w="137" /><ent r="100" t="78" w="167" /><ent r="5" t="78" w="172" /><ent r="3" t="78" w="234" /></phr></stem><stem n="udp"><phr n="UDP"><ent r="100" t="3" w="196" /><ent r="4" t="3" w="215" /><ent r="5" t="9" w="410" /><ent r="3" t="28" w="296" /><ent r="5" t="38" w="362" /></phr><phr n="udp"><ent r="3" t="56" w="310" /></phr></stem><stem n=":snmp"><phr n=":SNMP"><ent r="100" t="3" w="199" /><ent r="100" t="24" w="17" /><ent r="100" t="55" w="31" /><ent r="100" t="55" w="37" /></phr></stem><stem n="appletalk"><phr n="AppleTalk"><ent r="100" t="3" w="201" /><ent r="100" t="38" w="323" /><ent r="5" t="38" w="328" /><ent r="100" t="70" w="882" /><ent r="6" t="70" w="887" /><ent r="100" t="70" w="1043" /><ent r="6" t="70" w="1050" /></phr></stem><stem n="datagram"><phr n="datagrams"><ent r="100" t="3" w="202" /><ent r="4" t="3" w="216" /><ent r="3" t="10" w="298" /><ent r="3" t="13" w="2085" /><ent r="3" t="13" w="2102" /><ent r="3" t="16" w="138" /><ent r="100" t="16" w="209" /><ent r="100" t="16" w="1153" /><ent r="100" t="17" w="149" /><ent r="3" t="17" w="170" /><ent r="3" t="20" w="173" /></phr><phr n="Datagrams"><ent r="100" t="10" w="280" /><ent r="100" t="20" w="155" /></phr><phr n="Datagram"><ent r="100" t="35" w="243" /></phr><phr n="datagram"><ent r="3" t="35" w="257" /></phr></stem><stem n="queri"><phr n="queries"><ent r="4" t="3" w="210" /><ent r="4" t="3" w="371" /><ent r="4" t="4" w="362" /><ent r="6" t="5" w="906" /><ent r="6" t="5" w="1045" /><ent r="6" t="5" w="1054" /><ent r="4" t="15" w="487" /><ent r="3" t="18" w="34" /><ent r="4" t="18" w="108" /><ent r="4" t="18" w="176" /><ent r="3" t="19" w="741" /><ent r="3" t="25" w="29" /><ent r="4" t="25" w="143" /><ent r="4" t="25" w="209" /><ent r="3" t="26" w="815" /><ent r="4" t="49" w="383" /><ent r="3" t="62" w="141" /><ent r="3" t="64" w="15" /><ent r="3" t="64" w="114" /><ent r="4" t="64" w="140" /></phr><phr n="query"><ent r="6" t="5" w="1066" /><ent r="4" t="18" w="77" /><ent r="4" t="18" w="132" /><ent r="4" t="19" w="1878" /><ent r="4" t="19" w="1942" /><ent r="4" t="25" w="114" /><ent r="4" t="25" w="167" /><ent r="3" t="26" w="653" /><ent r="3" t="26" w="703" /><ent r="3" t="26" w="716" /><ent r="4" t="34" w="291" /><ent r="3" t="35" w="34" /><ent r="3" t="54" w="339" /><ent r="4" t="55" w="333" /><ent r="3" t="59" w="179" /><ent r="3" t="64" w="70" /><ent r="3" t="64" w="199" /><ent r="3" t="64" w="223" /></phr><phr n="querying"><ent r="4" t="16" w="1281" /><ent r="4" t="16" w="1331" /><ent r="4" t="16" w="1360" /><ent r="3" t="26" w="1027" /><ent r="3" t="64" w="80" /></phr><phr n="Query"><ent r="100" t="18" w="15" /><ent r="100" t="18" w="18" /><ent r="100" t="18" w="65" /><ent r="100" t="18" w="116" /><ent r="100" t="25" w="100" /><ent r="100" t="25" w="102" /><ent r="100" t="25" w="151" /></phr><phr n="queried"><ent r="3" t="19" w="1206" /></phr><phr n="Queries"><ent r="64" t="62" w="149" /><ent r="1000" t="64" w="3" /><ent r="102" t="64" w="7" /></phr></stem><stem n="request"><phr n="requests"><ent r="4" t="3" w="213" /><ent r="4" t="3" w="447" /><ent r="7" t="8" w="529" /><ent r="7" t="8" w="532" /><ent r="3" t="57" w="52" /></phr><phr n="Requests"><ent r="5" t="9" w="473" /><ent r="5" t="9" w="482" /></phr><phr n="Request"><ent r="100" t="16" w="323" /><ent r="100" t="16" w="449" /><ent r="100" t="16" w="454" /><ent r="4" t="16" w="1117" /><ent r="100" t="18" w="92" /><ent r="100" t="18" w="96" /><ent r="4" t="18" w="102" /><ent r="4" t="18" w="107" /><ent r="100" t="25" w="127" /><ent r="100" t="25" w="131" /><ent r="4" t="25" w="137" /><ent r="4" t="25" w="142" /><ent r="3" t="49" w="812" /></phr><phr n="request"><ent r="100" t="16" w="447" /><ent r="4" t="16" w="1129" /><ent r="5" t="18" w="88" /><ent r="4" t="18" w="163" /><ent r="3" t="18" w="191" /><ent r="3" t="19" w="85" /><ent r="3" t="25" w="63" /><ent r="5" t="25" w="123" /><ent r="4" t="25" w="196" /><ent r="3" t="26" w="814" /><ent r="3" t="27" w="135" /><ent r="3" t="34" w="71" /><ent r="5" t="38" w="130" /><ent r="3" t="49" w="810" /><ent r="3" t="49" w="818" /><ent r="3" t="49" w="827" /><ent r="3" t="49" w="864" /><ent r="4" t="55" w="348" /><ent r="3" t="58" w="229" /><ent r="3" t="58" w="322" /><ent r="3" t="65" w="88" /><ent r="3" t="66" w="13" /><ent r="3" t="66" w="29" /><ent r="3" t="70" w="217" /><ent r="6" t="70" w="2026" /><ent r="6" t="70" w="2098" /><ent r="6" t="70" w="2112" /><ent r="3" t="71" w="329" /><ent r="3" t="71" w="334" /><ent r="3" t="71" w="423" /><ent r="3" t="71" w="439" /><ent r="3" t="71" w="452" /><ent r="3" t="71" w="466" /></phr><phr n="requested"><ent r="3" t="19" w="39" /><ent r="3" t="54" w="573" /><ent r="3" t="66" w="19" /><ent r="6" t="70" w="1860" /><ent r="6" t="70" w="1881" /><ent r="6" t="70" w="1904" /><ent r="6" t="70" w="1927" /><ent r="6" t="70" w="1947" /><ent r="6" t="70" w="1966" /></phr></stem><stem n="connect"><phr n="connection"><ent r="4" t="3" w="221" /><ent r="4" t="3" w="439" /><ent r="5" t="9" w="192" /><ent r="5" t="9" w="248" /><ent r="5" t="13" w="1009" /><ent r="5" t="13" w="1024" /><ent r="5" t="13" w="1038" /><ent r="5" t="13" w="1053" /><ent r="5" t="13" w="1205" /><ent r="3" t="34" w="373" /><ent r="3" t="35" w="262" /><ent r="3" t="37" w="173" /><ent r="3" t="37" w="205" /><ent r="3" t="37" w="1313" /><ent r="3" t="37" w="1363" /><ent r="3" t="37" w="1397" /><ent r="3" t="37" w="2000" /><ent r="3" t="37" w="2030" /><ent r="3" t="37" w="2467" /><ent r="3" t="37" w="3322" /><ent r="3" t="37" w="4247" /><ent r="4" t="38" w="63" /><ent r="5" t="38" w="115" /><ent r="5" t="38" w="129" /><ent r="3" t="39" w="193" /><ent r="3" t="39" w="236" /><ent r="3" t="39" w="613" /><ent r="6" t="70" w="713" /><ent r="6" t="70" w="733" /></phr><phr n="connect"><ent r="5" t="9" w="184" /><ent r="5" t="9" w="240" /><ent r="3" t="34" w="18" /><ent r="4" t="37" w="340" /><ent r="65" t="37" w="373" /><ent r="4" t="37" w="568" /><ent r="3" t="37" w="1215" /><ent r="3" t="37" w="1267" /><ent r="3" t="37" w="1284" /><ent r="3" t="37" w="2066" /><ent r="83" t="37" w="2896" /><ent r="3" t="37" w="2949" /><ent r="3" t="37" w="2956" /><ent r="3" t="37" w="2970" /><ent r="6" t="38" w="106" /><ent r="4" t="38" w="269" /><ent r="3" t="39" w="411" /><ent r="3" t="39" w="453" /><ent r="3" t="39" w="616" /><ent r="3" t="44" w="434" /><ent r="3" t="44" w="439" /><ent r="3" t="44" w="461" /><ent r="3" t="44" w="484" /><ent r="3" t="44" w="494" /><ent r="3" t="44" w="516" /><ent r="3" t="44" w="579" /><ent r="3" t="44" w="622" /><ent r="3" t="44" w="639" /><ent r="3" t="44" w="691" /><ent r="3" t="44" w="754" /><ent r="3" t="62" w="57" /></phr><phr n="connected"><ent r="5" t="9" w="202" /><ent r="5" t="9" w="258" /><ent r="5" t="13" w="1191" /><ent r="3" t="39" w="621" /></phr><phr n="connections"><ent r="5" t="9" w="366" /><ent r="5" t="9" w="369" /><ent r="5" t="9" w="450" /><ent r="5" t="9" w="453" /><ent r="5" t="9" w="740" /><ent r="3" t="10" w="312" /><ent r="3" t="20" w="187" /><ent r="3" t="37" w="4189" /></phr><phr n="Connections"><ent r="5" t="9" w="382" /><ent r="5" t="9" w="390" /></phr><phr n="connects"><ent r="3" t="34" w="59" /><ent r="3" t="34" w="115" /><ent r="3" t="34" w="448" /><ent r="6" t="70" w="842" /><ent r="6" t="70" w="860" /></phr><phr n="Connect"><ent r="100" t="37" w="364" /><ent r="3" t="44" w="465" /><ent r="3" t="44" w="477" /><ent r="4" t="56" w="793" /></phr><phr n="Connection"><ent r="6" t="38" w="101" /><ent r="6" t="38" w="117" /><ent r="3" t="39" w="589" /></phr><phr n="connecting"><ent r="3" t="44" w="674" /><ent r="3" t="44" w="927" /></phr></stem><stem n="be"><phr n="being"><ent r="4" t="3" w="225" /><ent r="4" t="8" w="745" /><ent r="5" t="13" w="180" /><ent r="3" t="15" w="107" /><ent r="3" t="17" w="312" /><ent r="3" t="21" w="461" /><ent r="3" t="35" w="103" /><ent r="3" t="37" w="177" /><ent r="3" t="38" w="39" /><ent r="3" t="42" w="81" /><ent r="3" t="45" w="153" /><ent r="3" t="53" w="114" /><ent r="3" t="59" w="59" /><ent r="4" t="69" w="221" /></phr></stem><stem n="respond"><phr n="responds"><ent r="4" t="3" w="230" /></phr><phr n="respond"><ent r="4" t="3" w="234" /><ent r="6" t="5" w="1041" /><ent r="3" t="34" w="459" /></phr><phr n="responding"><ent r="3" t="71" w="176" /></phr></stem><stem n="(or"><phr n="(or"><ent r="4" t="3" w="231" /><ent r="4" t="16" w="1583" /><ent r="3" t="19" w="486" /><ent r="3" t="28" w="33" /><ent r="4" t="47" w="275" /></phr></stem><stem n="fail"><phr n="fails"><ent r="4" t="3" w="232" /><ent r="4" t="19" w="1619" /><ent r="4" t="35" w="1124" /><ent r="3" t="35" w="1578" /><ent r="4" t="37" w="566" /><ent r="4" t="37" w="1927" /><ent r="3" t="37" w="2064" /><ent r="3" t="37" w="2397" /><ent r="3" t="37" w="2478" /><ent r="3" t="37" w="4161" /><ent r="3" t="37" w="4241" /><ent r="3" t="37" w="4438" /><ent r="3" t="37" w="4504" /><ent r="4" t="55" w="1198" /></phr><phr n="failed"><ent r="5" t="13" w="1206" /><ent r="3" t="49" w="839" /></phr><phr n="fail"><ent r="3" t="35" w="408" /><ent r="3" t="35" w="1474" /><ent r="3" t="35" w="1499" /><ent r="3" t="35" w="1530" /><ent r="65" t="37" w="239" /><ent r="65" t="37" w="259" /><ent r="65" t="37" w="277" /><ent r="65" t="37" w="507" /><ent r="65" t="37" w="796" /><ent r="4" t="37" w="1140" /><ent r="3" t="37" w="1166" /><ent r="3" t="37" w="1446" /><ent r="83" t="37" w="1851" /><ent r="5" t="37" w="1912" /><ent r="3" t="37" w="1990" /><ent r="4" t="37" w="2014" /><ent r="83" t="37" w="2348" /><ent r="4" t="37" w="2491" /><ent r="83" t="37" w="3081" /><ent r="3" t="37" w="3168" /><ent r="3" t="37" w="3242" /><ent r="83" t="37" w="3276" /><ent r="3" t="37" w="3329" /><ent r="3" t="37" w="3836" /><ent r="3" t="37" w="3970" /></phr><phr n="FAIL"><ent r="100" t="37" w="552" /><ent r="65" t="37" w="554" /><ent r="100" t="37" w="2050" /><ent r="82" t="37" w="2052" /><ent r="3" t="37" w="2068" /></phr></stem><stem n="down"><phr n="DOWN"><ent r="100" t="3" w="236" /><ent r="4" t="3" w="250" /><ent r="100" t="35" w="283" /><ent r="4" t="35" w="294" /><ent r="5" t="35" w="1132" /><ent r="3" t="35" w="1554" /><ent r="100" t="37" w="1497" /><ent r="3" t="37" w="1511" /><ent r="4" t="37" w="2102" /><ent r="4" t="37" w="2146" /><ent r="3" t="37" w="3411" /><ent r="100" t="37" w="3982" /><ent r="3" t="37" w="3988" /><ent r="100" t="39" w="173" /><ent r="100" t="39" w="270" /><ent r="100" t="39" w="275" /><ent r="3" t="39" w="310" /><ent r="100" t="39" w="390" /><ent r="3" t="39" w="394" /><ent r="3" t="39" w="424" /><ent r="3" t="39" w="441" /><ent r="3" t="39" w="546" /><ent r="100" t="39" w="552" /><ent r="3" t="39" w="555" /><ent r="3" t="39" w="567" /><ent r="3" t="39" w="587" /><ent r="3" t="44" w="598" /><ent r="3" t="44" w="627" /><ent r="3" t="44" w="648" /><ent r="3" t="47" w="149" /></phr><phr n="down"><ent r="6" t="5" w="1101" /><ent r="3" t="14" w="1092" /><ent r="3" t="16" w="1944" /><ent r="3" t="16" w="1961" /><ent r="4" t="16" w="2030" /><ent r="4" t="17" w="126" /><ent r="3" t="17" w="151" /><ent r="3" t="19" w="104" /><ent r="3" t="22" w="918" /><ent r="3" t="23" w="240" /><ent r="3" t="37" w="4452" /><ent r="3" t="39" w="406" /><ent r="4" t="42" w="48" /><ent r="4" t="42" w="112" /><ent r="3" t="42" w="125" /><ent r="3" t="42" w="140" /><ent r="3" t="44" w="544" /><ent r="3" t="44" w="800" /><ent r="3" t="45" w="183" /><ent r="3" t="46" w="390" /><ent r="4" t="47" w="760" /><ent r="4" t="47" w="779" /><ent r="3" t="48" w="230" /><ent r="3" t="49" w="624" /><ent r="3" t="49" w="888" /><ent r="3" t="53" w="51" /><ent r="4" t="57" w="119" /><ent r="3" t="57" w="201" /><ent r="6" t="70" w="284" /><ent r="6" t="70" w="365" /></phr><phr n="Down"><ent r="3" t="17" w="156" /><ent r="5" t="21" w="215" /><ent r="3" t="21" w="323" /><ent r="3" t="33" w="224" /><ent r="3" t="46" w="365" /><ent r="6" t="47" w="476" /></phr></stem><stem n="respons"><phr n="response"><ent r="4" t="3" w="242" /><ent r="4" t="3" w="255" /><ent r="4" t="8" w="303" /><ent r="3" t="13" w="1960" /><ent r="3" t="13" w="1969" /><ent r="3" t="28" w="263" /><ent r="3" t="34" w="86" /><ent r="3" t="34" w="131" /><ent r="3" t="34" w="490" /><ent r="3" t="35" w="119" /><ent r="3" t="35" w="1713" /><ent r="4" t="37" w="743" /><ent r="4" t="37" w="917" /><ent r="3" t="37" w="3699" /><ent r="3" t="37" w="3718" /><ent r="3" t="37" w="4037" /><ent r="3" t="37" w="4078" /><ent r="3" t="37" w="4093" /><ent r="3" t="37" w="4411" /><ent r="3" t="37" w="4485" /><ent r="3" t="37" w="4510" /><ent r="3" t="37" w="4518" /><ent r="3" t="37" w="4560" /><ent r="3" t="37" w="4596" /><ent r="3" t="37" w="4634" /><ent r="3" t="38" w="31" /><ent r="4" t="38" w="344" /><ent r="4" t="38" w="355" /><ent r="3" t="39" w="204" /><ent r="3" t="39" w="291" /><ent r="3" t="39" w="294" /><ent r="3" t="39" w="333" /><ent r="3" t="39" w="369" /><ent r="3" t="39" w="388" /><ent r="3" t="39" w="407" /><ent r="3" t="47" w="622" /><ent r="3" t="47" w="674" /><ent r="3" t="49" w="143" /><ent r="64" t="53" w="105" /><ent r="4" t="54" w="100" /><ent r="4" t="55" w="296" /><ent r="4" t="55" w="316" /><ent r="4" t="55" w="1202" /><ent r="4" t="55" w="1214" /><ent r="3" t="65" w="106" /></phr><phr n="responses"><ent r="4" t="3" w="451" /><ent r="6" t="5" w="898" /><ent r="3" t="34" w="40" /><ent r="4" t="34" w="298" /><ent r="3" t="34" w="382" /><ent r="3" t="34" w="394" /><ent r="3" t="34" w="418" /><ent r="3" t="35" w="41" /><ent r="3" t="35" w="107" /><ent r="3" t="35" w="272" /><ent r="3" t="35" w="275" /><ent r="3" t="37" w="4155" /></phr><phr n="responsibility"><ent r="3" t="21" w="431" /></phr><phr n="Response"><ent r="100" t="35" w="1270" /><ent r="3" t="35" w="1275" /><ent r="100" t="37" w="731" /><ent r="3" t="37" w="1557" /><ent r="3" t="37" w="1603" /><ent r="3" t="37" w="3424" /><ent r="1000" t="38" w="3" /><ent r="100" t="38" w="12" /><ent r="100" t="38" w="15" /><ent r="100" t="38" w="18" /><ent r="102" t="38" w="24" /><ent r="100" t="39" w="315" /><ent r="3" t="39" w="321" /><ent r="100" t="39" w="353" /><ent r="3" t="39" w="357" /><ent r="100" t="39" w="372" /><ent r="3" t="39" w="376" /><ent r="100" t="39" w="391" /><ent r="3" t="39" w="395" /><ent r="3" t="39" w="436" /><ent r="3" t="39" w="438" /><ent r="3" t="39" w="440" /><ent r="3" t="39" w="442" /><ent r="3" t="39" w="493" /><ent r="3" t="39" w="503" /><ent r="3" t="39" w="511" /><ent r="3" t="39" w="521" /><ent r="3" t="39" w="529" /><ent r="3" t="39" w="539" /><ent r="3" t="39" w="547" /><ent r="3" t="39" w="557" /><ent r="100" t="54" w="182" /><ent r="93" t="54" w="194" /></phr><phr n="responsible"><ent r="3" t="40" w="643" /></phr></stem></index>