<?xml version="1.0" encoding="utf-8"?><index><stem n="birt"><phr n="BiRt"><ent r="5" t="8" w="309" /></phr></stem><stem n="-term"><phr n="-term"><ent r="4" t="8" w="311" /><ent r="4" t="8" w="311" /></phr></stem><stem n="short-term"><phr n="short-term"><ent r="4" t="8" w="311" /></phr></stem><stem n="packet"><phr n="packet"><ent r="4" t="8" w="313" /><ent r="4" t="15" w="152" /><ent r="3" t="24" w="52" /><ent r="3" t="28" w="26" /><ent r="3" t="28" w="96" /><ent r="3" t="28" w="297" /><ent r="3" t="28" w="305" /><ent r="3" t="28" w="314" /><ent r="3" t="29" w="199" /><ent r="3" t="32" w="208" /><ent r="3" t="32" w="1273" /><ent r="3" t="56" w="340" /><ent r="3" t="56" w="347" /></phr><phr n="packets"><ent r="7" t="8" w="447" /><ent r="7" t="8" w="449" /><ent r="7" t="8" w="522" /><ent r="7" t="8" w="525" /><ent r="3" t="27" w="261" /><ent r="3" t="32" w="163" /></phr><phr n="Packet"><ent r="5" t="9" w="651" /><ent r="5" t="29" w="67" /><ent r="82" t="29" w="174" /></phr></stem><stem n="(%)"><phr n="(%)"><ent r="4" t="8" w="315" /><ent r="5" t="9" w="829" /></phr></stem><stem n="rpkl"><phr n="RPkL"><ent r="5" t="8" w="317" /></phr></stem><stem n="byte"><phr n="byte"><ent r="4" t="8" w="320" /><ent r="4" t="8" w="331" /><ent r="4" t="15" w="150" /><ent r="6" t="16" w="877" /><ent r="6" t="16" w="887" /><ent r="4" t="16" w="1405" /><ent r="4" t="24" w="2473" /><ent r="6" t="24" w="2533" /><ent r="6" t="24" w="2542" /></phr><phr n="bytes"><ent r="7" t="8" w="439" /><ent r="7" t="8" w="441" /><ent r="7" t="8" w="466" /><ent r="7" t="8" w="469" /><ent r="3" t="8" w="814" /><ent r="5" t="13" w="1219" /><ent r="3" t="13" w="2219" /><ent r="3" t="13" w="2229" /><ent r="3" t="13" w="2237" /><ent r="3" t="13" w="2247" /><ent r="3" t="13" w="2273" /><ent r="3" t="13" w="2281" /><ent r="3" t="13" w="2289" /><ent r="3" t="13" w="2300" /><ent r="3" t="13" w="2308" /><ent r="3" t="13" w="2311" /><ent r="3" t="14" w="645" /><ent r="3" t="14" w="654" /><ent r="3" t="14" w="663" /><ent r="3" t="14" w="684" /><ent r="3" t="14" w="696" /><ent r="3" t="16" w="1212" /><ent r="3" t="16" w="1222" /><ent r="3" t="16" w="1722" /><ent r="4" t="24" w="739" /><ent r="3" t="24" w="1133" /><ent r="3" t="24" w="1144" /><ent r="4" t="24" w="1264" /><ent r="4" t="24" w="2404" /><ent r="4" t="24" w="2419" /><ent r="4" t="24" w="2450" /><ent r="6" t="24" w="2551" /><ent r="6" t="24" w="2560" /><ent r="6" t="24" w="2569" /><ent r="6" t="24" w="2578" /><ent r="6" t="24" w="2589" /></phr></stem><stem n="rate"><phr n="rates"><ent r="4" t="8" w="321" /><ent r="4" t="8" w="332" /><ent r="4" t="15" w="153" /></phr><phr n="rate"><ent r="3" t="14" w="392" /><ent r="6" t="16" w="718" /><ent r="6" t="16" w="742" /><ent r="6" t="16" w="768" /></phr><phr n="Rate"><ent r="3" t="14" w="674" /><ent r="3" t="14" w="690" /></phr></stem><stem n="visibl"><phr n="visible"><ent r="4" t="8" w="324" /><ent r="4" t="8" w="335" /><ent r="3" t="25" w="77" /><ent r="5" t="25" w="217" /><ent r="4" t="25" w="232" /><ent r="4" t="25" w="240" /><ent r="4" t="25" w="253" /><ent r="3" t="37" w="4276" /><ent r="3" t="41" w="496" /><ent r="3" t="44" w="737" /></phr></stem><stem n="bytr"><phr n="BytR"><ent r="5" t="8" w="328" /></phr></stem><stem n="bytt"><phr n="BytT"><ent r="5" t="8" w="339" /></phr></stem><stem n="addit"><phr n="addition"><ent r="3" t="8" w="342" /><ent r="3" t="17" w="333" /><ent r="3" t="19" w="942" /><ent r="3" t="26" w="42" /><ent r="3" t="29" w="179" /><ent r="3" t="40" w="312" /><ent r="4" t="41" w="319" /><ent r="3" t="66" w="56" /><ent r="3" t="67" w="52" /></phr><phr n="additional"><ent r="5" t="13" w="399" /><ent r="3" t="23" w="131" /><ent r="3" t="40" w="355" /><ent r="5" t="40" w="699" /><ent r="4" t="40" w="805" /><ent r="3" t="71" w="338" /></phr><phr n="additions"><ent r="3" t="19" w="1019" /></phr><phr n="Addition"><ent r="100" t="24" w="361" /><ent r="4" t="24" w="364" /></phr></stem><stem n="symbol"><phr n="Symbol"><ent r="7" t="8" w="419" /></phr><phr n="symbol"><ent r="4" t="13" w="1608" /><ent r="4" t="24" w="188" /><ent r="4" t="26" w="242" /><ent r="4" t="26" w="256" /><ent r="4" t="26" w="281" /><ent r="3" t="26" w="291" /><ent r="3" t="26" w="298" /><ent r="4" t="26" w="599" /><ent r="3" t="54" w="73" /></phr><phr n="symbolic"><ent r="4" t="19" w="1908" /><ent r="3" t="26" w="203" /><ent r="3" t="26" w="233" /><ent r="3" t="26" w="414" /><ent r="4" t="26" w="547" /><ent r="4" t="26" w="561" /><ent r="3" t="26" w="992" /><ent r="3" t="27" w="190" /></phr><phr n="Symbolic"><ent r="3" t="26" w="26" /><ent r="3" t="26" w="28" /><ent r="92" t="26" w="198" /><ent r="3" t="26" w="318" /><ent r="82" t="26" w="523" /><ent r="4" t="26" w="527" /></phr><phr n="symbols"><ent r="3" t="26" w="226" /><ent r="4" t="26" w="238" /><ent r="4" t="26" w="252" /><ent r="4" t="26" w="262" /><ent r="4" t="26" w="265" /><ent r="3" t="26" w="286" /></phr></stem><stem n="percent"><phr n="percent"><ent r="7" t="8" w="423" /><ent r="7" t="8" w="425" /><ent r="4" t="24" w="1301" /><ent r="4" t="24" w="1827" /></phr><phr n="Percent"><ent r="3" t="8" w="799" /><ent r="3" t="8" w="806" /><ent r="5" t="9" w="54" /><ent r="5" t="9" w="214" /><ent r="5" t="9" w="319" /><ent r="5" t="9" w="527" /><ent r="5" t="9" w="537" /><ent r="5" t="9" w="562" /><ent r="5" t="9" w="572" /><ent r="5" t="9" w="593" /><ent r="5" t="9" w="603" /><ent r="5" t="9" w="628" /><ent r="5" t="9" w="702" /><ent r="5" t="9" w="751" /><ent r="5" t="9" w="791" /></phr></stem><stem n="min"><phr n="min"><ent r="7" t="8" w="427" /><ent r="7" t="8" w="488" /><ent r="7" t="8" w="495" /><ent r="5" t="9" w="67" /><ent r="5" t="9" w="159" /><ent r="5" t="9" w="226" /><ent r="5" t="9" w="331" /><ent r="5" t="9" w="763" /><ent r="5" t="9" w="803" /><ent r="5" t="9" w="843" /><ent r="4" t="24" w="443" /><ent r="3" t="47" w="590" /></phr><phr n="Min"><ent r="100" t="24" w="89" /></phr></stem><stem n="minut"><phr n="minutes"><ent r="7" t="8" w="429" /><ent r="3" t="23" w="112" /><ent r="3" t="47" w="613" /></phr><phr n="minute"><ent r="7" t="8" w="492" /><ent r="7" t="8" w="499" /><ent r="100" t="10" w="278" /><ent r="3" t="10" w="306" /><ent r="100" t="16" w="526" /><ent r="7" t="16" w="761" /><ent r="4" t="16" w="1353" /><ent r="100" t="20" w="153" /><ent r="3" t="20" w="181" /><ent r="3" t="64" w="30" /></phr><phr n="MINUTE"><ent r="3" t="16" w="151" /><ent r="3" t="16" w="1203" /><ent r="4" t="29" w="796" /></phr><phr n="Minute"><ent r="4" t="24" w="1740" /></phr></stem><stem n="sec"><phr n="sec"><ent r="7" t="8" w="431" /><ent r="7" t="8" w="460" /><ent r="7" t="8" w="467" /><ent r="7" t="8" w="474" /><ent r="7" t="8" w="481" /><ent r="7" t="8" w="502" /><ent r="7" t="8" w="509" /><ent r="7" t="8" w="516" /><ent r="7" t="8" w="523" /><ent r="7" t="8" w="530" /><ent r="100" t="10" w="281" /><ent r="3" t="10" w="299" /><ent r="3" t="13" w="2317" /><ent r="3" t="13" w="2327" /><ent r="3" t="13" w="2337" /><ent r="3" t="13" w="2350" /><ent r="3" t="14" w="685" /><ent r="3" t="14" w="697" /><ent r="3" t="16" w="1213" /><ent r="3" t="16" w="1223" /><ent r="3" t="16" w="1723" /><ent r="3" t="19" w="1109" /><ent r="100" t="20" w="156" /><ent r="3" t="20" w="174" /><ent r="3" t="27" w="262" /><ent r="3" t="44" w="787" /></phr><phr n="Secs"><ent r="100" t="24" w="777" /><ent r="100" t="37" w="715" /><ent r="100" t="39" w="447" /></phr><phr n="secs"><ent r="4" t="24" w="784" /><ent r="65" t="37" w="727" /><ent r="65" t="37" w="903" /><ent r="83" t="37" w="3678" /><ent r="4" t="37" w="3703" /><ent r="3" t="39" w="456" /></phr></stem><stem n="millisecond"><phr n="milliseconds"><ent r="7" t="8" w="437" /><ent r="4" t="37" w="894" /><ent r="3" t="37" w="3621" /><ent r="4" t="37" w="3646" /><ent r="3" t="38" w="49" /><ent r="5" t="38" w="191" /></phr><phr n="millisecond"><ent r="4" t="37" w="867" /><ent r="3" t="37" w="3572" /><ent r="4" t="38" w="358" /></phr></stem><stem n="kbyte"><phr n="kbytes"><ent r="7" t="8" w="443" /><ent r="3" t="13" w="2223" /><ent r="3" t="13" w="2233" /><ent r="3" t="13" w="2241" /><ent r="3" t="13" w="2251" /><ent r="3" t="13" w="2276" /></phr><phr n="KBytes"><ent r="4" t="13" w="2180" /></phr></stem><stem n="kilobyt"><phr n="kilobytes"><ent r="7" t="8" w="445" /></phr></stem><stem n="error"><phr n="errors"><ent r="7" t="8" w="451" /><ent r="7" t="8" w="453" /><ent r="7" t="8" w="494" /><ent r="7" t="8" w="497" /><ent r="7" t="8" w="501" /><ent r="7" t="8" w="504" /><ent r="3" t="10" w="305" /><ent r="4" t="16" w="1351" /><ent r="4" t="19" w="179" /><ent r="3" t="20" w="180" /><ent r="3" t="53" w="52" /><ent r="6" t="70" w="300" /><ent r="3" t="71" w="166" /></phr><phr n="Errors"><ent r="100" t="10" w="277" /><ent r="100" t="20" w="152" /><ent r="3" t="26" w="157" /><ent r="3" t="26" w="412" /><ent r="1000" t="54" w="1" /><ent r="100" t="54" w="6" /><ent r="102" t="54" w="11" /></phr><phr n="error"><ent r="3" t="14" w="1197" /><ent r="3" t="26" w="173" /><ent r="3" t="26" w="180" /><ent r="3" t="26" w="188" /><ent r="3" t="26" w="428" /><ent r="3" t="26" w="435" /><ent r="3" t="26" w="443" /><ent r="4" t="26" w="558" /><ent r="3" t="34" w="461" /><ent r="3" t="37" w="3772" /><ent r="3" t="44" w="878" /><ent r="3" t="44" w="887" /><ent r="3" t="49" w="752" /><ent r="3" t="53" w="28" /><ent r="3" t="54" w="129" /><ent r="3" t="54" w="147" /><ent r="3" t="54" w="296" /><ent r="3" t="54" w="337" /><ent r="3" t="54" w="399" /><ent r="3" t="54" w="460" /><ent r="3" t="55" w="1174" /><ent r="4" t="55" w="1244" /><ent r="3" t="66" w="411" /><ent r="7" t="70" w="327" /></phr><phr n="ERROR"><ent r="3" t="37" w="1063" /></phr><phr n="Error"><ent r="3" t="44" w="670" /><ent r="3" t="44" w="926" /><ent r="3" t="49" w="866" /><ent r="64" t="53" w="44" /><ent r="92" t="54" w="36" /><ent r="93" t="54" w="186" /><ent r="93" t="54" w="270" /><ent r="93" t="54" w="437" /><ent r="100" t="54" w="484" /><ent r="3" t="54" w="492" /><ent r="100" t="55" w="1164" /><ent r="72" t="55" w="1167" /></phr></stem><stem n="discard"><phr n="discards"><ent r="7" t="8" w="455" /><ent r="7" t="8" w="457" /><ent r="7" t="8" w="487" /><ent r="7" t="8" w="490" /></phr></stem><stem n="frame"><phr n="frames"><ent r="7" t="8" w="459" /><ent r="7" t="8" w="462" /></phr></stem><stem n="/sec"><phr n="/sec"><ent r="7" t="8" w="460" /><ent r="7" t="8" w="467" /><ent r="7" t="8" w="474" /><ent r="7" t="8" w="481" /><ent r="7" t="8" w="502" /><ent r="7" t="8" w="509" /><ent r="7" t="8" w="516" /><ent r="7" t="8" w="523" /><ent r="7" t="8" w="530" /><ent r="100" t="10" w="281" /><ent r="3" t="10" w="299" /><ent r="100" t="20" w="156" /><ent r="3" t="20" w="174" /></phr></stem><stem n="frames/sec"><phr n="frames/sec"><ent r="7" t="8" w="460" /><ent r="7" t="8" w="459" /></phr></stem><stem n="per"><phr n="per"><ent r="7" t="8" w="463" /><ent r="7" t="8" w="470" /><ent r="7" t="8" w="477" /><ent r="7" t="8" w="484" /><ent r="7" t="8" w="491" /><ent r="7" t="8" w="498" /><ent r="7" t="8" w="505" /><ent r="7" t="8" w="512" /><ent r="7" t="8" w="519" /><ent r="7" t="8" w="526" /><ent r="7" t="8" w="533" /><ent r="4" t="16" w="1352" /><ent r="4" t="16" w="1406" /><ent r="4" t="16" w="1418" /><ent r="6" t="70" w="494" /><ent r="6" t="70" w="550" /><ent r="6" t="70" w="1000" /></phr><phr n="PER"><ent r="3" t="13" w="2082" /><ent r="3" t="14" w="405" /><ent r="3" t="14" w="497" /><ent r="3" t="14" w="701" /><ent r="3" t="16" w="135" /><ent r="3" t="16" w="150" /><ent r="100" t="16" w="528" /><ent r="3" t="16" w="1202" /><ent r="4" t="29" w="791" /><ent r="4" t="29" w="795" /></phr><phr n="Per"><ent r="100" t="16" w="519" /><ent r="100" t="16" w="525" /><ent r="7" t="16" w="755" /><ent r="7" t="16" w="760" /><ent r="9" t="16" w="941" /></phr></stem><stem n="bytes/sec"><phr n="bytes/sec"><ent r="7" t="8" w="467" /><ent r="7" t="8" w="466" /><ent r="3" t="14" w="685" /><ent r="3" t="14" w="684" /><ent r="3" t="14" w="697" /><ent r="3" t="14" w="696" /><ent r="3" t="16" w="1213" /><ent r="3" t="16" w="1212" /><ent r="3" t="16" w="1223" /><ent r="3" t="16" w="1222" /><ent r="3" t="16" w="1723" /><ent r="3" t="16" w="1722" /></phr></stem><stem n="bit"><phr n="bits"><ent r="7" t="8" w="473" /><ent r="7" t="8" w="476" /><ent r="6" t="16" w="609" /><ent r="6" t="16" w="753" /><ent r="4" t="24" w="501" /><ent r="4" t="24" w="515" /><ent r="6" t="24" w="2626" /></phr><phr n="Bits"><ent r="4" t="24" w="494" /><ent r="4" t="24" w="508" /></phr><phr n="bit"><ent r="4" t="29" w="273" /></phr></stem><stem n="bits/sec"><phr n="bits/sec"><ent r="7" t="8" w="474" /><ent r="7" t="8" w="473" /></phr></stem><stem n="mbit"><phr n="mbits"><ent r="7" t="8" w="480" /></phr><phr n="Mbit"><ent r="3" t="19" w="1108" /></phr></stem><stem n="mbits/sec"><phr n="mbits/sec"><ent r="7" t="8" w="481" /><ent r="7" t="8" w="480" /></phr></stem><stem n="megabit"><phr n="megabits"><ent r="7" t="8" w="483" /></phr></stem><stem n="/min"><phr n="/min"><ent r="7" t="8" w="488" /><ent r="7" t="8" w="495" /></phr></stem><stem n="discards/min"><phr n="discards/min"><ent r="7" t="8" w="488" /><ent r="7" t="8" w="487" /></phr></stem><stem n="errors/min"><phr n="errors/min"><ent r="7" t="8" w="495" /><ent r="7" t="8" w="494" /></phr></stem><stem n="errors/sec"><phr n="errors/sec"><ent r="7" t="8" w="502" /><ent r="7" t="8" w="501" /></phr></stem><stem n="failures/sec"><phr n="failures/sec"><ent r="7" t="8" w="509" /><ent r="7" t="8" w="508" /></phr></stem><stem n="retri"><phr n="retries"><ent r="7" t="8" w="515" /><ent r="7" t="8" w="518" /><ent r="4" t="55" w="289" /><ent r="4" t="55" w="1208" /></phr><phr n="retry"><ent r="3" t="56" w="348" /></phr></stem><stem n="retries/sec"><phr n="retries/sec"><ent r="7" t="8" w="516" /><ent r="7" t="8" w="515" /></phr></stem><stem n="packets/sec"><phr n="packets/sec"><ent r="7" t="8" w="523" /><ent r="7" t="8" w="522" /><ent r="3" t="27" w="262" /><ent r="3" t="27" w="261" /></phr></stem><stem n="requests/sec"><phr n="requests/sec"><ent r="7" t="8" w="530" /><ent r="7" t="8" w="529" /></phr></stem><stem n="celsiu"><phr n="celsius"><ent r="7" t="8" w="540" /></phr></stem><stem n="f"><phr n="F"><ent r="7" t="8" w="543" /><ent r="3" t="16" w="1236" /><ent r="3" t="16" w="1778" /><ent r="3" t="24" w="1486" /><ent r="3" t="49" w="664" /><ent r="3" t="61" w="729" /><ent r="3" t="61" w="733" /><ent r="3" t="61" w="782" /><ent r="3" t="61" w="786" /></phr><phr n="f"><ent r="3" t="14" w="1248" /><ent r="3" t="14" w="1254" /><ent r="4" t="24" w="1268" /><ent r="3" t="24" w="1520" /><ent r="3" t="24" w="1536" /><ent r="6" t="35" w="543" /><ent r="3" t="49" w="905" /></phr></stem><stem n="fahrenheit"><phr n="fahrenheit"><ent r="7" t="8" w="546" /></phr></stem><stem n="dbm"><phr n="dBm"><ent r="7" t="8" w="548" /></phr></stem><stem n="ratio"><phr n="ratio"><ent r="7" t="8" w="552" /><ent r="4" t="19" w="1605" /></phr></stem><stem n="decibel"><phr n="decibels"><ent r="7" t="8" w="554" /></phr></stem><stem n="referenc"><phr n="referenced"><ent r="7" t="8" w="559" /></phr></stem><stem n="milliwatt"><phr n="milliwatt"><ent r="7" t="8" w="562" /></phr></stem><stem n="mile"><phr n="miles"><ent r="7" t="8" w="564" /><ent r="7" t="8" w="575" /></phr><phr n="mile"><ent r="4" t="49" w="92" /></phr></stem><stem n="wireless"><phr n="wireless"><ent r="7" t="8" w="569" /><ent r="4" t="19" w="213" /></phr></stem><stem n="transmiss"><phr n="transmission"><ent r="7" t="8" w="570" /></phr></stem><stem n="rang"><phr n="range"><ent r="7" t="8" w="571" /></phr><phr n="Range"><ent r="5" t="9" w="717" /></phr></stem><stem n="(for"><phr n="(for"><ent r="7" t="8" w="572" /><ent r="4" t="13" w="2164" /><ent r="4" t="13" w="2179" /><ent r="3" t="19" w="1420" /><ent r="3" t="28" w="81" /><ent r="3" t="37" w="212" /><ent r="6" t="70" w="1327" /></phr><phr n="(For"><ent r="6" t="70" w="2192" /><ent r="6" t="70" w="2272" /></phr></stem><stem n="volt"><phr n="volts"><ent r="7" t="8" w="580" /><ent r="7" t="8" w="582" /></phr></stem><stem n="(deprecated)"><phr n="(deprecated)"><ent r="92" t="8" w="588" /></phr></stem><stem n="here"><phr n="here"><ent r="3" t="8" w="623" /><ent r="3" t="14" w="429" /><ent r="3" t="19" w="925" /><ent r="4" t="22" w="252" /><ent r="3" t="24" w="2691" /><ent r="3" t="27" w="200" /><ent r="3" t="27" w="319" /></phr><phr n="Here"><ent r="3" t="10" w="242" /><ent r="3" t="13" w="15" /><ent r="3" t="13" w="1871" /><ent r="3" t="15" w="109" /><ent r="3" t="16" w="1157" /><ent r="3" t="19" w="329" /><ent r="3" t="19" w="1298" /><ent r="3" t="20" w="117" /><ent r="3" t="22" w="43" /><ent r="3" t="26" w="738" /><ent r="3" t="29" w="547" /><ent r="3" t="29" w="631" /><ent r="3" t="34" w="755" /><ent r="3" t="49" w="22" /><ent r="3" t="49" w="168" /><ent r="3" t="54" w="30" /><ent r="3" t="56" w="209" /><ent r="3" t="66" w="538" /><ent r="3" t="67" w="81" /><ent r="3" t="70" w="1805" /></phr></stem><stem n="$var1"><phr n="$var1"><ent r="3" t="8" w="629" /></phr></stem><stem n="tag1"><phr n="tag1"><ent r="3" t="8" w="630" /></phr></stem><stem n="'tag1',"><phr n="'tag1',"><ent r="3" t="8" w="631" /></phr></stem><stem n="&quot;legend"><phr n="&quot;Legend"><ent r="3" t="8" w="631" /><ent r="3" t="8" w="638" /><ent r="3" t="8" w="643" /></phr></stem><stem n=":units(xxx)&quot;"><phr n=":units(xxx)&quot;"><ent r="3" t="8" w="635" /></phr></stem><stem n="$var2"><phr n="$var2"><ent r="3" t="8" w="636" /><ent r="3" t="24" w="935" /><ent r="3" t="24" w="938" /></phr></stem><stem n="tag2"><phr n="tag2"><ent r="3" t="8" w="637" /></phr></stem><stem n="'tag2',"><phr n="'tag2',"><ent r="3" t="8" w="638" /></phr></stem><stem n="$var3"><phr n="$var3"><ent r="3" t="8" w="641" /></phr></stem><stem n="tag3"><phr n="tag3"><ent r="3" t="8" w="642" /></phr></stem><stem n="'tag3',"><phr n="'tag3',"><ent r="3" t="8" w="643" /></phr></stem><stem n="3"><phr n="3"><ent r="3" t="8" w="644" /><ent r="8" t="11" w="340" /><ent r="3" t="13" w="545" /><ent r="3" t="13" w="561" /><ent r="3" t="13" w="1660" /><ent r="3" t="13" w="1667" /><ent r="3" t="13" w="1673" /><ent r="3" t="13" w="1680" /><ent r="3" t="13" w="1691" /><ent r="3" t="13" w="1699" /><ent r="3" t="13" w="1890" /><ent r="3" t="13" w="1893" /><ent r="3" t="13" w="1976" /><ent r="3" t="13" w="2074" /><ent r="3" t="13" w="2226" /><ent r="3" t="13" w="2244" /><ent r="3" t="13" w="2282" /><ent r="3" t="13" w="2338" /><ent r="3" t="14" w="1101" /><ent r="3" t="16" w="127" /><ent r="3" t="16" w="142" /><ent r="3" t="16" w="159" /><ent r="3" t="16" w="176" /><ent r="3" t="16" w="1179" /><ent r="3" t="16" w="1194" /><ent r="4" t="16" w="1251" /><ent r="4" t="16" w="1293" /><ent r="4" t="16" w="1335" /><ent r="4" t="16" w="1366" /><ent r="5" t="16" w="1664" /><ent r="3" t="16" w="1924" /><ent r="3" t="16" w="1947" /><ent r="3" t="16" w="1963" /><ent r="3" t="16" w="2056" /><ent r="3" t="16" w="2078" /><ent r="3" t="16" w="2082" /><ent r="3" t="16" w="2265" /><ent r="3" t="19" w="485" /><ent r="3" t="19" w="490" /><ent r="3" t="19" w="498" /><ent r="3" t="19" w="506" /><ent r="3" t="19" w="516" /><ent r="3" t="19" w="529" /><ent r="3" t="19" w="585" /><ent r="3" t="19" w="607" /><ent r="3" t="19" w="628" /><ent r="3" t="19" w="636" /><ent r="3" t="19" w="650" /><ent r="4" t="19" w="1428" /><ent r="4" t="19" w="1578" /><ent r="3" t="19" w="1672" /><ent r="3" t="20" w="508" /><ent r="3" t="20" w="510" /><ent r="3" t="20" w="517" /><ent r="3" t="20" w="522" /><ent r="3" t="20" w="527" /><ent r="3" t="20" w="530" /><ent r="3" t="22" w="1175" /><ent r="3" t="22" w="1184" /><ent r="3" t="22" w="1319" /><ent r="3" t="22" w="1336" /><ent r="3" t="22" w="1353" /><ent r="3" t="22" w="1367" /><ent r="3" t="22" w="1422" /><ent r="3" t="22" w="1479" /><ent r="3" t="22" w="1514" /><ent r="4" t="24" w="436" /><ent r="4" t="24" w="438" /><ent r="4" t="24" w="576" /><ent r="3" t="24" w="990" /><ent r="3" t="24" w="992" /><ent r="3" t="24" w="993" /><ent r="3" t="24" w="1990" /><ent r="3" t="24" w="2007" /><ent r="3" t="24" w="2010" /><ent r="3" t="24" w="2032" /><ent r="3" t="24" w="2049" /><ent r="3" t="24" w="2052" /><ent r="3" t="24" w="2074" /><ent r="3" t="24" w="2096" /><ent r="3" t="24" w="2116" /><ent r="3" t="24" w="2118" /><ent r="3" t="24" w="2123" /><ent r="3" t="24" w="2131" /><ent r="3" t="24" w="2137" /><ent r="3" t="24" w="2141" /><ent r="3" t="24" w="2146" /><ent r="5" t="24" w="2427" /><ent r="5" t="24" w="2438" /><ent r="3" t="24" w="2651" /><ent r="3" t="24" w="2659" /><ent r="3" t="24" w="2676" /><ent r="3" t="24" w="2756" /><ent r="3" t="24" w="2800" /><ent r="3" t="24" w="2832" /><ent r="4" t="24" w="2847" /><ent r="6" t="24" w="2964" /><ent r="4" t="24" w="3027" /><ent r="3" t="26" w="94" /><ent r="3" t="26" w="105" /><ent r="3" t="26" w="115" /><ent r="3" t="26" w="122" /><ent r="3" t="26" w="192" /><ent r="3" t="26" w="334" /><ent r="3" t="26" w="975" /><ent r="3" t="27" w="48" /><ent r="4" t="29" w="229" /><ent r="4" t="29" w="395" /><ent r="3" t="29" w="557" /><ent r="3" t="29" w="591" /><ent r="3" t="29" w="1046" /><ent r="3" t="31" w="76" /><ent r="3" t="31" w="109" /><ent r="3" t="31" w="118" /><ent r="3" t="31" w="128" /><ent r="4" t="31" w="212" /><ent r="4" t="31" w="271" /><ent r="4" t="31" w="281" /><ent r="3" t="32" w="441" /><ent r="3" t="32" w="455" /><ent r="3" t="32" w="472" /><ent r="3" t="32" w="485" /><ent r="3" t="32" w="493" /><ent r="3" t="32" w="499" /><ent r="3" t="32" w="514" /><ent r="3" t="32" w="530" /><ent r="3" t="32" w="595" /><ent r="3" t="32" w="602" /><ent r="3" t="32" w="616" /><ent r="3" t="32" w="633" /><ent r="3" t="32" w="646" /><ent r="3" t="32" w="654" /><ent r="3" t="32" w="660" /><ent r="3" t="32" w="675" /><ent r="3" t="32" w="691" /><ent r="3" t="32" w="725" /><ent r="3" t="32" w="739" /><ent r="3" t="32" w="756" /><ent r="3" t="32" w="769" /><ent r="3" t="32" w="777" /><ent r="3" t="32" w="783" /><ent r="3" t="32" w="798" /><ent r="3" t="32" w="814" /><ent r="3" t="32" w="835" /><ent r="3" t="32" w="849" /><ent r="3" t="32" w="866" /><ent r="3" t="32" w="879" /><ent r="3" t="32" w="887" /><ent r="3" t="32" w="893" /><ent r="3" t="32" w="908" /><ent r="3" t="32" w="924" /><ent r="3" t="32" w="939" /><ent r="3" t="32" w="952" /><ent r="3" t="32" w="965" /><ent r="3" t="32" w="978" /><ent r="3" t="32" w="991" /><ent r="3" t="32" w="1004" /><ent r="3" t="32" w="1024" /><ent r="3" t="32" w="1031" /><ent r="3" t="32" w="1048" /><ent r="3" t="32" w="1061" /><ent r="3" t="32" w="1069" /><ent r="3" t="32" w="1075" /><ent r="3" t="32" w="1090" /><ent r="3" t="32" w="1106" /><ent r="3" t="32" w="1178" /><ent r="3" t="32" w="1192" /><ent r="3" t="32" w="1206" /><ent r="3" t="32" w="1214" /><ent r="3" t="32" w="1223" /><ent r="3" t="32" w="1238" /><ent r="3" t="32" w="1254" /><ent r="3" t="32" w="1670" /><ent r="3" t="33" w="271" /><ent r="3" t="34" w="589" /><ent r="3" t="35" w="1584" /><ent r="3" t="35" w="1589" /><ent r="3" t="37" w="1129" /><ent r="5" t="37" w="2575" /><ent r="4" t="37" w="2578" /><ent r="4" t="37" w="2593" /><ent r="4" t="37" w="2609" /><ent r="5" t="37" w="3532" /><ent r="4" t="37" w="3542" /><ent r="4" t="37" w="3812" /><ent r="3" t="37" w="3935" /><ent r="3" t="37" w="4053" /><ent r="4" t="37" w="4173" /><ent r="3" t="44" w="553" /><ent r="3" t="44" w="597" /><ent r="3" t="44" w="809" /><ent r="3" t="46" w="289" /><ent r="3" t="46" w="394" /><ent r="6" t="47" w="475" /><ent r="4" t="47" w="777" /><ent r="3" t="48" w="234" /><ent r="3" t="49" w="633" /><ent r="3" t="49" w="781" /><ent r="3" t="54" w="344" /><ent r="3" t="54" w="348" /><ent r="3" t="54" w="354" /><ent r="3" t="54" w="359" /><ent r="3" t="54" w="368" /><ent r="3" t="54" w="370" /><ent r="3" t="54" w="381" /><ent r="3" t="54" w="402" /><ent r="3" t="54" w="411" /><ent r="3" t="54" w="501" /><ent r="3" t="54" w="513" /><ent r="3" t="54" w="521" /><ent r="3" t="54" w="544" /><ent r="3" t="55" w="144" /><ent r="4" t="55" w="302" /><ent r="3" t="55" w="509" /><ent r="3" t="55" w="558" /><ent r="3" t="55" w="570" /><ent r="3" t="55" w="615" /><ent r="3" t="55" w="626" /><ent r="3" t="55" w="670" /><ent r="3" t="55" w="834" /><ent r="3" t="55" w="862" /><ent r="3" t="55" w="879" /><ent r="3" t="55" w="889" /><ent r="3" t="55" w="903" /><ent r="3" t="55" w="909" /><ent r="3" t="55" w="919" /><ent r="3" t="55" w="937" /><ent r="3" t="55" w="956" /><ent r="3" t="55" w="975" /><ent r="3" t="55" w="991" /><ent r="3" t="55" w="1007" /><ent r="3" t="55" w="1019" /><ent r="3" t="55" w="1033" /><ent r="3" t="55" w="1041" /><ent r="3" t="55" w="1052" /><ent r="3" t="55" w="1070" /><ent r="3" t="55" w="1086" /><ent r="3" t="55" w="1104" /><ent r="3" t="56" w="109" /><ent r="3" t="56" w="178" /><ent r="3" t="56" w="184" /><ent r="3" t="56" w="187" /><ent r="3" t="56" w="199" /><ent r="3" t="56" w="554" /><ent r="3" t="56" w="570" /><ent r="3" t="56" w="573" /><ent r="3" t="56" w="618" /><ent r="3" t="56" w="634" /><ent r="3" t="56" w="656" /><ent r="3" t="56" w="662" /><ent r="3" t="56" w="670" /><ent r="3" t="56" w="683" /><ent r="3" t="56" w="723" /><ent r="4" t="56" w="739" /><ent r="3" t="67" w="105" /><ent r="4" t="77" w="247" /></phr></stem><stem n="/autorecord&gt;"><phr n="/autorecord&gt;"><ent r="3" t="8" w="647" /><ent r="3" t="8" w="816" /></phr></stem><stem n="&lt;/autorecord&gt;"><phr n="&lt;/autorecord&gt;"><ent r="3" t="8" w="647" /><ent r="3" t="8" w="646" /><ent r="3" t="8" w="816" /><ent r="3" t="8" w="815" /></phr></stem><stem n="autorecord&gt;"><phr n="autorecord&gt;"><ent r="3" t="8" w="647" /><ent r="3" t="8" w="816" /></phr></stem><stem n="$varx"><phr n="$varX"><ent r="5" t="8" w="651" /></phr></stem><stem n="tagx"><phr n="tagX"><ent r="5" t="8" w="661" /></phr></stem><stem n="x"><phr n="X"><ent r="5" t="8" w="723" /><ent r="5" t="9" w="351" /><ent r="5" t="9" w="372" /><ent r="5" t="9" w="393" /><ent r="5" t="9" w="422" /><ent r="5" t="9" w="443" /><ent r="5" t="9" w="464" /><ent r="5" t="9" w="502" /><ent r="4" t="24" w="1227" /><ent r="4" t="24" w="1802" /><ent r="4" t="41" w="160" /><ent r="3" t="49" w="768" /><ent r="3" t="56" w="511" /></phr><phr n="x"><ent r="3" t="13" w="2298" /><ent r="3" t="13" w="2347" /><ent r="3" t="16" w="1933" /><ent r="4" t="24" w="402" /><ent r="4" t="24" w="406" /><ent r="4" t="24" w="412" /><ent r="4" t="24" w="414" /><ent r="4" t="24" w="417" /><ent r="4" t="24" w="425" /><ent r="4" t="24" w="468" /><ent r="4" t="24" w="473" /><ent r="4" t="24" w="480" /><ent r="4" t="24" w="485" /><ent r="4" t="24" w="492" /><ent r="4" t="24" w="496" /><ent r="4" t="24" w="506" /><ent r="4" t="24" w="510" /><ent r="4" t="24" w="520" /><ent r="4" t="24" w="526" /><ent r="4" t="24" w="531" /><ent r="4" t="24" w="534" /><ent r="4" t="24" w="536" /><ent r="4" t="24" w="544" /><ent r="4" t="24" w="547" /><ent r="4" t="24" w="549" /><ent r="4" t="24" w="555" /><ent r="4" t="24" w="558" /><ent r="4" t="24" w="560" /><ent r="4" t="24" w="580" /><ent r="4" t="24" w="582" /><ent r="4" t="24" w="592" /><ent r="4" t="24" w="596" /><ent r="4" t="24" w="599" /><ent r="4" t="24" w="605" /><ent r="4" t="24" w="617" /><ent r="4" t="24" w="621" /><ent r="4" t="24" w="624" /><ent r="4" t="24" w="628" /><ent r="3" t="24" w="946" /><ent r="3" t="24" w="954" /><ent r="4" t="24" w="964" /><ent r="4" t="24" w="1217" /><ent r="4" t="24" w="1799" /><ent r="7" t="70" w="448" /><ent r="6" t="70" w="456" /></phr></stem></index>