<?xml version="1.0" encoding="utf-8"?><index><stem n="modem"><phr n="modem"><ent r="4" t="21" w="266" /><ent r="3" t="21" w="728" /></phr></stem><stem n="snpp"><phr n="SNPP"><ent r="4" t="21" w="268" /><ent r="3" t="21" w="730" /></phr></stem><stem n="&quot;regular&quot;"><phr n="&quot;regular&quot;"><ent r="3" t="21" w="292" /></phr></stem><stem n="ok/warn"><phr n="OK/Warning"><ent r="3" t="21" w="321" /><ent r="3" t="21" w="320" /></phr></stem><stem n="ok/warning/alarm"><phr n="OK/Warning/Alarm"><ent r="3" t="21" w="322" /><ent r="3" t="21" w="320" /></phr></stem><stem n="/warning/alarm/down"><phr n="/Warning/Alarm/Down"><ent r="3" t="21" w="323" /></phr></stem><stem n="ok/warning/alarm/down"><phr n="OK/Warning/Alarm/Down"><ent r="3" t="21" w="323" /><ent r="3" t="21" w="320" /></phr></stem><stem n="let"><phr n="lets"><ent r="3" t="21" w="391" /><ent r="3" t="37" w="1522" /><ent r="3" t="39" w="184" /><ent r="3" t="47" w="85" /><ent r="3" t="48" w="67" /></phr></stem><stem n="know"><phr n="know"><ent r="3" t="21" w="397" /><ent r="3" t="22" w="907" /></phr></stem><stem n="someon"><phr n="someone"><ent r="3" t="21" w="428" /></phr></stem><stem n="-acknowledg"><phr n="-acknowledged"><ent r="3" t="21" w="436" /><ent r="3" t="21" w="436" /><ent r="3" t="21" w="511" /><ent r="3" t="21" w="511" /></phr></stem><stem n="blue-acknowledg"><phr n="blue-acknowledged"><ent r="3" t="21" w="436" /></phr></stem><stem n="easi"><phr n="easy"><ent r="3" t="21" w="441" /><ent r="4" t="24" w="1295" /><ent r="3" t="40" w="532" /><ent r="4" t="49" w="380" /><ent r="4" t="65" w="200" /></phr></stem><stem n="glanc"><phr n="glance"><ent r="3" t="21" w="448" /></phr></stem><stem n="(work"><phr n="(working"><ent r="3" t="21" w="454" /></phr></stem><stem n="leav"><phr n="leaves"><ent r="3" t="21" w="501" /></phr><phr n="leave"><ent r="4" t="24" w="2282" /></phr></stem><stem n="un"><phr n="un"><ent r="3" t="21" w="511" /></phr></stem><stem n="un-acknowledg"><phr n="un-acknowledged"><ent r="3" t="21" w="511" /></phr></stem><stem n="sort"><phr n="sorted"><ent r="4" t="21" w="563" /><ent r="6" t="70" w="485" /></phr></stem><stem n="why"><phr n="why"><ent r="4" t="21" w="650" /></phr></stem><stem n="point'"><phr n="point's"><ent r="3" t="21" w="676" /><ent r="3" t="21" w="675" /><ent r="4" t="22" w="361" /><ent r="4" t="22" w="360" /><ent r="4" t="22" w="411" /><ent r="4" t="22" w="410" /><ent r="4" t="22" w="744" /><ent r="4" t="22" w="743" /></phr></stem><stem n="transit"><phr n="transition"><ent r="3" t="21" w="688" /></phr><phr n="Transitions"><ent r="82" t="22" w="629" /></phr></stem><stem n="scheme"><phr n="scheme"><ent r="3" t="21" w="707" /></phr></stem><stem n="ident"><phr n="identity"><ent r="3" t="21" w="714" /><ent r="3" t="21" w="716" /><ent r="4" t="21" w="857" /></phr><phr n="Identity"><ent r="5" t="21" w="854" /></phr><phr n="identically"><ent r="3" t="24" w="1837" /></phr><phr n="IDENTITY"><ent r="3" t="33" w="72" /><ent r="3" t="33" w="87" /></phr><phr n="identical"><ent r="4" t="37" w="1920" /><ent r="3" t="37" w="2390" /><ent r="6" t="70" w="2305" /></phr></stem><stem n="method"><phr n="method"><ent r="3" t="21" w="724" /></phr></stem><stem n="(sound,"><phr n="(sound,"><ent r="3" t="21" w="726" /></phr></stem><stem n="desir"><phr n="desired"><ent r="3" t="21" w="738" /><ent r="3" t="37" w="2462" /><ent r="3" t="54" w="532" /><ent r="3" t="66" w="43" /><ent r="3" t="66" w="53" /><ent r="6" t="70" w="1316" /><ent r="3" t="70" w="1631" /></phr></stem><stem n="repeat"><phr n="repeats"><ent r="3" t="21" w="747" /></phr><phr n="repeat"><ent r="3" t="23" w="88" /><ent r="3" t="23" w="103" /><ent r="3" t="23" w="108" /><ent r="3" t="23" w="118" /><ent r="3" t="23" w="138" /><ent r="3" t="23" w="150" /><ent r="3" t="23" w="152" /><ent r="3" t="23" w="165" /></phr><phr n="repeated"><ent r="3" t="23" w="136" /></phr></stem><stem n="delai"><phr n="delays"><ent r="3" t="21" w="748" /></phr><phr n="delay"><ent r="3" t="23" w="87" /><ent r="3" t="23" w="102" /><ent r="3" t="23" w="116" /></phr><phr n="Delay"><ent r="3" t="23" w="106" /></phr></stem><stem n="mainten"><phr n="maintenance"><ent r="100" t="21" w="805" /><ent r="3" t="21" w="808" /></phr></stem><stem n="mode"><phr n="mode"><ent r="100" t="21" w="806" /><ent r="3" t="21" w="809" /><ent r="3" t="37" w="1318" /><ent r="3" t="37" w="1349" /><ent r="4" t="37" w="2201" /><ent r="3" t="37" w="2319" /><ent r="4" t="37" w="2886" /><ent r="3" t="46" w="96" /><ent r="3" t="55" w="107" /><ent r="3" t="56" w="538" /></phr></stem><stem n="-delimit"><phr n="-delimited"><ent r="3" t="21" w="815" /><ent r="3" t="21" w="815" /><ent r="4" t="22" w="242" /><ent r="4" t="22" w="242" /><ent r="4" t="59" w="128" /><ent r="4" t="59" w="128" /><ent r="4" t="59" w="137" /><ent r="4" t="59" w="137" /><ent r="3" t="59" w="235" /><ent r="3" t="59" w="235" /></phr><phr n="-delimiter"><ent r="6" t="70" w="1212" /><ent r="6" t="70" w="1212" /></phr></stem><stem n="tab"><phr n="tab"><ent r="3" t="21" w="815" /><ent r="3" t="35" w="607" /><ent r="4" t="59" w="124" /><ent r="4" t="59" w="128" /><ent r="3" t="59" w="222" /><ent r="3" t="59" w="235" /><ent r="3" t="59" w="246" /><ent r="3" t="60" w="191" /></phr><phr n="Tab"><ent r="100" t="35" w="538" /><ent r="5" t="35" w="541" /><ent r="100" t="35" w="556" /><ent r="5" t="35" w="559" /></phr></stem><stem n="tab-delimit"><phr n="tab-delimited"><ent r="3" t="21" w="815" /><ent r="4" t="59" w="128" /><ent r="3" t="59" w="235" /></phr></stem><stem n="delimit"><phr n="delimited"><ent r="3" t="21" w="816" /><ent r="4" t="22" w="243" /><ent r="4" t="59" w="129" /><ent r="4" t="59" w="138" /><ent r="3" t="59" w="236" /></phr><phr n="delimiters"><ent r="3" t="37" w="1052" /><ent r="4" t="37" w="2250" /></phr><phr n="delimiter"><ent r="6" t="70" w="1213" /></phr></stem><stem n="-time"><phr n="-time"><ent r="5" t="21" w="822" /><ent r="5" t="21" w="822" /></phr></stem><stem n="date"><phr n="Date"><ent r="5" t="21" w="822" /><ent r="4" t="21" w="825" /><ent r="4" t="24" w="1691" /><ent r="4" t="24" w="1800" /><ent r="5" t="31" w="161" /><ent r="100" t="68" w="465" /><ent r="8" t="70" w="390" /><ent r="8" t="70" w="971" /></phr><phr n="date"><ent r="4" t="24" w="787" /><ent r="4" t="24" w="813" /><ent r="3" t="24" w="1618" /><ent r="3" t="24" w="1898" /><ent r="3" t="28" w="249" /><ent r="4" t="31" w="173" /><ent r="3" t="33" w="189" /><ent r="5" t="51" w="106" /><ent r="3" t="63" w="13" /><ent r="3" t="66" w="265" /><ent r="3" t="66" w="271" /><ent r="4" t="66" w="332" /><ent r="4" t="66" w="339" /><ent r="7" t="68" w="470" /><ent r="7" t="70" w="792" /><ent r="6" t="70" w="796" /></phr><phr n="dates"><ent r="3" t="24" w="1916" /></phr></stem><stem n="date-tim"><phr n="Date-time"><ent r="5" t="21" w="822" /></phr></stem><stem n="-charact"><phr n="-character"><ent r="4" t="21" w="842" /><ent r="4" t="21" w="842" /><ent r="4" t="22" w="331" /><ent r="4" t="22" w="331" /></phr></stem><stem n="five-charact"><phr n="five-character"><ent r="4" t="21" w="842" /><ent r="4" t="22" w="331" /></phr></stem><stem n="(clear,"><phr n="(clear,"><ent r="4" t="21" w="849" /></phr></stem><stem n="crit"><phr n="crit"><ent r="4" t="21" w="851" /><ent r="3" t="47" w="589" /></phr><phr n="CRIT"><ent r="4" t="22" w="375" /><ent r="3" t="37" w="3413" /></phr></stem><stem n="unkn"><phr n="unkn"><ent r="4" t="21" w="852" /></phr></stem><stem n="mapnam"><phr n="MapName"><ent r="4" t="21" w="876" /></phr><phr n="mapname"><ent r="7" t="70" w="603" /><ent r="7" t="70" w="869" /><ent r="7" t="70" w="1911" /></phr><phr n="Mapname"><ent r="100" t="70" w="866" /></phr></stem><stem n="pointnam"><phr n="PointName"><ent r="4" t="21" w="878" /></phr></stem><stem n=":devicename:pointname)"><phr n=":DeviceName:PointName)"><ent r="4" t="21" w="879" /></phr></stem><stem n="-text"><phr n="-text"><ent r="5" t="21" w="880" /><ent r="5" t="21" w="880" /></phr></stem><stem n="explanatori"><phr n="Explanatory"><ent r="5" t="21" w="880" /></phr></stem><stem n="explanatory-text"><phr n="Explanatory-text"><ent r="5" t="21" w="880" /></phr></stem><stem n="-descript"><phr n="-description"><ent r="4" t="21" w="887" /><ent r="4" t="21" w="887" /></phr></stem><stem n="result-descript"><phr n="result-description"><ent r="4" t="21" w="887" /></phr></stem><stem n="condition-to"><phr n="condition-to"><ent r="3" t="22" w="34" /></phr><phr n="Condition-to"><ent r="3" t="22" w="54" /><ent r="5" t="22" w="149" /><ent r="4" t="22" w="229" /><ent r="3" t="23" w="174" /></phr></stem><stem n="condition-to-test"><phr n="condition-to-test"><ent r="3" t="22" w="34" /></phr><phr n="Condition-to-Test"><ent r="3" t="22" w="54" /><ent r="3" t="23" w="174" /></phr><phr n="Condition-to-test"><ent r="5" t="22" w="149" /><ent r="4" t="22" w="229" /></phr></stem><stem n="to-test"><phr n="to-test"><ent r="3" t="22" w="35" /><ent r="5" t="22" w="150" /><ent r="4" t="22" w="230" /></phr><phr n="to-Test"><ent r="3" t="22" w="55" /><ent r="3" t="23" w="175" /></phr></stem><stem n="(condition-to-test)"><phr n="(condition-to-test)"><ent r="3" t="22" w="37" /></phr><phr n="(Condition-to-Test)"><ent r="3" t="22" w="57" /><ent r="3" t="23" w="177" /></phr></stem><stem n="-string"><phr n="-String"><ent r="3" t="22" w="37" /><ent r="3" t="22" w="37" /><ent r="3" t="22" w="57" /><ent r="3" t="22" w="57" /><ent r="5" t="22" w="216" /><ent r="5" t="22" w="216" /><ent r="3" t="23" w="177" /><ent r="3" t="23" w="177" /></phr><phr n="-string"><ent r="3" t="22" w="989" /><ent r="3" t="22" w="989" /><ent r="3" t="22" w="1019" /><ent r="3" t="22" w="1019" /><ent r="3" t="22" w="1083" /><ent r="3" t="22" w="1083" /><ent r="3" t="22" w="1100" /><ent r="3" t="22" w="1100" /></phr></stem><stem n="condition-str"><phr n="Condition-String"><ent r="3" t="22" w="37" /><ent r="3" t="22" w="57" /><ent r="5" t="22" w="216" /><ent r="3" t="23" w="177" /></phr><phr n="condition-string"><ent r="3" t="22" w="989" /><ent r="3" t="22" w="1019" /><ent r="3" t="22" w="1083" /><ent r="3" t="22" w="1100" /></phr></stem><stem n="["><phr n="["><ent r="3" t="22" w="39" /><ent r="3" t="23" w="31" /><ent r="4" t="31" w="165" /><ent r="4" t="31" w="188" /><ent r="4" t="31" w="211" /><ent r="4" t="31" w="306" /><ent r="4" t="37" w="1005" /><ent r="3" t="61" w="529" /><ent r="3" t="61" w="613" /></phr></stem><stem n="-list"><phr n="-list"><ent r="3" t="22" w="40" /><ent r="3" t="22" w="40" /><ent r="5" t="22" w="236" /><ent r="5" t="22" w="236" /><ent r="3" t="23" w="48" /><ent r="3" t="23" w="48" /></phr><phr n="-List"><ent r="3" t="22" w="60" /><ent r="3" t="22" w="60" /><ent r="3" t="22" w="992" /><ent r="3" t="22" w="992" /><ent r="3" t="22" w="1086" /><ent r="3" t="22" w="1086" /><ent r="3" t="22" w="1093" /><ent r="3" t="22" w="1093" /><ent r="3" t="23" w="180" /><ent r="3" t="23" w="180" /></phr><phr n="-lists"><ent r="6" t="70" w="620" /><ent r="6" t="70" w="620" /></phr></stem><stem n="notifier-list"><phr n="Notifier-list"><ent r="3" t="22" w="40" /><ent r="5" t="22" w="236" /></phr><phr n="Notifier-List"><ent r="3" t="22" w="992" /><ent r="3" t="22" w="1031" /><ent r="3" t="22" w="1086" /><ent r="3" t="22" w="1093" /></phr><phr n="notifier-list"><ent r="3" t="23" w="48" /></phr></stem><stem n="notifer-list"><phr n="Notifer-List"><ent r="3" t="22" w="60" /><ent r="3" t="23" w="180" /></phr></stem><stem n="sitetemp"><phr n="SiteTemp"><ent r="3" t="22" w="62" /><ent r="3" t="22" w="72" /><ent r="4" t="22" w="358" /><ent r="5" t="22" w="367" /><ent r="4" t="22" w="408" /><ent r="5" t="22" w="417" /><ent r="3" t="23" w="183" /><ent r="3" t="23" w="194" /><ent r="3" t="23" w="232" /></phr></stem><stem n="($temp"><phr n="($Temp"><ent r="3" t="22" w="64" /><ent r="3" t="22" w="74" /><ent r="3" t="23" w="185" /><ent r="3" t="23" w="196" /></phr></stem><stem n="$criticalhightemp"><phr n="$CriticalHighTemp"><ent r="3" t="22" w="66" /><ent r="4" t="22" w="166" /><ent r="4" t="22" w="206" /><ent r="3" t="23" w="187" /></phr></stem><stem n="very_high"><phr n="VERY_HIGH"><ent r="3" t="22" w="68" /><ent r="3" t="22" w="67" /><ent r="4" t="22" w="427" /><ent r="4" t="22" w="426" /><ent r="3" t="23" w="189" /><ent r="3" t="23" w="188" /></phr></stem><stem n="very_high_temp"><phr n="VERY_HIGH_TEMP"><ent r="3" t="22" w="69" /><ent r="3" t="22" w="67" /><ent r="4" t="22" w="428" /><ent r="4" t="22" w="426" /><ent r="3" t="23" w="190" /><ent r="3" t="23" w="188" /></phr></stem><stem n="&quot;very_high_temp&quot;"><phr n="&quot;VERY_HIGH_TEMP&quot;"><ent r="3" t="22" w="70" /><ent r="3" t="23" w="191" /></phr></stem><stem n="pagefr"><phr n="PageFred"><ent r="3" t="22" w="71" /><ent r="3" t="22" w="80" /><ent r="3" t="23" w="192" /><ent r="3" t="23" w="202" /><ent r="3" t="23" w="213" /><ent r="3" t="23" w="236" /><ent r="3" t="23" w="252" /></phr></stem><stem n="$majorhightemp"><phr n="$MajorHighTemp"><ent r="3" t="22" w="76" /><ent r="4" t="22" w="208" /><ent r="3" t="23" w="198" /></phr></stem><stem n="high_temp"><phr n="HIGH_TEMP"><ent r="3" t="22" w="78" /><ent r="3" t="22" w="77" /><ent r="3" t="23" w="200" /><ent r="3" t="23" w="199" /></phr></stem><stem n="&quot;high_temp&quot;"><phr n="&quot;HIGH_TEMP&quot;"><ent r="3" t="22" w="79" /><ent r="3" t="23" w="201" /></phr></stem><stem n="/snmp-device-alarmpoints&gt;"><phr n="/snmp-device-alarmpoints&gt;"><ent r="3" t="22" w="83" /><ent r="3" t="22" w="1538" /><ent r="3" t="23" w="205" /></phr></stem><stem n="snmp-device-alarmpoints&gt;"><phr n="snmp-device-alarmpoints&gt;"><ent r="3" t="22" w="83" /><ent r="3" t="22" w="1538" /><ent r="3" t="23" w="205" /></phr></stem><stem n="'critical',"><phr n="'critical',"><ent r="4" t="22" w="134" /></phr></stem><stem n="'major',"><phr n="'major',"><ent r="4" t="22" w="135" /></phr></stem><stem n="'minor'"><phr n="'minor'"><ent r="4" t="22" w="136" /></phr></stem><stem n="'clear'."><phr n="'clear'."><ent r="4" t="22" w="138" /></phr></stem><stem n="-to-test"><phr n="-to-test"><ent r="5" t="22" w="149" /><ent r="5" t="22" w="150" /><ent r="4" t="22" w="229" /><ent r="4" t="22" w="230" /></phr></stem><stem n=".g."><phr n=".g."><ent r="4" t="22" w="164" /><ent r="4" t="24" w="435" /><ent r="4" t="24" w="634" /><ent r="3" t="37" w="4368" /></phr></stem><stem n="&quot;($temp"><phr n="&quot;($Temp"><ent r="4" t="22" w="164" /></phr></stem><stem n=")&quot;"><phr n=")&quot;"><ent r="4" t="22" w="167" /><ent r="4" t="55" w="1194" /><ent r="4" t="55" w="1216" /><ent r="3" t="56" w="583" /></phr></stem><stem n="valid"><phr n="valid"><ent r="4" t="22" w="192" /><ent r="3" t="58" w="377" /><ent r="3" t="59" w="168" /></phr></stem><stem n="comma-delimit"><phr n="comma-delimited"><ent r="4" t="22" w="242" /><ent r="4" t="59" w="137" /></phr><phr n="comma-delimiter"><ent r="6" t="70" w="1212" /></phr></stem><stem n="&quot;intermapp"><phr n="&quot;InterMapper"><ent r="4" t="22" w="257" /></phr></stem><stem n="-device-notifiers&gt;"><phr n="-device-notifiers&gt;"><ent r="4" t="22" w="262" /><ent r="4" t="22" w="263" /><ent r="3" t="22" w="1374" /><ent r="3" t="22" w="1375" /><ent r="4" t="23" w="16" /><ent r="4" t="23" w="17" /><ent r="3" t="23" w="209" /><ent r="3" t="23" w="210" /><ent r="4" t="23" w="244" /><ent r="4" t="23" w="245" /></phr></stem><stem n="&lt;snmp-device-notifiers&gt;"><phr n="&lt;snmp-device-notifiers&gt;"><ent r="4" t="22" w="262" /><ent r="3" t="22" w="1374" /><ent r="4" t="23" w="16" /><ent r="3" t="23" w="209" /><ent r="4" t="23" w="244" /></phr></stem><stem n="device-notifiers&gt;"><phr n="device-notifiers&gt;"><ent r="4" t="22" w="263" /><ent r="3" t="22" w="1375" /><ent r="3" t="22" w="1384" /><ent r="4" t="23" w="17" /><ent r="3" t="23" w="210" /><ent r="3" t="23" w="223" /><ent r="4" t="23" w="245" /></phr></stem><stem n="notifiers&gt;"><phr n="notifiers&gt;"><ent r="4" t="22" w="264" /><ent r="3" t="22" w="1376" /><ent r="3" t="22" w="1385" /><ent r="4" t="23" w="18" /><ent r="3" t="23" w="211" /><ent r="3" t="23" w="224" /><ent r="4" t="23" w="246" /></phr></stem><stem n="scan"><phr n="scans"><ent r="3" t="22" w="274" /><ent r="3" t="37" w="4192" /><ent r="3" t="51" w="56" /></phr><phr n="Scanning"><ent r="100" t="37" w="55" /><ent r="100" t="37" w="2252" /></phr><phr n="scanning"><ent r="100" t="37" w="2257" /><ent r="4" t="37" w="2265" /></phr><phr n="Scan"><ent r="3" t="49" w="678" /></phr></stem><stem n="&quot;triggers&quot;."><phr n="&quot;triggers&quot;."><ent r="3" t="22" w="293" /></phr></stem><stem n="alarmpointnam"><phr n="alarmpointname"><ent r="5" t="22" w="322" /><ent r="5" t="22" w="386" /></phr></stem><stem n="{alarmpointname}"><phr n="{alarmpointname}"><ent r="5" t="22" w="323" /></phr></stem><stem n="alarmpoint"><phr n="alarmpoint"><ent r="4" t="22" w="326" /><ent r="4" t="22" w="348" /><ent r="4" t="22" w="391" /></phr><phr n="AlarmPoint"><ent r="92" t="22" w="446" /></phr></stem><stem n="alarmpoint'"><phr n="alarmpoint's"><ent r="4" t="22" w="327" /><ent r="4" t="22" w="326" /><ent r="4" t="22" w="392" /><ent r="4" t="22" w="391" /></phr></stem><stem n="{...}."><phr n="{...}."><ent r="4" t="22" w="353" /></phr></stem><stem n="(above),"><phr n="(above),"><ent r="4" t="22" w="364" /></phr></stem><stem n="{sitetemp}"><phr n="{SiteTemp}"><ent r="5" t="22" w="368" /></phr></stem><stem n="&quot;crit"><phr n="&quot;CRIT"><ent r="4" t="22" w="375" /></phr></stem><stem n="&quot;major&quot;,"><phr n="&quot;MAJOR&quot;,"><ent r="4" t="22" w="377" /></phr></stem><stem n="&quot;minor&quot;,"><phr n="&quot;MINOR&quot;,"><ent r="4" t="22" w="378" /></phr></stem><stem n="&quot;clear&quot;,"><phr n="&quot;CLEAR&quot;,"><ent r="4" t="22" w="380" /></phr></stem><stem n="{alarmpointname:condition}"><phr n="{alarmpointname:condition}"><ent r="5" t="22" w="388" /></phr></stem><stem n="{sitetemp:condition}"><phr n="{SiteTemp:condition}"><ent r="5" t="22" w="419" /></phr></stem><stem n="&quot;very_high_temp&quot;."><phr n="&quot;VERY_HIGH_TEMP&quot;."><ent r="4" t="22" w="429" /></phr></stem><stem n="perman"><phr n="permanently"><ent r="3" t="22" w="471" /></phr><phr n="permanent"><ent r="4" t="22" w="814" /></phr></stem><stem n="temporarili"><phr n="temporarily"><ent r="3" t="22" w="473" /><ent r="4" t="22" w="826" /></phr></stem><stem n="reset"><phr n="reset"><ent r="3" t="22" w="476" /><ent r="3" t="22" w="573" /><ent r="3" t="22" w="946" /><ent r="3" t="22" w="986" /><ent r="3" t="22" w="987" /><ent r="3" t="22" w="996" /><ent r="3" t="22" w="1396" /><ent r="3" t="22" w="1420" /><ent r="3" t="22" w="1424" /><ent r="3" t="22" w="1477" /><ent r="3" t="22" w="1481" /><ent r="3" t="22" w="1512" /></phr><phr n="Resetting"><ent r="5" t="22" w="753" /><ent r="83" t="22" w="853" /></phr><phr n="Reset"><ent r="5" t="22" w="765" /><ent r="5" t="22" w="802" /></phr><phr n="resets"><ent r="3" t="22" w="949" /><ent r="4" t="35" w="842" /></phr><phr n="resetting"><ent r="3" t="22" w="1403" /></phr></stem><stem n="i."><phr n="i.e"><ent r="4" t="22" w="500" /><ent r="4" t="22" w="499" /><ent r="3" t="26" w="295" /><ent r="3" t="26" w="294" /><ent r="3" t="37" w="3967" /><ent r="3" t="37" w="3966" /><ent r="3" t="56" w="377" /><ent r="3" t="56" w="376" /></phr></stem><stem n="i.e."><phr n="i.e."><ent r="4" t="22" w="500" /><ent r="4" t="22" w="499" /><ent r="3" t="26" w="295" /><ent r="3" t="26" w="294" /><ent r="3" t="37" w="3967" /><ent r="3" t="37" w="3966" /><ent r="3" t="56" w="377" /><ent r="3" t="56" w="376" /></phr></stem><stem n="(i.e.,"><phr n="(i.e.,"><ent r="4" t="22" w="501" /></phr></stem><stem n="recent"><phr n="recently"><ent r="5" t="22" w="511" /><ent r="3" t="22" w="553" /><ent r="3" t="37" w="200" /></phr><phr n="recent"><ent r="4" t="37" w="898" /><ent r="3" t="37" w="3625" /><ent r="4" t="37" w="3650" /><ent r="3" t="51" w="84" /></phr></stem><stem n="clutter"><phr n="clutter"><ent r="3" t="22" w="523" /></phr></stem><stem n="interest"><phr n="interesting"><ent r="3" t="22" w="534" /><ent r="4" t="49" w="369" /></phr></stem><stem n="(all"><phr n="(All"><ent r="3" t="22" w="536" /></phr><phr n="(all"><ent r="6" t="24" w="2588" /></phr></stem><stem n="assum"><phr n="assumed"><ent r="3" t="22" w="542" /></phr><phr n="assume"><ent r="3" t="26" w="729" /><ent r="3" t="61" w="59" /></phr><phr n="assumes"><ent r="3" t="61" w="145" /><ent r="3" t="61" w="227" /><ent r="3" t="61" w="326" /></phr></stem><stem n="&quot;recent"><phr n="&quot;recently"><ent r="3" t="22" w="553" /></phr></stem><stem n="qualifi"><phr n="qualifier"><ent r="3" t="22" w="556" /></phr></stem><stem n="deserv"><phr n="deserves"><ent r="3" t="22" w="557" /></phr></stem><stem n="explan"><phr n="explanation"><ent r="3" t="22" w="558" /></phr><phr n="Explanation"><ent r="82" t="37" w="4101" /></phr></stem><stem n="&quot;reset"><phr n="&quot;reset"><ent r="3" t="22" w="573" /></phr></stem><stem n="(&quot;_&quot;)"><phr n="(&quot;_&quot;)"><ent r="3" t="22" w="593" /></phr></stem><stem n="(henc"><phr n="(hence"><ent r="3" t="22" w="598" /></phr></stem><stem n="henc"><phr n="hence"><ent r="3" t="22" w="598" /></phr></stem><stem n="swo"><phr n="SWO"><ent r="3" t="22" w="606" /><ent r="3" t="22" w="608" /><ent r="3" t="22" w="616" /><ent r="3" t="22" w="618" /></phr></stem><stem n="swo_proc"><phr n="SWO_PROC"><ent r="3" t="22" w="607" /><ent r="3" t="22" w="606" /><ent r="3" t="22" w="617" /><ent r="3" t="22" w="616" /></phr></stem><stem n="proc"><phr n="PROC"><ent r="3" t="22" w="607" /><ent r="3" t="22" w="609" /><ent r="3" t="22" w="617" /><ent r="3" t="22" w="619" /></phr></stem><stem n="swo_proc_swo"><phr n="SWO_PROC_SWO"><ent r="3" t="22" w="608" /><ent r="3" t="22" w="606" /><ent r="3" t="22" w="618" /><ent r="3" t="22" w="616" /></phr></stem><stem n="_swo_proc_swo_proc"><phr n="_SWO_PROC_SWO_PROC"><ent r="3" t="22" w="609" /></phr></stem><stem n="swo_proc_swo_proc"><phr n="SWO_PROC_SWO_PROC"><ent r="3" t="22" w="609" /><ent r="3" t="22" w="606" /><ent r="3" t="22" w="619" /><ent r="3" t="22" w="616" /></phr></stem><stem n="wherea"><phr n="whereas"><ent r="3" t="22" w="615" /></phr></stem><stem n="_proc_swo_proc"><phr n="_PROC_SWO_PROC"><ent r="3" t="22" w="619" /></phr></stem><stem n="unknown"><phr n="Unknown"><ent r="4" t="22" w="645" /><ent r="3" t="22" w="970" /><ent r="3" t="49" w="876" /></phr><phr n="unknown"><ent r="3" t="35" w="1712" /><ent r="3" t="42" w="160" /><ent r="3" t="44" w="668" /></phr></stem><stem n="grei"><phr n="grey"><ent r="4" t="22" w="646" /><ent r="3" t="22" w="941" /></phr></stem><stem n="(grey)"><phr n="(grey)"><ent r="4" t="22" w="647" /></phr></stem><stem n="-underscor"><phr n="-underscore"><ent r="4" t="22" w="687" /><ent r="4" t="22" w="687" /><ent r="4" t="22" w="820" /><ent r="4" t="22" w="820" /><ent r="4" t="22" w="829" /><ent r="4" t="22" w="829" /></phr></stem><stem n="non-underscor"><phr n="non-underscore"><ent r="4" t="22" w="687" /><ent r="4" t="22" w="820" /><ent r="4" t="22" w="829" /></phr></stem><stem n="proper"><phr n="proper"><ent r="4" t="22" w="706" /><ent r="4" t="46" w="158" /><ent r="4" t="49" w="220" /><ent r="3" t="49" w="565" /><ent r="4" t="54" w="238" /><ent r="3" t="54" w="422" /><ent r="3" t="60" w="137" /><ent r="3" t="61" w="673" /></phr></stem><stem n="color/sever"><phr n="color/severity"><ent r="4" t="22" w="708" /><ent r="4" t="22" w="707" /></phr></stem><stem n="color/severity."><phr n="color/severity."><ent r="4" t="22" w="708" /><ent r="4" t="22" w="707" /></phr></stem><stem n="/severity."><phr n="/severity."><ent r="4" t="22" w="709" /></phr></stem><stem n="alarmpointlist'"><phr n="AlarmPointList's"><ent r="4" t="22" w="763" /><ent r="4" t="22" w="762" /></phr></stem><stem n="(not"><phr n="(not"><ent r="4" t="22" w="791" /><ent r="3" t="26" w="118" /><ent r="3" t="26" w="130" /></phr></stem><stem n="&quot;underscore&quot;"><phr n="&quot;underscore&quot;"><ent r="4" t="22" w="818" /><ent r="3" t="22" w="1223" /></phr></stem><stem n="reappear"><phr n="reappear"><ent r="4" t="22" w="833" /></phr></stem><stem n="(unless"><phr n="(unless"><ent r="4" t="22" w="842" /></phr></stem><stem n="neutral"><phr n="Neutral"><ent r="83" t="22" w="855" /></phr></stem><stem n="&quot;startup&quot;"><phr n="&quot;Startup&quot;"><ent r="3" t="22" w="875" /></phr></stem><stem n="-synchron"><phr n="-synchronizing"><ent r="3" t="22" w="885" /><ent r="3" t="22" w="885" /></phr></stem><stem n="re-synchron"><phr n="re-synchronizing"><ent r="3" t="22" w="885" /></phr></stem><stem n="synchron"><phr n="synchronizing"><ent r="3" t="22" w="886" /></phr><phr n="synchronization"><ent r="3" t="61" w="95" /></phr><phr n="Synchronize"><ent r="3" t="61" w="465" /><ent r="3" t="61" w="878" /></phr><phr n="synchronize"><ent r="3" t="61" w="931" /></phr></stem><stem n="notion"><phr n="notion"><ent r="3" t="22" w="889" /></phr></stem><stem n="&quot;i"><phr n="&quot;I"><ent r="3" t="22" w="904" /></phr></stem><stem n="(perhap"><phr n="(perhaps"><ent r="3" t="22" w="913" /></phr></stem><stem n="gone"><phr n="gone"><ent r="3" t="22" w="917" /></phr></stem><stem n="came"><phr n="came"><ent r="3" t="22" w="921" /></phr></stem><stem n="lack"><phr n="lack"><ent r="3" t="22" w="928" /></phr></stem><stem n="certainti"><phr n="certainty"><ent r="3" t="22" w="930" /></phr></stem><stem n="&quot;reset&quot;"><phr n="&quot;reset&quot;"><ent r="3" t="22" w="947" /></phr></stem><stem n="&quot;power"><phr n="&quot;power"><ent r="3" t="22" w="954" /></phr></stem><stem n="never"><phr n="never"><ent r="3" t="22" w="977" /><ent r="3" t="22" w="1070" /><ent r="3" t="22" w="1250" /><ent r="3" t="29" w="156" /><ent r="3" t="29" w="162" /></phr></stem><stem n="deviceresetrul"><phr n="DeviceResetRule"><ent r="3" t="22" w="985" /></phr></stem><stem n="-condit"><phr n="-condition"><ent r="3" t="22" w="987" /><ent r="3" t="22" w="987" /><ent r="3" t="22" w="996" /><ent r="3" t="22" w="996" /><ent r="3" t="22" w="1081" /><ent r="3" t="22" w="1081" /></phr><phr n="-Conditional"><ent r="92" t="26" w="817" /><ent r="92" t="26" w="817" /></phr><phr n="-conditional"><ent r="3" t="26" w="822" /><ent r="3" t="26" w="822" /><ent r="3" t="26" w="1009" /><ent r="3" t="26" w="1009" /></phr></stem><stem n="reset-condit"><phr n="reset-condition"><ent r="3" t="22" w="987" /><ent r="3" t="22" w="996" /></phr></stem><stem n="-list."><phr n="-List."><ent r="3" t="22" w="1033" /><ent r="3" t="22" w="1033" /></phr></stem><stem n="break"><phr n="Break"><ent r="3" t="22" w="1045" /></phr><phr n="break"><ent r="3" t="22" w="1080" /><ent r="3" t="22" w="1081" /><ent r="3" t="22" w="1091" /><ent r="3" t="22" w="1262" /><ent r="3" t="22" w="1446" /><ent r="3" t="22" w="1450" /><ent r="3" t="22" w="1485" /><ent r="3" t="22" w="1489" /><ent r="3" t="22" w="1520" /><ent r="6" t="68" w="381" /><ent r="6" t="70" w="749" /></phr><phr n="breaks"><ent r="6" t="24" w="2904" /></phr></stem><stem n="&quot;break&quot;"><phr n="&quot;Break&quot;"><ent r="3" t="22" w="1046" /></phr></stem><stem n="abort"><phr n="abort"><ent r="3" t="22" w="1049" /></phr></stem><stem n="ever"><phr n="ever"><ent r="3" t="22" w="1060" /><ent r="3" t="49" w="16" /></phr></stem><stem n="breakrul"><phr n="BreakRule"><ent r="3" t="22" w="1079" /></phr></stem><stem n="break-condit"><phr n="break-condition"><ent r="3" t="22" w="1081" /></phr></stem><stem n="everytim"><phr n="everytime"><ent r="3" t="22" w="1112" /></phr></stem><stem n="fire"><phr n="fires"><ent r="3" t="22" w="1115" /></phr></stem><stem n="debug"><phr n="debugging"><ent r="3" t="22" w="1120" /><ent r="3" t="49" w="732" /><ent r="6" t="68" w="325" /><ent r="6" t="68" w="624" /></phr><phr n="Debug"><ent r="3" t="53" w="87" /><ent r="92" t="54" w="40" /><ent r="3" t="54" w="124" /><ent r="100" t="54" w="307" /><ent r="100" t="54" w="310" /><ent r="3" t="54" w="316" /><ent r="3" t="54" w="473" /><ent r="100" t="55" w="7" /><ent r="100" t="55" w="177" /><ent r="5" t="55" w="753" /><ent r="4" t="55" w="771" /><ent r="4" t="55" w="817" /><ent r="3" t="56" w="24" /><ent r="3" t="56" w="162" /></phr><phr n="Debugging"><ent r="1000" t="55" w="1" /><ent r="102" t="55" w="39" /></phr><phr n="debug"><ent r="3" t="55" w="106" /></phr></stem></index>