<?xml version="1.0" encoding="utf-8"?><index><stem n="'s/+/"><phr n="'s/+/"><ent r="3" t="61" w="714" /><ent r="3" t="61" w="767" /></phr></stem><stem n="/g'|"><phr n="/g'|"><ent r="3" t="61" w="715" /><ent r="3" t="61" w="768" /></phr></stem><stem n="g'|"><phr n="g'|"><ent r="3" t="61" w="715" /><ent r="3" t="61" w="714" /><ent r="3" t="61" w="768" /><ent r="3" t="61" w="767" /></phr></stem><stem n="'s/\%0[dd]//g'"><phr n="'s/\%0[dD]//g'"><ent r="3" t="61" w="721" /><ent r="3" t="61" w="774" /></phr></stem><stem n="0-9a"><phr n="0-9a"><ent r="3" t="61" w="726" /><ent r="3" t="61" w="730" /><ent r="3" t="61" w="779" /><ent r="3" t="61" w="783" /></phr></stem><stem n="0-9a-fa"><phr n="0-9a-fA"><ent r="3" t="61" w="726" /><ent r="3" t="61" w="730" /><ent r="3" t="61" w="779" /><ent r="3" t="61" w="783" /></phr></stem><stem n="0-9a-fa-f"><phr n="0-9a-fA-F"><ent r="3" t="61" w="726" /><ent r="3" t="61" w="730" /><ent r="3" t="61" w="779" /><ent r="3" t="61" w="783" /></phr></stem><stem n="9a"><phr n="9a"><ent r="3" t="61" w="727" /><ent r="3" t="61" w="731" /><ent r="3" t="61" w="780" /><ent r="3" t="61" w="784" /></phr></stem><stem n="9a-fa"><phr n="9a-fA"><ent r="3" t="61" w="727" /><ent r="3" t="61" w="731" /><ent r="3" t="61" w="780" /><ent r="3" t="61" w="784" /></phr></stem><stem n="9a-fa-f"><phr n="9a-fA-F"><ent r="3" t="61" w="727" /><ent r="3" t="61" w="731" /><ent r="3" t="61" w="780" /><ent r="3" t="61" w="784" /></phr></stem><stem n="fa"><phr n="fA"><ent r="3" t="61" w="728" /><ent r="3" t="61" w="732" /><ent r="3" t="61" w="781" /><ent r="3" t="61" w="785" /></phr></stem><stem n="fa-f"><phr n="fA-F"><ent r="3" t="61" w="728" /><ent r="3" t="61" w="732" /><ent r="3" t="61" w="781" /><ent r="3" t="61" w="785" /></phr></stem><stem n="$0,1"><phr n="$0,1"><ent r="3" t="61" w="737" /><ent r="3" t="61" w="736" /><ent r="3" t="61" w="790" /><ent r="3" t="61" w="789" /></phr></stem><stem n="rstart"><phr n="RSTART"><ent r="3" t="61" w="738" /><ent r="3" t="61" w="791" /></phr></stem><stem n="rstart-1"><phr n="RSTART-1"><ent r="3" t="61" w="738" /><ent r="3" t="61" w="791" /></phr></stem><stem n="$0,1,sprintf"><phr n="$0,1,sprintf"><ent r="3" t="61" w="740" /><ent r="3" t="61" w="736" /><ent r="3" t="61" w="793" /><ent r="3" t="61" w="789" /></phr></stem><stem n="strtonum"><phr n="strtonum"><ent r="3" t="61" w="742" /></phr></stem><stem n="$0,rstart+1"><phr n="$0,RSTART+1"><ent r="3" t="61" w="746" /><ent r="3" t="61" w="745" /><ent r="3" t="61" w="799" /><ent r="3" t="61" w="798" /></phr></stem><stem n="rstart+1"><phr n="RSTART+1"><ent r="3" t="61" w="746" /><ent r="3" t="61" w="799" /></phr></stem><stem n="$0,rstart+1,2"><phr n="$0,RSTART+1,2"><ent r="3" t="61" w="747" /><ent r="3" t="61" w="745" /><ent r="3" t="61" w="800" /><ent r="3" t="61" w="798" /></phr></stem><stem n="$0,rstart+3"><phr n="$0,RSTART+3"><ent r="3" t="61" w="750" /><ent r="3" t="61" w="749" /><ent r="3" t="61" w="803" /><ent r="3" t="61" w="802" /></phr></stem><stem n="rstart+3"><phr n="RSTART+3"><ent r="3" t="61" w="750" /><ent r="3" t="61" w="803" /></phr></stem><stem n="'/%/{while(match($0,/\%[0-9a-fa-f][0-9a-fa-f]/)){$0=substr($0,1,rstart-1)sprintf(&quot;%c&quot;,strtonum(&quot;0x&quot;substr($0,rstart+1,2)))substr($0,rstart+3);}}{print}')"><phr n="'/%/{while(match($0,/\%[0-9a-fA-F][0-9a-fA-F]/)){$0=substr($0,1,RSTART-1)sprintf(&quot;%c&quot;,strtonum(&quot;0x&quot;substr($0,RSTART+1,2)))substr($0,RSTART+3);}}{print}')"><ent r="3" t="61" w="752" /></phr></stem><stem n="bsd"><phr n="BSD"><ent r="3" t="61" w="756" /></phr></stem><stem n="0+"><phr n="0+"><ent r="3" t="61" w="795" /></phr></stem><stem n="'/%/{while(match($0,/\%[0-9a-fa-f][0-9a-fa-f]/)){$0=substr($0,1,rstart-1)sprintf(&quot;%c&quot;,0+(&quot;0x&quot;substr($0,rstart+1,2)))substr($0,rstart+3);}}{print}')"><phr n="'/%/{while(match($0,/\%[0-9a-fA-F][0-9a-fA-F]/)){$0=substr($0,1,RSTART-1)sprintf(&quot;%c&quot;,0+(&quot;0x&quot;substr($0,RSTART+1,2)))substr($0,RSTART+3);}}{print}')"><ent r="3" t="61" w="805" /></phr></stem><stem n="local_dirnam"><phr n="local_dirname"><ent r="3" t="61" w="812" /><ent r="3" t="61" w="811" /></phr></stem><stem n="dirnam"><phr n="dirname"><ent r="3" t="61" w="812" /><ent r="3" t="61" w="814" /><ent r="3" t="61" w="821" /></phr></stem><stem n="_dirname=$(dirnam"><phr n="_dirname=$(dirname"><ent r="3" t="61" w="814" /></phr></stem><stem n="$local"><phr n="$local"><ent r="3" t="61" w="815" /><ent r="3" t="61" w="820" /><ent r="3" t="61" w="825" /><ent r="3" t="61" w="832" /></phr></stem><stem n="$local_filenam"><phr n="$local_filename"><ent r="3" t="61" w="816" /><ent r="3" t="61" w="815" /><ent r="3" t="61" w="826" /><ent r="3" t="61" w="825" /></phr></stem><stem n="&quot;$local_filename&quot;)"><phr n="&quot;$local_filename&quot;)"><ent r="3" t="61" w="817" /><ent r="3" t="61" w="827" /></phr></stem><stem n="mkdir"><phr n="mkdir"><ent r="3" t="61" w="817" /></phr></stem><stem n="$localdir"><phr n="$localdir"><ent r="3" t="61" w="819" /><ent r="3" t="61" w="831" /></phr></stem><stem n="$localdir/$loc"><phr n="$localdir/$local"><ent r="3" t="61" w="820" /><ent r="3" t="61" w="819" /><ent r="3" t="61" w="832" /><ent r="3" t="61" w="831" /></phr></stem><stem n="$localdir/$local_dirnam"><phr n="$localdir/$local_dirname"><ent r="3" t="61" w="821" /><ent r="3" t="61" w="819" /></phr></stem><stem n="&quot;../$localdir/$local_dirname&quot;"><phr n="&quot;../$localdir/$local_dirname&quot;"><ent r="3" t="61" w="822" /></phr></stem><stem n="mv"><phr n="mv"><ent r="3" t="61" w="827" /><ent r="3" t="61" w="863" /></phr></stem><stem n="$localdir/$local_filenam"><phr n="$localdir/$local_filename"><ent r="3" t="61" w="833" /><ent r="3" t="61" w="831" /></phr></stem><stem n="&quot;../$localdir/$local_filename&quot;"><phr n="&quot;../$localdir/$local_filename&quot;"><ent r="3" t="61" w="834" /></phr></stem><stem n="://$remote:$port/~files/prefer"><phr n="://$remote:$port/~files/Preferences"><ent r="3" t="61" w="862" /></phr></stem><stem n="$port/~files/prefer"><phr n="$port/~files/Preferences"><ent r="3" t="61" w="862" /><ent r="3" t="61" w="860" /></phr></stem><stem n="../"><phr n="../"><ent r="3" t="61" w="865" /></phr></stem><stem n="explicit"><phr n="Explicit"><ent r="3" t="61" w="885" /></phr><phr n="explicit"><ent r="3" t="64" w="300" /><ent r="3" t="64" w="319" /></phr></stem><stem n="remoteaddr"><phr n="remoteAddr"><ent r="3" t="61" w="887" /><ent r="3" t="61" w="915" /><ent r="3" t="61" w="1011" /></phr></stem><stem n="remoteus"><phr n="remoteUser"><ent r="3" t="61" w="889" /><ent r="3" t="61" w="962" /><ent r="3" t="61" w="1009" /><ent r="3" t="61" w="1018" /><ent r="3" t="61" w="1108" /><ent r="3" t="61" w="1141" /><ent r="3" t="61" w="1170" /></phr></stem><stem n="remotepassword"><phr n="remotePassword"><ent r="3" t="61" w="890" /><ent r="3" t="61" w="977" /><ent r="3" t="61" w="1010" /><ent r="3" t="61" w="1019" /><ent r="3" t="61" w="1109" /><ent r="3" t="61" w="1142" /><ent r="3" t="61" w="1171" /></phr></stem><stem n="secureconnect"><phr n="secureConnection"><ent r="3" t="61" w="891" /><ent r="3" t="61" w="993" /><ent r="3" t="61" w="1013" /></phr></stem><stem n="urlbas"><phr n="urlBase"><ent r="3" t="61" w="893" /><ent r="3" t="61" w="1007" /><ent r="3" t="61" w="1017" /><ent r="3" t="61" w="1052" /><ent r="3" t="61" w="1168" /></phr></stem><stem n="topleveldir"><phr n="topLevelDirs"><ent r="3" t="61" w="894" /><ent r="3" t="61" w="1014" /><ent r="3" t="61" w="1028" /></phr></stem><stem n="filedata"><phr n="fileData"><ent r="3" t="61" w="899" /><ent r="3" t="61" w="1138" /><ent r="3" t="61" w="1147" /><ent r="3" t="61" w="1166" /><ent r="3" t="61" w="1174" /></phr></stem><stem n="localfilenam"><phr n="localFileName"><ent r="3" t="61" w="903" /><ent r="3" t="61" w="1126" /><ent r="3" t="61" w="1137" /></phr></stem><stem n="'*******************************************************************************"><phr n="'*******************************************************************************"><ent r="3" t="61" w="904" /><ent r="3" t="61" w="1002" /></phr></stem><stem n="wscript.arguments.nam"><phr n="WScript.Arguments.Named"><ent r="3" t="61" w="911" /><ent r="3" t="61" w="909" /><ent r="3" t="61" w="918" /><ent r="3" t="61" w="916" /><ent r="3" t="61" w="940" /><ent r="3" t="61" w="938" /><ent r="3" t="61" w="947" /><ent r="3" t="61" w="945" /><ent r="3" t="61" w="958" /><ent r="3" t="61" w="956" /><ent r="3" t="61" w="965" /><ent r="3" t="61" w="963" /><ent r="3" t="61" w="973" /><ent r="3" t="61" w="971" /><ent r="3" t="61" w="980" /><ent r="3" t="61" w="978" /></phr></stem><stem n="wscript.arguments.named.exist"><phr n="WScript.Arguments.Named.Exists"><ent r="3" t="61" w="912" /><ent r="3" t="61" w="909" /><ent r="3" t="61" w="941" /><ent r="3" t="61" w="938" /><ent r="3" t="61" w="959" /><ent r="3" t="61" w="956" /><ent r="3" t="61" w="974" /><ent r="3" t="61" w="971" /></phr></stem><stem n=".arguments.named.exists(&quot;host&quot;)"><phr n=".Arguments.Named.Exists(&quot;host&quot;)"><ent r="3" t="61" w="914" /></phr></stem><stem n="wscript.arguments.named.item"><phr n="WScript.Arguments.Named.Item"><ent r="3" t="61" w="919" /><ent r="3" t="61" w="916" /><ent r="3" t="61" w="948" /><ent r="3" t="61" w="945" /><ent r="3" t="61" w="966" /><ent r="3" t="61" w="963" /><ent r="3" t="61" w="981" /><ent r="3" t="61" w="978" /></phr></stem><stem n=".arguments.named.item(&quot;host&quot;)"><phr n=".Arguments.Named.Item(&quot;host&quot;)"><ent r="3" t="61" w="921" /></phr></stem><stem n="&quot;must"><phr n="&quot;Must"><ent r="3" t="61" w="924" /></phr></stem><stem n=".quit"><phr n=".Quit"><ent r="3" t="61" w="934" /></phr></stem><stem n=".arguments.named.exists(&quot;port&quot;)"><phr n=".Arguments.Named.Exists(&quot;port&quot;)"><ent r="3" t="61" w="943" /></phr></stem><stem n=".arguments.named.item(&quot;port&quot;)"><phr n=".Arguments.Named.Item(&quot;port&quot;)"><ent r="3" t="61" w="950" /></phr></stem><stem n=".arguments.named.exists(&quot;user&quot;)"><phr n=".Arguments.Named.Exists(&quot;user&quot;)"><ent r="3" t="61" w="961" /></phr></stem><stem n=".arguments.named.item(&quot;user&quot;)"><phr n=".Arguments.Named.Item(&quot;user&quot;)"><ent r="3" t="61" w="968" /></phr></stem><stem n=".arguments.named.exists(&quot;password&quot;)"><phr n=".Arguments.Named.Exists(&quot;password&quot;)"><ent r="3" t="61" w="976" /></phr></stem><stem n=".arguments.named.item(&quot;password&quot;)"><phr n=".Arguments.Named.Item(&quot;password&quot;)"><ent r="3" t="61" w="983" /></phr></stem><stem n="wscript.arguments.unnam"><phr n="WScript.Arguments.UnNamed"><ent r="3" t="61" w="988" /><ent r="3" t="61" w="986" /><ent r="3" t="61" w="996" /><ent r="3" t="61" w="994" /></phr></stem><stem n="unnam"><phr n="UnNamed"><ent r="3" t="61" w="988" /><ent r="3" t="61" w="996" /></phr></stem><stem n="(wscript.arguments.unnamed.count"><phr n="(WScript.Arguments.UnNamed.Count"><ent r="3" t="61" w="989" /></phr></stem><stem n="wscript.arguments.unnamed.count"><phr n="WScript.Arguments.UnNamed.Count"><ent r="3" t="61" w="989" /><ent r="3" t="61" w="986" /></phr></stem><stem n="wscript.arguments.unnamed.item"><phr n="WScript.Arguments.UnNamed.Item"><ent r="3" t="61" w="997" /><ent r="3" t="61" w="994" /></phr></stem><stem n="(wscript.arguments.unnamed.item(0)"><phr n="(WScript.Arguments.UnNamed.Item(0)"><ent r="3" t="61" w="999" /></phr></stem><stem n="&quot;secure&quot;)"><phr n="&quot;secure&quot;)"><ent r="3" t="61" w="1000" /></phr></stem><stem n="makeurlbas"><phr n="MakeURLBase"><ent r="3" t="61" w="1008" /><ent r="3" t="61" w="1322" /><ent r="3" t="61" w="1353" /></phr></stem><stem n="(remoteuser,"><phr n="(remoteUser,"><ent r="3" t="61" w="1010" /></phr></stem><stem n="split"><phr n="Split"><ent r="3" t="61" w="1015" /><ent r="3" t="61" w="1105" /></phr></stem><stem n="fetchurl"><phr n="FetchURL"><ent r="3" t="61" w="1016" /><ent r="3" t="61" w="1106" /><ent r="3" t="61" w="1139" /><ent r="3" t="61" w="1167" /><ent r="3" t="61" w="1189" /><ent r="3" t="61" w="1245" /></phr></stem><stem n="(fetchurl(urlbase,"><phr n="(FetchURL(urlBase,"><ent r="3" t="61" w="1018" /></phr></stem><stem n="remotepassword,tru"><phr n="remotePassword,true"><ent r="3" t="61" w="1020" /><ent r="3" t="61" w="1019" /></phr></stem><stem n=",true),"><phr n=",true),"><ent r="3" t="61" w="1021" /></phr></stem><stem n="vbcrlf"><phr n="VbCrLf"><ent r="3" t="61" w="1021" /><ent r="3" t="61" w="1111" /></phr></stem><stem n="-1,"><phr n="-1,"><ent r="3" t="61" w="1023" /><ent r="3" t="61" w="1023" /><ent r="3" t="61" w="1113" /><ent r="3" t="61" w="1113" /></phr></stem><stem n="vbbinarycompar"><phr n="vbBinaryCompare"><ent r="3" t="61" w="1023" /><ent r="3" t="61" w="1113" /></phr></stem><stem n="(dir,"><phr n="(dir,"><ent r="3" t="61" w="1049" /></phr></stem><stem n="(dir)"><phr n="(dir)"><ent r="3" t="61" w="1051" /><ent r="3" t="61" w="1133" /></phr></stem><stem n="(urlbase)"><phr n="(urlBase)"><ent r="3" t="61" w="1053" /></phr></stem><stem n="&quot;icons&quot;"><phr n="&quot;icons&quot;"><ent r="3" t="61" w="1059" /></phr></stem><stem n="&quot;sounds&quot;"><phr n="&quot;sounds&quot;"><ent r="3" t="61" w="1064" /></phr><phr n="&quot;Sounds&quot;"><ent r="3" t="61" w="1066" /></phr></stem><stem n="&quot;mibs&quot;"><phr n="&quot;mibs&quot;"><ent r="3" t="61" w="1068" /></phr></stem><stem n="&quot;mib"><phr n="&quot;MIB"><ent r="3" t="61" w="1069" /></phr></stem><stem n="&quot;probes&quot;"><phr n="&quot;probes&quot;"><ent r="3" t="61" w="1073" /></phr><phr n="&quot;Probes&quot;"><ent r="3" t="61" w="1075" /></phr></stem><stem n="&quot;tools&quot;"><phr n="&quot;tools&quot;"><ent r="3" t="61" w="1077" /></phr><phr n="&quot;Tools&quot;"><ent r="3" t="61" w="1079" /></phr></stem><stem n="&quot;webpages&quot;"><phr n="&quot;webpages&quot;"><ent r="3" t="61" w="1081" /></phr></stem><stem n="&quot;web"><phr n="&quot;Web"><ent r="3" t="61" w="1082" /></phr></stem><stem n="&quot;fonts&quot;"><phr n="&quot;fonts&quot;"><ent r="3" t="61" w="1086" /></phr><phr n="&quot;Fonts&quot;"><ent r="3" t="61" w="1088" /></phr></stem><stem n="&quot;extensions&quot;"><phr n="&quot;extensions&quot;"><ent r="3" t="61" w="1090" /></phr><phr n="&quot;Extensions&quot;"><ent r="3" t="61" w="1092" /></phr></stem><stem n="&quot;maps&quot;"><phr n="&quot;maps&quot;"><ent r="3" t="61" w="1094" /></phr><phr n="&quot;Maps&quot;"><ent r="3" t="61" w="1096" /></phr></stem><stem n="(fetchurl(dir,"><phr n="(FetchURL(dir,"><ent r="3" t="61" w="1108" /></phr></stem><stem n="(len(file)"><phr n="(Len(file)"><ent r="3" t="61" w="1122" /></phr></stem><stem n="(dir))"><phr n="(dir))"><ent r="3" t="61" w="1125" /></phr></stem><stem n="(file,"><phr n="(file,"><ent r="3" t="61" w="1129" /><ent r="3" t="61" w="1141" /></phr></stem><stem n="(file)"><phr n="(file)"><ent r="3" t="61" w="1131" /></phr></stem><stem n="(localfilename)"><phr n="(localFileName)"><ent r="3" t="61" w="1138" /></phr></stem><stem n="makefolderfor"><phr n="MakeFolderFor"><ent r="3" t="61" w="1144" /><ent r="3" t="61" w="1250" /></phr></stem><stem n="savebinarydata"><phr n="SaveBinaryData"><ent r="3" t="61" w="1146" /><ent r="3" t="61" w="1173" /><ent r="3" t="61" w="1360" /></phr></stem><stem n="(urlbas"><phr n="(urlBase"><ent r="3" t="61" w="1168" /></phr></stem><stem n="&quot;/preferences&quot;,"><phr n="&quot;/Preferences&quot;,"><ent r="3" t="61" w="1170" /></phr></stem><stem n="&quot;preferences&quot;"><phr n="&quot;Preferences&quot;"><ent r="3" t="61" w="1176" /></phr></stem><stem n="'********************************************************************************"><phr n="'********************************************************************************"><ent r="3" t="61" w="1176" /><ent r="3" t="61" w="1176" /><ent r="3" t="61" w="1176" /></phr></stem><stem n="unescap"><phr n="Unescape"><ent r="3" t="61" w="1181" /></phr></stem><stem n="(unescape(replace(str,"><phr n="(Unescape(Replace(str,"><ent r="3" t="61" w="1184" /></phr></stem><stem n="&quot;+&quot;,"><phr n="&quot;+&quot;,"><ent r="3" t="61" w="1185" /></phr></stem><stem n="2f"><phr n="2F"><ent r="3" t="61" w="1185" /></phr></stem><stem n="&quot;)),&quot;\%2f&quot;,&quot;\\&quot;)"><phr n="&quot;)),&quot;\%2F&quot;,&quot;\\&quot;)"><ent r="3" t="61" w="1186" /></phr></stem><stem n="(url,"><phr n="(url,"><ent r="3" t="61" w="1191" /></phr></stem><stem n="textonli"><phr n="textonly"><ent r="3" t="61" w="1193" /><ent r="3" t="61" w="1227" /></phr></stem><stem n="http.open"><phr n="http.Open"><ent r="3" t="61" w="1205" /><ent r="3" t="61" w="1204" /></phr></stem><stem n=".setcredenti"><phr n=".SetCredentials"><ent r="3" t="61" w="1213" /></phr></stem><stem n="http.setcredenti"><phr n="http.SetCredentials"><ent r="3" t="61" w="1213" /><ent r="3" t="61" w="1212" /></phr></stem><stem n="setcredenti"><phr n="SetCredentials"><ent r="3" t="61" w="1213" /></phr></stem><stem n="http.send"><phr n="http.Send"><ent r="3" t="61" w="1220" /><ent r="3" t="61" w="1219" /></phr></stem><stem n="http.statu"><phr n="http.Status"><ent r="3" t="61" w="1223" /><ent r="3" t="61" w="1222" /></phr></stem><stem n=".responsetext"><phr n=".ResponseText"><ent r="3" t="61" w="1231" /></phr></stem><stem n="http.responsetext"><phr n="http.ResponseText"><ent r="3" t="61" w="1231" /><ent r="3" t="61" w="1230" /></phr></stem><stem n="responsetext"><phr n="ResponseText"><ent r="3" t="61" w="1231" /></phr></stem><stem n=".responsebodi"><phr n=".ResponseBody"><ent r="3" t="61" w="1235" /></phr></stem><stem n="http.responsebodi"><phr n="http.ResponseBody"><ent r="3" t="61" w="1235" /><ent r="3" t="61" w="1234" /></phr></stem><stem n="responsebodi"><phr n="ResponseBody"><ent r="3" t="61" w="1235" /></phr></stem><stem n="(filename)"><phr n="(filename)"><ent r="3" t="61" w="1252" /></phr></stem><stem n="'recurs"><phr n="'Recursively"><ent r="3" t="61" w="1252" /></phr></stem><stem n="recurs"><phr n="Recursively"><ent r="3" t="61" w="1252" /></phr></stem><stem n="fso"><phr n="fso"><ent r="3" t="61" w="1256" /><ent r="3" t="61" w="1262" /><ent r="3" t="61" w="1268" /><ent r="3" t="61" w="1286" /><ent r="3" t="61" w="1304" /><ent r="3" t="61" w="1309" /><ent r="3" t="61" w="1317" /></phr></stem><stem n="redim"><phr n="Redim"><ent r="3" t="61" w="1258" /><ent r="3" t="61" w="1276" /></phr></stem><stem n="dirstack"><phr n="dirstack"><ent r="3" t="61" w="1259" /><ent r="3" t="61" w="1266" /><ent r="3" t="61" w="1272" /><ent r="3" t="61" w="1274" /><ent r="3" t="61" w="1278" /><ent r="3" t="61" w="1280" /><ent r="3" t="61" w="1283" /><ent r="3" t="61" w="1285" /><ent r="3" t="61" w="1288" /><ent r="3" t="61" w="1290" /><ent r="3" t="61" w="1296" /><ent r="3" t="61" w="1306" /><ent r="3" t="61" w="1311" /></phr></stem><stem n="(0)"><phr n="(0)"><ent r="3" t="61" w="1261" /><ent r="3" t="61" w="1268" /></phr></stem><stem n="scripting.filesystemobject"><phr n="Scripting.FileSystemObject"><ent r="3" t="61" w="1265" /><ent r="3" t="61" w="1264" /></phr></stem><stem n="filesystemobject"><phr n="FileSystemObject"><ent r="3" t="61" w="1265" /></phr></stem><stem n="=createobject(&quot;scripting.filesystemobject&quot;)"><phr n="=CreateObject(&quot;Scripting.FileSystemObject&quot;)"><ent r="3" t="61" w="1266" /></phr></stem><stem n="fso.getparentfoldernam"><phr n="fso.GetParentFolderName"><ent r="3" t="61" w="1269" /><ent r="3" t="61" w="1268" /><ent r="3" t="61" w="1287" /><ent r="3" t="61" w="1286" /></phr></stem><stem n="getparentfoldernam"><phr n="GetParentFolderName"><ent r="3" t="61" w="1269" /><ent r="3" t="61" w="1287" /></phr></stem><stem n=".getparentfoldername(filename)"><phr n=".GetParentFolderName(filename)"><ent r="3" t="61" w="1271" /></phr></stem><stem n="ubound"><phr n="ubound"><ent r="3" t="61" w="1273" /><ent r="3" t="61" w="1279" /><ent r="3" t="61" w="1284" /><ent r="3" t="61" w="1289" /><ent r="3" t="61" w="1295" /></phr></stem><stem n="(dirstack(ubound(dirstack))"><phr n="(dirstack(ubound(dirstack))"><ent r="3" t="61" w="1275" /></phr></stem><stem n="(ubound(dirstack)"><phr n="(ubound(dirstack)"><ent r="3" t="61" w="1281" /></phr></stem><stem n="(ubound(dirstack))"><phr n="(ubound(dirstack))"><ent r="3" t="61" w="1286" /></phr></stem><stem n=".getparentfoldername(dirstack(ubound(dirstack)"><phr n=".GetParentFolderName(dirstack(ubound(dirstack)"><ent r="3" t="61" w="1291" /></phr></stem><stem n="wend"><phr n="WEnd"><ent r="3" t="61" w="1292" /></phr></stem><stem n="(dirstack)-1"><phr n="(dirstack)-1"><ent r="3" t="61" w="1297" /></phr></stem><stem n="fso.folderexist"><phr n="fso.FolderExists"><ent r="3" t="61" w="1305" /><ent r="3" t="61" w="1304" /></phr></stem><stem n="folderexist"><phr n="FolderExists"><ent r="3" t="61" w="1305" /></phr></stem><stem n=".folderexists(dirstack(i))"><phr n=".FolderExists(dirstack(i))"><ent r="3" t="61" w="1308" /></phr></stem><stem n="fso.createfold"><phr n="fso.CreateFolder"><ent r="3" t="61" w="1310" /><ent r="3" t="61" w="1309" /></phr></stem><stem n="createfold"><phr n="CreateFolder"><ent r="3" t="61" w="1310" /></phr></stem><stem n=".createfolder(dirstack(i))"><phr n=".CreateFolder(dirstack(i))"><ent r="3" t="61" w="1313" /></phr></stem><stem n="=noth"><phr n="=Nothing"><ent r="3" t="61" w="1318" /></phr></stem><stem n="(user,"><phr n="(user,"><ent r="3" t="61" w="1324" /></phr></stem><stem n="fullhost"><phr n="fullhost"><ent r="3" t="61" w="1330" /><ent r="3" t="61" w="1345" /><ent r="3" t="61" w="1349" /><ent r="3" t="61" w="1355" /></phr></stem><stem n="&quot;https://&quot;"><phr n="&quot;https://&quot;"><ent r="3" t="61" w="1336" /></phr></stem><stem n="(port"><phr n="(port"><ent r="3" t="61" w="1342" /></phr></stem><stem n="&quot;/~files&quot;"><phr n="&quot;/~files&quot;"><ent r="3" t="61" w="1357" /></phr></stem><stem n="arrbytearrai"><phr n="arrByteArray"><ent r="3" t="61" w="1361" /><ent r="3" t="61" w="1377" /></phr></stem><stem n="(arrbytearray,"><phr n="(arrByteArray,"><ent r="3" t="61" w="1362" /></phr></stem><stem n="strfilenam"><phr n="strFileName"><ent r="3" t="61" w="1362" /><ent r="3" t="61" w="1380" /></phr></stem><stem n="objbinarystream"><phr n="objBinaryStream"><ent r="3" t="61" w="1364" /><ent r="3" t="61" w="1366" /><ent r="3" t="61" w="1370" /><ent r="3" t="61" w="1373" /><ent r="3" t="61" w="1375" /><ent r="3" t="61" w="1378" /></phr></stem><stem n="adodb"><phr n="ADODB"><ent r="3" t="61" w="1368" /></phr></stem><stem n="adodb.stream"><phr n="ADODB.Stream"><ent r="3" t="61" w="1369" /><ent r="3" t="61" w="1368" /></phr></stem><stem n="(&quot;adodb.stream&quot;)"><phr n="(&quot;ADODB.Stream&quot;)"><ent r="3" t="61" w="1370" /></phr></stem><stem n=".type"><phr n=".Type"><ent r="3" t="61" w="1371" /></phr></stem><stem n="objbinarystream.typ"><phr n="objBinaryStream.Type"><ent r="3" t="61" w="1371" /><ent r="3" t="61" w="1370" /></phr></stem><stem n="objbinarystream.open"><phr n="objBinaryStream.Open"><ent r="3" t="61" w="1374" /><ent r="3" t="61" w="1373" /></phr></stem><stem n=".open()"><phr n=".Open()"><ent r="3" t="61" w="1375" /></phr></stem><stem n="objbinarystream.writ"><phr n="objBinaryStream.Write"><ent r="3" t="61" w="1376" /><ent r="3" t="61" w="1375" /></phr></stem><stem n=".write(arrbytearray)"><phr n=".Write(arrByteArray)"><ent r="3" t="61" w="1378" /></phr></stem><stem n=".savetofil"><phr n=".SaveToFile"><ent r="3" t="61" w="1379" /></phr></stem><stem n="objbinarystream.savetofil"><phr n="objBinaryStream.SaveToFile"><ent r="3" t="61" w="1379" /><ent r="3" t="61" w="1378" /></phr></stem><stem n="savetofil"><phr n="SaveToFile"><ent r="3" t="61" w="1379" /></phr></stem><stem n="postgresql"><phr n="PostgreSQL"><ent r="3" t="62" w="22" /></phr></stem><stem n="ui"><phr n="UI"><ent r="3" t="62" w="44" /></phr></stem><stem n="easiest"><phr n="easiest"><ent r="3" t="62" w="47" /><ent r="3" t="66" w="678" /></phr></stem><stem n="crystal"><phr n="Crystal"><ent r="3" t="62" w="73" /></phr></stem><stem n="openrpt"><phr n="OpenRPT"><ent r="3" t="62" w="76" /></phr></stem><stem n="dbi"><phr n="DBI"><ent r="3" t="62" w="90" /></phr></stem><stem n="dbd"><phr n="DBD"><ent r="3" t="62" w="92" /></phr></stem><stem n="::pg."><phr n="::pg."><ent r="3" t="62" w="94" /></phr></stem><stem n="download.dartwar"><phr n="download.dartware"><ent r="64" t="62" w="116" /><ent r="64" t="62" w="115" /><ent r="64" t="63" w="44" /><ent r="64" t="63" w="43" /><ent r="64" t="75" w="31" /><ent r="64" t="75" w="30" /></phr></stem><stem n="download.dartware.com"><phr n="download.dartware.com"><ent r="64" t="62" w="117" /><ent r="64" t="62" w="115" /><ent r="64" t="63" w="45" /><ent r="64" t="63" w="43" /><ent r="64" t="75" w="32" /><ent r="64" t="75" w="30" /></phr></stem><stem n="download.dartware.com/sql"><phr n="download.dartware.com/sql"><ent r="64" t="62" w="118" /><ent r="64" t="62" w="115" /></phr></stem><stem n="sql"><phr n="sql"><ent r="64" t="62" w="118" /><ent r="64" t="62" w="119" /><ent r="64" t="63" w="48" /></phr><phr n="SQL"><ent r="64" t="62" w="148" /><ent r="1000" t="64" w="2" /><ent r="102" t="64" w="6" /><ent r="3" t="64" w="14" /></phr></stem><stem n="download.dartware.com/sql/sql"><phr n="download.dartware.com/sql/sql"><ent r="64" t="62" w="119" /><ent r="64" t="62" w="115" /></phr></stem><stem n="download.dartware.com/sql/sql_exampl"><phr n="download.dartware.com/sql/sql_examples"><ent r="64" t="62" w="120" /><ent r="64" t="62" w="115" /></phr></stem><stem n="download.dartware.com/sql/sql_examples.tar"><phr n="download.dartware.com/sql/sql_examples.tar"><ent r="64" t="62" w="121" /><ent r="64" t="62" w="115" /></phr></stem><stem n="tar"><phr n="tar"><ent r="64" t="62" w="121" /></phr></stem><stem n="://download.dartware.com/sql/sql_examples.tar.gz"><phr n="://download.dartware.com/sql/sql_examples.tar.gz"><ent r="64" t="62" w="122" /></phr></stem><stem n="download.dartware.com/sql/sql_examples.tar.gz"><phr n="download.dartware.com/sql/sql_examples.tar.gz"><ent r="64" t="62" w="122" /><ent r="64" t="62" w="115" /></phr></stem><stem n="gz"><phr n="gz"><ent r="64" t="62" w="122" /></phr></stem><stem n="://[your"><phr n="://[Your"><ent r="64" t="63" w="25" /></phr></stem><stem n="8182"><phr n="8182"><ent r="64" t="63" w="30" /></phr></stem><stem n="8182/~imdatabas"><phr n="8182/~imdatabase"><ent r="64" t="63" w="31" /><ent r="64" t="63" w="30" /></phr></stem><stem n="~imdatabas"><phr n="~imdatabase"><ent r="64" t="63" w="31" /></phr></stem><stem n="8182/~imdatabase/schemaddl"><phr n="8182/~imdatabase/schemaddl"><ent r="64" t="63" w="32" /><ent r="64" t="63" w="30" /></phr></stem><stem n="schemaddl"><phr n="schemaddl"><ent r="64" t="63" w="32" /></phr></stem><stem n="]:8182/~imdatabase/schemaddl.html"><phr n="]:8182/~imdatabase/schemaddl.html"><ent r="64" t="63" w="33" /></phr></stem><stem n="8182/~imdatabase/schemaddl.html"><phr n="8182/~imdatabase/schemaddl.html"><ent r="64" t="63" w="33" /><ent r="64" t="63" w="30" /></phr></stem><stem n="download.dartware.com/schema"><phr n="download.dartware.com/schema"><ent r="64" t="63" w="46" /><ent r="64" t="63" w="43" /></phr></stem><stem n="download.dartware.com/schema/imdatabaseschema"><phr n="download.dartware.com/schema/imdatabaseschema"><ent r="64" t="63" w="47" /><ent r="64" t="63" w="43" /></phr></stem><stem n="imdatabaseschema"><phr n="imdatabaseschema"><ent r="64" t="63" w="47" /></phr></stem><stem n="://download.dartware.com/schema/imdatabaseschema.sql"><phr n="://download.dartware.com/schema/imdatabaseschema.sql"><ent r="64" t="63" w="48" /></phr></stem><stem n="download.dartware.com/schema/imdatabaseschema.sql"><phr n="download.dartware.com/schema/imdatabaseschema.sql"><ent r="64" t="63" w="48" /><ent r="64" t="63" w="43" /></phr></stem><stem n="datasampl"><phr n="datasample"><ent r="4" t="64" w="24" /><ent r="4" t="64" w="83" /><ent r="4" t="64" w="226" /></phr></stem><stem n="5-minut"><phr n="5-minute"><ent r="3" t="64" w="29" /></phr></stem><stem n="hourli"><phr n="hourly"><ent r="3" t="64" w="31" /></phr></stem><stem n="daili"><phr n="daily"><ent r="3" t="64" w="33" /></phr></stem><stem n="approach"><phr n="approach"><ent r="3" t="64" w="43" /></phr></stem><stem n="slower"><phr n="slower"><ent r="3" t="64" w="78" /></phr></stem><stem n="5.4"><phr n="5.4"><ent r="3" t="64" w="89" /><ent r="3" t="64" w="88" /></phr></stem><stem n="datapoint"><phr n="datapoints"><ent r="4" t="64" w="100" /><ent r="4" t="64" w="118" /></phr><phr n="datapoint"><ent r="3" t="64" w="150" /><ent r="4" t="64" w="203" /></phr></stem><stem n="datastor"><phr n="datastore"><ent r="4" t="64" w="110" /><ent r="4" t="64" w="128" /><ent r="4" t="64" w="169" /></phr></stem><stem n="rewritten"><phr n="rewritten"><ent r="3" t="64" w="123" /></phr></stem><stem n="dataset_id"><phr n="dataset_id"><ent r="3" t="64" w="153" /><ent r="3" t="64" w="152" /><ent r="4" t="64" w="269" /><ent r="4" t="64" w="268" /><ent r="3" t="64" w="432" /><ent r="3" t="64" w="431" /><ent r="3" t="64" w="455" /><ent r="3" t="64" w="454" /><ent r="3" t="64" w="478" /><ent r="3" t="64" w="477" /><ent r="3" t="64" w="499" /><ent r="3" t="64" w="498" /></phr></stem></index>