<?xml version="1.0" encoding="utf-8"?><index><stem n="plugin"><phr n="Plugin"><ent r="6" t="5" w="1148" /><ent r="100" t="47" w="4" /><ent r="3" t="47" w="83" /><ent r="3" t="47" w="191" /><ent r="5" t="47" w="311" /><ent r="4" t="47" w="325" /><ent r="3" t="47" w="741" /><ent r="4" t="47" w="763" /><ent r="4" t="47" w="800" /><ent r="4" t="47" w="857" /><ent r="1000" t="48" w="2" /><ent r="102" t="48" w="6" /><ent r="3" t="48" w="43" /><ent r="3" t="48" w="55" /><ent r="3" t="48" w="63" /><ent r="3" t="48" w="107" /><ent r="3" t="48" w="188" /><ent r="3" t="48" w="215" /><ent r="3" t="48" w="261" /></phr><phr n="Plugins"><ent r="67" t="5" w="1153" /><ent r="100" t="40" w="406" /><ent r="3" t="40" w="486" /><ent r="64" t="40" w="491" /><ent r="1000" t="46" w="3" /><ent r="102" t="46" w="7" /><ent r="1000" t="47" w="2" /><ent r="100" t="47" w="9" /><ent r="102" t="47" w="12" /></phr><phr n="plugin"><ent r="5" t="13" w="423" /><ent r="3" t="14" w="1159" /><ent r="3" t="43" w="41" /><ent r="3" t="47" w="90" /><ent r="3" t="47" w="128" /><ent r="3" t="47" w="159" /><ent r="3" t="47" w="196" /><ent r="4" t="47" w="255" /><ent r="4" t="47" w="259" /><ent r="4" t="47" w="317" /><ent r="3" t="47" w="435" /><ent r="3" t="47" w="616" /><ent r="3" t="47" w="672" /><ent r="4" t="47" w="755" /><ent r="4" t="47" w="766" /><ent r="4" t="47" w="773" /><ent r="4" t="47" w="867" /><ent r="3" t="48" w="72" /><ent r="3" t="48" w="76" /><ent r="3" t="48" w="96" /><ent r="3" t="48" w="123" /><ent r="3" t="48" w="163" /></phr><phr n="plugins"><ent r="3" t="14" w="1091" /><ent r="65" t="40" w="398" /><ent r="64" t="40" w="412" /><ent r="3" t="40" w="426" /><ent r="3" t="40" w="434" /><ent r="3" t="40" w="467" /><ent r="100" t="40" w="477" /><ent r="3" t="44" w="543" /><ent r="4" t="47" w="24" /><ent r="64" t="47" w="41" /><ent r="3" t="47" w="52" /><ent r="3" t="47" w="74" /><ent r="3" t="47" w="390" /><ent r="100" t="47" w="411" /><ent r="3" t="47" w="418" /><ent r="3" t="48" w="229" /><ent r="3" t="49" w="623" /></phr></stem><stem n="old"><phr n="Old"><ent r="100" t="5" w="1161" /><ent r="100" t="5" w="1167" /><ent r="5" t="9" w="516" /><ent r="3" t="14" w="640" /></phr><phr n="old"><ent r="4" t="5" w="1164" /><ent r="5" t="5" w="1172" /><ent r="3" t="14" w="298" /><ent r="3" t="14" w="565" /><ent r="3" t="14" w="574" /><ent r="4" t="47" w="847" /></phr></stem><stem n="_protocol"><phr n="_protocol"><ent r="100" t="5" w="1162" /><ent r="4" t="5" w="1165" /></phr></stem><stem n="old_protocol"><phr n="Old_protocol"><ent r="100" t="5" w="1162" /><ent r="100" t="5" w="1161" /></phr><phr n="old_protocol"><ent r="4" t="5" w="1165" /><ent r="4" t="5" w="1164" /></phr></stem><stem n="protocol"><phr n="protocol"><ent r="100" t="5" w="1162" /><ent r="4" t="5" w="1165" /><ent r="3" t="19" w="146" /><ent r="5" t="35" w="1462" /><ent r="3" t="55" w="543" /><ent r="3" t="55" w="549" /><ent r="3" t="55" w="603" /><ent r="3" t="55" w="611" /><ent r="3" t="61" w="1329" /><ent r="3" t="61" w="1334" /><ent r="3" t="61" w="1337" /><ent r="3" t="61" w="1354" /></phr></stem><stem n="_script"><phr n="_script"><ent r="100" t="5" w="1168" /><ent r="5" t="5" w="1173" /></phr></stem><stem n="old_script"><phr n="Old_script"><ent r="100" t="5" w="1168" /><ent r="100" t="5" w="1167" /></phr><phr n="old_script"><ent r="5" t="5" w="1173" /><ent r="5" t="5" w="1172" /></phr></stem><stem n="backward"><phr n="backward"><ent r="4" t="5" w="1178" /><ent r="3" t="8" w="618" /><ent r="3" t="35" w="1260" /></phr></stem><stem n="compat"><phr n="compatibility"><ent r="4" t="5" w="1179" /><ent r="3" t="8" w="619" /><ent r="3" t="46" w="42" /></phr></stem><stem n="deprec"><phr n="deprecated"><ent r="4" t="5" w="1181" /><ent r="3" t="8" w="46" /><ent r="92" t="8" w="587" /><ent r="3" t="26" w="1014" /></phr><phr n="Deprecated"><ent r="100" t="37" w="2899" /><ent r="4" t="37" w="2901" /></phr></stem><stem n="ignor"><phr n="ignored"><ent r="4" t="5" w="1184" /><ent r="3" t="12" w="130" /><ent r="3" t="22" w="550" /><ent r="3" t="23" w="145" /><ent r="4" t="24" w="2455" /><ent r="3" t="26" w="74" /><ent r="3" t="34" w="1067" /><ent r="3" t="35" w="1792" /><ent r="3" t="59" w="322" /></phr><phr n="ignoring"><ent r="3" t="26" w="210" /></phr><phr n="ignores"><ent r="3" t="35" w="440" /><ent r="3" t="58" w="449" /></phr><phr n="ignore"><ent r="100" t="37" w="280" /><ent r="3" t="37" w="1338" /><ent r="3" t="37" w="3285" /></phr><phr n="Ignore"><ent r="100" t="37" w="282" /><ent r="4" t="37" w="284" /><ent r="100" t="37" w="326" /></phr></stem><stem n="older"><phr n="older"><ent r="4" t="5" w="1187" /><ent r="3" t="47" w="734" /></phr></stem><stem n="save"><phr n="saved"><ent r="3" t="5" w="1211" /><ent r="3" t="46" w="212" /><ent r="4" t="55" w="256" /><ent r="4" t="56" w="801" /><ent r="3" t="78" w="27" /></phr><phr n="Save"><ent r="3" t="14" w="324" /></phr><phr n="saves"><ent r="4" t="49" w="334" /><ent r="3" t="62" w="32" /></phr><phr n="save"><ent r="4" t="49" w="355" /><ent r="3" t="49" w="461" /><ent r="4" t="59" w="125" /><ent r="4" t="59" w="134" /><ent r="4" t="59" w="143" /></phr></stem><stem n="folder"><phr n="folder"><ent r="3" t="5" w="1217" /><ent r="3" t="5" w="1224" /><ent r="4" t="49" w="338" /><ent r="3" t="51" w="67" /><ent r="4" t="57" w="76" /><ent r="3" t="58" w="17" /><ent r="3" t="58" w="46" /><ent r="4" t="58" w="58" /><ent r="4" t="58" w="75" /><ent r="4" t="58" w="79" /><ent r="3" t="58" w="115" /><ent r="3" t="58" w="134" /><ent r="3" t="58" w="246" /><ent r="3" t="58" w="251" /><ent r="6" t="58" w="255" /><ent r="3" t="61" w="90" /><ent r="6" t="61" w="166" /><ent r="3" t="61" w="236" /><ent r="3" t="61" w="468" /><ent r="3" t="61" w="624" /><ent r="3" t="61" w="1044" /><ent r="3" t="61" w="1103" /><ent r="3" t="61" w="1162" /><ent r="4" t="67" w="243" /><ent r="6" t="70" w="163" /><ent r="6" t="70" w="1228" /><ent r="3" t="71" w="30" /><ent r="3" t="71" w="46" /><ent r="3" t="71" w="73" /><ent r="3" t="71" w="87" /><ent r="3" t="71" w="98" /><ent r="3" t="71" w="160" /><ent r="3" t="71" w="220" /><ent r="3" t="71" w="255" /><ent r="4" t="72" w="71" /><ent r="3" t="78" w="33" /><ent r="3" t="78" w="40" /></phr><phr n="folders"><ent r="3" t="58" w="67" /><ent r="4" t="58" w="85" /><ent r="3" t="58" w="201" /><ent r="3" t="61" w="162" /><ent r="3" t="61" w="1006" /><ent r="3" t="61" w="1254" /><ent r="3" t="71" w="50" /><ent r="3" t="71" w="79" /><ent r="3" t="71" w="414" /></phr><phr n="Folder"><ent r="3" t="58" w="367" /><ent r="66" t="65" w="231" /><ent r="1000" t="71" w="1" /><ent r="100" t="71" w="4" /><ent r="102" t="71" w="7" /></phr></stem><stem n="two"><phr n="two"><ent r="3" t="5" w="1236" /><ent r="3" t="5" w="1414" /><ent r="3" t="11" w="427" /><ent r="4" t="11" w="463" /><ent r="3" t="13" w="1570" /><ent r="3" t="14" w="855" /><ent r="6" t="16" w="778" /><ent r="3" t="16" w="1423" /><ent r="3" t="16" w="1542" /><ent r="3" t="16" w="2150" /><ent r="3" t="19" w="150" /><ent r="3" t="19" w="1382" /><ent r="4" t="19" w="1608" /><ent r="3" t="21" w="369" /><ent r="3" t="26" w="19" /><ent r="3" t="26" w="304" /><ent r="4" t="26" w="591" /><ent r="3" t="28" w="120" /><ent r="3" t="31" w="32" /><ent r="3" t="34" w="725" /><ent r="3" t="34" w="851" /><ent r="3" t="34" w="891" /><ent r="3" t="34" w="933" /><ent r="3" t="35" w="1627" /><ent r="4" t="37" w="646" /><ent r="4" t="37" w="685" /><ent r="3" t="37" w="2769" /><ent r="3" t="37" w="3025" /><ent r="3" t="37" w="4604" /><ent r="3" t="38" w="151" /><ent r="3" t="40" w="817" /><ent r="3" t="50" w="241" /><ent r="3" t="54" w="221" /><ent r="6" t="68" w="354" /><ent r="7" t="68" w="544" /><ent r="6" t="70" w="1243" /><ent r="6" t="70" w="2380" /><ent r="4" t="77" w="127" /><ent r="3" t="78" w="48" /><ent r="3" t="78" w="226" /></phr><phr n="Two"><ent r="3" t="16" w="2144" /><ent r="4" t="24" w="1806" /><ent r="3" t="57" w="139" /><ent r="3" t="61" w="11" /><ent r="3" t="69" w="69" /></phr></stem><stem n="period"><phr n="period"><ent r="3" t="5" w="1241" /><ent r="3" t="26" w="77" /><ent r="3" t="26" w="102" /><ent r="3" t="26" w="108" /><ent r="3" t="26" w="148" /><ent r="3" t="26" w="379" /><ent r="3" t="78" w="53" /></phr><phr n="periods"><ent r="3" t="26" w="70" /><ent r="3" t="26" w="72" /><ent r="3" t="26" w="213" /></phr></stem><stem n="(&quot;.&quot;)."><phr n="(&quot;.&quot;)."><ent r="3" t="5" w="1242" /><ent r="3" t="78" w="54" /></phr></stem><stem n="dn"><phr n="DNS"><ent r="100" t="5" w="1259" /><ent r="4" t="5" w="1287" /><ent r="3" t="32" w="1217" /><ent r="3" t="32" w="1612" /><ent r="100" t="50" w="144" /><ent r="4" t="50" w="154" /><ent r="100" t="70" w="1041" /><ent r="6" t="70" w="1047" /><ent r="100" t="78" w="71" /><ent r="4" t="78" w="99" /></phr></stem><stem n=":macintosh"><phr n=":Macintosh"><ent r="100" t="5" w="1267" /><ent r="100" t="78" w="79" /></phr></stem><stem n="macintosh"><phr n="Macintosh"><ent r="100" t="5" w="1267" /><ent r="100" t="5" w="1270" /><ent r="100" t="5" w="1273" /><ent r="3" t="49" w="763" /><ent r="100" t="78" w="79" /><ent r="100" t="78" w="82" /><ent r="100" t="78" w="85" /></phr></stem><stem n=":limit"><phr n=":limit"><ent r="100" t="5" w="1275" /><ent r="100" t="78" w="87" /></phr></stem><stem n="compos"><phr n="composed"><ent r="4" t="5" w="1282" /><ent r="4" t="13" w="1605" /><ent r="3" t="16" w="92" /><ent r="3" t="16" w="394" /><ent r="3" t="19" w="341" /><ent r="3" t="19" w="749" /><ent r="3" t="58" w="145" /><ent r="4" t="66" w="179" /><ent r="3" t="67" w="39" /><ent r="4" t="78" w="94" /></phr></stem><stem n="organization'"><phr n="organization's"><ent r="4" t="5" w="1286" /><ent r="4" t="5" w="1285" /><ent r="4" t="78" w="98" /><ent r="4" t="78" w="97" /></phr></stem><stem n="segment"><phr n="segments"><ent r="4" t="5" w="1292" /><ent r="4" t="78" w="104" /></phr></stem><stem n="thu"><phr n="Thus"><ent r="4" t="5" w="1294" /><ent r="4" t="16" w="1599" /><ent r="3" t="34" w="1055" /><ent r="4" t="38" w="350" /><ent r="4" t="38" w="381" /><ent r="4" t="78" w="106" /></phr><phr n="thus"><ent r="3" t="19" w="1203" /><ent r="6" t="24" w="2992" /></phr></stem><stem n="com.dartware."><phr n="com.dartware."><ent r="4" t="5" w="1307" /><ent r="4" t="5" w="1306" /><ent r="4" t="78" w="119" /><ent r="4" t="78" w="118" /></phr></stem><stem n="&quot;com.dartware.&quot;"><phr n="&quot;com.dartware.&quot;"><ent r="4" t="5" w="1308" /><ent r="4" t="78" w="120" /></phr></stem><stem n="sinc"><phr n="since"><ent r="4" t="5" w="1317" /><ent r="4" t="16" w="1408" /><ent r="3" t="22" w="1258" /><ent r="4" t="24" w="643" /><ent r="4" t="24" w="806" /><ent r="3" t="24" w="1645" /><ent r="3" t="24" w="1891" /><ent r="4" t="37" w="2268" /><ent r="4" t="37" w="3647" /><ent r="5" t="38" w="193" /><ent r="3" t="44" w="188" /><ent r="3" t="61" w="841" /><ent r="3" t="64" w="232" /><ent r="3" t="66" w="370" /><ent r="6" t="70" w="421" /><ent r="4" t="78" w="129" /></phr><phr n="Since"><ent r="3" t="19" w="985" /></phr></stem><stem n="collid"><phr n="collide"><ent r="4" t="5" w="1323" /><ent r="4" t="78" w="135" /></phr></stem><stem n="definition'"><phr n="definition's"><ent r="3" t="5" w="1377" /><ent r="3" t="5" w="1376" /><ent r="3" t="78" w="189" /><ent r="3" t="78" w="188" /></phr></stem><stem n="shown"><phr n="shown"><ent r="3" t="5" w="1398" /><ent r="3" t="7" w="38" /><ent r="3" t="11" w="356" /><ent r="6" t="16" w="835" /><ent r="3" t="19" w="1164" /><ent r="3" t="19" w="1810" /><ent r="3" t="20" w="482" /><ent r="3" t="22" w="1229" /><ent r="3" t="33" w="262" /><ent r="3" t="34" w="143" /><ent r="4" t="46" w="147" /><ent r="3" t="47" w="689" /><ent r="4" t="50" w="85" /><ent r="4" t="50" w="296" /><ent r="4" t="55" w="730" /><ent r="4" t="55" w="820" /><ent r="3" t="70" w="1817" /><ent r="6" t="70" w="1869" /><ent r="3" t="78" w="210" /></phr></stem><stem n="abov"><phr n="above"><ent r="3" t="5" w="1399" /><ent r="3" t="5" w="1411" /><ent r="3" t="7" w="239" /><ent r="3" t="7" w="337" /><ent r="3" t="8" w="347" /><ent r="3" t="10" w="452" /><ent r="3" t="11" w="429" /><ent r="4" t="11" w="466" /><ent r="4" t="11" w="502" /><ent r="3" t="13" w="2498" /><ent r="3" t="14" w="553" /><ent r="3" t="14" w="1151" /><ent r="4" t="15" w="199" /><ent r="3" t="16" w="195" /><ent r="3" t="16" w="1769" /><ent r="3" t="17" w="223" /><ent r="3" t="19" w="392" /><ent r="3" t="19" w="409" /><ent r="3" t="19" w="546" /><ent r="4" t="22" w="363" /><ent r="4" t="22" w="413" /><ent r="3" t="22" w="877" /><ent r="3" t="22" w="1136" /><ent r="3" t="26" w="1004" /><ent r="3" t="29" w="1016" /><ent r="3" t="34" w="875" /><ent r="3" t="34" w="1085" /><ent r="3" t="37" w="1112" /><ent r="3" t="45" w="143" /><ent r="4" t="50" w="255" /><ent r="3" t="52" w="97" /><ent r="3" t="54" w="395" /><ent r="4" t="55" w="731" /><ent r="3" t="58" w="192" /><ent r="3" t="58" w="353" /><ent r="3" t="64" w="231" /><ent r="6" t="70" w="1870" /><ent r="3" t="78" w="211" /><ent r="3" t="78" w="223" /></phr></stem><stem n="&quot;tcp.custom&quot;"><phr n="&quot;tcp.custom&quot;"><ent r="3" t="5" w="1424" /><ent r="3" t="39" w="139" /><ent r="3" t="78" w="236" /></phr></stem><stem n="tag"><phr n="tags"><ent r="3" t="6" w="59" /><ent r="4" t="8" w="114" /><ent r="4" t="8" w="140" /><ent r="4" t="8" w="150" /><ent r="4" t="8" w="676" /><ent r="4" t="8" w="702" /><ent r="4" t="8" w="712" /><ent r="4" t="11" w="145" /><ent r="4" t="11" w="156" /><ent r="4" t="11" w="475" /><ent r="3" t="37" w="950" /><ent r="4" t="66" w="303" /><ent r="3" t="66" w="475" /><ent r="6" t="68" w="144" /><ent r="6" t="70" w="520" /><ent r="7" t="70" w="1164" /><ent r="6" t="70" w="1407" /><ent r="3" t="70" w="1635" /><ent r="4" t="73" w="60" /></phr><phr n="tag"><ent r="3" t="8" w="82" /><ent r="5" t="8" w="100" /><ent r="4" t="8" w="104" /><ent r="3" t="8" w="232" /><ent r="3" t="8" w="240" /><ent r="4" t="8" w="307" /><ent r="4" t="8" w="315" /><ent r="4" t="8" w="326" /><ent r="4" t="8" w="337" /><ent r="4" t="8" w="666" /><ent r="4" t="11" w="505" /><ent r="3" t="18" w="51" /><ent r="3" t="25" w="46" /><ent r="4" t="37" w="1008" /><ent r="4" t="37" w="1013" /><ent r="4" t="67" w="232" /><ent r="6" t="68" w="752" /><ent r="6" t="70" w="505" /><ent r="6" t="70" w="1174" /><ent r="6" t="70" w="1285" /><ent r="6" t="70" w="1677" /></phr><phr n="Tag"><ent r="5" t="9" w="40" /><ent r="100" t="11" w="159" /><ent r="82" t="11" w="163" /><ent r="5" t="11" w="166" /><ent r="3" t="27" w="266" /><ent r="3" t="27" w="339" /></phr><phr n="Tags"><ent r="82" t="11" w="128" /><ent r="3" t="27" w="280" /></phr><phr n="tagged"><ent r="3" t="66" w="249" /></phr></stem><stem n="/description&gt;"><phr n="/description&gt;"><ent r="3" t="6" w="63" /><ent r="3" t="14" w="410" /><ent r="3" t="14" w="1047" /><ent r="3" t="20" w="392" /><ent r="3" t="22" w="1311" /><ent r="3" t="27" w="302" /><ent r="3" t="32" w="706" /><ent r="3" t="39" w="426" /><ent r="3" t="44" w="502" /><ent r="3" t="44" w="760" /><ent r="3" t="45" w="166" /><ent r="3" t="46" w="370" /><ent r="3" t="48" w="186" /><ent r="3" t="49" w="587" /></phr></stem><stem n="&lt;/description&gt;"><phr n="&lt;/description&gt;"><ent r="3" t="6" w="63" /><ent r="3" t="6" w="62" /><ent r="3" t="14" w="410" /><ent r="3" t="14" w="409" /><ent r="3" t="14" w="1047" /><ent r="3" t="14" w="1046" /><ent r="3" t="20" w="392" /><ent r="3" t="20" w="391" /><ent r="3" t="22" w="1311" /><ent r="3" t="22" w="1310" /><ent r="3" t="27" w="302" /><ent r="3" t="27" w="301" /><ent r="3" t="32" w="706" /><ent r="3" t="32" w="705" /><ent r="3" t="39" w="426" /><ent r="3" t="39" w="425" /><ent r="3" t="44" w="502" /><ent r="3" t="44" w="501" /><ent r="3" t="44" w="760" /><ent r="3" t="44" w="759" /><ent r="3" t="45" w="166" /><ent r="3" t="45" w="165" /><ent r="3" t="46" w="370" /><ent r="3" t="46" w="369" /><ent r="3" t="48" w="186" /><ent r="3" t="48" w="185" /><ent r="3" t="49" w="587" /><ent r="3" t="49" w="586" /></phr></stem><stem n="description&gt;"><phr n="description&gt;"><ent r="3" t="6" w="63" /><ent r="3" t="14" w="410" /><ent r="3" t="14" w="1047" /><ent r="3" t="20" w="392" /><ent r="3" t="22" w="1311" /><ent r="3" t="27" w="302" /><ent r="3" t="32" w="706" /><ent r="3" t="39" w="426" /><ent r="3" t="44" w="502" /><ent r="3" t="44" w="760" /><ent r="3" t="45" w="166" /><ent r="3" t="46" w="370" /><ent r="3" t="48" w="186" /><ent r="3" t="49" w="587" /></phr></stem><stem n="show"><phr n="shows"><ent r="3" t="6" w="84" /><ent r="3" t="7" w="584" /><ent r="4" t="8" w="738" /><ent r="3" t="11" w="67" /><ent r="3" t="11" w="430" /><ent r="3" t="13" w="2100" /><ent r="3" t="19" w="90" /><ent r="3" t="19" w="393" /><ent r="3" t="19" w="413" /><ent r="3" t="19" w="718" /><ent r="3" t="21" w="290" /><ent r="4" t="22" w="324" /><ent r="4" t="22" w="389" /><ent r="4" t="31" w="255" /><ent r="4" t="31" w="291" /><ent r="3" t="31" w="323" /><ent r="3" t="32" w="14" /><ent r="3" t="32" w="377" /><ent r="3" t="33" w="37" /><ent r="3" t="34" w="109" /><ent r="3" t="34" w="445" /><ent r="3" t="37" w="3260" /><ent r="3" t="45" w="129" /><ent r="4" t="49" w="101" /><ent r="93" t="54" w="189" /><ent r="93" t="54" w="280" /><ent r="3" t="54" w="396" /><ent r="93" t="54" w="447" /><ent r="100" t="70" w="246" /><ent r="6" t="70" w="248" /></phr><phr n="showing"><ent r="4" t="6" w="96" /><ent r="6" t="70" w="948" /></phr><phr n="show"><ent r="3" t="19" w="369" /><ent r="4" t="19" w="1614" /><ent r="3" t="20" w="270" /><ent r="3" t="20" w="474" /><ent r="3" t="21" w="422" /><ent r="3" t="22" w="314" /><ent r="4" t="22" w="356" /><ent r="4" t="22" w="406" /><ent r="3" t="32" w="317" /><ent r="3" t="33" w="137" /><ent r="3" t="37" w="4317" /><ent r="4" t="65" w="222" /><ent r="7" t="70" w="316" /><ent r="3" t="71" w="105" /></phr><phr n="Shows"><ent r="6" t="70" w="270" /><ent r="6" t="70" w="348" /><ent r="6" t="70" w="408" /><ent r="6" t="70" w="431" /><ent r="6" t="70" w="450" /><ent r="6" t="70" w="465" /><ent r="6" t="70" w="610" /><ent r="6" t="70" w="658" /><ent r="6" t="70" w="676" /></phr></stem><stem n="rfc"><phr n="RFC"><ent r="100" t="6" w="90" /><ent r="4" t="6" w="112" /><ent r="5" t="13" w="1062" /></phr></stem><stem n="field"><phr n="field"><ent r="4" t="6" w="99" /><ent r="3" t="7" w="99" /><ent r="3" t="7" w="221" /><ent r="3" t="7" w="302" /><ent r="3" t="7" w="380" /><ent r="3" t="7" w="419" /><ent r="3" t="7" w="588" /><ent r="3" t="13" w="1561" /><ent r="3" t="13" w="2050" /><ent r="6" t="16" w="839" /><ent r="4" t="16" w="990" /><ent r="4" t="19" w="766" /><ent r="4" t="19" w="787" /><ent r="4" t="19" w="793" /><ent r="4" t="19" w="804" /><ent r="4" t="21" w="635" /><ent r="3" t="24" w="1334" /><ent r="3" t="24" w="1356" /><ent r="3" t="24" w="1441" /><ent r="3" t="24" w="1445" /><ent r="3" t="24" w="1508" /><ent r="4" t="29" w="207" /><ent r="4" t="29" w="213" /><ent r="4" t="29" w="251" /><ent r="4" t="29" w="285" /><ent r="4" t="29" w="303" /><ent r="4" t="29" w="313" /><ent r="4" t="29" w="327" /><ent r="4" t="31" w="228" /><ent r="4" t="47" w="326" /><ent r="4" t="56" w="757" /><ent r="6" t="70" w="1117" /><ent r="6" t="70" w="1135" /></phr><phr n="Field"><ent r="92" t="7" w="164" /><ent r="5" t="13" w="809" /><ent r="5" t="13" w="823" /><ent r="5" t="13" w="833" /><ent r="5" t="13" w="844" /><ent r="5" t="13" w="853" /><ent r="5" t="13" w="863" /><ent r="5" t="13" w="873" /><ent r="5" t="13" w="881" /><ent r="5" t="13" w="891" /><ent r="5" t="13" w="905" /><ent r="5" t="13" w="938" /><ent r="5" t="13" w="950" /><ent r="5" t="13" w="962" /><ent r="5" t="31" w="209" /></phr><phr n="fields"><ent r="3" t="7" w="171" /><ent r="3" t="7" w="358" /><ent r="3" t="7" w="580" /><ent r="4" t="15" w="335" /><ent r="3" t="21" w="817" /><ent r="3" t="22" w="88" /><ent r="3" t="29" w="195" /><ent r="3" t="31" w="145" /><ent r="4" t="34" w="245" /><ent r="4" t="40" w="181" /><ent r="4" t="50" w="203" /><ent r="3" t="59" w="164" /><ent r="3" t="59" w="169" /><ent r="3" t="59" w="197" /><ent r="3" t="59" w="247" /><ent r="3" t="59" w="271" /><ent r="3" t="60" w="192" /></phr><phr n="Fields"><ent r="82" t="7" w="218" /><ent r="100" t="7" w="250" /><ent r="82" t="7" w="253" /><ent r="82" t="7" w="351" /><ent r="82" t="7" w="500" /></phr></stem><stem n="blue"><phr n="blue"><ent r="4" t="6" w="103" /><ent r="8" t="11" w="324" /><ent r="3" t="11" w="448" /><ent r="4" t="11" w="520" /><ent r="3" t="21" w="420" /><ent r="3" t="21" w="436" /><ent r="3" t="21" w="457" /><ent r="3" t="21" w="526" /></phr><phr n="Blue"><ent r="8" t="11" w="334" /></phr></stem><stem n="underlin"><phr n="underlined"><ent r="4" t="6" w="104" /><ent r="5" t="11" w="278" /><ent r="4" t="11" w="522" /><ent r="3" t="13" w="1544" /></phr><phr n="underline"><ent r="3" t="11" w="449" /><ent r="4" t="11" w="504" /></phr></stem><stem n="actual"><phr n="actually"><ent r="4" t="6" w="107" /><ent r="3" t="64" w="209" /></phr><phr n="actual"><ent r="3" t="14" w="499" /><ent r="6" t="16" w="708" /><ent r="6" t="16" w="732" /><ent r="5" t="21" w="223" /><ent r="4" t="22" w="256" /><ent r="3" t="22" w="897" /><ent r="3" t="23" w="81" /><ent r="4" t="41" w="55" /><ent r="3" t="56" w="493" /></phr><phr n="Actual"><ent r="3" t="14" w="689" /></phr></stem><stem n="relev"><phr n="relevant"><ent r="4" t="6" w="111" /><ent r="4" t="15" w="238" /><ent r="3" t="22" w="532" /><ent r="3" t="49" w="699" /></phr></stem><stem n="(shown"><phr n="(shown"><ent r="3" t="7" w="38" /><ent r="4" t="50" w="85" /><ent r="4" t="50" w="296" /></phr></stem><stem n="numer"><phr n="numeric"><ent r="3" t="7" w="45" /><ent r="6" t="16" w="580" /><ent r="6" t="16" w="604" /><ent r="4" t="16" w="1291" /><ent r="4" t="16" w="1323" /><ent r="3" t="16" w="2138" /><ent r="3" t="17" w="347" /><ent r="3" t="17" w="371" /><ent r="4" t="19" w="879" /><ent r="4" t="19" w="919" /><ent r="4" t="24" w="1195" /><ent r="4" t="24" w="1203" /><ent r="4" t="24" w="1211" /><ent r="4" t="24" w="1219" /><ent r="4" t="24" w="1229" /><ent r="4" t="24" w="1239" /><ent r="4" t="24" w="1270" /><ent r="4" t="24" w="1280" /><ent r="4" t="24" w="1290" /><ent r="3" t="26" w="119" /><ent r="3" t="26" w="131" /><ent r="3" t="26" w="150" /><ent r="3" t="26" w="159" /><ent r="3" t="26" w="967" /><ent r="3" t="34" w="708" /><ent r="3" t="34" w="760" /><ent r="3" t="34" w="855" /><ent r="4" t="34" w="935" /><ent r="3" t="34" w="962" /><ent r="3" t="34" w="999" /><ent r="3" t="34" w="1010" /><ent r="3" t="35" w="991" /><ent r="3" t="35" w="1029" /><ent r="4" t="35" w="1098" /><ent r="3" t="35" w="1541" /><ent r="4" t="37" w="647" /><ent r="4" t="37" w="829" /><ent r="3" t="37" w="1731" /><ent r="3" t="37" w="2536" /><ent r="3" t="37" w="2550" /><ent r="4" t="37" w="2704" /><ent r="3" t="37" w="2732" /><ent r="3" t="37" w="2770" /><ent r="3" t="37" w="2803" /><ent r="3" t="37" w="3473" /><ent r="3" t="77" w="26" /><ent r="3" t="77" w="29" /><ent r="4" t="77" w="121" /></phr><phr n="Numeric"><ent r="3" t="13" w="1930" /><ent r="100" t="17" w="339" /><ent r="82" t="17" w="342" /><ent r="100" t="24" w="391" /><ent r="92" t="24" w="396" /><ent r="3" t="26" w="24" /><ent r="92" t="26" w="58" /><ent r="3" t="26" w="62" /><ent r="85" t="34" w="766" /><ent r="3" t="34" w="922" /><ent r="3" t="34" w="928" /><ent r="100" t="35" w="175" /><ent r="65" t="35" w="181" /><ent r="92" t="35" w="984" /><ent r="4" t="35" w="994" /><ent r="82" t="35" w="1016" /><ent r="100" t="37" w="6" /><ent r="100" t="37" w="38" /><ent r="100" t="37" w="45" /></phr><phr n="Numerous"><ent r="3" t="37" w="1764" /></phr></stem><stem n="/valu"><phr n="/value"><ent r="100" t="7" w="64" /><ent r="3" t="7" w="74" /><ent r="3" t="7" w="93" /><ent r="4" t="47" w="560" /></phr></stem><stem n="name/valu"><phr n="Name/value"><ent r="100" t="7" w="64" /><ent r="100" t="7" w="63" /></phr><phr n="name/value"><ent r="3" t="7" w="74" /><ent r="3" t="7" w="73" /><ent r="3" t="7" w="93" /><ent r="3" t="7" w="92" /><ent r="4" t="47" w="560" /><ent r="4" t="47" w="559" /></phr></stem><stem n="pair"><phr n="pairs"><ent r="3" t="7" w="75" /><ent r="4" t="40" w="757" /><ent r="4" t="47" w="561" /></phr><phr n="pair"><ent r="3" t="11" w="56" /><ent r="6" t="24" w="2945" /></phr></stem><stem n="[paramet"><phr n="[parameter"><ent r="3" t="7" w="82" /></phr></stem><stem n="]="><phr n="]="><ent r="3" t="7" w="84" /></phr></stem><stem n="&quot;[paramet"><phr n="&quot;[parameter"><ent r="3" t="7" w="84" /></phr></stem><stem n="/parameters&gt;"><phr n="/parameters&gt;"><ent r="3" t="7" w="88" /><ent r="3" t="7" w="607" /><ent r="3" t="14" w="450" /><ent r="3" t="14" w="1054" /><ent r="3" t="20" w="396" /><ent r="3" t="27" w="342" /><ent r="3" t="32" w="1144" /><ent r="3" t="39" w="444" /><ent r="3" t="40" w="1151" /><ent r="3" t="44" w="508" /><ent r="3" t="44" w="763" /><ent r="3" t="45" w="169" /><ent r="3" t="46" w="373" /><ent r="3" t="48" w="201" /><ent r="3" t="49" w="594" /></phr></stem><stem n="&lt;/parameters&gt;"><phr n="&lt;/parameters&gt;"><ent r="3" t="7" w="88" /><ent r="3" t="7" w="87" /><ent r="3" t="7" w="607" /><ent r="3" t="7" w="606" /><ent r="3" t="14" w="450" /><ent r="3" t="14" w="449" /><ent r="3" t="14" w="1054" /><ent r="3" t="14" w="1053" /><ent r="3" t="20" w="396" /><ent r="3" t="20" w="395" /><ent r="3" t="27" w="342" /><ent r="3" t="27" w="341" /><ent r="3" t="32" w="1144" /><ent r="3" t="32" w="1143" /><ent r="3" t="39" w="444" /><ent r="3" t="39" w="443" /><ent r="3" t="40" w="1151" /><ent r="3" t="40" w="1150" /><ent r="3" t="44" w="508" /><ent r="3" t="44" w="507" /><ent r="3" t="44" w="763" /><ent r="3" t="44" w="762" /><ent r="3" t="45" w="169" /><ent r="3" t="45" w="168" /><ent r="3" t="46" w="373" /><ent r="3" t="46" w="372" /><ent r="3" t="48" w="201" /><ent r="3" t="48" w="200" /><ent r="3" t="49" w="594" /><ent r="3" t="49" w="593" /></phr></stem><stem n="parameters&gt;"><phr n="parameters&gt;"><ent r="3" t="7" w="88" /><ent r="3" t="7" w="607" /><ent r="3" t="14" w="450" /><ent r="3" t="14" w="1054" /><ent r="3" t="20" w="396" /><ent r="3" t="27" w="342" /><ent r="3" t="32" w="1144" /><ent r="3" t="39" w="444" /><ent r="3" t="40" w="1151" /><ent r="3" t="44" w="508" /><ent r="3" t="44" w="763" /><ent r="3" t="45" w="169" /><ent r="3" t="46" w="373" /><ent r="3" t="48" w="201" /><ent r="3" t="49" w="594" /></phr></stem><stem n="/warn"><phr n="/warning"><ent r="100" t="7" w="107" /><ent r="3" t="7" w="127" /></phr></stem><stem n="alarm/warn"><phr n="Alarm/warning"><ent r="100" t="7" w="107" /><ent r="100" t="7" w="106" /></phr><phr n="alarm/warning"><ent r="3" t="7" w="127" /><ent r="3" t="7" w="126" /></phr></stem><stem n="warn"><phr n="warning"><ent r="100" t="7" w="107" /><ent r="3" t="7" w="127" /><ent r="4" t="17" w="132" /><ent r="3" t="17" w="186" /><ent r="3" t="17" w="191" /><ent r="3" t="17" w="196" /><ent r="5" t="17" w="397" /><ent r="3" t="34" w="99" /><ent r="3" t="39" w="368" /><ent r="4" t="42" w="54" /><ent r="3" t="44" w="815" /><ent r="3" t="46" w="400" /><ent r="3" t="54" w="172" /><ent r="6" t="70" w="279" /><ent r="6" t="70" w="361" /></phr><phr n="Warning"><ent r="3" t="14" w="594" /><ent r="4" t="17" w="258" /><ent r="3" t="21" w="321" /><ent r="3" t="33" w="228" /><ent r="3" t="46" w="367" /><ent r="6" t="47" w="468" /><ent r="3" t="54" w="177" /></phr><phr n="warn"><ent r="3" t="14" w="1107" /><ent r="3" t="44" w="559" /><ent r="3" t="47" w="588" /><ent r="3" t="49" w="639" /></phr><phr n="warnings"><ent r="3" t="16" w="66" /><ent r="3" t="16" w="361" /></phr><phr n="WARN"><ent r="100" t="35" w="285" /><ent r="4" t="35" w="297" /><ent r="100" t="35" w="1269" /><ent r="3" t="35" w="1274" /><ent r="100" t="37" w="1503" /><ent r="3" t="37" w="1507" /><ent r="3" t="37" w="3407" /><ent r="100" t="37" w="4060" /><ent r="3" t="37" w="4064" /><ent r="100" t="39" w="352" /><ent r="3" t="39" w="356" /><ent r="3" t="39" w="437" /><ent r="3" t="39" w="510" /><ent r="100" t="39" w="516" /><ent r="3" t="39" w="519" /></phr><phr n="WARNING"><ent r="3" t="44" w="592" /></phr></stem></index>