<?xml version="1.0" encoding="utf-8"?><index><stem n="1/16"><phr n="1/16"><ent r="4" t="0" w="26" /><ent r="4" t="0" w="25" /></phr></stem><stem n="16"><phr n="16"><ent r="4" t="0" w="26" /><ent r="6" t="16" w="886" /><ent r="3" t="37" w="2448" /><ent r="3" t="37" w="3918" /><ent r="3" t="37" w="4004" /><ent r="3" t="37" w="4400" /><ent r="3" t="37" w="4426" /><ent r="3" t="37" w="4455" /><ent r="3" t="37" w="4457" /><ent r="4" t="37" w="4494" /><ent r="3" t="37" w="4497" /><ent r="3" t="55" w="842" /><ent r="3" t="55" w="1127" /></phr></stem><stem n="/16/2013"><phr n="/16/2013"><ent r="4" t="0" w="27" /></phr></stem><stem n="1/16/2013"><phr n="1/16/2013"><ent r="4" t="0" w="27" /><ent r="4" t="0" w="25" /></phr></stem><stem n="2013"><phr n="2013"><ent r="4" t="0" w="27" /></phr></stem><stem n="9"><phr n="9"><ent r="4" t="0" w="30" /><ent r="3" t="13" w="1687" /><ent r="3" t="13" w="1715" /><ent r="3" t="13" w="1889" /><ent r="3" t="13" w="2008" /><ent r="3" t="13" w="2333" /><ent r="3" t="16" w="165" /><ent r="3" t="24" w="988" /><ent r="3" t="24" w="1107" /><ent r="3" t="24" w="1113" /><ent r="3" t="26" w="332" /><ent r="3" t="32" w="973" /><ent r="3" t="32" w="1712" /><ent r="3" t="34" w="662" /><ent r="3" t="35" w="924" /><ent r="3" t="35" w="944" /><ent r="3" t="35" w="959" /><ent r="4" t="49" w="434" /><ent r="3" t="55" w="841" /><ent r="3" t="55" w="894" /><ent r="3" t="55" w="1013" /><ent r="3" t="55" w="1025" /><ent r="3" t="55" w="1039" /><ent r="3" t="55" w="1058" /><ent r="3" t="55" w="1126" /></phr></stem><stem n=":35"><phr n=":35"><ent r="4" t="0" w="31" /></phr></stem><stem n="35"><phr n="35"><ent r="4" t="0" w="31" /><ent r="3" t="13" w="2319" /><ent r="3" t="32" w="470" /><ent r="3" t="32" w="631" /><ent r="3" t="32" w="754" /><ent r="3" t="32" w="864" /><ent r="3" t="32" w="1046" /></phr></stem><stem n="am"><phr n="AM"><ent r="4" t="0" w="32" /><ent r="4" t="24" w="1746" /></phr></stem><stem n="-mail"><phr n="-mail"><ent r="100" t="0" w="34" /><ent r="100" t="0" w="34" /><ent r="3" t="52" w="77" /><ent r="3" t="52" w="77" /></phr></stem><stem n="e"><phr n="E"><ent r="100" t="0" w="34" /><ent r="3" t="33" w="114" /><ent r="3" t="34" w="517" /><ent r="6" t="37" w="642" /><ent r="6" t="37" w="681" /><ent r="5" t="37" w="2763" /><ent r="5" t="37" w="3019" /></phr><phr n="e"><ent r="3" t="0" w="76" /><ent r="3" t="1" w="144" /><ent r="4" t="11" w="479" /><ent r="5" t="13" w="1433" /><ent r="4" t="16" w="1569" /><ent r="3" t="21" w="27" /><ent r="4" t="21" w="263" /><ent r="3" t="21" w="726" /><ent r="4" t="21" w="874" /><ent r="4" t="22" w="162" /><ent r="4" t="22" w="500" /><ent r="4" t="24" w="433" /><ent r="4" t="24" w="574" /><ent r="4" t="24" w="600" /><ent r="4" t="24" w="607" /><ent r="4" t="24" w="632" /><ent r="4" t="24" w="1278" /><ent r="3" t="24" w="1527" /><ent r="3" t="24" w="1553" /><ent r="4" t="24" w="1817" /><ent r="3" t="26" w="295" /><ent r="4" t="35" w="372" /><ent r="3" t="37" w="3967" /><ent r="3" t="37" w="4366" /><ent r="3" t="44" w="646" /><ent r="3" t="44" w="651" /><ent r="3" t="44" w="656" /><ent r="3" t="44" w="660" /><ent r="3" t="44" w="664" /><ent r="3" t="49" w="687" /><ent r="3" t="49" w="832" /><ent r="3" t="49" w="835" /><ent r="3" t="49" w="850" /><ent r="3" t="49" w="855" /><ent r="3" t="49" w="870" /><ent r="3" t="52" w="77" /><ent r="100" t="55" w="11" /><ent r="3" t="55" w="137" /><ent r="5" t="55" w="195" /><ent r="4" t="55" w="237" /><ent r="4" t="55" w="406" /><ent r="4" t="55" w="412" /><ent r="3" t="55" w="663" /><ent r="3" t="56" w="377" /><ent r="6" t="70" w="1863" /><ent r="6" t="70" w="1882" /><ent r="6" t="70" w="1913" /><ent r="6" t="70" w="1933" /><ent r="6" t="70" w="1948" /><ent r="6" t="70" w="1967" /><ent r="6" t="70" w="1992" /></phr></stem><stem n="e-mail"><phr n="E-mail"><ent r="100" t="0" w="34" /><ent r="3" t="33" w="114" /></phr><phr n="e-mail"><ent r="3" t="0" w="76" /><ent r="4" t="21" w="263" /><ent r="3" t="21" w="726" /><ent r="3" t="52" w="77" /></phr></stem><stem n="mail"><phr n="mail"><ent r="100" t="0" w="35" /><ent r="3" t="0" w="77" /><ent r="3" t="11" w="123" /><ent r="4" t="21" w="264" /><ent r="3" t="21" w="727" /><ent r="3" t="33" w="115" /><ent r="3" t="52" w="78" /></phr></stem><stem n="network"><phr n="network"><ent r="3" t="0" w="40" /><ent r="3" t="0" w="60" /><ent r="3" t="0" w="108" /><ent r="3" t="0" w="142" /><ent r="3" t="1" w="186" /><ent r="4" t="3" w="523" /><ent r="6" t="5" w="952" /><ent r="6" t="5" w="995" /><ent r="6" t="5" w="1038" /><ent r="5" t="13" w="138" /><ent r="5" t="13" w="175" /><ent r="5" t="13" w="326" /><ent r="5" t="13" w="652" /><ent r="5" t="13" w="662" /><ent r="5" t="13" w="1001" /><ent r="5" t="13" w="1015" /><ent r="5" t="13" w="1030" /><ent r="5" t="13" w="1044" /><ent r="5" t="13" w="1298" /><ent r="3" t="28" w="302" /><ent r="3" t="33" w="321" /><ent r="3" t="37" w="3253" /><ent r="4" t="66" w="167" /><ent r="5" t="66" w="583" /><ent r="4" t="66" w="592" /><ent r="3" t="66" w="637" /><ent r="3" t="66" w="656" /><ent r="6" t="70" w="1377" /><ent r="6" t="70" w="1932" /></phr><phr n="Network"><ent r="100" t="66" w="580" /></phr><phr n="networks"><ent r="3" t="66" w="668" /><ent r="6" t="70" w="1418" /></phr></stem><stem n="monitor"><phr n="monitoring"><ent r="3" t="0" w="41" /><ent r="3" t="0" w="143" /><ent r="4" t="3" w="524" /><ent r="3" t="28" w="330" /></phr><phr n="monitors"><ent r="3" t="0" w="106" /></phr><phr n="monitor"><ent r="3" t="3" w="81" /><ent r="3" t="15" w="52" /><ent r="3" t="21" w="20" /></phr><phr n="monitored"><ent r="5" t="13" w="181" /><ent r="3" t="59" w="60" /></phr><phr n="Monitor"><ent r="3" t="55" w="54" /></phr></stem><stem n="alert"><phr n="alerting"><ent r="3" t="0" w="43" /></phr><phr n="alert"><ent r="4" t="3" w="415" /></phr><phr n="Alert"><ent r="100" t="4" w="767" /><ent r="5" t="35" w="563" /></phr></stem><stem n="program"><phr n="program"><ent r="3" t="0" w="44" /><ent r="3" t="0" w="83" /><ent r="4" t="3" w="493" /><ent r="4" t="3" w="525" /><ent r="4" t="4" w="535" /><ent r="5" t="13" w="1075" /><ent r="3" t="22" w="1148" /><ent r="3" t="29" w="853" /><ent r="3" t="40" w="39" /><ent r="3" t="40" w="50" /><ent r="3" t="40" w="287" /><ent r="3" t="40" w="308" /><ent r="3" t="40" w="348" /><ent r="100" t="40" w="363" /><ent r="3" t="40" w="592" /><ent r="4" t="40" w="947" /><ent r="4" t="40" w="1053" /><ent r="3" t="49" w="124" /><ent r="3" t="49" w="159" /><ent r="5" t="49" w="213" /><ent r="5" t="49" w="305" /><ent r="4" t="49" w="318" /><ent r="3" t="57" w="36" /><ent r="3" t="59" w="280" /><ent r="3" t="71" w="112" /></phr><phr n="Program"><ent r="100" t="35" w="188" /><ent r="100" t="35" w="191" /><ent r="65" t="35" w="201" /><ent r="92" t="35" w="1139" /><ent r="100" t="40" w="369" /><ent r="100" t="40" w="372" /><ent r="5" t="46" w="126" /></phr><phr n="programs"><ent r="3" t="40" w="1216" /><ent r="3" t="41" w="457" /><ent r="3" t="44" w="427" /><ent r="3" t="62" w="38" /></phr><phr n="Programs"><ent r="4" t="49" w="346" /></phr></stem><stem n="."><phr n="."><ent r="3" t="0" w="45" /><ent r="3" t="0" w="61" /><ent r="3" t="0" w="88" /><ent r="3" t="0" w="116" /><ent r="3" t="0" w="144" /><ent r="3" t="0" w="175" /><ent r="3" t="0" w="200" /><ent r="3" t="0" w="216" /><ent r="3" t="0" w="226" /><ent r="3" t="1" w="56" /><ent r="3" t="1" w="81" /><ent r="3" t="1" w="104" /><ent r="3" t="1" w="128" /><ent r="3" t="1" w="133" /><ent r="3" t="1" w="171" /><ent r="3" t="1" w="183" /><ent r="3" t="1" w="208" /><ent r="3" t="1" w="227" /><ent r="3" t="1" w="256" /><ent r="3" t="1" w="279" /><ent r="3" t="1" w="296" /><ent r="3" t="1" w="331" /><ent r="3" t="1" w="359" /><ent r="3" t="1" w="399" /><ent r="3" t="1" w="417" /><ent r="3" t="1" w="454" /><ent r="3" t="1" w="570" /><ent r="3" t="1" w="584" /><ent r="3" t="1" w="599" /><ent r="3" t="1" w="655" /><ent r="3" t="1" w="678" /><ent r="3" t="1" w="724" /><ent r="3" t="2" w="31" /><ent r="3" t="2" w="47" /><ent r="3" t="3" w="35" /><ent r="3" t="3" w="64" /><ent r="3" t="3" w="94" /><ent r="3" t="3" w="104" /><ent r="3" t="3" w="129" /><ent r="3" t="3" w="154" /><ent r="3" t="3" w="176" /><ent r="4" t="3" w="227" /><ent r="4" t="3" w="251" /><ent r="4" t="3" w="267" /><ent r="3" t="3" w="284" /><ent r="3" t="3" w="313" /><ent r="3" t="3" w="324" /><ent r="3" t="3" w="349" /><ent r="4" t="3" w="380" /><ent r="4" t="3" w="409" /><ent r="4" t="3" w="431" /><ent r="4" t="3" w="443" /><ent r="4" t="3" w="458" /><ent r="4" t="3" w="484" /><ent r="4" t="3" w="512" /><ent r="4" t="3" w="526" /><ent r="4" t="3" w="541" /><ent r="3" t="3" w="555" /><ent r="3" t="3" w="572" /><ent r="3" t="3" w="580" /><ent r="3" t="4" w="33" /><ent r="3" t="4" w="37" /><ent r="3" t="4" w="74" /><ent r="3" t="4" w="118" /><ent r="3" t="4" w="153" /><ent r="3" t="4" w="164" /><ent r="3" t="4" w="189" /><ent r="3" t="4" w="211" /><ent r="3" t="4" w="229" /><ent r="3" t="4" w="247" /><ent r="4" t="4" w="281" /><ent r="4" t="4" w="314" /><ent r="4" t="4" w="343" /><ent r="4" t="4" w="367" /><ent r="4" t="4" w="390" /><ent r="3" t="4" w="412" /><ent r="3" t="4" w="426" /><ent r="4" t="4" w="448" /><ent r="4" t="4" w="457" /><ent r="4" t="4" w="490" /><ent r="4" t="4" w="516" /><ent r="4" t="4" w="542" /><ent r="4" t="4" w="552" /><ent r="4" t="4" w="573" /><ent r="4" t="4" w="585" /><ent r="4" t="4" w="624" /><ent r="4" t="4" w="649" /><ent r="4" t="4" w="669" /><ent r="4" t="4" w="689" /><ent r="3" t="4" w="705" /><ent r="3" t="4" w="713" /><ent r="3" t="4" w="738" /><ent r="3" t="5" w="29" /><ent r="3" t="5" w="45" /><ent r="3" t="5" w="70" /><ent r="3" t="5" w="97" /><ent r="6" t="5" w="114" /><ent r="6" t="5" w="185" /><ent r="6" t="5" w="199" /><ent r="6" t="5" w="217" /><ent r="6" t="5" w="234" /><ent r="6" t="5" w="247" /><ent r="6" t="5" w="268" /><ent r="6" t="5" w="309" /><ent r="6" t="5" w="336" /><ent r="6" t="5" w="369" /><ent r="6" t="5" w="379" /><ent r="6" t="5" w="395" /><ent r="5" t="5" w="409" /><ent r="5" t="5" w="420" /><ent r="5" t="5" w="441" /><ent r="5" t="5" w="455" /><ent r="5" t="5" w="471" /><ent r="6" t="5" w="495" /><ent r="5" t="5" w="519" /><ent r="6" t="5" w="547" /><ent r="6" t="5" w="670" /><ent r="6" t="5" w="696" /><ent r="6" t="5" w="710" /><ent r="3" t="5" w="742" /><ent r="6" t="5" w="900" /><ent r="6" t="5" w="912" /><ent r="6" t="5" w="945" /><ent r="6" t="5" w="974" /><ent r="6" t="5" w="987" /><ent r="6" t="5" w="1034" /><ent r="6" t="5" w="1072" /><ent r="6" t="5" w="1092" /><ent r="6" t="5" w="1121" /><ent r="6" t="5" w="1149" /><ent r="6" t="5" w="1156" /><ent r="4" t="5" w="1192" /><ent r="3" t="5" w="1225" /><ent r="4" t="5" w="1258" /><ent r="4" t="5" w="1294" /><ent r="4" t="5" w="1324" /><ent r="4" t="5" w="1331" /><ent r="3" t="5" w="1380" /><ent r="3" t="5" w="1400" /><ent r="3" t="6" w="45" /><ent r="3" t="6" w="53" /><ent r="3" t="6" w="78" /><ent r="3" t="6" w="89" /><ent r="4" t="6" w="100" /><ent r="4" t="6" w="114" /><ent r="3" t="7" w="26" /><ent r="3" t="7" w="58" /><ent r="3" t="7" w="105" /><ent r="3" t="7" w="120" /><ent r="3" t="7" w="135" /><ent r="3" t="7" w="157" /><ent r="4" t="7" w="199" /><ent r="4" t="7" w="216" /><ent r="3" t="7" w="232" /><ent r="3" t="7" w="288" /><ent r="3" t="7" w="328" /><ent r="3" t="7" w="349" /><ent r="3" t="7" w="375" /><ent r="3" t="7" w="405" /><ent r="3" t="7" w="420" /><ent r="3" t="7" w="428" /><ent r="3" t="7" w="450" /><ent r="3" t="7" w="468" /><ent r="3" t="7" w="527" /><ent r="3" t="7" w="581" /><ent r="3" t="7" w="591" /><ent r="3" t="8" w="25" /><ent r="3" t="8" w="36" /><ent r="3" t="8" w="51" /><ent r="3" t="8" w="58" /><ent r="3" t="8" w="70" /><ent r="3" t="8" w="79" /><ent r="4" t="8" w="112" /><ent r="4" t="8" w="127" /><ent r="4" t="8" w="141" /><ent r="4" t="8" w="170" /><ent r="4" t="8" w="179" /><ent r="4" t="8" w="195" /><ent r="4" t="8" w="212" /><ent r="4" t="8" w="226" /><ent r="3" t="8" w="275" /><ent r="3" t="8" w="293" /><ent r="3" t="8" w="355" /><ent r="3" t="8" w="371" /><ent r="3" t="8" w="396" /><ent r="3" t="8" w="417" /><ent r="3" t="8" w="612" /><ent r="3" t="8" w="626" /><ent r="4" t="8" w="674" /><ent r="4" t="8" w="689" /><ent r="4" t="8" w="703" /><ent r="4" t="8" w="751" /><ent r="4" t="8" w="762" /><ent r="4" t="8" w="776" /><ent r="4" t="8" w="791" /><ent r="3" t="9" w="30" /><ent r="3" t="10" w="43" /><ent r="3" t="10" w="131" /><ent r="3" t="10" w="140" /><ent r="3" t="10" w="185" /><ent r="3" t="10" w="198" /><ent r="3" t="10" w="221" /><ent r="3" t="10" w="241" /><ent r="3" t="10" w="252" /><ent r="3" t="10" w="272" /><ent r="3" t="10" w="356" /><ent r="3" t="10" w="376" /><ent r="3" t="10" w="414" /><ent r="3" t="10" w="434" /><ent r="3" t="10" w="453" /><ent r="3" t="11" w="39" /><ent r="3" t="11" w="48" /><ent r="3" t="11" w="61" /><ent r="3" t="11" w="72" /><ent r="3" t="11" w="125" /><ent r="4" t="11" w="142" /><ent r="4" t="11" w="157" /><ent r="5" t="11" w="188" /><ent r="5" t="11" w="214" /><ent r="5" t="11" w="224" /><ent r="5" t="11" w="233" /><ent r="5" t="11" w="236" /><ent r="5" t="11" w="245" /><ent r="5" t="11" w="254" /><ent r="5" t="11" w="265" /><ent r="5" t="11" w="279" /><ent r="5" t="11" w="295" /><ent r="5" t="11" w="305" /><ent r="3" t="11" w="439" /><ent r="4" t="11" w="494" /><ent r="4" t="11" w="523" /><ent r="4" t="11" w="536" /><ent r="3" t="12" w="24" /><ent r="3" t="12" w="34" /><ent r="3" t="12" w="74" /><ent r="3" t="12" w="82" /><ent r="3" t="12" w="92" /><ent r="3" t="12" w="97" /><ent r="3" t="12" w="124" /><ent r="3" t="12" w="131" /><ent r="3" t="13" w="29" /><ent r="3" t="13" w="39" /><ent r="3" t="13" w="45" /><ent r="3" t="13" w="97" /><ent r="5" t="13" w="143" /><ent r="5" t="13" w="153" /><ent r="5" t="13" w="170" /><ent r="5" t="13" w="182" /><ent r="5" t="13" w="195" /><ent r="5" t="13" w="209" /><ent r="5" t="13" w="234" /><ent r="5" t="13" w="244" /><ent r="5" t="13" w="275" /><ent r="3" t="13" w="296" /><ent r="5" t="13" w="321" /><ent r="5" t="13" w="331" /><ent r="5" t="13" w="338" /><ent r="5" t="13" w="376" /><ent r="5" t="13" w="380" /><ent r="5" t="13" w="396" /><ent r="5" t="13" w="415" /><ent r="5" t="13" w="428" /><ent r="3" t="13" w="450" /><ent r="3" t="13" w="475" /><ent r="3" t="13" w="492" /><ent r="3" t="13" w="502" /><ent r="3" t="13" w="534" /><ent r="3" t="13" w="596" /><ent r="3" t="13" w="619" /><ent r="5" t="13" w="647" /><ent r="5" t="13" w="657" /><ent r="5" t="13" w="668" /><ent r="5" t="13" w="677" /><ent r="5" t="13" w="685" /><ent r="5" t="13" w="694" /><ent r="5" t="13" w="715" /><ent r="5" t="13" w="719" /><ent r="5" t="13" w="745" /><ent r="5" t="13" w="765" /><ent r="5" t="13" w="772" /><ent r="5" t="13" w="779" /><ent r="5" t="13" w="932" /><ent r="3" t="13" w="981" /><ent r="5" t="13" w="1010" /><ent r="5" t="13" w="1025" /><ent r="5" t="13" w="1039" /><ent r="5" t="13" w="1054" /><ent r="5" t="13" w="1065" /><ent r="5" t="13" w="1076" /><ent r="5" t="13" w="1093" /><ent r="5" t="13" w="1105" /><ent r="5" t="13" w="1122" /><ent r="5" t="13" w="1133" /><ent r="5" t="13" w="1147" /><ent r="5" t="13" w="1161" /><ent r="5" t="13" w="1180" /><ent r="5" t="13" w="1196" /><ent r="5" t="13" w="1207" /><ent r="5" t="13" w="1220" /><ent r="5" t="13" w="1253" /><ent r="5" t="13" w="1266" /><ent r="5" t="13" w="1293" /><ent r="5" t="13" w="1303" /><ent r="5" t="13" w="1310" /><ent r="5" t="13" w="1330" /><ent r="5" t="13" w="1334" /><ent r="3" t="13" w="1355" /><ent r="5" t="13" w="1389" /><ent r="5" t="13" w="1419" /><ent r="5" t="13" w="1457" /><ent r="5" t="13" w="1469" /><ent r="3" t="13" w="1494" /><ent r="3" t="13" w="1520" /><ent r="3" t="13" w="1556" /><ent r="3" t="13" w="1568" /><ent r="4" t="13" w="1597" /><ent r="4" t="13" w="1623" /><ent r="4" t="13" w="1648" /><ent r="3" t="13" w="1758" /><ent r="3" t="13" w="1855" /><ent r="3" t="13" w="1868" /><ent r="3" t="13" w="2063" /><ent r="3" t="13" w="2133" /><ent r="3" t="13" w="2191" /><ent r="3" t="13" w="2201" /><ent r="3" t="13" w="2259" /><ent r="3" t="13" w="2382" /><ent r="3" t="13" w="2400" /><ent r="3" t="13" w="2439" /><ent r="3" t="13" w="2460" /><ent r="3" t="13" w="2475" /><ent r="3" t="13" w="2491" /><ent r="3" t="13" w="2520" /><ent r="3" t="14" w="20" /><ent r="3" t="14" w="31" /><ent r="3" t="14" w="49" /><ent r="3" t="14" w="83" /><ent r="3" t="14" w="91" /><ent r="3" t="14" w="127" /><ent r="3" t="14" w="219" /><ent r="3" t="14" w="239" /><ent r="3" t="14" w="264" /><ent r="3" t="14" w="276" /><ent r="3" t="14" w="295" /><ent r="3" t="14" w="304" /><ent r="3" t="14" w="337" /><ent r="3" t="14" w="345" /><ent r="3" t="14" w="369" /><ent r="3" t="14" w="384" /><ent r="3" t="14" w="393" /><ent r="3" t="14" w="408" /><ent r="3" t="14" w="424" /><ent r="3" t="14" w="430" /><ent r="3" t="14" w="443" /><ent r="3" t="14" w="476" /><ent r="3" t="14" w="489" /><ent r="3" t="14" w="625" /><ent r="3" t="14" w="730" /><ent r="3" t="14" w="746" /><ent r="3" t="14" w="749" /><ent r="3" t="14" w="768" /><ent r="3" t="14" w="832" /><ent r="3" t="14" w="851" /><ent r="3" t="14" w="881" /><ent r="3" t="14" w="907" /><ent r="3" t="14" w="928" /><ent r="3" t="14" w="976" /><ent r="3" t="14" w="996" /><ent r="3" t="14" w="1046" /><ent r="3" t="15" w="66" /><ent r="3" t="15" w="84" /><ent r="3" t="15" w="109" /><ent r="4" t="15" w="167" /><ent r="4" t="15" w="187" /><ent r="4" t="15" w="225" /><ent r="4" t="15" w="251" /><ent r="3" t="15" w="270" /><ent r="4" t="15" w="299" /><ent r="4" t="15" w="316" /><ent r="4" t="15" w="327" /><ent r="4" t="15" w="345" /><ent r="3" t="15" w="378" /><ent r="4" t="15" w="492" /><ent r="4" t="15" w="509" /><ent r="3" t="16" w="50" /><ent r="3" t="16" w="68" /><ent r="3" t="16" w="89" /><ent r="3" t="16" w="205" /><ent r="3" t="16" w="262" /><ent r="3" t="16" w="276" /><ent r="3" t="16" w="288" /><ent r="3" t="16" w="304" /><ent r="3" t="16" w="343" /><ent r="3" t="16" w="363" /><ent r="3" t="16" w="391" /><ent r="4" t="16" w="431" /><ent r="4" t="16" w="443" /><ent r="4" t="16" w="469" /><ent r="4" t="16" w="494" /><ent r="4" t="16" w="537" /><ent r="6" t="16" w="572" /><ent r="6" t="16" w="582" /><ent r="6" t="16" w="596" /><ent r="6" t="16" w="624" /><ent r="6" t="16" w="677" /><ent r="6" t="16" w="689" /><ent r="6" t="16" w="702" /><ent r="6" t="16" w="720" /><ent r="6" t="16" w="726" /><ent r="6" t="16" w="744" /><ent r="6" t="16" w="787" /><ent r="6" t="16" w="810" /><ent r="6" t="16" w="823" /><ent r="6" t="16" w="840" /><ent r="6" t="16" w="855" /><ent r="6" t="16" w="894" /><ent r="4" t="16" w="1007" /><ent r="4" t="16" w="1018" /><ent r="4" t="16" w="1036" /><ent r="4" t="16" w="1055" /><ent r="4" t="16" w="1068" /><ent r="4" t="16" w="1103" /><ent r="3" t="16" w="1167" /><ent r="4" t="16" w="1263" /><ent r="4" t="16" w="1275" /><ent r="4" t="16" w="1309" /><ent r="4" t="16" w="1325" /><ent r="4" t="16" w="1396" /><ent r="3" t="16" w="1446" /><ent r="4" t="16" w="1466" /><ent r="4" t="16" w="1493" /><ent r="4" t="16" w="1506" /><ent r="4" t="16" w="1513" /><ent r="4" t="16" w="1533" /><ent r="3" t="16" w="1554" /><ent r="4" t="16" w="1599" /><ent r="4" t="16" w="1621" /><ent r="4" t="16" w="1678" /><ent r="3" t="16" w="1700" /><ent r="3" t="16" w="1717" /><ent r="3" t="16" w="1746" /><ent r="3" t="16" w="1766" /><ent r="3" t="16" w="1800" /><ent r="3" t="16" w="1811" /><ent r="3" t="16" w="1822" /><ent r="3" t="16" w="1845" /><ent r="3" t="16" w="1868" /><ent r="3" t="16" w="1903" /><ent r="3" t="16" w="1918" /><ent r="4" t="16" w="2001" /><ent r="3" t="16" w="2054" /><ent r="3" t="16" w="2076" /><ent r="3" t="16" w="2113" /><ent r="3" t="16" w="2141" /><ent r="3" t="16" w="2267" /><ent r="3" t="17" w="42" /><ent r="3" t="17" w="68" /><ent r="3" t="17" w="262" /><ent r="3" t="17" w="287" /><ent r="3" t="17" w="296" /><ent r="3" t="17" w="323" /><ent r="3" t="17" w="338" /><ent r="3" t="17" w="373" /><ent r="4" t="17" w="414" /><ent r="4" t="17" w="426" /><ent r="4" t="17" w="435" /><ent r="3" t="18" w="39" /><ent r="3" t="18" w="52" /><ent r="4" t="18" w="145" /><ent r="4" t="18" w="164" /><ent r="4" t="18" w="182" /><ent r="3" t="19" w="24" /><ent r="3" t="19" w="43" /><ent r="3" t="19" w="63" /><ent r="3" t="19" w="87" /><ent r="3" t="19" w="96" /><ent r="3" t="19" w="116" /><ent r="3" t="19" w="138" /><ent r="4" t="19" w="187" /><ent r="4" t="19" w="199" /><ent r="4" t="19" w="222" /><ent r="4" t="19" w="245" /><ent r="4" t="19" w="272" /><ent r="3" t="19" w="290" /><ent r="3" t="19" w="336" /><ent r="3" t="19" w="357" /><ent r="3" t="19" w="381" /><ent r="3" t="19" w="389" /><ent r="3" t="19" w="403" /><ent r="3" t="19" w="410" /><ent r="3" t="19" w="438" /><ent r="3" t="19" w="452" /><ent r="3" t="19" w="469" /><ent r="3" t="19" w="481" /><ent r="3" t="19" w="510" /><ent r="3" t="19" w="547" /><ent r="3" t="19" w="725" /><ent r="3" t="19" w="742" /><ent r="3" t="19" w="757" /><ent r="4" t="19" w="764" /><ent r="4" t="19" w="785" /><ent r="4" t="19" w="802" /><ent r="4" t="19" w="818" /><ent r="4" t="19" w="831" /><ent r="4" t="19" w="837" /><ent r="4" t="19" w="854" /><ent r="4" t="19" w="874" /><ent r="4" t="19" w="888" /><ent r="4" t="19" w="898" /><ent r="4" t="19" w="910" /><ent r="4" t="19" w="921" /><ent r="3" t="19" w="941" /><ent r="3" t="19" w="956" /><ent r="3" t="19" w="970" /><ent r="3" t="19" w="985" /><ent r="3" t="19" w="1003" /><ent r="3" t="19" w="1020" /><ent r="3" t="19" w="1159" /><ent r="3" t="19" w="1171" /><ent r="3" t="19" w="1193" /><ent r="3" t="19" w="1208" /><ent r="3" t="19" w="1234" /><ent r="3" t="19" w="1277" /><ent r="3" t="19" w="1309" /><ent r="3" t="19" w="1324" /><ent r="3" t="19" w="1457" /><ent r="3" t="19" w="1508" /><ent r="3" t="19" w="1526" /><ent r="3" t="19" w="1541" /><ent r="3" t="19" w="1555" /><ent r="4" t="19" w="1634" /><ent r="3" t="19" w="1761" /><ent r="3" t="19" w="1800" /><ent r="3" t="19" w="1817" /><ent r="4" t="19" w="1875" /><ent r="4" t="19" w="1887" /><ent r="4" t="19" w="1898" /><ent r="4" t="19" w="1910" /><ent r="4" t="19" w="1924" /><ent r="4" t="19" w="1946" /><ent r="3" t="20" w="60" /><ent r="3" t="20" w="73" /><ent r="3" t="20" w="96" /><ent r="3" t="20" w="116" /><ent r="3" t="20" w="127" /><ent r="3" t="20" w="147" /><ent r="3" t="20" w="222" /><ent r="3" t="20" w="279" /><ent r="3" t="20" w="289" /><ent r="3" t="20" w="318" /><ent r="3" t="20" w="391" /><ent r="3" t="20" w="434" /><ent r="3" t="21" w="41" /><ent r="3" t="21" w="62" /><ent r="3" t="21" w="98" /><ent r="3" t="21" w="108" /><ent r="3" t="21" w="125" /><ent r="3" t="21" w="145" /><ent r="3" t="21" w="153" /><ent r="3" t="21" w="163" /><ent r="4" t="21" w="251" /><ent r="4" t="21" w="272" /><ent r="3" t="21" w="293" /><ent r="3" t="21" w="310" /><ent r="3" t="21" w="325" /><ent r="3" t="21" w="349" /><ent r="3" t="21" w="364" /><ent r="3" t="21" w="385" /><ent r="3" t="21" w="408" /><ent r="3" t="21" w="434" /><ent r="3" t="21" w="449" /><ent r="3" t="21" w="475" /><ent r="3" t="21" w="482" /><ent r="3" t="21" w="497" /><ent r="3" t="21" w="515" /><ent r="3" t="21" w="527" /><ent r="4" t="21" w="568" /><ent r="4" t="21" w="585" /><ent r="4" t="21" w="607" /><ent r="4" t="21" w="627" /><ent r="4" t="21" w="651" /><ent r="3" t="21" w="671" /><ent r="3" t="21" w="698" /><ent r="3" t="21" w="715" /><ent r="3" t="21" w="740" /><ent r="3" t="21" w="753" /><ent r="3" t="21" w="771" /><ent r="3" t="21" w="789" /><ent r="3" t="21" w="811" /><ent r="4" t="21" w="874" /><ent r="3" t="21" w="907" /><ent r="3" t="21" w="922" /><ent r="4" t="22" w="103" /><ent r="4" t="22" w="127" /><ent r="4" t="22" w="148" /><ent r="4" t="22" w="184" /><ent r="4" t="22" w="194" /><ent r="4" t="22" w="215" /><ent r="4" t="22" w="235" /><ent r="4" t="22" w="248" /><ent r="4" t="22" w="266" /><ent r="4" t="22" w="334" /><ent r="4" t="22" w="342" /><ent r="4" t="22" w="384" /><ent r="4" t="22" w="403" /><ent r="4" t="22" w="445" /><ent r="3" t="22" w="479" /><ent r="4" t="22" w="519" /><ent r="3" t="22" w="536" /><ent r="3" t="22" w="559" /><ent r="3" t="22" w="627" /><ent r="4" t="22" w="653" /><ent r="4" t="22" w="680" /><ent r="4" t="22" w="731" /><ent r="4" t="22" w="752" /><ent r="4" t="22" w="784" /><ent r="4" t="22" w="797" /><ent r="4" t="22" w="820" /><ent r="3" t="22" w="878" /><ent r="3" t="22" w="899" /><ent r="3" t="22" w="942" /><ent r="3" t="22" w="957" /><ent r="3" t="22" w="972" /><ent r="3" t="22" w="982" /><ent r="3" t="22" w="1017" /><ent r="3" t="22" w="1065" /><ent r="3" t="22" w="1076" /><ent r="3" t="22" w="1098" /><ent r="3" t="22" w="1137" /><ent r="3" t="22" w="1155" /><ent r="3" t="22" w="1213" /><ent r="3" t="23" w="70" /><ent r="3" t="23" w="113" /><ent r="3" t="23" w="125" /><ent r="3" t="23" w="137" /><ent r="3" t="23" w="151" /><ent r="3" t="23" w="238" /><ent r="3" t="24" w="56" /><ent r="3" t="24" w="73" /><ent r="4" t="24" w="99" /><ent r="4" t="24" w="115" /><ent r="4" t="24" w="131" /><ent r="4" t="24" w="190" /><ent r="4" t="24" w="199" /><ent r="4" t="24" w="218" /><ent r="4" t="24" w="242" /><ent r="4" t="24" w="253" /><ent r="4" t="24" w="266" /><ent r="4" t="24" w="276" /><ent r="4" t="24" w="287" /><ent r="4" t="24" w="421" /><ent r="4" t="24" w="439" /><ent r="4" t="24" w="453" /><ent r="4" t="24" w="464" /><ent r="4" t="24" w="502" /><ent r="4" t="24" w="516" /><ent r="4" t="24" w="540" /><ent r="4" t="24" w="553" /><ent r="4" t="24" w="564" /><ent r="4" t="24" w="615" /><ent r="4" t="24" w="648" /><ent r="4" t="24" w="684" /><ent r="4" t="24" w="705" /><ent r="4" t="24" w="727" /><ent r="4" t="24" w="752" /><ent r="4" t="24" w="823" /><ent r="4" t="24" w="877" /><ent r="3" t="24" w="925" /><ent r="3" t="24" w="929" /><ent r="3" t="24" w="1026" /><ent r="3" t="24" w="1085" /><ent r="3" t="24" w="1134" /><ent r="3" t="24" w="1145" /><ent r="3" t="24" w="1175" /><ent r="3" t="24" w="1345" /><ent r="3" t="24" w="1364" /><ent r="3" t="24" w="1398" /><ent r="3" t="24" w="1458" /><ent r="3" t="24" w="1520" /><ent r="3" t="24" w="1582" /><ent r="3" t="24" w="1648" /><ent r="3" t="24" w="1660" /><ent r="4" t="24" w="1772" /><ent r="4" t="24" w="1781" /><ent r="4" t="24" w="1798" /><ent r="4" t="24" w="1801" /><ent r="4" t="24" w="1804" /><ent r="4" t="24" w="1824" /><ent r="3" t="24" w="1844" /><ent r="3" t="24" w="1854" /><ent r="3" t="24" w="1908" /><ent r="3" t="24" w="1917" /><ent r="3" t="24" w="1928" /><ent r="3" t="24" w="1985" /><ent r="3" t="24" w="2204" /><ent r="3" t="24" w="2220" /><ent r="4" t="24" w="2250" /><ent r="4" t="24" w="2270" /><ent r="4" t="24" w="2292" /><ent r="4" t="24" w="2310" /><ent r="3" t="24" w="2376" /><ent r="3" t="24" w="2387" /><ent r="4" t="24" w="2423" /><ent r="4" t="24" w="2456" /><ent r="4" t="24" w="2497" /><ent r="3" t="24" w="2706" /><ent r="3" t="24" w="2734" /><ent r="3" t="24" w="2764" /><ent r="3" t="24" w="2835" /><ent r="3" t="24" w="2835" /><ent r="3" t="24" w="2835" /><ent r="4" t="24" w="2862" /><ent r="4" t="24" w="2872" /><ent r="6" t="24" w="2900" /><ent r="6" t="24" w="2911" /><ent r="6" t="24" w="2934" /><ent r="6" t="24" w="2944" /><ent r="6" t="24" w="2966" /><ent r="6" t="24" w="2988" /><ent r="3" t="24" w="3047" /><ent r="3" t="24" w="3057" /><ent r="3" t="24" w="3067" /><ent r="3" t="25" w="34" /><ent r="3" t="25" w="47" /><ent r="4" t="25" w="120" /><ent r="4" t="25" w="144" /><ent r="4" t="25" w="180" /><ent r="4" t="25" w="197" /><ent r="4" t="25" w="215" /><ent r="4" t="25" w="233" /><ent r="4" t="25" w="241" /><ent r="4" t="25" w="268" /><ent r="4" t="25" w="282" /><ent r="4" t="25" w="300" /><ent r="4" t="25" w="309" /><ent r="4" t="25" w="319" /><ent r="3" t="26" w="27" /><ent r="3" t="26" w="40" /><ent r="3" t="26" w="71" /><ent r="3" t="26" w="75" /><ent r="3" t="26" w="86" /><ent r="3" t="26" w="92" /><ent r="3" t="26" w="156" /><ent r="3" t="26" w="179" /><ent r="3" t="26" w="214" /><ent r="3" t="26" w="228" /><ent r="4" t="26" w="263" /><ent r="4" t="26" w="282" /><ent r="3" t="26" w="308" /><ent r="3" t="26" w="317" /><ent r="3" t="26" w="434" /><ent r="3" t="26" w="463" /><ent r="3" t="26" w="486" /><ent r="4" t="26" w="542" /><ent r="4" t="26" w="563" /><ent r="4" t="26" w="586" /><ent r="4" t="26" w="600" /><ent r="4" t="26" w="609" /><ent r="4" t="26" w="619" /><ent r="3" t="26" w="645" /><ent r="3" t="26" w="667" /><ent r="3" t="26" w="685" /><ent r="3" t="26" w="695" /><ent r="3" t="26" w="710" /><ent r="3" t="26" w="738" /><ent r="3" t="26" w="780" /><ent r="3" t="26" w="798" /><ent r="3" t="26" w="816" /><ent r="3" t="26" w="844" /><ent r="3" t="26" w="875" /><ent r="3" t="26" w="895" /><ent r="3" t="26" w="924" /><ent r="3" t="26" w="937" /><ent r="3" t="26" w="1005" /><ent r="3" t="26" w="1015" /><ent r="3" t="26" w="1020" /><ent r="3" t="26" w="1049" /><ent r="3" t="26" w="1088" /><ent r="3" t="27" w="39" /><ent r="3" t="27" w="79" /><ent r="3" t="27" w="163" /><ent r="3" t="27" w="177" /><ent r="3" t="27" w="201" /><ent r="3" t="27" w="221" /><ent r="3" t="27" w="233" /><ent r="3" t="27" w="252" /><ent r="3" t="27" w="280" /><ent r="3" t="27" w="301" /><ent r="3" t="27" w="315" /><ent r="3" t="27" w="320" /><ent r="3" t="27" w="333" /><ent r="3" t="27" w="366" /><ent r="3" t="27" w="378" /><ent r="3" t="27" w="414" /><ent r="3" t="28" w="55" /><ent r="3" t="28" w="76" /><ent r="3" t="28" w="109" /><ent r="3" t="28" w="141" /><ent r="3" t="28" w="182" /><ent r="3" t="28" w="203" /><ent r="3" t="28" w="222" /><ent r="3" t="28" w="240" /><ent r="3" t="28" w="256" /><ent r="3" t="28" w="287" /><ent r="3" t="28" w="298" /><ent r="3" t="28" w="315" /><ent r="3" t="28" w="336" /><ent r="3" t="28" w="343" /><ent r="3" t="28" w="364" /><ent r="3" t="29" w="49" /><ent r="4" t="29" w="84" /><ent r="4" t="29" w="97" /><ent r="4" t="29" w="115" /><ent r="4" t="29" w="131" /><ent r="4" t="29" w="151" /><ent r="3" t="29" w="173" /><ent r="3" t="29" w="202" /><ent r="4" t="29" w="243" /><ent r="4" t="29" w="255" /><ent r="4" t="29" w="294" /><ent r="4" t="29" w="347" /><ent r="4" t="29" w="362" /><ent r="4" t="29" w="378" /><ent r="4" t="29" w="387" /><ent r="4" t="29" w="409" /><ent r="3" t="29" w="493" /><ent r="3" t="29" w="534" /><ent r="3" t="29" w="547" /><ent r="3" t="29" w="605" /><ent r="3" t="29" w="620" /><ent r="3" t="29" w="630" /><ent r="3" t="29" w="748" /><ent r="3" t="29" w="763" /><ent r="4" t="29" w="824" /><ent r="3" t="29" w="846" /><ent r="3" t="29" w="884" /><ent r="3" t="29" w="897" /><ent r="3" t="29" w="953" /><ent r="3" t="29" w="1030" /><ent r="3" t="30" w="45" /><ent r="3" t="30" w="60" /><ent r="3" t="31" w="30" /><ent r="3" t="31" w="37" /><ent r="4" t="31" w="250" /><ent r="4" t="31" w="265" /><ent r="4" t="31" w="303" /><ent r="4" t="31" w="319" /><ent r="3" t="31" w="333" /><ent r="3" t="32" w="19" /><ent r="3" t="32" w="42" /><ent r="3" t="32" w="54" /><ent r="3" t="32" w="77" /><ent r="3" t="32" w="177" /><ent r="3" t="32" w="195" /><ent r="3" t="32" w="215" /><ent r="3" t="32" w="229" /><ent r="3" t="32" w="266" /><ent r="3" t="32" w="286" /><ent r="3" t="32" w="311" /><ent r="3" t="32" w="326" /><ent r="3" t="32" w="1138" /><ent r="3" t="32" w="1155" /><ent r="3" t="32" w="1176" /><ent r="3" t="33" w="32" /><ent r="3" t="33" w="45" /><ent r="3" t="33" w="66" /><ent r="3" t="34" w="37" /><ent r="3" t="34" w="53" /><ent r="3" t="34" w="84" /><ent r="3" t="34" w="100" /><ent r="3" t="34" w="119" /><ent r="3" t="34" w="137" /><ent r="3" t="34" w="161" /><ent r="3" t="34" w="180" /><ent r="4" t="34" w="209" /><ent r="4" t="34" w="226" /><ent r="4" t="34" w="237" /><ent r="4" t="34" w="255" /><ent r="4" t="34" w="302" /><ent r="4" t="34" w="326" /><ent r="4" t="34" w="354" /><ent r="4" t="34" w="366" /><ent r="3" t="34" w="395" /><ent r="3" t="34" w="419" /><ent r="64" t="34" w="435" /><ent r="3" t="34" w="475" /><ent r="3" t="34" w="495" /><ent r="3" t="34" w="510" /><ent r="3" t="34" w="556" /><ent r="3" t="34" w="576" /><ent r="3" t="34" w="591" /><ent r="3" t="34" w="605" /><ent r="3" t="34" w="625" /><ent r="3" t="34" w="636" /><ent r="3" t="34" w="654" /><ent r="3" t="34" w="678" /><ent r="3" t="34" w="690" /><ent r="3" t="34" w="715" /><ent r="3" t="34" w="735" /><ent r="3" t="34" w="754" /><ent r="3" t="34" w="840" /><ent r="3" t="34" w="863" /><ent r="3" t="34" w="882" /><ent r="3" t="34" w="903" /><ent r="3" t="34" w="942" /><ent r="3" t="34" w="956" /><ent r="3" t="34" w="971" /><ent r="3" t="34" w="1025" /><ent r="3" t="34" w="1055" /><ent r="3" t="34" w="1068" /><ent r="3" t="34" w="1086" /><ent r="3" t="34" w="1102" /><ent r="3" t="35" w="45" /><ent r="3" t="35" w="69" /><ent r="3" t="35" w="92" /><ent r="3" t="35" w="120" /><ent r="3" t="35" w="136" /><ent r="3" t="35" w="252" /><ent r="3" t="35" w="273" /><ent r="3" t="35" w="316" /><ent r="4" t="35" w="336" /><ent r="4" t="35" w="355" /><ent r="4" t="35" w="367" /><ent r="4" t="35" w="392" /><ent r="3" t="35" w="445" /><ent r="3" t="35" w="460" /><ent r="3" t="35" w="470" /><ent r="3" t="35" w="480" /><ent r="3" t="35" w="633" /><ent r="3" t="35" w="642" /><ent r="3" t="35" w="646" /><ent r="3" t="35" w="731" /><ent r="3" t="35" w="745" /><ent r="4" t="35" w="780" /><ent r="4" t="35" w="821" /><ent r="4" t="35" w="835" /><ent r="4" t="35" w="860" /><ent r="4" t="35" w="864" /><ent r="3" t="35" w="876" /><ent r="3" t="35" w="889" /><ent r="3" t="35" w="983" /><ent r="3" t="35" w="993" /><ent r="4" t="35" w="1004" /><ent r="3" t="35" w="1046" /><ent r="3" t="35" w="1058" /><ent r="4" t="35" w="1075" /><ent r="4" t="35" w="1111" /><ent r="4" t="35" w="1135" /><ent r="3" t="35" w="1158" /><ent r="4" t="35" w="1177" /><ent r="3" t="35" w="1205" /><ent r="3" t="35" w="1295" /><ent r="4" t="35" w="1326" /><ent r="4" t="35" w="1342" /><ent r="4" t="35" w="1365" /><ent r="3" t="35" w="1402" /><ent r="5" t="35" w="1421" /><ent r="5" t="35" w="1463" /><ent r="3" t="35" w="1486" /><ent r="3" t="35" w="1512" /><ent r="3" t="35" w="1526" /><ent r="3" t="35" w="1543" /><ent r="3" t="35" w="1556" /><ent r="3" t="35" w="1585" /><ent r="3" t="35" w="1609" /><ent r="3" t="35" w="1618" /><ent r="4" t="35" w="1646" /><ent r="4" t="35" w="1657" /><ent r="3" t="35" w="1683" /><ent r="3" t="35" w="1738" /><ent r="3" t="35" w="1745" /><ent r="4" t="35" w="1778" /><ent r="3" t="36" w="40" /><ent r="3" t="36" w="52" /><ent r="3" t="37" w="93" /><ent r="3" t="37" w="123" /><ent r="3" t="37" w="206" /><ent r="3" t="37" w="234" /><ent r="5" t="37" w="254" /><ent r="4" t="37" w="272" /><ent r="5" t="37" w="293" /><ent r="4" t="37" w="318" /><ent r="4" t="37" w="351" /><ent r="4" t="37" w="361" /><ent r="4" t="37" w="414" /><ent r="4" t="37" w="436" /><ent r="4" t="37" w="448" /><ent r="4" t="37" w="465" /><ent r="4" t="37" w="478" /><ent r="3" t="37" w="502" /><ent r="4" t="37" w="534" /><ent r="4" t="37" w="551" /><ent r="4" t="37" w="569" /><ent r="4" t="37" w="582" /><ent r="4" t="37" w="621" /><ent r="4" t="37" w="660" /><ent r="4" t="37" w="699" /><ent r="4" t="37" w="714" /><ent r="4" t="37" w="744" /><ent r="3" t="37" w="756" /><ent r="4" t="37" w="813" /><ent r="4" t="37" w="834" /><ent r="4" t="37" w="881" /><ent r="4" t="37" w="901" /><ent r="4" t="37" w="918" /><ent r="3" t="37" w="955" /><ent r="3" t="37" w="970" /><ent r="3" t="37" w="982" /><ent r="3" t="37" w="1037" /><ent r="3" t="37" w="1053" /><ent r="3" t="37" w="1077" /><ent r="3" t="37" w="1093" /><ent r="3" t="37" w="1105" /><ent r="3" t="37" w="1123" /><ent r="3" t="37" w="1168" /><ent r="3" t="37" w="1188" /><ent r="3" t="37" w="1226" /><ent r="4" t="37" w="1248" /><ent r="3" t="37" w="1272" /><ent r="3" t="37" w="1288" /><ent r="3" t="37" w="1332" /><ent r="3" t="37" w="1356" /><ent r="3" t="37" w="1374" /><ent r="3" t="37" w="1384" /><ent r="3" t="37" w="1398" /><ent r="3" t="37" w="1405" /><ent r="3" t="37" w="1437" /><ent r="3" t="37" w="1452" /><ent r="3" t="37" w="1470" /><ent r="3" t="37" w="1530" /><ent r="3" t="37" w="1547" /><ent r="3" t="37" w="1579" /><ent r="3" t="37" w="1617" /><ent r="3" t="37" w="1622" /><ent r="3" t="37" w="1650" /><ent r="3" t="37" w="1671" /><ent r="3" t="37" w="1710" /><ent r="3" t="37" w="1720" /><ent r="3" t="37" w="1780" /><ent r="3" t="37" w="1817" /><ent r="5" t="37" w="1848" /><ent r="3" t="37" w="1881" /><ent r="4" t="37" w="1895" /><ent r="4" t="37" w="1915" /><ent r="4" t="37" w="1940" /><ent r="4" t="37" w="1957" /><ent r="4" t="37" w="1966" /><ent r="4" t="37" w="1974" /><ent r="3" t="37" w="2002" /><ent r="3" t="37" w="2016" /><ent r="3" t="37" w="2049" /><ent r="3" t="37" w="2067" /><ent r="3" t="37" w="2078" /><ent r="3" t="37" w="2105" /><ent r="3" t="37" w="2123" /><ent r="3" t="37" w="2149" /><ent r="3" t="37" w="2176" /><ent r="4" t="37" w="2202" /><ent r="4" t="37" w="2228" /><ent r="4" t="37" w="2251" /><ent r="4" t="37" w="2277" /><ent r="4" t="37" w="2303" /><ent r="3" t="37" w="2340" /><ent r="3" t="37" w="2375" /><ent r="3" t="37" w="2385" /><ent r="3" t="37" w="2410" /><ent r="3" t="37" w="2427" /><ent r="3" t="37" w="2436" /><ent r="3" t="37" w="2479" /><ent r="3" t="37" w="2493" /><ent r="3" t="37" w="2517" /><ent r="3" t="37" w="2541" /><ent r="3" t="37" w="2552" /><ent r="3" t="37" w="2570" /><ent r="4" t="37" w="2588" /><ent r="4" t="37" w="2634" /><ent r="3" t="37" w="2639" /><ent r="3" t="37" w="2685" /><ent r="4" t="37" w="2716" /><ent r="3" t="37" w="2734" /><ent r="3" t="37" w="2739" /><ent r="3" t="37" w="2784" /><ent r="3" t="37" w="2816" /><ent r="3" t="37" w="2821" /><ent r="3" t="37" w="2854" /><ent r="4" t="37" w="2869" /><ent r="4" t="37" w="2887" /><ent r="3" t="37" w="2892" /><ent r="3" t="37" w="2926" /><ent r="3" t="37" w="2940" /><ent r="3" t="37" w="2955" /><ent r="3" t="37" w="2971" /><ent r="3" t="37" w="2982" /><ent r="3" t="37" w="2991" /><ent r="3" t="37" w="3040" /><ent r="4" t="37" w="3072" /><ent r="3" t="37" w="3077" /><ent r="3" t="37" w="3108" /><ent r="3" t="37" w="3178" /><ent r="3" t="37" w="3197" /><ent r="3" t="37" w="3215" /><ent r="3" t="37" w="3243" /><ent r="3" t="37" w="3273" /><ent r="3" t="37" w="3295" /><ent r="3" t="37" w="3316" /><ent r="3" t="37" w="3353" /><ent r="3" t="37" w="3377" /><ent r="3" t="37" w="3386" /><ent r="3" t="37" w="3397" /><ent r="3" t="37" w="3446" /><ent r="3" t="37" w="3464" /><ent r="3" t="37" w="3495" /><ent r="4" t="37" w="3514" /><ent r="4" t="37" w="3529" /><ent r="3" t="37" w="3557" /><ent r="3" t="37" w="3562" /><ent r="3" t="37" w="3586" /><ent r="3" t="37" w="3590" /><ent r="4" t="37" w="3598" /><ent r="3" t="37" w="3603" /><ent r="3" t="37" w="3628" /><ent r="4" t="37" w="3655" /><ent r="4" t="37" w="3671" /><ent r="3" t="37" w="3676" /><ent r="3" t="37" w="3700" /><ent r="3" t="37" w="3719" /><ent r="3" t="37" w="3742" /><ent r="3" t="37" w="3767" /><ent r="3" t="37" w="3789" /><ent r="3" t="37" w="3809" /><ent r="3" t="37" w="3829" /><ent r="3" t="37" w="3842" /><ent r="3" t="37" w="3862" /><ent r="3" t="37" w="4041" /><ent r="3" t="37" w="4082" /><ent r="3" t="37" w="4097" /><ent r="3" t="37" w="4140" /><ent r="3" t="37" w="4162" /><ent r="3" t="37" w="4190" /><ent r="3" t="37" w="4237" /><ent r="3" t="37" w="4259" /><ent r="3" t="37" w="4277" /><ent r="3" t="37" w="4306" /><ent r="3" t="37" w="4322" /><ent r="3" t="37" w="4354" /><ent r="3" t="37" w="4392" /><ent r="3" t="37" w="4416" /><ent r="3" t="37" w="4427" /><ent r="3" t="37" w="4450" /><ent r="3" t="37" w="4489" /><ent r="3" t="37" w="4517" /><ent r="3" t="37" w="4536" /><ent r="3" t="37" w="4555" /><ent r="3" t="37" w="4591" /><ent r="3" t="37" w="4609" /><ent r="3" t="37" w="4639" /><ent r="3" t="38" w="45" /><ent r="3" t="38" w="50" /><ent r="3" t="38" w="76" /><ent r="3" t="38" w="83" /><ent r="5" t="38" w="116" /><ent r="5" t="38" w="140" /><ent r="3" t="38" w="159" /><ent r="5" t="38" w="172" /><ent r="5" t="38" w="198" /><ent r="3" t="38" w="220" /><ent r="3" t="38" w="238" /><ent r="3" t="38" w="264" /><ent r="3" t="38" w="301" /><ent r="3" t="38" w="320" /><ent r="4" t="38" w="337" /><ent r="4" t="38" w="350" /><ent r="4" t="38" w="360" /><ent r="4" t="38" w="381" /><ent r="4" t="38" w="420" /><ent r="3" t="39" w="81" /><ent r="3" t="39" w="107" /><ent r="3" t="39" w="119" /><ent r="3" t="39" w="206" /><ent r="3" t="39" w="237" /><ent r="3" t="39" w="256" /><ent r="3" t="39" w="292" /><ent r="3" t="39" w="311" /><ent r="3" t="39" w="351" /><ent r="3" t="39" w="370" /><ent r="3" t="39" w="389" /><ent r="3" t="39" w="408" /><ent r="3" t="39" w="425" /><ent r="3" t="39" w="582" /><ent r="3" t="40" w="63" /><ent r="4" t="40" w="145" /><ent r="4" t="40" w="162" /><ent r="4" t="40" w="173" /><ent r="4" t="40" w="191" /><ent r="4" t="40" w="232" /><ent r="4" t="40" w="254" /><ent r="4" t="40" w="270" /><ent r="3" t="40" w="295" /><ent r="3" t="40" w="311" /><ent r="3" t="40" w="337" /><ent r="3" t="40" w="359" /><ent r="3" t="40" w="400" /><ent r="64" t="40" w="413" /><ent r="3" t="40" w="427" /><ent r="3" t="40" w="440" /><ent r="3" t="40" w="462" /><ent r="3" t="40" w="475" /><ent r="3" t="40" w="494" /><ent r="3" t="40" w="510" /><ent r="3" t="40" w="529" /><ent r="3" t="40" w="564" /><ent r="3" t="40" w="575" /><ent r="3" t="40" w="580" /><ent r="3" t="40" w="602" /><ent r="3" t="40" w="637" /><ent r="3" t="40" w="648" /><ent r="4" t="40" w="692" /><ent r="4" t="40" w="708" /><ent r="4" t="40" w="720" /><ent r="4" t="40" w="749" /><ent r="4" t="40" w="785" /><ent r="4" t="40" w="797" /><ent r="4" t="40" w="807" /><ent r="3" t="40" w="872" /><ent r="3" t="40" w="888" /><ent r="3" t="40" w="918" /><ent r="4" t="40" w="952" /><ent r="4" t="40" w="973" /><ent r="4" t="40" w="998" /><ent r="4" t="40" w="1064" /><ent r="4" t="40" w="1079" /><ent r="3" t="40" w="1095" /><ent r="3" t="40" w="1131" /><ent r="3" t="40" w="1193" /><ent r="3" t="40" w="1229" /><ent r="3" t="40" w="1234" /><ent r="3" t="40" w="1258" /><ent r="3" t="40" w="1279" /><ent r="3" t="41" w="33" /><ent r="4" t="41" w="118" /><ent r="4" t="41" w="133" /><ent r="4" t="41" w="151" /><ent r="4" t="41" w="161" /><ent r="4" t="41" w="190" /><ent r="4" t="41" w="208" /><ent r="4" t="41" w="213" /><ent r="4" t="41" w="227" /><ent r="4" t="41" w="241" /><ent r="4" t="41" w="257" /><ent r="4" t="41" w="299" /><ent r="4" t="41" w="312" /><ent r="4" t="41" w="329" /><ent r="4" t="41" w="385" /><ent r="4" t="41" w="393" /><ent r="3" t="41" w="404" /><ent r="3" t="41" w="416" /><ent r="3" t="41" w="434" /><ent r="3" t="41" w="470" /><ent r="3" t="41" w="475" /><ent r="3" t="41" w="490" /><ent r="3" t="41" w="505" /><ent r="3" t="41" w="517" /><ent r="3" t="42" w="41" /><ent r="3" t="42" w="83" /><ent r="3" t="43" w="39" /><ent r="3" t="43" w="64" /><ent r="3" t="43" w="84" /><ent r="3" t="43" w="100" /><ent r="3" t="44" w="34" /><ent r="3" t="44" w="54" /><ent r="3" t="44" w="77" /><ent r="3" t="44" w="89" /><ent r="3" t="44" w="151" /><ent r="3" t="44" w="172" /><ent r="3" t="44" w="196" /><ent r="3" t="44" w="326" /><ent r="3" t="44" w="339" /><ent r="3" t="44" w="359" /><ent r="3" t="44" w="391" /><ent r="3" t="44" w="414" /><ent r="3" t="44" w="428" /><ent r="3" t="44" w="446" /><ent r="3" t="44" w="449" /><ent r="3" t="44" w="501" /><ent r="3" t="44" w="530" /><ent r="3" t="44" w="705" /><ent r="3" t="44" w="708" /><ent r="3" t="44" w="759" /><ent r="3" t="44" w="795" /><ent r="3" t="45" w="30" /><ent r="3" t="45" w="38" /><ent r="3" t="45" w="56" /><ent r="3" t="45" w="96" /><ent r="3" t="45" w="99" /><ent r="3" t="45" w="165" /><ent r="3" t="45" w="236" /><ent r="3" t="45" w="247" /><ent r="3" t="46" w="17" /><ent r="3" t="46" w="32" /><ent r="3" t="46" w="45" /><ent r="3" t="46" w="67" /><ent r="4" t="46" w="169" /><ent r="4" t="46" w="191" /><ent r="3" t="46" w="208" /><ent r="3" t="46" w="219" /><ent r="3" t="46" w="250" /><ent r="3" t="46" w="258" /><ent r="3" t="46" w="261" /><ent r="3" t="46" w="268" /><ent r="3" t="46" w="346" /><ent r="64" t="47" w="42" /><ent r="64" t="47" w="63" /><ent r="3" t="47" w="80" /><ent r="3" t="47" w="98" /><ent r="3" t="47" w="124" /><ent r="3" t="47" w="150" /><ent r="3" t="47" w="188" /><ent r="3" t="47" w="209" /><ent r="3" t="47" w="220" /><ent r="3" t="47" w="230" /><ent r="4" t="47" w="260" /><ent r="4" t="47" w="270" /><ent r="4" t="47" w="296" /><ent r="4" t="47" w="313" /><ent r="4" t="47" w="331" /><ent r="4" t="47" w="346" /><ent r="4" t="47" w="358" /><ent r="3" t="47" w="426" /><ent r="4" t="47" w="454" /><ent r="4" t="47" w="463" /><ent r="6" t="47" w="477" /><ent r="4" t="47" w="489" /><ent r="4" t="47" w="508" /><ent r="4" t="47" w="526" /><ent r="4" t="47" w="562" /><ent r="3" t="47" w="614" /><ent r="3" t="47" w="694" /><ent r="3" t="47" w="711" /><ent r="3" t="47" w="722" /><ent r="4" t="47" w="761" /><ent r="4" t="47" w="780" /><ent r="4" t="47" w="798" /><ent r="4" t="47" w="830" /><ent r="4" t="47" w="859" /><ent r="4" t="47" w="885" /><ent r="4" t="47" w="891" /><ent r="4" t="47" w="905" /><ent r="3" t="48" w="25" /><ent r="3" t="48" w="28" /><ent r="3" t="48" w="73" /><ent r="3" t="48" w="89" /><ent r="3" t="48" w="105" /><ent r="3" t="48" w="125" /><ent r="3" t="48" w="147" /><ent r="3" t="48" w="164" /><ent r="3" t="48" w="175" /><ent r="3" t="49" w="22" /><ent r="3" t="49" w="43" /><ent r="4" t="49" w="73" /><ent r="4" t="49" w="116" /><ent r="3" t="49" w="148" /><ent r="4" t="49" w="202" /><ent r="4" t="49" w="246" /><ent r="4" t="49" w="269" /><ent r="4" t="49" w="283" /><ent r="4" t="49" w="298" /><ent r="4" t="49" w="313" /><ent r="4" t="49" w="346" /><ent r="4" t="49" w="361" /><ent r="4" t="49" w="372" /><ent r="4" t="49" w="387" /><ent r="4" t="49" w="403" /><ent r="4" t="49" w="426" /><ent r="4" t="49" w="441" /><ent r="3" t="49" w="474" /><ent r="3" t="49" w="497" /><ent r="3" t="49" w="509" /><ent r="3" t="49" w="562" /><ent r="3" t="49" w="703" /><ent r="3" t="49" w="844" /><ent r="3" t="49" w="865" /><ent r="3" t="49" w="964" /><ent r="3" t="49" w="973" /><ent r="3" t="50" w="19" /><ent r="3" t="50" w="30" /><ent r="4" t="50" w="64" /><ent r="4" t="50" w="93" /><ent r="4" t="50" w="97" /><ent r="4" t="50" w="110" /><ent r="4" t="50" w="129" /><ent r="4" t="50" w="143" /><ent r="4" t="50" w="166" /><ent r="4" t="50" w="185" /><ent r="4" t="50" w="195" /><ent r="4" t="50" w="206" /><ent r="4" t="50" w="213" /><ent r="4" t="50" w="223" /><ent r="4" t="50" w="256" /><ent r="4" t="50" w="267" /><ent r="4" t="50" w="271" /><ent r="4" t="50" w="303" /><ent r="3" t="51" w="32" /><ent r="3" t="51" w="48" /><ent r="3" t="51" w="68" /><ent r="3" t="51" w="134" /><ent r="3" t="52" w="30" /><ent r="3" t="52" w="48" /><ent r="3" t="52" w="74" /><ent r="3" t="52" w="98" /><ent r="3" t="52" w="122" /><ent r="3" t="53" w="19" /><ent r="3" t="53" w="38" /><ent r="3" t="53" w="53" /><ent r="3" t="53" w="73" /><ent r="3" t="53" w="93" /><ent r="3" t="53" w="116" /><ent r="3" t="53" w="127" /><ent r="3" t="54" w="30" /><ent r="3" t="54" w="35" /><ent r="3" t="54" w="62" /><ent r="3" t="54" w="75" /><ent r="93" t="54" w="202" /><ent r="3" t="54" w="220" /><ent r="4" t="54" w="244" /><ent r="3" t="54" w="266" /><ent r="93" t="54" w="286" /><ent r="3" t="54" w="306" /><ent r="3" t="54" w="403" /><ent r="3" t="54" w="418" /><ent r="3" t="54" w="436" /><ent r="93" t="54" w="452" /><ent r="3" t="54" w="470" /><ent r="3" t="54" w="482" /><ent r="3" t="54" w="541" /><ent r="3" t="54" w="562" /><ent r="3" t="54" w="570" /><ent r="3" t="54" w="588" /><ent r="3" t="55" w="67" /><ent r="3" t="55" w="75" /><ent r="3" t="55" w="91" /><ent r="3" t="55" w="108" /><ent r="4" t="55" w="263" /><ent r="4" t="55" w="274" /><ent r="3" t="55" w="369" /><ent r="3" t="55" w="382" /><ent r="3" t="55" w="410" /><ent r="3" t="55" w="434" /><ent r="4" t="55" w="732" /><ent r="4" t="55" w="742" /><ent r="4" t="55" w="795" /><ent r="4" t="55" w="806" /><ent r="3" t="55" w="1160" /><ent r="4" t="55" w="1227" /><ent r="4" t="55" w="1256" /><ent r="3" t="55" w="1279" /><ent r="3" t="55" w="1293" /><ent r="3" t="56" w="35" /><ent r="3" t="56" w="46" /><ent r="3" t="56" w="63" /><ent r="3" t="56" w="79" /><ent r="3" t="56" w="128" /><ent r="3" t="56" w="147" /><ent r="3" t="56" w="278" /><ent r="3" t="56" w="453" /><ent r="3" t="56" w="713" /><ent r="3" t="56" w="731" /><ent r="4" t="56" w="761" /><ent r="4" t="56" w="771" /><ent r="4" t="56" w="775" /><ent r="4" t="56" w="788" /><ent r="4" t="56" w="812" /><ent r="3" t="57" w="53" /><ent r="4" t="57" w="77" /><ent r="4" t="57" w="102" /><ent r="4" t="57" w="114" /><ent r="4" t="57" w="126" /><ent r="3" t="57" w="139" /><ent r="3" t="57" w="154" /><ent r="3" t="57" w="181" /><ent r="3" t="57" w="194" /><ent r="3" t="57" w="209" /><ent r="3" t="57" w="221" /><ent r="3" t="58" w="25" /><ent r="3" t="58" w="135" /><ent r="3" t="58" w="160" /><ent r="3" t="58" w="227" /><ent r="3" t="58" w="252" /><ent r="3" t="58" w="354" /><ent r="3" t="58" w="390" /><ent r="3" t="58" w="453" /><ent r="3" t="58" w="467" /><ent r="3" t="59" w="61" /><ent r="3" t="59" w="100" /><ent r="3" t="59" w="176" /><ent r="3" t="59" w="213" /><ent r="3" t="59" w="238" /><ent r="3" t="59" w="272" /><ent r="3" t="59" w="299" /><ent r="3" t="59" w="323" /><ent r="3" t="59" w="343" /><ent r="3" t="59" w="361" /><ent r="3" t="59" w="385" /><ent r="4" t="60" w="50" /><ent r="4" t="60" w="62" /><ent r="4" t="60" w="127" /><ent r="3" t="61" w="57" /><ent r="3" t="61" w="81" /><ent r="3" t="61" w="127" /><ent r="3" t="61" w="153" /><ent r="3" t="61" w="259" /><ent r="3" t="61" w="262" /><ent r="3" t="61" w="337" /><ent r="4" t="61" w="414" /><ent r="4" t="61" w="434" /><ent r="4" t="61" w="458" /><ent r="3" t="61" w="545" /><ent r="3" t="61" w="1166" /><ent r="3" t="62" w="39" /><ent r="3" t="62" w="68" /><ent r="3" t="62" w="86" /><ent r="3" t="62" w="133" /><ent r="3" t="62" w="154" /><ent r="3" t="64" w="22" /><ent r="3" t="64" w="41" /><ent r="3" t="64" w="54" /><ent r="3" t="64" w="66" /><ent r="3" t="64" w="86" /><ent r="3" t="64" w="103" /><ent r="3" t="64" w="113" /><ent r="3" t="64" w="132" /><ent r="3" t="64" w="181" /><ent r="3" t="64" w="215" /><ent r="3" t="64" w="240" /><ent r="3" t="64" w="310" /><ent r="3" t="64" w="340" /><ent r="3" t="64" w="367" /><ent r="3" t="65" w="42" /><ent r="3" t="65" w="68" /><ent r="3" t="65" w="85" /><ent r="3" t="65" w="107" /><ent r="3" t="65" w="122" /><ent r="3" t="65" w="133" /><ent r="4" t="65" w="207" /><ent r="4" t="65" w="228" /><ent r="4" t="65" w="247" /><ent r="4" t="65" w="261" /><ent r="3" t="65" w="273" /><ent r="3" t="65" w="281" /><ent r="3" t="65" w="293" /><ent r="3" t="65" w="334" /><ent r="4" t="65" w="376" /><ent r="4" t="65" w="382" /><ent r="4" t="65" w="390" /><ent r="4" t="65" w="396" /><ent r="3" t="66" w="30" /><ent r="3" t="66" w="45" /><ent r="3" t="66" w="54" /><ent r="4" t="66" w="85" /><ent r="4" t="66" w="112" /><ent r="4" t="66" w="135" /><ent r="4" t="66" w="153" /><ent r="4" t="66" w="177" /><ent r="3" t="66" w="217" /><ent r="3" t="66" w="240" /><ent r="3" t="66" w="272" /><ent r="4" t="66" w="289" /><ent r="4" t="66" w="309" /><ent r="4" t="66" w="329" /><ent r="4" t="66" w="345" /><ent r="3" t="66" w="427" /><ent r="3" t="66" w="435" /><ent r="3" t="66" w="482" /><ent r="3" t="66" w="503" /><ent r="3" t="66" w="523" /><ent r="3" t="66" w="538" /><ent r="4" t="66" w="564" /><ent r="4" t="66" w="579" /><ent r="4" t="66" w="593" /><ent r="4" t="66" w="607" /><ent r="4" t="66" w="621" /><ent r="4" t="66" w="633" /><ent r="3" t="66" w="661" /><ent r="3" t="66" w="677" /><ent r="3" t="66" w="692" /><ent r="3" t="67" w="35" /><ent r="3" t="67" w="51" /><ent r="3" t="67" w="72" /><ent r="4" t="67" w="186" /><ent r="4" t="67" w="211" /><ent r="4" t="67" w="248" /><ent r="3" t="68" w="28" /><ent r="4" t="68" w="38" /><ent r="3" t="68" w="55" /><ent r="6" t="68" w="85" /><ent r="6" t="68" w="113" /><ent r="6" t="68" w="149" /><ent r="6" t="68" w="164" /><ent r="6" t="68" w="180" /><ent r="6" t="68" w="193" /><ent r="6" t="68" w="211" /><ent r="6" t="68" w="248" /><ent r="6" t="68" w="274" /><ent r="6" t="68" w="296" /><ent r="6" t="68" w="320" /><ent r="6" t="68" w="333" /><ent r="6" t="68" w="396" /><ent r="7" t="68" w="425" /><ent r="7" t="68" w="453" /><ent r="7" t="68" w="487" /><ent r="7" t="68" w="529" /><ent r="7" t="68" w="554" /><ent r="7" t="68" w="598" /><ent r="6" t="68" w="611" /><ent r="6" t="68" w="620" /><ent r="6" t="68" w="632" /><ent r="6" t="68" w="651" /><ent r="6" t="68" w="682" /><ent r="6" t="68" w="703" /><ent r="6" t="68" w="731" /><ent r="6" t="68" w="754" /><ent r="6" t="68" w="801" /><ent r="6" t="68" w="822" /><ent r="3" t="69" w="84" /><ent r="3" t="69" w="102" /><ent r="3" t="69" w="179" /><ent r="4" t="69" w="242" /><ent r="3" t="70" w="27" /><ent r="3" t="70" w="60" /><ent r="3" t="70" w="130" /><ent r="6" t="70" w="156" /><ent r="6" t="70" w="164" /><ent r="3" t="70" w="206" /><ent r="3" t="70" w="219" /><ent r="3" t="70" w="239" /><ent r="6" t="70" w="264" /><ent r="6" t="70" w="289" /><ent r="6" t="70" w="303" /><ent r="7" t="70" w="319" /><ent r="7" t="70" w="333" /><ent r="7" t="70" w="342" /><ent r="6" t="70" w="370" /><ent r="6" t="70" w="383" /><ent r="6" t="70" w="402" /><ent r="6" t="70" w="425" /><ent r="6" t="70" w="442" /><ent r="6" t="70" w="459" /><ent r="6" t="70" w="477" /><ent r="6" t="70" w="506" /><ent r="6" t="70" w="521" /><ent r="6" t="70" w="533" /><ent r="6" t="70" w="548" /><ent r="6" t="70" w="566" /><ent r="6" t="70" w="584" /><ent r="6" t="70" w="628" /><ent r="6" t="70" w="645" /><ent r="6" t="70" w="668" /><ent r="6" t="70" w="684" /><ent r="6" t="70" w="697" /><ent r="6" t="70" w="714" /><ent r="6" t="70" w="734" /><ent r="6" t="70" w="753" /><ent r="6" t="70" w="766" /><ent r="6" t="70" w="779" /><ent r="6" t="70" w="790" /><ent r="6" t="70" w="797" /><ent r="6" t="70" w="804" /><ent r="6" t="70" w="828" /><ent r="6" t="70" w="848" /><ent r="6" t="70" w="865" /><ent r="6" t="70" w="876" /><ent r="6" t="70" w="893" /><ent r="6" t="70" w="905" /><ent r="6" t="70" w="930" /><ent r="6" t="70" w="956" /><ent r="6" t="70" w="983" /><ent r="6" t="70" w="998" /><ent r="6" t="70" w="1016" /><ent r="6" t="70" w="1035" /><ent r="6" t="70" w="1057" /><ent r="6" t="70" w="1069" /><ent r="6" t="70" w="1085" /><ent r="6" t="70" w="1088" /><ent r="6" t="70" w="1118" /><ent r="6" t="70" w="1127" /><ent r="6" t="70" w="1142" /><ent r="6" t="70" w="1148" /><ent r="6" t="70" w="1182" /><ent r="6" t="70" w="1222" /><ent r="6" t="70" w="1240" /><ent r="6" t="70" w="1255" /><ent r="6" t="70" w="1273" /><ent r="6" t="70" w="1294" /><ent r="6" t="70" w="1323" /><ent r="6" t="70" w="1339" /><ent r="6" t="70" w="1391" /><ent r="6" t="70" w="1408" /><ent r="6" t="70" w="1431" /><ent r="6" t="70" w="1442" /><ent r="6" t="70" w="1483" /><ent r="6" t="70" w="1495" /><ent r="6" t="70" w="1548" /><ent r="4" t="70" w="1595" /><ent r="4" t="70" w="1608" /><ent r="3" t="70" w="1633" /><ent r="3" t="70" w="1645" /><ent r="6" t="70" w="1664" /><ent r="6" t="70" w="1698" /><ent r="6" t="70" w="1707" /><ent r="6" t="70" w="1728" /><ent r="5" t="70" w="1747" /><ent r="5" t="70" w="1756" /><ent r="3" t="70" w="1804" /><ent r="3" t="70" w="1810" /><ent r="6" t="70" w="1863" /><ent r="6" t="70" w="1905" /><ent r="6" t="70" w="2016" /><ent r="6" t="70" w="2035" /><ent r="6" t="70" w="2103" /><ent r="6" t="70" w="2192" /><ent r="6" t="70" w="2227" /><ent r="6" t="70" w="2254" /><ent r="6" t="70" w="2272" /><ent r="6" t="70" w="2297" /><ent r="6" t="70" w="2311" /><ent r="6" t="70" w="2323" /><ent r="6" t="70" w="2337" /><ent r="6" t="70" w="2352" /><ent r="6" t="70" w="2367" /><ent r="6" t="70" w="2385" /><ent r="6" t="70" w="2398" /><ent r="6" t="70" w="2458" /><ent r="6" t="70" w="2468" /><ent r="3" t="71" w="47" /><ent r="3" t="71" w="74" /><ent r="3" t="71" w="113" /><ent r="3" t="71" w="128" /><ent r="3" t="71" w="188" /><ent r="3" t="71" w="229" /><ent r="3" t="71" w="249" /><ent r="3" t="71" w="268" /><ent r="3" t="71" w="325" /><ent r="3" t="71" w="400" /><ent r="3" t="72" w="44" /><ent r="4" t="72" w="72" /><ent r="3" t="73" w="39" /><ent r="3" t="73" w="46" /><ent r="3" t="74" w="42" /><ent r="3" t="74" w="57" /><ent r="3" t="74" w="111" /><ent r="3" t="75" w="19" /><ent r="3" t="76" w="19" /><ent r="3" t="77" w="28" /><ent r="3" t="77" w="45" /><ent r="3" t="77" w="57" /><ent r="4" t="77" w="78" /><ent r="4" t="77" w="101" /><ent r="4" t="77" w="124" /><ent r="4" t="77" w="249" /><ent r="3" t="78" w="41" /><ent r="4" t="78" w="70" /><ent r="4" t="78" w="106" /><ent r="4" t="78" w="136" /><ent r="4" t="78" w="143" /><ent r="3" t="78" w="192" /><ent r="3" t="78" w="212" /></phr></stem></index>