<?xml version="1.0" encoding="utf-8"?><index><stem n="meteorolog"><phr n="meteorological"><ent r="3" t="49" w="132" /></phr></stem><stem n="xml"><phr n="XML"><ent r="3" t="49" w="142" /><ent r="4" t="49" w="418" /><ent r="3" t="49" w="486" /><ent r="3" t="49" w="680" /><ent r="3" t="49" w="685" /><ent r="3" t="49" w="1013" /><ent r="4" t="59" w="146" /></phr><phr n="xml"><ent r="5" t="49" w="410" /><ent r="3" t="49" w="575" /><ent r="3" t="49" w="582" /><ent r="3" t="49" w="693" /><ent r="3" t="49" w="697" /><ent r="3" t="49" w="722" /><ent r="3" t="49" w="793" /><ent r="3" t="49" w="797" /><ent r="3" t="49" w="989" /><ent r="64" t="49" w="998" /><ent r="64" t="49" w="1022" /><ent r="4" t="59" w="142" /></phr></stem><stem n="(there'"><phr n="(There's"><ent r="3" t="49" w="149" /></phr></stem><stem n="there'"><phr n="There's"><ent r="3" t="49" w="149" /><ent r="3" t="49" w="148" /></phr></stem><stem n="you'r"><phr n="you're"><ent r="4" t="49" w="200" /><ent r="4" t="49" w="199" /></phr></stem><stem n="&quot;${python}"><phr n="&quot;${PYTHON}"><ent r="5" t="49" w="213" /></phr></stem><stem n="program.pi"><phr n="program.py"><ent r="5" t="49" w="214" /><ent r="5" t="49" w="213" /></phr></stem><stem n="linux/unix"><phr n="Linux/Unix"><ent r="4" t="49" w="231" /><ent r="4" t="49" w="230" /></phr></stem><stem n="linux/unix."><phr n="Linux/Unix."><ent r="4" t="49" w="231" /><ent r="4" t="49" w="230" /></phr></stem><stem n="/unix."><phr n="/Unix."><ent r="4" t="49" w="232" /></phr></stem><stem n="(imdc)"><phr n="(IMDC)"><ent r="4" t="49" w="243" /></phr></stem><stem n=".2"><phr n=".2"><ent r="4" t="49" w="254" /></phr></stem><stem n="5.2"><phr n="5.2"><ent r="4" t="49" w="254" /><ent r="4" t="49" w="253" /></phr></stem><stem n="sync"><phr n="sync"><ent r="4" t="49" w="297" /></phr></stem><stem n=":program-name&gt;"><phr n=":program-name&gt;"><ent r="5" t="49" w="305" /></phr></stem><stem n="program-name&gt;"><phr n="program-name&gt;"><ent r="5" t="49" w="305" /></phr></stem><stem n="noaa-weath"><phr n="noaa-weather"><ent r="4" t="49" w="320" /><ent r="3" t="49" w="602" /><ent r="3" t="49" w="671" /><ent r="3" t="49" w="675" /><ent r="3" t="49" w="941" /></phr></stem><stem n="noaa-weather.pi"><phr n="noaa-weather.py"><ent r="4" t="49" w="322" /><ent r="4" t="49" w="321" /><ent r="3" t="49" w="604" /><ent r="3" t="49" w="603" /><ent r="3" t="49" w="677" /><ent r="3" t="49" w="676" /></phr></stem><stem n="noaa-weather.py."><phr n="noaa-weather.py."><ent r="4" t="49" w="322" /><ent r="4" t="49" w="321" /></phr></stem><stem n="-weather.py."><phr n="-weather.py."><ent r="4" t="49" w="323" /><ent r="4" t="49" w="323" /></phr></stem><stem n="&lt;tools&gt;"><phr n="&lt;tools&gt;"><ent r="5" t="49" w="350" /></phr></stem><stem n="privat"><phr n="private"><ent r="4" t="49" w="356" /></phr></stem><stem n="coupl"><phr n="couple"><ent r="4" t="49" w="368" /></phr></stem><stem n="urllib2"><phr n="urllib2"><ent r="5" t="49" w="375" /><ent r="3" t="49" w="718" /><ent r="3" t="49" w="811" /><ent r="3" t="49" w="815" /><ent r="3" t="49" w="979" /><ent r="64" t="49" w="986" /></phr></stem><stem n="few"><phr n="few"><ent r="4" t="49" w="390" /></phr></stem><stem n="xml.dom"><phr n="xml.dom"><ent r="5" t="49" w="411" /><ent r="5" t="49" w="410" /><ent r="3" t="49" w="723" /><ent r="3" t="49" w="722" /><ent r="3" t="49" w="990" /><ent r="3" t="49" w="989" /></phr></stem><stem n="dom"><phr n="dom"><ent r="5" t="49" w="411" /><ent r="3" t="49" w="723" /><ent r="3" t="49" w="990" /><ent r="64" t="49" w="999" /></phr></stem><stem n=".dom.minidom"><phr n=".dom.minidom"><ent r="5" t="49" w="412" /><ent r="3" t="49" w="991" /></phr></stem><stem n="xml.dom.minidom"><phr n="xml.dom.minidom"><ent r="5" t="49" w="412" /><ent r="5" t="49" w="410" /><ent r="3" t="49" w="991" /><ent r="3" t="49" w="989" /></phr></stem><stem n="minidom"><phr n="minidom"><ent r="5" t="49" w="412" /><ent r="3" t="49" w="725" /><ent r="3" t="49" w="898" /><ent r="3" t="49" w="991" /><ent r="64" t="49" w="1000" /></phr></stem><stem n="particularli"><phr n="particularly"><ent r="4" t="49" w="429" /></phr></stem><stem n="-explain"><phr n="-explained"><ent r="4" t="49" w="430" /><ent r="4" t="49" w="430" /></phr></stem><stem n="well-explain"><phr n="well-explained"><ent r="4" t="49" w="430" /></phr></stem><stem n="chapter"><phr n="Chapter"><ent r="4" t="49" w="433" /></phr><phr n="chapter"><ent r="3" t="49" w="1011" /></phr></stem><stem n="dive"><phr n="Dive"><ent r="5" t="49" w="437" /><ent r="4" t="49" w="1004" /></phr></stem><stem n="editor"><phr n="editor"><ent r="3" t="49" w="460" /><ent r="3" t="65" w="280" /></phr></stem><stem n="file-&gt;import"><phr n="File-&gt;Import"><ent r="3" t="49" w="469" /></phr></stem><stem n="file-&gt;import-&gt;prob"><phr n="File-&gt;Import-&gt;Probe"><ent r="3" t="49" w="469" /></phr></stem><stem n="&gt;import"><phr n="&gt;Import"><ent r="3" t="49" w="470" /></phr></stem><stem n="&gt;import-&gt;prob"><phr n="&gt;Import-&gt;Probe"><ent r="3" t="49" w="470" /></phr></stem><stem n="&gt;probe"><phr n="&gt;Probe"><ent r="3" t="49" w="471" /></phr></stem><stem n="-&gt;import-&gt;probe..."><phr n="-&gt;Import-&gt;Probe..."><ent r="3" t="49" w="472" /><ent r="3" t="49" w="473" /></phr></stem><stem n="com.dartware.tool.noaa"><phr n="com.dartware.tool.noaa"><ent r="3" t="49" w="490" /><ent r="3" t="49" w="487" /></phr></stem><stem n="com.dartware.tool.noaa.txt"><phr n="com.dartware.tool.noaa.txt"><ent r="3" t="49" w="491" /><ent r="3" t="49" w="487" /></phr></stem><stem n="(com.dartware.tool.noaa.txt)"><phr n="(com.dartware.tool.noaa.txt)"><ent r="3" t="49" w="492" /></phr></stem><stem n="tool.noaa"><phr n="tool.noaa"><ent r="3" t="49" w="521" /><ent r="3" t="49" w="520" /></phr></stem><stem n="&quot;tool.noaa&quot;"><phr n="&quot;tool.noaa&quot;"><ent r="3" t="49" w="522" /></phr></stem><stem n="&quot;weather"><phr n="&quot;Weather"><ent r="3" t="49" w="524" /><ent r="3" t="49" w="590" /></phr></stem><stem n="service-temperatur"><phr n="Service-Temperature"><ent r="3" t="49" w="525" /></phr></stem><stem n="-temperature&quot;"><phr n="-Temperature&quot;"><ent r="3" t="49" w="527" /><ent r="3" t="49" w="527" /></phr></stem><stem n="&quot;miscellaneous/test/weath"><phr n="&quot;Miscellaneous/Test/Weather"><ent r="3" t="49" w="537" /></phr></stem><stem n="miscellaneous/test/weath"><phr n="Miscellaneous/Test/Weather"><ent r="3" t="49" w="537" /><ent r="3" t="49" w="535" /></phr></stem><stem n="-temp&quot;"><phr n="-Temp&quot;"><ent r="3" t="49" w="540" /><ent r="3" t="49" w="540" /></phr></stem><stem n="\gb\retriev"><phr n="\GB\Retrieve"><ent r="3" t="49" w="545" /></phr></stem><stem n="u4"><phr n="u4"><ent r="3" t="49" w="570" /></phr></stem><stem n="www.weather"><phr n="www.weather"><ent r="3" t="49" w="573" /><ent r="3" t="49" w="572" /><ent r="3" t="49" w="580" /><ent r="3" t="49" w="579" /><ent r="3" t="49" w="691" /><ent r="3" t="49" w="690" /><ent r="3" t="49" w="791" /><ent r="3" t="49" w="790" /></phr></stem><stem n="www.weather.gov"><phr n="www.weather.gov"><ent r="3" t="49" w="574" /><ent r="3" t="49" w="572" /><ent r="3" t="49" w="581" /><ent r="3" t="49" w="579" /><ent r="3" t="49" w="692" /><ent r="3" t="49" w="690" /><ent r="3" t="49" w="792" /><ent r="3" t="49" w="790" /></phr></stem><stem n="gov"><phr n="gov"><ent r="3" t="49" w="574" /><ent r="3" t="49" w="581" /><ent r="3" t="49" w="692" /><ent r="3" t="49" w="792" /></phr></stem><stem n="www.weather.gov/xml"><phr n="www.weather.gov/xml"><ent r="3" t="49" w="575" /><ent r="3" t="49" w="572" /><ent r="3" t="49" w="582" /><ent r="3" t="49" w="579" /><ent r="3" t="49" w="693" /><ent r="3" t="49" w="690" /><ent r="3" t="49" w="793" /><ent r="3" t="49" w="790" /></phr></stem><stem n="www.weather.gov/xml/curr"><phr n="www.weather.gov/xml/current"><ent r="3" t="49" w="576" /><ent r="3" t="49" w="572" /><ent r="3" t="49" w="583" /><ent r="3" t="49" w="579" /><ent r="3" t="49" w="694" /><ent r="3" t="49" w="690" /><ent r="3" t="49" w="794" /><ent r="3" t="49" w="790" /></phr></stem><stem n="www.weather.gov/xml/current_ob"><phr n="www.weather.gov/xml/current_obs"><ent r="3" t="49" w="577" /><ent r="3" t="49" w="572" /><ent r="3" t="49" w="584" /><ent r="3" t="49" w="579" /><ent r="3" t="49" w="695" /><ent r="3" t="49" w="690" /><ent r="3" t="49" w="795" /><ent r="3" t="49" w="790" /></phr></stem><stem n="ob"><phr n="obs"><ent r="3" t="49" w="577" /><ent r="3" t="49" w="584" /><ent r="3" t="49" w="695" /><ent r="3" t="49" w="795" /></phr></stem><stem n="www.weather.gov/xml/current_obs/"><phr n="www.weather.gov/xml/current_obs/"><ent r="3" t="49" w="577" /><ent r="3" t="49" w="572" /><ent r="3" t="49" w="584" /><ent r="3" t="49" w="579" /><ent r="3" t="49" w="795" /><ent r="3" t="49" w="790" /></phr></stem><stem n="\u4=http://www.weather.gov/xml/current_obs/\http://www.weather.gov/xml/current_obs/\p0\"><phr n="\u4=http://www.weather.gov/xml/current_obs/\http://www.weather.gov/xml/current_obs/\p0\"><ent r="3" t="49" w="586" /></phr></stem><stem n="&quot;kleb&quot;"><phr n="&quot;KLEB&quot;"><ent r="3" t="49" w="593" /></phr></stem><stem n="-weather.py&quot;"><phr n="-weather.py&quot;"><ent r="3" t="49" w="605" /><ent r="3" t="49" w="605" /></phr></stem><stem n="=&quot;${weather"><phr n="=&quot;${Weather"><ent r="3" t="49" w="607" /></phr></stem><stem n="$loc"><phr n="$loc"><ent r="3" t="49" w="658" /><ent r="3" t="49" w="875" /><ent r="3" t="49" w="925" /></phr></stem><stem n="\3g\degre"><phr n="\3g\degrees"><ent r="3" t="49" w="663" /></phr></stem><stem n=":noaa-weather.py&gt;"><phr n=":noaa-weather.py&gt;"><ent r="3" t="49" w="673" /></phr></stem><stem n="noaa-weather.py&gt;"><phr n="noaa-weather.py&gt;"><ent r="3" t="49" w="673" /><ent r="3" t="49" w="672" /><ent r="3" t="49" w="943" /><ent r="3" t="49" w="942" /></phr></stem><stem n="-weather.pi"><phr n="-weather.py"><ent r="3" t="49" w="677" /><ent r="3" t="49" w="677" /></phr></stem><stem n="noaa'"><phr n="NOAA's"><ent r="3" t="49" w="684" /><ent r="3" t="49" w="683" /></phr></stem><stem n=".g.,"><phr n=".g.,"><ent r="3" t="49" w="689" /></phr></stem><stem n="www.weather.gov/xml/current_obs/kleb"><phr n="www.weather.gov/xml/current_obs/KLEB"><ent r="3" t="49" w="696" /><ent r="3" t="49" w="690" /></phr></stem><stem n="://www.weather.gov/xml/current_obs/kleb.xml"><phr n="://www.weather.gov/xml/current_obs/KLEB.xml"><ent r="3" t="49" w="697" /></phr></stem><stem n="www.weather.gov/xml/current_obs/kleb.xml"><phr n="www.weather.gov/xml/current_obs/KLEB.xml"><ent r="3" t="49" w="697" /><ent r="3" t="49" w="690" /></phr></stem><stem n="-relat"><phr n="-related"><ent r="3" t="49" w="700" /><ent r="3" t="49" w="700" /><ent r="6" t="70" w="590" /><ent r="6" t="70" w="590" /></phr></stem><stem n="weather-rel"><phr n="weather-related"><ent r="3" t="49" w="700" /></phr></stem><stem n="urllib"><phr n="urllib"><ent r="3" t="49" w="716" /><ent r="3" t="49" w="800" /><ent r="3" t="60" w="226" /></phr></stem><stem n="htmllib"><phr n="htmllib"><ent r="3" t="49" w="720" /></phr></stem><stem n=".dom"><phr n=".dom"><ent r="3" t="49" w="723" /></phr></stem><stem n="httplib"><phr n="httplib"><ent r="3" t="49" w="727" /></phr></stem><stem n="httplib.httpconnect"><phr n="httplib.HTTPConnection"><ent r="3" t="49" w="728" /><ent r="3" t="49" w="727" /></phr></stem><stem n="httpconnect"><phr n="HTTPConnection"><ent r="3" t="49" w="728" /></phr></stem><stem n=".httpconnection.debuglevel"><phr n=".HTTPConnection.debuglevel"><ent r="3" t="49" w="729" /></phr></stem><stem n="httplib.httpconnection.debuglevel"><phr n="httplib.HTTPConnection.debuglevel"><ent r="3" t="49" w="729" /><ent r="3" t="49" w="727" /></phr></stem><stem n="debuglevel"><phr n="debuglevel"><ent r="3" t="49" w="729" /></phr></stem><stem n="...."><phr n="...."><ent r="3" t="49" w="733" /></phr></stem><stem n="[0]"><phr n="[0]"><ent r="3" t="49" w="759" /><ent r="3" t="49" w="909" /></phr></stem><stem n="userag"><phr n="userAgent"><ent r="3" t="49" w="759" /><ent r="3" t="49" w="823" /></phr></stem><stem n="mozilla"><phr n="Mozilla"><ent r="3" t="49" w="760" /></phr></stem><stem n="mozilla/5"><phr n="Mozilla/5"><ent r="3" t="49" w="761" /><ent r="3" t="49" w="760" /></phr></stem><stem n="&quot;mozilla/5.0"><phr n="&quot;Mozilla/5.0"><ent r="3" t="49" w="762" /></phr></stem><stem n="mozilla/5.0"><phr n="Mozilla/5.0"><ent r="3" t="49" w="762" /><ent r="3" t="49" w="760" /></phr></stem><stem n="(macintosh;"><phr n="(Macintosh;"><ent r="3" t="49" w="764" /></phr></stem><stem n="intel"><phr n="Intel"><ent r="3" t="49" w="765" /></phr></stem><stem n="10_5"><phr n="10_5"><ent r="3" t="49" w="770" /><ent r="3" t="49" w="769" /></phr></stem><stem n="10_5_5"><phr n="10_5_5"><ent r="3" t="49" w="771" /><ent r="3" t="49" w="769" /></phr></stem><stem n="_5_5;"><phr n="_5_5;"><ent r="3" t="49" w="772" /></phr></stem><stem n="en"><phr n="en"><ent r="3" t="49" w="772" /></phr><phr n="EN"><ent r="3" t="67" w="107" /></phr></stem><stem n="en-u"><phr n="en-us"><ent r="3" t="49" w="772" /></phr></stem><stem n="-us)"><phr n="-us)"><ent r="3" t="49" w="774" /><ent r="3" t="49" w="774" /></phr></stem><stem n="applewebkit"><phr n="AppleWebKit"><ent r="3" t="49" w="774" /></phr></stem><stem n="applewebkit/525"><phr n="AppleWebKit/525"><ent r="3" t="49" w="775" /><ent r="3" t="49" w="774" /></phr></stem><stem n="525"><phr n="525"><ent r="3" t="49" w="775" /><ent r="3" t="49" w="785" /></phr></stem><stem n="/525.18"><phr n="/525.18"><ent r="3" t="49" w="776" /></phr></stem><stem n="applewebkit/525.18"><phr n="AppleWebKit/525.18"><ent r="3" t="49" w="776" /><ent r="3" t="49" w="774" /></phr></stem><stem n="khtml"><phr n="KHTML"><ent r="3" t="49" w="777" /></phr></stem><stem n="(khtml,"><phr n="(KHTML,"><ent r="3" t="49" w="778" /></phr></stem><stem n="gecko"><phr n="Gecko"><ent r="3" t="49" w="779" /></phr></stem><stem n="version/3"><phr n="Version/3"><ent r="3" t="49" w="781" /><ent r="3" t="49" w="780" /></phr></stem><stem n="version/3.1"><phr n="Version/3.1"><ent r="3" t="49" w="782" /><ent r="3" t="49" w="780" /></phr></stem><stem n="/3.1.2"><phr n="/3.1.2"><ent r="3" t="49" w="783" /></phr></stem><stem n="version/3.1.2"><phr n="Version/3.1.2"><ent r="3" t="49" w="783" /><ent r="3" t="49" w="780" /></phr></stem><stem n="safari"><phr n="Safari"><ent r="3" t="49" w="784" /></phr></stem><stem n="safari/525"><phr n="Safari/525"><ent r="3" t="49" w="785" /><ent r="3" t="49" w="784" /></phr></stem><stem n="safari/525.20"><phr n="Safari/525.20"><ent r="3" t="49" w="786" /><ent r="3" t="49" w="784" /></phr></stem><stem n="safari/525.20.1"><phr n="Safari/525.20.1"><ent r="3" t="49" w="787" /><ent r="3" t="49" w="784" /></phr></stem><stem n="/525.20.1&quot;"><phr n="/525.20.1&quot;"><ent r="3" t="49" w="788" /></phr></stem><stem n="noaastr"><phr n="noaaString"><ent r="3" t="49" w="788" /><ent r="3" t="49" w="798" /><ent r="3" t="49" w="799" /><ent r="3" t="49" w="806" /><ent r="3" t="49" w="813" /></phr></stem><stem n="s.xml"><phr n="s.xml"><ent r="3" t="49" w="797" /><ent r="3" t="49" w="796" /></phr></stem><stem n="&quot;http://www.weather.gov/xml/current_obs/%s.xml&quot;"><phr n="&quot;http://www.weather.gov/xml/current_obs/%s.xml&quot;"><ent r="3" t="49" w="798" /></phr></stem><stem n="urllib.quot"><phr n="urllib.quote"><ent r="3" t="49" w="801" /><ent r="3" t="49" w="800" /></phr></stem><stem n="urllib.quote_plu"><phr n="urllib.quote_plus"><ent r="3" t="49" w="802" /><ent r="3" t="49" w="800" /></phr></stem><stem n="(urllib.quote_plus(station))"><phr n="(urllib.quote_plus(station))"><ent r="3" t="49" w="804" /></phr></stem><stem n="urllib2.request"><phr n="urllib2.Request"><ent r="3" t="49" w="812" /><ent r="3" t="49" w="811" /></phr></stem><stem n=".request(noaastring)"><phr n=".Request(noaaString)"><ent r="3" t="49" w="814" /></phr></stem><stem n="urllib2.build"><phr n="urllib2.build"><ent r="3" t="49" w="816" /><ent r="3" t="49" w="815" /></phr></stem><stem n="urllib2.build_open"><phr n="urllib2.build_opener"><ent r="3" t="49" w="817" /><ent r="3" t="49" w="815" /></phr></stem><stem n=".build_opener()"><phr n=".build_opener()"><ent r="3" t="49" w="818" /></phr></stem><stem n="request.add"><phr n="request.add"><ent r="3" t="49" w="819" /><ent r="3" t="49" w="818" /></phr></stem><stem n="request.add_head"><phr n="request.add_header"><ent r="3" t="49" w="820" /><ent r="3" t="49" w="818" /></phr></stem><stem n="user-ag"><phr n="User-Agent"><ent r="3" t="49" w="821" /></phr></stem><stem n=".add_header('user-agent',"><phr n=".add_header('User-Agent',"><ent r="3" t="49" w="823" /></phr></stem><stem n="usock"><phr n="usock"><ent r="3" t="49" w="824" /><ent r="3" t="49" w="900" /></phr></stem><stem n="opener.open"><phr n="opener.open"><ent r="3" t="49" w="826" /><ent r="3" t="49" w="825" /></phr></stem><stem n=".open(request)"><phr n=".open(request)"><ent r="3" t="49" w="828" /></phr></stem><stem n="buf"><phr n="buf"><ent r="3" t="49" w="829" /></phr></stem><stem n="resp"><phr n="resp"><ent r="3" t="49" w="837" /><ent r="3" t="49" w="857" /><ent r="3" t="49" w="879" /></phr></stem><stem n="'we"><phr n="'We"><ent r="3" t="49" w="838" /></phr></stem><stem n="'wrong"><phr n="'Wrong"><ent r="3" t="49" w="847" /></phr></stem><stem n="?'"><phr n="?'"><ent r="3" t="49" w="850" /></phr></stem><stem n=".reason[1]"><phr n=".reason[1]"><ent r="3" t="49" w="853" /></phr></stem><stem n="'the"><phr n="'The"><ent r="3" t="49" w="858" /></phr></stem><stem n="couldn"><phr n="couldn"><ent r="3" t="49" w="860" /></phr></stem><stem n="\'t"><phr n="\'t"><ent r="3" t="49" w="861" /></phr></stem><stem n="fulfil"><phr n="fulfill"><ent r="3" t="49" w="862" /></phr></stem><stem n="'error"><phr n="'Error"><ent r="3" t="49" w="866" /></phr></stem><stem n="'+"><phr n="'+"><ent r="3" t="49" w="868" /></phr></stem><stem n="'unknown'"><phr n="'Unknown'"><ent r="3" t="49" w="877" /></phr></stem><stem n="(0,"><phr n="(0,"><ent r="3" t="49" w="879" /></phr></stem><stem n="'ll"><phr n="'ll"><ent r="3" t="49" w="895" /><ent r="3" t="51" w="42" /><ent r="3" t="52" w="89" /></phr></stem><stem n="it'll"><phr n="it'll"><ent r="3" t="49" w="895" /><ent r="3" t="49" w="894" /></phr></stem><stem n="ll"><phr n="ll"><ent r="3" t="49" w="895" /><ent r="3" t="51" w="42" /><ent r="3" t="52" w="89" /></phr></stem><stem n="xmldoc"><phr n="xmldoc"><ent r="3" t="49" w="897" /><ent r="3" t="49" w="902" /><ent r="3" t="49" w="914" /></phr></stem><stem n="minidom.pars"><phr n="minidom.parse"><ent r="3" t="49" w="899" /><ent r="3" t="49" w="898" /></phr></stem><stem n=".parse(usock)"><phr n=".parse(usock)"><ent r="3" t="49" w="901" /></phr></stem><stem n="templist"><phr n="tempList"><ent r="3" t="49" w="901" /><ent r="3" t="49" w="907" /></phr></stem><stem n="xmldoc.getelementsbytagnam"><phr n="xmldoc.getElementsByTagName"><ent r="3" t="49" w="903" /><ent r="3" t="49" w="902" /><ent r="3" t="49" w="915" /><ent r="3" t="49" w="914" /></phr></stem><stem n="getelementsbytagnam"><phr n="getElementsByTagName"><ent r="3" t="49" w="903" /><ent r="3" t="49" w="915" /></phr></stem><stem n="temp_f"><phr n="temp_f"><ent r="3" t="49" w="905" /><ent r="3" t="49" w="904" /></phr></stem><stem n="temp_f'"><phr n="temp_f'"><ent r="3" t="49" w="905" /><ent r="3" t="49" w="904" /></phr></stem><stem n=".getelementsbytagname('temp_f')"><phr n=".getElementsByTagName('temp_f')"><ent r="3" t="49" w="906" /></phr></stem><stem n="tempelem"><phr n="tempElem"><ent r="3" t="49" w="906" /><ent r="3" t="49" w="910" /></phr></stem><stem n="tempval"><phr n="tempval"><ent r="3" t="49" w="909" /><ent r="3" t="49" w="928" /><ent r="3" t="49" w="930" /></phr></stem><stem n="tempelem.firstchild"><phr n="tempElem.firstChild"><ent r="3" t="49" w="911" /><ent r="3" t="49" w="910" /></phr></stem><stem n="firstchild"><phr n="firstChild"><ent r="3" t="49" w="911" /><ent r="3" t="49" w="920" /></phr></stem><stem n=".firstchild.data"><phr n=".firstChild.data"><ent r="3" t="49" w="912" /></phr></stem><stem n="tempelem.firstchild.data"><phr n="tempElem.firstChild.data"><ent r="3" t="49" w="912" /><ent r="3" t="49" w="910" /></phr></stem><stem n="loclist"><phr n="loclist"><ent r="3" t="49" w="913" /><ent r="3" t="49" w="918" /></phr></stem><stem n=".getelementsbytagname('location')"><phr n=".getElementsByTagName('location')"><ent r="3" t="49" w="917" /></phr></stem><stem n="locval"><phr n="locval"><ent r="3" t="49" w="917" /><ent r="3" t="49" w="929" /><ent r="3" t="49" w="935" /></phr></stem><stem n="[0].firstchild.data"><phr n="[0].firstChild.data"><ent r="3" t="49" w="921" /></phr></stem><stem n="firstchild.data"><phr n="firstChild.data"><ent r="3" t="49" w="921" /><ent r="3" t="49" w="920" /></phr></stem><stem n="'%s'"><phr n="'%s'"><ent r="3" t="49" w="927" /></phr></stem><stem n="}%s&quot;"><phr n="}%s&quot;"><ent r="3" t="49" w="928" /></phr></stem><stem n="(tempval,"><phr n="(tempval,"><ent r="3" t="49" w="929" /></phr></stem><stem n="/tool:noaa-weather.py&gt;"><phr n="/tool:noaa-weather.py&gt;"><ent r="3" t="49" w="943" /></phr></stem><stem n="docs.python.org/librari"><phr n="docs.python.org/library"><ent r="64" t="49" w="985" /><ent r="64" t="49" w="982" /><ent r="64" t="49" w="997" /><ent r="64" t="49" w="994" /></phr></stem><stem n="docs.python.org/library/urllib2"><phr n="docs.python.org/library/urllib2"><ent r="64" t="49" w="986" /><ent r="64" t="49" w="982" /></phr></stem><stem n="://docs.python.org/library/urllib2.html"><phr n="://docs.python.org/library/urllib2.html"><ent r="64" t="49" w="987" /></phr></stem><stem n="docs.python.org/library/urllib2.html"><phr n="docs.python.org/library/urllib2.html"><ent r="64" t="49" w="987" /><ent r="64" t="49" w="982" /></phr></stem><stem n="docs.python.org/library/xml"><phr n="docs.python.org/library/xml"><ent r="64" t="49" w="998" /><ent r="64" t="49" w="994" /></phr></stem><stem n="docs.python.org/library/xml.dom"><phr n="docs.python.org/library/xml.dom"><ent r="64" t="49" w="999" /><ent r="64" t="49" w="994" /></phr></stem><stem n="docs.python.org/library/xml.dom.minidom"><phr n="docs.python.org/library/xml.dom.minidom"><ent r="64" t="49" w="1000" /><ent r="64" t="49" w="994" /></phr></stem><stem n="://docs.python.org/library/xml.dom.minidom.html"><phr n="://docs.python.org/library/xml.dom.minidom.html"><ent r="64" t="49" w="1001" /></phr></stem><stem n="docs.python.org/library/xml.dom.minidom.html"><phr n="docs.python.org/library/xml.dom.minidom.html"><ent r="64" t="49" w="1001" /><ent r="64" t="49" w="994" /></phr></stem><stem n="diveintopython"><phr n="diveintopython"><ent r="64" t="49" w="1020" /></phr></stem><stem n="diveintopython.org"><phr n="diveintopython.org"><ent r="64" t="49" w="1021" /><ent r="64" t="49" w="1020" /></phr></stem><stem n="diveintopython.org/xml"><phr n="diveintopython.org/xml"><ent r="64" t="49" w="1022" /><ent r="64" t="49" w="1020" /></phr></stem><stem n="diveintopython.org/xml_process"><phr n="diveintopython.org/xml_processing"><ent r="64" t="49" w="1023" /><ent r="64" t="49" w="1020" /></phr></stem><stem n="diveintopython.org/xml_processing/"><phr n="diveintopython.org/xml_processing/"><ent r="64" t="49" w="1023" /><ent r="64" t="49" w="1020" /></phr></stem><stem n="://diveintopython.org/xml_processing/"><phr n="://diveintopython.org/xml_processing/"><ent r="64" t="49" w="1024" /></phr></stem><stem n="enhanc"><phr n="enhance"><ent r="3" t="50" w="15" /></phr></stem><stem n="uncompress"><phr n="uncompress"><ent r="4" t="50" w="59" /></phr></stem><stem n="/probe"><phr n="/Probes"><ent r="4" t="50" w="119" /><ent r="4" t="50" w="285" /><ent r="4" t="51" w="29" /></phr></stem><stem n="settings/prob"><phr n="Settings/Probes"><ent r="4" t="50" w="119" /><ent r="4" t="50" w="118" /><ent r="4" t="50" w="285" /><ent r="4" t="50" w="284" /><ent r="4" t="51" w="29" /><ent r="4" t="51" w="28" /></phr></stem><stem n="/ip"><phr n="/IP"><ent r="100" t="50" w="146" /></phr></stem><stem n="name/ip"><phr n="name/IP"><ent r="100" t="50" w="146" /><ent r="100" t="50" w="145" /></phr></stem><stem n="fill"><phr n="filling"><ent r="4" t="50" w="200" /></phr></stem><stem n="finish"><phr n="finished"><ent r="4" t="50" w="208" /></phr><phr n="Finished"><ent r="3" t="55" w="1121" /><ent r="4" t="55" w="1189" /><ent r="4" t="55" w="1212" /><ent r="3" t="56" w="200" /><ent r="3" t="56" w="579" /></phr></stem><stem n="-import"><phr n="-import"><ent r="4" t="50" w="249" /><ent r="4" t="50" w="249" /></phr></stem><stem n="re-import"><phr n="Re-import"><ent r="4" t="50" w="249" /></phr></stem><stem n="file'"><phr n="file's"><ent r="4" t="50" w="265" /><ent r="4" t="50" w="264" /><ent r="3" t="72" w="31" /><ent r="3" t="72" w="30" /></phr></stem><stem n="zip"><phr n="ZIP"><ent r="3" t="51" w="18" /></phr><phr n="zip"><ent r="3" t="51" w="22" /></phr><phr n="zipped"><ent r="3" t="62" w="101" /></phr></stem><stem n="archiv"><phr n="archive"><ent r="3" t="51" w="19" /><ent r="3" t="51" w="47" /><ent r="3" t="51" w="58" /></phr></stem><stem n="builtinprob"><phr n="BuiltinProbes"><ent r="3" t="51" w="21" /></phr></stem><stem n="builtinprobes.zip"><phr n="BuiltinProbes.zip"><ent r="3" t="51" w="22" /><ent r="3" t="51" w="21" /></phr></stem><stem n="builtinprobes.zip,"><phr n="BuiltinProbes.zip,"><ent r="3" t="51" w="22" /><ent r="3" t="51" w="21" /></phr></stem><stem n=".zip,"><phr n=".zip,"><ent r="3" t="51" w="23" /></phr></stem><stem n="you'll"><phr n="you'll"><ent r="3" t="51" w="42" /><ent r="3" t="51" w="41" /></phr></stem><stem n="unzip"><phr n="unzip"><ent r="3" t="51" w="45" /></phr><phr n="unzipped"><ent r="3" t="51" w="63" /><ent r="3" t="51" w="78" /></phr></stem><stem n="filenam"><phr n="filename"><ent r="92" t="51" w="52" /><ent r="3" t="51" w="75" /><ent r="3" t="55" w="136" /><ent r="5" t="55" w="246" /><ent r="3" t="59" w="304" /><ent r="4" t="59" w="308" /><ent r="3" t="61" w="680" /><ent r="3" t="61" w="691" /><ent r="3" t="61" w="706" /><ent r="3" t="61" w="759" /><ent r="3" t="61" w="816" /><ent r="3" t="61" w="826" /><ent r="3" t="61" w="833" /><ent r="3" t="61" w="1251" /><ent r="3" t="61" w="1270" /><ent r="7" t="68" w="249" /><ent r="7" t="68" w="251" /><ent r="7" t="68" w="258" /><ent r="7" t="68" w="292" /><ent r="6" t="68" w="361" /><ent r="7" t="68" w="368" /><ent r="8" t="68" w="536" /><ent r="8" t="68" w="571" /><ent r="7" t="68" w="578" /><ent r="3" t="71" w="152" /><ent r="3" t="71" w="210" /><ent r="3" t="71" w="385" /></phr><phr n="Filename"><ent r="3" t="58" w="368" /></phr><phr n="fileName"><ent r="3" t="61" w="898" /><ent r="3" t="61" w="1134" /><ent r="3" t="61" w="1145" /><ent r="3" t="61" w="1148" /></phr></stem><stem n="-modifi"><phr n="-modified"><ent r="5" t="51" w="104" /><ent r="5" t="51" w="104" /></phr></stem><stem n="last-modifi"><phr n="last-modified"><ent r="5" t="51" w="104" /><ent r="100" t="68" w="466" /><ent r="7" t="68" w="471" /></phr></stem><stem n="advanc"><phr n="advance"><ent r="3" t="51" w="121" /></phr><phr n="Advanced"><ent r="4" t="59" w="87" /></phr></stem><stem n="enthusiast"><phr n="enthusiastic"><ent r="3" t="52" w="10" /></phr></stem><stem n="user-bas"><phr n="user-base"><ent r="3" t="52" w="11" /></phr></stem><stem n="contribut"><phr n="contributed"><ent r="3" t="52" w="15" /><ent r="3" t="52" w="40" /><ent r="3" t="52" w="117" /></phr><phr n="contribute"><ent r="3" t="52" w="44" /><ent r="3" t="52" w="63" /></phr><phr n="Contributions"><ent r="100" t="52" w="85" /><ent r="3" t="52" w="94" /></phr><phr n="Contributed"><ent r="92" t="52" w="100" /></phr></stem><stem n="hundr"><phr n="hundreds"><ent r="3" t="52" w="17" /></phr></stem><stem n="adopt"><phr n="adopted"><ent r="3" t="52" w="25" /></phr></stem><stem n="-contribut"><phr n="-contributed"><ent r="3" t="52" w="39" /><ent r="3" t="52" w="39" /></phr></stem><stem n="user-contribut"><phr n="user-contributed"><ent r="3" t="52" w="39" /></phr></stem><stem n="@dartware.com"><phr n="@dartware.com"><ent r="64" t="52" w="83" /></phr></stem><stem n="we'll"><phr n="we'll"><ent r="3" t="52" w="89" /><ent r="3" t="52" w="88" /></phr></stem><stem n="dartware.com/go"><phr n="dartware.com/go"><ent r="65" t="52" w="131" /><ent r="65" t="52" w="129" /></phr></stem><stem n="dartware.com/go.php"><phr n="dartware.com/go.php"><ent r="65" t="52" w="132" /><ent r="65" t="52" w="129" /></phr></stem><stem n="://dartware.com/go.php?to=probes.contrib"><phr n="://dartware.com/go.php?to=probes.contrib"><ent r="65" t="52" w="135" /></phr></stem></index>