<?xml version="1.0" encoding="utf-8"?><index><stem n="cannot"><phr n="cannot"><ent r="3" t="19" w="1204" /><ent r="4" t="19" w="1877" /><ent r="4" t="19" w="1889" /><ent r="4" t="19" w="1900" /><ent r="4" t="26" w="544" /><ent r="3" t="39" w="410" /><ent r="3" t="69" w="96" /></phr></stem><stem n="directli"><phr n="directly"><ent r="3" t="19" w="1207" /><ent r="3" t="40" w="525" /><ent r="3" t="44" w="28" /><ent r="3" t="44" w="180" /><ent r="4" t="46" w="185" /><ent r="4" t="49" w="275" /><ent r="3" t="49" w="968" /><ent r="3" t="57" w="193" /><ent r="4" t="59" w="155" /><ent r="3" t="66" w="691" /></phr></stem><stem n="facil"><phr n="facility"><ent r="3" t="19" w="1212" /><ent r="3" t="21" w="77" /><ent r="4" t="22" w="345" /><ent r="3" t="22" w="603" /><ent r="100" t="55" w="94" /><ent r="3" t="55" w="103" /><ent r="3" t="58" w="399" /><ent r="3" t="70" w="1644" /></phr><phr n="Facilities"><ent r="92" t="22" w="447" /><ent r="82" t="22" w="1034" /></phr><phr n="facilities"><ent r="3" t="22" w="454" /></phr></stem><stem n="notat"><phr n="notation"><ent r="3" t="19" w="1235" /><ent r="4" t="24" w="1286" /><ent r="3" t="33" w="44" /><ent r="3" t="35" w="1048" /></phr></stem><stem n="[a:b]"><phr n="[a:b]"><ent r="4" t="19" w="1240" /><ent r="3" t="19" w="1260" /></phr></stem><stem n="fetch"><phr n="fetch"><ent r="3" t="19" w="1243" /></phr></stem><stem n="subid'"><phr n="subid's"><ent r="3" t="19" w="1263" /><ent r="3" t="19" w="1262" /><ent r="3" t="19" w="1282" /><ent r="3" t="19" w="1281" /><ent r="3" t="19" w="1452" /><ent r="3" t="19" w="1451" /><ent r="3" t="19" w="1500" /><ent r="3" t="19" w="1499" /><ent r="4" t="26" w="249" /><ent r="4" t="26" w="248" /></phr></stem><stem n="&quot;oid&quot;"><phr n="&quot;oid&quot;"><ent r="3" t="19" w="1266" /><ent r="3" t="19" w="1285" /></phr></stem><stem n="'th"><phr n="'th"><ent r="3" t="19" w="1271" /><ent r="3" t="19" w="1290" /><ent r="4" t="29" w="443" /><ent r="4" t="29" w="459" /><ent r="4" t="29" w="475" /></phr></stem><stem n="a'th"><phr n="a'th"><ent r="3" t="19" w="1271" /><ent r="3" t="19" w="1270" /><ent r="3" t="19" w="1290" /><ent r="3" t="19" w="1289" /></phr></stem><stem n="th"><phr n="th"><ent r="3" t="19" w="1271" /><ent r="3" t="19" w="1290" /><ent r="4" t="29" w="443" /><ent r="4" t="29" w="459" /><ent r="4" t="29" w="475" /></phr></stem><stem n="[a:]"><phr n="[a:]"><ent r="3" t="19" w="1279" /></phr></stem><stem n="ipnettomediat"><phr n="ipNetToMediaTable"><ent r="3" t="19" w="1308" /><ent r="4" t="19" w="1376" /></phr></stem><stem n="arptabl"><phr n="ARPTable"><ent r="3" t="19" w="1318" /><ent r="3" t="19" w="1329" /><ent r="3" t="19" w="1340" /><ent r="3" t="19" w="1348" /><ent r="3" t="19" w="1356" /><ent r="3" t="19" w="1362" /><ent r="3" t="19" w="1848" /></phr></stem><stem n="&quot;arptable&quot;,"><phr n="&quot;ARPTable&quot;,"><ent r="3" t="19" w="1319" /></phr></stem><stem n="ipnettomediaentri"><phr n="ipNetToMediaEntry"><ent r="3" t="19" w="1323" /></phr></stem><stem n="&quot;map"><phr n="&quot;Map"><ent r="3" t="19" w="1332" /></phr></stem><stem n="arptable/ipnettomediaifindex"><phr n="ARPTable/ipNetToMediaIfIndex"><ent r="3" t="19" w="1341" /><ent r="3" t="19" w="1340" /></phr></stem><stem n="ipnettomediaifindex"><phr n="ipNetToMediaIfIndex"><ent r="3" t="19" w="1341" /><ent r="4" t="19" w="1486" /></phr></stem><stem n="arptable/ipnettomediaifindex,"><phr n="ARPTable/ipNetToMediaIfIndex,"><ent r="3" t="19" w="1341" /><ent r="3" t="19" w="1340" /></phr></stem><stem n="/ipnettomediaifindex,"><phr n="/ipNetToMediaIfIndex,"><ent r="3" t="19" w="1342" /></phr></stem><stem n="ipnettomediatyp"><phr n="ipNetToMediaType"><ent r="3" t="19" w="1342" /><ent r="3" t="19" w="1350" /><ent r="3" t="19" w="1363" /><ent r="3" t="19" w="1364" /><ent r="4" t="19" w="1423" /><ent r="4" t="19" w="1466" /></phr></stem><stem n="[0:1],"><phr n="[0:1],"><ent r="3" t="19" w="1345" /></phr></stem><stem n="arptable/ipnettomedianetaddress"><phr n="ARPTable/ipNetToMediaNetAddress"><ent r="3" t="19" w="1349" /><ent r="3" t="19" w="1348" /></phr></stem><stem n="ipnettomedianetaddress"><phr n="ipNetToMediaNetAddress"><ent r="3" t="19" w="1349" /><ent r="5" t="19" w="1397" /><ent r="4" t="19" w="1455" /><ent r="4" t="19" w="1506" /></phr></stem><stem n="arptable/ipnettomedianetaddress,"><phr n="ARPTable/ipNetToMediaNetAddress,"><ent r="3" t="19" w="1349" /><ent r="3" t="19" w="1348" /></phr></stem><stem n="/ipnettomedianetaddress,"><phr n="/ipNetToMediaNetAddress,"><ent r="3" t="19" w="1350" /></phr></stem><stem n="[1:4],"><phr n="[1:4],"><ent r="3" t="19" w="1353" /></phr></stem><stem n="arptable/ipnettomediaphysaddress"><phr n="ARPTable/ipNetToMediaPhysAddress"><ent r="3" t="19" w="1357" /><ent r="3" t="19" w="1356" /></phr></stem><stem n="ipnettomediaphysaddress"><phr n="ipNetToMediaPhysAddress"><ent r="3" t="19" w="1357" /><ent r="3" t="19" w="1358" /></phr></stem><stem n="arptable/ipnettomediaphysaddress,"><phr n="ARPTable/ipNetToMediaPhysAddress,"><ent r="3" t="19" w="1357" /><ent r="3" t="19" w="1356" /></phr></stem><stem n="/ipnettomediaphysaddress,"><phr n="/ipNetToMediaPhysAddress,"><ent r="3" t="19" w="1358" /></phr></stem><stem n=",&quot;mac"><phr n=",&quot;MAC"><ent r="3" t="19" w="1360" /></phr></stem><stem n="arptable/ipnettomediatyp"><phr n="ARPTable/ipNetToMediaType"><ent r="3" t="19" w="1363" /><ent r="3" t="19" w="1362" /></phr></stem><stem n="arptable/ipnettomediatype,"><phr n="ARPTable/ipNetToMediaType,"><ent r="3" t="19" w="1363" /><ent r="3" t="19" w="1362" /></phr></stem><stem n="/ipnettomediatype,"><phr n="/ipNetToMediaType,"><ent r="3" t="19" w="1364" /></phr></stem><stem n="ipnettomediaindex"><phr n="ipNetToMediaIndex"><ent r="5" t="19" w="1387" /><ent r="4" t="19" w="1445" /></phr></stem><stem n="1.3.6.1.2.1.4.22"><phr n="1.3.6.1.2.1.4.22"><ent r="4" t="19" w="1434" /><ent r="4" t="19" w="1427" /></phr></stem><stem n="22"><phr n="22"><ent r="4" t="19" w="1434" /><ent r="4" t="24" w="1702" /><ent r="3" t="37" w="4073" /></phr></stem><stem n="1.3.6.1.2.1.4.22.1"><phr n="1.3.6.1.2.1.4.22.1"><ent r="4" t="19" w="1435" /><ent r="4" t="19" w="1427" /></phr></stem><stem n=".3.6.1.2.1.4.22.1.4"><phr n=".3.6.1.2.1.4.22.1.4"><ent r="4" t="19" w="1436" /></phr></stem><stem n="1.3.6.1.2.1.4.22.1.4"><phr n="1.3.6.1.2.1.4.22.1.4"><ent r="4" t="19" w="1436" /><ent r="4" t="19" w="1427" /></phr></stem><stem n="posit"><phr n="position"><ent r="3" t="19" w="1474" /><ent r="3" t="19" w="1492" /><ent r="4" t="24" w="699" /><ent r="4" t="24" w="721" /><ent r="3" t="24" w="1015" /><ent r="3" t="24" w="1074" /><ent r="3" t="24" w="1112" /><ent r="4" t="29" w="111" /><ent r="4" t="29" w="428" /><ent r="3" t="29" w="712" /><ent r="3" t="29" w="845" /><ent r="3" t="29" w="883" /><ent r="3" t="29" w="896" /><ent r="3" t="29" w="1075" /><ent r="3" t="37" w="2328" /></phr><phr n="Positional"><ent r="5" t="29" w="85" /><ent r="82" t="29" w="411" /><ent r="3" t="32" w="1322" /></phr><phr n="positional"><ent r="4" t="29" w="98" /><ent r="3" t="29" w="532" /></phr><phr n="positive"><ent r="4" t="29" w="271" /></phr><phr n="Position"><ent r="82" t="29" w="829" /><ent r="3" t="32" w="1644" /></phr></stem><stem n="abil"><phr n="ability"><ent r="3" t="19" w="1518" /><ent r="3" t="40" w="27" /></phr></stem><stem n="&quot;ifindex&quot;"><phr n="&quot;ifIndex&quot;"><ent r="4" t="19" w="1565" /><ent r="4" t="19" w="1573" /></phr></stem><stem n="(column"><phr n="(column"><ent r="4" t="19" w="1571" /></phr></stem><stem n="ifoutoctet"><phr n="ifOutOctets"><ent r="4" t="19" w="1600" /><ent r="3" t="19" w="1689" /></phr></stem><stem n="gracefulli"><phr n="gracefully"><ent r="4" t="19" w="1620" /></phr></stem><stem n="circular1"><phr n="Circular1"><ent r="4" t="19" w="1621" /><ent r="3" t="19" w="1705" /></phr></stem><stem n="circular2"><phr n="Circular2"><ent r="4" t="19" w="1623" /><ent r="3" t="19" w="1714" /></phr></stem><stem n="&quot;-&quot;"><phr n="&quot;-&quot;"><ent r="4" t="19" w="1631" /></phr></stem><stem n="iftabletest"><phr n="ifTableTest"><ent r="3" t="19" w="1640" /><ent r="3" t="19" w="1644" /><ent r="3" t="19" w="1654" /><ent r="3" t="19" w="1665" /><ent r="3" t="19" w="1675" /><ent r="3" t="19" w="1685" /><ent r="3" t="19" w="1695" /><ent r="3" t="19" w="1704" /><ent r="3" t="19" w="1713" /></phr></stem><stem n="iftabletest/ifindex"><phr n="ifTableTest/ifIndex"><ent r="3" t="19" w="1645" /><ent r="3" t="19" w="1644" /></phr></stem><stem n="iftabletest/ifindex,"><phr n="ifTableTest/ifIndex,"><ent r="3" t="19" w="1645" /><ent r="3" t="19" w="1644" /></phr></stem><stem n="#1"><phr n="#1"><ent r="3" t="19" w="1651" /></phr></stem><stem n="iftabletest/ifindexplus1times2"><phr n="ifTableTest/ifIndexPlus1Times2"><ent r="3" t="19" w="1655" /><ent r="3" t="19" w="1654" /></phr></stem><stem n="ifindexplus1times2"><phr n="ifIndexPlus1Times2"><ent r="3" t="19" w="1655" /></phr></stem><stem n="iftabletest/ifindexplus1times2,"><phr n="ifTableTest/ifIndexPlus1Times2,"><ent r="3" t="19" w="1655" /><ent r="3" t="19" w="1654" /></phr></stem><stem n="/ifindexplus1times2,"><phr n="/ifIndexPlus1Times2,"><ent r="3" t="19" w="1656" /></phr></stem><stem n="($ifindex"><phr n="($ifIndex"><ent r="3" t="19" w="1656" /><ent r="3" t="25" w="70" /><ent r="3" t="25" w="78" /></phr></stem><stem n="$ifindex"><phr n="$ifIndex"><ent r="3" t="19" w="1656" /><ent r="3" t="25" w="70" /><ent r="3" t="25" w="78" /><ent r="4" t="25" w="262" /></phr></stem><stem n=")*2,"><phr n=")*2,"><ent r="3" t="19" w="1660" /></phr></stem><stem n="#2"><phr n="#2"><ent r="3" t="19" w="1662" /></phr></stem><stem n="iftabletest/ifindexback"><phr n="ifTableTest/ifIndexBack"><ent r="3" t="19" w="1666" /><ent r="3" t="19" w="1665" /></phr></stem><stem n="ifindexback"><phr n="ifIndexBack"><ent r="3" t="19" w="1666" /></phr></stem><stem n="iftabletest/ifindexback,"><phr n="ifTableTest/ifIndexBack,"><ent r="3" t="19" w="1666" /><ent r="3" t="19" w="1665" /></phr></stem><stem n="/ifindexback,"><phr n="/ifIndexBack,"><ent r="3" t="19" w="1667" /></phr></stem><stem n="$ifindexplus1times2"><phr n="$ifIndexPlus1Times2"><ent r="3" t="19" w="1667" /></phr></stem><stem n="2-1"><phr n="2-1"><ent r="3" t="19" w="1668" /></phr></stem><stem n="$ifindexplus1times2/2-1,"><phr n="$ifIndexPlus1Times2/2-1,"><ent r="3" t="19" w="1669" /><ent r="3" t="19" w="1667" /></phr></stem><stem n="/2-1,"><phr n="/2-1,"><ent r="3" t="19" w="1670" /></phr></stem><stem n="#3"><phr n="#3"><ent r="3" t="19" w="1672" /><ent r="3" t="35" w="1589" /><ent r="5" t="37" w="2575" /></phr></stem><stem n="iftabletest/tinoctet"><phr n="ifTableTest/TInOctets"><ent r="3" t="19" w="1676" /><ent r="3" t="19" w="1675" /></phr></stem><stem n="tinoctet"><phr n="TInOctets"><ent r="3" t="19" w="1676" /></phr></stem><stem n="iftabletest/tinoctets,"><phr n="ifTableTest/TInOctets,"><ent r="3" t="19" w="1676" /><ent r="3" t="19" w="1675" /></phr></stem><stem n="/tinoctets,"><phr n="/TInOctets,"><ent r="3" t="19" w="1677" /></phr></stem><stem n="-mib::ifinoctets,"><phr n="-MIB::ifInOctets,"><ent r="3" t="19" w="1680" /><ent r="3" t="19" w="1680" /></phr></stem><stem n="#4"><phr n="#4"><ent r="3" t="19" w="1682" /></phr></stem><stem n="iftabletest/toutoctet"><phr n="ifTableTest/TOutOctets"><ent r="3" t="19" w="1686" /><ent r="3" t="19" w="1685" /></phr></stem><stem n="toutoctet"><phr n="TOutOctets"><ent r="3" t="19" w="1686" /></phr></stem><stem n="iftabletest/toutoctets,"><phr n="ifTableTest/TOutOctets,"><ent r="3" t="19" w="1686" /><ent r="3" t="19" w="1685" /></phr></stem><stem n="/toutoctets,"><phr n="/TOutOctets,"><ent r="3" t="19" w="1687" /></phr></stem><stem n="-mib::ifoutoctets,"><phr n="-MIB::ifOutOctets,"><ent r="3" t="19" w="1690" /><ent r="3" t="19" w="1690" /></phr></stem><stem n="#5"><phr n="#5"><ent r="3" t="19" w="1692" /></phr></stem><stem n="iftabletest/ifratio"><phr n="ifTableTest/ifRatio"><ent r="3" t="19" w="1696" /><ent r="3" t="19" w="1695" /></phr></stem><stem n="ifratio"><phr n="ifRatio"><ent r="3" t="19" w="1696" /></phr></stem><stem n="iftabletest/ifratio,"><phr n="ifTableTest/ifRatio,"><ent r="3" t="19" w="1696" /><ent r="3" t="19" w="1695" /></phr></stem><stem n="/ifratio,"><phr n="/ifRatio,"><ent r="3" t="19" w="1697" /></phr></stem><stem n="$tinoctet"><phr n="$TInOctets"><ent r="3" t="19" w="1697" /></phr></stem><stem n="$tinoctets/$toutoctet"><phr n="$TInOctets/$TOutOctets"><ent r="3" t="19" w="1698" /><ent r="3" t="19" w="1697" /></phr></stem><stem n="$toutoctet"><phr n="$TOutOctets"><ent r="3" t="19" w="1698" /></phr></stem><stem n="$tinoctets/$toutoctets,"><phr n="$TInOctets/$TOutOctets,"><ent r="3" t="19" w="1698" /><ent r="3" t="19" w="1697" /></phr></stem><stem n="/$toutoctets,"><phr n="/$TOutOctets,"><ent r="3" t="19" w="1699" /></phr></stem><stem n="#6"><phr n="#6"><ent r="3" t="19" w="1701" /></phr></stem><stem n="iftabletest/circular1"><phr n="ifTableTest/Circular1"><ent r="3" t="19" w="1705" /><ent r="3" t="19" w="1704" /></phr></stem><stem n="iftabletest/circular1,"><phr n="ifTableTest/Circular1,"><ent r="3" t="19" w="1705" /><ent r="3" t="19" w="1704" /></phr></stem><stem n="/circular1,"><phr n="/Circular1,"><ent r="3" t="19" w="1706" /></phr></stem><stem n="$circular2"><phr n="$Circular2"><ent r="3" t="19" w="1706" /></phr></stem><stem n="#7"><phr n="#7"><ent r="3" t="19" w="1710" /><ent r="3" t="35" w="422" /><ent r="3" t="35" w="433" /></phr></stem><stem n="iftabletest/circular2"><phr n="ifTableTest/Circular2"><ent r="3" t="19" w="1714" /><ent r="3" t="19" w="1713" /></phr></stem><stem n="iftabletest/circular2,"><phr n="ifTableTest/Circular2,"><ent r="3" t="19" w="1714" /><ent r="3" t="19" w="1713" /></phr></stem><stem n="/circular2,"><phr n="/Circular2,"><ent r="3" t="19" w="1715" /></phr></stem><stem n="$circular1"><phr n="$Circular1"><ent r="3" t="19" w="1715" /></phr></stem><stem n="#8"><phr n="#8"><ent r="3" t="19" w="1720" /></phr></stem><stem n="ondemand"><phr n="ondemand"><ent r="3" t="19" w="1742" /><ent r="3" t="19" w="1759" /></phr></stem><stem n="&quot;ondemand&quot;"><phr n="&quot;ondemand&quot;"><ent r="3" t="19" w="1743" /></phr></stem><stem n="$arptabl"><phr n="$ARPTable"><ent r="3" t="19" w="1783" /></phr></stem><stem n="&quot;altern"><phr n="&quot;alternate"><ent r="3" t="19" w="1836" /></phr></stem><stem n="{arptable:view"><phr n="{ARPTable:View"><ent r="3" t="19" w="1849" /></phr></stem><stem n="&quot;/&quot;"><phr n="&quot;/&quot;"><ent r="4" t="19" w="1871" /><ent r="4" t="41" w="169" /><ent r="6" t="70" w="1992" /></phr></stem><stem n="-access"><phr n="-accessible"><ent r="4" t="19" w="1902" /><ent r="4" t="19" w="1902" /></phr><phr n="-ACCESS"><ent r="3" t="33" w="180" /><ent r="3" t="33" w="180" /><ent r="3" t="33" w="213" /><ent r="3" t="33" w="213" /><ent r="3" t="33" w="245" /><ent r="3" t="33" w="245" /><ent r="3" t="33" w="280" /><ent r="3" t="33" w="280" /><ent r="3" t="33" w="311" /><ent r="3" t="33" w="311" /><ent r="3" t="33" w="336" /><ent r="3" t="33" w="336" /></phr></stem><stem n="non-access"><phr n="non-accessible"><ent r="4" t="19" w="1902" /></phr></stem><stem n="&quot;deriv"><phr n="&quot;derived"><ent r="4" t="19" w="1913" /></phr></stem><stem n="disclosur"><phr n="Disclosure"><ent r="92" t="20" w="194" /><ent r="3" t="20" w="240" /><ent r="3" t="20" w="292" /><ent r="3" t="20" w="373" /></phr><phr n="disclosure"><ent r="3" t="20" w="198" /><ent r="3" t="20" w="203" /><ent r="3" t="20" w="228" /><ent r="3" t="20" w="284" /><ent r="3" t="20" w="383" /></phr></stem><stem n="widget"><phr n="Widgets"><ent r="92" t="20" w="195" /><ent r="3" t="20" w="293" /><ent r="3" t="20" w="374" /></phr><phr n="widget"><ent r="3" t="20" w="199" /><ent r="3" t="20" w="384" /></phr></stem><stem n="collaps"><phr n="collapse"><ent r="3" t="20" w="217" /></phr></stem><stem n="area"><phr n="area"><ent r="3" t="20" w="230" /></phr></stem><stem n="hide"><phr n="hide"><ent r="3" t="20" w="235" /><ent r="3" t="20" w="268" /><ent r="3" t="20" w="439" /><ent r="3" t="20" w="506" /><ent r="3" t="20" w="534" /></phr></stem><stem n="\#hide:[disclosureblock"><phr n="\#hide:[disclosureblock"><ent r="3" t="20" w="236" /></phr></stem><stem n="disclosureblock"><phr n="disclosureblock"><ent r="3" t="20" w="236" /><ent r="3" t="20" w="243" /><ent r="3" t="20" w="248" /><ent r="3" t="20" w="253" /><ent r="3" t="20" w="257" /><ent r="3" t="20" w="261" /><ent r="3" t="20" w="263" /></phr></stem><stem n="]\"><phr n="]\"><ent r="3" t="20" w="238" /><ent r="3" t="20" w="245" /><ent r="3" t="20" w="265" /></phr></stem><stem n="titl"><phr n="Title"><ent r="3" t="20" w="238" /><ent r="3" t="20" w="442" /><ent r="3" t="20" w="477" /><ent r="3" t="20" w="537" /><ent r="100" t="67" w="116" /></phr><phr n="title"><ent r="4" t="66" w="125" /><ent r="3" t="66" w="199" /><ent r="3" t="66" w="220" /><ent r="4" t="66" w="282" /><ent r="4" t="66" w="381" /><ent r="3" t="66" w="404" /><ent r="4" t="67" w="180" /><ent r="7" t="68" w="114" /><ent r="7" t="68" w="119" /><ent r="6" t="68" w="132" /><ent r="7" t="68" w="151" /><ent r="7" t="68" w="172" /><ent r="6" t="68" w="206" /><ent r="100" t="68" w="213" /><ent r="7" t="68" w="216" /><ent r="7" t="68" w="219" /><ent r="7" t="68" w="227" /><ent r="3" t="69" w="25" /><ent r="4" t="69" w="46" /><ent r="4" t="69" w="51" /><ent r="100" t="69" w="62" /><ent r="4" t="69" w="77" /><ent r="4" t="69" w="82" /><ent r="4" t="69" w="140" /><ent r="4" t="69" w="145" /><ent r="4" t="69" w="172" /><ent r="4" t="69" w="177" /><ent r="4" t="69" w="191" /><ent r="4" t="69" w="196" /><ent r="6" t="70" w="523" /><ent r="6" t="70" w="574" /><ent r="7" t="70" w="1101" /></phr></stem><stem n="block"><phr n="Block"><ent r="3" t="20" w="241" /></phr><phr n="block"><ent r="3" t="20" w="278" /><ent r="4" t="37" w="1933" /><ent r="4" t="37" w="1951" /><ent r="3" t="37" w="2403" /><ent r="3" t="37" w="2421" /></phr><phr n="blocks"><ent r="3" t="21" w="410" /><ent r="4" t="65" w="223" /></phr></stem><stem n="\#begin:[disclosureblock"><phr n="\#begin:[disclosureblock"><ent r="3" t="20" w="243" /></phr></stem><stem n="\#end:[disclosureblock"><phr n="\#end:[disclosureblock"><ent r="3" t="20" w="263" /></phr></stem><stem n="#hide"><phr n="#hide"><ent r="3" t="20" w="268" /></phr></stem><stem n="#show"><phr n="#show"><ent r="3" t="20" w="270" /></phr></stem><stem n="nest"><phr n="nest"><ent r="3" t="20" w="283" /></phr><phr n="nested"><ent r="3" t="20" w="511" /><ent r="4" t="37" w="999" /></phr></stem><stem n="com.dartware.reb"><phr n="com.dartware.reb"><ent r="3" t="20" w="296" /><ent r="3" t="20" w="294" /></phr></stem><stem n="com.dartware.reb.expand"><phr n="com.dartware.reb.expander"><ent r="3" t="20" w="297" /><ent r="3" t="20" w="294" /></phr></stem><stem n="com.dartware.reb.expander.txt"><phr n="com.dartware.reb.expander.txt"><ent r="3" t="20" w="298" /><ent r="3" t="20" w="294" /></phr></stem><stem n="(com.dartware.reb.expander.txt)"><phr n="(com.dartware.reb.expander.txt)"><ent r="3" t="20" w="299" /></phr></stem><stem n="aug"><phr n="Aug"><ent r="3" t="20" w="321" /></phr></stem><stem n="2010"><phr n="2010"><ent r="3" t="20" w="322" /><ent r="3" t="46" w="291" /></phr></stem><stem n="reb.expand"><phr n="reb.expander"><ent r="3" t="20" w="335" /><ent r="3" t="20" w="334" /></phr></stem><stem n="reb.expander_control"><phr n="reb.expander_control"><ent r="3" t="20" w="336" /><ent r="3" t="20" w="334" /></phr></stem><stem n="&quot;reb.expander_control&quot;"><phr n="&quot;reb.expander_control&quot;"><ent r="3" t="20" w="337" /></phr></stem><stem n="&quot;test"><phr n="&quot;Test"><ent r="3" t="20" w="339" /><ent r="7" t="68" w="220" /><ent r="4" t="69" w="34" /><ent r="3" t="69" w="58" /></phr></stem><stem n="&quot;miscellaneous/test/test"><phr n="&quot;Miscellaneous/Test/Test"><ent r="3" t="20" w="356" /></phr></stem><stem n="miscellaneous/test/test"><phr n="Miscellaneous/Test/Test"><ent r="3" t="20" w="356" /><ent r="3" t="20" w="354" /></phr></stem><stem n="&lt;/&lt;description&gt;"><phr n="&lt;/&lt;description&gt;"><ent r="3" t="20" w="370" /><ent r="3" t="20" w="366" /><ent r="3" t="27" w="140" /><ent r="3" t="27" w="136" /></phr></stem><stem n="\gb\test"><phr n="\GB\Testing"><ent r="3" t="20" w="372" /></phr></stem><stem n="(&quot;expand"><phr n="(&quot;expander"><ent r="3" t="20" w="385" /></phr></stem><stem n="featur"><phr n="feature"><ent r="3" t="20" w="387" /><ent r="3" t="22" w="462" /><ent r="3" t="44" w="338" /><ent r="3" t="56" w="38" /><ent r="3" t="56" w="66" /></phr><phr n="Feature"><ent r="83" t="22" w="457" /></phr><phr n="features"><ent r="3" t="22" w="1134" /><ent r="3" t="24" w="85" /><ent r="3" t="49" w="173" /><ent r="3" t="57" w="58" /><ent r="3" t="57" w="156" /></phr></stem><stem n="&lt;/none"><phr n="&lt;/none"><ent r="3" t="20" w="408" /><ent r="3" t="20" w="401" /></phr></stem><stem n="&lt;/the"><phr n="&lt;/The"><ent r="3" t="20" w="416" /><ent r="3" t="20" w="409" /><ent r="3" t="27" w="396" /><ent r="3" t="27" w="392" /></phr></stem><stem n="stau"><phr n="Staus"><ent r="3" t="20" w="432" /><ent r="3" t="27" w="412" /></phr></stem><stem n="\b5\displai"><phr n="\B5\Displaying"><ent r="3" t="20" w="435" /></phr></stem><stem n="_"><phr n="_"><ent r="3" t="20" w="437" /></phr></stem><stem n="expander_1"><phr n="expander_1"><ent r="3" t="20" w="441" /><ent r="3" t="20" w="440" /><ent r="3" t="20" w="450" /><ent r="3" t="20" w="449" /><ent r="3" t="20" w="473" /><ent r="3" t="20" w="472" /><ent r="3" t="20" w="547" /><ent r="3" t="20" w="546" /><ent r="3" t="20" w="570" /><ent r="3" t="20" w="569" /></phr><phr n="Expander_1"><ent r="3" t="20" w="445" /><ent r="3" t="20" w="444" /><ent r="3" t="20" w="455" /><ent r="3" t="20" w="454" /><ent r="3" t="20" w="460" /><ent r="3" t="20" w="459" /><ent r="3" t="20" w="465" /><ent r="3" t="20" w="464" /><ent r="3" t="20" w="470" /><ent r="3" t="20" w="469" /><ent r="3" t="20" w="544" /><ent r="3" t="20" w="543" /></phr></stem><stem n="\#hide:expander_1\"><phr n="\#hide:expander_1\"><ent r="3" t="20" w="442" /></phr></stem><stem n="_1"><phr n="_1"><ent r="3" t="20" w="445" /><ent r="3" t="20" w="455" /><ent r="3" t="20" w="460" /><ent r="3" t="20" w="465" /><ent r="3" t="20" w="470" /></phr></stem><stem n="(initi"><phr n="(initially"><ent r="3" t="20" w="446" /><ent r="3" t="20" w="481" /></phr></stem><stem n="hidden"><phr n="hidden"><ent r="3" t="20" w="447" /><ent r="4" t="25" w="281" /><ent r="3" t="44" w="162" /></phr></stem><stem n="\#begin:expander_1\"><phr n="\#begin:expander_1\"><ent r="3" t="20" w="451" /><ent r="3" t="20" w="548" /></phr></stem><stem n="\#end:expander_1\"><phr n="\#end:expander_1\"><ent r="3" t="20" w="474" /><ent r="3" t="20" w="571" /></phr></stem><stem n="expander_2"><phr n="expander_2"><ent r="3" t="20" w="476" /><ent r="3" t="20" w="475" /><ent r="3" t="20" w="485" /><ent r="3" t="20" w="484" /><ent r="3" t="20" w="533" /><ent r="3" t="20" w="532" /></phr><phr n="Expander_2"><ent r="3" t="20" w="480" /><ent r="3" t="20" w="479" /><ent r="3" t="20" w="490" /><ent r="3" t="20" w="489" /><ent r="3" t="20" w="495" /><ent r="3" t="20" w="494" /><ent r="3" t="20" w="500" /><ent r="3" t="20" w="499" /><ent r="3" t="20" w="505" /><ent r="3" t="20" w="504" /><ent r="3" t="20" w="514" /><ent r="3" t="20" w="513" /></phr></stem><stem n="\#show:expander_2\"><phr n="\#show:expander_2\"><ent r="3" t="20" w="477" /></phr></stem><stem n="_2"><phr n="_2"><ent r="3" t="20" w="480" /><ent r="3" t="20" w="490" /><ent r="3" t="20" w="495" /><ent r="3" t="20" w="500" /><ent r="3" t="20" w="505" /><ent r="3" t="20" w="514" /></phr></stem><stem n="\#begin:expander_2\"><phr n="\#begin:expander_2\"><ent r="3" t="20" w="486" /></phr></stem><stem n="expander_3"><phr n="expander_3"><ent r="3" t="20" w="508" /><ent r="3" t="20" w="507" /><ent r="3" t="20" w="517" /><ent r="3" t="20" w="516" /><ent r="3" t="20" w="530" /><ent r="3" t="20" w="529" /></phr><phr n="Expander_3"><ent r="3" t="20" w="510" /><ent r="3" t="20" w="509" /><ent r="3" t="20" w="522" /><ent r="3" t="20" w="521" /><ent r="3" t="20" w="527" /><ent r="3" t="20" w="526" /></phr></stem><stem n="\#hide:expander_3\"><phr n="\#hide:expander_3\"><ent r="3" t="20" w="509" /></phr></stem><stem n="_3"><phr n="_3"><ent r="3" t="20" w="510" /><ent r="3" t="20" w="522" /><ent r="3" t="20" w="527" /></phr></stem><stem n="\#begin:expander_3\"><phr n="\#begin:expander_3\"><ent r="3" t="20" w="518" /></phr></stem><stem n="\#end:expander_3\"><phr n="\#end:expander_3\"><ent r="3" t="20" w="531" /></phr></stem><stem n="\#end:expander_2\"><phr n="\#end:expander_2\"><ent r="3" t="20" w="534" /></phr></stem><stem n="expander_4"><phr n="expander_4"><ent r="3" t="20" w="536" /><ent r="3" t="20" w="535" /></phr><phr n="Expander_4"><ent r="3" t="20" w="540" /><ent r="3" t="20" w="539" /><ent r="3" t="20" w="552" /><ent r="3" t="20" w="551" /><ent r="3" t="20" w="557" /><ent r="3" t="20" w="556" /><ent r="3" t="20" w="562" /><ent r="3" t="20" w="561" /><ent r="3" t="20" w="567" /><ent r="3" t="20" w="566" /></phr></stem><stem n="\#hide:expander_4\"><phr n="\#hide:expander_4\"><ent r="3" t="20" w="537" /></phr></stem><stem n="_4"><phr n="_4"><ent r="3" t="20" w="540" /><ent r="3" t="20" w="552" /><ent r="3" t="20" w="557" /><ent r="3" t="20" w="562" /><ent r="3" t="20" w="567" /></phr></stem><stem n="(control"><phr n="(controlled"><ent r="3" t="20" w="541" /></phr></stem><stem n="_1)"><phr n="_1)"><ent r="3" t="20" w="545" /></phr></stem><stem n="piec"><phr n="piece"><ent r="3" t="21" w="31" /><ent r="3" t="24" w="2742" /></phr></stem><stem n="hardwar"><phr n="hardware"><ent r="3" t="21" w="33" /></phr></stem><stem n="independ"><phr n="independent"><ent r="3" t="21" w="37" /><ent r="3" t="21" w="52" /><ent r="3" t="21" w="669" /><ent r="3" t="21" w="746" /></phr><phr n="independently"><ent r="3" t="21" w="481" /></phr></stem><stem n="-memori"><phr n="-memory"><ent r="3" t="21" w="55" /><ent r="3" t="21" w="55" /></phr></stem><stem n="low-memori"><phr n="low-memory"><ent r="3" t="21" w="55" /></phr></stem><stem n="&quot;alarm"><phr n="&quot;alarm"><ent r="3" t="21" w="70" /></phr><phr n="&quot;Alarm"><ent r="3" t="22" w="1290" /></phr></stem><stem n="track"><phr n="tracks"><ent r="3" t="21" w="100" /></phr><phr n="track"><ent r="3" t="53" w="50" /></phr></stem><stem n="reflect"><phr n="reflect"><ent r="3" t="21" w="133" /></phr><phr n="reflects"><ent r="3" t="22" w="926" /></phr></stem><stem n="seriou"><phr n="serious"><ent r="3" t="21" w="136" /><ent r="3" t="21" w="303" /><ent r="3" t="21" w="361" /><ent r="3" t="21" w="510" /></phr></stem><stem n="five"><phr n="five"><ent r="3" t="21" w="151" /><ent r="4" t="21" w="842" /><ent r="4" t="22" w="331" /><ent r="3" t="42" w="37" /><ent r="6" t="70" w="2301" /></phr></stem><stem n="quick"><phr n="quick"><ent r="3" t="21" w="160" /><ent r="4" t="66" w="94" /></phr></stem><stem n="&quot;clear&quot;"><phr n="&quot;clear&quot;"><ent r="5" t="21" w="190" /><ent r="4" t="22" w="808" /><ent r="4" t="22" w="849" /></phr><phr n="&quot;Clear&quot;"><ent r="3" t="22" w="306" /></phr></stem><stem n="major"><phr n="Major"><ent r="5" t="21" w="192" /><ent r="3" t="21" w="347" /></phr><phr n="major"><ent r="4" t="21" w="850" /><ent r="3" t="22" w="73" /><ent r="4" t="22" w="134" /><ent r="3" t="22" w="1240" /><ent r="3" t="22" w="1442" /><ent r="3" t="23" w="195" /><ent r="3" t="57" w="57" /><ent r="3" t="70" w="199" /></phr><phr n="MAJOR"><ent r="4" t="22" w="376" /></phr><phr n="majority"><ent r="3" t="64" w="218" /></phr></stem><stem n="significantli"><phr n="significantly"><ent r="5" t="21" w="200" /></phr></stem><stem n="solid"><phr n="Solid"><ent r="5" t="21" w="205" /></phr><phr n="solid"><ent r="3" t="21" w="333" /><ent r="3" t="21" w="383" /></phr></stem><stem n="serious"><phr n="seriously"><ent r="5" t="21" w="212" /></phr></stem><stem n="degrad"><phr n="degraded"><ent r="5" t="21" w="213" /></phr></stem><stem n="blink"><phr n="Blinking"><ent r="5" t="21" w="217" /></phr></stem><stem n="unrespons"><phr n="unresponsive"><ent r="5" t="21" w="222" /></phr></stem><stem n="known"><phr n="known"><ent r="5" t="21" w="227" /><ent r="4" t="22" w="697" /><ent r="6" t="68" w="691" /></phr><phr n="Known"><ent r="82" t="61" w="401" /></phr></stem></index>