<?xml version="1.0" encoding="utf-8"?><index><stem n="bracket"><phr n="bracketed"><ent r="3" t="4" w="45" /><ent r="3" t="11" w="44" /><ent r="3" t="13" w="477" /></phr><phr n="brackets"><ent r="3" t="7" w="397" /><ent r="4" t="35" w="807" /></phr></stem><stem n="-name&gt;"><phr n="-name&gt;"><ent r="3" t="4" w="48" /><ent r="3" t="4" w="48" /></phr></stem><stem n="&lt;section"><phr n="&lt;section"><ent r="3" t="4" w="48" /></phr></stem><stem n="&lt;section-name&gt;"><phr n="&lt;section-name&gt;"><ent r="3" t="4" w="48" /></phr></stem><stem n="name&gt;"><phr n="name&gt;"><ent r="3" t="4" w="49" /><ent r="3" t="4" w="52" /><ent r="5" t="49" w="306" /></phr></stem><stem n="..."><phr n="..."><ent r="3" t="4" w="50" /><ent r="5" t="4" w="762" /><ent r="3" t="6" w="62" /><ent r="3" t="8" w="86" /><ent r="3" t="19" w="325" /><ent r="3" t="19" w="328" /><ent r="3" t="19" w="1782" /><ent r="3" t="19" w="1847" /><ent r="3" t="22" w="1310" /><ent r="4" t="24" w="446" /><ent r="4" t="24" w="457" /><ent r="3" t="24" w="1164" /><ent r="3" t="31" w="160" /><ent r="3" t="32" w="718" /><ent r="6" t="34" w="783" /><ent r="6" t="34" w="789" /><ent r="6" t="34" w="812" /><ent r="6" t="34" w="818" /><ent r="3" t="35" w="72" /><ent r="4" t="40" w="731" /><ent r="5" t="49" w="59" /><ent r="5" t="50" w="179" /><ent r="5" t="55" w="723" /><ent r="3" t="55" w="1116" /><ent r="3" t="55" w="1159" /><ent r="3" t="56" w="190" /><ent r="3" t="56" w="203" /><ent r="3" t="59" w="32" /><ent r="3" t="59" w="37" /><ent r="3" t="59" w="377" /><ent r="6" t="65" w="363" /><ent r="5" t="67" w="224" /><ent r="6" t="68" w="800" /><ent r="7" t="70" w="1172" /><ent r="7" t="70" w="1283" /><ent r="4" t="71" w="247" /></phr></stem><stem n="&lt;"><phr n="&lt;"><ent r="3" t="4" w="50" /><ent r="3" t="5" w="52" /><ent r="3" t="5" w="785" /><ent r="3" t="6" w="62" /><ent r="3" t="7" w="87" /><ent r="3" t="7" w="493" /><ent r="3" t="7" w="606" /><ent r="3" t="8" w="86" /><ent r="3" t="8" w="246" /><ent r="3" t="8" w="646" /><ent r="3" t="8" w="815" /><ent r="3" t="10" w="313" /><ent r="4" t="12" w="57" /><ent r="3" t="12" w="85" /><ent r="3" t="13" w="1891" /><ent r="3" t="13" w="1908" /><ent r="3" t="13" w="1946" /><ent r="3" t="13" w="1991" /><ent r="3" t="13" w="2013" /><ent r="3" t="13" w="2086" /><ent r="3" t="14" w="50" /><ent r="3" t="14" w="191" /><ent r="3" t="14" w="201" /><ent r="3" t="14" w="409" /><ent r="3" t="14" w="449" /><ent r="3" t="14" w="580" /><ent r="3" t="14" w="601" /><ent r="3" t="14" w="706" /><ent r="3" t="14" w="731" /><ent r="3" t="14" w="810" /><ent r="3" t="14" w="1046" /><ent r="3" t="14" w="1053" /><ent r="3" t="14" w="1078" /><ent r="3" t="14" w="1117" /><ent r="3" t="14" w="1135" /><ent r="3" t="14" w="1326" /><ent r="3" t="15" w="358" /><ent r="3" t="16" w="186" /><ent r="3" t="16" w="1237" /><ent r="3" t="17" w="194" /><ent r="3" t="17" w="208" /><ent r="3" t="17" w="355" /><ent r="3" t="17" w="356" /><ent r="3" t="18" w="47" /><ent r="3" t="18" w="199" /><ent r="3" t="19" w="597" /><ent r="3" t="19" w="618" /><ent r="3" t="19" w="640" /><ent r="3" t="19" w="662" /><ent r="3" t="19" w="675" /><ent r="3" t="19" w="689" /><ent r="3" t="19" w="702" /><ent r="3" t="19" w="710" /><ent r="3" t="19" w="1072" /><ent r="3" t="19" w="1083" /><ent r="3" t="19" w="1136" /><ent r="3" t="19" w="1368" /><ent r="3" t="19" w="1650" /><ent r="3" t="19" w="1661" /><ent r="3" t="19" w="1671" /><ent r="3" t="19" w="1681" /><ent r="3" t="19" w="1691" /><ent r="3" t="19" w="1700" /><ent r="3" t="19" w="1709" /><ent r="3" t="19" w="1719" /><ent r="3" t="19" w="1723" /><ent r="3" t="19" w="1785" /><ent r="3" t="19" w="1854" /><ent r="3" t="20" w="188" /><ent r="3" t="20" w="290" /><ent r="3" t="20" w="359" /><ent r="3" t="20" w="366" /><ent r="3" t="20" w="391" /><ent r="3" t="20" w="395" /><ent r="3" t="20" w="401" /><ent r="3" t="20" w="409" /><ent r="3" t="20" w="571" /><ent r="3" t="22" w="82" /><ent r="3" t="22" w="1306" /><ent r="3" t="22" w="1310" /><ent r="3" t="22" w="1369" /><ent r="3" t="22" w="1382" /><ent r="3" t="22" w="1537" /><ent r="3" t="22" w="1576" /><ent r="3" t="23" w="204" /><ent r="3" t="23" w="221" /><ent r="4" t="24" w="141" /><ent r="4" t="24" w="143" /><ent r="4" t="24" w="356" /><ent r="4" t="24" w="358" /><ent r="7" t="24" w="2601" /><ent r="3" t="24" w="2836" /><ent r="3" t="25" w="42" /><ent r="3" t="25" w="84" /><ent r="3" t="27" w="9" /><ent r="3" t="27" w="126" /><ent r="3" t="27" w="136" /><ent r="3" t="27" w="301" /><ent r="3" t="27" w="341" /><ent r="3" t="27" w="392" /><ent r="3" t="27" w="424" /><ent r="3" t="27" w="434" /><ent r="3" t="29" w="569" /><ent r="3" t="29" w="727" /><ent r="3" t="29" w="1003" /><ent r="3" t="29" w="1063" /><ent r="3" t="29" w="1110" /><ent r="3" t="32" w="20" /><ent r="3" t="32" w="150" /><ent r="3" t="32" w="705" /><ent r="3" t="32" w="707" /><ent r="3" t="32" w="1143" /><ent r="3" t="32" w="1508" /><ent r="3" t="32" w="1724" /><ent r="3" t="35" w="73" /><ent r="5" t="35" w="1761" /><ent r="3" t="35" w="1781" /><ent r="3" t="39" w="82" /><ent r="3" t="39" w="164" /><ent r="3" t="39" w="425" /><ent r="3" t="39" w="443" /><ent r="3" t="39" w="597" /><ent r="3" t="39" w="628" /><ent r="3" t="40" w="1150" /><ent r="5" t="41" w="370" /><ent r="3" t="41" w="531" /><ent r="3" t="44" w="59" /><ent r="3" t="44" w="268" /><ent r="4" t="44" w="321" /><ent r="3" t="44" w="432" /><ent r="3" t="44" w="478" /><ent r="3" t="44" w="501" /><ent r="3" t="44" w="507" /><ent r="3" t="44" w="523" /><ent r="3" t="44" w="530" /><ent r="3" t="44" w="569" /><ent r="3" t="44" w="574" /><ent r="3" t="44" w="688" /><ent r="3" t="44" w="697" /><ent r="3" t="44" w="740" /><ent r="3" t="44" w="759" /><ent r="3" t="44" w="762" /><ent r="3" t="44" w="788" /><ent r="3" t="44" w="795" /><ent r="3" t="44" w="825" /><ent r="3" t="44" w="832" /><ent r="3" t="44" w="857" /><ent r="3" t="44" w="940" /><ent r="3" t="45" w="74" /><ent r="3" t="45" w="124" /><ent r="3" t="45" w="165" /><ent r="3" t="45" w="168" /><ent r="3" t="45" w="178" /><ent r="3" t="45" w="198" /><ent r="3" t="45" w="216" /><ent r="3" t="46" w="220" /><ent r="3" t="46" w="326" /><ent r="3" t="46" w="369" /><ent r="3" t="46" w="372" /><ent r="3" t="46" w="385" /><ent r="3" t="46" w="410" /><ent r="3" t="46" w="415" /><ent r="3" t="46" w="445" /><ent r="3" t="46" w="493" /><ent r="3" t="48" w="9" /><ent r="3" t="48" w="58" /><ent r="3" t="48" w="185" /><ent r="3" t="48" w="200" /><ent r="3" t="48" w="216" /><ent r="3" t="48" w="250" /><ent r="3" t="48" w="266" /><ent r="3" t="49" w="475" /><ent r="3" t="49" w="540" /><ent r="3" t="49" w="586" /><ent r="3" t="49" w="593" /><ent r="3" t="49" w="609" /><ent r="3" t="49" w="649" /><ent r="3" t="49" w="666" /><ent r="3" t="49" w="939" /><ent r="5" t="66" w="300" /><ent r="5" t="66" w="321" /><ent r="3" t="67" w="98" /><ent r="3" t="67" w="122" /><ent r="3" t="67" w="125" /><ent r="3" t="67" w="158" /><ent r="3" t="67" w="161" /><ent r="7" t="68" w="141" /><ent r="7" t="70" w="1404" /><ent r="7" t="70" w="1717" /><ent r="6" t="70" w="1766" /></phr></stem><stem n="/section-name&gt;"><phr n="/section-name&gt;"><ent r="3" t="4" w="51" /></phr></stem><stem n="section-name&gt;"><phr n="section-name&gt;"><ent r="3" t="4" w="51" /></phr></stem><stem n="separ"><phr n="separate"><ent r="3" t="4" w="60" /><ent r="3" t="14" w="329" /><ent r="3" t="19" w="61" /><ent r="3" t="21" w="36" /><ent r="3" t="21" w="682" /><ent r="3" t="22" w="1210" /><ent r="3" t="24" w="2726" /><ent r="3" t="26" w="305" /><ent r="4" t="37" w="386" /><ent r="4" t="37" w="2301" /><ent r="3" t="37" w="2920" /><ent r="4" t="47" w="545" /><ent r="4" t="49" w="265" /><ent r="3" t="61" w="840" /><ent r="6" t="68" w="810" /><ent r="3" t="71" w="125" /></phr><phr n="separated"><ent r="6" t="5" w="487" /><ent r="100" t="5" w="502" /><ent r="3" t="5" w="1238" /><ent r="100" t="16" w="79" /><ent r="3" t="16" w="96" /><ent r="100" t="16" w="368" /><ent r="3" t="16" w="398" /><ent r="6" t="16" w="654" /><ent r="3" t="19" w="557" /><ent r="3" t="19" w="752" /><ent r="4" t="21" w="871" /><ent r="4" t="24" w="1265" /><ent r="3" t="26" w="68" /><ent r="4" t="31" w="200" /><ent r="4" t="31" w="247" /><ent r="4" t="35" w="384" /><ent r="4" t="40" w="727" /><ent r="4" t="47" w="579" /><ent r="6" t="70" w="1990" /><ent r="3" t="78" w="50" /></phr><phr n="separately"><ent r="3" t="21" w="107" /></phr></stem><stem n="exampl"><phr n="example"><ent r="64" t="4" w="65" /><ent r="6" t="5" w="270" /><ent r="6" t="5" w="338" /><ent r="6" t="5" w="629" /><ent r="3" t="5" w="756" /><ent r="3" t="5" w="1333" /><ent r="3" t="5" w="1410" /><ent r="3" t="7" w="567" /><ent r="3" t="10" w="138" /><ent r="7" t="11" w="400" /><ent r="7" t="11" w="406" /><ent r="7" t="11" w="412" /><ent r="3" t="11" w="441" /><ent r="4" t="11" w="483" /><ent r="4" t="11" w="501" /><ent r="4" t="11" w="517" /><ent r="3" t="13" w="536" /><ent r="3" t="13" w="2064" /><ent r="3" t="13" w="2264" /><ent r="3" t="13" w="2267" /><ent r="3" t="13" w="2522" /><ent r="3" t="14" w="37" /><ent r="3" t="14" w="717" /><ent r="3" t="14" w="822" /><ent r="3" t="14" w="929" /><ent r="6" t="16" w="690" /><ent r="4" t="16" w="1656" /><ent r="3" t="16" w="1701" /><ent r="3" t="16" w="1768" /><ent r="3" t="16" w="1919" /><ent r="4" t="17" w="391" /><ent r="3" t="19" w="274" /><ent r="3" t="19" w="482" /><ent r="3" t="19" w="717" /><ent r="3" t="19" w="1005" /><ent r="3" t="19" w="1144" /><ent r="3" t="19" w="1301" /><ent r="3" t="19" w="1421" /><ent r="3" t="19" w="1557" /><ent r="3" t="21" w="42" /><ent r="3" t="21" w="365" /><ent r="3" t="22" w="46" /><ent r="4" t="22" w="196" /><ent r="4" t="22" w="354" /><ent r="4" t="22" w="404" /><ent r="3" t="22" w="605" /><ent r="3" t="22" w="1156" /><ent r="3" t="22" w="1293" /><ent r="3" t="23" w="228" /><ent r="65" t="24" w="281" /><ent r="65" t="24" w="871" /><ent r="3" t="24" w="2736" /><ent r="3" t="24" w="3058" /><ent r="3" t="25" w="48" /><ent r="3" t="26" w="668" /><ent r="3" t="26" w="711" /><ent r="3" t="26" w="845" /><ent r="3" t="28" w="110" /><ent r="3" t="29" w="550" /><ent r="3" t="29" w="576" /><ent r="64" t="29" w="624" /><ent r="3" t="32" w="13" /><ent r="3" t="34" w="55" /><ent r="3" t="34" w="103" /><ent r="3" t="34" w="148" /><ent r="3" t="34" w="511" /><ent r="3" t="34" w="655" /><ent r="3" t="34" w="972" /><ent r="3" t="34" w="989" /><ent r="3" t="35" w="126" /><ent r="4" t="35" w="862" /><ent r="3" t="35" w="1487" /><ent r="3" t="35" w="1562" /><ent r="3" t="37" w="95" /><ent r="3" t="37" w="213" /><ent r="3" t="37" w="1561" /><ent r="3" t="40" w="1133" /><ent r="3" t="40" w="1278" /><ent r="4" t="41" w="152" /><ent r="4" t="41" w="259" /><ent r="3" t="42" w="107" /><ent r="3" t="44" w="198" /><ent r="3" t="44" w="202" /><ent r="3" t="44" w="262" /><ent r="4" t="46" w="178" /><ent r="82" t="46" w="193" /><ent r="3" t="49" w="26" /><ent r="4" t="49" w="203" /><ent r="4" t="49" w="314" /><ent r="4" t="49" w="363" /><ent r="3" t="54" w="135" /><ent r="3" t="54" w="334" /><ent r="3" t="54" w="420" /><ent r="3" t="55" w="929" /><ent r="3" t="55" w="967" /><ent r="3" t="58" w="161" /><ent r="3" t="59" w="177" /><ent r="3" t="62" w="70" /><ent r="3" t="62" w="83" /><ent r="3" t="64" w="262" /><ent r="4" t="66" w="314" /><ent r="6" t="68" w="279" /><ent r="3" t="69" w="30" /><ent r="4" t="70" w="1607" /><ent r="7" t="70" w="2055" /><ent r="7" t="70" w="2123" /><ent r="6" t="70" w="2435" /><ent r="3" t="78" w="148" /><ent r="3" t="78" w="222" /></phr><phr n="Example"><ent r="6" t="5" w="571" /><ent r="3" t="5" w="760" /><ent r="3" t="5" w="767" /><ent r="64" t="6" w="80" /><ent r="3" t="7" w="157" /><ent r="100" t="7" w="553" /><ent r="92" t="7" w="557" /><ent r="4" t="8" w="227" /><ent r="4" t="8" w="792" /><ent r="64" t="11" w="63" /><ent r="3" t="12" w="83" /><ent r="3" t="12" w="132" /><ent r="72" t="13" w="2214" /><ent r="92" t="14" w="34" /><ent r="3" t="14" w="347" /><ent r="92" t="14" w="714" /><ent r="4" t="16" w="2142" /><ent r="4" t="16" w="2198" /><ent r="3" t="24" w="930" /><ent r="3" t="24" w="1040" /><ent r="3" t="24" w="1099" /><ent r="3" t="24" w="1365" /><ent r="3" t="24" w="1929" /><ent r="1000" t="27" w="3" /><ent r="102" t="27" w="7" /><ent r="64" t="28" w="346" /><ent r="1000" t="32" w="1" /><ent r="102" t="32" w="6" /><ent r="64" t="34" w="107" /><ent r="64" t="35" w="131" /><ent r="4" t="35" w="393" /><ent r="4" t="35" w="490" /><ent r="100" t="35" w="595" /><ent r="4" t="35" w="599" /><ent r="4" t="35" w="866" /><ent r="4" t="35" w="892" /><ent r="4" t="35" w="1005" /><ent r="4" t="35" w="1076" /><ent r="4" t="35" w="1178" /><ent r="4" t="35" w="1206" /><ent r="4" t="35" w="1267" /><ent r="4" t="35" w="1366" /><ent r="4" t="35" w="1557" /><ent r="4" t="35" w="1779" /><ent r="100" t="37" w="112" /><ent r="64" t="37" w="116" /><ent r="3" t="37" w="1054" /><ent r="3" t="37" w="1124" /><ent r="4" t="37" w="1548" /><ent r="4" t="37" w="1975" /><ent r="4" t="37" w="2444" /><ent r="4" t="37" w="2571" /><ent r="4" t="37" w="2686" /><ent r="4" t="37" w="2785" /><ent r="4" t="37" w="3041" /><ent r="4" t="37" w="3109" /><ent r="4" t="37" w="3216" /><ent r="4" t="37" w="3415" /><ent r="4" t="37" w="3591" /><ent r="4" t="37" w="3629" /><ent r="100" t="37" w="3865" /><ent r="100" t="37" w="3868" /><ent r="92" t="37" w="3871" /><ent r="1000" t="39" w="1" /><ent r="100" t="39" w="12" /><ent r="102" t="39" w="64" /><ent r="64" t="40" w="500" /><ent r="4" t="40" w="808" /><ent r="64" t="40" w="1085" /><ent r="3" t="41" w="518" /><ent r="64" t="43" w="90" /><ent r="92" t="44" w="430" /><ent r="92" t="44" w="695" /><ent r="1000" t="45" w="4" /><ent r="102" t="45" w="9" /><ent r="100" t="45" w="81" /><ent r="3" t="45" w="86" /><ent r="3" t="45" w="117" /><ent r="82" t="47" w="593" /><ent r="1000" t="48" w="3" /><ent r="102" t="48" w="7" /><ent r="3" t="48" w="15" /><ent r="1000" t="49" w="4" /><ent r="102" t="49" w="9" /><ent r="4" t="55" w="473" /><ent r="4" t="55" w="517" /><ent r="4" t="55" w="579" /><ent r="4" t="55" w="634" /><ent r="3" t="55" w="946" /><ent r="4" t="56" w="80" /><ent r="4" t="58" w="188" /><ent r="3" t="60" w="128" /><ent r="3" t="60" w="163" /><ent r="3" t="60" w="198" /><ent r="3" t="61" w="305" /><ent r="3" t="61" w="384" /><ent r="100" t="66" w="193" /><ent r="92" t="66" w="197" /><ent r="100" t="67" w="75" /><ent r="92" t="67" w="79" /><ent r="6" t="70" w="1183" /><ent r="6" t="70" w="2047" /><ent r="6" t="70" w="2115" /><ent r="6" t="70" w="2399" /></phr><phr n="Examples"><ent r="82" t="11" w="347" /><ent r="72" t="13" w="1649" /><ent r="72" t="13" w="1869" /><ent r="3" t="24" w="982" /><ent r="3" t="24" w="1146" /><ent r="3" t="24" w="1986" /><ent r="3" t="24" w="2316" /><ent r="3" t="24" w="2641" /><ent r="3" t="26" w="87" /><ent r="4" t="26" w="325" /><ent r="3" t="26" w="358" /><ent r="3" t="26" w="938" /><ent r="4" t="35" w="692" /><ent r="4" t="35" w="1684" /><ent r="4" t="37" w="1721" /><ent r="4" t="37" w="3496" /><ent r="92" t="55" w="471" /><ent r="64" t="57" w="211" /><ent r="3" t="57" w="213" /><ent r="1000" t="61" w="4" /><ent r="102" t="61" w="9" /></phr><phr n="examples"><ent r="3" t="11" w="428" /><ent r="4" t="11" w="465" /><ent r="3" t="13" w="1874" /><ent r="3" t="13" w="2254" /><ent r="3" t="16" w="1424" /><ent r="3" t="26" w="98" /><ent r="3" t="29" w="886" /><ent r="3" t="31" w="158" /><ent r="64" t="34" w="600" /><ent r="3" t="34" w="757" /><ent r="4" t="37" w="482" /><ent r="3" t="37" w="968" /><ent r="3" t="37" w="1090" /><ent r="3" t="37" w="1765" /><ent r="3" t="37" w="2988" /><ent r="3" t="40" w="571" /><ent r="3" t="44" w="335" /><ent r="3" t="59" w="214" /><ent r="3" t="61" w="21" /><ent r="64" t="62" w="120" /><ent r="3" t="75" w="10" /><ent r="3" t="75" w="22" /></phr></stem><stem n="while"><phr n="while"><ent r="3" t="4" w="69" /><ent r="3" t="19" w="1152" /><ent r="3" t="37" w="1281" /><ent r="3" t="61" w="490" /><ent r="3" t="61" w="723" /><ent r="3" t="61" w="776" /><ent r="3" t="66" w="227" /></phr><phr n="While"><ent r="3" t="5" w="70" /><ent r="3" t="44" w="347" /><ent r="3" t="61" w="1271" /></phr></stem><stem n="subsequ"><phr n="subsequent"><ent r="3" t="4" w="72" /><ent r="3" t="34" w="688" /><ent r="4" t="35" w="837" /><ent r="4" t="37" w="425" /><ent r="3" t="37" w="2843" /><ent r="3" t="37" w="3264" /><ent r="3" t="37" w="3430" /><ent r="3" t="54" w="406" /></phr><phr n="Subsequent"><ent r="4" t="11" w="143" /><ent r="3" t="37" w="3480" /><ent r="4" t="37" w="3514" /></phr></stem><stem n="&lt;header&gt;"><phr n="&lt;header&gt;"><ent r="64" t="4" w="82" /><ent r="4" t="4" w="89" /><ent r="1000" t="5" w="2" /><ent r="103" t="5" w="7" /><ent r="4" t="5" w="13" /><ent r="3" t="5" w="46" /><ent r="6" t="5" w="556" /><ent r="5" t="5" w="611" /><ent r="3" t="5" w="743" /><ent r="4" t="5" w="798" /><ent r="65" t="5" w="811" /><ent r="7" t="5" w="1129" /><ent r="3" t="14" w="149" /><ent r="3" t="14" w="779" /><ent r="66" t="15" w="273" /><ent r="3" t="15" w="352" /><ent r="3" t="20" w="325" /><ent r="3" t="22" w="1276" /><ent r="3" t="27" w="91" /><ent r="3" t="32" w="119" /><ent r="66" t="34" w="183" /><ent r="3" t="39" w="120" /><ent r="66" t="40" w="119" /><ent r="3" t="44" w="450" /><ent r="3" t="44" w="709" /><ent r="3" t="45" w="100" /><ent r="3" t="46" w="299" /><ent r="5" t="47" w="879" /><ent r="3" t="48" w="29" /><ent r="3" t="49" w="511" /></phr></stem><stem n="definit"><phr n="definition"><ent r="3" t="4" w="95" /><ent r="6" t="5" w="359" /><ent r="3" t="5" w="1376" /><ent r="3" t="5" w="1407" /><ent r="3" t="7" w="467" /><ent r="3" t="13" w="2067" /><ent r="3" t="13" w="2481" /><ent r="3" t="16" w="90" /><ent r="3" t="16" w="392" /><ent r="3" t="19" w="548" /><ent r="3" t="19" w="1039" /><ent r="4" t="26" w="608" /><ent r="3" t="78" w="188" /><ent r="3" t="78" w="219" /></phr><phr n="definitions"><ent r="3" t="16" w="408" /></phr><phr n="DEFINITIONS"><ent r="3" t="33" w="68" /></phr></stem><stem n="identifi"><phr n="identified"><ent r="3" t="4" w="101" /></phr><phr n="identifies"><ent r="3" t="5" w="62" /><ent r="4" t="5" w="1328" /><ent r="4" t="8" w="106" /><ent r="4" t="8" w="668" /><ent r="3" t="27" w="274" /><ent r="4" t="78" w="140" /></phr><phr n="identifier"><ent r="6" t="5" w="246" /><ent r="6" t="5" w="335" /><ent r="6" t="5" w="342" /><ent r="6" t="5" w="368" /><ent r="5" t="5" w="408" /><ent r="3" t="23" w="41" /></phr><phr n="identifiers"><ent r="6" t="5" w="306" /></phr><phr n="identify"><ent r="3" t="27" w="210" /><ent r="3" t="37" w="1443" /><ent r="3" t="37" w="3833" /><ent r="3" t="56" w="289" /></phr><phr n="IDENTIFIER"><ent r="3" t="33" w="164" /><ent r="3" t="33" w="169" /><ent r="3" t="33" w="394" /></phr></stem><stem n="name"><phr n="name"><ent r="3" t="4" w="104" /><ent r="3" t="5" w="40" /><ent r="3" t="5" w="49" /><ent r="6" t="5" w="256" /><ent r="100" t="5" w="321" /><ent r="6" t="5" w="328" /><ent r="6" t="5" w="351" /><ent r="6" t="5" w="398" /><ent r="5" t="5" w="411" /><ent r="100" t="5" w="423" /><ent r="6" t="5" w="426" /><ent r="100" t="5" w="522" /><ent r="6" t="5" w="525" /><ent r="6" t="5" w="534" /><ent r="6" t="5" w="563" /><ent r="6" t="5" w="574" /><ent r="3" t="5" w="754" /><ent r="3" t="5" w="759" /><ent r="3" t="5" w="765" /><ent r="5" t="5" w="1247" /><ent r="4" t="5" w="1289" /><ent r="5" t="5" w="1326" /><ent r="3" t="5" w="1367" /><ent r="3" t="5" w="1370" /><ent r="3" t="5" w="1384" /><ent r="3" t="5" w="1393" /><ent r="3" t="5" w="1396" /><ent r="3" t="5" w="1421" /><ent r="3" t="7" w="73" /><ent r="3" t="7" w="83" /><ent r="3" t="7" w="92" /><ent r="3" t="7" w="141" /><ent r="3" t="7" w="148" /><ent r="3" t="7" w="299" /><ent r="3" t="7" w="312" /><ent r="3" t="7" w="334" /><ent r="5" t="13" w="149" /><ent r="5" t="13" w="161" /><ent r="5" t="13" w="313" /><ent r="3" t="13" w="436" /><ent r="3" t="13" w="458" /><ent r="3" t="13" w="491" /><ent r="3" t="13" w="523" /><ent r="5" t="13" w="639" /><ent r="5" t="13" w="1285" /><ent r="3" t="14" w="103" /><ent r="3" t="14" w="160" /><ent r="3" t="14" w="165" /><ent r="3" t="14" w="184" /><ent r="3" t="14" w="465" /><ent r="3" t="14" w="787" /><ent r="3" t="14" w="791" /><ent r="3" t="14" w="803" /><ent r="3" t="14" w="927" /><ent r="3" t="14" w="951" /><ent r="3" t="14" w="991" /><ent r="3" t="14" w="1212" /><ent r="3" t="14" w="1275" /><ent r="100" t="15" w="25" /><ent r="4" t="15" w="285" /><ent r="100" t="16" w="16" /><ent r="3" t="16" w="100" /><ent r="3" t="16" w="119" /><ent r="4" t="16" w="420" /><ent r="4" t="16" w="484" /><ent r="3" t="16" w="1172" /><ent r="4" t="16" w="1319" /><ent r="4" t="16" w="1568" /><ent r="4" t="16" w="1576" /><ent r="4" t="16" w="1646" /><ent r="3" t="16" w="2090" /><ent r="4" t="17" w="409" /><ent r="3" t="19" w="476" /><ent r="3" t="19" w="512" /><ent r="3" t="19" w="678" /><ent r="3" t="19" w="692" /><ent r="3" t="19" w="705" /><ent r="4" t="19" w="771" /><ent r="4" t="19" w="846" /><ent r="4" t="19" w="850" /><ent r="4" t="19" w="903" /><ent r="3" t="19" w="1317" /><ent r="3" t="19" w="1767" /><ent r="3" t="19" w="1796" /><ent r="3" t="19" w="1826" /><ent r="4" t="19" w="1874" /><ent r="3" t="20" w="237" /><ent r="3" t="20" w="244" /><ent r="3" t="20" w="264" /><ent r="3" t="20" w="333" /><ent r="3" t="20" w="338" /><ent r="3" t="20" w="353" /><ent r="3" t="22" w="32" /><ent r="4" t="22" w="98" /><ent r="4" t="22" w="349" /><ent r="3" t="22" w="600" /><ent r="3" t="22" w="1285" /><ent r="3" t="22" w="1289" /><ent r="3" t="23" w="78" /><ent r="3" t="23" w="101" /><ent r="4" t="24" w="676" /><ent r="3" t="24" w="901" /><ent r="4" t="24" w="1673" /><ent r="4" t="24" w="1678" /><ent r="4" t="24" w="1683" /><ent r="4" t="24" w="1688" /><ent r="4" t="26" w="268" /><ent r="3" t="26" w="299" /><ent r="3" t="26" w="993" /><ent r="3" t="27" w="53" /><ent r="3" t="27" w="99" /><ent r="3" t="27" w="103" /><ent r="3" t="27" w="119" /><ent r="3" t="27" w="169" /><ent r="3" t="27" w="191" /><ent r="3" t="27" w="227" /><ent r="3" t="27" w="355" /><ent r="4" t="29" w="130" /><ent r="3" t="29" w="842" /><ent r="3" t="29" w="848" /><ent r="3" t="29" w="873" /><ent r="3" t="29" w="893" /><ent r="4" t="31" w="196" /><ent r="3" t="32" w="95" /><ent r="3" t="32" w="107" /><ent r="3" t="32" w="115" /><ent r="3" t="32" w="128" /><ent r="3" t="32" w="132" /><ent r="3" t="32" w="146" /><ent r="4" t="34" w="195" /><ent r="4" t="34" w="917" /><ent r="100" t="35" w="1165" /><ent r="3" t="35" w="1168" /><ent r="5" t="37" w="3112" /><ent r="5" t="37" w="3120" /><ent r="5" t="37" w="3131" /><ent r="5" t="37" w="3141" /><ent r="100" t="39" w="133" /><ent r="3" t="39" w="136" /><ent r="100" t="39" w="141" /><ent r="3" t="39" w="144" /><ent r="4" t="40" w="131" /><ent r="100" t="40" w="374" /><ent r="5" t="40" w="754" /><ent r="4" t="41" w="273" /><ent r="3" t="44" w="132" /><ent r="3" t="44" w="150" /><ent r="3" t="44" w="157" /><ent r="3" t="44" w="211" /><ent r="3" t="44" w="458" /><ent r="3" t="44" w="463" /><ent r="3" t="44" w="473" /><ent r="3" t="44" w="717" /><ent r="3" t="44" w="722" /><ent r="3" t="44" w="732" /><ent r="3" t="45" w="108" /><ent r="3" t="45" w="112" /><ent r="5" t="46" w="121" /><ent r="5" t="46" w="136" /><ent r="3" t="46" w="284" /><ent r="3" t="46" w="307" /><ent r="3" t="46" w="311" /><ent r="3" t="46" w="321" /><ent r="4" t="47" w="320" /><ent r="4" t="47" w="559" /><ent r="4" t="47" w="837" /><ent r="3" t="48" w="37" /><ent r="3" t="48" w="41" /><ent r="3" t="48" w="51" /><ent r="4" t="49" w="103" /><ent r="3" t="49" w="519" /><ent r="3" t="49" w="523" /><ent r="3" t="49" w="534" /><ent r="3" t="49" w="849" /><ent r="100" t="50" w="145" /><ent r="4" t="50" w="155" /><ent r="4" t="54" w="87" /><ent r="4" t="55" w="250" /><ent r="3" t="55" w="540" /><ent r="3" t="55" w="600" /><ent r="3" t="56" w="70" /><ent r="3" t="56" w="256" /><ent r="3" t="59" w="249" /><ent r="3" t="60" w="196" /><ent r="3" t="61" w="274" /><ent r="3" t="61" w="287" /><ent r="3" t="61" w="360" /><ent r="3" t="61" w="1037" /><ent r="3" t="61" w="1045" /><ent r="4" t="66" w="105" /><ent r="4" t="66" w="165" /><ent r="6" t="68" w="179" /><ent r="6" t="68" w="200" /><ent r="6" t="68" w="239" /><ent r="6" t="68" w="389" /><ent r="7" t="68" w="553" /><ent r="100" t="68" w="758" /><ent r="7" t="68" w="762" /><ent r="6" t="68" w="781" /><ent r="6" t="68" w="799" /><ent r="6" t="70" w="689" /><ent r="6" t="70" w="875" /><ent r="6" t="70" w="1048" /><ent r="6" t="70" w="1052" /><ent r="6" t="70" w="1116" /><ent r="6" t="70" w="1121" /><ent r="6" t="70" w="1235" /><ent r="6" t="70" w="2044" /><ent r="5" t="78" w="59" /><ent r="4" t="78" w="101" /><ent r="5" t="78" w="138" /><ent r="3" t="78" w="179" /><ent r="3" t="78" w="182" /><ent r="3" t="78" w="196" /><ent r="3" t="78" w="205" /><ent r="3" t="78" w="208" /><ent r="3" t="78" w="233" /></phr><phr n="Names"><ent r="64" t="4" w="722" /><ent r="67" t="5" w="389" /><ent r="100" t="5" w="1201" /><ent r="92" t="5" w="1228" /><ent r="4" t="22" w="259" /><ent r="1000" t="78" w="5" /><ent r="102" t="78" w="11" /><ent r="100" t="78" w="17" /></phr><phr n="naming"><ent r="3" t="4" w="736" /><ent r="64" t="5" w="84" /><ent r="3" t="56" w="473" /></phr><phr n="named"><ent r="3" t="5" w="1234" /><ent r="3" t="5" w="1345" /><ent r="3" t="13" w="2502" /><ent r="3" t="14" w="932" /><ent r="3" t="19" w="280" /><ent r="3" t="24" w="1838" /><ent r="3" t="29" w="504" /><ent r="3" t="29" w="525" /><ent r="4" t="37" w="788" /><ent r="4" t="37" w="887" /><ent r="3" t="37" w="3462" /><ent r="3" t="37" w="3614" /><ent r="5" t="38" w="182" /><ent r="3" t="40" w="1122" /><ent r="3" t="44" w="283" /><ent r="3" t="44" w="303" /><ent r="4" t="49" w="319" /><ent r="3" t="51" w="20" /><ent r="3" t="56" w="87" /><ent r="3" t="56" w="120" /><ent r="3" t="56" w="131" /><ent r="4" t="67" w="261" /><ent r="6" t="68" w="103" /><ent r="6" t="68" w="269" /><ent r="6" t="68" w="283" /><ent r="6" t="68" w="309" /><ent r="7" t="68" w="558" /><ent r="7" t="68" w="564" /><ent r="6" t="68" w="779" /><ent r="6" t="70" w="148" /><ent r="3" t="70" w="214" /><ent r="6" t="70" w="260" /><ent r="6" t="70" w="287" /><ent r="6" t="70" w="368" /><ent r="3" t="72" w="52" /><ent r="3" t="78" w="46" /><ent r="3" t="78" w="160" /></phr><phr n="names"><ent r="4" t="5" w="1320" /><ent r="3" t="13" w="451" /><ent r="4" t="16" w="1013" /><ent r="4" t="19" w="838" /><ent r="4" t="21" w="870" /><ent r="4" t="22" w="247" /><ent r="4" t="22" w="250" /><ent r="3" t="22" w="587" /><ent r="3" t="26" w="319" /><ent r="3" t="32" w="1323" /><ent r="4" t="35" w="1297" /><ent r="4" t="35" w="1328" /><ent r="4" t="35" w="1344" /><ent r="3" t="66" w="525" /><ent r="6" t="70" w="387" /><ent r="3" t="71" w="173" /><ent r="4" t="78" w="132" /></phr><phr n="Name"><ent r="100" t="7" w="63" /><ent r="5" t="9" w="32" /><ent r="5" t="13" w="129" /><ent r="5" t="13" w="302" /><ent r="5" t="13" w="628" /><ent r="5" t="13" w="754" /><ent r="5" t="13" w="800" /><ent r="5" t="13" w="992" /><ent r="5" t="13" w="1274" /><ent r="5" t="13" w="1376" /><ent r="3" t="19" w="1071" /><ent r="3" t="22" w="52" /><ent r="5" t="22" w="94" /><ent r="4" t="22" w="112" /><ent r="3" t="23" w="172" /><ent r="3" t="29" w="993" /><ent r="3" t="29" w="1100" /><ent r="5" t="31" w="183" /><ent r="3" t="32" w="1218" /><ent r="3" t="37" w="1132" /><ent r="100" t="40" w="360" /><ent r="100" t="40" w="362" /><ent r="3" t="59" w="267" /><ent r="8" t="70" w="965" /></phr><phr n="Named"><ent r="5" t="29" w="116" /><ent r="82" t="29" w="494" /><ent r="3" t="61" w="911" /><ent r="3" t="61" w="918" /><ent r="3" t="61" w="940" /><ent r="3" t="61" w="947" /><ent r="3" t="61" w="958" /><ent r="3" t="61" w="965" /><ent r="3" t="61" w="973" /><ent r="3" t="61" w="980" /></phr><phr n="NAME"><ent r="7" t="70" w="2004" /><ent r="6" t="70" w="2015" /></phr></stem></index>