<?xml version="1.0" encoding="utf-8"?><index><stem n="-poll"><phr n="-polls"><ent r="3" t="28" w="232" /><ent r="3" t="28" w="232" /></phr></stem><stem n="re-pol"><phr n="re-polls"><ent r="3" t="28" w="232" /></phr></stem><stem n="-to-dat"><phr n="-to-date"><ent r="3" t="28" w="247" /><ent r="3" t="28" w="248" /><ent r="3" t="63" w="11" /><ent r="3" t="63" w="12" /></phr></stem><stem n="up-to"><phr n="up-to"><ent r="3" t="28" w="247" /><ent r="3" t="63" w="11" /></phr></stem><stem n="up-to-d"><phr n="up-to-date"><ent r="3" t="28" w="247" /><ent r="3" t="63" w="11" /></phr></stem><stem n="to-dat"><phr n="to-date"><ent r="3" t="28" w="248" /><ent r="3" t="63" w="12" /></phr></stem><stem n="caus"><phr n="causing"><ent r="3" t="28" w="304" /><ent r="7" t="68" w="476" /><ent r="7" t="68" w="507" /></phr><phr n="causes"><ent r="3" t="29" w="737" /><ent r="6" t="68" w="261" /><ent r="6" t="68" w="297" /><ent r="6" t="68" w="663" /><ent r="6" t="68" w="802" /></phr><phr n="cause"><ent r="3" t="37" w="1421" /></phr></stem><stem n="lose"><phr n="lose"><ent r="3" t="28" w="311" /></phr></stem><stem n="reli"><phr n="rely"><ent r="3" t="28" w="322" /></phr></stem><stem n="health"><phr n="health"><ent r="3" t="28" w="332" /></phr></stem><stem n=":trapvari"><phr n=":TrapVariable"><ent r="100" t="29" w="24" /></phr></stem><stem n="getrequest"><phr n="GetRequest"><ent r="3" t="29" w="166" /></phr></stem><stem n="getnextrequest"><phr n="GetNextRequest"><ent r="3" t="29" w="168" /><ent r="100" t="54" w="486" /><ent r="3" t="54" w="493" /></phr></stem><stem n="’s"><phr n="’s"><ent r="3" t="29" w="200" /></phr></stem><stem n="$generictrap"><phr n="$GenericTrap"><ent r="5" t="29" w="203" /><ent r="4" t="29" w="257" /><ent r="3" t="29" w="646" /><ent r="3" t="32" w="1276" /></phr></stem><stem n="snmpv1"><phr n="SNMPv1"><ent r="4" t="29" w="211" /><ent r="4" t="29" w="279" /><ent r="4" t="29" w="301" /><ent r="4" t="29" w="304" /><ent r="4" t="29" w="317" /><ent r="3" t="32" w="390" /><ent r="3" t="32" w="1575" /><ent r="100" t="55" w="158" /><ent r="4" t="55" w="169" /><ent r="3" t="56" w="189" /></phr></stem><stem n="(snmpv1)."><phr n="(SNMPv1)."><ent r="4" t="29" w="212" /><ent r="4" t="29" w="280" /></phr></stem><stem n="coldstart"><phr n="coldStart"><ent r="4" t="29" w="221" /></phr></stem><stem n="warmstart"><phr n="warmStart"><ent r="4" t="29" w="224" /></phr></stem><stem n="linkdown"><phr n="linkDown"><ent r="4" t="29" w="227" /></phr></stem><stem n="linkup"><phr n="linkUp"><ent r="4" t="29" w="230" /></phr></stem><stem n="authenticationfailur"><phr n="authenticationFailure"><ent r="4" t="29" w="233" /></phr></stem><stem n="egpneighborloss"><phr n="egpNeighborLoss"><ent r="4" t="29" w="236" /></phr></stem><stem n="enterprise-specif"><phr n="enterprise-specific"><ent r="4" t="29" w="240" /></phr></stem><stem n="$specifictrap"><phr n="$SpecificTrap"><ent r="5" t="29" w="244" /><ent r="4" t="29" w="263" /><ent r="3" t="29" w="651" /><ent r="3" t="32" w="1281" /></phr></stem><stem n="0-5"><phr n="0-5"><ent r="4" t="29" w="260" /></phr></stem><stem n="-5,"><phr n="-5,"><ent r="4" t="29" w="262" /><ent r="4" t="29" w="262" /></phr></stem><stem n="(0);"><phr n="(0);"><ent r="4" t="29" w="267" /></phr></stem><stem n="-bit"><phr n="-bit"><ent r="4" t="29" w="272" /><ent r="4" t="29" w="272" /></phr></stem><stem n="vendor"><phr n="vendor"><ent r="4" t="29" w="278" /><ent r="3" t="29" w="863" /></phr><phr n="vendors"><ent r="3" t="40" w="418" /><ent r="3" t="47" w="44" /></phr></stem><stem n="$timestamp"><phr n="$TimeStamp"><ent r="5" t="29" w="281" /><ent r="3" t="29" w="657" /><ent r="3" t="32" w="1286" /></phr></stem><stem n="hundredth"><phr n="hundredths"><ent r="4" t="29" w="290" /></phr></stem><stem n="$enterpris"><phr n="$Enterprise"><ent r="5" t="29" w="295" /><ent r="3" t="29" w="662" /><ent r="3" t="32" w="1290" /></phr></stem><stem n="(snmpv1)"><phr n="(SNMPv1)"><ent r="4" t="29" w="305" /></phr></stem><stem n="$communitystr"><phr n="$CommunityString"><ent r="5" t="29" w="306" /><ent r="3" t="29" w="667" /><ent r="3" t="32" w="1294" /></phr></stem><stem n="(snmpv1,"><phr n="(SNMPv1,"><ent r="4" t="29" w="318" /></phr></stem><stem n="$trapoid"><phr n="$TrapOID"><ent r="5" t="29" w="320" /><ent r="3" t="29" w="673" /><ent r="3" t="32" w="1299" /></phr></stem><stem n="snmpv3"><phr n="SNMPv3"><ent r="4" t="29" w="332" /><ent r="100" t="55" w="160" /><ent r="4" t="55" w="172" /><ent r="4" t="55" w="193" /><ent r="3" t="55" w="438" /><ent r="3" t="55" w="537" /><ent r="3" t="55" w="597" /></phr></stem><stem n="$agentaddress"><phr n="$AgentAddress"><ent r="5" t="29" w="334" /><ent r="4" t="29" w="368" /><ent r="3" t="29" w="679" /><ent r="3" t="32" w="1304" /></phr></stem><stem n="$snmpversion"><phr n="$SnmpVersion"><ent r="5" t="29" w="379" /><ent r="3" t="29" w="691" /><ent r="3" t="32" w="1313" /></phr></stem><stem n="(v1),"><phr n="(v1),"><ent r="4" t="29" w="392" /></phr></stem><stem n="(v3)."><phr n="(v3)."><ent r="4" t="29" w="397" /></phr></stem><stem n="$varbindcount"><phr n="$VarbindCount"><ent r="5" t="29" w="398" /><ent r="3" t="29" w="697" /><ent r="3" t="32" w="1318" /></phr></stem><stem n="$varbindvaluen"><phr n="$VarbindValueN"><ent r="5" t="29" w="436" /></phr></stem><stem n="n'th"><phr n="N'th"><ent r="4" t="29" w="443" /><ent r="4" t="29" w="442" /><ent r="4" t="29" w="459" /><ent r="4" t="29" w="458" /><ent r="4" t="29" w="475" /><ent r="4" t="29" w="474" /></phr></stem><stem n="$varbindtypen"><phr n="$VarbindTypeN"><ent r="5" t="29" w="452" /></phr></stem><stem n="$varbindoidn"><phr n="$VarbindOIDN"><ent r="5" t="29" w="468" /></phr></stem><stem n="intermappertimestamp"><phr n="InterMapperTimeStamp"><ent r="3" t="29" w="555" /></phr><phr n="intermapperTimestamp"><ent r="3" t="33" w="172" /><ent r="3" t="33" w="374" /><ent r="3" t="33" w="401" /></phr></stem><stem n="1.3.6.1.4.1.6306"><phr n="1.3.6.1.4.1.6306"><ent r="3" t="29" w="562" /><ent r="3" t="29" w="556" /><ent r="3" t="29" w="596" /><ent r="3" t="29" w="590" /><ent r="3" t="31" w="81" /><ent r="3" t="31" w="75" /><ent r="3" t="31" w="114" /><ent r="3" t="31" w="108" /><ent r="3" t="31" w="123" /><ent r="3" t="31" w="117" /><ent r="3" t="31" w="133" /><ent r="3" t="31" w="127" /><ent r="4" t="31" w="217" /><ent r="4" t="31" w="211" /><ent r="4" t="31" w="276" /><ent r="4" t="31" w="270" /><ent r="4" t="31" w="286" /><ent r="4" t="31" w="280" /><ent r="3" t="32" w="446" /><ent r="3" t="32" w="440" /><ent r="3" t="32" w="460" /><ent r="3" t="32" w="454" /><ent r="3" t="32" w="477" /><ent r="3" t="32" w="471" /><ent r="3" t="32" w="490" /><ent r="3" t="32" w="484" /><ent r="3" t="32" w="504" /><ent r="3" t="32" w="498" /><ent r="3" t="32" w="519" /><ent r="3" t="32" w="513" /><ent r="3" t="32" w="535" /><ent r="3" t="32" w="529" /><ent r="3" t="32" w="600" /><ent r="3" t="32" w="594" /><ent r="3" t="32" w="607" /><ent r="3" t="32" w="601" /><ent r="3" t="32" w="621" /><ent r="3" t="32" w="615" /><ent r="3" t="32" w="638" /><ent r="3" t="32" w="632" /><ent r="3" t="32" w="651" /><ent r="3" t="32" w="645" /><ent r="3" t="32" w="665" /><ent r="3" t="32" w="659" /><ent r="3" t="32" w="680" /><ent r="3" t="32" w="674" /><ent r="3" t="32" w="696" /><ent r="3" t="32" w="690" /><ent r="3" t="32" w="730" /><ent r="3" t="32" w="724" /><ent r="3" t="32" w="744" /><ent r="3" t="32" w="738" /><ent r="3" t="32" w="761" /><ent r="3" t="32" w="755" /><ent r="3" t="32" w="774" /><ent r="3" t="32" w="768" /><ent r="3" t="32" w="788" /><ent r="3" t="32" w="782" /><ent r="3" t="32" w="803" /><ent r="3" t="32" w="797" /><ent r="3" t="32" w="819" /><ent r="3" t="32" w="813" /><ent r="3" t="32" w="840" /><ent r="3" t="32" w="834" /><ent r="3" t="32" w="854" /><ent r="3" t="32" w="848" /><ent r="3" t="32" w="871" /><ent r="3" t="32" w="865" /><ent r="3" t="32" w="884" /><ent r="3" t="32" w="878" /><ent r="3" t="32" w="898" /><ent r="3" t="32" w="892" /><ent r="3" t="32" w="913" /><ent r="3" t="32" w="907" /><ent r="3" t="32" w="929" /><ent r="3" t="32" w="923" /><ent r="3" t="32" w="944" /><ent r="3" t="32" w="938" /><ent r="3" t="32" w="957" /><ent r="3" t="32" w="951" /><ent r="3" t="32" w="970" /><ent r="3" t="32" w="964" /><ent r="3" t="32" w="983" /><ent r="3" t="32" w="977" /><ent r="3" t="32" w="996" /><ent r="3" t="32" w="990" /><ent r="3" t="32" w="1009" /><ent r="3" t="32" w="1003" /><ent r="3" t="32" w="1029" /><ent r="3" t="32" w="1023" /><ent r="3" t="32" w="1036" /><ent r="3" t="32" w="1030" /><ent r="3" t="32" w="1053" /><ent r="3" t="32" w="1047" /><ent r="3" t="32" w="1066" /><ent r="3" t="32" w="1060" /><ent r="3" t="32" w="1080" /><ent r="3" t="32" w="1074" /><ent r="3" t="32" w="1095" /><ent r="3" t="32" w="1089" /><ent r="3" t="32" w="1111" /><ent r="3" t="32" w="1105" /><ent r="3" t="32" w="1183" /><ent r="3" t="32" w="1177" /><ent r="3" t="32" w="1197" /><ent r="3" t="32" w="1191" /><ent r="3" t="32" w="1211" /><ent r="3" t="32" w="1205" /><ent r="3" t="32" w="1228" /><ent r="3" t="32" w="1222" /><ent r="3" t="32" w="1243" /><ent r="3" t="32" w="1237" /><ent r="3" t="32" w="1259" /><ent r="3" t="32" w="1253" /></phr></stem><stem n="6306"><phr n="6306"><ent r="3" t="29" w="562" /><ent r="3" t="29" w="596" /><ent r="3" t="31" w="81" /><ent r="3" t="31" w="114" /><ent r="3" t="31" w="123" /><ent r="3" t="31" w="133" /><ent r="4" t="31" w="217" /><ent r="4" t="31" w="276" /><ent r="4" t="31" w="286" /><ent r="3" t="32" w="446" /><ent r="3" t="32" w="460" /><ent r="3" t="32" w="477" /><ent r="3" t="32" w="490" /><ent r="3" t="32" w="504" /><ent r="3" t="32" w="519" /><ent r="3" t="32" w="535" /><ent r="3" t="32" w="600" /><ent r="3" t="32" w="607" /><ent r="3" t="32" w="621" /><ent r="3" t="32" w="638" /><ent r="3" t="32" w="651" /><ent r="3" t="32" w="665" /><ent r="3" t="32" w="680" /><ent r="3" t="32" w="696" /><ent r="3" t="32" w="730" /><ent r="3" t="32" w="744" /><ent r="3" t="32" w="761" /><ent r="3" t="32" w="774" /><ent r="3" t="32" w="788" /><ent r="3" t="32" w="803" /><ent r="3" t="32" w="819" /><ent r="3" t="32" w="840" /><ent r="3" t="32" w="854" /><ent r="3" t="32" w="871" /><ent r="3" t="32" w="884" /><ent r="3" t="32" w="898" /><ent r="3" t="32" w="913" /><ent r="3" t="32" w="929" /><ent r="3" t="32" w="944" /><ent r="3" t="32" w="957" /><ent r="3" t="32" w="970" /><ent r="3" t="32" w="983" /><ent r="3" t="32" w="996" /><ent r="3" t="32" w="1009" /><ent r="3" t="32" w="1029" /><ent r="3" t="32" w="1036" /><ent r="3" t="32" w="1053" /><ent r="3" t="32" w="1066" /><ent r="3" t="32" w="1080" /><ent r="3" t="32" w="1095" /><ent r="3" t="32" w="1111" /><ent r="3" t="32" w="1183" /><ent r="3" t="32" w="1197" /><ent r="3" t="32" w="1211" /><ent r="3" t="32" w="1228" /><ent r="3" t="32" w="1243" /><ent r="3" t="32" w="1259" /><ent r="100" t="33" w="15" /><ent r="3" t="33" w="26" /><ent r="3" t="33" w="161" /></phr></stem><stem n="1.3.6.1.4.1.6306.2"><phr n="1.3.6.1.4.1.6306.2"><ent r="3" t="29" w="563" /><ent r="3" t="29" w="556" /><ent r="3" t="29" w="597" /><ent r="3" t="29" w="590" /><ent r="3" t="32" w="461" /><ent r="3" t="32" w="454" /><ent r="3" t="32" w="478" /><ent r="3" t="32" w="471" /><ent r="3" t="32" w="491" /><ent r="3" t="32" w="484" /><ent r="3" t="32" w="505" /><ent r="3" t="32" w="498" /><ent r="3" t="32" w="520" /><ent r="3" t="32" w="513" /><ent r="3" t="32" w="536" /><ent r="3" t="32" w="529" /><ent r="3" t="32" w="622" /><ent r="3" t="32" w="615" /><ent r="3" t="32" w="639" /><ent r="3" t="32" w="632" /><ent r="3" t="32" w="652" /><ent r="3" t="32" w="645" /><ent r="3" t="32" w="666" /><ent r="3" t="32" w="659" /><ent r="3" t="32" w="681" /><ent r="3" t="32" w="674" /><ent r="3" t="32" w="697" /><ent r="3" t="32" w="690" /><ent r="3" t="32" w="745" /><ent r="3" t="32" w="738" /><ent r="3" t="32" w="762" /><ent r="3" t="32" w="755" /><ent r="3" t="32" w="775" /><ent r="3" t="32" w="768" /><ent r="3" t="32" w="789" /><ent r="3" t="32" w="782" /><ent r="3" t="32" w="804" /><ent r="3" t="32" w="797" /><ent r="3" t="32" w="820" /><ent r="3" t="32" w="813" /><ent r="3" t="32" w="855" /><ent r="3" t="32" w="848" /><ent r="3" t="32" w="872" /><ent r="3" t="32" w="865" /><ent r="3" t="32" w="885" /><ent r="3" t="32" w="878" /><ent r="3" t="32" w="899" /><ent r="3" t="32" w="892" /><ent r="3" t="32" w="914" /><ent r="3" t="32" w="907" /><ent r="3" t="32" w="930" /><ent r="3" t="32" w="923" /><ent r="3" t="32" w="945" /><ent r="3" t="32" w="938" /><ent r="3" t="32" w="958" /><ent r="3" t="32" w="951" /><ent r="3" t="32" w="971" /><ent r="3" t="32" w="964" /><ent r="3" t="32" w="984" /><ent r="3" t="32" w="977" /><ent r="3" t="32" w="997" /><ent r="3" t="32" w="990" /><ent r="3" t="32" w="1010" /><ent r="3" t="32" w="1003" /><ent r="3" t="32" w="1037" /><ent r="3" t="32" w="1030" /><ent r="3" t="32" w="1054" /><ent r="3" t="32" w="1047" /><ent r="3" t="32" w="1067" /><ent r="3" t="32" w="1060" /><ent r="3" t="32" w="1081" /><ent r="3" t="32" w="1074" /><ent r="3" t="32" w="1096" /><ent r="3" t="32" w="1089" /><ent r="3" t="32" w="1112" /><ent r="3" t="32" w="1105" /><ent r="3" t="32" w="1184" /><ent r="3" t="32" w="1177" /><ent r="3" t="32" w="1198" /><ent r="3" t="32" w="1191" /><ent r="3" t="32" w="1212" /><ent r="3" t="32" w="1205" /><ent r="3" t="32" w="1229" /><ent r="3" t="32" w="1222" /><ent r="3" t="32" w="1244" /><ent r="3" t="32" w="1237" /><ent r="3" t="32" w="1260" /><ent r="3" t="32" w="1253" /></phr></stem><stem n="1.3.6.1.4.1.6306.2.1"><phr n="1.3.6.1.4.1.6306.2.1"><ent r="3" t="29" w="564" /><ent r="3" t="29" w="556" /><ent r="3" t="29" w="598" /><ent r="3" t="29" w="590" /><ent r="3" t="32" w="462" /><ent r="3" t="32" w="454" /><ent r="3" t="32" w="479" /><ent r="3" t="32" w="471" /><ent r="3" t="32" w="492" /><ent r="3" t="32" w="484" /><ent r="3" t="32" w="506" /><ent r="3" t="32" w="498" /><ent r="3" t="32" w="521" /><ent r="3" t="32" w="513" /><ent r="3" t="32" w="537" /><ent r="3" t="32" w="529" /><ent r="3" t="32" w="623" /><ent r="3" t="32" w="615" /><ent r="3" t="32" w="640" /><ent r="3" t="32" w="632" /><ent r="3" t="32" w="653" /><ent r="3" t="32" w="645" /><ent r="3" t="32" w="667" /><ent r="3" t="32" w="659" /><ent r="3" t="32" w="682" /><ent r="3" t="32" w="674" /><ent r="3" t="32" w="698" /><ent r="3" t="32" w="690" /><ent r="3" t="32" w="746" /><ent r="3" t="32" w="738" /><ent r="3" t="32" w="763" /><ent r="3" t="32" w="755" /><ent r="3" t="32" w="776" /><ent r="3" t="32" w="768" /><ent r="3" t="32" w="790" /><ent r="3" t="32" w="782" /><ent r="3" t="32" w="805" /><ent r="3" t="32" w="797" /><ent r="3" t="32" w="821" /><ent r="3" t="32" w="813" /><ent r="3" t="32" w="856" /><ent r="3" t="32" w="848" /><ent r="3" t="32" w="873" /><ent r="3" t="32" w="865" /><ent r="3" t="32" w="886" /><ent r="3" t="32" w="878" /><ent r="3" t="32" w="900" /><ent r="3" t="32" w="892" /><ent r="3" t="32" w="915" /><ent r="3" t="32" w="907" /><ent r="3" t="32" w="931" /><ent r="3" t="32" w="923" /><ent r="3" t="32" w="946" /><ent r="3" t="32" w="938" /><ent r="3" t="32" w="959" /><ent r="3" t="32" w="951" /><ent r="3" t="32" w="972" /><ent r="3" t="32" w="964" /><ent r="3" t="32" w="985" /><ent r="3" t="32" w="977" /><ent r="3" t="32" w="998" /><ent r="3" t="32" w="990" /><ent r="3" t="32" w="1011" /><ent r="3" t="32" w="1003" /><ent r="3" t="32" w="1038" /><ent r="3" t="32" w="1030" /><ent r="3" t="32" w="1055" /><ent r="3" t="32" w="1047" /><ent r="3" t="32" w="1068" /><ent r="3" t="32" w="1060" /><ent r="3" t="32" w="1082" /><ent r="3" t="32" w="1074" /><ent r="3" t="32" w="1097" /><ent r="3" t="32" w="1089" /><ent r="3" t="32" w="1113" /><ent r="3" t="32" w="1105" /><ent r="3" t="32" w="1185" /><ent r="3" t="32" w="1177" /><ent r="3" t="32" w="1199" /><ent r="3" t="32" w="1191" /><ent r="3" t="32" w="1213" /><ent r="3" t="32" w="1205" /><ent r="3" t="32" w="1230" /><ent r="3" t="32" w="1222" /><ent r="3" t="32" w="1245" /><ent r="3" t="32" w="1237" /><ent r="3" t="32" w="1261" /><ent r="3" t="32" w="1253" /></phr></stem><stem n="1.3.6.1.4.1.6306.2.1.1"><phr n="1.3.6.1.4.1.6306.2.1.1"><ent r="3" t="29" w="565" /><ent r="3" t="29" w="556" /><ent r="3" t="29" w="599" /><ent r="3" t="29" w="590" /><ent r="3" t="32" w="463" /><ent r="3" t="32" w="454" /><ent r="3" t="32" w="624" /><ent r="3" t="32" w="615" /><ent r="3" t="32" w="747" /><ent r="3" t="32" w="738" /><ent r="3" t="32" w="857" /><ent r="3" t="32" w="848" /><ent r="3" t="32" w="1039" /><ent r="3" t="32" w="1030" /><ent r="3" t="32" w="1186" /><ent r="3" t="32" w="1177" /></phr></stem><stem n="1.3.6.1.4.1.6306.2.1.1.0"><phr n="1.3.6.1.4.1.6306.2.1.1.0"><ent r="3" t="29" w="566" /><ent r="3" t="29" w="556" /><ent r="3" t="29" w="600" /><ent r="3" t="29" w="590" /><ent r="3" t="32" w="464" /><ent r="3" t="32" w="454" /><ent r="3" t="32" w="625" /><ent r="3" t="32" w="615" /><ent r="3" t="32" w="748" /><ent r="3" t="32" w="738" /><ent r="3" t="32" w="858" /><ent r="3" t="32" w="848" /><ent r="3" t="32" w="1040" /><ent r="3" t="32" w="1030" /><ent r="3" t="32" w="1187" /><ent r="3" t="32" w="1177" /></phr></stem><stem n="1.3.6.1.4.1.6306.2.1.1.0,"><phr n="1.3.6.1.4.1.6306.2.1.1.0,"><ent r="3" t="29" w="566" /><ent r="3" t="29" w="556" /><ent r="3" t="32" w="1187" /><ent r="3" t="32" w="1177" /></phr></stem><stem n=".3.6.1.4.1.6306.2.1.1.0,"><phr n=".3.6.1.4.1.6306.2.1.1.0,"><ent r="3" t="29" w="567" /><ent r="3" t="32" w="1188" /></phr></stem><stem n="&quot;timestamp&quot;"><phr n="&quot;Timestamp&quot;"><ent r="3" t="29" w="569" /><ent r="3" t="29" w="660" /><ent r="3" t="32" w="1190" /><ent r="3" t="32" w="1289" /></phr></stem><stem n="$intermappertimestamp"><phr n="$InterMapperTimeStamp"><ent r="3" t="29" w="579" /></phr></stem><stem n=".3.6.1.4.1.6306.2.1.1.0"><phr n=".3.6.1.4.1.6306.2.1.1.0"><ent r="3" t="29" w="600" /><ent r="3" t="32" w="464" /><ent r="3" t="32" w="625" /><ent r="3" t="32" w="748" /><ent r="3" t="32" w="858" /><ent r="3" t="32" w="1040" /></phr></stem><stem n="generictrapvar"><phr n="genericTrapVar"><ent r="3" t="29" w="645" /><ent r="3" t="32" w="1275" /></phr></stem><stem n="&quot;gener"><phr n="&quot;Generic"><ent r="3" t="29" w="648" /><ent r="3" t="32" w="1278" /></phr></stem><stem n="specifictrapvar"><phr n="specificTrapVar"><ent r="3" t="29" w="650" /><ent r="3" t="32" w="1280" /></phr></stem><stem n="&quot;specif"><phr n="&quot;Specific"><ent r="3" t="29" w="653" /><ent r="3" t="32" w="1283" /></phr></stem><stem n="timestampvar"><phr n="timeStampVar"><ent r="3" t="29" w="656" /><ent r="3" t="32" w="1285" /></phr></stem><stem n="enterprisevar"><phr n="enterpriseVar"><ent r="3" t="29" w="661" /><ent r="3" t="32" w="1289" /></phr></stem><stem n="&quot;enterprise&quot;"><phr n="&quot;Enterprise&quot;"><ent r="3" t="29" w="665" /><ent r="3" t="32" w="1293" /></phr></stem><stem n="commstringvar"><phr n="commStringVar"><ent r="3" t="29" w="666" /><ent r="3" t="32" w="1293" /></phr></stem><stem n="&quot;commun"><phr n="&quot;Community"><ent r="3" t="29" w="669" /><ent r="3" t="32" w="1296" /></phr></stem><stem n="trapoidvar"><phr n="trapOIDVar"><ent r="3" t="29" w="672" /><ent r="3" t="32" w="1298" /></phr></stem><stem n="agentadrsvar"><phr n="agentAdrsVar"><ent r="3" t="29" w="678" /><ent r="3" t="32" w="1303" /></phr></stem><stem n="&quot;agent"><phr n="&quot;Agent"><ent r="3" t="29" w="681" /></phr></stem><stem n="senderadrsvar"><phr n="senderAdrsVar"><ent r="3" t="29" w="684" /><ent r="3" t="32" w="1307" /></phr></stem><stem n="$senderaddress"><phr n="$SenderAddress"><ent r="3" t="29" w="685" /><ent r="3" t="32" w="1308" /></phr></stem><stem n="&quot;sender"><phr n="&quot;Sender"><ent r="3" t="29" w="687" /><ent r="3" t="32" w="1310" /></phr></stem><stem n="snmpversionvar"><phr n="snmpVersionVar"><ent r="3" t="29" w="690" /><ent r="3" t="32" w="1312" /></phr></stem><stem n="varbindcountvar"><phr n="varbindCountVar"><ent r="3" t="29" w="696" /><ent r="3" t="32" w="1317" /></phr></stem><stem n="&quot;varbind"><phr n="&quot;Varbind"><ent r="3" t="29" w="699" /><ent r="3" t="32" w="1320" /></phr></stem><stem n="trap_var1"><phr n="trap_var1"><ent r="3" t="29" w="715" /><ent r="3" t="29" w="714" /></phr></stem><stem n="var1"><phr n="var1"><ent r="3" t="29" w="715" /><ent r="3" t="35" w="900" /><ent r="3" t="35" w="922" /><ent r="3" t="35" w="937" /></phr></stem><stem n="trap_var1,"><phr n="trap_var1,"><ent r="3" t="29" w="715" /><ent r="3" t="29" w="714" /></phr></stem><stem n="_var1,"><phr n="_var1,"><ent r="3" t="29" w="716" /></phr></stem><stem n="$varbindvalue1"><phr n="$VarbindValue1"><ent r="3" t="29" w="716" /><ent r="3" t="29" w="1088" /><ent r="3" t="32" w="1329" /></phr></stem><stem n="&quot;first"><phr n="&quot;First"><ent r="3" t="29" w="718" /><ent r="3" t="33" w="154" /></phr></stem><stem n="trap_var2"><phr n="trap_var2"><ent r="3" t="29" w="722" /><ent r="3" t="29" w="721" /></phr></stem><stem n="trap_var2,"><phr n="trap_var2,"><ent r="3" t="29" w="722" /><ent r="3" t="29" w="721" /></phr></stem><stem n="_var2,"><phr n="_var2,"><ent r="3" t="29" w="723" /></phr></stem><stem n="$varbindvalue2"><phr n="$VarbindValue2"><ent r="3" t="29" w="723" /><ent r="3" t="29" w="1097" /><ent r="3" t="32" w="1347" /></phr></stem><stem n="&quot;second"><phr n="&quot;Second"><ent r="3" t="29" w="725" /></phr><phr n="&quot;Seconds"><ent r="3" t="39" w="431" /></phr></stem><stem n="-trapvari"><phr n="-trapvariable"><ent r="3" t="29" w="769" /><ent r="3" t="29" w="769" /></phr></stem><stem n="non-trapvari"><phr n="non-trapvariable"><ent r="3" t="29" w="769" /></phr></stem><stem n="counterpart"><phr n="counterparts"><ent r="3" t="29" w="771" /></phr></stem><stem n="-total-valu"><phr n="-TOTAL-VALUE"><ent r="4" t="29" w="786" /><ent r="4" t="29" w="787" /></phr></stem><stem n="trapvariable-tot"><phr n="TRAPVARIABLE-TOTAL"><ent r="4" t="29" w="786" /></phr></stem><stem n="trapvariable-total-valu"><phr n="TRAPVARIABLE-TOTAL-VALUE"><ent r="4" t="29" w="786" /></phr></stem><stem n="-per-second"><phr n="-PER-SECOND"><ent r="4" t="29" w="790" /><ent r="4" t="29" w="791" /></phr></stem><stem n="trapvariable-p"><phr n="TRAPVARIABLE-PER"><ent r="4" t="29" w="790" /><ent r="4" t="29" w="794" /></phr></stem><stem n="trapvariable-per-second"><phr n="TRAPVARIABLE-PER-SECOND"><ent r="4" t="29" w="790" /></phr></stem><stem n="-per-minut"><phr n="-PER-MINUTE"><ent r="4" t="29" w="794" /><ent r="4" t="29" w="795" /></phr></stem><stem n="trapvariable-per-minut"><phr n="TRAPVARIABLE-PER-MINUTE"><ent r="4" t="29" w="794" /></phr></stem><stem n="trapvariable-str"><phr n="TRAPVARIABLE-STRING"><ent r="4" t="29" w="798" /></phr></stem><stem n="-string*"><phr n="-STRING*"><ent r="4" t="29" w="800" /><ent r="4" t="29" w="800" /></phr></stem><stem n="trapvariable-integ"><phr n="TRAPVARIABLE-INTEGER"><ent r="4" t="29" w="801" /></phr></stem><stem n="trapvariable-hexadecim"><phr n="TRAPVARIABLE-HEXADECIMAL"><ent r="4" t="29" w="804" /></phr></stem><stem n="-hexadecimal*"><phr n="-HEXADECIMAL*"><ent r="4" t="29" w="806" /><ent r="4" t="29" w="806" /></phr></stem><stem n="-hexnumb"><phr n="-HEXNUMBER"><ent r="4" t="29" w="807" /><ent r="4" t="29" w="807" /></phr></stem><stem n="trapvariable-hexnumb"><phr n="TRAPVARIABLE-HEXNUMBER"><ent r="4" t="29" w="807" /></phr></stem><stem n="-doubl"><phr n="-DOUBLE"><ent r="4" t="29" w="810" /><ent r="4" t="29" w="810" /></phr></stem><stem n="trapvariable-doubl"><phr n="TRAPVARIABLE-DOUBLE"><ent r="4" t="29" w="810" /></phr></stem><stem n="vendor'"><phr n="vendor's"><ent r="3" t="29" w="864" /><ent r="3" t="29" w="863" /></phr></stem><stem n="/23"><phr n="/23"><ent r="3" t="29" w="910" /></phr></stem><stem n="03/23"><phr n="03/23"><ent r="3" t="29" w="910" /><ent r="3" t="29" w="909" /></phr></stem><stem n="37"><phr n="37"><ent r="3" t="29" w="912" /></phr></stem><stem n=":37:34"><phr n=":37:34"><ent r="3" t="29" w="913" /></phr></stem><stem n="34"><phr n="34"><ent r="3" t="29" w="913" /></phr></stem><stem n="ic3"><phr n="IC3"><ent r="3" t="29" w="915" /></phr></stem><stem n="demo"><phr n="Demo"><ent r="3" t="29" w="916" /></phr></stem><stem n=":video"><phr n=":Video"><ent r="3" t="29" w="918" /></phr></stem><stem n="video"><phr n="Video"><ent r="3" t="29" w="918" /><ent r="3" t="29" w="935" /></phr></stem><stem n="stream"><phr n="Stream"><ent r="3" t="29" w="919" /><ent r="3" t="29" w="936" /><ent r="3" t="61" w="1369" /></phr><phr n="stream"><ent r="3" t="37" w="1322" /><ent r="3" t="58" w="103" /><ent r="3" t="58" w="341" /></phr><phr n="STREAM"><ent r="3" t="44" w="637" /></phr></stem><stem n="enc01"><phr n="ENC01"><ent r="3" t="29" w="920" /></phr></stem><stem n="livewav"><phr n="LIVEWAVE"><ent r="3" t="29" w="921" /><ent r="3" t="29" w="926" /><ent r="3" t="29" w="931" /><ent r="3" t="29" w="938" /><ent r="3" t="29" w="958" /><ent r="3" t="29" w="979" /><ent r="3" t="29" w="988" /><ent r="3" t="29" w="996" /><ent r="3" t="29" w="1086" /><ent r="3" t="29" w="1095" /><ent r="3" t="29" w="1103" /></phr></stem><stem n="livewave-mib"><phr n="LIVEWAVE-MIB"><ent r="3" t="29" w="921" /><ent r="3" t="29" w="926" /><ent r="3" t="29" w="931" /><ent r="3" t="29" w="938" /><ent r="3" t="29" w="979" /><ent r="3" t="29" w="988" /><ent r="3" t="29" w="996" /><ent r="3" t="29" w="1086" /><ent r="3" t="29" w="1095" /><ent r="3" t="29" w="1103" /></phr></stem><stem n="-mib::devicefault"><phr n="-MIB::deviceFaulted"><ent r="3" t="29" w="923" /><ent r="3" t="29" w="923" /></phr></stem><stem n="devicefault"><phr n="deviceFaulted"><ent r="3" t="29" w="923" /></phr></stem><stem n="-mib::deviceunitid"><phr n="-MIB::deviceUnitID"><ent r="3" t="29" w="928" /><ent r="3" t="29" w="928" /></phr></stem><stem n="deviceunitid"><phr n="deviceUnitID"><ent r="3" t="29" w="928" /><ent r="3" t="29" w="949" /><ent r="3" t="29" w="978" /><ent r="3" t="29" w="981" /><ent r="3" t="29" w="1085" /></phr></stem><stem n="&quot;5&quot;,"><phr n="&quot;5&quot;,"><ent r="3" t="29" w="930" /></phr></stem><stem n="-mib::devicenam"><phr n="-MIB::deviceName"><ent r="3" t="29" w="933" /><ent r="3" t="29" w="933" /></phr></stem><stem n="&quot;5"><phr n="&quot;5"><ent r="3" t="29" w="934" /></phr></stem><stem n="-mib::devicestatu"><phr n="-MIB::deviceStatus"><ent r="3" t="29" w="940" /><ent r="3" t="29" w="940" /></phr></stem><stem n="devicestatu"><phr n="deviceStatus"><ent r="3" t="29" w="940" /><ent r="3" t="29" w="952" /><ent r="3" t="29" w="995" /><ent r="3" t="29" w="998" /><ent r="3" t="29" w="1045" /><ent r="3" t="29" w="1056" /><ent r="3" t="29" w="1102" /></phr><phr n="DeviceStatus"><ent r="3" t="32" w="1190" /></phr></stem><stem n="&quot;6&quot;"><phr n="&quot;6&quot;"><ent r="3" t="29" w="942" /></phr></stem><stem n="(intermapp"><phr n="(InterMapper"><ent r="3" t="29" w="953" /></phr></stem><stem n="-mib::deviceunitid,"><phr n="-MIB::deviceUnitID,"><ent r="3" t="29" w="982" /><ent r="3" t="29" w="982" /></phr></stem><stem n="-mib::devicename,"><phr n="-MIB::deviceName,"><ent r="3" t="29" w="991" /><ent r="3" t="29" w="991" /></phr></stem><stem n="-mib::devicestatus,"><phr n="-MIB::deviceStatus,"><ent r="3" t="29" w="999" /><ent r="3" t="29" w="999" /></phr></stem><stem n="&quot;problem"><phr n="&quot;Problem"><ent r="3" t="29" w="1047" /></phr></stem><stem n="$deviceunitid"><phr n="$deviceUnitID"><ent r="3" t="29" w="1049" /><ent r="3" t="29" w="1058" /></phr></stem><stem n="$devicenam"><phr n="$deviceName"><ent r="3" t="29" w="1050" /><ent r="3" t="29" w="1059" /></phr></stem><stem n="$devicestatu"><phr n="$devicestatus"><ent r="3" t="29" w="1053" /></phr><phr n="$deviceStatus"><ent r="3" t="32" w="1607" /></phr></stem></index>