<?xml version="1.0" encoding="utf-8"?><index><stem n="whatev"><phr n="whatever"><ent r="5" t="5" w="414" /><ent r="5" t="37" w="1838" /></phr></stem><stem n="string"><phr n="string"><ent r="5" t="5" w="415" /><ent r="5" t="5" w="429" /><ent r="5" t="5" w="442" /><ent r="4" t="7" w="180" /><ent r="4" t="7" w="187" /><ent r="3" t="7" w="231" /><ent r="3" t="7" w="263" /><ent r="4" t="8" w="202" /><ent r="4" t="8" w="732" /><ent r="5" t="13" w="414" /><ent r="5" t="13" w="1110" /><ent r="5" t="13" w="1261" /><ent r="5" t="13" w="1446" /><ent r="4" t="13" w="1577" /><ent r="4" t="13" w="1599" /><ent r="4" t="13" w="1647" /><ent r="82" t="13" w="2363" /><ent r="3" t="13" w="2373" /><ent r="4" t="13" w="2395" /><ent r="3" t="13" w="2470" /><ent r="3" t="13" w="2486" /><ent r="3" t="13" w="2496" /><ent r="3" t="13" w="2514" /><ent r="3" t="14" w="126" /><ent r="3" t="14" w="939" /><ent r="3" t="14" w="1235" /><ent r="3" t="14" w="1303" /><ent r="3" t="15" w="103" /><ent r="4" t="16" w="476" /><ent r="6" t="16" w="586" /><ent r="6" t="16" w="614" /><ent r="6" t="16" w="682" /><ent r="6" t="16" w="692" /><ent r="6" t="16" w="796" /><ent r="6" t="16" w="879" /><ent r="6" t="16" w="889" /><ent r="4" t="16" w="1274" /><ent r="4" t="16" w="1308" /><ent r="4" t="16" w="2017" /><ent r="3" t="16" w="2041" /><ent r="3" t="16" w="2134" /><ent r="3" t="16" w="2194" /><ent r="3" t="16" w="2289" /><ent r="4" t="17" w="63" /><ent r="3" t="17" w="326" /><ent r="3" t="17" w="337" /><ent r="4" t="17" w="405" /><ent r="4" t="17" w="424" /><ent r="4" t="21" w="885" /><ent r="4" t="22" w="221" /><ent r="4" t="22" w="333" /><ent r="4" t="22" w="394" /><ent r="4" t="22" w="425" /><ent r="4" t="22" w="430" /><ent r="3" t="22" w="990" /><ent r="3" t="22" w="1020" /><ent r="3" t="22" w="1084" /><ent r="3" t="22" w="1101" /><ent r="4" t="24" w="235" /><ent r="4" t="24" w="252" /><ent r="4" t="24" w="664" /><ent r="4" t="24" w="681" /><ent r="4" t="24" w="742" /><ent r="4" t="24" w="750" /><ent r="4" t="24" w="762" /><ent r="4" t="24" w="789" /><ent r="4" t="24" w="815" /><ent r="4" t="24" w="839" /><ent r="3" t="24" w="906" /><ent r="3" t="24" w="923" /><ent r="3" t="24" w="1008" /><ent r="3" t="24" w="1025" /><ent r="3" t="24" w="1067" /><ent r="3" t="24" w="1084" /><ent r="3" t="24" w="1128" /><ent r="3" t="24" w="1141" /><ent r="3" t="24" w="1168" /><ent r="4" t="24" w="1252" /><ent r="4" t="24" w="1262" /><ent r="3" t="24" w="1321" /><ent r="3" t="24" w="1397" /><ent r="3" t="24" w="1579" /><ent r="3" t="24" w="1620" /><ent r="3" t="24" w="1900" /><ent r="3" t="24" w="1958" /><ent r="3" t="24" w="1984" /><ent r="3" t="24" w="2219" /><ent r="4" t="24" w="2237" /><ent r="4" t="24" w="2267" /><ent r="4" t="24" w="2291" /><ent r="3" t="24" w="2361" /><ent r="3" t="24" w="2378" /><ent r="4" t="24" w="2396" /><ent r="4" t="24" w="2411" /><ent r="4" t="24" w="2445" /><ent r="6" t="24" w="2587" /><ent r="6" t="24" w="2639" /><ent r="3" t="24" w="2705" /><ent r="3" t="24" w="2724" /><ent r="6" t="24" w="2897" /><ent r="6" t="24" w="2906" /><ent r="6" t="24" w="2943" /><ent r="6" t="24" w="2951" /><ent r="6" t="24" w="2987" /><ent r="3" t="27" w="207" /><ent r="3" t="27" w="239" /><ent r="3" t="27" w="272" /><ent r="3" t="33" w="194" /><ent r="3" t="33" w="234" /><ent r="3" t="33" w="269" /><ent r="3" t="33" w="325" /><ent r="3" t="33" w="352" /><ent r="3" t="34" w="124" /><ent r="3" t="34" w="491" /><ent r="3" t="34" w="509" /><ent r="3" t="34" w="762" /><ent r="3" t="34" w="852" /><ent r="4" t="34" w="893" /><ent r="3" t="34" w="959" /><ent r="3" t="34" w="991" /><ent r="4" t="35" w="306" /><ent r="3" t="35" w="407" /><ent r="3" t="35" w="478" /><ent r="3" t="35" w="495" /><ent r="3" t="35" w="630" /><ent r="3" t="35" w="636" /><ent r="4" t="35" w="666" /><ent r="4" t="35" w="767" /><ent r="4" t="35" w="775" /><ent r="4" t="35" w="793" /><ent r="3" t="35" w="888" /><ent r="3" t="35" w="1397" /><ent r="3" t="35" w="1401" /><ent r="5" t="35" w="1437" /><ent r="3" t="35" w="1503" /><ent r="3" t="37" w="187" /><ent r="65" t="37" w="238" /><ent r="5" t="37" w="253" /><ent r="65" t="37" w="258" /><ent r="4" t="37" w="271" /><ent r="65" t="37" w="276" /><ent r="5" t="37" w="292" /><ent r="65" t="37" w="438" /><ent r="4" t="37" w="443" /><ent r="65" t="37" w="506" /><ent r="4" t="37" w="511" /><ent r="4" t="37" w="686" /><ent r="65" t="37" w="780" /><ent r="4" t="37" w="784" /><ent r="4" t="37" w="810" /><ent r="4" t="37" w="1026" /><ent r="4" t="37" w="1139" /><ent r="3" t="37" w="1151" /><ent r="3" t="37" w="1157" /><ent r="5" t="37" w="1836" /><ent r="83" t="37" w="1850" /><ent r="4" t="37" w="1873" /><ent r="4" t="37" w="1884" /><ent r="4" t="37" w="1898" /><ent r="83" t="37" w="2347" /><ent r="3" t="37" w="2369" /><ent r="3" t="37" w="2463" /><ent r="3" t="37" w="2564" /><ent r="4" t="37" w="2615" /><ent r="3" t="37" w="3026" /><ent r="4" t="37" w="3059" /><ent r="3" t="37" w="3105" /><ent r="4" t="37" w="3124" /><ent r="83" t="37" w="3180" /><ent r="3" t="37" w="3192" /><ent r="83" t="37" w="3275" /><ent r="4" t="37" w="3293" /><ent r="4" t="37" w="3314" /><ent r="3" t="37" w="3392" /><ent r="83" t="37" w="3449" /><ent r="3" t="37" w="3458" /><ent r="4" t="37" w="3512" /><ent r="4" t="37" w="3540" /><ent r="3" t="37" w="4279" /><ent r="3" t="37" w="4385" /><ent r="3" t="39" w="189" /><ent r="3" t="39" w="231" /><ent r="3" t="39" w="257" /><ent r="3" t="40" w="330" /><ent r="3" t="40" w="353" /><ent r="5" t="40" w="773" /><ent r="4" t="40" w="789" /><ent r="3" t="40" w="835" /><ent r="64" t="40" w="886" /><ent r="4" t="47" w="507" /><ent r="4" t="47" w="513" /><ent r="4" t="47" w="528" /><ent r="3" t="47" w="601" /><ent r="3" t="54" w="179" /><ent r="4" t="54" w="243" /><ent r="4" t="55" w="189" /><ent r="3" t="55" w="496" /><ent r="4" t="60" w="70" /><ent r="3" t="60" w="138" /><ent r="4" t="66" w="114" /><ent r="4" t="66" w="161" /><ent r="3" t="66" w="374" /><ent r="3" t="66" w="424" /><ent r="6" t="68" w="273" /><ent r="3" t="69" w="126" /><ent r="3" t="69" w="131" /><ent r="3" t="69" w="151" /><ent r="4" t="69" w="217" /><ent r="3" t="70" w="15" /><ent r="6" t="70" w="902" /><ent r="6" t="70" w="1061" /><ent r="6" t="70" w="1654" /><ent r="3" t="70" w="1784" /><ent r="6" t="70" w="2454" /><ent r="6" t="70" w="2467" /><ent r="4" t="77" w="117" /><ent r="5" t="77" w="169" /><ent r="5" t="77" w="270" /></phr><phr n="strings"><ent r="3" t="7" w="48" /><ent r="3" t="13" w="1861" /><ent r="4" t="17" w="378" /><ent r="4" t="19" w="163" /><ent r="4" t="22" w="335" /><ent r="4" t="22" w="374" /><ent r="4" t="24" w="256" /><ent r="3" t="24" w="1437" /><ent r="3" t="24" w="2779" /><ent r="3" t="26" w="462" /><ent r="4" t="29" w="818" /><ent r="3" t="33" w="141" /><ent r="3" t="34" w="706" /><ent r="3" t="34" w="948" /><ent r="3" t="37" w="755" /><ent r="3" t="37" w="1716" /><ent r="3" t="37" w="3159" /><ent r="3" t="77" w="24" /></phr><phr n="String"><ent r="3" t="13" w="1918" /><ent r="3" t="14" w="1131" /><ent r="3" t="14" w="1247" /><ent r="100" t="15" w="85" /><ent r="100" t="15" w="88" /><ent r="7" t="16" w="788" /><ent r="9" t="16" w="956" /><ent r="9" t="16" w="972" /><ent r="9" t="16" w="976" /><ent r="9" t="16" w="980" /><ent r="100" t="17" w="359" /><ent r="83" t="17" w="364" /><ent r="3" t="22" w="38" /><ent r="3" t="22" w="58" /><ent r="5" t="22" w="217" /><ent r="3" t="23" w="178" /><ent r="100" t="24" w="219" /><ent r="100" t="24" w="222" /><ent r="100" t="24" w="378" /><ent r="4" t="24" w="381" /><ent r="100" t="24" w="651" /><ent r="92" t="24" w="656" /><ent r="72" t="24" w="1317" /><ent r="3" t="29" w="670" /><ent r="3" t="32" w="1235" /><ent r="3" t="32" w="1297" /><ent r="3" t="32" w="1619" /><ent r="85" t="34" w="796" /><ent r="3" t="34" w="885" /><ent r="100" t="35" w="153" /><ent r="100" t="35" w="155" /><ent r="100" t="35" w="160" /><ent r="65" t="35" w="165" /><ent r="100" t="35" w="169" /><ent r="65" t="35" w="172" /><ent r="92" t="35" w="471" /><ent r="4" t="35" w="481" /><ent r="92" t="35" w="619" /><ent r="100" t="37" w="50" /><ent r="100" t="37" w="134" /><ent r="92" t="37" w="745" /><ent r="100" t="37" w="798" /><ent r="65" t="37" w="1971" /><ent r="64" t="37" w="2441" /><ent r="100" t="37" w="3498" /><ent r="3" t="37" w="3546" /><ent r="3" t="39" w="224" /><ent r="3" t="39" w="428" /><ent r="3" t="39" w="459" /><ent r="82" t="47" w="595" /><ent r="92" t="69" w="106" /><ent r="100" t="69" w="116" /></phr><phr n="STRING"><ent r="4" t="16" w="2008" /><ent r="3" t="16" w="2053" /><ent r="3" t="16" w="2057" /><ent r="3" t="19" w="637" /><ent r="3" t="19" w="686" /><ent r="3" t="19" w="1091" /><ent r="3" t="19" w="1124" /><ent r="3" t="19" w="1365" /><ent r="4" t="24" w="691" /><ent r="4" t="24" w="693" /><ent r="4" t="24" w="713" /><ent r="4" t="24" w="715" /><ent r="3" t="24" w="889" /><ent r="3" t="24" w="1001" /><ent r="3" t="24" w="1003" /><ent r="3" t="24" w="1060" /><ent r="3" t="24" w="1062" /><ent r="3" t="24" w="1120" /><ent r="3" t="24" w="1163" /><ent r="3" t="24" w="1164" /><ent r="3" t="24" w="2156" /><ent r="3" t="24" w="2161" /><ent r="3" t="24" w="2171" /><ent r="3" t="24" w="2180" /><ent r="3" t="24" w="2352" /><ent r="3" t="24" w="2356" /><ent r="4" t="29" w="799" /><ent r="4" t="29" w="813" /><ent r="4" t="77" w="89" /></phr><phr n="Strings"><ent r="82" t="26" w="452" /></phr></stem><stem n="choos"><phr n="chooses"><ent r="5" t="5" w="419" /><ent r="3" t="69" w="88" /></phr><phr n="Choose"><ent r="4" t="7" w="194" /><ent r="4" t="8" w="170" /><ent r="4" t="50" w="97" /></phr><phr n="choose"><ent r="3" t="7" w="369" /><ent r="4" t="49" w="55" /><ent r="4" t="50" w="69" /><ent r="4" t="50" w="175" /><ent r="4" t="65" w="352" /><ent r="4" t="65" w="369" /><ent r="6" t="70" w="1696" /><ent r="5" t="70" w="1742" /></phr></stem><stem n="human"><phr n="Human"><ent r="100" t="5" w="422" /><ent r="100" t="39" w="140" /></phr><phr n="human"><ent r="6" t="5" w="425" /><ent r="3" t="5" w="758" /><ent r="4" t="8" w="199" /><ent r="4" t="8" w="729" /><ent r="3" t="14" w="164" /><ent r="3" t="14" w="790" /><ent r="3" t="14" w="1050" /><ent r="4" t="16" w="1315" /><ent r="4" t="19" w="807" /><ent r="3" t="20" w="337" /><ent r="3" t="22" w="1288" /><ent r="3" t="27" w="102" /><ent r="3" t="32" w="131" /><ent r="3" t="33" w="350" /><ent r="3" t="39" w="143" /><ent r="3" t="44" w="462" /><ent r="3" t="44" w="721" /><ent r="3" t="45" w="111" /><ent r="3" t="46" w="310" /><ent r="3" t="48" w="40" /><ent r="3" t="49" w="522" /></phr><phr n="humans"><ent r="3" t="77" w="42" /></phr></stem><stem n="human_nam"><phr n="Human_name"><ent r="100" t="5" w="423" /><ent r="100" t="5" w="422" /><ent r="100" t="39" w="141" /><ent r="100" t="39" w="140" /></phr><phr n="human_name"><ent r="6" t="5" w="426" /><ent r="6" t="5" w="425" /><ent r="3" t="5" w="759" /><ent r="3" t="5" w="758" /><ent r="3" t="14" w="165" /><ent r="3" t="14" w="164" /><ent r="3" t="14" w="791" /><ent r="3" t="14" w="790" /><ent r="3" t="20" w="338" /><ent r="3" t="20" w="337" /><ent r="3" t="22" w="1289" /><ent r="3" t="22" w="1288" /><ent r="3" t="27" w="103" /><ent r="3" t="27" w="102" /><ent r="3" t="32" w="132" /><ent r="3" t="32" w="131" /><ent r="3" t="39" w="144" /><ent r="3" t="39" w="143" /><ent r="3" t="44" w="463" /><ent r="3" t="44" w="462" /><ent r="3" t="44" w="722" /><ent r="3" t="44" w="721" /><ent r="3" t="45" w="112" /><ent r="3" t="45" w="111" /><ent r="3" t="46" w="311" /><ent r="3" t="46" w="310" /><ent r="3" t="48" w="41" /><ent r="3" t="48" w="40" /><ent r="3" t="49" w="523" /><ent r="3" t="49" w="522" /></phr></stem><stem n="select"><phr n="select"><ent r="5" t="5" w="448" /><ent r="3" t="16" w="2132" /><ent r="4" t="21" w="571" /><ent r="4" t="21" w="589" /><ent r="3" t="56" w="541" /><ent r="3" t="56" w="584" /><ent r="3" t="56" w="594" /><ent r="3" t="56" w="604" /><ent r="4" t="77" w="115" /></phr><phr n="Select"><ent r="100" t="5" w="527" /><ent r="5" t="49" w="57" /><ent r="4" t="49" w="60" /><ent r="4" t="50" w="181" /><ent r="4" t="50" w="186" /><ent r="4" t="50" w="192" /><ent r="100" t="55" w="13" /><ent r="4" t="55" w="715" /><ent r="3" t="61" w="1054" /><ent r="3" t="61" w="1097" /></phr><phr n="selecting"><ent r="4" t="7" w="210" /></phr><phr n="selected"><ent r="3" t="7" w="446" /><ent r="3" t="7" w="546" /><ent r="3" t="9" w="20" /><ent r="6" t="68" w="701" /><ent r="6" t="70" w="1425" /><ent r="6" t="70" w="1481" /><ent r="6" t="70" w="1487" /><ent r="6" t="70" w="1706" /><ent r="5" t="70" w="1755" /></phr><phr n="Selecting"><ent r="4" t="21" w="608" /></phr><phr n="SELECT"><ent r="3" t="64" w="148" /><ent r="3" t="64" w="287" /><ent r="4" t="64" w="314" /><ent r="3" t="64" w="394" /><ent r="3" t="64" w="428" /><ent r="3" t="64" w="451" /><ent r="3" t="64" w="474" /></phr></stem><stem n="mean"><phr n="means"><ent r="5" t="5" w="461" /><ent r="3" t="11" w="443" /><ent r="3" t="13" w="2466" /><ent r="3" t="16" w="1950" /><ent r="3" t="19" w="972" /><ent r="3" t="19" w="1241" /><ent r="3" t="28" w="328" /><ent r="3" t="42" w="118" /><ent r="3" t="54" w="291" /><ent r="3" t="54" w="455" /><ent r="4" t="55" w="209" /></phr><phr n="meaning"><ent r="3" t="26" w="140" /><ent r="3" t="45" w="51" /></phr></stem><stem n="current"><phr n="current"><ent r="5" t="5" w="469" /><ent r="3" t="7" w="440" /><ent r="3" t="7" w="539" /><ent r="5" t="13" w="1059" /><ent r="3" t="14" w="262" /><ent r="3" t="14" w="293" /><ent r="3" t="14" w="311" /><ent r="3" t="14" w="506" /><ent r="3" t="14" w="518" /><ent r="3" t="14" w="532" /><ent r="4" t="15" w="223" /><ent r="3" t="17" w="103" /><ent r="3" t="17" w="277" /><ent r="3" t="19" w="436" /><ent r="4" t="19" w="1595" /><ent r="3" t="21" w="541" /><ent r="3" t="21" w="705" /><ent r="3" t="24" w="1658" /><ent r="3" t="28" w="274" /><ent r="3" t="33" w="185" /><ent r="3" t="33" w="188" /><ent r="3" t="33" w="218" /><ent r="3" t="33" w="250" /><ent r="3" t="33" w="285" /><ent r="3" t="33" w="316" /><ent r="3" t="33" w="341" /><ent r="3" t="33" w="408" /><ent r="4" t="35" w="1073" /><ent r="4" t="37" w="191" /><ent r="3" t="37" w="210" /><ent r="3" t="37" w="232" /><ent r="4" t="37" w="891" /><ent r="3" t="37" w="3618" /><ent r="3" t="37" w="3807" /><ent r="3" t="49" w="547" /><ent r="3" t="49" w="555" /><ent r="3" t="49" w="576" /><ent r="3" t="49" w="583" /><ent r="3" t="49" w="694" /><ent r="3" t="49" w="794" /><ent r="3" t="61" w="230" /><ent r="3" t="61" w="329" /><ent r="4" t="61" w="441" /><ent r="4" t="66" w="338" /><ent r="6" t="70" w="352" /><ent r="6" t="70" w="380" /><ent r="6" t="70" w="491" /><ent r="6" t="70" w="564" /><ent r="6" t="70" w="581" /><ent r="6" t="70" w="664" /><ent r="6" t="70" w="731" /><ent r="6" t="70" w="795" /><ent r="6" t="70" w="802" /><ent r="6" t="70" w="872" /><ent r="6" t="70" w="921" /><ent r="6" t="70" w="932" /><ent r="6" t="70" w="954" /><ent r="6" t="70" w="1014" /><ent r="6" t="70" w="1375" /><ent r="6" t="70" w="1699" /><ent r="5" t="70" w="1748" /><ent r="6" t="70" w="2349" /><ent r="6" t="70" w="2355" /></phr><phr n="Current"><ent r="5" t="9" w="360" /><ent r="5" t="9" w="368" /><ent r="5" t="9" w="431" /><ent r="5" t="9" w="452" /><ent r="5" t="9" w="460" /><ent r="5" t="9" w="490" /><ent r="3" t="14" w="1123" /></phr><phr n="currently"><ent r="5" t="22" w="495" /><ent r="4" t="22" w="695" /><ent r="4" t="57" w="93" /><ent r="3" t="58" w="70" /><ent r="6" t="70" w="359" /></phr><phr n="Currently"><ent r="3" t="44" w="528" /><ent r="3" t="44" w="793" /></phr></stem><stem n="&quot;#.#&quot;."><phr n="&quot;#.#&quot;."><ent r="5" t="5" w="477" /></phr></stem><stem n="_type"><phr n="_type"><ent r="100" t="5" w="480" /><ent r="6" t="5" w="483" /><ent r="3" t="14" w="800" /><ent r="3" t="22" w="1298" /><ent r="100" t="39" w="152" /><ent r="3" t="39" w="155" /><ent r="3" t="44" w="470" /><ent r="3" t="44" w="729" /><ent r="3" t="45" w="122" /><ent r="3" t="48" w="48" /><ent r="3" t="49" w="531" /></phr></stem><stem n="address_typ"><phr n="Address_type"><ent r="100" t="5" w="480" /><ent r="100" t="5" w="479" /><ent r="100" t="39" w="152" /><ent r="100" t="39" w="151" /></phr><phr n="address_type"><ent r="6" t="5" w="483" /><ent r="6" t="5" w="482" /><ent r="3" t="5" w="775" /><ent r="3" t="5" w="774" /><ent r="3" t="14" w="175" /><ent r="3" t="14" w="174" /><ent r="3" t="14" w="800" /><ent r="3" t="14" w="799" /><ent r="3" t="20" w="346" /><ent r="3" t="20" w="345" /><ent r="3" t="22" w="1298" /><ent r="3" t="22" w="1297" /><ent r="3" t="27" w="112" /><ent r="3" t="27" w="111" /><ent r="3" t="32" w="139" /><ent r="3" t="32" w="138" /><ent r="3" t="39" w="155" /><ent r="3" t="39" w="154" /><ent r="3" t="44" w="470" /><ent r="3" t="44" w="469" /><ent r="3" t="44" w="729" /><ent r="3" t="44" w="728" /><ent r="3" t="45" w="122" /><ent r="3" t="45" w="121" /><ent r="3" t="46" w="318" /><ent r="3" t="46" w="317" /><ent r="3" t="48" w="48" /><ent r="3" t="48" w="47" /><ent r="3" t="49" w="531" /><ent r="3" t="49" w="530" /></phr></stem><stem n="-separ"><phr n="-separated"><ent r="6" t="5" w="486" /><ent r="6" t="5" w="486" /><ent r="100" t="5" w="501" /><ent r="100" t="5" w="501" /><ent r="100" t="16" w="78" /><ent r="100" t="16" w="78" /><ent r="3" t="16" w="95" /><ent r="3" t="16" w="95" /><ent r="100" t="16" w="367" /><ent r="100" t="16" w="367" /><ent r="3" t="16" w="397" /><ent r="3" t="16" w="397" /><ent r="3" t="19" w="556" /><ent r="3" t="19" w="556" /><ent r="3" t="19" w="751" /><ent r="3" t="19" w="751" /><ent r="4" t="40" w="726" /><ent r="4" t="40" w="726" /><ent r="4" t="47" w="578" /><ent r="4" t="47" w="578" /></phr></stem><stem n="comma"><phr n="comma"><ent r="6" t="5" w="486" /><ent r="3" t="16" w="95" /><ent r="3" t="16" w="397" /><ent r="3" t="19" w="556" /><ent r="3" t="19" w="751" /><ent r="4" t="22" w="242" /><ent r="6" t="24" w="2909" /><ent r="6" t="24" w="2921" /><ent r="6" t="24" w="2932" /><ent r="4" t="40" w="726" /><ent r="4" t="59" w="137" /><ent r="6" t="70" w="1212" /></phr><phr n="Comma"><ent r="100" t="5" w="501" /><ent r="100" t="16" w="78" /><ent r="100" t="16" w="367" /></phr><phr n="commas"><ent r="4" t="31" w="249" /></phr></stem><stem n="comma-separ"><phr n="comma-separated"><ent r="6" t="5" w="486" /><ent r="3" t="16" w="95" /><ent r="3" t="16" w="397" /><ent r="3" t="19" w="556" /><ent r="3" t="19" w="751" /><ent r="4" t="40" w="726" /></phr><phr n="Comma-separated"><ent r="100" t="5" w="501" /><ent r="100" t="16" w="78" /><ent r="100" t="16" w="367" /></phr></stem><stem n="implement"><phr n="implements"><ent r="6" t="5" w="496" /><ent r="3" t="55" w="99" /></phr><phr n="implement"><ent r="3" t="22" w="1043" /><ent r="6" t="70" w="2312" /></phr><phr n="implemented"><ent r="3" t="24" w="1834" /></phr></stem><stem n="&quot;ip&quot;"><phr n="&quot;IP&quot;"><ent r="6" t="5" w="498" /><ent r="3" t="14" w="802" /><ent r="3" t="39" w="157" /><ent r="3" t="44" w="472" /><ent r="3" t="44" w="731" /><ent r="3" t="45" w="124" /><ent r="3" t="48" w="50" /><ent r="3" t="49" w="533" /></phr></stem><stem n="&quot;at&quot;."><phr n="&quot;AT&quot;."><ent r="6" t="5" w="500" /></phr></stem><stem n="port"><phr n="Port"><ent r="100" t="5" w="506" /><ent r="100" t="37" w="367" /><ent r="3" t="37" w="4022" /><ent r="3" t="37" w="4470" /><ent r="100" t="39" w="158" /><ent r="8" t="70" w="981" /></phr><phr n="port"><ent r="6" t="5" w="509" /><ent r="5" t="5" w="514" /><ent r="6" t="5" w="642" /><ent r="6" t="5" w="650" /><ent r="3" t="5" w="779" /><ent r="5" t="13" w="172" /><ent r="5" t="13" w="176" /><ent r="5" t="13" w="1016" /><ent r="5" t="13" w="1045" /><ent r="3" t="14" w="179" /><ent r="3" t="19" w="464" /><ent r="3" t="20" w="349" /><ent r="3" t="22" w="1303" /><ent r="3" t="27" w="115" /><ent r="3" t="32" w="142" /><ent r="3" t="34" w="24" /><ent r="3" t="34" w="63" /><ent r="4" t="37" w="360" /><ent r="65" t="37" w="371" /><ent r="4" t="37" w="381" /><ent r="83" t="37" w="2894" /><ent r="3" t="37" w="2915" /><ent r="3" t="37" w="2947" /><ent r="3" t="37" w="3883" /><ent r="3" t="37" w="3993" /><ent r="3" t="37" w="4111" /><ent r="3" t="37" w="4134" /><ent r="3" t="37" w="4138" /><ent r="3" t="39" w="161" /><ent r="3" t="39" w="416" /><ent r="3" t="41" w="427" /><ent r="3" t="44" w="500" /><ent r="3" t="44" w="611" /><ent r="3" t="44" w="617" /><ent r="3" t="44" w="641" /><ent r="3" t="44" w="682" /><ent r="3" t="47" w="123" /><ent r="4" t="47" w="357" /><ent r="3" t="48" w="142" /><ent r="4" t="55" w="280" /><ent r="3" t="56" w="228" /><ent r="3" t="56" w="307" /><ent r="3" t="56" w="311" /><ent r="3" t="58" w="364" /><ent r="3" t="58" w="497" /><ent r="3" t="59" w="113" /><ent r="3" t="59" w="183" /><ent r="3" t="59" w="219" /><ent r="3" t="59" w="243" /><ent r="3" t="59" w="302" /><ent r="3" t="59" w="413" /><ent r="3" t="60" w="31" /><ent r="3" t="60" w="150" /><ent r="3" t="60" w="188" /><ent r="3" t="60" w="216" /><ent r="3" t="61" w="277" /><ent r="3" t="61" w="290" /><ent r="3" t="61" w="298" /><ent r="3" t="61" w="348" /><ent r="3" t="61" w="350" /><ent r="3" t="61" w="366" /><ent r="3" t="61" w="392" /><ent r="3" t="61" w="483" /><ent r="3" t="61" w="505" /><ent r="3" t="61" w="942" /><ent r="3" t="61" w="949" /><ent r="3" t="61" w="1326" /><ent r="3" t="61" w="1342" /><ent r="3" t="61" w="1347" /></phr><phr n="PORT"><ent r="100" t="37" w="362" /><ent r="65" t="37" w="370" /><ent r="83" t="37" w="2893" /><ent r="3" t="37" w="3879" /><ent r="3" t="37" w="4107" /><ent r="3" t="37" w="4122" /><ent r="100" t="41" w="394" /><ent r="3" t="41" w="422" /><ent r="3" t="44" w="505" /><ent r="3" t="44" w="522" /><ent r="3" t="44" w="624" /><ent r="3" t="47" w="106" /><ent r="4" t="47" w="340" /><ent r="100" t="47" w="359" /><ent r="3" t="48" w="137" /></phr></stem><stem n="_number"><phr n="_number"><ent r="100" t="5" w="507" /><ent r="6" t="5" w="510" /><ent r="3" t="22" w="1304" /><ent r="100" t="39" w="159" /><ent r="3" t="39" w="162" /></phr><phr n="_numbered"><ent r="3" t="25" w="69" /><ent r="5" t="25" w="284" /></phr></stem><stem n="port_numb"><phr n="Port_number"><ent r="100" t="5" w="507" /><ent r="100" t="5" w="506" /><ent r="100" t="39" w="159" /><ent r="100" t="39" w="158" /></phr><phr n="port_number"><ent r="6" t="5" w="510" /><ent r="6" t="5" w="509" /><ent r="3" t="5" w="780" /><ent r="3" t="5" w="779" /><ent r="3" t="14" w="180" /><ent r="3" t="14" w="179" /><ent r="3" t="20" w="350" /><ent r="3" t="20" w="349" /><ent r="3" t="22" w="1304" /><ent r="3" t="22" w="1303" /><ent r="3" t="27" w="116" /><ent r="3" t="27" w="115" /><ent r="3" t="32" w="143" /><ent r="3" t="32" w="142" /><ent r="3" t="39" w="162" /><ent r="3" t="39" w="161" /></phr></stem><stem n="display_nam"><phr n="display_name"><ent r="100" t="5" w="522" /><ent r="100" t="5" w="521" /><ent r="6" t="5" w="525" /><ent r="6" t="5" w="524" /><ent r="6" t="5" w="534" /><ent r="6" t="5" w="533" /><ent r="6" t="5" w="563" /><ent r="6" t="5" w="562" /><ent r="6" t="5" w="574" /><ent r="6" t="5" w="573" /><ent r="3" t="5" w="765" /><ent r="3" t="5" w="764" /><ent r="3" t="14" w="103" /><ent r="3" t="14" w="102" /><ent r="3" t="14" w="184" /><ent r="3" t="14" w="183" /><ent r="3" t="14" w="803" /><ent r="3" t="14" w="802" /><ent r="3" t="20" w="353" /><ent r="3" t="20" w="352" /><ent r="3" t="27" w="119" /><ent r="3" t="27" w="118" /><ent r="3" t="32" w="146" /><ent r="3" t="32" w="145" /><ent r="3" t="44" w="473" /><ent r="3" t="44" w="472" /><ent r="3" t="44" w="732" /><ent r="3" t="44" w="731" /><ent r="3" t="46" w="284" /><ent r="3" t="46" w="283" /><ent r="3" t="46" w="321" /><ent r="3" t="46" w="320" /><ent r="3" t="48" w="51" /><ent r="3" t="48" w="50" /><ent r="3" t="49" w="534" /><ent r="3" t="49" w="533" /></phr></stem><stem n="forward"><phr n="forward"><ent r="6" t="5" w="541" /><ent r="3" t="35" w="1258" /></phr><phr n="Forwarded"><ent r="3" t="13" w="2084" /><ent r="3" t="13" w="2101" /><ent r="3" t="16" w="137" /><ent r="100" t="16" w="208" /><ent r="100" t="16" w="1152" /></phr><phr n="forwarding"><ent r="4" t="29" w="373" /></phr></stem><stem n="slash"><phr n="slashes"><ent r="6" t="5" w="542" /></phr></stem><stem n="heirarchi"><phr n="heirarchy"><ent r="6" t="5" w="546" /></phr></stem><stem n="&quot;[top"><phr n="&quot;[top"><ent r="6" t="5" w="564" /></phr></stem><stem n="top"><phr n="top"><ent r="6" t="5" w="564" /><ent r="4" t="17" w="231" /><ent r="3" t="19" w="1813" /><ent r="4" t="61" w="446" /><ent r="3" t="61" w="553" /><ent r="3" t="61" w="847" /><ent r="3" t="61" w="1035" /><ent r="6" t="70" w="1898" /><ent r="3" t="71" w="65" /><ent r="3" t="72" w="56" /></phr><phr n="Top"><ent r="3" t="13" w="2527" /><ent r="3" t="13" w="2549" /></phr></stem><stem n="level"><phr n="level"><ent r="6" t="5" w="565" /><ent r="6" t="5" w="567" /><ent r="6" t="5" w="569" /><ent r="4" t="61" w="447" /><ent r="3" t="61" w="554" /><ent r="3" t="61" w="848" /><ent r="3" t="61" w="1036" /><ent r="6" t="70" w="1899" /><ent r="6" t="70" w="1922" /><ent r="6" t="70" w="1942" /><ent r="6" t="70" w="1961" /><ent r="100" t="71" w="44" /><ent r="3" t="71" w="66" /><ent r="100" t="72" w="14" /><ent r="3" t="72" w="57" /></phr><phr n="Level"><ent r="100" t="71" w="20" /><ent r="100" t="71" w="40" /><ent r="100" t="72" w="10" /><ent r="100" t="72" w="61" /></phr></stem><stem n="]/[next"><phr n="]/[next"><ent r="6" t="5" w="566" /><ent r="6" t="5" w="568" /></phr></stem><stem n="next"><phr n="next"><ent r="6" t="5" w="566" /><ent r="6" t="5" w="568" /><ent r="5" t="13" w="914" /><ent r="3" t="13" w="1965" /><ent r="3" t="14" w="275" /><ent r="3" t="14" w="302" /><ent r="3" t="14" w="535" /><ent r="3" t="14" w="568" /><ent r="3" t="14" w="577" /><ent r="3" t="14" w="849" /><ent r="3" t="16" w="1422" /><ent r="4" t="19" w="856" /><ent r="3" t="19" w="1497" /><ent r="4" t="22" w="840" /><ent r="3" t="26" w="632" /><ent r="3" t="27" w="244" /><ent r="3" t="35" w="932" /><ent r="4" t="37" w="265" /><ent r="4" t="37" w="1893" /><ent r="4" t="37" w="1930" /><ent r="3" t="37" w="2372" /><ent r="3" t="37" w="2383" /><ent r="3" t="37" w="2400" /><ent r="3" t="37" w="2455" /><ent r="3" t="37" w="2471" /><ent r="3" t="37" w="3301" /><ent r="3" t="37" w="4442" /><ent r="3" t="44" w="880" /><ent r="3" t="44" w="889" /></phr><phr n="Next"><ent r="100" t="16" w="453" /><ent r="4" t="16" w="1116" /><ent r="100" t="18" w="95" /><ent r="4" t="18" w="106" /><ent r="100" t="25" w="130" /><ent r="4" t="25" w="141" /><ent r="3" t="26" w="51" /><ent r="92" t="26" w="621" /><ent r="3" t="26" w="801" /><ent r="3" t="61" w="1151" /><ent r="3" t="61" w="1154" /><ent r="3" t="61" w="1315" /></phr><phr n="NEXT"><ent r="100" t="37" w="261" /><ent r="65" t="37" w="415" /><ent r="83" t="37" w="2822" /><ent r="5" t="37" w="2826" /><ent r="6" t="37" w="2866" /><ent r="6" t="37" w="2872" /></phr></stem></index>