<?xml version="1.0" encoding="utf-8"?><index><stem n="]&quot;"><phr n="]&quot;"><ent r="6" t="5" w="570" /><ent r="3" t="7" w="86" /></phr></stem><stem n="&quot;custom/command-line&quot;"><phr n="&quot;Custom/Command-line&quot;"><ent r="6" t="5" w="578" /></phr></stem><stem n="url"><phr n="Url"><ent r="100" t="5" w="580" /><ent r="100" t="5" w="617" /></phr><phr n="url"><ent r="6" t="5" w="583" /><ent r="6" t="5" w="621" /><ent r="6" t="5" w="623" /><ent r="6" t="5" w="644" /><ent r="5" t="13" w="1431" /><ent r="4" t="49" w="396" /><ent r="3" t="61" w="1190" /><ent r="3" t="61" w="1207" /></phr><phr n="URL"><ent r="4" t="11" w="478" /><ent r="4" t="11" w="507" /><ent r="5" t="13" w="1456" /><ent r="3" t="44" w="871" /><ent r="3" t="44" w="884" /><ent r="3" t="44" w="930" /><ent r="3" t="57" w="47" /><ent r="3" t="58" w="109" /><ent r="3" t="58" w="122" /><ent r="3" t="58" w="144" /><ent r="3" t="58" w="167" /><ent r="3" t="58" w="176" /><ent r="3" t="58" w="191" /><ent r="6" t="58" w="258" /><ent r="3" t="58" w="326" /><ent r="3" t="58" w="355" /><ent r="3" t="59" w="239" /><ent r="3" t="59" w="312" /><ent r="3" t="60" w="24" /><ent r="4" t="60" w="67" /><ent r="3" t="60" w="210" /><ent r="6" t="61" w="169" /><ent r="3" t="61" w="686" /><ent r="3" t="61" w="1040" /><ent r="64" t="63" w="29" /><ent r="100" t="66" w="7" /><ent r="3" t="66" w="20" /><ent r="4" t="66" w="111" /><ent r="4" t="66" w="563" /><ent r="100" t="70" w="107" /><ent r="3" t="70" w="218" /><ent r="3" t="70" w="221" /><ent r="6" t="70" w="263" /><ent r="6" t="70" w="742" /><ent r="6" t="70" w="840" /><ent r="6" t="70" w="858" /><ent r="6" t="70" w="1338" /><ent r="3" t="70" w="1809" /><ent r="3" t="70" w="1815" /><ent r="6" t="70" w="1857" /><ent r="6" t="70" w="1867" /><ent r="6" t="70" w="2030" /><ent r="6" t="70" w="2051" /><ent r="6" t="70" w="2119" /><ent r="100" t="71" w="95" /><ent r="3" t="71" w="137" /><ent r="3" t="71" w="142" /><ent r="3" t="71" w="202" /><ent r="3" t="71" w="278" /><ent r="3" t="71" w="328" /><ent r="100" t="73" w="14" /><ent r="3" t="73" w="38" /></phr><phr n="URLs"><ent r="5" t="13" w="1265" /><ent r="3" t="13" w="1363" /><ent r="3" t="58" w="128" /><ent r="3" t="58" w="137" /><ent r="3" t="58" w="198" /><ent r="3" t="58" w="232" /><ent r="3" t="58" w="239" /><ent r="3" t="59" w="101" /><ent r="3" t="61" w="156" /><ent r="65" t="70" w="114" /><ent r="93" t="70" w="1775" /></phr></stem><stem n="_hint"><phr n="_hint"><ent r="100" t="5" w="581" /><ent r="6" t="5" w="584" /><ent r="6" t="5" w="622" /><ent r="6" t="5" w="645" /></phr></stem><stem n="url_hint"><phr n="Url_hint"><ent r="100" t="5" w="581" /><ent r="100" t="5" w="580" /></phr><phr n="url_hint"><ent r="6" t="5" w="584" /><ent r="6" t="5" w="583" /><ent r="6" t="5" w="622" /><ent r="6" t="5" w="621" /><ent r="6" t="5" w="645" /><ent r="6" t="5" w="644" /></phr></stem><stem n="hint"><phr n="hint"><ent r="100" t="5" w="581" /><ent r="6" t="5" w="584" /><ent r="6" t="5" w="622" /><ent r="6" t="5" w="645" /></phr></stem><stem n="assign"><phr n="Assign"><ent r="5" t="5" w="586" /><ent r="4" t="24" w="3001" /><ent r="4" t="24" w="3015" /></phr><phr n="assignments"><ent r="3" t="13" w="1834" /><ent r="3" t="37" w="1689" /></phr><phr n="assigns"><ent r="3" t="13" w="1895" /><ent r="3" t="28" w="154" /><ent r="3" t="32" w="267" /></phr><phr n="assign"><ent r="3" t="13" w="1919" /><ent r="3" t="13" w="1931" /><ent r="4" t="24" w="2856" /><ent r="3" t="26" w="829" /><ent r="3" t="26" w="1037" /></phr><phr n="assigned"><ent r="3" t="13" w="1957" /><ent r="3" t="13" w="2428" /><ent r="3" t="13" w="2510" /><ent r="3" t="21" w="156" /><ent r="3" t="24" w="913" /><ent r="6" t="24" w="2994" /></phr><phr n="assigning"><ent r="3" t="14" w="971" /></phr><phr n="Assignment"><ent r="4" t="24" w="322" /><ent r="3" t="37" w="1724" /></phr><phr n="assignment"><ent r="3" t="26" w="898" /><ent r="3" t="34" w="640" /></phr><phr n="Assigns"><ent r="4" t="37" w="763" /><ent r="3" t="37" w="1655" /></phr></stem><stem n="-click"><phr n="-click"><ent r="5" t="5" w="588" /><ent r="5" t="5" w="588" /><ent r="5" t="5" w="599" /><ent r="5" t="5" w="599" /><ent r="4" t="49" w="50" /><ent r="4" t="49" w="50" /><ent r="4" t="50" w="170" /><ent r="4" t="50" w="170" /><ent r="4" t="56" w="762" /><ent r="4" t="56" w="762" /></phr></stem><stem n="doubl"><phr n="double"><ent r="5" t="5" w="588" /><ent r="5" t="5" w="599" /><ent r="3" t="12" w="101" /><ent r="5" t="13" w="1392" /><ent r="4" t="17" w="388" /><ent r="4" t="24" w="126" /><ent r="4" t="24" w="245" /><ent r="4" t="24" w="254" /><ent r="3" t="24" w="961" /><ent r="4" t="35" w="487" /><ent r="4" t="66" w="118" /><ent r="4" t="66" w="293" /><ent r="3" t="69" w="27" /></phr><phr n="Double"><ent r="100" t="24" w="116" /><ent r="100" t="35" w="568" /><ent r="5" t="35" w="571" /><ent r="4" t="56" w="762" /></phr><phr n="DOUBLE"><ent r="3" t="24" w="947" /><ent r="3" t="24" w="950" /><ent r="3" t="24" w="955" /><ent r="4" t="29" w="811" /></phr></stem><stem n="double-click"><phr n="double-click"><ent r="5" t="5" w="588" /><ent r="5" t="5" w="599" /></phr><phr n="Double-click"><ent r="4" t="56" w="762" /></phr></stem><stem n="action"><phr n="action"><ent r="5" t="5" w="590" /><ent r="5" t="5" w="601" /><ent r="3" t="19" w="42" /><ent r="4" t="21" w="626" /><ent r="3" t="22" w="1016" /><ent r="3" t="32" w="189" /></phr><phr n="Action"><ent r="5" t="11" w="169" /></phr><phr n="actions"><ent r="3" t="21" w="788" /></phr></stem><stem n="(make"><phr n="(making"><ent r="5" t="5" w="594" /></phr></stem><stem n="-defin"><phr n="-defined"><ent r="5" t="5" w="597" /><ent r="5" t="5" w="597" /><ent r="4" t="8" w="138" /><ent r="4" t="8" w="138" /><ent r="4" t="8" w="700" /><ent r="4" t="8" w="700" /></phr></stem><stem n="pre"><phr n="pre"><ent r="5" t="5" w="597" /><ent r="4" t="8" w="138" /><ent r="4" t="8" w="700" /></phr></stem><stem n="pre-defin"><phr n="pre-defined"><ent r="5" t="5" w="597" /><ent r="4" t="8" w="138" /><ent r="4" t="8" w="700" /></phr></stem><stem n="-to-invok"><phr n="-to-invoke"><ent r="100" t="5" w="617" /><ent r="100" t="5" w="618" /></phr></stem><stem n="url-to"><phr n="Url-to"><ent r="100" t="5" w="617" /></phr><phr n="url-to"><ent r="6" t="5" w="623" /></phr></stem><stem n="url-to-invok"><phr n="Url-to-invoke"><ent r="100" t="5" w="617" /></phr><phr n="url-to-invoke"><ent r="6" t="5" w="623" /></phr></stem><stem n="to-invok"><phr n="to-invoke"><ent r="100" t="5" w="618" /><ent r="6" t="5" w="624" /></phr></stem><stem n="&quot;url-to-invoke&quot;"><phr n="&quot;url-to-invoke&quot;"><ent r="6" t="5" w="626" /></phr></stem><stem n="would"><phr n="would"><ent r="6" t="5" w="630" /><ent r="3" t="7" w="340" /><ent r="4" t="16" w="1476" /><ent r="4" t="16" w="1483" /><ent r="3" t="19" w="500" /><ent r="4" t="22" w="371" /><ent r="4" t="22" w="422" /><ent r="3" t="26" w="742" /><ent r="3" t="32" w="1165" /><ent r="3" t="33" w="294" /><ent r="3" t="37" w="4528" /><ent r="4" t="41" w="165" /><ent r="4" t="55" w="1238" /><ent r="3" t="58" w="172" /><ent r="3" t="64" w="362" /></phr></stem><stem n="browser"><phr n="browser"><ent r="6" t="5" w="634" /><ent r="4" t="11" w="535" /><ent r="4" t="59" w="158" /><ent r="3" t="59" w="212" /><ent r="3" t="65" w="132" /><ent r="6" t="70" w="765" /><ent r="6" t="70" w="1322" /></phr><phr n="browsers"><ent r="4" t="57" w="123" /></phr></stem><stem n="$"><phr n="$"><ent r="6" t="5" w="647" /><ent r="6" t="5" w="649" /><ent r="3" t="7" w="158" /><ent r="4" t="7" w="244" /><ent r="3" t="7" w="314" /><ent r="3" t="7" w="432" /><ent r="3" t="7" w="472" /><ent r="3" t="7" w="482" /><ent r="3" t="7" w="531" /><ent r="5" t="9" w="183" /><ent r="5" t="9" w="194" /><ent r="5" t="9" w="239" /><ent r="5" t="9" w="250" /><ent r="3" t="10" w="296" /><ent r="3" t="10" w="303" /><ent r="3" t="10" w="310" /><ent r="5" t="13" w="134" /><ent r="5" t="13" w="144" /><ent r="5" t="13" w="171" /><ent r="5" t="13" w="183" /><ent r="5" t="13" w="199" /><ent r="5" t="13" w="210" /><ent r="5" t="13" w="245" /><ent r="5" t="13" w="307" /><ent r="5" t="13" w="322" /><ent r="66" t="13" w="332" /><ent r="66" t="13" w="339" /><ent r="66" t="13" w="357" /><ent r="66" t="13" w="362" /><ent r="66" t="13" w="381" /><ent r="6" t="13" w="406" /><ent r="5" t="13" w="416" /><ent r="4" t="13" w="472" /><ent r="65" t="13" w="612" /><ent r="5" t="13" w="633" /><ent r="5" t="13" w="648" /><ent r="5" t="13" w="658" /><ent r="5" t="13" w="669" /><ent r="66" t="13" w="678" /><ent r="67" t="13" w="686" /><ent r="68" t="13" w="695" /><ent r="68" t="13" w="700" /><ent r="6" t="13" w="720" /><ent r="5" t="13" w="759" /><ent r="5" t="13" w="766" /><ent r="5" t="13" w="773" /><ent r="5" t="13" w="780" /><ent r="5" t="13" w="805" /><ent r="5" t="13" w="819" /><ent r="5" t="13" w="829" /><ent r="5" t="13" w="840" /><ent r="5" t="13" w="849" /><ent r="5" t="13" w="859" /><ent r="5" t="13" w="869" /><ent r="5" t="13" w="877" /><ent r="5" t="13" w="887" /><ent r="5" t="13" w="901" /><ent r="5" t="13" w="922" /><ent r="5" t="13" w="933" /><ent r="5" t="13" w="945" /><ent r="5" t="13" w="957" /><ent r="5" t="13" w="997" /><ent r="5" t="13" w="1011" /><ent r="5" t="13" w="1026" /><ent r="5" t="13" w="1040" /><ent r="5" t="13" w="1055" /><ent r="5" t="13" w="1066" /><ent r="5" t="13" w="1077" /><ent r="5" t="13" w="1094" /><ent r="5" t="13" w="1106" /><ent r="5" t="13" w="1123" /><ent r="5" t="13" w="1134" /><ent r="5" t="13" w="1148" /><ent r="5" t="13" w="1162" /><ent r="5" t="13" w="1181" /><ent r="5" t="13" w="1208" /><ent r="5" t="13" w="1221" /><ent r="5" t="13" w="1238" /><ent r="5" t="13" w="1254" /><ent r="5" t="13" w="1279" /><ent r="5" t="13" w="1294" /><ent r="66" t="13" w="1304" /><ent r="68" t="13" w="1311" /><ent r="68" t="13" w="1316" /><ent r="5" t="13" w="1381" /><ent r="5" t="13" w="1398" /><ent r="5" t="13" w="1420" /><ent r="5" t="13" w="1440" /><ent r="82" t="13" w="1497" /><ent r="3" t="13" w="1503" /><ent r="3" t="13" w="1523" /><ent r="4" t="13" w="1538" /><ent r="3" t="13" w="1663" /><ent r="3" t="13" w="1669" /><ent r="3" t="13" w="1675" /><ent r="3" t="13" w="1685" /><ent r="3" t="13" w="1693" /><ent r="3" t="13" w="1706" /><ent r="3" t="13" w="1713" /><ent r="3" t="13" w="1722" /><ent r="82" t="13" w="1737" /><ent r="4" t="13" w="1744" /><ent r="3" t="13" w="1804" /><ent r="3" t="13" w="1811" /><ent r="3" t="13" w="1882" /><ent r="3" t="13" w="1884" /><ent r="3" t="13" w="1898" /><ent r="3" t="13" w="1903" /><ent r="3" t="13" w="1905" /><ent r="3" t="13" w="1913" /><ent r="3" t="13" w="1920" /><ent r="3" t="13" w="1922" /><ent r="3" t="13" w="1925" /><ent r="3" t="13" w="1927" /><ent r="3" t="13" w="1932" /><ent r="3" t="13" w="1934" /><ent r="3" t="13" w="1938" /><ent r="3" t="13" w="1950" /><ent r="3" t="13" w="1959" /><ent r="3" t="13" w="1968" /><ent r="3" t="13" w="1972" /><ent r="3" t="13" w="2001" /><ent r="3" t="13" w="2009" /><ent r="3" t="13" w="2011" /><ent r="82" t="13" w="2021" /><ent r="4" t="13" w="2040" /><ent r="3" t="13" w="2104" /><ent r="82" t="13" w="2110" /><ent r="82" t="13" w="2113" /><ent r="3" t="13" w="2119" /><ent r="3" t="13" w="2122" /><ent r="4" t="13" w="2156" /><ent r="4" t="13" w="2170" /><ent r="3" t="13" w="2198" /><ent r="3" t="13" w="2204" /><ent r="3" t="13" w="2209" /><ent r="3" t="13" w="2216" /><ent r="3" t="13" w="2224" /><ent r="3" t="13" w="2234" /><ent r="3" t="13" w="2242" /><ent r="82" t="13" w="2357" /><ent r="4" t="13" w="2403" /><ent r="4" t="13" w="2435" /><ent r="4" t="13" w="2463" /><ent r="3" t="14" w="676" /><ent r="3" t="14" w="692" /><ent r="3" t="14" w="1069" /><ent r="3" t="14" w="1076" /><ent r="3" t="14" w="1093" /><ent r="3" t="14" w="1098" /><ent r="3" t="14" w="1103" /><ent r="3" t="14" w="1108" /><ent r="3" t="14" w="1113" /><ent r="3" t="16" w="1227" /><ent r="3" t="16" w="1727" /><ent r="4" t="16" w="1869" /><ent r="4" t="16" w="1874" /><ent r="4" t="16" w="1878" /><ent r="4" t="16" w="1882" /><ent r="4" t="16" w="1885" /><ent r="3" t="17" w="152" /><ent r="3" t="17" w="158" /><ent r="3" t="17" w="165" /><ent r="3" t="17" w="174" /><ent r="3" t="17" w="179" /><ent r="3" t="17" w="187" /><ent r="3" t="17" w="192" /><ent r="3" t="17" w="197" /><ent r="5" t="17" w="398" /><ent r="3" t="19" w="1847" /><ent r="3" t="20" w="171" /><ent r="3" t="20" w="178" /><ent r="3" t="20" w="185" /><ent r="5" t="22" w="321" /><ent r="4" t="22" w="352" /><ent r="5" t="22" w="366" /><ent r="5" t="22" w="385" /><ent r="5" t="22" w="416" /><ent r="3" t="22" w="1429" /><ent r="3" t="22" w="1438" /><ent r="3" t="22" w="1455" /><ent r="3" t="22" w="1494" /><ent r="3" t="22" w="1529" /><ent r="3" t="22" w="1554" /><ent r="3" t="22" w="1562" /><ent r="3" t="22" w="1570" /><ent r="4" t="24" w="196" /><ent r="3" t="24" w="2821" /><ent r="3" t="24" w="2826" /><ent r="3" t="24" w="2831" /><ent r="6" t="24" w="2959" /><ent r="6" t="24" w="2961" /><ent r="6" t="24" w="2963" /><ent r="6" t="24" w="2971" /><ent r="6" t="24" w="2983" /><ent r="6" t="24" w="2998" /><ent r="4" t="24" w="3012" /><ent r="4" t="24" w="3026" /><ent r="4" t="29" w="348" /><ent r="3" t="34" w="524" /><ent r="3" t="34" w="573" /><ent r="3" t="34" w="586" /><ent r="3" t="34" w="588" /><ent r="3" t="34" w="914" /><ent r="3" t="34" w="981" /><ent r="3" t="34" w="983" /><ent r="3" t="34" w="992" /><ent r="3" t="34" w="1003" /><ent r="4" t="35" w="825" /><ent r="4" t="35" w="830" /><ent r="3" t="35" w="938" /><ent r="3" t="35" w="953" /><ent r="3" t="35" w="968" /><ent r="3" t="35" w="1273" /><ent r="4" t="35" w="1335" /><ent r="3" t="35" w="1368" /><ent r="3" t="35" w="1371" /><ent r="6" t="35" w="1408" /><ent r="6" t="35" w="1424" /><ent r="6" t="35" w="1444" /><ent r="5" t="37" w="773" /><ent r="4" t="37" w="1031" /><ent r="3" t="37" w="1130" /><ent r="3" t="37" w="1134" /><ent r="4" t="37" w="1663" /><ent r="3" t="37" w="1762" /><ent r="4" t="37" w="1797" /><ent r="5" t="37" w="2689" /><ent r="5" t="37" w="2691" /><ent r="5" t="37" w="2706" /><ent r="5" t="37" w="2713" /><ent r="3" t="37" w="2788" /><ent r="3" t="37" w="2790" /><ent r="4" t="37" w="2805" /><ent r="4" t="37" w="2813" /><ent r="4" t="37" w="2837" /><ent r="5" t="37" w="3044" /><ent r="5" t="37" w="3046" /><ent r="5" t="37" w="3061" /><ent r="5" t="37" w="3069" /><ent r="5" t="37" w="3119" /><ent r="5" t="37" w="3140" /><ent r="4" t="37" w="3492" /><ent r="5" t="37" w="3526" /><ent r="3" t="37" w="3905" /><ent r="3" t="37" w="3925" /><ent r="3" t="37" w="3994" /><ent r="3" t="37" w="3996" /><ent r="3" t="37" w="4023" /><ent r="3" t="37" w="4041" /><ent r="3" t="37" w="4069" /><ent r="3" t="37" w="4082" /><ent r="3" t="37" w="4097" /><ent r="3" t="37" w="4326" /><ent r="3" t="37" w="4471" /><ent r="3" t="37" w="4489" /><ent r="3" t="37" w="4623" /><ent r="6" t="38" w="105" /><ent r="6" t="38" w="121" /><ent r="5" t="38" w="183" /><ent r="4" t="38" w="268" /><ent r="4" t="38" w="273" /><ent r="3" t="39" w="458" /><ent r="3" t="39" w="470" /><ent r="3" t="39" w="491" /><ent r="3" t="39" w="505" /><ent r="3" t="39" w="509" /><ent r="3" t="39" w="523" /><ent r="3" t="39" w="527" /><ent r="3" t="39" w="541" /><ent r="3" t="39" w="545" /><ent r="3" t="39" w="559" /><ent r="3" t="39" w="577" /><ent r="3" t="39" w="583" /><ent r="3" t="39" w="615" /><ent r="3" t="39" w="625" /><ent r="3" t="40" w="869" /><ent r="65" t="40" w="879" /><ent r="3" t="40" w="1119" /><ent r="4" t="40" w="1136" /><ent r="3" t="40" w="1166" /><ent r="5" t="41" w="361" /><ent r="3" t="41" w="401" /><ent r="3" t="41" w="421" /><ent r="3" t="41" w="526" /><ent r="3" t="41" w="528" /><ent r="3" t="42" w="101" /><ent r="4" t="42" w="113" /><ent r="3" t="43" w="51" /><ent r="3" t="44" w="242" /><ent r="3" t="44" w="247" /><ent r="3" t="44" w="512" /><ent r="3" t="44" w="518" /><ent r="3" t="44" w="520" /><ent r="3" t="44" w="545" /><ent r="3" t="44" w="550" /><ent r="3" t="44" w="555" /><ent r="3" t="44" w="560" /><ent r="3" t="44" w="565" /><ent r="3" t="44" w="776" /><ent r="3" t="44" w="782" /><ent r="3" t="44" w="785" /><ent r="3" t="44" w="801" /><ent r="3" t="44" w="806" /><ent r="3" t="44" w="811" /><ent r="3" t="44" w="816" /><ent r="3" t="44" w="821" /><ent r="3" t="44" w="830" /><ent r="3" t="45" w="42" /><ent r="3" t="45" w="46" /><ent r="3" t="45" w="48" /><ent r="3" t="45" w="176" /><ent r="3" t="45" w="184" /><ent r="3" t="45" w="189" /><ent r="3" t="45" w="194" /><ent r="3" t="45" w="213" /><ent r="4" t="46" w="143" /><ent r="3" t="46" w="294" /><ent r="3" t="46" w="378" /><ent r="3" t="46" w="382" /><ent r="3" t="46" w="391" /><ent r="3" t="46" w="396" /><ent r="3" t="46" w="401" /><ent r="3" t="46" w="406" /><ent r="3" t="47" w="102" /><ent r="3" t="47" w="105" /><ent r="4" t="47" w="336" /><ent r="4" t="47" w="339" /><ent r="3" t="47" w="679" /><ent r="4" t="47" w="892" /><ent r="3" t="48" w="125" /><ent r="3" t="48" w="136" /><ent r="3" t="48" w="192" /><ent r="3" t="48" w="214" /><ent r="3" t="48" w="231" /><ent r="3" t="48" w="236" /><ent r="3" t="48" w="241" /><ent r="3" t="48" w="246" /><ent r="3" t="48" w="260" /><ent r="3" t="48" w="263" /><ent r="4" t="49" w="180" /><ent r="5" t="49" w="211" /><ent r="3" t="49" w="600" /><ent r="3" t="49" w="606" /><ent r="3" t="49" w="625" /><ent r="3" t="49" w="630" /><ent r="3" t="49" w="635" /><ent r="3" t="49" w="640" /><ent r="3" t="49" w="645" /><ent r="64" t="49" w="949" /><ent r="3" t="56" w="534" /><ent r="3" t="58" w="483" /><ent r="3" t="59" w="400" /><ent r="3" t="61" w="519" /><ent r="3" t="61" w="560" /><ent r="3" t="61" w="585" /><ent r="3" t="61" w="595" /><ent r="3" t="61" w="613" /><ent r="3" t="61" w="681" /><ent r="3" t="61" w="707" /><ent r="3" t="61" w="760" /><ent r="3" t="61" w="813" /><ent r="3" t="61" w="823" /><ent r="3" t="61" w="828" /><ent r="4" t="66" w="189" /><ent r="3" t="66" w="264" /><ent r="4" t="66" w="331" /><ent r="3" t="67" w="140" /><ent r="3" t="67" w="147" /><ent r="3" t="67" w="153" /><ent r="5" t="67" w="171" /><ent r="5" t="67" w="187" /><ent r="5" t="67" w="212" /><ent r="5" t="67" w="249" /><ent r="4" t="70" w="22" /><ent r="7" t="70" w="139" /><ent r="100" t="70" w="185" /><ent r="4" t="70" w="188" /><ent r="7" t="70" w="242" /><ent r="7" t="70" w="267" /><ent r="7" t="70" w="293" /><ent r="7" t="70" w="306" /><ent r="8" t="70" w="310" /><ent r="8" t="70" w="320" /><ent r="8" t="70" w="334" /><ent r="7" t="70" w="345" /><ent r="7" t="70" w="373" /><ent r="7" t="70" w="405" /><ent r="7" t="70" w="426" /><ent r="7" t="70" w="445" /><ent r="7" t="70" w="462" /><ent r="7" t="70" w="480" /><ent r="7" t="70" w="539" /><ent r="7" t="70" w="554" /><ent r="7" t="70" w="569" /><ent r="7" t="70" w="602" /><ent r="7" t="70" w="607" /><ent r="7" t="70" w="629" /><ent r="7" t="70" w="655" /><ent r="7" t="70" w="671" /><ent r="7" t="70" w="685" /><ent r="7" t="70" w="698" /><ent r="7" t="70" w="754" /><ent r="7" t="70" w="769" /><ent r="7" t="70" w="780" /><ent r="7" t="70" w="791" /><ent r="7" t="70" w="798" /><ent r="7" t="70" w="807" /><ent r="7" t="70" w="833" /><ent r="7" t="70" w="851" /><ent r="7" t="70" w="868" /><ent r="7" t="70" w="879" /><ent r="7" t="70" w="908" /><ent r="7" t="70" w="942" /><ent r="7" t="70" w="989" /><ent r="7" t="70" w="1004" /><ent r="7" t="70" w="1017" /><ent r="7" t="70" w="1038" /><ent r="7" t="70" w="1072" /><ent r="7" t="70" w="1091" /><ent r="7" t="70" w="1107" /><ent r="7" t="70" w="1161" /><ent r="7" t="70" w="1185" /><ent r="7" t="70" w="1256" /><ent r="7" t="70" w="1276" /><ent r="7" t="70" w="1308" /><ent r="7" t="70" w="1310" /><ent r="7" t="70" w="1345" /><ent r="7" t="70" w="1347" /><ent r="7" t="70" w="1349" /><ent r="7" t="70" w="1358" /><ent r="7" t="70" w="1362" /><ent r="7" t="70" w="1394" /><ent r="7" t="70" w="1458" /><ent r="7" t="70" w="1463" /><ent r="7" t="70" w="1465" /><ent r="7" t="70" w="1512" /><ent r="7" t="70" w="1517" /><ent r="7" t="70" w="1551" /><ent r="7" t="70" w="1553" /><ent r="7" t="70" w="1648" /><ent r="7" t="70" w="1685" /><ent r="7" t="70" w="1701" /><ent r="7" t="70" w="1724" /><ent r="6" t="70" w="1731" /><ent r="6" t="70" w="1750" /><ent r="7" t="70" w="1852" /><ent r="7" t="70" w="1872" /><ent r="7" t="70" w="1894" /><ent r="7" t="70" w="1910" /><ent r="7" t="70" w="1917" /><ent r="7" t="70" w="1937" /><ent r="7" t="70" w="1956" /><ent r="7" t="70" w="1972" /><ent r="7" t="70" w="1979" /><ent r="7" t="70" w="1983" /><ent r="7" t="70" w="1987" /><ent r="7" t="70" w="2002" /><ent r="6" t="70" w="2063" /><ent r="6" t="70" w="2069" /><ent r="6" t="70" w="2075" /><ent r="7" t="70" w="2086" /><ent r="7" t="70" w="2131" /><ent r="7" t="70" w="2143" /><ent r="7" t="70" w="2150" /><ent r="7" t="70" w="2157" /><ent r="7" t="70" w="2164" /><ent r="7" t="70" w="2171" /><ent r="7" t="70" w="2175" /><ent r="7" t="70" w="2201" /><ent r="7" t="70" w="2228" /><ent r="7" t="70" w="2255" /><ent r="7" t="70" w="2281" /><ent r="7" t="70" w="2308" /><ent r="7" t="70" w="2340" /><ent r="7" t="70" w="2344" /><ent r="7" t="70" w="2363" /><ent r="7" t="70" w="2386" /><ent r="7" t="70" w="2393" /><ent r="6" t="70" w="2401" /><ent r="6" t="70" w="2409" /><ent r="6" t="70" w="2416" /><ent r="6" t="70" w="2418" /><ent r="6" t="70" w="2424" /><ent r="6" t="70" w="2426" /><ent r="6" t="70" w="2430" /><ent r="6" t="70" w="2445" /><ent r="6" t="70" w="2459" /><ent r="4" t="71" w="245" /></phr></stem><stem n="&quot;http://${address}:${port}&quot;"><phr n="&quot;http://${address}:${port}&quot;"><ent r="6" t="5" w="651" /></phr></stem><stem n="poll"><phr n="poll"><ent r="5" t="5" w="654" /><ent r="6" t="5" w="662" /><ent r="6" t="5" w="699" /><ent r="6" t="5" w="707" /><ent r="6" t="5" w="711" /><ent r="6" t="5" w="854" /><ent r="6" t="5" w="868" /><ent r="4" t="22" w="669" /><ent r="3" t="28" w="267" /><ent r="3" t="28" w="275" /><ent r="3" t="32" w="181" /></phr><phr n="polling"><ent r="6" t="5" w="685" /><ent r="3" t="16" w="256" /><ent r="3" t="19" w="76" /><ent r="3" t="28" w="281" /><ent r="3" t="28" w="342" /><ent r="4" t="38" w="380" /><ent r="4" t="38" w="419" /></phr><phr n="polled"><ent r="6" t="5" w="693" /><ent r="3" t="16" w="1751" /><ent r="3" t="29" w="158" /></phr><phr n="polls"><ent r="3" t="14" w="30" /><ent r="4" t="15" w="123" /><ent r="4" t="15" w="159" /><ent r="3" t="28" w="233" /></phr></stem><stem n="_interv"><phr n="_interval"><ent r="5" t="5" w="655" /><ent r="6" t="5" w="708" /><ent r="6" t="5" w="712" /></phr></stem><stem n="poll_interv"><phr n="poll_interval"><ent r="5" t="5" w="655" /><ent r="5" t="5" w="654" /><ent r="6" t="5" w="708" /><ent r="6" t="5" w="707" /><ent r="6" t="5" w="712" /><ent r="6" t="5" w="711" /></phr></stem><stem n="interv"><phr n="interval"><ent r="5" t="5" w="655" /><ent r="6" t="5" w="663" /><ent r="6" t="5" w="700" /><ent r="6" t="5" w="708" /><ent r="6" t="5" w="712" /><ent r="6" t="38" w="103" /><ent r="6" t="38" w="119" /><ent r="65" t="70" w="102" /><ent r="93" t="70" w="1613" /><ent r="3" t="70" w="1632" /></phr><phr n="intervals"><ent r="3" t="38" w="155" /></phr></stem><stem n="default"><phr n="default"><ent r="6" t="5" w="661" /><ent r="6" t="5" w="675" /><ent r="6" t="5" w="1120" /><ent r="3" t="8" w="35" /><ent r="3" t="8" w="285" /><ent r="3" t="10" w="38" /><ent r="3" t="10" w="202" /><ent r="3" t="14" w="427" /><ent r="3" t="14" w="974" /><ent r="4" t="16" w="1110" /><ent r="4" t="16" w="1269" /><ent r="4" t="16" w="1411" /><ent r="3" t="17" w="368" /><ent r="3" t="19" w="1824" /><ent r="3" t="20" w="77" /><ent r="3" t="20" w="274" /><ent r="3" t="24" w="1382" /><ent r="4" t="25" w="234" /><ent r="4" t="25" w="301" /><ent r="3" t="27" w="317" /><ent r="4" t="35" w="665" /><ent r="4" t="35" w="1107" /><ent r="4" t="35" w="1300" /><ent r="4" t="37" w="2180" /><ent r="3" t="37" w="2945" /><ent r="3" t="37" w="3736" /><ent r="3" t="37" w="3881" /><ent r="3" t="37" w="4109" /><ent r="3" t="37" w="4132" /><ent r="4" t="55" w="281" /><ent r="4" t="55" w="300" /><ent r="4" t="55" w="317" /><ent r="4" t="61" w="421" /><ent r="3" t="65" w="31" /><ent r="4" t="66" w="555" /><ent r="7" t="68" w="432" /><ent r="6" t="68" w="645" /><ent r="6" t="70" w="1143" /><ent r="3" t="71" w="135" /><ent r="3" t="71" w="366" /><ent r="3" t="71" w="416" /></phr><phr n="Default"><ent r="3" t="7" w="389" /><ent r="3" t="7" w="515" /><ent r="100" t="16" w="518" /><ent r="7" t="16" w="546" /><ent r="100" t="35" w="1081" /><ent r="82" t="35" w="1087" /><ent r="3" t="58" w="422" /><ent r="3" t="58" w="436" /><ent r="100" t="71" w="401" /><ent r="3" t="71" w="404" /></phr><phr n="DEFAULT"><ent r="3" t="14" w="471" /><ent r="3" t="16" w="167" /><ent r="3" t="16" w="184" /><ent r="100" t="16" w="516" /><ent r="6" t="16" w="568" /><ent r="7" t="16" w="898" /><ent r="6" t="16" w="924" /><ent r="3" t="16" w="1187" /><ent r="3" t="16" w="1191" /><ent r="3" t="16" w="1211" /><ent r="3" t="16" w="1221" /><ent r="3" t="16" w="1721" /><ent r="4" t="16" w="1992" /><ent r="3" t="16" w="2073" /><ent r="3" t="16" w="2079" /><ent r="3" t="19" w="594" /><ent r="3" t="19" w="616" /><ent r="3" t="19" w="659" /><ent r="3" t="19" w="700" /><ent r="3" t="19" w="1055" /><ent r="3" t="19" w="1063" /><ent r="3" t="19" w="1070" /><ent r="3" t="19" w="1081" /><ent r="3" t="19" w="1099" /><ent r="3" t="19" w="1107" /><ent r="3" t="19" w="1133" /><ent r="3" t="19" w="1345" /><ent r="3" t="19" w="1353" /><ent r="3" t="19" w="1649" /><ent r="3" t="19" w="1680" /><ent r="3" t="19" w="1690" /><ent r="3" t="24" w="2808" /><ent r="3" t="26" w="519" /><ent r="3" t="27" w="361" /><ent r="3" t="27" w="390" /><ent r="4" t="77" w="92" /></phr><phr n="defaults"><ent r="3" t="24" w="1655" /></phr><phr n="Defaults"><ent r="3" t="61" w="284" /><ent r="3" t="61" w="357" /></phr></stem><stem n="indic"><phr n="indicated"><ent r="6" t="5" w="666" /><ent r="4" t="37" w="653" /><ent r="4" t="37" w="692" /><ent r="3" t="37" w="954" /><ent r="3" t="37" w="2776" /><ent r="3" t="37" w="3032" /><ent r="3" t="42" w="99" /><ent r="3" t="49" w="136" /></phr><phr n="indices"><ent r="6" t="5" w="955" /></phr><phr n="indicate"><ent r="6" t="5" w="1137" /><ent r="4" t="16" w="1648" /><ent r="3" t="21" w="337" /><ent r="3" t="21" w="394" /><ent r="3" t="22" w="903" /><ent r="3" t="24" w="71" /><ent r="4" t="35" w="769" /><ent r="4" t="35" w="795" /><ent r="3" t="37" w="4529" /><ent r="4" t="40" w="673" /><ent r="3" t="41" w="425" /><ent r="3" t="42" w="35" /><ent r="3" t="42" w="64" /></phr><phr n="indicator"><ent r="3" t="12" w="117" /></phr><phr n="indicates"><ent r="4" t="13" w="1579" /><ent r="4" t="19" w="795" /><ent r="4" t="24" w="2242" /><ent r="6" t="24" w="2885" /><ent r="6" t="24" w="2973" /><ent r="4" t="37" w="1015" /><ent r="3" t="37" w="4218" /><ent r="3" t="39" w="243" /><ent r="3" t="54" w="565" /><ent r="4" t="55" w="183" /><ent r="4" t="55" w="230" /><ent r="4" t="55" w="343" /><ent r="4" t="55" w="1247" /></phr><phr n="indicating"><ent r="4" t="16" w="1383" /><ent r="3" t="56" w="367" /><ent r="3" t="56" w="418" /></phr><phr n="indication"><ent r="3" t="37" w="1610" /></phr><phr n="Indicates"><ent r="100" t="55" w="30" /><ent r="100" t="55" w="181" /></phr></stem></index>