<?xml version="1.0" encoding="utf-8"?><index><stem n="2u"><phr n="2U"><ent r="7" t="11" w="397" /><ent r="7" t="11" w="409" /><ent r="3" t="11" w="442" /></phr></stem><stem n="www.exampl"><phr n="www.example"><ent r="7" t="11" w="400" /><ent r="7" t="11" w="399" /><ent r="7" t="11" w="406" /><ent r="7" t="11" w="405" /><ent r="7" t="11" w="412" /><ent r="7" t="11" w="411" /><ent r="4" t="11" w="483" /><ent r="4" t="11" w="482" /><ent r="3" t="55" w="967" /><ent r="3" t="55" w="966" /><ent r="7" t="70" w="2055" /><ent r="7" t="70" w="2054" /><ent r="7" t="70" w="2123" /><ent r="7" t="70" w="2122" /></phr></stem><stem n="www.example.com"><phr n="www.example.com"><ent r="7" t="11" w="401" /><ent r="7" t="11" w="399" /><ent r="7" t="11" w="407" /><ent r="7" t="11" w="405" /><ent r="7" t="11" w="413" /><ent r="7" t="11" w="411" /><ent r="4" t="11" w="484" /><ent r="4" t="11" w="482" /><ent r="3" t="55" w="968" /><ent r="3" t="55" w="966" /><ent r="7" t="70" w="2056" /><ent r="7" t="70" w="2054" /><ent r="7" t="70" w="2124" /><ent r="7" t="70" w="2122" /></phr></stem><stem n="p0"><phr n="p0"><ent r="7" t="11" w="402" /><ent r="7" t="11" w="416" /><ent r="3" t="14" w="1129" /><ent r="3" t="32" w="356" /><ent r="3" t="49" w="585" /><ent r="3" t="49" w="659" /><ent r="3" t="49" w="665" /></phr><phr n="P0"><ent r="3" t="13" w="2555" /><ent r="3" t="13" w="2560" /><ent r="3" t="48" w="184" /><ent r="3" t="48" w="262" /></phr></stem><stem n="\2u\http://www.example.com\p0\"><phr n="\2U\http://www.example.com\p0\"><ent r="7" t="11" w="403" /></phr></stem><stem n="://www.example.com"><phr n="://www.example.com"><ent r="7" t="11" w="407" /><ent r="3" t="55" w="968" /></phr></stem><stem n="\2u=http://www.example.com\text"><phr n="\2U=http://www.example.com\Text"><ent r="7" t="11" w="414" /></phr></stem><stem n="\p0\"><phr n="\p0\"><ent r="7" t="11" w="417" /><ent r="3" t="14" w="1130" /><ent r="3" t="32" w="357" /><ent r="3" t="49" w="660" /><ent r="3" t="49" w="666" /></phr></stem><stem n="last"><phr n="last"><ent r="3" t="11" w="426" /><ent r="4" t="11" w="499" /><ent r="5" t="13" w="1085" /><ent r="5" t="13" w="1117" /><ent r="3" t="14" w="559" /><ent r="5" t="35" w="1418" /><ent r="5" t="51" w="104" /><ent r="100" t="68" w="466" /><ent r="7" t="68" w="471" /><ent r="6" t="70" w="439" /><ent r="6" t="70" w="455" /><ent r="6" t="70" w="2190" /></phr><phr n="LAST"><ent r="3" t="33" w="88" /></phr></stem><stem n="both"><phr n="both"><ent r="3" t="11" w="440" /><ent r="4" t="11" w="525" /><ent r="3" t="14" w="879" /><ent r="4" t="17" w="383" /><ent r="3" t="26" w="911" /><ent r="4" t="29" w="817" /><ent r="3" t="34" w="905" /><ent r="3" t="35" w="627" /><ent r="3" t="38" w="56" /><ent r="3" t="40" w="471" /><ent r="3" t="47" w="422" /><ent r="3" t="64" w="338" /><ent r="5" t="69" w="234" /><ent r="3" t="71" w="409" /></phr><phr n="Both"><ent r="3" t="13" w="2185" /><ent r="3" t="14" w="894" /><ent r="4" t="16" w="1678" /><ent r="4" t="37" w="1958" /><ent r="3" t="37" w="2428" /><ent r="3" t="61" w="47" /><ent r="3" t="61" w="57" /></phr></stem><stem n="&quot;\2u\&quot;"><phr n="&quot;\2U\&quot;"><ent r="3" t="11" w="443" /></phr></stem><stem n="&quot;set"><phr n="&quot;set"><ent r="3" t="11" w="444" /></phr></stem><stem n=".&quot;"><phr n=".&quot;"><ent r="3" t="11" w="452" /><ent r="3" t="19" w="1339" /><ent r="3" t="29" w="1062" /><ent r="3" t="33" w="131" /><ent r="3" t="33" w="144" /><ent r="3" t="33" w="151" /><ent r="3" t="33" w="160" /><ent r="3" t="33" w="235" /><ent r="3" t="33" w="270" /><ent r="3" t="33" w="301" /><ent r="3" t="33" w="326" /><ent r="3" t="33" w="353" /><ent r="3" t="33" w="391" /><ent r="3" t="33" w="422" /><ent r="3" t="37" w="1559" /><ent r="3" t="37" w="1605" /><ent r="3" t="37" w="3426" /><ent r="3" t="37" w="4031" /><ent r="3" t="37" w="4479" /><ent r="3" t="39" w="597" /><ent r="3" t="42" w="141" /><ent r="3" t="45" w="73" /><ent r="93" t="54" w="195" /></phr></stem><stem n="close"><phr n="closing"><ent r="4" t="11" w="474" /><ent r="4" t="35" w="762" /><ent r="4" t="35" w="788" /><ent r="4" t="40" w="802" /></phr><phr n="closed"><ent r="3" t="18" w="44" /><ent r="3" t="25" w="39" /></phr><phr n="closely"><ent r="3" t="21" w="316" /><ent r="6" t="70" w="2383" /></phr><phr n="closes"><ent r="3" t="37" w="2001" /><ent r="3" t="37" w="2031" /><ent r="3" t="37" w="2468" /><ent r="3" t="37" w="3323" /><ent r="3" t="37" w="4248" /></phr><phr n="close"><ent r="3" t="44" w="643" /></phr></stem><stem n="://www.example.com),"><phr n="://www.example.com),"><ent r="4" t="11" w="485" /></phr></stem><stem n="&quot;=[url]&quot;,"><phr n="&quot;=[URL]&quot;,"><ent r="4" t="11" w="508" /></phr></stem><stem n="(&quot;text"><phr n="(&quot;Text"><ent r="4" t="11" w="513" /></phr></stem><stem n="quit"><phr n="quite"><ent r="3" t="12" w="18" /></phr><phr n="QUIT"><ent r="100" t="37" w="18" /><ent r="3" t="37" w="3958" /></phr><phr n="quit"><ent r="3" t="44" w="867" /><ent r="3" t="44" w="938" /></phr><phr n="Quit"><ent r="3" t="61" w="934" /></phr></stem><stem n="interspers"><phr n="interspersed"><ent r="3" t="12" w="28" /></phr></stem><stem n="anywher"><phr n="anywhere"><ent r="3" t="12" w="29" /><ent r="3" t="35" w="1740" /></phr></stem><stem n="complic"><phr n="complicated"><ent r="3" t="12" w="41" /></phr></stem><stem n="simplifi"><phr n="simplified"><ent r="3" t="12" w="46" /><ent r="3" t="35" w="1750" /></phr></stem><stem n="rule"><phr n="rule"><ent r="3" t="12" w="50" /><ent r="3" t="12" w="77" /><ent r="82" t="22" w="1038" /><ent r="3" t="22" w="1092" /><ent r="3" t="22" w="1114" /><ent r="3" t="22" w="1263" /><ent r="3" t="22" w="1267" /><ent r="3" t="23" w="30" /><ent r="3" t="23" w="32" /><ent r="4" t="23" w="60" /><ent r="3" t="23" w="69" /><ent r="4" t="23" w="74" /><ent r="3" t="35" w="1754" /><ent r="3" t="54" w="131" /></phr><phr n="rules"><ent r="3" t="14" w="586" /><ent r="3" t="22" w="1055" /></phr><phr n="Rules"><ent r="3" t="37" w="960" /><ent r="3" t="37" w="1082" /></phr></stem><stem n="begin"><phr n="Begin"><ent r="3" t="12" w="52" /><ent r="4" t="35" w="1756" /></phr><phr n="beginning"><ent r="3" t="12" w="120" /><ent r="3" t="24" w="1394" /><ent r="3" t="37" w="4126" /><ent r="6" t="70" w="2276" /><ent r="3" t="71" w="382" /></phr><phr n="begin"><ent r="3" t="13" w="446" /><ent r="3" t="20" w="242" /><ent r="3" t="20" w="448" /><ent r="3" t="20" w="483" /><ent r="3" t="20" w="515" /><ent r="3" t="20" w="545" /><ent r="3" t="22" w="589" /><ent r="4" t="24" w="774" /><ent r="3" t="24" w="1184" /><ent r="3" t="24" w="1632" /><ent r="3" t="26" w="145" /><ent r="3" t="66" w="527" /></phr><phr n="begins"><ent r="3" t="26" w="205" /><ent r="4" t="37" w="1021" /><ent r="4" t="50" w="214" /></phr><phr n="BEGIN"><ent r="3" t="33" w="69" /></phr></stem><stem n="!--"><phr n="!--"><ent r="4" t="12" w="58" /><ent r="3" t="12" w="86" /><ent r="3" t="13" w="1892" /><ent r="3" t="13" w="1909" /><ent r="3" t="13" w="1947" /><ent r="3" t="13" w="1992" /><ent r="3" t="13" w="2014" /><ent r="3" t="14" w="51" /><ent r="3" t="14" w="732" /><ent r="3" t="19" w="598" /><ent r="3" t="19" w="619" /><ent r="3" t="19" w="641" /><ent r="3" t="19" w="663" /><ent r="3" t="19" w="676" /><ent r="3" t="19" w="690" /><ent r="3" t="19" w="703" /><ent r="3" t="19" w="1073" /><ent r="3" t="19" w="1084" /><ent r="3" t="19" w="1651" /><ent r="3" t="19" w="1662" /><ent r="3" t="19" w="1672" /><ent r="3" t="19" w="1682" /><ent r="3" t="19" w="1692" /><ent r="3" t="19" w="1701" /><ent r="3" t="19" w="1710" /><ent r="3" t="19" w="1720" /><ent r="3" t="20" w="291" /><ent r="3" t="27" w="10" /><ent r="3" t="32" w="21" /><ent r="3" t="32" w="708" /><ent r="5" t="35" w="1762" /><ent r="3" t="35" w="1782" /><ent r="3" t="39" w="83" /><ent r="3" t="44" w="433" /><ent r="3" t="44" w="698" /><ent r="3" t="45" w="75" /><ent r="3" t="46" w="221" /><ent r="3" t="48" w="10" /><ent r="3" t="49" w="476" /></phr></stem><stem n="--&gt;"><phr n="--&gt;"><ent r="4" t="12" w="63" /><ent r="4" t="12" w="64" /><ent r="3" t="12" w="104" /><ent r="3" t="12" w="105" /><ent r="3" t="13" w="1666" /><ent r="3" t="13" w="1667" /><ent r="3" t="13" w="1672" /><ent r="3" t="13" w="1673" /><ent r="3" t="13" w="1679" /><ent r="3" t="13" w="1680" /><ent r="3" t="13" w="1690" /><ent r="3" t="13" w="1691" /><ent r="3" t="13" w="1698" /><ent r="3" t="13" w="1699" /><ent r="3" t="13" w="1710" /><ent r="3" t="13" w="1711" /><ent r="3" t="13" w="1719" /><ent r="3" t="13" w="1720" /><ent r="3" t="13" w="1728" /><ent r="3" t="13" w="1729" /><ent r="3" t="13" w="1900" /><ent r="3" t="13" w="1901" /><ent r="3" t="13" w="1916" /><ent r="3" t="13" w="1917" /><ent r="3" t="13" w="1967" /><ent r="3" t="13" w="1968" /><ent r="3" t="13" w="1997" /><ent r="3" t="13" w="1998" /><ent r="3" t="14" w="147" /><ent r="3" t="14" w="148" /><ent r="3" t="14" w="778" /><ent r="3" t="14" w="779" /><ent r="3" t="19" w="602" /><ent r="3" t="19" w="603" /><ent r="3" t="19" w="623" /><ent r="3" t="19" w="624" /><ent r="3" t="19" w="645" /><ent r="3" t="19" w="646" /><ent r="3" t="19" w="667" /><ent r="3" t="19" w="668" /><ent r="3" t="19" w="681" /><ent r="3" t="19" w="682" /><ent r="3" t="19" w="695" /><ent r="3" t="19" w="696" /><ent r="3" t="19" w="708" /><ent r="3" t="19" w="709" /><ent r="3" t="19" w="1074" /><ent r="3" t="19" w="1075" /><ent r="3" t="19" w="1085" /><ent r="3" t="19" w="1086" /><ent r="3" t="19" w="1652" /><ent r="3" t="19" w="1653" /><ent r="3" t="19" w="1663" /><ent r="3" t="19" w="1664" /><ent r="3" t="19" w="1673" /><ent r="3" t="19" w="1674" /><ent r="3" t="19" w="1683" /><ent r="3" t="19" w="1684" /><ent r="3" t="19" w="1693" /><ent r="3" t="19" w="1694" /><ent r="3" t="19" w="1702" /><ent r="3" t="19" w="1703" /><ent r="3" t="19" w="1711" /><ent r="3" t="19" w="1712" /><ent r="3" t="19" w="1721" /><ent r="3" t="19" w="1722" /><ent r="3" t="20" w="324" /><ent r="3" t="20" w="325" /><ent r="3" t="24" w="987" /><ent r="3" t="24" w="988" /><ent r="3" t="24" w="1150" /><ent r="3" t="24" w="1151" /><ent r="3" t="24" w="1155" /><ent r="3" t="24" w="1156" /><ent r="3" t="24" w="2005" /><ent r="3" t="24" w="2006" /><ent r="3" t="24" w="2025" /><ent r="3" t="24" w="2026" /><ent r="3" t="24" w="2047" /><ent r="3" t="24" w="2048" /><ent r="3" t="24" w="2067" /><ent r="3" t="24" w="2068" /><ent r="3" t="24" w="2089" /><ent r="3" t="24" w="2090" /><ent r="3" t="24" w="2111" /><ent r="3" t="24" w="2112" /><ent r="3" t="24" w="2120" /><ent r="3" t="24" w="2121" /><ent r="3" t="24" w="2127" /><ent r="3" t="24" w="2128" /><ent r="3" t="24" w="2135" /><ent r="3" t="24" w="2136" /><ent r="3" t="24" w="2145" /><ent r="3" t="24" w="2146" /><ent r="3" t="24" w="2321" /><ent r="3" t="24" w="2322" /><ent r="3" t="24" w="2328" /><ent r="3" t="24" w="2329" /><ent r="3" t="24" w="2335" /><ent r="3" t="24" w="2336" /><ent r="3" t="24" w="2342" /><ent r="3" t="24" w="2343" /><ent r="3" t="24" w="2646" /><ent r="3" t="24" w="2647" /><ent r="3" t="24" w="2654" /><ent r="3" t="24" w="2655" /><ent r="3" t="24" w="2662" /><ent r="3" t="24" w="2663" /><ent r="3" t="24" w="2667" /><ent r="3" t="24" w="2668" /><ent r="3" t="24" w="2678" /><ent r="3" t="24" w="2679" /><ent r="3" t="24" w="2683" /><ent r="3" t="24" w="2684" /><ent r="3" t="24" w="2688" /><ent r="3" t="24" w="2689" /><ent r="3" t="27" w="90" /><ent r="3" t="27" w="91" /><ent r="3" t="32" w="118" /><ent r="3" t="32" w="119" /><ent r="3" t="32" w="1120" /><ent r="3" t="32" w="1121" /><ent r="5" t="35" w="1767" /><ent r="5" t="35" w="1768" /><ent r="3" t="35" w="1793" /><ent r="3" t="35" w="1794" /><ent r="3" t="39" w="119" /><ent r="3" t="39" w="120" /><ent r="3" t="44" w="449" /><ent r="3" t="44" w="450" /><ent r="3" t="44" w="708" /><ent r="3" t="44" w="709" /><ent r="3" t="45" w="99" /><ent r="3" t="45" w="100" /><ent r="3" t="46" w="298" /><ent r="3" t="46" w="299" /><ent r="3" t="48" w="28" /><ent r="3" t="48" w="29" /><ent r="3" t="49" w="509" /><ent r="3" t="49" w="510" /></phr></stem><stem n="&gt;"><phr n="&gt;"><ent r="4" t="12" w="63" /><ent r="3" t="12" w="104" /><ent r="3" t="13" w="1666" /><ent r="3" t="13" w="1672" /><ent r="3" t="13" w="1679" /><ent r="3" t="13" w="1690" /><ent r="3" t="13" w="1698" /><ent r="3" t="13" w="1710" /><ent r="3" t="13" w="1719" /><ent r="3" t="13" w="1728" /><ent r="3" t="13" w="1900" /><ent r="3" t="13" w="1916" /><ent r="3" t="13" w="1967" /><ent r="3" t="13" w="1997" /><ent r="3" t="13" w="2017" /><ent r="3" t="13" w="2220" /><ent r="3" t="13" w="2230" /><ent r="3" t="13" w="2238" /><ent r="3" t="13" w="2248" /><ent r="3" t="14" w="147" /><ent r="3" t="14" w="778" /><ent r="3" t="17" w="160" /><ent r="3" t="17" w="167" /><ent r="3" t="17" w="176" /><ent r="3" t="17" w="181" /><ent r="3" t="17" w="189" /><ent r="3" t="17" w="199" /><ent r="3" t="17" w="353" /><ent r="3" t="17" w="354" /><ent r="3" t="19" w="602" /><ent r="3" t="19" w="623" /><ent r="3" t="19" w="645" /><ent r="3" t="19" w="667" /><ent r="3" t="19" w="681" /><ent r="3" t="19" w="695" /><ent r="3" t="19" w="708" /><ent r="3" t="19" w="1074" /><ent r="3" t="19" w="1085" /><ent r="3" t="19" w="1652" /><ent r="3" t="19" w="1663" /><ent r="3" t="19" w="1673" /><ent r="3" t="19" w="1683" /><ent r="3" t="19" w="1693" /><ent r="3" t="19" w="1702" /><ent r="3" t="19" w="1711" /><ent r="3" t="19" w="1721" /><ent r="3" t="20" w="324" /><ent r="3" t="22" w="39" /><ent r="3" t="22" w="59" /><ent r="3" t="22" w="65" /><ent r="3" t="22" w="70" /><ent r="3" t="22" w="75" /><ent r="3" t="22" w="79" /><ent r="4" t="22" w="165" /><ent r="3" t="22" w="991" /><ent r="3" t="22" w="1085" /><ent r="3" t="22" w="1417" /><ent r="3" t="22" w="1425" /><ent r="3" t="22" w="1434" /><ent r="3" t="22" w="1443" /><ent r="3" t="22" w="1451" /><ent r="3" t="22" w="1457" /><ent r="3" t="22" w="1461" /><ent r="3" t="22" w="1474" /><ent r="3" t="22" w="1482" /><ent r="3" t="22" w="1490" /><ent r="3" t="22" w="1496" /><ent r="3" t="22" w="1500" /><ent r="3" t="22" w="1509" /><ent r="3" t="22" w="1517" /><ent r="3" t="22" w="1525" /><ent r="3" t="22" w="1531" /><ent r="3" t="22" w="1535" /><ent r="3" t="23" w="179" /><ent r="3" t="23" w="186" /><ent r="3" t="23" w="191" /><ent r="3" t="23" w="197" /><ent r="3" t="23" w="201" /><ent r="4" t="24" w="142" /><ent r="4" t="24" w="144" /><ent r="4" t="24" w="357" /><ent r="4" t="24" w="359" /><ent r="3" t="24" w="987" /><ent r="3" t="24" w="1150" /><ent r="3" t="24" w="1155" /><ent r="3" t="24" w="2005" /><ent r="3" t="24" w="2025" /><ent r="3" t="24" w="2047" /><ent r="3" t="24" w="2067" /><ent r="3" t="24" w="2089" /><ent r="3" t="24" w="2111" /><ent r="3" t="24" w="2120" /><ent r="3" t="24" w="2127" /><ent r="3" t="24" w="2135" /><ent r="3" t="24" w="2145" /><ent r="3" t="24" w="2321" /><ent r="3" t="24" w="2328" /><ent r="3" t="24" w="2335" /><ent r="3" t="24" w="2342" /><ent r="7" t="24" w="2591" /><ent r="3" t="24" w="2646" /><ent r="3" t="24" w="2654" /><ent r="3" t="24" w="2662" /><ent r="3" t="24" w="2667" /><ent r="3" t="24" w="2678" /><ent r="3" t="24" w="2683" /><ent r="3" t="24" w="2688" /><ent r="3" t="27" w="90" /><ent r="4" t="31" w="54" /><ent r="3" t="32" w="118" /><ent r="3" t="32" w="1120" /><ent r="6" t="34" w="772" /><ent r="6" t="34" w="802" /><ent r="5" t="35" w="1767" /><ent r="3" t="35" w="1793" /><ent r="3" t="39" w="119" /><ent r="3" t="44" w="449" /><ent r="3" t="44" w="708" /><ent r="3" t="45" w="99" /><ent r="3" t="46" w="298" /><ent r="3" t="48" w="28" /><ent r="3" t="49" w="509" /><ent r="5" t="50" w="72" /><ent r="5" t="55" w="718" /><ent r="5" t="55" w="720" /><ent r="4" t="56" w="744" /><ent r="4" t="56" w="782" /><ent r="4" t="56" w="792" /><ent r="3" t="59" w="29" /><ent r="3" t="59" w="34" /><ent r="3" t="61" w="522" /><ent r="3" t="61" w="609" /><ent r="3" t="61" w="990" /><ent r="3" t="61" w="1122" /><ent r="4" t="66" w="473" /><ent r="3" t="67" w="108" /><ent r="3" t="67" w="136" /><ent r="5" t="67" w="224" /><ent r="7" t="70" w="1172" /><ent r="7" t="70" w="1200" /><ent r="7" t="70" w="1283" /><ent r="7" t="70" w="1351" /><ent r="7" t="70" w="1364" /><ent r="7" t="70" w="1467" /><ent r="7" t="70" w="1519" /><ent r="7" t="70" w="1675" /></phr></stem><stem n="--"><phr n="--"><ent r="4" t="12" w="70" /><ent r="4" t="12" w="71" /><ent r="3" t="12" w="134" /><ent r="3" t="12" w="135" /><ent r="3" t="14" w="198" /><ent r="3" t="14" w="199" /><ent r="3" t="14" w="206" /><ent r="3" t="14" w="207" /><ent r="3" t="14" w="220" /><ent r="3" t="14" w="221" /><ent r="3" t="14" w="412" /><ent r="3" t="14" w="413" /><ent r="3" t="14" w="425" /><ent r="3" t="14" w="426" /><ent r="3" t="14" w="452" /><ent r="3" t="14" w="453" /><ent r="3" t="14" w="462" /><ent r="3" t="14" w="463" /><ent r="3" t="14" w="477" /><ent r="3" t="14" w="478" /><ent r="3" t="14" w="526" /><ent r="3" t="14" w="527" /><ent r="3" t="14" w="538" /><ent r="3" t="14" w="539" /><ent r="3" t="14" w="551" /><ent r="3" t="14" w="552" /><ent r="3" t="14" w="585" /><ent r="3" t="14" w="586" /><ent r="3" t="14" w="606" /><ent r="3" t="14" w="607" /><ent r="3" t="14" w="619" /><ent r="3" t="14" w="620" /><ent r="3" t="14" w="1049" /><ent r="3" t="14" w="1050" /><ent r="3" t="14" w="1057" /><ent r="3" t="14" w="1058" /><ent r="3" t="14" w="1083" /><ent r="3" t="14" w="1084" /><ent r="3" t="16" w="2034" /><ent r="3" t="16" w="2035" /><ent r="3" t="16" w="2058" /><ent r="3" t="16" w="2059" /><ent r="3" t="16" w="2147" /><ent r="3" t="16" w="2148" /><ent r="3" t="16" w="2161" /><ent r="3" t="16" w="2162" /><ent r="3" t="16" w="2181" /><ent r="3" t="16" w="2182" /><ent r="3" t="16" w="2205" /><ent r="3" t="16" w="2206" /><ent r="3" t="16" w="2217" /><ent r="3" t="16" w="2218" /><ent r="3" t="16" w="2248" /><ent r="3" t="16" w="2249" /><ent r="3" t="16" w="2268" /><ent r="3" t="16" w="2269" /><ent r="3" t="20" w="364" /><ent r="3" t="20" w="365" /><ent r="3" t="20" w="394" /><ent r="3" t="20" w="395" /><ent r="3" t="20" w="400" /><ent r="3" t="20" w="401" /><ent r="3" t="20" w="408" /><ent r="3" t="20" w="409" /><ent r="3" t="20" w="416" /><ent r="3" t="20" w="417" /><ent r="3" t="20" w="428" /><ent r="3" t="20" w="429" /><ent r="3" t="22" w="52" /><ent r="3" t="22" w="53" /><ent r="3" t="22" w="1390" /><ent r="3" t="22" w="1391" /><ent r="3" t="22" w="1394" /><ent r="3" t="22" w="1395" /><ent r="3" t="22" w="1464" /><ent r="3" t="22" w="1465" /><ent r="3" t="23" w="172" /><ent r="3" t="23" w="173" /><ent r="4" t="25" w="111" /><ent r="4" t="25" w="112" /><ent r="4" t="25" w="133" /><ent r="4" t="25" w="134" /><ent r="4" t="25" w="160" /><ent r="4" t="25" w="161" /><ent r="4" t="25" w="184" /><ent r="4" t="25" w="185" /><ent r="3" t="27" w="303" /><ent r="3" t="27" w="304" /><ent r="3" t="27" w="315" /><ent r="3" t="27" w="316" /><ent r="3" t="27" w="343" /><ent r="3" t="27" w="344" /><ent r="3" t="27" w="352" /><ent r="3" t="27" w="353" /><ent r="3" t="27" w="366" /><ent r="3" t="27" w="367" /><ent r="3" t="27" w="396" /><ent r="3" t="27" w="397" /><ent r="3" t="27" w="408" /><ent r="3" t="27" w="409" /><ent r="3" t="29" w="702" /><ent r="3" t="29" w="703" /><ent r="3" t="32" w="1121" /><ent r="3" t="32" w="1122" /><ent r="3" t="32" w="1133" /><ent r="3" t="32" w="1134" /><ent r="3" t="32" w="1148" /><ent r="3" t="32" w="1149" /><ent r="3" t="32" w="1155" /><ent r="3" t="32" w="1156" /><ent r="3" t="32" w="1164" /><ent r="3" t="32" w="1165" /><ent r="3" t="32" w="1269" /><ent r="3" t="32" w="1270" /><ent r="3" t="32" w="1322" /><ent r="3" t="32" w="1323" /><ent r="3" t="33" w="47" /><ent r="3" t="33" w="48" /><ent r="3" t="33" w="47" /><ent r="3" t="33" w="48" /><ent r="3" t="33" w="54" /><ent r="3" t="33" w="55" /><ent r="3" t="33" w="54" /><ent r="3" t="33" w="55" /><ent r="3" t="33" w="56" /><ent r="3" t="33" w="57" /><ent r="3" t="33" w="56" /><ent r="3" t="33" w="57" /><ent r="3" t="33" w="63" /><ent r="3" t="33" w="64" /><ent r="3" t="33" w="66" /><ent r="3" t="33" w="67" /><ent r="3" t="33" w="355" /><ent r="3" t="33" w="356" /><ent r="3" t="33" w="368" /><ent r="3" t="33" w="369" /><ent r="3" t="33" w="368" /><ent r="3" t="33" w="369" /><ent r="3" t="33" w="368" /><ent r="3" t="33" w="369" /><ent r="3" t="33" w="371" /><ent r="3" t="33" w="372" /><ent r="3" t="33" w="373" /><ent r="3" t="33" w="374" /><ent r="3" t="33" w="376" /><ent r="3" t="33" w="377" /><ent r="3" t="33" w="378" /><ent r="3" t="33" w="379" /><ent r="3" t="33" w="379" /><ent r="3" t="33" w="380" /><ent r="3" t="33" w="391" /><ent r="3" t="33" w="392" /><ent r="3" t="35" w="1710" /><ent r="3" t="35" w="1711" /><ent r="5" t="35" w="1774" /><ent r="5" t="35" w="1775" /><ent r="3" t="37" w="1723" /><ent r="3" t="37" w="1724" /><ent r="3" t="37" w="4228" /><ent r="3" t="37" w="4229" /><ent r="3" t="44" w="528" /><ent r="3" t="44" w="529" /><ent r="3" t="44" w="535" /><ent r="3" t="44" w="536" /><ent r="3" t="44" w="766" /><ent r="3" t="44" w="767" /><ent r="3" t="44" w="793" /><ent r="3" t="44" w="794" /><ent r="3" t="48" w="204" /><ent r="3" t="48" w="205" /><ent r="3" t="48" w="221" /><ent r="3" t="48" w="222" /><ent r="3" t="49" w="615" /><ent r="3" t="49" w="616" /><ent r="3" t="55" w="841" /><ent r="3" t="55" w="842" /><ent r="3" t="55" w="1126" /><ent r="3" t="55" w="1127" /><ent r="6" t="70" w="354" /><ent r="6" t="70" w="355" /></phr></stem><stem n="well"><phr n="well"><ent r="3" t="12" w="81" /><ent r="3" t="13" w="1488" /><ent r="3" t="13" w="1842" /><ent r="3" t="14" w="1310" /><ent r="4" t="15" w="140" /><ent r="3" t="16" w="1862" /><ent r="3" t="17" w="310" /><ent r="3" t="19" w="1549" /><ent r="3" t="21" w="752" /><ent r="4" t="24" w="170" /><ent r="3" t="32" w="256" /><ent r="3" t="35" w="1676" /><ent r="3" t="37" w="1697" /><ent r="3" t="37" w="4301" /><ent r="3" t="38" w="278" /><ent r="4" t="49" w="430" /><ent r="3" t="51" w="60" /><ent r="3" t="52" w="73" /><ent r="3" t="62" w="80" /><ent r="3" t="62" w="132" /><ent r="6" t="68" w="626" /><ent r="6" t="68" w="690" /><ent r="3" t="74" w="101" /></phr></stem><stem n="span"><phr n="spans"><ent r="3" t="12" w="94" /></phr></stem><stem n="double-hyphen"><phr n="double-hyphens"><ent r="3" t="12" w="101" /></phr></stem><stem n="hyphen"><phr n="hyphens"><ent r="3" t="12" w="102" /></phr></stem><stem n="-hyphens."><phr n="-hyphens."><ent r="3" t="12" w="103" /><ent r="3" t="12" w="103" /></phr></stem><stem n="one-lin"><phr n="One-line"><ent r="92" t="12" w="107" /></phr></stem><stem n="&quot;--&quot;"><phr n="&quot;--&quot;"><ent r="3" t="12" w="118" /></phr></stem><stem n="macro"><phr n="Macros"><ent r="1000" t="13" w="6" /><ent r="102" t="13" w="13" /><ent r="65" t="13" w="76" /><ent r="92" t="13" w="1471" /><ent r="92" t="16" w="1846" /><ent r="64" t="16" w="1900" /><ent r="92" t="22" w="307" /><ent r="100" t="35" w="1382" /><ent r="82" t="35" w="1386" /><ent r="66" t="65" w="208" /><ent r="66" t="66" w="136" /><ent r="4" t="66" w="177" /><ent r="3" t="70" w="61" /><ent r="65" t="70" w="72" /><ent r="65" t="70" w="82" /><ent r="65" t="70" w="90" /><ent r="65" t="70" w="98" /><ent r="65" t="70" w="109" /><ent r="93" t="70" w="165" /><ent r="93" t="70" w="1149" /><ent r="93" t="70" w="1609" /><ent r="93" t="70" w="1770" /></phr><phr n="macro"><ent r="65" t="13" w="66" /><ent r="5" t="13" w="337" /><ent r="64" t="13" w="615" /><ent r="5" t="13" w="684" /><ent r="5" t="13" w="693" /><ent r="5" t="13" w="1309" /><ent r="82" t="13" w="1499" /><ent r="3" t="13" w="1505" /><ent r="3" t="13" w="1541" /><ent r="3" t="13" w="1557" /><ent r="4" t="13" w="1634" /><ent r="82" t="13" w="1739" /><ent r="3" t="13" w="1747" /><ent r="3" t="13" w="1806" /><ent r="3" t="13" w="1879" /><ent r="82" t="13" w="2024" /><ent r="3" t="13" w="2044" /><ent r="4" t="13" w="2158" /><ent r="4" t="13" w="2172" /><ent r="3" t="13" w="2200" /><ent r="3" t="13" w="2258" /><ent r="3" t="33" w="361" /><ent r="3" t="33" w="367" /><ent r="3" t="35" w="1389" /><ent r="65" t="37" w="1801" /><ent r="3" t="37" w="4625" /><ent r="3" t="41" w="403" /><ent r="3" t="41" w="423" /><ent r="3" t="43" w="53" /><ent r="3" t="44" w="244" /><ent r="4" t="46" w="145" /><ent r="3" t="46" w="296" /><ent r="3" t="47" w="682" /><ent r="4" t="49" w="182" /><ent r="4" t="49" w="238" /><ent r="64" t="49" w="951" /><ent r="4" t="66" w="154" /><ent r="3" t="66" w="266" /><ent r="4" t="66" w="330" /><ent r="6" t="68" w="185" /><ent r="3" t="70" w="11" /><ent r="3" t="70" w="48" /><ent r="6" t="70" w="1207" /><ent r="6" t="70" w="1224" /><ent r="6" t="70" w="1727" /><ent r="3" t="70" w="1822" /><ent r="6" t="70" w="2447" /><ent r="3" t="71" w="248" /></phr><phr n="Macro"><ent r="65" t="13" w="70" /><ent r="64" t="34" w="831" /><ent r="1000" t="70" w="1" /><ent r="100" t="70" w="4" /><ent r="102" t="70" w="7" /><ent r="65" t="70" w="70" /><ent r="93" t="70" w="118" /></phr><phr n="macros"><ent r="5" t="13" w="916" /><ent r="5" t="13" w="1458" /><ent r="3" t="13" w="1476" /><ent r="82" t="13" w="2115" /><ent r="3" t="13" w="2124" /><ent r="3" t="13" w="2186" /><ent r="3" t="16" w="1852" /><ent r="3" t="22" w="312" /><ent r="3" t="35" w="1405" /><ent r="3" t="47" w="107" /><ent r="4" t="47" w="341" /><ent r="3" t="66" w="260" /><ent r="3" t="66" w="464" /><ent r="3" t="66" w="662" /><ent r="3" t="67" w="57" /><ent r="3" t="67" w="169" /><ent r="3" t="70" w="35" /><ent r="3" t="70" w="180" /><ent r="3" t="70" w="208" /><ent r="93" t="70" w="647" /><ent r="3" t="70" w="1778" /><ent r="6" t="70" w="2302" /><ent r="6" t="70" w="2381" /></phr></stem><stem n="context"><phr n="contexts"><ent r="3" t="13" w="38" /><ent r="3" t="13" w="1764" /></phr><phr n="context"><ent r="3" t="13" w="44" /><ent r="6" t="70" w="492" /><ent r="6" t="70" w="537" /><ent r="6" t="70" w="552" /><ent r="6" t="70" w="955" /><ent r="6" t="70" w="987" /><ent r="6" t="70" w="1002" /></phr></stem><stem n="chartabl"><phr n="Chartable"><ent r="65" t="13" w="65" /><ent r="100" t="16" w="1780" /></phr><phr n="chartable"><ent r="66" t="13" w="340" /><ent r="5" t="13" w="354" /><ent r="5" t="13" w="379" /><ent r="3" t="13" w="580" /><ent r="65" t="13" w="613" /><ent r="67" t="13" w="687" /><ent r="5" t="13" w="692" /><ent r="5" t="13" w="718" /><ent r="5" t="13" w="1333" /><ent r="82" t="13" w="1498" /><ent r="3" t="13" w="1504" /><ent r="3" t="13" w="1518" /><ent r="3" t="13" w="1524" /><ent r="4" t="13" w="1539" /><ent r="3" t="13" w="1664" /><ent r="3" t="13" w="1670" /><ent r="3" t="13" w="1676" /><ent r="3" t="13" w="1686" /><ent r="3" t="13" w="1694" /><ent r="3" t="13" w="1707" /><ent r="3" t="13" w="1714" /><ent r="3" t="13" w="1723" /><ent r="3" t="13" w="2143" /><ent r="3" t="13" w="2199" /><ent r="7" t="16" w="675" /><ent r="7" t="16" w="821" /><ent r="3" t="16" w="1809" /><ent r="4" t="16" w="1870" /><ent r="3" t="43" w="52" /><ent r="3" t="45" w="214" /><ent r="3" t="47" w="174" /><ent r="4" t="47" w="825" /><ent r="3" t="48" w="103" /><ent r="4" t="49" w="110" /></phr></stem></index>