<?xml version="1.0" encoding="utf-8"?><index><stem n="compar"><phr n="comparing"><ent r="4" t="3" w="373" /><ent r="4" t="15" w="181" /><ent r="3" t="17" w="78" /><ent r="3" t="34" w="759" /></phr><phr n="compare"><ent r="3" t="14" w="254" /><ent r="4" t="17" w="375" /><ent r="3" t="34" w="488" /><ent r="3" t="34" w="850" /><ent r="3" t="34" w="1072" /></phr><phr n="compared"><ent r="3" t="16" w="60" /><ent r="3" t="16" w="355" /><ent r="3" t="24" w="63" /></phr><phr n="compares"><ent r="3" t="34" w="723" /><ent r="3" t="34" w="889" /><ent r="3" t="34" w="932" /><ent r="3" t="37" w="185" /><ent r="3" t="37" w="2767" /><ent r="3" t="37" w="3023" /></phr><phr n="Comparing"><ent r="85" t="34" w="765" /><ent r="85" t="34" w="795" /></phr><phr n="Compares"><ent r="4" t="37" w="645" /><ent r="4" t="37" w="684" /></phr></stem><stem n="-specifi"><phr n="-specified"><ent r="4" t="3" w="377" /><ent r="4" t="3" w="377" /></phr></stem><stem n="user-specifi"><phr n="user-specified"><ent r="4" t="3" w="377" /></phr></stem><stem n="threshold"><phr n="thresholds"><ent r="4" t="3" w="379" /><ent r="100" t="4" w="290" /><ent r="4" t="4" w="307" /><ent r="100" t="4" w="466" /><ent r="4" t="4" w="483" /><ent r="3" t="7" w="46" /><ent r="3" t="7" w="128" /><ent r="4" t="15" w="186" /><ent r="100" t="15" w="415" /><ent r="4" t="15" w="432" /><ent r="3" t="16" w="62" /><ent r="3" t="16" w="303" /><ent r="3" t="16" w="357" /><ent r="3" t="21" w="91" /><ent r="4" t="22" w="121" /><ent r="3" t="24" w="65" /><ent r="3" t="32" w="1134" /></phr><phr n="threshold"><ent r="100" t="4" w="286" /><ent r="100" t="4" w="462" /><ent r="100" t="15" w="19" /><ent r="4" t="15" w="204" /><ent r="100" t="15" w="411" /><ent r="3" t="17" w="47" /><ent r="3" t="17" w="107" /></phr><phr n="Threshold"><ent r="5" t="9" w="667" /><ent r="5" t="9" w="706" /><ent r="5" t="9" w="718" /><ent r="3" t="27" w="45" /></phr><phr n="Thresholds"><ent r="100" t="15" w="168" /></phr></stem><stem n="trap"><phr n="Trap"><ent r="66" t="3" w="382" /><ent r="82" t="4" w="395" /><ent r="3" t="4" w="399" /><ent r="6" t="5" w="189" /><ent r="5" t="13" w="808" /><ent r="5" t="13" w="822" /><ent r="5" t="13" w="832" /><ent r="5" t="13" w="843" /><ent r="5" t="13" w="852" /><ent r="5" t="13" w="862" /><ent r="5" t="13" w="872" /><ent r="5" t="13" w="880" /><ent r="5" t="13" w="890" /><ent r="5" t="13" w="904" /><ent r="5" t="13" w="937" /><ent r="5" t="13" w="949" /><ent r="5" t="13" w="961" /><ent r="125" t="15" w="366" /><ent r="6" t="16" w="859" /><ent r="67" t="16" w="868" /><ent r="3" t="22" w="1546" /><ent r="3" t="26" w="52" /><ent r="92" t="26" w="817" /><ent r="3" t="26" w="822" /><ent r="3" t="26" w="929" /><ent r="3" t="26" w="933" /><ent r="3" t="26" w="1009" /><ent r="1000" t="28" w="4" /><ent r="102" t="28" w="10" /><ent r="64" t="28" w="347" /><ent r="4" t="29" w="26" /><ent r="3" t="29" w="54" /><ent r="5" t="29" w="68" /><ent r="5" t="29" w="86" /><ent r="4" t="29" w="99" /><ent r="5" t="29" w="117" /><ent r="3" t="29" w="153" /><ent r="82" t="29" w="175" /><ent r="82" t="29" w="495" /><ent r="3" t="29" w="505" /><ent r="3" t="29" w="605" /><ent r="3" t="29" w="649" /><ent r="3" t="29" w="654" /><ent r="3" t="29" w="675" /><ent r="82" t="29" w="826" /><ent r="1000" t="31" w="1" /><ent r="102" t="31" w="6" /><ent r="4" t="31" w="45" /><ent r="4" t="31" w="61" /><ent r="4" t="31" w="94" /><ent r="5" t="31" w="208" /><ent r="1000" t="32" w="2" /><ent r="102" t="32" w="7" /><ent r="3" t="32" w="22" /><ent r="3" t="32" w="97" /><ent r="3" t="32" w="109" /><ent r="3" t="32" w="133" /><ent r="3" t="32" w="148" /><ent r="3" t="32" w="154" /><ent r="3" t="32" w="232" /><ent r="3" t="32" w="1279" /><ent r="3" t="32" w="1284" /><ent r="3" t="32" w="1301" /><ent r="3" t="32" w="1519" /><ent r="3" t="32" w="1625" /><ent r="3" t="33" w="231" /></phr><phr n="traps"><ent r="4" t="3" w="391" /><ent r="3" t="4" w="409" /><ent r="3" t="15" w="377" /><ent r="3" t="22" w="1151" /><ent r="3" t="28" w="83" /><ent r="3" t="28" w="325" /><ent r="4" t="29" w="374" /><ent r="3" t="29" w="865" /><ent r="3" t="32" w="18" /><ent r="3" t="32" w="299" /><ent r="3" t="32" w="323" /><ent r="3" t="33" w="127" /></phr><phr n="trap"><ent r="4" t="3" w="406" /><ent r="4" t="3" w="429" /><ent r="4" t="4" w="454" /><ent r="7" t="5" w="146" /><ent r="7" t="5" w="196" /><ent r="4" t="10" w="84" /><ent r="5" t="13" w="811" /><ent r="5" t="13" w="815" /><ent r="5" t="13" w="825" /><ent r="5" t="13" w="834" /><ent r="5" t="13" w="864" /><ent r="5" t="13" w="874" /><ent r="5" t="13" w="882" /><ent r="5" t="13" w="892" /><ent r="6" t="16" w="854" /><ent r="4" t="22" w="673" /><ent r="3" t="22" w="863" /><ent r="3" t="22" w="901" /><ent r="3" t="22" w="1204" /><ent r="3" t="22" w="1331" /><ent r="3" t="22" w="1348" /><ent r="3" t="22" w="1365" /><ent r="3" t="26" w="843" /><ent r="3" t="26" w="874" /><ent r="3" t="26" w="894" /><ent r="3" t="26" w="906" /><ent r="3" t="26" w="914" /><ent r="3" t="26" w="962" /><ent r="3" t="26" w="996" /><ent r="3" t="28" w="17" /><ent r="4" t="28" w="21" /><ent r="3" t="28" w="39" /><ent r="3" t="28" w="58" /><ent r="3" t="28" w="75" /><ent r="3" t="28" w="95" /><ent r="3" t="28" w="140" /><ent r="3" t="28" w="152" /><ent r="3" t="28" w="157" /><ent r="3" t="28" w="185" /><ent r="3" t="28" w="193" /><ent r="3" t="28" w="220" /><ent r="3" t="28" w="230" /><ent r="3" t="28" w="239" /><ent r="3" t="28" w="258" /><ent r="3" t="28" w="291" /><ent r="3" t="28" w="313" /><ent r="3" t="28" w="363" /><ent r="3" t="29" w="48" /><ent r="4" t="29" w="81" /><ent r="4" t="29" w="106" /><ent r="4" t="29" w="137" /><ent r="4" t="29" w="150" /><ent r="3" t="29" w="198" /><ent r="4" t="29" w="210" /><ent r="4" t="29" w="254" /><ent r="4" t="29" w="288" /><ent r="4" t="29" w="316" /><ent r="4" t="29" w="330" /><ent r="4" t="29" w="346" /><ent r="4" t="29" w="361" /><ent r="4" t="29" w="386" /><ent r="4" t="29" w="447" /><ent r="4" t="29" w="463" /><ent r="4" t="29" w="479" /><ent r="3" t="29" w="512" /><ent r="3" t="29" w="585" /><ent r="3" t="29" w="616" /><ent r="64" t="29" w="625" /><ent r="3" t="29" w="636" /><ent r="3" t="29" w="714" /><ent r="3" t="29" w="721" /><ent r="3" t="29" w="900" /><ent r="3" t="29" w="944" /><ent r="3" t="29" w="1010" /><ent r="3" t="29" w="1024" /><ent r="3" t="31" w="14" /><ent r="3" t="31" w="27" /><ent r="3" t="31" w="148" /><ent r="4" t="31" w="227" /><ent r="3" t="31" w="332" /><ent r="3" t="32" w="67" /><ent r="3" t="32" w="82" /><ent r="3" t="32" w="123" /><ent r="3" t="32" w="162" /><ent r="3" t="32" w="172" /><ent r="3" t="32" w="193" /><ent r="3" t="32" w="207" /><ent r="3" t="32" w="227" /><ent r="3" t="32" w="239" /><ent r="3" t="32" w="245" /><ent r="3" t="32" w="252" /><ent r="3" t="32" w="354" /><ent r="3" t="32" w="382" /><ent r="3" t="32" w="1153" /><ent r="3" t="32" w="1170" /><ent r="3" t="32" w="1251" /><ent r="3" t="32" w="1268" /><ent r="3" t="32" w="1272" /><ent r="3" t="33" w="381" /><ent r="3" t="33" w="412" /></phr><phr n="Traps"><ent r="64" t="28" w="212" /><ent r="1000" t="29" w="7" /><ent r="102" t="29" w="17" /><ent r="100" t="29" w="23" /><ent r="1000" t="30" w="7" /><ent r="102" t="30" w="17" /><ent r="3" t="32" w="391" /><ent r="3" t="32" w="546" /></phr><phr n="TRAP"><ent r="3" t="29" w="914" /><ent r="3" t="31" w="69" /><ent r="3" t="31" w="102" /><ent r="4" t="31" w="170" /><ent r="4" t="31" w="180" /><ent r="3" t="33" w="359" /><ent r="3" t="33" w="369" /></phr></stem><stem n="receiv"><phr n="receive"><ent r="4" t="3" w="387" /><ent r="3" t="22" w="861" /><ent r="3" t="28" w="71" /><ent r="3" t="28" w="135" /><ent r="3" t="29" w="510" /><ent r="3" t="34" w="381" /><ent r="3" t="39" w="571" /><ent r="4" t="55" w="1200" /><ent r="3" t="56" w="281" /></phr><phr n="received"><ent r="4" t="4" w="456" /><ent r="3" t="7" w="54" /><ent r="5" t="13" w="1087" /><ent r="3" t="16" w="153" /><ent r="6" t="16" w="850" /><ent r="3" t="16" w="1205" /><ent r="3" t="16" w="1214" /><ent r="3" t="16" w="1224" /><ent r="3" t="16" w="1724" /><ent r="4" t="22" w="672" /><ent r="3" t="26" w="893" /><ent r="3" t="29" w="45" /><ent r="4" t="29" w="83" /><ent r="3" t="29" w="1012" /><ent r="3" t="31" w="29" /><ent r="3" t="34" w="82" /><ent r="5" t="35" w="1420" /><ent r="4" t="37" w="434" /><ent r="3" t="37" w="1558" /><ent r="3" t="37" w="1604" /><ent r="3" t="37" w="1997" /><ent r="3" t="37" w="2852" /><ent r="3" t="37" w="3425" /><ent r="3" t="37" w="4516" /><ent r="3" t="39" w="205" /><ent r="3" t="39" w="296" /><ent r="3" t="39" w="340" /><ent r="3" t="39" w="596" /><ent r="3" t="55" w="381" /><ent r="3" t="55" w="390" /><ent r="3" t="55" w="433" /><ent r="3" t="55" w="656" /><ent r="4" t="55" w="1215" /><ent r="4" t="55" w="1224" /><ent r="3" t="56" w="167" /><ent r="3" t="56" w="562" /><ent r="3" t="65" w="90" /></phr><phr n="receives"><ent r="3" t="16" w="1739" /><ent r="4" t="22" w="659" /><ent r="3" t="34" w="32" /><ent r="4" t="55" w="1229" /><ent r="3" t="66" w="11" /></phr><phr n="receiving"><ent r="3" t="28" w="228" /></phr><phr n="Receive"><ent r="4" t="37" w="453" /><ent r="3" t="37" w="935" /></phr></stem><stem n="process"><phr n="process"><ent r="4" t="3" w="389" /><ent r="3" t="22" w="883" /><ent r="3" t="35" w="250" /><ent r="4" t="37" w="348" /><ent r="3" t="37" w="752" /><ent r="3" t="37" w="1223" /></phr><phr n="Process"><ent r="5" t="9" w="550" /><ent r="92" t="34" w="422" /><ent r="100" t="35" w="138" /><ent r="65" t="35" w="142" /><ent r="92" t="35" w="240" /></phr><phr n="Processes"><ent r="3" t="13" w="2528" /><ent r="3" t="13" w="2550" /></phr><phr n="processes"><ent r="3" t="14" w="854" /><ent r="4" t="15" w="236" /><ent r="3" t="37" w="1324" /><ent r="3" t="66" w="457" /></phr><phr n="processing"><ent r="3" t="22" w="1051" /><ent r="92" t="37" w="746" /><ent r="3" t="49" w="1014" /><ent r="64" t="49" w="1023" /><ent r="3" t="54" w="44" /><ent r="4" t="54" w="111" /></phr><phr n="processed"><ent r="3" t="35" w="1294" /><ent r="4" t="37" w="2227" /></phr><phr n="Processing"><ent r="3" t="61" w="599" /></phr></stem><stem n="base"><phr n="based"><ent r="4" t="3" w="400" /><ent r="4" t="3" w="423" /><ent r="100" t="10" w="319" /><ent r="3" t="10" w="350" /><ent r="3" t="10" w="408" /><ent r="6" t="16" w="846" /><ent r="3" t="16" w="2135" /><ent r="3" t="22" w="286" /><ent r="4" t="24" w="2868" /><ent r="3" t="29" w="192" /><ent r="3" t="32" w="190" /><ent r="3" t="34" w="49" /><ent r="3" t="34" w="112" /><ent r="3" t="34" w="391" /><ent r="3" t="34" w="471" /><ent r="3" t="34" w="859" /><ent r="3" t="35" w="116" /><ent r="3" t="37" w="1666" /><ent r="5" t="38" w="363" /><ent r="5" t="38" w="366" /><ent r="4" t="40" w="247" /><ent r="3" t="40" w="301" /><ent r="3" t="59" w="10" /><ent r="3" t="59" w="16" /><ent r="82" t="59" w="275" /><ent r="3" t="65" w="77" /><ent r="4" t="77" w="118" /></phr><phr n="base"><ent r="3" t="14" w="79" /><ent r="3" t="20" w="314" /><ent r="4" t="24" w="610" /><ent r="4" t="24" w="630" /><ent r="3" t="27" w="35" /><ent r="3" t="46" w="246" /><ent r="3" t="49" w="505" /><ent r="3" t="52" w="12" /></phr><phr n="Based"><ent r="3" t="35" w="273" /></phr><phr n="Base"><ent r="100" t="35" w="1428" /><ent r="5" t="35" w="1432" /></phr></stem><stem n="content"><phr n="contents"><ent r="4" t="3" w="403" /><ent r="4" t="3" w="426" /><ent r="3" t="10" w="39" /><ent r="3" t="13" w="2451" /><ent r="3" t="28" w="360" /><ent r="3" t="31" w="12" /><ent r="4" t="31" w="237" /><ent r="3" t="32" w="169" /><ent r="3" t="32" w="194" /><ent r="4" t="35" w="772" /><ent r="4" t="35" w="853" /><ent r="3" t="51" w="64" /><ent r="3" t="58" w="47" /><ent r="3" t="58" w="63" /><ent r="3" t="58" w="113" /><ent r="3" t="58" w="330" /><ent r="4" t="66" w="170" /><ent r="4" t="67" w="257" /><ent r="3" t="70" w="205" /><ent r="6" t="70" w="1141" /><ent r="6" t="70" w="1372" /></phr><phr n="content"><ent r="3" t="11" w="28" /><ent r="3" t="66" w="40" /><ent r="65" t="70" w="75" /><ent r="93" t="70" w="169" /><ent r="3" t="76" w="18" /></phr></stem><stem n="trap'"><phr n="trap's"><ent r="4" t="3" w="407" /><ent r="4" t="3" w="406" /><ent r="4" t="29" w="107" /><ent r="4" t="29" w="106" /><ent r="4" t="29" w="138" /><ent r="4" t="29" w="137" /><ent r="4" t="29" w="448" /><ent r="4" t="29" w="447" /><ent r="4" t="29" w="464" /><ent r="4" t="29" w="463" /><ent r="4" t="29" w="480" /><ent r="4" t="29" w="479" /><ent r="3" t="32" w="253" /><ent r="3" t="32" w="252" /></phr></stem><stem n="variabl"><phr n="variables"><ent r="4" t="3" w="408" /><ent r="4" t="3" w="430" /><ent r="100" t="4" w="264" /><ent r="4" t="4" w="275" /><ent r="4" t="4" w="301" /><ent r="100" t="4" w="431" /><ent r="4" t="4" w="442" /><ent r="4" t="4" w="477" /><ent r="6" t="5" w="911" /><ent r="3" t="7" w="119" /><ent r="4" t="8" w="121" /><ent r="3" t="8" w="279" /><ent r="4" t="8" w="683" /><ent r="3" t="10" w="186" /><ent r="3" t="10" w="255" /><ent r="3" t="13" w="22" /><ent r="3" t="13" w="32" /><ent r="3" t="13" w="40" /><ent r="3" t="13" w="86" /><ent r="3" t="13" w="113" /><ent r="3" t="13" w="284" /><ent r="92" t="13" w="432" /><ent r="3" t="13" w="480" /><ent r="3" t="13" w="494" /><ent r="5" t="13" w="909" /><ent r="3" t="13" w="975" /><ent r="3" t="13" w="1345" /><ent r="3" t="13" w="1484" /><ent r="3" t="13" w="2378" /><ent r="3" t="14" w="19" /><ent r="3" t="14" w="44" /><ent r="3" t="14" w="56" /><ent r="3" t="14" w="255" /><ent r="3" t="14" w="269" /><ent r="3" t="14" w="478" /><ent r="3" t="14" w="530" /><ent r="3" t="14" w="724" /><ent r="3" t="14" w="752" /><ent r="3" t="14" w="826" /><ent r="3" t="14" w="838" /><ent r="3" t="14" w="856" /><ent r="3" t="14" w="893" /><ent r="3" t="14" w="895" /><ent r="3" t="14" w="1014" /><ent r="3" t="14" w="1035" /><ent r="3" t="14" w="1167" /><ent r="100" t="15" w="14" /><ent r="3" t="15" w="55" /><ent r="3" t="15" w="68" /><ent r="5" t="15" w="132" /><ent r="4" t="15" w="148" /><ent r="4" t="15" w="164" /><ent r="4" t="15" w="184" /><ent r="100" t="15" w="389" /><ent r="4" t="15" w="400" /><ent r="4" t="15" w="426" /><ent r="66" t="15" w="497" /><ent r="4" t="16" w="55" /><ent r="3" t="16" w="294" /><ent r="100" t="16" w="310" /><ent r="3" t="16" w="337" /><ent r="4" t="16" w="349" /><ent r="6" t="16" w="903" /><ent r="4" t="16" w="1027" /><ent r="3" t="16" w="1428" /><ent r="3" t="16" w="1695" /><ent r="3" t="16" w="1748" /><ent r="3" t="16" w="1834" /><ent r="3" t="16" w="1860" /><ent r="3" t="17" w="38" /><ent r="3" t="17" w="67" /><ent r="4" t="18" w="157" /><ent r="4" t="18" w="170" /><ent r="4" t="18" w="181" /><ent r="1000" t="19" w="4" /><ent r="103" t="19" w="12" /><ent r="3" t="19" w="153" /><ent r="5" t="19" w="156" /><ent r="5" t="19" w="189" /><ent r="4" t="19" w="234" /><ent r="3" t="19" w="367" /><ent r="3" t="19" w="382" /><ent r="3" t="19" w="407" /><ent r="3" t="19" w="561" /><ent r="3" t="19" w="570" /><ent r="3" t="19" w="713" /><ent r="4" t="19" w="732" /><ent r="4" t="19" w="860" /><ent r="3" t="19" w="981" /><ent r="3" t="19" w="988" /><ent r="3" t="19" w="1043" /><ent r="3" t="19" w="1139" /><ent r="3" t="19" w="1327" /><ent r="3" t="19" w="1371" /><ent r="3" t="19" w="1637" /><ent r="3" t="19" w="1726" /><ent r="4" t="19" w="1863" /><ent r="4" t="19" w="1905" /><ent r="4" t="19" w="1932" /><ent r="4" t="19" w="1937" /><ent r="3" t="20" w="61" /><ent r="3" t="20" w="130" /><ent r="4" t="22" w="170" /><ent r="3" t="22" w="1205" /><ent r="3" t="24" w="48" /><ent r="4" t="24" w="182" /><ent r="4" t="24" w="260" /><ent r="3" t="24" w="2727" /><ent r="6" t="24" w="2957" /><ent r="4" t="25" w="190" /><ent r="4" t="25" w="203" /><ent r="4" t="25" w="214" /><ent r="4" t="25" w="267" /><ent r="4" t="26" w="1083" /><ent r="3" t="27" w="287" /><ent r="3" t="27" w="367" /><ent r="3" t="28" w="158" /><ent r="3" t="28" w="221" /><ent r="4" t="29" w="74" /><ent r="4" t="29" w="92" /><ent r="4" t="29" w="120" /><ent r="3" t="29" w="182" /><ent r="3" t="29" w="191" /><ent r="4" t="29" w="403" /><ent r="3" t="29" w="431" /><ent r="3" t="29" w="637" /><ent r="3" t="29" w="764" /><ent r="3" t="29" w="966" /><ent r="3" t="29" w="971" /><ent r="3" t="29" w="1015" /><ent r="3" t="29" w="1025" /><ent r="3" t="29" w="1073" /><ent r="3" t="32" w="83" /><ent r="3" t="32" w="200" /><ent r="3" t="32" w="272" /><ent r="3" t="32" w="384" /><ent r="3" t="32" w="1158" /><ent r="3" t="33" w="31" /><ent r="3" t="34" w="911" /><ent r="3" t="35" w="744" /><ent r="4" t="35" w="844" /><ent r="3" t="35" w="1285" /><ent r="3" t="37" w="3547" /><ent r="3" t="38" w="276" /><ent r="3" t="38" w="281" /><ent r="4" t="40" w="739" /><ent r="3" t="40" w="1117" /><ent r="3" t="41" w="36" /><ent r="3" t="43" w="20" /><ent r="3" t="53" w="67" /><ent r="3" t="54" w="305" /><ent r="3" t="54" w="469" /><ent r="4" t="66" w="139" /><ent r="4" t="77" w="84" /></phr><phr n="variable"><ent r="4" t="7" w="204" /><ent r="3" t="7" w="242" /><ent r="3" t="7" w="311" /><ent r="3" t="7" w="430" /><ent r="3" t="7" w="466" /><ent r="3" t="7" w="529" /><ent r="4" t="8" w="94" /><ent r="4" t="8" w="655" /><ent r="5" t="13" w="202" /><ent r="5" t="13" w="238" /><ent r="3" t="13" w="435" /><ent r="3" t="13" w="457" /><ent r="3" t="13" w="522" /><ent r="3" t="13" w="540" /><ent r="3" t="13" w="564" /><ent r="3" t="13" w="607" /><ent r="5" t="13" w="725" /><ent r="4" t="13" w="1593" /><ent r="4" t="13" w="1627" /><ent r="3" t="13" w="1653" /><ent r="3" t="13" w="1833" /><ent r="3" t="13" w="1915" /><ent r="3" t="13" w="1952" /><ent r="3" t="13" w="1961" /><ent r="3" t="13" w="2054" /><ent r="82" t="13" w="2359" /><ent r="3" t="13" w="2438" /><ent r="3" t="13" w="2501" /><ent r="3" t="14" w="22" /><ent r="3" t="14" w="135" /><ent r="3" t="14" w="283" /><ent r="3" t="14" w="299" /><ent r="3" t="14" w="315" /><ent r="3" t="14" w="330" /><ent r="3" t="14" w="464" /><ent r="3" t="14" w="917" /><ent r="3" t="14" w="925" /><ent r="3" t="14" w="931" /><ent r="3" t="14" w="963" /><ent r="3" t="14" w="967" /><ent r="4" t="15" w="197" /><ent r="3" t="16" w="85" /><ent r="3" t="16" w="387" /><ent r="4" t="16" w="468" /><ent r="6" t="16" w="559" /><ent r="6" t="16" w="772" /><ent r="6" t="16" w="792" /><ent r="6" t="16" w="828" /><ent r="6" t="16" w="845" /><ent r="6" t="16" w="920" /><ent r="4" t="16" w="1006" /><ent r="4" t="16" w="1012" /><ent r="4" t="16" w="1318" /><ent r="4" t="16" w="1455" /><ent r="4" t="16" w="1503" /><ent r="4" t="16" w="1512" /><ent r="4" t="16" w="1567" /><ent r="3" t="16" w="1738" /><ent r="3" t="16" w="1762" /><ent r="3" t="16" w="1783" /><ent r="3" t="16" w="1817" /><ent r="3" t="16" w="1975" /><ent r="4" t="16" w="1984" /><ent r="4" t="16" w="2022" /><ent r="3" t="16" w="2049" /><ent r="3" t="16" w="2069" /><ent r="3" t="16" w="2130" /><ent r="3" t="16" w="2182" /><ent r="3" t="16" w="2259" /><ent r="3" t="16" w="2270" /><ent r="3" t="17" w="81" /><ent r="3" t="17" w="87" /><ent r="4" t="18" w="82" /><ent r="3" t="19" w="756" /><ent r="3" t="19" w="1739" /><ent r="3" t="19" w="1766" /><ent r="3" t="19" w="1841" /><ent r="4" t="19" w="1873" /><ent r="4" t="22" w="200" /><ent r="3" t="22" w="1247" /><ent r="3" t="22" w="1332" /><ent r="3" t="22" w="1349" /><ent r="3" t="22" w="1366" /><ent r="3" t="22" w="1547" /><ent r="4" t="24" w="243" /><ent r="4" t="24" w="675" /><ent r="3" t="24" w="888" /><ent r="3" t="24" w="900" /><ent r="4" t="24" w="2860" /><ent r="6" t="24" w="2889" /><ent r="6" t="24" w="2990" /><ent r="4" t="24" w="3003" /><ent r="4" t="24" w="3017" /><ent r="4" t="25" w="119" /><ent r="3" t="26" w="505" /><ent r="3" t="26" w="651" /><ent r="3" t="26" w="705" /><ent r="3" t="26" w="831" /><ent r="3" t="26" w="858" /><ent r="3" t="26" w="865" /><ent r="3" t="26" w="1042" /><ent r="3" t="27" w="153" /><ent r="3" t="27" w="212" /><ent r="3" t="27" w="225" /><ent r="3" t="27" w="354" /><ent r="3" t="28" w="186" /><ent r="3" t="28" w="197" /><ent r="3" t="29" w="31" /><ent r="4" t="29" w="142" /><ent r="4" t="29" w="444" /><ent r="4" t="29" w="460" /><ent r="4" t="29" w="476" /><ent r="3" t="29" w="526" /><ent r="3" t="29" w="533" /><ent r="3" t="29" w="578" /><ent r="3" t="34" w="536" /><ent r="3" t="34" w="575" /><ent r="3" t="34" w="647" /><ent r="3" t="34" w="667" /><ent r="3" t="34" w="677" /><ent r="3" t="34" w="683" /><ent r="3" t="34" w="734" /><ent r="3" t="34" w="743" /><ent r="4" t="34" w="916" /><ent r="4" t="35" w="820" /><ent r="4" t="35" w="823" /><ent r="4" t="35" w="856" /><ent r="3" t="35" w="914" /><ent r="3" t="35" w="918" /><ent r="4" t="35" w="1363" /><ent r="3" t="35" w="1378" /><ent r="65" t="37" w="779" /><ent r="4" t="37" w="787" /><ent r="4" t="37" w="789" /><ent r="65" t="37" w="817" /><ent r="4" t="37" w="833" /><ent r="65" t="37" w="883" /><ent r="4" t="37" w="888" /><ent r="3" t="37" w="1035" /><ent r="3" t="37" w="1051" /><ent r="3" t="37" w="1660" /><ent r="3" t="37" w="1688" /><ent r="83" t="37" w="2519" /><ent r="3" t="37" w="2540" /><ent r="3" t="37" w="2542" /><ent r="3" t="37" w="2569" /><ent r="4" t="37" w="2584" /><ent r="3" t="37" w="2840" /><ent r="4" t="37" w="3117" /><ent r="4" t="37" w="3138" /><ent r="83" t="37" w="3448" /><ent r="3" t="37" w="3461" /><ent r="3" t="37" w="3463" /><ent r="3" t="37" w="3470" /><ent r="3" t="37" w="3489" /><ent r="4" t="37" w="3493" /><ent r="4" t="37" w="3507" /><ent r="4" t="37" w="3523" /><ent r="4" t="37" w="3536" /><ent r="83" t="37" w="3605" /><ent r="3" t="37" w="3615" /><ent r="4" t="37" w="3638" /><ent r="4" t="37" w="3665" /><ent r="5" t="38" w="181" /><ent r="3" t="40" w="871" /><ent r="64" t="40" w="882" /><ent r="3" t="40" w="1157" /><ent r="4" t="41" w="129" /><ent r="4" t="41" w="145" /><ent r="4" t="41" w="218" /><ent r="3" t="41" w="480" /><ent r="92" t="54" w="38" /><ent r="3" t="54" w="57" /><ent r="3" t="54" w="63" /><ent r="4" t="54" w="86" /><ent r="4" t="54" w="93" /><ent r="3" t="54" w="140" /><ent r="3" t="54" w="159" /><ent r="3" t="56" w="476" /><ent r="3" t="56" w="488" /><ent r="4" t="77" w="113" /><ent r="4" t="77" w="156" /><ent r="4" t="77" w="241" /><ent r="4" t="77" w="251" /></phr><phr n="Variables"><ent r="1000" t="13" w="4" /><ent r="102" t="13" w="11" /><ent r="65" t="13" w="49" /><ent r="65" t="13" w="53" /><ent r="65" t="13" w="57" /><ent r="65" t="13" w="62" /><ent r="92" t="13" w="82" /><ent r="66" t="13" w="743" /><ent r="92" t="13" w="972" /><ent r="92" t="13" w="1336" /><ent r="1000" t="14" w="3" /><ent r="102" t="14" w="7" /><ent r="3" t="14" w="168" /><ent r="3" t="14" w="189" /><ent r="3" t="14" w="247" /><ent r="3" t="14" w="633" /><ent r="3" t="14" w="795" /><ent r="3" t="14" w="809" /><ent r="3" t="14" w="817" /><ent r="100" t="16" w="22" /><ent r="6" t="16" w="860" /><ent r="100" t="16" w="1022" /><ent r="92" t="16" w="1685" /><ent r="92" t="16" w="1731" /><ent r="92" t="16" w="1825" /><ent r="92" t="19" w="1174" /><ent r="4" t="24" w="190" /><ent r="64" t="26" w="1076" /><ent r="3" t="29" w="55" /><ent r="5" t="29" w="69" /><ent r="5" t="29" w="87" /><ent r="4" t="29" w="100" /><ent r="5" t="29" w="118" /><ent r="82" t="29" w="176" /><ent r="82" t="29" w="412" /><ent r="82" t="29" w="496" /><ent r="64" t="29" w="537" /><ent r="3" t="29" w="606" /><ent r="64" t="29" w="783" /><ent r="82" t="29" w="827" /><ent r="3" t="32" w="1269" /><ent r="3" t="34" w="839" /><ent r="100" t="35" w="204" /><ent r="65" t="35" w="207" /><ent r="92" t="35" w="1280" /><ent r="4" t="35" w="1296" /><ent r="100" t="38" w="87" /><ent r="92" t="38" w="92" /><ent r="65" t="47" w="909" /><ent r="65" t="77" w="99" /></phr><phr n="Variable"><ent r="5" t="13" w="128" /><ent r="5" t="13" w="131" /><ent r="5" t="13" w="301" /><ent r="5" t="13" w="304" /><ent r="3" t="13" w="450" /><ent r="5" t="13" w="627" /><ent r="5" t="13" w="630" /><ent r="5" t="13" w="753" /><ent r="5" t="13" w="756" /><ent r="5" t="13" w="799" /><ent r="5" t="13" w="802" /><ent r="5" t="13" w="991" /><ent r="5" t="13" w="994" /><ent r="5" t="13" w="1273" /><ent r="5" t="13" w="1276" /><ent r="5" t="13" w="1375" /><ent r="5" t="13" w="1378" /><ent r="100" t="15" w="24" /><ent r="100" t="16" w="15" /><ent r="3" t="16" w="99" /><ent r="3" t="16" w="118" /><ent r="65" t="16" w="439" /><ent r="3" t="16" w="1171" /><ent r="64" t="16" w="1841" /><ent r="3" t="16" w="1895" /><ent r="3" t="27" w="164" /><ent r="3" t="27" w="334" /><ent r="4" t="29" w="27" /><ent r="3" t="29" w="154" /><ent r="3" t="29" w="506" /><ent r="4" t="35" w="1327" /><ent r="4" t="35" w="1343" /><ent r="65" t="35" w="1355" /></phr><phr n="VARIABLES"><ent r="3" t="33" w="373" /></phr></stem><stem n="certain"><phr n="certain"><ent r="4" t="3" w="421" /><ent r="4" t="3" w="446" /><ent r="4" t="4" w="357" /><ent r="6" t="5" w="1056" /><ent r="3" t="13" w="31" /><ent r="3" t="13" w="37" /><ent r="3" t="15" w="53" /><ent r="4" t="15" w="482" /><ent r="3" t="18" w="29" /><ent r="3" t="25" w="24" /><ent r="4" t="25" w="248" /><ent r="3" t="26" w="842" /><ent r="3" t="29" w="761" /><ent r="3" t="50" w="28" /><ent r="93" t="54" w="284" /><ent r="93" t="54" w="450" /><ent r="3" t="65" w="282" /></phr><phr n="Certain"><ent r="3" t="8" w="253" /><ent r="3" t="19" w="960" /><ent r="3" t="19" w="1176" /><ent r="3" t="26" w="454" /><ent r="3" t="35" w="1470" /></phr></stem><stem n="establish"><phr n="establishes"><ent r="4" t="3" w="436" /></phr><phr n="establish"><ent r="5" t="9" w="191" /><ent r="5" t="9" w="247" /><ent r="3" t="34" w="371" /><ent r="4" t="38" w="61" /><ent r="5" t="38" w="113" /><ent r="3" t="39" w="612" /></phr></stem><stem n="evalu"><phr n="evaluates"><ent r="4" t="3" w="449" /><ent r="4" t="13" w="1636" /><ent r="4" t="15" w="172" /><ent r="4" t="22" w="157" /><ent r="4" t="22" w="232" /><ent r="3" t="22" w="269" /><ent r="3" t="28" w="170" /></phr><phr n="Evaluates"><ent r="5" t="13" w="213" /><ent r="5" t="13" w="248" /></phr><phr n="Evaluate"><ent r="5" t="13" w="344" /></phr><phr n="evaluate"><ent r="3" t="13" w="1507" /><ent r="3" t="54" w="50" /></phr><phr n="evaluating"><ent r="4" t="16" w="1453" /><ent r="4" t="16" w="1517" /></phr><phr n="evaluated"><ent r="3" t="17" w="226" /><ent r="3" t="28" w="202" /><ent r="3" t="34" w="635" /><ent r="4" t="37" w="765" /></phr><phr n="evaluation"><ent r="82" t="22" w="1039" /></phr></stem><stem n="determin"><phr n="determine"><ent r="4" t="3" w="453" /><ent r="4" t="3" w="507" /><ent r="4" t="4" w="309" /><ent r="4" t="4" w="485" /><ent r="5" t="5" w="463" /><ent r="4" t="15" w="434" /><ent r="4" t="19" w="1917" /><ent r="3" t="34" w="133" /><ent r="4" t="37" w="874" /><ent r="3" t="37" w="1149" /><ent r="3" t="37" w="1261" /><ent r="3" t="37" w="3579" /><ent r="3" t="42" w="120" /><ent r="4" t="47" w="458" /><ent r="3" t="59" w="328" /><ent r="3" t="59" w="353" /><ent r="3" t="66" w="24" /><ent r="6" t="68" w="391" /><ent r="7" t="68" w="593" /></phr><phr n="determining"><ent r="4" t="25" w="227" /><ent r="4" t="25" w="294" /></phr><phr n="determines"><ent r="3" t="28" w="62" /><ent r="4" t="46" w="151" /><ent r="6" t="68" w="346" /></phr><phr n="Determines"><ent r="4" t="37" w="509" /></phr></stem></index>