<?xml version="1.0" encoding="utf-8"?><index><stem n="introduct"><phr n="Introduction"><ent r="1000" t="0" w="5" /><ent r="102" t="0" w="11" /><ent r="92" t="26" w="15" /></phr></stem><stem n="document"><phr n="Documents"><ent r="3" t="0" w="13" /></phr><phr n="Document"><ent r="3" t="0" w="22" /><ent r="100" t="66" w="565" /></phr><phr n="documentation"><ent r="3" t="1" w="42" /><ent r="3" t="1" w="268" /><ent r="3" t="1" w="490" /><ent r="3" t="1" w="535" /><ent r="3" t="26" w="466" /><ent r="3" t="32" w="339" /><ent r="3" t="55" w="1272" /></phr><phr n="Documentation"><ent r="3" t="8" w="51" /><ent r="3" t="37" w="971" /><ent r="3" t="37" w="1094" /><ent r="4" t="49" w="976" /></phr><phr n="document"><ent r="3" t="29" w="542" /><ent r="5" t="66" w="568" /><ent r="7" t="70" w="1460" /><ent r="7" t="70" w="1514" /><ent r="7" t="70" w="1555" /><ent r="6" t="70" w="1931" /><ent r="3" t="71" w="273" /><ent r="3" t="71" w="474" /><ent r="3" t="75" w="13" /></phr></stem><stem n="remoteaccess"><phr n="RemoteAccess"><ent r="3" t="0" w="17" /><ent r="4" t="57" w="97" /><ent r="3" t="59" w="40" /><ent r="3" t="59" w="381" /><ent r="3" t="74" w="30" /><ent r="3" t="74" w="73" /><ent r="4" t="74" w="89" /></phr></stem><stem n="5"><phr n="5"><ent r="4" t="0" w="19" /><ent r="8" t="11" w="330" /><ent r="3" t="13" w="575" /><ent r="3" t="13" w="1936" /><ent r="3" t="13" w="1941" /><ent r="3" t="13" w="1953" /><ent r="3" t="17" w="190" /><ent r="3" t="17" w="200" /><ent r="3" t="19" w="658" /><ent r="4" t="19" w="1592" /><ent r="3" t="19" w="1692" /><ent r="3" t="22" w="1161" /><ent r="3" t="22" w="1196" /><ent r="3" t="22" w="1440" /><ent r="3" t="24" w="1544" /><ent r="3" t="24" w="1558" /><ent r="3" t="24" w="1568" /><ent r="3" t="26" w="336" /><ent r="64" t="26" w="477" /><ent r="4" t="29" w="235" /><ent r="4" t="29" w="261" /><ent r="3" t="29" w="929" /><ent r="3" t="29" w="934" /><ent r="3" t="32" w="522" /><ent r="3" t="32" w="683" /><ent r="3" t="32" w="806" /><ent r="3" t="32" w="916" /><ent r="3" t="32" w="1098" /><ent r="3" t="32" w="1246" /><ent r="3" t="32" w="1684" /><ent r="3" t="33" w="327" /><ent r="3" t="34" w="661" /><ent r="6" t="34" w="774" /><ent r="3" t="34" w="1060" /><ent r="4" t="37" w="4403" /><ent r="3" t="37" w="4503" /><ent r="3" t="40" w="847" /><ent r="3" t="44" w="849" /><ent r="4" t="46" w="49" /><ent r="3" t="47" w="610" /><ent r="3" t="47" w="631" /><ent r="3" t="47" w="663" /><ent r="82" t="47" w="726" /><ent r="4" t="49" w="253" /><ent r="3" t="49" w="761" /><ent r="3" t="49" w="770" /><ent r="3" t="49" w="771" /><ent r="3" t="55" w="943" /><ent r="3" t="56" w="615" /><ent r="3" t="56" w="689" /><ent r="3" t="56" w="724" /><ent r="4" t="56" w="740" /><ent r="3" t="61" w="1202" /><ent r="3" t="64" w="29" /><ent r="3" t="64" w="88" /><ent r="3" t="64" w="154" /><ent r="4" t="64" w="270" /><ent r="3" t="64" w="295" /><ent r="3" t="64" w="429" /><ent r="3" t="64" w="441" /><ent r="4" t="75" w="45" /></phr></stem><stem n=".6"><phr n=".6"><ent r="4" t="0" w="20" /><ent r="4" t="46" w="50" /><ent r="4" t="46" w="61" /><ent r="65" t="47" w="569" /><ent r="65" t="47" w="812" /><ent r="4" t="75" w="46" /><ent r="4" t="75" w="52" /></phr></stem><stem n="5.6"><phr n="5.6"><ent r="4" t="0" w="20" /><ent r="4" t="0" w="19" /><ent r="4" t="46" w="50" /><ent r="4" t="46" w="49" /><ent r="4" t="75" w="46" /><ent r="4" t="75" w="45" /></phr></stem><stem n="6"><phr n="6"><ent r="4" t="0" w="20" /><ent r="8" t="11" w="337" /><ent r="3" t="13" w="1977" /><ent r="3" t="13" w="2075" /><ent r="3" t="13" w="2080" /><ent r="3" t="13" w="2323" /><ent r="3" t="16" w="128" /><ent r="3" t="16" w="133" /><ent r="3" t="16" w="143" /><ent r="3" t="16" w="160" /><ent r="3" t="16" w="164" /><ent r="3" t="16" w="177" /><ent r="3" t="16" w="1180" /><ent r="3" t="16" w="1195" /><ent r="4" t="16" w="1252" /><ent r="4" t="16" w="1294" /><ent r="4" t="16" w="1299" /><ent r="4" t="16" w="1336" /><ent r="4" t="16" w="1367" /><ent r="5" t="16" w="1665" /><ent r="3" t="16" w="1925" /><ent r="3" t="19" w="491" /><ent r="3" t="19" w="517" /><ent r="3" t="19" w="586" /><ent r="3" t="19" w="608" /><ent r="3" t="19" w="629" /><ent r="3" t="19" w="651" /><ent r="4" t="19" w="1429" /><ent r="4" t="19" w="1602" /><ent r="3" t="19" w="1701" /><ent r="3" t="20" w="320" /><ent r="3" t="22" w="1176" /><ent r="3" t="22" w="1185" /><ent r="3" t="22" w="1320" /><ent r="3" t="22" w="1337" /><ent r="3" t="22" w="1354" /><ent r="3" t="22" w="1448" /><ent r="3" t="22" w="1458" /><ent r="3" t="24" w="986" /><ent r="3" t="24" w="1474" /><ent r="4" t="24" w="1777" /><ent r="3" t="24" w="1861" /><ent r="3" t="24" w="1991" /><ent r="3" t="24" w="2011" /><ent r="3" t="24" w="2033" /><ent r="3" t="24" w="2053" /><ent r="3" t="24" w="2075" /><ent r="3" t="24" w="2097" /><ent r="3" t="24" w="2117" /><ent r="3" t="24" w="2124" /><ent r="3" t="24" w="2128" /><ent r="3" t="24" w="2132" /><ent r="3" t="24" w="2138" /><ent r="3" t="24" w="2142" /><ent r="3" t="24" w="2147" /><ent r="3" t="24" w="2801" /><ent r="4" t="24" w="2848" /><ent r="3" t="26" w="95" /><ent r="3" t="26" w="106" /><ent r="3" t="26" w="116" /><ent r="3" t="26" w="123" /><ent r="3" t="26" w="193" /><ent r="3" t="26" w="976" /><ent r="4" t="29" w="238" /><ent r="3" t="29" w="558" /><ent r="3" t="29" w="592" /><ent r="3" t="29" w="941" /><ent r="3" t="31" w="77" /><ent r="3" t="31" w="110" /><ent r="3" t="31" w="119" /><ent r="3" t="31" w="129" /><ent r="4" t="31" w="213" /><ent r="4" t="31" w="272" /><ent r="4" t="31" w="282" /><ent r="3" t="32" w="442" /><ent r="3" t="32" w="451" /><ent r="3" t="32" w="456" /><ent r="3" t="32" w="473" /><ent r="3" t="32" w="486" /><ent r="3" t="32" w="500" /><ent r="3" t="32" w="515" /><ent r="3" t="32" w="531" /><ent r="3" t="32" w="538" /><ent r="3" t="32" w="596" /><ent r="3" t="32" w="603" /><ent r="3" t="32" w="612" /><ent r="3" t="32" w="617" /><ent r="3" t="32" w="634" /><ent r="3" t="32" w="647" /><ent r="3" t="32" w="661" /><ent r="3" t="32" w="676" /><ent r="3" t="32" w="692" /><ent r="3" t="32" w="699" /><ent r="3" t="32" w="726" /><ent r="3" t="32" w="735" /><ent r="3" t="32" w="740" /><ent r="3" t="32" w="757" /><ent r="3" t="32" w="770" /><ent r="3" t="32" w="784" /><ent r="3" t="32" w="799" /><ent r="3" t="32" w="815" /><ent r="3" t="32" w="822" /><ent r="3" t="32" w="836" /><ent r="3" t="32" w="845" /><ent r="3" t="32" w="850" /><ent r="3" t="32" w="867" /><ent r="3" t="32" w="880" /><ent r="3" t="32" w="894" /><ent r="3" t="32" w="909" /><ent r="3" t="32" w="925" /><ent r="3" t="32" w="932" /><ent r="3" t="32" w="940" /><ent r="3" t="32" w="953" /><ent r="3" t="32" w="966" /><ent r="3" t="32" w="979" /><ent r="3" t="32" w="992" /><ent r="3" t="32" w="1005" /><ent r="3" t="32" w="1025" /><ent r="3" t="32" w="1032" /><ent r="3" t="32" w="1049" /><ent r="3" t="32" w="1062" /><ent r="3" t="32" w="1076" /><ent r="3" t="32" w="1091" /><ent r="3" t="32" w="1107" /><ent r="3" t="32" w="1114" /><ent r="3" t="32" w="1179" /><ent r="3" t="32" w="1193" /><ent r="3" t="32" w="1207" /><ent r="3" t="32" w="1224" /><ent r="3" t="32" w="1239" /><ent r="3" t="32" w="1255" /><ent r="3" t="32" w="1262" /><ent r="3" t="32" w="1691" /><ent r="3" t="33" w="354" /><ent r="4" t="37" w="2598" /><ent r="4" t="46" w="50" /><ent r="4" t="46" w="61" /><ent r="65" t="47" w="569" /><ent r="65" t="47" w="812" /><ent r="3" t="48" w="46" /><ent r="3" t="54" w="349" /><ent r="3" t="54" w="360" /><ent r="3" t="54" w="371" /><ent r="3" t="54" w="382" /><ent r="3" t="54" w="387" /><ent r="3" t="54" w="502" /><ent r="3" t="54" w="514" /><ent r="3" t="54" w="545" /><ent r="3" t="55" w="510" /><ent r="3" t="55" w="571" /><ent r="3" t="55" w="627" /><ent r="3" t="55" w="671" /><ent r="3" t="55" w="863" /><ent r="3" t="55" w="880" /><ent r="3" t="55" w="890" /><ent r="3" t="55" w="904" /><ent r="3" t="55" w="920" /><ent r="3" t="55" w="938" /><ent r="3" t="55" w="957" /><ent r="3" t="55" w="962" /><ent r="3" t="55" w="976" /><ent r="3" t="55" w="992" /><ent r="3" t="55" w="1008" /><ent r="3" t="55" w="1020" /><ent r="3" t="55" w="1034" /><ent r="3" t="55" w="1053" /><ent r="3" t="55" w="1071" /><ent r="3" t="55" w="1087" /><ent r="3" t="55" w="1105" /><ent r="3" t="56" w="619" /><ent r="3" t="56" w="635" /><ent r="3" t="56" w="642" /><ent r="3" t="56" w="657" /><ent r="3" t="56" w="671" /><ent r="3" t="56" w="684" /><ent r="3" t="64" w="452" /><ent r="3" t="64" w="464" /><ent r="4" t="75" w="46" /><ent r="4" t="75" w="52" /></phr></stem><stem n="built"><phr n="built"><ent r="3" t="0" w="23" /><ent r="3" t="0" w="196" /><ent r="3" t="3" w="40" /><ent r="3" t="3" w="68" /><ent r="3" t="3" w="151" /><ent r="3" t="3" w="329" /><ent r="4" t="5" w="1296" /><ent r="3" t="5" w="1335" /><ent r="3" t="8" w="348" /><ent r="3" t="8" w="368" /><ent r="3" t="9" w="15" /><ent r="5" t="9" w="680" /><ent r="3" t="13" w="20" /><ent r="3" t="13" w="1845" /><ent r="3" t="14" w="699" /><ent r="3" t="15" w="63" /><ent r="4" t="15" w="145" /><ent r="3" t="16" w="1832" /><ent r="3" t="19" w="938" /><ent r="4" t="24" w="206" /><ent r="3" t="35" w="1403" /><ent r="3" t="37" w="1700" /><ent r="3" t="37" w="1776" /><ent r="4" t="49" w="188" /><ent r="3" t="51" w="38" /><ent r="3" t="51" w="71" /><ent r="3" t="51" w="115" /><ent r="3" t="52" w="27" /><ent r="3" t="56" w="518" /><ent r="3" t="64" w="330" /><ent r="3" t="64" w="382" /><ent r="3" t="65" w="71" /><ent r="3" t="66" w="519" /><ent r="3" t="66" w="543" /><ent r="7" t="68" w="450" /><ent r="7" t="68" w="484" /><ent r="7" t="68" w="509" /><ent r="4" t="78" w="108" /><ent r="3" t="78" w="150" /></phr><phr n="Built"><ent r="1000" t="13" w="1" /><ent r="102" t="13" w="8" /><ent r="65" t="16" w="437" /><ent r="92" t="16" w="1823" /><ent r="64" t="16" w="1839" /><ent r="3" t="16" w="1893" /><ent r="100" t="24" w="389" /><ent r="92" t="24" w="394" /><ent r="100" t="24" w="649" /><ent r="92" t="24" w="654" /><ent r="3" t="34" w="835" /><ent r="65" t="35" w="1353" /><ent r="100" t="35" w="1380" /><ent r="82" t="35" w="1384" /><ent r="65" t="47" w="907" /><ent r="1000" t="51" w="2" /><ent r="102" t="51" w="7" /><ent r="3" t="51" w="11" /><ent r="100" t="66" w="504" /><ent r="92" t="66" w="509" /></phr></stem><stem n="1"><phr n="1"><ent r="4" t="0" w="25" /><ent r="3" t="1" w="175" /><ent r="3" t="1" w="502" /><ent r="3" t="5" w="772" /><ent r="3" t="8" w="74" /><ent r="3" t="8" w="632" /><ent r="5" t="9" w="234" /><ent r="5" t="9" w="339" /><ent r="5" t="9" w="771" /><ent r="5" t="9" w="811" /><ent r="5" t="9" w="852" /><ent r="128" t="10" w="63" /><ent r="128" t="10" w="78" /><ent r="128" t="10" w="93" /><ent r="128" t="10" w="107" /><ent r="8" t="11" w="326" /><ent r="3" t="13" w="1887" /><ent r="3" t="13" w="1910" /><ent r="3" t="13" w="1975" /><ent r="3" t="13" w="1978" /><ent r="3" t="13" w="1980" /><ent r="3" t="13" w="1983" /><ent r="3" t="13" w="1984" /><ent r="3" t="13" w="2010" /><ent r="3" t="13" w="2073" /><ent r="3" t="13" w="2076" /><ent r="3" t="13" w="2078" /><ent r="3" t="13" w="2138" /><ent r="3" t="13" w="2296" /><ent r="3" t="13" w="2301" /><ent r="3" t="13" w="2305" /><ent r="3" t="13" w="2345" /><ent r="3" t="13" w="2539" /><ent r="3" t="14" w="171" /><ent r="3" t="14" w="172" /><ent r="3" t="14" w="797" /><ent r="3" t="14" w="798" /><ent r="3" t="14" w="873" /><ent r="3" t="14" w="1111" /><ent r="3" t="14" w="1190" /><ent r="3" t="16" w="126" /><ent r="3" t="16" w="129" /><ent r="3" t="16" w="131" /><ent r="3" t="16" w="141" /><ent r="3" t="16" w="144" /><ent r="3" t="16" w="146" /><ent r="3" t="16" w="158" /><ent r="3" t="16" w="161" /><ent r="3" t="16" w="163" /><ent r="3" t="16" w="175" /><ent r="3" t="16" w="178" /><ent r="3" t="16" w="180" /><ent r="3" t="16" w="181" /><ent r="3" t="16" w="182" /><ent r="3" t="16" w="1178" /><ent r="3" t="16" w="1181" /><ent r="3" t="16" w="1183" /><ent r="3" t="16" w="1184" /><ent r="3" t="16" w="1185" /><ent r="3" t="16" w="1193" /><ent r="3" t="16" w="1196" /><ent r="3" t="16" w="1198" /><ent r="3" t="16" w="1210" /><ent r="3" t="16" w="1217" /><ent r="3" t="16" w="1231" /><ent r="4" t="16" w="1250" /><ent r="4" t="16" w="1253" /><ent r="4" t="16" w="1255" /><ent r="4" t="16" w="1256" /><ent r="4" t="16" w="1257" /><ent r="4" t="16" w="1292" /><ent r="4" t="16" w="1295" /><ent r="4" t="16" w="1297" /><ent r="4" t="16" w="1298" /><ent r="4" t="16" w="1334" /><ent r="4" t="16" w="1337" /><ent r="4" t="16" w="1339" /><ent r="4" t="16" w="1364" /><ent r="4" t="16" w="1365" /><ent r="4" t="16" w="1368" /><ent r="4" t="16" w="1370" /><ent r="4" t="16" w="1373" /><ent r="4" t="16" w="1375" /><ent r="4" t="16" w="1382" /><ent r="4" t="16" w="1389" /><ent r="4" t="16" w="1471" /><ent r="5" t="16" w="1480" /><ent r="5" t="16" w="1522" /><ent r="5" t="16" w="1602" /><ent r="5" t="16" w="1663" /><ent r="5" t="16" w="1666" /><ent r="5" t="16" w="1668" /><ent r="5" t="16" w="1669" /><ent r="5" t="16" w="1670" /><ent r="3" t="16" w="1773" /><ent r="3" t="16" w="1923" /><ent r="3" t="16" w="1926" /><ent r="3" t="16" w="1928" /><ent r="3" t="16" w="1931" /><ent r="3" t="16" w="1943" /><ent r="3" t="16" w="1954" /><ent r="3" t="16" w="2263" /><ent r="3" t="16" w="2281" /><ent r="3" t="17" w="177" /><ent r="3" t="17" w="203" /><ent r="3" t="17" w="204" /><ent r="3" t="19" w="489" /><ent r="3" t="19" w="492" /><ent r="3" t="19" w="494" /><ent r="3" t="19" w="497" /><ent r="3" t="19" w="515" /><ent r="3" t="19" w="518" /><ent r="3" t="19" w="520" /><ent r="3" t="19" w="523" /><ent r="3" t="19" w="574" /><ent r="3" t="19" w="584" /><ent r="3" t="19" w="587" /><ent r="3" t="19" w="589" /><ent r="3" t="19" w="592" /><ent r="3" t="19" w="593" /><ent r="3" t="19" w="606" /><ent r="3" t="19" w="609" /><ent r="3" t="19" w="611" /><ent r="3" t="19" w="614" /><ent r="3" t="19" w="627" /><ent r="3" t="19" w="630" /><ent r="3" t="19" w="632" /><ent r="3" t="19" w="635" /><ent r="3" t="19" w="649" /><ent r="3" t="19" w="652" /><ent r="3" t="19" w="654" /><ent r="3" t="19" w="657" /><ent r="4" t="19" w="790" /><ent r="3" t="19" w="1046" /><ent r="3" t="19" w="1330" /><ent r="3" t="19" w="1344" /><ent r="3" t="19" w="1351" /><ent r="4" t="19" w="1427" /><ent r="4" t="19" w="1430" /><ent r="4" t="19" w="1432" /><ent r="4" t="19" w="1435" /><ent r="3" t="19" w="1493" /><ent r="4" t="19" w="1560" /><ent r="4" t="19" w="1574" /><ent r="3" t="19" w="1641" /><ent r="3" t="19" w="1651" /><ent r="3" t="19" w="1658" /><ent r="3" t="19" w="1669" /><ent r="3" t="19" w="1707" /><ent r="3" t="19" w="1717" /><ent r="3" t="20" w="343" /><ent r="3" t="20" w="441" /><ent r="3" t="20" w="445" /><ent r="3" t="20" w="450" /><ent r="3" t="20" w="455" /><ent r="3" t="20" w="460" /><ent r="3" t="20" w="465" /><ent r="3" t="20" w="470" /><ent r="3" t="20" w="473" /><ent r="3" t="20" w="544" /><ent r="3" t="20" w="547" /><ent r="3" t="20" w="570" /><ent r="3" t="22" w="1174" /><ent r="3" t="22" w="1177" /><ent r="3" t="22" w="1179" /><ent r="3" t="22" w="1182" /><ent r="3" t="22" w="1183" /><ent r="3" t="22" w="1186" /><ent r="3" t="22" w="1188" /><ent r="3" t="22" w="1191" /><ent r="3" t="22" w="1193" /><ent r="3" t="22" w="1296" /><ent r="3" t="22" w="1318" /><ent r="3" t="22" w="1321" /><ent r="3" t="22" w="1323" /><ent r="3" t="22" w="1326" /><ent r="3" t="22" w="1328" /><ent r="3" t="22" w="1333" /><ent r="3" t="22" w="1335" /><ent r="3" t="22" w="1338" /><ent r="3" t="22" w="1340" /><ent r="3" t="22" w="1343" /><ent r="3" t="22" w="1345" /><ent r="3" t="22" w="1352" /><ent r="3" t="22" w="1355" /><ent r="3" t="22" w="1357" /><ent r="3" t="22" w="1360" /><ent r="3" t="22" w="1362" /><ent r="4" t="24" w="151" /><ent r="3" t="24" w="302" /><ent r="4" t="24" w="644" /><ent r="4" t="24" w="672" /><ent r="126" t="24" w="688" /><ent r="126" t="24" w="709" /><ent r="3" t="24" w="897" /><ent r="3" t="24" w="934" /><ent r="3" t="24" w="1038" /><ent r="3" t="24" w="1048" /><ent r="3" t="24" w="1097" /><ent r="3" t="24" w="1537" /><ent r="3" t="24" w="1546" /><ent r="3" t="24" w="1554" /><ent r="3" t="24" w="1563" /><ent r="4" t="24" w="1768" /><ent r="4" t="24" w="1771" /><ent r="4" t="24" w="1794" /><ent r="4" t="24" w="1797" /><ent r="3" t="24" w="1989" /><ent r="3" t="24" w="1992" /><ent r="3" t="24" w="1994" /><ent r="3" t="24" w="1997" /><ent r="3" t="24" w="1998" /><ent r="3" t="24" w="2006" /><ent r="3" t="24" w="2009" /><ent r="3" t="24" w="2012" /><ent r="3" t="24" w="2014" /><ent r="3" t="24" w="2017" /><ent r="3" t="24" w="2018" /><ent r="3" t="24" w="2031" /><ent r="3" t="24" w="2034" /><ent r="3" t="24" w="2036" /><ent r="3" t="24" w="2039" /><ent r="3" t="24" w="2040" /><ent r="3" t="24" w="2048" /><ent r="3" t="24" w="2051" /><ent r="3" t="24" w="2054" /><ent r="3" t="24" w="2056" /><ent r="3" t="24" w="2059" /><ent r="3" t="24" w="2060" /><ent r="3" t="24" w="2073" /><ent r="3" t="24" w="2076" /><ent r="3" t="24" w="2078" /><ent r="3" t="24" w="2081" /><ent r="3" t="24" w="2082" /><ent r="3" t="24" w="2091" /><ent r="3" t="24" w="2095" /><ent r="3" t="24" w="2098" /><ent r="3" t="24" w="2100" /><ent r="3" t="24" w="2103" /><ent r="3" t="24" w="2104" /><ent r="3" t="24" w="2115" /><ent r="3" t="24" w="2122" /><ent r="3" t="24" w="2130" /><ent r="3" t="24" w="2136" /><ent r="3" t="24" w="2140" /><ent r="3" t="24" w="2341" /><ent r="5" t="24" w="2425" /><ent r="5" t="24" w="2436" /><ent r="6" t="24" w="2532" /><ent r="6" t="24" w="2541" /><ent r="3" t="24" w="2644" /><ent r="3" t="24" w="2647" /><ent r="3" t="24" w="2649" /><ent r="3" t="24" w="2657" /><ent r="3" t="24" w="2674" /><ent r="3" t="24" w="2757" /><ent r="3" t="24" w="2799" /><ent r="3" t="24" w="2802" /><ent r="3" t="24" w="2804" /><ent r="3" t="24" w="2805" /><ent r="3" t="24" w="2806" /><ent r="3" t="24" w="2822" /><ent r="4" t="24" w="2846" /><ent r="4" t="24" w="2849" /><ent r="4" t="24" w="2851" /><ent r="4" t="24" w="2852" /><ent r="4" t="24" w="2853" /><ent r="6" t="24" w="2960" /><ent r="6" t="24" w="2972" /><ent r="6" t="24" w="2984" /><ent r="6" t="24" w="2999" /><ent r="3" t="26" w="89" /><ent r="3" t="26" w="91" /><ent r="3" t="26" w="93" /><ent r="3" t="26" w="100" /><ent r="3" t="26" w="104" /><ent r="3" t="26" w="114" /><ent r="3" t="26" w="121" /><ent r="3" t="26" w="124" /><ent r="3" t="26" w="126" /><ent r="3" t="26" w="191" /><ent r="3" t="26" w="194" /><ent r="3" t="26" w="195" /><ent r="3" t="26" w="737" /><ent r="3" t="26" w="949" /><ent r="3" t="26" w="974" /><ent r="3" t="26" w="977" /><ent r="3" t="26" w="979" /><ent r="3" t="27" w="109" /><ent r="125" t="28" w="351" /><ent r="4" t="29" w="223" /><ent r="4" t="29" w="392" /><ent r="3" t="29" w="490" /><ent r="3" t="29" w="556" /><ent r="3" t="29" w="559" /><ent r="3" t="29" w="561" /><ent r="3" t="29" w="564" /><ent r="3" t="29" w="565" /><ent r="3" t="29" w="590" /><ent r="3" t="29" w="593" /><ent r="3" t="29" w="595" /><ent r="3" t="29" w="598" /><ent r="3" t="29" w="599" /><ent r="3" t="29" w="1057" /><ent r="3" t="31" w="74" /><ent r="3" t="31" w="75" /><ent r="3" t="31" w="78" /><ent r="3" t="31" w="80" /><ent r="3" t="31" w="89" /><ent r="3" t="31" w="107" /><ent r="3" t="31" w="108" /><ent r="3" t="31" w="111" /><ent r="3" t="31" w="113" /><ent r="3" t="31" w="117" /><ent r="3" t="31" w="120" /><ent r="3" t="31" w="122" /><ent r="3" t="31" w="125" /><ent r="3" t="31" w="127" /><ent r="3" t="31" w="130" /><ent r="3" t="31" w="132" /><ent r="3" t="31" w="140" /><ent r="4" t="31" w="192" /><ent r="4" t="31" w="211" /><ent r="4" t="31" w="214" /><ent r="4" t="31" w="216" /><ent r="4" t="31" w="270" /><ent r="4" t="31" w="273" /><ent r="4" t="31" w="275" /><ent r="4" t="31" w="278" /><ent r="4" t="31" w="280" /><ent r="4" t="31" w="283" /><ent r="4" t="31" w="285" /><ent r="4" t="31" w="309" /><ent r="3" t="32" w="102" /><ent r="3" t="32" w="436" /><ent r="3" t="32" w="440" /><ent r="3" t="32" w="443" /><ent r="3" t="32" w="445" /><ent r="3" t="32" w="454" /><ent r="3" t="32" w="457" /><ent r="3" t="32" w="459" /><ent r="3" t="32" w="462" /><ent r="3" t="32" w="463" /><ent r="3" t="32" w="471" /><ent r="3" t="32" w="474" /><ent r="3" t="32" w="476" /><ent r="3" t="32" w="479" /><ent r="3" t="32" w="484" /><ent r="3" t="32" w="487" /><ent r="3" t="32" w="489" /><ent r="3" t="32" w="492" /><ent r="3" t="32" w="498" /><ent r="3" t="32" w="501" /><ent r="3" t="32" w="503" /><ent r="3" t="32" w="506" /><ent r="3" t="32" w="513" /><ent r="3" t="32" w="516" /><ent r="3" t="32" w="518" /><ent r="3" t="32" w="521" /><ent r="3" t="32" w="528" /><ent r="3" t="32" w="529" /><ent r="3" t="32" w="532" /><ent r="3" t="32" w="534" /><ent r="3" t="32" w="537" /><ent r="3" t="32" w="594" /><ent r="3" t="32" w="597" /><ent r="3" t="32" w="599" /><ent r="3" t="32" w="601" /><ent r="3" t="32" w="604" /><ent r="3" t="32" w="606" /><ent r="3" t="32" w="615" /><ent r="3" t="32" w="618" /><ent r="3" t="32" w="620" /><ent r="3" t="32" w="623" /><ent r="3" t="32" w="624" /><ent r="3" t="32" w="632" /><ent r="3" t="32" w="635" /><ent r="3" t="32" w="637" /><ent r="3" t="32" w="640" /><ent r="3" t="32" w="645" /><ent r="3" t="32" w="648" /><ent r="3" t="32" w="650" /><ent r="3" t="32" w="653" /><ent r="3" t="32" w="659" /><ent r="3" t="32" w="662" /><ent r="3" t="32" w="664" /><ent r="3" t="32" w="667" /><ent r="3" t="32" w="674" /><ent r="3" t="32" w="677" /><ent r="3" t="32" w="679" /><ent r="3" t="32" w="682" /><ent r="3" t="32" w="689" /><ent r="3" t="32" w="690" /><ent r="3" t="32" w="693" /><ent r="3" t="32" w="695" /><ent r="3" t="32" w="698" /><ent r="3" t="32" w="720" /><ent r="3" t="32" w="724" /><ent r="3" t="32" w="727" /><ent r="3" t="32" w="729" /><ent r="3" t="32" w="738" /><ent r="3" t="32" w="741" /><ent r="3" t="32" w="743" /><ent r="3" t="32" w="746" /><ent r="3" t="32" w="747" /><ent r="3" t="32" w="755" /><ent r="3" t="32" w="758" /><ent r="3" t="32" w="760" /><ent r="3" t="32" w="763" /><ent r="3" t="32" w="768" /><ent r="3" t="32" w="771" /><ent r="3" t="32" w="773" /><ent r="3" t="32" w="776" /><ent r="3" t="32" w="782" /><ent r="3" t="32" w="785" /><ent r="3" t="32" w="787" /><ent r="3" t="32" w="790" /><ent r="3" t="32" w="797" /><ent r="3" t="32" w="800" /><ent r="3" t="32" w="802" /><ent r="3" t="32" w="805" /><ent r="3" t="32" w="812" /><ent r="3" t="32" w="813" /><ent r="3" t="32" w="816" /><ent r="3" t="32" w="818" /><ent r="3" t="32" w="821" /><ent r="3" t="32" w="830" /><ent r="3" t="32" w="834" /><ent r="3" t="32" w="837" /><ent r="3" t="32" w="839" /><ent r="3" t="32" w="848" /><ent r="3" t="32" w="851" /><ent r="3" t="32" w="853" /><ent r="3" t="32" w="856" /><ent r="3" t="32" w="857" /><ent r="3" t="32" w="865" /><ent r="3" t="32" w="868" /><ent r="3" t="32" w="870" /><ent r="3" t="32" w="873" /><ent r="3" t="32" w="878" /><ent r="3" t="32" w="881" /><ent r="3" t="32" w="883" /><ent r="3" t="32" w="886" /><ent r="3" t="32" w="892" /><ent r="3" t="32" w="895" /><ent r="3" t="32" w="897" /><ent r="3" t="32" w="900" /><ent r="3" t="32" w="907" /><ent r="3" t="32" w="910" /><ent r="3" t="32" w="912" /><ent r="3" t="32" w="915" /><ent r="3" t="32" w="922" /><ent r="3" t="32" w="923" /><ent r="3" t="32" w="926" /><ent r="3" t="32" w="928" /><ent r="3" t="32" w="931" /><ent r="3" t="32" w="938" /><ent r="3" t="32" w="941" /><ent r="3" t="32" w="943" /><ent r="3" t="32" w="946" /><ent r="3" t="32" w="951" /><ent r="3" t="32" w="954" /><ent r="3" t="32" w="956" /><ent r="3" t="32" w="959" /><ent r="3" t="32" w="964" /><ent r="3" t="32" w="967" /><ent r="3" t="32" w="969" /><ent r="3" t="32" w="972" /><ent r="3" t="32" w="977" /><ent r="3" t="32" w="980" /><ent r="3" t="32" w="982" /><ent r="3" t="32" w="985" /><ent r="3" t="32" w="990" /><ent r="3" t="32" w="993" /><ent r="3" t="32" w="995" /><ent r="3" t="32" w="998" /><ent r="3" t="32" w="1003" /><ent r="3" t="32" w="1006" /><ent r="3" t="32" w="1008" /><ent r="3" t="32" w="1011" /><ent r="3" t="32" w="1023" /><ent r="3" t="32" w="1026" /><ent r="3" t="32" w="1028" /><ent r="3" t="32" w="1030" /><ent r="3" t="32" w="1033" /><ent r="3" t="32" w="1035" /><ent r="3" t="32" w="1038" /><ent r="3" t="32" w="1039" /><ent r="3" t="32" w="1047" /><ent r="3" t="32" w="1050" /><ent r="3" t="32" w="1052" /><ent r="3" t="32" w="1055" /><ent r="3" t="32" w="1060" /><ent r="3" t="32" w="1063" /><ent r="3" t="32" w="1065" /><ent r="3" t="32" w="1068" /><ent r="3" t="32" w="1074" /><ent r="3" t="32" w="1077" /><ent r="3" t="32" w="1079" /><ent r="3" t="32" w="1082" /><ent r="3" t="32" w="1089" /><ent r="3" t="32" w="1092" /><ent r="3" t="32" w="1094" /><ent r="3" t="32" w="1097" /><ent r="3" t="32" w="1104" /><ent r="3" t="32" w="1105" /><ent r="3" t="32" w="1108" /><ent r="3" t="32" w="1110" /><ent r="3" t="32" w="1113" /><ent r="3" t="32" w="1177" /><ent r="3" t="32" w="1180" /><ent r="3" t="32" w="1182" /><ent r="3" t="32" w="1185" /><ent r="3" t="32" w="1186" /><ent r="3" t="32" w="1191" /><ent r="3" t="32" w="1194" /><ent r="3" t="32" w="1196" /><ent r="3" t="32" w="1199" /><ent r="3" t="32" w="1205" /><ent r="3" t="32" w="1208" /><ent r="3" t="32" w="1210" /><ent r="3" t="32" w="1213" /><ent r="3" t="32" w="1222" /><ent r="3" t="32" w="1225" /><ent r="3" t="32" w="1227" /><ent r="3" t="32" w="1230" /><ent r="3" t="32" w="1237" /><ent r="3" t="32" w="1240" /><ent r="3" t="32" w="1242" /><ent r="3" t="32" w="1245" /><ent r="3" t="32" w="1253" /><ent r="3" t="32" w="1256" /><ent r="3" t="32" w="1258" /><ent r="3" t="32" w="1261" /><ent r="3" t="32" w="1576" /><ent r="3" t="32" w="1656" /><ent r="100" t="33" w="18" /><ent r="3" t="33" w="43" /><ent r="3" t="33" w="171" /><ent r="3" t="33" w="204" /><ent r="3" t="33" w="391" /><ent r="3" t="33" w="423" /><ent r="3" t="34" w="525" /><ent r="3" t="34" w="574" /><ent r="3" t="34" w="748" /><ent r="4" t="35" w="826" /><ent r="3" t="35" w="939" /><ent r="3" t="35" w="954" /><ent r="3" t="35" w="969" /><ent r="3" t="35" w="1707" /><ent r="3" t="37" w="963" /><ent r="3" t="37" w="1057" /><ent r="3" t="37" w="1085" /><ent r="3" t="37" w="1127" /><ent r="3" t="37" w="1747" /><ent r="126" t="37" w="1804" /><ent r="4" t="37" w="3702" /><ent r="3" t="37" w="3895" /><ent r="3" t="37" w="3999" /><ent r="4" t="37" w="4119" /><ent r="3" t="37" w="4168" /><ent r="3" t="37" w="4260" /><ent r="3" t="37" w="4282" /><ent r="3" t="37" w="4314" /><ent r="3" t="39" w="148" /><ent r="125" t="40" w="1266" /><ent r="126" t="41" w="238" /><ent r="3" t="44" w="467" /><ent r="3" t="44" w="468" /><ent r="3" t="44" w="563" /><ent r="3" t="44" w="593" /><ent r="3" t="44" w="607" /><ent r="3" t="44" w="726" /><ent r="3" t="44" w="727" /><ent r="3" t="44" w="819" /><ent r="3" t="44" w="850" /><ent r="3" t="44" w="858" /><ent r="3" t="45" w="60" /><ent r="3" t="45" w="119" /><ent r="3" t="45" w="192" /><ent r="3" t="46" w="315" /><ent r="3" t="46" w="316" /><ent r="3" t="46" w="404" /><ent r="3" t="46" w="460" /><ent r="6" t="47" w="467" /><ent r="65" t="47" w="521" /><ent r="3" t="47" w="609" /><ent r="3" t="48" w="45" /><ent r="3" t="48" w="244" /><ent r="3" t="49" w="528" /><ent r="3" t="49" w="643" /><ent r="3" t="49" w="730" /><ent r="3" t="49" w="745" /><ent r="3" t="49" w="782" /><ent r="3" t="49" w="787" /><ent r="3" t="49" w="852" /><ent r="125" t="49" w="954" /><ent r="3" t="54" w="346" /><ent r="3" t="54" w="347" /><ent r="3" t="54" w="350" /><ent r="3" t="54" w="352" /><ent r="3" t="54" w="353" /><ent r="3" t="54" w="358" /><ent r="3" t="54" w="361" /><ent r="3" t="54" w="363" /><ent r="3" t="54" w="364" /><ent r="3" t="54" w="365" /><ent r="3" t="54" w="369" /><ent r="3" t="54" w="372" /><ent r="3" t="54" w="374" /><ent r="3" t="54" w="375" /><ent r="3" t="54" w="380" /><ent r="3" t="54" w="383" /><ent r="3" t="54" w="385" /><ent r="3" t="54" w="386" /><ent r="3" t="54" w="497" /><ent r="3" t="54" w="498" /><ent r="3" t="54" w="500" /><ent r="3" t="54" w="503" /><ent r="3" t="54" w="505" /><ent r="3" t="54" w="508" /><ent r="3" t="54" w="512" /><ent r="3" t="54" w="515" /><ent r="3" t="54" w="517" /><ent r="3" t="54" w="520" /><ent r="3" t="54" w="522" /><ent r="3" t="54" w="543" /><ent r="3" t="54" w="546" /><ent r="3" t="54" w="548" /><ent r="3" t="54" w="551" /><ent r="3" t="55" w="490" /><ent r="3" t="55" w="491" /><ent r="3" t="55" w="506" /><ent r="3" t="55" w="507" /><ent r="3" t="55" w="508" /><ent r="3" t="55" w="511" /><ent r="3" t="55" w="513" /><ent r="3" t="55" w="569" /><ent r="3" t="55" w="572" /><ent r="3" t="55" w="574" /><ent r="3" t="55" w="576" /><ent r="3" t="55" w="577" /><ent r="3" t="55" w="594" /><ent r="3" t="55" w="623" /><ent r="3" t="55" w="625" /><ent r="3" t="55" w="628" /><ent r="3" t="55" w="630" /><ent r="3" t="55" w="660" /><ent r="3" t="55" w="667" /><ent r="3" t="55" w="668" /><ent r="3" t="55" w="669" /><ent r="3" t="55" w="672" /><ent r="3" t="55" w="674" /><ent r="3" t="55" w="830" /><ent r="3" t="55" w="831" /><ent r="3" t="55" w="833" /><ent r="3" t="55" w="852" /><ent r="3" t="55" w="853" /><ent r="3" t="55" w="859" /><ent r="3" t="55" w="860" /><ent r="3" t="55" w="861" /><ent r="3" t="55" w="864" /><ent r="3" t="55" w="866" /><ent r="3" t="55" w="867" /><ent r="3" t="55" w="868" /><ent r="3" t="55" w="876" /><ent r="3" t="55" w="877" /><ent r="3" t="55" w="878" /><ent r="3" t="55" w="881" /><ent r="3" t="55" w="883" /><ent r="3" t="55" w="884" /><ent r="3" t="55" w="888" /><ent r="3" t="55" w="891" /><ent r="3" t="55" w="893" /><ent r="3" t="55" w="895" /><ent r="3" t="55" w="900" /><ent r="3" t="55" w="901" /><ent r="3" t="55" w="902" /><ent r="3" t="55" w="905" /><ent r="3" t="55" w="907" /><ent r="3" t="55" w="908" /><ent r="3" t="55" w="916" /><ent r="3" t="55" w="917" /><ent r="3" t="55" w="918" /><ent r="3" t="55" w="921" /><ent r="3" t="55" w="923" /><ent r="3" t="55" w="924" /><ent r="3" t="55" w="934" /><ent r="3" t="55" w="935" /><ent r="3" t="55" w="936" /><ent r="3" t="55" w="939" /><ent r="3" t="55" w="941" /><ent r="3" t="55" w="942" /><ent r="3" t="55" w="953" /><ent r="3" t="55" w="954" /><ent r="3" t="55" w="955" /><ent r="3" t="55" w="958" /><ent r="3" t="55" w="960" /><ent r="3" t="55" w="961" /><ent r="3" t="55" w="972" /><ent r="3" t="55" w="973" /><ent r="3" t="55" w="974" /><ent r="3" t="55" w="977" /><ent r="3" t="55" w="979" /><ent r="3" t="55" w="980" /><ent r="3" t="55" w="988" /><ent r="3" t="55" w="989" /><ent r="3" t="55" w="990" /><ent r="3" t="55" w="993" /><ent r="3" t="55" w="995" /><ent r="3" t="55" w="996" /><ent r="3" t="55" w="1004" /><ent r="3" t="55" w="1005" /><ent r="3" t="55" w="1006" /><ent r="3" t="55" w="1009" /><ent r="3" t="55" w="1011" /><ent r="3" t="55" w="1012" /><ent r="3" t="55" w="1014" /><ent r="3" t="55" w="1016" /><ent r="3" t="55" w="1018" /><ent r="3" t="55" w="1021" /><ent r="3" t="55" w="1023" /><ent r="3" t="55" w="1024" /><ent r="3" t="55" w="1026" /><ent r="3" t="55" w="1030" /><ent r="3" t="55" w="1031" /><ent r="3" t="55" w="1032" /><ent r="3" t="55" w="1035" /><ent r="3" t="55" w="1037" /><ent r="3" t="55" w="1038" /><ent r="3" t="55" w="1040" /><ent r="3" t="55" w="1042" /><ent r="3" t="55" w="1049" /><ent r="3" t="55" w="1050" /><ent r="3" t="55" w="1051" /><ent r="3" t="55" w="1054" /><ent r="3" t="55" w="1056" /><ent r="3" t="55" w="1057" /><ent r="3" t="55" w="1059" /><ent r="3" t="55" w="1061" /><ent r="3" t="55" w="1067" /><ent r="3" t="55" w="1068" /><ent r="3" t="55" w="1069" /><ent r="3" t="55" w="1072" /><ent r="3" t="55" w="1074" /><ent r="3" t="55" w="1076" /><ent r="3" t="55" w="1083" /><ent r="3" t="55" w="1084" /><ent r="3" t="55" w="1085" /><ent r="3" t="55" w="1088" /><ent r="3" t="55" w="1090" /><ent r="3" t="55" w="1093" /><ent r="3" t="55" w="1094" /><ent r="3" t="55" w="1095" /><ent r="3" t="55" w="1097" /><ent r="3" t="55" w="1101" /><ent r="3" t="55" w="1102" /><ent r="3" t="55" w="1103" /><ent r="3" t="55" w="1106" /><ent r="3" t="55" w="1108" /><ent r="3" t="55" w="1111" /><ent r="3" t="55" w="1112" /><ent r="3" t="55" w="1119" /><ent r="3" t="55" w="1120" /><ent r="3" t="56" w="108" /><ent r="3" t="56" w="177" /><ent r="3" t="56" w="182" /><ent r="3" t="56" w="186" /><ent r="3" t="56" w="197" /><ent r="3" t="56" w="482" /><ent r="3" t="56" w="544" /><ent r="3" t="56" w="547" /><ent r="3" t="56" w="548" /><ent r="3" t="56" w="550" /><ent r="3" t="56" w="566" /><ent r="3" t="56" w="569" /><ent r="3" t="56" w="591" /><ent r="3" t="56" w="617" /><ent r="3" t="56" w="620" /><ent r="3" t="56" w="622" /><ent r="3" t="56" w="623" /><ent r="3" t="56" w="624" /><ent r="3" t="56" w="633" /><ent r="3" t="56" w="636" /><ent r="3" t="56" w="638" /><ent r="3" t="56" w="639" /><ent r="3" t="56" w="655" /><ent r="3" t="56" w="658" /><ent r="3" t="56" w="660" /><ent r="3" t="56" w="661" /><ent r="3" t="56" w="669" /><ent r="3" t="56" w="672" /><ent r="3" t="56" w="674" /><ent r="3" t="56" w="675" /><ent r="3" t="56" w="682" /><ent r="3" t="56" w="685" /><ent r="3" t="56" w="687" /><ent r="3" t="56" w="688" /><ent r="3" t="61" w="737" /><ent r="3" t="61" w="739" /><ent r="3" t="61" w="790" /><ent r="3" t="61" w="792" /><ent r="3" t="61" w="1022" /><ent r="3" t="61" w="1053" /><ent r="3" t="61" w="1112" /><ent r="3" t="61" w="1133" /><ent r="3" t="61" w="1203" /><ent r="3" t="61" w="1282" /><ent r="3" t="61" w="1291" /><ent r="3" t="61" w="1297" /><ent r="3" t="61" w="1301" /><ent r="3" t="61" w="1372" /><ent r="125" t="62" w="152" /><ent r="125" t="64" w="64" /><ent r="3" t="64" w="403" /><ent r="7" t="68" w="338" /><ent r="6" t="68" w="647" /><ent r="6" t="70" w="1128" /><ent r="100" t="70" w="1833" /><ent r="4" t="70" w="1845" /><ent r="6" t="70" w="1889" /><ent r="6" t="70" w="1953" /><ent r="6" t="70" w="1999" /><ent r="4" t="77" w="245" /><ent r="5" t="77" w="262" /></phr></stem></index>