<?xml version="1.0" encoding="utf-8"?><index><stem n="well-known"><phr n="well-known"><ent r="6" t="68" w="690" /></phr></stem><stem n="!index.html)"><phr n="!index.html)"><ent r="6" t="68" w="697" /></phr></stem><stem n="-select"><phr n="-selected"><ent r="6" t="68" w="700" /><ent r="6" t="68" w="700" /><ent r="6" t="70" w="1486" /><ent r="6" t="70" w="1486" /></phr></stem><stem n="user-select"><phr n="user-selected"><ent r="6" t="68" w="700" /></phr></stem><stem n="meta"><phr n="Meta"><ent r="100" t="68" w="706" /><ent r="100" t="70" w="1667" /></phr><phr n="meta"><ent r="6" t="68" w="751" /></phr></stem><stem n="dynam"><phr n="dynamically"><ent r="6" t="68" w="739" /></phr></stem><stem n="#target"><phr n="#target"><ent r="7" t="68" w="755" /><ent r="7" t="68" w="760" /><ent r="7" t="68" w="766" /></phr></stem><stem n="window_nam"><phr n="Window_name"><ent r="100" t="68" w="758" /><ent r="100" t="68" w="757" /></phr><phr n="window_name"><ent r="7" t="68" w="762" /><ent r="7" t="68" w="761" /><ent r="6" t="68" w="781" /><ent r="6" t="68" w="780" /><ent r="6" t="68" w="799" /><ent r="6" t="68" w="798" /></phr></stem><stem n="&quot;window_name&quot;"><phr n="&quot;window_name&quot;"><ent r="7" t="68" w="763" /><ent r="6" t="68" w="800" /></phr></stem><stem n="&quot;window_name&quot;."><phr n="&quot;window_name&quot;."><ent r="6" t="68" w="782" /></phr></stem><stem n="...target"><phr n="...target"><ent r="6" t="68" w="797" /></phr></stem><stem n="predict"><phr n="predict"><ent r="3" t="69" w="97" /></phr></stem><stem n="chosen"><phr n="chosen"><ent r="3" t="69" w="101" /></phr></stem><stem n="prevent"><phr n="Preventing"><ent r="92" t="69" w="103" /><ent r="100" t="69" w="112" /><ent r="100" t="69" w="114" /></phr><phr n="prevent"><ent r="4" t="69" w="215" /></phr></stem><stem n=":quot"><phr n=":Quoted"><ent r="100" t="69" w="115" /></phr></stem><stem n="-is."><phr n="-is."><ent r="3" t="69" w="154" /><ent r="3" t="69" w="154" /></phr></stem><stem n="(remember,"><phr n="(Remember,"><ent r="3" t="69" w="180" /></phr></stem><stem n="front"><phr n="front"><ent r="4" t="69" w="231" /></phr></stem><stem n="macronam"><phr n="Macroname"><ent r="100" t="70" w="20" /></phr><phr n="macroname"><ent r="4" t="70" w="23" /><ent r="4" t="70" w="29" /></phr></stem><stem n="other-inform"><phr n="other-information"><ent r="4" t="70" w="24" /><ent r="4" t="70" w="40" /></phr></stem><stem n="{macroname:other-information}"><phr n="{macroname:other-information}"><ent r="4" t="70" w="26" /></phr></stem><stem n="-inform"><phr n="-information"><ent r="4" t="70" w="40" /><ent r="4" t="70" w="40" /></phr></stem><stem n="&quot;content&quot;"><phr n="&quot;content&quot;"><ent r="65" t="70" w="76" /><ent r="93" t="70" w="170" /></phr></stem><stem n="onto"><phr n="onto"><ent r="65" t="70" w="94" /><ent r="93" t="70" w="1153" /></phr></stem><stem n="file-to"><phr n="File-to"><ent r="100" t="70" w="133" /></phr><phr n="file-to"><ent r="7" t="70" w="141" /><ent r="7" t="70" w="631" /></phr></stem><stem n="file-to-b"><phr n="File-to-be"><ent r="100" t="70" w="133" /></phr><phr n="file-to-be"><ent r="7" t="70" w="141" /><ent r="7" t="70" w="631" /></phr></stem><stem n="file-to-be-includ"><phr n="File-to-be-included"><ent r="100" t="70" w="133" /></phr><phr n="file-to-be-included"><ent r="7" t="70" w="141" /><ent r="7" t="70" w="631" /></phr></stem><stem n="to-b"><phr n="to-be"><ent r="100" t="70" w="134" /><ent r="7" t="70" w="142" /><ent r="7" t="70" w="632" /></phr></stem><stem n="to-be-includ"><phr n="to-be-included"><ent r="100" t="70" w="134" /><ent r="7" t="70" w="142" /><ent r="7" t="70" w="632" /></phr></stem><stem n="be-includ"><phr n="be-included"><ent r="100" t="70" w="135" /><ent r="7" t="70" w="143" /><ent r="7" t="70" w="633" /></phr></stem><stem n="-to-be-included.html"><phr n="-to-be-included.html"><ent r="100" t="70" w="137" /><ent r="100" t="70" w="139" /></phr></stem><stem n="file-to-be-included.html"><phr n="File-to-be-included.html"><ent r="100" t="70" w="137" /><ent r="100" t="70" w="136" /></phr><phr n="file-to-be-included.html"><ent r="7" t="70" w="145" /><ent r="7" t="70" w="144" /><ent r="7" t="70" w="635" /><ent r="7" t="70" w="634" /></phr></stem><stem n="{include:file-to-be-included.html}"><phr n="{include:file-to-be-included.html}"><ent r="7" t="70" w="146" /><ent r="7" t="70" w="636" /></phr></stem><stem n="~admin"><phr n="~admin"><ent r="3" t="70" w="228" /><ent r="3" t="71" w="151" /><ent r="3" t="71" w="320" /><ent r="3" t="71" w="350" /><ent r="3" t="71" w="446" /></phr></stem><stem n="fullstatu"><phr n="Fullstatus"><ent r="100" t="70" w="240" /></phr><phr n="fullstatus"><ent r="7" t="70" w="243" /></phr></stem><stem n="{fullstatus}"><phr n="{fullstatus}"><ent r="7" t="70" w="244" /></phr></stem><stem n=":show"><phr n=":shows"><ent r="100" t="70" w="246" /></phr></stem><stem n="errorstatu"><phr n="Errorstatus"><ent r="100" t="70" w="265" /><ent r="100" t="70" w="290" /></phr><phr n="errorstatus"><ent r="7" t="70" w="268" /><ent r="7" t="70" w="294" /><ent r="7" t="70" w="307" /><ent r="8" t="70" w="311" /><ent r="8" t="70" w="321" /><ent r="8" t="70" w="335" /></phr></stem><stem n="{errorstatus}"><phr n="{errorstatus}"><ent r="7" t="70" w="269" /><ent r="7" t="70" w="308" /><ent r="8" t="70" w="322" /><ent r="8" t="70" w="336" /></phr></stem><stem n="_orig"><phr n="_orig"><ent r="100" t="70" w="291" /></phr></stem><stem n="errorstatus_orig"><phr n="Errorstatus_orig"><ent r="100" t="70" w="291" /><ent r="100" t="70" w="290" /></phr><phr n="errorstatus_orig"><ent r="7" t="70" w="295" /><ent r="7" t="70" w="294" /><ent r="8" t="70" w="312" /><ent r="8" t="70" w="311" /></phr></stem><stem n="orig"><phr n="orig"><ent r="100" t="70" w="291" /><ent r="7" t="70" w="295" /><ent r="8" t="70" w="312" /></phr></stem><stem n="{errorstatus_orig}"><phr n="{errorstatus_orig}"><ent r="7" t="70" w="296" /><ent r="8" t="70" w="313" /></phr></stem><stem n="&quot;errors&quot;"><phr n="&quot;errors&quot;"><ent r="6" t="70" w="301" /></phr></stem><stem n="currentoutag"><phr n="Currentoutages"><ent r="100" t="70" w="343" /></phr><phr n="currentoutages"><ent r="7" t="70" w="346" /></phr></stem><stem n="{currentoutages}"><phr n="{currentoutages}"><ent r="7" t="70" w="347" /></phr></stem><stem n="outag"><phr n="outages"><ent r="6" t="70" w="353" /><ent r="6" t="70" w="382" /><ent r="6" t="70" w="418" /><ent r="6" t="70" w="436" /><ent r="6" t="70" w="458" /></phr></stem><stem n="currentlinkoutag"><phr n="Currentlinkoutages"><ent r="100" t="70" w="371" /></phr><phr n="currentlinkoutages"><ent r="7" t="70" w="374" /></phr></stem><stem n="{currentlinkoutages}"><phr n="{currentlinkoutages}"><ent r="7" t="70" w="375" /></phr></stem><stem n="previousoutag"><phr n="Previousoutages"><ent r="100" t="70" w="403" /></phr><phr n="previousoutages"><ent r="7" t="70" w="406" /><ent r="7" t="70" w="427" /><ent r="7" t="70" w="446" /></phr></stem><stem n="{previousoutages}"><phr n="{previousoutages}"><ent r="7" t="70" w="407" /></phr></stem><stem n="xx"><phr n="xx"><ent r="7" t="70" w="429" /><ent r="6" t="70" w="440" /><ent r="7" t="70" w="1109" /><ent r="6" t="70" w="1124" /></phr></stem><stem n="{previousoutages:hours=xx}"><phr n="{previousoutages:hours=xx}"><ent r="7" t="70" w="430" /></phr></stem><stem n="maxrow"><phr n="Maxrows"><ent r="100" t="70" w="443" /></phr><phr n="maxrows"><ent r="7" t="70" w="447" /></phr></stem><stem n="{previousoutages:maxrows=x}"><phr n="{previousoutages:maxrows=x}"><ent r="7" t="70" w="449" /></phr></stem><stem n="maplist"><phr n="Maplist"><ent r="100" t="70" w="460" /></phr><phr n="maplist"><ent r="7" t="70" w="463" /><ent r="6" t="70" w="2407" /></phr></stem><stem n="{maplist}"><phr n="{maplist}"><ent r="7" t="70" w="464" /></phr></stem><stem n="&lt;ul&gt;"><phr n="&lt;UL&gt;"><ent r="7" t="70" w="471" /><ent r="7" t="70" w="514" /></phr></stem><stem n="chartlist"><phr n="Chartlist"><ent r="100" t="70" w="478" /></phr><phr n="chartlist"><ent r="7" t="70" w="481" /><ent r="7" t="70" w="540" /><ent r="7" t="70" w="555" /></phr></stem><stem n="{chartlist}"><phr n="{chartlist}"><ent r="7" t="70" w="482" /><ent r="7" t="70" w="541" /><ent r="7" t="70" w="556" /></phr></stem><stem n="&lt;li&gt;"><phr n="&lt;LI&gt;"><ent r="7" t="70" w="503" /></phr></stem><stem n="&lt;ol&gt;"><phr n="&lt;OL&gt;"><ent r="7" t="70" w="518" /></phr></stem><stem n="per-map"><phr n="per-map"><ent r="6" t="70" w="550" /><ent r="6" t="70" w="1000" /></phr></stem><stem n="&quot;per-map&quot;"><phr n="&quot;per-map&quot;"><ent r="6" t="70" w="552" /><ent r="6" t="70" w="1002" /></phr></stem><stem n="chartnam"><phr n="chartname"><ent r="100" t="70" w="567" /><ent r="7" t="70" w="570" /></phr></stem><stem n="{chartname}"><phr n="{chartname}"><ent r="7" t="70" w="571" /></phr></stem><stem n="chart-rel"><phr n="chart-related"><ent r="6" t="70" w="590" /></phr></stem><stem n="&quot;&quot;."><phr n="&quot;&quot;."><ent r="6" t="70" w="596" /><ent r="6" t="70" w="939" /><ent r="6" t="70" w="2046" /><ent r="6" t="70" w="2114" /><ent r="6" t="70" w="2376" /></phr></stem><stem n="{mapname}"><phr n="{mapname}"><ent r="7" t="70" w="604" /><ent r="7" t="70" w="870" /><ent r="7" t="70" w="1912" /></phr></stem><stem n="maplistwithchart"><phr n="Maplistwithcharts"><ent r="100" t="70" w="605" /></phr><phr n="maplistwithcharts"><ent r="7" t="70" w="608" /></phr></stem><stem n="{maplistwithcharts}"><phr n="{maplistwithcharts}"><ent r="7" t="70" w="609" /></phr></stem><stem n="sub-list"><phr n="sub-lists"><ent r="6" t="70" w="620" /></phr></stem><stem n="abouthtml"><phr n="abouthtml"><ent r="7" t="70" w="656" /></phr></stem><stem n="{abouthtml}"><phr n="{abouthtml}"><ent r="7" t="70" w="657" /></phr></stem><stem n="&quot;about&quot;"><phr n="&quot;About&quot;"><ent r="6" t="70" w="661" /></phr></stem><stem n="statshtml"><phr n="Statshtml"><ent r="100" t="70" w="669" /></phr><phr n="statshtml"><ent r="7" t="70" w="672" /></phr></stem><stem n="{statshtml}"><phr n="{statshtml}"><ent r="7" t="70" w="673" /></phr></stem><stem n="uptim"><phr n="Uptime"><ent r="100" t="70" w="674" /></phr><phr n="uptime"><ent r="6" t="70" w="680" /></phr></stem><stem n="httpuserid"><phr n="httpuserid"><ent r="7" t="70" w="686" /></phr></stem><stem n="{httpuserid}"><phr n="{httpuserid}"><ent r="7" t="70" w="687" /></phr></stem><stem n="ask"><phr n="asked"><ent r="6" t="70" w="694" /></phr></stem><stem n="httplocaladdress"><phr n="httplocaladdress"><ent r="7" t="70" w="699" /></phr></stem><stem n="{httplocaladdress}"><phr n="{httplocaladdress}"><ent r="7" t="70" w="700" /></phr></stem><stem n="side"><phr n="side"><ent r="6" t="70" w="710" /><ent r="6" t="70" w="726" /></phr></stem><stem n="multi"><phr n="multi"><ent r="6" t="70" w="719" /></phr></stem><stem n="multi-hom"><phr n="multi-homed"><ent r="6" t="70" w="719" /></phr></stem><stem n="home"><phr n="homed"><ent r="6" t="70" w="720" /></phr></stem><stem n="-homed,"><phr n="-homed,"><ent r="6" t="70" w="721" /><ent r="6" t="70" w="721" /></phr></stem><stem n="caution"><phr n="caution"><ent r="6" t="70" w="738" /></phr></stem><stem n="url'"><phr n="URL's"><ent r="6" t="70" w="743" /><ent r="6" t="70" w="742" /></phr></stem><stem n="httpremoteaddress"><phr n="httpremoteaddress"><ent r="7" t="70" w="755" /></phr></stem><stem n="{httpremoteaddress}"><phr n="{httpremoteaddress}"><ent r="7" t="70" w="756" /></phr></stem><stem n="intermapperaddress"><phr n="Intermapperaddress"><ent r="100" t="70" w="767" /></phr><phr n="intermapperaddress"><ent r="7" t="70" w="770" /></phr></stem><stem n="{intermapperaddress}"><phr n="{intermapperaddress}"><ent r="7" t="70" w="771" /></phr></stem><stem n="{version}"><phr n="{version}"><ent r="7" t="70" w="782" /></phr></stem><stem n="{time}"><phr n="{time}"><ent r="7" t="70" w="800" /></phr></stem><stem n="imagesuffix"><phr n="Imagesuffix"><ent r="100" t="70" w="805" /></phr><phr n="imagesuffix"><ent r="7" t="70" w="808" /><ent r="7" t="70" w="1257" /><ent r="7" t="70" w="1311" /><ent r="7" t="70" w="1346" /><ent r="7" t="70" w="1359" /><ent r="7" t="70" w="1464" /></phr></stem><stem n="{imagesuffix}"><phr n="{imagesuffix}"><ent r="7" t="70" w="809" /><ent r="7" t="70" w="1258" /></phr></stem><stem n="&quot;.png&quot;"><phr n="&quot;.png&quot;"><ent r="6" t="70" w="817" /><ent r="6" t="70" w="1262" /></phr></stem><stem n="&quot;.jpeg&quot;"><phr n="&quot;.jpeg&quot;"><ent r="6" t="70" w="827" /><ent r="6" t="70" w="1272" /></phr></stem><stem n="telnetserverurl"><phr n="Telnetserverurl"><ent r="100" t="70" w="831" /></phr><phr n="telnetserverurl"><ent r="7" t="70" w="834" /></phr><phr n="TelnetServerURL"><ent r="6" t="70" w="2417" /></phr></stem><stem n="{telnetserverurl}"><phr n="{telnetserverurl}"><ent r="7" t="70" w="835" /></phr></stem><stem n="webserverurl"><phr n="Webserverurl"><ent r="100" t="70" w="849" /></phr><phr n="webserverurl"><ent r="7" t="70" w="852" /></phr><phr n="WebServerURL"><ent r="6" t="70" w="2425" /></phr></stem><stem n="{webserverurl}"><phr n="{webserverurl}"><ent r="7" t="70" w="853" /></phr></stem><stem n="deviceid"><phr n="Deviceid"><ent r="100" t="70" w="906" /></phr><phr n="deviceid"><ent r="7" t="70" w="909" /></phr></stem><stem n="{deviceid}"><phr n="{deviceid}"><ent r="7" t="70" w="910" /></phr></stem><stem n="gmmmm"><phr n="gMMMM"><ent r="7" t="70" w="927" /></phr></stem><stem n="gmmmm-rnn"><phr n="gMMMM-rNN"><ent r="7" t="70" w="927" /></phr></stem><stem n="rnn"><phr n="rNN"><ent r="7" t="70" w="928" /></phr></stem><stem n="&quot;gmmmm-rnn&quot;"><phr n="&quot;gMMMM-rNN&quot;"><ent r="7" t="70" w="929" /></phr></stem><stem n="device-rel"><phr n="device-related"><ent r="6" t="70" w="936" /></phr></stem><stem n="-related,"><phr n="-related,"><ent r="6" t="70" w="938" /><ent r="6" t="70" w="938" /></phr></stem><stem n="devicelist"><phr n="Devicelist"><ent r="100" t="70" w="940" /></phr><phr n="devicelist"><ent r="7" t="70" w="943" /><ent r="7" t="70" w="990" /><ent r="7" t="70" w="1005" /><ent r="7" t="70" w="1018" /></phr></stem><stem n="{devicelist}"><phr n="{devicelist}"><ent r="7" t="70" w="944" /><ent r="7" t="70" w="991" /><ent r="7" t="70" w="1006" /></phr></stem><stem n="devicelist_kml"><phr n="devicelist_kml"><ent r="7" t="70" w="1019" /><ent r="7" t="70" w="1018" /></phr></stem><stem n="kml"><phr n="kml"><ent r="7" t="70" w="1019" /></phr><phr n="KML"><ent r="67" t="70" w="1027" /></phr></stem><stem n="{devicelist_kml}"><phr n="{devicelist_kml}"><ent r="7" t="70" w="1020" /></phr></stem><stem n="googl"><phr n="Google"><ent r="6" t="70" w="1033" /></phr></stem><stem n="earth"><phr n="Earth"><ent r="6" t="70" w="1034" /></phr></stem><stem n="nbp"><phr n="NBP"><ent r="100" t="70" w="1044" /><ent r="6" t="70" w="1051" /></phr></stem><stem n="ifadmin"><phr n="Ifadmin"><ent r="100" t="70" w="1070" /></phr><phr n="ifadmin"><ent r="7" t="70" w="1073" /></phr></stem><stem n="{ifadmin:"><phr n="{ifadmin:"><ent r="7" t="70" w="1074" /></phr></stem><stem n="nonadmin"><phr n="NONADMIN"><ent r="7" t="70" w="1075" /><ent r="6" t="70" w="1087" /></phr></stem><stem n="privileg"><phr n="privileges"><ent r="6" t="70" w="1084" /></phr></stem><stem n="setnamefieldwidth"><phr n="SetNameFieldWidth"><ent r="100" t="70" w="1105" /><ent r="7" t="70" w="1108" /></phr></stem><stem n="{setnamefieldwidth:xx}"><phr n="{SetNameFieldWidth:xx}"><ent r="7" t="70" w="1110" /></phr></stem><stem n="wide"><phr n="wide"><ent r="6" t="70" w="1126" /></phr></stem><stem n="imagefil"><phr n="Imagefile"><ent r="100" t="70" w="1159" /></phr><phr n="IMAGEFILE"><ent r="7" t="70" w="1163" /><ent r="6" t="70" w="1238" /></phr></stem><stem n="{imageref:imagefil"><phr n="{imageref:IMAGEFILE"><ent r="7" t="70" w="1163" /></phr></stem><stem n="[,tags]}"><phr n="[,tags]}"><ent r="7" t="70" w="1165" /></phr></stem><stem n="{imageref:"><phr n="{imageref:"><ent r="7" t="70" w="1187" /><ent r="4" t="71" w="247" /></phr></stem><stem n="photo"><phr n="photo"><ent r="7" t="70" w="1187" /><ent r="7" t="70" w="1196" /><ent r="6" t="70" w="1245" /><ent r="6" t="70" w="1248" /><ent r="6" t="70" w="1250" /></phr></stem><stem n="grade4"><phr n="grade4"><ent r="7" t="70" w="1189" /><ent r="7" t="70" w="1199" /></phr></stem><stem n="='grade4'}"><phr n="='grade4'}"><ent r="7" t="70" w="1190" /></phr></stem><stem n="src"><phr n="SRC"><ent r="7" t="70" w="1194" /><ent r="7" t="70" w="1343" /><ent r="7" t="70" w="1356" /></phr><phr n="src"><ent r="7" t="70" w="1457" /><ent r="7" t="70" w="1511" /></phr></stem><stem n="images/photo"><phr n="images/photo"><ent r="7" t="70" w="1196" /><ent r="7" t="70" w="1195" /></phr></stem><stem n="images/photo.gif"><phr n="images/photo.gif"><ent r="7" t="70" w="1197" /><ent r="7" t="70" w="1195" /></phr></stem><stem n="=&quot;/images/photo.gif&quot;"><phr n="=&quot;/images/photo.gif&quot;"><ent r="7" t="70" w="1198" /></phr></stem><stem n="='grade4'&gt;"><phr n="='grade4'&gt;"><ent r="7" t="70" w="1200" /></phr></stem><stem n="grade4'&gt;"><phr n="grade4'&gt;"><ent r="7" t="70" w="1200" /><ent r="7" t="70" w="1199" /></phr></stem><stem n="photo.gif"><phr n="photo.gif"><ent r="6" t="70" w="1246" /><ent r="6" t="70" w="1245" /><ent r="6" t="70" w="1251" /><ent r="6" t="70" w="1250" /></phr></stem><stem n="&quot;photo.gif&quot;"><phr n="&quot;photo.gif&quot;"><ent r="6" t="70" w="1247" /></phr></stem><stem n="photo.png"><phr n="photo.png"><ent r="6" t="70" w="1249" /><ent r="6" t="70" w="1248" /></phr></stem><stem n="&quot;photo.png&quot;,"><phr n="&quot;photo.png&quot;,"><ent r="6" t="70" w="1250" /></phr></stem><stem n="intermapperlogo"><phr n="Intermapperlogo"><ent r="100" t="70" w="1274" /></phr><phr n="intermapperlogo"><ent r="7" t="70" w="1277" /></phr></stem><stem n="{intermapperlogo}"><phr n="{intermapperlogo}"><ent r="7" t="70" w="1278" /></phr></stem><stem n="&quot;made"><phr n="&quot;Made"><ent r="6" t="70" w="1289" /></phr></stem><stem n="*chart"><phr n="*chart"><ent r="7" t="70" w="1295" /></phr></stem><stem n="suffix"><phr n="suffix"><ent r="6" t="70" w="1305" /><ent r="3" t="72" w="32" /></phr></stem><stem n="{chart}.${imagesuffix}"><phr n="{chart}.${imagesuffix}"><ent r="7" t="70" w="1312" /></phr></stem><stem n="client'"><phr n="client's"><ent r="6" t="70" w="1321" /><ent r="6" t="70" w="1320" /></phr></stem><stem n="pixel"><phr n="pixels"><ent r="6" t="70" w="1331" /></phr></stem><stem n="chart.$"><phr n="chart.$"><ent r="7" t="70" w="1345" /><ent r="7" t="70" w="1344" /><ent r="7" t="70" w="1358" /><ent r="7" t="70" w="1357" /></phr></stem><stem n="clientwidth"><phr n="clientwidth"><ent r="7" t="70" w="1348" /></phr></stem><stem n="httpparam"><phr n="httpparams"><ent r="7" t="70" w="1350" /><ent r="7" t="70" w="1363" /><ent r="7" t="70" w="2087" /><ent r="7" t="70" w="2132" /><ent r="100" t="70" w="2140" /><ent r="7" t="70" w="2144" /><ent r="100" t="70" w="2147" /><ent r="7" t="70" w="2151" /><ent r="100" t="70" w="2154" /><ent r="7" t="70" w="2158" /><ent r="100" t="70" w="2161" /><ent r="7" t="70" w="2165" /><ent r="100" t="70" w="2168" /><ent r="7" t="70" w="2172" /><ent r="7" t="70" w="2176" /><ent r="7" t="70" w="2202" /><ent r="7" t="70" w="2229" /><ent r="7" t="70" w="2256" /><ent r="7" t="70" w="2282" /><ent r="7" t="70" w="2309" /></phr><phr n="httpparam"><ent r="7" t="70" w="2003" /><ent r="6" t="70" w="2064" /><ent r="6" t="70" w="2070" /><ent r="6" t="70" w="2076" /></phr></stem><stem n="=&quot;*chart.${imagesuffix}?${clientwidth}&amp;${httpparams}&quot;&gt;"><phr n="=&quot;*chart.${imagesuffix}?${clientwidth}&amp;${httpparams}&quot;&gt;"><ent r="7" t="70" w="1351" /></phr></stem><stem n="=&quot;*chart.${imagesuffix}?width=300&amp;${httpparams}&quot;&gt;"><phr n="=&quot;*chart.${imagesuffix}?width=300&amp;${httpparams}&quot;&gt;"><ent r="7" t="70" w="1364" /></phr></stem><stem n="popuptext"><phr n="popuptext"><ent r="7" t="70" w="1366" /><ent r="7" t="70" w="1396" /></phr></stem><stem n="*popuptext.html"><phr n="*popuptext.html"><ent r="7" t="70" w="1367" /></phr></stem><stem n="popuptext.html"><phr n="popuptext.html"><ent r="7" t="70" w="1367" /><ent r="7" t="70" w="1366" /><ent r="7" t="70" w="1397" /><ent r="7" t="70" w="1396" /></phr></stem><stem n="(these"><phr n="(these"><ent r="6" t="70" w="1382" /></phr></stem><stem n="formerli"><phr n="formerly"><ent r="6" t="70" w="1384" /></phr></stem><stem n="&quot;pop-up"><phr n="&quot;pop-up"><ent r="6" t="70" w="1386" /></phr></stem><stem n="pop"><phr n="pop"><ent r="6" t="70" w="1386" /></phr></stem><stem n="pop-up"><phr n="pop-up"><ent r="6" t="70" w="1386" /></phr></stem><stem n="{include:"><phr n="{include:"><ent r="7" t="70" w="1396" /></phr></stem><stem n="*popuptext.html}"><phr n="*popuptext.html}"><ent r="7" t="70" w="1398" /></phr></stem><stem n="&lt;pre&gt;"><phr n="&lt;pre&gt;"><ent r="7" t="70" w="1403" /></phr></stem><stem n="...&lt;/pre&gt;"><phr n="...&lt;/pre&gt;"><ent r="7" t="70" w="1405" /></phr></stem><stem n="&lt;/pre&gt;"><phr n="&lt;/pre&gt;"><ent r="7" t="70" w="1405" /><ent r="7" t="70" w="1404" /></phr></stem><stem n="pre&gt;"><phr n="pre&gt;"><ent r="7" t="70" w="1405" /></phr></stem><stem n="*map"><phr n="*map"><ent r="7" t="70" w="1409" /><ent r="4" t="70" w="1568" /></phr></stem><stem n="foreground"><phr n="foreground"><ent r="6" t="70" w="1422" /></phr></stem><stem n="&quot;foreground&quot;)"><phr n="&quot;foreground&quot;)"><ent r="6" t="70" w="1423" /></phr></stem><stem n="transpar"><phr n="transparent"><ent r="6" t="70" w="1429" /></phr></stem><stem n="imagemap"><phr n="imagemap"><ent r="6" t="70" w="1439" /><ent r="7" t="70" w="1521" /><ent r="6" t="70" w="1528" /><ent r="7" t="70" w="1557" /><ent r="4" t="70" w="1577" /></phr></stem><stem n="imagemap.html"><phr n="imagemap.html"><ent r="6" t="70" w="1440" /><ent r="6" t="70" w="1439" /><ent r="7" t="70" w="1522" /><ent r="7" t="70" w="1521" /><ent r="7" t="70" w="1558" /><ent r="7" t="70" w="1557" /></phr></stem><stem n="imagemap.html,"><phr n="imagemap.html,"><ent r="6" t="70" w="1440" /><ent r="6" t="70" w="1439" /></phr></stem><stem n="*imagemap.html,"><phr n="*imagemap.html,"><ent r="6" t="70" w="1441" /></phr></stem><stem n="auto-refresh"><phr n="auto-refresh"><ent r="6" t="70" w="1451" /><ent r="6" t="70" w="1505" /></phr></stem><stem n="-refresh."><phr n="-refresh."><ent r="6" t="70" w="1453" /><ent r="6" t="70" w="1453" /><ent r="6" t="70" w="1507" /><ent r="6" t="70" w="1507" /></phr></stem><stem n="httpdocument"><phr n="httpdocument"><ent r="7" t="70" w="1459" /><ent r="7" t="70" w="1513" /><ent r="7" t="70" w="1554" /><ent r="7" t="70" w="1895" /><ent r="7" t="70" w="1980" /></phr></stem><stem n="document/main"><phr n="document/main"><ent r="7" t="70" w="1461" /><ent r="7" t="70" w="1460" /><ent r="7" t="70" w="1515" /><ent r="7" t="70" w="1514" /><ent r="7" t="70" w="1556" /><ent r="7" t="70" w="1555" /></phr></stem><stem n="document/main/"><phr n="document/main/"><ent r="7" t="70" w="1461" /><ent r="7" t="70" w="1460" /><ent r="7" t="70" w="1515" /><ent r="7" t="70" w="1514" /><ent r="7" t="70" w="1556" /><ent r="7" t="70" w="1555" /></phr></stem><stem n="map.$"><phr n="map.$"><ent r="7" t="70" w="1463" /><ent r="7" t="70" w="1462" /></phr></stem><stem n="=&quot;/${httpdocument}/document/main/*map.${imagesuffix}?${timestamp}&quot;&gt;"><phr n="=&quot;/${httpdocument}/document/main/*map.${imagesuffix}?${timestamp}&quot;&gt;"><ent r="7" t="70" w="1467" /></phr></stem><stem n="*mapbg"><phr n="*mapbg"><ent r="7" t="70" w="1472" /><ent r="4" t="70" w="1573" /></phr></stem><stem n="mapbg"><phr n="mapbg"><ent r="7" t="70" w="1472" /><ent r="7" t="70" w="1516" /><ent r="4" t="70" w="1573" /></phr></stem><stem n="customer-select"><phr n="customer-selected"><ent r="6" t="70" w="1486" /></phr></stem><stem n="=&quot;/${httpdocument}/document/main/*mapbg?${timestamp}&quot;&gt;"><phr n="=&quot;/${httpdocument}/document/main/*mapbg?${timestamp}&quot;&gt;"><ent r="7" t="70" w="1519" /></phr></stem><stem n="*imagemap.html"><phr n="*imagemap.html"><ent r="7" t="70" w="1522" /></phr></stem><stem n="automatically-gener"><phr n="automatically-generated"><ent r="6" t="70" w="1544" /></phr></stem><stem n="(automatically-generated)"><phr n="(automatically-generated)"><ent r="6" t="70" w="1546" /></phr></stem><stem n="{include:/${httpdocument}/document/main/*imagemap.html}"><phr n="{include:/${httpdocument}/document/main/*imagemap.html}"><ent r="7" t="70" w="1559" /></phr></stem><stem n="*imagemap"><phr n="*imagemap"><ent r="4" t="70" w="1577" /></phr></stem><stem n="&lt;div&gt;"><phr n="&lt;div&gt;"><ent r="4" t="70" w="1583" /></phr></stem><stem n="superimpos"><phr n="superimposes"><ent r="4" t="70" w="1586" /></phr></stem><stem n="/web"><phr n="/Web"><ent r="4" t="70" w="1599" /></phr></stem><stem n="settings/web"><phr n="Settings/Web"><ent r="4" t="70" w="1599" /><ent r="4" t="70" w="1598" /></phr></stem><stem n="pages/permaphtml"><phr n="Pages/PerMapHTML"><ent r="4" t="70" w="1601" /><ent r="4" t="70" w="1600" /></phr></stem><stem n="permaphtml"><phr n="PerMapHTML"><ent r="4" t="70" w="1601" /><ent r="100" t="71" w="250" /><ent r="3" t="71" w="252" /><ent r="3" t="71" w="413" /></phr></stem><stem n="pages/permaphtml/map"><phr n="Pages/PerMapHTML/map"><ent r="4" t="70" w="1602" /><ent r="4" t="70" w="1600" /></phr></stem><stem n="/permaphtml/map.html"><phr n="/PerMapHTML/map.html"><ent r="4" t="70" w="1603" /></phr></stem><stem n="pages/permaphtml/map.html"><phr n="Pages/PerMapHTML/map.html"><ent r="4" t="70" w="1603" /><ent r="4" t="70" w="1600" /></phr></stem><stem n="advantag"><phr n="advantage"><ent r="3" t="70" w="1641" /></phr></stem><stem n="htmlrefreshmetatag"><phr n="Htmlrefreshmetatag"><ent r="100" t="70" w="1646" /></phr><phr n="htmlrefreshmetatag"><ent r="7" t="70" w="1649" /><ent r="7" t="70" w="1702" /><ent r="6" t="70" w="1751" /></phr></stem><stem n="{htmlrefreshmetatag}"><phr n="{htmlrefreshmetatag}"><ent r="7" t="70" w="1650" /><ent r="7" t="70" w="1703" /><ent r="6" t="70" w="1752" /></phr></stem><stem n="(insert"><phr n="(Inserts"><ent r="6" t="70" w="1664" /></phr></stem><stem n="-equiv"><phr n="-equiv"><ent r="100" t="70" w="1668" /><ent r="100" t="70" w="1668" /></phr></stem><stem n="http-equiv"><phr n="http-equiv"><ent r="100" t="70" w="1668" /><ent r="7" t="70" w="1672" /></phr></stem><stem n="equiv"><phr n="equiv"><ent r="100" t="70" w="1669" /><ent r="7" t="70" w="1673" /></phr></stem><stem n="&lt;meta"><phr n="&lt;meta"><ent r="7" t="70" w="1671" /></phr></stem><stem n="-equiv=&quot;refresh&quot;...&gt;"><phr n="-equiv=&quot;refresh&quot;...&gt;"><ent r="7" t="70" w="1675" /><ent r="7" t="70" w="1675" /></phr></stem><stem n="htmlrefreshmetaopt"><phr n="Htmlrefreshmetaoptions"><ent r="100" t="70" w="1683" /></phr><phr n="htmlrefreshmetaoptions"><ent r="7" t="70" w="1686" /><ent r="7" t="70" w="1725" /></phr></stem><stem n="{htmlrefreshmetaoptions}"><phr n="{htmlrefreshmetaoptions}"><ent r="7" t="70" w="1687" /><ent r="7" t="70" w="1726" /></phr></stem><stem n="&lt;form&gt;&lt;select&gt;"><phr n="&lt;form&gt;&lt;select&gt;"><ent r="7" t="70" w="1716" /><ent r="6" t="70" w="1765" /></phr></stem><stem n="&lt;/select&gt;&lt;"><phr n="&lt;/select&gt;&lt;"><ent r="7" t="70" w="1718" /><ent r="7" t="70" w="1717" /><ent r="6" t="70" w="1767" /><ent r="6" t="70" w="1766" /></phr></stem><stem n="select&gt;&lt;"><phr n="select&gt;&lt;"><ent r="7" t="70" w="1718" /><ent r="6" t="70" w="1767" /></phr></stem><stem n="...&lt;/select&gt;&lt;/form&gt;"><phr n="...&lt;/select&gt;&lt;/form&gt;"><ent r="7" t="70" w="1719" /><ent r="6" t="70" w="1768" /></phr></stem><stem n="&lt;/select&gt;&lt;/form&gt;"><phr n="&lt;/select&gt;&lt;/form&gt;"><ent r="7" t="70" w="1719" /><ent r="7" t="70" w="1717" /><ent r="6" t="70" w="1768" /><ent r="6" t="70" w="1766" /></phr></stem><stem n="form&gt;"><phr n="form&gt;"><ent r="7" t="70" w="1719" /><ent r="6" t="70" w="1768" /></phr></stem><stem n="surround"><phr n="surrounding"><ent r="6" t="70" w="1721" /></phr></stem><stem n="jsrefreshmetaopt"><phr n="jsrefreshmetaoptions"><ent r="100" t="70" w="1729" /></phr></stem><stem n="jsrefreshopt"><phr n="jsrefreshoptions"><ent r="6" t="70" w="1732" /></phr></stem><stem n="{jsrefreshoptions}"><phr n="{jsrefreshoptions}"><ent r="6" t="70" w="1733" /></phr></stem><stem n="javascript"><phr n="JavaScript"><ent r="5" t="70" w="1746" /></phr></stem><stem n="-escap"><phr n="-escaped"><ent r="3" t="70" w="1782" /><ent r="3" t="70" w="1782" /></phr></stem><stem n="fulli"><phr n="fully"><ent r="3" t="70" w="1782" /></phr></stem><stem n="fully-escap"><phr n="fully-escaped"><ent r="3" t="70" w="1782" /></phr></stem><stem n="&quot;?&quot;"><phr n="&quot;?&quot;"><ent r="3" t="70" w="1799" /></phr></stem><stem n="%3f"><phr n="%3F"><ent r="4" t="70" w="1801" /></phr></stem><stem n="localhost/map1"><phr n="Localhost/Map1"><ent r="100" t="70" w="1828" /><ent r="100" t="70" w="1827" /></phr><phr n="localhost/Map1"><ent r="4" t="70" w="1840" /><ent r="4" t="70" w="1839" /></phr></stem></index>