<?xml version="1.0" encoding="utf-8"?><index><stem n="&quot;220"><phr n="&quot;220"><ent r="3" t="37" w="1978" /><ent r="3" t="37" w="3892" /><ent r="3" t="37" w="4165" /><ent r="3" t="37" w="4197" /><ent r="3" t="37" w="4244" /><ent r="3" t="37" w="4304" /></phr></stem><stem n="expir"><phr n="expires"><ent r="3" t="37" w="2027" /><ent r="3" t="37" w="2498" /><ent r="3" t="37" w="3345" /></phr></stem><stem n=":cr-lf"><phr n=":CR-LF"><ent r="100" t="37" w="2193" /></phr></stem><stem n="-lf"><phr n="-LF"><ent r="100" t="37" w="2196" /><ent r="100" t="37" w="2196" /><ent r="4" t="37" w="2215" /><ent r="4" t="37" w="2215" /><ent r="3" t="37" w="3209" /><ent r="3" t="37" w="3209" /><ent r="100" t="39" w="220" /><ent r="100" t="39" w="220" /></phr></stem><stem n="regard"><phr n="regard"><ent r="4" t="37" w="2247" /></phr></stem><stem n=":scan"><phr n=":scanning"><ent r="100" t="37" w="2257" /></phr></stem><stem n="necessarili"><phr n="necessarily"><ent r="4" t="37" w="2273" /></phr></stem><stem n="broken"><phr n="broken"><ent r="4" t="37" w="2274" /></phr></stem><stem n="4096"><phr n="4096"><ent r="4" t="37" w="2287" /></phr></stem><stem n="'ve"><phr n="'ve"><ent r="3" t="37" w="2310" /></phr></stem><stem n="you'v"><phr n="you've"><ent r="3" t="37" w="2310" /><ent r="3" t="37" w="2309" /></phr></stem><stem n="ve"><phr n="ve"><ent r="3" t="37" w="2310" /></phr></stem><stem n="shouldn"><phr n="shouldn"><ent r="3" t="37" w="2321" /></phr></stem><stem n="shouldn't"><phr n="shouldn't"><ent r="3" t="37" w="2322" /><ent r="3" t="37" w="2321" /></phr></stem><stem n="restor"><phr n="restored"><ent r="3" t="37" w="2334" /></phr></stem><stem n="miss"><phr n="miss"><ent r="3" t="37" w="2338" /></phr><phr n="missing"><ent r="4" t="37" w="2626" /><ent r="3" t="71" w="169" /></phr></stem><stem n="tch"><phr n="TCH"><ent r="5" t="37" w="2362" /></phr></stem><stem n="&quot;331&quot;"><phr n="&quot;331&quot;"><ent r="3" t="37" w="2448" /><ent r="3" t="37" w="3914" /><ent r="3" t="37" w="4396" /></phr></stem><stem n="#16"><phr n="#16"><ent r="3" t="37" w="2448" /><ent r="3" t="37" w="3918" /><ent r="3" t="37" w="4400" /></phr></stem><stem n="&quot;3&quot;,"><phr n="&quot;3&quot;,"><ent r="4" t="37" w="2594" /></phr></stem><stem n="&quot;6&quot;."><phr n="&quot;6&quot;."><ent r="4" t="37" w="2599" /></phr></stem><stem n="golf"><phr n="golf"><ent r="4" t="37" w="2604" /></phr></stem><stem n="&quot;golf&quot;,"><phr n="&quot;golf&quot;,"><ent r="4" t="37" w="2605" /></phr></stem><stem n="&quot;3&quot;"><phr n="&quot;3&quot;"><ent r="4" t="37" w="2610" /><ent r="5" t="37" w="3533" /></phr></stem><stem n="yield"><phr n="yields"><ent r="4" t="37" w="2619" /></phr></stem><stem n="#${arg1}"><phr n="#${arg1}"><ent r="5" t="37" w="2691" /><ent r="3" t="37" w="2790" /></phr></stem><stem n="#${arg2}"><phr n="#${arg2}"><ent r="5" t="37" w="2693" /><ent r="3" t="37" w="2792" /></phr></stem><stem n="{arg1}"><phr n="{arg1}"><ent r="5" t="37" w="2708" /><ent r="4" t="37" w="2807" /><ent r="5" t="37" w="3063" /></phr></stem><stem n="{arg2}"><phr n="{arg2}"><ent r="5" t="37" w="2715" /><ent r="4" t="37" w="2815" /><ent r="5" t="37" w="3071" /></phr></stem><stem n="(repres"><phr n="(represented"><ent r="3" t="37" w="2833" /></phr></stem><stem n="{line}"><phr n="{LINE}"><ent r="4" t="37" w="2839" /></phr></stem><stem n="implicit"><phr n="implicit"><ent r="4" t="37" w="2864" /></phr></stem><stem n="&quot;${arg1}&quot;"><phr n="&quot;${arg1}&quot;"><ent r="5" t="37" w="3046" /></phr></stem><stem n="&quot;${arg2}&quot;"><phr n="&quot;${arg2}&quot;"><ent r="5" t="37" w="3048" /></phr></stem><stem n="con"><phr n="Con"><ent r="3" t="37" w="3091" /></phr></stem><stem n="enat"><phr n="enate"><ent r="3" t="37" w="3095" /></phr></stem><stem n="{name}"><phr n="{name}"><ent r="5" t="37" w="3121" /><ent r="5" t="37" w="3142" /></phr></stem><stem n="_long"><phr n="_LONG"><ent r="100" t="37" w="3128" /></phr></stem><stem n="too_long"><phr n="TOO_LONG"><ent r="100" t="37" w="3128" /><ent r="100" t="37" w="3127" /><ent r="5" t="37" w="3134" /><ent r="5" t="37" w="3133" /><ent r="4" t="37" w="3175" /><ent r="4" t="37" w="3174" /></phr></stem><stem n="&quot;flintstone&quot;"><phr n="&quot;Flintstone&quot;"><ent r="5" t="37" w="3133" /></phr></stem><stem n="@too_long"><phr n="@TOO_LONG"><ent r="5" t="37" w="3134" /><ent r="4" t="37" w="3175" /></phr></stem><stem n="fredflintston"><phr n="FredFlintstone"><ent r="4" t="37" w="3146" /></phr></stem><stem n="&quot;fredflintstone&quot;"><phr n="&quot;FredFlintstone&quot;"><ent r="4" t="37" w="3147" /></phr></stem><stem n="sum"><phr n="sum"><ent r="3" t="37" w="3153" /></phr></stem><stem n=",535"><phr n=",535"><ent r="3" t="37" w="3162" /><ent r="3" t="37" w="3555" /></phr></stem><stem n="65,535"><phr n="65,535"><ent r="3" t="37" w="3162" /><ent r="3" t="37" w="3161" /><ent r="3" t="37" w="3555" /><ent r="3" t="37" w="3554" /></phr></stem><stem n="535"><phr n="535"><ent r="3" t="37" w="3162" /><ent r="3" t="37" w="3555" /></phr></stem><stem n="explicitli"><phr n="explicitly"><ent r="3" t="37" w="3206" /><ent r="3" t="66" w="537" /></phr></stem><stem n="&quot;greetings!\r\n&quot;"><phr n="&quot;Greetings!\r\n&quot;"><ent r="4" t="37" w="3224" /></phr></stem><stem n="transmit"><phr n="transmits"><ent r="3" t="37" w="3225" /></phr></stem><stem n="&quot;greetings!&quot;"><phr n="&quot;Greetings!&quot;"><ent r="3" t="37" w="3229" /></phr></stem><stem n="-lf."><phr n="-LF."><ent r="3" t="37" w="3234" /><ent r="3" t="37" w="3234" /><ent r="3" t="39" w="269" /><ent r="3" t="39" w="269" /></phr></stem><stem n="unexpectedli"><phr n="unexpectedly"><ent r="3" t="37" w="3324" /><ent r="3" t="37" w="3827" /></phr></stem><stem n="#fail."><phr n="#fail."><ent r="3" t="37" w="3330" /></phr></stem><stem n="{variable}"><phr n="{variable}"><ent r="4" t="37" w="3494" /></phr></stem><stem n=":foobar"><phr n=":foobar"><ent r="100" t="37" w="3499" /></phr></stem><stem n="foobar"><phr n="foobar"><ent r="100" t="37" w="3499" /><ent r="5" t="37" w="3503" /><ent r="4" t="37" w="3513" /></phr></stem><stem n="&quot;foobar&quot;"><phr n="&quot;foobar&quot;"><ent r="5" t="37" w="3504" /></phr></stem><stem n="{fred}"><phr n="{fred}"><ent r="5" t="37" w="3528" /></phr></stem><stem n="&quot;3&quot;."><phr n="&quot;3&quot;."><ent r="4" t="37" w="3543" /></phr></stem><stem n="connecttim"><phr n="Connecttime"><ent r="100" t="37" w="3631" /></phr><phr n="connecttime"><ent r="5" t="37" w="3634" /><ent r="5" t="37" w="3640" /></phr></stem><stem n="&quot;connecttime&quot;"><phr n="&quot;connecttime&quot;"><ent r="5" t="37" w="3635" /></phr></stem><stem n="#secs:"><phr n="#secs:"><ent r="4" t="37" w="3704" /></phr></stem><stem n=":includ"><phr n=":include"><ent r="100" t="37" w="3708" /></phr></stem><stem n="#idlefail:"><phr n="#idlefail:"><ent r="4" t="37" w="3746" /></phr></stem><stem n="[link]"><phr n="[link]"><ent r="3" t="37" w="3810" /></phr></stem><stem n="#discfail:"><phr n="#discfail:"><ent r="4" t="37" w="3814" /></phr></stem><stem n=":annot"><phr n=":Annotated"><ent r="100" t="37" w="3864" /></phr></stem><stem n="#21"><phr n="#21"><ent r="3" t="37" w="3880" /><ent r="3" t="37" w="4108" /></phr></stem><stem n="(default"><phr n="(default"><ent r="3" t="37" w="3881" /><ent r="3" t="37" w="4109" /><ent r="4" t="55" w="281" /><ent r="4" t="55" w="300" /><ent r="4" t="55" w="317" /></phr></stem><stem n="04"><phr n="04"><ent r="3" t="37" w="3902" /><ent r="3" t="37" w="4323" /><ent r="3" t="55" w="845" /></phr></stem><stem n="&quot;user"><phr n="&quot;USER"><ent r="3" t="37" w="3904" /><ent r="3" t="37" w="4325" /></phr></stem><stem n="{user"><phr n="{User"><ent r="3" t="37" w="3906" /><ent r="3" t="37" w="4327" /></phr></stem><stem n="}\r\n&quot;"><phr n="}\r\n&quot;"><ent r="3" t="37" w="3910" /><ent r="3" t="37" w="4331" /><ent r="3" t="39" w="464" /></phr></stem><stem n="-2-"><phr n="-2-"><ent r="3" t="37" w="3916" /><ent r="3" t="37" w="3917" /><ent r="3" t="37" w="4010" /><ent r="3" t="37" w="4011" /><ent r="3" t="37" w="4398" /><ent r="3" t="37" w="4399" /><ent r="3" t="37" w="4463" /><ent r="3" t="37" w="4464" /></phr></stem><stem n="2-"><phr n="2-"><ent r="3" t="37" w="3916" /><ent r="3" t="37" w="4010" /><ent r="3" t="37" w="4398" /><ent r="3" t="37" w="4463" /></phr></stem><stem n="&quot;pass"><phr n="&quot;PASS"><ent r="3" t="37" w="3924" /></phr></stem><stem n="{password}\r\n&quot;"><phr n="{Password}\r\n&quot;"><ent r="3" t="37" w="3929" /></phr></stem><stem n="07"><phr n="07"><ent r="3" t="37" w="3930" /></phr></stem><stem n="230"><phr n="230"><ent r="3" t="37" w="3932" /></phr></stem><stem n="&quot;230&quot;"><phr n="&quot;230&quot;"><ent r="3" t="37" w="3933" /></phr></stem><stem n="-3-"><phr n="-3-"><ent r="3" t="37" w="3935" /><ent r="3" t="37" w="3936" /><ent r="3" t="37" w="4053" /><ent r="3" t="37" w="4054" /></phr></stem><stem n="3-"><phr n="3-"><ent r="3" t="37" w="3935" /><ent r="3" t="37" w="4053" /></phr></stem><stem n="#20"><phr n="#20"><ent r="3" t="37" w="3937" /></phr></stem><stem n="&quot;noop\r\n&quot;"><phr n="&quot;NOOP\r\n&quot;"><ent r="3" t="37" w="3946" /></phr></stem><stem n="09"><phr n="09"><ent r="3" t="37" w="3947" /><ent r="3" t="55" w="1130" /><ent r="3" t="64" w="406" /><ent r="3" t="64" w="444" /><ent r="3" t="64" w="467" /><ent r="3" t="64" w="490" /></phr></stem><stem n="200"><phr n="200"><ent r="3" t="37" w="3949" /><ent r="3" t="44" w="908" /><ent r="3" t="61" w="1224" /></phr></stem><stem n="&quot;200&quot;"><phr n="&quot;200&quot;"><ent r="3" t="37" w="3950" /><ent r="3" t="44" w="909" /></phr></stem><stem n="-4-"><phr n="-4-"><ent r="3" t="37" w="3952" /><ent r="3" t="37" w="3953" /></phr></stem><stem n="4-"><phr n="4-"><ent r="3" t="37" w="3952" /></phr></stem><stem n="#24"><phr n="#24"><ent r="3" t="37" w="3954" /></phr></stem><stem n="&quot;quit\r\n&quot;"><phr n="&quot;QUIT\r\n&quot;"><ent r="3" t="37" w="3961" /></phr></stem><stem n="221"><phr n="221"><ent r="3" t="37" w="3964" /></phr></stem><stem n="&quot;221&quot;"><phr n="&quot;221&quot;"><ent r="3" t="37" w="3965" /></phr></stem><stem n="#+1"><phr n="#+1"><ent r="3" t="37" w="3965" /></phr></stem><stem n="(i.e."><phr n="(i.e."><ent r="3" t="37" w="3968" /><ent r="3" t="56" w="378" /></phr></stem><stem n="&quot;[ftp]"><phr n="&quot;[FTP]"><ent r="3" t="37" w="3990" /><ent r="3" t="37" w="4022" /><ent r="3" t="37" w="4036" /><ent r="3" t="37" w="4066" /><ent r="3" t="37" w="4077" /><ent r="3" t="37" w="4092" /><ent r="3" t="37" w="4470" /><ent r="3" t="37" w="4484" /></phr></stem><stem n="{_remoteport}."><phr n="{_REMOTEPORT}."><ent r="3" t="37" w="3996" /></phr></stem><stem n="{_line:50})&quot;"><phr n="{_LINE:50})&quot;"><ent r="3" t="37" w="3999" /></phr></stem><stem n="&quot;500&quot;"><phr n="&quot;500&quot;"><ent r="3" t="37" w="4007" /><ent r="3" t="37" w="4460" /></phr></stem><stem n=":recogn"><phr n=":recognize"><ent r="100" t="37" w="4014" /></phr></stem><stem n="17"><phr n="17"><ent r="3" t="37" w="4018" /><ent r="3" t="37" w="4466" /><ent r="3" t="37" w="4578" /><ent r="3" t="54" w="489" /></phr></stem><stem n="'user'"><phr n="'USER'"><ent r="3" t="37" w="4030" /></phr></stem><stem n="(${_line:50})&quot;"><phr n="(${_LINE:50})&quot;"><ent r="3" t="37" w="4044" /><ent r="3" t="37" w="4085" /><ent r="3" t="37" w="4100" /><ent r="3" t="37" w="4492" /></phr></stem><stem n="530"><phr n="530"><ent r="3" t="37" w="4049" /></phr></stem><stem n="&quot;530&quot;"><phr n="&quot;530&quot;"><ent r="3" t="37" w="4050" /></phr></stem><stem n="incorrect"><phr n="Incorrect"><ent r="100" t="37" w="4056" /><ent r="3" t="37" w="4066" /></phr></stem><stem n="\&quot;${user"><phr n="\&quot;${User"><ent r="3" t="37" w="4070" /></phr></stem><stem n="}&quot;.&quot;"><phr n="}&quot;.&quot;"><ent r="3" t="37" w="4072" /></phr></stem><stem n="hear"><phr n="hear"><ent r="3" t="37" w="4154" /></phr></stem><stem n="our"><phr n="Our"><ent r="3" t="37" w="4190" /></phr><phr n="our"><ent r="4" t="41" w="336" /><ent r="3" t="52" w="119" /><ent r="3" t="62" w="105" /></phr></stem><stem n="220-"><phr n="220-"><ent r="3" t="37" w="4213" /></phr></stem><stem n="&quot;220-&quot;;"><phr n="&quot;220-&quot;;"><ent r="3" t="37" w="4215" /></phr></stem><stem n="dash"><phr n="dash"><ent r="3" t="37" w="4217" /></phr></stem><stem n="&quot;-1-&quot;"><phr n="&quot;-1-&quot;"><ent r="3" t="37" w="4262" /><ent r="3" t="37" w="4316" /></phr></stem><stem n="arbitrari"><phr n="arbitrary"><ent r="3" t="37" w="4264" /></phr></stem><stem n="destin"><phr n="destination"><ent r="3" t="37" w="4270" /><ent r="3" t="37" w="4321" /><ent r="4" t="55" w="279" /><ent r="3" t="61" w="65" /><ent r="3" t="61" w="99" /><ent r="3" t="61" w="125" /><ent r="3" t="61" w="129" /><ent r="3" t="61" w="239" /><ent r="3" t="61" w="334" /><ent r="4" t="61" w="450" /><ent r="3" t="61" w="808" /><ent r="6" t="68" w="157" /></phr></stem><stem n="-1-&quot;"><phr n="-1-&quot;"><ent r="3" t="37" w="4284" /><ent r="3" t="37" w="4285" /></phr></stem><stem n="(except"><phr n="(except"><ent r="3" t="37" w="4287" /></phr></stem><stem n=":carriage-return"><phr n=":carriage-return"><ent r="100" t="37" w="4336" /></phr></stem><stem n="carriage-return"><phr n="carriage-return"><ent r="100" t="37" w="4336" /><ent r="3" t="37" w="4375" /></phr><phr n="Carriage-return"><ent r="100" t="37" w="4339" /></phr></stem><stem n="-return"><phr n="-return"><ent r="100" t="37" w="4339" /><ent r="100" t="37" w="4339" /><ent r="3" t="37" w="4375" /><ent r="3" t="37" w="4375" /></phr></stem><stem n="&quot;anonymous&quot;."><phr n="&quot;anonymous&quot;."><ent r="3" t="37" w="4369" /></phr></stem><stem n="-feed"><phr n="-feed"><ent r="3" t="37" w="4378" /><ent r="3" t="37" w="4378" /></phr></stem><stem n="line-fe"><phr n="line-feed"><ent r="3" t="37" w="4378" /></phr></stem><stem n="feed"><phr n="feed"><ent r="3" t="37" w="4379" /><ent r="64" t="49" w="37" /><ent r="3" t="49" w="157" /><ent r="3" t="49" w="561" /></phr><phr n="feeds"><ent r="3" t="49" w="686" /></phr></stem><stem n="denot"><phr n="denote"><ent r="3" t="37" w="4388" /></phr></stem><stem n="[...]"><phr n="[...]"><ent r="3" t="37" w="4451" /></phr></stem><stem n="\&quot;user&quot;"><phr n="\&quot;USER&quot;"><ent r="3" t="37" w="4478" /></phr></stem><stem n="&quot;500&quot;,"><phr n="&quot;500&quot;,"><ent r="3" t="37" w="4527" /><ent r="3" t="37" w="4563" /><ent r="3" t="37" w="4601" /></phr></stem><stem n="accident"><phr n="accidentally"><ent r="3" t="37" w="4541" /></phr></stem><stem n="server'"><phr n="server's"><ent r="3" t="37" w="4559" /><ent r="3" t="37" w="4558" /><ent r="3" t="37" w="4595" /><ent r="3" t="37" w="4594" /><ent r="6" t="70" w="709" /><ent r="6" t="70" w="708" /></phr></stem><stem n="{line&quot;"><phr n="{LINE&quot;"><ent r="3" t="37" w="4625" /></phr></stem><stem n="varnam"><phr n="varname"><ent r="100" t="38" w="7" /><ent r="7" t="38" w="177" /><ent r="6" t="38" w="185" /><ent r="4" t="38" w="287" /></phr><phr n="Varname"><ent r="100" t="38" w="175" /></phr></stem><stem n=":respons"><phr n=":Response"><ent r="100" t="38" w="12" /></phr></stem><stem n=":measur"><phr n=":Measuring"><ent r="100" t="38" w="20" /></phr></stem><stem n="{_connect}"><phr n="{_connect}"><ent r="6" t="38" w="107" /><ent r="4" t="38" w="270" /><ent r="3" t="39" w="617" /></phr></stem><stem n="durat"><phr n="duration"><ent r="6" t="38" w="118" /><ent r="5" t="38" w="126" /></phr><phr n="Duration"><ent r="8" t="70" w="400" /></phr></stem><stem n="{_active}"><phr n="{_active}"><ent r="6" t="38" w="123" /><ent r="4" t="38" w="275" /><ent r="3" t="39" w="627" /></phr></stem><stem n="customtim"><phr n="Customtimer"><ent r="100" t="38" w="187" /></phr><phr n="customtimer"><ent r="5" t="38" w="195" /></phr></stem><stem n="accuraci"><phr n="Accuracy"><ent r="92" t="38" w="305" /></phr><phr n="accuracy"><ent r="4" t="38" w="359" /></phr></stem><stem n="(icmp"><phr n="(ICMP"><ent r="5" t="38" w="326" /></phr></stem><stem n="echo"><phr n="echoes"><ent r="5" t="38" w="329" /></phr><phr n="Echo"><ent r="3" t="44" w="861" /><ent r="3" t="44" w="925" /><ent r="3" t="44" w="934" /><ent r="3" t="61" w="923" /></phr><phr n="echo"><ent r="3" t="45" w="56" /><ent r="3" t="61" w="598" /><ent r="3" t="61" w="602" /><ent r="3" t="61" w="708" /><ent r="3" t="61" w="761" /><ent r="3" t="61" w="822" /></phr></stem><stem n="accur"><phr n="accurate"><ent r="4" t="38" w="335" /></phr></stem><stem n="moment"><phr n="moment"><ent r="4" t="38" w="347" /><ent r="3" t="42" w="85" /></phr></stem><stem n="udp-bas"><phr n="UDP-based"><ent r="5" t="38" w="362" /></phr></stem><stem n="task"><phr n="tasks"><ent r="4" t="38" w="403" /><ent r="3" t="57" w="138" /></phr><phr n="Task"><ent r="3" t="40" w="1211" /><ent r="3" t="41" w="452" /></phr></stem><stem n="/custom"><phr n="/Custom"><ent r="100" t="39" w="7" /><ent r="100" t="39" w="18" /></phr></stem><stem n="gb/custom"><phr n="GB/Custom"><ent r="100" t="39" w="7" /><ent r="100" t="39" w="6" /></phr></stem><stem n="/p"><phr n="/P"><ent r="100" t="39" w="10" /></phr></stem><stem n="probe/p"><phr n="Probe/P"><ent r="100" t="39" w="10" /><ent r="100" t="39" w="9" /></phr></stem><stem n="fileth"><phr n="FileThe"><ent r="100" t="39" w="15" /></phr></stem><stem n="b5/custom"><phr n="B5/Custom"><ent r="100" t="39" w="18" /><ent r="100" t="39" w="17" /></phr></stem><stem n="/0p"><phr n="/0P"><ent r="100" t="39" w="21" /></phr></stem><stem n="information/0p"><phr n="Information/0P"><ent r="100" t="39" w="21" /><ent r="100" t="39" w="20" /></phr></stem><stem n="wait/p"><phr n="Wait/p"><ent r="100" t="39" w="26" /><ent r="100" t="39" w="25" /><ent r="100" t="39" w="33" /><ent r="100" t="39" w="32" /></phr></stem><stem n=":wait/p:i/second"><phr n=":Wait/p:i/Seconds"><ent r="100" t="39" w="28" /></phr></stem><stem n="i/second"><phr n="i/Seconds"><ent r="100" t="39" w="28" /><ent r="100" t="39" w="27" /></phr></stem><stem n=":wait/p"><phr n=":Wait/p"><ent r="100" t="39" w="33" /></phr></stem><stem n="-provid"><phr n="-provided"><ent r="100" t="39" w="38" /><ent r="100" t="39" w="38" /><ent r="100" t="39" w="42" /><ent r="100" t="39" w="42" /><ent r="3" t="39" w="73" /><ent r="3" t="39" w="73" /></phr></stem><stem n="dartware-provid"><phr n="Dartware-provided"><ent r="100" t="39" w="38" /><ent r="100" t="39" w="42" /><ent r="100" t="39" w="56" /><ent r="3" t="39" w="73" /></phr></stem><stem n=":dartware-provid"><phr n=":Dartware-provided"><ent r="100" t="39" w="56" /></phr></stem><stem n="(com.dartware.tcp.custom)"><phr n="(com.dartware.tcp.custom)"><ent r="3" t="39" w="101" /></phr></stem><stem n="©"><phr n="©"><ent r="3" t="39" w="102" /></phr></stem><stem n="-2003"><phr n="-2003"><ent r="3" t="39" w="103" /><ent r="3" t="39" w="103" /></phr></stem><stem n="2000-2003"><phr n="2000-2003"><ent r="3" t="39" w="103" /></phr></stem><stem n="&quot;custom"><phr n="&quot;Custom"><ent r="3" t="39" w="145" /><ent r="3" t="61" w="1060" /></phr></stem><stem n="&quot;version"><phr n="&quot;version"><ent r="3" t="39" w="147" /></phr></stem><stem n="&quot;1.2&quot;"><phr n="&quot;1.2&quot;"><ent r="3" t="39" w="150" /><ent r="3" t="49" w="530" /></phr></stem><stem n="&quot;23&quot;"><phr n="&quot;23&quot;"><ent r="3" t="39" w="164" /></phr></stem><stem n="\gb\custom"><phr n="\GB\Custom"><ent r="3" t="39" w="168" /></phr></stem><stem n=":set"><phr n=":set"><ent r="100" t="39" w="174" /></phr></stem><stem n="six"><phr n="six"><ent r="3" t="39" w="208" /></phr></stem><stem n="\i\str"><phr n="\i\String"><ent r="3" t="39" w="224" /></phr></stem><stem n=":down"><phr n=":DOWN"><ent r="100" t="39" w="275" /></phr></stem><stem n="\i\second"><phr n="\i\Seconds"><ent r="3" t="39" w="278" /></phr></stem><stem n="\i\ok"><phr n="\i\OK"><ent r="3" t="39" w="320" /></phr></stem><stem n="&quot;ok"><phr n="&quot;ok"><ent r="3" t="39" w="332" /></phr><phr n="&quot;OK"><ent r="3" t="39" w="435" /></phr></stem><stem n="\i\warn"><phr n="\i\WARN"><ent r="3" t="39" w="356" /></phr></stem><stem n="\i\alrm"><phr n="\i\ALRM"><ent r="3" t="39" w="375" /></phr></stem><stem n="\i\down"><phr n="\i\DOWN"><ent r="3" t="39" w="394" /></phr></stem><stem n="&quot;string"><phr n="&quot;String"><ent r="3" t="39" w="428" /></phr></stem><stem n="&quot;30&quot;"><phr n="&quot;30&quot;"><ent r="3" t="39" w="435" /></phr></stem><stem n="&quot;warn"><phr n="&quot;WARN"><ent r="3" t="39" w="437" /></phr><phr n="&quot;Warning"><ent r="3" t="54" w="177" /></phr></stem><stem n="&quot;alrm"><phr n="&quot;ALRM"><ent r="3" t="39" w="439" /></phr></stem><stem n="&quot;down"><phr n="&quot;DOWN"><ent r="3" t="39" w="441" /></phr></stem><stem n="#60"><phr n="#60"><ent r="3" t="39" w="452" /></phr></stem><stem n="(connect"><phr n="(connect"><ent r="3" t="39" w="453" /></phr></stem><stem n="&quot;${string"><phr n="&quot;${String"><ent r="3" t="39" w="459" /></phr></stem><stem n="#${second"><phr n="#${Seconds"><ent r="3" t="39" w="471" /></phr></stem><stem n="&quot;.&quot;r"><phr n="&quot;.&quot;r"><ent r="3" t="39" w="483" /></phr></stem><stem n="@disconnect"><phr n="@DISCONNECT"><ent r="3" t="39" w="486" /></phr></stem><stem n="&quot;${ok"><phr n="&quot;${OK"><ent r="3" t="39" w="492" /></phr></stem><stem n="&quot;[custom]"><phr n="&quot;[Custom]"><ent r="3" t="39" w="503" /><ent r="3" t="39" w="521" /><ent r="3" t="39" w="539" /><ent r="3" t="39" w="557" /><ent r="3" t="39" w="569" /><ent r="3" t="39" w="589" /></phr></stem><stem n="\&quot;${_line:50}\&quot;.&quot;"><phr n="\&quot;${_LINE:50}\&quot;.&quot;"><ent r="3" t="39" w="508" /><ent r="3" t="39" w="526" /><ent r="3" t="39" w="544" /><ent r="3" t="39" w="562" /></phr></stem><stem n="&quot;${alrm"><phr n="&quot;${ALRM"><ent r="3" t="39" w="528" /></phr></stem><stem n="&quot;${down"><phr n="&quot;${DOWN"><ent r="3" t="39" w="546" /></phr></stem><stem n="@idle:"><phr n="@IDLE:"><ent r="3" t="39" w="563" /></phr></stem><stem n="{second"><phr n="{Seconds"><ent r="3" t="39" w="578" /></phr></stem><stem n="[line"><phr n="[Line"><ent r="3" t="39" w="582" /></phr></stem><stem n="{_idleline}]&quot;"><phr n="{_IDLELINE}]&quot;"><ent r="3" t="39" w="585" /></phr></stem><stem n="@disconnect:"><phr n="@DISCONNECT:"><ent r="3" t="39" w="586" /></phr></stem><stem n="\4\time"><phr n="\4\Time"><ent r="3" t="39" w="610" /><ent r="3" t="39" w="619" /></phr></stem><stem n="/script-output&gt;"><phr n="/script-output&gt;"><ent r="3" t="39" w="629" /></phr></stem><stem n="script-output&gt;"><phr n="script-output&gt;"><ent r="3" t="39" w="629" /></phr></stem><stem n="=&quot;cmd-line&quot;"><phr n="=&quot;cmd-line&quot;"><ent r="3" t="40" w="23" /><ent r="3" t="46" w="303" /></phr></stem><stem n="(written"><phr n="(written"><ent r="3" t="40" w="40" /></phr></stem><stem n="c++"><phr n="C++"><ent r="3" t="40" w="44" /><ent r="4" t="40" w="979" /></phr></stem><stem n="favorit"><phr n="favorite"><ent r="3" t="40" w="47" /></phr></stem><stem n="program'"><phr n="program's"><ent r="3" t="40" w="51" /><ent r="3" t="40" w="50" /></phr></stem><stem n=":command-lin"><phr n=":Command-line"><ent r="100" t="40" w="65" /><ent r="100" t="40" w="377" /></phr></stem><stem n=":intermapp"><phr n=":InterMapper"><ent r="100" t="40" w="69" /></phr></stem><stem n="-line:cr"><phr n="-line:Create"><ent r="100" t="40" w="80" /><ent r="100" t="40" w="80" /></phr></stem><stem n="daemon"><phr n="Daemon"><ent r="100" t="40" w="86" /></phr></stem><stem n="64k"><phr n="64k"><ent r="3" t="40" w="358" /></phr></stem><stem n=":program/script"><phr n=":program/script"><ent r="100" t="40" w="364" /></phr></stem><stem n="program/script"><phr n="program/script"><ent r="100" t="40" w="364" /><ent r="100" t="40" w="363" /></phr><phr n="Program/script"><ent r="100" t="40" w="370" /><ent r="100" t="40" w="369" /><ent r="100" t="40" w="373" /><ent r="100" t="40" w="372" /></phr></stem><stem n="/script"><phr n="/script"><ent r="100" t="40" w="370" /></phr></stem><stem n="/script:nam"><phr n="/script:name"><ent r="100" t="40" w="374" /></phr></stem><stem n="nagios®"><phr n="Nagios®"><ent r="65" t="40" w="397" /><ent r="3" t="45" w="236" /><ent r="4" t="47" w="23" /><ent r="3" t="47" w="711" /></phr></stem><stem n="/compil"><phr n="/compile"><ent r="100" t="40" w="415" /><ent r="3" t="40" w="437" /><ent r="100" t="47" w="65" /><ent r="3" t="47" w="77" /></phr></stem><stem n="build/compil"><phr n="Build/compile"><ent r="100" t="40" w="415" /><ent r="100" t="40" w="414" /><ent r="100" t="47" w="65" /><ent r="100" t="47" w="64" /></phr><phr n="build/compile"><ent r="3" t="40" w="437" /><ent r="3" t="40" w="436" /><ent r="3" t="47" w="77" /><ent r="3" t="47" w="76" /></phr></stem><stem n="compil"><phr n="compile"><ent r="100" t="40" w="415" /><ent r="3" t="40" w="437" /><ent r="4" t="40" w="985" /><ent r="100" t="47" w="65" /><ent r="3" t="47" w="77" /></phr><phr n="compiled"><ent r="3" t="44" w="426" /></phr></stem><stem n="download"><phr n="download"><ent r="3" t="40" w="431" /><ent r="3" t="47" w="71" /><ent r="3" t="56" w="730" /><ent r="64" t="62" w="115" /><ent r="64" t="63" w="43" /><ent r="64" t="75" w="30" /></phr><phr n="Download"><ent r="4" t="47" w="257" /><ent r="4" t="50" w="55" /></phr><phr n="downloads"><ent r="3" t="62" w="106" /></phr></stem><stem n="yourself"><phr n="yourself"><ent r="3" t="40" w="439" /><ent r="3" t="47" w="79" /></phr></stem><stem n="guidelin"><phr n="guidelines"><ent r="64" t="40" w="458" /><ent r="3" t="47" w="396" /><ent r="64" t="47" w="407" /></phr><phr n="Guidelines"><ent r="3" t="47" w="432" /><ent r="4" t="47" w="453" /><ent r="4" t="47" w="525" /><ent r="4" t="47" w="573" /><ent r="4" t="47" w="816" /></phr></stem><stem n="/plugin"><phr n="/plugins"><ent r="3" t="40" w="467" /><ent r="100" t="40" w="477" /><ent r="100" t="47" w="411" /><ent r="3" t="47" w="418" /></phr></stem><stem n="probes/plugin"><phr n="probes/plugins"><ent r="3" t="40" w="467" /><ent r="3" t="40" w="466" /><ent r="3" t="47" w="418" /><ent r="3" t="47" w="417" /></phr><phr n="Probes/plugins"><ent r="100" t="40" w="477" /><ent r="100" t="40" w="476" /><ent r="100" t="47" w="411" /><ent r="100" t="47" w="410" /></phr></stem><stem n="shell"><phr n="shell"><ent r="3" t="40" w="505" /><ent r="3" t="40" w="1090" /><ent r="3" t="43" w="95" /><ent r="3" t="45" w="13" /><ent r="3" t="45" w="54" /><ent r="3" t="45" w="140" /><ent r="5" t="61" w="32" /><ent r="82" t="61" w="220" /><ent r="3" t="61" w="225" /></phr></stem><stem n="emb"><phr n="embed"><ent r="3" t="40" w="522" /><ent r="4" t="40" w="1010" /><ent r="3" t="44" w="23" /></phr></stem><stem n="deliv"><phr n="deliver"><ent r="3" t="40" w="535" /></phr><phr n="delivered"><ent r="3" t="65" w="63" /></phr></stem><stem n="ensur"><phr n="ensuring"><ent r="3" t="40" w="551" /></phr></stem><stem n="success/failur"><phr n="success/failure"><ent r="4" t="40" w="677" /><ent r="4" t="40" w="676" /></phr></stem><stem n="success/failure/sever"><phr n="success/failure/severity"><ent r="4" t="40" w="678" /><ent r="4" t="40" w="676" /></phr></stem><stem n="success/failure/severity."><phr n="success/failure/severity."><ent r="4" t="40" w="678" /><ent r="4" t="40" w="676" /></phr></stem><stem n="/failure/severity."><phr n="/failure/severity."><ent r="4" t="40" w="679" /></phr></stem><stem n="discov"><phr n="discovered"><ent r="4" t="40" w="705" /></phr></stem><stem n="stdout"><phr n="stdout"><ent r="5" t="40" w="718" /><ent r="4" t="40" w="796" /><ent r="3" t="40" w="866" /><ent r="3" t="47" w="161" /><ent r="4" t="47" w="789" /></phr><phr n="STDOUT"><ent r="5" t="47" w="483" /></phr></stem><stem n="&quot;\{&quot;"><phr n="&quot;\{&quot;"><ent r="4" t="40" w="731" /></phr></stem><stem n="&quot;}&quot;"><phr n="&quot;}&quot;"><ent r="4" t="40" w="731" /><ent r="4" t="40" w="803" /></phr></stem><stem n=".these"><phr n=".These"><ent r="4" t="40" w="732" /></phr></stem><stem n="characters.thes"><phr n="characters.These"><ent r="4" t="40" w="732" /><ent r="4" t="40" w="731" /></phr></stem><stem n="name-valu"><phr n="name-value"><ent r="5" t="40" w="754" /></phr></stem><stem n="&lt;name&gt;"><phr n="&lt;name&gt;"><ent r="3" t="40" w="762" /></phr></stem><stem n="&lt;value&gt;"><phr n="&lt;value&gt;"><ent r="3" t="40" w="763" /></phr></stem><stem n="$rtt"><phr n="$rtt"><ent r="4" t="40" w="823" /><ent r="3" t="40" w="846" /></phr></stem><stem n="$hop"><phr n="$hop"><ent r="4" t="40" w="827" /><ent r="3" t="40" w="848" /></phr></stem><stem n="\{"><phr n="\{"><ent r="3" t="40" w="846" /></phr></stem><stem n="signific"><phr n="significant"><ent r="3" t="40" w="861" /><ent r="3" t="74" w="38" /></phr></stem><stem n=":instal"><phr n=":Installing"><ent r="100" t="40" w="894" /><ent r="100" t="50" w="39" /></phr></stem><stem n="-interpret"><phr n="-interpreted"><ent r="100" t="40" w="928" /><ent r="100" t="40" w="928" /><ent r="4" t="40" w="982" /><ent r="4" t="40" w="982" /></phr></stem><stem n="non-interpret"><phr n="Non-interpreted"><ent r="100" t="40" w="928" /></phr><phr n="non-interpreted"><ent r="4" t="40" w="982" /></phr></stem></index>