<?xml version="1.0" encoding="utf-8"?><index><stem n="mib-2"><phr n="MIB-2"><ent r="100" t="18" w="67" /><ent r="100" t="18" w="71" /><ent r="4" t="18" w="80" /><ent r="100" t="25" w="104" /><ent r="100" t="25" w="108" /><ent r="4" t="25" w="117" /></phr></stem><stem n="=&quot;get-request&quot;"><phr n="=&quot;get-request&quot;"><ent r="5" t="18" w="89" /><ent r="3" t="18" w="192" /><ent r="5" t="25" w="124" /></phr></stem><stem n="-request"><phr n="-Request"><ent r="100" t="18" w="91" /><ent r="100" t="18" w="91" /><ent r="100" t="25" w="126" /><ent r="100" t="25" w="126" /></phr><phr n="-request"><ent r="3" t="26" w="813" /><ent r="3" t="26" w="813" /></phr></stem><stem n="-request,"><phr n="-Request,"><ent r="4" t="18" w="103" /><ent r="4" t="18" w="103" /><ent r="4" t="25" w="138" /><ent r="4" t="25" w="138" /></phr></stem><stem n="apcup"><phr n="apcups"><ent r="5" t="18" w="110" /><ent r="100" t="18" w="114" /><ent r="4" t="18" w="126" /><ent r="3" t="18" w="193" /><ent r="3" t="25" w="64" /><ent r="5" t="25" w="145" /><ent r="100" t="25" w="149" /><ent r="4" t="25" w="161" /></phr></stem><stem n="=&quot;false&quot;"><phr n="=&quot;false&quot;"><ent r="5" t="18" w="112" /><ent r="3" t="18" w="195" /><ent r="5" t="25" w="147" /></phr></stem><stem n=":apc-up"><phr n=":APC-UPS"><ent r="100" t="18" w="117" /><ent r="100" t="25" w="152" /></phr></stem><stem n="apc-up"><phr n="APC-UPS"><ent r="100" t="18" w="117" /><ent r="100" t="18" w="121" /><ent r="4" t="18" w="134" /><ent r="100" t="25" w="152" /><ent r="100" t="25" w="156" /><ent r="4" t="25" w="169" /></phr></stem><stem n="-up"><phr n="-UPS"><ent r="100" t="18" w="121" /><ent r="100" t="18" w="121" /><ent r="4" t="18" w="134" /><ent r="4" t="18" w="134" /><ent r="100" t="25" w="156" /><ent r="100" t="25" w="156" /><ent r="4" t="25" w="169" /><ent r="4" t="25" w="169" /></phr></stem><stem n="-detect"><phr n="-detect"><ent r="4" t="18" w="141" /><ent r="4" t="18" w="141" /><ent r="4" t="25" w="176" /><ent r="4" t="25" w="176" /></phr></stem><stem n="auto-detect"><phr n="auto-detect"><ent r="4" t="18" w="141" /><ent r="4" t="25" w="176" /></phr></stem><stem n="maxvar"><phr n="Maxvars"><ent r="100" t="18" w="146" /><ent r="100" t="25" w="50" /></phr><phr n="maxvars"><ent r="5" t="18" w="148" /><ent r="4" t="18" w="151" /><ent r="4" t="18" w="172" /><ent r="4" t="18" w="180" /><ent r="3" t="18" w="196" /><ent r="3" t="25" w="66" /><ent r="5" t="25" w="181" /><ent r="4" t="25" w="184" /><ent r="4" t="25" w="205" /><ent r="4" t="25" w="213" /></phr></stem><stem n="=&quot;10&quot;"><phr n="=&quot;10&quot;"><ent r="5" t="18" w="150" /><ent r="3" t="18" w="198" /><ent r="5" t="25" w="183" /></phr></stem><stem n="cycl"><phr n="cycle"><ent r="3" t="19" w="77" /></phr></stem><stem n="refresh"><phr n="refreshed"><ent r="3" t="19" w="81" /></phr><phr n="Refresh"><ent r="3" t="19" w="432" /></phr><phr n="refresh"><ent r="4" t="22" w="841" /><ent r="6" t="68" w="750" /><ent r="6" t="70" w="1452" /><ent r="6" t="70" w="1506" /><ent r="3" t="70" w="1624" /><ent r="6" t="70" w="1658" /><ent r="7" t="70" w="1674" /></phr><phr n="refreshes"><ent r="65" t="70" w="105" /><ent r="93" t="70" w="1616" /></phr></stem><stem n="imag"><phr n="image"><ent r="3" t="19" w="88" /><ent r="3" t="19" w="391" /><ent r="3" t="47" w="692" /><ent r="3" t="58" w="378" /><ent r="4" t="66" w="574" /><ent r="6" t="70" w="1178" /><ent r="6" t="70" w="1293" /><ent r="6" t="70" w="1414" /><ent r="6" t="70" w="1435" /><ent r="6" t="70" w="1478" /><ent r="6" t="70" w="1494" /><ent r="6" t="70" w="1534" /><ent r="6" t="70" w="1538" /><ent r="6" t="70" w="1546" /><ent r="3" t="72" w="113" /></phr><phr n="images"><ent r="65" t="70" w="93" /><ent r="6" t="70" w="824" /><ent r="93" t="70" w="1152" /><ent r="7" t="70" w="1195" /><ent r="6" t="70" w="1227" /><ent r="6" t="70" w="1269" /><ent r="3" t="71" w="222" /><ent r="3" t="71" w="230" /></phr></stem><stem n="dig"><phr n="digging"><ent r="3" t="19" w="103" /></phr></stem><stem n="suspect"><phr n="suspect"><ent r="3" t="19" w="110" /></phr></stem><stem n="rout"><phr n="routing"><ent r="3" t="19" w="125" /></phr></stem><stem n="arp"><phr n="ARP"><ent r="3" t="19" w="127" /><ent r="3" t="19" w="1852" /></phr></stem><stem n="statist"><phr n="statistics"><ent r="3" t="19" w="131" /><ent r="6" t="70" w="679" /></phr></stem><stem n="kept"><phr n="kept"><ent r="3" t="19" w="135" /></phr></stem><stem n="background"><phr n="Background"><ent r="92" t="19" w="139" /></phr><phr n="background"><ent r="6" t="70" w="1430" /><ent r="6" t="70" w="1477" /><ent r="6" t="70" w="1488" /></phr></stem><stem n="(that"><phr n="(that"><ent r="4" t="19" w="164" /><ent r="3" t="71" w="331" /></phr></stem><stem n="firmwar"><phr n="firmware"><ent r="4" t="19" w="170" /><ent r="3" t="24" w="2811" /></phr><phr n="Firmware"><ent r="3" t="24" w="2824" /></phr></stem><stem n="(number"><phr n="(number"><ent r="4" t="19" w="173" /><ent r="4" t="19" w="177" /></phr></stem><stem n="(cpu"><phr n="(CPU"><ent r="4" t="19" w="181" /></phr></stem><stem n="entiti"><phr n="entities"><ent r="4" t="19" w="195" /><ent r="4" t="19" w="200" /></phr><phr n="entity"><ent r="4" t="19" w="223" /><ent r="4" t="19" w="244" /></phr></stem><stem n="machin"><phr n="machines"><ent r="4" t="19" w="217" /></phr><phr n="machine"><ent r="3" t="61" w="126" /></phr></stem><stem n="entity'"><phr n="entity's"><ent r="4" t="19" w="224" /><ent r="4" t="19" w="223" /></phr></stem><stem n="themselv"><phr n="themselves"><ent r="4" t="19" w="237" /><ent r="4" t="40" w="751" /><ent r="3" t="52" w="47" /></phr></stem><stem n="&quot;entry&quot;"><phr n="&quot;entry&quot;"><ent r="4" t="19" w="252" /></phr></stem><stem n="prefix"><phr n="prefix"><ent r="4" t="19" w="262" /><ent r="3" t="19" w="1419" /><ent r="3" t="19" w="1470" /><ent r="3" t="55" w="403" /><ent r="3" t="55" w="832" /><ent r="3" t="56" w="185" /></phr></stem><stem n="plu"><phr n="plus"><ent r="4" t="19" w="263" /><ent r="4" t="19" w="1573" /><ent r="3" t="26" w="767" /><ent r="3" t="26" w="773" /><ent r="3" t="49" w="802" /><ent r="3" t="56" w="727" /></phr><phr n="Plus"><ent r="5" t="50" w="82" /></phr></stem><stem n="&quot;iftable&quot;"><phr n="&quot;ifTable&quot;"><ent r="3" t="19" w="282" /></phr></stem><stem n="ifentri"><phr n="ifEntry"><ent r="3" t="19" w="301" /><ent r="4" t="19" w="347" /><ent r="4" t="19" w="361" /></phr></stem><stem n="[ifindex]"><phr n="[ifIndex]"><ent r="3" t="19" w="303" /></phr></stem><stem n="&quot;interfac"><phr n="&quot;Interface"><ent r="3" t="19" w="305" /><ent r="3" t="19" w="595" /><ent r="3" t="19" w="1056" /><ent r="3" t="19" w="1346" /></phr><phr n="&quot;interface"><ent r="3" t="19" w="458" /></phr></stem><stem n="&quot;description&quot;"><phr n="&quot;Description&quot;"><ent r="3" t="19" w="309" /><ent r="3" t="19" w="618" /><ent r="3" t="19" w="1065" /></phr></stem><stem n="&quot;link"><phr n="&quot;Link"><ent r="3" t="19" w="311" /><ent r="3" t="19" w="314" /><ent r="3" t="19" w="638" /><ent r="3" t="19" w="660" /><ent r="3" t="19" w="1092" /><ent r="3" t="19" w="1100" /></phr></stem><stem n="ifspe"><phr n="ifSpeed"><ent r="3" t="19" w="313" /><ent r="3" t="19" w="484" /><ent r="3" t="19" w="503" /><ent r="3" t="19" w="514" /><ent r="3" t="19" w="648" /><ent r="4" t="19" w="865" /><ent r="3" t="19" w="1095" /><ent r="3" t="19" w="1098" /></phr></stem><stem n="speed"><phr n="speed"><ent r="3" t="19" w="315" /><ent r="82" t="22" w="1036" /></phr><phr n="Speed"><ent r="3" t="19" w="661" /><ent r="3" t="19" w="1101" /></phr></stem><stem n="ifphysaddress"><phr n="ifPhysAddress"><ent r="3" t="19" w="316" /><ent r="3" t="19" w="670" /><ent r="3" t="19" w="671" /><ent r="4" t="19" w="894" /><ent r="3" t="19" w="1112" /><ent r="3" t="19" w="1115" /></phr></stem><stem n="&quot;mac"><phr n="&quot;MAC"><ent r="3" t="19" w="317" /><ent r="3" t="19" w="673" /><ent r="3" t="19" w="1117" /></phr></stem><stem n="mac"><phr n="MAC"><ent r="3" t="19" w="317" /><ent r="3" t="19" w="673" /><ent r="3" t="19" w="1117" /><ent r="3" t="19" w="1360" /></phr><phr n="Mac"><ent r="4" t="24" w="2482" /><ent r="100" t="40" w="88" /><ent r="4" t="41" w="158" /><ent r="3" t="49" w="766" /><ent r="3" t="56" w="509" /></phr></stem><stem n="&quot;oper"><phr n="&quot;Operational"><ent r="3" t="19" w="320" /></phr></stem><stem n="ifadminstatu"><phr n="ifAdminStatus"><ent r="3" t="19" w="322" /><ent r="3" t="19" w="380" /><ent r="3" t="19" w="698" /><ent r="3" t="19" w="699" /><ent r="4" t="19" w="897" /><ent r="3" t="19" w="1129" /><ent r="3" t="19" w="1132" /></phr></stem><stem n="&quot;administr"><phr n="&quot;Administrative"><ent r="3" t="19" w="323" /></phr></stem><stem n="administr"><phr n="Administrative"><ent r="3" t="19" w="323" /></phr><phr n="Administrators"><ent r="100" t="65" w="235" /><ent r="4" t="65" w="244" /></phr><phr n="administrator"><ent r="6" t="70" w="536" /><ent r="6" t="70" w="986" /></phr></stem><stem n="(each"><phr n="(each"><ent r="3" t="19" w="359" /></phr></stem><stem n="(at"><phr n="(at"><ent r="3" t="19" w="421" /></phr></stem><stem n="loos"><phr n="loosely"><ent r="3" t="19" w="461" /></phr></stem><stem n=".3"><phr n=".3"><ent r="3" t="19" w="485" /><ent r="3" t="55" w="834" /><ent r="3" t="56" w="109" /><ent r="3" t="56" w="187" /></phr></stem><stem n="ifspeed.3"><phr n="ifSpeed.3"><ent r="3" t="19" w="485" /><ent r="3" t="19" w="484" /></phr></stem><stem n="1.3.6.1.2.1.2.2.1.3"><phr n="1.3.6.1.2.1.2.2.1.3"><ent r="3" t="19" w="498" /><ent r="3" t="19" w="489" /><ent r="3" t="19" w="636" /><ent r="3" t="19" w="627" /><ent r="3" t="54" w="521" /><ent r="3" t="54" w="512" /></phr></stem><stem n=".3.6.1.2.1.2.2.1.3)"><phr n=".3.6.1.2.1.2.2.1.3)"><ent r="3" t="19" w="499" /></phr></stem><stem n="&quot;column"><phr n="&quot;column"><ent r="3" t="19" w="511" /></phr></stem><stem n="(1.3.6.1.2.1.2.2.1),"><phr n="(1.3.6.1.2.1.2.2.1),"><ent r="3" t="19" w="524" /></phr></stem><stem n="&quot;.3&quot;."><phr n="&quot;.3&quot;."><ent r="3" t="19" w="530" /></phr></stem><stem n="mirror"><phr n="mirrors"><ent r="3" t="19" w="543" /></phr></stem><stem n="&quot;inform"><phr n="&quot;Information"><ent r="3" t="19" w="576" /></phr></stem><stem n="iftable/ifindex"><phr n="ifTable/ifIndex"><ent r="3" t="19" w="583" /><ent r="3" t="19" w="582" /></phr></stem><stem n="iftable/ifindex,"><phr n="ifTable/ifIndex,"><ent r="3" t="19" w="583" /><ent r="3" t="19" w="582" /></phr></stem><stem n="/ifindex,"><phr n="/ifIndex,"><ent r="3" t="19" w="584" /><ent r="3" t="19" w="1052" /><ent r="3" t="19" w="1646" /></phr></stem><stem n="1.3.6.1.2.1.2.2.1.1"><phr n="1.3.6.1.2.1.2.2.1.1"><ent r="3" t="19" w="593" /><ent r="3" t="19" w="584" /><ent r="3" t="55" w="1094" /><ent r="3" t="55" w="1085" /><ent r="3" t="55" w="1112" /><ent r="3" t="55" w="1103" /></phr></stem><stem n="1.3.6.1.2.1.2.2.1.1,"><phr n="1.3.6.1.2.1.2.2.1.1,"><ent r="3" t="19" w="593" /><ent r="3" t="19" w="584" /></phr></stem><stem n=".3.6.1.2.1.2.2.1.1,"><phr n=".3.6.1.2.1.2.2.1.1,"><ent r="3" t="19" w="594" /></phr></stem><stem n="iftable/ifdescr"><phr n="ifTable/ifDescr"><ent r="3" t="19" w="605" /><ent r="3" t="19" w="604" /></phr></stem><stem n="iftable/ifdescr,"><phr n="ifTable/ifDescr,"><ent r="3" t="19" w="605" /><ent r="3" t="19" w="604" /></phr></stem><stem n="/ifdescr,"><phr n="/ifDescr,"><ent r="3" t="19" w="606" /><ent r="3" t="19" w="1060" /></phr></stem><stem n="1.3.6.1.2.1.2.2.1.2"><phr n="1.3.6.1.2.1.2.2.1.2"><ent r="3" t="19" w="615" /><ent r="3" t="19" w="606" /><ent r="3" t="54" w="509" /><ent r="3" t="54" w="500" /><ent r="3" t="54" w="552" /><ent r="3" t="54" w="543" /></phr></stem><stem n="1.3.6.1.2.1.2.2.1.2,"><phr n="1.3.6.1.2.1.2.2.1.2,"><ent r="3" t="19" w="615" /><ent r="3" t="19" w="606" /></phr></stem><stem n=".3.6.1.2.1.2.2.1.2,"><phr n=".3.6.1.2.1.2.2.1.2,"><ent r="3" t="19" w="616" /></phr></stem><stem n="iftable/iftyp"><phr n="ifTable/ifType"><ent r="3" t="19" w="626" /><ent r="3" t="19" w="625" /></phr></stem><stem n="iftable/iftype,"><phr n="ifTable/ifType,"><ent r="3" t="19" w="626" /><ent r="3" t="19" w="625" /></phr></stem><stem n="/iftype,"><phr n="/ifType,"><ent r="3" t="19" w="627" /><ent r="3" t="19" w="1088" /></phr></stem><stem n="1.3.6.1.2.1.2.2.1.3,"><phr n="1.3.6.1.2.1.2.2.1.3,"><ent r="3" t="19" w="636" /><ent r="3" t="19" w="627" /></phr></stem><stem n=".3.6.1.2.1.2.2.1.3,"><phr n=".3.6.1.2.1.2.2.1.3,"><ent r="3" t="19" w="637" /></phr></stem><stem n="iftable/ifspe"><phr n="ifTable/ifSpeed"><ent r="3" t="19" w="648" /><ent r="3" t="19" w="647" /></phr></stem><stem n="iftable/ifspeed,"><phr n="ifTable/ifSpeed,"><ent r="3" t="19" w="648" /><ent r="3" t="19" w="647" /></phr></stem><stem n="/ifspeed,"><phr n="/ifSpeed,"><ent r="3" t="19" w="649" /><ent r="3" t="19" w="1096" /></phr></stem><stem n="1.3.6.1.2.1.2.2.1.5"><phr n="1.3.6.1.2.1.2.2.1.5"><ent r="3" t="19" w="658" /><ent r="3" t="19" w="649" /></phr></stem><stem n="1.3.6.1.2.1.2.2.1.5,"><phr n="1.3.6.1.2.1.2.2.1.5,"><ent r="3" t="19" w="658" /><ent r="3" t="19" w="649" /></phr></stem><stem n=".3.6.1.2.1.2.2.1.5,"><phr n=".3.6.1.2.1.2.2.1.5,"><ent r="3" t="19" w="659" /></phr></stem><stem n="iftable/ifphysaddress"><phr n="ifTable/ifPhysAddress"><ent r="3" t="19" w="670" /><ent r="3" t="19" w="669" /></phr></stem><stem n="iftable/ifphysaddress,"><phr n="ifTable/ifPhysAddress,"><ent r="3" t="19" w="670" /><ent r="3" t="19" w="669" /></phr></stem><stem n="/ifphysaddress,"><phr n="/ifPhysAddress,"><ent r="3" t="19" w="671" /><ent r="3" t="19" w="1113" /></phr></stem><stem n="iftable/ifoperstatu"><phr n="ifTable/ifOperStatus"><ent r="3" t="19" w="684" /><ent r="3" t="19" w="683" /></phr></stem><stem n="iftable/ifoperstatus,"><phr n="ifTable/ifOperStatus,"><ent r="3" t="19" w="684" /><ent r="3" t="19" w="683" /></phr></stem><stem n="/ifoperstatus,"><phr n="/ifOperStatus,"><ent r="3" t="19" w="685" /><ent r="3" t="19" w="1121" /></phr></stem><stem n="opn"><phr n="Opn"><ent r="3" t="19" w="687" /><ent r="3" t="19" w="1125" /></phr></stem><stem n="opn'l"><phr n="Opn'l"><ent r="3" t="19" w="688" /><ent r="3" t="19" w="687" /><ent r="3" t="19" w="1126" /><ent r="3" t="19" w="1125" /></phr></stem><stem n="l"><phr n="l"><ent r="3" t="19" w="688" /><ent r="3" t="19" w="1126" /><ent r="7" t="24" w="2544" /></phr><phr n="L"><ent r="7" t="24" w="2553" /><ent r="3" t="46" w="257" /></phr></stem><stem n="&quot;opn'l&quot;"><phr n="&quot;Opn'l&quot;"><ent r="3" t="19" w="689" /><ent r="3" t="19" w="1127" /></phr></stem><stem n="iftable/ifadminstatu"><phr n="ifTable/ifAdminStatus"><ent r="3" t="19" w="698" /><ent r="3" t="19" w="697" /></phr></stem><stem n="iftable/ifadminstatus,"><phr n="ifTable/ifAdminStatus,"><ent r="3" t="19" w="698" /><ent r="3" t="19" w="697" /></phr></stem><stem n="/ifadminstatus,"><phr n="/ifAdminStatus,"><ent r="3" t="19" w="699" /><ent r="3" t="19" w="1130" /></phr></stem><stem n="admin"><phr n="Admin"><ent r="3" t="19" w="701" /><ent r="3" t="19" w="1134" /><ent r="100" t="70" w="191" /><ent r="100" t="71" w="310" /></phr><phr n="admin"><ent r="3" t="58" w="486" /><ent r="3" t="59" w="403" /><ent r="3" t="60" w="146" /><ent r="3" t="60" w="184" /><ent r="3" t="61" w="301" /><ent r="3" t="61" w="304" /><ent r="3" t="61" w="486" /><ent r="3" t="61" w="488" /><ent r="6" t="70" w="1083" /></phr><phr n="ADMIN"><ent r="7" t="70" w="1074" /><ent r="6" t="70" w="1078" /></phr></stem><stem n="&quot;admin&quot;"><phr n="&quot;Admin&quot;"><ent r="3" t="19" w="702" /><ent r="3" t="19" w="1135" /></phr><phr n="&quot;admin&quot;"><ent r="3" t="61" w="302" /><ent r="3" t="61" w="305" /></phr></stem><stem n="/snmp-device-variables-ondemand&gt;"><phr n="/snmp-device-variables-ondemand&gt;"><ent r="3" t="19" w="711" /><ent r="3" t="19" w="1137" /><ent r="3" t="19" w="1369" /><ent r="3" t="19" w="1724" /></phr></stem><stem n="snmp-device-variables-ondemand&gt;"><phr n="snmp-device-variables-ondemand&gt;"><ent r="3" t="19" w="711" /><ent r="3" t="19" w="1137" /><ent r="3" t="19" w="1369" /><ent r="3" t="19" w="1724" /></phr></stem><stem n="fewer"><phr n="fewer"><ent r="3" t="19" w="738" /></phr></stem><stem n="50"><phr n="50"><ent r="3" t="19" w="740" /><ent r="4" t="19" w="1931" /><ent r="3" t="29" w="492" /><ent r="3" t="31" w="67" /><ent r="3" t="31" w="100" /><ent r="4" t="31" w="168" /><ent r="3" t="32" w="1142" /><ent r="6" t="34" w="773" /><ent r="3" t="34" w="979" /><ent r="3" t="34" w="1012" /><ent r="3" t="34" w="1024" /><ent r="3" t="34" w="1059" /><ent r="3" t="34" w="1062" /><ent r="3" t="37" w="3998" /><ent r="3" t="37" w="4043" /><ent r="3" t="37" w="4084" /><ent r="3" t="37" w="4099" /><ent r="3" t="37" w="4491" /><ent r="3" t="37" w="4630" /><ent r="3" t="39" w="507" /><ent r="3" t="39" w="525" /><ent r="3" t="39" w="543" /><ent r="3" t="39" w="561" /></phr></stem><stem n="table'"><phr n="table's"><ent r="4" t="19" w="770" /><ent r="4" t="19" w="769" /><ent r="6" t="70" w="385" /><ent r="6" t="70" w="384" /><ent r="6" t="70" w="958" /><ent r="6" t="70" w="957" /></phr></stem><stem n="&quot;.1&quot;."><phr n="&quot;.1&quot;."><ent r="4" t="19" w="791" /></phr></stem><stem n="(&quot;table&quot;)"><phr n="(&quot;TABLE&quot;)"><ent r="4" t="19" w="795" /></phr></stem><stem n="fourth"><phr n="fourth"><ent r="4" t="19" w="803" /><ent r="6" t="70" w="1960" /></phr><phr n="Fourth"><ent r="3" t="20" w="258" /><ent r="3" t="20" w="466" /><ent r="3" t="20" w="501" /><ent r="3" t="20" w="563" /></phr></stem><stem n="&quot;/&quot;,"><phr n="&quot;/&quot;,"><ent r="4" t="19" w="848" /><ent r="3" t="71" w="336" /></phr></stem><stem n="(ifindex,"><phr n="(ifIndex,"><ent r="4" t="19" w="862" /></phr></stem><stem n="entir"><phr n="entirely"><ent r="4" t="19" w="912" /></phr><phr n="entire"><ent r="3" t="19" w="1851" /><ent r="6" t="24" w="2976" /><ent r="3" t="70" w="47" /></phr></stem><stem n="write"><phr n="writing"><ent r="4" t="19" w="915" /><ent r="4" t="40" w="712" /><ent r="4" t="40" w="791" /><ent r="3" t="40" w="864" /><ent r="3" t="56" w="15" /></phr><phr n="writes"><ent r="3" t="21" w="777" /><ent r="4" t="40" w="1029" /><ent r="3" t="44" w="137" /><ent r="3" t="56" w="112" /></phr><phr n="write"><ent r="3" t="34" w="718" /><ent r="3" t="46" w="23" /><ent r="4" t="49" w="289" /><ent r="3" t="56" w="28" /></phr><phr n="Write"><ent r="3" t="61" w="1376" /></phr></stem><stem n="out"><phr n="out"><ent r="4" t="19" w="916" /><ent r="3" t="20" w="381" /><ent r="3" t="24" w="2196" /><ent r="3" t="24" w="2777" /><ent r="3" t="28" w="145" /><ent r="3" t="34" w="414" /><ent r="3" t="37" w="2088" /><ent r="3" t="37" w="2132" /><ent r="3" t="44" w="171" /><ent r="3" t="45" w="31" /><ent r="3" t="49" w="140" /><ent r="4" t="49" w="330" /><ent r="4" t="49" w="417" /><ent r="3" t="52" w="35" /><ent r="4" t="55" w="1234" /><ent r="3" t="71" w="58" /><ent r="3" t="71" w="345" /></phr></stem><stem n="/tabl"><phr n="/Table"><ent r="4" t="19" w="932" /></phr></stem><stem n="snmp/tabl"><phr n="SNMP/Table"><ent r="4" t="19" w="932" /><ent r="4" t="19" w="931" /></phr></stem><stem n="viewer"><phr n="Viewer"><ent r="4" t="19" w="933" /><ent r="3" t="19" w="951" /><ent r="3" t="27" w="57" /><ent r="3" t="27" w="107" /><ent r="3" t="27" w="123" /><ent r="3" t="27" w="144" /><ent r="1000" t="32" w="3" /><ent r="102" t="32" w="8" /><ent r="3" t="32" w="23" /><ent r="3" t="32" w="110" /><ent r="3" t="32" w="134" /><ent r="3" t="32" w="149" /><ent r="3" t="32" w="155" /><ent r="3" t="32" w="233" /></phr></stem><stem n="that'"><phr n="that's"><ent r="3" t="19" w="937" /><ent r="3" t="19" w="936" /><ent r="3" t="54" w="434" /><ent r="3" t="54" w="433" /><ent r="4" t="61" w="432" /><ent r="4" t="61" w="431" /></phr></stem><stem n="augment"><phr n="Augmenting"><ent r="92" t="19" w="957" /></phr><phr n="augments"><ent r="3" t="19" w="967" /><ent r="3" t="19" w="1012" /></phr><phr n="augmenting"><ent r="3" t="19" w="975" /></phr></stem><stem n="mib'"><phr n="MIB's"><ent r="3" t="19" w="962" /><ent r="3" t="19" w="961" /></phr></stem><stem n="&quot;augments&quot;"><phr n="&quot;augments&quot;"><ent r="3" t="19" w="968" /></phr></stem><stem n="visual"><phr n="visualize"><ent r="3" t="19" w="994" /></phr><phr n="visual"><ent r="3" t="21" w="127" /><ent r="3" t="21" w="161" /><ent r="4" t="70" w="1593" /></phr></stem><stem n="if-mib"><phr n="IF-MIB"><ent r="3" t="19" w="1008" /><ent r="3" t="19" w="1052" /><ent r="3" t="19" w="1060" /><ent r="3" t="19" w="1067" /><ent r="3" t="19" w="1078" /><ent r="3" t="19" w="1088" /><ent r="3" t="19" w="1096" /><ent r="3" t="19" w="1104" /><ent r="3" t="19" w="1113" /><ent r="3" t="19" w="1121" /><ent r="3" t="19" w="1130" /><ent r="3" t="19" w="1646" /><ent r="3" t="19" w="1677" /><ent r="3" t="19" w="1687" /><ent r="3" t="26" w="402" /></phr></stem><stem n="-mib,"><phr n="-MIB,"><ent r="3" t="19" w="1010" /><ent r="3" t="19" w="1010" /></phr></stem><stem n="ifxtabl"><phr n="ifXTable"><ent r="3" t="19" w="1011" /><ent r="3" t="19" w="1045" /><ent r="3" t="19" w="1050" /><ent r="3" t="19" w="1058" /><ent r="3" t="19" w="1065" /><ent r="3" t="19" w="1073" /><ent r="3" t="19" w="1076" /><ent r="3" t="19" w="1084" /><ent r="3" t="19" w="1086" /><ent r="3" t="19" w="1094" /><ent r="3" t="19" w="1102" /><ent r="3" t="19" w="1111" /><ent r="3" t="19" w="1119" /><ent r="3" t="19" w="1128" /><ent r="3" t="19" w="1151" /><ent r="3" t="55" w="525" /></phr><phr n="IfXTable"><ent r="100" t="55" w="519" /></phr></stem><stem n="easili"><phr n="easily"><ent r="3" t="19" w="1025" /><ent r="3" t="37" w="4275" /><ent r="4" t="41" w="334" /><ent r="3" t="49" w="161" /></phr></stem><stem n="mix"><phr n="mixing"><ent r="3" t="19" w="1027" /></phr></stem><stem n="&quot;extend"><phr n="&quot;Extended"><ent r="3" t="19" w="1048" /></phr></stem><stem n="extend"><phr n="Extended"><ent r="3" t="19" w="1048" /></phr><phr n="EXTEND"><ent r="3" t="26" w="497" /><ent r="3" t="26" w="515" /></phr><phr n="extended"><ent r="3" t="49" w="163" /></phr></stem><stem n="ifxtable/ifindex"><phr n="ifXTable/ifIndex"><ent r="3" t="19" w="1051" /><ent r="3" t="19" w="1050" /></phr></stem><stem n="ifxtable/ifindex,"><phr n="ifXTable/ifIndex,"><ent r="3" t="19" w="1051" /><ent r="3" t="19" w="1050" /></phr></stem><stem n="-mib::ifindex,"><phr n="-MIB::ifIndex,"><ent r="3" t="19" w="1055" /><ent r="3" t="19" w="1055" /><ent r="3" t="19" w="1649" /><ent r="3" t="19" w="1649" /></phr></stem><stem n="ifxtable/ifdescr"><phr n="ifXTable/ifDescr"><ent r="3" t="19" w="1059" /><ent r="3" t="19" w="1058" /></phr></stem><stem n="ifxtable/ifdescr,"><phr n="ifXTable/ifDescr,"><ent r="3" t="19" w="1059" /><ent r="3" t="19" w="1058" /></phr></stem><stem n="-mib::ifdescr,"><phr n="-MIB::ifDescr,"><ent r="3" t="19" w="1063" /><ent r="3" t="19" w="1063" /></phr></stem><stem n="ifxtable/ifnam"><phr n="ifXTable/ifName"><ent r="3" t="19" w="1066" /><ent r="3" t="19" w="1065" /></phr></stem><stem n="ifnam"><phr n="ifName"><ent r="3" t="19" w="1066" /><ent r="3" t="19" w="1069" /><ent r="3" t="19" w="1145" /></phr></stem><stem n="ifxtable/ifname,"><phr n="ifXTable/ifName,"><ent r="3" t="19" w="1066" /><ent r="3" t="19" w="1065" /></phr></stem><stem n="/ifname,"><phr n="/ifName,"><ent r="3" t="19" w="1067" /></phr></stem><stem n="-mib::ifname,"><phr n="-MIB::ifName,"><ent r="3" t="19" w="1070" /><ent r="3" t="19" w="1070" /></phr></stem><stem n="&quot;name&quot;"><phr n="&quot;Name&quot;"><ent r="3" t="19" w="1072" /></phr><phr n="&quot;name&quot;"><ent r="5" t="37" w="3113" /><ent r="5" t="37" w="3132" /></phr></stem><stem n="ifxtable/ifalia"><phr n="ifXTable/ifAlias"><ent r="3" t="19" w="1077" /><ent r="3" t="19" w="1076" /></phr></stem><stem n="ifxtable/ifalias,"><phr n="ifXTable/ifAlias,"><ent r="3" t="19" w="1077" /><ent r="3" t="19" w="1076" /></phr></stem><stem n="/ifalias,"><phr n="/ifAlias,"><ent r="3" t="19" w="1078" /></phr></stem><stem n="-mib::ifalias,"><phr n="-MIB::ifAlias,"><ent r="3" t="19" w="1081" /><ent r="3" t="19" w="1081" /></phr></stem><stem n="&quot;alias&quot;"><phr n="&quot;Alias&quot;"><ent r="3" t="19" w="1083" /></phr></stem><stem n="ifxtable/iftyp"><phr n="ifXTable/ifType"><ent r="3" t="19" w="1087" /><ent r="3" t="19" w="1086" /></phr></stem><stem n="ifxtable/iftype,"><phr n="ifXTable/ifType,"><ent r="3" t="19" w="1087" /><ent r="3" t="19" w="1086" /></phr></stem><stem n="-mib::iftype,"><phr n="-MIB::ifType,"><ent r="3" t="19" w="1091" /><ent r="3" t="19" w="1091" /></phr></stem><stem n="ifxtable/ifspe"><phr n="ifXTable/ifSpeed"><ent r="3" t="19" w="1095" /><ent r="3" t="19" w="1094" /></phr></stem><stem n="ifxtable/ifspeed,"><phr n="ifXTable/ifSpeed,"><ent r="3" t="19" w="1095" /><ent r="3" t="19" w="1094" /></phr></stem><stem n="-mib::ifspeed,"><phr n="-MIB::ifSpeed,"><ent r="3" t="19" w="1099" /><ent r="3" t="19" w="1099" /></phr></stem><stem n="ifxtable/ifhighspe"><phr n="ifXTable/ifHighSpeed"><ent r="3" t="19" w="1103" /><ent r="3" t="19" w="1102" /></phr></stem><stem n="ifhighspe"><phr n="ifHighSpeed"><ent r="3" t="19" w="1103" /><ent r="3" t="19" w="1106" /></phr></stem><stem n="ifxtable/ifhighspeed,"><phr n="ifXTable/ifHighSpeed,"><ent r="3" t="19" w="1103" /><ent r="3" t="19" w="1102" /></phr></stem><stem n="/ifhighspeed,"><phr n="/ifHighSpeed,"><ent r="3" t="19" w="1104" /></phr></stem><stem n="-mib::ifhighspeed,"><phr n="-MIB::ifHighSpeed,"><ent r="3" t="19" w="1107" /><ent r="3" t="19" w="1107" /></phr></stem><stem n="mbit/sec"><phr n="Mbit/sec"><ent r="3" t="19" w="1109" /><ent r="3" t="19" w="1108" /></phr></stem><stem n="&quot;mbit/sec&quot;"><phr n="&quot;Mbit/sec&quot;"><ent r="3" t="19" w="1110" /></phr></stem><stem n="ifxtable/ifphysaddress"><phr n="ifXTable/ifPhysAddress"><ent r="3" t="19" w="1112" /><ent r="3" t="19" w="1111" /></phr></stem><stem n="ifxtable/ifphysaddress,"><phr n="ifXTable/ifPhysAddress,"><ent r="3" t="19" w="1112" /><ent r="3" t="19" w="1111" /></phr></stem><stem n="-mib::ifphysaddress,"><phr n="-MIB::ifPhysAddress,"><ent r="3" t="19" w="1116" /><ent r="3" t="19" w="1116" /></phr></stem><stem n="ifxtable/ifoperstatu"><phr n="ifXTable/ifOperStatus"><ent r="3" t="19" w="1120" /><ent r="3" t="19" w="1119" /></phr></stem><stem n="ifxtable/ifoperstatus,"><phr n="ifXTable/ifOperStatus,"><ent r="3" t="19" w="1120" /><ent r="3" t="19" w="1119" /></phr></stem><stem n="-mib::ifoperstatus,"><phr n="-MIB::ifOperStatus,"><ent r="3" t="19" w="1124" /><ent r="3" t="19" w="1124" /></phr></stem><stem n="ifxtable/ifadminstatu"><phr n="ifXTable/ifAdminStatus"><ent r="3" t="19" w="1129" /><ent r="3" t="19" w="1128" /></phr></stem><stem n="ifxtable/ifadminstatus,"><phr n="ifXTable/ifAdminStatus,"><ent r="3" t="19" w="1129" /><ent r="3" t="19" w="1128" /></phr></stem><stem n="-mib::ifadminstatus,"><phr n="-MIB::ifAdminStatus,"><ent r="3" t="19" w="1133" /><ent r="3" t="19" w="1133" /></phr></stem><stem n="other"><phr n="others"><ent r="3" t="19" w="1154" /><ent r="3" t="21" w="685" /><ent r="3" t="52" w="68" /></phr></stem><stem n="yet"><phr n="Yet"><ent r="3" t="19" w="1159" /></phr><phr n="yet"><ent r="4" t="61" w="409" /></phr></stem><stem n="-deriv"><phr n="-Derived"><ent r="92" t="19" w="1172" /><ent r="92" t="19" w="1172" /><ent r="92" t="26" w="1021" /><ent r="92" t="26" w="1021" /><ent r="64" t="26" w="1074" /><ent r="64" t="26" w="1074" /></phr><phr n="-derived"><ent r="4" t="19" w="1920" /><ent r="4" t="19" w="1920" /></phr></stem><stem n="index-deriv"><phr n="Index-Derived"><ent r="92" t="19" w="1172" /><ent r="3" t="26" w="55" /><ent r="92" t="26" w="1021" /><ent r="64" t="26" w="1074" /></phr><phr n="index-derived"><ent r="4" t="19" w="1920" /></phr></stem><stem n="deriv"><phr n="Derived"><ent r="92" t="19" w="1173" /><ent r="3" t="26" w="56" /><ent r="92" t="26" w="1022" /><ent r="64" t="26" w="1075" /></phr><phr n="derive"><ent r="3" t="19" w="1217" /></phr><phr n="derived"><ent r="4" t="19" w="1913" /><ent r="4" t="19" w="1921" /><ent r="3" t="24" w="295" /><ent r="3" t="64" w="35" /></phr></stem><stem n="itself"><phr n="itself"><ent r="3" t="19" w="1198" /><ent r="3" t="19" w="1226" /><ent r="3" t="32" w="1274" /><ent r="4" t="46" w="190" /></phr></stem></index>