<?xml version="1.0" encoding="utf-8"?><index><stem n="probes.contrib"><phr n="probes.contrib"><ent r="65" t="52" w="135" /><ent r="65" t="52" w="134" /></phr></stem><stem n="contrib"><phr n="contrib"><ent r="65" t="52" w="135" /></phr></stem><stem n="troubleshoot"><phr n="Troubleshooting"><ent r="1000" t="53" w="1" /><ent r="102" t="53" w="4" /><ent r="3" t="54" w="254" /></phr><phr n="troubleshoot"><ent r="3" t="53" w="15" /></phr><phr n="troubleshooting"><ent r="3" t="53" w="23" /></phr></stem><stem n="comprehens"><phr n="comprehensive"><ent r="64" t="53" w="41" /></phr></stem><stem n="snmpwalk"><phr n="SNMPWalk"><ent r="64" t="53" w="61" /><ent r="64" t="53" w="75" /><ent r="1000" t="55" w="4" /><ent r="102" t="55" w="42" /><ent r="3" t="55" w="49" /><ent r="3" t="55" w="62" /><ent r="3" t="55" w="79" /><ent r="3" t="55" w="827" /><ent r="3" t="55" w="848" /><ent r="3" t="55" w="856" /><ent r="3" t="55" w="873" /><ent r="3" t="55" w="897" /><ent r="3" t="55" w="913" /><ent r="3" t="55" w="931" /><ent r="3" t="55" w="950" /><ent r="3" t="55" w="969" /><ent r="3" t="55" w="985" /><ent r="3" t="55" w="1001" /><ent r="3" t="55" w="1027" /><ent r="3" t="55" w="1046" /><ent r="3" t="55" w="1064" /><ent r="3" t="55" w="1080" /><ent r="3" t="55" w="1098" /><ent r="3" t="55" w="1116" /><ent r="3" t="56" w="21" /><ent r="3" t="56" w="165" /><ent r="3" t="56" w="179" /><ent r="3" t="56" w="190" /><ent r="3" t="56" w="194" /></phr><phr n="Snmpwalk"><ent r="100" t="55" w="25" /><ent r="100" t="55" w="683" /><ent r="100" t="55" w="1133" /></phr><phr n="snmpwalk"><ent r="100" t="55" w="28" /><ent r="100" t="55" w="34" /><ent r="100" t="55" w="93" /><ent r="3" t="55" w="102" /><ent r="3" t="55" w="130" /><ent r="3" t="55" w="499" /><ent r="3" t="55" w="556" /><ent r="3" t="55" w="613" /><ent r="3" t="55" w="658" /><ent r="92" t="55" w="680" /><ent r="4" t="55" w="695" /><ent r="4" t="55" w="737" /><ent r="4" t="55" w="781" /><ent r="4" t="55" w="790" /><ent r="92" t="55" w="1136" /><ent r="3" t="55" w="1161" /><ent r="4" t="55" w="1219" /><ent r="3" t="55" w="1281" /><ent r="3" t="56" w="55" /><ent r="3" t="56" w="92" /><ent r="3" t="56" w="101" /><ent r="3" t="56" w="136" /><ent r="3" t="56" w="168" /><ent r="3" t="56" w="216" /><ent r="3" t="56" w="276" /><ent r="3" t="56" w="303" /><ent r="3" t="56" w="315" /><ent r="3" t="56" w="327" /><ent r="3" t="56" w="442" /></phr><phr n="SNMPWALK"><ent r="65" t="55" w="270" /><ent r="65" t="55" w="802" /><ent r="1000" t="56" w="3" /><ent r="102" t="56" w="9" /><ent r="92" t="56" w="206" /></phr><phr n="SNMPwalk"><ent r="4" t="55" w="747" /><ent r="4" t="55" w="811" /></phr><phr n="SNMPwalks"><ent r="100" t="55" w="1140" /><ent r="3" t="55" w="1145" /></phr></stem><stem n="-o"><phr n="-O"><ent r="64" t="53" w="78" /><ent r="64" t="53" w="78" /><ent r="65" t="55" w="271" /><ent r="65" t="55" w="271" /><ent r="3" t="61" w="678" /><ent r="3" t="61" w="678" /><ent r="3" t="61" w="857" /><ent r="3" t="61" w="857" /></phr><phr n="-o"><ent r="3" t="55" w="135" /><ent r="3" t="55" w="135" /><ent r="4" t="55" w="783" /><ent r="4" t="55" w="783" /><ent r="65" t="55" w="803" /><ent r="65" t="55" w="803" /><ent r="1000" t="56" w="4" /><ent r="1000" t="56" w="4" /><ent r="102" t="56" w="10" /><ent r="102" t="56" w="10" /><ent r="4" t="56" w="43" /><ent r="4" t="56" w="43" /><ent r="4" t="56" w="52" /><ent r="4" t="56" w="52" /><ent r="3" t="56" w="77" /><ent r="3" t="56" w="77" /><ent r="3" t="56" w="105" /><ent r="3" t="56" w="105" /><ent r="3" t="56" w="150" /><ent r="3" t="56" w="150" /><ent r="3" t="56" w="172" /><ent r="3" t="56" w="172" /></phr></stem><stem n="redirect"><phr n="redirect"><ent r="3" t="53" w="82" /><ent r="7" t="68" w="652" /><ent r="7" t="68" w="654" /><ent r="7" t="68" w="660" /><ent r="6" t="68" w="732" /></phr><phr n="redirection"><ent r="6" t="68" w="713" /></phr></stem><stem n="sqlite"><phr n="SQLite"><ent r="3" t="53" w="91" /><ent r="4" t="55" w="253" /><ent r="4" t="55" w="793" /><ent r="3" t="56" w="33" /><ent r="3" t="56" w="61" /><ent r="3" t="56" w="117" /><ent r="92" t="56" w="505" /><ent r="3" t="56" w="530" /><ent r="3" t="56" w="704" /><ent r="3" t="56" w="710" /><ent r="4" t="56" w="734" /><ent r="4" t="56" w="753" /><ent r="4" t="56" w="765" /><ent r="4" t="56" w="778" /><ent r="4" t="56" w="783" /><ent r="4" t="56" w="802" /></phr></stem><stem n="gain"><phr n="gain"><ent r="3" t="53" w="97" /></phr></stem><stem n="&quot;undefin"><phr n="&quot;Undefined"><ent r="92" t="54" w="37" /></phr></stem><stem n="earlier"><phr n="earlier"><ent r="4" t="54" w="107" /><ent r="3" t="64" w="91" /></phr></stem><stem n="emit"><phr n="emit"><ent r="3" t="54" w="118" /></phr></stem><stem n="(probe:"><phr n="(probe:"><ent r="3" t="54" w="133" /></phr></stem><stem n="com.dartware.exampl"><phr n="com.dartware.example"><ent r="3" t="54" w="135" /><ent r="3" t="54" w="133" /></phr></stem><stem n="com.dartware.example,"><phr n="com.dartware.example,"><ent r="3" t="54" w="135" /><ent r="3" t="54" w="133" /></phr></stem><stem n=".dartware.example,"><phr n=".dartware.example,"><ent r="3" t="54" w="136" /></phr></stem><stem n="&quot;($oid"><phr n="&quot;($oid"><ent r="3" t="54" w="137" /></phr></stem><stem n="$oid"><phr n="$oid"><ent r="3" t="54" w="137" /><ent r="3" t="54" w="141" /></phr></stem><stem n=")&quot;):"><phr n=")&quot;):"><ent r="3" t="54" w="139" /></phr></stem><stem n="'$oid'"><phr n="'$oid'"><ent r="3" t="54" w="142" /></phr></stem><stem n="guard"><phr n="guard"><ent r="3" t="54" w="144" /></phr></stem><stem n="legitim"><phr n="legitimate"><ent r="3" t="54" w="154" /></phr></stem><stem n="&quot;defined()&quot;"><phr n="&quot;defined()&quot;"><ent r="3" t="54" w="167" /></phr></stem><stem n="(&quot;oid&quot;)"><phr n="(&quot;oid&quot;)"><ent r="3" t="54" w="175" /></phr></stem><stem n="($oid&gt;"><phr n="($oid&gt;"><ent r="3" t="54" w="175" /></phr></stem><stem n="$oid&gt;"><phr n="$oid&gt;"><ent r="3" t="54" w="175" /></phr></stem><stem n="&quot;reason:"><phr n="&quot;Reason:"><ent r="93" t="54" w="192" /></phr></stem><stem n="speak"><phr n="speak"><ent r="4" t="54" w="230" /></phr></stem><stem n="haven"><phr n="haven"><ent r="4" t="54" w="234" /></phr></stem><stem n="haven't"><phr n="haven't"><ent r="4" t="54" w="235" /><ent r="4" t="54" w="234" /></phr></stem><stem n="faq"><phr n="FAQ"><ent r="100" t="54" w="246" /></phr></stem><stem n="/a"><phr n="/A"><ent r="100" t="54" w="268" /></phr></stem><stem n="n/a"><phr n="N/A"><ent r="100" t="54" w="268" /><ent r="100" t="54" w="267" /><ent r="93" t="54" w="282" /><ent r="93" t="54" w="281" /></phr></stem><stem n="&quot;[n/a]&quot;"><phr n="&quot;[N/A]&quot;"><ent r="93" t="54" w="283" /></phr></stem><stem n="probabl"><phr n="probably"><ent r="3" t="54" w="290" /><ent r="3" t="54" w="454" /></phr></stem><stem n=":open"><phr n=":Open"><ent r="100" t="54" w="312" /></phr></stem><stem n="null"><phr n="NULL"><ent r="100" t="54" w="326" /><ent r="3" t="54" w="355" /><ent r="3" t="54" w="366" /><ent r="3" t="54" w="377" /><ent r="3" t="54" w="388" /></phr><phr n="null"><ent r="3" t="61" w="611" /></phr></stem><stem n="nosuchnam"><phr n="NoSuchName"><ent r="100" t="54" w="328" /></phr><phr n="noSuchName"><ent r="3" t="54" w="341" /><ent r="3" t="54" w="398" /><ent r="93" t="54" w="448" /><ent r="3" t="54" w="586" /></phr></stem><stem n="57"><phr n="57"><ent r="3" t="54" w="331" /></phr></stem><stem n=":57:00"><phr n=":57:00"><ent r="3" t="54" w="332" /></phr></stem><stem n="router.exampl"><phr n="router.example"><ent r="3" t="54" w="334" /><ent r="3" t="54" w="333" /></phr></stem><stem n="router.example.net"><phr n="router.example.net"><ent r="3" t="54" w="335" /><ent r="3" t="54" w="333" /></phr></stem><stem n="router.example.net."><phr n="router.example.net."><ent r="3" t="54" w="335" /><ent r="3" t="54" w="333" /></phr></stem><stem n=".example.net.:"><phr n=".example.net.:"><ent r="3" t="54" w="336" /></phr></stem><stem n="[[queri"><phr n="[[query"><ent r="3" t="54" w="339" /></phr></stem><stem n="]]"><phr n="]]"><ent r="3" t="54" w="341" /></phr></stem><stem n="1.3.6.1.2.1.1.3"><phr n="1.3.6.1.2.1.1.3"><ent r="3" t="54" w="354" /><ent r="3" t="54" w="347" /><ent r="3" t="55" w="909" /><ent r="3" t="55" w="902" /><ent r="3" t="56" w="662" /><ent r="3" t="56" w="655" /></phr></stem><stem n=".3.6.1.2.1.1.3:"><phr n=".3.6.1.2.1.1.3:"><ent r="3" t="54" w="355" /></phr></stem><stem n=".3.6.1.2.1.1.1:"><phr n=".3.6.1.2.1.1.1:"><ent r="3" t="54" w="366" /></phr></stem><stem n="1.3.6.1.7"><phr n="1.3.6.1.7"><ent r="3" t="54" w="373" /><ent r="3" t="54" w="369" /></phr></stem><stem n="1.3.6.1.7.1"><phr n="1.3.6.1.7.1"><ent r="3" t="54" w="374" /><ent r="3" t="54" w="369" /></phr></stem><stem n="1.3.6.1.7.1.1"><phr n="1.3.6.1.7.1.1"><ent r="3" t="54" w="375" /><ent r="3" t="54" w="369" /></phr></stem><stem n="1.3.6.1.7.1.1.4"><phr n="1.3.6.1.7.1.1.4"><ent r="3" t="54" w="376" /><ent r="3" t="54" w="369" /></phr></stem><stem n=".3.6.1.7.1.1.4:"><phr n=".3.6.1.7.1.1.4:"><ent r="3" t="54" w="377" /></phr></stem><stem n=".3.6.1.2.1.1.6:"><phr n=".3.6.1.2.1.1.6:"><ent r="3" t="54" w="388" /></phr></stem><stem n="&quot;nosuchname&quot;"><phr n="&quot;noSuchName&quot;"><ent r="3" t="54" w="399" /><ent r="3" t="54" w="587" /></phr></stem><stem n="carefulli"><phr n="carefully"><ent r="3" t="54" w="417" /></phr></stem><stem n="&quot;2&quot;"><phr n="&quot;2&quot;"><ent r="3" t="54" w="428" /></phr></stem><stem n="&quot;[nosuchname]&quot;"><phr n="&quot;[noSuchName]&quot;"><ent r="93" t="54" w="449" /></phr></stem><stem n=":17:59"><phr n=":17:59"><ent r="3" t="54" w="490" /></phr></stem><stem n=".168.1.1"><phr n=".168.1.1"><ent r="3" t="54" w="498" /><ent r="3" t="55" w="491" /><ent r="3" t="55" w="507" /><ent r="3" t="55" w="668" /><ent r="3" t="55" w="853" /></phr></stem><stem n="192.168.1.1"><phr n="192.168.1.1"><ent r="3" t="54" w="498" /><ent r="3" t="54" w="495" /><ent r="3" t="55" w="491" /><ent r="3" t="55" w="488" /><ent r="3" t="55" w="507" /><ent r="3" t="55" w="504" /><ent r="3" t="55" w="668" /><ent r="3" t="55" w="665" /><ent r="3" t="55" w="831" /><ent r="3" t="55" w="828" /><ent r="3" t="55" w="853" /><ent r="3" t="55" w="850" /><ent r="3" t="55" w="860" /><ent r="3" t="55" w="857" /><ent r="3" t="55" w="877" /><ent r="3" t="55" w="874" /><ent r="3" t="55" w="901" /><ent r="3" t="55" w="898" /><ent r="3" t="55" w="917" /><ent r="3" t="55" w="914" /><ent r="3" t="55" w="935" /><ent r="3" t="55" w="932" /><ent r="3" t="55" w="954" /><ent r="3" t="55" w="951" /><ent r="3" t="55" w="973" /><ent r="3" t="55" w="970" /><ent r="3" t="55" w="989" /><ent r="3" t="55" w="986" /><ent r="3" t="55" w="1005" /><ent r="3" t="55" w="1002" /><ent r="3" t="55" w="1031" /><ent r="3" t="55" w="1028" /><ent r="3" t="55" w="1050" /><ent r="3" t="55" w="1047" /><ent r="3" t="55" w="1068" /><ent r="3" t="55" w="1065" /><ent r="3" t="55" w="1084" /><ent r="3" t="55" w="1081" /><ent r="3" t="55" w="1102" /><ent r="3" t="55" w="1099" /><ent r="3" t="55" w="1120" /><ent r="3" t="55" w="1117" /><ent r="3" t="56" w="548" /><ent r="3" t="56" w="545" /></phr></stem><stem n="1.3.6.1.2.1.2.2.1.2.10"><phr n="1.3.6.1.2.1.2.2.1.2.10"><ent r="3" t="54" w="510" /><ent r="3" t="54" w="500" /></phr></stem><stem n=".3.6.1.2.1.2.2.1.2.10;"><phr n=".3.6.1.2.1.2.2.1.2.10;"><ent r="3" t="54" w="511" /></phr></stem><stem n=".3.6.1.2.1.2.2.1.3.1"><phr n=".3.6.1.2.1.2.2.1.3.1"><ent r="3" t="54" w="522" /></phr></stem><stem n="1.3.6.1.2.1.2.2.1.3.1"><phr n="1.3.6.1.2.1.2.2.1.3.1"><ent r="3" t="54" w="522" /><ent r="3" t="54" w="512" /></phr></stem><stem n="consequ"><phr n="Consequently"><ent r="100" t="54" w="526" /><ent r="3" t="54" w="582" /></phr></stem><stem n=".3.6.1.2.1.2.2.1.2"><phr n=".3.6.1.2.1.2.2.1.2"><ent r="3" t="54" w="552" /></phr></stem><stem n="(.10)"><phr n="(.10)"><ent r="3" t="54" w="565" /></phr></stem><stem n="-e"><phr n="-e"><ent r="100" t="55" w="10" /><ent r="100" t="55" w="10" /><ent r="5" t="55" w="195" /><ent r="5" t="55" w="195" /><ent r="4" t="55" w="406" /><ent r="4" t="55" w="406" /><ent r="4" t="55" w="412" /><ent r="4" t="55" w="412" /><ent r="3" t="55" w="663" /><ent r="3" t="55" w="663" /></phr></stem><stem n="unless-"><phr n="Unless-e"><ent r="100" t="55" w="10" /></phr></stem><stem n="misc"><phr n="Misc"><ent r="100" t="55" w="14" /></phr></stem><stem n="debugyyyymmddhhmm"><phr n="Debugyyyymmddhhmm"><ent r="100" t="55" w="16" /></phr></stem><stem n=".txt"><phr n=".txt"><ent r="100" t="55" w="17" /><ent r="4" t="55" w="775" /></phr></stem><stem n="debugyyyymmddhhmm.txt"><phr n="Debugyyyymmddhhmm.txt"><ent r="100" t="55" w="17" /><ent r="100" t="55" w="16" /></phr></stem><stem n=":snmpwalk"><phr n=":snmpwalk"><ent r="100" t="55" w="28" /><ent r="100" t="55" w="34" /></phr></stem><stem n="num-oid"><phr n="Num-OIDs"><ent r="100" t="55" w="116" /></phr><phr n="num-OIDs"><ent r="3" t="55" w="139" /><ent r="5" t="55" w="220" /></phr></stem><stem n="-address"><phr n="-address"><ent r="100" t="55" w="119" /><ent r="100" t="55" w="119" /><ent r="100" t="55" w="126" /><ent r="100" t="55" w="126" /><ent r="3" t="55" w="147" /><ent r="3" t="55" w="147" /><ent r="5" t="55" w="322" /><ent r="5" t="55" w="322" /></phr></stem><stem n="ip-address"><phr n="IP-address"><ent r="100" t="55" w="119" /><ent r="100" t="55" w="126" /><ent r="3" t="55" w="147" /><ent r="5" t="55" w="322" /></phr><phr n="IP-Address"><ent r="3" t="55" w="362" /></phr></stem><stem n="startoid"><phr n="StartOID"><ent r="100" t="55" w="124" /></phr><phr n="startOID"><ent r="100" t="55" w="128" /><ent r="3" t="55" w="149" /><ent r="5" t="55" w="335" /><ent r="3" t="55" w="368" /></phr><phr n="startOid"><ent r="3" t="56" w="230" /><ent r="3" t="56" w="319" /><ent r="3" t="56" w="382" /></phr></stem><stem n="1|2c|3"><phr n="1|2c|3"><ent r="3" t="55" w="132" /><ent r="5" t="55" w="154" /></phr></stem><stem n="[1|2c|3]"><phr n="[1|2c|3]"><ent r="3" t="55" w="133" /><ent r="5" t="55" w="155" /></phr></stem><stem n="[-e]"><phr n="[-e]"><ent r="3" t="55" w="138" /></phr></stem><stem n="[-n"><phr n="[-n"><ent r="3" t="55" w="138" /></phr></stem><stem n="-oids]"><phr n="-OIDs]"><ent r="3" t="55" w="141" /><ent r="3" t="55" w="141" /></phr></stem><stem n="-p"><phr n="-p"><ent r="3" t="55" w="141" /><ent r="3" t="55" w="141" /><ent r="5" t="55" w="275" /><ent r="5" t="55" w="275" /><ent r="3" t="61" w="281" /><ent r="3" t="61" w="281" /><ent r="3" t="61" w="317" /><ent r="3" t="61" w="317" /><ent r="3" t="61" w="818" /><ent r="3" t="61" w="818" /></phr></stem><stem n="-r"><phr n="-r"><ent r="3" t="55" w="143" /><ent r="3" t="55" w="143" /><ent r="5" t="55" w="285" /><ent r="5" t="55" w="285" /><ent r="3" t="61" w="271" /><ent r="3" t="61" w="271" /><ent r="3" t="61" w="309" /><ent r="3" t="61" w="309" /><ent r="3" t="61" w="516" /><ent r="3" t="61" w="516" /></phr></stem><stem n="-t"><phr n="-t"><ent r="3" t="55" w="145" /><ent r="3" t="55" w="145" /><ent r="5" t="55" w="304" /><ent r="5" t="55" w="304" /><ent r="3" t="61" w="275" /><ent r="3" t="61" w="275" /><ent r="3" t="61" w="313" /><ent r="3" t="61" w="313" /></phr></stem><stem n=":see"><phr n=":See"><ent r="100" t="55" w="179" /></phr></stem><stem n=":end"><phr n=":end"><ent r="100" t="55" w="200" /></phr></stem><stem n=":mib"><phr n=":MIB"><ent r="100" t="55" w="205" /></phr></stem><stem n="-n"><phr n="-n"><ent r="5" t="55" w="219" /><ent r="5" t="55" w="219" /><ent r="4" t="55" w="239" /><ent r="4" t="55" w="239" /><ent r="3" t="56" w="174" /><ent r="3" t="56" w="174" /></phr></stem><stem n="(-e"><phr n="(-e"><ent r="4" t="55" w="237" /></phr></stem><stem n="mutual"><phr n="mutually"><ent r="4" t="55" w="241" /></phr></stem><stem n="sqlite-format"><phr n="SQLite-format"><ent r="4" t="55" w="253" /></phr></stem><stem n="/temporari"><phr n="/Temporary"><ent r="4" t="55" w="261" /><ent r="3" t="56" w="126" /></phr></stem><stem n="settings/temporari"><phr n="Settings/Temporary"><ent r="4" t="55" w="261" /><ent r="4" t="55" w="260" /><ent r="3" t="56" w="126" /><ent r="3" t="56" w="125" /></phr></stem><stem n="temporari"><phr n="Temporary"><ent r="4" t="55" w="261" /><ent r="3" t="56" w="126" /><ent r="3" t="61" w="235" /><ent r="4" t="61" w="456" /></phr></stem><stem n="de"><phr n="DES"><ent r="100" t="55" w="277" /><ent r="3" t="55" w="550" /></phr><phr n="des"><ent r="3" t="55" w="563" /></phr></stem><stem n="walk"><phr n="walk"><ent r="3" t="55" w="356" /><ent r="3" t="55" w="370" /><ent r="3" t="55" w="383" /><ent r="3" t="55" w="417" /><ent r="3" t="55" w="478" /><ent r="3" t="55" w="522" /><ent r="3" t="55" w="582" /><ent r="4" t="55" w="1241" /><ent r="4" t="55" w="1255" /><ent r="3" t="56" w="253" /><ent r="3" t="56" w="279" /><ent r="3" t="56" w="370" /><ent r="3" t="56" w="391" /><ent r="3" t="56" w="402" /><ent r="3" t="56" w="422" /><ent r="3" t="56" w="454" /><ent r="3" t="56" w="461" /><ent r="3" t="56" w="589" /><ent r="3" t="56" w="599" /><ent r="3" t="56" w="608" /></phr><phr n="Walk"><ent r="3" t="55" w="636" /></phr><phr n="walks"><ent r="4" t="55" w="1179" /><ent r="3" t="56" w="221" /><ent r="82" t="56" w="266" /><ent r="3" t="56" w="269" /><ent r="4" t="56" w="450" /><ent r="3" t="56" w="463" /><ent r="3" t="56" w="543" /></phr><phr n="walked"><ent r="3" t="56" w="413" /></phr></stem><stem n="-address,"><phr n="-Address,"><ent r="3" t="55" w="364" /><ent r="3" t="55" w="364" /></phr></stem><stem n="privpassword"><phr n="Privpassword"><ent r="100" t="55" w="449" /></phr><phr n="privpassword"><ent r="3" t="55" w="469" /></phr></stem><stem n="md5|sha|non"><phr n="Md5|sha|none"><ent r="100" t="55" w="451" /></phr><phr n="md5|sha|none"><ent r="3" t="55" w="466" /></phr></stem><stem n="auth"><phr n="Auth"><ent r="100" t="55" w="453" /></phr><phr n="auth"><ent r="3" t="55" w="547" /><ent r="3" t="55" w="562" /><ent r="3" t="61" w="489" /><ent r="3" t="61" w="531" /></phr></stem><stem n="des|non"><phr n="Des|none"><ent r="100" t="55" w="455" /></phr><phr n="des|none"><ent r="3" t="55" w="468" /></phr></stem><stem n="priv"><phr n="Priv"><ent r="100" t="55" w="461" /></phr><phr n="priv"><ent r="3" t="55" w="554" /><ent r="3" t="55" w="564" /></phr></stem><stem n="authpassword"><phr n="Authpassword"><ent r="100" t="55" w="463" /></phr><phr n="authpassword"><ent r="3" t="55" w="467" /></phr></stem><stem n=":[md5|sha|none]:authpassword:[des|none]:privpassword"><phr n=":[md5|sha|none]:authpassword:[des|none]:privpassword"><ent r="3" t="55" w="469" /></phr></stem><stem n="public"><phr n="public"><ent r="3" t="55" w="497" /><ent r="3" t="55" w="503" /><ent r="3" t="55" w="662" /><ent r="3" t="56" w="104" /><ent r="3" t="56" w="171" /></phr><phr n="PUBLIC"><ent r="100" t="67" w="96" /><ent r="3" t="67" w="101" /></phr></stem><stem n=".3.6.1.2.1.2.2"><phr n=".3.6.1.2.1.2.2"><ent r="3" t="55" w="515" /><ent r="3" t="55" w="632" /><ent r="3" t="55" w="676" /></phr></stem><stem n=".10.2.20"><phr n=".10.2.20"><ent r="3" t="55" w="535" /><ent r="3" t="55" w="568" /></phr></stem><stem n="'user',"><phr n="'user',"><ent r="3" t="55" w="542" /></phr></stem><stem n="'auth',"><phr n="'auth',"><ent r="3" t="55" w="548" /></phr></stem><stem n="privaci"><phr n="privacy"><ent r="3" t="55" w="548" /><ent r="3" t="55" w="552" /><ent r="3" t="55" w="610" /></phr></stem><stem n="'priv':"><phr n="'priv':"><ent r="3" t="55" w="555" /></phr></stem><stem n=":md5:auth:des:priv"><phr n=":md5:auth:des:priv"><ent r="3" t="55" w="564" /></phr></stem><stem n="1.3.6.1.2.1.31"><phr n="1.3.6.1.2.1.31"><ent r="3" t="55" w="575" /><ent r="3" t="55" w="569" /></phr></stem><stem n="1.3.6.1.2.1.31.1"><phr n="1.3.6.1.2.1.31.1"><ent r="3" t="55" w="576" /><ent r="3" t="55" w="569" /></phr></stem><stem n=".3.6.1.2.1.31.1.1"><phr n=".3.6.1.2.1.31.1.1"><ent r="3" t="55" w="577" /></phr></stem><stem n="1.3.6.1.2.1.31.1.1"><phr n="1.3.6.1.2.1.31.1.1"><ent r="3" t="55" w="577" /><ent r="3" t="55" w="569" /></phr></stem><stem n=".168.1.2"><phr n=".168.1.2"><ent r="3" t="55" w="595" /><ent r="3" t="55" w="624" /></phr></stem><stem n="192.168.1.2"><phr n="192.168.1.2"><ent r="3" t="55" w="595" /><ent r="3" t="55" w="592" /><ent r="3" t="55" w="624" /><ent r="3" t="55" w="621" /><ent r="3" t="56" w="567" /><ent r="3" t="56" w="564" /></phr></stem><stem n="'test',"><phr n="'test',"><ent r="3" t="55" w="602" /></phr></stem><stem n="'pass',"><phr n="'pass',"><ent r="3" t="55" w="608" /></phr></stem><stem n=":md5:pass:none:"><phr n=":md5:pass:none:"><ent r="3" t="55" w="621" /></phr></stem><stem n=",000"><phr n=",000"><ent r="3" t="55" w="652" /></phr></stem><stem n="10,000"><phr n="10,000"><ent r="3" t="55" w="652" /><ent r="3" t="55" w="651" /></phr></stem><stem n="-n10000"><phr n="-n10000"><ent r="3" t="55" w="664" /><ent r="3" t="55" w="664" /></phr></stem><stem n="n10000"><phr n="n10000"><ent r="3" t="55" w="664" /></phr></stem><stem n=":invok"><phr n=":Invoking"><ent r="100" t="55" w="684" /></phr></stem><stem n="&quot;server"><phr n="&quot;Server"><ent r="3" t="55" w="700" /></phr><phr n="&quot;server"><ent r="3" t="56" w="98" /></phr></stem><stem n="...&quot;"><phr n="...&quot;"><ent r="3" t="55" w="702" /><ent r="3" t="56" w="632" /><ent r="3" t="61" w="601" /></phr></stem><stem n="(avail"><phr n="(available"><ent r="3" t="55" w="702" /><ent r="3" t="59" w="41" /></phr></stem><stem n="menu'"><phr n="menu's"><ent r="3" t="55" w="707" /><ent r="3" t="55" w="706" /></phr></stem><stem n="diagnost"><phr n="Diagnostics"><ent r="3" t="55" w="708" /><ent r="5" t="55" w="719" /></phr></stem><stem n="yyyymmddhhmm"><phr n="yyyymmddhhmm"><ent r="5" t="55" w="773" /></phr></stem><stem n="snmpwalk'"><phr n="snmpwalk's"><ent r="4" t="55" w="782" /><ent r="4" t="55" w="781" /><ent r="3" t="56" w="137" /><ent r="3" t="56" w="136" /></phr></stem><stem n=".168.1.1:"><phr n=".168.1.1:"><ent r="3" t="55" w="832" /><ent r="3" t="55" w="861" /><ent r="3" t="55" w="878" /><ent r="3" t="55" w="902" /><ent r="3" t="55" w="918" /><ent r="3" t="55" w="936" /><ent r="3" t="55" w="955" /><ent r="3" t="55" w="974" /><ent r="3" t="55" w="990" /><ent r="3" t="55" w="1006" /><ent r="3" t="55" w="1032" /><ent r="3" t="55" w="1051" /><ent r="3" t="55" w="1069" /><ent r="3" t="55" w="1085" /><ent r="3" t="55" w="1103" /><ent r="3" t="55" w="1121" /></phr></stem><stem n="(maximum"><phr n="(maximum"><ent r="3" t="55" w="835" /></phr></stem><stem n="9/16"><phr n="9/16"><ent r="3" t="55" w="842" /><ent r="3" t="55" w="841" /><ent r="3" t="55" w="1127" /><ent r="3" t="55" w="1126" /></phr></stem><stem n="/16/2005"><phr n="/16/2005"><ent r="3" t="55" w="843" /><ent r="3" t="55" w="1128" /></phr></stem><stem n="9/16/2005"><phr n="9/16/2005"><ent r="3" t="55" w="843" /><ent r="3" t="55" w="841" /><ent r="3" t="55" w="1128" /><ent r="3" t="55" w="1126" /></phr></stem><stem n=":04:56"><phr n=":04:56"><ent r="3" t="55" w="846" /></phr></stem><stem n="exampleo"><phr n="ExampleOS"><ent r="3" t="55" w="871" /></phr></stem><stem n="1.3.6.1.2.1.1.2"><phr n="1.3.6.1.2.1.1.2"><ent r="3" t="55" w="885" /><ent r="3" t="55" w="878" /><ent r="3" t="56" w="640" /><ent r="3" t="56" w="633" /></phr></stem><stem n=".3.6.1.2.1.1.2.0"><phr n=".3.6.1.2.1.1.2.0"><ent r="3" t="55" w="886" /></phr></stem><stem n="1.3.6.1.2.1.1.2.0"><phr n="1.3.6.1.2.1.1.2.0"><ent r="3" t="55" w="886" /><ent r="3" t="55" w="878" /><ent r="3" t="56" w="641" /><ent r="3" t="56" w="633" /></phr></stem><stem n="1.3.6.1.4.1.9"><phr n="1.3.6.1.4.1.9"><ent r="3" t="55" w="894" /><ent r="3" t="55" w="888" /></phr></stem><stem n=".3.6.1.4.1.9.1"><phr n=".3.6.1.4.1.9.1"><ent r="3" t="55" w="895" /></phr></stem><stem n="1.3.6.1.4.1.9.1"><phr n="1.3.6.1.4.1.9.1"><ent r="3" t="55" w="895" /><ent r="3" t="55" w="888" /></phr></stem><stem n=".3.6.1.2.1.1.3.0"><phr n=".3.6.1.2.1.1.3.0"><ent r="3" t="55" w="910" /></phr></stem><stem n="1.3.6.1.2.1.1.3.0"><phr n="1.3.6.1.2.1.1.3.0"><ent r="3" t="55" w="910" /><ent r="3" t="55" w="902" /><ent r="3" t="56" w="663" /><ent r="3" t="56" w="655" /></phr></stem><stem n="11058776"><phr n="11058776"><ent r="3" t="55" w="912" /></phr></stem><stem n="1.3.6.1.2.1.1.4"><phr n="1.3.6.1.2.1.1.4"><ent r="3" t="55" w="925" /><ent r="3" t="55" w="918" /><ent r="3" t="56" w="676" /><ent r="3" t="56" w="669" /></phr></stem><stem n=".3.6.1.2.1.1.4.0"><phr n=".3.6.1.2.1.1.4.0"><ent r="3" t="55" w="926" /></phr></stem><stem n="1.3.6.1.2.1.1.4.0"><phr n="1.3.6.1.2.1.1.4.0"><ent r="3" t="55" w="926" /><ent r="3" t="55" w="918" /><ent r="3" t="56" w="677" /><ent r="3" t="56" w="669" /></phr></stem><stem n="@example.com"><phr n="@example.com"><ent r="3" t="55" w="930" /></phr></stem><stem n="example.com"><phr n="example.com"><ent r="3" t="55" w="930" /><ent r="3" t="55" w="929" /></phr><phr n="Example.com"><ent r="3" t="55" w="947" /><ent r="3" t="55" w="946" /></phr></stem><stem n="1.3.6.1.2.1.1.5"><phr n="1.3.6.1.2.1.1.5"><ent r="3" t="55" w="943" /><ent r="3" t="55" w="936" /><ent r="3" t="56" w="689" /><ent r="3" t="56" w="682" /></phr></stem><stem n=".3.6.1.2.1.1.5.0"><phr n=".3.6.1.2.1.1.5.0"><ent r="3" t="55" w="944" /></phr></stem><stem n="1.3.6.1.2.1.1.5.0"><phr n="1.3.6.1.2.1.1.5.0"><ent r="3" t="55" w="944" /><ent r="3" t="55" w="936" /><ent r="3" t="56" w="690" /><ent r="3" t="56" w="682" /></phr></stem><stem n=".com"><phr n=".com"><ent r="3" t="55" w="947" /></phr></stem><stem n=".3.6.1.2.1.1.6.0"><phr n=".3.6.1.2.1.1.6.0"><ent r="3" t="55" w="963" /></phr></stem><stem n="1.3.6.1.2.1.1.7"><phr n="1.3.6.1.2.1.1.7"><ent r="3" t="55" w="981" /><ent r="3" t="55" w="974" /></phr></stem><stem n=".3.6.1.2.1.1.7.0"><phr n=".3.6.1.2.1.1.7.0"><ent r="3" t="55" w="982" /></phr></stem><stem n="1.3.6.1.2.1.1.7.0"><phr n="1.3.6.1.2.1.1.7.0"><ent r="3" t="55" w="982" /><ent r="3" t="55" w="974" /></phr></stem><stem n="1.3.6.1.2.1.1.8"><phr n="1.3.6.1.2.1.1.8"><ent r="3" t="55" w="997" /><ent r="3" t="55" w="990" /></phr></stem><stem n=".3.6.1.2.1.1.8.0"><phr n=".3.6.1.2.1.1.8.0"><ent r="3" t="55" w="998" /></phr></stem><stem n="1.3.6.1.2.1.1.8.0"><phr n="1.3.6.1.2.1.1.8.0"><ent r="3" t="55" w="998" /><ent r="3" t="55" w="990" /></phr></stem><stem n="413"><phr n="413"><ent r="3" t="55" w="1000" /><ent r="3" t="55" w="1063" /></phr></stem><stem n="1.3.6.1.2.1.1.9"><phr n="1.3.6.1.2.1.1.9"><ent r="3" t="55" w="1013" /><ent r="3" t="55" w="1006" /><ent r="3" t="55" w="1025" /><ent r="3" t="55" w="1018" /><ent r="3" t="55" w="1039" /><ent r="3" t="55" w="1032" /><ent r="3" t="55" w="1058" /><ent r="3" t="55" w="1051" /></phr></stem><stem n="1.3.6.1.2.1.1.9.1"><phr n="1.3.6.1.2.1.1.9.1"><ent r="3" t="55" w="1014" /><ent r="3" t="55" w="1006" /><ent r="3" t="55" w="1026" /><ent r="3" t="55" w="1018" /><ent r="3" t="55" w="1040" /><ent r="3" t="55" w="1032" /><ent r="3" t="55" w="1059" /><ent r="3" t="55" w="1051" /></phr></stem><stem n="1.3.6.1.2.1.1.9.1.2"><phr n="1.3.6.1.2.1.1.9.1.2"><ent r="3" t="55" w="1015" /><ent r="3" t="55" w="1006" /></phr></stem><stem n=".3.6.1.2.1.1.9.1.2.1"><phr n=".3.6.1.2.1.1.9.1.2.1"><ent r="3" t="55" w="1016" /></phr></stem><stem n="1.3.6.1.2.1.1.9.1.2.1"><phr n="1.3.6.1.2.1.1.9.1.2.1"><ent r="3" t="55" w="1016" /><ent r="3" t="55" w="1006" /></phr></stem><stem n=".3.6.1.2.1.1.9.1"><phr n=".3.6.1.2.1.1.9.1"><ent r="3" t="55" w="1026" /></phr></stem><stem n="1.3.6.1.2.1.1.9.1.3"><phr n="1.3.6.1.2.1.1.9.1.3"><ent r="3" t="55" w="1041" /><ent r="3" t="55" w="1032" /></phr></stem><stem n=".3.6.1.2.1.1.9.1.3.1"><phr n=".3.6.1.2.1.1.9.1.3.1"><ent r="3" t="55" w="1042" /></phr></stem><stem n="1.3.6.1.2.1.1.9.1.3.1"><phr n="1.3.6.1.2.1.1.9.1.3.1"><ent r="3" t="55" w="1042" /><ent r="3" t="55" w="1032" /></phr></stem><stem n="rfc2580"><phr n="RFC2580"><ent r="3" t="55" w="1045" /></phr></stem><stem n="1.3.6.1.2.1.1.9.1.4"><phr n="1.3.6.1.2.1.1.9.1.4"><ent r="3" t="55" w="1060" /><ent r="3" t="55" w="1051" /></phr></stem><stem n=".3.6.1.2.1.1.9.1.4.1"><phr n=".3.6.1.2.1.1.9.1.4.1"><ent r="3" t="55" w="1061" /></phr></stem></index>