﻿<?xml version="1.0" encoding="utf-8"?>
<RecentLinks>
    <Dialog Name="B3.XmlTextKit.InsertHyperlinkDialog">
        <Link Value="S:\Projects\Doc Projects\Dartware\Flare-InterMapper\InterMapper Developer Guide\Content\02-CustomProbes\Probe_Variables.htm" />
    </Dialog>
    <Dialog Name="B3.XmlEditorKit.ImageGeneralDialogPage">
        <Link Value="S:\Projects\Doc Projects\Dartware\Flare-InterMapper\InterMapper Developer Guide\Content\images\ReloadProbeButton.png" />
    </Dialog>
    <Dialog Name="B3.XmlTextKit.InsertCrossReferenceDialog">
        <Link Value="S:\Projects\Doc Projects\Dartware\Flare-InterMapper\InterMapper Developer Guide\Content\02-CustomProbes\filenames.html" />
    </Dialog>
</RecentLinks>