<?xml version="1.0" encoding="utf-8"?>
<html xmlns:MadCap="http://www.madcapsoftware.com/Schemas/MadCap.xsd" MadCap:tocPath="" MadCap:InPreviewMode="false" MadCap:PreloadImages="false" MadCap:RuntimeFileType="Glossary" MadCap:TargetType="WebHelp2" lang="en-US" xml:lang="en-US" MadCap:PathToHelpSystem="../" MadCap:HelpSystemFileName="index.xml">
    <head>
        <meta http-equiv="Content-Type" content="text/html; charset=utf-8" />
        <link href="../Skins/Default/Stylesheets/TextEffects.css" rel="stylesheet" type="text/css" />
        <link href="../Skins/Default/Stylesheets/Topic.css" rel="stylesheet" type="text/css" />
        <title>Glossary</title>
        <link href="../Content/Resources/default.css" rel="stylesheet" type="text/css" />
        <script src="../Resources/Scripts/jquery.min.js" type="text/javascript">
        </script>
        <script src="../Resources/Scripts/plugins.min.js" type="text/javascript">
        </script>
        <script src="../Resources/Scripts/MadCapAll.js" type="text/javascript">
        </script>
    </head>
    <body style="background-color: #fafafa;">
        <ul>
            <li class="GlossaryPageEntry">
                <div class="GlossaryPageTerm">
                    <a name="612359917_anchor1">CSR</a>
                </div>
                <div class="GlossaryPageDefinition">Certificate Signing Request</div>
            </li>
            <li class="GlossaryPageEntry">
                <div class="GlossaryPageTerm">
                    <a name="612359917_anchor2">InterMapper Console</a>
                </div>
                <div class="GlossaryPageDefinition">Every InterMapper server ships with a copy of InterMapper Console. This is a copy of the InterMapper Remote application that can connect only to the InterMapper server that runs on the machine as InterMapper Console.</div>
            </li>
            <li class="GlossaryPageEntry">
                <div class="GlossaryPageTerm">
                    <a name="612359917_anchor3">JPEG</a>
                </div>
                <div class="GlossaryPageDefinition">Joint Photographers Experts Group</div>
            </li>
            <li class="GlossaryPageEntry">
                <div class="GlossaryPageTerm">
                    <a name="612359917_anchor4">MIB Variable</a>
                </div>
                <div class="GlossaryPageDefinition">MIB: (Management Information Base). A MIB defines all the settings and operational statistics that a device can report using SNMP. Among other things, a MIB defines these attributes: the exact technical definition for these statistics (the "MIB variables"), a text name for each variable, and a unique Object IDentifier (OID) that a program (such as InterMapper) could use to retrieve them.</div>
            </li>
            <li class="GlossaryPageEntry">
                <div class="GlossaryPageTerm">
                    <a name="612359917_anchor5">notification</a>
                </div>
                <div class="GlossaryPageDefinition">The action performed by a notifier, as viewed by the notifier target, or recipient, of the action.</div>
            </li>
            <li class="GlossaryPageEntry">
                <div class="GlossaryPageTerm">
                    <a name="612359917_anchor6">notifier</a>
                </div>
                <div class="GlossaryPageDefinition">A little "robot" that watches the state of one or more devices, and performs a specified action when the device changes to a state identified as requiring action in the notifier's parameters.</div>
            </li>
            <li class="GlossaryPageEntry">
                <div class="GlossaryPageTerm">
                    <a name="612359917_anchor7">notifier parameters</a>
                </div>
                <div class="GlossaryPageDefinition">The specific information for the notifier, dependent on the Notifier type.</div>
            </li>
            <li class="GlossaryPageEntry">
                <div class="GlossaryPageTerm">
                    <a name="612359917_anchor8">notifier schedule</a>
                </div>
                <div class="GlossaryPageDefinition">The hours during which notifications are sent for that notifier.</div>
            </li>
            <li class="GlossaryPageEntry">
                <div class="GlossaryPageTerm">
                    <a name="612359917_anchor9">notifier target</a>
                </div>
                <div class="GlossaryPageDefinition">The recipient of a notification.</div>
            </li>
            <li class="GlossaryPageEntry">
                <div class="GlossaryPageTerm">
                    <a name="612359917_anchor10">PNG</a>
                </div>
                <div class="GlossaryPageDefinition">Portable Network Graphics</div>
            </li>
            <li class="GlossaryPageEntry">
                <div class="GlossaryPageTerm">
                    <a name="612359917_anchor11">SNMP</a>
                </div>
                <div class="GlossaryPageDefinition">Simple Network Management Protocol - an application-layer protocol which allows an application (like InterMapper) to query other network devices (such as a router, switch, server, etc.) to get information about the device, or to send control commands to the device.</div>
            </li>
        </ul>
        <p>&#160;</p>
    </body>
</html>