<?xml version="1.0" encoding="utf-8"?><CatapultTargetIndex><IndexEntry><Entries><IndexEntry Term="httpparams_nextchart"><Entries /><Links><IndexLink Title="Macro Reference" Link="/Content/03-CustomWebPages/macros.htm#kanchor766" UsedConditions="" LocalConditions="" /></Links><SeeAlsoLinks /><IndexControlLinks /><SortAsLinks /></IndexEntry><IndexEntry Term="httpparams_prevchart"><Entries /><Links><IndexLink Title="Macro Reference" Link="/Content/03-CustomWebPages/macros.htm#kanchor767" UsedConditions="" LocalConditions="" /></Links><SeeAlsoLinks /><IndexControlLinks /><SortAsLinks /></IndexEntry><IndexEntry Term="httpparams_startchart"><Entries /><Links><IndexLink Title="Macro Reference" Link="/Content/03-CustomWebPages/macros.htm#kanchor768" UsedConditions="" LocalConditions="" /></Links><SeeAlsoLinks /><IndexControlLinks /><SortAsLinks /></IndexEntry><IndexEntry Term="httpparams_timescale"><Entries /><Links><IndexLink Title="Macro Reference" Link="/Content/03-CustomWebPages/macros.htm#kanchor769" UsedConditions="" LocalConditions="" /></Links><SeeAlsoLinks /><IndexControlLinks /><SortAsLinks /></IndexEntry><IndexEntry Term="Human_name"><Entries /><Links><IndexLink Title="The &lt;header&gt; Section" Link="/Content/02-CustomProbes/header.html#kanchor52" UsedConditions="" LocalConditions="" /><IndexLink Title="Example TCP Probe File" Link="/Content/02-CustomProbes/tcpexample.html#kanchor505" UsedConditions="" LocalConditions="" /></Links><SeeAlsoLinks /><IndexControlLinks /><SortAsLinks /></IndexEntry><IndexEntry Term="Hyperlinks"><Entries><IndexEntry Term="making"><Entries /><Links><IndexLink Title="IMML - InterMapper Markup Language" Link="/Content/02-CustomProbes/IMML - InterMapper Markup Language.htm#kanchor128" UsedConditions="" LocalConditions="" /></Links><SeeAlsoLinks /><IndexControlLinks /><SortAsLinks /></IndexEntry></Entries><Links><IndexLink Title="IMML - InterMapper Markup Language" Link="/Content/02-CustomProbes/IMML - InterMapper Markup Language.htm#kanchor127" UsedConditions="" LocalConditions="" /></Links><SeeAlsoLinks /><IndexControlLinks /><SortAsLinks /></IndexEntry><IndexEntry Term="ICMP"><Entries><IndexEntry Term="send"><Entries /><Links><IndexLink Title="The &lt;header&gt; Section" Link="/Content/02-CustomProbes/header.html#kanchor70" UsedConditions="" LocalConditions="" /></Links><SeeAlsoLinks /><IndexControlLinks /><SortAsLinks /></IndexEntry></Entries><Links><IndexLink Title="The &lt;header&gt; Section" Link="/Content/02-CustomProbes/header.html#kanchor69" UsedConditions="" LocalConditions="" /><IndexLink Title="Measuring TCP&#160;Response Times" Link="/Content/02-CustomProbes/timing.html#kanchor496" UsedConditions="" LocalConditions="" /></Links><SeeAlsoLinks /><IndexControlLinks /><SortAsLinks /></IndexEntry><IndexEntry Term="ID"><Entries /><Links><IndexLink Title="TCP Probe Command Reference" Link="/Content/02-CustomProbes/commandref.html#kanchor411" UsedConditions="" LocalConditions="" /></Links><SeeAlsoLinks /><IndexControlLinks /><SortAsLinks /></IndexEntry><IndexEntry Term="IDLE"><Entries /><Links><IndexLink Title="The &lt;script&gt; Section" Link="/Content/02-CustomProbes/language.html#kanchor347" UsedConditions="" LocalConditions="" /><IndexLink Title="Example TCP Probe File" Link="/Content/02-CustomProbes/tcpexample.html#kanchor526" UsedConditions="" LocalConditions="" /></Links><SeeAlsoLinks /><IndexControlLinks /><SortAsLinks /></IndexEntry><IndexEntry Term="Idlefail"><Entries /><Links><IndexLink Title="TCP Probe Command Reference" Link="/Content/02-CustomProbes/commandref.html#kanchor411" UsedConditions="" LocalConditions="" /></Links><SeeAlsoLinks /><IndexControlLinks /><SortAsLinks /></IndexEntry><IndexEntry Term="IDLELINE"><Entries /><Links><IndexLink Title="Example TCP Probe File" Link="/Content/02-CustomProbes/tcpexample.html#kanchor534" UsedConditions="" LocalConditions="" /></Links><SeeAlsoLinks /><IndexControlLinks /><SortAsLinks /></IndexEntry><IndexEntry Term="If apcups"><Entries /><Links><IndexLink Title="SNMP Probes" Link="/Content/02-CustomProbes/customsnmpprobes.html#kanchor171" UsedConditions="" LocalConditions="" /><IndexLink Title="Probe Properties" Link="/Content/02-CustomProbes/probeproperties.htm#kanchor279" UsedConditions="" LocalConditions="" /></Links><SeeAlsoLinks /><IndexControlLinks /><SortAsLinks /></IndexEntry><IndexEntry Term="Ifadmin"><Entries /><Links><IndexLink Title="Macro Reference" Link="/Content/03-CustomWebPages/macros.htm#kanchor751" UsedConditions="" LocalConditions="" /></Links><SeeAlsoLinks /><IndexControlLinks /><SortAsLinks /></IndexEntry><IndexEntry Term="IfDescr"><Entries /><Links><IndexLink Title="Errors with Custom Probes" Link="/Content/02-CustomProbes/errors.html#kanchor605" UsedConditions="" LocalConditions="" /></Links><SeeAlsoLinks /><IndexControlLinks /><SortAsLinks /></IndexEntry><IndexEntry Term="IfTable"><Entries /><Links><IndexLink Title="Debugging with the SNMPWalk Command" Link="/Content/02-CustomProbes/Debugging_with_SNMPWalk.htm#kanchor638" UsedConditions="" LocalConditions="" /></Links><SeeAlsoLinks /><IndexControlLinks /><SortAsLinks /></IndexEntry><IndexEntry Term="IfXTable"><Entries /><Links><IndexLink Title="Debugging with the SNMPWalk Command" Link="/Content/02-CustomProbes/Debugging_with_SNMPWalk.htm#kanchor639" UsedConditions="" LocalConditions="" /></Links><SeeAlsoLinks /><IndexControlLinks /><SortAsLinks /></IndexEntry><IndexEntry Term="Ignore"><Entries><IndexEntry Term="telnet"><Entries /><Links><IndexLink Title="TCP Probe Command Reference" Link="/Content/02-CustomProbes/commandref.html#kanchor391" UsedConditions="" LocalConditions="" /></Links><SeeAlsoLinks /><IndexControlLinks /><SortAsLinks /></IndexEntry></Entries><Links><IndexLink Title="TCP Probe Command Reference" Link="/Content/02-CustomProbes/commandref.html#kanchor386" UsedConditions="" LocalConditions="" /></Links><SeeAlsoLinks /><IndexControlLinks /><SortAsLinks /></IndexEntry><IndexEntry Term="Imagefile"><Entries /><Links><IndexLink Title="Macro Reference" Link="/Content/03-CustomWebPages/macros.htm#kanchor755" UsedConditions="" LocalConditions="" /></Links><SeeAlsoLinks /><IndexControlLinks /><SortAsLinks /></IndexEntry><IndexEntry Term="Imageref"><Entries /><Links><IndexLink Title="Template Files" Link="/Content/03-CustomWebPages/templatefiles.html#kanchor690" UsedConditions="" LocalConditions="" /><IndexLink Title="Macro Reference" Link="/Content/03-CustomWebPages/macros.htm#kanchor754" UsedConditions="" LocalConditions="" /><IndexLink Title="Folder Structure" Link="/Content/03-CustomWebPages/folders.html#kanchor783" UsedConditions="" LocalConditions="" /></Links><SeeAlsoLinks /><IndexControlLinks /><SortAsLinks /></IndexEntry><IndexEntry Term="Imagesuffix"><Entries /><Links><IndexLink Title="Macro Reference" Link="/Content/03-CustomWebPages/macros.htm#kanchor737" UsedConditions="" LocalConditions="" /></Links><SeeAlsoLinks /><IndexControlLinks /><SortAsLinks /></IndexEntry><IndexEntry Term="Img"><Entries /><Links><IndexLink Title="Template Files" Link="/Content/03-CustomWebPages/templatefiles.html#kanchor693" UsedConditions="" LocalConditions="" /><IndexLink Title="Macro Reference" Link="/Content/03-CustomWebPages/macros.htm#kanchor756" UsedConditions="" LocalConditions="" /></Links><SeeAlsoLinks /><IndexControlLinks /><SortAsLinks /></IndexEntry><IndexEntry Term="Include"><Entries><IndexEntry Term="carriage-return"><Entries /><Links><IndexLink Title="TCP Probe Command Reference" Link="/Content/02-CustomProbes/commandref.html#kanchor480" UsedConditions="" LocalConditions="" /></Links><SeeAlsoLinks /><IndexControlLinks /><SortAsLinks /></IndexEntry><IndexEntry Term="CPU"><Entries /><Links><IndexLink Title="SNMP Probes" Link="/Content/02-CustomProbes/customsnmpprobes.html#kanchor136" UsedConditions="" LocalConditions="" /></Links><SeeAlsoLinks /><IndexControlLinks /><SortAsLinks /></IndexEntry><IndexEntry Term="SNMP MIB"><Entries /><Links><IndexLink Title="Probe Calculations" Link="/Content/02-CustomProbes/probecalculations.htm#kanchor198" UsedConditions="" LocalConditions="" /></Links><SeeAlsoLinks /><IndexControlLinks /><SortAsLinks /></IndexEntry><IndexEntry Term="WAIT"><Entries /><Links><IndexLink Title="TCP Probe Command Reference" Link="/Content/02-CustomProbes/commandref.html#kanchor411" UsedConditions="" LocalConditions="" /></Links><SeeAlsoLinks /><IndexControlLinks /><SortAsLinks /></IndexEntry></Entries><Links><IndexLink Title="SNMP Probes" Link="/Content/02-CustomProbes/customsnmpprobes.html#kanchor135" UsedConditions="" LocalConditions="" /><IndexLink Title="Probe Calculations" Link="/Content/02-CustomProbes/probecalculations.htm#kanchor196" UsedConditions="" LocalConditions="" /><IndexLink Title="TCP Probe Command Reference" Link="/Content/02-CustomProbes/commandref.html#kanchor465" UsedConditions="" LocalConditions="" /></Links><SeeAlsoLinks /><IndexControlLinks /><SortAsLinks /></IndexEntry><IndexEntry Term="Incoming"><Entries><IndexEntry Term="Telnet"><Entries /><Links><IndexLink Title="TCP Probe Command Reference" Link="/Content/02-CustomProbes/commandref.html#kanchor391" UsedConditions="" LocalConditions="" /></Links><SeeAlsoLinks /><IndexControlLinks /><SortAsLinks /></IndexEntry></Entries><Links><IndexLink Title="TCP Probe Command Reference" Link="/Content/02-CustomProbes/commandref.html#kanchor381" UsedConditions="" LocalConditions="" /></Links><SeeAlsoLinks /><IndexControlLinks /><SortAsLinks /></IndexEntry><IndexEntry Term="Incorrect login"><Entries /><Links><IndexLink Title="TCP Probe Command Reference" Link="/Content/02-CustomProbes/commandref.html#kanchor478" UsedConditions="" LocalConditions="" /></Links><SeeAlsoLinks /><IndexControlLinks /><SortAsLinks /></IndexEntry><IndexEntry Term="Index.html"><Entries /><Links><IndexLink Title="Target Files" Link="/Content/03-CustomWebPages/targetfiles.html#kanchor675" UsedConditions="" LocalConditions="" /><IndexLink Title="Directives" Link="/Content/03-CustomWebPages/directives.html#kanchor702" UsedConditions="" LocalConditions="" /><IndexLink Title="Folder Structure" Link="/Content/03-CustomWebPages/folders.html#kanchor787" UsedConditions="" LocalConditions="" /></Links><SeeAlsoLinks /><IndexControlLinks /><SortAsLinks /></IndexEntry><IndexEntry Term="Indicates"><Entries><IndexEntry Term="SNMP"><Entries /><Links><IndexLink Title="Debugging with the SNMPWalk Command" Link="/Content/02-CustomProbes/Debugging_with_SNMPWalk.htm#kanchor607" UsedConditions="" LocalConditions="" /></Links><SeeAlsoLinks /><IndexControlLinks /><SortAsLinks /></IndexEntry></Entries><Links><IndexLink Title="Debugging with the SNMPWalk Command" Link="/Content/02-CustomProbes/Debugging_with_SNMPWalk.htm#kanchor621" UsedConditions="" LocalConditions="" /></Links><SeeAlsoLinks /><IndexControlLinks /><SortAsLinks /></IndexEntry><IndexEntry Term="Installing"><Entries><IndexEntry Term="Command-line Probe"><Entries /><Links><IndexLink Title="Command Line Probes" Link="/Content/02-CustomProbes/commandlineprobes.htm#kanchor552" UsedConditions="" LocalConditions="" /></Links><SeeAlsoLinks /><IndexControlLinks /><SortAsLinks /></IndexEntry><IndexEntry Term="Custom Probes"><Entries /><Links><IndexLink Title="Installing and Reloading Probes" Link="/Content/02-CustomProbes/installing.html#kanchor588" UsedConditions="" LocalConditions="" /></Links><SeeAlsoLinks /><IndexControlLinks /><SortAsLinks /></IndexEntry></Entries><Links><IndexLink Title="Command Line Probes" Link="/Content/02-CustomProbes/commandlineprobes.htm#kanchor558" UsedConditions="" LocalConditions="" /><IndexLink Title="Installing and Reloading Probes" Link="/Content/02-CustomProbes/installing.html#kanchor587" UsedConditions="" LocalConditions="" /></Links><SeeAlsoLinks /><IndexControlLinks /><SortAsLinks /></IndexEntry><IndexEntry Term="Integer"><Entries /><Links><IndexLink Title="Probe Calculations" Link="/Content/02-CustomProbes/probecalculations.htm#kanchor237" UsedConditions="" LocalConditions="" /></Links><SeeAlsoLinks /><IndexControlLinks /><SortAsLinks /></IndexEntry><IndexEntry Term="InterMapper Logs"><Entries /><Links><IndexLink Title="Debugging with the SNMPWalk Command" Link="/Content/02-CustomProbes/Debugging_with_SNMPWalk.htm#kanchor645" UsedConditions="" LocalConditions="" /></Links><SeeAlsoLinks /><IndexControlLinks /><SortAsLinks /></IndexEntry><IndexEntry Term="InterMapper Remote"><Entries /><Links><IndexLink Title="Command-line Options for InterMapper" Link="/Content/02-CustomProbes/Using_the_Command_Line_Interface.htm#kanchor811" UsedConditions="" LocalConditions="" /></Links><SeeAlsoLinks /><IndexControlLinks /><SortAsLinks /></IndexEntry><IndexEntry Term="InterMapper Scripting Language"><Entries /><Links><IndexLink Title="TCP Probe Command Reference" Link="/Content/02-CustomProbes/commandref.html#kanchor366" UsedConditions="" LocalConditions="" /></Links><SeeAlsoLinks /><IndexControlLinks /><SortAsLinks /></IndexEntry><IndexEntry Term="InterMapper Server"><Entries><IndexEntry Term="testing"><Entries /><Links><IndexLink Title="Command-line Options for InterMapper" Link="/Content/02-CustomProbes/Using_the_Command_Line_Interface.htm#kanchor810" UsedConditions="" LocalConditions="" /></Links><SeeAlsoLinks /><IndexControlLinks /><SortAsLinks /></IndexEntry></Entries><Links /><SeeAlsoLinks /><IndexControlLinks /><SortAsLinks /></IndexEntry><IndexEntry Term="InterMapper Settings"><Entries /><Links><IndexLink Title="The &lt;header&gt; Section" Link="/Content/02-CustomProbes/header.html#kanchor75" UsedConditions="" LocalConditions="" /><IndexLink Title="Nagios Plugins" Link="/Content/02-CustomProbes/nagios.htm#kanchor572" UsedConditions="" LocalConditions="" /><IndexLink Title="Debugging with the SNMPWalk Command" Link="/Content/02-CustomProbes/Debugging_with_SNMPWalk.htm#kanchor644" UsedConditions="" LocalConditions="" /><IndexLink Title="Folder Structure" Link="/Content/03-CustomWebPages/folders.html#kanchor774" UsedConditions="" LocalConditions="" /><IndexLink Title="Probe Files and File Names" Link="/Content/02-CustomProbes/filenames.html#kanchor812" UsedConditions="" LocalConditions="" /></Links><SeeAlsoLinks /><IndexControlLinks /><SortAsLinks /></IndexEntry><IndexEntry Term="Intermapper.domain.com"><Entries /><Links><IndexLink Title="Folder Structure" Link="/Content/03-CustomWebPages/folders.html#kanchor792" UsedConditions="" LocalConditions="" /></Links><SeeAlsoLinks /><IndexControlLinks /><SortAsLinks /></IndexEntry><IndexEntry Term="InterMapper®"><Entries /><Links><IndexLink Title="Software License Agreement" Link="/Content/01-Preface/warranty.html#kanchor5" UsedConditions="" LocalConditions="" /></Links><SeeAlsoLinks /><IndexControlLinks /><SortAsLinks /></IndexEntry><IndexEntry Term="Intermapperaddress"><Entries /><Links><IndexLink Title="Macro Reference" Link="/Content/03-CustomWebPages/macros.htm#kanchor736" UsedConditions="" LocalConditions="" /></Links><SeeAlsoLinks /><IndexControlLinks /><SortAsLinks /></IndexEntry><IndexEntry Term="Intermapperlogo"><Entries /><Links><IndexLink Title="Macro Reference" Link="/Content/03-CustomWebPages/macros.htm#kanchor757" UsedConditions="" LocalConditions="" /></Links><SeeAlsoLinks /><IndexControlLinks /><SortAsLinks /></IndexEntry><IndexEntry Term="Invoking"><Entries><IndexEntry Term="snmpwalk"><Entries /><Links><IndexLink Title="Debugging with the SNMPWalk Command" Link="/Content/02-CustomProbes/Debugging_with_SNMPWalk.htm#kanchor607" UsedConditions="" LocalConditions="" /></Links><SeeAlsoLinks /><IndexControlLinks /><SortAsLinks /></IndexEntry></Entries><Links><IndexLink Title="Debugging with the SNMPWalk Command" Link="/Content/02-CustomProbes/Debugging_with_SNMPWalk.htm#kanchor641" UsedConditions="" LocalConditions="" /></Links><SeeAlsoLinks /><IndexControlLinks /><SortAsLinks /></IndexEntry><IndexEntry Term="IP"><Entries /><Links><IndexLink Title="The &lt;header&gt; Section" Link="/Content/02-CustomProbes/header.html#kanchor36" UsedConditions="" LocalConditions="" /><IndexLink Title="SNMP Probes" Link="/Content/02-CustomProbes/customsnmpprobes.html#kanchor138" UsedConditions="" LocalConditions="" /><IndexLink Title="Example TCP Probe File" Link="/Content/02-CustomProbes/tcpexample.html#kanchor498" UsedConditions="" LocalConditions="" /><IndexLink Title="Command Line Probes" Link="/Content/02-CustomProbes/commandlineprobes.htm#kanchor541" UsedConditions="" LocalConditions="" /><IndexLink Title="Nagios Plugins" Link="/Content/02-CustomProbes/nagios.htm#kanchor576" UsedConditions="" LocalConditions="" /><IndexLink Title="Debugging with the SNMPWalk Command" Link="/Content/02-CustomProbes/Debugging_with_SNMPWalk.htm#kanchor611" UsedConditions="" LocalConditions="" /><IndexLink Title="Macro Reference" Link="/Content/03-CustomWebPages/macros.htm#kanchor735" UsedConditions="" LocalConditions="" /></Links><SeeAlsoLinks /><IndexControlLinks /><SortAsLinks /></IndexEntry><IndexEntry Term="IP-address"><Entries /><Links><IndexLink Title="Debugging with the SNMPWalk Command" Link="/Content/02-CustomProbes/Debugging_with_SNMPWalk.htm#kanchor613" UsedConditions="" LocalConditions="" /></Links><SeeAlsoLinks /><IndexControlLinks /><SortAsLinks /></IndexEntry><IndexEntry Term="IP-address startOID"><Entries /><Links><IndexLink Title="Debugging with the SNMPWalk Command" Link="/Content/02-CustomProbes/Debugging_with_SNMPWalk.htm#kanchor616" UsedConditions="" LocalConditions="" /></Links><SeeAlsoLinks /><IndexControlLinks /><SortAsLinks /></IndexEntry><IndexEntry Term="IpForwarded datagrams"><Entries /><Links><IndexLink Title="The &lt;snmp-device-thresholds&gt; Section" Link="/Content/02-CustomProbes/Thresholds.htm#kanchor177" UsedConditions="" LocalConditions="" /></Links><SeeAlsoLinks /><IndexControlLinks /><SortAsLinks /></IndexEntry><IndexEntry Term="IpForwDatagrams"><Entries /><Links><IndexLink Title="Probe Status Windows" Link="/Content/02-CustomProbes/probestatuswindows.html#kanchor115" UsedConditions="" LocalConditions="" /><IndexLink Title="SNMP Probes" Link="/Content/02-CustomProbes/customsnmpprobes.html#kanchor152" UsedConditions="" LocalConditions="" /><IndexLink Title="The &lt;snmp-device-display&gt; Section" Link="/Content/02-CustomProbes/snmpdevicedisplaysection.htm#kanchor188" UsedConditions="" LocalConditions="" /></Links><SeeAlsoLinks /><IndexControlLinks /><SortAsLinks /></IndexEntry><IndexEntry Term="IpInHdrErrors"><Entries /><Links><IndexLink Title="Probe Status Windows" Link="/Content/02-CustomProbes/probestatuswindows.html#kanchor114" UsedConditions="" LocalConditions="" /><IndexLink Title="SNMP Probes" Link="/Content/02-CustomProbes/customsnmpprobes.html#kanchor154" UsedConditions="" LocalConditions="" /><IndexLink Title="The &lt;snmp-device-display&gt; Section" Link="/Content/02-CustomProbes/snmpdevicedisplaysection.htm#kanchor187" UsedConditions="" LocalConditions="" /></Links><SeeAlsoLinks /><IndexControlLinks /><SortAsLinks /></IndexEntry><IndexEntry Term="Issue"><Entries><IndexEntry Term="LINE OFF command"><Entries /><Links><IndexLink Title="TCP Probe Command Reference" Link="/Content/02-CustomProbes/commandref.html#kanchor361" UsedConditions="" LocalConditions="" /></Links><SeeAlsoLinks /><IndexControlLinks /><SortAsLinks /></IndexEntry></Entries><Links><IndexLink Title="TCP Probe Command Reference" Link="/Content/02-CustomProbes/commandref.html#kanchor454" UsedConditions="" LocalConditions="" /></Links><SeeAlsoLinks /><IndexControlLinks /><SortAsLinks /></IndexEntry><IndexEntry Term="Jpeg"><Entries /><Links><IndexLink Title="Macro Reference" Link="/Content/03-CustomWebPages/macros.htm#kanchor739" UsedConditions="" LocalConditions="" /></Links><SeeAlsoLinks /><IndexControlLinks /><SortAsLinks /></IndexEntry><IndexEntry Term="jsrefreshmetaoptions"><Entries /><Links><IndexLink Title="Macro Reference" Link="/Content/03-CustomWebPages/macros.htm#kanchor761" UsedConditions="" LocalConditions="" /></Links><SeeAlsoLinks /><IndexControlLinks /><SortAsLinks /></IndexEntry><IndexEntry Term="Jumping"><Entries><IndexEntry Term="Label"><Entries /><Links><IndexLink Title="The &lt;script&gt; Section" Link="/Content/02-CustomProbes/language.html#kanchor299" UsedConditions="" LocalConditions="" /></Links><SeeAlsoLinks /><IndexControlLinks /><SortAsLinks /></IndexEntry></Entries><Links><IndexLink Title="The &lt;script&gt; Section" Link="/Content/02-CustomProbes/language.html#kanchor348" UsedConditions="" LocalConditions="" /></Links><SeeAlsoLinks /><IndexControlLinks /><SortAsLinks /></IndexEntry><IndexEntry Term="Label"><Entries><IndexEntry Term="Jumping"><Entries /><Links><IndexLink Title="The &lt;script&gt; Section" Link="/Content/02-CustomProbes/language.html#kanchor349" UsedConditions="" LocalConditions="" /></Links><SeeAlsoLinks /><IndexControlLinks /><SortAsLinks /></IndexEntry></Entries><Links><IndexLink Title="The &lt;script&gt; Section" Link="/Content/02-CustomProbes/language.html#kanchor299" UsedConditions="" LocalConditions="" /></Links><SeeAlsoLinks /><IndexControlLinks /><SortAsLinks /></IndexEntry><IndexEntry Term="Label_name"><Entries /><Links><IndexLink Title="The &lt;script&gt; Section" Link="/Content/02-CustomProbes/language.html#kanchor346" UsedConditions="" LocalConditions="" /></Links><SeeAlsoLinks /><IndexControlLinks /><SortAsLinks /></IndexEntry><IndexEntry Term="LDAP"><Entries /><Links><IndexLink Title="Overview" Link="/Content/02-CustomProbes/customprobes.html#kanchor15" UsedConditions="" LocalConditions="" /></Links><SeeAlsoLinks /><IndexControlLinks /><SortAsLinks /></IndexEntry><IndexEntry Term="Len"><Entries /><Links><IndexLink Title="Probe Calculations" Link="/Content/02-CustomProbes/probecalculations.htm#kanchor250" UsedConditions="" LocalConditions="" /></Links><SeeAlsoLinks /><IndexControlLinks /><SortAsLinks /></IndexEntry><IndexEntry Term="Level"><Entries><IndexEntry Term="Web Pages"><Entries /><Links><IndexLink Title="Folder Structure" Link="/Content/03-CustomWebPages/folders.html#kanchor772" UsedConditions="" LocalConditions="" /><IndexLink Title="MIME Types" Link="/Content/03-CustomWebPages/Mime_Types.htm#kanchor799" UsedConditions="" LocalConditions="" /></Links><SeeAlsoLinks /><IndexControlLinks /><SortAsLinks /></IndexEntry></Entries><Links><IndexLink Title="Folder Structure" Link="/Content/03-CustomWebPages/folders.html#kanchor775" UsedConditions="" LocalConditions="" /><IndexLink Title="MIME Types" Link="/Content/03-CustomWebPages/Mime_Types.htm#kanchor794" UsedConditions="" LocalConditions="" /></Links><SeeAlsoLinks /><IndexControlLinks /><SortAsLinks /></IndexEntry><IndexEntry Term="LF"><Entries /><Links><IndexLink Title="TCP Probe Command Reference" Link="/Content/02-CustomProbes/commandref.html#kanchor453" UsedConditions="" LocalConditions="" /></Links><SeeAlsoLinks /><IndexControlLinks /><SortAsLinks /></IndexEntry><IndexEntry Term="Limit"><Entries><IndexEntry Term="Macintosh file"><Entries /><Links><IndexLink Title="The &lt;header&gt; Section" Link="/Content/02-CustomProbes/header.html#kanchor82" UsedConditions="" LocalConditions="" /><IndexLink Title="Probe Files and File Names" Link="/Content/02-CustomProbes/filenames.html#kanchor819" UsedConditions="" LocalConditions="" /></Links><SeeAlsoLinks /><IndexControlLinks /><SortAsLinks /></IndexEntry></Entries><Links><IndexLink Title="The &lt;header&gt; Section" Link="/Content/02-CustomProbes/header.html#kanchor81" UsedConditions="" LocalConditions="" /><IndexLink Title="Probe Files and File Names" Link="/Content/02-CustomProbes/filenames.html#kanchor818" UsedConditions="" LocalConditions="" /></Links><SeeAlsoLinks /><IndexControlLinks /><SortAsLinks /></IndexEntry><IndexEntry Term="LINE"><Entries><IndexEntry Term="Use"><Entries /><Links><IndexLink Title="TCP Probe Command Reference" Link="/Content/02-CustomProbes/commandref.html#kanchor427" UsedConditions="" LocalConditions="" /></Links><SeeAlsoLinks /><IndexControlLinks /><SortAsLinks /></IndexEntry></Entries><Links><IndexLink Title="The &lt;script&gt; Section" Link="/Content/02-CustomProbes/language.html#kanchor325" UsedConditions="" LocalConditions="" /><IndexLink Title="TCP Probe Command Reference" Link="/Content/02-CustomProbes/commandref.html#kanchor373" UsedConditions="" LocalConditions="" /><IndexLink Title="Example TCP Probe File" Link="/Content/02-CustomProbes/tcpexample.html#kanchor512" UsedConditions="" LocalConditions="" /></Links><SeeAlsoLinks /><IndexControlLinks /><SortAsLinks /></IndexEntry><IndexEntry Term="LINE OFF"><Entries /><Links><IndexLink Title="TCP Probe Command Reference" Link="/Content/02-CustomProbes/commandref.html#kanchor455" UsedConditions="" LocalConditions="" /></Links><SeeAlsoLinks /><IndexControlLinks /><SortAsLinks /></IndexEntry><IndexEntry Term="LINE ON"><Entries /><Links><IndexLink Title="TCP Probe Command Reference" Link="/Content/02-CustomProbes/commandref.html#kanchor450" UsedConditions="" LocalConditions="" /></Links><SeeAlsoLinks /><IndexControlLinks /><SortAsLinks /></IndexEntry><IndexEntry Term="Link"><Entries /><Links><IndexLink Title="Quoted Links" Link="/Content/03-CustomWebPages/quotedlinks.html#kanchor709" UsedConditions="" LocalConditions="" /></Links><SeeAlsoLinks /><IndexControlLinks /><SortAsLinks /></IndexEntry></Entries></IndexEntry></CatapultTargetIndex>