<?xml version="1.0" encoding="utf-8"?><CatapultTargetIndex><IndexEntry><Entries><IndexEntry Term="Sample Header Section"><Entries /><Links><IndexLink Title="The &lt;header&gt; Section" Link="/Content/02-CustomProbes/header.html#kanchor62" UsedConditions="" LocalConditions="" /></Links><SeeAlsoLinks /><IndexControlLinks /><SortAsLinks /></IndexEntry><IndexEntry Term="Sample MIMEtypes file"><Entries /><Links><IndexLink Title="MIME Types" Link="/Content/03-CustomWebPages/Mime_Types.htm#kanchor802" UsedConditions="" LocalConditions="" /></Links><SeeAlsoLinks /><IndexControlLinks /><SortAsLinks /></IndexEntry><IndexEntry Term="SBNE"><Entries /><Links><IndexLink Title="TCP Probe Command Reference" Link="/Content/02-CustomProbes/commandref.html#kanchor410" UsedConditions="" LocalConditions="" /></Links><SeeAlsoLinks /><IndexControlLinks /><SortAsLinks /></IndexEntry><IndexEntry Term="Scanning"><Entries><IndexEntry Term="Probe Command Reference"><Entries /><Links><IndexLink Title="TCP Probe Command Reference" Link="/Content/02-CustomProbes/commandref.html#kanchor362" UsedConditions="" LocalConditions="" /></Links><SeeAlsoLinks /><IndexControlLinks /><SortAsLinks /></IndexEntry></Entries><Links><IndexLink Title="TCP Probe Command Reference" Link="/Content/02-CustomProbes/commandref.html#kanchor456" UsedConditions="" LocalConditions="" /></Links><SeeAlsoLinks /><IndexControlLinks /><SortAsLinks /></IndexEntry><IndexEntry Term="SCAT"><Entries /><Links><IndexLink Title="TCP Probe Command Reference" Link="/Content/02-CustomProbes/commandref.html#kanchor419" UsedConditions="" LocalConditions="" /></Links><SeeAlsoLinks /><IndexControlLinks /><SortAsLinks /></IndexEntry><IndexEntry Term="Script"><Entries /><Links><IndexLink Title="TCP Probe Command Reference" Link="/Content/02-CustomProbes/commandref.html#kanchor365" UsedConditions="" LocalConditions="" /></Links><SeeAlsoLinks /><IndexControlLinks /><SortAsLinks /></IndexEntry><IndexEntry Term="Script Command Format"><Entries /><Links><IndexLink Title="The &lt;script&gt; Section" Link="/Content/02-CustomProbes/language.html#kanchor291" UsedConditions="" LocalConditions="" /></Links><SeeAlsoLinks /><IndexControlLinks /><SortAsLinks /></IndexEntry><IndexEntry Term="Script Failures"><Entries><IndexEntry Term="Handling"><Entries /><Links><IndexLink Title="The &lt;script&gt; Section" Link="/Content/02-CustomProbes/language.html#kanchor304" UsedConditions="" LocalConditions="" /></Links><SeeAlsoLinks /><IndexControlLinks /><SortAsLinks /></IndexEntry></Entries><Links><IndexLink Title="The &lt;script&gt; Section" Link="/Content/02-CustomProbes/language.html#kanchor304" UsedConditions="" LocalConditions="" /></Links><SeeAlsoLinks /><IndexControlLinks /><SortAsLinks /></IndexEntry><IndexEntry Term="Script Process Flow"><Entries /><Links><IndexLink Title="The &lt;script&gt; Section" Link="/Content/02-CustomProbes/language.html#kanchor290" UsedConditions="" LocalConditions="" /></Links><SeeAlsoLinks /><IndexControlLinks /><SortAsLinks /></IndexEntry><IndexEntry Term="Script Termination"><Entries /><Links><IndexLink Title="The &lt;script&gt; Section" Link="/Content/02-CustomProbes/language.html#kanchor345" UsedConditions="" LocalConditions="" /></Links><SeeAlsoLinks /><IndexControlLinks /><SortAsLinks /></IndexEntry><IndexEntry Term="Seconds"><Entries /><Links><IndexLink Title="The &lt;parameters&gt; Section" Link="/Content/02-CustomProbes/parameters.html#kanchor96" UsedConditions="" LocalConditions="" /></Links><SeeAlsoLinks /><IndexControlLinks /><SortAsLinks /></IndexEntry><IndexEntry Term="Secs"><Entries /><Links><IndexLink Title="Probe Calculations" Link="/Content/02-CustomProbes/probecalculations.htm#kanchor254" UsedConditions="" LocalConditions="" /><IndexLink Title="TCP Probe Command Reference" Link="/Content/02-CustomProbes/commandref.html#kanchor411" UsedConditions="" LocalConditions="" /><IndexLink Title="Example TCP Probe File" Link="/Content/02-CustomProbes/tcpexample.html#kanchor523" UsedConditions="" LocalConditions="" /></Links><SeeAlsoLinks /><IndexControlLinks /><SortAsLinks /></IndexEntry><IndexEntry Term="Select Misc"><Entries /><Links><IndexLink Title="Debugging with the SNMPWalk Command" Link="/Content/02-CustomProbes/Debugging_with_SNMPWalk.htm#kanchor607" UsedConditions="" LocalConditions="" /></Links><SeeAlsoLinks /><IndexControlLinks /><SortAsLinks /></IndexEntry><IndexEntry Term="Select Probe window"><Entries /><Links><IndexLink Title="The &lt;header&gt; Section" Link="/Content/02-CustomProbes/header.html#kanchor57" UsedConditions="" LocalConditions="" /></Links><SeeAlsoLinks /><IndexControlLinks /><SortAsLinks /></IndexEntry><IndexEntry Term="SEND"><Entries><IndexEntry Term="FTP USER"><Entries /><Links><IndexLink Title="TCP Probe Command Reference" Link="/Content/02-CustomProbes/commandref.html#kanchor483" UsedConditions="" LocalConditions="" /></Links><SeeAlsoLinks /><IndexControlLinks /><SortAsLinks /></IndexEntry><IndexEntry Term="ICMP"><Entries /><Links><IndexLink Title="The &lt;header&gt; Section" Link="/Content/02-CustomProbes/header.html#kanchor67" UsedConditions="" LocalConditions="" /></Links><SeeAlsoLinks /><IndexControlLinks /><SortAsLinks /></IndexEntry><IndexEntry Term="Use"><Entries /><Links><IndexLink Title="TCP Probe Command Reference" Link="/Content/02-CustomProbes/commandref.html#kanchor429" UsedConditions="" LocalConditions="" /></Links><SeeAlsoLinks /><IndexControlLinks /><SortAsLinks /></IndexEntry></Entries><Links><IndexLink Title="The &lt;header&gt; Section" Link="/Content/02-CustomProbes/header.html#kanchor66" UsedConditions="" LocalConditions="" /><IndexLink Title="TCP Probe Command Reference" Link="/Content/02-CustomProbes/commandref.html#kanchor375" UsedConditions="" LocalConditions="" /><IndexLink Title="Example TCP Probe File" Link="/Content/02-CustomProbes/tcpexample.html#kanchor509" UsedConditions="" LocalConditions="" /></Links><SeeAlsoLinks /><IndexControlLinks /><SortAsLinks /></IndexEntry><IndexEntry Term="Sending"><Entries><IndexEntry Term="SNMP"><Entries /><Links><IndexLink Title="Overview" Link="/Content/02-CustomProbes/customprobes.html#kanchor19" UsedConditions="" LocalConditions="" /></Links><SeeAlsoLinks /><IndexControlLinks /><SortAsLinks /></IndexEntry></Entries><Links><IndexLink Title="Overview" Link="/Content/02-CustomProbes/customprobes.html#kanchor22" UsedConditions="" LocalConditions="" /><IndexLink Title="Debugging with the SNMPWalk Command" Link="/Content/02-CustomProbes/Debugging_with_SNMPWalk.htm#kanchor607" UsedConditions="" LocalConditions="" /></Links><SeeAlsoLinks /><IndexControlLinks /><SortAsLinks /></IndexEntry><IndexEntry Term="Server Command"><Entries /><Links><IndexLink Title="Debugging with the SNMPWalk Command" Link="/Content/02-CustomProbes/Debugging_with_SNMPWalk.htm#kanchor642" UsedConditions="" LocalConditions="" /></Links><SeeAlsoLinks /><IndexControlLinks /><SortAsLinks /></IndexEntry><IndexEntry Term="Server Settings"><Entries /><Links><IndexLink Title="Customizing Web Pages" Link="/Content/03-CustomWebPages/customizingwebpages.html#kanchor666" UsedConditions="" LocalConditions="" /></Links><SeeAlsoLinks /><IndexControlLinks /><SortAsLinks /></IndexEntry><IndexEntry Term="Servers"><Entries /><Links><IndexLink Title="Debugging with the SNMPWalk Command" Link="/Content/02-CustomProbes/Debugging_with_SNMPWalk.htm#kanchor607" UsedConditions="" LocalConditions="" /><IndexLink Title="Customizing Web Pages" Link="/Content/03-CustomWebPages/customizingwebpages.html#kanchor667" UsedConditions="" LocalConditions="" /></Links><SeeAlsoLinks /><IndexControlLinks /><SortAsLinks /></IndexEntry><IndexEntry Term="Set"><Entries><IndexEntry Term="DOWN"><Entries /><Links><IndexLink Title="Example TCP Probe File" Link="/Content/02-CustomProbes/tcpexample.html#kanchor516" UsedConditions="" LocalConditions="" /></Links><SeeAlsoLinks /><IndexControlLinks /><SortAsLinks /></IndexEntry></Entries><Links><IndexLink Title="Example TCP Probe File" Link="/Content/02-CustomProbes/tcpexample.html#kanchor511" UsedConditions="" LocalConditions="" /></Links><SeeAlsoLinks /><IndexControlLinks /><SortAsLinks /></IndexEntry><IndexEntry Term="SetNameFieldWidth"><Entries /><Links><IndexLink Title="Macro Reference" Link="/Content/03-CustomWebPages/macros.htm#kanchor753" UsedConditions="" LocalConditions="" /></Links><SeeAlsoLinks /><IndexControlLinks /><SortAsLinks /></IndexEntry><IndexEntry Term="Simple snmpwalk facility"><Entries /><Links><IndexLink Title="Debugging with the SNMPWalk Command" Link="/Content/02-CustomProbes/Debugging_with_SNMPWalk.htm#kanchor608" UsedConditions="" LocalConditions="" /></Links><SeeAlsoLinks /><IndexControlLinks /><SortAsLinks /></IndexEntry><IndexEntry Term="SKIP"><Entries /><Links><IndexLink Title="TCP Probe Command Reference" Link="/Content/02-CustomProbes/commandref.html#kanchor384" UsedConditions="" LocalConditions="" /></Links><SeeAlsoLinks /><IndexControlLinks /><SortAsLinks /></IndexEntry><IndexEntry Term="SNMP"><Entries /><Links><IndexLink Title="Overview" Link="/Content/02-CustomProbes/customprobes.html#kanchor16" UsedConditions="" LocalConditions="" /><IndexLink Title="The &lt;header&gt; Section" Link="/Content/02-CustomProbes/header.html#kanchor42" UsedConditions="" LocalConditions="" /><IndexLink Title="Probe Status Windows" Link="/Content/02-CustomProbes/probestatuswindows.html#kanchor109" UsedConditions="" LocalConditions="" /><IndexLink Title="SNMP Probes" Link="/Content/02-CustomProbes/customsnmpprobes.html#kanchor133" UsedConditions="" LocalConditions="" /><IndexLink Title="Probe Properties" Link="/Content/02-CustomProbes/probeproperties.htm#kanchor269" UsedConditions="" LocalConditions="" /><IndexLink Title="The Dartware MIB" Link="/Content/02-CustomProbes/dartwaremib.html#kanchor285" UsedConditions="" LocalConditions="" /><IndexLink Title="Errors with Custom Probes" Link="/Content/02-CustomProbes/errors.html#kanchor595" UsedConditions="" LocalConditions="" /><IndexLink Title="Debugging with the SNMPWalk Command" Link="/Content/02-CustomProbes/Debugging_with_SNMPWalk.htm#kanchor607" UsedConditions="" LocalConditions="" /></Links><SeeAlsoLinks /><IndexControlLinks /><SortAsLinks /></IndexEntry><IndexEntry Term="Snmp-device-display"><Entries /><Links><IndexLink Title="Anatomy of a Probe" Link="/Content/02-CustomProbes/Anatomy_of_a_Probe.htm#kanchor28" UsedConditions="" LocalConditions="" /><IndexLink Title="Probe Status Windows" Link="/Content/02-CustomProbes/probestatuswindows.html#kanchor112" UsedConditions="" LocalConditions="" /><IndexLink Title="SNMP Probes" Link="/Content/02-CustomProbes/customsnmpprobes.html#kanchor146" UsedConditions="" LocalConditions="" /><IndexLink Title="The &lt;snmp-device-display&gt; Section" Link="/Content/02-CustomProbes/snmpdevicedisplaysection.htm#kanchor185" UsedConditions="" LocalConditions="" /><IndexLink Title="Measuring TCP&#160;Response Times" Link="/Content/02-CustomProbes/timing.html#kanchor495" UsedConditions="" LocalConditions="" /></Links><SeeAlsoLinks /><IndexControlLinks /><SortAsLinks /></IndexEntry><IndexEntry Term="Snmp-device-properties"><Entries /><Links><IndexLink Title="Anatomy of a Probe" Link="/Content/02-CustomProbes/Anatomy_of_a_Probe.htm#kanchor29" UsedConditions="" LocalConditions="" /><IndexLink Title="SNMP Probes" Link="/Content/02-CustomProbes/customsnmpprobes.html#kanchor147" UsedConditions="" LocalConditions="" /><IndexLink Title="Probe Properties" Link="/Content/02-CustomProbes/probeproperties.htm#kanchor270" UsedConditions="" LocalConditions="" /></Links><SeeAlsoLinks /><IndexControlLinks /><SortAsLinks /></IndexEntry><IndexEntry Term="Snmp-device-threshold"><Entries /><Links><IndexLink Title="Anatomy of a Probe" Link="/Content/02-CustomProbes/Anatomy_of_a_Probe.htm#kanchor26" UsedConditions="" LocalConditions="" /><IndexLink Title="Anatomy of a Probe" Link="/Content/02-CustomProbes/Anatomy_of_a_Probe.htm#kanchor31" UsedConditions="" LocalConditions="" /><IndexLink Title="SNMP Probes" Link="/Content/02-CustomProbes/customsnmpprobes.html#kanchor144" UsedConditions="" LocalConditions="" /></Links><SeeAlsoLinks /><IndexControlLinks /><SortAsLinks /></IndexEntry><IndexEntry Term="Snmp-device-thresholds"><Entries /><Links><IndexLink Title="Anatomy of a Probe" Link="/Content/02-CustomProbes/Anatomy_of_a_Probe.htm#kanchor26" UsedConditions="" LocalConditions="" /><IndexLink Title="Anatomy of a Probe" Link="/Content/02-CustomProbes/Anatomy_of_a_Probe.htm#kanchor31" UsedConditions="" LocalConditions="" /><IndexLink Title="SNMP Probes" Link="/Content/02-CustomProbes/customsnmpprobes.html#kanchor144" UsedConditions="" LocalConditions="" /></Links><SeeAlsoLinks /><IndexControlLinks /><SortAsLinks /></IndexEntry><IndexEntry Term="Snmp-device-variables"><Entries /><Links><IndexLink Title="Anatomy of a Probe" Link="/Content/02-CustomProbes/Anatomy_of_a_Probe.htm#kanchor25" UsedConditions="" LocalConditions="" /><IndexLink Title="Anatomy of a Probe" Link="/Content/02-CustomProbes/Anatomy_of_a_Probe.htm#kanchor30" UsedConditions="" LocalConditions="" /><IndexLink Title="SNMP Probes" Link="/Content/02-CustomProbes/customsnmpprobes.html#kanchor143" UsedConditions="" LocalConditions="" /></Links><SeeAlsoLinks /><IndexControlLinks /><SortAsLinks /></IndexEntry><IndexEntry Term="SNMP FAQ"><Entries /><Links><IndexLink Title="Errors with Custom Probes" Link="/Content/02-CustomProbes/errors.html#kanchor596" UsedConditions="" LocalConditions="" /></Links><SeeAlsoLinks /><IndexControlLinks /><SortAsLinks /></IndexEntry><IndexEntry Term="SNMP Get-Request"><Entries /><Links><IndexLink Title="SNMP Probes" Link="/Content/02-CustomProbes/customsnmpprobes.html#kanchor169" UsedConditions="" LocalConditions="" /><IndexLink Title="Probe Properties" Link="/Content/02-CustomProbes/probeproperties.htm#kanchor277" UsedConditions="" LocalConditions="" /></Links><SeeAlsoLinks /><IndexControlLinks /><SortAsLinks /></IndexEntry><IndexEntry Term="SNMP MIB"><Entries /><Links><IndexLink Title="Probe Calculations" Link="/Content/02-CustomProbes/probecalculations.htm#kanchor200" UsedConditions="" LocalConditions="" /></Links><SeeAlsoLinks /><IndexControlLinks /><SortAsLinks /></IndexEntry><IndexEntry Term="SNMP OID"><Entries /><Links><IndexLink Title="SNMP Probes" Link="/Content/02-CustomProbes/customsnmpprobes.html#kanchor150" UsedConditions="" LocalConditions="" /></Links><SeeAlsoLinks /><IndexControlLinks /><SortAsLinks /></IndexEntry><IndexEntry Term="SNMP Probe Variables"><Entries /><Links><IndexLink Title="SNMP Probes" Link="/Content/02-CustomProbes/customsnmpprobes.html#kanchor148" UsedConditions="" LocalConditions="" /></Links><SeeAlsoLinks /><IndexControlLinks /><SortAsLinks /></IndexEntry><IndexEntry Term="SNMP Query Settings"><Entries /><Links><IndexLink Title="SNMP Probes" Link="/Content/02-CustomProbes/customsnmpprobes.html#kanchor164" UsedConditions="" LocalConditions="" /></Links><SeeAlsoLinks /><IndexControlLinks /><SortAsLinks /></IndexEntry><IndexEntry Term="SNMP Response"><Entries /><Links><IndexLink Title="Errors with Custom Probes" Link="/Content/02-CustomProbes/errors.html#kanchor594" UsedConditions="" LocalConditions="" /></Links><SeeAlsoLinks /><IndexControlLinks /><SortAsLinks /></IndexEntry><IndexEntry Term="SNMPv1"><Entries /><Links><IndexLink Title="Debugging with the SNMPWalk Command" Link="/Content/02-CustomProbes/Debugging_with_SNMPWalk.htm#kanchor618" UsedConditions="" LocalConditions="" /></Links><SeeAlsoLinks /><IndexControlLinks /><SortAsLinks /></IndexEntry><IndexEntry Term="SNMPV2C"><Entries /><Links><IndexLink Title="The &lt;header&gt; Section" Link="/Content/02-CustomProbes/header.html#kanchor65" UsedConditions="" LocalConditions="" /><IndexLink Title="Debugging with the SNMPWalk Command" Link="/Content/02-CustomProbes/Debugging_with_SNMPWalk.htm#kanchor617" UsedConditions="" LocalConditions="" /></Links><SeeAlsoLinks /><IndexControlLinks /><SortAsLinks /></IndexEntry><IndexEntry Term="SNMPv3"><Entries /><Links><IndexLink Title="Debugging with the SNMPWalk Command" Link="/Content/02-CustomProbes/Debugging_with_SNMPWalk.htm#kanchor619" UsedConditions="" LocalConditions="" /></Links><SeeAlsoLinks /><IndexControlLinks /><SortAsLinks /></IndexEntry><IndexEntry Term="Snmpwalk"><Entries><IndexEntry Term="Invoking"><Entries /><Links><IndexLink Title="Debugging with the SNMPWalk Command" Link="/Content/02-CustomProbes/Debugging_with_SNMPWalk.htm#kanchor640" UsedConditions="" LocalConditions="" /></Links><SeeAlsoLinks /><IndexControlLinks /><SortAsLinks /></IndexEntry></Entries><Links><IndexLink Title="Debugging with the SNMPWalk Command" Link="/Content/02-CustomProbes/Debugging_with_SNMPWalk.htm#kanchor607" UsedConditions="" LocalConditions="" /></Links><SeeAlsoLinks /><IndexControlLinks /><SortAsLinks /></IndexEntry><IndexEntry Term="Snmpwalk stopall"><Entries /><Links><IndexLink Title="Debugging with the SNMPWalk Command" Link="/Content/02-CustomProbes/Debugging_with_SNMPWalk.htm#kanchor648" UsedConditions="" LocalConditions="" /></Links><SeeAlsoLinks /><IndexControlLinks /><SortAsLinks /></IndexEntry><IndexEntry Term="SNMPwalks"><Entries /><Links><IndexLink Title="Debugging with the SNMPWalk Command" Link="/Content/02-CustomProbes/Debugging_with_SNMPWalk.htm#kanchor649" UsedConditions="" LocalConditions="" /></Links><SeeAlsoLinks /><IndexControlLinks /><SortAsLinks /></IndexEntry><IndexEntry Term="Special Character Example"><Entries /><Links><IndexLink Title="The &lt;script&gt; Section" Link="/Content/02-CustomProbes/language.html#kanchor333" UsedConditions="" LocalConditions="" /></Links><SeeAlsoLinks /><IndexControlLinks /><SortAsLinks /></IndexEntry><IndexEntry Term="Special Characters"><Entries /><Links><IndexLink Title="The &lt;script&gt; Section" Link="/Content/02-CustomProbes/language.html#kanchor323" UsedConditions="" LocalConditions="" /></Links><SeeAlsoLinks /><IndexControlLinks /><SortAsLinks /></IndexEntry><IndexEntry Term="Specifies"><Entries><IndexEntry Term="CR-LF"><Entries /><Links><IndexLink Title="TCP Probe Command Reference" Link="/Content/02-CustomProbes/commandref.html#kanchor451" UsedConditions="" LocalConditions="" /></Links><SeeAlsoLinks /><IndexControlLinks /><SortAsLinks /></IndexEntry></Entries><Links><IndexLink Title="TCP Probe Command Reference" Link="/Content/02-CustomProbes/commandref.html#kanchor396" UsedConditions="" LocalConditions="" /></Links><SeeAlsoLinks /><IndexControlLinks /><SortAsLinks /></IndexEntry><IndexEntry Term="Sprintf"><Entries /><Links><IndexLink Title="Probe Calculations" Link="/Content/02-CustomProbes/probecalculations.htm#kanchor253" UsedConditions="" LocalConditions="" /></Links><SeeAlsoLinks /><IndexControlLinks /><SortAsLinks /></IndexEntry><IndexEntry Term="Sqrt"><Entries /><Links><IndexLink Title="Probe Calculations" Link="/Content/02-CustomProbes/probecalculations.htm#kanchor248" UsedConditions="" LocalConditions="" /></Links><SeeAlsoLinks /><IndexControlLinks /><SortAsLinks /></IndexEntry><IndexEntry Term="Start"><Entries><IndexEntry Term="SNMP"><Entries /><Links><IndexLink Title="Debugging with the SNMPWalk Command" Link="/Content/02-CustomProbes/Debugging_with_SNMPWalk.htm#kanchor607" UsedConditions="" LocalConditions="" /></Links><SeeAlsoLinks /><IndexControlLinks /><SortAsLinks /></IndexEntry></Entries><Links><IndexLink Title="Debugging with the SNMPWalk Command" Link="/Content/02-CustomProbes/Debugging_with_SNMPWalk.htm#kanchor614" UsedConditions="" LocalConditions="" /></Links><SeeAlsoLinks /><IndexControlLinks /><SortAsLinks /></IndexEntry><IndexEntry Term="StartOID"><Entries /><Links><IndexLink Title="Debugging with the SNMPWalk Command" Link="/Content/02-CustomProbes/Debugging_with_SNMPWalk.htm#kanchor615" UsedConditions="" LocalConditions="" /></Links><SeeAlsoLinks /><IndexControlLinks /><SortAsLinks /></IndexEntry><IndexEntry Term="STAT"><Entries /><Links><IndexLink Title="TCP Probe Command Reference" Link="/Content/02-CustomProbes/commandref.html#kanchor378" UsedConditions="" LocalConditions="" /></Links><SeeAlsoLinks /><IndexControlLinks /><SortAsLinks /></IndexEntry><IndexEntry Term="STAT ALRM"><Entries /><Links><IndexLink Title="TCP Probe Command Reference" Link="/Content/02-CustomProbes/commandref.html#kanchor462" UsedConditions="" LocalConditions="" /></Links><SeeAlsoLinks /><IndexControlLinks /><SortAsLinks /></IndexEntry><IndexEntry Term="State"><Entries /><Links><IndexLink Title="Software License Agreement" Link="/Content/01-Preface/warranty.html#kanchor7" UsedConditions="" LocalConditions="" /></Links><SeeAlsoLinks /><IndexControlLinks /><SortAsLinks /></IndexEntry><IndexEntry Term="Statshtml"><Entries /><Links><IndexLink Title="Macro Reference" Link="/Content/03-CustomWebPages/macros.htm#kanchor733" UsedConditions="" LocalConditions="" /></Links><SeeAlsoLinks /><IndexControlLinks /><SortAsLinks /></IndexEntry><IndexEntry Term="Status"><Entries /><Links><IndexLink Title="Probe Status Windows" Link="/Content/02-CustomProbes/probestatuswindows.html#kanchor108" UsedConditions="" LocalConditions="" /></Links><SeeAlsoLinks /><IndexControlLinks /><SortAsLinks /></IndexEntry><IndexEntry Term="Status Window Text"><Entries /><Links><IndexLink Title="SNMP Probes" Link="/Content/02-CustomProbes/customsnmpprobes.html#kanchor161" UsedConditions="" LocalConditions="" /></Links><SeeAlsoLinks /><IndexControlLinks /><SortAsLinks /></IndexEntry><IndexEntry Term="Status windows"><Entries><IndexEntry Term="Customizing"><Entries /><Links><IndexLink Title="Probe Status Windows" Link="/Content/02-CustomProbes/probestatuswindows.html#kanchor105" UsedConditions="" LocalConditions="" /></Links><SeeAlsoLinks /><IndexControlLinks /><SortAsLinks /></IndexEntry></Entries><Links><IndexLink Title="Probe Status Windows" Link="/Content/02-CustomProbes/probestatuswindows.html#kanchor104" UsedConditions="" LocalConditions="" /><IndexLink Title="SNMP Probes" Link="/Content/02-CustomProbes/customsnmpprobes.html#kanchor162" UsedConditions="" LocalConditions="" /></Links><SeeAlsoLinks /><IndexControlLinks /><SortAsLinks /></IndexEntry><IndexEntry Term="STOR"><Entries /><Links><IndexLink Title="TCP Probe Command Reference" Link="/Content/02-CustomProbes/commandref.html#kanchor418" UsedConditions="" LocalConditions="" /></Links><SeeAlsoLinks /><IndexControlLinks /><SortAsLinks /></IndexEntry><IndexEntry Term="Str"><Entries /><Links><IndexLink Title="Probe Calculations" Link="/Content/02-CustomProbes/probecalculations.htm#kanchor222" UsedConditions="" LocalConditions="" /></Links><SeeAlsoLinks /><IndexControlLinks /><SortAsLinks /></IndexEntry><IndexEntry Term="Strftime"><Entries /><Links><IndexLink Title="Probe Calculations" Link="/Content/02-CustomProbes/probecalculations.htm#kanchor255" UsedConditions="" LocalConditions="" /></Links><SeeAlsoLinks /><IndexControlLinks /><SortAsLinks /></IndexEntry><IndexEntry Term="String"><Entries><IndexEntry Term="Argument Format"><Entries /><Links><IndexLink Title="The &lt;script&gt; Section" Link="/Content/02-CustomProbes/language.html#kanchor292" UsedConditions="" LocalConditions="" /></Links><SeeAlsoLinks /><IndexControlLinks /><SortAsLinks /></IndexEntry><IndexEntry Term="Branch Not Equal"><Entries /><Links><IndexLink Title="TCP Probe Command Reference" Link="/Content/02-CustomProbes/commandref.html#kanchor361" UsedConditions="" LocalConditions="" /></Links><SeeAlsoLinks /><IndexControlLinks /><SortAsLinks /></IndexEntry><IndexEntry Term="ConCATenate"><Entries /><Links><IndexLink Title="TCP Probe Command Reference" Link="/Content/02-CustomProbes/commandref.html#kanchor420" UsedConditions="" LocalConditions="" /></Links><SeeAlsoLinks /><IndexControlLinks /><SortAsLinks /></IndexEntry><IndexEntry Term="foobar"><Entries /><Links><IndexLink Title="TCP Probe Command Reference" Link="/Content/02-CustomProbes/commandref.html#kanchor463" UsedConditions="" LocalConditions="" /></Links><SeeAlsoLinks /><IndexControlLinks /><SortAsLinks /></IndexEntry><IndexEntry Term="Matches"><Entries /><Links><IndexLink Title="The &lt;snmp-device-thresholds&gt; Section" Link="/Content/02-CustomProbes/Thresholds.htm#kanchor181" UsedConditions="" LocalConditions="" /></Links><SeeAlsoLinks /><IndexControlLinks /><SortAsLinks /></IndexEntry><IndexEntry Term="Matching"><Entries /><Links><IndexLink Title="Probe Calculations" Link="/Content/02-CustomProbes/probecalculations.htm#kanchor234" UsedConditions="" LocalConditions="" /><IndexLink Title="The &lt;script&gt; Section" Link="/Content/02-CustomProbes/language.html#kanchor296" UsedConditions="" LocalConditions="" /></Links><SeeAlsoLinks /><IndexControlLinks /><SortAsLinks /></IndexEntry></Entries><Links><IndexLink Title="SNMP Probes" Link="/Content/02-CustomProbes/customsnmpprobes.html#kanchor140" UsedConditions="" LocalConditions="" /><IndexLink Title="Probe Calculations" Link="/Content/02-CustomProbes/probecalculations.htm#kanchor218" UsedConditions="" LocalConditions="" /><IndexLink Title="The &lt;script&gt; Section" Link="/Content/02-CustomProbes/language.html#kanchor292" UsedConditions="" LocalConditions="" /><IndexLink Title="TCP Probe Command Reference" Link="/Content/02-CustomProbes/commandref.html#kanchor372" UsedConditions="" LocalConditions="" /></Links><SeeAlsoLinks /><IndexControlLinks /><SortAsLinks /></IndexEntry></Entries></IndexEntry></CatapultTargetIndex>