<?xml version="1.0" encoding="utf-8"?><index><stem n="access"><phr n="accessed"><ent r="3" t="7" w="112" /><ent r="3" t="57" w="20" /><ent r="3" t="57" w="209" /></phr><phr n="access"><ent r="3" t="18" w="146" /><ent r="4" t="18" w="212" /><ent r="3" t="25" w="1064" /><ent r="4" t="28" w="100" /><ent r="3" t="28" w="418" /><ent r="3" t="28" w="836" /><ent r="3" t="28" w="1069" /><ent r="3" t="55" w="525" /><ent r="4" t="56" w="69" /><ent r="4" t="56" w="83" /><ent r="3" t="56" w="173" /><ent r="3" t="57" w="224" /><ent r="3" t="60" w="160" /><ent r="3" t="60" w="297" /><ent r="3" t="63" w="239" /><ent r="3" t="70" w="116" /><ent r="3" t="70" w="130" /><ent r="3" t="70" w="193" /><ent r="3" t="70" w="198" /></phr><phr n="accessible"><ent r="3" t="18" w="1199" /><ent r="3" t="18" w="1231" /><ent r="4" t="18" w="1901" /><ent r="3" t="25" w="1067" /></phr><phr n="Accessing"><ent r="82" t="28" w="823" /><ent r="92" t="55" w="503" /></phr><phr n="accessing"><ent r="3" t="28" w="830" /><ent r="3" t="28" w="886" /><ent r="3" t="39" w="1114" /></phr><phr n="Access"><ent r="3" t="28" w="844" /></phr><phr n="ACCESS"><ent r="3" t="32" w="181" /><ent r="3" t="32" w="214" /><ent r="3" t="32" w="246" /><ent r="3" t="32" w="281" /><ent r="3" t="32" w="312" /><ent r="3" t="32" w="337" /></phr></stem><stem n="just"><phr n="just"><ent r="3" t="7" w="115" /><ent r="3" t="14" w="887" /><ent r="4" t="36" w="2218" /><ent r="4" t="40" w="330" /><ent r="3" t="44" w="45" /></phr></stem><stem n="calcul"><phr n="calculations"><ent r="3" t="7" w="123" /><ent r="3" t="13" w="1840" /><ent r="3" t="14" w="407" /><ent r="3" t="14" w="552" /><ent r="3" t="18" w="1519" /><ent r="3" t="18" w="1529" /><ent r="3" t="18" w="1540" /><ent r="3" t="33" w="612" /><ent r="3" t="36" w="1691" /></phr><phr n="calculation"><ent r="3" t="13" w="539" /><ent r="3" t="14" w="294" /><ent r="6" t="16" w="567" /><ent r="4" t="16" w="1244" /><ent r="3" t="16" w="1862" /><ent r="3" t="16" w="2002" /><ent r="4" t="23" w="113" /><ent r="4" t="23" w="2871" /><ent r="4" t="76" w="112" /><ent r="4" t="76" w="155" /><ent r="4" t="76" w="250" /></phr><phr n="Calculations"><ent r="64" t="13" w="1831" /><ent r="65" t="16" w="773" /><ent r="92" t="18" w="1507" /><ent r="1000" t="23" w="2" /><ent r="100" t="23" w="9" /><ent r="102" t="23" w="12" /><ent r="3" t="33" w="604" /><ent r="92" t="33" w="606" /><ent r="3" t="36" w="1683" /></phr><phr n="CALCULATION"><ent r="3" t="14" w="477" /><ent r="3" t="14" w="512" /><ent r="3" t="14" w="524" /><ent r="3" t="14" w="557" /><ent r="3" t="14" w="564" /><ent r="3" t="14" w="573" /><ent r="4" t="16" w="238" /><ent r="100" t="16" w="757" /><ent r="3" t="16" w="967" /><ent r="3" t="16" w="1509" /><ent r="3" t="16" w="1925" /><ent r="3" t="16" w="2020" /><ent r="3" t="18" w="1658" /><ent r="3" t="18" w="1668" /><ent r="3" t="18" w="1697" /><ent r="3" t="18" w="1706" /><ent r="3" t="18" w="1716" /><ent r="3" t="23" w="2823" /><ent r="3" t="23" w="2828" /><ent r="3" t="23" w="2833" /><ent r="6" t="23" w="2977" /><ent r="3" t="26" w="366" /><ent r="3" t="26" w="385" /><ent r="5" t="76" w="167" /><ent r="5" t="76" w="268" /></phr><phr n="Calculation"><ent r="7" t="16" w="557" /><ent r="100" t="16" w="754" /><ent r="4" t="16" w="759" /><ent r="92" t="16" w="1463" /><ent r="4" t="16" w="1468" /><ent r="3" t="53" w="128" /></phr><phr n="calculates"><ent r="3" t="16" w="1486" /><ent r="4" t="18" w="1565" /></phr><phr n="calculated"><ent r="4" t="18" w="1602" /><ent r="4" t="23" w="2280" /></phr></stem><stem n="refer"><phr n="refer"><ent r="3" t="7" w="134" /><ent r="3" t="7" w="318" /><ent r="3" t="16" w="1547" /><ent r="4" t="18" w="1622" /><ent r="3" t="36" w="3486" /><ent r="4" t="36" w="3520" /></phr><phr n="reference"><ent r="3" t="8" w="595" /><ent r="4" t="18" w="1615" /><ent r="4" t="18" w="1888" /><ent r="3" t="63" w="343" /><ent r="6" t="67" w="800" /></phr><phr n="referred"><ent r="3" t="13" w="461" /></phr><phr n="Reference"><ent r="65" t="16" w="173" /><ent r="64" t="16" w="1575" /><ent r="3" t="16" w="1629" /><ent r="64" t="33" w="1099" /><ent r="65" t="34" w="1354" /><ent r="1000" t="36" w="4" /><ent r="100" t="36" w="58" /><ent r="100" t="36" w="62" /><ent r="100" t="36" w="66" /><ent r="102" t="36" w="71" /><ent r="100" t="36" w="2256" /><ent r="1000" t="69" w="2" /><ent r="100" t="69" w="5" /><ent r="102" t="69" w="8" /><ent r="4" t="73" w="97" /></phr><phr n="references"><ent r="4" t="39" w="1050" /><ent r="3" t="55" w="462" /></phr><phr n="refers"><ent r="3" t="65" w="534" /><ent r="4" t="66" w="234" /></phr></stem><stem n="whose"><phr n="whose"><ent r="3" t="7" w="138" /><ent r="4" t="18" w="229" /><ent r="4" t="21" w="692" /><ent r="6" t="23" w="2952" /><ent r="3" t="25" w="758" /><ent r="3" t="27" w="105" /><ent r="3" t="28" w="36" /><ent r="3" t="28" w="770" /><ent r="3" t="36" w="1177" /><ent r="6" t="69" w="1234" /></phr></stem><stem n="space"><phr n="spaces"><ent r="3" t="7" w="144" /><ent r="3" t="13" w="488" /><ent r="3" t="13" w="1688" /><ent r="3" t="13" w="1709" /><ent r="3" t="13" w="1737" /><ent r="6" t="16" w="389" /><ent r="3" t="23" w="1363" /></phr><phr n="spaced"><ent r="3" t="10" w="185" /><ent r="5" t="11" w="186" /><ent r="5" t="11" w="202" /><ent r="3" t="19" w="86" /></phr><phr n="space"><ent r="5" t="13" w="1422" /><ent r="5" t="13" w="1441" /><ent r="4" t="34" w="358" /><ent r="4" t="34" w="385" /><ent r="3" t="36" w="4201" /><ent r="4" t="46" w="578" /><ent r="3" t="65" w="490" /><ent r="3" t="69" w="1788" /></phr></stem><stem n="enclos"><phr n="enclosed"><ent r="3" t="7" w="151" /><ent r="4" t="17" w="409" /><ent r="4" t="21" w="350" /><ent r="4" t="30" w="242" /><ent r="4" t="34" w="483" /><ent r="4" t="34" w="1336" /><ent r="4" t="39" w="729" /><ent r="4" t="65" w="187" /><ent r="6" t="67" w="137" /><ent r="6" t="69" w="1400" /></phr><phr n="Enclose"><ent r="4" t="17" w="378" /></phr><phr n="enclosing"><ent r="3" t="33" w="546" /></phr><phr n="enclose"><ent r="3" t="36" w="3475" /></phr></stem><stem n="curli"><phr n="curly"><ent r="3" t="7" w="153" /><ent r="4" t="30" w="244" /><ent r="4" t="34" w="1338" /></phr></stem><stem n="brace"><phr n="braces"><ent r="3" t="7" w="154" /><ent r="4" t="30" w="245" /><ent r="4" t="34" w="1339" /></phr><phr n="brace"><ent r="3" t="44" w="67" /></phr></stem><stem n="(example:"><phr n="(Example:"><ent r="3" t="7" w="156" /></phr></stem><stem n="&quot;${second"><phr n="&quot;${Seconds"><ent r="3" t="7" w="157" /></phr></stem><stem n="}&quot;)."><phr n="}&quot;)."><ent r="3" t="7" w="160" /></phr></stem><stem n="input"><phr n="Input"><ent r="92" t="7" w="161" /><ent r="4" t="7" w="175" /><ent r="4" t="7" w="182" /><ent r="5" t="9" w="75" /><ent r="5" t="9" w="110" /><ent r="5" t="9" w="167" /><ent r="5" t="9" w="233" /><ent r="5" t="9" w="338" /><ent r="5" t="9" w="770" /><ent r="5" t="9" w="810" /><ent r="5" t="9" w="851" /></phr><phr n="input"><ent r="3" t="7" w="168" /><ent r="3" t="7" w="256" /><ent r="3" t="7" w="354" /><ent r="3" t="7" w="577" /><ent r="3" t="7" w="585" /><ent r="4" t="8" w="289" /><ent r="3" t="14" w="1075" /><ent r="4" t="23" w="680" /><ent r="3" t="23" w="905" /><ent r="4" t="23" w="2395" /><ent r="4" t="23" w="2410" /><ent r="4" t="23" w="2444" /><ent r="4" t="23" w="2453" /><ent r="3" t="34" w="1394" /><ent r="3" t="36" w="170" /><ent r="4" t="36" w="421" /><ent r="3" t="36" w="2831" /><ent r="4" t="36" w="2879" /><ent r="4" t="39" w="1237" /><ent r="5" t="40" w="70" /><ent r="5" t="40" w="214" /><ent r="5" t="40" w="375" /><ent r="4" t="40" w="476" /><ent r="3" t="40" w="523" /></phr></stem><stem n="four"><phr n="Four"><ent r="3" t="7" w="165" /></phr><phr n="four"><ent r="3" t="7" w="574" /><ent r="3" t="15" w="584" /><ent r="3" t="16" w="129" /><ent r="4" t="18" w="855" /><ent r="3" t="18" w="1303" /><ent r="3" t="18" w="1448" /><ent r="3" t="18" w="1496" /><ent r="4" t="20" w="838" /><ent r="3" t="45" w="363" /><ent r="3" t="55" w="156" /><ent r="3" t="70" w="78" /></phr></stem><stem n="obscur"><phr n="obscuring"><ent r="4" t="7" w="186" /></phr></stem><stem n="charact"><phr n="characters"><ent r="4" t="7" w="188" /><ent r="3" t="11" w="47" /><ent r="3" t="11" w="60" /><ent r="3" t="11" w="83" /><ent r="3" t="11" w="97" /><ent r="6" t="16" w="386" /><ent r="3" t="22" w="97" /><ent r="3" t="23" w="1342" /><ent r="3" t="23" w="1350" /><ent r="3" t="23" w="2213" /><ent r="4" t="23" w="2285" /><ent r="6" t="23" w="2910" /><ent r="6" t="23" w="2933" /><ent r="3" t="34" w="504" /><ent r="5" t="34" w="1413" /><ent r="3" t="36" w="1046" /><ent r="4" t="36" w="2288" /><ent r="3" t="36" w="3163" /><ent r="3" t="36" w="3556" /><ent r="3" t="36" w="4631" /><ent r="4" t="39" w="731" /><ent r="6" t="69" w="1125" /></phr><phr n="character"><ent r="4" t="20" w="841" /><ent r="4" t="21" w="332" /><ent r="4" t="23" w="1199" /><ent r="6" t="23" w="2530" /><ent r="6" t="23" w="2539" /><ent r="6" t="23" w="2916" /><ent r="3" t="25" w="373" /><ent r="3" t="33" w="1054" /><ent r="4" t="46" w="543" /><ent r="4" t="68" w="241" /><ent r="3" t="69" w="1789" /></phr><phr n="Characters"><ent r="100" t="34" w="496" /><ent r="82" t="34" w="499" /></phr><phr n="Character"><ent r="5" t="34" w="563" /><ent r="100" t="34" w="592" /><ent r="4" t="34" w="596" /><ent r="100" t="34" w="709" /><ent r="82" t="34" w="714" /></phr></stem><stem n="dropdown"><phr n="Dropdown"><ent r="5" t="7" w="190" /><ent r="82" t="7" w="348" /><ent r="3" t="7" w="468" /><ent r="3" t="7" w="481" /><ent r="3" t="7" w="595" /></phr><phr n="dropdown"><ent r="4" t="7" w="195" /><ent r="3" t="7" w="360" /><ent r="3" t="7" w="377" /><ent r="3" t="7" w="416" /><ent r="3" t="7" w="442" /><ent r="3" t="7" w="454" /></phr></stem><stem n="checkbox"><phr n="Checkbox"><ent r="5" t="7" w="198" /><ent r="3" t="7" w="509" /><ent r="3" t="7" w="530" /><ent r="3" t="7" w="600" /></phr><phr n="checkbox"><ent r="3" t="30" w="48" /></phr></stem><stem n="true"><phr n="true"><ent r="4" t="7" w="204" /><ent r="3" t="7" w="510" /><ent r="3" t="7" w="512" /><ent r="3" t="7" w="516" /><ent r="3" t="7" w="601" /><ent r="3" t="7" w="603" /><ent r="3" t="8" w="213" /><ent r="4" t="8" w="364" /><ent r="5" t="15" w="851" /><ent r="3" t="15" w="975" /><ent r="3" t="16" w="1903" /><ent r="3" t="16" w="1958" /><ent r="3" t="16" w="1966" /><ent r="3" t="16" w="1973" /><ent r="3" t="17" w="87" /><ent r="4" t="17" w="241" /><ent r="4" t="21" w="234" /><ent r="3" t="21" w="999" /><ent r="3" t="21" w="1064" /><ent r="3" t="24" w="60" /><ent r="5" t="24" w="98" /><ent r="3" t="26" w="132" /><ent r="3" t="33" w="739" /><ent r="3" t="41" w="151" /><ent r="3" t="60" w="399" /><ent r="3" t="60" w="1020" /><ent r="3" t="60" w="1110" /><ent r="5" t="76" w="146" /><ent r="5" t="76" w="206" /><ent r="5" t="76" w="214" /><ent r="5" t="76" w="221" /></phr><phr n="TRUE"><ent r="100" t="23" w="25" /><ent r="100" t="23" w="136" /><ent r="4" t="23" w="149" /></phr><phr n="True"><ent r="3" t="34" w="970" /></phr></stem><stem n="fals"><phr n="false"><ent r="4" t="7" w="206" /><ent r="3" t="7" w="511" /><ent r="3" t="7" w="602" /><ent r="3" t="8" w="205" /><ent r="5" t="15" w="899" /><ent r="4" t="15" w="916" /><ent r="3" t="15" w="982" /><ent r="3" t="24" w="65" /><ent r="5" t="24" w="146" /><ent r="4" t="24" w="163" /><ent r="3" t="26" w="432" /><ent r="3" t="60" w="383" /><ent r="3" t="60" w="1143" /><ent r="3" t="60" w="1172" /></phr><phr n="FALSE"><ent r="100" t="23" w="31" /><ent r="100" t="23" w="133" /><ent r="4" t="23" w="156" /></phr><phr n="False"><ent r="3" t="42" w="883" /></phr></stem><stem n="clear"><phr n="clearing"><ent r="4" t="7" w="210" /><ent r="3" t="21" w="932" /></phr><phr n="Clear"><ent r="5" t="20" w="168" /><ent r="3" t="21" w="305" /><ent r="4" t="21" w="503" /><ent r="4" t="21" w="518" /><ent r="4" t="21" w="730" /><ent r="4" t="21" w="774" /><ent r="4" t="21" w="792" /></phr><phr n="clear"><ent r="5" t="20" w="187" /><ent r="4" t="20" w="846" /><ent r="4" t="21" w="137" /><ent r="3" t="21" w="545" /><ent r="4" t="21" w="807" /><ent r="4" t="21" w="848" /><ent r="3" t="21" w="1237" /><ent r="3" t="21" w="1412" /><ent r="3" t="21" w="1416" /><ent r="3" t="21" w="1469" /><ent r="3" t="21" w="1473" /><ent r="3" t="21" w="1504" /></phr><phr n="CLEAR"><ent r="4" t="21" w="379" /></phr><phr n="cleared"><ent r="3" t="21" w="470" /><ent r="3" t="21" w="581" /><ent r="4" t="21" w="825" /><ent r="4" t="21" w="828" /><ent r="3" t="21" w="1006" /></phr><phr n="Clears"><ent r="4" t="36" w="419" /></phr><phr n="clears"><ent r="3" t="36" w="2829" /></phr></stem><stem n="check"><phr n="check"><ent r="4" t="7" w="212" /><ent r="3" t="7" w="503" /><ent r="3" t="7" w="541" /><ent r="3" t="14" w="1204" /><ent r="3" t="14" w="1267" /><ent r="4" t="40" w="261" /><ent r="5" t="40" w="354" /><ent r="3" t="42" w="431" /><ent r="3" t="42" w="436" /><ent r="3" t="42" w="458" /><ent r="3" t="42" w="513" /><ent r="3" t="42" w="576" /><ent r="3" t="42" w="619" /><ent r="3" t="42" w="688" /><ent r="3" t="42" w="717" /><ent r="3" t="42" w="776" /><ent r="3" t="42" w="834" /><ent r="3" t="42" w="861" /><ent r="3" t="42" w="940" /><ent r="3" t="46" w="599" /><ent r="3" t="46" w="626" /><ent r="3" t="47" w="189" /><ent r="3" t="51" w="34" /><ent r="3" t="53" w="413" /></phr><phr n="Check"><ent r="82" t="7" w="496" /><ent r="5" t="9" w="730" /><ent r="3" t="42" w="462" /><ent r="3" t="42" w="474" /><ent r="3" t="42" w="480" /><ent r="3" t="42" w="696" /><ent r="3" t="42" w="721" /><ent r="3" t="42" w="733" /><ent r="3" t="42" w="742" /></phr><phr n="checks"><ent r="3" t="33" w="129" /><ent r="3" t="42" w="486" /></phr><phr n="checking"><ent r="3" t="36" w="947" /></phr><phr n="checked"><ent r="3" t="36" w="4520" /></phr><phr n="CHECK"><ent r="3" t="42" w="502" /><ent r="3" t="42" w="519" /></phr></stem><stem n="box"><phr n="box"><ent r="4" t="7" w="213" /><ent r="3" t="7" w="225" /><ent r="3" t="7" w="504" /><ent r="3" t="7" w="542" /></phr><phr n="Box"><ent r="82" t="7" w="497" /><ent r="3" t="32" w="102" /></phr></stem><stem n="enter"><phr n="entering"><ent r="3" t="7" w="227" /><ent r="3" t="68" w="21" /></phr><phr n="enter"><ent r="4" t="20" w="638" /><ent r="4" t="21" w="346" /><ent r="4" t="21" w="364" /><ent r="3" t="25" w="490" /><ent r="3" t="26" w="188" /><ent r="3" t="26" w="197" /><ent r="3" t="54" w="1152" /><ent r="4" t="72" w="79" /></phr><phr n="Enter"><ent r="4" t="46" w="314" /><ent r="4" t="48" w="74" /><ent r="100" t="54" w="27" /><ent r="100" t="54" w="733" /><ent r="4" t="54" w="735" /><ent r="4" t="55" w="752" /><ent r="4" t="72" w="57" /></phr><phr n="entered"><ent r="4" t="53" w="236" /></phr></stem><stem n="&quot;text&quot;"><phr n="&quot;Text&quot;"><ent r="3" t="7" w="232" /><ent r="3" t="7" w="592" /></phr></stem><stem n="&quot;text"><phr n="&quot;Text"><ent r="3" t="7" w="232" /><ent r="3" t="7" w="592" /></phr></stem><stem n="{text}"><phr n="{Text}"><ent r="4" t="7" w="244" /></phr></stem><stem n="conceal"><phr n="conceal"><ent r="3" t="7" w="259" /></phr></stem><stem n="casual"><phr n="casual"><ent r="3" t="7" w="263" /></phr></stem><stem n="view"><phr n="view"><ent r="3" t="7" w="264" /><ent r="4" t="8" w="107" /><ent r="4" t="8" w="667" /><ent r="3" t="18" w="43" /><ent r="3" t="18" w="121" /><ent r="3" t="31" w="197" /><ent r="3" t="34" w="119" /><ent r="3" t="50" w="34" /><ent r="3" t="52" w="64" /><ent r="4" t="55" w="810" /><ent r="3" t="58" w="208" /><ent r="4" t="59" w="115" /><ent r="3" t="70" w="122" /><ent r="3" t="70" w="270" /></phr><phr n="View"><ent r="3" t="18" w="1847" /></phr><phr n="Viewing"><ent r="1000" t="30" w="2" /><ent r="102" t="30" w="7" /></phr><phr n="viewing"><ent r="3" t="52" w="124" /></phr></stem><stem n="(so-cal"><phr n="(so-called"><ent r="3" t="7" w="265" /></phr></stem><stem n="so-cal"><phr n="so-called"><ent r="3" t="7" w="265" /></phr></stem><stem n="call"><phr n="called"><ent r="3" t="7" w="266" /><ent r="4" t="15" w="132" /><ent r="3" t="15" w="542" /><ent r="3" t="16" w="79" /><ent r="4" t="18" w="247" /><ent r="3" t="19" w="199" /><ent r="3" t="20" w="66" /><ent r="3" t="25" w="927" /><ent r="3" t="44" w="16" /><ent r="3" t="55" w="703" /><ent r="3" t="64" w="96" /><ent r="6" t="69" w="1385" /></phr><phr n="Calling"><ent r="92" t="42" w="338" /><ent r="1000" t="72" w="3" /><ent r="100" t="72" w="6" /><ent r="102" t="72" w="11" /></phr><phr n="call"><ent r="3" t="42" w="359" /><ent r="3" t="73" w="26" /></phr><phr n="calls"><ent r="4" t="48" w="392" /></phr><phr n="calling"><ent r="3" t="72" w="17" /></phr></stem><stem n="asterisk"><phr n="asterisks"><ent r="3" t="7" w="279" /></phr><phr n="asterisk"><ent r="3" t="7" w="294" /></phr></stem><stem n="(&quot;*****&quot;)"><phr n="(&quot;*****&quot;)"><ent r="3" t="7" w="280" /></phr></stem><stem n="place"><phr n="place"><ent r="3" t="7" w="291" /><ent r="3" t="33" w="964" /><ent r="3" t="34" w="739" /><ent r="3" t="36" w="1364" /><ent r="4" t="39" w="990" /><ent r="3" t="53" w="429" /><ent r="3" t="65" w="426" /><ent r="6" t="67" w="305" /><ent r="6" t="67" w="676" /><ent r="3" t="68" w="124" /><ent r="65" t="69" w="92" /><ent r="93" t="69" w="1151" /><ent r="6" t="69" w="1176" /><ent r="6" t="69" w="2451" /></phr><phr n="placed"><ent r="4" t="8" w="187" /><ent r="4" t="8" w="735" /><ent r="4" t="16" w="731" /><ent r="6" t="23" w="2955" /><ent r="3" t="36" w="2566" /><ent r="3" t="61" w="103" /><ent r="4" t="65" w="116" /><ent r="4" t="65" w="296" /><ent r="4" t="65" w="316" /><ent r="3" t="70" w="233" /></phr><phr n="places"><ent r="3" t="13" w="1571" /><ent r="3" t="23" w="977" /><ent r="3" t="23" w="1515" /><ent r="4" t="34" w="812" /><ent r="3" t="36" w="3102" /></phr><phr n="Place"><ent r="4" t="34" w="673" /><ent r="4" t="34" w="753" /><ent r="4" t="34" w="779" /><ent r="3" t="34" w="1736" /><ent r="4" t="68" w="228" /></phr><phr n="placing"><ent r="4" t="36" w="807" /><ent r="3" t="71" w="49" /></phr></stem><stem n="(&quot;*&quot;)"><phr n="(&quot;*&quot;)"><ent r="3" t="7" w="295" /></phr></stem><stem n="&quot;password*&quot;"><phr n="&quot;Password*&quot;"><ent r="3" t="7" w="305" /><ent r="3" t="7" w="595" /></phr></stem><stem n="remain"><phr n="remains"><ent r="3" t="7" w="311" /><ent r="3" t="20" w="425" /></phr><phr n="remaining"><ent r="4" t="18" w="818" /><ent r="3" t="18" w="1293" /><ent r="3" t="21" w="1054" /><ent r="4" t="23" w="2449" /><ent r="3" t="33" w="1064" /><ent r="4" t="34" w="388" /><ent r="3" t="65" w="229" /></phr><phr n="remain"><ent r="4" t="21" w="793" /></phr></stem><stem n="{password*}"><phr n="{Password*}"><ent r="3" t="7" w="314" /></phr></stem><stem n="&quot;*&quot;"><phr n="&quot;*&quot;"><ent r="3" t="7" w="327" /></phr></stem><stem n="remov"><phr n="removed"><ent r="3" t="7" w="328" /><ent r="5" t="13" w="1414" /><ent r="4" t="21" w="778" /></phr><phr n="remove"><ent r="3" t="14" w="1260" /><ent r="3" t="18" w="1258" /><ent r="3" t="18" w="1277" /><ent r="3" t="21" w="579" /><ent r="4" t="59" w="93" /></phr><phr n="removes"><ent r="3" t="18" w="1466" /><ent r="4" t="21" w="805" /></phr><phr n="Remove"><ent r="4" t="23" w="426" /></phr><phr n="removing"><ent r="3" t="39" w="1255" /><ent r="4" t="40" w="222" /><ent r="3" t="40" w="485" /></phr></stem><stem n="&quot;password&quot;"><phr n="&quot;Password&quot;"><ent r="3" t="7" w="342" /></phr></stem><stem n="choic"><phr n="choices"><ent r="3" t="7" w="372" /><ent r="3" t="7" w="398" /><ent r="6" t="16" w="644" /><ent r="3" t="16" w="1878" /><ent r="3" t="16" w="1884" /><ent r="3" t="16" w="1936" /><ent r="4" t="76" w="128" /></phr><phr n="choice"><ent r="4" t="24" w="318" /><ent r="6" t="69" w="1659" /></phr></stem><stem n="syntax"><phr n="syntax"><ent r="3" t="7" w="381" /><ent r="3" t="7" w="507" /><ent r="3" t="8" w="34" /><ent r="3" t="8" w="590" /><ent r="3" t="12" w="42" /><ent r="5" t="13" w="1436" /><ent r="3" t="13" w="1805" /><ent r="3" t="13" w="2198" /><ent r="3" t="18" w="1022" /><ent r="4" t="18" w="1913" /><ent r="3" t="19" w="223" /><ent r="4" t="23" w="194" /><ent r="4" t="23" w="198" /><ent r="4" t="25" w="557" /><ent r="3" t="25" w="629" /><ent r="3" t="34" w="1728" /><ent r="3" t="34" w="1745" /><ent r="4" t="36" w="483" /><ent r="3" t="36" w="969" /><ent r="4" t="36" w="986" /><ent r="3" t="36" w="1092" /><ent r="64" t="36" w="1110" /><ent r="3" t="36" w="2990" /><ent r="3" t="56" w="48" /><ent r="3" t="63" w="242" /><ent r="3" t="63" w="285" /></phr><phr n="Syntax"><ent r="92" t="18" w="530" /><ent r="3" t="23" w="81" /><ent r="3" t="25" w="187" /><ent r="3" t="25" w="442" /></phr><phr n="SYNTAX"><ent r="3" t="32" w="175" /><ent r="3" t="32" w="208" /><ent r="3" t="32" w="240" /><ent r="3" t="32" w="275" /><ent r="3" t="32" w="306" /><ent r="3" t="32" w="331" /></phr></stem><stem n="equal"><phr n="Equal"><ent r="3" t="7" w="384" /><ent r="3" t="7" w="432" /><ent r="3" t="7" w="472" /><ent r="3" t="7" w="531" /><ent r="3" t="33" w="888" /><ent r="3" t="33" w="925" /><ent r="100" t="36" w="29" /><ent r="100" t="36" w="48" /><ent r="100" t="36" w="53" /></phr><phr n="equal"><ent r="3" t="16" w="1994" /><ent r="3" t="33" w="902" /><ent r="4" t="36" w="659" /><ent r="4" t="36" w="698" /><ent r="3" t="36" w="2783" /><ent r="3" t="36" w="2810" /><ent r="3" t="36" w="3039" /><ent r="4" t="36" w="3066" /><ent r="4" t="76" w="243" /></phr><phr n="Equality"><ent r="100" t="23" w="345" /><ent r="4" t="23" w="348" /></phr><phr n="equally"><ent r="3" t="33" w="877" /><ent r="3" t="36" w="4300" /></phr></stem><stem n="equal,notequ"><phr n="Equal,NotEqual"><ent r="3" t="7" w="385" /><ent r="3" t="7" w="384" /><ent r="3" t="7" w="433" /><ent r="3" t="7" w="432" /><ent r="3" t="7" w="473" /><ent r="3" t="7" w="472" /><ent r="3" t="7" w="532" /><ent r="3" t="7" w="531" /></phr></stem><stem n="notequ"><phr n="NotEqual"><ent r="3" t="7" w="385" /><ent r="3" t="7" w="386" /><ent r="3" t="7" w="390" /><ent r="3" t="7" w="433" /><ent r="3" t="7" w="473" /><ent r="3" t="7" w="532" /></phr></stem><stem n="&quot;test[equal,notequal]&quot;"><phr n="&quot;Test[Equal,NotEqual]&quot;"><ent r="3" t="7" w="386" /></phr></stem><stem n="&quot;notequal&quot;"><phr n="&quot;NotEqual&quot;"><ent r="3" t="7" w="387" /></phr></stem><stem n="//default"><phr n="//Default"><ent r="3" t="7" w="387" /><ent r="3" t="7" w="513" /></phr></stem><stem n="initi"><phr n="initial"><ent r="3" t="7" w="412" /><ent r="3" t="14" w="1225" /><ent r="3" t="14" w="1287" /><ent r="3" t="21" w="1408" /><ent r="3" t="38" w="230" /></phr><phr n="initializes"><ent r="3" t="14" w="993" /></phr><phr n="initialized"><ent r="3" t="14" w="1017" /></phr><phr n="initially"><ent r="3" t="19" w="444" /><ent r="3" t="19" w="479" /></phr><phr n="initiate"><ent r="3" t="27" w="277" /></phr><phr n="initiation"><ent r="6" t="37" w="102" /></phr></stem><stem n="{test[equal,notequal]},"><phr n="{Test[Equal,NotEqual]},"><ent r="3" t="7" w="434" /></phr></stem><stem n="4"><phr n="4"><ent r="3" t="7" w="467" /><ent r="3" t="10" w="265" /><ent r="3" t="10" w="272" /><ent r="3" t="10" w="279" /><ent r="3" t="11" w="79" /><ent r="8" t="11" w="322" /><ent r="3" t="13" w="568" /><ent r="3" t="13" w="1890" /><ent r="3" t="13" w="1985" /><ent r="3" t="13" w="1993" /><ent r="3" t="13" w="1994" /><ent r="3" t="13" w="2083" /><ent r="3" t="14" w="110" /><ent r="3" t="14" w="111" /><ent r="3" t="14" w="639" /><ent r="3" t="14" w="648" /><ent r="3" t="14" w="657" /><ent r="3" t="14" w="672" /><ent r="3" t="14" w="688" /><ent r="3" t="14" w="1096" /><ent r="3" t="15" w="635" /><ent r="3" t="15" w="650" /><ent r="3" t="15" w="651" /><ent r="6" t="16" w="609" /><ent r="3" t="16" w="932" /><ent r="3" t="16" w="933" /><ent r="4" t="16" w="1073" /><ent r="4" t="16" w="1074" /><ent r="3" t="18" w="1350" /><ent r="4" t="18" w="1431" /><ent r="4" t="18" w="1434" /><ent r="4" t="18" w="1588" /><ent r="3" t="18" w="1680" /><ent r="3" t="19" w="166" /><ent r="3" t="19" w="173" /><ent r="3" t="19" w="180" /><ent r="3" t="19" w="534" /><ent r="3" t="19" w="538" /><ent r="3" t="19" w="550" /><ent r="3" t="19" w="555" /><ent r="3" t="19" w="560" /><ent r="3" t="19" w="565" /><ent r="3" t="21" w="1178" /><ent r="3" t="21" w="1187" /><ent r="3" t="21" w="1249" /><ent r="3" t="21" w="1322" /><ent r="3" t="21" w="1339" /><ent r="3" t="21" w="1356" /><ent r="3" t="21" w="1431" /><ent r="3" t="21" w="1487" /><ent r="3" t="21" w="1497" /><ent r="3" t="21" w="1522" /><ent r="3" t="21" w="1532" /><ent r="3" t="21" w="1550" /><ent r="3" t="21" w="1558" /><ent r="3" t="21" w="1566" /><ent r="3" t="23" w="1995" /><ent r="3" t="23" w="2015" /><ent r="3" t="23" w="2023" /><ent r="3" t="23" w="2024" /><ent r="3" t="23" w="2037" /><ent r="3" t="23" w="2057" /><ent r="3" t="23" w="2065" /><ent r="3" t="23" w="2066" /><ent r="3" t="23" w="2079" /><ent r="3" t="23" w="2087" /><ent r="3" t="23" w="2088" /><ent r="3" t="23" w="2092" /><ent r="3" t="23" w="2101" /><ent r="3" t="23" w="2110" /><ent r="3" t="23" w="2119" /><ent r="3" t="23" w="2126" /><ent r="3" t="23" w="2133" /><ent r="3" t="23" w="2134" /><ent r="3" t="23" w="2144" /><ent r="3" t="23" w="2326" /><ent r="3" t="23" w="2333" /><ent r="6" t="23" w="2550" /><ent r="6" t="23" w="2559" /><ent r="3" t="23" w="2652" /><ent r="3" t="23" w="2660" /><ent r="3" t="25" w="335" /><ent r="3" t="25" w="956" /><ent r="3" t="25" w="957" /><ent r="3" t="26" w="59" /><ent r="3" t="26" w="110" /><ent r="4" t="28" w="230" /><ent r="3" t="28" w="558" /><ent r="3" t="28" w="592" /><ent r="3" t="30" w="79" /><ent r="3" t="30" w="112" /><ent r="3" t="30" w="121" /><ent r="3" t="30" w="131" /><ent r="4" t="30" w="215" /><ent r="4" t="30" w="274" /><ent r="4" t="30" w="284" /><ent r="3" t="31" w="60" /><ent r="3" t="31" w="72" /><ent r="3" t="31" w="73" /><ent r="3" t="31" w="350" /><ent r="3" t="31" w="444" /><ent r="3" t="31" w="458" /><ent r="3" t="31" w="475" /><ent r="3" t="31" w="488" /><ent r="3" t="31" w="502" /><ent r="3" t="31" w="507" /><ent r="3" t="31" w="517" /><ent r="3" t="31" w="533" /><ent r="3" t="31" w="598" /><ent r="3" t="31" w="605" /><ent r="3" t="31" w="619" /><ent r="3" t="31" w="636" /><ent r="3" t="31" w="649" /><ent r="3" t="31" w="663" /><ent r="3" t="31" w="668" /><ent r="3" t="31" w="678" /><ent r="3" t="31" w="694" /><ent r="3" t="31" w="728" /><ent r="3" t="31" w="742" /><ent r="3" t="31" w="759" /><ent r="3" t="31" w="772" /><ent r="3" t="31" w="786" /><ent r="3" t="31" w="791" /><ent r="3" t="31" w="801" /><ent r="3" t="31" w="817" /><ent r="3" t="31" w="838" /><ent r="3" t="31" w="852" /><ent r="3" t="31" w="869" /><ent r="3" t="31" w="882" /><ent r="3" t="31" w="896" /><ent r="3" t="31" w="901" /><ent r="3" t="31" w="911" /><ent r="3" t="31" w="927" /><ent r="3" t="31" w="942" /><ent r="3" t="31" w="955" /><ent r="3" t="31" w="968" /><ent r="3" t="31" w="981" /><ent r="3" t="31" w="994" /><ent r="3" t="31" w="1007" /><ent r="3" t="31" w="1027" /><ent r="3" t="31" w="1034" /><ent r="3" t="31" w="1051" /><ent r="3" t="31" w="1064" /><ent r="3" t="31" w="1078" /><ent r="3" t="31" w="1083" /><ent r="3" t="31" w="1093" /><ent r="3" t="31" w="1109" /><ent r="3" t="31" w="1181" /><ent r="3" t="31" w="1195" /><ent r="3" t="31" w="1209" /><ent r="3" t="31" w="1226" /><ent r="3" t="31" w="1231" /><ent r="3" t="31" w="1241" /><ent r="3" t="31" w="1257" /><ent r="3" t="31" w="1521" /><ent r="3" t="31" w="1525" /><ent r="3" t="31" w="1529" /><ent r="3" t="31" w="1533" /><ent r="3" t="31" w="1537" /><ent r="3" t="31" w="1545" /><ent r="3" t="31" w="1553" /><ent r="3" t="31" w="1561" /><ent r="3" t="31" w="1569" /><ent r="3" t="31" w="1579" /><ent r="3" t="31" w="1597" /><ent r="3" t="31" w="1603" /><ent r="3" t="31" w="1610" /><ent r="3" t="31" w="1617" /><ent r="3" t="31" w="1624" /><ent r="3" t="31" w="1632" /><ent r="3" t="31" w="1654" /><ent r="3" t="31" w="1661" /><ent r="3" t="31" w="1668" /><ent r="3" t="31" w="1675" /><ent r="3" t="31" w="1677" /><ent r="3" t="31" w="1682" /><ent r="3" t="31" w="1689" /><ent r="3" t="31" w="1696" /><ent r="3" t="31" w="1703" /><ent r="3" t="31" w="1710" /><ent r="3" t="31" w="1717" /><ent r="3" t="32" w="302" /><ent r="4" t="34" w="331" /><ent r="3" t="36" w="3952" /><ent r="4" t="36" w="4333" /><ent r="3" t="38" w="609" /><ent r="3" t="38" w="618" /><ent r="3" t="42" w="546" /><ent r="3" t="42" w="597" /><ent r="3" t="42" w="802" /><ent r="3" t="42" w="866" /><ent r="3" t="42" w="897" /><ent r="3" t="42" w="912" /><ent r="3" t="45" w="475" /><ent r="65" t="46" w="449" /><ent r="3" t="48" w="628" /><ent r="3" t="48" w="808" /><ent r="3" t="53" w="376" /><ent r="3" t="53" w="379" /><ent r="3" t="54" w="892" /><ent r="3" t="54" w="925" /><ent r="3" t="54" w="1060" /><ent r="3" t="55" w="513" /><ent r="3" t="55" w="626" /><ent r="3" t="55" w="676" /><ent r="3" t="55" w="678" /><ent r="3" t="55" w="691" /><ent r="3" t="63" w="89" /></phr></stem></index>