<?xml version="1.0" encoding="utf-8"?><index><stem n="context"><phr n="contexts"><ent r="3" t="13" w="38" /><ent r="3" t="13" w="1768" /></phr><phr n="context"><ent r="3" t="13" w="44" /><ent r="6" t="69" w="492" /><ent r="6" t="69" w="537" /><ent r="6" t="69" w="552" /><ent r="6" t="69" w="955" /><ent r="6" t="69" w="987" /><ent r="6" t="69" w="1002" /></phr></stem><stem n="chartabl"><phr n="Chartable"><ent r="65" t="13" w="65" /><ent r="100" t="16" w="1513" /></phr><phr n="chartable"><ent r="66" t="13" w="340" /><ent r="5" t="13" w="354" /><ent r="5" t="13" w="379" /><ent r="3" t="13" w="580" /><ent r="65" t="13" w="613" /><ent r="67" t="13" w="687" /><ent r="5" t="13" w="692" /><ent r="5" t="13" w="718" /><ent r="5" t="13" w="1337" /><ent r="82" t="13" w="1502" /><ent r="3" t="13" w="1508" /><ent r="3" t="13" w="1522" /><ent r="3" t="13" w="1528" /><ent r="4" t="13" w="1543" /><ent r="3" t="13" w="1668" /><ent r="3" t="13" w="1674" /><ent r="3" t="13" w="1680" /><ent r="3" t="13" w="1690" /><ent r="3" t="13" w="1698" /><ent r="3" t="13" w="1711" /><ent r="3" t="13" w="1718" /><ent r="3" t="13" w="1727" /><ent r="3" t="13" w="2146" /><ent r="3" t="13" w="2202" /><ent r="7" t="16" w="408" /><ent r="7" t="16" w="554" /><ent r="3" t="16" w="1542" /><ent r="4" t="16" w="1603" /><ent r="3" t="43" w="52" /><ent r="3" t="44" w="214" /><ent r="3" t="46" w="174" /><ent r="4" t="46" w="825" /><ent r="3" t="47" w="103" /><ent r="4" t="48" w="110" /></phr></stem><stem n="eval"><phr n="Eval"><ent r="65" t="13" w="69" /><ent r="3" t="13" w="1882" /><ent r="64" t="33" w="830" /></phr><phr n="eval"><ent r="66" t="13" w="333" /><ent r="5" t="13" w="336" /><ent r="66" t="13" w="679" /><ent r="5" t="13" w="683" /><ent r="66" t="13" w="1309" /><ent r="5" t="13" w="1312" /><ent r="82" t="13" w="1742" /><ent r="4" t="13" w="1749" /><ent r="3" t="13" w="1809" /><ent r="3" t="13" w="1816" /><ent r="3" t="13" w="1887" /><ent r="3" t="13" w="1908" /><ent r="3" t="13" w="1925" /><ent r="3" t="13" w="1930" /><ent r="3" t="13" w="1937" /><ent r="3" t="13" w="1943" /><ent r="3" t="13" w="1977" /><ent r="3" t="13" w="2006" /><ent r="3" t="14" w="677" /><ent r="4" t="16" w="1612" /><ent r="66" t="36" w="1799" /></phr><phr n="EVAL"><ent r="64" t="33" w="622" /><ent r="3" t="33" w="657" /><ent r="3" t="33" w="699" /><ent r="3" t="33" w="720" /><ent r="6" t="33" w="769" /><ent r="6" t="33" w="799" /><ent r="3" t="33" w="872" /><ent r="3" t="33" w="1082" /><ent r="100" t="36" w="757" /><ent r="65" t="36" w="759" /><ent r="82" t="36" w="1651" /><ent r="3" t="36" w="1725" /><ent r="3" t="36" w="1733" /><ent r="3" t="36" w="1743" /><ent r="3" t="36" w="1754" /><ent r="3" t="36" w="1769" /><ent r="3" t="36" w="1784" /></phr></stem><stem n="scalable10"><phr n="Scalable10"><ent r="65" t="13" w="73" /></phr><phr n="scalable10"><ent r="66" t="13" w="363" /><ent r="68" t="13" w="701" /><ent r="68" t="13" w="1321" /><ent r="82" t="13" w="2114" /><ent r="3" t="13" w="2123" /><ent r="4" t="13" w="2160" /><ent r="3" t="13" w="2208" /><ent r="3" t="13" w="2220" /><ent r="3" t="13" w="2228" /><ent r="3" t="13" w="2260" /><ent r="3" t="14" w="693" /><ent r="4" t="16" w="1616" /></phr></stem><stem n="scalable2"><phr n="Scalable2"><ent r="65" t="13" w="75" /></phr><phr n="scalable2"><ent r="66" t="13" w="358" /><ent r="68" t="13" w="696" /><ent r="68" t="13" w="1316" /><ent r="82" t="13" w="2117" /><ent r="3" t="13" w="2126" /><ent r="4" t="13" w="2174" /><ent r="3" t="13" w="2213" /><ent r="3" t="13" w="2238" /><ent r="3" t="13" w="2246" /><ent r="4" t="16" w="1619" /></phr></stem><stem n="probe-typ"><phr n="probe-type"><ent r="3" t="13" w="97" /><ent r="3" t="13" w="296" /><ent r="3" t="13" w="502" /><ent r="3" t="13" w="981" /></phr></stem><stem n="(probe-type=cmd-line)"><phr n="(probe-type=cmd-line)"><ent r="3" t="13" w="101" /><ent r="3" t="13" w="300" /></phr></stem><stem n="{address}"><phr n="{address}"><ent r="5" t="13" w="136" /></phr><phr n="{ADDRESS}"><ent r="5" t="40" w="361" /><ent r="3" t="42" w="518" /><ent r="3" t="46" w="104" /><ent r="4" t="46" w="338" /><ent r="3" t="47" w="194" /></phr></stem><stem n="devicenam"><phr n="devicename"><ent r="5" t="13" w="145" /><ent r="5" t="13" w="308" /><ent r="5" t="13" w="634" /><ent r="5" t="13" w="1284" /><ent r="7" t="69" w="1039" /></phr><phr n="DeviceName"><ent r="4" t="20" w="875" /></phr><phr n="deviceName"><ent r="3" t="28" w="931" /><ent r="3" t="28" w="948" /><ent r="3" t="28" w="985" /><ent r="3" t="28" w="988" /><ent r="3" t="28" w="1092" /></phr><phr n="Devicename"><ent r="100" t="69" w="1036" /></phr></stem><stem n="{devicename}"><phr n="{devicename}"><ent r="5" t="13" w="146" /><ent r="5" t="13" w="309" /><ent r="5" t="13" w="635" /><ent r="5" t="13" w="1285" /><ent r="7" t="69" w="1040" /></phr></stem><stem n="resolv"><phr n="resolve"><ent r="5" t="13" w="163" /><ent r="4" t="25" w="545" /></phr><phr n="resolves"><ent r="92" t="50" w="51" /></phr></stem><stem n="{port}"><phr n="{port}"><ent r="5" t="13" w="173" /></phr><phr n="{PORT}"><ent r="3" t="46" w="107" /><ent r="4" t="46" w="341" /></phr></stem><stem n="exit"><phr n="exit"><ent r="5" t="13" w="184" /><ent r="5" t="13" w="188" /><ent r="5" t="13" w="200" /><ent r="3" t="14" w="1086" /><ent r="3" t="14" w="1324" /><ent r="3" t="33" w="985" /><ent r="5" t="36" w="2693" /><ent r="5" t="36" w="2700" /><ent r="3" t="36" w="2792" /><ent r="4" t="36" w="2799" /><ent r="5" t="36" w="3048" /><ent r="5" t="36" w="3055" /><ent r="5" t="39" w="667" /><ent r="3" t="41" w="93" /><ent r="3" t="41" w="126" /><ent r="3" t="42" w="536" /><ent r="3" t="42" w="624" /><ent r="3" t="42" w="684" /><ent r="3" t="45" w="455" /><ent r="3" t="45" w="490" /><ent r="3" t="46" w="132" /><ent r="4" t="46" w="756" /><ent r="4" t="46" w="767" /><ent r="4" t="46" w="774" /><ent r="3" t="47" w="80" /><ent r="3" t="47" w="224" /><ent r="3" t="48" w="618" /><ent r="3" t="48" w="883" /><ent r="3" t="48" w="937" /><ent r="3" t="60" w="524" /></phr><phr n="EXIT"><ent r="3" t="14" w="1094" /><ent r="3" t="14" w="1099" /><ent r="3" t="14" w="1104" /><ent r="3" t="14" w="1109" /><ent r="3" t="14" w="1114" /><ent r="100" t="36" w="535" /><ent r="65" t="36" w="537" /><ent r="100" t="36" w="862" /><ent r="83" t="36" w="1818" /><ent r="7" t="36" w="1824" /><ent r="100" t="41" w="43" /><ent r="3" t="41" w="100" /><ent r="4" t="41" w="112" /><ent r="3" t="42" w="544" /><ent r="3" t="42" w="549" /><ent r="3" t="42" w="554" /><ent r="3" t="42" w="559" /><ent r="3" t="42" w="564" /><ent r="3" t="42" w="800" /><ent r="3" t="42" w="805" /><ent r="3" t="42" w="810" /><ent r="3" t="42" w="815" /><ent r="3" t="42" w="820" /><ent r="3" t="44" w="185" /><ent r="3" t="44" w="190" /><ent r="3" t="44" w="195" /><ent r="3" t="45" w="392" /><ent r="3" t="45" w="397" /><ent r="3" t="45" w="402" /><ent r="3" t="45" w="407" /><ent r="3" t="47" w="232" /><ent r="3" t="47" w="237" /><ent r="3" t="47" w="242" /><ent r="3" t="47" w="247" /><ent r="3" t="48" w="626" /><ent r="3" t="48" w="631" /><ent r="3" t="48" w="636" /><ent r="3" t="48" w="641" /><ent r="3" t="48" w="646" /></phr></stem><stem n="exit_cod"><phr n="exit_code"><ent r="5" t="13" w="185" /><ent r="5" t="13" w="184" /><ent r="5" t="13" w="201" /><ent r="5" t="13" w="200" /></phr><phr n="EXIT_CODE"><ent r="3" t="14" w="1095" /><ent r="3" t="14" w="1094" /><ent r="3" t="14" w="1100" /><ent r="3" t="14" w="1099" /><ent r="3" t="14" w="1105" /><ent r="3" t="14" w="1104" /><ent r="3" t="14" w="1110" /><ent r="3" t="14" w="1109" /><ent r="3" t="14" w="1115" /><ent r="3" t="14" w="1114" /><ent r="100" t="41" w="44" /><ent r="100" t="41" w="43" /><ent r="3" t="41" w="101" /><ent r="3" t="41" w="100" /><ent r="4" t="41" w="113" /><ent r="4" t="41" w="112" /><ent r="3" t="42" w="545" /><ent r="3" t="42" w="544" /><ent r="3" t="42" w="550" /><ent r="3" t="42" w="549" /><ent r="3" t="42" w="555" /><ent r="3" t="42" w="554" /><ent r="3" t="42" w="560" /><ent r="3" t="42" w="559" /><ent r="3" t="42" w="565" /><ent r="3" t="42" w="564" /><ent r="3" t="42" w="801" /><ent r="3" t="42" w="800" /><ent r="3" t="42" w="806" /><ent r="3" t="42" w="805" /><ent r="3" t="42" w="811" /><ent r="3" t="42" w="810" /><ent r="3" t="42" w="816" /><ent r="3" t="42" w="815" /><ent r="3" t="42" w="821" /><ent r="3" t="42" w="820" /><ent r="3" t="44" w="186" /><ent r="3" t="44" w="185" /><ent r="3" t="44" w="191" /><ent r="3" t="44" w="190" /><ent r="3" t="44" w="196" /><ent r="3" t="44" w="195" /><ent r="3" t="45" w="393" /><ent r="3" t="45" w="392" /><ent r="3" t="45" w="398" /><ent r="3" t="45" w="397" /><ent r="3" t="45" w="403" /><ent r="3" t="45" w="402" /><ent r="3" t="45" w="408" /><ent r="3" t="45" w="407" /><ent r="3" t="47" w="233" /><ent r="3" t="47" w="232" /><ent r="3" t="47" w="238" /><ent r="3" t="47" w="237" /><ent r="3" t="47" w="243" /><ent r="3" t="47" w="242" /><ent r="3" t="47" w="248" /><ent r="3" t="47" w="247" /><ent r="3" t="48" w="627" /><ent r="3" t="48" w="626" /><ent r="3" t="48" w="632" /><ent r="3" t="48" w="631" /><ent r="3" t="48" w="637" /><ent r="3" t="48" w="636" /><ent r="3" t="48" w="642" /><ent r="3" t="48" w="641" /><ent r="3" t="48" w="647" /><ent r="3" t="48" w="646" /></phr></stem><stem n="{exit_code}"><phr n="{exit_code}"><ent r="5" t="13" w="186" /><ent r="5" t="13" w="202" /></phr><phr n="{EXIT_CODE}"><ent r="4" t="41" w="114" /><ent r="3" t="42" w="817" /><ent r="3" t="44" w="187" /><ent r="3" t="44" w="192" /><ent r="3" t="44" w="197" /></phr></stem><stem n="cscript"><phr n="cscript"><ent r="5" t="13" w="211" /><ent r="5" t="13" w="221" /></phr><phr n="Cscript"><ent r="92" t="42" w="692" /></phr><phr n="CSCRIPT"><ent r="3" t="42" w="775" /></phr></stem><stem n="{cscript}"><phr n="{cscript}"><ent r="5" t="13" w="212" /></phr></stem><stem n=".ex"><phr n=".exe"><ent r="5" t="13" w="222" /><ent r="3" t="21" w="1169" /><ent r="4" t="40" w="277" /></phr></stem><stem n="cscript.ex"><phr n="cscript.exe"><ent r="5" t="13" w="222" /><ent r="5" t="13" w="221" /></phr></stem><stem n="ex"><phr n="exe"><ent r="5" t="13" w="222" /><ent r="3" t="21" w="1169" /><ent r="4" t="40" w="277" /><ent r="5" t="45" w="133" /></phr></stem><stem n="/nologo"><phr n="/nologo"><ent r="5" t="13" w="228" /></phr></stem><stem n="nologo"><phr n="nologo"><ent r="5" t="13" w="228" /></phr></stem><stem n="python"><phr n="python"><ent r="5" t="13" w="246" /><ent r="5" t="13" w="255" /><ent r="3" t="14" w="1145" /><ent r="3" t="42" w="233" /><ent r="64" t="45" w="80" /><ent r="5" t="45" w="116" /><ent r="5" t="45" w="131" /><ent r="3" t="45" w="227" /><ent r="3" t="45" w="308" /><ent r="3" t="45" w="427" /><ent r="4" t="48" w="190" /><ent r="64" t="48" w="983" /><ent r="64" t="48" w="995" /></phr><phr n="Python"><ent r="3" t="14" w="834" /><ent r="3" t="14" w="977" /><ent r="100" t="39" w="931" /><ent r="4" t="39" w="957" /><ent r="92" t="42" w="427" /><ent r="1000" t="45" w="2" /><ent r="102" t="45" w="6" /><ent r="3" t="45" w="15" /><ent r="3" t="45" w="33" /><ent r="3" t="45" w="55" /><ent r="3" t="45" w="73" /><ent r="3" t="45" w="87" /><ent r="4" t="45" w="183" /><ent r="3" t="45" w="202" /><ent r="3" t="45" w="223" /><ent r="3" t="45" w="272" /><ent r="3" t="45" w="312" /><ent r="3" t="45" w="324" /><ent r="3" t="45" w="330" /><ent r="3" t="45" w="344" /><ent r="3" t="45" w="347" /><ent r="3" t="45" w="432" /><ent r="3" t="45" w="437" /><ent r="3" t="48" w="123" /><ent r="4" t="48" w="224" /><ent r="4" t="48" w="370" /><ent r="5" t="48" w="439" /><ent r="3" t="48" w="962" /><ent r="4" t="48" w="975" /><ent r="4" t="48" w="1006" /><ent r="3" t="48" w="1016" /><ent r="3" t="59" w="206" /><ent r="3" t="74" w="48" /></phr><phr n="PYTHON"><ent r="3" t="14" w="1070" /><ent r="3" t="42" w="241" /><ent r="3" t="42" w="246" /><ent r="3" t="42" w="511" /><ent r="4" t="45" w="144" /><ent r="3" t="45" w="295" /><ent r="3" t="45" w="379" /><ent r="4" t="48" w="181" /><ent r="5" t="48" w="212" /><ent r="3" t="48" w="601" /><ent r="64" t="48" w="950" /></phr></stem><stem n="{python}"><phr n="{python}"><ent r="5" t="13" w="247" /></phr><phr n="{PYTHON}"><ent r="3" t="42" w="242" /><ent r="4" t="45" w="145" /><ent r="3" t="45" w="296" /><ent r="4" t="48" w="182" /><ent r="64" t="48" w="951" /></phr></stem><stem n="interpret"><phr n="interpreter"><ent r="5" t="13" w="256" /><ent r="3" t="45" w="16" /><ent r="3" t="45" w="21" /><ent r="3" t="45" w="34" /><ent r="3" t="45" w="88" /><ent r="3" t="45" w="100" /><ent r="4" t="45" w="162" /><ent r="3" t="45" w="438" /><ent r="4" t="48" w="191" /><ent r="3" t="48" w="963" /></phr><phr n="interpret"><ent r="3" t="18" w="331" /><ent r="4" t="33" w="296" /><ent r="3" t="34" w="37" /></phr><phr n="interpreted"><ent r="4" t="23" w="817" /><ent r="3" t="23" w="1902" /><ent r="100" t="39" w="929" /><ent r="4" t="39" w="983" /><ent r="3" t="67" w="15" /><ent r="4" t="68" w="222" /></phr><phr n="interprets"><ent r="3" t="46" w="153" /></phr><phr n="interpretation"><ent r="3" t="76" w="56" /></phr></stem><stem n="datacent"><phr n="DataCenter"><ent r="5" t="13" w="262" /><ent r="3" t="45" w="10" /><ent r="3" t="45" w="47" /><ent r="4" t="48" w="194" /><ent r="4" t="48" w="241" /></phr></stem><stem n="necessari"><phr n="necessary"><ent r="5" t="13" w="268" /><ent r="3" t="14" w="226" /><ent r="3" t="23" w="1457" /><ent r="4" t="25" w="535" /><ent r="4" t="49" w="63" /></phr></stem><stem n="normal"><phr n="normal"><ent r="5" t="13" w="273" /><ent r="5" t="20" w="186" /><ent r="3" t="21" w="624" /><ent r="3" t="21" w="1465" /><ent r="4" t="37" w="379" /><ent r="6" t="69" w="424" /></phr><phr n="Normally"><ent r="3" t="13" w="2384" /><ent r="3" t="25" w="646" /></phr><phr n="Normal"><ent r="5" t="21" w="654" /></phr><phr n="normally"><ent r="3" t="28" w="1059" /><ent r="3" t="36" w="4177" /></phr></stem><stem n="taken"><phr n="taken"><ent r="5" t="13" w="314" /><ent r="5" t="13" w="640" /><ent r="5" t="13" w="1290" /><ent r="3" t="20" w="428" /><ent r="3" t="33" w="1018" /></phr></stem><stem n="deviceaddress"><phr n="deviceaddress"><ent r="5" t="13" w="323" /><ent r="5" t="13" w="649" /><ent r="5" t="13" w="1299" /><ent r="7" t="69" w="880" /></phr><phr n="Deviceaddress"><ent r="100" t="69" w="877" /></phr></stem><stem n="{deviceaddress}"><phr n="{deviceaddress}"><ent r="5" t="13" w="324" /><ent r="5" t="13" w="650" /><ent r="5" t="13" w="1300" /><ent r="7" t="69" w="881" /></phr></stem><stem n="{eval:}"><phr n="{eval:}"><ent r="66" t="13" w="334" /><ent r="66" t="13" w="1310" /></phr></stem><stem n="fmt"><phr n="fmt"><ent r="66" t="13" w="341" /><ent r="66" t="13" w="359" /><ent r="66" t="13" w="364" /><ent r="67" t="13" w="688" /><ent r="68" t="13" w="697" /><ent r="68" t="13" w="702" /><ent r="68" t="13" w="1317" /><ent r="68" t="13" w="1322" /><ent r="3" t="13" w="1529" /><ent r="5" t="13" w="1577" /><ent r="3" t="13" w="2209" /><ent r="3" t="13" w="2214" /><ent r="4" t="16" w="1604" /><ent r="4" t="23" w="759" /><ent r="4" t="23" w="766" /><ent r="4" t="23" w="769" /><ent r="4" t="23" w="783" /><ent r="4" t="23" w="793" /><ent r="4" t="23" w="800" /><ent r="4" t="23" w="862" /><ent r="3" t="23" w="1162" /><ent r="4" t="23" w="1173" /><ent r="4" t="23" w="1178" /><ent r="3" t="23" w="1613" /><ent r="3" t="23" w="1624" /><ent r="3" t="23" w="1627" /><ent r="3" t="23" w="1884" /></phr><phr n="Fmt"><ent r="100" t="23" w="753" /></phr></stem><stem n="expr"><phr n="expr"><ent r="66" t="13" w="342" /><ent r="6" t="13" w="346" /><ent r="66" t="13" w="360" /><ent r="66" t="13" w="365" /><ent r="66" t="13" w="680" /><ent r="67" t="13" w="689" /><ent r="68" t="13" w="698" /><ent r="68" t="13" w="703" /><ent r="68" t="13" w="1318" /><ent r="68" t="13" w="1323" /><ent r="4" t="13" w="1513" /><ent r="3" t="13" w="1530" /><ent r="5" t="13" w="1628" /><ent r="3" t="13" w="1817" /><ent r="3" t="13" w="2210" /><ent r="3" t="13" w="2215" /><ent r="4" t="16" w="1605" /><ent r="4" t="16" w="1613" /><ent r="3" t="23" w="301" /></phr><phr n="Expr"><ent r="100" t="23" w="74" /></phr></stem><stem n="{chartable[:fmt]:expr}"><phr n="{chartable[:fmt]:expr}"><ent r="66" t="13" w="343" /><ent r="67" t="13" w="690" /><ent r="3" t="13" w="1531" /></phr></stem><stem n="{scalable2:fmt:expr}"><phr n="{scalable2:fmt:expr}"><ent r="66" t="13" w="361" /><ent r="68" t="13" w="699" /><ent r="68" t="13" w="1319" /></phr></stem><stem n="{scalable10:fmt:expr}"><phr n="{scalable10:fmt:expr}"><ent r="66" t="13" w="366" /><ent r="68" t="13" w="704" /><ent r="68" t="13" w="1324" /></phr></stem><stem n="scale"><phr n="Scales"><ent r="5" t="13" w="367" /><ent r="5" t="13" w="706" /><ent r="5" t="13" w="1325" /></phr><phr n="scaled"><ent r="3" t="13" w="2134" /><ent r="3" t="13" w="2149" /></phr><phr n="scales"><ent r="4" t="13" w="2162" /><ent r="4" t="13" w="2176" /></phr><phr n="scale"><ent r="3" t="13" w="2193" /><ent r="3" t="13" w="2263" /><ent r="3" t="72" w="45" /><ent r="4" t="72" w="82" /></phr><phr n="scaling"><ent r="6" t="69" w="2318" /></phr></stem><stem n="larg"><phr n="large"><ent r="5" t="13" w="368" /><ent r="5" t="13" w="707" /><ent r="5" t="13" w="1326" /></phr></stem><stem n="smaller"><phr n="smaller"><ent r="5" t="13" w="371" /><ent r="5" t="13" w="710" /><ent r="5" t="13" w="1329" /></phr></stem><stem n="better"><phr n="better"><ent r="5" t="13" w="374" /><ent r="5" t="13" w="713" /><ent r="5" t="13" w="1332" /></phr></stem><stem n="^stdout"><phr n="^stdout"><ent r="66" t="13" w="382" /><ent r="6" t="13" w="407" /><ent r="82" t="13" w="2360" /><ent r="4" t="13" w="2406" /><ent r="4" t="13" w="2438" /><ent r="4" t="13" w="2466" /><ent r="3" t="39" w="870" /><ent r="65" t="39" w="880" /><ent r="3" t="42" w="829" /></phr></stem><stem n="{^stdout}"><phr n="{^stdout}"><ent r="66" t="13" w="383" /><ent r="6" t="13" w="408" /><ent r="82" t="13" w="2361" /><ent r="4" t="13" w="2407" /><ent r="4" t="13" w="2439" /><ent r="4" t="13" w="2467" /><ent r="3" t="39" w="871" /><ent r="65" t="39" w="881" /><ent r="3" t="42" w="830" /></phr></stem><stem n="nagios_output"><phr n="nagios_output"><ent r="5" t="13" w="418" /><ent r="5" t="13" w="417" /><ent r="3" t="46" w="681" /><ent r="3" t="46" w="680" /><ent r="4" t="46" w="894" /><ent r="4" t="46" w="893" /><ent r="3" t="47" w="265" /><ent r="3" t="47" w="264" /></phr></stem><stem n="{nagios_output}"><phr n="{nagios_output}"><ent r="5" t="13" w="419" /><ent r="3" t="46" w="682" /><ent r="4" t="46" w="895" /><ent r="3" t="47" w="266" /></phr></stem><stem n="pars"><phr n="Parses"><ent r="5" t="13" w="420" /></phr><phr n="parse"><ent r="3" t="23" w="1915" /><ent r="3" t="33" w="413" /><ent r="4" t="48" w="416" /><ent r="3" t="48" w="899" /></phr><phr n="parsed"><ent r="3" t="23" w="2776" /><ent r="6" t="23" w="2892" /><ent r="3" t="31" w="204" /><ent r="3" t="31" w="1593" /><ent r="3" t="65" w="22" /></phr><phr n="parses"><ent r="3" t="27" w="144" /><ent r="3" t="31" w="243" /><ent r="3" t="33" w="1047" /><ent r="3" t="46" w="670" /><ent r="3" t="48" w="139" /><ent r="4" t="48" w="329" /></phr><phr n="parsing"><ent r="3" t="34" w="434" /><ent r="3" t="39" w="645" /></phr><phr n="PARSE"><ent r="3" t="36" w="1062" /></phr><phr n="Parse"><ent r="3" t="60" w="904" /></phr></stem><stem n="plugin'"><phr n="plugin's"><ent r="5" t="13" w="424" /><ent r="5" t="13" w="423" /><ent r="3" t="46" w="673" /><ent r="3" t="46" w="672" /></phr></stem><stem n="letter"><phr n="letters"><ent r="3" t="13" w="439" /><ent r="4" t="34" w="332" /></phr><phr n="letter"><ent r="3" t="13" w="449" /><ent r="3" t="25" w="208" /></phr></stem><stem n="underscor"><phr n="underscore"><ent r="3" t="13" w="443" /><ent r="3" t="21" w="592" /><ent r="3" t="21" w="612" /><ent r="4" t="21" w="688" /><ent r="4" t="21" w="715" /><ent r="4" t="21" w="817" /><ent r="4" t="21" w="821" /><ent r="4" t="21" w="830" /><ent r="3" t="21" w="1222" /><ent r="3" t="21" w="1391" /></phr><phr n="Underscore"><ent r="83" t="21" w="456" /><ent r="3" t="21" w="461" /></phr></stem><stem n="case-sensit"><phr n="case-sensitive"><ent r="3" t="13" w="454" /><ent r="3" t="17" w="114" /><ent r="3" t="25" w="321" /><ent r="4" t="34" w="338" /><ent r="4" t="34" w="667" /></phr><phr n="Case-sensitive"><ent r="3" t="23" w="1006" /></phr><phr n="Case-Sensitivity"><ent r="100" t="34" w="648" /><ent r="100" t="34" w="651" /><ent r="100" t="34" w="654" /><ent r="82" t="34" w="659" /></phr></stem><stem n="sensit"><phr n="sensitive"><ent r="3" t="13" w="455" /><ent r="3" t="17" w="115" /><ent r="4" t="23" w="695" /><ent r="3" t="23" w="1007" /><ent r="3" t="25" w="322" /><ent r="4" t="34" w="339" /><ent r="4" t="34" w="668" /><ent r="3" t="39" w="1249" /><ent r="3" t="40" w="481" /><ent r="3" t="40" w="497" /></phr><phr n="Sensitivity"><ent r="100" t="34" w="649" /><ent r="100" t="34" w="652" /><ent r="100" t="34" w="655" /><ent r="82" t="34" w="660" /></phr></stem><stem n="-sensitive."><phr n="-sensitive."><ent r="3" t="13" w="456" /><ent r="3" t="13" w="456" /><ent r="3" t="25" w="323" /><ent r="3" t="25" w="323" /><ent r="4" t="34" w="340" /><ent r="4" t="34" w="340" /><ent r="4" t="34" w="669" /><ent r="4" t="34" w="669" /></phr></stem><stem n="variablenam"><phr n="VariableName"><ent r="4" t="13" w="473" /><ent r="3" t="16" w="134" /><ent r="100" t="16" w="147" /><ent r="5" t="16" w="149" /></phr><phr n="variablename"><ent r="6" t="13" w="721" /><ent r="82" t="13" w="2026" /><ent r="4" t="13" w="2045" /><ent r="4" t="16" w="1608" /></phr></stem><stem n="{variablename}"><phr n="{VariableName}"><ent r="4" t="13" w="474" /></phr></stem><stem n="(probe-typ"><phr n="(probe-type"><ent r="3" t="13" w="502" /><ent r="3" t="13" w="981" /></phr></stem><stem n="customsnmp"><phr n="customsnmp"><ent r="3" t="13" w="504" /></phr></stem><stem n="occurr"><phr n="occurrence"><ent r="3" t="13" w="519" /><ent r="3" t="23" w="1019" /><ent r="3" t="23" w="1078" /></phr></stem><stem n="round"><phr n="rounded"><ent r="3" t="13" w="529" /></phr><phr n="rounding"><ent r="3" t="13" w="1855" /><ent r="4" t="23" w="212" /><ent r="3" t="36" w="1706" /></phr><phr n="round"><ent r="3" t="14" w="754" /><ent r="3" t="23" w="49" /><ent r="65" t="23" w="410" /><ent r="4" t="23" w="413" /><ent r="82" t="23" w="942" /><ent r="3" t="23" w="945" /><ent r="3" t="23" w="953" /><ent r="3" t="23" w="984" /><ent r="3" t="23" w="989" /><ent r="3" t="27" w="279" /><ent r="4" t="34" w="804" /><ent r="3" t="37" w="314" /><ent r="4" t="37" w="417" /></phr><phr n="Round"><ent r="3" t="14" w="1162" /><ent r="4" t="23" w="416" /><ent r="4" t="39" w="838" /><ent r="3" t="39" w="850" /></phr><phr n="Rounds"><ent r="3" t="23" w="958" /></phr></stem><stem n="nearest"><phr n="nearest"><ent r="3" t="13" w="532" /><ent r="4" t="23" w="419" /><ent r="3" t="23" w="968" /></phr></stem><stem n="integ"><phr n="integer"><ent r="3" t="13" w="533" /><ent r="3" t="13" w="603" /><ent r="3" t="14" w="1238" /><ent r="3" t="16" w="1644" /><ent r="3" t="16" w="1792" /><ent r="3" t="16" w="1844" /><ent r="4" t="23" w="420" /><ent r="3" t="23" w="969" /><ent r="3" t="23" w="1012" /><ent r="3" t="23" w="1071" /><ent r="4" t="23" w="1207" /><ent r="4" t="23" w="1215" /><ent r="4" t="23" w="1243" /><ent r="6" t="23" w="2622" /><ent r="3" t="33" w="710" /><ent r="3" t="33" w="854" /><ent r="3" t="33" w="1037" /><ent r="3" t="43" w="45" /><ent r="3" t="55" w="484" /></phr><phr n="INTEGER"><ent r="3" t="14" w="505" /><ent r="3" t="14" w="517" /><ent r="6" t="16" w="326" /><ent r="6" t="16" w="354" /><ent r="3" t="16" w="1674" /><ent r="4" t="16" w="1723" /><ent r="3" t="16" w="1808" /><ent r="3" t="16" w="1816" /><ent r="3" t="23" w="890" /><ent r="3" t="23" w="949" /><ent r="3" t="23" w="956" /><ent r="3" t="23" w="1004" /><ent r="3" t="23" w="1063" /><ent r="3" t="23" w="1121" /><ent r="3" t="23" w="2160" /><ent r="3" t="23" w="2175" /><ent r="3" t="23" w="2179" /><ent r="4" t="28" w="800" /><ent r="3" t="55" w="223" /><ent r="3" t="55" w="229" /><ent r="3" t="55" w="233" /><ent r="3" t="55" w="235" /><ent r="3" t="55" w="237" /><ent r="3" t="55" w="239" /><ent r="3" t="55" w="241" /><ent r="3" t="55" w="243" /><ent r="3" t="55" w="245" /><ent r="3" t="55" w="247" /><ent r="3" t="55" w="255" /><ent r="3" t="55" w="261" /></phr><phr n="Integer"><ent r="7" t="16" w="306" /><ent r="9" t="16" w="683" /><ent r="9" t="16" w="685" /><ent r="100" t="23" w="408" /><ent r="72" t="23" w="1430" /><ent r="3" t="54" w="983" /><ent r="3" t="54" w="1078" /><ent r="3" t="54" w="1096" /><ent r="3" t="54" w="1114" /></phr><phr n="integers"><ent r="4" t="18" w="170" /></phr><phr n="Integers"><ent r="3" t="23" w="1433" /></phr></stem><stem n="3.14159265"><phr n="3.14159265"><ent r="3" t="13" w="546" /><ent r="3" t="13" w="545" /><ent r="3" t="13" w="1665" /><ent r="3" t="13" w="1664" /></phr></stem><stem n="14159265"><phr n="14159265"><ent r="3" t="13" w="546" /><ent r="3" t="13" w="1665" /></phr></stem><stem n="3.14159265,"><phr n="3.14159265,"><ent r="3" t="13" w="546" /><ent r="3" t="13" w="545" /><ent r="3" t="13" w="1665" /><ent r="3" t="13" w="1664" /></phr></stem><stem n=".14159265,"><phr n=".14159265,"><ent r="3" t="13" w="547" /><ent r="3" t="13" w="1666" /></phr></stem><stem n="&lt;displai"><phr n="&lt;display"><ent r="4" t="13" w="552" /></phr></stem><stem n="&lt;display-output&gt;"><phr n="&lt;display-output&gt;"><ent r="4" t="13" w="552" /></phr></stem><stem n="&quot;3&quot;;"><phr n="&quot;3&quot;;"><ent r="3" t="13" w="562" /></phr></stem><stem n=".75"><phr n=".75"><ent r="3" t="13" w="569" /></phr></stem><stem n="4.75"><phr n="4.75"><ent r="3" t="13" w="569" /><ent r="3" t="13" w="568" /></phr></stem><stem n="75"><phr n="75"><ent r="3" t="13" w="569" /></phr></stem><stem n="&quot;5&quot;."><phr n="&quot;5&quot;."><ent r="3" t="13" w="576" /></phr></stem><stem n="chart"><phr n="chart"><ent r="3" t="13" w="586" /><ent r="3" t="13" w="595" /><ent r="3" t="13" w="1559" /><ent r="5" t="65" w="625" /><ent r="4" t="65" w="632" /><ent r="3" t="65" w="644" /><ent r="3" t="65" w="660" /><ent r="6" t="69" w="522" /><ent r="6" t="69" w="530" /><ent r="6" t="69" w="577" /><ent r="6" t="69" w="590" /><ent r="7" t="69" w="1295" /><ent r="6" t="69" w="1301" /><ent r="7" t="69" w="1309" /><ent r="6" t="69" w="1329" /><ent r="7" t="69" w="1344" /><ent r="7" t="69" w="1357" /><ent r="6" t="69" w="1929" /><ent r="6" t="69" w="2188" /><ent r="6" t="69" w="2199" /><ent r="6" t="69" w="2221" /><ent r="6" t="69" w="2248" /><ent r="6" t="69" w="2268" /><ent r="6" t="69" w="2279" /><ent r="6" t="69" w="2315" /><ent r="6" t="69" w="2336" /><ent r="3" t="72" w="32" /><ent r="4" t="72" w="55" /><ent r="5" t="72" w="70" /><ent r="5" t="72" w="89" /></phr><phr n="charts"><ent r="3" t="13" w="1497" /><ent r="4" t="16" w="735" /><ent r="3" t="16" w="1600" /><ent r="3" t="26" w="220" /><ent r="3" t="65" w="671" /><ent r="6" t="69" w="488" /><ent r="6" t="69" w="547" /><ent r="6" t="69" w="561" /><ent r="6" t="69" w="624" /><ent r="3" t="72" w="18" /><ent r="4" t="72" w="62" /></phr><phr n="Chart"><ent r="3" t="15" w="593" /><ent r="100" t="16" w="105" /><ent r="3" t="16" w="137" /><ent r="5" t="16" w="715" /><ent r="4" t="16" w="740" /><ent r="4" t="57" w="73" /><ent r="100" t="65" w="622" /><ent r="100" t="72" w="65" /><ent r="100" t="72" w="84" /></phr><phr n="CHART"><ent r="3" t="15" w="625" /><ent r="100" t="16" w="97" /><ent r="3" t="16" w="908" /></phr><phr n="charted"><ent r="4" t="28" w="821" /><ent r="3" t="37" w="80" /></phr><phr n="charting"><ent r="3" t="52" w="126" /></phr><phr n="Charts"><ent r="1000" t="72" w="4" /><ent r="100" t="72" w="7" /><ent r="102" t="72" w="12" /></phr></stem></index>