<?xml version="1.0" encoding="utf-8"?><index><stem n="server"><phr n="servers"><ent r="3" t="0" w="49" /><ent r="3" t="36" w="4176" /></phr><phr n="server"><ent r="3" t="0" w="199" /><ent r="3" t="3" w="58" /><ent r="3" t="3" w="62" /><ent r="6" t="5" w="930" /><ent r="4" t="18" w="218" /><ent r="3" t="33" w="78" /><ent r="3" t="33" w="454" /><ent r="4" t="36" w="358" /><ent r="3" t="36" w="4558" /><ent r="3" t="36" w="4584" /><ent r="3" t="36" w="4594" /><ent r="3" t="42" w="103" /><ent r="3" t="42" w="756" /><ent r="3" t="48" w="843" /><ent r="3" t="48" w="859" /><ent r="3" t="54" w="82" /><ent r="3" t="54" w="98" /><ent r="3" t="54" w="1149" /><ent r="3" t="55" w="98" /><ent r="3" t="56" w="26" /><ent r="4" t="56" w="111" /><ent r="3" t="57" w="158" /><ent r="3" t="60" w="114" /><ent r="3" t="60" w="883" /><ent r="3" t="60" w="1165" /><ent r="3" t="61" w="30" /><ent r="3" t="61" w="107" /><ent r="3" t="64" w="67" /><ent r="3" t="64" w="74" /><ent r="3" t="64" w="151" /><ent r="4" t="64" w="167" /><ent r="3" t="65" w="484" /><ent r="4" t="66" w="247" /><ent r="3" t="67" w="19" /><ent r="6" t="67" w="728" /><ent r="6" t="69" w="708" /><ent r="6" t="69" w="717" /><ent r="6" t="69" w="778" /><ent r="6" t="69" w="847" /><ent r="6" t="69" w="864" /><ent r="3" t="69" w="1621" /><ent r="3" t="70" w="56" /><ent r="3" t="70" w="187" /><ent r="3" t="70" w="228" /><ent r="3" t="72" w="22" /></phr><phr n="Server"><ent r="5" t="9" w="288" /><ent r="5" t="9" w="352" /><ent r="5" t="9" w="373" /><ent r="5" t="9" w="394" /><ent r="5" t="9" w="423" /><ent r="5" t="9" w="444" /><ent r="5" t="9" w="465" /><ent r="5" t="9" w="503" /><ent r="5" t="13" w="667" /><ent r="4" t="30" w="52" /><ent r="100" t="54" w="688" /><ent r="3" t="54" w="700" /><ent r="5" t="54" w="721" /><ent r="4" t="54" w="725" /><ent r="3" t="54" w="1157" /><ent r="3" t="57" w="149" /><ent r="1000" t="61" w="7" /><ent r="102" t="61" w="15" /><ent r="3" t="61" w="19" /><ent r="3" t="61" w="62" /><ent r="64" t="62" w="28" /><ent r="100" t="64" w="23" /><ent r="100" t="64" w="355" /><ent r="100" t="64" w="358" /><ent r="6" t="64" w="361" /><ent r="4" t="64" w="366" /><ent r="6" t="64" w="374" /><ent r="4" t="64" w="378" /><ent r="4" t="64" w="389" /><ent r="100" t="73" w="18" /></phr><phr n="Servers"><ent r="100" t="54" w="21" /><ent r="100" t="64" w="371" /></phr></stem><stem n="hub"><phr n="hubs"><ent r="3" t="0" w="50" /></phr></stem><stem n="comput"><phr n="computer"><ent r="3" t="0" w="53" /><ent r="3" t="1" w="170" /><ent r="3" t="1" w="203" /><ent r="4" t="30" w="316" /><ent r="3" t="36" w="1271" /><ent r="3" t="36" w="2954" /></phr><phr n="Computer"><ent r="3" t="1" w="475" /></phr><phr n="compute"><ent r="3" t="13" w="1753" /><ent r="6" t="16" w="499" /><ent r="3" t="18" w="1248" /><ent r="3" t="23" w="38" /><ent r="4" t="37" w="353" /></phr><phr n="computations"><ent r="3" t="14" w="320" /><ent r="3" t="23" w="60" /></phr><phr n="computes"><ent r="3" t="14" w="360" /><ent r="3" t="14" w="376" /><ent r="3" t="14" w="389" /></phr><phr n="computed"><ent r="3" t="14" w="480" /><ent r="6" t="16" w="450" /><ent r="6" t="16" w="474" /><ent r="3" t="26" w="369" /><ent r="4" t="37" w="372" /></phr><phr n="Computed"><ent r="3" t="14" w="673" /></phr><phr n="computing"><ent r="6" t="16" w="507" /></phr></stem><stem n="devic"><phr n="devices"><ent r="3" t="0" w="54" /><ent r="3" t="3" w="77" /><ent r="3" t="4" w="404" /><ent r="6" t="5" w="686" /><ent r="4" t="15" w="225" /><ent r="4" t="15" w="927" /><ent r="3" t="18" w="16" /><ent r="3" t="20" w="280" /><ent r="3" t="20" w="290" /><ent r="3" t="20" w="530" /><ent r="4" t="20" w="608" /><ent r="4" t="21" w="638" /><ent r="3" t="23" w="44" /><ent r="4" t="24" w="174" /><ent r="3" t="25" w="1031" /><ent r="3" t="27" w="133" /><ent r="4" t="37" w="397" /><ent r="3" t="49" w="29" /><ent r="4" t="56" w="120" /><ent r="3" t="56" w="202" /><ent r="3" t="58" w="58" /><ent r="3" t="58" w="221" /><ent r="3" t="58" w="229" /><ent r="3" t="58" w="245" /><ent r="3" t="58" w="258" /><ent r="3" t="59" w="172" /><ent r="3" t="59" w="190" /><ent r="3" t="65" w="669" /><ent r="6" t="69" w="254" /><ent r="6" t="69" w="273" /><ent r="6" t="69" w="354" /><ent r="6" t="69" w="412" /><ent r="6" t="69" w="997" /><ent r="6" t="69" w="1011" /><ent r="6" t="69" w="1417" /></phr><phr n="device"><ent r="3" t="3" w="23" /><ent r="3" t="3" w="50" /><ent r="3" t="3" w="175" /><ent r="4" t="3" w="225" /><ent r="4" t="3" w="230" /><ent r="4" t="3" w="247" /><ent r="4" t="3" w="260" /><ent r="4" t="3" w="264" /><ent r="4" t="3" w="365" /><ent r="4" t="3" w="422" /><ent r="4" t="3" w="442" /><ent r="4" t="3" w="455" /><ent r="4" t="3" w="509" /><ent r="4" t="3" w="537" /><ent r="3" t="4" w="207" /><ent r="100" t="4" w="263" /><ent r="67" t="4" w="267" /><ent r="4" t="4" w="280" /><ent r="100" t="4" w="285" /><ent r="100" t="4" w="289" /><ent r="67" t="4" w="293" /><ent r="4" t="4" w="311" /><ent r="100" t="4" w="318" /><ent r="67" t="4" w="322" /><ent r="4" t="4" w="332" /><ent r="100" t="4" w="347" /><ent r="67" t="4" w="351" /><ent r="4" t="4" w="366" /><ent r="67" t="4" w="371" /><ent r="4" t="4" w="384" /><ent r="4" t="4" w="388" /><ent r="100" t="4" w="430" /><ent r="67" t="4" w="434" /><ent r="4" t="4" w="447" /><ent r="100" t="4" w="461" /><ent r="100" t="4" w="465" /><ent r="67" t="4" w="469" /><ent r="4" t="4" w="487" /><ent r="4" t="4" w="640" /><ent r="4" t="4" w="685" /><ent r="5" t="5" w="452" /><ent r="6" t="5" w="635" /><ent r="6" t="5" w="657" /><ent r="6" t="5" w="701" /><ent r="6" t="5" w="868" /><ent r="6" t="5" w="892" /><ent r="6" t="5" w="994" /><ent r="6" t="5" w="1097" /><ent r="6" t="5" w="1106" /><ent r="3" t="7" w="55" /><ent r="3" t="7" w="477" /><ent r="3" t="7" w="493" /><ent r="5" t="8" w="192" /><ent r="3" t="8" w="229" /><ent r="3" t="8" w="260" /><ent r="4" t="8" w="718" /><ent r="5" t="8" w="740" /><ent r="6" t="10" w="59" /><ent r="4" t="10" w="107" /><ent r="93" t="10" w="127" /><ent r="100" t="10" w="131" /><ent r="4" t="10" w="139" /><ent r="4" t="10" w="220" /><ent r="3" t="10" w="236" /><ent r="3" t="10" w="258" /><ent r="3" t="10" w="287" /><ent r="3" t="10" w="344" /><ent r="3" t="10" w="402" /><ent r="4" t="10" w="419" /><ent r="5" t="13" w="142" /><ent r="5" t="13" w="148" /><ent r="5" t="13" w="152" /><ent r="5" t="13" w="160" /><ent r="5" t="13" w="166" /><ent r="5" t="13" w="311" /><ent r="5" t="13" w="330" /><ent r="4" t="13" w="510" /><ent r="82" t="13" w="623" /><ent r="5" t="13" w="637" /><ent r="5" t="13" w="656" /><ent r="5" t="13" w="733" /><ent r="82" t="13" w="749" /><ent r="82" t="13" w="795" /><ent r="5" t="13" w="1287" /><ent r="5" t="13" w="1306" /><ent r="5" t="13" w="1784" /><ent r="4" t="13" w="2034" /><ent r="4" t="13" w="2063" /><ent r="3" t="13" w="2074" /><ent r="3" t="13" w="2092" /><ent r="3" t="13" w="2101" /><ent r="3" t="14" w="195" /><ent r="3" t="14" w="203" /><ent r="3" t="14" w="442" /><ent r="3" t="14" w="459" /><ent r="3" t="14" w="488" /><ent r="3" t="14" w="491" /><ent r="3" t="14" w="582" /><ent r="3" t="14" w="590" /><ent r="3" t="14" w="598" /><ent r="3" t="14" w="603" /><ent r="3" t="14" w="608" /><ent r="3" t="14" w="621" /><ent r="3" t="14" w="627" /><ent r="3" t="14" w="708" /><ent r="3" t="14" w="1000" /><ent r="100" t="15" w="13" /><ent r="100" t="15" w="18" /><ent r="3" t="15" w="108" /><ent r="4" t="15" w="128" /><ent r="4" t="15" w="146" /><ent r="4" t="15" w="212" /><ent r="4" t="15" w="237" /><ent r="100" t="15" w="394" /><ent r="67" t="15" w="398" /><ent r="4" t="15" w="411" /><ent r="100" t="15" w="416" /><ent r="100" t="15" w="420" /><ent r="67" t="15" w="424" /><ent r="4" t="15" w="442" /><ent r="100" t="15" w="449" /><ent r="67" t="15" w="453" /><ent r="4" t="15" w="463" /><ent r="100" t="15" w="478" /><ent r="67" t="15" w="482" /><ent r="4" t="15" w="497" /><ent r="93" t="15" w="509" /><ent r="4" t="15" w="518" /><ent r="4" t="15" w="565" /><ent r="83" t="15" w="612" /><ent r="3" t="15" w="618" /><ent r="3" t="15" w="691" /><ent r="93" t="15" w="740" /><ent r="4" t="15" w="749" /><ent r="4" t="15" w="769" /><ent r="93" t="15" w="804" /><ent r="4" t="15" w="812" /><ent r="3" t="15" w="826" /><ent r="3" t="15" w="837" /><ent r="3" t="15" w="972" /><ent r="3" t="15" w="989" /><ent r="1000" t="16" w="3" /><ent r="102" t="16" w="9" /><ent r="3" t="16" w="30" /><ent r="100" t="16" w="42" /><ent r="4" t="16" w="46" /><ent r="4" t="16" w="113" /><ent r="4" t="16" w="896" /><ent r="3" t="16" w="902" /><ent r="3" t="16" w="972" /><ent r="1000" t="17" w="3" /><ent r="102" t="17" w="9" /><ent r="4" t="17" w="17" /><ent r="3" t="17" w="90" /><ent r="83" t="17" w="137" /><ent r="3" t="17" w="143" /><ent r="3" t="17" w="208" /><ent r="3" t="17" w="273" /><ent r="3" t="17" w="278" /><ent r="3" t="17" w="317" /><ent r="1000" t="18" w="3" /><ent r="102" t="18" w="10" /><ent r="3" t="18" w="52" /><ent r="3" t="18" w="105" /><ent r="4" t="18" w="196" /><ent r="3" t="18" w="285" /><ent r="3" t="18" w="567" /><ent r="3" t="18" w="710" /><ent r="4" t="18" w="729" /><ent r="5" t="18" w="826" /><ent r="3" t="18" w="1040" /><ent r="3" t="18" w="1136" /><ent r="3" t="18" w="1324" /><ent r="3" t="18" w="1368" /><ent r="4" t="18" w="1402" /><ent r="3" t="18" w="1634" /><ent r="3" t="18" w="1723" /><ent r="3" t="18" w="1769" /><ent r="3" t="18" w="1777" /><ent r="3" t="18" w="1785" /><ent r="3" t="18" w="1843" /><ent r="3" t="18" w="1854" /><ent r="4" t="18" w="1882" /><ent r="4" t="18" w="1934" /><ent r="1000" t="19" w="3" /><ent r="102" t="19" w="9" /><ent r="93" t="19" w="27" /><ent r="100" t="19" w="32" /><ent r="4" t="19" w="40" /><ent r="4" t="19" w="121" /><ent r="3" t="19" w="137" /><ent r="3" t="19" w="159" /><ent r="3" t="19" w="188" /><ent r="3" t="19" w="360" /><ent r="3" t="19" w="366" /><ent r="3" t="19" w="396" /><ent r="3" t="19" w="401" /><ent r="3" t="19" w="404" /><ent r="3" t="19" w="409" /><ent r="3" t="19" w="412" /><ent r="3" t="19" w="416" /><ent r="3" t="19" w="428" /><ent r="3" t="19" w="571" /><ent r="1000" t="20" w="3" /><ent r="102" t="20" w="12" /><ent r="3" t="20" w="24" /><ent r="3" t="20" w="59" /><ent r="3" t="20" w="85" /><ent r="3" t="20" w="129" /><ent r="3" t="20" w="292" /><ent r="3" t="20" w="349" /><ent r="3" t="20" w="365" /><ent r="3" t="20" w="501" /><ent r="3" t="20" w="521" /><ent r="4" t="20" w="549" /><ent r="4" t="20" w="597" /><ent r="4" t="20" w="620" /><ent r="3" t="20" w="662" /><ent r="4" t="20" w="863" /><ent r="3" t="21" w="21" /><ent r="3" t="21" w="49" /><ent r="3" t="21" w="84" /><ent r="4" t="21" w="174" /><ent r="4" t="21" w="205" /><ent r="4" t="21" w="263" /><ent r="4" t="21" w="400" /><ent r="3" t="21" w="481" /><ent r="3" t="21" w="565" /><ent r="4" t="21" w="663" /><ent r="4" t="21" w="781" /><ent r="3" t="21" w="871" /><ent r="3" t="21" w="892" /><ent r="3" t="21" w="912" /><ent r="3" t="21" w="940" /><ent r="3" t="21" w="951" /><ent r="3" t="21" w="960" /><ent r="3" t="21" w="1154" /><ent r="3" t="21" w="1314" /><ent r="3" t="21" w="1371" /><ent r="3" t="21" w="1375" /><ent r="3" t="21" w="1384" /><ent r="3" t="21" w="1388" /><ent r="3" t="21" w="1405" /><ent r="3" t="21" w="1539" /><ent r="3" t="21" w="1543" /><ent r="3" t="21" w="1578" /><ent r="4" t="22" w="17" /><ent r="3" t="22" w="169" /><ent r="3" t="22" w="206" /><ent r="3" t="22" w="210" /><ent r="3" t="22" w="223" /><ent r="4" t="22" w="245" /><ent r="3" t="23" w="68" /><ent r="3" t="23" w="2733" /><ent r="3" t="23" w="2787" /><ent r="3" t="23" w="2795" /><ent r="3" t="23" w="2838" /><ent r="100" t="24" w="15" /><ent r="4" t="24" w="19" /><ent r="3" t="24" w="33" /><ent r="3" t="24" w="44" /><ent r="3" t="24" w="57" /><ent r="3" t="24" w="86" /><ent r="4" t="25" w="1082" /><ent r="3" t="26" w="129" /><ent r="3" t="26" w="138" /><ent r="3" t="26" w="159" /><ent r="3" t="26" w="185" /><ent r="3" t="26" w="332" /><ent r="3" t="26" w="350" /><ent r="3" t="26" w="377" /><ent r="3" t="26" w="379" /><ent r="3" t="26" w="394" /><ent r="3" t="26" w="398" /><ent r="3" t="26" w="410" /><ent r="3" t="26" w="415" /><ent r="3" t="26" w="426" /><ent r="3" t="27" w="30" /><ent r="3" t="27" w="52" /><ent r="3" t="27" w="64" /><ent r="3" t="27" w="101" /><ent r="3" t="27" w="113" /><ent r="3" t="27" w="179" /><ent r="64" t="27" w="208" /><ent r="3" t="27" w="235" /><ent r="3" t="27" w="253" /><ent r="3" t="27" w="335" /><ent r="1000" t="28" w="3" /><ent r="102" t="28" w="11" /><ent r="4" t="28" w="355" /><ent r="3" t="28" w="551" /><ent r="3" t="28" w="569" /><ent r="3" t="28" w="641" /><ent r="3" t="28" w="727" /><ent r="3" t="28" w="973" /><ent r="3" t="28" w="1003" /><ent r="3" t="28" w="1039" /><ent r="3" t="28" w="1063" /><ent r="3" t="28" w="1080" /><ent r="3" t="28" w="1110" /><ent r="1000" t="29" w="3" /><ent r="102" t="29" w="9" /><ent r="4" t="29" w="17" /><ent r="3" t="29" w="24" /><ent r="64" t="29" w="49" /><ent r="4" t="30" w="198" /><ent r="3" t="31" w="183" /><ent r="3" t="31" w="211" /><ent r="3" t="31" w="396" /><ent r="3" t="31" w="551" /><ent r="3" t="31" w="1146" /><ent r="3" t="31" w="1510" /><ent r="3" t="31" w="1513" /><ent r="3" t="31" w="1726" /><ent r="3" t="32" w="260" /><ent r="3" t="32" w="291" /><ent r="3" t="32" w="319" /><ent r="3" t="32" w="344" /><ent r="3" t="33" w="22" /><ent r="3" t="33" w="36" /><ent r="3" t="33" w="44" /><ent r="3" t="33" w="95" /><ent r="3" t="33" w="118" /><ent r="3" t="33" w="135" /><ent r="4" t="33" w="293" /><ent r="4" t="33" w="301" /><ent r="4" t="33" w="344" /><ent r="4" t="33" w="350" /><ent r="3" t="33" w="390" /><ent r="3" t="33" w="468" /><ent r="3" t="34" w="34" /><ent r="3" t="34" w="42" /><ent r="3" t="34" w="100" /><ent r="3" t="34" w="108" /><ent r="3" t="34" w="263" /><ent r="3" t="34" w="278" /><ent r="3" t="35" w="28" /><ent r="3" t="35" w="34" /><ent r="3" t="36" w="154" /><ent r="3" t="36" w="160" /><ent r="3" t="36" w="176" /><ent r="3" t="36" w="184" /><ent r="4" t="36" w="447" /><ent r="3" t="36" w="1567" /><ent r="3" t="36" w="1583" /><ent r="3" t="36" w="1589" /><ent r="3" t="36" w="3196" /><ent r="3" t="36" w="3256" /><ent r="3" t="36" w="3372" /><ent r="3" t="36" w="4569" /><ent r="3" t="37" w="35" /><ent r="3" t="37" w="237" /><ent r="100" t="37" w="250" /><ent r="4" t="37" w="254" /><ent r="3" t="38" w="200" /><ent r="3" t="38" w="304" /><ent r="3" t="38" w="330" /><ent r="3" t="38" w="342" /><ent r="3" t="38" w="366" /><ent r="3" t="38" w="385" /><ent r="3" t="38" w="404" /><ent r="3" t="38" w="418" /><ent r="3" t="39" w="56" /><ent r="4" t="39" w="242" /><ent r="4" t="39" w="266" /><ent r="3" t="39" w="298" /><ent r="3" t="39" w="327" /><ent r="4" t="39" w="782" /><ent r="3" t="39" w="832" /><ent r="3" t="40" w="411" /><ent r="3" t="40" w="429" /><ent r="3" t="41" w="37" /><ent r="3" t="41" w="121" /><ent r="3" t="41" w="136" /><ent r="3" t="41" w="154" /><ent r="3" t="43" w="23" /><ent r="3" t="45" w="358" /><ent r="3" t="45" w="466" /><ent r="3" t="45" w="483" /><ent r="3" t="46" w="116" /><ent r="3" t="46" w="140" /><ent r="4" t="46" w="299" /><ent r="4" t="46" w="350" /><ent r="4" t="46" w="460" /><ent r="3" t="46" w="493" /><ent r="4" t="46" w="501" /><ent r="4" t="46" w="843" /><ent r="3" t="47" w="88" /><ent r="3" t="47" w="131" /><ent r="4" t="48" w="53" /><ent r="4" t="49" w="151" /><ent r="4" t="49" w="161" /><ent r="4" t="49" w="173" /><ent r="4" t="49" w="222" /><ent r="3" t="52" w="34" /><ent r="3" t="52" w="72" /><ent r="3" t="52" w="110" /><ent r="93" t="53" w="188" /><ent r="3" t="53" w="219" /><ent r="4" t="53" w="227" /><ent r="3" t="53" w="304" /><ent r="3" t="53" w="468" /><ent r="3" t="53" w="561" /><ent r="4" t="54" w="331" /><ent r="3" t="54" w="358" /><ent r="3" t="54" w="393" /><ent r="3" t="54" w="484" /><ent r="3" t="54" w="528" /><ent r="3" t="54" w="588" /><ent r="3" t="54" w="646" /><ent r="3" t="55" w="305" /><ent r="3" t="55" w="317" /><ent r="3" t="59" w="17" /><ent r="3" t="59" w="33" /><ent r="4" t="59" w="57" /><ent r="4" t="59" w="92" /><ent r="4" t="59" w="96" /><ent r="4" t="59" w="111" /><ent r="3" t="59" w="142" /><ent r="3" t="59" w="152" /><ent r="3" t="59" w="175" /><ent r="3" t="59" w="218" /><ent r="4" t="65" w="163" /><ent r="5" t="65" w="597" /><ent r="4" t="65" w="606" /><ent r="3" t="65" w="639" /><ent r="3" t="65" w="657" /><ent r="6" t="67" w="199" /><ent r="6" t="67" w="819" /><ent r="7" t="69" w="317" /><ent r="6" t="69" w="892" /><ent r="6" t="69" w="899" /><ent r="6" t="69" w="913" /><ent r="6" t="69" w="917" /><ent r="6" t="69" w="936" /><ent r="6" t="69" w="950" /><ent r="6" t="69" w="1023" /><ent r="6" t="69" w="1056" /><ent r="6" t="69" w="1068" /><ent r="6" t="69" w="1376" /><ent r="100" t="69" w="1829" /><ent r="100" t="69" w="1835" /><ent r="4" t="69" w="1841" /><ent r="4" t="69" w="1847" /><ent r="6" t="69" w="1885" /><ent r="6" t="69" w="1891" /><ent r="6" t="69" w="1928" /><ent r="6" t="69" w="1935" /><ent r="6" t="69" w="1969" /><ent r="6" t="69" w="1995" /></phr><phr n="Device"><ent r="3" t="17" w="153" /><ent r="5" t="20" w="181" /><ent r="5" t="20" w="194" /><ent r="5" t="20" w="206" /><ent r="5" t="20" w="218" /><ent r="3" t="28" w="981" /><ent r="3" t="28" w="990" /><ent r="3" t="28" w="998" /><ent r="3" t="28" w="1049" /><ent r="3" t="28" w="1088" /><ent r="3" t="28" w="1097" /><ent r="3" t="28" w="1105" /><ent r="5" t="30" w="185" /><ent r="3" t="31" w="1220" /><ent r="3" t="31" w="1604" /><ent r="3" t="31" w="1611" /><ent r="100" t="36" w="41" /><ent r="100" t="36" w="124" /><ent r="92" t="36" w="129" /><ent r="3" t="36" w="1595" /><ent r="100" t="65" w="594" /><ent r="100" t="69" w="1824" /></phr><phr n="Devices"><ent r="64" t="56" w="196" /><ent r="4" t="58" w="65" /></phr></stem><stem n="attach"><phr n="attached"><ent r="3" t="0" w="57" /><ent r="3" t="14" w="833" /><ent r="3" t="58" w="350" /><ent r="6" t="69" w="2108" /></phr><phr n="attach"><ent r="3" t="25" w="636" /></phr></stem><stem n="if"><phr n="If"><ent r="3" t="0" w="61" /><ent r="3" t="1" w="227" /><ent r="3" t="1" w="296" /><ent r="3" t="1" w="432" /><ent r="3" t="1" w="599" /><ent r="4" t="3" w="239" /><ent r="3" t="3" w="555" /><ent r="6" t="5" w="987" /><ent r="6" t="5" w="1092" /><ent r="4" t="11" w="456" /><ent r="4" t="11" w="495" /><ent r="3" t="13" w="596" /><ent r="3" t="13" w="1655" /><ent r="3" t="13" w="2403" /><ent r="3" t="13" w="2493" /><ent r="4" t="15" w="191" /><ent r="100" t="15" w="901" /><ent r="4" t="15" w="913" /><ent r="4" t="15" w="952" /><ent r="6" t="16" w="315" /><ent r="6" t="16" w="343" /><ent r="6" t="16" w="360" /><ent r="6" t="16" w="650" /><ent r="4" t="16" w="1199" /><ent r="4" t="16" w="1713" /><ent r="4" t="16" w="1735" /><ent r="3" t="16" w="1767" /><ent r="3" t="16" w="1818" /><ent r="3" t="16" w="1852" /><ent r="3" t="16" w="1880" /><ent r="3" t="17" w="66" /><ent r="3" t="17" w="321" /><ent r="3" t="18" w="1816" /><ent r="4" t="21" w="103" /><ent r="3" t="21" w="293" /><ent r="4" t="21" w="681" /><ent r="4" t="21" w="709" /><ent r="4" t="21" w="732" /><ent r="3" t="21" w="995" /><ent r="3" t="21" w="1017" /><ent r="3" t="21" w="1098" /><ent r="3" t="22" w="113" /><ent r="3" t="22" w="137" /><ent r="3" t="22" w="151" /><ent r="3" t="23" w="1026" /><ent r="3" t="23" w="1085" /><ent r="3" t="23" w="1345" /><ent r="3" t="23" w="1634" /><ent r="3" t="23" w="1648" /><ent r="4" t="23" w="2221" /><ent r="4" t="23" w="2251" /><ent r="4" t="23" w="2271" /><ent r="4" t="23" w="2292" /><ent r="4" t="23" w="2393" /><ent r="4" t="23" w="2442" /><ent r="4" t="23" w="2459" /><ent r="4" t="23" w="2484" /><ent r="100" t="24" w="148" /><ent r="4" t="24" w="160" /><ent r="4" t="24" w="197" /><ent r="4" t="25" w="542" /><ent r="3" t="26" w="177" /><ent r="3" t="26" w="221" /><ent r="3" t="27" w="182" /><ent r="3" t="27" w="256" /><ent r="3" t="27" w="298" /><ent r="4" t="28" w="129" /><ent r="4" t="28" w="253" /><ent r="3" t="33" w="84" /><ent r="3" t="33" w="527" /><ent r="3" t="33" w="576" /><ent r="3" t="33" w="735" /><ent r="3" t="33" w="1068" /><ent r="4" t="34" w="1091" /><ent r="4" t="34" w="1110" /><ent r="3" t="34" w="1541" /><ent r="3" t="34" w="1573" /><ent r="3" t="34" w="1591" /><ent r="3" t="36" w="206" /><ent r="3" t="36" w="1155" /><ent r="3" t="36" w="1227" /><ent r="3" t="36" w="1291" /><ent r="3" t="36" w="1625" /><ent r="4" t="36" w="1882" /><ent r="4" t="36" w="1896" /><ent r="3" t="36" w="2083" /><ent r="3" t="36" w="2127" /><ent r="4" t="36" w="2231" /><ent r="3" t="36" w="2375" /><ent r="3" t="36" w="2453" /><ent r="3" t="36" w="2494" /><ent r="4" t="36" w="2588" /><ent r="4" t="36" w="2599" /><ent r="4" t="36" w="2622" /><ent r="3" t="36" w="2927" /><ent r="3" t="36" w="3151" /><ent r="3" t="36" w="3243" /><ent r="3" t="36" w="3320" /><ent r="3" t="36" w="3331" /><ent r="3" t="36" w="3464" /><ent r="4" t="36" w="3655" /><ent r="3" t="36" w="3719" /><ent r="3" t="36" w="3747" /><ent r="3" t="36" w="3789" /><ent r="3" t="36" w="3815" /><ent r="3" t="36" w="4238" /><ent r="3" t="36" w="4417" /><ent r="3" t="36" w="4556" /><ent r="3" t="36" w="4592" /><ent r="3" t="38" w="292" /><ent r="3" t="38" w="334" /><ent r="3" t="38" w="408" /><ent r="3" t="39" w="441" /><ent r="4" t="39" w="935" /><ent r="4" t="39" w="952" /><ent r="4" t="39" w="973" /><ent r="4" t="39" w="1008" /><ent r="4" t="40" w="173" /><ent r="3" t="41" w="139" /><ent r="3" t="42" w="150" /><ent r="3" t="42" w="389" /><ent r="3" t="42" w="853" /><ent r="3" t="42" w="868" /><ent r="3" t="42" w="890" /><ent r="3" t="42" w="899" /><ent r="3" t="42" w="914" /><ent r="3" t="42" w="916" /><ent r="3" t="42" w="917" /><ent r="3" t="42" w="934" /><ent r="3" t="43" w="39" /><ent r="3" t="46" w="382" /><ent r="3" t="49" w="228" /><ent r="4" t="49" w="271" /><ent r="3" t="50" w="69" /><ent r="3" t="50" w="108" /><ent r="3" t="51" w="54" /><ent r="3" t="54" w="410" /><ent r="3" t="57" w="371" /><ent r="3" t="60" w="908" /><ent r="3" t="60" w="936" /><ent r="3" t="60" w="937" /><ent r="3" t="60" w="954" /><ent r="3" t="60" w="955" /><ent r="3" t="60" w="969" /><ent r="3" t="60" w="970" /><ent r="3" t="60" w="984" /><ent r="3" t="60" w="1001" /><ent r="3" t="60" w="1119" /><ent r="3" t="60" w="1150" /><ent r="3" t="60" w="1153" /><ent r="3" t="60" w="1208" /><ent r="3" t="60" w="1218" /><ent r="3" t="60" w="1237" /><ent r="3" t="60" w="1241" /><ent r="3" t="60" w="1302" /><ent r="3" t="60" w="1314" /><ent r="3" t="60" w="1331" /><ent r="3" t="60" w="1340" /><ent r="3" t="60" w="1341" /><ent r="3" t="60" w="1352" /><ent r="3" t="61" w="134" /><ent r="3" t="63" w="310" /><ent r="4" t="65" w="112" /><ent r="7" t="67" w="426" /><ent r="7" t="67" w="454" /><ent r="7" t="67" w="488" /><ent r="6" t="67" w="633" /><ent r="3" t="68" w="122" /><ent r="3" t="69" w="219" /><ent r="6" t="69" w="584" /><ent r="6" t="69" w="714" /><ent r="6" t="69" w="930" /><ent r="6" t="69" w="1240" /><ent r="6" t="69" w="2035" /><ent r="6" t="69" w="2103" /><ent r="6" t="69" w="2367" /><ent r="4" t="76" w="102" /><ent r="4" t="76" w="124" /><ent r="4" t="76" w="173" /></phr><phr n="IF"><ent r="3" t="1" w="61" /><ent r="3" t="1" w="81" /><ent r="3" t="18" w="1006" /><ent r="3" t="18" w="1050" /><ent r="3" t="18" w="1058" /><ent r="3" t="18" w="1065" /><ent r="3" t="18" w="1076" /><ent r="3" t="18" w="1086" /><ent r="3" t="18" w="1094" /><ent r="3" t="18" w="1102" /><ent r="3" t="18" w="1111" /><ent r="3" t="18" w="1119" /><ent r="3" t="18" w="1128" /><ent r="3" t="18" w="1644" /><ent r="3" t="18" w="1675" /><ent r="3" t="18" w="1685" /><ent r="3" t="25" w="402" /></phr><phr n="if"><ent r="3" t="1" w="384" /><ent r="3" t="1" w="458" /><ent r="3" t="1" w="508" /><ent r="4" t="3" w="497" /><ent r="6" t="5" w="893" /><ent r="3" t="13" w="537" /><ent r="3" t="13" w="562" /><ent r="5" t="13" w="896" /><ent r="5" t="13" w="1199" /><ent r="3" t="14" w="986" /><ent r="3" t="14" w="1200" /><ent r="3" t="14" w="1207" /><ent r="3" t="14" w="1218" /><ent r="3" t="14" w="1264" /><ent r="3" t="14" w="1270" /><ent r="3" t="14" w="1280" /><ent r="4" t="15" w="197" /><ent r="4" t="15" w="219" /><ent r="4" t="16" w="218" /><ent r="4" t="16" w="234" /><ent r="9" t="16" w="690" /><ent r="9" t="16" w="696" /><ent r="3" t="16" w="961" /><ent r="3" t="16" w="1461" /><ent r="3" t="16" w="1780" /><ent r="3" t="16" w="1800" /><ent r="3" t="16" w="1900" /><ent r="3" t="16" w="1955" /><ent r="3" t="16" w="1963" /><ent r="3" t="16" w="1970" /><ent r="3" t="16" w="1989" /><ent r="3" t="17" w="73" /><ent r="3" t="17" w="97" /><ent r="3" t="17" w="264" /><ent r="4" t="21" w="227" /><ent r="4" t="21" w="725" /><ent r="3" t="21" w="1059" /><ent r="4" t="23" w="673" /><ent r="3" t="23" w="898" /><ent r="3" t="23" w="1456" /><ent r="4" t="23" w="2413" /><ent r="4" t="24" w="254" /><ent r="3" t="25" w="80" /><ent r="4" t="25" w="533" /><ent r="3" t="25" w="1054" /><ent r="3" t="27" w="111" /><ent r="4" t="30" w="317" /><ent r="3" t="33" w="898" /><ent r="4" t="34" w="680" /><ent r="3" t="34" w="1565" /><ent r="3" t="36" w="214" /><ent r="4" t="36" w="312" /><ent r="4" t="36" w="562" /><ent r="4" t="36" w="611" /><ent r="4" t="36" w="655" /><ent r="4" t="36" w="694" /><ent r="3" t="36" w="1431" /><ent r="4" t="36" w="1928" /><ent r="3" t="36" w="1991" /><ent r="3" t="36" w="2018" /><ent r="3" t="36" w="2061" /><ent r="4" t="36" w="2290" /><ent r="3" t="36" w="2398" /><ent r="3" t="36" w="2465" /><ent r="3" t="36" w="2675" /><ent r="4" t="36" w="2702" /><ent r="3" t="36" w="2778" /><ent r="3" t="36" w="2801" /><ent r="4" t="36" w="2878" /><ent r="3" t="36" w="3034" /><ent r="4" t="36" w="3057" /><ent r="3" t="36" w="3756" /><ent r="3" t="36" w="3823" /><ent r="3" t="36" w="4149" /><ent r="3" t="36" w="4440" /><ent r="3" t="36" w="4501" /><ent r="3" t="36" w="4507" /><ent r="3" t="36" w="4523" /><ent r="3" t="36" w="4539" /><ent r="4" t="40" w="293" /><ent r="3" t="41" w="119" /><ent r="3" t="41" w="131" /><ent r="3" t="42" w="113" /><ent r="3" t="42" w="290" /><ent r="3" t="42" w="489" /><ent r="3" t="42" w="647" /><ent r="3" t="45" w="441" /><ent r="4" t="46" w="868" /><ent r="3" t="48" w="833" /><ent r="4" t="49" w="62" /><ent r="3" t="53" w="53" /><ent r="3" t="53" w="67" /><ent r="4" t="54" w="207" /><ent r="4" t="54" w="228" /><ent r="4" t="54" w="294" /><ent r="4" t="54" w="337" /><ent r="3" t="54" w="387" /><ent r="3" t="55" w="142" /><ent r="4" t="60" w="430" /><ent r="3" t="60" w="528" /><ent r="3" t="60" w="612" /><ent r="3" t="60" w="985" /><ent r="3" t="60" w="1029" /><ent r="3" t="60" w="1221" /><ent r="3" t="60" w="1226" /><ent r="4" t="63" w="136" /><ent r="3" t="63" w="194" /><ent r="3" t="63" w="207" /><ent r="3" t="65" w="52" /><ent r="3" t="65" w="412" /><ent r="6" t="67" w="95" /><ent r="6" t="67" w="268" /><ent r="7" t="67" w="313" /><ent r="6" t="69" w="817" /><ent r="6" t="69" w="1079" /><ent r="6" t="69" w="1262" /><ent r="4" t="76" w="72" /><ent r="5" t="76" w="143" /><ent r="5" t="76" w="203" /><ent r="5" t="76" w="211" /><ent r="5" t="76" w="218" /><ent r="4" t="76" w="238" /></phr></stem></index>