<?xml version="1.0" encoding="utf-8"?><index><stem n="-oo"><phr n="-OO"><ent r="3" t="14" w="1148" /><ent r="3" t="14" w="1148" /><ent r="5" t="45" w="119" /><ent r="5" t="45" w="119" /><ent r="5" t="45" w="134" /><ent r="5" t="45" w="134" /><ent r="5" t="45" w="166" /><ent r="5" t="45" w="166" /><ent r="3" t="45" w="430" /><ent r="3" t="45" w="430" /></phr></stem><stem n="oo"><phr n="OO"><ent r="3" t="14" w="1148" /><ent r="3" t="45" w="97" /><ent r="5" t="45" w="119" /><ent r="5" t="45" w="134" /><ent r="5" t="45" w="166" /><ent r="3" t="45" w="430" /></phr></stem><stem n="#"><phr n="#"><ent r="3" t="14" w="1149" /><ent r="3" t="14" w="1160" /><ent r="3" t="14" w="1162" /><ent r="3" t="14" w="1173" /><ent r="3" t="14" w="1204" /><ent r="3" t="14" w="1218" /><ent r="3" t="14" w="1232" /><ent r="3" t="14" w="1239" /><ent r="3" t="14" w="1251" /><ent r="3" t="14" w="1257" /><ent r="3" t="14" w="1267" /><ent r="3" t="14" w="1280" /><ent r="3" t="14" w="1295" /><ent r="3" t="14" w="1306" /><ent r="4" t="34" w="998" /><ent r="4" t="34" w="1064" /><ent r="4" t="36" w="559" /><ent r="4" t="36" w="612" /><ent r="4" t="36" w="1015" /><ent r="82" t="36" w="2053" /><ent r="83" t="36" w="2641" /><ent r="3" t="36" w="2676" /><ent r="4" t="36" w="2723" /><ent r="3" t="42" w="259" /><ent r="3" t="42" w="583" /><ent r="3" t="42" w="606" /><ent r="3" t="42" w="614" /><ent r="3" t="44" w="25" /><ent r="3" t="44" w="38" /><ent r="3" t="44" w="52" /><ent r="3" t="45" w="431" /><ent r="3" t="45" w="461" /><ent r="3" t="48" w="675" /><ent r="3" t="48" w="678" /><ent r="3" t="48" w="687" /><ent r="3" t="48" w="698" /><ent r="3" t="48" w="703" /><ent r="3" t="48" w="727" /><ent r="3" t="48" w="731" /><ent r="3" t="48" w="734" /><ent r="3" t="48" w="805" /><ent r="3" t="48" w="828" /><ent r="3" t="48" w="850" /><ent r="3" t="48" w="885" /><ent r="3" t="48" w="892" /><ent r="3" t="60" w="465" /><ent r="3" t="60" w="476" /><ent r="3" t="60" w="476" /><ent r="3" t="60" w="536" /><ent r="3" t="60" w="550" /><ent r="3" t="60" w="577" /><ent r="3" t="60" w="616" /><ent r="3" t="60" w="665" /><ent r="3" t="60" w="684" /><ent r="3" t="60" w="692" /><ent r="3" t="60" w="752" /><ent r="3" t="60" w="758" /><ent r="3" t="60" w="764" /><ent r="3" t="60" w="769" /><ent r="3" t="60" w="775" /><ent r="3" t="60" w="805" /><ent r="3" t="60" w="837" /><ent r="3" t="60" w="865" /><ent r="3" t="71" w="92" /><ent r="3" t="71" w="95" /></phr></stem><stem n="sy"><phr n="sys"><ent r="3" t="14" w="1180" /><ent r="3" t="14" w="1188" /><ent r="3" t="14" w="1249" /><ent r="3" t="14" w="1323" /><ent r="3" t="25" w="370" /><ent r="3" t="25" w="446" /><ent r="3" t="42" w="580" /><ent r="3" t="42" w="603" /><ent r="3" t="42" w="611" /><ent r="3" t="42" w="623" /><ent r="3" t="42" w="683" /><ent r="3" t="45" w="440" /><ent r="3" t="45" w="443" /><ent r="3" t="45" w="451" /><ent r="3" t="45" w="454" /><ent r="3" t="45" w="458" /><ent r="3" t="45" w="489" /><ent r="3" t="48" w="712" /><ent r="3" t="48" w="743" /><ent r="3" t="48" w="882" /><ent r="3" t="48" w="936" /></phr></stem><stem n="getopt"><phr n="getopt"><ent r="3" t="14" w="1182" /><ent r="3" t="14" w="1186" /><ent r="3" t="14" w="1187" /><ent r="3" t="14" w="1192" /><ent r="3" t="14" w="1196" /><ent r="3" t="48" w="714" /><ent r="3" t="48" w="741" /><ent r="3" t="48" w="742" /><ent r="3" t="48" w="747" /><ent r="3" t="48" w="751" /></phr><phr n="getopts"><ent r="3" t="60" w="491" /></phr></stem><stem n="opt"><phr n="opts"><ent r="3" t="14" w="1184" /><ent r="3" t="48" w="739" /></phr></stem><stem n="getopt.getopt"><phr n="getopt.getopt"><ent r="3" t="14" w="1187" /><ent r="3" t="14" w="1186" /><ent r="3" t="48" w="742" /><ent r="3" t="48" w="741" /></phr></stem><stem n="sys.argv"><phr n="sys.argv"><ent r="3" t="14" w="1189" /><ent r="3" t="14" w="1188" /><ent r="3" t="42" w="604" /><ent r="3" t="42" w="603" /><ent r="3" t="42" w="612" /><ent r="3" t="42" w="611" /><ent r="3" t="45" w="444" /><ent r="3" t="45" w="443" /><ent r="3" t="45" w="452" /><ent r="3" t="45" w="451" /><ent r="3" t="45" w="459" /><ent r="3" t="45" w="458" /><ent r="3" t="48" w="744" /><ent r="3" t="48" w="743" /></phr></stem><stem n="argv"><phr n="argv"><ent r="3" t="14" w="1189" /><ent r="3" t="42" w="604" /><ent r="3" t="42" w="612" /><ent r="3" t="45" w="444" /><ent r="3" t="45" w="452" /><ent r="3" t="45" w="459" /><ent r="3" t="48" w="744" /></phr></stem><stem n=".getopt(sys.argv[1:],"><phr n=".getopt(sys.argv[1:],"><ent r="3" t="14" w="1191" /><ent r="3" t="48" w="746" /></phr></stem><stem n="&quot;&quot;)"><phr n="&quot;&quot;)"><ent r="3" t="14" w="1191" /><ent r="3" t="48" w="746" /><ent r="3" t="60" w="1344" /></phr></stem><stem n="getopt.getopterror"><phr n="getopt.GetoptError"><ent r="3" t="14" w="1193" /><ent r="3" t="14" w="1192" /><ent r="3" t="48" w="748" /><ent r="3" t="48" w="747" /></phr></stem><stem n="getopterror"><phr n="GetoptError"><ent r="3" t="14" w="1193" /><ent r="3" t="48" w="748" /></phr></stem><stem n="getopt.getopterror,"><phr n="getopt.GetoptError,"><ent r="3" t="14" w="1193" /><ent r="3" t="14" w="1192" /><ent r="3" t="48" w="748" /><ent r="3" t="48" w="747" /></phr></stem><stem n=".getopterror,"><phr n=".GetoptError,"><ent r="3" t="14" w="1194" /><ent r="3" t="48" w="749" /></phr></stem><stem n="err"><phr n="err"><ent r="3" t="14" w="1194" /><ent r="3" t="14" w="1199" /><ent r="3" t="15" w="658" /><ent r="3" t="16" w="940" /><ent r="3" t="42" w="891" /><ent r="3" t="42" w="900" /><ent r="3" t="48" w="749" /><ent r="3" t="48" w="754" /></phr></stem><stem n="&quot;getopt"><phr n="&quot;getopt"><ent r="3" t="14" w="1196" /><ent r="3" t="48" w="751" /></phr></stem><stem n="%d&quot;"><phr n="%d&quot;"><ent r="3" t="14" w="1199" /><ent r="3" t="48" w="754" /></phr></stem><stem n="(err)"><phr n="(err)"><ent r="3" t="14" w="1200" /><ent r="3" t="48" w="755" /></phr></stem><stem n="(args[0]"><phr n="(args[0]"><ent r="3" t="14" w="1203" /></phr></stem><stem n="=="><phr n="=="><ent r="3" t="14" w="1203" /><ent r="3" t="14" w="1266" /><ent r="3" t="16" w="1922" /><ent r="3" t="21" w="1414" /><ent r="3" t="21" w="1422" /><ent r="3" t="21" w="1431" /><ent r="3" t="21" w="1440" /><ent r="3" t="21" w="1448" /><ent r="3" t="21" w="1471" /><ent r="3" t="21" w="1479" /><ent r="3" t="21" w="1487" /><ent r="3" t="21" w="1506" /><ent r="3" t="21" w="1514" /><ent r="3" t="21" w="1522" /><ent r="3" t="23" w="934" /><ent r="3" t="24" w="71" /><ent r="3" t="24" w="79" /><ent r="3" t="28" w="1044" /><ent r="3" t="28" w="1055" /><ent r="3" t="36" w="1747" /><ent r="5" t="76" w="164" /></phr></stem><stem n="&quot;$numericparam&quot;):"><phr n="&quot;$numericParam&quot;):"><ent r="3" t="14" w="1204" /></phr></stem><stem n="int"><phr n="int"><ent r="3" t="14" w="1229" /><ent r="3" t="23" w="1045" /><ent r="3" t="23" w="1104" /></phr></stem><stem n="(args[0])"><phr n="(args[0])"><ent r="3" t="14" w="1232" /></phr></stem><stem n="convert"><phr n="convert"><ent r="3" t="14" w="1233" /><ent r="3" t="23" w="2370" /><ent r="3" t="33" w="957" /></phr><phr n="converts"><ent r="6" t="16" w="413" /></phr><phr n="converted"><ent r="6" t="16" w="430" /><ent r="3" t="33" w="996" /><ent r="3" t="33" w="1007" /><ent r="3" t="36" w="2547" /><ent r="3" t="36" w="2560" /></phr><phr n="Convert"><ent r="3" t="60" w="616" /><ent r="3" t="60" w="1033" /></phr></stem><stem n="stdin"><phr n="stdin"><ent r="3" t="14" w="1241" /><ent r="3" t="14" w="1250" /><ent r="3" t="14" w="1252" /><ent r="4" t="40" w="221" /><ent r="3" t="40" w="484" /></phr><phr n="STDIN"><ent r="3" t="39" w="1189" /><ent r="92" t="39" w="1197" /><ent r="4" t="39" w="1253" /><ent r="64" t="39" w="1263" /><ent r="4" t="40" w="77" /><ent r="65" t="40" w="233" /><ent r="4" t="40" w="382" /><ent r="65" t="40" w="388" /><ent r="92" t="40" w="436" /></phr></stem><stem n=".stdin"><phr n=".stdin"><ent r="3" t="14" w="1250" /></phr></stem><stem n="sys.stdin"><phr n="sys.stdin"><ent r="3" t="14" w="1250" /><ent r="3" t="14" w="1249" /></phr></stem><stem n="f.readlin"><phr n="f.readline"><ent r="3" t="14" w="1255" /><ent r="3" t="14" w="1254" /></phr></stem><stem n="readlin"><phr n="readline"><ent r="3" t="14" w="1255" /></phr></stem><stem n=".readline().strip()"><phr n=".readline().strip()"><ent r="3" t="14" w="1257" /></phr></stem><stem n="&amp;"><phr n="&amp;"><ent r="3" t="14" w="1260" /><ent r="3" t="14" w="1262" /><ent r="64" t="56" w="168" /><ent r="64" t="56" w="183" /><ent r="1000" t="57" w="2" /><ent r="102" t="57" w="6" /><ent r="1000" t="58" w="2" /><ent r="102" t="58" w="6" /><ent r="3" t="60" w="610" /><ent r="3" t="60" w="1136" /><ent r="3" t="60" w="1136" /><ent r="3" t="60" w="1169" /><ent r="3" t="60" w="1347" /><ent r="3" t="60" w="1347" /><ent r="3" t="60" w="1355" /><ent r="3" t="60" w="1356" /><ent r="4" t="72" w="59" /></phr></stem><stem n="trail"><phr n="trailing"><ent r="3" t="14" w="1262" /><ent r="3" t="15" w="701" /><ent r="3" t="25" w="76" /><ent r="3" t="25" w="107" /><ent r="4" t="25" w="247" /><ent r="3" t="25" w="378" /><ent r="4" t="59" w="95" /></phr></stem><stem n="whitespac"><phr n="whitespace"><ent r="3" t="14" w="1263" /></phr><phr n="Whitespace"><ent r="100" t="71" w="90" /></phr></stem><stem n="(searchstr"><phr n="(searchString"><ent r="3" t="14" w="1265" /></phr></stem><stem n="&quot;$searchstring&quot;):"><phr n="&quot;$SearchString&quot;):"><ent r="3" t="14" w="1267" /></phr></stem><stem n="retcod"><phr n="retcode"><ent r="3" t="14" w="1289" /><ent r="3" t="14" w="1325" /><ent r="3" t="42" w="598" /><ent r="3" t="42" w="645" /><ent r="3" t="42" w="685" /><ent r="3" t="48" w="807" /><ent r="3" t="48" w="884" /><ent r="3" t="48" w="890" /><ent r="3" t="48" w="938" /></phr></stem><stem n="=0"><phr n="=0"><ent r="3" t="14" w="1290" /></phr></stem><stem n="anoth"><phr n="another"><ent r="3" t="14" w="1296" /><ent r="3" t="18" w="966" /><ent r="3" t="18" w="981" /><ent r="3" t="20" w="237" /><ent r="3" t="27" w="257" /><ent r="3" t="27" w="278" /><ent r="3" t="31" w="1172" /><ent r="3" t="33" w="102" /><ent r="3" t="33" w="110" /><ent r="4" t="34" w="853" /><ent r="3" t="34" w="1398" /><ent r="4" t="65" w="101" /><ent r="4" t="65" w="127" /><ent r="4" t="65" w="172" /><ent r="3" t="68" w="18" /><ent r="3" t="68" w="136" /><ent r="3" t="68" w="168" /></phr></stem><stem n="number+1"><phr n="number+1"><ent r="3" t="14" w="1305" /></phr></stem><stem n="increment"><phr n="increment"><ent r="3" t="14" w="1306" /></phr><phr n="incremented"><ent r="7" t="67" w="506" /></phr></stem><stem n="retstr"><phr n="retstring"><ent r="3" t="14" w="1311" /><ent r="3" t="14" w="1322" /></phr></stem><stem n="&quot;hunki"><phr n="&quot;Hunky"><ent r="3" t="14" w="1312" /></phr></stem><stem n="hunki"><phr n="Hunky"><ent r="3" t="14" w="1312" /></phr></stem><stem n="dori"><phr n="Dory"><ent r="3" t="14" w="1313" /></phr></stem><stem n="&quot;\{"><phr n="&quot;\{"><ent r="3" t="14" w="1315" /><ent r="3" t="44" w="57" /><ent r="3" t="48" w="873" /><ent r="3" t="48" w="923" /></phr></stem><stem n="'%s',"><phr n="'%s',"><ent r="3" t="14" w="1317" /><ent r="3" t="48" w="875" /><ent r="3" t="48" w="925" /></phr></stem><stem n="'%d'"><phr n="'%d'"><ent r="3" t="14" w="1319" /></phr></stem><stem n="%s&quot;"><phr n="%s&quot;"><ent r="3" t="14" w="1320" /><ent r="3" t="45" w="487" /><ent r="3" t="48" w="878" /></phr></stem><stem n="(searchstring,"><phr n="(searchString,"><ent r="3" t="14" w="1321" /></phr></stem><stem n="sys.exit"><phr n="sys.exit"><ent r="3" t="14" w="1324" /><ent r="3" t="14" w="1323" /><ent r="3" t="42" w="624" /><ent r="3" t="42" w="623" /><ent r="3" t="42" w="684" /><ent r="3" t="42" w="683" /><ent r="3" t="45" w="455" /><ent r="3" t="45" w="454" /><ent r="3" t="45" w="490" /><ent r="3" t="45" w="489" /><ent r="3" t="48" w="883" /><ent r="3" t="48" w="882" /><ent r="3" t="48" w="937" /><ent r="3" t="48" w="936" /></phr></stem><stem n=".exit(retcode)"><phr n=".exit(retcode)"><ent r="3" t="14" w="1326" /><ent r="3" t="42" w="686" /><ent r="3" t="48" w="885" /><ent r="3" t="48" w="939" /></phr></stem><stem n="/tool&gt;"><phr n="/tool&gt;"><ent r="3" t="14" w="1327" /></phr></stem><stem n="&lt;/tool&gt;"><phr n="&lt;/tool&gt;"><ent r="3" t="14" w="1327" /><ent r="3" t="14" w="1326" /></phr></stem><stem n="tool&gt;"><phr n="tool&gt;"><ent r="3" t="14" w="1327" /></phr></stem><stem n="=&quot;custom-snmp&quot;"><phr n="=&quot;custom-snmp&quot;"><ent r="3" t="15" w="10" /></phr></stem><stem n="&lt;snmp-device-vari"><phr n="&lt;snmp-device-variables"><ent r="100" t="15" w="12" /><ent r="1000" t="18" w="2" /><ent r="102" t="18" w="9" /><ent r="3" t="18" w="566" /><ent r="4" t="18" w="728" /><ent r="3" t="18" w="1039" /><ent r="3" t="18" w="1323" /><ent r="3" t="18" w="1633" /><ent r="4" t="18" w="1933" /><ent r="4" t="25" w="1081" /></phr></stem><stem n="&lt;snmp-device-threshold"><phr n="&lt;snmp-device-threshold"><ent r="100" t="15" w="17" /></phr></stem><stem n="-name"><phr n="-name"><ent r="100" t="15" w="24" /><ent r="100" t="15" w="24" /><ent r="100" t="16" w="13" /><ent r="100" t="16" w="13" /><ent r="4" t="33" w="916" /><ent r="4" t="33" w="916" /></phr></stem><stem n="variable-nam"><phr n="Variable-name"><ent r="100" t="15" w="24" /><ent r="3" t="15" w="589" /><ent r="3" t="15" w="621" /><ent r="100" t="16" w="13" /><ent r="3" t="16" w="904" /></phr><phr n="variable-name"><ent r="4" t="33" w="916" /></phr></stem><stem n=":cpu"><phr n=":CPU"><ent r="100" t="15" w="39" /></phr></stem><stem n="aren"><phr n="aren"><ent r="3" t="15" w="58" /></phr></stem><stem n="aren't"><phr n="aren't"><ent r="3" t="15" w="59" /><ent r="3" t="15" w="58" /></phr></stem><stem n="insid"><phr n="inside"><ent r="3" t="15" w="79" /><ent r="4" t="34" w="803" /><ent r="3" t="60" w="237" /></phr></stem><stem n="switch"><phr n="switch"><ent r="3" t="15" w="82" /><ent r="4" t="18" w="206" /><ent r="3" t="55" w="107" /><ent r="3" t="55" w="176" /><ent r="3" t="55" w="192" /><ent r="4" t="60" w="413" /></phr><phr n="Switch"><ent r="3" t="55" w="630" /><ent r="3" t="55" w="694" /></phr></stem><stem n="closur"><phr n="closures"><ent r="3" t="15" w="83" /></phr></stem><stem n=":string"><phr n=":String"><ent r="100" t="15" w="89" /><ent r="100" t="23" w="222" /><ent r="100" t="34" w="158" /></phr><phr n=":STRING"><ent r="3" t="23" w="1003" /><ent r="3" t="23" w="1062" /></phr></stem><stem n="here'"><phr n="Here's"><ent r="3" t="15" w="112" /><ent r="3" t="15" w="111" /><ent r="3" t="18" w="328" /><ent r="3" t="18" w="327" /><ent r="3" t="25" w="739" /><ent r="3" t="25" w="738" /><ent r="3" t="28" w="630" /><ent r="3" t="28" w="629" /></phr></stem><stem n="(call"><phr n="(called"><ent r="4" t="15" w="132" /><ent r="3" t="64" w="96" /></phr></stem><stem n="seri"><phr n="series"><ent r="4" t="15" w="177" /><ent r="6" t="16" w="383" /><ent r="4" t="46" w="557" /></phr></stem><stem n="trigger"><phr n="triggered"><ent r="4" t="15" w="195" /><ent r="4" t="17" w="71" /><ent r="4" t="17" w="236" /><ent r="3" t="17" w="293" /><ent r="3" t="17" w="299" /></phr><phr n="triggers"><ent r="3" t="21" w="292" /><ent r="3" t="21" w="296" /><ent r="3" t="22" w="234" /></phr></stem><stem n="(generally,"><phr n="(generally,"><ent r="4" t="15" w="197" /></phr></stem><stem n="wors"><phr n="worse"><ent r="4" t="15" w="222" /><ent r="3" t="20" w="339" /></phr></stem><stem n="&quot;worse&quot;"><phr n="&quot;worse&quot;"><ent r="4" t="15" w="223" /><ent r="3" t="20" w="340" /></phr></stem><stem n="fundament"><phr n="fundamental"><ent r="4" t="15" w="296" /><ent r="4" t="33" w="202" /><ent r="4" t="39" w="138" /></phr></stem><stem n="handl"><phr n="handle"><ent r="3" t="15" w="380" /><ent r="4" t="46" w="864" /></phr><phr n="handling"><ent r="3" t="31" w="16" /></phr><phr n="Handling"><ent r="100" t="34" w="212" /><ent r="100" t="34" w="214" /><ent r="100" t="34" w="216" /><ent r="65" t="34" w="220" /><ent r="92" t="34" w="1462" /></phr><phr n="handled"><ent r="4" t="39" w="682" /><ent r="4" t="39" w="737" /></phr></stem><stem n="[variable-name],"><phr n="[Variable-name],"><ent r="3" t="15" w="591" /></phr></stem><stem n="[oid],"><phr n="[OID],"><ent r="3" t="15" w="592" /><ent r="3" t="16" w="136" /></phr></stem><stem n="[type],"><phr n="[Type],"><ent r="3" t="15" w="593" /><ent r="3" t="16" w="137" /></phr></stem><stem n="chart-legend"><phr n="Chart-legend"><ent r="3" t="15" w="593" /><ent r="5" t="16" w="715" /></phr></stem><stem n="[chart-legend]"><phr n="[Chart-legend]"><ent r="3" t="15" w="595" /></phr></stem><stem n="--variable-nam"><phr n="--Variable-name"><ent r="3" t="15" w="621" /><ent r="3" t="15" w="623" /><ent r="3" t="16" w="904" /><ent r="3" t="16" w="906" /></phr></stem><stem n="---"><phr n="---"><ent r="3" t="15" w="624" /><ent r="3" t="15" w="626" /><ent r="3" t="16" w="907" /><ent r="3" t="16" w="909" /></phr></stem><stem n="------"><phr n="------"><ent r="3" t="15" w="627" /><ent r="3" t="15" w="632" /><ent r="3" t="16" w="910" /><ent r="3" t="16" w="915" /></phr></stem><stem n="1.3.6.1.2.1.4.4"><phr n="1.3.6.1.2.1.4.4"><ent r="3" t="15" w="651" /><ent r="3" t="15" w="644" /><ent r="3" t="16" w="933" /><ent r="3" t="16" w="926" /><ent r="4" t="16" w="1074" /><ent r="4" t="16" w="1067" /></phr></stem><stem n="1.3.6.1.2.1.4.4.0"><phr n="1.3.6.1.2.1.4.4.0"><ent r="3" t="15" w="652" /><ent r="3" t="15" w="644" /><ent r="3" t="16" w="934" /><ent r="3" t="16" w="926" /><ent r="4" t="16" w="1075" /><ent r="4" t="16" w="1067" /></phr></stem><stem n="1.3.6.1.2.1.4.4.0,"><phr n="1.3.6.1.2.1.4.4.0,"><ent r="3" t="15" w="652" /><ent r="3" t="15" w="644" /><ent r="3" t="16" w="934" /><ent r="3" t="16" w="926" /><ent r="4" t="16" w="1075" /><ent r="4" t="16" w="1067" /></phr></stem><stem n=".3.6.1.2.1.4.4.0,"><phr n=".3.6.1.2.1.4.4.0,"><ent r="3" t="15" w="653" /><ent r="3" t="16" w="935" /><ent r="4" t="16" w="1076" /></phr></stem><stem n="per-minut"><phr n="PER-MINUTE"><ent r="3" t="15" w="653" /><ent r="3" t="16" w="935" /><ent r="4" t="28" w="793" /></phr><phr n="Per-minute"><ent r="100" t="16" w="258" /><ent r="7" t="16" w="493" /></phr></stem><stem n="-minute,"><phr n="-MINUTE,"><ent r="3" t="15" w="655" /><ent r="3" t="15" w="655" /><ent r="3" t="16" w="937" /><ent r="3" t="16" w="937" /></phr><phr n="-minute,"><ent r="3" t="63" w="31" /><ent r="3" t="63" w="31" /></phr></stem><stem n="&quot;ip"><phr n="&quot;IP"><ent r="3" t="15" w="655" /><ent r="3" t="16" w="937" /><ent r="3" t="18" w="1352" /></phr></stem><stem n="1.3.6.1.2.1.6"><phr n="1.3.6.1.2.1.6"><ent r="3" t="15" w="667" /><ent r="3" t="15" w="661" /></phr></stem><stem n="1.3.6.1.2.1.6.9"><phr n="1.3.6.1.2.1.6.9"><ent r="3" t="15" w="668" /><ent r="3" t="15" w="661" /></phr></stem><stem n="1.3.6.1.2.1.6.9.0"><phr n="1.3.6.1.2.1.6.9.0"><ent r="3" t="15" w="669" /><ent r="3" t="15" w="661" /></phr></stem><stem n="1.3.6.1.2.1.6.9.0,"><phr n="1.3.6.1.2.1.6.9.0,"><ent r="3" t="15" w="669" /><ent r="3" t="15" w="661" /></phr></stem><stem n=".3.6.1.2.1.6.9.0,"><phr n=".3.6.1.2.1.6.9.0,"><ent r="3" t="15" w="670" /></phr></stem><stem n="&quot;number"><phr n="&quot;Number"><ent r="3" t="15" w="671" /></phr></stem><stem n="conn"><phr n="conn"><ent r="3" t="15" w="674" /></phr><phr n="CONN"><ent r="100" t="36" w="144" /><ent r="65" t="36" w="331" /><ent r="4" t="36" w="564" /><ent r="83" t="36" w="1197" /><ent r="5" t="36" w="1205" /><ent r="5" t="36" w="1235" /><ent r="5" t="36" w="1258" /><ent r="5" t="36" w="1298" /><ent r="3" t="36" w="2075" /><ent r="100" t="38" w="178" /><ent r="3" t="38" w="451" /></phr></stem><stem n="conn'"><phr n="conn's"><ent r="3" t="15" w="675" /><ent r="3" t="15" w="674" /></phr></stem><stem n="'s&quot;"><phr n="'s&quot;"><ent r="3" t="15" w="676" /></phr></stem><stem n="sysdescr"><phr n="sysDescr"><ent r="3" t="15" w="677" /><ent r="3" t="16" w="910" /><ent r="4" t="16" w="1390" /><ent r="5" t="16" w="1408" /><ent r="3" t="23" w="2751" /><ent r="3" t="23" w="2772" /><ent r="3" t="23" w="2798" /><ent r="4" t="23" w="2842" /></phr><phr n="SysDescr"><ent r="100" t="15" w="728" /><ent r="100" t="16" w="888" /></phr></stem><stem n="1.3.6.1.2.1.1"><phr n="1.3.6.1.2.1.1"><ent r="3" t="15" w="684" /><ent r="3" t="15" w="678" /><ent r="3" t="16" w="917" /><ent r="3" t="16" w="911" /><ent r="4" t="16" w="989" /><ent r="4" t="16" w="983" /><ent r="4" t="16" w="1031" /><ent r="4" t="16" w="1025" /><ent r="5" t="16" w="1402" /><ent r="5" t="16" w="1396" /><ent r="3" t="23" w="2805" /><ent r="3" t="23" w="2799" /><ent r="4" t="23" w="2852" /><ent r="4" t="23" w="2846" /><ent r="3" t="53" w="353" /><ent r="3" t="53" w="347" /><ent r="3" t="53" w="364" /><ent r="3" t="53" w="358" /><ent r="3" t="53" w="386" /><ent r="3" t="53" w="380" /><ent r="3" t="54" w="867" /><ent r="3" t="54" w="861" /><ent r="3" t="54" w="884" /><ent r="3" t="54" w="878" /><ent r="3" t="54" w="908" /><ent r="3" t="54" w="902" /><ent r="3" t="54" w="924" /><ent r="3" t="54" w="918" /><ent r="3" t="54" w="942" /><ent r="3" t="54" w="936" /><ent r="3" t="54" w="961" /><ent r="3" t="54" w="955" /><ent r="3" t="54" w="980" /><ent r="3" t="54" w="974" /><ent r="3" t="54" w="996" /><ent r="3" t="54" w="990" /><ent r="3" t="54" w="1012" /><ent r="3" t="54" w="1006" /><ent r="3" t="54" w="1024" /><ent r="3" t="54" w="1018" /><ent r="3" t="54" w="1038" /><ent r="3" t="54" w="1032" /><ent r="3" t="54" w="1057" /><ent r="3" t="54" w="1051" /><ent r="3" t="55" w="623" /><ent r="3" t="55" w="617" /><ent r="3" t="55" w="639" /><ent r="3" t="55" w="633" /><ent r="3" t="55" w="661" /><ent r="3" t="55" w="655" /><ent r="3" t="55" w="675" /><ent r="3" t="55" w="669" /><ent r="3" t="55" w="688" /><ent r="3" t="55" w="682" /></phr></stem><stem n="1.3.6.1.2.1.1.1"><phr n="1.3.6.1.2.1.1.1"><ent r="3" t="15" w="685" /><ent r="3" t="15" w="678" /><ent r="3" t="16" w="918" /><ent r="3" t="16" w="911" /><ent r="4" t="16" w="990" /><ent r="4" t="16" w="983" /><ent r="5" t="16" w="1403" /><ent r="5" t="16" w="1396" /><ent r="3" t="23" w="2806" /><ent r="3" t="23" w="2799" /><ent r="4" t="23" w="2853" /><ent r="4" t="23" w="2846" /><ent r="3" t="53" w="365" /><ent r="3" t="53" w="358" /><ent r="3" t="54" w="868" /><ent r="3" t="54" w="861" /><ent r="3" t="55" w="624" /><ent r="3" t="55" w="617" /></phr></stem><stem n="1.3.6.1.2.1.1.1.0"><phr n="1.3.6.1.2.1.1.1.0"><ent r="3" t="15" w="686" /><ent r="3" t="15" w="678" /><ent r="3" t="16" w="919" /><ent r="3" t="16" w="911" /><ent r="4" t="16" w="991" /><ent r="4" t="16" w="983" /><ent r="5" t="16" w="1404" /><ent r="5" t="16" w="1396" /><ent r="3" t="23" w="2807" /><ent r="3" t="23" w="2799" /><ent r="4" t="23" w="2854" /><ent r="4" t="23" w="2846" /><ent r="3" t="54" w="869" /><ent r="3" t="54" w="861" /><ent r="3" t="55" w="625" /><ent r="3" t="55" w="617" /></phr></stem><stem n="1.3.6.1.2.1.1.1.0,"><phr n="1.3.6.1.2.1.1.1.0,"><ent r="3" t="15" w="686" /><ent r="3" t="15" w="678" /><ent r="3" t="16" w="919" /><ent r="3" t="16" w="911" /><ent r="3" t="23" w="2807" /><ent r="3" t="23" w="2799" /></phr></stem><stem n=".3.6.1.2.1.1.1.0,"><phr n=".3.6.1.2.1.1.1.0,"><ent r="3" t="15" w="687" /><ent r="3" t="16" w="920" /><ent r="3" t="23" w="2808" /></phr></stem><stem n="&quot;.0&quot;"><phr n="&quot;.0&quot;"><ent r="3" t="15" w="703" /><ent r="4" t="16" w="796" /><ent r="4" t="16" w="1377" /></phr></stem><stem n=":tcp"><phr n=":TCP"><ent r="100" t="15" w="719" /><ent r="100" t="16" w="872" /></phr></stem><stem n=":number"><phr n=":Number"><ent r="100" t="15" w="724" /><ent r="100" t="16" w="877" /></phr><phr n=":number"><ent r="100" t="36" w="304" /><ent r="100" t="54" w="224" /></phr></stem><stem n="gather"><phr n="gathered"><ent r="3" t="15" w="757" /></phr></stem><stem n="&lt;/tag"><phr n="&lt;/tag"><ent r="3" t="15" w="839" /><ent r="3" t="15" w="835" /><ent r="3" t="24" w="46" /><ent r="3" t="24" w="42" /></phr></stem><stem n="&lt;/tag."><phr n="&lt;/tag."><ent r="3" t="15" w="839" /><ent r="3" t="15" w="835" /><ent r="3" t="24" w="46" /><ent r="3" t="24" w="42" /></phr></stem><stem n="nomib2"><phr n="Nomib2"><ent r="100" t="15" w="848" /><ent r="100" t="24" w="52" /></phr><phr n="nomib2"><ent r="5" t="15" w="850" /><ent r="3" t="15" w="974" /><ent r="3" t="24" w="59" /><ent r="5" t="24" w="97" /><ent r="3" t="26" w="131" /></phr></stem><stem n="=&quot;true&quot;"><phr n="=&quot;true&quot;"><ent r="5" t="15" w="852" /><ent r="3" t="15" w="976" /><ent r="5" t="24" w="99" /></phr></stem><stem n=":sysuptim"><phr n=":sysUptime"><ent r="100" t="15" w="854" /><ent r="100" t="24" w="103" /></phr></stem><stem n="-2"><phr n="-2"><ent r="100" t="15" w="855" /><ent r="100" t="15" w="855" /><ent r="100" t="15" w="859" /><ent r="100" t="15" w="859" /><ent r="4" t="15" w="868" /><ent r="4" t="15" w="868" /><ent r="100" t="24" w="104" /><ent r="100" t="24" w="104" /><ent r="100" t="24" w="108" /><ent r="100" t="24" w="108" /><ent r="4" t="24" w="117" /><ent r="4" t="24" w="117" /></phr></stem><stem n="mib-2"><phr n="MIB-2"><ent r="100" t="15" w="855" /><ent r="100" t="15" w="859" /><ent r="4" t="15" w="868" /><ent r="100" t="24" w="104" /><ent r="100" t="24" w="108" /><ent r="4" t="24" w="117" /></phr></stem><stem n="pdutyp"><phr n="Pdutype"><ent r="100" t="15" w="872" /><ent r="100" t="24" w="54" /></phr><phr n="pdutype"><ent r="5" t="15" w="874" /><ent r="3" t="15" w="977" /><ent r="4" t="16" w="857" /><ent r="3" t="24" w="61" /><ent r="5" t="24" w="121" /><ent r="3" t="26" w="133" /></phr></stem><stem n="get-request"><phr n="get-request"><ent r="5" t="15" w="875" /><ent r="3" t="15" w="978" /><ent r="4" t="16" w="861" /><ent r="3" t="24" w="62" /><ent r="5" t="24" w="122" /><ent r="3" t="25" w="813" /><ent r="3" t="26" w="134" /></phr><phr n="Get-Request"><ent r="100" t="15" w="879" /><ent r="4" t="15" w="889" /><ent r="100" t="24" w="126" /><ent r="4" t="24" w="136" /></phr></stem><stem n="=&quot;get-request&quot;"><phr n="=&quot;get-request&quot;"><ent r="5" t="15" w="877" /><ent r="3" t="15" w="980" /><ent r="5" t="24" w="124" /></phr></stem><stem n="-request"><phr n="-Request"><ent r="100" t="15" w="879" /><ent r="100" t="15" w="879" /><ent r="100" t="24" w="126" /><ent r="100" t="24" w="126" /></phr><phr n="-request"><ent r="3" t="25" w="813" /><ent r="3" t="25" w="813" /></phr></stem><stem n="-next-request"><phr n="-Next-Request"><ent r="100" t="15" w="882" /><ent r="100" t="15" w="883" /><ent r="4" t="15" w="893" /><ent r="4" t="15" w="894" /><ent r="100" t="16" w="185" /><ent r="100" t="16" w="186" /><ent r="4" t="16" w="848" /><ent r="4" t="16" w="849" /><ent r="100" t="24" w="129" /><ent r="100" t="24" w="130" /><ent r="4" t="24" w="140" /><ent r="4" t="24" w="141" /></phr></stem><stem n="get-next"><phr n="Get-Next"><ent r="100" t="15" w="882" /><ent r="4" t="15" w="893" /><ent r="100" t="16" w="185" /><ent r="4" t="16" w="848" /><ent r="100" t="24" w="129" /><ent r="4" t="24" w="140" /><ent r="3" t="25" w="50" /><ent r="92" t="25" w="620" /><ent r="3" t="25" w="800" /></phr><phr n="get-next"><ent r="3" t="25" w="631" /></phr></stem><stem n="get-next-request"><phr n="Get-Next-Request"><ent r="100" t="15" w="882" /><ent r="4" t="15" w="893" /><ent r="100" t="16" w="185" /><ent r="4" t="16" w="848" /><ent r="100" t="24" w="129" /><ent r="4" t="24" w="140" /></phr></stem><stem n="next-request"><phr n="Next-Request"><ent r="100" t="15" w="883" /><ent r="4" t="15" w="894" /><ent r="100" t="16" w="186" /><ent r="4" t="16" w="849" /><ent r="100" t="24" w="130" /><ent r="4" t="24" w="141" /></phr></stem><stem n="-request,"><phr n="-Request,"><ent r="4" t="15" w="891" /><ent r="4" t="15" w="891" /><ent r="4" t="24" w="138" /><ent r="4" t="24" w="138" /></phr></stem></index>