<?xml version="1.0" encoding="utf-8"?><index><stem n="&lt;snmp-device-variables&gt;"><phr n="&lt;snmp-device-variables&gt;"><ent r="67" t="4" w="266" /><ent r="67" t="4" w="433" /><ent r="3" t="7" w="476" /><ent r="5" t="13" w="732" /><ent r="82" t="13" w="794" /><ent r="4" t="13" w="2062" /><ent r="3" t="13" w="2073" /><ent r="3" t="14" w="490" /><ent r="67" t="15" w="397" /><ent r="93" t="15" w="508" /><ent r="4" t="15" w="517" /><ent r="4" t="15" w="564" /><ent r="83" t="15" w="611" /><ent r="3" t="15" w="617" /><ent r="1000" t="16" w="2" /><ent r="102" t="16" w="8" /><ent r="4" t="16" w="45" /><ent r="4" t="16" w="112" /><ent r="4" t="16" w="895" /><ent r="3" t="16" w="901" /><ent r="5" t="18" w="825" /><ent r="4" t="18" w="1881" /><ent r="3" t="19" w="395" /><ent r="4" t="21" w="173" /><ent r="3" t="21" w="1313" /><ent r="3" t="23" w="2786" /><ent r="3" t="23" w="2794" /><ent r="3" t="26" w="378" /><ent r="64" t="27" w="207" /><ent r="1000" t="28" w="2" /><ent r="102" t="28" w="10" /><ent r="3" t="28" w="550" /><ent r="3" t="28" w="640" /><ent r="3" t="28" w="972" /><ent r="3" t="28" w="1079" /><ent r="3" t="31" w="1145" /></phr></stem><stem n="device-variables&gt;"><phr n="device-variables&gt;"><ent r="67" t="4" w="267" /><ent r="67" t="4" w="434" /><ent r="3" t="7" w="477" /><ent r="3" t="7" w="493" /><ent r="5" t="13" w="733" /><ent r="82" t="13" w="795" /><ent r="4" t="13" w="2063" /><ent r="3" t="13" w="2074" /><ent r="3" t="13" w="2092" /><ent r="3" t="14" w="491" /><ent r="3" t="14" w="582" /><ent r="67" t="15" w="398" /><ent r="93" t="15" w="509" /><ent r="4" t="15" w="518" /><ent r="4" t="15" w="565" /><ent r="83" t="15" w="612" /><ent r="3" t="15" w="618" /><ent r="3" t="15" w="691" /><ent r="1000" t="16" w="3" /><ent r="102" t="16" w="9" /><ent r="4" t="16" w="46" /><ent r="4" t="16" w="113" /><ent r="4" t="16" w="896" /><ent r="3" t="16" w="902" /><ent r="3" t="16" w="972" /><ent r="5" t="18" w="826" /><ent r="4" t="18" w="1882" /><ent r="3" t="19" w="396" /><ent r="3" t="19" w="401" /><ent r="4" t="21" w="174" /><ent r="3" t="21" w="1314" /><ent r="3" t="21" w="1371" /><ent r="3" t="23" w="2787" /><ent r="3" t="23" w="2795" /><ent r="3" t="23" w="2838" /><ent r="3" t="26" w="379" /><ent r="3" t="26" w="394" /><ent r="64" t="27" w="208" /><ent r="1000" t="28" w="3" /><ent r="102" t="28" w="11" /><ent r="3" t="28" w="551" /><ent r="3" t="28" w="569" /><ent r="3" t="28" w="641" /><ent r="3" t="28" w="727" /><ent r="3" t="28" w="973" /><ent r="3" t="28" w="1003" /><ent r="3" t="28" w="1080" /><ent r="3" t="28" w="1110" /><ent r="3" t="31" w="1146" /><ent r="3" t="31" w="1510" /></phr></stem><stem n="variables&gt;"><phr n="variables&gt;"><ent r="67" t="4" w="268" /><ent r="67" t="4" w="435" /><ent r="3" t="7" w="478" /><ent r="3" t="7" w="494" /><ent r="5" t="13" w="734" /><ent r="82" t="13" w="796" /><ent r="4" t="13" w="2064" /><ent r="3" t="13" w="2075" /><ent r="3" t="13" w="2093" /><ent r="3" t="14" w="492" /><ent r="3" t="14" w="583" /><ent r="67" t="15" w="399" /><ent r="93" t="15" w="510" /><ent r="4" t="15" w="519" /><ent r="4" t="15" w="566" /><ent r="83" t="15" w="613" /><ent r="3" t="15" w="619" /><ent r="3" t="15" w="692" /><ent r="1000" t="16" w="4" /><ent r="102" t="16" w="10" /><ent r="4" t="16" w="47" /><ent r="4" t="16" w="114" /><ent r="4" t="16" w="897" /><ent r="3" t="16" w="903" /><ent r="3" t="16" w="973" /><ent r="5" t="18" w="827" /><ent r="4" t="18" w="1883" /><ent r="3" t="19" w="397" /><ent r="3" t="19" w="402" /><ent r="4" t="21" w="175" /><ent r="3" t="21" w="1315" /><ent r="3" t="21" w="1372" /><ent r="3" t="23" w="2788" /><ent r="3" t="23" w="2796" /><ent r="3" t="23" w="2839" /><ent r="3" t="26" w="380" /><ent r="3" t="26" w="395" /><ent r="64" t="27" w="209" /><ent r="1000" t="28" w="4" /><ent r="102" t="28" w="12" /><ent r="3" t="28" w="552" /><ent r="3" t="28" w="570" /><ent r="3" t="28" w="642" /><ent r="3" t="28" w="728" /><ent r="3" t="28" w="974" /><ent r="3" t="28" w="1004" /><ent r="3" t="28" w="1081" /><ent r="3" t="28" w="1111" /><ent r="3" t="31" w="1147" /><ent r="3" t="31" w="1511" /></phr></stem><stem n="mib"><phr n="MIB"><ent r="4" t="4" w="274" /><ent r="4" t="4" w="441" /><ent r="5" t="9" w="518" /><ent r="100" t="15" w="41" /><ent r="3" t="15" w="55" /><ent r="3" t="15" w="68" /><ent r="4" t="15" w="150" /><ent r="4" t="15" w="405" /><ent r="100" t="15" w="855" /><ent r="100" t="15" w="859" /><ent r="4" t="15" w="868" /><ent r="100" t="15" w="907" /><ent r="100" t="15" w="911" /><ent r="4" t="15" w="924" /><ent r="100" t="16" w="22" /><ent r="3" t="16" w="26" /><ent r="3" t="16" w="69" /><ent r="4" t="16" w="159" /><ent r="4" t="16" w="221" /><ent r="6" t="16" w="542" /><ent r="4" t="16" w="835" /><ent r="3" t="16" w="1670" /><ent r="4" t="16" w="1746" /><ent r="3" t="16" w="1769" /><ent r="3" t="16" w="1822" /><ent r="3" t="16" w="1830" /><ent r="3" t="16" w="1854" /><ent r="4" t="18" w="252" /><ent r="3" t="18" w="273" /><ent r="3" t="18" w="678" /><ent r="3" t="18" w="692" /><ent r="3" t="18" w="705" /><ent r="4" t="18" w="907" /><ent r="3" t="18" w="959" /><ent r="3" t="18" w="1007" /><ent r="3" t="18" w="1051" /><ent r="3" t="18" w="1059" /><ent r="3" t="18" w="1066" /><ent r="3" t="18" w="1077" /><ent r="3" t="18" w="1087" /><ent r="3" t="18" w="1095" /><ent r="3" t="18" w="1103" /><ent r="3" t="18" w="1112" /><ent r="3" t="18" w="1120" /><ent r="3" t="18" w="1129" /><ent r="3" t="18" w="1645" /><ent r="3" t="18" w="1676" /><ent r="3" t="18" w="1686" /><ent r="4" t="18" w="1902" /><ent r="100" t="23" w="18" /><ent r="100" t="23" w="23" /><ent r="3" t="23" w="47" /><ent r="100" t="24" w="104" /><ent r="100" t="24" w="108" /><ent r="4" t="24" w="117" /><ent r="100" t="24" w="154" /><ent r="100" t="24" w="158" /><ent r="4" t="24" w="171" /><ent r="3" t="25" w="34" /><ent r="3" t="25" w="221" /><ent r="4" t="25" w="271" /><ent r="3" t="25" w="306" /><ent r="3" t="25" w="348" /><ent r="3" t="25" w="352" /><ent r="3" t="25" w="393" /><ent r="3" t="25" w="403" /><ent r="3" t="25" w="407" /><ent r="3" t="25" w="498" /><ent r="3" t="25" w="516" /><ent r="4" t="25" w="536" /><ent r="4" t="25" w="551" /><ent r="4" t="25" w="573" /><ent r="4" t="25" w="594" /><ent r="3" t="25" w="951" /><ent r="3" t="26" w="152" /><ent r="3" t="26" w="168" /><ent r="3" t="26" w="182" /><ent r="3" t="28" w="920" /><ent r="3" t="28" w="925" /><ent r="3" t="28" w="930" /><ent r="3" t="28" w="937" /><ent r="3" t="28" w="957" /><ent r="3" t="28" w="978" /><ent r="3" t="28" w="987" /><ent r="3" t="28" w="995" /><ent r="3" t="28" w="1085" /><ent r="3" t="28" w="1094" /><ent r="3" t="28" w="1102" /><ent r="3" t="31" w="388" /><ent r="3" t="31" w="1163" /><ent r="1000" t="32" w="3" /><ent r="100" t="32" w="6" /><ent r="102" t="32" w="10" /><ent r="3" t="32" w="40" /><ent r="3" t="32" w="48" /><ent r="3" t="32" w="67" /><ent r="3" t="32" w="121" /><ent r="3" t="32" w="157" /><ent r="3" t="52" w="66" /><ent r="100" t="54" w="197" /><ent r="100" t="54" w="199" /><ent r="100" t="54" w="205" /><ent r="4" t="54" w="217" /><ent r="3" t="54" w="425" /><ent r="3" t="54" w="1124" /><ent r="4" t="54" w="1185" /><ent r="4" t="54" w="1192" /><ent r="4" t="57" w="35" /><ent r="6" t="57" w="281" /><ent r="6" t="60" w="192" /><ent r="3" t="60" w="638" /><ent r="3" t="60" w="1069" /><ent r="3" t="76" w="17" /><ent r="4" t="76" w="74" /><ent r="4" t="76" w="104" /></phr><phr n="MIBs"><ent r="3" t="16" w="1641" /><ent r="3" t="25" w="455" /></phr><phr n="mibs"><ent r="6" t="57" w="285" /><ent r="6" t="60" w="196" /><ent r="3" t="60" w="636" /><ent r="3" t="60" w="1067" /></phr></stem><stem n="-device-threshold"><phr n="-device-threshold"><ent r="100" t="4" w="284" /><ent r="100" t="4" w="285" /><ent r="100" t="4" w="460" /><ent r="100" t="4" w="461" /><ent r="100" t="15" w="17" /><ent r="100" t="15" w="18" /><ent r="100" t="15" w="415" /><ent r="100" t="15" w="416" /></phr><phr n="-device-thresholds"><ent r="100" t="4" w="288" /><ent r="100" t="4" w="289" /><ent r="100" t="4" w="464" /><ent r="100" t="4" w="465" /><ent r="100" t="15" w="419" /><ent r="100" t="15" w="420" /></phr></stem><stem n="snmp-device-threshold"><phr n="Snmp-device-threshold"><ent r="100" t="4" w="284" /><ent r="100" t="4" w="460" /><ent r="100" t="15" w="415" /></phr><phr n="Snmp-device-thresholds"><ent r="100" t="4" w="288" /><ent r="100" t="4" w="464" /><ent r="100" t="15" w="419" /></phr></stem><stem n="device-threshold"><phr n="device-threshold"><ent r="100" t="4" w="285" /><ent r="100" t="4" w="461" /><ent r="100" t="15" w="18" /><ent r="100" t="15" w="416" /></phr><phr n="device-thresholds"><ent r="100" t="4" w="289" /><ent r="100" t="4" w="465" /><ent r="100" t="15" w="420" /></phr></stem><stem n="-device-thresholds&gt;"><phr n="-device-thresholds&gt;"><ent r="67" t="4" w="292" /><ent r="67" t="4" w="293" /><ent r="67" t="4" w="468" /><ent r="67" t="4" w="469" /><ent r="3" t="14" w="597" /><ent r="3" t="14" w="598" /><ent r="67" t="15" w="423" /><ent r="67" t="15" w="424" /><ent r="1000" t="17" w="2" /><ent r="1000" t="17" w="3" /><ent r="102" t="17" w="8" /><ent r="102" t="17" w="9" /><ent r="4" t="17" w="16" /><ent r="4" t="17" w="17" /><ent r="3" t="17" w="142" /><ent r="3" t="17" w="143" /><ent r="3" t="19" w="403" /><ent r="3" t="19" w="404" /><ent r="3" t="28" w="1038" /><ent r="3" t="28" w="1039" /></phr></stem><stem n="&lt;snmp-device-thresholds&gt;"><phr n="&lt;snmp-device-thresholds&gt;"><ent r="67" t="4" w="292" /><ent r="67" t="4" w="468" /><ent r="3" t="14" w="597" /><ent r="67" t="15" w="423" /><ent r="1000" t="17" w="2" /><ent r="102" t="17" w="8" /><ent r="4" t="17" w="16" /><ent r="3" t="17" w="142" /><ent r="3" t="19" w="403" /><ent r="3" t="28" w="1038" /></phr></stem><stem n="device-thresholds&gt;"><phr n="device-thresholds&gt;"><ent r="67" t="4" w="293" /><ent r="67" t="4" w="469" /><ent r="3" t="14" w="598" /><ent r="3" t="14" w="603" /><ent r="67" t="15" w="424" /><ent r="1000" t="17" w="3" /><ent r="102" t="17" w="9" /><ent r="4" t="17" w="17" /><ent r="3" t="17" w="143" /><ent r="3" t="19" w="404" /><ent r="3" t="19" w="409" /><ent r="3" t="28" w="1039" /><ent r="3" t="28" w="1063" /></phr></stem><stem n="thresholds&gt;"><phr n="thresholds&gt;"><ent r="67" t="4" w="294" /><ent r="67" t="4" w="470" /><ent r="3" t="14" w="599" /><ent r="3" t="14" w="604" /><ent r="67" t="15" w="425" /><ent r="1000" t="17" w="4" /><ent r="102" t="17" w="10" /><ent r="4" t="17" w="18" /><ent r="3" t="17" w="144" /><ent r="3" t="19" w="405" /><ent r="3" t="19" w="410" /><ent r="3" t="28" w="1040" /><ent r="3" t="28" w="1064" /></phr></stem><stem n="-device-displai"><phr n="-device-display"><ent r="100" t="4" w="317" /><ent r="100" t="4" w="318" /><ent r="100" t="10" w="130" /><ent r="100" t="10" w="131" /><ent r="100" t="15" w="448" /><ent r="100" t="15" w="449" /><ent r="100" t="19" w="31" /><ent r="100" t="19" w="32" /><ent r="100" t="37" w="249" /><ent r="100" t="37" w="250" /></phr></stem><stem n="snmp-device-displai"><phr n="Snmp-device-display"><ent r="100" t="4" w="317" /><ent r="100" t="10" w="130" /><ent r="100" t="15" w="448" /><ent r="100" t="19" w="31" /><ent r="100" t="37" w="249" /></phr></stem><stem n="device-displai"><phr n="device-display"><ent r="100" t="4" w="318" /><ent r="100" t="10" w="131" /><ent r="100" t="15" w="449" /><ent r="100" t="19" w="32" /><ent r="100" t="37" w="250" /></phr></stem><stem n="-device-display&gt;"><phr n="-device-display&gt;"><ent r="67" t="4" w="321" /><ent r="67" t="4" w="322" /><ent r="6" t="10" w="58" /><ent r="6" t="10" w="59" /><ent r="4" t="10" w="106" /><ent r="4" t="10" w="107" /><ent r="93" t="10" w="126" /><ent r="93" t="10" w="127" /><ent r="4" t="10" w="138" /><ent r="4" t="10" w="139" /><ent r="4" t="10" w="219" /><ent r="4" t="10" w="220" /><ent r="3" t="10" w="257" /><ent r="3" t="10" w="258" /><ent r="4" t="10" w="418" /><ent r="4" t="10" w="419" /><ent r="4" t="13" w="509" /><ent r="4" t="13" w="510" /><ent r="82" t="13" w="622" /><ent r="82" t="13" w="623" /><ent r="5" t="13" w="1783" /><ent r="5" t="13" w="1784" /><ent r="4" t="13" w="2033" /><ent r="4" t="13" w="2034" /><ent r="3" t="13" w="2100" /><ent r="3" t="13" w="2101" /><ent r="3" t="14" w="607" /><ent r="3" t="14" w="608" /><ent r="3" t="14" w="626" /><ent r="3" t="14" w="627" /><ent r="67" t="15" w="452" /><ent r="67" t="15" w="453" /><ent r="93" t="15" w="739" /><ent r="93" t="15" w="740" /><ent r="4" t="15" w="748" /><ent r="4" t="15" w="749" /><ent r="4" t="15" w="768" /><ent r="4" t="15" w="769" /><ent r="3" t="18" w="1768" /><ent r="3" t="18" w="1769" /><ent r="3" t="18" w="1776" /><ent r="3" t="18" w="1777" /><ent r="3" t="18" w="1842" /><ent r="3" t="18" w="1843" /><ent r="1000" t="19" w="2" /><ent r="1000" t="19" w="3" /><ent r="102" t="19" w="8" /><ent r="102" t="19" w="9" /><ent r="93" t="19" w="26" /><ent r="93" t="19" w="27" /><ent r="4" t="19" w="39" /><ent r="4" t="19" w="40" /><ent r="4" t="19" w="120" /><ent r="4" t="19" w="121" /><ent r="3" t="19" w="158" /><ent r="3" t="19" w="159" /><ent r="3" t="19" w="411" /><ent r="3" t="19" w="412" /><ent r="3" t="19" w="415" /><ent r="3" t="19" w="416" /><ent r="3" t="21" w="1542" /><ent r="3" t="21" w="1543" /><ent r="3" t="26" w="397" /><ent r="3" t="26" w="398" /><ent r="3" t="26" w="414" /><ent r="3" t="26" w="415" /><ent r="1000" t="29" w="2" /><ent r="1000" t="29" w="3" /><ent r="102" t="29" w="8" /><ent r="102" t="29" w="9" /><ent r="4" t="29" w="16" /><ent r="4" t="29" w="17" /><ent r="64" t="29" w="48" /><ent r="64" t="29" w="49" /><ent r="3" t="31" w="1512" /><ent r="3" t="31" w="1513" /><ent r="4" t="37" w="253" /><ent r="4" t="37" w="254" /></phr></stem><stem n="&lt;snmp-device-display&gt;"><phr n="&lt;snmp-device-display&gt;"><ent r="67" t="4" w="321" /><ent r="6" t="10" w="58" /><ent r="4" t="10" w="106" /><ent r="93" t="10" w="126" /><ent r="4" t="10" w="138" /><ent r="4" t="10" w="219" /><ent r="3" t="10" w="257" /><ent r="4" t="10" w="418" /><ent r="4" t="13" w="509" /><ent r="82" t="13" w="622" /><ent r="5" t="13" w="1783" /><ent r="4" t="13" w="2033" /><ent r="3" t="13" w="2100" /><ent r="3" t="14" w="607" /><ent r="3" t="14" w="626" /><ent r="67" t="15" w="452" /><ent r="93" t="15" w="739" /><ent r="4" t="15" w="748" /><ent r="4" t="15" w="768" /><ent r="3" t="18" w="1768" /><ent r="3" t="18" w="1776" /><ent r="3" t="18" w="1842" /><ent r="1000" t="19" w="2" /><ent r="102" t="19" w="8" /><ent r="93" t="19" w="26" /><ent r="4" t="19" w="39" /><ent r="4" t="19" w="120" /><ent r="3" t="19" w="158" /><ent r="3" t="19" w="411" /><ent r="3" t="19" w="415" /><ent r="3" t="21" w="1542" /><ent r="3" t="26" w="397" /><ent r="3" t="26" w="414" /><ent r="1000" t="29" w="2" /><ent r="102" t="29" w="8" /><ent r="4" t="29" w="16" /><ent r="64" t="29" w="48" /><ent r="3" t="31" w="1512" /><ent r="4" t="37" w="253" /></phr></stem><stem n="device-display&gt;"><phr n="device-display&gt;"><ent r="67" t="4" w="322" /><ent r="6" t="10" w="59" /><ent r="4" t="10" w="107" /><ent r="93" t="10" w="127" /><ent r="4" t="10" w="139" /><ent r="4" t="10" w="220" /><ent r="3" t="10" w="258" /><ent r="3" t="10" w="287" /><ent r="4" t="10" w="419" /><ent r="4" t="13" w="510" /><ent r="82" t="13" w="623" /><ent r="5" t="13" w="1784" /><ent r="4" t="13" w="2034" /><ent r="3" t="13" w="2101" /><ent r="3" t="14" w="608" /><ent r="3" t="14" w="627" /><ent r="3" t="14" w="708" /><ent r="67" t="15" w="453" /><ent r="93" t="15" w="740" /><ent r="4" t="15" w="749" /><ent r="4" t="15" w="769" /><ent r="3" t="18" w="1769" /><ent r="3" t="18" w="1777" /><ent r="3" t="18" w="1785" /><ent r="3" t="18" w="1843" /><ent r="3" t="18" w="1854" /><ent r="1000" t="19" w="3" /><ent r="102" t="19" w="9" /><ent r="93" t="19" w="27" /><ent r="4" t="19" w="40" /><ent r="4" t="19" w="121" /><ent r="3" t="19" w="159" /><ent r="3" t="19" w="188" /><ent r="3" t="19" w="412" /><ent r="3" t="19" w="416" /><ent r="3" t="19" w="571" /><ent r="3" t="21" w="1543" /><ent r="3" t="21" w="1578" /><ent r="3" t="26" w="398" /><ent r="3" t="26" w="415" /><ent r="3" t="26" w="426" /><ent r="1000" t="29" w="3" /><ent r="102" t="29" w="9" /><ent r="4" t="29" w="17" /><ent r="64" t="29" w="49" /><ent r="3" t="31" w="1513" /><ent r="3" t="31" w="1726" /><ent r="4" t="37" w="254" /></phr></stem><stem n="display&gt;"><phr n="display&gt;"><ent r="67" t="4" w="323" /><ent r="66" t="4" w="673" /><ent r="6" t="10" w="60" /><ent r="6" t="10" w="80" /><ent r="4" t="10" w="108" /><ent r="93" t="10" w="128" /><ent r="4" t="10" w="140" /><ent r="4" t="10" w="221" /><ent r="3" t="10" w="259" /><ent r="3" t="10" w="288" /><ent r="93" t="10" w="360" /><ent r="4" t="10" w="367" /><ent r="4" t="10" w="420" /><ent r="82" t="13" w="279" /><ent r="3" t="13" w="290" /><ent r="4" t="13" w="511" /><ent r="82" t="13" w="624" /><ent r="5" t="13" w="1773" /><ent r="5" t="13" w="1785" /><ent r="4" t="13" w="2035" /><ent r="3" t="13" w="2102" /><ent r="3" t="14" w="609" /><ent r="3" t="14" w="628" /><ent r="3" t="14" w="709" /><ent r="3" t="14" w="1121" /><ent r="3" t="14" w="1137" /><ent r="67" t="15" w="454" /><ent r="93" t="15" w="741" /><ent r="4" t="15" w="750" /><ent r="4" t="15" w="770" /><ent r="3" t="18" w="1770" /><ent r="3" t="18" w="1778" /><ent r="3" t="18" w="1786" /><ent r="3" t="18" w="1844" /><ent r="3" t="18" w="1855" /><ent r="1000" t="19" w="4" /><ent r="102" t="19" w="10" /><ent r="93" t="19" w="28" /><ent r="4" t="19" w="41" /><ent r="4" t="19" w="122" /><ent r="3" t="19" w="160" /><ent r="3" t="19" w="189" /><ent r="3" t="19" w="413" /><ent r="3" t="19" w="417" /><ent r="3" t="19" w="572" /><ent r="3" t="21" w="1544" /><ent r="3" t="21" w="1579" /><ent r="3" t="26" w="399" /><ent r="3" t="26" w="416" /><ent r="3" t="26" w="427" /><ent r="1000" t="29" w="4" /><ent r="102" t="29" w="10" /><ent r="4" t="29" w="18" /><ent r="64" t="29" w="50" /><ent r="3" t="31" w="1514" /><ent r="3" t="31" w="1727" /><ent r="4" t="37" w="255" /><ent r="66" t="39" w="258" /><ent r="5" t="39" w="746" /><ent r="3" t="42" w="571" /><ent r="3" t="42" w="574" /><ent r="3" t="42" w="827" /><ent r="3" t="42" w="832" /><ent r="1000" t="43" w="3" /><ent r="103" t="43" w="9" /><ent r="4" t="43" w="16" /><ent r="3" t="44" w="202" /><ent r="3" t="44" w="218" /><ent r="3" t="45" w="414" /><ent r="3" t="45" w="417" /><ent r="5" t="46" w="899" /><ent r="3" t="47" w="254" /><ent r="3" t="47" w="268" /><ent r="3" t="48" w="654" /><ent r="3" t="48" w="668" /></phr></stem><stem n="should"><phr n="should"><ent r="4" t="4" w="336" /><ent r="3" t="4" w="733" /><ent r="6" t="5" w="688" /><ent r="6" t="5" w="1140" /><ent r="3" t="8" w="47" /><ent r="4" t="8" w="160" /><ent r="3" t="8" w="352" /><ent r="3" t="14" w="1003" /><ent r="4" t="15" w="467" /><ent r="3" t="17" w="31" /><ent r="3" t="17" w="117" /><ent r="4" t="18" w="786" /><ent r="3" t="18" w="1751" /><ent r="6" t="23" w="2890" /><ent r="6" t="23" w="2978" /><ent r="3" t="25" w="309" /><ent r="3" t="27" w="70" /><ent r="3" t="31" w="428" /><ent r="3" t="31" w="581" /><ent r="3" t="33" w="618" /><ent r="4" t="34" w="845" /><ent r="4" t="36" w="404" /><ent r="3" t="36" w="1790" /><ent r="3" t="36" w="2166" /><ent r="3" t="36" w="3851" /><ent r="3" t="38" w="327" /><ent r="3" t="38" w="363" /><ent r="3" t="38" w="382" /><ent r="3" t="38" w="401" /><ent r="4" t="39" w="799" /><ent r="4" t="40" w="106" /><ent r="3" t="41" w="66" /><ent r="3" t="41" w="72" /><ent r="3" t="42" w="174" /><ent r="3" t="43" w="48" /><ent r="3" t="46" w="392" /><ent r="4" t="46" w="529" /><ent r="3" t="47" w="111" /><ent r="3" t="53" w="424" /><ent r="3" t="54" w="442" /><ent r="3" t="55" w="371" /><ent r="3" t="57" w="337" /><ent r="3" t="57" w="356" /><ent r="3" t="57" w="404" /><ent r="3" t="57" w="478" /><ent r="3" t="58" w="395" /><ent r="3" t="60" w="131" /><ent r="4" t="60" w="418" /><ent r="4" t="60" w="438" /><ent r="3" t="63" w="222" /><ent r="4" t="65" w="82" /><ent r="6" t="67" w="393" /><ent r="6" t="69" w="1712" /><ent r="5" t="69" w="1761" /><ent r="4" t="76" w="130" /></phr></stem><stem n="-device-properti"><phr n="-device-properties"><ent r="100" t="4" w="346" /><ent r="100" t="4" w="347" /><ent r="100" t="15" w="477" /><ent r="100" t="15" w="478" /><ent r="100" t="24" w="14" /><ent r="100" t="24" w="15" /></phr></stem><stem n="snmp-device-properti"><phr n="Snmp-device-properties"><ent r="100" t="4" w="346" /><ent r="100" t="15" w="477" /><ent r="100" t="24" w="14" /></phr></stem><stem n="device-properti"><phr n="device-properties"><ent r="100" t="4" w="347" /><ent r="100" t="15" w="478" /><ent r="100" t="24" w="15" /></phr></stem><stem n="properti"><phr n="properties"><ent r="100" t="4" w="348" /><ent r="4" t="15" w="295" /><ent r="100" t="15" w="479" /><ent r="100" t="24" w="16" /><ent r="3" t="24" w="90" /><ent r="4" t="33" w="201" /><ent r="4" t="39" w="137" /><ent r="3" t="39" w="614" /></phr><phr n="property"><ent r="3" t="5" w="35" /><ent r="4" t="24" w="243" /><ent r="4" t="24" w="272" /><ent r="4" t="24" w="310" /><ent r="3" t="39" w="1239" /><ent r="4" t="40" w="98" /><ent r="4" t="40" w="135" /><ent r="4" t="40" w="246" /><ent r="4" t="40" w="292" /><ent r="4" t="40" w="303" /><ent r="4" t="40" w="326" /><ent r="4" t="40" w="339" /><ent r="4" t="40" w="377" /><ent r="3" t="42" w="378" /></phr><phr n="Properties"><ent r="65" t="16" w="866" /><ent r="1000" t="24" w="2" /><ent r="100" t="24" w="5" /><ent r="102" t="24" w="8" /><ent r="82" t="40" w="84" /></phr></stem><stem n="-device-properties&gt;"><phr n="-device-properties&gt;"><ent r="67" t="4" w="350" /><ent r="67" t="4" w="351" /><ent r="82" t="13" w="748" /><ent r="82" t="13" w="749" /><ent r="3" t="14" w="194" /><ent r="3" t="14" w="195" /><ent r="67" t="15" w="481" /><ent r="67" t="15" w="482" /><ent r="93" t="15" w="803" /><ent r="93" t="15" w="804" /><ent r="4" t="15" w="811" /><ent r="4" t="15" w="812" /><ent r="3" t="15" w="971" /><ent r="3" t="15" w="972" /><ent r="3" t="19" w="359" /><ent r="3" t="19" w="360" /><ent r="4" t="24" w="18" /><ent r="4" t="24" w="19" /><ent r="3" t="24" w="56" /><ent r="3" t="24" w="57" /><ent r="3" t="26" w="128" /><ent r="3" t="26" w="129" /></phr></stem><stem n="&lt;snmp-device-properties&gt;"><phr n="&lt;snmp-device-properties&gt;"><ent r="67" t="4" w="350" /><ent r="82" t="13" w="748" /><ent r="3" t="14" w="194" /><ent r="67" t="15" w="481" /><ent r="93" t="15" w="803" /><ent r="4" t="15" w="811" /><ent r="3" t="15" w="971" /><ent r="3" t="19" w="359" /><ent r="4" t="24" w="18" /><ent r="3" t="24" w="56" /><ent r="3" t="26" w="128" /></phr></stem><stem n="device-properties&gt;"><phr n="device-properties&gt;"><ent r="67" t="4" w="351" /><ent r="82" t="13" w="749" /><ent r="3" t="14" w="195" /><ent r="3" t="14" w="203" /><ent r="67" t="15" w="482" /><ent r="93" t="15" w="804" /><ent r="4" t="15" w="812" /><ent r="3" t="15" w="837" /><ent r="3" t="15" w="972" /><ent r="3" t="15" w="989" /><ent r="3" t="19" w="360" /><ent r="3" t="19" w="366" /><ent r="4" t="24" w="19" /><ent r="3" t="24" w="44" /><ent r="3" t="24" w="57" /><ent r="3" t="24" w="86" /><ent r="3" t="26" w="129" /><ent r="3" t="26" w="138" /></phr></stem><stem n="properties&gt;"><phr n="properties&gt;"><ent r="67" t="4" w="352" /><ent r="82" t="13" w="750" /><ent r="3" t="14" w="196" /><ent r="3" t="14" w="204" /><ent r="67" t="15" w="483" /><ent r="93" t="15" w="805" /><ent r="4" t="15" w="813" /><ent r="3" t="15" w="838" /><ent r="3" t="15" w="973" /><ent r="3" t="15" w="990" /><ent r="3" t="19" w="361" /><ent r="3" t="19" w="367" /><ent r="4" t="24" w="20" /><ent r="3" t="24" w="45" /><ent r="3" t="24" w="58" /><ent r="3" t="24" w="87" /><ent r="3" t="26" w="130" /><ent r="3" t="26" w="139" /></phr></stem><stem n="sent"><phr n="sent"><ent r="4" t="4" w="363" /><ent r="4" t="4" w="620" /><ent r="3" t="7" w="49" /><ent r="4" t="15" w="494" /><ent r="3" t="15" w="823" /><ent r="3" t="20" w="95" /><ent r="4" t="20" w="253" /><ent r="3" t="21" w="1028" /><ent r="3" t="24" w="30" /><ent r="3" t="27" w="27" /><ent r="3" t="27" w="237" /><ent r="3" t="27" w="293" /><ent r="4" t="28" w="357" /><ent r="4" t="30" w="259" /><ent r="3" t="30" w="329" /><ent r="3" t="31" w="1167" /><ent r="3" t="32" w="128" /><ent r="3" t="36" w="3249" /><ent r="3" t="36" w="4386" /><ent r="3" t="38" w="232" /><ent r="3" t="38" w="259" /><ent r="4" t="64" w="164" /></phr></stem><stem n="-device-alarmpoints&gt;"><phr n="-device-alarmpoints&gt;"><ent r="67" t="4" w="370" /><ent r="67" t="4" w="371" /><ent r="1000" t="20" w="2" /><ent r="1000" t="20" w="3" /><ent r="102" t="20" w="11" /><ent r="102" t="20" w="12" /><ent r="3" t="21" w="20" /><ent r="3" t="21" w="21" /><ent r="3" t="21" w="48" /><ent r="3" t="21" w="49" /><ent r="4" t="21" w="399" /><ent r="4" t="21" w="400" /><ent r="3" t="21" w="1387" /><ent r="3" t="21" w="1388" /><ent r="3" t="22" w="168" /><ent r="3" t="22" w="169" /></phr></stem><stem n="&lt;snmp-device-alarmpoints&gt;"><phr n="&lt;snmp-device-alarmpoints&gt;"><ent r="67" t="4" w="370" /><ent r="1000" t="20" w="2" /><ent r="102" t="20" w="11" /><ent r="3" t="21" w="20" /><ent r="3" t="21" w="48" /><ent r="4" t="21" w="399" /><ent r="3" t="21" w="1387" /><ent r="3" t="22" w="168" /></phr></stem><stem n="device-alarmpoints&gt;"><phr n="device-alarmpoints&gt;"><ent r="67" t="4" w="371" /><ent r="1000" t="20" w="3" /><ent r="102" t="20" w="12" /><ent r="3" t="21" w="21" /><ent r="3" t="21" w="49" /><ent r="3" t="21" w="84" /><ent r="4" t="21" w="400" /><ent r="3" t="21" w="1388" /><ent r="3" t="21" w="1539" /><ent r="3" t="22" w="169" /><ent r="3" t="22" w="206" /></phr></stem><stem n="alarmpoints&gt;"><phr n="alarmpoints&gt;"><ent r="67" t="4" w="372" /><ent r="1000" t="20" w="4" /><ent r="102" t="20" w="13" /><ent r="3" t="21" w="22" /><ent r="3" t="21" w="50" /><ent r="3" t="21" w="85" /><ent r="4" t="21" w="401" /><ent r="3" t="21" w="1389" /><ent r="3" t="21" w="1540" /><ent r="3" t="22" w="170" /><ent r="3" t="22" w="207" /></phr></stem><stem n="wait"><phr n="wait"><ent r="3" t="4" w="407" /><ent r="3" t="7" w="159" /><ent r="3" t="36" w="1280" /><ent r="3" t="36" w="2965" /><ent r="3" t="36" w="3715" /><ent r="3" t="38" w="280" /><ent r="3" t="38" w="288" /><ent r="3" t="38" w="433" /><ent r="3" t="38" w="473" /><ent r="3" t="38" w="580" /></phr><phr n="waits"><ent r="3" t="33" w="125" /><ent r="4" t="36" w="740" /><ent r="4" t="36" w="914" /><ent r="3" t="36" w="3696" /><ent r="4" t="54" w="313" /></phr><phr n="WAIT"><ent r="100" t="34" w="1005" /><ent r="3" t="34" w="1007" /><ent r="3" t="34" w="1206" /><ent r="64" t="34" w="1610" /><ent r="100" t="36" w="15" /><ent r="100" t="36" w="718" /><ent r="100" t="36" w="720" /><ent r="65" t="36" w="726" /><ent r="100" t="36" w="850" /><ent r="65" t="36" w="902" /><ent r="3" t="36" w="1468" /><ent r="3" t="36" w="2025" /><ent r="5" t="36" w="2045" /><ent r="5" t="36" w="2514" /><ent r="5" t="36" w="3334" /><ent r="5" t="36" w="3342" /><ent r="83" t="36" w="3677" /><ent r="5" t="36" w="3685" /><ent r="100" t="36" w="3707" /><ent r="5" t="36" w="3726" /><ent r="5" t="36" w="3859" /><ent r="3" t="36" w="3886" /><ent r="3" t="36" w="4114" /><ent r="3" t="36" w="4145" /><ent r="100" t="38" w="23" /><ent r="100" t="38" w="30" /><ent r="100" t="38" w="272" /><ent r="3" t="38" w="469" /></phr><phr n="Wait"><ent r="100" t="38" w="25" /><ent r="100" t="38" w="32" /></phr></stem></index>