<?xml version="1.0" encoding="utf-8"?><index><stem n="compar"><phr n="comparing"><ent r="4" t="3" w="373" /><ent r="4" t="15" w="184" /><ent r="3" t="17" w="76" /><ent r="3" t="33" w="759" /></phr><phr n="compare"><ent r="3" t="14" w="254" /><ent r="4" t="17" w="373" /><ent r="3" t="33" w="488" /><ent r="3" t="33" w="850" /><ent r="3" t="33" w="1072" /></phr><phr n="compared"><ent r="3" t="15" w="550" /><ent r="3" t="16" w="88" /><ent r="3" t="23" w="63" /></phr><phr n="compares"><ent r="3" t="33" w="723" /><ent r="3" t="33" w="889" /><ent r="3" t="33" w="932" /><ent r="3" t="36" w="185" /><ent r="3" t="36" w="2767" /><ent r="3" t="36" w="3023" /></phr><phr n="Comparing"><ent r="85" t="33" w="765" /><ent r="85" t="33" w="795" /></phr><phr n="Compares"><ent r="4" t="36" w="645" /><ent r="4" t="36" w="684" /></phr></stem><stem n="-specifi"><phr n="-specified"><ent r="4" t="3" w="377" /><ent r="4" t="3" w="377" /></phr></stem><stem n="user-specifi"><phr n="user-specified"><ent r="4" t="3" w="377" /></phr></stem><stem n="threshold"><phr n="thresholds"><ent r="4" t="3" w="379" /><ent r="100" t="4" w="290" /><ent r="4" t="4" w="307" /><ent r="100" t="4" w="466" /><ent r="4" t="4" w="483" /><ent r="3" t="7" w="44" /><ent r="3" t="7" w="126" /><ent r="4" t="15" w="189" /><ent r="100" t="15" w="421" /><ent r="4" t="15" w="438" /><ent r="3" t="15" w="552" /><ent r="3" t="16" w="36" /><ent r="3" t="16" w="90" /><ent r="3" t="20" w="89" /><ent r="4" t="21" w="121" /><ent r="3" t="23" w="65" /><ent r="3" t="31" w="1134" /></phr><phr n="threshold"><ent r="100" t="4" w="286" /><ent r="100" t="4" w="462" /><ent r="100" t="15" w="19" /><ent r="4" t="15" w="207" /><ent r="100" t="15" w="417" /><ent r="3" t="17" w="45" /><ent r="3" t="17" w="105" /></phr><phr n="Threshold"><ent r="5" t="9" w="667" /><ent r="5" t="9" w="706" /><ent r="5" t="9" w="718" /><ent r="3" t="26" w="45" /></phr><phr n="Thresholds"><ent r="100" t="15" w="171" /></phr></stem><stem n="trap"><phr n="Trap"><ent r="66" t="3" w="382" /><ent r="82" t="4" w="395" /><ent r="3" t="4" w="399" /><ent r="6" t="5" w="187" /><ent r="5" t="13" w="808" /><ent r="5" t="13" w="822" /><ent r="5" t="13" w="832" /><ent r="5" t="13" w="843" /><ent r="5" t="13" w="852" /><ent r="5" t="13" w="862" /><ent r="5" t="13" w="872" /><ent r="5" t="13" w="880" /><ent r="5" t="13" w="890" /><ent r="5" t="13" w="904" /><ent r="5" t="13" w="937" /><ent r="5" t="13" w="949" /><ent r="5" t="13" w="961" /><ent r="125" t="15" w="371" /><ent r="6" t="16" w="592" /><ent r="67" t="16" w="601" /><ent r="3" t="21" w="1546" /><ent r="3" t="25" w="52" /><ent r="92" t="25" w="817" /><ent r="3" t="25" w="822" /><ent r="3" t="25" w="929" /><ent r="3" t="25" w="933" /><ent r="3" t="25" w="1009" /><ent r="1000" t="27" w="4" /><ent r="102" t="27" w="10" /><ent r="64" t="27" w="347" /><ent r="4" t="28" w="24" /><ent r="3" t="28" w="52" /><ent r="5" t="28" w="66" /><ent r="5" t="28" w="84" /><ent r="4" t="28" w="97" /><ent r="5" t="28" w="115" /><ent r="3" t="28" w="151" /><ent r="82" t="28" w="173" /><ent r="82" t="28" w="493" /><ent r="3" t="28" w="503" /><ent r="3" t="28" w="603" /><ent r="3" t="28" w="647" /><ent r="3" t="28" w="652" /><ent r="3" t="28" w="673" /><ent r="82" t="28" w="824" /><ent r="1000" t="30" w="1" /><ent r="102" t="30" w="6" /><ent r="4" t="30" w="45" /><ent r="4" t="30" w="61" /><ent r="4" t="30" w="94" /><ent r="5" t="30" w="208" /><ent r="1000" t="31" w="2" /><ent r="102" t="31" w="7" /><ent r="3" t="31" w="22" /><ent r="3" t="31" w="97" /><ent r="3" t="31" w="109" /><ent r="3" t="31" w="133" /><ent r="3" t="31" w="148" /><ent r="3" t="31" w="154" /><ent r="3" t="31" w="232" /><ent r="3" t="31" w="1279" /><ent r="3" t="31" w="1284" /><ent r="3" t="31" w="1301" /><ent r="3" t="31" w="1519" /><ent r="3" t="31" w="1625" /><ent r="3" t="32" w="231" /></phr><phr n="traps"><ent r="4" t="3" w="391" /><ent r="3" t="4" w="409" /><ent r="3" t="15" w="382" /><ent r="3" t="21" w="1151" /><ent r="3" t="27" w="83" /><ent r="3" t="27" w="325" /><ent r="4" t="28" w="372" /><ent r="3" t="28" w="863" /><ent r="3" t="31" w="18" /><ent r="3" t="31" w="299" /><ent r="3" t="31" w="323" /><ent r="3" t="32" w="127" /></phr><phr n="trap"><ent r="4" t="3" w="406" /><ent r="4" t="3" w="429" /><ent r="4" t="4" w="454" /><ent r="7" t="5" w="144" /><ent r="7" t="5" w="194" /><ent r="5" t="13" w="811" /><ent r="5" t="13" w="815" /><ent r="5" t="13" w="825" /><ent r="5" t="13" w="834" /><ent r="5" t="13" w="864" /><ent r="5" t="13" w="874" /><ent r="5" t="13" w="882" /><ent r="5" t="13" w="892" /><ent r="6" t="16" w="587" /><ent r="4" t="21" w="673" /><ent r="3" t="21" w="863" /><ent r="3" t="21" w="901" /><ent r="3" t="21" w="1204" /><ent r="3" t="21" w="1331" /><ent r="3" t="21" w="1348" /><ent r="3" t="21" w="1365" /><ent r="3" t="25" w="843" /><ent r="3" t="25" w="874" /><ent r="3" t="25" w="894" /><ent r="3" t="25" w="906" /><ent r="3" t="25" w="914" /><ent r="3" t="25" w="962" /><ent r="3" t="25" w="996" /><ent r="3" t="27" w="17" /><ent r="4" t="27" w="21" /><ent r="3" t="27" w="39" /><ent r="3" t="27" w="58" /><ent r="3" t="27" w="75" /><ent r="3" t="27" w="95" /><ent r="3" t="27" w="140" /><ent r="3" t="27" w="152" /><ent r="3" t="27" w="157" /><ent r="3" t="27" w="185" /><ent r="3" t="27" w="193" /><ent r="3" t="27" w="220" /><ent r="3" t="27" w="230" /><ent r="3" t="27" w="239" /><ent r="3" t="27" w="258" /><ent r="3" t="27" w="291" /><ent r="3" t="27" w="313" /><ent r="3" t="27" w="363" /><ent r="3" t="28" w="46" /><ent r="4" t="28" w="79" /><ent r="4" t="28" w="104" /><ent r="4" t="28" w="135" /><ent r="4" t="28" w="148" /><ent r="3" t="28" w="196" /><ent r="4" t="28" w="208" /><ent r="4" t="28" w="252" /><ent r="4" t="28" w="286" /><ent r="4" t="28" w="314" /><ent r="4" t="28" w="328" /><ent r="4" t="28" w="344" /><ent r="4" t="28" w="359" /><ent r="4" t="28" w="384" /><ent r="4" t="28" w="445" /><ent r="4" t="28" w="461" /><ent r="4" t="28" w="477" /><ent r="3" t="28" w="510" /><ent r="3" t="28" w="583" /><ent r="3" t="28" w="614" /><ent r="64" t="28" w="623" /><ent r="3" t="28" w="634" /><ent r="3" t="28" w="712" /><ent r="3" t="28" w="719" /><ent r="3" t="28" w="898" /><ent r="3" t="28" w="942" /><ent r="3" t="28" w="1008" /><ent r="3" t="28" w="1022" /><ent r="3" t="30" w="14" /><ent r="3" t="30" w="27" /><ent r="3" t="30" w="148" /><ent r="4" t="30" w="227" /><ent r="3" t="30" w="332" /><ent r="3" t="31" w="67" /><ent r="3" t="31" w="82" /><ent r="3" t="31" w="123" /><ent r="3" t="31" w="162" /><ent r="3" t="31" w="172" /><ent r="3" t="31" w="193" /><ent r="3" t="31" w="207" /><ent r="3" t="31" w="227" /><ent r="3" t="31" w="239" /><ent r="3" t="31" w="245" /><ent r="3" t="31" w="252" /><ent r="3" t="31" w="354" /><ent r="3" t="31" w="382" /><ent r="3" t="31" w="1153" /><ent r="3" t="31" w="1170" /><ent r="3" t="31" w="1251" /><ent r="3" t="31" w="1268" /><ent r="3" t="31" w="1272" /><ent r="3" t="32" w="381" /><ent r="3" t="32" w="412" /></phr><phr n="Traps"><ent r="64" t="27" w="212" /><ent r="1000" t="28" w="7" /><ent r="102" t="28" w="15" /><ent r="100" t="28" w="21" /><ent r="3" t="31" w="391" /><ent r="3" t="31" w="546" /></phr><phr n="TRAP"><ent r="3" t="28" w="912" /><ent r="3" t="30" w="69" /><ent r="3" t="30" w="102" /><ent r="4" t="30" w="170" /><ent r="4" t="30" w="180" /><ent r="3" t="32" w="359" /><ent r="3" t="32" w="369" /></phr></stem><stem n="receiv"><phr n="receive"><ent r="4" t="3" w="387" /><ent r="3" t="21" w="861" /><ent r="3" t="27" w="71" /><ent r="3" t="27" w="135" /><ent r="3" t="28" w="508" /><ent r="3" t="33" w="381" /><ent r="3" t="38" w="571" /><ent r="4" t="54" w="1200" /><ent r="3" t="55" w="281" /></phr><phr n="received"><ent r="4" t="4" w="456" /><ent r="3" t="7" w="52" /><ent r="5" t="13" w="1087" /><ent r="3" t="15" w="656" /><ent r="6" t="16" w="583" /><ent r="3" t="16" w="938" /><ent r="3" t="16" w="947" /><ent r="3" t="16" w="957" /><ent r="3" t="16" w="1457" /><ent r="4" t="21" w="672" /><ent r="3" t="25" w="893" /><ent r="3" t="28" w="43" /><ent r="4" t="28" w="81" /><ent r="3" t="28" w="1010" /><ent r="3" t="30" w="29" /><ent r="3" t="33" w="82" /><ent r="5" t="34" w="1418" /><ent r="4" t="36" w="434" /><ent r="3" t="36" w="1558" /><ent r="3" t="36" w="1604" /><ent r="3" t="36" w="1997" /><ent r="3" t="36" w="2852" /><ent r="3" t="36" w="3425" /><ent r="3" t="36" w="4516" /><ent r="3" t="38" w="205" /><ent r="3" t="38" w="296" /><ent r="3" t="38" w="340" /><ent r="3" t="38" w="596" /><ent r="3" t="54" w="381" /><ent r="3" t="54" w="390" /><ent r="3" t="54" w="433" /><ent r="3" t="54" w="656" /><ent r="4" t="54" w="1215" /><ent r="4" t="54" w="1224" /><ent r="3" t="55" w="167" /><ent r="3" t="55" w="562" /><ent r="3" t="64" w="90" /></phr><phr n="receives"><ent r="3" t="16" w="1472" /><ent r="4" t="21" w="659" /><ent r="3" t="33" w="32" /><ent r="4" t="54" w="1229" /><ent r="3" t="65" w="11" /></phr><phr n="receiving"><ent r="3" t="27" w="228" /></phr><phr n="Receive"><ent r="4" t="36" w="453" /><ent r="3" t="36" w="935" /></phr></stem><stem n="process"><phr n="process"><ent r="4" t="3" w="389" /><ent r="3" t="21" w="883" /><ent r="3" t="34" w="248" /><ent r="4" t="36" w="348" /><ent r="3" t="36" w="752" /><ent r="3" t="36" w="1223" /></phr><phr n="Process"><ent r="5" t="9" w="550" /><ent r="92" t="33" w="422" /><ent r="100" t="34" w="136" /><ent r="65" t="34" w="140" /><ent r="92" t="34" w="238" /></phr><phr n="Processes"><ent r="3" t="13" w="2530" /><ent r="3" t="13" w="2552" /></phr><phr n="processes"><ent r="3" t="14" w="854" /><ent r="4" t="15" w="239" /><ent r="3" t="36" w="1324" /><ent r="3" t="65" w="457" /></phr><phr n="processing"><ent r="3" t="21" w="1051" /><ent r="92" t="36" w="746" /><ent r="3" t="48" w="1014" /><ent r="64" t="48" w="1023" /><ent r="3" t="53" w="44" /><ent r="4" t="53" w="111" /></phr><phr n="processed"><ent r="3" t="34" w="1292" /><ent r="4" t="36" w="2227" /></phr><phr n="Processing"><ent r="3" t="60" w="599" /></phr></stem><stem n="base"><phr n="based"><ent r="4" t="3" w="400" /><ent r="4" t="3" w="423" /><ent r="100" t="10" w="291" /><ent r="3" t="10" w="322" /><ent r="3" t="10" w="380" /><ent r="6" t="16" w="579" /><ent r="3" t="16" w="1868" /><ent r="3" t="21" w="286" /><ent r="4" t="23" w="2868" /><ent r="3" t="28" w="190" /><ent r="3" t="31" w="190" /><ent r="3" t="33" w="49" /><ent r="3" t="33" w="112" /><ent r="3" t="33" w="391" /><ent r="3" t="33" w="471" /><ent r="3" t="33" w="859" /><ent r="3" t="34" w="114" /><ent r="3" t="36" w="1666" /><ent r="5" t="37" w="363" /><ent r="5" t="37" w="366" /><ent r="4" t="39" w="247" /><ent r="3" t="39" w="301" /><ent r="3" t="58" w="10" /><ent r="3" t="58" w="16" /><ent r="82" t="58" w="275" /><ent r="3" t="64" w="77" /><ent r="4" t="76" w="118" /></phr><phr n="base"><ent r="3" t="14" w="79" /><ent r="3" t="19" w="312" /><ent r="4" t="23" w="610" /><ent r="4" t="23" w="630" /><ent r="3" t="26" w="35" /><ent r="3" t="45" w="246" /><ent r="3" t="48" w="505" /><ent r="3" t="51" w="12" /></phr><phr n="Based"><ent r="3" t="34" w="271" /></phr><phr n="Base"><ent r="100" t="34" w="1426" /><ent r="5" t="34" w="1430" /></phr></stem><stem n="content"><phr n="contents"><ent r="4" t="3" w="403" /><ent r="4" t="3" w="426" /><ent r="3" t="10" w="39" /><ent r="3" t="13" w="2453" /><ent r="3" t="27" w="360" /><ent r="3" t="30" w="12" /><ent r="4" t="30" w="237" /><ent r="3" t="31" w="169" /><ent r="3" t="31" w="194" /><ent r="4" t="34" w="770" /><ent r="4" t="34" w="851" /><ent r="3" t="50" w="64" /><ent r="3" t="57" w="47" /><ent r="3" t="57" w="63" /><ent r="3" t="57" w="113" /><ent r="3" t="57" w="330" /><ent r="4" t="65" w="170" /><ent r="4" t="66" w="257" /><ent r="3" t="69" w="205" /><ent r="6" t="69" w="1141" /><ent r="6" t="69" w="1372" /></phr><phr n="content"><ent r="3" t="11" w="28" /><ent r="3" t="65" w="40" /><ent r="65" t="69" w="75" /><ent r="93" t="69" w="169" /><ent r="3" t="75" w="18" /></phr></stem><stem n="trap'"><phr n="trap's"><ent r="4" t="3" w="407" /><ent r="4" t="3" w="406" /><ent r="4" t="28" w="105" /><ent r="4" t="28" w="104" /><ent r="4" t="28" w="136" /><ent r="4" t="28" w="135" /><ent r="4" t="28" w="446" /><ent r="4" t="28" w="445" /><ent r="4" t="28" w="462" /><ent r="4" t="28" w="461" /><ent r="4" t="28" w="478" /><ent r="4" t="28" w="477" /><ent r="3" t="31" w="253" /><ent r="3" t="31" w="252" /></phr></stem><stem n="variabl"><phr n="variables"><ent r="4" t="3" w="408" /><ent r="4" t="3" w="430" /><ent r="100" t="4" w="264" /><ent r="4" t="4" w="275" /><ent r="4" t="4" w="301" /><ent r="100" t="4" w="431" /><ent r="4" t="4" w="442" /><ent r="4" t="4" w="477" /><ent r="6" t="5" w="909" /><ent r="3" t="7" w="117" /><ent r="4" t="8" w="93" /><ent r="3" t="8" w="249" /><ent r="4" t="8" w="653" /><ent r="3" t="10" w="158" /><ent r="3" t="10" w="227" /><ent r="3" t="13" w="22" /><ent r="3" t="13" w="32" /><ent r="3" t="13" w="40" /><ent r="3" t="13" w="86" /><ent r="3" t="13" w="113" /><ent r="3" t="13" w="284" /><ent r="92" t="13" w="432" /><ent r="3" t="13" w="480" /><ent r="3" t="13" w="494" /><ent r="5" t="13" w="909" /><ent r="3" t="13" w="975" /><ent r="3" t="13" w="1349" /><ent r="3" t="13" w="1488" /><ent r="3" t="13" w="2380" /><ent r="3" t="14" w="19" /><ent r="3" t="14" w="44" /><ent r="3" t="14" w="56" /><ent r="3" t="14" w="255" /><ent r="3" t="14" w="269" /><ent r="3" t="14" w="478" /><ent r="3" t="14" w="530" /><ent r="3" t="14" w="724" /><ent r="3" t="14" w="752" /><ent r="3" t="14" w="826" /><ent r="3" t="14" w="838" /><ent r="3" t="14" w="856" /><ent r="3" t="14" w="893" /><ent r="3" t="14" w="895" /><ent r="3" t="14" w="1014" /><ent r="3" t="14" w="1035" /><ent r="3" t="14" w="1167" /><ent r="100" t="15" w="14" /><ent r="3" t="15" w="56" /><ent r="3" t="15" w="69" /><ent r="5" t="15" w="135" /><ent r="4" t="15" w="151" /><ent r="4" t="15" w="167" /><ent r="4" t="15" w="187" /><ent r="100" t="15" w="395" /><ent r="4" t="15" w="406" /><ent r="4" t="15" w="432" /><ent r="4" t="15" w="545" /><ent r="3" t="15" w="602" /><ent r="4" t="15" w="945" /><ent r="4" t="15" w="958" /><ent r="4" t="15" w="969" /><ent r="3" t="16" w="27" /><ent r="100" t="16" w="43" /><ent r="3" t="16" w="70" /><ent r="4" t="16" w="82" /><ent r="6" t="16" w="636" /><ent r="4" t="16" w="760" /><ent r="3" t="16" w="1161" /><ent r="3" t="16" w="1428" /><ent r="3" t="16" w="1481" /><ent r="3" t="16" w="1567" /><ent r="3" t="16" w="1593" /><ent r="3" t="17" w="36" /><ent r="3" t="17" w="65" /><ent r="1000" t="18" w="4" /><ent r="102" t="18" w="11" /><ent r="3" t="18" w="151" /><ent r="5" t="18" w="154" /><ent r="5" t="18" w="187" /><ent r="4" t="18" w="232" /><ent r="3" t="18" w="365" /><ent r="3" t="18" w="380" /><ent r="3" t="18" w="405" /><ent r="3" t="18" w="559" /><ent r="3" t="18" w="568" /><ent r="3" t="18" w="711" /><ent r="4" t="18" w="730" /><ent r="4" t="18" w="858" /><ent r="3" t="18" w="979" /><ent r="3" t="18" w="986" /><ent r="3" t="18" w="1041" /><ent r="3" t="18" w="1137" /><ent r="3" t="18" w="1325" /><ent r="3" t="18" w="1369" /><ent r="3" t="18" w="1635" /><ent r="3" t="18" w="1724" /><ent r="4" t="18" w="1861" /><ent r="4" t="18" w="1903" /><ent r="4" t="18" w="1930" /><ent r="4" t="18" w="1935" /><ent r="3" t="19" w="59" /><ent r="3" t="19" w="128" /><ent r="4" t="21" w="170" /><ent r="3" t="21" w="1205" /><ent r="3" t="23" w="48" /><ent r="4" t="23" w="182" /><ent r="4" t="23" w="260" /><ent r="3" t="23" w="2727" /><ent r="6" t="23" w="2957" /><ent r="4" t="24" w="190" /><ent r="4" t="24" w="203" /><ent r="4" t="24" w="214" /><ent r="4" t="24" w="267" /><ent r="4" t="25" w="1083" /><ent r="3" t="26" w="287" /><ent r="3" t="26" w="367" /><ent r="3" t="27" w="158" /><ent r="3" t="27" w="221" /><ent r="4" t="28" w="72" /><ent r="4" t="28" w="90" /><ent r="4" t="28" w="118" /><ent r="3" t="28" w="180" /><ent r="3" t="28" w="189" /><ent r="4" t="28" w="401" /><ent r="3" t="28" w="429" /><ent r="3" t="28" w="635" /><ent r="3" t="28" w="762" /><ent r="3" t="28" w="964" /><ent r="3" t="28" w="969" /><ent r="3" t="28" w="1013" /><ent r="3" t="28" w="1023" /><ent r="3" t="28" w="1071" /><ent r="3" t="31" w="83" /><ent r="3" t="31" w="200" /><ent r="3" t="31" w="272" /><ent r="3" t="31" w="384" /><ent r="3" t="31" w="1158" /><ent r="3" t="32" w="31" /><ent r="3" t="33" w="911" /><ent r="3" t="34" w="742" /><ent r="4" t="34" w="842" /><ent r="3" t="34" w="1283" /><ent r="3" t="36" w="3547" /><ent r="3" t="37" w="276" /><ent r="3" t="37" w="281" /><ent r="4" t="39" w="739" /><ent r="3" t="39" w="1117" /><ent r="3" t="40" w="34" /><ent r="3" t="43" w="20" /><ent r="3" t="52" w="67" /><ent r="3" t="53" w="305" /><ent r="3" t="53" w="469" /><ent r="4" t="65" w="139" /><ent r="4" t="76" w="84" /></phr><phr n="variable"><ent r="4" t="7" w="202" /><ent r="3" t="7" w="240" /><ent r="3" t="7" w="309" /><ent r="3" t="7" w="428" /><ent r="3" t="7" w="464" /><ent r="3" t="7" w="527" /><ent r="4" t="8" w="66" /><ent r="4" t="8" w="625" /><ent r="5" t="13" w="202" /><ent r="5" t="13" w="238" /><ent r="3" t="13" w="435" /><ent r="3" t="13" w="457" /><ent r="3" t="13" w="522" /><ent r="3" t="13" w="540" /><ent r="3" t="13" w="564" /><ent r="3" t="13" w="607" /><ent r="5" t="13" w="725" /><ent r="4" t="13" w="1597" /><ent r="4" t="13" w="1631" /><ent r="3" t="13" w="1657" /><ent r="3" t="13" w="1837" /><ent r="3" t="13" w="1919" /><ent r="3" t="13" w="1956" /><ent r="3" t="13" w="1965" /><ent r="3" t="13" w="2058" /><ent r="82" t="13" w="2361" /><ent r="3" t="13" w="2440" /><ent r="3" t="13" w="2503" /><ent r="3" t="14" w="22" /><ent r="3" t="14" w="135" /><ent r="3" t="14" w="283" /><ent r="3" t="14" w="299" /><ent r="3" t="14" w="315" /><ent r="3" t="14" w="330" /><ent r="3" t="14" w="464" /><ent r="3" t="14" w="917" /><ent r="3" t="14" w="925" /><ent r="3" t="14" w="931" /><ent r="3" t="14" w="963" /><ent r="3" t="14" w="967" /><ent r="4" t="15" w="200" /><ent r="3" t="15" w="575" /><ent r="4" t="15" w="870" /><ent r="3" t="16" w="120" /><ent r="4" t="16" w="201" /><ent r="6" t="16" w="292" /><ent r="6" t="16" w="505" /><ent r="6" t="16" w="525" /><ent r="6" t="16" w="561" /><ent r="6" t="16" w="578" /><ent r="6" t="16" w="653" /><ent r="4" t="16" w="739" /><ent r="4" t="16" w="745" /><ent r="4" t="16" w="1051" /><ent r="4" t="16" w="1188" /><ent r="4" t="16" w="1236" /><ent r="4" t="16" w="1245" /><ent r="4" t="16" w="1300" /><ent r="3" t="16" w="1471" /><ent r="3" t="16" w="1495" /><ent r="3" t="16" w="1516" /><ent r="3" t="16" w="1550" /><ent r="3" t="16" w="1708" /><ent r="4" t="16" w="1717" /><ent r="4" t="16" w="1755" /><ent r="3" t="16" w="1782" /><ent r="3" t="16" w="1802" /><ent r="3" t="16" w="1863" /><ent r="3" t="16" w="1915" /><ent r="3" t="16" w="1992" /><ent r="3" t="16" w="2003" /><ent r="3" t="17" w="79" /><ent r="3" t="17" w="85" /><ent r="3" t="18" w="754" /><ent r="3" t="18" w="1737" /><ent r="3" t="18" w="1764" /><ent r="3" t="18" w="1839" /><ent r="4" t="18" w="1871" /><ent r="4" t="21" w="200" /><ent r="3" t="21" w="1247" /><ent r="3" t="21" w="1332" /><ent r="3" t="21" w="1349" /><ent r="3" t="21" w="1366" /><ent r="3" t="21" w="1547" /><ent r="4" t="23" w="243" /><ent r="4" t="23" w="675" /><ent r="3" t="23" w="888" /><ent r="3" t="23" w="900" /><ent r="4" t="23" w="2860" /><ent r="6" t="23" w="2889" /><ent r="6" t="23" w="2990" /><ent r="4" t="23" w="3003" /><ent r="4" t="23" w="3017" /><ent r="4" t="24" w="119" /><ent r="3" t="25" w="505" /><ent r="3" t="25" w="651" /><ent r="3" t="25" w="705" /><ent r="3" t="25" w="831" /><ent r="3" t="25" w="858" /><ent r="3" t="25" w="865" /><ent r="3" t="25" w="1042" /><ent r="3" t="26" w="153" /><ent r="3" t="26" w="212" /><ent r="3" t="26" w="225" /><ent r="3" t="26" w="354" /><ent r="3" t="27" w="186" /><ent r="3" t="27" w="197" /><ent r="3" t="28" w="29" /><ent r="4" t="28" w="140" /><ent r="4" t="28" w="442" /><ent r="4" t="28" w="458" /><ent r="4" t="28" w="474" /><ent r="3" t="28" w="524" /><ent r="3" t="28" w="531" /><ent r="3" t="28" w="576" /><ent r="3" t="33" w="536" /><ent r="3" t="33" w="575" /><ent r="3" t="33" w="647" /><ent r="3" t="33" w="667" /><ent r="3" t="33" w="677" /><ent r="3" t="33" w="683" /><ent r="3" t="33" w="734" /><ent r="3" t="33" w="743" /><ent r="4" t="33" w="916" /><ent r="4" t="34" w="818" /><ent r="4" t="34" w="821" /><ent r="4" t="34" w="854" /><ent r="3" t="34" w="912" /><ent r="3" t="34" w="916" /><ent r="4" t="34" w="1361" /><ent r="3" t="34" w="1376" /><ent r="65" t="36" w="779" /><ent r="4" t="36" w="787" /><ent r="4" t="36" w="789" /><ent r="65" t="36" w="817" /><ent r="4" t="36" w="833" /><ent r="65" t="36" w="883" /><ent r="4" t="36" w="888" /><ent r="3" t="36" w="1035" /><ent r="3" t="36" w="1051" /><ent r="3" t="36" w="1660" /><ent r="3" t="36" w="1688" /><ent r="83" t="36" w="2519" /><ent r="3" t="36" w="2540" /><ent r="3" t="36" w="2542" /><ent r="3" t="36" w="2569" /><ent r="4" t="36" w="2584" /><ent r="3" t="36" w="2840" /><ent r="4" t="36" w="3117" /><ent r="4" t="36" w="3138" /><ent r="83" t="36" w="3448" /><ent r="3" t="36" w="3461" /><ent r="3" t="36" w="3463" /><ent r="3" t="36" w="3470" /><ent r="3" t="36" w="3489" /><ent r="4" t="36" w="3493" /><ent r="4" t="36" w="3507" /><ent r="4" t="36" w="3523" /><ent r="4" t="36" w="3536" /><ent r="83" t="36" w="3605" /><ent r="3" t="36" w="3615" /><ent r="4" t="36" w="3638" /><ent r="4" t="36" w="3665" /><ent r="5" t="37" w="181" /><ent r="3" t="39" w="871" /><ent r="64" t="39" w="882" /><ent r="3" t="39" w="1157" /><ent r="4" t="40" w="127" /><ent r="4" t="40" w="143" /><ent r="4" t="40" w="216" /><ent r="3" t="40" w="478" /><ent r="92" t="53" w="38" /><ent r="3" t="53" w="57" /><ent r="3" t="53" w="63" /><ent r="4" t="53" w="86" /><ent r="4" t="53" w="93" /><ent r="3" t="53" w="140" /><ent r="3" t="53" w="159" /><ent r="3" t="55" w="476" /><ent r="3" t="55" w="488" /><ent r="4" t="76" w="113" /><ent r="4" t="76" w="156" /><ent r="4" t="76" w="241" /><ent r="4" t="76" w="251" /></phr><phr n="Variables"><ent r="1000" t="13" w="4" /><ent r="102" t="13" w="11" /><ent r="65" t="13" w="49" /><ent r="65" t="13" w="53" /><ent r="65" t="13" w="57" /><ent r="65" t="13" w="62" /><ent r="92" t="13" w="82" /><ent r="66" t="13" w="743" /><ent r="92" t="13" w="972" /><ent r="92" t="13" w="1340" /><ent r="1000" t="14" w="3" /><ent r="102" t="14" w="7" /><ent r="3" t="14" w="168" /><ent r="3" t="14" w="189" /><ent r="3" t="14" w="247" /><ent r="3" t="14" w="633" /><ent r="3" t="14" w="795" /><ent r="3" t="14" w="809" /><ent r="3" t="14" w="817" /><ent r="100" t="15" w="501" /><ent r="92" t="15" w="505" /><ent r="64" t="15" w="606" /><ent r="100" t="16" w="20" /><ent r="6" t="16" w="593" /><ent r="100" t="16" w="755" /><ent r="92" t="16" w="1418" /><ent r="92" t="16" w="1464" /><ent r="92" t="16" w="1558" /><ent r="92" t="18" w="1172" /><ent r="4" t="23" w="190" /><ent r="64" t="25" w="1076" /><ent r="3" t="28" w="53" /><ent r="5" t="28" w="67" /><ent r="5" t="28" w="85" /><ent r="4" t="28" w="98" /><ent r="5" t="28" w="116" /><ent r="82" t="28" w="174" /><ent r="82" t="28" w="410" /><ent r="82" t="28" w="494" /><ent r="64" t="28" w="535" /><ent r="3" t="28" w="604" /><ent r="64" t="28" w="781" /><ent r="82" t="28" w="825" /><ent r="3" t="31" w="1269" /><ent r="3" t="33" w="839" /><ent r="100" t="34" w="202" /><ent r="65" t="34" w="205" /><ent r="92" t="34" w="1278" /><ent r="4" t="34" w="1294" /><ent r="100" t="37" w="87" /><ent r="92" t="37" w="92" /><ent r="65" t="46" w="909" /><ent r="65" t="76" w="99" /></phr><phr n="Variable"><ent r="5" t="13" w="128" /><ent r="5" t="13" w="131" /><ent r="5" t="13" w="301" /><ent r="5" t="13" w="304" /><ent r="3" t="13" w="450" /><ent r="5" t="13" w="627" /><ent r="5" t="13" w="630" /><ent r="5" t="13" w="753" /><ent r="5" t="13" w="756" /><ent r="5" t="13" w="799" /><ent r="5" t="13" w="802" /><ent r="5" t="13" w="991" /><ent r="5" t="13" w="994" /><ent r="5" t="13" w="1277" /><ent r="5" t="13" w="1280" /><ent r="5" t="13" w="1379" /><ent r="5" t="13" w="1382" /><ent r="100" t="15" w="24" /><ent r="3" t="15" w="589" /><ent r="3" t="15" w="621" /><ent r="100" t="16" w="13" /><ent r="65" t="16" w="172" /><ent r="3" t="16" w="904" /><ent r="64" t="16" w="1574" /><ent r="3" t="16" w="1628" /><ent r="3" t="26" w="164" /><ent r="3" t="26" w="334" /><ent r="4" t="28" w="25" /><ent r="3" t="28" w="152" /><ent r="3" t="28" w="504" /><ent r="4" t="34" w="1325" /><ent r="4" t="34" w="1341" /><ent r="65" t="34" w="1353" /></phr><phr n="VARIABLES"><ent r="3" t="32" w="373" /></phr></stem><stem n="certain"><phr n="certain"><ent r="4" t="3" w="421" /><ent r="4" t="3" w="446" /><ent r="4" t="4" w="357" /><ent r="6" t="5" w="1054" /><ent r="3" t="13" w="31" /><ent r="3" t="13" w="37" /><ent r="3" t="15" w="54" /><ent r="4" t="15" w="488" /><ent r="3" t="15" w="817" /><ent r="3" t="24" w="24" /><ent r="4" t="24" w="248" /><ent r="3" t="25" w="842" /><ent r="3" t="28" w="759" /><ent r="3" t="49" w="28" /><ent r="93" t="53" w="284" /><ent r="93" t="53" w="450" /><ent r="3" t="64" w="282" /></phr><phr n="Certain"><ent r="3" t="8" w="223" /><ent r="3" t="18" w="958" /><ent r="3" t="18" w="1174" /><ent r="3" t="25" w="454" /><ent r="3" t="34" w="1468" /></phr></stem><stem n="establish"><phr n="establishes"><ent r="4" t="3" w="436" /></phr><phr n="establish"><ent r="5" t="9" w="191" /><ent r="5" t="9" w="247" /><ent r="3" t="33" w="371" /><ent r="4" t="37" w="61" /><ent r="5" t="37" w="113" /><ent r="3" t="38" w="612" /></phr></stem><stem n="evalu"><phr n="evaluates"><ent r="4" t="3" w="449" /><ent r="4" t="13" w="1640" /><ent r="4" t="15" w="175" /><ent r="4" t="21" w="157" /><ent r="4" t="21" w="232" /><ent r="3" t="21" w="269" /><ent r="3" t="27" w="170" /></phr><phr n="Evaluates"><ent r="5" t="13" w="213" /><ent r="5" t="13" w="248" /></phr><phr n="Evaluate"><ent r="5" t="13" w="344" /></phr><phr n="evaluate"><ent r="3" t="13" w="1511" /><ent r="3" t="53" w="50" /></phr><phr n="evaluating"><ent r="4" t="16" w="1186" /><ent r="4" t="16" w="1250" /></phr><phr n="evaluated"><ent r="3" t="17" w="224" /><ent r="3" t="27" w="202" /><ent r="3" t="33" w="635" /><ent r="4" t="36" w="765" /></phr><phr n="evaluation"><ent r="82" t="21" w="1039" /></phr></stem><stem n="determin"><phr n="determine"><ent r="4" t="3" w="453" /><ent r="4" t="3" w="507" /><ent r="4" t="4" w="309" /><ent r="4" t="4" w="485" /><ent r="5" t="5" w="461" /><ent r="4" t="15" w="440" /><ent r="4" t="18" w="1915" /><ent r="3" t="33" w="133" /><ent r="4" t="36" w="874" /><ent r="3" t="36" w="1149" /><ent r="3" t="36" w="1261" /><ent r="3" t="36" w="3579" /><ent r="3" t="41" w="118" /><ent r="4" t="46" w="458" /><ent r="3" t="58" w="328" /><ent r="3" t="58" w="353" /><ent r="3" t="65" w="24" /><ent r="6" t="67" w="391" /><ent r="7" t="67" w="593" /></phr><phr n="determining"><ent r="4" t="24" w="227" /><ent r="4" t="24" w="294" /></phr><phr n="determines"><ent r="3" t="27" w="62" /><ent r="4" t="45" w="151" /><ent r="6" t="67" w="346" /></phr><phr n="Determines"><ent r="4" t="36" w="509" /></phr></stem></index>