<?xml version="1.0" encoding="utf-8"?><index><stem n="string"><phr n="string"><ent r="5" t="5" w="413" /><ent r="5" t="5" w="427" /><ent r="5" t="5" w="440" /><ent r="4" t="7" w="178" /><ent r="4" t="7" w="185" /><ent r="3" t="7" w="229" /><ent r="3" t="7" w="261" /><ent r="4" t="8" w="172" /><ent r="4" t="8" w="700" /><ent r="5" t="13" w="414" /><ent r="5" t="13" w="1110" /><ent r="5" t="13" w="1265" /><ent r="5" t="13" w="1450" /><ent r="4" t="13" w="1581" /><ent r="4" t="13" w="1603" /><ent r="4" t="13" w="1651" /><ent r="82" t="13" w="2365" /><ent r="3" t="13" w="2375" /><ent r="4" t="13" w="2397" /><ent r="3" t="13" w="2472" /><ent r="3" t="13" w="2488" /><ent r="3" t="13" w="2498" /><ent r="3" t="13" w="2516" /><ent r="3" t="14" w="126" /><ent r="3" t="14" w="939" /><ent r="3" t="14" w="1235" /><ent r="3" t="14" w="1303" /><ent r="3" t="15" w="105" /><ent r="4" t="16" w="209" /><ent r="6" t="16" w="319" /><ent r="6" t="16" w="347" /><ent r="6" t="16" w="415" /><ent r="6" t="16" w="425" /><ent r="6" t="16" w="529" /><ent r="6" t="16" w="612" /><ent r="6" t="16" w="622" /><ent r="4" t="16" w="1007" /><ent r="4" t="16" w="1041" /><ent r="4" t="16" w="1750" /><ent r="3" t="16" w="1774" /><ent r="3" t="16" w="1867" /><ent r="3" t="16" w="1927" /><ent r="3" t="16" w="2022" /><ent r="4" t="17" w="61" /><ent r="3" t="17" w="324" /><ent r="3" t="17" w="335" /><ent r="4" t="17" w="403" /><ent r="4" t="17" w="422" /><ent r="4" t="20" w="883" /><ent r="4" t="21" w="221" /><ent r="4" t="21" w="333" /><ent r="4" t="21" w="394" /><ent r="4" t="21" w="425" /><ent r="4" t="21" w="430" /><ent r="3" t="21" w="990" /><ent r="3" t="21" w="1020" /><ent r="3" t="21" w="1084" /><ent r="3" t="21" w="1101" /><ent r="4" t="23" w="235" /><ent r="4" t="23" w="252" /><ent r="4" t="23" w="664" /><ent r="4" t="23" w="681" /><ent r="4" t="23" w="742" /><ent r="4" t="23" w="750" /><ent r="4" t="23" w="762" /><ent r="4" t="23" w="789" /><ent r="4" t="23" w="815" /><ent r="4" t="23" w="839" /><ent r="3" t="23" w="906" /><ent r="3" t="23" w="923" /><ent r="3" t="23" w="1008" /><ent r="3" t="23" w="1025" /><ent r="3" t="23" w="1067" /><ent r="3" t="23" w="1084" /><ent r="3" t="23" w="1128" /><ent r="3" t="23" w="1141" /><ent r="3" t="23" w="1168" /><ent r="4" t="23" w="1252" /><ent r="4" t="23" w="1262" /><ent r="3" t="23" w="1321" /><ent r="3" t="23" w="1397" /><ent r="3" t="23" w="1579" /><ent r="3" t="23" w="1620" /><ent r="3" t="23" w="1900" /><ent r="3" t="23" w="1958" /><ent r="3" t="23" w="1984" /><ent r="3" t="23" w="2219" /><ent r="4" t="23" w="2237" /><ent r="4" t="23" w="2267" /><ent r="4" t="23" w="2291" /><ent r="3" t="23" w="2361" /><ent r="3" t="23" w="2378" /><ent r="4" t="23" w="2396" /><ent r="4" t="23" w="2411" /><ent r="4" t="23" w="2445" /><ent r="6" t="23" w="2587" /><ent r="6" t="23" w="2639" /><ent r="3" t="23" w="2705" /><ent r="3" t="23" w="2724" /><ent r="6" t="23" w="2897" /><ent r="6" t="23" w="2906" /><ent r="6" t="23" w="2943" /><ent r="6" t="23" w="2951" /><ent r="6" t="23" w="2987" /><ent r="3" t="26" w="207" /><ent r="3" t="26" w="239" /><ent r="3" t="26" w="272" /><ent r="3" t="32" w="194" /><ent r="3" t="32" w="234" /><ent r="3" t="32" w="269" /><ent r="3" t="32" w="325" /><ent r="3" t="32" w="352" /><ent r="3" t="33" w="124" /><ent r="3" t="33" w="491" /><ent r="3" t="33" w="509" /><ent r="3" t="33" w="762" /><ent r="3" t="33" w="852" /><ent r="4" t="33" w="893" /><ent r="3" t="33" w="959" /><ent r="3" t="33" w="991" /><ent r="4" t="34" w="304" /><ent r="3" t="34" w="405" /><ent r="3" t="34" w="476" /><ent r="3" t="34" w="493" /><ent r="3" t="34" w="628" /><ent r="3" t="34" w="634" /><ent r="4" t="34" w="664" /><ent r="4" t="34" w="765" /><ent r="4" t="34" w="773" /><ent r="4" t="34" w="791" /><ent r="3" t="34" w="886" /><ent r="3" t="34" w="1395" /><ent r="3" t="34" w="1399" /><ent r="5" t="34" w="1435" /><ent r="3" t="34" w="1501" /><ent r="3" t="36" w="187" /><ent r="65" t="36" w="238" /><ent r="5" t="36" w="253" /><ent r="65" t="36" w="258" /><ent r="4" t="36" w="271" /><ent r="65" t="36" w="276" /><ent r="5" t="36" w="292" /><ent r="65" t="36" w="438" /><ent r="4" t="36" w="443" /><ent r="65" t="36" w="506" /><ent r="4" t="36" w="511" /><ent r="4" t="36" w="686" /><ent r="65" t="36" w="780" /><ent r="4" t="36" w="784" /><ent r="4" t="36" w="810" /><ent r="4" t="36" w="1026" /><ent r="4" t="36" w="1139" /><ent r="3" t="36" w="1151" /><ent r="3" t="36" w="1157" /><ent r="5" t="36" w="1836" /><ent r="83" t="36" w="1850" /><ent r="4" t="36" w="1873" /><ent r="4" t="36" w="1884" /><ent r="4" t="36" w="1898" /><ent r="83" t="36" w="2347" /><ent r="3" t="36" w="2369" /><ent r="3" t="36" w="2463" /><ent r="3" t="36" w="2564" /><ent r="4" t="36" w="2615" /><ent r="3" t="36" w="3026" /><ent r="4" t="36" w="3059" /><ent r="3" t="36" w="3105" /><ent r="4" t="36" w="3124" /><ent r="83" t="36" w="3180" /><ent r="3" t="36" w="3192" /><ent r="83" t="36" w="3275" /><ent r="4" t="36" w="3293" /><ent r="4" t="36" w="3314" /><ent r="3" t="36" w="3392" /><ent r="83" t="36" w="3449" /><ent r="3" t="36" w="3458" /><ent r="4" t="36" w="3512" /><ent r="4" t="36" w="3540" /><ent r="3" t="36" w="4279" /><ent r="3" t="36" w="4385" /><ent r="3" t="38" w="189" /><ent r="3" t="38" w="231" /><ent r="3" t="38" w="257" /><ent r="3" t="39" w="330" /><ent r="3" t="39" w="353" /><ent r="5" t="39" w="773" /><ent r="4" t="39" w="789" /><ent r="3" t="39" w="835" /><ent r="64" t="39" w="886" /><ent r="4" t="46" w="507" /><ent r="4" t="46" w="513" /><ent r="4" t="46" w="528" /><ent r="3" t="46" w="601" /><ent r="3" t="53" w="179" /><ent r="4" t="53" w="243" /><ent r="4" t="54" w="189" /><ent r="3" t="54" w="496" /><ent r="4" t="59" w="70" /><ent r="3" t="59" w="138" /><ent r="4" t="65" w="114" /><ent r="4" t="65" w="161" /><ent r="3" t="65" w="374" /><ent r="3" t="65" w="424" /><ent r="6" t="67" w="273" /><ent r="3" t="68" w="126" /><ent r="3" t="68" w="131" /><ent r="3" t="68" w="151" /><ent r="4" t="68" w="217" /><ent r="3" t="69" w="15" /><ent r="6" t="69" w="902" /><ent r="6" t="69" w="1061" /><ent r="6" t="69" w="1654" /><ent r="3" t="69" w="1784" /><ent r="6" t="69" w="2454" /><ent r="6" t="69" w="2467" /><ent r="4" t="76" w="117" /><ent r="5" t="76" w="169" /><ent r="5" t="76" w="270" /></phr><phr n="strings"><ent r="3" t="7" w="46" /><ent r="3" t="13" w="1865" /><ent r="4" t="17" w="376" /><ent r="4" t="18" w="161" /><ent r="4" t="21" w="335" /><ent r="4" t="21" w="374" /><ent r="4" t="23" w="256" /><ent r="3" t="23" w="1437" /><ent r="3" t="23" w="2779" /><ent r="3" t="25" w="462" /><ent r="4" t="28" w="816" /><ent r="3" t="32" w="141" /><ent r="3" t="33" w="706" /><ent r="3" t="33" w="948" /><ent r="3" t="36" w="755" /><ent r="3" t="36" w="1716" /><ent r="3" t="36" w="3159" /><ent r="3" t="76" w="24" /></phr><phr n="String"><ent r="3" t="13" w="1922" /><ent r="3" t="14" w="1131" /><ent r="3" t="14" w="1247" /><ent r="100" t="15" w="86" /><ent r="100" t="15" w="89" /><ent r="7" t="16" w="521" /><ent r="9" t="16" w="689" /><ent r="9" t="16" w="705" /><ent r="9" t="16" w="709" /><ent r="9" t="16" w="713" /><ent r="100" t="17" w="357" /><ent r="83" t="17" w="362" /><ent r="3" t="21" w="38" /><ent r="3" t="21" w="58" /><ent r="5" t="21" w="217" /><ent r="3" t="22" w="178" /><ent r="100" t="23" w="219" /><ent r="100" t="23" w="222" /><ent r="100" t="23" w="378" /><ent r="4" t="23" w="381" /><ent r="100" t="23" w="651" /><ent r="92" t="23" w="656" /><ent r="72" t="23" w="1317" /><ent r="3" t="28" w="668" /><ent r="3" t="31" w="1235" /><ent r="3" t="31" w="1297" /><ent r="3" t="31" w="1619" /><ent r="85" t="33" w="796" /><ent r="3" t="33" w="885" /><ent r="100" t="34" w="151" /><ent r="100" t="34" w="153" /><ent r="100" t="34" w="158" /><ent r="65" t="34" w="163" /><ent r="100" t="34" w="167" /><ent r="65" t="34" w="170" /><ent r="92" t="34" w="469" /><ent r="4" t="34" w="479" /><ent r="92" t="34" w="617" /><ent r="100" t="36" w="50" /><ent r="100" t="36" w="134" /><ent r="92" t="36" w="745" /><ent r="100" t="36" w="798" /><ent r="65" t="36" w="1971" /><ent r="64" t="36" w="2441" /><ent r="100" t="36" w="3498" /><ent r="3" t="36" w="3546" /><ent r="3" t="38" w="224" /><ent r="3" t="38" w="428" /><ent r="3" t="38" w="459" /><ent r="82" t="46" w="595" /><ent r="92" t="68" w="106" /><ent r="100" t="68" w="116" /></phr><phr n="STRING"><ent r="4" t="16" w="1741" /><ent r="3" t="16" w="1786" /><ent r="3" t="16" w="1790" /><ent r="3" t="18" w="635" /><ent r="3" t="18" w="684" /><ent r="3" t="18" w="1089" /><ent r="3" t="18" w="1122" /><ent r="3" t="18" w="1363" /><ent r="4" t="23" w="691" /><ent r="4" t="23" w="693" /><ent r="4" t="23" w="713" /><ent r="4" t="23" w="715" /><ent r="3" t="23" w="889" /><ent r="3" t="23" w="1001" /><ent r="3" t="23" w="1003" /><ent r="3" t="23" w="1060" /><ent r="3" t="23" w="1062" /><ent r="3" t="23" w="1120" /><ent r="3" t="23" w="1163" /><ent r="3" t="23" w="1164" /><ent r="3" t="23" w="2156" /><ent r="3" t="23" w="2161" /><ent r="3" t="23" w="2171" /><ent r="3" t="23" w="2180" /><ent r="3" t="23" w="2352" /><ent r="3" t="23" w="2356" /><ent r="4" t="28" w="797" /><ent r="4" t="28" w="811" /><ent r="4" t="76" w="89" /></phr><phr n="Strings"><ent r="82" t="25" w="452" /></phr></stem><stem n="choos"><phr n="chooses"><ent r="5" t="5" w="417" /><ent r="3" t="68" w="88" /></phr><phr n="Choose"><ent r="4" t="7" w="192" /><ent r="4" t="8" w="140" /><ent r="4" t="49" w="97" /></phr><phr n="choose"><ent r="3" t="7" w="367" /><ent r="4" t="48" w="55" /><ent r="4" t="49" w="69" /><ent r="4" t="49" w="175" /><ent r="4" t="64" w="352" /><ent r="4" t="64" w="369" /><ent r="6" t="69" w="1696" /><ent r="5" t="69" w="1742" /></phr></stem><stem n="human"><phr n="Human"><ent r="100" t="5" w="420" /><ent r="100" t="38" w="140" /></phr><phr n="human"><ent r="6" t="5" w="423" /><ent r="3" t="5" w="756" /><ent r="4" t="8" w="169" /><ent r="4" t="8" w="697" /><ent r="3" t="14" w="164" /><ent r="3" t="14" w="790" /><ent r="3" t="14" w="1050" /><ent r="4" t="16" w="1048" /><ent r="4" t="18" w="805" /><ent r="3" t="19" w="335" /><ent r="3" t="21" w="1288" /><ent r="3" t="26" w="102" /><ent r="3" t="31" w="131" /><ent r="3" t="32" w="350" /><ent r="3" t="38" w="143" /><ent r="3" t="42" w="460" /><ent r="3" t="42" w="719" /><ent r="3" t="44" w="111" /><ent r="3" t="45" w="310" /><ent r="3" t="47" w="40" /><ent r="3" t="48" w="522" /></phr><phr n="humans"><ent r="3" t="76" w="42" /></phr></stem><stem n="human_nam"><phr n="Human_name"><ent r="100" t="5" w="421" /><ent r="100" t="5" w="420" /><ent r="100" t="38" w="141" /><ent r="100" t="38" w="140" /></phr><phr n="human_name"><ent r="6" t="5" w="424" /><ent r="6" t="5" w="423" /><ent r="3" t="5" w="757" /><ent r="3" t="5" w="756" /><ent r="3" t="14" w="165" /><ent r="3" t="14" w="164" /><ent r="3" t="14" w="791" /><ent r="3" t="14" w="790" /><ent r="3" t="19" w="336" /><ent r="3" t="19" w="335" /><ent r="3" t="21" w="1289" /><ent r="3" t="21" w="1288" /><ent r="3" t="26" w="103" /><ent r="3" t="26" w="102" /><ent r="3" t="31" w="132" /><ent r="3" t="31" w="131" /><ent r="3" t="38" w="144" /><ent r="3" t="38" w="143" /><ent r="3" t="42" w="461" /><ent r="3" t="42" w="460" /><ent r="3" t="42" w="720" /><ent r="3" t="42" w="719" /><ent r="3" t="44" w="112" /><ent r="3" t="44" w="111" /><ent r="3" t="45" w="311" /><ent r="3" t="45" w="310" /><ent r="3" t="47" w="41" /><ent r="3" t="47" w="40" /><ent r="3" t="48" w="523" /><ent r="3" t="48" w="522" /></phr></stem><stem n="picker"><phr n="Picker"><ent r="5" t="5" w="437" /></phr></stem><stem n="select"><phr n="select"><ent r="5" t="5" w="446" /><ent r="3" t="16" w="1865" /><ent r="4" t="20" w="569" /><ent r="4" t="20" w="587" /><ent r="3" t="55" w="541" /><ent r="3" t="55" w="584" /><ent r="3" t="55" w="594" /><ent r="3" t="55" w="604" /><ent r="4" t="76" w="115" /></phr><phr n="Select"><ent r="100" t="5" w="525" /><ent r="5" t="48" w="57" /><ent r="4" t="48" w="60" /><ent r="4" t="49" w="181" /><ent r="4" t="49" w="186" /><ent r="4" t="49" w="192" /><ent r="100" t="54" w="13" /><ent r="4" t="54" w="715" /><ent r="3" t="60" w="1054" /><ent r="3" t="60" w="1097" /></phr><phr n="selecting"><ent r="4" t="7" w="208" /></phr><phr n="selected"><ent r="3" t="7" w="444" /><ent r="3" t="7" w="544" /><ent r="3" t="9" w="20" /><ent r="6" t="67" w="701" /><ent r="6" t="69" w="1425" /><ent r="6" t="69" w="1481" /><ent r="6" t="69" w="1487" /><ent r="6" t="69" w="1706" /><ent r="5" t="69" w="1755" /></phr><phr n="Selecting"><ent r="4" t="20" w="606" /></phr><phr n="SELECT"><ent r="3" t="63" w="148" /><ent r="3" t="63" w="287" /><ent r="4" t="63" w="314" /><ent r="3" t="63" w="394" /><ent r="3" t="63" w="428" /><ent r="3" t="63" w="451" /><ent r="3" t="63" w="474" /></phr></stem><stem n="mean"><phr n="means"><ent r="5" t="5" w="459" /><ent r="3" t="11" w="443" /><ent r="3" t="13" w="2468" /><ent r="3" t="16" w="1683" /><ent r="3" t="18" w="970" /><ent r="3" t="18" w="1239" /><ent r="3" t="27" w="328" /><ent r="3" t="41" w="116" /><ent r="3" t="53" w="291" /><ent r="3" t="53" w="455" /><ent r="4" t="54" w="209" /></phr><phr n="meaning"><ent r="3" t="25" w="140" /><ent r="3" t="44" w="51" /></phr></stem><stem n="current"><phr n="current"><ent r="5" t="5" w="467" /><ent r="3" t="7" w="438" /><ent r="3" t="7" w="537" /><ent r="5" t="13" w="1059" /><ent r="3" t="14" w="262" /><ent r="3" t="14" w="293" /><ent r="3" t="14" w="311" /><ent r="3" t="14" w="506" /><ent r="3" t="14" w="518" /><ent r="3" t="14" w="532" /><ent r="4" t="15" w="226" /><ent r="3" t="17" w="101" /><ent r="3" t="17" w="275" /><ent r="3" t="18" w="434" /><ent r="4" t="18" w="1593" /><ent r="3" t="20" w="539" /><ent r="3" t="20" w="703" /><ent r="3" t="23" w="1658" /><ent r="3" t="27" w="274" /><ent r="3" t="32" w="185" /><ent r="3" t="32" w="188" /><ent r="3" t="32" w="218" /><ent r="3" t="32" w="250" /><ent r="3" t="32" w="285" /><ent r="3" t="32" w="316" /><ent r="3" t="32" w="341" /><ent r="3" t="32" w="408" /><ent r="4" t="34" w="1071" /><ent r="4" t="36" w="191" /><ent r="3" t="36" w="210" /><ent r="3" t="36" w="232" /><ent r="4" t="36" w="891" /><ent r="3" t="36" w="3618" /><ent r="3" t="36" w="3807" /><ent r="3" t="48" w="547" /><ent r="3" t="48" w="555" /><ent r="3" t="48" w="576" /><ent r="3" t="48" w="583" /><ent r="3" t="48" w="694" /><ent r="3" t="48" w="794" /><ent r="3" t="60" w="230" /><ent r="3" t="60" w="329" /><ent r="4" t="60" w="441" /><ent r="4" t="65" w="338" /><ent r="6" t="69" w="352" /><ent r="6" t="69" w="380" /><ent r="6" t="69" w="491" /><ent r="6" t="69" w="564" /><ent r="6" t="69" w="581" /><ent r="6" t="69" w="664" /><ent r="6" t="69" w="731" /><ent r="6" t="69" w="795" /><ent r="6" t="69" w="802" /><ent r="6" t="69" w="872" /><ent r="6" t="69" w="921" /><ent r="6" t="69" w="932" /><ent r="6" t="69" w="954" /><ent r="6" t="69" w="1014" /><ent r="6" t="69" w="1375" /><ent r="6" t="69" w="1699" /><ent r="5" t="69" w="1748" /><ent r="6" t="69" w="2349" /><ent r="6" t="69" w="2355" /></phr><phr n="Current"><ent r="5" t="9" w="360" /><ent r="5" t="9" w="368" /><ent r="5" t="9" w="431" /><ent r="5" t="9" w="452" /><ent r="5" t="9" w="460" /><ent r="5" t="9" w="490" /><ent r="3" t="14" w="1123" /></phr><phr n="currently"><ent r="5" t="21" w="495" /><ent r="4" t="21" w="695" /><ent r="4" t="56" w="93" /><ent r="3" t="57" w="70" /><ent r="6" t="69" w="359" /></phr><phr n="Currently"><ent r="3" t="42" w="526" /><ent r="3" t="42" w="791" /></phr></stem><stem n="&quot;#.#&quot;."><phr n="&quot;#.#&quot;."><ent r="5" t="5" w="475" /></phr></stem><stem n="_type"><phr n="_type"><ent r="100" t="5" w="478" /><ent r="6" t="5" w="481" /><ent r="3" t="14" w="800" /><ent r="3" t="21" w="1298" /><ent r="100" t="38" w="152" /><ent r="3" t="38" w="155" /><ent r="3" t="42" w="468" /><ent r="3" t="42" w="727" /><ent r="3" t="44" w="122" /><ent r="3" t="47" w="48" /><ent r="3" t="48" w="531" /></phr></stem><stem n="address_typ"><phr n="Address_type"><ent r="100" t="5" w="478" /><ent r="100" t="5" w="477" /><ent r="100" t="38" w="152" /><ent r="100" t="38" w="151" /></phr><phr n="address_type"><ent r="6" t="5" w="481" /><ent r="6" t="5" w="480" /><ent r="3" t="5" w="773" /><ent r="3" t="5" w="772" /><ent r="3" t="14" w="175" /><ent r="3" t="14" w="174" /><ent r="3" t="14" w="800" /><ent r="3" t="14" w="799" /><ent r="3" t="19" w="344" /><ent r="3" t="19" w="343" /><ent r="3" t="21" w="1298" /><ent r="3" t="21" w="1297" /><ent r="3" t="26" w="112" /><ent r="3" t="26" w="111" /><ent r="3" t="31" w="139" /><ent r="3" t="31" w="138" /><ent r="3" t="38" w="155" /><ent r="3" t="38" w="154" /><ent r="3" t="42" w="468" /><ent r="3" t="42" w="467" /><ent r="3" t="42" w="727" /><ent r="3" t="42" w="726" /><ent r="3" t="44" w="122" /><ent r="3" t="44" w="121" /><ent r="3" t="45" w="318" /><ent r="3" t="45" w="317" /><ent r="3" t="47" w="48" /><ent r="3" t="47" w="47" /><ent r="3" t="48" w="531" /><ent r="3" t="48" w="530" /></phr></stem><stem n="-separ"><phr n="-separated"><ent r="6" t="5" w="484" /><ent r="6" t="5" w="484" /><ent r="100" t="5" w="499" /><ent r="100" t="5" w="499" /><ent r="100" t="15" w="568" /><ent r="100" t="15" w="568" /><ent r="3" t="15" w="585" /><ent r="3" t="15" w="585" /><ent r="100" t="16" w="100" /><ent r="100" t="16" w="100" /><ent r="3" t="16" w="130" /><ent r="3" t="16" w="130" /><ent r="3" t="18" w="554" /><ent r="3" t="18" w="554" /><ent r="3" t="18" w="749" /><ent r="3" t="18" w="749" /><ent r="4" t="39" w="726" /><ent r="4" t="39" w="726" /><ent r="4" t="46" w="578" /><ent r="4" t="46" w="578" /></phr></stem><stem n="comma"><phr n="comma"><ent r="6" t="5" w="484" /><ent r="3" t="15" w="585" /><ent r="3" t="16" w="130" /><ent r="3" t="18" w="554" /><ent r="3" t="18" w="749" /><ent r="4" t="21" w="242" /><ent r="6" t="23" w="2909" /><ent r="6" t="23" w="2921" /><ent r="6" t="23" w="2932" /><ent r="4" t="39" w="726" /><ent r="4" t="58" w="137" /><ent r="6" t="69" w="1212" /></phr><phr n="Comma"><ent r="100" t="5" w="499" /><ent r="100" t="15" w="568" /><ent r="100" t="16" w="100" /></phr><phr n="commas"><ent r="4" t="30" w="249" /></phr></stem><stem n="comma-separ"><phr n="comma-separated"><ent r="6" t="5" w="484" /><ent r="3" t="15" w="585" /><ent r="3" t="16" w="130" /><ent r="3" t="18" w="554" /><ent r="3" t="18" w="749" /><ent r="4" t="39" w="726" /></phr><phr n="Comma-separated"><ent r="100" t="5" w="499" /><ent r="100" t="15" w="568" /><ent r="100" t="16" w="100" /></phr></stem><stem n="implement"><phr n="implements"><ent r="6" t="5" w="494" /><ent r="3" t="54" w="99" /></phr><phr n="implement"><ent r="3" t="21" w="1043" /><ent r="6" t="69" w="2312" /></phr><phr n="implemented"><ent r="3" t="23" w="1834" /></phr></stem><stem n="&quot;ip&quot;"><phr n="&quot;IP&quot;"><ent r="6" t="5" w="496" /><ent r="3" t="14" w="802" /><ent r="3" t="38" w="157" /><ent r="3" t="42" w="470" /><ent r="3" t="42" w="729" /><ent r="3" t="44" w="124" /><ent r="3" t="47" w="50" /><ent r="3" t="48" w="533" /></phr></stem><stem n="&quot;at&quot;."><phr n="&quot;AT&quot;."><ent r="6" t="5" w="498" /></phr></stem><stem n="port"><phr n="Port"><ent r="100" t="5" w="504" /><ent r="100" t="36" w="367" /><ent r="3" t="36" w="4022" /><ent r="3" t="36" w="4470" /><ent r="100" t="38" w="158" /><ent r="8" t="69" w="981" /></phr><phr n="port"><ent r="6" t="5" w="507" /><ent r="5" t="5" w="512" /><ent r="6" t="5" w="640" /><ent r="6" t="5" w="648" /><ent r="3" t="5" w="777" /><ent r="5" t="13" w="172" /><ent r="5" t="13" w="176" /><ent r="5" t="13" w="1016" /><ent r="5" t="13" w="1045" /><ent r="3" t="14" w="179" /><ent r="3" t="18" w="462" /><ent r="3" t="19" w="347" /><ent r="3" t="21" w="1303" /><ent r="3" t="26" w="115" /><ent r="3" t="31" w="142" /><ent r="3" t="33" w="24" /><ent r="3" t="33" w="63" /><ent r="4" t="36" w="360" /><ent r="65" t="36" w="371" /><ent r="4" t="36" w="381" /><ent r="83" t="36" w="2894" /><ent r="3" t="36" w="2915" /><ent r="3" t="36" w="2947" /><ent r="3" t="36" w="3883" /><ent r="3" t="36" w="3993" /><ent r="3" t="36" w="4111" /><ent r="3" t="36" w="4134" /><ent r="3" t="36" w="4138" /><ent r="3" t="38" w="161" /><ent r="3" t="38" w="416" /><ent r="3" t="40" w="425" /><ent r="3" t="42" w="498" /><ent r="3" t="42" w="609" /><ent r="3" t="42" w="615" /><ent r="3" t="42" w="639" /><ent r="3" t="42" w="680" /><ent r="3" t="46" w="123" /><ent r="4" t="46" w="357" /><ent r="3" t="47" w="142" /><ent r="4" t="54" w="280" /><ent r="3" t="55" w="228" /><ent r="3" t="55" w="307" /><ent r="3" t="55" w="311" /><ent r="3" t="57" w="364" /><ent r="3" t="57" w="497" /><ent r="3" t="58" w="113" /><ent r="3" t="58" w="183" /><ent r="3" t="58" w="219" /><ent r="3" t="58" w="243" /><ent r="3" t="58" w="302" /><ent r="3" t="58" w="413" /><ent r="3" t="59" w="31" /><ent r="3" t="59" w="150" /><ent r="3" t="59" w="188" /><ent r="3" t="59" w="216" /><ent r="3" t="60" w="277" /><ent r="3" t="60" w="290" /><ent r="3" t="60" w="298" /><ent r="3" t="60" w="348" /><ent r="3" t="60" w="350" /><ent r="3" t="60" w="366" /><ent r="3" t="60" w="392" /><ent r="3" t="60" w="483" /><ent r="3" t="60" w="505" /><ent r="3" t="60" w="942" /><ent r="3" t="60" w="949" /><ent r="3" t="60" w="1326" /><ent r="3" t="60" w="1342" /><ent r="3" t="60" w="1347" /></phr><phr n="PORT"><ent r="100" t="36" w="362" /><ent r="65" t="36" w="370" /><ent r="83" t="36" w="2893" /><ent r="3" t="36" w="3879" /><ent r="3" t="36" w="4107" /><ent r="3" t="36" w="4122" /><ent r="100" t="40" w="392" /><ent r="3" t="40" w="420" /><ent r="3" t="42" w="503" /><ent r="3" t="42" w="520" /><ent r="3" t="42" w="622" /><ent r="3" t="46" w="106" /><ent r="4" t="46" w="340" /><ent r="100" t="46" w="359" /><ent r="3" t="47" w="137" /></phr></stem><stem n="_number"><phr n="_number"><ent r="100" t="5" w="505" /><ent r="6" t="5" w="508" /><ent r="3" t="21" w="1304" /><ent r="100" t="38" w="159" /><ent r="3" t="38" w="162" /></phr><phr n="_numbered"><ent r="3" t="24" w="69" /><ent r="5" t="24" w="284" /></phr></stem><stem n="port_numb"><phr n="Port_number"><ent r="100" t="5" w="505" /><ent r="100" t="5" w="504" /><ent r="100" t="38" w="159" /><ent r="100" t="38" w="158" /></phr><phr n="port_number"><ent r="6" t="5" w="508" /><ent r="6" t="5" w="507" /><ent r="3" t="5" w="778" /><ent r="3" t="5" w="777" /><ent r="3" t="14" w="180" /><ent r="3" t="14" w="179" /><ent r="3" t="19" w="348" /><ent r="3" t="19" w="347" /><ent r="3" t="21" w="1304" /><ent r="3" t="21" w="1303" /><ent r="3" t="26" w="116" /><ent r="3" t="26" w="115" /><ent r="3" t="31" w="143" /><ent r="3" t="31" w="142" /><ent r="3" t="38" w="162" /><ent r="3" t="38" w="161" /></phr></stem><stem n="display_nam"><phr n="display_name"><ent r="100" t="5" w="520" /><ent r="100" t="5" w="519" /><ent r="6" t="5" w="523" /><ent r="6" t="5" w="522" /><ent r="6" t="5" w="532" /><ent r="6" t="5" w="531" /><ent r="6" t="5" w="561" /><ent r="6" t="5" w="560" /><ent r="6" t="5" w="572" /><ent r="6" t="5" w="571" /><ent r="3" t="5" w="763" /><ent r="3" t="5" w="762" /><ent r="3" t="14" w="103" /><ent r="3" t="14" w="102" /><ent r="3" t="14" w="184" /><ent r="3" t="14" w="183" /><ent r="3" t="14" w="803" /><ent r="3" t="14" w="802" /><ent r="3" t="19" w="351" /><ent r="3" t="19" w="350" /><ent r="3" t="26" w="119" /><ent r="3" t="26" w="118" /><ent r="3" t="31" w="146" /><ent r="3" t="31" w="145" /><ent r="3" t="42" w="471" /><ent r="3" t="42" w="470" /><ent r="3" t="42" w="730" /><ent r="3" t="42" w="729" /><ent r="3" t="45" w="284" /><ent r="3" t="45" w="283" /><ent r="3" t="45" w="321" /><ent r="3" t="45" w="320" /><ent r="3" t="47" w="51" /><ent r="3" t="47" w="50" /><ent r="3" t="48" w="534" /><ent r="3" t="48" w="533" /></phr></stem><stem n="forward"><phr n="forward"><ent r="6" t="5" w="539" /><ent r="3" t="34" w="1256" /></phr><phr n="Forwarded"><ent r="3" t="13" w="2088" /><ent r="3" t="13" w="2105" /><ent r="3" t="15" w="640" /><ent r="100" t="15" w="711" /><ent r="100" t="16" w="885" /></phr><phr n="forwarding"><ent r="4" t="28" w="371" /></phr></stem><stem n="slash"><phr n="slashes"><ent r="6" t="5" w="540" /></phr></stem><stem n="heirarchi"><phr n="heirarchy"><ent r="6" t="5" w="544" /></phr></stem><stem n="&quot;[top"><phr n="&quot;[top"><ent r="6" t="5" w="562" /></phr></stem><stem n="top"><phr n="top"><ent r="6" t="5" w="562" /><ent r="4" t="17" w="229" /><ent r="3" t="18" w="1811" /><ent r="4" t="60" w="446" /><ent r="3" t="60" w="553" /><ent r="3" t="60" w="847" /><ent r="3" t="60" w="1035" /><ent r="6" t="69" w="1898" /><ent r="3" t="70" w="65" /><ent r="3" t="71" w="56" /></phr><phr n="Top"><ent r="3" t="13" w="2529" /><ent r="3" t="13" w="2551" /></phr></stem><stem n="level"><phr n="level"><ent r="6" t="5" w="563" /><ent r="6" t="5" w="565" /><ent r="6" t="5" w="567" /><ent r="4" t="60" w="447" /><ent r="3" t="60" w="554" /><ent r="3" t="60" w="848" /><ent r="3" t="60" w="1036" /><ent r="6" t="69" w="1899" /><ent r="6" t="69" w="1922" /><ent r="6" t="69" w="1942" /><ent r="6" t="69" w="1961" /><ent r="100" t="70" w="44" /><ent r="3" t="70" w="66" /><ent r="100" t="71" w="14" /><ent r="3" t="71" w="57" /></phr><phr n="Level"><ent r="100" t="70" w="20" /><ent r="100" t="70" w="40" /><ent r="100" t="71" w="10" /><ent r="100" t="71" w="61" /></phr></stem><stem n="]/[next"><phr n="]/[next"><ent r="6" t="5" w="564" /><ent r="6" t="5" w="566" /></phr></stem><stem n="next"><phr n="next"><ent r="6" t="5" w="564" /><ent r="6" t="5" w="566" /><ent r="5" t="13" w="914" /><ent r="3" t="13" w="1969" /><ent r="3" t="14" w="275" /><ent r="3" t="14" w="302" /><ent r="3" t="14" w="535" /><ent r="3" t="14" w="568" /><ent r="3" t="14" w="577" /><ent r="3" t="14" w="849" /><ent r="3" t="16" w="1155" /><ent r="4" t="18" w="854" /><ent r="3" t="18" w="1495" /><ent r="4" t="21" w="840" /><ent r="3" t="25" w="632" /><ent r="3" t="26" w="244" /><ent r="3" t="34" w="930" /><ent r="4" t="36" w="265" /><ent r="4" t="36" w="1893" /><ent r="4" t="36" w="1930" /><ent r="3" t="36" w="2372" /><ent r="3" t="36" w="2383" /><ent r="3" t="36" w="2400" /><ent r="3" t="36" w="2455" /><ent r="3" t="36" w="2471" /><ent r="3" t="36" w="3301" /><ent r="3" t="36" w="4442" /><ent r="3" t="42" w="878" /><ent r="3" t="42" w="887" /></phr><phr n="Next"><ent r="100" t="15" w="883" /><ent r="4" t="15" w="894" /><ent r="100" t="16" w="186" /><ent r="4" t="16" w="849" /><ent r="100" t="24" w="130" /><ent r="4" t="24" w="141" /><ent r="3" t="25" w="51" /><ent r="92" t="25" w="621" /><ent r="3" t="25" w="801" /><ent r="3" t="60" w="1151" /><ent r="3" t="60" w="1154" /><ent r="3" t="60" w="1315" /></phr><phr n="NEXT"><ent r="100" t="36" w="261" /><ent r="65" t="36" w="415" /><ent r="83" t="36" w="2822" /><ent r="5" t="36" w="2826" /><ent r="6" t="36" w="2866" /><ent r="6" t="36" w="2872" /></phr></stem></index>