<?xml version="1.0" encoding="utf-8"?><index><stem n="how"><phr n="how"><ent r="3" t="0" w="104" /><ent r="3" t="0" w="123" /><ent r="3" t="0" w="131" /><ent r="3" t="0" w="155" /><ent r="3" t="0" w="181" /><ent r="3" t="4" w="97" /><ent r="3" t="4" w="102" /><ent r="3" t="4" w="180" /><ent r="4" t="4" w="299" /><ent r="4" t="4" w="475" /><ent r="3" t="7" w="583" /><ent r="7" t="8" w="543" /><ent r="3" t="14" w="236" /><ent r="4" t="15" w="430" /><ent r="4" t="16" w="265" /><ent r="4" t="16" w="826" /><ent r="3" t="18" w="329" /><ent r="3" t="25" w="740" /><ent r="3" t="27" w="354" /><ent r="3" t="28" w="631" /><ent r="3" t="31" w="288" /><ent r="3" t="31" w="378" /><ent r="3" t="33" w="399" /><ent r="3" t="33" w="446" /><ent r="3" t="33" w="455" /><ent r="3" t="33" w="464" /><ent r="4" t="37" w="408" /><ent r="4" t="39" w="240" /><ent r="3" t="44" w="130" /><ent r="3" t="64" w="47" /></phr><phr n="How"><ent r="3" t="10" w="43" /><ent r="82" t="11" w="126" /><ent r="3" t="31" w="230" /><ent r="3" t="48" w="44" /><ent r="92" t="50" w="49" /><ent r="3" t="56" w="171" /><ent r="3" t="56" w="186" /><ent r="3" t="56" w="198" /><ent r="92" t="70" w="291" /></phr></stem><stem n="displai"><phr n="display"><ent r="3" t="0" w="111" /><ent r="100" t="4" w="319" /><ent r="100" t="5" w="519" /><ent r="6" t="5" w="522" /><ent r="6" t="5" w="531" /><ent r="6" t="5" w="560" /><ent r="6" t="5" w="571" /><ent r="3" t="5" w="762" /><ent r="3" t="7" w="449" /><ent r="100" t="10" w="132" /><ent r="5" t="13" w="427" /><ent r="3" t="13" w="600" /><ent r="3" t="13" w="2129" /><ent r="3" t="13" w="2190" /><ent r="3" t="13" w="2412" /><ent r="3" t="14" w="102" /><ent r="3" t="14" w="183" /><ent r="3" t="14" w="544" /><ent r="3" t="14" w="802" /><ent r="5" t="15" w="243" /><ent r="100" t="15" w="450" /><ent r="4" t="16" w="830" /><ent r="4" t="16" w="1145" /><ent r="3" t="18" w="29" /><ent r="4" t="18" w="1591" /><ent r="4" t="18" w="1628" /><ent r="3" t="18" w="1752" /><ent r="100" t="19" w="33" /><ent r="3" t="19" w="350" /><ent r="4" t="20" w="554" /><ent r="3" t="26" w="118" /><ent r="3" t="27" w="358" /><ent r="3" t="28" w="756" /><ent r="3" t="31" w="75" /><ent r="3" t="31" w="88" /><ent r="3" t="31" w="145" /><ent r="3" t="37" w="213" /><ent r="100" t="37" w="251" /><ent r="3" t="42" w="470" /><ent r="3" t="42" w="729" /><ent r="3" t="43" w="55" /><ent r="3" t="44" w="145" /><ent r="3" t="44" w="149" /><ent r="3" t="45" w="283" /><ent r="3" t="45" w="320" /><ent r="4" t="46" w="826" /><ent r="3" t="47" w="50" /><ent r="3" t="47" w="101" /><ent r="3" t="48" w="165" /><ent r="3" t="48" w="533" /><ent r="4" t="54" w="236" /><ent r="3" t="54" w="1287" /><ent r="4" t="58" w="152" /><ent r="3" t="65" w="651" /><ent r="3" t="65" w="664" /><ent r="6" t="67" w="698" /><ent r="6" t="69" w="822" /><ent r="6" t="69" w="1267" /><ent r="4" t="76" w="69" /></phr><phr n="Display"><ent r="3" t="4" w="190" /><ent r="3" t="31" w="98" /></phr><phr n="displayed"><ent r="4" t="4" w="338" /><ent r="4" t="4" w="568" /><ent r="3" t="6" w="31" /><ent r="3" t="7" w="128" /><ent r="3" t="7" w="274" /><ent r="3" t="13" w="573" /><ent r="3" t="13" w="1490" /><ent r="3" t="14" w="213" /><ent r="4" t="15" w="469" /><ent r="3" t="15" w="778" /><ent r="6" t="16" w="368" /><ent r="4" t="16" w="999" /><ent r="4" t="16" w="1038" /><ent r="4" t="16" w="1079" /><ent r="4" t="16" w="1132" /><ent r="3" t="16" w="1776" /><ent r="3" t="17" w="329" /><ent r="4" t="18" w="810" /><ent r="3" t="18" w="1825" /><ent r="3" t="26" w="243" /><ent r="3" t="28" w="740" /><ent r="3" t="31" w="281" /><ent r="3" t="36" w="1586" /><ent r="4" t="65" w="84" /><ent r="3" t="65" w="211" /><ent r="3" t="65" w="233" /><ent r="4" t="65" w="288" /><ent r="4" t="65" w="344" /><ent r="3" t="65" w="362" /></phr><phr n="displaying"><ent r="3" t="7" w="330" /><ent r="3" t="46" w="171" /><ent r="3" t="46" w="183" /><ent r="3" t="70" w="263" /><ent r="3" t="76" w="50" /></phr><phr n="displays"><ent r="4" t="13" w="1644" /><ent r="3" t="14" w="106" /><ent r="4" t="16" w="267" /><ent r="6" t="16" w="294" /><ent r="6" t="16" w="439" /><ent r="6" t="16" w="463" /><ent r="6" t="16" w="607" /><ent r="6" t="16" w="659" /><ent r="3" t="16" w="1445" /><ent r="4" t="16" w="1728" /><ent r="3" t="16" w="1842" /><ent r="3" t="18" w="55" /><ent r="3" t="18" w="1458" /><ent r="3" t="18" w="1791" /><ent r="3" t="20" w="279" /><ent r="3" t="26" w="155" /><ent r="3" t="31" w="167" /><ent r="3" t="43" w="19" /><ent r="3" t="53" w="584" /><ent r="4" t="54" w="1187" /><ent r="4" t="54" w="1210" /><ent r="3" t="55" w="709" /><ent r="3" t="65" w="268" /><ent r="3" t="65" w="421" /><ent r="3" t="68" w="148" /><ent r="3" t="69" w="231" /></phr><phr n="Displays"><ent r="100" t="15" w="22" /><ent r="4" t="65" w="553" /><ent r="4" t="65" w="571" /><ent r="4" t="65" w="586" /><ent r="4" t="65" w="600" /><ent r="4" t="65" w="614" /><ent r="4" t="65" w="628" /><ent r="6" t="69" w="1094" /><ent r="6" t="69" w="1298" /><ent r="6" t="69" w="1370" /><ent r="6" t="69" w="1412" /><ent r="6" t="69" w="1475" /><ent r="6" t="69" w="1525" /></phr><phr n="Displayed"><ent r="10" t="16" w="668" /></phr><phr n="Displaying"><ent r="92" t="18" w="1727" /><ent r="3" t="19" w="433" /></phr></stem><stem n="data"><phr n="data"><ent r="3" t="0" w="112" /><ent r="3" t="1" w="378" /><ent r="3" t="7" w="272" /><ent r="3" t="8" w="224" /><ent r="100" t="8" w="233" /><ent r="3" t="8" w="257" /><ent r="3" t="8" w="269" /><ent r="4" t="8" w="712" /><ent r="3" t="9" w="13" /><ent r="3" t="10" w="329" /><ent r="3" t="10" w="387" /><ent r="3" t="18" w="31" /><ent r="3" t="18" w="425" /><ent r="3" t="18" w="435" /><ent r="3" t="23" w="41" /><ent r="3" t="23" w="1322" /><ent r="3" t="23" w="2367" /><ent r="3" t="27" w="45" /><ent r="4" t="28" w="101" /><ent r="3" t="33" w="33" /><ent r="3" t="33" w="74" /><ent r="3" t="33" w="83" /><ent r="3" t="34" w="97" /><ent r="3" t="34" w="252" /><ent r="3" t="34" w="896" /><ent r="3" t="34" w="911" /><ent r="3" t="34" w="1570" /><ent r="3" t="36" w="157" /><ent r="4" t="36" w="407" /><ent r="4" t="36" w="413" /><ent r="4" t="36" w="455" /><ent r="4" t="36" w="472" /><ent r="3" t="36" w="937" /><ent r="3" t="36" w="1071" /><ent r="3" t="36" w="2169" /><ent r="3" t="36" w="2175" /><ent r="4" t="36" w="2206" /><ent r="4" t="36" w="2243" /><ent r="4" t="36" w="2261" /><ent r="4" t="36" w="2267" /><ent r="3" t="36" w="2313" /><ent r="3" t="36" w="3203" /><ent r="3" t="36" w="3227" /><ent r="3" t="36" w="3245" /><ent r="3" t="37" w="221" /><ent r="3" t="38" w="575" /><ent r="3" t="39" w="314" /><ent r="3" t="39" w="341" /><ent r="3" t="39" w="1250" /><ent r="3" t="40" w="482" /><ent r="3" t="46" w="177" /><ent r="4" t="46" w="807" /><ent r="4" t="46" w="829" /><ent r="3" t="47" w="92" /><ent r="3" t="47" w="104" /><ent r="3" t="48" w="30" /><ent r="4" t="48" w="419" /><ent r="3" t="48" w="912" /><ent r="3" t="48" w="921" /><ent r="3" t="55" w="527" /><ent r="3" t="56" w="18" /><ent r="3" t="56" w="22" /><ent r="3" t="56" w="192" /><ent r="3" t="57" w="413" /><ent r="3" t="57" w="428" /><ent r="3" t="57" w="462" /><ent r="3" t="57" w="488" /><ent r="3" t="58" w="295" /><ent r="3" t="58" w="330" /><ent r="3" t="58" w="341" /><ent r="3" t="58" w="371" /><ent r="3" t="58" w="394" /><ent r="3" t="58" w="405" /><ent r="3" t="59" w="161" /><ent r="3" t="61" w="26" /><ent r="3" t="61" w="51" /><ent r="3" t="61" w="144" /><ent r="3" t="63" w="18" /><ent r="3" t="63" w="39" /><ent r="3" t="63" w="46" /><ent r="3" t="63" w="72" /><ent r="3" t="63" w="93" /><ent r="3" t="63" w="156" /><ent r="3" t="63" w="165" /><ent r="4" t="63" w="176" /><ent r="92" t="63" w="185" /><ent r="3" t="63" w="246" /><ent r="3" t="63" w="253" /><ent r="3" t="63" w="265" /><ent r="4" t="63" w="274" /><ent r="3" t="63" w="288" /><ent r="3" t="63" w="290" /><ent r="3" t="63" w="294" /><ent r="3" t="63" w="349" /><ent r="4" t="63" w="371" /><ent r="3" t="63" w="395" /><ent r="3" t="63" w="397" /><ent r="3" t="63" w="402" /><ent r="3" t="63" w="414" /><ent r="3" t="63" w="433" /><ent r="3" t="63" w="435" /><ent r="3" t="63" w="440" /><ent r="3" t="63" w="456" /><ent r="3" t="63" w="458" /><ent r="3" t="63" w="463" /><ent r="3" t="63" w="479" /><ent r="3" t="63" w="481" /><ent r="3" t="63" w="486" /><ent r="3" t="63" w="500" /></phr><phr n="Data"><ent r="64" t="0" w="203" /><ent r="4" t="8" w="103" /><ent r="64" t="8" w="329" /><ent r="4" t="8" w="663" /><ent r="1000" t="9" w="3" /><ent r="102" t="9" w="8" /><ent r="92" t="39" w="1195" /><ent r="64" t="39" w="1261" /><ent r="65" t="40" w="231" /><ent r="65" t="40" w="386" /><ent r="92" t="40" w="434" /><ent r="4" t="46" w="554" /><ent r="3" t="47" w="259" /><ent r="92" t="55" w="506" /><ent r="4" t="57" w="74" /><ent r="3" t="58" w="30" /><ent r="3" t="58" w="35" /><ent r="4" t="58" w="88" /><ent r="82" t="58" w="276" /><ent r="1000" t="61" w="3" /><ent r="102" t="61" w="11" /></phr></stem><stem n="those"><phr n="those"><ent r="3" t="0" w="114" /><ent r="4" t="4" w="300" /><ent r="4" t="4" w="476" /><ent r="3" t="8" w="334" /><ent r="3" t="12" w="21" /><ent r="4" t="13" w="1619" /><ent r="4" t="15" w="431" /><ent r="4" t="18" w="884" /><ent r="3" t="23" w="2778" /><ent r="3" t="27" w="132" /><ent r="3" t="28" w="873" /><ent r="3" t="33" w="393" /><ent r="3" t="33" w="473" /><ent r="3" t="46" w="730" /><ent r="3" t="64" w="50" /><ent r="3" t="68" w="207" /><ent r="3" t="70" w="60" /></phr></stem><stem n="result"><phr n="results"><ent r="3" t="0" w="115" /><ent r="4" t="3" w="375" /><ent r="4" t="3" w="505" /><ent r="3" t="13" w="556" /><ent r="3" t="14" w="762" /><ent r="3" t="23" w="57" /><ent r="4" t="23" w="124" /><ent r="3" t="33" w="52" /><ent r="3" t="33" w="862" /><ent r="3" t="37" w="215" /><ent r="4" t="39" w="250" /><ent r="3" t="41" w="29" /><ent r="4" t="48" w="402" /><ent r="3" t="48" w="681" /><ent r="3" t="53" w="24" /><ent r="3" t="55" w="18" /><ent r="3" t="55" w="30" /><ent r="3" t="55" w="93" /><ent r="3" t="55" w="252" /><ent r="82" t="55" w="429" /><ent r="3" t="55" w="432" /><ent r="3" t="55" w="587" /><ent r="3" t="55" w="597" /><ent r="3" t="55" w="606" /><ent r="4" t="55" w="807" /><ent r="3" t="68" w="209" /></phr><phr n="result"><ent r="5" t="13" w="351" /><ent r="3" t="13" w="1519" /><ent r="4" t="13" w="1646" /><ent r="3" t="13" w="1896" /><ent r="3" t="13" w="1900" /><ent r="3" t="13" w="1913" /><ent r="3" t="13" w="1951" /><ent r="3" t="13" w="1959" /><ent r="3" t="13" w="1996" /><ent r="3" t="13" w="2018" /><ent r="3" t="14" w="960" /><ent r="6" t="16" w="564" /><ent r="4" t="16" w="1217" /><ent r="3" t="16" w="1474" /><ent r="3" t="16" w="1498" /><ent r="3" t="16" w="1711" /><ent r="3" t="17" w="238" /><ent r="4" t="20" w="885" /><ent r="4" t="21" w="161" /><ent r="4" t="23" w="3007" /><ent r="4" t="23" w="3021" /><ent r="3" t="27" w="226" /><ent r="3" t="33" w="650" /><ent r="3" t="33" w="730" /><ent r="3" t="33" w="941" /><ent r="5" t="36" w="774" /><ent r="4" t="36" w="1664" /><ent r="3" t="36" w="2558" /><ent r="4" t="36" w="2595" /><ent r="4" t="36" w="2606" /><ent r="3" t="39" w="464" /><ent r="3" t="41" w="75" /><ent r="3" t="44" w="37" /><ent r="3" t="45" w="472" /><ent r="3" t="45" w="480" /><ent r="3" t="45" w="487" /><ent r="3" t="45" w="491" /><ent r="3" t="46" w="415" /><ent r="3" t="60" w="1196" /><ent r="3" t="60" w="1229" /><ent r="3" t="60" w="1233" /><ent r="3" t="60" w="1239" /><ent r="3" t="60" w="1246" /><ent r="6" t="67" w="364" /><ent r="3" t="69" w="1811" /></phr><phr n="resulting"><ent r="4" t="21" w="141" /><ent r="4" t="21" w="225" /><ent r="3" t="33" w="742" /><ent r="4" t="36" w="809" /><ent r="3" t="36" w="3104" /><ent r="4" t="39" w="992" /><ent r="3" t="64" w="123" /><ent r="4" t="65" w="306" /><ent r="4" t="65" w="327" /><ent r="6" t="69" w="1680" /></phr><phr n="resulted"><ent r="4" t="21" w="846" /></phr><phr n="Results"><ent r="3" t="23" w="1370" /><ent r="3" t="23" w="1377" /><ent r="3" t="23" w="1418" /><ent r="3" t="23" w="1426" /><ent r="3" t="23" w="1463" /><ent r="3" t="23" w="1470" /><ent r="3" t="23" w="1477" /><ent r="3" t="23" w="1484" /><ent r="3" t="23" w="1492" /><ent r="3" t="23" w="1539" /><ent r="3" t="23" w="1548" /><ent r="3" t="23" w="1556" /><ent r="3" t="23" w="1565" /><ent r="3" t="23" w="1589" /><ent r="3" t="23" w="1598" /><ent r="3" t="23" w="1857" /><ent r="3" t="23" w="1873" /><ent r="3" t="23" w="1936" /></phr></stem><stem n="'s"><phr n="'s"><ent r="64" t="0" w="119" /><ent r="3" t="0" w="151" /><ent r="3" t="0" w="195" /><ent r="3" t="1" w="528" /><ent r="3" t="3" w="51" /><ent r="3" t="3" w="55" /><ent r="3" t="3" w="67" /><ent r="3" t="3" w="105" /><ent r="3" t="3" w="185" /><ent r="4" t="3" w="248" /><ent r="4" t="3" w="265" /><ent r="3" t="3" w="328" /><ent r="4" t="3" w="366" /><ent r="4" t="3" w="407" /><ent r="4" t="3" w="456" /><ent r="4" t="3" w="510" /><ent r="4" t="3" w="538" /><ent r="3" t="3" w="543" /><ent r="64" t="4" w="160" /><ent r="3" t="4" w="177" /><ent r="3" t="4" w="208" /><ent r="64" t="4" w="225" /><ent r="4" t="4" w="312" /><ent r="4" t="4" w="488" /><ent r="4" t="4" w="514" /><ent r="4" t="4" w="521" /><ent r="4" t="4" w="564" /><ent r="65" t="4" w="581" /><ent r="4" t="4" w="686" /><ent r="6" t="5" w="242" /><ent r="6" t="5" w="331" /><ent r="6" t="5" w="364" /><ent r="6" t="5" w="373" /><ent r="5" t="5" w="404" /><ent r="6" t="5" w="636" /><ent r="6" t="5" w="658" /><ent r="6" t="5" w="672" /><ent r="4" t="5" w="1284" /><ent r="3" t="5" w="1363" /><ent r="3" t="5" w="1375" /><ent r="64" t="6" w="72" /><ent r="64" t="10" w="99" /><ent r="3" t="10" w="154" /><ent r="3" t="10" w="168" /><ent r="3" t="10" w="180" /><ent r="64" t="10" w="209" /><ent r="3" t="10" w="325" /><ent r="3" t="10" w="383" /><ent r="3" t="11" w="22" /><ent r="3" t="11" w="36" /><ent r="5" t="13" w="167" /><ent r="5" t="13" w="312" /><ent r="5" t="13" w="424" /><ent r="5" t="13" w="638" /><ent r="5" t="13" w="726" /><ent r="5" t="13" w="785" /><ent r="5" t="13" w="884" /><ent r="5" t="13" w="894" /><ent r="5" t="13" w="1288" /><ent r="5" t="13" w="1390" /><ent r="5" t="13" w="1408" /><ent r="5" t="13" w="1430" /><ent r="3" t="14" w="403" /><ent r="3" t="14" w="622" /><ent r="3" t="14" w="926" /><ent r="3" t="14" w="948" /><ent r="3" t="14" w="1001" /><ent r="3" t="14" w="1033" /><ent r="3" t="15" w="63" /><ent r="3" t="15" w="112" /><ent r="4" t="15" w="147" /><ent r="65" t="15" w="327" /><ent r="4" t="15" w="443" /><ent r="6" t="16" w="535" /><ent r="4" t="16" w="790" /><ent r="4" t="16" w="1143" /><ent r="4" t="16" w="1237" /><ent r="4" t="16" w="1384" /><ent r="3" t="16" w="1631" /><ent r="3" t="17" w="274" /><ent r="3" t="17" w="318" /><ent r="4" t="18" w="222" /><ent r="3" t="18" w="286" /><ent r="3" t="18" w="328" /><ent r="4" t="18" w="768" /><ent r="3" t="18" w="935" /><ent r="3" t="18" w="960" /><ent r="3" t="18" w="1020" /><ent r="3" t="18" w="1261" /><ent r="3" t="18" w="1280" /><ent r="3" t="18" w="1450" /><ent r="3" t="18" w="1498" /><ent r="3" t="19" w="55" /><ent r="3" t="19" w="69" /><ent r="3" t="19" w="81" /><ent r="64" t="19" w="110" /><ent r="3" t="19" w="429" /><ent r="3" t="20" w="71" /><ent r="5" t="20" w="195" /><ent r="5" t="20" w="207" /><ent r="3" t="20" w="293" /><ent r="3" t="20" w="317" /><ent r="3" t="20" w="338" /><ent r="3" t="20" w="350" /><ent r="3" t="20" w="502" /><ent r="3" t="20" w="674" /><ent r="4" t="21" w="327" /><ent r="4" t="21" w="361" /><ent r="4" t="21" w="392" /><ent r="4" t="21" w="411" /><ent r="3" t="21" w="482" /><ent r="3" t="21" w="566" /><ent r="4" t="21" w="664" /><ent r="4" t="21" w="744" /><ent r="4" t="21" w="763" /><ent r="4" t="21" w="782" /><ent r="3" t="21" w="888" /><ent r="3" t="21" w="893" /><ent r="3" t="23" w="79" /><ent r="3" t="23" w="1455" /><ent r="4" t="23" w="2472" /><ent r="6" t="23" w="2948" /><ent r="92" t="25" w="60" /><ent r="3" t="25" w="64" /><ent r="3" t="25" w="143" /><ent r="3" t="25" w="152" /><ent r="3" t="25" w="161" /><ent r="92" t="25" w="200" /><ent r="3" t="25" w="416" /><ent r="82" t="25" w="525" /><ent r="4" t="25" w="529" /><ent r="3" t="25" w="635" /><ent r="3" t="25" w="739" /><ent r="3" t="25" w="782" /><ent r="3" t="25" w="794" /><ent r="3" t="25" w="856" /><ent r="3" t="25" w="964" /><ent r="3" t="25" w="1046" /><ent r="3" t="26" w="80" /><ent r="3" t="26" w="160" /><ent r="3" t="26" w="226" /><ent r="3" t="26" w="411" /><ent r="3" t="27" w="53" /><ent r="3" t="27" w="254" /><ent r="4" t="28" w="105" /><ent r="4" t="28" w="136" /><ent r="4" t="28" w="446" /><ent r="4" t="28" w="462" /><ent r="4" t="28" w="478" /><ent r="3" t="28" w="630" /><ent r="3" t="28" w="862" /><ent r="3" t="29" w="25" /><ent r="3" t="29" w="46" /><ent r="4" t="30" w="231" /><ent r="4" t="30" w="299" /><ent r="3" t="31" w="212" /><ent r="3" t="31" w="253" /><ent r="3" t="32" w="320" /><ent r="3" t="32" w="345" /><ent r="3" t="33" w="45" /><ent r="65" t="33" w="233" /><ent r="4" t="33" w="351" /><ent r="65" t="33" w="362" /><ent r="3" t="33" w="368" /><ent r="3" t="33" w="469" /><ent r="3" t="33" w="566" /><ent r="3" t="35" w="35" /><ent r="64" t="35" w="46" /><ent r="3" t="36" w="1455" /><ent r="3" t="36" w="1590" /><ent r="4" t="36" w="2278" /><ent r="3" t="36" w="4559" /><ent r="3" t="36" w="4595" /><ent r="5" t="37" w="169" /><ent r="3" t="38" w="305" /><ent r="3" t="38" w="331" /><ent r="3" t="38" w="367" /><ent r="3" t="38" w="386" /><ent r="3" t="38" w="405" /><ent r="3" t="38" w="419" /><ent r="3" t="39" w="51" /><ent r="3" t="39" w="57" /><ent r="65" t="39" w="169" /><ent r="4" t="39" w="243" /><ent r="4" t="39" w="267" /><ent r="3" t="39" w="278" /><ent r="3" t="39" w="299" /><ent r="3" t="39" w="319" /><ent r="3" t="39" w="328" /><ent r="3" t="39" w="386" /><ent r="4" t="39" w="716" /><ent r="4" t="39" w="743" /><ent r="4" t="39" w="783" /><ent r="4" t="39" w="795" /><ent r="3" t="39" w="833" /><ent r="4" t="39" w="954" /><ent r="4" t="39" w="975" /><ent r="3" t="42" w="24" /><ent r="3" t="43" w="24" /><ent r="64" t="43" w="80" /><ent r="3" t="45" w="436" /><ent r="3" t="46" w="15" /><ent r="3" t="46" w="117" /><ent r="4" t="46" w="319" /><ent r="4" t="46" w="351" /><ent r="4" t="46" w="461" /><ent r="3" t="46" w="673" /><ent r="3" t="47" w="132" /><ent r="4" t="48" w="388" /><ent r="3" t="48" w="684" /><ent r="3" t="49" w="17" /><ent r="4" t="49" w="265" /><ent r="3" t="50" w="74" /><ent r="4" t="50" w="93" /><ent r="4" t="50" w="102" /><ent r="3" t="52" w="35" /><ent r="3" t="53" w="434" /><ent r="3" t="54" w="707" /><ent r="4" t="54" w="782" /><ent r="3" t="54" w="1276" /><ent r="3" t="55" w="359" /><ent r="3" t="56" w="178" /><ent r="3" t="58" w="382" /><ent r="3" t="59" w="176" /><ent r="4" t="60" w="432" /><ent r="3" t="60" w="843" /><ent r="3" t="64" w="70" /><ent r="3" t="64" w="130" /><ent r="3" t="65" w="60" /><ent r="4" t="65" w="164" /><ent r="3" t="65" w="219" /><ent r="3" t="65" w="270" /><ent r="6" t="67" w="111" /><ent r="7" t="67" w="449" /><ent r="7" t="67" w="483" /><ent r="6" t="67" w="818" /><ent r="3" t="68" w="24" /><ent r="3" t="68" w="138" /><ent r="3" t="68" w="170" /><ent r="3" t="69" w="204" /><ent r="6" t="69" w="385" /><ent r="6" t="69" w="678" /><ent r="6" t="69" w="709" /><ent r="6" t="69" w="743" /><ent r="6" t="69" w="874" /><ent r="6" t="69" w="958" /><ent r="6" t="69" w="1321" /><ent r="3" t="69" w="1619" /><ent r="6" t="69" w="2189" /><ent r="6" t="69" w="2269" /><ent r="3" t="70" w="266" /><ent r="3" t="70" w="274" /><ent r="3" t="71" w="31" /><ent r="3" t="73" w="95" /><ent r="4" t="77" w="98" /><ent r="3" t="77" w="177" /><ent r="3" t="77" w="189" /></phr></stem><stem n="intermapper'"><phr n="InterMapper's"><ent r="64" t="0" w="119" /><ent r="64" t="0" w="118" /><ent r="3" t="0" w="151" /><ent r="3" t="0" w="150" /><ent r="3" t="0" w="195" /><ent r="3" t="0" w="194" /><ent r="3" t="3" w="67" /><ent r="3" t="3" w="66" /><ent r="3" t="3" w="105" /><ent r="3" t="3" w="104" /><ent r="3" t="3" w="185" /><ent r="3" t="3" w="184" /><ent r="3" t="3" w="328" /><ent r="3" t="3" w="327" /><ent r="64" t="4" w="160" /><ent r="64" t="4" w="159" /><ent r="64" t="4" w="225" /><ent r="64" t="4" w="224" /><ent r="4" t="4" w="521" /><ent r="4" t="4" w="520" /><ent r="65" t="4" w="581" /><ent r="65" t="4" w="580" /><ent r="64" t="6" w="72" /><ent r="64" t="6" w="71" /><ent r="64" t="10" w="99" /><ent r="64" t="10" w="98" /><ent r="64" t="10" w="209" /><ent r="64" t="10" w="208" /><ent r="3" t="11" w="36" /><ent r="3" t="11" w="35" /><ent r="3" t="14" w="403" /><ent r="3" t="14" w="402" /><ent r="3" t="15" w="63" /><ent r="3" t="15" w="62" /><ent r="65" t="15" w="327" /><ent r="65" t="15" w="326" /><ent r="4" t="16" w="1143" /><ent r="4" t="16" w="1142" /><ent r="3" t="18" w="1020" /><ent r="3" t="18" w="1019" /><ent r="64" t="19" w="110" /><ent r="64" t="19" w="109" /><ent r="3" t="20" w="71" /><ent r="3" t="20" w="70" /><ent r="3" t="20" w="317" /><ent r="3" t="20" w="316" /><ent r="3" t="21" w="888" /><ent r="3" t="21" w="887" /><ent r="3" t="23" w="79" /><ent r="3" t="23" w="78" /><ent r="3" t="25" w="794" /><ent r="3" t="25" w="793" /><ent r="65" t="33" w="233" /><ent r="65" t="33" w="232" /><ent r="65" t="33" w="362" /><ent r="65" t="33" w="361" /><ent r="3" t="33" w="368" /><ent r="3" t="33" w="367" /><ent r="64" t="35" w="46" /><ent r="64" t="35" w="45" /><ent r="4" t="36" w="2278" /><ent r="4" t="36" w="2277" /><ent r="65" t="39" w="169" /><ent r="65" t="39" w="168" /><ent r="3" t="39" w="386" /><ent r="3" t="39" w="385" /><ent r="64" t="43" w="80" /><ent r="64" t="43" w="79" /><ent r="3" t="45" w="436" /><ent r="3" t="45" w="435" /><ent r="3" t="46" w="15" /><ent r="3" t="46" w="14" /><ent r="3" t="49" w="17" /><ent r="3" t="49" w="16" /><ent r="3" t="54" w="1276" /><ent r="3" t="54" w="1275" /><ent r="3" t="64" w="70" /><ent r="3" t="64" w="69" /><ent r="7" t="67" w="449" /><ent r="7" t="67" w="448" /><ent r="7" t="67" w="483" /><ent r="7" t="67" w="482" /><ent r="6" t="69" w="678" /><ent r="6" t="69" w="677" /><ent r="3" t="69" w="1619" /><ent r="3" t="69" w="1618" /></phr></stem><stem n="s"><phr n="s"><ent r="64" t="0" w="119" /><ent r="3" t="0" w="151" /><ent r="3" t="0" w="195" /><ent r="3" t="1" w="528" /><ent r="3" t="3" w="51" /><ent r="3" t="3" w="55" /><ent r="3" t="3" w="67" /><ent r="3" t="3" w="105" /><ent r="3" t="3" w="185" /><ent r="4" t="3" w="248" /><ent r="4" t="3" w="257" /><ent r="4" t="3" w="265" /><ent r="3" t="3" w="328" /><ent r="4" t="3" w="366" /><ent r="4" t="3" w="407" /><ent r="4" t="3" w="456" /><ent r="4" t="3" w="510" /><ent r="4" t="3" w="538" /><ent r="3" t="3" w="543" /><ent r="64" t="4" w="160" /><ent r="3" t="4" w="177" /><ent r="3" t="4" w="208" /><ent r="64" t="4" w="225" /><ent r="4" t="4" w="312" /><ent r="4" t="4" w="488" /><ent r="4" t="4" w="514" /><ent r="4" t="4" w="521" /><ent r="4" t="4" w="564" /><ent r="65" t="4" w="581" /><ent r="4" t="4" w="686" /><ent r="6" t="5" w="242" /><ent r="6" t="5" w="331" /><ent r="6" t="5" w="364" /><ent r="6" t="5" w="373" /><ent r="5" t="5" w="404" /><ent r="6" t="5" w="636" /><ent r="6" t="5" w="658" /><ent r="6" t="5" w="672" /><ent r="4" t="5" w="1284" /><ent r="3" t="5" w="1363" /><ent r="3" t="5" w="1375" /><ent r="64" t="6" w="72" /><ent r="3" t="7" w="488" /><ent r="64" t="10" w="99" /><ent r="3" t="10" w="154" /><ent r="3" t="10" w="168" /><ent r="3" t="10" w="180" /><ent r="64" t="10" w="209" /><ent r="3" t="10" w="325" /><ent r="3" t="10" w="383" /><ent r="3" t="11" w="22" /><ent r="3" t="11" w="36" /><ent r="5" t="13" w="167" /><ent r="5" t="13" w="312" /><ent r="5" t="13" w="424" /><ent r="5" t="13" w="638" /><ent r="5" t="13" w="726" /><ent r="5" t="13" w="785" /><ent r="5" t="13" w="884" /><ent r="5" t="13" w="894" /><ent r="5" t="13" w="1288" /><ent r="5" t="13" w="1390" /><ent r="5" t="13" w="1408" /><ent r="5" t="13" w="1430" /><ent r="3" t="14" w="403" /><ent r="3" t="14" w="622" /><ent r="3" t="14" w="659" /><ent r="3" t="14" w="926" /><ent r="3" t="14" w="948" /><ent r="3" t="14" w="1001" /><ent r="3" t="14" w="1033" /><ent r="3" t="14" w="1316" /><ent r="3" t="14" w="1319" /><ent r="3" t="15" w="63" /><ent r="3" t="15" w="112" /><ent r="4" t="15" w="147" /><ent r="65" t="15" w="327" /><ent r="4" t="15" w="443" /><ent r="3" t="15" w="675" /><ent r="6" t="16" w="535" /><ent r="4" t="16" w="790" /><ent r="4" t="16" w="1143" /><ent r="4" t="16" w="1237" /><ent r="4" t="16" w="1384" /><ent r="3" t="16" w="1631" /><ent r="3" t="17" w="274" /><ent r="3" t="17" w="318" /><ent r="4" t="18" w="222" /><ent r="3" t="18" w="286" /><ent r="3" t="18" w="328" /><ent r="3" t="18" w="347" /><ent r="4" t="18" w="768" /><ent r="3" t="18" w="935" /><ent r="3" t="18" w="960" /><ent r="3" t="18" w="1020" /><ent r="3" t="18" w="1261" /><ent r="3" t="18" w="1280" /><ent r="3" t="18" w="1450" /><ent r="3" t="18" w="1498" /><ent r="3" t="19" w="55" /><ent r="3" t="19" w="69" /><ent r="3" t="19" w="81" /><ent r="64" t="19" w="110" /><ent r="3" t="19" w="429" /><ent r="3" t="20" w="71" /><ent r="5" t="20" w="195" /><ent r="5" t="20" w="207" /><ent r="3" t="20" w="293" /><ent r="3" t="20" w="317" /><ent r="3" t="20" w="338" /><ent r="3" t="20" w="350" /><ent r="3" t="20" w="502" /><ent r="3" t="20" w="674" /><ent r="4" t="21" w="327" /><ent r="4" t="21" w="361" /><ent r="4" t="21" w="392" /><ent r="4" t="21" w="411" /><ent r="3" t="21" w="482" /><ent r="3" t="21" w="566" /><ent r="4" t="21" w="664" /><ent r="4" t="21" w="744" /><ent r="4" t="21" w="763" /><ent r="4" t="21" w="782" /><ent r="3" t="21" w="888" /><ent r="3" t="21" w="893" /><ent r="3" t="23" w="79" /><ent r="4" t="23" w="1246" /><ent r="3" t="23" w="1324" /><ent r="3" t="23" w="1374" /><ent r="3" t="23" w="1404" /><ent r="3" t="23" w="1455" /><ent r="4" t="23" w="2472" /><ent r="7" t="23" w="2562" /><ent r="6" t="23" w="2948" /><ent r="3" t="25" w="23" /><ent r="92" t="25" w="60" /><ent r="3" t="25" w="64" /><ent r="3" t="25" w="143" /><ent r="3" t="25" w="152" /><ent r="3" t="25" w="161" /><ent r="92" t="25" w="200" /><ent r="3" t="25" w="235" /><ent r="4" t="25" w="249" /><ent r="3" t="25" w="416" /><ent r="82" t="25" w="525" /><ent r="4" t="25" w="529" /><ent r="3" t="25" w="635" /><ent r="3" t="25" w="739" /><ent r="3" t="25" w="782" /><ent r="3" t="25" w="794" /><ent r="3" t="25" w="856" /><ent r="3" t="25" w="964" /><ent r="3" t="25" w="1046" /><ent r="3" t="26" w="80" /><ent r="3" t="26" w="160" /><ent r="3" t="26" w="226" /><ent r="3" t="26" w="411" /><ent r="3" t="27" w="53" /><ent r="3" t="27" w="65" /><ent r="3" t="27" w="254" /><ent r="4" t="28" w="105" /><ent r="4" t="28" w="136" /><ent r="3" t="28" w="198" /><ent r="4" t="28" w="446" /><ent r="4" t="28" w="462" /><ent r="4" t="28" w="478" /><ent r="3" t="28" w="630" /><ent r="3" t="28" w="862" /><ent r="3" t="29" w="25" /><ent r="3" t="29" w="46" /><ent r="4" t="30" w="231" /><ent r="4" t="30" w="299" /><ent r="3" t="31" w="212" /><ent r="3" t="31" w="253" /><ent r="3" t="31" w="465" /><ent r="3" t="31" w="482" /><ent r="3" t="31" w="495" /><ent r="3" t="31" w="509" /><ent r="3" t="31" w="524" /><ent r="3" t="31" w="540" /><ent r="3" t="31" w="626" /><ent r="3" t="31" w="643" /><ent r="3" t="31" w="656" /><ent r="3" t="31" w="670" /><ent r="3" t="31" w="685" /><ent r="3" t="31" w="701" /><ent r="3" t="31" w="749" /><ent r="3" t="31" w="766" /><ent r="3" t="31" w="779" /><ent r="3" t="31" w="793" /><ent r="3" t="31" w="808" /><ent r="3" t="31" w="824" /><ent r="3" t="31" w="859" /><ent r="3" t="31" w="876" /><ent r="3" t="31" w="889" /><ent r="3" t="31" w="903" /><ent r="3" t="31" w="918" /><ent r="3" t="31" w="934" /><ent r="3" t="31" w="949" /><ent r="3" t="31" w="962" /><ent r="3" t="31" w="975" /><ent r="3" t="31" w="988" /><ent r="3" t="31" w="1001" /><ent r="3" t="31" w="1014" /><ent r="3" t="31" w="1041" /><ent r="3" t="31" w="1058" /><ent r="3" t="31" w="1071" /><ent r="3" t="31" w="1085" /><ent r="3" t="31" w="1100" /><ent r="3" t="31" w="1116" /><ent r="3" t="32" w="320" /><ent r="3" t="32" w="345" /><ent r="3" t="33" w="45" /><ent r="65" t="33" w="233" /><ent r="4" t="33" w="351" /><ent r="65" t="33" w="362" /><ent r="3" t="33" w="368" /><ent r="3" t="33" w="469" /><ent r="3" t="33" w="566" /><ent r="3" t="35" w="35" /><ent r="64" t="35" w="46" /><ent r="3" t="36" w="1455" /><ent r="3" t="36" w="1590" /><ent r="4" t="36" w="2278" /><ent r="3" t="36" w="4559" /><ent r="3" t="36" w="4595" /><ent r="5" t="37" w="169" /><ent r="3" t="38" w="305" /><ent r="3" t="38" w="331" /><ent r="3" t="38" w="367" /><ent r="3" t="38" w="386" /><ent r="3" t="38" w="405" /><ent r="3" t="38" w="419" /><ent r="3" t="39" w="51" /><ent r="3" t="39" w="57" /><ent r="65" t="39" w="169" /><ent r="4" t="39" w="243" /><ent r="4" t="39" w="267" /><ent r="3" t="39" w="278" /><ent r="3" t="39" w="299" /><ent r="3" t="39" w="319" /><ent r="3" t="39" w="328" /><ent r="3" t="39" w="386" /><ent r="4" t="39" w="716" /><ent r="4" t="39" w="743" /><ent r="4" t="39" w="783" /><ent r="4" t="39" w="795" /><ent r="3" t="39" w="833" /><ent r="4" t="39" w="954" /><ent r="4" t="39" w="975" /><ent r="3" t="42" w="24" /><ent r="3" t="42" w="627" /><ent r="3" t="42" w="636" /><ent r="3" t="42" w="640" /><ent r="3" t="43" w="24" /><ent r="64" t="43" w="80" /><ent r="3" t="45" w="436" /><ent r="3" t="45" w="449" /><ent r="3" t="45" w="486" /><ent r="3" t="46" w="15" /><ent r="3" t="46" w="117" /><ent r="4" t="46" w="319" /><ent r="4" t="46" w="351" /><ent r="4" t="46" w="461" /><ent r="3" t="46" w="673" /><ent r="3" t="47" w="132" /><ent r="3" t="48" w="149" /><ent r="4" t="48" w="388" /><ent r="3" t="48" w="684" /><ent r="3" t="48" w="796" /><ent r="3" t="48" w="874" /><ent r="3" t="48" w="877" /><ent r="3" t="48" w="924" /><ent r="3" t="48" w="926" /><ent r="3" t="48" w="927" /><ent r="3" t="49" w="17" /><ent r="4" t="49" w="265" /><ent r="3" t="50" w="74" /><ent r="4" t="50" w="93" /><ent r="4" t="50" w="102" /><ent r="3" t="52" w="35" /><ent r="3" t="53" w="434" /><ent r="3" t="54" w="707" /><ent r="4" t="54" w="782" /><ent r="3" t="54" w="1276" /><ent r="3" t="55" w="137" /><ent r="3" t="55" w="359" /><ent r="3" t="56" w="178" /><ent r="3" t="58" w="382" /><ent r="3" t="59" w="176" /><ent r="3" t="59" w="217" /><ent r="3" t="59" w="219" /><ent r="3" t="59" w="223" /><ent r="4" t="60" w="432" /><ent r="3" t="60" w="515" /><ent r="3" t="60" w="563" /><ent r="3" t="60" w="588" /><ent r="3" t="60" w="677" /><ent r="3" t="60" w="712" /><ent r="3" t="60" w="717" /><ent r="3" t="60" w="765" /><ent r="3" t="60" w="770" /><ent r="3" t="60" w="843" /><ent r="3" t="60" w="856" /><ent r="3" t="64" w="70" /><ent r="3" t="64" w="130" /><ent r="3" t="65" w="60" /><ent r="4" t="65" w="164" /><ent r="3" t="65" w="219" /><ent r="3" t="65" w="270" /><ent r="6" t="67" w="111" /><ent r="7" t="67" w="449" /><ent r="7" t="67" w="483" /><ent r="6" t="67" w="818" /><ent r="3" t="68" w="24" /><ent r="3" t="68" w="138" /><ent r="3" t="68" w="170" /><ent r="3" t="69" w="204" /><ent r="6" t="69" w="385" /><ent r="6" t="69" w="678" /><ent r="6" t="69" w="709" /><ent r="6" t="69" w="743" /><ent r="6" t="69" w="874" /><ent r="6" t="69" w="958" /><ent r="6" t="69" w="1321" /><ent r="3" t="69" w="1619" /><ent r="6" t="69" w="2189" /><ent r="6" t="69" w="2269" /><ent r="3" t="70" w="266" /><ent r="3" t="70" w="274" /><ent r="3" t="71" w="31" /><ent r="3" t="73" w="95" /><ent r="4" t="77" w="98" /><ent r="3" t="77" w="177" /><ent r="3" t="77" w="189" /></phr><phr n="S"><ent r="4" t="23" w="1750" /><ent r="7" t="23" w="2571" /><ent r="6" t="36" w="669" /><ent r="5" t="36" w="3007" /><ent r="5" t="36" w="3088" /></phr></stem></index>