<?xml version="1.0" encoding="utf-8"?><index><stem n="5926500"><phr n="5926500"><ent r="3" t="13" w="1725" /></phr></stem><stem n="10000"><phr n="10000"><ent r="3" t="13" w="1731" /><ent r="3" t="55" w="553" /><ent r="3" t="55" w="572" /></phr></stem><stem n="*10000}:"><phr n="*10000}:"><ent r="3" t="13" w="1732" /></phr></stem><stem n="31415"><phr n="31415"><ent r="3" t="13" w="1733" /></phr></stem><stem n=".9265000"><phr n=".9265000"><ent r="3" t="13" w="1734" /></phr></stem><stem n="31415.9265000"><phr n="31415.9265000"><ent r="3" t="13" w="1734" /><ent r="3" t="13" w="1733" /></phr></stem><stem n="9265000"><phr n="9265000"><ent r="3" t="13" w="1734" /></phr></stem><stem n="(no"><phr n="(no"><ent r="3" t="13" w="1735" /><ent r="3" t="25" w="101" /></phr><phr n="(No"><ent r="4" t="54" w="1213" /></phr></stem><stem n="{eval}"><phr n="{eval}"><ent r="82" t="13" w="1743" /><ent r="4" t="13" w="1750" /><ent r="3" t="13" w="1810" /><ent r="66" t="36" w="1800" /></phr></stem><stem n="{eval:[expr]}"><phr n="{eval:[expr]}"><ent r="3" t="13" w="1818" /></phr></stem><stem n="arithmet"><phr n="arithmetic"><ent r="3" t="13" w="1839" /><ent r="3" t="16" w="1477" /><ent r="4" t="23" w="92" /><ent r="3" t="36" w="1690" /></phr><phr n="Arithmetic"><ent r="3" t="13" w="1885" /><ent r="4" t="21" w="186" /></phr></stem><stem n="bitwis"><phr n="bitwise"><ent r="3" t="13" w="1854" /><ent r="100" t="23" w="201" /><ent r="4" t="23" w="210" /><ent r="3" t="36" w="1705" /></phr><phr n="Bitwise"><ent r="100" t="23" w="178" /><ent r="100" t="23" w="203" /><ent r="4" t="23" w="470" /><ent r="4" t="23" w="482" /><ent r="4" t="23" w="522" /></phr></stem><stem n="mathemat"><phr n="mathematical"><ent r="3" t="13" w="1857" /><ent r="4" t="23" w="216" /><ent r="3" t="36" w="1708" /></phr></stem><stem n="regular"><phr n="regular"><ent r="3" t="13" w="1870" /><ent r="3" t="18" w="73" /><ent r="4" t="18" w="1880" /><ent r="3" t="20" w="289" /><ent r="4" t="23" w="239" /><ent r="3" t="23" w="2719" /><ent r="6" t="23" w="2895" /><ent r="6" t="23" w="2902" /><ent r="3" t="23" w="3045" /><ent r="3" t="27" w="341" /><ent r="4" t="33" w="405" /><ent r="3" t="33" w="500" /><ent r="3" t="33" w="544" /><ent r="3" t="34" w="638" /><ent r="3" t="34" w="733" /><ent r="3" t="34" w="746" /><ent r="4" t="34" w="776" /><ent r="3" t="36" w="1718" /><ent r="3" t="36" w="1752" /><ent r="4" t="36" w="1964" /><ent r="3" t="36" w="2434" /><ent r="3" t="63" w="364" /></phr><phr n="Regular"><ent r="3" t="13" w="2003" /><ent r="65" t="23" w="284" /><ent r="4" t="23" w="864" /><ent r="65" t="23" w="874" /><ent r="92" t="23" w="2708" /><ent r="64" t="23" w="3063" /><ent r="92" t="33" w="476" /><ent r="64" t="33" w="598" /></phr></stem><stem n="{eval:${test}"><phr n="{eval:${test}"><ent r="3" t="13" w="1890" /></phr></stem><stem n=":="><phr n=":="><ent r="3" t="13" w="1890" /><ent r="3" t="13" w="1947" /><ent r="3" t="13" w="1949" /><ent r="3" t="14" w="1316" /><ent r="3" t="14" w="1318" /><ent r="4" t="23" w="323" /><ent r="3" t="33" w="659" /><ent r="6" t="33" w="771" /><ent r="6" t="33" w="801" /><ent r="65" t="36" w="761" /><ent r="82" t="36" w="1653" /><ent r="3" t="36" w="1727" /><ent r="3" t="36" w="1735" /><ent r="3" t="36" w="1745" /><ent r="3" t="36" w="1757" /><ent r="3" t="39" w="763" /><ent r="3" t="39" w="847" /><ent r="3" t="39" w="849" /><ent r="3" t="44" w="58" /><ent r="3" t="48" w="874" /><ent r="3" t="48" w="876" /><ent r="3" t="48" w="924" /><ent r="3" t="48" w="926" /></phr></stem><stem n="4-1"><phr n="4-1"><ent r="3" t="13" w="1890" /></phr></stem><stem n="2+1"><phr n="2+1"><ent r="3" t="13" w="1892" /></phr></stem><stem n="9/3"><phr n="9/3"><ent r="3" t="13" w="1894" /><ent r="3" t="13" w="1893" /></phr></stem><stem n="(4-1)*(2+1)/(9/3)}"><phr n="(4-1)*(2+1)/(9/3)}"><ent r="3" t="13" w="1895" /></phr></stem><stem n="{test}"><phr n="{test}"><ent r="3" t="13" w="1904" /><ent r="3" t="13" w="1919" /><ent r="3" t="13" w="1956" /></phr></stem><stem n="modulo"><phr n="Modulo"><ent r="3" t="13" w="1906" /><ent r="100" t="23" w="369" /><ent r="4" t="23" w="376" /></phr></stem><stem n="{eval:${test}%2}"><phr n="{eval:${test}%2}"><ent r="3" t="13" w="1912" /></phr></stem><stem n="ye"><phr n="yes"><ent r="3" t="13" w="1927" /></phr><phr n="Yes"><ent r="3" t="13" w="1928" /><ent r="3" t="13" w="1947" /><ent r="3" t="13" w="1952" /></phr></stem><stem n="{eval:${yes}:=&quot;yes&quot;}"><phr n="{eval:${yes}:=&quot;Yes&quot;}"><ent r="3" t="13" w="1929" /></phr></stem><stem n="{eval:${no}:=&quot;no&quot;}"><phr n="{eval:${no}:=&quot;No&quot;}"><ent r="3" t="13" w="1934" /></phr></stem><stem n="{eval:${test}:=5}"><phr n="{eval:${test}:=5}"><ent r="3" t="13" w="1941" /></phr></stem><stem n="{eval:"><phr n="{eval:"><ent r="3" t="13" w="1944" /><ent r="3" t="13" w="2007" /><ent r="4" t="16" w="1613" /></phr></stem><stem n="$test"><phr n="$test"><ent r="3" t="13" w="1944" /><ent r="3" t="36" w="1748" /></phr></stem><stem n="==5"><phr n="==5"><ent r="3" t="13" w="1945" /></phr></stem><stem n="($respons"><phr n="($response"><ent r="3" t="13" w="1946" /><ent r="3" t="13" w="1948" /></phr></stem><stem n="$respons"><phr n="$response"><ent r="3" t="13" w="1946" /><ent r="3" t="13" w="1948" /></phr></stem><stem n="&quot;yes&quot;)"><phr n="&quot;Yes&quot;)"><ent r="3" t="13" w="1948" /></phr></stem><stem n="&quot;no&quot;)"><phr n="&quot;No&quot;)"><ent r="3" t="13" w="1950" /></phr></stem><stem n="}"><phr n="}"><ent r="3" t="13" w="1950" /><ent r="3" t="14" w="683" /><ent r="3" t="14" w="695" /><ent r="3" t="14" w="1319" /><ent r="4" t="16" w="1606" /><ent r="4" t="16" w="1614" /><ent r="3" t="16" w="1681" /><ent r="3" t="18" w="1852" /><ent r="3" t="28" w="940" /><ent r="3" t="30" w="86" /><ent r="3" t="30" w="137" /><ent r="4" t="30" w="255" /><ent r="4" t="30" w="290" /><ent r="3" t="32" w="162" /><ent r="3" t="32" w="167" /><ent r="3" t="32" w="172" /><ent r="3" t="32" w="205" /><ent r="3" t="32" w="237" /><ent r="3" t="32" w="272" /><ent r="3" t="32" w="303" /><ent r="3" t="32" w="328" /><ent r="3" t="32" w="355" /><ent r="3" t="32" w="378" /><ent r="3" t="32" w="397" /><ent r="3" t="32" w="407" /><ent r="3" t="32" w="424" /><ent r="65" t="36" w="452" /><ent r="65" t="36" w="469" /><ent r="3" t="36" w="934" /><ent r="4" t="36" w="1001" /><ent r="3" t="36" w="1061" /><ent r="3" t="36" w="1061" /><ent r="3" t="36" w="1068" /><ent r="3" t="36" w="1137" /><ent r="3" t="36" w="4625" /><ent r="5" t="37" w="189" /><ent r="3" t="38" w="474" /><ent r="3" t="38" w="581" /><ent r="3" t="39" w="850" /><ent r="3" t="44" w="62" /><ent r="3" t="48" w="877" /><ent r="7" t="69" w="1076" /><ent r="7" t="69" w="2005" /><ent r="6" t="69" w="2066" /><ent r="6" t="69" w="2072" /><ent r="6" t="69" w="2078" /><ent r="7" t="69" w="2285" /><ent r="7" t="69" w="2343" /><ent r="7" t="69" w="2366" /><ent r="4" t="70" w="247" /></phr></stem><stem n="=&quot;yes&quot;,"><phr n="=&quot;Yes&quot;,"><ent r="3" t="13" w="1953" /></phr></stem><stem n="{response}"><phr n="{response}"><ent r="3" t="13" w="1965" /><ent r="3" t="13" w="1974" /></phr></stem><stem n="subid"><phr n="subid"><ent r="3" t="13" w="1975" /><ent r="3" t="13" w="1978" /><ent r="3" t="18" w="1260" /><ent r="3" t="18" w="1270" /><ent r="3" t="18" w="1279" /><ent r="3" t="18" w="1289" /><ent r="3" t="18" w="1440" /><ent r="3" t="18" w="1449" /><ent r="3" t="18" w="1480" /><ent r="3" t="18" w="1497" /><ent r="65" t="23" w="824" /><ent r="82" t="23" w="1940" /><ent r="3" t="23" w="1943" /><ent r="3" t="23" w="1988" /><ent r="3" t="23" w="2008" /><ent r="3" t="23" w="2030" /><ent r="3" t="23" w="2050" /><ent r="3" t="23" w="2072" /><ent r="3" t="23" w="2094" /><ent r="3" t="23" w="2114" /><ent r="3" t="23" w="2121" /><ent r="3" t="23" w="2129" /><ent r="3" t="23" w="2139" /><ent r="3" t="25" w="85" /><ent r="4" t="25" w="248" /><ent r="4" t="25" w="261" /></phr><phr n="subids"><ent r="3" t="18" w="1274" /><ent r="3" t="18" w="1294" /><ent r="3" t="25" w="112" /></phr></stem><stem n="():"><phr n="():"><ent r="3" t="13" w="1976" /></phr></stem><stem n="1.3"><phr n="1.3"><ent r="3" t="13" w="1980" /><ent r="3" t="13" w="1979" /><ent r="3" t="13" w="2078" /><ent r="3" t="13" w="2077" /><ent r="3" t="15" w="630" /><ent r="3" t="15" w="629" /><ent r="3" t="15" w="645" /><ent r="3" t="15" w="644" /><ent r="3" t="15" w="662" /><ent r="3" t="15" w="661" /><ent r="3" t="15" w="679" /><ent r="3" t="15" w="678" /><ent r="3" t="16" w="912" /><ent r="3" t="16" w="911" /><ent r="3" t="16" w="927" /><ent r="3" t="16" w="926" /><ent r="4" t="16" w="984" /><ent r="4" t="16" w="983" /><ent r="4" t="16" w="1026" /><ent r="4" t="16" w="1025" /><ent r="4" t="16" w="1068" /><ent r="4" t="16" w="1067" /><ent r="4" t="16" w="1099" /><ent r="4" t="16" w="1098" /><ent r="5" t="16" w="1397" /><ent r="5" t="16" w="1396" /><ent r="3" t="16" w="1657" /><ent r="3" t="16" w="1656" /><ent r="3" t="18" w="488" /><ent r="3" t="18" w="487" /><ent r="3" t="18" w="514" /><ent r="3" t="18" w="513" /><ent r="3" t="18" w="583" /><ent r="3" t="18" w="582" /><ent r="3" t="18" w="605" /><ent r="3" t="18" w="604" /><ent r="3" t="18" w="626" /><ent r="3" t="18" w="625" /><ent r="3" t="18" w="648" /><ent r="3" t="18" w="647" /><ent r="4" t="18" w="1426" /><ent r="4" t="18" w="1425" /><ent r="3" t="21" w="1175" /><ent r="3" t="21" w="1174" /><ent r="3" t="21" w="1184" /><ent r="3" t="21" w="1183" /><ent r="3" t="21" w="1319" /><ent r="3" t="21" w="1318" /><ent r="3" t="21" w="1336" /><ent r="3" t="21" w="1335" /><ent r="3" t="21" w="1353" /><ent r="3" t="21" w="1352" /><ent r="3" t="23" w="1990" /><ent r="3" t="23" w="1989" /><ent r="3" t="23" w="2007" /><ent r="3" t="23" w="2006" /><ent r="3" t="23" w="2010" /><ent r="3" t="23" w="2009" /><ent r="3" t="23" w="2032" /><ent r="3" t="23" w="2031" /><ent r="3" t="23" w="2049" /><ent r="3" t="23" w="2048" /><ent r="3" t="23" w="2052" /><ent r="3" t="23" w="2051" /><ent r="3" t="23" w="2074" /><ent r="3" t="23" w="2073" /><ent r="3" t="23" w="2096" /><ent r="3" t="23" w="2095" /><ent r="3" t="23" w="2116" /><ent r="3" t="23" w="2115" /><ent r="3" t="23" w="2123" /><ent r="3" t="23" w="2122" /><ent r="3" t="23" w="2131" /><ent r="3" t="23" w="2130" /><ent r="3" t="23" w="2137" /><ent r="3" t="23" w="2136" /><ent r="3" t="23" w="2141" /><ent r="3" t="23" w="2140" /><ent r="3" t="23" w="2800" /><ent r="3" t="23" w="2799" /><ent r="4" t="23" w="2847" /><ent r="4" t="23" w="2846" /><ent r="3" t="25" w="94" /><ent r="3" t="25" w="93" /><ent r="3" t="25" w="105" /><ent r="3" t="25" w="104" /><ent r="3" t="25" w="115" /><ent r="3" t="25" w="114" /><ent r="3" t="25" w="122" /><ent r="3" t="25" w="121" /><ent r="3" t="25" w="192" /><ent r="3" t="25" w="191" /><ent r="3" t="25" w="975" /><ent r="3" t="25" w="974" /><ent r="3" t="28" w="555" /><ent r="3" t="28" w="554" /><ent r="3" t="28" w="589" /><ent r="3" t="28" w="588" /><ent r="3" t="30" w="76" /><ent r="3" t="30" w="75" /><ent r="3" t="30" w="109" /><ent r="3" t="30" w="108" /><ent r="3" t="30" w="118" /><ent r="3" t="30" w="117" /><ent r="3" t="30" w="128" /><ent r="3" t="30" w="127" /><ent r="4" t="30" w="212" /><ent r="4" t="30" w="211" /><ent r="4" t="30" w="271" /><ent r="4" t="30" w="270" /><ent r="4" t="30" w="281" /><ent r="4" t="30" w="280" /><ent r="3" t="31" w="441" /><ent r="3" t="31" w="440" /><ent r="3" t="31" w="455" /><ent r="3" t="31" w="454" /><ent r="3" t="31" w="472" /><ent r="3" t="31" w="471" /><ent r="3" t="31" w="485" /><ent r="3" t="31" w="484" /><ent r="3" t="31" w="499" /><ent r="3" t="31" w="498" /><ent r="3" t="31" w="514" /><ent r="3" t="31" w="513" /><ent r="3" t="31" w="530" /><ent r="3" t="31" w="529" /><ent r="3" t="31" w="595" /><ent r="3" t="31" w="594" /><ent r="3" t="31" w="602" /><ent r="3" t="31" w="601" /><ent r="3" t="31" w="616" /><ent r="3" t="31" w="615" /><ent r="3" t="31" w="633" /><ent r="3" t="31" w="632" /><ent r="3" t="31" w="646" /><ent r="3" t="31" w="645" /><ent r="3" t="31" w="660" /><ent r="3" t="31" w="659" /><ent r="3" t="31" w="675" /><ent r="3" t="31" w="674" /><ent r="3" t="31" w="691" /><ent r="3" t="31" w="690" /><ent r="3" t="31" w="725" /><ent r="3" t="31" w="724" /><ent r="3" t="31" w="739" /><ent r="3" t="31" w="738" /><ent r="3" t="31" w="756" /><ent r="3" t="31" w="755" /><ent r="3" t="31" w="769" /><ent r="3" t="31" w="768" /><ent r="3" t="31" w="783" /><ent r="3" t="31" w="782" /><ent r="3" t="31" w="798" /><ent r="3" t="31" w="797" /><ent r="3" t="31" w="814" /><ent r="3" t="31" w="813" /><ent r="3" t="31" w="835" /><ent r="3" t="31" w="834" /><ent r="3" t="31" w="849" /><ent r="3" t="31" w="848" /><ent r="3" t="31" w="866" /><ent r="3" t="31" w="865" /><ent r="3" t="31" w="879" /><ent r="3" t="31" w="878" /><ent r="3" t="31" w="893" /><ent r="3" t="31" w="892" /><ent r="3" t="31" w="908" /><ent r="3" t="31" w="907" /><ent r="3" t="31" w="924" /><ent r="3" t="31" w="923" /><ent r="3" t="31" w="939" /><ent r="3" t="31" w="938" /><ent r="3" t="31" w="952" /><ent r="3" t="31" w="951" /><ent r="3" t="31" w="965" /><ent r="3" t="31" w="964" /><ent r="3" t="31" w="978" /><ent r="3" t="31" w="977" /><ent r="3" t="31" w="991" /><ent r="3" t="31" w="990" /><ent r="3" t="31" w="1004" /><ent r="3" t="31" w="1003" /><ent r="3" t="31" w="1024" /><ent r="3" t="31" w="1023" /><ent r="3" t="31" w="1031" /><ent r="3" t="31" w="1030" /><ent r="3" t="31" w="1048" /><ent r="3" t="31" w="1047" /><ent r="3" t="31" w="1061" /><ent r="3" t="31" w="1060" /><ent r="3" t="31" w="1075" /><ent r="3" t="31" w="1074" /><ent r="3" t="31" w="1090" /><ent r="3" t="31" w="1089" /><ent r="3" t="31" w="1106" /><ent r="3" t="31" w="1105" /><ent r="3" t="31" w="1178" /><ent r="3" t="31" w="1177" /><ent r="3" t="31" w="1192" /><ent r="3" t="31" w="1191" /><ent r="3" t="31" w="1206" /><ent r="3" t="31" w="1205" /><ent r="3" t="31" w="1223" /><ent r="3" t="31" w="1222" /><ent r="3" t="31" w="1238" /><ent r="3" t="31" w="1237" /><ent r="3" t="31" w="1254" /><ent r="3" t="31" w="1253" /><ent r="3" t="53" w="348" /><ent r="3" t="53" w="347" /><ent r="3" t="53" w="359" /><ent r="3" t="53" w="358" /><ent r="3" t="53" w="370" /><ent r="3" t="53" w="369" /><ent r="3" t="53" w="381" /><ent r="3" t="53" w="380" /><ent r="3" t="53" w="501" /><ent r="3" t="53" w="500" /><ent r="3" t="53" w="513" /><ent r="3" t="53" w="512" /><ent r="3" t="53" w="544" /><ent r="3" t="53" w="543" /><ent r="3" t="54" w="509" /><ent r="3" t="54" w="508" /><ent r="3" t="54" w="570" /><ent r="3" t="54" w="569" /><ent r="3" t="54" w="626" /><ent r="3" t="54" w="625" /><ent r="3" t="54" w="670" /><ent r="3" t="54" w="669" /><ent r="3" t="54" w="834" /><ent r="3" t="54" w="833" /><ent r="3" t="54" w="862" /><ent r="3" t="54" w="861" /><ent r="3" t="54" w="879" /><ent r="3" t="54" w="878" /><ent r="3" t="54" w="889" /><ent r="3" t="54" w="888" /><ent r="3" t="54" w="903" /><ent r="3" t="54" w="902" /><ent r="3" t="54" w="919" /><ent r="3" t="54" w="918" /><ent r="3" t="54" w="937" /><ent r="3" t="54" w="936" /><ent r="3" t="54" w="956" /><ent r="3" t="54" w="955" /><ent r="3" t="54" w="975" /><ent r="3" t="54" w="974" /><ent r="3" t="54" w="991" /><ent r="3" t="54" w="990" /><ent r="3" t="54" w="1007" /><ent r="3" t="54" w="1006" /><ent r="3" t="54" w="1019" /><ent r="3" t="54" w="1018" /><ent r="3" t="54" w="1033" /><ent r="3" t="54" w="1032" /><ent r="3" t="54" w="1052" /><ent r="3" t="54" w="1051" /><ent r="3" t="54" w="1070" /><ent r="3" t="54" w="1069" /><ent r="3" t="54" w="1086" /><ent r="3" t="54" w="1085" /><ent r="3" t="54" w="1104" /><ent r="3" t="54" w="1103" /><ent r="3" t="55" w="109" /><ent r="3" t="55" w="108" /><ent r="3" t="55" w="178" /><ent r="3" t="55" w="177" /><ent r="3" t="55" w="187" /><ent r="3" t="55" w="186" /><ent r="3" t="55" w="618" /><ent r="3" t="55" w="617" /><ent r="3" t="55" w="634" /><ent r="3" t="55" w="633" /><ent r="3" t="55" w="656" /><ent r="3" t="55" w="655" /><ent r="3" t="55" w="670" /><ent r="3" t="55" w="669" /><ent r="3" t="55" w="683" /><ent r="3" t="55" w="682" /></phr></stem><stem n="1.3.6"><phr n="1.3.6"><ent r="3" t="13" w="1981" /><ent r="3" t="13" w="1979" /><ent r="3" t="13" w="2079" /><ent r="3" t="13" w="2077" /><ent r="3" t="15" w="631" /><ent r="3" t="15" w="629" /><ent r="3" t="15" w="646" /><ent r="3" t="15" w="644" /><ent r="3" t="15" w="663" /><ent r="3" t="15" w="661" /><ent r="3" t="15" w="680" /><ent r="3" t="15" w="678" /><ent r="3" t="16" w="913" /><ent r="3" t="16" w="911" /><ent r="3" t="16" w="928" /><ent r="3" t="16" w="926" /><ent r="4" t="16" w="985" /><ent r="4" t="16" w="983" /><ent r="4" t="16" w="1027" /><ent r="4" t="16" w="1025" /><ent r="4" t="16" w="1069" /><ent r="4" t="16" w="1067" /><ent r="4" t="16" w="1100" /><ent r="4" t="16" w="1098" /><ent r="5" t="16" w="1398" /><ent r="5" t="16" w="1396" /><ent r="3" t="16" w="1658" /><ent r="3" t="16" w="1656" /><ent r="3" t="18" w="489" /><ent r="3" t="18" w="487" /><ent r="3" t="18" w="515" /><ent r="3" t="18" w="513" /><ent r="3" t="18" w="584" /><ent r="3" t="18" w="582" /><ent r="3" t="18" w="606" /><ent r="3" t="18" w="604" /><ent r="3" t="18" w="627" /><ent r="3" t="18" w="625" /><ent r="3" t="18" w="649" /><ent r="3" t="18" w="647" /><ent r="4" t="18" w="1427" /><ent r="4" t="18" w="1425" /><ent r="3" t="21" w="1176" /><ent r="3" t="21" w="1174" /><ent r="3" t="21" w="1185" /><ent r="3" t="21" w="1183" /><ent r="3" t="21" w="1320" /><ent r="3" t="21" w="1318" /><ent r="3" t="21" w="1337" /><ent r="3" t="21" w="1335" /><ent r="3" t="21" w="1354" /><ent r="3" t="21" w="1352" /><ent r="3" t="23" w="1991" /><ent r="3" t="23" w="1989" /><ent r="3" t="23" w="2011" /><ent r="3" t="23" w="2009" /><ent r="3" t="23" w="2033" /><ent r="3" t="23" w="2031" /><ent r="3" t="23" w="2053" /><ent r="3" t="23" w="2051" /><ent r="3" t="23" w="2075" /><ent r="3" t="23" w="2073" /><ent r="3" t="23" w="2097" /><ent r="3" t="23" w="2095" /><ent r="3" t="23" w="2117" /><ent r="3" t="23" w="2115" /><ent r="3" t="23" w="2124" /><ent r="3" t="23" w="2122" /><ent r="3" t="23" w="2132" /><ent r="3" t="23" w="2130" /><ent r="3" t="23" w="2138" /><ent r="3" t="23" w="2136" /><ent r="3" t="23" w="2142" /><ent r="3" t="23" w="2140" /><ent r="3" t="23" w="2801" /><ent r="3" t="23" w="2799" /><ent r="4" t="23" w="2848" /><ent r="4" t="23" w="2846" /><ent r="3" t="25" w="95" /><ent r="3" t="25" w="93" /><ent r="3" t="25" w="106" /><ent r="3" t="25" w="104" /><ent r="3" t="25" w="116" /><ent r="3" t="25" w="114" /><ent r="3" t="25" w="123" /><ent r="3" t="25" w="121" /><ent r="3" t="25" w="193" /><ent r="3" t="25" w="191" /><ent r="3" t="25" w="976" /><ent r="3" t="25" w="974" /><ent r="3" t="28" w="556" /><ent r="3" t="28" w="554" /><ent r="3" t="28" w="590" /><ent r="3" t="28" w="588" /><ent r="3" t="30" w="77" /><ent r="3" t="30" w="75" /><ent r="3" t="30" w="110" /><ent r="3" t="30" w="108" /><ent r="3" t="30" w="119" /><ent r="3" t="30" w="117" /><ent r="3" t="30" w="129" /><ent r="3" t="30" w="127" /><ent r="4" t="30" w="213" /><ent r="4" t="30" w="211" /><ent r="4" t="30" w="272" /><ent r="4" t="30" w="270" /><ent r="4" t="30" w="282" /><ent r="4" t="30" w="280" /><ent r="3" t="31" w="442" /><ent r="3" t="31" w="440" /><ent r="3" t="31" w="456" /><ent r="3" t="31" w="454" /><ent r="3" t="31" w="473" /><ent r="3" t="31" w="471" /><ent r="3" t="31" w="486" /><ent r="3" t="31" w="484" /><ent r="3" t="31" w="500" /><ent r="3" t="31" w="498" /><ent r="3" t="31" w="515" /><ent r="3" t="31" w="513" /><ent r="3" t="31" w="531" /><ent r="3" t="31" w="529" /><ent r="3" t="31" w="596" /><ent r="3" t="31" w="594" /><ent r="3" t="31" w="603" /><ent r="3" t="31" w="601" /><ent r="3" t="31" w="617" /><ent r="3" t="31" w="615" /><ent r="3" t="31" w="634" /><ent r="3" t="31" w="632" /><ent r="3" t="31" w="647" /><ent r="3" t="31" w="645" /><ent r="3" t="31" w="661" /><ent r="3" t="31" w="659" /><ent r="3" t="31" w="676" /><ent r="3" t="31" w="674" /><ent r="3" t="31" w="692" /><ent r="3" t="31" w="690" /><ent r="3" t="31" w="726" /><ent r="3" t="31" w="724" /><ent r="3" t="31" w="740" /><ent r="3" t="31" w="738" /><ent r="3" t="31" w="757" /><ent r="3" t="31" w="755" /><ent r="3" t="31" w="770" /><ent r="3" t="31" w="768" /><ent r="3" t="31" w="784" /><ent r="3" t="31" w="782" /><ent r="3" t="31" w="799" /><ent r="3" t="31" w="797" /><ent r="3" t="31" w="815" /><ent r="3" t="31" w="813" /><ent r="3" t="31" w="836" /><ent r="3" t="31" w="834" /><ent r="3" t="31" w="850" /><ent r="3" t="31" w="848" /><ent r="3" t="31" w="867" /><ent r="3" t="31" w="865" /><ent r="3" t="31" w="880" /><ent r="3" t="31" w="878" /><ent r="3" t="31" w="894" /><ent r="3" t="31" w="892" /><ent r="3" t="31" w="909" /><ent r="3" t="31" w="907" /><ent r="3" t="31" w="925" /><ent r="3" t="31" w="923" /><ent r="3" t="31" w="940" /><ent r="3" t="31" w="938" /><ent r="3" t="31" w="953" /><ent r="3" t="31" w="951" /><ent r="3" t="31" w="966" /><ent r="3" t="31" w="964" /><ent r="3" t="31" w="979" /><ent r="3" t="31" w="977" /><ent r="3" t="31" w="992" /><ent r="3" t="31" w="990" /><ent r="3" t="31" w="1005" /><ent r="3" t="31" w="1003" /><ent r="3" t="31" w="1025" /><ent r="3" t="31" w="1023" /><ent r="3" t="31" w="1032" /><ent r="3" t="31" w="1030" /><ent r="3" t="31" w="1049" /><ent r="3" t="31" w="1047" /><ent r="3" t="31" w="1062" /><ent r="3" t="31" w="1060" /><ent r="3" t="31" w="1076" /><ent r="3" t="31" w="1074" /><ent r="3" t="31" w="1091" /><ent r="3" t="31" w="1089" /><ent r="3" t="31" w="1107" /><ent r="3" t="31" w="1105" /><ent r="3" t="31" w="1179" /><ent r="3" t="31" w="1177" /><ent r="3" t="31" w="1193" /><ent r="3" t="31" w="1191" /><ent r="3" t="31" w="1207" /><ent r="3" t="31" w="1205" /><ent r="3" t="31" w="1224" /><ent r="3" t="31" w="1222" /><ent r="3" t="31" w="1239" /><ent r="3" t="31" w="1237" /><ent r="3" t="31" w="1255" /><ent r="3" t="31" w="1253" /><ent r="3" t="53" w="349" /><ent r="3" t="53" w="347" /><ent r="3" t="53" w="360" /><ent r="3" t="53" w="358" /><ent r="3" t="53" w="371" /><ent r="3" t="53" w="369" /><ent r="3" t="53" w="382" /><ent r="3" t="53" w="380" /><ent r="3" t="53" w="502" /><ent r="3" t="53" w="500" /><ent r="3" t="53" w="514" /><ent r="3" t="53" w="512" /><ent r="3" t="53" w="545" /><ent r="3" t="53" w="543" /><ent r="3" t="54" w="510" /><ent r="3" t="54" w="508" /><ent r="3" t="54" w="571" /><ent r="3" t="54" w="569" /><ent r="3" t="54" w="627" /><ent r="3" t="54" w="625" /><ent r="3" t="54" w="671" /><ent r="3" t="54" w="669" /><ent r="3" t="54" w="863" /><ent r="3" t="54" w="861" /><ent r="3" t="54" w="880" /><ent r="3" t="54" w="878" /><ent r="3" t="54" w="890" /><ent r="3" t="54" w="888" /><ent r="3" t="54" w="904" /><ent r="3" t="54" w="902" /><ent r="3" t="54" w="920" /><ent r="3" t="54" w="918" /><ent r="3" t="54" w="938" /><ent r="3" t="54" w="936" /><ent r="3" t="54" w="957" /><ent r="3" t="54" w="955" /><ent r="3" t="54" w="976" /><ent r="3" t="54" w="974" /><ent r="3" t="54" w="992" /><ent r="3" t="54" w="990" /><ent r="3" t="54" w="1008" /><ent r="3" t="54" w="1006" /><ent r="3" t="54" w="1020" /><ent r="3" t="54" w="1018" /><ent r="3" t="54" w="1034" /><ent r="3" t="54" w="1032" /><ent r="3" t="54" w="1053" /><ent r="3" t="54" w="1051" /><ent r="3" t="54" w="1071" /><ent r="3" t="54" w="1069" /><ent r="3" t="54" w="1087" /><ent r="3" t="54" w="1085" /><ent r="3" t="54" w="1105" /><ent r="3" t="54" w="1103" /><ent r="3" t="55" w="619" /><ent r="3" t="55" w="617" /><ent r="3" t="55" w="635" /><ent r="3" t="55" w="633" /><ent r="3" t="55" w="657" /><ent r="3" t="55" w="655" /><ent r="3" t="55" w="671" /><ent r="3" t="55" w="669" /><ent r="3" t="55" w="684" /><ent r="3" t="55" w="682" /></phr></stem><stem n="1.3.6.1"><phr n="1.3.6.1"><ent r="3" t="13" w="1982" /><ent r="3" t="13" w="1979" /><ent r="3" t="13" w="2080" /><ent r="3" t="13" w="2077" /><ent r="3" t="15" w="632" /><ent r="3" t="15" w="629" /><ent r="3" t="15" w="647" /><ent r="3" t="15" w="644" /><ent r="3" t="15" w="664" /><ent r="3" t="15" w="661" /><ent r="3" t="15" w="681" /><ent r="3" t="15" w="678" /><ent r="3" t="16" w="914" /><ent r="3" t="16" w="911" /><ent r="3" t="16" w="929" /><ent r="3" t="16" w="926" /><ent r="4" t="16" w="986" /><ent r="4" t="16" w="983" /><ent r="4" t="16" w="1028" /><ent r="4" t="16" w="1025" /><ent r="4" t="16" w="1070" /><ent r="4" t="16" w="1067" /><ent r="4" t="16" w="1101" /><ent r="4" t="16" w="1098" /><ent r="5" t="16" w="1399" /><ent r="5" t="16" w="1396" /><ent r="3" t="16" w="1659" /><ent r="3" t="16" w="1656" /><ent r="3" t="18" w="490" /><ent r="3" t="18" w="487" /><ent r="3" t="18" w="516" /><ent r="3" t="18" w="513" /><ent r="3" t="18" w="585" /><ent r="3" t="18" w="582" /><ent r="3" t="18" w="607" /><ent r="3" t="18" w="604" /><ent r="3" t="18" w="628" /><ent r="3" t="18" w="625" /><ent r="3" t="18" w="650" /><ent r="3" t="18" w="647" /><ent r="4" t="18" w="1428" /><ent r="4" t="18" w="1425" /><ent r="3" t="21" w="1177" /><ent r="3" t="21" w="1174" /><ent r="3" t="21" w="1186" /><ent r="3" t="21" w="1183" /><ent r="3" t="21" w="1321" /><ent r="3" t="21" w="1318" /><ent r="3" t="21" w="1338" /><ent r="3" t="21" w="1335" /><ent r="3" t="21" w="1355" /><ent r="3" t="21" w="1352" /><ent r="3" t="23" w="1992" /><ent r="3" t="23" w="1989" /><ent r="3" t="23" w="2012" /><ent r="3" t="23" w="2009" /><ent r="3" t="23" w="2034" /><ent r="3" t="23" w="2031" /><ent r="3" t="23" w="2054" /><ent r="3" t="23" w="2051" /><ent r="3" t="23" w="2076" /><ent r="3" t="23" w="2073" /><ent r="3" t="23" w="2098" /><ent r="3" t="23" w="2095" /><ent r="3" t="23" w="2802" /><ent r="3" t="23" w="2799" /><ent r="4" t="23" w="2849" /><ent r="4" t="23" w="2846" /><ent r="3" t="25" w="124" /><ent r="3" t="25" w="121" /><ent r="3" t="25" w="194" /><ent r="3" t="25" w="191" /><ent r="3" t="25" w="977" /><ent r="3" t="25" w="974" /><ent r="3" t="28" w="557" /><ent r="3" t="28" w="554" /><ent r="3" t="28" w="591" /><ent r="3" t="28" w="588" /><ent r="3" t="30" w="78" /><ent r="3" t="30" w="75" /><ent r="3" t="30" w="111" /><ent r="3" t="30" w="108" /><ent r="3" t="30" w="120" /><ent r="3" t="30" w="117" /><ent r="3" t="30" w="130" /><ent r="3" t="30" w="127" /><ent r="4" t="30" w="214" /><ent r="4" t="30" w="211" /><ent r="4" t="30" w="273" /><ent r="4" t="30" w="270" /><ent r="4" t="30" w="283" /><ent r="4" t="30" w="280" /><ent r="3" t="31" w="443" /><ent r="3" t="31" w="440" /><ent r="3" t="31" w="457" /><ent r="3" t="31" w="454" /><ent r="3" t="31" w="474" /><ent r="3" t="31" w="471" /><ent r="3" t="31" w="487" /><ent r="3" t="31" w="484" /><ent r="3" t="31" w="501" /><ent r="3" t="31" w="498" /><ent r="3" t="31" w="516" /><ent r="3" t="31" w="513" /><ent r="3" t="31" w="532" /><ent r="3" t="31" w="529" /><ent r="3" t="31" w="597" /><ent r="3" t="31" w="594" /><ent r="3" t="31" w="604" /><ent r="3" t="31" w="601" /><ent r="3" t="31" w="618" /><ent r="3" t="31" w="615" /><ent r="3" t="31" w="635" /><ent r="3" t="31" w="632" /><ent r="3" t="31" w="648" /><ent r="3" t="31" w="645" /><ent r="3" t="31" w="662" /><ent r="3" t="31" w="659" /><ent r="3" t="31" w="677" /><ent r="3" t="31" w="674" /><ent r="3" t="31" w="693" /><ent r="3" t="31" w="690" /><ent r="3" t="31" w="727" /><ent r="3" t="31" w="724" /><ent r="3" t="31" w="741" /><ent r="3" t="31" w="738" /><ent r="3" t="31" w="758" /><ent r="3" t="31" w="755" /><ent r="3" t="31" w="771" /><ent r="3" t="31" w="768" /><ent r="3" t="31" w="785" /><ent r="3" t="31" w="782" /><ent r="3" t="31" w="800" /><ent r="3" t="31" w="797" /><ent r="3" t="31" w="816" /><ent r="3" t="31" w="813" /><ent r="3" t="31" w="837" /><ent r="3" t="31" w="834" /><ent r="3" t="31" w="851" /><ent r="3" t="31" w="848" /><ent r="3" t="31" w="868" /><ent r="3" t="31" w="865" /><ent r="3" t="31" w="881" /><ent r="3" t="31" w="878" /><ent r="3" t="31" w="895" /><ent r="3" t="31" w="892" /><ent r="3" t="31" w="910" /><ent r="3" t="31" w="907" /><ent r="3" t="31" w="926" /><ent r="3" t="31" w="923" /><ent r="3" t="31" w="941" /><ent r="3" t="31" w="938" /><ent r="3" t="31" w="954" /><ent r="3" t="31" w="951" /><ent r="3" t="31" w="967" /><ent r="3" t="31" w="964" /><ent r="3" t="31" w="980" /><ent r="3" t="31" w="977" /><ent r="3" t="31" w="993" /><ent r="3" t="31" w="990" /><ent r="3" t="31" w="1006" /><ent r="3" t="31" w="1003" /><ent r="3" t="31" w="1026" /><ent r="3" t="31" w="1023" /><ent r="3" t="31" w="1033" /><ent r="3" t="31" w="1030" /><ent r="3" t="31" w="1050" /><ent r="3" t="31" w="1047" /><ent r="3" t="31" w="1063" /><ent r="3" t="31" w="1060" /><ent r="3" t="31" w="1077" /><ent r="3" t="31" w="1074" /><ent r="3" t="31" w="1092" /><ent r="3" t="31" w="1089" /><ent r="3" t="31" w="1108" /><ent r="3" t="31" w="1105" /><ent r="3" t="31" w="1180" /><ent r="3" t="31" w="1177" /><ent r="3" t="31" w="1194" /><ent r="3" t="31" w="1191" /><ent r="3" t="31" w="1208" /><ent r="3" t="31" w="1205" /><ent r="3" t="31" w="1225" /><ent r="3" t="31" w="1222" /><ent r="3" t="31" w="1240" /><ent r="3" t="31" w="1237" /><ent r="3" t="31" w="1256" /><ent r="3" t="31" w="1253" /><ent r="3" t="53" w="350" /><ent r="3" t="53" w="347" /><ent r="3" t="53" w="361" /><ent r="3" t="53" w="358" /><ent r="3" t="53" w="372" /><ent r="3" t="53" w="369" /><ent r="3" t="53" w="383" /><ent r="3" t="53" w="380" /><ent r="3" t="53" w="503" /><ent r="3" t="53" w="500" /><ent r="3" t="53" w="515" /><ent r="3" t="53" w="512" /><ent r="3" t="53" w="546" /><ent r="3" t="53" w="543" /><ent r="3" t="54" w="511" /><ent r="3" t="54" w="508" /><ent r="3" t="54" w="572" /><ent r="3" t="54" w="569" /><ent r="3" t="54" w="628" /><ent r="3" t="54" w="625" /><ent r="3" t="54" w="672" /><ent r="3" t="54" w="669" /><ent r="3" t="54" w="864" /><ent r="3" t="54" w="861" /><ent r="3" t="54" w="881" /><ent r="3" t="54" w="878" /><ent r="3" t="54" w="891" /><ent r="3" t="54" w="888" /><ent r="3" t="54" w="905" /><ent r="3" t="54" w="902" /><ent r="3" t="54" w="921" /><ent r="3" t="54" w="918" /><ent r="3" t="54" w="939" /><ent r="3" t="54" w="936" /><ent r="3" t="54" w="958" /><ent r="3" t="54" w="955" /><ent r="3" t="54" w="977" /><ent r="3" t="54" w="974" /><ent r="3" t="54" w="993" /><ent r="3" t="54" w="990" /><ent r="3" t="54" w="1009" /><ent r="3" t="54" w="1006" /><ent r="3" t="54" w="1021" /><ent r="3" t="54" w="1018" /><ent r="3" t="54" w="1035" /><ent r="3" t="54" w="1032" /><ent r="3" t="54" w="1054" /><ent r="3" t="54" w="1051" /><ent r="3" t="54" w="1072" /><ent r="3" t="54" w="1069" /><ent r="3" t="54" w="1088" /><ent r="3" t="54" w="1085" /><ent r="3" t="54" w="1106" /><ent r="3" t="54" w="1103" /><ent r="3" t="55" w="620" /><ent r="3" t="55" w="617" /><ent r="3" t="55" w="636" /><ent r="3" t="55" w="633" /><ent r="3" t="55" w="658" /><ent r="3" t="55" w="655" /><ent r="3" t="55" w="672" /><ent r="3" t="55" w="669" /><ent r="3" t="55" w="685" /><ent r="3" t="55" w="682" /></phr></stem></index>