<?xml version="1.0" encoding="utf-8"?><index><stem n="&quot;5.000000e-01&quot;"><phr n="&quot;5.000000e-01&quot;"><ent r="3" t="23" w="1561" /></phr></stem><stem n="5.sprintf"><phr n="5.sprintf"><ent r="3" t="23" w="1561" /><ent r="3" t="23" w="1558" /></phr></stem><stem n="&quot;%g&quot;,"><phr n="&quot;%g&quot;,"><ent r="3" t="23" w="1563" /></phr></stem><stem n="0.5"><phr n="0.5"><ent r="3" t="23" w="1568" /><ent r="3" t="23" w="1567" /></phr></stem><stem n="&quot;0.5&quot;"><phr n="&quot;0.5&quot;"><ent r="3" t="23" w="1569" /></phr></stem><stem n="%a"><phr n="%a"><ent r="3" t="23" w="1574" /></phr></stem><stem n="&quot;%a&quot;,"><phr n="&quot;%a&quot;,"><ent r="3" t="23" w="1585" /><ent r="3" t="23" w="1596" /></phr></stem><stem n="x01"><phr n="x01"><ent r="3" t="23" w="1585" /></phr></stem><stem n="x02"><phr n="x02"><ent r="3" t="23" w="1586" /></phr></stem><stem n="x03"><phr n="x03"><ent r="3" t="23" w="1587" /></phr></stem><stem n="&quot;\x01\x02\x03&quot;"><phr n="&quot;\x01\x02\x03&quot;"><ent r="3" t="23" w="1588" /></phr></stem><stem n="&quot;01:02:03&quot;"><phr n="&quot;01:02:03&quot;"><ent r="3" t="23" w="1594" /></phr></stem><stem n="74"><phr n="74"><ent r="3" t="23" w="1603" /></phr></stem><stem n="65"><phr n="65"><ent r="3" t="23" w="1607" /><ent r="3" t="36" w="3161" /><ent r="3" t="36" w="3554" /></phr></stem><stem n="&quot;44:61:72:74:77:61:72:65&quot;"><phr n="&quot;44:61:72:74:77:61:72:65&quot;"><ent r="3" t="23" w="1608" /></phr></stem><stem n="[,"><phr n="[,"><ent r="3" t="23" w="1614" /></phr></stem><stem n="abbrevi"><phr n="Abbreviated"><ent r="4" t="23" w="1671" /><ent r="4" t="23" w="1681" /></phr></stem><stem n="weekdai"><phr n="weekday"><ent r="4" t="23" w="1672" /><ent r="4" t="23" w="1677" /></phr><phr n="Weekday"><ent r="4" t="23" w="1774" /></phr></stem><stem n="month"><phr n="month"><ent r="4" t="23" w="1682" /><ent r="4" t="23" w="1687" /><ent r="4" t="23" w="1708" /></phr><phr n="Month"><ent r="4" t="23" w="1734" /></phr></stem><stem n="someth"><phr n="something"><ent r="4" t="23" w="1695" /><ent r="3" t="27" w="299" /><ent r="3" t="33" w="547" /><ent r="3" t="36" w="2339" /><ent r="3" t="36" w="4418" /><ent r="7" t="67" w="565" /></phr></stem><stem n="&quot;tue"><phr n="&quot;Tue"><ent r="4" t="23" w="1697" /><ent r="3" t="23" w="1859" /></phr></stem><stem n="tue"><phr n="Tue"><ent r="4" t="23" w="1697" /><ent r="3" t="23" w="1859" /></phr></stem><stem n="feb"><phr n="Feb"><ent r="4" t="23" w="1698" /><ent r="3" t="23" w="1860" /></phr></stem><stem n="06"><phr n="06"><ent r="4" t="23" w="1699" /><ent r="3" t="23" w="1877" /><ent r="3" t="30" w="64" /><ent r="3" t="30" w="97" /><ent r="4" t="30" w="165" /><ent r="3" t="36" w="3922" /></phr></stem><stem n="25"><phr n="25"><ent r="4" t="23" w="1701" /><ent r="3" t="31" w="54" /><ent r="3" t="46" w="634" /><ent r="3" t="46" w="657" /><ent r="3" t="48" w="703" /></phr></stem><stem n=":25:22"><phr n=":25:22"><ent r="4" t="23" w="1702" /></phr></stem><stem n="2007"><phr n="2007"><ent r="4" t="23" w="1703" /><ent r="4" t="23" w="1819" /><ent r="3" t="23" w="1865" /><ent r="3" t="23" w="1875" /><ent r="3" t="26" w="41" /><ent r="3" t="26" w="50" /><ent r="3" t="31" w="39" /><ent r="3" t="31" w="79" /><ent r="3" t="31" w="92" /><ent r="3" t="31" w="104" /><ent r="3" t="32" w="55" /><ent r="3" t="32" w="59" /><ent r="3" t="44" w="93" /><ent r="3" t="45" w="264" /><ent r="3" t="45" w="276" /></phr></stem><stem n="01-31"><phr n="01-31"><ent r="4" t="23" w="1709" /></phr></stem><stem n="31"><phr n="31"><ent r="4" t="23" w="1710" /><ent r="3" t="23" w="2684" /><ent r="3" t="45" w="252" /><ent r="3" t="54" w="575" /></phr></stem><stem n="(01-31)"><phr n="(01-31)"><ent r="4" t="23" w="1711" /></phr></stem><stem n="h"><phr n="H"><ent r="4" t="23" w="1712" /><ent r="7" t="23" w="2611" /><ent r="6" t="23" w="2628" /><ent r="3" t="23" w="2682" /><ent r="3" t="23" w="2687" /><ent r="3" t="39" w="1165" /><ent r="5" t="40" w="358" /><ent r="3" t="47" w="191" /></phr></stem><stem n="hour"><phr n="Hour"><ent r="4" t="23" w="1713" /><ent r="4" t="23" w="1719" /></phr><phr n="hours"><ent r="7" t="69" w="428" /><ent r="6" t="69" w="441" /></phr></stem><stem n="00-23"><phr n="00-23"><ent r="4" t="23" w="1715" /></phr></stem><stem n="(00-23)"><phr n="(00-23)"><ent r="4" t="23" w="1717" /></phr></stem><stem n="01-12"><phr n="01-12"><ent r="4" t="23" w="1721" /><ent r="4" t="23" w="1736" /></phr></stem><stem n="(01-12)"><phr n="(01-12)"><ent r="4" t="23" w="1723" /><ent r="4" t="23" w="1738" /></phr></stem><stem n="j"><phr n="j"><ent r="4" t="23" w="1724" /></phr></stem><stem n="year"><phr n="year"><ent r="4" t="23" w="1728" /><ent r="4" t="23" w="1760" /><ent r="4" t="23" w="1786" /><ent r="4" t="23" w="1808" /></phr><phr n="Year"><ent r="4" t="23" w="1814" /></phr></stem><stem n="001"><phr n="001"><ent r="4" t="23" w="1730" /><ent r="3" t="55" w="645" /><ent r="3" t="55" w="647" /></phr></stem><stem n="001-366"><phr n="001-366"><ent r="4" t="23" w="1730" /></phr></stem><stem n="366"><phr n="366"><ent r="4" t="23" w="1731" /></phr></stem><stem n="(001-366)"><phr n="(001-366)"><ent r="4" t="23" w="1732" /></phr></stem><stem n="00-59"><phr n="00-59"><ent r="4" t="23" w="1742" /></phr></stem><stem n="59"><phr n="59"><ent r="4" t="23" w="1743" /><ent r="3" t="53" w="490" /></phr></stem><stem n="(00-59)"><phr n="(00-59)"><ent r="4" t="23" w="1744" /></phr></stem><stem n="&quot;am&quot;"><phr n="&quot;AM&quot;"><ent r="4" t="23" w="1747" /></phr></stem><stem n="pm"><phr n="PM"><ent r="4" t="23" w="1748" /></phr></stem><stem n="&quot;pm&quot;"><phr n="&quot;PM&quot;"><ent r="4" t="23" w="1749" /></phr></stem><stem n="00-61"><phr n="00-61"><ent r="4" t="23" w="1753" /></phr></stem><stem n="(00-61)"><phr n="(00-61)"><ent r="4" t="23" w="1755" /></phr></stem><stem n="week"><phr n="Week"><ent r="4" t="23" w="1757" /><ent r="4" t="23" w="1783" /></phr><phr n="week"><ent r="4" t="23" w="1770" /><ent r="4" t="23" w="1796" /></phr></stem><stem n="00-53"><phr n="00-53"><ent r="4" t="23" w="1762" /><ent r="4" t="23" w="1788" /></phr></stem><stem n="53"><phr n="53"><ent r="4" t="23" w="1763" /><ent r="4" t="23" w="1789" /></phr></stem><stem n="(00-53)."><phr n="(00-53)."><ent r="4" t="23" w="1764" /><ent r="4" t="23" w="1790" /></phr></stem><stem n="sundai"><phr n="Sunday"><ent r="4" t="23" w="1765" /><ent r="4" t="23" w="1778" /></phr></stem><stem n="w"><phr n="w"><ent r="4" t="23" w="1773" /><ent r="5" t="40" w="361" /><ent r="3" t="46" w="628" /><ent r="3" t="47" w="194" /></phr><phr n="W"><ent r="4" t="23" w="1782" /></phr></stem><stem n="0-6"><phr n="0-6"><ent r="4" t="23" w="1776" /></phr></stem><stem n="(0-6)."><phr n="(0-6)."><ent r="4" t="23" w="1778" /></phr></stem><stem n="mondai"><phr n="Monday"><ent r="4" t="23" w="1791" /></phr></stem><stem n="-digit"><phr n="-digit"><ent r="4" t="23" w="1806" /><ent r="4" t="23" w="1806" /><ent r="3" t="33" w="1052" /><ent r="3" t="33" w="1052" /></phr></stem><stem n="two-digit"><phr n="Two-digit"><ent r="4" t="23" w="1806" /></phr></stem><stem n="00-99"><phr n="00-99"><ent r="4" t="23" w="1810" /></phr></stem><stem n="99"><phr n="99"><ent r="4" t="23" w="1811" /><ent r="3" t="30" w="124" /><ent r="3" t="30" w="134" /><ent r="4" t="30" w="277" /><ent r="4" t="30" w="287" /></phr></stem><stem n="(00-99)"><phr n="(00-99)"><ent r="4" t="23" w="1812" /></phr></stem><stem n="centuri"><phr n="century"><ent r="4" t="23" w="1816" /></phr></stem><stem n="z"><phr n="z"><ent r="4" t="23" w="1821" /></phr></stem><stem n="zone"><phr n="zone"><ent r="4" t="23" w="1823" /></phr></stem><stem n="underli"><phr n="underlying"><ent r="3" t="23" w="1842" /><ent r="3" t="23" w="1923" /></phr></stem><stem n="portabl"><phr n="portable"><ent r="3" t="23" w="1853" /></phr></stem><stem n="&quot;%c&quot;)"><phr n="&quot;%c&quot;)"><ent r="3" t="23" w="1857" /></phr></stem><stem n=":19:24"><phr n=":19:24"><ent r="3" t="23" w="1864" /></phr></stem><stem n="y-"><phr n="Y-"><ent r="3" t="23" w="1867" /></phr></stem><stem n="m-"><phr n="m-"><ent r="3" t="23" w="1869" /></phr></stem><stem n="&quot;%y-%m-%d&quot;,"><phr n="&quot;%Y-%m-%d&quot;,"><ent r="3" t="23" w="1872" /></phr></stem><stem n="1170778895"><phr n="1170778895"><ent r="3" t="23" w="1872" /></phr></stem><stem n="2007-02"><phr n="2007-02"><ent r="3" t="23" w="1875" /></phr></stem><stem n="2007-02-06"><phr n="2007-02-06"><ent r="3" t="23" w="1875" /></phr></stem><stem n="02-06"><phr n="02-06"><ent r="3" t="23" w="1876" /></phr></stem><stem n="&quot;2007-02-06&quot;"><phr n="&quot;2007-02-06&quot;"><ent r="3" t="23" w="1878" /></phr></stem><stem n="&quot;%y&quot;,"><phr n="&quot;%Y&quot;,"><ent r="3" t="23" w="1933" /></phr></stem><stem n="1990"><phr n="1990"><ent r="3" t="23" w="1934" /><ent r="3" t="23" w="1938" /></phr></stem><stem n="&quot;1990&quot;,"><phr n="&quot;1990&quot;,"><ent r="3" t="23" w="1935" /></phr></stem><stem n="&quot;%y&quot;))"><phr n="&quot;%Y&quot;))"><ent r="3" t="23" w="1936" /></phr></stem><stem n="&quot;1990&quot;"><phr n="&quot;1990&quot;"><ent r="3" t="23" w="1939" /></phr></stem><stem n="neg"><phr n="negative"><ent r="3" t="23" w="1973" /><ent r="4" t="23" w="2226" /><ent r="4" t="23" w="2276" /></phr><phr n="negatively"><ent r="3" t="36" w="1326" /></phr></stem><stem n="(&quot;1.3.6.1.2.1.4.20.1.1.10.10.2.20&quot;,"><phr n="(&quot;1.3.6.1.2.1.4.20.1.1.10.10.2.20&quot;,"><ent r="3" t="23" w="2003" /><ent r="3" t="23" w="2023" /></phr></stem><stem n="&quot;1.3&quot;"><phr n="&quot;1.3&quot;"><ent r="3" t="23" w="2008" /></phr></stem><stem n="&quot;10.10.2.20&quot;"><phr n="&quot;10.10.2.20&quot;"><ent r="3" t="23" w="2030" /></phr></stem><stem n="(\&quot;1.3.6.1.2.1.4.20.1.1.10.10.2.20\&quot;,"><phr n="(\&quot;1.3.6.1.2.1.4.20.1.1.10.10.2.20\&quot;,"><ent r="3" t="23" w="2045" /><ent r="3" t="23" w="2065" /><ent r="3" t="23" w="2087" /><ent r="3" t="23" w="2109" /></phr></stem><stem n="\&quot;1.3\&quot;"><phr n="\&quot;1.3\&quot;"><ent r="3" t="23" w="2050" /></phr></stem><stem n="\&quot;10.10.2.20\&quot;"><phr n="\&quot;10.10.2.20\&quot;"><ent r="3" t="23" w="2072" /></phr></stem><stem n="2.1"><phr n="2.1"><ent r="3" t="23" w="2091" /><ent r="3" t="23" w="2090" /><ent r="65" t="46" w="521" /><ent r="65" t="46" w="520" /><ent r="7" t="67" w="338" /><ent r="7" t="67" w="337" /></phr></stem><stem n="2.1.4"><phr n="2.1.4"><ent r="3" t="23" w="2092" /><ent r="3" t="23" w="2090" /></phr></stem><stem n="2.1.4.20"><phr n="2.1.4.20"><ent r="3" t="23" w="2093" /><ent r="3" t="23" w="2090" /></phr></stem><stem n="\&quot;2.1.4.20\&quot;"><phr n="\&quot;2.1.4.20\&quot;"><ent r="3" t="23" w="2094" /></phr></stem><stem n="-2,"><phr n="-2,"><ent r="3" t="23" w="2110" /><ent r="3" t="23" w="2110" /><ent r="3" t="23" w="2144" /><ent r="3" t="23" w="2144" /><ent r="3" t="23" w="2341" /><ent r="3" t="23" w="2341" /></phr></stem><stem n="2.20"><phr n="2.20"><ent r="3" t="23" w="2113" /><ent r="3" t="23" w="2112" /></phr></stem><stem n="\&quot;2.20\&quot;"><phr n="\&quot;2.20\&quot;"><ent r="3" t="23" w="2114" /></phr></stem><stem n="(\&quot;1.3.6\&quot;,"><phr n="(\&quot;1.3.6\&quot;,"><ent r="3" t="23" w="2118" /><ent r="3" t="23" w="2125" /><ent r="3" t="23" w="2133" /><ent r="3" t="23" w="2143" /></phr></stem><stem n="\&quot;\&quot;"><phr n="\&quot;\&quot;"><ent r="3" t="23" w="2121" /></phr></stem><stem n="\&quot;6\&quot;"><phr n="\&quot;6\&quot;"><ent r="3" t="23" w="2129" /></phr></stem><stem n="\&quot;1.3.6\&quot;"><phr n="\&quot;1.3.6\&quot;"><ent r="3" t="23" w="2139" /></phr></stem><stem n="3.6"><phr n="3.6"><ent r="3" t="23" w="2147" /><ent r="3" t="23" w="2146" /></phr></stem><stem n="\&quot;3.6\&quot;"><phr n="\&quot;3.6\&quot;"><ent r="3" t="23" w="2148" /></phr></stem><stem n=":integer):string;"><phr n=":INTEGER):STRING;"><ent r="3" t="23" w="2162" /><ent r="3" t="23" w="2181" /></phr></stem><stem n=":integer,"><phr n=":INTEGER,"><ent r="3" t="23" w="2176" /></phr></stem><stem n=":extract"><phr n=":Extract"><ent r="100" t="23" w="2186" /></phr></stem><stem n="extract"><phr n="Extract"><ent r="100" t="23" w="2186" /><ent r="100" t="23" w="2188" /><ent r="100" t="23" w="2190" /><ent r="3" t="23" w="2193" /></phr><phr n="extracted"><ent r="3" t="23" w="2207" /></phr><phr n="extract"><ent r="4" t="23" w="2249" /></phr></stem><stem n=":substr"><phr n=":substring"><ent r="100" t="23" w="2191" /></phr></stem><stem n="neither"><phr n="neither"><ent r="4" t="23" w="2293" /></phr></stem><stem n="0123456789"><phr n="0123456789"><ent r="3" t="23" w="2319" /><ent r="3" t="23" w="2325" /><ent r="3" t="23" w="2332" /><ent r="3" t="23" w="2339" /></phr></stem><stem n="&quot;0123456789&quot;,"><phr n="&quot;0123456789&quot;,"><ent r="3" t="23" w="2320" /><ent r="3" t="23" w="2326" /><ent r="3" t="23" w="2333" /><ent r="3" t="23" w="2340" /></phr></stem><stem n="789"><phr n="789"><ent r="3" t="23" w="2322" /></phr></stem><stem n="&quot;789&quot;"><phr n="&quot;789&quot;"><ent r="3" t="23" w="2323" /></phr></stem><stem n="45"><phr n="45"><ent r="3" t="23" w="2329" /><ent r="3" t="34" w="904" /></phr></stem><stem n="&quot;45&quot;"><phr n="&quot;45&quot;"><ent r="3" t="23" w="2330" /></phr></stem><stem n="-2)"><phr n="-2)"><ent r="3" t="23" w="2335" /><ent r="3" t="23" w="2335" /></phr></stem><stem n="4567"><phr n="4567"><ent r="3" t="23" w="2336" /></phr></stem><stem n="&quot;4567&quot;"><phr n="&quot;4567&quot;"><ent r="3" t="23" w="2337" /></phr></stem><stem n="&quot;8&quot;"><phr n="&quot;8&quot;"><ent r="3" t="23" w="2344" /></phr></stem><stem n=":string):valu"><phr n=":STRING):VALUE"><ent r="3" t="23" w="2357" /></phr></stem><stem n="shorter"><phr n="shorter"><ent r="4" t="23" w="2398" /></phr></stem><stem n="(&quot;\1\2\3&quot;,"><phr n="(&quot;\1\2\3&quot;,"><ent r="5" t="23" w="2428" /></phr></stem><stem n="&gt;l"><phr n="&gt;L"><ent r="5" t="23" w="2428" /><ent r="5" t="23" w="2440" /><ent r="3" t="23" w="2653" /><ent r="3" t="23" w="2677" /></phr></stem><stem n="&quot;&gt;l&quot;)"><phr n="&quot;&gt;L&quot;)"><ent r="5" t="23" w="2429" /><ent r="5" t="23" w="2441" /><ent r="3" t="23" w="2654" /><ent r="3" t="23" w="2678" /></phr></stem><stem n="(&quot;\1\2\3\0&quot;,"><phr n="(&quot;\1\2\3\0&quot;,"><ent r="5" t="23" w="2440" /></phr></stem><stem n="longer"><phr n="longer"><ent r="4" t="23" w="2447" /><ent r="3" t="33" w="868" /><ent r="4" t="36" w="377" /><ent r="4" t="36" w="2293" /><ent r="3" t="36" w="2907" /></phr></stem><stem n="endian"><phr n="Endian"><ent r="100" t="23" w="2457" /></phr><phr n="endian"><ent r="4" t="23" w="2461" /><ent r="4" t="23" w="2476" /><ent r="4" t="23" w="2480" /><ent r="100" t="23" w="2595" /><ent r="6" t="23" w="2598" /><ent r="100" t="23" w="2605" /><ent r="6" t="23" w="2608" /></phr></stem><stem n="target"><phr n="target"><ent r="4" t="23" w="2470" /><ent r="3" t="55" w="304" /><ent r="3" t="55" w="316" /><ent r="4" t="64" w="99" /><ent r="3" t="64" w="108" /><ent r="4" t="64" w="219" /><ent r="4" t="64" w="255" /><ent r="3" t="64" w="265" /><ent r="3" t="65" w="26" /><ent r="4" t="65" w="32" /><ent r="3" t="65" w="46" /><ent r="3" t="65" w="63" /><ent r="3" t="65" w="452" /><ent r="3" t="65" w="521" /><ent r="4" t="66" w="184" /><ent r="4" t="66" w="197" /><ent r="4" t="66" w="204" /><ent r="6" t="67" w="72" /><ent r="6" t="67" w="166" /><ent r="6" t="67" w="281" /><ent r="6" t="67" w="299" /><ent r="6" t="67" w="680" /><ent r="7" t="67" w="755" /><ent r="7" t="67" w="760" /><ent r="7" t="67" w="766" /><ent r="6" t="67" w="797" /><ent r="3" t="68" w="70" /><ent r="3" t="68" w="92" /><ent r="3" t="69" w="124" /><ent r="3" t="70" w="11" /><ent r="3" t="70" w="236" /><ent r="3" t="70" w="323" /><ent r="3" t="70" w="368" /><ent r="3" t="70" w="387" /><ent r="3" t="71" w="29" /></phr><phr n="Target"><ent r="66" t="64" w="153" /><ent r="1000" t="65" w="1" /><ent r="102" t="65" w="4" /><ent r="100" t="65" w="191" /><ent r="92" t="65" w="195" /><ent r="100" t="65" w="436" /><ent r="92" t="65" w="445" /><ent r="100" t="65" w="506" /><ent r="92" t="65" w="511" /></phr><phr n="targets"><ent r="3" t="65" w="648" /><ent r="3" t="65" w="676" /><ent r="3" t="65" w="686" /></phr></stem><stem n="platform'"><phr n="platform's"><ent r="4" t="23" w="2472" /><ent r="4" t="23" w="2471" /></phr></stem><stem n="(littl"><phr n="(little"><ent r="4" t="23" w="2475" /></phr></stem><stem n="littl"><phr n="little"><ent r="4" t="23" w="2475" /><ent r="6" t="23" w="2607" /></phr><phr n="Little"><ent r="100" t="23" w="2604" /></phr></stem><stem n="#format"><phr n="#formats"><ent r="3" t="23" w="2498" /><ent r="3" t="23" w="2506" /><ent r="3" t="23" w="2514" /></phr></stem><stem n="td"><phr n="td"><ent r="3" t="23" w="2499" /><ent r="3" t="23" w="2507" /><ent r="3" t="23" w="2509" /><ent r="3" t="23" w="2515" /></phr></stem><stem n=".code"><phr n=".code"><ent r="3" t="23" w="2501" /></phr></stem><stem n="p.code"><phr n="p.code"><ent r="3" t="23" w="2501" /><ent r="3" t="23" w="2500" /></phr></stem><stem n="{width:"><phr n="{width:"><ent r="3" t="23" w="2503" /></phr></stem><stem n="40px"><phr n="40px"><ent r="3" t="23" w="2503" /></phr></stem><stem n="margin"><phr n="margin"><ent r="3" t="23" w="2504" /><ent r="3" t="23" w="2510" /></phr></stem><stem n=";margin:"><phr n=";margin:"><ent r="3" t="23" w="2505" /></phr></stem><stem n=";}"><phr n=";}"><ent r="3" t="23" w="2506" /><ent r="3" t="23" w="2520" /></phr></stem><stem n=".td"><phr n=".td"><ent r="3" t="23" w="2509" /></phr></stem><stem n="p.td"><phr n="p.td"><ent r="3" t="23" w="2509" /><ent r="3" t="23" w="2508" /></phr></stem><stem n="{margin:0;padding:0;}"><phr n="{margin:0;padding:0;}"><ent r="3" t="23" w="2514" /></phr></stem><stem n="height"><phr n="height"><ent r="3" t="23" w="2516" /><ent r="3" t="72" w="27" /><ent r="4" t="72" w="50" /><ent r="4" t="72" w="58" /><ent r="100" t="72" w="67" /><ent r="5" t="72" w="72" /></phr></stem><stem n="{height:"><phr n="{height:"><ent r="3" t="23" w="2517" /></phr></stem><stem n=";padding:"><phr n=";padding:"><ent r="3" t="23" w="2519" /></phr></stem><stem n="5px"><phr n="5px"><ent r="3" t="23" w="2519" /></phr></stem><stem n="(1"><phr n="(1"><ent r="6" t="23" w="2532" /><ent r="6" t="23" w="2541" /></phr></stem><stem n="(4"><phr n="(4"><ent r="6" t="23" w="2550" /><ent r="6" t="23" w="2559" /></phr></stem><stem n="(2"><phr n="(2"><ent r="6" t="23" w="2568" /><ent r="6" t="23" w="2577" /></phr></stem><stem n="#b"><phr n="#B"><ent r="7" t="23" w="2580" /></phr></stem><stem n="-endian"><phr n="-endian"><ent r="100" t="23" w="2594" /><ent r="100" t="23" w="2594" /><ent r="6" t="23" w="2597" /><ent r="6" t="23" w="2597" /><ent r="100" t="23" w="2604" /><ent r="100" t="23" w="2604" /><ent r="6" t="23" w="2607" /><ent r="6" t="23" w="2607" /></phr></stem><stem n="big-endian"><phr n="Big-endian"><ent r="100" t="23" w="2594" /></phr><phr n="big-endian"><ent r="6" t="23" w="2597" /></phr></stem><stem n="little-endian"><phr n="Little-endian"><ent r="100" t="23" w="2604" /></phr><phr n="little-endian"><ent r="6" t="23" w="2607" /></phr></stem><stem n="decod"><phr n="decodes"><ent r="6" t="23" w="2614" /><ent r="6" t="23" w="2631" /></phr><phr n="decode"><ent r="4" t="36" w="457" /><ent r="3" t="36" w="939" /></phr><phr n="Decode"><ent r="3" t="60" w="684" /></phr></stem><stem n="32"><phr n="32"><ent r="6" t="23" w="2625" /><ent r="4" t="28" w="270" /><ent r="3" t="33" w="660" /></phr></stem><stem n="32-bit"><phr n="32-bits"><ent r="6" t="23" w="2625" /></phr><phr n="32-bit"><ent r="4" t="28" w="270" /></phr></stem><stem n="-bits)"><phr n="-bits)"><ent r="6" t="23" w="2627" /><ent r="6" t="23" w="2627" /></phr></stem><stem n="#h"><phr n="#H"><ent r="6" t="23" w="2628" /></phr></stem><stem n="&quot;\1&quot;,"><phr n="&quot;\1&quot;,"><ent r="3" t="23" w="2645" /></phr></stem><stem n="&quot;c&quot;)"><phr n="&quot;c&quot;)"><ent r="3" t="23" w="2646" /></phr></stem><stem n="&quot;\1\2\3\4&quot;,"><phr n="&quot;\1\2\3\4&quot;,"><ent r="3" t="23" w="2653" /><ent r="3" t="23" w="2661" /></phr></stem><stem n="16909060"><phr n="16909060"><ent r="3" t="23" w="2655" /></phr></stem><stem n="&lt;l"><phr n="&lt;L"><ent r="3" t="23" w="2661" /></phr></stem><stem n="&quot;&lt;l&quot;)"><phr n="&quot;&lt;L&quot;)"><ent r="3" t="23" w="2662" /></phr></stem><stem n="67305985"><phr n="67305985"><ent r="3" t="23" w="2663" /></phr></stem><stem n="bs64"><phr n="BS64"><ent r="3" t="23" w="2665" /></phr></stem><stem n="&quot;bs64&quot;,"><phr n="&quot;BS64&quot;,"><ent r="3" t="23" w="2666" /></phr></stem><stem n="&quot;#b&quot;)"><phr n="&quot;#B&quot;)"><ent r="3" t="23" w="2667" /></phr></stem><stem n="&quot;...&quot;"><phr n="&quot;...&quot;"><ent r="3" t="23" w="2668" /><ent r="3" t="23" w="2669" /></phr></stem><stem n="(where"><phr n="(where"><ent r="3" t="23" w="2668" /><ent r="3" t="53" w="149" /></phr></stem><stem n="x5"><phr n="x5"><ent r="3" t="23" w="2670" /></phr></stem><stem n="x2e"><phr n="x2e"><ent r="3" t="23" w="2671" /></phr></stem><stem n="xb8"><phr n="xb8"><ent r="3" t="23" w="2672" /></phr></stem><stem n="&quot;\x5\x2e\xb8&quot;)"><phr n="&quot;\x5\x2e\xb8&quot;)"><ent r="3" t="23" w="2673" /></phr></stem><stem n="&quot;\1\2\3&quot;,"><phr n="&quot;\1\2\3&quot;,"><ent r="3" t="23" w="2677" /></phr></stem><stem n="16909056"><phr n="16909056"><ent r="3" t="23" w="2679" /></phr></stem><stem n="1f"><phr n="1F"><ent r="3" t="23" w="2681" /></phr></stem><stem n="&quot;1f&quot;,"><phr n="&quot;1F&quot;,"><ent r="3" t="23" w="2682" /></phr></stem><stem n="&quot;h&quot;)"><phr n="&quot;H&quot;)"><ent r="3" t="23" w="2683" /></phr></stem><stem n="42696c6c207761732068657265"><phr n="42696c6c207761732068657265"><ent r="3" t="23" w="2686" /></phr></stem><stem n="&quot;42696c6c207761732068657265&quot;,"><phr n="&quot;42696c6c207761732068657265&quot;,"><ent r="3" t="23" w="2687" /></phr></stem><stem n="&quot;#h&quot;)"><phr n="&quot;#H&quot;)"><ent r="3" t="23" w="2688" /></phr></stem><stem n="&quot;bill"><phr n="&quot;Bill"><ent r="3" t="23" w="2689" /></phr></stem><stem n="bill"><phr n="Bill"><ent r="3" t="23" w="2689" /><ent r="3" t="55" w="679" /></phr></stem><stem n=".0:"><phr n=".0:"><ent r="3" t="23" w="2753" /></phr></stem><stem n="fw"><phr n="FW"><ent r="3" t="23" w="2754" /></phr></stem><stem n="tr6"><phr n="TR6"><ent r="3" t="23" w="2755" /></phr></stem><stem n="tr6-3"><phr n="TR6-3"><ent r="3" t="23" w="2755" /></phr></stem><stem n="tr6-3.1"><phr n="TR6-3.1"><ent r="3" t="23" w="2757" /><ent r="3" t="23" w="2756" /></phr></stem><stem n="tr6-3.1.4rt"><phr n="TR6-3.1.4Rt"><ent r="3" t="23" w="2758" /><ent r="3" t="23" w="2756" /></phr></stem><stem n="4rt"><phr n="4Rt"><ent r="3" t="23" w="2758" /></phr></stem><stem n="tr6-3.1.4rt_f213e4"><phr n="TR6-3.1.4Rt_F213E4"><ent r="3" t="23" w="2759" /><ent r="3" t="23" w="2756" /></phr></stem><stem n="f213e4"><phr n="F213E4"><ent r="3" t="23" w="2759" /></phr></stem><stem n="tr6-3.1.4rt_f213e4,"><phr n="TR6-3.1.4Rt_F213E4,"><ent r="3" t="23" w="2759" /><ent r="3" t="23" w="2756" /></phr></stem><stem n="-3.1.4rt_f213e4,"><phr n="-3.1.4Rt_F213E4,"><ent r="3" t="23" w="2760" /><ent r="3" t="23" w="2760" /></phr></stem><stem n="2.4ghz"><phr n="2.4GHz"><ent r="3" t="23" w="2761" /><ent r="3" t="23" w="2760" /></phr></stem><stem n="4ghz"><phr n="4GHz"><ent r="3" t="23" w="2761" /></phr></stem><stem n="2.4ghz,"><phr n="2.4GHz,"><ent r="3" t="23" w="2761" /><ent r="3" t="23" w="2760" /></phr></stem><stem n=".4ghz,"><phr n=".4GHz,"><ent r="3" t="23" w="2762" /></phr></stem><stem n="0dbi"><phr n="0dBi"><ent r="3" t="23" w="2762" /></phr></stem><stem n="ext"><phr n="ext"><ent r="3" t="23" w="2763" /></phr></stem><stem n="antenna"><phr n="antenna"><ent r="3" t="23" w="2764" /><ent r="3" t="23" w="2820" /><ent r="3" t="23" w="2830" /></phr><phr n="Antenna"><ent r="3" t="23" w="2834" /></phr></stem><stem n="&quot;system"><phr n="&quot;system"><ent r="3" t="23" w="2809" /></phr></stem><stem n="&quot;$sysdescr&quot;"><phr n="&quot;$sysDescr&quot;"><ent r="3" t="23" w="2813" /></phr></stem><stem n="&quot;^fw"><phr n="&quot;^FW"><ent r="3" t="23" w="2814" /></phr></stem><stem n="^fw"><phr n="^FW"><ent r="3" t="23" w="2814" /></phr></stem><stem n="^"><phr n="^"><ent r="3" t="23" w="2815" /><ent r="6" t="23" w="2912" /></phr></stem><stem n="([^,]+),"><phr n="([^,]+),"><ent r="3" t="23" w="2817" /></phr></stem><stem n="hz"><phr n="Hz"><ent r="3" t="23" w="2818" /></phr></stem><stem n="(.+)hz,"><phr n="(.+)Hz,"><ent r="3" t="23" w="2819" /></phr></stem><stem n="(.+)"><phr n="(.+)"><ent r="3" t="23" w="2820" /></phr></stem><stem n=";&quot;${1}&quot;,"><phr n=";&quot;${1}&quot;,"><ent r="3" t="23" w="2823" /></phr></stem><stem n="&quot;firmware&quot;"><phr n="&quot;Firmware&quot;"><ent r="3" t="23" w="2825" /></phr></stem><stem n="frequenc"><phr n="frequency"><ent r="3" t="23" w="2825" /></phr><phr n="Frequency"><ent r="3" t="23" w="2829" /></phr></stem><stem n="&quot;${2}&quot;,"><phr n="&quot;${2}&quot;,"><ent r="3" t="23" w="2828" /></phr></stem><stem n="&quot;frequency&quot;"><phr n="&quot;Frequency&quot;"><ent r="3" t="23" w="2830" /></phr></stem><stem n="&quot;${3}&quot;,"><phr n="&quot;${3}&quot;,"><ent r="3" t="23" w="2833" /></phr></stem><stem n="&quot;antenna&quot;"><phr n="&quot;Antenna&quot;"><ent r="3" t="23" w="2835" /></phr></stem><stem n="(oid"><phr n="(OID"><ent r="4" t="23" w="2844" /></phr></stem><stem n=".3.6.1.2.1.1.1.0)"><phr n=".3.6.1.2.1.1.1.0)"><ent r="4" t="23" w="2855" /></phr></stem><stem n="$firmwar"><phr n="$firmware"><ent r="4" t="23" w="2867" /><ent r="6" t="23" w="2991" /></phr></stem><stem n="thing"><phr n="things"><ent r="4" t="23" w="2875" /><ent r="4" t="37" w="392" /><ent r="3" t="49" w="242" /></phr><phr n="thing"><ent r="3" t="26" w="295" /><ent r="3" t="41" w="86" /></phr></stem><stem n="go"><phr n="going"><ent r="4" t="23" w="2876" /><ent r="3" t="36" w="1230" /><ent r="4" t="36" w="1943" /><ent r="3" t="36" w="2413" /></phr><phr n="go"><ent r="3" t="26" w="85" /><ent r="3" t="34" w="1038" /><ent r="3" t="34" w="1601" /><ent r="65" t="51" w="131" /></phr></stem><stem n="&quot;=~&quot;"><phr n="&quot;=~&quot;"><ent r="6" t="23" w="2884" /></phr></stem><stem n="&quot;[^,]&quot;"><phr n="&quot;[^,]&quot;"><ent r="6" t="23" w="2913" /></phr></stem><stem n="&quot;+&quot;"><phr n="&quot;+&quot;"><ent r="6" t="23" w="2925" /></phr></stem><stem n="pattern"><phr n="pattern"><ent r="6" t="23" w="2927" /><ent r="6" t="23" w="2938" /><ent r="3" t="34" w="728" /></phr><phr n="patterns"><ent r="3" t="34" w="737" /></phr></stem><stem n="-comma"><phr n="-comma"><ent r="6" t="23" w="2931" /><ent r="6" t="23" w="2931" /></phr></stem><stem n="non-comma"><phr n="non-comma"><ent r="6" t="23" w="2931" /></phr></stem><stem n="serv"><phr n="serve"><ent r="6" t="23" w="2939" /></phr><phr n="served"><ent r="3" t="57" w="91" /></phr><phr n="serves"><ent r="3" t="70" w="57" /></phr></stem><stem n="memor"><phr n="memorize"><ent r="6" t="23" w="2941" /></phr></stem><stem n="paren"><phr n="paren"><ent r="6" t="23" w="2947" /><ent r="4" t="30" w="230" /></phr></stem><stem n="paren'"><phr n="paren's"><ent r="6" t="23" w="2948" /><ent r="6" t="23" w="2947" /><ent r="4" t="30" w="231" /><ent r="4" t="30" w="230" /></phr></stem><stem n="{1},"><phr n="{1},"><ent r="6" t="23" w="2961" /><ent r="4" t="34" w="825" /></phr></stem><stem n="{2},"><phr n="{2},"><ent r="6" t="23" w="2963" /><ent r="3" t="33" w="588" /><ent r="4" t="34" w="830" /></phr></stem><stem n="{3},"><phr n="{3},"><ent r="6" t="23" w="2965" /><ent r="3" t="33" w="590" /></phr></stem><stem n="semicolon"><phr n="semicolon"><ent r="6" t="23" w="2968" /></phr></stem><stem n="&quot;${1}&quot;"><phr n="&quot;${1}&quot;"><ent r="6" t="23" w="2973" /><ent r="3" t="33" w="526" /><ent r="3" t="34" w="938" /><ent r="3" t="34" w="953" /><ent r="3" t="34" w="968" /></phr></stem><stem n="{1}"><phr n="{1}"><ent r="6" t="23" w="2985" /><ent r="6" t="23" w="3000" /><ent r="3" t="33" w="575" /></phr></stem><stem n="$frequenc"><phr n="$frequency"><ent r="4" t="23" w="3004" /></phr></stem><stem n="(${2})."><phr n="(${2})."><ent r="4" t="23" w="3014" /></phr></stem><stem n="$antenna"><phr n="$antenna"><ent r="4" t="23" w="3018" /></phr></stem><stem n="(${3})."><phr n="(${3})."><ent r="4" t="23" w="3028" /></phr></stem><stem n="beyond"><phr n="beyond"><ent r="3" t="23" w="3033" /><ent r="3" t="36" w="976" /><ent r="3" t="36" w="1099" /></phr></stem><stem n="scope"><phr n="scope"><ent r="3" t="23" w="3035" /><ent r="4" t="25" w="273" /><ent r="3" t="36" w="978" /><ent r="3" t="36" w="1101" /></phr><phr n="Scoped"><ent r="4" t="25" w="264" /><ent r="3" t="25" w="346" /><ent r="3" t="25" w="391" /></phr><phr n="scoped"><ent r="3" t="25" w="285" /><ent r="3" t="25" w="312" /><ent r="3" t="25" w="399" /><ent r="4" t="25" w="616" /><ent r="3" t="25" w="1002" /></phr></stem><stem n="tutori"><phr n="tutorials"><ent r="3" t="23" w="3052" /></phr><phr n="Tutorial"><ent r="64" t="23" w="3065" /></phr><phr n="tutorial"><ent r="64" t="25" w="475" /><ent r="64" t="25" w="476" /><ent r="3" t="31" w="348" /><ent r="3" t="31" w="349" /><ent r="3" t="31" w="355" /><ent r="3" t="45" w="71" /></phr></stem><stem n="&quot;false&quot;"><phr n="&quot;false&quot;"><ent r="3" t="24" w="66" /></phr></stem></index>