<?xml version="1.0" encoding="utf-8"?><index><stem n="(when"><phr n="(when"><ent r="4" t="39" w="1036" /></phr></stem><stem n="parameternam"><phr n="parametername"><ent r="3" t="39" w="1120" /></phr></stem><stem n="{parametername}."><phr n="{parametername}."><ent r="3" t="39" w="1121" /></phr></stem><stem n="{timeout}"><phr n="{Timeout}"><ent r="4" t="39" w="1138" /></phr></stem><stem n="&quot;7&quot;"><phr n="&quot;7&quot;"><ent r="3" t="39" w="1149" /><ent r="3" t="53" w="433" /></phr></stem><stem n="&quot;-h"><phr n="&quot;-H"><ent r="3" t="39" w="1165" /><ent r="5" t="40" w="358" /></phr></stem><stem n="{timeout}&quot;"><phr n="{Timeout}&quot;"><ent r="3" t="39" w="1168" /></phr></stem><stem n="ps"><phr n="ps"><ent r="4" t="39" w="1202" /><ent r="4" t="40" w="204" /><ent r="4" t="40" w="441" /></phr></stem><stem n="vulner"><phr n="vulnerability"><ent r="3" t="39" w="1233" /><ent r="3" t="39" w="1257" /><ent r="4" t="40" w="210" /><ent r="4" t="40" w="224" /><ent r="3" t="40" w="472" /><ent r="3" t="40" w="487" /></phr></stem><stem n="script/command"><phr n="script/command"><ent r="4" t="40" w="45" /><ent r="4" t="40" w="44" /><ent r="4" t="40" w="55" /><ent r="4" t="40" w="54" /><ent r="4" t="40" w="68" /><ent r="4" t="40" w="67" /><ent r="4" t="40" w="81" /><ent r="4" t="40" w="80" /></phr></stem><stem n="script/command."><phr n="script/command."><ent r="4" t="40" w="45" /><ent r="4" t="40" w="44" /><ent r="4" t="40" w="55" /><ent r="4" t="40" w="54" /><ent r="4" t="40" w="68" /><ent r="4" t="40" w="67" /><ent r="4" t="40" w="81" /><ent r="4" t="40" w="80" /></phr></stem><stem n="/command."><phr n="/command."><ent r="4" t="40" w="46" /><ent r="4" t="40" w="56" /><ent r="4" t="40" w="69" /><ent r="4" t="40" w="82" /></phr></stem><stem n="environ"><phr n="environment"><ent r="4" t="40" w="126" /><ent r="4" t="40" w="142" /><ent r="65" t="69" w="88" /><ent r="93" t="69" w="653" /></phr></stem><stem n="&quot;\&quot;"><phr n="&quot;\&quot;"><ent r="4" t="40" w="165" /><ent r="3" t="60" w="1136" /></phr></stem><stem n="&quot;;&quot;"><phr n="&quot;;&quot;"><ent r="4" t="40" w="168" /></phr></stem><stem n="/tool"><phr n="/Tools"><ent r="5" t="40" w="181" /><ent r="3" t="45" w="217" /></phr></stem><stem n="settings/tool"><phr n="Settings/Tools"><ent r="5" t="40" w="181" /><ent r="5" t="40" w="180" /><ent r="3" t="45" w="217" /><ent r="3" t="45" w="216" /></phr></stem><stem n="'ps'"><phr n="'ps'"><ent r="4" t="40" w="205" /></phr></stem><stem n="check_p"><phr n="check_ping"><ent r="4" t="40" w="262" /><ent r="4" t="40" w="261" /><ent r="5" t="40" w="355" /><ent r="5" t="40" w="354" /><ent r="3" t="47" w="190" /><ent r="3" t="47" w="189" /></phr></stem><stem n="&quot;check_ping&quot;."><phr n="&quot;check_ping&quot;."><ent r="4" t="40" w="263" /></phr></stem><stem n="exact"><phr n="exact"><ent r="4" t="40" w="270" /></phr></stem><stem n="extens"><phr n="extensions"><ent r="4" t="40" w="274" /><ent r="6" t="57" w="269" /><ent r="6" t="60" w="180" /><ent r="3" t="60" w="653" /><ent r="3" t="60" w="1089" /></phr><phr n="extensive"><ent r="3" t="45" w="69" /></phr><phr n="Extensions"><ent r="4" t="57" w="55" /><ent r="6" t="57" w="266" /><ent r="6" t="60" w="177" /><ent r="3" t="60" w="655" /><ent r="3" t="60" w="1091" /></phr></stem><stem n=".cmd."><phr n=".cmd."><ent r="4" t="40" w="280" /></phr></stem><stem n="'d"><phr n="'d"><ent r="4" t="40" w="295" /></phr></stem><stem n="you'd"><phr n="you'd"><ent r="4" t="40" w="295" /><ent r="4" t="40" w="294" /></phr></stem><stem n="&quot;check_ping&quot;"><phr n="&quot;check_ping&quot;"><ent r="5" t="40" w="356" /></phr></stem><stem n="-w"><phr n="-w"><ent r="5" t="40" w="361" /><ent r="5" t="40" w="361" /><ent r="3" t="46" w="628" /><ent r="3" t="46" w="628" /><ent r="3" t="47" w="194" /><ent r="3" t="47" w="194" /></phr></stem><stem n="100,10"><phr n="100,10"><ent r="5" t="40" w="363" /><ent r="5" t="40" w="362" /><ent r="3" t="47" w="196" /><ent r="3" t="47" w="195" /></phr></stem><stem n=",10%"><phr n=",10%"><ent r="5" t="40" w="364" /><ent r="3" t="47" w="197" /></phr></stem><stem n="1000,90"><phr n="1000,90"><ent r="5" t="40" w="366" /><ent r="5" t="40" w="365" /><ent r="3" t="47" w="199" /><ent r="3" t="47" w="198" /></phr></stem><stem n="90"><phr n="90"><ent r="5" t="40" w="366" /><ent r="3" t="47" w="199" /></phr></stem><stem n=",90%&quot;"><phr n=",90%&quot;"><ent r="5" t="40" w="367" /><ent r="3" t="47" w="200" /></phr></stem><stem n="&quot;${address}&quot;"><phr n="&quot;${ADDRESS}&quot;"><ent r="3" t="40" w="401" /></phr></stem><stem n="&quot;${port}&quot;"><phr n="&quot;${PORT}&quot;"><ent r="3" t="40" w="421" /></phr></stem><stem n="mechan"><phr n="mechanism"><ent r="3" t="40" w="490" /><ent r="3" t="70" w="195" /></phr></stem><stem n="channel"><phr n="channel"><ent r="3" t="40" w="495" /></phr></stem><stem n="-phrase"><phr n="-phrases"><ent r="3" t="40" w="507" /><ent r="3" t="40" w="507" /></phr></stem><stem n="pass-phras"><phr n="pass-phrases"><ent r="3" t="40" w="507" /></phr></stem><stem n="phrase"><phr n="phrases"><ent r="3" t="40" w="508" /></phr></stem><stem n="candid"><phr n="candidates"><ent r="3" t="40" w="511" /></phr></stem><stem n="&quot;executable&quot;"><phr n="&quot;executable&quot;"><ent r="3" t="40" w="523" /></phr></stem><stem n="&quot;${user}"><phr n="&quot;${User}"><ent r="3" t="40" w="526" /></phr></stem><stem n="{password}&quot;"><phr n="{Password}&quot;"><ent r="3" t="40" w="528" /></phr></stem><stem n="_code"><phr n="_CODE"><ent r="100" t="41" w="44" /></phr></stem><stem n="{exit_code}."><phr n="{EXIT_CODE}."><ent r="3" t="41" w="102" /></phr></stem><stem n="&quot;to"><phr n="&quot;To"><ent r="3" t="41" w="117" /></phr></stem><stem n="criteria"><phr n="criteria"><ent r="3" t="41" w="143" /></phr></stem><stem n="&quot;unknown&quot;."><phr n="&quot;unknown&quot;."><ent r="3" t="41" w="159" /></phr></stem><stem n="maintain"><phr n="maintain"><ent r="3" t="42" w="42" /></phr></stem><stem n=":scriptname&gt;"><phr n=":scriptname&gt;"><ent r="3" t="42" w="54" /></phr></stem><stem n="scriptname&gt;"><phr n="scriptname&gt;"><ent r="3" t="42" w="54" /><ent r="3" t="42" w="59" /></phr></stem><stem n="[script"><phr n="[script"><ent r="3" t="42" w="55" /><ent r="4" t="42" w="78" /></phr></stem><stem n="&lt;/tool"><phr n="&lt;/tool"><ent r="3" t="42" w="58" /><ent r="3" t="42" w="57" /><ent r="3" t="42" w="267" /><ent r="3" t="42" w="266" /><ent r="4" t="42" w="320" /><ent r="4" t="42" w="319" /><ent r="3" t="42" w="687" /><ent r="3" t="42" w="686" /><ent r="3" t="42" w="939" /><ent r="3" t="42" w="938" /><ent r="3" t="45" w="494" /><ent r="3" t="45" w="493" /><ent r="3" t="48" w="940" /><ent r="3" t="48" w="939" /></phr></stem><stem n="/tool:scriptname&gt;"><phr n="/tool:scriptname&gt;"><ent r="3" t="42" w="59" /></phr></stem><stem n="scriptnam"><phr n="scriptname"><ent r="4" t="42" w="63" /><ent r="4" t="42" w="143" /></phr></stem><stem n="subdirectori"><phr n="subdirectory"><ent r="3" t="42" w="124" /><ent r="3" t="42" w="140" /><ent r="3" t="42" w="152" /><ent r="3" t="42" w="278" /><ent r="4" t="60" w="457" /></phr><phr n="subdirectories"><ent r="3" t="42" w="181" /></phr></stem><stem n="-hidden"><phr n="-hidden"><ent r="3" t="42" w="159" /><ent r="3" t="42" w="159" /></phr></stem><stem n="non-hidden"><phr n="non-hidden"><ent r="3" t="42" w="159" /></phr></stem><stem n="delet"><phr n="deleted"><ent r="3" t="42" w="163" /></phr><phr n="Deleted"><ent r="4" t="57" w="81" /></phr><phr n="Delete"><ent r="3" t="75" w="9" /></phr></stem><stem n="overwritten"><phr n="overwritten"><ent r="3" t="42" w="189" /><ent r="7" t="67" w="528" /></phr></stem><stem n="trivial"><phr n="trivial"><ent r="3" t="42" w="199" /></phr><phr n="Trivial"><ent r="3" t="42" w="259" /></phr></stem><stem n="com.dartware.cmdlin"><phr n="com.dartware.cmdline"><ent r="4" t="42" w="214" /><ent r="4" t="42" w="212" /><ent r="4" t="42" w="285" /><ent r="4" t="42" w="283" /></phr></stem><stem n="cmdline"><phr n="cmdline"><ent r="4" t="42" w="214" /><ent r="4" t="42" w="285" /></phr></stem><stem n=".dartware.cmdline.test"><phr n=".dartware.cmdline.test"><ent r="4" t="42" w="215" /><ent r="4" t="42" w="286" /></phr></stem><stem n="com.dartware.cmdline.test"><phr n="com.dartware.cmdline.test"><ent r="4" t="42" w="215" /><ent r="4" t="42" w="212" /><ent r="4" t="42" w="286" /><ent r="4" t="42" w="283" /></phr></stem><stem n="=&quot;python"><phr n="=&quot;python"><ent r="3" t="42" w="233" /></phr></stem><stem n="test.pi"><phr n="test.py"><ent r="3" t="42" w="235" /><ent r="3" t="42" w="234" /><ent r="3" t="42" w="248" /><ent r="3" t="42" w="247" /><ent r="3" t="42" w="303" /><ent r="3" t="42" w="302" /></phr></stem><stem n=".py&quot;"><phr n=".py&quot;"><ent r="3" t="42" w="236" /><ent r="3" t="42" w="249" /><ent r="5" t="48" w="215" /></phr></stem><stem n=":test.py&gt;"><phr n=":test.py&gt;"><ent r="3" t="42" w="258" /><ent r="4" t="42" w="315" /></phr></stem><stem n="test.py&gt;"><phr n="test.py&gt;"><ent r="3" t="42" w="258" /><ent r="3" t="42" w="257" /><ent r="3" t="42" w="269" /><ent r="3" t="42" w="268" /><ent r="4" t="42" w="315" /><ent r="4" t="42" w="314" /><ent r="4" t="42" w="322" /><ent r="4" t="42" w="321" /></phr></stem><stem n="&quot;okay&quot;"><phr n="&quot;okay&quot;"><ent r="3" t="42" w="263" /></phr></stem><stem n="rais"><phr n="raise"><ent r="3" t="42" w="263" /></phr></stem><stem n="systemexit"><phr n="SystemExit"><ent r="3" t="42" w="264" /></phr></stem><stem n="/tool:test.py&gt;"><phr n="/tool:test.py&gt;"><ent r="3" t="42" w="269" /><ent r="4" t="42" w="322" /></phr></stem><stem n="&quot;test.py&quot;"><phr n="&quot;test.py&quot;"><ent r="3" t="42" w="304" /></phr></stem><stem n="check_connect"><phr n="check_connect"><ent r="3" t="42" w="432" /><ent r="3" t="42" w="431" /><ent r="3" t="42" w="514" /><ent r="3" t="42" w="513" /><ent r="3" t="42" w="577" /><ent r="3" t="42" w="576" /><ent r="3" t="42" w="620" /><ent r="3" t="42" w="619" /><ent r="3" t="42" w="689" /><ent r="3" t="42" w="688" /></phr></stem><stem n="com.dartware.commandlin"><phr n="com.dartware.commandline"><ent r="3" t="42" w="435" /><ent r="3" t="42" w="433" /></phr></stem><stem n="commandlin"><phr n="commandline"><ent r="3" t="42" w="435" /><ent r="3" t="42" w="457" /><ent r="3" t="42" w="716" /></phr></stem><stem n="com.dartware.commandline.check"><phr n="com.dartware.commandline.check"><ent r="3" t="42" w="436" /><ent r="3" t="42" w="433" /></phr></stem><stem n="com.dartware.commandline.check_connect"><phr n="com.dartware.commandline.check_connect"><ent r="3" t="42" w="437" /><ent r="3" t="42" w="433" /></phr></stem><stem n="com.dartware.commandline.check_connect.txt"><phr n="com.dartware.commandline.check_connect.txt"><ent r="3" t="42" w="438" /><ent r="3" t="42" w="433" /></phr></stem><stem n="(com.dartware.commandline.check_connect.txt)"><phr n="(com.dartware.commandline.check_connect.txt)"><ent r="3" t="42" w="439" /></phr></stem><stem n="2009"><phr n="2009"><ent r="3" t="42" w="441" /><ent r="3" t="42" w="700" /><ent r="3" t="48" w="494" /><ent r="3" t="48" w="705" /></phr></stem><stem n="commandline.check"><phr n="commandline.check"><ent r="3" t="42" w="458" /><ent r="3" t="42" w="457" /><ent r="3" t="42" w="717" /><ent r="3" t="42" w="716" /></phr></stem><stem n="commandline.check_connect"><phr n="commandline.check_connect"><ent r="3" t="42" w="459" /><ent r="3" t="42" w="457" /></phr></stem><stem n="&quot;commandline.check_connect&quot;"><phr n="&quot;commandline.check_connect&quot;"><ent r="3" t="42" w="460" /></phr></stem><stem n="&quot;check"><phr n="&quot;Check"><ent r="3" t="42" w="462" /><ent r="3" t="42" w="721" /></phr></stem><stem n="&quot;miscellaneous/test/check"><phr n="&quot;Miscellaneous/Test/Check"><ent r="3" t="42" w="474" /><ent r="3" t="42" w="733" /></phr></stem><stem n="miscellaneous/test/check"><phr n="Miscellaneous/Test/Check"><ent r="3" t="42" w="474" /><ent r="3" t="42" w="472" /><ent r="3" t="42" w="733" /><ent r="3" t="42" w="731" /></phr></stem><stem n="\gb\check"><phr n="\GB\Check"><ent r="3" t="42" w="480" /><ent r="3" t="42" w="742" /></phr></stem><stem n="check_port"><phr n="CHECK_PORT"><ent r="3" t="42" w="503" /><ent r="3" t="42" w="502" /><ent r="3" t="42" w="520" /><ent r="3" t="42" w="519" /></phr></stem><stem n="&quot;check_port&quot;"><phr n="&quot;CHECK_PORT&quot;"><ent r="3" t="42" w="504" /></phr></stem><stem n="&quot;80&quot;"><phr n="&quot;80&quot;"><ent r="3" t="42" w="505" /></phr></stem><stem n="=${python}"><phr n="=${PYTHON}"><ent r="3" t="42" w="512" /></phr></stem><stem n="=&quot;check_connect.pi"><phr n="=&quot;check_connect.py"><ent r="3" t="42" w="515" /></phr></stem><stem n="check_connect.pi"><phr n="check_connect.py"><ent r="3" t="42" w="515" /><ent r="3" t="42" w="513" /></phr></stem><stem n="{check_port}&quot;"><phr n="{CHECK_PORT}&quot;"><ent r="3" t="42" w="521" /></phr></stem><stem n="-data&gt;"><phr n="-data&gt;"><ent r="3" t="42" w="524" /><ent r="3" t="42" w="524" /><ent r="3" t="42" w="789" /><ent r="3" t="42" w="789" /></phr></stem><stem n="&lt;command-data&gt;"><phr n="&lt;command-data&gt;"><ent r="3" t="42" w="524" /><ent r="3" t="42" w="789" /></phr></stem><stem n="data&gt;"><phr n="data&gt;"><ent r="3" t="42" w="525" /><ent r="3" t="42" w="530" /><ent r="3" t="42" w="790" /><ent r="3" t="42" w="795" /></phr></stem><stem n="&lt;/current"><phr n="&lt;/Currently"><ent r="3" t="42" w="526" /><ent r="3" t="42" w="521" /><ent r="3" t="42" w="791" /><ent r="3" t="42" w="786" /></phr></stem><stem n="/command-data&gt;"><phr n="/command-data&gt;"><ent r="3" t="42" w="529" /><ent r="3" t="42" w="794" /></phr></stem><stem n="command-data&gt;"><phr n="command-data&gt;"><ent r="3" t="42" w="529" /><ent r="3" t="42" w="794" /></phr></stem><stem n="&lt;/&lt;"><phr n="&lt;/&lt;"><ent r="3" t="42" w="572" /><ent r="3" t="42" w="567" /><ent r="3" t="45" w="415" /><ent r="3" t="45" w="410" /></phr></stem><stem n="&lt;/&lt;/&lt;tool"><phr n="&lt;/&lt;/&lt;tool"><ent r="3" t="42" w="575" /><ent r="3" t="42" w="567" /></phr></stem><stem n=":check_connect.py&gt;"><phr n=":check_connect.py&gt;"><ent r="3" t="42" w="578" /></phr></stem><stem n="check_connect.py&gt;"><phr n="check_connect.py&gt;"><ent r="3" t="42" w="578" /><ent r="3" t="42" w="576" /><ent r="3" t="42" w="690" /><ent r="3" t="42" w="688" /></phr></stem><stem n="socket"><phr n="socket"><ent r="3" t="42" w="582" /><ent r="3" t="42" w="628" /><ent r="3" t="42" w="629" /><ent r="3" t="42" w="630" /><ent r="3" t="42" w="633" /></phr></stem><stem n=".argv[1]"><phr n=".argv[1]"><ent r="3" t="42" w="606" /><ent r="3" t="45" w="461" /></phr></stem><stem n="(sys.argv[2])"><phr n="(sys.argv[2])"><ent r="3" t="42" w="614" /></phr></stem><stem n="&quot;usage:"><phr n="&quot;Usage:"><ent r="3" t="42" w="619" /><ent r="3" t="42" w="861" /><ent r="3" t="45" w="449" /><ent r="3" t="60" w="515" /></phr></stem><stem n=".exit(down)"><phr n=".exit(DOWN)"><ent r="3" t="42" w="626" /></phr></stem><stem n="socket.socket"><phr n="socket.socket"><ent r="3" t="42" w="629" /><ent r="3" t="42" w="628" /></phr></stem><stem n="socket.af"><phr n="socket.AF"><ent r="3" t="42" w="631" /><ent r="3" t="42" w="630" /></phr></stem><stem n="af"><phr n="AF"><ent r="3" t="42" w="631" /></phr></stem><stem n="socket.af_inet"><phr n="socket.AF_INET"><ent r="3" t="42" w="632" /><ent r="3" t="42" w="630" /></phr></stem><stem n="inet"><phr n="INET"><ent r="3" t="42" w="632" /></phr></stem><stem n="socket.af_inet,"><phr n="socket.AF_INET,"><ent r="3" t="42" w="632" /><ent r="3" t="42" w="630" /></phr></stem><stem n=".socket(socket.af_inet,"><phr n=".socket(socket.AF_INET,"><ent r="3" t="42" w="633" /></phr></stem><stem n="socket.sock"><phr n="socket.SOCK"><ent r="3" t="42" w="634" /><ent r="3" t="42" w="633" /></phr></stem><stem n="sock"><phr n="SOCK"><ent r="3" t="42" w="634" /></phr></stem><stem n="socket.sock_stream"><phr n="socket.SOCK_STREAM"><ent r="3" t="42" w="635" /><ent r="3" t="42" w="633" /></phr></stem><stem n=".sock_stream)"><phr n=".SOCK_STREAM)"><ent r="3" t="42" w="636" /></phr></stem><stem n="s.connect"><phr n="s.connect"><ent r="3" t="42" w="637" /><ent r="3" t="42" w="636" /></phr></stem><stem n=".connect((host,"><phr n=".connect((host,"><ent r="3" t="42" w="639" /></phr></stem><stem n="))"><phr n="))"><ent r="3" t="42" w="640" /><ent r="3" t="60" w="1292" /></phr></stem><stem n="s.close"><phr n="s.close"><ent r="3" t="42" w="641" /><ent r="3" t="42" w="640" /></phr></stem><stem n=".close()"><phr n=".close()"><ent r="3" t="42" w="642" /></phr></stem><stem n="ioerror"><phr n="IOError"><ent r="3" t="42" w="643" /><ent r="3" t="48" w="831" /></phr></stem><stem n="hasattr"><phr n="hasattr"><ent r="3" t="42" w="648" /><ent r="3" t="42" w="657" /><ent r="3" t="48" w="834" /><ent r="3" t="48" w="854" /></phr></stem><stem n="(e,"><phr n="(e,"><ent r="3" t="42" w="650" /><ent r="3" t="42" w="659" /><ent r="3" t="48" w="836" /><ent r="3" t="48" w="856" /></phr></stem><stem n="'reason'):"><phr n="'reason'):"><ent r="3" t="42" w="651" /><ent r="3" t="48" w="837" /></phr></stem><stem n="'reason:"><phr n="'Reason:"><ent r="3" t="42" w="653" /><ent r="3" t="48" w="846" /></phr></stem><stem n=".reason"><phr n=".reason"><ent r="3" t="42" w="655" /></phr></stem><stem n="e.reason"><phr n="e.reason"><ent r="3" t="42" w="655" /><ent r="3" t="42" w="654" /><ent r="3" t="48" w="851" /><ent r="3" t="48" w="850" /></phr></stem><stem n="elif"><phr n="elif"><ent r="3" t="42" w="656" /><ent r="3" t="48" w="853" /></phr></stem><stem n="'code'):"><phr n="'code'):"><ent r="3" t="42" w="660" /><ent r="3" t="48" w="857" /></phr></stem><stem n="e.cod"><phr n="e.code"><ent r="3" t="42" w="663" /><ent r="3" t="42" w="662" /><ent r="3" t="48" w="871" /><ent r="3" t="48" w="870" /></phr></stem><stem n="(e.code)"><phr n="(e.code)"><ent r="3" t="42" w="664" /><ent r="3" t="48" w="872" /></phr></stem><stem n="&quot;unknown&quot;"><phr n="&quot;unknown&quot;"><ent r="3" t="42" w="667" /></phr></stem><stem n="&quot;error"><phr n="&quot;Error"><ent r="3" t="42" w="668" /><ent r="3" t="42" w="924" /></phr></stem><stem n="(&quot;"><phr n="(&quot;"><ent r="3" t="42" w="669" /><ent r="3" t="69" w="1790" /></phr></stem><stem n="(host)"><phr n="(host)"><ent r="3" t="42" w="677" /></phr></stem><stem n="&quot;:&quot;"><phr n="&quot;:&quot;"><ent r="3" t="42" w="678" /><ent r="3" t="60" w="1347" /></phr></stem><stem n="(port)"><phr n="(port)"><ent r="3" t="42" w="681" /></phr></stem><stem n="/tool:check_connect.py&gt;"><phr n="/tool:check_connect.py&gt;"><ent r="3" t="42" w="690" /></phr></stem><stem n="commandline.check_web"><phr n="commandline.check_web"><ent r="3" t="42" w="718" /><ent r="3" t="42" w="716" /></phr></stem><stem n="&quot;commandline.check_web&quot;"><phr n="&quot;commandline.check_web&quot;"><ent r="3" t="42" w="719" /></phr></stem><stem n="_in"><phr n="_in"><ent r="3" t="42" w="736" /></phr></stem><stem n="visible_in"><phr n="visible_in"><ent r="3" t="42" w="736" /><ent r="3" t="42" w="735" /></phr></stem><stem n="&quot;windows&quot;"><phr n="&quot;Windows&quot;"><ent r="3" t="42" w="738" /></phr></stem><stem n="hostnam"><phr n="hostname"><ent r="3" t="42" w="749" /><ent r="3" t="42" w="863" /><ent r="3" t="60" w="347" /></phr></stem><stem n="=&quot;${cscript}"><phr n="=&quot;${CSCRIPT}"><ent r="3" t="42" w="776" /></phr></stem><stem n="check_web"><phr n="check_web"><ent r="3" t="42" w="777" /><ent r="3" t="42" w="776" /><ent r="3" t="42" w="835" /><ent r="3" t="42" w="834" /><ent r="3" t="42" w="862" /><ent r="3" t="42" w="861" /><ent r="3" t="42" w="941" /><ent r="3" t="42" w="940" /></phr></stem><stem n="check_web.vb"><phr n="check_web.vbs"><ent r="3" t="42" w="778" /><ent r="3" t="42" w="776" /></phr></stem><stem n="vb"><phr n="vbs"><ent r="3" t="42" w="778" /><ent r="3" t="60" w="344" /><ent r="3" t="60" w="387" /><ent r="82" t="60" w="875" /></phr></stem><stem n="_web.vbs&quot;"><phr n="_web.vbs&quot;"><ent r="3" t="42" w="779" /></phr></stem><stem n="=&quot;${address}&quot;"><phr n="=&quot;${address}&quot;"><ent r="3" t="42" w="782" /></phr></stem><stem n="{timeout"><phr n="{Timeout"><ent r="3" t="42" w="784" /></phr></stem><stem n="(sec)}"><phr n="(sec)}"><ent r="3" t="42" w="786" /></phr></stem><stem n="&lt;/down"><phr n="&lt;/down"><ent r="3" t="42" w="798" /><ent r="3" t="42" w="793" /><ent r="3" t="44" w="183" /><ent r="3" t="44" w="178" /><ent r="3" t="45" w="390" /><ent r="3" t="45" w="385" /></phr></stem><stem n=":${exit_code}=4"><phr n=":${EXIT_CODE}=4"><ent r="3" t="42" w="802" /></phr></stem><stem n=":${exit_code}=3"><phr n=":${EXIT_CODE}=3"><ent r="3" t="42" w="807" /><ent r="3" t="45" w="394" /></phr></stem><stem n=":${exit_code}=2"><phr n=":${EXIT_CODE}=2"><ent r="3" t="42" w="812" /><ent r="3" t="45" w="399" /></phr></stem><stem n=":${exit_code}=0"><phr n=":${EXIT_CODE}=0"><ent r="3" t="42" w="822" /><ent r="3" t="45" w="409" /></phr></stem><stem n="&lt;/$"><phr n="&lt;/$"><ent r="3" t="42" w="828" /><ent r="3" t="42" w="823" /></phr></stem><stem n=":check_web.vbs&gt;"><phr n=":check_web.vbs&gt;"><ent r="3" t="42" w="836" /></phr></stem><stem n="check_web.vbs&gt;"><phr n="check_web.vbs&gt;"><ent r="3" t="42" w="836" /><ent r="3" t="42" w="834" /><ent r="3" t="42" w="942" /><ent r="3" t="42" w="940" /></phr></stem><stem n="vbs&gt;"><phr n="vbs&gt;"><ent r="3" t="42" w="836" /><ent r="3" t="42" w="942" /></phr></stem><stem n="dim"><phr n="Dim"><ent r="3" t="42" w="837" /><ent r="3" t="60" w="886" /><ent r="3" t="60" w="892" /><ent r="3" t="60" w="900" /><ent r="3" t="60" w="1194" /><ent r="3" t="60" w="1255" /><ent r="3" t="60" w="1328" /><ent r="3" t="60" w="1363" /></phr></stem><stem n="createobject"><phr n="CreateObject"><ent r="3" t="42" w="844" /><ent r="3" t="60" w="1199" /><ent r="3" t="60" w="1263" /><ent r="3" t="60" w="1367" /></phr></stem><stem n="winhttp"><phr n="WinHttp"><ent r="3" t="42" w="845" /><ent r="3" t="60" w="1200" /></phr></stem><stem n="winhttp.winhttprequest"><phr n="WinHttp.WinHttpRequest"><ent r="3" t="42" w="846" /><ent r="3" t="42" w="845" /><ent r="3" t="60" w="1201" /><ent r="3" t="60" w="1200" /></phr></stem><stem n="winhttprequest"><phr n="WinHttpRequest"><ent r="3" t="42" w="846" /><ent r="3" t="60" w="1201" /></phr></stem><stem n="winhttp.winhttprequest.5"><phr n="WinHttp.WinHttpRequest.5"><ent r="3" t="42" w="847" /><ent r="3" t="42" w="845" /><ent r="3" t="60" w="1202" /><ent r="3" t="60" w="1200" /></phr></stem><stem n="winhttp.winhttprequest.5.1"><phr n="WinHttp.WinHttpRequest.5.1"><ent r="3" t="42" w="848" /><ent r="3" t="42" w="845" /><ent r="3" t="60" w="1203" /><ent r="3" t="60" w="1200" /></phr></stem><stem n="(&quot;winhttp.winhttprequest.5.1&quot;)"><phr n="(&quot;WinHttp.WinHttpRequest.5.1&quot;)"><ent r="3" t="42" w="849" /><ent r="3" t="60" w="1204" /></phr></stem><stem n="numarg"><phr n="numargs"><ent r="3" t="42" w="849" /><ent r="3" t="42" w="854" /></phr></stem><stem n="wscript"><phr n="wscript"><ent r="3" t="42" w="850" /><ent r="3" t="42" w="858" /><ent r="3" t="42" w="864" /><ent r="3" t="42" w="872" /><ent r="3" t="42" w="922" /><ent r="3" t="42" w="931" /><ent r="3" t="42" w="935" /></phr><phr n="WScript"><ent r="3" t="60" w="909" /><ent r="3" t="60" w="916" /><ent r="3" t="60" w="922" /><ent r="3" t="60" w="933" /><ent r="3" t="60" w="938" /><ent r="3" t="60" w="945" /><ent r="3" t="60" w="956" /><ent r="3" t="60" w="963" /><ent r="3" t="60" w="971" /><ent r="3" t="60" w="978" /><ent r="3" t="60" w="986" /><ent r="3" t="60" w="994" /></phr></stem><stem n="wscript.argu"><phr n="wscript.arguments"><ent r="3" t="42" w="851" /><ent r="3" t="42" w="850" /><ent r="3" t="42" w="873" /><ent r="3" t="42" w="872" /></phr><phr n="WScript.Arguments"><ent r="3" t="60" w="910" /><ent r="3" t="60" w="909" /><ent r="3" t="60" w="917" /><ent r="3" t="60" w="916" /><ent r="3" t="60" w="939" /><ent r="3" t="60" w="938" /><ent r="3" t="60" w="946" /><ent r="3" t="60" w="945" /><ent r="3" t="60" w="957" /><ent r="3" t="60" w="956" /><ent r="3" t="60" w="964" /><ent r="3" t="60" w="963" /><ent r="3" t="60" w="972" /><ent r="3" t="60" w="971" /><ent r="3" t="60" w="979" /><ent r="3" t="60" w="978" /><ent r="3" t="60" w="987" /><ent r="3" t="60" w="986" /><ent r="3" t="60" w="995" /><ent r="3" t="60" w="994" /></phr></stem><stem n=".arguments.count"><phr n=".arguments.count"><ent r="3" t="42" w="852" /></phr></stem><stem n="wscript.arguments.count"><phr n="wscript.arguments.count"><ent r="3" t="42" w="852" /><ent r="3" t="42" w="850" /></phr></stem><stem n="(numarg"><phr n="(numargs"><ent r="3" t="42" w="854" /></phr></stem><stem n=".echo"><phr n=".Echo"><ent r="3" t="42" w="859" /><ent r="3" t="42" w="923" /><ent r="3" t="42" w="932" /><ent r="3" t="60" w="923" /></phr></stem><stem n="wscript.echo"><phr n="wscript.Echo"><ent r="3" t="42" w="859" /><ent r="3" t="42" w="858" /><ent r="3" t="42" w="923" /><ent r="3" t="42" w="922" /><ent r="3" t="42" w="932" /><ent r="3" t="42" w="931" /></phr><phr n="WScript.Echo"><ent r="3" t="60" w="923" /><ent r="3" t="60" w="922" /></phr></stem><stem n="_web"><phr n="_web"><ent r="3" t="42" w="862" /></phr></stem><stem n="wscript.quit"><phr n="wscript.quit"><ent r="3" t="42" w="865" /><ent r="3" t="42" w="864" /><ent r="3" t="42" w="936" /><ent r="3" t="42" w="935" /></phr><phr n="WScript.Quit"><ent r="3" t="60" w="934" /><ent r="3" t="60" w="933" /></phr></stem><stem n=".quit(4)"><phr n=".quit(4)"><ent r="3" t="42" w="867" /></phr></stem><stem n="&quot;http://&quot;"><phr n="&quot;http://&quot;"><ent r="3" t="42" w="871" /><ent r="3" t="60" w="1339" /></phr></stem><stem n=".arguments(0)"><phr n=".arguments(0)"><ent r="3" t="42" w="875" /></phr></stem><stem n="resum"><phr n="resume"><ent r="3" t="42" w="877" /><ent r="3" t="42" w="886" /></phr></stem><stem n=".open"><phr n=".Open"><ent r="3" t="42" w="880" /><ent r="3" t="60" w="1205" /></phr></stem><stem n="web.open"><phr n="web.Open"><ent r="3" t="42" w="880" /><ent r="3" t="42" w="879" /></phr></stem><stem n="&quot;get&quot;,"><phr n="&quot;GET&quot;,"><ent r="3" t="42" w="882" /><ent r="3" t="60" w="1207" /></phr></stem><stem n=".send"><phr n=".Send"><ent r="3" t="42" w="889" /><ent r="3" t="60" w="1220" /></phr></stem><stem n="web.send"><phr n="web.Send"><ent r="3" t="42" w="889" /><ent r="3" t="42" w="888" /></phr></stem><stem n=".number"><phr n=".Number"><ent r="3" t="42" w="892" /><ent r="3" t="42" w="901" /></phr></stem><stem n="err.numb"><phr n="err.Number"><ent r="3" t="42" w="892" /><ent r="3" t="42" w="891" /><ent r="3" t="42" w="901" /><ent r="3" t="42" w="900" /></phr></stem><stem n="returncod"><phr n="returncode"><ent r="3" t="42" w="896" /><ent r="3" t="42" w="908" /><ent r="3" t="42" w="911" /><ent r="3" t="42" w="918" /><ent r="3" t="42" w="937" /></phr></stem><stem n=".statu"><phr n=".Status"><ent r="3" t="42" w="905" /><ent r="3" t="60" w="1223" /></phr></stem><stem n="web.statu"><phr n="web.Status"><ent r="3" t="42" w="905" /><ent r="3" t="42" w="904" /></phr></stem><stem n="&quot;.&quot;"><phr n="&quot;.&quot;"><ent r="3" t="42" w="930" /></phr></stem><stem n=".quit(returncode)"><phr n=".quit(returncode)"><ent r="3" t="42" w="938" /></phr></stem><stem n="/tool:check_web.vbs&gt;"><phr n="/tool:check_web.vbs&gt;"><ent r="3" t="42" w="942" /></phr></stem><stem n="{chartable:...}"><phr n="{chartable:...}"><ent r="3" t="43" w="53" /></phr></stem><stem n="#!/bin/sh"><phr n="#!/bin/sh"><ent r="3" t="44" w="24" /></phr></stem><stem n="bin/sh"><phr n="bin/sh"><ent r="3" t="44" w="24" /><ent r="3" t="44" w="23" /></phr></stem><stem n="sh"><phr n="sh"><ent r="3" t="44" w="24" /><ent r="3" t="44" w="175" /><ent r="3" t="60" w="269" /><ent r="3" t="60" w="308" /><ent r="82" t="60" w="461" /></phr></stem><stem n="pretend"><phr n="pretend"><ent r="3" t="44" w="36" /></phr><phr n="Pretending"><ent r="3" t="45" w="477" /></phr></stem><stem n="&quot;\$&quot;"><phr n="&quot;\$&quot;"><ent r="3" t="44" w="43" /></phr></stem><stem n="&quot;$&quot;"><phr n="&quot;$&quot;"><ent r="3" t="44" w="47" /><ent r="3" t="44" w="49" /></phr></stem><stem n="\$addr"><phr n="\$addr"><ent r="3" t="44" w="57" /></phr></stem><stem n="$addr"><phr n="$addr"><ent r="3" t="44" w="57" /><ent r="3" t="44" w="210" /></phr></stem><stem n="$1"><phr n="$1"><ent r="3" t="44" w="58" /></phr></stem><stem n="\&quot;$1\&quot;,"><phr n="\&quot;$1\&quot;,"><ent r="3" t="44" w="59" /></phr></stem><stem n="\$result"><phr n="\$result"><ent r="3" t="44" w="59" /></phr></stem><stem n=":=1.2345"><phr n=":=1.2345"><ent r="3" t="44" w="61" /></phr></stem><stem n="1.2345"><phr n="1.2345"><ent r="3" t="44" w="61" /><ent r="3" t="44" w="60" /></phr></stem></index>