<?xml version="1.0" encoding="utf-8"?><index><stem n="&quot;[value]&quot;"><phr n="&quot;[value]&quot;"><ent r="3" t="5" w="49" /></phr></stem><stem n="/header&gt;"><phr n="/header&gt;"><ent r="3" t="5" w="51" /><ent r="3" t="5" w="784" /><ent r="3" t="14" w="192" /><ent r="3" t="14" w="811" /><ent r="3" t="15" w="363" /><ent r="3" t="19" w="358" /><ent r="3" t="21" w="1307" /><ent r="3" t="26" w="127" /><ent r="3" t="31" w="151" /><ent r="3" t="38" w="165" /><ent r="3" t="42" w="477" /><ent r="3" t="42" w="739" /><ent r="3" t="44" w="125" /><ent r="3" t="45" w="327" /><ent r="3" t="47" w="59" /><ent r="3" t="48" w="541" /></phr></stem><stem n="&lt;/header&gt;"><phr n="&lt;/header&gt;"><ent r="3" t="5" w="51" /><ent r="3" t="5" w="50" /><ent r="3" t="5" w="784" /><ent r="3" t="5" w="783" /><ent r="3" t="14" w="192" /><ent r="3" t="14" w="191" /><ent r="3" t="14" w="811" /><ent r="3" t="14" w="810" /><ent r="3" t="15" w="363" /><ent r="3" t="15" w="362" /><ent r="3" t="19" w="358" /><ent r="3" t="19" w="357" /><ent r="3" t="21" w="1307" /><ent r="3" t="21" w="1306" /><ent r="3" t="26" w="127" /><ent r="3" t="26" w="126" /><ent r="3" t="31" w="151" /><ent r="3" t="31" w="150" /><ent r="3" t="38" w="165" /><ent r="3" t="38" w="164" /><ent r="3" t="42" w="477" /><ent r="3" t="42" w="476" /><ent r="3" t="42" w="739" /><ent r="3" t="42" w="738" /><ent r="3" t="44" w="125" /><ent r="3" t="44" w="124" /><ent r="3" t="45" w="327" /><ent r="3" t="45" w="326" /><ent r="3" t="47" w="59" /><ent r="3" t="47" w="58" /><ent r="3" t="48" w="541" /><ent r="3" t="48" w="540" /></phr></stem><stem n="header&gt;"><phr n="header&gt;"><ent r="3" t="5" w="51" /><ent r="3" t="5" w="784" /><ent r="3" t="14" w="192" /><ent r="3" t="14" w="811" /><ent r="3" t="15" w="363" /><ent r="3" t="19" w="358" /><ent r="3" t="21" w="1307" /><ent r="3" t="26" w="127" /><ent r="3" t="31" w="151" /><ent r="3" t="38" w="165" /><ent r="3" t="42" w="477" /><ent r="3" t="42" w="739" /><ent r="3" t="44" w="125" /><ent r="3" t="45" w="327" /><ent r="3" t="47" w="59" /><ent r="3" t="48" w="541" /></phr></stem><stem n="note"><phr n="Note"><ent r="4" t="5" w="53" /><ent r="7" t="5" w="308" /><ent r="4" t="5" w="1155" /><ent r="4" t="6" w="98" /><ent r="3" t="7" w="306" /><ent r="3" t="10" w="224" /><ent r="3" t="12" w="35" /><ent r="3" t="13" w="29" /><ent r="6" t="13" w="154" /><ent r="6" t="13" w="196" /><ent r="6" t="13" w="235" /><ent r="6" t="13" w="911" /><ent r="3" t="14" w="997" /><ent r="3" t="14" w="1011" /><ent r="4" t="15" w="365" /><ent r="4" t="15" w="694" /><ent r="4" t="16" w="1042" /><ent r="4" t="16" w="1109" /><ent r="4" t="16" w="1226" /><ent r="4" t="18" w="724" /><ent r="3" t="18" w="1307" /><ent r="3" t="19" w="125" /><ent r="3" t="20" w="309" /><ent r="5" t="21" w="798" /><ent r="3" t="21" w="1242" /><ent r="4" t="23" w="917" /><ent r="3" t="23" w="925" /><ent r="4" t="23" w="2693" /><ent r="4" t="23" w="3029" /><ent r="5" t="24" w="269" /><ent r="3" t="25" w="799" /><ent r="4" t="27" w="288" /><ent r="4" t="28" w="482" /><ent r="4" t="28" w="730" /><ent r="4" t="33" w="1026" /><ent r="3" t="34" w="969" /><ent r="4" t="34" w="1589" /><ent r="4" t="36" w="1781" /><ent r="4" t="36" w="2717" /><ent r="4" t="36" w="3427" /><ent r="4" t="36" w="3544" /><ent r="3" t="36" w="4199" /><ent r="3" t="36" w="4306" /><ent r="3" t="36" w="4369" /><ent r="92" t="37" w="303" /><ent r="5" t="39" w="1006" /><ent r="4" t="39" w="1169" /><ent r="4" t="40" w="263" /><ent r="3" t="40" w="394" /><ent r="3" t="44" w="38" /><ent r="3" t="44" w="62" /><ent r="5" t="48" w="233" /><ent r="3" t="53" w="390" /><ent r="4" t="54" w="435" /><ent r="4" t="54" w="777" /><ent r="4" t="57" w="440" /><ent r="3" t="65" w="349" /><ent r="3" t="65" w="389" /><ent r="4" t="65" w="634" /><ent r="8" t="67" w="521" /><ent r="7" t="67" w="704" /><ent r="4" t="68" w="67" /><ent r="7" t="69" w="597" /><ent r="7" t="69" w="735" /><ent r="4" t="69" w="1560" /><ent r="6" t="69" w="1707" /><ent r="5" t="69" w="1756" /><ent r="7" t="69" w="2298" /><ent r="7" t="69" w="2377" /><ent r="3" t="74" w="6" /></phr><phr n="note"><ent r="4" t="11" w="74" /><ent r="65" t="16" w="241" /><ent r="3" t="31" w="376" /><ent r="3" t="33" w="397" /><ent r="4" t="54" w="191" /><ent r="3" t="70" w="376" /></phr><phr n="Notes"><ent r="4" t="16" w="752" /><ent r="5" t="36" w="1916" /><ent r="4" t="36" w="2177" /><ent r="4" t="36" w="2386" /><ent r="4" t="36" w="2855" /><ent r="5" t="40" w="171" /><ent r="4" t="45" w="138" /><ent r="7" t="69" w="1202" /></phr></stem><stem n="uniqu"><phr n="uniquely"><ent r="3" t="5" w="59" /></phr><phr n="unique"><ent r="3" t="5" w="89" /><ent r="4" t="5" w="1249" /><ent r="4" t="18" w="263" /><ent r="3" t="18" w="448" /><ent r="3" t="55" w="283" /><ent r="4" t="77" w="63" /></phr></stem><stem n="requir"><phr n="required"><ent r="3" t="5" w="72" /><ent r="6" t="5" w="370" /><ent r="3" t="11" w="434" /><ent r="3" t="14" w="199" /><ent r="3" t="14" w="1153" /><ent r="3" t="19" w="363" /><ent r="3" t="22" w="99" /><ent r="4" t="36" w="378" /><ent r="3" t="36" w="2908" /><ent r="3" t="36" w="4448" /><ent r="5" t="37" w="111" /><ent r="4" t="49" w="205" /><ent r="3" t="63" w="305" /><ent r="3" t="65" w="531" /><ent r="3" t="69" w="32" /><ent r="6" t="69" w="508" /></phr><phr n="requires"><ent r="4" t="15" w="956" /><ent r="4" t="24" w="201" /><ent r="3" t="45" w="89" /><ent r="4" t="59" w="65" /><ent r="3" t="60" w="251" /><ent r="3" t="60" w="538" /></phr><phr n="requirements"><ent r="3" t="34" w="326" /></phr><phr n="require"><ent r="4" t="48" w="263" /><ent r="3" t="60" w="104" /><ent r="4" t="60" w="439" /><ent r="3" t="61" w="89" /><ent r="3" t="69" w="38" /></phr><phr n="requiring"><ent r="3" t="55" w="720" /></phr><phr n="Requires"><ent r="3" t="60" w="476" /></phr></stem><stem n="strongli"><phr n="strongly"><ent r="3" t="5" w="74" /></phr></stem><stem n="identif"><phr n="identifer"><ent r="3" t="5" w="90" /></phr><phr n="identification"><ent r="3" t="20" w="160" /></phr></stem><stem n="support"><phr n="supports"><ent r="6" t="5" w="113" /><ent r="3" t="13" w="1478" /><ent r="3" t="16" w="1583" /><ent r="3" t="18" w="1024" /><ent r="3" t="21" w="310" /><ent r="3" t="23" w="2698" /><ent r="3" t="25" w="18" /><ent r="3" t="25" w="44" /><ent r="3" t="37" w="150" /></phr><phr n="Supports"><ent r="4" t="23" w="91" /><ent r="4" t="23" w="103" /><ent r="4" t="23" w="138" /><ent r="4" t="23" w="161" /><ent r="4" t="23" w="181" /><ent r="4" t="23" w="205" /><ent r="4" t="23" w="233" /></phr><phr n="supported"><ent r="4" t="23" w="275" /><ent r="3" t="23" w="1191" /><ent r="3" t="23" w="1665" /><ent r="3" t="34" w="980" /><ent r="3" t="36" w="4535" /><ent r="3" t="58" w="193" /><ent r="3" t="60" w="1005" /></phr><phr n="Supported"><ent r="3" t="25" w="954" /><ent r="3" t="58" w="120" /></phr><phr n="support"><ent r="3" t="32" w="116" /><ent r="64" t="51" w="81" /><ent r="3" t="54" w="928" /><ent r="4" t="60" w="410" /><ent r="6" t="69" w="2313" /></phr></stem><stem n="builtin"><phr n="Builtin"><ent r="100" t="5" w="122" /></phr><phr n="builtin"><ent r="8" t="5" w="124" /></phr></stem><stem n="-script"><phr n="-script"><ent r="100" t="5" w="128" /><ent r="100" t="5" w="128" /><ent r="8" t="5" w="131" /><ent r="8" t="5" w="131" /><ent r="8" t="5" w="211" /><ent r="8" t="5" w="211" /><ent r="100" t="38" w="122" /><ent r="100" t="38" w="122" /></phr></stem><stem n="tcp-script"><phr n="Tcp-script"><ent r="100" t="5" w="128" /><ent r="100" t="38" w="122" /></phr><phr n="tcp-script"><ent r="8" t="5" w="131" /><ent r="8" t="5" w="211" /><ent r="3" t="5" w="744" /><ent r="3" t="13" w="983" /><ent r="3" t="33" w="13" /><ent r="3" t="38" w="126" /></phr></stem><stem n="-snmp"><phr n="-snmp"><ent r="100" t="5" w="136" /><ent r="100" t="5" w="136" /><ent r="8" t="5" w="139" /><ent r="8" t="5" w="139" /><ent r="8" t="5" w="179" /><ent r="8" t="5" w="179" /><ent r="3" t="21" w="1143" /><ent r="3" t="21" w="1143" /><ent r="3" t="25" w="464" /><ent r="3" t="25" w="464" /><ent r="3" t="31" w="305" /><ent r="3" t="31" w="305" /><ent r="3" t="31" w="337" /><ent r="3" t="31" w="337" /></phr><phr n="-SNMP"><ent r="5" t="9" w="689" /><ent r="5" t="9" w="689" /></phr></stem><stem n="custom-snmp"><phr n="Custom-snmp"><ent r="100" t="5" w="136" /></phr><phr n="custom-snmp"><ent r="8" t="5" w="139" /><ent r="7" t="5" w="142" /><ent r="8" t="5" w="179" /><ent r="7" t="5" w="192" /><ent r="4" t="5" w="825" /><ent r="3" t="14" w="152" /><ent r="3" t="15" w="8" /><ent r="3" t="15" w="359" /><ent r="3" t="19" w="325" /><ent r="3" t="21" w="1279" /><ent r="3" t="26" w="93" /><ent r="3" t="27" w="15" /><ent r="3" t="31" w="65" /><ent r="3" t="31" w="121" /></phr></stem><stem n="-snmp-trap"><phr n="-snmp-trap"><ent r="7" t="5" w="142" /><ent r="7" t="5" w="143" /><ent r="7" t="5" w="192" /><ent r="7" t="5" w="193" /></phr></stem><stem n="custom-snmp-trap"><phr n="custom-snmp-trap"><ent r="7" t="5" w="142" /><ent r="7" t="5" w="192" /><ent r="3" t="27" w="15" /><ent r="3" t="31" w="65" /><ent r="3" t="31" w="121" /></phr></stem><stem n="snmp-trap"><phr n="snmp-trap"><ent r="7" t="5" w="143" /><ent r="7" t="5" w="193" /><ent r="3" t="27" w="16" /><ent r="3" t="31" w="66" /><ent r="3" t="31" w="122" /></phr></stem><stem n="cmd"><phr n="cmd"><ent r="8" t="5" w="152" /><ent r="6" t="5" w="156" /><ent r="8" t="5" w="228" /><ent r="3" t="13" w="99" /><ent r="3" t="13" w="298" /><ent r="3" t="14" w="781" /><ent r="3" t="14" w="1068" /><ent r="3" t="39" w="21" /><ent r="4" t="39" w="608" /><ent r="5" t="40" w="49" /><ent r="5" t="40" w="243" /><ent r="4" t="40" w="279" /><ent r="5" t="40" w="290" /><ent r="5" t="40" w="324" /><ent r="5" t="40" w="337" /><ent r="5" t="40" w="353" /><ent r="3" t="40" w="521" /><ent r="4" t="42" w="220" /><ent r="3" t="42" w="232" /><ent r="3" t="42" w="244" /><ent r="4" t="42" w="376" /><ent r="3" t="42" w="450" /><ent r="3" t="42" w="509" /><ent r="3" t="42" w="709" /><ent r="3" t="42" w="773" /><ent r="3" t="44" w="89" /><ent r="3" t="44" w="102" /><ent r="3" t="44" w="109" /><ent r="3" t="44" w="173" /><ent r="3" t="45" w="301" /><ent r="3" t="45" w="377" /><ent r="3" t="47" w="31" /><ent r="3" t="47" w="213" /><ent r="5" t="48" w="210" /><ent r="3" t="48" w="513" /><ent r="3" t="48" w="599" /></phr></stem><stem n="cmd-line"><phr n="cmd-line"><ent r="8" t="5" w="152" /><ent r="6" t="5" w="156" /><ent r="8" t="5" w="228" /><ent r="3" t="13" w="99" /><ent r="3" t="13" w="298" /><ent r="3" t="14" w="781" /><ent r="3" t="39" w="21" /><ent r="3" t="42" w="450" /><ent r="3" t="42" w="709" /><ent r="3" t="44" w="102" /><ent r="3" t="45" w="301" /><ent r="3" t="47" w="31" /><ent r="3" t="48" w="513" /></phr></stem><stem n="&quot;cmd-line&quot;"><phr n="&quot;cmd-line&quot;"><ent r="6" t="5" w="158" /><ent r="3" t="14" w="783" /><ent r="3" t="42" w="452" /><ent r="3" t="42" w="711" /><ent r="3" t="44" w="104" /><ent r="3" t="47" w="33" /><ent r="3" t="48" w="515" /></phr></stem><stem n=":custom"><phr n=":Custom"><ent r="100" t="5" w="167" /><ent r="100" t="38" w="45" /><ent r="100" t="49" w="46" /></phr><phr n=":Customizing"><ent r="100" t="10" w="10" /><ent r="100" t="64" w="10" /></phr></stem><stem n="packag"><phr n="package"><ent r="6" t="5" w="234" /><ent r="6" t="5" w="247" /><ent r="6" t="5" w="276" /><ent r="6" t="5" w="285" /><ent r="6" t="5" w="290" /><ent r="6" t="5" w="324" /><ent r="3" t="5" w="747" /><ent r="5" t="5" w="1244" /><ent r="4" t="5" w="1278" /><ent r="4" t="5" w="1302" /><ent r="3" t="5" w="1364" /><ent r="3" t="5" w="1390" /><ent r="3" t="5" w="1415" /><ent r="3" t="14" w="155" /><ent r="3" t="14" w="783" /><ent r="3" t="19" w="327" /><ent r="3" t="21" w="1281" /><ent r="3" t="26" w="95" /><ent r="3" t="31" w="124" /><ent r="3" t="38" w="128" /><ent r="3" t="42" w="452" /><ent r="3" t="42" w="711" /><ent r="3" t="44" w="104" /><ent r="3" t="45" w="303" /><ent r="3" t="47" w="33" /><ent r="3" t="48" w="515" /><ent r="5" t="77" w="58" /><ent r="4" t="77" w="92" /><ent r="4" t="77" w="116" /><ent r="3" t="77" w="178" /><ent r="3" t="77" w="204" /><ent r="3" t="77" w="229" /></phr><phr n="packaged"><ent r="3" t="61" w="99" /></phr></stem><stem n="up"><phr n="up"><ent r="6" t="5" w="250" /><ent r="4" t="15" w="966" /><ent r="6" t="16" w="339" /><ent r="6" t="16" w="483" /><ent r="3" t="16" w="1675" /><ent r="3" t="16" w="1690" /><ent r="4" t="16" w="1762" /><ent r="3" t="21" w="923" /><ent r="82" t="21" w="1037" /><ent r="6" t="23" w="2623" /><ent r="4" t="24" w="211" /><ent r="3" t="27" w="247" /><ent r="3" t="33" w="1048" /><ent r="3" t="36" w="1287" /><ent r="3" t="36" w="2545" /><ent r="3" t="36" w="3261" /><ent r="3" t="36" w="3552" /><ent r="3" t="57" w="92" /><ent r="3" t="60" w="73" /><ent r="3" t="62" w="11" /><ent r="6" t="69" w="1122" /><ent r="6" t="69" w="1387" /></phr><phr n="UPS"><ent r="5" t="9" w="47" /><ent r="5" t="9" w="89" /><ent r="5" t="9" w="95" /><ent r="5" t="9" w="148" /><ent r="5" t="9" w="207" /><ent r="5" t="9" w="311" /><ent r="5" t="9" w="743" /><ent r="5" t="9" w="784" /><ent r="5" t="9" w="831" /><ent r="100" t="15" w="906" /><ent r="100" t="15" w="910" /><ent r="4" t="15" w="923" /><ent r="100" t="24" w="153" /><ent r="100" t="24" w="157" /><ent r="4" t="24" w="170" /></phr><phr n="Up"><ent r="3" t="32" w="225" /></phr><phr n="UP"><ent r="100" t="34" w="289" /><ent r="4" t="34" w="291" /><ent r="3" t="46" w="142" /><ent r="3" t="46" w="144" /><ent r="3" t="46" w="146" /></phr></stem><stem n="domain"><phr n="domain"><ent r="6" t="5" w="253" /><ent r="4" t="5" w="1286" /><ent r="100" t="70" w="427" /><ent r="4" t="70" w="432" /><ent r="3" t="70" w="444" /><ent r="3" t="70" w="457" /><ent r="3" t="70" w="471" /><ent r="4" t="77" w="100" /></phr></stem><stem n="organ"><phr n="organization"><ent r="6" t="5" w="257" /><ent r="5" t="5" w="416" /><ent r="4" t="5" w="1252" /><ent r="4" t="5" w="1283" /><ent r="4" t="77" w="66" /><ent r="4" t="77" w="97" /></phr><phr n="organizations"><ent r="6" t="5" w="295" /><ent r="4" t="5" w="1307" /><ent r="4" t="77" w="121" /></phr><phr n="ORGANIZATION"><ent r="3" t="32" w="91" /></phr></stem><stem n="label"><phr n="labels"><ent r="6" t="5" w="264" /></phr><phr n="label"><ent r="4" t="8" w="178" /><ent r="5" t="13" w="320" /><ent r="5" t="13" w="646" /><ent r="5" t="13" w="1296" /><ent r="4" t="16" w="728" /><ent r="3" t="32" w="257" /><ent r="3" t="34" w="1142" /><ent r="3" t="34" w="1165" /><ent r="3" t="34" w="1202" /><ent r="4" t="36" w="2698" /><ent r="3" t="36" w="2797" /><ent r="4" t="36" w="3053" /><ent r="3" t="36" w="3177" /><ent r="3" t="36" w="4265" /><ent r="3" t="46" w="585" /></phr><phr n="Label"><ent r="100" t="34" w="184" /><ent r="100" t="34" w="194" /><ent r="100" t="34" w="1162" /><ent r="100" t="34" w="1184" /><ent r="82" t="34" w="1190" /></phr><phr n="Labels"><ent r="100" t="34" w="192" /><ent r="65" t="34" w="197" /><ent r="92" t="34" w="1135" /><ent r="3" t="34" w="1157" /><ent r="4" t="34" w="1168" /></phr></stem><stem n="revers"><phr n="reversed"><ent r="6" t="5" w="265" /><ent r="4" t="5" w="1291" /><ent r="4" t="77" w="105" /></phr></stem><stem n=".dartwar"><phr n=".dartware"><ent r="100" t="5" w="283" /><ent r="100" t="5" w="1260" /><ent r="100" t="38" w="85" /><ent r="100" t="77" w="74" /></phr></stem><stem n="com.dartwar"><phr n="Com.dartware"><ent r="100" t="5" w="283" /><ent r="100" t="5" w="282" /><ent r="100" t="5" w="314" /><ent r="100" t="5" w="313" /><ent r="100" t="5" w="1260" /><ent r="100" t="5" w="1259" /><ent r="100" t="5" w="1352" /><ent r="100" t="5" w="1351" /><ent r="100" t="38" w="85" /><ent r="100" t="38" w="84" /><ent r="100" t="38" w="91" /><ent r="100" t="38" w="90" /><ent r="100" t="77" w="74" /><ent r="100" t="77" w="73" /><ent r="100" t="77" w="166" /><ent r="100" t="77" w="165" /></phr><phr n="com.dartware"><ent r="6" t="5" w="287" /><ent r="6" t="5" w="286" /><ent r="6" t="5" w="343" /><ent r="6" t="5" w="342" /><ent r="3" t="5" w="749" /><ent r="3" t="5" w="748" /><ent r="4" t="5" w="1305" /><ent r="4" t="5" w="1304" /><ent r="5" t="5" w="1357" /><ent r="5" t="5" w="1356" /><ent r="3" t="5" w="1417" /><ent r="3" t="5" w="1416" /><ent r="3" t="14" w="58" /><ent r="3" t="14" w="57" /><ent r="3" t="14" w="157" /><ent r="3" t="14" w="156" /><ent r="3" t="14" w="736" /><ent r="3" t="14" w="735" /><ent r="3" t="14" w="785" /><ent r="3" t="14" w="784" /><ent r="3" t="19" w="293" /><ent r="3" t="19" w="292" /><ent r="3" t="19" w="329" /><ent r="3" t="19" w="328" /><ent r="3" t="21" w="1283" /><ent r="3" t="21" w="1282" /><ent r="3" t="26" w="15" /><ent r="3" t="26" w="14" /><ent r="3" t="26" w="97" /><ent r="3" t="26" w="96" /><ent r="3" t="31" w="26" /><ent r="3" t="31" w="25" /><ent r="3" t="31" w="126" /><ent r="3" t="31" w="125" /><ent r="3" t="38" w="98" /><ent r="3" t="38" w="97" /><ent r="3" t="38" w="130" /><ent r="3" t="38" w="129" /><ent r="4" t="42" w="213" /><ent r="4" t="42" w="212" /><ent r="4" t="42" w="284" /><ent r="4" t="42" w="283" /><ent r="3" t="42" w="434" /><ent r="3" t="42" w="433" /><ent r="3" t="42" w="454" /><ent r="3" t="42" w="453" /><ent r="3" t="42" w="713" /><ent r="3" t="42" w="712" /><ent r="3" t="44" w="88" /><ent r="3" t="44" w="87" /><ent r="3" t="44" w="106" /><ent r="3" t="44" w="105" /><ent r="3" t="45" w="226" /><ent r="3" t="45" w="225" /><ent r="3" t="45" w="305" /><ent r="3" t="45" w="304" /><ent r="3" t="47" w="17" /><ent r="3" t="47" w="16" /><ent r="3" t="47" w="35" /><ent r="3" t="47" w="34" /><ent r="3" t="48" w="488" /><ent r="3" t="48" w="487" /><ent r="3" t="48" w="517" /><ent r="3" t="48" w="516" /><ent r="3" t="53" w="134" /><ent r="3" t="53" w="133" /><ent r="4" t="77" w="119" /><ent r="4" t="77" w="118" /><ent r="5" t="77" w="171" /><ent r="5" t="77" w="170" /><ent r="3" t="77" w="231" /><ent r="3" t="77" w="230" /></phr></stem><stem n="&quot;com.dartware&quot;"><phr n="&quot;com.dartware&quot;"><ent r="6" t="5" w="288" /><ent r="3" t="5" w="750" /><ent r="3" t="5" w="1418" /><ent r="3" t="14" w="158" /><ent r="3" t="14" w="786" /><ent r="3" t="19" w="330" /><ent r="3" t="21" w="1284" /><ent r="3" t="26" w="98" /><ent r="3" t="31" w="127" /><ent r="3" t="38" w="131" /><ent r="3" t="42" w="455" /><ent r="3" t="42" w="714" /><ent r="3" t="44" w="107" /><ent r="3" t="47" w="36" /><ent r="3" t="48" w="518" /><ent r="3" t="77" w="232" /></phr></stem><stem n="guarante"><phr n="guarantees"><ent r="6" t="5" w="292" /><ent r="3" t="27" w="241" /></phr></stem><stem n="concern"><phr n="concern"><ent r="6" t="5" w="300" /></phr></stem><stem n="conflict"><phr n="conflict"><ent r="6" t="5" w="306" /></phr><phr n="conflicts"><ent r="3" t="25" w="999" /><ent r="92" t="50" w="53" /></phr></stem><stem n=".custom"><phr n=".custom"><ent r="100" t="5" w="311" /><ent r="100" t="5" w="1349" /><ent r="100" t="38" w="88" /><ent r="100" t="77" w="163" /></phr></stem><stem n="tcp.custom"><phr n="Tcp.custom"><ent r="100" t="5" w="311" /><ent r="100" t="5" w="310" /><ent r="100" t="5" w="1349" /><ent r="100" t="5" w="1348" /><ent r="100" t="38" w="88" /><ent r="100" t="38" w="87" /><ent r="100" t="77" w="163" /><ent r="100" t="77" w="162" /></phr><phr n="tcp.custom"><ent r="3" t="5" w="1421" /><ent r="3" t="5" w="1420" /><ent r="3" t="38" w="138" /><ent r="3" t="38" w="137" /><ent r="3" t="77" w="235" /><ent r="3" t="77" w="234" /></phr></stem><stem n="com.dartware.tcp"><phr n="Com.dartware.tcp"><ent r="100" t="5" w="315" /><ent r="100" t="5" w="313" /><ent r="100" t="5" w="1353" /><ent r="100" t="5" w="1351" /><ent r="100" t="38" w="92" /><ent r="100" t="38" w="90" /><ent r="100" t="77" w="167" /><ent r="100" t="77" w="165" /></phr><phr n="com.dartware.tcp"><ent r="6" t="5" w="344" /><ent r="6" t="5" w="342" /><ent r="5" t="5" w="1358" /><ent r="5" t="5" w="1356" /><ent r="3" t="38" w="99" /><ent r="3" t="38" w="97" /><ent r="5" t="77" w="172" /><ent r="5" t="77" w="170" /></phr></stem><stem n=".dartware.tcp.custom"><phr n=".dartware.tcp.custom"><ent r="100" t="5" w="316" /><ent r="100" t="5" w="1354" /><ent r="5" t="5" w="1359" /><ent r="100" t="38" w="93" /><ent r="100" t="77" w="168" /><ent r="5" t="77" w="173" /></phr></stem><stem n="com.dartware.tcp.custom"><phr n="Com.dartware.tcp.custom"><ent r="100" t="5" w="316" /><ent r="100" t="5" w="313" /><ent r="100" t="5" w="1354" /><ent r="100" t="5" w="1351" /><ent r="100" t="38" w="93" /><ent r="100" t="38" w="90" /><ent r="100" t="77" w="168" /><ent r="100" t="77" w="165" /></phr><phr n="com.dartware.tcp.custom"><ent r="6" t="5" w="345" /><ent r="6" t="5" w="342" /><ent r="5" t="5" w="1359" /><ent r="5" t="5" w="1356" /><ent r="3" t="38" w="100" /><ent r="3" t="38" w="97" /><ent r="5" t="77" w="173" /><ent r="5" t="77" w="170" /></phr></stem><stem n="_name"><phr n="_name"><ent r="100" t="5" w="319" /><ent r="6" t="5" w="396" /><ent r="5" t="5" w="409" /><ent r="100" t="5" w="421" /><ent r="6" t="5" w="424" /><ent r="100" t="5" w="520" /><ent r="6" t="5" w="523" /><ent r="6" t="5" w="532" /><ent r="6" t="5" w="561" /><ent r="6" t="5" w="572" /><ent r="3" t="14" w="103" /><ent r="3" t="14" w="787" /><ent r="3" t="14" w="791" /><ent r="3" t="14" w="803" /><ent r="3" t="19" w="351" /><ent r="3" t="21" w="1285" /><ent r="3" t="21" w="1289" /><ent r="100" t="34" w="1163" /><ent r="100" t="38" w="133" /><ent r="3" t="38" w="136" /><ent r="100" t="38" w="141" /><ent r="3" t="38" w="144" /><ent r="3" t="42" w="456" /><ent r="3" t="42" w="461" /><ent r="3" t="42" w="471" /><ent r="3" t="42" w="715" /><ent r="3" t="42" w="720" /><ent r="3" t="42" w="730" /><ent r="3" t="44" w="108" /><ent r="3" t="44" w="112" /><ent r="3" t="45" w="284" /><ent r="3" t="45" w="321" /><ent r="3" t="47" w="37" /><ent r="3" t="47" w="41" /><ent r="3" t="47" w="51" /><ent r="3" t="48" w="519" /><ent r="3" t="48" w="523" /><ent r="3" t="48" w="534" /><ent r="100" t="67" w="758" /></phr></stem><stem n="probe_nam"><phr n="Probe_name"><ent r="100" t="5" w="319" /><ent r="100" t="5" w="318" /><ent r="100" t="38" w="133" /><ent r="100" t="38" w="132" /></phr><phr n="probe_name"><ent r="6" t="5" w="326" /><ent r="6" t="5" w="325" /><ent r="6" t="5" w="396" /><ent r="6" t="5" w="395" /><ent r="5" t="5" w="409" /><ent r="5" t="5" w="408" /><ent r="3" t="5" w="752" /><ent r="3" t="5" w="751" /><ent r="3" t="14" w="160" /><ent r="3" t="14" w="159" /><ent r="3" t="14" w="787" /><ent r="3" t="14" w="786" /><ent r="3" t="19" w="331" /><ent r="3" t="19" w="330" /><ent r="3" t="21" w="1285" /><ent r="3" t="21" w="1284" /><ent r="3" t="26" w="99" /><ent r="3" t="26" w="98" /><ent r="3" t="31" w="128" /><ent r="3" t="31" w="127" /><ent r="3" t="38" w="136" /><ent r="3" t="38" w="135" /><ent r="3" t="42" w="456" /><ent r="3" t="42" w="455" /><ent r="3" t="42" w="715" /><ent r="3" t="42" w="714" /><ent r="3" t="44" w="108" /><ent r="3" t="44" w="107" /><ent r="3" t="45" w="307" /><ent r="3" t="45" w="306" /><ent r="3" t="47" w="37" /><ent r="3" t="47" w="36" /><ent r="3" t="48" w="519" /><ent r="3" t="48" w="518" /></phr></stem><stem n="combin"><phr n="combination"><ent r="6" t="5" w="322" /><ent r="3" t="5" w="1387" /><ent r="3" t="25" w="925" /><ent r="3" t="38" w="249" /><ent r="3" t="77" w="201" /></phr><phr n="combined"><ent r="4" t="23" w="746" /><ent r="3" t="23" w="1137" /></phr><phr n="combine"><ent r="3" t="63" w="425" /><ent r="4" t="69" w="1566" /></phr></stem><stem n="[package].[probe_name]"><phr n="[package].[probe_name]"><ent r="6" t="5" w="327" /></phr></stem><stem n="togeth"><phr n="together"><ent r="6" t="5" w="327" /></phr></stem><stem n="(in"><phr n="(In"><ent r="6" t="5" w="334" /></phr><phr n="(in"><ent r="4" t="8" w="275" /><ent r="4" t="16" w="1756" /><ent r="3" t="20" w="456" /><ent r="3" t="33" w="630" /><ent r="3" t="34" w="1249" /><ent r="3" t="36" w="4576" /><ent r="3" t="42" w="296" /></phr></stem><stem n="&quot;com.dartware.tcp.custom&quot;)"><phr n="&quot;com.dartware.tcp.custom&quot;)"><ent r="6" t="5" w="346" /></phr></stem><stem n="hold"><phr n="holds"><ent r="6" t="5" w="354" /><ent r="4" t="15" w="234" /></phr><phr n="hold"><ent r="3" t="10" w="342" /><ent r="3" t="10" w="400" /><ent r="4" t="18" w="189" /><ent r="4" t="18" w="238" /><ent r="3" t="37" w="234" /></phr></stem><stem n="good"><phr n="good"><ent r="6" t="5" w="375" /><ent r="3" t="14" w="1044" /><ent r="3" t="14" w="1224" /><ent r="3" t="14" w="1286" /><ent r="3" t="39" w="570" /><ent r="3" t="42" w="332" /><ent r="3" t="45" w="37" /><ent r="3" t="60" w="20" /></phr></stem><stem n="idea"><phr n="idea"><ent r="6" t="5" w="376" /></phr></stem><stem n="second"><phr n="second"><ent r="5" t="5" w="399" /><ent r="7" t="8" w="434" /><ent r="7" t="8" w="441" /><ent r="7" t="8" w="448" /><ent r="7" t="8" w="455" /><ent r="7" t="8" w="476" /><ent r="7" t="8" w="483" /><ent r="7" t="8" w="490" /><ent r="7" t="8" w="497" /><ent r="7" t="8" w="504" /><ent r="5" t="9" w="474" /><ent r="5" t="9" w="483" /><ent r="100" t="16" w="253" /><ent r="7" t="16" w="489" /><ent r="4" t="16" w="1140" /><ent r="4" t="16" w="1152" /><ent r="4" t="18" w="784" /><ent r="4" t="23" w="3010" /><ent r="4" t="28" w="291" /><ent r="3" t="28" w="703" /><ent r="4" t="34" w="826" /><ent r="3" t="36" w="1293" /><ent r="3" t="36" w="3395" /><ent r="4" t="68" w="239" /><ent r="6" t="69" w="1921" /></phr><phr n="seconds"><ent r="6" t="5" w="667" /><ent r="7" t="8" w="403" /><ent r="5" t="13" w="1104" /><ent r="5" t="13" w="1187" /><ent r="3" t="14" w="669" /><ent r="4" t="23" w="642" /><ent r="4" t="23" w="805" /><ent r="3" t="23" w="1644" /><ent r="3" t="23" w="1890" /><ent r="3" t="33" w="127" /><ent r="3" t="34" w="1208" /><ent r="4" t="36" w="737" /><ent r="4" t="36" w="911" /><ent r="3" t="36" w="1278" /><ent r="3" t="36" w="2963" /><ent r="3" t="36" w="3693" /><ent r="3" t="36" w="3713" /><ent r="3" t="36" w="3739" /><ent r="3" t="36" w="3766" /><ent r="3" t="36" w="3888" /><ent r="3" t="36" w="4116" /><ent r="3" t="36" w="4159" /><ent r="3" t="36" w="4252" /><ent r="3" t="38" w="286" /><ent r="3" t="38" w="302" /><ent r="3" t="38" w="581" /><ent r="4" t="54" w="310" /><ent r="4" t="54" w="320" /></phr><phr n="Seconds"><ent r="100" t="7" w="107" /><ent r="3" t="7" w="157" /><ent r="100" t="38" w="28" /><ent r="3" t="38" w="278" /><ent r="3" t="38" w="431" /><ent r="3" t="38" w="471" /><ent r="3" t="38" w="578" /></phr><phr n="SECOND"><ent r="3" t="13" w="2087" /><ent r="3" t="14" w="406" /><ent r="3" t="14" w="498" /><ent r="3" t="14" w="702" /><ent r="3" t="15" w="639" /><ent r="100" t="16" w="262" /><ent r="4" t="28" w="790" /></phr><phr n="Second"><ent r="9" t="16" w="675" /><ent r="3" t="19" w="248" /><ent r="3" t="19" w="454" /><ent r="3" t="19" w="489" /><ent r="3" t="19" w="521" /><ent r="3" t="19" w="551" /><ent r="4" t="23" w="1751" /><ent r="3" t="28" w="723" /></phr></stem><stem n="whatev"><phr n="whatever"><ent r="5" t="5" w="412" /><ent r="5" t="36" w="1838" /></phr></stem></index>