<?xml version="1.0" encoding="utf-8"?><index><stem n="overrid"><phr n="overrides"><ent r="6" t="5" w="669" /><ent r="4" t="8" w="184" /><ent r="4" t="8" w="732" /><ent r="3" t="36" w="3439" /></phr><phr n="override"><ent r="6" t="5" w="703" /><ent r="3" t="10" w="36" /><ent r="4" t="24" w="316" /></phr></stem><stem n="map"><phr n="map"><ent r="6" t="5" w="671" /><ent r="3" t="10" w="347" /><ent r="3" t="10" w="405" /><ent r="4" t="20" w="862" /><ent r="4" t="21" w="635" /><ent r="3" t="27" w="129" /><ent r="4" t="30" w="195" /><ent r="3" t="31" w="399" /><ent r="3" t="31" w="554" /><ent r="3" t="32" w="265" /><ent r="3" t="32" w="357" /><ent r="3" t="39" w="62" /><ent r="4" t="46" w="302" /><ent r="4" t="49" w="142" /><ent r="3" t="56" w="191" /><ent r="3" t="57" w="461" /><ent r="3" t="57" w="476" /><ent r="3" t="57" w="493" /><ent r="3" t="57" w="500" /><ent r="3" t="58" w="393" /><ent r="4" t="59" w="49" /><ent r="4" t="65" w="578" /><ent r="6" t="67" w="744" /><ent r="6" t="67" w="817" /><ent r="3" t="69" w="213" /><ent r="6" t="69" w="259" /><ent r="6" t="69" w="288" /><ent r="6" t="69" w="369" /><ent r="6" t="69" w="551" /><ent r="6" t="69" w="565" /><ent r="6" t="69" w="627" /><ent r="6" t="69" w="873" /><ent r="6" t="69" w="1001" /><ent r="6" t="69" w="1015" /><ent r="7" t="69" w="1409" /><ent r="6" t="69" w="1426" /><ent r="7" t="69" w="1462" /><ent r="6" t="69" w="1482" /><ent r="6" t="69" w="1491" /><ent r="6" t="69" w="1533" /><ent r="6" t="69" w="1547" /><ent r="4" t="69" w="1568" /><ent r="4" t="69" w="1602" /><ent r="3" t="70" w="126" /><ent r="3" t="70" w="265" /></phr><phr n="Map"><ent r="3" t="18" w="1330" /><ent r="5" t="30" w="182" /></phr><phr n="mapped"><ent r="4" t="21" w="254" /><ent r="4" t="46" w="754" /></phr><phr n="maps"><ent r="3" t="27" w="69" /><ent r="3" t="27" w="104" /><ent r="3" t="27" w="121" /><ent r="4" t="46" w="765" /><ent r="6" t="57" w="279" /><ent r="3" t="57" w="459" /><ent r="3" t="57" w="499" /><ent r="3" t="58" w="232" /><ent r="3" t="58" w="261" /><ent r="6" t="60" w="190" /><ent r="3" t="60" w="656" /><ent r="3" t="60" w="1093" /><ent r="3" t="65" w="667" /><ent r="3" t="69" w="238" /><ent r="6" t="69" w="475" /><ent r="6" t="69" w="617" /><ent r="3" t="73" w="51" /></phr><phr n="Maps"><ent r="4" t="57" w="33" /><ent r="4" t="57" w="84" /><ent r="6" t="57" w="276" /><ent r="92" t="57" w="454" /><ent r="4" t="58" w="71" /><ent r="6" t="60" w="187" /><ent r="3" t="60" w="658" /><ent r="3" t="60" w="1095" /></phr></stem><stem n="map'"><phr n="map's"><ent r="6" t="5" w="672" /><ent r="6" t="5" w="671" /><ent r="6" t="67" w="818" /><ent r="6" t="67" w="817" /><ent r="6" t="69" w="874" /><ent r="6" t="69" w="873" /><ent r="3" t="70" w="266" /><ent r="3" t="70" w="265" /></phr></stem><stem n="avoid"><phr n="avoid"><ent r="6" t="5" w="680" /><ent r="4" t="25" w="611" /></phr></stem><stem n="-frequent"><phr n="-frequent"><ent r="6" t="5" w="681" /><ent r="6" t="5" w="681" /></phr></stem><stem n="too"><phr n="too"><ent r="6" t="5" w="681" /><ent r="6" t="5" w="692" /><ent r="4" t="16" w="1035" /><ent r="3" t="17" w="169" /><ent r="3" t="17" w="182" /><ent r="3" t="34" w="1597" /><ent r="3" t="65" w="390" /></phr><phr n="TOO"><ent r="100" t="36" w="3127" /><ent r="5" t="36" w="3133" /><ent r="4" t="36" w="3174" /></phr></stem><stem n="too-frequ"><phr n="too-frequent"><ent r="6" t="5" w="681" /></phr></stem><stem n="frequent"><phr n="frequent"><ent r="6" t="5" w="682" /></phr></stem><stem n="physic"><phr n="physical"><ent r="6" t="5" w="685" /><ent r="3" t="18" w="577" /><ent r="3" t="18" w="1335" /></phr></stem><stem n="(physical)"><phr n="(physical)"><ent r="6" t="5" w="686" /></phr></stem><stem n="often"><phr n="often"><ent r="6" t="5" w="693" /><ent r="4" t="18" w="246" /><ent r="3" t="25" w="1034" /><ent r="3" t="66" w="55" /><ent r="3" t="69" w="177" /></phr></stem><stem n="*for"><phr n="*for"><ent r="6" t="5" w="699" /></phr></stem><stem n="*"><phr n="*"><ent r="6" t="5" w="702" /><ent r="3" t="13" w="2273" /><ent r="3" t="13" w="2281" /><ent r="3" t="13" w="2289" /><ent r="3" t="13" w="2297" /><ent r="3" t="13" w="2308" /><ent r="3" t="14" w="682" /><ent r="3" t="16" w="964" /><ent r="5" t="16" w="1255" /><ent r="3" t="16" w="1506" /><ent r="4" t="16" w="1528" /><ent r="4" t="16" w="1531" /><ent r="4" t="28" w="811" /><ent r="3" t="33" w="661" /><ent r="3" t="55" w="542" /><ent r="3" t="55" w="605" /><ent r="4" t="63" w="315" /></phr></stem><stem n="300"><phr n="300"><ent r="6" t="5" w="711" /><ent r="7" t="69" w="1361" /></phr></stem><stem n="&quot;300&quot;"><phr n="&quot;300&quot;"><ent r="6" t="5" w="712" /></phr></stem><stem n=":header"><phr n=":Header"><ent r="100" t="5" w="716" /></phr></stem><stem n="sampl"><phr n="Sample"><ent r="100" t="5" w="722" /><ent r="92" t="5" w="726" /><ent r="100" t="15" w="11" /><ent r="100" t="15" w="16" /><ent r="82" t="15" w="609" /><ent r="82" t="17" w="134" /><ent r="92" t="21" w="1123" /><ent r="3" t="45" w="224" /><ent r="3" t="45" w="313" /><ent r="3" t="45" w="325" /><ent r="3" t="45" w="331" /><ent r="3" t="45" w="431" /><ent r="3" t="57" w="391" /><ent r="100" t="71" w="76" /><ent r="3" t="71" w="92" /></phr><phr n="sample"><ent r="3" t="5" w="733" /><ent r="3" t="6" w="84" /><ent r="3" t="10" w="217" /><ent r="3" t="11" w="69" /><ent r="3" t="16" w="893" /><ent r="3" t="18" w="90" /><ent r="3" t="19" w="118" /><ent r="3" t="21" w="1128" /><ent r="3" t="21" w="1200" /><ent r="3" t="21" w="1390" /><ent r="3" t="39" w="504" /><ent r="3" t="39" w="1089" /><ent r="4" t="40" w="335" /><ent r="3" t="43" w="94" /><ent r="4" t="45" w="174" /><ent r="3" t="45" w="197" /><ent r="3" t="45" w="228" /><ent r="3" t="45" w="309" /><ent r="3" t="45" w="337" /><ent r="3" t="45" w="380" /><ent r="3" t="45" w="420" /><ent r="3" t="45" w="495" /><ent r="3" t="57" w="415" /><ent r="3" t="57" w="423" /><ent r="3" t="57" w="430" /><ent r="3" t="57" w="437" /><ent r="3" t="57" w="469" /><ent r="3" t="58" w="387" /><ent r="3" t="66" w="165" /><ent r="3" t="69" w="1808" /><ent r="3" t="71" w="83" /></phr><phr n="samples"><ent r="6" t="16" w="513" /><ent r="3" t="63" w="34" /></phr></stem><stem n="&quot;type&quot;"><phr n="&quot;type&quot;"><ent r="3" t="5" w="744" /><ent r="4" t="5" w="819" /><ent r="3" t="14" w="152" /><ent r="3" t="19" w="325" /><ent r="3" t="26" w="93" /><ent r="3" t="31" w="121" /></phr><phr n="&quot;Type&quot;"><ent r="3" t="18" w="1365" /></phr></stem><stem n="&quot;tcp-script&quot;"><phr n="&quot;tcp-script&quot;"><ent r="3" t="5" w="746" /><ent r="3" t="38" w="128" /></phr></stem><stem n="&quot;package&quot;"><phr n="&quot;package&quot;"><ent r="3" t="5" w="748" /><ent r="3" t="14" w="156" /><ent r="3" t="19" w="328" /><ent r="3" t="26" w="96" /><ent r="3" t="31" w="125" /></phr></stem><stem n="&quot;probe_name&quot;"><phr n="&quot;probe_name&quot;"><ent r="3" t="5" w="753" /><ent r="3" t="14" w="161" /><ent r="3" t="19" w="332" /><ent r="3" t="26" w="100" /><ent r="3" t="31" w="129" /></phr></stem><stem n="snmp.exampl"><phr n="snmp.example"><ent r="3" t="5" w="754" /><ent r="3" t="5" w="753" /></phr></stem><stem n="&quot;snmp.example&quot;"><phr n="&quot;snmp.example&quot;"><ent r="3" t="5" w="755" /></phr></stem><stem n="&quot;human_name&quot;"><phr n="&quot;human_name&quot;"><ent r="3" t="5" w="758" /><ent r="3" t="14" w="166" /><ent r="3" t="19" w="337" /><ent r="3" t="26" w="104" /><ent r="3" t="31" w="133" /></phr></stem><stem n="&quot;exampl"><phr n="&quot;Example"><ent r="3" t="5" w="758" /></phr></stem><stem n="&quot;display_name&quot;"><phr n="&quot;display_name&quot;"><ent r="3" t="5" w="764" /><ent r="3" t="14" w="185" /><ent r="3" t="31" w="147" /></phr></stem><stem n="miscellan"><phr n="Miscellaneous"><ent r="3" t="5" w="764" /><ent r="3" t="14" w="185" /><ent r="3" t="14" w="804" /><ent r="3" t="19" w="352" /><ent r="3" t="42" w="472" /><ent r="3" t="42" w="731" /><ent r="3" t="45" w="322" /><ent r="3" t="47" w="52" /><ent r="4" t="48" w="70" /><ent r="3" t="48" w="535" /><ent r="93" t="69" w="646" /></phr></stem><stem n="&quot;miscellaneous/exampl"><phr n="&quot;Miscellaneous/Example"><ent r="3" t="5" w="765" /></phr></stem><stem n="miscellaneous/exampl"><phr n="Miscellaneous/Example"><ent r="3" t="5" w="765" /><ent r="3" t="5" w="764" /></phr></stem><stem n="&quot;version&quot;"><phr n="&quot;version&quot;"><ent r="3" t="5" w="770" /><ent r="3" t="14" w="171" /><ent r="3" t="19" w="341" /><ent r="3" t="26" w="109" /><ent r="3" t="31" w="136" /></phr></stem><stem n="1.0"><phr n="1.0"><ent r="3" t="5" w="771" /><ent r="3" t="5" w="770" /><ent r="3" t="13" w="2142" /><ent r="3" t="13" w="2141" /><ent r="3" t="13" w="2349" /><ent r="3" t="13" w="2348" /><ent r="3" t="13" w="2542" /><ent r="3" t="13" w="2541" /><ent r="3" t="19" w="342" /><ent r="3" t="19" w="341" /><ent r="4" t="23" w="152" /><ent r="4" t="23" w="151" /><ent r="3" t="44" w="120" /><ent r="3" t="44" w="119" /><ent r="6" t="67" w="648" /><ent r="6" t="67" w="647" /></phr></stem><stem n="0"><phr n="0"><ent r="3" t="5" w="771" /><ent r="3" t="7" w="469" /><ent r="3" t="7" w="474" /><ent r="3" t="10" w="267" /><ent r="3" t="10" w="274" /><ent r="3" t="10" w="281" /><ent r="3" t="11" w="80" /><ent r="8" t="11" w="318" /><ent r="5" t="13" w="1198" /><ent r="3" t="13" w="2011" /><ent r="3" t="13" w="2085" /><ent r="3" t="13" w="2142" /><ent r="3" t="13" w="2318" /><ent r="3" t="13" w="2328" /><ent r="3" t="13" w="2338" /><ent r="3" t="13" w="2349" /><ent r="3" t="13" w="2539" /><ent r="3" t="13" w="2542" /><ent r="3" t="14" w="374" /><ent r="3" t="14" w="516" /><ent r="3" t="14" w="642" /><ent r="3" t="14" w="651" /><ent r="3" t="14" w="660" /><ent r="3" t="14" w="675" /><ent r="3" t="14" w="691" /><ent r="3" t="14" w="1116" /><ent r="3" t="14" w="1202" /><ent r="3" t="14" w="1217" /><ent r="3" t="14" w="1231" /><ent r="3" t="14" w="1290" /><ent r="3" t="15" w="637" /><ent r="3" t="15" w="652" /><ent r="3" t="15" w="669" /><ent r="3" t="15" w="686" /><ent r="3" t="15" w="702" /><ent r="4" t="16" w="795" /><ent r="3" t="16" w="919" /><ent r="3" t="16" w="923" /><ent r="3" t="16" w="934" /><ent r="4" t="16" w="991" /><ent r="4" t="16" w="1018" /><ent r="4" t="16" w="1033" /><ent r="4" t="16" w="1075" /><ent r="4" t="16" w="1376" /><ent r="5" t="16" w="1404" /><ent r="5" t="16" w="1409" /><ent r="4" t="16" w="1415" /><ent r="4" t="16" w="1529" /><ent r="3" t="16" w="1922" /><ent r="3" t="16" w="2011" /><ent r="3" t="17" w="152" /><ent r="3" t="18" w="1341" /><ent r="3" t="18" w="1473" /><ent r="3" t="19" w="168" /><ent r="3" t="19" w="175" /><ent r="3" t="19" w="182" /><ent r="3" t="19" w="342" /><ent r="3" t="21" w="1295" /><ent r="3" t="21" w="1379" /><ent r="3" t="21" w="1380" /><ent r="3" t="21" w="1381" /><ent r="3" t="21" w="1552" /><ent r="3" t="21" w="1560" /><ent r="3" t="21" w="1568" /><ent r="3" t="22" w="217" /><ent r="3" t="22" w="218" /><ent r="3" t="22" w="219" /><ent r="4" t="23" w="152" /><ent r="4" t="23" w="158" /><ent r="4" t="23" w="159" /><ent r="4" t="23" w="848" /><ent r="3" t="23" w="1454" /><ent r="3" t="23" w="1541" /><ent r="3" t="23" w="1550" /><ent r="3" t="23" w="1567" /><ent r="4" t="23" w="1776" /><ent r="4" t="23" w="1780" /><ent r="3" t="23" w="1967" /><ent r="3" t="23" w="2003" /><ent r="3" t="23" w="2045" /><ent r="5" t="23" w="2439" /><ent r="3" t="23" w="2505" /><ent r="3" t="23" w="2511" /><ent r="3" t="23" w="2513" /><ent r="3" t="23" w="2752" /><ent r="3" t="23" w="2773" /><ent r="3" t="23" w="2807" /><ent r="4" t="23" w="2843" /><ent r="4" t="23" w="2854" /><ent r="3" t="25" w="129" /><ent r="3" t="25" w="330" /><ent r="3" t="25" w="344" /><ent r="3" t="25" w="355" /><ent r="3" t="25" w="376" /><ent r="3" t="25" w="673" /><ent r="3" t="25" w="680" /><ent r="3" t="25" w="864" /><ent r="3" t="25" w="888" /><ent r="3" t="25" w="901" /><ent r="3" t="25" w="919" /><ent r="3" t="25" w="942" /><ent r="3" t="25" w="981" /><ent r="3" t="26" w="336" /><ent r="4" t="28" w="218" /><ent r="4" t="28" w="258" /><ent r="4" t="28" w="264" /><ent r="4" t="28" w="388" /><ent r="3" t="28" w="564" /><ent r="3" t="28" w="598" /><ent r="3" t="31" w="464" /><ent r="3" t="31" w="481" /><ent r="3" t="31" w="494" /><ent r="3" t="31" w="508" /><ent r="3" t="31" w="523" /><ent r="3" t="31" w="526" /><ent r="3" t="31" w="527" /><ent r="3" t="31" w="539" /><ent r="3" t="31" w="625" /><ent r="3" t="31" w="642" /><ent r="3" t="31" w="655" /><ent r="3" t="31" w="669" /><ent r="3" t="31" w="684" /><ent r="3" t="31" w="687" /><ent r="3" t="31" w="688" /><ent r="3" t="31" w="700" /><ent r="3" t="31" w="748" /><ent r="3" t="31" w="765" /><ent r="3" t="31" w="778" /><ent r="3" t="31" w="792" /><ent r="3" t="31" w="807" /><ent r="3" t="31" w="810" /><ent r="3" t="31" w="811" /><ent r="3" t="31" w="823" /><ent r="3" t="31" w="858" /><ent r="3" t="31" w="875" /><ent r="3" t="31" w="888" /><ent r="3" t="31" w="902" /><ent r="3" t="31" w="917" /><ent r="3" t="31" w="920" /><ent r="3" t="31" w="921" /><ent r="3" t="31" w="933" /><ent r="3" t="31" w="948" /><ent r="3" t="31" w="961" /><ent r="3" t="31" w="974" /><ent r="3" t="31" w="987" /><ent r="3" t="31" w="1000" /><ent r="3" t="31" w="1013" /><ent r="3" t="31" w="1040" /><ent r="3" t="31" w="1057" /><ent r="3" t="31" w="1070" /><ent r="3" t="31" w="1084" /><ent r="3" t="31" w="1099" /><ent r="3" t="31" w="1102" /><ent r="3" t="31" w="1103" /><ent r="3" t="31" w="1115" /><ent r="3" t="31" w="1187" /><ent r="3" t="31" w="1201" /><ent r="3" t="31" w="1215" /><ent r="3" t="31" w="1232" /><ent r="3" t="31" w="1247" /><ent r="3" t="31" w="1263" /><ent r="3" t="31" w="1523" /><ent r="3" t="31" w="1527" /><ent r="3" t="31" w="1531" /><ent r="3" t="31" w="1535" /><ent r="3" t="31" w="1539" /><ent r="3" t="31" w="1547" /><ent r="3" t="31" w="1555" /><ent r="3" t="31" w="1563" /><ent r="3" t="31" w="1571" /><ent r="3" t="31" w="1574" /><ent r="3" t="31" w="1581" /><ent r="3" t="31" w="1599" /><ent r="3" t="31" w="1606" /><ent r="3" t="31" w="1613" /><ent r="3" t="31" w="1620" /><ent r="3" t="31" w="1628" /><ent r="3" t="31" w="1635" /><ent r="3" t="31" w="1657" /><ent r="3" t="31" w="1664" /><ent r="3" t="31" w="1671" /><ent r="3" t="31" w="1678" /><ent r="3" t="31" w="1685" /><ent r="3" t="31" w="1692" /><ent r="3" t="31" w="1699" /><ent r="3" t="31" w="1706" /><ent r="3" t="31" w="1713" /><ent r="3" t="31" w="1720" /><ent r="3" t="32" w="178" /><ent r="3" t="32" w="211" /><ent r="3" t="32" w="243" /><ent r="3" t="32" w="278" /><ent r="3" t="32" w="309" /><ent r="3" t="32" w="334" /><ent r="3" t="32" w="396" /><ent r="6" t="33" w="778" /><ent r="6" t="33" w="807" /><ent r="3" t="34" w="921" /><ent r="3" t="34" w="941" /><ent r="3" t="34" w="956" /><ent r="4" t="34" w="1108" /><ent r="4" t="34" w="1113" /><ent r="3" t="36" w="1749" /><ent r="3" t="38" w="614" /><ent r="3" t="38" w="624" /><ent r="3" t="42" w="265" /><ent r="3" t="42" w="566" /><ent r="3" t="42" w="589" /><ent r="3" t="42" w="822" /><ent r="3" t="42" w="874" /><ent r="3" t="42" w="894" /><ent r="3" t="42" w="902" /><ent r="3" t="42" w="909" /><ent r="3" t="42" w="920" /><ent r="3" t="44" w="120" /><ent r="3" t="44" w="197" /><ent r="3" t="45" w="409" /><ent r="3" t="45" w="453" /><ent r="3" t="45" w="456" /><ent r="6" t="46" w="464" /><ent r="3" t="46" w="639" /><ent r="3" t="46" w="641" /><ent r="3" t="46" w="643" /><ent r="3" t="46" w="645" /><ent r="3" t="46" w="651" /><ent r="3" t="46" w="653" /><ent r="3" t="46" w="659" /><ent r="3" t="46" w="661" /><ent r="3" t="46" w="667" /><ent r="82" t="46" w="727" /><ent r="3" t="47" w="249" /><ent r="3" t="48" w="648" /><ent r="3" t="48" w="758" /><ent r="3" t="48" w="762" /><ent r="3" t="48" w="878" /><ent r="3" t="48" w="891" /><ent r="3" t="48" w="908" /><ent r="3" t="48" w="919" /><ent r="3" t="53" w="138" /><ent r="3" t="53" w="176" /><ent r="3" t="54" w="869" /><ent r="3" t="54" w="886" /><ent r="3" t="54" w="910" /><ent r="3" t="54" w="926" /><ent r="3" t="54" w="944" /><ent r="3" t="54" w="963" /><ent r="3" t="54" w="982" /><ent r="3" t="54" w="998" /><ent r="3" t="54" w="1077" /><ent r="3" t="55" w="551" /><ent r="3" t="55" w="552" /><ent r="3" t="55" w="556" /><ent r="3" t="55" w="559" /><ent r="3" t="55" w="571" /><ent r="3" t="55" w="575" /><ent r="3" t="55" w="592" /><ent r="3" t="55" w="625" /><ent r="3" t="55" w="641" /><ent r="3" t="55" w="663" /><ent r="3" t="55" w="677" /><ent r="3" t="55" w="690" /><ent r="3" t="60" w="614" /><ent r="3" t="60" w="718" /><ent r="3" t="60" w="726" /><ent r="3" t="60" w="730" /><ent r="3" t="60" w="771" /><ent r="3" t="60" w="779" /><ent r="3" t="60" w="783" /><ent r="3" t="60" w="991" /><ent r="3" t="60" w="998" /><ent r="3" t="60" w="1216" /><ent r="3" t="60" w="1260" /><ent r="3" t="60" w="1267" /><ent r="3" t="60" w="1299" /><ent r="6" t="67" w="648" /><ent r="100" t="69" w="1832" /><ent r="4" t="69" w="1844" /><ent r="6" t="69" w="1888" /><ent r="6" t="69" w="1952" /><ent r="6" t="69" w="1998" /><ent r="5" t="76" w="164" /><ent r="5" t="76" w="259" /></phr></stem><stem n="&quot;1.0&quot;"><phr n="&quot;1.0&quot;"><ent r="3" t="5" w="772" /><ent r="3" t="19" w="343" /><ent r="3" t="44" w="121" /><ent r="6" t="67" w="649" /></phr></stem><stem n="&quot;address_type&quot;"><phr n="&quot;address_type&quot;"><ent r="3" t="5" w="774" /><ent r="3" t="14" w="176" /><ent r="3" t="19" w="345" /><ent r="3" t="31" w="140" /></phr></stem><stem n="ip,at"><phr n="IP,AT"><ent r="3" t="5" w="775" /><ent r="3" t="5" w="774" /><ent r="3" t="14" w="177" /><ent r="3" t="14" w="176" /><ent r="3" t="19" w="346" /><ent r="3" t="19" w="345" /><ent r="3" t="21" w="1300" /><ent r="3" t="21" w="1299" /><ent r="3" t="26" w="114" /><ent r="3" t="26" w="113" /><ent r="3" t="31" w="141" /><ent r="3" t="31" w="140" /></phr></stem><stem n="&quot;ip,at&quot;"><phr n="&quot;IP,AT&quot;"><ent r="3" t="5" w="776" /><ent r="3" t="14" w="178" /><ent r="3" t="19" w="347" /><ent r="3" t="21" w="1301" /><ent r="3" t="26" w="115" /><ent r="3" t="31" w="142" /></phr></stem><stem n="&quot;port_number&quot;"><phr n="&quot;port_number&quot;"><ent r="3" t="5" w="779" /><ent r="3" t="14" w="181" /><ent r="3" t="19" w="349" /><ent r="3" t="26" w="117" /><ent r="3" t="31" w="144" /></phr></stem><stem n="161"><phr n="161"><ent r="3" t="5" w="779" /><ent r="3" t="14" w="181" /><ent r="3" t="19" w="349" /><ent r="3" t="21" w="1305" /><ent r="3" t="26" w="117" /><ent r="3" t="31" w="144" /><ent r="3" t="54" w="142" /><ent r="4" t="54" w="283" /><ent r="3" t="55" w="549" /><ent r="3" t="55" w="568" /></phr></stem><stem n="&quot;161&quot;"><phr n="&quot;161&quot;"><ent r="3" t="5" w="780" /><ent r="3" t="14" w="182" /><ent r="3" t="19" w="350" /><ent r="3" t="21" w="1306" /><ent r="3" t="26" w="118" /><ent r="3" t="31" w="145" /></phr></stem><stem n="flag"><phr n="flags"><ent r="3" t="5" w="781" /><ent r="6" t="5" w="1122" /><ent r="3" t="21" w="1301" /><ent r="3" t="26" w="124" /><ent r="4" t="46" w="874" /><ent r="3" t="47" w="56" /></phr><phr n="FLAGS"><ent r="100" t="5" w="828" /><ent r="4" t="5" w="833" /></phr><phr n="flag"><ent r="6" t="5" w="974" /><ent r="6" t="5" w="1011" /><ent r="6" t="5" w="1072" /><ent r="6" t="5" w="1102" /><ent r="4" t="8" w="154" /><ent r="3" t="55" w="366" /></phr></stem><stem n="&quot;flags&quot;"><phr n="&quot;flags&quot;"><ent r="3" t="5" w="782" /><ent r="6" t="5" w="1123" /><ent r="3" t="26" w="125" /><ent r="4" t="46" w="875" /></phr></stem><stem n="&quot;&quot;"><phr n="&quot;&quot;"><ent r="3" t="5" w="782" /><ent r="3" t="7" w="305" /><ent r="3" t="7" w="595" /><ent r="3" t="14" w="513" /><ent r="3" t="14" w="525" /><ent r="3" t="14" w="1280" /><ent r="3" t="16" w="1791" /><ent r="3" t="16" w="1813" /><ent r="3" t="16" w="1817" /><ent r="3" t="25" w="520" /><ent r="3" t="26" w="338" /><ent r="3" t="26" w="339" /><ent r="3" t="36" w="1061" /><ent r="3" t="38" w="431" /><ent r="3" t="38" w="437" /><ent r="3" t="38" w="439" /><ent r="3" t="38" w="441" /><ent r="3" t="38" w="443" /><ent r="5" t="40" w="352" /><ent r="3" t="42" w="601" /><ent r="3" t="42" w="933" /><ent r="3" t="44" w="173" /><ent r="3" t="47" w="213" /><ent r="3" t="60" w="1032" /><ent r="3" t="60" w="1211" /><ent r="3" t="60" w="1240" /><ent r="3" t="60" w="1276" /><ent r="6" t="69" w="2079" /></phr></stem><stem n="&quot;custom-snmp&quot;."><phr n="&quot;custom-snmp&quot;."><ent r="4" t="5" w="827" /></phr></stem><stem n="xxx"><phr n="xxx"><ent r="4" t="5" w="834" /><ent r="4" t="5" w="835" /><ent r="3" t="8" w="604" /><ent r="5" t="8" w="693" /><ent r="4" t="8" w="751" /><ent r="5" t="72" w="73" /></phr></stem><stem n="=xxx,xxx"><phr n="=xxx,xxx"><ent r="4" t="5" w="835" /></phr></stem><stem n="xxx,xxx"><phr n="xxx,xxx"><ent r="4" t="5" w="835" /><ent r="4" t="5" w="834" /></phr></stem><stem n="take"><phr n="takes"><ent r="4" t="5" w="838" /><ent r="3" t="14" w="836" /><ent r="3" t="18" w="1493" /><ent r="3" t="20" w="352" /><ent r="3" t="23" w="921" /><ent r="4" t="34" w="1094" /><ent r="3" t="34" w="1529" /><ent r="4" t="37" w="411" /><ent r="7" t="67" w="596" /><ent r="6" t="69" w="1496" /></phr><phr n="Takes"><ent r="4" t="23" w="662" /><ent r="3" t="36" w="2979" /><ent r="6" t="69" w="1323" /><ent r="6" t="69" w="1442" /></phr><phr n="Take"><ent r="3" t="23" w="2359" /></phr><phr n="take"><ent r="4" t="28" w="213" /><ent r="3" t="31" w="187" /><ent r="3" t="34" w="475" /><ent r="3" t="34" w="988" /><ent r="3" t="34" w="1158" /><ent r="3" t="57" w="357" /><ent r="3" t="57" w="479" /><ent r="3" t="58" w="396" /><ent r="3" t="64" w="328" /><ent r="7" t="67" w="445" /><ent r="7" t="67" w="479" /><ent r="7" t="67" w="513" /><ent r="3" t="69" w="1640" /></phr></stem><stem n="option"><phr n="optional"><ent r="4" t="5" w="841" /><ent r="4" t="8" w="727" /><ent r="3" t="10" w="136" /><ent r="3" t="10" w="307" /><ent r="3" t="10" w="364" /><ent r="4" t="16" w="722" /><ent r="3" t="17" w="58" /><ent r="3" t="19" w="37" /><ent r="4" t="21" w="241" /><ent r="3" t="33" w="1042" /><ent r="3" t="36" w="1184" /><ent r="3" t="36" w="1519" /><ent r="3" t="37" w="206" /><ent r="3" t="42" w="356" /><ent r="4" t="65" w="183" /><ent r="6" t="67" w="94" /><ent r="6" t="67" w="224" /><ent r="6" t="67" w="256" /><ent r="6" t="67" w="341" /><ent r="6" t="67" w="373" /></phr><phr n="option"><ent r="5" t="13" w="233" /><ent r="3" t="32" w="390" /><ent r="3" t="32" w="421" /><ent r="3" t="36" w="1404" /><ent r="64" t="52" w="79" /><ent r="4" t="54" w="784" /><ent r="3" t="55" w="45" /><ent r="3" t="55" w="54" /><ent r="3" t="55" w="78" /><ent r="3" t="55" w="151" /><ent r="3" t="57" w="446" /><ent r="3" t="58" w="162" /><ent r="6" t="69" w="1444" /><ent r="6" t="69" w="1498" /><ent r="6" t="69" w="1689" /><ent r="5" t="69" w="1735" /></phr><phr n="options"><ent r="5" t="13" w="271" /><ent r="64" t="25" w="480" /><ent r="4" t="36" w="350" /><ent r="3" t="36" w="1225" /><ent r="3" t="36" w="1263" /><ent r="3" t="36" w="1331" /><ent r="3" t="36" w="1341" /><ent r="3" t="48" w="734" /><ent r="4" t="58" w="118" /><ent r="72" t="60" w="265" /><ent r="3" t="60" w="270" /><ent r="72" t="60" w="340" /></phr><phr n="optionally"><ent r="4" t="39" w="696" /></phr><phr n="Option"><ent r="65" t="54" w="272" /><ent r="65" t="54" w="804" /><ent r="1000" t="55" w="5" /><ent r="102" t="55" w="11" /><ent r="3" t="60" w="884" /></phr><phr n="OPTION"><ent r="3" t="60" w="496" /></phr><phr n="Options"><ent r="1000" t="73" w="3" /><ent r="102" t="73" w="13" /><ent r="4" t="73" w="78" /><ent r="4" t="73" w="86" /></phr></stem><stem n="item"><phr n="items"><ent r="4" t="5" w="842" /><ent r="5" t="9" w="685" /><ent r="3" t="15" w="775" /><ent r="3" t="15" w="841" /><ent r="3" t="31" w="76" /><ent r="3" t="31" w="261" /><ent r="3" t="31" w="1327" /><ent r="3" t="69" w="235" /><ent r="4" t="69" w="1589" /></phr><phr n="item"><ent r="6" t="5" w="1002" /><ent r="5" t="13" w="931" /><ent r="3" t="41" w="64" /><ent r="3" t="53" w="410" /><ent r="4" t="55" w="767" /></phr><phr n="Items"><ent r="3" t="31" w="1592" /><ent r="3" t="31" w="1642" /></phr><phr n="Item"><ent r="3" t="60" w="919" /><ent r="3" t="60" w="948" /><ent r="3" t="60" w="966" /><ent r="3" t="60" w="981" /><ent r="3" t="60" w="997" /></phr></stem><stem n="nolink"><phr n="NOLINKS"><ent r="100" t="5" w="846" /><ent r="6" t="5" w="848" /></phr></stem><stem n="interfac"><phr n="interfaces"><ent r="6" t="5" w="854" /><ent r="4" t="8" w="295" /><ent r="4" t="8" w="306" /><ent r="4" t="15" w="158" /><ent r="4" t="18" w="173" /><ent r="4" t="18" w="201" /><ent r="3" t="18" w="287" /><ent r="3" t="18" w="578" /><ent r="4" t="24" w="229" /><ent r="4" t="24" w="239" /><ent r="4" t="24" w="252" /><ent r="4" t="24" w="280" /><ent r="3" t="56" w="130" /><ent r="3" t="56" w="204" /><ent r="7" t="69" w="325" /><ent r="7" t="69" w="329" /><ent r="7" t="69" w="338" /></phr><phr n="interface"><ent r="5" t="13" w="763" /><ent r="5" t="13" w="770" /><ent r="5" t="13" w="777" /><ent r="5" t="13" w="784" /><ent r="3" t="14" w="358" /><ent r="4" t="15" w="164" /><ent r="3" t="16" w="949" /><ent r="3" t="16" w="959" /><ent r="3" t="16" w="1459" /><ent r="3" t="18" w="456" /><ent r="3" t="18" w="466" /><ent r="4" t="18" w="1392" /><ent r="3" t="19" w="206" /><ent r="3" t="24" w="68" /><ent r="3" t="24" w="76" /><ent r="5" t="24" w="216" /><ent r="5" t="24" w="283" /><ent r="4" t="24" w="296" /><ent r="4" t="24" w="306" /><ent r="3" t="25" w="724" /><ent r="3" t="25" w="735" /><ent r="3" t="25" w="757" /><ent r="3" t="53" w="558" /><ent r="4" t="59" w="85" /><ent r="6" t="69" w="381" /><ent r="6" t="69" w="1379" /><ent r="6" t="69" w="2322" /></phr><phr n="Interface"><ent r="3" t="14" w="446" /><ent r="3" t="14" w="635" /><ent r="3" t="18" w="303" /><ent r="3" t="18" w="593" /><ent r="3" t="18" w="1054" /><ent r="3" t="18" w="1344" /><ent r="3" t="23" w="1044" /><ent r="3" t="23" w="1103" /><ent r="8" t="69" w="396" /><ent r="100" t="73" w="9" /></phr><phr n="Interfaces"><ent r="4" t="58" w="67" /></phr></stem><stem n="(interfaces)"><phr n="(interfaces)"><ent r="6" t="5" w="855" /></phr></stem><stem n="snmpv2c"><phr n="SNMPV2C"><ent r="100" t="5" w="858" /><ent r="6" t="5" w="860" /><ent r="100" t="54" w="156" /></phr><phr n="SNMPv2c"><ent r="6" t="5" w="864" /><ent r="5" t="13" w="866" /><ent r="3" t="21" w="1302" /><ent r="4" t="28" w="316" /><ent r="4" t="28" w="329" /><ent r="3" t="31" w="545" /><ent r="3" t="31" w="1577" /><ent r="4" t="54" w="170" /><ent r="3" t="54" w="493" /></phr></stem><stem n=":icmp"><phr n=":ICMP"><ent r="100" t="5" w="873" /></phr></stem><stem n="icmp"><phr n="ICMP"><ent r="100" t="5" w="873" /><ent r="100" t="5" w="877" /><ent r="100" t="5" w="879" /><ent r="6" t="5" w="888" /><ent r="5" t="9" w="418" /><ent r="100" t="37" w="321" /><ent r="5" t="37" w="326" /></phr></stem><stem n="noicmpfallback"><phr n="NOICMPFALLBACK"><ent r="100" t="5" w="875" /><ent r="6" t="5" w="882" /></phr></stem><stem n=":send"><phr n=":send"><ent r="100" t="5" w="880" /></phr><phr n=":Send"><ent r="100" t="36" w="140" /></phr></stem><stem n="minim"><phr n="MINIMAL"><ent r="100" t="5" w="899" /><ent r="6" t="5" w="901" /></phr><phr n="minimizes"><ent r="3" t="21" w="521" /></phr><phr n="Minimal"><ent r="3" t="26" w="125" /></phr></stem></index>