<?xml version="1.0" encoding="utf-8"?><index><stem n="birt"><phr n="BiRt"><ent r="5" t="8" w="279" /></phr></stem><stem n="-term"><phr n="-term"><ent r="4" t="8" w="281" /><ent r="4" t="8" w="281" /></phr></stem><stem n="short-term"><phr n="short-term"><ent r="4" t="8" w="281" /></phr></stem><stem n="packet"><phr n="packet"><ent r="4" t="8" w="283" /><ent r="4" t="15" w="155" /><ent r="3" t="23" w="52" /><ent r="3" t="27" w="26" /><ent r="3" t="27" w="96" /><ent r="3" t="27" w="297" /><ent r="3" t="27" w="305" /><ent r="3" t="27" w="314" /><ent r="3" t="28" w="197" /><ent r="3" t="31" w="208" /><ent r="3" t="31" w="1273" /><ent r="3" t="55" w="340" /><ent r="3" t="55" w="347" /></phr><phr n="packets"><ent r="7" t="8" w="417" /><ent r="7" t="8" w="419" /><ent r="7" t="8" w="492" /><ent r="7" t="8" w="495" /><ent r="3" t="26" w="261" /><ent r="3" t="31" w="163" /></phr><phr n="Packet"><ent r="5" t="9" w="651" /><ent r="5" t="28" w="65" /><ent r="82" t="28" w="172" /></phr></stem><stem n="(%)"><phr n="(%)"><ent r="4" t="8" w="285" /><ent r="5" t="9" w="829" /></phr></stem><stem n="rpkl"><phr n="RPkL"><ent r="5" t="8" w="287" /></phr></stem><stem n="byte"><phr n="byte"><ent r="4" t="8" w="290" /><ent r="4" t="8" w="301" /><ent r="4" t="15" w="153" /><ent r="6" t="16" w="610" /><ent r="6" t="16" w="620" /><ent r="4" t="16" w="1138" /><ent r="4" t="23" w="2473" /><ent r="6" t="23" w="2533" /><ent r="6" t="23" w="2542" /></phr><phr n="bytes"><ent r="7" t="8" w="409" /><ent r="7" t="8" w="411" /><ent r="7" t="8" w="436" /><ent r="7" t="8" w="439" /><ent r="3" t="8" w="782" /><ent r="5" t="13" w="1219" /><ent r="3" t="13" w="2222" /><ent r="3" t="13" w="2232" /><ent r="3" t="13" w="2240" /><ent r="3" t="13" w="2250" /><ent r="3" t="13" w="2276" /><ent r="3" t="13" w="2284" /><ent r="3" t="13" w="2292" /><ent r="3" t="13" w="2303" /><ent r="3" t="13" w="2311" /><ent r="3" t="13" w="2314" /><ent r="3" t="14" w="645" /><ent r="3" t="14" w="654" /><ent r="3" t="14" w="663" /><ent r="3" t="14" w="684" /><ent r="3" t="14" w="696" /><ent r="3" t="16" w="945" /><ent r="3" t="16" w="955" /><ent r="3" t="16" w="1455" /><ent r="4" t="23" w="739" /><ent r="3" t="23" w="1133" /><ent r="3" t="23" w="1144" /><ent r="4" t="23" w="1264" /><ent r="4" t="23" w="2404" /><ent r="4" t="23" w="2419" /><ent r="4" t="23" w="2450" /><ent r="6" t="23" w="2551" /><ent r="6" t="23" w="2560" /><ent r="6" t="23" w="2569" /><ent r="6" t="23" w="2578" /><ent r="6" t="23" w="2589" /></phr></stem><stem n="rate"><phr n="rates"><ent r="4" t="8" w="291" /><ent r="4" t="8" w="302" /><ent r="4" t="15" w="156" /></phr><phr n="rate"><ent r="3" t="14" w="392" /><ent r="6" t="16" w="451" /><ent r="6" t="16" w="475" /><ent r="6" t="16" w="501" /></phr><phr n="Rate"><ent r="3" t="14" w="674" /><ent r="3" t="14" w="690" /></phr></stem><stem n="visibl"><phr n="visible"><ent r="4" t="8" w="294" /><ent r="4" t="8" w="305" /><ent r="3" t="24" w="77" /><ent r="5" t="24" w="217" /><ent r="4" t="24" w="232" /><ent r="4" t="24" w="240" /><ent r="4" t="24" w="253" /><ent r="3" t="36" w="4276" /><ent r="3" t="40" w="494" /><ent r="3" t="42" w="735" /></phr></stem><stem n="bytr"><phr n="BytR"><ent r="5" t="8" w="298" /></phr></stem><stem n="bytt"><phr n="BytT"><ent r="5" t="8" w="309" /></phr></stem><stem n="addit"><phr n="addition"><ent r="3" t="8" w="312" /><ent r="3" t="17" w="331" /><ent r="3" t="18" w="940" /><ent r="3" t="25" w="42" /><ent r="3" t="28" w="177" /><ent r="3" t="39" w="312" /><ent r="4" t="40" w="317" /><ent r="3" t="65" w="56" /><ent r="3" t="66" w="52" /></phr><phr n="additional"><ent r="5" t="13" w="399" /><ent r="3" t="22" w="131" /><ent r="3" t="39" w="355" /><ent r="5" t="39" w="699" /><ent r="4" t="39" w="805" /><ent r="3" t="70" w="338" /></phr><phr n="additions"><ent r="3" t="18" w="1017" /></phr><phr n="Addition"><ent r="100" t="23" w="361" /><ent r="4" t="23" w="364" /></phr></stem><stem n="symbol"><phr n="Symbol"><ent r="7" t="8" w="389" /></phr><phr n="symbol"><ent r="4" t="13" w="1612" /><ent r="4" t="23" w="188" /><ent r="4" t="25" w="242" /><ent r="4" t="25" w="256" /><ent r="4" t="25" w="281" /><ent r="3" t="25" w="291" /><ent r="3" t="25" w="298" /><ent r="4" t="25" w="599" /><ent r="3" t="53" w="73" /></phr><phr n="symbolic"><ent r="4" t="18" w="1906" /><ent r="3" t="25" w="203" /><ent r="3" t="25" w="233" /><ent r="3" t="25" w="414" /><ent r="4" t="25" w="547" /><ent r="4" t="25" w="561" /><ent r="3" t="25" w="992" /><ent r="3" t="26" w="190" /></phr><phr n="Symbolic"><ent r="3" t="25" w="26" /><ent r="3" t="25" w="28" /><ent r="92" t="25" w="198" /><ent r="3" t="25" w="318" /><ent r="82" t="25" w="523" /><ent r="4" t="25" w="527" /></phr><phr n="symbols"><ent r="3" t="25" w="226" /><ent r="4" t="25" w="238" /><ent r="4" t="25" w="252" /><ent r="4" t="25" w="262" /><ent r="4" t="25" w="265" /><ent r="3" t="25" w="286" /></phr></stem><stem n="percent"><phr n="percent"><ent r="7" t="8" w="393" /><ent r="7" t="8" w="395" /><ent r="4" t="23" w="1301" /><ent r="4" t="23" w="1827" /></phr><phr n="Percent"><ent r="3" t="8" w="767" /><ent r="3" t="8" w="774" /><ent r="5" t="9" w="54" /><ent r="5" t="9" w="214" /><ent r="5" t="9" w="319" /><ent r="5" t="9" w="527" /><ent r="5" t="9" w="537" /><ent r="5" t="9" w="562" /><ent r="5" t="9" w="572" /><ent r="5" t="9" w="593" /><ent r="5" t="9" w="603" /><ent r="5" t="9" w="628" /><ent r="5" t="9" w="702" /><ent r="5" t="9" w="751" /><ent r="5" t="9" w="791" /></phr></stem><stem n="min"><phr n="min"><ent r="7" t="8" w="397" /><ent r="7" t="8" w="458" /><ent r="7" t="8" w="465" /><ent r="5" t="9" w="67" /><ent r="5" t="9" w="159" /><ent r="5" t="9" w="226" /><ent r="5" t="9" w="331" /><ent r="5" t="9" w="763" /><ent r="5" t="9" w="803" /><ent r="5" t="9" w="843" /><ent r="4" t="23" w="443" /><ent r="3" t="46" w="590" /></phr><phr n="Min"><ent r="100" t="23" w="89" /></phr></stem><stem n="minut"><phr n="minutes"><ent r="7" t="8" w="399" /><ent r="3" t="22" w="112" /><ent r="3" t="46" w="613" /></phr><phr n="minute"><ent r="7" t="8" w="462" /><ent r="7" t="8" w="469" /><ent r="100" t="10" w="250" /><ent r="3" t="10" w="278" /><ent r="100" t="16" w="259" /><ent r="7" t="16" w="494" /><ent r="4" t="16" w="1086" /><ent r="100" t="19" w="151" /><ent r="3" t="19" w="179" /><ent r="3" t="63" w="30" /></phr><phr n="MINUTE"><ent r="3" t="15" w="654" /><ent r="3" t="16" w="936" /><ent r="4" t="28" w="794" /></phr><phr n="Minute"><ent r="4" t="23" w="1740" /></phr></stem><stem n="sec"><phr n="sec"><ent r="7" t="8" w="401" /><ent r="7" t="8" w="430" /><ent r="7" t="8" w="437" /><ent r="7" t="8" w="444" /><ent r="7" t="8" w="451" /><ent r="7" t="8" w="472" /><ent r="7" t="8" w="479" /><ent r="7" t="8" w="486" /><ent r="7" t="8" w="493" /><ent r="7" t="8" w="500" /><ent r="100" t="10" w="253" /><ent r="3" t="10" w="271" /><ent r="3" t="13" w="2320" /><ent r="3" t="13" w="2330" /><ent r="3" t="13" w="2340" /><ent r="3" t="13" w="2353" /><ent r="3" t="14" w="685" /><ent r="3" t="14" w="697" /><ent r="3" t="16" w="946" /><ent r="3" t="16" w="956" /><ent r="3" t="16" w="1456" /><ent r="3" t="18" w="1107" /><ent r="100" t="19" w="154" /><ent r="3" t="19" w="172" /><ent r="3" t="26" w="262" /><ent r="3" t="42" w="785" /></phr><phr n="Secs"><ent r="100" t="23" w="777" /><ent r="100" t="36" w="715" /><ent r="100" t="38" w="447" /></phr><phr n="secs"><ent r="4" t="23" w="784" /><ent r="65" t="36" w="727" /><ent r="65" t="36" w="903" /><ent r="83" t="36" w="3678" /><ent r="4" t="36" w="3703" /><ent r="3" t="38" w="456" /></phr></stem><stem n="millisecond"><phr n="milliseconds"><ent r="7" t="8" w="407" /><ent r="4" t="36" w="894" /><ent r="3" t="36" w="3621" /><ent r="4" t="36" w="3646" /><ent r="3" t="37" w="49" /><ent r="5" t="37" w="191" /></phr><phr n="millisecond"><ent r="4" t="36" w="867" /><ent r="3" t="36" w="3572" /><ent r="4" t="37" w="358" /></phr></stem><stem n="kbyte"><phr n="kbytes"><ent r="7" t="8" w="413" /><ent r="3" t="13" w="2226" /><ent r="3" t="13" w="2236" /><ent r="3" t="13" w="2244" /><ent r="3" t="13" w="2254" /><ent r="3" t="13" w="2279" /></phr><phr n="KBytes"><ent r="4" t="13" w="2183" /></phr></stem><stem n="kilobyt"><phr n="kilobytes"><ent r="7" t="8" w="415" /></phr></stem><stem n="error"><phr n="errors"><ent r="7" t="8" w="421" /><ent r="7" t="8" w="423" /><ent r="7" t="8" w="464" /><ent r="7" t="8" w="467" /><ent r="7" t="8" w="471" /><ent r="7" t="8" w="474" /><ent r="3" t="10" w="277" /><ent r="4" t="16" w="1084" /><ent r="4" t="18" w="177" /><ent r="3" t="19" w="178" /><ent r="3" t="52" w="52" /><ent r="6" t="69" w="300" /><ent r="3" t="70" w="166" /></phr><phr n="Errors"><ent r="100" t="10" w="249" /><ent r="100" t="19" w="150" /><ent r="3" t="25" w="157" /><ent r="3" t="25" w="412" /><ent r="1000" t="53" w="1" /><ent r="100" t="53" w="6" /><ent r="102" t="53" w="11" /></phr><phr n="error"><ent r="3" t="14" w="1197" /><ent r="3" t="25" w="173" /><ent r="3" t="25" w="180" /><ent r="3" t="25" w="188" /><ent r="3" t="25" w="428" /><ent r="3" t="25" w="435" /><ent r="3" t="25" w="443" /><ent r="4" t="25" w="558" /><ent r="3" t="33" w="461" /><ent r="3" t="36" w="3772" /><ent r="3" t="42" w="876" /><ent r="3" t="42" w="885" /><ent r="3" t="48" w="752" /><ent r="3" t="52" w="28" /><ent r="3" t="53" w="129" /><ent r="3" t="53" w="147" /><ent r="3" t="53" w="296" /><ent r="3" t="53" w="337" /><ent r="3" t="53" w="399" /><ent r="3" t="53" w="460" /><ent r="3" t="54" w="1174" /><ent r="4" t="54" w="1244" /><ent r="3" t="65" w="411" /><ent r="7" t="69" w="327" /></phr><phr n="ERROR"><ent r="3" t="36" w="1063" /></phr><phr n="Error"><ent r="3" t="42" w="668" /><ent r="3" t="42" w="924" /><ent r="3" t="48" w="866" /><ent r="64" t="52" w="44" /><ent r="92" t="53" w="36" /><ent r="93" t="53" w="186" /><ent r="93" t="53" w="270" /><ent r="93" t="53" w="437" /><ent r="100" t="53" w="484" /><ent r="3" t="53" w="492" /><ent r="100" t="54" w="1164" /><ent r="72" t="54" w="1167" /></phr></stem><stem n="discard"><phr n="discards"><ent r="7" t="8" w="425" /><ent r="7" t="8" w="427" /><ent r="7" t="8" w="457" /><ent r="7" t="8" w="460" /></phr></stem><stem n="frame"><phr n="frames"><ent r="7" t="8" w="429" /><ent r="7" t="8" w="432" /></phr></stem><stem n="/sec"><phr n="/sec"><ent r="7" t="8" w="430" /><ent r="7" t="8" w="437" /><ent r="7" t="8" w="444" /><ent r="7" t="8" w="451" /><ent r="7" t="8" w="472" /><ent r="7" t="8" w="479" /><ent r="7" t="8" w="486" /><ent r="7" t="8" w="493" /><ent r="7" t="8" w="500" /><ent r="100" t="10" w="253" /><ent r="3" t="10" w="271" /><ent r="100" t="19" w="154" /><ent r="3" t="19" w="172" /></phr></stem><stem n="frames/sec"><phr n="frames/sec"><ent r="7" t="8" w="430" /><ent r="7" t="8" w="429" /></phr></stem><stem n="per"><phr n="per"><ent r="7" t="8" w="433" /><ent r="7" t="8" w="440" /><ent r="7" t="8" w="447" /><ent r="7" t="8" w="454" /><ent r="7" t="8" w="461" /><ent r="7" t="8" w="468" /><ent r="7" t="8" w="475" /><ent r="7" t="8" w="482" /><ent r="7" t="8" w="489" /><ent r="7" t="8" w="496" /><ent r="7" t="8" w="503" /><ent r="4" t="16" w="1085" /><ent r="4" t="16" w="1139" /><ent r="4" t="16" w="1151" /><ent r="6" t="69" w="494" /><ent r="6" t="69" w="550" /><ent r="6" t="69" w="1000" /></phr><phr n="PER"><ent r="3" t="13" w="2086" /><ent r="3" t="14" w="405" /><ent r="3" t="14" w="497" /><ent r="3" t="14" w="701" /><ent r="3" t="15" w="638" /><ent r="3" t="15" w="653" /><ent r="100" t="16" w="261" /><ent r="3" t="16" w="935" /><ent r="4" t="28" w="789" /><ent r="4" t="28" w="793" /></phr><phr n="Per"><ent r="100" t="16" w="252" /><ent r="100" t="16" w="258" /><ent r="7" t="16" w="488" /><ent r="7" t="16" w="493" /><ent r="9" t="16" w="674" /></phr></stem><stem n="bytes/sec"><phr n="bytes/sec"><ent r="7" t="8" w="437" /><ent r="7" t="8" w="436" /><ent r="3" t="14" w="685" /><ent r="3" t="14" w="684" /><ent r="3" t="14" w="697" /><ent r="3" t="14" w="696" /><ent r="3" t="16" w="946" /><ent r="3" t="16" w="945" /><ent r="3" t="16" w="956" /><ent r="3" t="16" w="955" /><ent r="3" t="16" w="1456" /><ent r="3" t="16" w="1455" /></phr></stem><stem n="bit"><phr n="bits"><ent r="7" t="8" w="443" /><ent r="7" t="8" w="446" /><ent r="6" t="16" w="342" /><ent r="6" t="16" w="486" /><ent r="4" t="23" w="501" /><ent r="4" t="23" w="515" /><ent r="6" t="23" w="2626" /></phr><phr n="Bits"><ent r="4" t="23" w="494" /><ent r="4" t="23" w="508" /></phr><phr n="bit"><ent r="4" t="28" w="271" /></phr></stem><stem n="bits/sec"><phr n="bits/sec"><ent r="7" t="8" w="444" /><ent r="7" t="8" w="443" /></phr></stem><stem n="mbit"><phr n="mbits"><ent r="7" t="8" w="450" /></phr><phr n="Mbit"><ent r="3" t="18" w="1106" /></phr></stem><stem n="mbits/sec"><phr n="mbits/sec"><ent r="7" t="8" w="451" /><ent r="7" t="8" w="450" /></phr></stem><stem n="megabit"><phr n="megabits"><ent r="7" t="8" w="453" /></phr></stem><stem n="/min"><phr n="/min"><ent r="7" t="8" w="458" /><ent r="7" t="8" w="465" /></phr></stem><stem n="discards/min"><phr n="discards/min"><ent r="7" t="8" w="458" /><ent r="7" t="8" w="457" /></phr></stem><stem n="errors/min"><phr n="errors/min"><ent r="7" t="8" w="465" /><ent r="7" t="8" w="464" /></phr></stem><stem n="errors/sec"><phr n="errors/sec"><ent r="7" t="8" w="472" /><ent r="7" t="8" w="471" /></phr></stem><stem n="failures/sec"><phr n="failures/sec"><ent r="7" t="8" w="479" /><ent r="7" t="8" w="478" /></phr></stem><stem n="retri"><phr n="retries"><ent r="7" t="8" w="485" /><ent r="7" t="8" w="488" /><ent r="4" t="54" w="289" /><ent r="4" t="54" w="1208" /></phr><phr n="retry"><ent r="3" t="55" w="348" /></phr></stem><stem n="retries/sec"><phr n="retries/sec"><ent r="7" t="8" w="486" /><ent r="7" t="8" w="485" /></phr></stem><stem n="packets/sec"><phr n="packets/sec"><ent r="7" t="8" w="493" /><ent r="7" t="8" w="492" /><ent r="3" t="26" w="262" /><ent r="3" t="26" w="261" /></phr></stem><stem n="requests/sec"><phr n="requests/sec"><ent r="7" t="8" w="500" /><ent r="7" t="8" w="499" /></phr></stem><stem n="celsiu"><phr n="celsius"><ent r="7" t="8" w="510" /></phr></stem><stem n="f"><phr n="F"><ent r="7" t="8" w="513" /><ent r="3" t="16" w="969" /><ent r="3" t="16" w="1511" /><ent r="3" t="23" w="1486" /><ent r="3" t="48" w="664" /><ent r="3" t="60" w="729" /><ent r="3" t="60" w="733" /><ent r="3" t="60" w="782" /><ent r="3" t="60" w="786" /></phr><phr n="f"><ent r="3" t="14" w="1248" /><ent r="3" t="14" w="1254" /><ent r="4" t="23" w="1268" /><ent r="3" t="23" w="1520" /><ent r="3" t="23" w="1536" /><ent r="6" t="34" w="541" /><ent r="3" t="48" w="905" /></phr></stem><stem n="fahrenheit"><phr n="fahrenheit"><ent r="7" t="8" w="516" /></phr></stem><stem n="dbm"><phr n="dBm"><ent r="7" t="8" w="518" /></phr></stem><stem n="ratio"><phr n="ratio"><ent r="7" t="8" w="522" /><ent r="4" t="18" w="1603" /></phr></stem><stem n="decibel"><phr n="decibels"><ent r="7" t="8" w="524" /></phr></stem><stem n="referenc"><phr n="referenced"><ent r="7" t="8" w="529" /></phr></stem><stem n="milliwatt"><phr n="milliwatt"><ent r="7" t="8" w="532" /></phr></stem><stem n="mile"><phr n="miles"><ent r="7" t="8" w="534" /><ent r="7" t="8" w="545" /></phr><phr n="mile"><ent r="4" t="48" w="92" /></phr></stem><stem n="wireless"><phr n="wireless"><ent r="7" t="8" w="539" /><ent r="4" t="18" w="211" /></phr></stem><stem n="transmiss"><phr n="transmission"><ent r="7" t="8" w="540" /></phr></stem><stem n="rang"><phr n="range"><ent r="7" t="8" w="541" /></phr><phr n="Range"><ent r="5" t="9" w="717" /></phr></stem><stem n="(for"><phr n="(for"><ent r="7" t="8" w="542" /><ent r="4" t="13" w="2167" /><ent r="4" t="13" w="2182" /><ent r="3" t="18" w="1418" /><ent r="3" t="27" w="81" /><ent r="3" t="36" w="212" /><ent r="6" t="69" w="1327" /></phr><phr n="(For"><ent r="6" t="69" w="2192" /><ent r="6" t="69" w="2272" /></phr></stem><stem n="volt"><phr n="volts"><ent r="7" t="8" w="550" /><ent r="7" t="8" w="552" /></phr></stem><stem n="&lt;autorecord&gt;"><phr n="&lt;autorecord&gt;"><ent r="92" t="8" w="555" /><ent r="4" t="8" w="561" /><ent r="3" t="8" w="597" /><ent r="3" t="8" w="762" /></phr></stem><stem n="(deprecated)"><phr n="(deprecated)"><ent r="92" t="8" w="558" /></phr></stem><stem n="replac"><phr n="replaced"><ent r="3" t="8" w="566" /><ent r="4" t="8" w="754" /><ent r="3" t="10" w="160" /><ent r="3" t="10" w="229" /><ent r="3" t="13" w="525" /><ent r="5" t="13" w="1420" /><ent r="3" t="13" w="2050" /><ent r="3" t="19" w="61" /><ent r="3" t="19" w="130" /><ent r="3" t="40" w="404" /><ent r="3" t="47" w="128" /><ent r="3" t="47" w="139" /><ent r="4" t="65" w="142" /><ent r="4" t="65" w="157" /><ent r="4" t="65" w="335" /><ent r="3" t="66" w="63" /><ent r="3" t="69" w="50" /><ent r="3" t="69" w="1792" /></phr><phr n="replacement"><ent r="3" t="16" w="1926" /><ent r="3" t="16" w="2021" /><ent r="5" t="76" w="168" /><ent r="5" t="76" w="269" /></phr><phr n="replace"><ent r="3" t="18" w="1820" /><ent r="4" t="59" w="102" /><ent r="3" t="60" w="149" /><ent r="3" t="75" w="13" /></phr><phr n="Replace"><ent r="3" t="42" w="61" /><ent r="3" t="42" w="76" /><ent r="3" t="60" w="1180" /><ent r="3" t="60" w="1182" /></phr><phr n="Replaced"><ent r="4" t="66" w="174" /><ent r="4" t="66" w="190" /><ent r="4" t="66" w="217" /><ent r="4" t="66" w="254" /></phr><phr n="Replaces"><ent r="6" t="69" w="2179" /><ent r="6" t="69" w="2205" /><ent r="6" t="69" w="2232" /><ent r="6" t="69" w="2259" /><ent r="6" t="69" w="2286" /></phr></stem><stem n="here"><phr n="here"><ent r="3" t="8" w="593" /><ent r="3" t="14" w="429" /><ent r="3" t="18" w="923" /><ent r="4" t="21" w="252" /><ent r="3" t="23" w="2691" /><ent r="3" t="26" w="200" /><ent r="3" t="26" w="319" /></phr><phr n="Here"><ent r="3" t="10" w="214" /><ent r="3" t="13" w="15" /><ent r="3" t="13" w="1875" /><ent r="3" t="15" w="111" /><ent r="3" t="16" w="890" /><ent r="3" t="18" w="327" /><ent r="3" t="18" w="1296" /><ent r="3" t="19" w="115" /><ent r="3" t="21" w="43" /><ent r="3" t="25" w="738" /><ent r="3" t="28" w="545" /><ent r="3" t="28" w="629" /><ent r="3" t="33" w="755" /><ent r="3" t="48" w="22" /><ent r="3" t="48" w="168" /><ent r="3" t="53" w="30" /><ent r="3" t="55" w="209" /><ent r="3" t="65" w="538" /><ent r="3" t="66" w="81" /><ent r="3" t="69" w="1805" /></phr></stem><stem n="$var1"><phr n="$var1"><ent r="3" t="8" w="599" /></phr></stem><stem n="tag1"><phr n="tag1"><ent r="3" t="8" w="600" /></phr></stem><stem n="'tag1',"><phr n="'tag1',"><ent r="3" t="8" w="601" /></phr></stem><stem n="&quot;legend"><phr n="&quot;Legend"><ent r="3" t="8" w="601" /><ent r="3" t="8" w="608" /><ent r="3" t="8" w="613" /></phr></stem><stem n=":units(xxx)&quot;"><phr n=":units(xxx)&quot;"><ent r="3" t="8" w="605" /></phr></stem><stem n="$var2"><phr n="$var2"><ent r="3" t="8" w="606" /><ent r="3" t="23" w="935" /><ent r="3" t="23" w="938" /></phr></stem><stem n="tag2"><phr n="tag2"><ent r="3" t="8" w="607" /></phr></stem><stem n="'tag2',"><phr n="'tag2',"><ent r="3" t="8" w="608" /></phr></stem><stem n="$var3"><phr n="$var3"><ent r="3" t="8" w="611" /></phr></stem><stem n="tag3"><phr n="tag3"><ent r="3" t="8" w="612" /></phr></stem><stem n="'tag3',"><phr n="'tag3',"><ent r="3" t="8" w="613" /></phr></stem><stem n="3"><phr n="3"><ent r="3" t="8" w="614" /><ent r="8" t="11" w="340" /><ent r="3" t="13" w="545" /><ent r="3" t="13" w="561" /><ent r="3" t="13" w="1664" /><ent r="3" t="13" w="1671" /><ent r="3" t="13" w="1677" /><ent r="3" t="13" w="1684" /><ent r="3" t="13" w="1695" /><ent r="3" t="13" w="1703" /><ent r="3" t="13" w="1894" /><ent r="3" t="13" w="1897" /><ent r="3" t="13" w="1980" /><ent r="3" t="13" w="2078" /><ent r="3" t="13" w="2229" /><ent r="3" t="13" w="2247" /><ent r="3" t="13" w="2285" /><ent r="3" t="13" w="2341" /><ent r="3" t="14" w="1101" /><ent r="3" t="15" w="630" /><ent r="3" t="15" w="645" /><ent r="3" t="15" w="662" /><ent r="3" t="15" w="679" /><ent r="3" t="16" w="912" /><ent r="3" t="16" w="927" /><ent r="4" t="16" w="984" /><ent r="4" t="16" w="1026" /><ent r="4" t="16" w="1068" /><ent r="4" t="16" w="1099" /><ent r="5" t="16" w="1397" /><ent r="3" t="16" w="1657" /><ent r="3" t="16" w="1680" /><ent r="3" t="16" w="1696" /><ent r="3" t="16" w="1789" /><ent r="3" t="16" w="1811" /><ent r="3" t="16" w="1815" /><ent r="3" t="16" w="1998" /><ent r="3" t="18" w="483" /><ent r="3" t="18" w="488" /><ent r="3" t="18" w="496" /><ent r="3" t="18" w="504" /><ent r="3" t="18" w="514" /><ent r="3" t="18" w="527" /><ent r="3" t="18" w="583" /><ent r="3" t="18" w="605" /><ent r="3" t="18" w="626" /><ent r="3" t="18" w="634" /><ent r="3" t="18" w="648" /><ent r="4" t="18" w="1426" /><ent r="4" t="18" w="1576" /><ent r="3" t="18" w="1670" /><ent r="3" t="19" w="506" /><ent r="3" t="19" w="508" /><ent r="3" t="19" w="515" /><ent r="3" t="19" w="520" /><ent r="3" t="19" w="525" /><ent r="3" t="19" w="528" /><ent r="3" t="21" w="1175" /><ent r="3" t="21" w="1184" /><ent r="3" t="21" w="1319" /><ent r="3" t="21" w="1336" /><ent r="3" t="21" w="1353" /><ent r="3" t="21" w="1367" /><ent r="3" t="21" w="1422" /><ent r="3" t="21" w="1479" /><ent r="3" t="21" w="1514" /><ent r="4" t="23" w="436" /><ent r="4" t="23" w="438" /><ent r="4" t="23" w="576" /><ent r="3" t="23" w="990" /><ent r="3" t="23" w="992" /><ent r="3" t="23" w="993" /><ent r="3" t="23" w="1990" /><ent r="3" t="23" w="2007" /><ent r="3" t="23" w="2010" /><ent r="3" t="23" w="2032" /><ent r="3" t="23" w="2049" /><ent r="3" t="23" w="2052" /><ent r="3" t="23" w="2074" /><ent r="3" t="23" w="2096" /><ent r="3" t="23" w="2116" /><ent r="3" t="23" w="2118" /><ent r="3" t="23" w="2123" /><ent r="3" t="23" w="2131" /><ent r="3" t="23" w="2137" /><ent r="3" t="23" w="2141" /><ent r="3" t="23" w="2146" /><ent r="5" t="23" w="2427" /><ent r="5" t="23" w="2438" /><ent r="3" t="23" w="2651" /><ent r="3" t="23" w="2659" /><ent r="3" t="23" w="2676" /><ent r="3" t="23" w="2756" /><ent r="3" t="23" w="2800" /><ent r="3" t="23" w="2832" /><ent r="4" t="23" w="2847" /><ent r="6" t="23" w="2964" /><ent r="4" t="23" w="3027" /><ent r="3" t="25" w="94" /><ent r="3" t="25" w="105" /><ent r="3" t="25" w="115" /><ent r="3" t="25" w="122" /><ent r="3" t="25" w="192" /><ent r="3" t="25" w="334" /><ent r="3" t="25" w="975" /><ent r="3" t="26" w="48" /><ent r="4" t="28" w="227" /><ent r="4" t="28" w="393" /><ent r="3" t="28" w="555" /><ent r="3" t="28" w="589" /><ent r="3" t="28" w="1044" /><ent r="3" t="30" w="76" /><ent r="3" t="30" w="109" /><ent r="3" t="30" w="118" /><ent r="3" t="30" w="128" /><ent r="4" t="30" w="212" /><ent r="4" t="30" w="271" /><ent r="4" t="30" w="281" /><ent r="3" t="31" w="441" /><ent r="3" t="31" w="455" /><ent r="3" t="31" w="472" /><ent r="3" t="31" w="485" /><ent r="3" t="31" w="493" /><ent r="3" t="31" w="499" /><ent r="3" t="31" w="514" /><ent r="3" t="31" w="530" /><ent r="3" t="31" w="595" /><ent r="3" t="31" w="602" /><ent r="3" t="31" w="616" /><ent r="3" t="31" w="633" /><ent r="3" t="31" w="646" /><ent r="3" t="31" w="654" /><ent r="3" t="31" w="660" /><ent r="3" t="31" w="675" /><ent r="3" t="31" w="691" /><ent r="3" t="31" w="725" /><ent r="3" t="31" w="739" /><ent r="3" t="31" w="756" /><ent r="3" t="31" w="769" /><ent r="3" t="31" w="777" /><ent r="3" t="31" w="783" /><ent r="3" t="31" w="798" /><ent r="3" t="31" w="814" /><ent r="3" t="31" w="835" /><ent r="3" t="31" w="849" /><ent r="3" t="31" w="866" /><ent r="3" t="31" w="879" /><ent r="3" t="31" w="887" /><ent r="3" t="31" w="893" /><ent r="3" t="31" w="908" /><ent r="3" t="31" w="924" /><ent r="3" t="31" w="939" /><ent r="3" t="31" w="952" /><ent r="3" t="31" w="965" /><ent r="3" t="31" w="978" /><ent r="3" t="31" w="991" /><ent r="3" t="31" w="1004" /><ent r="3" t="31" w="1024" /><ent r="3" t="31" w="1031" /><ent r="3" t="31" w="1048" /><ent r="3" t="31" w="1061" /><ent r="3" t="31" w="1069" /><ent r="3" t="31" w="1075" /><ent r="3" t="31" w="1090" /><ent r="3" t="31" w="1106" /><ent r="3" t="31" w="1178" /><ent r="3" t="31" w="1192" /><ent r="3" t="31" w="1206" /><ent r="3" t="31" w="1214" /><ent r="3" t="31" w="1223" /><ent r="3" t="31" w="1238" /><ent r="3" t="31" w="1254" /><ent r="3" t="31" w="1670" /><ent r="3" t="32" w="271" /><ent r="3" t="33" w="589" /><ent r="3" t="34" w="1582" /><ent r="3" t="34" w="1587" /><ent r="3" t="36" w="1129" /><ent r="5" t="36" w="2575" /><ent r="4" t="36" w="2578" /><ent r="4" t="36" w="2593" /><ent r="4" t="36" w="2609" /><ent r="5" t="36" w="3532" /><ent r="4" t="36" w="3542" /><ent r="4" t="36" w="3812" /><ent r="3" t="36" w="3935" /><ent r="3" t="36" w="4053" /><ent r="4" t="36" w="4173" /><ent r="3" t="42" w="551" /><ent r="3" t="42" w="595" /><ent r="3" t="42" w="807" /><ent r="3" t="45" w="289" /><ent r="3" t="45" w="394" /><ent r="6" t="46" w="475" /><ent r="4" t="46" w="777" /><ent r="3" t="47" w="234" /><ent r="3" t="48" w="633" /><ent r="3" t="48" w="781" /><ent r="3" t="53" w="344" /><ent r="3" t="53" w="348" /><ent r="3" t="53" w="354" /><ent r="3" t="53" w="359" /><ent r="3" t="53" w="368" /><ent r="3" t="53" w="370" /><ent r="3" t="53" w="381" /><ent r="3" t="53" w="402" /><ent r="3" t="53" w="411" /><ent r="3" t="53" w="501" /><ent r="3" t="53" w="513" /><ent r="3" t="53" w="521" /><ent r="3" t="53" w="544" /><ent r="3" t="54" w="144" /><ent r="4" t="54" w="302" /><ent r="3" t="54" w="509" /><ent r="3" t="54" w="558" /><ent r="3" t="54" w="570" /><ent r="3" t="54" w="615" /><ent r="3" t="54" w="626" /><ent r="3" t="54" w="670" /><ent r="3" t="54" w="834" /><ent r="3" t="54" w="862" /><ent r="3" t="54" w="879" /><ent r="3" t="54" w="889" /><ent r="3" t="54" w="903" /><ent r="3" t="54" w="909" /><ent r="3" t="54" w="919" /><ent r="3" t="54" w="937" /><ent r="3" t="54" w="956" /><ent r="3" t="54" w="975" /><ent r="3" t="54" w="991" /><ent r="3" t="54" w="1007" /><ent r="3" t="54" w="1019" /><ent r="3" t="54" w="1033" /><ent r="3" t="54" w="1041" /><ent r="3" t="54" w="1052" /><ent r="3" t="54" w="1070" /><ent r="3" t="54" w="1086" /><ent r="3" t="54" w="1104" /><ent r="3" t="55" w="109" /><ent r="3" t="55" w="178" /><ent r="3" t="55" w="184" /><ent r="3" t="55" w="187" /><ent r="3" t="55" w="199" /><ent r="3" t="55" w="554" /><ent r="3" t="55" w="570" /><ent r="3" t="55" w="573" /><ent r="3" t="55" w="618" /><ent r="3" t="55" w="634" /><ent r="3" t="55" w="656" /><ent r="3" t="55" w="662" /><ent r="3" t="55" w="670" /><ent r="3" t="55" w="683" /><ent r="3" t="55" w="723" /><ent r="4" t="55" w="739" /><ent r="3" t="66" w="105" /><ent r="4" t="76" w="247" /></phr></stem><stem n="/autorecord&gt;"><phr n="/autorecord&gt;"><ent r="3" t="8" w="617" /><ent r="3" t="8" w="784" /></phr></stem><stem n="&lt;/autorecord&gt;"><phr n="&lt;/autorecord&gt;"><ent r="3" t="8" w="617" /><ent r="3" t="8" w="616" /><ent r="3" t="8" w="784" /><ent r="3" t="8" w="783" /></phr></stem><stem n="autorecord&gt;"><phr n="autorecord&gt;"><ent r="3" t="8" w="617" /><ent r="3" t="8" w="784" /></phr></stem></index>