<?xml version="1.0" encoding="utf-8"?><index><stem n="statement"><phr n="statement"><ent r="3" t="1" w="688" /><ent r="6" t="5" w="277" /><ent r="3" t="7" w="409" /><ent r="3" t="33" w="700" /><ent r="3" t="33" w="721" /><ent r="3" t="33" w="873" /><ent r="3" t="33" w="1083" /><ent r="3" t="34" w="410" /><ent r="3" t="34" w="436" /><ent r="3" t="34" w="1035" /><ent r="4" t="34" w="1072" /><ent r="4" t="34" w="1116" /><ent r="3" t="34" w="1287" /><ent r="3" t="34" w="1290" /><ent r="3" t="34" w="1531" /><ent r="3" t="34" w="1536" /><ent r="3" t="34" w="1581" /><ent r="65" t="36" w="573" /><ent r="4" t="36" w="580" /><ent r="4" t="36" w="1244" /><ent r="3" t="36" w="1260" /><ent r="3" t="36" w="1628" /><ent r="4" t="36" w="1894" /><ent r="4" t="36" w="1907" /><ent r="3" t="36" w="2010" /><ent r="3" t="36" w="2085" /><ent r="4" t="36" w="2107" /><ent r="3" t="36" w="2121" /><ent r="3" t="36" w="2129" /><ent r="3" t="36" w="2384" /><ent r="3" t="36" w="2487" /><ent r="3" t="36" w="2936" /><ent r="3" t="36" w="3302" /><ent r="3" t="36" w="4257" /><ent r="3" t="36" w="4295" /><ent r="3" t="36" w="4308" /><ent r="3" t="36" w="4425" /><ent r="3" t="36" w="4454" /><ent r="3" t="36" w="4502" /><ent r="3" t="36" w="4577" /><ent r="3" t="36" w="4607" /><ent r="3" t="36" w="4610" /></phr><phr n="statements"><ent r="3" t="33" w="689" /><ent r="3" t="34" w="94" /><ent r="3" t="34" w="1250" /><ent r="3" t="34" w="1262" /><ent r="3" t="34" w="1686" /><ent r="3" t="36" w="222" /></phr><phr n="Statement"><ent r="3" t="36" w="4496" /></phr></stem><stem n="superced"><phr n="supercedes"><ent r="3" t="1" w="698" /><ent r="3" t="36" w="3770" /></phr></stem><stem n="propos"><phr n="proposals"><ent r="3" t="1" w="700" /></phr></stem><stem n="prior"><phr n="prior"><ent r="3" t="1" w="702" /><ent r="5" t="13" w="1470" /></phr><phr n="Prior"><ent r="3" t="11" w="76" /></phr></stem><stem n="oral"><phr n="oral"><ent r="3" t="1" w="704" /></phr></stem><stem n="written"><phr n="written"><ent r="3" t="1" w="706" /><ent r="4" t="4" w="518" /><ent r="5" t="13" w="386" /><ent r="4" t="13" w="2388" /><ent r="3" t="13" w="2421" /><ent r="3" t="17" w="302" /><ent r="3" t="20" w="791" /><ent r="3" t="36" w="4299" /><ent r="3" t="39" w="40" /><ent r="3" t="39" w="315" /><ent r="4" t="39" w="976" /><ent r="4" t="40" w="333" /><ent r="3" t="42" w="168" /><ent r="3" t="42" w="305" /><ent r="3" t="46" w="156" /><ent r="4" t="46" w="787" /><ent r="4" t="54" w="749" /><ent r="3" t="55" w="159" /><ent r="3" t="58" w="314" /><ent r="4" t="63" w="139" /></phr></stem><stem n="commun"><phr n="communications"><ent r="3" t="1" w="710" /></phr><phr n="community"><ent r="5" t="13" w="854" /><ent r="3" t="21" w="1172" /><ent r="4" t="53" w="242" /><ent r="3" t="54" w="134" /><ent r="5" t="54" w="175" /><ent r="4" t="54" w="188" /><ent r="4" t="54" w="440" /><ent r="3" t="54" w="495" /></phr><phr n="Community"><ent r="3" t="28" w="667" /><ent r="3" t="31" w="1296" /></phr><phr n="communication"><ent r="3" t="40" w="498" /></phr></stem><stem n="subject"><phr n="subject"><ent r="3" t="1" w="719" /></phr></stem><stem n="matter"><phr n="matter"><ent r="3" t="1" w="720" /><ent r="4" t="48" w="196" /></phr></stem><stem n="voic"><phr n="Voice"><ent r="3" t="1" w="739" /></phr></stem><stem n="603"><phr n="603"><ent r="3" t="1" w="740" /><ent r="3" t="1" w="744" /><ent r="3" t="32" w="111" /></phr></stem><stem n="603-643"><phr n="603-643"><ent r="3" t="1" w="740" /><ent r="3" t="1" w="744" /></phr></stem><stem n="603-643-2268"><phr n="603-643-2268"><ent r="3" t="1" w="740" /></phr></stem><stem n="643"><phr n="643"><ent r="3" t="1" w="741" /><ent r="3" t="1" w="745" /><ent r="3" t="32" w="112" /></phr></stem><stem n="643-2268"><phr n="643-2268"><ent r="3" t="1" w="741" /></phr></stem><stem n="2268"><phr n="2268"><ent r="3" t="1" w="742" /></phr></stem><stem n="-643-2268;"><phr n="-643-2268;"><ent r="3" t="1" w="743" /><ent r="3" t="1" w="744" /></phr></stem><stem n="fax"><phr n="Fax"><ent r="3" t="1" w="743" /></phr></stem><stem n="-643-2289"><phr n="-643-2289"><ent r="3" t="1" w="744" /><ent r="3" t="1" w="745" /></phr></stem><stem n="603-643-2289"><phr n="603-643-2289"><ent r="3" t="1" w="744" /></phr></stem><stem n="643-2289"><phr n="643-2289"><ent r="3" t="1" w="745" /></phr></stem><stem n="2289"><phr n="2289"><ent r="3" t="1" w="746" /></phr></stem><stem n="www"><phr n="www"><ent r="64" t="1" w="751" /><ent r="7" t="11" w="399" /><ent r="7" t="11" w="405" /><ent r="7" t="11" w="411" /><ent r="4" t="11" w="482" /><ent r="3" t="14" w="67" /><ent r="3" t="19" w="301" /><ent r="64" t="25" w="471" /><ent r="3" t="26" w="24" /><ent r="3" t="31" w="34" /><ent r="3" t="31" w="344" /><ent r="3" t="31" w="361" /><ent r="64" t="44" w="232" /><ent r="3" t="45" w="235" /><ent r="64" t="46" w="28" /><ent r="64" t="46" w="226" /><ent r="64" t="46" w="707" /><ent r="3" t="47" w="181" /><ent r="3" t="48" w="572" /><ent r="3" t="48" w="579" /><ent r="3" t="48" w="690" /><ent r="3" t="48" w="790" /><ent r="3" t="54" w="966" /><ent r="7" t="69" w="2054" /><ent r="7" t="69" w="2122" /></phr></stem><stem n="www.intermapp"><phr n="www.intermapper"><ent r="64" t="1" w="752" /><ent r="64" t="1" w="751" /><ent r="3" t="14" w="68" /><ent r="3" t="14" w="67" /><ent r="3" t="19" w="302" /><ent r="3" t="19" w="301" /><ent r="3" t="26" w="25" /><ent r="3" t="26" w="24" /><ent r="3" t="31" w="35" /><ent r="3" t="31" w="34" /><ent r="3" t="45" w="236" /><ent r="3" t="45" w="235" /></phr></stem><stem n="://www.intermapper.com"><phr n="://www.intermapper.com"><ent r="64" t="1" w="753" /></phr></stem><stem n="www.intermapper.com"><phr n="www.intermapper.com"><ent r="64" t="1" w="753" /><ent r="64" t="1" w="751" /><ent r="3" t="14" w="69" /><ent r="3" t="14" w="67" /><ent r="3" t="19" w="303" /><ent r="3" t="19" w="301" /><ent r="3" t="26" w="26" /><ent r="3" t="26" w="24" /><ent r="3" t="31" w="36" /><ent r="3" t="31" w="34" /><ent r="3" t="45" w="237" /><ent r="3" t="45" w="235" /></phr></stem><stem n="com"><phr n="com"><ent r="64" t="1" w="753" /><ent r="6" t="5" w="286" /><ent r="6" t="5" w="342" /><ent r="3" t="5" w="748" /><ent r="4" t="5" w="1304" /><ent r="5" t="5" w="1356" /><ent r="3" t="5" w="1416" /><ent r="7" t="11" w="401" /><ent r="7" t="11" w="407" /><ent r="7" t="11" w="413" /><ent r="4" t="11" w="484" /><ent r="3" t="14" w="57" /><ent r="3" t="14" w="69" /><ent r="3" t="14" w="156" /><ent r="3" t="14" w="735" /><ent r="3" t="14" w="784" /><ent r="3" t="19" w="292" /><ent r="3" t="19" w="303" /><ent r="3" t="19" w="328" /><ent r="3" t="21" w="1282" /><ent r="3" t="26" w="14" /><ent r="3" t="26" w="26" /><ent r="3" t="26" w="84" /><ent r="3" t="26" w="96" /><ent r="3" t="31" w="25" /><ent r="3" t="31" w="36" /><ent r="3" t="31" w="125" /><ent r="3" t="32" w="118" /><ent r="3" t="38" w="97" /><ent r="3" t="38" w="129" /><ent r="4" t="42" w="212" /><ent r="4" t="42" w="283" /><ent r="3" t="42" w="433" /><ent r="3" t="42" w="453" /><ent r="3" t="42" w="712" /><ent r="3" t="44" w="87" /><ent r="3" t="44" w="105" /><ent r="3" t="45" w="225" /><ent r="3" t="45" w="237" /><ent r="3" t="45" w="304" /><ent r="3" t="47" w="16" /><ent r="3" t="47" w="34" /><ent r="3" t="48" w="487" /><ent r="3" t="48" w="516" /><ent r="64" t="51" w="83" /><ent r="65" t="51" w="130" /><ent r="3" t="53" w="133" /><ent r="3" t="54" w="930" /><ent r="3" t="54" w="947" /><ent r="3" t="54" w="968" /><ent r="3" t="60" w="312" /><ent r="3" t="60" w="391" /><ent r="64" t="61" w="117" /><ent r="64" t="62" w="45" /><ent r="7" t="69" w="2056" /><ent r="7" t="69" w="2124" /><ent r="3" t="70" w="150" /><ent r="3" t="70" w="208" /><ent r="3" t="70" w="284" /><ent r="100" t="70" w="428" /><ent r="4" t="70" w="433" /><ent r="3" t="70" w="445" /><ent r="3" t="70" w="458" /><ent r="3" t="70" w="472" /><ent r="64" t="74" w="32" /><ent r="4" t="77" w="118" /><ent r="5" t="77" w="170" /><ent r="3" t="77" w="230" /></phr><phr n="Com"><ent r="100" t="5" w="282" /><ent r="100" t="5" w="313" /><ent r="100" t="5" w="1259" /><ent r="100" t="5" w="1351" /><ent r="100" t="38" w="84" /><ent r="100" t="38" w="90" /><ent r="100" t="77" w="73" /><ent r="100" t="77" w="165" /></phr></stem><stem n="-parti"><phr n="-party"><ent r="1000" t="2" w="1" /><ent r="1000" t="2" w="1" /><ent r="102" t="2" w="5" /><ent r="102" t="2" w="5" /><ent r="64" t="2" w="38" /><ent r="64" t="2" w="38" /></phr></stem><stem n="third"><phr n="Third"><ent r="1000" t="2" w="1" /><ent r="102" t="2" w="5" /><ent r="64" t="2" w="38" /><ent r="3" t="19" w="252" /><ent r="3" t="19" w="459" /><ent r="3" t="19" w="494" /><ent r="3" t="19" w="556" /></phr><phr n="third"><ent r="4" t="18" w="790" /><ent r="4" t="23" w="3024" /><ent r="3" t="36" w="1464" /><ent r="6" t="69" w="1941" /></phr></stem><stem n="third-parti"><phr n="Third-party"><ent r="1000" t="2" w="1" /><ent r="102" t="2" w="5" /><ent r="64" t="2" w="38" /></phr></stem><stem n="util"><phr n="utilize"><ent r="3" t="2" w="16" /></phr><phr n="utility"><ent r="3" t="3" w="128" /><ent r="5" t="13" w="223" /><ent r="3" t="39" w="1215" /><ent r="3" t="40" w="454" /></phr><phr n="utilization"><ent r="3" t="13" w="2545" /><ent r="3" t="15" w="74" /><ent r="4" t="18" w="183" /><ent r="7" t="69" w="332" /></phr><phr n="Utilization"><ent r="3" t="13" w="2556" /></phr></stem><stem n="open"><phr n="open"><ent r="3" t="2" w="20" /><ent r="4" t="3" w="521" /><ent r="3" t="4" w="58" /><ent r="3" t="14" w="1251" /><ent r="3" t="48" w="826" /><ent r="4" t="55" w="786" /><ent r="4" t="55" w="799" /></phr><phr n="opening"><ent r="4" t="11" w="472" /></phr><phr n="opens"><ent r="4" t="11" w="530" /><ent r="3" t="18" w="1802" /><ent r="3" t="55" w="707" /></phr><phr n="opened"><ent r="4" t="21" w="637" /><ent r="6" t="67" w="774" /></phr><phr n="Open"><ent r="3" t="42" w="880" /><ent r="5" t="49" w="108" /><ent r="4" t="49" w="139" /><ent r="100" t="53" w="312" /><ent r="3" t="53" w="314" /><ent r="3" t="53" w="471" /><ent r="3" t="60" w="1205" /><ent r="3" t="60" w="1374" /></phr><phr n="opener"><ent r="3" t="48" w="814" /><ent r="3" t="48" w="817" /><ent r="3" t="48" w="825" /></phr></stem><stem n="sourc"><phr n="source"><ent r="3" t="2" w="21" /><ent r="4" t="3" w="522" /><ent r="4" t="39" w="987" /><ent r="3" t="63" w="378" /></phr><phr n="Source"><ent r="3" t="27" w="86" /><ent r="3" t="31" w="1249" /><ent r="3" t="31" w="1626" /></phr><phr n="sources"><ent r="3" t="63" w="426" /></phr></stem><stem n="oss"><phr n="OSS"><ent r="3" t="2" w="23" /></phr></stem><stem n="(oss),"><phr n="(OSS),"><ent r="3" t="2" w="24" /></phr></stem><stem n="inform"><phr n="information"><ent r="3" t="2" w="34" /><ent r="3" t="3" w="579" /><ent r="4" t="4" w="329" /><ent r="6" t="5" w="392" /><ent r="5" t="13" w="400" /><ent r="5" t="13" w="738" /><ent r="3" t="15" w="375" /><ent r="4" t="15" w="460" /><ent r="3" t="15" w="756" /><ent r="3" t="15" w="781" /><ent r="4" t="16" w="166" /><ent r="4" t="16" w="832" /><ent r="3" t="18" w="18" /><ent r="3" t="18" w="27" /><ent r="3" t="18" w="49" /><ent r="3" t="18" w="62" /><ent r="4" t="18" w="190" /><ent r="4" t="18" w="223" /><ent r="4" t="18" w="239" /><ent r="3" t="18" w="282" /><ent r="3" t="18" w="333" /><ent r="4" t="18" w="834" /><ent r="3" t="21" w="315" /><ent r="3" t="21" w="488" /><ent r="3" t="21" w="535" /><ent r="4" t="21" w="660" /><ent r="4" t="21" w="683" /><ent r="4" t="21" w="735" /><ent r="3" t="23" w="2749" /><ent r="3" t="25" w="1071" /><ent r="3" t="27" w="49" /><ent r="3" t="27" w="72" /><ent r="3" t="27" w="250" /><ent r="3" t="29" w="41" /><ent r="3" t="30" w="326" /><ent r="3" t="31" w="328" /><ent r="4" t="33" w="340" /><ent r="3" t="33" w="415" /><ent r="3" t="33" w="594" /><ent r="3" t="33" w="826" /><ent r="4" t="34" w="1359" /><ent r="3" t="35" w="24" /><ent r="4" t="36" w="435" /><ent r="3" t="36" w="988" /><ent r="3" t="36" w="1115" /><ent r="4" t="36" w="1968" /><ent r="3" t="36" w="2438" /><ent r="3" t="36" w="2853" /><ent r="3" t="39" w="274" /><ent r="3" t="39" w="481" /><ent r="3" t="39" w="577" /><ent r="3" t="39" w="656" /><ent r="3" t="39" w="874" /><ent r="3" t="40" w="22" /><ent r="4" t="40" w="73" /><ent r="4" t="40" w="227" /><ent r="4" t="40" w="380" /><ent r="3" t="44" w="222" /><ent r="3" t="46" w="155" /><ent r="3" t="46" w="222" /><ent r="3" t="46" w="536" /><ent r="3" t="46" w="697" /><ent r="3" t="47" w="177" /><ent r="3" t="48" w="152" /><ent r="3" t="48" w="167" /><ent r="3" t="48" w="702" /><ent r="3" t="52" w="101" /><ent r="3" t="53" w="216" /><ent r="4" t="54" w="265" /><ent r="4" t="54" w="797" /><ent r="3" t="58" w="55" /><ent r="3" t="58" w="285" /><ent r="3" t="58" w="355" /><ent r="3" t="63" w="56" /><ent r="3" t="64" w="115" /><ent r="4" t="64" w="227" /><ent r="4" t="65" w="176" /><ent r="3" t="65" w="429" /><ent r="4" t="65" w="588" /><ent r="4" t="65" w="602" /><ent r="4" t="65" w="616" /><ent r="3" t="65" w="652" /><ent r="6" t="67" w="203" /><ent r="6" t="67" w="805" /><ent r="4" t="69" w="25" /><ent r="4" t="69" w="41" /><ent r="3" t="69" w="232" /><ent r="3" t="70" w="267" /><ent r="3" t="70" w="275" /><ent r="3" t="70" w="342" /><ent r="3" t="71" w="36" /><ent r="3" t="73" w="60" /></phr><phr n="Information"><ent r="82" t="4" w="691" /><ent r="3" t="5" w="55" /><ent r="3" t="18" w="574" /><ent r="3" t="31" w="1516" /><ent r="100" t="38" w="20" /><ent r="3" t="38" w="604" /><ent r="3" t="44" w="206" /></phr></stem><stem n="see"><phr n="see"><ent r="3" t="2" w="35" /><ent r="5" t="13" w="739" /><ent r="3" t="14" w="985" /><ent r="3" t="14" w="1206" /><ent r="3" t="14" w="1269" /><ent r="3" t="15" w="603" /><ent r="3" t="15" w="782" /><ent r="4" t="16" w="167" /><ent r="65" t="16" w="240" /><ent r="6" t="16" w="543" /><ent r="4" t="16" w="863" /><ent r="3" t="16" w="1988" /><ent r="3" t="20" w="441" /><ent r="3" t="22" w="250" /><ent r="3" t="25" w="885" /><ent r="3" t="25" w="1072" /><ent r="3" t="29" w="42" /><ent r="3" t="31" w="287" /><ent r="3" t="33" w="595" /><ent r="3" t="33" w="827" /><ent r="3" t="34" w="125" /><ent r="3" t="36" w="101" /><ent r="4" t="36" w="1969" /><ent r="3" t="36" w="2439" /><ent r="3" t="36" w="4522" /><ent r="3" t="39" w="402" /><ent r="3" t="39" w="487" /><ent r="3" t="39" w="578" /><ent r="3" t="39" w="875" /><ent r="3" t="39" w="1224" /><ent r="4" t="40" w="197" /><ent r="4" t="40" w="228" /><ent r="3" t="40" w="463" /><ent r="3" t="42" w="488" /><ent r="3" t="46" w="34" /><ent r="3" t="46" w="223" /><ent r="3" t="47" w="178" /><ent r="3" t="48" w="563" /><ent r="3" t="53" w="23" /><ent r="4" t="54" w="190" /><ent r="4" t="54" w="266" /><ent r="4" t="54" w="798" /><ent r="3" t="61" w="145" /><ent r="3" t="63" w="57" /><ent r="3" t="65" w="430" /><ent r="3" t="73" w="74" /><ent r="4" t="76" w="237" /></phr><phr n="See"><ent r="3" t="3" w="572" /><ent r="6" t="5" w="377" /><ent r="6" t="5" w="1147" /><ent r="4" t="8" w="99" /><ent r="4" t="8" w="659" /><ent r="3" t="10" w="103" /><ent r="5" t="11" w="279" /><ent r="5" t="13" w="396" /><ent r="3" t="15" w="367" /><ent r="4" t="16" w="770" /><ent r="4" t="16" w="801" /><ent r="4" t="16" w="815" /><ent r="4" t="18" w="829" /><ent r="4" t="21" w="184" /><ent r="4" t="23" w="276" /><ent r="4" t="23" w="866" /><ent r="4" t="23" w="2310" /><ent r="3" t="23" w="2387" /><ent r="3" t="27" w="203" /><ent r="3" t="34" w="640" /><ent r="4" t="34" w="858" /><ent r="4" t="34" w="1347" /><ent r="3" t="34" w="1607" /><ent r="4" t="36" w="478" /><ent r="3" t="36" w="964" /><ent r="3" t="36" w="1086" /><ent r="3" t="36" w="1105" /><ent r="3" t="36" w="2983" /><ent r="3" t="36" w="3586" /><ent r="3" t="39" w="495" /><ent r="4" t="39" w="998" /><ent r="3" t="39" w="1080" /><ent r="3" t="39" w="1258" /><ent r="4" t="40" w="383" /><ent r="3" t="43" w="85" /><ent r="4" t="46" w="885" /><ent r="4" t="46" w="905" /><ent r="3" t="48" w="945" /><ent r="100" t="54" w="179" /><ent r="3" t="54" w="1044" /><ent r="4" t="69" w="1595" /></phr><phr n="Sees"><ent r="92" t="20" w="276" /></phr></stem><stem n="section"><phr n="section"><ent r="64" t="2" w="41" /><ent r="3" t="4" w="39" /><ent r="3" t="4" w="51" /><ent r="3" t="4" w="91" /><ent r="3" t="4" w="127" /><ent r="3" t="4" w="173" /><ent r="3" t="4" w="200" /><ent r="66" t="4" w="270" /><ent r="66" t="4" w="296" /><ent r="66" t="4" w="325" /><ent r="66" t="4" w="354" /><ent r="66" t="4" w="437" /><ent r="66" t="4" w="472" /><ent r="66" t="4" w="508" /><ent r="66" t="4" w="558" /><ent r="65" t="4" w="605" /><ent r="65" t="4" w="630" /><ent r="66" t="4" w="654" /><ent r="65" t="4" w="675" /><ent r="3" t="5" w="15" /><ent r="6" t="5" w="555" /><ent r="5" t="5" w="610" /><ent r="3" t="5" w="798" /><ent r="65" t="5" w="810" /><ent r="6" t="5" w="1153" /><ent r="3" t="5" w="1377" /><ent r="3" t="5" w="1401" /><ent r="3" t="6" w="21" /><ent r="3" t="6" w="50" /><ent r="3" t="6" w="86" /><ent r="3" t="7" w="64" /><ent r="3" t="7" w="567" /><ent r="1000" t="8" w="3" /><ent r="102" t="8" w="7" /><ent r="3" t="8" w="12" /><ent r="3" t="8" w="38" /><ent r="4" t="8" w="195" /><ent r="3" t="8" w="386" /><ent r="92" t="8" w="556" /><ent r="3" t="8" w="563" /><ent r="3" t="8" w="572" /><ent r="3" t="8" w="584" /><ent r="4" t="8" w="743" /><ent r="4" t="8" w="749" /><ent r="5" t="10" w="62" /><ent r="5" t="10" w="72" /><ent r="5" t="10" w="82" /><ent r="3" t="10" w="142" /><ent r="3" t="10" w="223" /><ent r="3" t="10" w="312" /><ent r="3" t="10" w="332" /><ent r="3" t="10" w="369" /><ent r="3" t="10" w="390" /><ent r="3" t="10" w="411" /><ent r="3" t="10" w="422" /><ent r="3" t="11" w="71" /><ent r="82" t="13" w="280" /><ent r="3" t="13" w="291" /><ent r="3" t="13" w="513" /><ent r="3" t="13" w="555" /><ent r="82" t="13" w="625" /><ent r="5" t="13" w="735" /><ent r="82" t="13" w="751" /><ent r="82" t="13" w="797" /><ent r="82" t="13" w="989" /><ent r="82" t="13" w="1275" /><ent r="3" t="13" w="1535" /><ent r="4" t="13" w="1775" /><ent r="4" t="13" w="1787" /><ent r="4" t="13" w="1797" /><ent r="3" t="13" w="2037" /><ent r="3" t="13" w="2066" /><ent r="3" t="13" w="2103" /><ent r="3" t="13" w="2413" /><ent r="3" t="14" w="610" /><ent r="3" t="14" w="1024" /><ent r="4" t="15" w="245" /><ent r="4" t="15" w="279" /><ent r="4" t="15" w="308" /><ent r="4" t="15" w="336" /><ent r="66" t="15" w="401" /><ent r="66" t="15" w="427" /><ent r="66" t="15" w="456" /><ent r="66" t="15" w="485" /><ent r="3" t="15" w="526" /><ent r="3" t="15" w="571" /><ent r="3" t="15" w="772" /><ent r="3" t="15" w="815" /><ent r="3" t="16" w="64" /><ent r="3" t="16" w="116" /><ent r="3" t="16" w="899" /><ent r="3" t="16" w="1175" /><ent r="64" t="16" w="1634" /><ent r="3" t="17" w="25" /><ent r="3" t="17" w="46" /><ent r="3" t="18" w="733" /><ent r="3" t="18" w="1741" /><ent r="3" t="18" w="1771" /><ent r="4" t="18" w="1884" /><ent r="4" t="18" w="1937" /><ent r="3" t="19" w="43" /><ent r="3" t="19" w="124" /><ent r="3" t="19" w="418" /><ent r="3" t="20" w="768" /><ent r="3" t="20" w="916" /><ent r="3" t="21" w="23" /><ent r="4" t="21" w="108" /><ent r="4" t="21" w="176" /><ent r="4" t="21" w="180" /><ent r="4" t="21" w="188" /><ent r="4" t="21" w="265" /><ent r="4" t="21" w="402" /><ent r="3" t="22" w="20" /><ent r="3" t="22" w="50" /><ent r="3" t="22" w="55" /><ent r="3" t="22" w="248" /><ent r="3" t="23" w="2789" /><ent r="3" t="24" w="22" /><ent r="3" t="26" w="65" /><ent r="3" t="26" w="400" /><ent r="3" t="27" w="214" /><ent r="64" t="28" w="536" /><ent r="3" t="28" w="970" /><ent r="3" t="29" w="20" /><ent r="4" t="33" w="185" /><ent r="4" t="33" w="214" /><ent r="4" t="33" w="242" /><ent r="4" t="33" w="273" /><ent r="4" t="33" w="306" /><ent r="4" t="33" w="332" /><ent r="64" t="33" w="832" /><ent r="3" t="34" w="14" /><ent r="3" t="34" w="47" /><ent r="4" t="34" w="1310" /><ent r="3" t="35" w="16" /><ent r="3" t="37" w="211" /><ent r="3" t="37" w="224" /><ent r="3" t="37" w="242" /><ent r="3" t="37" w="296" /><ent r="4" t="39" w="121" /><ent r="4" t="39" w="150" /><ent r="4" t="39" w="178" /><ent r="4" t="39" w="211" /><ent r="4" t="39" w="238" /><ent r="4" t="39" w="260" /><ent r="3" t="39" w="283" /><ent r="92" t="39" w="513" /><ent r="3" t="39" w="621" /><ent r="4" t="39" w="687" /><ent r="4" t="39" w="748" /><ent r="4" t="39" w="1018" /><ent r="4" t="39" w="1063" /><ent r="3" t="39" w="1246" /><ent r="3" t="40" w="16" /><ent r="3" t="41" w="23" /><ent r="3" t="42" w="14" /><ent r="3" t="42" w="36" /><ent r="92" t="42" w="98" /><ent r="3" t="42" w="116" /><ent r="3" t="42" w="229" /><ent r="3" t="42" w="253" /><ent r="3" t="42" w="351" /><ent r="3" t="42" w="385" /><ent r="3" t="42" w="416" /><ent r="3" t="43" w="18" /><ent r="3" t="43" w="34" /><ent r="3" t="44" w="150" /><ent r="64" t="46" w="62" /><ent r="65" t="46" w="447" /><ent r="65" t="46" w="519" /><ent r="65" t="46" w="567" /><ent r="65" t="46" w="810" /><ent r="4" t="46" w="881" /><ent r="4" t="46" w="901" /><ent r="4" t="48" w="308" /><ent r="4" t="48" w="332" /><ent r="4" t="48" w="352" /><ent r="3" t="53" w="255" /><ent r="3" t="58" w="92" /><ent r="3" t="64" w="44" /><ent r="4" t="65" w="324" /><ent r="6" t="69" w="1217" /><ent r="3" t="73" w="99" /><ent r="3" t="77" w="191" /><ent r="3" t="77" w="215" /></phr><phr n="sections"><ent r="3" t="3" w="298" /><ent r="3" t="3" w="304" /><ent r="3" t="4" w="23" /><ent r="3" t="4" w="73" /><ent r="3" t="4" w="239" /><ent r="3" t="4" w="415" /><ent r="3" t="10" w="91" /><ent r="3" t="13" w="92" /><ent r="82" t="13" w="109" /><ent r="3" t="13" w="122" /><ent r="3" t="15" w="829" /><ent r="3" t="24" w="36" /><ent r="3" t="36" w="1809" /><ent r="3" t="39" w="115" /></phr><phr n="Sections"><ent r="92" t="4" w="75" /><ent r="3" t="4" w="191" /><ent r="92" t="4" w="233" /><ent r="82" t="4" w="248" /><ent r="82" t="4" w="391" /><ent r="82" t="4" w="491" /><ent r="82" t="4" w="586" /><ent r="92" t="15" w="256" /><ent r="92" t="15" w="350" /><ent r="92" t="33" w="163" /><ent r="92" t="33" w="256" /><ent r="92" t="39" w="92" /><ent r="92" t="39" w="192" /></phr><phr n="Section"><ent r="64" t="4" w="83" /><ent r="64" t="4" w="121" /><ent r="64" t="4" w="167" /><ent r="66" t="4" w="374" /><ent r="1000" t="5" w="3" /><ent r="102" t="5" w="7" /><ent r="100" t="5" w="166" /><ent r="100" t="5" w="717" /><ent r="100" t="5" w="720" /><ent r="100" t="5" w="724" /><ent r="92" t="5" w="728" /><ent r="92" t="5" w="788" /><ent r="1000" t="6" w="3" /><ent r="102" t="6" w="13" /><ent r="1000" t="7" w="3" /><ent r="102" t="7" w="10" /><ent r="100" t="7" w="550" /><ent r="92" t="7" w="554" /><ent r="92" t="15" w="512" /><ent r="82" t="15" w="615" /><ent r="92" t="15" w="743" /><ent r="92" t="15" w="807" /><ent r="1000" t="16" w="5" /><ent r="102" t="16" w="11" /><ent r="1000" t="17" w="5" /><ent r="102" t="17" w="11" /><ent r="82" t="17" w="140" /><ent r="1000" t="18" w="6" /><ent r="102" t="18" w="13" /><ent r="1000" t="19" w="5" /><ent r="102" t="19" w="11" /><ent r="1000" t="20" w="5" /><ent r="102" t="20" w="14" /><ent r="3" t="25" w="1086" /><ent r="64" t="27" w="210" /><ent r="1000" t="28" w="5" /><ent r="102" t="28" w="13" /><ent r="1000" t="29" w="5" /><ent r="102" t="29" w="11" /><ent r="64" t="29" w="51" /><ent r="1000" t="34" w="3" /><ent r="102" t="34" w="7" /><ent r="1000" t="35" w="4" /><ent r="102" t="35" w="9" /><ent r="92" t="37" w="202" /><ent r="4" t="39" w="1273" /><ent r="1000" t="40" w="4" /><ent r="102" t="40" w="9" /><ent r="82" t="40" w="91" /><ent r="1000" t="41" w="4" /><ent r="102" t="41" w="9" /><ent r="3" t="41" w="16" /><ent r="1000" t="42" w="3" /><ent r="102" t="42" w="7" /><ent r="1000" t="43" w="4" /><ent r="102" t="43" w="11" /></phr></stem><stem n="overview"><phr n="Overview"><ent r="1000" t="3" w="1" /><ent r="102" t="3" w="12" /><ent r="1000" t="56" w="4" /><ent r="102" t="56" w="9" /><ent r="1000" t="75" w="3" /><ent r="102" t="75" w="7" /></phr><phr n="overview"><ent r="3" t="33" w="439" /></phr></stem><stem n="get"><phr n="Get"><ent r="100" t="3" w="3" /><ent r="100" t="4" w="763" /><ent r="100" t="15" w="879" /><ent r="100" t="15" w="882" /><ent r="4" t="15" w="889" /><ent r="4" t="15" w="893" /><ent r="100" t="16" w="185" /><ent r="4" t="16" w="848" /><ent r="100" t="24" w="126" /><ent r="100" t="24" w="129" /><ent r="4" t="24" w="136" /><ent r="4" t="24" w="140" /><ent r="3" t="25" w="50" /><ent r="92" t="25" w="620" /><ent r="3" t="25" w="800" /><ent r="4" t="55" w="748" /><ent r="3" t="60" w="550" /><ent r="3" t="60" w="577" /><ent r="3" t="60" w="665" /><ent r="3" t="60" w="1002" /><ent r="3" t="60" w="1098" /></phr><phr n="get"><ent r="3" t="13" w="2475" /><ent r="3" t="14" w="761" /><ent r="3" t="14" w="1257" /><ent r="5" t="15" w="875" /><ent r="3" t="15" w="978" /><ent r="4" t="16" w="861" /><ent r="4" t="18" w="1582" /><ent r="3" t="24" w="62" /><ent r="5" t="24" w="122" /><ent r="3" t="25" w="631" /><ent r="3" t="25" w="813" /><ent r="3" t="26" w="134" /><ent r="3" t="27" w="283" /><ent r="3" t="28" w="877" /><ent r="3" t="31" w="247" /><ent r="3" t="33" w="583" /><ent r="3" t="36" w="230" /><ent r="3" t="45" w="463" /><ent r="4" t="59" w="122" /><ent r="3" t="61" w="50" /><ent r="3" t="63" w="49" /></phr><phr n="gets"><ent r="3" t="20" w="329" /><ent r="6" t="23" w="2993" /><ent r="3" t="45" w="211" /></phr><phr n="Gets"><ent r="4" t="23" w="829" /><ent r="3" t="23" w="1948" /></phr><phr n="GET"><ent r="3" t="42" w="881" /><ent r="3" t="56" w="42" /><ent r="3" t="60" w="1206" /><ent r="6" t="69" w="2025" /><ent r="6" t="69" w="2097" /></phr></stem><stem n="info"><phr n="Info"><ent r="100" t="3" w="4" /><ent r="100" t="4" w="764" /><ent r="5" t="9" w="504" /></phr><phr n="INFO"><ent r="3" t="32" w="95" /></phr></stem><stem n="window"><phr n="window"><ent r="100" t="3" w="5" /><ent r="3" t="3" w="147" /><ent r="3" t="4" w="61" /><ent r="3" t="4" w="138" /><ent r="3" t="4" w="188" /><ent r="3" t="4" w="210" /><ent r="3" t="4" w="220" /><ent r="4" t="4" w="342" /><ent r="4" t="4" w="572" /><ent r="4" t="4" w="576" /><ent r="4" t="4" w="688" /><ent r="100" t="4" w="765" /><ent r="3" t="4" w="774" /><ent r="3" t="4" w="784" /><ent r="5" t="5" w="438" /><ent r="100" t="5" w="527" /><ent r="100" t="6" w="17" /><ent r="3" t="6" w="42" /><ent r="4" t="6" w="93" /><ent r="100" t="7" w="14" /><ent r="3" t="7" w="35" /><ent r="3" t="7" w="102" /><ent r="3" t="7" w="132" /><ent r="3" t="7" w="346" /><ent r="3" t="7" w="458" /><ent r="92" t="10" w="120" /><ent r="3" t="10" w="156" /><ent r="3" t="10" w="167" /><ent r="3" t="10" w="179" /><ent r="3" t="10" w="204" /><ent r="92" t="10" w="296" /><ent r="3" t="10" w="327" /><ent r="3" t="10" w="337" /><ent r="92" t="10" w="352" /><ent r="3" t="10" w="385" /><ent r="3" t="10" w="395" /><ent r="3" t="11" w="32" /><ent r="3" t="13" w="2461" /><ent r="3" t="13" w="2521" /><ent r="3" t="14" w="218" /><ent r="3" t="14" w="767" /><ent r="4" t="15" w="253" /><ent r="4" t="15" w="319" /><ent r="4" t="15" w="348" /><ent r="4" t="15" w="473" /><ent r="3" t="15" w="764" /><ent r="3" t="17" w="320" /><ent r="3" t="18" w="60" /><ent r="3" t="18" w="67" /><ent r="3" t="18" w="93" /><ent r="3" t="18" w="393" /><ent r="3" t="18" w="409" /><ent r="4" t="18" w="815" /><ent r="3" t="18" w="1168" /><ent r="3" t="18" w="1750" /><ent r="3" t="18" w="1758" /><ent r="3" t="18" w="1790" /><ent r="3" t="18" w="1807" /><ent r="92" t="19" w="20" /><ent r="3" t="19" w="57" /><ent r="3" t="19" w="68" /><ent r="3" t="19" w="80" /><ent r="3" t="19" w="105" /><ent r="3" t="19" w="219" /><ent r="3" t="20" w="528" /><ent r="3" t="20" w="541" /><ent r="4" t="20" w="552" /><ent r="4" t="20" w="628" /><ent r="4" t="21" w="771" /><ent r="3" t="26" w="216" /><ent r="3" t="29" w="27" /><ent r="3" t="31" w="715" /><ent r="4" t="33" w="225" /><ent r="4" t="33" w="254" /><ent r="4" t="33" w="353" /><ent r="3" t="35" w="37" /><ent r="100" t="36" w="43" /><ent r="3" t="36" w="1592" /><ent r="3" t="36" w="1597" /><ent r="3" t="37" w="229" /><ent r="3" t="37" w="300" /><ent r="4" t="39" w="161" /><ent r="4" t="39" w="190" /><ent r="4" t="39" w="269" /><ent r="3" t="39" w="336" /><ent r="4" t="39" w="1074" /><ent r="3" t="43" w="26" /><ent r="3" t="46" w="169" /><ent r="4" t="46" w="330" /><ent r="3" t="46" w="687" /><ent r="4" t="48" w="100" /><ent r="4" t="49" w="92" /><ent r="4" t="49" w="128" /><ent r="4" t="49" w="183" /><ent r="4" t="49" w="194" /><ent r="3" t="52" w="37" /><ent r="93" t="53" w="201" /><ent r="93" t="53" w="279" /><ent r="100" t="53" w="308" /><ent r="100" t="53" w="311" /><ent r="3" t="53" w="317" /><ent r="93" t="53" w="446" /><ent r="3" t="53" w="474" /><ent r="100" t="54" w="178" /><ent r="4" t="54" w="727" /><ent r="4" t="54" w="818" /><ent r="3" t="54" w="1159" /><ent r="100" t="54" w="1267" /><ent r="3" t="54" w="1285" /><ent r="4" t="55" w="797" /><ent r="4" t="59" w="89" /><ent r="7" t="67" w="761" /><ent r="6" t="67" w="778" /><ent r="6" t="67" w="780" /><ent r="6" t="67" w="798" /><ent r="6" t="67" w="811" /></phr><phr n="Windows"><ent r="6" t="5" w="943" /><ent r="1000" t="10" w="3" /><ent r="102" t="10" w="22" /><ent r="5" t="13" w="220" /><ent r="5" t="13" w="243" /><ent r="5" t="13" w="1394" /><ent r="64" t="15" w="789" /><ent r="3" t="19" w="388" /><ent r="4" t="23" w="2478" /><ent r="64" t="37" w="262" /><ent r="100" t="39" w="9" /><ent r="100" t="39" w="84" /><ent r="3" t="39" w="1218" /><ent r="4" t="40" w="162" /><ent r="3" t="40" w="457" /><ent r="3" t="42" w="737" /><ent r="6" t="45" w="123" /><ent r="4" t="48" w="227" /><ent r="4" t="48" w="256" /><ent r="5" t="60" w="40" /><ent r="4" t="60" w="44" /><ent r="82" t="60" w="320" /><ent r="3" t="60" w="324" /><ent r="72" t="60" w="338" /></phr><phr n="windows"><ent r="100" t="10" w="6" /><ent r="100" t="10" w="9" /><ent r="100" t="10" w="16" /><ent r="3" t="10" w="42" /><ent r="100" t="15" w="785" /><ent r="6" t="69" w="1388" /></phr><phr n="Window"><ent r="3" t="14" w="624" /><ent r="100" t="15" w="731" /><ent r="92" t="15" w="735" /><ent r="3" t="19" w="431" /><ent r="3" t="21" w="568" /><ent r="3" t="26" w="162" /><ent r="3" t="26" w="251" /><ent r="3" t="26" w="413" /><ent r="3" t="31" w="176" /><ent r="3" t="31" w="214" /><ent r="3" t="31" w="285" /><ent r="3" t="31" w="315" /><ent r="100" t="67" w="757" /><ent r="6" t="69" w="1381" /></phr></stem></index>