<?xml version="1.0" encoding="utf-8"?><index><stem n="intermapp"><phr n="InterMapper"><ent r="1000" t="0" w="1" /><ent r="102" t="0" w="7" /><ent r="3" t="0" w="14" /><ent r="3" t="0" w="16" /><ent r="3" t="0" w="37" /><ent r="3" t="0" w="62" /><ent r="3" t="0" w="105" /><ent r="64" t="0" w="118" /><ent r="64" t="0" w="145" /><ent r="3" t="0" w="150" /><ent r="3" t="0" w="194" /><ent r="3" t="0" w="209" /><ent r="64" t="0" w="231" /><ent r="3" t="1" w="33" /><ent r="3" t="3" w="35" /><ent r="3" t="3" w="66" /><ent r="3" t="3" w="104" /><ent r="3" t="3" w="172" /><ent r="3" t="3" w="184" /><ent r="4" t="3" w="244" /><ent r="4" t="3" w="253" /><ent r="3" t="3" w="318" /><ent r="3" t="3" w="327" /><ent r="4" t="3" w="362" /><ent r="4" t="3" w="385" /><ent r="4" t="3" w="435" /><ent r="4" t="3" w="489" /><ent r="4" t="3" w="526" /><ent r="64" t="4" w="159" /><ent r="64" t="4" w="224" /><ent r="4" t="4" w="520" /><ent r="65" t="4" w="580" /><ent r="3" t="5" w="58" /><ent r="6" t="5" w="112" /><ent r="6" t="5" w="493" /><ent r="6" t="5" w="849" /><ent r="6" t="5" w="861" /><ent r="6" t="5" w="883" /><ent r="6" t="5" w="915" /><ent r="6" t="5" w="980" /><ent r="6" t="5" w="1014" /><ent r="6" t="5" w="1051" /><ent r="6" t="5" w="1078" /><ent r="100" t="5" w="1195" /><ent r="5" t="5" w="1219" /><ent r="4" t="5" w="1298" /><ent r="64" t="6" w="71" /><ent r="3" t="8" w="242" /><ent r="64" t="10" w="98" /><ent r="64" t="10" w="208" /><ent r="1000" t="11" w="2" /><ent r="102" t="11" w="7" /><ent r="3" t="11" w="35" /><ent r="3" t="11" w="78" /><ent r="3" t="11" w="93" /><ent r="4" t="11" w="485" /><ent r="3" t="12" w="14" /><ent r="3" t="12" w="79" /><ent r="5" t="13" w="261" /><ent r="5" t="13" w="666" /><ent r="5" t="13" w="1074" /><ent r="3" t="13" w="1477" /><ent r="4" t="13" w="1639" /><ent r="3" t="14" w="65" /><ent r="3" t="14" w="109" /><ent r="3" t="14" w="264" /><ent r="3" t="14" w="402" /><ent r="3" t="14" w="1063" /><ent r="3" t="15" w="62" /><ent r="4" t="15" w="125" /><ent r="4" t="15" w="160" /><ent r="4" t="15" w="173" /><ent r="4" t="15" w="209" /><ent r="4" t="15" w="238" /><ent r="65" t="15" w="326" /><ent r="4" t="15" w="862" /><ent r="4" t="15" w="886" /><ent r="4" t="15" w="917" /><ent r="4" t="15" w="961" /><ent r="3" t="16" w="24" /><ent r="4" t="16" w="226" /><ent r="4" t="16" w="266" /><ent r="6" t="16" w="281" /><ent r="6" t="16" w="497" /><ent r="6" t="16" w="606" /><ent r="6" t="16" w="658" /><ent r="4" t="16" w="838" /><ent r="4" t="16" w="1142" /><ent r="3" t="16" w="1485" /><ent r="3" t="16" w="1560" /><ent r="3" t="16" w="1581" /><ent r="3" t="17" w="367" /><ent r="3" t="18" w="22" /><ent r="3" t="18" w="46" /><ent r="3" t="18" w="938" /><ent r="3" t="18" w="1019" /><ent r="3" t="18" w="1207" /><ent r="3" t="18" w="1457" /><ent r="3" t="18" w="1513" /><ent r="64" t="19" w="109" /><ent r="3" t="19" w="299" /><ent r="3" t="20" w="16" /><ent r="3" t="20" w="70" /><ent r="3" t="20" w="97" /><ent r="4" t="20" w="257" /><ent r="3" t="20" w="278" /><ent r="3" t="20" w="316" /><ent r="3" t="20" w="704" /><ent r="3" t="20" w="774" /><ent r="4" t="21" w="257" /><ent r="3" t="21" w="268" /><ent r="3" t="21" w="298" /><ent r="3" t="21" w="309" /><ent r="3" t="21" w="449" /><ent r="4" t="21" w="658" /><ent r="3" t="21" w="859" /><ent r="3" t="21" w="887" /><ent r="3" t="21" w="925" /><ent r="3" t="21" w="943" /><ent r="3" t="22" w="82" /><ent r="3" t="23" w="36" /><ent r="3" t="23" w="78" /><ent r="4" t="24" w="111" /><ent r="4" t="24" w="133" /><ent r="4" t="24" w="164" /><ent r="4" t="24" w="206" /><ent r="4" t="24" w="235" /><ent r="3" t="25" w="17" /><ent r="3" t="25" w="39" /><ent r="3" t="25" w="43" /><ent r="3" t="25" w="136" /><ent r="3" t="25" w="214" /><ent r="4" t="25" w="541" /><ent r="4" t="25" w="543" /><ent r="4" t="25" w="603" /><ent r="3" t="25" w="625" /><ent r="3" t="25" w="793" /><ent r="3" t="26" w="22" /><ent r="3" t="26" w="77" /><ent r="3" t="27" w="32" /><ent r="3" t="27" w="60" /><ent r="3" t="27" w="76" /><ent r="3" t="27" w="142" /><ent r="3" t="27" w="167" /><ent r="3" t="27" w="231" /><ent r="3" t="27" w="243" /><ent r="3" t="27" w="270" /><ent r="3" t="28" w="47" /><ent r="4" t="28" w="76" /><ent r="4" t="28" w="94" /><ent r="3" t="28" w="159" /><ent r="3" t="28" w="899" /><ent r="3" t="28" w="951" /><ent r="3" t="31" w="32" /><ent r="3" t="31" w="301" /><ent r="3" t="31" w="1175" /><ent r="3" t="32" w="50" /><ent r="3" t="32" w="130" /><ent r="3" t="32" w="386" /><ent r="3" t="32" w="417" /><ent r="3" t="33" w="37" /><ent r="65" t="33" w="232" /><ent r="65" t="33" w="361" /><ent r="3" t="33" w="367" /><ent r="3" t="33" w="846" /><ent r="3" t="34" w="81" /><ent r="3" t="34" w="437" /><ent r="3" t="34" w="915" /><ent r="4" t="34" w="1650" /><ent r="64" t="35" w="45" /><ent r="100" t="36" w="75" /><ent r="3" t="36" w="88" /><ent r="4" t="36" w="870" /><ent r="4" t="36" w="983" /><ent r="64" t="36" w="1107" /><ent r="3" t="36" w="1264" /><ent r="4" t="36" w="2277" /><ent r="3" t="36" w="2726" /><ent r="3" t="36" w="3575" /><ent r="3" t="37" w="54" /><ent r="3" t="37" w="149" /><ent r="3" t="37" w="307" /><ent r="4" t="37" w="337" /><ent r="4" t="37" w="374" /><ent r="4" t="37" w="412" /><ent r="3" t="38" w="409" /><ent r="3" t="39" w="24" /><ent r="3" t="39" w="61" /><ent r="100" t="39" w="69" /><ent r="65" t="39" w="168" /><ent r="3" t="39" w="271" /><ent r="3" t="39" w="295" /><ent r="3" t="39" w="385" /><ent r="3" t="39" w="472" /><ent r="3" t="39" w="483" /><ent r="3" t="39" w="587" /><ent r="3" t="39" w="658" /><ent r="4" t="39" w="1026" /><ent r="4" t="40" w="105" /><ent r="4" t="40" w="121" /><ent r="4" t="40" w="148" /><ent r="5" t="40" w="179" /><ent r="3" t="41" w="36" /><ent r="3" t="41" w="65" /><ent r="3" t="41" w="87" /><ent r="3" t="42" w="102" /><ent r="3" t="42" w="121" /><ent r="3" t="42" w="272" /><ent r="3" t="42" w="403" /><ent r="3" t="42" w="587" /><ent r="3" t="42" w="768" /><ent r="64" t="43" w="79" /><ent r="1000" t="45" w="1" /><ent r="102" t="45" w="5" /><ent r="3" t="45" w="9" /><ent r="3" t="45" w="46" /><ent r="5" t="45" w="128" /><ent r="3" t="45" w="215" /><ent r="3" t="45" w="233" /><ent r="3" t="45" w="435" /><ent r="3" t="46" w="14" /><ent r="3" t="46" w="112" /><ent r="3" t="46" w="113" /><ent r="3" t="46" w="124" /><ent r="3" t="46" w="151" /><ent r="3" t="46" w="167" /><ent r="3" t="46" w="206" /><ent r="100" t="46" w="240" /><ent r="5" t="46" w="292" /><ent r="4" t="46" w="346" /><ent r="3" t="46" w="423" /><ent r="4" t="46" w="454" /><ent r="4" t="46" w="511" /><ent r="3" t="46" w="669" /><ent r="82" t="46" w="725" /><ent r="4" t="46" w="860" /><ent r="3" t="47" w="73" /><ent r="3" t="47" w="157" /><ent r="3" t="47" w="208" /><ent r="3" t="48" w="120" /><ent r="4" t="48" w="193" /><ent r="4" t="48" w="217" /><ent r="4" t="48" w="240" /><ent r="4" t="48" w="252" /><ent r="4" t="48" w="324" /><ent r="4" t="48" w="344" /><ent r="3" t="48" w="473" /><ent r="3" t="49" w="16" /><ent r="4" t="49" w="117" /><ent r="4" t="49" w="141" /><ent r="4" t="49" w="213" /><ent r="4" t="49" w="283" /><ent r="92" t="50" w="50" /><ent r="3" t="50" w="55" /><ent r="3" t="50" w="80" /><ent r="3" t="50" w="129" /><ent r="3" t="51" w="7" /><ent r="3" t="53" w="47" /><ent r="3" t="53" w="116" /><ent r="3" t="53" w="208" /><ent r="3" t="53" w="572" /><ent r="3" t="53" w="583" /><ent r="3" t="54" w="45" /><ent r="3" t="54" w="97" /><ent r="4" t="54" w="259" /><ent r="4" t="54" w="291" /><ent r="4" t="54" w="312" /><ent r="100" t="54" w="755" /><ent r="100" t="54" w="758" /><ent r="4" t="54" w="767" /><ent r="4" t="54" w="769" /><ent r="3" t="54" w="1170" /><ent r="4" t="54" w="1178" /><ent r="4" t="54" w="1197" /><ent r="4" t="54" w="1228" /><ent r="3" t="54" w="1275" /><ent r="3" t="55" w="26" /><ent r="3" t="55" w="124" /><ent r="1000" t="56" w="1" /><ent r="102" t="56" w="6" /><ent r="3" t="56" w="11" /><ent r="3" t="56" w="25" /><ent r="4" t="56" w="74" /><ent r="4" t="56" w="110" /><ent r="3" t="56" w="148" /><ent r="3" t="56" w="175" /><ent r="3" t="57" w="15" /><ent r="4" t="57" w="77" /><ent r="3" t="57" w="117" /><ent r="3" t="57" w="148" /><ent r="3" t="57" w="204" /><ent r="3" t="57" w="249" /><ent r="6" t="57" w="253" /><ent r="3" t="58" w="20" /><ent r="3" t="58" w="39" /><ent r="64" t="58" w="96" /><ent r="3" t="58" w="343" /><ent r="3" t="58" w="380" /><ent r="3" t="60" w="27" /><ent r="3" t="60" w="54" /><ent r="3" t="60" w="88" /><ent r="3" t="60" w="106" /><ent r="3" t="60" w="138" /><ent r="6" t="60" w="164" /><ent r="3" t="60" w="240" /><ent r="3" t="60" w="295" /><ent r="3" t="60" w="335" /><ent r="4" t="60" w="451" /><ent r="3" t="60" w="466" /><ent r="3" t="60" w="474" /><ent r="3" t="60" w="539" /><ent r="3" t="60" w="558" /><ent r="3" t="60" w="851" /><ent r="3" t="60" w="866" /><ent r="3" t="60" w="882" /><ent r="3" t="60" w="928" /><ent r="1000" t="61" w="5" /><ent r="102" t="61" w="13" /><ent r="3" t="61" w="17" /><ent r="3" t="61" w="29" /><ent r="3" t="61" w="42" /><ent r="3" t="61" w="60" /><ent r="1000" t="62" w="1" /><ent r="102" t="62" w="5" /><ent r="3" t="62" w="17" /><ent r="64" t="62" w="26" /><ent r="3" t="63" w="20" /><ent r="64" t="63" w="59" /><ent r="3" t="63" w="87" /><ent r="3" t="64" w="25" /><ent r="3" t="64" w="57" /><ent r="3" t="64" w="69" /><ent r="3" t="64" w="91" /><ent r="3" t="64" w="134" /><ent r="4" t="64" w="226" /><ent r="3" t="64" w="331" /><ent r="4" t="64" w="337" /><ent r="3" t="65" w="10" /><ent r="4" t="65" w="128" /><ent r="4" t="65" w="138" /><ent r="3" t="65" w="420" /><ent r="3" t="65" w="456" /><ent r="3" t="65" w="514" /><ent r="3" t="65" w="533" /><ent r="3" t="66" w="21" /><ent r="3" t="66" w="92" /><ent r="4" t="66" w="246" /><ent r="3" t="67" w="43" /><ent r="6" t="67" w="99" /><ent r="6" t="67" w="262" /><ent r="7" t="67" w="404" /><ent r="7" t="67" w="448" /><ent r="7" t="67" w="482" /><ent r="7" t="67" w="495" /><ent r="6" t="67" w="611" /><ent r="6" t="67" w="665" /><ent r="6" t="67" w="741" /><ent r="6" t="67" w="790" /><ent r="3" t="68" w="87" /><ent r="3" t="68" w="147" /><ent r="65" t="69" w="78" /><ent r="65" t="69" w="85" /><ent r="93" t="69" w="172" /><ent r="3" t="69" w="176" /><ent r="3" t="69" w="230" /><ent r="93" t="69" w="650" /><ent r="6" t="69" w="667" /><ent r="6" t="69" w="677" /><ent r="6" t="69" w="716" /><ent r="6" t="69" w="777" /><ent r="6" t="69" w="789" /><ent r="6" t="69" w="845" /><ent r="6" t="69" w="863" /><ent r="6" t="69" w="1118" /><ent r="6" t="69" w="1291" /><ent r="4" t="69" w="1597" /><ent r="3" t="69" w="1618" /><ent r="100" t="70" w="34" /><ent r="4" t="70" w="37" /><ent r="3" t="70" w="54" /><ent r="3" t="70" w="75" /><ent r="3" t="70" w="111" /><ent r="3" t="70" w="226" /><ent r="3" t="70" w="343" /><ent r="1000" t="73" w="5" /><ent r="102" t="73" w="15" /><ent r="100" t="73" w="17" /><ent r="100" t="73" w="21" /><ent r="3" t="73" w="27" /><ent r="3" t="73" w="29" /><ent r="3" t="73" w="70" /><ent r="3" t="73" w="72" /><ent r="4" t="73" w="80" /><ent r="4" t="73" w="88" /><ent r="65" t="73" w="104" /><ent r="3" t="76" w="45" /><ent r="4" t="76" w="66" /><ent r="100" t="77" w="13" /><ent r="5" t="77" w="37" /><ent r="4" t="77" w="112" /></phr><phr n="intermapper"><ent r="64" t="1" w="752" /><ent r="3" t="14" w="68" /><ent r="3" t="19" w="302" /><ent r="3" t="26" w="25" /><ent r="3" t="26" w="83" /><ent r="3" t="26" w="88" /><ent r="3" t="31" w="35" /><ent r="3" t="32" w="167" /><ent r="3" t="32" w="203" /><ent r="3" t="32" w="235" /><ent r="3" t="32" w="270" /><ent r="3" t="32" w="301" /><ent r="3" t="32" w="326" /><ent r="3" t="32" w="353" /><ent r="3" t="32" w="395" /><ent r="3" t="45" w="236" /><ent r="3" t="70" w="148" /><ent r="3" t="70" w="206" /><ent r="3" t="70" w="282" /><ent r="4" t="70" w="431" /><ent r="3" t="70" w="443" /><ent r="3" t="70" w="456" /><ent r="3" t="70" w="470" /></phr><phr n="Intermapper"><ent r="4" t="50" w="27" /><ent r="100" t="70" w="426" /></phr></stem><stem n="develop"><phr n="Developer"><ent r="1000" t="0" w="2" /><ent r="102" t="0" w="8" /><ent r="3" t="26" w="71" /><ent r="64" t="33" w="433" /><ent r="1000" t="74" w="1" /><ent r="3" t="74" w="40" /></phr><phr n="develop"><ent r="3" t="3" w="343" /><ent r="3" t="39" w="445" /><ent r="3" t="46" w="386" /></phr><phr n="development"><ent r="3" t="14" w="82" /><ent r="3" t="19" w="315" /><ent r="3" t="26" w="38" /><ent r="3" t="45" w="249" /><ent r="64" t="46" w="61" /><ent r="3" t="48" w="508" /></phr><phr n="developer"><ent r="64" t="39" w="457" /><ent r="3" t="39" w="640" /><ent r="3" t="46" w="395" /><ent r="64" t="46" w="406" /></phr><phr n="developing"><ent r="3" t="50" w="111" /></phr></stem><stem n="guid"><phr n="Guide"><ent r="1000" t="0" w="3" /><ent r="102" t="0" w="9" /><ent r="64" t="2" w="45" /><ent r="3" t="26" w="72" /><ent r="64" t="33" w="434" /><ent r="64" t="53" w="260" /><ent r="64" t="58" w="98" /><ent r="3" t="73" w="94" /><ent r="1000" t="74" w="2" /><ent r="3" t="74" w="41" /></phr><phr n="guides"><ent r="5" t="5" w="442" /></phr></stem><stem n=":"><phr n=":"><ent r="1000" t="0" w="4" /><ent r="102" t="0" w="10" /><ent r="3" t="0" w="24" /><ent r="3" t="1" w="432" /><ent r="3" t="1" w="457" /><ent r="3" t="1" w="740" /><ent r="3" t="1" w="744" /><ent r="3" t="1" w="749" /><ent r="3" t="3" w="191" /><ent r="3" t="3" w="355" /><ent r="3" t="4" w="259" /><ent r="3" t="4" w="503" /><ent r="3" t="4" w="599" /><ent r="4" t="5" w="54" /><ent r="6" t="5" w="118" /><ent r="6" t="5" w="281" /><ent r="7" t="5" w="309" /><ent r="6" t="5" w="559" /><ent r="6" t="5" w="570" /><ent r="5" t="5" w="614" /><ent r="3" t="5" w="816" /><ent r="4" t="5" w="845" /><ent r="4" t="5" w="1156" /><ent r="3" t="5" w="1243" /><ent r="3" t="5" w="1344" /><ent r="3" t="5" w="1414" /><ent r="3" t="6" w="58" /><ent r="3" t="7" w="77" /><ent r="3" t="7" w="172" /><ent r="3" t="7" w="303" /><ent r="3" t="7" w="382" /><ent r="3" t="7" w="480" /><ent r="3" t="7" w="508" /><ent r="3" t="8" w="62" /><ent r="3" t="8" w="272" /><ent r="4" t="8" w="278" /><ent r="4" t="8" w="286" /><ent r="4" t="8" w="297" /><ent r="4" t="8" w="308" /><ent r="3" t="8" w="620" /><ent r="3" t="10" w="55" /><ent r="4" t="11" w="75" /><ent r="5" t="11" w="317" /><ent r="8" t="11" w="319" /><ent r="8" t="11" w="323" /><ent r="8" t="11" w="327" /><ent r="8" t="11" w="331" /><ent r="8" t="11" w="334" /><ent r="8" t="11" w="338" /><ent r="8" t="11" w="341" /><ent r="8" t="11" w="345" /><ent r="3" t="11" w="357" /><ent r="4" t="11" w="455" /><ent r="3" t="12" w="51" /><ent r="3" t="12" w="84" /><ent r="3" t="12" w="133" /><ent r="6" t="13" w="155" /><ent r="6" t="13" w="197" /><ent r="6" t="13" w="236" /><ent r="5" t="13" w="810" /><ent r="5" t="13" w="824" /><ent r="5" t="13" w="834" /><ent r="5" t="13" w="845" /><ent r="5" t="13" w="854" /><ent r="5" t="13" w="864" /><ent r="5" t="13" w="874" /><ent r="5" t="13" w="882" /><ent r="5" t="13" w="892" /><ent r="5" t="13" w="906" /><ent r="6" t="13" w="912" /><ent r="5" t="13" w="939" /><ent r="5" t="13" w="951" /><ent r="5" t="13" w="963" /><ent r="3" t="13" w="1576" /><ent r="3" t="13" w="1654" /><ent r="3" t="13" w="1669" /><ent r="3" t="13" w="1675" /><ent r="3" t="13" w="1682" /><ent r="3" t="13" w="1693" /><ent r="3" t="13" w="1701" /><ent r="3" t="13" w="1712" /><ent r="3" t="13" w="1721" /><ent r="3" t="13" w="1730" /><ent r="3" t="13" w="1769" /><ent r="3" t="13" w="1814" /><ent r="3" t="13" w="1884" /><ent r="3" t="13" w="1886" /><ent r="3" t="13" w="1907" /><ent r="3" t="13" w="1924" /><ent r="3" t="13" w="1936" /><ent r="3" t="13" w="1942" /><ent r="3" t="13" w="1948" /><ent r="3" t="13" w="2005" /><ent r="3" t="13" w="2072" /><ent r="3" t="13" w="2157" /><ent r="3" t="13" w="2221" /><ent r="3" t="13" w="2231" /><ent r="3" t="13" w="2239" /><ent r="3" t="13" w="2249" /><ent r="3" t="13" w="2536" /><ent r="3" t="14" w="307" /><ent r="3" t="14" w="539" /><ent r="3" t="14" w="694" /><ent r="3" t="14" w="757" /><ent r="3" t="14" w="857" /><ent r="3" t="14" w="1039" /><ent r="3" t="14" w="1093" /><ent r="3" t="14" w="1098" /><ent r="3" t="14" w="1103" /><ent r="3" t="14" w="1108" /><ent r="3" t="14" w="1113" /><ent r="3" t="14" w="1132" /><ent r="3" t="14" w="1134" /><ent r="3" t="14" w="1184" /><ent r="3" t="14" w="1195" /><ent r="3" t="14" w="1228" /><ent r="3" t="15" w="124" /><ent r="4" t="15" w="366" /><ent r="3" t="15" w="390" /><ent r="3" t="15" w="588" /><ent r="4" t="15" w="695" /><ent r="3" t="15" w="847" /><ent r="3" t="16" w="133" /><ent r="3" t="16" w="146" /><ent r="4" t="16" w="278" /><ent r="6" t="16" w="665" /><ent r="10" t="16" w="670" /><ent r="4" t="16" w="753" /><ent r="3" t="16" w="1279" /><ent r="4" t="16" w="1299" /><ent r="3" t="16" w="1503" /><ent r="3" t="16" w="1673" /><ent r="3" t="16" w="1712" /><ent r="4" t="16" w="1876" /><ent r="3" t="16" w="1889" /><ent r="3" t="16" w="1892" /><ent r="3" t="16" w="1899" /><ent r="3" t="16" w="1919" /><ent r="3" t="16" w="1924" /><ent r="4" t="16" w="1932" /><ent r="3" t="16" w="1941" /><ent r="3" t="16" w="1944" /><ent r="3" t="16" w="1946" /><ent r="3" t="16" w="1948" /><ent r="3" t="16" w="1954" /><ent r="3" t="16" w="2008" /><ent r="3" t="16" w="2013" /><ent r="3" t="16" w="2016" /><ent r="3" t="16" w="2019" /><ent r="3" t="17" w="123" /><ent r="3" t="17" w="150" /><ent r="3" t="17" w="156" /><ent r="3" t="17" w="163" /><ent r="3" t="17" w="172" /><ent r="3" t="17" w="177" /><ent r="3" t="17" w="185" /><ent r="3" t="17" w="190" /><ent r="3" t="17" w="195" /><ent r="3" t="17" w="201" /><ent r="3" t="17" w="350" /><ent r="4" t="17" w="377" /><ent r="5" t="17" w="396" /><ent r="3" t="18" w="152" /><ent r="3" t="18" w="295" /><ent r="3" t="18" w="366" /><ent r="3" t="18" w="481" /><ent r="3" t="18" w="565" /><ent r="4" t="18" w="725" /><ent r="3" t="18" w="1038" /><ent r="3" t="18" w="1254" /><ent r="3" t="18" w="1383" /><ent r="3" t="18" w="1557" /><ent r="3" t="18" w="1775" /><ent r="3" t="18" w="1841" /><ent r="3" t="19" w="232" /><ent r="3" t="20" w="238" /><ent r="3" t="20" w="545" /><ent r="3" t="20" w="819" /><ent r="3" t="21" w="31" /><ent r="3" t="21" w="33" /><ent r="3" t="21" w="47" /><ent r="3" t="21" w="53" /><ent r="3" t="21" w="63" /><ent r="3" t="21" w="73" /><ent r="3" t="21" w="93" /><ent r="3" t="21" w="320" /><ent r="4" t="21" w="365" /><ent r="4" t="21" w="415" /><ent r="3" t="21" w="455" /><ent r="3" t="21" w="489" /><ent r="3" t="21" w="606" /><ent r="5" t="21" w="656" /><ent r="5" t="21" w="756" /><ent r="5" t="21" w="799" /><ent r="3" t="21" w="984" /><ent r="3" t="21" w="986" /><ent r="3" t="21" w="1078" /><ent r="3" t="21" w="1080" /><ent r="3" t="21" w="1167" /><ent r="3" t="21" w="1275" /><ent r="3" t="21" w="1378" /><ent r="3" t="21" w="1403" /><ent r="3" t="21" w="1469" /><ent r="3" t="21" w="1477" /><ent r="3" t="21" w="1485" /><ent r="3" t="21" w="1493" /><ent r="3" t="21" w="1504" /><ent r="3" t="21" w="1512" /><ent r="3" t="21" w="1520" /><ent r="3" t="21" w="1528" /><ent r="3" t="22" w="27" /><ent r="3" t="22" w="29" /><ent r="3" t="22" w="173" /><ent r="3" t="22" w="184" /><ent r="3" t="22" w="195" /><ent r="3" t="22" w="214" /><ent r="3" t="23" w="86" /><ent r="4" t="23" w="323" /><ent r="4" t="23" w="329" /><ent r="4" t="23" w="335" /><ent r="4" t="23" w="343" /><ent r="4" t="23" w="350" /><ent r="4" t="23" w="356" /><ent r="4" t="23" w="367" /><ent r="4" t="23" w="377" /><ent r="4" t="23" w="383" /><ent r="4" t="23" w="387" /><ent r="4" t="23" w="918" /><ent r="3" t="23" w="931" /><ent r="3" t="23" w="938" /><ent r="3" t="23" w="983" /><ent r="3" t="23" w="1041" /><ent r="3" t="23" w="1100" /><ent r="3" t="23" w="1147" /><ent r="3" t="23" w="1192" /><ent r="3" t="23" w="1312" /><ent r="3" t="23" w="1366" /><ent r="3" t="23" w="1669" /><ent r="3" t="23" w="1930" /><ent r="3" t="23" w="1987" /><ent r="3" t="23" w="2317" /><ent r="3" t="23" w="2642" /><ent r="4" t="23" w="2694" /><ent r="3" t="23" w="2793" /><ent r="4" t="23" w="2881" /><ent r="4" t="23" w="3030" /><ent r="3" t="24" w="49" /><ent r="3" t="24" w="96" /><ent r="5" t="24" w="270" /><ent r="3" t="25" w="50" /><ent r="3" t="25" w="88" /><ent r="3" t="25" w="99" /><ent r="3" t="25" w="186" /><ent r="4" t="25" w="326" /><ent r="3" t="25" w="328" /><ent r="3" t="25" w="339" /><ent r="3" t="25" w="347" /><ent r="3" t="25" w="359" /><ent r="3" t="25" w="361" /><ent r="3" t="25" w="382" /><ent r="3" t="25" w="392" /><ent r="3" t="25" w="441" /><ent r="3" t="25" w="494" /><ent r="3" t="25" w="511" /><ent r="3" t="25" w="746" /><ent r="3" t="25" w="768" /><ent r="3" t="25" w="800" /><ent r="3" t="25" w="939" /><ent r="3" t="25" w="973" /><ent r="3" t="26" w="82" /><ent r="3" t="26" w="384" /><ent r="4" t="27" w="289" /><ent r="3" t="28" w="64" /><ent r="3" t="28" w="157" /><ent r="4" t="28" w="217" /><ent r="3" t="28" w="433" /><ent r="4" t="28" w="483" /><ent r="3" t="28" w="549" /><ent r="4" t="28" w="731" /><ent r="3" t="28" w="783" /><ent r="3" t="28" w="872" /><ent r="3" t="28" w="906" /><ent r="3" t="28" w="927" /><ent r="3" t="28" w="932" /><ent r="3" t="28" w="939" /><ent r="3" t="28" w="947" /><ent r="3" t="28" w="971" /><ent r="3" t="28" w="1037" /><ent r="3" t="28" w="1043" /><ent r="3" t="28" w="1049" /><ent r="3" t="28" w="1054" /><ent r="3" t="28" w="1078" /><ent r="3" t="30" w="34" /><ent r="4" t="30" w="96" /><ent r="3" t="30" w="126" /><ent r="3" t="30" w="136" /><ent r="4" t="30" w="253" /><ent r="4" t="30" w="270" /><ent r="4" t="30" w="279" /><ent r="4" t="30" w="289" /><ent r="3" t="31" w="389" /><ent r="3" t="32" w="101" /><ent r="3" t="32" w="110" /><ent r="3" t="32" w="368" /><ent r="3" t="33" w="267" /><ent r="3" t="33" w="512" /><ent r="3" t="33" w="656" /><ent r="3" t="33" w="764" /><ent r="3" t="33" w="973" /><ent r="4" t="33" w="1027" /><ent r="3" t="34" w="327" /><ent r="4" t="34" w="392" /><ent r="4" t="34" w="489" /><ent r="3" t="34" w="514" /><ent r="4" t="34" w="598" /><ent r="4" t="34" w="691" /><ent r="3" t="34" w="752" /><ent r="4" t="34" w="865" /><ent r="4" t="34" w="891" /><ent r="3" t="34" w="897" /><ent r="3" t="34" w="917" /><ent r="3" t="34" w="970" /><ent r="4" t="34" w="1004" /><ent r="4" t="34" w="1075" /><ent r="3" t="34" w="1161" /><ent r="4" t="34" w="1177" /><ent r="4" t="34" w="1205" /><ent r="4" t="34" w="1266" /><ent r="4" t="34" w="1365" /><ent r="3" t="34" w="1405" /><ent r="4" t="34" w="1556" /><ent r="4" t="34" w="1590" /><ent r="3" t="34" w="1633" /><ent r="4" t="34" w="1683" /><ent r="3" t="34" w="1693" /><ent r="3" t="34" w="1753" /><ent r="4" t="34" w="1778" /><ent r="3" t="36" w="992" /><ent r="3" t="36" w="1055" /><ent r="3" t="36" w="1125" /><ent r="4" t="36" w="1194" /><ent r="4" t="36" w="1408" /><ent r="4" t="36" w="1549" /><ent r="4" t="36" w="1620" /><ent r="4" t="36" w="1624" /><ent r="4" t="36" w="1722" /><ent r="3" t="36" w="1749" /><ent r="4" t="36" w="1782" /><ent r="5" t="36" w="1917" /><ent r="4" t="36" w="1925" /><ent r="4" t="36" w="1976" /><ent r="4" t="36" w="1983" /><ent r="4" t="36" w="2081" /><ent r="4" t="36" w="2126" /><ent r="4" t="36" w="2178" /><ent r="4" t="36" w="2305" /><ent r="4" t="36" w="2343" /><ent r="4" t="36" w="2387" /><ent r="3" t="36" w="2395" /><ent r="4" t="36" w="2445" /><ent r="4" t="36" w="2452" /><ent r="4" t="36" w="2572" /><ent r="4" t="36" w="2637" /><ent r="4" t="36" w="2687" /><ent r="4" t="36" w="2718" /><ent r="4" t="36" w="2737" /><ent r="4" t="36" w="2786" /><ent r="4" t="36" w="2819" /><ent r="4" t="36" w="2856" /><ent r="4" t="36" w="2890" /><ent r="4" t="36" w="2974" /><ent r="4" t="36" w="2994" /><ent r="4" t="36" w="3042" /><ent r="4" t="36" w="3075" /><ent r="4" t="36" w="3110" /><ent r="4" t="36" w="3150" /><ent r="4" t="36" w="3217" /><ent r="4" t="36" w="3237" /><ent r="4" t="36" w="3319" /><ent r="4" t="36" w="3416" /><ent r="4" t="36" w="3428" /><ent r="4" t="36" w="3497" /><ent r="4" t="36" w="3545" /><ent r="4" t="36" w="3560" /><ent r="4" t="36" w="3592" /><ent r="4" t="36" w="3601" /><ent r="4" t="36" w="3630" /><ent r="4" t="36" w="3674" /><ent r="4" t="36" w="3845" /><ent r="4" t="36" w="3849" /><ent r="4" t="36" w="4120" /><ent r="4" t="36" w="4143" /><ent r="4" t="36" w="4174" /><ent r="4" t="36" w="4334" /><ent r="4" t="36" w="4404" /><ent r="4" t="36" w="4495" /><ent r="3" t="37" w="100" /><ent r="3" t="37" w="161" /><ent r="3" t="38" w="217" /><ent r="3" t="39" w="116" /><ent r="3" t="39" w="205" /><ent r="3" t="39" w="659" /><ent r="4" t="39" w="761" /><ent r="4" t="39" w="809" /><ent r="3" t="39" w="822" /><ent r="4" t="39" w="927" /><ent r="5" t="39" w="1007" /><ent r="3" t="39" w="1144" /><ent r="3" t="39" w="1163" /><ent r="4" t="39" w="1170" /><ent r="3" t="40" w="35" /><ent r="5" t="40" w="172" /><ent r="4" t="40" w="347" /><ent r="3" t="40" w="517" /><ent r="3" t="41" w="42" /><ent r="3" t="41" w="109" /><ent r="4" t="41" w="111" /><ent r="3" t="42" w="231" /><ent r="3" t="42" w="243" /><ent r="3" t="42" w="255" /><ent r="3" t="42" w="543" /><ent r="3" t="42" w="548" /><ent r="3" t="42" w="553" /><ent r="3" t="42" w="558" /><ent r="3" t="42" w="563" /><ent r="3" t="42" w="602" /><ent r="3" t="42" w="617" /><ent r="3" t="42" w="627" /><ent r="3" t="42" w="645" /><ent r="3" t="42" w="665" /><ent r="3" t="42" w="814" /><ent r="3" t="44" w="22" /><ent r="3" t="44" w="184" /><ent r="3" t="44" w="189" /><ent r="3" t="44" w="194" /><ent r="3" t="44" w="215" /><ent r="3" t="45" w="105" /><ent r="6" t="45" w="111" /><ent r="6" t="45" w="124" /><ent r="4" t="45" w="139" /><ent r="4" t="46" w="256" /><ent r="3" t="46" w="437" /><ent r="3" t="46" w="497" /><ent r="4" t="46" w="533" /><ent r="3" t="46" w="536" /><ent r="4" t="46" w="584" /><ent r="3" t="46" w="605" /><ent r="3" t="46" w="625" /><ent r="3" t="46" w="639" /><ent r="3" t="46" w="749" /><ent r="4" t="46" w="873" /><ent r="3" t="47" w="231" /><ent r="3" t="47" w="236" /><ent r="3" t="47" w="241" /><ent r="3" t="47" w="246" /><ent r="3" t="47" w="260" /><ent r="3" t="48" w="177" /><ent r="5" t="48" w="234" /><ent r="3" t="48" w="569" /><ent r="3" t="48" w="625" /><ent r="3" t="48" w="630" /><ent r="3" t="48" w="635" /><ent r="3" t="48" w="640" /><ent r="3" t="48" w="645" /><ent r="3" t="48" w="661" /><ent r="3" t="48" w="736" /><ent r="3" t="48" w="739" /><ent r="3" t="48" w="750" /><ent r="3" t="48" w="810" /><ent r="3" t="48" w="833" /><ent r="3" t="48" w="868" /><ent r="4" t="48" w="977" /><ent r="4" t="48" w="1007" /><ent r="4" t="49" w="54" /><ent r="4" t="49" w="138" /><ent r="3" t="49" w="248" /><ent r="3" t="50" w="90" /><ent r="3" t="51" w="127" /><ent r="92" t="53" w="37" /><ent r="3" t="53" w="79" /><ent r="3" t="53" w="127" /><ent r="3" t="53" w="137" /><ent r="3" t="53" w="141" /><ent r="3" t="53" w="171" /><ent r="3" t="53" w="173" /><ent r="93" t="53" w="187" /><ent r="93" t="53" w="271" /><ent r="3" t="53" w="325" /><ent r="93" t="53" w="438" /><ent r="3" t="53" w="493" /><ent r="3" t="54" w="152" /><ent r="4" t="54" w="169" /><ent r="4" t="54" w="436" /><ent r="3" t="54" w="448" /><ent r="4" t="54" w="474" /><ent r="3" t="54" w="498" /><ent r="4" t="54" w="518" /><ent r="4" t="54" w="580" /><ent r="3" t="54" w="612" /><ent r="4" t="54" w="635" /><ent r="3" t="54" w="657" /><ent r="3" t="54" w="714" /><ent r="4" t="54" w="767" /><ent r="4" t="54" w="769" /><ent r="4" t="54" w="771" /><ent r="4" t="54" w="778" /><ent r="4" t="54" w="822" /><ent r="3" t="54" w="839" /><ent r="3" t="54" w="871" /><ent r="3" t="54" w="888" /><ent r="3" t="54" w="912" /><ent r="3" t="54" w="928" /><ent r="3" t="54" w="946" /><ent r="3" t="54" w="965" /><ent r="3" t="54" w="984" /><ent r="3" t="54" w="1000" /><ent r="3" t="54" w="1018" /><ent r="3" t="54" w="1044" /><ent r="3" t="54" w="1063" /><ent r="3" t="54" w="1079" /><ent r="3" t="54" w="1097" /><ent r="3" t="54" w="1115" /><ent r="3" t="54" w="1176" /><ent r="4" t="55" w="81" /><ent r="3" t="55" w="164" /><ent r="3" t="55" w="168" /><ent r="3" t="55" w="185" /><ent r="3" t="55" w="200" /><ent r="3" t="55" w="218" /><ent r="82" t="55" w="266" /><ent r="3" t="55" w="296" /><ent r="82" t="55" w="429" /><ent r="3" t="55" w="533" /><ent r="4" t="55" w="736" /><ent r="4" t="55" w="780" /><ent r="3" t="56" w="63" /><ent r="3" t="56" w="166" /><ent r="3" t="57" w="27" /><ent r="3" t="57" w="54" /><ent r="3" t="57" w="72" /><ent r="3" t="57" w="179" /><ent r="4" t="57" w="189" /><ent r="3" t="57" w="361" /><ent r="3" t="57" w="412" /><ent r="3" t="57" w="426" /><ent r="4" t="57" w="441" /><ent r="3" t="57" w="482" /><ent r="3" t="58" w="64" /><ent r="3" t="58" w="110" /><ent r="3" t="58" w="123" /><ent r="3" t="58" w="180" /><ent r="3" t="58" w="216" /><ent r="3" t="58" w="240" /><ent r="3" t="58" w="399" /><ent r="3" t="59" w="28" /><ent r="3" t="59" w="41" /><ent r="4" t="59" w="65" /><ent r="3" t="59" w="80" /><ent r="3" t="59" w="129" /><ent r="3" t="59" w="143" /><ent r="3" t="59" w="164" /><ent r="3" t="59" w="199" /><ent r="3" t="59" w="213" /><ent r="3" t="60" w="30" /><ent r="3" t="60" w="163" /><ent r="3" t="60" w="285" /><ent r="3" t="60" w="306" /><ent r="3" t="60" w="358" /><ent r="3" t="60" w="385" /><ent r="3" t="61" w="112" /><ent r="3" t="62" w="22" /><ent r="3" t="62" w="40" /><ent r="4" t="63" w="147" /><ent r="3" t="63" w="251" /><ent r="3" t="63" w="286" /><ent r="3" t="63" w="427" /><ent r="3" t="64" w="152" /><ent r="4" t="64" w="263" /><ent r="4" t="64" w="344" /><ent r="3" t="65" w="70" /><ent r="92" t="65" w="198" /><ent r="3" t="65" w="417" /><ent r="3" t="65" w="546" /><ent r="4" t="65" w="635" /><ent r="3" t="66" w="93" /><ent r="3" t="66" w="170" /><ent r="3" t="67" w="59" /><ent r="6" t="67" w="403" /><ent r="8" t="67" w="522" /><ent r="7" t="67" w="705" /><ent r="4" t="68" w="68" /><ent r="4" t="68" w="227" /><ent r="3" t="69" w="67" /><ent r="6" t="69" w="309" /><ent r="7" t="69" w="598" /><ent r="6" t="69" w="680" /><ent r="7" t="69" w="736" /><ent r="7" t="69" w="839" /><ent r="7" t="69" w="857" /><ent r="6" t="69" w="926" /><ent r="7" t="69" w="1075" /><ent r="6" t="69" w="1184" /><ent r="7" t="69" w="1203" /><ent r="6" t="69" w="1341" /><ent r="6" t="69" w="1393" /><ent r="6" t="69" w="1455" /><ent r="6" t="69" w="1509" /><ent r="6" t="69" w="1550" /><ent r="4" t="69" w="1561" /><ent r="3" t="69" w="1823" /><ent r="6" t="69" w="2052" /><ent r="6" t="69" w="2120" /><ent r="7" t="69" w="2299" /><ent r="7" t="69" w="2378" /><ent r="6" t="69" w="2400" /><ent r="3" t="70" w="88" /><ent r="3" t="70" w="146" /><ent r="3" t="70" w="204" /><ent r="3" t="70" w="280" /><ent r="3" t="71" w="86" /><ent r="3" t="71" w="97" /><ent r="4" t="72" w="56" /><ent r="4" t="72" w="78" /><ent r="3" t="74" w="7" /><ent r="3" t="74" w="28" /><ent r="3" t="76" w="65" /><ent r="4" t="76" w="135" /><ent r="4" t="76" w="142" /><ent r="4" t="76" w="161" /><ent r="5" t="76" w="166" /><ent r="4" t="76" w="188" /><ent r="5" t="76" w="191" /><ent r="5" t="76" w="193" /><ent r="5" t="76" w="195" /><ent r="4" t="76" w="202" /><ent r="4" t="76" w="256" /><ent r="5" t="76" w="261" /><ent r="5" t="76" w="264" /><ent r="5" t="76" w="267" /><ent r="3" t="77" w="57" /><ent r="3" t="77" w="161" /><ent r="3" t="77" w="228" /></phr></stem></index>