<?xml version="1.0" encoding="utf-8"?><index><stem n="concaten"><phr n="Concatenation"><ent r="100" t="23" w="227" /><ent r="4" t="23" w="366" /></phr><phr n="concatenation"><ent r="4" t="23" w="272" /><ent r="6" t="69" w="1976" /></phr><phr n="ConCATenate"><ent r="100" t="36" w="799" /><ent r="100" t="36" w="801" /></phr><phr n="Concatenates"><ent r="4" t="36" w="803" /></phr><phr n="concatenates"><ent r="3" t="36" w="3097" /></phr></stem><stem n="interpol"><phr n="interpolated"><ent r="4" t="23" w="258" /></phr></stem><stem n="excel"><phr n="Excel"><ent r="100" t="23" w="288" /><ent r="3" t="23" w="299" /></phr></stem><stem n="capabl"><phr n="capabilities"><ent r="3" t="23" w="293" /><ent r="3" t="23" w="3043" /><ent r="3" t="49" w="18" /><ent r="3" t="58" w="25" /></phr></stem><stem n="(1)."><phr n="(1)."><ent r="3" t="23" w="303" /></phr></stem><stem n="keyword"><phr n="keywords"><ent r="92" t="23" w="305" /><ent r="3" t="34" w="322" /><ent r="4" t="65" w="181" /></phr></stem><stem n="(least"><phr n="(Least"><ent r="92" t="23" w="318" /></phr></stem><stem n="least"><phr n="Least"><ent r="92" t="23" w="318" /></phr></stem><stem n="?:"><phr n="?:"><ent r="4" t="23" w="329" /><ent r="3" t="25" w="923" /><ent r="3" t="25" w="1017" /></phr></stem><stem n="&amp;&amp;"><phr n="&amp;&amp;"><ent r="4" t="23" w="344" /><ent r="3" t="53" w="175" /></phr></stem><stem n="!=,"><phr n="!=,"><ent r="4" t="23" w="350" /></phr></stem><stem n="subtract"><phr n="Subtraction"><ent r="100" t="23" w="362" /><ent r="4" t="23" w="365" /></phr><phr n="subtraction"><ent r="3" t="36" w="1729" /></phr></stem><stem n=",-"><phr n=",-"><ent r="4" t="23" w="368" /></phr></stem><stem n="divis"><phr n="Division"><ent r="100" t="23" w="372" /><ent r="4" t="23" w="375" /></phr></stem><stem n="=~,"><phr n="=~,"><ent r="4" t="23" w="384" /></phr></stem><stem n="!,"><phr n="!,"><ent r="4" t="23" w="387" /></phr></stem><stem n="ab"><phr n="Abs"><ent r="100" t="23" w="399" /></phr><phr n="abs"><ent r="4" t="23" w="401" /></phr></stem><stem n="absolut"><phr n="Absolute"><ent r="4" t="23" w="403" /></phr><phr n="absolute"><ent r="3" t="25" w="155" /></phr></stem><stem n="'x'."><phr n="'x'."><ent r="4" t="23" w="407" /><ent r="4" t="23" w="597" /><ent r="4" t="23" w="622" /></phr></stem><stem n="x,y"><phr n="x,y"><ent r="4" t="23" w="415" /><ent r="4" t="23" w="414" /></phr></stem><stem n="y"><phr n="y"><ent r="4" t="23" w="415" /><ent r="4" t="23" w="469" /><ent r="4" t="23" w="475" /><ent r="4" t="23" w="481" /><ent r="4" t="23" w="487" /><ent r="4" t="23" w="493" /><ent r="4" t="23" w="500" /><ent r="4" t="23" w="507" /><ent r="4" t="23" w="514" /><ent r="4" t="23" w="521" /><ent r="4" t="23" w="528" /><ent r="4" t="23" w="581" /><ent r="4" t="23" w="587" /><ent r="4" t="23" w="625" /><ent r="4" t="23" w="631" /><ent r="3" t="23" w="948" /><ent r="4" t="23" w="979" /><ent r="4" t="23" w="1805" /></phr><phr n="Y"><ent r="4" t="23" w="1813" /><ent r="3" t="23" w="1867" /><ent r="3" t="23" w="1932" /><ent r="3" t="23" w="1935" /></phr></stem><stem n="(x),round(x,y)"><phr n="(x),round(x,y)"><ent r="4" t="23" w="416" /></phr></stem><stem n="'x'"><phr n="'x'"><ent r="4" t="23" w="418" /><ent r="4" t="23" w="474" /><ent r="4" t="23" w="486" /><ent r="4" t="23" w="497" /><ent r="4" t="23" w="511" /><ent r="4" t="23" w="527" /><ent r="4" t="23" w="535" /><ent r="4" t="23" w="537" /><ent r="4" t="23" w="548" /><ent r="4" t="23" w="550" /><ent r="4" t="23" w="559" /><ent r="4" t="23" w="561" /><ent r="4" t="23" w="583" /><ent r="4" t="23" w="629" /></phr></stem><stem n="trunc"><phr n="Trunc"><ent r="100" t="23" w="422" /></phr><phr n="trunc"><ent r="4" t="23" w="424" /><ent r="4" t="23" w="435" /></phr></stem><stem n="3.987"><phr n="3.987"><ent r="4" t="23" w="437" /><ent r="4" t="23" w="436" /></phr></stem><stem n="987"><phr n="987"><ent r="4" t="23" w="437" /></phr></stem><stem n=".987)"><phr n=".987)"><ent r="4" t="23" w="438" /></phr></stem><stem n=":x1"><phr n=":x1"><ent r="100" t="23" w="441" /></phr></stem><stem n="x1"><phr n="x1"><ent r="100" t="23" w="441" /><ent r="4" t="23" w="444" /><ent r="4" t="23" w="450" /><ent r="4" t="23" w="455" /><ent r="4" t="23" w="461" /></phr></stem><stem n="x2"><phr n="x2"><ent r="4" t="23" w="445" /><ent r="4" t="23" w="451" /><ent r="4" t="23" w="456" /><ent r="4" t="23" w="462" /></phr></stem><stem n="xn"><phr n="xn"><ent r="4" t="23" w="446" /><ent r="4" t="23" w="452" /><ent r="4" t="23" w="457" /><ent r="4" t="23" w="463" /></phr></stem><stem n="minimum"><phr n="Minimum"><ent r="4" t="23" w="447" /></phr><phr n="minimum"><ent r="3" t="23" w="1329" /><ent r="3" t="23" w="1355" /></phr></stem><stem n="...,"><phr n="...,"><ent r="4" t="23" w="452" /><ent r="4" t="23" w="463" /></phr></stem><stem n="max"><phr n="max"><ent r="4" t="23" w="454" /><ent r="3" t="46" w="591" /></phr><phr n="MAX"><ent r="3" t="32" w="180" /><ent r="3" t="32" w="213" /><ent r="3" t="32" w="245" /><ent r="3" t="32" w="280" /><ent r="3" t="32" w="311" /><ent r="3" t="32" w="336" /></phr></stem><stem n="bitand"><phr n="Bitand"><ent r="100" t="23" w="465" /></phr><phr n="bitand"><ent r="4" t="23" w="467" /></phr></stem><stem n="'and'"><phr n="'and'"><ent r="4" t="23" w="472" /></phr></stem><stem n="'y'."><phr n="'y'."><ent r="4" t="23" w="476" /><ent r="4" t="23" w="488" /><ent r="4" t="23" w="529" /><ent r="4" t="23" w="588" /></phr></stem><stem n="bitor"><phr n="Bitor"><ent r="100" t="23" w="477" /></phr><phr n="bitor"><ent r="4" t="23" w="479" /></phr></stem><stem n="'or'"><phr n="'or'"><ent r="4" t="23" w="484" /></phr></stem><stem n="bitlshift"><phr n="Bitlshift"><ent r="100" t="23" w="489" /></phr><phr n="bitlshift"><ent r="4" t="23" w="491" /></phr></stem><stem n="shift"><phr n="shifted"><ent r="4" t="23" w="497" /><ent r="4" t="23" w="511" /></phr></stem><stem n="'y'"><phr n="'y'"><ent r="4" t="23" w="501" /><ent r="4" t="23" w="515" /></phr></stem><stem n="bitrshift"><phr n="Bitrshift"><ent r="100" t="23" w="503" /></phr><phr n="bitrshift"><ent r="4" t="23" w="505" /></phr></stem><stem n="bitxor"><phr n="Bitxor"><ent r="100" t="23" w="517" /></phr><phr n="bitxor"><ent r="4" t="23" w="519" /></phr></stem><stem n="-or"><phr n="-or"><ent r="4" t="23" w="523" /><ent r="4" t="23" w="523" /></phr></stem><stem n="exclusive-or"><phr n="exclusive-or"><ent r="4" t="23" w="523" /></phr></stem><stem n="radian"><phr n="radians"><ent r="4" t="23" w="539" /><ent r="4" t="23" w="552" /><ent r="4" t="23" w="563" /></phr></stem><stem n="co"><phr n="Cos"><ent r="100" t="23" w="541" /></phr><phr n="cos"><ent r="4" t="23" w="543" /></phr></stem><stem n="cosin"><phr n="cosine"><ent r="4" t="23" w="545" /></phr></stem><stem n="tan"><phr n="tan"><ent r="4" t="23" w="554" /></phr></stem><stem n="tangent"><phr n="tangent"><ent r="4" t="23" w="556" /></phr></stem><stem n=":pi"><phr n=":PI"><ent r="100" t="23" w="566" /></phr></stem><stem n="()"><phr n="()"><ent r="4" t="23" w="571" /><ent r="4" t="23" w="640" /><ent r="3" t="23" w="2697" /></phr></stem><stem n="3.14159"><phr n="3.14159"><ent r="4" t="23" w="577" /><ent r="4" t="23" w="576" /><ent r="3" t="23" w="991" /><ent r="3" t="23" w="990" /></phr></stem><stem n="14159"><phr n="14159"><ent r="4" t="23" w="577" /><ent r="3" t="23" w="991" /></phr></stem><stem n="3.14159."><phr n="3.14159."><ent r="4" t="23" w="577" /><ent r="4" t="23" w="576" /></phr></stem><stem n=".14159...)"><phr n=".14159...)"><ent r="4" t="23" w="578" /></phr></stem><stem n="pow"><phr n="pow"><ent r="4" t="23" w="579" /></phr></stem><stem n="sqrt"><phr n="Sqrt"><ent r="100" t="23" w="589" /></phr><phr n="sqrt"><ent r="4" t="23" w="591" /></phr></stem><stem n="squar"><phr n="square"><ent r="4" t="23" w="593" /></phr></stem><stem n="root"><phr n="root"><ent r="4" t="23" w="594" /></phr></stem><stem n="'x',"><phr n="'x',"><ent r="4" t="23" w="606" /></phr></stem><stem n="natur"><phr n="natural"><ent r="4" t="23" w="613" /><ent r="4" t="23" w="618" /></phr><phr n="nature"><ent r="3" t="39" w="1174" /></phr></stem><stem n="logarithm"><phr n="logarithms"><ent r="4" t="23" w="614" /></phr><phr n="logarithm"><ent r="4" t="23" w="619" /><ent r="4" t="23" w="626" /></phr></stem><stem n="'y',"><phr n="'y',"><ent r="4" t="23" w="632" /></phr></stem><stem n="januari"><phr n="January"><ent r="4" t="23" w="645" /></phr></stem><stem n="1970"><phr n="1970"><ent r="4" t="23" w="646" /><ent r="4" t="23" w="808" /><ent r="3" t="23" w="1647" /><ent r="3" t="23" w="1893" /></phr></stem><stem n="utc"><phr n="UTC"><ent r="4" t="23" w="647" /><ent r="4" t="23" w="807" /><ent r="3" t="23" w="1646" /><ent r="3" t="23" w="1892" /><ent r="3" t="55" w="387" /><ent r="3" t="55" w="398" /></phr></stem><stem n="(str)"><phr n="(str)"><ent r="4" t="23" w="662" /><ent r="4" t="23" w="735" /><ent r="3" t="60" w="1179" /></phr></stem><stem n="strfind"><phr n="strfind"><ent r="65" t="23" w="685" /><ent r="82" t="23" w="996" /><ent r="3" t="23" w="999" /><ent r="3" t="23" w="1042" /></phr></stem><stem n="(pg"><phr n="(Pg"><ent r="126" t="23" w="687" /><ent r="126" t="23" w="708" /><ent r="125" t="27" w="350" /><ent r="126" t="36" w="1803" /><ent r="125" t="39" w="1265" /><ent r="126" t="40" w="235" /><ent r="125" t="48" w="953" /><ent r="125" t="61" w="151" /><ent r="125" t="63" w="63" /></phr></stem><stem n="pg"><phr n="Pg"><ent r="126" t="23" w="687" /><ent r="126" t="23" w="708" /><ent r="125" t="27" w="350" /><ent r="126" t="36" w="1803" /><ent r="125" t="39" w="1265" /><ent r="126" t="40" w="235" /><ent r="125" t="48" w="953" /><ent r="125" t="61" w="151" /><ent r="125" t="63" w="63" /></phr><phr n="pg"><ent r="3" t="61" w="93" /></phr></stem><stem n="strtobesearch"><phr n="strToBeSearched"><ent r="4" t="23" w="690" /><ent r="4" t="23" w="712" /><ent r="3" t="23" w="1000" /><ent r="3" t="23" w="1059" /></phr></stem><stem n="substrtofind"><phr n="substrToFind"><ent r="4" t="23" w="692" /><ent r="4" t="23" w="714" /><ent r="3" t="23" w="1002" /><ent r="3" t="23" w="1061" /></phr></stem><stem n="substr"><phr n="substring"><ent r="4" t="23" w="704" /><ent r="4" t="23" w="726" /><ent r="3" t="23" w="1022" /><ent r="3" t="23" w="1028" /><ent r="3" t="23" w="1053" /><ent r="3" t="23" w="1081" /><ent r="3" t="23" w="1087" /><ent r="3" t="23" w="1110" /><ent r="100" t="23" w="2191" /><ent r="3" t="23" w="2195" /><ent r="3" t="23" w="2205" /><ent r="4" t="23" w="2228" /><ent r="4" t="23" w="2247" /><ent r="3" t="38" w="325" /><ent r="3" t="38" w="361" /><ent r="3" t="38" w="380" /><ent r="3" t="38" w="399" /></phr><phr n="Substr"><ent r="100" t="23" w="850" /></phr><phr n="substr"><ent r="65" t="23" w="852" /><ent r="82" t="23" w="2149" /><ent r="3" t="23" w="2152" /><ent r="100" t="23" w="2164" /><ent r="3" t="23" w="2167" /><ent r="5" t="23" w="2313" /><ent r="3" t="23" w="2318" /><ent r="3" t="23" w="2324" /><ent r="3" t="23" w="2331" /><ent r="3" t="23" w="2338" /><ent r="3" t="60" w="735" /><ent r="3" t="60" w="744" /><ent r="3" t="60" w="748" /><ent r="3" t="60" w="788" /><ent r="3" t="60" w="797" /><ent r="3" t="60" w="801" /></phr><phr n="Substring"><ent r="100" t="23" w="2183" /><ent r="100" t="23" w="2185" /><ent r="100" t="38" w="312" /></phr></stem><stem n="strifind"><phr n="strifind"><ent r="65" t="23" w="706" /><ent r="82" t="23" w="1055" /><ent r="3" t="23" w="1058" /><ent r="3" t="23" w="1101" /></phr></stem><stem n="insensit"><phr n="insensitive"><ent r="4" t="23" w="717" /><ent r="3" t="23" w="1066" /><ent r="100" t="34" w="671" /><ent r="4" t="34" w="688" /><ent r="4" t="34" w="799" /><ent r="4" t="34" w="1345" /></phr></stem><stem n="strlen"><phr n="Strlen"><ent r="100" t="23" w="730" /></phr><phr n="strlen"><ent r="65" t="23" w="732" /><ent r="82" t="23" w="1115" /><ent r="3" t="23" w="1118" /><ent r="3" t="23" w="1148" /><ent r="3" t="23" w="1152" /></phr></stem><stem n="'str'"><phr n="'str'"><ent r="4" t="23" w="744" /></phr></stem><stem n="...)"><phr n="...)"><ent r="4" t="23" w="760" /></phr></stem><stem n="'fmt'."><phr n="'fmt'."><ent r="4" t="23" w="767" /><ent r="4" t="23" w="794" /><ent r="3" t="23" w="1625" /></phr></stem><stem n="'fmt'"><phr n="'fmt'"><ent r="4" t="23" w="770" /><ent r="3" t="23" w="1628" /></phr></stem><stem n="'%'."><phr n="'%'."><ent r="4" t="23" w="776" /><ent r="3" t="23" w="1186" /><ent r="3" t="23" w="1634" /></phr></stem><stem n="strftime"><phr n="Strftime"><ent r="100" t="23" w="779" /></phr><phr n="strftime"><ent r="65" t="23" w="781" /><ent r="82" t="23" w="1609" /><ent r="3" t="23" w="1612" /><ent r="3" t="23" w="1831" /><ent r="3" t="23" w="1855" /><ent r="3" t="23" w="1866" /><ent r="3" t="23" w="1927" /><ent r="3" t="23" w="1931" /></phr></stem><stem n="[secs])"><phr n="[secs])"><ent r="4" t="23" w="785" /></phr></stem><stem n="/time"><phr n="/time"><ent r="4" t="23" w="788" /><ent r="4" t="23" w="814" /><ent r="3" t="23" w="1619" /><ent r="3" t="23" w="1899" /></phr></stem><stem n="date/tim"><phr n="date/time"><ent r="4" t="23" w="788" /><ent r="4" t="23" w="787" /><ent r="4" t="23" w="814" /><ent r="4" t="23" w="813" /><ent r="3" t="23" w="1619" /><ent r="3" t="23" w="1618" /><ent r="3" t="23" w="1899" /><ent r="3" t="23" w="1898" /></phr></stem><stem n="strptime"><phr n="Strptime"><ent r="100" t="23" w="795" /></phr><phr n="strptime"><ent r="65" t="23" w="797" /><ent r="82" t="23" w="1879" /><ent r="3" t="23" w="1882" /><ent r="3" t="23" w="1933" /></phr></stem><stem n="(oid,"><phr n="(oid,"><ent r="4" t="23" w="827" /><ent r="3" t="23" w="1945" /></phr></stem><stem n="-oid"><phr n="-OIDs"><ent r="4" t="23" w="833" /><ent r="4" t="23" w="833" /><ent r="3" t="23" w="1952" /><ent r="3" t="23" w="1952" /><ent r="100" t="54" w="116" /><ent r="100" t="54" w="116" /><ent r="5" t="54" w="220" /><ent r="5" t="54" w="220" /></phr></stem><stem n="sub-oid"><phr n="sub-OIDs"><ent r="4" t="23" w="833" /><ent r="3" t="23" w="1952" /></phr></stem><stem n="offset"><phr n="offset"><ent r="4" t="23" w="855" /><ent r="4" t="23" w="2158" /><ent r="4" t="23" w="2173" /><ent r="4" t="23" w="2211" /><ent r="5" t="23" w="2223" /><ent r="5" t="23" w="2260" /><ent r="5" t="23" w="2295" /><ent r="4" t="34" w="1068" /><ent r="3" t="34" w="1238" /><ent r="3" t="34" w="1248" /></phr><phr n="Offsets"><ent r="100" t="34" w="1022" /><ent r="100" t="34" w="1214" /><ent r="100" t="34" w="1225" /><ent r="82" t="34" w="1229" /></phr><phr n="offsets"><ent r="3" t="34" w="1055" /></phr></stem><stem n="unpack"><phr n="unpack"><ent r="65" t="23" w="858" /><ent r="82" t="23" w="2345" /><ent r="3" t="23" w="2348" /><ent r="4" t="23" w="2390" /><ent r="5" t="23" w="2424" /><ent r="5" t="23" w="2435" /><ent r="3" t="23" w="2643" /><ent r="3" t="23" w="2648" /><ent r="3" t="23" w="2656" /><ent r="3" t="23" w="2664" /><ent r="3" t="23" w="2673" /><ent r="3" t="23" w="2680" /><ent r="3" t="23" w="2685" /><ent r="3" t="23" w="2696" /></phr><phr n="unpacked"><ent r="3" t="23" w="2386" /><ent r="4" t="23" w="2407" /></phr></stem><stem n="binari"><phr n="binary"><ent r="4" t="23" w="860" /><ent r="4" t="39" w="993" /><ent r="3" t="55" w="495" /><ent r="3" t="57" w="94" /><ent r="3" t="57" w="414" /><ent r="3" t="57" w="429" /><ent r="3" t="57" w="489" /><ent r="3" t="58" w="406" /></phr></stem><stem n="(variable:string):integer;"><phr n="(variable:STRING):INTEGER;"><ent r="3" t="23" w="891" /></phr></stem><stem n="(it"><phr n="(it"><ent r="3" t="23" w="909" /><ent r="3" t="31" w="427" /><ent r="3" t="31" w="580" /></phr><phr n="(its"><ent r="3" t="65" w="387" /></phr></stem><stem n="var2"><phr n="var2"><ent r="3" t="23" w="933" /><ent r="3" t="28" w="720" /><ent r="3" t="34" w="900" /><ent r="3" t="34" w="940" /><ent r="3" t="34" w="950" /></phr></stem><stem n="(&quot;var2&quot;)"><phr n="(&quot;var2&quot;)"><ent r="3" t="23" w="934" /></phr></stem><stem n="&quot;$var2"><phr n="&quot;$var2"><ent r="3" t="23" w="935" /><ent r="3" t="23" w="938" /></phr></stem><stem n="undefin"><phr n="undefined"><ent r="3" t="23" w="940" /><ent r="3" t="28" w="617" /><ent r="3" t="53" w="66" /><ent r="3" t="53" w="161" /></phr><phr n="Undefined"><ent r="92" t="53" w="37" /><ent r="3" t="53" w="139" /></phr></stem><stem n="(x:double,"><phr n="(x:DOUBLE,"><ent r="3" t="23" w="948" /></phr></stem><stem n=":integer):double;"><phr n=":INTEGER):DOUBLE;"><ent r="3" t="23" w="951" /></phr></stem><stem n="(x:double):integer;"><phr n="(x:DOUBLE):INTEGER;"><ent r="3" t="23" w="957" /></phr></stem><stem n="8.6"><phr n="8.6"><ent r="3" t="23" w="986" /><ent r="3" t="23" w="985" /></phr></stem><stem n="(8.6)"><phr n="(8.6)"><ent r="3" t="23" w="987" /></phr></stem><stem n="3.14159,"><phr n="3.14159,"><ent r="3" t="23" w="991" /><ent r="3" t="23" w="990" /></phr></stem><stem n="(3.14159,"><phr n="(3.14159,"><ent r="3" t="23" w="992" /></phr></stem><stem n=".142"><phr n=".142"><ent r="3" t="23" w="994" /></phr></stem><stem n="3.142"><phr n="3.142"><ent r="3" t="23" w="994" /><ent r="3" t="23" w="993" /></phr></stem><stem n="142"><phr n="142"><ent r="3" t="23" w="994" /></phr></stem><stem n=":string,"><phr n=":STRING,"><ent r="3" t="23" w="1002" /><ent r="3" t="23" w="1061" /><ent r="3" t="23" w="1164" /><ent r="3" t="23" w="2157" /><ent r="3" t="23" w="2172" /><ent r="3" t="23" w="2353" /></phr></stem><stem n="):integ"><phr n="):INTEGER"><ent r="3" t="23" w="1004" /></phr></stem><stem n="-sensit"><phr n="-sensitive"><ent r="3" t="23" w="1006" /><ent r="3" t="23" w="1006" /></phr><phr n="-Sensitivity"><ent r="100" t="34" w="651" /><ent r="100" t="34" w="651" /><ent r="82" t="34" w="659" /><ent r="82" t="34" w="659" /></phr></stem><stem n="-1."><phr n="-1."><ent r="3" t="23" w="1039" /><ent r="3" t="23" w="1039" /><ent r="3" t="23" w="1098" /><ent r="3" t="23" w="1098" /></phr></stem><stem n="&quot;ethernet"><phr n="&quot;Ethernet"><ent r="3" t="23" w="1043" /><ent r="3" t="23" w="1102" /></phr></stem><stem n="ethernet"><phr n="Ethernet"><ent r="3" t="23" w="1043" /><ent r="3" t="23" w="1102" /></phr></stem><stem n="&quot;int&quot;)"><phr n="&quot;int&quot;)"><ent r="3" t="23" w="1046" /><ent r="3" t="23" w="1105" /></phr></stem><stem n="-1"><phr n="-1"><ent r="3" t="23" w="1048" /><ent r="3" t="23" w="1048" /><ent r="3" t="60" w="1301" /><ent r="3" t="60" w="1301" /><ent r="6" t="69" w="1128" /><ent r="6" t="69" w="1128" /></phr></stem><stem n="(did"><phr n="(did"><ent r="3" t="23" w="1049" /></phr></stem><stem n="did"><phr n="did"><ent r="3" t="23" w="1049" /><ent r="3" t="36" w="4025" /><ent r="3" t="36" w="4473" /><ent r="3" t="36" w="4585" /><ent r="3" t="55" w="426" /></phr><phr n="Did"><ent r="3" t="38" w="569" /></phr></stem><stem n="-insensit"><phr n="-insensitive"><ent r="3" t="23" w="1065" /><ent r="3" t="23" w="1065" /><ent r="100" t="34" w="670" /><ent r="100" t="34" w="670" /></phr></stem><stem n="case-insensit"><phr n="Case-insensitive"><ent r="3" t="23" w="1065" /><ent r="100" t="34" w="670" /></phr><phr n="case-insensitive"><ent r="4" t="34" w="687" /><ent r="4" t="34" w="798" /><ent r="4" t="34" w="1344" /></phr></stem><stem n="(found"><phr n="(found"><ent r="3" t="23" w="1108" /><ent r="3" t="46" w="399" /></phr></stem><stem n="(str[,"><phr n="(str[,"><ent r="3" t="23" w="1120" /></phr></stem><stem n="...]:string):integ"><phr n="...]:STRING):INTEGER"><ent r="3" t="23" w="1121" /></phr></stem><stem n="&quot;dartware&quot;"><phr n="&quot;Dartware&quot;"><ent r="3" t="23" w="1150" /><ent r="3" t="23" w="1370" /><ent r="3" t="23" w="1376" /><ent r="3" t="23" w="1380" /><ent r="3" t="23" w="1417" /><ent r="3" t="23" w="1425" /><ent r="3" t="23" w="1597" /></phr></stem><stem n="&quot;dartware&quot;,"><phr n="&quot;Dartware&quot;,"><ent r="3" t="23" w="1154" /></phr></stem><stem n="2000"><phr n="2000"><ent r="3" t="23" w="1154" /><ent r="3" t="32" w="58" /><ent r="3" t="38" w="103" /><ent r="3" t="54" w="839" /><ent r="3" t="55" w="555" /><ent r="3" t="55" w="574" /><ent r="3" t="55" w="578" /><ent r="3" t="55" w="580" /><ent r="3" t="55" w="602" /></phr></stem><stem n="&quot;2000&quot;"><phr n="&quot;2000&quot;"><ent r="3" t="23" w="1155" /></phr></stem><stem n="):string"><phr n="):STRING"><ent r="3" t="23" w="1164" /></phr></stem><stem n="ascii"><phr n="ascii"><ent r="4" t="23" w="1198" /><ent r="4" t="23" w="1251" /></phr></stem><stem n="octal"><phr n="octal"><ent r="4" t="23" w="1214" /></phr><phr n="Octal"><ent r="100" t="34" w="577" /><ent r="5" t="34" w="580" /></phr></stem><stem n="(lower"><phr n="(lower"><ent r="4" t="23" w="1224" /></phr></stem><stem n="hexadcim"><phr n="hexadcimal"><ent r="4" t="23" w="1232" /></phr></stem><stem n="(upper"><phr n="(upper"><ent r="4" t="23" w="1234" /></phr></stem><stem n="upper"><phr n="upper"><ent r="4" t="23" w="1234" /></phr><phr n="UPPER"><ent r="100" t="34" w="341" /><ent r="4" t="34" w="351" /></phr></stem><stem n="(unsigned)"><phr n="(unsigned)"><ent r="4" t="23" w="1245" /></phr></stem><stem n="(nul"><phr n="(NUL"><ent r="4" t="23" w="1253" /></phr></stem><stem n="nul"><phr n="NUL"><ent r="4" t="23" w="1253" /></phr></stem><stem n="':'"><phr n="':'"><ent r="4" t="23" w="1267" /></phr></stem><stem n="(fix"><phr n="(fixed"><ent r="4" t="23" w="1275" /></phr></stem><stem n="fix"><phr n="fixed"><ent r="4" t="23" w="1275" /></phr></stem><stem n="(scientif"><phr n="(scientific"><ent r="4" t="23" w="1285" /></phr></stem><stem n="scientif"><phr n="scientific"><ent r="4" t="23" w="1285" /></phr></stem><stem n="(easi"><phr n="(easy"><ent r="4" t="23" w="1295" /></phr></stem><stem n="sign"><phr n="sign"><ent r="4" t="23" w="1302" /><ent r="4" t="23" w="1828" /><ent r="3" t="25" w="774" /><ent r="3" t="33" w="967" /><ent r="4" t="34" w="998" /><ent r="4" t="34" w="1059" /><ent r="4" t="34" w="1332" /></phr><phr n="signed"><ent r="6" t="23" w="2529" /><ent r="6" t="23" w="2547" /><ent r="6" t="23" w="2565" /></phr></stem><stem n="[-]"><phr n="[-]"><ent r="3" t="23" w="1313" /></phr></stem><stem n="&lt;width&gt;"><phr n="&lt;width&gt;"><ent r="3" t="23" w="1313" /></phr></stem><stem n="[&lt;width&gt;]"><phr n="[&lt;width&gt;]"><ent r="3" t="23" w="1314" /></phr></stem><stem n="[."><phr n="[."><ent r="3" t="23" w="1314" /></phr></stem><stem n="&lt;precision&gt;"><phr n="&lt;precision&gt;"><ent r="3" t="23" w="1314" /><ent r="3" t="23" w="1440" /><ent r="3" t="23" w="1507" /></phr></stem><stem n="&lt;code&gt;"><phr n="&lt;code&gt;"><ent r="3" t="23" w="1315" /></phr></stem><stem n="%s,"><phr n="%s,"><ent r="3" t="23" w="1325" /><ent r="3" t="23" w="1405" /></phr></stem><stem n="less"><phr n="less"><ent r="3" t="23" w="1352" /><ent r="6" t="33" w="781" /><ent r="3" t="40" w="493" /></phr></stem><stem n="pad"><phr n="padded"><ent r="3" t="23" w="1361" /><ent r="4" t="23" w="2416" /></phr><phr n="padding"><ent r="3" t="23" w="1389" /><ent r="3" t="23" w="1452" /><ent r="3" t="23" w="2512" /><ent r="3" t="23" w="2518" /></phr><phr n="pads"><ent r="6" t="69" w="1119" /></phr></stem><stem n="&quot;%10s&quot;,"><phr n="&quot;%10s&quot;,"><ent r="3" t="23" w="1369" /></phr></stem><stem n="&quot;%s&quot;,"><phr n="&quot;%s&quot;,"><ent r="3" t="23" w="1375" /></phr></stem><stem n="'-'"><phr n="'-'"><ent r="3" t="23" w="1410" /></phr></stem><stem n="'%':"><phr n="'%':"><ent r="3" t="23" w="1413" /></phr></stem><stem n="&quot;%-10s&quot;,"><phr n="&quot;%-10s&quot;,"><ent r="3" t="23" w="1416" /></phr></stem><stem n="&quot;dartwar"><phr n="&quot;Dartware"><ent r="3" t="23" w="1420" /></phr></stem><stem n="10.4"><phr n="10.4s"><ent r="3" t="23" w="1423" /><ent r="3" t="23" w="1422" /></phr><phr n="10.4"><ent r="3" t="55" w="513" /><ent r="3" t="55" w="512" /></phr></stem><stem n="4s"><phr n="4s"><ent r="3" t="23" w="1423" /></phr></stem><stem n="&quot;%-10.4s&quot;,"><phr n="&quot;%-10.4s&quot;,"><ent r="3" t="23" w="1424" /></phr></stem><stem n="&quot;dart"><phr n="&quot;Dart"><ent r="3" t="23" w="1428" /></phr></stem><stem n="dart"><phr n="Dart"><ent r="3" t="23" w="1428" /></phr></stem><stem n="0'"><phr n="0's"><ent r="3" t="23" w="1455" /><ent r="3" t="23" w="1454" /></phr></stem><stem n="5d"><phr n="5d"><ent r="3" t="23" w="1460" /><ent r="3" t="23" w="1467" /><ent r="3" t="23" w="1475" /></phr></stem><stem n="&quot;%5d&quot;,"><phr n="&quot;%5d&quot;,"><ent r="3" t="23" w="1461" /></phr></stem><stem n="&quot;%-5d&quot;,"><phr n="&quot;%-5d&quot;,"><ent r="3" t="23" w="1468" /></phr></stem><stem n="&quot;12"><phr n="&quot;12"><ent r="3" t="23" w="1472" /></phr></stem><stem n="6.5d"><phr n="6.5d"><ent r="3" t="23" w="1475" /><ent r="3" t="23" w="1474" /></phr></stem><stem n="&quot;%6.5d&quot;,"><phr n="&quot;%6.5d&quot;,"><ent r="3" t="23" w="1476" /></phr></stem><stem n="00012"><phr n="00012"><ent r="3" t="23" w="1479" /></phr></stem><stem n="2x"><phr n="2X"><ent r="3" t="23" w="1481" /></phr><phr n="2x"><ent r="3" t="23" w="1489" /></phr></stem><stem n="&quot;%-2x&quot;,"><phr n="&quot;%-2X&quot;,"><ent r="3" t="23" w="1482" /></phr></stem><stem n="&quot;f"><phr n="&quot;F"><ent r="3" t="23" w="1486" /></phr></stem><stem n="2.2x"><phr n="2.2x"><ent r="3" t="23" w="1489" /><ent r="3" t="23" w="1488" /></phr></stem><stem n="&quot;%-2.2x&quot;,"><phr n="&quot;%-2.2x&quot;,"><ent r="3" t="23" w="1490" /></phr></stem><stem n="0f"><phr n="0f"><ent r="3" t="23" w="1494" /></phr></stem><stem n="&quot;0f&quot;"><phr n="&quot;0f&quot;"><ent r="3" t="23" w="1495" /></phr></stem><stem n="%f"><phr n="%f"><ent r="3" t="23" w="1520" /></phr></stem><stem n="ddd"><phr n="ddd"><ent r="3" t="23" w="1524" /><ent r="3" t="23" w="1525" /></phr></stem><stem n="ddd.ddd"><phr n="ddd.ddd"><ent r="3" t="23" w="1525" /><ent r="3" t="23" w="1524" /></phr></stem><stem n="ddd.ddd'"><phr n="ddd.ddd'"><ent r="3" t="23" w="1525" /><ent r="3" t="23" w="1524" /></phr></stem><stem n="'[-]ddd.ddd',"><phr n="'[-]ddd.ddd',"><ent r="3" t="23" w="1526" /></phr></stem><stem n="%e"><phr n="%e"><ent r="3" t="23" w="1527" /></phr></stem><stem n="ddde+"><phr n="ddde+"><ent r="3" t="23" w="1532" /></phr></stem><stem n="ddde+-dd"><phr n="ddde+-dd"><ent r="3" t="23" w="1532" /></phr></stem><stem n="dd"><phr n="dd"><ent r="3" t="23" w="1533" /><ent r="3" t="32" w="199" /></phr><phr n="dD"><ent r="3" t="60" w="719" /><ent r="3" t="60" w="772" /></phr></stem><stem n="d.ddde+-dd'"><phr n="d.ddde+-dd'"><ent r="3" t="23" w="1533" /><ent r="3" t="23" w="1531" /></phr></stem><stem n="'[-]d.ddde+-dd'."><phr n="'[-]d.ddde+-dd'."><ent r="3" t="23" w="1534" /></phr></stem><stem n="&quot;%f&quot;,"><phr n="&quot;%f&quot;,"><ent r="3" t="23" w="1537" /></phr></stem><stem n="/2"><phr n="/2"><ent r="3" t="23" w="1538" /><ent r="3" t="23" w="1547" /><ent r="3" t="23" w="1555" /><ent r="3" t="23" w="1564" /></phr></stem><stem n="1/2"><phr n="1/2"><ent r="3" t="23" w="1538" /><ent r="3" t="23" w="1537" /><ent r="3" t="23" w="1547" /><ent r="3" t="23" w="1546" /><ent r="3" t="23" w="1555" /><ent r="3" t="23" w="1554" /><ent r="3" t="23" w="1564" /><ent r="3" t="23" w="1563" /></phr></stem><stem n="0.500000"><phr n="0.500000"><ent r="3" t="23" w="1542" /><ent r="3" t="23" w="1541" /></phr></stem><stem n="500000"><phr n="500000"><ent r="3" t="23" w="1542" /></phr></stem><stem n="&quot;0.500000&quot;"><phr n="&quot;0.500000&quot;"><ent r="3" t="23" w="1543" /></phr></stem><stem n="5.3f"><phr n="5.3f"><ent r="3" t="23" w="1545" /><ent r="3" t="23" w="1544" /></phr></stem><stem n="3f"><phr n="3f"><ent r="3" t="23" w="1545" /></phr><phr n="3F"><ent r="4" t="69" w="1801" /></phr></stem><stem n="&quot;%5.3f&quot;,"><phr n="&quot;%5.3f&quot;,"><ent r="3" t="23" w="1546" /></phr></stem><stem n="0.500"><phr n="0.500"><ent r="3" t="23" w="1551" /><ent r="3" t="23" w="1550" /></phr></stem><stem n="500"><phr n="500"><ent r="3" t="23" w="1551" /><ent r="3" t="36" w="1556" /><ent r="3" t="36" w="1602" /><ent r="3" t="36" w="3423" /><ent r="3" t="36" w="4006" /><ent r="3" t="36" w="4459" /><ent r="3" t="36" w="4526" /><ent r="3" t="36" w="4562" /><ent r="3" t="36" w="4600" /></phr></stem><stem n="&quot;0.500&quot;"><phr n="&quot;0.500&quot;"><ent r="3" t="23" w="1552" /></phr></stem><stem n="&quot;%e&quot;,"><phr n="&quot;%e&quot;,"><ent r="3" t="23" w="1554" /></phr></stem><stem n="000000e"><phr n="000000e"><ent r="3" t="23" w="1559" /></phr></stem><stem n="000000e-01"><phr n="000000e-01"><ent r="3" t="23" w="1559" /></phr></stem></index>