<?xml version="1.0" encoding="utf-8"?><index><stem n="continu"><phr n="continually"><ent r="3" t="0" w="46" /></phr><phr n="continue"><ent r="3" t="1" w="649" /><ent r="3" t="54" w="419" /></phr><phr n="continuously"><ent r="6" t="5" w="1020" /></phr></stem><stem n="test"><phr n="tests"><ent r="3" t="0" w="47" /><ent r="3" t="3" w="173" /><ent r="4" t="3" w="363" /><ent r="3" t="14" w="979" /><ent r="3" t="16" w="33" /><ent r="4" t="23" w="241" /></phr><phr n="test"><ent r="3" t="3" w="28" /><ent r="3" t="3" w="45" /><ent r="3" t="3" w="73" /><ent r="3" t="3" w="85" /><ent r="3" t="13" w="1889" /><ent r="3" t="13" w="1903" /><ent r="3" t="13" w="1910" /><ent r="3" t="13" w="1918" /><ent r="3" t="13" w="1939" /><ent r="3" t="13" w="1955" /><ent r="3" t="14" w="119" /><ent r="3" t="16" w="1986" /><ent r="3" t="21" w="36" /><ent r="4" t="21" w="147" /><ent r="5" t="21" w="151" /><ent r="4" t="21" w="231" /><ent r="3" t="21" w="1138" /><ent r="3" t="21" w="1292" /><ent r="3" t="36" w="1746" /><ent r="3" t="38" w="246" /><ent r="3" t="39" w="916" /><ent r="4" t="42" w="215" /><ent r="3" t="42" w="234" /><ent r="3" t="42" w="247" /><ent r="3" t="42" w="257" /><ent r="3" t="42" w="268" /><ent r="4" t="42" w="286" /><ent r="3" t="42" w="302" /><ent r="4" t="42" w="314" /><ent r="4" t="42" w="321" /><ent r="3" t="47" w="121" /><ent r="4" t="49" w="131" /><ent r="4" t="49" w="165" /><ent r="4" t="49" w="220" /><ent r="3" t="54" w="601" /><ent r="3" t="54" w="617" /><ent r="3" t="65" w="203" /><ent r="3" t="65" w="225" /><ent r="4" t="65" w="357" /><ent r="4" t="76" w="235" /></phr><phr n="tested"><ent r="4" t="3" w="227" /><ent r="4" t="4" w="305" /><ent r="4" t="4" w="481" /><ent r="3" t="15" w="60" /><ent r="3" t="15" w="110" /><ent r="4" t="15" w="436" /><ent r="3" t="34" w="102" /><ent r="3" t="34" w="266" /><ent r="3" t="36" w="178" /><ent r="3" t="37" w="40" /><ent r="3" t="52" w="115" /></phr><phr n="Test"><ent r="3" t="7" w="383" /><ent r="3" t="7" w="431" /><ent r="3" t="7" w="471" /><ent r="3" t="14" w="186" /><ent r="3" t="14" w="749" /><ent r="3" t="14" w="805" /><ent r="3" t="19" w="337" /><ent r="3" t="19" w="353" /><ent r="3" t="19" w="354" /><ent r="3" t="21" w="56" /><ent r="3" t="22" w="176" /><ent r="3" t="42" w="473" /><ent r="3" t="42" w="732" /><ent r="3" t="45" w="323" /><ent r="4" t="48" w="71" /><ent r="3" t="48" w="536" /><ent r="100" t="67" w="116" /><ent r="7" t="67" w="123" /><ent r="7" t="67" w="220" /><ent r="4" t="68" w="34" /><ent r="3" t="68" w="58" /><ent r="100" t="68" w="64" /></phr><phr n="testing"><ent r="3" t="16" w="1679" /><ent r="3" t="16" w="1698" /><ent r="4" t="16" w="1765" /><ent r="3" t="19" w="378" /><ent r="3" t="31" w="717" /><ent r="3" t="60" w="79" /><ent r="100" t="73" w="19" /><ent r="3" t="73" w="55" /></phr><phr n="Testing"><ent r="3" t="19" w="289" /><ent r="3" t="19" w="370" /></phr><phr n="Tests"><ent r="100" t="23" w="346" /><ent r="4" t="23" w="349" /><ent r="100" t="23" w="352" /><ent r="4" t="23" w="355" /></phr></stem><stem n="router"><phr n="routers"><ent r="3" t="0" w="48" /></phr><phr n="router"><ent r="3" t="3" w="59" /><ent r="3" t="15" w="77" /><ent r="4" t="18" w="204" /><ent r="3" t="53" w="333" /></phr><phr n="Router"><ent r="3" t="31" w="497" /><ent r="3" t="31" w="658" /><ent r="3" t="31" w="781" /><ent r="3" t="31" w="891" /><ent r="3" t="31" w="1073" /><ent r="3" t="54" w="948" /></phr></stem><stem n=","><phr n=","><ent r="3" t="0" w="49" /><ent r="3" t="0" w="50" /><ent r="3" t="0" w="51" /><ent r="3" t="0" w="66" /><ent r="3" t="0" w="76" /><ent r="3" t="0" w="79" /><ent r="3" t="0" w="109" /><ent r="3" t="0" w="130" /><ent r="3" t="0" w="166" /><ent r="3" t="0" w="211" /><ent r="64" t="0" w="229" /><ent r="3" t="1" w="27" /><ent r="3" t="1" w="33" /><ent r="3" t="1" w="35" /><ent r="3" t="1" w="92" /><ent r="3" t="1" w="115" /><ent r="3" t="1" w="134" /><ent r="3" t="1" w="216" /><ent r="3" t="1" w="220" /><ent r="3" t="1" w="221" /><ent r="3" t="1" w="222" /><ent r="3" t="1" w="223" /><ent r="3" t="1" w="235" /><ent r="3" t="1" w="302" /><ent r="3" t="1" w="315" /><ent r="3" t="1" w="320" /><ent r="3" t="1" w="332" /><ent r="3" t="1" w="341" /><ent r="3" t="1" w="345" /><ent r="3" t="1" w="360" /><ent r="3" t="1" w="368" /><ent r="3" t="1" w="369" /><ent r="3" t="1" w="370" /><ent r="3" t="1" w="383" /><ent r="3" t="1" w="386" /><ent r="3" t="1" w="404" /><ent r="3" t="1" w="410" /><ent r="3" t="1" w="450" /><ent r="3" t="1" w="526" /><ent r="3" t="1" w="551" /><ent r="3" t="1" w="556" /><ent r="3" t="1" w="574" /><ent r="3" t="1" w="575" /><ent r="3" t="1" w="579" /><ent r="3" t="1" w="581" /><ent r="3" t="1" w="614" /><ent r="3" t="1" w="617" /><ent r="3" t="1" w="620" /><ent r="3" t="1" w="642" /><ent r="3" t="1" w="666" /><ent r="3" t="1" w="668" /><ent r="3" t="1" w="696" /><ent r="3" t="1" w="704" /><ent r="3" t="1" w="707" /><ent r="3" t="1" w="715" /><ent r="3" t="1" w="726" /><ent r="3" t="1" w="735" /><ent r="3" t="2" w="13" /><ent r="3" t="2" w="20" /><ent r="3" t="2" w="35" /><ent r="3" t="3" w="20" /><ent r="3" t="3" w="53" /><ent r="3" t="3" w="59" /><ent r="3" t="3" w="60" /><ent r="3" t="3" w="61" /><ent r="3" t="3" w="66" /><ent r="3" t="3" w="82" /><ent r="3" t="3" w="98" /><ent r="3" t="3" w="114" /><ent r="3" t="3" w="135" /><ent r="4" t="3" w="211" /><ent r="4" t="3" w="214" /><ent r="4" t="3" w="244" /><ent r="4" t="3" w="261" /><ent r="3" t="3" w="285" /><ent r="3" t="3" w="294" /><ent r="3" t="3" w="302" /><ent r="3" t="3" w="340" /><ent r="4" t="3" w="392" /><ent r="4" t="3" w="474" /><ent r="3" t="3" w="566" /><ent r="3" t="4" w="24" /><ent r="3" t="4" w="96" /><ent r="3" t="4" w="102" /><ent r="3" t="4" w="113" /><ent r="3" t="4" w="158" /><ent r="3" t="4" w="201" /><ent r="3" t="4" w="214" /><ent r="3" t="4" w="223" /><ent r="3" t="4" w="422" /><ent r="4" t="4" w="528" /><ent r="4" t="4" w="566" /><ent r="4" t="4" w="579" /><ent r="4" t="4" w="641" /><ent r="3" t="4" w="728" /><ent r="3" t="4" w="732" /><ent r="3" t="4" w="752" /><ent r="3" t="5" w="32" /><ent r="3" t="5" w="73" /><ent r="7" t="5" w="175" /><ent r="6" t="5" w="189" /><ent r="7" t="5" w="207" /><ent r="6" t="5" w="220" /><ent r="6" t="5" w="246" /><ent r="6" t="5" w="262" /><ent r="6" t="5" w="269" /><ent r="6" t="5" w="274" /><ent r="6" t="5" w="338" /><ent r="6" t="5" w="348" /><ent r="6" t="5" w="371" /><ent r="6" t="5" w="538" /><ent r="6" t="5" w="548" /><ent r="5" t="5" w="603" /><ent r="6" t="5" w="675" /><ent r="65" t="5" w="811" /><ent r="6" t="5" w="952" /><ent r="6" t="5" w="969" /><ent r="6" t="5" w="1009" /><ent r="6" t="5" w="1026" /><ent r="6" t="5" w="1060" /><ent r="6" t="5" w="1105" /><ent r="6" t="5" w="1111" /><ent r="6" t="5" w="1115" /><ent r="4" t="5" w="1174" /><ent r="4" t="5" w="1178" /><ent r="4" t="5" w="1180" /><ent r="4" t="5" w="1277" /><ent r="4" t="5" w="1288" /><ent r="4" t="5" w="1293" /><ent r="4" t="5" w="1315" /><ent r="3" t="5" w="1332" /><ent r="3" t="5" w="1395" /><ent r="3" t="6" w="70" /><ent r="4" t="6" w="94" /><ent r="3" t="7" w="124" /><ent r="3" t="7" w="127" /><ent r="3" t="7" w="145" /><ent r="4" t="7" w="186" /><ent r="3" t="7" w="291" /><ent r="3" t="7" w="301" /><ent r="3" t="7" w="333" /><ent r="3" t="7" w="379" /><ent r="3" t="7" w="459" /><ent r="3" t="7" w="505" /><ent r="3" t="8" w="54" /><ent r="4" t="8" w="94" /><ent r="4" t="8" w="98" /><ent r="3" t="8" w="201" /><ent r="3" t="8" w="209" /><ent r="100" t="8" w="234" /><ent r="3" t="8" w="267" /><ent r="3" t="8" w="318" /><ent r="3" t="8" w="346" /><ent r="7" t="8" w="542" /><ent r="3" t="8" w="573" /><ent r="3" t="8" w="600" /><ent r="3" t="8" w="607" /><ent r="3" t="8" w="612" /><ent r="4" t="8" w="654" /><ent r="4" t="8" w="658" /><ent r="4" t="8" w="705" /><ent r="4" t="8" w="750" /><ent r="3" t="9" w="18" /><ent r="3" t="10" w="34" /><ent r="3" t="10" w="53" /><ent r="3" t="10" w="97" /><ent r="3" t="10" w="187" /><ent r="3" t="10" w="207" /><ent r="3" t="10" w="237" /><ent r="3" t="11" w="35" /><ent r="3" t="11" w="98" /><ent r="3" t="11" w="442" /><ent r="3" t="11" w="449" /><ent r="4" t="11" w="457" /><ent r="4" t="11" w="467" /><ent r="4" t="11" w="496" /><ent r="4" t="11" w="503" /><ent r="4" t="11" w="527" /><ent r="5" t="13" w="159" /><ent r="3" t="13" w="440" /><ent r="3" t="13" w="444" /><ent r="3" t="13" w="518" /><ent r="3" t="13" w="529" /><ent r="3" t="13" w="537" /><ent r="3" t="13" w="587" /><ent r="3" t="13" w="608" /><ent r="5" t="13" w="739" /><ent r="5" t="13" w="838" /><ent r="5" t="13" w="857" /><ent r="5" t="13" w="1088" /><ent r="5" t="13" w="1159" /><ent r="5" t="13" w="1249" /><ent r="5" t="13" w="1395" /><ent r="5" t="13" w="1442" /><ent r="3" t="13" w="1491" /><ent r="3" t="13" w="1540" /><ent r="4" t="13" w="1595" /><ent r="3" t="13" w="1833" /><ent r="3" t="13" w="1839" /><ent r="3" t="13" w="1841" /><ent r="3" t="13" w="1845" /><ent r="3" t="13" w="1855" /><ent r="3" t="13" w="1898" /><ent r="3" t="13" w="1915" /><ent r="3" t="13" w="1966" /><ent r="3" t="13" w="2042" /><ent r="3" t="13" w="2069" /><ent r="3" t="13" w="2077" /><ent r="3" t="13" w="2145" /><ent r="3" t="13" w="2147" /><ent r="4" t="13" w="2169" /><ent r="4" t="13" w="2170" /><ent r="4" t="13" w="2184" /><ent r="4" t="13" w="2185" /><ent r="4" t="13" w="2186" /><ent r="3" t="13" w="2371" /><ent r="3" t="13" w="2385" /><ent r="3" t="13" w="2419" /><ent r="3" t="13" w="2479" /><ent r="3" t="13" w="2489" /><ent r="3" t="13" w="2508" /><ent r="3" t="13" w="2525" /><ent r="3" t="14" w="387" /><ent r="3" t="14" w="395" /><ent r="3" t="14" w="460" /><ent r="3" t="14" w="466" /><ent r="3" t="14" w="468" /><ent r="3" t="14" w="495" /><ent r="3" t="14" w="503" /><ent r="3" t="14" w="506" /><ent r="3" t="14" w="510" /><ent r="3" t="14" w="513" /><ent r="3" t="14" w="515" /><ent r="3" t="14" w="518" /><ent r="3" t="14" w="522" /><ent r="3" t="14" w="524" /><ent r="3" t="14" w="525" /><ent r="3" t="14" w="556" /><ent r="3" t="14" w="557" /><ent r="3" t="14" w="558" /><ent r="3" t="14" w="563" /><ent r="3" t="14" w="564" /><ent r="3" t="14" w="565" /><ent r="3" t="14" w="572" /><ent r="3" t="14" w="573" /><ent r="3" t="14" w="574" /><ent r="3" t="14" w="745" /><ent r="3" t="14" w="761" /><ent r="3" t="14" w="764" /><ent r="3" t="14" w="839" /><ent r="3" t="14" w="841" /><ent r="3" t="14" w="871" /><ent r="3" t="14" w="886" /><ent r="3" t="14" w="930" /><ent r="3" t="14" w="970" /><ent r="3" t="14" w="1025" /><ent r="3" t="14" w="1168" /><ent r="3" t="14" w="1170" /><ent r="3" t="14" w="1185" /><ent r="3" t="14" w="1220" /><ent r="3" t="14" w="1233" /><ent r="3" t="14" w="1282" /><ent r="3" t="14" w="1322" /><ent r="3" t="15" w="51" /><ent r="3" t="15" w="78" /><ent r="3" t="15" w="82" /><ent r="3" t="15" w="84" /><ent r="3" t="15" w="94" /><ent r="4" t="15" w="184" /><ent r="4" t="15" w="219" /><ent r="4" t="15" w="238" /><ent r="66" t="15" w="278" /><ent r="4" t="15" w="289" /><ent r="4" t="15" w="290" /><ent r="4" t="15" w="325" /><ent r="3" t="15" w="542" /><ent r="3" t="15" w="547" /><ent r="3" t="15" w="556" /><ent r="3" t="15" w="557" /><ent r="3" t="15" w="603" /><ent r="3" t="15" w="629" /><ent r="3" t="15" w="644" /><ent r="3" t="15" w="661" /><ent r="3" t="15" w="671" /><ent r="3" t="15" w="678" /><ent r="3" t="15" w="782" /><ent r="3" t="15" w="830" /><ent r="4" t="15" w="917" /><ent r="4" t="15" w="961" /><ent r="3" t="16" w="94" /><ent r="3" t="16" w="95" /><ent r="4" t="16" w="167" /><ent r="4" t="16" w="218" /><ent r="4" t="16" w="234" /><ent r="100" t="16" w="252" /><ent r="6" t="16" w="366" /><ent r="6" t="16" w="373" /><ent r="6" t="16" w="378" /><ent r="6" t="16" w="424" /><ent r="6" t="16" w="448" /><ent r="6" t="16" w="472" /><ent r="6" t="16" w="538" /><ent r="6" t="16" w="658" /><ent r="9" t="16" w="672" /><ent r="4" t="16" w="766" /><ent r="4" t="16" w="842" /><ent r="4" t="16" w="855" /><ent r="3" t="16" w="911" /><ent r="3" t="16" w="921" /><ent r="3" t="16" w="922" /><ent r="3" t="16" w="925" /><ent r="3" t="16" w="926" /><ent r="3" t="16" w="942" /><ent r="3" t="16" w="945" /><ent r="3" t="16" w="952" /><ent r="3" t="16" w="955" /><ent r="3" t="16" w="963" /><ent r="3" t="16" w="968" /><ent r="4" t="16" w="1004" /><ent r="4" t="16" w="1035" /><ent r="4" t="16" w="1036" /><ent r="4" t="16" w="1141" /><ent r="3" t="16" w="1167" /><ent r="4" t="16" w="1192" /><ent r="4" t="16" w="1215" /><ent r="4" t="16" w="1371" /><ent r="4" t="16" w="1390" /><ent r="3" t="16" w="1444" /><ent r="3" t="16" w="1452" /><ent r="3" t="16" w="1455" /><ent r="3" t="16" w="1485" /><ent r="3" t="16" w="1489" /><ent r="3" t="16" w="1505" /><ent r="3" t="16" w="1510" /><ent r="3" t="16" w="1568" /><ent r="3" t="16" w="1594" /><ent r="3" t="16" w="1653" /><ent r="4" t="16" w="1726" /><ent r="4" t="16" w="1742" /><ent r="4" t="16" w="1752" /><ent r="3" t="16" w="1773" /><ent r="3" t="16" w="1788" /><ent r="3" t="16" w="1791" /><ent r="3" t="16" w="1810" /><ent r="3" t="16" w="1813" /><ent r="3" t="16" w="1814" /><ent r="3" t="16" w="1817" /><ent r="3" t="16" w="1858" /><ent r="3" t="16" w="1885" /><ent r="3" t="16" w="1921" /><ent r="3" t="16" w="1926" /><ent r="3" t="16" w="1982" /><ent r="3" t="16" w="1983" /><ent r="3" t="16" w="1984" /><ent r="3" t="16" w="1997" /><ent r="3" t="16" w="1998" /><ent r="3" t="16" w="1999" /><ent r="3" t="16" w="2010" /><ent r="3" t="16" w="2021" /><ent r="3" t="17" w="52" /><ent r="3" t="17" w="56" /><ent r="3" t="17" w="73" /><ent r="3" t="17" w="222" /><ent r="4" t="17" w="253" /><ent r="4" t="17" w="256" /><ent r="4" t="17" w="257" /><ent r="3" t="17" w="264" /><ent r="3" t="17" w="277" /><ent r="3" t="17" w="300" /><ent r="3" t="17" w="327" /><ent r="3" t="17" w="352" /><ent r="3" t="17" w="354" /><ent r="3" t="17" w="367" /><ent r="4" t="17" w="390" /><ent r="4" t="17" w="432" /><ent r="3" t="18" w="36" /><ent r="3" t="18" w="46" /><ent r="3" t="18" w="76" /><ent r="3" t="18" w="125" /><ent r="3" t="18" w="127" /><ent r="4" t="18" w="207" /><ent r="4" t="18" w="214" /><ent r="4" t="18" w="219" /><ent r="4" t="18" w="229" /><ent r="3" t="18" w="273" /><ent r="3" t="18" w="372" /><ent r="3" t="18" w="428" /><ent r="3" t="18" w="572" /><ent r="3" t="18" w="574" /><ent r="3" t="18" w="593" /><ent r="3" t="18" w="615" /><ent r="3" t="18" w="636" /><ent r="3" t="18" w="658" /><ent r="3" t="18" w="670" /><ent r="3" t="18" w="671" /><ent r="3" t="18" w="684" /><ent r="3" t="18" w="685" /><ent r="3" t="18" w="698" /><ent r="3" t="18" w="699" /><ent r="4" t="18" w="845" /><ent r="4" t="18" w="861" /><ent r="4" t="18" w="893" /><ent r="4" t="18" w="894" /><ent r="3" t="18" w="941" /><ent r="3" t="18" w="990" /><ent r="3" t="18" w="1004" /><ent r="3" t="18" w="1012" /><ent r="3" t="18" w="1044" /><ent r="3" t="18" w="1046" /><ent r="3" t="18" w="1054" /><ent r="3" t="18" w="1062" /><ent r="3" t="18" w="1069" /><ent r="3" t="18" w="1080" /><ent r="3" t="18" w="1090" /><ent r="3" t="18" w="1098" /><ent r="3" t="18" w="1106" /><ent r="3" t="18" w="1115" /><ent r="3" t="18" w="1123" /><ent r="3" t="18" w="1132" /><ent r="3" t="18" w="1143" /><ent r="3" t="18" w="1194" /><ent r="3" t="18" w="1200" /><ent r="3" t="18" w="1225" /><ent r="3" t="18" w="1328" /><ent r="3" t="18" w="1330" /><ent r="3" t="18" w="1344" /><ent r="3" t="18" w="1352" /><ent r="3" t="18" w="1357" /><ent r="3" t="18" w="1363" /><ent r="3" t="18" w="1364" /><ent r="3" t="18" w="1420" /><ent r="3" t="18" w="1461" /><ent r="3" t="18" w="1466" /><ent r="3" t="18" w="1469" /><ent r="3" t="18" w="1486" /><ent r="3" t="18" w="1639" /><ent r="3" t="18" w="1706" /><ent r="3" t="18" w="1716" /><ent r="3" t="18" w="1745" /><ent r="3" t="18" w="1762" /><ent r="3" t="18" w="1830" /><ent r="4" t="18" w="1909" /><ent r="3" t="19" w="88" /><ent r="3" t="19" w="108" /><ent r="3" t="19" w="138" /><ent r="3" t="19" w="198" /><ent r="3" t="19" w="203" /><ent r="3" t="19" w="284" /><ent r="3" t="20" w="35" /><ent r="3" t="20" w="41" /><ent r="3" t="20" w="86" /><ent r="3" t="20" w="115" /><ent r="3" t="20" w="116" /><ent r="3" t="20" w="124" /><ent r="5" t="20" w="221" /><ent r="4" t="20" w="259" /><ent r="4" t="20" w="261" /><ent r="4" t="20" w="267" /><ent r="3" t="20" w="328" /><ent r="3" t="20" w="364" /><ent r="3" t="20" w="370" /><ent r="3" t="20" w="414" /><ent r="3" t="20" w="422" /><ent r="3" t="20" w="426" /><ent r="3" t="20" w="458" /><ent r="3" t="20" w="469" /><ent r="3" t="20" w="470" /><ent r="3" t="20" w="482" /><ent r="3" t="20" w="520" /><ent r="3" t="20" w="542" /><ent r="4" t="20" w="550" /><ent r="4" t="20" w="561" /><ent r="4" t="20" w="571" /><ent r="4" t="20" w="572" /><ent r="4" t="20" w="589" /><ent r="4" t="20" w="590" /><ent r="4" t="20" w="647" /><ent r="3" t="20" w="663" /><ent r="3" t="20" w="671" /><ent r="3" t="20" w="684" /><ent r="3" t="20" w="728" /><ent r="3" t="20" w="729" /><ent r="3" t="20" w="732" /><ent r="3" t="20" w="746" /><ent r="3" t="20" w="747" /><ent r="3" t="20" w="749" /><ent r="3" t="20" w="797" /><ent r="3" t="20" w="799" /><ent r="3" t="20" w="800" /><ent r="4" t="20" w="848" /><ent r="4" t="20" w="849" /><ent r="4" t="20" w="850" /><ent r="4" t="20" w="860" /><ent r="4" t="20" w="863" /><ent r="4" t="20" w="864" /><ent r="4" t="21" w="113" /><ent r="4" t="21" w="162" /><ent r="4" t="21" w="197" /><ent r="4" t="21" w="242" /><ent r="3" t="21" w="273" /><ent r="3" t="21" w="282" /><ent r="3" t="21" w="297" /><ent r="4" t="21" w="346" /><ent r="4" t="21" w="355" /><ent r="4" t="21" w="395" /><ent r="4" t="21" w="405" /><ent r="4" t="21" w="414" /><ent r="4" t="21" w="515" /><ent r="3" t="21" w="527" /><ent r="3" t="21" w="546" /><ent r="3" t="21" w="615" /><ent r="4" t="21" w="638" /><ent r="4" t="21" w="648" /><ent r="4" t="21" w="666" /><ent r="4" t="21" w="674" /><ent r="4" t="21" w="704" /><ent r="4" t="21" w="718" /><ent r="4" t="21" w="741" /><ent r="4" t="21" w="772" /><ent r="4" t="21" w="810" /><ent r="3" t="21" w="904" /><ent r="3" t="21" w="919" /><ent r="3" t="21" w="959" /><ent r="3" t="21" w="1007" /><ent r="3" t="21" w="1024" /><ent r="3" t="21" w="1093" /><ent r="3" t="21" w="1105" /><ent r="3" t="21" w="1141" /><ent r="3" t="21" w="1157" /><ent r="3" t="21" w="1162" /><ent r="3" t="21" w="1203" /><ent r="3" t="21" w="1225" /><ent r="3" t="21" w="1241" /><ent r="3" t="21" w="1318" /><ent r="3" t="21" w="1331" /><ent r="3" t="21" w="1335" /><ent r="3" t="21" w="1348" /><ent r="3" t="21" w="1352" /><ent r="3" t="21" w="1365" /><ent r="3" t="21" w="1465" /><ent r="3" t="21" w="1554" /><ent r="3" t="21" w="1562" /><ent r="3" t="21" w="1570" /><ent r="3" t="22" w="31" /><ent r="3" t="22" w="56" /><ent r="3" t="22" w="88" /><ent r="3" t="22" w="91" /><ent r="3" t="22" w="121" /><ent r="3" t="22" w="141" /><ent r="3" t="22" w="161" /><ent r="3" t="22" w="229" /><ent r="3" t="22" w="249" /><ent r="3" t="23" w="45" /><ent r="3" t="23" w="49" /><ent r="3" t="23" w="52" /><ent r="3" t="23" w="54" /><ent r="3" t="23" w="55" /><ent r="4" t="23" w="96" /><ent r="4" t="23" w="142" /><ent r="4" t="23" w="143" /><ent r="4" t="23" w="146" /><ent r="4" t="23" w="212" /><ent r="4" t="23" w="213" /><ent r="3" t="23" w="298" /><ent r="3" t="23" w="299" /><ent r="3" t="23" w="300" /><ent r="4" t="23" w="357" /><ent r="4" t="23" w="358" /><ent r="100" t="23" w="362" /><ent r="4" t="23" w="365" /><ent r="4" t="23" w="366" /><ent r="100" t="23" w="372" /><ent r="4" t="23" w="375" /><ent r="4" t="23" w="376" /><ent r="4" t="23" w="445" /><ent r="4" t="23" w="446" /><ent r="4" t="23" w="446" /><ent r="4" t="23" w="451" /><ent r="4" t="23" w="452" /><ent r="4" t="23" w="456" /><ent r="4" t="23" w="457" /><ent r="4" t="23" w="457" /><ent r="4" t="23" w="462" /><ent r="4" t="23" w="463" /><ent r="4" t="23" w="469" /><ent r="4" t="23" w="481" /><ent r="4" t="23" w="493" /><ent r="4" t="23" w="507" /><ent r="4" t="23" w="521" /><ent r="4" t="23" w="581" /><ent r="4" t="23" w="625" /><ent r="4" t="23" w="636" /><ent r="4" t="23" w="666" /><ent r="4" t="23" w="692" /><ent r="4" t="23" w="714" /><ent r="4" t="23" w="760" /><ent r="4" t="23" w="784" /><ent r="4" t="23" w="800" /><ent r="4" t="23" w="816" /><ent r="4" t="23" w="828" /><ent r="4" t="23" w="840" /><ent r="4" t="23" w="855" /><ent r="4" t="23" w="856" /><ent r="4" t="23" w="862" /><ent r="3" t="23" w="1032" /><ent r="3" t="23" w="1091" /><ent r="3" t="23" w="1335" /><ent r="3" t="23" w="1358" /><ent r="3" t="23" w="1438" /><ent r="3" t="23" w="1447" /><ent r="3" t="23" w="1640" /><ent r="3" t="23" w="1654" /><ent r="3" t="23" w="1849" /><ent r="3" t="23" w="1884" /><ent r="3" t="23" w="1901" /><ent r="3" t="23" w="1909" /><ent r="3" t="23" w="1946" /><ent r="3" t="23" w="1959" /><ent r="3" t="23" w="1974" /><ent r="3" t="23" w="2004" /><ent r="3" t="23" w="2046" /><ent r="3" t="23" w="2088" /><ent r="3" t="23" w="2119" /><ent r="3" t="23" w="2126" /><ent r="4" t="23" w="2227" /><ent r="4" t="23" w="2257" /><ent r="4" t="23" w="2277" /><ent r="4" t="23" w="2303" /><ent r="3" t="23" w="2327" /><ent r="3" t="23" w="2334" /><ent r="4" t="23" w="2408" /><ent r="4" t="23" w="2448" /><ent r="4" t="23" w="2466" /><ent r="4" t="23" w="2479" /><ent r="4" t="23" w="2490" /><ent r="3" t="23" w="2738" /><ent r="3" t="23" w="2799" /><ent r="3" t="23" w="2809" /><ent r="3" t="23" w="2812" /><ent r="3" t="23" w="2824" /><ent r="3" t="23" w="2826" /><ent r="3" t="23" w="2829" /><ent r="3" t="23" w="2831" /><ent r="3" t="23" w="2834" /><ent r="3" t="24" w="37" /><ent r="4" t="24" w="164" /><ent r="4" t="24" w="206" /><ent r="4" t="24" w="235" /><ent r="4" t="24" w="263" /><ent r="4" t="24" w="264" /><ent r="4" t="24" w="265" /><ent r="4" t="24" w="302" /><ent r="3" t="25" w="43" /><ent r="3" t="25" w="209" /><ent r="4" t="25" w="272" /><ent r="3" t="25" w="294" /><ent r="3" t="25" w="315" /><ent r="3" t="25" w="513" /><ent r="3" t="25" w="520" /><ent r="4" t="25" w="553" /><ent r="4" t="25" w="566" /><ent r="4" t="25" w="603" /><ent r="3" t="25" w="647" /><ent r="3" t="25" w="659" /><ent r="3" t="25" w="664" /><ent r="3" t="25" w="669" /><ent r="3" t="25" w="679" /><ent r="3" t="25" w="687" /><ent r="3" t="25" w="712" /><ent r="3" t="25" w="725" /><ent r="3" t="25" w="762" /><ent r="3" t="25" w="781" /><ent r="3" t="25" w="788" /><ent r="3" t="25" w="846" /><ent r="3" t="25" w="876" /><ent r="3" t="25" w="907" /><ent r="3" t="25" w="932" /><ent r="3" t="25" w="1032" /><ent r="3" t="25" w="1072" /><ent r="3" t="26" w="186" /><ent r="3" t="26" w="195" /><ent r="3" t="26" w="196" /><ent r="3" t="26" w="224" /><ent r="3" t="26" w="264" /><ent r="3" t="26" w="296" /><ent r="3" t="26" w="351" /><ent r="3" t="26" w="356" /><ent r="3" t="26" w="358" /><ent r="3" t="26" w="382" /><ent r="3" t="26" w="386" /><ent r="3" t="26" w="389" /><ent r="3" t="26" w="390" /><ent r="3" t="26" w="391" /><ent r="3" t="26" w="430" /><ent r="3" t="27" w="60" /><ent r="3" t="27" w="89" /><ent r="3" t="27" w="111" /><ent r="3" t="27" w="122" /><ent r="3" t="27" w="130" /><ent r="3" t="27" w="176" /><ent r="3" t="27" w="194" /><ent r="3" t="27" w="224" /><ent r="3" t="27" w="231" /><ent r="3" t="27" w="270" /><ent r="3" t="27" w="307" /><ent r="3" t="27" w="316" /><ent r="3" t="28" w="54" /><ent r="4" t="28" w="139" /><ent r="3" t="28" w="159" /><ent r="3" t="28" w="185" /><ent r="4" t="28" w="287" /><ent r="3" t="28" w="519" /><ent r="3" t="28" w="554" /><ent r="3" t="28" w="566" /><ent r="3" t="28" w="575" /><ent r="3" t="28" w="644" /><ent r="3" t="28" w="645" /><ent r="3" t="28" w="646" /><ent r="3" t="28" w="649" /><ent r="3" t="28" w="650" /><ent r="3" t="28" w="651" /><ent r="3" t="28" w="655" /><ent r="3" t="28" w="656" /><ent r="3" t="28" w="657" /><ent r="3" t="28" w="660" /><ent r="3" t="28" w="661" /><ent r="3" t="28" w="662" /><ent r="3" t="28" w="665" /><ent r="3" t="28" w="666" /><ent r="3" t="28" w="667" /><ent r="3" t="28" w="671" /><ent r="3" t="28" w="672" /><ent r="3" t="28" w="673" /><ent r="3" t="28" w="677" /><ent r="3" t="28" w="678" /><ent r="3" t="28" w="679" /><ent r="3" t="28" w="683" /><ent r="3" t="28" w="684" /><ent r="3" t="28" w="685" /><ent r="3" t="28" w="689" /><ent r="3" t="28" w="690" /><ent r="3" t="28" w="691" /><ent r="3" t="28" w="695" /><ent r="3" t="28" w="696" /><ent r="3" t="28" w="697" /><ent r="3" t="28" w="715" /><ent r="3" t="28" w="716" /><ent r="3" t="28" w="722" /><ent r="3" t="28" w="723" /><ent r="3" t="28" w="770" /><ent r="3" t="28" w="834" /><ent r="3" t="28" w="854" /><ent r="3" t="28" w="899" /><ent r="3" t="28" w="948" /><ent r="3" t="28" w="949" /><ent r="3" t="28" w="977" /><ent r="3" t="28" w="981" /><ent r="3" t="28" w="986" /><ent r="3" t="28" w="990" /><ent r="3" t="28" w="994" /><ent r="3" t="28" w="998" /><ent r="3" t="28" w="1011" /><ent r="3" t="28" w="1084" /><ent r="3" t="28" w="1088" /><ent r="3" t="28" w="1093" /><ent r="3" t="28" w="1097" /><ent r="3" t="28" w="1101" /><ent r="3" t="28" w="1105" /><ent r="3" t="29" w="42" /><ent r="3" t="30" w="157" /><ent r="4" t="30" w="200" /><ent r="4" t="30" w="223" /><ent r="4" t="30" w="242" /><ent r="4" t="30" w="246" /><ent r="4" t="30" w="294" /><ent r="4" t="30" w="317" /><ent r="3" t="31" w="40" /><ent r="3" t="31" w="41" /><ent r="3" t="31" w="184" /><ent r="3" t="31" w="241" /><ent r="3" t="31" w="292" /><ent r="3" t="31" w="302" /><ent r="3" t="31" w="313" /><ent r="3" t="31" w="335" /><ent r="3" t="31" w="1128" /><ent r="3" t="31" w="1177" /><ent r="3" t="31" w="1189" /><ent r="3" t="31" w="1191" /><ent r="3" t="31" w="1203" /><ent r="3" t="31" w="1205" /><ent r="3" t="31" w="1217" /><ent r="3" t="31" w="1222" /><ent r="3" t="31" w="1234" /><ent r="3" t="31" w="1237" /><ent r="3" t="31" w="1249" /><ent r="3" t="31" w="1253" /><ent r="3" t="31" w="1265" /><ent r="3" t="31" w="1276" /><ent r="3" t="31" w="1277" /><ent r="3" t="31" w="1278" /><ent r="3" t="31" w="1281" /><ent r="3" t="31" w="1282" /><ent r="3" t="31" w="1283" /><ent r="3" t="31" w="1286" /><ent r="3" t="31" w="1287" /><ent r="3" t="31" w="1288" /><ent r="3" t="31" w="1290" /><ent r="3" t="31" w="1291" /><ent r="3" t="31" w="1292" /><ent r="3" t="31" w="1294" /><ent r="3" t="31" w="1295" /><ent r="3" t="31" w="1296" /><ent r="3" t="31" w="1299" /><ent r="3" t="31" w="1300" /><ent r="3" t="31" w="1301" /><ent r="3" t="31" w="1304" /><ent r="3" t="31" w="1305" /><ent r="3" t="31" w="1306" /><ent r="3" t="31" w="1308" /><ent r="3" t="31" w="1309" /><ent r="3" t="31" w="1310" /><ent r="3" t="31" w="1313" /><ent r="3" t="31" w="1314" /><ent r="3" t="31" w="1315" /><ent r="3" t="31" w="1318" /><ent r="3" t="31" w="1319" /><ent r="3" t="31" w="1320" /><ent r="3" t="31" w="1329" /><ent r="3" t="31" w="1330" /><ent r="3" t="31" w="1331" /><ent r="3" t="31" w="1335" /><ent r="3" t="31" w="1336" /><ent r="3" t="31" w="1337" /><ent r="3" t="31" w="1341" /><ent r="3" t="31" w="1342" /><ent r="3" t="31" w="1343" /><ent r="3" t="31" w="1347" /><ent r="3" t="31" w="1348" /><ent r="3" t="31" w="1349" /><ent r="3" t="31" w="1353" /><ent r="3" t="31" w="1354" /><ent r="3" t="31" w="1355" /><ent r="3" t="31" w="1359" /><ent r="3" t="31" w="1360" /><ent r="3" t="31" w="1361" /><ent r="3" t="31" w="1365" /><ent r="3" t="31" w="1366" /><ent r="3" t="31" w="1367" /><ent r="3" t="31" w="1371" /><ent r="3" t="31" w="1372" /><ent r="3" t="31" w="1373" /><ent r="3" t="31" w="1377" /><ent r="3" t="31" w="1378" /><ent r="3" t="31" w="1379" /><ent r="3" t="31" w="1383" /><ent r="3" t="31" w="1384" /><ent r="3" t="31" w="1385" /><ent r="3" t="31" w="1389" /><ent r="3" t="31" w="1390" /><ent r="3" t="31" w="1391" /><ent r="3" t="31" w="1395" /><ent r="3" t="31" w="1396" /><ent r="3" t="31" w="1397" /><ent r="3" t="31" w="1401" /><ent r="3" t="31" w="1402" /><ent r="3" t="31" w="1403" /><ent r="3" t="31" w="1407" /><ent r="3" t="31" w="1408" /><ent r="3" t="31" w="1409" /><ent r="3" t="31" w="1413" /><ent r="3" t="31" w="1414" /><ent r="3" t="31" w="1415" /><ent r="3" t="31" w="1419" /><ent r="3" t="31" w="1420" /><ent r="3" t="31" w="1421" /><ent r="3" t="31" w="1425" /><ent r="3" t="31" w="1426" /><ent r="3" t="31" w="1427" /><ent r="3" t="31" w="1431" /><ent r="3" t="31" w="1432" /><ent r="3" t="31" w="1433" /><ent r="3" t="31" w="1437" /><ent r="3" t="31" w="1438" /><ent r="3" t="31" w="1439" /><ent r="3" t="31" w="1443" /><ent r="3" t="31" w="1444" /><ent r="3" t="31" w="1445" /><ent r="3" t="31" w="1449" /><ent r="3" t="31" w="1450" /><ent r="3" t="31" w="1451" /><ent r="3" t="31" w="1455" /><ent r="3" t="31" w="1456" /><ent r="3" t="31" w="1457" /><ent r="3" t="31" w="1461" /><ent r="3" t="31" w="1462" /><ent r="3" t="31" w="1463" /><ent r="3" t="31" w="1467" /><ent r="3" t="31" w="1468" /><ent r="3" t="31" w="1469" /><ent r="3" t="31" w="1473" /><ent r="3" t="31" w="1474" /><ent r="3" t="31" w="1475" /><ent r="3" t="31" w="1479" /><ent r="3" t="31" w="1480" /><ent r="3" t="31" w="1481" /><ent r="3" t="31" w="1485" /><ent r="3" t="31" w="1486" /><ent r="3" t="31" w="1487" /><ent r="3" t="31" w="1491" /><ent r="3" t="31" w="1492" /><ent r="3" t="31" w="1493" /><ent r="3" t="31" w="1497" /><ent r="3" t="31" w="1498" /><ent r="3" t="31" w="1499" /><ent r="3" t="31" w="1503" /><ent r="3" t="31" w="1504" /><ent r="3" t="31" w="1505" /><ent r="3" t="32" w="62" /><ent r="3" t="32" w="105" /><ent r="3" t="32" w="140" /><ent r="3" t="32" w="192" /><ent r="3" t="32" w="195" /><ent r="3" t="32" w="225" /><ent r="3" t="32" w="226" /><ent r="3" t="32" w="227" /><ent r="3" t="32" w="228" /><ent r="3" t="32" w="229" /><ent r="3" t="32" w="230" /><ent r="3" t="32" w="266" /><ent r="3" t="32" w="292" /><ent r="3" t="32" w="323" /><ent r="3" t="32" w="348" /><ent r="3" t="32" w="357" /><ent r="3" t="32" w="375" /><ent r="3" t="32" w="376" /><ent r="3" t="32" w="377" /><ent r="3" t="32" w="402" /><ent r="3" t="32" w="403" /><ent r="3" t="32" w="404" /><ent r="3" t="32" w="405" /><ent r="3" t="32" w="406" /><ent r="3" t="33" w="25" /><ent r="3" t="33" w="41" /><ent r="3" t="33" w="56" /><ent r="3" t="33" w="64" /><ent r="3" t="33" w="79" /><ent r="3" t="33" w="91" /><ent r="3" t="33" w="104" /><ent r="3" t="33" w="125" /><ent r="3" t="33" w="149" /><ent r="4" t="33" w="195" /><ent r="4" t="33" w="196" /><ent r="4" t="33" w="231" /><ent r="4" t="33" w="294" /><ent r="4" t="33" w="315" /><ent r="4" t="33" w="360" /><ent r="3" t="33" w="378" /><ent r="3" t="33" w="383" /><ent r="3" t="33" w="455" /><ent r="3" t="33" w="463" /><ent r="3" t="33" w="533" /><ent r="3" t="33" w="546" /><ent r="3" t="33" w="561" /><ent r="3" t="33" w="582" /><ent r="3" t="33" w="595" /><ent r="3" t="33" w="617" /><ent r="3" t="33" w="718" /><ent r="3" t="33" w="740" /><ent r="3" t="33" w="749" /><ent r="3" t="33" w="827" /><ent r="3" t="33" w="912" /><ent r="3" t="33" w="938" /><ent r="3" t="33" w="964" /><ent r="3" t="33" w="990" /><ent r="3" t="33" w="1002" /><ent r="3" t="33" w="1013" /><ent r="3" t="33" w="1019" /><ent r="3" t="33" w="1030" /><ent r="3" t="33" w="1056" /><ent r="3" t="33" w="1080" /><ent r="3" t="34" w="35" /><ent r="3" t="34" w="54" /><ent r="3" t="34" w="103" /><ent r="3" t="34" w="109" /><ent r="3" t="34" w="125" /><ent r="3" t="34" w="267" /><ent r="3" t="34" w="274" /><ent r="4" t="34" w="292" /><ent r="4" t="34" w="293" /><ent r="4" t="34" w="294" /><ent r="4" t="34" w="295" /><ent r="4" t="34" w="296" /><ent r="3" t="34" w="306" /><ent r="4" t="34" w="377" /><ent r="3" t="34" w="437" /><ent r="3" t="34" w="606" /><ent r="3" t="34" w="635" /><ent r="3" t="34" w="643" /><ent r="4" t="34" w="664" /><ent r="3" t="34" w="720" /><ent r="4" t="34" w="843" /><ent r="3" t="34" w="1027" /><ent r="4" t="34" w="1098" /><ent r="4" t="34" w="1104" /><ent r="4" t="34" w="1123" /><ent r="4" t="34" w="1315" /><ent r="4" t="34" w="1320" /><ent r="4" t="34" w="1321" /><ent r="3" t="34" w="1473" /><ent r="3" t="34" w="1486" /><ent r="3" t="34" w="1495" /><ent r="3" t="34" w="1504" /><ent r="3" t="34" w="1513" /><ent r="3" t="34" w="1546" /><ent r="3" t="34" w="1561" /><ent r="3" t="34" w="1577" /><ent r="3" t="34" w="1599" /><ent r="3" t="34" w="1673" /><ent r="3" t="34" w="1787" /><ent r="3" t="35" w="44" /><ent r="3" t="36" w="101" /><ent r="3" t="36" w="214" /><ent r="4" t="36" w="483" /><ent r="4" t="36" w="807" /><ent r="3" t="36" w="947" /><ent r="3" t="36" w="969" /><ent r="3" t="36" w="1160" /><ent r="3" t="36" w="1238" /><ent r="3" t="36" w="1253" /><ent r="3" t="36" w="1364" /><ent r="3" t="36" w="1491" /><ent r="3" t="36" w="1639" /><ent r="3" t="36" w="1684" /><ent r="3" t="36" w="1690" /><ent r="3" t="36" w="1692" /><ent r="3" t="36" w="1696" /><ent r="3" t="36" w="1706" /><ent r="3" t="36" w="1806" /><ent r="3" t="36" w="1814" /><ent r="5" t="36" w="1831" /><ent r="4" t="36" w="1887" /><ent r="4" t="36" w="1902" /><ent r="4" t="36" w="1923" /><ent r="4" t="36" w="1969" /><ent r="3" t="36" w="2005" /><ent r="3" t="36" w="2018" /><ent r="3" t="36" w="2032" /><ent r="3" t="36" w="2091" /><ent r="3" t="36" w="2135" /><ent r="4" t="36" w="2181" /><ent r="4" t="36" w="2204" /><ent r="4" t="36" w="2222" /><ent r="4" t="36" w="2243" /><ent r="4" t="36" w="2289" /><ent r="4" t="36" w="2296" /><ent r="3" t="36" w="2320" /><ent r="3" t="36" w="2377" /><ent r="3" t="36" w="2393" /><ent r="3" t="36" w="2439" /><ent r="3" t="36" w="2464" /><ent r="3" t="36" w="2476" /><ent r="3" t="36" w="2482" /><ent r="3" t="36" w="2500" /><ent r="3" t="36" w="2556" /><ent r="4" t="36" w="2627" /><ent r="3" t="36" w="2772" /><ent r="3" t="36" w="2929" /><ent r="3" t="36" w="3028" /><ent r="3" t="36" w="3164" /><ent r="3" t="36" w="3169" /><ent r="3" t="36" w="3204" /><ent r="3" t="36" w="3258" /><ent r="3" t="36" w="3325" /><ent r="3" t="36" w="3346" /><ent r="3" t="36" w="3475" /><ent r="4" t="36" w="3664" /><ent r="3" t="36" w="3735" /><ent r="3" t="36" w="3749" /><ent r="3" t="36" w="3781" /><ent r="3" t="36" w="3784" /><ent r="3" t="36" w="3798" /><ent r="3" t="36" w="3817" /><ent r="3" t="36" w="4138" /><ent r="3" t="36" w="4160" /><ent r="3" t="36" w="4253" /><ent r="3" t="36" w="4357" /><ent r="3" t="36" w="4366" /><ent r="3" t="36" w="4387" /><ent r="3" t="36" w="4421" /><ent r="3" t="36" w="4433" /><ent r="3" t="36" w="4507" /><ent r="3" t="37" w="54" /><ent r="3" t="37" w="257" /><ent r="3" t="37" w="277" /><ent r="3" t="37" w="290" /><ent r="4" t="37" w="351" /><ent r="4" t="37" w="382" /><ent r="4" t="37" w="404" /><ent r="3" t="38" w="106" /><ent r="3" t="38" w="247" /><ent r="3" t="38" w="264" /><ent r="3" t="38" w="303" /><ent r="3" t="38" w="341" /><ent r="3" t="38" w="417" /><ent r="3" t="39" w="36" /><ent r="3" t="39" w="43" /><ent r="3" t="39" w="44" /><ent r="3" t="39" w="45" /><ent r="3" t="39" w="112" /><ent r="4" t="39" w="131" /><ent r="4" t="39" w="132" /><ent r="4" t="39" w="167" /><ent r="4" t="39" w="222" /><ent r="4" t="39" w="226" /><ent r="4" t="39" w="247" /><ent r="3" t="39" w="313" /><ent r="3" t="39" w="331" /><ent r="3" t="39" w="349" /><ent r="3" t="39" w="352" /><ent r="3" t="39" w="354" /><ent r="3" t="39" w="357" /><ent r="3" t="39" w="451" /><ent r="3" t="39" w="487" /><ent r="3" t="39" w="551" /><ent r="3" t="39" w="578" /><ent r="3" t="39" w="595" /><ent r="3" t="39" w="607" /><ent r="3" t="39" w="610" /><ent r="3" t="39" w="631" /><ent r="3" t="39" w="641" /><ent r="4" t="39" w="665" /><ent r="4" t="39" w="670" /><ent r="4" t="39" w="702" /><ent r="4" t="39" w="705" /><ent r="3" t="39" w="829" /><ent r="3" t="39" w="848" /><ent r="3" t="39" w="867" /><ent r="3" t="39" w="875" /><ent r="3" t="39" w="908" /><ent r="4" t="39" w="945" /><ent r="4" t="39" w="948" /><ent r="4" t="39" w="957" /><ent r="4" t="39" w="958" /><ent r="4" t="39" w="961" /><ent r="4" t="39" w="979" /><ent r="4" t="39" w="980" /><ent r="4" t="39" w="985" /><ent r="4" t="39" w="1022" /><ent r="3" t="39" w="1134" /><ent r="3" t="39" w="1181" /><ent r="3" t="39" w="1190" /><ent r="3" t="39" w="1208" /><ent r="3" t="39" w="1220" /><ent r="3" t="39" w="1255" /><ent r="4" t="40" w="178" /><ent r="4" t="40" w="192" /><ent r="4" t="40" w="222" /><ent r="4" t="40" w="228" /><ent r="4" t="40" w="238" /><ent r="4" t="40" w="259" /><ent r="4" t="40" w="272" /><ent r="4" t="40" w="345" /><ent r="4" t="40" w="390" /><ent r="3" t="40" w="447" /><ent r="3" t="40" w="459" /><ent r="3" t="40" w="485" /><ent r="3" t="40" w="504" /><ent r="3" t="40" w="505" /><ent r="3" t="41" w="59" /><ent r="3" t="41" w="84" /><ent r="3" t="41" w="95" /><ent r="3" t="41" w="103" /><ent r="3" t="41" w="107" /><ent r="3" t="41" w="117" /><ent r="3" t="41" w="124" /><ent r="3" t="41" w="135" /><ent r="3" t="41" w="152" /><ent r="3" t="42" w="113" /><ent r="3" t="42" w="121" /><ent r="3" t="42" w="141" /><ent r="3" t="42" w="158" /><ent r="3" t="42" w="173" /><ent r="3" t="42" w="186" /><ent r="3" t="42" w="197" /><ent r="3" t="42" w="217" /><ent r="3" t="42" w="238" /><ent r="3" t="42" w="265" /><ent r="3" t="42" w="277" /><ent r="3" t="42" w="295" /><ent r="3" t="42" w="308" /><ent r="3" t="42" w="354" /><ent r="3" t="42" w="403" /><ent r="3" t="42" w="422" /><ent r="3" t="42" w="443" /><ent r="3" t="42" w="644" /><ent r="3" t="42" w="702" /><ent r="3" t="42" w="750" /><ent r="3" t="42" w="883" /><ent r="3" t="43" w="47" /><ent r="3" t="43" w="69" /><ent r="3" t="43" w="78" /><ent r="3" t="44" w="95" /><ent r="3" t="44" w="151" /><ent r="3" t="44" w="225" /><ent r="3" t="45" w="52" /><ent r="3" t="45" w="63" /><ent r="3" t="45" w="86" /><ent r="3" t="45" w="259" /><ent r="3" t="45" w="260" /><ent r="3" t="45" w="269" /><ent r="3" t="45" w="270" /><ent r="3" t="45" w="271" /><ent r="3" t="46" w="53" /><ent r="3" t="46" w="93" /><ent r="3" t="46" w="170" /><ent r="3" t="46" w="182" /><ent r="3" t="46" w="223" /><ent r="3" t="46" w="391" /><ent r="3" t="46" w="433" /><ent r="4" t="46" w="514" /><ent r="4" t="46" w="574" /><ent r="3" t="46" w="610" /><ent r="3" t="46" w="619" /><ent r="3" t="46" w="700" /><ent r="3" t="46" w="738" /><ent r="4" t="46" w="772" /><ent r="4" t="46" w="820" /><ent r="3" t="47" w="24" /><ent r="3" t="47" w="135" /><ent r="3" t="47" w="178" /><ent r="4" t="48" w="89" /><ent r="4" t="48" w="108" /><ent r="3" t="48" w="120" /><ent r="3" t="48" w="130" /><ent r="3" t="48" w="138" /><ent r="4" t="48" w="204" /><ent r="4" t="48" w="225" /><ent r="4" t="48" w="228" /><ent r="4" t="48" w="229" /><ent r="4" t="48" w="239" /><ent r="4" t="48" w="301" /><ent r="4" t="48" w="328" /><ent r="4" t="48" w="397" /><ent r="4" t="48" w="399" /><ent r="3" t="48" w="451" /><ent r="3" t="48" w="455" /><ent r="3" t="48" w="461" /><ent r="3" t="48" w="467" /><ent r="3" t="48" w="496" /><ent r="3" t="48" w="568" /><ent r="3" t="48" w="740" /><ent r="3" t="48" w="832" /><ent r="3" t="48" w="930" /><ent r="4" t="49" w="58" /><ent r="4" t="49" w="69" /><ent r="4" t="49" w="105" /><ent r="4" t="49" w="121" /><ent r="4" t="49" w="209" /><ent r="3" t="49" w="235" /><ent r="4" t="49" w="287" /><ent r="3" t="50" w="41" /><ent r="3" t="50" w="80" /><ent r="3" t="50" w="118" /><ent r="3" t="51" w="20" /><ent r="3" t="51" w="42" /><ent r="3" t="51" w="62" /><ent r="3" t="51" w="114" /><ent r="3" t="52" w="57" /><ent r="3" t="53" w="21" /><ent r="3" t="53" w="47" /><ent r="3" t="53" w="116" /><ent r="3" t="53" w="251" /><ent r="3" t="53" w="262" /><ent r="93" t="53" w="277" /><ent r="3" t="53" w="318" /><ent r="3" t="53" w="412" /><ent r="3" t="53" w="421" /><ent r="93" t="53" w="444" /><ent r="3" t="53" w="475" /><ent r="3" t="53" w="531" /><ent r="3" t="53" w="576" /><ent r="3" t="53" w="583" /><ent r="3" t="54" w="51" /><ent r="3" t="54" w="56" /><ent r="3" t="54" w="84" /><ent r="4" t="54" w="170" /><ent r="4" t="54" w="171" /><ent r="4" t="54" w="209" /><ent r="4" t="54" w="230" /><ent r="4" t="54" w="343" /><ent r="3" t="54" w="416" /><ent r="3" t="54" w="439" /><ent r="3" t="54" w="545" /><ent r="3" t="54" w="605" /><ent r="4" t="54" w="739" /><ent r="4" t="54" w="762" /><ent r="4" t="54" w="798" /><ent r="4" t="54" w="819" /><ent r="3" t="54" w="1150" /><ent r="4" t="54" w="1186" /><ent r="4" t="54" w="1209" /><ent r="4" t="54" w="1237" /><ent r="3" t="55" w="26" /><ent r="3" t="55" w="39" /><ent r="3" t="55" w="55" /><ent r="3" t="55" w="67" /><ent r="3" t="55" w="95" /><ent r="3" t="55" w="154" /><ent r="3" t="55" w="226" /><ent r="3" t="55" w="228" /><ent r="3" t="55" w="230" /><ent r="3" t="55" w="232" /><ent r="3" t="55" w="234" /><ent r="3" t="55" w="236" /><ent r="3" t="55" w="238" /><ent r="3" t="55" w="240" /><ent r="3" t="55" w="242" /><ent r="3" t="55" w="244" /><ent r="3" t="55" w="246" /><ent r="3" t="55" w="248" /><ent r="3" t="55" w="256" /><ent r="3" t="55" w="258" /><ent r="3" t="55" w="260" /><ent r="3" t="55" w="262" /><ent r="3" t="55" w="443" /><ent r="3" t="55" w="494" /><ent r="3" t="55" w="720" /><ent r="3" t="55" w="727" /><ent r="3" t="56" w="20" /><ent r="4" t="56" w="123" /><ent r="4" t="56" w="124" /><ent r="3" t="56" w="143" /><ent r="3" t="57" w="51" /><ent r="3" t="57" w="154" /><ent r="3" t="57" w="162" /><ent r="3" t="57" w="319" /><ent r="3" t="58" w="178" /><ent r="3" t="58" w="262" /><ent r="3" t="58" w="267" /><ent r="3" t="58" w="268" /><ent r="3" t="58" w="319" /><ent r="3" t="58" w="333" /><ent r="4" t="59" w="93" /><ent r="4" t="59" w="101" /><ent r="3" t="59" w="178" /><ent r="3" t="60" w="109" /><ent r="3" t="60" w="142" /><ent r="3" t="60" w="253" /><ent r="3" t="60" w="254" /><ent r="3" t="60" w="255" /><ent r="3" t="60" w="256" /><ent r="4" t="60" w="425" /><ent r="4" t="60" w="454" /><ent r="3" t="60" w="841" /><ent r="3" t="60" w="888" /><ent r="3" t="60" w="889" /><ent r="3" t="60" w="890" /><ent r="3" t="60" w="891" /><ent r="3" t="60" w="894" /><ent r="3" t="60" w="895" /><ent r="3" t="60" w="896" /><ent r="3" t="60" w="897" /><ent r="3" t="60" w="898" /><ent r="3" t="60" w="899" /><ent r="3" t="60" w="902" /><ent r="3" t="60" w="903" /><ent r="3" t="60" w="1011" /><ent r="3" t="60" w="1012" /><ent r="3" t="60" w="1013" /><ent r="3" t="60" w="1019" /><ent r="3" t="60" w="1022" /><ent r="3" t="60" w="1109" /><ent r="3" t="60" w="1110" /><ent r="3" t="60" w="1112" /><ent r="3" t="60" w="1142" /><ent r="3" t="60" w="1143" /><ent r="3" t="60" w="1148" /><ent r="3" t="60" w="1171" /><ent r="3" t="60" w="1172" /><ent r="3" t="60" w="1175" /><ent r="3" t="60" w="1192" /><ent r="3" t="60" w="1193" /><ent r="3" t="60" w="1196" /><ent r="3" t="60" w="1215" /><ent r="3" t="60" w="1216" /><ent r="3" t="60" w="1257" /><ent r="3" t="60" w="1325" /><ent r="3" t="60" w="1326" /><ent r="3" t="60" w="1327" /><ent r="3" t="60" w="1330" /><ent r="3" t="60" w="1381" /><ent r="3" t="61" w="55" /><ent r="3" t="61" w="79" /><ent r="3" t="61" w="108" /><ent r="3" t="61" w="131" /><ent r="3" t="61" w="145" /><ent r="3" t="63" w="57" /><ent r="3" t="63" w="74" /><ent r="3" t="63" w="92" /><ent r="3" t="63" w="172" /><ent r="3" t="63" w="179" /><ent r="3" t="63" w="206" /><ent r="3" t="63" w="232" /><ent r="3" t="63" w="263" /><ent r="3" t="63" w="282" /><ent r="3" t="63" w="297" /><ent r="3" t="63" w="306" /><ent r="3" t="63" w="322" /><ent r="3" t="63" w="337" /><ent r="3" t="63" w="351" /><ent r="3" t="63" w="379" /><ent r="3" t="64" w="35" /><ent r="3" t="64" w="91" /><ent r="3" t="64" w="284" /><ent r="4" t="64" w="352" /><ent r="4" t="64" w="369" /><ent r="3" t="65" w="18" /><ent r="3" t="65" w="62" /><ent r="4" t="65" w="106" /><ent r="4" t="65" w="131" /><ent r="4" t="65" w="162" /><ent r="4" t="65" w="169" /><ent r="4" t="65" w="174" /><ent r="4" t="65" w="185" /><ent r="3" t="65" w="248" /><ent r="3" t="65" w="261" /><ent r="3" t="65" w="267" /><ent r="3" t="65" w="370" /><ent r="3" t="65" w="390" /><ent r="3" t="65" w="391" /><ent r="3" t="65" w="420" /><ent r="3" t="65" w="456" /><ent r="3" t="65" w="460" /><ent r="3" t="65" w="502" /><ent r="4" t="65" w="557" /><ent r="3" t="65" w="657" /><ent r="3" t="65" w="658" /><ent r="3" t="65" w="668" /><ent r="3" t="65" w="669" /><ent r="3" t="65" w="670" /><ent r="3" t="66" w="21" /><ent r="3" t="66" w="53" /><ent r="4" t="66" w="199" /><ent r="4" t="66" w="201" /><ent r="6" t="67" w="99" /><ent r="6" t="67" w="280" /><ent r="6" t="67" w="326" /><ent r="7" t="67" w="415" /><ent r="7" t="67" w="436" /><ent r="7" t="67" w="469" /><ent r="7" t="67" w="476" /><ent r="7" t="67" w="500" /><ent r="7" t="67" w="507" /><ent r="7" t="67" w="520" /><ent r="7" t="67" w="539" /><ent r="7" t="67" w="586" /><ent r="6" t="67" w="644" /><ent r="6" t="67" w="647" /><ent r="6" t="67" w="790" /><ent r="3" t="68" w="31" /><ent r="3" t="68" w="87" /><ent r="3" t="68" w="94" /><ent r="3" t="68" w="129" /><ent r="3" t="68" w="147" /><ent r="3" t="68" w="163" /><ent r="3" t="68" w="199" /><ent r="3" t="69" w="33" /><ent r="3" t="69" w="196" /><ent r="3" t="69" w="230" /><ent r="6" t="69" w="283" /><ent r="7" t="69" w="328" /><ent r="6" t="69" w="362" /><ent r="6" t="69" w="363" /><ent r="6" t="69" w="392" /><ent r="6" t="69" w="395" /><ent r="6" t="69" w="493" /><ent r="6" t="69" w="538" /><ent r="6" t="69" w="553" /><ent r="6" t="69" w="593" /><ent r="6" t="69" w="619" /><ent r="6" t="69" w="681" /><ent r="6" t="69" w="683" /><ent r="6" t="69" w="825" /><ent r="6" t="69" w="900" /><ent r="6" t="69" w="923" /><ent r="6" t="69" w="964" /><ent r="6" t="69" w="967" /><ent r="6" t="69" w="970" /><ent r="6" t="69" w="973" /><ent r="6" t="69" w="976" /><ent r="6" t="69" w="979" /><ent r="6" t="69" w="988" /><ent r="6" t="69" w="1003" /><ent r="7" t="69" w="1188" /><ent r="6" t="69" w="1208" /><ent r="6" t="69" w="1245" /><ent r="6" t="69" w="1270" /><ent r="6" t="69" w="1302" /><ent r="6" t="69" w="1330" /><ent r="6" t="69" w="1377" /><ent r="6" t="69" w="1378" /><ent r="6" t="69" w="1399" /><ent r="6" t="69" w="1418" /><ent r="6" t="69" w="1419" /><ent r="6" t="69" w="1448" /><ent r="6" t="69" w="1539" /><ent r="5" t="69" w="1744" /><ent r="3" t="69" w="1785" /><ent r="3" t="69" w="1787" /><ent r="6" t="69" w="1930" /><ent r="6" t="69" w="1931" /><ent r="6" t="69" w="1932" /><ent r="6" t="69" w="1982" /><ent r="6" t="69" w="1986" /><ent r="6" t="69" w="2027" /><ent r="6" t="69" w="2045" /><ent r="6" t="69" w="2048" /><ent r="6" t="69" w="2113" /><ent r="6" t="69" w="2116" /><ent r="6" t="69" w="2374" /><ent r="6" t="69" w="2436" /><ent r="6" t="69" w="2459" /><ent r="3" t="70" w="53" /><ent r="3" t="70" w="138" /><ent r="3" t="70" w="174" /><ent r="3" t="70" w="276" /><ent r="3" t="70" w="333" /><ent r="3" t="70" w="367" /><ent r="3" t="70" w="374" /><ent r="3" t="70" w="415" /><ent r="3" t="70" w="451" /><ent r="3" t="72" w="23" /><ent r="4" t="72" w="83" /><ent r="3" t="73" w="35" /><ent r="3" t="73" w="52" /><ent r="3" t="73" w="74" /><ent r="3" t="74" w="14" /><ent r="3" t="76" w="34" /><ent r="3" t="76" w="37" /><ent r="4" t="76" w="81" /><ent r="4" t="76" w="108" /><ent r="4" t="76" w="129" /><ent r="5" t="76" w="163" /><ent r="5" t="76" w="168" /><ent r="4" t="76" w="180" /><ent r="4" t="76" w="230" /><ent r="4" t="76" w="232" /><ent r="4" t="76" w="233" /><ent r="4" t="76" w="246" /><ent r="4" t="76" w="247" /><ent r="4" t="76" w="248" /><ent r="5" t="76" w="258" /><ent r="5" t="76" w="269" /><ent r="4" t="77" w="91" /><ent r="4" t="77" w="102" /><ent r="4" t="77" w="107" /><ent r="4" t="77" w="129" /><ent r="3" t="77" w="149" /><ent r="3" t="77" w="209" /></phr></stem></index>