<?xml version="1.0" encoding="utf-8"?><index><stem n="\4\dropdown:\0\"><phr n="\4\Dropdown:\0\"><ent r="3" t="7" w="470" /></phr></stem><stem n="{test[equal,notequal]}\0\"><phr n="{Test[Equal,NotEqual]}\0\"><ent r="3" t="7" w="475" /></phr></stem><stem n="choice1"><phr n="Choice1"><ent r="3" t="7" w="482" /><ent r="3" t="7" w="596" /></phr></stem><stem n="choice1,choice2"><phr n="Choice1,Choice2"><ent r="3" t="7" w="483" /><ent r="3" t="7" w="482" /><ent r="3" t="7" w="597" /><ent r="3" t="7" w="596" /></phr></stem><stem n="choice2"><phr n="Choice2"><ent r="3" t="7" w="483" /><ent r="3" t="7" w="486" /><ent r="3" t="7" w="490" /><ent r="3" t="7" w="597" /><ent r="3" t="7" w="599" /></phr></stem><stem n="choice1,choice2,choice3"><phr n="Choice1,Choice2,Choice3"><ent r="3" t="7" w="484" /><ent r="3" t="7" w="482" /><ent r="3" t="7" w="598" /><ent r="3" t="7" w="596" /></phr></stem><stem n="choice3"><phr n="Choice3"><ent r="3" t="7" w="484" /><ent r="3" t="7" w="598" /></phr></stem><stem n="(${dropdown[choice1,choice2,choice3]}"><phr n="(${Dropdown[Choice1,Choice2,Choice3]}"><ent r="3" t="7" w="485" /></phr></stem><stem n="!="><phr n="!="><ent r="3" t="7" w="485" /><ent r="5" t="17" w="398" /><ent r="3" t="60" w="614" /></phr></stem><stem n="&quot;choice2&quot;)"><phr n="&quot;Choice2&quot;)"><ent r="3" t="7" w="487" /></phr></stem><stem n="&quot;it'"><phr n="&quot;It's"><ent r="3" t="7" w="488" /></phr></stem><stem n="!&quot;"><phr n="!&quot;"><ent r="3" t="7" w="491" /><ent r="3" t="14" w="1314" /></phr></stem><stem n="/snmp-device-variables&gt;"><phr n="/snmp-device-variables&gt;"><ent r="3" t="7" w="492" /><ent r="3" t="13" w="2091" /><ent r="3" t="14" w="581" /><ent r="3" t="15" w="690" /><ent r="3" t="16" w="971" /><ent r="3" t="19" w="400" /><ent r="3" t="21" w="1370" /><ent r="3" t="23" w="2837" /><ent r="3" t="26" w="393" /><ent r="3" t="28" w="568" /><ent r="3" t="28" w="726" /><ent r="3" t="28" w="1002" /><ent r="3" t="28" w="1109" /><ent r="3" t="31" w="1509" /></phr></stem><stem n="snmp-device-variables&gt;"><phr n="snmp-device-variables&gt;"><ent r="3" t="7" w="492" /><ent r="3" t="13" w="2091" /><ent r="3" t="14" w="581" /><ent r="3" t="15" w="690" /><ent r="3" t="16" w="971" /><ent r="3" t="19" w="400" /><ent r="3" t="21" w="1370" /><ent r="3" t="23" w="2837" /><ent r="3" t="26" w="393" /><ent r="3" t="28" w="568" /><ent r="3" t="28" w="726" /><ent r="3" t="28" w="1002" /><ent r="3" t="28" w="1109" /><ent r="3" t="31" w="1509" /></phr></stem><stem n="true,fals"><phr n="true,false"><ent r="3" t="7" w="511" /><ent r="3" t="7" w="510" /><ent r="3" t="7" w="602" /><ent r="3" t="7" w="601" /></phr></stem><stem n="&quot;checkbox[true,false]&quot;"><phr n="&quot;Checkbox[true,false]&quot;"><ent r="3" t="7" w="512" /><ent r="3" t="7" w="603" /></phr></stem><stem n="&quot;true&quot;"><phr n="&quot;true&quot;"><ent r="3" t="7" w="513" /><ent r="3" t="7" w="517" /><ent r="3" t="7" w="604" /><ent r="3" t="24" w="61" /><ent r="3" t="26" w="133" /></phr></stem><stem n="{checkbox[equal,notequal]},"><phr n="{Checkbox[Equal,NotEqual]},"><ent r="3" t="7" w="533" /></phr></stem><stem n="demonstr"><phr n="demonstrates"><ent r="3" t="7" w="569" /><ent r="3" t="14" w="39" /><ent r="3" t="14" w="719" /><ent r="3" t="27" w="353" /></phr><phr n="demonstrate"><ent r="3" t="14" w="889" /></phr><phr n="demonstrated"><ent r="3" t="19" w="285" /></phr></stem><stem n="screenshot"><phr n="screenshot"><ent r="3" t="7" w="580" /></phr></stem><stem n="&quot;dropdown[choice1,choice2,choice3]&quot;"><phr n="&quot;Dropdown[Choice1,Choice2,Choice3]&quot;"><ent r="3" t="7" w="599" /></phr></stem><stem n="&quot;choice2&quot;"><phr n="&quot;Choice2&quot;"><ent r="3" t="7" w="600" /></phr></stem><stem n="&lt;datasets&gt;"><phr n="&lt;datasets&gt;"><ent r="1000" t="8" w="2" /><ent r="102" t="8" w="6" /><ent r="3" t="8" w="11" /><ent r="3" t="8" w="52" /><ent r="3" t="8" w="199" /><ent r="4" t="8" w="384" /><ent r="4" t="8" w="570" /><ent r="5" t="8" w="747" /><ent r="3" t="26" w="428" /></phr></stem><stem n="dataset"><phr n="datasets"><ent r="3" t="8" w="16" /><ent r="3" t="8" w="26" /><ent r="3" t="8" w="37" /><ent r="3" t="26" w="64" /></phr><phr n="dataset"><ent r="4" t="8" w="83" /><ent r="4" t="8" w="139" /><ent r="4" t="8" w="159" /><ent r="4" t="8" w="181" /><ent r="3" t="8" w="351" /><ent r="3" t="8" w="581" /><ent r="4" t="8" w="643" /><ent r="4" t="8" w="704" /><ent r="4" t="8" w="724" /><ent r="3" t="26" w="279" /><ent r="3" t="63" w="152" /><ent r="3" t="63" w="254" /><ent r="4" t="63" w="268" /><ent r="3" t="63" w="431" /><ent r="3" t="63" w="454" /><ent r="3" t="63" w="477" /><ent r="3" t="63" w="498" /></phr></stem><stem n="column"><phr n="columns"><ent r="3" t="8" w="43" /><ent r="4" t="18" w="230" /><ent r="3" t="18" w="383" /><ent r="3" t="18" w="402" /><ent r="4" t="18" w="868" /><ent r="3" t="18" w="996" /><ent r="3" t="18" w="1026" /><ent r="3" t="18" w="1184" /><ent r="3" t="18" w="1220" /><ent r="3" t="18" w="1227" /><ent r="3" t="18" w="1304" /><ent r="4" t="18" w="1607" /><ent r="3" t="55" w="294" /><ent r="6" t="69" w="959" /></phr><phr n="Column"><ent r="3" t="8" w="45" /></phr><phr n="column"><ent r="3" t="8" w="380" /><ent r="82" t="13" w="791" /><ent r="6" t="16" w="648" /><ent r="4" t="16" w="1312" /><ent r="4" t="16" w="1353" /><ent r="4" t="18" w="254" /><ent r="3" t="18" w="473" /><ent r="3" t="18" w="509" /><ent r="3" t="18" w="599" /><ent r="3" t="18" w="620" /><ent r="3" t="18" w="642" /><ent r="3" t="18" w="664" /><ent r="3" t="18" w="675" /><ent r="3" t="18" w="689" /><ent r="3" t="18" w="702" /><ent r="4" t="18" w="840" /><ent r="4" t="18" w="851" /><ent r="4" t="18" w="882" /><ent r="4" t="18" w="904" /><ent r="3" t="18" w="1195" /><ent r="4" t="18" w="1561" /><ent r="4" t="18" w="1569" /><ent r="4" t="18" w="1580" /><ent r="3" t="63" w="301" /><ent r="3" t="63" w="320" /><ent r="3" t="63" w="327" /><ent r="3" t="63" w="366" /><ent r="4" t="67" w="37" /><ent r="6" t="69" w="386" /></phr></stem><stem n="except"><phr n="except"><ent r="3" t="8" w="44" /><ent r="3" t="14" w="1191" /><ent r="3" t="23" w="1438" /><ent r="4" t="36" w="1923" /><ent r="3" t="36" w="2393" /><ent r="3" t="36" w="4287" /><ent r="3" t="42" w="616" /><ent r="3" t="42" w="642" /><ent r="3" t="48" w="746" /><ent r="3" t="48" w="830" /></phr><phr n="exceptional"><ent r="5" t="20" w="173" /></phr><phr n="Except"><ent r="3" t="70" w="47" /></phr></stem><stem n="quot"><phr n="quotes"><ent r="3" t="8" w="50" /><ent r="5" t="13" w="1412" /><ent r="4" t="17" w="387" /><ent r="4" t="17" w="411" /><ent r="4" t="23" w="246" /><ent r="4" t="30" w="264" /><ent r="4" t="30" w="302" /><ent r="3" t="33" w="631" /><ent r="3" t="33" w="955" /><ent r="4" t="34" w="486" /><ent r="3" t="36" w="1310" /><ent r="3" t="36" w="3479" /><ent r="4" t="65" w="119" /><ent r="4" t="65" w="294" /><ent r="3" t="65" w="376" /><ent r="6" t="67" w="129" /><ent r="3" t="68" w="28" /><ent r="3" t="68" w="128" /><ent r="3" t="68" w="162" /><ent r="4" t="68" w="219" /></phr><phr n="quote"><ent r="5" t="13" w="1397" /><ent r="3" t="22" w="96" /><ent r="4" t="34" w="679" /><ent r="4" t="34" w="761" /><ent r="4" t="34" w="787" /><ent r="3" t="48" w="801" /><ent r="4" t="68" w="240" /></phr><phr n="quoted"><ent r="4" t="13" w="1615" /><ent r="3" t="22" w="64" /><ent r="4" t="23" w="255" /><ent r="3" t="65" w="423" /><ent r="3" t="65" w="478" /><ent r="3" t="66" w="59" /><ent r="6" t="67" w="159" /><ent r="6" t="67" w="188" /><ent r="6" t="67" w="246" /><ent r="6" t="67" w="272" /><ent r="3" t="68" w="150" /><ent r="3" t="68" w="183" /><ent r="3" t="68" w="201" /><ent r="4" t="68" w="225" /></phr><phr n="Quote"><ent r="100" t="34" w="567" /><ent r="5" t="34" w="570" /></phr><phr n="quoting"><ent r="3" t="36" w="3213" /></phr><phr n="Quoted"><ent r="66" t="64" w="195" /><ent r="100" t="65" w="86" /><ent r="66" t="65" w="89" /><ent r="92" t="65" w="346" /><ent r="64" t="65" w="432" /><ent r="1000" t="68" w="1" /><ent r="100" t="68" w="4" /><ent r="102" t="68" w="9" /><ent r="92" t="68" w="105" /><ent r="100" t="68" w="115" /></phr></stem><stem n="$variablenam"><phr n="$variablename"><ent r="3" t="8" w="53" /><ent r="5" t="8" w="63" /></phr><phr n="$VariableName"><ent r="4" t="13" w="468" /><ent r="4" t="16" w="750" /></phr></stem><stem n="&quot;tag&quot;,"><phr n="&quot;tag&quot;,"><ent r="3" t="8" w="55" /></phr></stem><stem n="unitsofmeasur"><phr n="unitsOfMeasure"><ent r="3" t="8" w="55" /><ent r="5" t="8" w="130" /><ent r="4" t="8" w="378" /><ent r="5" t="8" w="757" /></phr></stem><stem n="&quot;unitsofmeasure&quot;,"><phr n="&quot;unitsOfMeasure&quot;,"><ent r="3" t="8" w="56" /></phr></stem><stem n="autorecordflag"><phr n="autorecordFlag"><ent r="3" t="8" w="56" /><ent r="5" t="8" w="150" /><ent r="4" t="8" w="359" /></phr></stem><stem n="&quot;autorecordflag&quot;,"><phr n="&quot;autorecordFlag&quot;,"><ent r="3" t="8" w="57" /></phr></stem><stem n="legend"><phr n="legend"><ent r="3" t="8" w="57" /><ent r="4" t="8" w="177" /><ent r="4" t="8" w="183" /><ent r="4" t="8" w="186" /><ent r="4" t="8" w="731" /><ent r="4" t="8" w="734" /><ent r="6" t="13" w="722" /><ent r="5" t="13" w="727" /><ent r="82" t="13" w="2027" /><ent r="4" t="13" w="2046" /><ent r="3" t="13" w="2053" /><ent r="3" t="13" w="2110" /><ent r="3" t="15" w="594" /><ent r="5" t="16" w="716" /><ent r="4" t="16" w="1238" /><ent r="3" t="16" w="1449" /><ent r="4" t="16" w="1609" /></phr><phr n="Legend"><ent r="5" t="8" w="166" /><ent r="3" t="8" w="601" /><ent r="3" t="8" w="608" /><ent r="3" t="8" w="613" /><ent r="5" t="8" w="690" /><ent r="5" t="9" w="43" /><ent r="3" t="16" w="138" /><ent r="3" t="26" w="202" /><ent r="3" t="26" w="337" /><ent r="3" t="26" w="386" /></phr><phr n="LEGEND"><ent r="3" t="15" w="626" /><ent r="100" t="16" w="98" /><ent r="3" t="16" w="909" /></phr><phr n="legends"><ent r="4" t="16" w="741" /><ent r="3" t="16" w="1432" /></phr><phr n="Legends"><ent r="92" t="16" w="1422" /></phr></stem><stem n="&quot;legend&quot;"><phr n="&quot;legend&quot;"><ent r="3" t="8" w="58" /></phr><phr n="&quot;Legend&quot;"><ent r="3" t="26" w="338" /></phr></stem><stem n="/datasets&gt;"><phr n="/datasets&gt;"><ent r="3" t="8" w="59" /><ent r="3" t="8" w="217" /><ent r="3" t="26" w="435" /></phr></stem><stem n="&lt;/datasets&gt;"><phr n="&lt;/datasets&gt;"><ent r="3" t="8" w="59" /><ent r="3" t="8" w="58" /><ent r="3" t="8" w="217" /><ent r="3" t="8" w="216" /><ent r="3" t="26" w="435" /><ent r="3" t="26" w="434" /></phr></stem><stem n="datasets&gt;"><phr n="datasets&gt;"><ent r="3" t="8" w="59" /><ent r="3" t="8" w="217" /><ent r="3" t="26" w="435" /></phr></stem><stem n="short"><phr n="short"><ent r="4" t="8" w="75" /><ent r="4" t="8" w="119" /><ent r="4" t="8" w="281" /><ent r="4" t="8" w="635" /><ent r="4" t="8" w="679" /><ent r="3" t="13" w="2265" /><ent r="3" t="14" w="474" /><ent r="4" t="23" w="162" /><ent r="6" t="23" w="2566" /><ent r="6" t="23" w="2575" /><ent r="3" t="25" w="936" /><ent r="3" t="26" w="270" /><ent r="3" t="26" w="364" /><ent r="4" t="46" w="505" /><ent r="3" t="61" w="69" /></phr><phr n="Short"><ent r="3" t="30" w="34" /><ent r="4" t="30" w="60" /><ent r="4" t="30" w="251" /></phr></stem><stem n="cpu"><phr n="CPU"><ent r="4" t="8" w="96" /><ent r="4" t="8" w="656" /><ent r="3" t="8" w="766" /><ent r="3" t="8" w="773" /><ent r="5" t="9" w="511" /><ent r="5" t="9" w="517" /><ent r="5" t="9" w="526" /><ent r="5" t="9" w="536" /><ent r="5" t="9" w="561" /><ent r="5" t="9" w="571" /><ent r="5" t="9" w="592" /><ent r="5" t="9" w="602" /><ent r="5" t="9" w="627" /><ent r="5" t="9" w="691" /><ent r="5" t="9" w="701" /><ent r="3" t="13" w="2540" /><ent r="3" t="13" w="2544" /><ent r="3" t="13" w="2555" /><ent r="100" t="15" w="39" /><ent r="100" t="15" w="45" /><ent r="3" t="15" w="73" /><ent r="4" t="18" w="179" /><ent r="3" t="26" w="298" /></phr></stem><stem n="%,"><phr n="%,"><ent r="4" t="8" w="97" /><ent r="4" t="8" w="657" /><ent r="4" t="23" w="96" /></phr></stem><stem n="temperatur"><phr n="temperature"><ent r="4" t="8" w="97" /><ent r="4" t="8" w="657" /><ent r="5" t="9" w="82" /><ent r="5" t="9" w="85" /><ent r="5" t="9" w="174" /><ent r="5" t="9" w="177" /><ent r="5" t="9" w="345" /><ent r="5" t="9" w="348" /><ent r="5" t="9" w="777" /><ent r="5" t="9" w="780" /><ent r="5" t="9" w="817" /><ent r="5" t="9" w="820" /><ent r="3" t="15" w="78" /><ent r="4" t="18" w="180" /><ent r="3" t="20" w="48" /><ent r="3" t="26" w="300" /><ent r="3" t="33" w="671" /><ent r="3" t="48" w="29" /><ent r="4" t="48" w="114" /><ent r="3" t="48" w="147" /><ent r="3" t="48" w="481" /><ent r="3" t="48" w="548" /><ent r="3" t="48" w="556" /></phr><phr n="Temperature"><ent r="3" t="8" w="207" /><ent r="3" t="8" w="215" /><ent r="92" t="48" w="444" /><ent r="3" t="48" w="478" /><ent r="3" t="48" w="526" /><ent r="3" t="48" w="656" /><ent r="3" t="48" w="660" /></phr></stem><stem n="-record"><phr n="-Recorded"><ent r="4" t="8" w="101" /><ent r="4" t="8" w="101" /><ent r="64" t="8" w="327" /><ent r="64" t="8" w="327" /><ent r="4" t="8" w="661" /><ent r="4" t="8" w="661" /><ent r="1000" t="9" w="1" /><ent r="1000" t="9" w="1" /><ent r="102" t="9" w="6" /><ent r="102" t="9" w="6" /></phr><phr n="-recording"><ent r="92" t="8" w="219" /><ent r="92" t="8" w="219" /><ent r="3" t="8" w="578" /><ent r="3" t="8" w="578" /></phr></stem><stem n="automatically-record"><phr n="Automatically-Recorded"><ent r="4" t="8" w="101" /><ent r="64" t="8" w="327" /><ent r="4" t="8" w="661" /><ent r="1000" t="9" w="1" /><ent r="102" t="9" w="6" /></phr></stem><stem n="writer"><phr n="writers"><ent r="4" t="8" w="112" /><ent r="4" t="8" w="672" /><ent r="3" t="33" w="401" /></phr></stem><stem n="free"><phr n="free"><ent r="4" t="8" w="114" /><ent r="4" t="8" w="674" /><ent r="3" t="14" w="73" /><ent r="3" t="19" w="306" /><ent r="3" t="26" w="29" /><ent r="3" t="31" w="43" /><ent r="3" t="38" w="109" /><ent r="3" t="45" w="240" /><ent r="3" t="48" w="499" /><ent r="3" t="61" w="126" /></phr></stem><stem n="don"><phr n="don"><ent r="4" t="8" w="125" /><ent r="4" t="8" w="685" /><ent r="3" t="21" w="905" /><ent r="3" t="25" w="877" /><ent r="3" t="27" w="320" /><ent r="3" t="28" w="606" /><ent r="3" t="36" w="4206" /><ent r="3" t="53" w="27" /><ent r="3" t="55" w="378" /></phr><phr n="Don"><ent r="3" t="36" w="1037" /></phr></stem><stem n="don't"><phr n="don't"><ent r="4" t="8" w="126" /><ent r="4" t="8" w="125" /><ent r="4" t="8" w="686" /><ent r="4" t="8" w="685" /><ent r="3" t="21" w="906" /><ent r="3" t="21" w="905" /><ent r="3" t="25" w="878" /><ent r="3" t="25" w="877" /><ent r="3" t="27" w="321" /><ent r="3" t="27" w="320" /><ent r="3" t="28" w="607" /><ent r="3" t="28" w="606" /><ent r="3" t="36" w="4207" /><ent r="3" t="36" w="4206" /><ent r="3" t="53" w="28" /><ent r="3" t="53" w="27" /><ent r="3" t="55" w="379" /><ent r="3" t="55" w="378" /></phr><phr n="Don't"><ent r="3" t="36" w="1038" /><ent r="3" t="36" w="1037" /></phr></stem><stem n="start"><phr n="start"><ent r="4" t="8" w="127" /><ent r="4" t="8" w="687" /><ent r="3" t="18" w="1265" /><ent r="3" t="18" w="1284" /><ent r="4" t="23" w="827" /><ent r="4" t="23" w="843" /><ent r="3" t="23" w="1945" /><ent r="3" t="23" w="1962" /><ent r="3" t="23" w="1970" /><ent r="3" t="23" w="2216" /><ent r="3" t="36" w="1043" /><ent r="3" t="54" w="353" /><ent r="3" t="54" w="399" /><ent r="3" t="60" w="871" /><ent r="3" t="63" w="257" /><ent r="4" t="67" w="31" /></phr><phr n="starting"><ent r="3" t="18" w="372" /><ent r="4" t="23" w="840" /><ent r="3" t="23" w="1959" /><ent r="3" t="23" w="2208" /><ent r="4" t="25" w="241" /><ent r="4" t="25" w="255" /><ent r="3" t="54" w="364" /><ent r="3" t="54" w="637" /><ent r="3" t="55" w="322" /><ent r="6" t="69" w="2270" /></phr><phr n="starts"><ent r="3" t="18" w="1470" /><ent r="3" t="18" w="1488" /><ent r="4" t="23" w="846" /><ent r="3" t="23" w="1965" /><ent r="4" t="23" w="2229" /><ent r="4" t="36" w="993" /><ent r="4" t="36" w="1005" /><ent r="3" t="36" w="3570" /><ent r="3" t="42" w="104" /><ent r="3" t="42" w="273" /></phr><phr n="Starts"><ent r="100" t="36" w="32" /><ent r="4" t="36" w="865" /><ent r="4" t="36" w="3595" /><ent r="5" t="37" w="166" /></phr><phr n="started"><ent r="5" t="37" w="197" /><ent r="3" t="54" w="854" /><ent r="3" t="55" w="193" /><ent r="3" t="55" w="393" /><ent r="6" t="67" w="730" /></phr><phr n="Start"><ent r="100" t="54" w="36" /><ent r="100" t="54" w="122" /><ent r="4" t="55" w="737" /></phr></stem><stem n="&quot;_&quot;."><phr n="&quot;_&quot;."><ent r="4" t="8" w="129" /><ent r="4" t="8" w="689" /></phr></stem><stem n="measur"><phr n="measure"><ent r="4" t="8" w="135" /><ent r="7" t="8" w="537" /><ent r="3" t="26" w="260" /><ent r="92" t="36" w="837" /><ent r="3" t="37" w="29" /><ent r="3" t="37" w="312" /></phr><phr n="Measures"><ent r="4" t="8" w="147" /></phr><phr n="Measure"><ent r="92" t="8" w="369" /></phr><phr n="measured"><ent r="7" t="8" w="527" /><ent r="3" t="37" w="47" /><ent r="4" t="37" w="383" /></phr><phr n="Measuring"><ent r="1000" t="37" w="1" /><ent r="100" t="37" w="9" /><ent r="100" t="37" w="11" /><ent r="100" t="37" w="20" /><ent r="102" t="37" w="22" /></phr><phr n="measures"><ent r="3" t="37" w="55" /></phr><phr n="Measurement"><ent r="100" t="37" w="85" /><ent r="92" t="37" w="90" /></phr><phr n="measuring"><ent r="3" t="37" w="154" /><ent r="64" t="52" w="104" /></phr><phr n="measurements"><ent r="4" t="39" w="704" /></phr></stem><stem n="boolean"><phr n="boolean"><ent r="4" t="8" w="153" /><ent r="4" t="21" w="160" /><ent r="3" t="55" w="365" /></phr></stem><stem n="-readabl"><phr n="-readable"><ent r="4" t="8" w="169" /><ent r="4" t="8" w="169" /><ent r="4" t="8" w="697" /><ent r="4" t="8" w="697" /><ent r="4" t="16" w="1048" /><ent r="4" t="16" w="1048" /><ent r="4" t="18" w="805" /><ent r="4" t="18" w="805" /><ent r="3" t="32" w="350" /><ent r="3" t="32" w="350" /></phr></stem><stem n="human-read"><phr n="human-readable"><ent r="4" t="8" w="169" /><ent r="4" t="8" w="697" /><ent r="4" t="16" w="1048" /><ent r="4" t="18" w="805" /><ent r="3" t="32" w="350" /></phr></stem><stem n="readabl"><phr n="readable"><ent r="4" t="8" w="170" /><ent r="4" t="8" w="698" /><ent r="4" t="16" w="1049" /><ent r="4" t="18" w="806" /><ent r="3" t="32" w="351" /><ent r="3" t="48" w="1010" /></phr><phr n="readability"><ent r="5" t="13" w="375" /><ent r="5" t="13" w="714" /><ent r="5" t="13" w="1333" /><ent r="3" t="36" w="4288" /></phr></stem><stem n="-device-variable&gt;"><phr n="-device-variable&gt;"><ent r="5" t="8" w="191" /><ent r="5" t="8" w="192" /><ent r="5" t="8" w="739" /><ent r="5" t="8" w="740" /></phr></stem><stem n="&lt;snmp-device-variable&gt;"><phr n="&lt;snmp-device-variable&gt;"><ent r="5" t="8" w="191" /><ent r="5" t="8" w="739" /></phr></stem><stem n="device-variable&gt;"><phr n="device-variable&gt;"><ent r="5" t="8" w="192" /><ent r="5" t="8" w="740" /></phr></stem><stem n="variable&gt;"><phr n="variable&gt;"><ent r="5" t="8" w="193" /><ent r="5" t="8" w="741" /></phr></stem><stem n="$temp"><phr n="$temp"><ent r="3" t="8" w="200" /><ent r="3" t="48" w="661" /><ent r="3" t="48" w="873" /><ent r="3" t="48" w="923" /></phr><phr n="$Temp"><ent r="3" t="21" w="64" /><ent r="3" t="21" w="74" /><ent r="4" t="21" w="164" /><ent r="4" t="21" w="197" /><ent r="3" t="22" w="185" /><ent r="3" t="22" w="196" /></phr></stem><stem n="temp"><phr n="temp"><ent r="3" t="8" w="201" /><ent r="3" t="48" w="904" /></phr><phr n="TEMP"><ent r="3" t="21" w="69" /><ent r="3" t="21" w="78" /><ent r="4" t="21" w="428" /><ent r="3" t="22" w="190" /><ent r="3" t="22" w="200" /></phr><phr n="Temp"><ent r="5" t="48" w="65" /><ent r="3" t="48" w="539" /></phr></stem><stem n="temp-tag"><phr n="temp-tag"><ent r="3" t="8" w="201" /></phr></stem><stem n="&quot;temp-tag&quot;,"><phr n="&quot;temp-tag&quot;,"><ent r="3" t="8" w="203" /></phr></stem><stem n="&quot;degre"><phr n="&quot;degrees"><ent r="3" t="8" w="203" /><ent r="3" t="8" w="211" /></phr><phr n="&quot;Degrees"><ent r="3" t="16" w="968" /><ent r="3" t="16" w="1510" /></phr></stem><stem n="degre"><phr n="degrees"><ent r="3" t="8" w="203" /><ent r="3" t="8" w="211" /><ent r="7" t="8" w="506" /><ent r="7" t="8" w="509" /><ent r="7" t="8" w="512" /><ent r="7" t="8" w="515" /><ent r="3" t="26" w="263" /><ent r="3" t="48" w="663" /><ent r="3" t="48" w="932" /></phr><phr n="Degrees"><ent r="3" t="16" w="968" /><ent r="3" t="16" w="1510" /></phr></stem><stem n="&quot;,"><phr n="&quot;,"><ent r="3" t="8" w="205" /><ent r="3" t="8" w="213" /><ent r="3" t="12" w="59" /><ent r="3" t="12" w="65" /><ent r="3" t="18" w="34" /><ent r="3" t="18" w="458" /><ent r="4" t="21" w="376" /><ent r="3" t="23" w="1045" /><ent r="3" t="23" w="1104" /><ent r="3" t="28" w="935" /><ent r="3" t="31" w="99" /><ent r="4" t="34" w="1761" /><ent r="4" t="34" w="1767" /><ent r="3" t="36" w="1867" /><ent r="3" t="36" w="2364" /><ent r="3" t="65" w="227" /></phr></stem><stem n="&quot;false&quot;,"><phr n="&quot;false&quot;,"><ent r="3" t="8" w="206" /><ent r="3" t="26" w="433" /></phr></stem><stem n="&quot;the"><phr n="&quot;The"><ent r="3" t="8" w="206" /><ent r="3" t="32" w="187" /><ent r="3" t="32" w="220" /><ent r="3" t="32" w="252" /><ent r="3" t="32" w="287" /><ent r="3" t="32" w="318" /><ent r="3" t="32" w="343" /><ent r="3" t="32" w="379" /><ent r="3" t="32" w="410" /></phr></stem><stem n="$atemp"><phr n="$atemp"><ent r="3" t="8" w="208" /></phr></stem><stem n="atemp"><phr n="atemp"><ent r="3" t="8" w="209" /></phr></stem><stem n="atemp-tag"><phr n="atemp-tag"><ent r="3" t="8" w="209" /></phr></stem><stem n="&quot;atemp-tag&quot;,"><phr n="&quot;atemp-tag&quot;,"><ent r="3" t="8" w="211" /></phr></stem><stem n="&quot;true&quot;,"><phr n="&quot;true&quot;,"><ent r="3" t="8" w="214" /></phr></stem><stem n="&quot;autorecord"><phr n="&quot;Autorecord"><ent r="3" t="8" w="214" /></phr></stem><stem n="autorecord"><phr n="Autorecord"><ent r="3" t="8" w="214" /></phr><phr n="autorecord"><ent r="100" t="8" w="238" /><ent r="3" t="8" w="583" /></phr></stem><stem n="auto"><phr n="Auto"><ent r="92" t="8" w="219" /></phr><phr n="auto"><ent r="3" t="8" w="578" /><ent r="4" t="15" w="929" /><ent r="3" t="23" w="2517" /><ent r="4" t="24" w="176" /><ent r="3" t="60" w="371" /><ent r="3" t="60" w="378" /><ent r="4" t="60" w="428" /><ent r="6" t="69" w="1451" /><ent r="6" t="69" w="1505" /></phr></stem><stem n="auto-record"><phr n="Auto-recording"><ent r="92" t="8" w="219" /></phr><phr n="auto-recording"><ent r="3" t="8" w="578" /></phr></stem><stem n="store"><phr n="stored"><ent r="3" t="8" w="262" /><ent r="3" t="33" w="570" /><ent r="3" t="33" w="584" /><ent r="3" t="50" w="15" /><ent r="3" t="60" w="844" /><ent r="3" t="63" w="96" /><ent r="3" t="63" w="106" /><ent r="3" t="70" w="80" /></phr><phr n="store"><ent r="3" t="18" w="17" /><ent r="3" t="34" w="909" /><ent r="3" t="55" w="90" /></phr><phr n="Stores"><ent r="4" t="23" w="119" /><ent r="4" t="36" w="782" /></phr><phr n="stores"><ent r="3" t="36" w="3456" /><ent r="3" t="55" w="56" /><ent r="3" t="55" w="271" /><ent r="3" t="55" w="434" /></phr></stem><stem n="msec"><phr n="msec"><ent r="4" t="8" w="276" /><ent r="7" t="8" w="405" /><ent r="4" t="13" w="2168" /><ent r="3" t="13" w="2323" /></phr><phr n="Msecs"><ent r="100" t="38" w="607" /></phr><phr n="msecs"><ent r="3" t="38" w="617" /><ent r="3" t="38" w="627" /></phr></stem><stem n=")"><phr n=")"><ent r="4" t="8" w="277" /><ent r="7" t="8" w="549" /><ent r="5" t="9" w="289" /><ent r="5" t="9" w="696" /><ent r="4" t="11" w="518" /><ent r="3" t="13" w="505" /><ent r="5" t="13" w="818" /><ent r="5" t="13" w="828" /><ent r="5" t="13" w="839" /><ent r="5" t="13" w="848" /><ent r="5" t="13" w="858" /><ent r="5" t="13" w="868" /><ent r="5" t="13" w="900" /><ent r="3" t="13" w="1689" /><ent r="3" t="13" w="1710" /><ent r="3" t="13" w="1738" /><ent r="3" t="14" w="472" /><ent r="3" t="14" w="683" /><ent r="3" t="14" w="1323" /><ent r="4" t="15" w="137" /><ent r="6" t="16" w="549" /><ent r="9" t="16" w="694" /><ent r="9" t="16" w="701" /><ent r="4" t="16" w="1307" /><ent r="4" t="16" w="1318" /><ent r="4" t="16" w="1759" /><ent r="3" t="17" w="88" /><ent r="4" t="18" w="237" /><ent r="3" t="18" w="361" /><ent r="4" t="18" w="864" /><ent r="4" t="18" w="1393" /><ent r="4" t="18" w="1403" /><ent r="3" t="18" w="1436" /><ent r="4" t="18" w="1559" /><ent r="4" t="18" w="1565" /><ent r="4" t="18" w="1573" /><ent r="4" t="18" w="1577" /><ent r="4" t="18" w="1589" /><ent r="4" t="18" w="1591" /><ent r="4" t="18" w="1601" /><ent r="4" t="18" w="1610" /><ent r="4" t="18" w="1612" /><ent r="3" t="19" w="446" /><ent r="3" t="19" w="481" /><ent r="3" t="20" w="32" /><ent r="3" t="20" w="454" /><ent r="3" t="20" w="462" /><ent r="4" t="20" w="851" /><ent r="3" t="21" w="67" /><ent r="3" t="21" w="77" /><ent r="4" t="21" w="505" /><ent r="4" t="21" w="793" /><ent r="3" t="21" w="989" /><ent r="3" t="21" w="1083" /><ent r="3" t="22" w="188" /><ent r="3" t="22" w="199" /><ent r="92" t="23" w="321" /><ent r="4" t="23" w="403" /><ent r="4" t="23" w="426" /><ent r="4" t="23" w="447" /><ent r="4" t="23" w="458" /><ent r="4" t="23" w="470" /><ent r="4" t="23" w="482" /><ent r="4" t="23" w="494" /><ent r="4" t="23" w="508" /><ent r="4" t="23" w="522" /><ent r="4" t="23" w="532" /><ent r="4" t="23" w="545" /><ent r="4" t="23" w="556" /><ent r="4" t="23" w="582" /><ent r="4" t="23" w="593" /><ent r="4" t="23" w="600" /><ent r="4" t="23" w="618" /><ent r="4" t="23" w="626" /><ent r="4" t="23" w="637" /><ent r="126" t="23" w="689" /><ent r="4" t="23" w="694" /><ent r="126" t="23" w="710" /><ent r="4" t="23" w="716" /><ent r="4" t="23" w="801" /><ent r="4" t="23" w="829" /><ent r="4" t="23" w="857" /><ent r="4" t="23" w="863" /><ent r="3" t="23" w="966" /><ent r="3" t="23" w="993" /><ent r="3" t="23" w="1054" /><ent r="3" t="23" w="1114" /><ent r="3" t="23" w="1150" /><ent r="3" t="23" w="1155" /><ent r="4" t="23" w="1226" /><ent r="4" t="23" w="1236" /><ent r="4" t="23" w="1255" /><ent r="4" t="23" w="1277" /><ent r="4" t="23" w="1287" /><ent r="4" t="23" w="1298" /><ent r="3" t="23" w="1370" /><ent r="3" t="23" w="1376" /><ent r="3" t="23" w="1417" /><ent r="3" t="23" w="1425" /><ent r="3" t="23" w="1462" /><ent r="3" t="23" w="1469" /><ent r="3" t="23" w="1477" /><ent r="3" t="23" w="1483" /><ent r="3" t="23" w="1491" /><ent r="3" t="23" w="1539" /><ent r="3" t="23" w="1548" /><ent r="3" t="23" w="1556" /><ent r="3" t="23" w="1565" /><ent r="3" t="23" w="1588" /><ent r="3" t="23" w="1597" /><ent r="3" t="23" w="1615" /><ent r="4" t="23" w="1820" /><ent r="3" t="23" w="1873" /><ent r="3" t="23" w="1885" /><ent r="3" t="23" w="1947" /><ent r="3" t="23" w="2005" /><ent r="3" t="23" w="2025" /><ent r="3" t="23" w="2047" /><ent r="3" t="23" w="2067" /><ent r="3" t="23" w="2089" /><ent r="3" t="23" w="2111" /><ent r="3" t="23" w="2120" /><ent r="3" t="23" w="2127" /><ent r="3" t="23" w="2135" /><ent r="3" t="23" w="2145" /><ent r="3" t="23" w="2321" /><ent r="3" t="23" w="2328" /><ent r="3" t="23" w="2342" /><ent r="6" t="23" w="2534" /><ent r="6" t="23" w="2543" /><ent r="6" t="23" w="2552" /><ent r="6" t="23" w="2561" /><ent r="6" t="23" w="2570" /><ent r="6" t="23" w="2579" /><ent r="6" t="23" w="2590" /><ent r="3" t="25" w="103" /><ent r="3" t="25" w="113" /><ent r="3" t="25" w="120" /><ent r="3" t="25" w="132" /><ent r="3" t="25" w="365" /><ent r="3" t="25" w="369" /><ent r="3" t="25" w="380" /><ent r="3" t="25" w="390" /><ent r="3" t="25" w="401" /><ent r="3" t="25" w="411" /><ent r="3" t="26" w="362" /><ent r="3" t="27" w="84" /><ent r="125" t="27" w="352" /><ent r="3" t="31" w="394" /><ent r="3" t="31" w="411" /><ent r="3" t="31" w="418" /><ent r="3" t="31" w="549" /><ent r="3" t="31" w="564" /><ent r="3" t="31" w="571" /><ent r="3" t="31" w="587" /><ent r="3" t="31" w="1544" /><ent r="3" t="31" w="1552" /><ent r="3" t="31" w="1560" /><ent r="3" t="31" w="1568" /><ent r="3" t="31" w="1588" /><ent r="3" t="31" w="1653" /><ent r="3" t="32" w="257" /><ent r="3" t="33" w="632" /><ent r="3" t="33" w="661" /><ent r="3" t="33" w="663" /><ent r="3" t="33" w="714" /><ent r="3" t="34" w="56" /><ent r="3" t="34" w="261" /><ent r="4" t="34" w="373" /><ent r="3" t="34" w="933" /><ent r="3" t="34" w="978" /><ent r="3" t="34" w="1251" /><ent r="4" t="36" w="606" /><ent r="4" t="36" w="645" /><ent r="4" t="36" w="684" /><ent r="4" t="36" w="827" /><ent r="4" t="36" w="1000" /><ent r="3" t="36" w="1598" /><ent r="126" t="36" w="1805" /><ent r="3" t="36" w="2533" /><ent r="3" t="36" w="2668" /><ent r="3" t="36" w="2766" /><ent r="3" t="36" w="2841" /><ent r="3" t="36" w="3022" /><ent r="3" t="36" w="3096" /><ent r="3" t="36" w="3345" /><ent r="3" t="36" w="3879" /><ent r="3" t="36" w="3884" /><ent r="3" t="36" w="3886" /><ent r="3" t="36" w="3891" /><ent r="3" t="36" w="3903" /><ent r="3" t="36" w="3912" /><ent r="3" t="36" w="3923" /><ent r="3" t="36" w="3931" /><ent r="3" t="36" w="3942" /><ent r="3" t="36" w="3948" /><ent r="3" t="36" w="3957" /><ent r="3" t="36" w="3963" /><ent r="3" t="36" w="3971" /><ent r="3" t="36" w="3976" /><ent r="3" t="36" w="3980" /><ent r="3" t="36" w="3987" /><ent r="3" t="36" w="4003" /><ent r="3" t="36" w="4005" /><ent r="3" t="36" w="4019" /><ent r="3" t="36" w="4033" /><ent r="3" t="36" w="4046" /><ent r="3" t="36" w="4048" /><ent r="3" t="36" w="4063" /><ent r="3" t="36" w="4074" /><ent r="3" t="36" w="4087" /><ent r="3" t="36" w="4089" /><ent r="3" t="36" w="4107" /><ent r="3" t="36" w="4112" /><ent r="3" t="36" w="4114" /><ent r="3" t="36" w="4164" /><ent r="3" t="36" w="4289" /><ent r="3" t="36" w="4324" /><ent r="3" t="36" w="4394" /><ent r="3" t="36" w="4458" /><ent r="3" t="36" w="4467" /><ent r="3" t="36" w="4481" /><ent r="5" t="37" w="330" /><ent r="3" t="38" w="457" /><ent r="4" t="39" w="1075" /><ent r="125" t="39" w="1267" /><ent r="126" t="40" w="237" /><ent r="3" t="42" w="299" /><ent r="3" t="42" w="857" /><ent r="4" t="45" w="180" /><ent r="3" t="45" w="489" /><ent r="4" t="46" w="282" /><ent r="4" t="46" w="555" /><ent r="4" t="46" w="817" /><ent r="3" t="47" w="119" /><ent r="3" t="48" w="780" /><ent r="3" t="48" w="824" /><ent r="3" t="48" w="882" /><ent r="3" t="48" w="936" /><ent r="125" t="48" w="955" /><ent r="4" t="49" w="88" /><ent r="4" t="49" w="299" /><ent r="3" t="53" w="162" /><ent r="3" t="53" w="177" /><ent r="3" t="53" w="347" /><ent r="3" t="53" w="358" /><ent r="3" t="53" w="369" /><ent r="3" t="53" w="380" /><ent r="4" t="54" w="194" /><ent r="4" t="54" w="243" /><ent r="4" t="54" w="284" /><ent r="4" t="54" w="303" /><ent r="4" t="54" w="321" /><ent r="3" t="54" w="710" /><ent r="3" t="54" w="840" /><ent r="3" t="54" w="1126" /><ent r="4" t="55" w="798" /><ent r="3" t="56" w="44" /><ent r="4" t="59" w="121" /><ent r="3" t="60" w="299" /><ent r="3" t="60" w="365" /><ent r="3" t="60" w="375" /><ent r="3" t="60" w="382" /><ent r="3" t="60" w="502" /><ent r="3" t="60" w="505" /><ent r="3" t="60" w="508" /><ent r="3" t="60" w="511" /><ent r="3" t="60" w="522" /><ent r="3" t="60" w="598" /><ent r="3" t="60" w="630" /><ent r="3" t="60" w="634" /><ent r="3" t="60" w="637" /><ent r="3" t="60" w="641" /><ent r="3" t="60" w="644" /><ent r="3" t="60" w="647" /><ent r="3" t="60" w="651" /><ent r="3" t="60" w="654" /><ent r="3" t="60" w="657" /><ent r="3" t="60" w="684" /><ent r="3" t="60" w="831" /><ent r="3" t="60" w="992" /><ent r="3" t="60" w="1014" /><ent r="3" t="60" w="1024" /><ent r="3" t="60" w="1054" /><ent r="3" t="60" w="1114" /><ent r="3" t="60" w="1134" /><ent r="3" t="60" w="1144" /><ent r="3" t="60" w="1173" /><ent r="3" t="60" w="1194" /><ent r="3" t="60" w="1276" /><ent r="3" t="60" w="1283" /><ent r="3" t="60" w="1328" /><ent r="3" t="60" w="1363" /><ent r="125" t="61" w="153" /><ent r="125" t="63" w="65" /><ent r="3" t="63" w="298" /><ent r="3" t="64" w="102" /><ent r="3" t="65" w="497" /><ent r="7" t="67" w="567" /><ent r="6" t="69" w="473" /><ent r="6" t="69" w="1332" /><ent r="6" t="69" w="1933" /><ent r="6" t="69" w="2085" /></phr></stem></index>