<?xml version="1.0" encoding="utf-8"?><index><stem n="add"><phr n="add"><ent r="3" t="0" w="136" /><ent r="6" t="5" w="548" /><ent r="5" t="5" w="603" /><ent r="4" t="11" w="147" /><ent r="3" t="13" w="1555" /><ent r="3" t="14" w="1295" /><ent r="3" t="18" w="1762" /><ent r="3" t="34" w="1628" /><ent r="3" t="34" w="1665" /><ent r="3" t="34" w="1730" /><ent r="3" t="48" w="819" /><ent r="3" t="55" w="701" /></phr><phr n="Add"><ent r="6" t="5" w="1070" /><ent r="3" t="31" w="394" /><ent r="3" t="31" w="549" /><ent r="100" t="34" w="224" /><ent r="100" t="34" w="226" /><ent r="4" t="34" w="1634" /><ent r="4" t="34" w="1645" /><ent r="100" t="36" w="39" /><ent r="6" t="36" w="825" /><ent r="5" t="36" w="2531" /><ent r="4" t="46" w="297" /><ent r="4" t="49" w="148" /><ent r="4" t="55" w="745" /><ent r="4" t="55" w="749" /></phr><phr n="adds"><ent r="5" t="13" w="227" /><ent r="5" t="13" w="266" /><ent r="3" t="13" w="590" /><ent r="3" t="14" w="872" /><ent r="3" t="36" w="2534" /><ent r="4" t="36" w="2577" /><ent r="4" t="36" w="2629" /></phr><phr n="Adds"><ent r="4" t="36" w="827" /></phr></stem><stem n="power"><phr n="power"><ent r="3" t="0" w="137" /><ent r="7" t="8" w="521" /><ent r="7" t="8" w="528" /><ent r="3" t="21" w="954" /><ent r="4" t="23" w="585" /><ent r="4" t="23" w="603" /></phr><phr n="powerful"><ent r="3" t="33" w="881" /></phr></stem><stem n="flexibl"><phr n="flexibility"><ent r="3" t="0" w="139" /></phr></stem><stem n="http"><phr n="HTTP"><ent r="64" t="0" w="146" /><ent r="3" t="0" w="152" /><ent r="5" t="9" w="101" /><ent r="5" t="9" w="139" /><ent r="5" t="9" w="144" /><ent r="5" t="9" w="237" /><ent r="5" t="9" w="262" /><ent r="5" t="9" w="267" /><ent r="5" t="9" w="270" /><ent r="5" t="9" w="275" /><ent r="5" t="9" w="278" /><ent r="5" t="9" w="283" /><ent r="5" t="9" w="286" /><ent r="5" t="9" w="292" /><ent r="5" t="9" w="299" /><ent r="5" t="9" w="307" /><ent r="3" t="33" w="57" /><ent r="3" t="33" w="70" /><ent r="3" t="36" w="1555" /><ent r="3" t="36" w="1601" /><ent r="4" t="36" w="2266" /><ent r="3" t="36" w="3422" /><ent r="1000" t="56" w="2" /><ent r="102" t="56" w="7" /><ent r="3" t="56" w="14" /><ent r="3" t="56" w="40" /><ent r="3" t="56" w="61" /><ent r="4" t="56" w="113" /><ent r="3" t="56" w="159" /><ent r="3" t="56" w="207" /><ent r="3" t="57" w="23" /><ent r="3" t="57" w="211" /><ent r="82" t="57" w="309" /><ent r="3" t="57" w="318" /><ent r="3" t="57" w="350" /><ent r="3" t="57" w="411" /><ent r="3" t="57" w="465" /><ent r="3" t="58" w="21" /><ent r="3" t="58" w="288" /><ent r="1000" t="59" w="3" /><ent r="102" t="59" w="7" /><ent r="4" t="59" w="119" /><ent r="1000" t="60" w="1" /><ent r="102" t="60" w="6" /><ent r="3" t="60" w="28" /><ent r="6" t="69" w="2011" /><ent r="6" t="69" w="2017" /><ent r="6" t="69" w="2039" /><ent r="6" t="69" w="2092" /><ent r="65" t="73" w="105" /></phr><phr n="http"><ent r="64" t="1" w="750" /><ent r="6" t="5" w="644" /><ent r="7" t="11" w="398" /><ent r="7" t="11" w="404" /><ent r="7" t="11" w="410" /><ent r="4" t="11" w="481" /><ent r="3" t="14" w="66" /><ent r="3" t="19" w="300" /><ent r="64" t="25" w="470" /><ent r="3" t="26" w="23" /><ent r="3" t="26" w="82" /><ent r="3" t="31" w="33" /><ent r="3" t="31" w="343" /><ent r="3" t="31" w="360" /><ent r="3" t="42" w="870" /><ent r="64" t="44" w="231" /><ent r="64" t="45" w="78" /><ent r="3" t="45" w="234" /><ent r="64" t="46" w="27" /><ent r="64" t="46" w="225" /><ent r="64" t="46" w="402" /><ent r="64" t="46" w="706" /><ent r="3" t="47" w="180" /><ent r="3" t="48" w="571" /><ent r="3" t="48" w="578" /><ent r="3" t="48" w="689" /><ent r="3" t="48" w="789" /><ent r="64" t="48" w="981" /><ent r="64" t="48" w="993" /><ent r="64" t="48" w="1019" /><ent r="65" t="51" w="128" /><ent r="3" t="54" w="965" /><ent r="3" t="57" w="178" /><ent r="3" t="57" w="182" /><ent r="3" t="57" w="362" /><ent r="3" t="57" w="417" /><ent r="3" t="57" w="495" /><ent r="3" t="58" w="111" /><ent r="3" t="58" w="181" /><ent r="3" t="58" w="217" /><ent r="3" t="58" w="241" /><ent r="3" t="58" w="300" /><ent r="3" t="58" w="411" /><ent r="3" t="59" w="29" /><ent r="3" t="59" w="148" /><ent r="3" t="59" w="186" /><ent r="3" t="59" w="214" /><ent r="3" t="60" w="564" /><ent r="3" t="60" w="694" /><ent r="3" t="60" w="858" /><ent r="3" t="60" w="1195" /><ent r="3" t="60" w="1198" /><ent r="3" t="60" w="1204" /><ent r="3" t="60" w="1212" /><ent r="3" t="60" w="1219" /><ent r="3" t="60" w="1222" /><ent r="3" t="60" w="1230" /><ent r="3" t="60" w="1234" /><ent r="3" t="60" w="1243" /><ent r="3" t="60" w="1338" /><ent r="64" t="61" w="114" /><ent r="64" t="62" w="42" /><ent r="7" t="69" w="856" /><ent r="100" t="69" w="1668" /><ent r="7" t="69" w="1672" /><ent r="4" t="69" w="1838" /><ent r="7" t="69" w="2053" /><ent r="7" t="69" w="2121" /><ent r="3" t="70" w="147" /><ent r="3" t="70" w="205" /><ent r="3" t="70" w="281" /><ent r="4" t="70" w="430" /><ent r="3" t="70" w="442" /><ent r="3" t="70" w="455" /><ent r="3" t="70" w="469" /><ent r="5" t="72" w="69" /><ent r="5" t="72" w="88" /><ent r="64" t="74" w="29" /></phr><phr n="HTTPS"><ent r="5" t="9" w="136" /><ent r="5" t="9" w="295" /><ent r="5" t="9" w="302" /><ent r="3" t="36" w="1399" /><ent r="3" t="57" w="425" /><ent r="3" t="57" w="448" /></phr><phr n="https"><ent r="3" t="57" w="180" /><ent r="3" t="57" w="432" /><ent r="3" t="60" w="1335" /><ent r="64" t="62" w="24" /></phr></stem><stem n="api"><phr n="API"><ent r="64" t="0" w="147" /><ent r="3" t="0" w="153" /><ent r="92" t="39" w="584" /><ent r="1000" t="56" w="3" /><ent r="102" t="56" w="8" /><ent r="3" t="56" w="15" /><ent r="3" t="56" w="32" /><ent r="3" t="56" w="62" /><ent r="3" t="56" w="129" /><ent r="3" t="56" w="160" /><ent r="3" t="56" w="208" /><ent r="3" t="57" w="24" /><ent r="3" t="57" w="466" /><ent r="3" t="58" w="22" /><ent r="4" t="59" w="120" /><ent r="1000" t="60" w="2" /><ent r="102" t="60" w="7" /><ent r="3" t="60" w="29" /><ent r="65" t="73" w="106" /></phr></stem><stem n="import"><phr n="import"><ent r="3" t="0" w="160" /><ent r="3" t="4" w="730" /><ent r="3" t="14" w="1177" /><ent r="3" t="14" w="1179" /><ent r="3" t="14" w="1181" /><ent r="4" t="39" w="1038" /><ent r="3" t="42" w="108" /><ent r="3" t="42" w="579" /><ent r="3" t="42" w="581" /><ent r="3" t="45" w="439" /><ent r="3" t="45" w="470" /><ent r="3" t="48" w="707" /><ent r="3" t="48" w="709" /><ent r="3" t="48" w="711" /><ent r="3" t="48" w="713" /><ent r="3" t="48" w="715" /><ent r="3" t="48" w="717" /><ent r="3" t="48" w="719" /><ent r="3" t="48" w="724" /><ent r="4" t="49" w="104" /><ent r="4" t="49" w="250" /><ent r="3" t="56" w="188" /><ent r="3" t="57" w="314" /><ent r="3" t="57" w="347" /><ent r="3" t="57" w="458" /><ent r="3" t="57" w="474" /><ent r="3" t="58" w="47" /><ent r="3" t="58" w="283" /><ent r="3" t="58" w="332" /><ent r="3" t="58" w="392" /><ent r="3" t="58" w="409" /></phr><phr n="imported"><ent r="4" t="16" w="224" /><ent r="3" t="16" w="1772" /><ent r="3" t="16" w="1834" /><ent r="3" t="25" w="37" /><ent r="3" t="26" w="180" /><ent r="3" t="28" w="954" /><ent r="3" t="57" w="53" /><ent r="3" t="58" w="357" /><ent r="4" t="76" w="77" /></phr><phr n="important"><ent r="4" t="17" w="246" /><ent r="3" t="21" w="487" /><ent r="3" t="66" w="168" /></phr><phr n="IMPORTS"><ent r="3" t="32" w="70" /></phr><phr n="Import"><ent r="4" t="39" w="1065" /><ent r="5" t="49" w="71" /><ent r="5" t="56" w="65" /><ent r="5" t="56" w="79" /><ent r="4" t="56" w="98" /><ent r="3" t="58" w="11" /><ent r="3" t="58" w="28" /><ent r="4" t="58" w="89" /><ent r="3" t="58" w="374" /></phr><phr n="importing"><ent r="4" t="49" w="136" /><ent r="3" t="56" w="29" /><ent r="3" t="58" w="103" /><ent r="3" t="58" w="370" /></phr><phr n="Importing"><ent r="64" t="56" w="167" /><ent r="64" t="56" w="182" /><ent r="1000" t="57" w="1" /><ent r="102" t="57" w="5" /><ent r="1000" t="58" w="1" /><ent r="102" t="58" w="5" /><ent r="82" t="58" w="273" /></phr><phr n="imports"><ent r="82" t="57" w="311" /></phr></stem><stem n="export"><phr n="export"><ent r="3" t="0" w="162" /><ent r="3" t="56" w="190" /><ent r="3" t="58" w="49" /><ent r="3" t="58" w="175" /></phr><phr n="exporting"><ent r="3" t="56" w="27" /><ent r="3" t="58" w="105" /></phr><phr n="Export"><ent r="5" t="56" w="66" /><ent r="5" t="56" w="80" /><ent r="4" t="56" w="100" /><ent r="3" t="58" w="12" /><ent r="3" t="58" w="33" /><ent r="4" t="58" w="90" /></phr><phr n="Exporting"><ent r="64" t="56" w="168" /><ent r="64" t="56" w="183" /><ent r="1000" t="57" w="2" /><ent r="102" t="57" w="6" /><ent r="1000" t="58" w="2" /><ent r="102" t="58" w="6" /></phr><phr n="exported"><ent r="3" t="57" w="50" /></phr></stem><stem n="file"><phr n="files"><ent r="3" t="0" w="163" /><ent r="4" t="3" w="112" /><ent r="3" t="3" w="116" /><ent r="3" t="3" w="550" /><ent r="3" t="4" w="20" /><ent r="3" t="4" w="727" /><ent r="3" t="5" w="1207" /><ent r="3" t="5" w="1230" /><ent r="4" t="5" w="1255" /><ent r="3" t="11" w="110" /><ent r="3" t="12" w="16" /><ent r="3" t="15" w="273" /><ent r="3" t="25" w="307" /><ent r="4" t="25" w="595" /><ent r="3" t="33" w="179" /><ent r="3" t="34" w="1735" /><ent r="3" t="39" w="111" /><ent r="3" t="42" w="161" /><ent r="4" t="46" w="318" /><ent r="4" t="48" w="357" /><ent r="3" t="55" w="712" /><ent r="4" t="56" w="71" /><ent r="3" t="57" w="12" /><ent r="3" t="57" w="89" /><ent r="3" t="57" w="95" /><ent r="3" t="57" w="131" /><ent r="3" t="57" w="226" /><ent r="3" t="57" w="242" /><ent r="3" t="57" w="316" /><ent r="3" t="60" w="150" /><ent r="3" t="60" w="580" /><ent r="3" t="60" w="1100" /><ent r="3" t="64" w="55" /><ent r="3" t="64" w="79" /><ent r="66" t="64" w="154" /><ent r="66" t="64" w="170" /><ent r="4" t="64" w="185" /><ent r="4" t="64" w="220" /><ent r="4" t="64" w="256" /><ent r="3" t="64" w="268" /><ent r="3" t="64" w="272" /><ent r="3" t="64" w="325" /><ent r="4" t="64" w="343" /><ent r="3" t="65" w="522" /><ent r="3" t="65" w="545" /><ent r="3" t="65" w="646" /><ent r="4" t="66" w="25" /><ent r="3" t="66" w="54" /><ent r="6" t="67" w="385" /><ent r="7" t="67" w="414" /><ent r="7" t="67" w="435" /><ent r="7" t="67" w="499" /><ent r="7" t="67" w="519" /><ent r="7" t="67" w="525" /><ent r="7" t="67" w="545" /><ent r="3" t="68" w="71" /><ent r="3" t="68" w="93" /><ent r="3" t="69" w="122" /><ent r="3" t="69" w="125" /><ent r="3" t="69" w="129" /><ent r="6" t="69" w="1244" /><ent r="3" t="70" w="12" /><ent r="3" t="70" w="15" /><ent r="3" t="70" w="61" /><ent r="3" t="70" w="132" /><ent r="3" t="70" w="189" /><ent r="3" t="70" w="369" /><ent r="3" t="77" w="25" /><ent r="3" t="77" w="44" /><ent r="4" t="77" w="69" /></phr><phr n="file"><ent r="3" t="3" w="165" /><ent r="3" t="3" w="561" /><ent r="64" t="4" w="67" /><ent r="3" t="5" w="19" /><ent r="64" t="5" w="81" /><ent r="6" t="5" w="111" /><ent r="6" t="5" w="352" /><ent r="5" t="5" w="464" /><ent r="3" t="5" w="802" /><ent r="100" t="5" w="1266" /><ent r="100" t="5" w="1269" /><ent r="100" t="5" w="1272" /><ent r="4" t="5" w="1317" /><ent r="3" t="5" w="1342" /><ent r="3" t="5" w="1384" /><ent r="3" t="6" w="25" /><ent r="3" t="12" w="33" /><ent r="3" t="13" w="517" /><ent r="3" t="13" w="1539" /><ent r="3" t="13" w="2041" /><ent r="3" t="14" w="1242" /><ent r="4" t="15" w="141" /><ent r="4" t="15" w="183" /><ent r="3" t="16" w="1855" /><ent r="3" t="17" w="306" /><ent r="4" t="18" w="782" /><ent r="3" t="18" w="943" /><ent r="4" t="20" w="248" /><ent r="3" t="20" w="757" /><ent r="3" t="20" w="781" /><ent r="4" t="20" w="833" /><ent r="4" t="24" w="314" /><ent r="3" t="25" w="222" /><ent r="4" t="25" w="537" /><ent r="4" t="25" w="552" /><ent r="4" t="25" w="574" /><ent r="4" t="25" w="580" /><ent r="3" t="28" w="35" /><ent r="3" t="28" w="543" /><ent r="64" t="28" w="624" /><ent r="3" t="30" w="22" /><ent r="3" t="30" w="153" /><ent r="3" t="32" w="300" /><ent r="4" t="33" w="337" /><ent r="4" t="34" w="1314" /><ent r="4" t="34" w="1652" /><ent r="3" t="34" w="1742" /><ent r="3" t="35" w="21" /><ent r="3" t="39" w="322" /><ent r="3" t="39" w="550" /><ent r="4" t="39" w="691" /><ent r="3" t="42" w="51" /><ent r="3" t="42" w="147" /><ent r="3" t="42" w="300" /><ent r="4" t="45" w="189" /><ent r="4" t="46" w="274" /><ent r="4" t="48" w="282" /><ent r="4" t="48" w="295" /><ent r="4" t="48" w="312" /><ent r="4" t="48" w="365" /><ent r="3" t="48" w="466" /><ent r="3" t="48" w="972" /><ent r="4" t="49" w="61" /><ent r="4" t="49" w="94" /><ent r="4" t="49" w="100" /><ent r="4" t="49" w="264" /><ent r="4" t="49" w="279" /><ent r="3" t="53" w="126" /><ent r="100" t="54" w="8" /><ent r="4" t="54" w="255" /><ent r="4" t="54" w="761" /><ent r="3" t="55" w="34" /><ent r="3" t="55" w="74" /><ent r="3" t="55" w="119" /><ent r="3" t="55" w="130" /><ent r="3" t="55" w="139" /><ent r="3" t="55" w="532" /><ent r="3" t="56" w="179" /><ent r="3" t="57" w="105" /><ent r="82" t="57" w="310" /><ent r="3" t="57" w="329" /><ent r="3" t="57" w="373" /><ent r="3" t="57" w="379" /><ent r="3" t="57" w="477" /><ent r="3" t="57" w="494" /><ent r="3" t="57" w="501" /><ent r="3" t="58" w="31" /><ent r="3" t="58" w="36" /><ent r="4" t="58" w="131" /><ent r="4" t="58" w="140" /><ent r="4" t="58" w="148" /><ent r="3" t="58" w="237" /><ent r="3" t="58" w="318" /><ent r="3" t="58" w="351" /><ent r="3" t="58" w="360" /><ent r="3" t="58" w="410" /><ent r="3" t="58" w="415" /><ent r="3" t="60" w="555" /><ent r="3" t="60" w="661" /><ent r="3" t="60" w="667" /><ent r="3" t="60" w="838" /><ent r="3" t="60" w="897" /><ent r="3" t="60" w="1116" /><ent r="3" t="60" w="1121" /><ent r="3" t="60" w="1128" /><ent r="3" t="60" w="1130" /><ent r="3" t="60" w="1140" /><ent r="3" t="60" w="1156" /><ent r="3" t="64" w="95" /><ent r="4" t="64" w="100" /><ent r="3" t="64" w="109" /><ent r="4" t="64" w="120" /><ent r="3" t="64" w="124" /><ent r="4" t="65" w="33" /><ent r="3" t="65" w="47" /><ent r="3" t="65" w="64" /><ent r="4" t="65" w="173" /><ent r="3" t="65" w="453" /><ent r="3" t="65" w="524" /><ent r="3" t="66" w="37" /><ent r="3" t="66" w="86" /><ent r="4" t="66" w="185" /><ent r="4" t="66" w="198" /><ent r="4" t="66" w="205" /><ent r="100" t="66" w="230" /><ent r="4" t="66" w="239" /><ent r="4" t="66" w="260" /><ent r="6" t="67" w="73" /><ent r="6" t="67" w="78" /><ent r="6" t="67" w="102" /><ent r="6" t="67" w="167" /><ent r="6" t="67" w="266" /><ent r="6" t="67" w="282" /><ent r="6" t="67" w="300" /><ent r="6" t="67" w="308" /><ent r="6" t="67" w="348" /><ent r="7" t="67" w="458" /><ent r="7" t="67" w="595" /><ent r="6" t="67" w="614" /><ent r="6" t="67" w="643" /><ent r="6" t="67" w="681" /><ent r="7" t="69" w="141" /><ent r="6" t="69" w="149" /><ent r="6" t="69" w="157" /><ent r="7" t="69" w="631" /><ent r="6" t="69" w="640" /><ent r="6" t="69" w="1233" /><ent r="6" t="69" w="1880" /><ent r="3" t="70" w="172" /><ent r="3" t="70" w="239" /><ent r="3" t="70" w="324" /><ent r="3" t="70" w="341" /><ent r="3" t="70" w="347" /><ent r="100" t="70" w="356" /><ent r="3" t="70" w="360" /><ent r="3" t="70" w="388" /><ent r="3" t="70" w="394" /><ent r="3" t="71" w="30" /><ent r="3" t="71" w="43" /><ent r="3" t="71" w="51" /><ent r="100" t="71" w="74" /><ent r="100" t="71" w="78" /><ent r="3" t="71" w="85" /><ent r="3" t="71" w="94" /><ent r="4" t="76" w="105" /><ent r="100" t="77" w="80" /><ent r="100" t="77" w="83" /><ent r="100" t="77" w="86" /><ent r="4" t="77" w="131" /><ent r="3" t="77" w="159" /><ent r="3" t="77" w="198" /></phr><phr n="File"><ent r="100" t="4" w="16" /><ent r="64" t="4" w="715" /><ent r="64" t="4" w="721" /><ent r="67" t="5" w="380" /><ent r="67" t="5" w="386" /><ent r="92" t="5" w="1192" /><ent r="100" t="5" w="1198" /><ent r="92" t="5" w="1225" /><ent r="100" t="6" w="6" /><ent r="64" t="6" w="80" /><ent r="64" t="11" w="65" /><ent r="92" t="20" w="771" /><ent r="1000" t="21" w="3" /><ent r="102" t="21" w="8" /><ent r="65" t="21" w="441" /><ent r="64" t="34" w="132" /><ent r="1000" t="38" w="4" /><ent r="102" t="38" w="67" /><ent r="65" t="46" w="888" /><ent r="3" t="48" w="469" /><ent r="4" t="49" w="67" /><ent r="5" t="56" w="64" /><ent r="3" t="58" w="44" /><ent r="3" t="58" w="376" /><ent r="3" t="58" w="383" /><ent r="100" t="65" w="192" /><ent r="92" t="65" w="196" /><ent r="100" t="65" w="437" /><ent r="92" t="65" w="446" /><ent r="100" t="66" w="74" /><ent r="92" t="66" w="78" /><ent r="100" t="69" w="133" /><ent r="1000" t="77" w="4" /><ent r="102" t="77" w="10" /><ent r="100" t="77" w="16" /></phr><phr n="Files"><ent r="100" t="5" w="1202" /><ent r="5" t="45" w="127" /><ent r="100" t="49" w="32" /><ent r="64" t="56" w="169" /><ent r="1000" t="57" w="3" /><ent r="102" t="57" w="7" /><ent r="4" t="57" w="36" /><ent r="6" t="57" w="282" /><ent r="6" t="60" w="193" /><ent r="3" t="60" w="639" /><ent r="3" t="60" w="1070" /><ent r="100" t="64" w="300" /><ent r="100" t="64" w="305" /><ent r="100" t="64" w="310" /><ent r="92" t="64" w="317" /><ent r="1000" t="65" w="2" /><ent r="102" t="65" w="5" /><ent r="100" t="65" w="507" /><ent r="92" t="65" w="512" /><ent r="1000" t="66" w="2" /><ent r="100" t="66" w="5" /><ent r="102" t="66" w="8" /><ent r="100" t="70" w="289" /><ent r="92" t="70" w="295" /><ent r="1000" t="77" w="2" /><ent r="102" t="77" w="8" /><ent r="100" t="77" w="20" /></phr></stem><stem n="tabl"><phr n="tables"><ent r="3" t="0" w="165" /><ent r="6" t="5" w="959" /><ent r="6" t="5" w="1049" /><ent r="3" t="18" w="21" /><ent r="3" t="18" w="97" /><ent r="3" t="18" w="119" /><ent r="3" t="18" w="135" /><ent r="3" t="18" w="564" /><ent r="3" t="18" w="921" /><ent r="3" t="18" w="1031" /><ent r="3" t="18" w="1523" /><ent r="4" t="18" w="1877" /><ent r="4" t="18" w="1891" /><ent r="3" t="25" w="457" /><ent r="3" t="25" w="1028" /><ent r="4" t="56" w="86" /><ent r="3" t="58" w="53" /><ent r="3" t="58" w="62" /><ent r="3" t="58" w="80" /><ent r="3" t="58" w="194" /><ent r="3" t="63" w="26" /><ent r="3" t="63" w="53" /><ent r="3" t="63" w="85" /><ent r="3" t="63" w="228" /></phr><phr n="table"><ent r="6" t="5" w="1005" /><ent r="6" t="5" w="1019" /><ent r="5" t="9" w="692" /><ent r="6" t="16" w="303" /><ent r="6" t="16" w="664" /><ent r="4" t="16" w="1128" /><ent r="4" t="16" w="1280" /><ent r="5" t="16" w="1290" /><ent r="4" t="16" w="1298" /><ent r="4" t="16" w="1327" /><ent r="3" t="18" w="45" /><ent r="3" t="18" w="124" /><ent r="3" t="18" w="126" /><ent r="3" t="18" w="277" /><ent r="3" t="18" w="354" /><ent r="3" t="18" w="398" /><ent r="3" t="18" w="418" /><ent r="3" t="18" w="445" /><ent r="3" t="18" w="507" /><ent r="3" t="18" w="535" /><ent r="3" t="18" w="720" /><ent r="3" t="18" w="745" /><ent r="4" t="18" w="761" /><ent r="4" t="18" w="767" /><ent r="4" t="18" w="777" /><ent r="4" t="18" w="799" /><ent r="4" t="18" w="843" /><ent r="4" t="18" w="871" /><ent r="3" t="18" w="963" /><ent r="3" t="18" w="967" /><ent r="3" t="18" w="974" /><ent r="3" t="18" w="982" /><ent r="3" t="18" w="1000" /><ent r="3" t="18" w="1021" /><ent r="3" t="18" w="1036" /><ent r="3" t="18" w="1310" /><ent r="3" t="18" w="1414" /><ent r="3" t="18" w="1460" /><ent r="3" t="18" w="1538" /><ent r="3" t="18" w="1793" /><ent r="3" t="18" w="1806" /><ent r="3" t="18" w="1823" /><ent r="4" t="18" w="1865" /><ent r="4" t="23" w="189" /><ent r="3" t="53" w="74" /><ent r="3" t="53" w="539" /><ent r="3" t="55" w="270" /><ent r="3" t="55" w="433" /><ent r="3" t="55" w="452" /><ent r="4" t="55" w="808" /><ent r="3" t="58" w="15" /><ent r="3" t="58" w="200" /><ent r="3" t="58" w="284" /><ent r="3" t="58" w="294" /><ent r="4" t="59" w="112" /><ent r="3" t="63" w="102" /><ent r="3" t="63" w="112" /><ent r="3" t="63" w="120" /><ent r="3" t="63" w="130" /><ent r="3" t="63" w="171" /><ent r="3" t="63" w="205" /><ent r="3" t="63" w="377" /><ent r="6" t="69" w="378" /><ent r="6" t="69" w="384" /><ent r="6" t="69" w="947" /><ent r="6" t="69" w="957" /></phr><phr n="Tables"><ent r="65" t="16" w="820" /><ent r="92" t="18" w="140" /><ent r="92" t="18" w="956" /><ent r="92" t="18" w="1511" /><ent r="92" t="18" w="1730" /><ent r="64" t="56" w="184" /><ent r="1000" t="58" w="3" /><ent r="102" t="58" w="7" /></phr><phr n="Table"><ent r="92" t="16" w="1270" /><ent r="5" t="18" w="186" /><ent r="82" t="18" w="437" /><ent r="92" t="18" w="529" /><ent r="4" t="18" w="930" /><ent r="3" t="18" w="948" /><ent r="3" t="18" w="1851" /><ent r="100" t="23" w="314" /><ent r="92" t="23" w="317" /><ent r="82" t="55" w="265" /><ent r="82" t="55" w="428" /><ent r="5" t="56" w="78" /><ent r="3" t="58" w="9" /><ent r="82" t="58" w="274" /></phr><phr n="TABLE"><ent r="3" t="18" w="573" /><ent r="4" t="18" w="792" /><ent r="3" t="18" w="1045" /><ent r="3" t="18" w="1329" /><ent r="3" t="18" w="1640" /><ent r="3" t="18" w="1736" /><ent r="3" t="55" w="220" /><ent r="3" t="55" w="251" /></phr></stem><stem n="script"><phr n="scripts"><ent r="3" t="0" w="171" /><ent r="4" t="20" w="269" /><ent r="3" t="36" w="1176" /><ent r="3" t="36" w="1444" /><ent r="3" t="36" w="3834" /><ent r="3" t="39" w="574" /><ent r="3" t="42" w="177" /><ent r="92" t="42" w="340" /><ent r="3" t="42" w="421" /><ent r="3" t="45" w="27" /><ent r="4" t="48" w="290" /><ent r="4" t="56" w="125" /><ent r="3" t="56" w="140" /><ent r="3" t="56" w="217" /><ent r="3" t="57" w="219" /><ent r="3" t="60" w="14" /><ent r="3" t="60" w="18" /><ent r="3" t="60" w="48" /><ent r="3" t="60" w="58" /><ent r="3" t="61" w="85" /><ent r="3" t="61" w="88" /><ent r="3" t="61" w="96" /></phr><phr n="Scripting"><ent r="65" t="3" w="465" /><ent r="65" t="4" w="525" /><ent r="65" t="33" w="312" /><ent r="3" t="34" w="52" /><ent r="92" t="34" w="76" /><ent r="3" t="34" w="84" /><ent r="100" t="36" w="76" /><ent r="3" t="36" w="91" /><ent r="64" t="56" w="210" /><ent r="1000" t="60" w="3" /><ent r="102" t="60" w="8" /><ent r="3" t="60" w="1264" /></phr><phr n="script"><ent r="4" t="3" w="480" /><ent r="4" t="3" w="495" /><ent r="4" t="4" w="515" /><ent r="4" t="4" w="648" /><ent r="4" t="4" w="662" /><ent r="100" t="5" w="129" /><ent r="8" t="5" w="132" /><ent r="8" t="5" w="212" /><ent r="3" t="5" w="739" /><ent r="3" t="5" w="745" /><ent r="100" t="5" w="1166" /><ent r="5" t="5" w="1171" /><ent r="3" t="7" w="325" /><ent r="3" t="11" w="432" /><ent r="5" t="13" w="395" /><ent r="3" t="13" w="984" /><ent r="5" t="13" w="1170" /><ent r="3" t="13" w="1761" /><ent r="3" t="13" w="2428" /><ent r="3" t="13" w="2444" /><ent r="3" t="14" w="760" /><ent r="3" t="14" w="835" /><ent r="3" t="14" w="852" /><ent r="3" t="14" w="865" /><ent r="3" t="14" w="885" /><ent r="3" t="14" w="908" /><ent r="3" t="14" w="922" /><ent r="3" t="14" w="942" /><ent r="3" t="14" w="978" /><ent r="3" t="14" w="1032" /><ent r="3" t="20" w="731" /><ent r="3" t="33" w="14" /><ent r="3" t="33" w="28" /><ent r="4" t="33" w="356" /><ent r="3" t="33" w="442" /><ent r="3" t="33" w="457" /><ent r="3" t="33" w="616" /><ent r="3" t="33" w="1046" /><ent r="3" t="34" w="93" /><ent r="3" t="34" w="123" /><ent r="3" t="34" w="320" /><ent r="3" t="34" w="455" /><ent r="3" t="34" w="1034" /><ent r="4" t="34" w="1121" /><ent r="4" t="34" w="1124" /><ent r="3" t="34" w="1144" /><ent r="3" t="34" w="1155" /><ent r="3" t="34" w="1286" /><ent r="3" t="34" w="1469" /><ent r="3" t="34" w="1487" /><ent r="3" t="34" w="1514" /><ent r="3" t="34" w="1523" /><ent r="3" t="34" w="1547" /><ent r="3" t="34" w="1578" /><ent r="3" t="34" w="1593" /><ent r="3" t="34" w="1632" /><ent r="4" t="34" w="1642" /><ent r="3" t="35" w="40" /><ent r="3" t="36" w="100" /><ent r="4" t="36" w="403" /><ent r="92" t="36" w="488" /><ent r="3" t="36" w="501" /><ent r="4" t="36" w="529" /><ent r="4" t="36" w="541" /><ent r="4" t="36" w="710" /><ent r="3" t="36" w="1161" /><ent r="4" t="36" w="1247" /><ent r="3" t="36" w="1251" /><ent r="3" t="36" w="1355" /><ent r="3" t="36" w="1423" /><ent r="3" t="36" w="1454" /><ent r="3" t="36" w="1486" /><ent r="3" t="36" w="1631" /><ent r="3" t="36" w="1640" /><ent r="5" t="36" w="1830" /><ent r="4" t="36" w="1888" /><ent r="4" t="36" w="1903" /><ent r="3" t="36" w="2006" /><ent r="3" t="36" w="2033" /><ent r="3" t="36" w="2092" /><ent r="3" t="36" w="2136" /><ent r="3" t="36" w="2165" /><ent r="4" t="36" w="2182" /><ent r="3" t="36" w="2378" /><ent r="3" t="36" w="2477" /><ent r="3" t="36" w="2483" /><ent r="3" t="36" w="2501" /><ent r="4" t="36" w="2628" /><ent r="3" t="36" w="2911" /><ent r="3" t="36" w="2939" /><ent r="3" t="36" w="3296" /><ent r="3" t="36" w="3326" /><ent r="3" t="36" w="3347" /><ent r="3" t="36" w="3375" /><ent r="3" t="36" w="3385" /><ent r="3" t="36" w="3484" /><ent r="4" t="36" w="3518" /><ent r="3" t="36" w="3734" /><ent r="3" t="36" w="3750" /><ent r="3" t="36" w="3799" /><ent r="3" t="36" w="3818" /><ent r="3" t="36" w="4129" /><ent r="3" t="36" w="4151" /><ent r="3" t="36" w="4191" /><ent r="3" t="36" w="4240" /><ent r="3" t="36" w="4254" /><ent r="3" t="36" w="4291" /><ent r="3" t="36" w="4406" /><ent r="3" t="36" w="4422" /><ent r="3" t="36" w="4564" /><ent r="3" t="36" w="4602" /><ent r="3" t="36" w="4613" /><ent r="5" t="37" w="139" /><ent r="3" t="37" w="158" /><ent r="100" t="38" w="47" /><ent r="100" t="38" w="51" /><ent r="100" t="38" w="55" /><ent r="3" t="38" w="80" /><ent r="100" t="38" w="123" /><ent r="3" t="38" w="127" /><ent r="3" t="38" w="629" /><ent r="3" t="39" w="37" /><ent r="3" t="39" w="289" /><ent r="3" t="39" w="310" /><ent r="3" t="39" w="318" /><ent r="100" t="39" w="364" /><ent r="100" t="39" w="370" /><ent r="100" t="39" w="373" /><ent r="3" t="39" w="506" /><ent r="92" t="39" w="517" /><ent r="3" t="39" w="523" /><ent r="3" t="39" w="542" /><ent r="3" t="39" w="557" /><ent r="3" t="39" w="594" /><ent r="3" t="39" w="625" /><ent r="3" t="39" w="639" /><ent r="3" t="39" w="650" /><ent r="4" t="39" w="694" /><ent r="4" t="39" w="715" /><ent r="4" t="39" w="766" /><ent r="4" t="39" w="794" /><ent r="3" t="39" w="815" /><ent r="4" t="39" w="941" /><ent r="4" t="39" w="960" /><ent r="4" t="39" w="1012" /><ent r="4" t="39" w="1031" /><ent r="4" t="39" w="1057" /><ent r="3" t="39" w="1091" /><ent r="4" t="40" w="44" /><ent r="4" t="40" w="54" /><ent r="4" t="40" w="67" /><ent r="4" t="40" w="80" /><ent r="3" t="40" w="502" /><ent r="3" t="42" w="23" /><ent r="3" t="42" w="47" /><ent r="3" t="42" w="55" /><ent r="3" t="42" w="74" /><ent r="4" t="42" w="78" /><ent r="3" t="42" w="86" /><ent r="3" t="42" w="137" /><ent r="3" t="42" w="166" /><ent r="3" t="42" w="362" /><ent r="3" t="43" w="96" /><ent r="3" t="44" w="14" /><ent r="3" t="44" w="55" /><ent r="3" t="44" w="141" /><ent r="5" t="45" w="120" /><ent r="5" t="45" w="135" /><ent r="4" t="45" w="184" /><ent r="3" t="45" w="203" /><ent r="3" t="45" w="209" /><ent r="3" t="45" w="345" /><ent r="3" t="45" w="348" /><ent r="3" t="45" w="433" /><ent r="4" t="48" w="274" /><ent r="3" t="48" w="967" /><ent r="3" t="56" w="153" /><ent r="5" t="60" w="33" /><ent r="3" t="60" w="111" /><ent r="3" t="60" w="144" /><ent r="82" t="60" w="221" /><ent r="3" t="60" w="226" /><ent r="3" t="60" w="250" /><ent r="72" t="60" w="264" /><ent r="72" t="60" w="339" /><ent r="3" t="60" w="537" /></phr><phr n="Scripts"><ent r="4" t="4" w="516" /><ent r="92" t="33" w="608" /><ent r="92" t="33" w="693" /><ent r="92" t="33" w="844" /><ent r="3" t="33" w="848" /></phr><phr n="Script"><ent r="3" t="33" w="481" /><ent r="100" t="34" w="135" /><ent r="65" t="34" w="139" /><ent r="100" t="34" w="143" /><ent r="65" t="34" w="147" /><ent r="100" t="34" w="207" /><ent r="100" t="34" w="210" /><ent r="100" t="34" w="217" /><ent r="65" t="34" w="221" /><ent r="92" t="34" w="237" /><ent r="92" t="34" w="315" /><ent r="100" t="34" w="1082" /><ent r="82" t="34" w="1088" /><ent r="92" t="34" w="1463" /><ent r="92" t="34" w="1621" /><ent r="100" t="36" w="73" /><ent r="64" t="36" w="121" /><ent r="92" t="36" w="3876" /><ent r="82" t="36" w="4104" /><ent r="100" t="37" w="142" /><ent r="92" t="37" w="146" /><ent r="92" t="39" w="583" /></phr><phr n="scripting"><ent r="3" t="56" w="137" /><ent r="3" t="73" w="69" /></phr></stem></index>