<?xml version="1.0" encoding="utf-8"?><index><stem n="acknowledg"><phr n="acknowledgements"><ent r="3" t="0" w="174" /><ent r="3" t="20" w="799" /></phr><phr n="Acknowledgements"><ent r="100" t="1" w="5" /><ent r="92" t="20" w="384" /><ent r="5" t="56" w="103" /><ent r="4" t="56" w="107" /></phr><phr n="Acknowledgement"><ent r="92" t="1" w="656" /><ent r="3" t="59" w="14" /></phr><phr n="acknowledge"><ent r="3" t="1" w="659" /><ent r="4" t="20" w="578" /><ent r="4" t="20" w="599" /><ent r="3" t="36" w="1327" /><ent r="4" t="56" w="118" /><ent r="3" t="56" w="200" /><ent r="3" t="59" w="35" /><ent r="4" t="59" w="61" /><ent r="4" t="59" w="105" /><ent r="3" t="59" w="140" /><ent r="3" t="59" w="154" /><ent r="3" t="59" w="220" /></phr><phr n="acknowledged"><ent r="3" t="2" w="30" /><ent r="3" t="20" w="435" /><ent r="3" t="20" w="478" /><ent r="3" t="20" w="510" /><ent r="3" t="20" w="519" /></phr><phr n="Acknowledging"><ent r="3" t="20" w="386" /><ent r="3" t="20" w="495" /><ent r="64" t="56" w="195" /><ent r="1000" t="59" w="1" /><ent r="102" t="59" w="5" /></phr><phr n="acknowledgement"><ent r="3" t="20" w="407" /></phr><phr n="acknowledging"><ent r="3" t="20" w="482" /><ent r="4" t="20" w="547" /><ent r="4" t="20" w="610" /><ent r="4" t="20" w="644" /></phr><phr n="Acknowledge"><ent r="3" t="20" w="527" /><ent r="3" t="20" w="540" /><ent r="4" t="20" w="551" /><ent r="4" t="20" w="627" /></phr><phr n="acknowledges"><ent r="4" t="20" w="614" /></phr></stem><stem n="web"><phr n="Web"><ent r="64" t="0" w="177" /><ent r="3" t="0" w="198" /><ent r="3" t="1" w="748" /><ent r="5" t="9" w="466" /><ent r="3" t="42" w="697" /><ent r="3" t="42" w="722" /><ent r="3" t="42" w="734" /><ent r="3" t="42" w="743" /><ent r="4" t="57" w="42" /><ent r="6" t="57" w="302" /><ent r="6" t="60" w="213" /><ent r="3" t="60" w="648" /><ent r="3" t="60" w="1082" /><ent r="1000" t="64" w="2" /><ent r="100" t="64" w="5" /><ent r="100" t="64" w="8" /><ent r="100" t="64" w="15" /><ent r="102" t="64" w="19" /><ent r="100" t="64" w="22" /><ent r="3" t="64" w="82" /><ent r="66" t="64" w="229" /><ent r="100" t="64" w="298" /><ent r="100" t="64" w="303" /><ent r="100" t="64" w="308" /><ent r="92" t="64" w="315" /><ent r="4" t="64" w="341" /><ent r="6" t="64" w="373" /><ent r="4" t="64" w="377" /><ent r="4" t="64" w="388" /><ent r="4" t="69" w="1599" /><ent r="3" t="70" w="10" /><ent r="100" t="70" w="21" /><ent r="100" t="70" w="24" /><ent r="4" t="70" w="27" /><ent r="100" t="70" w="42" /><ent r="4" t="70" w="70" /><ent r="4" t="70" w="84" /><ent r="100" t="70" w="287" /><ent r="92" t="70" w="293" /><ent r="100" t="70" w="300" /><ent r="3" t="70" w="304" /><ent r="100" t="71" w="12" /><ent r="100" t="71" w="62" /><ent r="100" t="71" w="65" /><ent r="4" t="71" w="68" /></phr><phr n="web"><ent r="3" t="0" w="190" /><ent r="3" t="3" w="57" /><ent r="6" t="5" w="631" /><ent r="3" t="23" w="3056" /><ent r="3" t="33" w="77" /><ent r="4" t="36" w="2269" /><ent r="3" t="42" w="718" /><ent r="3" t="42" w="755" /><ent r="3" t="42" w="777" /><ent r="3" t="42" w="835" /><ent r="3" t="42" w="838" /><ent r="3" t="42" w="840" /><ent r="3" t="42" w="843" /><ent r="3" t="42" w="862" /><ent r="3" t="42" w="879" /><ent r="3" t="42" w="888" /><ent r="3" t="42" w="904" /><ent r="3" t="42" w="941" /><ent r="3" t="44" w="227" /><ent r="3" t="46" w="702" /><ent r="4" t="48" w="385" /><ent r="4" t="48" w="424" /><ent r="4" t="59" w="84" /><ent r="3" t="60" w="296" /><ent r="3" t="60" w="618" /><ent r="3" t="64" w="32" /><ent r="3" t="64" w="40" /><ent r="3" t="64" w="66" /><ent r="3" t="64" w="73" /><ent r="3" t="64" w="87" /><ent r="3" t="64" w="131" /><ent r="3" t="64" w="145" /><ent r="3" t="64" w="150" /><ent r="4" t="64" w="178" /><ent r="4" t="64" w="192" /><ent r="4" t="64" w="239" /><ent r="4" t="64" w="392" /><ent r="3" t="65" w="16" /><ent r="4" t="65" w="129" /><ent r="4" t="65" w="151" /><ent r="3" t="65" w="215" /><ent r="4" t="65" w="307" /><ent r="3" t="65" w="385" /><ent r="3" t="65" w="483" /><ent r="3" t="66" w="14" /><ent r="3" t="66" w="49" /><ent r="3" t="67" w="18" /><ent r="6" t="67" w="209" /><ent r="7" t="67" w="412" /><ent r="7" t="67" w="433" /><ent r="7" t="67" w="498" /><ent r="6" t="67" w="718" /><ent r="6" t="67" w="727" /><ent r="6" t="67" w="734" /><ent r="6" t="67" w="745" /><ent r="6" t="67" w="788" /><ent r="65" t="69" w="79" /><ent r="6" t="69" w="154" /><ent r="93" t="69" w="173" /><ent r="6" t="69" w="531" /><ent r="6" t="69" w="582" /><ent r="6" t="69" w="643" /><ent r="6" t="69" w="707" /><ent r="6" t="69" w="819" /><ent r="6" t="69" w="1264" /><ent r="4" t="69" w="1564" /><ent r="3" t="69" w="1620" /><ent r="3" t="69" w="1627" /><ent r="6" t="69" w="1662" /><ent r="6" t="69" w="1693" /><ent r="5" t="69" w="1739" /><ent r="6" t="69" w="1861" /><ent r="6" t="69" w="2321" /><ent r="6" t="69" w="2331" /><ent r="3" t="70" w="55" /><ent r="3" t="70" w="136" /><ent r="3" t="70" w="178" /><ent r="3" t="70" w="186" /><ent r="3" t="70" w="227" /><ent r="3" t="70" w="316" /><ent r="3" t="72" w="21" /></phr></stem><stem n="page"><phr n="Pages"><ent r="64" t="0" w="178" /><ent r="4" t="57" w="43" /><ent r="6" t="57" w="303" /><ent r="6" t="60" w="214" /><ent r="3" t="60" w="649" /><ent r="3" t="60" w="1083" /><ent r="1000" t="64" w="3" /><ent r="100" t="64" w="6" /><ent r="100" t="64" w="9" /><ent r="100" t="64" w="16" /><ent r="102" t="64" w="20" /><ent r="3" t="64" w="83" /><ent r="66" t="64" w="230" /><ent r="4" t="69" w="1600" /><ent r="100" t="70" w="22" /><ent r="100" t="70" w="25" /><ent r="4" t="70" w="28" /><ent r="100" t="70" w="43" /><ent r="4" t="70" w="71" /><ent r="4" t="70" w="85" /><ent r="100" t="71" w="13" /><ent r="100" t="71" w="63" /><ent r="100" t="71" w="66" /><ent r="4" t="71" w="69" /></phr><phr n="pages"><ent r="3" t="0" w="191" /><ent r="4" t="36" w="2270" /><ent r="3" t="64" w="41" /><ent r="3" t="64" w="51" /><ent r="3" t="64" w="62" /><ent r="3" t="64" w="76" /><ent r="3" t="64" w="146" /><ent r="4" t="64" w="163" /><ent r="4" t="64" w="179" /><ent r="4" t="64" w="193" /><ent r="4" t="64" w="206" /><ent r="4" t="64" w="240" /><ent r="4" t="64" w="393" /><ent r="3" t="66" w="15" /><ent r="3" t="66" w="34" /><ent r="3" t="67" w="52" /><ent r="6" t="67" w="163" /><ent r="6" t="67" w="332" /><ent r="6" t="67" w="631" /><ent r="6" t="67" w="719" /><ent r="6" t="67" w="735" /><ent r="6" t="67" w="746" /><ent r="3" t="68" w="187" /><ent r="4" t="69" w="1565" /><ent r="3" t="70" w="103" /><ent r="3" t="70" w="119" /><ent r="3" t="70" w="127" /></phr><phr n="page"><ent r="4" t="8" w="105" /><ent r="3" t="8" w="332" /><ent r="4" t="8" w="665" /><ent r="4" t="11" w="493" /><ent r="4" t="11" w="532" /><ent r="4" t="18" w="831" /><ent r="3" t="18" w="950" /><ent r="3" t="18" w="1814" /><ent r="4" t="21" w="444" /><ent r="4" t="21" w="837" /><ent r="3" t="32" w="36" /><ent r="64" t="39" w="492" /><ent r="3" t="51" w="95" /><ent r="3" t="64" w="33" /><ent r="3" t="65" w="17" /><ent r="3" t="65" w="44" /><ent r="3" t="65" w="59" /><ent r="4" t="65" w="81" /><ent r="4" t="65" w="102" /><ent r="4" t="65" w="130" /><ent r="4" t="65" w="152" /><ent r="3" t="65" w="204" /><ent r="3" t="65" w="216" /><ent r="3" t="65" w="218" /><ent r="3" t="65" w="226" /><ent r="3" t="65" w="239" /><ent r="4" t="65" w="285" /><ent r="4" t="65" w="308" /><ent r="4" t="65" w="328" /><ent r="4" t="65" w="342" /><ent r="4" t="65" w="358" /><ent r="3" t="65" w="369" /><ent r="3" t="65" w="386" /><ent r="3" t="65" w="401" /><ent r="3" t="65" w="415" /><ent r="4" t="65" w="556" /><ent r="3" t="66" w="50" /><ent r="3" t="66" w="69" /><ent r="3" t="67" w="25" /><ent r="6" t="67" w="110" /><ent r="6" t="67" w="135" /><ent r="6" t="67" w="148" /><ent r="6" t="67" w="210" /><ent r="6" t="67" w="236" /><ent r="6" t="67" w="692" /><ent r="6" t="67" w="702" /><ent r="6" t="67" w="771" /><ent r="6" t="67" w="789" /><ent r="3" t="68" w="19" /><ent r="3" t="68" w="23" /><ent r="3" t="68" w="42" /><ent r="3" t="68" w="137" /><ent r="3" t="68" w="169" /><ent r="3" t="69" w="57" /><ent r="65" t="69" w="80" /><ent r="65" t="69" w="96" /><ent r="65" t="69" w="104" /><ent r="6" t="69" w="155" /><ent r="93" t="69" w="174" /><ent r="3" t="69" w="195" /><ent r="3" t="69" w="203" /><ent r="3" t="69" w="225" /><ent r="6" t="69" w="532" /><ent r="6" t="69" w="583" /><ent r="6" t="69" w="592" /><ent r="6" t="69" w="644" /><ent r="6" t="69" w="661" /><ent r="6" t="69" w="922" /><ent r="6" t="69" w="933" /><ent r="93" t="69" w="1155" /><ent r="6" t="69" w="1181" /><ent r="93" t="69" w="1615" /><ent r="3" t="69" w="1628" /><ent r="3" t="69" w="1638" /><ent r="6" t="69" w="1681" /><ent r="6" t="69" w="1862" /><ent r="6" t="69" w="1903" /><ent r="6" t="69" w="1926" /><ent r="6" t="69" w="1946" /><ent r="6" t="69" w="1965" /><ent r="6" t="69" w="2223" /><ent r="6" t="69" w="2250" /><ent r="6" t="69" w="2332" /><ent r="3" t="70" w="317" /><ent r="3" t="70" w="406" /><ent r="3" t="70" w="418" /></phr><phr n="paging"><ent r="4" t="20" w="263" /><ent r="3" t="20" w="727" /></phr><phr n="Page"><ent r="100" t="64" w="299" /><ent r="100" t="64" w="304" /><ent r="100" t="64" w="309" /><ent r="92" t="64" w="316" /><ent r="4" t="64" w="342" /><ent r="100" t="67" w="117" /><ent r="7" t="67" w="124" /><ent r="7" t="67" w="221" /><ent r="4" t="68" w="35" /><ent r="3" t="68" w="59" /><ent r="100" t="68" w="65" /><ent r="100" t="70" w="288" /><ent r="92" t="70" w="294" /><ent r="100" t="70" w="301" /><ent r="3" t="70" w="305" /></phr></stem><stem n="chang"><phr n="change"><ent r="3" t="0" w="183" /><ent r="3" t="10" w="195" /><ent r="3" t="14" w="433" /><ent r="3" t="19" w="96" /><ent r="3" t="20" w="794" /><ent r="3" t="26" w="323" /><ent r="4" t="49" w="275" /><ent r="4" t="60" w="247" /><ent r="3" t="67" w="49" /><ent r="7" t="67" w="439" /></phr><phr n="changes"><ent r="4" t="4" w="385" /><ent r="6" t="5" w="1108" /><ent r="3" t="20" w="232" /><ent r="3" t="20" w="808" /><ent r="3" t="36" w="1179" /><ent r="3" t="46" w="746" /><ent r="3" t="49" w="231" /><ent r="3" t="49" w="245" /><ent r="4" t="49" w="302" /><ent r="3" t="64" w="320" /></phr><phr n="Changed"><ent r="3" t="14" w="117" /><ent r="3" t="26" w="51" /><ent r="3" t="31" w="63" /><ent r="3" t="31" w="93" /><ent r="3" t="31" w="105" /><ent r="100" t="64" w="297" /><ent r="100" t="64" w="302" /><ent r="100" t="64" w="307" /><ent r="92" t="64" w="314" /></phr><phr n="changed"><ent r="3" t="17" w="92" /><ent r="4" t="21" w="851" /><ent r="4" t="46" w="834" /><ent r="4" t="64" w="391" /></phr><phr n="Changes"><ent r="82" t="46" w="723" /></phr><phr n="changing"><ent r="7" t="67" w="460" /></phr></stem><stem n="look"><phr n="look"><ent r="3" t="0" w="185" /><ent r="3" t="0" w="206" /><ent r="3" t="13" w="2533" /><ent r="3" t="20" w="535" /><ent r="4" t="40" w="107" /><ent r="3" t="41" w="89" /><ent r="3" t="45" w="205" /><ent r="3" t="48" w="887" /><ent r="3" t="53" w="319" /><ent r="3" t="53" w="476" /><ent r="3" t="57" w="401" /><ent r="3" t="60" w="71" /><ent r="3" t="66" w="20" /><ent r="4" t="76" w="158" /></phr><phr n="looks"><ent r="3" t="14" w="398" /><ent r="3" t="16" w="1916" /><ent r="3" t="16" w="2005" /><ent r="3" t="18" w="292" /><ent r="3" t="36" w="4407" /><ent r="3" t="42" w="404" /><ent r="3" t="47" w="149" /><ent r="3" t="48" w="892" /><ent r="4" t="76" w="253" /></phr><phr n="Looking"><ent r="3" t="22" w="238" /></phr><phr n="looked"><ent r="3" t="36" w="2544" /></phr><phr n="Look"><ent r="3" t="53" w="403" /><ent r="4" t="59" w="81" /></phr></stem><stem n="function"><phr n="function"><ent r="3" t="0" w="187" /><ent r="3" t="4" w="143" /><ent r="4" t="13" w="1626" /><ent r="3" t="23" w="920" /><ent r="3" t="23" w="1033" /><ent r="3" t="23" w="1092" /><ent r="3" t="23" w="1832" /><ent r="3" t="23" w="1839" /><ent r="3" t="23" w="1910" /><ent r="3" t="23" w="1919" /><ent r="4" t="23" w="2304" /><ent r="4" t="23" w="2491" /><ent r="3" t="23" w="2697" /><ent r="3" t="36" w="1739" /><ent r="3" t="36" w="4286" /><ent r="3" t="53" w="167" /><ent r="3" t="63" w="178" /><ent r="92" t="63" w="186" /><ent r="3" t="63" w="190" /><ent r="3" t="63" w="247" /><ent r="3" t="63" w="323" /><ent r="3" t="63" w="373" /></phr><phr n="functions"><ent r="3" t="13" w="1826" /><ent r="3" t="13" w="1851" /><ent r="4" t="16" w="780" /><ent r="100" t="23" w="179" /><ent r="4" t="23" w="184" /><ent r="4" t="23" w="208" /><ent r="4" t="23" w="217" /><ent r="3" t="36" w="1679" /><ent r="3" t="36" w="1702" /><ent r="3" t="58" w="17" /><ent r="3" t="73" w="41" /></phr><phr n="Functions"><ent r="100" t="23" w="174" /><ent r="100" t="23" w="200" /><ent r="100" t="23" w="392" /><ent r="92" t="23" w="397" /><ent r="100" t="23" w="652" /><ent r="92" t="23" w="657" /></phr><phr n="FUNCTION"><ent r="100" t="23" w="176" /><ent r="3" t="23" w="886" /><ent r="3" t="23" w="944" /><ent r="3" t="23" w="952" /><ent r="3" t="23" w="998" /><ent r="3" t="23" w="1057" /><ent r="3" t="23" w="1117" /><ent r="3" t="23" w="1160" /><ent r="3" t="23" w="1611" /><ent r="3" t="23" w="1881" /><ent r="3" t="23" w="1942" /><ent r="3" t="23" w="2151" /><ent r="100" t="23" w="2163" /><ent r="3" t="23" w="2166" /><ent r="3" t="23" w="2347" /></phr><phr n="Function"><ent r="100" t="23" w="878" /><ent r="92" t="23" w="881" /><ent r="3" t="60" w="1176" /><ent r="3" t="60" w="1187" /><ent r="3" t="60" w="1188" /><ent r="3" t="60" w="1248" /><ent r="3" t="60" w="1321" /><ent r="3" t="60" w="1358" /><ent r="3" t="60" w="1359" /><ent r="3" t="60" w="1383" /></phr><phr n="functioning"><ent r="3" t="28" w="1058" /></phr></stem><stem n="avail"><phr n="available"><ent r="3" t="0" w="192" /><ent r="3" t="1" w="196" /><ent r="4" t="4" w="551" /><ent r="3" t="7" w="171" /><ent r="3" t="7" w="399" /><ent r="3" t="8" w="17" /><ent r="3" t="8" w="586" /><ent r="3" t="13" w="23" /><ent r="3" t="13" w="34" /><ent r="3" t="13" w="88" /><ent r="3" t="13" w="115" /><ent r="5" t="13" w="241" /><ent r="3" t="13" w="286" /><ent r="3" t="13" w="498" /><ent r="3" t="13" w="977" /><ent r="3" t="13" w="1351" /><ent r="3" t="13" w="1764" /><ent r="6" t="16" w="595" /><ent r="4" t="16" w="785" /><ent r="3" t="16" w="1857" /><ent r="3" t="18" w="925" /><ent r="3" t="18" w="945" /><ent r="3" t="23" w="3053" /><ent r="3" t="25" w="31" /><ent r="3" t="28" w="627" /><ent r="3" t="28" w="777" /><ent r="3" t="36" w="1806" /><ent r="4" t="39" w="1078" /><ent r="3" t="45" w="75" /><ent r="3" t="46" w="57" /><ent r="4" t="49" w="123" /><ent r="3" t="51" w="125" /><ent r="3" t="52" w="122" /><ent r="3" t="54" w="51" /><ent r="3" t="54" w="702" /><ent r="4" t="56" w="94" /><ent r="3" t="57" w="71" /><ent r="3" t="57" w="386" /><ent r="3" t="58" w="41" /><ent r="3" t="58" w="378" /><ent r="3" t="60" w="16" /><ent r="4" t="60" w="433" /><ent r="3" t="61" w="78" /><ent r="3" t="61" w="110" /><ent r="3" t="62" w="20" /><ent r="3" t="62" w="38" /><ent r="4" t="64" w="242" /><ent r="6" t="69" w="476" /><ent r="6" t="69" w="618" /><ent r="4" t="76" w="107" /></phr><phr n="Available"><ent r="3" t="8" w="779" /><ent r="5" t="9" w="545" /><ent r="5" t="9" w="579" /><ent r="5" t="9" w="611" /></phr><phr n="availability"><ent r="3" t="23" w="54" /></phr></stem><stem n="-in"><phr n="-in"><ent r="3" t="0" w="196" /><ent r="3" t="0" w="196" /><ent r="3" t="3" w="40" /><ent r="3" t="3" w="40" /><ent r="3" t="3" w="68" /><ent r="3" t="3" w="68" /><ent r="3" t="3" w="151" /><ent r="3" t="3" w="151" /><ent r="3" t="3" w="329" /><ent r="3" t="3" w="329" /><ent r="4" t="5" w="1294" /><ent r="4" t="5" w="1294" /><ent r="3" t="5" w="1333" /><ent r="3" t="5" w="1333" /><ent r="3" t="8" w="318" /><ent r="3" t="8" w="318" /><ent r="3" t="8" w="338" /><ent r="3" t="8" w="338" /><ent r="3" t="9" w="15" /><ent r="3" t="9" w="15" /><ent r="1000" t="13" w="1" /><ent r="1000" t="13" w="1" /><ent r="102" t="13" w="8" /><ent r="102" t="13" w="8" /><ent r="3" t="13" w="20" /><ent r="3" t="13" w="20" /><ent r="3" t="13" w="1849" /><ent r="3" t="13" w="1849" /><ent r="3" t="14" w="699" /><ent r="3" t="14" w="699" /><ent r="3" t="14" w="981" /><ent r="3" t="14" w="981" /><ent r="3" t="14" w="1165" /><ent r="3" t="14" w="1165" /><ent r="3" t="15" w="64" /><ent r="3" t="15" w="64" /><ent r="4" t="15" w="148" /><ent r="4" t="15" w="148" /><ent r="65" t="16" w="170" /><ent r="65" t="16" w="170" /><ent r="92" t="16" w="1556" /><ent r="92" t="16" w="1556" /><ent r="3" t="16" w="1565" /><ent r="3" t="16" w="1565" /><ent r="64" t="16" w="1572" /><ent r="64" t="16" w="1572" /><ent r="3" t="16" w="1626" /><ent r="3" t="16" w="1626" /><ent r="4" t="23" w="206" /><ent r="4" t="23" w="206" /><ent r="100" t="23" w="389" /><ent r="100" t="23" w="389" /><ent r="92" t="23" w="394" /><ent r="92" t="23" w="394" /><ent r="100" t="23" w="649" /><ent r="100" t="23" w="649" /><ent r="92" t="23" w="654" /><ent r="92" t="23" w="654" /><ent r="3" t="33" w="835" /><ent r="3" t="33" w="835" /><ent r="65" t="34" w="1351" /><ent r="65" t="34" w="1351" /><ent r="100" t="34" w="1378" /><ent r="100" t="34" w="1378" /><ent r="82" t="34" w="1382" /><ent r="82" t="34" w="1382" /><ent r="3" t="34" w="1401" /><ent r="3" t="34" w="1401" /><ent r="3" t="36" w="1700" /><ent r="3" t="36" w="1700" /><ent r="3" t="36" w="1776" /><ent r="3" t="36" w="1776" /><ent r="100" t="44" w="79" /><ent r="100" t="44" w="79" /><ent r="65" t="46" w="907" /><ent r="65" t="46" w="907" /><ent r="3" t="47" w="13" /><ent r="3" t="47" w="13" /><ent r="4" t="48" w="188" /><ent r="4" t="48" w="188" /><ent r="1000" t="50" w="2" /><ent r="1000" t="50" w="2" /><ent r="102" t="50" w="7" /><ent r="102" t="50" w="7" /><ent r="3" t="50" w="11" /><ent r="3" t="50" w="11" /><ent r="3" t="50" w="38" /><ent r="3" t="50" w="38" /><ent r="3" t="50" w="71" /><ent r="3" t="50" w="71" /><ent r="3" t="50" w="115" /><ent r="3" t="50" w="115" /><ent r="3" t="51" w="27" /><ent r="3" t="51" w="27" /><ent r="3" t="55" w="518" /><ent r="3" t="55" w="518" /><ent r="3" t="63" w="330" /><ent r="3" t="63" w="330" /><ent r="3" t="63" w="382" /><ent r="3" t="63" w="382" /><ent r="3" t="64" w="71" /><ent r="3" t="64" w="71" /><ent r="100" t="65" w="504" /><ent r="100" t="65" w="504" /><ent r="92" t="65" w="509" /><ent r="92" t="65" w="509" /><ent r="3" t="65" w="519" /><ent r="3" t="65" w="519" /><ent r="3" t="65" w="543" /><ent r="3" t="65" w="543" /><ent r="7" t="67" w="450" /><ent r="7" t="67" w="450" /><ent r="7" t="67" w="484" /><ent r="7" t="67" w="484" /><ent r="7" t="67" w="509" /><ent r="7" t="67" w="509" /><ent r="4" t="77" w="108" /><ent r="4" t="77" w="108" /><ent r="3" t="77" w="150" /><ent r="3" t="77" w="150" /></phr></stem><stem n="built-in"><phr n="built-in"><ent r="3" t="0" w="196" /><ent r="3" t="3" w="40" /><ent r="3" t="3" w="68" /><ent r="3" t="3" w="151" /><ent r="3" t="3" w="329" /><ent r="4" t="5" w="1294" /><ent r="3" t="5" w="1333" /><ent r="3" t="8" w="318" /><ent r="3" t="8" w="338" /><ent r="3" t="9" w="15" /><ent r="5" t="9" w="680" /><ent r="3" t="13" w="20" /><ent r="3" t="13" w="1849" /><ent r="3" t="14" w="699" /><ent r="3" t="15" w="64" /><ent r="4" t="15" w="148" /><ent r="3" t="16" w="1565" /><ent r="4" t="23" w="206" /><ent r="3" t="34" w="1401" /><ent r="3" t="36" w="1700" /><ent r="3" t="36" w="1776" /><ent r="4" t="48" w="188" /><ent r="3" t="50" w="38" /><ent r="3" t="50" w="71" /><ent r="3" t="50" w="115" /><ent r="3" t="51" w="27" /><ent r="3" t="55" w="518" /><ent r="3" t="63" w="330" /><ent r="3" t="63" w="382" /><ent r="3" t="64" w="71" /><ent r="3" t="65" w="519" /><ent r="3" t="65" w="543" /><ent r="7" t="67" w="450" /><ent r="7" t="67" w="484" /><ent r="7" t="67" w="509" /><ent r="4" t="77" w="108" /><ent r="3" t="77" w="150" /></phr><phr n="Built-in"><ent r="1000" t="13" w="1" /><ent r="102" t="13" w="8" /><ent r="65" t="16" w="170" /><ent r="92" t="16" w="1556" /><ent r="64" t="16" w="1572" /><ent r="3" t="16" w="1626" /><ent r="100" t="23" w="389" /><ent r="92" t="23" w="394" /><ent r="100" t="23" w="649" /><ent r="92" t="23" w="654" /><ent r="3" t="33" w="835" /><ent r="65" t="34" w="1351" /><ent r="100" t="34" w="1378" /><ent r="82" t="34" w="1382" /><ent r="65" t="46" w="907" /><ent r="1000" t="50" w="2" /><ent r="102" t="50" w="7" /><ent r="3" t="50" w="11" /><ent r="100" t="65" w="504" /><ent r="92" t="65" w="509" /></phr></stem><stem n="retriev"><phr n="Retrieving"><ent r="64" t="0" w="201" /><ent r="1000" t="61" w="1" /><ent r="102" t="61" w="9" /></phr><phr n="retrieved"><ent r="3" t="10" w="233" /><ent r="3" t="14" w="456" /><ent r="3" t="14" w="485" /><ent r="3" t="15" w="578" /><ent r="3" t="16" w="75" /><ent r="3" t="16" w="123" /><ent r="3" t="18" w="427" /><ent r="3" t="19" w="134" /><ent r="3" t="23" w="42" /><ent r="3" t="23" w="2771" /><ent r="3" t="26" w="347" /><ent r="3" t="26" w="374" /><ent r="4" t="33" w="341" /><ent r="3" t="35" w="25" /></phr><phr n="retrieve"><ent r="3" t="15" w="534" /><ent r="4" t="16" w="1210" /><ent r="4" t="16" w="1719" /><ent r="3" t="18" w="24" /><ent r="3" t="18" w="433" /><ent r="3" t="18" w="1409" /><ent r="3" t="25" w="750" /><ent r="3" t="26" w="176" /><ent r="3" t="27" w="356" /><ent r="3" t="28" w="168" /><ent r="3" t="48" w="130" /><ent r="3" t="48" w="145" /><ent r="4" t="48" w="400" /><ent r="3" t="53" w="214" /><ent r="3" t="53" w="569" /><ent r="3" t="57" w="111" /><ent r="3" t="57" w="124" /><ent r="3" t="61" w="143" /><ent r="3" t="63" w="17" /><ent r="3" t="63" w="164" /><ent r="3" t="63" w="264" /></phr><phr n="retrieves"><ent r="3" t="16" w="25" /><ent r="4" t="16" w="839" /><ent r="3" t="18" w="47" /><ent r="3" t="18" w="1462" /><ent r="3" t="26" w="148" /><ent r="3" t="48" w="28" /><ent r="3" t="48" w="553" /><ent r="3" t="59" w="167" /><ent r="3" t="61" w="25" /><ent r="6" t="69" w="2396" /></phr><phr n="retrieving"><ent r="4" t="16" w="980" /><ent r="3" t="18" w="1301" /><ent r="3" t="23" w="2729" /><ent r="3" t="56" w="17" /><ent r="3" t="63" w="45" /></phr><phr n="Retrieve"><ent r="4" t="23" w="2841" /><ent r="3" t="48" w="479" /><ent r="3" t="48" w="545" /></phr></stem><stem n="collect"><phr n="Collected"><ent r="64" t="0" w="202" /><ent r="1000" t="61" w="2" /><ent r="102" t="61" w="10" /></phr><phr n="collect"><ent r="4" t="4" w="277" /><ent r="4" t="4" w="444" /><ent r="4" t="15" w="408" /><ent r="3" t="18" w="1272" /><ent r="3" t="18" w="1291" /></phr><phr n="collected"><ent r="3" t="8" w="226" /><ent r="4" t="8" w="714" /></phr></stem><stem n="databas"><phr n="Database"><ent r="3" t="0" w="210" /><ent r="3" t="8" w="243" /><ent r="4" t="55" w="791" /><ent r="4" t="55" w="794" /><ent r="1000" t="62" w="2" /><ent r="102" t="62" w="6" /><ent r="3" t="62" w="18" /><ent r="64" t="62" w="27" /><ent r="3" t="63" w="21" /><ent r="64" t="63" w="60" /></phr><phr n="database"><ent r="3" t="3" w="60" /><ent r="3" t="52" w="92" /><ent r="4" t="54" w="794" /><ent r="3" t="55" w="62" /><ent r="3" t="55" w="73" /><ent r="3" t="55" w="86" /><ent r="3" t="55" w="118" /><ent r="3" t="55" w="129" /><ent r="3" t="55" w="217" /><ent r="3" t="55" w="531" /><ent r="3" t="55" w="711" /><ent r="4" t="55" w="803" /><ent r="3" t="61" w="23" /><ent r="3" t="61" w="54" /><ent r="3" t="61" w="63" /></phr></stem><stem n="link"><phr n="links"><ent r="3" t="0" w="212" /><ent r="4" t="4" w="335" /><ent r="6" t="5" w="853" /><ent r="4" t="6" w="103" /><ent r="4" t="6" w="106" /><ent r="4" t="15" w="466" /><ent r="66" t="64" w="196" /><ent r="4" t="64" w="203" /><ent r="3" t="65" w="479" /><ent r="3" t="65" w="673" /><ent r="3" t="66" w="60" /><ent r="6" t="67" w="160" /><ent r="3" t="68" w="184" /><ent r="65" t="69" w="112" /><ent r="6" t="69" w="256" /><ent r="6" t="69" w="275" /><ent r="6" t="69" w="356" /><ent r="6" t="69" w="1420" /><ent r="6" t="69" w="1541" /><ent r="93" t="69" w="1773" /></phr><phr n="link"><ent r="6" t="5" w="1094" /><ent r="6" t="11" w="283" /><ent r="82" t="11" w="423" /><ent r="3" t="11" w="438" /><ent r="4" t="11" w="464" /><ent r="4" t="11" w="490" /><ent r="4" t="11" w="500" /><ent r="3" t="18" w="1754" /><ent r="3" t="21" w="562" /><ent r="4" t="21" w="767" /><ent r="4" t="21" w="804" /><ent r="3" t="36" w="3809" /><ent r="4" t="46" w="277" /><ent r="4" t="65" w="99" /><ent r="4" t="65" w="132" /><ent r="3" t="65" w="365" /><ent r="3" t="65" w="398" /><ent r="5" t="65" w="611" /><ent r="4" t="65" w="620" /><ent r="3" t="65" w="641" /><ent r="3" t="65" w="658" /><ent r="6" t="67" w="247" /><ent r="6" t="67" w="794" /><ent r="6" t="67" w="821" /><ent r="3" t="68" w="16" /><ent r="3" t="68" w="39" /><ent r="3" t="68" w="212" /><ent r="4" t="68" w="226" /><ent r="6" t="69" w="1930" /><ent r="6" t="69" w="2457" /></phr><phr n="Links"><ent r="5" t="9" w="403" /><ent r="5" t="9" w="411" /><ent r="5" t="9" w="419" /><ent r="100" t="65" w="87" /><ent r="66" t="65" w="90" /><ent r="92" t="65" w="347" /><ent r="64" t="65" w="433" /><ent r="1000" t="68" w="2" /><ent r="100" t="68" w="5" /><ent r="102" t="68" w="10" /></phr><phr n="Link"><ent r="7" t="11" w="415" /><ent r="7" t="11" w="419" /><ent r="4" t="11" w="514" /><ent r="3" t="18" w="309" /><ent r="3" t="18" w="312" /><ent r="3" t="18" w="636" /><ent r="3" t="18" w="658" /><ent r="3" t="18" w="1090" /><ent r="3" t="18" w="1098" /><ent r="100" t="46" w="234" /><ent r="100" t="65" w="608" /><ent r="100" t="68" w="7" /><ent r="92" t="68" w="110" /><ent r="100" t="68" w="120" /></phr></stem><stem n="us"><phr n="useful"><ent r="3" t="0" w="214" /><ent r="3" t="3" w="91" /><ent r="3" t="3" w="565" /><ent r="7" t="8" w="548" /><ent r="3" t="18" w="99" /><ent r="3" t="18" w="1016" /><ent r="3" t="18" w="1526" /><ent r="3" t="21" w="880" /><ent r="3" t="25" w="1035" /><ent r="3" t="28" w="633" /><ent r="3" t="28" w="744" /><ent r="4" t="36" w="2263" /><ent r="3" t="51" w="45" /><ent r="3" t="51" w="61" /><ent r="4" t="64" w="225" /><ent r="6" t="67" w="195" /><ent r="6" t="67" w="323" /><ent r="6" t="67" w="622" /><ent r="3" t="73" w="45" /></phr><phr n="us"><ent r="3" t="0" w="219" /><ent r="3" t="3" w="571" /><ent r="4" t="48" w="97" /><ent r="3" t="48" w="773" /><ent r="3" t="51" w="75" /></phr><phr n="using"><ent r="3" t="1" w="53" /><ent r="3" t="1" w="281" /><ent r="3" t="3" w="123" /><ent r="3" t="4" w="156" /><ent r="3" t="4" w="221" /><ent r="4" t="4" w="577" /><ent r="6" t="5" w="538" /><ent r="6" t="5" w="920" /><ent r="3" t="6" w="54" /><ent r="3" t="6" w="68" /><ent r="4" t="8" w="725" /><ent r="3" t="10" w="95" /><ent r="3" t="10" w="205" /><ent r="3" t="11" w="33" /><ent r="3" t="13" w="547" /><ent r="5" t="13" w="1142" /><ent r="5" t="13" w="1249" /><ent r="3" t="13" w="1866" /><ent r="3" t="14" w="401" /><ent r="3" t="14" w="698" /><ent r="4" t="15" w="323" /><ent r="3" t="15" w="535" /><ent r="4" t="16" w="993" /><ent r="3" t="18" w="596" /><ent r="3" t="18" w="617" /><ent r="3" t="18" w="639" /><ent r="3" t="18" w="661" /><ent r="3" t="18" w="674" /><ent r="3" t="18" w="688" /><ent r="3" t="18" w="701" /><ent r="4" t="18" w="875" /><ent r="4" t="18" w="899" /><ent r="3" t="19" w="106" /><ent r="4" t="20" w="254" /><ent r="3" t="22" w="91" /><ent r="4" t="23" w="94" /><ent r="4" t="23" w="763" /><ent r="4" t="23" w="790" /><ent r="4" t="23" w="818" /><ent r="3" t="23" w="1169" /><ent r="3" t="23" w="1323" /><ent r="3" t="23" w="1621" /><ent r="3" t="23" w="1835" /><ent r="3" t="23" w="1903" /><ent r="6" t="23" w="2893" /><ent r="4" t="25" w="549" /><ent r="4" t="25" w="614" /><ent r="3" t="25" w="706" /><ent r="3" t="25" w="921" /><ent r="3" t="28" w="428" /><ent r="4" t="33" w="229" /><ent r="4" t="33" w="358" /><ent r="3" t="34" w="509" /><ent r="4" t="34" w="996" /><ent r="4" t="34" w="1317" /><ent r="4" t="34" w="1648" /><ent r="3" t="35" w="42" /><ent r="3" t="36" w="1462" /><ent r="3" t="36" w="1717" /><ent r="3" t="36" w="3211" /><ent r="4" t="39" w="165" /><ent r="3" t="39" w="867" /><ent r="4" t="39" w="938" /><ent r="3" t="39" w="1209" /><ent r="3" t="40" w="448" /><ent r="3" t="42" w="141" /><ent r="3" t="42" w="238" /><ent r="3" t="42" w="346" /><ent r="3" t="43" w="27" /><ent r="3" t="43" w="76" /><ent r="4" t="48" w="201" /><ent r="4" t="49" w="215" /><ent r="3" t="54" w="492" /><ent r="3" t="54" w="536" /><ent r="3" t="54" w="596" /><ent r="4" t="56" w="112" /><ent r="3" t="56" w="205" /><ent r="3" t="57" w="463" /><ent r="3" t="58" w="372" /><ent r="4" t="59" w="117" /><ent r="3" t="61" w="64" /><ent r="4" t="65" w="103" /><ent r="6" t="67" w="366" /><ent r="6" t="69" w="745" /><ent r="3" t="69" w="1813" /><ent r="6" t="69" w="2361" /><ent r="3" t="70" w="140" /><ent r="3" t="70" w="200" /><ent r="3" t="70" w="240" /><ent r="3" t="70" w="396" /></phr><phr n="USING"><ent r="3" t="1" w="57" /></phr><phr n="US"><ent r="92" t="1" w="420" /><ent r="64" t="48" w="34" /></phr><phr n="uses"><ent r="4" t="3" w="460" /><ent r="4" t="4" w="529" /><ent r="3" t="13" w="1915" /><ent r="3" t="14" w="420" /><ent r="4" t="15" w="887" /><ent r="3" t="16" w="1436" /><ent r="4" t="16" w="1744" /><ent r="3" t="17" w="280" /><ent r="3" t="18" w="975" /><ent r="3" t="18" w="1177" /><ent r="3" t="18" w="1478" /><ent r="4" t="18" w="1577" /><ent r="3" t="21" w="1131" /><ent r="65" t="23" w="283" /><ent r="65" t="23" w="873" /><ent r="3" t="23" w="1521" /><ent r="3" t="23" w="1528" /><ent r="3" t="23" w="1920" /><ent r="4" t="24" w="134" /><ent r="3" t="26" w="311" /><ent r="4" t="33" w="286" /><ent r="4" t="33" w="307" /><ent r="3" t="33" w="483" /><ent r="3" t="34" w="27" /><ent r="3" t="34" w="48" /><ent r="3" t="36" w="1265" /><ent r="3" t="36" w="1402" /><ent r="3" t="36" w="4621" /><ent r="3" t="37" w="308" /><ent r="3" t="39" w="272" /><ent r="100" t="39" w="367" /><ent r="3" t="45" w="434" /><ent r="4" t="46" w="455" /><ent r="3" t="46" w="677" /><ent r="3" t="47" w="78" /><ent r="3" t="47" w="90" /><ent r="4" t="48" w="366" /><ent r="4" t="48" w="407" /><ent r="3" t="50" w="130" /><ent r="3" t="60" w="370" /><ent r="3" t="60" w="377" /><ent r="3" t="64" w="36" /><ent r="3" t="64" w="58" /><ent r="3" t="64" w="135" /><ent r="3" t="66" w="22" /><ent r="6" t="67" w="100" /><ent r="7" t="67" w="417" /><ent r="6" t="67" w="612" /><ent r="3" t="69" w="178" /><ent r="6" t="69" w="1210" /></phr><phr n="used"><ent r="5" t="5" w="513" /><ent r="6" t="5" w="678" /><ent r="3" t="7" w="40" /><ent r="3" t="7" w="114" /><ent r="3" t="7" w="121" /><ent r="4" t="8" w="136" /><ent r="5" t="13" w="204" /><ent r="3" t="13" w="2377" /><ent r="4" t="13" w="2393" /><ent r="3" t="13" w="2517" /><ent r="3" t="14" w="548" /><ent r="3" t="14" w="846" /><ent r="3" t="14" w="955" /><ent r="3" t="14" w="1088" /><ent r="4" t="16" w="154" /><ent r="4" t="16" w="1233" /><ent r="3" t="16" w="1796" /><ent r="4" t="18" w="773" /><ent r="3" t="18" w="1407" /><ent r="4" t="20" w="636" /><ent r="3" t="21" w="1097" /><ent r="3" t="21" w="1207" /><ent r="3" t="22" w="45" /><ent r="3" t="23" w="1913" /><ent r="3" t="25" w="227" /><ent r="3" t="25" w="1057" /><ent r="3" t="26" w="208" /><ent r="3" t="26" w="232" /><ent r="3" t="26" w="283" /><ent r="3" t="31" w="276" /><ent r="3" t="31" w="1131" /><ent r="3" t="33" w="152" /><ent r="3" t="33" w="686" /><ent r="3" t="34" w="1030" /><ent r="3" t="36" w="1173" /><ent r="3" t="36" w="1786" /><ent r="3" t="36" w="3741" /><ent r="3" t="36" w="4266" /><ent r="3" t="39" w="324" /><ent r="4" t="39" w="671" /><ent r="4" t="39" w="778" /><ent r="4" t="40" w="130" /><ent r="4" t="40" w="184" /><ent r="3" t="42" w="538" /><ent r="3" t="44" w="69" /><ent r="4" t="46" w="845" /><ent r="3" t="47" w="119" /><ent r="3" t="47" w="226" /><ent r="3" t="48" w="620" /><ent r="3" t="55" w="153" /><ent r="3" t="55" w="213" /><ent r="3" t="55" w="287" /><ent r="3" t="58" w="326" /><ent r="3" t="58" w="336" /><ent r="3" t="58" w="368" /><ent r="3" t="60" w="158" /><ent r="3" t="66" w="90" /><ent r="6" t="67" w="243" /><ent r="6" t="67" w="303" /><ent r="6" t="67" w="350" /><ent r="6" t="67" w="379" /><ent r="6" t="67" w="395" /><ent r="7" t="67" w="591" /><ent r="6" t="67" w="650" /><ent r="6" t="67" w="686" /><ent r="6" t="69" w="2449" /><ent r="3" t="70" w="223" /><ent r="3" t="70" w="261" /></phr><phr n="Using"><ent r="3" t="13" w="2463" /><ent r="1000" t="14" w="1" /><ent r="102" t="14" w="5" /><ent r="3" t="15" w="47" /><ent r="92" t="16" w="1417" /><ent r="92" t="19" w="191" /><ent r="92" t="23" w="2707" /><ent r="100" t="34" w="191" /><ent r="65" t="34" w="196" /><ent r="65" t="34" w="204" /><ent r="82" t="34" w="1013" /><ent r="92" t="34" w="1134" /><ent r="100" t="34" w="1223" /><ent r="82" t="34" w="1227" /><ent r="92" t="34" w="1277" /><ent r="3" t="39" w="1199" /><ent r="3" t="40" w="438" /><ent r="92" t="51" w="99" /><ent r="65" t="54" w="268" /><ent r="65" t="54" w="800" /><ent r="1000" t="55" w="1" /><ent r="102" t="55" w="7" /><ent r="92" t="63" w="182" /></phr><phr n="Used"><ent r="100" t="70" w="217" /><ent r="92" t="70" w="297" /></phr></stem></index>