<?xml version="1.0" encoding="utf-8"?><index><stem n="milli"><phr n="milli"><ent r="3" t="13" w="2317" /></phr></stem><stem n=".02835"><phr n=".02835"><ent r="3" t="13" w="2319" /></phr></stem><stem n="0.02835"><phr n="0.02835"><ent r="3" t="13" w="2319" /><ent r="3" t="13" w="2318" /></phr></stem><stem n="02835"><phr n="02835"><ent r="3" t="13" w="2319" /></phr></stem><stem n="28"><phr n="28"><ent r="3" t="13" w="2321" /><ent r="3" t="14" w="98" /><ent r="3" t="45" w="274" /><ent r="3" t="53" w="340" /></phr></stem><stem n=".35"><phr n=".35"><ent r="3" t="13" w="2322" /></phr></stem><stem n="28.35"><phr n="28.35"><ent r="3" t="13" w="2322" /><ent r="3" t="13" w="2321" /></phr></stem><stem n="35"><phr n="35"><ent r="3" t="13" w="2322" /><ent r="3" t="31" w="470" /><ent r="3" t="31" w="631" /><ent r="3" t="31" w="754" /><ent r="3" t="31" w="864" /><ent r="3" t="31" w="1046" /></phr></stem><stem n="-6"><phr n="-6"><ent r="3" t="13" w="2325" /><ent r="3" t="13" w="2325" /></phr></stem><stem n="1e"><phr n="1e"><ent r="3" t="13" w="2325" /><ent r="3" t="13" w="2335" /><ent r="3" t="13" w="2345" /></phr></stem><stem n="1e-6"><phr n="1e-6"><ent r="3" t="13" w="2325" /></phr></stem><stem n="micro"><phr n="micro"><ent r="3" t="13" w="2327" /></phr></stem><stem n=".00047658"><phr n=".00047658"><ent r="3" t="13" w="2329" /></phr></stem><stem n="0.00047658"><phr n="0.00047658"><ent r="3" t="13" w="2329" /><ent r="3" t="13" w="2328" /></phr></stem><stem n="00047658"><phr n="00047658"><ent r="3" t="13" w="2329" /></phr></stem><stem n="476"><phr n="476"><ent r="3" t="13" w="2331" /></phr></stem><stem n=".58"><phr n=".58"><ent r="3" t="13" w="2332" /></phr></stem><stem n="476.58"><phr n="476.58"><ent r="3" t="13" w="2332" /><ent r="3" t="13" w="2331" /></phr></stem><stem n="58"><phr n="58"><ent r="3" t="13" w="2332" /></phr></stem><stem n="usec"><phr n="usec"><ent r="3" t="13" w="2333" /></phr></stem><stem n="-9"><phr n="-9"><ent r="3" t="13" w="2335" /><ent r="3" t="13" w="2335" /></phr></stem><stem n="1e-9"><phr n="1e-9"><ent r="3" t="13" w="2335" /></phr></stem><stem n="nano"><phr n="nano"><ent r="3" t="13" w="2337" /></phr></stem><stem n=".0000000032"><phr n=".0000000032"><ent r="3" t="13" w="2339" /></phr></stem><stem n="0.0000000032"><phr n="0.0000000032"><ent r="3" t="13" w="2339" /><ent r="3" t="13" w="2338" /></phr></stem><stem n="0000000032"><phr n="0000000032"><ent r="3" t="13" w="2339" /></phr></stem><stem n=".20"><phr n=".20"><ent r="3" t="13" w="2342" /></phr></stem><stem n="3.20"><phr n="3.20"><ent r="3" t="13" w="2342" /><ent r="3" t="13" w="2341" /></phr></stem><stem n="nsec"><phr n="nsec"><ent r="3" t="13" w="2343" /></phr></stem><stem n="-12"><phr n="-12"><ent r="3" t="13" w="2345" /><ent r="3" t="13" w="2345" /></phr></stem><stem n="1e-12"><phr n="1e-12"><ent r="3" t="13" w="2345" /></phr></stem><stem n="pico"><phr n="pico"><ent r="3" t="13" w="2347" /></phr></stem><stem n="-10"><phr n="-10"><ent r="3" t="13" w="2351" /><ent r="3" t="13" w="2351" /></phr></stem><stem n="10^"><phr n="10^"><ent r="3" t="13" w="2351" /></phr></stem><stem n="10^-10"><phr n="10^-10"><ent r="3" t="13" w="2351" /></phr></stem><stem n="100.00"><phr n="100.00"><ent r="3" t="13" w="2355" /><ent r="3" t="13" w="2354" /></phr></stem><stem n="psec"><phr n="psec"><ent r="3" t="13" w="2356" /></phr></stem><stem n="anyth"><phr n="anything"><ent r="4" t="13" w="2386" /><ent r="3" t="13" w="2420" /><ent r="4" t="46" w="786" /><ent r="6" t="69" w="894" /><ent r="6" t="69" w="1063" /></phr></stem><stem n="els"><phr n="else"><ent r="4" t="13" w="2387" /><ent r="3" t="14" w="1227" /><ent r="3" t="16" w="1962" /><ent r="3" t="16" w="1969" /><ent r="3" t="16" w="1977" /><ent r="3" t="33" w="519" /><ent r="3" t="34" w="418" /><ent r="3" t="34" w="440" /><ent r="3" t="34" w="925" /><ent r="3" t="34" w="945" /><ent r="3" t="34" w="960" /><ent r="3" t="34" w="1209" /><ent r="3" t="34" w="1274" /><ent r="3" t="34" w="1699" /><ent r="3" t="34" w="1703" /><ent r="3" t="36" w="1061" /><ent r="3" t="36" w="3893" /><ent r="3" t="36" w="3914" /><ent r="3" t="36" w="3933" /><ent r="3" t="36" w="3950" /><ent r="3" t="36" w="4007" /><ent r="3" t="36" w="4050" /><ent r="3" t="36" w="4166" /><ent r="3" t="36" w="4280" /><ent r="3" t="36" w="4396" /><ent r="3" t="36" w="4419" /><ent r="3" t="36" w="4460" /><ent r="3" t="38" w="474" /><ent r="3" t="38" w="484" /><ent r="3" t="38" w="494" /><ent r="3" t="38" w="512" /><ent r="3" t="38" w="530" /><ent r="3" t="38" w="548" /><ent r="3" t="42" w="664" /><ent r="7" t="67" w="566" /><ent r="5" t="76" w="210" /><ent r="5" t="76" w="217" /><ent r="5" t="76" w="225" /></phr><phr n="ELSE"><ent r="100" t="34" w="414" /><ent r="3" t="34" w="1586" /></phr><phr n="Else"><ent r="3" t="42" w="898" /><ent r="3" t="42" w="910" /><ent r="3" t="42" w="930" /><ent r="3" t="60" w="921" /><ent r="3" t="60" w="950" /><ent r="3" t="60" w="1232" /><ent r="3" t="60" w="1238" /><ent r="3" t="60" w="1336" /><ent r="3" t="60" w="1348" /></phr></stem><stem n="-displai"><phr n="-display"><ent r="3" t="13" w="2411" /><ent r="3" t="13" w="2411" /><ent r="3" t="44" w="148" /><ent r="3" t="44" w="148" /></phr></stem><stem n="command-displai"><phr n="command-display"><ent r="3" t="13" w="2411" /><ent r="3" t="44" w="148" /></phr></stem><stem n="programmat"><phr n="programmatically"><ent r="3" t="13" w="2446" /></phr></stem><stem n="lower"><phr n="lower"><ent r="3" t="13" w="2456" /><ent r="3" t="18" w="420" /><ent r="4" t="23" w="1224" /></phr></stem><stem n="doe"><phr n="does"><ent r="3" t="13" w="2473" /><ent r="3" t="14" w="234" /><ent r="4" t="15" w="863" /><ent r="4" t="15" w="918" /><ent r="3" t="20" w="486" /><ent r="4" t="24" w="112" /><ent r="4" t="24" w="273" /><ent r="3" t="25" w="986" /><ent r="3" t="31" w="178" /><ent r="3" t="31" w="185" /><ent r="3" t="34" w="461" /><ent r="3" t="34" w="875" /><ent r="4" t="36" w="1934" /><ent r="3" t="36" w="2404" /><ent r="3" t="36" w="2458" /><ent r="3" t="36" w="3307" /><ent r="4" t="36" w="3380" /><ent r="3" t="36" w="4597" /><ent r="4" t="37" w="377" /><ent r="4" t="39" w="709" /><ent r="3" t="48" w="45" /><ent r="3" t="54" w="394" /><ent r="3" t="60" w="115" /><ent r="4" t="60" w="407" /><ent r="3" t="60" w="606" /><ent r="3" t="65" w="485" /><ent r="3" t="68" w="133" /></phr></stem><stem n="compens"><phr n="compensate"><ent r="3" t="13" w="2478" /></phr></stem><stem n="meaning"><phr n="meaningful"><ent r="3" t="13" w="2486" /></phr></stem><stem n="-format"><phr n="-formatted"><ent r="3" t="13" w="2495" /><ent r="3" t="13" w="2495" /><ent r="3" t="44" w="134" /><ent r="3" t="44" w="134" /></phr><phr n="-format"><ent r="4" t="54" w="253" /><ent r="4" t="54" w="253" /></phr></stem><stem n="specially-format"><phr n="specially-formatted"><ent r="3" t="13" w="2495" /><ent r="3" t="44" w="134" /></phr></stem><stem n="mention"><phr n="mentioned"><ent r="3" t="13" w="2499" /><ent r="3" t="18" w="406" /><ent r="3" t="51" w="96" /></phr></stem><stem n="wmi"><phr n="WMI"><ent r="3" t="13" w="2528" /><ent r="3" t="13" w="2550" /><ent r="3" t="39" w="564" /><ent r="3" t="42" w="326" /></phr></stem><stem n="processtime0"><phr n="ProcessTime0"><ent r="3" t="13" w="2537" /></phr></stem><stem n="100.0"><phr n="100.0"><ent r="3" t="13" w="2539" /><ent r="3" t="13" w="2538" /></phr></stem><stem n="100.0,cpu"><phr n="100.0,CPU"><ent r="3" t="13" w="2540" /><ent r="3" t="13" w="2538" /></phr></stem><stem n="1.0,reason"><phr n="1.0,reason"><ent r="3" t="13" w="2543" /><ent r="3" t="13" w="2541" /></phr></stem><stem n="\{processtime0:=100.0,cpu:=1.0,reason:=&quot;cpu"><phr n="\{ProcessTime0:=100.0,CPU:=1.0,reason:=&quot;CPU"><ent r="3" t="13" w="2544" /></phr></stem><stem n="60"><phr n="60"><ent r="3" t="13" w="2548" /><ent r="3" t="36" w="1128" /><ent r="100" t="36" w="3729" /><ent r="3" t="36" w="3738" /><ent r="3" t="38" w="452" /></phr></stem><stem n="%&quot;}"><phr n="%&quot;}"><ent r="3" t="13" w="2549" /></phr></stem><stem n="\b5\wmi"><phr n="\B5\WMI"><ent r="3" t="13" w="2550" /></phr></stem><stem n="b4"><phr n="B4"><ent r="3" t="13" w="2554" /><ent r="3" t="13" w="2559" /></phr></stem><stem n="\b4\cpu"><phr n="\B4\CPU"><ent r="3" t="13" w="2555" /></phr></stem><stem n=":\p0\"><phr n=":\P0\"><ent r="3" t="13" w="2558" /></phr></stem><stem n="%"><phr n="%"><ent r="3" t="13" w="2559" /><ent r="3" t="13" w="2564" /><ent r="3" t="14" w="1199" /><ent r="3" t="14" w="1320" /><ent r="4" t="23" w="377" /><ent r="4" t="23" w="1299" /><ent r="3" t="23" w="1313" /><ent r="4" t="23" w="1825" /><ent r="3" t="26" w="299" /><ent r="3" t="45" w="451" /><ent r="3" t="45" w="487" /><ent r="3" t="46" w="626" /><ent r="3" t="48" w="754" /><ent r="3" t="48" w="800" /><ent r="3" t="48" w="878" /><ent r="3" t="48" w="928" /><ent r="3" t="59" w="224" /></phr></stem><stem n="wmiprvs"><phr n="wmiprvse"><ent r="3" t="13" w="2560" /></phr></stem><stem n="3924"><phr n="3924"><ent r="3" t="13" w="2561" /></phr></stem><stem n="\b4\wmiprvse(3924)\p0\"><phr n="\B4\wmiprvse(3924)\P0\"><ent r="3" t="13" w="2563" /></phr></stem><stem n="$processtime0"><phr n="$ProcessTime0"><ent r="3" t="13" w="2563" /></phr></stem><stem n="persist"><phr n="Persistent"><ent r="1000" t="14" w="2" /><ent r="102" t="14" w="6" /><ent r="3" t="14" w="167" /><ent r="3" t="14" w="188" /><ent r="3" t="14" w="246" /><ent r="3" t="14" w="631" /><ent r="3" t="14" w="794" /><ent r="3" t="14" w="808" /><ent r="3" t="14" w="816" /></phr><phr n="persistent"><ent r="3" t="14" w="18" /><ent r="3" t="14" w="21" /><ent r="3" t="14" w="43" /><ent r="3" t="14" w="55" /><ent r="3" t="14" w="60" /><ent r="3" t="14" w="162" /><ent r="3" t="14" w="723" /><ent r="3" t="14" w="738" /><ent r="3" t="14" w="751" /><ent r="3" t="14" w="789" /><ent r="3" t="14" w="825" /><ent r="3" t="14" w="892" /><ent r="3" t="14" w="1071" /><ent r="3" t="14" w="1139" /><ent r="3" t="14" w="1160" /></phr><phr n="persistence"><ent r="3" t="14" w="136" /></phr></stem><stem n="retain"><phr n="retains"><ent r="3" t="14" w="26" /></phr><phr n="retain"><ent r="3" t="14" w="268" /></phr><phr n="retained"><ent r="3" t="14" w="439" /><ent r="3" t="26" w="329" /></phr></stem><stem n="com.dartware.snmp"><phr n="com.dartware.snmp"><ent r="3" t="14" w="59" /><ent r="3" t="14" w="57" /><ent r="3" t="26" w="16" /><ent r="3" t="26" w="14" /><ent r="3" t="31" w="27" /><ent r="3" t="31" w="25" /></phr></stem><stem n="com.dartware.snmp.persist"><phr n="com.dartware.snmp.persistent"><ent r="3" t="14" w="60" /><ent r="3" t="14" w="57" /></phr></stem><stem n="(com.dartware.snmp.persistent)"><phr n="(com.dartware.snmp.persistent)"><ent r="3" t="14" w="61" /></phr></stem><stem n="(http://www.intermapper.com)"><phr n="(http://www.intermapper.com)"><ent r="3" t="14" w="70" /><ent r="3" t="19" w="304" /><ent r="3" t="26" w="27" /><ent r="3" t="31" w="37" /><ent r="3" t="45" w="238" /></phr></stem><stem n="feel"><phr n="feel"><ent r="3" t="14" w="72" /><ent r="3" t="19" w="305" /><ent r="3" t="26" w="28" /><ent r="3" t="38" w="108" /><ent r="3" t="45" w="239" /><ent r="3" t="48" w="498" /><ent r="3" t="61" w="125" /></phr><phr n="Feel"><ent r="3" t="31" w="42" /></phr></stem><stem n="origin"><phr n="Original"><ent r="3" t="14" w="84" /><ent r="3" t="19" w="316" /><ent r="3" t="31" w="57" /><ent r="3" t="45" w="250" /></phr><phr n="original"><ent r="4" t="18" w="1584" /><ent r="3" t="63" w="38" /><ent r="7" t="67" w="421" /><ent r="6" t="67" w="679" /><ent r="6" t="69" w="299" /><ent r="6" t="69" w="2101" /><ent r="6" t="69" w="2111" /></phr><phr n="originating"><ent r="6" t="69" w="2024" /><ent r="6" t="69" w="2096" /></phr></stem><stem n="24"><phr n="24"><ent r="3" t="14" w="86" /><ent r="3" t="14" w="447" /><ent r="3" t="23" w="1864" /><ent r="3" t="36" w="3954" /><ent r="3" t="36" w="4088" /></phr></stem><stem n="novemb"><phr n="November"><ent r="3" t="14" w="87" /><ent r="4" t="74" w="54" /></phr></stem><stem n="2003"><phr n="2003"><ent r="3" t="14" w="88" /><ent r="3" t="38" w="104" /></phr></stem><stem n="reb"><phr n="reb"><ent r="3" t="14" w="90" /><ent r="3" t="14" w="112" /><ent r="3" t="14" w="137" /><ent r="3" t="14" w="145" /><ent r="3" t="14" w="771" /><ent r="3" t="14" w="777" /><ent r="3" t="14" w="1176" /><ent r="3" t="19" w="294" /><ent r="3" t="19" w="321" /><ent r="3" t="19" w="332" /><ent r="3" t="26" w="47" /><ent r="3" t="26" w="58" /><ent r="3" t="31" w="59" /><ent r="3" t="31" w="68" /><ent r="3" t="31" w="89" /><ent r="3" t="31" w="101" /><ent r="3" t="31" w="117" /><ent r="3" t="45" w="287" /><ent r="3" t="45" w="297" /><ent r="3" t="48" w="706" /></phr></stem><stem n="updat"><phr n="Updated"><ent r="3" t="14" w="92" /><ent r="3" t="14" w="97" /><ent r="3" t="14" w="131" /><ent r="3" t="32" w="134" /><ent r="3" t="45" w="261" /><ent r="3" t="45" w="273" /><ent r="3" t="45" w="288" /></phr><phr n="update"><ent r="3" t="14" w="527" /><ent r="3" t="14" w="1168" /><ent r="3" t="45" w="278" /></phr><phr n="updates"><ent r="3" t="14" w="839" /><ent r="4" t="21" w="736" /></phr><phr n="updated"><ent r="4" t="21" w="748" /><ent r="3" t="31" w="99" /><ent r="3" t="31" w="1150" /><ent r="7" t="67" w="497" /></phr><phr n="UPDATED"><ent r="3" t="32" w="89" /></phr><phr n="updating"><ent r="3" t="73" w="49" /></phr></stem><stem n="juli"><phr n="July"><ent r="3" t="14" w="94" /></phr></stem><stem n="2005"><phr n="2005"><ent r="3" t="14" w="95" /><ent r="3" t="14" w="100" /><ent r="3" t="31" w="56" /><ent r="3" t="31" w="62" /><ent r="3" t="54" w="843" /><ent r="3" t="54" w="1128" /></phr></stem><stem n="oct"><phr n="Oct"><ent r="3" t="14" w="99" /><ent r="3" t="14" w="140" /><ent r="3" t="14" w="773" /></phr></stem><stem n="properli"><phr n="properly"><ent r="3" t="14" w="107" /><ent r="3" t="20" w="453" /></phr></stem><stem n=".4"><phr n=".4"><ent r="3" t="14" w="111" /><ent r="3" t="31" w="73" /><ent r="65" t="46" w="449" /><ent r="3" t="63" w="89" /></phr></stem><stem n="4.4"><phr n="4.4"><ent r="3" t="14" w="111" /><ent r="3" t="14" w="110" /><ent r="3" t="25" w="957" /><ent r="3" t="25" w="956" /><ent r="3" t="31" w="73" /><ent r="3" t="31" w="72" /></phr></stem><stem n="-reb"><phr n="-reb"><ent r="3" t="14" w="112" /><ent r="3" t="14" w="112" /><ent r="3" t="14" w="137" /><ent r="3" t="14" w="137" /><ent r="3" t="14" w="145" /><ent r="3" t="14" w="145" /><ent r="3" t="14" w="771" /><ent r="3" t="14" w="771" /><ent r="3" t="14" w="777" /><ent r="3" t="14" w="777" /><ent r="3" t="14" w="1176" /><ent r="3" t="14" w="1176" /><ent r="3" t="19" w="321" /><ent r="3" t="19" w="321" /><ent r="3" t="26" w="47" /><ent r="3" t="26" w="47" /><ent r="3" t="26" w="58" /><ent r="3" t="26" w="58" /><ent r="3" t="31" w="68" /><ent r="3" t="31" w="68" /><ent r="3" t="31" w="89" /><ent r="3" t="31" w="89" /><ent r="3" t="31" w="101" /><ent r="3" t="31" w="101" /><ent r="3" t="31" w="117" /><ent r="3" t="31" w="117" /><ent r="3" t="45" w="287" /><ent r="3" t="45" w="287" /><ent r="3" t="45" w="297" /><ent r="3" t="45" w="297" /><ent r="3" t="48" w="706" /><ent r="3" t="48" w="706" /></phr></stem><stem n="21"><phr n="21"><ent r="3" t="14" w="114" /><ent r="3" t="36" w="3880" /><ent r="3" t="36" w="4062" /><ent r="3" t="36" w="4108" /><ent r="3" t="36" w="4139" /></phr></stem><stem n="apr"><phr n="Apr"><ent r="3" t="14" w="115" /><ent r="3" t="31" w="55" /></phr></stem><stem n="2006"><phr n="2006"><ent r="3" t="14" w="116" /></phr></stem><stem n="convers"><phr n="conversion"><ent r="3" t="14" w="120" /><ent r="4" t="36" w="2612" /></phr></stem><stem n="sep"><phr n="Sep"><ent r="3" t="14" w="129" /><ent r="3" t="14" w="769" /><ent r="3" t="14" w="1174" /><ent r="3" t="26" w="60" /></phr></stem><stem n="2011"><phr n="2011"><ent r="3" t="14" w="130" /><ent r="3" t="14" w="141" /><ent r="3" t="14" w="743" /><ent r="3" t="14" w="770" /><ent r="3" t="14" w="774" /><ent r="3" t="14" w="1175" /><ent r="3" t="63" w="404" /><ent r="3" t="63" w="442" /><ent r="3" t="63" w="465" /><ent r="3" t="63" w="488" /></phr></stem><stem n="talk"><phr n="talk"><ent r="3" t="14" w="133" /></phr></stem><stem n="minor"><phr n="Minor"><ent r="3" t="14" w="142" /><ent r="3" t="14" w="775" /><ent r="5" t="20" w="177" /><ent r="3" t="20" w="376" /></phr><phr n="minor"><ent r="4" t="20" w="847" /><ent r="4" t="21" w="135" /><ent r="3" t="21" w="1239" /><ent r="3" t="21" w="1428" /><ent r="3" t="21" w="1433" /></phr><phr n="MINOR"><ent r="4" t="21" w="377" /></phr></stem><stem n="polish"><phr n="polish"><ent r="3" t="14" w="144" /></phr></stem><stem n="&quot;custom-snmp&quot;"><phr n="&quot;custom-snmp&quot;"><ent r="3" t="14" w="154" /><ent r="3" t="15" w="361" /><ent r="3" t="19" w="327" /><ent r="3" t="21" w="1281" /><ent r="3" t="26" w="95" /></phr></stem><stem n="snmp.persist"><phr n="snmp.persistent"><ent r="3" t="14" w="162" /><ent r="3" t="14" w="161" /></phr></stem><stem n="&quot;snmp.persistent&quot;"><phr n="&quot;snmp.persistent&quot;"><ent r="3" t="14" w="163" /></phr></stem><stem n="&quot;snmp"><phr n="&quot;SNMP"><ent r="3" t="14" w="166" /><ent r="3" t="26" w="104" /><ent r="3" t="28" w="691" /><ent r="3" t="31" w="541" /><ent r="3" t="31" w="702" /><ent r="3" t="31" w="825" /><ent r="3" t="31" w="935" /><ent r="3" t="31" w="1117" /><ent r="3" t="31" w="1315" /></phr></stem><stem n="1.1"><phr n="1.1"><ent r="3" t="14" w="172" /><ent r="3" t="14" w="171" /><ent r="3" t="14" w="798" /><ent r="3" t="14" w="797" /><ent r="3" t="42" w="466" /><ent r="3" t="42" w="465" /><ent r="3" t="42" w="725" /><ent r="3" t="42" w="724" /><ent r="3" t="45" w="316" /><ent r="3" t="45" w="315" /></phr></stem><stem n="&quot;1.1&quot;"><phr n="&quot;1.1&quot;"><ent r="3" t="14" w="173" /><ent r="3" t="14" w="799" /><ent r="3" t="42" w="467" /><ent r="3" t="42" w="726" /></phr></stem><stem n="miscellaneous/test"><phr n="Miscellaneous/Test"><ent r="3" t="14" w="186" /><ent r="3" t="14" w="185" /><ent r="3" t="14" w="805" /><ent r="3" t="14" w="804" /><ent r="3" t="19" w="353" /><ent r="3" t="19" w="352" /><ent r="3" t="42" w="473" /><ent r="3" t="42" w="472" /><ent r="3" t="42" w="732" /><ent r="3" t="42" w="731" /><ent r="3" t="45" w="323" /><ent r="3" t="45" w="322" /><ent r="4" t="48" w="71" /><ent r="4" t="48" w="70" /><ent r="3" t="48" w="536" /><ent r="3" t="48" w="535" /></phr></stem><stem n="&quot;miscellaneous/test/snmp"><phr n="&quot;Miscellaneous/Test/SNMP"><ent r="3" t="14" w="187" /></phr></stem><stem n="miscellaneous/test/snmp"><phr n="Miscellaneous/Test/SNMP"><ent r="3" t="14" w="187" /><ent r="3" t="14" w="185" /></phr></stem><stem n="/snmp-device-properties&gt;"><phr n="/snmp-device-properties&gt;"><ent r="3" t="14" w="202" /><ent r="3" t="15" w="836" /><ent r="3" t="15" w="988" /><ent r="3" t="19" w="365" /><ent r="3" t="24" w="43" /><ent r="3" t="24" w="85" /><ent r="3" t="26" w="137" /></phr></stem><stem n="snmp-device-properties&gt;"><phr n="snmp-device-properties&gt;"><ent r="3" t="14" w="202" /><ent r="3" t="15" w="836" /><ent r="3" t="15" w="988" /><ent r="3" t="19" w="365" /><ent r="3" t="24" w="43" /><ent r="3" t="24" w="85" /><ent r="3" t="26" w="137" /></phr></stem><stem n="much"><phr n="much"><ent r="3" t="14" w="224" /><ent r="3" t="20" w="284" /><ent r="3" t="20" w="536" /><ent r="3" t="28" w="848" /><ent r="4" t="48" w="286" /><ent r="3" t="56" w="219" /><ent r="3" t="63" w="77" /></phr></stem><stem n="peopl"><phr n="people"><ent r="3" t="14" w="229" /></phr><phr n="People"><ent r="3" t="70" w="113" /></phr></stem><stem n="gb"><phr n="GB"><ent r="3" t="14" w="242" /><ent r="3" t="14" w="813" /><ent r="3" t="19" w="369" /><ent r="3" t="26" w="141" /><ent r="3" t="31" w="153" /><ent r="100" t="38" w="6" /><ent r="3" t="38" w="167" /><ent r="3" t="42" w="479" /><ent r="3" t="42" w="741" /><ent r="3" t="45" w="329" /><ent r="3" t="47" w="61" /><ent r="3" t="48" w="544" /></phr></stem><stem n="\gb\snmp"><phr n="\GB\SNMP"><ent r="3" t="14" w="243" /></phr></stem><stem n="sometim"><phr n="Sometimes"><ent r="3" t="14" w="250" /></phr></stem><stem n="invoc"><phr n="invocations"><ent r="3" t="14" w="258" /></phr><phr n="invocation"><ent r="3" t="14" w="272" /><ent r="3" t="14" w="286" /><ent r="3" t="14" w="303" /></phr></stem><stem n="o"><phr n="o"><ent r="3" t="14" w="260" /><ent r="4" t="23" w="1209" /><ent r="3" t="54" w="135" /><ent r="5" t="54" w="245" /><ent r="4" t="54" w="783" /><ent r="65" t="54" w="803" /><ent r="1000" t="55" w="4" /><ent r="102" t="55" w="10" /><ent r="4" t="55" w="43" /><ent r="4" t="55" w="52" /><ent r="3" t="55" w="77" /><ent r="3" t="55" w="105" /><ent r="3" t="55" w="150" /><ent r="3" t="55" w="172" /></phr><phr n="O"><ent r="100" t="36" w="126" /><ent r="92" t="36" w="131" /><ent r="64" t="52" w="78" /><ent r="65" t="54" w="271" /><ent r="3" t="60" w="678" /><ent r="3" t="60" w="857" /></phr></stem><stem n="done"><phr n="done"><ent r="3" t="14" w="279" /><ent r="3" t="21" w="1118" /><ent r="3" t="52" w="25" /><ent r="3" t="60" w="527" /><ent r="3" t="60" w="834" /><ent r="3" t="60" w="836" /></phr><phr n="DONE"><ent r="100" t="36" w="517" /><ent r="100" t="36" w="519" /><ent r="65" t="36" w="521" /><ent r="100" t="36" w="847" /><ent r="83" t="36" w="1471" /><ent r="5" t="36" w="1480" /><ent r="100" t="36" w="1515" /><ent r="5" t="36" w="1536" /><ent r="100" t="36" w="1550" /><ent r="3" t="36" w="1553" /><ent r="5" t="36" w="1636" /><ent r="3" t="36" w="1645" /><ent r="5" t="36" w="2097" /><ent r="5" t="36" w="2141" /><ent r="5" t="36" w="3436" /><ent r="100" t="36" w="3972" /><ent r="3" t="36" w="3976" /><ent r="100" t="36" w="3981" /><ent r="3" t="36" w="3987" /><ent r="3" t="36" w="4019" /><ent r="3" t="36" w="4033" /><ent r="100" t="36" w="4059" /><ent r="3" t="36" w="4063" /><ent r="3" t="36" w="4074" /><ent r="3" t="36" w="4089" /><ent r="3" t="36" w="4467" /><ent r="3" t="36" w="4481" /><ent r="100" t="38" w="497" /><ent r="3" t="38" w="500" /><ent r="100" t="38" w="515" /><ent r="3" t="38" w="518" /><ent r="100" t="38" w="533" /><ent r="3" t="38" w="536" /><ent r="100" t="38" w="551" /><ent r="3" t="38" w="554" /><ent r="3" t="38" w="566" /><ent r="3" t="38" w="586" /></phr></stem><stem n="preserv"><phr n="preserve"><ent r="3" t="14" w="288" /><ent r="3" t="60" w="1277" /></phr></stem><stem n="&quot;old"><phr n="&quot;old"><ent r="3" t="14" w="298" /><ent r="3" t="14" w="565" /><ent r="3" t="14" w="574" /></phr></stem><stem n="step"><phr n="steps"><ent r="3" t="14" w="305" /></phr><phr n="step"><ent r="3" t="60" w="1300" /></phr></stem><stem n="(current)"><phr n="(current)"><ent r="3" t="14" w="312" /></phr></stem><stem n="xyz"><phr n="XYZ"><ent r="3" t="14" w="316" /></phr></stem><stem n="(&quot;xyz&quot;);"><phr n="(&quot;XYZ&quot;);"><ent r="3" t="14" w="317" /></phr></stem><stem n="oldxyz"><phr n="oldXYZ"><ent r="3" t="14" w="331" /><ent r="3" t="14" w="338" /></phr></stem><stem n="(&quot;oldxyz&quot;);"><phr n="(&quot;oldXYZ&quot;);"><ent r="3" t="14" w="332" /></phr></stem><stem n="-run"><phr n="-run"><ent r="3" t="14" w="333" /><ent r="3" t="14" w="333" /></phr></stem><stem n="re-run"><phr n="Re-run"><ent r="3" t="14" w="333" /></phr></stem><stem n="\b\exampl"><phr n="\b\Example"><ent r="3" t="14" w="347" /></phr></stem><stem n="ifinoctet"><phr n="ifInOctets"><ent r="3" t="14" w="354" /><ent r="3" t="14" w="368" /><ent r="3" t="14" w="400" /><ent r="3" t="14" w="495" /><ent r="3" t="14" w="503" /><ent r="3" t="16" w="942" /><ent r="3" t="16" w="952" /><ent r="4" t="16" w="1096" /><ent r="5" t="16" w="1212" /><ent r="5" t="16" w="1305" /><ent r="5" t="16" w="1334" /><ent r="5" t="16" w="1351" /><ent r="3" t="16" w="1452" /><ent r="4" t="18" w="1596" /><ent r="3" t="18" w="1677" /><ent r="3" t="25" w="675" /><ent r="3" t="25" w="686" /><ent r="3" t="25" w="720" /><ent r="3" t="25" w="754" /><ent r="3" t="25" w="769" /></phr></stem><stem n="sysuptim"><phr n="sysUpTime"><ent r="3" t="14" w="373" /><ent r="3" t="14" w="515" /><ent r="3" t="25" w="128" /><ent r="3" t="25" w="328" /><ent r="3" t="25" w="329" /><ent r="3" t="25" w="340" /><ent r="3" t="25" w="343" /><ent r="3" t="25" w="349" /><ent r="3" t="25" w="354" /><ent r="3" t="25" w="375" /><ent r="3" t="25" w="394" /><ent r="3" t="25" w="404" /><ent r="3" t="25" w="410" /><ent r="3" t="25" w="672" /><ent r="3" t="25" w="678" /><ent r="3" t="25" w="863" /><ent r="3" t="25" w="887" /><ent r="3" t="25" w="900" /><ent r="3" t="25" w="918" /><ent r="3" t="25" w="941" /><ent r="3" t="25" w="980" /></phr><phr n="sysuptime"><ent r="3" t="14" w="519" /><ent r="3" t="14" w="575" /></phr><phr n="sysUptime"><ent r="100" t="15" w="854" /><ent r="4" t="15" w="867" /><ent r="100" t="24" w="103" /><ent r="4" t="24" w="116" /></phr><phr n="SysUptime"><ent r="100" t="15" w="858" /><ent r="100" t="24" w="107" /></phr><phr n="sysupTime"><ent r="3" t="25" w="366" /></phr></stem><stem n="sysuptime.0"><phr n="sysUpTime.0"><ent r="3" t="14" w="374" /><ent r="3" t="14" w="373" /><ent r="3" t="14" w="516" /><ent r="3" t="14" w="515" /><ent r="3" t="25" w="330" /><ent r="3" t="25" w="329" /><ent r="3" t="25" w="376" /><ent r="3" t="25" w="375" /><ent r="3" t="25" w="673" /><ent r="3" t="25" w="672" /><ent r="3" t="25" w="864" /><ent r="3" t="25" w="863" /><ent r="3" t="25" w="888" /><ent r="3" t="25" w="887" /><ent r="3" t="25" w="901" /><ent r="3" t="25" w="900" /><ent r="3" t="25" w="919" /><ent r="3" t="25" w="918" /><ent r="3" t="25" w="942" /><ent r="3" t="25" w="941" /><ent r="3" t="25" w="981" /><ent r="3" t="25" w="980" /></phr></stem><stem n="sysuptime.0,"><phr n="sysUpTime.0,"><ent r="3" t="14" w="374" /><ent r="3" t="14" w="373" /><ent r="3" t="14" w="516" /><ent r="3" t="14" w="515" /></phr></stem><stem n="delta"><phr n="delta"><ent r="3" t="14" w="379" /></phr><phr n="Delta"><ent r="3" t="14" w="658" /></phr></stem><stem n="traffic"><phr n="traffic"><ent r="3" t="14" w="391" /></phr><phr n="Traffic"><ent r="3" t="31" w="512" /><ent r="3" t="31" w="542" /><ent r="3" t="31" w="673" /><ent r="3" t="31" w="703" /><ent r="3" t="31" w="796" /><ent r="3" t="31" w="826" /><ent r="3" t="31" w="906" /><ent r="3" t="31" w="936" /><ent r="3" t="31" w="1088" /><ent r="3" t="31" w="1118" /></phr></stem><stem n="-second"><phr n="-SECOND"><ent r="3" t="14" w="405" /><ent r="3" t="14" w="405" /><ent r="3" t="14" w="701" /><ent r="3" t="14" w="701" /><ent r="100" t="16" w="261" /><ent r="100" t="16" w="261" /></phr><phr n="-second"><ent r="100" t="16" w="252" /><ent r="100" t="16" w="252" /><ent r="7" t="16" w="488" /><ent r="7" t="16" w="488" /></phr><phr n="-Second"><ent r="9" t="16" w="674" /><ent r="9" t="16" w="674" /></phr></stem><stem n="-settabl"><phr n="-settable"><ent r="3" t="14" w="414" /><ent r="3" t="14" w="414" /><ent r="3" t="26" w="305" /><ent r="3" t="26" w="305" /></phr></stem><stem n="user-sett"><phr n="user-settable"><ent r="3" t="14" w="414" /><ent r="3" t="26" w="305" /></phr></stem><stem n="settabl"><phr n="settable"><ent r="3" t="14" w="415" /><ent r="3" t="26" w="306" /></phr></stem><stem n="&quot;interface&quot;"><phr n="&quot;Interface&quot;"><ent r="3" t="14" w="447" /></phr></stem><stem n="&quot;24&quot;"><phr n="&quot;24&quot;"><ent r="3" t="14" w="448" /></phr></stem><stem n="(usual"><phr n="(usually"><ent r="3" t="14" w="470" /><ent r="4" t="15" w="152" /><ent r="3" t="26" w="360" /></phr></stem><stem n="alreadi"><phr n="already"><ent r="3" t="14" w="484" /><ent r="3" t="23" w="911" /><ent r="3" t="26" w="373" /><ent r="3" t="28" w="953" /><ent r="3" t="42" w="156" /></phr></stem></index>