<?xml version="1.0" encoding="utf-8"?><index><stem n="(1)"><phr n="(1)"><ent r="3" t="1" w="176" /><ent r="4" t="23" w="673" /><ent r="3" t="23" w="898" /></phr></stem><stem n="backup"><phr n="backup"><ent r="3" t="1" w="182" /></phr></stem><stem n="otherwis"><phr n="otherwise"><ent r="3" t="1" w="190" /><ent r="3" t="14" w="1232" /><ent r="3" t="16" w="1909" /><ent r="3" t="26" w="195" /><ent r="4" t="28" w="265" /><ent r="3" t="33" w="749" /><ent r="3" t="58" w="321" /><ent r="6" t="69" w="827" /><ent r="6" t="69" w="1272" /><ent r="5" t="76" w="150" /></phr><phr n="Otherwise"><ent r="6" t="16" w="377" /><ent r="6" t="69" w="1085" /></phr></stem><stem n="same"><phr n="same"><ent r="3" t="1" w="206" /><ent r="3" t="3" w="189" /><ent r="3" t="4" w="701" /><ent r="6" t="5" w="360" /><ent r="5" t="9" w="92" /><ent r="5" t="9" w="137" /><ent r="3" t="10" w="414" /><ent r="3" t="13" w="2197" /><ent r="3" t="14" w="950" /><ent r="3" t="15" w="267" /><ent r="4" t="16" w="1220" /><ent r="3" t="18" w="977" /><ent r="3" t="18" w="989" /><ent r="3" t="18" w="1035" /><ent r="3" t="18" w="1165" /><ent r="3" t="18" w="1534" /><ent r="3" t="20" w="58" /><ent r="4" t="20" w="603" /><ent r="3" t="20" w="657" /><ent r="4" t="21" w="111" /><ent r="4" t="21" w="124" /><ent r="3" t="21" w="1401" /><ent r="3" t="23" w="1922" /><ent r="4" t="23" w="2432" /><ent r="3" t="25" w="297" /><ent r="4" t="25" w="598" /><ent r="3" t="26" w="294" /><ent r="3" t="27" w="128" /><ent r="3" t="28" w="870" /><ent r="3" t="29" w="30" /><ent r="3" t="33" w="173" /><ent r="3" t="34" w="426" /><ent r="3" t="34" w="1375" /><ent r="3" t="34" w="1691" /><ent r="3" t="37" w="245" /><ent r="3" t="39" w="105" /><ent r="3" t="43" w="29" /><ent r="3" t="47" w="114" /><ent r="4" t="56" w="89" /><ent r="3" t="58" w="364" /><ent r="3" t="60" w="121" /><ent r="3" t="66" w="19" /><ent r="6" t="67" w="360" /><ent r="6" t="67" w="388" /><ent r="7" t="67" w="552" /><ent r="3" t="68" w="75" /><ent r="6" t="69" w="162" /><ent r="3" t="70" w="372" /></phr><phr n="Same"><ent r="5" t="9" w="141" /><ent r="5" t="9" w="265" /><ent r="5" t="9" w="273" /><ent r="5" t="9" w="281" /><ent r="5" t="9" w="290" /><ent r="5" t="9" w="297" /><ent r="5" t="9" w="305" /></phr></stem><stem n="time"><phr n="time"><ent r="3" t="1" w="207" /><ent r="4" t="8" w="274" /><ent r="5" t="13" w="1060" /><ent r="3" t="14" w="378" /><ent r="3" t="14" w="536" /><ent r="3" t="14" w="560" /><ent r="3" t="14" w="569" /><ent r="3" t="14" w="578" /><ent r="3" t="14" w="906" /><ent r="6" t="16" w="519" /><ent r="4" t="16" w="1531" /><ent r="3" t="18" w="423" /><ent r="3" t="20" w="228" /><ent r="4" t="20" w="582" /><ent r="4" t="20" w="604" /><ent r="5" t="20" w="821" /><ent r="4" t="20" w="825" /><ent r="3" t="23" w="51" /><ent r="4" t="23" w="639" /><ent r="4" t="23" w="788" /><ent r="4" t="23" w="814" /><ent r="3" t="23" w="1614" /><ent r="3" t="23" w="1619" /><ent r="3" t="23" w="1636" /><ent r="3" t="23" w="1650" /><ent r="3" t="23" w="1659" /><ent r="4" t="23" w="1693" /><ent r="3" t="23" w="1899" /><ent r="4" t="25" w="565" /><ent r="3" t="28" w="581" /><ent r="3" t="30" w="25" /><ent r="4" t="30" w="175" /><ent r="3" t="32" w="191" /><ent r="92" t="36" w="838" /><ent r="4" t="36" w="877" /><ent r="3" t="36" w="3582" /><ent r="3" t="37" w="32" /><ent r="4" t="37" w="59" /><ent r="4" t="37" w="68" /><ent r="5" t="37" w="110" /><ent r="4" t="37" w="384" /><ent r="4" t="39" w="840" /><ent r="3" t="39" w="852" /><ent r="3" t="63" w="157" /><ent r="3" t="63" w="289" /><ent r="3" t="63" w="396" /><ent r="3" t="63" w="415" /><ent r="3" t="63" w="434" /><ent r="3" t="63" w="457" /><ent r="3" t="63" w="480" /><ent r="3" t="63" w="501" /><ent r="7" t="69" w="799" /><ent r="6" t="69" w="803" /><ent r="6" t="69" w="2191" /><ent r="6" t="69" w="2215" /><ent r="6" t="69" w="2242" /><ent r="6" t="69" w="2271" /><ent r="3" t="72" w="44" /><ent r="4" t="72" w="81" /><ent r="100" t="72" w="86" /><ent r="5" t="72" w="91" /></phr><phr n="Time"><ent r="5" t="9" w="63" /><ent r="5" t="9" w="155" /><ent r="5" t="9" w="189" /><ent r="5" t="9" w="200" /><ent r="5" t="9" w="222" /><ent r="5" t="9" w="245" /><ent r="5" t="9" w="256" /><ent r="5" t="9" w="327" /><ent r="5" t="9" w="759" /><ent r="5" t="9" w="799" /><ent r="5" t="9" w="839" /><ent r="4" t="23" w="640" /><ent r="4" t="23" w="1803" /><ent r="4" t="23" w="1822" /><ent r="5" t="30" w="163" /><ent r="100" t="37" w="84" /><ent r="92" t="37" w="89" /><ent r="3" t="38" w="610" /><ent r="3" t="38" w="619" /><ent r="8" t="69" w="393" /><ent r="8" t="69" w="974" /></phr><phr n="times"><ent r="4" t="18" w="1573" /><ent r="3" t="22" w="132" /><ent r="3" t="37" w="77" /><ent r="3" t="37" w="316" /><ent r="4" t="37" w="356" /><ent r="64" t="52" w="106" /><ent r="4" t="63" w="275" /></phr><phr n="TIME"><ent r="4" t="34" w="1322" /><ent r="100" t="36" w="319" /><ent r="65" t="36" w="882" /><ent r="3" t="36" w="3588" /><ent r="83" t="36" w="3604" /><ent r="5" t="36" w="3609" /><ent r="5" t="36" w="3633" /><ent r="100" t="37" w="6" /><ent r="6" t="37" w="173" /><ent r="3" t="37" w="285" /></phr><phr n="Times"><ent r="1000" t="37" w="4" /><ent r="100" t="37" w="13" /><ent r="100" t="37" w="16" /><ent r="100" t="37" w="19" /><ent r="102" t="37" w="25" /><ent r="3" t="37" w="45" /></phr><phr n="timings"><ent r="4" t="37" w="336" /><ent r="4" t="37" w="370" /></phr></stem><stem n="rent"><phr n="rent"><ent r="3" t="1" w="211" /></phr></stem><stem n="leas"><phr n="lease"><ent r="3" t="1" w="213" /></phr></stem><stem n="nor"><phr n="nor"><ent r="3" t="1" w="216" /><ent r="3" t="18" w="76" /><ent r="4" t="23" w="2297" /><ent r="3" t="31" w="184" /><ent r="3" t="58" w="333" /></phr></stem><stem n="modifi"><phr n="modify"><ent r="3" t="1" w="219" /><ent r="3" t="3" w="338" /><ent r="3" t="3" w="547" /><ent r="3" t="50" w="36" /><ent r="4" t="65" w="77" /></phr><phr n="modified"><ent r="3" t="3" w="122" /><ent r="5" t="50" w="105" /><ent r="3" t="50" w="132" /><ent r="100" t="67" w="467" /><ent r="7" t="67" w="472" /></phr><phr n="modifier"><ent r="4" t="23" w="2462" /><ent r="6" t="23" w="2599" /><ent r="6" t="23" w="2609" /></phr><phr n="Modified"><ent r="3" t="31" w="69" /><ent r="3" t="60" w="692" /></phr><phr n="modifies"><ent r="3" t="34" w="1392" /></phr><phr n="Modifying"><ent r="1000" t="50" w="1" /><ent r="102" t="50" w="6" /></phr><phr n="modifying"><ent r="3" t="50" w="113" /><ent r="3" t="64" w="53" /></phr></stem><stem n="adapt"><phr n="adapt"><ent r="3" t="1" w="220" /></phr></stem><stem n="translat"><phr n="translate"><ent r="3" t="1" w="221" /></phr></stem><stem n="decompil"><phr n="decompile"><ent r="3" t="1" w="222" /></phr></stem><stem n="disassembl"><phr n="disassemble"><ent r="3" t="1" w="224" /></phr></stem><stem n="violat"><phr n="violate"><ent r="3" t="1" w="229" /></phr></stem><stem n="part"><phr n="part"><ent r="3" t="1" w="231" /><ent r="3" t="5" w="46" /><ent r="6" t="5" w="238" /><ent r="6" t="5" w="291" /><ent r="5" t="5" w="400" /><ent r="5" t="13" w="259" /><ent r="3" t="13" w="2450" /><ent r="3" t="13" w="2457" /><ent r="3" t="18" w="70" /><ent r="3" t="18" w="1154" /><ent r="3" t="18" w="1186" /><ent r="3" t="25" w="784" /><ent r="3" t="33" w="506" /><ent r="3" t="34" w="442" /><ent r="3" t="36" w="1756" /><ent r="4" t="40" w="286" /><ent r="3" t="69" w="200" /><ent r="6" t="69" w="1962" /></phr><phr n="Parts"><ent r="92" t="3" w="269" /><ent r="100" t="5" w="97" /><ent r="92" t="5" w="100" /></phr><phr n="parts"><ent r="4" t="3" w="477" /><ent r="4" t="5" w="1173" /><ent r="3" t="5" w="1235" /><ent r="3" t="5" w="1241" /><ent r="3" t="36" w="3481" /><ent r="4" t="36" w="3515" /><ent r="3" t="77" w="49" /><ent r="3" t="77" w="55" /></phr></stem><stem n="termin"><phr n="terminates"><ent r="3" t="1" w="241" /><ent r="3" t="36" w="1642" /><ent r="3" t="36" w="2093" /><ent r="3" t="36" w="2137" /><ent r="3" t="36" w="4611" /></phr><phr n="terminated"><ent r="4" t="23" w="1254" /><ent r="4" t="34" w="1126" /><ent r="4" t="36" w="2212" /><ent r="3" t="36" w="4566" /><ent r="3" t="38" w="264" /></phr><phr n="terminal"><ent r="3" t="31" w="714" /></phr><phr n="Termination"><ent r="100" t="34" w="1083" /><ent r="82" t="34" w="1089" /></phr><phr n="terminate"><ent r="3" t="34" w="1549" /><ent r="3" t="36" w="1484" /><ent r="5" t="36" w="1828" /><ent r="3" t="36" w="3383" /><ent r="4" t="54" w="1239" /></phr><phr n="Terminates"><ent r="4" t="36" w="527" /><ent r="4" t="36" w="539" /></phr></stem><stem n="automat"><phr n="automatically"><ent r="3" t="1" w="242" /><ent r="4" t="4" w="451" /><ent r="3" t="8" w="29" /><ent r="3" t="8" w="244" /><ent r="3" t="8" w="321" /><ent r="5" t="13" w="226" /><ent r="5" t="13" w="265" /><ent r="4" t="28" w="73" /><ent r="4" t="28" w="91" /><ent r="3" t="36" w="1323" /><ent r="3" t="36" w="1641" /><ent r="4" t="45" w="150" /><ent r="3" t="45" w="210" /><ent r="4" t="46" w="853" /><ent r="4" t="46" w="863" /><ent r="4" t="48" w="250" /><ent r="6" t="69" w="1544" /><ent r="3" t="69" w="1623" /><ent r="4" t="76" w="68" /></phr><phr n="Automatically"><ent r="4" t="8" w="101" /><ent r="64" t="8" w="327" /><ent r="4" t="8" w="661" /><ent r="1000" t="9" w="1" /><ent r="102" t="9" w="6" /></phr></stem><stem n="disclaim"><phr n="Disclaimer"><ent r="92" t="1" w="257" /></phr><phr n="disclaims"><ent r="3" t="1" w="334" /></phr></stem><stem n="warranti"><phr n="Warranty"><ent r="92" t="1" w="259" /></phr><phr n="warranty"><ent r="3" t="1" w="275" /></phr><phr n="warranties"><ent r="3" t="1" w="336" /><ent r="3" t="1" w="350" /></phr></stem><stem n="merchant"><phr n="Merchantability"><ent r="100" t="1" w="261" /></phr><phr n="merchantability"><ent r="3" t="1" w="352" /></phr></stem><stem n="relat"><phr n="related"><ent r="3" t="1" w="267" /><ent r="6" t="5" w="958" /><ent r="6" t="5" w="1048" /><ent r="3" t="48" w="701" /><ent r="4" t="63" w="145" /><ent r="65" t="69" w="110" /><ent r="6" t="69" w="529" /><ent r="6" t="69" w="578" /><ent r="6" t="69" w="591" /><ent r="6" t="69" w="918" /><ent r="6" t="69" w="937" /><ent r="93" t="69" w="1771" /><ent r="6" t="69" w="2384" /></phr><phr n="relating"><ent r="3" t="1" w="337" /><ent r="3" t="1" w="716" /></phr><phr n="relational"><ent r="3" t="13" w="1841" /><ent r="4" t="23" w="139" /><ent r="3" t="36" w="1692" /></phr><phr n="Relational"><ent r="100" t="23" w="351" /><ent r="4" t="23" w="354" /></phr></stem><stem n="provid"><phr n="provided"><ent r="3" t="1" w="270" /><ent r="3" t="8" w="592" /><ent r="4" t="23" w="187" /><ent r="3" t="23" w="1639" /><ent r="3" t="23" w="1653" /><ent r="100" t="38" w="39" /><ent r="100" t="38" w="43" /><ent r="100" t="38" w="57" /><ent r="3" t="38" w="74" /><ent r="3" t="46" w="187" /><ent r="3" t="56" w="142" /><ent r="3" t="57" w="214" /></phr><phr n="Provides"><ent r="5" t="5" w="457" /></phr><phr n="provides"><ent r="3" t="8" w="574" /><ent r="4" t="16" w="725" /><ent r="3" t="16" w="1561" /><ent r="3" t="18" w="145" /><ent r="3" t="18" w="1514" /><ent r="3" t="21" w="450" /><ent r="3" t="21" w="944" /><ent r="3" t="39" w="25" /><ent r="3" t="39" w="530" /><ent r="3" t="40" w="491" /><ent r="3" t="42" w="37" /><ent r="3" t="54" w="46" /><ent r="3" t="56" w="12" /><ent r="3" t="57" w="233" /><ent r="3" t="58" w="188" /><ent r="3" t="58" w="224" /><ent r="3" t="58" w="253" /><ent r="3" t="65" w="515" /><ent r="6" t="67" w="155" /><ent r="6" t="67" w="230" /><ent r="6" t="69" w="1484" /></phr><phr n="provide"><ent r="4" t="17" w="420" /><ent r="3" t="36" w="1524" /><ent r="3" t="39" w="566" /><ent r="3" t="42" w="328" /><ent r="3" t="42" w="391" /><ent r="3" t="60" w="19" /><ent r="3" t="66" w="44" /><ent r="6" t="69" w="1449" /><ent r="6" t="69" w="1503" /></phr><phr n="providing"><ent r="3" t="18" w="1012" /><ent r="3" t="42" w="367" /></phr><phr n="Provide"><ent r="4" t="65" w="92" /></phr></stem><stem n="&quot;a"><phr n="&quot;AS"><ent r="3" t="1" w="271" /></phr></stem><stem n="&quot;"><phr n="&quot;"><ent r="3" t="1" w="273" /><ent r="3" t="1" w="477" /><ent r="3" t="1" w="485" /><ent r="3" t="5" w="761" /><ent r="3" t="5" w="768" /><ent r="3" t="7" w="234" /><ent r="3" t="7" w="594" /><ent r="3" t="8" w="208" /><ent r="3" t="8" w="216" /><ent r="3" t="8" w="610" /><ent r="3" t="8" w="615" /><ent r="4" t="11" w="515" /><ent r="3" t="12" w="56" /><ent r="3" t="12" w="62" /><ent r="3" t="12" w="69" /><ent r="3" t="12" w="71" /><ent r="5" t="13" w="1398" /><ent r="3" t="13" w="2090" /><ent r="3" t="14" w="169" /><ent r="3" t="14" w="190" /><ent r="3" t="14" w="300" /><ent r="3" t="14" w="501" /><ent r="3" t="14" w="508" /><ent r="3" t="14" w="520" /><ent r="3" t="14" w="561" /><ent r="3" t="14" w="570" /><ent r="3" t="14" w="579" /><ent r="3" t="14" w="796" /><ent r="3" t="14" w="810" /><ent r="3" t="14" w="1074" /><ent r="3" t="15" w="642" /><ent r="3" t="15" w="659" /><ent r="6" t="16" w="303" /><ent r="3" t="16" w="941" /><ent r="3" t="16" w="951" /><ent r="3" t="16" w="970" /><ent r="4" t="16" w="1365" /><ent r="3" t="16" w="1512" /><ent r="3" t="16" w="1930" /><ent r="3" t="16" w="2025" /><ent r="3" t="17" w="155" /><ent r="3" t="17" w="162" /><ent r="3" t="17" w="171" /><ent r="3" t="17" w="184" /><ent r="3" t="17" w="206" /><ent r="5" t="17" w="400" /><ent r="4" t="17" w="431" /><ent r="3" t="18" w="305" /><ent r="3" t="18" w="311" /><ent r="3" t="18" w="314" /><ent r="3" t="18" w="317" /><ent r="3" t="18" w="320" /><ent r="3" t="18" w="323" /><ent r="3" t="18" w="511" /><ent r="3" t="18" w="579" /><ent r="3" t="18" w="595" /><ent r="3" t="18" w="638" /><ent r="3" t="18" w="660" /><ent r="3" t="18" w="673" /><ent r="3" t="18" w="1048" /><ent r="3" t="18" w="1056" /><ent r="3" t="18" w="1092" /><ent r="3" t="18" w="1100" /><ent r="3" t="18" w="1117" /><ent r="3" t="18" w="1346" /><ent r="3" t="18" w="1354" /><ent r="3" t="18" w="1360" /><ent r="3" t="18" w="1836" /><ent r="4" t="18" w="1913" /><ent r="3" t="19" w="340" /><ent r="3" t="19" w="357" /><ent r="4" t="21" w="260" /><ent r="3" t="21" w="556" /><ent r="3" t="21" w="578" /><ent r="3" t="21" w="913" /><ent r="3" t="21" w="956" /><ent r="3" t="21" w="1294" /><ent r="3" t="21" w="1334" /><ent r="3" t="21" w="1351" /><ent r="3" t="21" w="1368" /><ent r="3" t="21" w="1417" /><ent r="3" t="21" w="1425" /><ent r="3" t="21" w="1434" /><ent r="3" t="21" w="1443" /><ent r="3" t="21" w="1451" /><ent r="3" t="21" w="1461" /><ent r="3" t="21" w="1474" /><ent r="3" t="21" w="1482" /><ent r="3" t="21" w="1490" /><ent r="3" t="21" w="1500" /><ent r="3" t="21" w="1509" /><ent r="3" t="21" w="1517" /><ent r="3" t="21" w="1525" /><ent r="3" t="21" w="1535" /><ent r="3" t="22" w="261" /><ent r="3" t="23" w="938" /><ent r="3" t="23" w="941" /><ent r="3" t="23" w="1372" /><ent r="3" t="23" w="1373" /><ent r="3" t="23" w="1421" /><ent r="3" t="23" w="1429" /><ent r="3" t="23" w="1465" /><ent r="3" t="23" w="1466" /><ent r="3" t="23" w="1473" /><ent r="3" t="23" w="1479" /><ent r="3" t="23" w="1480" /><ent r="3" t="23" w="1487" /><ent r="4" t="23" w="1704" /><ent r="3" t="23" w="1866" /><ent r="3" t="23" w="2692" /><ent r="3" t="23" w="2811" /><ent r="3" t="23" w="2821" /><ent r="4" t="24" w="224" /><ent r="4" t="24" w="291" /><ent r="3" t="25" w="935" /><ent r="3" t="26" w="108" /><ent r="3" t="26" w="124" /><ent r="3" t="28" w="648" /><ent r="3" t="28" w="653" /><ent r="3" t="28" w="669" /><ent r="3" t="28" w="675" /><ent r="3" t="28" w="681" /><ent r="3" t="28" w="687" /><ent r="3" t="28" w="693" /><ent r="3" t="28" w="699" /><ent r="3" t="28" w="718" /><ent r="3" t="28" w="725" /><ent r="3" t="28" w="984" /><ent r="3" t="28" w="992" /><ent r="3" t="28" w="1000" /><ent r="3" t="28" w="1052" /><ent r="3" t="28" w="1091" /><ent r="3" t="28" w="1099" /><ent r="3" t="28" w="1107" /><ent r="3" t="31" w="135" /><ent r="3" t="31" w="150" /><ent r="3" t="31" w="498" /><ent r="3" t="31" w="513" /><ent r="3" t="31" w="544" /><ent r="3" t="31" w="659" /><ent r="3" t="31" w="674" /><ent r="3" t="31" w="705" /><ent r="3" t="31" w="782" /><ent r="3" t="31" w="797" /><ent r="3" t="31" w="828" /><ent r="3" t="31" w="892" /><ent r="3" t="31" w="907" /><ent r="3" t="31" w="938" /><ent r="3" t="31" w="1074" /><ent r="3" t="31" w="1089" /><ent r="3" t="31" w="1120" /><ent r="3" t="31" w="1221" /><ent r="3" t="31" w="1236" /><ent r="3" t="31" w="1252" /><ent r="3" t="31" w="1269" /><ent r="3" t="31" w="1280" /><ent r="3" t="31" w="1285" /><ent r="3" t="31" w="1298" /><ent r="3" t="31" w="1303" /><ent r="3" t="31" w="1312" /><ent r="3" t="31" w="1317" /><ent r="3" t="31" w="1322" /><ent r="3" t="31" w="1334" /><ent r="3" t="31" w="1340" /><ent r="3" t="31" w="1346" /><ent r="3" t="31" w="1352" /><ent r="3" t="31" w="1358" /><ent r="3" t="31" w="1364" /><ent r="3" t="31" w="1370" /><ent r="3" t="31" w="1376" /><ent r="3" t="31" w="1382" /><ent r="3" t="31" w="1388" /><ent r="3" t="31" w="1394" /><ent r="3" t="31" w="1400" /><ent r="3" t="31" w="1406" /><ent r="3" t="31" w="1412" /><ent r="3" t="31" w="1418" /><ent r="3" t="31" w="1424" /><ent r="3" t="31" w="1430" /><ent r="3" t="31" w="1436" /><ent r="3" t="31" w="1442" /><ent r="3" t="31" w="1448" /><ent r="3" t="31" w="1454" /><ent r="3" t="31" w="1460" /><ent r="3" t="31" w="1466" /><ent r="3" t="31" w="1472" /><ent r="3" t="31" w="1478" /><ent r="3" t="31" w="1484" /><ent r="3" t="31" w="1490" /><ent r="3" t="31" w="1496" /><ent r="3" t="31" w="1502" /><ent r="3" t="31" w="1508" /><ent r="3" t="32" w="94" /><ent r="3" t="34" w="442" /><ent r="3" t="34" w="494" /><ent r="3" t="34" w="1696" /><ent r="3" t="34" w="1699" /><ent r="3" t="34" w="1703" /><ent r="4" t="34" w="1758" /><ent r="4" t="34" w="1764" /><ent r="4" t="34" w="1771" /><ent r="4" t="34" w="1773" /><ent r="3" t="36" w="961" /><ent r="4" t="36" w="1021" /><ent r="3" t="36" w="1047" /><ent r="3" t="36" w="1049" /><ent r="3" t="36" w="1083" /><ent r="3" t="36" w="1649" /><ent r="3" t="36" w="1860" /><ent r="3" t="36" w="1979" /><ent r="3" t="36" w="2357" /><ent r="3" t="36" w="3893" /><ent r="3" t="36" w="4166" /><ent r="3" t="36" w="4245" /><ent r="3" t="36" w="4305" /><ent r="3" t="38" w="431" /><ent r="3" t="38" w="434" /><ent r="3" t="38" w="437" /><ent r="3" t="38" w="439" /><ent r="3" t="38" w="441" /><ent r="3" t="38" w="443" /><ent r="3" t="39" w="837" /><ent r="3" t="42" w="464" /><ent r="3" t="42" w="476" /><ent r="3" t="42" w="623" /><ent r="3" t="42" w="674" /><ent r="3" t="42" w="723" /><ent r="3" t="42" w="735" /><ent r="3" t="42" w="864" /><ent r="3" t="42" w="927" /><ent r="3" t="44" w="118" /><ent r="3" t="45" w="314" /><ent r="3" t="45" w="326" /><ent r="3" t="47" w="44" /><ent r="3" t="47" w="56" /><ent r="3" t="48" w="592" /><ent r="92" t="53" w="39" /><ent r="3" t="53" w="180" /><ent r="3" t="55" w="563" /><ent r="3" t="55" w="681" /><ent r="3" t="55" w="696" /><ent r="3" t="55" w="706" /><ent r="4" t="55" w="767" /><ent r="3" t="59" w="162" /><ent r="3" t="60" w="609" /><ent r="3" t="60" w="633" /><ent r="3" t="60" w="640" /><ent r="3" t="60" w="823" /><ent r="3" t="60" w="823" /><ent r="3" t="60" w="933" /><ent r="3" t="60" w="1062" /><ent r="3" t="60" w="1071" /><ent r="3" t="60" w="1084" /><ent r="3" t="60" w="1185" /><ent r="3" t="65" w="205" /><ent r="4" t="65" w="359" /><ent r="7" t="67" w="125" /><ent r="7" t="67" w="222" /><ent r="7" t="67" w="579" /><ent r="4" t="68" w="36" /><ent r="6" t="69" w="1292" /><ent r="4" t="76" w="136" /><ent r="5" t="76" w="172" /><ent r="5" t="76" w="273" /></phr></stem><stem n="without"><phr n="without"><ent r="3" t="1" w="274" /><ent r="3" t="1" w="346" /><ent r="6" t="5" w="299" /><ent r="4" t="36" w="2246" /><ent r="7" t="67" w="459" /><ent r="3" t="70" w="336" /></phr></stem><stem n="kind"><phr n="kind"><ent r="3" t="1" w="278" /><ent r="4" t="16" w="1364" /></phr><phr n="kinds"><ent r="3" t="3" w="75" /><ent r="3" t="3" w="321" /><ent r="4" t="8" w="710" /><ent r="3" t="16" w="1276" /><ent r="3" t="25" w="20" /><ent r="3" t="25" w="46" /><ent r="3" t="28" w="50" /><ent r="3" t="39" w="654" /></phr></stem><stem n="person"><phr n="person"><ent r="3" t="1" w="280" /></phr></stem><stem n="bear"><phr n="bears"><ent r="3" t="1" w="284" /></phr></stem><stem n="risk"><phr n="risk"><ent r="3" t="1" w="286" /></phr></stem><stem n="qualiti"><phr n="quality"><ent r="3" t="1" w="290" /></phr></stem><stem n="perform"><phr n="performance"><ent r="3" t="1" w="292" /><ent r="3" t="46" w="176" /><ent r="4" t="46" w="806" /><ent r="3" t="47" w="91" /></phr><phr n="perform"><ent r="3" t="13" w="1836" /><ent r="3" t="13" w="1853" /><ent r="3" t="13" w="1862" /><ent r="4" t="17" w="425" /><ent r="3" t="33" w="611" /><ent r="3" t="36" w="1687" /><ent r="3" t="36" w="1704" /><ent r="3" t="36" w="1713" /><ent r="3" t="54" w="60" /><ent r="3" t="59" w="11" /></phr><phr n="performs"><ent r="3" t="17" w="368" /><ent r="4" t="17" w="401" /></phr><phr n="Performance"><ent r="4" t="46" w="553" /><ent r="3" t="47" w="258" /></phr></stem><stem n="paid"><phr n="paid"><ent r="3" t="1" w="298" /></phr></stem><stem n="within"><phr n="within"><ent r="3" t="1" w="303" /><ent r="5" t="5" w="589" /><ent r="3" t="12" w="71" /><ent r="3" t="18" w="134" /><ent r="4" t="18" w="194" /><ent r="92" t="18" w="1508" /><ent r="3" t="18" w="1532" /><ent r="3" t="19" w="510" /><ent r="3" t="20" w="21" /><ent r="3" t="33" w="613" /><ent r="3" t="33" w="954" /><ent r="4" t="34" w="815" /><ent r="82" t="34" w="1658" /><ent r="4" t="34" w="1773" /><ent r="3" t="36" w="4157" /><ent r="3" t="36" w="4250" /><ent r="3" t="38" w="297" /><ent r="3" t="38" w="576" /><ent r="4" t="48" w="339" /><ent r="4" t="55" w="795" /><ent r="3" t="57" w="243" /><ent r="4" t="64" w="184" /><ent r="6" t="67" w="186" /><ent r="6" t="69" w="437" /><ent r="6" t="69" w="2329" /><ent r="3" t="70" w="31" /></phr><phr n="Within"><ent r="6" t="69" w="534" /><ent r="6" t="69" w="984" /></phr></stem><stem n="30"><phr n="30"><ent r="3" t="1" w="304" /><ent r="5" t="9" w="41" /><ent r="3" t="13" w="2225" /><ent r="3" t="13" w="2235" /><ent r="3" t="13" w="2278" /><ent r="3" t="34" w="1008" /><ent r="3" t="34" w="1207" /><ent r="3" t="36" w="3887" /><ent r="3" t="36" w="4115" /><ent r="3" t="36" w="4158" /><ent r="3" t="36" w="4251" /><ent r="3" t="38" w="434" /><ent r="3" t="46" w="633" /><ent r="3" t="46" w="649" /></phr></stem><stem n="dai"><phr n="days"><ent r="3" t="1" w="305" /></phr><phr n="Day"><ent r="4" t="23" w="1706" /><ent r="4" t="23" w="1725" /></phr><phr n="day"><ent r="4" t="23" w="1767" /><ent r="4" t="23" w="1793" /></phr></stem><stem n="find"><phr n="find"><ent r="3" t="1" w="306" /><ent r="4" t="16" w="1748" /><ent r="3" t="23" w="1051" /><ent r="3" t="36" w="4243" /><ent r="3" t="51" w="60" /><ent r="3" t="53" w="409" /><ent r="3" t="60" w="688" /><ent r="6" t="67" w="667" /></phr><phr n="finds"><ent r="3" t="1" w="608" /><ent r="4" t="36" w="1946" /><ent r="3" t="36" w="2416" /><ent r="3" t="64" w="92" /></phr><phr n="finding"><ent r="3" t="59" w="77" /></phr></stem><stem n="doesn"><phr n="doesn"><ent r="3" t="1" w="309" /><ent r="6" t="5" w="995" /><ent r="4" t="17" w="428" /><ent r="3" t="36" w="4152" /><ent r="3" t="36" w="4444" /><ent r="3" t="42" w="292" /><ent r="4" t="53" w="228" /><ent r="4" t="54" w="297" /><ent r="3" t="55" w="144" /><ent r="3" t="60" w="101" /><ent r="7" t="69" w="314" /><ent r="6" t="69" w="2082" /></phr></stem><stem n="'t"><phr n="'t"><ent r="3" t="1" w="310" /><ent r="6" t="5" w="996" /><ent r="4" t="8" w="126" /><ent r="4" t="8" w="686" /><ent r="3" t="15" w="59" /><ent r="3" t="16" w="1825" /><ent r="3" t="16" w="1832" /><ent r="3" t="21" w="906" /><ent r="6" t="23" w="2919" /><ent r="3" t="25" w="387" /><ent r="3" t="25" w="728" /><ent r="3" t="25" w="878" /><ent r="3" t="27" w="321" /><ent r="3" t="28" w="607" /><ent r="4" t="28" w="819" /><ent r="3" t="36" w="1038" /><ent r="3" t="36" w="2322" /><ent r="3" t="36" w="3241" /><ent r="3" t="36" w="3247" /><ent r="3" t="36" w="3969" /><ent r="3" t="36" w="4153" /><ent r="3" t="36" w="4207" /><ent r="3" t="36" w="4445" /><ent r="3" t="36" w="4534" /><ent r="3" t="42" w="293" /><ent r="3" t="53" w="28" /><ent r="4" t="53" w="229" /><ent r="4" t="53" w="235" /><ent r="4" t="54" w="298" /><ent r="3" t="55" w="145" /><ent r="3" t="55" w="379" /><ent r="3" t="60" w="102" /><ent r="3" t="63" w="354" /><ent r="7" t="69" w="315" /><ent r="6" t="69" w="897" /><ent r="6" t="69" w="1066" /><ent r="6" t="69" w="2083" /></phr></stem><stem n="doesn't"><phr n="doesn't"><ent r="3" t="1" w="310" /><ent r="3" t="1" w="309" /><ent r="6" t="5" w="996" /><ent r="6" t="5" w="995" /><ent r="4" t="17" w="429" /><ent r="4" t="17" w="428" /><ent r="3" t="36" w="4153" /><ent r="3" t="36" w="4152" /><ent r="3" t="36" w="4445" /><ent r="3" t="36" w="4444" /><ent r="3" t="42" w="293" /><ent r="3" t="42" w="292" /><ent r="4" t="53" w="229" /><ent r="4" t="53" w="228" /><ent r="4" t="54" w="298" /><ent r="4" t="54" w="297" /><ent r="3" t="55" w="145" /><ent r="3" t="55" w="144" /><ent r="3" t="60" w="102" /><ent r="3" t="60" w="101" /><ent r="7" t="69" w="315" /><ent r="7" t="69" w="314" /><ent r="6" t="69" w="2083" /><ent r="6" t="69" w="2082" /></phr></stem><stem n="t"><phr n="t"><ent r="3" t="1" w="310" /><ent r="6" t="5" w="996" /><ent r="4" t="8" w="126" /><ent r="4" t="8" w="686" /><ent r="3" t="15" w="59" /><ent r="3" t="16" w="1825" /><ent r="3" t="16" w="1832" /><ent r="4" t="17" w="429" /><ent r="3" t="21" w="906" /><ent r="6" t="23" w="2919" /><ent r="3" t="25" w="387" /><ent r="3" t="25" w="728" /><ent r="3" t="25" w="878" /><ent r="3" t="27" w="321" /><ent r="3" t="28" w="607" /><ent r="4" t="28" w="819" /><ent r="6" t="34" w="533" /><ent r="3" t="36" w="1038" /><ent r="3" t="36" w="2322" /><ent r="3" t="36" w="3241" /><ent r="3" t="36" w="3247" /><ent r="3" t="36" w="3969" /><ent r="3" t="36" w="4153" /><ent r="3" t="36" w="4207" /><ent r="3" t="36" w="4445" /><ent r="3" t="36" w="4534" /><ent r="3" t="42" w="293" /><ent r="3" t="48" w="861" /><ent r="3" t="53" w="28" /><ent r="4" t="53" w="229" /><ent r="4" t="53" w="235" /><ent r="3" t="54" w="145" /><ent r="4" t="54" w="298" /><ent r="5" t="54" w="304" /><ent r="3" t="55" w="145" /><ent r="3" t="55" w="379" /><ent r="3" t="60" w="102" /><ent r="3" t="60" w="275" /><ent r="3" t="60" w="313" /><ent r="3" t="60" w="493" /><ent r="3" t="60" w="504" /><ent r="3" t="63" w="354" /><ent r="7" t="69" w="315" /><ent r="6" t="69" w="897" /><ent r="6" t="69" w="1066" /><ent r="6" t="69" w="2083" /></phr><phr n="T"><ent r="3" t="13" w="2296" /><ent r="6" t="36" w="603" /><ent r="5" t="36" w="1865" /><ent r="5" t="36" w="2665" /></phr></stem><stem n="what"><phr n="what"><ent r="3" t="1" w="312" /><ent r="3" t="4" w="203" /><ent r="4" t="4" w="328" /><ent r="4" t="4" w="643" /><ent r="4" t="4" w="681" /><ent r="3" t="14" w="232" /><ent r="4" t="15" w="459" /><ent r="4" t="36" w="1937" /><ent r="4" t="36" w="1954" /><ent r="3" t="36" w="2407" /><ent r="3" t="36" w="2424" /><ent r="3" t="38" w="244" /><ent r="4" t="39" w="262" /><ent r="3" t="41" w="63" /><ent r="3" t="41" w="69" /><ent r="4" t="48" w="197" /><ent r="3" t="58" w="354" /></phr><phr n="What"><ent r="92" t="3" w="155" /><ent r="92" t="20" w="273" /><ent r="92" t="42" w="88" /><ent r="92" t="65" w="441" /></phr></stem></index>