<?xml version="1.0" encoding="utf-8"?><index><stem n="languag"><phr n="language"><ent r="65" t="3" w="466" /><ent r="64" t="4" w="162" /><ent r="64" t="4" w="227" /><ent r="65" t="4" w="583" /><ent r="3" t="11" w="38" /><ent r="65" t="15" w="329" /><ent r="3" t="25" w="797" /><ent r="65" t="33" w="235" /><ent r="4" t="33" w="317" /><ent r="65" t="33" w="364" /><ent r="3" t="33" w="443" /><ent r="3" t="34" w="58" /><ent r="3" t="34" w="85" /><ent r="64" t="35" w="48" /><ent r="3" t="39" w="48" /><ent r="65" t="39" w="171" /><ent r="4" t="39" w="984" /><ent r="64" t="43" w="82" /></phr><phr n="Language"><ent r="65" t="4" w="526" /><ent r="64" t="6" w="74" /><ent r="64" t="10" w="101" /><ent r="64" t="10" w="211" /><ent r="1000" t="11" w="4" /><ent r="102" t="11" w="9" /><ent r="64" t="19" w="112" /><ent r="65" t="33" w="313" /><ent r="3" t="33" w="482" /><ent r="3" t="34" w="53" /><ent r="92" t="34" w="77" /><ent r="100" t="36" w="77" /><ent r="3" t="36" w="92" /></phr></stem><stem n="sequenc"><phr n="sequence"><ent r="4" t="3" w="471" /><ent r="4" t="4" w="531" /><ent r="3" t="18" w="342" /><ent r="3" t="18" w="550" /><ent r="4" t="33" w="281" /><ent r="3" t="34" w="22" /><ent r="65" t="36" w="451" /><ent r="65" t="36" w="468" /><ent r="4" t="36" w="995" /><ent r="4" t="36" w="1003" /><ent r="3" t="36" w="1042" /><ent r="3" t="36" w="1067" /></phr><phr n="Sequence"><ent r="3" t="36" w="933" /></phr><phr n="sequences"><ent r="4" t="36" w="996" /></phr></stem><stem n="command"><phr n="commands"><ent r="4" t="3" w="473" /><ent r="4" t="4" w="533" /><ent r="65" t="4" w="548" /><ent r="3" t="11" w="43" /><ent r="3" t="11" w="53" /><ent r="4" t="11" w="134" /><ent r="3" t="23" w="2783" /><ent r="64" t="25" w="478" /><ent r="3" t="31" w="351" /><ent r="3" t="33" w="67" /><ent r="4" t="33" w="283" /><ent r="65" t="33" w="324" /><ent r="3" t="33" w="379" /><ent r="3" t="33" w="864" /><ent r="3" t="33" w="946" /><ent r="3" t="33" w="1035" /><ent r="3" t="33" w="1088" /><ent r="3" t="34" w="24" /><ent r="64" t="34" w="65" /><ent r="4" t="34" w="329" /><ent r="4" t="34" w="336" /><ent r="4" t="34" w="347" /><ent r="3" t="34" w="474" /><ent r="3" t="34" w="624" /><ent r="3" t="34" w="987" /><ent r="3" t="34" w="1470" /><ent r="3" t="36" w="84" /><ent r="3" t="36" w="150" /><ent r="4" t="36" w="429" /><ent r="3" t="36" w="493" /><ent r="92" t="36" w="747" /><ent r="3" t="36" w="751" /><ent r="3" t="36" w="2847" /><ent r="3" t="36" w="3788" /><ent r="3" t="37" w="152" /><ent r="3" t="40" w="27" /><ent r="3" t="56" w="41" /><ent r="4" t="56" w="101" /><ent r="3" t="57" w="393" /><ent r="3" t="58" w="37" /><ent r="3" t="66" w="42" /></phr><phr n="Command"><ent r="66" t="3" w="485" /><ent r="82" t="4" w="589" /><ent r="100" t="5" w="146" /><ent r="6" t="5" w="574" /><ent r="4" t="10" w="84" /><ent r="92" t="10" w="354" /><ent r="65" t="13" w="46" /><ent r="65" t="13" w="59" /><ent r="92" t="13" w="79" /><ent r="3" t="13" w="94" /><ent r="92" t="13" w="1343" /><ent r="3" t="14" w="11" /><ent r="92" t="14" w="711" /><ent r="3" t="14" w="732" /><ent r="3" t="14" w="792" /><ent r="3" t="14" w="806" /><ent r="3" t="14" w="814" /><ent r="64" t="33" w="1098" /><ent r="100" t="34" w="144" /><ent r="65" t="34" w="148" /><ent r="92" t="34" w="316" /><ent r="100" t="34" w="1011" /><ent r="82" t="34" w="1019" /><ent r="1000" t="36" w="3" /><ent r="100" t="36" w="57" /><ent r="100" t="36" w="61" /><ent r="100" t="36" w="65" /><ent r="102" t="36" w="70" /><ent r="100" t="36" w="919" /><ent r="100" t="36" w="923" /><ent r="92" t="36" w="927" /><ent r="100" t="36" w="2255" /><ent r="1000" t="39" w="1" /><ent r="100" t="39" w="12" /><ent r="102" t="39" w="16" /><ent r="100" t="39" w="65" /><ent r="100" t="39" w="71" /><ent r="100" t="39" w="78" /><ent r="92" t="39" w="95" /><ent r="92" t="39" w="195" /><ent r="100" t="39" w="377" /><ent r="100" t="39" w="381" /><ent r="64" t="39" w="497" /><ent r="92" t="39" w="581" /><ent r="100" t="39" w="891" /><ent r="92" t="39" w="898" /><ent r="4" t="39" w="1046" /><ent r="64" t="39" w="1082" /><ent r="64" t="43" w="87" /><ent r="1000" t="44" w="1" /><ent r="102" t="44" w="6" /><ent r="100" t="44" w="76" /><ent r="3" t="44" w="84" /><ent r="3" t="44" w="114" /><ent r="3" t="45" w="221" /><ent r="3" t="45" w="332" /><ent r="3" t="47" w="10" /><ent r="1000" t="54" w="5" /><ent r="102" t="54" w="43" /><ent r="100" t="54" w="689" /><ent r="5" t="54" w="722" /><ent r="1000" t="73" w="1" /><ent r="100" t="73" w="7" /><ent r="102" t="73" w="11" /><ent r="4" t="73" w="76" /><ent r="4" t="73" w="84" /></phr><phr n="command"><ent r="4" t="3" w="500" /><ent r="3" t="4" w="594" /><ent r="4" t="4" w="609" /><ent r="4" t="4" w="613" /><ent r="4" t="4" w="623" /><ent r="8" t="5" w="149" /><ent r="6" t="5" w="217" /><ent r="8" t="5" w="223" /><ent r="4" t="5" w="836" /><ent r="6" t="5" w="938" /><ent r="6" t="5" w="1131" /><ent r="3" t="10" w="378" /><ent r="3" t="13" w="124" /><ent r="5" t="13" w="192" /><ent r="5" t="13" w="231" /><ent r="5" t="13" w="269" /><ent r="3" t="13" w="293" /><ent r="5" t="13" w="393" /><ent r="5" t="13" w="1121" /><ent r="3" t="13" w="1356" /><ent r="3" t="13" w="1369" /><ent r="4" t="13" w="1777" /><ent r="3" t="13" w="2368" /><ent r="3" t="13" w="2411" /><ent r="3" t="13" w="2416" /><ent r="3" t="14" w="727" /><ent r="3" t="14" w="829" /><ent r="3" t="14" w="1079" /><ent r="3" t="14" w="1118" /><ent r="3" t="14" w="1136" /><ent r="4" t="15" w="282" /><ent r="3" t="21" w="867" /><ent r="3" t="21" w="1165" /><ent r="3" t="31" w="310" /><ent r="3" t="31" w="334" /><ent r="3" t="31" w="370" /><ent r="3" t="31" w="421" /><ent r="3" t="31" w="425" /><ent r="3" t="31" w="574" /><ent r="3" t="31" w="578" /><ent r="4" t="33" w="188" /><ent r="3" t="33" w="486" /><ent r="64" t="33" w="623" /><ent r="3" t="34" w="321" /><ent r="4" t="34" w="361" /><ent r="3" t="34" w="399" /><ent r="3" t="34" w="409" /><ent r="4" t="34" w="839" /><ent r="4" t="34" w="1093" /><ent r="3" t="34" w="1197" /><ent r="3" t="34" w="1244" /><ent r="4" t="34" w="1323" /><ent r="3" t="34" w="1494" /><ent r="3" t="34" w="1525" /><ent r="3" t="34" w="1563" /><ent r="3" t="34" w="1575" /><ent r="64" t="34" w="1611" /><ent r="4" t="34" w="1643" /><ent r="82" t="34" w="1660" /><ent r="3" t="34" w="1671" /><ent r="3" t="34" w="1714" /><ent r="100" t="36" w="25" /><ent r="3" t="36" w="180" /><ent r="3" t="36" w="217" /><ent r="4" t="36" w="565" /><ent r="4" t="36" w="900" /><ent r="3" t="36" w="1147" /><ent r="3" t="36" w="1170" /><ent r="3" t="36" w="1211" /><ent r="3" t="36" w="1237" /><ent r="3" t="36" w="1305" /><ent r="3" t="36" w="1419" /><ent r="3" t="36" w="1441" /><ent r="3" t="36" w="1469" /><ent r="3" t="36" w="1482" /><ent r="3" t="36" w="1538" /><ent r="3" t="36" w="1638" /><ent r="3" t="36" w="1770" /><ent r="3" t="36" w="1785" /><ent r="3" t="36" w="1811" /><ent r="5" t="36" w="1826" /><ent r="5" t="36" w="1847" /><ent r="3" t="36" w="1858" /><ent r="3" t="36" w="1988" /><ent r="3" t="36" w="2026" /><ent r="3" t="36" w="2047" /><ent r="3" t="36" w="2069" /><ent r="3" t="36" w="2076" /><ent r="3" t="36" w="2099" /><ent r="3" t="36" w="2114" /><ent r="3" t="36" w="2143" /><ent r="3" t="36" w="2160" /><ent r="4" t="36" w="2242" /><ent r="3" t="36" w="2355" /><ent r="3" t="36" w="2516" /><ent r="3" t="36" w="2533" /><ent r="3" t="36" w="2668" /><ent r="3" t="36" w="2766" /><ent r="3" t="36" w="2828" /><ent r="4" t="36" w="2861" /><ent r="4" t="36" w="2868" /><ent r="4" t="36" w="2874" /><ent r="3" t="36" w="2904" /><ent r="3" t="36" w="2930" /><ent r="3" t="36" w="3022" /><ent r="3" t="36" w="3096" /><ent r="3" t="36" w="3166" /><ent r="3" t="36" w="3187" /><ent r="3" t="36" w="3239" /><ent r="3" t="36" w="3272" /><ent r="3" t="36" w="3283" /><ent r="3" t="36" w="3344" /><ent r="3" t="36" w="3365" /><ent r="3" t="36" w="3378" /><ent r="3" t="36" w="3438" /><ent r="3" t="36" w="3445" /><ent r="3" t="36" w="3455" /><ent r="3" t="36" w="3569" /><ent r="3" t="36" w="3589" /><ent r="3" t="36" w="3611" /><ent r="3" t="36" w="3627" /><ent r="4" t="36" w="3654" /><ent r="4" t="36" w="3663" /><ent r="3" t="36" w="3687" /><ent r="3" t="36" w="3731" /><ent r="3" t="36" w="3808" /><ent r="3" t="36" w="3861" /><ent r="3" t="36" w="4030" /><ent r="3" t="36" w="4040" /><ent r="3" t="36" w="4081" /><ent r="3" t="36" w="4096" /><ent r="3" t="36" w="4123" /><ent r="3" t="36" w="4146" /><ent r="3" t="36" w="4292" /><ent r="3" t="36" w="4353" /><ent r="3" t="36" w="4356" /><ent r="3" t="36" w="4415" /><ent r="3" t="36" w="4432" /><ent r="3" t="36" w="4437" /><ent r="3" t="36" w="4478" /><ent r="3" t="36" w="4488" /><ent r="3" t="36" w="4514" /><ent r="3" t="36" w="4532" /><ent r="3" t="36" w="4547" /><ent r="3" t="36" w="4590" /><ent r="3" t="37" w="289" /><ent r="3" t="38" w="241" /><ent r="3" t="38" w="252" /><ent r="4" t="39" w="32" /><ent r="3" t="39" w="100" /><ent r="4" t="39" w="124" /><ent r="3" t="39" w="200" /><ent r="4" t="39" w="214" /><ent r="4" t="39" w="223" /><ent r="4" t="39" w="231" /><ent r="4" t="39" w="253" /><ent r="3" t="39" w="387" /><ent r="3" t="39" w="448" /><ent r="3" t="39" w="537" /><ent r="3" t="39" w="590" /><ent r="3" t="39" w="600" /><ent r="3" t="39" w="636" /><ent r="4" t="39" w="924" /><ent r="4" t="39" w="971" /><ent r="92" t="39" w="1100" /><ent r="3" t="39" w="1108" /><ent r="3" t="39" w="1129" /><ent r="3" t="39" w="1204" /><ent r="3" t="39" w="1226" /><ent r="4" t="40" w="45" /><ent r="4" t="40" w="55" /><ent r="4" t="40" w="68" /><ent r="4" t="40" w="81" /><ent r="4" t="40" w="199" /><ent r="4" t="40" w="342" /><ent r="5" t="40" w="369" /><ent r="3" t="40" w="443" /><ent r="3" t="40" w="465" /><ent r="3" t="40" w="530" /><ent r="3" t="41" w="32" /><ent r="3" t="41" w="130" /><ent r="3" t="42" w="17" /><ent r="3" t="42" w="29" /><ent r="3" t="42" w="203" /><ent r="3" t="42" w="522" /><ent r="3" t="42" w="529" /><ent r="3" t="42" w="568" /><ent r="3" t="42" w="573" /><ent r="3" t="42" w="787" /><ent r="3" t="42" w="794" /><ent r="3" t="42" w="824" /><ent r="3" t="42" w="831" /><ent r="3" t="44" w="19" /><ent r="3" t="44" w="148" /><ent r="3" t="44" w="162" /><ent r="3" t="44" w="179" /><ent r="3" t="44" w="199" /><ent r="3" t="44" w="217" /><ent r="3" t="45" w="24" /><ent r="3" t="45" w="29" /><ent r="3" t="45" w="338" /><ent r="3" t="45" w="386" /><ent r="3" t="45" w="411" /><ent r="3" t="45" w="416" /><ent r="3" t="46" w="16" /><ent r="3" t="46" w="110" /><ent r="4" t="46" w="344" /><ent r="3" t="47" w="115" /><ent r="3" t="47" w="217" /><ent r="3" t="47" w="251" /><ent r="3" t="47" w="267" /><ent r="3" t="48" w="19" /><ent r="3" t="48" w="610" /><ent r="3" t="48" w="650" /><ent r="3" t="48" w="667" /><ent r="4" t="49" w="75" /><ent r="3" t="54" w="50" /><ent r="3" t="54" w="83" /><ent r="3" t="54" w="351" /><ent r="92" t="54" w="681" /><ent r="3" t="54" w="697" /><ent r="3" t="54" w="701" /><ent r="3" t="54" w="713" /><ent r="4" t="54" w="726" /><ent r="4" t="54" w="738" /><ent r="92" t="54" w="1138" /><ent r="3" t="54" w="1154" /><ent r="3" t="54" w="1158" /><ent r="72" t="54" w="1263" /><ent r="3" t="54" w="1292" /><ent r="3" t="55" w="99" /><ent r="3" t="55" w="166" /><ent r="3" t="55" w="277" /><ent r="3" t="55" w="328" /><ent r="3" t="55" w="523" /><ent r="3" t="57" w="394" /><ent r="3" t="57" w="471" /><ent r="3" t="58" w="377" /><ent r="3" t="58" w="389" /><ent r="3" t="59" w="131" /><ent r="3" t="59" w="166" /><ent r="3" t="60" w="12" /><ent r="3" t="60" w="905" /><ent r="3" t="67" w="14" /><ent r="3" t="73" w="33" /><ent r="3" t="73" w="66" /></phr><phr n="Commands"><ent r="100" t="11" w="12" /><ent r="100" t="36" w="127" /><ent r="92" t="36" w="132" /><ent r="92" t="36" w="485" /><ent r="92" t="36" w="835" /><ent r="100" t="37" w="143" /><ent r="92" t="37" w="147" /><ent r="4" t="64" w="183" /><ent r="4" t="65" w="73" /></phr></stem><stem n="branch"><phr n="branching"><ent r="4" t="3" w="474" /><ent r="3" t="33" w="938" /></phr><phr n="branch"><ent r="3" t="33" w="858" /><ent r="3" t="33" w="1015" /><ent r="3" t="36" w="2116" /><ent r="3" t="36" w="2670" /><ent r="3" t="36" w="4273" /></phr><phr n="Branch"><ent r="3" t="33" w="886" /><ent r="3" t="33" w="923" /><ent r="3" t="33" w="929" /><ent r="100" t="36" w="7" /><ent r="100" t="36" w="27" /><ent r="100" t="36" w="46" /><ent r="100" t="36" w="51" /></phr><phr n="branches"><ent r="3" t="33" w="897" /><ent r="3" t="34" w="1516" /><ent r="3" t="34" w="1579" /><ent r="4" t="36" w="606" /><ent r="4" t="36" w="650" /><ent r="4" t="36" w="689" /><ent r="4" t="36" w="2695" /><ent r="3" t="36" w="2773" /><ent r="3" t="36" w="2794" /><ent r="3" t="36" w="3029" /><ent r="4" t="36" w="3050" /><ent r="3" t="36" w="3800" /><ent r="3" t="36" w="4255" /></phr><phr n="Branches"><ent r="4" t="36" w="575" /></phr></stem><stem n="command-lin"><phr n="Command-line"><ent r="66" t="3" w="485" /><ent r="82" t="4" w="589" /><ent r="100" t="5" w="146" /><ent r="6" t="5" w="574" /><ent r="4" t="10" w="84" /><ent r="65" t="13" w="46" /><ent r="3" t="13" w="94" /><ent r="92" t="13" w="1343" /><ent r="3" t="14" w="11" /><ent r="3" t="14" w="732" /><ent r="100" t="39" w="65" /><ent r="100" t="39" w="71" /><ent r="100" t="39" w="78" /><ent r="92" t="39" w="195" /><ent r="100" t="39" w="377" /><ent r="100" t="39" w="381" /><ent r="100" t="39" w="891" /><ent r="92" t="39" w="898" /><ent r="4" t="39" w="1046" /><ent r="1000" t="73" w="1" /><ent r="102" t="73" w="11" /><ent r="4" t="73" w="76" /><ent r="4" t="73" w="84" /></phr><phr n="command-line"><ent r="3" t="4" w="594" /><ent r="4" t="4" w="609" /><ent r="8" t="5" w="149" /><ent r="6" t="5" w="217" /><ent r="8" t="5" w="223" /><ent r="6" t="5" w="1131" /><ent r="3" t="10" w="378" /><ent r="5" t="13" w="192" /><ent r="5" t="13" w="231" /><ent r="5" t="13" w="269" /><ent r="5" t="13" w="393" /><ent r="3" t="13" w="1369" /><ent r="4" t="13" w="1777" /><ent r="3" t="13" w="2368" /><ent r="3" t="13" w="2416" /><ent r="3" t="14" w="727" /><ent r="3" t="14" w="829" /><ent r="4" t="15" w="282" /><ent r="4" t="33" w="188" /><ent r="3" t="36" w="1811" /><ent r="4" t="39" w="32" /><ent r="3" t="39" w="100" /><ent r="4" t="39" w="124" /><ent r="3" t="39" w="200" /><ent r="4" t="39" w="214" /><ent r="3" t="39" w="387" /><ent r="3" t="39" w="448" /><ent r="3" t="39" w="537" /><ent r="4" t="39" w="924" /><ent r="92" t="39" w="1100" /><ent r="3" t="42" w="17" /><ent r="3" t="42" w="29" /><ent r="3" t="42" w="203" /><ent r="3" t="44" w="19" /><ent r="3" t="44" w="162" /><ent r="3" t="45" w="24" /><ent r="3" t="45" w="29" /><ent r="3" t="46" w="16" /><ent r="3" t="48" w="19" /><ent r="3" t="57" w="394" /><ent r="3" t="73" w="66" /></phr><phr n="Command-Line"><ent r="92" t="10" w="354" /><ent r="92" t="39" w="95" /><ent r="3" t="45" w="332" /></phr></stem><stem n="invok"><phr n="invoke"><ent r="4" t="3" w="491" /><ent r="100" t="5" w="617" /><ent r="6" t="5" w="623" /><ent r="6" t="5" w="629" /><ent r="3" t="39" w="285" /><ent r="3" t="39" w="630" /><ent r="3" t="46" w="126" /><ent r="4" t="48" w="223" /></phr><phr n="invoked"><ent r="5" t="13" w="1179" /><ent r="3" t="15" w="98" /><ent r="3" t="45" w="103" /><ent r="3" t="46" w="618" /><ent r="3" t="60" w="62" /></phr><phr n="invokes"><ent r="3" t="39" w="588" /><ent r="3" t="47" w="74" /></phr><phr n="Invoking"><ent r="100" t="54" w="33" /><ent r="92" t="54" w="678" /><ent r="100" t="54" w="684" /><ent r="100" t="54" w="686" /></phr></stem><stem n="(a"><phr n="(as"><ent r="4" t="3" w="496" /><ent r="3" t="34" w="253" /><ent r="3" t="36" w="3337" /><ent r="6" t="67" w="362" /></phr></stem><stem n="&quot;from"><phr n="&quot;from"><ent r="4" t="3" w="498" /><ent r="3" t="14" w="558" /></phr></stem><stem n="&quot;),"><phr n="&quot;),"><ent r="4" t="3" w="502" /></phr></stem><stem n="big"><phr n="Big"><ent r="5" t="3" w="513" /><ent r="4" t="3" w="517" /><ent r="4" t="3" w="531" /><ent r="100" t="11" w="359" /><ent r="7" t="11" w="388" /><ent r="8" t="11" w="393" /><ent r="100" t="23" w="2594" /><ent r="3" t="31" w="496" /><ent r="3" t="31" w="657" /><ent r="3" t="31" w="780" /><ent r="3" t="31" w="890" /><ent r="3" t="31" w="1072" /></phr><phr n="big"><ent r="4" t="23" w="2479" /><ent r="6" t="23" w="2597" /></phr></stem><stem n="brother"><phr n="Brother"><ent r="5" t="3" w="514" /><ent r="4" t="3" w="532" /></phr></stem><stem n="brother™"><phr n="Brother™"><ent r="4" t="3" w="518" /></phr></stem><stem n="-sourc"><phr n="-source"><ent r="4" t="3" w="521" /><ent r="4" t="3" w="521" /></phr></stem><stem n="open-sourc"><phr n="open-source"><ent r="4" t="3" w="521" /></phr></stem><stem n="listen"><phr n="listens"><ent r="4" t="3" w="527" /><ent r="3" t="31" w="160" /></phr></stem><stem n="report"><phr n="reports"><ent r="4" t="3" w="529" /><ent r="3" t="36" w="4581" /><ent r="3" t="61" w="71" /></phr><phr n="report"><ent r="4" t="8" w="90" /><ent r="4" t="8" w="650" /><ent r="5" t="20" w="175" /><ent r="6" t="69" w="302" /></phr><phr n="reported"><ent r="3" t="25" w="163" /><ent r="3" t="25" w="418" /><ent r="3" t="38" w="344" /></phr><phr n="Reports"><ent r="1000" t="61" w="6" /><ent r="102" t="61" w="14" /><ent r="3" t="61" w="18" /><ent r="3" t="61" w="43" /><ent r="3" t="61" w="61" /><ent r="3" t="61" w="74" /></phr><phr n="reporting"><ent r="3" t="70" w="165" /></phr></stem><stem n="client"><phr n="clients"><ent r="4" t="3" w="533" /><ent r="3" t="70" w="179" /></phr><phr n="client"><ent r="6" t="69" w="820" /><ent r="6" t="69" w="1265" /><ent r="6" t="69" w="1320" /><ent r="6" t="69" w="1663" /><ent r="6" t="69" w="1694" /><ent r="5" t="69" w="1740" /></phr></stem><stem n="fairli"><phr n="fairly"><ent r="3" t="3" w="544" /></phr></stem><stem n="straightforward"><phr n="straightforward"><ent r="3" t="3" w="545" /><ent r="3" t="10" w="192" /><ent r="3" t="19" w="93" /><ent r="4" t="48" w="391" /><ent r="3" t="56" w="46" /></phr></stem><stem n="exist"><phr n="existing"><ent r="3" t="3" w="549" /><ent r="3" t="13" w="594" /><ent r="3" t="18" w="999" /><ent r="4" t="20" w="256" /><ent r="4" t="21" w="738" /><ent r="3" t="63" w="198" /></phr><phr n="exists"><ent r="3" t="13" w="2408" /><ent r="4" t="28" w="132" /><ent r="3" t="42" w="157" /><ent r="3" t="60" w="810" /><ent r="3" t="65" w="416" /></phr><phr n="existent"><ent r="3" t="34" w="1493" /><ent r="3" t="53" w="538" /></phr><phr n="exist"><ent r="3" t="42" w="294" /><ent r="3" t="55" w="146" /><ent r="3" t="60" w="608" /><ent r="6" t="67" w="721" /><ent r="6" t="69" w="2084" /></phr><phr n="Exists"><ent r="3" t="60" w="912" /><ent r="3" t="60" w="941" /><ent r="3" t="60" w="959" /><ent r="3" t="60" w="974" /></phr><phr n="Existing"><ent r="3" t="63" w="113" /></phr></stem><stem n="produc"><phr n="produce"><ent r="3" t="3" w="552" /><ent r="4" t="15" w="247" /><ent r="3" t="34" w="1397" /><ent r="3" t="46" w="684" /></phr><phr n="produces"><ent r="3" t="57" w="193" /></phr><phr n="produced"><ent r="6" t="69" w="744" /></phr></stem><stem n="might"><phr n="might"><ent r="3" t="3" w="563" /><ent r="3" t="4" w="55" /><ent r="6" t="5" w="676" /><ent r="3" t="13" w="2532" /><ent r="3" t="15" w="70" /><ent r="3" t="18" w="110" /><ent r="3" t="25" w="670" /><ent r="3" t="25" w="713" /><ent r="3" t="25" w="847" /><ent r="3" t="28" w="636" /><ent r="4" t="40" w="193" /><ent r="3" t="45" w="204" /><ent r="3" t="53" w="209" /><ent r="3" t="57" w="221" /><ent r="3" t="57" w="400" /></phr></stem><stem n="consid"><phr n="consider"><ent r="3" t="3" w="567" /></phr><phr n="considered"><ent r="3" t="25" w="154" /><ent r="4" t="25" w="555" /><ent r="3" t="25" w="789" /></phr></stem><stem n="share"><phr n="Sharing"><ent r="64" t="3" w="574" /><ent r="1000" t="51" w="1" /><ent r="102" t="51" w="4" /><ent r="92" t="51" w="49" /></phr><phr n="share"><ent r="4" t="5" w="1311" /><ent r="3" t="18" w="1033" /><ent r="3" t="61" w="128" /><ent r="4" t="77" w="125" /></phr><phr n="sharing"><ent r="3" t="39" w="112" /></phr></stem><stem n="format"><phr n="Format"><ent r="100" t="4" w="17" /><ent r="3" t="4" w="153" /><ent r="4" t="4" w="573" /><ent r="100" t="15" w="28" /><ent r="4" t="15" w="320" /><ent r="6" t="16" w="299" /><ent r="7" t="16" w="629" /><ent r="64" t="20" w="914" /><ent r="1000" t="21" w="4" /><ent r="102" t="21" w="9" /><ent r="4" t="23" w="767" /><ent r="3" t="23" w="1175" /><ent r="3" t="23" w="1625" /><ent r="6" t="23" w="2521" /><ent r="4" t="30" w="62" /><ent r="4" t="30" w="95" /><ent r="4" t="33" w="226" /><ent r="4" t="33" w="354" /><ent r="100" t="34" w="145" /><ent r="65" t="34" w="149" /><ent r="100" t="34" w="155" /><ent r="100" t="34" w="161" /><ent r="65" t="34" w="165" /><ent r="100" t="34" w="175" /><ent r="65" t="34" w="181" /><ent r="92" t="34" w="317" /><ent r="92" t="34" w="471" /><ent r="92" t="34" w="984" /><ent r="3" t="35" w="38" /><ent r="4" t="39" w="162" /><ent r="100" t="71" w="16" /><ent r="3" t="71" w="95" /></phr><phr n="format"><ent r="3" t="4" w="215" /><ent r="3" t="4" w="702" /><ent r="3" t="4" w="707" /><ent r="5" t="5" w="470" /><ent r="3" t="7" w="76" /><ent r="3" t="10" w="408" /><ent r="5" t="11" w="301" /><ent r="5" t="13" w="349" /><ent r="5" t="13" w="1064" /><ent r="3" t="13" w="1517" /><ent r="3" t="14" w="469" /><ent r="3" t="15" w="269" /><ent r="4" t="16" w="1003" /><ent r="4" t="16" w="1146" /><ent r="4" t="18" w="822" /><ent r="3" t="21" w="30" /><ent r="3" t="22" w="26" /><ent r="3" t="22" w="93" /><ent r="4" t="23" w="764" /><ent r="4" t="23" w="771" /><ent r="4" t="23" w="791" /><ent r="4" t="23" w="821" /><ent r="3" t="23" w="1170" /><ent r="3" t="23" w="1181" /><ent r="3" t="23" w="1188" /><ent r="3" t="23" w="1309" /><ent r="3" t="23" w="1434" /><ent r="3" t="23" w="1503" /><ent r="3" t="23" w="1523" /><ent r="3" t="23" w="1530" /><ent r="3" t="23" w="1575" /><ent r="3" t="23" w="1622" /><ent r="3" t="23" w="1629" /><ent r="3" t="23" w="1662" /><ent r="3" t="23" w="1845" /><ent r="3" t="23" w="1906" /><ent r="3" t="23" w="1924" /><ent r="4" t="23" w="2354" /><ent r="3" t="23" w="2377" /><ent r="4" t="23" w="2485" /><ent r="3" t="23" w="2700" /><ent r="3" t="23" w="2704" /><ent r="3" t="25" w="960" /><ent r="3" t="25" w="985" /><ent r="3" t="25" w="1003" /><ent r="3" t="26" w="359" /><ent r="3" t="28" w="544" /><ent r="3" t="28" w="745" /><ent r="3" t="28" w="760" /><ent r="3" t="29" w="22" /><ent r="3" t="30" w="38" /><ent r="4" t="30" w="252" /><ent r="4" t="30" w="269" /><ent r="3" t="30" w="322" /><ent r="3" t="32" w="139" /><ent r="3" t="32" w="197" /><ent r="3" t="33" w="175" /><ent r="3" t="34" w="402" /><ent r="4" t="34" w="1654" /><ent r="82" t="34" w="1720" /><ent r="4" t="36" w="460" /><ent r="4" t="36" w="464" /><ent r="4" t="36" w="475" /><ent r="3" t="36" w="942" /><ent r="3" t="36" w="946" /><ent r="3" t="36" w="974" /><ent r="3" t="36" w="1036" /><ent r="3" t="36" w="1074" /><ent r="3" t="36" w="1097" /><ent r="3" t="37" w="239" /><ent r="3" t="39" w="107" /><ent r="3" t="43" w="70" /><ent r="4" t="46" w="488" /><ent r="4" t="46" w="532" /><ent r="3" t="53" w="324" /><ent r="3" t="53" w="481" /><ent r="4" t="54" w="254" /><ent r="3" t="54" w="447" /><ent r="3" t="58" w="109" /><ent r="3" t="58" w="116" /><ent r="4" t="58" w="147" /><ent r="3" t="58" w="204" /><ent r="3" t="59" w="27" /><ent r="4" t="64" w="175" /><ent r="6" t="67" w="610" /><ent r="3" t="69" w="18" /><ent r="67" t="69" w="1028" /><ent r="6" t="69" w="1317" /><ent r="6" t="69" w="2102" /><ent r="4" t="76" w="187" /></phr><phr n="formatted"><ent r="3" t="6" w="67" /><ent r="3" t="10" w="94" /><ent r="4" t="13" w="1600" /><ent r="3" t="13" w="2373" /><ent r="3" t="13" w="2496" /><ent r="4" t="23" w="761" /><ent r="4" t="23" w="786" /><ent r="3" t="23" w="1167" /><ent r="3" t="23" w="1617" /><ent r="4" t="23" w="1694" /><ent r="3" t="44" w="135" /><ent r="4" t="46" w="823" /><ent r="3" t="64" w="112" /><ent r="4" t="65" w="146" /><ent r="3" t="67" w="27" /><ent r="3" t="67" w="54" /></phr><phr n="formatting"><ent r="3" t="10" w="239" /><ent r="3" t="11" w="42" /><ent r="4" t="13" w="1580" /><ent r="4" t="13" w="1602" /><ent r="4" t="13" w="1650" /><ent r="3" t="13" w="1868" /><ent r="3" t="19" w="140" /><ent r="4" t="64" w="189" /><ent r="3" t="66" w="32" /><ent r="3" t="74" w="17" /></phr><phr n="formats"><ent r="3" t="13" w="1373" /><ent r="4" t="16" w="811" /><ent r="3" t="23" w="2498" /><ent r="3" t="23" w="2506" /><ent r="3" t="23" w="2514" /><ent r="3" t="28" w="775" /><ent r="4" t="33" w="338" /><ent r="3" t="35" w="22" /><ent r="4" t="56" w="90" /><ent r="3" t="58" w="121" /></phr><phr n="Formats"><ent r="4" t="23" w="1194" /><ent r="4" t="23" w="1202" /><ent r="4" t="23" w="1210" /><ent r="4" t="23" w="1218" /><ent r="4" t="23" w="1228" /><ent r="4" t="23" w="1238" /><ent r="4" t="23" w="1247" /><ent r="4" t="23" w="1257" /><ent r="4" t="23" w="1269" /><ent r="4" t="23" w="1279" /><ent r="4" t="23" w="1289" /></phr><phr n="Formatting"><ent r="72" t="23" w="1318" /><ent r="72" t="23" w="1431" /><ent r="72" t="23" w="1498" /><ent r="72" t="23" w="1571" /></phr></stem><stem n="describ"><phr n="described"><ent r="3" t="4" w="35" /><ent r="3" t="10" w="423" /><ent r="3" t="13" w="617" /><ent r="4" t="16" w="767" /><ent r="3" t="18" w="922" /><ent r="3" t="20" w="759" /><ent r="4" t="21" w="436" /><ent r="3" t="21" w="876" /><ent r="3" t="33" w="874" /><ent r="3" t="33" w="1084" /><ent r="3" t="33" w="1090" /><ent r="3" t="34" w="54" /><ent r="3" t="37" w="257" /><ent r="3" t="39" w="1191" /><ent r="3" t="46" w="428" /><ent r="4" t="46" w="444" /><ent r="4" t="46" w="516" /><ent r="4" t="46" w="564" /><ent r="4" t="49" w="254" /><ent r="3" t="54" w="89" /><ent r="3" t="56" w="162" /><ent r="3" t="57" w="352" /><ent r="3" t="63" w="179" /><ent r="3" t="63" w="230" /><ent r="3" t="70" w="51" /><ent r="4" t="76" w="95" /></phr><phr n="Describes"><ent r="6" t="5" w="105" /></phr><phr n="describes"><ent r="4" t="8" w="702" /><ent r="4" t="21" w="223" /><ent r="3" t="25" w="484" /><ent r="3" t="28" w="541" /><ent r="3" t="33" w="398" /></phr><phr n="describe"><ent r="3" t="10" w="144" /><ent r="3" t="10" w="314" /><ent r="3" t="10" w="371" /><ent r="3" t="19" w="45" /><ent r="3" t="23" w="3040" /><ent r="3" t="26" w="292" /><ent r="4" t="65" w="75" /><ent r="65" t="69" w="84" /><ent r="93" t="69" w="649" /></phr><phr n="Describe"><ent r="3" t="14" w="220" /></phr><phr n="describing"><ent r="3" t="18" w="752" /></phr></stem><stem n="contain"><phr n="contains"><ent r="3" t="4" w="40" /><ent r="4" t="4" w="511" /><ent r="4" t="4" w="561" /><ent r="4" t="4" w="656" /><ent r="3" t="5" w="20" /><ent r="3" t="5" w="1410" /><ent r="3" t="6" w="26" /><ent r="3" t="7" w="140" /><ent r="4" t="11" w="506" /><ent r="3" t="12" w="99" /><ent r="3" t="14" w="208" /><ent r="3" t="14" w="1244" /><ent r="3" t="17" w="47" /><ent r="4" t="17" w="426" /><ent r="4" t="20" w="630" /><ent r="3" t="21" w="25" /><ent r="3" t="21" w="484" /><ent r="3" t="21" w="531" /><ent r="3" t="22" w="21" /><ent r="3" t="22" w="76" /><ent r="4" t="23" w="770" /><ent r="3" t="23" w="1180" /><ent r="3" t="23" w="1628" /><ent r="3" t="27" w="41" /><ent r="3" t="28" w="512" /><ent r="3" t="28" w="943" /><ent r="3" t="33" w="531" /><ent r="3" t="33" w="638" /><ent r="3" t="34" w="307" /><ent r="3" t="34" w="1571" /><ent r="4" t="36" w="2592" /><ent r="4" t="36" w="2603" /><ent r="4" t="39" w="1055" /><ent r="3" t="46" w="743" /><ent r="4" t="48" w="316" /><ent r="3" t="65" w="37" /><ent r="3" t="66" w="166" /><ent r="3" t="68" w="55" /><ent r="3" t="70" w="99" /><ent r="3" t="70" w="161" /><ent r="3" t="70" w="221" /><ent r="3" t="70" w="256" /><ent r="3" t="77" w="224" /></phr><phr n="contained"><ent r="3" t="5" w="64" /><ent r="3" t="20" w="140" /><ent r="3" t="20" w="908" /><ent r="4" t="28" w="402" /><ent r="3" t="28" w="864" /><ent r="3" t="60" w="1159" /></phr><phr n="contain"><ent r="3" t="14" w="341" /><ent r="4" t="16" w="743" /><ent r="4" t="17" w="430" /><ent r="4" t="18" w="156" /><ent r="3" t="18" w="735" /><ent r="4" t="18" w="841" /><ent r="4" t="21" w="109" /><ent r="4" t="21" w="432" /><ent r="3" t="25" w="65" /><ent r="3" t="33" w="538" /><ent r="3" t="36" w="2460" /><ent r="3" t="36" w="3311" /><ent r="3" t="36" w="4446" /><ent r="3" t="55" w="134" /><ent r="3" t="63" w="27" /><ent r="3" t="65" w="49" /><ent r="3" t="65" w="66" /><ent r="3" t="65" w="244" /><ent r="3" t="66" w="56" /></phr><phr n="containing"><ent r="4" t="15" w="965" /><ent r="4" t="16" w="1329" /><ent r="4" t="24" w="210" /><ent r="3" t="27" w="195" /><ent r="3" t="28" w="585" /><ent r="4" t="36" w="288" /><ent r="3" t="36" w="3289" /><ent r="3" t="42" w="308" /><ent r="3" t="63" w="337" /></phr><phr n="Contain"><ent r="4" t="64" w="156" /></phr></stem></index>