<?xml version="1.0" encoding="utf-8"?><index><stem n="ldap"><phr n="LDAP"><ent r="100" t="3" w="14" /><ent r="3" t="3" w="61" /><ent r="4" t="36" w="479" /><ent r="3" t="36" w="965" /><ent r="3" t="36" w="1087" /></phr></stem><stem n="internet"><phr n="Internet"><ent r="3" t="3" w="18" /></phr></stem><stem n="servic"><phr n="services"><ent r="3" t="3" w="19" /><ent r="4" t="48" w="386" /></phr><phr n="Services"><ent r="6" t="5" w="929" /></phr><phr n="Service"><ent r="3" t="32" w="99" /><ent r="5" t="48" w="64" /><ent r="3" t="48" w="156" /><ent r="3" t="48" w="477" /><ent r="3" t="48" w="525" /><ent r="3" t="48" w="538" /></phr><phr n="service"><ent r="3" t="36" w="4551" /><ent r="3" t="48" w="129" /><ent r="4" t="48" w="425" /></phr><phr n="SERVICE"><ent r="3" t="46" w="534" /></phr></stem><stem n="simpli"><phr n="simply"><ent r="3" t="3" w="20" /><ent r="3" t="4" w="406" /><ent r="3" t="18" w="969" /><ent r="4" t="18" w="1627" /><ent r="3" t="26" w="196" /><ent r="3" t="64" w="270" /><ent r="4" t="76" w="81" /></phr></stem><stem n="ping"><phr n="pinging"><ent r="3" t="3" w="21" /></phr><phr n="ping"><ent r="6" t="5" w="889" /><ent r="4" t="40" w="262" /><ent r="5" t="40" w="355" /><ent r="3" t="47" w="190" /></phr><phr n="Pings"><ent r="5" t="37" w="325" /></phr><phr n="Ping"><ent r="4" t="37" w="343" /></phr></stem><stem n="&quot;pinging&quot;"><phr n="&quot;pinging&quot;"><ent r="3" t="3" w="22" /></phr></stem><stem n="suffici"><phr n="sufficient"><ent r="3" t="3" w="27" /><ent r="3" t="54" w="74" /></phr></stem><stem n="oper"><phr n="operating"><ent r="3" t="3" w="33" /><ent r="4" t="39" w="661" /></phr><phr n="operation"><ent r="3" t="3" w="52" /><ent r="5" t="13" w="274" /><ent r="4" t="15" w="299" /><ent r="5" t="20" w="196" /><ent r="5" t="20" w="208" /><ent r="4" t="33" w="205" /><ent r="3" t="38" w="213" /><ent r="4" t="39" w="141" /><ent r="3" t="58" w="290" /></phr><phr n="operators"><ent r="3" t="13" w="1824" /><ent r="4" t="16" w="782" /><ent r="3" t="17" w="347" /><ent r="4" t="17" w="418" /><ent r="4" t="23" w="140" /><ent r="4" t="23" w="165" /><ent r="3" t="36" w="1677" /></phr><phr n="operations"><ent r="3" t="13" w="1858" /><ent r="3" t="13" w="1863" /><ent r="4" t="23" w="211" /><ent r="3" t="36" w="498" /><ent r="3" t="36" w="1709" /><ent r="3" t="36" w="1714" /></phr><phr n="operational"><ent r="3" t="15" w="117" /></phr><phr n="Operational"><ent r="3" t="18" w="318" /></phr><phr n="operator"><ent r="3" t="20" w="391" /><ent r="4" t="20" w="567" /><ent r="4" t="20" w="585" /><ent r="4" t="23" w="273" /><ent r="6" t="23" w="2884" /><ent r="4" t="25" w="274" /><ent r="3" t="25" w="791" /><ent r="3" t="25" w="923" /><ent r="3" t="33" w="643" /><ent r="3" t="34" w="976" /></phr><phr n="Operation"><ent r="5" t="21" w="655" /></phr><phr n="operate"><ent r="3" t="36" w="151" /><ent r="4" t="36" w="431" /><ent r="3" t="36" w="2849" /></phr></stem><stem n="correctli"><phr n="correctly"><ent r="3" t="3" w="34" /></phr></stem><stem n="number"><phr n="number"><ent r="3" t="3" w="38" /><ent r="3" t="4" w="42" /><ent r="100" t="5" w="505" /><ent r="6" t="5" w="508" /><ent r="6" t="5" w="665" /><ent r="3" t="5" w="778" /><ent r="3" t="7" w="370" /><ent r="5" t="13" w="177" /><ent r="5" t="13" w="1017" /><ent r="5" t="13" w="1046" /><ent r="5" t="13" w="1071" /><ent r="5" t="13" w="1167" /><ent r="5" t="13" w="1185" /><ent r="5" t="13" w="1233" /><ent r="3" t="13" w="1568" /><ent r="4" t="13" w="1585" /><ent r="3" t="14" w="180" /><ent r="3" t="14" w="1216" /><ent r="3" t="14" w="1228" /><ent r="3" t="14" w="1304" /><ent r="3" t="14" w="1308" /><ent r="3" t="14" w="1321" /><ent r="4" t="15" w="292" /><ent r="4" t="15" w="943" /><ent r="6" t="16" w="365" /><ent r="6" t="16" w="372" /><ent r="6" t="16" w="421" /><ent r="6" t="16" w="433" /><ent r="6" t="16" w="458" /><ent r="6" t="16" w="482" /><ent r="4" t="16" w="1082" /><ent r="4" t="16" w="1135" /><ent r="3" t="16" w="1563" /><ent r="4" t="16" w="1733" /><ent r="4" t="18" w="171" /><ent r="4" t="18" w="175" /><ent r="3" t="18" w="363" /><ent r="3" t="18" w="413" /><ent r="3" t="18" w="463" /><ent r="3" t="18" w="1014" /><ent r="4" t="18" w="1389" /><ent r="3" t="19" w="348" /><ent r="3" t="21" w="1304" /><ent r="3" t="22" w="129" /><ent r="4" t="23" w="803" /><ent r="3" t="23" w="974" /><ent r="4" t="23" w="1223" /><ent r="4" t="23" w="1233" /><ent r="3" t="23" w="1340" /><ent r="3" t="23" w="1347" /><ent r="3" t="23" w="1512" /><ent r="4" t="23" w="1714" /><ent r="4" t="23" w="1720" /><ent r="4" t="23" w="1729" /><ent r="4" t="23" w="1735" /><ent r="4" t="23" w="1741" /><ent r="4" t="23" w="1752" /><ent r="4" t="23" w="1761" /><ent r="4" t="23" w="1775" /><ent r="4" t="23" w="1787" /><ent r="4" t="23" w="1809" /><ent r="3" t="23" w="1888" /><ent r="4" t="23" w="2402" /><ent r="3" t="23" w="3050" /><ent r="4" t="24" w="188" /><ent r="3" t="26" w="116" /><ent r="4" t="28" w="399" /><ent r="3" t="31" w="143" /><ent r="3" t="31" w="1585" /><ent r="4" t="33" w="198" /><ent r="3" t="33" w="966" /><ent r="3" t="34" w="1036" /><ent r="3" t="34" w="1532" /><ent r="3" t="34" w="1543" /><ent r="100" t="36" w="304" /><ent r="4" t="36" w="311" /><ent r="4" t="36" w="382" /><ent r="4" t="36" w="581" /><ent r="4" t="36" w="735" /><ent r="65" t="36" w="818" /><ent r="4" t="36" w="892" /><ent r="4" t="36" w="909" /><ent r="4" t="36" w="1018" /><ent r="3" t="36" w="1276" /><ent r="3" t="36" w="1430" /><ent r="3" t="36" w="1877" /><ent r="3" t="36" w="2057" /><ent r="3" t="36" w="2086" /><ent r="3" t="36" w="2122" /><ent r="3" t="36" w="2130" /><ent r="83" t="36" w="2520" /><ent r="3" t="36" w="2553" /><ent r="4" t="36" w="2618" /><ent r="4" t="36" w="2624" /><ent r="3" t="36" w="2916" /><ent r="3" t="36" w="2961" /><ent r="3" t="36" w="3477" /><ent r="3" t="36" w="3619" /><ent r="4" t="36" w="3644" /><ent r="3" t="36" w="3691" /><ent r="3" t="36" w="3711" /><ent r="3" t="36" w="3755" /><ent r="3" t="36" w="3764" /><ent r="3" t="36" w="3774" /><ent r="3" t="36" w="4135" /><ent r="4" t="37" w="395" /><ent r="100" t="38" w="159" /><ent r="3" t="38" w="162" /><ent r="3" t="38" w="284" /><ent r="3" t="38" w="300" /><ent r="4" t="39" w="134" /><ent r="3" t="39" w="568" /><ent r="3" t="42" w="330" /><ent r="3" t="45" w="354" /><ent r="5" t="50" w="96" /><ent r="3" t="50" w="124" /><ent r="3" t="52" w="10" /><ent r="3" t="52" w="117" /><ent r="100" t="54" w="224" /><ent r="4" t="54" w="232" /><ent r="4" t="54" w="287" /><ent r="3" t="54" w="376" /><ent r="3" t="54" w="836" /><ent r="4" t="54" w="1206" /><ent r="3" t="55" w="312" /><ent r="3" t="55" w="356" /><ent r="3" t="55" w="409" /><ent r="3" t="56" w="135" /><ent r="3" t="58" w="51" /><ent r="3" t="65" w="517" /><ent r="7" t="67" w="316" /><ent r="6" t="67" w="619" /><ent r="3" t="73" w="39" /></phr><phr n="numbering"><ent r="3" t="4" w="116" /></phr><phr n="Number"><ent r="5" t="9" w="737" /><ent r="3" t="14" w="1133" /><ent r="3" t="15" w="671" /><ent r="100" t="15" w="716" /><ent r="100" t="15" w="718" /><ent r="100" t="15" w="724" /><ent r="100" t="16" w="869" /><ent r="100" t="16" w="871" /><ent r="100" t="16" w="877" /><ent r="100" t="34" w="578" /><ent r="5" t="34" w="581" /><ent r="100" t="34" w="586" /><ent r="5" t="34" w="589" /><ent r="100" t="36" w="104" /><ent r="100" t="36" w="301" /><ent r="3" t="42" w="892" /><ent r="3" t="42" w="901" /><ent r="100" t="54" w="111" /><ent r="100" t="54" w="226" /></phr><phr n="numbers"><ent r="5" t="13" w="369" /><ent r="5" t="13" w="708" /><ent r="5" t="13" w="1327" /><ent r="3" t="13" w="2130" /><ent r="4" t="16" w="212" /><ent r="4" t="23" w="130" /><ent r="3" t="25" w="67" /><ent r="6" t="67" w="603" /></phr><phr n="numbered"><ent r="6" t="23" w="2958" /><ent r="3" t="24" w="69" /><ent r="4" t="24" w="238" /><ent r="4" t="24" w="279" /><ent r="5" t="24" w="284" /><ent r="4" t="24" w="299" /><ent r="4" t="24" w="308" /><ent r="4" t="34" w="817" /></phr></stem><stem n="differ"><phr n="different"><ent r="3" t="3" w="46" /><ent r="3" t="3" w="352" /><ent r="4" t="3" w="476" /><ent r="6" t="5" w="294" /><ent r="5" t="13" w="897" /><ent r="4" t="16" w="764" /><ent r="4" t="21" w="120" /><ent r="3" t="26" w="286" /><ent r="3" t="26" w="289" /><ent r="4" t="28" w="363" /><ent r="3" t="37" w="309" /><ent r="3" t="52" w="12" /><ent r="3" t="52" w="119" /><ent r="3" t="70" w="392" /><ent r="4" t="72" w="80" /></phr><phr n="differently"><ent r="3" t="4" w="425" /><ent r="3" t="25" w="302" /></phr><phr n="differences"><ent r="3" t="5" w="815" /><ent r="3" t="20" w="544" /></phr><phr n="difference"><ent r="3" t="14" w="362" /><ent r="6" t="16" w="509" /></phr><phr n="Differences"><ent r="6" t="69" w="303" /></phr></stem><stem n="aspect"><phr n="aspects"><ent r="3" t="3" w="47" /><ent r="4" t="4" w="358" /><ent r="4" t="15" w="489" /><ent r="3" t="15" w="818" /><ent r="3" t="24" w="25" /></phr></stem><stem n="device'"><phr n="device's"><ent r="3" t="3" w="51" /><ent r="3" t="3" w="50" /><ent r="4" t="3" w="248" /><ent r="4" t="3" w="247" /><ent r="4" t="3" w="265" /><ent r="4" t="3" w="264" /><ent r="4" t="3" w="366" /><ent r="4" t="3" w="365" /><ent r="4" t="3" w="456" /><ent r="4" t="3" w="455" /><ent r="4" t="3" w="510" /><ent r="4" t="3" w="509" /><ent r="4" t="3" w="538" /><ent r="4" t="3" w="537" /><ent r="3" t="4" w="208" /><ent r="3" t="4" w="207" /><ent r="4" t="4" w="312" /><ent r="4" t="4" w="311" /><ent r="4" t="4" w="488" /><ent r="4" t="4" w="487" /><ent r="4" t="4" w="686" /><ent r="4" t="4" w="685" /><ent r="6" t="5" w="636" /><ent r="6" t="5" w="635" /><ent r="6" t="5" w="658" /><ent r="6" t="5" w="657" /><ent r="5" t="13" w="167" /><ent r="5" t="13" w="166" /><ent r="5" t="13" w="312" /><ent r="5" t="13" w="311" /><ent r="5" t="13" w="638" /><ent r="5" t="13" w="637" /><ent r="5" t="13" w="1288" /><ent r="5" t="13" w="1287" /><ent r="3" t="14" w="622" /><ent r="3" t="14" w="621" /><ent r="3" t="14" w="1001" /><ent r="3" t="14" w="1000" /><ent r="4" t="15" w="147" /><ent r="4" t="15" w="146" /><ent r="4" t="15" w="443" /><ent r="4" t="15" w="442" /><ent r="3" t="17" w="274" /><ent r="3" t="17" w="273" /><ent r="3" t="17" w="318" /><ent r="3" t="17" w="317" /><ent r="3" t="18" w="286" /><ent r="3" t="18" w="285" /><ent r="3" t="19" w="429" /><ent r="3" t="19" w="428" /><ent r="3" t="20" w="293" /><ent r="3" t="20" w="292" /><ent r="3" t="20" w="350" /><ent r="3" t="20" w="349" /><ent r="3" t="20" w="502" /><ent r="3" t="20" w="501" /><ent r="3" t="21" w="482" /><ent r="3" t="21" w="481" /><ent r="3" t="21" w="566" /><ent r="3" t="21" w="565" /><ent r="4" t="21" w="664" /><ent r="4" t="21" w="663" /><ent r="4" t="21" w="782" /><ent r="4" t="21" w="781" /><ent r="3" t="21" w="893" /><ent r="3" t="21" w="892" /><ent r="3" t="26" w="160" /><ent r="3" t="26" w="159" /><ent r="3" t="26" w="411" /><ent r="3" t="26" w="410" /><ent r="3" t="27" w="53" /><ent r="3" t="27" w="52" /><ent r="3" t="27" w="254" /><ent r="3" t="27" w="253" /><ent r="3" t="29" w="25" /><ent r="3" t="29" w="24" /><ent r="3" t="31" w="212" /><ent r="3" t="31" w="211" /><ent r="3" t="32" w="320" /><ent r="3" t="32" w="319" /><ent r="3" t="32" w="345" /><ent r="3" t="32" w="344" /><ent r="3" t="33" w="45" /><ent r="3" t="33" w="44" /><ent r="4" t="33" w="351" /><ent r="4" t="33" w="350" /><ent r="3" t="33" w="469" /><ent r="3" t="33" w="468" /><ent r="3" t="35" w="35" /><ent r="3" t="35" w="34" /><ent r="3" t="36" w="1590" /><ent r="3" t="36" w="1589" /><ent r="3" t="38" w="305" /><ent r="3" t="38" w="304" /><ent r="3" t="38" w="331" /><ent r="3" t="38" w="330" /><ent r="3" t="38" w="367" /><ent r="3" t="38" w="366" /><ent r="3" t="38" w="386" /><ent r="3" t="38" w="385" /><ent r="3" t="38" w="405" /><ent r="3" t="38" w="404" /><ent r="3" t="38" w="419" /><ent r="3" t="38" w="418" /><ent r="3" t="39" w="57" /><ent r="3" t="39" w="56" /><ent r="4" t="39" w="243" /><ent r="4" t="39" w="242" /><ent r="4" t="39" w="267" /><ent r="4" t="39" w="266" /><ent r="3" t="39" w="299" /><ent r="3" t="39" w="298" /><ent r="3" t="39" w="328" /><ent r="3" t="39" w="327" /><ent r="4" t="39" w="783" /><ent r="4" t="39" w="782" /><ent r="3" t="39" w="833" /><ent r="3" t="39" w="832" /><ent r="3" t="43" w="24" /><ent r="3" t="43" w="23" /><ent r="3" t="46" w="117" /><ent r="3" t="46" w="116" /><ent r="4" t="46" w="351" /><ent r="4" t="46" w="350" /><ent r="4" t="46" w="461" /><ent r="4" t="46" w="460" /><ent r="3" t="47" w="132" /><ent r="3" t="47" w="131" /><ent r="3" t="52" w="35" /><ent r="3" t="52" w="34" /><ent r="3" t="59" w="176" /><ent r="3" t="59" w="175" /><ent r="4" t="65" w="164" /><ent r="4" t="65" w="163" /></phr><phr n="Device's"><ent r="5" t="20" w="195" /><ent r="5" t="20" w="194" /><ent r="5" t="20" w="207" /><ent r="5" t="20" w="206" /></phr></stem><stem n="it'"><phr n="it's"><ent r="3" t="3" w="55" /><ent r="3" t="3" w="54" /><ent r="6" t="5" w="373" /><ent r="6" t="5" w="372" /><ent r="3" t="14" w="948" /><ent r="3" t="14" w="947" /><ent r="4" t="16" w="1384" /><ent r="4" t="16" w="1383" /><ent r="3" t="20" w="338" /><ent r="3" t="20" w="337" /><ent r="3" t="25" w="782" /><ent r="3" t="25" w="781" /><ent r="3" t="33" w="566" /><ent r="3" t="33" w="565" /><ent r="4" t="39" w="954" /><ent r="4" t="39" w="953" /><ent r="4" t="39" w="975" /><ent r="4" t="39" w="974" /><ent r="3" t="60" w="843" /><ent r="3" t="60" w="842" /></phr><phr n="It's"><ent r="3" t="3" w="543" /><ent r="3" t="3" w="542" /><ent r="3" t="7" w="488" /><ent r="3" t="7" w="487" /><ent r="3" t="26" w="80" /><ent r="3" t="26" w="79" /><ent r="4" t="48" w="388" /><ent r="4" t="48" w="387" /></phr></stem><stem n="etc"><phr n="etc"><ent r="3" t="3" w="63" /><ent r="4" t="8" w="98" /><ent r="4" t="8" w="658" /><ent r="5" t="13" w="1442" /><ent r="4" t="13" w="2170" /><ent r="4" t="13" w="2186" /><ent r="3" t="15" w="84" /><ent r="3" t="15" w="557" /><ent r="3" t="16" w="95" /><ent r="3" t="16" w="1999" /><ent r="4" t="18" w="184" /><ent r="4" t="18" w="219" /><ent r="3" t="20" w="732" /><ent r="3" t="23" w="55" /><ent r="6" t="23" w="2965" /><ent r="3" t="26" w="264" /><ent r="3" t="33" w="590" /><ent r="3" t="34" w="873" /><ent r="3" t="60" w="545" /><ent r="3" t="60" w="867" /><ent r="3" t="65" w="502" /><ent r="6" t="69" w="683" /><ent r="3" t="69" w="1803" /><ent r="4" t="76" w="248" /></phr></stem><stem n="wai"><phr n="ways"><ent r="3" t="3" w="87" /><ent r="3" t="34" w="1626" /><ent r="3" t="52" w="13" /><ent r="3" t="59" w="75" /><ent r="3" t="76" w="61" /></phr><phr n="way"><ent r="3" t="3" w="169" /><ent r="3" t="13" w="1487" /><ent r="3" t="15" w="755" /><ent r="3" t="20" w="286" /><ent r="3" t="21" w="597" /><ent r="3" t="25" w="488" /><ent r="4" t="25" w="569" /><ent r="3" t="28" w="498" /><ent r="3" t="28" w="1029" /><ent r="3" t="29" w="31" /><ent r="3" t="31" w="312" /><ent r="3" t="39" w="533" /><ent r="3" t="42" w="40" /><ent r="3" t="45" w="38" /><ent r="3" t="61" w="48" /><ent r="4" t="65" w="79" /><ent r="4" t="65" w="95" /><ent r="3" t="65" w="679" /><ent r="3" t="67" w="23" /><ent r="3" t="67" w="51" /><ent r="6" t="67" w="232" /></phr></stem><stem n="simpl"><phr n="simple"><ent r="3" t="3" w="114" /><ent r="3" t="7" w="223" /><ent r="4" t="23" w="238" /><ent r="4" t="25" w="278" /><ent r="3" t="33" w="878" /><ent r="3" t="34" w="732" /><ent r="3" t="36" w="1345" /><ent r="3" t="44" w="90" /><ent r="3" t="44" w="110" /><ent r="3" t="44" w="139" /><ent r="3" t="44" w="174" /><ent r="3" t="45" w="196" /><ent r="3" t="54" w="48" /><ent r="3" t="54" w="101" /><ent r="3" t="66" w="84" /></phr><phr n="Simple"><ent r="4" t="25" w="237" /><ent r="3" t="25" w="327" /><ent r="3" t="25" w="360" /><ent r="92" t="33" w="841" /><ent r="4" t="34" w="863" /><ent r="3" t="36" w="1723" /><ent r="3" t="36" w="1728" /><ent r="3" t="44" w="83" /><ent r="3" t="44" w="113" /><ent r="3" t="44" w="204" /><ent r="82" t="45" w="192" /><ent r="100" t="54" w="92" /></phr></stem><stem n="text"><phr n="text"><ent r="3" t="3" w="115" /><ent r="3" t="3" w="126" /><ent r="3" t="3" w="164" /><ent r="3" t="4" w="131" /><ent r="3" t="6" w="27" /><ent r="4" t="7" w="177" /><ent r="4" t="7" w="184" /><ent r="3" t="7" w="224" /><ent r="4" t="8" w="171" /><ent r="4" t="8" w="699" /><ent r="3" t="10" w="146" /><ent r="3" t="10" w="169" /><ent r="3" t="10" w="181" /><ent r="3" t="10" w="190" /><ent r="3" t="10" w="200" /><ent r="3" t="10" w="316" /><ent r="3" t="10" w="373" /><ent r="3" t="11" w="17" /><ent r="3" t="11" w="24" /><ent r="4" t="11" w="138" /><ent r="5" t="11" w="242" /><ent r="5" t="11" w="251" /><ent r="5" t="11" w="262" /><ent r="5" t="11" w="276" /><ent r="5" t="11" w="310" /><ent r="3" t="11" w="352" /><ent r="3" t="11" w="451" /><ent r="4" t="11" w="469" /><ent r="4" t="11" w="509" /><ent r="4" t="11" w="529" /><ent r="5" t="13" w="1082" /><ent r="5" t="13" w="1392" /><ent r="5" t="13" w="1410" /><ent r="5" t="13" w="1432" /><ent r="3" t="14" w="209" /><ent r="3" t="14" w="613" /><ent r="4" t="15" w="249" /><ent r="4" t="15" w="312" /><ent r="6" t="16" w="528" /><ent r="4" t="16" w="727" /><ent r="3" t="18" w="1829" /><ent r="3" t="18" w="1835" /><ent r="3" t="19" w="47" /><ent r="3" t="19" w="70" /><ent r="3" t="19" w="82" /><ent r="3" t="19" w="91" /><ent r="3" t="19" w="101" /><ent r="3" t="19" w="216" /><ent r="3" t="19" w="421" /><ent r="4" t="20" w="632" /><ent r="5" t="20" w="879" /><ent r="3" t="26" w="206" /><ent r="3" t="26" w="238" /><ent r="3" t="26" w="271" /><ent r="3" t="26" w="403" /><ent r="4" t="33" w="218" /><ent r="3" t="34" w="309" /><ent r="4" t="34" w="369" /><ent r="3" t="34" w="460" /><ent r="4" t="34" w="814" /><ent r="4" t="34" w="1635" /><ent r="82" t="34" w="1657" /><ent r="3" t="34" w="1666" /><ent r="3" t="34" w="1677" /><ent r="82" t="34" w="1717" /><ent r="3" t="34" w="1781" /><ent r="4" t="36" w="1950" /><ent r="3" t="36" w="1994" /><ent r="3" t="36" w="2420" /><ent r="4" t="36" w="3511" /><ent r="3" t="36" w="4293" /><ent r="3" t="36" w="4449" /><ent r="4" t="39" w="154" /><ent r="4" t="39" w="798" /><ent r="3" t="42" w="310" /><ent r="3" t="45" w="279" /><ent r="4" t="46" w="506" /><ent r="3" t="46" w="537" /><ent r="4" t="48" w="278" /><ent r="3" t="48" w="453" /><ent r="3" t="48" w="459" /><ent r="3" t="48" w="465" /><ent r="3" t="55" w="417" /><ent r="3" t="55" w="469" /><ent r="3" t="57" w="195" /><ent r="3" t="57" w="235" /><ent r="4" t="58" w="130" /><ent r="4" t="58" w="139" /><ent r="4" t="59" w="69" /><ent r="4" t="64" w="159" /><ent r="3" t="64" w="271" /><ent r="3" t="64" w="279" /><ent r="3" t="65" w="39" /><ent r="3" t="65" w="61" /><ent r="4" t="65" w="122" /><ent r="4" t="65" w="144" /><ent r="3" t="65" w="208" /><ent r="3" t="65" w="231" /><ent r="3" t="65" w="241" /><ent r="3" t="65" w="247" /><ent r="3" t="65" w="250" /><ent r="4" t="65" w="291" /><ent r="3" t="65" w="352" /><ent r="3" t="65" w="393" /><ent r="3" t="66" w="66" /><ent r="4" t="66" w="177" /><ent r="4" t="66" w="194" /><ent r="6" t="67" w="127" /><ent r="6" t="67" w="189" /><ent r="3" t="68" w="32" /><ent r="3" t="68" w="57" /><ent r="3" t="68" w="158" /><ent r="3" t="68" w="166" /><ent r="3" t="68" w="202" /><ent r="3" t="69" w="14" /><ent r="3" t="69" w="54" /><ent r="3" t="71" w="103" /><ent r="3" t="71" w="108" /><ent r="3" t="75" w="11" /><ent r="3" t="76" w="23" /></phr><phr n="Text"><ent r="5" t="7" w="173" /><ent r="82" t="7" w="215" /><ent r="3" t="7" w="231" /><ent r="3" t="7" w="232" /><ent r="4" t="7" w="243" /><ent r="3" t="7" w="591" /><ent r="3" t="7" w="592" /><ent r="100" t="11" w="366" /><ent r="7" t="11" w="414" /><ent r="7" t="11" w="418" /><ent r="4" t="11" w="513" /><ent r="100" t="15" w="732" /><ent r="92" t="15" w="736" /></phr><phr n="TEXT"><ent r="3" t="55" w="227" /><ent r="3" t="55" w="231" /><ent r="3" t="55" w="249" /><ent r="3" t="55" w="257" /><ent r="3" t="55" w="259" /></phr></stem><stem n="duplic"><phr n="duplicated"><ent r="3" t="3" w="120" /></phr></stem><stem n="standard"><phr n="standard"><ent r="3" t="3" w="125" /><ent r="65" t="5" w="808" /><ent r="5" t="13" w="389" /><ent r="4" t="13" w="2390" /><ent r="3" t="13" w="2423" /><ent r="3" t="14" w="404" /><ent r="3" t="39" w="320" /><ent r="64" t="39" w="408" /><ent r="64" t="46" w="37" /><ent r="3" t="56" w="39" /></phr><phr n="Standard"><ent r="5" t="9" w="742" /></phr></stem><stem n="edit"><phr n="editing"><ent r="3" t="3" w="127" /><ent r="3" t="14" w="143" /><ent r="3" t="14" w="776" /></phr><phr n="editable"><ent r="3" t="14" w="1051" /></phr><phr n="edit"><ent r="3" t="42" w="176" /><ent r="3" t="64" w="275" /><ent r="3" t="64" w="291" /><ent r="3" t="65" w="689" /><ent r="7" t="67" w="428" /><ent r="7" t="67" w="456" /></phr><phr n="Edit"><ent r="100" t="64" w="345" /><ent r="4" t="64" w="350" /></phr><phr n="edited"><ent r="7" t="67" w="518" /></phr></stem><stem n="becom"><phr n="becomes"><ent r="3" t="3" w="136" /><ent r="3" t="4" w="750" /><ent r="3" t="14" w="296" /><ent r="3" t="39" w="54" /><ent r="4" t="46" w="509" /><ent r="4" t="49" w="122" /><ent r="6" t="67" w="130" /></phr><phr n="become"><ent r="3" t="18" w="381" /><ent r="3" t="25" w="30" /><ent r="3" t="49" w="246" /></phr><phr n="Becoming"><ent r="92" t="68" w="108" /><ent r="100" t="68" w="118" /></phr></stem><stem n="-class"><phr n="-class"><ent r="3" t="3" w="138" /><ent r="3" t="3" w="138" /></phr></stem><stem n="first"><phr n="first"><ent r="3" t="3" w="138" /><ent r="6" t="5" w="237" /><ent r="4" t="11" w="460" /><ent r="5" t="13" w="316" /><ent r="5" t="13" w="642" /><ent r="5" t="13" w="1292" /><ent r="3" t="14" w="905" /><ent r="4" t="16" w="1185" /><ent r="4" t="16" w="1346" /><ent r="4" t="17" w="252" /><ent r="4" t="18" w="757" /><ent r="4" t="18" w="763" /><ent r="4" t="18" w="839" /><ent r="3" t="21" w="289" /><ent r="3" t="21" w="1214" /><ent r="4" t="23" w="114" /><ent r="4" t="23" w="702" /><ent r="4" t="23" w="724" /><ent r="3" t="23" w="1018" /><ent r="3" t="23" w="1077" /><ent r="3" t="25" w="723" /><ent r="3" t="25" w="734" /><ent r="3" t="27" w="61" /><ent r="3" t="28" w="701" /><ent r="3" t="31" w="259" /><ent r="3" t="32" w="253" /><ent r="3" t="33" w="1051" /><ent r="4" t="34" w="375" /><ent r="4" t="34" w="820" /><ent r="5" t="34" w="1411" /><ent r="4" t="36" w="1243" /><ent r="3" t="36" w="2935" /><ent r="3" t="36" w="2941" /><ent r="3" t="36" w="4629" /><ent r="3" t="38" w="338" /><ent r="3" t="53" w="393" /><ent r="4" t="54" w="345" /><ent r="4" t="65" w="274" /><ent r="4" t="67" w="36" /><ent r="4" t="68" w="237" /><ent r="7" t="69" w="323" /><ent r="6" t="69" w="1232" /><ent r="6" t="69" w="1254" /></phr><phr n="First"><ent r="3" t="19" w="243" /><ent r="3" t="19" w="449" /><ent r="3" t="19" w="484" /><ent r="3" t="19" w="516" /><ent r="3" t="19" w="546" /><ent r="4" t="23" w="1764" /><ent r="4" t="23" w="1790" /><ent r="3" t="28" w="716" /><ent r="3" t="32" w="154" /><ent r="4" t="48" w="372" /></phr></stem><stem n="first-class"><phr n="first-class"><ent r="3" t="3" w="138" /></phr></stem><stem n="class"><phr n="class"><ent r="3" t="3" w="139" /><ent r="4" t="8" w="81" /><ent r="4" t="8" w="641" /><ent r="3" t="26" w="277" /><ent r="7" t="69" w="1188" /><ent r="7" t="69" w="1198" /><ent r="6" t="69" w="2403" /><ent r="6" t="69" w="2441" /></phr></stem><stem n="citizen"><phr n="citizen"><ent r="3" t="3" w="140" /></phr></stem><stem n="appear"><phr n="appears"><ent r="3" t="3" w="142" /><ent r="3" t="4" w="105" /><ent r="3" t="4" w="133" /><ent r="3" t="4" w="204" /><ent r="4" t="4" w="682" /><ent r="5" t="5" w="429" /><ent r="3" t="7" w="92" /><ent r="3" t="7" w="588" /><ent r="4" t="8" w="174" /><ent r="3" t="10" w="148" /><ent r="3" t="10" w="318" /><ent r="3" t="10" w="333" /><ent r="3" t="10" w="375" /><ent r="3" t="10" w="391" /><ent r="4" t="11" w="518" /><ent r="4" t="15" w="314" /><ent r="3" t="15" w="760" /><ent r="3" t="19" w="49" /><ent r="3" t="20" w="465" /><ent r="4" t="33" w="220" /><ent r="3" t="37" w="225" /><ent r="4" t="39" w="156" /><ent r="4" t="39" w="263" /><ent r="3" t="39" w="332" /><ent r="3" t="42" w="117" /><ent r="4" t="49" w="96" /><ent r="4" t="49" w="184" /><ent r="4" t="54" w="728" /><ent r="4" t="64" w="381" /></phr><phr n="appearance"><ent r="3" t="4" w="217" /><ent r="3" t="10" w="197" /><ent r="3" t="19" w="98" /><ent r="3" t="20" w="126" /><ent r="3" t="43" w="72" /><ent r="3" t="64" w="142" /></phr><phr n="appear"><ent r="3" t="7" w="339" /><ent r="3" t="52" w="31" /><ent r="4" t="54" w="814" /><ent r="6" t="67" w="807" /><ent r="3" t="68" w="160" /></phr></stem><stem n="along"><phr n="along"><ent r="3" t="3" w="148" /><ent r="3" t="20" w="86" /><ent r="3" t="46" w="93" /></phr></stem><stem n="?"><phr n="?"><ent r="92" t="3" w="159" /><ent r="3" t="13" w="1946" /><ent r="3" t="16" w="1891" /><ent r="3" t="16" w="1923" /><ent r="3" t="16" w="1943" /><ent r="3" t="16" w="1945" /><ent r="3" t="16" w="1947" /><ent r="3" t="16" w="2012" /><ent r="3" t="16" w="2015" /><ent r="3" t="16" w="2018" /><ent r="3" t="23" w="935" /><ent r="3" t="26" w="383" /><ent r="3" t="36" w="1748" /><ent r="92" t="42" w="99" /><ent r="3" t="48" w="49" /><ent r="3" t="60" w="614" /><ent r="92" t="65" w="449" /><ent r="4" t="76" w="134" /><ent r="5" t="76" w="165" /><ent r="5" t="76" w="190" /><ent r="5" t="76" w="192" /><ent r="5" t="76" w="194" /><ent r="5" t="76" w="260" /><ent r="5" t="76" w="263" /><ent r="5" t="76" w="266" /></phr></stem><stem n="specifi"><phr n="specifies"><ent r="3" t="3" w="167" /><ent r="3" t="4" w="128" /><ent r="4" t="8" w="156" /><ent r="3" t="14" w="611" /><ent r="4" t="15" w="285" /><ent r="4" t="15" w="309" /><ent r="3" t="15" w="816" /><ent r="4" t="16" w="264" /><ent r="4" t="18" w="266" /><ent r="3" t="19" w="419" /><ent r="3" t="23" w="1327" /><ent r="3" t="23" w="1338" /><ent r="3" t="23" w="1442" /><ent r="3" t="23" w="2379" /><ent r="3" t="24" w="23" /><ent r="4" t="24" w="220" /><ent r="4" t="24" w="287" /><ent r="4" t="24" w="304" /><ent r="3" t="25" w="681" /><ent r="3" t="25" w="689" /><ent r="3" t="26" w="166" /><ent r="3" t="26" w="401" /><ent r="4" t="33" w="191" /><ent r="4" t="33" w="215" /><ent r="4" t="36" w="556" /><ent r="3" t="36" w="2943" /><ent r="3" t="36" w="4130" /><ent r="3" t="36" w="4147" /><ent r="4" t="39" w="127" /><ent r="4" t="39" w="151" /></phr><phr n="specified"><ent r="4" t="3" w="378" /><ent r="4" t="3" w="482" /><ent r="6" t="5" w="908" /><ent r="3" t="13" w="91" /><ent r="5" t="13" w="729" /><ent r="5" t="13" w="1264" /><ent r="5" t="13" w="1451" /><ent r="3" t="14" w="357" /><ent r="4" t="15" w="137" /><ent r="4" t="15" w="215" /><ent r="4" t="18" w="256" /><ent r="3" t="22" w="110" /><ent r="4" t="23" w="677" /><ent r="4" t="23" w="820" /><ent r="4" t="23" w="831" /><ent r="3" t="23" w="902" /><ent r="3" t="23" w="1905" /><ent r="3" t="23" w="1950" /><ent r="4" t="28" w="273" /><ent r="3" t="33" w="21" /><ent r="3" t="33" w="62" /><ent r="3" t="33" w="123" /><ent r="4" t="36" w="251" /><ent r="4" t="36" w="270" /><ent r="4" t="36" w="290" /><ent r="4" t="36" w="309" /><ent r="4" t="36" w="357" /><ent r="4" t="36" w="442" /><ent r="4" t="36" w="532" /><ent r="4" t="36" w="545" /><ent r="4" t="36" w="579" /><ent r="3" t="36" w="1165" /><ent r="3" t="36" w="1428" /><ent r="3" t="36" w="1489" /><ent r="5" t="36" w="1840" /><ent r="3" t="36" w="1871" /><ent r="4" t="36" w="1908" /><ent r="4" t="36" w="1939" /><ent r="4" t="36" w="1956" /><ent r="3" t="36" w="2011" /><ent r="3" t="36" w="2021" /><ent r="3" t="36" w="2041" /><ent r="3" t="36" w="2120" /><ent r="3" t="36" w="2368" /><ent r="3" t="36" w="2409" /><ent r="3" t="36" w="2426" /><ent r="3" t="36" w="2488" /><ent r="3" t="36" w="2509" /><ent r="3" t="36" w="3191" /><ent r="3" t="36" w="3291" /><ent r="3" t="36" w="3763" /><ent r="3" t="36" w="3775" /><ent r="3" t="36" w="4362" /><ent r="3" t="38" w="299" /><ent r="3" t="38" w="414" /><ent r="4" t="40" w="177" /><ent r="3" t="42" w="407" /><ent r="3" t="46" w="122" /><ent r="4" t="46" w="356" /><ent r="3" t="47" w="143" /><ent r="3" t="54" w="65" /><ent r="3" t="54" w="361" /><ent r="3" t="54" w="375" /><ent r="3" t="54" w="398" /><ent r="3" t="54" w="409" /><ent r="3" t="54" w="415" /><ent r="3" t="54" w="428" /><ent r="4" t="54" w="1205" /><ent r="3" t="55" w="324" /><ent r="3" t="55" w="335" /><ent r="3" t="55" w="342" /><ent r="3" t="55" w="350" /><ent r="3" t="55" w="360" /><ent r="3" t="55" w="444" /><ent r="3" t="60" w="364" /><ent r="3" t="60" w="374" /><ent r="3" t="60" w="381" /><ent r="3" t="64" w="116" /><ent r="4" t="65" w="560" /><ent r="4" t="65" w="577" /><ent r="4" t="65" w="591" /><ent r="4" t="65" w="605" /><ent r="4" t="65" w="619" /><ent r="4" t="65" w="630" /><ent r="6" t="69" w="639" /><ent r="6" t="69" w="2013" /><ent r="6" t="69" w="2295" /><ent r="3" t="70" w="348" /></phr><phr n="Specifies"><ent r="4" t="4" w="272" /><ent r="4" t="4" w="298" /><ent r="4" t="4" w="327" /><ent r="4" t="4" w="356" /><ent r="4" t="4" w="439" /><ent r="4" t="4" w="474" /><ent r="4" t="15" w="403" /><ent r="4" t="15" w="429" /><ent r="4" t="15" w="458" /><ent r="4" t="15" w="487" /><ent r="100" t="36" w="336" /><ent r="4" t="36" w="338" /><ent r="4" t="36" w="400" /><ent r="4" t="36" w="704" /><ent r="4" t="36" w="733" /><ent r="4" t="36" w="907" /><ent r="100" t="36" w="2192" /></phr><phr n="specifying"><ent r="4" t="4" w="611" /><ent r="3" t="7" w="42" /><ent r="3" t="34" w="632" /><ent r="4" t="39" w="216" /><ent r="4" t="40" w="319" /><ent r="4" t="65" w="108" /></phr><phr n="Specify"><ent r="6" t="5" w="529" /><ent r="4" t="8" w="719" /><ent r="3" t="14" w="425" /><ent r="3" t="14" w="462" /><ent r="3" t="14" w="585" /><ent r="3" t="26" w="315" /><ent r="3" t="26" w="352" /><ent r="3" t="34" w="1246" /><ent r="3" t="36" w="2054" /></phr><phr n="specify"><ent r="6" t="5" w="542" /><ent r="3" t="7" w="287" /><ent r="3" t="8" w="24" /><ent r="3" t="8" w="247" /><ent r="3" t="8" w="348" /><ent r="3" t="15" w="528" /><ent r="3" t="15" w="704" /><ent r="4" t="16" w="1374" /><ent r="3" t="17" w="27" /><ent r="3" t="18" w="1747" /><ent r="3" t="18" w="1832" /><ent r="4" t="18" w="1899" /><ent r="3" t="19" w="270" /><ent r="3" t="23" w="1510" /><ent r="4" t="25" w="239" /><ent r="4" t="25" w="253" /><ent r="4" t="25" w="266" /><ent r="3" t="25" w="456" /><ent r="3" t="25" w="649" /><ent r="3" t="25" w="660" /><ent r="3" t="25" w="671" /><ent r="3" t="25" w="743" /><ent r="3" t="25" w="762" /><ent r="3" t="25" w="812" /><ent r="3" t="25" w="910" /><ent r="3" t="34" w="626" /><ent r="3" t="34" w="1032" /><ent r="4" t="34" w="1112" /><ent r="3" t="34" w="1236" /><ent r="100" t="36" w="1209" /><ent r="3" t="36" w="1213" /><ent r="3" t="36" w="2162" /><ent r="3" t="36" w="3207" /><ent r="3" t="36" w="3367" /><ent r="3" t="36" w="3389" /><ent r="3" t="36" w="3689" /><ent r="3" t="36" w="3852" /><ent r="3" t="39" w="623" /><ent r="4" t="39" w="786" /><ent r="3" t="40" w="20" /><ent r="4" t="40" w="38" /><ent r="4" t="40" w="51" /><ent r="4" t="40" w="59" /><ent r="4" t="40" w="72" /><ent r="4" t="40" w="100" /><ent r="4" t="40" w="248" /><ent r="4" t="40" w="268" /><ent r="4" t="40" w="283" /><ent r="4" t="40" w="305" /><ent r="3" t="41" w="27" /><ent r="3" t="46" w="87" /><ent r="3" t="47" w="69" /><ent r="3" t="55" w="68" /><ent r="3" t="58" w="338" /><ent r="3" t="60" w="925" /><ent r="6" t="67" w="75" /><ent r="3" t="70" w="390" /></phr><phr n="specifier"><ent r="4" t="13" w="1617" /><ent r="4" t="23" w="765" /><ent r="4" t="23" w="768" /><ent r="4" t="23" w="792" /><ent r="3" t="23" w="1171" /><ent r="3" t="23" w="1176" /><ent r="3" t="23" w="1623" /><ent r="3" t="23" w="1626" /><ent r="4" t="23" w="2486" /><ent r="6" t="23" w="2522" /></phr><phr n="Specifying"><ent r="1000" t="25" w="1" /><ent r="102" t="25" w="8" /></phr></stem></index>