<?xml version="1.0" encoding="utf-8"?><index><stem n=".168.1.36"><phr n=".168.1.36"><ent r="3" t="55" w="183" /><ent r="3" t="55" w="198" /></phr></stem><stem n="192.168.1.36"><phr n="192.168.1.36"><ent r="3" t="55" w="183" /><ent r="3" t="55" w="180" /><ent r="3" t="55" w="198" /><ent r="3" t="55" w="195" /></phr></stem><stem n="36"><phr n="36"><ent r="3" t="55" w="183" /><ent r="3" t="55" w="198" /></phr></stem><stem n="(version"><phr n="(version"><ent r="3" t="55" w="188" /></phr></stem><stem n="schema"><phr n="Schema"><ent r="92" t="55" w="207" /><ent r="4" t="58" w="77" /></phr><phr n="schema"><ent r="3" t="55" w="212" /><ent r="3" t="58" w="174" /><ent r="3" t="58" w="185" /><ent r="3" t="62" w="14" /><ent r="64" t="62" w="46" /></phr><phr n="Schemas"><ent r="1000" t="62" w="3" /><ent r="102" t="62" w="7" /><ent r="64" t="63" w="61" /></phr></stem><stem n="primari"><phr n="PRIMARY"><ent r="3" t="55" w="224" /></phr><phr n="primary"><ent r="3" t="58" w="161" /></phr></stem><stem n="pkttimeout"><phr n="pktTimeout"><ent r="3" t="55" w="234" /><ent r="3" t="55" w="337" /></phr></stem><stem n="pktretri"><phr n="pktRetries"><ent r="3" t="55" w="236" /><ent r="3" t="55" w="344" /></phr></stem><stem n="maxoid"><phr n="maxOids"><ent r="3" t="55" w="238" /><ent r="3" t="55" w="352" /></phr></stem><stem n="toend"><phr n="toEnd"><ent r="3" t="55" w="240" /><ent r="3" t="55" w="362" /></phr></stem><stem n="timestart"><phr n="timeStarted"><ent r="3" t="55" w="242" /><ent r="3" t="55" w="384" /></phr></stem><stem n="timefinish"><phr n="timeFinished"><ent r="3" t="55" w="244" /><ent r="3" t="55" w="395" /></phr></stem><stem n="oidcount"><phr n="oidCount"><ent r="3" t="55" w="246" /><ent r="3" t="55" w="406" /></phr></stem><stem n="stopreason"><phr n="stopReason"><ent r="3" t="55" w="248" /><ent r="3" t="55" w="415" /></phr></stem><stem n=");"><phr n=");"><ent r="3" t="55" w="250" /><ent r="3" t="55" w="264" /></phr></stem><stem n="_id"><phr n="_id"><ent r="3" t="55" w="254" /><ent r="3" t="55" w="455" /><ent r="3" t="55" w="590" /><ent r="3" t="55" w="600" /><ent r="3" t="55" w="609" /><ent r="3" t="63" w="153" /><ent r="4" t="63" w="269" /></phr></stem><stem n="walk_id"><phr n="walk_id"><ent r="3" t="55" w="254" /><ent r="3" t="55" w="253" /><ent r="3" t="55" w="455" /><ent r="3" t="55" w="454" /><ent r="3" t="55" w="590" /><ent r="3" t="55" w="589" /><ent r="3" t="55" w="600" /><ent r="3" t="55" w="599" /><ent r="3" t="55" w="609" /><ent r="3" t="55" w="608" /></phr></stem><stem n="blob"><phr n="BLOB"><ent r="3" t="55" w="263" /></phr></stem><stem n="(id)."><phr n="(id)."><ent r="3" t="55" w="292" /></phr></stem><stem n="(refer"><phr n="(references"><ent r="3" t="55" w="462" /></phr></stem><stem n="walks.id"><phr n="walks.id"><ent r="3" t="55" w="464" /><ent r="3" t="55" w="463" /></phr></stem><stem n=".id)"><phr n=".id)"><ent r="3" t="55" w="465" /></phr></stem><stem n="uninterpret"><phr n="uninterpreted"><ent r="3" t="55" w="494" /></phr></stem><stem n="10.4,"><phr n="10.4,"><ent r="3" t="55" w="513" /><ent r="3" t="55" w="512" /></phr></stem><stem n="sqlite&gt;"><phr n="sqlite&gt;"><ent r="3" t="55" w="537" /><ent r="3" t="55" w="540" /><ent r="3" t="55" w="583" /><ent r="3" t="55" w="593" /><ent r="3" t="55" w="603" /></phr></stem><stem n=".mode"><phr n=".mode"><ent r="3" t="55" w="538" /></phr></stem><stem n="csv"><phr n="csv"><ent r="3" t="55" w="539" /><ent r="4" t="58" w="133" /></phr></stem><stem n="161,1"><phr n="161,1"><ent r="3" t="55" w="550" /><ent r="3" t="55" w="549" /><ent r="3" t="55" w="569" /><ent r="3" t="55" w="568" /></phr></stem><stem n="161,1.0"><phr n="161,1.0"><ent r="3" t="55" w="551" /><ent r="3" t="55" w="549" /></phr></stem><stem n="161,1.0,0"><phr n="161,1.0,0"><ent r="3" t="55" w="552" /><ent r="3" t="55" w="549" /></phr></stem><stem n="161,1.0,0,10000"><phr n="161,1.0,0,10000"><ent r="3" t="55" w="553" /><ent r="3" t="55" w="549" /></phr></stem><stem n="161,1.0,0,10000,3"><phr n="161,1.0,0,10000,3"><ent r="3" t="55" w="554" /><ent r="3" t="55" w="549" /></phr></stem><stem n="161,1.0,0,10000,3,2000"><phr n="161,1.0,0,10000,3,2000"><ent r="3" t="55" w="555" /><ent r="3" t="55" w="549" /></phr></stem><stem n="161,1.0,0,10000,3,2000,0"><phr n="161,1.0,0,10000,3,2000,0"><ent r="3" t="55" w="556" /><ent r="3" t="55" w="549" /></phr></stem><stem n="161,1.0,0,10000,3,2000,0,1178801645"><phr n="161,1.0,0,10000,3,2000,0,1178801645"><ent r="3" t="55" w="557" /><ent r="3" t="55" w="549" /></phr></stem><stem n="1178801645"><phr n="1178801645"><ent r="3" t="55" w="557" /></phr></stem><stem n="161,1.0,0,10000,3,2000,0,1178801645,1178801685"><phr n="161,1.0,0,10000,3,2000,0,1178801645,1178801685"><ent r="3" t="55" w="558" /><ent r="3" t="55" w="549" /></phr></stem><stem n="1178801685"><phr n="1178801685"><ent r="3" t="55" w="558" /></phr></stem><stem n="161,1.0,0,10000,3,2000,0,1178801645,1178801685,0"><phr n="161,1.0,0,10000,3,2000,0,1178801645,1178801685,0"><ent r="3" t="55" w="559" /><ent r="3" t="55" w="549" /></phr></stem><stem n="161,1.0,0,10000,3,2000,0,1178801645,1178801685,0,"><phr n="161,1.0,0,10000,3,2000,0,1178801645,1178801685,0,"><ent r="3" t="55" w="559" /><ent r="3" t="55" w="549" /></phr></stem><stem n=",&quot;192.168.1.1&quot;,161,1.0,0,10000,3,2000,0,1178801645,1178801685,0,&quot;no"><phr n=",&quot;192.168.1.1&quot;,161,1.0,0,10000,3,2000,0,1178801645,1178801685,0,&quot;No"><ent r="3" t="55" w="560" /></phr></stem><stem n="answer"><phr n="answer"><ent r="3" t="55" w="561" /></phr></stem><stem n="161,1.3"><phr n="161,1.3"><ent r="3" t="55" w="570" /><ent r="3" t="55" w="568" /></phr></stem><stem n="161,1.3,0"><phr n="161,1.3,0"><ent r="3" t="55" w="571" /><ent r="3" t="55" w="568" /></phr></stem><stem n="161,1.3,0,10000"><phr n="161,1.3,0,10000"><ent r="3" t="55" w="572" /><ent r="3" t="55" w="568" /></phr></stem><stem n="161,1.3,0,10000,3"><phr n="161,1.3,0,10000,3"><ent r="3" t="55" w="573" /><ent r="3" t="55" w="568" /></phr></stem><stem n="161,1.3,0,10000,3,2000"><phr n="161,1.3,0,10000,3,2000"><ent r="3" t="55" w="574" /><ent r="3" t="55" w="568" /></phr></stem><stem n="161,1.3,0,10000,3,2000,0"><phr n="161,1.3,0,10000,3,2000,0"><ent r="3" t="55" w="575" /><ent r="3" t="55" w="568" /></phr></stem><stem n="161,1.3,0,10000,3,2000,0,1178801708"><phr n="161,1.3,0,10000,3,2000,0,1178801708"><ent r="3" t="55" w="576" /><ent r="3" t="55" w="568" /></phr></stem><stem n="1178801708"><phr n="1178801708"><ent r="3" t="55" w="576" /></phr></stem><stem n="161,1.3,0,10000,3,2000,0,1178801708,1178801895"><phr n="161,1.3,0,10000,3,2000,0,1178801708,1178801895"><ent r="3" t="55" w="577" /><ent r="3" t="55" w="568" /></phr></stem><stem n="1178801895"><phr n="1178801895"><ent r="3" t="55" w="577" /></phr></stem><stem n="161,1.3,0,10000,3,2000,0,1178801708,1178801895,2000"><phr n="161,1.3,0,10000,3,2000,0,1178801708,1178801895,2000"><ent r="3" t="55" w="578" /><ent r="3" t="55" w="568" /></phr></stem><stem n="161,1.3,0,10000,3,2000,0,1178801708,1178801895,2000,"><phr n="161,1.3,0,10000,3,2000,0,1178801708,1178801895,2000,"><ent r="3" t="55" w="578" /><ent r="3" t="55" w="568" /></phr></stem><stem n=",&quot;192.168.1.2&quot;,161,1.3,0,10000,3,2000,0,1178801708,1178801895,2000,&quot;finish"><phr n=",&quot;192.168.1.2&quot;,161,1.3,0,10000,3,2000,0,1178801708,1178801895,2000,&quot;Finished"><ent r="3" t="55" w="579" /></phr></stem><stem n="(2000"><phr n="(2000"><ent r="3" t="55" w="580" /></phr></stem><stem n="(*)"><phr n="(*)"><ent r="3" t="55" w="586" /><ent r="3" t="55" w="596" /></phr></stem><stem n=",&quot;1.3.6.1.2.1.1.1.0&quot;,4,&quot;hp"><phr n=",&quot;1.3.6.1.2.1.1.1.0&quot;,4,&quot;HP"><ent r="3" t="55" w="627" /></phr></stem><stem n="hp"><phr n="HP"><ent r="3" t="55" w="627" /><ent r="3" t="55" w="692" /></phr></stem><stem n="j4813a"><phr n="J4813A"><ent r="3" t="55" w="628" /></phr></stem><stem n="procurv"><phr n="ProCurve"><ent r="3" t="55" w="629" /><ent r="3" t="55" w="693" /></phr></stem><stem n="2524"><phr n="2524"><ent r="3" t="55" w="631" /><ent r="3" t="55" w="695" /></phr></stem><stem n="006"><phr n="006"><ent r="3" t="55" w="644" /></phr></stem><stem n="004"><phr n="004"><ent r="3" t="55" w="646" /></phr></stem><stem n="013"><phr n="013"><ent r="3" t="55" w="648" /><ent r="3" t="55" w="652" /></phr></stem><stem n="002"><phr n="002"><ent r="3" t="55" w="649" /></phr></stem><stem n="003"><phr n="003"><ent r="3" t="55" w="650" /></phr></stem><stem n="007"><phr n="007"><ent r="3" t="55" w="651" /></phr></stem><stem n="023"><phr n="023"><ent r="3" t="55" w="653" /></phr></stem><stem n=",&quot;1.3.6.1.2.1.1.2.0&quot;,6,&quot;+\006\001\004\001\013\002\003\007\013\023&quot;"><phr n=",&quot;1.3.6.1.2.1.1.2.0&quot;,6,&quot;+\006\001\004\001\013\002\003\007\013\023&quot;"><ent r="3" t="55" w="654" /></phr></stem><stem n="67"><phr n="67"><ent r="3" t="55" w="664" /></phr></stem><stem n="035"><phr n="035"><ent r="3" t="55" w="665" /></phr></stem><stem n="330j"><phr n="330J"><ent r="3" t="55" w="666" /></phr></stem><stem n="375"><phr n="375"><ent r="3" t="55" w="667" /></phr></stem><stem n=",&quot;1.3.6.1.2.1.1.3.0&quot;,67,&quot;\035\330j\375&quot;"><phr n=",&quot;1.3.6.1.2.1.1.3.0&quot;,67,&quot;\035\330J\375&quot;"><ent r="3" t="55" w="668" /></phr></stem><stem n=",&quot;1.3.6.1.2.1.1.4.0&quot;,4,&quot;bill"><phr n=",&quot;1.3.6.1.2.1.1.4.0&quot;,4,&quot;Bill"><ent r="3" t="55" w="679" /></phr></stem><stem n="fisher"><phr n="Fisher"><ent r="3" t="55" w="680" /></phr></stem><stem n=",&quot;1.3.6.1.2.1.1.5.0&quot;,4,&quot;hp"><phr n=",&quot;1.3.6.1.2.1.1.5.0&quot;,4,&quot;HP"><ent r="3" t="55" w="692" /></phr></stem><stem n="firefox"><phr n="Firefox"><ent r="3" t="55" w="700" /><ent r="3" t="55" w="722" /><ent r="4" t="55" w="738" /><ent r="4" t="55" w="772" /></phr></stem><stem n="-on"><phr n="-on"><ent r="3" t="55" w="701" /><ent r="3" t="55" w="701" /></phr><phr n="-ons"><ent r="4" t="55" w="745" /><ent r="4" t="55" w="745" /><ent r="4" t="55" w="749" /><ent r="4" t="55" w="749" /></phr></stem><stem n="add-on"><phr n="add-on"><ent r="3" t="55" w="701" /></phr><phr n="Add-ons"><ent r="4" t="55" w="745" /><ent r="4" t="55" w="749" /></phr></stem><stem n="&quot;sqlite"><phr n="&quot;SQLite"><ent r="3" t="55" w="704" /><ent r="4" t="55" w="765" /></phr></stem><stem n="-platform"><phr n="-platform"><ent r="3" t="55" w="717" /><ent r="3" t="55" w="717" /></phr></stem><stem n="cross"><phr n="cross"><ent r="3" t="55" w="717" /></phr></stem><stem n="cross-platform"><phr n="cross-platform"><ent r="3" t="55" w="717" /></phr></stem><stem n=".5"><phr n=".5"><ent r="3" t="55" w="724" /><ent r="4" t="55" w="740" /></phr></stem><stem n="3.5"><phr n="3.5"><ent r="3" t="55" w="724" /><ent r="3" t="55" w="723" /><ent r="4" t="55" w="740" /><ent r="4" t="55" w="739" /></phr></stem><stem n="small"><phr n="small"><ent r="3" t="55" w="729" /></phr></stem><stem n="newer"><phr n="newer"><ent r="4" t="55" w="742" /></phr></stem><stem n="-&gt;"><phr n="-&gt;"><ent r="4" t="55" w="744" /><ent r="4" t="55" w="744" /><ent r="4" t="55" w="782" /><ent r="4" t="55" w="782" /><ent r="4" t="55" w="792" /><ent r="4" t="55" w="792" /><ent r="3" t="58" w="29" /><ent r="3" t="58" w="29" /><ent r="3" t="58" w="34" /><ent r="3" t="58" w="34" /></phr></stem><stem n="&quot;sqlite&quot;"><phr n="&quot;SQLite&quot;"><ent r="4" t="55" w="754" /></phr></stem><stem n="press"><phr n="press"><ent r="4" t="55" w="759" /></phr></stem><stem n="restart"><phr n="Restart"><ent r="4" t="55" w="771" /></phr><phr n="restart"><ent r="3" t="60" w="865" /><ent r="4" t="64" w="386" /></phr></stem><stem n="(within"><phr n="(within"><ent r="4" t="55" w="795" /></phr></stem><stem n="(&quot;exporting&quot;"><phr n="(&quot;exporting&quot;"><ent r="3" t="56" w="28" /></phr></stem><stem n="&quot;importing&quot;,"><phr n="&quot;importing&quot;,"><ent r="3" t="56" w="30" /></phr></stem><stem n="(get,"><phr n="(GET,"><ent r="3" t="56" w="43" /></phr></stem><stem n="/export"><phr n="/Export"><ent r="5" t="56" w="66" /><ent r="5" t="56" w="80" /><ent r="3" t="58" w="12" /><ent r="4" t="58" w="90" /></phr></stem><stem n="import/export"><phr n="Import/Export"><ent r="5" t="56" w="66" /><ent r="5" t="56" w="65" /><ent r="5" t="56" w="80" /><ent r="5" t="56" w="79" /><ent r="3" t="58" w="12" /><ent r="3" t="58" w="11" /><ent r="4" t="58" w="90" /><ent r="4" t="58" w="89" /></phr></stem><stem n="phone"><phr n="phones"><ent r="4" t="56" w="122" /></phr></stem><stem n="accomplish"><phr n="accomplish"><ent r="3" t="56" w="133" /></phr></stem><stem n="&quot;clone&quot;"><phr n="&quot;clone&quot;"><ent r="3" t="56" w="147" /><ent r="3" t="56" w="217" /></phr></stem><stem n="directory'"><phr n="directory's"><ent r="3" t="56" w="178" /><ent r="3" t="56" w="177" /></phr></stem><stem n="certif"><phr n="Certificates"><ent r="4" t="57" w="57" /></phr><phr n="certificate"><ent r="3" t="57" w="452" /></phr></stem><stem n="disabl"><phr n="Disabled"><ent r="4" t="57" w="83" /></phr></stem><stem n="mime"><phr n="MIME"><ent r="3" t="57" w="98" /><ent r="3" t="57" w="335" /><ent r="4" t="64" w="259" /><ent r="1000" t="71" w="1" /><ent r="100" t="71" w="4" /><ent r="102" t="71" w="7" /><ent r="100" t="71" w="20" /><ent r="3" t="71" w="34" /><ent r="100" t="71" w="87" /></phr><phr n="Mime"><ent r="66" t="64" w="248" /></phr></stem><stem n="octet-stream"><phr n="octet-stream"><ent r="3" t="57" w="102" /><ent r="3" t="57" w="340" /></phr></stem><stem n="application/octet-stream."><phr n="application/octet-stream."><ent r="3" t="57" w="103" /><ent r="3" t="57" w="101" /><ent r="3" t="57" w="341" /><ent r="3" t="57" w="339" /></phr></stem><stem n="/octet-stream."><phr n="/octet-stream."><ent r="3" t="57" w="104" /><ent r="3" t="57" w="342" /></phr></stem><stem n="webport"><phr n="webport"><ent r="3" t="57" w="153" /><ent r="3" t="57" w="185" /></phr></stem><stem n="/~file"><phr n="/~files"><ent r="4" t="57" w="170" /></phr></stem><stem n="~file"><phr n="~files"><ent r="4" t="57" w="170" /><ent r="3" t="57" w="186" /><ent r="6" t="57" w="263" /><ent r="6" t="57" w="268" /><ent r="6" t="57" w="273" /><ent r="6" t="57" w="278" /><ent r="6" t="57" w="284" /><ent r="6" t="57" w="289" /><ent r="6" t="57" w="294" /><ent r="6" t="57" w="299" /><ent r="6" t="57" w="305" /><ent r="3" t="57" w="365" /><ent r="3" t="57" w="420" /><ent r="3" t="57" w="434" /><ent r="3" t="57" w="498" /><ent r="6" t="60" w="174" /><ent r="6" t="60" w="179" /><ent r="6" t="60" w="184" /><ent r="6" t="60" w="189" /><ent r="6" t="60" w="195" /><ent r="6" t="60" w="200" /><ent r="6" t="60" w="205" /><ent r="6" t="60" w="210" /><ent r="6" t="60" w="216" /><ent r="3" t="60" w="567" /><ent r="3" t="60" w="861" /><ent r="3" t="60" w="1356" /></phr></stem><stem n=":):"><phr n=":):"><ent r="3" t="57" w="181" /></phr></stem><stem n="imserv"><phr n="imserver"><ent r="3" t="57" w="183" /><ent r="3" t="57" w="363" /><ent r="3" t="57" w="496" /><ent r="3" t="58" w="112" /><ent r="3" t="58" w="182" /><ent r="3" t="58" w="218" /><ent r="3" t="58" w="242" /><ent r="3" t="58" w="301" /><ent r="3" t="58" w="412" /><ent r="3" t="59" w="30" /><ent r="3" t="59" w="149" /><ent r="3" t="59" w="187" /><ent r="3" t="59" w="215" /></phr></stem><stem n="imserver_address"><phr n="imserver_address"><ent r="3" t="57" w="184" /><ent r="3" t="57" w="183" /></phr></stem><stem n="://imserver_address:webport/~fil"><phr n="://imserver_address:webport/~files"><ent r="3" t="57" w="186" /></phr></stem><stem n="webport/~fil"><phr n="webport/~files"><ent r="3" t="57" w="186" /><ent r="3" t="57" w="185" /></phr></stem><stem n="/~files/icon"><phr n="/~files/icons"><ent r="6" t="57" w="264" /><ent r="6" t="60" w="175" /></phr></stem><stem n="~files/icon"><phr n="~files/icons"><ent r="6" t="57" w="264" /><ent r="6" t="57" w="263" /><ent r="6" t="60" w="175" /><ent r="6" t="60" w="174" /></phr></stem><stem n="/~files/extens"><phr n="/~files/extensions"><ent r="6" t="57" w="269" /><ent r="6" t="60" w="180" /></phr></stem><stem n="~files/extens"><phr n="~files/extensions"><ent r="6" t="57" w="269" /><ent r="6" t="57" w="268" /><ent r="6" t="60" w="180" /><ent r="6" t="60" w="179" /></phr></stem><stem n="/~files/font"><phr n="/~files/fonts"><ent r="6" t="57" w="274" /><ent r="6" t="60" w="185" /></phr></stem><stem n="~files/font"><phr n="~files/fonts"><ent r="6" t="57" w="274" /><ent r="6" t="57" w="273" /><ent r="6" t="60" w="185" /><ent r="6" t="60" w="184" /></phr></stem><stem n="/~files/map"><phr n="/~files/maps"><ent r="6" t="57" w="279" /><ent r="6" t="60" w="190" /></phr></stem><stem n="~files/map"><phr n="~files/maps"><ent r="6" t="57" w="279" /><ent r="6" t="57" w="278" /><ent r="6" t="60" w="190" /><ent r="6" t="60" w="189" /></phr></stem><stem n="/~files/mib"><phr n="/~files/mibs"><ent r="6" t="57" w="285" /><ent r="6" t="60" w="196" /></phr></stem><stem n="~files/mib"><phr n="~files/mibs"><ent r="6" t="57" w="285" /><ent r="6" t="57" w="284" /><ent r="6" t="60" w="196" /><ent r="6" t="60" w="195" /></phr></stem><stem n="/~files/prob"><phr n="/~files/probes"><ent r="6" t="57" w="290" /><ent r="6" t="60" w="201" /></phr></stem><stem n="~files/prob"><phr n="~files/probes"><ent r="6" t="57" w="290" /><ent r="6" t="57" w="289" /><ent r="6" t="60" w="201" /><ent r="6" t="60" w="200" /></phr></stem><stem n="/~files/sound"><phr n="/~files/sounds"><ent r="6" t="57" w="295" /><ent r="6" t="60" w="206" /></phr></stem><stem n="~files/sound"><phr n="~files/sounds"><ent r="6" t="57" w="295" /><ent r="6" t="57" w="294" /><ent r="6" t="60" w="206" /><ent r="6" t="60" w="205" /></phr></stem><stem n="/~files/tool"><phr n="/~files/tools"><ent r="6" t="57" w="300" /><ent r="6" t="60" w="211" /></phr></stem><stem n="~files/tool"><phr n="~files/tools"><ent r="6" t="57" w="300" /><ent r="6" t="57" w="299" /><ent r="6" t="60" w="211" /><ent r="6" t="60" w="210" /></phr></stem><stem n="/~files/webpag"><phr n="/~files/webpages"><ent r="6" t="57" w="306" /><ent r="6" t="60" w="217" /></phr></stem><stem n="~files/webpag"><phr n="~files/webpages"><ent r="6" t="57" w="306" /><ent r="6" t="57" w="305" /><ent r="6" t="60" w="217" /><ent r="6" t="60" w="216" /></phr></stem><stem n="webpag"><phr n="webpages"><ent r="6" t="57" w="306" /><ent r="6" t="60" w="217" /><ent r="3" t="60" w="646" /><ent r="3" t="60" w="1080" /></phr></stem><stem n="payload"><phr n="payload"><ent r="3" t="57" w="333" /><ent r="3" t="58" w="298" /></phr></stem><stem n="port/~fil"><phr n="port/~files"><ent r="3" t="57" w="365" /><ent r="3" t="57" w="364" /><ent r="3" t="57" w="498" /><ent r="3" t="57" w="497" /></phr></stem><stem n="port/~files/icon"><phr n="port/~files/icons"><ent r="3" t="57" w="366" /><ent r="3" t="57" w="364" /></phr></stem><stem n="port/~files/icons/fold"><phr n="port/~files/icons/Folder"><ent r="3" t="57" w="367" /><ent r="3" t="57" w="364" /></phr></stem><stem n="port/~files/icons/folder/filenam"><phr n="port/~files/icons/Folder/Filename"><ent r="3" t="57" w="368" /><ent r="3" t="57" w="364" /></phr></stem><stem n="://imserver:port/~files/icons/folder/filename.typ"><phr n="://imserver:port/~files/icons/Folder/Filename.type"><ent r="3" t="57" w="369" /></phr></stem><stem n="port/~files/icons/folder/filename.typ"><phr n="port/~files/icons/Folder/Filename.type"><ent r="3" t="57" w="369" /><ent r="3" t="57" w="364" /></phr></stem><stem n="(jpeg"><phr n="(jpeg"><ent r="3" t="57" w="380" /></phr></stem><stem n="jpeg"><phr n="jpeg"><ent r="3" t="57" w="380" /><ent r="6" t="69" w="826" /><ent r="6" t="69" w="1271" /></phr><phr n="Jpeg"><ent r="100" t="69" w="812" /></phr></stem><stem n="png"><phr n="png"><ent r="3" t="57" w="382" /><ent r="3" t="57" w="416" /><ent r="3" t="57" w="424" /><ent r="3" t="57" w="431" /><ent r="3" t="57" w="438" /><ent r="6" t="69" w="816" /><ent r="6" t="69" w="1249" /><ent r="6" t="69" w="1261" /></phr><phr n="Png"><ent r="100" t="69" w="810" /></phr><phr n="PNG"><ent r="6" t="69" w="823" /><ent r="6" t="69" w="1268" /></phr></stem><stem n="curl"><phr n="curl"><ent r="3" t="57" w="392" /><ent r="3" t="57" w="412" /><ent r="3" t="57" w="426" /><ent r="3" t="57" w="470" /><ent r="3" t="57" w="484" /><ent r="3" t="58" w="388" /><ent r="3" t="58" w="401" /><ent r="3" t="59" w="130" /><ent r="3" t="59" w="144" /><ent r="3" t="59" w="165" /><ent r="3" t="59" w="182" /><ent r="3" t="60" w="253" /><ent r="3" t="60" w="477" /><ent r="3" t="60" w="561" /><ent r="3" t="60" w="586" /><ent r="3" t="60" w="675" /><ent r="3" t="60" w="854" /></phr></stem><stem n="(command-line)"><phr n="(command-line)"><ent r="3" t="57" w="396" /></phr></stem><stem n="(should"><phr n="(should"><ent r="3" t="57" w="404" /></phr></stem><stem n="--data-binari"><phr n="--data-binary"><ent r="3" t="57" w="413" /><ent r="3" t="57" w="415" /><ent r="3" t="57" w="428" /><ent r="3" t="57" w="430" /><ent r="3" t="57" w="488" /><ent r="3" t="57" w="490" /><ent r="3" t="58" w="405" /><ent r="3" t="58" w="407" /></phr></stem><stem n="data-binari"><phr n="data-binary"><ent r="3" t="57" w="413" /><ent r="3" t="57" w="428" /><ent r="3" t="57" w="488" /><ent r="3" t="58" w="405" /></phr></stem><stem n="sample.png"><phr n="sample.png"><ent r="3" t="57" w="416" /><ent r="3" t="57" w="415" /><ent r="3" t="57" w="431" /><ent r="3" t="57" w="430" /></phr></stem><stem n="&quot;@sample.png&quot;"><phr n="&quot;@sample.png&quot;"><ent r="3" t="57" w="417" /><ent r="3" t="57" w="432" /></phr></stem><stem n="8080"><phr n="8080"><ent r="3" t="57" w="419" /><ent r="3" t="60" w="291" /><ent r="3" t="60" w="314" /><ent r="3" t="60" w="393" /><ent r="3" t="60" w="484" /></phr></stem><stem n="8080/~file"><phr n="8080/~files"><ent r="3" t="57" w="420" /><ent r="3" t="57" w="419" /></phr></stem><stem n="8080/~files/icon"><phr n="8080/~files/icons"><ent r="3" t="57" w="421" /><ent r="3" t="57" w="419" /></phr></stem><stem n="8080/~files/icons/default"><phr n="8080/~files/icons/Default"><ent r="3" t="57" w="422" /><ent r="3" t="57" w="419" /></phr></stem><stem n="8080/~files/icons/default/sampl"><phr n="8080/~files/icons/Default/sample"><ent r="3" t="57" w="423" /><ent r="3" t="57" w="419" /></phr></stem><stem n="://localhost:8080/~files/icons/default/sample.png"><phr n="://localhost:8080/~files/icons/Default/sample.png"><ent r="3" t="57" w="424" /></phr></stem><stem n="8080/~files/icons/default/sample.png"><phr n="8080/~files/icons/Default/sample.png"><ent r="3" t="57" w="424" /><ent r="3" t="57" w="419" /></phr></stem><stem n="-k"><phr n="-k"><ent r="3" t="57" w="427" /><ent r="3" t="57" w="427" /><ent r="4" t="57" w="444" /><ent r="4" t="57" w="444" /></phr></stem><stem n="localhost/~fil"><phr n="localhost/~files"><ent r="3" t="57" w="434" /><ent r="3" t="57" w="433" /></phr></stem><stem n="localhost/~files/icon"><phr n="localhost/~files/icons"><ent r="3" t="57" w="435" /><ent r="3" t="57" w="433" /></phr></stem><stem n="localhost/~files/icons/default"><phr n="localhost/~files/icons/Default"><ent r="3" t="57" w="436" /><ent r="3" t="57" w="433" /></phr></stem><stem n="localhost/~files/icons/default/sampl"><phr n="localhost/~files/icons/Default/sample"><ent r="3" t="57" w="437" /><ent r="3" t="57" w="433" /></phr></stem><stem n="://localhost/~files/icons/default/sample.png"><phr n="://localhost/~files/icons/Default/sample.png"><ent r="3" t="57" w="438" /></phr></stem><stem n="localhost/~files/icons/default/sample.png"><phr n="localhost/~files/icons/Default/sample.png"><ent r="3" t="57" w="438" /><ent r="3" t="57" w="433" /></phr></stem><stem n="--user"><phr n="--user"><ent r="3" t="57" w="485" /><ent r="3" t="57" w="486" /><ent r="3" t="58" w="402" /><ent r="3" t="58" w="403" /><ent r="3" t="59" w="145" /><ent r="3" t="59" w="146" /><ent r="3" t="59" w="183" /><ent r="3" t="59" w="184" /></phr></stem><stem n=":pa55w0rd"><phr n=":Pa55w0rd"><ent r="3" t="57" w="487" /><ent r="3" t="58" w="404" /><ent r="3" t="59" w="147" /><ent r="3" t="59" w="185" /></phr></stem><stem n="pa55w0rd"><phr n="Pa55w0rd"><ent r="3" t="57" w="487" /><ent r="3" t="58" w="404" /><ent r="3" t="59" w="147" /><ent r="3" t="59" w="185" /></phr></stem><stem n="path/to"><phr n="path/to"><ent r="3" t="57" w="491" /><ent r="3" t="57" w="490" /><ent r="3" t="58" w="408" /><ent r="3" t="58" w="407" /></phr></stem><stem n="path/to/loc"><phr n="path/to/local"><ent r="3" t="57" w="492" /><ent r="3" t="57" w="490" /></phr></stem><stem n="path/to/local/map"><phr n="path/to/local/map"><ent r="3" t="57" w="493" /><ent r="3" t="57" w="490" /></phr></stem><stem n="@/path/to/local/map_fil"><phr n="@/path/to/local/map_file"><ent r="3" t="57" w="494" /></phr></stem><stem n="path/to/local/map_fil"><phr n="path/to/local/map_file"><ent r="3" t="57" w="494" /><ent r="3" t="57" w="490" /></phr></stem><stem n="port/~files/map"><phr n="port/~files/maps"><ent r="3" t="57" w="499" /><ent r="3" t="57" w="497" /></phr></stem><stem n="port/~files/maps/map"><phr n="port/~files/maps/map"><ent r="3" t="57" w="500" /><ent r="3" t="57" w="497" /></phr></stem><stem n="://imserver:port/~files/maps/map_fil"><phr n="://imserver:port/~files/maps/map_file"><ent r="3" t="57" w="501" /></phr></stem><stem n="port/~files/maps/map_fil"><phr n="port/~files/maps/map_file"><ent r="3" t="57" w="501" /><ent r="3" t="57" w="497" /></phr></stem><stem n="table-bas"><phr n="Table-based"><ent r="3" t="58" w="9" /><ent r="82" t="58" w="274" /></phr><phr n="table-based"><ent r="3" t="58" w="15" /></phr></stem><stem n="&quot;tables&quot;"><phr n="&quot;tables&quot;"><ent r="3" t="58" w="54" /></phr></stem><stem n="port/~export"><phr n="port/~export"><ent r="3" t="58" w="114" /><ent r="3" t="58" w="113" /><ent r="3" t="58" w="184" /><ent r="3" t="58" w="183" /><ent r="3" t="58" w="220" /><ent r="3" t="58" w="219" /><ent r="3" t="58" w="244" /><ent r="3" t="58" w="243" /><ent r="3" t="59" w="189" /><ent r="3" t="59" w="188" /></phr></stem><stem n="~export"><phr n="~export"><ent r="3" t="58" w="114" /><ent r="3" t="58" w="184" /><ent r="3" t="58" w="220" /><ent r="3" t="58" w="244" /><ent r="3" t="59" w="189" /></phr></stem><stem n="port/~export/tablenam"><phr n="port/~export/tablename"><ent r="3" t="58" w="115" /><ent r="3" t="58" w="113" /></phr></stem><stem n="tablenam"><phr n="tablename"><ent r="3" t="58" w="115" /></phr></stem><stem n="port/~export/tablename.format"><phr n="port/~export/tablename.format"><ent r="3" t="58" w="116" /><ent r="3" t="58" w="113" /></phr></stem><stem n="://imserver:port/~export/tablename.format?"><phr n="://imserver:port/~export/tablename.format?"><ent r="3" t="58" w="117" /></phr></stem><stem n="(options)"><phr n="(options)"><ent r="4" t="58" w="119" /></phr></stem><stem n=".tab"><phr n=".tab"><ent r="4" t="58" w="124" /></phr></stem><stem n=".csv"><phr n=".csv"><ent r="4" t="58" w="133" /></phr></stem><stem n=".xml"><phr n=".xml"><ent r="4" t="58" w="142" /></phr></stem><stem n=".html-"><phr n=".html-"><ent r="4" t="58" w="150" /></phr></stem><stem n="html-"><phr n="html-"><ent r="4" t="58" w="150" /></phr></stem><stem n="&quot;fields=....&quot;"><phr n="&quot;fields=....&quot;"><ent r="3" t="58" w="165" /></phr></stem><stem n="&quot;schema&quot;"><phr n="&quot;schema&quot;"><ent r="3" t="58" w="175" /></phr></stem><stem n="port/~export/schema"><phr n="port/~export/schema"><ent r="3" t="58" w="185" /><ent r="3" t="58" w="183" /></phr></stem><stem n="://imserver:port/~export/schema.html"><phr n="://imserver:port/~export/schema.html"><ent r="3" t="58" w="186" /></phr></stem><stem n="port/~export/schema.html"><phr n="port/~export/schema.html"><ent r="3" t="58" w="186" /><ent r="3" t="58" w="183" /></phr></stem><stem n="port/~export/devic"><phr n="port/~export/devices"><ent r="3" t="58" w="221" /><ent r="3" t="58" w="219" /><ent r="3" t="58" w="245" /><ent r="3" t="58" w="243" /><ent r="3" t="59" w="190" /><ent r="3" t="59" w="188" /></phr></stem><stem n="://imserver:port/~export/devices.tab"><phr n="://imserver:port/~export/devices.tab"><ent r="3" t="58" w="222" /></phr></stem><stem n="port/~export/devices.tab"><phr n="port/~export/devices.tab"><ent r="3" t="58" w="222" /><ent r="3" t="58" w="219" /><ent r="3" t="58" w="246" /><ent r="3" t="58" w="243" /><ent r="3" t="59" w="191" /><ent r="3" t="59" w="188" /></phr></stem><stem n="id,nam"><phr n="id,name"><ent r="3" t="58" w="249" /><ent r="3" t="58" w="248" /></phr></stem><stem n="id,name,macadress"><phr n="id,name,macadress"><ent r="3" t="58" w="250" /><ent r="3" t="58" w="248" /></phr></stem></index>