<?xml version="1.0" encoding="utf-8"?><index><stem n="(specified)"><phr n="(specified)"><ent r="6" t="5" w="909" /></phr></stem><stem n="ntcredenti"><phr n="NTCREDENTIALS"><ent r="100" t="5" w="911" /><ent r="6" t="5" w="913" /></phr></stem><stem n="tell"><phr n="tells"><ent r="6" t="5" w="914" /></phr></stem><stem n="elev"><phr n="elevate"><ent r="6" t="5" w="917" /></phr></stem><stem n="credenti"><phr n="credentials"><ent r="6" t="5" w="919" /></phr></stem><stem n="usernam"><phr n="username"><ent r="6" t="5" w="922" /><ent r="3" t="54" w="465" /><ent r="4" t="60" w="422" /></phr><phr n="Usernames"><ent r="3" t="40" w="503" /></phr><phr n="Username"><ent r="100" t="54" w="457" /></phr></stem><stem n="password"><phr n="password"><ent r="6" t="5" w="924" /><ent r="4" t="7" w="268" /><ent r="3" t="7" w="285" /><ent r="3" t="7" w="289" /><ent r="3" t="7" w="336" /><ent r="5" t="13" w="1145" /><ent r="3" t="34" w="1370" /><ent r="5" t="34" w="1455" /><ent r="3" t="38" w="255" /><ent r="3" t="54" w="546" /><ent r="3" t="54" w="553" /><ent r="3" t="54" w="606" /><ent r="3" t="60" w="283" /><ent r="3" t="60" w="303" /><ent r="3" t="60" w="354" /><ent r="3" t="60" w="356" /><ent r="3" t="60" w="375" /><ent r="3" t="60" w="396" /><ent r="4" t="60" w="424" /><ent r="3" t="60" w="487" /><ent r="3" t="60" w="511" /><ent r="3" t="60" w="975" /><ent r="3" t="60" w="982" /><ent r="3" t="60" w="1192" /><ent r="3" t="60" w="1215" /><ent r="3" t="60" w="1324" /></phr><phr n="Password"><ent r="5" t="7" w="180" /><ent r="100" t="7" w="247" /><ent r="82" t="7" w="250" /><ent r="3" t="7" w="304" /><ent r="3" t="7" w="313" /><ent r="3" t="7" w="341" /><ent r="3" t="7" w="594" /><ent r="3" t="34" w="1367" /><ent r="3" t="36" w="1136" /><ent r="3" t="36" w="3926" /><ent r="3" t="40" w="527" /></phr><phr n="PASSWORD"><ent r="100" t="7" w="245" /></phr><phr n="passwords"><ent r="3" t="40" w="504" /></phr></stem><stem n="nt"><phr n="NT"><ent r="6" t="5" w="928" /></phr></stem><stem n="panel"><phr n="panel"><ent r="6" t="5" w="932" /><ent r="4" t="64" w="380" /></phr></stem><stem n="long"><phr n="long"><ent r="6" t="5" w="933" /><ent r="4" t="8" w="122" /><ent r="4" t="8" w="682" /><ent r="6" t="23" w="2548" /><ent r="6" t="23" w="2557" /><ent r="4" t="34" w="333" /><ent r="4" t="34" w="378" /><ent r="3" t="34" w="1598" /><ent r="4" t="37" w="409" /><ent r="3" t="42" w="610" /></phr><phr n="LONG"><ent r="100" t="36" w="3128" /><ent r="5" t="36" w="3134" /><ent r="4" t="36" w="3175" /></phr></stem><stem n="enough"><phr n="enough"><ent r="6" t="5" w="934" /></phr></stem><stem n="(window"><phr n="(Windows"><ent r="6" t="5" w="943" /></phr></stem><stem n=".)"><phr n=".)"><ent r="6" t="5" w="945" /><ent r="3" t="7" w="271" /><ent r="5" t="13" w="1443" /><ent r="4" t="13" w="2187" /><ent r="3" t="14" w="894" /><ent r="6" t="16" w="650" /><ent r="65" t="16" w="868" /><ent r="3" t="17" w="103" /><ent r="3" t="20" w="733" /><ent r="3" t="21" w="551" /><ent r="3" t="21" w="604" /><ent r="3" t="22" w="270" /><ent r="3" t="26" w="265" /><ent r="3" t="28" w="962" /><ent r="3" t="30" w="59" /><ent r="4" t="36" w="392" /><ent r="4" t="36" w="484" /><ent r="3" t="39" w="49" /><ent r="4" t="39" w="1005" /><ent r="4" t="39" w="1043" /><ent r="4" t="48" w="98" /><ent r="3" t="48" w="168" /><ent r="3" t="53" w="582" /><ent r="6" t="67" w="371" /><ent r="3" t="68" w="213" /><ent r="6" t="69" w="1682" /></phr></stem><stem n="-loop"><phr n="-LOOPS"><ent r="6" t="5" w="946" /><ent r="6" t="5" w="946" /></phr></stem><stem n="allow-loop"><phr n="ALLOW-LOOPS"><ent r="6" t="5" w="946" /></phr></stem><stem n="loop"><phr n="LOOPS"><ent r="6" t="5" w="947" /></phr><phr n="loop"><ent r="6" t="5" w="1016" /><ent r="4" t="54" w="1250" /></phr></stem><stem n="equip"><phr n="equipment"><ent r="6" t="5" w="951" /><ent r="6" t="5" w="1037" /><ent r="3" t="15" w="81" /><ent r="3" t="18" w="1176" /><ent r="3" t="23" w="2744" /><ent r="3" t="31" w="296" /></phr></stem><stem n="iftabl"><phr n="ifTable"><ent r="6" t="5" w="956" /><ent r="6" t="5" w="1046" /><ent r="6" t="5" w="1059" /><ent r="3" t="18" w="279" /><ent r="3" t="18" w="291" /><ent r="3" t="18" w="297" /><ent r="4" t="18" w="336" /><ent r="3" t="18" w="400" /><ent r="3" t="18" w="453" /><ent r="3" t="18" w="571" /><ent r="3" t="18" w="580" /><ent r="3" t="18" w="602" /><ent r="3" t="18" w="623" /><ent r="3" t="18" w="645" /><ent r="3" t="18" w="667" /><ent r="3" t="18" w="681" /><ent r="3" t="18" w="695" /><ent r="3" t="18" w="722" /><ent r="3" t="18" w="1011" /><ent r="3" t="18" w="1047" /><ent r="3" t="18" w="1156" /><ent r="3" t="54" w="481" /><ent r="3" t="54" w="585" /><ent r="3" t="54" w="640" /></phr><phr n="IfTable"><ent r="100" t="54" w="475" /></phr></stem><stem n="proce"><phr n="proceed"><ent r="6" t="5" w="962" /><ent r="4" t="54" w="211" /><ent r="3" t="55" w="372" /></phr></stem><stem n="usual"><phr n="usual"><ent r="6" t="5" w="965" /><ent r="3" t="44" w="160" /><ent r="3" t="70" w="192" /></phr><phr n="usually"><ent r="3" t="14" w="470" /><ent r="4" t="15" w="152" /><ent r="3" t="26" w="360" /><ent r="3" t="33" w="637" /></phr></stem><stem n="strictli"><phr n="strictly"><ent r="6" t="5" w="966" /></phr></stem><stem n="increas"><phr n="increasing"><ent r="6" t="5" w="967" /><ent r="4" t="54" w="1226" /></phr><phr n="Increase"><ent r="5" t="11" w="208" /></phr><phr n="increase"><ent r="5" t="11" w="216" /></phr></stem><stem n="fashion"><phr n="fashion"><ent r="6" t="5" w="968" /><ent r="4" t="23" w="265" /></phr></stem><stem n="jump"><phr n="jumping"><ent r="6" t="5" w="969" /></phr><phr n="Jumping"><ent r="100" t="34" w="183" /><ent r="100" t="34" w="1182" /><ent r="100" t="34" w="1185" /><ent r="82" t="34" w="1187" /></phr><phr n="jumps"><ent r="3" t="34" w="1052" /><ent r="3" t="36" w="1162" /><ent r="4" t="36" w="1904" /><ent r="3" t="36" w="2007" /><ent r="3" t="36" w="2034" /><ent r="3" t="36" w="2484" /><ent r="3" t="36" w="2502" /><ent r="3" t="36" w="3327" /><ent r="3" t="36" w="3348" /><ent r="3" t="36" w="3751" /><ent r="3" t="36" w="3819" /><ent r="3" t="36" w="4423" /></phr><phr n="jump"><ent r="3" t="34" w="1150" /><ent r="3" t="34" w="1199" /><ent r="3" t="34" w="1255" /><ent r="3" t="34" w="1489" /><ent r="4" t="36" w="560" /><ent r="3" t="36" w="1425" /><ent r="3" t="36" w="2059" /></phr><phr n="Jump"><ent r="4" t="36" w="306" /></phr></stem><stem n="around"><phr n="around"><ent r="6" t="5" w="970" /><ent r="6" t="5" w="1081" /><ent r="6" t="23" w="2936" /></phr></stem><stem n="instead"><phr n="instead"><ent r="6" t="5" w="971" /><ent r="4" t="15" w="891" /><ent r="4" t="16" w="1053" /><ent r="4" t="23" w="2238" /><ent r="4" t="24" w="138" /><ent r="3" t="36" w="2048" /><ent r="3" t="36" w="2499" /><ent r="4" t="40" w="165" /><ent r="4" t="40" w="168" /><ent r="4" t="40" w="313" /><ent r="3" t="44" w="43" /><ent r="3" t="63" w="131" /><ent r="6" t="67" w="753" /><ent r="6" t="69" w="1218" /><ent r="4" t="76" w="90" /></phr><phr n="Instead"><ent r="4" t="18" w="1908" /><ent r="3" t="55" w="13" /></phr></stem><stem n="ad"><phr n="Adding"><ent r="6" t="5" w="972" /><ent r="100" t="34" w="232" /><ent r="65" t="34" w="234" /><ent r="92" t="34" w="1617" /><ent r="82" t="34" w="1656" /><ent r="82" t="34" w="1716" /></phr><phr n="added"><ent r="4" t="5" w="1174" /><ent r="3" t="17" w="311" /><ent r="4" t="21" w="700" /><ent r="4" t="21" w="720" /><ent r="3" t="23" w="1391" /><ent r="3" t="36" w="2555" /><ent r="3" t="39" w="1126" /></phr><phr n="adding"><ent r="3" t="18" w="995" /><ent r="6" t="23" w="2922" /><ent r="3" t="34" w="1676" /></phr><phr n="Added"><ent r="3" t="26" w="62" /><ent r="3" t="31" w="80" /><ent r="3" t="32" w="147" /></phr></stem><stem n="instruct"><phr n="instruct"><ent r="6" t="5" w="979" /><ent r="6" t="5" w="1013" /><ent r="6" t="5" w="1077" /></phr><phr n="instructions"><ent r="4" t="46" w="266" /></phr><phr n="instructed"><ent r="4" t="55" w="774" /></phr></stem><stem n="situat"><phr n="situation"><ent r="6" t="5" w="984" /><ent r="6" t="5" w="1083" /><ent r="3" t="34" w="1482" /></phr><phr n="situations"><ent r="6" t="69" w="752" /></phr></stem><stem n="n"><phr n="N"><ent r="6" t="5" w="985" /><ent r="4" t="28" w="440" /><ent r="4" t="28" w="456" /><ent r="4" t="28" w="472" /><ent r="3" t="28" w="484" /><ent r="6" t="36" w="591" /><ent r="6" t="36" w="630" /><ent r="6" t="36" w="638" /><ent r="6" t="36" w="677" /><ent r="6" t="36" w="821" /><ent r="5" t="36" w="2527" /><ent r="5" t="36" w="2653" /><ent r="5" t="36" w="2751" /><ent r="5" t="36" w="2759" /><ent r="5" t="36" w="3015" /><ent r="100" t="53" w="267" /><ent r="93" t="53" w="281" /></phr><phr n="n"><ent r="5" t="13" w="1419" /><ent r="3" t="13" w="2334" /><ent r="6" t="34" w="523" /><ent r="3" t="34" w="615" /><ent r="3" t="34" w="1253" /><ent r="4" t="34" w="1260" /><ent r="100" t="36" w="13" /><ent r="100" t="36" w="20" /><ent r="100" t="36" w="36" /><ent r="4" t="36" w="3223" /><ent r="3" t="36" w="3909" /><ent r="3" t="36" w="3928" /><ent r="3" t="36" w="3945" /><ent r="3" t="36" w="3960" /><ent r="3" t="36" w="4330" /><ent r="3" t="38" w="463" /><ent r="3" t="54" w="138" /><ent r="5" t="54" w="219" /><ent r="4" t="54" w="239" /><ent r="3" t="55" w="174" /><ent r="3" t="60" w="518" /><ent r="3" t="60" w="571" /><ent r="3" t="60" w="593" /></phr></stem><stem n="n.b"><phr n="N.B"><ent r="6" t="5" w="986" /><ent r="6" t="5" w="985" /></phr></stem><stem n="b"><phr n="B"><ent r="6" t="5" w="986" /><ent r="6" t="11" w="237" /><ent r="100" t="11" w="361" /><ent r="4" t="23" w="1685" /><ent r="7" t="23" w="2580" /><ent r="3" t="23" w="2666" /><ent r="3" t="31" w="229" /><ent r="6" t="36" w="595" /><ent r="6" t="36" w="634" /><ent r="6" t="36" w="673" /><ent r="5" t="36" w="2657" /><ent r="5" t="36" w="2755" /><ent r="5" t="36" w="3011" /></phr><phr n="b"><ent r="7" t="11" w="368" /><ent r="7" t="11" w="373" /><ent r="3" t="14" w="346" /><ent r="3" t="14" w="857" /><ent r="3" t="14" w="861" /><ent r="4" t="18" w="1237" /><ent r="3" t="18" w="1257" /><ent r="3" t="18" w="1273" /><ent r="4" t="23" w="1680" /><ent r="3" t="31" w="307" /><ent r="3" t="31" w="331" /><ent r="3" t="31" w="410" /><ent r="3" t="31" w="563" /><ent r="6" t="34" w="547" /><ent r="3" t="63" w="161" /><ent r="4" t="63" w="280" /><ent r="3" t="63" w="297" /></phr></stem><stem n="n.b."><phr n="N.B."><ent r="6" t="5" w="986" /><ent r="6" t="5" w="985" /></phr></stem><stem n=".b."><phr n=".B."><ent r="6" t="5" w="987" /></phr></stem><stem n="stop"><phr n="stop"><ent r="6" t="5" w="997" /><ent r="6" t="5" w="1031" /><ent r="3" t="54" w="1143" /><ent r="3" t="60" w="549" /></phr><phr n="stopped"><ent r="3" t="55" w="423" /><ent r="3" t="60" w="542" /></phr><phr n="Stop"><ent r="4" t="64" w="383" /></phr></stem><stem n="everi"><phr n="every"><ent r="6" t="5" w="1001" /><ent r="3" t="28" w="580" /><ent r="6" t="69" w="1205" /></phr><phr n="Every"><ent r="3" t="20" w="227" /><ent r="6" t="67" w="165" /></phr></stem><stem n="5000"><phr n="5000"><ent r="6" t="5" w="1022" /></phr></stem><stem n="occur"><phr n="occurred"><ent r="6" t="5" w="1025" /></phr><phr n="occurs"><ent r="3" t="25" w="835" /><ent r="3" t="34" w="1043" /><ent r="3" t="34" w="1483" /></phr><phr n="occur"><ent r="3" t="34" w="1509" /></phr></stem><stem n="point"><phr n="point"><ent r="6" t="5" w="1028" /><ent r="5" t="13" w="1232" /><ent r="4" t="13" w="1594" /><ent r="3" t="17" w="263" /><ent r="4" t="18" w="213" /><ent r="3" t="20" w="69" /><ent r="3" t="20" w="104" /><ent r="3" t="20" w="109" /><ent r="3" t="20" w="122" /><ent r="3" t="20" w="231" /><ent r="3" t="20" w="361" /><ent r="3" t="20" w="485" /><ent r="3" t="20" w="498" /><ent r="3" t="20" w="512" /><ent r="4" t="20" w="617" /><ent r="3" t="20" w="673" /><ent r="3" t="20" w="740" /><ent r="3" t="20" w="785" /><ent r="4" t="20" w="859" /><ent r="4" t="20" w="867" /><ent r="4" t="20" w="890" /><ent r="4" t="21" w="102" /><ent r="4" t="21" w="126" /><ent r="4" t="21" w="146" /><ent r="3" t="21" w="271" /><ent r="3" t="21" w="281" /><ent r="3" t="21" w="302" /><ent r="3" t="21" w="319" /><ent r="4" t="21" w="360" /><ent r="4" t="21" w="410" /><ent r="3" t="21" w="453" /><ent r="3" t="21" w="468" /><ent r="3" t="21" w="576" /><ent r="3" t="21" w="586" /><ent r="3" t="21" w="614" /><ent r="3" t="21" w="626" /><ent r="4" t="21" w="690" /><ent r="4" t="21" w="717" /><ent r="4" t="21" w="740" /><ent r="4" t="21" w="743" /><ent r="3" t="21" w="935" /><ent r="3" t="21" w="975" /><ent r="3" t="21" w="1068" /><ent r="3" t="21" w="1224" /><ent r="3" t="21" w="1233" /><ent r="3" t="21" w="1254" /><ent r="3" t="21" w="1291" /><ent r="3" t="21" w="1393" /><ent r="3" t="21" w="1398" /><ent r="4" t="23" w="129" /><ent r="4" t="23" w="432" /><ent r="4" t="23" w="1274" /><ent r="4" t="23" w="1284" /><ent r="4" t="23" w="1294" /><ent r="3" t="23" w="1502" /><ent r="3" t="23" w="1519" /><ent r="3" t="33" w="713" /><ent r="3" t="33" w="1078" /><ent r="3" t="43" w="63" /><ent r="3" t="70" w="379" /></phr><phr n="points"><ent r="5" t="13" w="676" /><ent r="3" t="20" w="82" /><ent r="3" t="20" w="142" /><ent r="3" t="20" w="145" /><ent r="3" t="20" w="283" /><ent r="3" t="20" w="307" /><ent r="3" t="20" w="369" /><ent r="3" t="20" w="475" /><ent r="3" t="20" w="494" /><ent r="3" t="20" w="516" /><ent r="3" t="20" w="533" /><ent r="4" t="20" w="560" /><ent r="4" t="20" w="576" /><ent r="4" t="20" w="594" /><ent r="3" t="20" w="653" /><ent r="3" t="20" w="700" /><ent r="3" t="20" w="897" /><ent r="3" t="21" w="15" /><ent r="4" t="21" w="491" /><ent r="4" t="21" w="507" /><ent r="3" t="21" w="540" /><ent r="3" t="21" w="583" /><ent r="4" t="21" w="641" /><ent r="4" t="21" w="776" /><ent r="4" t="21" w="786" /><ent r="4" t="21" w="809" /><ent r="4" t="21" w="819" /><ent r="4" t="21" w="823" /><ent r="4" t="21" w="832" /><ent r="3" t="21" w="965" /><ent r="3" t="21" w="1212" /><ent r="3" t="21" w="1218" /><ent r="3" t="21" w="1467" /><ent r="3" t="22" w="54" /></phr><phr n="Point"><ent r="100" t="20" w="8" /><ent r="64" t="20" w="764" /><ent r="64" t="20" w="913" /><ent r="1000" t="21" w="2" /><ent r="102" t="21" w="7" /><ent r="100" t="21" w="12" /><ent r="1000" t="22" w="2" /><ent r="102" t="22" w="7" /><ent r="100" t="22" w="12" /><ent r="72" t="23" w="1497" /></phr><phr n="Points"><ent r="92" t="20" w="272" /><ent r="92" t="20" w="894" /></phr></stem><stem n="-bug"><phr n="-BUG"><ent r="6" t="5" w="1033" /><ent r="6" t="5" w="1033" /></phr></stem><stem n="ifindex"><phr n="IFINDEX"><ent r="6" t="5" w="1033" /></phr><phr n="ifIndex"><ent r="5" t="13" w="760" /><ent r="3" t="18" w="300" /><ent r="3" t="18" w="302" /><ent r="3" t="18" w="374" /><ent r="3" t="18" w="581" /><ent r="4" t="18" w="859" /><ent r="3" t="18" w="1049" /><ent r="3" t="18" w="1052" /><ent r="4" t="18" w="1562" /><ent r="4" t="18" w="1570" /><ent r="4" t="18" w="1585" /><ent r="3" t="18" w="1643" /><ent r="3" t="18" w="1646" /><ent r="3" t="25" w="383" /><ent r="3" t="25" w="385" /><ent r="3" t="25" w="693" /><ent r="3" t="25" w="731" /><ent r="3" t="25" w="759" /></phr></stem><stem n="ifindex-bug"><phr n="IFINDEX-BUG"><ent r="6" t="5" w="1033" /></phr></stem><stem n="bug"><phr n="BUG"><ent r="6" t="5" w="1034" /></phr><phr n="bugs"><ent r="82" t="60" w="402" /></phr></stem><stem n="incorrectli"><phr n="incorrectly"><ent r="6" t="5" w="1040" /></phr></stem><stem n="entri"><phr n="entries"><ent r="6" t="5" w="1055" /><ent r="3" t="20" w="788" /><ent r="3" t="28" w="833" /><ent r="3" t="28" w="867" /><ent r="3" t="28" w="889" /><ent r="3" t="53" w="321" /><ent r="3" t="53" w="478" /></phr><phr n="entry"><ent r="3" t="7" w="96" /><ent r="3" t="13" w="2097" /><ent r="4" t="18" w="249" /><ent r="4" t="20" w="827" /><ent r="3" t="21" w="91" /><ent r="3" t="21" w="1010" /><ent r="3" t="28" w="905" /><ent r="3" t="30" w="149" /><ent r="3" t="55" w="439" /></phr></stem><stem n="spars"><phr n="sparse"><ent r="6" t="5" w="1058" /></phr></stem><stem n="rather"><phr n="rather"><ent r="6" t="5" w="1060" /><ent r="6" t="5" w="1084" /><ent r="3" t="44" w="151" /><ent r="3" t="60" w="67" /><ent r="3" t="63" w="316" /><ent r="4" t="65" w="106" /></phr></stem><stem n="try"><phr n="trying"><ent r="6" t="5" w="1062" /><ent r="3" t="36" w="1282" /><ent r="3" t="60" w="69" /></phr><phr n="try"><ent r="3" t="14" w="1183" /><ent r="3" t="36" w="4542" /><ent r="3" t="42" w="601" /><ent r="3" t="42" w="626" /><ent r="3" t="48" w="738" /><ent r="3" t="48" w="809" /><ent r="3" t="60" w="93" /></phr></stem><stem n="index"><phr n="index"><ent r="6" t="5" w="1067" /><ent r="5" t="13" w="764" /><ent r="4" t="16" w="1320" /><ent r="3" t="16" w="1443" /><ent r="4" t="18" w="264" /><ent r="3" t="18" w="449" /><ent r="3" t="18" w="451" /><ent r="3" t="18" w="457" /><ent r="3" t="18" w="478" /><ent r="3" t="18" w="524" /><ent r="3" t="18" w="978" /><ent r="3" t="18" w="985" /><ent r="3" t="18" w="1055" /><ent r="3" t="18" w="1190" /><ent r="3" t="18" w="1223" /><ent r="3" t="18" w="1253" /><ent r="3" t="18" w="1345" /><ent r="3" t="18" w="1381" /><ent r="4" t="18" w="1918" /><ent r="4" t="23" w="842" /><ent r="4" t="23" w="845" /><ent r="3" t="23" w="1961" /><ent r="3" t="23" w="1964" /><ent r="3" t="23" w="1971" /><ent r="3" t="25" w="1048" /><ent r="3" t="25" w="1059" /><ent r="3" t="53" w="343" /><ent r="3" t="53" w="401" /><ent r="3" t="53" w="563" /><ent r="5" t="65" w="550" /><ent r="7" t="67" w="293" /><ent r="6" t="67" w="310" /><ent r="6" t="67" w="695" /><ent r="100" t="70" w="311" /><ent r="3" t="70" w="321" /><ent r="3" t="70" w="351" /><ent r="3" t="70" w="420" /><ent r="3" t="70" w="447" /><ent r="3" t="70" w="476" /></phr><phr n="Index"><ent r="3" t="18" w="304" /><ent r="3" t="18" w="594" /><ent r="92" t="18" w="1170" /><ent r="3" t="25" w="55" /><ent r="92" t="25" w="1021" /><ent r="64" t="25" w="1074" /><ent r="100" t="65" w="547" /><ent r="100" t="67" w="275" /><ent r="100" t="70" w="307" /></phr><phr n="Indexes"><ent r="82" t="18" w="438" /></phr><phr n="indexed"><ent r="82" t="25" w="450" /><ent r="3" t="25" w="460" /></phr></stem><stem n="turn"><phr n="turn"><ent r="6" t="5" w="1069" /></phr><phr n="Turn"><ent r="5" t="11" w="298" /></phr><phr n="turns"><ent r="3" t="20" w="523" /><ent r="3" t="33" w="550" /></phr><phr n="turning"><ent r="3" t="21" w="938" /></phr><phr n="turned"><ent r="3" t="36" w="1391" /></phr></stem><stem n="attempt"><phr n="attempting"><ent r="6" t="5" w="1086" /></phr><phr n="attempted"><ent r="5" t="13" w="1112" /></phr><phr n="attempts"><ent r="3" t="42" w="750" /></phr><phr n="attempt"><ent r="4" t="54" w="293" /></phr></stem><stem n="effici"><phr n="efficient"><ent r="6" t="5" w="1089" /><ent r="3" t="76" w="36" /></phr></stem><stem n="linkcrit"><phr n="LINKCRITICAL"><ent r="6" t="5" w="1091" /></phr></stem><stem n="goe"><phr n="goes"><ent r="6" t="5" w="1098" /><ent r="3" t="58" w="342" /></phr></stem><stem n="critic"><phr n="critical"><ent r="6" t="5" w="1110" /><ent r="3" t="14" w="1097" /><ent r="4" t="17" w="126" /><ent r="3" t="17" w="155" /><ent r="3" t="17" w="161" /><ent r="3" t="21" w="63" /><ent r="4" t="21" w="133" /><ent r="3" t="21" w="1241" /><ent r="3" t="21" w="1257" /><ent r="3" t="21" w="1273" /><ent r="3" t="21" w="1437" /><ent r="3" t="21" w="1454" /><ent r="3" t="21" w="1460" /><ent r="3" t="21" w="1493" /><ent r="3" t="21" w="1499" /><ent r="3" t="21" w="1528" /><ent r="3" t="22" w="184" /><ent r="3" t="28" w="1042" /><ent r="4" t="41" w="48" /><ent r="3" t="42" w="547" /><ent r="3" t="42" w="803" /><ent r="4" t="46" w="771" /><ent r="3" t="47" w="235" /><ent r="3" t="48" w="629" /></phr><phr n="Critical"><ent r="4" t="17" w="250" /><ent r="5" t="20" w="201" /><ent r="3" t="20" w="324" /><ent r="3" t="20" w="372" /><ent r="3" t="31" w="483" /><ent r="3" t="31" w="510" /><ent r="3" t="31" w="644" /><ent r="3" t="31" w="671" /><ent r="3" t="31" w="767" /><ent r="3" t="31" w="794" /><ent r="3" t="31" w="877" /><ent r="3" t="31" w="904" /><ent r="3" t="31" w="1059" /><ent r="3" t="31" w="1086" /><ent r="3" t="32" w="226" /><ent r="3" t="46" w="147" /><ent r="6" t="46" w="472" /></phr><phr n="CRITICAL"><ent r="4" t="34" w="293" /><ent r="3" t="42" w="594" /></phr></stem><stem n="alarm"><phr n="alarm"><ent r="6" t="5" w="1114" /><ent r="3" t="7" w="124" /><ent r="3" t="7" w="479" /><ent r="5" t="13" w="675" /><ent r="3" t="14" w="1102" /><ent r="4" t="17" w="128" /><ent r="3" t="17" w="162" /><ent r="3" t="17" w="171" /><ent r="3" t="17" w="176" /><ent r="3" t="20" w="49" /><ent r="3" t="20" w="68" /><ent r="3" t="20" w="81" /><ent r="3" t="20" w="103" /><ent r="3" t="20" w="121" /><ent r="3" t="20" w="141" /><ent r="3" t="20" w="230" /><ent r="3" t="20" w="282" /><ent r="3" t="20" w="306" /><ent r="3" t="20" w="360" /><ent r="3" t="20" w="368" /><ent r="3" t="20" w="388" /><ent r="3" t="20" w="413" /><ent r="3" t="20" w="457" /><ent r="3" t="20" w="464" /><ent r="3" t="20" w="484" /><ent r="3" t="20" w="493" /><ent r="3" t="20" w="497" /><ent r="3" t="20" w="511" /><ent r="3" t="20" w="515" /><ent r="3" t="20" w="532" /><ent r="4" t="20" w="559" /><ent r="4" t="20" w="575" /><ent r="4" t="20" w="593" /><ent r="4" t="20" w="616" /><ent r="4" t="20" w="646" /><ent r="3" t="20" w="672" /><ent r="3" t="20" w="699" /><ent r="3" t="20" w="784" /><ent r="4" t="20" w="858" /><ent r="4" t="20" w="866" /><ent r="4" t="20" w="889" /><ent r="4" t="21" w="101" /><ent r="4" t="21" w="125" /><ent r="3" t="21" w="270" /><ent r="3" t="21" w="280" /><ent r="3" t="21" w="301" /><ent r="3" t="21" w="318" /><ent r="4" t="21" w="359" /><ent r="4" t="21" w="409" /><ent r="3" t="21" w="452" /><ent r="3" t="21" w="467" /><ent r="4" t="21" w="490" /><ent r="5" t="21" w="497" /><ent r="4" t="21" w="506" /><ent r="5" t="21" w="513" /><ent r="3" t="21" w="539" /><ent r="3" t="21" w="555" /><ent r="3" t="21" w="575" /><ent r="3" t="21" w="582" /><ent r="3" t="21" w="613" /><ent r="3" t="21" w="625" /><ent r="4" t="21" w="640" /><ent r="4" t="21" w="689" /><ent r="4" t="21" w="716" /><ent r="4" t="21" w="739" /><ent r="4" t="21" w="775" /><ent r="4" t="21" w="785" /><ent r="4" t="21" w="790" /><ent r="4" t="21" w="808" /><ent r="4" t="21" w="818" /><ent r="4" t="21" w="822" /><ent r="4" t="21" w="831" /><ent r="3" t="21" w="934" /><ent r="3" t="21" w="964" /><ent r="3" t="21" w="974" /><ent r="3" t="21" w="1067" /><ent r="3" t="21" w="1211" /><ent r="3" t="21" w="1217" /><ent r="3" t="21" w="1223" /><ent r="3" t="21" w="1232" /><ent r="3" t="21" w="1253" /><ent r="3" t="21" w="1392" /><ent r="3" t="21" w="1397" /><ent r="3" t="21" w="1466" /><ent r="3" t="21" w="1508" /><ent r="3" t="21" w="1516" /><ent r="3" t="21" w="1524" /><ent r="3" t="21" w="1534" /><ent r="3" t="22" w="53" /><ent r="3" t="33" w="97" /><ent r="3" t="36" w="1616" /><ent r="3" t="38" w="387" /><ent r="4" t="41" w="50" /><ent r="3" t="42" w="552" /><ent r="3" t="42" w="808" /><ent r="3" t="44" w="188" /><ent r="3" t="45" w="395" /><ent r="3" t="47" w="240" /><ent r="3" t="48" w="634" /><ent r="6" t="69" w="281" /><ent r="6" t="69" w="362" /></phr><phr n="Alarm"><ent r="100" t="7" w="104" /><ent r="3" t="14" w="592" /><ent r="4" t="17" w="255" /><ent r="100" t="20" w="7" /><ent r="3" t="20" w="144" /><ent r="92" t="20" w="271" /><ent r="3" t="20" w="320" /><ent r="3" t="20" w="343" /><ent r="3" t="20" w="474" /><ent r="3" t="20" w="652" /><ent r="3" t="20" w="739" /><ent r="64" t="20" w="763" /><ent r="92" t="20" w="893" /><ent r="3" t="20" w="896" /><ent r="64" t="20" w="912" /><ent r="1000" t="21" w="1" /><ent r="102" t="21" w="6" /><ent r="100" t="21" w="11" /><ent r="3" t="21" w="14" /><ent r="3" t="21" w="585" /><ent r="83" t="21" w="856" /><ent r="3" t="21" w="1290" /><ent r="1000" t="22" w="1" /><ent r="102" t="22" w="6" /><ent r="100" t="22" w="11" /><ent r="3" t="32" w="227" /><ent r="3" t="45" w="366" /><ent r="3" t="46" w="145" /></phr><phr n="alarms"><ent r="3" t="15" w="555" /><ent r="3" t="16" w="93" /><ent r="3" t="21" w="1003" /><ent r="3" t="22" w="233" /><ent r="3" t="31" w="1137" /><ent r="7" t="69" w="318" /></phr><phr n="Alarms"><ent r="3" t="20" w="106" /></phr><phr n="ALARM"><ent r="100" t="34" w="285" /><ent r="4" t="34" w="294" /><ent r="100" t="36" w="1577" /><ent r="4" t="36" w="4573" /><ent r="4" t="36" w="4617" /><ent r="3" t="42" w="592" /></phr></stem><stem n="nagios3"><phr n="NAGIOS3"><ent r="6" t="5" w="1120" /><ent r="6" t="5" w="1123" /><ent r="4" t="46" w="875" /><ent r="3" t="47" w="57" /></phr></stem><stem n="&quot;nagios3&quot;"><phr n="&quot;NAGIOS3&quot;"><ent r="6" t="5" w="1124" /><ent r="4" t="46" w="876" /><ent r="3" t="47" w="58" /></phr></stem><stem n="nagio"><phr n="Nagios"><ent r="6" t="5" w="1145" /><ent r="67" t="5" w="1150" /><ent r="5" t="13" w="422" /><ent r="3" t="14" w="1090" /><ent r="100" t="39" w="366" /><ent r="100" t="39" w="394" /><ent r="100" t="39" w="405" /><ent r="64" t="39" w="411" /><ent r="3" t="39" w="425" /><ent r="3" t="39" w="433" /><ent r="64" t="39" w="460" /><ent r="3" t="39" w="474" /><ent r="3" t="39" w="485" /><ent r="64" t="39" w="490" /><ent r="3" t="42" w="540" /><ent r="100" t="44" w="78" /><ent r="3" t="44" w="224" /><ent r="3" t="44" w="239" /><ent r="1000" t="46" w="1" /><ent r="100" t="46" w="6" /><ent r="100" t="46" w="8" /><ent r="102" t="46" w="11" /><ent r="64" t="46" w="40" /><ent r="3" t="46" w="51" /><ent r="3" t="46" w="73" /><ent r="3" t="46" w="82" /><ent r="3" t="46" w="89" /><ent r="3" t="46" w="190" /><ent r="3" t="46" w="195" /><ent r="3" t="46" w="209" /><ent r="3" t="46" w="212" /><ent r="100" t="46" w="246" /><ent r="4" t="46" w="254" /><ent r="5" t="46" w="310" /><ent r="100" t="46" w="365" /><ent r="100" t="46" w="368" /><ent r="100" t="46" w="375" /><ent r="72" t="46" w="379" /><ent r="3" t="46" w="389" /><ent r="3" t="46" w="398" /><ent r="3" t="46" w="425" /><ent r="3" t="46" w="431" /><ent r="3" t="46" w="434" /><ent r="3" t="46" w="598" /><ent r="3" t="46" w="699" /><ent r="3" t="46" w="714" /><ent r="3" t="46" w="735" /><ent r="3" t="46" w="740" /><ent r="4" t="46" w="751" /><ent r="4" t="46" w="762" /><ent r="4" t="46" w="782" /><ent r="4" t="46" w="799" /><ent r="4" t="46" w="840" /><ent r="4" t="46" w="848" /><ent r="4" t="46" w="856" /><ent r="4" t="46" w="866" /><ent r="1000" t="47" w="1" /><ent r="102" t="47" w="5" /><ent r="3" t="47" w="12" /><ent r="3" t="47" w="42" /><ent r="3" t="47" w="53" /><ent r="3" t="47" w="54" /><ent r="3" t="47" w="62" /><ent r="3" t="47" w="71" /><ent r="3" t="47" w="164" /><ent r="3" t="47" w="167" /><ent r="3" t="47" w="228" /><ent r="3" t="48" w="622" /></phr><phr n="nagios"><ent r="5" t="13" w="417" /><ent r="64" t="44" w="233" /><ent r="64" t="46" w="29" /><ent r="64" t="46" w="227" /><ent r="3" t="46" w="680" /><ent r="64" t="46" w="708" /><ent r="4" t="46" w="893" /><ent r="3" t="47" w="38" /><ent r="3" t="47" w="182" /><ent r="3" t="47" w="264" /></phr><phr n="NAGIOS"><ent r="3" t="47" w="256" /></phr></stem></index>