<?xml version="1.0" encoding="utf-8"?><index><stem n="plugin"><phr n="Plugin"><ent r="6" t="5" w="1146" /><ent r="100" t="46" w="4" /><ent r="3" t="46" w="83" /><ent r="3" t="46" w="191" /><ent r="5" t="46" w="311" /><ent r="4" t="46" w="325" /><ent r="3" t="46" w="741" /><ent r="4" t="46" w="763" /><ent r="4" t="46" w="800" /><ent r="4" t="46" w="857" /><ent r="1000" t="47" w="2" /><ent r="102" t="47" w="6" /><ent r="3" t="47" w="43" /><ent r="3" t="47" w="55" /><ent r="3" t="47" w="63" /><ent r="3" t="47" w="107" /><ent r="3" t="47" w="188" /><ent r="3" t="47" w="215" /><ent r="3" t="47" w="261" /></phr><phr n="Plugins"><ent r="67" t="5" w="1151" /><ent r="100" t="39" w="406" /><ent r="3" t="39" w="486" /><ent r="64" t="39" w="491" /><ent r="1000" t="45" w="3" /><ent r="102" t="45" w="7" /><ent r="1000" t="46" w="2" /><ent r="100" t="46" w="9" /><ent r="102" t="46" w="12" /></phr><phr n="plugin"><ent r="5" t="13" w="423" /><ent r="3" t="14" w="1159" /><ent r="3" t="43" w="41" /><ent r="3" t="46" w="90" /><ent r="3" t="46" w="128" /><ent r="3" t="46" w="159" /><ent r="3" t="46" w="196" /><ent r="4" t="46" w="255" /><ent r="4" t="46" w="259" /><ent r="4" t="46" w="317" /><ent r="3" t="46" w="435" /><ent r="3" t="46" w="616" /><ent r="3" t="46" w="672" /><ent r="4" t="46" w="755" /><ent r="4" t="46" w="766" /><ent r="4" t="46" w="773" /><ent r="4" t="46" w="867" /><ent r="3" t="47" w="72" /><ent r="3" t="47" w="76" /><ent r="3" t="47" w="96" /><ent r="3" t="47" w="123" /><ent r="3" t="47" w="163" /></phr><phr n="plugins"><ent r="3" t="14" w="1091" /><ent r="65" t="39" w="398" /><ent r="64" t="39" w="412" /><ent r="3" t="39" w="426" /><ent r="3" t="39" w="434" /><ent r="3" t="39" w="467" /><ent r="100" t="39" w="477" /><ent r="3" t="42" w="541" /><ent r="4" t="46" w="24" /><ent r="64" t="46" w="41" /><ent r="3" t="46" w="52" /><ent r="3" t="46" w="74" /><ent r="3" t="46" w="390" /><ent r="100" t="46" w="411" /><ent r="3" t="46" w="418" /><ent r="3" t="47" w="229" /><ent r="3" t="48" w="623" /></phr></stem><stem n="old"><phr n="Old"><ent r="100" t="5" w="1159" /><ent r="100" t="5" w="1165" /><ent r="5" t="9" w="516" /><ent r="3" t="14" w="640" /></phr><phr n="old"><ent r="4" t="5" w="1162" /><ent r="5" t="5" w="1170" /><ent r="3" t="14" w="298" /><ent r="3" t="14" w="565" /><ent r="3" t="14" w="574" /><ent r="4" t="46" w="847" /></phr></stem><stem n="_protocol"><phr n="_protocol"><ent r="100" t="5" w="1160" /><ent r="4" t="5" w="1163" /></phr></stem><stem n="old_protocol"><phr n="Old_protocol"><ent r="100" t="5" w="1160" /><ent r="100" t="5" w="1159" /></phr><phr n="old_protocol"><ent r="4" t="5" w="1163" /><ent r="4" t="5" w="1162" /></phr></stem><stem n="protocol"><phr n="protocol"><ent r="100" t="5" w="1160" /><ent r="4" t="5" w="1163" /><ent r="3" t="18" w="144" /><ent r="5" t="34" w="1460" /><ent r="3" t="54" w="543" /><ent r="3" t="54" w="549" /><ent r="3" t="54" w="603" /><ent r="3" t="54" w="611" /><ent r="3" t="60" w="1329" /><ent r="3" t="60" w="1334" /><ent r="3" t="60" w="1337" /><ent r="3" t="60" w="1354" /></phr></stem><stem n="_script"><phr n="_script"><ent r="100" t="5" w="1166" /><ent r="5" t="5" w="1171" /></phr></stem><stem n="old_script"><phr n="Old_script"><ent r="100" t="5" w="1166" /><ent r="100" t="5" w="1165" /></phr><phr n="old_script"><ent r="5" t="5" w="1171" /><ent r="5" t="5" w="1170" /></phr></stem><stem n="backward"><phr n="backward"><ent r="4" t="5" w="1176" /><ent r="3" t="8" w="588" /><ent r="3" t="34" w="1258" /></phr></stem><stem n="compat"><phr n="compatibility"><ent r="4" t="5" w="1177" /><ent r="3" t="8" w="589" /><ent r="3" t="45" w="42" /></phr></stem><stem n="deprec"><phr n="deprecated"><ent r="4" t="5" w="1179" /><ent r="92" t="8" w="557" /><ent r="3" t="25" w="1014" /></phr><phr n="Deprecated"><ent r="100" t="36" w="2899" /><ent r="4" t="36" w="2901" /></phr></stem><stem n="ignor"><phr n="ignored"><ent r="4" t="5" w="1182" /><ent r="3" t="12" w="130" /><ent r="3" t="21" w="550" /><ent r="3" t="22" w="145" /><ent r="4" t="23" w="2455" /><ent r="3" t="25" w="74" /><ent r="3" t="33" w="1067" /><ent r="3" t="34" w="1790" /><ent r="3" t="58" w="322" /></phr><phr n="ignoring"><ent r="3" t="25" w="210" /></phr><phr n="ignores"><ent r="3" t="34" w="438" /><ent r="3" t="57" w="449" /></phr><phr n="ignore"><ent r="100" t="36" w="280" /><ent r="3" t="36" w="1338" /><ent r="3" t="36" w="3285" /></phr><phr n="Ignore"><ent r="100" t="36" w="282" /><ent r="4" t="36" w="284" /><ent r="100" t="36" w="326" /></phr></stem><stem n="older"><phr n="older"><ent r="4" t="5" w="1185" /><ent r="3" t="46" w="734" /></phr></stem><stem n="save"><phr n="saved"><ent r="3" t="5" w="1209" /><ent r="3" t="45" w="212" /><ent r="4" t="54" w="256" /><ent r="4" t="55" w="801" /><ent r="3" t="77" w="27" /></phr><phr n="Save"><ent r="3" t="14" w="324" /></phr><phr n="saves"><ent r="4" t="48" w="334" /><ent r="3" t="61" w="32" /></phr><phr n="save"><ent r="4" t="48" w="355" /><ent r="3" t="48" w="461" /><ent r="4" t="58" w="125" /><ent r="4" t="58" w="134" /><ent r="4" t="58" w="143" /></phr></stem><stem n="folder"><phr n="folder"><ent r="3" t="5" w="1215" /><ent r="3" t="5" w="1222" /><ent r="4" t="48" w="338" /><ent r="3" t="50" w="67" /><ent r="4" t="56" w="76" /><ent r="3" t="57" w="17" /><ent r="3" t="57" w="46" /><ent r="4" t="57" w="58" /><ent r="4" t="57" w="75" /><ent r="4" t="57" w="79" /><ent r="3" t="57" w="115" /><ent r="3" t="57" w="134" /><ent r="3" t="57" w="246" /><ent r="3" t="57" w="251" /><ent r="6" t="57" w="255" /><ent r="3" t="60" w="90" /><ent r="6" t="60" w="166" /><ent r="3" t="60" w="236" /><ent r="3" t="60" w="468" /><ent r="3" t="60" w="624" /><ent r="3" t="60" w="1044" /><ent r="3" t="60" w="1103" /><ent r="3" t="60" w="1162" /><ent r="4" t="66" w="243" /><ent r="6" t="69" w="163" /><ent r="6" t="69" w="1228" /><ent r="3" t="70" w="30" /><ent r="3" t="70" w="46" /><ent r="3" t="70" w="73" /><ent r="3" t="70" w="87" /><ent r="3" t="70" w="98" /><ent r="3" t="70" w="160" /><ent r="3" t="70" w="220" /><ent r="3" t="70" w="255" /><ent r="4" t="71" w="71" /><ent r="3" t="77" w="33" /><ent r="3" t="77" w="40" /></phr><phr n="folders"><ent r="3" t="57" w="67" /><ent r="4" t="57" w="85" /><ent r="3" t="57" w="201" /><ent r="3" t="60" w="162" /><ent r="3" t="60" w="1006" /><ent r="3" t="60" w="1254" /><ent r="3" t="70" w="50" /><ent r="3" t="70" w="79" /><ent r="3" t="70" w="414" /></phr><phr n="Folder"><ent r="3" t="57" w="367" /><ent r="66" t="64" w="231" /><ent r="1000" t="70" w="1" /><ent r="100" t="70" w="4" /><ent r="102" t="70" w="7" /></phr></stem><stem n="two"><phr n="two"><ent r="3" t="5" w="1234" /><ent r="3" t="5" w="1412" /><ent r="3" t="11" w="427" /><ent r="4" t="11" w="463" /><ent r="3" t="13" w="1574" /><ent r="3" t="14" w="855" /><ent r="6" t="16" w="511" /><ent r="3" t="16" w="1156" /><ent r="3" t="16" w="1275" /><ent r="3" t="16" w="1883" /><ent r="3" t="18" w="148" /><ent r="3" t="18" w="1380" /><ent r="4" t="18" w="1606" /><ent r="3" t="20" w="367" /><ent r="3" t="25" w="19" /><ent r="3" t="25" w="304" /><ent r="4" t="25" w="591" /><ent r="3" t="27" w="120" /><ent r="3" t="30" w="32" /><ent r="3" t="33" w="725" /><ent r="3" t="33" w="851" /><ent r="3" t="33" w="891" /><ent r="3" t="33" w="933" /><ent r="3" t="34" w="1625" /><ent r="4" t="36" w="646" /><ent r="4" t="36" w="685" /><ent r="3" t="36" w="2769" /><ent r="3" t="36" w="3025" /><ent r="3" t="36" w="4604" /><ent r="3" t="37" w="151" /><ent r="3" t="39" w="817" /><ent r="3" t="49" w="241" /><ent r="3" t="53" w="221" /><ent r="6" t="67" w="354" /><ent r="7" t="67" w="544" /><ent r="6" t="69" w="1243" /><ent r="6" t="69" w="2380" /><ent r="4" t="76" w="127" /><ent r="3" t="77" w="48" /><ent r="3" t="77" w="226" /></phr><phr n="Two"><ent r="3" t="16" w="1877" /><ent r="4" t="23" w="1806" /><ent r="3" t="56" w="139" /><ent r="3" t="60" w="11" /><ent r="3" t="68" w="69" /></phr></stem><stem n="period"><phr n="period"><ent r="3" t="5" w="1239" /><ent r="3" t="25" w="77" /><ent r="3" t="25" w="102" /><ent r="3" t="25" w="108" /><ent r="3" t="25" w="148" /><ent r="3" t="25" w="379" /><ent r="3" t="77" w="53" /></phr><phr n="periods"><ent r="3" t="25" w="70" /><ent r="3" t="25" w="72" /><ent r="3" t="25" w="213" /></phr></stem><stem n="(&quot;.&quot;)."><phr n="(&quot;.&quot;)."><ent r="3" t="5" w="1240" /><ent r="3" t="77" w="54" /></phr></stem><stem n="dn"><phr n="DNS"><ent r="100" t="5" w="1257" /><ent r="4" t="5" w="1285" /><ent r="3" t="31" w="1217" /><ent r="3" t="31" w="1612" /><ent r="100" t="49" w="144" /><ent r="4" t="49" w="154" /><ent r="100" t="69" w="1041" /><ent r="6" t="69" w="1047" /><ent r="100" t="77" w="71" /><ent r="4" t="77" w="99" /></phr></stem><stem n=":macintosh"><phr n=":Macintosh"><ent r="100" t="5" w="1265" /><ent r="100" t="77" w="79" /></phr></stem><stem n="macintosh"><phr n="Macintosh"><ent r="100" t="5" w="1265" /><ent r="100" t="5" w="1268" /><ent r="100" t="5" w="1271" /><ent r="3" t="48" w="763" /><ent r="100" t="77" w="79" /><ent r="100" t="77" w="82" /><ent r="100" t="77" w="85" /></phr></stem><stem n=":limit"><phr n=":limit"><ent r="100" t="5" w="1273" /><ent r="100" t="77" w="87" /></phr></stem><stem n="compos"><phr n="composed"><ent r="4" t="5" w="1280" /><ent r="4" t="13" w="1609" /><ent r="3" t="15" w="582" /><ent r="3" t="16" w="127" /><ent r="3" t="18" w="339" /><ent r="3" t="18" w="747" /><ent r="3" t="57" w="145" /><ent r="4" t="65" w="179" /><ent r="3" t="66" w="39" /><ent r="4" t="77" w="94" /></phr></stem><stem n="organization'"><phr n="organization's"><ent r="4" t="5" w="1284" /><ent r="4" t="5" w="1283" /><ent r="4" t="77" w="98" /><ent r="4" t="77" w="97" /></phr></stem><stem n="segment"><phr n="segments"><ent r="4" t="5" w="1290" /><ent r="4" t="77" w="104" /></phr></stem><stem n="thu"><phr n="Thus"><ent r="4" t="5" w="1292" /><ent r="4" t="16" w="1332" /><ent r="3" t="33" w="1055" /><ent r="4" t="37" w="350" /><ent r="4" t="37" w="381" /><ent r="4" t="77" w="106" /></phr><phr n="thus"><ent r="3" t="18" w="1201" /><ent r="6" t="23" w="2992" /></phr></stem><stem n="com.dartware."><phr n="com.dartware."><ent r="4" t="5" w="1305" /><ent r="4" t="5" w="1304" /><ent r="4" t="77" w="119" /><ent r="4" t="77" w="118" /></phr></stem><stem n="&quot;com.dartware.&quot;"><phr n="&quot;com.dartware.&quot;"><ent r="4" t="5" w="1306" /><ent r="4" t="77" w="120" /></phr></stem><stem n="sinc"><phr n="since"><ent r="4" t="5" w="1315" /><ent r="4" t="16" w="1141" /><ent r="3" t="21" w="1258" /><ent r="4" t="23" w="643" /><ent r="4" t="23" w="806" /><ent r="3" t="23" w="1645" /><ent r="3" t="23" w="1891" /><ent r="4" t="36" w="2268" /><ent r="4" t="36" w="3647" /><ent r="5" t="37" w="193" /><ent r="3" t="42" w="186" /><ent r="3" t="60" w="841" /><ent r="3" t="63" w="232" /><ent r="3" t="65" w="370" /><ent r="6" t="69" w="421" /><ent r="4" t="77" w="129" /></phr><phr n="Since"><ent r="3" t="18" w="983" /></phr></stem><stem n="collid"><phr n="collide"><ent r="4" t="5" w="1321" /><ent r="4" t="77" w="135" /></phr></stem><stem n="definition'"><phr n="definition's"><ent r="3" t="5" w="1375" /><ent r="3" t="5" w="1374" /><ent r="3" t="77" w="189" /><ent r="3" t="77" w="188" /></phr></stem><stem n="shown"><phr n="shown"><ent r="3" t="5" w="1396" /><ent r="3" t="7" w="36" /><ent r="3" t="11" w="356" /><ent r="6" t="16" w="568" /><ent r="3" t="18" w="1162" /><ent r="3" t="18" w="1808" /><ent r="3" t="19" w="480" /><ent r="3" t="21" w="1229" /><ent r="3" t="32" w="262" /><ent r="3" t="33" w="143" /><ent r="4" t="45" w="147" /><ent r="3" t="46" w="689" /><ent r="4" t="49" w="85" /><ent r="4" t="49" w="296" /><ent r="4" t="54" w="730" /><ent r="4" t="54" w="820" /><ent r="3" t="69" w="1817" /><ent r="6" t="69" w="1869" /><ent r="3" t="77" w="210" /></phr></stem><stem n="abov"><phr n="above"><ent r="3" t="5" w="1397" /><ent r="3" t="5" w="1409" /><ent r="3" t="7" w="237" /><ent r="3" t="7" w="335" /><ent r="3" t="8" w="317" /><ent r="3" t="10" w="424" /><ent r="3" t="11" w="429" /><ent r="4" t="11" w="466" /><ent r="4" t="11" w="502" /><ent r="3" t="13" w="2500" /><ent r="3" t="14" w="553" /><ent r="3" t="14" w="1151" /><ent r="4" t="15" w="202" /><ent r="3" t="15" w="698" /><ent r="3" t="16" w="1502" /><ent r="3" t="17" w="221" /><ent r="3" t="18" w="390" /><ent r="3" t="18" w="407" /><ent r="3" t="18" w="544" /><ent r="4" t="21" w="363" /><ent r="4" t="21" w="413" /><ent r="3" t="21" w="877" /><ent r="3" t="21" w="1136" /><ent r="3" t="25" w="1004" /><ent r="3" t="28" w="1014" /><ent r="3" t="33" w="875" /><ent r="3" t="33" w="1085" /><ent r="3" t="36" w="1112" /><ent r="3" t="44" w="143" /><ent r="4" t="49" w="255" /><ent r="3" t="51" w="97" /><ent r="3" t="53" w="395" /><ent r="4" t="54" w="731" /><ent r="3" t="57" w="192" /><ent r="3" t="57" w="353" /><ent r="3" t="63" w="231" /><ent r="6" t="69" w="1870" /><ent r="3" t="77" w="211" /><ent r="3" t="77" w="223" /></phr></stem><stem n="&quot;tcp.custom&quot;"><phr n="&quot;tcp.custom&quot;"><ent r="3" t="5" w="1422" /><ent r="3" t="38" w="139" /><ent r="3" t="77" w="236" /></phr></stem><stem n="tag"><phr n="tags"><ent r="3" t="6" w="57" /><ent r="4" t="8" w="86" /><ent r="4" t="8" w="110" /><ent r="4" t="8" w="120" /><ent r="4" t="8" w="646" /><ent r="4" t="8" w="670" /><ent r="4" t="8" w="680" /><ent r="4" t="11" w="145" /><ent r="4" t="11" w="156" /><ent r="4" t="11" w="475" /><ent r="3" t="36" w="950" /><ent r="4" t="65" w="303" /><ent r="3" t="65" w="475" /><ent r="6" t="67" w="144" /><ent r="6" t="69" w="520" /><ent r="7" t="69" w="1164" /><ent r="6" t="69" w="1407" /><ent r="3" t="69" w="1635" /><ent r="4" t="72" w="60" /></phr><phr n="tag"><ent r="3" t="8" w="54" /><ent r="5" t="8" w="72" /><ent r="4" t="8" w="76" /><ent r="3" t="8" w="202" /><ent r="3" t="8" w="210" /><ent r="4" t="8" w="277" /><ent r="4" t="8" w="285" /><ent r="4" t="8" w="296" /><ent r="4" t="8" w="307" /><ent r="4" t="8" w="636" /><ent r="4" t="11" w="505" /><ent r="3" t="15" w="839" /><ent r="3" t="24" w="46" /><ent r="4" t="36" w="1008" /><ent r="4" t="36" w="1013" /><ent r="4" t="66" w="232" /><ent r="6" t="67" w="752" /><ent r="6" t="69" w="505" /><ent r="6" t="69" w="1174" /><ent r="6" t="69" w="1285" /><ent r="6" t="69" w="1677" /></phr><phr n="Tag"><ent r="5" t="9" w="40" /><ent r="100" t="11" w="159" /><ent r="82" t="11" w="163" /><ent r="5" t="11" w="166" /><ent r="3" t="26" w="266" /><ent r="3" t="26" w="339" /></phr><phr n="Tags"><ent r="82" t="11" w="128" /><ent r="3" t="26" w="280" /></phr><phr n="tagged"><ent r="3" t="65" w="249" /></phr></stem><stem n="/description&gt;"><phr n="/description&gt;"><ent r="3" t="6" w="61" /><ent r="3" t="14" w="410" /><ent r="3" t="14" w="1047" /><ent r="3" t="19" w="390" /><ent r="3" t="21" w="1311" /><ent r="3" t="26" w="302" /><ent r="3" t="31" w="706" /><ent r="3" t="38" w="426" /><ent r="3" t="42" w="500" /><ent r="3" t="42" w="758" /><ent r="3" t="44" w="166" /><ent r="3" t="45" w="370" /><ent r="3" t="47" w="186" /><ent r="3" t="48" w="587" /></phr></stem><stem n="&lt;/description&gt;"><phr n="&lt;/description&gt;"><ent r="3" t="6" w="61" /><ent r="3" t="6" w="60" /><ent r="3" t="14" w="410" /><ent r="3" t="14" w="409" /><ent r="3" t="14" w="1047" /><ent r="3" t="14" w="1046" /><ent r="3" t="19" w="390" /><ent r="3" t="19" w="389" /><ent r="3" t="21" w="1311" /><ent r="3" t="21" w="1310" /><ent r="3" t="26" w="302" /><ent r="3" t="26" w="301" /><ent r="3" t="31" w="706" /><ent r="3" t="31" w="705" /><ent r="3" t="38" w="426" /><ent r="3" t="38" w="425" /><ent r="3" t="42" w="500" /><ent r="3" t="42" w="499" /><ent r="3" t="42" w="758" /><ent r="3" t="42" w="757" /><ent r="3" t="44" w="166" /><ent r="3" t="44" w="165" /><ent r="3" t="45" w="370" /><ent r="3" t="45" w="369" /><ent r="3" t="47" w="186" /><ent r="3" t="47" w="185" /><ent r="3" t="48" w="587" /><ent r="3" t="48" w="586" /></phr></stem><stem n="description&gt;"><phr n="description&gt;"><ent r="3" t="6" w="61" /><ent r="3" t="14" w="410" /><ent r="3" t="14" w="1047" /><ent r="3" t="19" w="390" /><ent r="3" t="21" w="1311" /><ent r="3" t="26" w="302" /><ent r="3" t="31" w="706" /><ent r="3" t="38" w="426" /><ent r="3" t="42" w="500" /><ent r="3" t="42" w="758" /><ent r="3" t="44" w="166" /><ent r="3" t="45" w="370" /><ent r="3" t="47" w="186" /><ent r="3" t="48" w="587" /></phr></stem><stem n="show"><phr n="shows"><ent r="3" t="6" w="82" /><ent r="3" t="7" w="582" /><ent r="4" t="8" w="706" /><ent r="3" t="11" w="67" /><ent r="3" t="11" w="430" /><ent r="3" t="13" w="2104" /><ent r="3" t="18" w="88" /><ent r="3" t="18" w="391" /><ent r="3" t="18" w="411" /><ent r="3" t="18" w="716" /><ent r="3" t="20" w="288" /><ent r="4" t="21" w="324" /><ent r="4" t="21" w="389" /><ent r="4" t="30" w="255" /><ent r="4" t="30" w="291" /><ent r="3" t="30" w="323" /><ent r="3" t="31" w="14" /><ent r="3" t="31" w="377" /><ent r="3" t="32" w="37" /><ent r="3" t="33" w="109" /><ent r="3" t="33" w="445" /><ent r="3" t="36" w="3260" /><ent r="3" t="44" w="129" /><ent r="4" t="48" w="101" /><ent r="93" t="53" w="189" /><ent r="93" t="53" w="280" /><ent r="3" t="53" w="396" /><ent r="93" t="53" w="447" /><ent r="100" t="69" w="246" /><ent r="6" t="69" w="248" /></phr><phr n="showing"><ent r="4" t="6" w="94" /><ent r="6" t="69" w="948" /></phr><phr n="show"><ent r="3" t="18" w="367" /><ent r="4" t="18" w="1612" /><ent r="3" t="19" w="268" /><ent r="3" t="19" w="472" /><ent r="3" t="20" w="420" /><ent r="3" t="21" w="314" /><ent r="4" t="21" w="356" /><ent r="4" t="21" w="406" /><ent r="3" t="31" w="317" /><ent r="3" t="32" w="137" /><ent r="3" t="36" w="4317" /><ent r="4" t="64" w="222" /><ent r="7" t="69" w="316" /><ent r="3" t="70" w="105" /></phr><phr n="Shows"><ent r="6" t="69" w="270" /><ent r="6" t="69" w="348" /><ent r="6" t="69" w="408" /><ent r="6" t="69" w="431" /><ent r="6" t="69" w="450" /><ent r="6" t="69" w="465" /><ent r="6" t="69" w="610" /><ent r="6" t="69" w="658" /><ent r="6" t="69" w="676" /></phr></stem><stem n="rfc"><phr n="RFC"><ent r="100" t="6" w="88" /><ent r="4" t="6" w="110" /><ent r="5" t="13" w="1062" /></phr></stem><stem n="field"><phr n="field"><ent r="4" t="6" w="97" /><ent r="3" t="7" w="97" /><ent r="3" t="7" w="219" /><ent r="3" t="7" w="300" /><ent r="3" t="7" w="378" /><ent r="3" t="7" w="417" /><ent r="3" t="7" w="586" /><ent r="3" t="13" w="1565" /><ent r="3" t="13" w="2054" /><ent r="6" t="16" w="572" /><ent r="4" t="16" w="723" /><ent r="4" t="18" w="764" /><ent r="4" t="18" w="785" /><ent r="4" t="18" w="791" /><ent r="4" t="18" w="802" /><ent r="4" t="20" w="633" /><ent r="3" t="23" w="1334" /><ent r="3" t="23" w="1356" /><ent r="3" t="23" w="1441" /><ent r="3" t="23" w="1445" /><ent r="3" t="23" w="1508" /><ent r="4" t="28" w="205" /><ent r="4" t="28" w="211" /><ent r="4" t="28" w="249" /><ent r="4" t="28" w="283" /><ent r="4" t="28" w="301" /><ent r="4" t="28" w="311" /><ent r="4" t="28" w="325" /><ent r="4" t="30" w="228" /><ent r="4" t="46" w="326" /><ent r="4" t="55" w="757" /><ent r="6" t="69" w="1117" /><ent r="6" t="69" w="1135" /></phr><phr n="Field"><ent r="92" t="7" w="162" /><ent r="5" t="13" w="809" /><ent r="5" t="13" w="823" /><ent r="5" t="13" w="833" /><ent r="5" t="13" w="844" /><ent r="5" t="13" w="853" /><ent r="5" t="13" w="863" /><ent r="5" t="13" w="873" /><ent r="5" t="13" w="881" /><ent r="5" t="13" w="891" /><ent r="5" t="13" w="905" /><ent r="5" t="13" w="938" /><ent r="5" t="13" w="950" /><ent r="5" t="13" w="962" /><ent r="5" t="30" w="209" /></phr><phr n="fields"><ent r="3" t="7" w="169" /><ent r="3" t="7" w="356" /><ent r="3" t="7" w="578" /><ent r="4" t="15" w="339" /><ent r="3" t="20" w="815" /><ent r="3" t="21" w="88" /><ent r="3" t="28" w="193" /><ent r="3" t="30" w="145" /><ent r="4" t="33" w="245" /><ent r="4" t="39" w="181" /><ent r="4" t="49" w="203" /><ent r="3" t="58" w="164" /><ent r="3" t="58" w="169" /><ent r="3" t="58" w="197" /><ent r="3" t="58" w="247" /><ent r="3" t="58" w="271" /><ent r="3" t="59" w="192" /></phr><phr n="Fields"><ent r="82" t="7" w="216" /><ent r="100" t="7" w="248" /><ent r="82" t="7" w="251" /><ent r="82" t="7" w="349" /><ent r="82" t="7" w="498" /></phr></stem><stem n="blue"><phr n="blue"><ent r="4" t="6" w="101" /><ent r="8" t="11" w="324" /><ent r="3" t="11" w="448" /><ent r="4" t="11" w="520" /><ent r="3" t="20" w="418" /><ent r="3" t="20" w="434" /><ent r="3" t="20" w="455" /><ent r="3" t="20" w="524" /></phr><phr n="Blue"><ent r="8" t="11" w="334" /></phr></stem><stem n="underlin"><phr n="underlined"><ent r="4" t="6" w="102" /><ent r="5" t="11" w="278" /><ent r="4" t="11" w="522" /><ent r="3" t="13" w="1548" /></phr><phr n="underline"><ent r="3" t="11" w="449" /><ent r="4" t="11" w="504" /></phr></stem><stem n="actual"><phr n="actually"><ent r="4" t="6" w="105" /><ent r="3" t="63" w="209" /></phr><phr n="actual"><ent r="3" t="14" w="499" /><ent r="6" t="16" w="441" /><ent r="6" t="16" w="465" /><ent r="5" t="20" w="221" /><ent r="4" t="21" w="256" /><ent r="3" t="21" w="897" /><ent r="3" t="22" w="81" /><ent r="4" t="40" w="53" /><ent r="3" t="55" w="493" /></phr><phr n="Actual"><ent r="3" t="14" w="689" /></phr></stem><stem n="relev"><phr n="relevant"><ent r="4" t="6" w="109" /><ent r="4" t="15" w="241" /><ent r="3" t="21" w="532" /><ent r="3" t="48" w="699" /></phr></stem><stem n="(shown"><phr n="(shown"><ent r="3" t="7" w="36" /><ent r="4" t="49" w="85" /><ent r="4" t="49" w="296" /></phr></stem><stem n="numer"><phr n="numeric"><ent r="3" t="7" w="43" /><ent r="6" t="16" w="313" /><ent r="6" t="16" w="337" /><ent r="4" t="16" w="1024" /><ent r="4" t="16" w="1056" /><ent r="3" t="16" w="1871" /><ent r="3" t="17" w="345" /><ent r="3" t="17" w="369" /><ent r="4" t="18" w="877" /><ent r="4" t="18" w="917" /><ent r="4" t="23" w="1195" /><ent r="4" t="23" w="1203" /><ent r="4" t="23" w="1211" /><ent r="4" t="23" w="1219" /><ent r="4" t="23" w="1229" /><ent r="4" t="23" w="1239" /><ent r="4" t="23" w="1270" /><ent r="4" t="23" w="1280" /><ent r="4" t="23" w="1290" /><ent r="3" t="25" w="119" /><ent r="3" t="25" w="131" /><ent r="3" t="25" w="150" /><ent r="3" t="25" w="159" /><ent r="3" t="25" w="967" /><ent r="3" t="33" w="708" /><ent r="3" t="33" w="760" /><ent r="3" t="33" w="855" /><ent r="4" t="33" w="935" /><ent r="3" t="33" w="962" /><ent r="3" t="33" w="999" /><ent r="3" t="33" w="1010" /><ent r="3" t="34" w="989" /><ent r="3" t="34" w="1027" /><ent r="4" t="34" w="1096" /><ent r="3" t="34" w="1539" /><ent r="4" t="36" w="647" /><ent r="4" t="36" w="829" /><ent r="3" t="36" w="1731" /><ent r="3" t="36" w="2536" /><ent r="3" t="36" w="2550" /><ent r="4" t="36" w="2704" /><ent r="3" t="36" w="2732" /><ent r="3" t="36" w="2770" /><ent r="3" t="36" w="2803" /><ent r="3" t="36" w="3473" /><ent r="3" t="76" w="26" /><ent r="3" t="76" w="29" /><ent r="4" t="76" w="121" /></phr><phr n="Numeric"><ent r="3" t="13" w="1934" /><ent r="100" t="17" w="337" /><ent r="82" t="17" w="340" /><ent r="100" t="23" w="391" /><ent r="92" t="23" w="396" /><ent r="3" t="25" w="24" /><ent r="92" t="25" w="58" /><ent r="3" t="25" w="62" /><ent r="85" t="33" w="766" /><ent r="3" t="33" w="922" /><ent r="3" t="33" w="928" /><ent r="100" t="34" w="173" /><ent r="65" t="34" w="179" /><ent r="92" t="34" w="982" /><ent r="4" t="34" w="992" /><ent r="82" t="34" w="1014" /><ent r="100" t="36" w="6" /><ent r="100" t="36" w="38" /><ent r="100" t="36" w="45" /></phr><phr n="Numerous"><ent r="3" t="36" w="1764" /></phr></stem><stem n="/valu"><phr n="/value"><ent r="100" t="7" w="62" /><ent r="3" t="7" w="72" /><ent r="3" t="7" w="91" /><ent r="4" t="46" w="560" /></phr></stem><stem n="name/valu"><phr n="Name/value"><ent r="100" t="7" w="62" /><ent r="100" t="7" w="61" /></phr><phr n="name/value"><ent r="3" t="7" w="72" /><ent r="3" t="7" w="71" /><ent r="3" t="7" w="91" /><ent r="3" t="7" w="90" /><ent r="4" t="46" w="560" /><ent r="4" t="46" w="559" /></phr></stem><stem n="pair"><phr n="pairs"><ent r="3" t="7" w="73" /><ent r="4" t="39" w="757" /><ent r="4" t="46" w="561" /></phr><phr n="pair"><ent r="3" t="11" w="56" /><ent r="6" t="23" w="2945" /></phr></stem><stem n="[paramet"><phr n="[parameter"><ent r="3" t="7" w="80" /></phr></stem><stem n="]="><phr n="]="><ent r="3" t="7" w="82" /></phr></stem><stem n="&quot;[paramet"><phr n="&quot;[parameter"><ent r="3" t="7" w="82" /></phr></stem><stem n="/parameters&gt;"><phr n="/parameters&gt;"><ent r="3" t="7" w="86" /><ent r="3" t="7" w="605" /><ent r="3" t="14" w="450" /><ent r="3" t="14" w="1054" /><ent r="3" t="19" w="394" /><ent r="3" t="26" w="342" /><ent r="3" t="31" w="1144" /><ent r="3" t="38" w="444" /><ent r="3" t="39" w="1151" /><ent r="3" t="42" w="506" /><ent r="3" t="42" w="761" /><ent r="3" t="44" w="169" /><ent r="3" t="45" w="373" /><ent r="3" t="47" w="201" /><ent r="3" t="48" w="594" /></phr></stem><stem n="&lt;/parameters&gt;"><phr n="&lt;/parameters&gt;"><ent r="3" t="7" w="86" /><ent r="3" t="7" w="85" /><ent r="3" t="7" w="605" /><ent r="3" t="7" w="604" /><ent r="3" t="14" w="450" /><ent r="3" t="14" w="449" /><ent r="3" t="14" w="1054" /><ent r="3" t="14" w="1053" /><ent r="3" t="19" w="394" /><ent r="3" t="19" w="393" /><ent r="3" t="26" w="342" /><ent r="3" t="26" w="341" /><ent r="3" t="31" w="1144" /><ent r="3" t="31" w="1143" /><ent r="3" t="38" w="444" /><ent r="3" t="38" w="443" /><ent r="3" t="39" w="1151" /><ent r="3" t="39" w="1150" /><ent r="3" t="42" w="506" /><ent r="3" t="42" w="505" /><ent r="3" t="42" w="761" /><ent r="3" t="42" w="760" /><ent r="3" t="44" w="169" /><ent r="3" t="44" w="168" /><ent r="3" t="45" w="373" /><ent r="3" t="45" w="372" /><ent r="3" t="47" w="201" /><ent r="3" t="47" w="200" /><ent r="3" t="48" w="594" /><ent r="3" t="48" w="593" /></phr></stem><stem n="parameters&gt;"><phr n="parameters&gt;"><ent r="3" t="7" w="86" /><ent r="3" t="7" w="605" /><ent r="3" t="14" w="450" /><ent r="3" t="14" w="1054" /><ent r="3" t="19" w="394" /><ent r="3" t="26" w="342" /><ent r="3" t="31" w="1144" /><ent r="3" t="38" w="444" /><ent r="3" t="39" w="1151" /><ent r="3" t="42" w="506" /><ent r="3" t="42" w="761" /><ent r="3" t="44" w="169" /><ent r="3" t="45" w="373" /><ent r="3" t="47" w="201" /><ent r="3" t="48" w="594" /></phr></stem><stem n="/warn"><phr n="/warning"><ent r="100" t="7" w="105" /><ent r="3" t="7" w="125" /></phr></stem><stem n="alarm/warn"><phr n="Alarm/warning"><ent r="100" t="7" w="105" /><ent r="100" t="7" w="104" /></phr><phr n="alarm/warning"><ent r="3" t="7" w="125" /><ent r="3" t="7" w="124" /></phr></stem><stem n="warn"><phr n="warning"><ent r="100" t="7" w="105" /><ent r="3" t="7" w="125" /><ent r="4" t="17" w="130" /><ent r="3" t="17" w="184" /><ent r="3" t="17" w="189" /><ent r="3" t="17" w="194" /><ent r="5" t="17" w="395" /><ent r="3" t="33" w="99" /><ent r="3" t="38" w="368" /><ent r="4" t="41" w="52" /><ent r="3" t="42" w="813" /><ent r="3" t="45" w="400" /><ent r="3" t="53" w="172" /><ent r="6" t="69" w="279" /><ent r="6" t="69" w="361" /></phr><phr n="Warning"><ent r="3" t="14" w="594" /><ent r="4" t="17" w="256" /><ent r="3" t="20" w="319" /><ent r="3" t="32" w="228" /><ent r="3" t="45" w="367" /><ent r="6" t="46" w="468" /><ent r="3" t="53" w="177" /></phr><phr n="warn"><ent r="3" t="14" w="1107" /><ent r="3" t="42" w="557" /><ent r="3" t="46" w="588" /><ent r="3" t="48" w="639" /></phr><phr n="warnings"><ent r="3" t="15" w="556" /><ent r="3" t="16" w="94" /></phr><phr n="WARN"><ent r="100" t="34" w="283" /><ent r="4" t="34" w="295" /><ent r="100" t="34" w="1267" /><ent r="3" t="34" w="1272" /><ent r="100" t="36" w="1503" /><ent r="3" t="36" w="1507" /><ent r="3" t="36" w="3407" /><ent r="100" t="36" w="4060" /><ent r="3" t="36" w="4064" /><ent r="100" t="38" w="352" /><ent r="3" t="38" w="356" /><ent r="3" t="38" w="437" /><ent r="3" t="38" w="510" /><ent r="100" t="38" w="516" /><ent r="3" t="38" w="519" /></phr><phr n="WARNING"><ent r="3" t="42" w="590" /></phr></stem></index>