<?xml version="1.0" encoding="utf-8"?><index><stem n="detect"><phr n="detects"><ent r="3" t="0" w="63" /><ent r="4" t="37" w="338" /><ent r="4" t="46" w="802" /><ent r="3" t="53" w="55" /><ent r="3" t="54" w="1171" /></phr><phr n="detect"><ent r="3" t="14" w="910" /><ent r="3" t="14" w="944" /><ent r="4" t="15" w="930" /><ent r="4" t="24" w="177" /></phr><phr n="detected"><ent r="4" t="54" w="1252" /></phr></stem><stem n="failur"><phr n="failure"><ent r="3" t="0" w="65" /><ent r="3" t="34" w="1042" /><ent r="3" t="34" w="1519" /><ent r="3" t="34" w="1535" /><ent r="3" t="36" w="3254" /><ent r="3" t="36" w="3257" /><ent r="3" t="36" w="3259" /><ent r="3" t="36" w="3803" /><ent r="4" t="39" w="677" /></phr><phr n="failures"><ent r="7" t="8" w="478" /><ent r="7" t="8" w="481" /><ent r="4" t="36" w="1193" /></phr><phr n="Failures"><ent r="100" t="34" w="208" /><ent r="100" t="34" w="211" /><ent r="100" t="34" w="218" /><ent r="65" t="34" w="222" /><ent r="92" t="34" w="1464" /><ent r="100" t="36" w="1190" /><ent r="4" t="36" w="1407" /><ent r="4" t="36" w="1619" /><ent r="4" t="36" w="1982" /><ent r="4" t="36" w="2080" /><ent r="4" t="36" w="2125" /><ent r="4" t="36" w="2342" /><ent r="4" t="36" w="2451" /><ent r="4" t="36" w="2636" /><ent r="4" t="36" w="2736" /><ent r="4" t="36" w="2818" /><ent r="4" t="36" w="2889" /><ent r="4" t="36" w="2973" /><ent r="4" t="36" w="2993" /><ent r="4" t="36" w="3074" /><ent r="4" t="36" w="3149" /><ent r="4" t="36" w="3236" /><ent r="4" t="36" w="3318" /><ent r="4" t="36" w="3559" /><ent r="4" t="36" w="3600" /><ent r="4" t="36" w="3673" /><ent r="4" t="36" w="3844" /></phr></stem><stem n="send"><phr n="sends"><ent r="3" t="0" w="67" /><ent r="4" t="3" w="206" /><ent r="4" t="3" w="445" /><ent r="4" t="15" w="962" /><ent r="3" t="22" w="253" /><ent r="4" t="24" w="207" /><ent r="3" t="28" w="161" /><ent r="3" t="33" w="30" /><ent r="3" t="33" w="121" /><ent r="4" t="33" w="346" /><ent r="3" t="34" w="251" /><ent r="3" t="35" w="30" /><ent r="3" t="59" w="132" /><ent r="3" t="70" w="344" /></phr><phr n="Sending"><ent r="100" t="3" w="198" /><ent r="100" t="3" w="360" /><ent r="92" t="39" w="1194" /><ent r="64" t="39" w="1260" /><ent r="65" t="40" w="230" /><ent r="65" t="40" w="385" /><ent r="92" t="40" w="433" /><ent r="100" t="54" w="19" /></phr><phr n="sending"><ent r="4" t="3" w="369" /><ent r="3" t="3" w="568" /><ent r="3" t="20" w="707" /><ent r="3" t="36" w="156" /><ent r="3" t="56" w="21" /></phr><phr n="SEND"><ent r="100" t="5" w="870" /><ent r="100" t="5" w="872" /><ent r="100" t="36" w="142" /><ent r="3" t="36" w="216" /><ent r="65" t="36" w="437" /><ent r="100" t="36" w="859" /><ent r="6" t="36" w="2859" /><ent r="83" t="36" w="3179" /><ent r="5" t="36" w="3185" /><ent r="4" t="36" w="3220" /><ent r="3" t="36" w="3903" /><ent r="3" t="36" w="3923" /><ent r="3" t="36" w="3942" /><ent r="3" t="36" w="3957" /><ent r="3" t="36" w="4324" /><ent r="100" t="36" w="4345" /><ent r="100" t="38" w="176" /><ent r="3" t="38" w="457" /></phr><phr n="send"><ent r="100" t="5" w="880" /><ent r="6" t="5" w="886" /><ent r="3" t="20" w="43" /><ent r="3" t="20" w="734" /><ent r="3" t="21" w="1150" /><ent r="3" t="31" w="298" /><ent r="3" t="31" w="380" /><ent r="3" t="33" w="73" /><ent r="3" t="34" w="96" /><ent r="4" t="36" w="477" /><ent r="3" t="36" w="1076" /><ent r="3" t="36" w="3189" /><ent r="3" t="36" w="3199" /><ent r="3" t="36" w="4178" /><ent r="3" t="36" w="4358" /><ent r="3" t="38" w="186" /><ent r="3" t="38" w="226" /><ent r="3" t="38" w="430" /><ent r="3" t="38" w="461" /><ent r="4" t="56" w="105" /><ent r="6" t="69" w="1314" /><ent r="3" t="71" w="40" /></phr><phr n="Send"><ent r="100" t="36" w="140" /><ent r="3" t="36" w="4349" /><ent r="3" t="42" w="889" /><ent r="3" t="51" w="74" /><ent r="4" t="54" w="741" /><ent r="3" t="60" w="1220" /></phr><phr n="Sends"><ent r="4" t="36" w="440" /></phr></stem><stem n="notif"><phr n="notifications"><ent r="3" t="0" w="68" /><ent r="3" t="20" w="36" /><ent r="3" t="20" w="44" /><ent r="3" t="20" w="92" /><ent r="3" t="20" w="117" /><ent r="3" t="20" w="410" /><ent r="3" t="20" w="668" /><ent r="3" t="20" w="677" /><ent r="3" t="20" w="741" /><ent r="3" t="20" w="798" /></phr><phr n="notification"><ent r="4" t="20" w="251" /><ent r="3" t="20" w="658" /><ent r="3" t="20" w="695" /><ent r="3" t="20" w="709" /><ent r="3" t="20" w="721" /><ent r="3" t="21" w="1025" /><ent r="3" t="22" w="68" /><ent r="3" t="22" w="86" /><ent r="3" t="22" w="134" /><ent r="3" t="22" w="255" /><ent r="3" t="32" w="389" /><ent r="3" t="32" w="420" /></phr><phr n="Notifications"><ent r="92" t="20" w="650" /><ent r="3" t="20" w="697" /></phr><phr n="Notifer"><ent r="3" t="21" w="60" /><ent r="3" t="22" w="180" /></phr><phr n="Notification"><ent r="4" t="22" w="267" /></phr><phr n="NOTIFICATION"><ent r="3" t="32" w="75" /><ent r="3" t="32" w="365" /><ent r="3" t="32" w="398" /></phr></stem><stem n="on"><phr n="one"><ent r="3" t="0" w="70" /><ent r="3" t="1" w="162" /><ent r="3" t="1" w="174" /><ent r="3" t="1" w="202" /><ent r="4" t="3" w="207" /><ent r="5" t="5" w="468" /><ent r="6" t="5" w="488" /><ent r="3" t="7" w="20" /><ent r="3" t="7" w="141" /><ent r="7" t="8" w="531" /><ent r="5" t="11" w="213" /><ent r="5" t="11" w="232" /><ent r="5" t="11" w="313" /><ent r="3" t="13" w="485" /><ent r="3" t="14" w="24" /><ent r="3" t="14" w="271" /><ent r="4" t="15" w="932" /><ent r="4" t="16" w="274" /><ent r="6" t="16" w="641" /><ent r="4" t="16" w="1361" /><ent r="3" t="16" w="1647" /><ent r="3" t="17" w="108" /><ent r="3" t="17" w="291" /><ent r="4" t="17" w="379" /><ent r="3" t="18" w="561" /><ent r="3" t="18" w="1028" /><ent r="3" t="18" w="1181" /><ent r="3" t="18" w="1479" /><ent r="3" t="20" w="108" /><ent r="3" t="20" w="234" /><ent r="3" t="20" w="370" /><ent r="3" t="20" w="374" /><ent r="3" t="20" w="483" /><ent r="4" t="20" w="548" /><ent r="4" t="20" w="570" /><ent r="4" t="20" w="588" /><ent r="4" t="20" w="623" /><ent r="4" t="21" w="131" /><ent r="4" t="21" w="691" /><ent r="3" t="23" w="2699" /><ent r="4" t="24" w="179" /><ent r="3" t="25" w="84" /><ent r="4" t="25" w="258" /><ent r="4" t="25" w="579" /><ent r="3" t="27" w="42" /><ent r="3" t="28" w="55" /><ent r="3" t="28" w="750" /><ent r="3" t="31" w="432" /><ent r="3" t="31" w="585" /><ent r="3" t="33" w="557" /><ent r="3" t="36" w="164" /><ent r="3" t="36" w="225" /><ent r="3" t="36" w="1494" /><ent r="3" t="36" w="3402" /><ent r="3" t="36" w="4179" /><ent r="3" t="45" w="361" /><ent r="3" t="49" w="239" /><ent r="3" t="53" w="301" /><ent r="3" t="53" w="465" /><ent r="3" t="55" w="272" /><ent r="3" t="55" w="441" /><ent r="3" t="57" w="408" /><ent r="7" t="67" w="429" /><ent r="3" t="68" w="89" /><ent r="3" t="68" w="99" /><ent r="3" t="68" w="205" /><ent r="6" t="69" w="493" /><ent r="6" t="69" w="1209" /><ent r="6" t="69" w="2020" /><ent r="6" t="69" w="2222" /><ent r="6" t="69" w="2249" /></phr><phr n="One"><ent r="92" t="12" w="107" /><ent r="3" t="23" w="3057" /><ent r="3" t="28" w="1028" /><ent r="3" t="33" w="903" /><ent r="7" t="67" w="554" /></phr><phr n="ons"><ent r="4" t="55" w="746" /><ent r="4" t="55" w="750" /></phr></stem><stem n="individu"><phr n="individuals"><ent r="3" t="0" w="73" /><ent r="3" t="39" w="420" /><ent r="3" t="46" w="46" /></phr><phr n="Individual"><ent r="3" t="18" w="467" /></phr><phr n="individual"><ent r="3" t="20" w="783" /><ent r="3" t="63" w="71" /><ent r="3" t="63" w="92" /><ent r="3" t="63" w="212" /></phr></stem><stem n="via"><phr n="via"><ent r="3" t="0" w="74" /><ent r="5" t="13" w="1234" /><ent r="4" t="21" w="260" /><ent r="3" t="22" w="215" /><ent r="3" t="22" w="259" /><ent r="3" t="30" w="86" /><ent r="3" t="30" w="137" /><ent r="4" t="30" w="306" /><ent r="3" t="57" w="349" /></phr></stem><stem n="sound"><phr n="sounds"><ent r="3" t="0" w="75" /><ent r="4" t="20" w="260" /><ent r="6" t="57" w="295" /><ent r="6" t="60" w="206" /><ent r="3" t="60" w="633" /><ent r="3" t="60" w="1063" /></phr><phr n="sound"><ent r="3" t="20" w="723" /></phr><phr n="Sounds"><ent r="4" t="57" w="40" /><ent r="6" t="57" w="292" /><ent r="6" t="60" w="203" /><ent r="3" t="60" w="635" /><ent r="3" t="60" w="1065" /></phr></stem><stem n="-mail,"><phr n="-mail,"><ent r="3" t="0" w="78" /><ent r="3" t="0" w="78" /><ent r="4" t="20" w="263" /><ent r="4" t="20" w="263" /><ent r="3" t="20" w="726" /><ent r="3" t="20" w="726" /></phr></stem><stem n="pager"><phr n="pagers"><ent r="3" t="0" w="78" /></phr><phr n="Pager"><ent r="3" t="22" w="216" /><ent r="3" t="22" w="260" /></phr></stem><stem n="run"><phr n="running"><ent r="3" t="0" w="81" /><ent r="4" t="20" w="268" /><ent r="3" t="20" w="729" /><ent r="3" t="60" w="139" /><ent r="3" t="60" w="544" /></phr><phr n="run"><ent r="6" t="5" w="936" /><ent r="3" t="14" w="334" /><ent r="3" t="14" w="1155" /><ent r="3" t="39" w="29" /><ent r="4" t="39" w="968" /><ent r="4" t="40" w="112" /><ent r="4" t="40" w="254" /><ent r="3" t="46" w="92" /></phr><phr n="runs"><ent r="3" t="39" w="545" /></phr></stem><stem n="correct"><phr n="correct"><ent r="3" t="0" w="85" /><ent r="4" t="18" w="1917" /><ent r="3" t="32" w="140" /><ent r="3" t="42" w="369" /><ent r="3" t="64" w="288" /></phr></stem><stem n="problem"><phr n="problem"><ent r="3" t="0" w="87" /><ent r="3" t="18" w="113" /><ent r="3" t="20" w="398" /><ent r="3" t="20" w="424" /></phr><phr n="problems"><ent r="4" t="3" w="418" /><ent r="3" t="20" w="443" /><ent r="3" t="23" w="72" /><ent r="3" t="53" w="34" /><ent r="3" t="74" w="18" /></phr><phr n="Problem"><ent r="3" t="28" w="1045" /></phr></stem><stem n="-line"><phr n="-line"><ent r="3" t="0" w="91" /><ent r="3" t="0" w="91" /><ent r="66" t="3" w="485" /><ent r="66" t="3" w="485" /><ent r="82" t="4" w="589" /><ent r="82" t="4" w="589" /><ent r="3" t="4" w="594" /><ent r="3" t="4" w="594" /><ent r="100" t="5" w="146" /><ent r="100" t="5" w="146" /><ent r="8" t="5" w="149" /><ent r="8" t="5" w="149" /><ent r="8" t="5" w="152" /><ent r="8" t="5" w="152" /><ent r="6" t="5" w="217" /><ent r="6" t="5" w="217" /><ent r="8" t="5" w="223" /><ent r="8" t="5" w="223" /><ent r="8" t="5" w="228" /><ent r="8" t="5" w="228" /><ent r="6" t="5" w="1131" /><ent r="6" t="5" w="1131" /><ent r="4" t="10" w="84" /><ent r="4" t="10" w="84" /><ent r="92" t="12" w="107" /><ent r="92" t="12" w="107" /><ent r="65" t="13" w="46" /><ent r="65" t="13" w="46" /><ent r="3" t="13" w="94" /><ent r="3" t="13" w="94" /><ent r="5" t="13" w="192" /><ent r="5" t="13" w="192" /><ent r="5" t="13" w="231" /><ent r="5" t="13" w="231" /><ent r="5" t="13" w="269" /><ent r="5" t="13" w="269" /><ent r="5" t="13" w="393" /><ent r="5" t="13" w="393" /><ent r="92" t="13" w="1343" /><ent r="92" t="13" w="1343" /><ent r="3" t="13" w="1369" /><ent r="3" t="13" w="1369" /><ent r="4" t="13" w="1777" /><ent r="4" t="13" w="1777" /><ent r="3" t="13" w="2368" /><ent r="3" t="13" w="2368" /><ent r="3" t="13" w="2416" /><ent r="3" t="13" w="2416" /><ent r="3" t="14" w="11" /><ent r="3" t="14" w="11" /><ent r="3" t="14" w="727" /><ent r="3" t="14" w="727" /><ent r="3" t="14" w="732" /><ent r="3" t="14" w="732" /><ent r="3" t="14" w="829" /><ent r="3" t="14" w="829" /><ent r="4" t="15" w="282" /><ent r="4" t="15" w="282" /><ent r="4" t="33" w="188" /><ent r="4" t="33" w="188" /><ent r="4" t="39" w="32" /><ent r="4" t="39" w="32" /><ent r="100" t="39" w="71" /><ent r="100" t="39" w="71" /><ent r="3" t="39" w="100" /><ent r="3" t="39" w="100" /><ent r="4" t="39" w="124" /><ent r="4" t="39" w="124" /><ent r="92" t="39" w="195" /><ent r="92" t="39" w="195" /><ent r="3" t="39" w="200" /><ent r="3" t="39" w="200" /><ent r="100" t="39" w="381" /><ent r="100" t="39" w="381" /><ent r="3" t="39" w="387" /><ent r="3" t="39" w="387" /><ent r="3" t="39" w="448" /><ent r="3" t="39" w="448" /><ent r="3" t="39" w="537" /><ent r="3" t="39" w="537" /><ent r="100" t="39" w="891" /><ent r="100" t="39" w="891" /><ent r="92" t="39" w="898" /><ent r="92" t="39" w="898" /><ent r="4" t="39" w="924" /><ent r="4" t="39" w="924" /><ent r="4" t="39" w="1046" /><ent r="4" t="39" w="1046" /><ent r="92" t="39" w="1100" /><ent r="92" t="39" w="1100" /><ent r="3" t="42" w="17" /><ent r="3" t="42" w="17" /><ent r="3" t="42" w="29" /><ent r="3" t="42" w="29" /><ent r="3" t="42" w="203" /><ent r="3" t="42" w="203" /><ent r="3" t="44" w="19" /><ent r="3" t="44" w="19" /><ent r="3" t="44" w="162" /><ent r="3" t="44" w="162" /><ent r="3" t="45" w="24" /><ent r="3" t="45" w="24" /><ent r="3" t="45" w="29" /><ent r="3" t="45" w="29" /><ent r="3" t="46" w="16" /><ent r="3" t="46" w="16" /><ent r="3" t="48" w="19" /><ent r="3" t="48" w="19" /><ent r="1000" t="73" w="1" /><ent r="1000" t="73" w="1" /><ent r="102" t="73" w="11" /><ent r="102" t="73" w="11" /><ent r="3" t="73" w="66" /><ent r="3" t="73" w="66" /><ent r="4" t="73" w="76" /><ent r="4" t="73" w="76" /><ent r="4" t="73" w="84" /><ent r="4" t="73" w="84" /></phr><phr n="-Line"><ent r="92" t="10" w="354" /><ent r="92" t="10" w="354" /><ent r="92" t="39" w="95" /><ent r="92" t="39" w="95" /><ent r="3" t="45" w="332" /><ent r="3" t="45" w="332" /></phr></stem><stem n="on-lin"><phr n="on-line"><ent r="3" t="0" w="91" /></phr></stem><stem n="line"><phr n="line"><ent r="3" t="0" w="92" /><ent r="66" t="3" w="486" /><ent r="4" t="3" w="501" /><ent r="82" t="4" w="590" /><ent r="3" t="4" w="595" /><ent r="4" t="4" w="610" /><ent r="100" t="5" w="147" /><ent r="8" t="5" w="150" /><ent r="8" t="5" w="153" /><ent r="6" t="5" w="157" /><ent r="6" t="5" w="218" /><ent r="8" t="5" w="224" /><ent r="8" t="5" w="229" /><ent r="6" t="5" w="551" /><ent r="6" t="5" w="575" /><ent r="5" t="5" w="606" /><ent r="6" t="5" w="939" /><ent r="6" t="5" w="1132" /><ent r="3" t="7" w="236" /><ent r="3" t="7" w="277" /><ent r="4" t="10" w="85" /><ent r="3" t="10" w="379" /><ent r="92" t="12" w="108" /><ent r="3" t="12" w="123" /><ent r="3" t="12" w="128" /><ent r="3" t="12" w="135" /><ent r="65" t="13" w="47" /><ent r="3" t="13" w="95" /><ent r="3" t="13" w="100" /><ent r="3" t="13" w="125" /><ent r="5" t="13" w="193" /><ent r="5" t="13" w="232" /><ent r="5" t="13" w="270" /><ent r="3" t="13" w="294" /><ent r="3" t="13" w="299" /><ent r="5" t="13" w="317" /><ent r="5" t="13" w="394" /><ent r="5" t="13" w="643" /><ent r="5" t="13" w="1078" /><ent r="5" t="13" w="1086" /><ent r="5" t="13" w="1166" /><ent r="5" t="13" w="1293" /><ent r="92" t="13" w="1344" /><ent r="3" t="13" w="1357" /><ent r="3" t="13" w="1370" /><ent r="4" t="13" w="1778" /><ent r="3" t="13" w="1970" /><ent r="3" t="13" w="2369" /><ent r="3" t="13" w="2417" /><ent r="3" t="14" w="12" /><ent r="3" t="14" w="728" /><ent r="3" t="14" w="733" /><ent r="3" t="14" w="782" /><ent r="3" t="14" w="830" /><ent r="3" t="14" w="1150" /><ent r="3" t="14" w="1259" /><ent r="4" t="15" w="283" /><ent r="3" t="15" w="560" /><ent r="3" t="16" w="108" /><ent r="3" t="17" w="42" /><ent r="4" t="18" w="758" /><ent r="3" t="19" w="244" /><ent r="3" t="19" w="249" /><ent r="3" t="19" w="253" /><ent r="3" t="19" w="257" /><ent r="3" t="19" w="450" /><ent r="3" t="19" w="455" /><ent r="3" t="19" w="460" /><ent r="3" t="19" w="465" /><ent r="3" t="19" w="485" /><ent r="3" t="19" w="490" /><ent r="3" t="19" w="495" /><ent r="3" t="19" w="500" /><ent r="3" t="19" w="517" /><ent r="3" t="19" w="522" /><ent r="3" t="19" w="547" /><ent r="3" t="19" w="552" /><ent r="3" t="19" w="557" /><ent r="3" t="19" w="562" /><ent r="3" t="21" w="1166" /><ent r="4" t="23" w="2880" /><ent r="3" t="31" w="426" /><ent r="3" t="31" w="433" /><ent r="3" t="31" w="579" /><ent r="3" t="31" w="586" /><ent r="3" t="32" w="254" /><ent r="4" t="33" w="189" /><ent r="3" t="33" w="530" /><ent r="3" t="34" w="932" /><ent r="4" t="34" w="1174" /><ent r="5" t="34" w="1417" /><ent r="3" t="34" w="1568" /><ent r="82" t="34" w="1661" /><ent r="3" t="34" w="1672" /><ent r="3" t="34" w="1680" /><ent r="4" t="36" w="192" /><ent r="3" t="36" w="202" /><ent r="3" t="36" w="211" /><ent r="3" t="36" w="233" /><ent r="4" t="36" w="267" /><ent r="4" t="36" w="310" /><ent r="4" t="36" w="558" /><ent r="65" t="36" w="588" /><ent r="5" t="36" w="609" /><ent r="65" t="36" w="627" /><ent r="4" t="36" w="654" /><ent r="65" t="36" w="666" /><ent r="4" t="36" w="693" /><ent r="3" t="36" w="1167" /><ent r="3" t="36" w="1346" /><ent r="3" t="36" w="1348" /><ent r="3" t="36" w="1373" /><ent r="3" t="36" w="1429" /><ent r="3" t="36" w="1457" /><ent r="3" t="36" w="1812" /><ent r="4" t="36" w="1931" /><ent r="4" t="36" w="1948" /><ent r="3" t="36" w="2040" /><ent r="3" t="36" w="2056" /><ent r="3" t="36" w="2077" /><ent r="4" t="36" w="2225" /><ent r="4" t="36" w="2249" /><ent r="4" t="36" w="2284" /><ent r="3" t="36" w="2374" /><ent r="3" t="36" w="2401" /><ent r="3" t="36" w="2418" /><ent r="3" t="36" w="2457" /><ent r="3" t="36" w="2472" /><ent r="3" t="36" w="2508" /><ent r="83" t="36" w="2645" /><ent r="4" t="36" w="2673" /><ent r="83" t="36" w="2743" /><ent r="3" t="36" w="2777" /><ent r="83" t="36" w="3000" /><ent r="3" t="36" w="3033" /><ent r="3" t="36" w="3201" /><ent r="3" t="36" w="3306" /><ent r="3" t="36" w="3754" /><ent r="3" t="36" w="3773" /><ent r="3" t="36" w="3822" /><ent r="3" t="36" w="4236" /><ent r="3" t="36" w="4378" /><ent r="3" t="36" w="4390" /><ent r="3" t="36" w="4443" /><ent r="3" t="36" w="4635" /><ent r="3" t="38" w="263" /><ent r="3" t="38" w="339" /><ent r="3" t="38" w="573" /><ent r="3" t="38" w="594" /><ent r="3" t="39" w="22" /><ent r="4" t="39" w="33" /><ent r="100" t="39" w="66" /><ent r="100" t="39" w="72" /><ent r="100" t="39" w="79" /><ent r="3" t="39" w="101" /><ent r="4" t="39" w="125" /><ent r="92" t="39" w="196" /><ent r="3" t="39" w="201" /><ent r="4" t="39" w="215" /><ent r="100" t="39" w="378" /><ent r="100" t="39" w="382" /><ent r="3" t="39" w="388" /><ent r="3" t="39" w="449" /><ent r="3" t="39" w="538" /><ent r="3" t="39" w="591" /><ent r="3" t="39" w="601" /><ent r="100" t="39" w="892" /><ent r="92" t="39" w="899" /><ent r="4" t="39" w="925" /><ent r="4" t="39" w="972" /><ent r="4" t="39" w="1047" /><ent r="92" t="39" w="1101" /><ent r="3" t="39" w="1109" /><ent r="3" t="39" w="1130" /><ent r="3" t="39" w="1227" /><ent r="4" t="40" w="200" /><ent r="3" t="40" w="466" /><ent r="3" t="41" w="108" /><ent r="3" t="42" w="18" /><ent r="3" t="42" w="30" /><ent r="3" t="42" w="204" /><ent r="3" t="42" w="451" /><ent r="3" t="42" w="710" /><ent r="3" t="44" w="20" /><ent r="3" t="44" w="103" /><ent r="3" t="44" w="163" /><ent r="3" t="45" w="25" /><ent r="3" t="45" w="30" /><ent r="3" t="45" w="286" /><ent r="3" t="45" w="302" /><ent r="3" t="45" w="339" /><ent r="3" t="46" w="17" /><ent r="3" t="46" w="111" /><ent r="4" t="46" w="345" /><ent r="5" t="46" w="481" /><ent r="3" t="46" w="675" /><ent r="3" t="47" w="32" /><ent r="3" t="47" w="116" /><ent r="3" t="48" w="20" /><ent r="3" t="48" w="514" /><ent r="3" t="53" w="394" /><ent r="72" t="54" w="1264" /><ent r="3" t="57" w="395" /><ent r="3" t="57" w="409" /><ent r="3" t="57" w="472" /><ent r="3" t="58" w="347" /><ent r="3" t="58" w="390" /><ent r="3" t="60" w="13" /><ent r="3" t="60" w="906" /><ent r="4" t="65" w="275" /><ent r="6" t="69" w="495" /><ent r="6" t="69" w="498" /><ent r="1000" t="73" w="2" /><ent r="102" t="73" w="12" /><ent r="3" t="73" w="34" /><ent r="3" t="73" w="67" /><ent r="4" t="73" w="77" /><ent r="4" t="73" w="85" /></phr><phr n="lines"><ent r="3" t="4" w="44" /><ent r="3" t="5" w="1413" /><ent r="3" t="12" w="96" /><ent r="3" t="18" w="552" /><ent r="3" t="18" w="751" /><ent r="4" t="18" w="819" /><ent r="4" t="18" w="856" /><ent r="4" t="18" w="890" /><ent r="3" t="20" w="810" /><ent r="3" t="21" w="27" /><ent r="4" t="21" w="105" /><ent r="3" t="22" w="23" /><ent r="3" t="31" w="711" /><ent r="3" t="36" w="167" /><ent r="3" t="36" w="228" /><ent r="4" t="36" w="248" /><ent r="4" t="36" w="287" /><ent r="4" t="36" w="409" /><ent r="3" t="36" w="1880" /><ent r="3" t="36" w="2171" /><ent r="4" t="36" w="2276" /><ent r="4" t="36" w="2291" /><ent r="4" t="36" w="2302" /><ent r="3" t="36" w="3288" /><ent r="3" t="36" w="4183" /><ent r="3" t="36" w="4195" /><ent r="3" t="36" w="4224" /><ent r="3" t="36" w="4605" /><ent r="3" t="53" w="407" /><ent r="3" t="55" w="157" /><ent r="3" t="77" w="227" /></phr><phr n="Line"><ent r="92" t="10" w="355" /><ent r="65" t="13" w="60" /><ent r="92" t="13" w="80" /><ent r="92" t="14" w="712" /><ent r="3" t="14" w="793" /><ent r="3" t="14" w="807" /><ent r="3" t="14" w="815" /><ent r="4" t="36" w="4118" /><ent r="4" t="36" w="4141" /><ent r="4" t="36" w="4172" /><ent r="4" t="36" w="4332" /><ent r="4" t="36" w="4402" /><ent r="4" t="36" w="4493" /><ent r="3" t="38" w="582" /><ent r="1000" t="39" w="2" /><ent r="100" t="39" w="13" /><ent r="102" t="39" w="17" /><ent r="92" t="39" w="96" /><ent r="64" t="39" w="498" /><ent r="92" t="39" w="582" /><ent r="64" t="39" w="1083" /><ent r="64" t="43" w="88" /><ent r="1000" t="44" w="2" /><ent r="102" t="44" w="7" /><ent r="100" t="44" w="77" /><ent r="3" t="44" w="85" /><ent r="3" t="44" w="115" /><ent r="3" t="45" w="222" /><ent r="3" t="45" w="333" /><ent r="3" t="47" w="11" /><ent r="100" t="73" w="8" /></phr><phr n="LINE"><ent r="100" t="34" w="525" /><ent r="6" t="34" w="1407" /><ent r="100" t="36" w="23" /><ent r="100" t="36" w="136" /><ent r="65" t="36" w="395" /><ent r="100" t="36" w="853" /><ent r="83" t="36" w="2150" /><ent r="5" t="36" w="2158" /><ent r="100" t="36" w="2186" /><ent r="6" t="36" w="2189" /><ent r="100" t="36" w="2236" /><ent r="6" t="36" w="2239" /><ent r="5" t="36" w="2316" /><ent r="4" t="36" w="2838" /><ent r="6" t="36" w="2884" /><ent r="3" t="36" w="3997" /><ent r="3" t="36" w="4042" /><ent r="3" t="36" w="4083" /><ent r="3" t="36" w="4098" /><ent r="3" t="36" w="4490" /><ent r="3" t="36" w="4624" /><ent r="100" t="38" w="218" /><ent r="3" t="38" w="506" /><ent r="3" t="38" w="524" /><ent r="3" t="38" w="542" /><ent r="3" t="38" w="560" /></phr></stem><stem n="manual"><phr n="manual"><ent r="3" t="0" w="93" /><ent r="3" t="18" w="953" /><ent r="3" t="20" w="919" /><ent r="3" t="23" w="3038" /><ent r="3" t="36" w="981" /><ent r="3" t="36" w="1104" /><ent r="3" t="73" w="110" /></phr><phr n="manually"><ent r="3" t="16" w="1169" /><ent r="3" t="47" w="124" /></phr><phr n="Manually"><ent r="4" t="49" w="268" /></phr></stem><stem n="learn"><phr n="learn"><ent r="3" t="0" w="95" /><ent r="3" t="26" w="74" /><ent r="3" t="64" w="46" /></phr><phr n="Learn"><ent r="3" t="4" w="85" /></phr><phr n="learned"><ent r="3" t="53" w="577" /></phr></stem><stem n="tool"><phr n="tools"><ent r="3" t="0" w="98" /><ent r="6" t="57" w="300" /><ent r="6" t="60" w="211" /><ent r="3" t="60" w="643" /><ent r="3" t="60" w="1076" /></phr><phr n="tool"><ent r="3" t="14" w="737" /><ent r="3" t="14" w="788" /><ent r="3" t="42" w="58" /><ent r="3" t="42" w="115" /><ent r="3" t="42" w="252" /><ent r="3" t="42" w="267" /><ent r="4" t="42" w="320" /><ent r="3" t="42" w="687" /><ent r="3" t="42" w="939" /><ent r="3" t="45" w="494" /><ent r="3" t="48" w="489" /><ent r="3" t="48" w="520" /><ent r="3" t="48" w="940" /><ent r="3" t="55" w="719" /></phr><phr n="Tools"><ent r="3" t="14" w="1065" /><ent r="4" t="39" w="1034" /><ent r="5" t="40" w="181" /><ent r="3" t="42" w="126" /><ent r="3" t="42" w="184" /><ent r="3" t="42" w="280" /><ent r="3" t="42" w="770" /><ent r="3" t="45" w="217" /><ent r="3" t="46" w="201" /><ent r="100" t="46" w="238" /><ent r="5" t="46" w="285" /><ent r="3" t="47" w="152" /><ent r="3" t="47" w="210" /><ent r="4" t="48" w="341" /><ent r="4" t="55" w="743" /><ent r="4" t="55" w="781" /><ent r="4" t="57" w="60" /><ent r="6" t="57" w="297" /><ent r="6" t="60" w="208" /><ent r="3" t="60" w="645" /><ent r="3" t="60" w="1078" /></phr></stem><stem n="custom"><phr n="customize"><ent r="3" t="0" w="103" /><ent r="3" t="64" w="49" /></phr><phr n="Customizing"><ent r="64" t="0" w="117" /><ent r="64" t="0" w="176" /><ent r="100" t="10" w="10" /><ent r="100" t="10" w="12" /><ent r="100" t="10" w="14" /><ent r="1000" t="64" w="1" /><ent r="100" t="64" w="10" /><ent r="100" t="64" w="12" /><ent r="100" t="64" w="14" /><ent r="102" t="64" w="18" /></phr><phr n="custom"><ent r="3" t="0" w="128" /><ent r="4" t="3" w="412" /><ent r="3" t="4" w="255" /><ent r="3" t="4" w="498" /><ent r="8" t="5" w="139" /><ent r="7" t="5" w="142" /><ent r="6" t="5" w="171" /><ent r="8" t="5" w="179" /><ent r="6" t="5" w="185" /><ent r="7" t="5" w="192" /><ent r="6" t="5" w="203" /><ent r="100" t="5" w="311" /><ent r="100" t="5" w="316" /><ent r="6" t="5" w="345" /><ent r="4" t="5" w="825" /><ent r="100" t="5" w="1349" /><ent r="100" t="5" w="1354" /><ent r="5" t="5" w="1359" /><ent r="3" t="5" w="1421" /><ent r="3" t="10" w="32" /><ent r="3" t="10" w="151" /><ent r="3" t="10" w="323" /><ent r="3" t="10" w="381" /><ent r="3" t="13" w="25" /><ent r="3" t="14" w="152" /><ent r="3" t="15" w="8" /><ent r="3" t="15" w="48" /><ent r="3" t="15" w="94" /><ent r="3" t="15" w="121" /><ent r="3" t="15" w="359" /><ent r="3" t="15" w="385" /><ent r="4" t="15" w="954" /><ent r="3" t="18" w="538" /><ent r="3" t="19" w="52" /><ent r="3" t="19" w="325" /><ent r="3" t="20" w="72" /><ent r="3" t="21" w="1279" /><ent r="4" t="24" w="199" /><ent r="3" t="25" w="177" /><ent r="3" t="25" w="432" /><ent r="3" t="25" w="656" /><ent r="3" t="25" w="808" /><ent r="3" t="26" w="93" /><ent r="3" t="27" w="15" /><ent r="3" t="28" w="33" /><ent r="3" t="31" w="65" /><ent r="3" t="31" w="121" /><ent r="3" t="34" w="88" /><ent r="3" t="36" w="98" /><ent r="5" t="37" w="170" /><ent r="3" t="37" w="217" /><ent r="100" t="38" w="88" /><ent r="100" t="38" w="93" /><ent r="3" t="38" w="100" /><ent r="3" t="38" w="138" /><ent r="3" t="49" w="12" /><ent r="4" t="49" w="52" /><ent r="4" t="49" w="133" /><ent r="3" t="52" w="17" /><ent r="3" t="53" w="19" /><ent r="93" t="53" w="275" /><ent r="93" t="53" w="442" /><ent r="3" t="65" w="682" /><ent r="100" t="77" w="163" /><ent r="100" t="77" w="168" /><ent r="5" t="77" w="173" /><ent r="3" t="77" w="235" /></phr><phr n="Custom"><ent r="100" t="3" w="7" /><ent r="100" t="4" w="14" /><ent r="100" t="5" w="136" /><ent r="100" t="5" w="161" /><ent r="100" t="5" w="167" /><ent r="100" t="5" w="200" /><ent r="6" t="5" w="573" /><ent r="100" t="5" w="713" /><ent r="3" t="5" w="737" /><ent r="92" t="5" w="790" /><ent r="4" t="5" w="821" /><ent r="3" t="5" w="1335" /><ent r="100" t="5" w="1345" /><ent r="100" t="7" w="557" /><ent r="5" t="9" w="180" /><ent r="100" t="10" w="113" /><ent r="3" t="10" w="261" /><ent r="3" t="14" w="62" /><ent r="100" t="15" w="32" /><ent r="3" t="15" w="262" /><ent r="125" t="15" w="369" /><ent r="67" t="16" w="599" /><ent r="100" t="19" w="13" /><ent r="3" t="19" w="162" /><ent r="3" t="20" w="902" /><ent r="92" t="23" w="2711" /><ent r="1000" t="25" w="5" /><ent r="102" t="25" w="12" /><ent r="3" t="26" w="12" /><ent r="3" t="26" w="19" /><ent r="1000" t="27" w="2" /><ent r="102" t="27" w="8" /><ent r="3" t="33" w="139" /><ent r="3" t="33" w="837" /><ent r="100" t="38" w="7" /><ent r="100" t="38" w="18" /><ent r="100" t="38" w="35" /><ent r="100" t="38" w="45" /><ent r="100" t="38" w="49" /><ent r="100" t="38" w="53" /><ent r="3" t="38" w="78" /><ent r="3" t="38" w="95" /><ent r="3" t="38" w="145" /><ent r="3" t="38" w="168" /><ent r="3" t="38" w="502" /><ent r="3" t="38" w="520" /><ent r="3" t="38" w="538" /><ent r="3" t="38" w="556" /><ent r="3" t="38" w="568" /><ent r="3" t="38" w="588" /><ent r="3" t="38" w="602" /><ent r="3" t="45" w="230" /><ent r="100" t="49" w="34" /><ent r="100" t="49" w="37" /><ent r="100" t="49" w="46" /><ent r="1000" t="53" w="3" /><ent r="100" t="53" w="8" /><ent r="102" t="53" w="13" /><ent r="4" t="57" w="28" /><ent r="6" t="57" w="260" /><ent r="6" t="60" w="171" /><ent r="3" t="60" w="631" /><ent r="3" t="60" w="1060" /><ent r="1000" t="75" w="1" /><ent r="102" t="75" w="5" /><ent r="100" t="77" w="144" /><ent r="3" t="77" w="152" /></phr><phr n="customer"><ent r="4" t="8" w="708" /><ent r="3" t="14" w="431" /><ent r="3" t="14" w="1038" /><ent r="3" t="23" w="2739" /><ent r="3" t="26" w="321" /><ent r="6" t="69" w="1486" /></phr><phr n="Customized"><ent r="64" t="15" w="787" /><ent r="64" t="37" w="260" /></phr><phr n="Customer"><ent r="3" t="32" w="98" /></phr><phr n="customers"><ent r="3" t="51" w="121" /></phr></stem></index>