<?xml version="1.0" encoding="utf-8"?><index><stem n="introduct"><phr n="Introduction"><ent r="1000" t="0" w="5" /><ent r="102" t="0" w="11" /><ent r="92" t="25" w="15" /></phr></stem><stem n="document"><phr n="Documents"><ent r="3" t="0" w="13" /></phr><phr n="Document"><ent r="3" t="0" w="22" /><ent r="100" t="65" w="565" /></phr><phr n="documentation"><ent r="3" t="1" w="42" /><ent r="3" t="1" w="268" /><ent r="3" t="1" w="490" /><ent r="3" t="1" w="535" /><ent r="3" t="25" w="466" /><ent r="3" t="31" w="339" /><ent r="3" t="54" w="1272" /></phr><phr n="document"><ent r="3" t="28" w="540" /><ent r="5" t="65" w="568" /><ent r="7" t="69" w="1460" /><ent r="7" t="69" w="1514" /><ent r="7" t="69" w="1555" /><ent r="6" t="69" w="1931" /><ent r="3" t="70" w="273" /><ent r="3" t="70" w="474" /><ent r="3" t="74" w="13" /></phr><phr n="Documentation"><ent r="3" t="36" w="971" /><ent r="3" t="36" w="1094" /><ent r="4" t="48" w="976" /></phr></stem><stem n="remoteaccess"><phr n="RemoteAccess"><ent r="3" t="0" w="17" /><ent r="4" t="56" w="97" /><ent r="3" t="58" w="40" /><ent r="3" t="58" w="381" /><ent r="3" t="73" w="30" /><ent r="3" t="73" w="73" /><ent r="4" t="73" w="89" /></phr></stem><stem n="5"><phr n="5"><ent r="4" t="0" w="19" /><ent r="8" t="11" w="330" /><ent r="3" t="13" w="575" /><ent r="3" t="13" w="1940" /><ent r="3" t="13" w="1945" /><ent r="3" t="13" w="1957" /><ent r="3" t="17" w="188" /><ent r="3" t="17" w="198" /><ent r="3" t="18" w="656" /><ent r="4" t="18" w="1590" /><ent r="3" t="18" w="1690" /><ent r="3" t="21" w="1161" /><ent r="3" t="21" w="1196" /><ent r="3" t="21" w="1440" /><ent r="3" t="23" w="1544" /><ent r="3" t="23" w="1558" /><ent r="3" t="23" w="1568" /><ent r="3" t="25" w="336" /><ent r="64" t="25" w="477" /><ent r="4" t="28" w="233" /><ent r="4" t="28" w="259" /><ent r="3" t="28" w="927" /><ent r="3" t="28" w="932" /><ent r="3" t="31" w="522" /><ent r="3" t="31" w="683" /><ent r="3" t="31" w="806" /><ent r="3" t="31" w="916" /><ent r="3" t="31" w="1098" /><ent r="3" t="31" w="1246" /><ent r="3" t="31" w="1684" /><ent r="3" t="32" w="327" /><ent r="3" t="33" w="661" /><ent r="6" t="33" w="774" /><ent r="3" t="33" w="1060" /><ent r="4" t="36" w="4403" /><ent r="3" t="36" w="4503" /><ent r="3" t="39" w="847" /><ent r="3" t="42" w="847" /><ent r="4" t="45" w="49" /><ent r="3" t="46" w="610" /><ent r="3" t="46" w="631" /><ent r="3" t="46" w="663" /><ent r="82" t="46" w="726" /><ent r="4" t="48" w="253" /><ent r="3" t="48" w="761" /><ent r="3" t="48" w="770" /><ent r="3" t="48" w="771" /><ent r="3" t="54" w="943" /><ent r="3" t="55" w="615" /><ent r="3" t="55" w="689" /><ent r="3" t="55" w="724" /><ent r="4" t="55" w="740" /><ent r="3" t="60" w="1202" /><ent r="3" t="63" w="29" /><ent r="3" t="63" w="88" /><ent r="3" t="63" w="154" /><ent r="4" t="63" w="270" /><ent r="3" t="63" w="295" /><ent r="3" t="63" w="429" /><ent r="3" t="63" w="441" /><ent r="4" t="74" w="45" /></phr></stem><stem n=".6"><phr n=".6"><ent r="4" t="0" w="20" /><ent r="4" t="45" w="50" /><ent r="4" t="45" w="61" /><ent r="65" t="46" w="569" /><ent r="65" t="46" w="812" /><ent r="4" t="74" w="46" /><ent r="4" t="74" w="52" /></phr></stem><stem n="5.6"><phr n="5.6"><ent r="4" t="0" w="20" /><ent r="4" t="0" w="19" /><ent r="4" t="45" w="50" /><ent r="4" t="45" w="49" /><ent r="4" t="74" w="46" /><ent r="4" t="74" w="45" /></phr></stem><stem n="6"><phr n="6"><ent r="4" t="0" w="20" /><ent r="8" t="11" w="337" /><ent r="3" t="13" w="1981" /><ent r="3" t="13" w="2079" /><ent r="3" t="13" w="2084" /><ent r="3" t="13" w="2326" /><ent r="3" t="15" w="631" /><ent r="3" t="15" w="636" /><ent r="3" t="15" w="646" /><ent r="3" t="15" w="663" /><ent r="3" t="15" w="667" /><ent r="3" t="15" w="680" /><ent r="3" t="16" w="913" /><ent r="3" t="16" w="928" /><ent r="4" t="16" w="985" /><ent r="4" t="16" w="1027" /><ent r="4" t="16" w="1032" /><ent r="4" t="16" w="1069" /><ent r="4" t="16" w="1100" /><ent r="5" t="16" w="1398" /><ent r="3" t="16" w="1658" /><ent r="3" t="18" w="489" /><ent r="3" t="18" w="515" /><ent r="3" t="18" w="584" /><ent r="3" t="18" w="606" /><ent r="3" t="18" w="627" /><ent r="3" t="18" w="649" /><ent r="4" t="18" w="1427" /><ent r="4" t="18" w="1600" /><ent r="3" t="18" w="1699" /><ent r="3" t="19" w="318" /><ent r="3" t="21" w="1176" /><ent r="3" t="21" w="1185" /><ent r="3" t="21" w="1320" /><ent r="3" t="21" w="1337" /><ent r="3" t="21" w="1354" /><ent r="3" t="21" w="1448" /><ent r="3" t="21" w="1458" /><ent r="3" t="23" w="986" /><ent r="3" t="23" w="1474" /><ent r="4" t="23" w="1777" /><ent r="3" t="23" w="1861" /><ent r="3" t="23" w="1991" /><ent r="3" t="23" w="2011" /><ent r="3" t="23" w="2033" /><ent r="3" t="23" w="2053" /><ent r="3" t="23" w="2075" /><ent r="3" t="23" w="2097" /><ent r="3" t="23" w="2117" /><ent r="3" t="23" w="2124" /><ent r="3" t="23" w="2128" /><ent r="3" t="23" w="2132" /><ent r="3" t="23" w="2138" /><ent r="3" t="23" w="2142" /><ent r="3" t="23" w="2147" /><ent r="3" t="23" w="2801" /><ent r="4" t="23" w="2848" /><ent r="3" t="25" w="95" /><ent r="3" t="25" w="106" /><ent r="3" t="25" w="116" /><ent r="3" t="25" w="123" /><ent r="3" t="25" w="193" /><ent r="3" t="25" w="976" /><ent r="4" t="28" w="236" /><ent r="3" t="28" w="556" /><ent r="3" t="28" w="590" /><ent r="3" t="28" w="939" /><ent r="3" t="30" w="77" /><ent r="3" t="30" w="110" /><ent r="3" t="30" w="119" /><ent r="3" t="30" w="129" /><ent r="4" t="30" w="213" /><ent r="4" t="30" w="272" /><ent r="4" t="30" w="282" /><ent r="3" t="31" w="442" /><ent r="3" t="31" w="451" /><ent r="3" t="31" w="456" /><ent r="3" t="31" w="473" /><ent r="3" t="31" w="486" /><ent r="3" t="31" w="500" /><ent r="3" t="31" w="515" /><ent r="3" t="31" w="531" /><ent r="3" t="31" w="538" /><ent r="3" t="31" w="596" /><ent r="3" t="31" w="603" /><ent r="3" t="31" w="612" /><ent r="3" t="31" w="617" /><ent r="3" t="31" w="634" /><ent r="3" t="31" w="647" /><ent r="3" t="31" w="661" /><ent r="3" t="31" w="676" /><ent r="3" t="31" w="692" /><ent r="3" t="31" w="699" /><ent r="3" t="31" w="726" /><ent r="3" t="31" w="735" /><ent r="3" t="31" w="740" /><ent r="3" t="31" w="757" /><ent r="3" t="31" w="770" /><ent r="3" t="31" w="784" /><ent r="3" t="31" w="799" /><ent r="3" t="31" w="815" /><ent r="3" t="31" w="822" /><ent r="3" t="31" w="836" /><ent r="3" t="31" w="845" /><ent r="3" t="31" w="850" /><ent r="3" t="31" w="867" /><ent r="3" t="31" w="880" /><ent r="3" t="31" w="894" /><ent r="3" t="31" w="909" /><ent r="3" t="31" w="925" /><ent r="3" t="31" w="932" /><ent r="3" t="31" w="940" /><ent r="3" t="31" w="953" /><ent r="3" t="31" w="966" /><ent r="3" t="31" w="979" /><ent r="3" t="31" w="992" /><ent r="3" t="31" w="1005" /><ent r="3" t="31" w="1025" /><ent r="3" t="31" w="1032" /><ent r="3" t="31" w="1049" /><ent r="3" t="31" w="1062" /><ent r="3" t="31" w="1076" /><ent r="3" t="31" w="1091" /><ent r="3" t="31" w="1107" /><ent r="3" t="31" w="1114" /><ent r="3" t="31" w="1179" /><ent r="3" t="31" w="1193" /><ent r="3" t="31" w="1207" /><ent r="3" t="31" w="1224" /><ent r="3" t="31" w="1239" /><ent r="3" t="31" w="1255" /><ent r="3" t="31" w="1262" /><ent r="3" t="31" w="1691" /><ent r="3" t="32" w="354" /><ent r="4" t="36" w="2598" /><ent r="4" t="45" w="50" /><ent r="4" t="45" w="61" /><ent r="65" t="46" w="569" /><ent r="65" t="46" w="812" /><ent r="3" t="47" w="46" /><ent r="3" t="53" w="349" /><ent r="3" t="53" w="360" /><ent r="3" t="53" w="371" /><ent r="3" t="53" w="382" /><ent r="3" t="53" w="387" /><ent r="3" t="53" w="502" /><ent r="3" t="53" w="514" /><ent r="3" t="53" w="545" /><ent r="3" t="54" w="510" /><ent r="3" t="54" w="571" /><ent r="3" t="54" w="627" /><ent r="3" t="54" w="671" /><ent r="3" t="54" w="863" /><ent r="3" t="54" w="880" /><ent r="3" t="54" w="890" /><ent r="3" t="54" w="904" /><ent r="3" t="54" w="920" /><ent r="3" t="54" w="938" /><ent r="3" t="54" w="957" /><ent r="3" t="54" w="962" /><ent r="3" t="54" w="976" /><ent r="3" t="54" w="992" /><ent r="3" t="54" w="1008" /><ent r="3" t="54" w="1020" /><ent r="3" t="54" w="1034" /><ent r="3" t="54" w="1053" /><ent r="3" t="54" w="1071" /><ent r="3" t="54" w="1087" /><ent r="3" t="54" w="1105" /><ent r="3" t="55" w="619" /><ent r="3" t="55" w="635" /><ent r="3" t="55" w="642" /><ent r="3" t="55" w="657" /><ent r="3" t="55" w="671" /><ent r="3" t="55" w="684" /><ent r="3" t="63" w="452" /><ent r="3" t="63" w="464" /><ent r="4" t="74" w="46" /><ent r="4" t="74" w="52" /></phr></stem><stem n="built"><phr n="built"><ent r="3" t="0" w="23" /><ent r="3" t="0" w="196" /><ent r="3" t="3" w="40" /><ent r="3" t="3" w="68" /><ent r="3" t="3" w="151" /><ent r="3" t="3" w="329" /><ent r="4" t="5" w="1294" /><ent r="3" t="5" w="1333" /><ent r="3" t="8" w="318" /><ent r="3" t="8" w="338" /><ent r="3" t="9" w="15" /><ent r="5" t="9" w="680" /><ent r="3" t="13" w="20" /><ent r="3" t="13" w="1849" /><ent r="3" t="14" w="699" /><ent r="3" t="15" w="64" /><ent r="4" t="15" w="148" /><ent r="3" t="16" w="1565" /><ent r="3" t="18" w="936" /><ent r="4" t="23" w="206" /><ent r="3" t="34" w="1401" /><ent r="3" t="36" w="1700" /><ent r="3" t="36" w="1776" /><ent r="4" t="48" w="188" /><ent r="3" t="50" w="38" /><ent r="3" t="50" w="71" /><ent r="3" t="50" w="115" /><ent r="3" t="51" w="27" /><ent r="3" t="55" w="518" /><ent r="3" t="63" w="330" /><ent r="3" t="63" w="382" /><ent r="3" t="64" w="71" /><ent r="3" t="65" w="519" /><ent r="3" t="65" w="543" /><ent r="7" t="67" w="450" /><ent r="7" t="67" w="484" /><ent r="7" t="67" w="509" /><ent r="4" t="77" w="108" /><ent r="3" t="77" w="150" /></phr><phr n="Built"><ent r="1000" t="13" w="1" /><ent r="102" t="13" w="8" /><ent r="65" t="16" w="170" /><ent r="92" t="16" w="1556" /><ent r="64" t="16" w="1572" /><ent r="3" t="16" w="1626" /><ent r="100" t="23" w="389" /><ent r="92" t="23" w="394" /><ent r="100" t="23" w="649" /><ent r="92" t="23" w="654" /><ent r="3" t="33" w="835" /><ent r="65" t="34" w="1351" /><ent r="100" t="34" w="1378" /><ent r="82" t="34" w="1382" /><ent r="65" t="46" w="907" /><ent r="1000" t="50" w="2" /><ent r="102" t="50" w="7" /><ent r="3" t="50" w="11" /><ent r="100" t="65" w="504" /><ent r="92" t="65" w="509" /></phr></stem><stem n="11"><phr n="11"><ent r="4" t="0" w="25" /><ent r="3" t="13" w="1699" /><ent r="3" t="13" w="1728" /><ent r="3" t="23" w="1862" /><ent r="3" t="28" w="909" /><ent r="3" t="31" w="999" /><ent r="3" t="36" w="3962" /><ent r="3" t="63" w="405" /><ent r="3" t="63" w="443" /><ent r="3" t="63" w="466" /><ent r="3" t="63" w="489" /></phr></stem><stem n="11/29"><phr n="11/29"><ent r="4" t="0" w="26" /><ent r="4" t="0" w="25" /></phr></stem><stem n="29"><phr n="29"><ent r="4" t="0" w="26" /><ent r="3" t="14" w="93" /><ent r="3" t="30" w="68" /><ent r="3" t="31" w="90" /></phr></stem><stem n="/29/2012"><phr n="/29/2012"><ent r="4" t="0" w="27" /></phr></stem><stem n="11/29/2012"><phr n="11/29/2012"><ent r="4" t="0" w="27" /><ent r="4" t="0" w="25" /></phr></stem><stem n="2012"><phr n="2012"><ent r="4" t="0" w="27" /><ent r="3" t="26" w="61" /><ent r="4" t="74" w="55" /></phr></stem><stem n="10"><phr n="10"><ent r="4" t="0" w="30" /><ent r="3" t="13" w="1989" /><ent r="3" t="13" w="1990" /><ent r="3" t="13" w="1997" /><ent r="3" t="13" w="1998" /><ent r="3" t="13" w="2352" /><ent r="5" t="15" w="937" /><ent r="3" t="15" w="985" /><ent r="4" t="16" w="1107" /><ent r="4" t="16" w="1527" /><ent r="3" t="17" w="166" /><ent r="3" t="17" w="180" /><ent r="4" t="23" w="636" /><ent r="3" t="23" w="1422" /><ent r="4" t="23" w="1700" /><ent r="3" t="23" w="1999" /><ent r="3" t="23" w="2000" /><ent r="3" t="23" w="2019" /><ent r="3" t="23" w="2020" /><ent r="3" t="23" w="2026" /><ent r="3" t="23" w="2027" /><ent r="3" t="23" w="2041" /><ent r="3" t="23" w="2042" /><ent r="3" t="23" w="2061" /><ent r="3" t="23" w="2062" /><ent r="3" t="23" w="2068" /><ent r="3" t="23" w="2069" /><ent r="3" t="23" w="2083" /><ent r="3" t="23" w="2084" /><ent r="3" t="23" w="2105" /><ent r="3" t="23" w="2106" /><ent r="3" t="24" w="67" /><ent r="5" t="24" w="182" /><ent r="3" t="26" w="39" /><ent r="3" t="31" w="986" /><ent r="3" t="31" w="1140" /><ent r="3" t="31" w="1719" /><ent r="3" t="36" w="3956" /><ent r="5" t="40" w="363" /><ent r="3" t="46" w="630" /><ent r="3" t="46" w="655" /><ent r="3" t="47" w="196" /><ent r="3" t="48" w="769" /><ent r="3" t="53" w="510" /><ent r="3" t="53" w="564" /><ent r="3" t="54" w="146" /><ent r="4" t="54" w="319" /><ent r="3" t="54" w="532" /><ent r="3" t="54" w="533" /><ent r="3" t="54" w="565" /><ent r="3" t="54" w="566" /><ent r="3" t="54" w="651" /><ent r="3" t="55" w="175" /><ent r="3" t="55" w="201" /><ent r="3" t="55" w="512" /></phr><phr n="10s"><ent r="3" t="23" w="1368" /><ent r="3" t="23" w="1415" /></phr></stem><stem n=":51"><phr n=":51"><ent r="4" t="0" w="31" /></phr></stem><stem n="51"><phr n="51"><ent r="4" t="0" w="31" /></phr></stem><stem n="am"><phr n="AM"><ent r="4" t="0" w="32" /><ent r="4" t="23" w="1746" /></phr></stem><stem n="-mail"><phr n="-mail"><ent r="100" t="0" w="34" /><ent r="100" t="0" w="34" /><ent r="3" t="51" w="77" /><ent r="3" t="51" w="77" /></phr></stem><stem n="e"><phr n="E"><ent r="100" t="0" w="34" /><ent r="3" t="32" w="114" /><ent r="3" t="33" w="517" /><ent r="6" t="36" w="642" /><ent r="6" t="36" w="681" /><ent r="5" t="36" w="2763" /><ent r="5" t="36" w="3019" /></phr><phr n="e"><ent r="3" t="0" w="76" /><ent r="3" t="1" w="144" /><ent r="4" t="11" w="479" /><ent r="5" t="13" w="1437" /><ent r="4" t="16" w="1302" /><ent r="3" t="20" w="25" /><ent r="4" t="20" w="261" /><ent r="3" t="20" w="724" /><ent r="4" t="20" w="872" /><ent r="4" t="21" w="162" /><ent r="4" t="21" w="500" /><ent r="4" t="23" w="433" /><ent r="4" t="23" w="574" /><ent r="4" t="23" w="600" /><ent r="4" t="23" w="607" /><ent r="4" t="23" w="632" /><ent r="4" t="23" w="1278" /><ent r="3" t="23" w="1527" /><ent r="3" t="23" w="1553" /><ent r="4" t="23" w="1817" /><ent r="3" t="25" w="295" /><ent r="4" t="34" w="370" /><ent r="3" t="36" w="3967" /><ent r="3" t="36" w="4366" /><ent r="3" t="42" w="644" /><ent r="3" t="42" w="649" /><ent r="3" t="42" w="654" /><ent r="3" t="42" w="658" /><ent r="3" t="42" w="662" /><ent r="3" t="48" w="687" /><ent r="3" t="48" w="832" /><ent r="3" t="48" w="835" /><ent r="3" t="48" w="850" /><ent r="3" t="48" w="855" /><ent r="3" t="48" w="870" /><ent r="3" t="51" w="77" /><ent r="100" t="54" w="11" /><ent r="3" t="54" w="137" /><ent r="5" t="54" w="195" /><ent r="4" t="54" w="237" /><ent r="4" t="54" w="406" /><ent r="4" t="54" w="412" /><ent r="3" t="54" w="663" /><ent r="3" t="55" w="377" /><ent r="6" t="69" w="1863" /><ent r="6" t="69" w="1882" /><ent r="6" t="69" w="1913" /><ent r="6" t="69" w="1933" /><ent r="6" t="69" w="1948" /><ent r="6" t="69" w="1967" /><ent r="6" t="69" w="1992" /></phr></stem><stem n="e-mail"><phr n="E-mail"><ent r="100" t="0" w="34" /><ent r="3" t="32" w="114" /></phr><phr n="e-mail"><ent r="3" t="0" w="76" /><ent r="4" t="20" w="261" /><ent r="3" t="20" w="724" /><ent r="3" t="51" w="77" /></phr></stem><stem n="mail"><phr n="mail"><ent r="100" t="0" w="35" /><ent r="3" t="0" w="77" /><ent r="3" t="11" w="123" /><ent r="4" t="20" w="262" /><ent r="3" t="20" w="725" /><ent r="3" t="32" w="115" /><ent r="3" t="51" w="78" /></phr></stem><stem n="network"><phr n="network"><ent r="3" t="0" w="40" /><ent r="3" t="0" w="60" /><ent r="3" t="0" w="108" /><ent r="3" t="0" w="142" /><ent r="3" t="1" w="186" /><ent r="4" t="3" w="523" /><ent r="6" t="5" w="950" /><ent r="6" t="5" w="993" /><ent r="6" t="5" w="1036" /><ent r="5" t="13" w="138" /><ent r="5" t="13" w="175" /><ent r="5" t="13" w="326" /><ent r="5" t="13" w="652" /><ent r="5" t="13" w="662" /><ent r="5" t="13" w="1001" /><ent r="5" t="13" w="1015" /><ent r="5" t="13" w="1030" /><ent r="5" t="13" w="1044" /><ent r="5" t="13" w="1302" /><ent r="3" t="27" w="302" /><ent r="3" t="32" w="321" /><ent r="3" t="36" w="3253" /><ent r="4" t="65" w="167" /><ent r="5" t="65" w="583" /><ent r="4" t="65" w="592" /><ent r="3" t="65" w="637" /><ent r="3" t="65" w="656" /><ent r="6" t="69" w="1377" /><ent r="6" t="69" w="1932" /></phr><phr n="Network"><ent r="100" t="65" w="580" /></phr><phr n="networks"><ent r="3" t="65" w="668" /><ent r="6" t="69" w="1418" /></phr></stem><stem n="monitor"><phr n="monitoring"><ent r="3" t="0" w="41" /><ent r="3" t="0" w="143" /><ent r="4" t="3" w="524" /><ent r="3" t="27" w="330" /></phr><phr n="monitors"><ent r="3" t="0" w="106" /></phr><phr n="monitor"><ent r="3" t="3" w="81" /><ent r="3" t="15" w="53" /><ent r="3" t="20" w="18" /></phr><phr n="monitored"><ent r="5" t="13" w="181" /><ent r="3" t="58" w="60" /></phr><phr n="Monitor"><ent r="3" t="54" w="54" /></phr></stem><stem n="alert"><phr n="alerting"><ent r="3" t="0" w="43" /></phr><phr n="alert"><ent r="4" t="3" w="415" /></phr><phr n="Alert"><ent r="100" t="4" w="767" /><ent r="5" t="34" w="561" /></phr></stem><stem n="program"><phr n="program"><ent r="3" t="0" w="44" /><ent r="3" t="0" w="83" /><ent r="4" t="3" w="493" /><ent r="4" t="3" w="525" /><ent r="4" t="4" w="535" /><ent r="5" t="13" w="1075" /><ent r="3" t="21" w="1148" /><ent r="3" t="28" w="851" /><ent r="3" t="39" w="39" /><ent r="3" t="39" w="50" /><ent r="3" t="39" w="287" /><ent r="3" t="39" w="308" /><ent r="3" t="39" w="348" /><ent r="100" t="39" w="363" /><ent r="3" t="39" w="592" /><ent r="4" t="39" w="947" /><ent r="4" t="39" w="1053" /><ent r="3" t="48" w="124" /><ent r="3" t="48" w="159" /><ent r="5" t="48" w="213" /><ent r="5" t="48" w="305" /><ent r="4" t="48" w="318" /><ent r="3" t="56" w="36" /><ent r="3" t="58" w="280" /><ent r="3" t="70" w="112" /></phr><phr n="Program"><ent r="100" t="34" w="186" /><ent r="100" t="34" w="189" /><ent r="65" t="34" w="199" /><ent r="92" t="34" w="1137" /><ent r="100" t="39" w="369" /><ent r="100" t="39" w="372" /><ent r="5" t="45" w="126" /></phr><phr n="programs"><ent r="3" t="39" w="1216" /><ent r="3" t="40" w="455" /><ent r="3" t="42" w="425" /><ent r="3" t="61" w="38" /></phr><phr n="Programs"><ent r="4" t="48" w="346" /></phr></stem><stem n="."><phr n="."><ent r="3" t="0" w="45" /><ent r="3" t="0" w="61" /><ent r="3" t="0" w="88" /><ent r="3" t="0" w="116" /><ent r="3" t="0" w="144" /><ent r="3" t="0" w="175" /><ent r="3" t="0" w="200" /><ent r="3" t="0" w="216" /><ent r="3" t="0" w="226" /><ent r="3" t="1" w="56" /><ent r="3" t="1" w="81" /><ent r="3" t="1" w="104" /><ent r="3" t="1" w="128" /><ent r="3" t="1" w="133" /><ent r="3" t="1" w="171" /><ent r="3" t="1" w="183" /><ent r="3" t="1" w="208" /><ent r="3" t="1" w="227" /><ent r="3" t="1" w="256" /><ent r="3" t="1" w="279" /><ent r="3" t="1" w="296" /><ent r="3" t="1" w="331" /><ent r="3" t="1" w="359" /><ent r="3" t="1" w="399" /><ent r="3" t="1" w="417" /><ent r="3" t="1" w="454" /><ent r="3" t="1" w="570" /><ent r="3" t="1" w="584" /><ent r="3" t="1" w="599" /><ent r="3" t="1" w="655" /><ent r="3" t="1" w="678" /><ent r="3" t="1" w="724" /><ent r="3" t="2" w="31" /><ent r="3" t="2" w="47" /><ent r="3" t="3" w="35" /><ent r="3" t="3" w="64" /><ent r="3" t="3" w="94" /><ent r="3" t="3" w="104" /><ent r="3" t="3" w="129" /><ent r="3" t="3" w="154" /><ent r="3" t="3" w="176" /><ent r="4" t="3" w="228" /><ent r="4" t="3" w="252" /><ent r="4" t="3" w="268" /><ent r="3" t="3" w="313" /><ent r="3" t="3" w="324" /><ent r="3" t="3" w="349" /><ent r="4" t="3" w="380" /><ent r="4" t="3" w="409" /><ent r="4" t="3" w="431" /><ent r="4" t="3" w="443" /><ent r="4" t="3" w="458" /><ent r="4" t="3" w="484" /><ent r="4" t="3" w="512" /><ent r="4" t="3" w="526" /><ent r="4" t="3" w="541" /><ent r="3" t="3" w="555" /><ent r="3" t="3" w="572" /><ent r="3" t="3" w="580" /><ent r="3" t="4" w="33" /><ent r="3" t="4" w="37" /><ent r="3" t="4" w="74" /><ent r="3" t="4" w="118" /><ent r="3" t="4" w="153" /><ent r="3" t="4" w="164" /><ent r="3" t="4" w="189" /><ent r="3" t="4" w="211" /><ent r="3" t="4" w="229" /><ent r="3" t="4" w="247" /><ent r="4" t="4" w="281" /><ent r="4" t="4" w="314" /><ent r="4" t="4" w="343" /><ent r="4" t="4" w="367" /><ent r="4" t="4" w="390" /><ent r="3" t="4" w="412" /><ent r="3" t="4" w="426" /><ent r="4" t="4" w="448" /><ent r="4" t="4" w="457" /><ent r="4" t="4" w="490" /><ent r="4" t="4" w="516" /><ent r="4" t="4" w="542" /><ent r="4" t="4" w="552" /><ent r="4" t="4" w="573" /><ent r="4" t="4" w="585" /><ent r="4" t="4" w="624" /><ent r="4" t="4" w="649" /><ent r="4" t="4" w="669" /><ent r="4" t="4" w="689" /><ent r="3" t="4" w="705" /><ent r="3" t="4" w="713" /><ent r="3" t="4" w="738" /><ent r="3" t="5" w="27" /><ent r="3" t="5" w="43" /><ent r="3" t="5" w="68" /><ent r="3" t="5" w="95" /><ent r="6" t="5" w="112" /><ent r="6" t="5" w="183" /><ent r="6" t="5" w="197" /><ent r="6" t="5" w="215" /><ent r="6" t="5" w="232" /><ent r="6" t="5" w="245" /><ent r="6" t="5" w="266" /><ent r="6" t="5" w="307" /><ent r="6" t="5" w="334" /><ent r="6" t="5" w="367" /><ent r="6" t="5" w="377" /><ent r="6" t="5" w="393" /><ent r="5" t="5" w="407" /><ent r="5" t="5" w="418" /><ent r="5" t="5" w="439" /><ent r="5" t="5" w="453" /><ent r="5" t="5" w="469" /><ent r="6" t="5" w="493" /><ent r="5" t="5" w="517" /><ent r="6" t="5" w="545" /><ent r="6" t="5" w="668" /><ent r="6" t="5" w="694" /><ent r="6" t="5" w="708" /><ent r="3" t="5" w="740" /><ent r="6" t="5" w="898" /><ent r="6" t="5" w="910" /><ent r="6" t="5" w="943" /><ent r="6" t="5" w="972" /><ent r="6" t="5" w="985" /><ent r="6" t="5" w="1032" /><ent r="6" t="5" w="1070" /><ent r="6" t="5" w="1090" /><ent r="6" t="5" w="1119" /><ent r="6" t="5" w="1147" /><ent r="6" t="5" w="1154" /><ent r="4" t="5" w="1190" /><ent r="3" t="5" w="1223" /><ent r="4" t="5" w="1256" /><ent r="4" t="5" w="1292" /><ent r="4" t="5" w="1322" /><ent r="4" t="5" w="1329" /><ent r="3" t="5" w="1378" /><ent r="3" t="5" w="1398" /><ent r="3" t="6" w="43" /><ent r="3" t="6" w="51" /><ent r="3" t="6" w="76" /><ent r="3" t="6" w="87" /><ent r="4" t="6" w="98" /><ent r="4" t="6" w="112" /><ent r="3" t="7" w="24" /><ent r="3" t="7" w="56" /><ent r="3" t="7" w="103" /><ent r="3" t="7" w="118" /><ent r="3" t="7" w="133" /><ent r="3" t="7" w="155" /><ent r="4" t="7" w="197" /><ent r="4" t="7" w="214" /><ent r="3" t="7" w="230" /><ent r="3" t="7" w="286" /><ent r="3" t="7" w="326" /><ent r="3" t="7" w="347" /><ent r="3" t="7" w="373" /><ent r="3" t="7" w="403" /><ent r="3" t="7" w="418" /><ent r="3" t="7" w="426" /><ent r="3" t="7" w="448" /><ent r="3" t="7" w="466" /><ent r="3" t="7" w="525" /><ent r="3" t="7" w="579" /><ent r="3" t="7" w="589" /><ent r="3" t="8" w="21" /><ent r="3" t="8" w="32" /><ent r="3" t="8" w="42" /><ent r="3" t="8" w="51" /><ent r="4" t="8" w="84" /><ent r="4" t="8" w="99" /><ent r="4" t="8" w="111" /><ent r="4" t="8" w="140" /><ent r="4" t="8" w="149" /><ent r="4" t="8" w="165" /><ent r="4" t="8" w="182" /><ent r="4" t="8" w="196" /><ent r="3" t="8" w="245" /><ent r="3" t="8" w="263" /><ent r="3" t="8" w="325" /><ent r="3" t="8" w="341" /><ent r="3" t="8" w="366" /><ent r="3" t="8" w="387" /><ent r="3" t="8" w="582" /><ent r="3" t="8" w="596" /><ent r="4" t="8" w="644" /><ent r="4" t="8" w="659" /><ent r="4" t="8" w="671" /><ent r="4" t="8" w="719" /><ent r="4" t="8" w="730" /><ent r="4" t="8" w="744" /><ent r="4" t="8" w="759" /><ent r="3" t="9" w="30" /><ent r="3" t="10" w="43" /><ent r="3" t="10" w="103" /><ent r="3" t="10" w="112" /><ent r="3" t="10" w="157" /><ent r="3" t="10" w="170" /><ent r="3" t="10" w="193" /><ent r="3" t="10" w="213" /><ent r="3" t="10" w="224" /><ent r="3" t="10" w="244" /><ent r="3" t="10" w="328" /><ent r="3" t="10" w="348" /><ent r="3" t="10" w="386" /><ent r="3" t="10" w="406" /><ent r="3" t="10" w="425" /><ent r="3" t="11" w="39" /><ent r="3" t="11" w="48" /><ent r="3" t="11" w="61" /><ent r="3" t="11" w="72" /><ent r="3" t="11" w="125" /><ent r="4" t="11" w="142" /><ent r="4" t="11" w="157" /><ent r="5" t="11" w="214" /><ent r="5" t="11" w="224" /><ent r="5" t="11" w="233" /><ent r="5" t="11" w="236" /><ent r="5" t="11" w="245" /><ent r="5" t="11" w="254" /><ent r="5" t="11" w="265" /><ent r="5" t="11" w="279" /><ent r="5" t="11" w="295" /><ent r="5" t="11" w="305" /><ent r="3" t="11" w="439" /><ent r="4" t="11" w="494" /><ent r="4" t="11" w="523" /><ent r="4" t="11" w="536" /><ent r="3" t="12" w="24" /><ent r="3" t="12" w="34" /><ent r="3" t="12" w="74" /><ent r="3" t="12" w="82" /><ent r="3" t="12" w="92" /><ent r="3" t="12" w="97" /><ent r="3" t="12" w="124" /><ent r="3" t="12" w="131" /><ent r="3" t="13" w="29" /><ent r="3" t="13" w="39" /><ent r="3" t="13" w="45" /><ent r="3" t="13" w="97" /><ent r="5" t="13" w="143" /><ent r="5" t="13" w="153" /><ent r="5" t="13" w="170" /><ent r="5" t="13" w="182" /><ent r="5" t="13" w="195" /><ent r="5" t="13" w="209" /><ent r="5" t="13" w="234" /><ent r="5" t="13" w="244" /><ent r="5" t="13" w="275" /><ent r="3" t="13" w="296" /><ent r="5" t="13" w="321" /><ent r="5" t="13" w="331" /><ent r="5" t="13" w="338" /><ent r="5" t="13" w="376" /><ent r="5" t="13" w="380" /><ent r="5" t="13" w="396" /><ent r="5" t="13" w="415" /><ent r="5" t="13" w="428" /><ent r="3" t="13" w="450" /><ent r="3" t="13" w="475" /><ent r="3" t="13" w="492" /><ent r="3" t="13" w="502" /><ent r="3" t="13" w="534" /><ent r="3" t="13" w="596" /><ent r="3" t="13" w="619" /><ent r="5" t="13" w="647" /><ent r="5" t="13" w="657" /><ent r="5" t="13" w="668" /><ent r="5" t="13" w="677" /><ent r="5" t="13" w="685" /><ent r="5" t="13" w="694" /><ent r="5" t="13" w="715" /><ent r="5" t="13" w="719" /><ent r="5" t="13" w="745" /><ent r="5" t="13" w="765" /><ent r="5" t="13" w="772" /><ent r="5" t="13" w="779" /><ent r="5" t="13" w="932" /><ent r="3" t="13" w="981" /><ent r="5" t="13" w="1010" /><ent r="5" t="13" w="1025" /><ent r="5" t="13" w="1039" /><ent r="5" t="13" w="1054" /><ent r="5" t="13" w="1065" /><ent r="5" t="13" w="1076" /><ent r="5" t="13" w="1093" /><ent r="5" t="13" w="1105" /><ent r="5" t="13" w="1122" /><ent r="5" t="13" w="1133" /><ent r="5" t="13" w="1147" /><ent r="5" t="13" w="1161" /><ent r="5" t="13" w="1180" /><ent r="5" t="13" w="1196" /><ent r="5" t="13" w="1207" /><ent r="5" t="13" w="1220" /><ent r="5" t="13" w="1253" /><ent r="5" t="13" w="1270" /><ent r="5" t="13" w="1297" /><ent r="5" t="13" w="1307" /><ent r="5" t="13" w="1314" /><ent r="5" t="13" w="1334" /><ent r="5" t="13" w="1338" /><ent r="3" t="13" w="1359" /><ent r="5" t="13" w="1393" /><ent r="5" t="13" w="1423" /><ent r="5" t="13" w="1461" /><ent r="5" t="13" w="1473" /><ent r="3" t="13" w="1498" /><ent r="3" t="13" w="1524" /><ent r="3" t="13" w="1560" /><ent r="3" t="13" w="1572" /><ent r="4" t="13" w="1601" /><ent r="4" t="13" w="1627" /><ent r="4" t="13" w="1652" /><ent r="3" t="13" w="1762" /><ent r="3" t="13" w="1859" /><ent r="3" t="13" w="1872" /><ent r="3" t="13" w="2067" /><ent r="3" t="13" w="2136" /><ent r="3" t="13" w="2194" /><ent r="3" t="13" w="2204" /><ent r="3" t="13" w="2262" /><ent r="3" t="13" w="2384" /><ent r="3" t="13" w="2402" /><ent r="3" t="13" w="2441" /><ent r="3" t="13" w="2462" /><ent r="3" t="13" w="2477" /><ent r="3" t="13" w="2493" /><ent r="3" t="13" w="2522" /><ent r="3" t="14" w="20" /><ent r="3" t="14" w="31" /><ent r="3" t="14" w="49" /><ent r="3" t="14" w="83" /><ent r="3" t="14" w="91" /><ent r="3" t="14" w="127" /><ent r="3" t="14" w="219" /><ent r="3" t="14" w="239" /><ent r="3" t="14" w="264" /><ent r="3" t="14" w="276" /><ent r="3" t="14" w="295" /><ent r="3" t="14" w="304" /><ent r="3" t="14" w="337" /><ent r="3" t="14" w="345" /><ent r="3" t="14" w="369" /><ent r="3" t="14" w="384" /><ent r="3" t="14" w="393" /><ent r="3" t="14" w="408" /><ent r="3" t="14" w="424" /><ent r="3" t="14" w="430" /><ent r="3" t="14" w="443" /><ent r="3" t="14" w="476" /><ent r="3" t="14" w="489" /><ent r="3" t="14" w="625" /><ent r="3" t="14" w="730" /><ent r="3" t="14" w="746" /><ent r="3" t="14" w="749" /><ent r="3" t="14" w="768" /><ent r="3" t="14" w="832" /><ent r="3" t="14" w="851" /><ent r="3" t="14" w="881" /><ent r="3" t="14" w="907" /><ent r="3" t="14" w="928" /><ent r="3" t="14" w="976" /><ent r="3" t="14" w="996" /><ent r="3" t="14" w="1046" /><ent r="3" t="15" w="67" /><ent r="3" t="15" w="85" /><ent r="3" t="15" w="111" /><ent r="4" t="15" w="170" /><ent r="4" t="15" w="190" /><ent r="4" t="15" w="228" /><ent r="4" t="15" w="254" /><ent r="3" t="15" w="274" /><ent r="4" t="15" w="303" /><ent r="4" t="15" w="320" /><ent r="4" t="15" w="331" /><ent r="4" t="15" w="349" /><ent r="3" t="15" w="383" /><ent r="3" t="15" w="540" /><ent r="3" t="15" w="558" /><ent r="3" t="15" w="579" /><ent r="3" t="15" w="608" /><ent r="3" t="15" w="708" /><ent r="3" t="15" w="765" /><ent r="3" t="15" w="779" /><ent r="3" t="15" w="791" /><ent r="3" t="15" w="827" /><ent r="3" t="15" w="840" /><ent r="4" t="15" w="933" /><ent r="4" t="15" w="952" /><ent r="4" t="15" w="970" /><ent r="3" t="16" w="37" /><ent r="3" t="16" w="76" /><ent r="3" t="16" w="96" /><ent r="3" t="16" w="124" /><ent r="4" t="16" w="164" /><ent r="4" t="16" w="176" /><ent r="4" t="16" w="202" /><ent r="4" t="16" w="227" /><ent r="4" t="16" w="270" /><ent r="6" t="16" w="305" /><ent r="6" t="16" w="315" /><ent r="6" t="16" w="329" /><ent r="6" t="16" w="357" /><ent r="6" t="16" w="410" /><ent r="6" t="16" w="422" /><ent r="6" t="16" w="435" /><ent r="6" t="16" w="453" /><ent r="6" t="16" w="459" /><ent r="6" t="16" w="477" /><ent r="6" t="16" w="520" /><ent r="6" t="16" w="543" /><ent r="6" t="16" w="556" /><ent r="6" t="16" w="573" /><ent r="6" t="16" w="588" /><ent r="6" t="16" w="627" /><ent r="4" t="16" w="740" /><ent r="4" t="16" w="751" /><ent r="4" t="16" w="769" /><ent r="4" t="16" w="788" /><ent r="4" t="16" w="801" /><ent r="4" t="16" w="836" /><ent r="3" t="16" w="900" /><ent r="4" t="16" w="996" /><ent r="4" t="16" w="1008" /><ent r="4" t="16" w="1042" /><ent r="4" t="16" w="1058" /><ent r="4" t="16" w="1129" /><ent r="3" t="16" w="1179" /><ent r="4" t="16" w="1199" /><ent r="4" t="16" w="1226" /><ent r="4" t="16" w="1239" /><ent r="4" t="16" w="1246" /><ent r="4" t="16" w="1266" /><ent r="3" t="16" w="1287" /><ent r="4" t="16" w="1332" /><ent r="4" t="16" w="1354" /><ent r="4" t="16" w="1411" /><ent r="3" t="16" w="1433" /><ent r="3" t="16" w="1450" /><ent r="3" t="16" w="1479" /><ent r="3" t="16" w="1499" /><ent r="3" t="16" w="1533" /><ent r="3" t="16" w="1544" /><ent r="3" t="16" w="1555" /><ent r="3" t="16" w="1578" /><ent r="3" t="16" w="1601" /><ent r="3" t="16" w="1636" /><ent r="3" t="16" w="1651" /><ent r="4" t="16" w="1734" /><ent r="3" t="16" w="1787" /><ent r="3" t="16" w="1809" /><ent r="3" t="16" w="1846" /><ent r="3" t="16" w="1874" /><ent r="3" t="16" w="2000" /><ent r="3" t="17" w="40" /><ent r="3" t="17" w="66" /><ent r="3" t="17" w="260" /><ent r="3" t="17" w="285" /><ent r="3" t="17" w="294" /><ent r="3" t="17" w="321" /><ent r="3" t="17" w="336" /><ent r="3" t="17" w="371" /><ent r="4" t="17" w="412" /><ent r="4" t="17" w="424" /><ent r="4" t="17" w="433" /><ent r="3" t="18" w="22" /><ent r="3" t="18" w="41" /><ent r="3" t="18" w="61" /><ent r="3" t="18" w="85" /><ent r="3" t="18" w="94" /><ent r="3" t="18" w="114" /><ent r="3" t="18" w="136" /><ent r="4" t="18" w="185" /><ent r="4" t="18" w="197" /><ent r="4" t="18" w="220" /><ent r="4" t="18" w="243" /><ent r="4" t="18" w="270" /><ent r="3" t="18" w="288" /><ent r="3" t="18" w="334" /><ent r="3" t="18" w="355" /><ent r="3" t="18" w="379" /><ent r="3" t="18" w="387" /><ent r="3" t="18" w="401" /><ent r="3" t="18" w="408" /><ent r="3" t="18" w="436" /><ent r="3" t="18" w="450" /><ent r="3" t="18" w="467" /><ent r="3" t="18" w="479" /><ent r="3" t="18" w="508" /><ent r="3" t="18" w="545" /><ent r="3" t="18" w="723" /><ent r="3" t="18" w="740" /><ent r="3" t="18" w="755" /><ent r="4" t="18" w="762" /><ent r="4" t="18" w="783" /><ent r="4" t="18" w="800" /><ent r="4" t="18" w="816" /><ent r="4" t="18" w="829" /><ent r="4" t="18" w="835" /><ent r="4" t="18" w="852" /><ent r="4" t="18" w="872" /><ent r="4" t="18" w="886" /><ent r="4" t="18" w="896" /><ent r="4" t="18" w="908" /><ent r="4" t="18" w="919" /><ent r="3" t="18" w="939" /><ent r="3" t="18" w="954" /><ent r="3" t="18" w="968" /><ent r="3" t="18" w="983" /><ent r="3" t="18" w="1001" /><ent r="3" t="18" w="1018" /><ent r="3" t="18" w="1157" /><ent r="3" t="18" w="1169" /><ent r="3" t="18" w="1191" /><ent r="3" t="18" w="1206" /><ent r="3" t="18" w="1232" /><ent r="3" t="18" w="1275" /><ent r="3" t="18" w="1307" /><ent r="3" t="18" w="1322" /><ent r="3" t="18" w="1455" /><ent r="3" t="18" w="1506" /><ent r="3" t="18" w="1524" /><ent r="3" t="18" w="1539" /><ent r="3" t="18" w="1553" /><ent r="4" t="18" w="1632" /><ent r="3" t="18" w="1759" /><ent r="3" t="18" w="1798" /><ent r="3" t="18" w="1815" /><ent r="4" t="18" w="1873" /><ent r="4" t="18" w="1885" /><ent r="4" t="18" w="1896" /><ent r="4" t="18" w="1908" /><ent r="4" t="18" w="1922" /><ent r="4" t="18" w="1944" /><ent r="3" t="19" w="58" /><ent r="3" t="19" w="71" /><ent r="3" t="19" w="94" /><ent r="3" t="19" w="114" /><ent r="3" t="19" w="125" /><ent r="3" t="19" w="145" /><ent r="3" t="19" w="220" /><ent r="3" t="19" w="277" /><ent r="3" t="19" w="287" /><ent r="3" t="19" w="316" /><ent r="3" t="19" w="389" /><ent r="3" t="19" w="432" /><ent r="3" t="20" w="39" /><ent r="3" t="20" w="60" /><ent r="3" t="20" w="96" /><ent r="3" t="20" w="106" /><ent r="3" t="20" w="123" /><ent r="3" t="20" w="143" /><ent r="3" t="20" w="151" /><ent r="3" t="20" w="161" /><ent r="4" t="20" w="249" /><ent r="4" t="20" w="270" /><ent r="3" t="20" w="291" /><ent r="3" t="20" w="308" /><ent r="3" t="20" w="323" /><ent r="3" t="20" w="347" /><ent r="3" t="20" w="362" /><ent r="3" t="20" w="383" /><ent r="3" t="20" w="406" /><ent r="3" t="20" w="432" /><ent r="3" t="20" w="447" /><ent r="3" t="20" w="473" /><ent r="3" t="20" w="480" /><ent r="3" t="20" w="495" /><ent r="3" t="20" w="513" /><ent r="3" t="20" w="525" /><ent r="4" t="20" w="566" /><ent r="4" t="20" w="583" /><ent r="4" t="20" w="605" /><ent r="4" t="20" w="625" /><ent r="4" t="20" w="649" /><ent r="3" t="20" w="669" /><ent r="3" t="20" w="696" /><ent r="3" t="20" w="713" /><ent r="3" t="20" w="738" /><ent r="3" t="20" w="751" /><ent r="3" t="20" w="769" /><ent r="3" t="20" w="787" /><ent r="3" t="20" w="809" /><ent r="4" t="20" w="872" /><ent r="3" t="20" w="905" /><ent r="3" t="20" w="920" /><ent r="4" t="21" w="103" /><ent r="4" t="21" w="127" /><ent r="4" t="21" w="148" /><ent r="4" t="21" w="184" /><ent r="4" t="21" w="194" /><ent r="4" t="21" w="215" /><ent r="4" t="21" w="235" /><ent r="4" t="21" w="248" /><ent r="4" t="21" w="266" /><ent r="4" t="21" w="334" /><ent r="4" t="21" w="342" /><ent r="4" t="21" w="384" /><ent r="4" t="21" w="403" /><ent r="4" t="21" w="445" /><ent r="3" t="21" w="479" /><ent r="4" t="21" w="519" /><ent r="3" t="21" w="536" /><ent r="3" t="21" w="559" /><ent r="3" t="21" w="627" /><ent r="4" t="21" w="653" /><ent r="4" t="21" w="680" /><ent r="4" t="21" w="731" /><ent r="4" t="21" w="752" /><ent r="4" t="21" w="784" /><ent r="4" t="21" w="797" /><ent r="4" t="21" w="820" /><ent r="3" t="21" w="878" /><ent r="3" t="21" w="899" /><ent r="3" t="21" w="942" /><ent r="3" t="21" w="957" /><ent r="3" t="21" w="972" /><ent r="3" t="21" w="982" /><ent r="3" t="21" w="1017" /><ent r="3" t="21" w="1065" /><ent r="3" t="21" w="1076" /><ent r="3" t="21" w="1098" /><ent r="3" t="21" w="1137" /><ent r="3" t="21" w="1155" /><ent r="3" t="21" w="1213" /><ent r="3" t="22" w="70" /><ent r="3" t="22" w="113" /><ent r="3" t="22" w="125" /><ent r="3" t="22" w="137" /><ent r="3" t="22" w="151" /><ent r="3" t="22" w="238" /><ent r="3" t="23" w="56" /><ent r="3" t="23" w="73" /><ent r="4" t="23" w="99" /><ent r="4" t="23" w="115" /><ent r="4" t="23" w="131" /><ent r="4" t="23" w="190" /><ent r="4" t="23" w="199" /><ent r="4" t="23" w="218" /><ent r="4" t="23" w="242" /><ent r="4" t="23" w="253" /><ent r="4" t="23" w="266" /><ent r="4" t="23" w="276" /><ent r="4" t="23" w="287" /><ent r="4" t="23" w="421" /><ent r="4" t="23" w="439" /><ent r="4" t="23" w="453" /><ent r="4" t="23" w="464" /><ent r="4" t="23" w="502" /><ent r="4" t="23" w="516" /><ent r="4" t="23" w="540" /><ent r="4" t="23" w="553" /><ent r="4" t="23" w="564" /><ent r="4" t="23" w="615" /><ent r="4" t="23" w="648" /><ent r="4" t="23" w="684" /><ent r="4" t="23" w="705" /><ent r="4" t="23" w="727" /><ent r="4" t="23" w="752" /><ent r="4" t="23" w="823" /><ent r="4" t="23" w="877" /><ent r="3" t="23" w="925" /><ent r="3" t="23" w="929" /><ent r="3" t="23" w="1026" /><ent r="3" t="23" w="1085" /><ent r="3" t="23" w="1134" /><ent r="3" t="23" w="1145" /><ent r="3" t="23" w="1175" /><ent r="3" t="23" w="1345" /><ent r="3" t="23" w="1364" /><ent r="3" t="23" w="1398" /><ent r="3" t="23" w="1458" /><ent r="3" t="23" w="1520" /><ent r="3" t="23" w="1582" /><ent r="3" t="23" w="1648" /><ent r="3" t="23" w="1660" /><ent r="4" t="23" w="1772" /><ent r="4" t="23" w="1781" /><ent r="4" t="23" w="1798" /><ent r="4" t="23" w="1801" /><ent r="4" t="23" w="1804" /><ent r="4" t="23" w="1824" /><ent r="3" t="23" w="1844" /><ent r="3" t="23" w="1854" /><ent r="3" t="23" w="1908" /><ent r="3" t="23" w="1917" /><ent r="3" t="23" w="1928" /><ent r="3" t="23" w="1985" /><ent r="3" t="23" w="2204" /><ent r="3" t="23" w="2220" /><ent r="4" t="23" w="2250" /><ent r="4" t="23" w="2270" /><ent r="4" t="23" w="2292" /><ent r="4" t="23" w="2310" /><ent r="3" t="23" w="2376" /><ent r="3" t="23" w="2387" /><ent r="4" t="23" w="2423" /><ent r="4" t="23" w="2456" /><ent r="4" t="23" w="2497" /><ent r="3" t="23" w="2706" /><ent r="3" t="23" w="2734" /><ent r="3" t="23" w="2764" /><ent r="3" t="23" w="2835" /><ent r="3" t="23" w="2835" /><ent r="3" t="23" w="2835" /><ent r="4" t="23" w="2862" /><ent r="4" t="23" w="2872" /><ent r="6" t="23" w="2900" /><ent r="6" t="23" w="2911" /><ent r="6" t="23" w="2934" /><ent r="6" t="23" w="2944" /><ent r="6" t="23" w="2966" /><ent r="6" t="23" w="2988" /><ent r="3" t="23" w="3047" /><ent r="3" t="23" w="3057" /><ent r="3" t="23" w="3067" /><ent r="3" t="24" w="34" /><ent r="3" t="24" w="47" /><ent r="4" t="24" w="120" /><ent r="4" t="24" w="144" /><ent r="4" t="24" w="180" /><ent r="4" t="24" w="197" /><ent r="4" t="24" w="215" /><ent r="4" t="24" w="233" /><ent r="4" t="24" w="241" /><ent r="4" t="24" w="268" /><ent r="4" t="24" w="282" /><ent r="4" t="24" w="300" /><ent r="4" t="24" w="309" /><ent r="4" t="24" w="319" /><ent r="3" t="25" w="27" /><ent r="3" t="25" w="40" /><ent r="3" t="25" w="71" /><ent r="3" t="25" w="75" /><ent r="3" t="25" w="86" /><ent r="3" t="25" w="92" /><ent r="3" t="25" w="156" /><ent r="3" t="25" w="179" /><ent r="3" t="25" w="214" /><ent r="3" t="25" w="228" /><ent r="4" t="25" w="263" /><ent r="4" t="25" w="282" /><ent r="3" t="25" w="308" /><ent r="3" t="25" w="317" /><ent r="3" t="25" w="434" /><ent r="3" t="25" w="463" /><ent r="3" t="25" w="486" /><ent r="4" t="25" w="542" /><ent r="4" t="25" w="563" /><ent r="4" t="25" w="586" /><ent r="4" t="25" w="600" /><ent r="4" t="25" w="609" /><ent r="4" t="25" w="619" /><ent r="3" t="25" w="645" /><ent r="3" t="25" w="667" /><ent r="3" t="25" w="685" /><ent r="3" t="25" w="695" /><ent r="3" t="25" w="710" /><ent r="3" t="25" w="738" /><ent r="3" t="25" w="780" /><ent r="3" t="25" w="798" /><ent r="3" t="25" w="816" /><ent r="3" t="25" w="844" /><ent r="3" t="25" w="875" /><ent r="3" t="25" w="895" /><ent r="3" t="25" w="924" /><ent r="3" t="25" w="937" /><ent r="3" t="25" w="1005" /><ent r="3" t="25" w="1015" /><ent r="3" t="25" w="1020" /><ent r="3" t="25" w="1049" /><ent r="3" t="25" w="1088" /><ent r="3" t="26" w="39" /><ent r="3" t="26" w="79" /><ent r="3" t="26" w="163" /><ent r="3" t="26" w="177" /><ent r="3" t="26" w="201" /><ent r="3" t="26" w="221" /><ent r="3" t="26" w="233" /><ent r="3" t="26" w="252" /><ent r="3" t="26" w="280" /><ent r="3" t="26" w="301" /><ent r="3" t="26" w="315" /><ent r="3" t="26" w="320" /><ent r="3" t="26" w="333" /><ent r="3" t="26" w="366" /><ent r="3" t="26" w="378" /><ent r="3" t="26" w="414" /><ent r="3" t="27" w="55" /><ent r="3" t="27" w="76" /><ent r="3" t="27" w="109" /><ent r="3" t="27" w="141" /><ent r="3" t="27" w="182" /><ent r="3" t="27" w="203" /><ent r="3" t="27" w="222" /><ent r="3" t="27" w="240" /><ent r="3" t="27" w="256" /><ent r="3" t="27" w="287" /><ent r="3" t="27" w="298" /><ent r="3" t="27" w="315" /><ent r="3" t="27" w="336" /><ent r="3" t="27" w="343" /><ent r="3" t="27" w="364" /><ent r="3" t="28" w="47" /><ent r="4" t="28" w="82" /><ent r="4" t="28" w="95" /><ent r="4" t="28" w="113" /><ent r="4" t="28" w="129" /><ent r="4" t="28" w="149" /><ent r="3" t="28" w="171" /><ent r="3" t="28" w="200" /><ent r="4" t="28" w="241" /><ent r="4" t="28" w="253" /><ent r="4" t="28" w="292" /><ent r="4" t="28" w="345" /><ent r="4" t="28" w="360" /><ent r="4" t="28" w="376" /><ent r="4" t="28" w="385" /><ent r="4" t="28" w="407" /><ent r="3" t="28" w="491" /><ent r="3" t="28" w="532" /><ent r="3" t="28" w="545" /><ent r="3" t="28" w="603" /><ent r="3" t="28" w="618" /><ent r="3" t="28" w="628" /><ent r="3" t="28" w="746" /><ent r="3" t="28" w="761" /><ent r="4" t="28" w="822" /><ent r="3" t="28" w="844" /><ent r="3" t="28" w="882" /><ent r="3" t="28" w="895" /><ent r="3" t="28" w="951" /><ent r="3" t="28" w="1028" /><ent r="3" t="29" w="39" /><ent r="3" t="29" w="54" /><ent r="3" t="30" w="30" /><ent r="3" t="30" w="37" /><ent r="4" t="30" w="250" /><ent r="4" t="30" w="265" /><ent r="4" t="30" w="303" /><ent r="4" t="30" w="319" /><ent r="3" t="30" w="333" /><ent r="3" t="31" w="19" /><ent r="3" t="31" w="42" /><ent r="3" t="31" w="54" /><ent r="3" t="31" w="77" /><ent r="3" t="31" w="177" /><ent r="3" t="31" w="195" /><ent r="3" t="31" w="215" /><ent r="3" t="31" w="229" /><ent r="3" t="31" w="266" /><ent r="3" t="31" w="286" /><ent r="3" t="31" w="311" /><ent r="3" t="31" w="326" /><ent r="3" t="31" w="1138" /><ent r="3" t="31" w="1155" /><ent r="3" t="31" w="1176" /><ent r="3" t="32" w="32" /><ent r="3" t="32" w="45" /><ent r="3" t="32" w="66" /><ent r="3" t="33" w="37" /><ent r="3" t="33" w="53" /><ent r="3" t="33" w="84" /><ent r="3" t="33" w="100" /><ent r="3" t="33" w="119" /><ent r="3" t="33" w="137" /><ent r="3" t="33" w="161" /><ent r="3" t="33" w="180" /><ent r="4" t="33" w="209" /><ent r="4" t="33" w="226" /><ent r="4" t="33" w="237" /><ent r="4" t="33" w="255" /><ent r="4" t="33" w="302" /><ent r="4" t="33" w="326" /><ent r="4" t="33" w="354" /><ent r="4" t="33" w="366" /><ent r="3" t="33" w="395" /><ent r="3" t="33" w="419" /><ent r="64" t="33" w="435" /><ent r="3" t="33" w="475" /><ent r="3" t="33" w="495" /><ent r="3" t="33" w="510" /><ent r="3" t="33" w="556" /><ent r="3" t="33" w="576" /><ent r="3" t="33" w="591" /><ent r="3" t="33" w="605" /><ent r="3" t="33" w="625" /><ent r="3" t="33" w="636" /><ent r="3" t="33" w="654" /><ent r="3" t="33" w="678" /><ent r="3" t="33" w="690" /><ent r="3" t="33" w="715" /><ent r="3" t="33" w="735" /><ent r="3" t="33" w="754" /><ent r="3" t="33" w="840" /><ent r="3" t="33" w="863" /><ent r="3" t="33" w="882" /><ent r="3" t="33" w="903" /><ent r="3" t="33" w="942" /><ent r="3" t="33" w="956" /><ent r="3" t="33" w="971" /><ent r="3" t="33" w="1025" /><ent r="3" t="33" w="1055" /><ent r="3" t="33" w="1068" /><ent r="3" t="33" w="1086" /><ent r="3" t="33" w="1102" /><ent r="3" t="34" w="43" /><ent r="3" t="34" w="67" /><ent r="3" t="34" w="90" /><ent r="3" t="34" w="118" /><ent r="3" t="34" w="134" /><ent r="3" t="34" w="250" /><ent r="3" t="34" w="271" /><ent r="3" t="34" w="314" /><ent r="4" t="34" w="334" /><ent r="4" t="34" w="353" /><ent r="4" t="34" w="365" /><ent r="4" t="34" w="390" /><ent r="3" t="34" w="443" /><ent r="3" t="34" w="458" /><ent r="3" t="34" w="468" /><ent r="3" t="34" w="478" /><ent r="3" t="34" w="631" /><ent r="3" t="34" w="640" /><ent r="3" t="34" w="644" /><ent r="3" t="34" w="729" /><ent r="3" t="34" w="743" /><ent r="4" t="34" w="778" /><ent r="4" t="34" w="819" /><ent r="4" t="34" w="833" /><ent r="4" t="34" w="858" /><ent r="4" t="34" w="862" /><ent r="3" t="34" w="874" /><ent r="3" t="34" w="887" /><ent r="3" t="34" w="981" /><ent r="3" t="34" w="991" /><ent r="4" t="34" w="1002" /><ent r="3" t="34" w="1044" /><ent r="3" t="34" w="1056" /><ent r="4" t="34" w="1073" /><ent r="4" t="34" w="1109" /><ent r="4" t="34" w="1133" /><ent r="3" t="34" w="1156" /><ent r="4" t="34" w="1175" /><ent r="3" t="34" w="1203" /><ent r="3" t="34" w="1293" /><ent r="4" t="34" w="1324" /><ent r="4" t="34" w="1340" /><ent r="4" t="34" w="1363" /><ent r="3" t="34" w="1400" /><ent r="5" t="34" w="1419" /><ent r="5" t="34" w="1461" /><ent r="3" t="34" w="1484" /><ent r="3" t="34" w="1510" /><ent r="3" t="34" w="1524" /><ent r="3" t="34" w="1541" /><ent r="3" t="34" w="1554" /><ent r="3" t="34" w="1583" /><ent r="3" t="34" w="1607" /><ent r="3" t="34" w="1616" /><ent r="4" t="34" w="1644" /><ent r="4" t="34" w="1655" /><ent r="3" t="34" w="1681" /><ent r="3" t="34" w="1736" /><ent r="3" t="34" w="1743" /><ent r="4" t="34" w="1776" /><ent r="3" t="35" w="38" /><ent r="3" t="35" w="50" /><ent r="3" t="36" w="93" /><ent r="3" t="36" w="123" /><ent r="3" t="36" w="206" /><ent r="3" t="36" w="234" /><ent r="5" t="36" w="254" /><ent r="4" t="36" w="272" /><ent r="5" t="36" w="293" /><ent r="4" t="36" w="318" /><ent r="4" t="36" w="351" /><ent r="4" t="36" w="361" /><ent r="4" t="36" w="414" /><ent r="4" t="36" w="436" /><ent r="4" t="36" w="448" /><ent r="4" t="36" w="465" /><ent r="4" t="36" w="478" /><ent r="3" t="36" w="502" /><ent r="4" t="36" w="534" /><ent r="4" t="36" w="551" /><ent r="4" t="36" w="569" /><ent r="4" t="36" w="582" /><ent r="4" t="36" w="621" /><ent r="4" t="36" w="660" /><ent r="4" t="36" w="699" /><ent r="4" t="36" w="714" /><ent r="4" t="36" w="744" /><ent r="3" t="36" w="756" /><ent r="4" t="36" w="813" /><ent r="4" t="36" w="834" /><ent r="4" t="36" w="881" /><ent r="4" t="36" w="901" /><ent r="4" t="36" w="918" /><ent r="3" t="36" w="955" /><ent r="3" t="36" w="970" /><ent r="3" t="36" w="982" /><ent r="3" t="36" w="1037" /><ent r="3" t="36" w="1053" /><ent r="3" t="36" w="1077" /><ent r="3" t="36" w="1093" /><ent r="3" t="36" w="1105" /><ent r="3" t="36" w="1123" /><ent r="3" t="36" w="1168" /><ent r="3" t="36" w="1188" /><ent r="3" t="36" w="1226" /><ent r="4" t="36" w="1248" /><ent r="3" t="36" w="1272" /><ent r="3" t="36" w="1288" /><ent r="3" t="36" w="1332" /><ent r="3" t="36" w="1356" /><ent r="3" t="36" w="1374" /><ent r="3" t="36" w="1384" /><ent r="3" t="36" w="1398" /><ent r="3" t="36" w="1405" /><ent r="3" t="36" w="1437" /><ent r="3" t="36" w="1452" /><ent r="3" t="36" w="1470" /><ent r="3" t="36" w="1530" /><ent r="3" t="36" w="1547" /><ent r="3" t="36" w="1579" /><ent r="3" t="36" w="1617" /><ent r="3" t="36" w="1622" /><ent r="3" t="36" w="1650" /><ent r="3" t="36" w="1671" /><ent r="3" t="36" w="1710" /><ent r="3" t="36" w="1720" /><ent r="3" t="36" w="1780" /><ent r="3" t="36" w="1817" /><ent r="5" t="36" w="1848" /><ent r="3" t="36" w="1881" /><ent r="4" t="36" w="1895" /><ent r="4" t="36" w="1915" /><ent r="4" t="36" w="1940" /><ent r="4" t="36" w="1957" /><ent r="4" t="36" w="1966" /><ent r="4" t="36" w="1974" /><ent r="3" t="36" w="2002" /><ent r="3" t="36" w="2016" /><ent r="3" t="36" w="2049" /><ent r="3" t="36" w="2067" /><ent r="3" t="36" w="2078" /><ent r="3" t="36" w="2105" /><ent r="3" t="36" w="2123" /><ent r="3" t="36" w="2149" /><ent r="3" t="36" w="2176" /><ent r="4" t="36" w="2202" /><ent r="4" t="36" w="2228" /><ent r="4" t="36" w="2251" /><ent r="4" t="36" w="2277" /><ent r="4" t="36" w="2303" /><ent r="3" t="36" w="2340" /><ent r="3" t="36" w="2375" /><ent r="3" t="36" w="2385" /><ent r="3" t="36" w="2410" /><ent r="3" t="36" w="2427" /><ent r="3" t="36" w="2436" /><ent r="3" t="36" w="2479" /><ent r="3" t="36" w="2493" /><ent r="3" t="36" w="2517" /><ent r="3" t="36" w="2541" /><ent r="3" t="36" w="2552" /><ent r="3" t="36" w="2570" /><ent r="4" t="36" w="2588" /><ent r="4" t="36" w="2634" /><ent r="3" t="36" w="2639" /><ent r="3" t="36" w="2685" /><ent r="4" t="36" w="2716" /><ent r="3" t="36" w="2734" /><ent r="3" t="36" w="2739" /><ent r="3" t="36" w="2784" /><ent r="3" t="36" w="2816" /><ent r="3" t="36" w="2821" /><ent r="3" t="36" w="2854" /><ent r="4" t="36" w="2869" /><ent r="4" t="36" w="2887" /><ent r="3" t="36" w="2892" /><ent r="3" t="36" w="2926" /><ent r="3" t="36" w="2940" /><ent r="3" t="36" w="2955" /><ent r="3" t="36" w="2971" /><ent r="3" t="36" w="2982" /><ent r="3" t="36" w="2991" /><ent r="3" t="36" w="3040" /><ent r="4" t="36" w="3072" /><ent r="3" t="36" w="3077" /><ent r="3" t="36" w="3108" /><ent r="3" t="36" w="3178" /><ent r="3" t="36" w="3197" /><ent r="3" t="36" w="3215" /><ent r="3" t="36" w="3243" /><ent r="3" t="36" w="3273" /><ent r="3" t="36" w="3295" /><ent r="3" t="36" w="3316" /><ent r="3" t="36" w="3353" /><ent r="3" t="36" w="3377" /><ent r="3" t="36" w="3386" /><ent r="3" t="36" w="3397" /><ent r="3" t="36" w="3446" /><ent r="3" t="36" w="3464" /><ent r="3" t="36" w="3495" /><ent r="4" t="36" w="3514" /><ent r="4" t="36" w="3529" /><ent r="3" t="36" w="3557" /><ent r="3" t="36" w="3562" /><ent r="3" t="36" w="3586" /><ent r="3" t="36" w="3590" /><ent r="4" t="36" w="3598" /><ent r="3" t="36" w="3603" /><ent r="3" t="36" w="3628" /><ent r="4" t="36" w="3655" /><ent r="4" t="36" w="3671" /><ent r="3" t="36" w="3676" /><ent r="3" t="36" w="3700" /><ent r="3" t="36" w="3719" /><ent r="3" t="36" w="3742" /><ent r="3" t="36" w="3767" /><ent r="3" t="36" w="3789" /><ent r="3" t="36" w="3809" /><ent r="3" t="36" w="3829" /><ent r="3" t="36" w="3842" /><ent r="3" t="36" w="3862" /><ent r="3" t="36" w="4041" /><ent r="3" t="36" w="4082" /><ent r="3" t="36" w="4097" /><ent r="3" t="36" w="4140" /><ent r="3" t="36" w="4162" /><ent r="3" t="36" w="4190" /><ent r="3" t="36" w="4237" /><ent r="3" t="36" w="4259" /><ent r="3" t="36" w="4277" /><ent r="3" t="36" w="4306" /><ent r="3" t="36" w="4322" /><ent r="3" t="36" w="4354" /><ent r="3" t="36" w="4392" /><ent r="3" t="36" w="4416" /><ent r="3" t="36" w="4427" /><ent r="3" t="36" w="4450" /><ent r="3" t="36" w="4489" /><ent r="3" t="36" w="4517" /><ent r="3" t="36" w="4536" /><ent r="3" t="36" w="4555" /><ent r="3" t="36" w="4591" /><ent r="3" t="36" w="4609" /><ent r="3" t="36" w="4639" /><ent r="3" t="37" w="45" /><ent r="3" t="37" w="50" /><ent r="3" t="37" w="76" /><ent r="3" t="37" w="83" /><ent r="5" t="37" w="116" /><ent r="5" t="37" w="140" /><ent r="3" t="37" w="159" /><ent r="5" t="37" w="172" /><ent r="5" t="37" w="198" /><ent r="3" t="37" w="220" /><ent r="3" t="37" w="238" /><ent r="3" t="37" w="264" /><ent r="3" t="37" w="301" /><ent r="3" t="37" w="320" /><ent r="4" t="37" w="337" /><ent r="4" t="37" w="350" /><ent r="4" t="37" w="360" /><ent r="4" t="37" w="381" /><ent r="4" t="37" w="420" /><ent r="3" t="38" w="81" /><ent r="3" t="38" w="107" /><ent r="3" t="38" w="119" /><ent r="3" t="38" w="206" /><ent r="3" t="38" w="237" /><ent r="3" t="38" w="256" /><ent r="3" t="38" w="292" /><ent r="3" t="38" w="311" /><ent r="3" t="38" w="351" /><ent r="3" t="38" w="370" /><ent r="3" t="38" w="389" /><ent r="3" t="38" w="408" /><ent r="3" t="38" w="425" /><ent r="3" t="38" w="582" /><ent r="3" t="39" w="63" /><ent r="4" t="39" w="145" /><ent r="4" t="39" w="162" /><ent r="4" t="39" w="173" /><ent r="4" t="39" w="191" /><ent r="4" t="39" w="232" /><ent r="4" t="39" w="254" /><ent r="4" t="39" w="270" /><ent r="3" t="39" w="295" /><ent r="3" t="39" w="311" /><ent r="3" t="39" w="337" /><ent r="3" t="39" w="359" /><ent r="3" t="39" w="400" /><ent r="64" t="39" w="413" /><ent r="3" t="39" w="427" /><ent r="3" t="39" w="440" /><ent r="3" t="39" w="462" /><ent r="3" t="39" w="475" /><ent r="3" t="39" w="494" /><ent r="3" t="39" w="510" /><ent r="3" t="39" w="529" /><ent r="3" t="39" w="564" /><ent r="3" t="39" w="575" /><ent r="3" t="39" w="580" /><ent r="3" t="39" w="602" /><ent r="3" t="39" w="637" /><ent r="3" t="39" w="648" /><ent r="4" t="39" w="692" /><ent r="4" t="39" w="708" /><ent r="4" t="39" w="720" /><ent r="4" t="39" w="749" /><ent r="4" t="39" w="785" /><ent r="4" t="39" w="797" /><ent r="4" t="39" w="807" /><ent r="3" t="39" w="872" /><ent r="3" t="39" w="888" /><ent r="3" t="39" w="918" /><ent r="4" t="39" w="952" /><ent r="4" t="39" w="973" /><ent r="4" t="39" w="998" /><ent r="4" t="39" w="1064" /><ent r="4" t="39" w="1079" /><ent r="3" t="39" w="1095" /><ent r="3" t="39" w="1131" /><ent r="3" t="39" w="1193" /><ent r="3" t="39" w="1229" /><ent r="3" t="39" w="1234" /><ent r="3" t="39" w="1258" /><ent r="3" t="39" w="1279" /><ent r="3" t="40" w="31" /><ent r="4" t="40" w="116" /><ent r="4" t="40" w="131" /><ent r="4" t="40" w="149" /><ent r="4" t="40" w="159" /><ent r="4" t="40" w="188" /><ent r="4" t="40" w="206" /><ent r="4" t="40" w="211" /><ent r="4" t="40" w="225" /><ent r="4" t="40" w="239" /><ent r="4" t="40" w="255" /><ent r="4" t="40" w="297" /><ent r="4" t="40" w="310" /><ent r="4" t="40" w="327" /><ent r="4" t="40" w="383" /><ent r="4" t="40" w="391" /><ent r="3" t="40" w="402" /><ent r="3" t="40" w="414" /><ent r="3" t="40" w="432" /><ent r="3" t="40" w="468" /><ent r="3" t="40" w="473" /><ent r="3" t="40" w="488" /><ent r="3" t="40" w="503" /><ent r="3" t="40" w="515" /><ent r="3" t="41" w="39" /><ent r="3" t="41" w="81" /><ent r="3" t="42" w="32" /><ent r="3" t="42" w="52" /><ent r="3" t="42" w="75" /><ent r="3" t="42" w="87" /><ent r="3" t="42" w="149" /><ent r="3" t="42" w="170" /><ent r="3" t="42" w="194" /><ent r="3" t="42" w="324" /><ent r="3" t="42" w="337" /><ent r="3" t="42" w="357" /><ent r="3" t="42" w="389" /><ent r="3" t="42" w="412" /><ent r="3" t="42" w="426" /><ent r="3" t="42" w="444" /><ent r="3" t="42" w="447" /><ent r="3" t="42" w="499" /><ent r="3" t="42" w="528" /><ent r="3" t="42" w="703" /><ent r="3" t="42" w="706" /><ent r="3" t="42" w="757" /><ent r="3" t="42" w="793" /><ent r="3" t="43" w="39" /><ent r="3" t="43" w="64" /><ent r="3" t="43" w="84" /><ent r="3" t="43" w="100" /><ent r="3" t="44" w="30" /><ent r="3" t="44" w="38" /><ent r="3" t="44" w="56" /><ent r="3" t="44" w="96" /><ent r="3" t="44" w="99" /><ent r="3" t="44" w="165" /><ent r="3" t="44" w="236" /><ent r="3" t="44" w="247" /><ent r="3" t="45" w="17" /><ent r="3" t="45" w="32" /><ent r="3" t="45" w="45" /><ent r="3" t="45" w="67" /><ent r="4" t="45" w="169" /><ent r="4" t="45" w="191" /><ent r="3" t="45" w="208" /><ent r="3" t="45" w="219" /><ent r="3" t="45" w="250" /><ent r="3" t="45" w="258" /><ent r="3" t="45" w="261" /><ent r="3" t="45" w="268" /><ent r="3" t="45" w="346" /><ent r="64" t="46" w="42" /><ent r="64" t="46" w="63" /><ent r="3" t="46" w="80" /><ent r="3" t="46" w="98" /><ent r="3" t="46" w="124" /><ent r="3" t="46" w="150" /><ent r="3" t="46" w="188" /><ent r="3" t="46" w="209" /><ent r="3" t="46" w="220" /><ent r="3" t="46" w="230" /><ent r="4" t="46" w="260" /><ent r="4" t="46" w="270" /><ent r="4" t="46" w="296" /><ent r="4" t="46" w="313" /><ent r="4" t="46" w="331" /><ent r="4" t="46" w="346" /><ent r="4" t="46" w="358" /><ent r="3" t="46" w="426" /><ent r="4" t="46" w="454" /><ent r="4" t="46" w="463" /><ent r="6" t="46" w="477" /><ent r="4" t="46" w="489" /><ent r="4" t="46" w="508" /><ent r="4" t="46" w="526" /><ent r="4" t="46" w="562" /><ent r="3" t="46" w="614" /><ent r="3" t="46" w="694" /><ent r="3" t="46" w="711" /><ent r="3" t="46" w="722" /><ent r="4" t="46" w="761" /><ent r="4" t="46" w="780" /><ent r="4" t="46" w="798" /><ent r="4" t="46" w="830" /><ent r="4" t="46" w="859" /><ent r="4" t="46" w="885" /><ent r="4" t="46" w="891" /><ent r="4" t="46" w="905" /><ent r="3" t="47" w="25" /><ent r="3" t="47" w="28" /><ent r="3" t="47" w="73" /><ent r="3" t="47" w="89" /><ent r="3" t="47" w="105" /><ent r="3" t="47" w="125" /><ent r="3" t="47" w="147" /><ent r="3" t="47" w="164" /><ent r="3" t="47" w="175" /><ent r="3" t="48" w="22" /><ent r="3" t="48" w="43" /><ent r="4" t="48" w="73" /><ent r="4" t="48" w="116" /><ent r="3" t="48" w="148" /><ent r="4" t="48" w="202" /><ent r="4" t="48" w="246" /><ent r="4" t="48" w="269" /><ent r="4" t="48" w="283" /><ent r="4" t="48" w="298" /><ent r="4" t="48" w="313" /><ent r="4" t="48" w="346" /><ent r="4" t="48" w="361" /><ent r="4" t="48" w="372" /><ent r="4" t="48" w="387" /><ent r="4" t="48" w="403" /><ent r="4" t="48" w="426" /><ent r="4" t="48" w="441" /><ent r="3" t="48" w="474" /><ent r="3" t="48" w="497" /><ent r="3" t="48" w="509" /><ent r="3" t="48" w="562" /><ent r="3" t="48" w="703" /><ent r="3" t="48" w="844" /><ent r="3" t="48" w="865" /><ent r="3" t="48" w="964" /><ent r="3" t="48" w="973" /><ent r="3" t="49" w="19" /><ent r="3" t="49" w="30" /><ent r="4" t="49" w="64" /><ent r="4" t="49" w="93" /><ent r="4" t="49" w="97" /><ent r="4" t="49" w="110" /><ent r="4" t="49" w="129" /><ent r="4" t="49" w="143" /><ent r="4" t="49" w="166" /><ent r="4" t="49" w="185" /><ent r="4" t="49" w="195" /><ent r="4" t="49" w="206" /><ent r="4" t="49" w="213" /><ent r="4" t="49" w="223" /><ent r="4" t="49" w="256" /><ent r="4" t="49" w="267" /><ent r="4" t="49" w="271" /><ent r="4" t="49" w="303" /><ent r="3" t="50" w="32" /><ent r="3" t="50" w="48" /><ent r="3" t="50" w="68" /><ent r="3" t="50" w="134" /><ent r="3" t="51" w="30" /><ent r="3" t="51" w="48" /><ent r="3" t="51" w="74" /><ent r="3" t="51" w="98" /><ent r="3" t="51" w="122" /><ent r="3" t="52" w="19" /><ent r="3" t="52" w="38" /><ent r="3" t="52" w="53" /><ent r="3" t="52" w="73" /><ent r="3" t="52" w="93" /><ent r="3" t="52" w="116" /><ent r="3" t="52" w="127" /><ent r="3" t="53" w="30" /><ent r="3" t="53" w="35" /><ent r="3" t="53" w="62" /><ent r="3" t="53" w="75" /><ent r="93" t="53" w="202" /><ent r="3" t="53" w="220" /><ent r="4" t="53" w="244" /><ent r="3" t="53" w="266" /><ent r="93" t="53" w="286" /><ent r="3" t="53" w="306" /><ent r="3" t="53" w="403" /><ent r="3" t="53" w="418" /><ent r="3" t="53" w="436" /><ent r="93" t="53" w="452" /><ent r="3" t="53" w="470" /><ent r="3" t="53" w="482" /><ent r="3" t="53" w="541" /><ent r="3" t="53" w="562" /><ent r="3" t="53" w="570" /><ent r="3" t="53" w="588" /><ent r="3" t="54" w="67" /><ent r="3" t="54" w="75" /><ent r="3" t="54" w="91" /><ent r="3" t="54" w="108" /><ent r="4" t="54" w="263" /><ent r="4" t="54" w="274" /><ent r="3" t="54" w="369" /><ent r="3" t="54" w="382" /><ent r="3" t="54" w="410" /><ent r="3" t="54" w="434" /><ent r="4" t="54" w="732" /><ent r="4" t="54" w="742" /><ent r="4" t="54" w="795" /><ent r="4" t="54" w="806" /><ent r="3" t="54" w="1160" /><ent r="4" t="54" w="1227" /><ent r="4" t="54" w="1256" /><ent r="3" t="54" w="1279" /><ent r="3" t="54" w="1293" /><ent r="3" t="55" w="35" /><ent r="3" t="55" w="46" /><ent r="3" t="55" w="63" /><ent r="3" t="55" w="79" /><ent r="3" t="55" w="128" /><ent r="3" t="55" w="147" /><ent r="3" t="55" w="278" /><ent r="3" t="55" w="453" /><ent r="3" t="55" w="713" /><ent r="3" t="55" w="731" /><ent r="4" t="55" w="761" /><ent r="4" t="55" w="771" /><ent r="4" t="55" w="775" /><ent r="4" t="55" w="788" /><ent r="4" t="55" w="812" /><ent r="3" t="56" w="53" /><ent r="4" t="56" w="77" /><ent r="4" t="56" w="102" /><ent r="4" t="56" w="114" /><ent r="4" t="56" w="126" /><ent r="3" t="56" w="139" /><ent r="3" t="56" w="154" /><ent r="3" t="56" w="181" /><ent r="3" t="56" w="194" /><ent r="3" t="56" w="209" /><ent r="3" t="56" w="221" /><ent r="3" t="57" w="25" /><ent r="3" t="57" w="135" /><ent r="3" t="57" w="160" /><ent r="3" t="57" w="227" /><ent r="3" t="57" w="252" /><ent r="3" t="57" w="354" /><ent r="3" t="57" w="390" /><ent r="3" t="57" w="453" /><ent r="3" t="57" w="467" /><ent r="3" t="58" w="61" /><ent r="3" t="58" w="100" /><ent r="3" t="58" w="176" /><ent r="3" t="58" w="213" /><ent r="3" t="58" w="238" /><ent r="3" t="58" w="272" /><ent r="3" t="58" w="299" /><ent r="3" t="58" w="323" /><ent r="3" t="58" w="343" /><ent r="3" t="58" w="361" /><ent r="3" t="58" w="385" /><ent r="4" t="59" w="50" /><ent r="4" t="59" w="62" /><ent r="4" t="59" w="127" /><ent r="3" t="60" w="57" /><ent r="3" t="60" w="81" /><ent r="3" t="60" w="127" /><ent r="3" t="60" w="153" /><ent r="3" t="60" w="259" /><ent r="3" t="60" w="262" /><ent r="3" t="60" w="337" /><ent r="4" t="60" w="414" /><ent r="4" t="60" w="434" /><ent r="4" t="60" w="458" /><ent r="3" t="60" w="545" /><ent r="3" t="60" w="1166" /><ent r="3" t="61" w="39" /><ent r="3" t="61" w="68" /><ent r="3" t="61" w="86" /><ent r="3" t="61" w="133" /><ent r="3" t="61" w="154" /><ent r="3" t="63" w="22" /><ent r="3" t="63" w="41" /><ent r="3" t="63" w="54" /><ent r="3" t="63" w="66" /><ent r="3" t="63" w="86" /><ent r="3" t="63" w="103" /><ent r="3" t="63" w="113" /><ent r="3" t="63" w="132" /><ent r="3" t="63" w="181" /><ent r="3" t="63" w="215" /><ent r="3" t="63" w="240" /><ent r="3" t="63" w="310" /><ent r="3" t="63" w="340" /><ent r="3" t="63" w="367" /><ent r="3" t="64" w="42" /><ent r="3" t="64" w="68" /><ent r="3" t="64" w="85" /><ent r="3" t="64" w="107" /><ent r="3" t="64" w="122" /><ent r="3" t="64" w="133" /><ent r="4" t="64" w="207" /><ent r="4" t="64" w="228" /><ent r="4" t="64" w="247" /><ent r="4" t="64" w="261" /><ent r="3" t="64" w="273" /><ent r="3" t="64" w="281" /><ent r="3" t="64" w="293" /><ent r="3" t="64" w="334" /><ent r="4" t="64" w="376" /><ent r="4" t="64" w="382" /><ent r="4" t="64" w="390" /><ent r="4" t="64" w="396" /><ent r="3" t="65" w="30" /><ent r="3" t="65" w="45" /><ent r="3" t="65" w="54" /><ent r="4" t="65" w="85" /><ent r="4" t="65" w="112" /><ent r="4" t="65" w="135" /><ent r="4" t="65" w="153" /><ent r="4" t="65" w="177" /><ent r="3" t="65" w="217" /><ent r="3" t="65" w="240" /><ent r="3" t="65" w="272" /><ent r="4" t="65" w="289" /><ent r="4" t="65" w="309" /><ent r="4" t="65" w="329" /><ent r="4" t="65" w="345" /><ent r="3" t="65" w="427" /><ent r="3" t="65" w="435" /><ent r="3" t="65" w="482" /><ent r="3" t="65" w="503" /><ent r="3" t="65" w="523" /><ent r="3" t="65" w="538" /><ent r="4" t="65" w="564" /><ent r="4" t="65" w="579" /><ent r="4" t="65" w="593" /><ent r="4" t="65" w="607" /><ent r="4" t="65" w="621" /><ent r="4" t="65" w="633" /><ent r="3" t="65" w="661" /><ent r="3" t="65" w="677" /><ent r="3" t="65" w="692" /><ent r="3" t="66" w="35" /><ent r="3" t="66" w="51" /><ent r="3" t="66" w="72" /><ent r="4" t="66" w="186" /><ent r="4" t="66" w="211" /><ent r="4" t="66" w="248" /><ent r="3" t="67" w="28" /><ent r="4" t="67" w="38" /><ent r="3" t="67" w="55" /><ent r="6" t="67" w="85" /><ent r="6" t="67" w="113" /><ent r="6" t="67" w="149" /><ent r="6" t="67" w="164" /><ent r="6" t="67" w="180" /><ent r="6" t="67" w="193" /><ent r="6" t="67" w="211" /><ent r="6" t="67" w="248" /><ent r="6" t="67" w="274" /><ent r="6" t="67" w="296" /><ent r="6" t="67" w="320" /><ent r="6" t="67" w="333" /><ent r="6" t="67" w="396" /><ent r="7" t="67" w="425" /><ent r="7" t="67" w="453" /><ent r="7" t="67" w="487" /><ent r="7" t="67" w="529" /><ent r="7" t="67" w="554" /><ent r="7" t="67" w="598" /><ent r="6" t="67" w="611" /><ent r="6" t="67" w="620" /><ent r="6" t="67" w="632" /><ent r="6" t="67" w="651" /><ent r="6" t="67" w="682" /><ent r="6" t="67" w="703" /><ent r="6" t="67" w="731" /><ent r="6" t="67" w="754" /><ent r="6" t="67" w="801" /><ent r="6" t="67" w="822" /><ent r="3" t="68" w="84" /><ent r="3" t="68" w="102" /><ent r="3" t="68" w="179" /><ent r="4" t="68" w="242" /><ent r="3" t="69" w="27" /><ent r="3" t="69" w="60" /><ent r="3" t="69" w="130" /><ent r="6" t="69" w="156" /><ent r="6" t="69" w="164" /><ent r="3" t="69" w="206" /><ent r="3" t="69" w="219" /><ent r="3" t="69" w="239" /><ent r="6" t="69" w="264" /><ent r="6" t="69" w="289" /><ent r="6" t="69" w="303" /><ent r="7" t="69" w="319" /><ent r="7" t="69" w="333" /><ent r="7" t="69" w="342" /><ent r="6" t="69" w="370" /><ent r="6" t="69" w="383" /><ent r="6" t="69" w="402" /><ent r="6" t="69" w="425" /><ent r="6" t="69" w="442" /><ent r="6" t="69" w="459" /><ent r="6" t="69" w="477" /><ent r="6" t="69" w="506" /><ent r="6" t="69" w="521" /><ent r="6" t="69" w="533" /><ent r="6" t="69" w="548" /><ent r="6" t="69" w="566" /><ent r="6" t="69" w="584" /><ent r="6" t="69" w="628" /><ent r="6" t="69" w="645" /><ent r="6" t="69" w="668" /><ent r="6" t="69" w="684" /><ent r="6" t="69" w="697" /><ent r="6" t="69" w="714" /><ent r="6" t="69" w="734" /><ent r="6" t="69" w="753" /><ent r="6" t="69" w="766" /><ent r="6" t="69" w="779" /><ent r="6" t="69" w="790" /><ent r="6" t="69" w="797" /><ent r="6" t="69" w="804" /><ent r="6" t="69" w="828" /><ent r="6" t="69" w="848" /><ent r="6" t="69" w="865" /><ent r="6" t="69" w="876" /><ent r="6" t="69" w="893" /><ent r="6" t="69" w="905" /><ent r="6" t="69" w="930" /><ent r="6" t="69" w="956" /><ent r="6" t="69" w="983" /><ent r="6" t="69" w="998" /><ent r="6" t="69" w="1016" /><ent r="6" t="69" w="1035" /><ent r="6" t="69" w="1057" /><ent r="6" t="69" w="1069" /><ent r="6" t="69" w="1085" /><ent r="6" t="69" w="1088" /><ent r="6" t="69" w="1118" /><ent r="6" t="69" w="1127" /><ent r="6" t="69" w="1142" /><ent r="6" t="69" w="1148" /><ent r="6" t="69" w="1182" /><ent r="6" t="69" w="1222" /><ent r="6" t="69" w="1240" /><ent r="6" t="69" w="1255" /><ent r="6" t="69" w="1273" /><ent r="6" t="69" w="1294" /><ent r="6" t="69" w="1323" /><ent r="6" t="69" w="1339" /><ent r="6" t="69" w="1391" /><ent r="6" t="69" w="1408" /><ent r="6" t="69" w="1431" /><ent r="6" t="69" w="1442" /><ent r="6" t="69" w="1483" /><ent r="6" t="69" w="1495" /><ent r="6" t="69" w="1548" /><ent r="4" t="69" w="1595" /><ent r="4" t="69" w="1608" /><ent r="3" t="69" w="1633" /><ent r="3" t="69" w="1645" /><ent r="6" t="69" w="1664" /><ent r="6" t="69" w="1698" /><ent r="6" t="69" w="1707" /><ent r="6" t="69" w="1728" /><ent r="5" t="69" w="1747" /><ent r="5" t="69" w="1756" /><ent r="3" t="69" w="1804" /><ent r="3" t="69" w="1810" /><ent r="6" t="69" w="1863" /><ent r="6" t="69" w="1905" /><ent r="6" t="69" w="2016" /><ent r="6" t="69" w="2035" /><ent r="6" t="69" w="2103" /><ent r="6" t="69" w="2192" /><ent r="6" t="69" w="2227" /><ent r="6" t="69" w="2254" /><ent r="6" t="69" w="2272" /><ent r="6" t="69" w="2297" /><ent r="6" t="69" w="2311" /><ent r="6" t="69" w="2323" /><ent r="6" t="69" w="2337" /><ent r="6" t="69" w="2352" /><ent r="6" t="69" w="2367" /><ent r="6" t="69" w="2385" /><ent r="6" t="69" w="2398" /><ent r="6" t="69" w="2458" /><ent r="6" t="69" w="2468" /><ent r="3" t="70" w="47" /><ent r="3" t="70" w="74" /><ent r="3" t="70" w="113" /><ent r="3" t="70" w="128" /><ent r="3" t="70" w="188" /><ent r="3" t="70" w="229" /><ent r="3" t="70" w="249" /><ent r="3" t="70" w="268" /><ent r="3" t="70" w="325" /><ent r="3" t="70" w="400" /><ent r="3" t="71" w="44" /><ent r="4" t="71" w="72" /><ent r="3" t="72" w="39" /><ent r="3" t="72" w="46" /><ent r="3" t="73" w="42" /><ent r="3" t="73" w="57" /><ent r="3" t="73" w="111" /><ent r="3" t="74" w="19" /><ent r="3" t="75" w="19" /><ent r="3" t="76" w="28" /><ent r="3" t="76" w="45" /><ent r="3" t="76" w="57" /><ent r="4" t="76" w="78" /><ent r="4" t="76" w="101" /><ent r="4" t="76" w="124" /><ent r="4" t="76" w="249" /><ent r="3" t="77" w="41" /><ent r="4" t="77" w="70" /><ent r="4" t="77" w="106" /><ent r="4" t="77" w="136" /><ent r="4" t="77" w="143" /><ent r="3" t="77" w="192" /><ent r="3" t="77" w="212" /></phr></stem></index>