<?xml version="1.0" encoding="utf-8"?><index><stem n="snmptrap.ex"><phr n="snmptrap.exe"><ent r="3" t="21" w="1169" /><ent r="3" t="21" w="1168" /></phr></stem><stem n="-v2c"><phr n="-v2c"><ent r="3" t="21" w="1170" /><ent r="3" t="21" w="1170" /></phr></stem><stem n="-c"><phr n="-c"><ent r="3" t="21" w="1171" /><ent r="3" t="21" w="1171" /><ent r="3" t="31" w="437" /><ent r="3" t="31" w="437" /><ent r="3" t="31" w="590" /><ent r="3" t="31" w="590" /><ent r="3" t="31" w="721" /><ent r="3" t="31" w="721" /><ent r="3" t="31" w="831" /><ent r="3" t="31" w="831" /><ent r="3" t="31" w="1019" /><ent r="3" t="31" w="1019" /><ent r="5" t="40" w="364" /><ent r="5" t="40" w="364" /><ent r="3" t="46" w="632" /><ent r="3" t="46" w="632" /><ent r="3" t="47" w="197" /><ent r="3" t="47" w="197" /><ent r="3" t="54" w="133" /><ent r="3" t="54" w="133" /><ent r="5" t="54" w="174" /><ent r="5" t="54" w="174" /><ent r="3" t="54" w="502" /><ent r="3" t="54" w="502" /><ent r="3" t="54" w="559" /><ent r="3" t="54" w="559" /><ent r="3" t="54" w="616" /><ent r="3" t="54" w="616" /><ent r="3" t="54" w="661" /><ent r="3" t="54" w="661" /><ent r="3" t="55" w="103" /><ent r="3" t="55" w="103" /><ent r="3" t="55" w="170" /><ent r="3" t="55" w="170" /></phr></stem><stem n="computernam"><phr n="computername"><ent r="3" t="21" w="1173" /></phr></stem><stem n="''"><phr n="''"><ent r="3" t="21" w="1174" /></phr></stem><stem n="1.3.6.1.4"><phr n="1.3.6.1.4"><ent r="3" t="21" w="1178" /><ent r="3" t="21" w="1174" /><ent r="3" t="21" w="1187" /><ent r="3" t="21" w="1183" /><ent r="3" t="21" w="1322" /><ent r="3" t="21" w="1318" /><ent r="3" t="21" w="1339" /><ent r="3" t="21" w="1335" /><ent r="3" t="21" w="1356" /><ent r="3" t="21" w="1352" /><ent r="3" t="28" w="558" /><ent r="3" t="28" w="554" /><ent r="3" t="28" w="592" /><ent r="3" t="28" w="588" /><ent r="3" t="30" w="79" /><ent r="3" t="30" w="75" /><ent r="3" t="30" w="112" /><ent r="3" t="30" w="108" /><ent r="3" t="30" w="121" /><ent r="3" t="30" w="117" /><ent r="3" t="30" w="131" /><ent r="3" t="30" w="127" /><ent r="4" t="30" w="215" /><ent r="4" t="30" w="211" /><ent r="4" t="30" w="274" /><ent r="4" t="30" w="270" /><ent r="4" t="30" w="284" /><ent r="4" t="30" w="280" /><ent r="3" t="31" w="444" /><ent r="3" t="31" w="440" /><ent r="3" t="31" w="458" /><ent r="3" t="31" w="454" /><ent r="3" t="31" w="475" /><ent r="3" t="31" w="471" /><ent r="3" t="31" w="488" /><ent r="3" t="31" w="484" /><ent r="3" t="31" w="502" /><ent r="3" t="31" w="498" /><ent r="3" t="31" w="517" /><ent r="3" t="31" w="513" /><ent r="3" t="31" w="533" /><ent r="3" t="31" w="529" /><ent r="3" t="31" w="598" /><ent r="3" t="31" w="594" /><ent r="3" t="31" w="605" /><ent r="3" t="31" w="601" /><ent r="3" t="31" w="619" /><ent r="3" t="31" w="615" /><ent r="3" t="31" w="636" /><ent r="3" t="31" w="632" /><ent r="3" t="31" w="649" /><ent r="3" t="31" w="645" /><ent r="3" t="31" w="663" /><ent r="3" t="31" w="659" /><ent r="3" t="31" w="678" /><ent r="3" t="31" w="674" /><ent r="3" t="31" w="694" /><ent r="3" t="31" w="690" /><ent r="3" t="31" w="728" /><ent r="3" t="31" w="724" /><ent r="3" t="31" w="742" /><ent r="3" t="31" w="738" /><ent r="3" t="31" w="759" /><ent r="3" t="31" w="755" /><ent r="3" t="31" w="772" /><ent r="3" t="31" w="768" /><ent r="3" t="31" w="786" /><ent r="3" t="31" w="782" /><ent r="3" t="31" w="801" /><ent r="3" t="31" w="797" /><ent r="3" t="31" w="817" /><ent r="3" t="31" w="813" /><ent r="3" t="31" w="838" /><ent r="3" t="31" w="834" /><ent r="3" t="31" w="852" /><ent r="3" t="31" w="848" /><ent r="3" t="31" w="869" /><ent r="3" t="31" w="865" /><ent r="3" t="31" w="882" /><ent r="3" t="31" w="878" /><ent r="3" t="31" w="896" /><ent r="3" t="31" w="892" /><ent r="3" t="31" w="911" /><ent r="3" t="31" w="907" /><ent r="3" t="31" w="927" /><ent r="3" t="31" w="923" /><ent r="3" t="31" w="942" /><ent r="3" t="31" w="938" /><ent r="3" t="31" w="955" /><ent r="3" t="31" w="951" /><ent r="3" t="31" w="968" /><ent r="3" t="31" w="964" /><ent r="3" t="31" w="981" /><ent r="3" t="31" w="977" /><ent r="3" t="31" w="994" /><ent r="3" t="31" w="990" /><ent r="3" t="31" w="1007" /><ent r="3" t="31" w="1003" /><ent r="3" t="31" w="1027" /><ent r="3" t="31" w="1023" /><ent r="3" t="31" w="1034" /><ent r="3" t="31" w="1030" /><ent r="3" t="31" w="1051" /><ent r="3" t="31" w="1047" /><ent r="3" t="31" w="1064" /><ent r="3" t="31" w="1060" /><ent r="3" t="31" w="1078" /><ent r="3" t="31" w="1074" /><ent r="3" t="31" w="1093" /><ent r="3" t="31" w="1089" /><ent r="3" t="31" w="1109" /><ent r="3" t="31" w="1105" /><ent r="3" t="31" w="1181" /><ent r="3" t="31" w="1177" /><ent r="3" t="31" w="1195" /><ent r="3" t="31" w="1191" /><ent r="3" t="31" w="1209" /><ent r="3" t="31" w="1205" /><ent r="3" t="31" w="1226" /><ent r="3" t="31" w="1222" /><ent r="3" t="31" w="1241" /><ent r="3" t="31" w="1237" /><ent r="3" t="31" w="1257" /><ent r="3" t="31" w="1253" /><ent r="3" t="54" w="892" /><ent r="3" t="54" w="888" /></phr></stem><stem n="1.3.6.1.4.1"><phr n="1.3.6.1.4.1"><ent r="3" t="21" w="1179" /><ent r="3" t="21" w="1174" /><ent r="3" t="21" w="1188" /><ent r="3" t="21" w="1183" /><ent r="3" t="21" w="1323" /><ent r="3" t="21" w="1318" /><ent r="3" t="21" w="1340" /><ent r="3" t="21" w="1335" /><ent r="3" t="21" w="1357" /><ent r="3" t="21" w="1352" /><ent r="3" t="28" w="559" /><ent r="3" t="28" w="554" /><ent r="3" t="28" w="593" /><ent r="3" t="28" w="588" /><ent r="3" t="30" w="80" /><ent r="3" t="30" w="75" /><ent r="3" t="30" w="113" /><ent r="3" t="30" w="108" /><ent r="3" t="30" w="122" /><ent r="3" t="30" w="117" /><ent r="3" t="30" w="132" /><ent r="3" t="30" w="127" /><ent r="4" t="30" w="216" /><ent r="4" t="30" w="211" /><ent r="4" t="30" w="275" /><ent r="4" t="30" w="270" /><ent r="4" t="30" w="285" /><ent r="4" t="30" w="280" /><ent r="3" t="31" w="445" /><ent r="3" t="31" w="440" /><ent r="3" t="31" w="459" /><ent r="3" t="31" w="454" /><ent r="3" t="31" w="476" /><ent r="3" t="31" w="471" /><ent r="3" t="31" w="489" /><ent r="3" t="31" w="484" /><ent r="3" t="31" w="503" /><ent r="3" t="31" w="498" /><ent r="3" t="31" w="518" /><ent r="3" t="31" w="513" /><ent r="3" t="31" w="534" /><ent r="3" t="31" w="529" /><ent r="3" t="31" w="599" /><ent r="3" t="31" w="594" /><ent r="3" t="31" w="606" /><ent r="3" t="31" w="601" /><ent r="3" t="31" w="620" /><ent r="3" t="31" w="615" /><ent r="3" t="31" w="637" /><ent r="3" t="31" w="632" /><ent r="3" t="31" w="650" /><ent r="3" t="31" w="645" /><ent r="3" t="31" w="664" /><ent r="3" t="31" w="659" /><ent r="3" t="31" w="679" /><ent r="3" t="31" w="674" /><ent r="3" t="31" w="695" /><ent r="3" t="31" w="690" /><ent r="3" t="31" w="729" /><ent r="3" t="31" w="724" /><ent r="3" t="31" w="743" /><ent r="3" t="31" w="738" /><ent r="3" t="31" w="760" /><ent r="3" t="31" w="755" /><ent r="3" t="31" w="773" /><ent r="3" t="31" w="768" /><ent r="3" t="31" w="787" /><ent r="3" t="31" w="782" /><ent r="3" t="31" w="802" /><ent r="3" t="31" w="797" /><ent r="3" t="31" w="818" /><ent r="3" t="31" w="813" /><ent r="3" t="31" w="839" /><ent r="3" t="31" w="834" /><ent r="3" t="31" w="853" /><ent r="3" t="31" w="848" /><ent r="3" t="31" w="870" /><ent r="3" t="31" w="865" /><ent r="3" t="31" w="883" /><ent r="3" t="31" w="878" /><ent r="3" t="31" w="897" /><ent r="3" t="31" w="892" /><ent r="3" t="31" w="912" /><ent r="3" t="31" w="907" /><ent r="3" t="31" w="928" /><ent r="3" t="31" w="923" /><ent r="3" t="31" w="943" /><ent r="3" t="31" w="938" /><ent r="3" t="31" w="956" /><ent r="3" t="31" w="951" /><ent r="3" t="31" w="969" /><ent r="3" t="31" w="964" /><ent r="3" t="31" w="982" /><ent r="3" t="31" w="977" /><ent r="3" t="31" w="995" /><ent r="3" t="31" w="990" /><ent r="3" t="31" w="1008" /><ent r="3" t="31" w="1003" /><ent r="3" t="31" w="1028" /><ent r="3" t="31" w="1023" /><ent r="3" t="31" w="1035" /><ent r="3" t="31" w="1030" /><ent r="3" t="31" w="1052" /><ent r="3" t="31" w="1047" /><ent r="3" t="31" w="1065" /><ent r="3" t="31" w="1060" /><ent r="3" t="31" w="1079" /><ent r="3" t="31" w="1074" /><ent r="3" t="31" w="1094" /><ent r="3" t="31" w="1089" /><ent r="3" t="31" w="1110" /><ent r="3" t="31" w="1105" /><ent r="3" t="31" w="1182" /><ent r="3" t="31" w="1177" /><ent r="3" t="31" w="1196" /><ent r="3" t="31" w="1191" /><ent r="3" t="31" w="1210" /><ent r="3" t="31" w="1205" /><ent r="3" t="31" w="1227" /><ent r="3" t="31" w="1222" /><ent r="3" t="31" w="1242" /><ent r="3" t="31" w="1237" /><ent r="3" t="31" w="1258" /><ent r="3" t="31" w="1253" /><ent r="3" t="54" w="893" /><ent r="3" t="54" w="888" /></phr></stem><stem n="1.3.6.1.4.1.11898"><phr n="1.3.6.1.4.1.11898"><ent r="3" t="21" w="1180" /><ent r="3" t="21" w="1174" /><ent r="3" t="21" w="1189" /><ent r="3" t="21" w="1183" /><ent r="3" t="21" w="1324" /><ent r="3" t="21" w="1318" /><ent r="3" t="21" w="1341" /><ent r="3" t="21" w="1335" /><ent r="3" t="21" w="1358" /><ent r="3" t="21" w="1352" /></phr></stem><stem n="11898"><phr n="11898"><ent r="3" t="21" w="1180" /><ent r="3" t="21" w="1189" /><ent r="3" t="21" w="1324" /><ent r="3" t="21" w="1341" /><ent r="3" t="21" w="1358" /></phr></stem><stem n="1.3.6.1.4.1.11898.2"><phr n="1.3.6.1.4.1.11898.2"><ent r="3" t="21" w="1181" /><ent r="3" t="21" w="1174" /><ent r="3" t="21" w="1190" /><ent r="3" t="21" w="1183" /><ent r="3" t="21" w="1325" /><ent r="3" t="21" w="1318" /><ent r="3" t="21" w="1342" /><ent r="3" t="21" w="1335" /><ent r="3" t="21" w="1359" /><ent r="3" t="21" w="1352" /></phr></stem><stem n=".3.6.1.4.1.11898.2.1"><phr n=".3.6.1.4.1.11898.2.1"><ent r="3" t="21" w="1182" /></phr></stem><stem n="1.3.6.1.4.1.11898.2.1"><phr n="1.3.6.1.4.1.11898.2.1"><ent r="3" t="21" w="1182" /><ent r="3" t="21" w="1174" /><ent r="3" t="21" w="1191" /><ent r="3" t="21" w="1183" /><ent r="3" t="21" w="1326" /><ent r="3" t="21" w="1318" /><ent r="3" t="21" w="1343" /><ent r="3" t="21" w="1335" /><ent r="3" t="21" w="1360" /><ent r="3" t="21" w="1352" /></phr></stem><stem n="1.3.6.1.4.1.11898.2.1.18"><phr n="1.3.6.1.4.1.11898.2.1.18"><ent r="3" t="21" w="1192" /><ent r="3" t="21" w="1183" /><ent r="3" t="21" w="1327" /><ent r="3" t="21" w="1318" /><ent r="3" t="21" w="1344" /><ent r="3" t="21" w="1335" /><ent r="3" t="21" w="1361" /><ent r="3" t="21" w="1352" /></phr></stem><stem n="1.3.6.1.4.1.11898.2.1.18.1"><phr n="1.3.6.1.4.1.11898.2.1.18.1"><ent r="3" t="21" w="1193" /><ent r="3" t="21" w="1183" /><ent r="3" t="21" w="1328" /><ent r="3" t="21" w="1318" /><ent r="3" t="21" w="1345" /><ent r="3" t="21" w="1335" /><ent r="3" t="21" w="1362" /><ent r="3" t="21" w="1352" /></phr></stem><stem n=".3.6.1.4.1.11898.2.1.18.1.18"><phr n=".3.6.1.4.1.11898.2.1.18.1.18"><ent r="3" t="21" w="1194" /></phr></stem><stem n="1.3.6.1.4.1.11898.2.1.18.1.18"><phr n="1.3.6.1.4.1.11898.2.1.18.1.18"><ent r="3" t="21" w="1194" /><ent r="3" t="21" w="1183" /><ent r="3" t="21" w="1329" /><ent r="3" t="21" w="1318" /></phr></stem><stem n="group"><phr n="group"><ent r="3" t="21" w="1215" /><ent r="4" t="23" w="109" /><ent r="4" t="34" w="810" /></phr><phr n="groups"><ent r="3" t="33" w="581" /><ent r="3" t="34" w="972" /></phr></stem><stem n="trapvarap"><phr n="trapVarAP"><ent r="3" t="21" w="1219" /><ent r="3" t="21" w="1411" /><ent r="3" t="21" w="1419" /><ent r="3" t="21" w="1427" /><ent r="3" t="21" w="1436" /><ent r="3" t="21" w="1445" /><ent r="3" t="21" w="1453" /><ent r="3" t="21" w="1555" /></phr></stem><stem n="(_trapvarap)"><phr n="(_trapVarAP)"><ent r="3" t="21" w="1220" /></phr></stem><stem n="reach"><phr n="reaches"><ent r="3" t="21" w="1234" /></phr><phr n="reach"><ent r="3" t="48" w="841" /></phr><phr n="reached"><ent r="3" t="54" w="648" /><ent r="3" t="54" w="1125" /><ent r="4" t="54" w="1193" /></phr></stem><stem n="-clear"><phr n="-clear"><ent r="3" t="21" w="1236" /><ent r="3" t="21" w="1236" /></phr></stem><stem n="non-clear"><phr n="non-clear"><ent r="3" t="21" w="1236" /></phr></stem><stem n="(minor,"><phr n="(minor,"><ent r="3" t="21" w="1240" /></phr></stem><stem n="bring"><phr n="brings"><ent r="3" t="21" w="1251" /><ent r="3" t="21" w="1269" /></phr></stem><stem n="snmp.testalarmpoint"><phr n="snmp.testalarmpoint"><ent r="3" t="21" w="1287" /><ent r="3" t="21" w="1286" /></phr></stem><stem n="testalarmpoint"><phr n="testalarmpoint"><ent r="3" t="21" w="1287" /></phr></stem><stem n="&quot;snmp.testalarmpoint&quot;"><phr n="&quot;snmp.testalarmpoint&quot;"><ent r="3" t="21" w="1288" /></phr></stem><stem n="0.1"><phr n="0.1"><ent r="3" t="21" w="1296" /><ent r="3" t="21" w="1295" /></phr></stem><stem n="&quot;0.1&quot;"><phr n="&quot;0.1&quot;"><ent r="3" t="21" w="1297" /></phr></stem><stem n="&quot;snmpv2c&quot;"><phr n="&quot;SNMPv2c&quot;"><ent r="3" t="21" w="1303" /></phr></stem><stem n="trapvar"><phr n="trapVar"><ent r="3" t="21" w="1317" /><ent r="3" t="21" w="1415" /><ent r="3" t="21" w="1423" /><ent r="3" t="21" w="1430" /><ent r="3" t="21" w="1432" /><ent r="3" t="21" w="1439" /><ent r="3" t="21" w="1441" /><ent r="3" t="21" w="1449" /><ent r="3" t="21" w="1456" /><ent r="3" t="21" w="1459" /></phr><phr n="trapvar"><ent r="3" t="21" w="1533" /><ent r="3" t="21" w="1551" /></phr></stem><stem n="1.3.6.1.4.1.11898.2.1.18.1.18,"><phr n="1.3.6.1.4.1.11898.2.1.18.1.18,"><ent r="3" t="21" w="1329" /><ent r="3" t="21" w="1318" /></phr></stem><stem n=".3.6.1.4.1.11898.2.1.18.1.18,"><phr n=".3.6.1.4.1.11898.2.1.18.1.18,"><ent r="3" t="21" w="1330" /></phr></stem><stem n="&quot;trap"><phr n="&quot;trap"><ent r="3" t="21" w="1331" /><ent r="3" t="21" w="1348" /><ent r="3" t="21" w="1365" /></phr><phr n="&quot;Trap"><ent r="3" t="25" w="933" /><ent r="3" t="28" w="673" /><ent r="3" t="31" w="97" /><ent r="3" t="31" w="109" /><ent r="3" t="31" w="133" /><ent r="3" t="31" w="1301" /></phr></stem><stem n="trapvar2"><phr n="trapVar2"><ent r="3" t="21" w="1334" /><ent r="3" t="21" w="1472" /><ent r="3" t="21" w="1480" /><ent r="3" t="21" w="1488" /><ent r="3" t="21" w="1495" /></phr><phr n="trapvar2"><ent r="3" t="21" w="1498" /><ent r="3" t="21" w="1559" /></phr></stem><stem n="1.3.6.1.4.1.11898.2.1.18.1.19"><phr n="1.3.6.1.4.1.11898.2.1.18.1.19"><ent r="3" t="21" w="1346" /><ent r="3" t="21" w="1335" /></phr></stem><stem n="1.3.6.1.4.1.11898.2.1.18.1.19,"><phr n="1.3.6.1.4.1.11898.2.1.18.1.19,"><ent r="3" t="21" w="1346" /><ent r="3" t="21" w="1335" /></phr></stem><stem n=".3.6.1.4.1.11898.2.1.18.1.19,"><phr n=".3.6.1.4.1.11898.2.1.18.1.19,"><ent r="3" t="21" w="1347" /></phr></stem><stem n="trapvar3"><phr n="trapVar3"><ent r="3" t="21" w="1351" /><ent r="3" t="21" w="1507" /><ent r="3" t="21" w="1515" /><ent r="3" t="21" w="1530" /></phr><phr n="trapvar3"><ent r="3" t="21" w="1567" /></phr></stem><stem n="1.3.6.1.4.1.11898.2.1.18.1.20"><phr n="1.3.6.1.4.1.11898.2.1.18.1.20"><ent r="3" t="21" w="1363" /><ent r="3" t="21" w="1352" /></phr></stem><stem n="1.3.6.1.4.1.11898.2.1.18.1.20,"><phr n="1.3.6.1.4.1.11898.2.1.18.1.20,"><ent r="3" t="21" w="1363" /><ent r="3" t="21" w="1352" /></phr></stem><stem n=".3.6.1.4.1.11898.2.1.18.1.20,"><phr n=".3.6.1.4.1.11898.2.1.18.1.20,"><ent r="3" t="21" w="1364" /></phr></stem><stem n="notifysomeon"><phr n="NotifySomeone"><ent r="3" t="21" w="1377" /><ent r="3" t="21" w="1418" /><ent r="3" t="21" w="1426" /><ent r="3" t="21" w="1435" /><ent r="3" t="21" w="1444" /><ent r="3" t="21" w="1452" /><ent r="3" t="21" w="1462" /><ent r="3" t="21" w="1475" /><ent r="3" t="21" w="1483" /><ent r="3" t="21" w="1491" /><ent r="3" t="21" w="1501" /><ent r="3" t="21" w="1510" /><ent r="3" t="21" w="1518" /><ent r="3" t="21" w="1526" /><ent r="3" t="21" w="1536" /></phr></stem><stem n="notifyfr"><phr n="NotifyFred"><ent r="3" t="21" w="1378" /></phr></stem><stem n="&quot;notifyfred:0:0:0&quot;"><phr n="&quot;NotifyFred:0:0:0&quot;"><ent r="3" t="21" w="1382" /></phr></stem><stem n="/snmp-device-notifiers&gt;"><phr n="/snmp-device-notifiers&gt;"><ent r="3" t="21" w="1383" /><ent r="3" t="22" w="222" /></phr></stem><stem n="snmp-device-notifiers&gt;"><phr n="snmp-device-notifiers&gt;"><ent r="3" t="21" w="1383" /><ent r="3" t="22" w="222" /></phr></stem><stem n="_trapvarap:"><phr n="_trapVarAP:"><ent r="3" t="21" w="1412" /><ent r="3" t="21" w="1420" /><ent r="3" t="21" w="1428" /><ent r="3" t="21" w="1437" /><ent r="3" t="21" w="1446" /><ent r="3" t="21" w="1454" /></phr></stem><stem n="($trapvar"><phr n="($trapVar"><ent r="3" t="21" w="1413" /><ent r="3" t="21" w="1421" /><ent r="3" t="21" w="1447" /></phr></stem><stem n="&quot;2&quot;)"><phr n="&quot;2&quot;)"><ent r="3" t="21" w="1415" /><ent r="3" t="21" w="1472" /><ent r="3" t="21" w="1507" /></phr></stem><stem n="&quot;trapvar"><phr n="&quot;trapVar"><ent r="3" t="21" w="1415" /><ent r="3" t="21" w="1423" /><ent r="3" t="21" w="1432" /><ent r="3" t="21" w="1441" /><ent r="3" t="21" w="1449" /><ent r="3" t="21" w="1459" /></phr><phr n="&quot;trapvar"><ent r="3" t="21" w="1533" /></phr></stem><stem n="&quot;3&quot;)"><phr n="&quot;3&quot;)"><ent r="3" t="21" w="1423" /><ent r="3" t="21" w="1480" /><ent r="3" t="21" w="1515" /></phr></stem><stem n="(${trapvar}"><phr n="(${trapVar}"><ent r="3" t="21" w="1431" /><ent r="3" t="21" w="1440" /><ent r="3" t="21" w="1457" /></phr></stem><stem n="&quot;4&quot;)"><phr n="&quot;4&quot;)"><ent r="3" t="21" w="1432" /><ent r="3" t="21" w="1488" /><ent r="3" t="21" w="1498" /><ent r="3" t="21" w="1523" /><ent r="3" t="21" w="1533" /></phr></stem><stem n="&quot;5&quot;)"><phr n="&quot;5&quot;)"><ent r="3" t="21" w="1441" /></phr></stem><stem n="&quot;6&quot;)"><phr n="&quot;6&quot;)"><ent r="3" t="21" w="1449" /><ent r="3" t="21" w="1459" /></phr></stem><stem n="trapvarap2"><phr n="trapVarAP2"><ent r="3" t="21" w="1468" /><ent r="3" t="21" w="1476" /><ent r="3" t="21" w="1484" /><ent r="3" t="21" w="1492" /><ent r="3" t="21" w="1563" /></phr></stem><stem n="($trapvar2"><phr n="($trapVar2"><ent r="3" t="21" w="1470" /><ent r="3" t="21" w="1478" /><ent r="3" t="21" w="1486" /></phr></stem><stem n="$trapvar2"><phr n="$trapVar2"><ent r="3" t="21" w="1470" /><ent r="3" t="21" w="1478" /><ent r="3" t="21" w="1486" /><ent r="3" t="21" w="1561" /></phr></stem><stem n="&quot;trapvar2"><phr n="&quot;trapVar2"><ent r="3" t="21" w="1472" /><ent r="3" t="21" w="1480" /><ent r="3" t="21" w="1488" /></phr><phr n="&quot;trapvar2"><ent r="3" t="21" w="1498" /></phr></stem><stem n="(${trapvar2}"><phr n="(${trapVar2}"><ent r="3" t="21" w="1496" /></phr></stem><stem n="trapvarap3"><phr n="trapVarAP3"><ent r="3" t="21" w="1503" /><ent r="3" t="21" w="1511" /><ent r="3" t="21" w="1519" /><ent r="3" t="21" w="1527" /><ent r="3" t="21" w="1571" /></phr></stem><stem n="($trapvar3"><phr n="($trapVar3"><ent r="3" t="21" w="1505" /><ent r="3" t="21" w="1513" /><ent r="3" t="21" w="1521" /></phr></stem><stem n="$trapvar3"><phr n="$trapVar3"><ent r="3" t="21" w="1505" /><ent r="3" t="21" w="1513" /><ent r="3" t="21" w="1521" /><ent r="3" t="21" w="1569" /></phr></stem><stem n="&quot;trapvar3"><phr n="&quot;trapVar3"><ent r="3" t="21" w="1507" /><ent r="3" t="21" w="1515" /></phr></stem><stem n="&quot;trapvar4"><phr n="&quot;trapVar4"><ent r="3" t="21" w="1523" /></phr></stem><stem n="trapvar4"><phr n="trapVar4"><ent r="3" t="21" w="1523" /></phr></stem><stem n="(${trapvar3}"><phr n="(${trapVar3}"><ent r="3" t="21" w="1531" /></phr></stem><stem n="\b5\trap"><phr n="\B5\Trap"><ent r="3" t="21" w="1546" /></phr></stem><stem n="\4\trapvar:\0\"><phr n="\4\trapvar:\0\"><ent r="3" t="21" w="1553" /></phr></stem><stem n="{_trapvarap:condition}\0p\"><phr n="{_trapVarAP:condition}\0P\"><ent r="3" t="21" w="1558" /></phr></stem><stem n="\4\trapvar2:\0\"><phr n="\4\trapvar2:\0\"><ent r="3" t="21" w="1561" /></phr></stem><stem n="{trapvarap2:condition}"><phr n="{trapVarAP2:condition}"><ent r="3" t="21" w="1565" /></phr></stem><stem n="\4\trapvar3:\0\"><phr n="\4\trapvar3:\0\"><ent r="3" t="21" w="1569" /></phr></stem><stem n="{trapvarap3:condition}"><phr n="{trapVarAP3:condition}"><ent r="3" t="21" w="1573" /></phr></stem><stem n="$alarmpointlist"><phr n="$alarmpointlist"><ent r="3" t="21" w="1575" /></phr></stem><stem n="notifiernam"><phr n="NotifierName"><ent r="3" t="22" w="28" /><ent r="4" t="22" w="37" /></phr></stem><stem n="notifier-rul"><phr n="notifier-rule"><ent r="3" t="22" w="29" /><ent r="3" t="22" w="31" /><ent r="4" t="22" w="59" /><ent r="4" t="22" w="73" /></phr></stem><stem n="&quot;notifier-rule&quot;"><phr n="&quot;notifier-rule&quot;"><ent r="3" t="22" w="31" /><ent r="3" t="22" w="33" /></phr></stem><stem n="-point"><phr n="-points"><ent r="3" t="22" w="53" /><ent r="3" t="22" w="53" /></phr></stem><stem n="alarm-point"><phr n="alarm-points"><ent r="3" t="22" w="53" /></phr></stem><stem n="-rule"><phr n="-rule"><ent r="4" t="22" w="59" /><ent r="4" t="22" w="59" /><ent r="4" t="22" w="73" /><ent r="4" t="22" w="73" /></phr></stem><stem n="):"><phr n="):"><ent r="3" t="22" w="100" /><ent r="3" t="23" w="1063" /><ent r="3" t="31" w="434" /><ent r="3" t="45" w="447" /><ent r="3" t="57" w="410" /></phr></stem><stem n="&quot;name:delay:repeat:count&quot;"><phr n="&quot;name:delay:repeat:count&quot;"><ent r="3" t="22" w="105" /></phr></stem><stem n="omit"><phr n="omitted"><ent r="3" t="22" w="120" /><ent r="3" t="22" w="160" /><ent r="4" t="23" w="2256" /><ent r="3" t="34" w="1545" /></phr></stem><stem n="zero"><phr n="zero"><ent r="3" t="22" w="124" /><ent r="3" t="22" w="140" /><ent r="3" t="22" w="155" /><ent r="4" t="23" w="670" /><ent r="3" t="23" w="895" /><ent r="4" t="23" w="2418" /><ent r="4" t="25" w="244" /><ent r="4" t="28" w="263" /><ent r="3" t="33" w="753" /><ent r="4" t="36" w="2620" /><ent r="4" t="36" w="2630" /><ent r="4" t="36" w="3670" /></phr></stem><stem n="-zero"><phr n="-zero"><ent r="3" t="22" w="154" /><ent r="3" t="22" w="154" /><ent r="4" t="23" w="669" /><ent r="4" t="23" w="669" /><ent r="3" t="23" w="894" /><ent r="3" t="23" w="894" /></phr></stem><stem n="non-zero"><phr n="non-zero"><ent r="3" t="22" w="154" /><ent r="4" t="23" w="669" /><ent r="3" t="23" w="894" /></phr></stem><stem n="infinit"><phr n="infinite"><ent r="3" t="22" w="164" /></phr></stem><stem n="(repeat"><phr n="(repeat"><ent r="3" t="22" w="165" /></phr></stem><stem n="forev"><phr n="forever"><ent r="3" t="22" w="166" /></phr></stem><stem n=":0:0:0&quot;"><phr n=":0:0:0&quot;"><ent r="3" t="22" w="220" /></phr></stem><stem n="&quot;pagefred&quot;"><phr n="&quot;PageFred&quot;"><ent r="3" t="22" w="237" /><ent r="3" t="22" w="253" /></phr></stem><stem n="farther"><phr n="farther"><ent r="3" t="22" w="239" /></phr></stem><stem n=":valu"><phr n=":value"><ent r="100" t="23" w="26" /><ent r="100" t="23" w="29" /><ent r="100" t="23" w="32" /></phr><phr n=":values"><ent r="100" t="36" w="1516" /></phr></stem><stem n="pi"><phr n="PI"><ent r="100" t="23" w="28" /><ent r="100" t="23" w="566" /><ent r="100" t="23" w="568" /><ent r="4" t="23" w="573" /></phr><phr n="pi"><ent r="4" t="23" w="570" /></phr></stem><stem n="exp"><phr n="Exp"><ent r="100" t="23" w="76" /></phr><phr n="exp"><ent r="4" t="23" w="598" /></phr><phr n="EXP"><ent r="5" t="36" w="1861" /></phr></stem><stem n="unari"><phr n="Unary"><ent r="100" t="23" w="87" /><ent r="4" t="23" w="386" /></phr><phr n="unary"><ent r="4" t="23" w="97" /></phr></stem><stem n="-,"><phr n="-,"><ent r="4" t="23" w="96" /><ent r="4" t="23" w="96" /><ent r="4" t="23" w="387" /><ent r="4" t="23" w="387" /></phr></stem><stem n="*,"><phr n="*,"><ent r="4" t="23" w="96" /><ent r="4" t="23" w="377" /></phr></stem><stem n="/,"><phr n="/,"><ent r="4" t="23" w="96" /><ent r="4" t="23" w="377" /></phr></stem><stem n="minu"><phr n="minus"><ent r="4" t="23" w="98" /></phr></stem><stem n="-express"><phr n="-expressions"><ent r="100" t="23" w="100" /><ent r="100" t="23" w="100" /><ent r="4" t="23" w="110" /><ent r="4" t="23" w="110" /></phr></stem><stem n="sub"><phr n="Sub"><ent r="100" t="23" w="100" /><ent r="3" t="60" w="1249" /><ent r="3" t="60" w="1320" /></phr><phr n="sub"><ent r="4" t="23" w="110" /><ent r="4" t="23" w="833" /><ent r="3" t="23" w="1952" /><ent r="3" t="46" w="202" /><ent r="4" t="46" w="287" /><ent r="3" t="47" w="153" /><ent r="6" t="69" w="620" /></phr></stem><stem n="sub-express"><phr n="Sub-expressions"><ent r="100" t="23" w="100" /></phr><phr n="sub-expressions"><ent r="4" t="23" w="110" /></phr></stem><stem n="parenthes"><phr n="parentheses"><ent r="4" t="23" w="107" /><ent r="3" t="33" w="549" /><ent r="4" t="34" w="806" /><ent r="3" t="69" w="1819" /></phr><phr n="Parentheses"><ent r="6" t="23" w="2935" /></phr></stem><stem n="-precis"><phr n="-precision"><ent r="100" t="23" w="116" /><ent r="100" t="23" w="116" /><ent r="4" t="23" w="126" /><ent r="4" t="23" w="126" /></phr></stem><stem n="double-precis"><phr n="Double-precision"><ent r="100" t="23" w="116" /></phr><phr n="double-precision"><ent r="4" t="23" w="126" /></phr></stem><stem n="precis"><phr n="precision"><ent r="100" t="23" w="117" /><ent r="4" t="23" w="127" /><ent r="4" t="23" w="1276" /><ent r="3" t="23" w="1337" /></phr></stem><stem n="intermedi"><phr n="intermediate"><ent r="4" t="23" w="121" /></phr></stem><stem n=":fals"><phr n=":FALSE"><ent r="100" t="23" w="133" /></phr></stem><stem n=":true"><phr n=":TRUE"><ent r="100" t="23" w="136" /></phr></stem><stem n="&lt;&gt;"><phr n="&lt;&gt;"><ent r="4" t="23" w="145" /><ent r="3" t="42" w="893" /><ent r="3" t="42" w="919" /><ent r="3" t="60" w="1031" /><ent r="3" t="60" w="1210" /><ent r="3" t="60" w="1275" /><ent r="3" t="60" w="1343" /></phr></stem><stem n="==,"><phr n="==,"><ent r="4" t="23" w="146" /><ent r="4" t="23" w="350" /></phr></stem><stem n="&quot;1.0&quot;."><phr n="&quot;1.0&quot;."><ent r="4" t="23" w="153" /></phr></stem><stem n="0.0"><phr n="0.0"><ent r="4" t="23" w="159" /><ent r="4" t="23" w="158" /><ent r="3" t="46" w="645" /><ent r="3" t="46" w="643" /></phr></stem><stem n="&quot;0.0&quot;."><phr n="&quot;0.0&quot;."><ent r="4" t="23" w="160" /></phr></stem><stem n="-circuit"><phr n="-circuit"><ent r="4" t="23" w="162" /><ent r="4" t="23" w="162" /></phr></stem><stem n="short-circuit"><phr n="short-circuit"><ent r="4" t="23" w="162" /></phr></stem><stem n="circuit"><phr n="circuit"><ent r="4" t="23" w="163" /></phr></stem><stem n="'and',"><phr n="'and',"><ent r="4" t="23" w="167" /><ent r="4" t="23" w="344" /></phr></stem><stem n="'or',"><phr n="'or',"><ent r="4" t="23" w="168" /><ent r="4" t="23" w="336" /></phr></stem><stem n="'not'"><phr n="'not'"><ent r="4" t="23" w="169" /><ent r="4" t="23" w="388" /></phr></stem><stem n="||"><phr n="||"><ent r="4" t="23" w="172" /><ent r="4" t="23" w="336" /></phr></stem><stem n="&amp;&amp;,||,!,."><phr n="&amp;&amp;,||,!,."><ent r="4" t="23" w="173" /></phr></stem><stem n=":function"><phr n=":functions"><ent r="100" t="23" w="179" /></phr></stem><stem n="$var"><phr n="$var"><ent r="4" t="23" w="193" /></phr></stem><stem n="{var}"><phr n="{var}"><ent r="4" t="23" w="198" /></phr></stem><stem n=":bitwis"><phr n=":bitwise"><ent r="100" t="23" w="201" /></phr></stem><stem n="-like"><phr n="-like"><ent r="100" t="23" w="224" /><ent r="100" t="23" w="224" /><ent r="4" t="23" w="263" /><ent r="4" t="23" w="263" /></phr></stem><stem n="perl"><phr n="Perl"><ent r="100" t="23" w="224" /><ent r="100" t="23" w="231" /><ent r="4" t="23" w="263" /><ent r="3" t="23" w="298" /><ent r="4" t="23" w="2311" /><ent r="64" t="23" w="3062" /><ent r="100" t="39" w="82" /><ent r="4" t="39" w="956" /></phr><phr n="perl"><ent r="3" t="23" w="2388" /><ent r="3" t="39" w="42" /><ent r="3" t="61" w="84" /><ent r="3" t="61" w="87" /></phr></stem><stem n="perl-lik"><phr n="Perl-like"><ent r="100" t="23" w="224" /><ent r="4" t="23" w="263" /></phr></stem></index>