<?xml version="1.0" encoding="utf-8"?><index><stem n="apcup"><phr n="apcups"><ent r="5" t="15" w="898" /><ent r="100" t="15" w="902" /><ent r="4" t="15" w="914" /><ent r="3" t="15" w="981" /><ent r="3" t="24" w="64" /><ent r="5" t="24" w="145" /><ent r="100" t="24" w="149" /><ent r="4" t="24" w="161" /></phr></stem><stem n="=&quot;false&quot;"><phr n="=&quot;false&quot;"><ent r="5" t="15" w="900" /><ent r="3" t="15" w="983" /><ent r="5" t="24" w="147" /></phr></stem><stem n=":apc-up"><phr n=":APC-UPS"><ent r="100" t="15" w="905" /><ent r="100" t="24" w="152" /></phr></stem><stem n="apc-up"><phr n="APC-UPS"><ent r="100" t="15" w="905" /><ent r="100" t="15" w="909" /><ent r="4" t="15" w="922" /><ent r="100" t="24" w="152" /><ent r="100" t="24" w="156" /><ent r="4" t="24" w="169" /></phr></stem><stem n="-up"><phr n="-UPS"><ent r="100" t="15" w="909" /><ent r="100" t="15" w="909" /><ent r="4" t="15" w="922" /><ent r="4" t="15" w="922" /><ent r="100" t="24" w="156" /><ent r="100" t="24" w="156" /><ent r="4" t="24" w="169" /><ent r="4" t="24" w="169" /></phr></stem><stem n="-detect"><phr n="-detect"><ent r="4" t="15" w="929" /><ent r="4" t="15" w="929" /><ent r="4" t="24" w="176" /><ent r="4" t="24" w="176" /></phr></stem><stem n="auto-detect"><phr n="auto-detect"><ent r="4" t="15" w="929" /><ent r="4" t="24" w="176" /></phr></stem><stem n="maxvar"><phr n="Maxvars"><ent r="100" t="15" w="934" /><ent r="100" t="24" w="50" /></phr><phr n="maxvars"><ent r="5" t="15" w="936" /><ent r="4" t="15" w="939" /><ent r="4" t="15" w="960" /><ent r="4" t="15" w="968" /><ent r="3" t="15" w="984" /><ent r="3" t="24" w="66" /><ent r="5" t="24" w="181" /><ent r="4" t="24" w="184" /><ent r="4" t="24" w="205" /><ent r="4" t="24" w="213" /></phr></stem><stem n="=&quot;10&quot;"><phr n="=&quot;10&quot;"><ent r="5" t="15" w="938" /><ent r="3" t="15" w="986" /><ent r="5" t="24" w="183" /></phr></stem><stem n="put"><phr n="put"><ent r="4" t="15" w="947" /><ent r="4" t="17" w="248" /><ent r="4" t="24" w="192" /></phr><phr n="puts"><ent r="3" t="46" w="163" /></phr></stem><stem n="var"><phr n="Var"><ent r="100" t="16" w="17" /><ent r="100" t="23" w="20" /></phr><phr n="var"><ent r="4" t="23" w="197" /></phr></stem><stem n=":defin"><phr n=":defines"><ent r="100" t="16" w="52" /></phr></stem><stem n=":oid"><phr n=":OID"><ent r="100" t="16" w="57" /></phr><phr n=":OIDs"><ent r="100" t="16" w="62" /><ent r="100" t="54" w="112" /></phr></stem><stem n="[variablename],"><phr n="[VariableName],"><ent r="3" t="16" w="135" /></phr></stem><stem n="[chart"><phr n="[Chart"><ent r="3" t="16" w="137" /></phr></stem><stem n="repres"><phr n="represent"><ent r="4" t="16" w="156" /><ent r="3" t="16" w="1646" /><ent r="4" t="18" w="164" /><ent r="3" t="18" w="499" /><ent r="4" t="18" w="775" /><ent r="3" t="76" w="22" /></phr><phr n="represented"><ent r="6" t="16" w="380" /><ent r="4" t="16" w="1393" /><ent r="4" t="18" w="225" /><ent r="3" t="18" w="470" /><ent r="4" t="23" w="809" /><ent r="3" t="23" w="1894" /><ent r="3" t="36" w="2833" /></phr><phr n="represents"><ent r="3" t="16" w="1688" /><ent r="3" t="16" w="1693" /><ent r="3" t="16" w="1697" /><ent r="3" t="18" w="460" /><ent r="4" t="18" w="880" /><ent r="3" t="39" w="1230" /><ent r="4" t="40" w="207" /><ent r="3" t="40" w="469" /></phr><phr n="representing"><ent r="3" t="23" w="1013" /><ent r="3" t="23" w="1072" /><ent r="3" t="23" w="2365" /></phr><phr n="Represents"><ent r="4" t="28" w="379" /></phr></stem><stem n="topic"><phr n="topic"><ent r="4" t="16" w="175" /><ent r="3" t="16" w="1577" /><ent r="3" t="16" w="1630" /><ent r="3" t="25" w="1087" /><ent r="3" t="29" w="53" /><ent r="3" t="33" w="1101" /><ent r="4" t="34" w="1356" /></phr><phr n="topics"><ent r="3" t="56" w="165" /></phr></stem><stem n=":request"><phr n=":request"><ent r="100" t="16" w="180" /></phr></stem><stem n="object"><phr n="Object"><ent r="100" t="16" w="189" /><ent r="4" t="16" w="195" /><ent r="9" t="16" w="702" /></phr><phr n="OBJECT"><ent r="3" t="32" w="73" /><ent r="3" t="32" w="163" /><ent r="3" t="32" w="168" /><ent r="3" t="32" w="173" /><ent r="3" t="32" w="206" /><ent r="3" t="32" w="238" /><ent r="3" t="32" w="273" /><ent r="3" t="32" w="304" /><ent r="3" t="32" w="329" /><ent r="3" t="32" w="393" /></phr><phr n="objects"><ent r="3" t="32" w="124" /><ent r="6" t="69" w="1432" /></phr><phr n="OBJECTS"><ent r="3" t="32" w="400" /></phr></stem><stem n="id"><phr n="ID"><ent r="100" t="16" w="190" /><ent r="4" t="16" w="196" /><ent r="9" t="16" w="703" /><ent r="3" t="28" w="983" /><ent r="3" t="28" w="1090" /><ent r="5" t="30" w="186" /><ent r="4" t="30" w="199" /><ent r="100" t="36" w="724" /><ent r="100" t="36" w="3900" /><ent r="3" t="36" w="3907" /><ent r="3" t="36" w="4071" /><ent r="3" t="36" w="4328" /><ent r="3" t="36" w="4361" /><ent r="3" t="58" w="266" /><ent r="6" t="69" w="914" /></phr><phr n="id"><ent r="3" t="55" w="222" /><ent r="3" t="55" w="254" /><ent r="3" t="55" w="284" /><ent r="3" t="55" w="291" /><ent r="3" t="55" w="446" /><ent r="3" t="55" w="455" /><ent r="3" t="55" w="458" /><ent r="3" t="55" w="464" /><ent r="3" t="55" w="590" /><ent r="3" t="55" w="600" /><ent r="3" t="55" w="609" /><ent r="3" t="58" w="248" /><ent r="3" t="63" w="153" /><ent r="3" t="63" w="255" /><ent r="4" t="63" w="269" /><ent r="3" t="63" w="432" /><ent r="3" t="63" w="455" /><ent r="3" t="63" w="478" /><ent r="3" t="63" w="499" /></phr></stem><stem n="dot"><phr n="dotted"><ent r="4" t="16" w="211" /></phr></stem><stem n="&quot;calculation&quot;"><phr n="&quot;CALCULATION&quot;"><ent r="4" t="16" w="239" /></phr><phr n="&quot;calculation&quot;"><ent r="4" t="16" w="1245" /></phr></stem><stem n="-valu"><phr n="-value"><ent r="100" t="16" w="255" /><ent r="100" t="16" w="255" /><ent r="7" t="16" w="436" /><ent r="7" t="16" w="436" /><ent r="7" t="16" w="460" /><ent r="7" t="16" w="460" /><ent r="5" t="39" w="754" /><ent r="5" t="39" w="754" /><ent r="4" t="63" w="333" /><ent r="4" t="63" w="333" /></phr><phr n="-Value"><ent r="9" t="16" w="680" /><ent r="9" t="16" w="680" /></phr></stem><stem n="total"><phr n="Total"><ent r="100" t="16" w="255" /><ent r="7" t="16" w="436" /><ent r="9" t="16" w="680" /></phr><phr n="TOTAL"><ent r="4" t="28" w="785" /></phr><phr n="total"><ent r="3" t="31" w="1584" /><ent r="3" t="39" w="338" /></phr></stem><stem n="total-valu"><phr n="Total-value"><ent r="100" t="16" w="255" /><ent r="7" t="16" w="436" /></phr><phr n="Total-Value"><ent r="9" t="16" w="680" /></phr><phr n="TOTAL-VALUE"><ent r="4" t="28" w="785" /></phr></stem><stem n="-minut"><phr n="-minute"><ent r="100" t="16" w="258" /><ent r="100" t="16" w="258" /><ent r="7" t="16" w="493" /><ent r="7" t="16" w="493" /></phr></stem><stem n="deduc"><phr n="deduces"><ent r="6" t="16" w="282" /></phr></stem><stem n="applic"><phr n="applicable"><ent r="6" t="16" w="284" /></phr><phr n="application"><ent r="3" t="57" w="101" /><ent r="3" t="57" w="339" /><ent r="3" t="71" w="118" /><ent r="3" t="71" w="123" /><ent r="3" t="71" w="128" /></phr></stem><stem n="&quot;format"><phr n="&quot;Format"><ent r="6" t="16" w="299" /></phr></stem><stem n="coerc"><phr n="coerced"><ent r="6" t="16" w="310" /><ent r="6" t="16" w="334" /></phr></stem><stem n="78fred"><phr n="78Fred"><ent r="6" t="16" w="322" /><ent r="6" t="16" w="350" /></phr></stem><stem n="&quot;78fred&quot;,"><phr n="&quot;78Fred&quot;,"><ent r="6" t="16" w="323" /><ent r="6" t="16" w="351" /></phr></stem><stem n="78"><phr n="78"><ent r="6" t="16" w="328" /><ent r="6" t="16" w="356" /><ent r="3" t="31" w="408" /><ent r="3" t="31" w="450" /><ent r="3" t="31" w="611" /><ent r="3" t="31" w="734" /><ent r="3" t="31" w="844" /></phr></stem><stem n="integer64"><phr n="Integer64"><ent r="7" t="16" w="330" /></phr></stem><stem n="(up"><phr n="(up"><ent r="6" t="16" w="339" /><ent r="6" t="16" w="483" /><ent r="6" t="23" w="2623" /></phr></stem><stem n="64"><phr n="64"><ent r="6" t="16" w="341" /><ent r="6" t="16" w="485" /><ent r="100" t="34" w="1427" /><ent r="5" t="34" w="1431" /></phr></stem><stem n="64-bit"><phr n="64-bits"><ent r="6" t="16" w="341" /><ent r="6" t="16" w="485" /></phr></stem><stem n="-bits)."><phr n="-bits)."><ent r="6" t="16" w="343" /><ent r="6" t="16" w="343" /><ent r="6" t="16" w="487" /><ent r="6" t="16" w="487" /></phr></stem><stem n="hex"><phr n="hex"><ent r="6" t="16" w="371" /><ent r="6" t="16" w="385" /></phr></stem><stem n="preced"><phr n="preceded"><ent r="6" t="16" w="373" /><ent r="3" t="34" w="602" /><ent r="4" t="34" w="1328" /><ent r="6" t="69" w="499" /></phr><phr n="Precedence"><ent r="100" t="23" w="313" /><ent r="92" t="23" w="316" /></phr><phr n="Preceding"><ent r="3" t="25" w="71" /></phr><phr n="preceding"><ent r="3" t="25" w="212" /><ent r="3" t="25" w="708" /></phr><phr n="precedence"><ent r="7" t="67" w="446" /><ent r="7" t="67" w="480" /><ent r="7" t="67" w="514" /><ent r="7" t="67" w="597" /></phr></stem><stem n="0x"><phr n="0x"><ent r="6" t="16" w="375" /><ent r="3" t="60" w="743" /><ent r="3" t="60" w="796" /></phr></stem><stem n="&quot;0x&quot;"><phr n="&quot;0x&quot;"><ent r="6" t="16" w="376" /></phr></stem><stem n="0xffffffff"><phr n="0xFFFFFFFF"><ent r="6" t="16" w="376" /></phr></stem><stem n="(0xffffffff)."><phr n="(0xFFFFFFFF)."><ent r="6" t="16" w="377" /></phr></stem><stem n="(44"><phr n="(44"><ent r="6" t="16" w="390" /></phr></stem><stem n="44"><phr n="44"><ent r="6" t="16" w="390" /><ent r="3" t="23" w="1600" /></phr></stem><stem n="61"><phr n="61"><ent r="6" t="16" w="391" /><ent r="6" t="16" w="401" /><ent r="3" t="23" w="1601" /><ent r="3" t="23" w="1605" /><ent r="4" t="23" w="1754" /><ent r="3" t="36" w="1058" /></phr></stem><stem n="72"><phr n="72"><ent r="6" t="16" w="392" /><ent r="6" t="16" w="402" /><ent r="3" t="23" w="1602" /><ent r="3" t="23" w="1606" /><ent r="3" t="46" w="642" /><ent r="3" t="54" w="984" /></phr></stem><stem n="77"><phr n="77"><ent r="6" t="16" w="393" /><ent r="3" t="23" w="1604" /></phr></stem><stem n="69"><phr n="69"><ent r="6" t="16" w="394" /><ent r="6" t="16" w="398" /></phr></stem><stem n="6e"><phr n="6E"><ent r="6" t="16" w="395" /></phr></stem><stem n="63"><phr n="63"><ent r="6" t="16" w="399" /></phr></stem><stem n="68"><phr n="68"><ent r="6" t="16" w="400" /></phr></stem><stem n="hexnumb"><phr n="Hexnumber"><ent r="7" t="16" w="411" /></phr><phr n="HEXNUMBER"><ent r="4" t="28" w="806" /></phr></stem><stem n="fe"><phr n="FE"><ent r="6" t="16" w="428" /></phr></stem><stem n="&quot;fe&quot;"><phr n="&quot;FE&quot;"><ent r="6" t="16" w="429" /></phr></stem><stem n="254"><phr n="254"><ent r="6" t="16" w="434" /></phr></stem><stem n="counter"><phr n="counter"><ent r="6" t="16" w="445" /><ent r="6" t="16" w="469" /><ent r="4" t="16" w="1149" /></phr><phr n="counters"><ent r="4" t="18" w="174" /></phr></stem><stem n="gaug"><phr n="gauge"><ent r="6" t="16" w="447" /><ent r="6" t="16" w="471" /></phr><phr n="Gauge"><ent r="9" t="16" w="678" /></phr><phr n="gauges"><ent r="4" t="18" w="178" /></phr></stem><stem n="unsign"><phr n="unsigned"><ent r="6" t="16" w="457" /><ent r="6" t="16" w="481" /><ent r="4" t="23" w="1244" /><ent r="6" t="23" w="2538" /><ent r="6" t="23" w="2556" /><ent r="6" t="23" w="2574" /><ent r="3" t="57" w="451" /></phr></stem><stem n="total64"><phr n="Total64"><ent r="7" t="16" w="460" /></phr></stem><stem n="total64-valu"><phr n="Total64-value"><ent r="7" t="16" w="460" /></phr></stem><stem n="success"><phr n="successive"><ent r="6" t="16" w="512" /></phr><phr n="success"><ent r="4" t="39" w="676" /></phr></stem><stem n="divid"><phr n="dividing"><ent r="6" t="16" w="515" /></phr><phr n="divide"><ent r="3" t="23" w="2722" /></phr></stem><stem n="elaps"><phr n="elapsed"><ent r="6" t="16" w="518" /><ent r="4" t="36" w="876" /><ent r="3" t="36" w="3581" /><ent r="5" t="37" w="192" /></phr></stem><stem n="oid'"><phr n="OID's"><ent r="6" t="16" w="535" /><ent r="6" t="16" w="534" /><ent r="3" t="25" w="23" /><ent r="3" t="25" w="22" /><ent r="92" t="25" w="60" /><ent r="92" t="25" w="59" /><ent r="3" t="25" w="64" /><ent r="3" t="25" w="63" /><ent r="3" t="25" w="143" /><ent r="3" t="25" w="142" /><ent r="3" t="25" w="152" /><ent r="3" t="25" w="151" /><ent r="3" t="25" w="161" /><ent r="3" t="25" w="160" /><ent r="92" t="25" w="200" /><ent r="92" t="25" w="199" /><ent r="3" t="25" w="235" /><ent r="3" t="25" w="234" /><ent r="3" t="25" w="416" /><ent r="3" t="25" w="415" /><ent r="82" t="25" w="525" /><ent r="82" t="25" w="524" /><ent r="4" t="25" w="529" /><ent r="4" t="25" w="528" /><ent r="3" t="25" w="635" /><ent r="3" t="25" w="634" /><ent r="3" t="25" w="964" /><ent r="3" t="25" w="963" /><ent r="4" t="30" w="299" /><ent r="4" t="30" w="298" /><ent r="3" t="55" w="359" /><ent r="3" t="55" w="358" /></phr></stem><stem n="enumer"><phr n="enumerated"><ent r="6" t="16" w="536" /><ent r="3" t="76" w="52" /></phr><phr n="Enumerated"><ent r="67" t="16" w="545" /><ent r="92" t="16" w="1637" /><ent r="92" t="16" w="1849" /><ent r="1000" t="76" w="1" /><ent r="102" t="76" w="7" /></phr><phr n="enumeration"><ent r="3" t="76" w="14" /></phr><phr n="enumerations"><ent r="4" t="76" w="71" /></phr></stem><stem n="(see"><phr n="(see"><ent r="6" t="16" w="543" /><ent r="4" t="16" w="863" /><ent r="4" t="54" w="190" /></phr><phr n="(See"><ent r="4" t="23" w="2310" /><ent r="3" t="23" w="2387" /><ent r="4" t="36" w="478" /><ent r="4" t="39" w="998" /></phr></stem><stem n="trapvari"><phr n="TrapVariable"><ent r="7" t="16" w="574" /><ent r="100" t="28" w="19" /><ent r="100" t="28" w="22" /></phr><phr n="TRAPVARIABLE"><ent r="3" t="21" w="1330" /><ent r="3" t="21" w="1347" /><ent r="3" t="21" w="1364" /><ent r="3" t="28" w="565" /><ent r="3" t="28" w="645" /><ent r="3" t="28" w="650" /><ent r="3" t="28" w="656" /><ent r="3" t="28" w="661" /><ent r="3" t="28" w="666" /><ent r="3" t="28" w="672" /><ent r="3" t="28" w="678" /><ent r="3" t="28" w="684" /><ent r="3" t="28" w="690" /><ent r="3" t="28" w="696" /><ent r="3" t="28" w="715" /><ent r="3" t="28" w="722" /><ent r="3" t="28" w="733" /><ent r="4" t="28" w="784" /><ent r="4" t="28" w="788" /><ent r="4" t="28" w="792" /><ent r="4" t="28" w="796" /><ent r="4" t="28" w="799" /><ent r="4" t="28" w="802" /><ent r="4" t="28" w="805" /><ent r="4" t="28" w="808" /><ent r="3" t="28" w="980" /><ent r="3" t="28" w="989" /><ent r="3" t="28" w="997" /><ent r="3" t="28" w="1087" /><ent r="3" t="28" w="1096" /><ent r="3" t="28" w="1104" /><ent r="3" t="31" w="1188" /><ent r="3" t="31" w="1202" /><ent r="3" t="31" w="1216" /><ent r="3" t="31" w="1233" /><ent r="3" t="31" w="1248" /><ent r="3" t="31" w="1264" /><ent r="3" t="31" w="1277" /><ent r="3" t="31" w="1282" /><ent r="3" t="31" w="1287" /><ent r="3" t="31" w="1291" /><ent r="3" t="31" w="1295" /><ent r="3" t="31" w="1300" /><ent r="3" t="31" w="1305" /><ent r="3" t="31" w="1309" /><ent r="3" t="31" w="1314" /><ent r="3" t="31" w="1319" /><ent r="3" t="31" w="1330" /><ent r="3" t="31" w="1336" /><ent r="3" t="31" w="1342" /><ent r="3" t="31" w="1348" /><ent r="3" t="31" w="1354" /><ent r="3" t="31" w="1360" /><ent r="3" t="31" w="1366" /><ent r="3" t="31" w="1372" /><ent r="3" t="31" w="1378" /><ent r="3" t="31" w="1384" /><ent r="3" t="31" w="1390" /><ent r="3" t="31" w="1396" /><ent r="3" t="31" w="1402" /><ent r="3" t="31" w="1408" /><ent r="3" t="31" w="1414" /><ent r="3" t="31" w="1420" /><ent r="3" t="31" w="1426" /><ent r="3" t="31" w="1432" /><ent r="3" t="31" w="1438" /><ent r="3" t="31" w="1444" /><ent r="3" t="31" w="1450" /><ent r="3" t="31" w="1456" /><ent r="3" t="31" w="1462" /><ent r="3" t="31" w="1468" /><ent r="3" t="31" w="1474" /><ent r="3" t="31" w="1480" /><ent r="3" t="31" w="1486" /><ent r="3" t="31" w="1492" /><ent r="3" t="31" w="1498" /><ent r="3" t="31" w="1504" /></phr><phr n="trapvariable"><ent r="3" t="28" w="768" /></phr><phr n="TrapVariables"><ent r="3" t="31" w="1148" /></phr></stem><stem n="discuss"><phr n="discussion"><ent r="6" t="16" w="590" /><ent r="4" t="39" w="1003" /><ent r="3" t="57" w="165" /></phr></stem><stem n="ipaddress"><phr n="IPADDRESS"><ent r="7" t="16" w="604" /></phr><phr n="IPAddress"><ent r="9" t="16" w="707" /></phr></stem><stem n="-byte"><phr n="-byte"><ent r="6" t="16" w="609" /><ent r="6" t="16" w="609" /><ent r="6" t="16" w="619" /><ent r="6" t="16" w="619" /></phr></stem><stem n="4-byte"><phr n="4-byte"><ent r="6" t="16" w="609" /></phr></stem><stem n="ipv4"><phr n="IPv4"><ent r="6" t="16" w="615" /></phr></stem><stem n="16"><phr n="16"><ent r="6" t="16" w="619" /><ent r="3" t="36" w="2448" /><ent r="3" t="36" w="3918" /><ent r="3" t="36" w="4004" /><ent r="3" t="36" w="4400" /><ent r="3" t="36" w="4426" /><ent r="3" t="36" w="4455" /><ent r="3" t="36" w="4457" /><ent r="4" t="36" w="4494" /><ent r="3" t="36" w="4497" /><ent r="3" t="54" w="842" /><ent r="3" t="54" w="1127" /></phr></stem><stem n="16-byte"><phr n="16-byte"><ent r="6" t="16" w="619" /></phr></stem><stem n="ipv6"><phr n="IPv6"><ent r="6" t="16" w="625" /></phr></stem><stem n="inher"><phr n="inherent"><ent r="6" t="16" w="639" /></phr></stem><stem n="(one"><phr n="(one"><ent r="6" t="16" w="641" /><ent r="4" t="21" w="691" /></phr></stem><stem n="declar"><phr n="declared"><ent r="6" t="16" w="655" /><ent r="3" t="16" w="1784" /><ent r="3" t="16" w="1804" /><ent r="3" t="28" w="60" /><ent r="3" t="28" w="966" /></phr><phr n="declares"><ent r="4" t="18" w="1559" /></phr><phr n="declare"><ent r="4" t="18" w="1925" /><ent r="4" t="76" w="82" /></phr></stem><stem n="counter32"><phr n="Counter32"><ent r="9" t="16" w="671" /></phr></stem><stem n="counter64"><phr n="Counter64"><ent r="9" t="16" w="672" /></phr></stem><stem n="unsigned32"><phr n="Unsigned32"><ent r="9" t="16" w="677" /></phr></stem><stem n="(gauge)"><phr n="(Gauge)"><ent r="9" t="16" w="679" /></phr></stem><stem n="octetstr"><phr n="OctetString"><ent r="9" t="16" w="687" /><ent r="100" t="54" w="825" /><ent r="3" t="54" w="870" /><ent r="3" t="54" w="927" /><ent r="3" t="54" w="945" /><ent r="3" t="54" w="964" /><ent r="3" t="54" w="1043" /></phr></stem><stem n="1st"><phr n="1st"><ent r="9" t="16" w="691" /><ent r="9" t="16" w="697" /></phr></stem><stem n="printabl"><phr n="printable"><ent r="9" t="16" w="693" /><ent r="9" t="16" w="700" /></phr></stem><stem n="timetick"><phr n="TimeTicks"><ent r="9" t="16" w="711" /><ent r="100" t="54" w="823" /><ent r="3" t="54" w="911" /><ent r="3" t="54" w="999" /><ent r="3" t="54" w="1062" /></phr></stem><stem n="-legend"><phr n="-legend"><ent r="5" t="16" w="715" /><ent r="5" t="16" w="715" /></phr></stem><stem n="incorpor"><phr n="incorporate"><ent r="4" t="16" w="737" /><ent r="4" t="45" w="181" /></phr><phr n="incorporates"><ent r="4" t="36" w="2862" /></phr></stem><stem n="embed"><phr n="embedded"><ent r="4" t="16" w="744" /><ent r="4" t="23" w="234" /><ent r="3" t="45" w="14" /></phr><phr n="embedding"><ent r="92" t="39" w="514" /></phr></stem><stem n="slightli"><phr n="slightly"><ent r="4" t="16" w="763" /><ent r="4" t="37" w="388" /></phr></stem><stem n="scalar"><phr n="scalar"><ent r="4" t="16" w="789" /><ent r="4" t="16" w="1284" /><ent r="5" t="16" w="1357" /><ent r="3" t="23" w="2374" /></phr><phr n="Scalar"><ent r="92" t="16" w="1268" /><ent r="5" t="18" w="153" /></phr><phr n="scalars"><ent r="4" t="18" w="236" /></phr></stem><stem n="scalar'"><phr n="scalar's"><ent r="4" t="16" w="790" /><ent r="4" t="16" w="789" /></phr></stem><stem n="-demand"><phr n="-Demand"><ent r="65" t="16" w="817" /><ent r="65" t="16" w="817" /></phr><phr n="-demand"><ent r="3" t="18" w="65" /><ent r="3" t="18" w="65" /><ent r="3" t="18" w="91" /><ent r="3" t="18" w="91" /><ent r="3" t="18" w="95" /><ent r="3" t="18" w="95" /><ent r="3" t="18" w="117" /><ent r="3" t="18" w="117" /><ent r="3" t="18" w="396" /><ent r="3" t="18" w="396" /><ent r="3" t="18" w="533" /><ent r="3" t="18" w="533" /><ent r="3" t="18" w="718" /><ent r="3" t="18" w="718" /><ent r="4" t="18" w="813" /><ent r="4" t="18" w="813" /><ent r="3" t="18" w="1166" /><ent r="3" t="18" w="1166" /><ent r="92" t="18" w="1509" /><ent r="92" t="18" w="1509" /><ent r="3" t="18" w="1521" /><ent r="3" t="18" w="1521" /><ent r="92" t="18" w="1728" /><ent r="92" t="18" w="1728" /><ent r="3" t="18" w="1804" /><ent r="3" t="18" w="1804" /><ent r="4" t="18" w="1859" /><ent r="4" t="18" w="1859" /><ent r="4" t="18" w="1889" /><ent r="4" t="18" w="1889" /></phr></stem><stem n="on-demand"><phr n="On-Demand"><ent r="65" t="16" w="817" /></phr><phr n="on-demand"><ent r="3" t="18" w="65" /><ent r="3" t="18" w="91" /><ent r="3" t="18" w="117" /><ent r="3" t="18" w="396" /><ent r="3" t="18" w="533" /><ent r="3" t="18" w="718" /><ent r="4" t="18" w="813" /><ent r="3" t="18" w="1166" /><ent r="3" t="18" w="1521" /><ent r="3" t="18" w="1804" /><ent r="4" t="18" w="1889" /></phr><phr n="On-demand"><ent r="3" t="18" w="95" /><ent r="92" t="18" w="1509" /><ent r="92" t="18" w="1728" /><ent r="4" t="18" w="1859" /></phr></stem><stem n="demand"><phr n="Demand"><ent r="65" t="16" w="818" /></phr><phr n="demand"><ent r="3" t="18" w="33" /><ent r="3" t="18" w="66" /><ent r="3" t="18" w="92" /><ent r="3" t="18" w="96" /><ent r="3" t="18" w="118" /><ent r="3" t="18" w="397" /><ent r="3" t="18" w="534" /><ent r="3" t="18" w="719" /><ent r="4" t="18" w="814" /><ent r="3" t="18" w="1167" /><ent r="92" t="18" w="1510" /><ent r="3" t="18" w="1522" /><ent r="92" t="18" w="1729" /><ent r="3" t="18" w="1805" /><ent r="4" t="18" w="1860" /><ent r="4" t="18" w="1890" /></phr></stem><stem n="tabular"><phr n="tabular"><ent r="4" t="16" w="831" /><ent r="3" t="18" w="26" /></phr></stem><stem n="issu"><phr n="issues"><ent r="4" t="16" w="845" /><ent r="3" t="33" w="65" /></phr><phr n="Issue"><ent r="3" t="31" w="418" /><ent r="3" t="31" w="571" /><ent r="100" t="36" w="22" /><ent r="100" t="36" w="2229" /></phr><phr n="issue"><ent r="4" t="36" w="2233" /><ent r="4" t="48" w="397" /><ent r="3" t="57" w="319" /></phr><phr n="issuing"><ent r="3" t="59" w="19" /></phr></stem><stem n="unless"><phr n="unless"><ent r="4" t="16" w="855" /><ent r="4" t="21" w="842" /><ent r="3" t="21" w="1230" /><ent r="3" t="34" w="879" /><ent r="3" t="54" w="404" /><ent r="3" t="60" w="373" /><ent r="3" t="60" w="380" /></phr><phr n="Unless"><ent r="100" t="54" w="10" /></phr></stem><stem n="&quot;get-request&quot;"><phr n="&quot;get-request&quot;"><ent r="4" t="16" w="863" /><ent r="3" t="24" w="64" /><ent r="3" t="26" w="136" /></phr></stem><stem n="sysloc"><phr n="sysLocation"><ent r="3" t="16" w="921" /><ent r="3" t="16" w="922" /><ent r="4" t="16" w="1017" /></phr></stem><stem n="syslocation.0"><phr n="sysLocation.0"><ent r="3" t="16" w="923" /><ent r="3" t="16" w="922" /><ent r="4" t="16" w="1018" /><ent r="4" t="16" w="1017" /></phr></stem><stem n="syslocation.0,"><phr n="sysLocation.0,"><ent r="3" t="16" w="923" /><ent r="3" t="16" w="922" /></phr></stem><stem n="ifinoctets1"><phr n="ifInOctets1"><ent r="3" t="16" w="941" /></phr></stem><stem n="ifinoctets.1"><phr n="ifInOctets.1"><ent r="3" t="16" w="943" /><ent r="3" t="16" w="942" /><ent r="4" t="16" w="1097" /><ent r="4" t="16" w="1096" /><ent r="5" t="16" w="1213" /><ent r="5" t="16" w="1212" /><ent r="5" t="16" w="1335" /><ent r="5" t="16" w="1334" /></phr></stem><stem n="ifinoctets.1,"><phr n="ifInOctets.1,"><ent r="3" t="16" w="943" /><ent r="3" t="16" w="942" /></phr></stem><stem n=".1,"><phr n=".1,"><ent r="3" t="16" w="944" /><ent r="3" t="18" w="573" /><ent r="3" t="18" w="1045" /><ent r="3" t="18" w="1329" /><ent r="3" t="18" w="1640" /></phr></stem><stem n="&quot;bytes/sec"><phr n="&quot;bytes/sec"><ent r="3" t="16" w="946" /><ent r="3" t="16" w="956" /><ent r="3" t="16" w="1456" /></phr></stem><stem n="ifinoctets2"><phr n="ifInOctets2"><ent r="3" t="16" w="951" /><ent r="3" t="16" w="1451" /></phr></stem><stem n="ifinoctets.$if"><phr n="ifInOctets.$if"><ent r="3" t="16" w="953" /><ent r="3" t="16" w="952" /><ent r="3" t="16" w="1453" /><ent r="3" t="16" w="1452" /></phr></stem><stem n="$if"><phr n="$if"><ent r="3" t="16" w="953" /><ent r="5" t="16" w="1190" /><ent r="4" t="16" w="1200" /><ent r="5" t="16" w="1229" /><ent r="4" t="16" w="1438" /><ent r="3" t="16" w="1453" /></phr></stem><stem n="ifinoctets.$if,"><phr n="ifInOctets.$if,"><ent r="3" t="16" w="953" /><ent r="3" t="16" w="952" /><ent r="3" t="16" w="1453" /><ent r="3" t="16" w="1452" /></phr></stem><stem n=".$if,"><phr n=".$if,"><ent r="3" t="16" w="954" /><ent r="3" t="16" w="1454" /></phr></stem><stem n="{if}&quot;"><phr n="{if}&quot;"><ent r="3" t="16" w="962" /><ent r="3" t="16" w="1462" /></phr></stem><stem n="tempf"><phr n="TempF"><ent r="3" t="16" w="962" /><ent r="3" t="16" w="1504" /><ent r="3" t="16" w="1517" /></phr></stem><stem n="($tempc"><phr n="($TempC"><ent r="3" t="16" w="963" /><ent r="5" t="16" w="1254" /><ent r="3" t="16" w="1505" /></phr></stem><stem n="$tempc"><phr n="$TempC"><ent r="3" t="16" w="963" /><ent r="5" t="16" w="1254" /><ent r="5" t="16" w="1261" /><ent r="3" t="16" w="1505" /></phr></stem><stem n="1.8"><phr n="1.8"><ent r="3" t="16" w="965" /><ent r="3" t="16" w="964" /><ent r="5" t="16" w="1256" /><ent r="5" t="16" w="1255" /><ent r="3" t="16" w="1507" /><ent r="3" t="16" w="1506" /></phr></stem><stem n="8"><phr n="8"><ent r="3" t="16" w="965" /><ent r="5" t="16" w="1256" /><ent r="3" t="16" w="1507" /><ent r="3" t="16" w="1665" /><ent r="4" t="18" w="1611" /><ent r="3" t="18" w="1718" /><ent r="3" t="23" w="985" /><ent r="3" t="23" w="1151" /><ent r="3" t="23" w="2343" /><ent r="3" t="31" w="77" /><ent r="3" t="31" w="960" /><ent r="3" t="31" w="1705" /><ent r="3" t="54" w="997" /></phr></stem><stem n="+32"><phr n="+32"><ent r="3" t="16" w="966" /><ent r="5" t="16" w="1257" /><ent r="3" t="16" w="1508" /></phr></stem><stem n=".8)+32,"><phr n=".8)+32,"><ent r="3" t="16" w="967" /><ent r="3" t="16" w="1509" /></phr></stem><stem n="$sysdescr"><phr n="$sysDescr"><ent r="5" t="16" w="975" /><ent r="3" t="23" w="2812" /><ent r="4" t="23" w="2861" /><ent r="6" t="23" w="2888" /></phr></stem><stem n=".3.6.1.2.1.1.1.0"><phr n=".3.6.1.2.1.1.1.0"><ent r="4" t="16" w="991" /><ent r="5" t="16" w="1404" /><ent r="3" t="54" w="869" /></phr></stem><stem n="$sysloc"><phr n="$sysLocation"><ent r="5" t="16" w="1009" /></phr></stem><stem n="(which"><phr n="(which"><ent r="4" t="16" w="1019" /><ent r="4" t="18" w="233" /><ent r="3" t="22" w="261" /><ent r="3" t="36" w="1584" /></phr></stem><stem n="equival"><phr n="equivalent"><ent r="4" t="16" w="1021" /><ent r="4" t="18" w="911" /><ent r="3" t="28" w="764" /></phr></stem><stem n="1.3.6.1.2.1.1.6"><phr n="1.3.6.1.2.1.1.6"><ent r="4" t="16" w="1032" /><ent r="4" t="16" w="1025" /><ent r="3" t="53" w="387" /><ent r="3" t="53" w="380" /><ent r="3" t="54" w="962" /><ent r="3" t="54" w="955" /></phr></stem><stem n="1.3.6.1.2.1.1.6.0"><phr n="1.3.6.1.2.1.1.6.0"><ent r="4" t="16" w="1033" /><ent r="4" t="16" w="1025" /><ent r="3" t="54" w="963" /><ent r="3" t="54" w="955" /></phr></stem><stem n=".3.6.1.2.1.1.6.0)."><phr n=".3.6.1.2.1.1.6.0)."><ent r="4" t="16" w="1034" /></phr></stem><stem n="$ipinhdrerror"><phr n="$ipInHdrErrors"><ent r="5" t="16" w="1059" /></phr></stem><stem n="*per"><phr n="*per"><ent r="4" t="16" w="1085" /></phr></stem><stem n="*."><phr n="*."><ent r="4" t="16" w="1087" /></phr></stem><stem n="$ifinoctets1"><phr n="$ifInOctets1"><ent r="5" t="16" w="1088" /><ent r="5" t="16" w="1224" /></phr></stem></index>