<?xml version="1.0" encoding="utf-8"?><index><stem n="b/bold"><phr n="B/Bold"><ent r="100" t="11" w="362" /><ent r="100" t="11" w="361" /></phr></stem><stem n="/plain"><phr n="/Plain"><ent r="100" t="11" w="365" /></phr></stem><stem n="p/plain"><phr n="P/Plain"><ent r="100" t="11" w="365" /><ent r="100" t="11" w="364" /></phr></stem><stem n="\b\bold"><phr n="\b\Bold"><ent r="7" t="11" w="369" /></phr></stem><stem n="\i\bold"><phr n="\i\Bold"><ent r="7" t="11" w="371" /></phr></stem><stem n="\!b\ital"><phr n="\!b\Italic"><ent r="7" t="11" w="374" /></phr></stem><stem n="\p\plain"><phr n="\p\Plain"><ent r="7" t="11" w="376" /></phr></stem><stem n="\m1++\big"><phr n="\M1++\Big"><ent r="7" t="11" w="388" /></phr></stem><stem n="\p\"><phr n="\p\"><ent r="7" t="11" w="392" /><ent r="3" t="14" w="350" /><ent r="3" t="14" w="819" /><ent r="3" t="31" w="237" /><ent r="3" t="31" w="393" /><ent r="3" t="31" w="548" /><ent r="3" t="38" w="228" /><ent r="3" t="38" w="282" /><ent r="3" t="38" w="323" /><ent r="3" t="38" w="359" /><ent r="3" t="38" w="378" /><ent r="3" t="38" w="397" /><ent r="3" t="42" w="484" /><ent r="3" t="42" w="745" /><ent r="3" t="45" w="336" /><ent r="3" t="47" w="65" /><ent r="3" t="48" w="550" /></phr><phr n="\P\"><ent r="3" t="14" w="249" /><ent r="3" t="19" w="374" /><ent r="3" t="26" w="146" /><ent r="3" t="31" w="158" /><ent r="3" t="38" w="172" /></phr></stem><stem n="2u"><phr n="2U"><ent r="7" t="11" w="397" /><ent r="7" t="11" w="409" /><ent r="3" t="11" w="442" /></phr></stem><stem n="www.exampl"><phr n="www.example"><ent r="7" t="11" w="400" /><ent r="7" t="11" w="399" /><ent r="7" t="11" w="406" /><ent r="7" t="11" w="405" /><ent r="7" t="11" w="412" /><ent r="7" t="11" w="411" /><ent r="4" t="11" w="483" /><ent r="4" t="11" w="482" /><ent r="3" t="54" w="967" /><ent r="3" t="54" w="966" /><ent r="7" t="69" w="2055" /><ent r="7" t="69" w="2054" /><ent r="7" t="69" w="2123" /><ent r="7" t="69" w="2122" /></phr></stem><stem n="www.example.com"><phr n="www.example.com"><ent r="7" t="11" w="401" /><ent r="7" t="11" w="399" /><ent r="7" t="11" w="407" /><ent r="7" t="11" w="405" /><ent r="7" t="11" w="413" /><ent r="7" t="11" w="411" /><ent r="4" t="11" w="484" /><ent r="4" t="11" w="482" /><ent r="3" t="54" w="968" /><ent r="3" t="54" w="966" /><ent r="7" t="69" w="2056" /><ent r="7" t="69" w="2054" /><ent r="7" t="69" w="2124" /><ent r="7" t="69" w="2122" /></phr></stem><stem n="p0"><phr n="p0"><ent r="7" t="11" w="402" /><ent r="7" t="11" w="416" /><ent r="3" t="14" w="1129" /><ent r="3" t="31" w="356" /><ent r="3" t="48" w="585" /><ent r="3" t="48" w="659" /><ent r="3" t="48" w="665" /></phr><phr n="P0"><ent r="3" t="13" w="2557" /><ent r="3" t="13" w="2562" /><ent r="3" t="47" w="184" /><ent r="3" t="47" w="262" /></phr></stem><stem n="\2u\http://www.example.com\p0\"><phr n="\2U\http://www.example.com\p0\"><ent r="7" t="11" w="403" /></phr></stem><stem n="://www.example.com"><phr n="://www.example.com"><ent r="7" t="11" w="407" /><ent r="3" t="54" w="968" /></phr></stem><stem n="\2u=http://www.example.com\text"><phr n="\2U=http://www.example.com\Text"><ent r="7" t="11" w="414" /></phr></stem><stem n="\p0\"><phr n="\p0\"><ent r="7" t="11" w="417" /><ent r="3" t="14" w="1130" /><ent r="3" t="31" w="357" /><ent r="3" t="48" w="660" /><ent r="3" t="48" w="666" /></phr></stem><stem n="last"><phr n="last"><ent r="3" t="11" w="426" /><ent r="4" t="11" w="499" /><ent r="5" t="13" w="1085" /><ent r="5" t="13" w="1117" /><ent r="3" t="14" w="559" /><ent r="5" t="34" w="1416" /><ent r="5" t="50" w="104" /><ent r="100" t="67" w="466" /><ent r="7" t="67" w="471" /><ent r="6" t="69" w="439" /><ent r="6" t="69" w="455" /><ent r="6" t="69" w="2190" /></phr><phr n="LAST"><ent r="3" t="32" w="88" /></phr></stem><stem n="both"><phr n="both"><ent r="3" t="11" w="440" /><ent r="4" t="11" w="525" /><ent r="3" t="14" w="879" /><ent r="4" t="17" w="381" /><ent r="3" t="25" w="911" /><ent r="4" t="28" w="815" /><ent r="3" t="33" w="905" /><ent r="3" t="34" w="625" /><ent r="3" t="37" w="56" /><ent r="3" t="39" w="471" /><ent r="3" t="46" w="422" /><ent r="3" t="63" w="338" /><ent r="5" t="68" w="234" /><ent r="3" t="70" w="409" /></phr><phr n="Both"><ent r="3" t="13" w="2188" /><ent r="3" t="14" w="894" /><ent r="4" t="16" w="1411" /><ent r="4" t="36" w="1958" /><ent r="3" t="36" w="2428" /><ent r="3" t="60" w="47" /><ent r="3" t="60" w="57" /></phr></stem><stem n="&quot;\2u\&quot;"><phr n="&quot;\2U\&quot;"><ent r="3" t="11" w="443" /></phr></stem><stem n="&quot;set"><phr n="&quot;set"><ent r="3" t="11" w="444" /></phr></stem><stem n=".&quot;"><phr n=".&quot;"><ent r="3" t="11" w="452" /><ent r="3" t="18" w="1337" /><ent r="3" t="28" w="1060" /><ent r="3" t="32" w="131" /><ent r="3" t="32" w="144" /><ent r="3" t="32" w="151" /><ent r="3" t="32" w="160" /><ent r="3" t="32" w="235" /><ent r="3" t="32" w="270" /><ent r="3" t="32" w="301" /><ent r="3" t="32" w="326" /><ent r="3" t="32" w="353" /><ent r="3" t="32" w="391" /><ent r="3" t="32" w="422" /><ent r="3" t="36" w="1559" /><ent r="3" t="36" w="1605" /><ent r="3" t="36" w="3426" /><ent r="3" t="36" w="4031" /><ent r="3" t="36" w="4479" /><ent r="3" t="38" w="597" /><ent r="3" t="41" w="139" /><ent r="3" t="44" w="73" /><ent r="93" t="53" w="195" /></phr></stem><stem n="close"><phr n="closing"><ent r="4" t="11" w="474" /><ent r="4" t="34" w="760" /><ent r="4" t="34" w="786" /><ent r="4" t="39" w="802" /></phr><phr n="closed"><ent r="3" t="15" w="832" /><ent r="3" t="24" w="39" /></phr><phr n="closely"><ent r="3" t="20" w="314" /><ent r="6" t="69" w="2383" /></phr><phr n="closes"><ent r="3" t="36" w="2001" /><ent r="3" t="36" w="2031" /><ent r="3" t="36" w="2468" /><ent r="3" t="36" w="3323" /><ent r="3" t="36" w="4248" /></phr><phr n="close"><ent r="3" t="42" w="641" /></phr></stem><stem n="://www.example.com),"><phr n="://www.example.com),"><ent r="4" t="11" w="485" /></phr></stem><stem n="&quot;=[url]&quot;,"><phr n="&quot;=[URL]&quot;,"><ent r="4" t="11" w="508" /></phr></stem><stem n="(&quot;text"><phr n="(&quot;Text"><ent r="4" t="11" w="513" /></phr></stem><stem n="quit"><phr n="quite"><ent r="3" t="12" w="18" /></phr><phr n="QUIT"><ent r="100" t="36" w="18" /><ent r="3" t="36" w="3958" /></phr><phr n="quit"><ent r="3" t="42" w="865" /><ent r="3" t="42" w="936" /></phr><phr n="Quit"><ent r="3" t="60" w="934" /></phr></stem><stem n="interspers"><phr n="interspersed"><ent r="3" t="12" w="28" /></phr></stem><stem n="anywher"><phr n="anywhere"><ent r="3" t="12" w="29" /><ent r="3" t="34" w="1738" /></phr></stem><stem n="complic"><phr n="complicated"><ent r="3" t="12" w="41" /></phr></stem><stem n="simplifi"><phr n="simplified"><ent r="3" t="12" w="46" /><ent r="3" t="34" w="1748" /></phr></stem><stem n="rule"><phr n="rule"><ent r="3" t="12" w="50" /><ent r="3" t="12" w="77" /><ent r="82" t="21" w="1038" /><ent r="3" t="21" w="1092" /><ent r="3" t="21" w="1114" /><ent r="3" t="21" w="1263" /><ent r="3" t="21" w="1267" /><ent r="3" t="22" w="30" /><ent r="3" t="22" w="32" /><ent r="4" t="22" w="60" /><ent r="3" t="22" w="69" /><ent r="4" t="22" w="74" /><ent r="3" t="34" w="1752" /><ent r="3" t="53" w="131" /></phr><phr n="rules"><ent r="3" t="14" w="586" /><ent r="3" t="21" w="1055" /></phr><phr n="Rules"><ent r="3" t="36" w="960" /><ent r="3" t="36" w="1082" /></phr></stem><stem n="begin"><phr n="Begin"><ent r="3" t="12" w="52" /><ent r="4" t="34" w="1754" /></phr><phr n="beginning"><ent r="3" t="12" w="120" /><ent r="3" t="23" w="1394" /><ent r="3" t="36" w="4126" /><ent r="6" t="69" w="2276" /><ent r="3" t="70" w="382" /></phr><phr n="begin"><ent r="3" t="13" w="446" /><ent r="3" t="19" w="240" /><ent r="3" t="19" w="446" /><ent r="3" t="19" w="481" /><ent r="3" t="19" w="513" /><ent r="3" t="19" w="543" /><ent r="3" t="21" w="589" /><ent r="4" t="23" w="774" /><ent r="3" t="23" w="1184" /><ent r="3" t="23" w="1632" /><ent r="3" t="25" w="145" /><ent r="3" t="65" w="527" /></phr><phr n="begins"><ent r="3" t="25" w="205" /><ent r="4" t="36" w="1021" /><ent r="4" t="49" w="214" /></phr><phr n="BEGIN"><ent r="3" t="32" w="69" /></phr></stem><stem n="!--"><phr n="!--"><ent r="4" t="12" w="58" /><ent r="3" t="12" w="86" /><ent r="3" t="13" w="1896" /><ent r="3" t="13" w="1913" /><ent r="3" t="13" w="1951" /><ent r="3" t="13" w="1996" /><ent r="3" t="13" w="2018" /><ent r="3" t="14" w="51" /><ent r="3" t="14" w="732" /><ent r="3" t="18" w="596" /><ent r="3" t="18" w="617" /><ent r="3" t="18" w="639" /><ent r="3" t="18" w="661" /><ent r="3" t="18" w="674" /><ent r="3" t="18" w="688" /><ent r="3" t="18" w="701" /><ent r="3" t="18" w="1071" /><ent r="3" t="18" w="1082" /><ent r="3" t="18" w="1649" /><ent r="3" t="18" w="1660" /><ent r="3" t="18" w="1670" /><ent r="3" t="18" w="1680" /><ent r="3" t="18" w="1690" /><ent r="3" t="18" w="1699" /><ent r="3" t="18" w="1708" /><ent r="3" t="18" w="1718" /><ent r="3" t="19" w="289" /><ent r="3" t="26" w="10" /><ent r="3" t="31" w="21" /><ent r="3" t="31" w="708" /><ent r="5" t="34" w="1760" /><ent r="3" t="34" w="1780" /><ent r="3" t="38" w="83" /><ent r="3" t="42" w="431" /><ent r="3" t="42" w="696" /><ent r="3" t="44" w="75" /><ent r="3" t="45" w="221" /><ent r="3" t="47" w="10" /><ent r="3" t="48" w="476" /></phr></stem><stem n="--&gt;"><phr n="--&gt;"><ent r="4" t="12" w="63" /><ent r="4" t="12" w="64" /><ent r="3" t="12" w="104" /><ent r="3" t="12" w="105" /><ent r="3" t="13" w="1670" /><ent r="3" t="13" w="1671" /><ent r="3" t="13" w="1676" /><ent r="3" t="13" w="1677" /><ent r="3" t="13" w="1683" /><ent r="3" t="13" w="1684" /><ent r="3" t="13" w="1694" /><ent r="3" t="13" w="1695" /><ent r="3" t="13" w="1702" /><ent r="3" t="13" w="1703" /><ent r="3" t="13" w="1714" /><ent r="3" t="13" w="1715" /><ent r="3" t="13" w="1723" /><ent r="3" t="13" w="1724" /><ent r="3" t="13" w="1732" /><ent r="3" t="13" w="1733" /><ent r="3" t="13" w="1904" /><ent r="3" t="13" w="1905" /><ent r="3" t="13" w="1920" /><ent r="3" t="13" w="1921" /><ent r="3" t="13" w="1971" /><ent r="3" t="13" w="1972" /><ent r="3" t="13" w="2001" /><ent r="3" t="13" w="2002" /><ent r="3" t="14" w="147" /><ent r="3" t="14" w="148" /><ent r="3" t="14" w="778" /><ent r="3" t="14" w="779" /><ent r="3" t="18" w="600" /><ent r="3" t="18" w="601" /><ent r="3" t="18" w="621" /><ent r="3" t="18" w="622" /><ent r="3" t="18" w="643" /><ent r="3" t="18" w="644" /><ent r="3" t="18" w="665" /><ent r="3" t="18" w="666" /><ent r="3" t="18" w="679" /><ent r="3" t="18" w="680" /><ent r="3" t="18" w="693" /><ent r="3" t="18" w="694" /><ent r="3" t="18" w="706" /><ent r="3" t="18" w="707" /><ent r="3" t="18" w="1072" /><ent r="3" t="18" w="1073" /><ent r="3" t="18" w="1083" /><ent r="3" t="18" w="1084" /><ent r="3" t="18" w="1650" /><ent r="3" t="18" w="1651" /><ent r="3" t="18" w="1661" /><ent r="3" t="18" w="1662" /><ent r="3" t="18" w="1671" /><ent r="3" t="18" w="1672" /><ent r="3" t="18" w="1681" /><ent r="3" t="18" w="1682" /><ent r="3" t="18" w="1691" /><ent r="3" t="18" w="1692" /><ent r="3" t="18" w="1700" /><ent r="3" t="18" w="1701" /><ent r="3" t="18" w="1709" /><ent r="3" t="18" w="1710" /><ent r="3" t="18" w="1719" /><ent r="3" t="18" w="1720" /><ent r="3" t="19" w="322" /><ent r="3" t="19" w="323" /><ent r="3" t="23" w="987" /><ent r="3" t="23" w="988" /><ent r="3" t="23" w="1150" /><ent r="3" t="23" w="1151" /><ent r="3" t="23" w="1155" /><ent r="3" t="23" w="1156" /><ent r="3" t="23" w="2005" /><ent r="3" t="23" w="2006" /><ent r="3" t="23" w="2025" /><ent r="3" t="23" w="2026" /><ent r="3" t="23" w="2047" /><ent r="3" t="23" w="2048" /><ent r="3" t="23" w="2067" /><ent r="3" t="23" w="2068" /><ent r="3" t="23" w="2089" /><ent r="3" t="23" w="2090" /><ent r="3" t="23" w="2111" /><ent r="3" t="23" w="2112" /><ent r="3" t="23" w="2120" /><ent r="3" t="23" w="2121" /><ent r="3" t="23" w="2127" /><ent r="3" t="23" w="2128" /><ent r="3" t="23" w="2135" /><ent r="3" t="23" w="2136" /><ent r="3" t="23" w="2145" /><ent r="3" t="23" w="2146" /><ent r="3" t="23" w="2321" /><ent r="3" t="23" w="2322" /><ent r="3" t="23" w="2328" /><ent r="3" t="23" w="2329" /><ent r="3" t="23" w="2335" /><ent r="3" t="23" w="2336" /><ent r="3" t="23" w="2342" /><ent r="3" t="23" w="2343" /><ent r="3" t="23" w="2646" /><ent r="3" t="23" w="2647" /><ent r="3" t="23" w="2654" /><ent r="3" t="23" w="2655" /><ent r="3" t="23" w="2662" /><ent r="3" t="23" w="2663" /><ent r="3" t="23" w="2667" /><ent r="3" t="23" w="2668" /><ent r="3" t="23" w="2678" /><ent r="3" t="23" w="2679" /><ent r="3" t="23" w="2683" /><ent r="3" t="23" w="2684" /><ent r="3" t="23" w="2688" /><ent r="3" t="23" w="2689" /><ent r="3" t="26" w="90" /><ent r="3" t="26" w="91" /><ent r="3" t="31" w="118" /><ent r="3" t="31" w="119" /><ent r="3" t="31" w="1120" /><ent r="3" t="31" w="1121" /><ent r="5" t="34" w="1765" /><ent r="5" t="34" w="1766" /><ent r="3" t="34" w="1791" /><ent r="3" t="34" w="1792" /><ent r="3" t="38" w="119" /><ent r="3" t="38" w="120" /><ent r="3" t="42" w="447" /><ent r="3" t="42" w="448" /><ent r="3" t="42" w="706" /><ent r="3" t="42" w="707" /><ent r="3" t="44" w="99" /><ent r="3" t="44" w="100" /><ent r="3" t="45" w="298" /><ent r="3" t="45" w="299" /><ent r="3" t="47" w="28" /><ent r="3" t="47" w="29" /><ent r="3" t="48" w="509" /><ent r="3" t="48" w="510" /></phr></stem><stem n="&gt;"><phr n="&gt;"><ent r="4" t="12" w="63" /><ent r="3" t="12" w="104" /><ent r="3" t="13" w="1670" /><ent r="3" t="13" w="1676" /><ent r="3" t="13" w="1683" /><ent r="3" t="13" w="1694" /><ent r="3" t="13" w="1702" /><ent r="3" t="13" w="1714" /><ent r="3" t="13" w="1723" /><ent r="3" t="13" w="1732" /><ent r="3" t="13" w="1904" /><ent r="3" t="13" w="1920" /><ent r="3" t="13" w="1971" /><ent r="3" t="13" w="2001" /><ent r="3" t="13" w="2021" /><ent r="3" t="13" w="2223" /><ent r="3" t="13" w="2233" /><ent r="3" t="13" w="2241" /><ent r="3" t="13" w="2251" /><ent r="3" t="14" w="147" /><ent r="3" t="14" w="778" /><ent r="3" t="17" w="158" /><ent r="3" t="17" w="165" /><ent r="3" t="17" w="174" /><ent r="3" t="17" w="179" /><ent r="3" t="17" w="187" /><ent r="3" t="17" w="197" /><ent r="3" t="17" w="351" /><ent r="3" t="17" w="352" /><ent r="3" t="18" w="600" /><ent r="3" t="18" w="621" /><ent r="3" t="18" w="643" /><ent r="3" t="18" w="665" /><ent r="3" t="18" w="679" /><ent r="3" t="18" w="693" /><ent r="3" t="18" w="706" /><ent r="3" t="18" w="1072" /><ent r="3" t="18" w="1083" /><ent r="3" t="18" w="1650" /><ent r="3" t="18" w="1661" /><ent r="3" t="18" w="1671" /><ent r="3" t="18" w="1681" /><ent r="3" t="18" w="1691" /><ent r="3" t="18" w="1700" /><ent r="3" t="18" w="1709" /><ent r="3" t="18" w="1719" /><ent r="3" t="19" w="322" /><ent r="3" t="21" w="39" /><ent r="3" t="21" w="59" /><ent r="3" t="21" w="65" /><ent r="3" t="21" w="70" /><ent r="3" t="21" w="75" /><ent r="3" t="21" w="79" /><ent r="4" t="21" w="165" /><ent r="3" t="21" w="991" /><ent r="3" t="21" w="1085" /><ent r="3" t="21" w="1417" /><ent r="3" t="21" w="1425" /><ent r="3" t="21" w="1434" /><ent r="3" t="21" w="1443" /><ent r="3" t="21" w="1451" /><ent r="3" t="21" w="1457" /><ent r="3" t="21" w="1461" /><ent r="3" t="21" w="1474" /><ent r="3" t="21" w="1482" /><ent r="3" t="21" w="1490" /><ent r="3" t="21" w="1496" /><ent r="3" t="21" w="1500" /><ent r="3" t="21" w="1509" /><ent r="3" t="21" w="1517" /><ent r="3" t="21" w="1525" /><ent r="3" t="21" w="1531" /><ent r="3" t="21" w="1535" /><ent r="3" t="22" w="179" /><ent r="3" t="22" w="186" /><ent r="3" t="22" w="191" /><ent r="3" t="22" w="197" /><ent r="3" t="22" w="201" /><ent r="4" t="23" w="142" /><ent r="4" t="23" w="144" /><ent r="4" t="23" w="357" /><ent r="4" t="23" w="359" /><ent r="3" t="23" w="987" /><ent r="3" t="23" w="1150" /><ent r="3" t="23" w="1155" /><ent r="3" t="23" w="2005" /><ent r="3" t="23" w="2025" /><ent r="3" t="23" w="2047" /><ent r="3" t="23" w="2067" /><ent r="3" t="23" w="2089" /><ent r="3" t="23" w="2111" /><ent r="3" t="23" w="2120" /><ent r="3" t="23" w="2127" /><ent r="3" t="23" w="2135" /><ent r="3" t="23" w="2145" /><ent r="3" t="23" w="2321" /><ent r="3" t="23" w="2328" /><ent r="3" t="23" w="2335" /><ent r="3" t="23" w="2342" /><ent r="7" t="23" w="2591" /><ent r="3" t="23" w="2646" /><ent r="3" t="23" w="2654" /><ent r="3" t="23" w="2662" /><ent r="3" t="23" w="2667" /><ent r="3" t="23" w="2678" /><ent r="3" t="23" w="2683" /><ent r="3" t="23" w="2688" /><ent r="3" t="26" w="90" /><ent r="4" t="30" w="54" /><ent r="3" t="31" w="118" /><ent r="3" t="31" w="1120" /><ent r="6" t="33" w="772" /><ent r="6" t="33" w="802" /><ent r="5" t="34" w="1765" /><ent r="3" t="34" w="1791" /><ent r="3" t="38" w="119" /><ent r="3" t="42" w="447" /><ent r="3" t="42" w="706" /><ent r="3" t="44" w="99" /><ent r="3" t="45" w="298" /><ent r="3" t="47" w="28" /><ent r="3" t="48" w="509" /><ent r="5" t="49" w="72" /><ent r="5" t="54" w="718" /><ent r="5" t="54" w="720" /><ent r="4" t="55" w="744" /><ent r="4" t="55" w="782" /><ent r="4" t="55" w="792" /><ent r="3" t="58" w="29" /><ent r="3" t="58" w="34" /><ent r="3" t="60" w="522" /><ent r="3" t="60" w="609" /><ent r="3" t="60" w="990" /><ent r="3" t="60" w="1122" /><ent r="4" t="65" w="473" /><ent r="3" t="66" w="108" /><ent r="3" t="66" w="136" /><ent r="5" t="66" w="224" /><ent r="7" t="69" w="1172" /><ent r="7" t="69" w="1200" /><ent r="7" t="69" w="1283" /><ent r="7" t="69" w="1351" /><ent r="7" t="69" w="1364" /><ent r="7" t="69" w="1467" /><ent r="7" t="69" w="1519" /><ent r="7" t="69" w="1675" /></phr></stem><stem n="--"><phr n="--"><ent r="4" t="12" w="70" /><ent r="4" t="12" w="71" /><ent r="3" t="12" w="134" /><ent r="3" t="12" w="135" /><ent r="3" t="14" w="198" /><ent r="3" t="14" w="199" /><ent r="3" t="14" w="206" /><ent r="3" t="14" w="207" /><ent r="3" t="14" w="220" /><ent r="3" t="14" w="221" /><ent r="3" t="14" w="412" /><ent r="3" t="14" w="413" /><ent r="3" t="14" w="425" /><ent r="3" t="14" w="426" /><ent r="3" t="14" w="452" /><ent r="3" t="14" w="453" /><ent r="3" t="14" w="462" /><ent r="3" t="14" w="463" /><ent r="3" t="14" w="477" /><ent r="3" t="14" w="478" /><ent r="3" t="14" w="526" /><ent r="3" t="14" w="527" /><ent r="3" t="14" w="538" /><ent r="3" t="14" w="539" /><ent r="3" t="14" w="551" /><ent r="3" t="14" w="552" /><ent r="3" t="14" w="585" /><ent r="3" t="14" w="586" /><ent r="3" t="14" w="606" /><ent r="3" t="14" w="607" /><ent r="3" t="14" w="619" /><ent r="3" t="14" w="620" /><ent r="3" t="14" w="1049" /><ent r="3" t="14" w="1050" /><ent r="3" t="14" w="1057" /><ent r="3" t="14" w="1058" /><ent r="3" t="14" w="1083" /><ent r="3" t="14" w="1084" /><ent r="3" t="16" w="1767" /><ent r="3" t="16" w="1768" /><ent r="3" t="16" w="1791" /><ent r="3" t="16" w="1792" /><ent r="3" t="16" w="1880" /><ent r="3" t="16" w="1881" /><ent r="3" t="16" w="1894" /><ent r="3" t="16" w="1895" /><ent r="3" t="16" w="1914" /><ent r="3" t="16" w="1915" /><ent r="3" t="16" w="1938" /><ent r="3" t="16" w="1939" /><ent r="3" t="16" w="1950" /><ent r="3" t="16" w="1951" /><ent r="3" t="16" w="1981" /><ent r="3" t="16" w="1982" /><ent r="3" t="16" w="2001" /><ent r="3" t="16" w="2002" /><ent r="3" t="19" w="362" /><ent r="3" t="19" w="363" /><ent r="3" t="19" w="392" /><ent r="3" t="19" w="393" /><ent r="3" t="19" w="398" /><ent r="3" t="19" w="399" /><ent r="3" t="19" w="406" /><ent r="3" t="19" w="407" /><ent r="3" t="19" w="414" /><ent r="3" t="19" w="415" /><ent r="3" t="19" w="426" /><ent r="3" t="19" w="427" /><ent r="3" t="21" w="52" /><ent r="3" t="21" w="53" /><ent r="3" t="21" w="1390" /><ent r="3" t="21" w="1391" /><ent r="3" t="21" w="1394" /><ent r="3" t="21" w="1395" /><ent r="3" t="21" w="1464" /><ent r="3" t="21" w="1465" /><ent r="3" t="22" w="172" /><ent r="3" t="22" w="173" /><ent r="4" t="24" w="111" /><ent r="4" t="24" w="112" /><ent r="4" t="24" w="133" /><ent r="4" t="24" w="134" /><ent r="4" t="24" w="160" /><ent r="4" t="24" w="161" /><ent r="4" t="24" w="184" /><ent r="4" t="24" w="185" /><ent r="3" t="26" w="303" /><ent r="3" t="26" w="304" /><ent r="3" t="26" w="315" /><ent r="3" t="26" w="316" /><ent r="3" t="26" w="343" /><ent r="3" t="26" w="344" /><ent r="3" t="26" w="352" /><ent r="3" t="26" w="353" /><ent r="3" t="26" w="366" /><ent r="3" t="26" w="367" /><ent r="3" t="26" w="396" /><ent r="3" t="26" w="397" /><ent r="3" t="26" w="408" /><ent r="3" t="26" w="409" /><ent r="3" t="28" w="700" /><ent r="3" t="28" w="701" /><ent r="3" t="31" w="1121" /><ent r="3" t="31" w="1122" /><ent r="3" t="31" w="1133" /><ent r="3" t="31" w="1134" /><ent r="3" t="31" w="1148" /><ent r="3" t="31" w="1149" /><ent r="3" t="31" w="1155" /><ent r="3" t="31" w="1156" /><ent r="3" t="31" w="1164" /><ent r="3" t="31" w="1165" /><ent r="3" t="31" w="1269" /><ent r="3" t="31" w="1270" /><ent r="3" t="31" w="1322" /><ent r="3" t="31" w="1323" /><ent r="3" t="32" w="47" /><ent r="3" t="32" w="48" /><ent r="3" t="32" w="47" /><ent r="3" t="32" w="48" /><ent r="3" t="32" w="54" /><ent r="3" t="32" w="55" /><ent r="3" t="32" w="54" /><ent r="3" t="32" w="55" /><ent r="3" t="32" w="56" /><ent r="3" t="32" w="57" /><ent r="3" t="32" w="56" /><ent r="3" t="32" w="57" /><ent r="3" t="32" w="63" /><ent r="3" t="32" w="64" /><ent r="3" t="32" w="66" /><ent r="3" t="32" w="67" /><ent r="3" t="32" w="355" /><ent r="3" t="32" w="356" /><ent r="3" t="32" w="368" /><ent r="3" t="32" w="369" /><ent r="3" t="32" w="368" /><ent r="3" t="32" w="369" /><ent r="3" t="32" w="368" /><ent r="3" t="32" w="369" /><ent r="3" t="32" w="371" /><ent r="3" t="32" w="372" /><ent r="3" t="32" w="373" /><ent r="3" t="32" w="374" /><ent r="3" t="32" w="376" /><ent r="3" t="32" w="377" /><ent r="3" t="32" w="378" /><ent r="3" t="32" w="379" /><ent r="3" t="32" w="379" /><ent r="3" t="32" w="380" /><ent r="3" t="32" w="391" /><ent r="3" t="32" w="392" /><ent r="3" t="34" w="1708" /><ent r="3" t="34" w="1709" /><ent r="5" t="34" w="1772" /><ent r="5" t="34" w="1773" /><ent r="3" t="36" w="1723" /><ent r="3" t="36" w="1724" /><ent r="3" t="36" w="4228" /><ent r="3" t="36" w="4229" /><ent r="3" t="42" w="526" /><ent r="3" t="42" w="527" /><ent r="3" t="42" w="533" /><ent r="3" t="42" w="534" /><ent r="3" t="42" w="764" /><ent r="3" t="42" w="765" /><ent r="3" t="42" w="791" /><ent r="3" t="42" w="792" /><ent r="3" t="47" w="204" /><ent r="3" t="47" w="205" /><ent r="3" t="47" w="221" /><ent r="3" t="47" w="222" /><ent r="3" t="48" w="615" /><ent r="3" t="48" w="616" /><ent r="3" t="54" w="841" /><ent r="3" t="54" w="842" /><ent r="3" t="54" w="1126" /><ent r="3" t="54" w="1127" /><ent r="6" t="69" w="354" /><ent r="6" t="69" w="355" /></phr></stem><stem n="well"><phr n="well"><ent r="3" t="12" w="81" /><ent r="3" t="13" w="1492" /><ent r="3" t="13" w="1846" /><ent r="3" t="14" w="1310" /><ent r="4" t="15" w="143" /><ent r="3" t="16" w="1595" /><ent r="3" t="17" w="308" /><ent r="3" t="18" w="1547" /><ent r="3" t="20" w="750" /><ent r="4" t="23" w="170" /><ent r="3" t="31" w="256" /><ent r="3" t="34" w="1674" /><ent r="3" t="36" w="1697" /><ent r="3" t="36" w="4301" /><ent r="3" t="37" w="278" /><ent r="4" t="48" w="430" /><ent r="3" t="50" w="60" /><ent r="3" t="51" w="73" /><ent r="3" t="61" w="80" /><ent r="3" t="61" w="132" /><ent r="6" t="67" w="626" /><ent r="6" t="67" w="690" /><ent r="3" t="73" w="101" /></phr></stem><stem n="span"><phr n="spans"><ent r="3" t="12" w="94" /></phr></stem><stem n="double-hyphen"><phr n="double-hyphens"><ent r="3" t="12" w="101" /></phr></stem><stem n="hyphen"><phr n="hyphens"><ent r="3" t="12" w="102" /></phr></stem><stem n="-hyphens."><phr n="-hyphens."><ent r="3" t="12" w="103" /><ent r="3" t="12" w="103" /></phr></stem><stem n="one-lin"><phr n="One-line"><ent r="92" t="12" w="107" /></phr></stem><stem n="&quot;--&quot;"><phr n="&quot;--&quot;"><ent r="3" t="12" w="118" /></phr></stem><stem n="macro"><phr n="Macros"><ent r="1000" t="13" w="6" /><ent r="102" t="13" w="13" /><ent r="65" t="13" w="76" /><ent r="92" t="13" w="1475" /><ent r="92" t="16" w="1579" /><ent r="64" t="16" w="1633" /><ent r="92" t="21" w="307" /><ent r="100" t="34" w="1380" /><ent r="82" t="34" w="1384" /><ent r="66" t="64" w="208" /><ent r="66" t="65" w="136" /><ent r="4" t="65" w="177" /><ent r="3" t="69" w="61" /><ent r="65" t="69" w="72" /><ent r="65" t="69" w="82" /><ent r="65" t="69" w="90" /><ent r="65" t="69" w="98" /><ent r="65" t="69" w="109" /><ent r="93" t="69" w="165" /><ent r="93" t="69" w="1149" /><ent r="93" t="69" w="1609" /><ent r="93" t="69" w="1770" /></phr><phr n="macro"><ent r="65" t="13" w="66" /><ent r="5" t="13" w="337" /><ent r="64" t="13" w="615" /><ent r="5" t="13" w="684" /><ent r="5" t="13" w="693" /><ent r="5" t="13" w="1313" /><ent r="82" t="13" w="1503" /><ent r="3" t="13" w="1509" /><ent r="3" t="13" w="1545" /><ent r="3" t="13" w="1561" /><ent r="4" t="13" w="1638" /><ent r="82" t="13" w="1743" /><ent r="3" t="13" w="1751" /><ent r="3" t="13" w="1810" /><ent r="3" t="13" w="1883" /><ent r="82" t="13" w="2028" /><ent r="3" t="13" w="2048" /><ent r="4" t="13" w="2161" /><ent r="4" t="13" w="2175" /><ent r="3" t="13" w="2203" /><ent r="3" t="13" w="2261" /><ent r="3" t="32" w="361" /><ent r="3" t="32" w="367" /><ent r="3" t="34" w="1387" /><ent r="65" t="36" w="1801" /><ent r="3" t="36" w="4625" /><ent r="3" t="40" w="401" /><ent r="3" t="40" w="421" /><ent r="3" t="42" w="242" /><ent r="3" t="43" w="53" /><ent r="4" t="45" w="145" /><ent r="3" t="45" w="296" /><ent r="3" t="46" w="682" /><ent r="4" t="48" w="182" /><ent r="4" t="48" w="238" /><ent r="64" t="48" w="951" /><ent r="4" t="65" w="154" /><ent r="3" t="65" w="266" /><ent r="4" t="65" w="330" /><ent r="6" t="67" w="185" /><ent r="3" t="69" w="11" /><ent r="3" t="69" w="48" /><ent r="6" t="69" w="1207" /><ent r="6" t="69" w="1224" /><ent r="6" t="69" w="1727" /><ent r="3" t="69" w="1822" /><ent r="6" t="69" w="2447" /><ent r="3" t="70" w="248" /></phr><phr n="Macro"><ent r="65" t="13" w="70" /><ent r="64" t="33" w="831" /><ent r="1000" t="69" w="1" /><ent r="100" t="69" w="4" /><ent r="102" t="69" w="7" /><ent r="65" t="69" w="70" /><ent r="93" t="69" w="118" /></phr><phr n="macros"><ent r="5" t="13" w="916" /><ent r="5" t="13" w="1462" /><ent r="3" t="13" w="1480" /><ent r="82" t="13" w="2118" /><ent r="3" t="13" w="2127" /><ent r="3" t="13" w="2189" /><ent r="3" t="16" w="1585" /><ent r="3" t="21" w="312" /><ent r="3" t="34" w="1403" /><ent r="3" t="46" w="107" /><ent r="4" t="46" w="341" /><ent r="3" t="65" w="260" /><ent r="3" t="65" w="464" /><ent r="3" t="65" w="662" /><ent r="3" t="66" w="57" /><ent r="3" t="66" w="169" /><ent r="3" t="69" w="35" /><ent r="3" t="69" w="180" /><ent r="3" t="69" w="208" /><ent r="93" t="69" w="647" /><ent r="3" t="69" w="1778" /><ent r="6" t="69" w="2302" /><ent r="6" t="69" w="2381" /></phr></stem></index>