<?xml version="1.0" encoding="utf-8"?><index><stem n="set"><phr n="sets"><ent r="4" t="3" w="245" /><ent r="4" t="3" w="262" /><ent r="4" t="3" w="535" /><ent r="3" t="7" w="238" /><ent r="4" t="15" w="210" /><ent r="6" t="16" w="523" /><ent r="6" t="16" w="559" /><ent r="6" t="16" w="576" /><ent r="3" t="16" w="1490" /><ent r="4" t="16" w="1753" /><ent r="3" t="21" w="283" /><ent r="3" t="21" w="299" /><ent r="4" t="21" w="675" /><ent r="4" t="21" w="684" /><ent r="3" t="21" w="869" /><ent r="3" t="27" w="177" /><ent r="3" t="33" w="42" /><ent r="3" t="33" w="93" /><ent r="3" t="33" w="645" /><ent r="3" t="34" w="276" /><ent r="3" t="34" w="300" /><ent r="3" t="36" w="1562" /><ent r="4" t="36" w="3115" /><ent r="4" t="36" w="3136" /><ent r="4" t="36" w="3505" /><ent r="4" t="36" w="3534" /><ent r="3" t="36" w="3612" /><ent r="4" t="36" w="3636" /><ent r="3" t="39" w="296" /><ent r="3" t="39" w="816" /><ent r="3" t="39" w="830" /><ent r="3" t="45" w="356" /><ent r="4" t="65" w="280" /><ent r="6" t="69" w="2389" /><ent r="6" t="69" w="2461" /></phr><phr n="set"><ent r="4" t="3" w="394" /><ent r="4" t="4" w="450" /><ent r="4" t="4" w="544" /><ent r="6" t="5" w="1009" /><ent r="6" t="5" w="1104" /><ent r="3" t="7" w="27" /><ent r="3" t="7" w="69" /><ent r="4" t="11" w="153" /><ent r="3" t="11" w="444" /><ent r="3" t="13" w="1662" /><ent r="3" t="14" w="1005" /><ent r="3" t="14" w="1220" /><ent r="3" t="14" w="1282" /><ent r="3" t="15" w="845" /><ent r="4" t="16" w="859" /><ent r="4" t="16" w="978" /><ent r="4" t="16" w="1012" /><ent r="4" t="16" w="1062" /><ent r="4" t="16" w="1091" /><ent r="3" t="16" w="1165" /><ent r="3" t="16" w="1168" /><ent r="4" t="16" w="1183" /><ent r="4" t="16" w="1202" /><ent r="4" t="16" w="1248" /><ent r="4" t="16" w="1264" /><ent r="3" t="16" w="1519" /><ent r="3" t="20" w="504" /><ent r="3" t="20" w="675" /><ent r="4" t="21" w="211" /><ent r="3" t="21" w="967" /><ent r="3" t="21" w="1158" /><ent r="3" t="23" w="67" /><ent r="3" t="23" w="291" /><ent r="3" t="24" w="94" /><ent r="3" t="25" w="850" /><ent r="3" t="25" w="881" /><ent r="3" t="27" w="189" /><ent r="3" t="28" w="39" /><ent r="4" t="28" w="70" /><ent r="4" t="28" w="74" /><ent r="4" t="28" w="88" /><ent r="4" t="28" w="92" /><ent r="4" t="28" w="142" /><ent r="3" t="28" w="188" /><ent r="3" t="28" w="500" /><ent r="3" t="28" w="521" /><ent r="3" t="28" w="579" /><ent r="3" t="28" w="610" /><ent r="3" t="28" w="1016" /><ent r="3" t="31" w="1133" /><ent r="3" t="31" w="1156" /><ent r="65" t="33" w="322" /><ent r="3" t="33" w="385" /><ent r="3" t="33" w="466" /><ent r="3" t="33" w="665" /><ent r="3" t="33" w="728" /><ent r="3" t="33" w="746" /><ent r="64" t="34" w="63" /><ent r="3" t="36" w="1461" /><ent r="3" t="36" w="1599" /><ent r="3" t="36" w="3442" /><ent r="3" t="36" w="3468" /><ent r="4" t="36" w="3668" /><ent r="3" t="37" w="282" /><ent r="100" t="38" w="174" /><ent r="3" t="38" w="195" /><ent r="3" t="38" w="308" /><ent r="3" t="38" w="422" /><ent r="4" t="39" w="246" /><ent r="64" t="39" w="409" /><ent r="4" t="39" w="961" /><ent r="4" t="39" w="1024" /><ent r="3" t="39" w="1160" /><ent r="3" t="41" w="80" /><ent r="3" t="41" w="156" /><ent r="3" t="44" w="154" /><ent r="64" t="46" w="38" /><ent r="3" t="46" w="135" /><ent r="4" t="46" w="304" /><ent r="3" t="47" w="83" /><ent r="4" t="53" w="106" /><ent r="3" t="64" w="29" /><ent r="7" t="67" w="422" /><ent r="7" t="67" w="575" /><ent r="6" t="69" w="1097" /><ent r="6" t="69" w="1130" /><ent r="6" t="69" w="2360" /><ent r="6" t="69" w="2373" /><ent r="6" t="69" w="2439" /></phr><phr n="Set"><ent r="3" t="4" w="772" /><ent r="6" t="5" w="655" /><ent r="4" t="6" w="91" /><ent r="3" t="7" w="33" /><ent r="3" t="7" w="100" /><ent r="4" t="7" w="200" /><ent r="3" t="7" w="344" /><ent r="5" t="11" w="180" /><ent r="5" t="11" w="194" /><ent r="5" t="11" w="240" /><ent r="5" t="11" w="249" /><ent r="5" t="11" w="260" /><ent r="5" t="11" w="274" /><ent r="5" t="11" w="309" /><ent r="4" t="23" w="2863" /><ent r="3" t="31" w="411" /><ent r="3" t="31" w="564" /><ent r="100" t="38" w="180" /><ent r="100" t="38" w="274" /><ent r="4" t="39" w="1072" /><ent r="3" t="42" w="839" /><ent r="3" t="42" w="842" /><ent r="4" t="49" w="90" /><ent r="4" t="49" w="126" /><ent r="5" t="49" w="177" /><ent r="3" t="60" w="1197" /><ent r="3" t="60" w="1242" /><ent r="3" t="60" w="1261" /><ent r="3" t="60" w="1316" /><ent r="3" t="60" w="1365" /><ent r="6" t="69" w="814" /><ent r="6" t="69" w="1111" /><ent r="6" t="69" w="1259" /></phr><phr n="setting"><ent r="6" t="5" w="674" /><ent r="6" t="5" w="707" /><ent r="3" t="8" w="356" /><ent r="3" t="14" w="281" /><ent r="3" t="14" w="588" /><ent r="3" t="14" w="1019" /><ent r="3" t="21" w="1244" /><ent r="5" t="36" w="1831" /></phr><phr n="Setting"><ent r="6" t="5" w="695" /><ent r="4" t="24" w="241" /><ent r="3" t="60" w="623" /></phr><phr n="settings"><ent r="6" t="5" w="931" /><ent r="3" t="20" w="659" /><ent r="3" t="57" w="159" /><ent r="4" t="64" w="379" /></phr><phr n="Settings"><ent r="100" t="5" w="1196" /><ent r="5" t="5" w="1220" /><ent r="3" t="14" w="1064" /><ent r="100" t="15" w="796" /><ent r="92" t="15" w="800" /><ent r="4" t="30" w="53" /><ent r="5" t="40" w="180" /><ent r="3" t="42" w="769" /><ent r="3" t="45" w="216" /><ent r="3" t="46" w="207" /><ent r="100" t="46" w="241" /><ent r="5" t="46" w="293" /><ent r="3" t="47" w="159" /><ent r="3" t="47" w="209" /><ent r="4" t="48" w="345" /><ent r="4" t="49" w="118" /><ent r="4" t="49" w="284" /><ent r="4" t="50" w="28" /><ent r="4" t="54" w="260" /><ent r="100" t="54" w="756" /><ent r="4" t="54" w="768" /><ent r="3" t="55" w="125" /><ent r="4" t="56" w="75" /><ent r="3" t="56" w="149" /><ent r="3" t="56" w="176" /><ent r="3" t="57" w="16" /><ent r="3" t="57" w="118" /><ent r="3" t="57" w="205" /><ent r="3" t="57" w="250" /><ent r="6" t="57" w="254" /><ent r="3" t="60" w="55" /><ent r="3" t="60" w="89" /><ent r="6" t="60" w="165" /><ent r="3" t="60" w="241" /><ent r="3" t="60" w="336" /><ent r="4" t="60" w="452" /><ent r="3" t="60" w="467" /><ent r="3" t="60" w="852" /><ent r="100" t="64" w="356" /><ent r="100" t="64" w="359" /><ent r="6" t="64" w="362" /><ent r="4" t="69" w="1598" /><ent r="100" t="70" w="35" /><ent r="4" t="70" w="38" /><ent r="100" t="77" w="14" /><ent r="5" t="77" w="38" /></phr><phr n="Sets"><ent r="4" t="36" w="885" /><ent r="5" t="37" w="179" /><ent r="6" t="69" w="2347" /></phr></stem><stem n="statu"><phr n="status"><ent r="4" t="3" w="249" /><ent r="4" t="3" w="266" /><ent r="4" t="3" w="367" /><ent r="4" t="3" w="396" /><ent r="4" t="3" w="457" /><ent r="4" t="3" w="511" /><ent r="4" t="3" w="539" /><ent r="4" t="4" w="313" /><ent r="4" t="4" w="489" /><ent r="6" t="5" w="1107" /><ent r="3" t="7" w="131" /><ent r="3" t="13" w="2460" /><ent r="3" t="13" w="2520" /><ent r="3" t="14" w="766" /><ent r="3" t="15" w="102" /><ent r="4" t="15" w="213" /><ent r="4" t="15" w="227" /><ent r="4" t="15" w="444" /><ent r="4" t="17" w="50" /><ent r="3" t="17" w="96" /><ent r="3" t="17" w="102" /><ent r="3" t="17" w="267" /><ent r="3" t="17" w="276" /><ent r="3" t="17" w="282" /><ent r="3" t="18" w="319" /><ent r="3" t="18" w="322" /><ent r="3" t="18" w="1749" /><ent r="3" t="18" w="1789" /><ent r="3" t="20" w="114" /><ent r="4" t="21" w="226" /><ent r="3" t="21" w="285" /><ent r="4" t="21" w="770" /><ent r="4" t="21" w="836" /><ent r="3" t="23" w="69" /><ent r="3" t="26" w="215" /><ent r="3" t="27" w="180" /><ent r="3" t="28" w="1050" /><ent r="3" t="33" w="46" /><ent r="3" t="33" w="387" /><ent r="3" t="33" w="470" /><ent r="3" t="34" w="113" /><ent r="3" t="34" w="279" /><ent r="3" t="34" w="1553" /><ent r="66" t="36" w="523" /><ent r="65" t="36" w="701" /><ent r="4" t="36" w="706" /><ent r="84" t="36" w="1473" /><ent r="3" t="36" w="1531" /><ent r="3" t="36" w="1564" /><ent r="3" t="36" w="1649" /><ent r="5" t="36" w="1833" /><ent r="3" t="36" w="2104" /><ent r="3" t="36" w="2148" /><ent r="84" t="36" w="3356" /><ent r="3" t="36" w="3369" /><ent r="3" t="36" w="3399" /><ent r="3" t="36" w="4575" /><ent r="3" t="36" w="4619" /><ent r="3" t="38" w="197" /><ent r="3" t="38" w="306" /><ent r="3" t="38" w="348" /><ent r="3" t="38" w="420" /><ent r="3" t="39" w="58" /><ent r="3" t="39" w="300" /><ent r="3" t="39" w="335" /><ent r="3" t="45" w="359" /><ent r="3" t="45" w="464" /><ent r="3" t="46" w="168" /><ent r="3" t="46" w="686" /><ent r="4" t="46" w="797" /><ent r="93" t="53" w="200" /><ent r="93" t="53" w="278" /><ent r="3" t="53" w="338" /><ent r="93" t="53" w="445" /><ent r="4" t="59" w="88" /><ent r="6" t="69" w="301" /><ent r="3" t="70" w="108" /></phr><phr n="Status"><ent r="3" t="4" w="209" /><ent r="3" t="4" w="219" /><ent r="4" t="4" w="341" /><ent r="4" t="4" w="571" /><ent r="4" t="4" w="575" /><ent r="4" t="4" w="687" /><ent r="3" t="7" w="457" /><ent r="1000" t="10" w="2" /><ent r="100" t="10" w="5" /><ent r="100" t="10" w="8" /><ent r="100" t="10" w="15" /><ent r="100" t="10" w="18" /><ent r="102" t="10" w="21" /><ent r="3" t="10" w="41" /><ent r="92" t="10" w="119" /><ent r="3" t="10" w="155" /><ent r="3" t="10" w="166" /><ent r="3" t="10" w="178" /><ent r="3" t="10" w="203" /><ent r="92" t="10" w="295" /><ent r="3" t="10" w="326" /><ent r="3" t="10" w="336" /><ent r="92" t="10" w="351" /><ent r="3" t="10" w="384" /><ent r="3" t="10" w="394" /><ent r="3" t="11" w="31" /><ent r="3" t="14" w="623" /><ent r="4" t="15" w="252" /><ent r="4" t="15" w="472" /><ent r="100" t="15" w="730" /><ent r="92" t="15" w="734" /><ent r="3" t="15" w="763" /><ent r="100" t="15" w="784" /><ent r="64" t="15" w="788" /><ent r="3" t="17" w="319" /><ent r="92" t="19" w="19" /><ent r="3" t="19" w="56" /><ent r="3" t="19" w="67" /><ent r="3" t="19" w="79" /><ent r="3" t="19" w="104" /><ent r="3" t="19" w="387" /><ent r="3" t="21" w="567" /><ent r="3" t="26" w="161" /><ent r="3" t="26" w="250" /><ent r="3" t="28" w="999" /><ent r="3" t="28" w="1106" /><ent r="3" t="29" w="26" /><ent r="3" t="31" w="175" /><ent r="3" t="31" w="213" /><ent r="3" t="31" w="284" /><ent r="3" t="31" w="314" /><ent r="3" t="31" w="1203" /><ent r="3" t="31" w="1605" /><ent r="4" t="33" w="352" /><ent r="3" t="35" w="36" /><ent r="3" t="36" w="1591" /><ent r="3" t="37" w="228" /><ent r="64" t="37" w="261" /><ent r="3" t="37" w="299" /><ent r="4" t="39" w="268" /><ent r="3" t="42" w="905" /><ent r="3" t="43" w="25" /><ent r="4" t="48" w="99" /><ent r="3" t="52" w="36" /><ent r="3" t="60" w="1223" /><ent r="8" t="69" w="962" /><ent r="6" t="69" w="1380" /></phr><phr n="STATUS"><ent r="3" t="32" w="184" /><ent r="3" t="32" w="217" /><ent r="3" t="32" w="249" /><ent r="3" t="32" w="284" /><ent r="3" t="32" w="315" /><ent r="3" t="32" w="340" /><ent r="3" t="32" w="407" /><ent r="3" t="46" w="535" /></phr></stem><stem n="examin"><phr n="examines"><ent r="4" t="3" w="254" /><ent r="3" t="27" w="77" /><ent r="3" t="33" w="38" /><ent r="3" t="34" w="268" /><ent r="3" t="58" w="344" /></phr><phr n="examine"><ent r="3" t="34" w="104" /><ent r="3" t="41" w="67" /><ent r="3" t="41" w="124" /></phr></stem><stem n="(s)"><phr n="(s)"><ent r="4" t="3" w="258" /><ent r="3" t="27" w="66" /></phr></stem><stem n="accordingli"><phr n="accordingly"><ent r="4" t="3" w="267" /><ent r="4" t="3" w="540" /><ent r="3" t="14" w="995" /><ent r="4" t="21" w="679" /></phr></stem><stem n="type"><phr n="types"><ent r="3" t="3" w="278" /><ent r="3" t="3" w="354" /><ent r="3" t="4" w="32" /><ent r="6" t="5" w="117" /><ent r="6" t="5" w="492" /><ent r="3" t="6" w="45" /><ent r="3" t="7" w="166" /><ent r="3" t="7" w="283" /><ent r="3" t="7" w="575" /><ent r="6" t="16" w="302" /><ent r="7" t="16" w="632" /><ent r="3" t="18" w="149" /><ent r="3" t="25" w="231" /><ent r="3" t="43" w="38" /><ent r="3" t="43" w="68" /><ent r="4" t="64" w="260" /></phr><phr n="type"><ent r="3" t="3" w="312" /><ent r="3" t="4" w="195" /><ent r="3" t="4" w="237" /><ent r="3" t="4" w="246" /><ent r="6" t="5" w="103" /><ent r="6" t="5" w="107" /><ent r="6" t="5" w="155" /><ent r="6" t="5" w="182" /><ent r="6" t="5" w="196" /><ent r="6" t="5" w="214" /><ent r="6" t="5" w="231" /><ent r="100" t="5" w="478" /><ent r="6" t="5" w="481" /><ent r="3" t="5" w="743" /><ent r="3" t="5" w="773" /><ent r="4" t="5" w="818" /><ent r="3" t="7" w="220" /><ent r="3" t="7" w="587" /><ent r="3" t="10" w="50" /><ent r="3" t="11" w="116" /><ent r="3" t="13" w="98" /><ent r="3" t="13" w="297" /><ent r="3" t="13" w="503" /><ent r="5" t="13" w="771" /><ent r="3" t="13" w="982" /><ent r="3" t="14" w="151" /><ent r="3" t="14" w="175" /><ent r="3" t="14" w="703" /><ent r="3" t="14" w="780" /><ent r="3" t="14" w="800" /><ent r="3" t="15" w="7" /><ent r="4" t="15" w="288" /><ent r="3" t="15" w="358" /><ent r="4" t="16" w="236" /><ent r="4" t="16" w="271" /><ent r="6" t="16" w="285" /><ent r="6" t="16" w="289" /><ent r="7" t="16" w="405" /><ent r="6" t="16" w="537" /><ent r="7" t="16" w="551" /><ent r="6" t="16" w="640" /><ent r="3" t="16" w="1470" /><ent r="3" t="16" w="1701" /><ent r="3" t="18" w="310" /><ent r="3" t="19" w="324" /><ent r="3" t="19" w="344" /><ent r="4" t="21" w="414" /><ent r="3" t="21" w="1278" /><ent r="3" t="21" w="1298" /><ent r="3" t="23" w="2381" /><ent r="3" t="26" w="92" /><ent r="3" t="26" w="112" /><ent r="3" t="27" w="14" /><ent r="4" t="28" w="453" /><ent r="3" t="28" w="734" /><ent r="3" t="31" w="120" /><ent r="3" t="31" w="139" /><ent r="3" t="32" w="221" /><ent r="3" t="32" w="347" /><ent r="3" t="33" w="12" /><ent r="4" t="33" w="194" /><ent r="3" t="38" w="125" /><ent r="100" t="38" w="152" /><ent r="3" t="38" w="155" /><ent r="3" t="39" w="20" /><ent r="4" t="39" w="130" /><ent r="3" t="42" w="449" /><ent r="3" t="42" w="468" /><ent r="3" t="42" w="708" /><ent r="3" t="42" w="727" /><ent r="3" t="44" w="101" /><ent r="3" t="44" w="122" /><ent r="3" t="45" w="300" /><ent r="3" t="45" w="318" /><ent r="3" t="47" w="30" /><ent r="3" t="47" w="48" /><ent r="3" t="48" w="512" /><ent r="3" t="48" w="531" /><ent r="3" t="55" w="260" /><ent r="3" t="55" w="478" /><ent r="3" t="55" w="483" /><ent r="3" t="57" w="99" /><ent r="3" t="57" w="336" /><ent r="3" t="57" w="369" /><ent r="3" t="57" w="374" /><ent r="3" t="63" w="336" /><ent r="3" t="63" w="350" /><ent r="100" t="71" w="21" /><ent r="3" t="71" w="35" /><ent r="4" t="76" w="88" /></phr><phr n="Types"><ent r="92" t="3" w="314" /><ent r="92" t="7" w="163" /><ent r="66" t="64" w="249" /><ent r="1000" t="71" w="2" /><ent r="100" t="71" w="5" /><ent r="102" t="71" w="8" /></phr><phr n="Type"><ent r="100" t="4" w="12" /><ent r="5" t="4" w="110" /><ent r="92" t="4" w="230" /><ent r="100" t="5" w="120" /><ent r="5" t="13" w="967" /><ent r="3" t="15" w="592" /><ent r="100" t="16" w="103" /><ent r="3" t="16" w="136" /><ent r="5" t="16" w="245" /><ent r="6" t="16" w="647" /><ent r="10" t="16" w="666" /><ent r="3" t="18" w="637" /><ent r="3" t="18" w="1091" /><ent r="3" t="18" w="1364" /><ent r="3" t="31" w="1337" /><ent r="3" t="31" w="1355" /><ent r="3" t="31" w="1373" /><ent r="3" t="31" w="1391" /><ent r="3" t="31" w="1409" /><ent r="3" t="31" w="1427" /><ent r="3" t="31" w="1445" /><ent r="3" t="31" w="1463" /><ent r="3" t="31" w="1481" /><ent r="3" t="31" w="1499" /><ent r="3" t="31" w="1634" /><ent r="3" t="31" w="1650" /><ent r="100" t="46" w="244" /><ent r="4" t="46" w="307" /><ent r="100" t="49" w="168" /><ent r="3" t="60" w="1371" /></phr><phr n="TYPE"><ent r="3" t="15" w="624" /><ent r="3" t="16" w="907" /><ent r="3" t="32" w="74" /><ent r="3" t="32" w="76" /><ent r="3" t="32" w="174" /><ent r="3" t="32" w="207" /><ent r="3" t="32" w="239" /><ent r="3" t="32" w="274" /><ent r="3" t="32" w="305" /><ent r="3" t="32" w="330" /><ent r="3" t="32" w="360" /><ent r="3" t="32" w="366" /><ent r="3" t="32" w="370" /><ent r="3" t="32" w="399" /></phr><phr n="Typing"><ent r="3" t="54" w="1279" /></phr><phr n="typed"><ent r="6" t="69" w="692" /></phr></stem><stem n="structur"><phr n="structure"><ent r="3" t="3" w="284" /></phr><phr n="Structure"><ent r="1000" t="70" w="2" /><ent r="100" t="70" w="5" /><ent r="102" t="70" w="8" /></phr></stem><stem n="outlin"><phr n="outlined"><ent r="3" t="3" w="286" /></phr><phr n="outline"><ent r="3" t="18" w="289" /><ent r="3" t="18" w="543" /></phr><phr n="outLine"><ent r="3" t="25" w="512" /></phr></stem><stem n="anatomi"><phr n="Anatomy"><ent r="64" t="3" w="289" /><ent r="1000" t="4" w="1" /><ent r="102" t="4" w="6" /></phr></stem><stem n="common"><phr n="common"><ent r="3" t="3" w="297" /><ent r="3" t="4" w="28" /><ent r="92" t="4" w="76" /><ent r="3" t="4" w="418" /><ent r="4" t="23" w="215" /><ent r="3" t="34" w="247" /><ent r="3" t="39" w="114" /><ent r="3" t="53" w="33" /><ent r="3" t="53" w="223" /></phr><phr n="Common"><ent r="92" t="15" w="255" /><ent r="92" t="33" w="162" /><ent r="92" t="39" w="91" /></phr></stem><stem n="specif"><phr n="specific"><ent r="3" t="3" w="307" /><ent r="4" t="3" w="428" /><ent r="3" t="4" w="242" /><ent r="82" t="4" w="249" /><ent r="82" t="4" w="392" /><ent r="5" t="13" w="810" /><ent r="4" t="28" w="239" /><ent r="4" t="30" w="226" /><ent r="4" t="36" w="984" /><ent r="64" t="36" w="1108" /><ent r="3" t="54" w="86" /><ent r="4" t="64" w="258" /><ent r="3" t="65" w="655" /><ent r="3" t="70" w="272" /></phr><phr n="Specific"><ent r="92" t="4" w="231" /><ent r="82" t="4" w="492" /><ent r="82" t="4" w="587" /><ent r="92" t="15" w="351" /><ent r="3" t="28" w="651" /><ent r="3" t="31" w="1283" /><ent r="92" t="33" w="257" /><ent r="92" t="39" w="193" /></phr><phr n="specifications"><ent r="4" t="6" w="111" /><ent r="4" t="16" w="800" /></phr><phr n="specifically"><ent r="3" t="18" w="82" /></phr><phr n="specification"><ent r="3" t="22" w="65" /><ent r="3" t="23" w="1306" /></phr></stem><stem n="as-i"><phr n="as-is"><ent r="3" t="3" w="332" /><ent r="3" t="68" w="152" /></phr></stem><stem n="-is,"><phr n="-is,"><ent r="3" t="3" w="334" /><ent r="3" t="3" w="334" /></phr></stem><stem n="scratch"><phr n="scratch"><ent r="3" t="3" w="348" /></phr></stem><stem n="-"><phr n="-"><ent r="4" t="3" w="362" /><ent r="4" t="3" w="362" /><ent r="4" t="3" w="385" /><ent r="4" t="3" w="385" /><ent r="4" t="3" w="435" /><ent r="4" t="3" w="435" /><ent r="4" t="3" w="489" /><ent r="4" t="3" w="489" /><ent r="4" t="3" w="517" /><ent r="4" t="3" w="517" /><ent r="4" t="4" w="272" /><ent r="4" t="4" w="272" /><ent r="4" t="4" w="298" /><ent r="4" t="4" w="298" /><ent r="4" t="4" w="327" /><ent r="4" t="4" w="327" /><ent r="4" t="4" w="356" /><ent r="4" t="4" w="356" /><ent r="4" t="4" w="376" /><ent r="4" t="4" w="376" /><ent r="3" t="4" w="405" /><ent r="3" t="4" w="405" /><ent r="4" t="4" w="439" /><ent r="4" t="4" w="439" /><ent r="4" t="4" w="474" /><ent r="4" t="4" w="474" /><ent r="4" t="4" w="510" /><ent r="4" t="4" w="510" /><ent r="4" t="4" w="560" /><ent r="4" t="4" w="560" /><ent r="4" t="4" w="607" /><ent r="4" t="4" w="607" /><ent r="4" t="4" w="632" /><ent r="4" t="4" w="632" /><ent r="4" t="4" w="656" /><ent r="4" t="4" w="656" /><ent r="4" t="4" w="677" /><ent r="4" t="4" w="677" /><ent r="6" t="5" w="849" /><ent r="6" t="5" w="849" /><ent r="6" t="5" w="861" /><ent r="6" t="5" w="861" /><ent r="6" t="5" w="883" /><ent r="6" t="5" w="883" /><ent r="6" t="5" w="902" /><ent r="6" t="5" w="902" /><ent r="6" t="5" w="914" /><ent r="6" t="5" w="914" /><ent r="6" t="5" w="948" /><ent r="6" t="5" w="948" /><ent r="6" t="5" w="1035" /><ent r="6" t="5" w="1035" /><ent r="6" t="5" w="1092" /><ent r="6" t="5" w="1092" /><ent r="6" t="5" w="1121" /><ent r="6" t="5" w="1121" /><ent r="5" t="5" w="1246" /><ent r="5" t="5" w="1246" /><ent r="4" t="5" w="1326" /><ent r="4" t="5" w="1326" /><ent r="4" t="7" w="175" /><ent r="4" t="7" w="175" /><ent r="4" t="7" w="182" /><ent r="4" t="7" w="182" /><ent r="4" t="7" w="192" /><ent r="4" t="7" w="192" /><ent r="4" t="7" w="200" /><ent r="4" t="7" w="200" /><ent r="4" t="8" w="65" /><ent r="4" t="8" w="65" /><ent r="4" t="8" w="74" /><ent r="4" t="8" w="74" /><ent r="4" t="8" w="132" /><ent r="4" t="8" w="132" /><ent r="4" t="8" w="152" /><ent r="4" t="8" w="152" /><ent r="4" t="8" w="168" /><ent r="4" t="8" w="168" /><ent r="4" t="8" w="277" /><ent r="4" t="8" w="277" /><ent r="4" t="8" w="285" /><ent r="4" t="8" w="285" /><ent r="4" t="8" w="296" /><ent r="4" t="8" w="296" /><ent r="4" t="8" w="307" /><ent r="4" t="8" w="307" /><ent r="5" t="9" w="90" /><ent r="5" t="9" w="90" /><ent r="5" t="9" w="137" /><ent r="5" t="9" w="137" /><ent r="5" t="9" w="312" /><ent r="5" t="9" w="312" /><ent r="5" t="9" w="353" /><ent r="5" t="9" w="353" /><ent r="5" t="9" w="374" /><ent r="5" t="9" w="374" /><ent r="5" t="9" w="395" /><ent r="5" t="9" w="395" /><ent r="5" t="9" w="424" /><ent r="5" t="9" w="424" /><ent r="5" t="9" w="445" /><ent r="5" t="9" w="445" /><ent r="5" t="9" w="466" /><ent r="5" t="9" w="466" /><ent r="5" t="9" w="515" /><ent r="5" t="9" w="515" /><ent r="5" t="9" w="516" /><ent r="5" t="9" w="516" /><ent r="5" t="9" w="549" /><ent r="5" t="9" w="549" /><ent r="5" t="9" w="550" /><ent r="5" t="9" w="550" /><ent r="5" t="9" w="583" /><ent r="5" t="9" w="583" /><ent r="5" t="9" w="615" /><ent r="5" t="9" w="615" /><ent r="5" t="9" w="655" /><ent r="5" t="9" w="655" /><ent r="5" t="9" w="666" /><ent r="5" t="9" w="666" /><ent r="5" t="9" w="678" /><ent r="5" t="9" w="678" /><ent r="5" t="9" w="705" /><ent r="5" t="9" w="705" /><ent r="5" t="9" w="717" /><ent r="5" t="9" w="717" /><ent r="5" t="9" w="729" /><ent r="5" t="9" w="729" /><ent r="4" t="10" w="64" /><ent r="4" t="10" w="64" /><ent r="4" t="10" w="74" /><ent r="4" t="10" w="74" /><ent r="4" t="10" w="84" /><ent r="4" t="10" w="84" /><ent r="1000" t="11" w="2" /><ent r="1000" t="11" w="2" /><ent r="102" t="11" w="7" /><ent r="102" t="11" w="7" /><ent r="6" t="11" w="225" /><ent r="6" t="11" w="225" /><ent r="4" t="13" w="1579" /><ent r="4" t="13" w="1579" /><ent r="4" t="13" w="1630" /><ent r="4" t="13" w="1630" /><ent r="3" t="14" w="96" /><ent r="3" t="14" w="96" /><ent r="3" t="14" w="101" /><ent r="3" t="14" w="101" /><ent r="3" t="14" w="117" /><ent r="3" t="14" w="117" /><ent r="3" t="14" w="131" /><ent r="3" t="14" w="131" /><ent r="3" t="14" w="142" /><ent r="3" t="14" w="142" /><ent r="3" t="14" w="308" /><ent r="3" t="14" w="308" /><ent r="3" t="14" w="318" /><ent r="3" t="14" w="318" /><ent r="3" t="14" w="324" /><ent r="3" t="14" w="324" /><ent r="3" t="14" w="333" /><ent r="3" t="14" w="333" /><ent r="3" t="14" w="523" /><ent r="3" t="14" w="523" /><ent r="3" t="14" w="545" /><ent r="3" t="14" w="545" /><ent r="3" t="14" w="940" /><ent r="3" t="14" w="940" /><ent r="3" t="14" w="947" /><ent r="3" t="14" w="947" /><ent r="3" t="14" w="964" /><ent r="3" t="14" w="964" /><ent r="100" t="15" w="22" /><ent r="100" t="15" w="22" /><ent r="4" t="15" w="403" /><ent r="4" t="15" w="403" /><ent r="4" t="15" w="429" /><ent r="4" t="15" w="429" /><ent r="4" t="15" w="458" /><ent r="4" t="15" w="458" /><ent r="4" t="15" w="487" /><ent r="4" t="15" w="487" /><ent r="92" t="15" w="506" /><ent r="92" t="15" w="506" /><ent r="92" t="15" w="737" /><ent r="92" t="15" w="737" /><ent r="92" t="15" w="801" /><ent r="92" t="15" w="801" /><ent r="4" t="15" w="862" /><ent r="4" t="15" w="862" /><ent r="4" t="15" w="886" /><ent r="4" t="15" w="886" /><ent r="4" t="15" w="913" /><ent r="4" t="15" w="913" /><ent r="4" t="15" w="939" /><ent r="4" t="15" w="939" /><ent r="4" t="16" w="264" /><ent r="4" t="16" w="264" /><ent r="6" t="16" w="281" /><ent r="6" t="16" w="281" /><ent r="6" t="16" w="308" /><ent r="6" t="16" w="308" /><ent r="6" t="16" w="332" /><ent r="6" t="16" w="332" /><ent r="6" t="16" w="360" /><ent r="6" t="16" w="360" /><ent r="6" t="16" w="413" /><ent r="6" t="16" w="413" /><ent r="6" t="16" w="439" /><ent r="6" t="16" w="439" /><ent r="6" t="16" w="463" /><ent r="6" t="16" w="463" /><ent r="6" t="16" w="496" /><ent r="6" t="16" w="496" /><ent r="6" t="16" w="523" /><ent r="6" t="16" w="523" /><ent r="6" t="16" w="559" /><ent r="6" t="16" w="559" /><ent r="6" t="16" w="576" /><ent r="6" t="16" w="576" /><ent r="6" t="16" w="606" /><ent r="6" t="16" w="606" /><ent r="6" t="16" w="634" /><ent r="6" t="16" w="634" /><ent r="4" t="16" w="1365" /><ent r="4" t="16" w="1365" /><ent r="3" t="18" w="302" /><ent r="3" t="18" w="302" /><ent r="3" t="18" w="305" /><ent r="3" t="18" w="305" /><ent r="3" t="18" w="308" /><ent r="3" t="18" w="308" /><ent r="3" t="18" w="311" /><ent r="3" t="18" w="311" /><ent r="3" t="18" w="314" /><ent r="3" t="18" w="314" /><ent r="3" t="18" w="317" /><ent r="3" t="18" w="317" /><ent r="3" t="18" w="320" /><ent r="3" t="18" w="320" /><ent r="3" t="18" w="323" /><ent r="3" t="18" w="323" /><ent r="3" t="18" w="1258" /><ent r="3" t="18" w="1258" /><ent r="3" t="18" w="1277" /><ent r="3" t="18" w="1277" /><ent r="4" t="18" w="1619" /><ent r="4" t="18" w="1619" /><ent r="3" t="18" w="1705" /><ent r="3" t="18" w="1705" /><ent r="3" t="19" w="318" /><ent r="3" t="19" w="318" /><ent r="92" t="20" w="273" /><ent r="92" t="20" w="273" /><ent r="3" t="21" w="1416" /><ent r="3" t="21" w="1416" /><ent r="3" t="21" w="1424" /><ent r="3" t="21" w="1424" /><ent r="3" t="21" w="1433" /><ent r="3" t="21" w="1433" /><ent r="3" t="21" w="1442" /><ent r="3" t="21" w="1442" /><ent r="3" t="21" w="1450" /><ent r="3" t="21" w="1450" /><ent r="3" t="21" w="1460" /><ent r="3" t="21" w="1460" /><ent r="3" t="21" w="1473" /><ent r="3" t="21" w="1473" /><ent r="3" t="21" w="1481" /><ent r="3" t="21" w="1481" /><ent r="3" t="21" w="1489" /><ent r="3" t="21" w="1489" /><ent r="3" t="21" w="1499" /><ent r="3" t="21" w="1499" /><ent r="4" t="23" w="403" /><ent r="4" t="23" w="403" /><ent r="4" t="23" w="416" /><ent r="4" t="23" w="416" /><ent r="4" t="23" w="426" /><ent r="4" t="23" w="426" /><ent r="4" t="23" w="447" /><ent r="4" t="23" w="447" /><ent r="4" t="23" w="458" /><ent r="4" t="23" w="458" /><ent r="4" t="23" w="470" /><ent r="4" t="23" w="470" /><ent r="4" t="23" w="482" /><ent r="4" t="23" w="482" /><ent r="4" t="23" w="494" /><ent r="4" t="23" w="494" /><ent r="4" t="23" w="508" /><ent r="4" t="23" w="508" /><ent r="4" t="23" w="522" /><ent r="4" t="23" w="522" /><ent r="4" t="23" w="532" /><ent r="4" t="23" w="532" /><ent r="4" t="23" w="545" /><ent r="4" t="23" w="545" /><ent r="4" t="23" w="556" /><ent r="4" t="23" w="556" /><ent r="4" t="23" w="571" /><ent r="4" t="23" w="571" /><ent r="4" t="23" w="582" /><ent r="4" t="23" w="582" /><ent r="4" t="23" w="593" /><ent r="4" t="23" w="593" /><ent r="4" t="23" w="600" /><ent r="4" t="23" w="600" /><ent r="4" t="23" w="618" /><ent r="4" t="23" w="618" /><ent r="4" t="23" w="626" /><ent r="4" t="23" w="626" /><ent r="4" t="23" w="640" /><ent r="4" t="23" w="640" /><ent r="4" t="23" w="662" /><ent r="4" t="23" w="662" /><ent r="4" t="23" w="694" /><ent r="4" t="23" w="694" /><ent r="4" t="23" w="716" /><ent r="4" t="23" w="716" /><ent r="4" t="23" w="735" /><ent r="4" t="23" w="735" /><ent r="4" t="23" w="760" /><ent r="4" t="23" w="760" /><ent r="4" t="23" w="785" /><ent r="4" t="23" w="785" /><ent r="4" t="23" w="801" /><ent r="4" t="23" w="801" /><ent r="4" t="23" w="829" /><ent r="4" t="23" w="829" /><ent r="4" t="23" w="866" /><ent r="4" t="23" w="866" /><ent r="4" t="23" w="1194" /><ent r="4" t="23" w="1194" /><ent r="4" t="23" w="1202" /><ent r="4" t="23" w="1202" /><ent r="4" t="23" w="1210" /><ent r="4" t="23" w="1210" /><ent r="4" t="23" w="1218" /><ent r="4" t="23" w="1218" /><ent r="4" t="23" w="1228" /><ent r="4" t="23" w="1228" /><ent r="4" t="23" w="1238" /><ent r="4" t="23" w="1238" /><ent r="4" t="23" w="1247" /><ent r="4" t="23" w="1247" /><ent r="4" t="23" w="1257" /><ent r="4" t="23" w="1257" /><ent r="4" t="23" w="1269" /><ent r="4" t="23" w="1269" /><ent r="4" t="23" w="1279" /><ent r="4" t="23" w="1279" /><ent r="4" t="23" w="1289" /><ent r="4" t="23" w="1289" /><ent r="4" t="23" w="1299" /><ent r="4" t="23" w="1299" /><ent r="4" t="23" w="1671" /><ent r="4" t="23" w="1671" /><ent r="4" t="23" w="1676" /><ent r="4" t="23" w="1676" /><ent r="4" t="23" w="1681" /><ent r="4" t="23" w="1681" /><ent r="4" t="23" w="1686" /><ent r="4" t="23" w="1686" /><ent r="4" t="23" w="1691" /><ent r="4" t="23" w="1691" /><ent r="4" t="23" w="1706" /><ent r="4" t="23" w="1706" /><ent r="4" t="23" w="1713" /><ent r="4" t="23" w="1713" /><ent r="4" t="23" w="1719" /><ent r="4" t="23" w="1719" /><ent r="4" t="23" w="1725" /><ent r="4" t="23" w="1725" /><ent r="4" t="23" w="1734" /><ent r="4" t="23" w="1734" /><ent r="4" t="23" w="1740" /><ent r="4" t="23" w="1740" /><ent r="4" t="23" w="1746" /><ent r="4" t="23" w="1746" /><ent r="4" t="23" w="1751" /><ent r="4" t="23" w="1751" /><ent r="4" t="23" w="1757" /><ent r="4" t="23" w="1757" /><ent r="4" t="23" w="1774" /><ent r="4" t="23" w="1774" /><ent r="4" t="23" w="1783" /><ent r="4" t="23" w="1783" /><ent r="4" t="23" w="1800" /><ent r="4" t="23" w="1800" /><ent r="4" t="23" w="1803" /><ent r="4" t="23" w="1803" /><ent r="4" t="23" w="1806" /><ent r="4" t="23" w="1806" /><ent r="4" t="23" w="1814" /><ent r="4" t="23" w="1814" /><ent r="4" t="23" w="1822" /><ent r="4" t="23" w="1822" /><ent r="4" t="23" w="1825" /><ent r="4" t="23" w="1825" /><ent r="4" t="24" w="220" /><ent r="4" t="24" w="220" /><ent r="4" t="24" w="287" /><ent r="4" t="24" w="287" /><ent r="3" t="25" w="636" /><ent r="3" t="25" w="636" /><ent r="3" t="26" w="105" /><ent r="3" t="26" w="105" /><ent r="4" t="28" w="69" /><ent r="4" t="28" w="69" /><ent r="4" t="28" w="87" /><ent r="4" t="28" w="87" /><ent r="4" t="28" w="118" /><ent r="4" t="28" w="118" /><ent r="4" t="28" w="203" /><ent r="4" t="28" w="203" /><ent r="4" t="28" w="219" /><ent r="4" t="28" w="219" /><ent r="4" t="28" w="222" /><ent r="4" t="28" w="222" /><ent r="4" t="28" w="225" /><ent r="4" t="28" w="225" /><ent r="4" t="28" w="228" /><ent r="4" t="28" w="228" /><ent r="4" t="28" w="231" /><ent r="4" t="28" w="231" /><ent r="4" t="28" w="234" /><ent r="4" t="28" w="234" /><ent r="4" t="28" w="237" /><ent r="4" t="28" w="237" /><ent r="4" t="28" w="244" /><ent r="4" t="28" w="244" /><ent r="4" t="28" w="281" /><ent r="4" t="28" w="281" /><ent r="4" t="28" w="295" /><ent r="4" t="28" w="295" /><ent r="4" t="28" w="306" /><ent r="4" t="28" w="306" /><ent r="4" t="28" w="320" /><ent r="4" t="28" w="320" /><ent r="4" t="28" w="334" /><ent r="4" t="28" w="334" /><ent r="4" t="28" w="350" /><ent r="4" t="28" w="350" /><ent r="4" t="28" w="379" /><ent r="4" t="28" w="379" /><ent r="4" t="28" w="398" /><ent r="4" t="28" w="398" /><ent r="4" t="28" w="436" /><ent r="4" t="28" w="436" /><ent r="4" t="28" w="452" /><ent r="4" t="28" w="452" /><ent r="4" t="28" w="468" /><ent r="4" t="28" w="468" /><ent r="3" t="28" w="933" /><ent r="3" t="28" w="933" /><ent r="4" t="30" w="165" /><ent r="4" t="30" w="165" /><ent r="4" t="30" w="188" /><ent r="4" t="30" w="188" /><ent r="4" t="30" w="211" /><ent r="4" t="30" w="211" /><ent r="4" t="30" w="236" /><ent r="4" t="30" w="236" /><ent r="4" t="30" w="306" /><ent r="4" t="30" w="306" /><ent r="1000" t="31" w="2" /><ent r="1000" t="31" w="2" /><ent r="102" t="31" w="7" /><ent r="102" t="31" w="7" /><ent r="3" t="31" w="59" /><ent r="3" t="31" w="59" /><ent r="3" t="32" w="224" /><ent r="3" t="32" w="224" /><ent r="3" t="32" w="232" /><ent r="3" t="32" w="232" /><ent r="3" t="33" w="660" /><ent r="3" t="33" w="660" /><ent r="3" t="36" w="196" /><ent r="3" t="36" w="196" /><ent r="4" t="36" w="246" /><ent r="4" t="36" w="246" /><ent r="4" t="36" w="263" /><ent r="4" t="36" w="263" /><ent r="4" t="36" w="284" /><ent r="4" t="36" w="284" /><ent r="4" t="36" w="306" /><ent r="4" t="36" w="306" /><ent r="4" t="36" w="338" /><ent r="4" t="36" w="338" /><ent r="4" t="36" w="354" /><ent r="4" t="36" w="354" /><ent r="4" t="36" w="376" /><ent r="4" t="36" w="376" /><ent r="4" t="36" w="400" /><ent r="4" t="36" w="400" /><ent r="4" t="36" w="419" /><ent r="4" t="36" w="419" /><ent r="4" t="36" w="440" /><ent r="4" t="36" w="440" /><ent r="4" t="36" w="453" /><ent r="4" t="36" w="453" /><ent r="4" t="36" w="470" /><ent r="4" t="36" w="470" /><ent r="4" t="36" w="509" /><ent r="4" t="36" w="509" /><ent r="4" t="36" w="527" /><ent r="4" t="36" w="527" /><ent r="4" t="36" w="539" /><ent r="4" t="36" w="539" /><ent r="4" t="36" w="556" /><ent r="4" t="36" w="556" /><ent r="4" t="36" w="575" /><ent r="4" t="36" w="575" /><ent r="4" t="36" w="590" /><ent r="4" t="36" w="590" /><ent r="4" t="36" w="629" /><ent r="4" t="36" w="629" /><ent r="4" t="36" w="668" /><ent r="4" t="36" w="668" /><ent r="4" t="36" w="704" /><ent r="4" t="36" w="704" /><ent r="4" t="36" w="733" /><ent r="4" t="36" w="733" /><ent r="4" t="36" w="763" /><ent r="4" t="36" w="763" /><ent r="4" t="36" w="782" /><ent r="4" t="36" w="782" /><ent r="4" t="36" w="803" /><ent r="4" t="36" w="803" /><ent r="4" t="36" w="820" /><ent r="4" t="36" w="820" /><ent r="4" t="36" w="865" /><ent r="4" t="36" w="865" /><ent r="4" t="36" w="885" /><ent r="4" t="36" w="885" /><ent r="4" t="36" w="907" /><ent r="4" t="36" w="907" /><ent r="92" t="36" w="929" /><ent r="92" t="36" w="929" /><ent r="4" t="36" w="993" /><ent r="4" t="36" w="993" /><ent r="4" t="36" w="1001" /><ent r="4" t="36" w="1001" /><ent r="4" t="36" w="1005" /><ent r="4" t="36" w="1005" /><ent r="4" t="36" w="1010" /><ent r="4" t="36" w="1010" /><ent r="4" t="36" w="1015" /><ent r="4" t="36" w="1015" /><ent r="4" t="36" w="1021" /><ent r="4" t="36" w="1021" /><ent r="3" t="36" w="1736" /><ent r="3" t="36" w="1736" /><ent r="4" t="36" w="1926" /><ent r="4" t="36" w="1926" /><ent r="4" t="36" w="1941" /><ent r="4" t="36" w="1941" /><ent r="3" t="36" w="2396" /><ent r="3" t="36" w="2396" /><ent r="3" t="36" w="2411" /><ent r="3" t="36" w="2411" /><ent r="4" t="36" w="3703" /><ent r="4" t="36" w="3703" /><ent r="4" t="36" w="3745" /><ent r="4" t="36" w="3745" /><ent r="4" t="36" w="3813" /><ent r="4" t="36" w="3813" /><ent r="4" t="37" w="331" /><ent r="4" t="37" w="331" /><ent r="4" t="37" w="369" /><ent r="4" t="37" w="369" /><ent r="4" t="39" w="212" /><ent r="4" t="39" w="212" /><ent r="4" t="39" w="239" /><ent r="4" t="39" w="239" /><ent r="4" t="39" w="261" /><ent r="4" t="39" w="261" /><ent r="92" t="39" w="514" /><ent r="92" t="39" w="514" /><ent r="4" t="40" w="38" /><ent r="4" t="40" w="38" /><ent r="4" t="40" w="51" /><ent r="4" t="40" w="51" /><ent r="4" t="40" w="59" /><ent r="4" t="40" w="59" /><ent r="4" t="40" w="72" /><ent r="4" t="40" w="72" /><ent r="4" t="40" w="173" /><ent r="4" t="40" w="173" /><ent r="4" t="40" w="189" /><ent r="4" t="40" w="189" /><ent r="3" t="46" w="637" /><ent r="3" t="46" w="637" /><ent r="4" t="46" w="874" /><ent r="4" t="46" w="874" /><ent r="4" t="46" w="892" /><ent r="4" t="46" w="892" /><ent r="3" t="48" w="158" /><ent r="3" t="48" w="158" /><ent r="3" t="48" w="479" /><ent r="3" t="48" w="479" /><ent r="3" t="48" w="956" /><ent r="3" t="48" w="956" /><ent r="3" t="48" w="965" /><ent r="3" t="48" w="965" /><ent r="3" t="48" w="980" /><ent r="3" t="48" w="980" /><ent r="3" t="48" w="992" /><ent r="3" t="48" w="992" /><ent r="4" t="54" w="244" /><ent r="4" t="54" w="244" /><ent r="4" t="55" w="743" /><ent r="4" t="55" w="743" /><ent r="4" t="55" w="747" /><ent r="4" t="55" w="747" /><ent r="4" t="56" w="105" /><ent r="4" t="56" w="105" /><ent r="3" t="56" w="171" /><ent r="3" t="56" w="171" /><ent r="3" t="56" w="186" /><ent r="3" t="56" w="186" /><ent r="3" t="56" w="198" /><ent r="3" t="56" w="198" /><ent r="3" t="56" w="213" /><ent r="3" t="56" w="213" /><ent r="4" t="58" w="125" /><ent r="4" t="58" w="125" /><ent r="4" t="58" w="134" /><ent r="4" t="58" w="134" /><ent r="4" t="58" w="143" /><ent r="4" t="58" w="143" /><ent r="4" t="60" w="35" /><ent r="4" t="60" w="35" /><ent r="4" t="60" w="43" /><ent r="4" t="60" w="43" /><ent r="3" t="60" w="74" /><ent r="3" t="60" w="74" /><ent r="3" t="60" w="1051" /><ent r="3" t="60" w="1051" /><ent r="3" t="60" w="1053" /><ent r="3" t="60" w="1053" /><ent r="3" t="60" w="1131" /><ent r="3" t="60" w="1131" /><ent r="3" t="60" w="1133" /><ent r="3" t="60" w="1133" /><ent r="3" t="60" w="1291" /><ent r="3" t="60" w="1291" /><ent r="4" t="64" w="156" /><ent r="4" t="64" w="156" /><ent r="4" t="64" w="172" /><ent r="4" t="64" w="172" /><ent r="4" t="64" w="183" /><ent r="4" t="64" w="183" /><ent r="4" t="64" w="198" /><ent r="4" t="64" w="198" /><ent r="4" t="64" w="211" /><ent r="4" t="64" w="211" /><ent r="4" t="64" w="237" /><ent r="4" t="64" w="237" /><ent r="4" t="64" w="252" /><ent r="4" t="64" w="252" /><ent r="4" t="65" w="73" /><ent r="4" t="65" w="73" /><ent r="4" t="65" w="92" /><ent r="4" t="65" w="92" /><ent r="4" t="65" w="138" /><ent r="4" t="65" w="138" /><ent r="4" t="65" w="553" /><ent r="4" t="65" w="553" /><ent r="4" t="65" w="571" /><ent r="4" t="65" w="571" /><ent r="4" t="65" w="586" /><ent r="4" t="65" w="586" /><ent r="4" t="65" w="600" /><ent r="4" t="65" w="600" /><ent r="4" t="65" w="614" /><ent r="4" t="65" w="614" /><ent r="4" t="65" w="628" /><ent r="4" t="65" w="628" /><ent r="4" t="66" w="174" /><ent r="4" t="66" w="174" /><ent r="4" t="66" w="190" /><ent r="4" t="66" w="190" /><ent r="4" t="66" w="217" /><ent r="4" t="66" w="217" /><ent r="4" t="66" w="254" /><ent r="4" t="66" w="254" /><ent r="6" t="67" w="136" /><ent r="6" t="67" w="136" /><ent r="6" t="69" w="2179" /><ent r="6" t="69" w="2179" /><ent r="6" t="69" w="2205" /><ent r="6" t="69" w="2205" /><ent r="6" t="69" w="2232" /><ent r="6" t="69" w="2232" /><ent r="6" t="69" w="2259" /><ent r="6" t="69" w="2259" /><ent r="6" t="69" w="2286" /><ent r="6" t="69" w="2286" /><ent r="5" t="77" w="60" /><ent r="5" t="77" w="60" /><ent r="4" t="77" w="140" /><ent r="4" t="77" w="140" /></phr></stem></index>