<?xml version="1.0" encoding="utf-8"?><index><stem n="expt"><phr n="EXPT"><ent r="5" t="13" w="1118" /><ent r="3" t="34" w="623" /><ent r="3" t="34" w="751" /><ent r="4" t="34" w="838" /><ent r="100" t="36" w="235" /><ent r="65" t="36" w="237" /><ent r="100" t="36" w="856" /><ent r="83" t="36" w="1849" /><ent r="5" t="36" w="1856" /><ent r="4" t="36" w="1918" /><ent r="4" t="36" w="1941" /><ent r="4" t="36" w="1959" /><ent r="3" t="36" w="1977" /><ent r="3" t="36" w="1987" /><ent r="3" t="36" w="2392" /><ent r="3" t="36" w="2411" /><ent r="3" t="36" w="2429" /><ent r="5" t="36" w="3266" /><ent r="5" t="36" w="3779" /><ent r="3" t="36" w="3891" /><ent r="3" t="36" w="3963" /><ent r="3" t="36" w="4164" /><ent r="3" t="36" w="4303" /><ent r="5" t="36" w="4430" /><ent r="100" t="38" w="478" /><ent r="3" t="38" w="482" /></phr></stem><stem n="mtch"><phr n="MTCH"><ent r="5" t="13" w="1120" /><ent r="3" t="33" w="485" /><ent r="3" t="33" w="513" /><ent r="3" t="33" w="543" /><ent r="100" t="34" w="395" /><ent r="5" t="34" w="397" /><ent r="3" t="34" w="404" /><ent r="3" t="34" w="416" /><ent r="3" t="34" w="429" /><ent r="3" t="34" w="621" /><ent r="3" t="34" w="749" /><ent r="4" t="34" w="836" /><ent r="3" t="34" w="918" /><ent r="3" t="34" w="938" /><ent r="3" t="34" w="953" /><ent r="3" t="34" w="1270" /><ent r="3" t="34" w="1562" /><ent r="3" t="34" w="1584" /><ent r="3" t="34" w="1694" /><ent r="3" t="34" w="1697" /><ent r="3" t="34" w="1701" /><ent r="100" t="36" w="255" /><ent r="65" t="36" w="257" /><ent r="6" t="36" w="427" /><ent r="4" t="36" w="1922" /><ent r="4" t="36" w="1926" /><ent r="4" t="36" w="1961" /><ent r="83" t="36" w="2346" /><ent r="5" t="36" w="2353" /><ent r="3" t="36" w="2388" /><ent r="3" t="36" w="2396" /><ent r="3" t="36" w="2431" /><ent r="3" t="36" w="2446" /><ent r="5" t="36" w="2845" /><ent r="5" t="36" w="3270" /><ent r="5" t="36" w="3786" /><ent r="3" t="36" w="3912" /><ent r="3" t="36" w="3931" /><ent r="3" t="36" w="3948" /><ent r="3" t="36" w="4005" /><ent r="3" t="36" w="4048" /><ent r="3" t="36" w="4394" /><ent r="5" t="36" w="4435" /><ent r="3" t="36" w="4458" /><ent r="100" t="38" w="488" /><ent r="3" t="38" w="490" /><ent r="3" t="38" w="508" /><ent r="3" t="38" w="526" /><ent r="3" t="38" w="544" /></phr></stem><stem n="base64"><phr n="base64"><ent r="5" t="13" w="1124" /><ent r="5" t="13" w="1132" /><ent r="6" t="23" w="2586" /></phr><phr n="Base64"><ent r="100" t="23" w="2583" /><ent r="100" t="34" w="1420" /></phr><phr n="BASE64"><ent r="6" t="34" w="1423" /></phr></stem><stem n="str"><phr n="str"><ent r="5" t="13" w="1125" /><ent r="5" t="13" w="1136" /><ent r="5" t="13" w="1150" /><ent r="5" t="13" w="1210" /><ent r="5" t="13" w="1260" /><ent r="5" t="13" w="1446" /><ent r="6" t="13" w="1454" /><ent r="6" t="13" w="1466" /><ent r="4" t="23" w="661" /><ent r="4" t="23" w="734" /><ent r="4" t="23" w="743" /><ent r="4" t="23" w="799" /><ent r="4" t="23" w="854" /><ent r="4" t="23" w="861" /><ent r="3" t="23" w="1119" /><ent r="4" t="23" w="1130" /><ent r="3" t="23" w="1883" /><ent r="4" t="23" w="2154" /><ent r="4" t="23" w="2169" /><ent r="4" t="23" w="2199" /><ent r="5" t="23" w="2308" /><ent r="4" t="23" w="2350" /><ent r="4" t="23" w="2363" /><ent r="5" t="23" w="2495" /><ent r="3" t="42" w="661" /><ent r="3" t="42" w="675" /><ent r="3" t="42" w="679" /><ent r="3" t="48" w="869" /><ent r="3" t="60" w="1178" /><ent r="3" t="60" w="1183" /></phr><phr n="Str"><ent r="100" t="23" w="229" /></phr></stem><stem n="{_base64:str}"><phr n="{_base64:str}"><ent r="5" t="13" w="1126" /></phr></stem><stem n="encod"><phr n="Encode"><ent r="5" t="13" w="1127" /><ent r="5" t="13" w="1138" /><ent r="4" t="36" w="470" /><ent r="3" t="36" w="1069" /></phr><phr n="Encodes"><ent r="5" t="13" w="1262" /></phr><phr n="encoding"><ent r="5" t="34" w="1432" /></phr><phr n="encoded"><ent r="5" t="34" w="1450" /><ent r="4" t="59" w="68" /></phr><phr n="Encoding"><ent r="3" t="36" w="959" /><ent r="3" t="36" w="1081" /></phr></stem><stem n="argument"><phr n="argument"><ent r="5" t="13" w="1130" /><ent r="5" t="13" w="1141" /><ent r="5" t="13" w="1158" /><ent r="5" t="13" w="1217" /><ent r="5" t="13" w="1226" /><ent r="3" t="14" w="1209" /><ent r="4" t="23" w="665" /><ent r="3" t="23" w="924" /><ent r="4" t="23" w="1196" /><ent r="4" t="23" w="1204" /><ent r="4" t="23" w="1212" /><ent r="4" t="23" w="1220" /><ent r="4" t="23" w="1230" /><ent r="4" t="23" w="1240" /><ent r="4" t="23" w="1248" /><ent r="4" t="23" w="1258" /><ent r="4" t="23" w="1271" /><ent r="4" t="23" w="1281" /><ent r="4" t="23" w="1291" /><ent r="3" t="23" w="1637" /><ent r="3" t="23" w="1651" /><ent r="3" t="33" w="626" /><ent r="4" t="34" w="364" /><ent r="4" t="34" w="376" /><ent r="4" t="34" w="1097" /><ent r="3" t="34" w="1540" /><ent r="3" t="36" w="3396" /><ent r="4" t="40" w="344" /><ent r="4" t="45" w="168" /><ent r="4" t="54" w="342" /></phr><phr n="arguments"><ent r="3" t="13" w="1371" /><ent r="4" t="23" w="751" /><ent r="3" t="23" w="1142" /><ent r="3" t="33" w="908" /><ent r="3" t="33" w="943" /><ent r="3" t="33" w="1038" /><ent r="4" t="34" w="389" /><ent r="3" t="34" w="477" /><ent r="4" t="34" w="480" /><ent r="3" t="34" w="990" /><ent r="4" t="34" w="993" /><ent r="3" t="34" w="1028" /><ent r="4" t="34" w="1639" /><ent r="3" t="34" w="1668" /><ent r="4" t="36" w="648" /><ent r="4" t="36" w="687" /><ent r="3" t="36" w="2730" /><ent r="3" t="36" w="2771" /><ent r="3" t="36" w="2780" /><ent r="3" t="36" w="3027" /><ent r="3" t="36" w="3036" /><ent r="4" t="39" w="228" /><ent r="3" t="39" w="292" /><ent r="3" t="39" w="633" /><ent r="3" t="39" w="647" /><ent r="3" t="39" w="1105" /><ent r="3" t="39" w="1123" /><ent r="3" t="39" w="1228" /><ent r="4" t="40" w="61" /><ent r="4" t="40" w="201" /><ent r="4" t="40" w="284" /><ent r="4" t="40" w="306" /><ent r="3" t="40" w="467" /><ent r="3" t="42" w="851" /><ent r="3" t="42" w="873" /><ent r="4" t="46" w="322" /><ent r="3" t="47" w="118" /><ent r="3" t="54" w="87" /><ent r="3" t="60" w="907" /></phr><phr n="Argument"><ent r="100" t="34" w="154" /><ent r="100" t="34" w="160" /><ent r="65" t="34" w="164" /><ent r="100" t="34" w="174" /><ent r="65" t="34" w="180" /><ent r="92" t="34" w="470" /><ent r="92" t="34" w="983" /></phr><phr n="Arguments"><ent r="82" t="34" w="1015" /><ent r="3" t="60" w="910" /><ent r="3" t="60" w="917" /><ent r="3" t="60" w="939" /><ent r="3" t="60" w="946" /><ent r="3" t="60" w="957" /><ent r="3" t="60" w="964" /><ent r="3" t="60" w="972" /><ent r="3" t="60" w="979" /><ent r="3" t="60" w="987" /><ent r="3" t="60" w="995" /></phr></stem><stem n="cvspassword"><phr n="cvspassword"><ent r="5" t="13" w="1135" /></phr><phr n="CVSPASSWORD"><ent r="100" t="34" w="1440" /><ent r="6" t="34" w="1443" /></phr></stem><stem n="{_cvspassword:str}"><phr n="{_cvspassword:str}"><ent r="5" t="13" w="1137" /></phr></stem><stem n="cv"><phr n="cvs"><ent r="5" t="13" w="1144" /></phr><phr n="CVS"><ent r="5" t="34" w="1458" /></phr></stem><stem n="algorithm"><phr n="algorithm"><ent r="5" t="13" w="1146" /></phr></stem><stem n="md5"><phr n="md5"><ent r="5" t="13" w="1149" /><ent r="3" t="54" w="561" /><ent r="3" t="54" w="618" /></phr><phr n="MD5"><ent r="5" t="13" w="1153" /><ent r="5" t="13" w="1245" /><ent r="100" t="54" w="459" /><ent r="3" t="54" w="544" /><ent r="3" t="54" w="604" /></phr></stem><stem n="{_md5:str}"><phr n="{_md5:str}"><ent r="5" t="13" w="1151" /></phr></stem><stem n="hash"><phr n="hash"><ent r="5" t="13" w="1154" /></phr></stem><stem n="hexadecim"><phr n="hexadecimal"><ent r="5" t="13" w="1160" /><ent r="6" t="16" w="417" /><ent r="4" t="23" w="1222" /><ent r="4" t="23" w="1261" /><ent r="3" t="23" w="1581" /><ent r="6" t="23" w="2617" /><ent r="6" t="23" w="2634" /><ent r="4" t="36" w="1007" /><ent r="4" t="36" w="1012" /></phr><phr n="Hexadecimal"><ent r="100" t="15" w="21" /><ent r="100" t="16" w="247" /><ent r="7" t="16" w="358" /><ent r="9" t="16" w="695" /><ent r="100" t="34" w="585" /><ent r="5" t="34" w="588" /></phr><phr n="HEXADECIMAL"><ent r="3" t="18" w="670" /><ent r="3" t="18" w="1114" /><ent r="3" t="18" w="1357" /><ent r="4" t="28" w="803" /><ent r="4" t="28" w="813" /></phr></stem><stem n="idlelin"><phr n="idleline"><ent r="5" t="13" w="1163" /></phr><phr n="IDLELINE"><ent r="100" t="38" w="564" /><ent r="3" t="38" w="584" /></phr></stem><stem n="{_idleline}"><phr n="{_idleline}"><ent r="5" t="13" w="1164" /></phr></stem><stem n="handler"><phr n="handler"><ent r="5" t="13" w="1177" /><ent r="3" t="34" w="1520" /><ent r="3" t="34" w="1606" /><ent r="3" t="36" w="3769" /><ent r="3" t="36" w="3804" /></phr></stem><stem n="secsconnect"><phr n="secsconnected"><ent r="5" t="13" w="1182" /></phr></stem><stem n="{_secsconnected}"><phr n="{_secsconnected}"><ent r="5" t="13" w="1183" /></phr></stem><stem n="disconnect"><phr n="disconnected"><ent r="5" t="13" w="1202" /><ent r="4" t="36" w="317" /><ent r="3" t="36" w="1436" /><ent r="3" t="36" w="3828" /><ent r="3" t="38" w="590" /></phr><phr n="disconnection"><ent r="3" t="34" w="1507" /><ent r="3" t="36" w="1451" /><ent r="3" t="36" w="3841" /></phr><phr n="disconnect"><ent r="3" t="36" w="1456" /></phr><phr n="DISCONNECT"><ent r="100" t="38" w="480" /><ent r="3" t="38" w="486" /><ent r="3" t="38" w="585" /></phr></stem><stem n="immedi"><phr n="immediately"><ent r="5" t="13" w="1203" /><ent r="3" t="18" w="53" /><ent r="3" t="23" w="1410" /><ent r="3" t="25" w="776" /><ent r="3" t="34" w="1515" /><ent r="4" t="36" w="576" /><ent r="3" t="36" w="2072" /><ent r="3" t="36" w="2117" /><ent r="3" t="36" w="4439" /><ent r="3" t="57" w="389" /></phr></stem><stem n="{_length:str}"><phr n="{_length:str}"><ent r="5" t="13" w="1211" /></phr></stem><stem n="float"><phr n="float"><ent r="5" t="13" w="1222" /></phr><phr n="floating"><ent r="5" t="13" w="1231" /><ent r="4" t="23" w="128" /><ent r="4" t="23" w="1273" /><ent r="4" t="23" w="1283" /><ent r="4" t="23" w="1293" /><ent r="3" t="23" w="1501" /><ent r="3" t="33" w="712" /><ent r="3" t="33" w="1077" /></phr><phr n="Floating"><ent r="72" t="23" w="1496" /></phr></stem><stem n="num"><phr n="num"><ent r="5" t="13" w="1223" /><ent r="100" t="36" w="368" /><ent r="65" t="36" w="372" /><ent r="83" t="36" w="2895" /><ent r="3" t="54" w="139" /><ent r="5" t="54" w="220" /></phr><phr n="Num"><ent r="100" t="34" w="177" /><ent r="100" t="54" w="116" /></phr></stem><stem n="{_float:num}"><phr n="{_float:num}"><ent r="5" t="13" w="1224" /></phr></stem><stem n="pretti"><phr n="pretty"><ent r="5" t="13" w="1227" /></phr></stem><stem n="pretty-print"><phr n="pretty-printed"><ent r="5" t="13" w="1227" /></phr></stem><stem n="&quot;pretty-printed&quot;"><phr n="&quot;pretty-printed&quot;"><ent r="5" t="13" w="1229" /></phr></stem><stem n="printf"><phr n="printf"><ent r="5" t="13" w="1235" /><ent r="4" t="13" w="1616" /><ent r="3" t="60" w="513" /></phr></stem><stem n="%g."><phr n="%g."><ent r="5" t="13" w="1237" /></phr></stem><stem n="hmac"><phr n="hmac"><ent r="5" t="13" w="1239" /></phr><phr n="HMAC"><ent r="5" t="13" w="1244" /></phr></stem><stem n="kei"><phr n="key"><ent r="5" t="13" w="1240" /><ent r="5" t="13" w="1252" /><ent r="3" t="36" w="1382" /></phr><phr n="KEY"><ent r="3" t="55" w="225" /></phr></stem><stem n="msg"><phr n="msg"><ent r="5" t="13" w="1241" /></phr></stem><stem n="{_hmac:key:msg}"><phr n="{_hmac:key:msg}"><ent r="5" t="13" w="1242" /></phr></stem><stem n="-md5"><phr n="-MD5"><ent r="5" t="13" w="1244" /><ent r="5" t="13" w="1244" /></phr></stem><stem n="hmac-md5"><phr n="HMAC-MD5"><ent r="5" t="13" w="1244" /></phr></stem><stem n="xor"><phr n="xor"><ent r="5" t="13" w="1255" /></phr></stem><stem n="{_xor}"><phr n="{_xor}"><ent r="5" t="13" w="1256" /></phr></stem><stem n="urlencod"><phr n="urlencode"><ent r="5" t="13" w="1259" /><ent r="3" t="59" w="227" /></phr></stem><stem n="{_urlencode:str}"><phr n="{_urlencode:str}"><ent r="5" t="13" w="1261" /></phr></stem><stem n="platform"><phr n="platform"><ent r="3" t="13" w="1376" /><ent r="4" t="23" w="2471" /><ent r="4" t="45" w="153" /><ent r="4" t="48" w="198" /><ent r="3" t="55" w="718" /><ent r="3" t="60" w="122" /></phr><phr n="platforms"><ent r="3" t="23" w="1668" /><ent r="4" t="60" w="38" /><ent r="4" t="60" w="45" /><ent r="3" t="64" w="283" /></phr></stem><stem n="platform-friendli"><phr n="platform-friendly"><ent r="3" t="13" w="1376" /></phr></stem><stem n="friendli"><phr n="friendly"><ent r="3" t="13" w="1377" /></phr></stem><stem n="-friendly."><phr n="-friendly."><ent r="3" t="13" w="1378" /><ent r="3" t="13" w="1378" /></phr></stem><stem n="{message}"><phr n="{message}"><ent r="5" t="13" w="1387" /></phr></stem><stem n="notifier'"><phr n="notifier's"><ent r="5" t="13" w="1390" /><ent r="5" t="13" w="1389" /><ent r="5" t="13" w="1408" /><ent r="5" t="13" w="1407" /><ent r="5" t="13" w="1430" /><ent r="5" t="13" w="1429" /></phr></stem><stem n="(on"><phr n="(On"><ent r="5" t="13" w="1393" /></phr></stem><stem n="-quot"><phr n="-quote"><ent r="5" t="13" w="1396" /><ent r="5" t="13" w="1396" /></phr><phr n="-quotes"><ent r="4" t="17" w="386" /><ent r="4" t="17" w="386" /><ent r="4" t="23" w="245" /><ent r="4" t="23" w="245" /><ent r="4" t="65" w="118" /><ent r="4" t="65" w="118" /><ent r="4" t="65" w="293" /><ent r="4" t="65" w="293" /></phr><phr n="-quoted"><ent r="4" t="23" w="254" /><ent r="4" t="23" w="254" /></phr></stem><stem n="double-quot"><phr n="double-quote"><ent r="5" t="13" w="1396" /></phr><phr n="double-quotes"><ent r="4" t="17" w="386" /><ent r="4" t="23" w="245" /><ent r="4" t="34" w="485" /><ent r="4" t="65" w="118" /><ent r="4" t="65" w="293" /><ent r="3" t="68" w="27" /></phr><phr n="double-quoted"><ent r="4" t="23" w="254" /></phr></stem><stem n="escap"><phr n="escaped"><ent r="5" t="13" w="1399" /><ent r="5" t="13" w="1425" /><ent r="5" t="13" w="1433" /><ent r="3" t="69" w="1783" /></phr><phr n="Escapes"><ent r="5" t="13" w="1448" /></phr><phr n="escaping"><ent r="5" t="13" w="1472" /></phr><phr n="escape"><ent r="3" t="34" w="512" /></phr></stem><stem n="\&quot;.)"><phr n="\&quot;.)"><ent r="5" t="13" w="1401" /></phr></stem><stem n="strip"><phr n="stripped"><ent r="5" t="13" w="1403" /><ent r="3" t="45" w="95" /></phr><phr n="strip"><ent r="3" t="14" w="1256" /><ent r="4" t="16" w="734" /><ent r="3" t="26" w="219" /><ent r="4" t="65" w="631" /><ent r="6" t="69" w="1300" /></phr></stem><stem n="stripped_messag"><phr n="stripped_message"><ent r="5" t="13" w="1404" /><ent r="5" t="13" w="1403" /></phr></stem><stem n="{stripped_message}"><phr n="{stripped_message}"><ent r="5" t="13" w="1405" /></phr></stem><stem n="('"><phr n="('"><ent r="5" t="13" w="1413" /></phr></stem><stem n="&quot;)"><phr n="&quot;)"><ent r="5" t="13" w="1414" /><ent r="3" t="19" w="385" /><ent r="3" t="33" w="889" /><ent r="3" t="33" w="926" /><ent r="3" t="33" w="932" /><ent r="3" t="42" w="672" /><ent r="6" t="69" w="1389" /><ent r="3" t="69" w="1790" /></phr></stem><stem n="newlin"><phr n="newlines"><ent r="5" t="13" w="1416" /></phr></stem><stem n="(\r"><phr n="(\r"><ent r="5" t="13" w="1417" /></phr></stem><stem n="r"><phr n="r"><ent r="5" t="13" w="1417" /><ent r="3" t="33" w="518" /><ent r="6" t="34" w="515" /><ent r="3" t="34" w="614" /><ent r="5" t="34" w="756" /><ent r="3" t="34" w="867" /><ent r="100" t="36" w="12" /><ent r="100" t="36" w="19" /><ent r="100" t="36" w="35" /><ent r="4" t="36" w="3222" /><ent r="3" t="36" w="3908" /><ent r="3" t="36" w="3927" /><ent r="3" t="36" w="3944" /><ent r="3" t="36" w="3959" /><ent r="3" t="36" w="4329" /><ent r="3" t="38" w="462" /><ent r="3" t="38" w="483" /><ent r="3" t="54" w="143" /><ent r="5" t="54" w="285" /><ent r="3" t="60" w="271" /><ent r="3" t="60" w="309" /><ent r="3" t="60" w="492" /><ent r="3" t="60" w="501" /><ent r="3" t="60" w="516" /><ent r="3" t="60" w="570" /><ent r="3" t="60" w="592" /></phr></stem><stem n="\n)"><phr n="\n)"><ent r="5" t="13" w="1420" /></phr></stem><stem n="escaped_messag"><phr n="escaped_message"><ent r="5" t="13" w="1426" /><ent r="5" t="13" w="1425" /></phr></stem><stem n="{escaped_message}"><phr n="{escaped_message}"><ent r="5" t="13" w="1427" /></phr></stem><stem n="(e.g."><phr n="(e.g."><ent r="5" t="13" w="1439" /><ent r="4" t="16" w="1304" /><ent r="4" t="23" w="576" /><ent r="4" t="23" w="1819" /><ent r="4" t="34" w="372" /></phr></stem><stem n="%20"><phr n="%20"><ent r="5" t="13" w="1439" /><ent r="4" t="69" w="1796" /></phr></stem><stem n="20"><phr n="20"><ent r="5" t="13" w="1439" /><ent r="3" t="13" w="1986" /><ent r="3" t="13" w="1992" /><ent r="3" t="13" w="2000" /><ent r="3" t="13" w="2342" /><ent r="3" t="14" w="128" /><ent r="3" t="14" w="768" /><ent r="3" t="14" w="1173" /><ent r="6" t="16" w="396" /><ent r="3" t="21" w="1363" /><ent r="3" t="23" w="1996" /><ent r="3" t="23" w="2002" /><ent r="3" t="23" w="2016" /><ent r="3" t="23" w="2022" /><ent r="3" t="23" w="2029" /><ent r="3" t="23" w="2038" /><ent r="3" t="23" w="2044" /><ent r="3" t="23" w="2058" /><ent r="3" t="23" w="2064" /><ent r="3" t="23" w="2071" /><ent r="3" t="23" w="2080" /><ent r="3" t="23" w="2086" /><ent r="3" t="23" w="2093" /><ent r="3" t="23" w="2102" /><ent r="3" t="23" w="2108" /><ent r="3" t="23" w="2113" /><ent r="3" t="30" w="66" /><ent r="3" t="30" w="99" /><ent r="4" t="30" w="167" /><ent r="3" t="36" w="3937" /><ent r="3" t="36" w="4047" /><ent r="3" t="46" w="635" /><ent r="3" t="46" w="665" /><ent r="3" t="48" w="786" /><ent r="3" t="54" w="535" /><ent r="3" t="54" w="568" /><ent r="6" t="69" w="1146" /><ent r="4" t="69" w="1796" /></phr></stem><stem n="urlescap"><phr n="urlescape"><ent r="5" t="13" w="1445" /></phr></stem><stem n="{urlescape:str}"><phr n="{urlescape:str}"><ent r="5" t="13" w="1447" /></phr></stem><stem n="expand"><phr n="expanded"><ent r="5" t="13" w="1469" /><ent r="3" t="18" w="1838" /></phr><phr n="expand"><ent r="3" t="19" w="213" /></phr><phr n="expander"><ent r="3" t="19" w="295" /><ent r="3" t="19" w="333" /><ent r="3" t="19" w="383" /><ent r="3" t="19" w="438" /><ent r="3" t="19" w="447" /><ent r="3" t="19" w="470" /><ent r="3" t="19" w="473" /><ent r="3" t="19" w="482" /><ent r="3" t="19" w="505" /><ent r="3" t="19" w="514" /><ent r="3" t="19" w="527" /><ent r="3" t="19" w="530" /><ent r="3" t="19" w="533" /><ent r="3" t="19" w="544" /><ent r="3" t="19" w="567" /></phr><phr n="Expander"><ent r="3" t="19" w="338" /><ent r="3" t="19" w="355" /><ent r="3" t="19" w="434" /><ent r="3" t="19" w="442" /><ent r="3" t="19" w="452" /><ent r="3" t="19" w="457" /><ent r="3" t="19" w="462" /><ent r="3" t="19" w="467" /><ent r="3" t="19" w="477" /><ent r="3" t="19" w="487" /><ent r="3" t="19" w="492" /><ent r="3" t="19" w="497" /><ent r="3" t="19" w="502" /><ent r="3" t="19" w="507" /><ent r="3" t="19" w="511" /><ent r="3" t="19" w="519" /><ent r="3" t="19" w="524" /><ent r="3" t="19" w="537" /><ent r="3" t="19" w="541" /><ent r="3" t="19" w="549" /><ent r="3" t="19" w="554" /><ent r="3" t="19" w="559" /><ent r="3" t="19" w="564" /></phr><phr n="expands"><ent r="4" t="45" w="155" /><ent r="3" t="65" w="462" /></phr></stem><stem n="manipul"><phr n="manipulate"><ent r="3" t="13" w="1485" /><ent r="3" t="36" w="754" /></phr></stem><stem n="{chartable:"><phr n="{chartable:"><ent r="4" t="13" w="1544" /><ent r="3" t="13" w="1669" /><ent r="3" t="13" w="1675" /><ent r="3" t="13" w="1681" /><ent r="3" t="13" w="1691" /><ent r="3" t="13" w="1699" /><ent r="3" t="13" w="1712" /><ent r="3" t="13" w="1719" /><ent r="3" t="13" w="1728" /></phr></stem><stem n="...}"><phr n="...}"><ent r="4" t="13" w="1544" /></phr></stem><stem n="width"><phr n="width"><ent r="3" t="13" w="1566" /><ent r="3" t="23" w="1326" /><ent r="3" t="23" w="1330" /><ent r="3" t="23" w="1357" /><ent r="3" t="23" w="1446" /><ent r="3" t="23" w="2502" /><ent r="6" t="69" w="1113" /><ent r="6" t="69" w="1132" /><ent r="6" t="69" w="1138" /><ent r="6" t="69" w="1144" /><ent r="6" t="69" w="1326" /><ent r="7" t="69" w="1360" /><ent r="3" t="72" w="29" /><ent r="4" t="72" w="52" /><ent r="4" t="72" w="59" /><ent r="5" t="72" w="74" /></phr></stem><stem n="decim"><phr n="decimal"><ent r="3" t="13" w="1570" /><ent r="4" t="13" w="1593" /><ent r="4" t="23" w="431" /><ent r="3" t="23" w="976" /><ent r="4" t="23" w="1206" /><ent r="4" t="23" w="1242" /><ent r="3" t="23" w="1514" /><ent r="3" t="23" w="1518" /><ent r="3" t="43" w="62" /></phr></stem><stem n="placement"><phr n="placement"><ent r="4" t="13" w="1587" /></phr></stem><stem n="either"><phr n="either"><ent r="4" t="13" w="1606" /><ent r="4" t="21" w="666" /><ent r="3" t="22" w="229" /><ent r="3" t="28" w="838" /><ent r="3" t="33" w="705" /><ent r="3" t="33" w="709" /><ent r="3" t="34" w="1473" /><ent r="3" t="36" w="2480" /><ent r="3" t="57" w="177" /><ent r="3" t="69" w="181" /></phr><phr n="Either"><ent r="3" t="31" w="311" /><ent r="6" t="69" w="1651" /></phr></stem><stem n="mask"><phr n="mask"><ent r="4" t="13" w="1608" /></phr></stem><stem n="'#'"><phr n="'#'"><ent r="4" t="13" w="1612" /></phr></stem><stem n="sprintf"><phr n="sprintf"><ent r="65" t="13" w="1624" /><ent r="3" t="13" w="1867" /><ent r="3" t="14" w="678" /><ent r="65" t="23" w="757" /><ent r="82" t="23" w="1158" /><ent r="3" t="23" w="1161" /><ent r="3" t="23" w="1367" /><ent r="3" t="23" w="1373" /><ent r="3" t="23" w="1414" /><ent r="3" t="23" w="1421" /><ent r="3" t="23" w="1459" /><ent r="3" t="23" w="1466" /><ent r="3" t="23" w="1473" /><ent r="3" t="23" w="1480" /><ent r="3" t="23" w="1487" /><ent r="3" t="23" w="1535" /><ent r="3" t="23" w="1543" /><ent r="3" t="23" w="1552" /><ent r="3" t="23" w="1561" /><ent r="3" t="23" w="1583" /><ent r="3" t="23" w="1594" /><ent r="3" t="60" w="740" /><ent r="3" t="60" w="793" /></phr><phr n="Sprintf"><ent r="100" t="23" w="755" /></phr></stem><stem n="(but"><phr n="(but"><ent r="4" t="13" w="1635" /></phr></stem><stem n="accord"><phr n="according"><ent r="4" t="13" w="1647" /><ent r="6" t="16" w="296" /><ent r="6" t="16" w="661" /><ent r="4" t="16" w="796" /><ent r="3" t="20" w="297" /><ent r="3" t="64" w="113" /></phr></stem><stem n="$pi"><phr n="$pi"><ent r="4" t="13" w="1659" /><ent r="3" t="13" w="1669" /><ent r="3" t="13" w="1675" /><ent r="3" t="13" w="1682" /><ent r="3" t="13" w="1693" /><ent r="3" t="13" w="1701" /><ent r="3" t="13" w="1712" /><ent r="3" t="13" w="1721" /><ent r="3" t="13" w="1730" /></phr></stem><stem n="#.##"><phr n="#.##"><ent r="3" t="13" w="1669" /><ent r="3" t="13" w="2221" /><ent r="3" t="13" w="2239" /></phr></stem><stem n="}:"><phr n="}:"><ent r="3" t="13" w="1670" /><ent r="3" t="13" w="1676" /><ent r="3" t="13" w="1683" /><ent r="3" t="13" w="1694" /><ent r="3" t="13" w="1702" /></phr></stem><stem n=".14"><phr n=".14"><ent r="3" t="13" w="1672" /></phr></stem><stem n="3.14"><phr n="3.14"><ent r="3" t="13" w="1672" /><ent r="3" t="13" w="1671" /></phr></stem><stem n="14"><phr n="14"><ent r="3" t="13" w="1672" /><ent r="3" t="34" w="1696" /><ent r="3" t="34" w="1700" /><ent r="3" t="34" w="1707" /><ent r="3" t="36" w="1979" /><ent r="3" t="36" w="3897" /><ent r="3" t="36" w="3986" /><ent r="3" t="36" w="4170" /><ent r="3" t="36" w="4258" /><ent r="3" t="36" w="4305" /><ent r="3" t="36" w="4309" /><ent r="3" t="63" w="475" /><ent r="3" t="63" w="487" /></phr></stem><stem n="#.#######"><phr n="#.#######"><ent r="3" t="13" w="1675" /><ent r="3" t="13" w="1712" /></phr></stem><stem n=".1415927"><phr n=".1415927"><ent r="3" t="13" w="1678" /><ent r="3" t="13" w="1696" /><ent r="3" t="13" w="1704" /></phr></stem><stem n="3.1415927"><phr n="3.1415927"><ent r="3" t="13" w="1678" /><ent r="3" t="13" w="1677" /><ent r="3" t="13" w="1696" /><ent r="3" t="13" w="1695" /><ent r="3" t="13" w="1704" /><ent r="3" t="13" w="1703" /></phr></stem><stem n="1415927"><phr n="1415927"><ent r="3" t="13" w="1678" /><ent r="3" t="13" w="1696" /><ent r="3" t="13" w="1704" /></phr></stem><stem n="3d"><phr n="3d"><ent r="3" t="13" w="1681" /></phr></stem><stem n="&quot;%3d&quot;"><phr n="&quot;%3d&quot;"><ent r="3" t="13" w="1682" /></phr></stem><stem n="(with"><phr n="(with"><ent r="3" t="13" w="1685" /><ent r="3" t="33" w="641" /><ent r="3" t="33" w="1040" /></phr></stem><stem n="lead"><phr n="leading"><ent r="3" t="13" w="1687" /><ent r="3" t="13" w="1708" /><ent r="3" t="13" w="1736" /><ent r="3" t="14" w="1261" /><ent r="3" t="36" w="2721" /></phr></stem><stem n="9"><phr n="9"><ent r="3" t="13" w="1691" /><ent r="3" t="13" w="1719" /><ent r="3" t="13" w="1893" /><ent r="3" t="13" w="2012" /><ent r="3" t="13" w="2336" /><ent r="3" t="15" w="668" /><ent r="3" t="23" w="988" /><ent r="3" t="23" w="1107" /><ent r="3" t="23" w="1113" /><ent r="3" t="25" w="332" /><ent r="3" t="31" w="973" /><ent r="3" t="31" w="1712" /><ent r="3" t="33" w="662" /><ent r="3" t="34" w="922" /><ent r="3" t="34" w="942" /><ent r="3" t="34" w="957" /><ent r="4" t="48" w="434" /><ent r="3" t="54" w="841" /><ent r="3" t="54" w="894" /><ent r="3" t="54" w="1013" /><ent r="3" t="54" w="1025" /><ent r="3" t="54" w="1039" /><ent r="3" t="54" w="1058" /><ent r="3" t="54" w="1126" /></phr></stem><stem n="9.7f"><phr n="9.7f"><ent r="3" t="13" w="1692" /><ent r="3" t="13" w="1691" /><ent r="3" t="13" w="1720" /><ent r="3" t="13" w="1719" /></phr></stem><stem n="7f"><phr n="7f"><ent r="3" t="13" w="1692" /><ent r="3" t="13" w="1700" /><ent r="3" t="13" w="1720" /><ent r="3" t="13" w="1729" /></phr></stem><stem n="&quot;%9.7f&quot;"><phr n="&quot;%9.7f&quot;"><ent r="3" t="13" w="1693" /><ent r="3" t="13" w="1721" /></phr></stem><stem n="11.7f"><phr n="11.7f"><ent r="3" t="13" w="1700" /><ent r="3" t="13" w="1699" /><ent r="3" t="13" w="1729" /><ent r="3" t="13" w="1728" /></phr></stem><stem n="&quot;%11.7f&quot;"><phr n="&quot;%11.7f&quot;"><ent r="3" t="13" w="1701" /><ent r="3" t="13" w="1730" /></phr></stem><stem n="(also"><phr n="(also"><ent r="3" t="13" w="1705" /></phr></stem><stem n="100"><phr n="100"><ent r="3" t="13" w="1713" /><ent r="3" t="13" w="2354" /><ent r="3" t="13" w="2538" /><ent r="3" t="14" w="682" /><ent r="4" t="23" w="635" /><ent r="3" t="33" w="976" /><ent r="3" t="33" w="1001" /><ent r="3" t="33" w="1020" /><ent r="5" t="40" w="362" /><ent r="3" t="47" w="195" /></phr></stem><stem n="*100}:"><phr n="*100}:"><ent r="3" t="13" w="1714" /></phr></stem><stem n="314"><phr n="314"><ent r="3" t="13" w="1715" /></phr></stem><stem n=".1592650"><phr n=".1592650"><ent r="3" t="13" w="1716" /></phr></stem><stem n="314.1592650"><phr n="314.1592650"><ent r="3" t="13" w="1716" /><ent r="3" t="13" w="1715" /></phr></stem><stem n="1592650"><phr n="1592650"><ent r="3" t="13" w="1716" /></phr></stem><stem n="1000"><phr n="1000"><ent r="3" t="13" w="1722" /><ent r="3" t="13" w="2144" /><ent r="3" t="13" w="2154" /><ent r="4" t="13" w="2166" /><ent r="3" t="13" w="2273" /><ent r="3" t="13" w="2316" /><ent r="5" t="40" w="365" /><ent r="3" t="47" w="198" /></phr></stem><stem n="*1000}:"><phr n="*1000}:"><ent r="3" t="13" w="1723" /></phr></stem><stem n="3141"><phr n="3141"><ent r="3" t="13" w="1724" /></phr></stem><stem n=".5926500"><phr n=".5926500"><ent r="3" t="13" w="1725" /></phr></stem><stem n="3141.5926500"><phr n="3141.5926500"><ent r="3" t="13" w="1725" /><ent r="3" t="13" w="1724" /></phr></stem></index>