<?xml version="1.0" encoding="utf-8"?><index><stem n="variables-ondemand&gt;"><phr n="variables-ondemand&gt;"><ent r="1000" t="18" w="4" /><ent r="102" t="18" w="11" /><ent r="3" t="18" w="568" /><ent r="3" t="18" w="711" /><ent r="4" t="18" w="730" /><ent r="3" t="18" w="1041" /><ent r="3" t="18" w="1137" /><ent r="3" t="18" w="1325" /><ent r="3" t="18" w="1369" /><ent r="3" t="18" w="1635" /><ent r="3" t="18" w="1724" /><ent r="4" t="18" w="1935" /><ent r="4" t="25" w="1083" /></phr></stem><stem n="ondemand&gt;"><phr n="ondemand&gt;"><ent r="1000" t="18" w="5" /><ent r="102" t="18" w="12" /><ent r="3" t="18" w="569" /><ent r="3" t="18" w="712" /><ent r="4" t="18" w="731" /><ent r="3" t="18" w="1042" /><ent r="3" t="18" w="1138" /><ent r="3" t="18" w="1326" /><ent r="3" t="18" w="1370" /><ent r="3" t="18" w="1636" /><ent r="3" t="18" w="1725" /><ent r="4" t="18" w="1936" /><ent r="4" t="25" w="1084" /></phr></stem><stem n="&quot;on"><phr n="&quot;on"><ent r="3" t="18" w="32" /></phr></stem><stem n="cycl"><phr n="cycle"><ent r="3" t="18" w="75" /></phr></stem><stem n="refresh"><phr n="refreshed"><ent r="3" t="18" w="79" /></phr><phr n="Refresh"><ent r="3" t="18" w="430" /></phr><phr n="refresh"><ent r="4" t="21" w="841" /><ent r="6" t="67" w="750" /><ent r="6" t="69" w="1452" /><ent r="6" t="69" w="1506" /><ent r="3" t="69" w="1624" /><ent r="6" t="69" w="1658" /><ent r="7" t="69" w="1674" /></phr><phr n="refreshes"><ent r="65" t="69" w="105" /><ent r="93" t="69" w="1616" /></phr></stem><stem n="imag"><phr n="image"><ent r="3" t="18" w="86" /><ent r="3" t="18" w="389" /><ent r="3" t="46" w="692" /><ent r="3" t="57" w="378" /><ent r="4" t="65" w="574" /><ent r="6" t="69" w="1178" /><ent r="6" t="69" w="1293" /><ent r="6" t="69" w="1414" /><ent r="6" t="69" w="1435" /><ent r="6" t="69" w="1478" /><ent r="6" t="69" w="1494" /><ent r="6" t="69" w="1534" /><ent r="6" t="69" w="1538" /><ent r="6" t="69" w="1546" /><ent r="3" t="71" w="113" /></phr><phr n="images"><ent r="65" t="69" w="93" /><ent r="6" t="69" w="824" /><ent r="93" t="69" w="1152" /><ent r="7" t="69" w="1195" /><ent r="6" t="69" w="1227" /><ent r="6" t="69" w="1269" /><ent r="3" t="70" w="222" /><ent r="3" t="70" w="230" /></phr></stem><stem n="dig"><phr n="digging"><ent r="3" t="18" w="101" /></phr></stem><stem n="suspect"><phr n="suspect"><ent r="3" t="18" w="108" /></phr></stem><stem n="rout"><phr n="routing"><ent r="3" t="18" w="123" /></phr></stem><stem n="arp"><phr n="ARP"><ent r="3" t="18" w="125" /><ent r="3" t="18" w="1850" /></phr></stem><stem n="statist"><phr n="statistics"><ent r="3" t="18" w="129" /><ent r="6" t="69" w="679" /></phr></stem><stem n="kept"><phr n="kept"><ent r="3" t="18" w="133" /></phr></stem><stem n="background"><phr n="Background"><ent r="92" t="18" w="137" /></phr><phr n="background"><ent r="6" t="69" w="1430" /><ent r="6" t="69" w="1477" /><ent r="6" t="69" w="1488" /></phr></stem><stem n="(that"><phr n="(that"><ent r="4" t="18" w="162" /><ent r="3" t="70" w="331" /></phr></stem><stem n="firmwar"><phr n="firmware"><ent r="4" t="18" w="168" /><ent r="3" t="23" w="2811" /></phr><phr n="Firmware"><ent r="3" t="23" w="2824" /></phr></stem><stem n="(number"><phr n="(number"><ent r="4" t="18" w="171" /><ent r="4" t="18" w="175" /></phr></stem><stem n="(cpu"><phr n="(CPU"><ent r="4" t="18" w="179" /></phr></stem><stem n="entiti"><phr n="entities"><ent r="4" t="18" w="193" /><ent r="4" t="18" w="198" /></phr><phr n="entity"><ent r="4" t="18" w="221" /><ent r="4" t="18" w="242" /></phr></stem><stem n="machin"><phr n="machines"><ent r="4" t="18" w="215" /></phr><phr n="machine"><ent r="3" t="60" w="126" /></phr></stem><stem n="entity'"><phr n="entity's"><ent r="4" t="18" w="222" /><ent r="4" t="18" w="221" /></phr></stem><stem n="themselv"><phr n="themselves"><ent r="4" t="18" w="235" /><ent r="4" t="39" w="751" /><ent r="3" t="51" w="47" /></phr></stem><stem n="&quot;entry&quot;"><phr n="&quot;entry&quot;"><ent r="4" t="18" w="250" /></phr></stem><stem n="prefix"><phr n="prefix"><ent r="4" t="18" w="260" /><ent r="3" t="18" w="1417" /><ent r="3" t="18" w="1468" /><ent r="3" t="54" w="403" /><ent r="3" t="54" w="832" /><ent r="3" t="55" w="185" /></phr></stem><stem n="plu"><phr n="plus"><ent r="4" t="18" w="261" /><ent r="4" t="18" w="1571" /><ent r="3" t="25" w="767" /><ent r="3" t="25" w="773" /><ent r="3" t="48" w="802" /><ent r="3" t="55" w="727" /></phr><phr n="Plus"><ent r="5" t="49" w="82" /></phr></stem><stem n="&quot;iftable&quot;"><phr n="&quot;ifTable&quot;"><ent r="3" t="18" w="280" /></phr></stem><stem n="ifentri"><phr n="ifEntry"><ent r="3" t="18" w="299" /><ent r="4" t="18" w="345" /><ent r="4" t="18" w="359" /></phr></stem><stem n="[ifindex]"><phr n="[ifIndex]"><ent r="3" t="18" w="301" /></phr></stem><stem n="&quot;interfac"><phr n="&quot;Interface"><ent r="3" t="18" w="303" /><ent r="3" t="18" w="593" /><ent r="3" t="18" w="1054" /><ent r="3" t="18" w="1344" /></phr><phr n="&quot;interface"><ent r="3" t="18" w="456" /></phr></stem><stem n="&quot;description&quot;"><phr n="&quot;Description&quot;"><ent r="3" t="18" w="307" /><ent r="3" t="18" w="616" /><ent r="3" t="18" w="1063" /></phr></stem><stem n="&quot;link"><phr n="&quot;Link"><ent r="3" t="18" w="309" /><ent r="3" t="18" w="312" /><ent r="3" t="18" w="636" /><ent r="3" t="18" w="658" /><ent r="3" t="18" w="1090" /><ent r="3" t="18" w="1098" /></phr></stem><stem n="ifspe"><phr n="ifSpeed"><ent r="3" t="18" w="311" /><ent r="3" t="18" w="482" /><ent r="3" t="18" w="501" /><ent r="3" t="18" w="512" /><ent r="3" t="18" w="646" /><ent r="4" t="18" w="863" /><ent r="3" t="18" w="1093" /><ent r="3" t="18" w="1096" /></phr></stem><stem n="speed"><phr n="speed"><ent r="3" t="18" w="313" /><ent r="82" t="21" w="1036" /></phr><phr n="Speed"><ent r="3" t="18" w="659" /><ent r="3" t="18" w="1099" /></phr></stem><stem n="ifphysaddress"><phr n="ifPhysAddress"><ent r="3" t="18" w="314" /><ent r="3" t="18" w="668" /><ent r="3" t="18" w="669" /><ent r="4" t="18" w="892" /><ent r="3" t="18" w="1110" /><ent r="3" t="18" w="1113" /></phr></stem><stem n="&quot;mac"><phr n="&quot;MAC"><ent r="3" t="18" w="315" /><ent r="3" t="18" w="671" /><ent r="3" t="18" w="1115" /></phr></stem><stem n="mac"><phr n="MAC"><ent r="3" t="18" w="315" /><ent r="3" t="18" w="671" /><ent r="3" t="18" w="1115" /><ent r="3" t="18" w="1358" /></phr><phr n="Mac"><ent r="4" t="23" w="2482" /><ent r="100" t="39" w="88" /><ent r="4" t="40" w="156" /><ent r="3" t="48" w="766" /><ent r="3" t="55" w="509" /></phr></stem><stem n="&quot;oper"><phr n="&quot;Operational"><ent r="3" t="18" w="318" /></phr></stem><stem n="ifadminstatu"><phr n="ifAdminStatus"><ent r="3" t="18" w="320" /><ent r="3" t="18" w="378" /><ent r="3" t="18" w="696" /><ent r="3" t="18" w="697" /><ent r="4" t="18" w="895" /><ent r="3" t="18" w="1127" /><ent r="3" t="18" w="1130" /></phr></stem><stem n="&quot;administr"><phr n="&quot;Administrative"><ent r="3" t="18" w="321" /></phr></stem><stem n="administr"><phr n="Administrative"><ent r="3" t="18" w="321" /></phr><phr n="Administrators"><ent r="100" t="64" w="235" /><ent r="4" t="64" w="244" /></phr><phr n="administrator"><ent r="6" t="69" w="536" /><ent r="6" t="69" w="986" /></phr></stem><stem n="(each"><phr n="(each"><ent r="3" t="18" w="357" /></phr></stem><stem n="(at"><phr n="(at"><ent r="3" t="18" w="419" /></phr></stem><stem n="loos"><phr n="loosely"><ent r="3" t="18" w="459" /></phr></stem><stem n=".3"><phr n=".3"><ent r="3" t="18" w="483" /><ent r="3" t="54" w="834" /><ent r="3" t="55" w="109" /><ent r="3" t="55" w="187" /></phr></stem><stem n="ifspeed.3"><phr n="ifSpeed.3"><ent r="3" t="18" w="483" /><ent r="3" t="18" w="482" /></phr></stem><stem n="1.3.6.1.2.1.2.2.1.3"><phr n="1.3.6.1.2.1.2.2.1.3"><ent r="3" t="18" w="496" /><ent r="3" t="18" w="487" /><ent r="3" t="18" w="634" /><ent r="3" t="18" w="625" /><ent r="3" t="53" w="521" /><ent r="3" t="53" w="512" /></phr></stem><stem n=".3.6.1.2.1.2.2.1.3)"><phr n=".3.6.1.2.1.2.2.1.3)"><ent r="3" t="18" w="497" /></phr></stem><stem n="&quot;column"><phr n="&quot;column"><ent r="3" t="18" w="509" /></phr></stem><stem n="(1.3.6.1.2.1.2.2.1),"><phr n="(1.3.6.1.2.1.2.2.1),"><ent r="3" t="18" w="522" /></phr></stem><stem n="&quot;.3&quot;."><phr n="&quot;.3&quot;."><ent r="3" t="18" w="528" /></phr></stem><stem n="mirror"><phr n="mirrors"><ent r="3" t="18" w="541" /></phr></stem><stem n="&quot;inform"><phr n="&quot;Information"><ent r="3" t="18" w="574" /></phr></stem><stem n="iftable/ifindex"><phr n="ifTable/ifIndex"><ent r="3" t="18" w="581" /><ent r="3" t="18" w="580" /></phr></stem><stem n="iftable/ifindex,"><phr n="ifTable/ifIndex,"><ent r="3" t="18" w="581" /><ent r="3" t="18" w="580" /></phr></stem><stem n="/ifindex,"><phr n="/ifIndex,"><ent r="3" t="18" w="582" /><ent r="3" t="18" w="1050" /><ent r="3" t="18" w="1644" /></phr></stem><stem n="1.3.6.1.2.1.2.2.1.1"><phr n="1.3.6.1.2.1.2.2.1.1"><ent r="3" t="18" w="591" /><ent r="3" t="18" w="582" /><ent r="3" t="54" w="1094" /><ent r="3" t="54" w="1085" /><ent r="3" t="54" w="1112" /><ent r="3" t="54" w="1103" /></phr></stem><stem n="1.3.6.1.2.1.2.2.1.1,"><phr n="1.3.6.1.2.1.2.2.1.1,"><ent r="3" t="18" w="591" /><ent r="3" t="18" w="582" /></phr></stem><stem n=".3.6.1.2.1.2.2.1.1,"><phr n=".3.6.1.2.1.2.2.1.1,"><ent r="3" t="18" w="592" /></phr></stem><stem n="iftable/ifdescr"><phr n="ifTable/ifDescr"><ent r="3" t="18" w="603" /><ent r="3" t="18" w="602" /></phr></stem><stem n="iftable/ifdescr,"><phr n="ifTable/ifDescr,"><ent r="3" t="18" w="603" /><ent r="3" t="18" w="602" /></phr></stem><stem n="/ifdescr,"><phr n="/ifDescr,"><ent r="3" t="18" w="604" /><ent r="3" t="18" w="1058" /></phr></stem><stem n="1.3.6.1.2.1.2.2.1.2"><phr n="1.3.6.1.2.1.2.2.1.2"><ent r="3" t="18" w="613" /><ent r="3" t="18" w="604" /><ent r="3" t="53" w="509" /><ent r="3" t="53" w="500" /><ent r="3" t="53" w="552" /><ent r="3" t="53" w="543" /></phr></stem><stem n="1.3.6.1.2.1.2.2.1.2,"><phr n="1.3.6.1.2.1.2.2.1.2,"><ent r="3" t="18" w="613" /><ent r="3" t="18" w="604" /></phr></stem><stem n=".3.6.1.2.1.2.2.1.2,"><phr n=".3.6.1.2.1.2.2.1.2,"><ent r="3" t="18" w="614" /></phr></stem><stem n="iftable/iftyp"><phr n="ifTable/ifType"><ent r="3" t="18" w="624" /><ent r="3" t="18" w="623" /></phr></stem><stem n="iftable/iftype,"><phr n="ifTable/ifType,"><ent r="3" t="18" w="624" /><ent r="3" t="18" w="623" /></phr></stem><stem n="/iftype,"><phr n="/ifType,"><ent r="3" t="18" w="625" /><ent r="3" t="18" w="1086" /></phr></stem><stem n="1.3.6.1.2.1.2.2.1.3,"><phr n="1.3.6.1.2.1.2.2.1.3,"><ent r="3" t="18" w="634" /><ent r="3" t="18" w="625" /></phr></stem><stem n=".3.6.1.2.1.2.2.1.3,"><phr n=".3.6.1.2.1.2.2.1.3,"><ent r="3" t="18" w="635" /></phr></stem><stem n="iftable/ifspe"><phr n="ifTable/ifSpeed"><ent r="3" t="18" w="646" /><ent r="3" t="18" w="645" /></phr></stem><stem n="iftable/ifspeed,"><phr n="ifTable/ifSpeed,"><ent r="3" t="18" w="646" /><ent r="3" t="18" w="645" /></phr></stem><stem n="/ifspeed,"><phr n="/ifSpeed,"><ent r="3" t="18" w="647" /><ent r="3" t="18" w="1094" /></phr></stem><stem n="1.3.6.1.2.1.2.2.1.5"><phr n="1.3.6.1.2.1.2.2.1.5"><ent r="3" t="18" w="656" /><ent r="3" t="18" w="647" /></phr></stem><stem n="1.3.6.1.2.1.2.2.1.5,"><phr n="1.3.6.1.2.1.2.2.1.5,"><ent r="3" t="18" w="656" /><ent r="3" t="18" w="647" /></phr></stem><stem n=".3.6.1.2.1.2.2.1.5,"><phr n=".3.6.1.2.1.2.2.1.5,"><ent r="3" t="18" w="657" /></phr></stem><stem n="iftable/ifphysaddress"><phr n="ifTable/ifPhysAddress"><ent r="3" t="18" w="668" /><ent r="3" t="18" w="667" /></phr></stem><stem n="iftable/ifphysaddress,"><phr n="ifTable/ifPhysAddress,"><ent r="3" t="18" w="668" /><ent r="3" t="18" w="667" /></phr></stem><stem n="/ifphysaddress,"><phr n="/ifPhysAddress,"><ent r="3" t="18" w="669" /><ent r="3" t="18" w="1111" /></phr></stem><stem n="iftable/ifoperstatu"><phr n="ifTable/ifOperStatus"><ent r="3" t="18" w="682" /><ent r="3" t="18" w="681" /></phr></stem><stem n="iftable/ifoperstatus,"><phr n="ifTable/ifOperStatus,"><ent r="3" t="18" w="682" /><ent r="3" t="18" w="681" /></phr></stem><stem n="/ifoperstatus,"><phr n="/ifOperStatus,"><ent r="3" t="18" w="683" /><ent r="3" t="18" w="1119" /></phr></stem><stem n="opn"><phr n="Opn"><ent r="3" t="18" w="685" /><ent r="3" t="18" w="1123" /></phr></stem><stem n="opn'l"><phr n="Opn'l"><ent r="3" t="18" w="686" /><ent r="3" t="18" w="685" /><ent r="3" t="18" w="1124" /><ent r="3" t="18" w="1123" /></phr></stem><stem n="l"><phr n="l"><ent r="3" t="18" w="686" /><ent r="3" t="18" w="1124" /><ent r="7" t="23" w="2544" /></phr><phr n="L"><ent r="7" t="23" w="2553" /><ent r="3" t="45" w="257" /></phr></stem><stem n="&quot;opn'l&quot;"><phr n="&quot;Opn'l&quot;"><ent r="3" t="18" w="687" /><ent r="3" t="18" w="1125" /></phr></stem><stem n="iftable/ifadminstatu"><phr n="ifTable/ifAdminStatus"><ent r="3" t="18" w="696" /><ent r="3" t="18" w="695" /></phr></stem><stem n="iftable/ifadminstatus,"><phr n="ifTable/ifAdminStatus,"><ent r="3" t="18" w="696" /><ent r="3" t="18" w="695" /></phr></stem><stem n="/ifadminstatus,"><phr n="/ifAdminStatus,"><ent r="3" t="18" w="697" /><ent r="3" t="18" w="1128" /></phr></stem><stem n="admin"><phr n="Admin"><ent r="3" t="18" w="699" /><ent r="3" t="18" w="1132" /><ent r="100" t="69" w="191" /><ent r="100" t="70" w="310" /></phr><phr n="admin"><ent r="3" t="57" w="486" /><ent r="3" t="58" w="403" /><ent r="3" t="59" w="146" /><ent r="3" t="59" w="184" /><ent r="3" t="60" w="301" /><ent r="3" t="60" w="304" /><ent r="3" t="60" w="486" /><ent r="3" t="60" w="488" /><ent r="6" t="69" w="1083" /></phr><phr n="ADMIN"><ent r="7" t="69" w="1074" /><ent r="6" t="69" w="1078" /></phr></stem><stem n="&quot;admin&quot;"><phr n="&quot;Admin&quot;"><ent r="3" t="18" w="700" /><ent r="3" t="18" w="1133" /></phr><phr n="&quot;admin&quot;"><ent r="3" t="60" w="302" /><ent r="3" t="60" w="305" /></phr></stem><stem n="/snmp-device-variables-ondemand&gt;"><phr n="/snmp-device-variables-ondemand&gt;"><ent r="3" t="18" w="709" /><ent r="3" t="18" w="1135" /><ent r="3" t="18" w="1367" /><ent r="3" t="18" w="1722" /></phr></stem><stem n="snmp-device-variables-ondemand&gt;"><phr n="snmp-device-variables-ondemand&gt;"><ent r="3" t="18" w="709" /><ent r="3" t="18" w="1135" /><ent r="3" t="18" w="1367" /><ent r="3" t="18" w="1722" /></phr></stem><stem n="fewer"><phr n="fewer"><ent r="3" t="18" w="736" /></phr></stem><stem n="50"><phr n="50"><ent r="3" t="18" w="738" /><ent r="4" t="18" w="1929" /><ent r="3" t="28" w="490" /><ent r="3" t="30" w="67" /><ent r="3" t="30" w="100" /><ent r="4" t="30" w="168" /><ent r="3" t="31" w="1142" /><ent r="6" t="33" w="773" /><ent r="3" t="33" w="979" /><ent r="3" t="33" w="1012" /><ent r="3" t="33" w="1024" /><ent r="3" t="33" w="1059" /><ent r="3" t="33" w="1062" /><ent r="3" t="36" w="3998" /><ent r="3" t="36" w="4043" /><ent r="3" t="36" w="4084" /><ent r="3" t="36" w="4099" /><ent r="3" t="36" w="4491" /><ent r="3" t="36" w="4630" /><ent r="3" t="38" w="507" /><ent r="3" t="38" w="525" /><ent r="3" t="38" w="543" /><ent r="3" t="38" w="561" /></phr></stem><stem n="table'"><phr n="table's"><ent r="4" t="18" w="768" /><ent r="4" t="18" w="767" /><ent r="6" t="69" w="385" /><ent r="6" t="69" w="384" /><ent r="6" t="69" w="958" /><ent r="6" t="69" w="957" /></phr></stem><stem n="&quot;.1&quot;."><phr n="&quot;.1&quot;."><ent r="4" t="18" w="789" /></phr></stem><stem n="(&quot;table&quot;)"><phr n="(&quot;TABLE&quot;)"><ent r="4" t="18" w="793" /></phr></stem><stem n="fourth"><phr n="fourth"><ent r="4" t="18" w="801" /><ent r="6" t="69" w="1960" /></phr><phr n="Fourth"><ent r="3" t="19" w="256" /><ent r="3" t="19" w="464" /><ent r="3" t="19" w="499" /><ent r="3" t="19" w="561" /></phr></stem><stem n="&quot;/&quot;,"><phr n="&quot;/&quot;,"><ent r="4" t="18" w="846" /><ent r="3" t="70" w="336" /></phr></stem><stem n="(ifindex,"><phr n="(ifIndex,"><ent r="4" t="18" w="860" /></phr></stem><stem n="entir"><phr n="entirely"><ent r="4" t="18" w="910" /></phr><phr n="entire"><ent r="3" t="18" w="1849" /><ent r="6" t="23" w="2976" /><ent r="3" t="69" w="47" /></phr></stem><stem n="write"><phr n="writing"><ent r="4" t="18" w="913" /><ent r="4" t="39" w="712" /><ent r="4" t="39" w="791" /><ent r="3" t="39" w="864" /><ent r="3" t="55" w="15" /></phr><phr n="writes"><ent r="3" t="20" w="775" /><ent r="4" t="39" w="1029" /><ent r="3" t="42" w="135" /><ent r="3" t="55" w="112" /></phr><phr n="write"><ent r="3" t="33" w="718" /><ent r="3" t="45" w="23" /><ent r="4" t="48" w="289" /><ent r="3" t="55" w="28" /></phr><phr n="Write"><ent r="3" t="60" w="1376" /></phr></stem><stem n="out"><phr n="out"><ent r="4" t="18" w="914" /><ent r="3" t="19" w="379" /><ent r="3" t="23" w="2196" /><ent r="3" t="23" w="2777" /><ent r="3" t="27" w="145" /><ent r="3" t="33" w="414" /><ent r="3" t="36" w="2088" /><ent r="3" t="36" w="2132" /><ent r="3" t="42" w="169" /><ent r="3" t="44" w="31" /><ent r="3" t="48" w="140" /><ent r="4" t="48" w="330" /><ent r="4" t="48" w="417" /><ent r="3" t="51" w="35" /><ent r="4" t="54" w="1234" /><ent r="3" t="70" w="58" /><ent r="3" t="70" w="345" /></phr></stem><stem n="/tabl"><phr n="/Table"><ent r="4" t="18" w="930" /></phr></stem><stem n="snmp/tabl"><phr n="SNMP/Table"><ent r="4" t="18" w="930" /><ent r="4" t="18" w="929" /></phr></stem><stem n="viewer"><phr n="Viewer"><ent r="4" t="18" w="931" /><ent r="3" t="18" w="949" /><ent r="3" t="26" w="57" /><ent r="3" t="26" w="107" /><ent r="3" t="26" w="123" /><ent r="3" t="26" w="144" /><ent r="1000" t="31" w="3" /><ent r="102" t="31" w="8" /><ent r="3" t="31" w="23" /><ent r="3" t="31" w="110" /><ent r="3" t="31" w="134" /><ent r="3" t="31" w="149" /><ent r="3" t="31" w="155" /><ent r="3" t="31" w="233" /></phr></stem><stem n="that'"><phr n="that's"><ent r="3" t="18" w="935" /><ent r="3" t="18" w="934" /><ent r="3" t="53" w="434" /><ent r="3" t="53" w="433" /><ent r="4" t="60" w="432" /><ent r="4" t="60" w="431" /></phr></stem><stem n="augment"><phr n="Augmenting"><ent r="92" t="18" w="955" /></phr><phr n="augments"><ent r="3" t="18" w="965" /><ent r="3" t="18" w="1010" /></phr><phr n="augmenting"><ent r="3" t="18" w="973" /></phr></stem><stem n="mib'"><phr n="MIB's"><ent r="3" t="18" w="960" /><ent r="3" t="18" w="959" /></phr></stem><stem n="&quot;augments&quot;"><phr n="&quot;augments&quot;"><ent r="3" t="18" w="966" /></phr></stem><stem n="visual"><phr n="visualize"><ent r="3" t="18" w="992" /></phr><phr n="visual"><ent r="3" t="20" w="125" /><ent r="3" t="20" w="159" /><ent r="4" t="69" w="1593" /></phr></stem><stem n="if-mib"><phr n="IF-MIB"><ent r="3" t="18" w="1006" /><ent r="3" t="18" w="1050" /><ent r="3" t="18" w="1058" /><ent r="3" t="18" w="1065" /><ent r="3" t="18" w="1076" /><ent r="3" t="18" w="1086" /><ent r="3" t="18" w="1094" /><ent r="3" t="18" w="1102" /><ent r="3" t="18" w="1111" /><ent r="3" t="18" w="1119" /><ent r="3" t="18" w="1128" /><ent r="3" t="18" w="1644" /><ent r="3" t="18" w="1675" /><ent r="3" t="18" w="1685" /><ent r="3" t="25" w="402" /></phr></stem><stem n="-mib,"><phr n="-MIB,"><ent r="3" t="18" w="1008" /><ent r="3" t="18" w="1008" /></phr></stem><stem n="ifxtabl"><phr n="ifXTable"><ent r="3" t="18" w="1009" /><ent r="3" t="18" w="1043" /><ent r="3" t="18" w="1048" /><ent r="3" t="18" w="1056" /><ent r="3" t="18" w="1063" /><ent r="3" t="18" w="1071" /><ent r="3" t="18" w="1074" /><ent r="3" t="18" w="1082" /><ent r="3" t="18" w="1084" /><ent r="3" t="18" w="1092" /><ent r="3" t="18" w="1100" /><ent r="3" t="18" w="1109" /><ent r="3" t="18" w="1117" /><ent r="3" t="18" w="1126" /><ent r="3" t="18" w="1149" /><ent r="3" t="54" w="525" /></phr><phr n="IfXTable"><ent r="100" t="54" w="519" /></phr></stem><stem n="easili"><phr n="easily"><ent r="3" t="18" w="1023" /><ent r="3" t="36" w="4275" /><ent r="4" t="40" w="332" /><ent r="3" t="48" w="161" /></phr></stem><stem n="mix"><phr n="mixing"><ent r="3" t="18" w="1025" /></phr></stem><stem n="&quot;extend"><phr n="&quot;Extended"><ent r="3" t="18" w="1046" /></phr></stem><stem n="extend"><phr n="Extended"><ent r="3" t="18" w="1046" /></phr><phr n="EXTEND"><ent r="3" t="25" w="497" /><ent r="3" t="25" w="515" /></phr><phr n="extended"><ent r="3" t="48" w="163" /></phr></stem><stem n="ifxtable/ifindex"><phr n="ifXTable/ifIndex"><ent r="3" t="18" w="1049" /><ent r="3" t="18" w="1048" /></phr></stem><stem n="ifxtable/ifindex,"><phr n="ifXTable/ifIndex,"><ent r="3" t="18" w="1049" /><ent r="3" t="18" w="1048" /></phr></stem><stem n="-mib::ifindex,"><phr n="-MIB::ifIndex,"><ent r="3" t="18" w="1053" /><ent r="3" t="18" w="1053" /><ent r="3" t="18" w="1647" /><ent r="3" t="18" w="1647" /></phr></stem><stem n="ifxtable/ifdescr"><phr n="ifXTable/ifDescr"><ent r="3" t="18" w="1057" /><ent r="3" t="18" w="1056" /></phr></stem><stem n="ifxtable/ifdescr,"><phr n="ifXTable/ifDescr,"><ent r="3" t="18" w="1057" /><ent r="3" t="18" w="1056" /></phr></stem><stem n="-mib::ifdescr,"><phr n="-MIB::ifDescr,"><ent r="3" t="18" w="1061" /><ent r="3" t="18" w="1061" /></phr></stem><stem n="ifxtable/ifnam"><phr n="ifXTable/ifName"><ent r="3" t="18" w="1064" /><ent r="3" t="18" w="1063" /></phr></stem><stem n="ifnam"><phr n="ifName"><ent r="3" t="18" w="1064" /><ent r="3" t="18" w="1067" /><ent r="3" t="18" w="1143" /></phr></stem><stem n="ifxtable/ifname,"><phr n="ifXTable/ifName,"><ent r="3" t="18" w="1064" /><ent r="3" t="18" w="1063" /></phr></stem><stem n="/ifname,"><phr n="/ifName,"><ent r="3" t="18" w="1065" /></phr></stem><stem n="-mib::ifname,"><phr n="-MIB::ifName,"><ent r="3" t="18" w="1068" /><ent r="3" t="18" w="1068" /></phr></stem><stem n="&quot;name&quot;"><phr n="&quot;Name&quot;"><ent r="3" t="18" w="1070" /></phr><phr n="&quot;name&quot;"><ent r="5" t="36" w="3113" /><ent r="5" t="36" w="3132" /></phr></stem><stem n="ifxtable/ifalia"><phr n="ifXTable/ifAlias"><ent r="3" t="18" w="1075" /><ent r="3" t="18" w="1074" /></phr></stem><stem n="ifxtable/ifalias,"><phr n="ifXTable/ifAlias,"><ent r="3" t="18" w="1075" /><ent r="3" t="18" w="1074" /></phr></stem><stem n="/ifalias,"><phr n="/ifAlias,"><ent r="3" t="18" w="1076" /></phr></stem><stem n="-mib::ifalias,"><phr n="-MIB::ifAlias,"><ent r="3" t="18" w="1079" /><ent r="3" t="18" w="1079" /></phr></stem><stem n="&quot;alias&quot;"><phr n="&quot;Alias&quot;"><ent r="3" t="18" w="1081" /></phr></stem><stem n="ifxtable/iftyp"><phr n="ifXTable/ifType"><ent r="3" t="18" w="1085" /><ent r="3" t="18" w="1084" /></phr></stem><stem n="ifxtable/iftype,"><phr n="ifXTable/ifType,"><ent r="3" t="18" w="1085" /><ent r="3" t="18" w="1084" /></phr></stem><stem n="-mib::iftype,"><phr n="-MIB::ifType,"><ent r="3" t="18" w="1089" /><ent r="3" t="18" w="1089" /></phr></stem><stem n="ifxtable/ifspe"><phr n="ifXTable/ifSpeed"><ent r="3" t="18" w="1093" /><ent r="3" t="18" w="1092" /></phr></stem><stem n="ifxtable/ifspeed,"><phr n="ifXTable/ifSpeed,"><ent r="3" t="18" w="1093" /><ent r="3" t="18" w="1092" /></phr></stem><stem n="-mib::ifspeed,"><phr n="-MIB::ifSpeed,"><ent r="3" t="18" w="1097" /><ent r="3" t="18" w="1097" /></phr></stem><stem n="ifxtable/ifhighspe"><phr n="ifXTable/ifHighSpeed"><ent r="3" t="18" w="1101" /><ent r="3" t="18" w="1100" /></phr></stem><stem n="ifhighspe"><phr n="ifHighSpeed"><ent r="3" t="18" w="1101" /><ent r="3" t="18" w="1104" /></phr></stem><stem n="ifxtable/ifhighspeed,"><phr n="ifXTable/ifHighSpeed,"><ent r="3" t="18" w="1101" /><ent r="3" t="18" w="1100" /></phr></stem><stem n="/ifhighspeed,"><phr n="/ifHighSpeed,"><ent r="3" t="18" w="1102" /></phr></stem><stem n="-mib::ifhighspeed,"><phr n="-MIB::ifHighSpeed,"><ent r="3" t="18" w="1105" /><ent r="3" t="18" w="1105" /></phr></stem><stem n="mbit/sec"><phr n="Mbit/sec"><ent r="3" t="18" w="1107" /><ent r="3" t="18" w="1106" /></phr></stem><stem n="&quot;mbit/sec&quot;"><phr n="&quot;Mbit/sec&quot;"><ent r="3" t="18" w="1108" /></phr></stem><stem n="ifxtable/ifphysaddress"><phr n="ifXTable/ifPhysAddress"><ent r="3" t="18" w="1110" /><ent r="3" t="18" w="1109" /></phr></stem><stem n="ifxtable/ifphysaddress,"><phr n="ifXTable/ifPhysAddress,"><ent r="3" t="18" w="1110" /><ent r="3" t="18" w="1109" /></phr></stem><stem n="-mib::ifphysaddress,"><phr n="-MIB::ifPhysAddress,"><ent r="3" t="18" w="1114" /><ent r="3" t="18" w="1114" /></phr></stem><stem n="ifxtable/ifoperstatu"><phr n="ifXTable/ifOperStatus"><ent r="3" t="18" w="1118" /><ent r="3" t="18" w="1117" /></phr></stem><stem n="ifxtable/ifoperstatus,"><phr n="ifXTable/ifOperStatus,"><ent r="3" t="18" w="1118" /><ent r="3" t="18" w="1117" /></phr></stem><stem n="-mib::ifoperstatus,"><phr n="-MIB::ifOperStatus,"><ent r="3" t="18" w="1122" /><ent r="3" t="18" w="1122" /></phr></stem><stem n="ifxtable/ifadminstatu"><phr n="ifXTable/ifAdminStatus"><ent r="3" t="18" w="1127" /><ent r="3" t="18" w="1126" /></phr></stem><stem n="ifxtable/ifadminstatus,"><phr n="ifXTable/ifAdminStatus,"><ent r="3" t="18" w="1127" /><ent r="3" t="18" w="1126" /></phr></stem><stem n="-mib::ifadminstatus,"><phr n="-MIB::ifAdminStatus,"><ent r="3" t="18" w="1131" /><ent r="3" t="18" w="1131" /></phr></stem><stem n="other"><phr n="others"><ent r="3" t="18" w="1152" /><ent r="3" t="20" w="683" /><ent r="3" t="51" w="68" /></phr></stem><stem n="yet"><phr n="Yet"><ent r="3" t="18" w="1157" /></phr><phr n="yet"><ent r="4" t="60" w="409" /></phr></stem><stem n="-deriv"><phr n="-Derived"><ent r="92" t="18" w="1170" /><ent r="92" t="18" w="1170" /><ent r="92" t="25" w="1021" /><ent r="92" t="25" w="1021" /><ent r="64" t="25" w="1074" /><ent r="64" t="25" w="1074" /></phr><phr n="-derived"><ent r="4" t="18" w="1918" /><ent r="4" t="18" w="1918" /></phr></stem><stem n="index-deriv"><phr n="Index-Derived"><ent r="92" t="18" w="1170" /><ent r="3" t="25" w="55" /><ent r="92" t="25" w="1021" /><ent r="64" t="25" w="1074" /></phr><phr n="index-derived"><ent r="4" t="18" w="1918" /></phr></stem><stem n="deriv"><phr n="Derived"><ent r="92" t="18" w="1171" /><ent r="3" t="25" w="56" /><ent r="92" t="25" w="1022" /><ent r="64" t="25" w="1075" /></phr><phr n="derive"><ent r="3" t="18" w="1215" /></phr><phr n="derived"><ent r="4" t="18" w="1911" /><ent r="4" t="18" w="1919" /><ent r="3" t="23" w="295" /><ent r="3" t="63" w="35" /></phr></stem><stem n="itself"><phr n="itself"><ent r="3" t="18" w="1196" /><ent r="3" t="18" w="1224" /><ent r="3" t="31" w="1274" /><ent r="4" t="45" w="190" /></phr></stem><stem n="cannot"><phr n="cannot"><ent r="3" t="18" w="1202" /><ent r="4" t="18" w="1875" /><ent r="4" t="18" w="1887" /><ent r="4" t="18" w="1898" /><ent r="4" t="25" w="544" /><ent r="3" t="38" w="410" /><ent r="3" t="68" w="96" /></phr></stem><stem n="directli"><phr n="directly"><ent r="3" t="18" w="1205" /><ent r="3" t="39" w="525" /><ent r="3" t="42" w="26" /><ent r="3" t="42" w="178" /><ent r="4" t="45" w="185" /><ent r="4" t="48" w="275" /><ent r="3" t="48" w="968" /><ent r="3" t="56" w="193" /><ent r="4" t="58" w="155" /><ent r="3" t="65" w="691" /></phr></stem><stem n="facil"><phr n="facility"><ent r="3" t="18" w="1210" /><ent r="3" t="20" w="75" /><ent r="4" t="21" w="345" /><ent r="3" t="21" w="603" /><ent r="100" t="54" w="94" /><ent r="3" t="54" w="103" /><ent r="3" t="57" w="399" /><ent r="3" t="69" w="1644" /></phr><phr n="Facilities"><ent r="92" t="21" w="447" /><ent r="82" t="21" w="1034" /></phr><phr n="facilities"><ent r="3" t="21" w="454" /></phr></stem><stem n="notat"><phr n="notation"><ent r="3" t="18" w="1233" /><ent r="4" t="23" w="1286" /><ent r="3" t="32" w="44" /><ent r="3" t="34" w="1046" /></phr></stem><stem n="[a:b]"><phr n="[a:b]"><ent r="4" t="18" w="1238" /><ent r="3" t="18" w="1258" /></phr></stem><stem n="fetch"><phr n="fetch"><ent r="3" t="18" w="1241" /></phr></stem><stem n="subid'"><phr n="subid's"><ent r="3" t="18" w="1261" /><ent r="3" t="18" w="1260" /><ent r="3" t="18" w="1280" /><ent r="3" t="18" w="1279" /><ent r="3" t="18" w="1450" /><ent r="3" t="18" w="1449" /><ent r="3" t="18" w="1498" /><ent r="3" t="18" w="1497" /><ent r="4" t="25" w="249" /><ent r="4" t="25" w="248" /></phr></stem></index>