<?xml version="1.0" encoding="utf-8"?><index><stem n="drag"><phr n="dragging"><ent r="3" t="13" w="588" /></phr></stem><stem n="-integ"><phr n="-integer"><ent r="3" t="13" w="602" /><ent r="3" t="13" w="602" /><ent r="3" t="43" w="44" /><ent r="3" t="43" w="44" /></phr><phr n="-INTEGER"><ent r="4" t="28" w="799" /><ent r="4" t="28" w="799" /></phr></stem><stem n="non-integ"><phr n="non-integer"><ent r="3" t="13" w="602" /><ent r="3" t="43" w="44" /></phr></stem><stem n="{chartable}"><phr n="{chartable}"><ent r="65" t="13" w="614" /><ent r="82" t="13" w="1503" /><ent r="3" t="13" w="1509" /><ent r="3" t="13" w="2203" /></phr></stem><stem n="imserveraddress"><phr n="imserveraddress"><ent r="5" t="13" w="659" /></phr></stem><stem n="{imserveraddress}"><phr n="{imserveraddress}"><ent r="5" t="13" w="660" /></phr></stem><stem n="alarmpointlist"><phr n="alarmpointlist"><ent r="5" t="13" w="670" /></phr><phr n="AlarmPointList"><ent r="3" t="21" w="478" /><ent r="3" t="21" w="483" /><ent r="3" t="21" w="526" /><ent r="4" t="21" w="650" /><ent r="4" t="21" w="703" /><ent r="4" t="21" w="723" /><ent r="4" t="21" w="751" /><ent r="5" t="21" w="755" /><ent r="4" t="21" w="762" /><ent r="4" t="21" w="783" /><ent r="3" t="21" w="981" /><ent r="3" t="21" w="1075" /></phr></stem><stem n="{alarmpointlist}"><phr n="{alarmpointlist}"><ent r="5" t="13" w="671" /></phr></stem><stem n="{eval:expr}"><phr n="{eval:expr}"><ent r="66" t="13" w="681" /></phr></stem><stem n="{[variablename]:legend}"><phr n="{[variablename]:legend}"><ent r="6" t="13" w="723" /></phr></stem><stem n="variable'"><phr n="variable's"><ent r="5" t="13" w="726" /><ent r="5" t="13" w="725" /><ent r="3" t="14" w="926" /><ent r="3" t="14" w="925" /><ent r="4" t="16" w="1237" /><ent r="4" t="16" w="1236" /><ent r="3" t="26" w="226" /><ent r="3" t="26" w="225" /></phr></stem><stem n="{ifindex}"><phr n="{ifIndex}"><ent r="5" t="13" w="761" /></phr></stem><stem n="iftyp"><phr n="ifType"><ent r="5" t="13" w="767" /><ent r="3" t="18" w="308" /><ent r="3" t="18" w="624" /><ent r="4" t="18" w="861" /><ent r="3" t="18" w="1085" /><ent r="3" t="18" w="1088" /></phr></stem><stem n="{iftype}"><phr n="{ifType}"><ent r="5" t="13" w="768" /></phr></stem><stem n="ifdescr"><phr n="ifDescr"><ent r="5" t="13" w="774" /><ent r="3" t="18" w="305" /><ent r="3" t="18" w="603" /><ent r="4" t="18" w="860" /><ent r="3" t="18" w="1057" /><ent r="3" t="18" w="1060" /><ent r="3" t="53" w="555" /></phr><phr n="IfDescr"><ent r="100" t="53" w="524" /></phr></stem><stem n="{ifdescr}"><phr n="{ifDescr}"><ent r="5" t="13" w="775" /></phr></stem><stem n="ifalia"><phr n="ifAlias"><ent r="5" t="13" w="781" /><ent r="3" t="18" w="1075" /><ent r="3" t="18" w="1078" /><ent r="3" t="18" w="1145" /></phr></stem><stem n="{ifalias}"><phr n="{ifAlias}"><ent r="5" t="13" w="782" /></phr></stem><stem n="interface'"><phr n="interface's"><ent r="5" t="13" w="785" /><ent r="5" t="13" w="784" /></phr></stem><stem n="alia"><phr n="alias"><ent r="5" t="13" w="786" /><ent r="100" t="46" w="235" /><ent r="4" t="46" w="278" /><ent r="6" t="69" w="1907" /></phr><phr n="Alias"><ent r="3" t="18" w="1080" /></phr></stem><stem n="oid"><phr n="OID"><ent r="82" t="13" w="790" /><ent r="5" t="13" w="865" /><ent r="5" t="13" w="943" /><ent r="3" t="14" w="467" /><ent r="100" t="15" w="26" /><ent r="100" t="15" w="521" /><ent r="100" t="15" w="524" /><ent r="3" t="15" w="539" /><ent r="3" t="15" w="591" /><ent r="3" t="15" w="623" /><ent r="3" t="15" w="707" /><ent r="100" t="16" w="15" /><ent r="100" t="16" w="49" /><ent r="100" t="16" w="51" /><ent r="100" t="16" w="57" /><ent r="3" t="16" w="135" /><ent r="5" t="16" w="177" /><ent r="100" t="16" w="179" /><ent r="4" t="16" w="203" /><ent r="4" t="16" w="216" /><ent r="4" t="16" w="228" /><ent r="6" t="16" w="534" /><ent r="6" t="16" w="571" /><ent r="4" t="16" w="791" /><ent r="4" t="16" w="854" /><ent r="3" t="16" w="906" /><ent r="4" t="16" w="982" /><ent r="4" t="16" w="1016" /><ent r="4" t="16" w="1057" /><ent r="4" t="16" w="1066" /><ent r="4" t="16" w="1095" /><ent r="4" t="16" w="1198" /><ent r="4" t="16" w="1340" /><ent r="3" t="16" w="1442" /><ent r="3" t="16" w="1820" /><ent r="4" t="18" w="259" /><ent r="3" t="18" w="486" /><ent r="3" t="18" w="597" /><ent r="3" t="18" w="618" /><ent r="3" t="18" w="640" /><ent r="3" t="18" w="662" /><ent r="4" t="18" w="878" /><ent r="4" t="18" w="918" /><ent r="3" t="18" w="1243" /><ent r="3" t="18" w="1319" /><ent r="3" t="18" w="1406" /><ent r="4" t="18" w="1907" /><ent r="4" t="18" w="1920" /><ent r="4" t="23" w="838" /><ent r="3" t="23" w="1957" /><ent r="3" t="23" w="1983" /><ent r="4" t="23" w="2844" /><ent r="3" t="25" w="22" /><ent r="3" t="25" w="48" /><ent r="92" t="25" w="59" /><ent r="3" t="25" w="63" /><ent r="3" t="25" w="142" /><ent r="3" t="25" w="151" /><ent r="3" t="25" w="160" /><ent r="3" t="25" w="190" /><ent r="92" t="25" w="199" /><ent r="3" t="25" w="204" /><ent r="3" t="25" w="234" /><ent r="3" t="25" w="313" /><ent r="3" t="25" w="400" /><ent r="3" t="25" w="415" /><ent r="3" t="25" w="445" /><ent r="82" t="25" w="524" /><ent r="4" t="25" w="528" /><ent r="4" t="25" w="548" /><ent r="4" t="25" w="562" /><ent r="4" t="25" w="617" /><ent r="92" t="25" w="622" /><ent r="3" t="25" w="634" /><ent r="3" t="25" w="644" /><ent r="3" t="25" w="663" /><ent r="3" t="25" w="709" /><ent r="3" t="25" w="745" /><ent r="3" t="25" w="764" /><ent r="3" t="25" w="779" /><ent r="3" t="25" w="787" /><ent r="3" t="25" w="795" /><ent r="3" t="25" w="802" /><ent r="92" t="25" w="819" /><ent r="3" t="25" w="824" /><ent r="3" t="25" w="915" /><ent r="3" t="25" w="920" /><ent r="3" t="25" w="931" /><ent r="3" t="25" w="934" /><ent r="3" t="25" w="963" /><ent r="3" t="25" w="968" /><ent r="3" t="25" w="972" /><ent r="3" t="25" w="997" /><ent r="3" t="25" w="1011" /><ent r="92" t="25" w="1023" /><ent r="3" t="25" w="1047" /><ent r="3" t="26" w="11" /><ent r="3" t="26" w="56" /><ent r="3" t="26" w="106" /><ent r="3" t="26" w="122" /><ent r="3" t="26" w="143" /><ent r="3" t="26" w="171" /><ent r="3" t="26" w="199" /><ent r="3" t="26" w="229" /><ent r="3" t="26" w="357" /><ent r="3" t="26" w="387" /><ent r="4" t="28" w="125" /><ent r="4" t="28" w="131" /><ent r="4" t="28" w="469" /><ent r="3" t="28" w="514" /><ent r="3" t="28" w="587" /><ent r="3" t="28" w="674" /><ent r="5" t="30" w="206" /><ent r="4" t="30" w="222" /><ent r="4" t="30" w="293" /><ent r="4" t="30" w="298" /><ent r="3" t="31" w="1302" /><ent r="3" t="31" w="1343" /><ent r="3" t="31" w="1361" /><ent r="3" t="31" w="1379" /><ent r="3" t="31" w="1397" /><ent r="3" t="31" w="1415" /><ent r="3" t="31" w="1433" /><ent r="3" t="31" w="1451" /><ent r="3" t="31" w="1469" /><ent r="3" t="31" w="1487" /><ent r="3" t="31" w="1505" /><ent r="3" t="31" w="1595" /><ent r="3" t="31" w="1652" /><ent r="100" t="53" w="287" /><ent r="3" t="53" w="299" /><ent r="3" t="53" w="415" /><ent r="3" t="53" w="423" /><ent r="3" t="53" w="463" /><ent r="100" t="53" w="483" /><ent r="3" t="53" w="491" /><ent r="3" t="53" w="542" /><ent r="3" t="54" w="66" /><ent r="100" t="54" w="109" /><ent r="100" t="54" w="223" /><ent r="4" t="54" w="346" /><ent r="3" t="54" w="389" /><ent r="3" t="54" w="400" /><ent r="3" t="54" w="887" /><ent r="3" t="54" w="1017" /><ent r="4" t="54" w="1231" /><ent r="3" t="55" w="323" /><ent r="3" t="55" w="358" /><ent r="3" t="55" w="411" /><ent r="3" t="55" w="472" /></phr><phr n="OIDs"><ent r="3" t="15" w="697" /><ent r="100" t="16" w="62" /><ent r="3" t="16" w="67" /><ent r="65" t="16" w="804" /><ent r="4" t="16" w="813" /><ent r="4" t="16" w="1412" /><ent r="92" t="16" w="1420" /><ent r="3" t="16" w="1430" /><ent r="4" t="23" w="834" /><ent r="3" t="23" w="1953" /><ent r="1000" t="25" w="3" /><ent r="102" t="25" w="10" /><ent r="3" t="25" w="29" /><ent r="82" t="25" w="449" /><ent r="3" t="25" w="492" /><ent r="3" t="28" w="961" /><ent r="100" t="54" w="112" /><ent r="100" t="54" w="117" /><ent r="3" t="54" w="140" /><ent r="5" t="54" w="221" /><ent r="4" t="54" w="234" /><ent r="3" t="54" w="378" /><ent r="3" t="54" w="430" /><ent r="3" t="54" w="653" /><ent r="3" t="54" w="838" /><ent r="4" t="54" w="1223" /><ent r="3" t="55" w="202" /><ent r="3" t="55" w="581" /></phr><phr n="oid"><ent r="4" t="18" w="1235" /><ent r="4" t="18" w="1245" /><ent r="3" t="18" w="1255" /><ent r="3" t="18" w="1263" /><ent r="3" t="18" w="1275" /><ent r="3" t="18" w="1282" /><ent r="4" t="23" w="826" /><ent r="3" t="23" w="1944" /><ent r="3" t="53" w="174" /><ent r="3" t="55" w="258" /><ent r="3" t="55" w="466" /><ent r="3" t="55" w="613" /></phr></stem><stem n="specifictrap"><phr n="SpecificTrap"><ent r="5" t="13" w="806" /><ent r="4" t="28" w="248" /><ent r="3" t="31" w="1546" /></phr></stem><stem n="{specifictrap}"><phr n="{SpecificTrap}"><ent r="5" t="13" w="807" /></phr></stem><stem n="-trap"><phr n="-trap"><ent r="5" t="13" w="810" /><ent r="5" t="13" w="810" /><ent r="5" t="13" w="814" /><ent r="5" t="13" w="814" /><ent r="5" t="13" w="824" /><ent r="5" t="13" w="824" /></phr></stem><stem n="specific-trap"><phr n="specific-trap"><ent r="5" t="13" w="810" /></phr></stem><stem n="(snmp"><phr n="(SNMP"><ent r="5" t="13" w="812" /><ent r="5" t="13" w="826" /><ent r="5" t="13" w="836" /><ent r="5" t="13" w="846" /><ent r="5" t="13" w="855" /></phr></stem><stem n="v1"><phr n="v1"><ent r="5" t="13" w="813" /><ent r="5" t="13" w="827" /><ent r="5" t="13" w="837" /><ent r="5" t="13" w="847" /><ent r="5" t="13" w="856" /><ent r="4" t="28" w="389" /><ent r="3" t="31" w="1542" /><ent r="3" t="31" w="1550" /><ent r="3" t="31" w="1558" /><ent r="3" t="55" w="102" /><ent r="3" t="55" w="169" /></phr></stem><stem n="gener"><phr n="generic"><ent r="5" t="13" w="814" /><ent r="5" t="13" w="824" /></phr><phr n="generally"><ent r="3" t="14" w="1041" /><ent r="4" t="15" w="196" /><ent r="3" t="27" w="40" /><ent r="4" t="46" w="576" /><ent r="6" t="69" w="1302" /><ent r="6" t="69" w="1399" /></phr><phr n="general"><ent r="3" t="15" w="268" /><ent r="3" t="23" w="1305" /><ent r="3" t="33" w="174" /><ent r="3" t="34" w="727" /><ent r="3" t="39" w="106" /><ent r="3" t="69" w="65" /></phr><phr n="Generally"><ent r="3" t="16" w="1981" /><ent r="4" t="76" w="229" /></phr><phr n="generate"><ent r="4" t="21" w="372" /><ent r="4" t="21" w="423" /><ent r="3" t="64" w="39" /><ent r="65" t="69" w="74" /><ent r="93" t="69" w="167" /><ent r="6" t="69" w="2324" /></phr><phr n="generated"><ent r="4" t="28" w="342" /><ent r="3" t="31" w="1267" /><ent r="3" t="32" w="384" /><ent r="3" t="32" w="415" /><ent r="3" t="66" w="71" /><ent r="6" t="67" w="147" /><ent r="6" t="67" w="738" /><ent r="3" t="69" w="59" /><ent r="6" t="69" w="1545" /><ent r="5" t="69" w="1744" /></phr><phr n="Generic"><ent r="3" t="28" w="646" /><ent r="3" t="31" w="1278" /></phr><phr n="generates"><ent r="3" t="45" w="349" /><ent r="3" t="64" w="75" /><ent r="6" t="67" w="791" /><ent r="6" t="69" w="542" /><ent r="6" t="69" w="557" /><ent r="6" t="69" w="992" /><ent r="6" t="69" w="1007" /></phr><phr n="generating"><ent r="6" t="67" w="786" /></phr><phr n="Generates"><ent r="6" t="69" w="1021" /></phr></stem><stem n="generic-trap"><phr n="generic-trap"><ent r="5" t="13" w="814" /><ent r="5" t="13" w="824" /></phr></stem><stem n="enterprisespecif"><phr n="enterpriseSpecific"><ent r="5" t="13" w="817" /></phr></stem><stem n="generictrap"><phr n="GenericTrap"><ent r="5" t="13" w="820" /><ent r="4" t="28" w="204" /><ent r="3" t="31" w="1538" /></phr></stem><stem n="{generictrap}"><phr n="{GenericTrap}"><ent r="5" t="13" w="821" /></phr></stem><stem n="timestamp"><phr n="TimeStamp"><ent r="5" t="13" w="830" /><ent r="4" t="28" w="282" /><ent r="3" t="31" w="1526" /><ent r="3" t="31" w="1598" /></phr><phr n="timestamp"><ent r="5" t="13" w="835" /><ent r="3" t="32" w="138" /><ent r="3" t="55" w="388" /><ent r="3" t="55" w="399" /><ent r="6" t="69" w="1447" /><ent r="7" t="69" w="1466" /><ent r="6" t="69" w="1501" /><ent r="7" t="69" w="1518" /></phr><phr n="Timestamp"><ent r="3" t="28" w="566" /><ent r="3" t="28" w="657" /><ent r="3" t="31" w="1189" /><ent r="3" t="31" w="1288" /></phr><phr n="timestamps"><ent r="3" t="63" w="392" /></phr></stem><stem n="{timestamp}"><phr n="{TimeStamp}"><ent r="5" t="13" w="831" /></phr></stem><stem n="enterpris"><phr n="Enterprise"><ent r="5" t="13" w="841" /><ent r="3" t="28" w="662" /><ent r="5" t="30" w="205" /><ent r="4" t="30" w="221" /><ent r="3" t="31" w="1292" /><ent r="3" t="31" w="1554" /><ent r="100" t="32" w="14" /><ent r="3" t="32" w="25" /></phr><phr n="enterprise"><ent r="5" t="13" w="845" /><ent r="4" t="28" w="238" /><ent r="4" t="28" w="300" /></phr><phr n="enterprises"><ent r="3" t="25" w="331" /><ent r="3" t="32" w="77" /><ent r="3" t="32" w="160" /></phr><phr n="ENTERPRISE"><ent r="3" t="32" w="371" /></phr></stem><stem n="{enterprise}"><phr n="{Enterprise}"><ent r="5" t="13" w="842" /></phr></stem><stem n="communitystr"><phr n="CommunityString"><ent r="5" t="13" w="850" /><ent r="4" t="28" w="310" /><ent r="3" t="31" w="1522" /></phr></stem><stem n="{communitystring}"><phr n="{CommunityString}"><ent r="5" t="13" w="851" /></phr></stem><stem n="trapoid"><phr n="TrapOID"><ent r="5" t="13" w="860" /><ent r="4" t="28" w="324" /><ent r="3" t="31" w="1562" /></phr></stem><stem n="{trapoid}"><phr n="{TrapOID}"><ent r="5" t="13" w="861" /></phr></stem><stem n="(snmpv2c,"><phr n="(SNMPv2c,"><ent r="5" t="13" w="867" /><ent r="4" t="28" w="330" /></phr></stem><stem n="v3"><phr n="v3"><ent r="5" t="13" w="867" /><ent r="4" t="28" w="394" /></phr></stem><stem n="snmpversion"><phr n="SnmpVersion"><ent r="5" t="13" w="870" /><ent r="3" t="31" w="1570" /></phr><phr n="snmpVersion"><ent r="3" t="55" w="232" /><ent r="3" t="55" w="330" /></phr></stem><stem n="{snmpversion}"><phr n="{SnmpVersion}"><ent r="5" t="13" w="871" /></phr></stem><stem n="senderaddress"><phr n="SenderAddress"><ent r="5" t="13" w="878" /><ent r="5" t="28" w="348" /><ent r="3" t="31" w="1534" /></phr></stem><stem n="{senderaddress}"><phr n="{SenderAddress}"><ent r="5" t="13" w="879" /></phr></stem><stem n="sender"><phr n="sender"><ent r="5" t="13" w="883" /><ent r="5" t="13" w="899" /><ent r="4" t="28" w="369" /></phr><phr n="Sender"><ent r="3" t="28" w="685" /><ent r="3" t="31" w="1310" /></phr></stem><stem n="sender'"><phr n="sender's"><ent r="5" t="13" w="884" /><ent r="5" t="13" w="883" /></phr></stem><stem n="agentaddress"><phr n="AgentAddress"><ent r="5" t="13" w="888" /><ent r="3" t="31" w="1530" /></phr></stem><stem n="{agentaddress}"><phr n="{AgentAddress}"><ent r="5" t="13" w="889" /></phr></stem><stem n="agent'"><phr n="agent's"><ent r="5" t="13" w="894" /><ent r="5" t="13" w="893" /></phr></stem><stem n="(if"><phr n="(if"><ent r="5" t="13" w="896" /><ent r="9" t="16" w="690" /><ent r="9" t="16" w="696" /><ent r="3" t="17" w="73" /><ent r="3" t="17" w="97" /></phr></stem><stem n="varbindcount"><phr n="VarbindCount"><ent r="5" t="13" w="902" /><ent r="3" t="31" w="1580" /></phr></stem><stem n="{varbindcount}"><phr n="{VarbindCount}"><ent r="5" t="13" w="903" /></phr></stem><stem n="count"><phr n="count"><ent r="5" t="13" w="906" /><ent r="3" t="22" w="90" /><ent r="3" t="22" w="104" /><ent r="3" t="22" w="126" /><ent r="3" t="22" w="142" /><ent r="3" t="22" w="158" /><ent r="3" t="22" w="162" /><ent r="3" t="42" w="852" /><ent r="3" t="55" w="349" /><ent r="3" t="55" w="585" /><ent r="3" t="55" w="595" /></phr><phr n="counts"><ent r="3" t="20" w="748" /></phr><phr n="counted"><ent r="3" t="23" w="1977" /></phr><phr n="Count"><ent r="3" t="28" w="698" /><ent r="3" t="31" w="1321" /><ent r="3" t="60" w="989" /></phr></stem><stem n="varbind"><phr n="varbind"><ent r="5" t="13" w="908" /><ent r="5" t="13" w="942" /><ent r="5" t="13" w="954" /><ent r="5" t="13" w="966" /><ent r="3" t="25" w="838" /><ent r="3" t="25" w="869" /></phr><phr n="Varbind"><ent r="5" t="13" w="930" /><ent r="82" t="28" w="413" /><ent r="3" t="28" w="697" /><ent r="3" t="28" w="707" /><ent r="3" t="31" w="264" /><ent r="3" t="31" w="1320" /><ent r="3" t="31" w="1325" /><ent r="3" t="31" w="1590" /><ent r="3" t="31" w="1640" /><ent r="3" t="31" w="1647" /><ent r="3" t="31" w="1649" /><ent r="3" t="31" w="1651" /></phr><phr n="VarBind"><ent r="4" t="28" w="106" /><ent r="4" t="28" w="137" /><ent r="3" t="28" w="183" /><ent r="4" t="28" w="405" /><ent r="3" t="28" w="422" /><ent r="4" t="28" w="447" /><ent r="4" t="28" w="463" /><ent r="4" t="28" w="479" /><ent r="3" t="28" w="517" /><ent r="3" t="28" w="601" /><ent r="3" t="28" w="831" /><ent r="3" t="28" w="865" /><ent r="3" t="28" w="887" /><ent r="3" t="28" w="1026" /><ent r="3" t="28" w="1076" /><ent r="5" t="30" w="233" /><ent r="4" t="30" w="240" /><ent r="4" t="30" w="262" /></phr><phr n="Varbinds"><ent r="3" t="31" w="1587" /></phr></stem><stem n="three"><phr n="three"><ent r="5" t="13" w="915" /><ent r="4" t="18" w="889" /><ent r="3" t="21" w="1203" /><ent r="3" t="21" w="1209" /><ent r="3" t="21" w="1395" /><ent r="3" t="25" w="45" /><ent r="3" t="25" w="230" /><ent r="3" t="28" w="49" /><ent r="3" t="28" w="945" /><ent r="3" t="36" w="3854" /><ent r="3" t="39" w="653" /><ent r="3" t="40" w="33" /><ent r="3" t="46" w="603" /><ent r="4" t="69" w="1588" /><ent r="4" t="76" w="176" /></phr><phr n="Three"><ent r="3" t="16" w="1933" /></phr></stem><stem n="colon"><phr n="colon"><ent r="5" t="13" w="921" /><ent r="4" t="30" w="203" /><ent r="4" t="30" w="295" /><ent r="6" t="69" w="1221" /></phr><phr n="colons"><ent r="4" t="20" w="871" /></phr></stem><stem n="varbindvalue8"><phr n="VarbindValue8"><ent r="5" t="13" w="923" /></phr></stem><stem n="{varbindvalue8}"><phr n="{VarbindValue8}"><ent r="5" t="13" w="924" /></phr></stem><stem n="eigth"><phr n="eigth"><ent r="5" t="13" w="929" /></phr></stem><stem n="varbindoid"><phr n="VarbindOID"><ent r="5" t="13" w="934" /></phr></stem><stem n="nnn"><phr n="NNN"><ent r="5" t="13" w="935" /><ent r="5" t="13" w="947" /><ent r="5" t="13" w="959" /></phr></stem><stem n="{varbindoid[nnn]}"><phr n="{VarbindOID[NNN]}"><ent r="5" t="13" w="936" /></phr></stem><stem n="nnnth"><phr n="NNNth"><ent r="6" t="13" w="940" /><ent r="6" t="13" w="952" /><ent r="6" t="13" w="964" /></phr></stem><stem n="varbindvalu"><phr n="VarbindValue"><ent r="5" t="13" w="946" /></phr></stem><stem n="{varbindvalue[nnn]}"><phr n="{VarbindValue[NNN]}"><ent r="5" t="13" w="948" /></phr></stem><stem n="varbindtyp"><phr n="VarbindType"><ent r="5" t="13" w="958" /></phr></stem><stem n="{varbindtype[nnn]}"><phr n="{VarbindType[NNN]}"><ent r="5" t="13" w="960" /></phr></stem><stem n="-script)"><phr n="-script)"><ent r="3" t="13" w="985" /><ent r="3" t="13" w="985" /></phr></stem><stem n="remoteaddress"><phr n="remoteaddress"><ent r="5" t="13" w="998" /></phr></stem><stem n="{_remoteaddress}"><phr n="{_remoteaddress}"><ent r="5" t="13" w="999" /></phr></stem><stem n="remot"><phr n="remote"><ent r="5" t="13" w="1005" /><ent r="5" t="13" w="1020" /><ent r="3" t="33" w="376" /><ent r="4" t="36" w="380" /><ent r="4" t="36" w="446" /><ent r="3" t="36" w="1270" /><ent r="3" t="36" w="2914" /><ent r="3" t="36" w="2953" /><ent r="3" t="36" w="3195" /><ent r="3" t="42" w="607" /><ent r="3" t="60" w="113" /><ent r="3" t="60" w="272" /><ent r="3" t="60" w="276" /><ent r="3" t="60" w="279" /><ent r="3" t="60" w="282" /><ent r="3" t="60" w="285" /><ent r="3" t="60" w="289" /><ent r="3" t="60" w="299" /><ent r="3" t="60" w="302" /><ent r="3" t="60" w="346" /><ent r="3" t="60" w="349" /><ent r="3" t="60" w="352" /><ent r="3" t="60" w="355" /><ent r="3" t="60" w="358" /><ent r="3" t="60" w="365" /><ent r="3" t="60" w="471" /><ent r="3" t="60" w="481" /><ent r="3" t="60" w="502" /><ent r="3" t="60" w="881" /><ent r="3" t="60" w="927" /><ent r="6" t="69" w="764" /></phr><phr n="Remote"><ent r="100" t="73" w="22" /></phr></stem><stem n="remoteport"><phr n="remoteport"><ent r="5" t="13" w="1012" /></phr><phr n="REMOTEPORT"><ent r="100" t="36" w="3984" /><ent r="3" t="36" w="3995" /><ent r="3" t="36" w="4024" /><ent r="3" t="36" w="4472" /></phr><phr n="remotePort"><ent r="3" t="60" w="888" /><ent r="3" t="60" w="944" /><ent r="3" t="60" w="951" /><ent r="3" t="60" w="1012" /></phr></stem><stem n="{_remoteport}"><phr n="{_remoteport}"><ent r="5" t="13" w="1013" /></phr><phr n="{_REMOTEPORT}"><ent r="3" t="36" w="4025" /><ent r="3" t="36" w="4473" /></phr></stem><stem n="localaddress"><phr n="localaddress"><ent r="5" t="13" w="1027" /></phr></stem><stem n="{_localaddress}"><phr n="{_localaddress}"><ent r="5" t="13" w="1028" /></phr></stem><stem n="local"><phr n="local"><ent r="5" t="13" w="1034" /><ent r="5" t="13" w="1049" /><ent r="3" t="14" w="1142" /><ent r="4" t="36" w="463" /><ent r="4" t="36" w="471" /><ent r="3" t="36" w="945" /><ent r="3" t="36" w="1070" /><ent r="5" t="45" w="113" /><ent r="3" t="45" w="424" /><ent r="3" t="57" w="492" /><ent r="3" t="60" w="705" /><ent r="3" t="60" w="758" /><ent r="3" t="60" w="811" /><ent r="3" t="60" w="1043" /><ent r="6" t="69" w="725" /></phr></stem><stem n="localport"><phr n="localport"><ent r="5" t="13" w="1041" /></phr></stem><stem n="{_localport}"><phr n="{_localport}"><ent r="5" t="13" w="1042" /></phr></stem><stem n="gmttime"><phr n="gmttime"><ent r="5" t="13" w="1056" /></phr></stem><stem n="{_gmttime}"><phr n="{_gmttime}"><ent r="5" t="13" w="1057" /></phr></stem><stem n="822"><phr n="822"><ent r="5" t="13" w="1063" /></phr></stem><stem n="{_version}"><phr n="{_version}"><ent r="5" t="13" w="1068" /></phr></stem><stem n="len"><phr n="len"><ent r="5" t="13" w="1079" /><ent r="4" t="23" w="856" /><ent r="3" t="45" w="442" /><ent r="3" t="60" w="1123" /><ent r="3" t="60" w="1129" /><ent r="3" t="60" w="1131" /></phr><phr n="Len"><ent r="100" t="23" w="728" /><ent r="3" t="60" w="1049" /><ent r="3" t="60" w="1051" /><ent r="3" t="60" w="1120" /></phr></stem><stem n="{_line:len}"><phr n="{_line:len}"><ent r="5" t="13" w="1080" /></phr></stem><stem n="truncat"><phr n="truncated"><ent r="5" t="13" w="1088" /></phr></stem><stem n="given"><phr n="given"><ent r="5" t="13" w="1091" /><ent r="5" t="13" w="1129" /><ent r="5" t="13" w="1140" /><ent r="5" t="13" w="1157" /><ent r="5" t="13" w="1216" /><ent r="5" t="13" w="1251" /><ent r="3" t="13" w="2069" /><ent r="4" t="15" w="206" /><ent r="3" t="18" w="1313" /><ent r="4" t="21" w="145" /><ent r="4" t="23" w="812" /><ent r="4" t="23" w="837" /><ent r="3" t="23" w="960" /><ent r="3" t="23" w="973" /><ent r="3" t="23" w="1897" /><ent r="3" t="23" w="1956" /><ent r="6" t="23" w="2616" /><ent r="6" t="23" w="2633" /><ent r="3" t="40" w="408" /><ent r="3" t="40" w="426" /><ent r="3" t="42" w="197" /><ent r="3" t="42" w="495" /><ent r="3" t="54" w="367" /><ent r="3" t="57" w="138" /><ent r="6" t="69" w="2043" /><ent r="6" t="69" w="2048" /><ent r="6" t="69" w="2116" /></phr><phr n="Given"><ent r="3" t="28" w="896" /><ent r="3" t="34" w="892" /><ent r="3" t="42" w="745" /></phr></stem><stem n="length"><phr n="length"><ent r="5" t="13" w="1092" /><ent r="5" t="13" w="1209" /><ent r="5" t="13" w="1213" /><ent r="4" t="23" w="737" /><ent r="4" t="23" w="747" /><ent r="4" t="23" w="828" /><ent r="4" t="23" w="832" /><ent r="3" t="23" w="1125" /><ent r="3" t="23" w="1138" /><ent r="3" t="23" w="1946" /><ent r="3" t="23" w="1951" /><ent r="4" t="23" w="2177" /><ent r="5" t="23" w="2240" /><ent r="4" t="23" w="2244" /><ent r="5" t="23" w="2253" /><ent r="5" t="23" w="2273" /><ent r="4" t="23" w="2278" /><ent r="5" t="23" w="2299" /><ent r="3" t="36" w="3551" /></phr><phr n="lengths"><ent r="3" t="36" w="3156" /></phr></stem><stem n="idletimeout"><phr n="idletimeout"><ent r="5" t="13" w="1095" /></phr></stem><stem n="{_idletimeout}"><phr n="{_idletimeout}"><ent r="5" t="13" w="1096" /></phr></stem><stem n="idl"><phr n="idle"><ent r="5" t="13" w="1098" /><ent r="5" t="13" w="1176" /><ent r="3" t="34" w="1595" /><ent r="3" t="34" w="1605" /><ent r="3" t="36" w="2496" /><ent r="3" t="36" w="3760" /><ent r="3" t="36" w="3768" /></phr><phr n="IDLE"><ent r="100" t="34" w="1178" /><ent r="3" t="34" w="1180" /><ent r="3" t="34" w="1211" /><ent r="100" t="38" w="467" /><ent r="3" t="38" w="476" /><ent r="3" t="38" w="562" /></phr></stem><stem n="timeout"><phr n="timeout"><ent r="5" t="13" w="1099" /><ent r="100" t="36" w="16" /><ent r="65" t="36" w="332" /><ent r="4" t="36" w="341" /><ent r="100" t="36" w="365" /><ent r="65" t="36" w="374" /><ent r="83" t="36" w="1198" /><ent r="3" t="36" w="1216" /><ent r="4" t="36" w="1273" /><ent r="3" t="36" w="2020" /><ent r="3" t="36" w="2497" /><ent r="83" t="36" w="2897" /><ent r="3" t="36" w="2957" /><ent r="3" t="36" w="3336" /><ent r="3" t="36" w="3737" /><ent r="100" t="38" w="24" /><ent r="100" t="38" w="31" /><ent r="3" t="38" w="454" /><ent r="3" t="42" w="782" /><ent r="4" t="54" w="308" /><ent r="3" t="55" w="341" /></phr><phr n="Timeout"><ent r="100" t="36" w="329" /><ent r="100" t="36" w="3728" /><ent r="100" t="38" w="449" /><ent r="4" t="39" w="1137" /><ent r="3" t="39" w="1147" /><ent r="3" t="39" w="1167" /><ent r="3" t="42" w="784" /><ent r="100" t="54" w="306" /></phr></stem><stem n="stringtomatch"><phr n="stringtomatch"><ent r="5" t="13" w="1107" /></phr></stem><stem n="{_stringtomatch}"><phr n="{_stringtomatch}"><ent r="5" t="13" w="1108" /></phr></stem><stem n="match"><phr n="match"><ent r="5" t="13" w="1114" /><ent r="3" t="14" w="988" /><ent r="3" t="18" w="403" /><ent r="4" t="21" w="339" /><ent r="4" t="23" w="696" /><ent r="4" t="23" w="718" /><ent r="3" t="23" w="1009" /><ent r="3" t="23" w="1068" /><ent r="4" t="23" w="3011" /><ent r="4" t="23" w="3025" /><ent r="4" t="24" w="256" /><ent r="3" t="33" w="503" /><ent r="3" t="34" w="630" /><ent r="3" t="34" w="724" /><ent r="3" t="34" w="736" /><ent r="4" t="34" w="764" /><ent r="4" t="34" w="790" /><ent r="4" t="34" w="796" /><ent r="4" t="34" w="809" /><ent r="4" t="34" w="857" /><ent r="3" t="34" w="877" /><ent r="3" t="34" w="907" /><ent r="3" t="34" w="1499" /><ent r="4" t="36" w="1936" /><ent r="3" t="36" w="2323" /><ent r="3" t="36" w="2406" /><ent r="3" t="36" w="4210" /><ent r="3" t="36" w="4232" /><ent r="3" t="36" w="4599" /><ent r="3" t="38" w="328" /><ent r="3" t="38" w="364" /><ent r="3" t="38" w="383" /><ent r="3" t="38" w="402" /><ent r="3" t="58" w="23" /><ent r="3" t="60" w="724" /><ent r="3" t="60" w="777" /><ent r="3" t="68" w="135" /><ent r="6" t="69" w="1436" /></phr><phr n="Matches"><ent r="100" t="15" w="88" /><ent r="100" t="17" w="358" /><ent r="100" t="17" w="360" /><ent r="83" t="17" w="363" /><ent r="100" t="23" w="4" /><ent r="100" t="23" w="221" /><ent r="100" t="34" w="157" /><ent r="100" t="34" w="692" /></phr><phr n="matches"><ent r="4" t="17" w="423" /><ent r="6" t="23" w="2913" /><ent r="6" t="23" w="2929" /><ent r="6" t="23" w="2949" /><ent r="3" t="27" w="108" /><ent r="3" t="34" w="695" /><ent r="3" t="34" w="701" /><ent r="3" t="34" w="868" /><ent r="4" t="36" w="1953" /><ent r="3" t="36" w="2423" /><ent r="3" t="36" w="4525" /><ent r="3" t="36" w="4561" /><ent r="3" t="38" w="336" /><ent r="3" t="39" w="558" /><ent r="3" t="50" w="76" /><ent r="4" t="65" w="123" /><ent r="3" t="65" w="378" /><ent r="3" t="68" w="167" /><ent r="3" t="68" w="204" /><ent r="6" t="69" w="1236" /></phr><phr n="Matching"><ent r="100" t="23" w="379" /><ent r="4" t="23" w="382" /><ent r="100" t="34" w="168" /><ent r="65" t="34" w="171" /><ent r="92" t="34" w="618" /><ent r="3" t="34" w="642" /><ent r="100" t="34" w="710" /><ent r="82" t="34" w="715" /><ent r="65" t="36" w="1972" /><ent r="64" t="36" w="2442" /></phr><phr n="matching"><ent r="4" t="23" w="703" /><ent r="4" t="23" w="725" /><ent r="3" t="33" w="567" /><ent r="4" t="34" w="665" /><ent r="4" t="34" w="684" /></phr><phr n="matched"><ent r="4" t="34" w="813" /><ent r="3" t="36" w="2311" /></phr><phr n="MaTCH"><ent r="100" t="36" w="2306" /></phr></stem></index>