<?xml version="1.0" encoding="utf-8"?><index><stem n="revis"><phr n="REVISION"><ent r="3" t="32" w="131" /><ent r="3" t="32" w="144" /><ent r="3" t="32" w="151" /></phr></stem><stem n="200705300000z"><phr n="200705300000Z"><ent r="3" t="32" w="132" /></phr></stem><stem n="&quot;200705300000z&quot;"><phr n="&quot;200705300000Z&quot;"><ent r="3" t="32" w="133" /></phr></stem><stem n="&quot;updat"><phr n="&quot;Updated"><ent r="3" t="32" w="134" /></phr></stem><stem n="intermappermessag"><phr n="intermapperMessage"><ent r="3" t="32" w="143" /><ent r="3" t="32" w="205" /><ent r="3" t="32" w="375" /><ent r="3" t="32" w="402" /></phr></stem><stem n="200512150000z"><phr n="200512150000Z"><ent r="3" t="32" w="145" /></phr></stem><stem n="&quot;200512150000z&quot;"><phr n="&quot;200512150000Z&quot;"><ent r="3" t="32" w="146" /></phr></stem><stem n="&quot;ad"><phr n="&quot;Added"><ent r="3" t="32" w="147" /></phr></stem><stem n="intermapperdeviceaddress"><phr n="intermapperDeviceAddress"><ent r="3" t="32" w="148" /><ent r="3" t="32" w="303" /><ent r="3" t="32" w="405" /></phr></stem><stem n="intermapperprobetyp"><phr n="intermapperProbeType"><ent r="3" t="32" w="150" /><ent r="3" t="32" w="328" /><ent r="3" t="32" w="406" /></phr></stem><stem n="-type"><phr n="-TYPE"><ent r="3" t="32" w="173" /><ent r="3" t="32" w="173" /><ent r="3" t="32" w="206" /><ent r="3" t="32" w="206" /><ent r="3" t="32" w="238" /><ent r="3" t="32" w="238" /><ent r="3" t="32" w="273" /><ent r="3" t="32" w="273" /><ent r="3" t="32" w="304" /><ent r="3" t="32" w="304" /><ent r="3" t="32" w="329" /><ent r="3" t="32" w="329" /><ent r="3" t="32" w="359" /><ent r="3" t="32" w="359" /><ent r="3" t="32" w="365" /><ent r="3" t="32" w="365" /><ent r="3" t="32" w="369" /><ent r="3" t="32" w="369" /><ent r="3" t="32" w="398" /><ent r="3" t="32" w="398" /></phr><phr n="-type"><ent r="100" t="71" w="20" /><ent r="100" t="71" w="20" /><ent r="3" t="71" w="34" /><ent r="3" t="71" w="34" /></phr></stem><stem n="(size(0..255))"><phr n="(SIZE(0..255))"><ent r="3" t="32" w="180" /><ent r="3" t="32" w="213" /><ent r="3" t="32" w="245" /><ent r="3" t="32" w="280" /><ent r="3" t="32" w="311" /><ent r="3" t="32" w="336" /></phr></stem><stem n="max-access"><phr n="MAX-ACCESS"><ent r="3" t="32" w="180" /><ent r="3" t="32" w="213" /><ent r="3" t="32" w="245" /><ent r="3" t="32" w="280" /><ent r="3" t="32" w="311" /><ent r="3" t="32" w="336" /></phr></stem><stem n="-onli"><phr n="-only"><ent r="3" t="32" w="182" /><ent r="3" t="32" w="182" /><ent r="3" t="32" w="215" /><ent r="3" t="32" w="215" /><ent r="3" t="32" w="247" /><ent r="3" t="32" w="247" /><ent r="3" t="32" w="282" /><ent r="3" t="32" w="282" /><ent r="3" t="32" w="313" /><ent r="3" t="32" w="313" /><ent r="3" t="32" w="338" /><ent r="3" t="32" w="338" /><ent r="4" t="53" w="240" /><ent r="4" t="53" w="240" /><ent r="4" t="54" w="186" /><ent r="4" t="54" w="186" /></phr></stem><stem n="read-onli"><phr n="read-only"><ent r="3" t="32" w="182" /><ent r="3" t="32" w="215" /><ent r="3" t="32" w="247" /><ent r="3" t="32" w="282" /><ent r="3" t="32" w="313" /><ent r="3" t="32" w="338" /><ent r="4" t="53" w="240" /><ent r="4" t="54" w="186" /></phr></stem><stem n="mm"><phr n="mm"><ent r="3" t="32" w="198" /><ent r="3" t="32" w="201" /></phr></stem><stem n="'mm/dd"><phr n="'mm/dd"><ent r="3" t="32" w="199" /></phr></stem><stem n="mm/dd"><phr n="mm/dd"><ent r="3" t="32" w="199" /><ent r="3" t="32" w="198" /></phr></stem><stem n="hh"><phr n="hh"><ent r="3" t="32" w="200" /></phr></stem><stem n="ss"><phr n="ss"><ent r="3" t="32" w="202" /></phr></stem><stem n=":mm:ss'.&quot;"><phr n=":mm:ss'.&quot;"><ent r="3" t="32" w="203" /></phr></stem><stem n="intermapperdevicenam"><phr n="intermapperDeviceName"><ent r="3" t="32" w="237" /><ent r="3" t="32" w="376" /><ent r="3" t="32" w="403" /></phr></stem><stem n="(first"><phr n="(first"><ent r="3" t="32" w="253" /></phr></stem><stem n="intermappercondit"><phr n="intermapperCondition"><ent r="3" t="32" w="272" /><ent r="3" t="32" w="377" /><ent r="3" t="32" w="404" /></phr></stem><stem n="trap-typ"><phr n="TRAP-TYPE"><ent r="3" t="32" w="359" /><ent r="3" t="32" w="369" /></phr></stem><stem n="intermappertrap"><phr n="intermapperTrap"><ent r="3" t="32" w="368" /><ent r="3" t="32" w="397" /></phr></stem><stem n="intermappernotif"><phr n="intermapperNotifications"><ent r="3" t="32" w="392" /><ent r="3" t="32" w="422" /></phr></stem><stem n="=&quot;tcp-script&quot;"><phr n="=&quot;tcp-script&quot;"><ent r="3" t="33" w="15" /></phr></stem><stem n="verifi"><phr n="verifies"><ent r="3" t="33" w="80" /></phr></stem><stem n="interact"><phr n="interact"><ent r="4" t="33" w="288" /><ent r="3" t="34" w="29" /></phr><phr n="interaction"><ent r="4" t="37" w="74" /></phr></stem><stem n="sequenti"><phr n="sequential"><ent r="4" t="33" w="316" /><ent r="3" t="34" w="57" /></phr></stem><stem n="exchang"><phr n="exchange"><ent r="3" t="33" w="378" /><ent r="3" t="36" w="1383" /></phr></stem><stem n="overal"><phr n="Overall"><ent r="92" t="33" w="421" /></phr><phr n="overall"><ent r="4" t="64" w="174" /><ent r="3" t="70" w="107" /></phr></stem><stem n="annot"><phr n="annotated"><ent r="3" t="33" w="427" /></phr><phr n="Annotated"><ent r="100" t="36" w="111" /><ent r="64" t="36" w="115" /><ent r="100" t="36" w="3864" /><ent r="100" t="36" w="3867" /><ent r="92" t="36" w="3870" /></phr></stem><stem n="bcd"><phr n="BCD"><ent r="3" t="33" w="515" /></phr></stem><stem n="&quot;a([bcd]+)e&quot;r"><phr n="&quot;A([BCD]+)E&quot;r"><ent r="3" t="33" w="518" /></phr></stem><stem n="goto"><phr n="goto"><ent r="3" t="33" w="520" /><ent r="3" t="34" w="419" /><ent r="3" t="34" w="441" /><ent r="3" t="34" w="926" /><ent r="3" t="34" w="946" /><ent r="3" t="34" w="961" /><ent r="4" t="34" w="1118" /><ent r="3" t="34" w="1210" /><ent r="3" t="34" w="1704" /><ent r="3" t="36" w="3894" /><ent r="3" t="36" w="3915" /><ent r="3" t="36" w="3934" /><ent r="3" t="36" w="3951" /><ent r="3" t="36" w="4008" /><ent r="3" t="36" w="4051" /><ent r="3" t="36" w="4167" /><ent r="3" t="36" w="4281" /><ent r="3" t="36" w="4397" /><ent r="3" t="36" w="4461" /><ent r="3" t="38" w="475" /><ent r="3" t="38" w="485" /></phr><phr n="GOTO"><ent r="6" t="33" w="784" /><ent r="6" t="33" w="790" /><ent r="6" t="33" w="813" /><ent r="6" t="33" w="819" /><ent r="100" t="34" w="412" /><ent r="100" t="34" w="1010" /><ent r="82" t="34" w="1018" /><ent r="3" t="34" w="1076" /><ent r="4" t="34" w="1195" /><ent r="4" t="34" w="1242" /><ent r="100" t="36" w="570" /><ent r="65" t="36" w="572" /><ent r="100" t="36" w="844" /><ent r="4" t="36" w="2106" /><ent r="5" t="36" w="2112" /><ent r="100" t="38" w="465" /></phr></stem><stem n="@nomatch"><phr n="@NOMATCH"><ent r="3" t="33" w="521" /></phr></stem><stem n="nomatch"><phr n="NOMATCH"><ent r="3" t="33" w="521" /></phr></stem><stem n="stor"><phr n="STOR"><ent r="3" t="33" w="522" /><ent r="3" t="33" w="974" /><ent r="3" t="33" w="977" /><ent r="3" t="34" w="931" /><ent r="3" t="34" w="934" /><ent r="3" t="34" w="949" /><ent r="3" t="34" w="964" /><ent r="4" t="34" w="1319" /><ent r="100" t="36" w="776" /><ent r="65" t="36" w="778" /><ent r="5" t="36" w="3111" /><ent r="83" t="36" w="3447" /><ent r="5" t="36" w="3453" /><ent r="5" t="36" w="3501" /><ent r="5" t="36" w="3530" /></phr></stem><stem n="testval"><phr n="testval"><ent r="3" t="33" w="523" /><ent r="3" t="33" w="535" /></phr></stem><stem n="&quot;testval&quot;"><phr n="&quot;testval&quot;"><ent r="3" t="33" w="524" /><ent r="3" t="33" w="536" /></phr></stem><stem n="abd"><phr n="ABDE"><ent r="3" t="33" w="532" /></phr></stem><stem n="bd"><phr n="BD"><ent r="3" t="33" w="539" /></phr></stem><stem n="&quot;bd&quot;."><phr n="&quot;BD&quot;."><ent r="3" t="33" w="540" /></phr></stem><stem n="captur"><phr n="capturing"><ent r="3" t="33" w="554" /><ent r="3" t="33" w="580" /></phr></stem><stem n="subgroup"><phr n="subgroup"><ent r="3" t="33" w="555" /></phr></stem><stem n="bs"><phr n="Bs"><ent r="3" t="33" w="560" /></phr></stem><stem n="cs"><phr n="Cs"><ent r="3" t="33" w="561" /></phr></stem><stem n="ds"><phr n="Ds"><ent r="3" t="33" w="563" /></phr></stem><stem n="&quot;:=&quot;"><phr n="&quot;:=&quot;"><ent r="3" t="33" w="643" /></phr></stem><stem n="$celsiu"><phr n="$celsius"><ent r="3" t="33" w="658" /><ent r="3" t="33" w="668" /><ent r="3" t="33" w="682" /></phr></stem><stem n="(($fahrenheit"><phr n="(($fahrenheit"><ent r="3" t="33" w="659" /></phr></stem><stem n="$fahrenheit"><phr n="$fahrenheit"><ent r="3" t="33" w="659" /><ent r="3" t="33" w="676" /></phr></stem><stem n="(either"><phr n="(either"><ent r="3" t="33" w="709" /><ent r="3" t="57" w="177" /></phr></stem><stem n="$x"><phr n="$x"><ent r="6" t="33" w="770" /><ent r="6" t="33" w="777" /><ent r="6" t="33" w="800" /><ent r="6" t="33" w="806" /></phr></stem><stem n="($val"><phr n="($val"><ent r="6" t="33" w="771" /></phr></stem><stem n="$val"><phr n="$val"><ent r="6" t="33" w="771" /></phr></stem><stem n="50.5"><phr n="50.5"><ent r="6" t="33" w="774" /><ent r="6" t="33" w="773" /><ent r="3" t="33" w="1060" /><ent r="3" t="33" w="1059" /></phr></stem><stem n=".5)"><phr n=".5)"><ent r="6" t="33" w="775" /></phr></stem><stem n="nbne"><phr n="NBNE"><ent r="6" t="33" w="776" /><ent r="6" t="33" w="805" /><ent r="3" t="33" w="921" /><ent r="3" t="33" w="1030" /><ent r="100" t="36" w="622" /><ent r="65" t="36" w="624" /><ent r="83" t="36" w="2740" /><ent r="5" t="36" w="2748" /><ent r="3" t="36" w="2787" /></phr></stem><stem n="#$x"><phr n="#$x"><ent r="6" t="33" w="777" /><ent r="6" t="33" w="806" /></phr></stem><stem n="#0"><phr n="#0"><ent r="6" t="33" w="778" /><ent r="6" t="33" w="807" /></phr></stem><stem n="@greater"><phr n="@greater"><ent r="6" t="33" w="779" /></phr></stem><stem n="greater"><phr n="greater"><ent r="6" t="33" w="779" /><ent r="6" t="33" w="787" /><ent r="3" t="33" w="1022" /><ent r="4" t="36" w="616" /><ent r="3" t="36" w="2680" /><ent r="4" t="36" w="2710" /><ent r="3" t="55" w="726" /></phr><phr n="Greater"><ent r="3" t="33" w="930" /><ent r="100" t="36" w="8" /></phr></stem><stem n="@less:"><phr n="@less:"><ent r="6" t="33" w="782" /></phr></stem><stem n="@endif"><phr n="@ENDIF"><ent r="6" t="33" w="785" /><ent r="6" t="33" w="791" /><ent r="6" t="33" w="814" /><ent r="6" t="33" w="820" /></phr></stem><stem n="endif"><phr n="ENDIF"><ent r="6" t="33" w="785" /><ent r="6" t="33" w="791" /><ent r="6" t="33" w="793" /><ent r="6" t="33" w="814" /><ent r="6" t="33" w="820" /><ent r="6" t="33" w="822" /></phr></stem><stem n="@greater:"><phr n="@greater:"><ent r="6" t="33" w="788" /></phr></stem><stem n="@endif:"><phr n="@ENDIF:"><ent r="6" t="33" w="794" /><ent r="6" t="33" w="823" /></phr></stem><stem n="dog"><phr n="dog"><ent r="6" t="33" w="801" /><ent r="6" t="33" w="808" /><ent r="6" t="33" w="816" /></phr></stem><stem n="(&quot;dog&quot;"><phr n="(&quot;dog&quot;"><ent r="6" t="33" w="802" /></phr></stem><stem n="cat"><phr n="cat"><ent r="6" t="33" w="803" /><ent r="6" t="33" w="810" /></phr><phr n="CAT"><ent r="5" t="36" w="3093" /></phr></stem><stem n="&quot;cat&quot;)"><phr n="&quot;cat&quot;)"><ent r="6" t="33" w="804" /></phr></stem><stem n="@dog"><phr n="@dog"><ent r="6" t="33" w="808" /></phr></stem><stem n="@cat:"><phr n="@cat:"><ent r="6" t="33" w="811" /></phr></stem><stem n="@dog:"><phr n="@dog:"><ent r="6" t="33" w="817" /></phr></stem><stem n="sbne"><phr n="SBNE"><ent r="3" t="33" w="884" /><ent r="100" t="36" w="661" /><ent r="65" t="36" w="663" /><ent r="83" t="36" w="2997" /><ent r="5" t="36" w="3004" /><ent r="5" t="36" w="3043" /></phr></stem><stem n="(&quot;string"><phr n="(&quot;String"><ent r="3" t="33" w="885" /></phr></stem><stem n="}."><phr n="}."><ent r="3" t="33" w="919" /></phr></stem><stem n="(&quot;numer"><phr n="(&quot;Numeric"><ent r="3" t="33" w="922" /><ent r="3" t="33" w="928" /></phr></stem><stem n="nbgt"><phr n="NBGT"><ent r="3" t="33" w="927" /><ent r="3" t="33" w="980" /><ent r="3" t="33" w="1029" /><ent r="100" t="36" w="583" /><ent r="65" t="36" w="585" /><ent r="83" t="36" w="2640" /><ent r="5" t="36" w="2650" /><ent r="5" t="36" w="2688" /></phr></stem><stem n="(#)"><phr n="(#)"><ent r="3" t="33" w="968" /></phr></stem><stem n="val1"><phr n="val1"><ent r="3" t="33" w="975" /><ent r="3" t="33" w="982" /><ent r="3" t="33" w="993" /></phr></stem><stem n="&quot;val1&quot;"><phr n="&quot;val1&quot;"><ent r="3" t="33" w="976" /></phr></stem><stem n="&quot;100&quot;"><phr n="&quot;100&quot;"><ent r="3" t="33" w="977" /></phr></stem><stem n="val2"><phr n="val2"><ent r="3" t="33" w="978" /><ent r="3" t="33" w="984" /><ent r="3" t="33" w="1004" /></phr></stem><stem n="&quot;val2&quot;"><phr n="&quot;val2&quot;"><ent r="3" t="33" w="979" /></phr></stem><stem n="#${val1}"><phr n="#${val1}"><ent r="3" t="33" w="983" /></phr></stem><stem n="#${val2}"><phr n="#${val2}"><ent r="3" t="33" w="985" /></phr></stem><stem n="@exit"><phr n="@exit"><ent r="3" t="33" w="985" /><ent r="5" t="36" w="2693" /><ent r="5" t="36" w="2700" /><ent r="3" t="36" w="2792" /><ent r="4" t="36" w="2799" /><ent r="5" t="36" w="3048" /><ent r="5" t="36" w="3055" /></phr></stem><stem n="{val1}"><phr n="{val1}"><ent r="3" t="33" w="994" /></phr></stem><stem n="{val2}"><phr n="{val2}"><ent r="3" t="33" w="1005" /></phr></stem><stem n="-)."><phr n="-)."><ent r="3" t="33" w="1045" /><ent r="3" t="33" w="1045" /></phr></stem><stem n="non-digit"><phr n="non-digit"><ent r="3" t="33" w="1052" /></phr></stem><stem n="&quot;50.5&quot;"><phr n="&quot;50.5&quot;"><ent r="3" t="33" w="1061" /></phr></stem><stem n="wish"><phr n="wish"><ent r="3" t="33" w="1070" /><ent r="3" t="36" w="3466" /><ent r="3" t="39" w="443" /><ent r="4" t="40" w="252" /><ent r="3" t="46" w="384" /><ent r="4" t="59" w="59" /></phr></stem><stem n="fraction"><phr n="fraction"><ent r="3" t="33" w="1075" /></phr></stem><stem n="(describ"><phr n="(described"><ent r="3" t="34" w="54" /></phr></stem><stem n="/script&gt;"><phr n="/script&gt;"><ent r="3" t="34" w="72" /><ent r="3" t="38" w="598" /></phr></stem><stem n="&lt;/script&gt;"><phr n="&lt;/script&gt;"><ent r="3" t="34" w="72" /><ent r="3" t="34" w="71" /><ent r="3" t="38" w="598" /><ent r="3" t="38" w="597" /></phr></stem><stem n="script&gt;"><phr n="script&gt;"><ent r="3" t="34" w="72" /><ent r="3" t="38" w="598" /></phr></stem><stem n=":argument"><phr n=":Argument"><ent r="100" t="34" w="154" /></phr></stem><stem n=":label"><phr n=":Label"><ent r="100" t="34" w="184" /></phr></stem><stem n=":use"><phr n=":Using"><ent r="100" t="34" w="191" /><ent r="100" t="34" w="1223" /></phr><phr n=":Use"><ent r="100" t="36" w="845" /><ent r="100" t="36" w="848" /><ent r="100" t="36" w="851" /><ent r="100" t="36" w="854" /><ent r="100" t="36" w="857" /><ent r="100" t="36" w="860" /><ent r="100" t="36" w="863" /><ent r="100" t="67" w="90" /></phr><phr n=":uses"><ent r="100" t="39" w="367" /></phr></stem><stem n=":handl"><phr n=":Handling"><ent r="100" t="34" w="212" /></phr></stem><stem n=":script"><phr n=":Script"><ent r="100" t="34" w="217" /></phr></stem><stem n=":comment"><phr n=":Comments"><ent r="100" t="34" w="227" /></phr></stem><stem n=":ad"><phr n=":Adding"><ent r="100" t="34" w="232" /></phr></stem><stem n="white"><phr n="white"><ent r="4" t="34" w="357" /><ent r="4" t="34" w="384" /><ent r="3" t="65" w="489" /></phr></stem><stem n="&quot;string&quot;"><phr n="&quot;string&quot;"><ent r="3" t="34" w="406" /><ent r="65" t="36" w="239" /><ent r="65" t="36" w="259" /><ent r="65" t="36" w="277" /><ent r="65" t="36" w="439" /><ent r="65" t="36" w="507" /><ent r="4" t="36" w="512" /><ent r="65" t="36" w="781" /><ent r="4" t="36" w="1140" /><ent r="3" t="36" w="1152" /><ent r="83" t="36" w="1851" /><ent r="83" t="36" w="2348" /><ent r="83" t="36" w="3181" /><ent r="83" t="36" w="3276" /><ent r="83" t="36" w="3450" /></phr><phr n="&quot;STRING&quot;"><ent r="4" t="76" w="90" /></phr></stem><stem n="#fail"><phr n="#fail"><ent r="3" t="34" w="406" /><ent r="65" t="36" w="239" /><ent r="65" t="36" w="259" /><ent r="65" t="36" w="277" /><ent r="65" t="36" w="507" /><ent r="65" t="36" w="796" /><ent r="4" t="36" w="1140" /><ent r="3" t="36" w="1166" /><ent r="83" t="36" w="1851" /><ent r="5" t="36" w="1912" /><ent r="4" t="36" w="2014" /><ent r="83" t="36" w="2348" /><ent r="4" t="36" w="2491" /><ent r="83" t="36" w="3081" /><ent r="83" t="36" w="3276" /></phr></stem><stem n="&quot;blah&quot;"><phr n="&quot;blah&quot;"><ent r="3" t="34" w="418" /><ent r="3" t="34" w="431" /></phr></stem><stem n="&quot;els"><phr n="&quot;else"><ent r="3" t="34" w="440" /><ent r="3" t="36" w="4280" /></phr></stem><stem n="behavior"><phr n="behavior"><ent r="3" t="34" w="452" /><ent r="3" t="46" w="748" /></phr></stem><stem n="obviou"><phr n="obvious"><ent r="3" t="34" w="457" /></phr></stem><stem n="extran"><phr n="extraneous"><ent r="3" t="34" w="459" /></phr></stem><stem n="uppercas"><phr n="uppercase"><ent r="3" t="34" w="467" /></phr><phr n="UPPERCASE"><ent r="100" t="36" w="1543" /><ent r="4" t="36" w="1545" /></phr></stem><stem n="-quotes."><phr n="-quotes."><ent r="4" t="34" w="487" /><ent r="4" t="34" w="487" /><ent r="3" t="68" w="29" /><ent r="3" t="68" w="29" /></phr></stem><stem n="\r"><phr n="\r"><ent r="6" t="34" w="515" /></phr></stem><stem n="carriag"><phr n="Carriage"><ent r="100" t="34" w="517" /><ent r="5" t="34" w="520" /><ent r="100" t="36" w="4339" /></phr><phr n="carriage"><ent r="3" t="34" w="610" /><ent r="100" t="36" w="4336" /><ent r="3" t="36" w="4375" /><ent r="3" t="65" w="500" /></phr></stem><stem n="\n"><phr n="\n"><ent r="6" t="34" w="523" /></phr></stem><stem n="linefe"><phr n="Linefeed"><ent r="100" t="34" w="528" /><ent r="5" t="34" w="531" /></phr><phr n="linefeed"><ent r="3" t="34" w="613" /></phr></stem><stem n="\t"><phr n="\t"><ent r="6" t="34" w="533" /></phr></stem><stem n="horizont"><phr n="Horizontal"><ent r="100" t="34" w="535" /><ent r="5" t="34" w="538" /></phr></stem><stem n="\f"><phr n="\f"><ent r="6" t="34" w="541" /></phr></stem><stem n="formfe"><phr n="Formfeed"><ent r="100" t="34" w="543" /><ent r="5" t="34" w="545" /></phr></stem><stem n="\b"><phr n="\b"><ent r="6" t="34" w="547" /></phr></stem><stem n="backspac"><phr n="Backspace"><ent r="5" t="34" w="549" /></phr></stem><stem n="\v"><phr n="\v"><ent r="6" t="34" w="551" /></phr></stem><stem n="vertic"><phr n="Vertical"><ent r="100" t="34" w="553" /><ent r="5" t="34" w="556" /></phr><phr n="Vertices"><ent r="4" t="58" w="69" /></phr></stem><stem n="\a"><phr n="\a"><ent r="6" t="34" w="559" /></phr></stem><stem n="bell"><phr n="bell"><ent r="5" t="34" w="562" /></phr></stem><stem n="(bell)"><phr n="(bell)"><ent r="5" t="34" w="563" /></phr></stem><stem n="\&quot;"><phr n="\&quot;"><ent r="6" t="34" w="565" /></phr></stem><stem n="\\"><phr n="\\"><ent r="6" t="34" w="572" /></phr></stem><stem n="\ooo"><phr n="\ooo"><ent r="6" t="34" w="575" /></phr></stem><stem n="ooo"><phr n="ooo"><ent r="6" t="34" w="575" /></phr></stem><stem n="\xhh"><phr n="\xhh"><ent r="6" t="34" w="583" /></phr></stem><stem n="xhh"><phr n="xhh"><ent r="6" t="34" w="583" /></phr></stem><stem n="&quot;\tthi"><phr n="&quot;\tThis"><ent r="3" t="34" w="599" /></phr></stem><stem n="tthi"><phr n="tThis"><ent r="3" t="34" w="599" /></phr></stem><stem n="sentenc"><phr n="sentence"><ent r="3" t="34" w="600" /></phr></stem><stem n=".\r\n&quot;"><phr n=".\r\n&quot;"><ent r="3" t="34" w="616" /></phr></stem><stem n="wildcard"><phr n="Wildcard"><ent r="3" t="34" w="641" /></phr></stem><stem n=":case-sensit"><phr n=":Case-Sensitivity"><ent r="100" t="34" w="648" /></phr></stem><stem n="-sensitivity:control"><phr n="-Sensitivity:Controlling"><ent r="100" t="34" w="656" /><ent r="100" t="34" w="656" /></phr></stem><stem n="-match"><phr n="-matching"><ent r="4" t="34" w="664" /><ent r="4" t="34" w="664" /></phr></stem><stem n="string-match"><phr n="string-matching"><ent r="4" t="34" w="664" /></phr></stem><stem n="'i'"><phr n="'i'"><ent r="4" t="34" w="676" /></phr></stem><stem n="-insensitive."><phr n="-insensitive."><ent r="4" t="34" w="689" /><ent r="4" t="34" w="689" /><ent r="4" t="34" w="800" /><ent r="4" t="34" w="800" /><ent r="4" t="34" w="1346" /><ent r="4" t="34" w="1346" /></phr></stem><stem n="&quot;fred&quot;"><phr n="&quot;fred&quot;"><ent r="3" t="34" w="695" /><ent r="5" t="36" w="2575" /><ent r="5" t="36" w="3503" /><ent r="5" t="36" w="3532" /></phr><phr n="&quot;freD&quot;"><ent r="3" t="34" w="879" /></phr><phr n="&quot;Fred&quot;"><ent r="5" t="36" w="3114" /><ent r="4" t="36" w="3126" /></phr></stem><stem n="&quot;fred&quot;."><phr n="&quot;fred&quot;."><ent r="3" t="34" w="698" /></phr><phr n="&quot;FrEd&quot;."><ent r="3" t="34" w="706" /></phr></stem><stem n="&quot;fred&quot;i"><phr n="&quot;fred&quot;i"><ent r="3" t="34" w="700" /></phr></stem><stem n="&quot;fred&quot;,"><phr n="&quot;fred&quot;,"><ent r="3" t="34" w="703" /><ent r="3" t="34" w="870" /></phr><phr n="&quot;FRED&quot;,"><ent r="3" t="34" w="704" /></phr><phr n="&quot;Fred&quot;,"><ent r="3" t="34" w="871" /></phr></stem><stem n="-card"><phr n="-card"><ent r="100" t="34" w="707" /><ent r="100" t="34" w="707" /><ent r="82" t="34" w="712" /><ent r="82" t="34" w="712" /></phr></stem><stem n="wild"><phr n="Wild"><ent r="100" t="34" w="707" /><ent r="82" t="34" w="712" /></phr></stem><stem n="wild-card"><phr n="Wild-card"><ent r="100" t="34" w="707" /><ent r="82" t="34" w="712" /></phr></stem><stem n="card"><phr n="card"><ent r="100" t="34" w="708" /><ent r="82" t="34" w="713" /></phr></stem><stem n="'"><phr n="'"><ent r="4" t="34" w="755" /><ent r="4" t="34" w="758" /><ent r="4" t="34" w="781" /><ent r="4" t="34" w="784" /><ent r="3" t="42" w="653" /><ent r="3" t="48" w="844" /><ent r="3" t="48" w="846" /><ent r="3" t="48" w="865" /><ent r="3" t="48" w="932" /><ent r="3" t="48" w="934" /><ent r="3" t="54" w="1282" /><ent r="3" t="60" w="904" /><ent r="3" t="60" w="1002" /><ent r="3" t="60" w="1033" /><ent r="3" t="60" w="1098" /><ent r="3" t="60" w="1155" /></phr></stem><stem n="(parentheses)"><phr n="(parentheses)"><ent r="4" t="34" w="807" /></phr></stem><stem n="&quot;red&quot;r"><phr n="&quot;red&quot;r"><ent r="3" t="34" w="867" /></phr></stem><stem n="tred"><phr n="tred"><ent r="3" t="34" w="871" /></phr></stem><stem n="&quot;tred&quot;,"><phr n="&quot;tred&quot;,"><ent r="3" t="34" w="872" /></phr></stem><stem n="bred"><phr n="bred"><ent r="3" t="34" w="872" /></phr></stem><stem n="&quot;bred&quot;,"><phr n="&quot;bred&quot;,"><ent r="3" t="34" w="873" /></phr></stem><stem n="&quot;i&quot;"><phr n="&quot;i&quot;"><ent r="3" t="34" w="884" /></phr></stem><stem n="complex"><phr n="Complex"><ent r="4" t="34" w="889" /></phr></stem><stem n="&quot;var1=12"><phr n="&quot;var1=12"><ent r="3" t="34" w="899" /></phr></stem><stem n="1234"><phr n="1234"><ent r="3" t="34" w="901" /></phr></stem><stem n="=1234.00"><phr n="=1234.00"><ent r="3" t="34" w="902" /></phr></stem><stem n="1234.00"><phr n="1234.00"><ent r="3" t="34" w="902" /><ent r="3" t="34" w="901" /></phr></stem><stem n="var3"><phr n="var3"><ent r="3" t="34" w="903" /><ent r="3" t="34" w="955" /><ent r="3" t="34" w="965" /></phr></stem><stem n="=45&quot;"><phr n="=45&quot;"><ent r="3" t="34" w="905" /></phr></stem><stem n="&quot;var1=([0-9]+)&quot;i"><phr n="&quot;var1=([0-9]+)&quot;i"><ent r="3" t="34" w="924" /></phr></stem><stem n="(skip"><phr n="(skip"><ent r="3" t="34" w="928" /></phr><phr n="(Skipping"><ent r="3" t="36" w="4451" /></phr></stem><stem n="skip"><phr n="skip"><ent r="3" t="34" w="928" /></phr><phr n="SKIP"><ent r="100" t="36" w="273" /><ent r="65" t="36" w="275" /><ent r="83" t="36" w="3274" /><ent r="5" t="36" w="3281" /><ent r="5" t="36" w="3782" /></phr><phr n="Skipping"><ent r="3" t="36" w="4451" /></phr><phr n="skips"><ent r="3" t="36" w="4603" /></phr></stem><stem n="&quot;var1&quot;"><phr n="&quot;var1&quot;"><ent r="3" t="34" w="936" /></phr></stem><stem n="&quot;var2=([0-9]+)&quot;i"><phr n="&quot;var2=([0-9]+)&quot;i"><ent r="3" t="34" w="944" /></phr></stem><stem n="@blah"><phr n="@BLAH"><ent r="3" t="34" w="947" /><ent r="3" t="34" w="962" /></phr></stem><stem n="&quot;var2&quot;"><phr n="&quot;var2&quot;"><ent r="3" t="34" w="951" /></phr></stem><stem n="&quot;var3=([0-9]+)&quot;i"><phr n="&quot;var3=([0-9]+)&quot;i"><ent r="3" t="34" w="959" /></phr></stem><stem n="&quot;var3&quot;"><phr n="&quot;var3&quot;"><ent r="3" t="34" w="966" /></phr></stem><stem n="regex"><phr n="Regex"><ent r="3" t="34" w="971" /></phr></stem><stem n="|"><phr n="|"><ent r="3" t="34" w="977" /><ent r="65" t="36" w="397" /><ent r="3" t="36" w="1506" /><ent r="3" t="36" w="1508" /><ent r="3" t="36" w="1510" /><ent r="3" t="36" w="1759" /><ent r="83" t="36" w="2152" /><ent r="3" t="36" w="3406" /><ent r="3" t="36" w="3408" /><ent r="3" t="36" w="3410" /><ent r="3" t="36" w="3412" /><ent r="4" t="46" w="539" /><ent r="3" t="60" w="568" /><ent r="3" t="60" w="590" /><ent r="3" t="60" w="604" /><ent r="3" t="60" w="710" /><ent r="3" t="60" w="715" /><ent r="3" t="60" w="721" /><ent r="3" t="60" w="763" /><ent r="3" t="60" w="768" /><ent r="3" t="60" w="774" /></phr></stem><stem n="#30"><phr n="#30"><ent r="3" t="34" w="1008" /><ent r="3" t="34" w="1207" /><ent r="3" t="36" w="3887" /><ent r="3" t="36" w="4115" /></phr></stem><stem n="('+'"><phr n="('+'"><ent r="4" t="34" w="1061" /></phr></stem><stem n="'-')"><phr n="'-')"><ent r="4" t="34" w="1062" /></phr></stem><stem n="#+2"><phr n="#+2"><ent r="3" t="34" w="1077" /><ent r="3" t="34" w="1275" /><ent r="3" t="36" w="4009" /><ent r="3" t="36" w="4052" /><ent r="3" t="36" w="4462" /><ent r="3" t="38" w="495" /><ent r="3" t="38" w="513" /><ent r="3" t="38" w="531" /><ent r="3" t="38" w="549" /></phr></stem><stem n="+2"><phr n="+2"><ent r="3" t="34" w="1077" /><ent r="3" t="34" w="1275" /><ent r="3" t="36" w="4009" /><ent r="3" t="36" w="4052" /><ent r="3" t="36" w="4462" /><ent r="3" t="38" w="495" /><ent r="3" t="38" w="513" /><ent r="3" t="38" w="531" /><ent r="3" t="38" w="549" /></phr></stem><stem n="marker"><phr n="marker"><ent r="3" t="34" w="1145" /></phr></stem><stem n="label_nam"><phr n="Label_name"><ent r="100" t="34" w="1163" /><ent r="100" t="34" w="1162" /></phr><phr n="label_name"><ent r="3" t="34" w="1166" /><ent r="3" t="34" w="1165" /></phr></stem><stem n="@label_nam"><phr n="@label_name"><ent r="3" t="34" w="1166" /></phr></stem><stem n="@idl"><phr n="@IDLE"><ent r="3" t="34" w="1180" /><ent r="3" t="34" w="1211" /><ent r="3" t="38" w="476" /></phr></stem><stem n=":jump"><phr n=":Jumping"><ent r="100" t="34" w="1185" /></phr></stem><stem n=":transfer"><phr n=":Transfer"><ent r="100" t="34" w="1215" /></phr></stem><stem n="transfer"><phr n="Transfer"><ent r="100" t="34" w="1215" /><ent r="100" t="34" w="1218" /><ent r="100" t="34" w="1221" /><ent r="82" t="34" w="1231" /></phr><phr n="transfer"><ent r="3" t="36" w="3170" /></phr></stem><stem n="+n"><phr n="+n"><ent r="3" t="34" w="1251" /></phr></stem><stem n="&quot;#+n&quot;"><phr n="&quot;#+n&quot;"><ent r="3" t="34" w="1252" /></phr></stem><stem n="&quot;#-n&quot;"><phr n="&quot;#-n&quot;"><ent r="3" t="34" w="1254" /></phr></stem><stem n="(respectively)."><phr n="(respectively)."><ent r="3" t="34" w="1264" /></phr></stem><stem n="&quot;${warn"><phr n="&quot;${WARN"><ent r="3" t="34" w="1272" /><ent r="3" t="38" w="510" /></phr></stem><stem n="}&quot;"><phr n="}&quot;"><ent r="3" t="34" w="1274" /><ent r="3" t="38" w="494" /><ent r="3" t="38" w="512" /><ent r="3" t="38" w="530" /><ent r="3" t="38" w="548" /><ent r="3" t="48" w="609" /></phr></stem><stem n="param"><phr n="Param"><ent r="100" t="34" w="1306" /></phr></stem><stem n="nadd"><phr n="NADD"><ent r="4" t="34" w="1320" /><ent r="100" t="36" w="814" /><ent r="65" t="36" w="816" /><ent r="83" t="36" w="2518" /><ent r="5" t="36" w="2524" /><ent r="5" t="36" w="2573" /></phr></stem><stem n="dollar"><phr n="dollar"><ent r="4" t="34" w="1331" /></phr></stem><stem n="($),"><phr n="($),"><ent r="4" t="34" w="1334" /></phr></stem><stem n="{password}"><phr n="{Password}"><ent r="3" t="34" w="1368" /></phr><phr n="{password}"><ent r="3" t="34" w="1371" /></phr></stem><stem n="&lt;line&gt;"><phr n="&lt;line&gt;"><ent r="6" t="34" w="1408" /></phr></stem><stem n="{_line:&lt;line&gt;}"><phr n="{_LINE:&lt;line&gt;}"><ent r="6" t="34" w="1409" /></phr></stem><stem n="&lt;num&gt;"><phr n="&lt;num&gt;"><ent r="5" t="34" w="1412" /></phr></stem><stem n="&lt;param&gt;"><phr n="&lt;param&gt;"><ent r="6" t="34" w="1424" /><ent r="6" t="34" w="1444" /><ent r="5" t="34" w="1449" /></phr></stem></index>