<?xml version="1.0" encoding="utf-8"?><index><stem n="{_base64:&lt;param&gt;}"><phr n="{_BASE64:&lt;param&gt;}"><ent r="6" t="34" w="1425" /></phr></stem><stem n="-64"><phr n="-64"><ent r="100" t="34" w="1426" /><ent r="100" t="34" w="1426" /><ent r="5" t="34" w="1430" /><ent r="5" t="34" w="1430" /></phr></stem><stem n="base-64"><phr n="Base-64"><ent r="100" t="34" w="1426" /><ent r="5" t="34" w="1430" /></phr></stem><stem n="&quot;:&quot;."><phr n="&quot;:&quot;."><ent r="5" t="34" w="1439" /><ent r="4" t="40" w="170" /><ent r="3" t="69" w="46" /></phr></stem><stem n="{_cvspassword:&lt;param&gt;}"><phr n="{_CVSPASSWORD:&lt;param&gt;}"><ent r="6" t="34" w="1445" /></phr></stem><stem n="pserver"><phr n="pserver"><ent r="5" t="34" w="1459" /></phr></stem><stem n="unexpect"><phr n="Unexpected"><ent r="100" t="34" w="1466" /><ent r="3" t="34" w="1708" /><ent r="3" t="36" w="3990" /><ent r="3" t="36" w="4036" /><ent r="3" t="36" w="4077" /><ent r="3" t="36" w="4092" /><ent r="3" t="36" w="4484" /></phr><phr n="unexpected"><ent r="3" t="34" w="1481" /><ent r="3" t="34" w="1506" /><ent r="3" t="36" w="4509" /></phr></stem><stem n="malform"><phr n="malformed"><ent r="3" t="34" w="1477" /></phr></stem><stem n="-exist"><phr n="-existent"><ent r="3" t="34" w="1492" /><ent r="3" t="34" w="1492" /><ent r="3" t="53" w="537" /><ent r="3" t="53" w="537" /></phr></stem><stem n="non-exist"><phr n="non-existent"><ent r="3" t="34" w="1492" /><ent r="3" t="53" w="537" /></phr></stem><stem n="&quot;down&quot;"><phr n="&quot;DOWN&quot;"><ent r="3" t="34" w="1553" /></phr></stem><stem n="succe"><phr n="succeeds"><ent r="3" t="34" w="1564" /></phr><phr n="succeed"><ent r="3" t="48" w="896" /></phr></stem><stem n="220"><phr n="220"><ent r="3" t="34" w="1572" /><ent r="3" t="34" w="1585" /><ent r="3" t="36" w="1978" /><ent r="3" t="36" w="3892" /><ent r="3" t="36" w="4165" /><ent r="3" t="36" w="4182" /><ent r="3" t="36" w="4197" /><ent r="3" t="36" w="4204" /><ent r="3" t="36" w="4213" /><ent r="3" t="36" w="4223" /><ent r="3" t="36" w="4235" /><ent r="3" t="36" w="4244" /><ent r="3" t="36" w="4304" /></phr></stem><stem n="&quot;220&quot;."><phr n="&quot;220&quot;."><ent r="3" t="34" w="1573" /></phr></stem><stem n="&quot;220&quot;"><phr n="&quot;220&quot;"><ent r="3" t="34" w="1586" /><ent r="3" t="36" w="4183" /></phr></stem><stem n="&quot;idle&quot;"><phr n="&quot;idle&quot;"><ent r="3" t="34" w="1606" /></phr></stem><stem n="&quot;331"><phr n="&quot;331"><ent r="3" t="34" w="1695" /><ent r="3" t="34" w="1698" /><ent r="3" t="34" w="1702" /></phr></stem><stem n="331"><phr n="331"><ent r="3" t="34" w="1695" /><ent r="3" t="34" w="1698" /><ent r="3" t="34" w="1702" /><ent r="3" t="36" w="2447" /><ent r="3" t="36" w="3913" /><ent r="3" t="36" w="4395" /><ent r="3" t="36" w="4410" /></phr></stem><stem n="#14"><phr n="#14"><ent r="3" t="34" w="1696" /><ent r="3" t="34" w="1700" /><ent r="3" t="34" w="1707" /><ent r="3" t="36" w="1979" /><ent r="3" t="36" w="3897" /><ent r="3" t="36" w="4170" /><ent r="3" t="36" w="4305" /><ent r="3" t="36" w="4309" /></phr></stem><stem n="-1-"><phr n="-1-"><ent r="3" t="34" w="1705" /><ent r="3" t="34" w="1706" /><ent r="3" t="36" w="3895" /><ent r="3" t="36" w="3896" /><ent r="3" t="36" w="3999" /><ent r="3" t="36" w="4000" /><ent r="3" t="36" w="4168" /><ent r="3" t="36" w="4169" /></phr></stem><stem n="1-"><phr n="1-"><ent r="3" t="34" w="1705" /><ent r="3" t="36" w="3895" /><ent r="3" t="36" w="3999" /><ent r="3" t="36" w="4168" /><ent r="3" t="36" w="4260" /><ent r="3" t="36" w="4282" /><ent r="3" t="36" w="4314" /></phr></stem><stem n="noop"><phr n="NOOP"><ent r="100" t="36" w="11" /><ent r="100" t="36" w="3939" /><ent r="3" t="36" w="3943" /><ent r="3" t="36" w="4095" /></phr></stem><stem n="noop/r"><phr n="NOOP/r"><ent r="100" t="36" w="12" /><ent r="100" t="36" w="11" /></phr></stem><stem n="/r/n"><phr n="/r/n"><ent r="100" t="36" w="13" /><ent r="100" t="36" w="20" /></phr></stem><stem n="noop/r/n"><phr n="NOOP/r/n"><ent r="100" t="36" w="13" /><ent r="100" t="36" w="11" /></phr></stem><stem n="quit/r"><phr n="QUIT/r"><ent r="100" t="36" w="19" /><ent r="100" t="36" w="18" /></phr></stem><stem n="quit/r/n"><phr n="QUIT/r/n"><ent r="100" t="36" w="20" /><ent r="100" t="36" w="18" /></phr></stem><stem n=":line"><phr n=":LINE"><ent r="100" t="36" w="23" /></phr></stem><stem n="strt"><phr n="STRT"><ent r="100" t="36" w="31" /><ent r="100" t="36" w="840" /><ent r="65" t="36" w="842" /><ent r="4" t="36" w="899" /><ent r="83" t="36" w="3563" /><ent r="5" t="36" w="3567" /><ent r="5" t="36" w="3593" /><ent r="3" t="36" w="3626" /><ent r="6" t="36" w="3652" /><ent r="6" t="36" w="3661" /><ent r="100" t="37" w="162" /><ent r="6" t="37" w="164" /></phr></stem><stem n="greet"><phr n="Greetings"><ent r="100" t="36" w="34" /><ent r="100" t="36" w="3218" /><ent r="4" t="36" w="3221" /><ent r="3" t="36" w="3228" /></phr><phr n="greeting"><ent r="3" t="36" w="3991" /></phr><phr n="greet"><ent r="3" t="36" w="4185" /></phr></stem><stem n="!/r/n"><phr n="!/r/n"><ent r="100" t="36" w="36" /></phr></stem><stem n="r/n"><phr n="r/n"><ent r="100" t="36" w="36" /><ent r="100" t="36" w="35" /></phr></stem><stem n=":branch"><phr n=":Branch"><ent r="100" t="36" w="51" /></phr></stem><stem n=":probe"><phr n=":Probe"><ent r="100" t="36" w="56" /></phr><phr n=":probes"><ent r="100" t="39" w="10" /></phr></stem><stem n=":ftp"><phr n=":FTP"><ent r="100" t="36" w="105" /><ent r="100" t="36" w="113" /><ent r="100" t="36" w="4346" /></phr></stem><stem n="login"><phr n="Login"><ent r="100" t="36" w="107" /><ent r="64" t="36" w="120" /><ent r="92" t="36" w="3875" /></phr><phr n="login"><ent r="100" t="36" w="4057" /><ent r="3" t="36" w="4067" /><ent r="3" t="60" w="372" /><ent r="3" t="60" w="379" /><ent r="4" t="60" w="429" /></phr></stem><stem n="(login)"><phr n="(Login)"><ent r="64" t="36" w="121" /><ent r="92" t="36" w="3876" /></phr></stem><stem n="/o"><phr n="/O"><ent r="100" t="36" w="126" /><ent r="92" t="36" w="131" /></phr></stem><stem n="i/o"><phr n="I/O"><ent r="100" t="36" w="126" /><ent r="100" t="36" w="125" /><ent r="92" t="36" w="131" /><ent r="92" t="36" w="130" /></phr></stem><stem n="(from"><phr n="(from"><ent r="3" t="36" w="171" /><ent r="4" t="39" w="1070" /></phr></stem><stem n="stat"><phr n="STAT"><ent r="100" t="36" w="194" /><ent r="6" t="36" w="549" /><ent r="65" t="36" w="700" /><ent r="7" t="36" w="1845" /><ent r="83" t="36" w="3354" /><ent r="5" t="36" w="3363" /><ent r="100" t="36" w="3417" /><ent r="3" t="36" w="3420" /><ent r="5" t="36" w="3432" /></phr></stem><stem n="-read"><phr n="-read"><ent r="3" t="36" w="200" /><ent r="3" t="36" w="200" /></phr></stem><stem n="recently-read"><phr n="recently-read"><ent r="3" t="36" w="200" /></phr></stem><stem n="telnet"><phr n="Telnet"><ent r="100" t="36" w="241" /><ent r="100" t="36" w="279" /><ent r="100" t="36" w="321" /><ent r="100" t="36" w="324" /><ent r="4" t="36" w="349" /><ent r="3" t="36" w="1224" /><ent r="100" t="36" w="1300" /><ent r="3" t="36" w="1330" /><ent r="3" t="36" w="1335" /><ent r="100" t="54" w="1257" /><ent r="100" t="54" w="1266" /><ent r="100" t="69" w="829" /><ent r="6" t="69" w="846" /></phr><phr n="telnet"><ent r="100" t="36" w="327" /><ent r="3" t="36" w="1340" /><ent r="72" t="54" w="1262" /><ent r="3" t="54" w="1277" /><ent r="3" t="54" w="1284" /><ent r="7" t="69" w="838" /></phr><phr n="TELNET"><ent r="65" t="36" w="333" /><ent r="83" t="36" w="1199" /><ent r="4" t="36" w="1289" /><ent r="3" t="36" w="1307" /></phr></stem><stem n=":incom"><phr n=":incoming"><ent r="100" t="36" w="242" /></phr></stem><stem n=":ignor"><phr n=":ignore"><ent r="100" t="36" w="280" /></phr></stem><stem n="disc"><phr n="DISC"><ent r="100" t="36" w="294" /><ent r="65" t="36" w="298" /><ent r="83" t="36" w="1411" /><ent r="5" t="36" w="1417" /></phr></stem><stem n="discfail"><phr n="Discfail"><ent r="100" t="36" w="296" /></phr><phr n="discfail"><ent r="65" t="36" w="299" /><ent r="65" t="36" w="729" /><ent r="65" t="36" w="905" /><ent r="83" t="36" w="1412" /><ent r="83" t="36" w="3680" /><ent r="4" t="36" w="3813" /></phr></stem><stem n="#discfail"><phr n="#discfail"><ent r="65" t="36" w="299" /><ent r="65" t="36" w="729" /><ent r="65" t="36" w="905" /><ent r="83" t="36" w="1412" /><ent r="83" t="36" w="3680" /></phr></stem><stem n="suddenli"><phr n="suddenly"><ent r="4" t="36" w="316" /><ent r="3" t="36" w="1435" /></phr></stem><stem n=":telnet"><phr n=":Telnet"><ent r="100" t="36" w="324" /></phr><phr n=":telnet"><ent r="100" t="36" w="327" /></phr></stem><stem n="#timeout"><phr n="#timeout"><ent r="65" t="36" w="332" /><ent r="83" t="36" w="1198" /></phr></stem><stem n="secur"><phr n="SECURE"><ent r="65" t="36" w="334" /><ent r="83" t="36" w="1200" /><ent r="4" t="36" w="1357" /><ent r="3" t="36" w="1367" /><ent r="4" t="36" w="1375" /><ent r="4" t="36" w="1385" /></phr><phr n="secure"><ent r="3" t="36" w="1396" /><ent r="3" t="60" w="382" /><ent r="3" t="60" w="398" /><ent r="4" t="60" w="412" /><ent r="3" t="60" w="999" /><ent r="3" t="60" w="1327" /><ent r="3" t="60" w="1332" /></phr><phr n="security"><ent r="3" t="39" w="1232" /><ent r="4" t="40" w="209" /><ent r="3" t="40" w="471" /></phr></stem><stem n="[&quot;telnet&quot;][&quot;secure&quot;]"><phr n="[&quot;TELNET&quot;][&quot;SECURE&quot;]"><ent r="65" t="36" w="335" /><ent r="83" t="36" w="1201" /></phr></stem><stem n="rcon"><phr n="RCON"><ent r="65" t="36" w="352" /><ent r="82" t="36" w="2977" /></phr></stem><stem n="reconnect"><phr n="reconnects"><ent r="4" t="36" w="354" /></phr></stem><stem n="_timeout"><phr n="_timeout"><ent r="100" t="36" w="365" /></phr></stem><stem n="connect_timeout"><phr n="Connect_timeout"><ent r="100" t="36" w="365" /><ent r="100" t="36" w="364" /></phr><phr n="connect_timeout"><ent r="65" t="36" w="374" /><ent r="65" t="36" w="373" /><ent r="83" t="36" w="2897" /><ent r="83" t="36" w="2896" /><ent r="3" t="36" w="2957" /><ent r="3" t="36" w="2956" /></phr></stem><stem n="_num"><phr n="_num"><ent r="100" t="36" w="368" /></phr></stem><stem n="port_num"><phr n="Port_num"><ent r="100" t="36" w="368" /><ent r="100" t="36" w="367" /></phr><phr n="port_num"><ent r="65" t="36" w="372" /><ent r="65" t="36" w="371" /><ent r="83" t="36" w="2895" /><ent r="83" t="36" w="2894" /></phr></stem><stem n="#port_num"><phr n="#port_num"><ent r="65" t="36" w="372" /><ent r="83" t="36" w="2895" /></phr></stem><stem n="#connect_timeout"><phr n="#connect_timeout"><ent r="65" t="36" w="374" /><ent r="83" t="36" w="2897" /><ent r="3" t="36" w="2957" /></phr></stem><stem n="dialog"><phr n="dialog"><ent r="4" t="36" w="391" /><ent r="3" t="36" w="2925" /><ent r="4" t="49" w="95" /></phr></stem><stem n="[on"><phr n="[ON"><ent r="65" t="36" w="396" /><ent r="83" t="36" w="2151" /></phr></stem><stem n="raw"><phr n="raw"><ent r="4" t="36" w="412" /><ent r="3" t="36" w="2174" /><ent r="4" t="36" w="2260" /><ent r="3" t="63" w="213" /></phr></stem><stem n="buffer"><phr n="Buffer"><ent r="100" t="36" w="417" /></phr><phr n="buffer"><ent r="4" t="36" w="422" /><ent r="4" t="36" w="2285" /><ent r="3" t="36" w="2331" /><ent r="3" t="36" w="2832" /></phr></stem><stem n="-receiv"><phr n="-received"><ent r="4" t="36" w="433" /><ent r="4" t="36" w="433" /><ent r="3" t="36" w="2851" /><ent r="3" t="36" w="2851" /></phr></stem><stem n="newli"><phr n="newly"><ent r="4" t="36" w="433" /><ent r="3" t="36" w="2851" /></phr></stem><stem n="newly-receiv"><phr n="newly-received"><ent r="4" t="36" w="433" /><ent r="3" t="36" w="2851" /></phr></stem><stem n="brcv"><phr n="BRCV"><ent r="65" t="36" w="449" /><ent r="3" t="36" w="931" /><ent r="3" t="36" w="1056" /></phr></stem><stem n="{ber"><phr n="{BER"><ent r="65" t="36" w="450" /><ent r="65" t="36" w="467" /><ent r="3" t="36" w="932" /><ent r="3" t="36" w="1066" /></phr></stem><stem n="ber"><phr n="BER"><ent r="65" t="36" w="450" /><ent r="4" t="36" w="459" /><ent r="65" t="36" w="467" /><ent r="4" t="36" w="474" /><ent r="3" t="36" w="932" /><ent r="3" t="36" w="941" /><ent r="3" t="36" w="955" /><ent r="3" t="36" w="973" /><ent r="4" t="36" w="985" /><ent r="3" t="36" w="1066" /><ent r="3" t="36" w="1073" /><ent r="3" t="36" w="1077" /><ent r="3" t="36" w="1096" /><ent r="64" t="36" w="1109" /></phr></stem><stem n="bsnd"><phr n="BSND"><ent r="65" t="36" w="466" /><ent r="3" t="36" w="1065" /><ent r="4" t="36" w="1121" /><ent r="3" t="36" w="1126" /></phr></stem><stem n="chck"><phr n="CHCK"><ent r="100" t="36" w="503" /><ent r="65" t="36" w="505" /><ent r="4" t="36" w="1138" /><ent r="5" t="36" w="1145" /></phr></stem><stem n="non-empti"><phr n="non-empty"><ent r="4" t="36" w="513" /><ent r="3" t="36" w="1153" /></phr></stem><stem n="-empty."><phr n="-empty."><ent r="4" t="36" w="515" /><ent r="4" t="36" w="515" /><ent r="3" t="36" w="1155" /><ent r="3" t="36" w="1155" /></phr></stem><stem n=":done"><phr n=":DONE"><ent r="100" t="36" w="517" /></phr></stem><stem n="[&quot;message&quot;]"><phr n="[&quot;message&quot;]"><ent r="65" t="36" w="526" /><ent r="65" t="36" w="703" /><ent r="83" t="36" w="1476" /><ent r="83" t="36" w="3359" /></phr></stem><stem n="previous"><phr n="previously"><ent r="4" t="36" w="546" /></phr></stem><stem n="#statement"><phr n="#statement"><ent r="65" t="36" w="573" /><ent r="4" t="36" w="2107" /></phr></stem><stem n="#arg1"><phr n="#arg1"><ent r="65" t="36" w="586" /><ent r="65" t="36" w="625" /><ent r="83" t="36" w="2741" /></phr></stem><stem n="arg1"><phr n="arg1"><ent r="65" t="36" w="586" /><ent r="5" t="36" w="613" /><ent r="65" t="36" w="625" /><ent r="65" t="36" w="664" /><ent r="84" t="36" w="2642" /><ent r="4" t="36" w="2677" /><ent r="5" t="36" w="2690" /><ent r="5" t="36" w="2707" /><ent r="83" t="36" w="2741" /><ent r="3" t="36" w="2789" /><ent r="4" t="36" w="2806" /><ent r="83" t="36" w="2998" /><ent r="5" t="36" w="3045" /><ent r="5" t="36" w="3062" /></phr></stem><stem n="#arg2"><phr n="#arg2"><ent r="65" t="36" w="587" /><ent r="5" t="36" w="619" /><ent r="65" t="36" w="626" /><ent r="84" t="36" w="2643" /><ent r="4" t="36" w="2683" /><ent r="83" t="36" w="2742" /></phr></stem><stem n="arg2"><phr n="arg2"><ent r="65" t="36" w="587" /><ent r="5" t="36" w="619" /><ent r="65" t="36" w="626" /><ent r="65" t="36" w="665" /><ent r="84" t="36" w="2643" /><ent r="4" t="36" w="2683" /><ent r="5" t="36" w="2692" /><ent r="5" t="36" w="2714" /><ent r="83" t="36" w="2742" /><ent r="3" t="36" w="2791" /><ent r="4" t="36" w="2814" /><ent r="83" t="36" w="2999" /><ent r="5" t="36" w="3047" /><ent r="5" t="36" w="3070" /></phr></stem><stem n="#line"><phr n="#line"><ent r="65" t="36" w="588" /><ent r="5" t="36" w="609" /><ent r="65" t="36" w="627" /><ent r="4" t="36" w="654" /><ent r="65" t="36" w="666" /><ent r="4" t="36" w="693" /><ent r="83" t="36" w="2645" /><ent r="4" t="36" w="2673" /><ent r="83" t="36" w="2743" /><ent r="3" t="36" w="2777" /><ent r="83" t="36" w="3000" /><ent r="3" t="36" w="3033" /></phr></stem><stem n="umer"><phr n="umeric"><ent r="4" t="36" w="593" /><ent r="4" t="36" w="632" /><ent r="4" t="36" w="823" /><ent r="3" t="36" w="2529" /><ent r="3" t="36" w="2655" /><ent r="3" t="36" w="2753" /></phr></stem><stem n="ranch"><phr n="ranch"><ent r="4" t="36" w="597" /><ent r="4" t="36" w="636" /><ent r="4" t="36" w="675" /><ent r="3" t="36" w="2659" /><ent r="3" t="36" w="2757" /><ent r="3" t="36" w="3013" /></phr></stem><stem n="reater"><phr n="reater"><ent r="4" t="36" w="601" /><ent r="3" t="36" w="2663" /></phr></stem><stem n="han"><phr n="han"><ent r="4" t="36" w="605" /><ent r="3" t="36" w="2667" /></phr></stem><stem n="ot"><phr n="ot"><ent r="4" t="36" w="640" /><ent r="4" t="36" w="679" /><ent r="3" t="36" w="2761" /><ent r="3" t="36" w="3017" /></phr></stem><stem n="qual"><phr n="qual"><ent r="4" t="36" w="644" /><ent r="4" t="36" w="683" /><ent r="3" t="36" w="2765" /><ent r="3" t="36" w="3021" /></phr></stem><stem n="&quot;arg1&quot;"><phr n="&quot;arg1&quot;"><ent r="65" t="36" w="665" /><ent r="83" t="36" w="2999" /></phr></stem><stem n="&quot;arg2&quot;"><phr n="&quot;arg2&quot;"><ent r="65" t="36" w="666" /><ent r="83" t="36" w="3000" /></phr></stem><stem n="tring"><phr n="tring"><ent r="4" t="36" w="671" /><ent r="3" t="36" w="3009" /><ent r="3" t="36" w="3090" /></phr></stem><stem n=":wait"><phr n=":WAIT"><ent r="100" t="36" w="718" /></phr></stem><stem n="idlefail"><phr n="Idlefail"><ent r="100" t="36" w="722" /></phr><phr n="idlefail"><ent r="65" t="36" w="728" /><ent r="65" t="36" w="904" /><ent r="4" t="36" w="2038" /><ent r="4" t="36" w="2506" /><ent r="4" t="36" w="3351" /><ent r="83" t="36" w="3679" /><ent r="4" t="36" w="3745" /><ent r="4" t="36" w="3792" /></phr></stem><stem n="#sec"><phr n="#secs"><ent r="65" t="36" w="727" /><ent r="65" t="36" w="903" /><ent r="83" t="36" w="3678" /></phr></stem><stem n="#idlefail"><phr n="#idlefail"><ent r="65" t="36" w="728" /><ent r="65" t="36" w="904" /><ent r="4" t="36" w="2038" /><ent r="4" t="36" w="2506" /><ent r="4" t="36" w="3351" /><ent r="83" t="36" w="3679" /><ent r="4" t="36" w="3792" /></phr></stem><stem n="$result"><phr n="$result"><ent r="65" t="36" w="760" /><ent r="82" t="36" w="1652" /><ent r="3" t="44" w="59" /><ent r="3" t="44" w="212" /><ent r="3" t="44" w="215" /></phr></stem><stem n="{result}"><phr n="{result}"><ent r="5" t="36" w="775" /><ent r="4" t="36" w="1665" /></phr></stem><stem n="scat"><phr n="SCAT"><ent r="100" t="36" w="791" /><ent r="65" t="36" w="793" /><ent r="83" t="36" w="3078" /><ent r="5" t="36" w="3085" /><ent r="5" t="36" w="3130" /><ent r="3" t="36" w="3165" /></phr></stem><stem n="&quot;variable1&quot;"><phr n="&quot;variable1&quot;"><ent r="65" t="36" w="795" /><ent r="83" t="36" w="3080" /></phr></stem><stem n="&quot;variable2&quot;"><phr n="&quot;variable2&quot;"><ent r="65" t="36" w="796" /><ent r="83" t="36" w="3081" /></phr></stem><stem n=":concaten"><phr n=":ConCATenate"><ent r="100" t="36" w="799" /></phr></stem><stem n="#number"><phr n="#number"><ent r="65" t="36" w="818" /><ent r="83" t="36" w="2520" /></phr></stem><stem n="timer"><phr n="timer"><ent r="4" t="36" w="868" /><ent r="3" t="36" w="3573" /><ent r="4" t="36" w="3597" /><ent r="5" t="37" w="171" /></phr><phr n="Timers"><ent r="100" t="37" w="95" /><ent r="3" t="37" w="98" /></phr><phr n="timers"><ent r="3" t="52" w="120" /></phr></stem><stem n="alphabet"><phr n="Alphabetical"><ent r="92" t="36" w="929" /></phr><phr n="alphabetically"><ent r="6" t="69" w="1229" /></phr></stem><stem n="stand"><phr n="stands"><ent r="3" t="36" w="956" /><ent r="3" t="36" w="1078" /></phr></stem><stem n="&quot;basic"><phr n="&quot;Basic"><ent r="3" t="36" w="958" /><ent r="3" t="36" w="1080" /></phr></stem><stem n="asn.1."><phr n="ASN.1."><ent r="3" t="36" w="963" /><ent r="3" t="36" w="962" /><ent r="3" t="36" w="1085" /><ent r="3" t="36" w="1084" /></phr></stem><stem n=".1."><phr n=".1."><ent r="3" t="36" w="964" /><ent r="3" t="36" w="1086" /></phr></stem><stem n="intermapper-specif"><phr n="InterMapper-specific"><ent r="4" t="36" w="983" /><ent r="64" t="36" w="1107" /></phr></stem><stem n="(sequenc"><phr n="(sequences"><ent r="4" t="36" w="996" /></phr></stem><stem n="liter"><phr n="literal"><ent r="4" t="36" w="1017" /><ent r="4" t="36" w="1025" /></phr><phr n="literally"><ent r="3" t="51" w="16" /></phr></stem><stem n="rememb"><phr n="Remember"><ent r="3" t="36" w="1028" /><ent r="3" t="68" w="179" /></phr></stem><stem n="{}"><phr n="{}"><ent r="4" t="36" w="1032" /><ent r="4" t="36" w="1048" /></phr></stem><stem n="confus"><phr n="confuse"><ent r="3" t="36" w="1039" /></phr><phr n="confused"><ent r="3" t="36" w="1793" /></phr></stem><stem n="#1,"><phr n="#1,"><ent r="3" t="36" w="1058" /><ent r="3" t="36" w="1128" /></phr></stem><stem n="[61]{"><phr n="[61]{"><ent r="3" t="36" w="1059" /></phr></stem><stem n="0a"><phr n="0A"><ent r="3" t="36" w="1059" /></phr></stem><stem n="enum"><phr n="ENUM"><ent r="3" t="36" w="1060" /></phr></stem><stem n="[0a]#enum,"><phr n="[0A]#ENUM,"><ent r="3" t="36" w="1061" /></phr></stem><stem n="&quot;&quot;,"><phr n="&quot;&quot;,"><ent r="3" t="36" w="1061" /></phr></stem><stem n="@parse_error"><phr n="@PARSE_ERROR"><ent r="3" t="36" w="1063" /></phr></stem><stem n="parse_error"><phr n="PARSE_ERROR"><ent r="3" t="36" w="1063" /><ent r="3" t="36" w="1062" /></phr></stem><stem n="[60]{"><phr n="[60]{"><ent r="3" t="36" w="1129" /></phr></stem><stem n="#3,"><phr n="#3,"><ent r="3" t="36" w="1130" /></phr></stem><stem n="&quot;${bind"><phr n="&quot;${Bind"><ent r="3" t="36" w="1131" /></phr></stem><stem n="bind"><phr n="Bind"><ent r="3" t="36" w="1131" /><ent r="3" t="36" w="1135" /></phr></stem><stem n="}&quot;,"><phr n="}&quot;,"><ent r="3" t="36" w="1133" /></phr></stem><stem n="80"><phr n="80"><ent r="3" t="36" w="1133" /><ent r="3" t="42" w="504" /><ent r="3" t="60" w="367" /><ent r="3" t="60" w="952" /></phr></stem><stem n="[80]&quot;${bind"><phr n="[80]&quot;${Bind"><ent r="3" t="36" w="1135" /></phr></stem><stem n="*}&quot;}"><phr n="*}&quot;}"><ent r="3" t="36" w="1137" /></phr></stem><stem n="construct"><phr n="construct"><ent r="3" t="36" w="1175" /><ent r="4" t="63" w="146" /></phr></stem><stem n="cr"><phr n="CR"><ent r="100" t="36" w="1207" /><ent r="100" t="36" w="2193" /><ent r="100" t="36" w="2196" /><ent r="4" t="36" w="2215" /><ent r="3" t="36" w="3209" /><ent r="3" t="36" w="3232" /><ent r="100" t="38" w="220" /><ent r="3" t="38" w="267" /></phr></stem><stem n="cr-lf"><phr n="CR-LF"><ent r="100" t="36" w="1207" /><ent r="100" t="36" w="2193" /><ent r="100" t="36" w="2196" /><ent r="4" t="36" w="2215" /><ent r="3" t="36" w="3209" /><ent r="3" t="36" w="3232" /><ent r="100" t="38" w="220" /><ent r="3" t="38" w="267" /></phr></stem><stem n="lf"><phr n="LF"><ent r="100" t="36" w="1208" /><ent r="100" t="36" w="2194" /><ent r="100" t="36" w="2197" /><ent r="100" t="36" w="2199" /><ent r="4" t="36" w="2216" /><ent r="4" t="36" w="2221" /><ent r="3" t="36" w="3210" /><ent r="3" t="36" w="3233" /><ent r="100" t="38" w="221" /><ent r="3" t="38" w="268" /></phr></stem><stem n="-lf:specifi"><phr n="-LF:specify"><ent r="100" t="36" w="1209" /><ent r="100" t="36" w="1209" /></phr></stem><stem n="#timeout:"><phr n="#timeout:"><ent r="4" t="36" w="1274" /></phr></stem><stem n="&quot;telnet&quot;:"><phr n="&quot;TELNET&quot;:"><ent r="4" t="36" w="1290" /></phr></stem><stem n=":allow"><phr n=":allows"><ent r="100" t="36" w="1301" /></phr></stem><stem n="&quot;telnet&quot;"><phr n="&quot;TELNET&quot;"><ent r="3" t="36" w="1308" /></phr></stem><stem n="(includ"><phr n="(including"><ent r="3" t="36" w="1308" /><ent r="3" t="47" w="117" /></phr></stem><stem n="-by-lin"><phr n="-by-line"><ent r="3" t="36" w="1346" /><ent r="3" t="36" w="1347" /></phr></stem><stem n="line-bi"><phr n="line-by"><ent r="3" t="36" w="1346" /></phr></stem><stem n="line-by-lin"><phr n="line-by-line"><ent r="3" t="36" w="1346" /></phr></stem><stem n="by-lin"><phr n="by-line"><ent r="3" t="36" w="1347" /></phr></stem><stem n="ssl"><phr n="SSL"><ent r="3" t="36" w="1362" /><ent r="3" t="40" w="506" /></phr></stem><stem n=":adh"><phr n=":ADH"><ent r="4" t="36" w="1376" /></phr></stem><stem n="adh"><phr n="ADH"><ent r="4" t="36" w="1376" /></phr></stem><stem n="-hellman"><phr n="-Hellman"><ent r="3" t="36" w="1380" /><ent r="3" t="36" w="1380" /></phr></stem><stem n="diff"><phr n="Diffe"><ent r="3" t="36" w="1380" /></phr></stem><stem n="diffe-hellman"><phr n="Diffe-Hellman"><ent r="3" t="36" w="1380" /></phr></stem><stem n="hellman"><phr n="Hellman"><ent r="3" t="36" w="1381" /></phr></stem><stem n=":no_tl"><phr n=":NO_TLS"><ent r="4" t="36" w="1387" /></phr></stem><stem n="no_tl"><phr n="NO_TLS"><ent r="4" t="36" w="1387" /><ent r="4" t="36" w="1386" /></phr></stem><stem n="tl"><phr n="TLS"><ent r="4" t="36" w="1387" /></phr></stem><stem n="tlsv1"><phr n="TLSv1"><ent r="3" t="36" w="1389" /></phr></stem><stem n="sslv3"><phr n="SSLv3"><ent r="3" t="36" w="1400" /></phr></stem><stem n="(sslv3)"><phr n="(SSLv3)"><ent r="3" t="36" w="1401" /></phr></stem><stem n="alrm"><phr n="ALRM"><ent r="100" t="36" w="1501" /><ent r="3" t="36" w="1509" /><ent r="100" t="36" w="1551" /><ent r="3" t="36" w="1554" /><ent r="4" t="36" w="1570" /><ent r="3" t="36" w="3409" /><ent r="100" t="36" w="3418" /><ent r="3" t="36" w="3421" /><ent r="3" t="36" w="4020" /><ent r="3" t="36" w="4034" /><ent r="3" t="36" w="4075" /><ent r="3" t="36" w="4090" /><ent r="3" t="36" w="4468" /><ent r="3" t="36" w="4482" /><ent r="100" t="38" w="371" /><ent r="3" t="38" w="375" /><ent r="3" t="38" w="439" /><ent r="3" t="38" w="528" /><ent r="100" t="38" w="534" /><ent r="3" t="38" w="537" /></phr></stem><stem n="[okai"><phr n="[OKAY"><ent r="3" t="36" w="1505" /><ent r="3" t="36" w="3405" /></phr></stem><stem n="&quot;message&quot;"><phr n="&quot;message&quot;"><ent r="3" t="36" w="1521" /></phr></stem><stem n="&quot;[http]"><phr n="&quot;[HTTP]"><ent r="3" t="36" w="1556" /><ent r="3" t="36" w="1602" /><ent r="3" t="36" w="3423" /></phr></stem><stem n="recogn"><phr n="Recognize"><ent r="100" t="36" w="1574" /><ent r="100" t="36" w="4016" /></phr><phr n="recognize"><ent r="100" t="36" w="4014" /><ent r="3" t="36" w="4027" /><ent r="3" t="36" w="4475" /><ent r="3" t="36" w="4587" /></phr></stem><stem n=":user"><phr n=":USER"><ent r="100" t="36" w="1575" /></phr></stem><stem n="tip"><phr n="Tip"><ent r="4" t="36" w="1623" /><ent r="4" t="36" w="2304" /><ent r="4" t="36" w="3848" /><ent r="4" t="64" w="262" /><ent r="1000" t="72" w="1" /><ent r="102" t="72" w="9" /><ent r="4" t="72" w="77" /></phr></stem><stem n="&quot;done"><phr n="&quot;DONE"><ent r="3" t="36" w="1645" /></phr></stem><stem n="$msgstring"><phr n="$msgstring"><ent r="3" t="36" w="1726" /></phr></stem><stem n="$otherstr"><phr n="$otherstring"><ent r="3" t="36" w="1727" /></phr></stem><stem n="--simpl"><phr n="--Simple"><ent r="3" t="36" w="1728" /><ent r="3" t="36" w="1729" /></phr></stem><stem n="$newopen"><phr n="$newopen"><ent r="3" t="36" w="1734" /></phr></stem><stem n="$fileopen"><phr n="$fileopen"><ent r="3" t="36" w="1735" /></phr></stem><stem n="$prevfileopen"><phr n="$prevfileopen"><ent r="3" t="36" w="1736" /></phr></stem><stem n="--use"><phr n="--Use"><ent r="3" t="36" w="1737" /><ent r="3" t="36" w="1738" /><ent r="3" t="36" w="1750" /><ent r="3" t="36" w="1751" /></phr></stem><stem n="$prevtest"><phr n="$prevtest"><ent r="3" t="36" w="1744" /></phr></stem><stem n="(&quot;test&quot;)"><phr n="(&quot;test&quot;)"><ent r="3" t="36" w="1747" /></phr></stem><stem n="$msg"><phr n="$msg"><ent r="3" t="36" w="1755" /><ent r="3" t="36" w="1757" /></phr></stem><stem n="_part"><phr n="_part"><ent r="3" t="36" w="1756" /></phr></stem><stem n="$msg_part"><phr n="$msg_part"><ent r="3" t="36" w="1756" /><ent r="3" t="36" w="1755" /></phr></stem><stem n="($msg"><phr n="($msg"><ent r="3" t="36" w="1757" /></phr></stem><stem n="&quot;(.*)|"><phr n="&quot;(.*)|"><ent r="3" t="36" w="1759" /></phr></stem><stem n="^|"><phr n="^|"><ent r="3" t="36" w="1760" /></phr></stem><stem n="*([^|]+)$&quot;)"><phr n="*([^|]+)$&quot;)"><ent r="3" t="36" w="1763" /></phr></stem><stem n="ec"><phr n="ec"><ent r="3" t="36" w="1863" /></phr></stem><stem n="fall"><phr n="falls"><ent r="4" t="36" w="1889" /><ent r="3" t="36" w="2379" /><ent r="3" t="36" w="3297" /></phr><phr n="fall"><ent r="3" t="69" w="62" /></phr></stem><stem n="*next*"><phr n="*next*"><ent r="4" t="36" w="1931" /><ent r="3" t="36" w="2401" /></phr></stem><stem n="keep"><phr n="keeps"><ent r="4" t="36" w="1942" /><ent r="3" t="36" w="2412" /></phr><phr n="keep"><ent r="4" t="48" w="292" /></phr></stem><stem n="&quot;220"><phr n="&quot;220"><ent r="3" t="36" w="1978" /><ent r="3" t="36" w="3892" /><ent r="3" t="36" w="4165" /><ent r="3" t="36" w="4197" /><ent r="3" t="36" w="4244" /><ent r="3" t="36" w="4304" /></phr></stem><stem n="expir"><phr n="expires"><ent r="3" t="36" w="2027" /><ent r="3" t="36" w="2498" /><ent r="3" t="36" w="3345" /></phr></stem></index>