<?xml version="1.0" encoding="utf-8"?><index><stem n="essenti"><phr n="essentially"><ent r="3" t="3" w="178" /><ent r="7" t="67" w="550" /></phr></stem><stem n="plug"><phr n="plug"><ent r="3" t="3" w="180" /></phr><phr n="Plug"><ent r="100" t="44" w="79" /><ent r="3" t="47" w="13" /></phr></stem><stem n="plug-in"><phr n="plug-in"><ent r="3" t="3" w="180" /></phr><phr n="Plug-in"><ent r="100" t="44" w="79" /><ent r="3" t="47" w="13" /></phr></stem><stem n="-in."><phr n="-in."><ent r="3" t="3" w="182" /><ent r="3" t="3" w="182" /></phr></stem><stem n="logic"><phr n="logic"><ent r="3" t="3" w="190" /><ent r="3" t="36" w="1742" /><ent r="3" t="58" w="365" /></phr><phr n="logical"><ent r="3" t="13" w="1843" /><ent r="4" t="23" w="164" /><ent r="3" t="36" w="1694" /></phr><phr n="Logical"><ent r="100" t="23" w="330" /><ent r="4" t="23" w="333" /><ent r="100" t="23" w="338" /><ent r="4" t="23" w="341" /></phr></stem><stem n="snmp"><phr n="SNMP"><ent r="100" t="3" w="192" /><ent r="100" t="3" w="199" /><ent r="4" t="3" w="212" /><ent r="66" t="3" w="356" /><ent r="4" t="3" w="370" /><ent r="66" t="3" w="381" /><ent r="4" t="3" w="390" /><ent r="82" t="4" w="251" /><ent r="3" t="4" w="256" /><ent r="4" t="4" w="361" /><ent r="82" t="4" w="394" /><ent r="3" t="4" w="398" /><ent r="3" t="4" w="420" /><ent r="100" t="5" w="134" /><ent r="100" t="5" w="162" /><ent r="100" t="5" w="168" /><ent r="6" t="5" w="172" /><ent r="6" t="5" w="186" /><ent r="100" t="5" w="714" /><ent r="3" t="5" w="759" /><ent r="3" t="5" w="766" /><ent r="92" t="5" w="791" /><ent r="4" t="5" w="822" /><ent r="6" t="5" w="856" /><ent r="6" t="5" w="895" /><ent r="6" t="5" w="989" /><ent r="6" t="5" w="1042" /><ent r="5" t="9" w="514" /><ent r="5" t="9" w="548" /><ent r="5" t="9" w="582" /><ent r="5" t="9" w="614" /><ent r="5" t="9" w="654" /><ent r="5" t="9" w="665" /><ent r="5" t="9" w="677" /><ent r="5" t="9" w="690" /><ent r="5" t="9" w="704" /><ent r="5" t="9" w="716" /><ent r="5" t="9" w="728" /><ent r="100" t="10" w="24" /><ent r="4" t="10" w="64" /><ent r="100" t="10" w="114" /><ent r="92" t="10" w="122" /><ent r="3" t="10" w="152" /><ent r="3" t="10" w="262" /><ent r="65" t="13" w="51" /><ent r="92" t="13" w="430" /><ent r="3" t="13" w="500" /><ent r="66" t="13" w="741" /><ent r="5" t="13" w="812" /><ent r="5" t="13" w="826" /><ent r="5" t="13" w="836" /><ent r="5" t="13" w="846" /><ent r="5" t="13" w="855" /><ent r="4" t="13" w="1789" /><ent r="3" t="14" w="9" /><ent r="92" t="14" w="32" /><ent r="3" t="14" w="47" /><ent r="3" t="14" w="52" /><ent r="3" t="14" w="166" /><ent r="3" t="14" w="187" /><ent r="3" t="14" w="243" /><ent r="3" t="14" w="265" /><ent r="3" t="14" w="452" /><ent r="3" t="14" w="632" /><ent r="1000" t="15" w="1" /><ent r="102" t="15" w="4" /><ent r="100" t="15" w="30" /><ent r="100" t="15" w="33" /><ent r="3" t="15" w="49" /><ent r="3" t="15" w="95" /><ent r="3" t="15" w="122" /><ent r="92" t="15" w="259" /><ent r="3" t="15" w="263" /><ent r="92" t="15" w="353" /><ent r="125" t="15" w="370" /><ent r="3" t="15" w="381" /><ent r="3" t="15" w="386" /><ent r="4" t="15" w="492" /><ent r="100" t="15" w="499" /><ent r="92" t="15" w="503" /><ent r="100" t="15" w="523" /><ent r="3" t="15" w="538" /><ent r="100" t="15" w="794" /><ent r="92" t="15" w="798" /><ent r="3" t="15" w="821" /><ent r="100" t="15" w="878" /><ent r="4" t="15" w="888" /><ent r="4" t="15" w="950" /><ent r="100" t="16" w="39" /><ent r="100" t="16" w="184" /><ent r="4" t="16" w="194" /><ent r="6" t="16" w="288" /><ent r="6" t="16" w="586" /><ent r="67" t="16" w="600" /><ent r="6" t="16" w="635" /><ent r="4" t="16" w="799" /><ent r="65" t="16" w="803" /><ent r="65" t="16" w="819" /><ent r="4" t="16" w="847" /><ent r="4" t="16" w="1050" /><ent r="92" t="16" w="1267" /><ent r="3" t="16" w="1273" /><ent r="3" t="16" w="1427" /><ent r="3" t="18" w="20" /><ent r="92" t="18" w="139" /><ent r="3" t="18" w="143" /><ent r="3" t="18" w="444" /><ent r="3" t="18" w="539" /><ent r="4" t="18" w="929" /><ent r="3" t="18" w="1175" /><ent r="100" t="19" w="14" /><ent r="92" t="19" w="22" /><ent r="3" t="19" w="53" /><ent r="3" t="19" w="163" /><ent r="3" t="20" w="73" /><ent r="3" t="20" w="903" /><ent r="4" t="21" w="204" /><ent r="100" t="23" w="17" /><ent r="100" t="23" w="22" /><ent r="3" t="23" w="46" /><ent r="92" t="23" w="2712" /><ent r="100" t="24" w="12" /><ent r="3" t="24" w="28" /><ent r="100" t="24" w="125" /><ent r="4" t="24" w="135" /><ent r="4" t="24" w="195" /><ent r="1000" t="25" w="2" /><ent r="102" t="25" w="9" /><ent r="3" t="25" w="135" /><ent r="3" t="25" w="496" /><ent r="3" t="25" w="504" /><ent r="3" t="25" w="514" /><ent r="3" t="25" w="657" /><ent r="3" t="25" w="809" /><ent r="3" t="25" w="1030" /><ent r="1000" t="26" w="1" /><ent r="102" t="26" w="5" /><ent r="3" t="26" w="104" /><ent r="3" t="26" w="120" /><ent r="3" t="26" w="151" /><ent r="3" t="26" w="343" /><ent r="1000" t="27" w="3" /><ent r="102" t="27" w="9" /><ent r="3" t="27" w="35" /><ent r="4" t="28" w="124" /><ent r="3" t="28" w="163" /><ent r="4" t="28" w="339" /><ent r="3" t="28" w="691" /><ent r="3" t="29" w="37" /><ent r="3" t="29" w="44" /><ent r="4" t="30" w="55" /><ent r="3" t="31" w="21" /><ent r="3" t="31" w="147" /><ent r="3" t="31" w="541" /><ent r="3" t="31" w="702" /><ent r="3" t="31" w="825" /><ent r="3" t="31" w="935" /><ent r="3" t="31" w="1117" /><ent r="3" t="31" w="1315" /><ent r="100" t="32" w="12" /><ent r="3" t="32" w="30" /><ent r="3" t="32" w="126" /><ent r="3" t="32" w="380" /><ent r="3" t="32" w="411" /><ent r="3" t="36" w="1813" /><ent r="3" t="52" w="55" /><ent r="3" t="52" w="71" /><ent r="4" t="53" w="99" /><ent r="100" t="53" w="181" /><ent r="100" t="53" w="184" /><ent r="93" t="53" w="193" /><ent r="3" t="53" w="215" /><ent r="4" t="53" w="231" /><ent r="4" t="53" w="239" /><ent r="100" t="53" w="245" /><ent r="4" t="53" w="249" /><ent r="3" t="53" w="336" /><ent r="100" t="54" w="23" /><ent r="100" t="54" w="31" /><ent r="100" t="54" w="37" /><ent r="4" t="54" w="166" /><ent r="4" t="54" w="185" /><ent r="3" t="54" w="355" /><ent r="3" t="54" w="477" /><ent r="3" t="54" w="521" /><ent r="3" t="54" w="581" /><ent r="3" t="55" w="333" /><ent r="3" t="55" w="475" /><ent r="3" t="55" w="487" /><ent r="3" t="55" w="500" /><ent r="1000" t="76" w="4" /><ent r="102" t="76" w="10" /></phr><phr n="Snmp"><ent r="100" t="4" w="262" /><ent r="100" t="4" w="284" /><ent r="100" t="4" w="288" /><ent r="100" t="4" w="317" /><ent r="100" t="4" w="346" /><ent r="100" t="4" w="429" /><ent r="100" t="4" w="460" /><ent r="100" t="4" w="464" /><ent r="100" t="10" w="130" /><ent r="100" t="15" w="393" /><ent r="100" t="15" w="415" /><ent r="100" t="15" w="419" /><ent r="100" t="15" w="448" /><ent r="100" t="15" w="477" /><ent r="100" t="16" w="41" /><ent r="100" t="19" w="31" /><ent r="100" t="24" w="14" /><ent r="100" t="37" w="249" /></phr><phr n="snmp"><ent r="100" t="5" w="137" /><ent r="8" t="5" w="140" /><ent r="7" t="5" w="143" /><ent r="8" t="5" w="180" /><ent r="7" t="5" w="193" /><ent r="3" t="5" w="753" /><ent r="4" t="5" w="826" /><ent r="3" t="7" w="492" /><ent r="3" t="10" w="286" /><ent r="3" t="13" w="2091" /><ent r="3" t="14" w="59" /><ent r="3" t="14" w="153" /><ent r="3" t="14" w="161" /><ent r="3" t="14" w="202" /><ent r="3" t="14" w="581" /><ent r="3" t="14" w="602" /><ent r="3" t="14" w="707" /><ent r="3" t="15" w="9" /><ent r="3" t="15" w="360" /><ent r="3" t="15" w="690" /><ent r="3" t="15" w="836" /><ent r="3" t="15" w="988" /><ent r="3" t="16" w="971" /><ent r="3" t="17" w="207" /><ent r="3" t="18" w="709" /><ent r="3" t="18" w="1135" /><ent r="3" t="18" w="1367" /><ent r="3" t="18" w="1722" /><ent r="3" t="18" w="1784" /><ent r="3" t="18" w="1853" /><ent r="3" t="19" w="187" /><ent r="3" t="19" w="326" /><ent r="3" t="19" w="365" /><ent r="3" t="19" w="400" /><ent r="3" t="19" w="408" /><ent r="3" t="19" w="570" /><ent r="3" t="21" w="83" /><ent r="3" t="21" w="1144" /><ent r="3" t="21" w="1280" /><ent r="3" t="21" w="1286" /><ent r="3" t="21" w="1370" /><ent r="3" t="21" w="1383" /><ent r="3" t="21" w="1538" /><ent r="3" t="21" w="1577" /><ent r="3" t="22" w="205" /><ent r="3" t="22" w="222" /><ent r="3" t="23" w="2837" /><ent r="3" t="24" w="43" /><ent r="3" t="24" w="85" /><ent r="3" t="25" w="465" /><ent r="64" t="25" w="473" /><ent r="3" t="26" w="16" /><ent r="3" t="26" w="94" /><ent r="3" t="26" w="100" /><ent r="3" t="26" w="137" /><ent r="3" t="26" w="393" /><ent r="3" t="26" w="425" /><ent r="3" t="27" w="16" /><ent r="3" t="28" w="568" /><ent r="3" t="28" w="726" /><ent r="3" t="28" w="1002" /><ent r="3" t="28" w="1062" /><ent r="3" t="28" w="1109" /><ent r="3" t="31" w="27" /><ent r="3" t="31" w="66" /><ent r="3" t="31" w="122" /><ent r="3" t="31" w="129" /><ent r="3" t="31" w="306" /><ent r="3" t="31" w="338" /><ent r="3" t="31" w="346" /><ent r="3" t="31" w="363" /><ent r="3" t="31" w="1509" /><ent r="3" t="31" w="1725" /></phr></stem><stem n="tcp"><phr n="TCP"><ent r="100" t="3" w="194" /><ent r="4" t="3" w="221" /><ent r="66" t="3" w="432" /><ent r="4" t="3" w="438" /><ent r="4" t="3" w="458" /><ent r="65" t="3" w="463" /><ent r="82" t="4" w="494" /><ent r="3" t="4" w="499" /><ent r="65" t="4" w="523" /><ent r="65" t="4" w="547" /><ent r="100" t="5" w="126" /><ent r="100" t="5" w="201" /><ent r="6" t="5" w="204" /><ent r="3" t="5" w="738" /><ent r="3" t="5" w="1336" /><ent r="100" t="5" w="1346" /><ent r="100" t="7" w="558" /><ent r="5" t="9" w="181" /><ent r="5" t="9" w="402" /><ent r="5" t="9" w="729" /><ent r="5" t="9" w="739" /><ent r="100" t="10" w="26" /><ent r="4" t="10" w="74" /><ent r="100" t="10" w="290" /><ent r="92" t="10" w="298" /><ent r="3" t="10" w="321" /><ent r="65" t="13" w="55" /><ent r="92" t="13" w="970" /><ent r="3" t="13" w="979" /><ent r="4" t="13" w="1799" /><ent r="3" t="15" w="673" /><ent r="100" t="15" w="719" /><ent r="100" t="15" w="721" /><ent r="100" t="15" w="723" /><ent r="100" t="16" w="872" /><ent r="100" t="16" w="874" /><ent r="100" t="16" w="876" /><ent r="1000" t="33" w="2" /><ent r="100" t="33" w="5" /><ent r="102" t="33" w="9" /><ent r="3" t="33" w="16" /><ent r="64" t="33" w="106" /><ent r="3" t="33" w="111" /><ent r="3" t="33" w="140" /><ent r="92" t="33" w="165" /><ent r="3" t="33" w="169" /><ent r="92" t="33" w="259" /><ent r="3" t="33" w="263" /><ent r="4" t="33" w="276" /><ent r="65" t="33" w="310" /><ent r="4" t="33" w="335" /><ent r="3" t="33" w="369" /><ent r="3" t="33" w="480" /><ent r="3" t="33" w="615" /><ent r="3" t="33" w="847" /><ent r="3" t="33" w="1033" /><ent r="64" t="33" w="1096" /><ent r="3" t="34" w="17" /><ent r="3" t="34" w="50" /><ent r="92" t="34" w="74" /><ent r="3" t="34" w="82" /><ent r="3" t="34" w="121" /><ent r="100" t="34" w="127" /><ent r="64" t="34" w="130" /><ent r="3" t="34" w="259" /><ent r="3" t="35" w="19" /><ent r="1000" t="36" w="1" /><ent r="102" t="36" w="68" /><ent r="3" t="36" w="89" /><ent r="4" t="36" w="454" /><ent r="3" t="36" w="936" /><ent r="100" t="36" w="1303" /><ent r="3" t="36" w="1321" /><ent r="3" t="36" w="1450" /><ent r="3" t="36" w="1778" /><ent r="3" t="36" w="1788" /><ent r="3" t="36" w="1815" /><ent r="4" t="36" w="2279" /><ent r="3" t="36" w="2946" /><ent r="3" t="36" w="3840" /><ent r="3" t="36" w="4133" /><ent r="3" t="36" w="4550" /><ent r="1000" t="37" w="2" /><ent r="102" t="37" w="23" /><ent r="3" t="37" w="43" /><ent r="3" t="37" w="52" /><ent r="100" t="37" w="94" /><ent r="3" t="37" w="97" /><ent r="100" t="37" w="141" /><ent r="92" t="37" w="145" /><ent r="3" t="37" w="218" /><ent r="5" t="37" w="365" /><ent r="1000" t="38" w="2" /><ent r="100" t="38" w="8" /><ent r="100" t="38" w="13" /><ent r="100" t="38" w="19" /><ent r="100" t="38" w="36" /><ent r="100" t="38" w="46" /><ent r="100" t="38" w="50" /><ent r="100" t="38" w="54" /><ent r="100" t="38" w="62" /><ent r="102" t="38" w="65" /><ent r="3" t="38" w="79" /><ent r="3" t="38" w="96" /><ent r="3" t="38" w="146" /><ent r="3" t="38" w="169" /><ent r="3" t="38" w="192" /><ent r="3" t="38" w="235" /><ent r="3" t="38" w="415" /><ent r="3" t="38" w="603" /><ent r="6" t="69" w="732" /><ent r="100" t="77" w="145" /><ent r="3" t="77" w="153" /></phr><phr n="Tcp"><ent r="100" t="5" w="128" /><ent r="100" t="5" w="310" /><ent r="100" t="5" w="1348" /><ent r="100" t="38" w="87" /><ent r="100" t="38" w="122" /><ent r="100" t="77" w="162" /></phr><phr n="tcp"><ent r="8" t="5" w="131" /><ent r="8" t="5" w="211" /><ent r="100" t="5" w="315" /><ent r="6" t="5" w="344" /><ent r="3" t="5" w="744" /><ent r="100" t="5" w="1353" /><ent r="5" t="5" w="1358" /><ent r="3" t="5" w="1420" /><ent r="3" t="13" w="983" /><ent r="3" t="33" w="13" /><ent r="3" t="36" w="3882" /><ent r="3" t="36" w="4110" /><ent r="100" t="38" w="92" /><ent r="3" t="38" w="99" /><ent r="3" t="38" w="126" /><ent r="3" t="38" w="137" /><ent r="100" t="77" w="167" /><ent r="5" t="77" w="172" /><ent r="3" t="77" w="234" /></phr></stem><stem n="udp"><phr n="UDP"><ent r="100" t="3" w="196" /><ent r="4" t="3" w="214" /><ent r="5" t="9" w="410" /><ent r="3" t="27" w="296" /><ent r="5" t="37" w="362" /></phr><phr n="udp"><ent r="3" t="55" w="310" /></phr></stem><stem n=":snmp"><phr n=":SNMP"><ent r="100" t="3" w="199" /><ent r="100" t="23" w="17" /><ent r="100" t="54" w="31" /><ent r="100" t="54" w="37" /></phr></stem><stem n="appletalk"><phr n="AppleTalk"><ent r="100" t="3" w="201" /><ent r="4" t="3" w="216" /><ent r="100" t="37" w="323" /><ent r="5" t="37" w="328" /><ent r="100" t="69" w="882" /><ent r="6" t="69" w="887" /><ent r="100" t="69" w="1043" /><ent r="6" t="69" w="1050" /></phr></stem><stem n="datagram"><phr n="datagrams"><ent r="100" t="3" w="202" /><ent r="4" t="3" w="217" /><ent r="3" t="10" w="270" /><ent r="3" t="13" w="2089" /><ent r="3" t="13" w="2106" /><ent r="3" t="15" w="641" /><ent r="100" t="15" w="712" /><ent r="100" t="16" w="886" /><ent r="100" t="17" w="147" /><ent r="3" t="17" w="168" /><ent r="3" t="19" w="171" /></phr><phr n="Datagrams"><ent r="100" t="10" w="252" /><ent r="100" t="19" w="153" /></phr><phr n="Datagram"><ent r="100" t="34" w="241" /></phr><phr n="datagram"><ent r="3" t="34" w="255" /></phr></stem><stem n="queri"><phr n="queries"><ent r="4" t="3" w="210" /><ent r="4" t="3" w="371" /><ent r="4" t="4" w="362" /><ent r="6" t="5" w="904" /><ent r="6" t="5" w="1043" /><ent r="6" t="5" w="1052" /><ent r="4" t="15" w="493" /><ent r="3" t="15" w="822" /><ent r="4" t="15" w="896" /><ent r="4" t="15" w="964" /><ent r="3" t="18" w="739" /><ent r="3" t="24" w="29" /><ent r="4" t="24" w="143" /><ent r="4" t="24" w="209" /><ent r="3" t="25" w="815" /><ent r="4" t="48" w="383" /><ent r="3" t="61" w="141" /><ent r="3" t="63" w="15" /><ent r="3" t="63" w="114" /><ent r="4" t="63" w="140" /></phr><phr n="query"><ent r="6" t="5" w="1064" /><ent r="4" t="15" w="865" /><ent r="4" t="15" w="920" /><ent r="4" t="18" w="1876" /><ent r="4" t="18" w="1940" /><ent r="4" t="24" w="114" /><ent r="4" t="24" w="167" /><ent r="3" t="25" w="653" /><ent r="3" t="25" w="703" /><ent r="3" t="25" w="716" /><ent r="4" t="33" w="291" /><ent r="3" t="34" w="32" /><ent r="3" t="53" w="339" /><ent r="4" t="54" w="333" /><ent r="3" t="58" w="179" /><ent r="3" t="63" w="70" /><ent r="3" t="63" w="199" /><ent r="3" t="63" w="223" /></phr><phr n="Query"><ent r="100" t="15" w="792" /><ent r="100" t="15" w="795" /><ent r="92" t="15" w="799" /><ent r="100" t="15" w="853" /><ent r="100" t="15" w="904" /><ent r="100" t="24" w="100" /><ent r="100" t="24" w="102" /><ent r="100" t="24" w="151" /></phr><phr n="querying"><ent r="4" t="16" w="1014" /><ent r="4" t="16" w="1064" /><ent r="4" t="16" w="1093" /><ent r="3" t="25" w="1027" /><ent r="3" t="63" w="80" /></phr><phr n="queried"><ent r="3" t="18" w="1204" /></phr><phr n="Queries"><ent r="64" t="61" w="149" /><ent r="1000" t="63" w="3" /><ent r="102" t="63" w="7" /></phr></stem><stem n="request"><phr n="requests"><ent r="4" t="3" w="213" /><ent r="4" t="3" w="447" /><ent r="7" t="8" w="499" /><ent r="7" t="8" w="502" /><ent r="3" t="56" w="52" /></phr><phr n="Requests"><ent r="5" t="9" w="473" /><ent r="5" t="9" w="482" /></phr><phr n="request"><ent r="5" t="15" w="876" /><ent r="4" t="15" w="951" /><ent r="3" t="15" w="979" /><ent r="100" t="16" w="180" /><ent r="4" t="16" w="862" /><ent r="3" t="18" w="83" /><ent r="3" t="24" w="63" /><ent r="5" t="24" w="123" /><ent r="4" t="24" w="196" /><ent r="3" t="25" w="814" /><ent r="3" t="26" w="135" /><ent r="3" t="33" w="71" /><ent r="5" t="37" w="130" /><ent r="3" t="48" w="810" /><ent r="3" t="48" w="818" /><ent r="3" t="48" w="827" /><ent r="3" t="48" w="864" /><ent r="4" t="54" w="348" /><ent r="3" t="57" w="229" /><ent r="3" t="57" w="322" /><ent r="3" t="64" w="88" /><ent r="3" t="65" w="13" /><ent r="3" t="65" w="29" /><ent r="3" t="69" w="217" /><ent r="6" t="69" w="2026" /><ent r="6" t="69" w="2098" /><ent r="6" t="69" w="2112" /><ent r="3" t="70" w="329" /><ent r="3" t="70" w="334" /><ent r="3" t="70" w="423" /><ent r="3" t="70" w="439" /><ent r="3" t="70" w="452" /><ent r="3" t="70" w="466" /></phr><phr n="Request"><ent r="100" t="15" w="880" /><ent r="100" t="15" w="884" /><ent r="4" t="15" w="890" /><ent r="4" t="15" w="895" /><ent r="100" t="16" w="56" /><ent r="100" t="16" w="182" /><ent r="100" t="16" w="187" /><ent r="4" t="16" w="850" /><ent r="100" t="24" w="127" /><ent r="100" t="24" w="131" /><ent r="4" t="24" w="137" /><ent r="4" t="24" w="142" /><ent r="3" t="48" w="812" /></phr><phr n="requested"><ent r="3" t="18" w="37" /><ent r="3" t="53" w="573" /><ent r="3" t="65" w="19" /><ent r="6" t="69" w="1860" /><ent r="6" t="69" w="1881" /><ent r="6" t="69" w="1904" /><ent r="6" t="69" w="1927" /><ent r="6" t="69" w="1947" /><ent r="6" t="69" w="1966" /></phr></stem><stem n="connect"><phr n="connection"><ent r="4" t="3" w="222" /><ent r="4" t="3" w="439" /><ent r="5" t="9" w="192" /><ent r="5" t="9" w="248" /><ent r="5" t="13" w="1009" /><ent r="5" t="13" w="1024" /><ent r="5" t="13" w="1038" /><ent r="5" t="13" w="1053" /><ent r="5" t="13" w="1205" /><ent r="3" t="33" w="373" /><ent r="3" t="34" w="260" /><ent r="3" t="36" w="173" /><ent r="3" t="36" w="205" /><ent r="3" t="36" w="1313" /><ent r="3" t="36" w="1363" /><ent r="3" t="36" w="1397" /><ent r="3" t="36" w="2000" /><ent r="3" t="36" w="2030" /><ent r="3" t="36" w="2467" /><ent r="3" t="36" w="3322" /><ent r="3" t="36" w="4247" /><ent r="4" t="37" w="63" /><ent r="5" t="37" w="115" /><ent r="5" t="37" w="129" /><ent r="3" t="38" w="193" /><ent r="3" t="38" w="236" /><ent r="3" t="38" w="613" /><ent r="6" t="69" w="713" /><ent r="6" t="69" w="733" /></phr><phr n="connect"><ent r="5" t="9" w="184" /><ent r="5" t="9" w="240" /><ent r="3" t="33" w="18" /><ent r="4" t="36" w="340" /><ent r="65" t="36" w="373" /><ent r="4" t="36" w="568" /><ent r="3" t="36" w="1215" /><ent r="3" t="36" w="1267" /><ent r="3" t="36" w="1284" /><ent r="3" t="36" w="2066" /><ent r="83" t="36" w="2896" /><ent r="3" t="36" w="2949" /><ent r="3" t="36" w="2956" /><ent r="3" t="36" w="2970" /><ent r="6" t="37" w="106" /><ent r="4" t="37" w="269" /><ent r="3" t="38" w="411" /><ent r="3" t="38" w="453" /><ent r="3" t="38" w="616" /><ent r="3" t="42" w="432" /><ent r="3" t="42" w="437" /><ent r="3" t="42" w="459" /><ent r="3" t="42" w="482" /><ent r="3" t="42" w="492" /><ent r="3" t="42" w="514" /><ent r="3" t="42" w="577" /><ent r="3" t="42" w="620" /><ent r="3" t="42" w="637" /><ent r="3" t="42" w="689" /><ent r="3" t="42" w="752" /><ent r="3" t="61" w="57" /></phr><phr n="connected"><ent r="5" t="9" w="202" /><ent r="5" t="9" w="258" /><ent r="5" t="13" w="1191" /><ent r="3" t="38" w="621" /></phr><phr n="connections"><ent r="5" t="9" w="366" /><ent r="5" t="9" w="369" /><ent r="5" t="9" w="450" /><ent r="5" t="9" w="453" /><ent r="5" t="9" w="740" /><ent r="3" t="10" w="284" /><ent r="3" t="19" w="185" /><ent r="3" t="36" w="4189" /></phr><phr n="Connections"><ent r="5" t="9" w="382" /><ent r="5" t="9" w="390" /></phr><phr n="connects"><ent r="3" t="33" w="59" /><ent r="3" t="33" w="115" /><ent r="3" t="33" w="448" /><ent r="6" t="69" w="842" /><ent r="6" t="69" w="860" /></phr><phr n="Connect"><ent r="100" t="36" w="364" /><ent r="3" t="42" w="463" /><ent r="3" t="42" w="475" /><ent r="4" t="55" w="793" /></phr><phr n="Connection"><ent r="6" t="37" w="101" /><ent r="6" t="37" w="117" /><ent r="3" t="38" w="589" /></phr><phr n="connecting"><ent r="3" t="42" w="672" /><ent r="3" t="42" w="925" /></phr></stem><stem n="be"><phr n="being"><ent r="4" t="3" w="226" /><ent r="4" t="8" w="713" /><ent r="5" t="13" w="180" /><ent r="3" t="15" w="109" /><ent r="3" t="17" w="310" /><ent r="3" t="20" w="459" /><ent r="3" t="34" w="101" /><ent r="3" t="36" w="177" /><ent r="3" t="37" w="39" /><ent r="3" t="41" w="79" /><ent r="3" t="44" w="153" /><ent r="3" t="52" w="114" /><ent r="3" t="58" w="59" /><ent r="4" t="68" w="221" /></phr></stem><stem n="respond"><phr n="responds"><ent r="4" t="3" w="231" /></phr><phr n="respond"><ent r="4" t="3" w="235" /><ent r="6" t="5" w="1039" /><ent r="3" t="33" w="459" /></phr><phr n="responding"><ent r="3" t="70" w="176" /></phr></stem><stem n="(or"><phr n="(or"><ent r="4" t="3" w="232" /><ent r="4" t="16" w="1316" /><ent r="3" t="18" w="484" /><ent r="3" t="27" w="33" /><ent r="4" t="46" w="275" /></phr></stem><stem n="fail"><phr n="fails"><ent r="4" t="3" w="233" /><ent r="4" t="18" w="1617" /><ent r="4" t="34" w="1122" /><ent r="3" t="34" w="1576" /><ent r="4" t="36" w="566" /><ent r="4" t="36" w="1927" /><ent r="3" t="36" w="2064" /><ent r="3" t="36" w="2397" /><ent r="3" t="36" w="2478" /><ent r="3" t="36" w="4161" /><ent r="3" t="36" w="4241" /><ent r="3" t="36" w="4438" /><ent r="3" t="36" w="4504" /><ent r="4" t="54" w="1198" /></phr><phr n="failed"><ent r="5" t="13" w="1206" /><ent r="3" t="48" w="839" /></phr><phr n="fail"><ent r="3" t="34" w="406" /><ent r="3" t="34" w="1472" /><ent r="3" t="34" w="1497" /><ent r="3" t="34" w="1528" /><ent r="65" t="36" w="239" /><ent r="65" t="36" w="259" /><ent r="65" t="36" w="277" /><ent r="65" t="36" w="507" /><ent r="65" t="36" w="796" /><ent r="4" t="36" w="1140" /><ent r="3" t="36" w="1166" /><ent r="3" t="36" w="1446" /><ent r="83" t="36" w="1851" /><ent r="5" t="36" w="1912" /><ent r="3" t="36" w="1990" /><ent r="4" t="36" w="2014" /><ent r="83" t="36" w="2348" /><ent r="4" t="36" w="2491" /><ent r="83" t="36" w="3081" /><ent r="3" t="36" w="3168" /><ent r="3" t="36" w="3242" /><ent r="83" t="36" w="3276" /><ent r="3" t="36" w="3329" /><ent r="3" t="36" w="3836" /><ent r="3" t="36" w="3970" /></phr><phr n="FAIL"><ent r="100" t="36" w="552" /><ent r="65" t="36" w="554" /><ent r="100" t="36" w="2050" /><ent r="82" t="36" w="2052" /><ent r="3" t="36" w="2068" /></phr></stem><stem n="down"><phr n="DOWN"><ent r="100" t="3" w="237" /><ent r="4" t="3" w="251" /><ent r="100" t="34" w="281" /><ent r="4" t="34" w="292" /><ent r="5" t="34" w="1130" /><ent r="3" t="34" w="1552" /><ent r="100" t="36" w="1497" /><ent r="3" t="36" w="1511" /><ent r="4" t="36" w="2102" /><ent r="4" t="36" w="2146" /><ent r="3" t="36" w="3411" /><ent r="100" t="36" w="3982" /><ent r="3" t="36" w="3988" /><ent r="100" t="38" w="173" /><ent r="100" t="38" w="270" /><ent r="100" t="38" w="275" /><ent r="3" t="38" w="310" /><ent r="100" t="38" w="390" /><ent r="3" t="38" w="394" /><ent r="3" t="38" w="424" /><ent r="3" t="38" w="441" /><ent r="3" t="38" w="546" /><ent r="100" t="38" w="552" /><ent r="3" t="38" w="555" /><ent r="3" t="38" w="567" /><ent r="3" t="38" w="587" /><ent r="3" t="42" w="596" /><ent r="3" t="42" w="625" /><ent r="3" t="42" w="646" /><ent r="3" t="46" w="149" /></phr><phr n="down"><ent r="6" t="5" w="1099" /><ent r="3" t="14" w="1092" /><ent r="3" t="16" w="1677" /><ent r="3" t="16" w="1694" /><ent r="4" t="16" w="1763" /><ent r="4" t="17" w="124" /><ent r="3" t="17" w="149" /><ent r="3" t="18" w="102" /><ent r="3" t="21" w="918" /><ent r="3" t="22" w="240" /><ent r="3" t="36" w="4452" /><ent r="3" t="38" w="406" /><ent r="4" t="41" w="46" /><ent r="4" t="41" w="110" /><ent r="3" t="41" w="123" /><ent r="3" t="41" w="138" /><ent r="3" t="42" w="542" /><ent r="3" t="42" w="798" /><ent r="3" t="44" w="183" /><ent r="3" t="45" w="390" /><ent r="4" t="46" w="760" /><ent r="4" t="46" w="779" /><ent r="3" t="47" w="230" /><ent r="3" t="48" w="624" /><ent r="3" t="48" w="888" /><ent r="3" t="52" w="51" /><ent r="4" t="56" w="119" /><ent r="3" t="56" w="201" /><ent r="6" t="69" w="284" /><ent r="6" t="69" w="365" /></phr><phr n="Down"><ent r="3" t="17" w="154" /><ent r="5" t="20" w="213" /><ent r="3" t="20" w="321" /><ent r="3" t="32" w="224" /><ent r="3" t="45" w="365" /><ent r="6" t="46" w="476" /></phr></stem><stem n="respons"><phr n="response"><ent r="4" t="3" w="243" /><ent r="4" t="3" w="256" /><ent r="4" t="8" w="273" /><ent r="3" t="13" w="1964" /><ent r="3" t="13" w="1973" /><ent r="3" t="27" w="263" /><ent r="3" t="33" w="86" /><ent r="3" t="33" w="131" /><ent r="3" t="33" w="490" /><ent r="3" t="34" w="117" /><ent r="3" t="34" w="1711" /><ent r="4" t="36" w="743" /><ent r="4" t="36" w="917" /><ent r="3" t="36" w="3699" /><ent r="3" t="36" w="3718" /><ent r="3" t="36" w="4037" /><ent r="3" t="36" w="4078" /><ent r="3" t="36" w="4093" /><ent r="3" t="36" w="4411" /><ent r="3" t="36" w="4485" /><ent r="3" t="36" w="4510" /><ent r="3" t="36" w="4518" /><ent r="3" t="36" w="4560" /><ent r="3" t="36" w="4596" /><ent r="3" t="36" w="4634" /><ent r="3" t="37" w="31" /><ent r="4" t="37" w="344" /><ent r="4" t="37" w="355" /><ent r="3" t="38" w="204" /><ent r="3" t="38" w="291" /><ent r="3" t="38" w="294" /><ent r="3" t="38" w="333" /><ent r="3" t="38" w="369" /><ent r="3" t="38" w="388" /><ent r="3" t="38" w="407" /><ent r="3" t="46" w="622" /><ent r="3" t="46" w="674" /><ent r="3" t="48" w="143" /><ent r="64" t="52" w="105" /><ent r="4" t="53" w="100" /><ent r="4" t="54" w="296" /><ent r="4" t="54" w="316" /><ent r="4" t="54" w="1202" /><ent r="4" t="54" w="1214" /><ent r="3" t="64" w="106" /></phr><phr n="responses"><ent r="4" t="3" w="451" /><ent r="6" t="5" w="896" /><ent r="3" t="33" w="40" /><ent r="4" t="33" w="298" /><ent r="3" t="33" w="382" /><ent r="3" t="33" w="394" /><ent r="3" t="33" w="418" /><ent r="3" t="34" w="39" /><ent r="3" t="34" w="105" /><ent r="3" t="34" w="270" /><ent r="3" t="34" w="273" /><ent r="3" t="36" w="4155" /></phr><phr n="responsibility"><ent r="3" t="20" w="429" /></phr><phr n="Response"><ent r="100" t="34" w="1268" /><ent r="3" t="34" w="1273" /><ent r="100" t="36" w="731" /><ent r="3" t="36" w="1557" /><ent r="3" t="36" w="1603" /><ent r="3" t="36" w="3424" /><ent r="1000" t="37" w="3" /><ent r="100" t="37" w="12" /><ent r="100" t="37" w="15" /><ent r="100" t="37" w="18" /><ent r="102" t="37" w="24" /><ent r="100" t="38" w="315" /><ent r="3" t="38" w="321" /><ent r="100" t="38" w="353" /><ent r="3" t="38" w="357" /><ent r="100" t="38" w="372" /><ent r="3" t="38" w="376" /><ent r="100" t="38" w="391" /><ent r="3" t="38" w="395" /><ent r="3" t="38" w="436" /><ent r="3" t="38" w="438" /><ent r="3" t="38" w="440" /><ent r="3" t="38" w="442" /><ent r="3" t="38" w="493" /><ent r="3" t="38" w="503" /><ent r="3" t="38" w="511" /><ent r="3" t="38" w="521" /><ent r="3" t="38" w="529" /><ent r="3" t="38" w="539" /><ent r="3" t="38" w="547" /><ent r="3" t="38" w="557" /><ent r="100" t="53" w="182" /><ent r="93" t="53" w="194" /></phr><phr n="responsible"><ent r="3" t="39" w="643" /></phr></stem></index>