<?xml version="1.0" encoding="utf-8"?><index><stem n="_valu"><phr n="_value"><ent r="3" t="63" w="291" /><ent r="3" t="63" w="398" /><ent r="3" t="63" w="436" /><ent r="3" t="63" w="482" /></phr></stem><stem n="data_valu"><phr n="data_value"><ent r="3" t="63" w="291" /><ent r="3" t="63" w="290" /><ent r="3" t="63" w="398" /><ent r="3" t="63" w="397" /><ent r="3" t="63" w="436" /><ent r="3" t="63" w="435" /><ent r="3" t="63" w="482" /><ent r="3" t="63" w="481" /></phr></stem><stem n="_data(5,"><phr n="_data(5,"><ent r="3" t="63" w="296" /><ent r="3" t="63" w="442" /></phr></stem><stem n="composit"><phr n="composite"><ent r="4" t="63" w="333" /><ent r="3" t="63" w="348" /></phr></stem><stem n="composite-valu"><phr n="composite-value"><ent r="4" t="63" w="333" /></phr></stem><stem n="won"><phr n="won"><ent r="3" t="63" w="353" /></phr></stem><stem n="won't"><phr n="won't"><ent r="3" t="63" w="354" /><ent r="3" t="63" w="353" /></phr></stem><stem n="postgr"><phr n="Postgres"><ent r="3" t="63" w="365" /><ent r="3" t="63" w="384" /></phr></stem><stem n="act"><phr n="acts"><ent r="3" t="63" w="374" /></phr></stem><stem n="infin"><phr n="infinity"><ent r="4" t="63" w="386" /><ent r="4" t="63" w="390" /><ent r="3" t="63" w="410" /><ent r="3" t="63" w="448" /><ent r="3" t="63" w="471" /><ent r="3" t="63" w="494" /></phr></stem><stem n="-infin"><phr n="-infinity"><ent r="4" t="63" w="390" /><ent r="4" t="63" w="390" /></phr></stem><stem n=".:"><phr n=".:"><ent r="3" t="63" w="393" /></phr></stem><stem n="_data(1,"><phr n="_data(1,"><ent r="3" t="63" w="404" /></phr></stem><stem n="'2011-11-09"><phr n="'2011-11-09"><ent r="3" t="63" w="404" /><ent r="3" t="63" w="442" /><ent r="3" t="63" w="465" /></phr></stem><stem n="2011-11"><phr n="2011-11"><ent r="3" t="63" w="404" /><ent r="3" t="63" w="442" /><ent r="3" t="63" w="465" /><ent r="3" t="63" w="488" /></phr></stem><stem n="2011-11-09"><phr n="2011-11-09"><ent r="3" t="63" w="404" /><ent r="3" t="63" w="442" /><ent r="3" t="63" w="465" /><ent r="3" t="63" w="488" /></phr></stem><stem n="11-09"><phr n="11-09"><ent r="3" t="63" w="405" /><ent r="3" t="63" w="443" /><ent r="3" t="63" w="466" /><ent r="3" t="63" w="489" /></phr></stem><stem n=":00:00',"><phr n=":00:00',"><ent r="3" t="63" w="410" /><ent r="3" t="63" w="448" /><ent r="3" t="63" w="471" /><ent r="3" t="63" w="494" /></phr></stem><stem n="'infinity')"><phr n="'infinity')"><ent r="3" t="63" w="411" /><ent r="3" t="63" w="449" /><ent r="3" t="63" w="472" /><ent r="3" t="63" w="495" /></phr></stem><stem n="union"><phr n="UNION"><ent r="4" t="63" w="422" /><ent r="3" t="63" w="450" /><ent r="3" t="63" w="473" /></phr></stem><stem n="dataset_id,"><phr n="dataset_id,"><ent r="3" t="63" w="432" /><ent r="3" t="63" w="431" /><ent r="3" t="63" w="455" /><ent r="3" t="63" w="454" /><ent r="3" t="63" w="478" /><ent r="3" t="63" w="477" /><ent r="3" t="63" w="499" /><ent r="3" t="63" w="498" /></phr></stem><stem n="_id,"><phr n="_id,"><ent r="3" t="63" w="433" /><ent r="3" t="63" w="456" /><ent r="3" t="63" w="479" /><ent r="3" t="63" w="500" /></phr></stem><stem n="data_time,data"><phr n="data_time,data"><ent r="3" t="63" w="458" /><ent r="3" t="63" w="456" /></phr></stem><stem n="_time,data_valu"><phr n="_time,data_value"><ent r="3" t="63" w="459" /></phr></stem><stem n="data_time,data_valu"><phr n="data_time,data_value"><ent r="3" t="63" w="459" /><ent r="3" t="63" w="456" /></phr></stem><stem n="_data(6,"><phr n="_data(6,"><ent r="3" t="63" w="465" /></phr></stem><stem n="_data(14,'2011-11-09"><phr n="_data(14,'2011-11-09"><ent r="3" t="63" w="488" /></phr></stem><stem n=":web"><phr n=":Web"><ent r="100" t="64" w="15" /><ent r="100" t="70" w="21" /><ent r="100" t="71" w="62" /></phr></stem><stem n="layout"><phr n="layouts"><ent r="3" t="64" w="34" /></phr></stem><stem n="user'"><phr n="user's"><ent r="3" t="64" w="130" /><ent r="3" t="64" w="129" /></phr></stem><stem n="main"><phr n="main"><ent r="4" t="64" w="158" /><ent r="7" t="69" w="1461" /><ent r="7" t="69" w="1515" /><ent r="7" t="69" w="1556" /><ent r="3" t="70" w="315" /><ent r="3" t="70" w="475" /></phr><phr n="Main"><ent r="100" t="70" w="299" /><ent r="3" t="70" w="303" /><ent r="100" t="70" w="354" /><ent r="3" t="70" w="358" /></phr></stem><stem n="insert"><phr n="insert"><ent r="4" t="64" w="214" /><ent r="3" t="65" w="487" /></phr><phr n="inserting"><ent r="6" t="67" w="197" /></phr><phr n="inserted"><ent r="6" t="69" w="151" /></phr><phr n="Inserts"><ent r="6" t="69" w="637" /><ent r="6" t="69" w="1664" /></phr></stem><stem n="guest"><phr n="Guests"><ent r="100" t="64" w="233" /><ent r="4" t="64" w="246" /></phr></stem><stem n=":chang"><phr n=":Changed"><ent r="100" t="64" w="297" /></phr></stem><stem n=":reload"><phr n=":Reloading"><ent r="100" t="64" w="311" /></phr></stem><stem n=":server"><phr n=":Server"><ent r="100" t="64" w="355" /></phr></stem><stem n="page'"><phr n="page's"><ent r="3" t="65" w="60" /><ent r="3" t="65" w="59" /><ent r="3" t="65" w="219" /><ent r="3" t="65" w="218" /><ent r="6" t="67" w="111" /><ent r="6" t="67" w="110" /><ent r="3" t="68" w="24" /><ent r="3" t="68" w="23" /><ent r="3" t="68" w="138" /><ent r="3" t="68" w="137" /><ent r="3" t="68" w="170" /><ent r="3" t="68" w="169" /><ent r="3" t="69" w="204" /><ent r="3" t="69" w="203" /></phr></stem><stem n="(&quot;)"><phr n="(&quot;)"><ent r="4" t="65" w="120" /></phr></stem><stem n="static"><phr n="static"><ent r="4" t="65" w="160" /><ent r="6" t="67" w="712" /></phr></stem><stem n="&quot;${...}&quot;."><phr n="&quot;${...}&quot;."><ent r="4" t="65" w="190" /></phr></stem><stem n="#titl"><phr n="#title"><ent r="3" t="65" w="199" /><ent r="4" t="65" w="381" /><ent r="4" t="66" w="180" /><ent r="7" t="67" w="114" /><ent r="7" t="67" w="119" /><ent r="7" t="67" w="151" /><ent r="7" t="67" w="172" /><ent r="4" t="68" w="46" /><ent r="4" t="68" w="77" /><ent r="4" t="68" w="140" /><ent r="4" t="68" w="172" /><ent r="4" t="68" w="191" /><ent r="7" t="69" w="1101" /></phr></stem><stem n="bodi"><phr n="body"><ent r="3" t="65" w="236" /><ent r="3" t="65" w="394" /><ent r="3" t="65" w="406" /><ent r="4" t="66" w="193" /></phr><phr n="BODY"><ent r="100" t="66" w="128" /><ent r="100" t="66" w="130" /></phr></stem><stem n="&quot;body&quot;"><phr n="&quot;body&quot;"><ent r="3" t="65" w="237" /><ent r="3" t="65" w="395" /></phr></stem><stem n="&lt;b&gt;bold&lt;"><phr n="&lt;b&gt;bold&lt;"><ent r="3" t="65" w="253" /></phr></stem><stem n="/b&gt;"><phr n="/b&gt;"><ent r="3" t="65" w="254" /></phr></stem><stem n="&lt;b&gt;bold&lt;/b&gt;"><phr n="&lt;b&gt;bold&lt;/b&gt;"><ent r="3" t="65" w="254" /><ent r="3" t="65" w="253" /></phr></stem><stem n="b&gt;"><phr n="b&gt;"><ent r="3" t="65" w="254" /></phr></stem><stem n="&lt;i&gt;italic&lt;"><phr n="&lt;i&gt;italic&lt;"><ent r="3" t="65" w="256" /></phr></stem><stem n="&lt;i&gt;italic&lt;/i&gt;"><phr n="&lt;i&gt;italic&lt;/i&gt;"><ent r="3" t="65" w="257" /><ent r="3" t="65" w="256" /></phr></stem><stem n="i&gt;"><phr n="i&gt;"><ent r="3" t="65" w="257" /></phr></stem><stem n="&lt;i&gt;italic&lt;/i&gt;,"><phr n="&lt;i&gt;italic&lt;/i&gt;,"><ent r="3" t="65" w="257" /><ent r="3" t="65" w="256" /></phr></stem><stem n="/i&gt;,"><phr n="/i&gt;,"><ent r="3" t="65" w="258" /></phr></stem><stem n="{date}"><phr n="{date}"><ent r="3" t="65" w="266" /><ent r="4" t="65" w="333" /><ent r="7" t="69" w="793" /></phr></stem><stem n="todai"><phr n="today"><ent r="3" t="65" w="269" /></phr></stem><stem n="today'"><phr n="today's"><ent r="3" t="65" w="270" /><ent r="3" t="65" w="269" /></phr></stem><stem n="&lt;title&gt;"><phr n="&lt;title&gt;"><ent r="5" t="65" w="299" /><ent r="7" t="67" w="140" /></phr></stem><stem n="...&lt;/title&gt;"><phr n="...&lt;/title&gt;"><ent r="5" t="65" w="301" /><ent r="7" t="67" w="142" /></phr></stem><stem n="&lt;/title&gt;"><phr n="&lt;/title&gt;"><ent r="5" t="65" w="301" /><ent r="5" t="65" w="300" /><ent r="7" t="67" w="142" /><ent r="7" t="67" w="141" /></phr><phr n="&lt;/TITLE&gt;"><ent r="3" t="66" w="123" /><ent r="3" t="66" w="122" /></phr></stem><stem n="title&gt;"><phr n="title&gt;"><ent r="5" t="65" w="301" /><ent r="7" t="67" w="142" /></phr><phr n="TITLE&gt;"><ent r="3" t="66" w="123" /></phr></stem><stem n="&lt;body&gt;"><phr n="&lt;body&gt;"><ent r="5" t="65" w="320" /></phr></stem><stem n="...&lt;/body&gt;"><phr n="...&lt;/body&gt;"><ent r="5" t="65" w="322" /></phr></stem><stem n="&lt;/body&gt;"><phr n="&lt;/body&gt;"><ent r="5" t="65" w="322" /><ent r="5" t="65" w="321" /></phr><phr n="&lt;/BODY&gt;"><ent r="3" t="66" w="159" /><ent r="3" t="66" w="158" /></phr></stem><stem n="body&gt;"><phr n="body&gt;"><ent r="5" t="65" w="322" /></phr><phr n="BODY&gt;"><ent r="3" t="66" w="159" /></phr></stem><stem n="&quot;body&quot;."><phr n="&quot;body&quot;."><ent r="3" t="65" w="407" /></phr></stem><stem n="href"><phr n="HREF"><ent r="100" t="65" w="469" /><ent r="4" t="65" w="472" /><ent r="100" t="67" w="783" /><ent r="6" t="67" w="793" /><ent r="6" t="69" w="2406" /><ent r="6" t="69" w="2415" /><ent r="6" t="69" w="2423" /></phr></stem><stem n="&lt;a"><phr n="&lt;A"><ent r="4" t="65" w="471" /><ent r="6" t="69" w="2405" /><ent r="6" t="69" w="2414" /><ent r="6" t="69" w="2422" /></phr></stem><stem n="=...&gt;"><phr n="=...&gt;"><ent r="4" t="65" w="473" /></phr></stem><stem n="encount"><phr n="encounters"><ent r="3" t="65" w="481" /><ent r="3" t="65" w="499" /></phr></stem><stem n="paragraph"><phr n="paragraph"><ent r="3" t="65" w="492" /></phr></stem><stem n="mark"><phr n="marks"><ent r="3" t="65" w="493" /></phr><phr n="mark"><ent r="6" t="69" w="2034" /></phr></stem><stem n="(such"><phr n="(such"><ent r="3" t="65" w="494" /><ent r="6" t="67" w="693" /><ent r="6" t="67" w="742" /></phr></stem><stem n="&quot;!&quot;,"><phr n="&quot;!&quot;,"><ent r="3" t="65" w="529" /></phr></stem><stem n=".html"><phr n=".html"><ent r="100" t="65" w="548" /><ent r="100" t="65" w="566" /><ent r="100" t="65" w="581" /><ent r="100" t="65" w="595" /><ent r="100" t="65" w="609" /><ent r="100" t="65" w="623" /><ent r="100" t="67" w="63" /><ent r="100" t="67" w="276" /><ent r="7" t="67" w="670" /><ent r="100" t="69" w="1825" /><ent r="100" t="70" w="308" /><ent r="100" t="70" w="363" /></phr></stem><stem n="index.html"><phr n="Index.html"><ent r="100" t="65" w="548" /><ent r="100" t="65" w="547" /><ent r="100" t="67" w="276" /><ent r="100" t="67" w="275" /><ent r="100" t="70" w="308" /><ent r="100" t="70" w="307" /></phr><phr n="index.html"><ent r="5" t="65" w="551" /><ent r="5" t="65" w="550" /><ent r="7" t="67" w="294" /><ent r="7" t="67" w="293" /><ent r="6" t="67" w="311" /><ent r="6" t="67" w="310" /><ent r="6" t="67" w="696" /><ent r="6" t="67" w="695" /><ent r="100" t="70" w="312" /><ent r="100" t="70" w="311" /><ent r="3" t="70" w="322" /><ent r="3" t="70" w="321" /><ent r="3" t="70" w="352" /><ent r="3" t="70" w="351" /><ent r="3" t="70" w="421" /><ent r="3" t="70" w="420" /><ent r="3" t="70" w="448" /><ent r="3" t="70" w="447" /><ent r="3" t="70" w="477" /><ent r="3" t="70" w="476" /></phr></stem><stem n="!index.html"><phr n="!index.html"><ent r="5" t="65" w="551" /></phr></stem><stem n="document.html"><phr n="Document.html"><ent r="100" t="65" w="566" /><ent r="100" t="65" w="565" /></phr><phr n="document.html"><ent r="5" t="65" w="569" /><ent r="5" t="65" w="568" /></phr></stem><stem n="!document.html"><phr n="!document.html"><ent r="5" t="65" w="569" /></phr></stem><stem n="graphic"><phr n="graphical"><ent r="4" t="65" w="573" /></phr></stem><stem n="network.html"><phr n="Network.html"><ent r="100" t="65" w="581" /><ent r="100" t="65" w="580" /></phr><phr n="network.html"><ent r="5" t="65" w="584" /><ent r="5" t="65" w="583" /><ent r="3" t="65" w="638" /><ent r="3" t="65" w="637" /></phr></stem><stem n="!network.html"><phr n="!network.html"><ent r="5" t="65" w="584" /></phr></stem><stem n="!device.html"><phr n="!device.html"><ent r="5" t="65" w="598" /></phr></stem><stem n="link.html"><phr n="Link.html"><ent r="100" t="65" w="609" /><ent r="100" t="65" w="608" /></phr><phr n="link.html"><ent r="5" t="65" w="612" /><ent r="5" t="65" w="611" /><ent r="3" t="65" w="642" /><ent r="3" t="65" w="641" /></phr></stem><stem n="!link.html"><phr n="!link.html"><ent r="5" t="65" w="612" /></phr></stem><stem n="chart.html"><phr n="Chart.html"><ent r="100" t="65" w="623" /><ent r="100" t="65" w="622" /><ent r="100" t="72" w="66" /><ent r="100" t="72" w="65" /><ent r="100" t="72" w="85" /><ent r="100" t="72" w="84" /></phr><phr n="chart.html"><ent r="5" t="65" w="626" /><ent r="5" t="65" w="625" /><ent r="3" t="65" w="645" /><ent r="3" t="65" w="644" /><ent r="5" t="72" w="71" /><ent r="5" t="72" w="70" /><ent r="5" t="72" w="90" /><ent r="5" t="72" w="89" /></phr></stem><stem n="!chart.html"><phr n="!chart.html"><ent r="5" t="65" w="626" /><ent r="3" t="65" w="645" /></phr></stem><stem n="network.html,"><phr n="network.html,"><ent r="3" t="65" w="638" /><ent r="3" t="65" w="637" /></phr></stem><stem n="!network.html,"><phr n="!network.html,"><ent r="3" t="65" w="639" /></phr></stem><stem n="device.html,"><phr n="device.html,"><ent r="3" t="65" w="640" /><ent r="3" t="65" w="639" /></phr></stem><stem n="!device.html,"><phr n="!device.html,"><ent r="3" t="65" w="641" /></phr></stem><stem n="link.html,"><phr n="link.html,"><ent r="3" t="65" w="642" /><ent r="3" t="65" w="641" /></phr></stem><stem n="!link.html,"><phr n="!link.html,"><ent r="3" t="65" w="643" /></phr></stem><stem n="skeleton"><phr n="skeleton"><ent r="3" t="66" w="46" /></phr></stem><stem n="doctyp"><phr n="DOCTYPE"><ent r="100" t="66" w="94" /><ent r="3" t="66" w="99" /></phr></stem><stem n="!doctyp"><phr n="!DOCTYPE"><ent r="3" t="66" w="99" /></phr></stem><stem n="ietf"><phr n="IETF"><ent r="3" t="66" w="102" /></phr></stem><stem n="&quot;-//ietf//dtd"><phr n="&quot;-//IETF//DTD"><ent r="3" t="66" w="103" /></phr></stem><stem n="dtd"><phr n="DTD"><ent r="3" t="66" w="103" /></phr></stem><stem n="3.2"><phr n="3.2"><ent r="3" t="66" w="106" /><ent r="3" t="66" w="105" /></phr></stem><stem n="3.2/"><phr n="3.2/"><ent r="3" t="66" w="106" /><ent r="3" t="66" w="105" /></phr></stem><stem n=".2//en&quot;&gt;"><phr n=".2//EN&quot;&gt;"><ent r="3" t="66" w="108" /></phr></stem><stem n="&lt;html&gt;"><phr n="&lt;HTML&gt;"><ent r="3" t="66" w="110" /></phr></stem><stem n="head"><phr n="HEAD"><ent r="100" t="66" w="112" /></phr></stem><stem n="&lt;head&gt;"><phr n="&lt;HEAD&gt;"><ent r="3" t="66" w="114" /></phr></stem><stem n="pagetitl"><phr n="Pagetitle"><ent r="100" t="66" w="118" /><ent r="100" t="69" w="1089" /></phr><phr n="pagetitle"><ent r="3" t="66" w="121" /><ent r="5" t="66" w="172" /><ent r="7" t="69" w="1092" /></phr></stem><stem n="&lt;title&gt;$"><phr n="&lt;TITLE&gt;$"><ent r="3" t="66" w="120" /></phr></stem><stem n="{pagetitle}&lt;/title&gt;"><phr n="{pagetitle}&lt;/TITLE&gt;"><ent r="3" t="66" w="123" /></phr></stem><stem n="/head&gt;"><phr n="/HEAD&gt;"><ent r="3" t="66" w="126" /></phr></stem><stem n="&lt;/head&gt;"><phr n="&lt;/HEAD&gt;"><ent r="3" t="66" w="126" /><ent r="3" t="66" w="125" /></phr></stem><stem n="head&gt;"><phr n="HEAD&gt;"><ent r="3" t="66" w="126" /></phr></stem><stem n="bgcolor"><phr n="BGCOLOR"><ent r="100" t="66" w="131" /><ent r="3" t="66" w="134" /></phr></stem><stem n="&lt;bodi"><phr n="&lt;BODY"><ent r="3" t="66" w="133" /></phr></stem><stem n="ffffff"><phr n="FFFFFF"><ent r="3" t="66" w="135" /></phr></stem><stem n="=&quot;#ffffff&quot;&gt;"><phr n="=&quot;#FFFFFF&quot;&gt;"><ent r="3" t="66" w="136" /></phr></stem><stem n="imageref"><phr n="Imageref"><ent r="100" t="66" w="138" /><ent r="100" t="69" w="1157" /><ent r="100" t="70" w="243" /></phr><phr n="imageref"><ent r="3" t="66" w="141" /><ent r="5" t="66" w="213" /><ent r="7" t="69" w="1162" /><ent r="7" t="69" w="1186" /><ent r="4" t="70" w="246" /></phr></stem><stem n="logo.gif"><phr n="logo.gif"><ent r="3" t="66" w="143" /><ent r="3" t="66" w="142" /><ent r="5" t="66" w="215" /><ent r="5" t="66" w="214" /><ent r="4" t="66" w="238" /><ent r="4" t="66" w="237" /></phr><phr n="Logo.gif"><ent r="100" t="66" w="229" /><ent r="100" t="66" w="228" /></phr></stem><stem n="gif"><phr n="gif"><ent r="3" t="66" w="143" /><ent r="5" t="66" w="215" /><ent r="100" t="66" w="229" /><ent r="4" t="66" w="238" /><ent r="7" t="69" w="1197" /><ent r="6" t="69" w="1246" /><ent r="6" t="69" w="1251" /></phr></stem><stem n="{imageref:logo.gif}"><phr n="{imageref:logo.gif}"><ent r="3" t="66" w="144" /><ent r="5" t="66" w="216" /></phr></stem><stem n="bodytext"><phr n="Bodytext"><ent r="100" t="66" w="145" /></phr><phr n="bodytext"><ent r="3" t="66" w="148" /><ent r="5" t="66" w="188" /><ent r="100" t="69" w="186" /><ent r="4" t="69" w="189" /></phr></stem><stem n="{bodytext}"><phr n="{bodytext}"><ent r="3" t="66" w="149" /><ent r="5" t="66" w="189" /><ent r="100" t="69" w="187" /><ent r="4" t="69" w="190" /></phr></stem><stem n="footer"><phr n="Footer"><ent r="100" t="66" w="150" /></phr><phr n="footer"><ent r="3" t="66" w="155" /><ent r="5" t="66" w="251" /><ent r="4" t="66" w="262" /></phr></stem><stem n=".incl"><phr n=".incl"><ent r="100" t="66" w="151" /></phr></stem><stem n="footer.incl"><phr n="Footer.incl"><ent r="100" t="66" w="151" /><ent r="100" t="66" w="150" /></phr><phr n="footer.incl"><ent r="3" t="66" w="156" /><ent r="3" t="66" w="155" /><ent r="5" t="66" w="252" /><ent r="5" t="66" w="251" /><ent r="4" t="66" w="263" /><ent r="4" t="66" w="262" /></phr></stem><stem n="incl"><phr n="incl"><ent r="100" t="66" w="151" /><ent r="3" t="66" w="156" /><ent r="5" t="66" w="252" /><ent r="4" t="66" w="263" /></phr></stem><stem n="{include:footer.incl}"><phr n="{include:footer.incl}"><ent r="3" t="66" w="157" /><ent r="5" t="66" w="253" /></phr></stem><stem n="/body&gt;"><phr n="/BODY&gt;"><ent r="3" t="66" w="159" /></phr></stem><stem n="/html&gt;"><phr n="/HTML&gt;"><ent r="3" t="66" w="162" /></phr></stem><stem n="&lt;/html&gt;"><phr n="&lt;/HTML&gt;"><ent r="3" t="66" w="162" /><ent r="3" t="66" w="161" /></phr></stem><stem n="html&gt;"><phr n="HTML&gt;"><ent r="3" t="66" w="162" /></phr></stem><stem n="{pagetitle}"><phr n="{pagetitle}"><ent r="5" t="66" w="173" /><ent r="7" t="69" w="1093" /></phr></stem><stem n="img"><phr n="Img"><ent r="100" t="66" w="221" /><ent r="100" t="69" w="1169" /></phr></stem><stem n="&lt;img"><phr n="&lt;img"><ent r="5" t="66" w="223" /><ent r="7" t="69" w="1171" /><ent r="7" t="69" w="1282" /><ent r="7" t="69" w="1456" /><ent r="7" t="69" w="1510" /></phr><phr n="&lt;IMG"><ent r="7" t="69" w="1193" /><ent r="7" t="69" w="1342" /><ent r="7" t="69" w="1355" /></phr></stem><stem n="guestimag"><phr n="GuestImages"><ent r="100" t="66" w="226" /><ent r="100" t="70" w="213" /></phr></stem><stem n=".gif"><phr n=".gif"><ent r="100" t="66" w="229" /><ent r="4" t="66" w="238" /><ent r="6" t="69" w="1251" /></phr></stem><stem n="~guestimag"><phr n="~GuestImages"><ent r="4" t="66" w="242" /><ent r="3" t="70" w="215" /></phr></stem><stem n="footer.incl'"><phr n="footer.incl'"><ent r="4" t="66" w="263" /><ent r="4" t="66" w="262" /></phr></stem><stem n="'footer.incl'."><phr n="'footer.incl'."><ent r="4" t="66" w="264" /></phr></stem><stem n="&quot;#&quot;"><phr n="&quot;#&quot;"><ent r="4" t="67" w="34" /></phr></stem><stem n="#templat"><phr n="#template"><ent r="7" t="67" w="60" /><ent r="7" t="67" w="67" /><ent r="7" t="67" w="82" /><ent r="7" t="67" w="87" /><ent r="3" t="70" w="398" /></phr></stem><stem n="template.html"><phr n="Template.html"><ent r="100" t="67" w="63" /><ent r="100" t="67" w="62" /><ent r="100" t="70" w="363" /><ent r="100" t="70" w="362" /></phr><phr n="template.html"><ent r="7" t="67" w="106" /><ent r="7" t="67" w="105" /><ent r="3" t="70" w="375" /><ent r="3" t="70" w="374" /></phr></stem><stem n="othertempl"><phr n="othertemplate"><ent r="7" t="67" w="68" /></phr></stem><stem n="othertemplate.html"><phr n="othertemplate.html"><ent r="7" t="67" w="69" /><ent r="7" t="67" w="68" /></phr></stem><stem n="&quot;othertemplate.html&quot;"><phr n="&quot;othertemplate.html&quot;"><ent r="7" t="67" w="70" /></phr></stem><stem n="!template.html"><phr n="!template.html"><ent r="7" t="67" w="106" /></phr></stem><stem n="alt"><phr n="Alt"><ent r="100" t="67" w="212" /><ent r="100" t="68" w="61" /></phr><phr n="alt"><ent r="7" t="67" w="215" /><ent r="7" t="67" w="218" /><ent r="7" t="67" w="226" /><ent r="4" t="68" w="50" /><ent r="4" t="68" w="81" /><ent r="4" t="68" w="144" /><ent r="4" t="68" w="176" /><ent r="4" t="68" w="195" /></phr></stem><stem n="_titl"><phr n="_title"><ent r="100" t="67" w="213" /><ent r="100" t="68" w="62" /></phr></stem><stem n="alt_titl"><phr n="Alt_title"><ent r="100" t="67" w="213" /><ent r="100" t="67" w="212" /><ent r="100" t="68" w="62" /><ent r="100" t="68" w="61" /></phr><phr n="alt_title"><ent r="7" t="67" w="216" /><ent r="7" t="67" w="215" /><ent r="7" t="67" w="219" /><ent r="7" t="67" w="218" /><ent r="7" t="67" w="227" /><ent r="7" t="67" w="226" /><ent r="4" t="68" w="51" /><ent r="4" t="68" w="50" /><ent r="4" t="68" w="82" /><ent r="4" t="68" w="81" /><ent r="4" t="68" w="145" /><ent r="4" t="68" w="144" /><ent r="4" t="68" w="177" /><ent r="4" t="68" w="176" /><ent r="4" t="68" w="196" /><ent r="4" t="68" w="195" /></phr></stem><stem n="#alt_titl"><phr n="#alt_title"><ent r="7" t="67" w="216" /><ent r="7" t="67" w="219" /><ent r="7" t="67" w="227" /><ent r="4" t="68" w="51" /><ent r="4" t="68" w="82" /><ent r="4" t="68" w="145" /><ent r="4" t="68" w="177" /><ent r="4" t="68" w="196" /></phr></stem><stem n="#filenam"><phr n="#filename"><ent r="7" t="67" w="249" /><ent r="7" t="67" w="251" /><ent r="7" t="67" w="258" /><ent r="7" t="67" w="292" /><ent r="7" t="67" w="368" /><ent r="8" t="67" w="536" /><ent r="8" t="67" w="571" /></phr></stem><stem n="otherpag"><phr n="otherpage"><ent r="7" t="67" w="252" /><ent r="7" t="67" w="655" /><ent r="7" t="67" w="669" /></phr></stem><stem n="otherpage.html"><phr n="otherpage.html"><ent r="7" t="67" w="253" /><ent r="7" t="67" w="252" /><ent r="7" t="67" w="656" /><ent r="7" t="67" w="655" /><ent r="7" t="67" w="670" /><ent r="7" t="67" w="669" /></phr></stem><stem n="&quot;otherpage.html&quot;"><phr n="&quot;otherpage.html&quot;"><ent r="7" t="67" w="254" /><ent r="7" t="67" w="657" /></phr></stem><stem n="xindex"><phr n="xindex"><ent r="6" t="67" w="284" /></phr></stem><stem n="xindex.html"><phr n="xindex.html"><ent r="6" t="67" w="285" /><ent r="6" t="67" w="284" /></phr></stem><stem n="&quot;xindex.html&quot;"><phr n="&quot;xindex.html&quot;"><ent r="6" t="67" w="286" /></phr></stem><stem n="&quot;!index.html&quot;"><phr n="&quot;!index.html&quot;"><ent r="7" t="67" w="295" /><ent r="6" t="67" w="312" /></phr></stem><stem n="higher"><phr n="higher"><ent r="7" t="67" w="318" /></phr></stem><stem n="#version"><phr n="#version"><ent r="7" t="67" w="334" /><ent r="7" t="67" w="336" /><ent r="7" t="67" w="343" /><ent r="7" t="67" w="375" /><ent r="7" t="67" w="441" /><ent r="8" t="67" w="463" /><ent r="8" t="67" w="502" /><ent r="8" t="67" w="588" /><ent r="7" t="67" w="635" /></phr></stem><stem n="&quot;2.1&quot;"><phr n="&quot;2.1&quot;"><ent r="7" t="67" w="339" /></phr></stem><stem n="ti"><phr n="ties"><ent r="6" t="67" w="382" /></phr></stem><stem n="&quot;ties&quot;"><phr n="&quot;ties&quot;"><ent r="6" t="67" w="383" /></phr></stem><stem n="plai"><phr n="play"><ent r="6" t="67" w="399" /></phr></stem><stem n="disk"><phr n="disk"><ent r="7" t="67" w="424" /><ent r="7" t="67" w="547" /><ent r="6" t="67" w="724" /></phr></stem><stem n="-last-modifi"><phr n="-last-modified"><ent r="100" t="67" w="465" /><ent r="100" t="67" w="466" /><ent r="7" t="67" w="470" /><ent r="7" t="67" w="471" /></phr></stem><stem n="date-last"><phr n="Date-last"><ent r="100" t="67" w="465" /></phr><phr n="date-last"><ent r="7" t="67" w="470" /></phr></stem><stem n="date-last-modifi"><phr n="Date-last-modified"><ent r="100" t="67" w="465" /></phr><phr n="date-last-modified"><ent r="7" t="67" w="470" /></phr></stem><stem n="user-edit"><phr n="user-edited"><ent r="7" t="67" w="517" /></phr></stem><stem n="-disk"><phr n="-disk"><ent r="7" t="67" w="546" /><ent r="7" t="67" w="546" /></phr></stem><stem n="on-disk"><phr n="on-disk"><ent r="7" t="67" w="546" /></phr></stem><stem n="&quot;essentially&quot;"><phr n="&quot;essentially&quot;"><ent r="7" t="67" w="551" /></phr></stem><stem n="foo.html"><phr n="foo.html"><ent r="7" t="67" w="560" /><ent r="7" t="67" w="559" /><ent r="7" t="67" w="581" /><ent r="7" t="67" w="580" /></phr></stem><stem n="&quot;foo.html&quot;,"><phr n="&quot;foo.html&quot;,"><ent r="7" t="67" w="561" /></phr></stem><stem n="(name"><phr n="(named"><ent r="7" t="67" w="564" /></phr></stem><stem n="&quot;virtual"><phr n="&quot;virtual"><ent r="7" t="67" w="577" /></phr></stem><stem n="&quot;foo.html&quot;."><phr n="&quot;foo.html&quot;."><ent r="7" t="67" w="582" /></phr></stem><stem n=".digit"><phr n=".digit"><ent r="100" t="67" w="600" /></phr></stem><stem n="digit.digit"><phr n="Digit.digit"><ent r="100" t="67" w="600" /><ent r="100" t="67" w="599" /></phr><phr n="digit.digit"><ent r="6" t="67" w="609" /><ent r="6" t="67" w="608" /></phr></stem><stem n="digit.digit'"><phr n="digit.digit'"><ent r="6" t="67" w="609" /><ent r="6" t="67" w="608" /></phr></stem><stem n="'digit.digit'"><phr n="'digit.digit'"><ent r="6" t="67" w="610" /></phr></stem><stem n="highest"><phr n="highest"><ent r="6" t="67" w="617" /></phr></stem><stem n="experi"><phr n="experimenting"><ent r="6" t="67" w="628" /></phr><phr n="experience"><ent r="3" t="74" w="16" /></phr></stem><stem n="#redirect"><phr n="#redirect"><ent r="7" t="67" w="652" /><ent r="7" t="67" w="654" /><ent r="7" t="67" w="660" /></phr></stem><stem n="-known"><phr n="-known"><ent r="6" t="67" w="690" /><ent r="6" t="67" w="690" /></phr></stem><stem n="well-known"><phr n="well-known"><ent r="6" t="67" w="690" /></phr></stem><stem n="!index.html)"><phr n="!index.html)"><ent r="6" t="67" w="697" /></phr></stem><stem n="-select"><phr n="-selected"><ent r="6" t="67" w="700" /><ent r="6" t="67" w="700" /><ent r="6" t="69" w="1486" /><ent r="6" t="69" w="1486" /></phr></stem><stem n="user-select"><phr n="user-selected"><ent r="6" t="67" w="700" /></phr></stem><stem n="meta"><phr n="Meta"><ent r="100" t="67" w="706" /><ent r="100" t="69" w="1667" /></phr><phr n="meta"><ent r="6" t="67" w="751" /></phr></stem><stem n="dynam"><phr n="dynamically"><ent r="6" t="67" w="739" /></phr></stem><stem n="#target"><phr n="#target"><ent r="7" t="67" w="755" /><ent r="7" t="67" w="760" /><ent r="7" t="67" w="766" /></phr></stem><stem n="window_nam"><phr n="Window_name"><ent r="100" t="67" w="758" /><ent r="100" t="67" w="757" /></phr><phr n="window_name"><ent r="7" t="67" w="762" /><ent r="7" t="67" w="761" /><ent r="6" t="67" w="781" /><ent r="6" t="67" w="780" /><ent r="6" t="67" w="799" /><ent r="6" t="67" w="798" /></phr></stem><stem n="&quot;window_name&quot;"><phr n="&quot;window_name&quot;"><ent r="7" t="67" w="763" /><ent r="6" t="67" w="800" /></phr></stem><stem n="&quot;window_name&quot;."><phr n="&quot;window_name&quot;."><ent r="6" t="67" w="782" /></phr></stem><stem n="...target"><phr n="...target"><ent r="6" t="67" w="797" /></phr></stem><stem n="predict"><phr n="predict"><ent r="3" t="68" w="97" /></phr></stem><stem n="chosen"><phr n="chosen"><ent r="3" t="68" w="101" /></phr></stem><stem n="prevent"><phr n="Preventing"><ent r="92" t="68" w="103" /><ent r="100" t="68" w="112" /><ent r="100" t="68" w="114" /></phr><phr n="prevent"><ent r="4" t="68" w="215" /></phr></stem><stem n=":quot"><phr n=":Quoted"><ent r="100" t="68" w="115" /></phr></stem><stem n="-is."><phr n="-is."><ent r="3" t="68" w="154" /><ent r="3" t="68" w="154" /></phr></stem><stem n="(remember,"><phr n="(Remember,"><ent r="3" t="68" w="180" /></phr></stem><stem n="front"><phr n="front"><ent r="4" t="68" w="231" /></phr></stem><stem n="macronam"><phr n="Macroname"><ent r="100" t="69" w="20" /></phr><phr n="macroname"><ent r="4" t="69" w="23" /><ent r="4" t="69" w="29" /></phr></stem><stem n="other-inform"><phr n="other-information"><ent r="4" t="69" w="24" /><ent r="4" t="69" w="40" /></phr></stem><stem n="{macroname:other-information}"><phr n="{macroname:other-information}"><ent r="4" t="69" w="26" /></phr></stem><stem n="-inform"><phr n="-information"><ent r="4" t="69" w="40" /><ent r="4" t="69" w="40" /></phr></stem></index>