<?xml version="1.0" encoding="utf-8"?><index><stem n="1.3.6.1.2"><phr n="1.3.6.1.2"><ent r="3" t="13" w="1983" /><ent r="3" t="13" w="1979" /><ent r="3" t="13" w="2081" /><ent r="3" t="13" w="2077" /><ent r="3" t="15" w="633" /><ent r="3" t="15" w="629" /><ent r="3" t="15" w="648" /><ent r="3" t="15" w="644" /><ent r="3" t="15" w="665" /><ent r="3" t="15" w="661" /><ent r="3" t="15" w="682" /><ent r="3" t="15" w="678" /><ent r="3" t="16" w="915" /><ent r="3" t="16" w="911" /><ent r="3" t="16" w="930" /><ent r="3" t="16" w="926" /><ent r="4" t="16" w="987" /><ent r="4" t="16" w="983" /><ent r="4" t="16" w="1029" /><ent r="4" t="16" w="1025" /><ent r="4" t="16" w="1071" /><ent r="4" t="16" w="1067" /><ent r="4" t="16" w="1102" /><ent r="4" t="16" w="1098" /><ent r="5" t="16" w="1400" /><ent r="5" t="16" w="1396" /><ent r="3" t="16" w="1660" /><ent r="3" t="16" w="1656" /><ent r="3" t="18" w="491" /><ent r="3" t="18" w="487" /><ent r="3" t="18" w="517" /><ent r="3" t="18" w="513" /><ent r="3" t="18" w="586" /><ent r="3" t="18" w="582" /><ent r="3" t="18" w="608" /><ent r="3" t="18" w="604" /><ent r="3" t="18" w="629" /><ent r="3" t="18" w="625" /><ent r="3" t="18" w="651" /><ent r="3" t="18" w="647" /><ent r="4" t="18" w="1429" /><ent r="4" t="18" w="1425" /><ent r="3" t="23" w="1993" /><ent r="3" t="23" w="1989" /><ent r="3" t="23" w="2013" /><ent r="3" t="23" w="2009" /><ent r="3" t="23" w="2035" /><ent r="3" t="23" w="2031" /><ent r="3" t="23" w="2055" /><ent r="3" t="23" w="2051" /><ent r="3" t="23" w="2077" /><ent r="3" t="23" w="2073" /><ent r="3" t="23" w="2099" /><ent r="3" t="23" w="2095" /><ent r="3" t="23" w="2803" /><ent r="3" t="23" w="2799" /><ent r="4" t="23" w="2850" /><ent r="4" t="23" w="2846" /><ent r="3" t="25" w="125" /><ent r="3" t="25" w="121" /><ent r="3" t="25" w="978" /><ent r="3" t="25" w="974" /><ent r="3" t="53" w="351" /><ent r="3" t="53" w="347" /><ent r="3" t="53" w="362" /><ent r="3" t="53" w="358" /><ent r="3" t="53" w="384" /><ent r="3" t="53" w="380" /><ent r="3" t="53" w="504" /><ent r="3" t="53" w="500" /><ent r="3" t="53" w="516" /><ent r="3" t="53" w="512" /><ent r="3" t="53" w="547" /><ent r="3" t="53" w="543" /><ent r="3" t="54" w="512" /><ent r="3" t="54" w="508" /><ent r="3" t="54" w="573" /><ent r="3" t="54" w="569" /><ent r="3" t="54" w="629" /><ent r="3" t="54" w="625" /><ent r="3" t="54" w="673" /><ent r="3" t="54" w="669" /><ent r="3" t="54" w="865" /><ent r="3" t="54" w="861" /><ent r="3" t="54" w="882" /><ent r="3" t="54" w="878" /><ent r="3" t="54" w="906" /><ent r="3" t="54" w="902" /><ent r="3" t="54" w="922" /><ent r="3" t="54" w="918" /><ent r="3" t="54" w="940" /><ent r="3" t="54" w="936" /><ent r="3" t="54" w="959" /><ent r="3" t="54" w="955" /><ent r="3" t="54" w="978" /><ent r="3" t="54" w="974" /><ent r="3" t="54" w="994" /><ent r="3" t="54" w="990" /><ent r="3" t="54" w="1010" /><ent r="3" t="54" w="1006" /><ent r="3" t="54" w="1022" /><ent r="3" t="54" w="1018" /><ent r="3" t="54" w="1036" /><ent r="3" t="54" w="1032" /><ent r="3" t="54" w="1055" /><ent r="3" t="54" w="1051" /><ent r="3" t="54" w="1073" /><ent r="3" t="54" w="1069" /><ent r="3" t="54" w="1089" /><ent r="3" t="54" w="1085" /><ent r="3" t="54" w="1107" /><ent r="3" t="54" w="1103" /><ent r="3" t="55" w="621" /><ent r="3" t="55" w="617" /><ent r="3" t="55" w="637" /><ent r="3" t="55" w="633" /><ent r="3" t="55" w="659" /><ent r="3" t="55" w="655" /><ent r="3" t="55" w="673" /><ent r="3" t="55" w="669" /><ent r="3" t="55" w="686" /><ent r="3" t="55" w="682" /></phr></stem><stem n="1.3.6.1.2.1"><phr n="1.3.6.1.2.1"><ent r="3" t="13" w="1984" /><ent r="3" t="13" w="1979" /><ent r="3" t="13" w="2082" /><ent r="3" t="13" w="2077" /><ent r="3" t="15" w="634" /><ent r="3" t="15" w="629" /><ent r="3" t="15" w="649" /><ent r="3" t="15" w="644" /><ent r="3" t="15" w="666" /><ent r="3" t="15" w="661" /><ent r="3" t="15" w="683" /><ent r="3" t="15" w="678" /><ent r="3" t="16" w="916" /><ent r="3" t="16" w="911" /><ent r="3" t="16" w="931" /><ent r="3" t="16" w="926" /><ent r="4" t="16" w="988" /><ent r="4" t="16" w="983" /><ent r="4" t="16" w="1030" /><ent r="4" t="16" w="1025" /><ent r="4" t="16" w="1072" /><ent r="4" t="16" w="1067" /><ent r="4" t="16" w="1103" /><ent r="4" t="16" w="1098" /><ent r="5" t="16" w="1401" /><ent r="5" t="16" w="1396" /><ent r="3" t="16" w="1661" /><ent r="3" t="16" w="1656" /><ent r="3" t="18" w="492" /><ent r="3" t="18" w="487" /><ent r="3" t="18" w="518" /><ent r="3" t="18" w="513" /><ent r="3" t="18" w="587" /><ent r="3" t="18" w="582" /><ent r="3" t="18" w="609" /><ent r="3" t="18" w="604" /><ent r="3" t="18" w="630" /><ent r="3" t="18" w="625" /><ent r="3" t="18" w="652" /><ent r="3" t="18" w="647" /><ent r="4" t="18" w="1430" /><ent r="4" t="18" w="1425" /><ent r="3" t="23" w="1994" /><ent r="3" t="23" w="1989" /><ent r="3" t="23" w="2014" /><ent r="3" t="23" w="2009" /><ent r="3" t="23" w="2036" /><ent r="3" t="23" w="2031" /><ent r="3" t="23" w="2056" /><ent r="3" t="23" w="2051" /><ent r="3" t="23" w="2078" /><ent r="3" t="23" w="2073" /><ent r="3" t="23" w="2100" /><ent r="3" t="23" w="2095" /><ent r="3" t="23" w="2804" /><ent r="3" t="23" w="2799" /><ent r="4" t="23" w="2851" /><ent r="4" t="23" w="2846" /><ent r="3" t="25" w="126" /><ent r="3" t="25" w="121" /><ent r="3" t="25" w="979" /><ent r="3" t="25" w="974" /><ent r="3" t="53" w="352" /><ent r="3" t="53" w="347" /><ent r="3" t="53" w="363" /><ent r="3" t="53" w="358" /><ent r="3" t="53" w="385" /><ent r="3" t="53" w="380" /><ent r="3" t="53" w="505" /><ent r="3" t="53" w="500" /><ent r="3" t="53" w="517" /><ent r="3" t="53" w="512" /><ent r="3" t="53" w="548" /><ent r="3" t="53" w="543" /><ent r="3" t="54" w="513" /><ent r="3" t="54" w="508" /><ent r="3" t="54" w="574" /><ent r="3" t="54" w="569" /><ent r="3" t="54" w="630" /><ent r="3" t="54" w="625" /><ent r="3" t="54" w="674" /><ent r="3" t="54" w="669" /><ent r="3" t="54" w="866" /><ent r="3" t="54" w="861" /><ent r="3" t="54" w="883" /><ent r="3" t="54" w="878" /><ent r="3" t="54" w="907" /><ent r="3" t="54" w="902" /><ent r="3" t="54" w="923" /><ent r="3" t="54" w="918" /><ent r="3" t="54" w="941" /><ent r="3" t="54" w="936" /><ent r="3" t="54" w="960" /><ent r="3" t="54" w="955" /><ent r="3" t="54" w="979" /><ent r="3" t="54" w="974" /><ent r="3" t="54" w="995" /><ent r="3" t="54" w="990" /><ent r="3" t="54" w="1011" /><ent r="3" t="54" w="1006" /><ent r="3" t="54" w="1023" /><ent r="3" t="54" w="1018" /><ent r="3" t="54" w="1037" /><ent r="3" t="54" w="1032" /><ent r="3" t="54" w="1056" /><ent r="3" t="54" w="1051" /><ent r="3" t="54" w="1074" /><ent r="3" t="54" w="1069" /><ent r="3" t="54" w="1090" /><ent r="3" t="54" w="1085" /><ent r="3" t="54" w="1108" /><ent r="3" t="54" w="1103" /><ent r="3" t="55" w="622" /><ent r="3" t="55" w="617" /><ent r="3" t="55" w="638" /><ent r="3" t="55" w="633" /><ent r="3" t="55" w="660" /><ent r="3" t="55" w="655" /><ent r="3" t="55" w="674" /><ent r="3" t="55" w="669" /><ent r="3" t="55" w="687" /><ent r="3" t="55" w="682" /></phr></stem><stem n="1.3.6.1.2.1.4"><phr n="1.3.6.1.2.1.4"><ent r="3" t="13" w="1985" /><ent r="3" t="13" w="1979" /><ent r="3" t="13" w="2083" /><ent r="3" t="13" w="2077" /><ent r="3" t="15" w="635" /><ent r="3" t="15" w="629" /><ent r="3" t="15" w="650" /><ent r="3" t="15" w="644" /><ent r="3" t="16" w="932" /><ent r="3" t="16" w="926" /><ent r="4" t="16" w="1073" /><ent r="4" t="16" w="1067" /><ent r="4" t="18" w="1431" /><ent r="4" t="18" w="1425" /><ent r="3" t="23" w="1995" /><ent r="3" t="23" w="1989" /><ent r="3" t="23" w="2015" /><ent r="3" t="23" w="2009" /><ent r="3" t="23" w="2037" /><ent r="3" t="23" w="2031" /><ent r="3" t="23" w="2057" /><ent r="3" t="23" w="2051" /><ent r="3" t="23" w="2079" /><ent r="3" t="23" w="2073" /><ent r="3" t="23" w="2101" /><ent r="3" t="23" w="2095" /></phr></stem><stem n="1.3.6.1.2.1.4.20"><phr n="1.3.6.1.2.1.4.20"><ent r="3" t="13" w="1986" /><ent r="3" t="13" w="1979" /><ent r="3" t="23" w="1996" /><ent r="3" t="23" w="1989" /><ent r="3" t="23" w="2016" /><ent r="3" t="23" w="2009" /><ent r="3" t="23" w="2038" /><ent r="3" t="23" w="2031" /><ent r="3" t="23" w="2058" /><ent r="3" t="23" w="2051" /><ent r="3" t="23" w="2080" /><ent r="3" t="23" w="2073" /><ent r="3" t="23" w="2102" /><ent r="3" t="23" w="2095" /></phr></stem><stem n="1.3.6.1.2.1.4.20.1"><phr n="1.3.6.1.2.1.4.20.1"><ent r="3" t="13" w="1987" /><ent r="3" t="13" w="1979" /><ent r="3" t="23" w="1997" /><ent r="3" t="23" w="1989" /><ent r="3" t="23" w="2017" /><ent r="3" t="23" w="2009" /><ent r="3" t="23" w="2039" /><ent r="3" t="23" w="2031" /><ent r="3" t="23" w="2059" /><ent r="3" t="23" w="2051" /><ent r="3" t="23" w="2081" /><ent r="3" t="23" w="2073" /><ent r="3" t="23" w="2103" /><ent r="3" t="23" w="2095" /></phr></stem><stem n="1.3.6.1.2.1.4.20.1.1"><phr n="1.3.6.1.2.1.4.20.1.1"><ent r="3" t="13" w="1988" /><ent r="3" t="13" w="1979" /><ent r="3" t="23" w="1998" /><ent r="3" t="23" w="1989" /><ent r="3" t="23" w="2018" /><ent r="3" t="23" w="2009" /><ent r="3" t="23" w="2040" /><ent r="3" t="23" w="2031" /><ent r="3" t="23" w="2060" /><ent r="3" t="23" w="2051" /><ent r="3" t="23" w="2082" /><ent r="3" t="23" w="2073" /><ent r="3" t="23" w="2104" /><ent r="3" t="23" w="2095" /></phr></stem><stem n="1.3.6.1.2.1.4.20.1.1.10"><phr n="1.3.6.1.2.1.4.20.1.1.10"><ent r="3" t="13" w="1989" /><ent r="3" t="13" w="1979" /><ent r="3" t="23" w="1999" /><ent r="3" t="23" w="1989" /><ent r="3" t="23" w="2019" /><ent r="3" t="23" w="2009" /><ent r="3" t="23" w="2041" /><ent r="3" t="23" w="2031" /><ent r="3" t="23" w="2061" /><ent r="3" t="23" w="2051" /><ent r="3" t="23" w="2083" /><ent r="3" t="23" w="2073" /><ent r="3" t="23" w="2105" /><ent r="3" t="23" w="2095" /></phr></stem><stem n="1.3.6.1.2.1.4.20.1.1.10.10"><phr n="1.3.6.1.2.1.4.20.1.1.10.10"><ent r="3" t="13" w="1990" /><ent r="3" t="13" w="1979" /><ent r="3" t="23" w="2000" /><ent r="3" t="23" w="1989" /><ent r="3" t="23" w="2020" /><ent r="3" t="23" w="2009" /><ent r="3" t="23" w="2042" /><ent r="3" t="23" w="2031" /><ent r="3" t="23" w="2062" /><ent r="3" t="23" w="2051" /><ent r="3" t="23" w="2084" /><ent r="3" t="23" w="2073" /><ent r="3" t="23" w="2106" /><ent r="3" t="23" w="2095" /></phr></stem><stem n="1.3.6.1.2.1.4.20.1.1.10.10.2"><phr n="1.3.6.1.2.1.4.20.1.1.10.10.2"><ent r="3" t="13" w="1991" /><ent r="3" t="13" w="1979" /><ent r="3" t="23" w="2001" /><ent r="3" t="23" w="1989" /><ent r="3" t="23" w="2021" /><ent r="3" t="23" w="2009" /><ent r="3" t="23" w="2043" /><ent r="3" t="23" w="2031" /><ent r="3" t="23" w="2063" /><ent r="3" t="23" w="2051" /><ent r="3" t="23" w="2085" /><ent r="3" t="23" w="2073" /><ent r="3" t="23" w="2107" /><ent r="3" t="23" w="2095" /></phr></stem><stem n="1.3.6.1.2.1.4.20.1.1.10.10.2.20"><phr n="1.3.6.1.2.1.4.20.1.1.10.10.2.20"><ent r="3" t="13" w="1992" /><ent r="3" t="13" w="1979" /><ent r="3" t="23" w="2002" /><ent r="3" t="23" w="1989" /><ent r="3" t="23" w="2022" /><ent r="3" t="23" w="2009" /><ent r="3" t="23" w="2044" /><ent r="3" t="23" w="2031" /><ent r="3" t="23" w="2064" /><ent r="3" t="23" w="2051" /><ent r="3" t="23" w="2086" /><ent r="3" t="23" w="2073" /><ent r="3" t="23" w="2108" /><ent r="3" t="23" w="2095" /></phr></stem><stem n="{eval:subid(&quot;1.3.6.1.2.1.4.20.1.1.10.10.2.20&quot;,"><phr n="{eval:subid(&quot;1.3.6.1.2.1.4.20.1.1.10.10.2.20&quot;,"><ent r="3" t="13" w="1993" /></phr></stem><stem n="-4,"><phr n="-4,"><ent r="3" t="13" w="1994" /><ent r="3" t="13" w="1994" /><ent r="3" t="23" w="2024" /><ent r="3" t="23" w="2024" /><ent r="3" t="23" w="2066" /><ent r="3" t="23" w="2066" /><ent r="3" t="23" w="2134" /><ent r="3" t="23" w="2134" /></phr></stem><stem n=")}"><phr n=")}"><ent r="3" t="13" w="1995" /></phr></stem><stem n="10.10"><phr n="10.10"><ent r="3" t="13" w="1998" /><ent r="3" t="13" w="1997" /><ent r="3" t="23" w="2027" /><ent r="3" t="23" w="2026" /><ent r="3" t="23" w="2069" /><ent r="3" t="23" w="2068" /><ent r="3" t="54" w="533" /><ent r="3" t="54" w="532" /><ent r="3" t="54" w="566" /><ent r="3" t="54" w="565" /></phr></stem><stem n="10.10.2"><phr n="10.10.2"><ent r="3" t="13" w="1999" /><ent r="3" t="13" w="1997" /><ent r="3" t="23" w="2028" /><ent r="3" t="23" w="2026" /><ent r="3" t="23" w="2070" /><ent r="3" t="23" w="2068" /><ent r="3" t="54" w="534" /><ent r="3" t="54" w="532" /><ent r="3" t="54" w="567" /><ent r="3" t="54" w="565" /></phr></stem><stem n="10.10.2.20"><phr n="10.10.2.20"><ent r="3" t="13" w="2000" /><ent r="3" t="13" w="1997" /><ent r="3" t="23" w="2029" /><ent r="3" t="23" w="2026" /><ent r="3" t="23" w="2071" /><ent r="3" t="23" w="2068" /><ent r="3" t="54" w="535" /><ent r="3" t="54" w="532" /><ent r="3" t="54" w="568" /><ent r="3" t="54" w="565" /></phr></stem><stem n="=&quot;10.10.2.20&quot;"><phr n="=&quot;10.10.2.20&quot;"><ent r="3" t="13" w="2001" /></phr></stem><stem n="test123"><phr n="test123"><ent r="3" t="13" w="2007" /></phr></stem><stem n="&quot;test123&quot;"><phr n="&quot;test123&quot;"><ent r="3" t="13" w="2008" /></phr></stem><stem n="=~"><phr n="=~"><ent r="3" t="13" w="2008" /><ent r="4" t="17" w="415" /><ent r="3" t="23" w="2813" /><ent r="3" t="24" w="74" /><ent r="3" t="24" w="82" /><ent r="3" t="36" w="1758" /></phr></stem><stem n="~"><phr n="~"><ent r="3" t="13" w="2008" /><ent r="4" t="17" w="415" /><ent r="4" t="17" w="417" /><ent r="4" t="23" w="383" /><ent r="4" t="23" w="384" /><ent r="3" t="23" w="2813" /><ent r="6" t="23" w="2883" /><ent r="3" t="24" w="74" /><ent r="3" t="24" w="82" /><ent r="3" t="36" w="1758" /></phr></stem><stem n="^te"><phr n="^te"><ent r="3" t="13" w="2009" /></phr></stem><stem n="st"><phr n="st"><ent r="3" t="13" w="2010" /><ent r="3" t="13" w="2019" /></phr></stem><stem n="0-9"><phr n="0-9"><ent r="3" t="13" w="2011" /><ent r="3" t="34" w="921" /><ent r="3" t="34" w="941" /><ent r="3" t="34" w="956" /></phr></stem><stem n="&quot;^te([st]*)([0-9]*)&quot;;"><phr n="&quot;^te([st]*)([0-9]*)&quot;;"><ent r="3" t="13" w="2013" /></phr></stem><stem n="&quot;${1}"><phr n="&quot;${1}"><ent r="3" t="13" w="2015" /></phr></stem><stem n="{2}&quot;}"><phr n="{2}&quot;}"><ent r="3" t="13" w="2017" /></phr></stem><stem n="&quot;st"><phr n="&quot;st"><ent r="3" t="13" w="2019" /></phr></stem><stem n="123"><phr n="123"><ent r="3" t="13" w="2020" /><ent r="3" t="13" w="2310" /><ent r="3" t="13" w="2312" /><ent r="3" t="31" w="452" /><ent r="3" t="31" w="613" /><ent r="3" t="31" w="736" /><ent r="3" t="31" w="846" /></phr></stem><stem n="&quot;--&gt;"><phr n="&quot;--&gt;"><ent r="3" t="13" w="2021" /></phr></stem><stem n="{variablename:legend}"><phr n="{variablename:legend}"><ent r="82" t="13" w="2028" /><ent r="4" t="13" w="2047" /><ent r="4" t="16" w="1610" /></phr></stem><stem n="1.3.6.1.2.1.4.6"><phr n="1.3.6.1.2.1.4.6"><ent r="3" t="13" w="2084" /><ent r="3" t="13" w="2077" /><ent r="3" t="15" w="636" /><ent r="3" t="15" w="629" /></phr></stem><stem n="1.3.6.1.2.1.4.6.0"><phr n="1.3.6.1.2.1.4.6.0"><ent r="3" t="13" w="2085" /><ent r="3" t="13" w="2077" /><ent r="3" t="15" w="637" /><ent r="3" t="15" w="629" /></phr></stem><stem n="1.3.6.1.2.1.4.6.0,"><phr n="1.3.6.1.2.1.4.6.0,"><ent r="3" t="13" w="2085" /><ent r="3" t="13" w="2077" /><ent r="3" t="15" w="637" /><ent r="3" t="15" w="629" /></phr></stem><stem n=".3.6.1.2.1.4.6.0,"><phr n=".3.6.1.2.1.4.6.0,"><ent r="3" t="13" w="2086" /><ent r="3" t="15" w="638" /></phr></stem><stem n="per-second"><phr n="PER-SECOND"><ent r="3" t="13" w="2086" /><ent r="3" t="14" w="405" /><ent r="3" t="14" w="497" /><ent r="3" t="14" w="701" /><ent r="3" t="15" w="638" /><ent r="100" t="16" w="261" /><ent r="4" t="28" w="789" /></phr><phr n="Per-second"><ent r="100" t="16" w="252" /><ent r="7" t="16" w="488" /></phr><phr n="Per-Second"><ent r="9" t="16" w="674" /></phr><phr n="per-second"><ent r="4" t="16" w="1151" /></phr></stem><stem n="-second,"><phr n="-SECOND,"><ent r="3" t="13" w="2088" /><ent r="3" t="13" w="2088" /><ent r="3" t="14" w="499" /><ent r="3" t="14" w="499" /><ent r="3" t="15" w="640" /><ent r="3" t="15" w="640" /></phr></stem><stem n="&quot;forward"><phr n="&quot;Forwarded"><ent r="3" t="13" w="2088" /><ent r="3" t="13" w="2105" /><ent r="3" t="15" w="640" /></phr></stem><stem n="&quot;."><phr n="&quot;."><ent r="3" t="13" w="2107" /><ent r="3" t="20" w="70" /><ent r="3" t="36" w="4198" /><ent r="3" t="38" w="334" /><ent r="3" t="39" w="845" /><ent r="3" t="68" w="60" /></phr></stem><stem n="{ipforwdatagrams:legend}"><phr n="{ipForwDatagrams:legend}"><ent r="3" t="13" w="2111" /></phr></stem><stem n="{scalable10}"><phr n="{scalable10}"><ent r="82" t="13" w="2115" /><ent r="3" t="13" w="2124" /><ent r="4" t="13" w="2161" /><ent r="4" t="16" w="1617" /></phr></stem><stem n="{scalable2}"><phr n="{scalable2}"><ent r="82" t="13" w="2118" /><ent r="3" t="13" w="2127" /><ent r="4" t="13" w="2175" /><ent r="4" t="16" w="1620" /></phr></stem><stem n="appropri"><phr n="appropriate"><ent r="3" t="13" w="2133" /><ent r="3" t="13" w="2192" /><ent r="4" t="21" w="382" /><ent r="4" t="39" w="996" /><ent r="3" t="42" w="418" /><ent r="3" t="57" w="325" /><ent r="3" t="66" w="65" /><ent r="3" t="69" w="53" /></phr><phr n="appropriately"><ent r="3" t="27" w="181" /></phr></stem><stem n="alwai"><phr n="always"><ent r="3" t="13" w="2139" /><ent r="6" t="16" w="455" /><ent r="6" t="16" w="479" /><ent r="3" t="16" w="1795" /></phr></stem><stem n=".0"><phr n=".0"><ent r="3" t="13" w="2142" /><ent r="3" t="13" w="2349" /><ent r="4" t="16" w="1018" /><ent r="5" t="16" w="1409" /><ent r="3" t="23" w="2773" /><ent r="4" t="23" w="2843" /><ent r="3" t="25" w="330" /><ent r="3" t="25" w="680" /><ent r="3" t="25" w="888" /><ent r="3" t="25" w="901" /><ent r="3" t="25" w="919" /><ent r="82" t="46" w="727" /></phr></stem><stem n="factor"><phr n="factor"><ent r="3" t="13" w="2152" /><ent r="4" t="13" w="2165" /><ent r="4" t="13" w="2179" /><ent r="3" t="13" w="2264" /></phr></stem><stem n="1024"><phr n="1024"><ent r="3" t="13" w="2156" /><ent r="4" t="13" w="2181" /></phr></stem><stem n="mbp"><phr n="Mbps"><ent r="4" t="13" w="2169" /></phr></stem><stem n=".)."><phr n=".)."><ent r="4" t="13" w="2171" /><ent r="4" t="60" w="248" /></phr></stem><stem n="gbyte"><phr n="GBytes"><ent r="4" t="13" w="2184" /></phr><phr n="Gbytes"><ent r="3" t="13" w="2295" /></phr></stem><stem n="terabyt"><phr n="Terabytes"><ent r="4" t="13" w="2185" /></phr></stem><stem n="{scalable10[:fmt]:expr}"><phr n="{scalable10[:fmt]:expr}"><ent r="3" t="13" w="2211" /></phr></stem><stem n="{scalable2[:fmt]:expr}"><phr n="{scalable2[:fmt]:expr}"><ent r="3" t="13" w="2216" /></phr></stem><stem n="{scalable10:"><phr n="{scalable10:"><ent r="3" t="13" w="2221" /><ent r="3" t="14" w="694" /></phr></stem><stem n="12304"><phr n="12304"><ent r="3" t="13" w="2221" /><ent r="3" t="13" w="2231" /><ent r="3" t="13" w="2239" /><ent r="3" t="13" w="2249" /><ent r="3" t="13" w="2275" /></phr></stem><stem n="}byte"><phr n="}bytes"><ent r="3" t="13" w="2222" /><ent r="3" t="13" w="2232" /><ent r="3" t="13" w="2240" /><ent r="3" t="13" w="2250" /></phr></stem><stem n="=&gt;"><phr n="=&gt;"><ent r="3" t="13" w="2223" /><ent r="3" t="13" w="2233" /><ent r="3" t="13" w="2241" /><ent r="3" t="13" w="2251" /><ent r="3" t="21" w="39" /><ent r="3" t="21" w="59" /><ent r="3" t="21" w="70" /><ent r="3" t="21" w="79" /><ent r="3" t="21" w="991" /><ent r="3" t="21" w="1085" /><ent r="3" t="21" w="1417" /><ent r="3" t="21" w="1425" /><ent r="3" t="21" w="1434" /><ent r="3" t="21" w="1443" /><ent r="3" t="21" w="1451" /><ent r="3" t="21" w="1461" /><ent r="3" t="21" w="1474" /><ent r="3" t="21" w="1482" /><ent r="3" t="21" w="1490" /><ent r="3" t="21" w="1500" /><ent r="3" t="21" w="1509" /><ent r="3" t="21" w="1517" /><ent r="3" t="21" w="1525" /><ent r="3" t="21" w="1535" /><ent r="3" t="22" w="179" /><ent r="3" t="22" w="191" /><ent r="3" t="22" w="201" /></phr></stem><stem n="12"><phr n="12"><ent r="3" t="13" w="2224" /><ent r="3" t="13" w="2234" /><ent r="3" t="13" w="2242" /><ent r="3" t="13" w="2252" /><ent r="3" t="13" w="2277" /><ent r="3" t="13" w="2346" /><ent r="3" t="23" w="1156" /><ent r="3" t="23" w="1461" /><ent r="3" t="23" w="1465" /><ent r="3" t="23" w="1468" /><ent r="3" t="23" w="1472" /><ent r="3" t="23" w="1476" /><ent r="4" t="23" w="1722" /><ent r="4" t="23" w="1737" /><ent r="3" t="31" w="1012" /><ent r="3" t="34" w="899" /><ent r="3" t="36" w="3975" /><ent r="3" t="53" w="330" /></phr></stem><stem n=".30"><phr n=".30"><ent r="3" t="13" w="2225" /><ent r="3" t="13" w="2235" /><ent r="3" t="13" w="2278" /></phr></stem><stem n="12.30"><phr n="12.30"><ent r="3" t="13" w="2225" /><ent r="3" t="13" w="2224" /><ent r="3" t="13" w="2235" /><ent r="3" t="13" w="2234" /><ent r="3" t="13" w="2278" /><ent r="3" t="13" w="2277" /></phr></stem><stem n="3.2d"><phr n="3.2d"><ent r="3" t="13" w="2230" /><ent r="3" t="13" w="2229" /><ent r="3" t="13" w="2248" /><ent r="3" t="13" w="2247" /></phr></stem><stem n="2d"><phr n="2d"><ent r="3" t="13" w="2230" /><ent r="3" t="13" w="2248" /></phr></stem><stem n="{scalable10:&quot;%3.2d&quot;"><phr n="{scalable10:&quot;%3.2d&quot;"><ent r="3" t="13" w="2231" /></phr></stem><stem n="{scalable2:"><phr n="{scalable2:"><ent r="3" t="13" w="2239" /><ent r="3" t="13" w="2247" /></phr></stem><stem n=".02"><phr n=".02"><ent r="3" t="13" w="2243" /><ent r="3" t="13" w="2253" /></phr></stem><stem n="12.02"><phr n="12.02"><ent r="3" t="13" w="2243" /><ent r="3" t="13" w="2242" /><ent r="3" t="13" w="2253" /><ent r="3" t="13" w="2252" /></phr></stem><stem n="02"><phr n="02"><ent r="3" t="13" w="2243" /><ent r="3" t="13" w="2253" /><ent r="3" t="23" w="1592" /><ent r="3" t="23" w="1876" /><ent r="3" t="36" w="3885" /><ent r="3" t="36" w="4113" /></phr></stem><stem n="&quot;%3.2d&quot;"><phr n="&quot;%3.2d&quot;"><ent r="3" t="13" w="2249" /></phr></stem><stem n="char"><phr n="char"><ent r="3" t="13" w="2262" /></phr><phr n="chars"><ent r="6" t="69" w="1147" /></phr></stem><stem n="val"><phr n="val"><ent r="3" t="13" w="2268" /></phr></stem><stem n="----"><phr n="----"><ent r="3" t="13" w="2272" /><ent r="3" t="13" w="2275" /><ent r="3" t="15" w="625" /><ent r="3" t="15" w="628" /><ent r="3" t="16" w="908" /><ent r="3" t="16" w="911" /></phr></stem><stem n="------------"><phr n="------------"><ent r="3" t="13" w="2272" /><ent r="3" t="13" w="2283" /></phr></stem><stem n="---------"><phr n="---------"><ent r="3" t="13" w="2272" /><ent r="3" t="13" w="2280" /></phr></stem><stem n="-----------"><phr n="-----------"><ent r="3" t="13" w="2272" /><ent r="3" t="13" w="2282" /></phr></stem><stem n="-----"><phr n="-----"><ent r="3" t="13" w="2272" /><ent r="3" t="13" w="2276" /></phr></stem><stem n="--------------"><phr n="--------------"><ent r="3" t="13" w="2272" /><ent r="3" t="13" w="2285" /></phr></stem><stem n="k"><phr n="k"><ent r="3" t="13" w="2272" /><ent r="3" t="57" w="427" /><ent r="4" t="57" w="444" /></phr></stem><stem n="kilo"><phr n="kilo"><ent r="3" t="13" w="2274" /></phr></stem><stem n="1e6"><phr n="1e6"><ent r="3" t="13" w="2281" /></phr></stem><stem n="mega"><phr n="Mega"><ent r="3" t="13" w="2282" /></phr></stem><stem n="3421814"><phr n="3421814"><ent r="3" t="13" w="2283" /></phr></stem><stem n=".42"><phr n=".42"><ent r="3" t="13" w="2286" /></phr></stem><stem n="3.42"><phr n="3.42"><ent r="3" t="13" w="2286" /><ent r="3" t="13" w="2285" /></phr></stem><stem n="42"><phr n="42"><ent r="3" t="13" w="2286" /></phr></stem><stem n="mbyte"><phr n="Mbytes"><ent r="3" t="13" w="2287" /></phr></stem><stem n="1e9"><phr n="1e9"><ent r="3" t="13" w="2289" /></phr></stem><stem n="giga"><phr n="Giga"><ent r="3" t="13" w="2290" /></phr></stem><stem n="125032100300"><phr n="125032100300"><ent r="3" t="13" w="2291" /></phr></stem><stem n="125"><phr n="125"><ent r="3" t="13" w="2293" /></phr></stem><stem n=".03"><phr n=".03"><ent r="3" t="13" w="2294" /></phr></stem><stem n="125.03"><phr n="125.03"><ent r="3" t="13" w="2294" /><ent r="3" t="13" w="2293" /></phr></stem><stem n="03"><phr n="03"><ent r="3" t="13" w="2294" /><ent r="3" t="23" w="1593" /><ent r="3" t="28" w="907" /><ent r="3" t="36" w="3890" /><ent r="3" t="36" w="4163" /></phr></stem><stem n="1e12"><phr n="1e12"><ent r="3" t="13" w="2297" /></phr></stem><stem n="tera"><phr n="Tera"><ent r="3" t="13" w="2298" /></phr></stem><stem n=".23"><phr n=".23"><ent r="3" t="13" w="2300" /><ent r="3" t="13" w="2305" /></phr></stem><stem n="1.23"><phr n="1.23"><ent r="3" t="13" w="2300" /><ent r="3" t="13" w="2299" /><ent r="3" t="13" w="2305" /><ent r="3" t="13" w="2304" /></phr></stem><stem n="23"><phr n="23"><ent r="3" t="13" w="2300" /><ent r="3" t="13" w="2305" /><ent r="4" t="23" w="1716" /><ent r="3" t="28" w="908" /><ent r="3" t="31" w="468" /><ent r="3" t="36" w="4086" /><ent r="3" t="38" w="163" /></phr></stem><stem n="10^12"><phr n="10^12"><ent r="3" t="13" w="2302" /></phr></stem><stem n="tbyte"><phr n="Tbytes"><ent r="3" t="13" w="2306" /></phr></stem><stem n="none"><phr n="none"><ent r="3" t="13" w="2307" /><ent r="3" t="14" w="198" /><ent r="3" t="19" w="362" /><ent r="3" t="19" w="392" /><ent r="3" t="19" w="398" /><ent r="3" t="19" w="406" /><ent r="3" t="41" w="140" /><ent r="3" t="54" w="620" /><ent r="3" t="60" w="361" /><ent r="3" t="60" w="369" /><ent r="3" t="60" w="376" /><ent r="4" t="65" w="558" /><ent r="6" t="67" w="96" /></phr><phr n="None"><ent r="3" t="36" w="1195" /><ent r="3" t="36" w="1409" /><ent r="3" t="36" w="1621" /><ent r="3" t="36" w="2344" /><ent r="3" t="36" w="2638" /><ent r="3" t="36" w="2738" /><ent r="3" t="36" w="2820" /><ent r="3" t="36" w="2891" /><ent r="3" t="36" w="2975" /><ent r="3" t="36" w="2995" /><ent r="3" t="36" w="3076" /><ent r="3" t="36" w="3561" /><ent r="3" t="36" w="3602" /><ent r="3" t="36" w="3675" /><ent r="3" t="36" w="3846" /></phr></stem><stem n="noth"><phr n="nothing"><ent r="3" t="13" w="2309" /></phr><phr n="Nothing"><ent r="5" t="20" w="172" /><ent r="3" t="42" w="841" /><ent r="3" t="60" w="1244" /><ent r="3" t="60" w="1318" /></phr></stem><stem n=".00"><phr n=".00"><ent r="3" t="13" w="2313" /><ent r="3" t="13" w="2355" /></phr></stem><stem n="123.00"><phr n="123.00"><ent r="3" t="13" w="2313" /><ent r="3" t="13" w="2312" /></phr></stem><stem n="00"><phr n="00"><ent r="3" t="13" w="2313" /><ent r="3" t="13" w="2355" /><ent r="4" t="23" w="1715" /><ent r="4" t="23" w="1742" /><ent r="4" t="23" w="1753" /><ent r="4" t="23" w="1762" /><ent r="4" t="23" w="1788" /><ent r="4" t="23" w="1810" /><ent r="3" t="34" w="902" /><ent r="3" t="53" w="332" /><ent r="3" t="63" w="407" /><ent r="3" t="63" w="408" /><ent r="3" t="63" w="409" /><ent r="3" t="63" w="445" /><ent r="3" t="63" w="446" /><ent r="3" t="63" w="447" /><ent r="3" t="63" w="468" /><ent r="3" t="63" w="469" /><ent r="3" t="63" w="470" /><ent r="3" t="63" w="491" /><ent r="3" t="63" w="492" /><ent r="3" t="63" w="493" /></phr></stem><stem n="/"><phr n="/"><ent r="3" t="13" w="2316" /><ent r="3" t="13" w="2325" /><ent r="3" t="13" w="2335" /><ent r="3" t="13" w="2345" /><ent r="3" t="14" w="681" /><ent r="3" t="31" w="1649" /><ent r="3" t="31" w="1651" /><ent r="3" t="31" w="1659" /><ent r="3" t="31" w="1660" /><ent r="3" t="31" w="1666" /><ent r="3" t="31" w="1667" /><ent r="3" t="31" w="1673" /><ent r="3" t="31" w="1674" /><ent r="3" t="31" w="1680" /><ent r="3" t="31" w="1681" /><ent r="3" t="31" w="1687" /><ent r="3" t="31" w="1688" /><ent r="3" t="31" w="1694" /><ent r="3" t="31" w="1695" /><ent r="3" t="31" w="1701" /><ent r="3" t="31" w="1702" /><ent r="3" t="31" w="1708" /><ent r="3" t="31" w="1709" /><ent r="3" t="31" w="1715" /><ent r="3" t="31" w="1716" /><ent r="3" t="31" w="1722" /><ent r="3" t="31" w="1723" /><ent r="3" t="33" w="662" /><ent r="6" t="45" w="107" /><ent r="6" t="45" w="109" /></phr></stem></index>