<?xml version="1.0" encoding="utf-8"?><index><stem n="ucur"><phr n="UcuR"><ent r="5" t="9" w="695" /></phr></stem><stem n="low"><phr n="Low"><ent r="5" t="9" w="705" /></phr><phr n="low"><ent r="3" t="20" w="53" /></phr></stem><stem n="$tcpcurrestab"><phr n="$tcpCurrEstab"><ent r="5" t="9" w="732" /></phr></stem><stem n="numconn"><phr n="numconns"><ent r="5" t="9" w="735" /></phr></stem><stem n="rfc1628"><phr n="RFC1628"><ent r="5" t="9" w="744" /></phr></stem><stem n="(rfc1628)"><phr n="(RFC1628)"><ent r="5" t="9" w="745" /></phr></stem><stem n="tripplit"><phr n="TrippLite"><ent r="5" t="9" w="783" /></phr></stem><stem n="$envtempc"><phr n="$envTempC"><ent r="5" t="9" w="814" /></phr></stem><stem n="ambient"><phr n="Ambient"><ent r="5" t="9" w="819" /></phr></stem><stem n="$envhumid"><phr n="$envHumid"><ent r="5" t="9" w="823" /></phr></stem><stem n="humid"><phr n="humidity"><ent r="5" t="9" w="826" /></phr><phr n="Humidity"><ent r="5" t="9" w="828" /></phr></stem><stem n="victron"><phr n="Victron"><ent r="5" t="9" w="830" /></phr></stem><stem n="$batt"><phr n="$batt"><ent r="5" t="9" w="833" /></phr></stem><stem n=".rem"><phr n=".rem"><ent r="5" t="9" w="834" /></phr></stem><stem n="$batt.rem"><phr n="$batt.rem"><ent r="5" t="9" w="834" /><ent r="5" t="9" w="833" /></phr></stem><stem n="rem"><phr n="rem"><ent r="5" t="9" w="834" /></phr><phr n="Rem"><ent r="3" t="60" w="877" /></phr></stem><stem n="$input"><phr n="$input"><ent r="5" t="9" w="845" /></phr></stem><stem n=".volt1"><phr n=".volt1"><ent r="5" t="9" w="846" /></phr></stem><stem n="$input.volt1"><phr n="$input.volt1"><ent r="5" t="9" w="846" /><ent r="5" t="9" w="845" /></phr></stem><stem n="volt1"><phr n="volt1"><ent r="5" t="9" w="846" /></phr></stem><stem n=":statu"><phr n=":Status"><ent r="100" t="10" w="15" /></phr></stem><stem n="window'"><phr n="window's"><ent r="3" t="10" w="168" /><ent r="3" t="10" w="167" /><ent r="3" t="10" w="180" /><ent r="3" t="10" w="179" /><ent r="3" t="19" w="69" /><ent r="3" t="19" w="68" /><ent r="3" t="19" w="81" /><ent r="3" t="19" w="80" /></phr></stem><stem n="monospac"><phr n="Monospaced"><ent r="100" t="10" w="171" /><ent r="100" t="11" w="174" /><ent r="100" t="19" w="72" /></phr><phr n="Monospace"><ent r="100" t="11" w="176" /></phr><phr n="monospace"><ent r="7" t="11" w="390" /><ent r="8" t="11" w="395" /></phr></stem><stem n="font"><phr n="font"><ent r="3" t="10" w="175" /><ent r="3" t="10" w="186" /><ent r="5" t="11" w="182" /><ent r="5" t="11" w="187" /><ent r="5" t="11" w="196" /><ent r="5" t="11" w="203" /><ent r="5" t="11" w="210" /><ent r="5" t="11" w="218" /><ent r="5" t="11" w="229" /><ent r="3" t="19" w="76" /><ent r="3" t="19" w="87" /><ent r="6" t="69" w="2077" /></phr><phr n="Fonts"><ent r="4" t="57" w="31" /><ent r="6" t="57" w="271" /><ent r="6" t="60" w="182" /><ent r="3" t="60" w="652" /><ent r="3" t="60" w="1087" /></phr><phr n="fonts"><ent r="6" t="57" w="274" /><ent r="6" t="60" w="185" /><ent r="3" t="60" w="650" /><ent r="3" t="60" w="1085" /></phr></stem><stem n="-space"><phr n="-spaced"><ent r="3" t="10" w="184" /><ent r="3" t="10" w="184" /><ent r="5" t="11" w="185" /><ent r="5" t="11" w="185" /><ent r="5" t="11" w="201" /><ent r="5" t="11" w="201" /><ent r="3" t="19" w="85" /><ent r="3" t="19" w="85" /></phr></stem><stem n="mono"><phr n="mono"><ent r="3" t="10" w="184" /><ent r="5" t="11" w="185" /><ent r="3" t="19" w="85" /></phr></stem><stem n="mono-spac"><phr n="mono-spaced"><ent r="3" t="10" w="184" /><ent r="5" t="11" w="185" /><ent r="3" t="19" w="85" /></phr></stem><stem n="align"><phr n="alignment"><ent r="3" t="10" w="188" /><ent r="3" t="19" w="89" /><ent r="3" t="23" w="1383" /></phr><phr n="align"><ent r="3" t="23" w="1400" /></phr></stem><stem n="ipinhdrerror"><phr n="IpInHdrErrors"><ent r="100" t="10" w="245" /><ent r="100" t="15" w="714" /><ent r="100" t="16" w="879" /><ent r="100" t="19" w="146" /></phr><phr n="ipInHdrErrors"><ent r="3" t="10" w="273" /><ent r="3" t="10" w="276" /><ent r="3" t="15" w="643" /><ent r="3" t="16" w="925" /><ent r="3" t="17" w="157" /><ent r="3" t="17" w="160" /><ent r="3" t="17" w="178" /><ent r="3" t="17" w="181" /><ent r="3" t="17" w="196" /><ent r="3" t="19" w="174" /><ent r="3" t="19" w="177" /></phr></stem><stem n="ipforwdatagram"><phr n="IpForwDatagrams"><ent r="100" t="10" w="247" /><ent r="100" t="15" w="709" /><ent r="100" t="16" w="881" /><ent r="100" t="19" w="148" /></phr><phr n="ipForwDatagrams"><ent r="3" t="10" w="266" /><ent r="3" t="10" w="269" /><ent r="3" t="13" w="2076" /><ent r="3" t="13" w="2109" /><ent r="3" t="15" w="628" /><ent r="3" t="17" w="164" /><ent r="3" t="17" w="186" /><ent r="3" t="17" w="191" /><ent r="3" t="19" w="167" /><ent r="3" t="19" w="170" /></phr></stem><stem n="/minut"><phr n="/minute"><ent r="100" t="10" w="250" /><ent r="3" t="10" w="278" /><ent r="100" t="19" w="151" /><ent r="3" t="19" w="179" /></phr></stem><stem n="errors/minut"><phr n="Errors/minute"><ent r="100" t="10" w="250" /><ent r="100" t="10" w="249" /><ent r="100" t="19" w="151" /><ent r="100" t="19" w="150" /></phr><phr n="errors/minute"><ent r="3" t="10" w="278" /><ent r="3" t="10" w="277" /><ent r="3" t="19" w="179" /><ent r="3" t="19" w="178" /></phr></stem><stem n="datagrams/sec"><phr n="Datagrams/sec"><ent r="100" t="10" w="253" /><ent r="100" t="10" w="252" /><ent r="100" t="19" w="154" /><ent r="100" t="19" w="153" /></phr><phr n="datagrams/sec"><ent r="3" t="10" w="271" /><ent r="3" t="10" w="270" /><ent r="3" t="19" w="172" /><ent r="3" t="19" w="171" /></phr></stem><stem n="tcpcurrestab"><phr n="TcpCurrEstab"><ent r="100" t="10" w="255" /><ent r="100" t="15" w="726" /><ent r="100" t="16" w="883" /><ent r="100" t="19" w="156" /></phr><phr n="tcpCurrEstab"><ent r="3" t="10" w="280" /><ent r="3" t="10" w="283" /><ent r="3" t="15" w="660" /><ent r="3" t="17" w="173" /><ent r="3" t="19" w="181" /><ent r="3" t="19" w="184" /></phr></stem><stem n="b5"><phr n="B5"><ent r="3" t="10" w="260" /><ent r="3" t="13" w="2549" /><ent r="3" t="14" w="630" /><ent r="3" t="19" w="161" /><ent r="3" t="19" w="432" /><ent r="3" t="21" w="1545" /><ent r="3" t="26" w="417" /><ent r="3" t="31" w="1515" /><ent r="3" t="31" w="1589" /><ent r="3" t="31" w="1639" /><ent r="100" t="38" w="17" /><ent r="3" t="38" w="601" /><ent r="3" t="44" w="203" /><ent r="3" t="47" w="255" /></phr><phr n="b5"><ent r="3" t="14" w="1122" /><ent r="3" t="48" w="655" /></phr></stem><stem n="\b5\custom"><phr n="\B5\Custom"><ent r="3" t="10" w="261" /><ent r="3" t="19" w="162" /><ent r="3" t="38" w="602" /></phr></stem><stem n="0p"><phr n="0P"><ent r="3" t="10" w="264" /><ent r="3" t="13" w="2553" /><ent r="3" t="14" w="637" /><ent r="3" t="19" w="165" /><ent r="3" t="19" w="436" /><ent r="3" t="21" w="1549" /><ent r="3" t="21" w="1557" /><ent r="3" t="21" w="1565" /><ent r="3" t="21" w="1573" /><ent r="3" t="26" w="419" /><ent r="3" t="31" w="1520" /><ent r="3" t="31" w="1596" /><ent r="3" t="31" w="1645" /><ent r="100" t="38" w="21" /><ent r="3" t="38" w="605" /><ent r="3" t="44" w="207" /></phr><phr n="0p"><ent r="3" t="31" w="371" /></phr></stem><stem n="\0p\"><phr n="\0P\"><ent r="3" t="10" w="265" /><ent r="3" t="13" w="2554" /><ent r="3" t="19" w="166" /><ent r="3" t="19" w="437" /><ent r="3" t="21" w="1550" /><ent r="3" t="21" w="1566" /><ent r="3" t="21" w="1574" /><ent r="3" t="31" w="1521" /><ent r="3" t="31" w="1597" /><ent r="3" t="31" w="1646" /><ent r="3" t="38" w="606" /><ent r="3" t="44" w="208" /></phr></stem><stem n="\4\ipforwdatagrams:\0\"><phr n="\4\ipForwDatagrams:\0\"><ent r="3" t="10" w="268" /><ent r="3" t="19" w="169" /></phr></stem><stem n="{ipforwdatagrams}"><phr n="{ipForwDatagrams}"><ent r="3" t="10" w="270" /><ent r="3" t="17" w="165" /><ent r="3" t="17" w="187" /><ent r="3" t="17" w="192" /><ent r="3" t="19" w="171" /></phr></stem><stem n="\4\ipinhdrerrors:\0\"><phr n="\4\ipInHdrErrors:\0\"><ent r="3" t="10" w="275" /><ent r="3" t="19" w="176" /></phr></stem><stem n="{ipinhdrerrors}"><phr n="{ipInHdrErrors}"><ent r="3" t="10" w="277" /><ent r="3" t="17" w="158" /><ent r="3" t="17" w="179" /><ent r="3" t="17" w="197" /><ent r="3" t="19" w="178" /></phr></stem><stem n="\4\tcpcurrestab:\0\"><phr n="\4\tcpCurrEstab:\0\"><ent r="3" t="10" w="282" /><ent r="3" t="19" w="183" /></phr></stem><stem n="{tcpcurrestab}"><phr n="{tcpCurrEstab}"><ent r="3" t="10" w="284" /><ent r="3" t="17" w="174" /><ent r="3" t="19" w="185" /></phr></stem><stem n="/snmp-device-display&gt;"><phr n="/snmp-device-display&gt;"><ent r="3" t="10" w="286" /><ent r="3" t="14" w="707" /><ent r="3" t="18" w="1784" /><ent r="3" t="18" w="1853" /><ent r="3" t="19" w="187" /><ent r="3" t="19" w="570" /><ent r="3" t="21" w="1577" /><ent r="3" t="26" w="425" /><ent r="3" t="31" w="1725" /></phr></stem><stem n="snmp-device-display&gt;"><phr n="snmp-device-display&gt;"><ent r="3" t="10" w="286" /><ent r="3" t="14" w="707" /><ent r="3" t="18" w="1784" /><ent r="3" t="18" w="1853" /><ent r="3" t="19" w="187" /><ent r="3" t="19" w="570" /><ent r="3" t="21" w="1577" /><ent r="3" t="26" w="425" /><ent r="3" t="31" w="1725" /></phr></stem><stem n="-base"><phr n="-based"><ent r="100" t="10" w="290" /><ent r="100" t="10" w="290" /><ent r="3" t="10" w="321" /><ent r="3" t="10" w="321" /><ent r="3" t="33" w="111" /><ent r="3" t="33" w="111" /><ent r="5" t="37" w="362" /><ent r="5" t="37" w="362" /><ent r="5" t="37" w="365" /><ent r="5" t="37" w="365" /><ent r="3" t="58" w="9" /><ent r="3" t="58" w="9" /><ent r="3" t="58" w="15" /><ent r="3" t="58" w="15" /><ent r="82" t="58" w="274" /><ent r="82" t="58" w="274" /></phr><phr n="-base"><ent r="3" t="51" w="11" /><ent r="3" t="51" w="11" /></phr></stem><stem n="tcp-base"><phr n="TCP-based"><ent r="100" t="10" w="290" /><ent r="3" t="10" w="321" /><ent r="3" t="33" w="111" /><ent r="5" t="37" w="365" /></phr></stem><stem n="-line-bas"><phr n="-line-based"><ent r="3" t="10" w="378" /><ent r="3" t="10" w="379" /></phr></stem><stem n="command-line-bas"><phr n="command-line-based"><ent r="3" t="10" w="378" /></phr></stem><stem n="line-bas"><phr n="line-based"><ent r="3" t="10" w="379" /></phr></stem><stem n="style"><phr n="styles"><ent r="3" t="11" w="18" /></phr><phr n="Stylings"><ent r="100" t="11" w="258" /></phr><phr n="stylings"><ent r="5" t="11" w="269" /></phr><phr n="style"><ent r="3" t="25" w="633" /><ent r="7" t="69" w="2060" /><ent r="6" t="69" w="2071" /><ent r="7" t="69" w="2128" /><ent r="6" t="69" w="2137" /></phr></stem><stem n="consist"><phr n="consists"><ent r="3" t="11" w="40" /><ent r="3" t="13" w="437" /><ent r="3" t="18" w="547" /></phr></stem><stem n="backslash"><phr n="backslash"><ent r="3" t="11" w="46" /><ent r="4" t="11" w="512" /><ent r="3" t="34" w="511" /></phr><phr n="Backslash"><ent r="5" t="34" w="573" /></phr><phr n="backslashes"><ent r="4" t="68" w="229" /></phr></stem><stem n="(&quot;\&quot;)"><phr n="(&quot;\&quot;)"><ent r="3" t="11" w="47" /><ent r="4" t="68" w="230" /></phr></stem><stem n="\...\"><phr n="\...\"><ent r="4" t="11" w="59" /><ent r="4" t="11" w="106" /></phr></stem><stem n="histor"><phr n="Historical"><ent r="4" t="11" w="73" /></phr></stem><stem n="4.0"><phr n="4.0"><ent r="3" t="11" w="80" /><ent r="3" t="11" w="79" /></phr></stem><stem n="4.0,"><phr n="4.0,"><ent r="3" t="11" w="80" /><ent r="3" t="11" w="79" /></phr></stem><stem n=".0,"><phr n=".0,"><ent r="3" t="11" w="81" /><ent r="3" t="14" w="375" /><ent r="3" t="14" w="517" /><ent r="3" t="16" w="924" /></phr></stem><stem n="«"><phr n="«"><ent r="3" t="11" w="85" /></phr></stem><stem n="»"><phr n="»"><ent r="3" t="11" w="86" /></phr></stem><stem n="("><phr n="("><ent r="3" t="11" w="86" /><ent r="3" t="13" w="1941" /><ent r="4" t="16" w="239" /><ent r="3" t="21" w="987" /><ent r="3" t="21" w="1081" /><ent r="4" t="23" w="402" /><ent r="4" t="23" w="425" /><ent r="4" t="23" w="436" /><ent r="4" t="23" w="444" /><ent r="4" t="23" w="455" /><ent r="4" t="23" w="468" /><ent r="4" t="23" w="480" /><ent r="4" t="23" w="492" /><ent r="4" t="23" w="506" /><ent r="4" t="23" w="520" /><ent r="4" t="23" w="531" /><ent r="4" t="23" w="544" /><ent r="4" t="23" w="555" /><ent r="4" t="23" w="580" /><ent r="4" t="23" w="592" /><ent r="4" t="23" w="599" /><ent r="4" t="23" w="617" /><ent r="4" t="23" w="624" /><ent r="4" t="23" w="635" /><ent r="4" t="23" w="690" /><ent r="4" t="23" w="712" /><ent r="4" t="23" w="759" /><ent r="4" t="23" w="783" /><ent r="4" t="23" w="799" /><ent r="4" t="23" w="854" /><ent r="4" t="23" w="860" /><ent r="3" t="23" w="963" /><ent r="3" t="23" w="978" /><ent r="3" t="23" w="1000" /><ent r="3" t="23" w="1043" /><ent r="3" t="23" w="1059" /><ent r="3" t="23" w="1102" /><ent r="3" t="23" w="1149" /><ent r="3" t="23" w="1153" /><ent r="3" t="23" w="1162" /><ent r="3" t="23" w="1368" /><ent r="3" t="23" w="1374" /><ent r="3" t="23" w="1415" /><ent r="3" t="23" w="1422" /><ent r="3" t="23" w="1460" /><ent r="3" t="23" w="1467" /><ent r="3" t="23" w="1474" /><ent r="3" t="23" w="1481" /><ent r="3" t="23" w="1488" /><ent r="3" t="23" w="1536" /><ent r="3" t="23" w="1544" /><ent r="3" t="23" w="1553" /><ent r="3" t="23" w="1562" /><ent r="3" t="23" w="1584" /><ent r="3" t="23" w="1595" /><ent r="3" t="23" w="1613" /><ent r="3" t="23" w="1856" /><ent r="3" t="23" w="1867" /><ent r="3" t="23" w="1883" /><ent r="3" t="23" w="1932" /><ent r="3" t="23" w="1934" /><ent r="3" t="23" w="2153" /><ent r="3" t="23" w="2168" /><ent r="3" t="23" w="2319" /><ent r="3" t="23" w="2325" /><ent r="3" t="23" w="2332" /><ent r="3" t="23" w="2339" /><ent r="3" t="23" w="2349" /><ent r="3" t="23" w="2644" /><ent r="3" t="23" w="2649" /><ent r="3" t="23" w="2657" /><ent r="3" t="23" w="2665" /><ent r="3" t="23" w="2674" /><ent r="3" t="23" w="2681" /><ent r="3" t="23" w="2686" /><ent r="3" t="34" w="280" /><ent r="3" t="34" w="977" /><ent r="4" t="36" w="590" /><ent r="4" t="36" w="629" /><ent r="4" t="36" w="668" /><ent r="4" t="36" w="820" /><ent r="3" t="36" w="2526" /><ent r="3" t="36" w="2652" /><ent r="3" t="36" w="2750" /><ent r="3" t="36" w="3006" /><ent r="3" t="36" w="3087" /><ent r="3" t="46" w="26" /><ent r="4" t="46" w="809" /><ent r="3" t="55" w="222" /><ent r="3" t="55" w="253" /><ent r="6" t="69" w="470" /></phr></stem><stem n="le"><phr n="le"><ent r="4" t="11" w="87" /></phr></stem><stem n="&amp;le;"><phr n="&amp;le;"><ent r="4" t="11" w="88" /></phr></stem><stem n="ge"><phr n="ge"><ent r="4" t="11" w="91" /></phr></stem><stem n="&amp;ge;"><phr n="&amp;ge;"><ent r="4" t="11" w="92" /></phr></stem><stem n="still"><phr n="still"><ent r="3" t="11" w="94" /><ent r="3" t="14" w="340" /><ent r="3" t="36" w="4221" /><ent r="3" t="63" w="342" /></phr></stem><stem n="accept"><phr n="accepts"><ent r="3" t="11" w="95" /><ent r="3" t="63" w="380" /></phr><phr n="accepted"><ent r="4" t="13" w="1620" /></phr></stem><stem n="although"><phr n="although"><ent r="3" t="11" w="98" /><ent r="3" t="18" w="1317" /><ent r="3" t="20" w="422" /></phr><phr n="Although"><ent r="3" t="61" w="40" /></phr></stem><stem n="encourag"><phr n="encourage"><ent r="3" t="11" w="100" /></phr><phr n="encouraged"><ent r="3" t="51" w="32" /></phr></stem><stem n="everyon"><phr n="everyone"><ent r="3" t="11" w="101" /></phr></stem><stem n="'re"><phr n="'re"><ent r="3" t="11" w="113" /><ent r="4" t="48" w="200" /><ent r="3" t="63" w="234" /></phr></stem><stem n="they'r"><phr n="they're"><ent r="3" t="11" w="113" /><ent r="3" t="11" w="112" /><ent r="3" t="63" w="234" /><ent r="3" t="63" w="233" /></phr></stem><stem n="re"><phr n="re"><ent r="3" t="11" w="113" /><ent r="3" t="21" w="885" /><ent r="3" t="27" w="169" /><ent r="3" t="27" w="232" /><ent r="4" t="48" w="200" /><ent r="3" t="48" w="710" /><ent r="3" t="63" w="234" /></phr><phr n="Re"><ent r="3" t="14" w="333" /><ent r="4" t="49" w="249" /></phr></stem><stem n="easier"><phr n="easier"><ent r="3" t="11" w="114" /><ent r="3" t="28" w="849" /><ent r="3" t="48" w="14" /><ent r="4" t="48" w="287" /><ent r="3" t="60" w="80" /><ent r="3" t="63" w="237" /><ent r="3" t="76" w="55" /></phr></stem><stem n="pass"><phr n="pass"><ent r="3" t="11" w="119" /><ent r="3" t="13" w="1364" /><ent r="3" t="14" w="757" /><ent r="3" t="36" w="4544" /><ent r="3" t="39" w="291" /><ent r="3" t="39" w="1185" /><ent r="3" t="39" w="1248" /><ent r="4" t="40" w="75" /><ent r="4" t="40" w="218" /><ent r="4" t="40" w="379" /><ent r="3" t="40" w="480" /><ent r="3" t="40" w="507" /><ent r="3" t="54" w="607" /><ent r="3" t="54" w="619" /></phr><phr n="passed"><ent r="92" t="13" w="1341" /><ent r="3" t="14" w="919" /><ent r="3" t="14" w="936" /><ent r="3" t="14" w="981" /><ent r="3" t="14" w="1165" /><ent r="4" t="40" w="64" /><ent r="3" t="44" w="28" /><ent r="6" t="69" w="2021" /></phr><phr n="passing"><ent r="3" t="13" w="1353" /><ent r="3" t="14" w="824" /><ent r="3" t="39" w="1180" /><ent r="3" t="72" w="34" /></phr><phr n="passes"><ent r="3" t="27" w="90" /><ent r="3" t="39" w="596" /></phr><phr n="PASS"><ent r="100" t="36" w="3920" /><ent r="3" t="36" w="3924" /><ent r="3" t="36" w="4080" /></phr><phr n="Passing"><ent r="92" t="39" w="1096" /></phr><phr n="Pass"><ent r="3" t="39" w="1104" /></phr><phr n="Passes"><ent r="3" t="44" w="30" /></phr></stem><stem n="unchang"><phr n="unchanged"><ent r="3" t="11" w="120" /></phr></stem><stem n="counteract"><phr n="counteract"><ent r="4" t="11" w="150" /></phr></stem><stem n="previou"><phr n="previous"><ent r="4" t="11" w="152" /><ent r="3" t="14" w="257" /><ent r="3" t="14" w="343" /><ent r="3" t="14" w="367" /><ent r="4" t="16" w="853" /><ent r="4" t="18" w="1579" /><ent r="5" t="36" w="1843" /><ent r="3" t="36" w="2024" /><ent r="3" t="36" w="2512" /><ent r="4" t="36" w="3659" /><ent r="6" t="69" w="435" /><ent r="6" t="69" w="457" /><ent r="6" t="69" w="1657" /></phr></stem><stem n="summari"><phr n="Summary"><ent r="100" t="11" w="160" /><ent r="82" t="11" w="164" /><ent r="92" t="67" w="39" /></phr><phr n="summary"><ent r="3" t="15" w="114" /><ent r="3" t="54" w="1289" /></phr></stem><stem n="m"><phr n="M"><ent r="6" t="11" w="171" /><ent r="3" t="13" w="2280" /><ent r="4" t="23" w="1739" /><ent r="5" t="36" w="2358" /></phr><phr n="m"><ent r="3" t="13" w="2315" /><ent r="4" t="23" w="1733" /><ent r="3" t="23" w="1869" /><ent r="3" t="34" w="919" /><ent r="3" t="34" w="939" /><ent r="3" t="34" w="954" /></phr></stem><stem n="monaco"><phr n="Monaco"><ent r="100" t="11" w="178" /></phr></stem><stem n=".."><phr n=".."><ent r="5" t="11" w="188" /><ent r="3" t="27" w="167" /></phr></stem><stem n="geneva"><phr n="Geneva"><ent r="100" t="11" w="192" /><ent r="5" t="11" w="198" /></phr></stem><stem n="proport"><phr n="proportional"><ent r="5" t="11" w="201" /></phr></stem><stem n="proportional-spac"><phr n="proportional-spaced"><ent r="5" t="11" w="201" /></phr></stem><stem n="+"><phr n="+"><ent r="6" t="11" w="205" /><ent r="3" t="14" w="1293" /><ent r="3" t="18" w="296" /><ent r="3" t="18" w="298" /><ent r="3" t="18" w="1655" /><ent r="3" t="18" w="1714" /><ent r="4" t="23" w="95" /><ent r="4" t="23" w="269" /><ent r="4" t="23" w="367" /><ent r="3" t="23" w="2816" /><ent r="3" t="23" w="2817" /><ent r="3" t="23" w="2819" /><ent r="6" t="23" w="2924" /><ent r="3" t="25" w="638" /><ent r="3" t="33" w="516" /><ent r="3" t="33" w="1043" /><ent r="3" t="34" w="923" /><ent r="3" t="34" w="943" /><ent r="3" t="34" w="958" /><ent r="4" t="34" w="1060" /><ent r="3" t="36" w="1761" /><ent r="3" t="42" w="653" /><ent r="3" t="42" w="669" /><ent r="3" t="42" w="671" /><ent r="3" t="42" w="674" /><ent r="3" t="42" w="677" /><ent r="3" t="42" w="678" /><ent r="3" t="42" w="871" /><ent r="3" t="42" w="927" /><ent r="3" t="42" w="929" /><ent r="3" t="48" w="846" /><ent r="3" t="48" w="868" /><ent r="3" t="48" w="880" /><ent r="3" t="48" w="931" /><ent r="3" t="48" w="934" /><ent r="3" t="55" w="643" /><ent r="3" t="60" w="713" /><ent r="3" t="60" w="766" /><ent r="3" t="60" w="1184" /><ent r="3" t="60" w="1281" /></phr></stem><stem n="multipl"><phr n="Multiples"><ent r="5" t="11" w="214" /><ent r="5" t="11" w="233" /></phr><phr n="multiple"><ent r="4" t="15" w="963" /><ent r="3" t="20" w="19" /><ent r="3" t="20" w="80" /><ent r="4" t="20" w="607" /><ent r="4" t="21" w="104" /><ent r="6" t="23" w="2930" /><ent r="4" t="24" w="208" /><ent r="3" t="25" w="111" /><ent r="3" t="42" w="395" /><ent r="3" t="55" w="135" /></phr><phr n="Multiplication"><ent r="100" t="23" w="371" /><ent r="4" t="23" w="374" /></phr></stem><stem n="++"><phr n="++"><ent r="5" t="11" w="215" /></phr></stem><stem n="(&quot;++&quot;)"><phr n="(&quot;++&quot;)"><ent r="5" t="11" w="216" /></phr></stem><stem n="amount"><phr n="amount"><ent r="5" t="11" w="223" /><ent r="3" t="39" w="339" /><ent r="3" t="39" w="862" /></phr></stem><stem n="decreas"><phr n="Decrease"><ent r="5" t="11" w="227" /></phr></stem><stem n="bold"><phr n="bold"><ent r="5" t="11" w="244" /><ent r="7" t="69" w="2061" /><ent r="6" t="69" w="2073" /><ent r="7" t="69" w="2129" /><ent r="6" t="69" w="2138" /></phr><phr n="Bold"><ent r="100" t="11" w="362" /><ent r="7" t="11" w="369" /><ent r="7" t="11" w="371" /><ent r="8" t="11" w="378" /><ent r="9" t="11" w="380" /></phr></stem><stem n="ital"><phr n="italic"><ent r="5" t="11" w="253" /></phr><phr n="Italic"><ent r="7" t="11" w="372" /><ent r="7" t="11" w="374" /><ent r="9" t="11" w="381" /><ent r="8" t="11" w="383" /></phr></stem><stem n="p"><phr n="P"><ent r="6" t="11" w="255" /><ent r="100" t="11" w="364" /><ent r="3" t="14" w="248" /><ent r="3" t="19" w="373" /><ent r="3" t="26" w="145" /><ent r="3" t="31" w="157" /><ent r="100" t="38" w="10" /><ent r="3" t="38" w="171" /><ent r="3" t="45" w="267" /></phr><phr n="p"><ent r="7" t="11" w="375" /><ent r="7" t="11" w="391" /><ent r="3" t="13" w="2344" /><ent r="3" t="14" w="349" /><ent r="3" t="14" w="818" /><ent r="3" t="14" w="859" /><ent r="3" t="14" w="863" /><ent r="3" t="14" w="998" /><ent r="3" t="14" w="1009" /><ent r="3" t="14" w="1012" /><ent r="4" t="23" w="1745" /><ent r="3" t="23" w="2500" /><ent r="3" t="23" w="2508" /><ent r="3" t="26" w="165" /><ent r="3" t="26" w="203" /><ent r="3" t="26" w="235" /><ent r="3" t="26" w="267" /><ent r="3" t="31" w="236" /><ent r="3" t="31" w="309" /><ent r="3" t="31" w="333" /><ent r="3" t="31" w="392" /><ent r="3" t="31" w="409" /><ent r="3" t="31" w="547" /><ent r="3" t="31" w="562" /><ent r="100" t="38" w="26" /><ent r="100" t="38" w="33" /><ent r="3" t="38" w="227" /><ent r="3" t="38" w="281" /><ent r="3" t="38" w="322" /><ent r="3" t="38" w="358" /><ent r="3" t="38" w="377" /><ent r="3" t="38" w="396" /><ent r="3" t="42" w="483" /><ent r="3" t="42" w="744" /><ent r="3" t="45" w="335" /><ent r="3" t="47" w="64" /><ent r="3" t="47" w="108" /><ent r="3" t="48" w="549" /><ent r="3" t="54" w="141" /><ent r="5" t="54" w="275" /><ent r="3" t="60" w="281" /><ent r="3" t="60" w="317" /><ent r="3" t="60" w="495" /><ent r="3" t="60" w="510" /><ent r="3" t="60" w="818" /></phr></stem><stem n="plain"><phr n="plain"><ent r="5" t="11" w="264" /><ent r="4" t="36" w="2220" /><ent r="3" t="65" w="246" /></phr><phr n="Plain"><ent r="100" t="11" w="365" /><ent r="7" t="11" w="376" /><ent r="7" t="11" w="385" /></phr></stem><stem n="undo"><phr n="undoes"><ent r="5" t="11" w="266" /></phr></stem><stem n="u"><phr n="U"><ent r="6" t="11" w="271" /><ent r="4" t="23" w="1756" /><ent r="3" t="48" w="764" /></phr><phr n="u"><ent r="3" t="13" w="2324" /><ent r="4" t="23" w="1237" /><ent r="3" t="60" w="278" /><ent r="3" t="60" w="315" /><ent r="3" t="60" w="494" /><ent r="3" t="60" w="507" /></phr></stem><stem n="hyperlink"><phr n="Hyperlinks"><ent r="100" t="11" w="285" /><ent r="100" t="11" w="287" /></phr><phr n="hyperlinks"><ent r="5" t="11" w="294" /></phr><phr n="hyperlink"><ent r="3" t="18" w="1797" /><ent r="3" t="18" w="1801" /><ent r="6" t="69" w="526" /></phr></stem><stem n=":make"><phr n=":making"><ent r="100" t="11" w="288" /></phr></stem><stem n="off"><phr n="off"><ent r="5" t="11" w="299" /><ent r="4" t="23" w="2286" /><ent r="3" t="36" w="1392" /></phr><phr n="OFF"><ent r="100" t="36" w="24" /><ent r="100" t="36" w="393" /><ent r="65" t="36" w="398" /><ent r="83" t="36" w="2153" /><ent r="100" t="36" w="2237" /><ent r="6" t="36" w="2240" /></phr></stem><stem n="digit"><phr n="digit"><ent r="7" t="11" w="306" /><ent r="9" t="16" w="692" /><ent r="9" t="16" w="698" /><ent r="4" t="16" w="1113" /><ent r="4" t="16" w="1315" /><ent r="4" t="23" w="1807" /><ent r="3" t="33" w="1053" /><ent r="100" t="67" w="600" /><ent r="6" t="67" w="608" /><ent r="6" t="67" w="609" /></phr><phr n="digits"><ent r="3" t="13" w="440" /><ent r="4" t="13" w="1590" /><ent r="6" t="16" w="418" /><ent r="4" t="16" w="1317" /><ent r="4" t="23" w="428" /><ent r="3" t="33" w="1065" /><ent r="4" t="34" w="1001" /><ent r="3" t="43" w="56" /></phr><phr n="Digit"><ent r="100" t="67" w="599" /></phr></stem><stem n="color"><phr n="color"><ent r="5" t="11" w="311" /><ent r="3" t="11" w="446" /><ent r="3" t="20" w="156" /><ent r="3" t="20" w="333" /><ent r="3" t="20" w="355" /><ent r="3" t="20" w="436" /><ent r="3" t="20" w="503" /><ent r="4" t="21" w="383" /><ent r="4" t="21" w="678" /><ent r="4" t="21" w="707" /><ent r="7" t="69" w="2058" /><ent r="6" t="69" w="2065" /><ent r="7" t="69" w="2126" /><ent r="6" t="69" w="2135" /></phr><phr n="Color"><ent r="5" t="20" w="164" /></phr><phr n="colored"><ent r="3" t="20" w="296" /><ent r="3" t="20" w="379" /><ent r="4" t="21" w="337" /></phr><phr n="colors"><ent r="3" t="20" w="312" /><ent r="3" t="20" w="415" /></phr><phr n="coloring"><ent r="3" t="20" w="322" /></phr></stem><stem n="black"><phr n="Black"><ent r="8" t="11" w="319" /></phr></stem><stem n="light"><phr n="Light"><ent r="8" t="11" w="323" /></phr></stem><stem n="red"><phr n="Red"><ent r="8" t="11" w="327" /><ent r="5" t="20" w="204" /></phr><phr n="red"><ent r="7" t="11" w="389" /><ent r="8" t="11" w="394" /><ent r="5" t="20" w="216" /><ent r="3" t="20" w="332" /><ent r="3" t="20" w="382" /><ent r="3" t="20" w="471" /><ent r="3" t="34" w="866" /><ent r="6" t="46" w="473" /><ent r="7" t="69" w="2059" /><ent r="6" t="69" w="2067" /><ent r="7" t="69" w="2127" /><ent r="6" t="69" w="2136" /></phr></stem><stem n="green"><phr n="Green"><ent r="8" t="11" w="331" /><ent r="5" t="20" w="170" /></phr><phr n="green"><ent r="3" t="20" w="451" /></phr></stem><stem n="orang"><phr n="Orange"><ent r="8" t="11" w="338" /><ent r="5" t="20" w="192" /></phr><phr n="orange"><ent r="3" t="20" w="342" /><ent r="3" t="20" w="469" /></phr></stem><stem n="grai"><phr n="Gray"><ent r="8" t="11" w="341" /></phr></stem><stem n="yellow"><phr n="Yellow"><ent r="8" t="11" w="345" /><ent r="5" t="20" w="179" /></phr><phr n="yellow"><ent r="3" t="20" w="468" /><ent r="6" t="46" w="469" /></phr></stem><stem n="render"><phr n="rendered"><ent r="3" t="11" w="354" /></phr></stem><stem n="m1++"><phr n="M1++"><ent r="100" t="11" w="358" /><ent r="7" t="11" w="387" /></phr></stem><stem n="/big"><phr n="/Big"><ent r="100" t="11" w="359" /></phr></stem><stem n="m1++/big"><phr n="M1++/Big"><ent r="100" t="11" w="359" /><ent r="100" t="11" w="358" /></phr></stem><stem n="/bold"><phr n="/Bold"><ent r="100" t="11" w="362" /></phr></stem></index>