<?xml version="1.0" encoding="utf-8"?><index><stem n="resourc"><phr n="resources"><ent r="3" t="0" w="215" /></phr><phr n="Resources"><ent r="5" t="9" w="679" /></phr></stem><stem n="pleas"><phr n="Please"><ent r="3" t="0" w="217" /><ent r="3" t="14" w="71" /><ent r="3" t="19" w="304" /><ent r="3" t="25" w="1015" /><ent r="3" t="26" w="27" /><ent r="3" t="38" w="107" /><ent r="3" t="45" w="238" /><ent r="3" t="48" w="497" /><ent r="3" t="61" w="124" /><ent r="3" t="74" w="19" /></phr><phr n="please"><ent r="3" t="3" w="566" /><ent r="3" t="51" w="62" /></phr></stem><stem n="give"><phr n="give"><ent r="3" t="0" w="218" /><ent r="3" t="20" w="33" /><ent r="3" t="27" w="48" /><ent r="3" t="36" w="1606" /><ent r="3" t="45" w="40" /><ent r="6" t="67" w="176" /><ent r="6" t="67" w="234" /></phr><phr n="gives"><ent r="3" t="16" w="1534" /><ent r="3" t="18" w="281" /><ent r="3" t="33" w="437" /><ent r="4" t="48" w="183" /><ent r="4" t="56" w="68" /><ent r="4" t="56" w="82" /></phr><phr n="giving"><ent r="3" t="36" w="1286" /></phr></stem><stem n="comment"><phr n="comments"><ent r="3" t="0" w="220" /><ent r="3" t="4" w="704" /><ent r="3" t="4" w="712" /><ent r="3" t="12" w="25" /><ent r="3" t="12" w="38" /><ent r="4" t="34" w="372" /><ent r="3" t="34" w="448" /><ent r="3" t="34" w="1629" /><ent r="3" t="34" w="1731" /><ent r="3" t="34" w="1737" /></phr><phr n="Comments"><ent r="64" t="4" w="695" /><ent r="1000" t="12" w="2" /><ent r="100" t="12" w="5" /><ent r="102" t="12" w="8" /><ent r="3" t="12" w="12" /><ent r="92" t="12" w="109" /><ent r="100" t="34" w="227" /><ent r="100" t="34" w="229" /><ent r="100" t="34" w="231" /><ent r="65" t="34" w="235" /><ent r="92" t="34" w="1618" /></phr><phr n="comment"><ent r="3" t="4" w="706" /><ent r="3" t="12" w="54" /><ent r="3" t="12" w="73" /><ent r="3" t="12" w="91" /><ent r="3" t="12" w="116" /><ent r="3" t="12" w="138" /><ent r="4" t="20" w="640" /><ent r="4" t="34" w="1647" /><ent r="4" t="34" w="1653" /><ent r="3" t="34" w="1727" /><ent r="3" t="34" w="1744" /><ent r="4" t="34" w="1756" /><ent r="4" t="34" w="1775" /><ent r="3" t="34" w="1786" /><ent r="3" t="36" w="4312" /></phr><phr n="Comment"><ent r="82" t="34" w="1719" /></phr></stem><stem n="address"><phr n="address"><ent r="3" t="0" w="223" /><ent r="6" t="5" w="480" /><ent r="6" t="5" w="491" /><ent r="6" t="5" w="638" /><ent r="6" t="5" w="646" /><ent r="3" t="5" w="772" /><ent r="5" t="13" w="135" /><ent r="5" t="13" w="139" /><ent r="5" t="13" w="169" /><ent r="5" t="13" w="327" /><ent r="5" t="13" w="653" /><ent r="5" t="13" w="663" /><ent r="5" t="13" w="885" /><ent r="5" t="13" w="895" /><ent r="5" t="13" w="1002" /><ent r="5" t="13" w="1031" /><ent r="5" t="13" w="1303" /><ent r="3" t="14" w="174" /><ent r="3" t="14" w="799" /><ent r="3" t="14" w="1002" /><ent r="6" t="16" w="616" /><ent r="6" t="16" w="626" /><ent r="4" t="18" w="1399" /><ent r="3" t="19" w="343" /><ent r="3" t="21" w="1297" /><ent r="3" t="26" w="111" /><ent r="3" t="27" w="88" /><ent r="3" t="27" w="107" /><ent r="3" t="27" w="117" /><ent r="4" t="28" w="336" /><ent r="4" t="28" w="352" /><ent r="4" t="30" w="312" /><ent r="3" t="31" w="138" /><ent r="3" t="31" w="403" /><ent r="3" t="31" w="558" /><ent r="3" t="32" w="322" /><ent r="3" t="38" w="154" /><ent r="3" t="40" w="407" /><ent r="3" t="42" w="467" /><ent r="3" t="42" w="496" /><ent r="3" t="42" w="726" /><ent r="3" t="42" w="747" /><ent r="3" t="42" w="781" /><ent r="3" t="44" w="27" /><ent r="3" t="44" w="33" /><ent r="3" t="44" w="121" /><ent r="3" t="45" w="317" /><ent r="3" t="45" w="450" /><ent r="3" t="45" w="468" /><ent r="3" t="45" w="485" /><ent r="3" t="46" w="119" /><ent r="4" t="46" w="353" /><ent r="3" t="47" w="47" /><ent r="3" t="47" w="134" /><ent r="3" t="48" w="530" /><ent r="4" t="49" w="158" /><ent r="100" t="54" w="120" /><ent r="100" t="54" w="127" /><ent r="3" t="54" w="148" /><ent r="5" t="54" w="323" /><ent r="4" t="54" w="328" /><ent r="3" t="54" w="487" /><ent r="3" t="54" w="531" /><ent r="3" t="54" w="591" /><ent r="3" t="55" w="226" /><ent r="3" t="55" w="297" /><ent r="3" t="55" w="300" /><ent r="3" t="57" w="150" /><ent r="3" t="57" w="184" /><ent r="3" t="58" w="251" /><ent r="3" t="59" w="177" /><ent r="3" t="59" w="195" /><ent r="4" t="65" w="168" /><ent r="6" t="69" w="704" /><ent r="6" t="69" w="728" /><ent r="6" t="69" w="741" /><ent r="6" t="69" w="747" /><ent r="6" t="69" w="761" /><ent r="6" t="69" w="774" /><ent r="6" t="69" w="888" /></phr><phr n="Address"><ent r="100" t="5" w="477" /><ent r="3" t="18" w="316" /><ent r="3" t="18" w="672" /><ent r="3" t="18" w="1116" /><ent r="3" t="18" w="1353" /><ent r="3" t="18" w="1359" /><ent r="72" t="23" w="1570" /><ent r="3" t="27" w="80" /><ent r="3" t="28" w="680" /><ent r="3" t="28" w="686" /><ent r="5" t="30" w="304" /><ent r="3" t="31" w="1306" /><ent r="3" t="31" w="1311" /><ent r="100" t="38" w="151" /><ent r="3" t="54" w="363" /><ent r="3" t="58" w="270" /></phr><phr n="addresses"><ent r="3" t="18" w="1333" /><ent r="3" t="18" w="1336" /></phr><phr n="ADDRESS"><ent r="5" t="40" w="360" /><ent r="3" t="40" w="400" /><ent r="3" t="42" w="517" /><ent r="3" t="44" w="177" /><ent r="3" t="45" w="383" /><ent r="3" t="46" w="103" /><ent r="4" t="46" w="337" /><ent r="100" t="46" w="363" /><ent r="3" t="47" w="126" /><ent r="3" t="47" w="193" /></phr></stem><stem n="list"><phr n="listed"><ent r="3" t="0" w="224" /><ent r="3" t="3" w="279" /><ent r="3" t="8" w="316" /><ent r="3" t="13" w="42" /><ent r="3" t="13" w="495" /><ent r="4" t="21" w="251" /><ent r="3" t="21" w="978" /><ent r="3" t="21" w="1072" /><ent r="3" t="44" w="142" /><ent r="3" t="58" w="171" /><ent r="6" t="69" w="416" /></phr><phr n="list"><ent r="6" t="5" w="486" /><ent r="100" t="5" w="501" /><ent r="4" t="8" w="143" /><ent r="3" t="13" w="18" /><ent r="5" t="13" w="673" /><ent r="4" t="20" w="556" /><ent r="3" t="21" w="41" /><ent r="5" t="21" w="237" /><ent r="4" t="21" w="244" /><ent r="3" t="21" w="276" /><ent r="3" t="21" w="577" /><ent r="4" t="21" w="796" /><ent r="3" t="21" w="936" /><ent r="3" t="22" w="49" /><ent r="4" t="22" w="268" /><ent r="3" t="25" w="839" /><ent r="3" t="25" w="870" /><ent r="4" t="28" w="107" /><ent r="4" t="28" w="112" /><ent r="4" t="28" w="138" /><ent r="4" t="28" w="406" /><ent r="3" t="28" w="1027" /><ent r="3" t="28" w="1077" /><ent r="3" t="36" w="82" /><ent r="4" t="39" w="728" /><ent r="4" t="46" w="580" /><ent r="64" t="52" w="42" /><ent r="3" t="57" w="126" /><ent r="3" t="58" w="166" /><ent r="3" t="58" w="190" /><ent r="3" t="58" w="226" /><ent r="3" t="58" w="255" /><ent r="3" t="59" w="170" /><ent r="3" t="60" w="551" /><ent r="3" t="60" w="578" /><ent r="3" t="60" w="1003" /><ent r="3" t="63" w="302" /><ent r="3" t="63" w="321" /><ent r="6" t="69" w="250" /><ent r="6" t="69" w="350" /><ent r="6" t="69" w="410" /><ent r="6" t="69" w="433" /><ent r="6" t="69" w="452" /><ent r="6" t="69" w="469" /><ent r="6" t="69" w="486" /><ent r="6" t="69" w="544" /><ent r="6" t="69" w="559" /><ent r="6" t="69" w="614" /><ent r="6" t="69" w="951" /><ent r="6" t="69" w="994" /><ent r="6" t="69" w="1009" /><ent r="6" t="69" w="1024" /><ent r="6" t="69" w="1690" /><ent r="5" t="69" w="1736" /><ent r="3" t="70" w="194" /></phr><phr n="lists"><ent r="3" t="8" w="333" /><ent r="3" t="53" w="262" /><ent r="3" t="65" w="665" /><ent r="7" t="69" w="337" /><ent r="6" t="69" w="621" /></phr><phr n="List"><ent r="64" t="20" w="766" /><ent r="3" t="21" w="61" /><ent r="3" t="21" w="993" /><ent r="3" t="21" w="1032" /><ent r="3" t="21" w="1087" /><ent r="3" t="21" w="1094" /><ent r="1000" t="22" w="4" /><ent r="102" t="22" w="9" /><ent r="3" t="22" w="181" /><ent r="3" t="28" w="184" /><ent r="82" t="28" w="414" /><ent r="3" t="28" w="423" /><ent r="4" t="28" w="448" /><ent r="4" t="28" w="464" /><ent r="4" t="28" w="480" /><ent r="3" t="28" w="518" /><ent r="3" t="28" w="602" /><ent r="3" t="28" w="708" /><ent r="3" t="28" w="832" /><ent r="3" t="28" w="866" /><ent r="3" t="28" w="888" /><ent r="5" t="30" w="234" /><ent r="4" t="30" w="241" /><ent r="3" t="31" w="265" /><ent r="3" t="31" w="1326" /><ent r="3" t="31" w="1591" /><ent r="3" t="31" w="1641" /><ent r="100" t="36" w="42" /><ent r="100" t="36" w="920" /><ent r="3" t="36" w="1596" /></phr><phr n="listing"><ent r="4" t="40" w="205" /><ent r="3" t="57" w="196" /><ent r="3" t="57" w="236" /></phr></stem><stem n="below"><phr n="below"><ent r="3" t="0" w="225" /><ent r="3" t="3" w="280" /><ent r="3" t="4" w="36" /><ent r="3" t="4" w="778" /><ent r="6" t="5" w="337" /><ent r="6" t="5" w="389" /><ent r="3" t="7" w="37" /><ent r="3" t="7" w="581" /><ent r="4" t="8" w="148" /><ent r="3" t="10" w="111" /><ent r="5" t="11" w="291" /><ent r="5" t="13" w="397" /><ent r="3" t="13" w="496" /><ent r="3" t="13" w="618" /><ent r="3" t="13" w="2547" /><ent r="3" t="14" w="38" /><ent r="3" t="14" w="718" /><ent r="3" t="14" w="853" /><ent r="4" t="15" w="204" /><ent r="65" t="16" w="242" /><ent r="6" t="16" w="304" /><ent r="6" t="16" w="548" /><ent r="6" t="16" w="649" /><ent r="4" t="16" w="768" /><ent r="3" t="16" w="1435" /><ent r="3" t="18" w="87" /><ent r="3" t="18" w="1556" /><ent r="3" t="19" w="286" /><ent r="3" t="21" w="1202" /><ent r="3" t="22" w="94" /><ent r="4" t="23" w="277" /><ent r="4" t="23" w="867" /><ent r="3" t="23" w="928" /><ent r="3" t="23" w="2737" /><ent r="3" t="27" w="215" /><ent r="3" t="30" w="156" /><ent r="3" t="31" w="422" /><ent r="3" t="31" w="575" /><ent r="3" t="33" w="865" /><ent r="3" t="34" w="55" /><ent r="3" t="34" w="643" /><ent r="4" t="34" w="861" /><ent r="4" t="39" w="1004" /><ent r="3" t="39" w="1192" /><ent r="4" t="40" w="151" /><ent r="4" t="40" w="238" /><ent r="4" t="40" w="258" /><ent r="4" t="40" w="390" /><ent r="3" t="41" w="106" /><ent r="4" t="45" w="148" /><ent r="4" t="45" w="179" /><ent r="3" t="46" w="693" /><ent r="3" t="47" w="110" /><ent r="4" t="48" w="315" /><ent r="3" t="48" w="454" /><ent r="3" t="54" w="90" /><ent r="4" t="54" w="821" /><ent r="3" t="57" w="139" /><ent r="3" t="63" w="180" /><ent r="3" t="67" w="58" /><ent r="3" t="69" w="209" /><ent r="6" t="69" w="1441" /><ent r="3" t="70" w="52" /></phr><phr n="Below"><ent r="3" t="21" w="1126" /><ent r="3" t="28" w="882" /><ent r="3" t="71" w="80" /></phr></stem><stem n="thank"><phr n="Thanks"><ent r="3" t="0" w="226" /></phr></stem><stem n="!"><phr n="!"><ent r="3" t="0" w="227" /><ent r="6" t="11" w="296" /></phr></stem><stem n="dartwar"><phr n="Dartware"><ent r="64" t="0" w="228" /><ent r="3" t="1" w="26" /><ent r="3" t="1" w="37" /><ent r="3" t="1" w="114" /><ent r="3" t="1" w="319" /><ent r="3" t="1" w="331" /><ent r="3" t="1" w="359" /><ent r="3" t="1" w="385" /><ent r="3" t="1" w="403" /><ent r="3" t="1" w="573" /><ent r="3" t="1" w="695" /><ent r="3" t="1" w="714" /><ent r="3" t="1" w="725" /><ent r="3" t="2" w="12" /><ent r="3" t="5" w="73" /><ent r="6" t="5" w="273" /><ent r="3" t="5" w="1378" /><ent r="3" t="9" w="18" /><ent r="3" t="14" w="744" /><ent r="3" t="23" w="1149" /><ent r="3" t="23" w="1153" /><ent r="3" t="23" w="1369" /><ent r="3" t="23" w="1372" /><ent r="3" t="23" w="1375" /><ent r="3" t="23" w="1379" /><ent r="3" t="23" w="1416" /><ent r="3" t="23" w="1420" /><ent r="3" t="23" w="1424" /><ent r="3" t="23" w="1596" /><ent r="3" t="27" w="316" /><ent r="3" t="31" w="40" /><ent r="3" t="31" w="387" /><ent r="3" t="31" w="1162" /><ent r="1000" t="32" w="2" /><ent r="100" t="32" w="5" /><ent r="102" t="32" w="9" /><ent r="3" t="32" w="20" /><ent r="3" t="32" w="39" /><ent r="3" t="32" w="61" /><ent r="3" t="32" w="92" /><ent r="3" t="32" w="96" /><ent r="100" t="38" w="38" /><ent r="100" t="38" w="42" /><ent r="100" t="38" w="56" /><ent r="3" t="38" w="73" /><ent r="3" t="38" w="105" /><ent r="3" t="42" w="442" /><ent r="3" t="42" w="701" /><ent r="3" t="44" w="94" /><ent r="3" t="45" w="259" /><ent r="3" t="45" w="269" /><ent r="3" t="47" w="23" /><ent r="3" t="48" w="495" /><ent r="3" t="51" w="111" /><ent r="3" t="60" w="81" /><ent r="3" t="77" w="192" /></phr><phr n="dartware"><ent r="100" t="5" w="283" /><ent r="6" t="5" w="287" /><ent r="100" t="5" w="314" /><ent r="6" t="5" w="343" /><ent r="3" t="5" w="749" /><ent r="100" t="5" w="1260" /><ent r="4" t="5" w="1305" /><ent r="100" t="5" w="1352" /><ent r="5" t="5" w="1357" /><ent r="3" t="5" w="1417" /><ent r="3" t="14" w="58" /><ent r="3" t="14" w="157" /><ent r="3" t="14" w="736" /><ent r="3" t="14" w="785" /><ent r="3" t="19" w="293" /><ent r="3" t="19" w="329" /><ent r="3" t="21" w="1283" /><ent r="3" t="26" w="15" /><ent r="3" t="26" w="97" /><ent r="3" t="31" w="26" /><ent r="3" t="31" w="126" /><ent r="3" t="32" w="85" /><ent r="3" t="32" w="117" /><ent r="3" t="32" w="165" /><ent r="3" t="32" w="372" /><ent r="100" t="38" w="85" /><ent r="100" t="38" w="91" /><ent r="3" t="38" w="98" /><ent r="3" t="38" w="130" /><ent r="4" t="42" w="213" /><ent r="4" t="42" w="284" /><ent r="3" t="42" w="434" /><ent r="3" t="42" w="454" /><ent r="3" t="42" w="713" /><ent r="3" t="44" w="88" /><ent r="3" t="44" w="106" /><ent r="3" t="45" w="226" /><ent r="3" t="45" w="305" /><ent r="3" t="47" w="17" /><ent r="3" t="47" w="35" /><ent r="3" t="48" w="488" /><ent r="3" t="48" w="517" /><ent r="64" t="51" w="82" /><ent r="65" t="51" w="129" /><ent r="3" t="53" w="134" /><ent r="3" t="60" w="311" /><ent r="3" t="60" w="390" /><ent r="64" t="61" w="116" /><ent r="64" t="62" w="44" /><ent r="64" t="74" w="31" /><ent r="100" t="77" w="74" /><ent r="4" t="77" w="119" /><ent r="100" t="77" w="166" /><ent r="5" t="77" w="171" /><ent r="3" t="77" w="231" /></phr><phr n="DARTWARE"><ent r="3" t="32" w="47" /><ent r="3" t="32" w="66" /></phr></stem><stem n="llc"><phr n="LLC"><ent r="64" t="0" w="229" /><ent r="3" t="1" w="27" /><ent r="3" t="1" w="115" /><ent r="3" t="1" w="320" /><ent r="3" t="1" w="332" /><ent r="3" t="1" w="360" /><ent r="3" t="1" w="386" /><ent r="3" t="1" w="404" /><ent r="3" t="1" w="574" /><ent r="3" t="1" w="696" /><ent r="3" t="1" w="715" /><ent r="3" t="1" w="726" /><ent r="3" t="2" w="13" /><ent r="6" t="5" w="274" /><ent r="3" t="14" w="745" /><ent r="3" t="31" w="41" /><ent r="3" t="32" w="21" /><ent r="3" t="32" w="62" /><ent r="3" t="32" w="93" /><ent r="3" t="32" w="97" /><ent r="3" t="38" w="106" /><ent r="3" t="42" w="443" /><ent r="3" t="42" w="702" /><ent r="3" t="44" w="95" /><ent r="3" t="45" w="260" /><ent r="3" t="45" w="270" /><ent r="3" t="47" w="24" /><ent r="3" t="48" w="496" /></phr></stem><stem n="feedback"><phr n="Feedback"><ent r="64" t="0" w="232" /></phr></stem><stem n="softwar"><phr n="Software"><ent r="1000" t="1" w="1" /><ent r="100" t="1" w="8" /><ent r="102" t="1" w="12" /><ent r="3" t="1" w="44" /><ent r="3" t="1" w="55" /><ent r="3" t="1" w="110" /><ent r="3" t="1" w="138" /><ent r="3" t="1" w="166" /><ent r="3" t="1" w="188" /><ent r="3" t="1" w="215" /><ent r="3" t="1" w="226" /><ent r="3" t="1" w="240" /><ent r="3" t="1" w="252" /><ent r="3" t="1" w="264" /><ent r="3" t="1" w="437" /><ent r="3" t="1" w="460" /><ent r="3" t="1" w="470" /><ent r="3" t="1" w="476" /><ent r="3" t="1" w="487" /><ent r="3" t="1" w="510" /><ent r="3" t="1" w="532" /><ent r="3" t="2" w="14" /></phr><phr n="SOFTWARE"><ent r="3" t="1" w="59" /><ent r="3" t="1" w="66" /><ent r="3" t="1" w="96" /></phr><phr n="software"><ent r="3" t="1" w="179" /><ent r="3" t="1" w="283" /><ent r="3" t="1" w="295" /><ent r="3" t="1" w="340" /></phr></stem><stem n="licens"><phr n="License"><ent r="1000" t="1" w="2" /><ent r="102" t="1" w="13" /><ent r="92" t="1" w="152" /></phr><phr n="licensed"><ent r="3" t="1" w="130" /></phr><phr n="license"><ent r="3" t="1" w="155" /><ent r="3" t="1" w="329" /></phr><phr n="Licenses"><ent r="1000" t="2" w="3" /><ent r="102" t="2" w="7" /><ent r="64" t="2" w="40" /></phr></stem><stem n="agreement"><phr n="Agreement"><ent r="1000" t="1" w="3" /><ent r="100" t="1" w="10" /><ent r="102" t="1" w="14" /><ent r="3" t="1" w="586" /><ent r="3" t="1" w="613" /><ent r="3" t="1" w="624" /><ent r="3" t="1" w="647" /></phr><phr n="agreement"><ent r="3" t="1" w="22" /><ent r="3" t="1" w="51" /><ent r="3" t="1" w="234" /><ent r="3" t="1" w="665" /><ent r="3" t="1" w="691" /><ent r="3" t="1" w="723" /></phr><phr n="AGREEMENT"><ent r="3" t="1" w="80" /><ent r="3" t="1" w="91" /></phr><phr n="agreements"><ent r="3" t="1" w="703" /></phr></stem><stem n="copi"><phr n="Copy"><ent r="100" t="1" w="7" /><ent r="100" t="1" w="105" /><ent r="3" t="31" w="708" /></phr><phr n="COPIES"><ent r="3" t="1" w="100" /></phr><phr n="copy"><ent r="3" t="1" w="163" /><ent r="3" t="1" w="176" /><ent r="3" t="3" w="336" /><ent r="3" t="27" w="92" /><ent r="3" t="27" w="137" /><ent r="3" t="31" w="1173" /><ent r="4" t="34" w="848" /><ent r="3" t="48" w="451" /><ent r="3" t="60" w="51" /><ent r="7" t="67" w="409" /><ent r="7" t="67" w="452" /><ent r="7" t="67" w="486" /><ent r="7" t="67" w="511" /><ent r="6" t="69" w="787" /><ent r="3" t="74" w="20" /></phr><phr n="copies"><ent r="3" t="1" w="249" /></phr><phr n="copied"><ent r="4" t="49" w="114" /></phr><phr n="copying"><ent r="3" t="74" w="8" /></phr></stem><stem n=":softwar"><phr n=":Software"><ent r="100" t="1" w="8" /></phr></stem><stem n="intermapper®"><phr n="InterMapper®"><ent r="100" t="1" w="16" /><ent r="3" t="1" w="32" /></phr></stem><stem n="legal"><phr n="legal"><ent r="3" t="1" w="21" /><ent r="3" t="17" w="349" /></phr></stem><stem n="cover"><phr n="covering"><ent r="3" t="1" w="28" /></phr><phr n="covers"><ent r="3" t="48" w="119" /></phr></stem><stem n="remoteaccess™"><phr n="RemoteAccess™"><ent r="3" t="1" w="34" /></phr></stem><stem n="product"><phr n="products"><ent r="3" t="1" w="38" /><ent r="3" t="32" w="53" /></phr><phr n="product"><ent r="3" t="1" w="301" /></phr></stem><stem n="associ"><phr n="associated"><ent r="3" t="1" w="41" /><ent r="3" t="17" w="266" /><ent r="4" t="18" w="208" /><ent r="3" t="46" w="96" /><ent r="6" t="69" w="2333" /></phr><phr n="associating"><ent r="4" t="28" w="122" /></phr><phr n="Associates"><ent r="4" t="64" w="252" /></phr><phr n="associate"><ent r="3" t="71" w="25" /></phr><phr n="association"><ent r="3" t="71" w="47" /></phr></stem><stem n="(the"><phr n="(the"><ent r="3" t="1" w="43" /><ent r="4" t="18" w="1387" /><ent r="4" t="18" w="1397" /><ent r="3" t="22" w="95" /><ent r="4" t="23" w="844" /><ent r="3" t="23" w="1963" /><ent r="4" t="36" w="379" /><ent r="3" t="60" w="98" /><ent r="6" t="69" w="1421" /></phr><phr n="(The"><ent r="3" t="30" w="37" /><ent r="3" t="53" w="541" /></phr></stem><stem n="&quot;software&quot;)."><phr n="&quot;Software&quot;)."><ent r="3" t="1" w="45" /></phr></stem><stem n="sure"><phr n="sure"><ent r="3" t="1" w="46" /><ent r="3" t="50" w="119" /><ent r="3" t="50" w="127" /><ent r="3" t="60" w="806" /></phr></stem><stem n="read"><phr n="read"><ent r="3" t="1" w="48" /><ent r="3" t="1" w="663" /><ent r="6" t="5" w="1008" /><ent r="3" t="16" w="1897" /><ent r="3" t="16" w="1952" /><ent r="4" t="21" w="201" /><ent r="4" t="23" w="1297" /><ent r="3" t="26" w="69" /><ent r="3" t="31" w="335" /><ent r="3" t="32" w="182" /><ent r="3" t="32" w="215" /><ent r="3" t="32" w="247" /><ent r="3" t="32" w="282" /><ent r="3" t="32" w="313" /><ent r="3" t="32" w="338" /><ent r="3" t="36" w="201" /><ent r="3" t="36" w="224" /><ent r="4" t="36" w="405" /><ent r="3" t="36" w="2167" /><ent r="4" t="36" w="2208" /><ent r="4" t="36" w="2245" /><ent r="3" t="36" w="2475" /><ent r="3" t="36" w="4227" /><ent r="4" t="53" w="240" /><ent r="4" t="54" w="186" /><ent r="3" t="65" w="455" /><ent r="3" t="76" w="44" /><ent r="4" t="76" w="140" /><ent r="4" t="76" w="200" /></phr><phr n="reading"><ent r="3" t="4" w="70" /><ent r="4" t="16" w="1120" /><ent r="3" t="36" w="163" /><ent r="4" t="48" w="115" /></phr><phr n="reads"><ent r="6" t="5" w="1023" /><ent r="3" t="14" w="353" /><ent r="3" t="14" w="371" /><ent r="3" t="36" w="182" /><ent r="4" t="36" w="2183" /></phr><phr n="Read"><ent r="3" t="14" w="308" /><ent r="3" t="14" w="1239" /><ent r="100" t="65" w="439" /><ent r="92" t="65" w="448" /></phr><phr n="Reading"><ent r="4" t="36" w="2259" /></phr></stem><stem n="follow"><phr n="following"><ent r="3" t="1" w="50" /><ent r="3" t="1" w="451" /><ent r="3" t="2" w="18" /><ent r="6" t="5" w="115" /><ent r="6" t="5" w="550" /><ent r="5" t="5" w="605" /><ent r="6" t="5" w="626" /><ent r="3" t="5" w="814" /><ent r="4" t="5" w="840" /><ent r="3" t="6" w="56" /><ent r="3" t="8" w="268" /><ent r="3" t="8" w="373" /><ent r="5" t="11" w="241" /><ent r="5" t="11" w="250" /><ent r="5" t="11" w="261" /><ent r="5" t="11" w="275" /><ent r="5" t="11" w="316" /><ent r="3" t="11" w="350" /><ent r="4" t="11" w="510" /><ent r="3" t="12" w="48" /><ent r="3" t="13" w="85" /><ent r="3" t="13" w="112" /><ent r="3" t="13" w="283" /><ent r="3" t="13" w="1348" /><ent r="3" t="13" w="1767" /><ent r="3" t="13" w="2096" /><ent r="3" t="13" w="2256" /><ent r="4" t="16" w="277" /><ent r="3" t="17" w="111" /><ent r="3" t="17" w="344" /><ent r="3" t="20" w="148" /><ent r="3" t="21" w="486" /><ent r="3" t="21" w="1164" /><ent r="3" t="23" w="84" /><ent r="3" t="23" w="1187" /><ent r="3" t="23" w="1411" /><ent r="3" t="23" w="1516" /><ent r="3" t="23" w="1661" /><ent r="3" t="23" w="2748" /><ent r="3" t="23" w="2782" /><ent r="3" t="28" w="752" /><ent r="3" t="28" w="902" /><ent r="3" t="31" w="12" /><ent r="3" t="34" w="325" /><ent r="3" t="34" w="502" /><ent r="3" t="34" w="894" /><ent r="3" t="34" w="1559" /><ent r="3" t="34" w="1685" /><ent r="3" t="34" w="1750" /><ent r="3" t="36" w="149" /><ent r="3" t="36" w="492" /><ent r="3" t="36" w="750" /><ent r="3" t="36" w="4202" /><ent r="3" t="38" w="70" /><ent r="3" t="39" w="811" /><ent r="3" t="44" w="12" /><ent r="4" t="46" w="264" /><ent r="4" t="46" w="487" /><ent r="3" t="46" w="745" /><ent r="4" t="46" w="872" /><ent r="3" t="53" w="120" /><ent r="3" t="54" w="446" /><ent r="3" t="54" w="1173" /><ent r="3" t="55" w="75" /><ent r="3" t="55" w="97" /><ent r="3" t="57" w="66" /><ent r="3" t="57" w="164" /><ent r="3" t="57" w="231" /><ent r="3" t="57" w="359" /><ent r="3" t="58" w="108" /><ent r="3" t="60" w="155" /><ent r="3" t="64" w="137" /><ent r="6" t="69" w="2031" /><ent r="6" t="69" w="2050" /><ent r="6" t="69" w="2118" /></phr><phr n="follow"><ent r="3" t="3" w="187" /><ent r="3" t="3" w="281" /><ent r="3" t="4" w="734" /><ent r="3" t="5" w="78" /><ent r="3" t="15" w="265" /><ent r="4" t="18" w="820" /><ent r="3" t="20" w="701" /><ent r="3" t="25" w="777" /><ent r="3" t="36" w="2071" /><ent r="3" t="39" w="454" /><ent r="4" t="39" w="800" /><ent r="3" t="46" w="393" /></phr><phr n="follows"><ent r="3" t="5" w="31" /><ent r="6" t="5" w="280" /><ent r="3" t="8" w="41" /><ent r="3" t="10" w="54" /><ent r="4" t="11" w="140" /><ent r="3" t="13" w="1813" /><ent r="3" t="19" w="231" /><ent r="6" t="23" w="2899" /><ent r="3" t="25" w="760" /><ent r="3" t="28" w="1036" /><ent r="3" t="33" w="171" /><ent r="5" t="34" w="1437" /><ent r="4" t="36" w="1019" /><ent r="3" t="39" w="103" /><ent r="3" t="39" w="1143" /><ent r="3" t="39" w="1162" /><ent r="4" t="40" w="136" /><ent r="3" t="58" w="362" /><ent r="3" t="63" w="250" /><ent r="3" t="69" w="44" /><ent r="6" t="69" w="1539" /></phr><phr n="followed"><ent r="4" t="17" w="253" /><ent r="3" t="18" w="475" /><ent r="3" t="18" w="1436" /><ent r="3" t="18" w="1445" /><ent r="6" t="23" w="2969" /><ent r="4" t="25" w="275" /><ent r="3" t="25" w="969" /><ent r="4" t="30" w="176" /><ent r="4" t="30" w="223" /><ent r="3" t="34" w="607" /><ent r="4" t="34" w="999" /><ent r="3" t="36" w="3229" /></phr></stem><stem n="befor"><phr n="before"><ent r="3" t="1" w="52" /><ent r="3" t="7" w="329" /><ent r="5" t="13" w="1174" /><ent r="3" t="21" w="1265" /><ent r="3" t="27" w="260" /><ent r="3" t="33" w="968" /><ent r="3" t="34" w="1288" /><ent r="3" t="36" w="1285" /><ent r="3" t="36" w="1998" /><ent r="3" t="36" w="2028" /><ent r="3" t="36" w="2469" /><ent r="3" t="36" w="4245" /><ent r="3" t="38" w="591" /><ent r="3" t="39" w="913" /><ent r="3" t="42" w="164" /><ent r="3" t="49" w="243" /><ent r="3" t="60" w="543" /></phr><phr n="Before"><ent r="3" t="4" w="744" /></phr></stem><stem n="(regardless"><phr n="(REGARDLESS"><ent r="3" t="1" w="60" /></phr></stem><stem n="regardless"><phr n="REGARDLESS"><ent r="3" t="1" w="60" /></phr><phr n="regardless"><ent r="3" t="1" w="410" /><ent r="4" t="49" w="260" /></phr></stem><stem n="regist"><phr n="REGISTERED"><ent r="3" t="1" w="64" /></phr><phr n="registered"><ent r="3" t="32" w="23" /><ent r="3" t="44" w="242" /><ent r="3" t="46" w="215" /><ent r="3" t="46" w="717" /><ent r="3" t="47" w="170" /></phr></stem><stem n="),"><phr n="),"><ent r="3" t="1" w="69" /><ent r="4" t="15" w="208" /><ent r="3" t="16" w="1840" /><ent r="4" t="18" w="170" /><ent r="4" t="18" w="174" /><ent r="4" t="18" w="178" /><ent r="4" t="18" w="184" /><ent r="3" t="18" w="422" /><ent r="4" t="21" w="698" /><ent r="3" t="21" w="924" /><ent r="3" t="33" w="644" /><ent r="3" t="36" w="221" /><ent r="3" t="36" w="1311" /><ent r="3" t="57" w="383" /><ent r="3" t="60" w="1111" /><ent r="6" t="67" w="747" /><ent r="3" t="70" w="343" /></phr></stem><stem n="agre"><phr n="AGREEING"><ent r="3" t="1" w="71" /></phr><phr n="AGREE"><ent r="3" t="1" w="85" /></phr><phr n="agrees"><ent r="3" t="1" w="456" /></phr><phr n="agree"><ent r="3" t="1" w="669" /><ent r="3" t="1" w="680" /></phr></stem><stem n="bound"><phr n="BOUND"><ent r="3" t="1" w="74" /></phr><phr n="bound"><ent r="3" t="1" w="672" /></phr><phr n="bounds"><ent r="3" t="36" w="2090" /><ent r="3" t="36" w="2134" /></phr></stem><stem n="term"><phr n="TERMS"><ent r="3" t="1" w="77" /><ent r="3" t="1" w="88" /></phr><phr n="term"><ent r="3" t="1" w="493" /><ent r="4" t="8" w="282" /></phr><phr n="terms"><ent r="3" t="1" w="675" /></phr></stem><stem n="destroi"><phr n="DESTROY"><ent r="3" t="1" w="98" /></phr><phr n="destroy"><ent r="3" t="1" w="247" /></phr></stem><stem n="possess"><phr n="POSSESSION"><ent r="3" t="1" w="103" /></phr><phr n="possession"><ent r="3" t="1" w="255" /></phr></stem><stem n="state"><phr n="State"><ent r="100" t="1" w="107" /><ent r="3" t="1" w="595" /><ent r="82" t="21" w="628" /><ent r="83" t="21" w="857" /></phr><phr n="States"><ent r="3" t="1" w="121" /><ent r="3" t="1" w="448" /><ent r="3" t="1" w="521" /></phr><phr n="state"><ent r="4" t="4" w="389" /><ent r="4" t="4" w="637" /><ent r="3" t="14" w="595" /><ent r="3" t="19" w="273" /><ent r="3" t="20" w="100" /><ent r="5" t="20" w="188" /><ent r="5" t="20" w="222" /><ent r="3" t="20" w="325" /><ent r="3" t="20" w="490" /><ent r="4" t="21" w="504" /><ent r="4" t="21" w="647" /><ent r="4" t="21" w="665" /><ent r="4" t="21" w="693" /><ent r="3" t="21" w="875" /><ent r="3" t="21" w="894" /><ent r="3" t="21" w="898" /><ent r="3" t="21" w="909" /><ent r="3" t="21" w="956" /><ent r="3" t="21" w="971" /><ent r="3" t="21" w="1226" /><ent r="3" t="21" w="1238" /><ent r="3" t="21" w="1255" /><ent r="3" t="21" w="1271" /><ent r="3" t="21" w="1274" /><ent r="3" t="21" w="1406" /><ent r="3" t="21" w="1409" /><ent r="3" t="27" w="54" /><ent r="3" t="27" w="255" /><ent r="3" t="27" w="286" /><ent r="3" t="33" w="136" /><ent r="3" t="34" w="313" /><ent r="4" t="39" w="244" /><ent r="3" t="41" w="58" /><ent r="3" t="41" w="78" /><ent r="4" t="46" w="462" /></phr><phr n="states"><ent r="3" t="16" w="1650" /><ent r="3" t="41" w="38" /><ent r="3" t="41" w="40" /><ent r="3" t="41" w="146" /><ent r="6" t="69" w="282" /></phr></stem></index>