<?xml version="1.0" encoding="utf-8"?><index><stem n="probe"><phr n="Probes"><ent r="64" t="0" w="120" /><ent r="100" t="3" w="8" /><ent r="100" t="3" w="10" /><ent r="92" t="3" w="316" /><ent r="66" t="3" w="357" /><ent r="66" t="3" w="383" /><ent r="66" t="3" w="433" /><ent r="66" t="3" w="487" /><ent r="5" t="3" w="515" /><ent r="64" t="3" w="575" /><ent r="82" t="4" w="252" /><ent r="82" t="4" w="396" /><ent r="3" t="4" w="400" /><ent r="3" t="4" w="421" /><ent r="82" t="4" w="495" /><ent r="82" t="4" w="591" /><ent r="82" t="4" w="693" /><ent r="64" t="4" w="742" /><ent r="100" t="5" w="163" /><ent r="100" t="5" w="169" /><ent r="100" t="5" w="715" /><ent r="92" t="5" w="792" /><ent r="100" t="5" w="1204" /><ent r="3" t="5" w="1206" /><ent r="5" t="5" w="1213" /><ent r="100" t="10" w="115" /><ent r="92" t="10" w="123" /><ent r="92" t="10" w="299" /><ent r="92" t="10" w="356" /><ent r="3" t="13" w="501" /><ent r="1000" t="15" w="2" /><ent r="102" t="15" w="5" /><ent r="100" t="15" w="34" /><ent r="92" t="15" w="354" /><ent r="125" t="15" w="372" /><ent r="67" t="16" w="602" /><ent r="100" t="19" w="15" /><ent r="92" t="19" w="23" /><ent r="92" t="23" w="2713" /><ent r="1000" t="25" w="6" /><ent r="102" t="25" w="13" /><ent r="3" t="26" w="78" /><ent r="1000" t="27" w="5" /><ent r="102" t="27" w="11" /><ent r="1000" t="33" w="3" /><ent r="100" t="33" w="6" /><ent r="102" t="33" w="10" /><ent r="3" t="33" w="17" /><ent r="92" t="33" w="166" /><ent r="92" t="33" w="260" /><ent r="3" t="33" w="370" /><ent r="3" t="37" w="53" /><ent r="1000" t="39" w="3" /><ent r="100" t="39" w="7" /><ent r="100" t="39" w="14" /><ent r="102" t="39" w="18" /><ent r="92" t="39" w="197" /><ent r="100" t="39" w="476" /><ent r="100" t="46" w="366" /><ent r="100" t="46" w="369" /><ent r="100" t="46" w="376" /><ent r="72" t="46" w="380" /><ent r="100" t="46" w="410" /><ent r="1000" t="49" w="4" /><ent r="102" t="49" w="9" /><ent r="100" t="49" w="35" /><ent r="100" t="49" w="38" /><ent r="100" t="49" w="41" /><ent r="100" t="49" w="47" /><ent r="4" t="49" w="119" /><ent r="4" t="49" w="285" /><ent r="5" t="49" w="293" /><ent r="1000" t="50" w="4" /><ent r="102" t="50" w="9" /><ent r="4" t="50" w="29" /><ent r="1000" t="51" w="2" /><ent r="102" t="51" w="5" /><ent r="92" t="51" w="52" /><ent r="92" t="51" w="101" /><ent r="1000" t="52" w="2" /><ent r="102" t="52" w="5" /><ent r="1000" t="53" w="4" /><ent r="100" t="53" w="9" /><ent r="102" t="53" w="14" /><ent r="4" t="57" w="38" /><ent r="6" t="57" w="287" /><ent r="6" t="60" w="198" /><ent r="3" t="60" w="642" /><ent r="3" t="60" w="1074" /><ent r="1000" t="76" w="5" /><ent r="102" t="76" w="11" /><ent r="100" t="77" w="22" /><ent r="3" t="77" w="24" /><ent r="5" t="77" w="31" /></phr><phr n="probes"><ent r="3" t="0" w="129" /><ent r="3" t="3" w="42" /><ent r="3" t="3" w="70" /><ent r="3" t="3" w="103" /><ent r="3" t="3" w="106" /><ent r="3" t="3" w="153" /><ent r="3" t="3" w="186" /><ent r="3" t="3" w="323" /><ent r="3" t="3" w="331" /><ent r="3" t="3" w="346" /><ent r="4" t="3" w="413" /><ent r="4" t="3" w="459" /><ent r="3" t="3" w="554" /><ent r="92" t="4" w="79" /><ent r="3" t="4" w="213" /><ent r="3" t="4" w="698" /><ent r="5" t="4" w="761" /><ent r="6" t="5" w="173" /><ent r="6" t="5" w="188" /><ent r="6" t="5" w="205" /><ent r="6" t="5" w="219" /><ent r="6" t="5" w="270" /><ent r="6" t="5" w="298" /><ent r="4" t="5" w="1186" /><ent r="4" t="5" w="1296" /><ent r="4" t="5" w="1314" /><ent r="3" t="8" w="266" /><ent r="3" t="8" w="320" /><ent r="3" t="8" w="345" /><ent r="3" t="9" w="17" /><ent r="4" t="10" w="65" /><ent r="4" t="10" w="75" /><ent r="4" t="10" w="86" /><ent r="3" t="13" w="26" /><ent r="3" t="13" w="96" /><ent r="3" t="13" w="126" /><ent r="3" t="13" w="295" /><ent r="3" t="13" w="980" /><ent r="4" t="13" w="1779" /><ent r="4" t="13" w="1790" /><ent r="4" t="13" w="1800" /><ent r="3" t="13" w="2370" /><ent r="3" t="14" w="13" /><ent r="3" t="14" w="251" /><ent r="3" t="14" w="266" /><ent r="3" t="15" w="50" /><ent r="3" t="15" w="66" /><ent r="3" t="15" w="93" /><ent r="3" t="15" w="96" /><ent r="3" t="15" w="264" /><ent r="3" t="15" w="378" /><ent r="4" t="18" w="1895" /><ent r="3" t="19" w="375" /><ent r="3" t="25" w="810" /><ent r="3" t="26" w="290" /><ent r="3" t="31" w="53" /><ent r="3" t="31" w="228" /><ent r="3" t="33" w="160" /><ent r="3" t="34" w="89" /><ent r="4" t="36" w="480" /><ent r="3" t="36" w="966" /><ent r="3" t="36" w="1088" /><ent r="3" t="36" w="1779" /><ent r="3" t="36" w="1789" /><ent r="3" t="36" w="1816" /><ent r="3" t="36" w="2986" /><ent r="3" t="37" w="219" /><ent r="3" t="37" w="319" /><ent r="5" t="37" w="367" /><ent r="3" t="38" w="118" /><ent r="100" t="39" w="10" /><ent r="3" t="39" w="389" /><ent r="3" t="39" w="450" /><ent r="3" t="39" w="466" /><ent r="3" t="39" w="565" /><ent r="3" t="42" w="191" /><ent r="3" t="42" w="276" /><ent r="3" t="42" w="327" /><ent r="3" t="44" w="164" /><ent r="3" t="46" w="18" /><ent r="3" t="46" w="417" /><ent r="3" t="48" w="21" /><ent r="3" t="49" w="13" /><ent r="3" t="49" w="21" /><ent r="4" t="49" w="270" /><ent r="3" t="50" w="13" /><ent r="3" t="51" w="19" /><ent r="3" t="51" w="29" /><ent r="3" t="51" w="41" /><ent r="3" t="51" w="46" /><ent r="3" t="51" w="109" /><ent r="3" t="51" w="116" /><ent r="3" t="51" w="123" /><ent r="65" t="51" w="134" /><ent r="3" t="52" w="18" /><ent r="3" t="52" w="56" /><ent r="3" t="53" w="20" /><ent r="6" t="57" w="290" /><ent r="6" t="60" w="201" /><ent r="3" t="60" w="640" /><ent r="3" t="60" w="1072" /><ent r="4" t="77" w="110" /><ent r="4" t="77" w="128" /></phr><phr n="probe"><ent r="4" t="3" w="111" /><ent r="3" t="3" w="134" /><ent r="92" t="3" w="158" /><ent r="3" t="3" w="161" /><ent r="4" t="3" w="205" /><ent r="3" t="3" w="277" /><ent r="3" t="3" w="301" /><ent r="3" t="3" w="311" /><ent r="3" t="3" w="353" /><ent r="4" t="3" w="399" /><ent r="3" t="3" w="560" /><ent r="3" t="4" w="31" /><ent r="64" t="4" w="66" /><ent r="3" t="4" w="94" /><ent r="3" t="4" w="99" /><ent r="3" t="4" w="146" /><ent r="3" t="4" w="176" /><ent r="3" t="4" w="194" /><ent r="3" t="4" w="236" /><ent r="3" t="4" w="245" /><ent r="3" t="4" w="257" /><ent r="3" t="4" w="403" /><ent r="3" t="4" w="500" /><ent r="4" t="4" w="513" /><ent r="4" t="4" w="563" /><ent r="3" t="4" w="596" /><ent r="4" t="4" w="668" /><ent r="3" t="4" w="726" /><ent r="3" t="4" w="749" /><ent r="3" t="5" w="18" /><ent r="3" t="5" w="26" /><ent r="3" t="5" w="62" /><ent r="64" t="5" w="80" /><ent r="3" t="5" w="93" /><ent r="6" t="5" w="110" /><ent r="6" t="5" w="116" /><ent r="6" t="5" w="241" /><ent r="6" t="5" w="261" /><ent r="6" t="5" w="303" /><ent r="6" t="5" w="325" /><ent r="6" t="5" w="330" /><ent r="6" t="5" w="356" /><ent r="6" t="5" w="363" /><ent r="6" t="5" w="395" /><ent r="5" t="5" w="403" /><ent r="5" t="5" w="408" /><ent r="5" t="5" w="448" /><ent r="5" t="5" w="463" /><ent r="5" t="5" w="516" /><ent r="6" t="5" w="537" /><ent r="6" t="5" w="558" /><ent r="5" t="5" w="591" /><ent r="5" t="5" w="613" /><ent r="3" t="5" w="751" /><ent r="3" t="5" w="760" /><ent r="3" t="5" w="801" /><ent r="4" t="5" w="823" /><ent r="6" t="5" w="903" /><ent r="6" t="5" w="942" /><ent r="6" t="5" w="1133" /><ent r="3" t="5" w="1229" /><ent r="4" t="5" w="1254" /><ent r="5" t="5" w="1323" /><ent r="4" t="5" w="1328" /><ent r="3" t="5" w="1337" /><ent r="3" t="5" w="1362" /><ent r="3" t="5" w="1367" /><ent r="3" t="5" w="1373" /><ent r="3" t="5" w="1393" /><ent r="3" t="5" w="1404" /><ent r="3" t="5" w="1418" /><ent r="3" t="6" w="24" /><ent r="3" t="6" w="37" /><ent r="3" t="6" w="44" /><ent r="3" t="7" w="17" /><ent r="3" t="8" w="20" /><ent r="4" t="8" w="70" /><ent r="100" t="8" w="232" /><ent r="3" t="8" w="340" /><ent r="4" t="8" w="629" /><ent r="3" t="9" w="24" /><ent r="5" t="9" w="36" /><ent r="3" t="10" w="33" /><ent r="3" t="10" w="52" /><ent r="3" t="10" w="153" /><ent r="3" t="10" w="324" /><ent r="3" t="10" w="382" /><ent r="3" t="11" w="21" /><ent r="3" t="11" w="109" /><ent r="3" t="12" w="15" /><ent r="3" t="12" w="32" /><ent r="3" t="12" w="90" /><ent r="3" t="13" w="97" /><ent r="5" t="13" w="194" /><ent r="3" t="13" w="296" /><ent r="3" t="13" w="465" /><ent r="3" t="13" w="502" /><ent r="3" t="13" w="516" /><ent r="3" t="13" w="981" /><ent r="5" t="13" w="1102" /><ent r="5" t="13" w="1189" /><ent r="3" t="13" w="1538" /><ent r="3" t="13" w="2040" /><ent r="4" t="13" w="2400" /><ent r="3" t="13" w="2418" /><ent r="3" t="13" w="2427" /><ent r="3" t="13" w="2531" /><ent r="3" t="14" w="48" /><ent r="3" t="14" w="53" /><ent r="3" t="14" w="159" /><ent r="3" t="14" w="216" /><ent r="3" t="14" w="222" /><ent r="3" t="14" w="336" /><ent r="3" t="14" w="352" /><ent r="3" t="14" w="382" /><ent r="3" t="14" w="388" /><ent r="3" t="14" w="396" /><ent r="3" t="14" w="419" /><ent r="3" t="14" w="729" /><ent r="3" t="14" w="786" /><ent r="3" t="14" w="831" /><ent r="3" t="14" w="900" /><ent r="3" t="15" w="123" /><ent r="5" t="15" w="134" /><ent r="4" t="15" w="140" /><ent r="4" t="15" w="166" /><ent r="4" t="15" w="182" /><ent r="4" t="15" w="186" /><ent r="4" t="15" w="199" /><ent r="4" t="15" w="218" /><ent r="92" t="15" w="260" /><ent r="3" t="15" w="272" /><ent r="4" t="15" w="284" /><ent r="4" t="15" w="287" /><ent r="4" t="15" w="302" /><ent r="3" t="15" w="387" /><ent r="4" t="15" w="544" /><ent r="4" t="15" w="955" /><ent r="4" t="16" w="81" /><ent r="4" t="16" w="163" /><ent r="4" t="16" w="200" /><ent r="6" t="16" w="652" /><ent r="4" t="16" w="828" /><ent r="3" t="16" w="1178" /><ent r="3" t="16" w="1554" /><ent r="4" t="16" w="1727" /><ent r="4" t="16" w="1743" /><ent r="3" t="16" w="1841" /><ent r="3" t="17" w="35" /><ent r="3" t="17" w="64" /><ent r="3" t="17" w="78" /><ent r="3" t="18" w="540" /><ent r="4" t="18" w="781" /><ent r="3" t="18" w="933" /><ent r="3" t="18" w="942" /><ent r="3" t="18" w="1552" /><ent r="3" t="18" w="1744" /><ent r="3" t="18" w="1774" /><ent r="3" t="19" w="54" /><ent r="3" t="19" w="330" /><ent r="3" t="20" w="74" /><ent r="3" t="20" w="756" /><ent r="3" t="21" w="1058" /><ent r="92" t="21" w="1124" /><ent r="3" t="21" w="1129" /><ent r="3" t="21" w="1140" /><ent r="3" t="21" w="1201" /><ent r="3" t="21" w="1284" /><ent r="3" t="23" w="2769" /><ent r="3" t="23" w="2792" /><ent r="4" t="24" w="200" /><ent r="4" t="24" w="313" /><ent r="3" t="25" w="178" /><ent r="3" t="25" w="433" /><ent r="4" t="25" w="577" /><ent r="3" t="25" w="658" /><ent r="3" t="25" w="855" /><ent r="3" t="26" w="46" /><ent r="3" t="26" w="52" /><ent r="3" t="26" w="98" /><ent r="3" t="26" w="147" /><ent r="3" t="26" w="310" /><ent r="3" t="27" w="166" /><ent r="3" t="27" w="175" /><ent r="3" t="28" w="34" /><ent r="3" t="28" w="63" /><ent r="3" t="28" w="186" /><ent r="3" t="28" w="1012" /><ent r="3" t="31" w="24" /><ent r="3" t="31" w="86" /><ent r="3" t="31" w="94" /><ent r="3" t="31" w="106" /><ent r="3" t="31" w="127" /><ent r="3" t="31" w="159" /><ent r="3" t="31" w="242" /><ent r="3" t="31" w="279" /><ent r="3" t="31" w="290" /><ent r="3" t="31" w="416" /><ent r="3" t="31" w="569" /><ent r="3" t="31" w="1125" /><ent r="3" t="32" w="346" /><ent r="3" t="33" w="58" /><ent r="3" t="33" w="92" /><ent r="3" t="33" w="113" /><ent r="3" t="33" w="141" /><ent r="3" t="33" w="170" /><ent r="3" t="33" w="178" /><ent r="4" t="33" w="190" /><ent r="4" t="33" w="193" /><ent r="4" t="33" w="208" /><ent r="3" t="33" w="264" /><ent r="4" t="33" w="277" /><ent r="4" t="33" w="285" /><ent r="4" t="33" w="336" /><ent r="3" t="33" w="400" /><ent r="3" t="33" w="429" /><ent r="3" t="33" w="1034" /><ent r="3" t="34" w="18" /><ent r="3" t="34" w="26" /><ent r="3" t="34" w="244" /><ent r="3" t="34" w="275" /><ent r="4" t="34" w="1313" /><ent r="4" t="34" w="1651" /><ent r="3" t="34" w="1734" /><ent r="3" t="34" w="1741" /><ent r="3" t="35" w="20" /><ent r="3" t="36" w="99" /><ent r="4" t="36" w="314" /><ent r="4" t="36" w="344" /><ent r="4" t="36" w="739" /><ent r="4" t="36" w="913" /><ent r="3" t="36" w="1219" /><ent r="3" t="36" w="1336" /><ent r="3" t="36" w="1401" /><ent r="3" t="36" w="1433" /><ent r="3" t="36" w="2063" /><ent r="4" t="36" w="2280" /><ent r="3" t="36" w="2968" /><ent r="3" t="36" w="3695" /><ent r="3" t="36" w="3758" /><ent r="3" t="36" w="3825" /><ent r="3" t="37" w="44" /><ent r="5" t="37" w="168" /><ent r="100" t="38" w="40" /><ent r="100" t="38" w="44" /><ent r="100" t="38" w="58" /><ent r="3" t="38" w="75" /><ent r="3" t="38" w="135" /><ent r="3" t="38" w="183" /><ent r="3" t="38" w="216" /><ent r="3" t="39" w="35" /><ent r="3" t="39" w="102" /><ent r="3" t="39" w="110" /><ent r="4" t="39" w="126" /><ent r="4" t="39" w="129" /><ent r="4" t="39" w="144" /><ent r="3" t="39" w="202" /><ent r="3" t="39" w="277" /><ent r="3" t="39" w="509" /><ent r="3" t="39" w="528" /><ent r="3" t="39" w="539" /><ent r="3" t="39" w="549" /><ent r="3" t="39" w="563" /><ent r="4" t="39" w="690" /><ent r="4" t="39" w="742" /><ent r="3" t="39" w="821" /><ent r="3" t="39" w="907" /><ent r="4" t="39" w="926" /><ent r="4" t="39" w="1021" /><ent r="4" t="39" w="1042" /><ent r="4" t="39" w="1048" /><ent r="4" t="39" w="1069" /><ent r="3" t="39" w="1094" /><ent r="92" t="39" w="1102" /><ent r="3" t="39" w="1112" /><ent r="3" t="40" w="30" /><ent r="4" t="40" w="115" /><ent r="3" t="40" w="501" /><ent r="3" t="42" w="19" /><ent r="3" t="42" w="31" /><ent r="3" t="42" w="44" /><ent r="92" t="42" w="94" /><ent r="3" t="42" w="112" /><ent r="3" t="42" w="120" /><ent r="3" t="42" w="133" /><ent r="3" t="42" w="205" /><ent r="3" t="42" w="388" /><ent r="3" t="42" w="455" /><ent r="3" t="42" w="485" /><ent r="3" t="42" w="714" /><ent r="3" t="43" w="37" /><ent r="3" t="43" w="67" /><ent r="3" t="43" w="99" /><ent r="3" t="44" w="21" /><ent r="3" t="44" w="107" /><ent r="3" t="44" w="128" /><ent r="3" t="45" w="26" /><ent r="4" t="45" w="188" /><ent r="3" t="45" w="198" /><ent r="3" t="45" w="306" /><ent r="3" t="45" w="340" /><ent r="3" t="46" w="84" /><ent r="3" t="46" w="181" /><ent r="3" t="46" w="192" /><ent r="3" t="46" w="737" /><ent r="3" t="46" w="742" /><ent r="4" t="46" w="753" /><ent r="4" t="46" w="764" /><ent r="4" t="46" w="784" /><ent r="4" t="46" w="801" /><ent r="4" t="46" w="841" /><ent r="4" t="46" w="850" /><ent r="4" t="46" w="858" /><ent r="4" t="46" w="861" /><ent r="4" t="46" w="884" /><ent r="4" t="46" w="904" /><ent r="3" t="47" w="36" /><ent r="3" t="47" w="66" /><ent r="3" t="47" w="146" /><ent r="3" t="47" w="148" /><ent r="3" t="48" w="47" /><ent r="4" t="48" w="67" /><ent r="3" t="48" w="176" /><ent r="4" t="48" w="205" /><ent r="4" t="48" w="281" /><ent r="4" t="48" w="294" /><ent r="4" t="48" w="311" /><ent r="4" t="48" w="327" /><ent r="4" t="48" w="364" /><ent r="4" t="48" w="405" /><ent r="3" t="48" w="450" /><ent r="3" t="48" w="518" /><ent r="3" t="48" w="552" /><ent r="3" t="48" w="971" /><ent r="4" t="49" w="53" /><ent r="4" t="49" w="57" /><ent r="4" t="49" w="99" /><ent r="4" t="49" w="111" /><ent r="4" t="49" w="134" /><ent r="4" t="49" w="189" /><ent r="4" t="49" w="198" /><ent r="4" t="49" w="218" /><ent r="3" t="49" w="234" /><ent r="4" t="49" w="252" /><ent r="4" t="49" w="263" /><ent r="4" t="49" w="278" /><ent r="3" t="50" w="40" /><ent r="3" t="50" w="73" /><ent r="3" t="50" w="88" /><ent r="4" t="50" w="92" /><ent r="4" t="50" w="101" /><ent r="3" t="50" w="117" /><ent r="3" t="51" w="58" /><ent r="3" t="51" w="66" /><ent r="3" t="53" w="46" /><ent r="4" t="53" w="110" /><ent r="3" t="53" w="132" /><ent r="93" t="53" w="276" /><ent r="93" t="53" w="443" /><ent r="3" t="77" w="43" /><ent r="4" t="77" w="68" /><ent r="5" t="77" w="137" /><ent r="4" t="77" w="142" /><ent r="3" t="77" w="154" /><ent r="3" t="77" w="176" /><ent r="3" t="77" w="181" /><ent r="3" t="77" w="187" /><ent r="3" t="77" w="207" /><ent r="3" t="77" w="218" /><ent r="3" t="77" w="232" /></phr><phr n="Probe"><ent r="3" t="3" w="145" /><ent r="92" t="3" w="272" /><ent r="64" t="3" w="292" /><ent r="65" t="3" w="464" /><ent r="1000" t="4" w="4" /><ent r="102" t="4" w="9" /><ent r="100" t="4" w="11" /><ent r="100" t="4" w="15" /><ent r="3" t="4" w="19" /><ent r="5" t="4" w="109" /><ent r="3" t="4" w="136" /><ent r="3" t="4" w="186" /><ent r="92" t="4" w="232" /><ent r="65" t="4" w="524" /><ent r="64" t="4" w="714" /><ent r="64" t="4" w="720" /><ent r="3" t="4" w="773" /><ent r="100" t="5" w="119" /><ent r="100" t="5" w="318" /><ent r="67" t="5" w="379" /><ent r="67" t="5" w="385" /><ent r="5" t="5" w="436" /><ent r="100" t="5" w="526" /><ent r="3" t="5" w="767" /><ent r="92" t="5" w="1191" /><ent r="100" t="5" w="1201" /><ent r="92" t="5" w="1224" /><ent r="100" t="6" w="5" /><ent r="100" t="6" w="15" /><ent r="3" t="6" w="40" /><ent r="64" t="6" w="79" /><ent r="4" t="6" w="92" /><ent r="100" t="7" w="5" /><ent r="100" t="7" w="12" /><ent r="3" t="7" w="34" /><ent r="3" t="7" w="101" /><ent r="3" t="7" w="109" /><ent r="3" t="7" w="345" /><ent r="7" t="7" w="608" /><ent r="4" t="8" w="111" /><ent r="4" t="8" w="671" /><ent r="5" t="9" w="31" /><ent r="5" t="9" w="619" /><ent r="5" t="9" w="662" /><ent r="5" t="9" w="674" /><ent r="5" t="9" w="713" /><ent r="5" t="9" w="725" /><ent r="1000" t="10" w="1" /><ent r="102" t="10" w="20" /><ent r="3" t="10" w="157" /><ent r="3" t="10" w="263" /><ent r="64" t="11" w="64" /><ent r="1000" t="12" w="1" /><ent r="100" t="12" w="4" /><ent r="102" t="12" w="7" /><ent r="1000" t="13" w="3" /><ent r="102" t="13" w="10" /><ent r="65" t="13" w="48" /><ent r="65" t="13" w="52" /><ent r="65" t="13" w="56" /><ent r="92" t="13" w="81" /><ent r="92" t="13" w="431" /><ent r="66" t="13" w="742" /><ent r="92" t="13" w="971" /><ent r="64" t="13" w="1830" /><ent r="92" t="14" w="33" /><ent r="3" t="14" w="63" /><ent r="3" t="14" w="244" /><ent r="3" t="14" w="348" /><ent r="92" t="14" w="713" /><ent r="4" t="15" w="317" /><ent r="4" t="15" w="346" /><ent r="100" t="15" w="500" /><ent r="92" t="15" w="504" /><ent r="64" t="15" w="605" /><ent r="100" t="16" w="19" /><ent r="65" t="16" w="772" /><ent r="65" t="16" w="865" /><ent r="3" t="19" w="58" /><ent r="3" t="19" w="164" /><ent r="3" t="19" w="297" /><ent r="3" t="20" w="904" /><ent r="65" t="21" w="440" /><ent r="1000" t="23" w="1" /><ent r="100" t="23" w="8" /><ent r="102" t="23" w="11" /><ent r="1000" t="24" w="1" /><ent r="100" t="24" w="4" /><ent r="102" t="24" w="7" /><ent r="1000" t="26" w="2" /><ent r="102" t="26" w="6" /><ent r="3" t="26" w="13" /><ent r="3" t="26" w="20" /><ent r="64" t="27" w="348" /><ent r="64" t="28" w="534" /><ent r="64" t="28" w="780" /><ent r="3" t="29" w="38" /><ent r="3" t="29" w="45" /><ent r="1000" t="31" w="4" /><ent r="102" t="31" w="9" /><ent r="3" t="31" w="30" /><ent r="3" t="31" w="156" /><ent r="3" t="31" w="234" /><ent r="3" t="31" w="543" /><ent r="3" t="31" w="704" /><ent r="3" t="31" w="827" /><ent r="3" t="31" w="937" /><ent r="3" t="31" w="1119" /><ent r="3" t="31" w="1265" /><ent r="3" t="31" w="1633" /><ent r="4" t="33" w="223" /><ent r="4" t="33" w="252" /><ent r="65" t="33" w="311" /><ent r="3" t="33" w="603" /><ent r="3" t="33" w="838" /><ent r="64" t="33" w="1097" /><ent r="3" t="34" w="51" /><ent r="92" t="34" w="75" /><ent r="3" t="34" w="83" /><ent r="3" t="34" w="122" /><ent r="64" t="34" w="131" /><ent r="1000" t="36" w="2" /><ent r="100" t="36" w="56" /><ent r="100" t="36" w="60" /><ent r="100" t="36" w="64" /><ent r="102" t="36" w="69" /><ent r="3" t="36" w="90" /><ent r="100" t="36" w="922" /><ent r="92" t="36" w="926" /><ent r="3" t="36" w="1682" /><ent r="100" t="36" w="2254" /><ent r="100" t="37" w="86" /><ent r="92" t="37" w="91" /><ent r="1000" t="38" w="3" /><ent r="100" t="38" w="9" /><ent r="100" t="38" w="14" /><ent r="102" t="38" w="66" /><ent r="100" t="38" w="132" /><ent r="3" t="38" w="170" /><ent r="92" t="39" w="97" /><ent r="4" t="39" w="159" /><ent r="4" t="39" w="188" /><ent r="100" t="39" w="379" /><ent r="100" t="39" w="383" /><ent r="64" t="39" w="499" /><ent r="100" t="39" w="893" /><ent r="92" t="39" w="900" /><ent r="4" t="39" w="1073" /><ent r="64" t="39" w="1084" /><ent r="64" t="43" w="89" /><ent r="1000" t="44" w="3" /><ent r="102" t="44" w="8" /><ent r="3" t="44" w="205" /><ent r="3" t="45" w="231" /><ent r="3" t="45" w="334" /><ent r="100" t="46" w="243" /><ent r="4" t="46" w="306" /><ent r="65" t="46" w="887" /><ent r="3" t="47" w="257" /><ent r="1000" t="48" w="3" /><ent r="102" t="48" w="8" /><ent r="5" t="48" w="58" /><ent r="92" t="48" w="445" /><ent r="100" t="49" w="31" /><ent r="5" t="49" w="73" /><ent r="4" t="49" w="91" /><ent r="4" t="49" w="127" /><ent r="100" t="49" w="167" /><ent r="5" t="49" w="178" /><ent r="4" t="49" w="182" /><ent r="4" t="49" w="193" /><ent r="92" t="49" w="226" /><ent r="8" t="69" w="977" /><ent r="1000" t="75" w="2" /><ent r="102" t="75" w="6" /><ent r="65" t="76" w="98" /><ent r="1000" t="77" w="1" /><ent r="102" t="77" w="7" /><ent r="100" t="77" w="19" /></phr><phr n="probed"><ent r="4" t="37" w="398" /></phr></stem><stem n="explain"><phr n="Explains"><ent r="3" t="0" w="122" /><ent r="3" t="0" w="149" /><ent r="3" t="0" w="180" /></phr><phr n="explains"><ent r="3" t="3" w="295" /><ent r="3" t="4" w="141" /></phr><phr n="explain"><ent r="4" t="39" w="780" /></phr><phr n="explained"><ent r="4" t="48" w="431" /></phr></stem><stem n="creat"><phr n="create"><ent r="3" t="0" w="125" /><ent r="3" t="0" w="173" /><ent r="3" t="3" w="100" /><ent r="3" t="3" w="131" /><ent r="4" t="3" w="411" /><ent r="4" t="3" w="469" /><ent r="6" t="5" w="297" /><ent r="4" t="5" w="1309" /><ent r="3" t="7" w="255" /><ent r="3" t="7" w="353" /><ent r="3" t="7" w="375" /><ent r="3" t="7" w="501" /><ent r="4" t="8" w="88" /><ent r="4" t="8" w="116" /><ent r="4" t="8" w="648" /><ent r="4" t="8" w="676" /><ent r="3" t="10" w="30" /><ent r="3" t="11" w="436" /><ent r="3" t="15" w="554" /><ent r="3" t="16" w="92" /><ent r="3" t="16" w="1860" /><ent r="3" t="18" w="116" /><ent r="3" t="34" w="87" /><ent r="3" t="36" w="1360" /><ent r="4" t="39" w="945" /><ent r="3" t="47" w="98" /><ent r="3" t="51" w="56" /><ent r="3" t="55" w="83" /><ent r="3" t="59" w="208" /><ent r="3" t="60" w="85" /><ent r="3" t="61" w="138" /><ent r="3" t="63" w="11" /><ent r="3" t="64" w="60" /><ent r="4" t="64" w="202" /><ent r="4" t="65" w="97" /><ent r="3" t="65" w="672" /><ent r="3" t="65" w="681" /><ent r="7" t="67" w="419" /><ent r="3" t="68" w="14" /><ent r="3" t="68" w="182" /><ent r="4" t="69" w="1580" /><ent r="3" t="71" w="45" /><ent r="4" t="76" w="110" /><ent r="4" t="77" w="123" /></phr><phr n="created"><ent r="6" t="5" w="259" /><ent r="6" t="5" w="271" /><ent r="3" t="14" w="886" /><ent r="3" t="21" w="1013" /><ent r="3" t="21" w="1111" /><ent r="3" t="23" w="2767" /><ent r="3" t="25" w="508" /><ent r="3" t="36" w="1315" /><ent r="3" t="39" w="422" /><ent r="3" t="39" w="905" /><ent r="3" t="40" w="413" /><ent r="3" t="40" w="431" /><ent r="3" t="42" w="289" /><ent r="3" t="46" w="48" /><ent r="3" t="49" w="22" /><ent r="3" t="51" w="113" /><ent r="3" t="55" w="141" /><ent r="4" t="65" w="134" /></phr><phr n="creating"><ent r="5" t="5" w="415" /><ent r="4" t="5" w="1253" /><ent r="3" t="15" w="377" /><ent r="3" t="31" w="51" /><ent r="6" t="67" w="328" /><ent r="4" t="77" w="67" /></phr><phr n="Creating"><ent r="6" t="11" w="281" /><ent r="82" t="11" w="421" /><ent r="100" t="17" w="20" /><ent r="100" t="17" w="211" /><ent r="100" t="17" w="214" /><ent r="92" t="17" w="216" /><ent r="100" t="39" w="5" /><ent r="100" t="39" w="64" /><ent r="100" t="46" w="370" /><ent r="100" t="46" w="372" /><ent r="100" t="46" w="374" /><ent r="72" t="46" w="378" /><ent r="64" t="61" w="147" /><ent r="1000" t="63" w="1" /><ent r="102" t="63" w="5" /></phr><phr n="creates"><ent r="3" t="13" w="1546" /><ent r="4" t="18" w="759" /><ent r="3" t="28" w="900" /><ent r="4" t="34" w="807" /><ent r="3" t="42" w="122" /><ent r="3" t="65" w="466" /><ent r="6" t="67" w="710" /><ent r="3" t="68" w="37" /></phr><phr n="Create"><ent r="3" t="15" w="765" /><ent r="100" t="39" w="80" /><ent r="4" t="39" w="1044" /></phr><phr n="CREATE"><ent r="3" t="55" w="219" /><ent r="3" t="55" w="250" /></phr><phr n="Creates"><ent r="6" t="69" w="1166" /><ent r="6" t="69" w="1279" /></phr></stem><stem n="own"><phr n="own"><ent r="3" t="0" w="127" /><ent r="3" t="0" w="170" /><ent r="3" t="3" w="102" /><ent r="3" t="3" w="133" /><ent r="3" t="3" w="345" /><ent r="3" t="4" w="198" /><ent r="6" t="5" w="907" /><ent r="4" t="5" w="1313" /><ent r="3" t="7" w="95" /><ent r="4" t="8" w="118" /><ent r="3" t="8" w="344" /><ent r="4" t="8" w="678" /><ent r="3" t="18" w="1828" /><ent r="3" t="20" w="694" /><ent r="3" t="31" w="226" /><ent r="3" t="32" w="29" /><ent r="3" t="33" w="159" /><ent r="3" t="38" w="188" /><ent r="3" t="38" w="262" /><ent r="3" t="39" w="424" /><ent r="3" t="39" w="447" /><ent r="3" t="46" w="50" /><ent r="3" t="46" w="388" /><ent r="3" t="61" w="66" /><ent r="3" t="61" w="130" /><ent r="3" t="61" w="140" /><ent r="3" t="63" w="13" /><ent r="3" t="65" w="368" /><ent r="3" t="65" w="388" /><ent r="7" t="67" w="407" /><ent r="6" t="69" w="512" /><ent r="3" t="75" w="17" /><ent r="4" t="77" w="127" /></phr><phr n="owned"><ent r="3" t="1" w="112" /></phr><phr n="Own"><ent r="92" t="51" w="51" /></phr></stem><stem n="configur"><phr n="configure"><ent r="3" t="0" w="133" /><ent r="3" t="31" w="294" /></phr><phr n="Configuration"><ent r="3" t="3" w="146" /><ent r="3" t="4" w="137" /><ent r="3" t="4" w="187" /><ent r="100" t="6" w="16" /><ent r="3" t="6" w="41" /><ent r="100" t="7" w="13" /><ent r="4" t="15" w="318" /><ent r="4" t="15" w="347" /><ent r="4" t="33" w="224" /><ent r="4" t="33" w="253" /><ent r="4" t="39" w="160" /><ent r="4" t="39" w="189" /><ent r="4" t="64" w="367" /></phr><phr n="configuration"><ent r="3" t="14" w="217" /><ent r="4" t="36" w="390" /><ent r="3" t="36" w="2924" /><ent r="4" t="46" w="329" /></phr><phr n="configured"><ent r="3" t="20" w="716" /><ent r="3" t="20" w="899" /></phr><phr n="Configuring"><ent r="92" t="20" w="892" /></phr><phr n="Configure"><ent r="4" t="49" w="196" /></phr></stem><stem n="them"><phr n="them"><ent r="3" t="0" w="134" /><ent r="3" t="3" w="86" /><ent r="3" t="3" w="339" /><ent r="3" t="4" w="731" /><ent r="4" t="5" w="1189" /><ent r="3" t="14" w="434" /><ent r="3" t="14" w="758" /><ent r="3" t="14" w="840" /><ent r="3" t="14" w="843" /><ent r="3" t="14" w="994" /><ent r="3" t="14" w="1020" /><ent r="3" t="14" w="1169" /><ent r="3" t="14" w="1172" /><ent r="3" t="16" w="34" /><ent r="3" t="18" w="371" /><ent r="4" t="20" w="600" /><ent r="4" t="20" w="611" /><ent r="3" t="26" w="324" /><ent r="3" t="27" w="155" /><ent r="3" t="28" w="837" /><ent r="3" t="28" w="1033" /><ent r="3" t="34" w="740" /><ent r="3" t="39" w="438" /><ent r="4" t="40" w="320" /><ent r="3" t="46" w="78" /><ent r="3" t="64" w="37" /><ent r="3" t="64" w="276" /><ent r="3" t="64" w="292" /><ent r="3" t="64" w="333" /><ent r="3" t="65" w="536" /><ent r="3" t="65" w="690" /><ent r="3" t="70" w="199" /></phr></stem></index>