<?xml version="1.0" encoding="utf-8"?><index><stem n="claus"><phr n="Clause"><ent r="3" t="1" w="497" /><ent r="3" t="1" w="541" /><ent r="3" t="1" w="557" /></phr><phr n="clause"><ent r="3" t="42" w="222" /></phr></stem><stem n="252"><phr n="252"><ent r="3" t="1" w="498" /></phr></stem><stem n="227"><phr n="227"><ent r="3" t="1" w="499" /><ent r="3" t="1" w="543" /><ent r="3" t="1" w="560" /></phr></stem><stem n="227-7013"><phr n="227-7013"><ent r="3" t="1" w="499" /></phr></stem><stem n="7013"><phr n="7013"><ent r="3" t="1" w="500" /></phr></stem><stem n="252.c"><phr n="252.c"><ent r="3" t="1" w="501" /><ent r="3" t="1" w="498" /></phr></stem><stem n="c"><phr n="c"><ent r="3" t="1" w="501" /><ent r="3" t="1" w="545" /><ent r="3" t="14" w="741" /><ent r="3" t="21" w="1171" /><ent r="4" t="23" w="1193" /><ent r="4" t="23" w="1690" /><ent r="3" t="23" w="1856" /><ent r="7" t="23" w="2526" /><ent r="3" t="23" w="2645" /><ent r="3" t="31" w="38" /><ent r="3" t="31" w="417" /><ent r="3" t="31" w="437" /><ent r="3" t="31" w="570" /><ent r="3" t="31" w="590" /><ent r="3" t="31" w="721" /><ent r="3" t="31" w="831" /><ent r="3" t="31" w="1019" /><ent r="3" t="32" w="57" /><ent r="5" t="40" w="364" /><ent r="3" t="42" w="440" /><ent r="3" t="42" w="699" /><ent r="3" t="44" w="92" /><ent r="5" t="45" w="125" /><ent r="3" t="46" w="632" /><ent r="3" t="47" w="21" /><ent r="3" t="47" w="197" /><ent r="3" t="48" w="493" /><ent r="3" t="54" w="133" /><ent r="5" t="54" w="174" /><ent r="3" t="54" w="502" /><ent r="3" t="54" w="559" /><ent r="3" t="54" w="616" /><ent r="3" t="54" w="661" /><ent r="3" t="55" w="103" /><ent r="3" t="55" w="170" /><ent r="3" t="60" w="741" /><ent r="3" t="60" w="794" /></phr><phr n="C"><ent r="3" t="8" w="204" /><ent r="3" t="8" w="212" /><ent r="7" t="8" w="507" /><ent r="5" t="9" w="86" /><ent r="5" t="9" w="178" /><ent r="5" t="9" w="781" /><ent r="5" t="9" w="821" /><ent r="3" t="23" w="297" /><ent r="7" t="23" w="2535" /><ent r="3" t="39" w="43" /><ent r="4" t="39" w="978" /></phr></stem><stem n=".227-7013(c)(1)"><phr n=".227-7013(c)(1)"><ent r="3" t="1" w="503" /></phr></stem><stem n="dfar"><phr n="DFARS"><ent r="3" t="1" w="505" /></phr></stem><stem n=";"><phr n=";"><ent r="3" t="1" w="506" /><ent r="3" t="8" w="590" /><ent r="5" t="13" w="224" /><ent r="5" t="13" w="263" /><ent r="3" t="13" w="581" /><ent r="5" t="13" w="814" /><ent r="3" t="14" w="323" /><ent r="4" t="16" w="1313" /><ent r="4" t="16" w="1324" /><ent r="3" t="16" w="1692" /><ent r="4" t="18" w="253" /><ent r="4" t="21" w="206" /><ent r="4" t="21" w="827" /><ent r="4" t="23" w="433" /><ent r="3" t="23" w="1388" /><ent r="4" t="23" w="2239" /><ent r="6" t="23" w="2922" /><ent r="3" t="25" w="149" /><ent r="4" t="25" w="581" /><ent r="3" t="25" w="998" /><ent r="4" t="28" w="220" /><ent r="4" t="28" w="223" /><ent r="4" t="28" w="226" /><ent r="4" t="28" w="229" /><ent r="4" t="28" w="232" /><ent r="4" t="28" w="235" /><ent r="4" t="28" w="817" /><ent r="3" t="31" w="113" /><ent r="3" t="33" w="1063" /><ent r="3" t="36" w="4205" /><ent r="3" t="36" w="4294" /><ent r="3" t="36" w="4505" /><ent r="4" t="40" w="124" /><ent r="3" t="41" w="131" /><ent r="4" t="45" w="149" /><ent r="6" t="46" w="466" /><ent r="4" t="46" w="842" /><ent r="4" t="48" w="259" /><ent r="3" t="48" w="765" /><ent r="3" t="48" w="807" /><ent r="3" t="48" w="809" /><ent r="3" t="55" w="544" /><ent r="3" t="55" w="592" /><ent r="3" t="55" w="602" /><ent r="3" t="55" w="616" /><ent r="3" t="57" w="114" /><ent r="3" t="57" w="212" /><ent r="3" t="57" w="334" /><ent r="3" t="60" w="17" /><ent r="3" t="60" w="497" /><ent r="3" t="60" w="530" /><ent r="3" t="60" w="576" /><ent r="3" t="60" w="615" /><ent r="3" t="60" w="664" /><ent r="6" t="67" w="95" /><ent r="6" t="69" w="742" /><ent r="6" t="69" w="1535" /><ent r="3" t="69" w="1798" /><ent r="3" t="69" w="1803" /><ent r="6" t="69" w="2392" /><ent r="3" t="70" w="196" /></phr></stem><stem n="ii"><phr n="ii"><ent r="3" t="1" w="507" /></phr><phr n="II"><ent r="3" t="16" w="1671" /><ent r="3" t="18" w="274" /></phr></stem><stem n="(ii)"><phr n="(ii)"><ent r="3" t="1" w="508" /></phr></stem><stem n="government'"><phr n="Government's"><ent r="3" t="1" w="528" /><ent r="3" t="1" w="527" /></phr></stem><stem n="52"><phr n="52"><ent r="3" t="1" w="542" /><ent r="3" t="1" w="559" /><ent r="6" t="16" w="397" /></phr></stem><stem n="227-19"><phr n="227-19"><ent r="3" t="1" w="543" /></phr></stem><stem n="19"><phr n="19"><ent r="3" t="1" w="544" /><ent r="3" t="21" w="1346" /><ent r="3" t="23" w="1863" /><ent r="3" t="36" w="4045" /></phr></stem><stem n="52.c"><phr n="52.c"><ent r="3" t="1" w="545" /><ent r="3" t="1" w="542" /></phr></stem><stem n="2"><phr n="2"><ent r="3" t="1" w="546" /><ent r="3" t="8" w="609" /><ent r="8" t="11" w="333" /><ent r="3" t="13" w="1686" /><ent r="3" t="13" w="1707" /><ent r="3" t="13" w="1911" /><ent r="3" t="13" w="1983" /><ent r="3" t="13" w="1991" /><ent r="3" t="13" w="1999" /><ent r="3" t="13" w="2016" /><ent r="3" t="13" w="2081" /><ent r="3" t="14" w="1106" /><ent r="3" t="15" w="633" /><ent r="3" t="15" w="648" /><ent r="3" t="15" w="665" /><ent r="3" t="15" w="682" /><ent r="100" t="15" w="856" /><ent r="100" t="15" w="860" /><ent r="4" t="15" w="869" /><ent r="3" t="16" w="915" /><ent r="3" t="16" w="930" /><ent r="4" t="16" w="987" /><ent r="4" t="16" w="1029" /><ent r="4" t="16" w="1071" /><ent r="4" t="16" w="1102" /><ent r="4" t="16" w="1104" /><ent r="4" t="16" w="1105" /><ent r="5" t="16" w="1400" /><ent r="3" t="16" w="1660" /><ent r="3" t="16" w="1662" /><ent r="3" t="16" w="1663" /><ent r="3" t="16" w="1678" /><ent r="3" t="16" w="1692" /><ent r="3" t="16" w="1997" /><ent r="3" t="16" w="2017" /><ent r="3" t="17" w="193" /><ent r="3" t="18" w="491" /><ent r="3" t="18" w="493" /><ent r="3" t="18" w="494" /><ent r="3" t="18" w="517" /><ent r="3" t="18" w="519" /><ent r="3" t="18" w="520" /><ent r="3" t="18" w="586" /><ent r="3" t="18" w="588" /><ent r="3" t="18" w="589" /><ent r="3" t="18" w="608" /><ent r="3" t="18" w="610" /><ent r="3" t="18" w="611" /><ent r="3" t="18" w="613" /><ent r="3" t="18" w="629" /><ent r="3" t="18" w="631" /><ent r="3" t="18" w="632" /><ent r="3" t="18" w="651" /><ent r="3" t="18" w="653" /><ent r="3" t="18" w="654" /><ent r="4" t="18" w="1429" /><ent r="4" t="18" w="1564" /><ent r="4" t="18" w="1574" /><ent r="3" t="18" w="1657" /><ent r="3" t="18" w="1660" /><ent r="3" t="18" w="1666" /><ent r="3" t="19" w="474" /><ent r="3" t="19" w="478" /><ent r="3" t="19" w="483" /><ent r="3" t="19" w="488" /><ent r="3" t="19" w="493" /><ent r="3" t="19" w="498" /><ent r="3" t="19" w="503" /><ent r="3" t="19" w="512" /><ent r="3" t="19" w="531" /><ent r="3" t="21" w="1181" /><ent r="3" t="21" w="1190" /><ent r="3" t="21" w="1325" /><ent r="3" t="21" w="1342" /><ent r="3" t="21" w="1350" /><ent r="3" t="21" w="1359" /><ent r="3" t="21" w="1414" /><ent r="3" t="21" w="1471" /><ent r="3" t="21" w="1506" /><ent r="4" t="23" w="637" /><ent r="3" t="23" w="1488" /><ent r="3" t="23" w="1538" /><ent r="3" t="23" w="1547" /><ent r="3" t="23" w="1555" /><ent r="3" t="23" w="1564" /><ent r="3" t="23" w="1993" /><ent r="3" t="23" w="2001" /><ent r="3" t="23" w="2004" /><ent r="3" t="23" w="2013" /><ent r="3" t="23" w="2021" /><ent r="3" t="23" w="2028" /><ent r="3" t="23" w="2035" /><ent r="3" t="23" w="2043" /><ent r="3" t="23" w="2046" /><ent r="3" t="23" w="2055" /><ent r="3" t="23" w="2063" /><ent r="3" t="23" w="2070" /><ent r="3" t="23" w="2077" /><ent r="3" t="23" w="2085" /><ent r="3" t="23" w="2090" /><ent r="3" t="23" w="2099" /><ent r="3" t="23" w="2107" /><ent r="3" t="23" w="2109" /><ent r="3" t="23" w="2112" /><ent r="3" t="23" w="2125" /><ent r="3" t="23" w="2143" /><ent r="3" t="23" w="2327" /><ent r="3" t="23" w="2334" /><ent r="3" t="23" w="2340" /><ent r="5" t="23" w="2426" /><ent r="5" t="23" w="2437" /><ent r="6" t="23" w="2568" /><ent r="6" t="23" w="2577" /><ent r="3" t="23" w="2650" /><ent r="3" t="23" w="2658" /><ent r="3" t="23" w="2675" /><ent r="3" t="23" w="2760" /><ent r="3" t="23" w="2803" /><ent r="3" t="23" w="2827" /><ent r="4" t="23" w="2850" /><ent r="6" t="23" w="2962" /><ent r="4" t="23" w="3013" /><ent r="3" t="24" w="71" /><ent r="3" t="24" w="79" /><ent r="100" t="24" w="105" /><ent r="100" t="24" w="109" /><ent r="4" t="24" w="118" /><ent r="3" t="25" w="125" /><ent r="3" t="25" w="196" /><ent r="3" t="25" w="333" /><ent r="3" t="25" w="978" /><ent r="4" t="28" w="224" /><ent r="3" t="28" w="561" /><ent r="3" t="28" w="595" /><ent r="3" t="30" w="73" /><ent r="3" t="30" w="106" /><ent r="3" t="30" w="135" /><ent r="4" t="30" w="191" /><ent r="4" t="30" w="288" /><ent r="3" t="31" w="136" /><ent r="3" t="31" w="137" /><ent r="3" t="31" w="461" /><ent r="3" t="31" w="478" /><ent r="3" t="31" w="480" /><ent r="3" t="31" w="491" /><ent r="3" t="31" w="505" /><ent r="3" t="31" w="520" /><ent r="3" t="31" w="536" /><ent r="3" t="31" w="622" /><ent r="3" t="31" w="639" /><ent r="3" t="31" w="641" /><ent r="3" t="31" w="652" /><ent r="3" t="31" w="666" /><ent r="3" t="31" w="681" /><ent r="3" t="31" w="697" /><ent r="3" t="31" w="745" /><ent r="3" t="31" w="762" /><ent r="3" t="31" w="764" /><ent r="3" t="31" w="775" /><ent r="3" t="31" w="789" /><ent r="3" t="31" w="804" /><ent r="3" t="31" w="820" /><ent r="3" t="31" w="855" /><ent r="3" t="31" w="872" /><ent r="3" t="31" w="874" /><ent r="3" t="31" w="885" /><ent r="3" t="31" w="899" /><ent r="3" t="31" w="914" /><ent r="3" t="31" w="930" /><ent r="3" t="31" w="945" /><ent r="3" t="31" w="958" /><ent r="3" t="31" w="971" /><ent r="3" t="31" w="984" /><ent r="3" t="31" w="997" /><ent r="3" t="31" w="1010" /><ent r="3" t="31" w="1037" /><ent r="3" t="31" w="1054" /><ent r="3" t="31" w="1056" /><ent r="3" t="31" w="1067" /><ent r="3" t="31" w="1081" /><ent r="3" t="31" w="1096" /><ent r="3" t="31" w="1112" /><ent r="3" t="31" w="1184" /><ent r="3" t="31" w="1198" /><ent r="3" t="31" w="1200" /><ent r="3" t="31" w="1212" /><ent r="3" t="31" w="1229" /><ent r="3" t="31" w="1244" /><ent r="3" t="31" w="1260" /><ent r="3" t="31" w="1663" /><ent r="3" t="32" w="166" /><ent r="3" t="32" w="236" /><ent r="3" t="33" w="587" /><ent r="4" t="34" w="829" /><ent r="4" t="36" w="3744" /><ent r="3" t="36" w="3916" /><ent r="3" t="36" w="4010" /><ent r="4" t="36" w="4142" /><ent r="3" t="36" w="4398" /><ent r="3" t="36" w="4463" /><ent r="3" t="38" w="149" /><ent r="3" t="39" w="849" /><ent r="4" t="41" w="114" /><ent r="3" t="41" w="134" /><ent r="3" t="42" w="556" /><ent r="3" t="42" w="593" /><ent r="3" t="42" w="613" /><ent r="3" t="42" w="812" /><ent r="3" t="44" w="187" /><ent r="4" t="45" w="60" /><ent r="3" t="45" w="399" /><ent r="3" t="45" w="446" /><ent r="65" t="46" w="448" /><ent r="6" t="46" w="471" /><ent r="65" t="46" w="520" /><ent r="65" t="46" w="568" /><ent r="4" t="46" w="758" /><ent r="4" t="46" w="769" /><ent r="65" t="46" w="811" /><ent r="3" t="47" w="239" /><ent r="4" t="48" w="254" /><ent r="3" t="48" w="529" /><ent r="3" t="48" w="638" /><ent r="3" t="48" w="783" /><ent r="3" t="53" w="342" /><ent r="3" t="53" w="351" /><ent r="3" t="53" w="357" /><ent r="3" t="53" w="362" /><ent r="3" t="53" w="384" /><ent r="3" t="53" w="427" /><ent r="3" t="53" w="504" /><ent r="3" t="53" w="506" /><ent r="3" t="53" w="507" /><ent r="3" t="53" w="509" /><ent r="3" t="53" w="516" /><ent r="3" t="53" w="518" /><ent r="3" t="53" w="519" /><ent r="3" t="53" w="547" /><ent r="3" t="53" w="549" /><ent r="3" t="53" w="550" /><ent r="3" t="53" w="552" /><ent r="3" t="54" w="512" /><ent r="3" t="54" w="514" /><ent r="3" t="54" w="515" /><ent r="3" t="54" w="534" /><ent r="3" t="54" w="567" /><ent r="3" t="54" w="573" /><ent r="3" t="54" w="595" /><ent r="3" t="54" w="624" /><ent r="3" t="54" w="629" /><ent r="3" t="54" w="631" /><ent r="3" t="54" w="632" /><ent r="3" t="54" w="673" /><ent r="3" t="54" w="675" /><ent r="3" t="54" w="676" /><ent r="3" t="54" w="865" /><ent r="3" t="54" w="882" /><ent r="3" t="54" w="885" /><ent r="3" t="54" w="906" /><ent r="3" t="54" w="922" /><ent r="3" t="54" w="940" /><ent r="3" t="54" w="959" /><ent r="3" t="54" w="978" /><ent r="3" t="54" w="994" /><ent r="3" t="54" w="1010" /><ent r="3" t="54" w="1015" /><ent r="3" t="54" w="1022" /><ent r="3" t="54" w="1036" /><ent r="3" t="54" w="1055" /><ent r="3" t="54" w="1073" /><ent r="3" t="54" w="1075" /><ent r="3" t="54" w="1079" /><ent r="3" t="54" w="1089" /><ent r="3" t="54" w="1091" /><ent r="3" t="54" w="1092" /><ent r="3" t="54" w="1107" /><ent r="3" t="54" w="1109" /><ent r="3" t="54" w="1110" /><ent r="3" t="54" w="1113" /><ent r="3" t="54" w="1115" /><ent r="3" t="55" w="563" /><ent r="3" t="55" w="567" /><ent r="3" t="55" w="601" /><ent r="3" t="55" w="610" /><ent r="3" t="55" w="616" /><ent r="3" t="55" w="621" /><ent r="3" t="55" w="632" /><ent r="3" t="55" w="637" /><ent r="3" t="55" w="640" /><ent r="3" t="55" w="654" /><ent r="3" t="55" w="659" /><ent r="3" t="55" w="668" /><ent r="3" t="55" w="673" /><ent r="3" t="55" w="681" /><ent r="3" t="55" w="686" /><ent r="3" t="60" w="523" /><ent r="3" t="60" w="525" /><ent r="3" t="60" w="747" /><ent r="3" t="60" w="800" /><ent r="3" t="60" w="1381" /><ent r="3" t="66" w="106" /><ent r="7" t="67" w="337" /><ent r="4" t="74" w="51" /><ent r="4" t="76" w="246" /><ent r="5" t="76" w="265" /></phr></stem><stem n=".227-19(c)(2)"><phr n=".227-19(c)(2)"><ent r="3" t="1" w="547" /></phr></stem><stem n="far"><phr n="FAR"><ent r="3" t="1" w="549" /><ent r="3" t="1" w="569" /></phr><phr n="far"><ent r="4" t="23" w="2231" /></phr></stem><stem n="case"><phr n="case"><ent r="3" t="1" w="553" /><ent r="3" t="3" w="97" /><ent r="3" t="13" w="454" /><ent r="4" t="16" w="1758" /><ent r="3" t="17" w="114" /><ent r="4" t="23" w="1225" /><ent r="4" t="23" w="1235" /><ent r="3" t="25" w="321" /><ent r="3" t="25" w="368" /><ent r="4" t="34" w="338" /><ent r="4" t="34" w="667" /><ent r="4" t="34" w="687" /><ent r="4" t="34" w="798" /><ent r="4" t="34" w="1344" /><ent r="3" t="34" w="1512" /><ent r="3" t="36" w="2481" /><ent r="3" t="42" w="298" /><ent r="3" t="53" w="115" /><ent r="3" t="53" w="155" /><ent r="3" t="53" w="530" /><ent r="3" t="60" w="498" /><ent r="3" t="60" w="626" /><ent r="3" t="65" w="419" /><ent r="7" t="67" w="585" /></phr><phr n="Cases"><ent r="4" t="11" w="454" /></phr><phr n="cases"><ent r="4" t="11" w="526" /><ent r="5" t="13" w="158" /><ent r="3" t="18" w="1193" /><ent r="3" t="28" w="874" /><ent r="3" t="34" w="719" /><ent r="3" t="34" w="1026" /><ent r="3" t="54" w="69" /><ent r="3" t="63" w="220" /><ent r="6" t="67" w="402" /></phr><phr n="Case"><ent r="4" t="23" w="694" /><ent r="4" t="23" w="716" /><ent r="3" t="23" w="1006" /><ent r="3" t="23" w="1065" /><ent r="100" t="34" w="648" /><ent r="100" t="34" w="651" /><ent r="100" t="34" w="654" /><ent r="82" t="34" w="659" /><ent r="100" t="34" w="670" /><ent r="3" t="60" w="1055" /><ent r="3" t="60" w="1057" /><ent r="3" t="60" w="1062" /><ent r="3" t="60" w="1066" /><ent r="3" t="60" w="1071" /><ent r="3" t="60" w="1075" /><ent r="3" t="60" w="1079" /><ent r="3" t="60" w="1084" /><ent r="3" t="60" w="1088" /><ent r="3" t="60" w="1092" /></phr><phr n="CASE"><ent r="100" t="34" w="342" /><ent r="4" t="34" w="352" /></phr></stem><stem n="nasa"><phr n="NASA"><ent r="3" t="1" w="555" /><ent r="3" t="1" w="565" /></phr></stem><stem n="18"><phr n="18"><ent r="3" t="1" w="558" /><ent r="3" t="14" w="139" /><ent r="3" t="14" w="772" /><ent r="3" t="21" w="1192" /><ent r="3" t="21" w="1194" /><ent r="3" t="21" w="1327" /><ent r="3" t="21" w="1329" /><ent r="3" t="21" w="1344" /><ent r="3" t="21" w="1361" /><ent r="3" t="36" w="4032" /><ent r="3" t="36" w="4480" /><ent r="3" t="36" w="4608" /><ent r="3" t="48" w="776" /></phr></stem><stem n="18-52"><phr n="18-52"><ent r="3" t="1" w="558" /></phr></stem><stem n="227-86"><phr n="227-86"><ent r="3" t="1" w="560" /></phr></stem><stem n="86"><phr n="86"><ent r="3" t="1" w="561" /></phr></stem><stem n="18-52.d"><phr n="18-52.d"><ent r="3" t="1" w="562" /><ent r="3" t="1" w="559" /></phr></stem><stem n="d"><phr n="d"><ent r="3" t="1" w="562" /><ent r="3" t="14" w="679" /><ent r="3" t="14" w="1198" /><ent r="3" t="14" w="1318" /><ent r="4" t="23" w="1201" /><ent r="3" t="23" w="1531" /><ent r="4" t="23" w="1705" /><ent r="3" t="23" w="1871" /><ent r="4" t="40" w="295" /><ent r="3" t="45" w="481" /><ent r="3" t="48" w="753" /><ent r="3" t="59" w="158" /><ent r="3" t="60" w="547" /><ent r="3" t="60" w="869" /></phr></stem><stem n="-52.227-86(d)"><phr n="-52.227-86(d)"><ent r="3" t="1" w="563" /><ent r="3" t="1" w="564" /></phr></stem><stem n="supplement"><phr n="Supplement"><ent r="3" t="1" w="566" /></phr></stem><stem n="manufactur"><phr n="manufacturer"><ent r="3" t="1" w="571" /></phr></stem><stem n="-7"><phr n="-7"><ent r="3" t="1" w="575" /><ent r="3" t="1" w="575" /><ent r="3" t="1" w="728" /><ent r="3" t="1" w="728" /></phr></stem><stem n="66"><phr n="66"><ent r="3" t="1" w="575" /><ent r="3" t="1" w="728" /></phr></stem><stem n="66-7"><phr n="66-7"><ent r="3" t="1" w="575" /><ent r="3" t="1" w="728" /></phr></stem><stem n="7"><phr n="7"><ent r="3" t="1" w="576" /><ent r="3" t="1" w="729" /><ent r="8" t="11" w="344" /><ent r="4" t="18" w="1609" /><ent r="3" t="18" w="1708" /><ent r="3" t="23" w="2320" /><ent r="3" t="31" w="947" /><ent r="3" t="31" w="1698" /><ent r="3" t="34" w="420" /><ent r="3" t="34" w="431" /><ent r="3" t="39" w="1148" /><ent r="3" t="53" w="373" /><ent r="3" t="53" w="432" /><ent r="3" t="54" w="981" /></phr></stem><stem n="ben"><phr n="Benning"><ent r="3" t="1" w="577" /><ent r="3" t="1" w="730" /></phr></stem><stem n="street"><phr n="Street"><ent r="3" t="1" w="578" /><ent r="3" t="1" w="731" /></phr></stem><stem n="west"><phr n="West"><ent r="3" t="1" w="579" /><ent r="3" t="1" w="733" /></phr></stem><stem n="lebanon"><phr n="Lebanon"><ent r="3" t="1" w="580" /><ent r="3" t="1" w="734" /><ent r="4" t="48" w="86" /></phr></stem><stem n="nh"><phr n="NH"><ent r="3" t="1" w="581" /><ent r="3" t="1" w="735" /><ent r="3" t="32" w="105" /></phr></stem><stem n="03784"><phr n="03784"><ent r="3" t="1" w="582" /><ent r="3" t="1" w="736" /></phr></stem><stem n="usa"><phr n="USA"><ent r="3" t="1" w="583" /><ent r="3" t="1" w="737" /><ent r="3" t="32" w="108" /></phr></stem><stem n="new"><phr n="New"><ent r="3" t="1" w="597" /></phr><phr n="new"><ent r="3" t="3" w="553" /><ent r="3" t="3" w="559" /><ent r="3" t="11" w="108" /><ent r="3" t="13" w="585" /><ent r="3" t="14" w="310" /><ent r="3" t="14" w="959" /><ent r="4" t="18" w="798" /><ent r="4" t="20" w="241" /><ent r="3" t="20" w="327" /><ent r="3" t="20" w="442" /><ent r="3" t="20" w="463" /><ent r="3" t="20" w="689" /><ent r="4" t="21" w="686" /><ent r="4" t="21" w="714" /><ent r="4" t="21" w="734" /><ent r="3" t="27" w="266" /><ent r="3" t="27" w="285" /><ent r="3" t="31" w="52" /><ent r="3" t="33" w="733" /><ent r="3" t="36" w="4186" /><ent r="3" t="38" w="117" /><ent r="3" t="46" w="739" /><ent r="4" t="49" w="150" /><ent r="4" t="49" w="188" /><ent r="4" t="49" w="217" /><ent r="3" t="51" w="65" /><ent r="7" t="67" w="492" /><ent r="6" t="67" w="777" /><ent r="6" t="69" w="2214" /><ent r="6" t="69" w="2241" /></phr></stem><stem n="hampshir"><phr n="Hampshire"><ent r="3" t="1" w="598" /></phr></stem><stem n="court"><phr n="court"><ent r="3" t="1" w="604" /></phr></stem><stem n="compet"><phr n="competent"><ent r="3" t="1" w="606" /></phr></stem><stem n="jurisdict"><phr n="jurisdiction"><ent r="3" t="1" w="607" /></phr></stem><stem n="portion"><phr n="portion"><ent r="3" t="1" w="615" /></phr><phr n="Portions"><ent r="3" t="2" w="9" /></phr><phr n="portions"><ent r="4" t="37" w="71" /></phr></stem><stem n="thereof"><phr n="thereof"><ent r="3" t="1" w="616" /></phr></stem><stem n="unenforc"><phr n="unenforceable"><ent r="3" t="1" w="619" /></phr></stem><stem n="enforc"><phr n="enforced"><ent r="3" t="1" w="627" /><ent r="3" t="23" w="1450" /></phr></stem><stem n="maximum"><phr n="maximum"><ent r="3" t="1" w="630" /><ent r="4" t="15" w="942" /><ent r="3" t="23" w="1444" /><ent r="4" t="24" w="187" /><ent r="4" t="36" w="2283" /><ent r="3" t="45" w="41" /><ent r="3" t="54" w="429" /><ent r="3" t="54" w="835" /><ent r="3" t="55" w="355" /></phr><phr n="Maximum"><ent r="4" t="23" w="458" /></phr></stem><stem n="extent"><phr n="extent"><ent r="3" t="1" w="631" /></phr></stem><stem n="permiss"><phr n="permissible"><ent r="3" t="1" w="632" /></phr><phr n="permissions"><ent r="4" t="39" w="963" /><ent r="4" t="39" w="1022" /><ent r="3" t="64" w="289" /></phr></stem><stem n="so"><phr n="so"><ent r="3" t="1" w="633" /><ent r="3" t="7" w="265" /><ent r="3" t="7" w="333" /><ent r="3" t="10" w="187" /><ent r="3" t="14" w="104" /><ent r="3" t="14" w="227" /><ent r="3" t="14" w="1219" /><ent r="3" t="14" w="1281" /><ent r="4" t="16" w="1371" /><ent r="3" t="18" w="324" /><ent r="3" t="19" w="88" /><ent r="3" t="21" w="527" /><ent r="3" t="23" w="1388" /><ent r="4" t="34" w="831" /><ent r="4" t="34" w="843" /><ent r="4" t="36" w="423" /><ent r="4" t="36" w="2289" /><ent r="3" t="36" w="2841" /><ent r="4" t="39" w="964" /><ent r="3" t="45" w="98" /><ent r="3" t="51" w="67" /></phr><phr n="So"><ent r="3" t="41" w="102" /></phr></stem><stem n="effect"><phr n="effect"><ent r="3" t="1" w="636" /><ent r="3" t="1" w="654" /><ent r="5" t="13" w="403" /><ent r="4" t="21" w="812" /><ent r="3" t="21" w="1402" /><ent r="3" t="34" w="1692" /><ent r="4" t="36" w="2877" /><ent r="3" t="64" w="329" /></phr><phr n="effective"><ent r="3" t="4" w="751" /></phr><phr n="effectively"><ent r="6" t="69" w="2218" /><ent r="6" t="69" w="2245" /></phr></stem><stem n="intent"><phr n="intent"><ent r="3" t="1" w="638" /></phr></stem><stem n="parti"><phr n="parties"><ent r="3" t="1" w="641" /></phr><phr n="party"><ent r="1000" t="2" w="2" /><ent r="102" t="2" w="6" /><ent r="64" t="2" w="39" /></phr></stem><stem n="remaind"><phr n="remainder"><ent r="3" t="1" w="644" /><ent r="3" t="12" w="125" /><ent r="3" t="18" w="742" /><ent r="3" t="18" w="1476" /><ent r="3" t="27" w="163" /><ent r="3" t="31" w="373" /><ent r="3" t="32" w="33" /><ent r="3" t="36" w="1352" /><ent r="4" t="65" w="311" /></phr></stem><stem n="full"><phr n="full"><ent r="3" t="1" w="651" /><ent r="6" t="5" w="243" /><ent r="6" t="5" w="332" /><ent r="6" t="5" w="339" /><ent r="6" t="5" w="365" /><ent r="5" t="5" w="405" /><ent r="3" t="7" w="427" /><ent r="3" t="7" w="463" /><ent r="3" t="7" w="526" /><ent r="5" t="13" w="216" /><ent r="5" t="13" w="251" /><ent r="3" t="15" w="706" /><ent r="4" t="16" w="1339" /><ent r="4" t="18" w="916" /><ent r="3" t="18" w="1405" /><ent r="3" t="23" w="3042" /><ent r="3" t="28" w="620" /><ent r="3" t="33" w="145" /><ent r="3" t="38" w="593" /><ent r="3" t="48" w="957" /><ent r="3" t="57" w="175" /><ent r="3" t="59" w="169" /><ent r="4" t="65" w="110" /><ent r="6" t="69" w="1856" /><ent r="6" t="69" w="1866" /><ent r="6" t="69" w="1876" /></phr><phr n="Full"><ent r="4" t="23" w="1676" /><ent r="4" t="23" w="1686" /></phr></stem><stem n="forc"><phr n="force"><ent r="3" t="1" w="652" /><ent r="6" t="16" w="496" /><ent r="3" t="28" w="754" /><ent r="3" t="36" w="2725" /><ent r="3" t="48" w="731" /><ent r="4" t="64" w="336" /><ent r="6" t="67" w="688" /></phr><phr n="forces"><ent r="3" t="14" w="1061" /><ent r="3" t="42" w="766" /><ent r="3" t="47" w="206" /><ent r="6" t="67" w="769" /></phr></stem><stem n="understand"><phr n="understand"><ent r="3" t="1" w="666" /><ent r="3" t="14" w="231" /><ent r="3" t="28" w="853" /></phr></stem><stem n="condit"><phr n="conditions"><ent r="3" t="1" w="677" /><ent r="4" t="3" w="483" /><ent r="4" t="4" w="380" /><ent r="3" t="20" w="20" /><ent r="3" t="20" w="64" /><ent r="3" t="33" w="462" /><ent r="3" t="33" w="474" /><ent r="3" t="48" w="133" /><ent r="3" t="54" w="1175" /></phr><phr n="Conditional"><ent r="3" t="13" w="1941" /><ent r="100" t="23" w="324" /><ent r="4" t="23" w="327" /><ent r="3" t="25" w="53" /><ent r="92" t="25" w="818" /><ent r="3" t="25" w="930" /></phr><phr n="condition"><ent r="3" t="14" w="125" /><ent r="3" t="14" w="913" /><ent r="3" t="15" w="104" /><ent r="3" t="16" w="1691" /><ent r="4" t="17" w="60" /><ent r="3" t="17" w="284" /><ent r="3" t="17" w="323" /><ent r="3" t="20" w="55" /><ent r="3" t="20" w="135" /><ent r="4" t="20" w="242" /><ent r="3" t="20" w="302" /><ent r="4" t="20" w="882" /><ent r="3" t="21" w="34" /><ent r="5" t="21" w="387" /><ent r="4" t="21" w="393" /><ent r="4" t="21" w="412" /><ent r="5" t="21" w="418" /><ent r="4" t="21" w="844" /><ent r="3" t="21" w="988" /><ent r="3" t="21" w="989" /><ent r="3" t="21" w="997" /><ent r="3" t="21" w="1019" /><ent r="3" t="21" w="1082" /><ent r="3" t="21" w="1083" /><ent r="3" t="21" w="1100" /><ent r="3" t="21" w="1556" /><ent r="3" t="21" w="1564" /><ent r="3" t="21" w="1572" /><ent r="3" t="32" w="288" /><ent r="3" t="33" w="48" /><ent r="4" t="34" w="303" /><ent r="4" t="34" w="1132" /><ent r="4" t="36" w="533" /><ent r="4" t="36" w="544" /><ent r="4" t="36" w="707" /><ent r="3" t="36" w="1490" /><ent r="3" t="36" w="1529" /><ent r="3" t="36" w="1580" /><ent r="5" t="36" w="1835" /><ent r="3" t="36" w="3391" /><ent r="4" t="39" w="784" /><ent r="3" t="46" w="137" /><ent r="3" t="46" w="186" /><ent r="4" t="46" w="792" /><ent r="3" t="47" w="85" /><ent r="3" t="53" w="178" /></phr><phr n="conditional"><ent r="3" t="16" w="1887" /><ent r="3" t="25" w="823" /><ent r="3" t="25" w="1010" /><ent r="3" t="36" w="1741" /></phr><phr n="Condition"><ent r="3" t="21" w="37" /><ent r="3" t="21" w="54" /><ent r="3" t="21" w="57" /><ent r="5" t="21" w="149" /><ent r="5" t="21" w="216" /><ent r="4" t="21" w="229" /><ent r="3" t="22" w="174" /><ent r="3" t="22" w="177" /><ent r="3" t="31" w="1234" /><ent r="3" t="31" w="1618" /><ent r="4" t="46" w="512" /><ent r="8" t="69" w="968" /></phr><phr n="Conditions"><ent r="100" t="54" w="1165" /><ent r="72" t="54" w="1168" /></phr></stem><stem n="further"><phr n="further"><ent r="3" t="1" w="679" /><ent r="3" t="14" w="81" /><ent r="3" t="17" w="286" /><ent r="3" t="19" w="314" /><ent r="3" t="20" w="409" /><ent r="3" t="26" w="37" /><ent r="3" t="45" w="248" /><ent r="3" t="48" w="507" /></phr></stem><stem n="complet"><phr n="complete"><ent r="3" t="1" w="685" /><ent r="3" t="15" w="598" /><ent r="6" t="16" w="589" /><ent r="3" t="25" w="662" /><ent r="3" t="27" w="272" /><ent r="3" t="28" w="771" /></phr><phr n="completely"><ent r="3" t="27" w="323" /></phr><phr n="completed"><ent r="3" t="55" w="404" /></phr></stem><stem n="exclus"><phr n="exclusive"><ent r="3" t="1" w="687" /><ent r="4" t="23" w="523" /><ent r="4" t="54" w="242" /></phr></stem></index>