<?xml version="1.0" encoding="utf-8"?><index><stem n="protect"><phr n="protected"><ent r="3" t="1" w="118" /></phr></stem><stem n="unit"><phr n="United"><ent r="3" t="1" w="120" /><ent r="3" t="1" w="447" /><ent r="3" t="1" w="520" /></phr><phr n="unit"><ent r="3" t="1" w="442" /><ent r="3" t="1" w="515" /><ent r="4" t="8" w="133" /><ent r="3" t="26" w="258" /><ent r="4" t="69" w="1594" /></phr><phr n="Units"><ent r="4" t="8" w="145" /><ent r="92" t="8" w="367" /><ent r="3" t="26" w="234" /><ent r="3" t="26" w="338" /></phr><phr n="units"><ent r="3" t="8" w="374" /><ent r="3" t="8" w="603" /><ent r="5" t="8" w="692" /><ent r="4" t="8" w="721" /><ent r="4" t="8" w="728" /><ent r="4" t="8" w="750" /><ent r="3" t="8" w="768" /><ent r="3" t="8" w="775" /><ent r="3" t="8" w="781" /><ent r="5" t="13" w="372" /><ent r="5" t="13" w="711" /><ent r="5" t="13" w="1330" /><ent r="3" t="13" w="2135" /><ent r="3" t="13" w="2269" /></phr><phr n="Unit"><ent r="5" t="9" w="38" /><ent r="3" t="28" w="982" /><ent r="3" t="28" w="1089" /></phr></stem><stem n="copyright"><phr n="copyright"><ent r="3" t="1" w="122" /></phr><phr n="copyrighted"><ent r="3" t="1" w="142" /><ent r="3" t="2" w="19" /></phr><phr n="Copyright"><ent r="3" t="14" w="740" /><ent r="3" t="31" w="37" /><ent r="3" t="32" w="56" /><ent r="3" t="38" w="101" /><ent r="3" t="42" w="439" /><ent r="3" t="42" w="698" /><ent r="3" t="44" w="91" /><ent r="3" t="47" w="20" /><ent r="3" t="48" w="492" /></phr></stem><stem n="law"><phr n="laws"><ent r="3" t="1" w="123" /><ent r="3" t="1" w="592" /></phr></stem><stem n="intern"><phr n="international"><ent r="3" t="1" w="125" /></phr><phr n="Internal"><ent r="5" t="9" w="84" /><ent r="5" t="9" w="176" /><ent r="5" t="9" w="347" /><ent r="5" t="9" w="779" /></phr><phr n="internal"><ent r="3" t="14" w="1034" /><ent r="7" t="67" w="408" /></phr></stem><stem n="treati"><phr n="treaty"><ent r="3" t="1" w="126" /></phr></stem><stem n="provis"><phr n="provisions"><ent r="3" t="1" w="127" /><ent r="3" t="1" w="452" /></phr><phr n="provision"><ent r="3" t="1" w="610" /><ent r="3" t="1" w="621" /></phr></stem><stem n="therefor"><phr n="Therefore"><ent r="3" t="1" w="133" /><ent r="3" t="27" w="315" /></phr><phr n="therefore"><ent r="3" t="21" w="547" /><ent r="3" t="76" w="35" /></phr></stem><stem n="must"><phr n="must"><ent r="3" t="1" w="135" /><ent r="3" t="1" w="245" /><ent r="3" t="4" w="729" /><ent r="4" t="5" w="1247" /><ent r="3" t="7" w="460" /><ent r="3" t="13" w="445" /><ent r="4" t="16" w="792" /><ent r="4" t="16" w="1373" /><ent r="3" t="18" w="734" /><ent r="4" t="18" w="1862" /><ent r="4" t="18" w="1924" /><ent r="3" t="23" w="1641" /><ent r="3" t="25" w="215" /><ent r="3" t="25" w="396" /><ent r="3" t="25" w="775" /><ent r="3" t="28" w="876" /><ent r="4" t="34" w="355" /><ent r="4" t="34" w="481" /><ent r="4" t="34" w="1169" /><ent r="4" t="36" w="1240" /><ent r="3" t="36" w="1492" /><ent r="3" t="36" w="1539" /><ent r="3" t="36" w="2070" /><ent r="3" t="36" w="2931" /><ent r="3" t="36" w="3205" /><ent r="3" t="36" w="3400" /><ent r="3" t="36" w="4372" /><ent r="3" t="45" w="101" /><ent r="4" t="48" w="243" /><ent r="4" t="49" w="288" /><ent r="3" t="60" w="362" /><ent r="3" t="63" w="121" /><ent r="3" t="64" w="285" /><ent r="4" t="67" w="30" /><ent r="6" t="67" w="168" /><ent r="6" t="67" w="604" /><ent r="6" t="69" w="158" /><ent r="4" t="77" w="61" /></phr><phr n="MUST"><ent r="100" t="34" w="344" /><ent r="4" t="34" w="348" /></phr><phr n="Must"><ent r="3" t="60" w="924" /></phr></stem><stem n="treat"><phr n="treat"><ent r="3" t="1" w="136" /><ent r="3" t="14" w="965" /><ent r="4" t="23" w="2408" /><ent r="3" t="36" w="2728" /><ent r="3" t="63" w="358" /><ent r="6" t="67" w="264" /></phr><phr n="treated"><ent r="6" t="5" w="1142" /><ent r="4" t="21" w="117" /><ent r="3" t="21" w="594" /><ent r="3" t="21" w="621" /><ent r="4" t="23" w="249" /><ent r="3" t="34" w="423" /><ent r="3" t="34" w="1372" /><ent r="3" t="34" w="1783" /><ent r="4" t="36" w="2299" /><ent r="3" t="70" w="436" /><ent r="3" t="70" w="463" /></phr><phr n="treats"><ent r="4" t="11" w="486" /></phr></stem><stem n="like"><phr n="like"><ent r="3" t="1" w="139" /><ent r="3" t="7" w="116" /><ent r="3" t="7" w="301" /><ent r="4" t="8" w="92" /><ent r="4" t="8" w="652" /><ent r="4" t="13" w="1618" /><ent r="3" t="13" w="2534" /><ent r="3" t="16" w="1917" /><ent r="3" t="16" w="2006" /><ent r="3" t="18" w="293" /><ent r="3" t="20" w="537" /><ent r="100" t="23" w="225" /><ent r="4" t="23" w="264" /><ent r="4" t="23" w="1696" /><ent r="3" t="25" w="509" /><ent r="4" t="40" w="296" /><ent r="4" t="40" w="345" /><ent r="3" t="45" w="206" /><ent r="3" t="46" w="623" /><ent r="3" t="48" w="778" /><ent r="3" t="48" w="893" /><ent r="3" t="57" w="402" /><ent r="3" t="70" w="437" /><ent r="3" t="70" w="464" /><ent r="4" t="76" w="159" /><ent r="4" t="76" w="254" /></phr><phr n="Like"><ent r="3" t="15" w="91" /><ent r="3" t="15" w="827" /><ent r="3" t="24" w="34" /></phr><phr n="likely"><ent r="3" t="40" w="510" /><ent r="4" t="60" w="245" /></phr></stem><stem n="ani"><phr n="any"><ent r="3" t="1" w="140" /><ent r="3" t="1" w="230" /><ent r="3" t="1" w="277" /><ent r="3" t="1" w="348" /><ent r="3" t="1" w="366" /><ent r="3" t="1" w="380" /><ent r="3" t="1" w="408" /><ent r="3" t="1" w="441" /><ent r="3" t="1" w="514" /><ent r="3" t="1" w="601" /><ent r="3" t="1" w="609" /><ent r="3" t="3" w="124" /><ent r="4" t="4" w="616" /><ent r="4" t="5" w="1184" /><ent r="3" t="8" w="580" /><ent r="5" t="13" w="267" /><ent r="3" t="13" w="1823" /><ent r="4" t="16" w="733" /><ent r="3" t="20" w="119" /><ent r="3" t="20" w="137" /><ent r="3" t="20" w="462" /><ent r="3" t="20" w="682" /><ent r="4" t="21" w="433" /><ent r="6" t="23" w="2914" /><ent r="3" t="25" w="211" /><ent r="3" t="25" w="891" /><ent r="3" t="26" w="218" /><ent r="3" t="31" w="188" /><ent r="3" t="31" w="322" /><ent r="3" t="34" w="269" /><ent r="3" t="36" w="1328" /><ent r="3" t="36" w="1676" /><ent r="3" t="36" w="1876" /><ent r="3" t="36" w="2324" /><ent r="3" t="36" w="3550" /><ent r="3" t="37" w="280" /><ent r="4" t="39" w="227" /><ent r="3" t="39" w="313" /><ent r="3" t="39" w="632" /><ent r="4" t="39" w="804" /><ent r="4" t="40" w="273" /><ent r="3" t="46" w="95" /><ent r="4" t="46" w="842" /><ent r="3" t="51" w="106" /><ent r="3" t="64" w="278" /><ent r="3" t="65" w="477" /><ent r="3" t="65" w="488" /><ent r="3" t="70" w="337" /></phr><phr n="Any"><ent r="5" t="13" w="384" /><ent r="5" t="13" w="1461" /></phr></stem><stem n="materi"><phr n="material"><ent r="3" t="1" w="143" /><ent r="3" t="2" w="22" /></phr></stem><stem n="e.g"><phr n="e.g"><ent r="3" t="1" w="145" /><ent r="3" t="1" w="144" /><ent r="4" t="11" w="480" /><ent r="4" t="11" w="479" /><ent r="5" t="13" w="1438" /><ent r="5" t="13" w="1437" /><ent r="4" t="16" w="1303" /><ent r="4" t="16" w="1302" /><ent r="3" t="20" w="26" /><ent r="3" t="20" w="25" /><ent r="4" t="20" w="873" /><ent r="4" t="20" w="872" /><ent r="4" t="21" w="163" /><ent r="4" t="21" w="162" /><ent r="4" t="23" w="434" /><ent r="4" t="23" w="433" /><ent r="4" t="23" w="575" /><ent r="4" t="23" w="574" /><ent r="4" t="23" w="633" /><ent r="4" t="23" w="632" /><ent r="4" t="23" w="1818" /><ent r="4" t="23" w="1817" /><ent r="4" t="34" w="371" /><ent r="4" t="34" w="370" /><ent r="3" t="36" w="4367" /><ent r="3" t="36" w="4366" /><ent r="3" t="48" w="688" /><ent r="3" t="48" w="687" /><ent r="6" t="69" w="1864" /><ent r="6" t="69" w="1863" /><ent r="6" t="69" w="1883" /><ent r="6" t="69" w="1882" /><ent r="6" t="69" w="1914" /><ent r="6" t="69" w="1913" /><ent r="6" t="69" w="1934" /><ent r="6" t="69" w="1933" /><ent r="6" t="69" w="1949" /><ent r="6" t="69" w="1948" /><ent r="6" t="69" w="1968" /><ent r="6" t="69" w="1967" /><ent r="6" t="69" w="1993" /><ent r="6" t="69" w="1992" /></phr></stem><stem n="g"><phr n="g"><ent r="3" t="1" w="145" /><ent r="4" t="11" w="480" /><ent r="5" t="13" w="1236" /><ent r="5" t="13" w="1438" /><ent r="4" t="16" w="1303" /><ent r="3" t="20" w="26" /><ent r="4" t="20" w="873" /><ent r="4" t="21" w="163" /><ent r="4" t="23" w="434" /><ent r="4" t="23" w="575" /><ent r="4" t="23" w="633" /><ent r="4" t="23" w="1288" /><ent r="3" t="23" w="1562" /><ent r="4" t="23" w="1818" /><ent r="4" t="34" w="371" /><ent r="3" t="36" w="4367" /><ent r="3" t="48" w="688" /><ent r="3" t="60" w="714" /><ent r="3" t="60" w="720" /><ent r="3" t="60" w="767" /><ent r="3" t="60" w="773" /><ent r="6" t="69" w="1864" /><ent r="6" t="69" w="1883" /><ent r="6" t="69" w="1914" /><ent r="6" t="69" w="1934" /><ent r="6" t="69" w="1949" /><ent r="6" t="69" w="1968" /><ent r="6" t="69" w="1993" /></phr><phr n="G"><ent r="6" t="11" w="189" /><ent r="3" t="13" w="2288" /><ent r="6" t="36" w="599" /><ent r="5" t="36" w="2661" /></phr></stem><stem n="e.g."><phr n="e.g."><ent r="3" t="1" w="145" /><ent r="3" t="1" w="144" /><ent r="4" t="11" w="480" /><ent r="4" t="11" w="479" /><ent r="5" t="13" w="1438" /><ent r="5" t="13" w="1437" /><ent r="4" t="16" w="1303" /><ent r="4" t="16" w="1302" /><ent r="3" t="20" w="26" /><ent r="3" t="20" w="25" /><ent r="4" t="20" w="873" /><ent r="4" t="20" w="872" /><ent r="4" t="21" w="163" /><ent r="4" t="21" w="162" /><ent r="4" t="23" w="434" /><ent r="4" t="23" w="433" /><ent r="4" t="23" w="575" /><ent r="4" t="23" w="574" /><ent r="4" t="23" w="633" /><ent r="4" t="23" w="632" /><ent r="4" t="23" w="1818" /><ent r="4" t="23" w="1817" /><ent r="4" t="34" w="371" /><ent r="4" t="34" w="370" /><ent r="3" t="36" w="4367" /><ent r="3" t="36" w="4366" /><ent r="3" t="48" w="688" /><ent r="3" t="48" w="687" /><ent r="6" t="69" w="1864" /><ent r="6" t="69" w="1863" /><ent r="6" t="69" w="1883" /><ent r="6" t="69" w="1882" /><ent r="6" t="69" w="1914" /><ent r="6" t="69" w="1913" /><ent r="6" t="69" w="1934" /><ent r="6" t="69" w="1933" /><ent r="6" t="69" w="1949" /><ent r="6" t="69" w="1948" /><ent r="6" t="69" w="1968" /><ent r="6" t="69" w="1967" /><ent r="6" t="69" w="1993" /><ent r="6" t="69" w="1992" /></phr></stem><stem n="(e.g.,"><phr n="(e.g.,"><ent r="3" t="1" w="146" /><ent r="4" t="11" w="481" /><ent r="3" t="20" w="27" /><ent r="4" t="20" w="874" /><ent r="6" t="69" w="1865" /><ent r="6" t="69" w="1884" /><ent r="6" t="69" w="1915" /><ent r="6" t="69" w="1935" /><ent r="6" t="69" w="1950" /><ent r="6" t="69" w="1969" /><ent r="6" t="69" w="1994" /></phr></stem><stem n="book"><phr n="book"><ent r="3" t="1" w="147" /></phr></stem><stem n="music"><phr n="musical"><ent r="3" t="1" w="149" /></phr></stem><stem n="record"><phr n="recording"><ent r="3" t="1" w="150" /><ent r="92" t="8" w="220" /><ent r="100" t="8" w="234" /><ent r="3" t="8" w="579" /><ent r="3" t="9" w="12" /></phr><phr n="recorded"><ent r="3" t="8" w="28" /><ent r="4" t="8" w="162" /><ent r="3" t="8" w="236" /><ent r="3" t="8" w="271" /><ent r="3" t="8" w="354" /></phr><phr n="Recorded"><ent r="4" t="8" w="102" /><ent r="64" t="8" w="328" /><ent r="4" t="8" w="662" /><ent r="1000" t="9" w="2" /><ent r="102" t="9" w="7" /></phr><phr n="record"><ent r="3" t="8" w="253" /><ent r="3" t="8" w="322" /><ent r="3" t="9" w="29" /></phr><phr n="Records"><ent r="5" t="37" w="108" /><ent r="5" t="37" w="124" /></phr></stem><stem n=")."><phr n=")."><ent r="3" t="1" w="151" /><ent r="4" t="3" w="236" /><ent r="3" t="4" w="785" /><ent r="5" t="5" w="600" /><ent r="3" t="7" w="38" /><ent r="3" t="11" w="93" /><ent r="5" t="11" w="204" /><ent r="4" t="13" w="1639" /><ent r="4" t="15" w="159" /><ent r="4" t="16" w="244" /><ent r="6" t="16" w="403" /><ent r="3" t="17" w="243" /><ent r="4" t="21" w="852" /><ent r="3" t="21" w="1122" /><ent r="3" t="21" w="1242" /><ent r="3" t="22" w="167" /><ent r="4" t="23" w="849" /><ent r="3" t="23" w="916" /><ent r="3" t="23" w="981" /><ent r="3" t="23" w="1968" /><ent r="4" t="23" w="2315" /><ent r="3" t="23" w="2392" /><ent r="4" t="23" w="2483" /><ent r="3" t="27" w="38" /><ent r="4" t="28" w="317" /><ent r="4" t="28" w="331" /><ent r="3" t="34" w="298" /><ent r="3" t="36" w="179" /><ent r="4" t="36" w="2621" /><ent r="3" t="36" w="4456" /><ent r="3" t="36" w="4579" /><ent r="3" t="46" w="32" /><ent r="3" t="46" w="413" /><ent r="3" t="55" w="383" /><ent r="3" t="56" w="31" /><ent r="3" t="58" w="46" /><ent r="3" t="60" w="112" /><ent r="3" t="65" w="389" /><ent r="6" t="69" w="1871" /><ent r="6" t="69" w="2200" /><ent r="6" t="69" w="2280" /><ent r="3" t="70" w="386" /></phr></stem><stem n="allow"><phr n="allows"><ent r="3" t="1" w="156" /><ent r="4" t="4" w="632" /><ent r="4" t="4" w="677" /><ent r="3" t="13" w="2442" /><ent r="3" t="18" w="1212" /><ent r="3" t="19" w="209" /><ent r="3" t="20" w="76" /><ent r="3" t="21" w="570" /><ent r="4" t="24" w="244" /><ent r="4" t="24" w="311" /><ent r="3" t="34" w="444" /><ent r="3" t="34" w="1047" /><ent r="100" t="36" w="1301" /><ent r="3" t="36" w="1333" /><ent r="3" t="36" w="3830" /><ent r="3" t="40" w="17" /><ent r="3" t="41" w="24" /><ent r="3" t="54" w="57" /><ent r="3" t="56" w="33" /><ent r="4" t="56" w="115" /><ent r="3" t="76" w="18" /></phr><phr n="Allows"><ent r="4" t="4" w="376" /></phr><phr n="ALLOW"><ent r="6" t="5" w="946" /></phr><phr n="allow"><ent r="6" t="5" w="982" /><ent r="3" t="13" w="1361" /><ent r="3" t="13" w="2481" /><ent r="4" t="24" w="275" /><ent r="3" t="25" w="826" /><ent r="3" t="25" w="988" /><ent r="3" t="66" w="11" /></phr><phr n="allowed"><ent r="5" t="11" w="235" /><ent r="3" t="25" w="79" /></phr><phr n="allowing"><ent r="3" t="13" w="1833" /><ent r="3" t="36" w="1684" /><ent r="3" t="56" w="143" /></phr><phr n="allowable"><ent r="4" t="16" w="810" /></phr></stem><stem n="right"><phr n="right"><ent r="3" t="1" w="159" /><ent r="3" t="1" w="236" /><ent r="3" t="7" w="406" /><ent r="3" t="21" w="1264" /><ent r="4" t="23" w="512" /><ent r="3" t="23" w="1387" /><ent r="3" t="43" w="59" /><ent r="4" t="49" w="87" /><ent r="4" t="49" w="298" /><ent r="3" t="58" w="209" /></phr><phr n="rights"><ent r="3" t="1" w="484" /><ent r="3" t="1" w="529" /><ent r="3" t="14" w="747" /><ent r="3" t="32" w="64" /><ent r="3" t="42" w="445" /><ent r="3" t="42" w="704" /><ent r="3" t="44" w="97" /><ent r="3" t="47" w="26" /></phr><phr n="Right"><ent r="4" t="48" w="50" /><ent r="4" t="49" w="170" /><ent r="3" t="60" w="1047" /><ent r="3" t="60" w="1127" /></phr></stem><stem n="singl"><phr n="single"><ent r="3" t="1" w="169" /><ent r="3" t="7" w="293" /><ent r="4" t="16" w="1369" /><ent r="3" t="16" w="1991" /><ent r="4" t="18" w="157" /><ent r="3" t="18" w="1439" /><ent r="3" t="20" w="23" /><ent r="3" t="20" w="28" /><ent r="4" t="20" w="581" /><ent r="3" t="20" w="720" /><ent r="3" t="21" w="900" /><ent r="6" t="23" w="2915" /><ent r="3" t="26" w="150" /><ent r="4" t="37" w="416" /><ent r="3" t="39" w="548" /><ent r="3" t="42" w="50" /><ent r="5" t="46" w="479" /><ent r="3" t="63" w="326" /><ent r="4" t="69" w="1592" /><ent r="4" t="76" w="240" /></phr><phr n="Single"><ent r="3" t="26" w="10" /><ent r="3" t="26" w="55" /><ent r="3" t="26" w="105" /><ent r="3" t="26" w="121" /><ent r="3" t="26" w="142" /></phr></stem><stem n="make"><phr n="make"><ent r="3" t="1" w="173" /><ent r="3" t="1" w="194" /><ent r="3" t="3" w="557" /><ent r="3" t="14" w="15" /><ent r="4" t="24" w="247" /><ent r="4" t="24" w="278" /><ent r="3" t="33" w="702" /><ent r="3" t="34" w="450" /><ent r="4" t="34" w="846" /><ent r="3" t="36" w="4268" /><ent r="4" t="39" w="949" /><ent r="4" t="39" w="1076" /><ent r="4" t="48" w="382" /><ent r="3" t="48" w="885" /><ent r="3" t="49" w="230" /><ent r="4" t="49" w="273" /><ent r="3" t="56" w="50" /><ent r="3" t="60" w="49" /><ent r="3" t="60" w="78" /><ent r="3" t="60" w="1253" /><ent r="3" t="64" w="322" /><ent r="7" t="67" w="443" /></phr><phr n="making"><ent r="5" t="5" w="592" /><ent r="100" t="11" w="288" /><ent r="5" t="11" w="293" /><ent r="3" t="18" w="1528" /><ent r="3" t="31" w="224" /><ent r="3" t="33" w="157" /><ent r="3" t="36" w="1394" /><ent r="3" t="46" w="173" /></phr><phr n="makes"><ent r="3" t="13" w="583" /><ent r="3" t="16" w="1539" /><ent r="3" t="20" w="437" /><ent r="4" t="24" w="236" /><ent r="4" t="46" w="821" /><ent r="4" t="48" w="284" /><ent r="4" t="48" w="378" /><ent r="3" t="55" w="714" /><ent r="3" t="76" w="38" /></phr><phr n="Make"><ent r="4" t="46" w="260" /><ent r="3" t="60" w="805" /><ent r="4" t="64" w="198" /></phr></stem><stem n="1"><phr n="1"><ent r="3" t="1" w="175" /><ent r="3" t="1" w="502" /><ent r="3" t="5" w="770" /><ent r="3" t="8" w="46" /><ent r="3" t="8" w="602" /><ent r="5" t="9" w="234" /><ent r="5" t="9" w="339" /><ent r="5" t="9" w="771" /><ent r="5" t="9" w="811" /><ent r="5" t="9" w="852" /><ent r="8" t="11" w="326" /><ent r="3" t="13" w="1891" /><ent r="3" t="13" w="1914" /><ent r="3" t="13" w="1979" /><ent r="3" t="13" w="1982" /><ent r="3" t="13" w="1984" /><ent r="3" t="13" w="1987" /><ent r="3" t="13" w="1988" /><ent r="3" t="13" w="2014" /><ent r="3" t="13" w="2077" /><ent r="3" t="13" w="2080" /><ent r="3" t="13" w="2082" /><ent r="3" t="13" w="2141" /><ent r="3" t="13" w="2299" /><ent r="3" t="13" w="2304" /><ent r="3" t="13" w="2308" /><ent r="3" t="13" w="2348" /><ent r="3" t="13" w="2541" /><ent r="3" t="14" w="171" /><ent r="3" t="14" w="172" /><ent r="3" t="14" w="797" /><ent r="3" t="14" w="798" /><ent r="3" t="14" w="873" /><ent r="3" t="14" w="1111" /><ent r="3" t="14" w="1190" /><ent r="3" t="15" w="629" /><ent r="3" t="15" w="632" /><ent r="3" t="15" w="634" /><ent r="3" t="15" w="644" /><ent r="3" t="15" w="647" /><ent r="3" t="15" w="649" /><ent r="3" t="15" w="661" /><ent r="3" t="15" w="664" /><ent r="3" t="15" w="666" /><ent r="3" t="15" w="678" /><ent r="3" t="15" w="681" /><ent r="3" t="15" w="683" /><ent r="3" t="15" w="684" /><ent r="3" t="15" w="685" /><ent r="3" t="16" w="911" /><ent r="3" t="16" w="914" /><ent r="3" t="16" w="916" /><ent r="3" t="16" w="917" /><ent r="3" t="16" w="918" /><ent r="3" t="16" w="926" /><ent r="3" t="16" w="929" /><ent r="3" t="16" w="931" /><ent r="3" t="16" w="943" /><ent r="3" t="16" w="950" /><ent r="3" t="16" w="964" /><ent r="4" t="16" w="983" /><ent r="4" t="16" w="986" /><ent r="4" t="16" w="988" /><ent r="4" t="16" w="989" /><ent r="4" t="16" w="990" /><ent r="4" t="16" w="1025" /><ent r="4" t="16" w="1028" /><ent r="4" t="16" w="1030" /><ent r="4" t="16" w="1031" /><ent r="4" t="16" w="1067" /><ent r="4" t="16" w="1070" /><ent r="4" t="16" w="1072" /><ent r="4" t="16" w="1097" /><ent r="4" t="16" w="1098" /><ent r="4" t="16" w="1101" /><ent r="4" t="16" w="1103" /><ent r="4" t="16" w="1106" /><ent r="4" t="16" w="1108" /><ent r="4" t="16" w="1115" /><ent r="4" t="16" w="1122" /><ent r="4" t="16" w="1204" /><ent r="5" t="16" w="1213" /><ent r="5" t="16" w="1255" /><ent r="5" t="16" w="1335" /><ent r="5" t="16" w="1396" /><ent r="5" t="16" w="1399" /><ent r="5" t="16" w="1401" /><ent r="5" t="16" w="1402" /><ent r="5" t="16" w="1403" /><ent r="3" t="16" w="1506" /><ent r="3" t="16" w="1656" /><ent r="3" t="16" w="1659" /><ent r="3" t="16" w="1661" /><ent r="3" t="16" w="1664" /><ent r="3" t="16" w="1676" /><ent r="3" t="16" w="1687" /><ent r="3" t="16" w="1996" /><ent r="3" t="16" w="2014" /><ent r="3" t="17" w="175" /><ent r="3" t="17" w="201" /><ent r="3" t="17" w="202" /><ent r="3" t="18" w="487" /><ent r="3" t="18" w="490" /><ent r="3" t="18" w="492" /><ent r="3" t="18" w="495" /><ent r="3" t="18" w="513" /><ent r="3" t="18" w="516" /><ent r="3" t="18" w="518" /><ent r="3" t="18" w="521" /><ent r="3" t="18" w="572" /><ent r="3" t="18" w="582" /><ent r="3" t="18" w="585" /><ent r="3" t="18" w="587" /><ent r="3" t="18" w="590" /><ent r="3" t="18" w="591" /><ent r="3" t="18" w="604" /><ent r="3" t="18" w="607" /><ent r="3" t="18" w="609" /><ent r="3" t="18" w="612" /><ent r="3" t="18" w="625" /><ent r="3" t="18" w="628" /><ent r="3" t="18" w="630" /><ent r="3" t="18" w="633" /><ent r="3" t="18" w="647" /><ent r="3" t="18" w="650" /><ent r="3" t="18" w="652" /><ent r="3" t="18" w="655" /><ent r="4" t="18" w="788" /><ent r="3" t="18" w="1044" /><ent r="3" t="18" w="1328" /><ent r="3" t="18" w="1342" /><ent r="3" t="18" w="1349" /><ent r="4" t="18" w="1425" /><ent r="4" t="18" w="1428" /><ent r="4" t="18" w="1430" /><ent r="4" t="18" w="1433" /><ent r="3" t="18" w="1491" /><ent r="4" t="18" w="1558" /><ent r="4" t="18" w="1572" /><ent r="3" t="18" w="1639" /><ent r="3" t="18" w="1649" /><ent r="3" t="18" w="1656" /><ent r="3" t="18" w="1667" /><ent r="3" t="18" w="1705" /><ent r="3" t="18" w="1715" /><ent r="3" t="19" w="341" /><ent r="3" t="19" w="439" /><ent r="3" t="19" w="443" /><ent r="3" t="19" w="448" /><ent r="3" t="19" w="453" /><ent r="3" t="19" w="458" /><ent r="3" t="19" w="463" /><ent r="3" t="19" w="468" /><ent r="3" t="19" w="471" /><ent r="3" t="19" w="542" /><ent r="3" t="19" w="545" /><ent r="3" t="19" w="568" /><ent r="3" t="21" w="1174" /><ent r="3" t="21" w="1177" /><ent r="3" t="21" w="1179" /><ent r="3" t="21" w="1182" /><ent r="3" t="21" w="1183" /><ent r="3" t="21" w="1186" /><ent r="3" t="21" w="1188" /><ent r="3" t="21" w="1191" /><ent r="3" t="21" w="1193" /><ent r="3" t="21" w="1296" /><ent r="3" t="21" w="1318" /><ent r="3" t="21" w="1321" /><ent r="3" t="21" w="1323" /><ent r="3" t="21" w="1326" /><ent r="3" t="21" w="1328" /><ent r="3" t="21" w="1333" /><ent r="3" t="21" w="1335" /><ent r="3" t="21" w="1338" /><ent r="3" t="21" w="1340" /><ent r="3" t="21" w="1343" /><ent r="3" t="21" w="1345" /><ent r="3" t="21" w="1352" /><ent r="3" t="21" w="1355" /><ent r="3" t="21" w="1357" /><ent r="3" t="21" w="1360" /><ent r="3" t="21" w="1362" /><ent r="4" t="23" w="151" /><ent r="3" t="23" w="302" /><ent r="4" t="23" w="644" /><ent r="4" t="23" w="672" /><ent r="126" t="23" w="688" /><ent r="126" t="23" w="709" /><ent r="3" t="23" w="897" /><ent r="3" t="23" w="934" /><ent r="3" t="23" w="1038" /><ent r="3" t="23" w="1048" /><ent r="3" t="23" w="1097" /><ent r="3" t="23" w="1537" /><ent r="3" t="23" w="1546" /><ent r="3" t="23" w="1554" /><ent r="3" t="23" w="1563" /><ent r="4" t="23" w="1768" /><ent r="4" t="23" w="1771" /><ent r="4" t="23" w="1794" /><ent r="4" t="23" w="1797" /><ent r="3" t="23" w="1989" /><ent r="3" t="23" w="1992" /><ent r="3" t="23" w="1994" /><ent r="3" t="23" w="1997" /><ent r="3" t="23" w="1998" /><ent r="3" t="23" w="2006" /><ent r="3" t="23" w="2009" /><ent r="3" t="23" w="2012" /><ent r="3" t="23" w="2014" /><ent r="3" t="23" w="2017" /><ent r="3" t="23" w="2018" /><ent r="3" t="23" w="2031" /><ent r="3" t="23" w="2034" /><ent r="3" t="23" w="2036" /><ent r="3" t="23" w="2039" /><ent r="3" t="23" w="2040" /><ent r="3" t="23" w="2048" /><ent r="3" t="23" w="2051" /><ent r="3" t="23" w="2054" /><ent r="3" t="23" w="2056" /><ent r="3" t="23" w="2059" /><ent r="3" t="23" w="2060" /><ent r="3" t="23" w="2073" /><ent r="3" t="23" w="2076" /><ent r="3" t="23" w="2078" /><ent r="3" t="23" w="2081" /><ent r="3" t="23" w="2082" /><ent r="3" t="23" w="2091" /><ent r="3" t="23" w="2095" /><ent r="3" t="23" w="2098" /><ent r="3" t="23" w="2100" /><ent r="3" t="23" w="2103" /><ent r="3" t="23" w="2104" /><ent r="3" t="23" w="2115" /><ent r="3" t="23" w="2122" /><ent r="3" t="23" w="2130" /><ent r="3" t="23" w="2136" /><ent r="3" t="23" w="2140" /><ent r="3" t="23" w="2341" /><ent r="5" t="23" w="2425" /><ent r="5" t="23" w="2436" /><ent r="6" t="23" w="2532" /><ent r="6" t="23" w="2541" /><ent r="3" t="23" w="2644" /><ent r="3" t="23" w="2647" /><ent r="3" t="23" w="2649" /><ent r="3" t="23" w="2657" /><ent r="3" t="23" w="2674" /><ent r="3" t="23" w="2757" /><ent r="3" t="23" w="2799" /><ent r="3" t="23" w="2802" /><ent r="3" t="23" w="2804" /><ent r="3" t="23" w="2805" /><ent r="3" t="23" w="2806" /><ent r="3" t="23" w="2822" /><ent r="4" t="23" w="2846" /><ent r="4" t="23" w="2849" /><ent r="4" t="23" w="2851" /><ent r="4" t="23" w="2852" /><ent r="4" t="23" w="2853" /><ent r="6" t="23" w="2960" /><ent r="6" t="23" w="2972" /><ent r="6" t="23" w="2984" /><ent r="6" t="23" w="2999" /><ent r="3" t="25" w="89" /><ent r="3" t="25" w="91" /><ent r="3" t="25" w="93" /><ent r="3" t="25" w="100" /><ent r="3" t="25" w="104" /><ent r="3" t="25" w="114" /><ent r="3" t="25" w="121" /><ent r="3" t="25" w="124" /><ent r="3" t="25" w="126" /><ent r="3" t="25" w="191" /><ent r="3" t="25" w="194" /><ent r="3" t="25" w="195" /><ent r="3" t="25" w="737" /><ent r="3" t="25" w="949" /><ent r="3" t="25" w="974" /><ent r="3" t="25" w="977" /><ent r="3" t="25" w="979" /><ent r="3" t="26" w="109" /><ent r="125" t="27" w="351" /><ent r="4" t="28" w="221" /><ent r="4" t="28" w="390" /><ent r="3" t="28" w="488" /><ent r="3" t="28" w="554" /><ent r="3" t="28" w="557" /><ent r="3" t="28" w="559" /><ent r="3" t="28" w="562" /><ent r="3" t="28" w="563" /><ent r="3" t="28" w="588" /><ent r="3" t="28" w="591" /><ent r="3" t="28" w="593" /><ent r="3" t="28" w="596" /><ent r="3" t="28" w="597" /><ent r="3" t="28" w="1055" /><ent r="3" t="30" w="74" /><ent r="3" t="30" w="75" /><ent r="3" t="30" w="78" /><ent r="3" t="30" w="80" /><ent r="3" t="30" w="89" /><ent r="3" t="30" w="107" /><ent r="3" t="30" w="108" /><ent r="3" t="30" w="111" /><ent r="3" t="30" w="113" /><ent r="3" t="30" w="117" /><ent r="3" t="30" w="120" /><ent r="3" t="30" w="122" /><ent r="3" t="30" w="125" /><ent r="3" t="30" w="127" /><ent r="3" t="30" w="130" /><ent r="3" t="30" w="132" /><ent r="3" t="30" w="140" /><ent r="4" t="30" w="192" /><ent r="4" t="30" w="211" /><ent r="4" t="30" w="214" /><ent r="4" t="30" w="216" /><ent r="4" t="30" w="270" /><ent r="4" t="30" w="273" /><ent r="4" t="30" w="275" /><ent r="4" t="30" w="278" /><ent r="4" t="30" w="280" /><ent r="4" t="30" w="283" /><ent r="4" t="30" w="285" /><ent r="4" t="30" w="309" /><ent r="3" t="31" w="102" /><ent r="3" t="31" w="436" /><ent r="3" t="31" w="440" /><ent r="3" t="31" w="443" /><ent r="3" t="31" w="445" /><ent r="3" t="31" w="454" /><ent r="3" t="31" w="457" /><ent r="3" t="31" w="459" /><ent r="3" t="31" w="462" /><ent r="3" t="31" w="463" /><ent r="3" t="31" w="471" /><ent r="3" t="31" w="474" /><ent r="3" t="31" w="476" /><ent r="3" t="31" w="479" /><ent r="3" t="31" w="484" /><ent r="3" t="31" w="487" /><ent r="3" t="31" w="489" /><ent r="3" t="31" w="492" /><ent r="3" t="31" w="498" /><ent r="3" t="31" w="501" /><ent r="3" t="31" w="503" /><ent r="3" t="31" w="506" /><ent r="3" t="31" w="513" /><ent r="3" t="31" w="516" /><ent r="3" t="31" w="518" /><ent r="3" t="31" w="521" /><ent r="3" t="31" w="528" /><ent r="3" t="31" w="529" /><ent r="3" t="31" w="532" /><ent r="3" t="31" w="534" /><ent r="3" t="31" w="537" /><ent r="3" t="31" w="594" /><ent r="3" t="31" w="597" /><ent r="3" t="31" w="599" /><ent r="3" t="31" w="601" /><ent r="3" t="31" w="604" /><ent r="3" t="31" w="606" /><ent r="3" t="31" w="615" /><ent r="3" t="31" w="618" /><ent r="3" t="31" w="620" /><ent r="3" t="31" w="623" /><ent r="3" t="31" w="624" /><ent r="3" t="31" w="632" /><ent r="3" t="31" w="635" /><ent r="3" t="31" w="637" /><ent r="3" t="31" w="640" /><ent r="3" t="31" w="645" /><ent r="3" t="31" w="648" /><ent r="3" t="31" w="650" /><ent r="3" t="31" w="653" /><ent r="3" t="31" w="659" /><ent r="3" t="31" w="662" /><ent r="3" t="31" w="664" /><ent r="3" t="31" w="667" /><ent r="3" t="31" w="674" /><ent r="3" t="31" w="677" /><ent r="3" t="31" w="679" /><ent r="3" t="31" w="682" /><ent r="3" t="31" w="689" /><ent r="3" t="31" w="690" /><ent r="3" t="31" w="693" /><ent r="3" t="31" w="695" /><ent r="3" t="31" w="698" /><ent r="3" t="31" w="720" /><ent r="3" t="31" w="724" /><ent r="3" t="31" w="727" /><ent r="3" t="31" w="729" /><ent r="3" t="31" w="738" /><ent r="3" t="31" w="741" /><ent r="3" t="31" w="743" /><ent r="3" t="31" w="746" /><ent r="3" t="31" w="747" /><ent r="3" t="31" w="755" /><ent r="3" t="31" w="758" /><ent r="3" t="31" w="760" /><ent r="3" t="31" w="763" /><ent r="3" t="31" w="768" /><ent r="3" t="31" w="771" /><ent r="3" t="31" w="773" /><ent r="3" t="31" w="776" /><ent r="3" t="31" w="782" /><ent r="3" t="31" w="785" /><ent r="3" t="31" w="787" /><ent r="3" t="31" w="790" /><ent r="3" t="31" w="797" /><ent r="3" t="31" w="800" /><ent r="3" t="31" w="802" /><ent r="3" t="31" w="805" /><ent r="3" t="31" w="812" /><ent r="3" t="31" w="813" /><ent r="3" t="31" w="816" /><ent r="3" t="31" w="818" /><ent r="3" t="31" w="821" /><ent r="3" t="31" w="830" /><ent r="3" t="31" w="834" /><ent r="3" t="31" w="837" /><ent r="3" t="31" w="839" /><ent r="3" t="31" w="848" /><ent r="3" t="31" w="851" /><ent r="3" t="31" w="853" /><ent r="3" t="31" w="856" /><ent r="3" t="31" w="857" /><ent r="3" t="31" w="865" /><ent r="3" t="31" w="868" /><ent r="3" t="31" w="870" /><ent r="3" t="31" w="873" /><ent r="3" t="31" w="878" /><ent r="3" t="31" w="881" /><ent r="3" t="31" w="883" /><ent r="3" t="31" w="886" /><ent r="3" t="31" w="892" /><ent r="3" t="31" w="895" /><ent r="3" t="31" w="897" /><ent r="3" t="31" w="900" /><ent r="3" t="31" w="907" /><ent r="3" t="31" w="910" /><ent r="3" t="31" w="912" /><ent r="3" t="31" w="915" /><ent r="3" t="31" w="922" /><ent r="3" t="31" w="923" /><ent r="3" t="31" w="926" /><ent r="3" t="31" w="928" /><ent r="3" t="31" w="931" /><ent r="3" t="31" w="938" /><ent r="3" t="31" w="941" /><ent r="3" t="31" w="943" /><ent r="3" t="31" w="946" /><ent r="3" t="31" w="951" /><ent r="3" t="31" w="954" /><ent r="3" t="31" w="956" /><ent r="3" t="31" w="959" /><ent r="3" t="31" w="964" /><ent r="3" t="31" w="967" /><ent r="3" t="31" w="969" /><ent r="3" t="31" w="972" /><ent r="3" t="31" w="977" /><ent r="3" t="31" w="980" /><ent r="3" t="31" w="982" /><ent r="3" t="31" w="985" /><ent r="3" t="31" w="990" /><ent r="3" t="31" w="993" /><ent r="3" t="31" w="995" /><ent r="3" t="31" w="998" /><ent r="3" t="31" w="1003" /><ent r="3" t="31" w="1006" /><ent r="3" t="31" w="1008" /><ent r="3" t="31" w="1011" /><ent r="3" t="31" w="1023" /><ent r="3" t="31" w="1026" /><ent r="3" t="31" w="1028" /><ent r="3" t="31" w="1030" /><ent r="3" t="31" w="1033" /><ent r="3" t="31" w="1035" /><ent r="3" t="31" w="1038" /><ent r="3" t="31" w="1039" /><ent r="3" t="31" w="1047" /><ent r="3" t="31" w="1050" /><ent r="3" t="31" w="1052" /><ent r="3" t="31" w="1055" /><ent r="3" t="31" w="1060" /><ent r="3" t="31" w="1063" /><ent r="3" t="31" w="1065" /><ent r="3" t="31" w="1068" /><ent r="3" t="31" w="1074" /><ent r="3" t="31" w="1077" /><ent r="3" t="31" w="1079" /><ent r="3" t="31" w="1082" /><ent r="3" t="31" w="1089" /><ent r="3" t="31" w="1092" /><ent r="3" t="31" w="1094" /><ent r="3" t="31" w="1097" /><ent r="3" t="31" w="1104" /><ent r="3" t="31" w="1105" /><ent r="3" t="31" w="1108" /><ent r="3" t="31" w="1110" /><ent r="3" t="31" w="1113" /><ent r="3" t="31" w="1177" /><ent r="3" t="31" w="1180" /><ent r="3" t="31" w="1182" /><ent r="3" t="31" w="1185" /><ent r="3" t="31" w="1186" /><ent r="3" t="31" w="1191" /><ent r="3" t="31" w="1194" /><ent r="3" t="31" w="1196" /><ent r="3" t="31" w="1199" /><ent r="3" t="31" w="1205" /><ent r="3" t="31" w="1208" /><ent r="3" t="31" w="1210" /><ent r="3" t="31" w="1213" /><ent r="3" t="31" w="1222" /><ent r="3" t="31" w="1225" /><ent r="3" t="31" w="1227" /><ent r="3" t="31" w="1230" /><ent r="3" t="31" w="1237" /><ent r="3" t="31" w="1240" /><ent r="3" t="31" w="1242" /><ent r="3" t="31" w="1245" /><ent r="3" t="31" w="1253" /><ent r="3" t="31" w="1256" /><ent r="3" t="31" w="1258" /><ent r="3" t="31" w="1261" /><ent r="3" t="31" w="1576" /><ent r="3" t="31" w="1656" /><ent r="100" t="32" w="18" /><ent r="3" t="32" w="43" /><ent r="3" t="32" w="171" /><ent r="3" t="32" w="204" /><ent r="3" t="32" w="391" /><ent r="3" t="32" w="423" /><ent r="3" t="33" w="525" /><ent r="3" t="33" w="574" /><ent r="3" t="33" w="748" /><ent r="4" t="34" w="824" /><ent r="3" t="34" w="937" /><ent r="3" t="34" w="952" /><ent r="3" t="34" w="967" /><ent r="3" t="34" w="1705" /><ent r="3" t="36" w="963" /><ent r="3" t="36" w="1057" /><ent r="3" t="36" w="1085" /><ent r="3" t="36" w="1127" /><ent r="3" t="36" w="1747" /><ent r="126" t="36" w="1804" /><ent r="4" t="36" w="3702" /><ent r="3" t="36" w="3895" /><ent r="3" t="36" w="3999" /><ent r="4" t="36" w="4119" /><ent r="3" t="36" w="4168" /><ent r="3" t="36" w="4260" /><ent r="3" t="36" w="4282" /><ent r="3" t="36" w="4314" /><ent r="3" t="38" w="148" /><ent r="125" t="39" w="1266" /><ent r="126" t="40" w="236" /><ent r="3" t="42" w="465" /><ent r="3" t="42" w="466" /><ent r="3" t="42" w="561" /><ent r="3" t="42" w="591" /><ent r="3" t="42" w="605" /><ent r="3" t="42" w="724" /><ent r="3" t="42" w="725" /><ent r="3" t="42" w="817" /><ent r="3" t="42" w="848" /><ent r="3" t="42" w="856" /><ent r="3" t="44" w="60" /><ent r="3" t="44" w="119" /><ent r="3" t="44" w="192" /><ent r="3" t="45" w="315" /><ent r="3" t="45" w="316" /><ent r="3" t="45" w="404" /><ent r="3" t="45" w="460" /><ent r="6" t="46" w="467" /><ent r="65" t="46" w="521" /><ent r="3" t="46" w="609" /><ent r="3" t="47" w="45" /><ent r="3" t="47" w="244" /><ent r="3" t="48" w="528" /><ent r="3" t="48" w="643" /><ent r="3" t="48" w="730" /><ent r="3" t="48" w="745" /><ent r="3" t="48" w="782" /><ent r="3" t="48" w="787" /><ent r="3" t="48" w="852" /><ent r="125" t="48" w="954" /><ent r="3" t="53" w="346" /><ent r="3" t="53" w="347" /><ent r="3" t="53" w="350" /><ent r="3" t="53" w="352" /><ent r="3" t="53" w="353" /><ent r="3" t="53" w="358" /><ent r="3" t="53" w="361" /><ent r="3" t="53" w="363" /><ent r="3" t="53" w="364" /><ent r="3" t="53" w="365" /><ent r="3" t="53" w="369" /><ent r="3" t="53" w="372" /><ent r="3" t="53" w="374" /><ent r="3" t="53" w="375" /><ent r="3" t="53" w="380" /><ent r="3" t="53" w="383" /><ent r="3" t="53" w="385" /><ent r="3" t="53" w="386" /><ent r="3" t="53" w="497" /><ent r="3" t="53" w="498" /><ent r="3" t="53" w="500" /><ent r="3" t="53" w="503" /><ent r="3" t="53" w="505" /><ent r="3" t="53" w="508" /><ent r="3" t="53" w="512" /><ent r="3" t="53" w="515" /><ent r="3" t="53" w="517" /><ent r="3" t="53" w="520" /><ent r="3" t="53" w="522" /><ent r="3" t="53" w="543" /><ent r="3" t="53" w="546" /><ent r="3" t="53" w="548" /><ent r="3" t="53" w="551" /><ent r="3" t="54" w="490" /><ent r="3" t="54" w="491" /><ent r="3" t="54" w="506" /><ent r="3" t="54" w="507" /><ent r="3" t="54" w="508" /><ent r="3" t="54" w="511" /><ent r="3" t="54" w="513" /><ent r="3" t="54" w="569" /><ent r="3" t="54" w="572" /><ent r="3" t="54" w="574" /><ent r="3" t="54" w="576" /><ent r="3" t="54" w="577" /><ent r="3" t="54" w="594" /><ent r="3" t="54" w="623" /><ent r="3" t="54" w="625" /><ent r="3" t="54" w="628" /><ent r="3" t="54" w="630" /><ent r="3" t="54" w="660" /><ent r="3" t="54" w="667" /><ent r="3" t="54" w="668" /><ent r="3" t="54" w="669" /><ent r="3" t="54" w="672" /><ent r="3" t="54" w="674" /><ent r="3" t="54" w="830" /><ent r="3" t="54" w="831" /><ent r="3" t="54" w="833" /><ent r="3" t="54" w="852" /><ent r="3" t="54" w="853" /><ent r="3" t="54" w="859" /><ent r="3" t="54" w="860" /><ent r="3" t="54" w="861" /><ent r="3" t="54" w="864" /><ent r="3" t="54" w="866" /><ent r="3" t="54" w="867" /><ent r="3" t="54" w="868" /><ent r="3" t="54" w="876" /><ent r="3" t="54" w="877" /><ent r="3" t="54" w="878" /><ent r="3" t="54" w="881" /><ent r="3" t="54" w="883" /><ent r="3" t="54" w="884" /><ent r="3" t="54" w="888" /><ent r="3" t="54" w="891" /><ent r="3" t="54" w="893" /><ent r="3" t="54" w="895" /><ent r="3" t="54" w="900" /><ent r="3" t="54" w="901" /><ent r="3" t="54" w="902" /><ent r="3" t="54" w="905" /><ent r="3" t="54" w="907" /><ent r="3" t="54" w="908" /><ent r="3" t="54" w="916" /><ent r="3" t="54" w="917" /><ent r="3" t="54" w="918" /><ent r="3" t="54" w="921" /><ent r="3" t="54" w="923" /><ent r="3" t="54" w="924" /><ent r="3" t="54" w="934" /><ent r="3" t="54" w="935" /><ent r="3" t="54" w="936" /><ent r="3" t="54" w="939" /><ent r="3" t="54" w="941" /><ent r="3" t="54" w="942" /><ent r="3" t="54" w="953" /><ent r="3" t="54" w="954" /><ent r="3" t="54" w="955" /><ent r="3" t="54" w="958" /><ent r="3" t="54" w="960" /><ent r="3" t="54" w="961" /><ent r="3" t="54" w="972" /><ent r="3" t="54" w="973" /><ent r="3" t="54" w="974" /><ent r="3" t="54" w="977" /><ent r="3" t="54" w="979" /><ent r="3" t="54" w="980" /><ent r="3" t="54" w="988" /><ent r="3" t="54" w="989" /><ent r="3" t="54" w="990" /><ent r="3" t="54" w="993" /><ent r="3" t="54" w="995" /><ent r="3" t="54" w="996" /><ent r="3" t="54" w="1004" /><ent r="3" t="54" w="1005" /><ent r="3" t="54" w="1006" /><ent r="3" t="54" w="1009" /><ent r="3" t="54" w="1011" /><ent r="3" t="54" w="1012" /><ent r="3" t="54" w="1014" /><ent r="3" t="54" w="1016" /><ent r="3" t="54" w="1018" /><ent r="3" t="54" w="1021" /><ent r="3" t="54" w="1023" /><ent r="3" t="54" w="1024" /><ent r="3" t="54" w="1026" /><ent r="3" t="54" w="1030" /><ent r="3" t="54" w="1031" /><ent r="3" t="54" w="1032" /><ent r="3" t="54" w="1035" /><ent r="3" t="54" w="1037" /><ent r="3" t="54" w="1038" /><ent r="3" t="54" w="1040" /><ent r="3" t="54" w="1042" /><ent r="3" t="54" w="1049" /><ent r="3" t="54" w="1050" /><ent r="3" t="54" w="1051" /><ent r="3" t="54" w="1054" /><ent r="3" t="54" w="1056" /><ent r="3" t="54" w="1057" /><ent r="3" t="54" w="1059" /><ent r="3" t="54" w="1061" /><ent r="3" t="54" w="1067" /><ent r="3" t="54" w="1068" /><ent r="3" t="54" w="1069" /><ent r="3" t="54" w="1072" /><ent r="3" t="54" w="1074" /><ent r="3" t="54" w="1076" /><ent r="3" t="54" w="1083" /><ent r="3" t="54" w="1084" /><ent r="3" t="54" w="1085" /><ent r="3" t="54" w="1088" /><ent r="3" t="54" w="1090" /><ent r="3" t="54" w="1093" /><ent r="3" t="54" w="1094" /><ent r="3" t="54" w="1095" /><ent r="3" t="54" w="1097" /><ent r="3" t="54" w="1101" /><ent r="3" t="54" w="1102" /><ent r="3" t="54" w="1103" /><ent r="3" t="54" w="1106" /><ent r="3" t="54" w="1108" /><ent r="3" t="54" w="1111" /><ent r="3" t="54" w="1112" /><ent r="3" t="54" w="1119" /><ent r="3" t="54" w="1120" /><ent r="3" t="55" w="108" /><ent r="3" t="55" w="177" /><ent r="3" t="55" w="182" /><ent r="3" t="55" w="186" /><ent r="3" t="55" w="197" /><ent r="3" t="55" w="482" /><ent r="3" t="55" w="544" /><ent r="3" t="55" w="547" /><ent r="3" t="55" w="548" /><ent r="3" t="55" w="550" /><ent r="3" t="55" w="566" /><ent r="3" t="55" w="569" /><ent r="3" t="55" w="591" /><ent r="3" t="55" w="617" /><ent r="3" t="55" w="620" /><ent r="3" t="55" w="622" /><ent r="3" t="55" w="623" /><ent r="3" t="55" w="624" /><ent r="3" t="55" w="633" /><ent r="3" t="55" w="636" /><ent r="3" t="55" w="638" /><ent r="3" t="55" w="639" /><ent r="3" t="55" w="655" /><ent r="3" t="55" w="658" /><ent r="3" t="55" w="660" /><ent r="3" t="55" w="661" /><ent r="3" t="55" w="669" /><ent r="3" t="55" w="672" /><ent r="3" t="55" w="674" /><ent r="3" t="55" w="675" /><ent r="3" t="55" w="682" /><ent r="3" t="55" w="685" /><ent r="3" t="55" w="687" /><ent r="3" t="55" w="688" /><ent r="3" t="60" w="737" /><ent r="3" t="60" w="739" /><ent r="3" t="60" w="790" /><ent r="3" t="60" w="792" /><ent r="3" t="60" w="1022" /><ent r="3" t="60" w="1053" /><ent r="3" t="60" w="1112" /><ent r="3" t="60" w="1133" /><ent r="3" t="60" w="1203" /><ent r="3" t="60" w="1282" /><ent r="3" t="60" w="1291" /><ent r="3" t="60" w="1297" /><ent r="3" t="60" w="1301" /><ent r="3" t="60" w="1372" /><ent r="125" t="61" w="152" /><ent r="125" t="63" w="64" /><ent r="3" t="63" w="403" /><ent r="7" t="67" w="338" /><ent r="6" t="67" w="647" /><ent r="6" t="69" w="1128" /><ent r="100" t="69" w="1833" /><ent r="4" t="69" w="1845" /><ent r="6" t="69" w="1889" /><ent r="6" t="69" w="1953" /><ent r="6" t="69" w="1999" /><ent r="4" t="76" w="245" /><ent r="5" t="76" w="262" /></phr></stem></index>