<?xml version="1.0" encoding="utf-8"?><index><stem n="arriv"><phr n="arrive"><ent r="3" t="4" w="411" /><ent r="3" t="31" w="165" /><ent r="3" t="31" w="325" /></phr><phr n="arrives"><ent r="3" t="27" w="59" /><ent r="3" t="27" w="259" /><ent r="3" t="28" w="584" /><ent r="3" t="31" w="240" /><ent r="3" t="31" w="1154" /><ent r="3" t="36" w="4420" /><ent r="4" t="37" w="349" /><ent r="3" t="70" w="330" /></phr><phr n="arrival"><ent r="4" t="37" w="340" /></phr></stem><stem n="work"><phr n="work"><ent r="3" t="4" w="423" /><ent r="6" t="5" w="1080" /><ent r="4" t="18" w="1943" /><ent r="3" t="23" w="1848" /><ent r="4" t="25" w="532" /><ent r="3" t="25" w="806" /><ent r="3" t="25" w="1052" /><ent r="3" t="36" w="1343" /><ent r="3" t="39" w="469" /><ent r="3" t="46" w="420" /><ent r="3" t="48" w="48" /><ent r="3" t="60" w="701" /><ent r="3" t="69" w="210" /></phr><phr n="works"><ent r="3" t="14" w="238" /><ent r="3" t="31" w="291" /><ent r="3" t="60" w="754" /><ent r="6" t="67" w="715" /></phr><phr n="working"><ent r="3" t="20" w="403" /><ent r="3" t="20" w="452" /><ent r="3" t="53" w="17" /><ent r="3" t="60" w="231" /><ent r="3" t="60" w="330" /></phr><phr n="worked"><ent r="3" t="20" w="460" /></phr><phr n="Works"><ent r="3" t="31" w="235" /></phr></stem><stem n="somewhat"><phr n="somewhat"><ent r="3" t="4" w="424" /></phr></stem><stem n="&lt;script&gt;"><phr n="&lt;script&gt;"><ent r="67" t="4" w="506" /><ent r="82" t="13" w="988" /><ent r="5" t="33" w="271" /><ent r="5" t="33" w="304" /><ent r="1000" t="34" w="2" /><ent r="102" t="34" w="6" /><ent r="4" t="34" w="12" /><ent r="4" t="34" w="45" /><ent r="3" t="34" w="68" /><ent r="3" t="38" w="445" /></phr></stem><stem n="flow"><phr n="flow"><ent r="4" t="4" w="536" /><ent r="3" t="15" w="118" /><ent r="3" t="34" w="249" /><ent r="92" t="36" w="489" /></phr><phr n="Flow"><ent r="100" t="34" w="137" /><ent r="65" t="34" w="141" /><ent r="92" t="34" w="239" /></phr></stem><stem n="basic"><phr n="Basic"><ent r="4" t="4" w="541" /><ent r="3" t="36" w="958" /><ent r="3" t="36" w="1080" /><ent r="4" t="56" w="106" /><ent r="3" t="59" w="13" /></phr><phr n="basic"><ent r="3" t="19" w="222" /><ent r="3" t="52" w="22" /></phr><phr n="Basically"><ent r="3" t="23" w="1908" /></phr></stem><stem n="rich"><phr n="rich"><ent r="4" t="4" w="543" /><ent r="65" t="33" w="321" /><ent r="64" t="34" w="62" /></phr></stem><stem n="-output&gt;"><phr n="-output&gt;"><ent r="67" t="4" w="555" /><ent r="67" t="4" w="555" /><ent r="6" t="10" w="69" /><ent r="6" t="10" w="69" /><ent r="93" t="10" w="302" /><ent r="93" t="10" w="302" /><ent r="4" t="10" w="309" /><ent r="4" t="10" w="309" /><ent r="4" t="13" w="552" /><ent r="4" t="13" w="552" /><ent r="82" t="13" w="1273" /><ent r="82" t="13" w="1273" /><ent r="5" t="13" w="1794" /><ent r="5" t="13" w="1794" /><ent r="5" t="33" w="329" /><ent r="5" t="33" w="329" /><ent r="1000" t="35" w="2" /><ent r="1000" t="35" w="2" /><ent r="102" t="35" w="7" /><ent r="102" t="35" w="7" /><ent r="4" t="35" w="13" /><ent r="4" t="35" w="13" /><ent r="92" t="37" w="200" /><ent r="92" t="37" w="200" /><ent r="4" t="37" w="208" /><ent r="4" t="37" w="208" /><ent r="4" t="37" w="293" /><ent r="4" t="37" w="293" /><ent r="3" t="38" w="599" /><ent r="3" t="38" w="599" /></phr></stem><stem n="&lt;script"><phr n="&lt;script"><ent r="67" t="4" w="555" /><ent r="6" t="10" w="69" /><ent r="93" t="10" w="302" /><ent r="4" t="10" w="309" /><ent r="82" t="13" w="1273" /><ent r="5" t="13" w="1794" /><ent r="5" t="33" w="329" /><ent r="1000" t="35" w="2" /><ent r="102" t="35" w="7" /><ent r="4" t="35" w="13" /><ent r="92" t="37" w="200" /><ent r="4" t="37" w="208" /><ent r="4" t="37" w="293" /><ent r="3" t="38" w="599" /></phr></stem><stem n="&lt;script-output&gt;"><phr n="&lt;script-output&gt;"><ent r="67" t="4" w="555" /><ent r="6" t="10" w="69" /><ent r="93" t="10" w="302" /><ent r="4" t="10" w="309" /><ent r="82" t="13" w="1273" /><ent r="5" t="13" w="1794" /><ent r="5" t="33" w="329" /><ent r="1000" t="35" w="2" /><ent r="102" t="35" w="7" /><ent r="4" t="35" w="13" /><ent r="92" t="37" w="200" /><ent r="4" t="37" w="208" /><ent r="4" t="37" w="293" /><ent r="3" t="38" w="599" /></phr></stem><stem n="output&gt;"><phr n="output&gt;"><ent r="67" t="4" w="556" /><ent r="6" t="10" w="70" /><ent r="93" t="10" w="303" /><ent r="4" t="10" w="310" /><ent r="4" t="13" w="553" /><ent r="82" t="13" w="1274" /><ent r="5" t="13" w="1795" /><ent r="5" t="33" w="330" /><ent r="1000" t="35" w="3" /><ent r="102" t="35" w="8" /><ent r="4" t="35" w="14" /><ent r="92" t="37" w="201" /><ent r="4" t="37" w="209" /><ent r="4" t="37" w="294" /><ent r="3" t="38" w="600" /><ent r="3" t="38" w="630" /></phr></stem><stem n="-line&gt;"><phr n="-line&gt;"><ent r="66" t="4" w="602" /><ent r="66" t="4" w="602" /><ent r="82" t="13" w="104" /><ent r="82" t="13" w="104" /><ent r="3" t="13" w="117" /><ent r="3" t="13" w="117" /><ent r="3" t="14" w="1055" /><ent r="3" t="14" w="1055" /><ent r="66" t="39" w="208" /><ent r="66" t="39" w="208" /><ent r="4" t="39" w="280" /><ent r="4" t="39" w="280" /><ent r="4" t="39" w="618" /><ent r="4" t="39" w="618" /><ent r="4" t="39" w="1243" /><ent r="4" t="39" w="1243" /><ent r="4" t="39" w="1271" /><ent r="4" t="39" w="1271" /><ent r="1000" t="40" w="2" /><ent r="1000" t="40" w="2" /><ent r="102" t="40" w="7" /><ent r="102" t="40" w="7" /><ent r="4" t="40" w="13" /><ent r="4" t="40" w="13" /><ent r="83" t="40" w="88" /><ent r="83" t="40" w="88" /><ent r="5" t="40" w="348" /><ent r="5" t="40" w="348" /><ent r="3" t="40" w="518" /><ent r="3" t="40" w="518" /><ent r="4" t="42" w="226" /><ent r="4" t="42" w="226" /><ent r="4" t="42" w="382" /><ent r="4" t="42" w="382" /><ent r="3" t="42" w="507" /><ent r="3" t="42" w="507" /><ent r="3" t="42" w="762" /><ent r="3" t="42" w="762" /><ent r="3" t="44" w="170" /><ent r="3" t="44" w="170" /><ent r="3" t="45" w="374" /><ent r="3" t="45" w="374" /><ent r="3" t="47" w="202" /><ent r="3" t="47" w="202" /><ent r="3" t="48" w="596" /><ent r="3" t="48" w="596" /></phr></stem><stem n="&lt;command"><phr n="&lt;command"><ent r="66" t="4" w="602" /><ent r="66" t="4" w="627" /><ent r="66" t="4" w="672" /><ent r="6" t="10" w="79" /><ent r="93" t="10" w="359" /><ent r="4" t="10" w="366" /><ent r="82" t="13" w="104" /><ent r="82" t="13" w="107" /><ent r="3" t="13" w="117" /><ent r="3" t="13" w="120" /><ent r="5" t="13" w="206" /><ent r="82" t="13" w="278" /><ent r="3" t="13" w="289" /><ent r="5" t="13" w="1772" /><ent r="3" t="14" w="1055" /><ent r="3" t="14" w="1081" /><ent r="3" t="14" w="1120" /><ent r="66" t="39" w="208" /><ent r="66" t="39" w="235" /><ent r="66" t="39" w="257" /><ent r="4" t="39" w="280" /><ent r="4" t="39" w="618" /><ent r="4" t="39" w="685" /><ent r="5" t="39" w="745" /><ent r="4" t="39" w="1243" /><ent r="4" t="39" w="1271" /><ent r="1000" t="40" w="2" /><ent r="102" t="40" w="7" /><ent r="4" t="40" w="13" /><ent r="83" t="40" w="88" /><ent r="5" t="40" w="348" /><ent r="3" t="40" w="518" /><ent r="1000" t="41" w="2" /><ent r="102" t="41" w="7" /><ent r="4" t="41" w="13" /><ent r="4" t="41" w="20" /><ent r="4" t="42" w="226" /><ent r="4" t="42" w="382" /><ent r="3" t="42" w="507" /><ent r="3" t="42" w="524" /><ent r="3" t="42" w="531" /><ent r="3" t="42" w="570" /><ent r="3" t="42" w="762" /><ent r="3" t="42" w="789" /><ent r="3" t="42" w="796" /><ent r="3" t="42" w="826" /><ent r="1000" t="43" w="2" /><ent r="103" t="43" w="8" /><ent r="4" t="43" w="15" /><ent r="3" t="44" w="170" /><ent r="3" t="44" w="181" /><ent r="3" t="44" w="201" /><ent r="3" t="45" w="374" /><ent r="3" t="45" w="388" /><ent r="3" t="45" w="413" /><ent r="5" t="46" w="898" /><ent r="3" t="47" w="202" /><ent r="3" t="47" w="219" /><ent r="3" t="47" w="253" /><ent r="3" t="48" w="596" /><ent r="3" t="48" w="613" /><ent r="3" t="48" w="653" /></phr></stem><stem n="&lt;command-line&gt;"><phr n="&lt;command-line&gt;"><ent r="66" t="4" w="602" /><ent r="82" t="13" w="104" /><ent r="3" t="13" w="117" /><ent r="3" t="14" w="1055" /><ent r="66" t="39" w="208" /><ent r="4" t="39" w="280" /><ent r="4" t="39" w="618" /><ent r="4" t="39" w="1243" /><ent r="4" t="39" w="1271" /><ent r="1000" t="40" w="2" /><ent r="102" t="40" w="7" /><ent r="4" t="40" w="13" /><ent r="83" t="40" w="88" /><ent r="5" t="40" w="348" /><ent r="3" t="40" w="518" /><ent r="4" t="42" w="226" /><ent r="4" t="42" w="382" /><ent r="3" t="42" w="507" /><ent r="3" t="42" w="762" /><ent r="3" t="44" w="170" /><ent r="3" t="45" w="374" /><ent r="3" t="47" w="202" /><ent r="3" t="48" w="596" /></phr></stem><stem n="line&gt;"><phr n="line&gt;"><ent r="66" t="4" w="603" /><ent r="82" t="13" w="105" /><ent r="3" t="13" w="118" /><ent r="3" t="14" w="1056" /><ent r="3" t="14" w="1080" /><ent r="66" t="39" w="209" /><ent r="4" t="39" w="281" /><ent r="4" t="39" w="619" /><ent r="4" t="39" w="1244" /><ent r="4" t="39" w="1272" /><ent r="1000" t="40" w="3" /><ent r="102" t="40" w="8" /><ent r="4" t="40" w="14" /><ent r="83" t="40" w="89" /><ent r="5" t="40" w="349" /><ent r="5" t="40" w="370" /><ent r="3" t="40" w="519" /><ent r="3" t="40" w="531" /><ent r="4" t="42" w="227" /><ent r="4" t="42" w="383" /><ent r="3" t="42" w="508" /><ent r="3" t="42" w="523" /><ent r="3" t="42" w="763" /><ent r="3" t="42" w="788" /><ent r="3" t="44" w="171" /><ent r="3" t="44" w="180" /><ent r="3" t="45" w="375" /><ent r="3" t="45" w="387" /><ent r="3" t="47" w="203" /><ent r="3" t="47" w="218" /><ent r="3" t="48" w="597" /><ent r="3" t="48" w="611" /></phr></stem><stem n="build"><phr n="builds"><ent r="4" t="4" w="607" /></phr><phr n="Build"><ent r="100" t="39" w="414" /><ent r="100" t="46" w="64" /></phr><phr n="build"><ent r="3" t="39" w="436" /><ent r="3" t="46" w="76" /><ent r="3" t="48" w="18" /><ent r="4" t="48" w="394" /><ent r="3" t="48" w="816" /><ent r="93" t="53" w="273" /><ent r="93" t="53" w="440" /></phr></stem><stem n="-line,"><phr n="-line,"><ent r="4" t="4" w="611" /><ent r="4" t="4" w="611" /><ent r="3" t="36" w="1813" /><ent r="3" t="36" w="1813" /><ent r="4" t="39" w="216" /><ent r="4" t="39" w="216" /></phr></stem><stem n="path"><phr n="path"><ent r="4" t="4" w="614" /><ent r="5" t="13" w="217" /><ent r="5" t="13" w="252" /><ent r="3" t="14" w="1060" /><ent r="3" t="14" w="1067" /><ent r="4" t="39" w="218" /><ent r="4" t="39" w="605" /><ent r="65" t="39" w="1001" /><ent r="5" t="40" w="36" /><ent r="4" t="40" w="40" /><ent r="5" t="40" w="96" /><ent r="4" t="40" w="120" /><ent r="5" t="40" w="133" /><ent r="4" t="40" w="160" /><ent r="4" t="40" w="175" /><ent r="4" t="40" w="187" /><ent r="5" t="40" w="351" /><ent r="3" t="42" w="370" /><ent r="4" t="42" w="400" /><ent r="3" t="42" w="765" /><ent r="3" t="42" w="772" /><ent r="3" t="44" w="172" /><ent r="4" t="45" w="159" /><ent r="3" t="45" w="376" /><ent r="3" t="47" w="205" /><ent r="3" t="47" w="212" /><ent r="4" t="48" w="185" /><ent r="4" t="48" w="221" /><ent r="3" t="48" w="598" /><ent r="3" t="48" w="958" /><ent r="4" t="54" w="766" /><ent r="3" t="57" w="490" /><ent r="3" t="58" w="407" /><ent r="3" t="60" w="619" /><ent r="3" t="60" w="625" /><ent r="6" t="69" w="1877" /><ent r="3" t="70" w="339" /></phr><phr n="PATH"><ent r="100" t="40" w="47" /><ent r="4" t="40" w="125" /><ent r="4" t="40" w="141" /></phr><phr n="paths"><ent r="3" t="42" w="393" /></phr></stem><stem n="paramt"><phr n="paramters"><ent r="4" t="4" w="617" /></phr></stem><stem n="-exit&gt;"><phr n="-exit&gt;"><ent r="66" t="4" w="627" /><ent r="66" t="4" w="627" /><ent r="82" t="13" w="107" /><ent r="82" t="13" w="107" /><ent r="3" t="13" w="120" /><ent r="3" t="13" w="120" /><ent r="5" t="13" w="206" /><ent r="5" t="13" w="206" /><ent r="3" t="14" w="1081" /><ent r="3" t="14" w="1081" /><ent r="66" t="39" w="235" /><ent r="66" t="39" w="235" /><ent r="4" t="39" w="685" /><ent r="4" t="39" w="685" /><ent r="1000" t="41" w="2" /><ent r="1000" t="41" w="2" /><ent r="102" t="41" w="7" /><ent r="102" t="41" w="7" /><ent r="4" t="41" w="13" /><ent r="4" t="41" w="13" /><ent r="4" t="41" w="20" /><ent r="4" t="41" w="20" /><ent r="3" t="42" w="531" /><ent r="3" t="42" w="531" /><ent r="3" t="42" w="796" /><ent r="3" t="42" w="796" /><ent r="3" t="44" w="181" /><ent r="3" t="44" w="181" /><ent r="3" t="45" w="388" /><ent r="3" t="45" w="388" /><ent r="3" t="47" w="219" /><ent r="3" t="47" w="219" /><ent r="3" t="48" w="613" /><ent r="3" t="48" w="613" /></phr></stem><stem n="&lt;command-exit&gt;"><phr n="&lt;command-exit&gt;"><ent r="66" t="4" w="627" /><ent r="82" t="13" w="107" /><ent r="3" t="13" w="120" /><ent r="5" t="13" w="206" /><ent r="3" t="14" w="1081" /><ent r="66" t="39" w="235" /><ent r="4" t="39" w="685" /><ent r="1000" t="41" w="2" /><ent r="102" t="41" w="7" /><ent r="4" t="41" w="13" /><ent r="4" t="41" w="20" /><ent r="3" t="42" w="531" /><ent r="3" t="42" w="796" /><ent r="3" t="44" w="181" /><ent r="3" t="45" w="388" /><ent r="3" t="47" w="219" /><ent r="3" t="48" w="613" /></phr></stem><stem n="exit&gt;"><phr n="exit&gt;"><ent r="66" t="4" w="628" /><ent r="82" t="13" w="108" /><ent r="3" t="13" w="121" /><ent r="5" t="13" w="207" /><ent r="3" t="14" w="1082" /><ent r="3" t="14" w="1119" /><ent r="66" t="39" w="236" /><ent r="4" t="39" w="686" /><ent r="1000" t="41" w="3" /><ent r="102" t="41" w="8" /><ent r="4" t="41" w="14" /><ent r="4" t="41" w="21" /><ent r="3" t="42" w="532" /><ent r="3" t="42" w="569" /><ent r="3" t="42" w="797" /><ent r="3" t="42" w="825" /><ent r="3" t="44" w="182" /><ent r="3" t="44" w="200" /><ent r="3" t="45" w="389" /><ent r="3" t="45" w="412" /><ent r="3" t="47" w="220" /><ent r="3" t="47" w="252" /><ent r="3" t="48" w="614" /><ent r="3" t="48" w="651" /></phr></stem><stem n="depend"><phr n="depending"><ent r="4" t="4" w="641" /><ent r="3" t="36" w="1180" /><ent r="3" t="38" w="201" /></phr><phr n="depends"><ent r="3" t="10" w="47" /></phr><phr n="Depending"><ent r="3" t="39" w="1171" /></phr></stem><stem n="return"><phr n="returned"><ent r="4" t="4" w="645" /><ent r="6" t="16" w="321" /><ent r="6" t="16" w="349" /><ent r="3" t="16" w="1873" /><ent r="4" t="23" w="2269" /><ent r="3" t="23" w="2746" /><ent r="3" t="27" w="269" /><ent r="3" t="34" w="895" /><ent r="3" t="39" w="345" /><ent r="3" t="46" w="178" /><ent r="3" t="47" w="93" /><ent r="4" t="48" w="420" /><ent r="3" t="52" w="68" /><ent r="4" t="53" w="96" /><ent r="3" t="55" w="497" /><ent r="3" t="64" w="126" /><ent r="3" t="64" w="147" /><ent r="6" t="69" w="422" /><ent r="6" t="69" w="904" /><ent r="4" t="76" w="123" /></phr><phr n="return"><ent r="6" t="5" w="897" /><ent r="6" t="5" w="1138" /><ent r="3" t="14" w="957" /><ent r="3" t="14" w="1171" /><ent r="3" t="15" w="100" /><ent r="3" t="16" w="1906" /><ent r="3" t="16" w="1911" /><ent r="3" t="16" w="1960" /><ent r="3" t="16" w="1967" /><ent r="3" t="16" w="1974" /><ent r="3" t="16" w="1978" /><ent r="3" t="23" w="2202" /><ent r="4" t="23" w="2306" /><ent r="4" t="23" w="2493" /><ent r="6" t="23" w="2979" /><ent r="3" t="34" w="111" /><ent r="3" t="34" w="611" /><ent r="100" t="36" w="4337" /><ent r="100" t="36" w="4340" /><ent r="3" t="36" w="4376" /><ent r="3" t="39" w="52" /><ent r="3" t="39" w="304" /><ent r="3" t="39" w="350" /><ent r="3" t="39" w="652" /><ent r="4" t="39" w="663" /><ent r="4" t="39" w="697" /><ent r="4" t="39" w="721" /><ent r="4" t="39" w="769" /><ent r="3" t="42" w="584" /><ent r="5" t="46" w="440" /><ent r="4" t="54" w="299" /><ent r="3" t="69" w="1780" /><ent r="5" t="76" w="148" /><ent r="5" t="76" w="151" /><ent r="5" t="76" w="208" /><ent r="5" t="76" w="215" /><ent r="5" t="76" w="222" /><ent r="5" t="76" w="226" /></phr><phr n="returning"><ent r="6" t="5" w="998" /></phr><phr n="returns"><ent r="3" t="7" w="436" /><ent r="3" t="7" w="535" /><ent r="5" t="13" w="924" /><ent r="3" t="14" w="842" /><ent r="3" t="14" w="878" /><ent r="4" t="23" w="667" /><ent r="4" t="23" w="697" /><ent r="4" t="23" w="719" /><ent r="3" t="23" w="1010" /><ent r="3" t="23" w="1034" /><ent r="3" t="23" w="1047" /><ent r="3" t="23" w="1069" /><ent r="3" t="23" w="1093" /><ent r="3" t="23" w="1106" /><ent r="6" t="23" w="2620" /><ent r="6" t="23" w="2637" /><ent r="3" t="43" w="42" /><ent r="3" t="45" w="351" /><ent r="3" t="46" w="436" /><ent r="3" t="46" w="602" /><ent r="3" t="46" w="620" /><ent r="3" t="63" w="324" /><ent r="3" t="65" w="501" /></phr><phr n="Return"><ent r="3" t="14" w="734" /><ent r="100" t="34" w="518" /><ent r="5" t="34" w="521" /><ent r="82" t="46" w="594" /><ent r="4" t="55" w="760" /></phr><phr n="Returns"><ent r="4" t="23" w="735" /><ent r="4" t="23" w="760" /><ent r="4" t="23" w="785" /><ent r="4" t="23" w="801" /><ent r="3" t="23" w="892" /><ent r="3" t="23" w="1123" /><ent r="3" t="23" w="1135" /><ent r="3" t="23" w="1166" /><ent r="3" t="23" w="1616" /><ent r="3" t="23" w="1886" /></phr></stem><stem n="&lt;tool&gt;"><phr n="&lt;tool&gt;"><ent r="67" t="4" w="652" /><ent r="92" t="39" w="512" /><ent r="5" t="39" w="1016" /><ent r="5" t="39" w="1061" /><ent r="1000" t="42" w="2" /><ent r="102" t="42" w="6" /><ent r="4" t="42" w="12" /><ent r="4" t="42" w="34" /><ent r="92" t="42" w="97" /><ent r="4" t="42" w="349" /><ent r="4" t="42" w="414" /></phr></stem><stem n="code"><phr n="code"><ent r="4" t="4" w="658" /><ent r="3" t="11" w="433" /><ent r="5" t="13" w="185" /><ent r="5" t="13" w="189" /><ent r="5" t="13" w="201" /><ent r="4" t="23" w="822" /><ent r="3" t="23" w="1310" /><ent r="3" t="23" w="1576" /><ent r="3" t="23" w="1907" /><ent r="3" t="23" w="2501" /><ent r="3" t="23" w="2701" /><ent r="3" t="34" w="513" /><ent r="3" t="39" w="305" /><ent r="3" t="39" w="351" /><ent r="3" t="39" w="524" /><ent r="4" t="39" w="664" /><ent r="5" t="39" w="668" /><ent r="3" t="41" w="94" /><ent r="3" t="41" w="127" /><ent r="3" t="42" w="25" /><ent r="3" t="42" w="56" /><ent r="4" t="42" w="79" /><ent r="3" t="42" w="83" /><ent r="3" t="42" w="659" /><ent r="3" t="42" w="663" /><ent r="5" t="46" w="441" /><ent r="4" t="46" w="757" /><ent r="4" t="46" w="768" /><ent r="4" t="46" w="775" /><ent r="4" t="48" w="77" /><ent r="3" t="48" w="567" /><ent r="3" t="48" w="856" /><ent r="3" t="48" w="867" /><ent r="3" t="48" w="871" /><ent r="3" t="74" w="9" /><ent r="3" t="74" w="21" /></phr><phr n="codes"><ent r="3" t="14" w="1087" /><ent r="4" t="23" w="772" /><ent r="3" t="23" w="1182" /><ent r="3" t="23" w="1189" /><ent r="3" t="23" w="1504" /><ent r="3" t="23" w="1630" /><ent r="3" t="23" w="1663" /><ent r="3" t="23" w="1846" /><ent r="3" t="23" w="1925" /><ent r="3" t="42" w="537" /><ent r="3" t="42" w="585" /><ent r="3" t="47" w="225" /><ent r="3" t="48" w="619" /></phr><phr n="CODE"><ent r="3" t="14" w="1095" /><ent r="3" t="14" w="1100" /><ent r="3" t="14" w="1105" /><ent r="3" t="14" w="1110" /><ent r="3" t="14" w="1115" /><ent r="100" t="41" w="44" /><ent r="3" t="41" w="101" /><ent r="4" t="41" w="113" /><ent r="3" t="42" w="545" /><ent r="3" t="42" w="550" /><ent r="3" t="42" w="555" /><ent r="3" t="42" w="560" /><ent r="3" t="42" w="565" /><ent r="3" t="42" w="801" /><ent r="3" t="42" w="806" /><ent r="3" t="42" w="811" /><ent r="3" t="42" w="816" /><ent r="3" t="42" w="821" /><ent r="3" t="44" w="186" /><ent r="3" t="44" w="191" /><ent r="3" t="44" w="196" /><ent r="3" t="45" w="393" /><ent r="3" t="45" w="398" /><ent r="3" t="45" w="403" /><ent r="3" t="45" w="408" /><ent r="3" t="47" w="233" /><ent r="3" t="47" w="238" /><ent r="3" t="47" w="243" /><ent r="3" t="47" w="248" /><ent r="3" t="48" w="627" /><ent r="3" t="48" w="632" /><ent r="3" t="48" w="637" /><ent r="3" t="48" w="642" /><ent r="3" t="48" w="647" /></phr><phr n="Code"><ent r="3" t="45" w="461" /></phr></stem><stem n="companion"><phr n="companion"><ent r="4" t="4" w="661" /><ent r="92" t="39" w="516" /><ent r="3" t="39" w="573" /></phr></stem><stem n="execut"><phr n="executed"><ent r="4" t="4" w="665" /><ent r="3" t="14" w="902" /><ent r="3" t="36" w="220" /><ent r="3" t="36" w="4499" /></phr><phr n="executions"><ent r="3" t="14" w="383" /></phr><phr n="execute"><ent r="3" t="33" w="26" /><ent r="4" t="37" w="414" /><ent r="4" t="39" w="225" /><ent r="3" t="40" w="25" /><ent r="3" t="54" w="78" /><ent r="3" t="54" w="692" /></phr><phr n="executes"><ent r="3" t="36" w="1252" /><ent r="3" t="45" w="342" /></phr><phr n="executable"><ent r="4" t="39" w="221" /><ent r="3" t="39" w="628" /><ent r="4" t="39" w="944" /><ent r="4" t="39" w="1052" /><ent r="4" t="40" w="43" /><ent r="4" t="40" w="110" /><ent r="4" t="40" w="250" /><ent r="4" t="40" w="309" /><ent r="3" t="40" w="522" /><ent r="3" t="42" w="67" /><ent r="3" t="42" w="365" /><ent r="3" t="42" w="411" /><ent r="100" t="46" w="232" /><ent r="4" t="46" w="262" /><ent r="4" t="46" w="273" /></phr><phr n="execution"><ent r="4" t="39" w="707" /></phr><phr n="executables"><ent r="92" t="42" w="343" /></phr></stem><stem n="-display&gt;"><phr n="-display&gt;"><ent r="66" t="4" w="672" /><ent r="66" t="4" w="672" /><ent r="6" t="10" w="79" /><ent r="6" t="10" w="79" /><ent r="93" t="10" w="359" /><ent r="93" t="10" w="359" /><ent r="4" t="10" w="366" /><ent r="4" t="10" w="366" /><ent r="82" t="13" w="278" /><ent r="82" t="13" w="278" /><ent r="3" t="13" w="289" /><ent r="3" t="13" w="289" /><ent r="5" t="13" w="1772" /><ent r="5" t="13" w="1772" /><ent r="3" t="14" w="1120" /><ent r="3" t="14" w="1120" /><ent r="66" t="39" w="257" /><ent r="66" t="39" w="257" /><ent r="5" t="39" w="745" /><ent r="5" t="39" w="745" /><ent r="3" t="42" w="570" /><ent r="3" t="42" w="570" /><ent r="3" t="42" w="826" /><ent r="3" t="42" w="826" /><ent r="1000" t="43" w="2" /><ent r="1000" t="43" w="2" /><ent r="103" t="43" w="8" /><ent r="103" t="43" w="8" /><ent r="4" t="43" w="15" /><ent r="4" t="43" w="15" /><ent r="3" t="44" w="201" /><ent r="3" t="44" w="201" /><ent r="3" t="45" w="413" /><ent r="3" t="45" w="413" /><ent r="5" t="46" w="898" /><ent r="5" t="46" w="898" /><ent r="3" t="47" w="253" /><ent r="3" t="47" w="253" /><ent r="3" t="48" w="653" /><ent r="3" t="48" w="653" /></phr></stem><stem n="&lt;command-display&gt;"><phr n="&lt;command-display&gt;"><ent r="66" t="4" w="672" /><ent r="6" t="10" w="79" /><ent r="93" t="10" w="359" /><ent r="4" t="10" w="366" /><ent r="82" t="13" w="278" /><ent r="3" t="13" w="289" /><ent r="5" t="13" w="1772" /><ent r="3" t="14" w="1120" /><ent r="66" t="39" w="257" /><ent r="5" t="39" w="745" /><ent r="3" t="42" w="570" /><ent r="3" t="42" w="826" /><ent r="1000" t="43" w="2" /><ent r="103" t="43" w="8" /><ent r="4" t="43" w="15" /><ent r="3" t="44" w="201" /><ent r="3" t="45" w="413" /><ent r="5" t="46" w="898" /><ent r="3" t="47" w="253" /><ent r="3" t="48" w="653" /></phr></stem><stem n="html"><phr n="HTML"><ent r="3" t="4" w="711" /><ent r="100" t="12" w="10" /><ent r="3" t="12" w="23" /><ent r="3" t="12" w="37" /><ent r="100" t="34" w="1722" /><ent r="3" t="34" w="1726" /><ent r="3" t="34" w="1743" /><ent r="4" t="58" w="154" /><ent r="3" t="58" w="203" /><ent r="100" t="65" w="35" /><ent r="3" t="65" w="50" /><ent r="4" t="65" w="147" /><ent r="3" t="65" w="248" /><ent r="100" t="66" w="27" /><ent r="3" t="66" w="41" /><ent r="100" t="66" w="95" /><ent r="3" t="66" w="100" /><ent r="3" t="66" w="104" /><ent r="100" t="67" w="65" /><ent r="100" t="67" w="89" /><ent r="6" t="67" w="749" /><ent r="100" t="69" w="131" /><ent r="100" t="69" w="245" /><ent r="6" t="69" w="467" /><ent r="6" t="69" w="612" /><ent r="6" t="69" w="1390" /><ent r="6" t="69" w="1527" /><ent r="6" t="69" w="1710" /><ent r="5" t="69" w="1759" /><ent r="100" t="70" w="89" /><ent r="3" t="70" w="100" /><ent r="3" t="70" w="162" /><ent r="3" t="70" w="257" /><ent r="100" t="70" w="402" /><ent r="3" t="70" w="405" /><ent r="3" t="70" w="417" /></phr><phr n="html"><ent r="64" t="25" w="481" /><ent r="3" t="31" w="353" /><ent r="3" t="31" w="368" /><ent r="64" t="46" w="408" /><ent r="64" t="48" w="987" /><ent r="64" t="48" w="1001" /><ent r="4" t="58" w="150" /><ent r="3" t="58" w="186" /><ent r="4" t="59" w="97" /><ent r="3" t="60" w="699" /><ent r="64" t="62" w="33" /><ent r="100" t="65" w="548" /><ent r="5" t="65" w="551" /><ent r="100" t="65" w="566" /><ent r="5" t="65" w="569" /><ent r="100" t="65" w="581" /><ent r="5" t="65" w="584" /><ent r="100" t="65" w="595" /><ent r="5" t="65" w="598" /><ent r="100" t="65" w="609" /><ent r="5" t="65" w="612" /><ent r="100" t="65" w="623" /><ent r="5" t="65" w="626" /><ent r="3" t="65" w="638" /><ent r="3" t="65" w="640" /><ent r="3" t="65" w="642" /><ent r="3" t="65" w="645" /><ent r="100" t="67" w="63" /><ent r="7" t="67" w="69" /><ent r="7" t="67" w="106" /><ent r="7" t="67" w="253" /><ent r="100" t="67" w="276" /><ent r="6" t="67" w="285" /><ent r="7" t="67" w="294" /><ent r="6" t="67" w="311" /><ent r="7" t="67" w="560" /><ent r="7" t="67" w="581" /><ent r="7" t="67" w="656" /><ent r="7" t="67" w="670" /><ent r="6" t="67" w="696" /><ent r="100" t="69" w="137" /><ent r="7" t="69" w="145" /><ent r="7" t="69" w="635" /><ent r="7" t="69" w="1367" /><ent r="7" t="69" w="1397" /><ent r="6" t="69" w="1440" /><ent r="7" t="69" w="1522" /><ent r="7" t="69" w="1558" /><ent r="4" t="69" w="1603" /><ent r="100" t="69" w="1825" /><ent r="100" t="69" w="1836" /><ent r="4" t="69" w="1848" /><ent r="6" t="69" w="1892" /><ent r="6" t="69" w="1970" /><ent r="6" t="69" w="2408" /><ent r="3" t="70" w="153" /><ent r="3" t="70" w="211" /><ent r="100" t="70" w="308" /><ent r="100" t="70" w="312" /><ent r="3" t="70" w="322" /><ent r="3" t="70" w="352" /><ent r="100" t="70" w="363" /><ent r="3" t="70" w="375" /><ent r="3" t="70" w="421" /><ent r="3" t="70" w="448" /><ent r="3" t="70" w="477" /><ent r="100" t="72" w="66" /><ent r="5" t="72" w="71" /><ent r="100" t="72" w="85" /><ent r="5" t="72" w="90" /></phr></stem><stem n="locat"><phr n="Locations"><ent r="64" t="4" w="716" /><ent r="67" t="5" w="381" /><ent r="92" t="5" w="1193" /></phr><phr n="locate"><ent r="3" t="25" w="219" /></phr><phr n="location"><ent r="3" t="48" w="916" /><ent r="4" t="49" w="266" /><ent r="3" t="60" w="674" /></phr><phr n="located"><ent r="4" t="49" w="280" /><ent r="3" t="50" w="23" /><ent r="3" t="53" w="251" /><ent r="3" t="55" w="122" /><ent r="3" t="70" w="62" /></phr><phr n="locates"><ent r="3" t="50" w="81" /></phr></stem><stem n="recommend"><phr n="recommended"><ent r="3" t="4" w="735" /><ent r="3" t="42" w="353" /><ent r="3" t="63" w="42" /><ent r="3" t="63" w="284" /><ent r="3" t="63" w="309" /></phr><phr n="recommends"><ent r="3" t="5" w="75" /><ent r="3" t="5" w="1379" /><ent r="3" t="27" w="317" /><ent r="3" t="60" w="82" /><ent r="3" t="77" w="193" /></phr><phr n="recommend"><ent r="3" t="39" w="452" /></phr></stem><stem n="convent"><phr n="conventions"><ent r="3" t="4" w="737" /><ent r="64" t="5" w="83" /><ent r="4" t="40" w="138" /></phr><phr n="convention"><ent r="6" t="5" w="347" /><ent r="4" t="5" w="1276" /><ent r="3" t="13" w="2490" /><ent r="3" t="36" w="3214" /><ent r="4" t="77" w="90" /></phr></stem></index>