<?xml version="1.0" encoding="utf-8"?><index><stem n="instal"><phr n="Installing"><ent r="64" t="4" w="739" /><ent r="100" t="39" w="376" /><ent r="100" t="39" w="889" /><ent r="100" t="39" w="894" /><ent r="92" t="39" w="896" /><ent r="1000" t="49" w="1" /><ent r="102" t="49" w="6" /><ent r="100" t="49" w="39" /><ent r="100" t="49" w="43" /><ent r="100" t="49" w="45" /></phr><phr n="installed"><ent r="5" t="13" w="257" /><ent r="4" t="48" w="245" /><ent r="4" t="48" w="249" /><ent r="4" t="49" w="113" /><ent r="3" t="60" w="108" /><ent r="3" t="60" w="261" /></phr><phr n="install"><ent r="3" t="39" w="911" /><ent r="4" t="39" w="920" /><ent r="4" t="46" w="250" /><ent r="4" t="48" w="266" /><ent r="4" t="49" w="50" /><ent r="4" t="55" w="733" /><ent r="4" t="55" w="769" /><ent r="7" t="67" w="490" /></phr></stem><stem n="reload"><phr n="Reloading"><ent r="64" t="4" w="741" /><ent r="1000" t="49" w="3" /><ent r="102" t="49" w="8" /><ent r="92" t="49" w="224" /><ent r="100" t="64" w="311" /><ent r="92" t="64" w="313" /></phr><phr n="Reload"><ent r="100" t="4" w="758" /><ent r="5" t="4" w="760" /><ent r="5" t="49" w="292" /><ent r="100" t="64" w="294" /><ent r="100" t="64" w="296" /></phr><phr n="reload"><ent r="4" t="39" w="1040" /><ent r="4" t="39" w="1067" /><ent r="3" t="42" w="110" /><ent r="4" t="49" w="269" /><ent r="4" t="64" w="339" /></phr><phr n="reloaded"><ent r="3" t="42" w="193" /><ent r="4" t="64" w="395" /></phr><phr n="reloads"><ent r="3" t="42" w="275" /><ent r="3" t="64" w="332" /></phr></stem><stem n="modif"><phr n="modification"><ent r="3" t="4" w="746" /></phr></stem><stem n="need"><phr n="need"><ent r="3" t="4" w="753" /><ent r="3" t="7" w="148" /><ent r="3" t="13" w="598" /><ent r="3" t="14" w="252" /><ent r="3" t="23" w="1406" /><ent r="3" t="25" w="908" /><ent r="3" t="36" w="990" /><ent r="3" t="36" w="1117" /><ent r="3" t="39" w="909" /><ent r="4" t="40" w="266" /><ent r="3" t="41" w="60" /><ent r="3" t="49" w="236" /><ent r="3" t="50" w="43" /><ent r="3" t="60" w="117" /><ent r="3" t="63" w="210" /></phr><phr n="needed"><ent r="3" t="14" w="542" /><ent r="4" t="15" w="169" /><ent r="3" t="40" w="23" /></phr></stem><stem n="click"><phr n="click"><ent r="3" t="4" w="755" /><ent r="5" t="5" w="587" /><ent r="5" t="5" w="598" /><ent r="3" t="10" w="340" /><ent r="3" t="10" w="398" /><ent r="3" t="37" w="232" /><ent r="4" t="48" w="51" /><ent r="4" t="49" w="106" /><ent r="4" t="49" w="171" /><ent r="4" t="49" w="209" /><ent r="4" t="49" w="289" /><ent r="4" t="54" w="740" /><ent r="4" t="55" w="763" /></phr><phr n="clicking"><ent r="4" t="11" w="527" /><ent r="3" t="13" w="581" /><ent r="6" t="69" w="1535" /></phr><phr n="clicked"><ent r="3" t="13" w="1553" /></phr><phr n="clicks"><ent r="4" t="15" w="232" /><ent r="4" t="21" w="760" /><ent r="6" t="67" w="815" /></phr><phr n="Clicking"><ent r="3" t="18" w="1798" /></phr><phr n="Click"><ent r="4" t="49" w="79" /><ent r="4" t="55" w="747" /><ent r="4" t="55" w="805" /></phr></stem><stem n="button"><phr n="button"><ent r="3" t="4" w="769" /><ent r="3" t="18" w="431" /><ent r="4" t="49" w="295" /></phr></stem><stem n="(circular"><phr n="(circular"><ent r="3" t="4" w="775" /></phr></stem><stem n="circular"><phr n="circular"><ent r="3" t="4" w="775" /><ent r="4" t="18" w="1614" /></phr></stem><stem n="arrow"><phr n="arrow"><ent r="3" t="4" w="776" /></phr></stem><stem n="icon"><phr n="icon"><ent r="3" t="4" w="777" /><ent r="3" t="20" w="294" /><ent r="3" t="20" w="351" /><ent r="3" t="20" w="417" /><ent r="3" t="20" w="472" /><ent r="3" t="20" w="522" /><ent r="4" t="21" w="677" /><ent r="4" t="49" w="84" /></phr><phr n="icons"><ent r="3" t="20" w="449" /><ent r="6" t="57" w="264" /><ent r="3" t="57" w="348" /><ent r="3" t="57" w="366" /><ent r="3" t="57" w="421" /><ent r="3" t="57" w="435" /><ent r="6" t="60" w="175" /><ent r="3" t="60" w="629" /><ent r="3" t="60" w="1058" /></phr><phr n="Icons"><ent r="4" t="57" w="29" /><ent r="6" t="57" w="261" /><ent r="4" t="57" w="343" /><ent r="6" t="60" w="172" /><ent r="3" t="60" w="632" /><ent r="3" t="60" w="1061" /></phr></stem><stem n="left"><phr n="left"><ent r="3" t="4" w="780" /><ent r="5" t="5" w="432" /><ent r="5" t="9" w="64" /><ent r="5" t="9" w="156" /><ent r="5" t="9" w="223" /><ent r="5" t="9" w="328" /><ent r="5" t="9" w="760" /><ent r="5" t="9" w="800" /><ent r="5" t="9" w="840" /><ent r="3" t="18" w="421" /><ent r="4" t="23" w="498" /><ent r="3" t="23" w="1399" /><ent r="3" t="26" w="222" /><ent r="3" t="28" w="616" /><ent r="3" t="31" w="113" /></phr></stem><stem n="pane"><phr n="pane"><ent r="3" t="4" w="781" /><ent r="5" t="5" w="433" /><ent r="3" t="30" w="58" /></phr></stem><stem n="ip"><phr n="IP"><ent r="100" t="5" w="13" /><ent r="6" t="5" w="495" /><ent r="5" t="5" w="511" /><ent r="6" t="5" w="637" /><ent r="3" t="5" w="774" /><ent r="5" t="9" w="616" /><ent r="5" t="13" w="168" /><ent r="3" t="14" w="176" /><ent r="3" t="14" w="801" /><ent r="100" t="15" w="43" /><ent r="3" t="15" w="655" /><ent r="100" t="16" w="718" /><ent r="3" t="16" w="937" /><ent r="3" t="18" w="1332" /><ent r="3" t="18" w="1352" /><ent r="4" t="18" w="1398" /><ent r="3" t="19" w="345" /><ent r="3" t="21" w="1299" /><ent r="3" t="26" w="113" /><ent r="3" t="27" w="87" /><ent r="3" t="27" w="106" /><ent r="3" t="27" w="116" /><ent r="4" t="28" w="335" /><ent r="4" t="28" w="351" /><ent r="3" t="31" w="140" /><ent r="3" t="31" w="402" /><ent r="3" t="31" w="557" /><ent r="100" t="38" w="60" /><ent r="3" t="38" w="156" /><ent r="100" t="39" w="76" /><ent r="3" t="42" w="469" /><ent r="3" t="42" w="728" /><ent r="3" t="44" w="123" /><ent r="3" t="45" w="319" /><ent r="3" t="46" w="118" /><ent r="4" t="46" w="352" /><ent r="100" t="46" w="361" /><ent r="3" t="47" w="49" /><ent r="3" t="47" w="133" /><ent r="3" t="48" w="532" /><ent r="100" t="49" w="146" /><ent r="4" t="49" w="157" /><ent r="100" t="54" w="114" /><ent r="100" t="54" w="119" /><ent r="100" t="54" w="126" /><ent r="3" t="54" w="147" /><ent r="5" t="54" w="322" /><ent r="4" t="54" w="327" /><ent r="3" t="54" w="362" /><ent r="3" t="54" w="486" /><ent r="3" t="54" w="530" /><ent r="3" t="54" w="590" /><ent r="6" t="69" w="703" /><ent r="6" t="69" w="727" /><ent r="100" t="69" w="757" /><ent r="6" t="69" w="760" /><ent r="6" t="69" w="773" /><ent r="6" t="69" w="885" /></phr></stem><stem n="formal"><phr n="formal"><ent r="3" t="5" w="22" /></phr></stem><stem n="header"><phr n="header"><ent r="3" t="5" w="34" /><ent r="3" t="5" w="67" /><ent r="3" t="5" w="94" /><ent r="3" t="5" w="734" /><ent r="6" t="5" w="977" /><ent r="6" t="5" w="1075" /><ent r="3" t="5" w="1376" /><ent r="3" t="5" w="1400" /><ent r="3" t="15" w="657" /><ent r="3" t="16" w="939" /><ent r="3" t="28" w="199" /><ent r="3" t="31" w="74" /><ent r="3" t="31" w="254" /><ent r="3" t="45" w="285" /><ent r="3" t="48" w="820" /><ent r="6" t="69" w="2404" /><ent r="6" t="69" w="2442" /><ent r="3" t="77" w="190" /><ent r="3" t="77" w="214" /></phr><phr n="Header"><ent r="100" t="5" w="96" /><ent r="92" t="5" w="99" /><ent r="100" t="5" w="165" /><ent r="100" t="5" w="716" /><ent r="100" t="5" w="719" /><ent r="100" t="5" w="723" /><ent r="92" t="5" w="727" /><ent r="92" t="5" w="787" /><ent r="65" t="46" w="889" /></phr></stem><stem n="have"><phr n="having"><ent r="3" t="5" w="36" /><ent r="6" t="67" w="386" /></phr></stem><stem n="correspond"><phr n="corresponding"><ent r="3" t="5" w="41" /><ent r="5" t="11" w="222" /><ent r="4" t="16" w="220" /><ent r="3" t="16" w="1829" /><ent r="3" t="17" w="95" /><ent r="3" t="32" w="364" /><ent r="3" t="39" w="508" /><ent r="3" t="39" w="1093" /><ent r="3" t="43" w="98" /><ent r="3" t="57" w="108" /><ent r="3" t="57" w="245" /><ent r="4" t="59" w="48" /><ent r="3" t="60" w="622" /><ent r="3" t="64" w="94" /></phr><phr n="correspond"><ent r="3" t="5" w="86" /><ent r="3" t="20" w="313" /></phr><phr n="corresponds"><ent r="6" t="16" w="531" /><ent r="3" t="33" w="673" /><ent r="6" t="69" w="1530" /></phr><phr n="Corresponding"><ent r="6" t="57" w="257" /><ent r="6" t="60" w="168" /></phr></stem><stem n="valu"><phr n="value"><ent r="3" t="5" w="42" /><ent r="3" t="5" w="48" /><ent r="6" t="5" w="1139" /><ent r="100" t="7" w="62" /><ent r="3" t="7" w="72" /><ent r="3" t="7" w="83" /><ent r="3" t="7" w="91" /><ent r="3" t="7" w="388" /><ent r="3" t="7" w="404" /><ent r="3" t="7" w="413" /><ent r="3" t="7" w="439" /><ent r="3" t="7" w="451" /><ent r="3" t="7" w="514" /><ent r="3" t="7" w="538" /><ent r="3" t="8" w="361" /><ent r="5" t="9" w="660" /><ent r="5" t="9" w="663" /><ent r="5" t="9" w="672" /><ent r="5" t="9" w="675" /><ent r="5" t="9" w="711" /><ent r="5" t="9" w="714" /><ent r="5" t="9" w="723" /><ent r="5" t="9" w="726" /><ent r="5" t="13" w="355" /><ent r="3" t="13" w="528" /><ent r="3" t="13" w="543" /><ent r="3" t="13" w="559" /><ent r="3" t="13" w="567" /><ent r="3" t="13" w="578" /><ent r="3" t="13" w="604" /><ent r="5" t="13" w="926" /><ent r="3" t="13" w="1523" /><ent r="3" t="13" w="1549" /><ent r="3" t="13" w="1755" /><ent r="3" t="13" w="2433" /><ent r="3" t="13" w="2510" /><ent r="3" t="14" w="28" /><ent r="3" t="14" w="290" /><ent r="3" t="14" w="312" /><ent r="3" t="14" w="326" /><ent r="3" t="14" w="344" /><ent r="3" t="14" w="507" /><ent r="3" t="14" w="946" /><ent r="3" t="14" w="975" /><ent r="3" t="14" w="1124" /><ent r="3" t="14" w="1226" /><ent r="3" t="14" w="1272" /><ent r="3" t="14" w="1288" /><ent r="4" t="16" w="160" /><ent r="100" t="16" w="256" /><ent r="4" t="16" w="269" /><ent r="6" t="16" w="314" /><ent r="6" t="16" w="320" /><ent r="6" t="16" w="324" /><ent r="6" t="16" w="338" /><ent r="6" t="16" w="348" /><ent r="6" t="16" w="352" /><ent r="6" t="16" w="362" /><ent r="6" t="16" w="426" /><ent r="7" t="16" w="437" /><ent r="6" t="16" w="442" /><ent r="6" t="16" w="452" /><ent r="7" t="16" w="461" /><ent r="6" t="16" w="466" /><ent r="6" t="16" w="476" /><ent r="6" t="16" w="582" /><ent r="4" t="16" w="841" /><ent r="4" t="16" w="995" /><ent r="4" t="16" w="1195" /><ent r="4" t="16" w="1221" /><ent r="4" t="16" w="1292" /><ent r="4" t="16" w="1343" /><ent r="4" t="16" w="1359" /><ent r="4" t="16" w="1370" /><ent r="3" t="16" w="1492" /><ent r="3" t="16" w="1522" /><ent r="3" t="16" w="1543" /><ent r="3" t="16" w="1686" /><ent r="4" t="16" w="1721" /><ent r="4" t="16" w="1730" /><ent r="4" t="16" w="1761" /><ent r="3" t="16" w="1793" /><ent r="3" t="16" w="1845" /><ent r="3" t="16" w="1872" /><ent r="3" t="18" w="1179" /><ent r="3" t="18" w="1250" /><ent r="3" t="18" w="1411" /><ent r="3" t="18" w="1501" /><ent r="4" t="18" w="1567" /><ent r="4" t="18" w="1594" /><ent r="4" t="18" w="1631" /><ent r="3" t="22" w="122" /><ent r="100" t="23" w="26" /><ent r="100" t="23" w="29" /><ent r="100" t="23" w="32" /><ent r="4" t="23" w="147" /><ent r="4" t="23" w="154" /><ent r="4" t="23" w="404" /><ent r="4" t="23" w="448" /><ent r="4" t="23" w="459" /><ent r="4" t="23" w="571" /><ent r="4" t="23" w="671" /><ent r="3" t="23" w="896" /><ent r="3" t="23" w="915" /><ent r="3" t="23" w="962" /><ent r="3" t="23" w="1036" /><ent r="3" t="23" w="1095" /><ent r="3" t="23" w="2368" /><ent r="3" t="23" w="2375" /><ent r="3" t="23" w="2383" /><ent r="6" t="23" w="2531" /><ent r="6" t="23" w="2540" /><ent r="6" t="23" w="2549" /><ent r="6" t="23" w="2558" /><ent r="6" t="23" w="2567" /><ent r="6" t="23" w="2576" /><ent r="6" t="23" w="2618" /><ent r="6" t="23" w="2635" /><ent r="4" t="23" w="2865" /><ent r="6" t="23" w="2953" /><ent r="6" t="23" w="2981" /><ent r="6" t="23" w="2996" /><ent r="3" t="25" w="691" /><ent r="3" t="25" w="718" /><ent r="3" t="25" w="752" /><ent r="3" t="25" w="852" /><ent r="3" t="25" w="860" /><ent r="3" t="25" w="889" /><ent r="3" t="25" w="1039" /><ent r="3" t="26" w="174" /><ent r="3" t="26" w="194" /><ent r="3" t="26" w="247" /><ent r="3" t="28" w="37" /><ent r="3" t="28" w="42" /><ent r="4" t="28" w="145" /><ent r="3" t="28" w="170" /><ent r="4" t="28" w="240" /><ent r="4" t="28" w="245" /><ent r="4" t="28" w="256" /><ent r="4" t="28" w="272" /><ent r="4" t="28" w="296" /><ent r="4" t="28" w="307" /><ent r="4" t="28" w="321" /><ent r="4" t="28" w="437" /><ent r="3" t="28" w="505" /><ent r="3" t="28" w="527" /><ent r="3" t="28" w="717" /><ent r="3" t="28" w="724" /><ent r="3" t="28" w="737" /><ent r="4" t="30" w="300" /><ent r="3" t="33" w="679" /><ent r="3" t="33" w="963" /><ent r="3" t="33" w="1000" /><ent r="3" t="33" w="1011" /><ent r="3" t="33" w="1057" /><ent r="3" t="33" w="1079" /><ent r="4" t="34" w="1106" /><ent r="5" t="34" w="1447" /><ent r="4" t="36" w="766" /><ent r="4" t="36" w="830" /><ent r="3" t="36" w="1657" /><ent r="3" t="36" w="2537" /><ent r="3" t="36" w="2551" /><ent r="4" t="36" w="2581" /><ent r="4" t="36" w="2633" /><ent r="4" t="36" w="3145" /><ent r="3" t="36" w="3441" /><ent r="3" t="36" w="3474" /><ent r="4" t="36" w="3541" /><ent r="3" t="39" w="53" /><ent r="5" t="39" w="755" /><ent r="3" t="41" w="71" /><ent r="3" t="43" w="46" /><ent r="3" t="46" w="133" /><ent r="4" t="46" w="560" /><ent r="3" t="46" w="586" /><ent r="3" t="47" w="81" /><ent r="4" t="48" w="111" /><ent r="4" t="53" w="90" /><ent r="4" t="53" w="103" /><ent r="3" t="53" w="533" /><ent r="3" t="53" w="587" /><ent r="3" t="55" w="262" /><ent r="3" t="55" w="490" /><ent r="3" t="55" w="496" /><ent r="3" t="63" w="291" /><ent r="4" t="63" w="334" /><ent r="3" t="63" w="398" /><ent r="3" t="63" w="436" /><ent r="3" t="63" w="459" /><ent r="3" t="63" w="482" /><ent r="7" t="67" w="473" /><ent r="7" t="67" w="504" /><ent r="6" t="69" w="1096" /><ent r="6" t="69" w="1704" /><ent r="5" t="69" w="1753" /><ent r="6" t="69" w="2008" /><ent r="6" t="69" w="2181" /><ent r="6" t="69" w="2207" /><ent r="6" t="69" w="2216" /><ent r="6" t="69" w="2234" /><ent r="6" t="69" w="2243" /><ent r="6" t="69" w="2261" /><ent r="6" t="69" w="2288" /><ent r="6" t="69" w="2296" /><ent r="7" t="69" w="2342" /><ent r="6" t="69" w="2351" /><ent r="6" t="69" w="2358" /><ent r="7" t="69" w="2365" /><ent r="6" t="69" w="2370" /><ent r="6" t="69" w="2391" /><ent r="4" t="76" w="122" /></phr><phr n="values"><ent r="6" t="5" w="999" /><ent r="3" t="7" w="393" /><ent r="92" t="8" w="221" /><ent r="3" t="8" w="225" /><ent r="3" t="8" w="315" /><ent r="3" t="8" w="324" /><ent r="3" t="8" w="335" /><ent r="3" t="9" w="21" /><ent r="3" t="10" w="163" /><ent r="3" t="10" w="232" /><ent r="5" t="13" w="377" /><ent r="5" t="13" w="716" /><ent r="5" t="13" w="1335" /><ent r="3" t="13" w="1360" /><ent r="3" t="13" w="2137" /><ent r="3" t="13" w="2383" /><ent r="3" t="14" w="263" /><ent r="3" t="14" w="386" /><ent r="3" t="14" w="416" /><ent r="3" t="14" w="428" /><ent r="3" t="14" w="453" /><ent r="3" t="14" w="483" /><ent r="3" t="14" w="533" /><ent r="3" t="14" w="756" /><ent r="3" t="14" w="880" /><ent r="3" t="14" w="983" /><ent r="4" t="15" w="131" /><ent r="3" t="15" w="530" /><ent r="3" t="15" w="541" /><ent r="3" t="16" w="77" /><ent r="6" t="16" w="308" /><ent r="6" t="16" w="332" /><ent r="4" t="16" w="1125" /><ent r="3" t="16" w="1278" /><ent r="3" t="16" w="1286" /><ent r="3" t="17" w="39" /><ent r="4" t="17" w="374" /><ent r="4" t="18" w="158" /><ent r="3" t="18" w="468" /><ent r="3" t="18" w="556" /><ent r="4" t="18" w="885" /><ent r="3" t="18" w="1217" /><ent r="3" t="18" w="1382" /><ent r="3" t="18" w="1531" /><ent r="3" t="18" w="1545" /><ent r="4" t="18" w="1912" /><ent r="3" t="19" w="64" /><ent r="3" t="19" w="133" /><ent r="3" t="21" w="1548" /><ent r="3" t="22" w="114" /><ent r="3" t="23" w="39" /><ent r="3" t="25" w="1056" /><ent r="3" t="26" w="307" /><ent r="3" t="26" w="318" /><ent r="3" t="26" w="344" /><ent r="3" t="26" w="372" /><ent r="3" t="27" w="46" /><ent r="3" t="27" w="149" /><ent r="4" t="28" w="216" /><ent r="3" t="28" w="419" /><ent r="3" t="28" w="609" /><ent r="3" t="28" w="704" /><ent r="3" t="28" w="879" /><ent r="3" t="28" w="946" /><ent r="3" t="28" w="1019" /><ent r="4" t="30" w="258" /><ent r="3" t="31" w="249" /><ent r="3" t="31" w="270" /><ent r="3" t="31" w="319" /><ent r="3" t="33" w="494" /><ent r="3" t="33" w="714" /><ent r="3" t="33" w="726" /><ent r="3" t="33" w="763" /><ent r="3" t="33" w="856" /><ent r="3" t="33" w="895" /><ent r="3" t="33" w="937" /><ent r="4" t="34" w="1299" /><ent r="3" t="36" w="952" /><ent r="100" t="36" w="1516" /><ent r="3" t="36" w="1532" /><ent r="3" t="36" w="1732" /><ent r="3" t="36" w="2733" /><ent r="3" t="39" w="356" /><ent r="5" t="39" w="700" /><ent r="4" t="39" w="723" /><ent r="4" t="39" w="733" /><ent r="4" t="39" w="750" /><ent r="4" t="39" w="806" /><ent r="3" t="39" w="818" /><ent r="4" t="40" w="219" /><ent r="3" t="45" w="364" /><ent r="3" t="46" w="604" /><ent r="93" t="53" w="285" /><ent r="93" t="53" w="451" /><ent r="3" t="59" w="79" /><ent r="3" t="63" w="40" /><ent r="3" t="63" w="73" /><ent r="3" t="63" w="94" /><ent r="3" t="63" w="214" /><ent r="3" t="63" w="339" /><ent r="3" t="63" w="345" /><ent r="3" t="76" w="27" /><ent r="3" t="76" w="53" /></phr><phr n="Value"><ent r="3" t="7" w="233" /><ent r="3" t="7" w="593" /><ent r="5" t="13" w="955" /><ent r="9" t="16" w="681" /><ent r="3" t="31" w="1331" /><ent r="3" t="31" w="1349" /><ent r="3" t="31" w="1367" /><ent r="3" t="31" w="1385" /><ent r="3" t="31" w="1403" /><ent r="3" t="31" w="1421" /><ent r="3" t="31" w="1439" /><ent r="3" t="31" w="1457" /><ent r="3" t="31" w="1475" /><ent r="3" t="31" w="1493" /><ent r="3" t="31" w="1648" /></phr><phr n="Values"><ent r="100" t="7" w="560" /><ent r="4" t="8" w="104" /><ent r="64" t="8" w="330" /><ent r="4" t="8" w="664" /><ent r="1000" t="9" w="4" /><ent r="102" t="9" w="9" /><ent r="100" t="16" w="54" /><ent r="67" t="16" w="546" /><ent r="92" t="16" w="1271" /><ent r="92" t="16" w="1638" /><ent r="92" t="16" w="1850" /><ent r="100" t="23" w="14" /><ent r="100" t="23" w="132" /><ent r="100" t="23" w="135" /><ent r="100" t="23" w="440" /><ent r="100" t="23" w="565" /><ent r="4" t="28" w="385" /><ent r="85" t="33" w="767" /><ent r="85" t="33" w="797" /><ent r="100" t="34" w="1080" /><ent r="82" t="34" w="1086" /><ent r="100" t="36" w="516" /><ent r="100" t="36" w="1513" /><ent r="1000" t="76" w="2" /><ent r="102" t="76" w="8" /></phr><phr n="VALUE"><ent r="100" t="23" w="34" /><ent r="3" t="23" w="2357" /><ent r="4" t="28" w="786" /><ent r="7" t="69" w="2284" /></phr></stem><stem n="..[part"><phr n="..[part"><ent r="3" t="5" w="46" /></phr></stem><stem n="]"><phr n="]"><ent r="3" t="5" w="48" /><ent r="5" t="9" w="96" /><ent r="5" t="9" w="145" /><ent r="3" t="16" w="139" /><ent r="3" t="21" w="42" /><ent r="3" t="22" w="33" /><ent r="3" t="23" w="1315" /><ent r="3" t="23" w="1615" /><ent r="4" t="30" w="171" /><ent r="4" t="30" w="193" /><ent r="4" t="30" w="219" /><ent r="4" t="30" w="311" /><ent r="65" t="36" w="399" /><ent r="4" t="36" w="1010" /><ent r="3" t="36" w="1512" /><ent r="83" t="36" w="2154" /><ent r="3" t="36" w="3414" /><ent r="3" t="42" w="57" /><ent r="4" t="42" w="80" /><ent r="3" t="60" w="275" /><ent r="3" t="60" w="278" /><ent r="3" t="60" w="281" /><ent r="3" t="60" w="530" /><ent r="3" t="60" w="615" /></phr></stem><stem n="="><phr n="="><ent r="3" t="5" w="48" /><ent r="6" t="5" w="156" /><ent r="6" t="5" w="286" /><ent r="6" t="5" w="562" /><ent r="6" t="5" w="573" /><ent r="6" t="5" w="621" /><ent r="6" t="5" w="644" /><ent r="6" t="5" w="711" /><ent r="3" t="5" w="744" /><ent r="3" t="5" w="748" /><ent r="3" t="5" w="753" /><ent r="3" t="5" w="758" /><ent r="3" t="5" w="764" /><ent r="3" t="5" w="770" /><ent r="3" t="5" w="774" /><ent r="3" t="5" w="779" /><ent r="3" t="5" w="782" /><ent r="6" t="5" w="1123" /><ent r="3" t="5" w="1416" /><ent r="3" t="5" w="1420" /><ent r="3" t="7" w="232" /><ent r="3" t="7" w="305" /><ent r="3" t="7" w="386" /><ent r="3" t="7" w="512" /><ent r="3" t="7" w="592" /><ent r="3" t="7" w="595" /><ent r="3" t="7" w="599" /><ent r="3" t="7" w="603" /><ent r="3" t="13" w="504" /><ent r="3" t="13" w="983" /><ent r="3" t="13" w="1897" /><ent r="3" t="13" w="1914" /><ent r="3" t="13" w="1957" /><ent r="3" t="13" w="2019" /><ent r="3" t="14" w="152" /><ent r="3" t="14" w="156" /><ent r="3" t="14" w="161" /><ent r="3" t="14" w="166" /><ent r="3" t="14" w="171" /><ent r="3" t="14" w="176" /><ent r="3" t="14" w="181" /><ent r="3" t="14" w="185" /><ent r="3" t="14" w="447" /><ent r="3" t="14" w="781" /><ent r="3" t="14" w="784" /><ent r="3" t="14" w="788" /><ent r="3" t="14" w="792" /><ent r="3" t="14" w="797" /><ent r="3" t="14" w="801" /><ent r="3" t="14" w="804" /><ent r="3" t="14" w="1186" /><ent r="3" t="14" w="1196" /><ent r="3" t="14" w="1217" /><ent r="3" t="14" w="1229" /><ent r="3" t="14" w="1249" /><ent r="3" t="14" w="1254" /><ent r="3" t="14" w="1280" /><ent r="3" t="14" w="1292" /><ent r="3" t="14" w="1305" /><ent r="3" t="14" w="1312" /><ent r="3" t="15" w="359" /><ent r="3" t="17" w="152" /><ent r="3" t="17" w="175" /><ent r="3" t="17" w="193" /><ent r="3" t="17" w="202" /><ent r="3" t="19" w="325" /><ent r="3" t="19" w="328" /><ent r="3" t="19" w="332" /><ent r="3" t="19" w="337" /><ent r="3" t="19" w="341" /><ent r="3" t="19" w="345" /><ent r="3" t="19" w="349" /><ent r="3" t="19" w="352" /><ent r="3" t="21" w="1279" /><ent r="3" t="21" w="1282" /><ent r="3" t="21" w="1286" /><ent r="3" t="21" w="1290" /><ent r="3" t="21" w="1295" /><ent r="3" t="21" w="1299" /><ent r="3" t="21" w="1302" /><ent r="3" t="21" w="1305" /><ent r="3" t="21" w="1458" /><ent r="3" t="21" w="1497" /><ent r="3" t="21" w="1532" /><ent r="4" t="23" w="360" /><ent r="4" t="23" w="438" /><ent r="4" t="23" w="637" /><ent r="3" t="23" w="993" /><ent r="3" t="24" w="60" /><ent r="3" t="24" w="62" /><ent r="3" t="24" w="65" /><ent r="3" t="24" w="67" /><ent r="3" t="24" w="70" /><ent r="3" t="24" w="78" /><ent r="5" t="24" w="218" /><ent r="5" t="24" w="285" /><ent r="3" t="26" w="93" /><ent r="3" t="26" w="96" /><ent r="3" t="26" w="100" /><ent r="3" t="26" w="104" /><ent r="3" t="26" w="109" /><ent r="3" t="26" w="117" /><ent r="3" t="26" w="125" /><ent r="3" t="26" w="132" /><ent r="3" t="26" w="134" /><ent r="3" t="26" w="335" /><ent r="3" t="26" w="338" /><ent r="3" t="26" w="339" /><ent r="3" t="26" w="340" /><ent r="3" t="27" w="15" /><ent r="3" t="28" w="1051" /><ent r="3" t="31" w="121" /><ent r="3" t="31" w="125" /><ent r="3" t="31" w="129" /><ent r="3" t="31" w="133" /><ent r="3" t="31" w="136" /><ent r="3" t="31" w="140" /><ent r="3" t="31" w="144" /><ent r="3" t="31" w="147" /><ent r="3" t="31" w="1140" /><ent r="3" t="31" w="1142" /><ent r="3" t="38" w="126" /><ent r="3" t="38" w="129" /><ent r="3" t="38" w="137" /><ent r="3" t="38" w="145" /><ent r="3" t="38" w="148" /><ent r="3" t="38" w="156" /><ent r="3" t="38" w="163" /><ent r="3" t="38" w="431" /><ent r="3" t="38" w="434" /><ent r="3" t="38" w="437" /><ent r="3" t="38" w="439" /><ent r="3" t="38" w="441" /><ent r="3" t="38" w="443" /><ent r="3" t="39" w="1148" /><ent r="3" t="39" w="1165" /><ent r="5" t="40" w="352" /><ent r="5" t="40" w="354" /><ent r="5" t="40" w="358" /><ent r="3" t="40" w="522" /><ent r="3" t="40" w="524" /><ent r="4" t="41" w="114" /><ent r="3" t="42" w="450" /><ent r="3" t="42" w="453" /><ent r="3" t="42" w="457" /><ent r="3" t="42" w="462" /><ent r="3" t="42" w="465" /><ent r="3" t="42" w="469" /><ent r="3" t="42" w="472" /><ent r="3" t="42" w="504" /><ent r="3" t="42" w="589" /><ent r="3" t="42" w="591" /><ent r="3" t="42" w="593" /><ent r="3" t="42" w="595" /><ent r="3" t="42" w="597" /><ent r="3" t="42" w="599" /><ent r="3" t="42" w="601" /><ent r="3" t="42" w="603" /><ent r="3" t="42" w="610" /><ent r="3" t="42" w="628" /><ent r="3" t="42" w="646" /><ent r="3" t="42" w="652" /><ent r="3" t="42" w="661" /><ent r="3" t="42" w="666" /><ent r="3" t="42" w="668" /><ent r="3" t="42" w="709" /><ent r="3" t="42" w="712" /><ent r="3" t="42" w="716" /><ent r="3" t="42" w="721" /><ent r="3" t="42" w="724" /><ent r="3" t="42" w="728" /><ent r="3" t="42" w="731" /><ent r="3" t="42" w="737" /><ent r="3" t="42" w="773" /><ent r="3" t="42" w="783" /><ent r="3" t="42" w="817" /><ent r="3" t="42" w="841" /><ent r="3" t="42" w="844" /><ent r="3" t="42" w="850" /><ent r="3" t="42" w="870" /><ent r="3" t="42" w="897" /><ent r="3" t="42" w="902" /><ent r="3" t="42" w="906" /><ent r="3" t="42" w="909" /><ent r="3" t="42" w="912" /><ent r="3" t="44" w="102" /><ent r="3" t="44" w="105" /><ent r="3" t="44" w="109" /><ent r="3" t="44" w="113" /><ent r="3" t="44" w="119" /><ent r="3" t="44" w="123" /><ent r="3" t="44" w="173" /><ent r="3" t="44" w="174" /><ent r="3" t="44" w="187" /><ent r="3" t="44" w="192" /><ent r="3" t="44" w="197" /><ent r="3" t="45" w="322" /><ent r="3" t="45" w="458" /><ent r="3" t="45" w="473" /><ent r="6" t="46" w="465" /><ent r="6" t="46" w="468" /><ent r="6" t="46" w="472" /><ent r="6" t="46" w="476" /><ent r="4" t="46" w="875" /><ent r="3" t="47" w="31" /><ent r="3" t="47" w="34" /><ent r="3" t="47" w="38" /><ent r="3" t="47" w="42" /><ent r="3" t="47" w="45" /><ent r="3" t="47" w="49" /><ent r="3" t="47" w="52" /><ent r="3" t="47" w="57" /><ent r="3" t="47" w="189" /><ent r="3" t="47" w="213" /><ent r="3" t="47" w="214" /><ent r="5" t="48" w="211" /><ent r="3" t="48" w="513" /><ent r="3" t="48" w="516" /><ent r="3" t="48" w="520" /><ent r="3" t="48" w="524" /><ent r="3" t="48" w="528" /><ent r="3" t="48" w="532" /><ent r="3" t="48" w="535" /><ent r="3" t="48" w="592" /><ent r="3" t="48" w="730" /><ent r="3" t="48" w="741" /><ent r="3" t="48" w="751" /><ent r="3" t="48" w="757" /><ent r="3" t="48" w="760" /><ent r="3" t="48" w="789" /><ent r="3" t="48" w="799" /><ent r="3" t="48" w="808" /><ent r="3" t="48" w="811" /><ent r="3" t="48" w="815" /><ent r="3" t="48" w="825" /><ent r="3" t="48" w="838" /><ent r="3" t="48" w="845" /><ent r="3" t="48" w="858" /><ent r="3" t="48" w="866" /><ent r="3" t="48" w="891" /><ent r="3" t="48" w="898" /><ent r="3" t="48" w="902" /><ent r="3" t="48" w="907" /><ent r="3" t="48" w="910" /><ent r="3" t="48" w="914" /><ent r="3" t="48" w="918" /><ent r="3" t="53" w="340" /><ent r="3" t="53" w="344" /><ent r="3" t="54" w="870" /><ent r="3" t="54" w="887" /><ent r="3" t="54" w="911" /><ent r="3" t="54" w="927" /><ent r="3" t="54" w="945" /><ent r="3" t="54" w="964" /><ent r="3" t="54" w="983" /><ent r="3" t="54" w="999" /><ent r="3" t="54" w="1017" /><ent r="3" t="54" w="1043" /><ent r="3" t="54" w="1062" /><ent r="3" t="54" w="1078" /><ent r="3" t="54" w="1096" /><ent r="3" t="54" w="1114" /><ent r="3" t="55" w="591" /><ent r="3" t="55" w="601" /><ent r="3" t="55" w="610" /><ent r="4" t="59" w="44" /><ent r="4" t="59" w="53" /><ent r="3" t="60" w="288" /><ent r="3" t="60" w="291" /><ent r="3" t="60" w="301" /><ent r="3" t="60" w="304" /><ent r="3" t="60" w="367" /><ent r="3" t="60" w="383" /><ent r="3" t="60" w="490" /><ent r="3" t="60" w="916" /><ent r="3" t="60" w="945" /><ent r="3" t="60" w="952" /><ent r="3" t="60" w="963" /><ent r="3" t="60" w="978" /><ent r="3" t="60" w="994" /><ent r="3" t="60" w="999" /><ent r="3" t="60" w="1008" /><ent r="3" t="60" w="1015" /><ent r="3" t="60" w="1047" /><ent r="3" t="60" w="1060" /><ent r="3" t="60" w="1065" /><ent r="3" t="60" w="1069" /><ent r="3" t="60" w="1074" /><ent r="3" t="60" w="1078" /><ent r="3" t="60" w="1082" /><ent r="3" t="60" w="1087" /><ent r="3" t="60" w="1091" /><ent r="3" t="60" w="1095" /><ent r="3" t="60" w="1105" /><ent r="3" t="60" w="1127" /><ent r="3" t="60" w="1135" /><ent r="3" t="60" w="1139" /><ent r="3" t="60" w="1167" /><ent r="3" t="60" w="1180" /><ent r="3" t="60" w="1199" /><ent r="3" t="60" w="1224" /><ent r="3" t="60" w="1230" /><ent r="3" t="60" w="1234" /><ent r="3" t="60" w="1240" /><ent r="3" t="60" w="1244" /><ent r="3" t="60" w="1246" /><ent r="3" t="60" w="1268" /><ent r="3" t="60" w="1286" /><ent r="3" t="60" w="1295" /><ent r="3" t="60" w="1335" /><ent r="3" t="60" w="1338" /><ent r="3" t="60" w="1346" /><ent r="3" t="60" w="1350" /><ent r="3" t="60" w="1354" /><ent r="3" t="60" w="1367" /><ent r="3" t="60" w="1372" /><ent r="3" t="63" w="154" /><ent r="4" t="63" w="270" /><ent r="6" t="67" w="798" /><ent r="3" t="77" w="230" /><ent r="3" t="77" w="234" /></phr></stem></index>