<?xml version="1.0" encoding="utf-8"?><index><stem n="want"><phr n="want"><ent r="3" t="1" w="314" /><ent r="3" t="3" w="79" /><ent r="3" t="4" w="56" /><ent r="3" t="8" w="251" /><ent r="3" t="15" w="532" /><ent r="3" t="18" w="1818" /><ent r="3" t="25" w="701" /><ent r="3" t="25" w="714" /><ent r="3" t="25" w="848" /><ent r="3" t="25" w="879" /><ent r="4" t="34" w="682" /><ent r="3" t="36" w="4208" /><ent r="3" t="36" w="4230" /><ent r="3" t="39" w="1183" /><ent r="3" t="42" w="69" /><ent r="4" t="49" w="102" /><ent r="4" t="49" w="163" /><ent r="3" t="57" w="222" /><ent r="3" t="61" w="136" /><ent r="3" t="68" w="157" /><ent r="3" t="71" w="38" /></phr></stem><stem n="notifi"><phr n="notify"><ent r="3" t="1" w="318" /><ent r="3" t="32" w="162" /><ent r="3" t="32" w="170" /></phr><phr n="notifiers"><ent r="3" t="13" w="28" /><ent r="4" t="20" w="258" /><ent r="3" t="45" w="31" /></phr><phr n="Notifier"><ent r="65" t="13" w="61" /><ent r="64" t="20" w="765" /><ent r="3" t="21" w="40" /><ent r="5" t="21" w="236" /><ent r="4" t="21" w="258" /><ent r="3" t="21" w="992" /><ent r="3" t="21" w="1031" /><ent r="3" t="21" w="1086" /><ent r="3" t="21" w="1093" /><ent r="1000" t="22" w="3" /><ent r="102" t="22" w="8" /></phr><phr n="Notifiers"><ent r="92" t="13" w="1345" /><ent r="4" t="58" w="73" /></phr><phr n="notifier"><ent r="3" t="13" w="1358" /><ent r="5" t="13" w="1389" /><ent r="5" t="13" w="1407" /><ent r="5" t="13" w="1429" /><ent r="4" t="21" w="246" /><ent r="4" t="21" w="249" /><ent r="3" t="22" w="29" /><ent r="3" t="22" w="31" /><ent r="3" t="22" w="48" /><ent r="4" t="22" w="59" /><ent r="4" t="22" w="73" /><ent r="3" t="22" w="83" /><ent r="3" t="22" w="237" /></phr></stem><stem n="monei"><phr n="money"><ent r="3" t="1" w="323" /></phr></stem><stem n="will"><phr n="will"><ent r="3" t="1" w="324" /><ent r="3" t="1" w="361" /><ent r="3" t="1" w="536" /><ent r="6" t="5" w="305" /><ent r="6" t="5" w="702" /><ent r="6" t="5" w="850" /><ent r="6" t="5" w="862" /><ent r="6" t="5" w="884" /><ent r="6" t="5" w="978" /><ent r="6" t="5" w="1030" /><ent r="6" t="5" w="1038" /><ent r="4" t="5" w="1319" /><ent r="3" t="6" w="29" /><ent r="3" t="7" w="147" /><ent r="3" t="11" w="118" /><ent r="3" t="14" w="211" /><ent r="3" t="14" w="230" /><ent r="3" t="14" w="339" /><ent r="3" t="14" w="437" /><ent r="3" t="14" w="615" /><ent r="3" t="14" w="934" /><ent r="3" t="14" w="953" /><ent r="4" t="16" w="997" /><ent r="4" t="16" w="1036" /><ent r="4" t="16" w="1077" /><ent r="4" t="16" w="1130" /><ent r="4" t="18" w="1941" /><ent r="3" t="19" w="423" /><ent r="3" t="20" w="110" /><ent r="3" t="20" w="130" /><ent r="3" t="20" w="534" /><ent r="4" t="20" w="553" /><ent r="3" t="20" w="789" /><ent r="3" t="20" w="811" /><ent r="4" t="21" w="115" /><ent r="4" t="21" w="746" /><ent r="3" t="21" w="1011" /><ent r="3" t="21" w="1026" /><ent r="3" t="21" w="1042" /><ent r="3" t="21" w="1048" /><ent r="3" t="21" w="1069" /><ent r="3" t="21" w="1109" /><ent r="3" t="22" w="143" /><ent r="4" t="23" w="247" /><ent r="3" t="23" w="1975" /><ent r="4" t="23" w="2305" /><ent r="4" t="23" w="2467" /><ent r="4" t="23" w="2492" /><ent r="4" t="24" w="165" /><ent r="3" t="25" w="182" /><ent r="3" t="25" w="437" /><ent r="4" t="25" w="530" /><ent r="3" t="25" w="804" /><ent r="3" t="25" w="1051" /><ent r="3" t="26" w="230" /><ent r="3" t="26" w="241" /><ent r="3" t="26" w="281" /><ent r="3" t="26" w="327" /><ent r="3" t="26" w="405" /><ent r="3" t="27" w="134" /><ent r="3" t="27" w="271" /><ent r="3" t="28" w="153" /><ent r="3" t="31" w="316" /><ent r="3" t="33" w="537" /><ent r="3" t="33" w="568" /><ent r="3" t="33" w="633" /><ent r="3" t="33" w="664" /><ent r="3" t="33" w="744" /><ent r="3" t="33" w="751" /><ent r="3" t="33" w="994" /><ent r="3" t="33" w="1005" /><ent r="3" t="33" w="1016" /><ent r="3" t="34" w="1548" /><ent r="3" t="34" w="1788" /><ent r="3" t="36" w="223" /><ent r="4" t="36" w="430" /><ent r="4" t="36" w="2596" /><ent r="4" t="36" w="2607" /><ent r="3" t="36" w="2848" /><ent r="3" t="36" w="3167" /><ent r="4" t="36" w="3666" /><ent r="3" t="39" w="428" /><ent r="3" t="39" w="463" /><ent r="4" t="39" w="680" /><ent r="4" t="39" w="776" /><ent r="4" t="40" w="122" /><ent r="3" t="46" w="68" /><ent r="3" t="46" w="125" /><ent r="4" t="46" w="347" /><ent r="3" t="46" w="414" /><ent r="4" t="46" w="851" /><ent r="4" t="46" w="862" /><ent r="4" t="48" w="247" /><ent r="3" t="53" w="48" /><ent r="3" t="53" w="64" /><ent r="3" t="53" w="117" /><ent r="4" t="54" w="292" /><ent r="3" t="54" w="352" /><ent r="3" t="54" w="371" /><ent r="3" t="54" w="384" /><ent r="3" t="54" w="418" /><ent r="4" t="54" w="812" /><ent r="3" t="54" w="1286" /><ent r="3" t="55" w="280" /><ent r="3" t="57" w="384" /><ent r="3" t="60" w="152" /><ent r="4" t="65" w="333" /><ent r="3" t="65" w="360" /><ent r="6" t="69" w="722" /><ent r="3" t="69" w="1790" /><ent r="3" t="70" w="461" /><ent r="4" t="76" w="157" /><ent r="4" t="77" w="133" /></phr></stem><stem n="refund"><phr n="refunded"><ent r="3" t="1" w="326" /></phr></stem><stem n="cancel"><phr n="canceled"><ent r="3" t="1" w="330" /></phr></stem><stem n="herebi"><phr n="hereby"><ent r="3" t="1" w="333" /><ent r="3" t="2" w="29" /></phr></stem><stem n="whether"><phr n="whether"><ent r="3" t="1" w="341" /><ent r="3" t="3" w="30" /><ent r="3" t="3" w="53" /><ent r="4" t="8" w="157" /><ent r="3" t="21" w="465" /><ent r="4" t="36" w="346" /><ent r="4" t="36" w="401" /><ent r="4" t="36" w="510" /><ent r="3" t="36" w="1150" /><ent r="3" t="36" w="1182" /><ent r="3" t="36" w="1221" /><ent r="3" t="36" w="2163" /><ent r="4" t="48" w="225" /></phr></stem><stem n="express"><phr n="express"><ent r="3" t="1" w="342" /><ent r="3" t="34" w="1050" /><ent r="4" t="34" w="1065" /></phr><phr n="expressions"><ent r="3" t="7" w="425" /><ent r="3" t="7" w="524" /><ent r="3" t="13" w="1871" /><ent r="4" t="15" w="179" /><ent r="4" t="16" w="787" /><ent r="4" t="21" w="193" /><ent r="3" t="21" w="272" /><ent r="4" t="23" w="93" /><ent r="100" t="23" w="101" /><ent r="4" t="23" w="111" /><ent r="3" t="23" w="3046" /><ent r="3" t="25" w="49" /><ent r="3" t="25" w="803" /><ent r="3" t="25" w="825" /><ent r="3" t="25" w="1012" /><ent r="3" t="27" w="172" /><ent r="3" t="27" w="194" /><ent r="4" t="33" w="406" /><ent r="3" t="34" w="639" /><ent r="3" t="34" w="734" /><ent r="3" t="34" w="747" /><ent r="3" t="36" w="1719" /><ent r="4" t="36" w="1965" /><ent r="3" t="36" w="2435" /></phr><phr n="expression"><ent r="4" t="13" w="1634" /><ent r="4" t="13" w="1642" /><ent r="3" t="13" w="1820" /><ent r="4" t="16" w="233" /><ent r="4" t="16" w="1252" /><ent r="3" t="16" w="1478" /><ent r="3" t="16" w="1488" /><ent r="3" t="16" w="1525" /><ent r="3" t="16" w="1888" /><ent r="3" t="16" w="1940" /><ent r="3" t="17" w="75" /><ent r="4" t="18" w="1921" /><ent r="4" t="21" w="155" /><ent r="4" t="21" w="183" /><ent r="3" t="21" w="290" /><ent r="3" t="21" w="295" /><ent r="3" t="21" w="1062" /><ent r="4" t="23" w="240" /><ent r="3" t="23" w="2720" /><ent r="6" t="23" w="2896" /><ent r="6" t="23" w="2903" /><ent r="4" t="24" w="223" /><ent r="4" t="24" w="258" /><ent r="4" t="24" w="290" /><ent r="3" t="25" w="796" /><ent r="3" t="33" w="501" /><ent r="3" t="33" w="545" /><ent r="3" t="33" w="629" /><ent r="3" t="33" w="653" /><ent r="4" t="34" w="777" /><ent r="4" t="34" w="802" /><ent r="3" t="34" w="1390" /><ent r="65" t="36" w="761" /><ent r="5" t="36" w="769" /><ent r="82" t="36" w="1653" /><ent r="4" t="36" w="1669" /><ent r="3" t="36" w="1673" /><ent r="3" t="36" w="1753" /><ent r="3" t="53" w="52" /><ent r="3" t="53" w="136" /><ent r="3" t="53" w="170" /><ent r="3" t="59" w="204" /><ent r="4" t="76" w="136" /><ent r="4" t="76" w="184" /></phr><phr n="Expression"><ent r="3" t="13" w="2004" /><ent r="4" t="21" w="187" /><ent r="3" t="23" w="80" /><ent r="100" t="23" w="325" /><ent r="4" t="23" w="328" /><ent r="64" t="23" w="3064" /></phr><phr n="expressed"><ent r="4" t="16" w="206" /><ent r="3" t="33" w="912" /></phr><phr n="Expressions"><ent r="65" t="23" w="285" /><ent r="4" t="23" w="865" /><ent r="65" t="23" w="875" /><ent r="92" t="23" w="2709" /><ent r="92" t="25" w="623" /><ent r="92" t="25" w="820" /><ent r="92" t="25" w="1024" /><ent r="92" t="33" w="477" /><ent r="64" t="33" w="599" /></phr></stem><stem n="impli"><phr n="implied"><ent r="3" t="1" w="344" /><ent r="3" t="1" w="349" /><ent r="3" t="17" w="220" /></phr><phr n="imply"><ent r="3" t="57" w="173" /></phr></stem><stem n="includ"><phr n="including"><ent r="3" t="1" w="345" /><ent r="3" t="4" w="96" /><ent r="4" t="20" w="259" /><ent r="3" t="23" w="45" /><ent r="3" t="25" w="664" /><ent r="3" t="36" w="1308" /><ent r="3" t="39" w="349" /><ent r="4" t="40" w="272" /><ent r="3" t="47" w="117" /><ent r="3" t="58" w="292" /></phr><phr n="included"><ent r="5" t="13" w="1463" /><ent r="3" t="25" w="866" /><ent r="3" t="34" w="507" /><ent r="3" t="36" w="3797" /><ent r="100" t="69" w="136" /><ent r="7" t="69" w="144" /><ent r="7" t="69" w="634" /></phr><phr n="includes"><ent r="3" t="45" w="200" /><ent r="3" t="58" w="264" /><ent r="6" t="69" w="1287" /></phr></stem><stem n="limit"><phr n="limitation"><ent r="3" t="1" w="347" /></phr><phr n="Limit"><ent r="100" t="5" w="1262" /><ent r="100" t="5" w="1264" /><ent r="100" t="77" w="76" /><ent r="100" t="77" w="78" /></phr><phr n="limit"><ent r="100" t="5" w="1273" /><ent r="3" t="55" w="380" /><ent r="3" t="55" w="614" /><ent r="100" t="77" w="87" /></phr><phr n="Limitations"><ent r="92" t="18" w="1857" /><ent r="82" t="25" w="521" /></phr></stem><stem n="fit"><phr n="fitness"><ent r="3" t="1" w="354" /></phr></stem><stem n="particular"><phr n="particular"><ent r="3" t="1" w="357" /><ent r="3" t="3" w="310" /><ent r="4" t="4" w="387" /><ent r="5" t="5" w="451" /><ent r="4" t="8" w="80" /><ent r="4" t="8" w="640" /><ent r="4" t="8" w="717" /><ent r="3" t="15" w="537" /><ent r="3" t="15" w="574" /><ent r="3" t="16" w="119" /><ent r="4" t="16" w="158" /><ent r="4" t="16" w="199" /><ent r="6" t="16" w="504" /><ent r="4" t="18" w="268" /><ent r="3" t="21" w="279" /><ent r="3" t="26" w="276" /><ent r="3" t="27" w="184" /><ent r="3" t="48" w="41" /><ent r="3" t="53" w="158" /><ent r="3" t="54" w="1148" /><ent r="6" t="69" w="891" /><ent r="6" t="69" w="1055" /><ent r="3" t="69" w="1626" /></phr></stem><stem n="purpos"><phr n="purpose"><ent r="3" t="1" w="358" /></phr><phr n="purposes"><ent r="3" t="21" w="1121" /><ent r="3" t="49" w="25" /><ent r="3" t="73" w="56" /></phr></stem><stem n="liabl"><phr n="liable"><ent r="3" t="1" w="364" /><ent r="3" t="1" w="406" /></phr></stem><stem n="special"><phr n="special"><ent r="3" t="1" w="367" /><ent r="3" t="25" w="139" /><ent r="3" t="25" w="628" /><ent r="3" t="31" w="81" /><ent r="3" t="34" w="503" /><ent r="3" t="34" w="1045" /><ent r="3" t="34" w="1604" /><ent r="3" t="44" w="50" /><ent r="3" t="49" w="24" /><ent r="3" t="67" w="13" /></phr><phr n="Special"><ent r="4" t="11" w="453" /><ent r="100" t="34" w="495" /><ent r="82" t="34" w="498" /><ent r="100" t="34" w="591" /><ent r="4" t="34" w="595" /></phr><phr n="specially"><ent r="3" t="13" w="2372" /><ent r="3" t="13" w="2495" /><ent r="3" t="44" w="134" /></phr></stem><stem n="incident"><phr n="incidental"><ent r="3" t="1" w="368" /></phr></stem><stem n="consequenti"><phr n="consequential"><ent r="3" t="1" w="369" /></phr></stem><stem n="indirect"><phr n="indirect"><ent r="3" t="1" w="370" /></phr></stem><stem n="similar"><phr n="similar"><ent r="3" t="1" w="372" /><ent r="3" t="3" w="283" /><ent r="4" t="4" w="539" /><ent r="3" t="4" w="709" /><ent r="3" t="5" w="804" /><ent r="3" t="12" w="19" /><ent r="4" t="18" w="192" /><ent r="3" t="23" w="1435" /><ent r="3" t="39" w="391" /><ent r="3" t="46" w="20" /></phr><phr n="Similar"><ent r="6" t="69" w="599" /></phr></stem><stem n="damag"><phr n="damages"><ent r="3" t="1" w="373" /><ent r="3" t="1" w="398" /><ent r="3" t="1" w="409" /></phr></stem><stem n="due"><phr n="due"><ent r="3" t="1" w="374" /></phr></stem><stem n="loss"><phr n="loss"><ent r="3" t="1" w="376" /><ent r="4" t="8" w="284" /><ent r="3" t="23" w="53" /><ent r="3" t="27" w="306" /></phr><phr n="Loss"><ent r="5" t="9" w="652" /></phr></stem><stem n="reason"><phr n="reason"><ent r="3" t="1" w="382" /><ent r="3" t="1" w="602" /><ent r="6" t="13" w="412" /><ent r="4" t="13" w="2396" /><ent r="3" t="13" w="2471" /><ent r="3" t="13" w="2487" /><ent r="4" t="13" w="2506" /><ent r="3" t="13" w="2515" /><ent r="3" t="13" w="2543" /><ent r="3" t="36" w="1613" /><ent r="3" t="39" w="329" /><ent r="3" t="39" w="352" /><ent r="5" t="39" w="772" /><ent r="4" t="39" w="788" /><ent r="3" t="39" w="834" /><ent r="3" t="42" w="172" /><ent r="3" t="42" w="650" /><ent r="3" t="42" w="651" /><ent r="3" t="42" w="655" /><ent r="3" t="42" w="660" /><ent r="3" t="42" w="665" /><ent r="3" t="42" w="670" /><ent r="3" t="44" w="72" /><ent r="3" t="44" w="157" /><ent r="3" t="46" w="185" /><ent r="4" t="46" w="794" /><ent r="3" t="48" w="836" /><ent r="3" t="48" w="844" /><ent r="3" t="48" w="851" /><ent r="3" t="48" w="865" /><ent r="3" t="48" w="881" /><ent r="3" t="55" w="420" /></phr><phr n="Reason"><ent r="82" t="13" w="2364" /><ent r="64" t="39" w="885" /><ent r="3" t="42" w="652" /><ent r="3" t="48" w="845" /><ent r="93" t="53" w="191" /></phr><phr n="reasons"><ent r="3" t="53" w="206" /><ent r="3" t="53" w="265" /></phr></stem><stem n="even"><phr n="even"><ent r="3" t="1" w="383" /><ent r="4" t="15" w="925" /><ent r="3" t="18" w="1225" /><ent r="4" t="24" w="172" /><ent r="3" t="25" w="1053" /><ent r="3" t="60" w="103" /><ent r="3" t="68" w="163" /></phr></stem><stem n="agent"><phr n="agent"><ent r="3" t="1" w="389" /><ent r="6" t="5" w="990" /><ent r="5" t="13" w="893" /><ent r="4" t="28" w="340" /><ent r="4" t="28" w="375" /><ent r="3" t="55" w="501" /></phr><phr n="Agent"><ent r="3" t="27" w="79" /><ent r="3" t="28" w="679" /><ent r="3" t="48" w="822" /></phr></stem><stem n="advis"><phr n="advised"><ent r="3" t="1" w="392" /></phr></stem><stem n="possibl"><phr n="possibility"><ent r="3" t="1" w="395" /></phr><phr n="possible"><ent r="6" t="5" w="1066" /><ent r="3" t="25" w="316" /><ent r="3" t="27" w="309" /><ent r="3" t="36" w="4538" /><ent r="3" t="39" w="1222" /><ent r="4" t="40" w="195" /><ent r="3" t="40" w="461" /><ent r="7" t="67" w="541" /></phr><phr n="Possible"><ent r="100" t="36" w="1189" /><ent r="4" t="36" w="1192" /><ent r="4" t="36" w="1406" /><ent r="4" t="36" w="1618" /><ent r="4" t="36" w="1981" /><ent r="4" t="36" w="2079" /><ent r="4" t="36" w="2124" /><ent r="4" t="36" w="2341" /><ent r="4" t="36" w="2450" /><ent r="4" t="36" w="2635" /><ent r="4" t="36" w="2735" /><ent r="4" t="36" w="2817" /><ent r="4" t="36" w="2888" /><ent r="4" t="36" w="2972" /><ent r="4" t="36" w="2992" /><ent r="4" t="36" w="3073" /><ent r="4" t="36" w="3148" /><ent r="4" t="36" w="3235" /><ent r="4" t="36" w="3317" /><ent r="4" t="36" w="3558" /><ent r="4" t="36" w="3599" /><ent r="4" t="36" w="3672" /><ent r="4" t="36" w="3843" /></phr><phr n="possibilities"><ent r="4" t="76" w="179" /></phr></stem><stem n="event"><phr n="event"><ent r="3" t="1" w="401" /><ent r="4" t="20" w="845" /><ent r="3" t="21" w="1008" /><ent r="3" t="21" w="1106" /><ent r="3" t="32" w="223" /><ent r="4" t="36" w="880" /><ent r="3" t="36" w="2004" /><ent r="3" t="36" w="3585" /></phr><phr n="Event"><ent r="3" t="20" w="779" /><ent r="3" t="25" w="169" /><ent r="3" t="25" w="424" /><ent r="3" t="28" w="903" /><ent r="3" t="30" w="20" /></phr></stem><stem n="shall"><phr n="shall"><ent r="3" t="1" w="402" /><ent r="3" t="1" w="587" /><ent r="3" t="1" w="625" /><ent r="3" t="1" w="648" /></phr></stem><stem n="form"><phr n="form"><ent r="3" t="1" w="413" /><ent r="6" t="5" w="328" /><ent r="3" t="13" w="478" /><ent r="4" t="16" w="749" /><ent r="4" t="16" w="765" /><ent r="3" t="18" w="349" /><ent r="3" t="18" w="1840" /><ent r="4" t="18" w="1866" /><ent r="3" t="25" w="185" /><ent r="3" t="25" w="314" /><ent r="3" t="25" w="440" /><ent r="4" t="25" w="618" /><ent r="3" t="28" w="432" /><ent r="3" t="34" w="1160" /><ent r="4" t="39" w="760" /><ent r="3" t="43" w="30" /><ent r="4" t="46" w="583" /><ent r="3" t="57" w="360" /><ent r="3" t="57" w="481" /><ent r="3" t="58" w="398" /><ent r="6" t="69" w="925" /><ent r="3" t="70" w="145" /><ent r="3" t="70" w="203" /><ent r="3" t="70" w="279" /></phr><phr n="forms"><ent r="6" t="23" w="2925" /><ent r="3" t="30" w="33" /></phr><phr n="formed"><ent r="4" t="34" w="995" /></phr></stem><stem n="claim"><phr n="claim"><ent r="3" t="1" w="416" /></phr></stem><stem n="govern"><phr n="Government"><ent r="100" t="1" w="418" /><ent r="92" t="1" w="421" /><ent r="100" t="1" w="423" /><ent r="3" t="1" w="429" /><ent r="3" t="1" w="449" /><ent r="3" t="1" w="455" /><ent r="3" t="1" w="479" /><ent r="3" t="1" w="522" /><ent r="3" t="1" w="527" /></phr><phr n="governed"><ent r="3" t="1" w="589" /></phr></stem><stem n="end"><phr n="End"><ent r="100" t="1" w="424" /><ent r="3" t="1" w="430" /><ent r="3" t="42" w="867" /><ent r="3" t="42" w="913" /><ent r="3" t="42" w="915" /><ent r="3" t="42" w="933" /><ent r="100" t="54" w="202" /><ent r="100" t="54" w="204" /><ent r="3" t="60" w="935" /><ent r="3" t="60" w="953" /><ent r="3" t="60" w="968" /><ent r="3" t="60" w="983" /><ent r="3" t="60" w="1000" /><ent r="3" t="60" w="1096" /><ent r="3" t="60" w="1149" /><ent r="3" t="60" w="1152" /><ent r="3" t="60" w="1186" /><ent r="3" t="60" w="1217" /><ent r="3" t="60" w="1236" /><ent r="3" t="60" w="1240" /><ent r="3" t="60" w="1247" /><ent r="3" t="60" w="1313" /><ent r="3" t="60" w="1319" /><ent r="3" t="60" w="1339" /><ent r="3" t="60" w="1351" /><ent r="3" t="60" w="1357" /><ent r="3" t="60" w="1382" /></phr><phr n="end"><ent r="3" t="12" w="59" /><ent r="5" t="13" w="1006" /><ent r="5" t="13" w="1021" /><ent r="5" t="13" w="1035" /><ent r="5" t="13" w="1050" /><ent r="5" t="13" w="1195" /><ent r="3" t="14" w="1300" /><ent r="4" t="16" w="793" /><ent r="4" t="16" w="1413" /><ent r="3" t="19" w="260" /><ent r="3" t="19" w="469" /><ent r="3" t="19" w="526" /><ent r="3" t="19" w="529" /><ent r="3" t="19" w="566" /><ent r="3" t="23" w="1980" /><ent r="4" t="23" w="2234" /><ent r="4" t="23" w="2264" /><ent r="4" t="23" w="2288" /><ent r="4" t="23" w="2422" /><ent r="3" t="25" w="641" /><ent r="4" t="34" w="1761" /><ent r="3" t="36" w="1045" /><ent r="3" t="36" w="1370" /><ent r="3" t="36" w="4382" /><ent r="5" t="37" w="133" /><ent r="5" t="37" w="136" /><ent r="100" t="54" w="200" /><ent r="4" t="54" w="214" /><ent r="3" t="54" w="372" /><ent r="3" t="54" w="386" /><ent r="3" t="54" w="422" /><ent r="3" t="54" w="643" /><ent r="3" t="54" w="1122" /><ent r="4" t="54" w="1182" /><ent r="4" t="54" w="1190" /><ent r="3" t="55" w="375" /><ent r="4" t="59" w="100" /><ent r="3" t="63" w="259" /><ent r="6" t="69" w="2196" /></phr><phr n="ending"><ent r="3" t="18" w="376" /><ent r="3" t="36" w="4391" /></phr><phr n="END"><ent r="3" t="32" w="424" /></phr><phr n="ends"><ent r="4" t="36" w="713" /><ent r="4" t="36" w="1001" /><ent r="4" t="36" w="1010" /><ent r="4" t="36" w="1023" /><ent r="3" t="36" w="3376" /></phr></stem><stem n="user"><phr n="Users"><ent r="100" t="1" w="425" /><ent r="3" t="1" w="431" /><ent r="3" t="51" w="30" /><ent r="4" t="58" w="75" /></phr><phr n="User"><ent r="64" t="2" w="44" /><ent r="92" t="20" w="275" /><ent r="100" t="36" w="3899" /><ent r="3" t="36" w="3906" /><ent r="3" t="36" w="4070" /><ent r="3" t="36" w="4327" /><ent r="3" t="40" w="525" /><ent r="3" t="48" w="821" /><ent r="64" t="53" w="259" /><ent r="64" t="58" w="97" /><ent r="3" t="73" w="93" /></phr><phr n="user"><ent r="4" t="3" w="377" /><ent r="5" t="5" w="444" /><ent r="3" t="7" w="30" /><ent r="3" t="7" w="282" /><ent r="3" t="7" w="365" /><ent r="3" t="7" w="402" /><ent r="3" t="7" w="447" /><ent r="3" t="7" w="547" /><ent r="3" t="14" w="414" /><ent r="4" t="15" w="231" /><ent r="4" t="15" w="343" /><ent r="3" t="18" w="39" /><ent r="3" t="19" w="205" /><ent r="3" t="19" w="211" /><ent r="4" t="21" w="214" /><ent r="4" t="21" w="759" /><ent r="3" t="26" w="305" /><ent r="4" t="33" w="249" /><ent r="3" t="36" w="1608" /><ent r="3" t="36" w="4360" /><ent r="3" t="36" w="4365" /><ent r="4" t="39" w="185" /><ent r="3" t="51" w="11" /><ent r="3" t="51" w="39" /><ent r="3" t="54" w="539" /><ent r="3" t="54" w="541" /><ent r="3" t="54" w="560" /><ent r="3" t="54" w="599" /><ent r="3" t="57" w="485" /><ent r="3" t="58" w="402" /><ent r="3" t="59" w="145" /><ent r="3" t="59" w="183" /><ent r="3" t="60" w="280" /><ent r="3" t="60" w="300" /><ent r="3" t="60" w="351" /><ent r="3" t="60" w="353" /><ent r="3" t="60" w="368" /><ent r="3" t="60" w="394" /><ent r="3" t="60" w="485" /><ent r="3" t="60" w="508" /><ent r="3" t="60" w="532" /><ent r="3" t="60" w="960" /><ent r="3" t="60" w="967" /><ent r="3" t="60" w="1191" /><ent r="3" t="60" w="1209" /><ent r="3" t="60" w="1214" /><ent r="3" t="60" w="1323" /><ent r="3" t="64" w="129" /><ent r="7" t="67" w="517" /><ent r="7" t="67" w="524" /><ent r="6" t="67" w="700" /><ent r="6" t="67" w="814" /><ent r="6" t="69" w="691" /><ent r="6" t="69" w="1081" /></phr><phr n="users"><ent r="4" t="18" w="207" /></phr><phr n="USER"><ent r="3" t="34" w="1713" /><ent r="100" t="36" w="139" /><ent r="100" t="36" w="1572" /><ent r="100" t="36" w="1575" /><ent r="3" t="36" w="3904" /><ent r="100" t="36" w="4013" /><ent r="3" t="36" w="4029" /><ent r="3" t="36" w="4039" /><ent r="3" t="36" w="4325" /><ent r="100" t="36" w="4343" /><ent r="100" t="36" w="4347" /><ent r="3" t="36" w="4352" /><ent r="3" t="36" w="4414" /><ent r="3" t="36" w="4477" /><ent r="3" t="36" w="4487" /><ent r="3" t="36" w="4513" /><ent r="3" t="36" w="4546" /><ent r="3" t="36" w="4589" /></phr></stem><stem n="dod"><phr n="DoD"><ent r="100" t="1" w="427" /><ent r="3" t="1" w="468" /><ent r="3" t="1" w="525" /></phr></stem><stem n="acquir"><phr n="acquiring"><ent r="3" t="1" w="435" /><ent r="3" t="1" w="481" /></phr></stem><stem n="behalf"><phr n="behalf"><ent r="3" t="1" w="439" /></phr></stem><stem n="agenc"><phr n="agency"><ent r="3" t="1" w="444" /><ent r="3" t="1" w="517" /></phr></stem><stem n="appli"><phr n="apply"><ent r="3" t="1" w="453" /><ent r="3" t="11" w="16" /></phr><phr n="Applied"><ent r="82" t="11" w="130" /></phr><phr n="applies"><ent r="4" t="11" w="135" /><ent r="4" t="63" w="134" /></phr></stem><stem n="i"><phr n="i"><ent r="3" t="1" w="457" /><ent r="7" t="11" w="370" /><ent r="3" t="14" w="996" /><ent r="3" t="14" w="1007" /><ent r="3" t="14" w="1010" /><ent r="4" t="21" w="499" /><ent r="3" t="21" w="1195" /><ent r="3" t="25" w="294" /><ent r="3" t="31" w="389" /><ent r="3" t="31" w="404" /><ent r="3" t="31" w="544" /><ent r="3" t="31" w="560" /><ent r="4" t="34" w="675" /><ent r="3" t="34" w="700" /><ent r="5" t="34" w="782" /><ent r="3" t="34" w="883" /><ent r="3" t="34" w="924" /><ent r="3" t="34" w="944" /><ent r="3" t="34" w="959" /><ent r="3" t="36" w="3966" /><ent r="100" t="38" w="27" /><ent r="3" t="38" w="223" /><ent r="3" t="38" w="277" /><ent r="3" t="38" w="319" /><ent r="3" t="38" w="355" /><ent r="3" t="38" w="374" /><ent r="3" t="38" w="393" /><ent r="3" t="47" w="106" /><ent r="3" t="55" w="376" /><ent r="3" t="60" w="1257" /><ent r="3" t="60" w="1294" /><ent r="3" t="60" w="1307" /><ent r="3" t="60" w="1312" /></phr><phr n="I"><ent r="6" t="11" w="246" /><ent r="3" t="21" w="904" /><ent r="4" t="23" w="1718" /><ent r="100" t="36" w="125" /><ent r="92" t="36" w="130" /><ent r="93" t="53" w="272" /><ent r="93" t="53" w="439" /></phr></stem><stem n="(i)"><phr n="(i)"><ent r="3" t="1" w="458" /></phr></stem><stem n="suppli"><phr n="supplied"><ent r="3" t="1" w="462" /><ent r="3" t="1" w="512" /><ent r="4" t="23" w="2302" /><ent r="4" t="23" w="2465" /><ent r="4" t="23" w="2489" /><ent r="3" t="36" w="1187" /></phr><phr n="supply"><ent r="6" t="69" w="510" /><ent r="6" t="69" w="1713" /><ent r="5" t="69" w="1762" /></phr></stem><stem n="depart"><phr n="Department"><ent r="3" t="1" w="465" /></phr><phr n="departed"><ent r="5" t="20" w="183" /></phr></stem><stem n="defens"><phr n="Defense"><ent r="3" t="1" w="467" /></phr></stem><stem n="(dod),"><phr n="(DoD),"><ent r="3" t="1" w="469" /></phr></stem><stem n="classifi"><phr n="classified"><ent r="3" t="1" w="472" /></phr></stem><stem n="&quot;commerci"><phr n="&quot;Commercial"><ent r="3" t="1" w="474" /></phr></stem><stem n="commerci"><phr n="Commercial"><ent r="3" t="1" w="474" /></phr></stem><stem n="&quot;restrict"><phr n="&quot;restricted"><ent r="3" t="1" w="483" /></phr></stem><stem n="restrict"><phr n="restricted"><ent r="3" t="1" w="483" /></phr><phr n="restrict"><ent r="3" t="25" w="896" /></phr></stem><stem n="defin"><phr n="defined"><ent r="3" t="1" w="495" /><ent r="3" t="1" w="539" /><ent r="3" t="3" w="108" /><ent r="3" t="5" w="29" /><ent r="5" t="5" w="596" /><ent r="3" t="5" w="1339" /><ent r="3" t="5" w="1370" /><ent r="3" t="6" w="53" /><ent r="4" t="8" w="67" /><ent r="4" t="8" w="109" /><ent r="4" t="8" w="626" /><ent r="4" t="8" w="669" /><ent r="3" t="13" w="1827" /><ent r="3" t="13" w="2055" /><ent r="3" t="13" w="2476" /><ent r="3" t="13" w="2492" /><ent r="6" t="16" w="539" /><ent r="3" t="16" w="1668" /><ent r="3" t="16" w="1826" /><ent r="4" t="18" w="874" /><ent r="4" t="18" w="898" /><ent r="3" t="18" w="1377" /><ent r="4" t="18" w="1892" /><ent r="3" t="20" w="753" /><ent r="3" t="21" w="17" /><ent r="4" t="21" w="396" /><ent r="3" t="22" w="263" /><ent r="65" t="23" w="659" /><ent r="4" t="23" w="683" /><ent r="82" t="23" w="884" /><ent r="3" t="23" w="887" /><ent r="3" t="23" w="908" /><ent r="3" t="23" w="932" /><ent r="3" t="23" w="937" /><ent r="3" t="25" w="301" /><ent r="3" t="28" w="30" /><ent r="3" t="28" w="638" /><ent r="3" t="30" w="155" /><ent r="4" t="34" w="1302" /><ent r="3" t="36" w="85" /><ent r="3" t="36" w="1680" /><ent r="3" t="36" w="1745" /><ent r="3" t="36" w="3338" /><ent r="3" t="41" w="149" /><ent r="3" t="53" w="61" /><ent r="3" t="53" w="166" /><ent r="3" t="53" w="173" /><ent r="3" t="57" w="155" /><ent r="3" t="67" w="57" /><ent r="3" t="77" w="156" /><ent r="3" t="77" w="184" /></phr><phr n="defines"><ent r="3" t="4" w="174" /><ent r="3" t="7" w="67" /><ent r="3" t="13" w="2501" /><ent r="4" t="15" w="337" /><ent r="3" t="15" w="572" /><ent r="100" t="16" w="52" /><ent r="3" t="16" w="65" /><ent r="3" t="16" w="117" /><ent r="4" t="16" w="1325" /><ent r="3" t="18" w="275" /><ent r="4" t="21" w="139" /><ent r="3" t="25" w="224" /><ent r="3" t="28" w="959" /><ent r="3" t="32" w="123" /><ent r="4" t="33" w="243" /><ent r="4" t="39" w="179" /><ent r="4" t="39" w="212" /></phr><phr n="define"><ent r="4" t="4" w="379" /><ent r="3" t="7" w="396" /><ent r="3" t="8" w="14" /><ent r="3" t="13" w="2379" /><ent r="3" t="13" w="2447" /><ent r="3" t="16" w="1706" /><ent r="4" t="16" w="1715" /><ent r="4" t="16" w="1737" /><ent r="4" t="18" w="857" /><ent r="4" t="18" w="891" /><ent r="3" t="18" w="961" /><ent r="3" t="18" w="1734" /><ent r="3" t="20" w="79" /><ent r="4" t="25" w="596" /><ent r="4" t="28" w="120" /><ent r="4" t="33" w="279" /><ent r="3" t="34" w="20" /></phr><phr n="Defines"><ent r="100" t="16" w="59" /><ent r="100" t="16" w="61" /></phr><phr n="defining"><ent r="3" t="18" w="557" /><ent r="3" t="27" w="219" /></phr></stem></index>