<?xml version="1.0" encoding="utf-8"?><index><stem n="up-to"><phr n="up-to"><ent r="3" t="27" w="247" /><ent r="3" t="62" w="11" /></phr></stem><stem n="up-to-d"><phr n="up-to-date"><ent r="3" t="27" w="247" /><ent r="3" t="62" w="11" /></phr></stem><stem n="to-dat"><phr n="to-date"><ent r="3" t="27" w="248" /><ent r="3" t="62" w="12" /></phr></stem><stem n="caus"><phr n="causing"><ent r="3" t="27" w="304" /><ent r="7" t="67" w="476" /><ent r="7" t="67" w="507" /></phr><phr n="causes"><ent r="3" t="28" w="735" /><ent r="6" t="67" w="261" /><ent r="6" t="67" w="297" /><ent r="6" t="67" w="663" /><ent r="6" t="67" w="802" /></phr><phr n="cause"><ent r="3" t="36" w="1421" /></phr></stem><stem n="lose"><phr n="lose"><ent r="3" t="27" w="311" /></phr></stem><stem n="reli"><phr n="rely"><ent r="3" t="27" w="322" /></phr></stem><stem n="health"><phr n="health"><ent r="3" t="27" w="332" /></phr></stem><stem n=":trapvari"><phr n=":TrapVariable"><ent r="100" t="28" w="22" /></phr></stem><stem n="getrequest"><phr n="GetRequest"><ent r="3" t="28" w="164" /></phr></stem><stem n="getnextrequest"><phr n="GetNextRequest"><ent r="3" t="28" w="166" /><ent r="100" t="53" w="486" /><ent r="3" t="53" w="493" /></phr></stem><stem n="’s"><phr n="’s"><ent r="3" t="28" w="198" /></phr></stem><stem n="$generictrap"><phr n="$GenericTrap"><ent r="5" t="28" w="201" /><ent r="4" t="28" w="255" /><ent r="3" t="28" w="644" /><ent r="3" t="31" w="1276" /></phr></stem><stem n="snmpv1"><phr n="SNMPv1"><ent r="4" t="28" w="209" /><ent r="4" t="28" w="277" /><ent r="4" t="28" w="299" /><ent r="4" t="28" w="302" /><ent r="4" t="28" w="315" /><ent r="3" t="31" w="390" /><ent r="3" t="31" w="1575" /><ent r="100" t="54" w="158" /><ent r="4" t="54" w="169" /><ent r="3" t="55" w="189" /></phr></stem><stem n="(snmpv1)."><phr n="(SNMPv1)."><ent r="4" t="28" w="210" /><ent r="4" t="28" w="278" /></phr></stem><stem n="coldstart"><phr n="coldStart"><ent r="4" t="28" w="219" /></phr></stem><stem n="warmstart"><phr n="warmStart"><ent r="4" t="28" w="222" /></phr></stem><stem n="linkdown"><phr n="linkDown"><ent r="4" t="28" w="225" /></phr></stem><stem n="linkup"><phr n="linkUp"><ent r="4" t="28" w="228" /></phr></stem><stem n="authenticationfailur"><phr n="authenticationFailure"><ent r="4" t="28" w="231" /></phr></stem><stem n="egpneighborloss"><phr n="egpNeighborLoss"><ent r="4" t="28" w="234" /></phr></stem><stem n="enterprise-specif"><phr n="enterprise-specific"><ent r="4" t="28" w="238" /></phr></stem><stem n="$specifictrap"><phr n="$SpecificTrap"><ent r="5" t="28" w="242" /><ent r="4" t="28" w="261" /><ent r="3" t="28" w="649" /><ent r="3" t="31" w="1281" /></phr></stem><stem n="0-5"><phr n="0-5"><ent r="4" t="28" w="258" /></phr></stem><stem n="-5,"><phr n="-5,"><ent r="4" t="28" w="260" /><ent r="4" t="28" w="260" /></phr></stem><stem n="(0);"><phr n="(0);"><ent r="4" t="28" w="265" /></phr></stem><stem n="-bit"><phr n="-bit"><ent r="4" t="28" w="270" /><ent r="4" t="28" w="270" /></phr></stem><stem n="vendor"><phr n="vendor"><ent r="4" t="28" w="276" /><ent r="3" t="28" w="861" /></phr><phr n="vendors"><ent r="3" t="39" w="418" /><ent r="3" t="46" w="44" /></phr></stem><stem n="$timestamp"><phr n="$TimeStamp"><ent r="5" t="28" w="279" /><ent r="3" t="28" w="655" /><ent r="3" t="31" w="1286" /></phr></stem><stem n="hundredth"><phr n="hundredths"><ent r="4" t="28" w="288" /></phr></stem><stem n="$enterpris"><phr n="$Enterprise"><ent r="5" t="28" w="293" /><ent r="3" t="28" w="660" /><ent r="3" t="31" w="1290" /></phr></stem><stem n="(snmpv1)"><phr n="(SNMPv1)"><ent r="4" t="28" w="303" /></phr></stem><stem n="$communitystr"><phr n="$CommunityString"><ent r="5" t="28" w="304" /><ent r="3" t="28" w="665" /><ent r="3" t="31" w="1294" /></phr></stem><stem n="(snmpv1,"><phr n="(SNMPv1,"><ent r="4" t="28" w="316" /></phr></stem><stem n="$trapoid"><phr n="$TrapOID"><ent r="5" t="28" w="318" /><ent r="3" t="28" w="671" /><ent r="3" t="31" w="1299" /></phr></stem><stem n="snmpv3"><phr n="SNMPv3"><ent r="4" t="28" w="330" /><ent r="100" t="54" w="160" /><ent r="4" t="54" w="172" /><ent r="4" t="54" w="193" /><ent r="3" t="54" w="438" /><ent r="3" t="54" w="537" /><ent r="3" t="54" w="597" /></phr></stem><stem n="$agentaddress"><phr n="$AgentAddress"><ent r="5" t="28" w="332" /><ent r="4" t="28" w="366" /><ent r="3" t="28" w="677" /><ent r="3" t="31" w="1304" /></phr></stem><stem n="$snmpversion"><phr n="$SnmpVersion"><ent r="5" t="28" w="377" /><ent r="3" t="28" w="689" /><ent r="3" t="31" w="1313" /></phr></stem><stem n="(v1),"><phr n="(v1),"><ent r="4" t="28" w="390" /></phr></stem><stem n="(v3)."><phr n="(v3)."><ent r="4" t="28" w="395" /></phr></stem><stem n="$varbindcount"><phr n="$VarbindCount"><ent r="5" t="28" w="396" /><ent r="3" t="28" w="695" /><ent r="3" t="31" w="1318" /></phr></stem><stem n="$varbindvaluen"><phr n="$VarbindValueN"><ent r="5" t="28" w="434" /></phr></stem><stem n="n'th"><phr n="N'th"><ent r="4" t="28" w="441" /><ent r="4" t="28" w="440" /><ent r="4" t="28" w="457" /><ent r="4" t="28" w="456" /><ent r="4" t="28" w="473" /><ent r="4" t="28" w="472" /></phr></stem><stem n="$varbindtypen"><phr n="$VarbindTypeN"><ent r="5" t="28" w="450" /></phr></stem><stem n="$varbindoidn"><phr n="$VarbindOIDN"><ent r="5" t="28" w="466" /></phr></stem><stem n="intermappertimestamp"><phr n="InterMapperTimeStamp"><ent r="3" t="28" w="553" /></phr><phr n="intermapperTimestamp"><ent r="3" t="32" w="172" /><ent r="3" t="32" w="374" /><ent r="3" t="32" w="401" /></phr></stem><stem n="1.3.6.1.4.1.6306"><phr n="1.3.6.1.4.1.6306"><ent r="3" t="28" w="560" /><ent r="3" t="28" w="554" /><ent r="3" t="28" w="594" /><ent r="3" t="28" w="588" /><ent r="3" t="30" w="81" /><ent r="3" t="30" w="75" /><ent r="3" t="30" w="114" /><ent r="3" t="30" w="108" /><ent r="3" t="30" w="123" /><ent r="3" t="30" w="117" /><ent r="3" t="30" w="133" /><ent r="3" t="30" w="127" /><ent r="4" t="30" w="217" /><ent r="4" t="30" w="211" /><ent r="4" t="30" w="276" /><ent r="4" t="30" w="270" /><ent r="4" t="30" w="286" /><ent r="4" t="30" w="280" /><ent r="3" t="31" w="446" /><ent r="3" t="31" w="440" /><ent r="3" t="31" w="460" /><ent r="3" t="31" w="454" /><ent r="3" t="31" w="477" /><ent r="3" t="31" w="471" /><ent r="3" t="31" w="490" /><ent r="3" t="31" w="484" /><ent r="3" t="31" w="504" /><ent r="3" t="31" w="498" /><ent r="3" t="31" w="519" /><ent r="3" t="31" w="513" /><ent r="3" t="31" w="535" /><ent r="3" t="31" w="529" /><ent r="3" t="31" w="600" /><ent r="3" t="31" w="594" /><ent r="3" t="31" w="607" /><ent r="3" t="31" w="601" /><ent r="3" t="31" w="621" /><ent r="3" t="31" w="615" /><ent r="3" t="31" w="638" /><ent r="3" t="31" w="632" /><ent r="3" t="31" w="651" /><ent r="3" t="31" w="645" /><ent r="3" t="31" w="665" /><ent r="3" t="31" w="659" /><ent r="3" t="31" w="680" /><ent r="3" t="31" w="674" /><ent r="3" t="31" w="696" /><ent r="3" t="31" w="690" /><ent r="3" t="31" w="730" /><ent r="3" t="31" w="724" /><ent r="3" t="31" w="744" /><ent r="3" t="31" w="738" /><ent r="3" t="31" w="761" /><ent r="3" t="31" w="755" /><ent r="3" t="31" w="774" /><ent r="3" t="31" w="768" /><ent r="3" t="31" w="788" /><ent r="3" t="31" w="782" /><ent r="3" t="31" w="803" /><ent r="3" t="31" w="797" /><ent r="3" t="31" w="819" /><ent r="3" t="31" w="813" /><ent r="3" t="31" w="840" /><ent r="3" t="31" w="834" /><ent r="3" t="31" w="854" /><ent r="3" t="31" w="848" /><ent r="3" t="31" w="871" /><ent r="3" t="31" w="865" /><ent r="3" t="31" w="884" /><ent r="3" t="31" w="878" /><ent r="3" t="31" w="898" /><ent r="3" t="31" w="892" /><ent r="3" t="31" w="913" /><ent r="3" t="31" w="907" /><ent r="3" t="31" w="929" /><ent r="3" t="31" w="923" /><ent r="3" t="31" w="944" /><ent r="3" t="31" w="938" /><ent r="3" t="31" w="957" /><ent r="3" t="31" w="951" /><ent r="3" t="31" w="970" /><ent r="3" t="31" w="964" /><ent r="3" t="31" w="983" /><ent r="3" t="31" w="977" /><ent r="3" t="31" w="996" /><ent r="3" t="31" w="990" /><ent r="3" t="31" w="1009" /><ent r="3" t="31" w="1003" /><ent r="3" t="31" w="1029" /><ent r="3" t="31" w="1023" /><ent r="3" t="31" w="1036" /><ent r="3" t="31" w="1030" /><ent r="3" t="31" w="1053" /><ent r="3" t="31" w="1047" /><ent r="3" t="31" w="1066" /><ent r="3" t="31" w="1060" /><ent r="3" t="31" w="1080" /><ent r="3" t="31" w="1074" /><ent r="3" t="31" w="1095" /><ent r="3" t="31" w="1089" /><ent r="3" t="31" w="1111" /><ent r="3" t="31" w="1105" /><ent r="3" t="31" w="1183" /><ent r="3" t="31" w="1177" /><ent r="3" t="31" w="1197" /><ent r="3" t="31" w="1191" /><ent r="3" t="31" w="1211" /><ent r="3" t="31" w="1205" /><ent r="3" t="31" w="1228" /><ent r="3" t="31" w="1222" /><ent r="3" t="31" w="1243" /><ent r="3" t="31" w="1237" /><ent r="3" t="31" w="1259" /><ent r="3" t="31" w="1253" /></phr></stem><stem n="6306"><phr n="6306"><ent r="3" t="28" w="560" /><ent r="3" t="28" w="594" /><ent r="3" t="30" w="81" /><ent r="3" t="30" w="114" /><ent r="3" t="30" w="123" /><ent r="3" t="30" w="133" /><ent r="4" t="30" w="217" /><ent r="4" t="30" w="276" /><ent r="4" t="30" w="286" /><ent r="3" t="31" w="446" /><ent r="3" t="31" w="460" /><ent r="3" t="31" w="477" /><ent r="3" t="31" w="490" /><ent r="3" t="31" w="504" /><ent r="3" t="31" w="519" /><ent r="3" t="31" w="535" /><ent r="3" t="31" w="600" /><ent r="3" t="31" w="607" /><ent r="3" t="31" w="621" /><ent r="3" t="31" w="638" /><ent r="3" t="31" w="651" /><ent r="3" t="31" w="665" /><ent r="3" t="31" w="680" /><ent r="3" t="31" w="696" /><ent r="3" t="31" w="730" /><ent r="3" t="31" w="744" /><ent r="3" t="31" w="761" /><ent r="3" t="31" w="774" /><ent r="3" t="31" w="788" /><ent r="3" t="31" w="803" /><ent r="3" t="31" w="819" /><ent r="3" t="31" w="840" /><ent r="3" t="31" w="854" /><ent r="3" t="31" w="871" /><ent r="3" t="31" w="884" /><ent r="3" t="31" w="898" /><ent r="3" t="31" w="913" /><ent r="3" t="31" w="929" /><ent r="3" t="31" w="944" /><ent r="3" t="31" w="957" /><ent r="3" t="31" w="970" /><ent r="3" t="31" w="983" /><ent r="3" t="31" w="996" /><ent r="3" t="31" w="1009" /><ent r="3" t="31" w="1029" /><ent r="3" t="31" w="1036" /><ent r="3" t="31" w="1053" /><ent r="3" t="31" w="1066" /><ent r="3" t="31" w="1080" /><ent r="3" t="31" w="1095" /><ent r="3" t="31" w="1111" /><ent r="3" t="31" w="1183" /><ent r="3" t="31" w="1197" /><ent r="3" t="31" w="1211" /><ent r="3" t="31" w="1228" /><ent r="3" t="31" w="1243" /><ent r="3" t="31" w="1259" /><ent r="100" t="32" w="15" /><ent r="3" t="32" w="26" /><ent r="3" t="32" w="161" /></phr></stem><stem n="1.3.6.1.4.1.6306.2"><phr n="1.3.6.1.4.1.6306.2"><ent r="3" t="28" w="561" /><ent r="3" t="28" w="554" /><ent r="3" t="28" w="595" /><ent r="3" t="28" w="588" /><ent r="3" t="31" w="461" /><ent r="3" t="31" w="454" /><ent r="3" t="31" w="478" /><ent r="3" t="31" w="471" /><ent r="3" t="31" w="491" /><ent r="3" t="31" w="484" /><ent r="3" t="31" w="505" /><ent r="3" t="31" w="498" /><ent r="3" t="31" w="520" /><ent r="3" t="31" w="513" /><ent r="3" t="31" w="536" /><ent r="3" t="31" w="529" /><ent r="3" t="31" w="622" /><ent r="3" t="31" w="615" /><ent r="3" t="31" w="639" /><ent r="3" t="31" w="632" /><ent r="3" t="31" w="652" /><ent r="3" t="31" w="645" /><ent r="3" t="31" w="666" /><ent r="3" t="31" w="659" /><ent r="3" t="31" w="681" /><ent r="3" t="31" w="674" /><ent r="3" t="31" w="697" /><ent r="3" t="31" w="690" /><ent r="3" t="31" w="745" /><ent r="3" t="31" w="738" /><ent r="3" t="31" w="762" /><ent r="3" t="31" w="755" /><ent r="3" t="31" w="775" /><ent r="3" t="31" w="768" /><ent r="3" t="31" w="789" /><ent r="3" t="31" w="782" /><ent r="3" t="31" w="804" /><ent r="3" t="31" w="797" /><ent r="3" t="31" w="820" /><ent r="3" t="31" w="813" /><ent r="3" t="31" w="855" /><ent r="3" t="31" w="848" /><ent r="3" t="31" w="872" /><ent r="3" t="31" w="865" /><ent r="3" t="31" w="885" /><ent r="3" t="31" w="878" /><ent r="3" t="31" w="899" /><ent r="3" t="31" w="892" /><ent r="3" t="31" w="914" /><ent r="3" t="31" w="907" /><ent r="3" t="31" w="930" /><ent r="3" t="31" w="923" /><ent r="3" t="31" w="945" /><ent r="3" t="31" w="938" /><ent r="3" t="31" w="958" /><ent r="3" t="31" w="951" /><ent r="3" t="31" w="971" /><ent r="3" t="31" w="964" /><ent r="3" t="31" w="984" /><ent r="3" t="31" w="977" /><ent r="3" t="31" w="997" /><ent r="3" t="31" w="990" /><ent r="3" t="31" w="1010" /><ent r="3" t="31" w="1003" /><ent r="3" t="31" w="1037" /><ent r="3" t="31" w="1030" /><ent r="3" t="31" w="1054" /><ent r="3" t="31" w="1047" /><ent r="3" t="31" w="1067" /><ent r="3" t="31" w="1060" /><ent r="3" t="31" w="1081" /><ent r="3" t="31" w="1074" /><ent r="3" t="31" w="1096" /><ent r="3" t="31" w="1089" /><ent r="3" t="31" w="1112" /><ent r="3" t="31" w="1105" /><ent r="3" t="31" w="1184" /><ent r="3" t="31" w="1177" /><ent r="3" t="31" w="1198" /><ent r="3" t="31" w="1191" /><ent r="3" t="31" w="1212" /><ent r="3" t="31" w="1205" /><ent r="3" t="31" w="1229" /><ent r="3" t="31" w="1222" /><ent r="3" t="31" w="1244" /><ent r="3" t="31" w="1237" /><ent r="3" t="31" w="1260" /><ent r="3" t="31" w="1253" /></phr></stem><stem n="1.3.6.1.4.1.6306.2.1"><phr n="1.3.6.1.4.1.6306.2.1"><ent r="3" t="28" w="562" /><ent r="3" t="28" w="554" /><ent r="3" t="28" w="596" /><ent r="3" t="28" w="588" /><ent r="3" t="31" w="462" /><ent r="3" t="31" w="454" /><ent r="3" t="31" w="479" /><ent r="3" t="31" w="471" /><ent r="3" t="31" w="492" /><ent r="3" t="31" w="484" /><ent r="3" t="31" w="506" /><ent r="3" t="31" w="498" /><ent r="3" t="31" w="521" /><ent r="3" t="31" w="513" /><ent r="3" t="31" w="537" /><ent r="3" t="31" w="529" /><ent r="3" t="31" w="623" /><ent r="3" t="31" w="615" /><ent r="3" t="31" w="640" /><ent r="3" t="31" w="632" /><ent r="3" t="31" w="653" /><ent r="3" t="31" w="645" /><ent r="3" t="31" w="667" /><ent r="3" t="31" w="659" /><ent r="3" t="31" w="682" /><ent r="3" t="31" w="674" /><ent r="3" t="31" w="698" /><ent r="3" t="31" w="690" /><ent r="3" t="31" w="746" /><ent r="3" t="31" w="738" /><ent r="3" t="31" w="763" /><ent r="3" t="31" w="755" /><ent r="3" t="31" w="776" /><ent r="3" t="31" w="768" /><ent r="3" t="31" w="790" /><ent r="3" t="31" w="782" /><ent r="3" t="31" w="805" /><ent r="3" t="31" w="797" /><ent r="3" t="31" w="821" /><ent r="3" t="31" w="813" /><ent r="3" t="31" w="856" /><ent r="3" t="31" w="848" /><ent r="3" t="31" w="873" /><ent r="3" t="31" w="865" /><ent r="3" t="31" w="886" /><ent r="3" t="31" w="878" /><ent r="3" t="31" w="900" /><ent r="3" t="31" w="892" /><ent r="3" t="31" w="915" /><ent r="3" t="31" w="907" /><ent r="3" t="31" w="931" /><ent r="3" t="31" w="923" /><ent r="3" t="31" w="946" /><ent r="3" t="31" w="938" /><ent r="3" t="31" w="959" /><ent r="3" t="31" w="951" /><ent r="3" t="31" w="972" /><ent r="3" t="31" w="964" /><ent r="3" t="31" w="985" /><ent r="3" t="31" w="977" /><ent r="3" t="31" w="998" /><ent r="3" t="31" w="990" /><ent r="3" t="31" w="1011" /><ent r="3" t="31" w="1003" /><ent r="3" t="31" w="1038" /><ent r="3" t="31" w="1030" /><ent r="3" t="31" w="1055" /><ent r="3" t="31" w="1047" /><ent r="3" t="31" w="1068" /><ent r="3" t="31" w="1060" /><ent r="3" t="31" w="1082" /><ent r="3" t="31" w="1074" /><ent r="3" t="31" w="1097" /><ent r="3" t="31" w="1089" /><ent r="3" t="31" w="1113" /><ent r="3" t="31" w="1105" /><ent r="3" t="31" w="1185" /><ent r="3" t="31" w="1177" /><ent r="3" t="31" w="1199" /><ent r="3" t="31" w="1191" /><ent r="3" t="31" w="1213" /><ent r="3" t="31" w="1205" /><ent r="3" t="31" w="1230" /><ent r="3" t="31" w="1222" /><ent r="3" t="31" w="1245" /><ent r="3" t="31" w="1237" /><ent r="3" t="31" w="1261" /><ent r="3" t="31" w="1253" /></phr></stem><stem n="1.3.6.1.4.1.6306.2.1.1"><phr n="1.3.6.1.4.1.6306.2.1.1"><ent r="3" t="28" w="563" /><ent r="3" t="28" w="554" /><ent r="3" t="28" w="597" /><ent r="3" t="28" w="588" /><ent r="3" t="31" w="463" /><ent r="3" t="31" w="454" /><ent r="3" t="31" w="624" /><ent r="3" t="31" w="615" /><ent r="3" t="31" w="747" /><ent r="3" t="31" w="738" /><ent r="3" t="31" w="857" /><ent r="3" t="31" w="848" /><ent r="3" t="31" w="1039" /><ent r="3" t="31" w="1030" /><ent r="3" t="31" w="1186" /><ent r="3" t="31" w="1177" /></phr></stem><stem n="1.3.6.1.4.1.6306.2.1.1.0"><phr n="1.3.6.1.4.1.6306.2.1.1.0"><ent r="3" t="28" w="564" /><ent r="3" t="28" w="554" /><ent r="3" t="28" w="598" /><ent r="3" t="28" w="588" /><ent r="3" t="31" w="464" /><ent r="3" t="31" w="454" /><ent r="3" t="31" w="625" /><ent r="3" t="31" w="615" /><ent r="3" t="31" w="748" /><ent r="3" t="31" w="738" /><ent r="3" t="31" w="858" /><ent r="3" t="31" w="848" /><ent r="3" t="31" w="1040" /><ent r="3" t="31" w="1030" /><ent r="3" t="31" w="1187" /><ent r="3" t="31" w="1177" /></phr></stem><stem n="1.3.6.1.4.1.6306.2.1.1.0,"><phr n="1.3.6.1.4.1.6306.2.1.1.0,"><ent r="3" t="28" w="564" /><ent r="3" t="28" w="554" /><ent r="3" t="31" w="1187" /><ent r="3" t="31" w="1177" /></phr></stem><stem n=".3.6.1.4.1.6306.2.1.1.0,"><phr n=".3.6.1.4.1.6306.2.1.1.0,"><ent r="3" t="28" w="565" /><ent r="3" t="31" w="1188" /></phr></stem><stem n="&quot;timestamp&quot;"><phr n="&quot;Timestamp&quot;"><ent r="3" t="28" w="567" /><ent r="3" t="28" w="658" /><ent r="3" t="31" w="1190" /><ent r="3" t="31" w="1289" /></phr></stem><stem n="$intermappertimestamp"><phr n="$InterMapperTimeStamp"><ent r="3" t="28" w="577" /></phr></stem><stem n=".3.6.1.4.1.6306.2.1.1.0"><phr n=".3.6.1.4.1.6306.2.1.1.0"><ent r="3" t="28" w="598" /><ent r="3" t="31" w="464" /><ent r="3" t="31" w="625" /><ent r="3" t="31" w="748" /><ent r="3" t="31" w="858" /><ent r="3" t="31" w="1040" /></phr></stem><stem n="generictrapvar"><phr n="genericTrapVar"><ent r="3" t="28" w="643" /><ent r="3" t="31" w="1275" /></phr></stem><stem n="&quot;gener"><phr n="&quot;Generic"><ent r="3" t="28" w="646" /><ent r="3" t="31" w="1278" /></phr></stem><stem n="specifictrapvar"><phr n="specificTrapVar"><ent r="3" t="28" w="648" /><ent r="3" t="31" w="1280" /></phr></stem><stem n="&quot;specif"><phr n="&quot;Specific"><ent r="3" t="28" w="651" /><ent r="3" t="31" w="1283" /></phr></stem><stem n="timestampvar"><phr n="timeStampVar"><ent r="3" t="28" w="654" /><ent r="3" t="31" w="1285" /></phr></stem><stem n="enterprisevar"><phr n="enterpriseVar"><ent r="3" t="28" w="659" /><ent r="3" t="31" w="1289" /></phr></stem><stem n="&quot;enterprise&quot;"><phr n="&quot;Enterprise&quot;"><ent r="3" t="28" w="663" /><ent r="3" t="31" w="1293" /></phr></stem><stem n="commstringvar"><phr n="commStringVar"><ent r="3" t="28" w="664" /><ent r="3" t="31" w="1293" /></phr></stem><stem n="&quot;commun"><phr n="&quot;Community"><ent r="3" t="28" w="667" /><ent r="3" t="31" w="1296" /></phr></stem><stem n="trapoidvar"><phr n="trapOIDVar"><ent r="3" t="28" w="670" /><ent r="3" t="31" w="1298" /></phr></stem><stem n="agentadrsvar"><phr n="agentAdrsVar"><ent r="3" t="28" w="676" /><ent r="3" t="31" w="1303" /></phr></stem><stem n="&quot;agent"><phr n="&quot;Agent"><ent r="3" t="28" w="679" /></phr></stem><stem n="senderadrsvar"><phr n="senderAdrsVar"><ent r="3" t="28" w="682" /><ent r="3" t="31" w="1307" /></phr></stem><stem n="$senderaddress"><phr n="$SenderAddress"><ent r="3" t="28" w="683" /><ent r="3" t="31" w="1308" /></phr></stem><stem n="&quot;sender"><phr n="&quot;Sender"><ent r="3" t="28" w="685" /><ent r="3" t="31" w="1310" /></phr></stem><stem n="snmpversionvar"><phr n="snmpVersionVar"><ent r="3" t="28" w="688" /><ent r="3" t="31" w="1312" /></phr></stem><stem n="varbindcountvar"><phr n="varbindCountVar"><ent r="3" t="28" w="694" /><ent r="3" t="31" w="1317" /></phr></stem><stem n="&quot;varbind"><phr n="&quot;Varbind"><ent r="3" t="28" w="697" /><ent r="3" t="31" w="1320" /></phr></stem><stem n="trap_var1"><phr n="trap_var1"><ent r="3" t="28" w="713" /><ent r="3" t="28" w="712" /></phr></stem><stem n="var1"><phr n="var1"><ent r="3" t="28" w="713" /><ent r="3" t="34" w="898" /><ent r="3" t="34" w="920" /><ent r="3" t="34" w="935" /></phr></stem><stem n="trap_var1,"><phr n="trap_var1,"><ent r="3" t="28" w="713" /><ent r="3" t="28" w="712" /></phr></stem><stem n="_var1,"><phr n="_var1,"><ent r="3" t="28" w="714" /></phr></stem><stem n="$varbindvalue1"><phr n="$VarbindValue1"><ent r="3" t="28" w="714" /><ent r="3" t="28" w="1086" /><ent r="3" t="31" w="1329" /></phr></stem><stem n="&quot;first"><phr n="&quot;First"><ent r="3" t="28" w="716" /><ent r="3" t="32" w="154" /></phr></stem><stem n="trap_var2"><phr n="trap_var2"><ent r="3" t="28" w="720" /><ent r="3" t="28" w="719" /></phr></stem><stem n="trap_var2,"><phr n="trap_var2,"><ent r="3" t="28" w="720" /><ent r="3" t="28" w="719" /></phr></stem><stem n="_var2,"><phr n="_var2,"><ent r="3" t="28" w="721" /></phr></stem><stem n="$varbindvalue2"><phr n="$VarbindValue2"><ent r="3" t="28" w="721" /><ent r="3" t="28" w="1095" /><ent r="3" t="31" w="1347" /></phr></stem><stem n="&quot;second"><phr n="&quot;Second"><ent r="3" t="28" w="723" /></phr><phr n="&quot;Seconds"><ent r="3" t="38" w="431" /></phr></stem><stem n="-trapvari"><phr n="-trapvariable"><ent r="3" t="28" w="767" /><ent r="3" t="28" w="767" /></phr></stem><stem n="non-trapvari"><phr n="non-trapvariable"><ent r="3" t="28" w="767" /></phr></stem><stem n="counterpart"><phr n="counterparts"><ent r="3" t="28" w="769" /></phr></stem><stem n="-total-valu"><phr n="-TOTAL-VALUE"><ent r="4" t="28" w="784" /><ent r="4" t="28" w="785" /></phr></stem><stem n="trapvariable-tot"><phr n="TRAPVARIABLE-TOTAL"><ent r="4" t="28" w="784" /></phr></stem><stem n="trapvariable-total-valu"><phr n="TRAPVARIABLE-TOTAL-VALUE"><ent r="4" t="28" w="784" /></phr></stem><stem n="-per-second"><phr n="-PER-SECOND"><ent r="4" t="28" w="788" /><ent r="4" t="28" w="789" /></phr></stem><stem n="trapvariable-p"><phr n="TRAPVARIABLE-PER"><ent r="4" t="28" w="788" /><ent r="4" t="28" w="792" /></phr></stem><stem n="trapvariable-per-second"><phr n="TRAPVARIABLE-PER-SECOND"><ent r="4" t="28" w="788" /></phr></stem><stem n="-per-minut"><phr n="-PER-MINUTE"><ent r="4" t="28" w="792" /><ent r="4" t="28" w="793" /></phr></stem><stem n="trapvariable-per-minut"><phr n="TRAPVARIABLE-PER-MINUTE"><ent r="4" t="28" w="792" /></phr></stem><stem n="trapvariable-str"><phr n="TRAPVARIABLE-STRING"><ent r="4" t="28" w="796" /></phr></stem><stem n="-string*"><phr n="-STRING*"><ent r="4" t="28" w="798" /><ent r="4" t="28" w="798" /></phr></stem><stem n="trapvariable-integ"><phr n="TRAPVARIABLE-INTEGER"><ent r="4" t="28" w="799" /></phr></stem><stem n="trapvariable-hexadecim"><phr n="TRAPVARIABLE-HEXADECIMAL"><ent r="4" t="28" w="802" /></phr></stem><stem n="-hexadecimal*"><phr n="-HEXADECIMAL*"><ent r="4" t="28" w="804" /><ent r="4" t="28" w="804" /></phr></stem><stem n="-hexnumb"><phr n="-HEXNUMBER"><ent r="4" t="28" w="805" /><ent r="4" t="28" w="805" /></phr></stem><stem n="trapvariable-hexnumb"><phr n="TRAPVARIABLE-HEXNUMBER"><ent r="4" t="28" w="805" /></phr></stem><stem n="-doubl"><phr n="-DOUBLE"><ent r="4" t="28" w="808" /><ent r="4" t="28" w="808" /></phr></stem><stem n="trapvariable-doubl"><phr n="TRAPVARIABLE-DOUBLE"><ent r="4" t="28" w="808" /></phr></stem><stem n="vendor'"><phr n="vendor's"><ent r="3" t="28" w="862" /><ent r="3" t="28" w="861" /></phr></stem><stem n="/23"><phr n="/23"><ent r="3" t="28" w="908" /></phr></stem><stem n="03/23"><phr n="03/23"><ent r="3" t="28" w="908" /><ent r="3" t="28" w="907" /></phr></stem><stem n="37"><phr n="37"><ent r="3" t="28" w="910" /></phr></stem><stem n=":37:34"><phr n=":37:34"><ent r="3" t="28" w="911" /></phr></stem><stem n="34"><phr n="34"><ent r="3" t="28" w="911" /></phr></stem><stem n="ic3"><phr n="IC3"><ent r="3" t="28" w="913" /></phr></stem><stem n="demo"><phr n="Demo"><ent r="3" t="28" w="914" /></phr></stem><stem n=":video"><phr n=":Video"><ent r="3" t="28" w="916" /></phr></stem><stem n="video"><phr n="Video"><ent r="3" t="28" w="916" /><ent r="3" t="28" w="933" /></phr></stem><stem n="stream"><phr n="Stream"><ent r="3" t="28" w="917" /><ent r="3" t="28" w="934" /><ent r="3" t="60" w="1369" /></phr><phr n="stream"><ent r="3" t="36" w="1322" /><ent r="3" t="57" w="103" /><ent r="3" t="57" w="341" /></phr><phr n="STREAM"><ent r="3" t="42" w="635" /></phr></stem><stem n="enc01"><phr n="ENC01"><ent r="3" t="28" w="918" /></phr></stem><stem n="livewav"><phr n="LIVEWAVE"><ent r="3" t="28" w="919" /><ent r="3" t="28" w="924" /><ent r="3" t="28" w="929" /><ent r="3" t="28" w="936" /><ent r="3" t="28" w="956" /><ent r="3" t="28" w="977" /><ent r="3" t="28" w="986" /><ent r="3" t="28" w="994" /><ent r="3" t="28" w="1084" /><ent r="3" t="28" w="1093" /><ent r="3" t="28" w="1101" /></phr></stem><stem n="livewave-mib"><phr n="LIVEWAVE-MIB"><ent r="3" t="28" w="919" /><ent r="3" t="28" w="924" /><ent r="3" t="28" w="929" /><ent r="3" t="28" w="936" /><ent r="3" t="28" w="977" /><ent r="3" t="28" w="986" /><ent r="3" t="28" w="994" /><ent r="3" t="28" w="1084" /><ent r="3" t="28" w="1093" /><ent r="3" t="28" w="1101" /></phr></stem><stem n="-mib::devicefault"><phr n="-MIB::deviceFaulted"><ent r="3" t="28" w="921" /><ent r="3" t="28" w="921" /></phr></stem><stem n="devicefault"><phr n="deviceFaulted"><ent r="3" t="28" w="921" /></phr></stem><stem n="-mib::deviceunitid"><phr n="-MIB::deviceUnitID"><ent r="3" t="28" w="926" /><ent r="3" t="28" w="926" /></phr></stem><stem n="deviceunitid"><phr n="deviceUnitID"><ent r="3" t="28" w="926" /><ent r="3" t="28" w="947" /><ent r="3" t="28" w="976" /><ent r="3" t="28" w="979" /><ent r="3" t="28" w="1083" /></phr></stem><stem n="&quot;5&quot;,"><phr n="&quot;5&quot;,"><ent r="3" t="28" w="928" /></phr></stem><stem n="-mib::devicenam"><phr n="-MIB::deviceName"><ent r="3" t="28" w="931" /><ent r="3" t="28" w="931" /></phr></stem><stem n="&quot;5"><phr n="&quot;5"><ent r="3" t="28" w="932" /></phr></stem><stem n="-mib::devicestatu"><phr n="-MIB::deviceStatus"><ent r="3" t="28" w="938" /><ent r="3" t="28" w="938" /></phr></stem><stem n="devicestatu"><phr n="deviceStatus"><ent r="3" t="28" w="938" /><ent r="3" t="28" w="950" /><ent r="3" t="28" w="993" /><ent r="3" t="28" w="996" /><ent r="3" t="28" w="1043" /><ent r="3" t="28" w="1054" /><ent r="3" t="28" w="1100" /></phr><phr n="DeviceStatus"><ent r="3" t="31" w="1190" /></phr></stem><stem n="&quot;6&quot;"><phr n="&quot;6&quot;"><ent r="3" t="28" w="940" /></phr></stem><stem n="(intermapp"><phr n="(InterMapper"><ent r="3" t="28" w="951" /></phr></stem><stem n="-mib::deviceunitid,"><phr n="-MIB::deviceUnitID,"><ent r="3" t="28" w="980" /><ent r="3" t="28" w="980" /></phr></stem><stem n="-mib::devicename,"><phr n="-MIB::deviceName,"><ent r="3" t="28" w="989" /><ent r="3" t="28" w="989" /></phr></stem><stem n="-mib::devicestatus,"><phr n="-MIB::deviceStatus,"><ent r="3" t="28" w="997" /><ent r="3" t="28" w="997" /></phr></stem><stem n="&quot;problem"><phr n="&quot;Problem"><ent r="3" t="28" w="1045" /></phr></stem><stem n="$deviceunitid"><phr n="$deviceUnitID"><ent r="3" t="28" w="1047" /><ent r="3" t="28" w="1056" /></phr></stem><stem n="$devicenam"><phr n="$deviceName"><ent r="3" t="28" w="1048" /><ent r="3" t="28" w="1057" /></phr></stem><stem n="$devicestatu"><phr n="$devicestatus"><ent r="3" t="28" w="1051" /></phr><phr n="$deviceStatus"><ent r="3" t="31" w="1607" /></phr></stem><stem n="&quot;$deviceunitid"><phr n="&quot;$deviceUnitID"><ent r="3" t="28" w="1056" /></phr></stem><stem n="-mib::$varbindvalue1,"><phr n="-MIB::$VarbindValue1,"><ent r="3" t="28" w="1087" /><ent r="3" t="28" w="1087" /></phr></stem><stem n="-mib::$varbindvalue2,"><phr n="-MIB::$VarbindValue2,"><ent r="3" t="28" w="1096" /><ent r="3" t="28" w="1096" /></phr></stem></index>