<?xml version="1.0" encoding="utf-8"?><index><stem n="bracket"><phr n="bracketed"><ent r="3" t="4" w="45" /><ent r="3" t="11" w="44" /><ent r="3" t="13" w="477" /></phr><phr n="brackets"><ent r="3" t="7" w="395" /><ent r="4" t="34" w="805" /></phr></stem><stem n="-name&gt;"><phr n="-name&gt;"><ent r="3" t="4" w="48" /><ent r="3" t="4" w="48" /></phr></stem><stem n="&lt;section"><phr n="&lt;section"><ent r="3" t="4" w="48" /></phr></stem><stem n="&lt;section-name&gt;"><phr n="&lt;section-name&gt;"><ent r="3" t="4" w="48" /></phr></stem><stem n="name&gt;"><phr n="name&gt;"><ent r="3" t="4" w="49" /><ent r="3" t="4" w="52" /><ent r="5" t="48" w="306" /></phr></stem><stem n="..."><phr n="..."><ent r="3" t="4" w="50" /><ent r="5" t="4" w="762" /><ent r="3" t="6" w="60" /><ent r="3" t="8" w="58" /><ent r="3" t="18" w="323" /><ent r="3" t="18" w="326" /><ent r="3" t="18" w="1780" /><ent r="3" t="18" w="1845" /><ent r="3" t="21" w="1310" /><ent r="4" t="23" w="446" /><ent r="4" t="23" w="457" /><ent r="3" t="23" w="1164" /><ent r="3" t="30" w="160" /><ent r="3" t="31" w="718" /><ent r="6" t="33" w="783" /><ent r="6" t="33" w="789" /><ent r="6" t="33" w="812" /><ent r="6" t="33" w="818" /><ent r="3" t="34" w="70" /><ent r="4" t="39" w="731" /><ent r="5" t="48" w="59" /><ent r="5" t="49" w="179" /><ent r="5" t="54" w="723" /><ent r="3" t="54" w="1116" /><ent r="3" t="54" w="1159" /><ent r="3" t="55" w="190" /><ent r="3" t="55" w="203" /><ent r="3" t="58" w="32" /><ent r="3" t="58" w="37" /><ent r="3" t="58" w="377" /><ent r="6" t="64" w="363" /><ent r="5" t="66" w="224" /><ent r="6" t="67" w="800" /><ent r="7" t="69" w="1172" /><ent r="7" t="69" w="1283" /><ent r="4" t="70" w="247" /></phr></stem><stem n="&lt;"><phr n="&lt;"><ent r="3" t="4" w="50" /><ent r="3" t="5" w="50" /><ent r="3" t="5" w="783" /><ent r="3" t="6" w="60" /><ent r="3" t="7" w="85" /><ent r="3" t="7" w="491" /><ent r="3" t="7" w="604" /><ent r="3" t="8" w="58" /><ent r="3" t="8" w="216" /><ent r="3" t="8" w="616" /><ent r="3" t="8" w="783" /><ent r="3" t="10" w="285" /><ent r="4" t="12" w="57" /><ent r="3" t="12" w="85" /><ent r="3" t="13" w="1895" /><ent r="3" t="13" w="1912" /><ent r="3" t="13" w="1950" /><ent r="3" t="13" w="1995" /><ent r="3" t="13" w="2017" /><ent r="3" t="13" w="2090" /><ent r="3" t="14" w="50" /><ent r="3" t="14" w="191" /><ent r="3" t="14" w="201" /><ent r="3" t="14" w="409" /><ent r="3" t="14" w="449" /><ent r="3" t="14" w="580" /><ent r="3" t="14" w="601" /><ent r="3" t="14" w="706" /><ent r="3" t="14" w="731" /><ent r="3" t="14" w="810" /><ent r="3" t="14" w="1046" /><ent r="3" t="14" w="1053" /><ent r="3" t="14" w="1078" /><ent r="3" t="14" w="1117" /><ent r="3" t="14" w="1135" /><ent r="3" t="14" w="1326" /><ent r="3" t="15" w="362" /><ent r="3" t="15" w="689" /><ent r="3" t="15" w="835" /><ent r="3" t="15" w="987" /><ent r="3" t="16" w="970" /><ent r="3" t="17" w="192" /><ent r="3" t="17" w="206" /><ent r="3" t="17" w="353" /><ent r="3" t="17" w="354" /><ent r="3" t="18" w="595" /><ent r="3" t="18" w="616" /><ent r="3" t="18" w="638" /><ent r="3" t="18" w="660" /><ent r="3" t="18" w="673" /><ent r="3" t="18" w="687" /><ent r="3" t="18" w="700" /><ent r="3" t="18" w="708" /><ent r="3" t="18" w="1070" /><ent r="3" t="18" w="1081" /><ent r="3" t="18" w="1134" /><ent r="3" t="18" w="1366" /><ent r="3" t="18" w="1648" /><ent r="3" t="18" w="1659" /><ent r="3" t="18" w="1669" /><ent r="3" t="18" w="1679" /><ent r="3" t="18" w="1689" /><ent r="3" t="18" w="1698" /><ent r="3" t="18" w="1707" /><ent r="3" t="18" w="1717" /><ent r="3" t="18" w="1721" /><ent r="3" t="18" w="1783" /><ent r="3" t="18" w="1852" /><ent r="3" t="19" w="186" /><ent r="3" t="19" w="288" /><ent r="3" t="19" w="357" /><ent r="3" t="19" w="364" /><ent r="3" t="19" w="389" /><ent r="3" t="19" w="393" /><ent r="3" t="19" w="399" /><ent r="3" t="19" w="407" /><ent r="3" t="19" w="569" /><ent r="3" t="21" w="82" /><ent r="3" t="21" w="1306" /><ent r="3" t="21" w="1310" /><ent r="3" t="21" w="1369" /><ent r="3" t="21" w="1382" /><ent r="3" t="21" w="1537" /><ent r="3" t="21" w="1576" /><ent r="3" t="22" w="204" /><ent r="3" t="22" w="221" /><ent r="4" t="23" w="141" /><ent r="4" t="23" w="143" /><ent r="4" t="23" w="356" /><ent r="4" t="23" w="358" /><ent r="7" t="23" w="2601" /><ent r="3" t="23" w="2836" /><ent r="3" t="24" w="42" /><ent r="3" t="24" w="84" /><ent r="3" t="26" w="9" /><ent r="3" t="26" w="126" /><ent r="3" t="26" w="136" /><ent r="3" t="26" w="301" /><ent r="3" t="26" w="341" /><ent r="3" t="26" w="392" /><ent r="3" t="26" w="424" /><ent r="3" t="26" w="434" /><ent r="3" t="28" w="567" /><ent r="3" t="28" w="725" /><ent r="3" t="28" w="1001" /><ent r="3" t="28" w="1061" /><ent r="3" t="28" w="1108" /><ent r="3" t="31" w="20" /><ent r="3" t="31" w="150" /><ent r="3" t="31" w="705" /><ent r="3" t="31" w="707" /><ent r="3" t="31" w="1143" /><ent r="3" t="31" w="1508" /><ent r="3" t="31" w="1724" /><ent r="3" t="34" w="71" /><ent r="5" t="34" w="1759" /><ent r="3" t="34" w="1779" /><ent r="3" t="38" w="82" /><ent r="3" t="38" w="164" /><ent r="3" t="38" w="425" /><ent r="3" t="38" w="443" /><ent r="3" t="38" w="597" /><ent r="3" t="38" w="628" /><ent r="3" t="39" w="1150" /><ent r="5" t="40" w="368" /><ent r="3" t="40" w="529" /><ent r="3" t="42" w="57" /><ent r="3" t="42" w="266" /><ent r="4" t="42" w="319" /><ent r="3" t="42" w="430" /><ent r="3" t="42" w="476" /><ent r="3" t="42" w="499" /><ent r="3" t="42" w="505" /><ent r="3" t="42" w="521" /><ent r="3" t="42" w="528" /><ent r="3" t="42" w="567" /><ent r="3" t="42" w="572" /><ent r="3" t="42" w="686" /><ent r="3" t="42" w="695" /><ent r="3" t="42" w="738" /><ent r="3" t="42" w="757" /><ent r="3" t="42" w="760" /><ent r="3" t="42" w="786" /><ent r="3" t="42" w="793" /><ent r="3" t="42" w="823" /><ent r="3" t="42" w="830" /><ent r="3" t="42" w="855" /><ent r="3" t="42" w="938" /><ent r="3" t="44" w="74" /><ent r="3" t="44" w="124" /><ent r="3" t="44" w="165" /><ent r="3" t="44" w="168" /><ent r="3" t="44" w="178" /><ent r="3" t="44" w="198" /><ent r="3" t="44" w="216" /><ent r="3" t="45" w="220" /><ent r="3" t="45" w="326" /><ent r="3" t="45" w="369" /><ent r="3" t="45" w="372" /><ent r="3" t="45" w="385" /><ent r="3" t="45" w="410" /><ent r="3" t="45" w="415" /><ent r="3" t="45" w="445" /><ent r="3" t="45" w="493" /><ent r="3" t="47" w="9" /><ent r="3" t="47" w="58" /><ent r="3" t="47" w="185" /><ent r="3" t="47" w="200" /><ent r="3" t="47" w="216" /><ent r="3" t="47" w="250" /><ent r="3" t="47" w="266" /><ent r="3" t="48" w="475" /><ent r="3" t="48" w="540" /><ent r="3" t="48" w="586" /><ent r="3" t="48" w="593" /><ent r="3" t="48" w="609" /><ent r="3" t="48" w="649" /><ent r="3" t="48" w="666" /><ent r="3" t="48" w="939" /><ent r="5" t="65" w="300" /><ent r="5" t="65" w="321" /><ent r="3" t="66" w="98" /><ent r="3" t="66" w="122" /><ent r="3" t="66" w="125" /><ent r="3" t="66" w="158" /><ent r="3" t="66" w="161" /><ent r="7" t="67" w="141" /><ent r="7" t="69" w="1404" /><ent r="7" t="69" w="1717" /><ent r="6" t="69" w="1766" /></phr></stem><stem n="/section-name&gt;"><phr n="/section-name&gt;"><ent r="3" t="4" w="51" /></phr></stem><stem n="section-name&gt;"><phr n="section-name&gt;"><ent r="3" t="4" w="51" /></phr></stem><stem n="separ"><phr n="separate"><ent r="3" t="4" w="60" /><ent r="3" t="14" w="329" /><ent r="3" t="18" w="59" /><ent r="3" t="20" w="34" /><ent r="3" t="20" w="680" /><ent r="3" t="21" w="1210" /><ent r="3" t="23" w="2726" /><ent r="3" t="25" w="305" /><ent r="4" t="36" w="386" /><ent r="4" t="36" w="2301" /><ent r="3" t="36" w="2920" /><ent r="4" t="46" w="545" /><ent r="4" t="48" w="265" /><ent r="3" t="60" w="840" /><ent r="6" t="67" w="810" /><ent r="3" t="70" w="125" /></phr><phr n="separated"><ent r="6" t="5" w="485" /><ent r="100" t="5" w="500" /><ent r="3" t="5" w="1236" /><ent r="100" t="15" w="569" /><ent r="3" t="15" w="586" /><ent r="100" t="16" w="101" /><ent r="3" t="16" w="131" /><ent r="6" t="16" w="387" /><ent r="3" t="18" w="555" /><ent r="3" t="18" w="750" /><ent r="4" t="20" w="869" /><ent r="4" t="23" w="1265" /><ent r="3" t="25" w="68" /><ent r="4" t="30" w="200" /><ent r="4" t="30" w="247" /><ent r="4" t="34" w="382" /><ent r="4" t="39" w="727" /><ent r="4" t="46" w="579" /><ent r="6" t="69" w="1990" /><ent r="3" t="77" w="50" /></phr><phr n="separately"><ent r="3" t="20" w="105" /></phr></stem><stem n="exampl"><phr n="example"><ent r="64" t="4" w="65" /><ent r="6" t="5" w="268" /><ent r="6" t="5" w="336" /><ent r="6" t="5" w="627" /><ent r="3" t="5" w="754" /><ent r="3" t="5" w="1331" /><ent r="3" t="5" w="1408" /><ent r="3" t="7" w="565" /><ent r="3" t="10" w="110" /><ent r="7" t="11" w="400" /><ent r="7" t="11" w="406" /><ent r="7" t="11" w="412" /><ent r="3" t="11" w="441" /><ent r="4" t="11" w="483" /><ent r="4" t="11" w="501" /><ent r="4" t="11" w="517" /><ent r="3" t="13" w="536" /><ent r="3" t="13" w="2068" /><ent r="3" t="13" w="2267" /><ent r="3" t="13" w="2270" /><ent r="3" t="13" w="2524" /><ent r="3" t="14" w="37" /><ent r="3" t="14" w="717" /><ent r="3" t="14" w="822" /><ent r="3" t="14" w="929" /><ent r="6" t="16" w="423" /><ent r="4" t="16" w="1389" /><ent r="3" t="16" w="1434" /><ent r="3" t="16" w="1501" /><ent r="3" t="16" w="1652" /><ent r="4" t="17" w="389" /><ent r="3" t="18" w="272" /><ent r="3" t="18" w="480" /><ent r="3" t="18" w="715" /><ent r="3" t="18" w="1003" /><ent r="3" t="18" w="1142" /><ent r="3" t="18" w="1299" /><ent r="3" t="18" w="1419" /><ent r="3" t="18" w="1555" /><ent r="3" t="20" w="40" /><ent r="3" t="20" w="363" /><ent r="3" t="21" w="46" /><ent r="4" t="21" w="196" /><ent r="4" t="21" w="354" /><ent r="4" t="21" w="404" /><ent r="3" t="21" w="605" /><ent r="3" t="21" w="1156" /><ent r="3" t="21" w="1293" /><ent r="3" t="22" w="228" /><ent r="65" t="23" w="281" /><ent r="65" t="23" w="871" /><ent r="3" t="23" w="2736" /><ent r="3" t="23" w="3058" /><ent r="3" t="24" w="48" /><ent r="3" t="25" w="668" /><ent r="3" t="25" w="711" /><ent r="3" t="25" w="845" /><ent r="3" t="27" w="110" /><ent r="3" t="28" w="548" /><ent r="3" t="28" w="574" /><ent r="64" t="28" w="622" /><ent r="3" t="31" w="13" /><ent r="3" t="33" w="55" /><ent r="3" t="33" w="103" /><ent r="3" t="33" w="148" /><ent r="3" t="33" w="511" /><ent r="3" t="33" w="655" /><ent r="3" t="33" w="972" /><ent r="3" t="33" w="989" /><ent r="3" t="34" w="124" /><ent r="4" t="34" w="860" /><ent r="3" t="34" w="1485" /><ent r="3" t="34" w="1560" /><ent r="3" t="36" w="95" /><ent r="3" t="36" w="213" /><ent r="3" t="36" w="1561" /><ent r="3" t="39" w="1133" /><ent r="3" t="39" w="1278" /><ent r="4" t="40" w="150" /><ent r="4" t="40" w="257" /><ent r="3" t="41" w="105" /><ent r="3" t="42" w="196" /><ent r="3" t="42" w="200" /><ent r="3" t="42" w="260" /><ent r="4" t="45" w="178" /><ent r="82" t="45" w="193" /><ent r="3" t="48" w="26" /><ent r="4" t="48" w="203" /><ent r="4" t="48" w="314" /><ent r="4" t="48" w="363" /><ent r="3" t="53" w="135" /><ent r="3" t="53" w="334" /><ent r="3" t="53" w="420" /><ent r="3" t="54" w="929" /><ent r="3" t="54" w="967" /><ent r="3" t="57" w="161" /><ent r="3" t="58" w="177" /><ent r="3" t="61" w="70" /><ent r="3" t="61" w="83" /><ent r="3" t="63" w="262" /><ent r="4" t="65" w="314" /><ent r="6" t="67" w="279" /><ent r="3" t="68" w="30" /><ent r="4" t="69" w="1607" /><ent r="7" t="69" w="2055" /><ent r="7" t="69" w="2123" /><ent r="6" t="69" w="2435" /><ent r="3" t="77" w="148" /><ent r="3" t="77" w="222" /></phr><phr n="Example"><ent r="6" t="5" w="569" /><ent r="3" t="5" w="758" /><ent r="3" t="5" w="765" /><ent r="64" t="6" w="78" /><ent r="3" t="7" w="155" /><ent r="100" t="7" w="551" /><ent r="92" t="7" w="555" /><ent r="4" t="8" w="197" /><ent r="4" t="8" w="760" /><ent r="64" t="11" w="63" /><ent r="3" t="12" w="83" /><ent r="3" t="12" w="132" /><ent r="72" t="13" w="2217" /><ent r="92" t="14" w="34" /><ent r="3" t="14" w="347" /><ent r="92" t="14" w="714" /><ent r="4" t="16" w="1875" /><ent r="4" t="16" w="1931" /><ent r="3" t="23" w="930" /><ent r="3" t="23" w="1040" /><ent r="3" t="23" w="1099" /><ent r="3" t="23" w="1365" /><ent r="3" t="23" w="1929" /><ent r="1000" t="26" w="3" /><ent r="102" t="26" w="7" /><ent r="64" t="27" w="346" /><ent r="1000" t="31" w="1" /><ent r="102" t="31" w="6" /><ent r="64" t="33" w="107" /><ent r="64" t="34" w="129" /><ent r="4" t="34" w="391" /><ent r="4" t="34" w="488" /><ent r="100" t="34" w="593" /><ent r="4" t="34" w="597" /><ent r="4" t="34" w="864" /><ent r="4" t="34" w="890" /><ent r="4" t="34" w="1003" /><ent r="4" t="34" w="1074" /><ent r="4" t="34" w="1176" /><ent r="4" t="34" w="1204" /><ent r="4" t="34" w="1265" /><ent r="4" t="34" w="1364" /><ent r="4" t="34" w="1555" /><ent r="4" t="34" w="1777" /><ent r="100" t="36" w="112" /><ent r="64" t="36" w="116" /><ent r="3" t="36" w="1054" /><ent r="3" t="36" w="1124" /><ent r="4" t="36" w="1548" /><ent r="4" t="36" w="1975" /><ent r="4" t="36" w="2444" /><ent r="4" t="36" w="2571" /><ent r="4" t="36" w="2686" /><ent r="4" t="36" w="2785" /><ent r="4" t="36" w="3041" /><ent r="4" t="36" w="3109" /><ent r="4" t="36" w="3216" /><ent r="4" t="36" w="3415" /><ent r="4" t="36" w="3591" /><ent r="4" t="36" w="3629" /><ent r="100" t="36" w="3865" /><ent r="100" t="36" w="3868" /><ent r="92" t="36" w="3871" /><ent r="1000" t="38" w="1" /><ent r="100" t="38" w="12" /><ent r="102" t="38" w="64" /><ent r="64" t="39" w="500" /><ent r="4" t="39" w="808" /><ent r="64" t="39" w="1085" /><ent r="3" t="40" w="516" /><ent r="92" t="42" w="428" /><ent r="92" t="42" w="693" /><ent r="64" t="43" w="90" /><ent r="1000" t="44" w="4" /><ent r="102" t="44" w="9" /><ent r="100" t="44" w="81" /><ent r="3" t="44" w="86" /><ent r="3" t="44" w="117" /><ent r="82" t="46" w="593" /><ent r="1000" t="47" w="3" /><ent r="102" t="47" w="7" /><ent r="3" t="47" w="15" /><ent r="1000" t="48" w="4" /><ent r="102" t="48" w="9" /><ent r="4" t="54" w="473" /><ent r="4" t="54" w="517" /><ent r="4" t="54" w="579" /><ent r="4" t="54" w="634" /><ent r="3" t="54" w="946" /><ent r="4" t="55" w="80" /><ent r="4" t="57" w="188" /><ent r="3" t="59" w="128" /><ent r="3" t="59" w="163" /><ent r="3" t="59" w="198" /><ent r="3" t="60" w="305" /><ent r="3" t="60" w="384" /><ent r="100" t="65" w="193" /><ent r="92" t="65" w="197" /><ent r="100" t="66" w="75" /><ent r="92" t="66" w="79" /><ent r="6" t="69" w="1183" /><ent r="6" t="69" w="2047" /><ent r="6" t="69" w="2115" /><ent r="6" t="69" w="2399" /></phr><phr n="Examples"><ent r="82" t="11" w="347" /><ent r="3" t="13" w="1653" /><ent r="72" t="13" w="1873" /><ent r="3" t="23" w="982" /><ent r="3" t="23" w="1146" /><ent r="3" t="23" w="1986" /><ent r="3" t="23" w="2316" /><ent r="3" t="23" w="2641" /><ent r="3" t="25" w="87" /><ent r="4" t="25" w="325" /><ent r="3" t="25" w="358" /><ent r="3" t="25" w="938" /><ent r="4" t="34" w="690" /><ent r="4" t="34" w="1682" /><ent r="4" t="36" w="1721" /><ent r="4" t="36" w="3496" /><ent r="92" t="54" w="471" /><ent r="64" t="56" w="211" /><ent r="3" t="56" w="213" /><ent r="1000" t="60" w="4" /><ent r="102" t="60" w="9" /></phr><phr n="examples"><ent r="3" t="11" w="428" /><ent r="4" t="11" w="465" /><ent r="3" t="13" w="1878" /><ent r="3" t="13" w="2257" /><ent r="3" t="16" w="1157" /><ent r="3" t="25" w="98" /><ent r="3" t="28" w="884" /><ent r="3" t="30" w="158" /><ent r="64" t="33" w="600" /><ent r="3" t="33" w="757" /><ent r="4" t="36" w="482" /><ent r="3" t="36" w="968" /><ent r="3" t="36" w="1090" /><ent r="3" t="36" w="1765" /><ent r="3" t="36" w="2988" /><ent r="3" t="39" w="571" /><ent r="3" t="42" w="333" /><ent r="3" t="58" w="214" /><ent r="3" t="60" w="21" /><ent r="64" t="61" w="120" /><ent r="3" t="74" w="10" /><ent r="3" t="74" w="22" /></phr></stem><stem n="while"><phr n="while"><ent r="3" t="4" w="69" /><ent r="3" t="18" w="1150" /><ent r="3" t="36" w="1281" /><ent r="3" t="60" w="490" /><ent r="3" t="60" w="723" /><ent r="3" t="60" w="776" /><ent r="3" t="65" w="227" /></phr><phr n="While"><ent r="3" t="5" w="68" /><ent r="3" t="42" w="345" /><ent r="3" t="60" w="1271" /></phr></stem><stem n="subsequ"><phr n="subsequent"><ent r="3" t="4" w="72" /><ent r="3" t="33" w="688" /><ent r="4" t="34" w="835" /><ent r="4" t="36" w="425" /><ent r="3" t="36" w="2843" /><ent r="3" t="36" w="3264" /><ent r="3" t="36" w="3430" /><ent r="3" t="53" w="406" /></phr><phr n="Subsequent"><ent r="4" t="11" w="143" /><ent r="3" t="36" w="3480" /><ent r="4" t="36" w="3514" /></phr></stem><stem n="&lt;header&gt;"><phr n="&lt;header&gt;"><ent r="64" t="4" w="82" /><ent r="4" t="4" w="89" /><ent r="1000" t="5" w="2" /><ent r="102" t="5" w="6" /><ent r="4" t="5" w="11" /><ent r="3" t="5" w="44" /><ent r="6" t="5" w="554" /><ent r="5" t="5" w="609" /><ent r="3" t="5" w="741" /><ent r="4" t="5" w="796" /><ent r="65" t="5" w="809" /><ent r="7" t="5" w="1127" /><ent r="3" t="14" w="149" /><ent r="3" t="14" w="779" /><ent r="66" t="15" w="277" /><ent r="3" t="15" w="356" /><ent r="3" t="19" w="323" /><ent r="3" t="21" w="1276" /><ent r="3" t="26" w="91" /><ent r="3" t="31" w="119" /><ent r="66" t="33" w="183" /><ent r="3" t="38" w="120" /><ent r="66" t="39" w="119" /><ent r="3" t="42" w="448" /><ent r="3" t="42" w="707" /><ent r="3" t="44" w="100" /><ent r="3" t="45" w="299" /><ent r="5" t="46" w="879" /><ent r="3" t="47" w="29" /><ent r="3" t="48" w="511" /></phr></stem><stem n="definit"><phr n="definition"><ent r="3" t="4" w="95" /><ent r="6" t="5" w="357" /><ent r="3" t="5" w="1374" /><ent r="3" t="5" w="1405" /><ent r="3" t="7" w="465" /><ent r="3" t="13" w="2071" /><ent r="3" t="13" w="2483" /><ent r="3" t="15" w="580" /><ent r="3" t="16" w="125" /><ent r="3" t="18" w="546" /><ent r="3" t="18" w="1037" /><ent r="4" t="25" w="608" /><ent r="3" t="77" w="188" /><ent r="3" t="77" w="219" /></phr><phr n="definitions"><ent r="3" t="16" w="141" /></phr><phr n="DEFINITIONS"><ent r="3" t="32" w="68" /></phr></stem><stem n="identifi"><phr n="identified"><ent r="3" t="4" w="101" /></phr><phr n="identifies"><ent r="3" t="5" w="60" /><ent r="4" t="5" w="1326" /><ent r="4" t="8" w="78" /><ent r="4" t="8" w="638" /><ent r="3" t="26" w="274" /><ent r="4" t="77" w="140" /></phr><phr n="identifier"><ent r="6" t="5" w="244" /><ent r="6" t="5" w="333" /><ent r="6" t="5" w="340" /><ent r="6" t="5" w="366" /><ent r="5" t="5" w="406" /><ent r="3" t="22" w="41" /></phr><phr n="identifiers"><ent r="6" t="5" w="304" /></phr><phr n="identify"><ent r="3" t="26" w="210" /><ent r="3" t="36" w="1443" /><ent r="3" t="36" w="3833" /><ent r="3" t="55" w="289" /></phr><phr n="IDENTIFIER"><ent r="3" t="32" w="164" /><ent r="3" t="32" w="169" /><ent r="3" t="32" w="394" /></phr></stem><stem n="name"><phr n="name"><ent r="3" t="4" w="104" /><ent r="3" t="5" w="38" /><ent r="3" t="5" w="47" /><ent r="6" t="5" w="254" /><ent r="100" t="5" w="319" /><ent r="6" t="5" w="326" /><ent r="6" t="5" w="349" /><ent r="6" t="5" w="396" /><ent r="5" t="5" w="409" /><ent r="100" t="5" w="421" /><ent r="6" t="5" w="424" /><ent r="100" t="5" w="520" /><ent r="6" t="5" w="523" /><ent r="6" t="5" w="532" /><ent r="6" t="5" w="561" /><ent r="6" t="5" w="572" /><ent r="3" t="5" w="752" /><ent r="3" t="5" w="757" /><ent r="3" t="5" w="763" /><ent r="5" t="5" w="1245" /><ent r="4" t="5" w="1287" /><ent r="5" t="5" w="1324" /><ent r="3" t="5" w="1365" /><ent r="3" t="5" w="1368" /><ent r="3" t="5" w="1382" /><ent r="3" t="5" w="1391" /><ent r="3" t="5" w="1394" /><ent r="3" t="5" w="1419" /><ent r="3" t="7" w="71" /><ent r="3" t="7" w="81" /><ent r="3" t="7" w="90" /><ent r="3" t="7" w="139" /><ent r="3" t="7" w="146" /><ent r="3" t="7" w="297" /><ent r="3" t="7" w="310" /><ent r="3" t="7" w="332" /><ent r="5" t="13" w="149" /><ent r="5" t="13" w="161" /><ent r="5" t="13" w="313" /><ent r="3" t="13" w="436" /><ent r="3" t="13" w="458" /><ent r="3" t="13" w="491" /><ent r="3" t="13" w="523" /><ent r="5" t="13" w="639" /><ent r="5" t="13" w="1289" /><ent r="3" t="14" w="103" /><ent r="3" t="14" w="160" /><ent r="3" t="14" w="165" /><ent r="3" t="14" w="184" /><ent r="3" t="14" w="465" /><ent r="3" t="14" w="787" /><ent r="3" t="14" w="791" /><ent r="3" t="14" w="803" /><ent r="3" t="14" w="927" /><ent r="3" t="14" w="951" /><ent r="3" t="14" w="991" /><ent r="3" t="14" w="1212" /><ent r="3" t="14" w="1275" /><ent r="100" t="15" w="25" /><ent r="4" t="15" w="289" /><ent r="3" t="15" w="590" /><ent r="3" t="15" w="622" /><ent r="100" t="16" w="14" /><ent r="4" t="16" w="153" /><ent r="4" t="16" w="217" /><ent r="3" t="16" w="905" /><ent r="4" t="16" w="1052" /><ent r="4" t="16" w="1301" /><ent r="4" t="16" w="1309" /><ent r="4" t="16" w="1379" /><ent r="3" t="16" w="1823" /><ent r="4" t="17" w="407" /><ent r="3" t="18" w="474" /><ent r="3" t="18" w="510" /><ent r="3" t="18" w="676" /><ent r="3" t="18" w="690" /><ent r="3" t="18" w="703" /><ent r="4" t="18" w="769" /><ent r="4" t="18" w="844" /><ent r="4" t="18" w="848" /><ent r="4" t="18" w="901" /><ent r="3" t="18" w="1315" /><ent r="3" t="18" w="1765" /><ent r="3" t="18" w="1794" /><ent r="3" t="18" w="1824" /><ent r="4" t="18" w="1872" /><ent r="3" t="19" w="235" /><ent r="3" t="19" w="242" /><ent r="3" t="19" w="262" /><ent r="3" t="19" w="331" /><ent r="3" t="19" w="336" /><ent r="3" t="19" w="351" /><ent r="3" t="21" w="32" /><ent r="4" t="21" w="98" /><ent r="4" t="21" w="349" /><ent r="3" t="21" w="600" /><ent r="3" t="21" w="1285" /><ent r="3" t="21" w="1289" /><ent r="3" t="22" w="78" /><ent r="3" t="22" w="101" /><ent r="4" t="23" w="676" /><ent r="3" t="23" w="901" /><ent r="4" t="23" w="1673" /><ent r="4" t="23" w="1678" /><ent r="4" t="23" w="1683" /><ent r="4" t="23" w="1688" /><ent r="4" t="25" w="268" /><ent r="3" t="25" w="299" /><ent r="3" t="25" w="993" /><ent r="3" t="26" w="53" /><ent r="3" t="26" w="99" /><ent r="3" t="26" w="103" /><ent r="3" t="26" w="119" /><ent r="3" t="26" w="169" /><ent r="3" t="26" w="191" /><ent r="3" t="26" w="227" /><ent r="3" t="26" w="355" /><ent r="4" t="28" w="128" /><ent r="3" t="28" w="840" /><ent r="3" t="28" w="846" /><ent r="3" t="28" w="871" /><ent r="3" t="28" w="891" /><ent r="4" t="30" w="196" /><ent r="3" t="31" w="95" /><ent r="3" t="31" w="107" /><ent r="3" t="31" w="115" /><ent r="3" t="31" w="128" /><ent r="3" t="31" w="132" /><ent r="3" t="31" w="146" /><ent r="4" t="33" w="195" /><ent r="4" t="33" w="917" /><ent r="100" t="34" w="1163" /><ent r="3" t="34" w="1166" /><ent r="5" t="36" w="3112" /><ent r="5" t="36" w="3120" /><ent r="5" t="36" w="3131" /><ent r="5" t="36" w="3141" /><ent r="100" t="38" w="133" /><ent r="3" t="38" w="136" /><ent r="100" t="38" w="141" /><ent r="3" t="38" w="144" /><ent r="4" t="39" w="131" /><ent r="100" t="39" w="374" /><ent r="5" t="39" w="754" /><ent r="4" t="40" w="271" /><ent r="3" t="42" w="130" /><ent r="3" t="42" w="148" /><ent r="3" t="42" w="155" /><ent r="3" t="42" w="209" /><ent r="3" t="42" w="456" /><ent r="3" t="42" w="461" /><ent r="3" t="42" w="471" /><ent r="3" t="42" w="715" /><ent r="3" t="42" w="720" /><ent r="3" t="42" w="730" /><ent r="3" t="44" w="108" /><ent r="3" t="44" w="112" /><ent r="5" t="45" w="121" /><ent r="5" t="45" w="136" /><ent r="3" t="45" w="284" /><ent r="3" t="45" w="307" /><ent r="3" t="45" w="311" /><ent r="3" t="45" w="321" /><ent r="4" t="46" w="320" /><ent r="4" t="46" w="559" /><ent r="4" t="46" w="837" /><ent r="3" t="47" w="37" /><ent r="3" t="47" w="41" /><ent r="3" t="47" w="51" /><ent r="4" t="48" w="103" /><ent r="3" t="48" w="519" /><ent r="3" t="48" w="523" /><ent r="3" t="48" w="534" /><ent r="3" t="48" w="849" /><ent r="100" t="49" w="145" /><ent r="4" t="49" w="155" /><ent r="4" t="53" w="87" /><ent r="4" t="54" w="250" /><ent r="3" t="54" w="540" /><ent r="3" t="54" w="600" /><ent r="3" t="55" w="70" /><ent r="3" t="55" w="256" /><ent r="3" t="58" w="249" /><ent r="3" t="59" w="196" /><ent r="3" t="60" w="274" /><ent r="3" t="60" w="287" /><ent r="3" t="60" w="360" /><ent r="3" t="60" w="1037" /><ent r="3" t="60" w="1045" /><ent r="4" t="65" w="105" /><ent r="4" t="65" w="165" /><ent r="6" t="67" w="179" /><ent r="6" t="67" w="200" /><ent r="6" t="67" w="239" /><ent r="6" t="67" w="389" /><ent r="7" t="67" w="553" /><ent r="100" t="67" w="758" /><ent r="7" t="67" w="762" /><ent r="6" t="67" w="781" /><ent r="6" t="67" w="799" /><ent r="6" t="69" w="689" /><ent r="6" t="69" w="875" /><ent r="6" t="69" w="1048" /><ent r="6" t="69" w="1052" /><ent r="6" t="69" w="1116" /><ent r="6" t="69" w="1121" /><ent r="6" t="69" w="1235" /><ent r="6" t="69" w="2044" /><ent r="5" t="77" w="59" /><ent r="4" t="77" w="101" /><ent r="5" t="77" w="138" /><ent r="3" t="77" w="179" /><ent r="3" t="77" w="182" /><ent r="3" t="77" w="196" /><ent r="3" t="77" w="205" /><ent r="3" t="77" w="208" /><ent r="3" t="77" w="233" /></phr><phr n="Names"><ent r="64" t="4" w="722" /><ent r="67" t="5" w="387" /><ent r="100" t="5" w="1199" /><ent r="92" t="5" w="1226" /><ent r="4" t="21" w="259" /><ent r="1000" t="77" w="5" /><ent r="102" t="77" w="11" /><ent r="100" t="77" w="17" /></phr><phr n="naming"><ent r="3" t="4" w="736" /><ent r="64" t="5" w="82" /><ent r="3" t="55" w="473" /></phr><phr n="named"><ent r="3" t="5" w="1232" /><ent r="3" t="5" w="1343" /><ent r="3" t="13" w="2504" /><ent r="3" t="14" w="932" /><ent r="3" t="18" w="278" /><ent r="3" t="23" w="1838" /><ent r="3" t="28" w="502" /><ent r="3" t="28" w="523" /><ent r="4" t="36" w="788" /><ent r="4" t="36" w="887" /><ent r="3" t="36" w="3462" /><ent r="3" t="36" w="3614" /><ent r="5" t="37" w="182" /><ent r="3" t="39" w="1122" /><ent r="3" t="42" w="281" /><ent r="3" t="42" w="301" /><ent r="4" t="48" w="319" /><ent r="3" t="50" w="20" /><ent r="3" t="55" w="87" /><ent r="3" t="55" w="120" /><ent r="3" t="55" w="131" /><ent r="4" t="66" w="261" /><ent r="6" t="67" w="103" /><ent r="6" t="67" w="269" /><ent r="6" t="67" w="283" /><ent r="6" t="67" w="309" /><ent r="7" t="67" w="558" /><ent r="7" t="67" w="564" /><ent r="6" t="67" w="779" /><ent r="6" t="69" w="148" /><ent r="3" t="69" w="214" /><ent r="6" t="69" w="260" /><ent r="6" t="69" w="287" /><ent r="6" t="69" w="368" /><ent r="3" t="71" w="52" /><ent r="3" t="77" w="46" /><ent r="3" t="77" w="160" /></phr><phr n="names"><ent r="4" t="5" w="1318" /><ent r="3" t="13" w="451" /><ent r="4" t="16" w="746" /><ent r="4" t="18" w="836" /><ent r="4" t="20" w="868" /><ent r="4" t="21" w="247" /><ent r="4" t="21" w="250" /><ent r="3" t="21" w="587" /><ent r="3" t="25" w="319" /><ent r="3" t="31" w="1323" /><ent r="4" t="34" w="1295" /><ent r="4" t="34" w="1326" /><ent r="4" t="34" w="1342" /><ent r="3" t="65" w="525" /><ent r="6" t="69" w="387" /><ent r="3" t="70" w="173" /><ent r="4" t="77" w="132" /></phr><phr n="Name"><ent r="100" t="7" w="61" /><ent r="5" t="9" w="32" /><ent r="5" t="13" w="129" /><ent r="5" t="13" w="302" /><ent r="5" t="13" w="628" /><ent r="5" t="13" w="754" /><ent r="5" t="13" w="800" /><ent r="5" t="13" w="992" /><ent r="5" t="13" w="1278" /><ent r="5" t="13" w="1380" /><ent r="3" t="18" w="1069" /><ent r="3" t="21" w="52" /><ent r="5" t="21" w="94" /><ent r="4" t="21" w="112" /><ent r="3" t="22" w="172" /><ent r="3" t="28" w="991" /><ent r="3" t="28" w="1098" /><ent r="5" t="30" w="183" /><ent r="3" t="31" w="1218" /><ent r="3" t="36" w="1132" /><ent r="100" t="39" w="360" /><ent r="100" t="39" w="362" /><ent r="3" t="58" w="267" /><ent r="8" t="69" w="965" /></phr><phr n="Named"><ent r="5" t="28" w="114" /><ent r="82" t="28" w="492" /><ent r="3" t="60" w="911" /><ent r="3" t="60" w="918" /><ent r="3" t="60" w="940" /><ent r="3" t="60" w="947" /><ent r="3" t="60" w="958" /><ent r="3" t="60" w="965" /><ent r="3" t="60" w="973" /><ent r="3" t="60" w="980" /></phr><phr n="NAME"><ent r="7" t="69" w="2004" /><ent r="6" t="69" w="2015" /></phr></stem></index>