<?xml version="1.0" encoding="utf-8"?><index><stem n="]&quot;"><phr n="]&quot;"><ent r="6" t="5" w="568" /><ent r="3" t="7" w="84" /></phr></stem><stem n="&quot;custom/command-line&quot;"><phr n="&quot;Custom/Command-line&quot;"><ent r="6" t="5" w="576" /></phr></stem><stem n="url"><phr n="Url"><ent r="100" t="5" w="578" /><ent r="100" t="5" w="615" /></phr><phr n="url"><ent r="6" t="5" w="581" /><ent r="6" t="5" w="619" /><ent r="6" t="5" w="621" /><ent r="6" t="5" w="642" /><ent r="5" t="13" w="1435" /><ent r="4" t="48" w="396" /><ent r="3" t="60" w="1190" /><ent r="3" t="60" w="1207" /></phr><phr n="URL"><ent r="4" t="11" w="478" /><ent r="4" t="11" w="507" /><ent r="5" t="13" w="1460" /><ent r="3" t="42" w="869" /><ent r="3" t="42" w="882" /><ent r="3" t="42" w="928" /><ent r="3" t="56" w="47" /><ent r="3" t="57" w="109" /><ent r="3" t="57" w="122" /><ent r="3" t="57" w="144" /><ent r="3" t="57" w="167" /><ent r="3" t="57" w="176" /><ent r="3" t="57" w="191" /><ent r="6" t="57" w="258" /><ent r="3" t="57" w="326" /><ent r="3" t="57" w="355" /><ent r="3" t="58" w="239" /><ent r="3" t="58" w="312" /><ent r="3" t="59" w="24" /><ent r="4" t="59" w="67" /><ent r="3" t="59" w="210" /><ent r="6" t="60" w="169" /><ent r="3" t="60" w="686" /><ent r="3" t="60" w="1040" /><ent r="64" t="62" w="29" /><ent r="100" t="65" w="7" /><ent r="3" t="65" w="20" /><ent r="4" t="65" w="111" /><ent r="4" t="65" w="563" /><ent r="100" t="69" w="107" /><ent r="3" t="69" w="218" /><ent r="3" t="69" w="221" /><ent r="6" t="69" w="263" /><ent r="6" t="69" w="742" /><ent r="6" t="69" w="840" /><ent r="6" t="69" w="858" /><ent r="6" t="69" w="1338" /><ent r="3" t="69" w="1809" /><ent r="3" t="69" w="1815" /><ent r="6" t="69" w="1857" /><ent r="6" t="69" w="1867" /><ent r="6" t="69" w="2030" /><ent r="6" t="69" w="2051" /><ent r="6" t="69" w="2119" /><ent r="100" t="70" w="95" /><ent r="3" t="70" w="137" /><ent r="3" t="70" w="142" /><ent r="3" t="70" w="202" /><ent r="3" t="70" w="278" /><ent r="3" t="70" w="328" /><ent r="100" t="72" w="14" /><ent r="3" t="72" w="38" /></phr><phr n="URLs"><ent r="5" t="13" w="1269" /><ent r="3" t="13" w="1367" /><ent r="3" t="57" w="128" /><ent r="3" t="57" w="137" /><ent r="3" t="57" w="198" /><ent r="3" t="57" w="232" /><ent r="3" t="57" w="239" /><ent r="3" t="58" w="101" /><ent r="3" t="60" w="156" /><ent r="65" t="69" w="114" /><ent r="93" t="69" w="1775" /></phr></stem><stem n="_hint"><phr n="_hint"><ent r="100" t="5" w="579" /><ent r="6" t="5" w="582" /><ent r="6" t="5" w="620" /><ent r="6" t="5" w="643" /></phr></stem><stem n="url_hint"><phr n="Url_hint"><ent r="100" t="5" w="579" /><ent r="100" t="5" w="578" /></phr><phr n="url_hint"><ent r="6" t="5" w="582" /><ent r="6" t="5" w="581" /><ent r="6" t="5" w="620" /><ent r="6" t="5" w="619" /><ent r="6" t="5" w="643" /><ent r="6" t="5" w="642" /></phr></stem><stem n="hint"><phr n="hint"><ent r="100" t="5" w="579" /><ent r="6" t="5" w="582" /><ent r="6" t="5" w="620" /><ent r="6" t="5" w="643" /></phr></stem><stem n="assign"><phr n="Assign"><ent r="5" t="5" w="584" /><ent r="4" t="23" w="3001" /><ent r="4" t="23" w="3015" /></phr><phr n="assignments"><ent r="3" t="13" w="1838" /><ent r="3" t="36" w="1689" /></phr><phr n="assigns"><ent r="3" t="13" w="1899" /><ent r="3" t="27" w="154" /><ent r="3" t="31" w="267" /></phr><phr n="assign"><ent r="3" t="13" w="1923" /><ent r="3" t="13" w="1935" /><ent r="4" t="23" w="2856" /><ent r="3" t="25" w="829" /><ent r="3" t="25" w="1037" /></phr><phr n="assigned"><ent r="3" t="13" w="1961" /><ent r="3" t="13" w="2430" /><ent r="3" t="13" w="2512" /><ent r="3" t="20" w="154" /><ent r="3" t="23" w="913" /><ent r="6" t="23" w="2994" /></phr><phr n="assigning"><ent r="3" t="14" w="971" /></phr><phr n="Assignment"><ent r="4" t="23" w="322" /><ent r="3" t="36" w="1724" /></phr><phr n="assignment"><ent r="3" t="25" w="898" /><ent r="3" t="33" w="640" /></phr><phr n="Assigns"><ent r="4" t="36" w="763" /><ent r="3" t="36" w="1655" /></phr></stem><stem n="-click"><phr n="-click"><ent r="5" t="5" w="586" /><ent r="5" t="5" w="586" /><ent r="5" t="5" w="597" /><ent r="5" t="5" w="597" /><ent r="4" t="48" w="50" /><ent r="4" t="48" w="50" /><ent r="4" t="49" w="170" /><ent r="4" t="49" w="170" /><ent r="4" t="55" w="762" /><ent r="4" t="55" w="762" /></phr></stem><stem n="doubl"><phr n="double"><ent r="5" t="5" w="586" /><ent r="5" t="5" w="597" /><ent r="3" t="12" w="101" /><ent r="5" t="13" w="1396" /><ent r="4" t="17" w="386" /><ent r="4" t="23" w="126" /><ent r="4" t="23" w="245" /><ent r="4" t="23" w="254" /><ent r="3" t="23" w="961" /><ent r="4" t="34" w="485" /><ent r="4" t="65" w="118" /><ent r="4" t="65" w="293" /><ent r="3" t="68" w="27" /></phr><phr n="Double"><ent r="100" t="23" w="116" /><ent r="100" t="34" w="566" /><ent r="5" t="34" w="569" /><ent r="4" t="55" w="762" /></phr><phr n="DOUBLE"><ent r="3" t="23" w="947" /><ent r="3" t="23" w="950" /><ent r="3" t="23" w="955" /><ent r="4" t="28" w="809" /></phr></stem><stem n="double-click"><phr n="double-click"><ent r="5" t="5" w="586" /><ent r="5" t="5" w="597" /></phr><phr n="Double-click"><ent r="4" t="55" w="762" /></phr></stem><stem n="action"><phr n="action"><ent r="5" t="5" w="588" /><ent r="5" t="5" w="599" /><ent r="3" t="18" w="40" /><ent r="4" t="20" w="624" /><ent r="3" t="21" w="1016" /><ent r="3" t="31" w="189" /></phr><phr n="Action"><ent r="5" t="11" w="169" /></phr><phr n="actions"><ent r="3" t="20" w="786" /></phr></stem><stem n="(make"><phr n="(making"><ent r="5" t="5" w="592" /></phr></stem><stem n="-defin"><phr n="-defined"><ent r="5" t="5" w="595" /><ent r="5" t="5" w="595" /><ent r="4" t="8" w="108" /><ent r="4" t="8" w="108" /><ent r="4" t="8" w="668" /><ent r="4" t="8" w="668" /></phr></stem><stem n="pre"><phr n="pre"><ent r="5" t="5" w="595" /><ent r="4" t="8" w="108" /><ent r="4" t="8" w="668" /></phr></stem><stem n="pre-defin"><phr n="pre-defined"><ent r="5" t="5" w="595" /><ent r="4" t="8" w="108" /><ent r="4" t="8" w="668" /></phr></stem><stem n="-to-invok"><phr n="-to-invoke"><ent r="100" t="5" w="615" /><ent r="100" t="5" w="616" /></phr></stem><stem n="url-to"><phr n="Url-to"><ent r="100" t="5" w="615" /></phr><phr n="url-to"><ent r="6" t="5" w="621" /></phr></stem><stem n="url-to-invok"><phr n="Url-to-invoke"><ent r="100" t="5" w="615" /></phr><phr n="url-to-invoke"><ent r="6" t="5" w="621" /></phr></stem><stem n="to-invok"><phr n="to-invoke"><ent r="100" t="5" w="616" /><ent r="6" t="5" w="622" /></phr></stem><stem n="&quot;url-to-invoke&quot;"><phr n="&quot;url-to-invoke&quot;"><ent r="6" t="5" w="624" /></phr></stem><stem n="would"><phr n="would"><ent r="6" t="5" w="628" /><ent r="3" t="7" w="338" /><ent r="4" t="16" w="1209" /><ent r="4" t="16" w="1216" /><ent r="3" t="18" w="498" /><ent r="4" t="21" w="371" /><ent r="4" t="21" w="422" /><ent r="3" t="25" w="742" /><ent r="3" t="31" w="1165" /><ent r="3" t="32" w="294" /><ent r="3" t="36" w="4528" /><ent r="4" t="40" w="163" /><ent r="4" t="54" w="1238" /><ent r="3" t="57" w="172" /><ent r="3" t="63" w="362" /></phr></stem><stem n="browser"><phr n="browser"><ent r="6" t="5" w="632" /><ent r="4" t="11" w="535" /><ent r="4" t="58" w="158" /><ent r="3" t="58" w="212" /><ent r="3" t="64" w="132" /><ent r="6" t="69" w="765" /><ent r="6" t="69" w="1322" /></phr><phr n="browsers"><ent r="4" t="56" w="123" /></phr></stem><stem n="$"><phr n="$"><ent r="6" t="5" w="645" /><ent r="6" t="5" w="647" /><ent r="3" t="7" w="156" /><ent r="4" t="7" w="242" /><ent r="3" t="7" w="312" /><ent r="3" t="7" w="430" /><ent r="3" t="7" w="470" /><ent r="3" t="7" w="480" /><ent r="3" t="7" w="529" /><ent r="5" t="9" w="183" /><ent r="5" t="9" w="194" /><ent r="5" t="9" w="239" /><ent r="5" t="9" w="250" /><ent r="3" t="10" w="268" /><ent r="3" t="10" w="275" /><ent r="3" t="10" w="282" /><ent r="5" t="13" w="134" /><ent r="5" t="13" w="144" /><ent r="5" t="13" w="171" /><ent r="5" t="13" w="183" /><ent r="5" t="13" w="199" /><ent r="5" t="13" w="210" /><ent r="5" t="13" w="245" /><ent r="5" t="13" w="307" /><ent r="5" t="13" w="322" /><ent r="66" t="13" w="332" /><ent r="66" t="13" w="339" /><ent r="66" t="13" w="357" /><ent r="66" t="13" w="362" /><ent r="66" t="13" w="381" /><ent r="6" t="13" w="406" /><ent r="5" t="13" w="416" /><ent r="4" t="13" w="472" /><ent r="65" t="13" w="612" /><ent r="5" t="13" w="633" /><ent r="5" t="13" w="648" /><ent r="5" t="13" w="658" /><ent r="5" t="13" w="669" /><ent r="66" t="13" w="678" /><ent r="67" t="13" w="686" /><ent r="68" t="13" w="695" /><ent r="68" t="13" w="700" /><ent r="6" t="13" w="720" /><ent r="5" t="13" w="759" /><ent r="5" t="13" w="766" /><ent r="5" t="13" w="773" /><ent r="5" t="13" w="780" /><ent r="5" t="13" w="805" /><ent r="5" t="13" w="819" /><ent r="5" t="13" w="829" /><ent r="5" t="13" w="840" /><ent r="5" t="13" w="849" /><ent r="5" t="13" w="859" /><ent r="5" t="13" w="869" /><ent r="5" t="13" w="877" /><ent r="5" t="13" w="887" /><ent r="5" t="13" w="901" /><ent r="5" t="13" w="922" /><ent r="5" t="13" w="933" /><ent r="5" t="13" w="945" /><ent r="5" t="13" w="957" /><ent r="5" t="13" w="997" /><ent r="5" t="13" w="1011" /><ent r="5" t="13" w="1026" /><ent r="5" t="13" w="1040" /><ent r="5" t="13" w="1055" /><ent r="5" t="13" w="1066" /><ent r="5" t="13" w="1077" /><ent r="5" t="13" w="1094" /><ent r="5" t="13" w="1106" /><ent r="5" t="13" w="1123" /><ent r="5" t="13" w="1134" /><ent r="5" t="13" w="1148" /><ent r="5" t="13" w="1162" /><ent r="5" t="13" w="1181" /><ent r="5" t="13" w="1208" /><ent r="5" t="13" w="1221" /><ent r="5" t="13" w="1238" /><ent r="5" t="13" w="1254" /><ent r="5" t="13" w="1258" /><ent r="5" t="13" w="1283" /><ent r="5" t="13" w="1298" /><ent r="66" t="13" w="1308" /><ent r="68" t="13" w="1315" /><ent r="68" t="13" w="1320" /><ent r="5" t="13" w="1385" /><ent r="5" t="13" w="1402" /><ent r="5" t="13" w="1424" /><ent r="5" t="13" w="1444" /><ent r="82" t="13" w="1501" /><ent r="3" t="13" w="1507" /><ent r="3" t="13" w="1527" /><ent r="4" t="13" w="1542" /><ent r="3" t="13" w="1667" /><ent r="3" t="13" w="1673" /><ent r="3" t="13" w="1679" /><ent r="3" t="13" w="1689" /><ent r="3" t="13" w="1697" /><ent r="3" t="13" w="1710" /><ent r="3" t="13" w="1717" /><ent r="3" t="13" w="1726" /><ent r="82" t="13" w="1741" /><ent r="4" t="13" w="1748" /><ent r="3" t="13" w="1808" /><ent r="3" t="13" w="1815" /><ent r="3" t="13" w="1886" /><ent r="3" t="13" w="1888" /><ent r="3" t="13" w="1902" /><ent r="3" t="13" w="1907" /><ent r="3" t="13" w="1909" /><ent r="3" t="13" w="1917" /><ent r="3" t="13" w="1924" /><ent r="3" t="13" w="1926" /><ent r="3" t="13" w="1929" /><ent r="3" t="13" w="1931" /><ent r="3" t="13" w="1936" /><ent r="3" t="13" w="1938" /><ent r="3" t="13" w="1942" /><ent r="3" t="13" w="1954" /><ent r="3" t="13" w="1963" /><ent r="3" t="13" w="1972" /><ent r="3" t="13" w="1976" /><ent r="3" t="13" w="2005" /><ent r="3" t="13" w="2013" /><ent r="3" t="13" w="2015" /><ent r="82" t="13" w="2025" /><ent r="4" t="13" w="2044" /><ent r="3" t="13" w="2108" /><ent r="82" t="13" w="2113" /><ent r="82" t="13" w="2116" /><ent r="3" t="13" w="2122" /><ent r="3" t="13" w="2125" /><ent r="4" t="13" w="2159" /><ent r="4" t="13" w="2173" /><ent r="3" t="13" w="2201" /><ent r="3" t="13" w="2207" /><ent r="3" t="13" w="2212" /><ent r="3" t="13" w="2219" /><ent r="3" t="13" w="2227" /><ent r="3" t="13" w="2237" /><ent r="3" t="13" w="2245" /><ent r="82" t="13" w="2359" /><ent r="4" t="13" w="2405" /><ent r="4" t="13" w="2437" /><ent r="4" t="13" w="2465" /><ent r="3" t="14" w="676" /><ent r="3" t="14" w="692" /><ent r="3" t="14" w="1069" /><ent r="3" t="14" w="1076" /><ent r="3" t="14" w="1093" /><ent r="3" t="14" w="1098" /><ent r="3" t="14" w="1103" /><ent r="3" t="14" w="1108" /><ent r="3" t="14" w="1113" /><ent r="3" t="16" w="960" /><ent r="3" t="16" w="1460" /><ent r="4" t="16" w="1602" /><ent r="4" t="16" w="1607" /><ent r="4" t="16" w="1611" /><ent r="4" t="16" w="1615" /><ent r="4" t="16" w="1618" /><ent r="3" t="17" w="150" /><ent r="3" t="17" w="156" /><ent r="3" t="17" w="163" /><ent r="3" t="17" w="172" /><ent r="3" t="17" w="177" /><ent r="3" t="17" w="185" /><ent r="3" t="17" w="190" /><ent r="3" t="17" w="195" /><ent r="5" t="17" w="396" /><ent r="3" t="18" w="1845" /><ent r="3" t="19" w="169" /><ent r="3" t="19" w="176" /><ent r="3" t="19" w="183" /><ent r="5" t="21" w="321" /><ent r="4" t="21" w="352" /><ent r="5" t="21" w="366" /><ent r="5" t="21" w="385" /><ent r="5" t="21" w="416" /><ent r="3" t="21" w="1429" /><ent r="3" t="21" w="1438" /><ent r="3" t="21" w="1455" /><ent r="3" t="21" w="1494" /><ent r="3" t="21" w="1529" /><ent r="3" t="21" w="1554" /><ent r="3" t="21" w="1562" /><ent r="3" t="21" w="1570" /><ent r="4" t="23" w="196" /><ent r="3" t="23" w="2821" /><ent r="3" t="23" w="2826" /><ent r="3" t="23" w="2831" /><ent r="6" t="23" w="2959" /><ent r="6" t="23" w="2961" /><ent r="6" t="23" w="2963" /><ent r="6" t="23" w="2971" /><ent r="6" t="23" w="2983" /><ent r="6" t="23" w="2998" /><ent r="4" t="23" w="3012" /><ent r="4" t="23" w="3026" /><ent r="4" t="28" w="346" /><ent r="3" t="33" w="524" /><ent r="3" t="33" w="573" /><ent r="3" t="33" w="586" /><ent r="3" t="33" w="588" /><ent r="3" t="33" w="914" /><ent r="3" t="33" w="981" /><ent r="3" t="33" w="983" /><ent r="3" t="33" w="992" /><ent r="3" t="33" w="1003" /><ent r="4" t="34" w="823" /><ent r="4" t="34" w="828" /><ent r="3" t="34" w="936" /><ent r="3" t="34" w="951" /><ent r="3" t="34" w="966" /><ent r="3" t="34" w="1271" /><ent r="4" t="34" w="1333" /><ent r="3" t="34" w="1366" /><ent r="3" t="34" w="1369" /><ent r="6" t="34" w="1406" /><ent r="6" t="34" w="1422" /><ent r="6" t="34" w="1442" /><ent r="5" t="36" w="773" /><ent r="4" t="36" w="1031" /><ent r="3" t="36" w="1130" /><ent r="3" t="36" w="1134" /><ent r="4" t="36" w="1663" /><ent r="3" t="36" w="1762" /><ent r="4" t="36" w="1797" /><ent r="5" t="36" w="2689" /><ent r="5" t="36" w="2691" /><ent r="5" t="36" w="2706" /><ent r="5" t="36" w="2713" /><ent r="3" t="36" w="2788" /><ent r="3" t="36" w="2790" /><ent r="4" t="36" w="2805" /><ent r="4" t="36" w="2813" /><ent r="4" t="36" w="2837" /><ent r="5" t="36" w="3044" /><ent r="5" t="36" w="3046" /><ent r="5" t="36" w="3061" /><ent r="5" t="36" w="3069" /><ent r="5" t="36" w="3119" /><ent r="5" t="36" w="3140" /><ent r="4" t="36" w="3492" /><ent r="5" t="36" w="3526" /><ent r="3" t="36" w="3905" /><ent r="3" t="36" w="3925" /><ent r="3" t="36" w="3994" /><ent r="3" t="36" w="3996" /><ent r="3" t="36" w="4023" /><ent r="3" t="36" w="4041" /><ent r="3" t="36" w="4069" /><ent r="3" t="36" w="4082" /><ent r="3" t="36" w="4097" /><ent r="3" t="36" w="4326" /><ent r="3" t="36" w="4471" /><ent r="3" t="36" w="4489" /><ent r="3" t="36" w="4623" /><ent r="6" t="37" w="105" /><ent r="6" t="37" w="121" /><ent r="5" t="37" w="183" /><ent r="4" t="37" w="268" /><ent r="4" t="37" w="273" /><ent r="3" t="38" w="458" /><ent r="3" t="38" w="470" /><ent r="3" t="38" w="491" /><ent r="3" t="38" w="505" /><ent r="3" t="38" w="509" /><ent r="3" t="38" w="523" /><ent r="3" t="38" w="527" /><ent r="3" t="38" w="541" /><ent r="3" t="38" w="545" /><ent r="3" t="38" w="559" /><ent r="3" t="38" w="577" /><ent r="3" t="38" w="583" /><ent r="3" t="38" w="615" /><ent r="3" t="38" w="625" /><ent r="3" t="39" w="869" /><ent r="65" t="39" w="879" /><ent r="3" t="39" w="1119" /><ent r="4" t="39" w="1136" /><ent r="3" t="39" w="1166" /><ent r="5" t="40" w="359" /><ent r="3" t="40" w="399" /><ent r="3" t="40" w="419" /><ent r="3" t="40" w="524" /><ent r="3" t="40" w="526" /><ent r="3" t="41" w="99" /><ent r="4" t="41" w="111" /><ent r="3" t="42" w="240" /><ent r="3" t="42" w="245" /><ent r="3" t="42" w="510" /><ent r="3" t="42" w="516" /><ent r="3" t="42" w="518" /><ent r="3" t="42" w="543" /><ent r="3" t="42" w="548" /><ent r="3" t="42" w="553" /><ent r="3" t="42" w="558" /><ent r="3" t="42" w="563" /><ent r="3" t="42" w="774" /><ent r="3" t="42" w="780" /><ent r="3" t="42" w="783" /><ent r="3" t="42" w="799" /><ent r="3" t="42" w="804" /><ent r="3" t="42" w="809" /><ent r="3" t="42" w="814" /><ent r="3" t="42" w="819" /><ent r="3" t="42" w="828" /><ent r="3" t="43" w="51" /><ent r="3" t="44" w="42" /><ent r="3" t="44" w="46" /><ent r="3" t="44" w="48" /><ent r="3" t="44" w="176" /><ent r="3" t="44" w="184" /><ent r="3" t="44" w="189" /><ent r="3" t="44" w="194" /><ent r="3" t="44" w="213" /><ent r="4" t="45" w="143" /><ent r="3" t="45" w="294" /><ent r="3" t="45" w="378" /><ent r="3" t="45" w="382" /><ent r="3" t="45" w="391" /><ent r="3" t="45" w="396" /><ent r="3" t="45" w="401" /><ent r="3" t="45" w="406" /><ent r="3" t="46" w="102" /><ent r="3" t="46" w="105" /><ent r="4" t="46" w="336" /><ent r="4" t="46" w="339" /><ent r="3" t="46" w="679" /><ent r="4" t="46" w="892" /><ent r="3" t="47" w="125" /><ent r="3" t="47" w="136" /><ent r="3" t="47" w="192" /><ent r="3" t="47" w="214" /><ent r="3" t="47" w="231" /><ent r="3" t="47" w="236" /><ent r="3" t="47" w="241" /><ent r="3" t="47" w="246" /><ent r="3" t="47" w="260" /><ent r="3" t="47" w="263" /><ent r="4" t="48" w="180" /><ent r="5" t="48" w="211" /><ent r="3" t="48" w="600" /><ent r="3" t="48" w="606" /><ent r="3" t="48" w="625" /><ent r="3" t="48" w="630" /><ent r="3" t="48" w="635" /><ent r="3" t="48" w="640" /><ent r="3" t="48" w="645" /><ent r="64" t="48" w="949" /><ent r="3" t="55" w="534" /><ent r="3" t="57" w="483" /><ent r="3" t="58" w="400" /><ent r="3" t="60" w="519" /><ent r="3" t="60" w="560" /><ent r="3" t="60" w="585" /><ent r="3" t="60" w="595" /><ent r="3" t="60" w="613" /><ent r="3" t="60" w="681" /><ent r="3" t="60" w="707" /><ent r="3" t="60" w="760" /><ent r="3" t="60" w="813" /><ent r="3" t="60" w="823" /><ent r="3" t="60" w="828" /><ent r="4" t="65" w="189" /><ent r="3" t="65" w="264" /><ent r="4" t="65" w="331" /><ent r="3" t="66" w="140" /><ent r="3" t="66" w="147" /><ent r="3" t="66" w="153" /><ent r="5" t="66" w="171" /><ent r="5" t="66" w="187" /><ent r="5" t="66" w="212" /><ent r="5" t="66" w="249" /><ent r="4" t="69" w="22" /><ent r="7" t="69" w="139" /><ent r="100" t="69" w="185" /><ent r="4" t="69" w="188" /><ent r="7" t="69" w="242" /><ent r="7" t="69" w="267" /><ent r="7" t="69" w="293" /><ent r="7" t="69" w="306" /><ent r="8" t="69" w="310" /><ent r="8" t="69" w="320" /><ent r="8" t="69" w="334" /><ent r="7" t="69" w="345" /><ent r="7" t="69" w="373" /><ent r="7" t="69" w="405" /><ent r="7" t="69" w="426" /><ent r="7" t="69" w="445" /><ent r="7" t="69" w="462" /><ent r="7" t="69" w="480" /><ent r="7" t="69" w="539" /><ent r="7" t="69" w="554" /><ent r="7" t="69" w="569" /><ent r="7" t="69" w="602" /><ent r="7" t="69" w="607" /><ent r="7" t="69" w="629" /><ent r="7" t="69" w="655" /><ent r="7" t="69" w="671" /><ent r="7" t="69" w="685" /><ent r="7" t="69" w="698" /><ent r="7" t="69" w="754" /><ent r="7" t="69" w="769" /><ent r="7" t="69" w="780" /><ent r="7" t="69" w="791" /><ent r="7" t="69" w="798" /><ent r="7" t="69" w="807" /><ent r="7" t="69" w="833" /><ent r="7" t="69" w="851" /><ent r="7" t="69" w="868" /><ent r="7" t="69" w="879" /><ent r="7" t="69" w="908" /><ent r="7" t="69" w="942" /><ent r="7" t="69" w="989" /><ent r="7" t="69" w="1004" /><ent r="7" t="69" w="1017" /><ent r="7" t="69" w="1038" /><ent r="7" t="69" w="1072" /><ent r="7" t="69" w="1091" /><ent r="7" t="69" w="1107" /><ent r="7" t="69" w="1161" /><ent r="7" t="69" w="1185" /><ent r="7" t="69" w="1256" /><ent r="7" t="69" w="1276" /><ent r="7" t="69" w="1308" /><ent r="7" t="69" w="1310" /><ent r="7" t="69" w="1345" /><ent r="7" t="69" w="1347" /><ent r="7" t="69" w="1349" /><ent r="7" t="69" w="1358" /><ent r="7" t="69" w="1362" /><ent r="7" t="69" w="1394" /><ent r="7" t="69" w="1458" /><ent r="7" t="69" w="1463" /><ent r="7" t="69" w="1465" /><ent r="7" t="69" w="1512" /><ent r="7" t="69" w="1517" /><ent r="7" t="69" w="1551" /><ent r="7" t="69" w="1553" /><ent r="7" t="69" w="1648" /><ent r="7" t="69" w="1685" /><ent r="7" t="69" w="1701" /><ent r="7" t="69" w="1724" /><ent r="6" t="69" w="1731" /><ent r="6" t="69" w="1750" /><ent r="7" t="69" w="1852" /><ent r="7" t="69" w="1872" /><ent r="7" t="69" w="1894" /><ent r="7" t="69" w="1910" /><ent r="7" t="69" w="1917" /><ent r="7" t="69" w="1937" /><ent r="7" t="69" w="1956" /><ent r="7" t="69" w="1972" /><ent r="7" t="69" w="1979" /><ent r="7" t="69" w="1983" /><ent r="7" t="69" w="1987" /><ent r="7" t="69" w="2002" /><ent r="6" t="69" w="2063" /><ent r="6" t="69" w="2069" /><ent r="6" t="69" w="2075" /><ent r="7" t="69" w="2086" /><ent r="7" t="69" w="2131" /><ent r="7" t="69" w="2143" /><ent r="7" t="69" w="2150" /><ent r="7" t="69" w="2157" /><ent r="7" t="69" w="2164" /><ent r="7" t="69" w="2171" /><ent r="7" t="69" w="2175" /><ent r="7" t="69" w="2201" /><ent r="7" t="69" w="2228" /><ent r="7" t="69" w="2255" /><ent r="7" t="69" w="2281" /><ent r="7" t="69" w="2308" /><ent r="7" t="69" w="2340" /><ent r="7" t="69" w="2344" /><ent r="7" t="69" w="2363" /><ent r="7" t="69" w="2386" /><ent r="7" t="69" w="2393" /><ent r="6" t="69" w="2401" /><ent r="6" t="69" w="2409" /><ent r="6" t="69" w="2416" /><ent r="6" t="69" w="2418" /><ent r="6" t="69" w="2424" /><ent r="6" t="69" w="2426" /><ent r="6" t="69" w="2430" /><ent r="6" t="69" w="2445" /><ent r="6" t="69" w="2459" /><ent r="4" t="70" w="245" /></phr></stem><stem n="&quot;http://${address}:${port}&quot;"><phr n="&quot;http://${address}:${port}&quot;"><ent r="6" t="5" w="649" /></phr></stem><stem n="poll"><phr n="poll"><ent r="5" t="5" w="652" /><ent r="6" t="5" w="660" /><ent r="6" t="5" w="697" /><ent r="6" t="5" w="705" /><ent r="6" t="5" w="709" /><ent r="6" t="5" w="852" /><ent r="6" t="5" w="866" /><ent r="4" t="21" w="669" /><ent r="3" t="27" w="267" /><ent r="3" t="27" w="275" /><ent r="3" t="31" w="181" /></phr><phr n="polling"><ent r="6" t="5" w="683" /><ent r="3" t="15" w="759" /><ent r="3" t="18" w="74" /><ent r="3" t="27" w="281" /><ent r="3" t="27" w="342" /><ent r="4" t="37" w="380" /><ent r="4" t="37" w="419" /></phr><phr n="polled"><ent r="6" t="5" w="691" /><ent r="3" t="16" w="1484" /><ent r="3" t="28" w="156" /></phr><phr n="polls"><ent r="3" t="14" w="30" /><ent r="4" t="15" w="126" /><ent r="4" t="15" w="162" /><ent r="3" t="27" w="233" /></phr></stem><stem n="_interv"><phr n="_interval"><ent r="5" t="5" w="653" /><ent r="6" t="5" w="706" /><ent r="6" t="5" w="710" /></phr></stem><stem n="poll_interv"><phr n="poll_interval"><ent r="5" t="5" w="653" /><ent r="5" t="5" w="652" /><ent r="6" t="5" w="706" /><ent r="6" t="5" w="705" /><ent r="6" t="5" w="710" /><ent r="6" t="5" w="709" /></phr></stem><stem n="interv"><phr n="interval"><ent r="5" t="5" w="653" /><ent r="6" t="5" w="661" /><ent r="6" t="5" w="698" /><ent r="6" t="5" w="706" /><ent r="6" t="5" w="710" /><ent r="6" t="37" w="103" /><ent r="6" t="37" w="119" /><ent r="65" t="69" w="102" /><ent r="93" t="69" w="1613" /><ent r="3" t="69" w="1632" /></phr><phr n="intervals"><ent r="3" t="37" w="155" /></phr></stem><stem n="default"><phr n="default"><ent r="6" t="5" w="659" /><ent r="6" t="5" w="673" /><ent r="6" t="5" w="1118" /><ent r="3" t="8" w="31" /><ent r="3" t="8" w="255" /><ent r="3" t="10" w="38" /><ent r="3" t="10" w="174" /><ent r="3" t="14" w="427" /><ent r="3" t="14" w="974" /><ent r="4" t="16" w="843" /><ent r="4" t="16" w="1002" /><ent r="4" t="16" w="1144" /><ent r="3" t="17" w="366" /><ent r="3" t="18" w="1822" /><ent r="3" t="19" w="75" /><ent r="3" t="19" w="272" /><ent r="3" t="23" w="1382" /><ent r="4" t="24" w="234" /><ent r="4" t="24" w="301" /><ent r="3" t="26" w="317" /><ent r="4" t="34" w="663" /><ent r="4" t="34" w="1105" /><ent r="4" t="34" w="1298" /><ent r="4" t="36" w="2180" /><ent r="3" t="36" w="2945" /><ent r="3" t="36" w="3736" /><ent r="3" t="36" w="3881" /><ent r="3" t="36" w="4109" /><ent r="3" t="36" w="4132" /><ent r="4" t="54" w="281" /><ent r="4" t="54" w="300" /><ent r="4" t="54" w="317" /><ent r="4" t="60" w="421" /><ent r="3" t="64" w="31" /><ent r="4" t="65" w="555" /><ent r="7" t="67" w="432" /><ent r="6" t="67" w="645" /><ent r="6" t="69" w="1143" /><ent r="3" t="70" w="135" /><ent r="3" t="70" w="366" /><ent r="3" t="70" w="416" /></phr><phr n="Default"><ent r="3" t="7" w="387" /><ent r="3" t="7" w="513" /><ent r="100" t="16" w="251" /><ent r="7" t="16" w="279" /><ent r="100" t="34" w="1079" /><ent r="82" t="34" w="1085" /><ent r="3" t="57" w="422" /><ent r="3" t="57" w="436" /><ent r="100" t="70" w="401" /><ent r="3" t="70" w="404" /></phr><phr n="DEFAULT"><ent r="3" t="14" w="471" /><ent r="3" t="15" w="670" /><ent r="3" t="15" w="687" /><ent r="100" t="16" w="249" /><ent r="6" t="16" w="301" /><ent r="7" t="16" w="631" /><ent r="6" t="16" w="657" /><ent r="3" t="16" w="920" /><ent r="3" t="16" w="924" /><ent r="3" t="16" w="944" /><ent r="3" t="16" w="954" /><ent r="3" t="16" w="1454" /><ent r="4" t="16" w="1725" /><ent r="3" t="16" w="1806" /><ent r="3" t="16" w="1812" /><ent r="3" t="18" w="592" /><ent r="3" t="18" w="614" /><ent r="3" t="18" w="657" /><ent r="3" t="18" w="698" /><ent r="3" t="18" w="1053" /><ent r="3" t="18" w="1061" /><ent r="3" t="18" w="1068" /><ent r="3" t="18" w="1079" /><ent r="3" t="18" w="1097" /><ent r="3" t="18" w="1105" /><ent r="3" t="18" w="1131" /><ent r="3" t="18" w="1343" /><ent r="3" t="18" w="1351" /><ent r="3" t="18" w="1647" /><ent r="3" t="18" w="1678" /><ent r="3" t="18" w="1688" /><ent r="3" t="23" w="2808" /><ent r="3" t="25" w="519" /><ent r="3" t="26" w="361" /><ent r="3" t="26" w="390" /><ent r="4" t="76" w="92" /></phr><phr n="defaults"><ent r="3" t="23" w="1655" /></phr><phr n="Defaults"><ent r="3" t="60" w="284" /><ent r="3" t="60" w="357" /></phr></stem><stem n="indic"><phr n="indicated"><ent r="6" t="5" w="664" /><ent r="4" t="36" w="653" /><ent r="4" t="36" w="692" /><ent r="3" t="36" w="954" /><ent r="3" t="36" w="2776" /><ent r="3" t="36" w="3032" /><ent r="3" t="41" w="97" /><ent r="3" t="48" w="136" /></phr><phr n="indices"><ent r="6" t="5" w="953" /></phr><phr n="indicate"><ent r="6" t="5" w="1135" /><ent r="4" t="16" w="1381" /><ent r="3" t="20" w="335" /><ent r="3" t="20" w="392" /><ent r="3" t="21" w="903" /><ent r="3" t="23" w="71" /><ent r="4" t="34" w="767" /><ent r="4" t="34" w="793" /><ent r="3" t="36" w="4529" /><ent r="4" t="39" w="673" /><ent r="3" t="40" w="423" /><ent r="3" t="41" w="33" /><ent r="3" t="41" w="62" /></phr><phr n="indicator"><ent r="3" t="12" w="117" /></phr><phr n="indicates"><ent r="4" t="13" w="1583" /><ent r="4" t="18" w="793" /><ent r="4" t="23" w="2242" /><ent r="6" t="23" w="2885" /><ent r="6" t="23" w="2973" /><ent r="4" t="36" w="1015" /><ent r="3" t="36" w="4218" /><ent r="3" t="38" w="243" /><ent r="3" t="53" w="565" /><ent r="4" t="54" w="183" /><ent r="4" t="54" w="230" /><ent r="4" t="54" w="343" /><ent r="4" t="54" w="1247" /></phr><phr n="indicating"><ent r="4" t="16" w="1116" /><ent r="3" t="55" w="367" /><ent r="3" t="55" w="418" /></phr><phr n="indication"><ent r="3" t="36" w="1610" /></phr><phr n="Indicates"><ent r="100" t="54" w="30" /><ent r="100" t="54" w="181" /></phr></stem></index>