<?xml version="1.0" encoding="utf-8"?><index><stem n="menu"><phr n="menu"><ent r="3" t="4" w="112" /><ent r="4" t="7" w="196" /><ent r="3" t="7" w="361" /><ent r="4" t="49" w="68" /><ent r="3" t="54" w="55" /><ent r="3" t="54" w="706" /><ent r="3" t="54" w="709" /><ent r="3" t="58" w="45" /><ent r="3" t="58" w="384" /><ent r="100" t="64" w="346" /><ent r="4" t="64" w="351" /></phr></stem><stem n="version"><phr n="version"><ent r="3" t="4" w="115" /><ent r="6" t="5" w="455" /><ent r="5" t="5" w="473" /><ent r="3" t="5" w="769" /><ent r="5" t="13" w="875" /><ent r="5" t="13" w="1067" /><ent r="5" t="13" w="1070" /><ent r="3" t="14" w="85" /><ent r="3" t="14" w="170" /><ent r="3" t="14" w="796" /><ent r="4" t="18" w="169" /><ent r="3" t="19" w="317" /><ent r="3" t="19" w="340" /><ent r="3" t="21" w="1294" /><ent r="3" t="26" w="108" /><ent r="4" t="28" w="381" /><ent r="3" t="31" w="58" /><ent r="3" t="31" w="135" /><ent r="3" t="32" w="155" /><ent r="3" t="38" w="147" /><ent r="3" t="39" w="554" /><ent r="3" t="39" w="560" /><ent r="3" t="42" w="464" /><ent r="3" t="42" w="723" /><ent r="3" t="44" w="118" /><ent r="3" t="45" w="53" /><ent r="3" t="45" w="251" /><ent r="3" t="45" w="314" /><ent r="3" t="47" w="44" /><ent r="3" t="48" w="527" /><ent r="3" t="50" w="79" /><ent r="3" t="50" w="85" /><ent r="5" t="50" w="95" /><ent r="3" t="50" w="123" /><ent r="3" t="50" w="133" /><ent r="4" t="54" w="164" /><ent r="3" t="55" w="188" /><ent r="3" t="55" w="334" /><ent r="4" t="60" w="406" /><ent r="4" t="60" w="417" /><ent r="4" t="60" w="437" /><ent r="3" t="60" w="753" /><ent r="7" t="67" w="315" /><ent r="7" t="67" w="334" /><ent r="7" t="67" w="336" /><ent r="7" t="67" w="343" /><ent r="7" t="67" w="375" /><ent r="7" t="67" w="441" /><ent r="8" t="67" w="463" /><ent r="7" t="67" w="493" /><ent r="8" t="67" w="502" /><ent r="8" t="67" w="588" /><ent r="6" t="67" w="618" /><ent r="7" t="67" w="635" /><ent r="6" t="67" w="646" /><ent r="6" t="69" w="665" /><ent r="7" t="69" w="781" /><ent r="6" t="69" w="784" /><ent r="3" t="74" w="26" /></phr><phr n="Version"><ent r="3" t="28" w="692" /><ent r="3" t="31" w="1316" /><ent r="3" t="48" w="780" /><ent r="6" t="67" w="602" /><ent r="3" t="74" w="43" /><ent r="3" t="74" w="49" /></phr><phr n="versions"><ent r="3" t="65" w="683" /><ent r="6" t="67" w="330" /></phr></stem><stem n="system"><phr n="system"><ent r="3" t="4" w="117" /><ent r="4" t="18" w="165" /><ent r="3" t="23" w="1843" /><ent r="3" t="23" w="2809" /><ent r="3" t="25" w="127" /><ent r="3" t="25" w="166" /><ent r="3" t="25" w="339" /><ent r="3" t="25" w="342" /><ent r="3" t="25" w="353" /><ent r="3" t="25" w="382" /><ent r="3" t="25" w="389" /><ent r="3" t="25" w="421" /><ent r="3" t="33" w="377" /><ent r="4" t="39" w="662" /><ent r="4" t="40" w="146" /><ent r="3" t="45" w="65" /><ent r="3" t="56" w="180" /></phr><phr n="systems"><ent r="3" t="11" w="124" /><ent r="3" t="39" w="1207" /><ent r="3" t="39" w="1219" /><ent r="4" t="40" w="191" /><ent r="3" t="40" w="446" /><ent r="3" t="40" w="458" /><ent r="3" t="45" w="44" /><ent r="4" t="48" w="262" /></phr><phr n="System"><ent r="3" t="28" w="915" /></phr></stem><stem n="&lt;description&gt;"><phr n="&lt;description&gt;"><ent r="64" t="4" w="120" /><ent r="4" t="4" w="125" /><ent r="1000" t="6" w="2" /><ent r="102" t="6" w="12" /><ent r="3" t="6" w="59" /><ent r="3" t="14" w="207" /><ent r="3" t="14" w="240" /><ent r="3" t="14" w="812" /><ent r="66" t="15" w="306" /><ent r="3" t="19" w="368" /><ent r="3" t="21" w="1309" /><ent r="3" t="26" w="140" /><ent r="3" t="31" w="152" /><ent r="66" t="33" w="212" /><ent r="3" t="38" w="166" /><ent r="66" t="39" w="148" /><ent r="3" t="42" w="478" /><ent r="3" t="42" w="740" /><ent r="3" t="44" w="126" /><ent r="3" t="45" w="328" /><ent r="3" t="47" w="60" /><ent r="3" t="48" w="543" /></phr></stem><stem n="help"><phr n="help"><ent r="3" t="4" w="130" /><ent r="4" t="15" w="311" /><ent r="3" t="16" w="1588" /><ent r="4" t="33" w="217" /><ent r="4" t="39" w="153" /><ent r="3" t="52" w="48" /><ent r="3" t="54" w="1278" /><ent r="3" t="54" w="1280" /></phr><phr n="helps"><ent r="5" t="5" w="441" /></phr><phr n="Help"><ent r="3" t="54" w="705" /><ent r="5" t="54" w="717" /><ent r="72" t="54" w="1259" /></phr></stem><stem n="typic"><phr n="typically"><ent r="3" t="4" w="140" /></phr><phr n="Typically"><ent r="6" t="5" w="245" /></phr></stem><stem n="paramet"><phr n="parameters"><ent r="3" t="4" w="152" /><ent r="3" t="4" w="178" /><ent r="4" t="5" w="844" /><ent r="3" t="7" w="23" /><ent r="3" t="7" w="25" /><ent r="3" t="7" w="110" /><ent r="3" t="7" w="257" /><ent r="4" t="7" w="269" /><ent r="3" t="13" w="482" /><ent r="3" t="13" w="1575" /><ent r="3" t="14" w="1052" /><ent r="3" t="18" w="1549" /><ent r="4" t="21" w="210" /><ent r="3" t="31" w="1122" /><ent r="3" t="36" w="1254" /><ent r="3" t="36" w="2981" /><ent r="3" t="36" w="3855" /><ent r="3" t="38" w="209" /><ent r="3" t="39" w="597" /><ent r="92" t="39" w="1097" /><ent r="3" t="39" w="1177" /><ent r="3" t="39" w="1187" /><ent r="3" t="46" w="97" /><ent r="4" t="65" w="184" /><ent r="6" t="69" w="1324" /><ent r="6" t="69" w="1335" /><ent r="6" t="69" w="2093" /><ent r="6" t="69" w="2107" /><ent r="3" t="72" w="35" /></phr><phr n="Parameters"><ent r="100" t="7" w="6" /><ent r="7" t="7" w="609" /><ent r="3" t="14" w="412" /><ent r="3" t="26" w="303" /></phr><phr n="parameter"><ent r="4" t="7" w="59" /><ent r="3" t="7" w="80" /><ent r="3" t="7" w="82" /><ent r="3" t="7" w="89" /><ent r="3" t="7" w="137" /><ent r="3" t="7" w="290" /><ent r="3" t="7" w="337" /><ent r="3" t="7" w="355" /><ent r="3" t="7" w="423" /><ent r="3" t="7" w="522" /><ent r="3" t="7" w="566" /><ent r="3" t="14" w="1215" /><ent r="3" t="14" w="1278" /><ent r="3" t="33" w="970" /><ent r="4" t="36" w="387" /><ent r="3" t="36" w="1185" /><ent r="3" t="36" w="1294" /><ent r="3" t="36" w="1465" /><ent r="3" t="36" w="1521" /><ent r="4" t="36" w="1914" /><ent r="3" t="36" w="2921" /><ent r="3" t="36" w="2942" /><ent r="3" t="36" w="2958" /><ent r="3" t="36" w="3794" /><ent r="3" t="39" w="1116" /><ent r="3" t="39" w="1141" /><ent r="3" t="42" w="402" /><ent r="3" t="47" w="109" /><ent r="6" t="69" w="1216" /><ent r="6" t="69" w="1239" /><ent r="6" t="69" w="2012" /><ent r="6" t="69" w="2018" /><ent r="6" t="69" w="2040" /><ent r="6" t="69" w="2081" /><ent r="6" t="69" w="2185" /><ent r="6" t="69" w="2211" /><ent r="6" t="69" w="2238" /><ent r="6" t="69" w="2265" /><ent r="6" t="69" w="2292" /><ent r="6" t="69" w="2357" /></phr><phr n="Parameter"><ent r="100" t="7" w="549" /><ent r="92" t="7" w="553" /><ent r="4" t="36" w="3701" /><ent r="4" t="36" w="3743" /><ent r="4" t="36" w="3811" /></phr></stem><stem n="descript"><phr n="description"><ent r="3" t="4" w="155" /><ent r="3" t="5" w="23" /><ent r="3" t="6" w="34" /><ent r="3" t="6" w="49" /><ent r="3" t="6" w="64" /><ent r="3" t="6" w="85" /><ent r="4" t="6" w="96" /><ent r="3" t="11" w="23" /><ent r="3" t="11" w="70" /><ent r="3" t="11" w="351" /><ent r="5" t="13" w="778" /><ent r="3" t="14" w="475" /><ent r="4" t="15" w="322" /><ent r="3" t="15" w="599" /><ent r="4" t="16" w="777" /><ent r="4" t="16" w="808" /><ent r="4" t="16" w="824" /><ent r="4" t="18" w="166" /><ent r="4" t="18" w="807" /><ent r="4" t="20" w="886" /><ent r="3" t="23" w="2810" /><ent r="3" t="26" w="365" /><ent r="3" t="31" w="100" /><ent r="3" t="31" w="112" /><ent r="4" t="33" w="228" /><ent r="3" t="34" w="310" /><ent r="4" t="39" w="164" /><ent r="4" t="46" w="547" /></phr><phr n="Description"><ent r="100" t="6" w="7" /><ent r="100" t="6" w="9" /><ent r="3" t="6" w="20" /><ent r="7" t="8" w="391" /><ent r="5" t="13" w="132" /><ent r="5" t="13" w="305" /><ent r="5" t="13" w="631" /><ent r="5" t="13" w="757" /><ent r="5" t="13" w="803" /><ent r="5" t="13" w="995" /><ent r="5" t="13" w="1281" /><ent r="5" t="13" w="1383" /><ent r="3" t="18" w="306" /><ent r="3" t="18" w="615" /><ent r="3" t="18" w="1062" /><ent r="5" t="20" w="166" /><ent r="65" t="21" w="442" /><ent r="6" t="23" w="2524" /></phr><phr n="Descriptions"><ent r="100" t="23" w="879" /><ent r="92" t="23" w="882" /></phr><phr n="descriptions"><ent r="3" t="28" w="772" /><ent r="3" t="32" w="135" /><ent r="3" t="45" w="280" /><ent r="3" t="58" w="83" /></phr><phr n="DESCRIPTION"><ent r="3" t="32" w="119" /><ent r="3" t="32" w="133" /><ent r="3" t="32" w="146" /><ent r="3" t="32" w="153" /><ent r="3" t="32" w="186" /><ent r="3" t="32" w="219" /><ent r="3" t="32" w="251" /><ent r="3" t="32" w="286" /><ent r="3" t="32" w="317" /><ent r="3" t="32" w="342" /><ent r="3" t="32" w="378" /><ent r="3" t="32" w="409" /></phr></stem><stem n="imml"><phr n="IMML"><ent r="3" t="4" w="157" /><ent r="3" t="4" w="222" /><ent r="4" t="4" w="578" /><ent r="3" t="6" w="69" /><ent r="3" t="10" w="96" /><ent r="3" t="10" w="206" /><ent r="3" t="10" w="243" /><ent r="1000" t="11" w="1" /><ent r="102" t="11" w="6" /><ent r="3" t="11" w="34" /><ent r="3" t="11" w="39" /><ent r="4" t="15" w="324" /><ent r="3" t="19" w="107" /><ent r="3" t="19" w="144" /><ent r="4" t="33" w="230" /><ent r="4" t="33" w="359" /><ent r="3" t="35" w="43" /><ent r="4" t="39" w="166" /><ent r="3" t="43" w="77" /></phr></stem><stem n="markup"><phr n="Markup"><ent r="64" t="4" w="161" /><ent r="64" t="4" w="226" /><ent r="65" t="4" w="582" /><ent r="64" t="6" w="73" /><ent r="64" t="10" w="100" /><ent r="64" t="10" w="210" /><ent r="1000" t="11" w="3" /><ent r="102" t="11" w="8" /><ent r="100" t="11" w="11" /><ent r="82" t="11" w="127" /><ent r="100" t="11" w="158" /><ent r="82" t="11" w="162" /><ent r="65" t="15" w="328" /><ent r="64" t="19" w="111" /><ent r="65" t="33" w="234" /><ent r="65" t="33" w="363" /><ent r="64" t="35" w="47" /><ent r="65" t="39" w="170" /></phr><phr n="markup"><ent r="3" t="11" w="37" /><ent r="3" t="11" w="52" /><ent r="3" t="11" w="82" /><ent r="4" t="11" w="133" /><ent r="4" t="11" w="144" /><ent r="4" t="11" w="155" /><ent r="4" t="21" w="434" /><ent r="64" t="43" w="81" /><ent r="3" t="65" w="51" /></phr></stem><stem n="&lt;parameters&gt;"><phr n="&lt;parameters&gt;"><ent r="64" t="4" w="166" /><ent r="4" t="4" w="171" /><ent r="1000" t="7" w="2" /><ent r="102" t="7" w="9" /><ent r="3" t="7" w="78" /><ent r="3" t="7" w="590" /><ent r="3" t="14" w="444" /><ent r="3" t="14" w="1048" /><ent r="66" t="15" w="334" /><ent r="4" t="16" w="1173" /><ent r="3" t="19" w="391" /><ent r="4" t="21" w="179" /><ent r="3" t="26" w="333" /><ent r="3" t="31" w="1138" /><ent r="66" t="33" w="240" /><ent r="3" t="38" w="427" /><ent r="66" t="39" w="176" /><ent r="3" t="39" w="1145" /><ent r="3" t="42" w="501" /><ent r="3" t="42" w="759" /><ent r="3" t="44" w="167" /><ent r="3" t="45" w="371" /><ent r="3" t="47" w="187" /><ent r="3" t="48" w="589" /></phr></stem><stem n="probe'"><phr n="probe's"><ent r="3" t="4" w="177" /><ent r="3" t="4" w="176" /><ent r="4" t="4" w="514" /><ent r="4" t="4" w="513" /><ent r="4" t="4" w="564" /><ent r="4" t="4" w="563" /><ent r="6" t="5" w="242" /><ent r="6" t="5" w="241" /><ent r="6" t="5" w="331" /><ent r="6" t="5" w="330" /><ent r="6" t="5" w="364" /><ent r="6" t="5" w="363" /><ent r="5" t="5" w="404" /><ent r="5" t="5" w="403" /><ent r="3" t="5" w="1363" /><ent r="3" t="5" w="1362" /><ent r="3" t="10" w="154" /><ent r="3" t="10" w="153" /><ent r="3" t="10" w="325" /><ent r="3" t="10" w="324" /><ent r="3" t="10" w="383" /><ent r="3" t="10" w="382" /><ent r="3" t="11" w="22" /><ent r="3" t="11" w="21" /><ent r="3" t="19" w="55" /><ent r="3" t="19" w="54" /><ent r="3" t="25" w="856" /><ent r="3" t="25" w="855" /><ent r="5" t="37" w="169" /><ent r="5" t="37" w="168" /><ent r="3" t="39" w="278" /><ent r="3" t="39" w="277" /><ent r="4" t="39" w="743" /><ent r="4" t="39" w="742" /><ent r="3" t="50" w="74" /><ent r="3" t="50" w="73" /><ent r="4" t="50" w="93" /><ent r="4" t="50" w="92" /><ent r="4" t="50" w="102" /><ent r="4" t="50" w="101" /><ent r="3" t="77" w="177" /><ent r="3" t="77" w="176" /></phr><phr n="Probe's"><ent r="3" t="29" w="46" /><ent r="3" t="29" w="45" /></phr></stem><stem n="present"><phr n="presented"><ent r="3" t="4" w="183" /><ent r="4" t="15" w="340" /><ent r="3" t="17" w="119" /><ent r="4" t="33" w="246" /><ent r="4" t="39" w="182" /></phr><phr n="presents"><ent r="3" t="7" w="221" /></phr><phr n="present"><ent r="3" t="7" w="358" /><ent r="3" t="17" w="326" /><ent r="3" t="27" w="124" /><ent r="4" t="30" w="318" /><ent r="3" t="31" w="320" /><ent r="3" t="36" w="2928" /><ent r="3" t="36" w="3748" /><ent r="3" t="36" w="3816" /><ent r="3" t="53" w="581" /><ent r="4" t="54" w="208" /><ent r="4" t="54" w="229" /><ent r="4" t="54" w="338" /><ent r="6" t="67" w="98" /><ent r="6" t="67" w="640" /></phr></stem><stem n="output"><phr n="output"><ent r="3" t="4" w="199" /><ent r="4" t="4" w="565" /><ent r="4" t="8" w="300" /><ent r="5" t="13" w="385" /><ent r="5" t="13" w="390" /><ent r="5" t="13" w="418" /><ent r="5" t="13" w="425" /><ent r="3" t="13" w="1534" /><ent r="3" t="13" w="1758" /><ent r="3" t="13" w="1966" /><ent r="3" t="13" w="2271" /><ent r="3" t="13" w="2374" /><ent r="4" t="13" w="2391" /><ent r="3" t="13" w="2424" /><ent r="3" t="13" w="2497" /><ent r="3" t="13" w="2525" /><ent r="3" t="16" w="1591" /><ent r="3" t="16" w="1779" /><ent r="3" t="16" w="1799" /><ent r="3" t="23" w="1333" /><ent r="3" t="23" w="1344" /><ent r="3" t="23" w="1349" /><ent r="3" t="23" w="1359" /><ent r="3" t="23" w="1402" /><ent r="64" t="25" w="479" /><ent r="4" t="33" w="357" /><ent r="3" t="35" w="41" /><ent r="3" t="36" w="1808" /><ent r="3" t="39" w="321" /><ent r="3" t="39" w="812" /><ent r="3" t="42" w="600" /><ent r="3" t="42" w="667" /><ent r="3" t="42" w="682" /><ent r="3" t="43" w="33" /><ent r="3" t="43" w="75" /><ent r="3" t="44" w="136" /><ent r="5" t="46" w="480" /><ent r="4" t="46" w="527" /><ent r="3" t="46" w="681" /><ent r="4" t="46" w="819" /><ent r="4" t="46" w="894" /><ent r="3" t="47" w="265" /><ent r="3" t="52" w="84" /><ent r="4" t="54" w="744" /><ent r="4" t="54" w="788" /><ent r="4" t="54" w="808" /><ent r="3" t="55" w="58" /><ent r="3" t="55" w="114" /><ent r="6" t="69" w="594" /><ent r="6" t="69" w="938" /><ent r="6" t="69" w="2113" /><ent r="6" t="69" w="2325" /><ent r="6" t="69" w="2374" /></phr><phr n="Output"><ent r="5" t="9" w="121" /><ent r="3" t="44" w="116" /><ent r="3" t="44" w="208" /><ent r="6" t="69" w="297" /><ent r="6" t="69" w="376" /><ent r="6" t="69" w="701" /></phr><phr n="outputs"><ent r="3" t="23" w="1577" /><ent r="7" t="69" w="324" /><ent r="6" t="69" w="1086" /><ent r="6" t="69" w="1191" /><ent r="6" t="69" w="2045" /><ent r="6" t="69" w="2066" /><ent r="6" t="69" w="2072" /><ent r="6" t="69" w="2078" /><ent r="6" t="69" w="2134" /></phr><phr n="Outputs"><ent r="6" t="69" w="483" /><ent r="6" t="69" w="572" /><ent r="6" t="69" w="911" /><ent r="6" t="69" w="945" /><ent r="6" t="69" w="1077" /><ent r="6" t="69" w="2006" /><ent r="6" t="69" w="2089" /><ent r="6" t="69" w="2353" /></phr></stem><stem n="control"><phr n="controls"><ent r="3" t="4" w="202" /><ent r="3" t="13" w="1563" /><ent r="4" t="15" w="940" /><ent r="3" t="19" w="283" /><ent r="4" t="24" w="185" /><ent r="4" t="39" w="239" /><ent r="4" t="39" w="261" /></phr><phr n="control"><ent r="4" t="4" w="635" /><ent r="4" t="4" w="680" /><ent r="3" t="8" w="576" /><ent r="3" t="13" w="1483" /><ent r="3" t="15" w="753" /><ent r="3" t="16" w="1589" /><ent r="3" t="19" w="202" /><ent r="3" t="19" w="227" /><ent r="3" t="19" w="334" /><ent r="3" t="19" w="384" /><ent r="3" t="21" w="464" /><ent r="92" t="36" w="487" /><ent r="3" t="36" w="494" /><ent r="3" t="36" w="1178" /><ent r="3" t="36" w="4188" /><ent r="3" t="38" w="211" /><ent r="3" t="64" w="140" /><ent r="4" t="64" w="187" /><ent r="3" t="66" w="30" /><ent r="3" t="67" w="21" /><ent r="65" t="69" w="100" /><ent r="93" t="69" w="1611" /><ent r="3" t="72" w="25" /><ent r="3" t="72" w="42" /><ent r="4" t="72" w="48" /><ent r="3" t="73" w="36" /></phr><phr n="Controlling"><ent r="92" t="10" w="117" /><ent r="92" t="10" w="293" /><ent r="92" t="10" w="349" /><ent r="92" t="19" w="17" /><ent r="100" t="34" w="645" /><ent r="100" t="34" w="647" /><ent r="100" t="34" w="656" /><ent r="82" t="34" w="658" /></phr><phr n="controlled"><ent r="3" t="10" w="241" /><ent r="3" t="16" w="1159" /><ent r="3" t="19" w="142" /><ent r="3" t="19" w="539" /><ent r="3" t="30" w="40" /></phr><phr n="Control"><ent r="3" t="19" w="339" /><ent r="100" t="34" w="187" /><ent r="100" t="34" w="190" /><ent r="65" t="34" w="200" /><ent r="92" t="34" w="1138" /><ent r="100" t="34" w="1216" /><ent r="100" t="34" w="1219" /><ent r="100" t="34" w="1222" /><ent r="82" t="34" w="1232" /><ent r="4" t="64" w="172" /></phr><phr n="Controls"><ent r="3" t="19" w="356" /><ent r="3" t="19" w="435" /><ent r="4" t="64" w="237" /></phr></stem><stem n="-specif"><phr n="-Specific"><ent r="92" t="4" w="230" /><ent r="92" t="4" w="230" /></phr><phr n="-specific"><ent r="4" t="28" w="238" /><ent r="4" t="28" w="238" /><ent r="4" t="36" w="983" /><ent r="4" t="36" w="983" /><ent r="64" t="36" w="1107" /><ent r="64" t="36" w="1107" /></phr></stem><stem n="type-specif"><phr n="Type-Specific"><ent r="92" t="4" w="230" /></phr></stem><stem n="-device-vari"><phr n="-device-variables"><ent r="100" t="4" w="262" /><ent r="100" t="4" w="263" /><ent r="100" t="4" w="429" /><ent r="100" t="4" w="430" /><ent r="100" t="15" w="12" /><ent r="100" t="15" w="13" /><ent r="100" t="15" w="393" /><ent r="100" t="15" w="394" /><ent r="100" t="16" w="41" /><ent r="100" t="16" w="42" /></phr></stem><stem n="snmp-devic"><phr n="Snmp-device"><ent r="100" t="4" w="262" /><ent r="100" t="4" w="284" /><ent r="100" t="4" w="288" /><ent r="100" t="4" w="317" /><ent r="100" t="4" w="346" /><ent r="100" t="4" w="429" /><ent r="100" t="4" w="460" /><ent r="100" t="4" w="464" /><ent r="100" t="10" w="130" /><ent r="100" t="15" w="393" /><ent r="100" t="15" w="415" /><ent r="100" t="15" w="419" /><ent r="100" t="15" w="448" /><ent r="100" t="15" w="477" /><ent r="100" t="16" w="41" /><ent r="100" t="19" w="31" /><ent r="100" t="24" w="14" /><ent r="100" t="37" w="249" /></phr><phr n="snmp-device"><ent r="3" t="7" w="492" /><ent r="3" t="10" w="286" /><ent r="3" t="13" w="2091" /><ent r="3" t="14" w="202" /><ent r="3" t="14" w="581" /><ent r="3" t="14" w="602" /><ent r="3" t="14" w="707" /><ent r="3" t="15" w="690" /><ent r="3" t="15" w="836" /><ent r="3" t="15" w="988" /><ent r="3" t="16" w="971" /><ent r="3" t="17" w="207" /><ent r="3" t="18" w="709" /><ent r="3" t="18" w="1135" /><ent r="3" t="18" w="1367" /><ent r="3" t="18" w="1722" /><ent r="3" t="18" w="1784" /><ent r="3" t="18" w="1853" /><ent r="3" t="19" w="187" /><ent r="3" t="19" w="365" /><ent r="3" t="19" w="400" /><ent r="3" t="19" w="408" /><ent r="3" t="19" w="570" /><ent r="3" t="21" w="83" /><ent r="3" t="21" w="1370" /><ent r="3" t="21" w="1383" /><ent r="3" t="21" w="1538" /><ent r="3" t="21" w="1577" /><ent r="3" t="22" w="205" /><ent r="3" t="22" w="222" /><ent r="3" t="23" w="2837" /><ent r="3" t="24" w="43" /><ent r="3" t="24" w="85" /><ent r="3" t="26" w="137" /><ent r="3" t="26" w="393" /><ent r="3" t="26" w="425" /><ent r="3" t="28" w="568" /><ent r="3" t="28" w="726" /><ent r="3" t="28" w="1002" /><ent r="3" t="28" w="1062" /><ent r="3" t="28" w="1109" /><ent r="3" t="31" w="1509" /><ent r="3" t="31" w="1725" /></phr></stem><stem n="snmp-device-vari"><phr n="Snmp-device-variables"><ent r="100" t="4" w="262" /><ent r="100" t="4" w="429" /><ent r="100" t="15" w="393" /><ent r="100" t="16" w="41" /></phr><phr n="snmp-device-variables"><ent r="3" t="18" w="709" /><ent r="3" t="18" w="1135" /><ent r="3" t="18" w="1367" /><ent r="3" t="18" w="1722" /></phr></stem><stem n="device-vari"><phr n="device-variables"><ent r="100" t="4" w="263" /><ent r="100" t="4" w="430" /><ent r="100" t="15" w="13" /><ent r="100" t="15" w="394" /><ent r="100" t="16" w="42" /><ent r="1000" t="18" w="3" /><ent r="102" t="18" w="10" /><ent r="3" t="18" w="567" /><ent r="3" t="18" w="710" /><ent r="4" t="18" w="729" /><ent r="3" t="18" w="1040" /><ent r="3" t="18" w="1136" /><ent r="3" t="18" w="1324" /><ent r="3" t="18" w="1368" /><ent r="3" t="18" w="1634" /><ent r="3" t="18" w="1723" /><ent r="4" t="18" w="1934" /><ent r="4" t="25" w="1082" /></phr></stem><stem n="-device-variables&gt;"><phr n="-device-variables&gt;"><ent r="67" t="4" w="266" /><ent r="67" t="4" w="267" /><ent r="67" t="4" w="433" /><ent r="67" t="4" w="434" /><ent r="3" t="7" w="476" /><ent r="3" t="7" w="477" /><ent r="5" t="13" w="732" /><ent r="5" t="13" w="733" /><ent r="82" t="13" w="794" /><ent r="82" t="13" w="795" /><ent r="4" t="13" w="2062" /><ent r="4" t="13" w="2063" /><ent r="3" t="13" w="2073" /><ent r="3" t="13" w="2074" /><ent r="3" t="14" w="490" /><ent r="3" t="14" w="491" /><ent r="67" t="15" w="397" /><ent r="67" t="15" w="398" /><ent r="93" t="15" w="508" /><ent r="93" t="15" w="509" /><ent r="4" t="15" w="517" /><ent r="4" t="15" w="518" /><ent r="4" t="15" w="564" /><ent r="4" t="15" w="565" /><ent r="83" t="15" w="611" /><ent r="83" t="15" w="612" /><ent r="3" t="15" w="617" /><ent r="3" t="15" w="618" /><ent r="1000" t="16" w="2" /><ent r="1000" t="16" w="3" /><ent r="102" t="16" w="8" /><ent r="102" t="16" w="9" /><ent r="4" t="16" w="45" /><ent r="4" t="16" w="46" /><ent r="4" t="16" w="112" /><ent r="4" t="16" w="113" /><ent r="4" t="16" w="895" /><ent r="4" t="16" w="896" /><ent r="3" t="16" w="901" /><ent r="3" t="16" w="902" /><ent r="5" t="18" w="825" /><ent r="5" t="18" w="826" /><ent r="4" t="18" w="1881" /><ent r="4" t="18" w="1882" /><ent r="3" t="19" w="395" /><ent r="3" t="19" w="396" /><ent r="4" t="21" w="173" /><ent r="4" t="21" w="174" /><ent r="3" t="21" w="1313" /><ent r="3" t="21" w="1314" /><ent r="3" t="23" w="2786" /><ent r="3" t="23" w="2787" /><ent r="3" t="23" w="2794" /><ent r="3" t="23" w="2795" /><ent r="3" t="26" w="378" /><ent r="3" t="26" w="379" /><ent r="64" t="27" w="207" /><ent r="64" t="27" w="208" /><ent r="1000" t="28" w="2" /><ent r="1000" t="28" w="3" /><ent r="102" t="28" w="10" /><ent r="102" t="28" w="11" /><ent r="3" t="28" w="550" /><ent r="3" t="28" w="551" /><ent r="3" t="28" w="640" /><ent r="3" t="28" w="641" /><ent r="3" t="28" w="972" /><ent r="3" t="28" w="973" /><ent r="3" t="28" w="1079" /><ent r="3" t="28" w="1080" /><ent r="3" t="31" w="1145" /><ent r="3" t="31" w="1146" /></phr></stem><stem n="&lt;snmp"><phr n="&lt;snmp"><ent r="67" t="4" w="266" /><ent r="67" t="4" w="292" /><ent r="67" t="4" w="321" /><ent r="67" t="4" w="350" /><ent r="67" t="4" w="370" /><ent r="67" t="4" w="433" /><ent r="67" t="4" w="468" /><ent r="3" t="7" w="476" /><ent r="5" t="8" w="191" /><ent r="5" t="8" w="739" /><ent r="6" t="10" w="58" /><ent r="4" t="10" w="106" /><ent r="93" t="10" w="126" /><ent r="4" t="10" w="138" /><ent r="4" t="10" w="219" /><ent r="3" t="10" w="257" /><ent r="4" t="10" w="418" /><ent r="4" t="13" w="509" /><ent r="82" t="13" w="622" /><ent r="5" t="13" w="732" /><ent r="82" t="13" w="748" /><ent r="82" t="13" w="794" /><ent r="5" t="13" w="1783" /><ent r="4" t="13" w="2033" /><ent r="4" t="13" w="2062" /><ent r="3" t="13" w="2073" /><ent r="3" t="13" w="2100" /><ent r="3" t="14" w="194" /><ent r="3" t="14" w="490" /><ent r="3" t="14" w="597" /><ent r="3" t="14" w="607" /><ent r="3" t="14" w="626" /><ent r="100" t="15" w="12" /><ent r="100" t="15" w="17" /><ent r="67" t="15" w="397" /><ent r="67" t="15" w="423" /><ent r="67" t="15" w="452" /><ent r="67" t="15" w="481" /><ent r="93" t="15" w="508" /><ent r="4" t="15" w="517" /><ent r="4" t="15" w="564" /><ent r="83" t="15" w="611" /><ent r="3" t="15" w="617" /><ent r="93" t="15" w="739" /><ent r="4" t="15" w="748" /><ent r="4" t="15" w="768" /><ent r="93" t="15" w="803" /><ent r="4" t="15" w="811" /><ent r="3" t="15" w="971" /><ent r="1000" t="16" w="2" /><ent r="102" t="16" w="8" /><ent r="4" t="16" w="45" /><ent r="4" t="16" w="112" /><ent r="4" t="16" w="895" /><ent r="3" t="16" w="901" /><ent r="1000" t="17" w="2" /><ent r="102" t="17" w="8" /><ent r="4" t="17" w="16" /><ent r="83" t="17" w="136" /><ent r="3" t="17" w="142" /><ent r="1000" t="18" w="2" /><ent r="102" t="18" w="9" /><ent r="3" t="18" w="566" /><ent r="4" t="18" w="728" /><ent r="5" t="18" w="825" /><ent r="3" t="18" w="1039" /><ent r="3" t="18" w="1323" /><ent r="3" t="18" w="1633" /><ent r="3" t="18" w="1768" /><ent r="3" t="18" w="1776" /><ent r="3" t="18" w="1842" /><ent r="4" t="18" w="1881" /><ent r="4" t="18" w="1933" /><ent r="1000" t="19" w="2" /><ent r="102" t="19" w="8" /><ent r="93" t="19" w="26" /><ent r="4" t="19" w="39" /><ent r="4" t="19" w="120" /><ent r="3" t="19" w="158" /><ent r="3" t="19" w="359" /><ent r="3" t="19" w="395" /><ent r="3" t="19" w="403" /><ent r="3" t="19" w="411" /><ent r="3" t="19" w="415" /><ent r="1000" t="20" w="2" /><ent r="102" t="20" w="11" /><ent r="3" t="21" w="20" /><ent r="3" t="21" w="48" /><ent r="4" t="21" w="173" /><ent r="4" t="21" w="262" /><ent r="4" t="21" w="399" /><ent r="3" t="21" w="1313" /><ent r="3" t="21" w="1374" /><ent r="3" t="21" w="1387" /><ent r="3" t="21" w="1542" /><ent r="4" t="22" w="16" /><ent r="3" t="22" w="168" /><ent r="3" t="22" w="209" /><ent r="4" t="22" w="244" /><ent r="3" t="23" w="2786" /><ent r="3" t="23" w="2794" /><ent r="4" t="24" w="18" /><ent r="3" t="24" w="56" /><ent r="4" t="25" w="1081" /><ent r="3" t="26" w="128" /><ent r="3" t="26" w="378" /><ent r="3" t="26" w="397" /><ent r="3" t="26" w="414" /><ent r="64" t="27" w="207" /><ent r="1000" t="28" w="2" /><ent r="102" t="28" w="10" /><ent r="3" t="28" w="550" /><ent r="3" t="28" w="640" /><ent r="3" t="28" w="972" /><ent r="3" t="28" w="1038" /><ent r="3" t="28" w="1079" /><ent r="1000" t="29" w="2" /><ent r="102" t="29" w="8" /><ent r="4" t="29" w="16" /><ent r="64" t="29" w="48" /><ent r="3" t="31" w="1145" /><ent r="3" t="31" w="1512" /><ent r="4" t="37" w="253" /></phr></stem><stem n="&lt;snmp-devic"><phr n="&lt;snmp-device"><ent r="67" t="4" w="266" /><ent r="67" t="4" w="292" /><ent r="67" t="4" w="321" /><ent r="67" t="4" w="350" /><ent r="67" t="4" w="370" /><ent r="67" t="4" w="433" /><ent r="67" t="4" w="468" /><ent r="3" t="7" w="476" /><ent r="5" t="8" w="191" /><ent r="5" t="8" w="739" /><ent r="6" t="10" w="58" /><ent r="4" t="10" w="106" /><ent r="93" t="10" w="126" /><ent r="4" t="10" w="138" /><ent r="4" t="10" w="219" /><ent r="3" t="10" w="257" /><ent r="4" t="10" w="418" /><ent r="4" t="13" w="509" /><ent r="82" t="13" w="622" /><ent r="5" t="13" w="732" /><ent r="82" t="13" w="748" /><ent r="82" t="13" w="794" /><ent r="5" t="13" w="1783" /><ent r="4" t="13" w="2033" /><ent r="4" t="13" w="2062" /><ent r="3" t="13" w="2073" /><ent r="3" t="13" w="2100" /><ent r="3" t="14" w="194" /><ent r="3" t="14" w="490" /><ent r="3" t="14" w="597" /><ent r="3" t="14" w="607" /><ent r="3" t="14" w="626" /><ent r="100" t="15" w="12" /><ent r="100" t="15" w="17" /><ent r="67" t="15" w="397" /><ent r="67" t="15" w="423" /><ent r="67" t="15" w="452" /><ent r="67" t="15" w="481" /><ent r="93" t="15" w="508" /><ent r="4" t="15" w="517" /><ent r="4" t="15" w="564" /><ent r="83" t="15" w="611" /><ent r="3" t="15" w="617" /><ent r="93" t="15" w="739" /><ent r="4" t="15" w="748" /><ent r="4" t="15" w="768" /><ent r="93" t="15" w="803" /><ent r="4" t="15" w="811" /><ent r="3" t="15" w="971" /><ent r="1000" t="16" w="2" /><ent r="102" t="16" w="8" /><ent r="4" t="16" w="45" /><ent r="4" t="16" w="112" /><ent r="4" t="16" w="895" /><ent r="3" t="16" w="901" /><ent r="1000" t="17" w="2" /><ent r="102" t="17" w="8" /><ent r="4" t="17" w="16" /><ent r="83" t="17" w="136" /><ent r="3" t="17" w="142" /><ent r="1000" t="18" w="2" /><ent r="102" t="18" w="9" /><ent r="3" t="18" w="566" /><ent r="4" t="18" w="728" /><ent r="5" t="18" w="825" /><ent r="3" t="18" w="1039" /><ent r="3" t="18" w="1323" /><ent r="3" t="18" w="1633" /><ent r="3" t="18" w="1768" /><ent r="3" t="18" w="1776" /><ent r="3" t="18" w="1842" /><ent r="4" t="18" w="1881" /><ent r="4" t="18" w="1933" /><ent r="1000" t="19" w="2" /><ent r="102" t="19" w="8" /><ent r="93" t="19" w="26" /><ent r="4" t="19" w="39" /><ent r="4" t="19" w="120" /><ent r="3" t="19" w="158" /><ent r="3" t="19" w="359" /><ent r="3" t="19" w="395" /><ent r="3" t="19" w="403" /><ent r="3" t="19" w="411" /><ent r="3" t="19" w="415" /><ent r="1000" t="20" w="2" /><ent r="102" t="20" w="11" /><ent r="3" t="21" w="20" /><ent r="3" t="21" w="48" /><ent r="4" t="21" w="173" /><ent r="4" t="21" w="262" /><ent r="4" t="21" w="399" /><ent r="3" t="21" w="1313" /><ent r="3" t="21" w="1374" /><ent r="3" t="21" w="1387" /><ent r="3" t="21" w="1542" /><ent r="4" t="22" w="16" /><ent r="3" t="22" w="168" /><ent r="3" t="22" w="209" /><ent r="4" t="22" w="244" /><ent r="3" t="23" w="2786" /><ent r="3" t="23" w="2794" /><ent r="4" t="24" w="18" /><ent r="3" t="24" w="56" /><ent r="4" t="25" w="1081" /><ent r="3" t="26" w="128" /><ent r="3" t="26" w="378" /><ent r="3" t="26" w="397" /><ent r="3" t="26" w="414" /><ent r="64" t="27" w="207" /><ent r="1000" t="28" w="2" /><ent r="102" t="28" w="10" /><ent r="3" t="28" w="550" /><ent r="3" t="28" w="640" /><ent r="3" t="28" w="972" /><ent r="3" t="28" w="1038" /><ent r="3" t="28" w="1079" /><ent r="1000" t="29" w="2" /><ent r="102" t="29" w="8" /><ent r="4" t="29" w="16" /><ent r="64" t="29" w="48" /><ent r="3" t="31" w="1145" /><ent r="3" t="31" w="1512" /><ent r="4" t="37" w="253" /></phr></stem></index>